problem,instance,status,cost,vehicles
CVRP,0,ok,15.1442239157,12
CVRP,1,ok,20.3524965294,11
CVRP,2,ok,18.5085663789,11
CVRP,3,ok,16.2979279555,10
CVRP,4,ok,14.1390482613,11
CVRP,5,ok,14.8545383639,11
CVRP,6,ok,15.9622377736,11
CVRP,7,ok,14.5930435131,12
CVRP,8,ok,17.3639587414,10
CVRP,9,ok,19.1300197205,11
CVRP,10,ok,17.0220874572,11
CVRP,11,ok,16.6438827921,10
CVRP,12,ok,19.5380226442,10
CVRP,13,ok,15.4989617760,11
CVRP,14,ok,14.3148644828,11
CVRP,15,ok,15.5887197160,10
CVRP,16,ok,14.2421434913,11
CVRP,17,ok,16.6849295443,10
CVRP,18,ok,17.3438378098,12
CVRP,19,ok,17.2987439183,12
CVRP,20,ok,15.3544351492,11
CVRP,21,ok,15.8823506154,11
CVRP,22,ok,17.8807511463,10
CVRP,23,ok,14.1687089567,10
CVRP,24,ok,18.0997347278,11
CVRP,25,ok,17.1794805685,10
CVRP,26,ok,15.8148224875,12
CVRP,27,ok,16.0531620141,11
CVRP,28,ok,16.3209471049,11
CVRP,29,ok,14.9162536064,12
CVRP,30,ok,14.8755173556,11
CVRP,31,ok,18.4192452068,11
CVRP,32,ok,15.9959049404,10
CVRP,33,ok,18.8973012635,11
CVRP,34,ok,18.9503637034,11
CVRP,35,ok,16.1901559807,11
CVRP,36,ok,14.2039568288,11
CVRP,37,ok,14.4422113634,10
CVRP,38,ok,19.3701914648,13
CVRP,39,ok,17.2238476764,12
CVRP,40,ok,17.7672235238,10
CVRP,41,ok,15.4744202774,11
CVRP,42,ok,17.9687199649,12
CVRP,43,ok,18.6260751363,12
CVRP,44,ok,17.4386071023,13
CVRP,45,ok,16.9613183277,11
CVRP,46,ok,16.9190839662,11
CVRP,47,ok,16.9826808551,11
CVRP,48,ok,17.4530315660,11
CVRP,49,ok,15.4690670552,12
CVRP,50,ok,15.6033488234,11
CVRP,51,ok,14.7855896119,11
CVRP,52,ok,16.2668981544,12
CVRP,53,ok,15.2036718195,11
CVRP,54,ok,17.6855841271,10
CVRP,55,ok,16.1186126555,11
CVRP,56,ok,19.3747060458,12
CVRP,57,ok,17.2926747443,10
CVRP,58,ok,14.0908718584,11
CVRP,59,ok,18.0354387622,11
CVRP,60,ok,14.6528598983,12
CVRP,61,ok,18.6987296194,11
CVRP,62,ok,16.6133261849,10
CVRP,63,ok,14.8660916974,11
CVRP,64,ok,17.0591600096,10
CVRP,65,ok,17.4275557756,12
CVRP,66,ok,14.7391544815,12
CVRP,67,ok,17.7529042928,10
CVRP,68,ok,15.8188661790,11
CVRP,69,ok,16.8557827262,11
CVRP,70,ok,16.4360315926,11
CVRP,71,ok,17.4083518041,11
CVRP,72,ok,16.9553994106,12
CVRP,73,ok,18.1248511457,10
CVRP,74,ok,16.9605223136,11
CVRP,75,ok,16.8971181345,11
CVRP,76,ok,13.1760347719,10
CVRP,77,ok,13.3887911882,12
CVRP,78,ok,15.6044824255,11
CVRP,79,ok,18.1741324565,11
CVRP,80,ok,19.2138930221,11
CVRP,81,ok,14.2577273048,11
CVRP,82,ok,16.7573727552,11
CVRP,83,ok,17.0137271723,11
CVRP,84,ok,17.7276989739,12
CVRP,85,ok,18.6828101069,11
CVRP,86,ok,16.3065213892,11
CVRP,87,ok,15.9295526815,11
CVRP,88,ok,19.2711963603,12
CVRP,89,ok,18.1334361651,11
CVRP,90,ok,15.1070683409,11
CVRP,91,ok,15.7193781383,12
CVRP,92,ok,14.5402355172,11
CVRP,93,ok,18.2778803245,12
CVRP,94,ok,18.3400816743,11
CVRP,95,ok,15.1431116435,11
CVRP,96,ok,17.8389225464,9
CVRP,97,ok,15.9572985328,11
CVRP,98,ok,14.2313239428,11
CVRP,99,ok,19.4980639524,12
CVRP,100,ok,14.5156044458,11
CVRP,101,ok,16.1618854722,11
CVRP,102,ok,20.2629642970,11
CVRP,103,ok,14.1438777585,13
CVRP,104,ok,13.7042207229,11
CVRP,105,ok,13.7129575184,11
CVRP,106,ok,15.0968103659,11
CVRP,107,ok,16.9645092016,10
CVRP,108,ok,13.8168692365,11
CVRP,109,ok,17.6512734891,11
CVRP,110,ok,19.0604949054,11
CVRP,111,ok,15.9791846147,11
CVRP,112,ok,15.4404921534,11
CVRP,113,ok,21.3101775522,12
CVRP,114,ok,19.3403941340,11
CVRP,115,ok,15.4591756108,10
CVRP,116,ok,18.3614969211,12
CVRP,117,ok,18.9770523526,10
CVRP,118,ok,14.3215248843,11
CVRP,119,ok,16.8309352606,11
CVRP,120,ok,13.7138144417,12
CVRP,121,ok,16.5863392018,12
CVRP,122,ok,18.6077126238,12
CVRP,123,ok,15.2642560410,11
CVRP,124,ok,18.1897086849,11
CVRP,125,ok,18.7504093884,11
CVRP,126,ok,16.7752401726,12
CVRP,127,ok,14.4598208396,11
CVRP,128,ok,17.2737814221,11
CVRP,129,ok,18.1370207270,10
CVRP,130,ok,15.2794721097,10
CVRP,131,ok,16.8744743992,11
CVRP,132,ok,15.0442404578,11
CVRP,133,ok,20.9082710052,11
CVRP,134,ok,15.2860816494,11
CVRP,135,ok,17.6636372691,11
CVRP,136,ok,15.5831201075,11
CVRP,137,ok,14.9391844512,11
CVRP,138,ok,15.5223934440,11
CVRP,139,ok,13.4152818685,11
CVRP,140,ok,16.7767981232,11
CVRP,141,ok,20.0534381833,11
CVRP,142,ok,19.3169575867,11
CVRP,143,ok,15.8672637509,12
CVRP,144,ok,15.5463414213,10
CVRP,145,ok,17.4824734149,11
CVRP,146,ok,19.8061866778,12
CVRP,147,ok,14.7951845678,11
CVRP,148,ok,17.9070820923,10
CVRP,149,ok,21.0405812666,11
CVRP,150,ok,18.8860164928,11
CVRP,151,ok,18.9622595398,11
CVRP,152,ok,18.6335406513,11
CVRP,153,ok,18.7179979584,12
CVRP,154,ok,18.5313996973,11
CVRP,155,ok,16.6712188141,11
CVRP,156,ok,16.5488567830,11
CVRP,157,ok,18.6363059025,11
CVRP,158,ok,17.3859299240,11
CVRP,159,ok,19.6772072772,10
CVRP,160,ok,16.0264567481,10
CVRP,161,ok,14.8731281422,11
CVRP,162,ok,16.7463486194,11
CVRP,163,ok,16.0904569592,12
CVRP,164,ok,16.9956879893,12
CVRP,165,ok,13.9538939607,11
CVRP,166,ok,15.0952827603,11
CVRP,167,ok,14.2129592570,11
CVRP,168,ok,15.6302219604,11
CVRP,169,ok,17.0341206588,12
CVRP,170,ok,16.4474638806,11
CVRP,171,ok,14.5866573537,12
CVRP,172,ok,17.9000503724,11
CVRP,173,ok,17.5077167531,12
CVRP,174,ok,17.4141574761,12
CVRP,175,ok,18.5064418431,12
CVRP,176,ok,18.7002245352,11
CVRP,177,ok,16.3370484540,11
CVRP,178,ok,15.6352033433,12
CVRP,179,ok,17.6040607208,11
CVRP,180,ok,13.6494823858,11
CVRP,181,ok,16.7982717415,12
CVRP,182,ok,16.9628112467,11
CVRP,183,ok,14.9636936974,11
CVRP,184,ok,19.2939913876,11
CVRP,185,ok,15.4041200079,11
CVRP,186,ok,15.7239460183,11
CVRP,187,ok,14.2395656103,11
CVRP,188,ok,17.8906202446,11
CVRP,189,ok,15.1498747302,11
CVRP,190,ok,17.1196197778,12
CVRP,191,ok,15.4162682465,11
CVRP,192,ok,17.2819552784,11
CVRP,193,ok,15.0617506401,9
CVRP,194,ok,16.0184507532,12
CVRP,195,ok,16.0009327872,11
CVRP,196,ok,19.3025094246,11
CVRP,197,ok,15.1501705513,11
CVRP,198,ok,18.4484853052,11
CVRP,199,ok,16.8535683039,11
CVRP,200,ok,15.2319932375,10
CVRP,201,ok,14.0820746019,11
CVRP,202,ok,14.4779644656,12
CVRP,203,ok,17.8500396062,11
CVRP,204,ok,15.6851729906,11
CVRP,205,ok,14.1994263063,11
CVRP,206,ok,18.2111414068,11
CVRP,207,ok,14.4634049402,11
CVRP,208,ok,14.4862089615,11
CVRP,209,ok,15.9964866373,10
CVRP,210,ok,14.2054893826,11
CVRP,211,ok,14.7118848257,12
CVRP,212,ok,16.3333792657,11
CVRP,213,ok,16.2041923310,12
CVRP,214,ok,15.9055404042,12
CVRP,215,ok,16.7683015555,11
CVRP,216,ok,14.3487761616,12
CVRP,217,ok,14.0517369194,11
CVRP,218,ok,19.2538973220,11
CVRP,219,ok,15.6370815004,11
CVRP,220,ok,17.6422767705,11
CVRP,221,ok,18.7165333389,12
CVRP,222,ok,18.6505553576,11
CVRP,223,ok,17.0826351340,10
CVRP,224,ok,17.4305043385,11
CVRP,225,ok,13.6253350700,12
CVRP,226,ok,15.1993186126,11
CVRP,227,ok,17.8168165804,11
CVRP,228,ok,17.6691024881,11
CVRP,229,ok,16.5452223829,11
CVRP,230,ok,14.7403546357,11
CVRP,231,ok,16.9534193018,10
CVRP,232,ok,15.5277357819,12
CVRP,233,ok,16.3899135828,11
CVRP,234,ok,14.9578535080,12
CVRP,235,ok,16.9497428052,11
CVRP,236,ok,16.9735007744,12
CVRP,237,ok,16.9308223994,11
CVRP,238,ok,16.5536873500,11
CVRP,239,ok,17.6680097861,11
CVRP,240,ok,14.0446698470,12
CVRP,241,ok,16.3033983334,11
CVRP,242,ok,18.3783878005,10
CVRP,243,ok,17.9126245702,12
CVRP,244,ok,14.2815915513,11
CVRP,245,ok,15.7201935217,12
CVRP,246,ok,14.6660616735,12
CVRP,247,ok,15.4037429514,11
CVRP,248,ok,19.1217229608,13
CVRP,249,ok,16.0274262803,11
CVRP,250,ok,15.6111088360,11
CVRP,251,ok,17.4976229987,11
CVRP,252,ok,14.1055124509,12
CVRP,253,ok,15.5402410563,11
CVRP,254,ok,15.6840223181,12
CVRP,255,ok,17.1980462753,10
CVRP,256,ok,15.4816701809,12
CVRP,257,ok,13.5344698467,11
CVRP,258,ok,17.0721464852,11
CVRP,259,ok,17.1447023509,11
CVRP,260,ok,13.6482191149,11
CVRP,261,ok,12.8501419705,10
CVRP,262,ok,16.1147102001,11
CVRP,263,ok,14.2876604519,11
CVRP,264,ok,18.1481379597,11
CVRP,265,ok,14.9097939191,11
CVRP,266,ok,20.5107762297,11
CVRP,267,ok,18.1176489458,11
CVRP,268,ok,13.7789376838,11
CVRP,269,ok,14.6684688392,10
CVRP,270,ok,19.7831195184,12
CVRP,271,ok,14.9586144934,11
CVRP,272,ok,18.8296387888,11
CVRP,273,ok,14.2450812387,10
CVRP,274,ok,15.1837614716,11
CVRP,275,ok,16.8687150935,10
CVRP,276,ok,21.4051210095,11
CVRP,277,ok,13.1643854238,10
CVRP,278,ok,17.0338714574,11
CVRP,279,ok,15.1964228687,12
CVRP,280,ok,15.1470633854,11
CVRP,281,ok,17.6454822886,11
CVRP,282,ok,18.2132292306,12
CVRP,283,ok,15.5352140319,10
CVRP,284,ok,17.0020091762,10
CVRP,285,ok,17.4914265506,12
CVRP,286,ok,20.5903573395,11
CVRP,287,ok,17.2198288800,11
CVRP,288,ok,14.4079132294,11
CVRP,289,ok,16.5316838686,12
CVRP,290,ok,16.8721717678,11
CVRP,291,ok,20.5368028725,11
CVRP,292,ok,15.0529692898,10
CVRP,293,ok,13.4032511908,13
CVRP,294,ok,16.0488675228,10
CVRP,295,ok,17.1397036276,10
CVRP,296,ok,13.5614051709,10
CVRP,297,ok,14.1525219238,11
CVRP,298,ok,15.3729197405,11
CVRP,299,ok,14.4587133975,11
CVRP,300,ok,16.1029515925,11
CVRP,301,ok,15.8042547780,10
CVRP,302,ok,14.6813332206,11
CVRP,303,ok,14.6056318264,11
CVRP,304,ok,17.7778321717,12
CVRP,305,ok,14.0755649868,11
CVRP,306,ok,16.8314274059,11
CVRP,307,ok,14.1114449087,11
CVRP,308,ok,15.5593647315,11
CVRP,309,ok,16.7898653120,11
CVRP,310,ok,17.4726998557,10
CVRP,311,ok,14.5983475028,10
CVRP,312,ok,20.4792763077,11
CVRP,313,ok,14.2722419695,11
CVRP,314,ok,18.3080085002,10
CVRP,315,ok,18.2803446322,11
CVRP,316,ok,16.4136803615,11
CVRP,317,ok,18.4512058403,11
CVRP,318,ok,15.8775182694,11
CVRP,319,ok,17.6086539764,12
CVRP,320,ok,17.8456132198,10
CVRP,321,ok,20.1785335499,12
CVRP,322,ok,16.0331825705,11
CVRP,323,ok,18.9293963012,10
CVRP,324,ok,19.0681229644,12
CVRP,325,ok,15.0557804753,11
CVRP,326,ok,17.3581405720,11
CVRP,327,ok,16.5560212335,12
CVRP,328,ok,17.5135803024,11
CVRP,329,ok,18.5085159541,11
CVRP,330,ok,20.3977027116,11
CVRP,331,ok,18.7889641942,11
CVRP,332,ok,16.9783941014,10
CVRP,333,ok,14.1990569572,12
CVRP,334,ok,15.7904342761,11
CVRP,335,ok,16.0810962010,12
CVRP,336,ok,16.2745958846,11
CVRP,337,ok,18.3849634802,12
CVRP,338,ok,15.5536614440,11
CVRP,339,ok,14.5783884490,10
CVRP,340,ok,16.5285684128,11
CVRP,341,ok,17.8328866645,11
CVRP,342,ok,15.2281735621,11
CVRP,343,ok,15.0827902352,11
CVRP,344,ok,18.6923584218,11
CVRP,345,ok,14.4616337128,11
CVRP,346,ok,16.0462054507,12
CVRP,347,ok,19.7328875388,11
CVRP,348,ok,14.4587350988,11
CVRP,349,ok,15.4674063020,12
CVRP,350,ok,16.2400267343,11
CVRP,351,ok,18.0395191269,12
CVRP,352,ok,15.5439022059,13
CVRP,353,ok,16.4038208496,12
CVRP,354,ok,16.3865587640,11
CVRP,355,ok,19.5023014703,11
CVRP,356,ok,20.0574445283,11
CVRP,357,ok,17.1787351573,11
CVRP,358,ok,17.6121310838,12
CVRP,359,ok,14.2980579784,11
CVRP,360,ok,13.6517958826,11
CVRP,361,ok,13.8664025061,11
CVRP,362,ok,19.7076839581,11
CVRP,363,ok,14.3409406413,11
CVRP,364,ok,13.4997079102,11
CVRP,365,ok,18.1943970218,10
CVRP,366,ok,16.8703648369,10
CVRP,367,ok,15.0441605394,11
CVRP,368,ok,16.7069180337,11
CVRP,369,ok,13.1551735369,10
CVRP,370,ok,17.5892301702,10
CVRP,371,ok,19.9675377410,11
CVRP,372,ok,14.9014454312,10
CVRP,373,ok,15.6454377187,12
CVRP,374,ok,17.3344876218,10
CVRP,375,ok,15.7643270400,12
CVRP,376,ok,18.1470856955,11
CVRP,377,ok,17.1017909437,11
CVRP,378,ok,17.8831942399,11
CVRP,379,ok,15.2744932808,11
CVRP,380,ok,14.5681003101,10
CVRP,381,ok,16.9974916731,10
CVRP,382,ok,14.3690687642,11
CVRP,383,ok,16.3558763565,11
CVRP,384,ok,15.1271524636,11
CVRP,385,ok,21.9298640343,12
CVRP,386,ok,17.6083049255,12
CVRP,387,ok,14.2397751765,11
CVRP,388,ok,14.5513219012,11
CVRP,389,ok,16.2843845727,10
CVRP,390,ok,15.1280164644,12
CVRP,391,ok,17.5664695113,10
CVRP,392,ok,17.9182511628,12
CVRP,393,ok,16.8378270834,12
CVRP,394,ok,17.6984714815,12
CVRP,395,ok,14.0937010422,10
CVRP,396,ok,14.6746059437,11
CVRP,397,ok,15.3384673186,12
CVRP,398,ok,18.1289136683,11
CVRP,399,ok,20.1326943879,12
CVRP,400,ok,18.1417006650,10
CVRP,401,ok,15.6659559560,11
CVRP,402,ok,17.4103123716,11
CVRP,403,ok,15.2169205312,11
CVRP,404,ok,14.2920032198,12
CVRP,405,ok,17.1086240936,11
CVRP,406,ok,15.2882843238,11
CVRP,407,ok,16.4357542046,11
CVRP,408,ok,17.3640648218,11
CVRP,409,ok,15.4491701179,12
CVRP,410,ok,17.6556090907,11
CVRP,411,ok,14.9985162937,11
CVRP,412,ok,16.4859423130,12
CVRP,413,ok,14.5753162051,11
CVRP,414,ok,19.9113350956,11
CVRP,415,ok,15.1062100620,11
CVRP,416,ok,18.2732513814,12
CVRP,417,ok,14.8896478629,11
CVRP,418,ok,17.0400507624,10
CVRP,419,ok,14.6796200210,12
CVRP,420,ok,13.6220736621,11
CVRP,421,ok,19.9493361402,10
CVRP,422,ok,16.4351767957,11
CVRP,423,ok,15.5913539321,11
CVRP,424,ok,16.6431390082,11
CVRP,425,ok,14.9940828601,11
CVRP,426,ok,12.8102111977,11
CVRP,427,ok,16.1951137302,11
CVRP,428,ok,15.2872094611,10
CVRP,429,ok,13.8899753603,11
CVRP,430,ok,19.0982517535,11
CVRP,431,ok,15.8639747150,12
CVRP,432,ok,18.3417143339,12
CVRP,433,ok,17.7014757427,11
CVRP,434,ok,15.3454628087,11
CVRP,435,ok,21.5229936721,11
CVRP,436,ok,19.2758422773,12
CVRP,437,ok,14.8303463475,9
CVRP,438,ok,14.2481904209,11
CVRP,439,ok,17.1455967468,11
CVRP,440,ok,21.2512241387,12
CVRP,441,ok,19.0229933146,10
CVRP,442,ok,17.2967909416,11
CVRP,443,ok,13.3027666047,12
CVRP,444,ok,16.0237766643,10
CVRP,445,ok,18.1870168462,11
CVRP,446,ok,18.4852988300,11
CVRP,447,ok,15.4208515419,10
CVRP,448,ok,17.8890360072,10
CVRP,449,ok,17.6679593539,11
CVRP,450,ok,16.1360228946,11
CVRP,451,ok,13.2667404565,10
CVRP,452,ok,18.0128517777,11
CVRP,453,ok,17.7373288549,12
CVRP,454,ok,18.4520884564,11
CVRP,455,ok,16.1907156294,11
CVRP,456,ok,16.5672664443,11
CVRP,457,ok,15.6334964998,11
CVRP,458,ok,16.4510880965,12
CVRP,459,ok,17.2113989003,11
CVRP,460,ok,16.6594787862,11
CVRP,461,ok,18.4120280806,11
CVRP,462,ok,14.5267177511,12
CVRP,463,ok,15.3911628235,10
CVRP,464,ok,19.3168055275,12
CVRP,465,ok,15.6091364866,12
CVRP,466,ok,19.1228761897,11
CVRP,467,ok,15.7084692100,12
CVRP,468,ok,14.7998421539,12
CVRP,469,ok,14.9371127430,11
CVRP,470,ok,18.8066261304,11
CVRP,471,ok,13.6385701219,11
CVRP,472,ok,17.4503870267,11
CVRP,473,ok,14.5181289237,11
CVRP,474,ok,15.2215787179,10
CVRP,475,ok,13.7908091501,11
CVRP,476,ok,14.3519874986,12
CVRP,477,ok,15.8732913041,12
CVRP,478,ok,18.3286450160,11
CVRP,479,ok,16.3328828490,11
CVRP,480,ok,16.2733263035,11
CVRP,481,ok,14.6125951200,12
CVRP,482,ok,17.6036352961,12
CVRP,483,ok,18.4638686870,11
CVRP,484,ok,19.1892437656,11
CVRP,485,ok,17.0068671387,10
CVRP,486,ok,14.3013485173,10
CVRP,487,ok,18.8766407443,12
CVRP,488,ok,13.9549573020,11
CVRP,489,ok,21.4394515614,11
CVRP,490,ok,17.1061673733,10
CVRP,491,ok,20.0654774295,11
CVRP,492,ok,16.8316536906,12
CVRP,493,ok,13.9309463954,11
CVRP,494,ok,17.3764425539,10
CVRP,495,ok,15.2435700957,11
CVRP,496,ok,14.6649585185,11
CVRP,497,ok,16.6094563309,12
CVRP,498,ok,19.1365323047,11
CVRP,499,ok,17.9838378966,11
CVRP,500,ok,18.1251721661,11
CVRP,501,ok,18.3433045611,12
CVRP,502,ok,15.5829156648,11
CVRP,503,ok,14.2728296864,12
CVRP,504,ok,14.8443296391,13
CVRP,505,ok,15.0512123185,11
CVRP,506,ok,16.8455615957,10
CVRP,507,ok,14.6663844534,11
CVRP,508,ok,21.5021330901,11
CVRP,509,ok,15.9875607714,12
CVRP,510,ok,16.3526715086,11
CVRP,511,ok,16.7804327928,12
CVRP,512,ok,17.0277116272,10
CVRP,513,ok,14.5779455340,11
CVRP,514,ok,13.8541969285,10
CVRP,515,ok,19.7132205411,11
CVRP,516,ok,13.7350761219,12
CVRP,517,ok,17.2221403146,11
CVRP,518,ok,16.3398028613,11
CVRP,519,ok,17.7350053547,11
CVRP,520,ok,17.5816691773,11
CVRP,521,ok,17.1056312087,12
CVRP,522,ok,14.4452712679,11
CVRP,523,ok,18.5587037994,11
CVRP,524,ok,15.0176743453,12
CVRP,525,ok,18.5526791623,11
CVRP,526,ok,15.1383026745,11
CVRP,527,ok,15.4122913404,11
CVRP,528,ok,14.2431863776,10
CVRP,529,ok,17.7983988557,10
CVRP,530,ok,17.0024456073,11
CVRP,531,ok,14.4042440080,11
CVRP,532,ok,14.1046493060,11
CVRP,533,ok,19.0773373616,12
CVRP,534,ok,15.3589467689,10
CVRP,535,ok,14.8075640532,11
CVRP,536,ok,15.9115927049,11
CVRP,537,ok,14.3501660831,11
CVRP,538,ok,20.9544800407,11
CVRP,539,ok,13.5924067552,11
CVRP,540,ok,18.0805615416,11
CVRP,541,ok,18.6901290849,11
CVRP,542,ok,13.7711221577,10
CVRP,543,ok,14.4331083922,11
CVRP,544,ok,17.5075523360,11
CVRP,545,ok,15.1238316235,11
CVRP,546,ok,14.3245839247,12
CVRP,547,ok,16.6798462591,13
CVRP,548,ok,18.3825539711,11
CVRP,549,ok,20.8341982057,11
CVRP,550,ok,14.5822887465,11
CVRP,551,ok,17.3022031084,11
CVRP,552,ok,19.8819136443,11
CVRP,553,ok,23.5818273465,12
CVRP,554,ok,15.2033661726,12
CVRP,555,ok,17.5355929813,11
CVRP,556,ok,17.0625572013,11
CVRP,557,ok,16.7611201413,11
CVRP,558,ok,15.2510680823,11
CVRP,559,ok,16.0547992379,11
CVRP,560,ok,14.3072593465,13
CVRP,561,ok,14.7524091162,11
CVRP,562,ok,14.4822745976,10
CVRP,563,ok,16.4284981674,9
CVRP,564,ok,16.2062395360,11
CVRP,565,ok,14.8490448462,12
CVRP,566,ok,18.1233120017,11
CVRP,567,ok,17.1831942084,10
CVRP,568,ok,18.5572318115,12
CVRP,569,ok,16.4851025137,12
CVRP,570,ok,17.7373101153,12
CVRP,571,ok,16.1438380747,11
CVRP,572,ok,18.4717240623,11
CVRP,573,ok,14.2099661677,11
CVRP,574,ok,17.2064086218,11
CVRP,575,ok,15.3834810761,12
CVRP,576,ok,13.4872490503,10
CVRP,577,ok,15.6023627441,12
CVRP,578,ok,16.6279388480,12
CVRP,579,ok,14.1898127200,12
CVRP,580,ok,13.6492243973,10
CVRP,581,ok,14.9675739842,12
CVRP,582,ok,17.7537830331,12
CVRP,583,ok,14.9507257384,11
CVRP,584,ok,20.2311070165,10
CVRP,585,ok,16.2640539079,12
CVRP,586,ok,18.2393432106,12
CVRP,587,ok,17.6868056265,12
CVRP,588,ok,17.9185072915,11
CVRP,589,ok,18.0018765085,11
CVRP,590,ok,18.1180659638,12
CVRP,591,ok,16.5992238418,10
CVRP,592,ok,16.6091316989,10
CVRP,593,ok,18.7545046999,10
CVRP,594,ok,15.3782630714,10
CVRP,595,ok,16.2648544758,12
CVRP,596,ok,18.3269547877,10
CVRP,597,ok,15.1130227071,12
CVRP,598,ok,17.0708645635,12
CVRP,599,ok,14.4951259524,10
CVRP,600,ok,17.8784170210,11
CVRP,601,ok,16.2278165641,11
CVRP,602,ok,14.3378485860,10
CVRP,603,ok,18.1063966283,11
CVRP,604,ok,16.5632937781,10
CVRP,605,ok,13.9474096608,10
CVRP,606,ok,19.1008997638,11
CVRP,607,ok,15.0308607410,12
CVRP,608,ok,15.4308457290,11
CVRP,609,ok,18.9114340571,11
CVRP,610,ok,19.1605897867,11
CVRP,611,ok,17.6637449993,11
CVRP,612,ok,16.9423982254,11
CVRP,613,ok,18.8107458751,11
CVRP,614,ok,14.7539710732,11
CVRP,615,ok,15.8618816347,12
CVRP,616,ok,17.1548105755,11
CVRP,617,ok,16.0180684492,11
CVRP,618,ok,17.9900023134,11
CVRP,619,ok,21.8106917635,12
CVRP,620,ok,15.6023227972,11
CVRP,621,ok,19.2998238223,10
CVRP,622,ok,14.9119611367,12
CVRP,623,ok,15.7913664622,12
CVRP,624,ok,17.2488127816,11
CVRP,625,ok,15.2334110148,11
CVRP,626,ok,15.8371472004,11
CVRP,627,ok,18.6129840040,11
CVRP,628,ok,17.6289852516,11
CVRP,629,ok,17.4781620887,10
CVRP,630,ok,16.5525557133,12
CVRP,631,ok,18.1992811785,11
CVRP,632,ok,17.4496555908,11
CVRP,633,ok,18.4636761266,11
CVRP,634,ok,14.4385970530,11
CVRP,635,ok,14.5556419635,11
CVRP,636,ok,15.0439988770,9
CVRP,637,ok,14.8593336113,12
CVRP,638,ok,18.5615309565,12
CVRP,639,ok,16.9199681297,11
CVRP,640,ok,16.3714156300,11
CVRP,641,ok,19.9373158118,12
CVRP,642,ok,19.4796587854,13
CVRP,643,ok,18.2674677889,11
CVRP,644,ok,16.7934788513,10
CVRP,645,ok,18.0408051398,11
CVRP,646,ok,18.3574393405,12
CVRP,647,ok,16.8473335299,11
CVRP,648,ok,19.9801902514,11
CVRP,649,ok,14.8948260306,12
CVRP,650,ok,20.3973903796,11
CVRP,651,ok,18.2161179743,11
CVRP,652,ok,14.1551534093,10
CVRP,653,ok,17.1182405330,11
CVRP,654,ok,16.2721816880,11
CVRP,655,ok,13.0247382451,11
CVRP,656,ok,19.0110756462,11
CVRP,657,ok,15.1202194596,12
CVRP,658,ok,16.2261993976,12
CVRP,659,ok,16.5848742793,13
CVRP,660,ok,14.9519424470,12
CVRP,661,ok,12.8171947783,10
CVRP,662,ok,16.6461524905,12
CVRP,663,ok,15.5192014553,12
CVRP,664,ok,17.6702100714,10
CVRP,665,ok,16.8262617542,11
CVRP,666,ok,20.4857748948,11
CVRP,667,ok,15.9257693719,12
CVRP,668,ok,15.4205534356,11
CVRP,669,ok,14.7235698622,11
CVRP,670,ok,15.5880577643,10
CVRP,671,ok,18.2536440836,10
CVRP,672,ok,14.5829976331,11
CVRP,673,ok,15.4068116496,11
CVRP,674,ok,18.7656842869,12
CVRP,675,ok,17.2678878700,11
CVRP,676,ok,14.5824147148,11
CVRP,677,ok,18.7369597344,11
CVRP,678,ok,18.1116571160,11
CVRP,679,ok,16.6295811663,11
CVRP,680,ok,16.1458485915,11
CVRP,681,ok,15.5856530658,11
CVRP,682,ok,17.8137322673,12
CVRP,683,ok,14.4703357361,11
CVRP,684,ok,15.6496606452,11
CVRP,685,ok,14.2975973270,10
CVRP,686,ok,18.0834209802,10
CVRP,687,ok,18.2855615731,12
CVRP,688,ok,13.2803922441,10
CVRP,689,ok,15.0159431745,11
CVRP,690,ok,19.0114199858,10
CVRP,691,ok,15.2801489927,11
CVRP,692,ok,13.8261644733,11
CVRP,693,ok,14.8871579263,11
CVRP,694,ok,15.2666974121,10
CVRP,695,ok,21.6086047821,11
CVRP,696,ok,16.7027739344,11
CVRP,697,ok,13.4912356760,11
CVRP,698,ok,18.0497480394,11
CVRP,699,ok,17.9029079543,11
CVRP,700,ok,18.0738831999,13
CVRP,701,ok,17.3220631529,11
CVRP,702,ok,16.9798240403,12
CVRP,703,ok,17.3015969546,12
CVRP,704,ok,17.0362111759,10
CVRP,705,ok,20.2524685417,11
CVRP,706,ok,15.9907965338,11
CVRP,707,ok,15.5926993310,11
CVRP,708,ok,15.4595057977,11
CVRP,709,ok,20.4810582934,11
CVRP,710,ok,14.6867464290,12
CVRP,711,ok,15.6247862966,10
CVRP,712,ok,14.5470347111,12
CVRP,713,ok,14.8788766678,11
CVRP,714,ok,18.6351658983,13
CVRP,715,ok,15.8391809301,11
CVRP,716,ok,16.1545875469,11
CVRP,717,ok,18.0365217428,12
CVRP,718,ok,15.3645918324,12
CVRP,719,ok,17.5711893730,12
CVRP,720,ok,21.2345577821,11
CVRP,721,ok,14.3535468329,10
CVRP,722,ok,13.5043103012,11
CVRP,723,ok,15.1385462102,11
CVRP,724,ok,17.2640106926,11
CVRP,725,ok,13.8105255736,10
CVRP,726,ok,15.7816798125,11
CVRP,727,ok,18.1622164783,10
CVRP,728,ok,19.2822473793,12
CVRP,729,ok,17.8080499548,12
CVRP,730,ok,18.1736904304,11
CVRP,731,ok,12.8406364872,10
CVRP,732,ok,14.4304730790,11
CVRP,733,ok,16.6800457441,11
CVRP,734,ok,14.4177887919,11
CVRP,735,ok,17.7604549366,12
CVRP,736,ok,18.2965350573,11
CVRP,737,ok,16.6203329947,11
CVRP,738,ok,21.1229823241,11
CVRP,739,ok,15.2435509723,11
CVRP,740,ok,16.3434755940,11
CVRP,741,ok,16.3395928265,11
CVRP,742,ok,20.8523071105,11
CVRP,743,ok,13.7905608887,12
CVRP,744,ok,19.6895171353,10
CVRP,745,ok,18.4595641479,12
CVRP,746,ok,17.8380576708,11
CVRP,747,ok,17.4988383983,13
CVRP,748,ok,14.9180950166,11
CVRP,749,ok,16.7848259914,12
CVRP,750,ok,18.5771588606,11
CVRP,751,ok,14.9412732965,12
CVRP,752,ok,14.9367974853,11
CVRP,753,ok,17.1747097955,11
CVRP,754,ok,13.9479504244,11
CVRP,755,ok,16.6791888719,12
CVRP,756,ok,18.8164157426,11
CVRP,757,ok,15.4441527589,11
CVRP,758,ok,16.4647745337,12
CVRP,759,ok,14.4273836679,12
CVRP,760,ok,20.3010846470,10
CVRP,761,ok,16.9478617210,11
CVRP,762,ok,16.3692763095,10
CVRP,763,ok,16.2968798121,11
CVRP,764,ok,17.0060658054,11
CVRP,765,ok,15.4826017843,11
CVRP,766,ok,15.8938785746,12
CVRP,767,ok,15.8941783329,12
CVRP,768,ok,18.3727127010,11
CVRP,769,ok,19.0663944774,11
CVRP,770,ok,14.4045260403,10
CVRP,771,ok,21.6459241904,11
CVRP,772,ok,18.1908615740,11
CVRP,773,ok,21.4302122164,11
CVRP,774,ok,18.6924258243,11
CVRP,775,ok,16.8393862564,12
CVRP,776,ok,12.6895573108,10
CVRP,777,ok,18.8881480321,11
CVRP,778,ok,14.8887886013,11
CVRP,779,ok,19.8524679383,11
CVRP,780,ok,15.1646851569,11
CVRP,781,ok,15.8293961714,10
CVRP,782,ok,17.1690325929,12
CVRP,783,ok,15.7777504552,11
CVRP,784,ok,18.9716072194,10
CVRP,785,ok,20.0516983163,12
CVRP,786,ok,17.5898958367,12
CVRP,787,ok,15.4599065021,11
CVRP,788,ok,15.7918090497,12
CVRP,789,ok,14.3536646993,10
CVRP,790,ok,17.7074034536,10
CVRP,791,ok,15.5816064362,11
CVRP,792,ok,15.9612912678,12
CVRP,793,ok,14.0629964258,12
CVRP,794,ok,21.1862178468,11
CVRP,795,ok,15.8951335700,11
CVRP,796,ok,17.4994466195,12
CVRP,797,ok,14.8087424391,11
CVRP,798,ok,17.0941133393,11
CVRP,799,ok,16.5486229113,12
CVRP,800,ok,15.0402466208,11
CVRP,801,ok,18.4578682025,12
CVRP,802,ok,14.9310844400,10
CVRP,803,ok,16.9733711763,11
CVRP,804,ok,14.4849597734,11
CVRP,805,ok,19.1538910580,12
CVRP,806,ok,16.2372996860,10
CVRP,807,ok,17.4336878763,11
CVRP,808,ok,14.3939114104,13
CVRP,809,ok,19.1694228923,10
CVRP,810,ok,16.6736083949,11
CVRP,811,ok,19.2557405325,11
CVRP,812,ok,20.5194279803,11
CVRP,813,ok,21.7540332215,12
CVRP,814,ok,17.0214017477,11
CVRP,815,ok,16.0736762011,12
CVRP,816,ok,17.1914341060,11
CVRP,817,ok,15.1923021801,12
CVRP,818,ok,15.1859201986,11
CVRP,819,ok,13.6336134222,11
CVRP,820,ok,15.0425317849,11
CVRP,821,ok,13.7522928583,12
CVRP,822,ok,15.4478895163,11
CVRP,823,ok,19.1364578169,11
CVRP,824,ok,19.9247588886,11
CVRP,825,ok,14.7995794413,12
CVRP,826,ok,16.0737048141,10
CVRP,827,ok,20.1121060238,11
CVRP,828,ok,17.0268633262,12
CVRP,829,ok,15.9664984474,10
CVRP,830,ok,15.7893109592,11
CVRP,831,ok,17.2190894455,11
CVRP,832,ok,17.6526033271,10
CVRP,833,ok,19.7678670441,11
CVRP,834,ok,17.5757034308,11
CVRP,835,ok,14.2853092317,10
CVRP,836,ok,16.7574991351,11
CVRP,837,ok,18.4726592918,12
CVRP,838,ok,18.7552696206,12
CVRP,839,ok,18.6452361441,11
CVRP,840,ok,16.9068718194,11
CVRP,841,ok,13.6397431184,11
CVRP,842,ok,14.1810910509,11
CVRP,843,ok,19.6138819365,12
CVRP,844,ok,14.1869284492,11
CVRP,845,ok,18.4022765798,10
CVRP,846,ok,14.8995699469,12
CVRP,847,ok,15.1737952876,11
CVRP,848,ok,20.8762843219,11
CVRP,849,ok,18.7228618387,11
CVRP,850,ok,19.6755246020,10
CVRP,851,ok,17.3234193463,11
CVRP,852,ok,17.5738471984,11
CVRP,853,ok,19.2278627568,11
CVRP,854,ok,14.4376094300,13
CVRP,855,ok,15.1240694572,11
CVRP,856,ok,17.0702770415,10
CVRP,857,ok,16.7743997090,11
CVRP,858,ok,13.3854039607,10
CVRP,859,ok,16.2505013389,10
CVRP,860,ok,17.0162566626,11
CVRP,861,ok,19.1371373017,11
CVRP,862,ok,20.5821122109,11
CVRP,863,ok,17.1944575230,11
CVRP,864,ok,15.2211337365,12
CVRP,865,ok,18.6933540545,11
CVRP,866,ok,16.3336820443,11
CVRP,867,ok,14.1843289106,11
CVRP,868,ok,14.1432737555,11
CVRP,869,ok,15.0782114065,12
CVRP,870,ok,19.6209207819,11
CVRP,871,ok,16.9218440751,10
CVRP,872,ok,18.8860378198,12
CVRP,873,ok,16.6531000480,11
CVRP,874,ok,19.4201658999,12
CVRP,875,ok,19.3257265350,11
CVRP,876,ok,21.1035679643,11
CVRP,877,ok,16.2883645865,12
CVRP,878,ok,16.4225501997,12
CVRP,879,ok,13.7326329922,12
CVRP,880,ok,16.1655853512,10
CVRP,881,ok,14.9342307169,12
CVRP,882,ok,14.7177099350,12
CVRP,883,ok,16.6699251107,12
CVRP,884,ok,18.2623878895,11
CVRP,885,ok,17.8496071720,11
CVRP,886,ok,18.7292036863,11
CVRP,887,ok,14.7697233676,11
CVRP,888,ok,19.8685560172,11
CVRP,889,ok,15.5802707283,10
CVRP,890,ok,16.5659971598,12
CVRP,891,ok,14.5407457963,10
CVRP,892,ok,13.9613638727,11
CVRP,893,ok,16.4658426669,10
CVRP,894,ok,18.9826688787,12
CVRP,895,ok,16.2445503671,11
CVRP,896,ok,19.2788279703,11
CVRP,897,ok,14.2803327772,11
CVRP,898,ok,16.1762452146,12
CVRP,899,ok,15.7963426682,12
CVRP,900,ok,14.9820626086,11
CVRP,901,ok,15.1140389947,10
CVRP,902,ok,20.0180243792,12
CVRP,903,ok,14.1802828257,11
CVRP,904,ok,19.8802663947,11
CVRP,905,ok,19.0387564827,11
CVRP,906,ok,15.4910390710,10
CVRP,907,ok,20.3046426698,10
CVRP,908,ok,19.4137411827,11
CVRP,909,ok,16.5841840093,11
CVRP,910,ok,14.5161717153,10
CVRP,911,ok,20.6380473059,12
CVRP,912,ok,19.4747660768,12
CVRP,913,ok,19.9994420058,11
CVRP,914,ok,15.6968535988,10
CVRP,915,ok,17.6772993830,12
CVRP,916,ok,15.4985096624,11
CVRP,917,ok,15.3325351563,11
CVRP,918,ok,14.9317225340,12
CVRP,919,ok,16.2074009423,11
CVRP,920,ok,16.7183028144,12
CVRP,921,ok,20.6289031504,12
CVRP,922,ok,15.2908021366,11
CVRP,923,ok,15.3685581497,11
CVRP,924,ok,16.6339566083,11
CVRP,925,ok,19.1016174353,12
CVRP,926,ok,20.1765402583,11
CVRP,927,ok,16.7994873101,12
CVRP,928,ok,14.6178878533,10
CVRP,929,ok,19.4397346569,11
CVRP,930,ok,15.3340446622,11
CVRP,931,ok,16.7765975669,11
CVRP,932,ok,15.9352171781,12
CVRP,933,ok,17.6519633964,11
CVRP,934,ok,16.9581029210,11
CVRP,935,ok,14.6015846909,11
CVRP,936,ok,18.3247790569,12
CVRP,937,ok,16.4914719712,11
CVRP,938,ok,21.1113262748,12
CVRP,939,ok,16.5363941786,13
CVRP,940,ok,16.5393967007,12
CVRP,941,ok,16.1233583696,10
CVRP,942,ok,14.2448879372,12
CVRP,943,ok,14.8089122073,12
CVRP,944,ok,17.7560598755,12
CVRP,945,ok,16.4138452367,11
CVRP,946,ok,13.6362481635,11
CVRP,947,ok,13.8804735245,11
CVRP,948,ok,18.9327519472,11
CVRP,949,ok,15.3261690911,12
CVRP,950,ok,18.9719005288,12
CVRP,951,ok,16.8628724501,10
CVRP,952,ok,18.2720967443,11
CVRP,953,ok,15.9724122931,10
CVRP,954,ok,17.1803599368,12
CVRP,955,ok,18.9918213072,11
CVRP,956,ok,16.1045249849,11
CVRP,957,ok,20.8638238676,12
CVRP,958,ok,17.0578744026,10
CVRP,959,ok,19.2580970241,11
CVRP,960,ok,17.9504861067,10
CVRP,961,ok,17.4119934806,11
CVRP,962,ok,17.0171482031,11
CVRP,963,ok,14.4081689668,11
CVRP,964,ok,19.0309718253,11
CVRP,965,ok,16.6248745714,10
CVRP,966,ok,13.4710180849,10
CVRP,967,ok,18.7826959922,11
CVRP,968,ok,17.6051679145,10
CVRP,969,ok,20.5944583389,12
CVRP,970,ok,20.6638696561,12
CVRP,971,ok,15.4487839826,11
CVRP,972,ok,19.8352742395,12
CVRP,973,ok,13.8123462404,10
CVRP,974,ok,15.2288310381,11
CVRP,975,ok,13.3835573463,11
CVRP,976,ok,19.7309519575,11
CVRP,977,ok,16.8843925036,11
CVRP,978,ok,19.7618134124,11
CVRP,979,ok,15.7418946446,11
CVRP,980,ok,18.2186767188,11
CVRP,981,ok,14.3441007469,12
CVRP,982,ok,16.0878110109,12
CVRP,983,ok,19.0079756066,11
CVRP,984,ok,16.1096424630,11
CVRP,985,ok,18.6994743971,11
CVRP,986,ok,18.0702282267,12
CVRP,987,ok,16.6226648840,12
CVRP,988,ok,18.1143963752,11
CVRP,989,ok,19.9707348719,10
CVRP,990,ok,13.9650742742,11
CVRP,991,ok,19.1374267146,12
CVRP,992,ok,14.6453531648,11
CVRP,993,ok,20.0971648343,11
CVRP,994,ok,15.8161399249,11
CVRP,995,ok,17.1305407121,12
CVRP,996,ok,17.9622243248,11
CVRP,997,ok,17.2877316828,11
CVRP,998,ok,14.5383329321,11
CVRP,999,ok,17.5851468482,11
OVRP,0,ok,10.7479246795,11
OVRP,1,ok,12.8150171613,12
OVRP,2,ok,10.5551337758,14
OVRP,3,ok,11.9557592765,14
OVRP,4,ok,10.9668559836,12
OVRP,5,ok,13.2142844214,12
OVRP,6,ok,11.8847515267,11
OVRP,7,ok,11.8237748608,11
OVRP,8,ok,11.5039223770,15
OVRP,9,ok,10.9255103538,14
OVRP,10,ok,11.2288495582,14
OVRP,11,ok,12.2330296357,11
OVRP,12,ok,12.0983610632,13
OVRP,13,ok,10.6609635388,13
OVRP,14,ok,12.2836313894,16
OVRP,15,ok,12.0901405488,11
OVRP,16,ok,9.6880123534,12
OVRP,17,ok,10.8523704040,12
OVRP,18,ok,10.1139791044,13
OVRP,19,ok,12.1334857738,11
OVRP,20,ok,11.4353835869,13
OVRP,21,ok,10.2313162628,13
OVRP,22,ok,10.5517462751,13
OVRP,23,ok,11.6550020663,13
OVRP,24,ok,12.0144737555,13
OVRP,25,ok,11.2005668070,13
OVRP,26,ok,10.3390156322,13
OVRP,27,ok,11.8812584293,13
OVRP,28,ok,10.0261482184,13
OVRP,29,ok,10.2606485782,14
OVRP,30,ok,11.2603706144,13
OVRP,31,ok,10.3496194018,12
OVRP,32,ok,11.4693013158,12
OVRP,33,ok,9.5860295802,14
OVRP,34,ok,12.0825447946,11
OVRP,35,ok,11.9445534069,11
OVRP,36,ok,9.6609015724,14
OVRP,37,ok,10.9545377769,12
OVRP,38,ok,12.3338551106,12
OVRP,39,ok,10.5883398110,12
OVRP,40,ok,10.8235235187,15
OVRP,41,ok,12.2688509018,13
OVRP,42,ok,10.5332677298,12
OVRP,43,ok,11.7283950292,13
OVRP,44,ok,11.2475420799,13
OVRP,45,ok,12.3257348928,11
OVRP,46,ok,11.1452383237,12
OVRP,47,ok,11.3111394272,12
OVRP,48,ok,11.9532671387,14
OVRP,49,ok,11.1354779327,11
OVRP,50,ok,11.9712275796,14
OVRP,51,ok,11.9592150874,13
OVRP,52,ok,9.9777694778,14
OVRP,53,ok,11.1293690214,13
OVRP,54,ok,11.6156514377,11
OVRP,55,ok,11.2828608210,14
OVRP,56,ok,10.4118025574,12
OVRP,57,ok,11.2325505562,13
OVRP,58,ok,10.3793110467,13
OVRP,59,ok,13.0764230315,11
OVRP,60,ok,9.6426293275,11
OVRP,61,ok,10.0273092763,14
OVRP,62,ok,10.5224172253,13
OVRP,63,ok,11.5557949178,12
OVRP,64,ok,13.2447905856,12
OVRP,65,ok,12.0688263039,13
OVRP,66,ok,11.8144121316,15
OVRP,67,ok,10.6298546617,12
OVRP,68,ok,11.8676953807,14
OVRP,69,ok,13.6272148411,12
OVRP,70,ok,11.4418279340,13
OVRP,71,ok,9.7520785806,13
OVRP,72,ok,11.6212341497,12
OVRP,73,ok,12.9056443898,12
OVRP,74,ok,11.8322815938,12
OVRP,75,ok,11.2807734249,12
OVRP,76,ok,10.8151605157,11
OVRP,77,ok,12.3263621613,14
OVRP,78,ok,12.2405097194,13
OVRP,79,ok,11.1837149073,12
OVRP,80,ok,11.2492353319,11
OVRP,81,ok,11.6652574440,13
OVRP,82,ok,11.4018472837,11
OVRP,83,ok,10.8848644273,12
OVRP,84,ok,9.2567677034,11
OVRP,85,ok,10.6731594477,14
OVRP,86,ok,13.7228236198,13
OVRP,87,ok,12.8427570384,13
OVRP,88,ok,10.5589126796,13
OVRP,89,ok,10.5497404541,12
OVRP,90,ok,11.4993178840,15
OVRP,91,ok,12.0295068738,11
OVRP,92,ok,10.9966244899,11
OVRP,93,ok,10.6959261137,12
OVRP,94,ok,12.4672554850,13
OVRP,95,ok,11.5877641065,11
OVRP,96,ok,12.5747357367,12
OVRP,97,ok,11.3722752395,12
OVRP,98,ok,10.3050546850,14
OVRP,99,ok,10.4066263999,14
OVRP,100,ok,10.8841518507,13
OVRP,101,ok,10.6207597155,11
OVRP,102,ok,10.4366729654,12
OVRP,103,ok,9.3452734283,12
OVRP,104,ok,12.2686354458,13
OVRP,105,ok,10.1161686120,12
OVRP,106,ok,10.9588530613,12
OVRP,107,ok,10.1990590213,14
OVRP,108,ok,11.3298305355,13
OVRP,109,ok,12.3327881795,14
OVRP,110,ok,9.6625542608,11
OVRP,111,ok,10.4930345886,12
OVRP,112,ok,13.5704980344,12
OVRP,113,ok,12.4144518493,14
OVRP,114,ok,11.1926783454,14
OVRP,115,ok,12.9227526474,11
OVRP,116,ok,12.4311274132,12
OVRP,117,ok,12.9037346534,11
OVRP,118,ok,11.2818641706,13
OVRP,119,ok,12.7672063187,14
OVRP,120,ok,11.5313815520,13
OVRP,121,ok,10.6278002168,13
OVRP,122,ok,11.8999364890,12
OVRP,123,ok,12.1576937570,12
OVRP,124,ok,11.9988838168,13
OVRP,125,ok,11.1877797208,13
OVRP,126,ok,10.9750709668,12
OVRP,127,ok,11.3298492350,12
OVRP,128,ok,11.9918498730,11
OVRP,129,ok,12.1257018036,13
OVRP,130,ok,11.4903969992,13
OVRP,131,ok,10.3876593443,15
OVRP,132,ok,10.0395484622,13
OVRP,133,ok,10.5099232038,11
OVRP,134,ok,11.4872451921,11
OVRP,135,ok,10.0919236895,13
OVRP,136,ok,11.5681717097,13
OVRP,137,ok,10.4885366178,12
OVRP,138,ok,12.0358545525,13
OVRP,139,ok,12.6434072794,11
OVRP,140,ok,12.7335416692,13
OVRP,141,ok,11.9667694361,13
OVRP,142,ok,10.1620297940,12
OVRP,143,ok,10.3607434545,12
OVRP,144,ok,11.8102718679,12
OVRP,145,ok,11.3910793803,11
OVRP,146,ok,12.5459531363,13
OVRP,147,ok,10.0570903420,12
OVRP,148,ok,12.3605261907,12
OVRP,149,ok,10.8924256215,14
OVRP,150,ok,13.4522891527,14
OVRP,151,ok,10.3483912972,12
OVRP,152,ok,11.4061416145,12
OVRP,153,ok,11.1958193898,13
OVRP,154,ok,11.5254135247,13
OVRP,155,ok,9.1898981231,13
OVRP,156,ok,12.0904491413,11
OVRP,157,ok,9.6968755424,14
OVRP,158,ok,11.8336352895,13
OVRP,159,ok,12.2828254764,11
OVRP,160,ok,10.2018309426,12
OVRP,161,ok,10.4252054290,12
OVRP,162,ok,11.5478615040,13
OVRP,163,ok,9.9014473952,13
OVRP,164,ok,10.8662157254,12
OVRP,165,ok,11.8587602459,13
OVRP,166,ok,11.3756195701,15
OVRP,167,ok,11.3038742547,13
OVRP,168,ok,10.1423828536,12
OVRP,169,ok,13.6181678864,11
OVRP,170,ok,11.4945321655,11
OVRP,171,ok,9.8759469929,11
OVRP,172,ok,12.2275597835,11
OVRP,173,ok,12.0564551295,13
OVRP,174,ok,12.2348773219,12
OVRP,175,ok,13.0964847704,13
OVRP,176,ok,11.6127527990,11
OVRP,177,ok,10.8537485736,13
OVRP,178,ok,10.4141399960,14
OVRP,179,ok,10.4306900680,12
OVRP,180,ok,12.9678615616,12
OVRP,181,ok,11.9026405315,12
OVRP,182,ok,11.6155670747,15
OVRP,183,ok,10.1686990113,13
OVRP,184,ok,13.7892871048,13
OVRP,185,ok,11.0534317363,14
OVRP,186,ok,10.5731693984,13
OVRP,187,ok,11.7937128131,13
OVRP,188,ok,10.8256716354,14
OVRP,189,ok,11.2242984214,11
OVRP,190,ok,10.3753810216,11
OVRP,191,ok,12.1300273020,11
OVRP,192,ok,10.5853823211,15
OVRP,193,ok,9.9160485288,12
OVRP,194,ok,12.9992552449,12
OVRP,195,ok,12.4218033395,13
OVRP,196,ok,11.3306307556,13
OVRP,197,ok,10.5069088182,14
OVRP,198,ok,13.6958856561,12
OVRP,199,ok,11.1305979818,11
OVRP,200,ok,11.7681898356,13
OVRP,201,ok,10.2720220842,13
OVRP,202,ok,11.0603769696,13
OVRP,203,ok,9.9108170871,14
OVRP,204,ok,10.4432516890,11
OVRP,205,ok,14.3582938739,13
OVRP,206,ok,11.6165211283,12
OVRP,207,ok,11.2109816287,12
OVRP,208,ok,10.8440138679,14
OVRP,209,ok,10.6420279757,12
OVRP,210,ok,11.4266590882,12
OVRP,211,ok,9.8133324048,11
OVRP,212,ok,10.0604705533,13
OVRP,213,ok,12.5076380697,13
OVRP,214,ok,10.2542994362,13
OVRP,215,ok,11.2767421006,12
OVRP,216,ok,10.7901944173,12
OVRP,217,ok,10.5602133200,13
OVRP,218,ok,12.3938011599,12
OVRP,219,ok,11.0133404910,14
OVRP,220,ok,10.3591165754,14
OVRP,221,ok,11.5215348793,14
OVRP,222,ok,12.7221336042,15
OVRP,223,ok,10.6225675816,13
OVRP,224,ok,9.8704977313,14
OVRP,225,ok,10.1667087619,13
OVRP,226,ok,9.8922609771,11
OVRP,227,ok,10.3433448117,13
OVRP,228,ok,11.9381797437,14
OVRP,229,ok,9.8651923731,13
OVRP,230,ok,9.9753204894,12
OVRP,231,ok,11.0532748283,11
OVRP,232,ok,11.4812503532,13
OVRP,233,ok,10.4035075294,12
OVRP,234,ok,11.2003746884,12
OVRP,235,ok,13.0275269088,12
OVRP,236,ok,11.6653937123,11
OVRP,237,ok,10.3145374623,15
OVRP,238,ok,11.1018878130,12
OVRP,239,ok,11.5090369233,12
OVRP,240,ok,11.0045045290,14
OVRP,241,ok,12.4940432789,14
OVRP,242,ok,10.6425586492,11
OVRP,243,ok,11.0625050251,11
OVRP,244,ok,12.0901837820,12
OVRP,245,ok,10.5458688545,13
OVRP,246,ok,13.1360483186,12
OVRP,247,ok,13.0559450182,12
OVRP,248,ok,12.3541302572,14
OVRP,249,ok,10.0881906663,13
OVRP,250,ok,10.8425576516,13
OVRP,251,ok,12.5328798429,14
OVRP,252,ok,9.8154748254,14
OVRP,253,ok,11.1533254530,16
OVRP,254,ok,11.7067534783,14
OVRP,255,ok,10.8746112389,15
OVRP,256,ok,11.9491602678,12
OVRP,257,ok,10.7123602619,13
OVRP,258,ok,10.7804597678,14
OVRP,259,ok,9.4928279734,13
OVRP,260,ok,10.2696678085,14
OVRP,261,ok,10.6852892060,13
OVRP,262,ok,13.4428737562,11
OVRP,263,ok,11.8708685217,12
OVRP,264,ok,10.6788224231,14
OVRP,265,ok,11.1569024778,13
OVRP,266,ok,10.5778461153,15
OVRP,267,ok,11.0389101046,13
OVRP,268,ok,9.7821177719,16
OVRP,269,ok,10.1174465019,12
OVRP,270,ok,10.4646070285,13
OVRP,271,ok,9.9113587941,14
OVRP,272,ok,10.0674349950,12
OVRP,273,ok,10.8222559807,13
OVRP,274,ok,13.0458340445,13
OVRP,275,ok,12.4598512802,12
OVRP,276,ok,11.5084896839,11
OVRP,277,ok,12.1682338850,14
OVRP,278,ok,10.4607133342,16
OVRP,279,ok,11.5753380827,12
OVRP,280,ok,12.0919780308,14
OVRP,281,ok,11.3569055773,13
OVRP,282,ok,11.7600932354,11
OVRP,283,ok,10.8404651284,13
OVRP,284,ok,12.1851001590,13
OVRP,285,ok,11.9767834139,13
OVRP,286,ok,10.5158414425,12
OVRP,287,ok,10.5399030304,12
OVRP,288,ok,9.9967868717,13
OVRP,289,ok,10.1148202790,14
OVRP,290,ok,12.9385015251,11
OVRP,291,ok,9.7900095668,13
OVRP,292,ok,11.1993887380,16
OVRP,293,ok,11.5237234427,12
OVRP,294,ok,11.8702329282,12
OVRP,295,ok,12.0122717030,12
OVRP,296,ok,11.1777296598,12
OVRP,297,ok,11.3364283722,15
OVRP,298,ok,9.6783444569,15
OVRP,299,ok,11.0916812767,13
OVRP,300,ok,11.1068348533,13
OVRP,301,ok,9.8070987287,13
OVRP,302,ok,10.9275051460,14
OVRP,303,ok,11.5099070844,15
OVRP,304,ok,9.9368005669,12
OVRP,305,ok,10.6411570123,13
OVRP,306,ok,10.8615857797,13
OVRP,307,ok,9.9395670516,13
OVRP,308,ok,11.8560043311,11
OVRP,309,ok,12.0275665670,13
OVRP,310,ok,11.4415196674,14
OVRP,311,ok,11.4152536395,14
OVRP,312,ok,10.6972164618,13
OVRP,313,ok,9.8870329907,14
OVRP,314,ok,10.4355803916,13
OVRP,315,ok,11.3133862517,12
OVRP,316,ok,12.4369921384,12
OVRP,317,ok,12.9743855233,12
OVRP,318,ok,11.8661150932,12
OVRP,319,ok,11.7018735629,10
OVRP,320,ok,11.5115349589,13
OVRP,321,ok,10.4560050126,12
OVRP,322,ok,12.3359696312,13
OVRP,323,ok,11.6937744552,13
OVRP,324,ok,10.2747763503,14
OVRP,325,ok,11.2149023251,14
OVRP,326,ok,9.5140780155,14
OVRP,327,ok,12.8247860606,13
OVRP,328,ok,11.5504298286,13
OVRP,329,ok,10.8982773117,13
OVRP,330,ok,11.2800672354,14
OVRP,331,ok,10.6756478063,12
OVRP,332,ok,12.7023992411,12
OVRP,333,ok,11.0772437977,14
OVRP,334,ok,11.6828507635,13
OVRP,335,ok,11.3130887447,12
OVRP,336,ok,10.9878155000,15
OVRP,337,ok,13.8955646185,11
OVRP,338,ok,11.7457176163,14
OVRP,339,ok,10.7622394799,13
OVRP,340,ok,10.4138573165,12
OVRP,341,ok,11.3716431033,12
OVRP,342,ok,12.0683362403,12
OVRP,343,ok,13.5221874878,12
OVRP,344,ok,10.3007834892,12
OVRP,345,ok,12.4386963412,13
OVRP,346,ok,10.6640083408,12
OVRP,347,ok,11.9610855594,12
OVRP,348,ok,10.7234756893,12
OVRP,349,ok,9.6061300913,14
OVRP,350,ok,10.5670492500,12
OVRP,351,ok,10.1041316063,13
OVRP,352,ok,10.4521913172,15
OVRP,353,ok,10.3029025686,12
OVRP,354,ok,10.1625484085,13
OVRP,355,ok,12.4738594290,14
OVRP,356,ok,11.1264886048,14
OVRP,357,ok,11.8732622362,10
OVRP,358,ok,13.3800102440,12
OVRP,359,ok,12.1243383036,12
OVRP,360,ok,10.8158482491,13
OVRP,361,ok,10.2427487471,13
OVRP,362,ok,9.8638875528,13
OVRP,363,ok,11.2568697900,12
OVRP,364,ok,11.0411220191,13
OVRP,365,ok,9.5653555855,11
OVRP,366,ok,9.7947141108,13
OVRP,367,ok,9.9571352532,13
OVRP,368,ok,11.4017277337,14
OVRP,369,ok,10.2202703749,12
OVRP,370,ok,12.1879531798,12
OVRP,371,ok,11.2760610365,15
OVRP,372,ok,12.6472903830,13
OVRP,373,ok,13.0443080790,15
OVRP,374,ok,9.9596729402,11
OVRP,375,ok,10.2445396434,13
OVRP,376,ok,12.3546463224,13
OVRP,377,ok,11.1172463993,13
OVRP,378,ok,10.9422196994,13
OVRP,379,ok,11.8035825123,14
OVRP,380,ok,11.5113800848,15
OVRP,381,ok,10.5800731662,12
OVRP,382,ok,12.3942589880,13
OVRP,383,ok,10.9884446930,14
OVRP,384,ok,10.4022297808,11
OVRP,385,ok,12.3972388653,11
OVRP,386,ok,9.8381423324,14
OVRP,387,ok,13.0222434304,14
OVRP,388,ok,9.5142329132,14
OVRP,389,ok,10.9763303418,13
OVRP,390,ok,10.6598650606,12
OVRP,391,ok,11.8323397631,13
OVRP,392,ok,12.4409593539,13
OVRP,393,ok,11.7273931275,14
OVRP,394,ok,12.0282082582,12
OVRP,395,ok,11.2647562573,14
OVRP,396,ok,11.4956862832,13
OVRP,397,ok,11.0318009445,14
OVRP,398,ok,10.6633694633,13
OVRP,399,ok,11.0167418435,13
OVRP,400,ok,10.6580085472,14
OVRP,401,ok,9.7047176732,12
OVRP,402,ok,10.8271775198,15
OVRP,403,ok,12.9782361405,14
OVRP,404,ok,10.1985937641,12
OVRP,405,ok,12.8407995455,13
OVRP,406,ok,10.1910163440,13
OVRP,407,ok,10.5284782283,13
OVRP,408,ok,11.5423807312,13
OVRP,409,ok,11.9360120828,12
OVRP,410,ok,11.2894090337,12
OVRP,411,ok,11.4370058341,12
OVRP,412,ok,12.3462254642,12
OVRP,413,ok,10.4676473159,13
OVRP,414,ok,10.0353897434,12
OVRP,415,ok,10.7920992506,11
OVRP,416,ok,10.3195089283,13
OVRP,417,ok,12.6506844566,13
OVRP,418,ok,9.8974924299,13
OVRP,419,ok,9.7089446383,13
OVRP,420,ok,11.6643705775,14
OVRP,421,ok,12.3412837958,15
OVRP,422,ok,11.2280608765,13
OVRP,423,ok,11.7902766878,14
OVRP,424,ok,10.7169293275,13
OVRP,425,ok,10.6334968780,12
OVRP,426,ok,10.6489262204,12
OVRP,427,ok,10.3433786021,13
OVRP,428,ok,12.7328738001,14
OVRP,429,ok,11.4855645526,12
OVRP,430,ok,10.2276403840,11
OVRP,431,ok,11.7873572681,14
OVRP,432,ok,11.2709509090,14
OVRP,433,ok,9.6695754092,13
OVRP,434,ok,11.8975619475,11
OVRP,435,ok,12.4935776171,14
OVRP,436,ok,12.1347967629,14
OVRP,437,ok,11.6605758920,12
OVRP,438,ok,12.6344854793,14
OVRP,439,ok,11.6587553354,14
OVRP,440,ok,12.0311787477,12
OVRP,441,ok,10.9035052479,12
OVRP,442,ok,10.6588051870,15
OVRP,443,ok,12.2116360571,12
OVRP,444,ok,12.0500870707,13
OVRP,445,ok,11.4947965902,13
OVRP,446,ok,13.1336037473,12
OVRP,447,ok,12.0045472949,14
OVRP,448,ok,10.4277835655,13
OVRP,449,ok,12.5739036393,13
OVRP,450,ok,11.8211205310,12
OVRP,451,ok,13.2170548688,12
OVRP,452,ok,12.1006980722,11
OVRP,453,ok,11.3177993977,13
OVRP,454,ok,9.3780268365,14
OVRP,455,ok,10.7445104322,14
OVRP,456,ok,10.8153370878,13
OVRP,457,ok,11.0345096271,13
OVRP,458,ok,10.6818980084,12
OVRP,459,ok,11.2957467506,12
OVRP,460,ok,12.7238119510,11
OVRP,461,ok,11.0001377978,14
OVRP,462,ok,12.1512688348,15
OVRP,463,ok,12.4093430345,12
OVRP,464,ok,10.0443692371,15
OVRP,465,ok,12.3231447598,12
OVRP,466,ok,11.3370821359,15
OVRP,467,ok,12.2337526302,13
OVRP,468,ok,12.8385492856,10
OVRP,469,ok,10.9350725715,13
OVRP,470,ok,10.6497445421,13
OVRP,471,ok,13.2422484329,13
OVRP,472,ok,9.8046282516,12
OVRP,473,ok,11.0103668896,12
OVRP,474,ok,10.4982011529,14
OVRP,475,ok,10.8450853469,13
OVRP,476,ok,10.0233845641,14
OVRP,477,ok,10.7892056440,14
OVRP,478,ok,10.7860461614,13
OVRP,479,ok,12.8886611811,13
OVRP,480,ok,13.1029860005,12
OVRP,481,ok,11.2653863588,14
OVRP,482,ok,10.3992040022,12
OVRP,483,ok,11.2807670042,13
OVRP,484,ok,10.0274345014,11
OVRP,485,ok,11.9905807201,12
OVRP,486,ok,12.9788030208,12
OVRP,487,ok,11.2450290014,13
OVRP,488,ok,9.5422830540,13
OVRP,489,ok,11.1343075451,14
OVRP,490,ok,10.4909396138,13
OVRP,491,ok,12.9045401615,13
OVRP,492,ok,10.8370314212,12
OVRP,493,ok,10.0460422252,11
OVRP,494,ok,14.0354593174,11
OVRP,495,ok,12.0942989746,12
OVRP,496,ok,10.5657811982,12
OVRP,497,ok,12.4987200644,12
OVRP,498,ok,11.1845608872,14
OVRP,499,ok,11.8559320467,15
OVRP,500,ok,9.7414675176,16
OVRP,501,ok,9.6215923653,11
OVRP,502,ok,10.4945850668,13
OVRP,503,ok,12.6078677750,12
OVRP,504,ok,10.0404172524,15
OVRP,505,ok,11.5652460302,12
OVRP,506,ok,12.1090367108,12
OVRP,507,ok,10.4276464201,13
OVRP,508,ok,12.2933760715,11
OVRP,509,ok,9.9585444792,14
OVRP,510,ok,11.6771775062,13
OVRP,511,ok,11.2944228911,13
OVRP,512,ok,11.4403314675,12
OVRP,513,ok,11.0388554308,12
OVRP,514,ok,9.4732671999,12
OVRP,515,ok,10.8451632002,12
OVRP,516,ok,9.9996532862,13
OVRP,517,ok,11.8860497931,14
OVRP,518,ok,11.8151786814,13
OVRP,519,ok,13.5091327525,13
OVRP,520,ok,12.1107531126,13
OVRP,521,ok,11.3744585936,12
OVRP,522,ok,11.8087381547,14
OVRP,523,ok,9.8887165941,12
OVRP,524,ok,10.6677834084,12
OVRP,525,ok,10.8039504913,13
OVRP,526,ok,10.0811508955,12
OVRP,527,ok,12.0836207243,14
OVRP,528,ok,10.9461220452,13
OVRP,529,ok,10.1151075489,13
OVRP,530,ok,11.2498190387,11
OVRP,531,ok,12.0331221895,14
OVRP,532,ok,11.5495296424,14
OVRP,533,ok,13.3716891717,11
OVRP,534,ok,11.1417918499,12
OVRP,535,ok,13.3636231764,10
OVRP,536,ok,12.7393195047,12
OVRP,537,ok,10.3663227607,12
OVRP,538,ok,9.8236461338,14
OVRP,539,ok,9.8735486368,12
OVRP,540,ok,9.5035539551,12
OVRP,541,ok,12.1003222890,12
OVRP,542,ok,13.0634238818,13
OVRP,543,ok,10.7380777999,13
OVRP,544,ok,12.1096884737,13
OVRP,545,ok,11.4128158999,15
OVRP,546,ok,11.2847028081,13
OVRP,547,ok,11.1491315985,13
OVRP,548,ok,11.9676767811,12
OVRP,549,ok,11.6437383671,12
OVRP,550,ok,12.2198245839,13
OVRP,551,ok,10.3060286453,13
OVRP,552,ok,9.4890918813,14
OVRP,553,ok,12.5306767964,11
OVRP,554,ok,11.7479413820,12
OVRP,555,ok,12.8662222388,15
OVRP,556,ok,11.3548812956,12
OVRP,557,ok,10.3965097251,13
OVRP,558,ok,13.3611786613,12
OVRP,559,ok,12.5975379288,13
OVRP,560,ok,11.9142069669,11
OVRP,561,ok,11.2723495160,14
OVRP,562,ok,10.2822253557,13
OVRP,563,ok,12.7942252671,12
OVRP,564,ok,12.4771912059,13
OVRP,565,ok,10.0168577332,12
OVRP,566,ok,10.3446697456,13
OVRP,567,ok,10.9442498922,13
OVRP,568,ok,11.4885782685,13
OVRP,569,ok,10.7339645401,10
OVRP,570,ok,11.6315048566,12
OVRP,571,ok,11.6421168807,12
OVRP,572,ok,10.8665994319,12
OVRP,573,ok,10.4723059171,13
OVRP,574,ok,12.0477882393,14
OVRP,575,ok,10.3049691032,13
OVRP,576,ok,12.0512335171,13
OVRP,577,ok,10.0440313416,11
OVRP,578,ok,13.8688833510,13
OVRP,579,ok,12.0400981705,13
OVRP,580,ok,12.0165775647,11
OVRP,581,ok,11.8049778884,13
OVRP,582,ok,11.3728949724,11
OVRP,583,ok,12.4682865582,13
OVRP,584,ok,11.3190900642,14
OVRP,585,ok,12.4846055561,13
OVRP,586,ok,10.8027230374,14
OVRP,587,ok,10.3483222976,13
OVRP,588,ok,10.4944676051,15
OVRP,589,ok,11.1634684342,13
OVRP,590,ok,11.4189020732,12
OVRP,591,ok,12.1542257840,13
OVRP,592,ok,10.9150457968,14
OVRP,593,ok,10.9273660753,11
OVRP,594,ok,10.6963288271,12
OVRP,595,ok,9.8991690837,14
OVRP,596,ok,10.3225226817,15
OVRP,597,ok,10.8885648705,12
OVRP,598,ok,10.8614251281,12
OVRP,599,ok,10.3975391426,12
OVRP,600,ok,12.1514115013,13
OVRP,601,ok,12.3077659939,12
OVRP,602,ok,12.3130958259,13
OVRP,603,ok,10.6456340094,15
OVRP,604,ok,9.9746974680,14
OVRP,605,ok,11.6257230053,13
OVRP,606,ok,9.7000916094,12
OVRP,607,ok,11.1909442728,13
OVRP,608,ok,9.7335301837,10
OVRP,609,ok,9.9443366808,11
OVRP,610,ok,11.0773976317,13
OVRP,611,ok,10.5312939508,14
OVRP,612,ok,11.2471278809,15
OVRP,613,ok,11.6309693938,13
OVRP,614,ok,13.5760612172,11
OVRP,615,ok,11.7640189105,11
OVRP,616,ok,10.5002276327,13
OVRP,617,ok,11.0647640868,12
OVRP,618,ok,9.8220131670,12
OVRP,619,ok,10.6769116569,12
OVRP,620,ok,10.4606377676,12
OVRP,621,ok,9.7473521243,14
OVRP,622,ok,11.0015902369,12
OVRP,623,ok,10.6557065219,13
OVRP,624,ok,11.8522040332,13
OVRP,625,ok,9.9744112846,13
OVRP,626,ok,12.0824664788,12
OVRP,627,ok,10.6777631021,15
OVRP,628,ok,10.8301025573,13
OVRP,629,ok,13.1587753048,13
OVRP,630,ok,13.4321031355,13
OVRP,631,ok,10.9079419178,11
OVRP,632,ok,10.8633902453,12
OVRP,633,ok,11.1509371918,13
OVRP,634,ok,11.7073588456,12
OVRP,635,ok,12.3892832703,14
OVRP,636,ok,12.6976969667,11
OVRP,637,ok,10.6756967159,15
OVRP,638,ok,11.3811165942,12
OVRP,639,ok,12.3220109178,14
OVRP,640,ok,10.4423431223,12
OVRP,641,ok,10.4867523079,12
OVRP,642,ok,11.4477834119,13
OVRP,643,ok,13.1883347454,12
OVRP,644,ok,10.2577632107,13
OVRP,645,ok,11.8957964351,13
OVRP,646,ok,13.5039036970,13
OVRP,647,ok,12.3146173520,13
OVRP,648,ok,10.9317669870,14
OVRP,649,ok,11.5651040611,12
OVRP,650,ok,12.4464074233,13
OVRP,651,ok,13.3758728099,12
OVRP,652,ok,11.5118418009,13
OVRP,653,ok,10.4109108073,13
OVRP,654,ok,11.3210525623,13
OVRP,655,ok,12.3179463794,13
OVRP,656,ok,11.0412887416,12
OVRP,657,ok,12.0541696597,12
OVRP,658,ok,12.8729355812,11
OVRP,659,ok,13.8070682867,11
OVRP,660,ok,12.0676314508,13
OVRP,661,ok,10.9115067803,13
OVRP,662,ok,11.7570981674,14
OVRP,663,ok,11.3902359206,13
OVRP,664,ok,12.4331411819,14
OVRP,665,ok,11.2540673730,13
OVRP,666,ok,12.2534910805,11
OVRP,667,ok,12.2628084692,12
OVRP,668,ok,11.9107116251,13
OVRP,669,ok,10.2567041528,13
OVRP,670,ok,9.4377470820,11
OVRP,671,ok,13.3363053346,11
OVRP,672,ok,12.2476152146,13
OVRP,673,ok,10.8735816686,13
OVRP,674,ok,13.3437048465,14
OVRP,675,ok,10.3621610364,12
OVRP,676,ok,12.1424092830,12
OVRP,677,ok,11.2879137491,13
OVRP,678,ok,10.9551774959,13
OVRP,679,ok,9.8649316039,12
OVRP,680,ok,11.8771932447,13
OVRP,681,ok,11.0744623699,14
OVRP,682,ok,11.9291759892,14
OVRP,683,ok,11.8859530510,14
OVRP,684,ok,12.9951915329,12
OVRP,685,ok,13.5657250612,11
OVRP,686,ok,12.0010226539,12
OVRP,687,ok,9.8851623393,15
OVRP,688,ok,11.8923313657,11
OVRP,689,ok,10.2972407127,15
OVRP,690,ok,11.1533947305,13
OVRP,691,ok,10.3424385996,14
OVRP,692,ok,10.6712860764,14
OVRP,693,ok,9.8912737511,12
OVRP,694,ok,10.2199746834,14
OVRP,695,ok,10.1128543135,14
OVRP,696,ok,11.7886110491,12
OVRP,697,ok,11.5961896755,12
OVRP,698,ok,12.0421349467,14
OVRP,699,ok,10.4136222689,13
OVRP,700,ok,9.6197263911,12
OVRP,701,ok,12.4690320459,11
OVRP,702,ok,11.9580497039,13
OVRP,703,ok,10.0011211898,12
OVRP,704,ok,12.9357879797,12
OVRP,705,ok,11.3191530587,13
OVRP,706,ok,9.9407455894,12
OVRP,707,ok,11.1158714110,12
OVRP,708,ok,11.1617854131,13
OVRP,709,ok,11.4873749975,12
OVRP,710,ok,10.6336933464,12
OVRP,711,ok,10.4006945792,13
OVRP,712,ok,9.7554207006,12
OVRP,713,ok,10.9455223536,13
OVRP,714,ok,10.7552841217,14
OVRP,715,ok,11.0855098525,14
OVRP,716,ok,9.4675469321,13
OVRP,717,ok,11.9713215426,12
OVRP,718,ok,10.8597903915,12
OVRP,719,ok,9.6686065822,13
OVRP,720,ok,11.3318729007,14
OVRP,721,ok,12.9562968858,13
OVRP,722,ok,11.0246333471,15
OVRP,723,ok,10.8580234454,14
OVRP,724,ok,13.0918656010,13
OVRP,725,ok,10.0606404033,15
OVRP,726,ok,10.5050529145,12
OVRP,727,ok,10.7278280991,15
OVRP,728,ok,10.1184276789,13
OVRP,729,ok,11.5221954612,11
OVRP,730,ok,11.0647473397,13
OVRP,731,ok,13.9932163594,13
OVRP,732,ok,10.6641041699,12
OVRP,733,ok,12.6942786144,13
OVRP,734,ok,10.8931328443,13
OVRP,735,ok,10.9937904508,13
OVRP,736,ok,11.7248569070,15
OVRP,737,ok,12.0504175492,13
OVRP,738,ok,10.2981677215,12
OVRP,739,ok,11.4210032736,12
OVRP,740,ok,11.7787323066,14
OVRP,741,ok,11.0395793819,12
OVRP,742,ok,11.0894646972,14
OVRP,743,ok,11.4014451872,12
OVRP,744,ok,12.2288211936,13
OVRP,745,ok,9.9234430710,15
OVRP,746,ok,12.3476554139,11
OVRP,747,ok,11.3632107321,11
OVRP,748,ok,9.8079274135,11
OVRP,749,ok,12.2728486186,12
OVRP,750,ok,12.0375232453,12
OVRP,751,ok,10.7489190972,13
OVRP,752,ok,9.8134881057,12
OVRP,753,ok,11.3512252611,10
OVRP,754,ok,12.5184081881,12
OVRP,755,ok,11.9969223174,12
OVRP,756,ok,11.8804835426,15
OVRP,757,ok,12.1731216059,14
OVRP,758,ok,11.8741220263,13
OVRP,759,ok,12.2208765412,12
OVRP,760,ok,10.8674979898,15
OVRP,761,ok,12.1378946252,14
OVRP,762,ok,11.2735334322,11
OVRP,763,ok,11.5170262463,13
OVRP,764,ok,12.2446871851,11
OVRP,765,ok,10.2554713863,12
OVRP,766,ok,10.9772766158,14
OVRP,767,ok,10.6289884646,15
OVRP,768,ok,12.0364711297,13
OVRP,769,ok,12.7740783985,12
OVRP,770,ok,10.8552123890,14
OVRP,771,ok,10.6945289935,13
OVRP,772,ok,10.0019994829,14
OVRP,773,ok,11.1842554337,13
OVRP,774,ok,11.6363592637,11
OVRP,775,ok,11.6381455834,13
OVRP,776,ok,10.5930082442,12
OVRP,777,ok,11.9392465991,14
OVRP,778,ok,12.0127322142,15
OVRP,779,ok,11.2271510903,12
OVRP,780,ok,10.4803165807,11
OVRP,781,ok,11.0189218962,12
OVRP,782,ok,11.7906548024,15
OVRP,783,ok,11.0821637312,14
OVRP,784,ok,12.6952954293,13
OVRP,785,ok,11.3399899854,13
OVRP,786,ok,9.5573954144,11
OVRP,787,ok,11.5566356672,13
OVRP,788,ok,11.3698691893,14
OVRP,789,ok,10.9121465944,12
OVRP,790,ok,9.8076270151,11
OVRP,791,ok,10.1127014448,13
OVRP,792,ok,11.1602852420,14
OVRP,793,ok,11.7436931946,14
OVRP,794,ok,11.0084593645,13
OVRP,795,ok,10.4956043503,13
OVRP,796,ok,9.5244652807,13
OVRP,797,ok,10.5273258463,15
OVRP,798,ok,11.1846425928,14
OVRP,799,ok,12.7175505905,13
OVRP,800,ok,10.6262118193,12
OVRP,801,ok,11.5857932988,14
OVRP,802,ok,10.8773469042,13
OVRP,803,ok,11.6570939337,14
OVRP,804,ok,11.8417555931,12
OVRP,805,ok,10.0253602295,13
OVRP,806,ok,12.3770096487,13
OVRP,807,ok,10.4151307371,13
OVRP,808,ok,11.2718043759,13
OVRP,809,ok,9.5810918976,12
OVRP,810,ok,11.2200134327,15
OVRP,811,ok,10.4887054234,12
OVRP,812,ok,13.0167176572,13
OVRP,813,ok,10.6094538598,12
OVRP,814,ok,10.5089544716,13
OVRP,815,ok,9.9663426257,12
OVRP,816,ok,13.7006467249,12
OVRP,817,ok,10.5427068364,13
OVRP,818,ok,11.2189436355,13
OVRP,819,ok,11.2123882208,12
OVRP,820,ok,12.8729868639,13
OVRP,821,ok,9.5533315143,11
OVRP,822,ok,10.1641918469,13
OVRP,823,ok,11.8449699427,13
OVRP,824,ok,12.1684926239,12
OVRP,825,ok,12.5673027647,11
OVRP,826,ok,9.7016483940,10
OVRP,827,ok,12.4788826999,13
OVRP,828,ok,12.0386628259,13
OVRP,829,ok,11.7985887791,14
OVRP,830,ok,12.1958926760,12
OVRP,831,ok,10.0653767467,14
OVRP,832,ok,9.6302554712,12
OVRP,833,ok,11.5027321037,12
OVRP,834,ok,10.9429393247,13
OVRP,835,ok,10.3545716799,12
OVRP,836,ok,11.3913391293,13
OVRP,837,ok,12.9991909044,14
OVRP,838,ok,10.5605072352,12
OVRP,839,ok,10.6748212012,12
OVRP,840,ok,13.4603724235,13
OVRP,841,ok,12.3214451684,15
OVRP,842,ok,11.3001867165,14
OVRP,843,ok,10.0391370182,12
OVRP,844,ok,10.7932584813,12
OVRP,845,ok,11.0155829522,14
OVRP,846,ok,12.6329096049,15
OVRP,847,ok,12.3201452515,11
OVRP,848,ok,10.2579080645,12
OVRP,849,ok,10.8647514324,13
OVRP,850,ok,11.0403769131,13
OVRP,851,ok,12.9624267455,11
OVRP,852,ok,11.0506546721,13
OVRP,853,ok,11.5478536696,12
OVRP,854,ok,11.8976483094,16
OVRP,855,ok,9.7884223833,13
OVRP,856,ok,11.5955371296,12
OVRP,857,ok,11.7044110579,12
OVRP,858,ok,11.4101708730,14
OVRP,859,ok,11.9952441094,13
OVRP,860,ok,12.3401121730,12
OVRP,861,ok,10.4124200604,13
OVRP,862,ok,10.3319570647,12
OVRP,863,ok,10.0847131047,13
OVRP,864,ok,10.8516164367,13
OVRP,865,ok,11.3074717115,12
OVRP,866,ok,12.2743782706,12
OVRP,867,ok,9.4798346321,14
OVRP,868,ok,9.9597717719,12
OVRP,869,ok,12.3210516402,13
OVRP,870,ok,11.5535912770,13
OVRP,871,ok,11.2353838205,14
OVRP,872,ok,11.9212850260,12
OVRP,873,ok,10.0922433885,13
OVRP,874,ok,10.7814048232,15
OVRP,875,ok,11.0643640554,13
OVRP,876,ok,10.8303037324,13
OVRP,877,ok,10.6349879807,13
OVRP,878,ok,11.3531947932,15
OVRP,879,ok,10.8103449358,14
OVRP,880,ok,11.7442110668,15
OVRP,881,ok,11.6519602417,12
OVRP,882,ok,11.4404503826,12
OVRP,883,ok,9.5624614450,13
OVRP,884,ok,12.9973116892,13
OVRP,885,ok,12.5201719594,13
OVRP,886,ok,9.9867872978,12
OVRP,887,ok,9.3964578147,15
OVRP,888,ok,11.1936108811,15
OVRP,889,ok,12.5190463134,13
OVRP,890,ok,9.8841460904,14
OVRP,891,ok,11.6043455020,12
OVRP,892,ok,10.6845955965,13
OVRP,893,ok,11.6722932082,12
OVRP,894,ok,11.4495389209,12
OVRP,895,ok,12.4106137128,12
OVRP,896,ok,10.4696247233,12
OVRP,897,ok,13.1008675368,12
OVRP,898,ok,10.2476535982,13
OVRP,899,ok,10.9126310232,12
OVRP,900,ok,9.8059211930,14
OVRP,901,ok,11.5855437297,13
OVRP,902,ok,11.1160951429,13
OVRP,903,ok,10.9923419269,12
OVRP,904,ok,12.8764197091,12
OVRP,905,ok,11.2595745879,12
OVRP,906,ok,10.1455442771,14
OVRP,907,ok,9.7838312579,14
OVRP,908,ok,10.5517439802,14
OVRP,909,ok,11.1174993719,15
OVRP,910,ok,10.4230623524,12
OVRP,911,ok,11.1167373470,14
OVRP,912,ok,10.1166867972,11
OVRP,913,ok,11.9521733959,14
OVRP,914,ok,11.2054415087,11
OVRP,915,ok,9.9834111698,15
OVRP,916,ok,11.5210927953,14
OVRP,917,ok,9.8328869344,14
OVRP,918,ok,11.7670601446,14
OVRP,919,ok,10.3962338349,13
OVRP,920,ok,11.1652605656,12
OVRP,921,ok,10.3240213114,14
OVRP,922,ok,9.7347057113,13
OVRP,923,ok,9.9609935419,12
OVRP,924,ok,10.3092834819,13
OVRP,925,ok,10.1498708073,13
OVRP,926,ok,10.4988380137,11
OVRP,927,ok,11.9815717214,13
OVRP,928,ok,11.2149398198,13
OVRP,929,ok,12.0242369777,12
OVRP,930,ok,11.3006967893,15
OVRP,931,ok,10.1964141456,12
OVRP,932,ok,11.5749384205,12
OVRP,933,ok,11.3989454177,12
OVRP,934,ok,11.6859496814,11
OVRP,935,ok,11.0621594545,14
OVRP,936,ok,11.9560407064,12
OVRP,937,ok,10.8364913199,13
OVRP,938,ok,11.2283939842,13
OVRP,939,ok,9.9189114472,13
OVRP,940,ok,12.7563504202,13
OVRP,941,ok,10.8698512088,11
OVRP,942,ok,11.8524958496,13
OVRP,943,ok,10.9103712050,12
OVRP,944,ok,11.2757611518,11
OVRP,945,ok,12.0071207964,14
OVRP,946,ok,9.8537547278,15
OVRP,947,ok,10.0849267357,11
OVRP,948,ok,10.2640414363,11
OVRP,949,ok,11.3539164442,14
OVRP,950,ok,10.1959157436,12
OVRP,951,ok,11.7610129796,13
OVRP,952,ok,11.4364990700,13
OVRP,953,ok,9.8750946732,13
OVRP,954,ok,11.4544919125,13
OVRP,955,ok,13.2236980251,11
OVRP,956,ok,10.6683222782,12
OVRP,957,ok,12.7945874792,12
OVRP,958,ok,12.1199680810,13
OVRP,959,ok,11.0504045296,14
OVRP,960,ok,11.2484707272,13
OVRP,961,ok,12.1818701640,11
OVRP,962,ok,11.3708826498,13
OVRP,963,ok,10.0412512002,12
OVRP,964,ok,11.8663595796,14
OVRP,965,ok,10.6922157017,14
OVRP,966,ok,9.3815919368,13
OVRP,967,ok,11.6518035009,13
OVRP,968,ok,12.3094186471,11
OVRP,969,ok,14.5053853887,11
OVRP,970,ok,11.8965283662,12
OVRP,971,ok,11.0318078138,12
OVRP,972,ok,10.6713352375,12
OVRP,973,ok,12.6082101350,13
OVRP,974,ok,11.7146229017,13
OVRP,975,ok,10.8690238402,13
OVRP,976,ok,9.7861739963,13
OVRP,977,ok,10.9083215736,13
OVRP,978,ok,10.3204862621,13
OVRP,979,ok,11.3407152630,14
OVRP,980,ok,9.7274229589,13
OVRP,981,ok,10.5893731590,14
OVRP,982,ok,10.5140035494,15
OVRP,983,ok,10.6450271524,13
OVRP,984,ok,12.1105991847,12
OVRP,985,ok,11.4047222069,12
OVRP,986,ok,9.8178580655,12
OVRP,987,ok,12.2140500354,13
OVRP,988,ok,11.5267533894,12
OVRP,989,ok,11.5337924425,13
OVRP,990,ok,12.4037358941,14
OVRP,991,ok,10.1187814761,14
OVRP,992,ok,11.5117894651,15
OVRP,993,ok,11.4143248576,13
OVRP,994,ok,11.6606004245,13
OVRP,995,ok,12.0977503883,13
OVRP,996,ok,11.2023499371,13
OVRP,997,ok,10.7496130197,14
OVRP,998,ok,11.3841601921,13
OVRP,999,ok,10.3801466825,13
VRPB,0,ok,12.6708652809,8
VRPB,1,ok,11.1978493317,6
VRPB,2,ok,13.4519802500,7
VRPB,3,ok,11.4159481243,7
VRPB,4,ok,10.2773569042,6
VRPB,5,ok,14.0180849092,7
VRPB,6,ok,10.9109152256,6
VRPB,7,ok,12.9773099807,6
VRPB,8,ok,15.2757838464,7
VRPB,9,ok,12.4651848527,6
VRPB,10,ok,12.1275225564,7
VRPB,11,ok,14.4507875917,7
VRPB,12,ok,11.0702019160,6
VRPB,13,ok,14.4244567545,6
VRPB,14,ok,14.6462150428,6
VRPB,15,ok,10.9669308571,7
VRPB,16,ok,12.5501073785,7
VRPB,17,ok,13.7444878714,7
VRPB,18,ok,13.2959326093,7
VRPB,19,ok,10.8929026959,7
VRPB,20,ok,10.5202471589,6
VRPB,21,ok,12.6144379797,7
VRPB,22,ok,11.4139496250,6
VRPB,23,ok,12.7445186299,6
VRPB,24,ok,13.0320400058,6
VRPB,25,ok,12.2778470166,6
VRPB,26,ok,11.2328990507,7
VRPB,27,ok,13.4416322277,6
VRPB,28,ok,11.6234940918,7
VRPB,29,ok,11.8837220618,7
VRPB,30,ok,11.4347869902,7
VRPB,31,ok,12.5475789998,6
VRPB,32,ok,12.0587515457,6
VRPB,33,ok,13.5956254809,7
VRPB,34,ok,12.1680790823,7
VRPB,35,ok,13.4706131002,7
VRPB,36,ok,14.7151963189,6
VRPB,37,ok,11.9582877168,7
VRPB,38,ok,13.1497586017,8
VRPB,39,ok,12.5900277719,7
VRPB,40,ok,12.8471206118,6
VRPB,41,ok,11.3372574448,6
VRPB,42,ok,12.5541296962,6
VRPB,43,ok,15.9525433884,7
VRPB,44,ok,10.8259314129,7
VRPB,45,ok,11.6228086335,6
VRPB,46,ok,14.3146568421,6
VRPB,47,ok,14.4712521136,8
VRPB,48,ok,11.8631146532,7
VRPB,49,ok,13.6188438906,7
VRPB,50,ok,11.8268870195,7
VRPB,51,ok,11.0770139604,8
VRPB,52,ok,11.0848524333,7
VRPB,53,ok,12.7676045396,7
VRPB,54,ok,11.4475031775,6
VRPB,55,ok,13.2438067757,7
VRPB,56,ok,12.0866678937,6
VRPB,57,ok,11.1662601413,6
VRPB,58,ok,12.4563108270,8
VRPB,59,ok,13.0192658648,8
VRPB,60,ok,11.7960022604,8
VRPB,61,ok,13.5711932139,8
VRPB,62,ok,13.6138885648,6
VRPB,63,ok,13.7017508844,7
VRPB,64,ok,13.1239397277,8
VRPB,65,ok,13.1558480033,7
VRPB,66,ok,13.0480321179,7
VRPB,67,ok,13.0242654782,7
VRPB,68,ok,15.8450423184,7
VRPB,69,ok,12.2379137446,6
VRPB,70,ok,11.4828605180,7
VRPB,71,ok,13.4130775150,7
VRPB,72,ok,11.8279194274,6
VRPB,73,ok,11.5924966514,7
VRPB,74,ok,11.4990359457,7
VRPB,75,ok,14.0240555696,7
VRPB,76,ok,15.5544485494,7
VRPB,77,ok,12.2238120257,6
VRPB,78,ok,14.8532649341,7
VRPB,79,ok,14.3306049367,7
VRPB,80,ok,13.0262314811,6
VRPB,81,ok,11.1645209497,7
VRPB,82,ok,13.6089642054,6
VRPB,83,ok,12.1292182659,7
VRPB,84,ok,13.4138519815,6
VRPB,85,ok,13.9845001202,6
VRPB,86,ok,13.8853660568,6
VRPB,87,ok,12.5035466162,8
VRPB,88,ok,10.4689432552,6
VRPB,89,ok,11.2290818089,7
VRPB,90,ok,13.1579152915,8
VRPB,91,ok,10.8027635443,7
VRPB,92,ok,13.2587639726,6
VRPB,93,ok,11.2955607675,6
VRPB,94,ok,11.3885436462,7
VRPB,95,ok,11.5243810767,8
VRPB,96,ok,15.8394190687,7
VRPB,97,ok,11.2482496133,7
VRPB,98,ok,11.5366668224,6
VRPB,99,ok,11.9829737760,7
VRPB,100,ok,12.8493000064,7
VRPB,101,ok,12.1852596328,8
VRPB,102,ok,11.1370725029,7
VRPB,103,ok,13.5702134141,7
VRPB,104,ok,10.8268576176,6
VRPB,105,ok,12.7771259633,7
VRPB,106,ok,11.9982313223,7
VRPB,107,ok,13.1545258653,7
VRPB,108,ok,13.7528491350,7
VRPB,109,ok,14.5400315914,7
VRPB,110,ok,13.5249981232,7
VRPB,111,ok,11.3975992982,8
VRPB,112,ok,14.5351519209,7
VRPB,113,ok,10.7872450490,6
VRPB,114,ok,11.3400935322,8
VRPB,115,ok,11.9391501053,7
VRPB,116,ok,11.5141180489,7
VRPB,117,ok,12.6661711524,7
VRPB,118,ok,15.7376096125,7
VRPB,119,ok,11.7269098054,7
VRPB,120,ok,11.6342370216,6
VRPB,121,ok,12.8095786335,7
VRPB,122,ok,14.0597575162,9
VRPB,123,ok,10.4187791265,7
VRPB,124,ok,12.6771782506,6
VRPB,125,ok,15.2896769088,8
VRPB,126,ok,15.5050307787,8
VRPB,127,ok,12.7714083150,6
VRPB,128,ok,12.3969194647,6
VRPB,129,ok,14.3808753314,7
VRPB,130,ok,12.6619790276,6
VRPB,131,ok,12.5927090527,6
VRPB,132,ok,15.8795815812,8
VRPB,133,ok,12.7772594606,8
VRPB,134,ok,11.6994645549,6
VRPB,135,ok,11.4652412014,7
VRPB,136,ok,13.4785190762,7
VRPB,137,ok,11.2280290711,7
VRPB,138,ok,11.6138601613,6
VRPB,139,ok,13.7028970621,7
VRPB,140,ok,10.7076346290,7
VRPB,141,ok,11.8954419644,7
VRPB,142,ok,13.3285919507,7
VRPB,143,ok,12.5649919028,7
VRPB,144,ok,12.8360055744,6
VRPB,145,ok,16.4356027411,8
VRPB,146,ok,13.8555372382,7
VRPB,147,ok,12.1289748061,6
VRPB,148,ok,11.7128016183,7
VRPB,149,ok,14.1883620165,7
VRPB,150,ok,11.4324145077,6
VRPB,151,ok,14.4984545255,7
VRPB,152,ok,13.3824265750,7
VRPB,153,ok,13.4931054618,8
VRPB,154,ok,13.4460551285,8
VRPB,155,ok,12.8386756952,6
VRPB,156,ok,11.7811715647,7
VRPB,157,ok,11.9183449086,7
VRPB,158,ok,11.4675648467,8
VRPB,159,ok,13.5440470260,8
VRPB,160,ok,12.8073255170,7
VRPB,161,ok,10.8637814094,7
VRPB,162,ok,13.8605751901,8
VRPB,163,ok,11.4663154983,6
VRPB,164,ok,11.4929674044,7
VRPB,165,ok,15.2209549882,7
VRPB,166,ok,13.1541218801,6
VRPB,167,ok,11.7049311305,8
VRPB,168,ok,11.2043570342,7
VRPB,169,ok,16.5790298636,7
VRPB,170,ok,12.2370708296,6
VRPB,171,ok,14.3285710721,6
VRPB,172,ok,12.2497755297,6
VRPB,173,ok,14.3052738921,7
VRPB,174,ok,11.3518629497,6
VRPB,175,ok,11.3008184125,7
VRPB,176,ok,13.5173262166,7
VRPB,177,ok,12.2547364192,7
VRPB,178,ok,12.6203682360,7
VRPB,179,ok,12.4578098508,7
VRPB,180,ok,11.4206405860,7
VRPB,181,ok,13.6591985963,6
VRPB,182,ok,11.3070065056,6
VRPB,183,ok,13.9279731571,6
VRPB,184,ok,15.8568511284,8
VRPB,185,ok,11.2061841768,6
VRPB,186,ok,12.6784361523,6
VRPB,187,ok,11.8239433836,7
VRPB,188,ok,12.2903280593,7
VRPB,189,ok,13.3673016377,7
VRPB,190,ok,13.3116946914,7
VRPB,191,ok,11.7841941405,7
VRPB,192,ok,13.4843118335,7
VRPB,193,ok,14.3250796502,6
VRPB,194,ok,11.9753174712,7
VRPB,195,ok,16.5342298986,7
VRPB,196,ok,15.0944969626,7
VRPB,197,ok,12.2965382195,7
VRPB,198,ok,11.6387977016,7
VRPB,199,ok,12.5887438484,7
VRPB,200,ok,13.9586708540,6
VRPB,201,ok,12.1307047465,8
VRPB,202,ok,12.9531542348,7
VRPB,203,ok,13.5861230882,7
VRPB,204,ok,13.8147929183,8
VRPB,205,ok,12.2487638778,7
VRPB,206,ok,12.8915193701,6
VRPB,207,ok,13.7091457649,7
VRPB,208,ok,14.1299333674,7
VRPB,209,ok,13.2952191573,7
VRPB,210,ok,13.0230486276,8
VRPB,211,ok,11.6722510955,6
VRPB,212,ok,14.4145768091,7
VRPB,213,ok,17.3295878961,8
VRPB,214,ok,13.8081102638,6
VRPB,215,ok,11.4857442756,6
VRPB,216,ok,12.3590513685,7
VRPB,217,ok,14.9438974142,7
VRPB,218,ok,14.2572541467,6
VRPB,219,ok,14.2082899171,7
VRPB,220,ok,14.2623164090,6
VRPB,221,ok,14.6454081270,6
VRPB,222,ok,10.3035597359,6
VRPB,223,ok,15.0565639364,7
VRPB,224,ok,11.5906413106,7
VRPB,225,ok,11.4641638682,7
VRPB,226,ok,13.8682080186,7
VRPB,227,ok,13.3921005147,6
VRPB,228,ok,14.6726029719,8
VRPB,229,ok,12.1958657092,7
VRPB,230,ok,13.6591313176,6
VRPB,231,ok,13.8642795010,7
VRPB,232,ok,12.1668946991,7
VRPB,233,ok,13.5185978676,7
VRPB,234,ok,14.5929297390,7
VRPB,235,ok,14.0569186528,8
VRPB,236,ok,14.0715753469,7
VRPB,237,ok,13.9681928633,8
VRPB,238,ok,10.3759302001,6
VRPB,239,ok,14.5667284549,8
VRPB,240,ok,11.4322409242,7
VRPB,241,ok,11.3945457430,7
VRPB,242,ok,11.1601019870,6
VRPB,243,ok,12.0280166126,8
VRPB,244,ok,12.4310619408,7
VRPB,245,ok,13.2020892455,6
VRPB,246,ok,13.2514143380,7
VRPB,247,ok,14.3480557973,7
VRPB,248,ok,13.2785454166,7
VRPB,249,ok,15.0569800288,6
VRPB,250,ok,12.6601908859,8
VRPB,251,ok,12.1617749829,7
VRPB,252,ok,11.3784385870,6
VRPB,253,ok,10.6787549366,7
VRPB,254,ok,13.5097986422,6
VRPB,255,ok,12.3288270715,6
VRPB,256,ok,10.7215781760,7
VRPB,257,ok,12.5645395182,7
VRPB,258,ok,12.9969251362,6
VRPB,259,ok,12.0564733554,7
VRPB,260,ok,13.8042195996,7
VRPB,261,ok,13.2428037267,7
VRPB,262,ok,12.9048821273,7
VRPB,263,ok,14.2253067933,6
VRPB,264,ok,12.3011838168,7
VRPB,265,ok,14.0959756738,7
VRPB,266,ok,13.0695602060,7
VRPB,267,ok,9.9100943691,5
VRPB,268,ok,12.6963582729,8
VRPB,269,ok,14.3567750987,7
VRPB,270,ok,15.2259117465,7
VRPB,271,ok,11.5977169286,8
VRPB,272,ok,12.1802388092,7
VRPB,273,ok,13.3589352467,6
VRPB,274,ok,12.0761664950,6
VRPB,275,ok,13.2175521596,7
VRPB,276,ok,11.8192605052,7
VRPB,277,ok,14.3716107484,7
VRPB,278,ok,14.6696487882,8
VRPB,279,ok,13.8730556347,7
VRPB,280,ok,13.9146092333,8
VRPB,281,ok,11.2752147454,7
VRPB,282,ok,15.6502244049,8
VRPB,283,ok,12.8986247469,8
VRPB,284,ok,10.7011246570,7
VRPB,285,ok,15.7072304299,8
VRPB,286,ok,14.0361877468,8
VRPB,287,ok,13.2985864183,6
VRPB,288,ok,11.4731892890,7
VRPB,289,ok,11.6289294777,6
VRPB,290,ok,12.1943701448,7
VRPB,291,ok,12.6478929173,7
VRPB,292,ok,11.8654242157,7
VRPB,293,ok,10.6817828715,7
VRPB,294,ok,12.4916655755,7
VRPB,295,ok,13.6780089495,6
VRPB,296,ok,11.0753986981,6
VRPB,297,ok,12.5346381171,6
VRPB,298,ok,13.5757787357,6
VRPB,299,ok,12.9714805210,6
VRPB,300,ok,13.7115415560,7
VRPB,301,ok,13.0912341128,8
VRPB,302,ok,10.4165775479,6
VRPB,303,ok,11.1793201585,7
VRPB,304,ok,15.0904857207,7
VRPB,305,ok,11.2147802313,7
VRPB,306,ok,14.4416559532,7
VRPB,307,ok,13.1034749561,7
VRPB,308,ok,12.6589815299,8
VRPB,309,ok,15.6073674110,8
VRPB,310,ok,12.2656751758,6
VRPB,311,ok,12.4320210445,6
VRPB,312,ok,13.4511440608,7
VRPB,313,ok,12.2092464110,7
VRPB,314,ok,13.6854616263,7
VRPB,315,ok,15.6413207448,7
VRPB,316,ok,11.5889138008,7
VRPB,317,ok,11.2526955528,7
VRPB,318,ok,11.7618574419,7
VRPB,319,ok,13.1268844735,7
VRPB,320,ok,10.8378283240,6
VRPB,321,ok,14.3916350590,7
VRPB,322,ok,11.1324984593,7
VRPB,323,ok,12.3133068928,7
VRPB,324,ok,11.6481538950,6
VRPB,325,ok,11.8602651827,6
VRPB,326,ok,12.8878953535,7
VRPB,327,ok,13.6743522711,6
VRPB,328,ok,12.3141097637,7
VRPB,329,ok,13.7010421179,7
VRPB,330,ok,11.1015162661,6
VRPB,331,ok,12.7751285253,7
VRPB,332,ok,12.6190690132,6
VRPB,333,ok,11.3957991642,7
VRPB,334,ok,13.7888873576,7
VRPB,335,ok,14.7033652384,9
VRPB,336,ok,12.1895038444,7
VRPB,337,ok,15.3013789076,7
VRPB,338,ok,12.3872897537,7
VRPB,339,ok,13.3919784778,7
VRPB,340,ok,11.4307857399,7
VRPB,341,ok,11.9085120248,6
VRPB,342,ok,13.4986443761,6
VRPB,343,ok,11.0895481352,6
VRPB,344,ok,11.7246481381,7
VRPB,345,ok,11.2740726492,6
VRPB,346,ok,12.2814633540,7
VRPB,347,ok,13.5370224207,7
VRPB,348,ok,11.1307618411,7
VRPB,349,ok,13.3687067285,6
VRPB,350,ok,14.6354104587,6
VRPB,351,ok,11.0159575057,7
VRPB,352,ok,11.2643663066,7
VRPB,353,ok,12.1963484348,7
VRPB,354,ok,13.1852613676,7
VRPB,355,ok,12.4339026245,7
VRPB,356,ok,11.7901773735,6
VRPB,357,ok,12.6723545838,7
VRPB,358,ok,13.5051322041,6
VRPB,359,ok,14.2942540760,7
VRPB,360,ok,12.7138434758,7
VRPB,361,ok,13.0944478813,6
VRPB,362,ok,10.8342894115,6
VRPB,363,ok,10.1569762952,7
VRPB,364,ok,13.7447998199,6
VRPB,365,ok,12.6440832822,7
VRPB,366,ok,13.2328930109,7
VRPB,367,ok,12.6389913898,7
VRPB,368,ok,12.9109738490,7
VRPB,369,ok,14.8489042322,8
VRPB,370,ok,13.1170223408,7
VRPB,371,ok,12.7388080517,7
VRPB,372,ok,12.1136838971,6
VRPB,373,ok,10.7317442617,5
VRPB,374,ok,14.0689856791,7
VRPB,375,ok,12.0619036604,6
VRPB,376,ok,11.2010068712,7
VRPB,377,ok,13.1389299012,7
VRPB,378,ok,11.8205682222,7
VRPB,379,ok,10.3200799647,5
VRPB,380,ok,10.3910045761,7
VRPB,381,ok,13.4416461933,8
VRPB,382,ok,12.1621663199,6
VRPB,383,ok,12.5326252655,6
VRPB,384,ok,11.1996921662,6
VRPB,385,ok,11.8564070116,8
VRPB,386,ok,14.3258068782,8
VRPB,387,ok,10.5886010536,7
VRPB,388,ok,12.7362262559,8
VRPB,389,ok,11.5803512801,6
VRPB,390,ok,13.0267238083,7
VRPB,391,ok,12.7613810196,6
VRPB,392,ok,12.8218262476,7
VRPB,393,ok,12.1915187809,7
VRPB,394,ok,13.6877036531,7
VRPB,395,ok,11.5437668561,7
VRPB,396,ok,14.6315353578,8
VRPB,397,ok,11.3116725522,7
VRPB,398,ok,13.3476899308,7
VRPB,399,ok,13.0034336099,7
VRPB,400,ok,12.4793512039,7
VRPB,401,ok,10.7630381414,6
VRPB,402,ok,14.5542156794,6
VRPB,403,ok,12.5414856362,6
VRPB,404,ok,12.0575683171,6
VRPB,405,ok,12.8769571544,7
VRPB,406,ok,13.2028231583,7
VRPB,407,ok,11.8913318765,6
VRPB,408,ok,12.2498767008,7
VRPB,409,ok,13.8698209933,7
VRPB,410,ok,12.4119950564,7
VRPB,411,ok,10.6588484326,7
VRPB,412,ok,14.8635257154,8
VRPB,413,ok,11.6451578221,7
VRPB,414,ok,12.1054718517,7
VRPB,415,ok,11.1708896780,7
VRPB,416,ok,12.6154431975,6
VRPB,417,ok,13.9455503062,6
VRPB,418,ok,13.1841904419,8
VRPB,419,ok,12.8967110603,7
VRPB,420,ok,13.2603775353,7
VRPB,421,ok,13.5365789971,7
VRPB,422,ok,11.7344629554,7
VRPB,423,ok,13.7581069900,7
VRPB,424,ok,12.7960720704,6
VRPB,425,ok,14.0408183031,7
VRPB,426,ok,12.0477403864,6
VRPB,427,ok,11.6134536906,6
VRPB,428,ok,12.4355203713,6
VRPB,429,ok,12.7366034437,8
VRPB,430,ok,11.5980312679,7
VRPB,431,ok,10.3772748265,6
VRPB,432,ok,11.6110023950,7
VRPB,433,ok,12.1020873927,7
VRPB,434,ok,11.4413126507,6
VRPB,435,ok,10.5382234669,7
VRPB,436,ok,11.6013829365,6
VRPB,437,ok,10.6415301334,7
VRPB,438,ok,13.6453728550,7
VRPB,439,ok,11.9862095480,7
VRPB,440,ok,12.9691013385,7
VRPB,441,ok,10.9467444932,6
VRPB,442,ok,12.1805535138,8
VRPB,443,ok,12.1864898340,6
VRPB,444,ok,11.2311622341,7
VRPB,445,ok,11.4899356953,7
VRPB,446,ok,14.5003721296,7
VRPB,447,ok,14.7783168932,7
VRPB,448,ok,11.9141553021,8
VRPB,449,ok,11.9347716084,7
VRPB,450,ok,11.9033753165,7
VRPB,451,ok,11.2384480136,7
VRPB,452,ok,12.7507099163,7
VRPB,453,ok,11.9919985939,7
VRPB,454,ok,11.3413067165,6
VRPB,455,ok,13.5593985225,7
VRPB,456,ok,11.8191857897,6
VRPB,457,ok,11.5438785524,7
VRPB,458,ok,12.9089803764,7
VRPB,459,ok,11.6876186408,6
VRPB,460,ok,13.0266112328,7
VRPB,461,ok,11.7637321891,7
VRPB,462,ok,13.4010864266,6
VRPB,463,ok,13.1949501551,7
VRPB,464,ok,12.2105993501,7
VRPB,465,ok,12.0184103163,7
VRPB,466,ok,12.0557910973,8
VRPB,467,ok,12.5610764004,6
VRPB,468,ok,12.0112444060,7
VRPB,469,ok,13.7135435389,7
VRPB,470,ok,10.4665295057,7
VRPB,471,ok,12.9658130184,6
VRPB,472,ok,13.1453694335,6
VRPB,473,ok,13.6229077825,8
VRPB,474,ok,11.2543423058,7
VRPB,475,ok,11.3650345358,7
VRPB,476,ok,10.8636523242,8
VRPB,477,ok,10.4138913679,6
VRPB,478,ok,12.6572443389,7
VRPB,479,ok,12.7003226933,7
VRPB,480,ok,11.1509133140,6
VRPB,481,ok,11.4561278489,7
VRPB,482,ok,13.4508806692,8
VRPB,483,ok,12.3536505063,8
VRPB,484,ok,12.2162280556,6
VRPB,485,ok,12.6433949972,6
VRPB,486,ok,11.6402119918,6
VRPB,487,ok,11.4689374243,6
VRPB,488,ok,15.5068512358,7
VRPB,489,ok,13.6225461739,7
VRPB,490,ok,13.6334532276,6
VRPB,491,ok,12.4320985694,8
VRPB,492,ok,11.4460867797,7
VRPB,493,ok,13.6626004418,7
VRPB,494,ok,14.1703378917,8
VRPB,495,ok,12.8790665315,7
VRPB,496,ok,11.9397545518,7
VRPB,497,ok,13.2433285416,8
VRPB,498,ok,14.5030978178,7
VRPB,499,ok,15.2024690833,7
VRPB,500,ok,11.0825285238,6
VRPB,501,ok,11.9023483890,6
VRPB,502,ok,10.8619252307,7
VRPB,503,ok,10.8395754999,5
VRPB,504,ok,12.2771171542,6
VRPB,505,ok,12.9528941190,8
VRPB,506,ok,13.6197681800,7
VRPB,507,ok,11.9146190067,6
VRPB,508,ok,11.3849032544,6
VRPB,509,ok,12.4841497442,7
VRPB,510,ok,14.2278235305,8
VRPB,511,ok,13.9758125525,7
VRPB,512,ok,14.3380038260,8
VRPB,513,ok,13.7685519864,8
VRPB,514,ok,14.2667642659,7
VRPB,515,ok,12.6869222622,7
VRPB,516,ok,12.4169816391,7
VRPB,517,ok,12.5546153144,7
VRPB,518,ok,13.7728271473,7
VRPB,519,ok,11.4525467793,7
VRPB,520,ok,13.5497745182,7
VRPB,521,ok,11.5996446858,7
VRPB,522,ok,10.3843998910,6
VRPB,523,ok,13.0004119318,6
VRPB,524,ok,11.9464780528,7
VRPB,525,ok,11.6762665956,8
VRPB,526,ok,12.6495977967,8
VRPB,527,ok,11.5654152622,7
VRPB,528,ok,11.2414441467,8
VRPB,529,ok,11.3680598076,7
VRPB,530,ok,14.9172206103,8
VRPB,531,ok,12.2738633212,7
VRPB,532,ok,11.9160258415,8
VRPB,533,ok,15.2555022722,7
VRPB,534,ok,10.4700041363,7
VRPB,535,ok,10.7104180353,7
VRPB,536,ok,11.0663090504,7
VRPB,537,ok,12.9485558906,7
VRPB,538,ok,12.6996444353,6
VRPB,539,ok,13.4295001677,7
VRPB,540,ok,14.6934125990,8
VRPB,541,ok,12.9543195014,6
VRPB,542,ok,11.1019744490,6
VRPB,543,ok,11.9096316519,6
VRPB,544,ok,11.2021544753,7
VRPB,545,ok,10.2084513605,6
VRPB,546,ok,13.6193521093,6
VRPB,547,ok,11.2525433645,7
VRPB,548,ok,12.7005512775,7
VRPB,549,ok,10.6783878203,6
VRPB,550,ok,13.2415314876,7
VRPB,551,ok,11.3216948055,6
VRPB,552,ok,11.9290969892,7
VRPB,553,ok,13.3659156071,7
VRPB,554,ok,13.8964093900,6
VRPB,555,ok,11.4668248183,7
VRPB,556,ok,11.4959410667,6
VRPB,557,ok,14.2368874323,7
VRPB,558,ok,14.1927511667,7
VRPB,559,ok,11.8627952789,7
VRPB,560,ok,13.2921882656,6
VRPB,561,ok,12.7807223172,6
VRPB,562,ok,13.8786335565,6
VRPB,563,ok,12.3130492481,7
VRPB,564,ok,11.7108723828,8
VRPB,565,ok,14.5598075093,7
VRPB,566,ok,10.8835219700,8
VRPB,567,ok,11.7053886464,6
VRPB,568,ok,12.5101226416,6
VRPB,569,ok,12.4744549367,7
VRPB,570,ok,12.4908839625,6
VRPB,571,ok,11.3238897067,6
VRPB,572,ok,11.4859572635,7
VRPB,573,ok,10.9750188580,6
VRPB,574,ok,14.7804519344,7
VRPB,575,ok,12.3052577255,8
VRPB,576,ok,14.5764804344,8
VRPB,577,ok,12.3417936766,7
VRPB,578,ok,11.2962653463,8
VRPB,579,ok,12.0084546614,7
VRPB,580,ok,14.1937339028,8
VRPB,581,ok,11.6228973205,6
VRPB,582,ok,13.2352584329,8
VRPB,583,ok,11.9534278881,7
VRPB,584,ok,13.8903232796,6
VRPB,585,ok,12.0728788042,8
VRPB,586,ok,11.1847485006,7
VRPB,587,ok,12.6270594062,7
VRPB,588,ok,13.9496178338,8
VRPB,589,ok,12.3530904524,7
VRPB,590,ok,12.5395138263,7
VRPB,591,ok,13.5838201880,7
VRPB,592,ok,12.1356315869,7
VRPB,593,ok,13.2109163829,7
VRPB,594,ok,13.0070568498,7
VRPB,595,ok,12.1902699089,7
VRPB,596,ok,12.7486058430,7
VRPB,597,ok,11.1992459308,6
VRPB,598,ok,13.6721418335,7
VRPB,599,ok,12.2338638580,7
VRPB,600,ok,13.2237930722,6
VRPB,601,ok,12.9478870926,7
VRPB,602,ok,12.6246176330,8
VRPB,603,ok,11.7883872772,8
VRPB,604,ok,13.6146004358,8
VRPB,605,ok,10.4952409395,7
VRPB,606,ok,12.1619478016,9
VRPB,607,ok,12.3979797713,7
VRPB,608,ok,14.0790543285,7
VRPB,609,ok,12.4983658155,7
VRPB,610,ok,10.8009143272,6
VRPB,611,ok,15.2686032800,7
VRPB,612,ok,10.4485228685,6
VRPB,613,ok,13.3026933314,6
VRPB,614,ok,12.4327552995,5
VRPB,615,ok,15.9207856080,7
VRPB,616,ok,12.6791086378,6
VRPB,617,ok,13.4538315236,7
VRPB,618,ok,12.1002597457,7
VRPB,619,ok,11.8457779790,7
VRPB,620,ok,12.1881588455,6
VRPB,621,ok,10.6375352779,6
VRPB,622,ok,13.7958692465,8
VRPB,623,ok,12.9484609571,8
VRPB,624,ok,12.7882292823,7
VRPB,625,ok,10.3298528190,5
VRPB,626,ok,12.6196597553,7
VRPB,627,ok,11.7307709968,7
VRPB,628,ok,13.4902350438,7
VRPB,629,ok,13.5338912773,8
VRPB,630,ok,12.1436039507,7
VRPB,631,ok,10.8343689519,6
VRPB,632,ok,10.4805172706,6
VRPB,633,ok,10.7646865230,6
VRPB,634,ok,11.5132118740,7
VRPB,635,ok,13.5883419910,6
VRPB,636,ok,11.9439884957,6
VRPB,637,ok,12.0770614107,7
VRPB,638,ok,11.6321023321,6
VRPB,639,ok,10.7449062504,6
VRPB,640,ok,11.7395801648,7
VRPB,641,ok,14.1367033866,7
VRPB,642,ok,12.3034274197,6
VRPB,643,ok,10.6584745184,6
VRPB,644,ok,12.7414406768,6
VRPB,645,ok,10.9679322674,7
VRPB,646,ok,11.3126438756,6
VRPB,647,ok,10.3880215084,6
VRPB,648,ok,11.0920565290,6
VRPB,649,ok,11.7556468963,7
VRPB,650,ok,10.9861461912,7
VRPB,651,ok,12.2821491716,7
VRPB,652,ok,14.2063655483,6
VRPB,653,ok,13.1014535962,6
VRPB,654,ok,13.9870741740,7
VRPB,655,ok,11.3585154502,7
VRPB,656,ok,15.6896320100,8
VRPB,657,ok,11.8364421778,7
VRPB,658,ok,12.6465852474,7
VRPB,659,ok,11.8788927440,6
VRPB,660,ok,10.9333619021,8
VRPB,661,ok,12.9120501380,7
VRPB,662,ok,11.8810292370,6
VRPB,663,ok,11.8683269211,5
VRPB,664,ok,10.8974484447,7
VRPB,665,ok,11.8212520750,8
VRPB,666,ok,13.4674748744,7
VRPB,667,ok,12.0419190806,7
VRPB,668,ok,11.8562897971,6
VRPB,669,ok,12.2863305988,7
VRPB,670,ok,12.9668586040,6
VRPB,671,ok,11.6909426509,7
VRPB,672,ok,11.4700129466,7
VRPB,673,ok,14.1533499166,7
VRPB,674,ok,12.1426689886,6
VRPB,675,ok,11.1266732830,6
VRPB,676,ok,11.4322846963,7
VRPB,677,ok,10.9975342440,7
VRPB,678,ok,12.0809281818,7
VRPB,679,ok,13.5297163852,6
VRPB,680,ok,12.7215423870,7
VRPB,681,ok,14.0816317384,7
VRPB,682,ok,11.6169799835,6
VRPB,683,ok,13.1563527406,7
VRPB,684,ok,13.4334760090,8
VRPB,685,ok,10.9618195969,7
VRPB,686,ok,14.9798934162,7
VRPB,687,ok,14.1633600914,7
VRPB,688,ok,11.1790937912,8
VRPB,689,ok,13.9920534443,7
VRPB,690,ok,11.2765198479,7
VRPB,691,ok,12.6966325692,7
VRPB,692,ok,13.2562276434,7
VRPB,693,ok,13.5942071015,7
VRPB,694,ok,12.4702390387,7
VRPB,695,ok,13.4996623776,6
VRPB,696,ok,13.3364950149,7
VRPB,697,ok,14.0349734902,7
VRPB,698,ok,14.2029717764,7
VRPB,699,ok,12.2584516096,7
VRPB,700,ok,13.1457386943,8
VRPB,701,ok,9.8860700652,6
VRPB,702,ok,14.2475678861,7
VRPB,703,ok,12.2959844728,7
VRPB,704,ok,11.7655364653,7
VRPB,705,ok,13.1434494478,8
VRPB,706,ok,14.1136704899,7
VRPB,707,ok,11.6555180388,8
VRPB,708,ok,12.4397839470,7
VRPB,709,ok,13.8598852581,6
VRPB,710,ok,13.4176811368,7
VRPB,711,ok,12.7298082233,7
VRPB,712,ok,10.9478430018,7
VRPB,713,ok,13.5455883965,8
VRPB,714,ok,13.8172591728,7
VRPB,715,ok,12.0196046252,7
VRPB,716,ok,12.4605765846,6
VRPB,717,ok,13.9704047500,7
VRPB,718,ok,12.9398542969,6
VRPB,719,ok,11.1607145986,7
VRPB,720,ok,12.2389444718,7
VRPB,721,ok,11.3731168530,7
VRPB,722,ok,13.5838108362,7
VRPB,723,ok,9.9989802493,5
VRPB,724,ok,14.2036156184,6
VRPB,725,ok,12.8683315488,6
VRPB,726,ok,13.8765402753,7
VRPB,727,ok,14.2087520100,7
VRPB,728,ok,10.3157705503,7
VRPB,729,ok,13.8048673601,7
VRPB,730,ok,13.1624426452,7
VRPB,731,ok,12.1682686280,8
VRPB,732,ok,12.1195126558,7
VRPB,733,ok,11.0659756091,6
VRPB,734,ok,10.8248625062,6
VRPB,735,ok,11.9123834486,7
VRPB,736,ok,11.5382772690,7
VRPB,737,ok,12.3225402536,8
VRPB,738,ok,12.0702917921,6
VRPB,739,ok,10.4315354438,7
VRPB,740,ok,12.0763051525,7
VRPB,741,ok,12.0116718706,6
VRPB,742,ok,14.8661375074,7
VRPB,743,ok,11.5051416991,8
VRPB,744,ok,14.4333524229,7
VRPB,745,ok,13.6530209781,7
VRPB,746,ok,12.3628562179,7
VRPB,747,ok,13.4549951665,7
VRPB,748,ok,11.8248380999,6
VRPB,749,ok,12.6428257190,7
VRPB,750,ok,13.0490713380,6
VRPB,751,ok,11.5858193254,7
VRPB,752,ok,11.0016984291,7
VRPB,753,ok,14.9892103103,7
VRPB,754,ok,12.8504945309,7
VRPB,755,ok,15.7093427072,7
VRPB,756,ok,12.1405830252,7
VRPB,757,ok,12.7021332001,7
VRPB,758,ok,10.6318167732,7
VRPB,759,ok,13.0003893996,6
VRPB,760,ok,12.4459081042,7
VRPB,761,ok,11.0600784029,6
VRPB,762,ok,11.8795532059,7
VRPB,763,ok,10.8463050005,6
VRPB,764,ok,13.6383682507,7
VRPB,765,ok,13.0730509193,7
VRPB,766,ok,11.7048637609,7
VRPB,767,ok,11.8708640619,7
VRPB,768,ok,14.5609849285,7
VRPB,769,ok,12.1871040781,7
VRPB,770,ok,11.1669359816,7
VRPB,771,ok,13.1991351973,7
VRPB,772,ok,14.5091740504,7
VRPB,773,ok,14.3904792648,6
VRPB,774,ok,13.4204519250,6
VRPB,775,ok,14.9659157173,7
VRPB,776,ok,13.1359419217,7
VRPB,777,ok,13.2590075544,7
VRPB,778,ok,11.4552964371,7
VRPB,779,ok,12.4060713304,6
VRPB,780,ok,12.0819590467,7
VRPB,781,ok,14.8090048630,7
VRPB,782,ok,13.0581767579,8
VRPB,783,ok,14.1037994209,8
VRPB,784,ok,11.3221889370,7
VRPB,785,ok,13.4640022978,6
VRPB,786,ok,9.9232278427,6
VRPB,787,ok,12.1337140393,7
VRPB,788,ok,11.1361422304,7
VRPB,789,ok,10.6380212957,8
VRPB,790,ok,11.9148756782,7
VRPB,791,ok,10.0797249804,6
VRPB,792,ok,11.7085664942,6
VRPB,793,ok,11.6704497260,7
VRPB,794,ok,11.9839369522,7
VRPB,795,ok,12.4548374357,7
VRPB,796,ok,12.0442391866,6
VRPB,797,ok,10.8638351154,6
VRPB,798,ok,12.5526355800,7
VRPB,799,ok,13.6528974335,8
VRPB,800,ok,11.7907977589,6
VRPB,801,ok,12.0121297338,7
VRPB,802,ok,14.4970644722,7
VRPB,803,ok,11.7929685294,8
VRPB,804,ok,11.3645961610,7
VRPB,805,ok,11.3786880954,7
VRPB,806,ok,12.1537305337,7
VRPB,807,ok,11.7906694687,7
VRPB,808,ok,10.7668307473,7
VRPB,809,ok,11.4947438363,6
VRPB,810,ok,15.3265960499,7
VRPB,811,ok,12.1276952078,6
VRPB,812,ok,12.1089962574,6
VRPB,813,ok,12.2923318236,7
VRPB,814,ok,13.3400840893,7
VRPB,815,ok,11.8310730994,7
VRPB,816,ok,14.0910913418,7
VRPB,817,ok,12.9231823500,8
VRPB,818,ok,12.6675932441,6
VRPB,819,ok,12.3083844929,8
VRPB,820,ok,13.4583739424,7
VRPB,821,ok,13.7040524121,8
VRPB,822,ok,11.9078691957,7
VRPB,823,ok,11.6418593143,6
VRPB,824,ok,12.2175309091,5
VRPB,825,ok,12.5961906661,6
VRPB,826,ok,11.9493571100,7
VRPB,827,ok,13.7741450031,8
VRPB,828,ok,14.4704062976,7
VRPB,829,ok,11.5421606621,6
VRPB,830,ok,11.5220352742,7
VRPB,831,ok,13.8985148492,6
VRPB,832,ok,12.0473103268,7
VRPB,833,ok,13.4602911617,7
VRPB,834,ok,12.1648638243,7
VRPB,835,ok,12.1798473998,7
VRPB,836,ok,12.0878871498,9
VRPB,837,ok,13.9632097428,8
VRPB,838,ok,11.6275092679,7
VRPB,839,ok,11.0003490271,7
VRPB,840,ok,12.7771174478,7
VRPB,841,ok,15.4530078592,8
VRPB,842,ok,13.6539318039,6
VRPB,843,ok,12.2308357524,6
VRPB,844,ok,12.5812348672,8
VRPB,845,ok,13.9241376542,7
VRPB,846,ok,13.9902769646,7
VRPB,847,ok,12.2218953342,6
VRPB,848,ok,13.5777807684,7
VRPB,849,ok,11.3487387784,7
VRPB,850,ok,11.8779945384,6
VRPB,851,ok,12.8183580249,7
VRPB,852,ok,10.8510545924,6
VRPB,853,ok,13.0185314891,8
VRPB,854,ok,13.5220452156,7
VRPB,855,ok,15.0397788921,7
VRPB,856,ok,12.0375828634,7
VRPB,857,ok,14.6289801175,7
VRPB,858,ok,10.5340061734,6
VRPB,859,ok,11.9061479765,8
VRPB,860,ok,14.0065825229,7
VRPB,861,ok,12.8577037613,7
VRPB,862,ok,14.4543438594,8
VRPB,863,ok,13.1060755288,7
VRPB,864,ok,13.1110435299,7
VRPB,865,ok,12.1056627247,6
VRPB,866,ok,11.3980360345,7
VRPB,867,ok,13.1543526478,6
VRPB,868,ok,12.8155473179,7
VRPB,869,ok,11.7646618166,7
VRPB,870,ok,13.6005116757,7
VRPB,871,ok,11.7473254888,7
VRPB,872,ok,10.1842834958,7
VRPB,873,ok,10.6094486632,6
VRPB,874,ok,12.1235258849,6
VRPB,875,ok,15.2734107481,7
VRPB,876,ok,13.8805178200,7
VRPB,877,ok,12.1410451568,7
VRPB,878,ok,12.4574812438,6
VRPB,879,ok,12.7438904030,7
VRPB,880,ok,12.3455421708,6
VRPB,881,ok,10.5955412896,7
VRPB,882,ok,11.7956858329,7
VRPB,883,ok,12.9227878520,7
VRPB,884,ok,12.8971669327,7
VRPB,885,ok,11.3045714072,6
VRPB,886,ok,15.2137447815,7
VRPB,887,ok,12.6702962677,7
VRPB,888,ok,14.4638836797,7
VRPB,889,ok,12.4763943561,7
VRPB,890,ok,14.6792885285,7
VRPB,891,ok,11.6702675073,6
VRPB,892,ok,12.1603011061,6
VRPB,893,ok,12.3357057021,7
VRPB,894,ok,13.0066323906,7
VRPB,895,ok,14.2297337474,8
VRPB,896,ok,11.3057490512,7
VRPB,897,ok,12.2302000215,7
VRPB,898,ok,11.7655973327,8
VRPB,899,ok,12.3730829380,8
VRPB,900,ok,14.1350844980,8
VRPB,901,ok,14.3635493197,6
VRPB,902,ok,11.5131514970,7
VRPB,903,ok,13.0663240635,6
VRPB,904,ok,10.3287093768,6
VRPB,905,ok,12.8546886136,7
VRPB,906,ok,12.6115396845,6
VRPB,907,ok,14.1812837351,7
VRPB,908,ok,13.5223833461,7
VRPB,909,ok,12.4203129275,6
VRPB,910,ok,11.9614994283,6
VRPB,911,ok,14.4582654530,7
VRPB,912,ok,12.9070486326,7
VRPB,913,ok,13.4004194761,6
VRPB,914,ok,12.5689321166,7
VRPB,915,ok,11.4727610740,6
VRPB,916,ok,11.9900918083,6
VRPB,917,ok,12.8696034709,7
VRPB,918,ok,11.1177113149,8
VRPB,919,ok,14.0053072656,7
VRPB,920,ok,12.0028837431,6
VRPB,921,ok,12.9972815502,8
VRPB,922,ok,10.4707627814,7
VRPB,923,ok,13.4379066813,6
VRPB,924,ok,13.9424908540,7
VRPB,925,ok,11.2810539674,7
VRPB,926,ok,12.6464497530,6
VRPB,927,ok,11.0173937099,6
VRPB,928,ok,11.7653942240,5
VRPB,929,ok,12.2928880125,6
VRPB,930,ok,13.6864464717,7
VRPB,931,ok,10.9689529765,7
VRPB,932,ok,13.1807068449,6
VRPB,933,ok,13.8869087179,6
VRPB,934,ok,13.6211114052,7
VRPB,935,ok,14.2218217589,7
VRPB,936,ok,13.3401456838,7
VRPB,937,ok,13.4153211673,8
VRPB,938,ok,11.8702400838,8
VRPB,939,ok,14.8330616135,8
VRPB,940,ok,11.3451908748,6
VRPB,941,ok,11.8349386937,6
VRPB,942,ok,11.1058728992,7
VRPB,943,ok,16.2904258393,8
VRPB,944,ok,10.7148075419,7
VRPB,945,ok,12.6093419227,6
VRPB,946,ok,12.6417526935,7
VRPB,947,ok,16.4565272166,7
VRPB,948,ok,11.7709577756,7
VRPB,949,ok,10.7990869962,7
VRPB,950,ok,12.2485876395,7
VRPB,951,ok,11.9338667361,8
VRPB,952,ok,10.7970281708,6
VRPB,953,ok,10.7642952868,6
VRPB,954,ok,12.1292252419,6
VRPB,955,ok,11.4683853828,6
VRPB,956,ok,12.9408865771,8
VRPB,957,ok,10.6989399383,6
VRPB,958,ok,13.8172152107,7
VRPB,959,ok,12.7704353933,7
VRPB,960,ok,12.1981867969,7
VRPB,961,ok,12.9748574748,7
VRPB,962,ok,11.1388719683,7
VRPB,963,ok,14.3468968994,7
VRPB,964,ok,10.3699615753,6
VRPB,965,ok,12.3414952319,6
VRPB,966,ok,11.7784344030,8
VRPB,967,ok,10.8735656516,7
VRPB,968,ok,12.5245273217,6
VRPB,969,ok,10.8725507086,5
VRPB,970,ok,12.7744981991,7
VRPB,971,ok,11.6916442288,8
VRPB,972,ok,12.2116107735,7
VRPB,973,ok,14.6044432452,6
VRPB,974,ok,14.6897787280,7
VRPB,975,ok,12.7724331511,6
VRPB,976,ok,11.8485037977,7
VRPB,977,ok,12.4992965743,6
VRPB,978,ok,12.4939839529,7
VRPB,979,ok,15.3970317448,7
VRPB,980,ok,10.1199224841,6
VRPB,981,ok,12.4642301684,7
VRPB,982,ok,13.5675411817,6
VRPB,983,ok,14.0108100642,8
VRPB,984,ok,11.2127100182,7
VRPB,985,ok,13.3793706602,6
VRPB,986,ok,10.6638021551,6
VRPB,987,ok,11.5948468752,6
VRPB,988,ok,11.3542210047,6
VRPB,989,ok,14.2593304359,7
VRPB,990,ok,13.2092876305,6
VRPB,991,ok,12.6993753565,7
VRPB,992,ok,10.9340789484,6
VRPB,993,ok,11.1857219108,8
VRPB,994,ok,13.2397299967,6
VRPB,995,ok,10.7501498766,6
VRPB,996,ok,12.1346248641,7
VRPB,997,ok,15.0293035983,7
VRPB,998,ok,12.8891294368,6
VRPB,999,ok,14.7374038697,8
VRPL,0,ok,16.3935712569,12
VRPL,1,ok,15.6133507566,12
VRPL,2,ok,17.8291716737,12
VRPL,3,ok,14.0287284538,11
VRPL,4,ok,16.8000457657,11
VRPL,5,ok,19.0098489551,11
VRPL,6,ok,16.1233896215,11
VRPL,7,ok,13.6667420155,11
VRPL,8,ok,13.8405897421,11
VRPL,9,ok,16.0241731304,11
VRPL,10,ok,15.0045095206,10
VRPL,11,ok,14.0130070677,10
VRPL,12,ok,21.3118721093,12
VRPL,13,ok,17.3982949985,11
VRPL,14,ok,15.1076894762,12
VRPL,15,ok,17.6962423699,10
VRPL,16,ok,21.4142246637,11
VRPL,17,ok,19.2816369428,11
VRPL,18,ok,17.6148404423,11
VRPL,19,ok,14.1760073471,12
VRPL,20,ok,18.3324134243,10
VRPL,21,ok,18.3383140719,11
VRPL,22,ok,15.8934120304,11
VRPL,23,ok,16.1419088042,11
VRPL,24,ok,15.0329544129,11
VRPL,25,ok,17.7796160446,12
VRPL,26,ok,15.3651062011,10
VRPL,27,ok,17.7243682758,11
VRPL,28,ok,17.3119284710,12
VRPL,29,ok,16.0566497895,11
VRPL,30,ok,16.6779028717,11
VRPL,31,ok,16.2517073752,11
VRPL,32,ok,15.5340908149,11
VRPL,33,ok,17.1196885529,11
VRPL,34,ok,22.0432075569,11
VRPL,35,ok,18.2390461972,12
VRPL,36,ok,15.1397561310,11
VRPL,37,ok,15.4507426774,11
VRPL,38,ok,14.4553617876,12
VRPL,39,ok,18.9396782355,11
VRPL,40,ok,17.6941173235,11
VRPL,41,ok,15.5217250736,11
VRPL,42,ok,15.7234428109,11
VRPL,43,ok,14.4246154440,11
VRPL,44,ok,14.8404350086,12
VRPL,45,ok,19.0847188448,12
VRPL,46,ok,18.3912329063,11
VRPL,47,ok,16.3920999705,10
VRPL,48,ok,17.7301449605,11
VRPL,49,ok,17.9386712786,10
VRPL,50,ok,14.1655509342,10
VRPL,51,ok,16.9070201227,11
VRPL,52,ok,18.9392073782,12
VRPL,53,ok,16.5596297070,12
VRPL,54,ok,15.0644326430,11
VRPL,55,ok,19.7482548191,11
VRPL,56,ok,13.8867706724,11
VRPL,57,ok,18.0579984548,10
VRPL,58,ok,17.8339637453,10
VRPL,59,ok,15.2868330580,12
VRPL,60,ok,16.3573037260,11
VRPL,61,ok,17.1721645260,11
VRPL,62,ok,16.0107128097,11
VRPL,63,ok,15.1753258682,12
VRPL,64,ok,14.9261553878,9
VRPL,65,ok,17.3826203849,11
VRPL,66,ok,19.6100944465,11
VRPL,67,ok,18.9743876379,11
VRPL,68,ok,15.4472467933,12
VRPL,69,ok,20.2496202382,11
VRPL,70,ok,18.9710762760,11
VRPL,71,ok,14.0978635169,11
VRPL,72,ok,17.2139570222,11
VRPL,73,ok,15.7004491280,12
VRPL,74,ok,16.8032801146,12
VRPL,75,ok,15.3309136460,11
VRPL,76,ok,16.5427544862,12
VRPL,77,ok,14.7185772223,12
VRPL,78,ok,18.5914952576,10
VRPL,79,ok,18.4653350991,10
VRPL,80,ok,14.1591711079,11
VRPL,81,ok,17.9286014294,13
VRPL,82,ok,17.5910913105,11
VRPL,83,ok,15.9117850364,11
VRPL,84,ok,17.6293292389,12
VRPL,85,ok,19.8764364015,10
VRPL,86,ok,14.9143341223,11
VRPL,87,ok,16.6850560929,11
VRPL,88,ok,15.2767320860,11
VRPL,89,ok,13.9300172388,11
VRPL,90,ok,14.7629065540,12
VRPL,91,ok,19.2282067679,12
VRPL,92,ok,15.2401778310,11
VRPL,93,ok,17.6828452417,10
VRPL,94,ok,19.1800852182,11
VRPL,95,ok,14.1735136186,10
VRPL,96,ok,17.5846581406,12
VRPL,97,ok,18.0217884720,11
VRPL,98,ok,18.6437670592,12
VRPL,99,ok,21.8591712776,10
VRPL,100,ok,16.8669229425,11
VRPL,101,ok,15.2223025720,10
VRPL,102,ok,16.4332625369,10
VRPL,103,ok,15.7466125657,11
VRPL,104,ok,16.2706545697,12
VRPL,105,ok,19.6783316220,10
VRPL,106,ok,13.4483441808,11
VRPL,107,ok,14.8602419172,11
VRPL,108,ok,19.5635042210,12
VRPL,109,ok,17.4920800622,11
VRPL,110,ok,19.0665120705,12
VRPL,111,ok,15.4053969487,12
VRPL,112,ok,16.1987180872,10
VRPL,113,ok,15.4003088976,10
VRPL,114,ok,16.8039061889,11
VRPL,115,ok,15.7495081480,11
VRPL,116,ok,21.4276662577,11
VRPL,117,ok,15.3631546609,11
VRPL,118,ok,19.9750753826,11
VRPL,119,ok,16.7627246573,11
VRPL,120,ok,14.4689630591,11
VRPL,121,ok,15.1582394600,12
VRPL,122,ok,14.3958600198,11
VRPL,123,ok,17.1211972426,11
VRPL,124,ok,17.8136661537,11
VRPL,125,ok,14.6615242385,11
VRPL,126,ok,18.6261128255,10
VRPL,127,ok,16.2852925489,11
VRPL,128,ok,17.5191403872,11
VRPL,129,ok,14.8199677709,13
VRPL,130,ok,16.0186563114,11
VRPL,131,ok,17.0800796400,12
VRPL,132,ok,18.2253814267,12
VRPL,133,ok,16.6966114825,11
VRPL,134,ok,18.5318245588,11
VRPL,135,ok,14.6103887031,12
VRPL,136,ok,17.4002957599,10
VRPL,137,ok,17.4338528674,13
VRPL,138,ok,16.6489081905,11
VRPL,139,ok,19.3195169131,11
VRPL,140,ok,17.1743822295,11
VRPL,141,ok,16.5436735243,11
VRPL,142,ok,16.1408155190,12
VRPL,143,ok,19.4772259267,11
VRPL,144,ok,19.7839665957,11
VRPL,145,ok,20.4413308086,12
VRPL,146,ok,15.3619144893,10
VRPL,147,ok,17.1009250591,12
VRPL,148,ok,20.9049690874,11
VRPL,149,ok,18.5936433317,11
VRPL,150,ok,13.1449854152,11
VRPL,151,ok,19.3837888537,11
VRPL,152,ok,13.3679676954,11
VRPL,153,ok,16.9185664538,12
VRPL,154,ok,14.5746552973,12
VRPL,155,ok,17.0489937874,10
VRPL,156,ok,13.3706656650,11
VRPL,157,ok,15.3438217076,11
VRPL,158,ok,14.3897860221,11
VRPL,159,ok,16.1717762376,10
VRPL,160,ok,16.4897230577,11
VRPL,161,ok,14.3524076571,10
VRPL,162,ok,17.9914105467,10
VRPL,163,ok,15.8174891119,11
VRPL,164,ok,16.5719135784,11
VRPL,165,ok,15.4267259206,10
VRPL,166,ok,14.7194944427,11
VRPL,167,ok,16.6658345417,11
VRPL,168,ok,17.1223350642,11
VRPL,169,ok,21.3005588544,12
VRPL,170,ok,16.4168912531,11
VRPL,171,ok,15.9319555912,12
VRPL,172,ok,15.6807029009,10
VRPL,173,ok,15.5130662503,10
VRPL,174,ok,18.8556789300,11
VRPL,175,ok,16.5523339977,12
VRPL,176,ok,14.9583993329,11
VRPL,177,ok,14.1852447516,11
VRPL,178,ok,13.3715818539,11
VRPL,179,ok,19.5746311063,12
VRPL,180,ok,21.5621324658,11
VRPL,181,ok,14.3555416365,12
VRPL,182,ok,13.9890613917,12
VRPL,183,ok,21.1863644935,11
VRPL,184,ok,17.8720473585,11
VRPL,185,ok,13.6857226734,10
VRPL,186,ok,18.3848353053,11
VRPL,187,ok,16.2717696797,12
VRPL,188,ok,16.7725106715,11
VRPL,189,ok,19.6513708772,11
VRPL,190,ok,16.6580022481,10
VRPL,191,ok,15.1698985367,12
VRPL,192,ok,17.1923689107,11
VRPL,193,ok,24.3022627165,13
VRPL,194,ok,17.7249908364,11
VRPL,195,ok,15.0285974397,11
VRPL,196,ok,18.0085716636,10
VRPL,197,ok,13.5135056424,11
VRPL,198,ok,18.5038270819,11
VRPL,199,ok,15.0601282182,12
VRPL,200,ok,18.2303319569,10
VRPL,201,ok,17.4970623048,12
VRPL,202,ok,15.4823369621,10
VRPL,203,ok,14.9641707668,11
VRPL,204,ok,13.6832702038,10
VRPL,205,ok,15.4057993249,11
VRPL,206,ok,14.3426775930,12
VRPL,207,ok,15.9754288724,11
VRPL,208,ok,17.5970163302,12
VRPL,209,ok,15.2896516363,11
VRPL,210,ok,16.7707140642,10
VRPL,211,ok,16.1097640772,12
VRPL,212,ok,17.2316851510,12
VRPL,213,ok,17.8707816644,11
VRPL,214,ok,14.4908816214,11
VRPL,215,ok,17.8423158345,11
VRPL,216,ok,16.9651025860,11
VRPL,217,ok,18.0765758048,11
VRPL,218,ok,14.5504355261,10
VRPL,219,ok,16.5173928775,11
VRPL,220,ok,17.5262430427,12
VRPL,221,ok,14.6023496638,12
VRPL,222,ok,13.7108911370,11
VRPL,223,ok,17.3226479593,11
VRPL,224,ok,15.5945787600,10
VRPL,225,ok,15.5845486938,12
VRPL,226,ok,17.5468610607,11
VRPL,227,ok,19.1502053748,12
VRPL,228,ok,14.2338791687,12
VRPL,229,ok,15.6186422897,10
VRPL,230,ok,18.0265276836,12
VRPL,231,ok,15.8644312720,11
VRPL,232,ok,14.7549084029,12
VRPL,233,ok,15.1568529765,10
VRPL,234,ok,16.4365002676,12
VRPL,235,ok,13.4595989538,12
VRPL,236,ok,14.6046903077,12
VRPL,237,ok,18.3790145425,12
VRPL,238,ok,14.5434249301,11
VRPL,239,ok,13.6319896854,11
VRPL,240,ok,17.7365198002,11
VRPL,241,ok,15.2001085484,11
VRPL,242,ok,15.8519914804,10
VRPL,243,ok,18.1888174899,11
VRPL,244,ok,19.4665594858,10
VRPL,245,ok,19.3500925878,11
VRPL,246,ok,18.2536951801,12
VRPL,247,ok,17.0718333673,11
VRPL,248,ok,14.1738560370,12
VRPL,249,ok,17.6289484389,12
VRPL,250,ok,16.3881485935,10
VRPL,251,ok,17.4292116469,12
VRPL,252,ok,15.9299585344,12
VRPL,253,ok,13.7120349810,10
VRPL,254,ok,17.6678559133,12
VRPL,255,ok,16.3383787777,10
VRPL,256,ok,16.7100590675,11
VRPL,257,ok,21.1497071150,13
VRPL,258,ok,16.6175180073,11
VRPL,259,ok,16.9747689482,12
VRPL,260,ok,17.5965114420,10
VRPL,261,ok,16.9490777289,11
VRPL,262,ok,17.1738520373,10
VRPL,263,ok,16.7751572911,11
VRPL,264,ok,16.2766321444,9
VRPL,265,ok,18.0889247089,12
VRPL,266,ok,17.9858603293,12
VRPL,267,ok,20.3064067154,11
VRPL,268,ok,17.9027772754,11
VRPL,269,ok,15.8096778008,10
VRPL,270,ok,17.6437724312,11
VRPL,271,ok,15.8347769467,11
VRPL,272,ok,16.8454822993,11
VRPL,273,ok,17.9275453061,11
VRPL,274,ok,15.2187582876,12
VRPL,275,ok,19.5666306774,10
VRPL,276,ok,15.5511883090,10
VRPL,277,ok,18.4409547182,11
VRPL,278,ok,17.8382745672,11
VRPL,279,ok,15.6723313785,11
VRPL,280,ok,16.4446934175,11
VRPL,281,ok,17.8343877999,11
VRPL,282,ok,14.6365401457,11
VRPL,283,ok,16.1601573967,12
VRPL,284,ok,17.6745221021,10
VRPL,285,ok,15.9895512161,11
VRPL,286,ok,21.4341411336,11
VRPL,287,ok,18.1056430336,11
VRPL,288,ok,18.1588457596,11
VRPL,289,ok,14.1008236673,11
VRPL,290,ok,14.6184031378,11
VRPL,291,ok,17.8545926219,11
VRPL,292,ok,17.0963936667,11
VRPL,293,ok,13.8810894449,11
VRPL,294,ok,16.9888451845,10
VRPL,295,ok,20.4910137604,12
VRPL,296,ok,17.7543359032,11
VRPL,297,ok,15.3985747513,11
VRPL,298,ok,18.7265051672,12
VRPL,299,ok,14.1930685434,11
VRPL,300,ok,20.0750833902,12
VRPL,301,ok,20.8619766278,11
VRPL,302,ok,14.3031844173,11
VRPL,303,ok,17.9040506866,10
VRPL,304,ok,14.6463637743,11
VRPL,305,ok,19.4924497834,11
VRPL,306,ok,15.0788672242,11
VRPL,307,ok,14.1404555165,12
VRPL,308,ok,18.9288293619,12
VRPL,309,ok,14.6093114564,11
VRPL,310,ok,18.8099883398,11
VRPL,311,ok,18.9659742382,11
VRPL,312,ok,17.6430961871,12
VRPL,313,ok,15.4389390725,11
VRPL,314,ok,15.1771245932,12
VRPL,315,ok,18.1181489522,12
VRPL,316,ok,15.3582857741,11
VRPL,317,ok,17.6304162814,11
VRPL,318,ok,17.5585197573,11
VRPL,319,ok,17.8508414542,12
VRPL,320,ok,15.3170378357,11
VRPL,321,ok,15.5917030720,11
VRPL,322,ok,15.1312446378,12
VRPL,323,ok,14.3482566072,12
VRPL,324,ok,20.0763745586,11
VRPL,325,ok,15.8733490684,11
VRPL,326,ok,13.7250384562,11
VRPL,327,ok,15.7673052246,12
VRPL,328,ok,13.7851893920,11
VRPL,329,ok,18.6771127555,12
VRPL,330,ok,14.1922240061,11
VRPL,331,ok,16.0149677890,12
VRPL,332,ok,16.9544749332,11
VRPL,333,ok,14.6160138392,12
VRPL,334,ok,18.5763285396,11
VRPL,335,ok,13.0047866824,10
VRPL,336,ok,16.5697401274,11
VRPL,337,ok,16.7228143361,11
VRPL,338,ok,14.6646639971,12
VRPL,339,ok,16.7002988009,12
VRPL,340,ok,16.0257024034,11
VRPL,341,ok,21.5968632244,10
VRPL,342,ok,21.0513101248,11
VRPL,343,ok,14.8509930311,11
VRPL,344,ok,18.0610433086,11
VRPL,345,ok,14.8388091597,11
VRPL,346,ok,17.1942719293,11
VRPL,347,ok,20.7658100779,11
VRPL,348,ok,18.0023286571,11
VRPL,349,ok,19.2460216830,12
VRPL,350,ok,16.3989879350,11
VRPL,351,ok,15.1436100137,13
VRPL,352,ok,18.3325417347,12
VRPL,353,ok,17.7071005209,11
VRPL,354,ok,16.9610265420,12
VRPL,355,ok,16.8719303846,10
VRPL,356,ok,17.1680763210,11
VRPL,357,ok,16.7165361028,11
VRPL,358,ok,15.7233851289,13
VRPL,359,ok,17.0226396207,12
VRPL,360,ok,17.7864190003,11
VRPL,361,ok,17.6749807183,11
VRPL,362,ok,19.7620242839,11
VRPL,363,ok,18.8764982186,10
VRPL,364,ok,17.1766510010,11
VRPL,365,ok,18.9653002388,12
VRPL,366,ok,19.0182501679,11
VRPL,367,ok,20.0596935339,11
VRPL,368,ok,14.6763854889,12
VRPL,369,ok,16.5065871526,12
VRPL,370,ok,13.5393455849,10
VRPL,371,ok,16.0333446968,10
VRPL,372,ok,13.9324857731,11
VRPL,373,ok,18.7568512355,11
VRPL,374,ok,14.5529378730,11
VRPL,375,ok,13.8006908341,11
VRPL,376,ok,14.9684604480,11
VRPL,377,ok,16.2617195748,10
VRPL,378,ok,14.3485348852,11
VRPL,379,ok,15.6857707980,11
VRPL,380,ok,18.6239171085,11
VRPL,381,ok,14.0385833333,12
VRPL,382,ok,15.6503771464,12
VRPL,383,ok,15.6232487765,11
VRPL,384,ok,16.4874648285,11
VRPL,385,ok,18.4886768705,11
VRPL,386,ok,13.4166930041,12
VRPL,387,ok,16.2525746938,11
VRPL,388,ok,19.4689260395,11
VRPL,389,ok,17.7084671169,12
VRPL,390,ok,14.6252027348,11
VRPL,391,ok,17.3438317475,11
VRPL,392,ok,18.0543927184,11
VRPL,393,ok,14.0088187524,12
VRPL,394,ok,17.6365412537,11
VRPL,395,ok,18.8310448505,11
VRPL,396,ok,14.5383141928,11
VRPL,397,ok,19.1036481481,11
VRPL,398,ok,19.8089738567,12
VRPL,399,ok,19.5028799933,11
VRPL,400,ok,14.1180441888,11
VRPL,401,ok,15.8395249543,11
VRPL,402,ok,18.0072531536,11
VRPL,403,ok,18.1988309721,11
VRPL,404,ok,17.0423943394,12
VRPL,405,ok,14.5895030732,11
VRPL,406,ok,15.0332278253,13
VRPL,407,ok,19.9312691925,10
VRPL,408,ok,14.0410127894,11
VRPL,409,ok,15.7111371965,12
VRPL,410,ok,16.0287607212,11
VRPL,411,ok,13.5768523173,11
VRPL,412,ok,17.4594558672,12
VRPL,413,ok,16.9978860452,11
VRPL,414,ok,15.4307441036,9
VRPL,415,ok,15.4887830463,12
VRPL,416,ok,17.4322728049,10
VRPL,417,ok,15.2890710842,11
VRPL,418,ok,16.6786923907,11
VRPL,419,ok,16.5562726126,11
VRPL,420,ok,19.4961862067,11
VRPL,421,ok,19.9137505738,11
VRPL,422,ok,14.9450054397,11
VRPL,423,ok,16.0517355932,11
VRPL,424,ok,17.9121598080,12
VRPL,425,ok,15.0719448064,10
VRPL,426,ok,20.5082949402,12
VRPL,427,ok,18.2145501493,11
VRPL,428,ok,19.8351718966,11
VRPL,429,ok,18.8828340100,12
VRPL,430,ok,16.2883874814,12
VRPL,431,ok,15.5222207087,11
VRPL,432,ok,15.3542932143,10
VRPL,433,ok,15.5832213464,11
VRPL,434,ok,16.6851268851,11
VRPL,435,ok,14.4197635959,11
VRPL,436,ok,15.5548601463,11
VRPL,437,ok,15.4629970008,12
VRPL,438,ok,16.1459259580,12
VRPL,439,ok,17.4789327599,11
VRPL,440,ok,16.8113749765,11
VRPL,441,ok,14.3912177524,10
VRPL,442,ok,18.3789942016,10
VRPL,443,ok,21.3685219763,12
VRPL,444,ok,17.7112977150,11
VRPL,445,ok,15.2111043988,12
VRPL,446,ok,15.3873170265,11
VRPL,447,ok,15.6849437751,11
VRPL,448,ok,16.3089231098,11
VRPL,449,ok,18.4589084030,11
VRPL,450,ok,14.4737831736,12
VRPL,451,ok,20.9403033894,12
VRPL,452,ok,14.6068457114,11
VRPL,453,ok,13.9080536475,11
VRPL,454,ok,15.9771588441,10
VRPL,455,ok,14.4252599330,10
VRPL,456,ok,16.6245359160,12
VRPL,457,ok,15.3607506359,11
VRPL,458,ok,16.7709294432,10
VRPL,459,ok,18.4341057602,11
VRPL,460,ok,14.5796557210,11
VRPL,461,ok,17.5661075683,11
VRPL,462,ok,17.0474423743,11
VRPL,463,ok,14.2640486831,11
VRPL,464,ok,17.1039424055,13
VRPL,465,ok,16.2174430557,12
VRPL,466,ok,15.8642771513,12
VRPL,467,ok,16.8384992962,12
VRPL,468,ok,17.1983070063,12
VRPL,469,ok,15.1476676204,12
VRPL,470,ok,18.2935646655,11
VRPL,471,ok,18.4260389347,11
VRPL,472,ok,16.7865801335,12
VRPL,473,ok,15.1735867075,11
VRPL,474,ok,13.8717652578,12
VRPL,475,ok,15.9795870973,11
VRPL,476,ok,16.5256892069,12
VRPL,477,ok,16.6930099518,10
VRPL,478,ok,13.9047863540,11
VRPL,479,ok,17.5826926424,11
VRPL,480,ok,16.2685520747,11
VRPL,481,ok,14.0770332943,11
VRPL,482,ok,17.8055760973,10
VRPL,483,ok,17.5792231026,11
VRPL,484,ok,14.7266264746,12
VRPL,485,ok,19.6926492970,10
VRPL,486,ok,14.2373234320,11
VRPL,487,ok,18.7168194911,11
VRPL,488,ok,13.9373642816,12
VRPL,489,ok,18.5837074127,12
VRPL,490,ok,18.8332929415,11
VRPL,491,ok,15.5070625900,11
VRPL,492,ok,15.3411643231,12
VRPL,493,ok,16.2138450967,12
VRPL,494,ok,16.1664432481,11
VRPL,495,ok,15.9972614170,12
VRPL,496,ok,19.2198323070,11
VRPL,497,ok,16.9275738907,10
VRPL,498,ok,14.4617150481,12
VRPL,499,ok,16.1701030421,12
VRPL,500,ok,17.9416006248,10
VRPL,501,ok,18.1345788957,10
VRPL,502,ok,17.3066258669,11
VRPL,503,ok,14.5562886116,10
VRPL,504,ok,16.7685867422,12
VRPL,505,ok,17.6769213646,11
VRPL,506,ok,15.7282877944,11
VRPL,507,ok,17.0344454943,11
VRPL,508,ok,15.1947063097,12
VRPL,509,ok,14.7352111767,12
VRPL,510,ok,18.4037656315,12
VRPL,511,ok,15.9625148403,11
VRPL,512,ok,15.5597923333,12
VRPL,513,ok,18.6546342635,11
VRPL,514,ok,19.1486440801,11
VRPL,515,ok,18.4582265373,10
VRPL,516,ok,19.9132752196,11
VRPL,517,ok,15.2376932671,11
VRPL,518,ok,17.5987001894,10
VRPL,519,ok,16.3967672205,11
VRPL,520,ok,17.2816702172,12
VRPL,521,ok,17.0451669374,12
VRPL,522,ok,16.1856938850,10
VRPL,523,ok,14.8452677259,11
VRPL,524,ok,16.4775637503,11
VRPL,525,ok,15.9339269022,11
VRPL,526,ok,14.5201295681,11
VRPL,527,ok,16.5332407719,11
VRPL,528,ok,14.5047316452,11
VRPL,529,ok,15.7454730837,11
VRPL,530,ok,14.2094056897,10
VRPL,531,ok,14.9273673151,10
VRPL,532,ok,17.6185235353,11
VRPL,533,ok,18.1539892761,12
VRPL,534,ok,17.8990932678,10
VRPL,535,ok,16.5676776028,11
VRPL,536,ok,17.0845824658,11
VRPL,537,ok,16.7921719287,11
VRPL,538,ok,18.7739003223,12
VRPL,539,ok,19.3317385149,11
VRPL,540,ok,16.7094459559,11
VRPL,541,ok,16.7799590683,11
VRPL,542,ok,16.7644772796,11
VRPL,543,ok,15.2994595349,11
VRPL,544,ok,18.6232809939,11
VRPL,545,ok,15.5580853686,12
VRPL,546,ok,19.6261944164,12
VRPL,547,ok,16.7681967854,11
VRPL,548,ok,17.7905959464,11
VRPL,549,ok,20.6770406132,12
VRPL,550,ok,18.8390293628,10
VRPL,551,ok,16.3047460882,11
VRPL,552,ok,17.0276357543,11
VRPL,553,ok,13.3036959990,11
VRPL,554,ok,14.3563855873,12
VRPL,555,ok,14.8867522268,11
VRPL,556,ok,13.5648565860,11
VRPL,557,ok,18.5880369118,11
VRPL,558,ok,15.1163927650,12
VRPL,559,ok,18.9509591719,11
VRPL,560,ok,19.5397842568,11
VRPL,561,ok,14.2018174091,11
VRPL,562,ok,18.3600346580,11
VRPL,563,ok,14.6699819701,12
VRPL,564,ok,16.4444609658,11
VRPL,565,ok,17.8138518734,11
VRPL,566,ok,15.4822009663,12
VRPL,567,ok,14.2198383835,11
VRPL,568,ok,17.8606136327,13
VRPL,569,ok,16.7002402400,10
VRPL,570,ok,16.7749169069,11
VRPL,571,ok,20.0990513974,11
VRPL,572,ok,18.3924671320,11
VRPL,573,ok,17.1234580467,11
VRPL,574,ok,15.1509764786,10
VRPL,575,ok,14.9925415896,12
VRPL,576,ok,14.6844838489,11
VRPL,577,ok,17.9327382603,10
VRPL,578,ok,17.4686336049,11
VRPL,579,ok,15.8621886168,11
VRPL,580,ok,17.1707458129,10
VRPL,581,ok,16.9991738230,12
VRPL,582,ok,14.7094137449,11
VRPL,583,ok,13.7862590293,10
VRPL,584,ok,14.4781631244,10
VRPL,585,ok,18.2100706846,10
VRPL,586,ok,17.3758298714,11
VRPL,587,ok,14.1754665035,11
VRPL,588,ok,16.5333164211,11
VRPL,589,ok,14.8905700641,11
VRPL,590,ok,14.5978360989,11
VRPL,591,ok,17.7173725720,10
VRPL,592,ok,13.9520303999,11
VRPL,593,ok,17.6059307936,11
VRPL,594,ok,15.8217672033,12
VRPL,595,ok,17.1938649196,11
VRPL,596,ok,13.8127438758,11
VRPL,597,ok,16.5947710259,12
VRPL,598,ok,15.7201529319,12
VRPL,599,ok,17.0489761917,11
VRPL,600,ok,18.6315277441,11
VRPL,601,ok,19.4930616244,11
VRPL,602,ok,17.7597242927,10
VRPL,603,ok,17.1459331202,10
VRPL,604,ok,14.9974329642,12
VRPL,605,ok,14.1678237573,10
VRPL,606,ok,18.9817249501,13
VRPL,607,ok,16.0162746448,12
VRPL,608,ok,18.5921013908,11
VRPL,609,ok,17.2307963305,11
VRPL,610,ok,19.2084682798,12
VRPL,611,ok,18.1551619075,12
VRPL,612,ok,16.2095023708,12
VRPL,613,ok,17.4398463972,11
VRPL,614,ok,19.6113772576,11
VRPL,615,ok,19.7193402981,12
VRPL,616,ok,17.9516247577,12
VRPL,617,ok,20.9878367373,12
VRPL,618,ok,17.0925640199,11
VRPL,619,ok,18.4515635031,12
VRPL,620,ok,14.9483022917,11
VRPL,621,ok,17.0923101844,13
VRPL,622,ok,17.2815528224,11
VRPL,623,ok,17.3625746699,10
VRPL,624,ok,19.2729133241,11
VRPL,625,ok,15.2656806768,11
VRPL,626,ok,14.9607136983,11
VRPL,627,ok,17.7954869774,11
VRPL,628,ok,16.8768409554,12
VRPL,629,ok,18.3854714237,11
VRPL,630,ok,15.5387696086,11
VRPL,631,ok,18.7339319587,10
VRPL,632,ok,20.5950542127,12
VRPL,633,ok,14.6459019275,12
VRPL,634,ok,19.0570235447,11
VRPL,635,ok,17.6041915890,11
VRPL,636,ok,18.7921287354,11
VRPL,637,ok,17.9893200492,10
VRPL,638,ok,14.1225996173,12
VRPL,639,ok,18.8745761543,11
VRPL,640,ok,20.8982370934,11
VRPL,641,ok,15.5779235822,11
VRPL,642,ok,16.3110203617,12
VRPL,643,ok,15.1601513509,11
VRPL,644,ok,17.9545513235,11
VRPL,645,ok,15.4887995586,11
VRPL,646,ok,16.5354568397,12
VRPL,647,ok,18.8339815056,12
VRPL,648,ok,16.7004116443,12
VRPL,649,ok,17.4199414811,12
VRPL,650,ok,17.9719997205,11
VRPL,651,ok,16.3515182974,11
VRPL,652,ok,18.0078444316,10
VRPL,653,ok,21.2009320825,11
VRPL,654,ok,14.3631770194,11
VRPL,655,ok,16.6780950154,10
VRPL,656,ok,14.7058017174,11
VRPL,657,ok,17.4849687274,12
VRPL,658,ok,19.1516995331,11
VRPL,659,ok,16.9692136321,12
VRPL,660,ok,16.3904873921,12
VRPL,661,ok,17.1206817079,11
VRPL,662,ok,14.4872692318,12
VRPL,663,ok,14.3345330502,12
VRPL,664,ok,14.3227071298,11
VRPL,665,ok,15.0843418441,11
VRPL,666,ok,19.5476082130,12
VRPL,667,ok,17.0461956656,12
VRPL,668,ok,13.5186528905,11
VRPL,669,ok,14.2684143871,12
VRPL,670,ok,18.8498400985,10
VRPL,671,ok,15.5993418300,12
VRPL,672,ok,18.2525323969,11
VRPL,673,ok,16.0561661280,13
VRPL,674,ok,17.7110428562,11
VRPL,675,ok,13.2672727167,11
VRPL,676,ok,20.1028726869,12
VRPL,677,ok,16.5915872129,11
VRPL,678,ok,15.0059105360,11
VRPL,679,ok,14.2956306987,12
VRPL,680,ok,17.2225846229,10
VRPL,681,ok,19.0062588516,11
VRPL,682,ok,16.1194606028,12
VRPL,683,ok,14.8351878687,11
VRPL,684,ok,16.9966545087,12
VRPL,685,ok,14.9030478478,12
VRPL,686,ok,20.0647699045,10
VRPL,687,ok,19.0290207638,11
VRPL,688,ok,16.9734961131,12
VRPL,689,ok,17.9660631788,12
VRPL,690,ok,15.8356914258,12
VRPL,691,ok,13.9133184012,12
VRPL,692,ok,16.5406960372,11
VRPL,693,ok,16.1518005039,11
VRPL,694,ok,17.0976033332,11
VRPL,695,ok,17.1564134268,12
VRPL,696,ok,18.6265612014,13
VRPL,697,ok,19.2965184711,11
VRPL,698,ok,19.0301477850,12
VRPL,699,ok,14.8595499090,12
VRPL,700,ok,14.1509778954,12
VRPL,701,ok,14.1114131840,11
VRPL,702,ok,17.3321227913,12
VRPL,703,ok,14.1048272522,12
VRPL,704,ok,15.7834509837,11
VRPL,705,ok,19.3211734123,12
VRPL,706,ok,18.9054147620,11
VRPL,707,ok,18.5311742793,12
VRPL,708,ok,18.1037538011,11
VRPL,709,ok,16.4442995927,10
VRPL,710,ok,13.5909076502,11
VRPL,711,ok,13.6598333858,11
VRPL,712,ok,18.7154940120,12
VRPL,713,ok,14.5861902715,12
VRPL,714,ok,15.0874293285,11
VRPL,715,ok,15.7283212403,11
VRPL,716,ok,18.6333657373,12
VRPL,717,ok,17.9925647359,11
VRPL,718,ok,14.0887288479,11
VRPL,719,ok,14.7948168042,11
VRPL,720,ok,13.7417040533,11
VRPL,721,ok,16.6145597038,12
VRPL,722,ok,13.9376460448,11
VRPL,723,ok,16.9176042770,11
VRPL,724,ok,19.1556933044,12
VRPL,725,ok,16.8843324576,11
VRPL,726,ok,18.2153888279,11
VRPL,727,ok,15.4924848802,12
VRPL,728,ok,18.6994220055,11
VRPL,729,ok,17.3784081172,11
VRPL,730,ok,14.9992549693,11
VRPL,731,ok,14.4719296787,11
VRPL,732,ok,14.6504351534,12
VRPL,733,ok,22.3698130779,12
VRPL,734,ok,17.2322265426,12
VRPL,735,ok,19.4266949044,13
VRPL,736,ok,16.5961750423,11
VRPL,737,ok,14.7735581384,12
VRPL,738,ok,15.2312815344,12
VRPL,739,ok,16.4324016880,11
VRPL,740,ok,15.3554817233,12
VRPL,741,ok,14.7404806897,11
VRPL,742,ok,15.4191755009,11
VRPL,743,ok,13.3195568513,10
VRPL,744,ok,16.4788527682,12
VRPL,745,ok,16.7768988070,12
VRPL,746,ok,19.6904697915,11
VRPL,747,ok,15.0321363427,11
VRPL,748,ok,18.1692305703,12
VRPL,749,ok,18.3540210135,10
VRPL,750,ok,14.4862982127,11
VRPL,751,ok,20.7393235294,12
VRPL,752,ok,19.5111032549,11
VRPL,753,ok,15.5071573727,12
VRPL,754,ok,18.6078283792,11
VRPL,755,ok,17.4609880449,11
VRPL,756,ok,20.5711291886,12
VRPL,757,ok,15.9799602019,12
VRPL,758,ok,15.4469031052,11
VRPL,759,ok,19.4061020123,11
VRPL,760,ok,21.1126252968,11
VRPL,761,ok,15.3759041303,11
VRPL,762,ok,19.0866132071,11
VRPL,763,ok,19.9948358357,11
VRPL,764,ok,16.1871717576,11
VRPL,765,ok,18.7372977297,10
VRPL,766,ok,19.5587047924,12
VRPL,767,ok,18.1581515021,11
VRPL,768,ok,18.5457999024,11
VRPL,769,ok,16.3093059968,10
VRPL,770,ok,14.2056167618,11
VRPL,771,ok,12.9713050579,10
VRPL,772,ok,15.5062136954,10
VRPL,773,ok,13.4718788087,10
VRPL,774,ok,14.6430110096,12
VRPL,775,ok,17.5344784590,11
VRPL,776,ok,19.8451356238,12
VRPL,777,ok,15.9550462596,11
VRPL,778,ok,16.7848670114,11
VRPL,779,ok,18.8263240157,11
VRPL,780,ok,14.3222463843,11
VRPL,781,ok,16.6470134512,10
VRPL,782,ok,15.0950126576,12
VRPL,783,ok,18.3210103356,12
VRPL,784,ok,19.5786990130,12
VRPL,785,ok,17.5533048826,11
VRPL,786,ok,15.1151726491,11
VRPL,787,ok,14.0730976123,11
VRPL,788,ok,15.6089811692,11
VRPL,789,ok,13.3875043021,11
VRPL,790,ok,16.4423546688,10
VRPL,791,ok,14.1911733186,11
VRPL,792,ok,16.7834070018,11
VRPL,793,ok,16.3410614322,13
VRPL,794,ok,17.8833360336,12
VRPL,795,ok,16.6671483381,11
VRPL,796,ok,16.9962225147,12
VRPL,797,ok,19.4755623581,11
VRPL,798,ok,14.9412014965,11
VRPL,799,ok,15.3915107083,11
VRPL,800,ok,14.4389170380,11
VRPL,801,ok,15.5597240282,11
VRPL,802,ok,14.8295333275,10
VRPL,803,ok,15.2741511000,11
VRPL,804,ok,13.7463420264,11
VRPL,805,ok,18.9206257955,12
VRPL,806,ok,17.4815629651,11
VRPL,807,ok,17.0596922322,11
VRPL,808,ok,20.5398935634,12
VRPL,809,ok,16.0625905020,10
VRPL,810,ok,15.8439588139,12
VRPL,811,ok,18.2731757196,11
VRPL,812,ok,16.0604557267,10
VRPL,813,ok,16.7405906032,11
VRPL,814,ok,21.3719654959,12
VRPL,815,ok,18.0051902355,10
VRPL,816,ok,15.9306956287,13
VRPL,817,ok,14.8965565502,10
VRPL,818,ok,17.6577388809,10
VRPL,819,ok,16.3380573226,11
VRPL,820,ok,15.5217465976,11
VRPL,821,ok,15.4505757008,11
VRPL,822,ok,14.2634102582,11
VRPL,823,ok,16.0316890132,12
VRPL,824,ok,16.7794725233,11
VRPL,825,ok,14.3916398747,12
VRPL,826,ok,18.7471395673,12
VRPL,827,ok,15.1518375601,10
VRPL,828,ok,17.3935231197,11
VRPL,829,ok,15.5197248499,12
VRPL,830,ok,17.5911965829,10
VRPL,831,ok,13.8593782931,11
VRPL,832,ok,16.8654971621,10
VRPL,833,ok,13.4944556111,11
VRPL,834,ok,17.6765627739,12
VRPL,835,ok,14.8121971254,11
VRPL,836,ok,17.8750722036,11
VRPL,837,ok,19.8626139230,10
VRPL,838,ok,18.0504306782,11
VRPL,839,ok,17.7683606948,10
VRPL,840,ok,16.4329223520,11
VRPL,841,ok,19.6927475741,11
VRPL,842,ok,14.4679761021,12
VRPL,843,ok,17.0232627397,11
VRPL,844,ok,17.0516775584,10
VRPL,845,ok,15.5143615395,11
VRPL,846,ok,15.4877998067,10
VRPL,847,ok,16.4277417609,12
VRPL,848,ok,15.5485061022,10
VRPL,849,ok,14.2690428247,11
VRPL,850,ok,16.7635363012,10
VRPL,851,ok,18.4403831843,11
VRPL,852,ok,16.3263178555,11
VRPL,853,ok,18.7609188518,11
VRPL,854,ok,14.6095928686,12
VRPL,855,ok,15.4460713202,12
VRPL,856,ok,14.6297083369,12
VRPL,857,ok,15.2550082433,10
VRPL,858,ok,19.3855182021,11
VRPL,859,ok,15.5205179642,12
VRPL,860,ok,17.4494332649,12
VRPL,861,ok,18.8978715916,11
VRPL,862,ok,17.1819313975,11
VRPL,863,ok,17.9569057752,10
VRPL,864,ok,17.0513449147,11
VRPL,865,ok,15.8097433965,11
VRPL,866,ok,16.6753416104,11
VRPL,867,ok,13.0996916456,11
VRPL,868,ok,15.0169479014,13
VRPL,869,ok,15.7575956578,11
VRPL,870,ok,15.9156518794,10
VRPL,871,ok,17.8748002349,12
VRPL,872,ok,17.6318691244,11
VRPL,873,ok,15.7388804555,12
VRPL,874,ok,20.8222720970,11
VRPL,875,ok,14.4424206730,11
VRPL,876,ok,16.5822442453,11
VRPL,877,ok,17.2627510202,11
VRPL,878,ok,14.7239163830,11
VRPL,879,ok,14.9562642028,11
VRPL,880,ok,19.9496078817,11
VRPL,881,ok,15.6301016852,11
VRPL,882,ok,14.2017478052,11
VRPL,883,ok,14.4205559753,10
VRPL,884,ok,16.8718459456,11
VRPL,885,ok,16.9646769634,12
VRPL,886,ok,17.7260152272,11
VRPL,887,ok,14.8511524441,11
VRPL,888,ok,13.9526426226,11
VRPL,889,ok,16.5430914441,11
VRPL,890,ok,13.9841640847,12
VRPL,891,ok,17.6090510158,11
VRPL,892,ok,13.2253090310,11
VRPL,893,ok,17.6980019895,11
VRPL,894,ok,15.9165909422,11
VRPL,895,ok,14.9071792343,12
VRPL,896,ok,16.5121254755,11
VRPL,897,ok,18.7550391712,12
VRPL,898,ok,13.6394243475,11
VRPL,899,ok,15.3048128040,11
VRPL,900,ok,17.9543412922,11
VRPL,901,ok,16.0036886704,12
VRPL,902,ok,16.7722046375,11
VRPL,903,ok,19.0825678012,11
VRPL,904,ok,14.7352100220,12
VRPL,905,ok,16.8702540621,11
VRPL,906,ok,17.4306328676,11
VRPL,907,ok,14.4740724708,11
VRPL,908,ok,19.1371362508,11
VRPL,909,ok,15.3878036938,12
VRPL,910,ok,16.6944080583,11
VRPL,911,ok,19.8807236350,11
VRPL,912,ok,17.9280139709,11
VRPL,913,ok,19.1249893787,12
VRPL,914,ok,16.9248969877,11
VRPL,915,ok,15.3866095603,12
VRPL,916,ok,17.8547070526,10
VRPL,917,ok,15.2427798649,11
VRPL,918,ok,13.7728173390,12
VRPL,919,ok,17.5530157747,11
VRPL,920,ok,15.6507836781,11
VRPL,921,ok,21.9275692323,11
VRPL,922,ok,18.1675804336,10
VRPL,923,ok,14.7849567462,11
VRPL,924,ok,17.3151416462,10
VRPL,925,ok,18.7891696365,12
VRPL,926,ok,19.1613154876,11
VRPL,927,ok,20.5914523932,11
VRPL,928,ok,17.7113646237,13
VRPL,929,ok,19.1198971796,11
VRPL,930,ok,16.6288303947,12
VRPL,931,ok,18.4426982734,11
VRPL,932,ok,19.8403543926,12
VRPL,933,ok,17.1828165390,11
VRPL,934,ok,13.9437956383,12
VRPL,935,ok,13.8142486368,11
VRPL,936,ok,16.3319777244,11
VRPL,937,ok,17.1043203843,14
VRPL,938,ok,19.0183180423,10
VRPL,939,ok,16.0451528155,12
VRPL,940,ok,15.2585175968,10
VRPL,941,ok,14.2687314441,10
VRPL,942,ok,15.3363611595,10
VRPL,943,ok,17.3923516208,11
VRPL,944,ok,19.7294443158,12
VRPL,945,ok,17.3805508364,11
VRPL,946,ok,16.0311106133,11
VRPL,947,ok,19.3541587854,11
VRPL,948,ok,16.6848632750,11
VRPL,949,ok,15.8087523455,11
VRPL,950,ok,14.7681202850,10
VRPL,951,ok,15.3978116944,11
VRPL,952,ok,14.0960038842,12
VRPL,953,ok,20.1455766938,12
VRPL,954,ok,14.5135836706,11
VRPL,955,ok,13.8270732202,11
VRPL,956,ok,16.0088945800,12
VRPL,957,ok,19.2430754786,11
VRPL,958,ok,17.4472722132,12
VRPL,959,ok,18.9459477834,10
VRPL,960,ok,19.3927289998,11
VRPL,961,ok,14.4889016628,12
VRPL,962,ok,17.5785475099,10
VRPL,963,ok,18.1745081855,11
VRPL,964,ok,18.6303493227,11
VRPL,965,ok,17.2717972853,11
VRPL,966,ok,14.5098993961,11
VRPL,967,ok,17.4785960928,11
VRPL,968,ok,14.9951308402,12
VRPL,969,ok,16.0456045545,11
VRPL,970,ok,17.9589857725,11
VRPL,971,ok,20.2868899967,11
VRPL,972,ok,17.3454373157,11
VRPL,973,ok,17.2106417453,12
VRPL,974,ok,19.9019735995,11
VRPL,975,ok,12.6883029813,10
VRPL,976,ok,17.3207666866,10
VRPL,977,ok,16.7716400718,10
VRPL,978,ok,18.8831895742,10
VRPL,979,ok,21.0001349731,12
VRPL,980,ok,19.6946644864,12
VRPL,981,ok,14.9150262790,11
VRPL,982,ok,15.9324813800,11
VRPL,983,ok,17.3839493456,11
VRPL,984,ok,16.4574102668,11
VRPL,985,ok,16.9947246929,12
VRPL,986,ok,19.5873083638,11
VRPL,987,ok,16.9703593010,11
VRPL,988,ok,18.0088632652,11
VRPL,989,ok,18.2567720070,11
VRPL,990,ok,17.1958959558,12
VRPL,991,ok,19.1530402073,12
VRPL,992,ok,17.0110408994,12
VRPL,993,ok,17.4931232457,10
VRPL,994,ok,15.8082909743,12
VRPL,995,ok,15.1921838684,11
VRPL,996,ok,16.2831130340,11
VRPL,997,ok,21.1181219078,11
VRPL,998,ok,14.9948352054,11
VRPL,999,ok,19.8638703225,11
VRPTW,0,ok,32.0654929470,29
VRPTW,1,ok,36.4517822011,27
VRPTW,2,ok,36.1020435482,28
VRPTW,3,ok,33.6507972719,28
VRPTW,4,ok,37.2209718095,29
VRPTW,5,ok,32.4014632082,26
VRPTW,6,ok,28.1601602207,29
VRPTW,7,ok,48.5220372198,31
VRPTW,8,ok,25.8587045655,26
VRPTW,9,ok,44.7485172334,30
VRPTW,10,ok,32.1245973965,27
VRPTW,11,ok,32.5002350815,28
VRPTW,12,ok,25.4023227228,29
VRPTW,13,ok,29.7972818985,32
VRPTW,14,ok,31.3918698456,30
VRPTW,15,ok,39.5023581206,29
VRPTW,16,ok,33.1597857700,28
VRPTW,17,ok,35.7442029478,28
VRPTW,18,ok,44.5087035640,29
VRPTW,19,ok,35.3348283087,28
VRPTW,20,ok,38.1702354959,27
VRPTW,21,ok,33.2345774226,27
VRPTW,22,ok,30.1868777878,30
VRPTW,23,ok,39.1747647219,29
VRPTW,24,ok,34.5729977399,28
VRPTW,25,ok,37.7771865133,29
VRPTW,26,ok,41.5686782582,29
VRPTW,27,ok,29.0620709344,27
VRPTW,28,ok,31.9806170138,29
VRPTW,29,ok,34.4005655212,27
VRPTW,30,ok,37.7955066454,29
VRPTW,31,ok,29.6495547330,28
VRPTW,32,ok,36.6469427543,30
VRPTW,33,ok,28.4616920743,27
VRPTW,34,ok,27.8657610630,30
VRPTW,35,ok,35.2783106730,28
VRPTW,36,ok,27.9402024683,27
VRPTW,37,ok,25.2050383333,24
VRPTW,38,ok,28.2309071638,28
VRPTW,39,ok,37.1749639058,28
VRPTW,40,ok,34.5047574416,28
VRPTW,41,ok,42.2432642417,29
VRPTW,42,ok,36.3539022827,28
VRPTW,43,ok,34.9649445003,31
VRPTW,44,ok,34.8105609747,29
VRPTW,45,ok,28.4640774842,30
VRPTW,46,ok,32.9630400551,25
VRPTW,47,ok,28.4378700693,26
VRPTW,48,ok,26.4960032767,27
VRPTW,49,ok,27.4749528189,24
VRPTW,50,ok,34.4041622612,27
VRPTW,51,ok,29.8527710046,27
VRPTW,52,ok,41.8955071405,27
VRPTW,53,ok,37.4832288387,25
VRPTW,54,ok,27.3302838304,30
VRPTW,55,ok,40.3380424812,27
VRPTW,56,ok,34.2088503468,27
VRPTW,57,ok,45.9472749877,31
VRPTW,58,ok,35.4741676553,28
VRPTW,59,ok,37.3234763983,27
VRPTW,60,ok,28.9001603936,25
VRPTW,61,ok,32.7466698682,26
VRPTW,62,ok,33.5881079954,25
VRPTW,63,ok,37.4375654952,30
VRPTW,64,ok,41.0959687636,29
VRPTW,65,ok,46.2298571212,29
VRPTW,66,ok,27.8071155086,28
VRPTW,67,ok,25.7969353647,26
VRPTW,68,ok,39.8054025951,27
VRPTW,69,ok,48.0889731560,29
VRPTW,70,ok,27.5306471015,28
VRPTW,71,ok,30.3097520825,30
VRPTW,72,ok,35.1549772569,29
VRPTW,73,ok,29.9613478563,29
VRPTW,74,ok,26.0371479280,27
VRPTW,75,ok,34.3581770428,29
VRPTW,76,ok,42.8091612354,31
VRPTW,77,ok,28.6310988430,29
VRPTW,78,ok,32.2938428064,30
VRPTW,79,ok,44.9153686513,28
VRPTW,80,ok,27.8811493819,28
VRPTW,81,ok,30.5959864557,28
VRPTW,82,ok,40.9736013423,27
VRPTW,83,ok,24.8329014291,28
VRPTW,84,ok,29.7267833366,25
VRPTW,85,ok,24.5265580736,27
VRPTW,86,ok,34.2876578968,25
VRPTW,87,ok,54.0709615019,33
VRPTW,88,ok,43.5913463770,29
VRPTW,89,ok,33.4205490723,28
VRPTW,90,ok,37.8931005002,25
VRPTW,91,ok,27.2972007026,25
VRPTW,92,ok,37.5223223307,27
VRPTW,93,ok,35.6034188152,29
VRPTW,94,ok,35.2393057289,25
VRPTW,95,ok,42.4061922703,32
VRPTW,96,ok,28.9929908409,27
VRPTW,97,ok,26.4223709582,27
VRPTW,98,ok,38.6034683280,29
VRPTW,99,ok,31.2401676987,28
VRPTW,100,ok,34.4959774863,27
VRPTW,101,ok,31.4644883597,28
VRPTW,102,ok,27.9222001230,29
VRPTW,103,ok,27.4681361827,27
VRPTW,104,ok,26.2865076019,27
VRPTW,105,ok,32.6999377676,27
VRPTW,106,ok,35.7153559893,28
VRPTW,107,ok,35.5265501903,28
VRPTW,108,ok,40.5518097602,29
VRPTW,109,ok,49.8586072903,32
VRPTW,110,ok,47.4529322868,31
VRPTW,111,ok,25.4935040893,24
VRPTW,112,ok,35.2910519946,27
VRPTW,113,ok,37.6508578708,29
VRPTW,114,ok,24.0945180287,26
VRPTW,115,ok,30.6386655558,30
VRPTW,116,ok,34.4972817532,29
VRPTW,117,ok,27.3281273040,28
VRPTW,118,ok,35.6048073962,26
VRPTW,119,ok,27.2620073537,26
VRPTW,120,ok,27.4037190531,30
VRPTW,121,ok,25.2618335843,24
VRPTW,122,ok,31.4801409671,26
VRPTW,123,ok,28.7507587676,31
VRPTW,124,ok,30.2387047500,27
VRPTW,125,ok,27.6576192322,28
VRPTW,126,ok,31.3586089621,27
VRPTW,127,ok,29.5917242568,28
VRPTW,128,ok,35.8089328951,29
VRPTW,129,ok,34.6052694875,28
VRPTW,130,ok,31.5197941837,28
VRPTW,131,ok,31.7694601091,27
VRPTW,132,ok,33.2254129813,27
VRPTW,133,ok,50.7214136080,31
VRPTW,134,ok,39.4627230080,29
VRPTW,135,ok,36.3803383786,28
VRPTW,136,ok,28.5375870212,26
VRPTW,137,ok,28.3447581402,26
VRPTW,138,ok,31.5914650239,31
VRPTW,139,ok,37.0000874514,29
VRPTW,140,ok,36.2813229672,28
VRPTW,141,ok,27.3498607585,27
VRPTW,142,ok,33.9634323895,31
VRPTW,143,ok,37.3235112122,30
VRPTW,144,ok,35.9555657520,27
VRPTW,145,ok,32.9891712815,28
VRPTW,146,ok,45.8262840944,27
VRPTW,147,ok,30.7235817340,31
VRPTW,148,ok,34.2917597061,29
VRPTW,149,ok,37.6201633108,29
VRPTW,150,ok,44.5350208714,29
VRPTW,151,ok,26.0250972657,28
VRPTW,152,ok,27.9269484935,26
VRPTW,153,ok,26.3004390299,28
VRPTW,154,ok,39.1868228974,27
VRPTW,155,ok,39.8919817386,27
VRPTW,156,ok,24.6278618432,26
VRPTW,157,ok,52.8729328314,32
VRPTW,158,ok,30.9971094624,29
VRPTW,159,ok,52.0837329292,32
VRPTW,160,ok,45.6437783464,30
VRPTW,161,ok,25.2708330767,27
VRPTW,162,ok,39.6820913484,30
VRPTW,163,ok,28.4550619612,27
VRPTW,164,ok,28.5081725287,28
VRPTW,165,ok,31.2171961153,29
VRPTW,166,ok,40.0980608850,27
VRPTW,167,ok,59.4510412499,34
VRPTW,168,ok,29.7346216964,30
VRPTW,169,ok,36.9486139268,29
VRPTW,170,ok,46.6983085530,29
VRPTW,171,ok,26.1870636442,27
VRPTW,172,ok,34.1681392999,27
VRPTW,173,ok,26.3187788345,28
VRPTW,174,ok,34.6529732912,28
VRPTW,175,ok,33.3194249805,26
VRPTW,176,ok,31.4023029349,27
VRPTW,177,ok,32.4133666237,26
VRPTW,178,ok,43.8746991795,28
VRPTW,179,ok,38.9838697551,27
VRPTW,180,ok,51.4241818827,30
VRPTW,181,ok,26.9679920122,27
VRPTW,182,ok,40.0804724654,28
VRPTW,183,ok,30.6336596581,29
VRPTW,184,ok,41.0958608989,29
VRPTW,185,ok,29.2264027075,27
VRPTW,186,ok,42.5128428102,29
VRPTW,187,ok,42.0667842803,30
VRPTW,188,ok,34.0653071400,30
VRPTW,189,ok,39.3440168070,26
VRPTW,190,ok,33.1217516297,27
VRPTW,191,ok,29.5317647019,25
VRPTW,192,ok,34.3465862485,28
VRPTW,193,ok,38.8716516008,27
VRPTW,194,ok,38.7573367006,30
VRPTW,195,ok,42.6144188099,29
VRPTW,196,ok,38.1201420425,29
VRPTW,197,ok,29.9067319177,27
VRPTW,198,ok,28.8649500611,28
VRPTW,199,ok,30.0446433687,26
VRPTW,200,ok,36.3677632816,29
VRPTW,201,ok,29.6172461140,28
VRPTW,202,ok,27.8987957346,28
VRPTW,203,ok,32.9347221829,26
VRPTW,204,ok,37.1804504616,27
VRPTW,205,ok,37.2656242774,29
VRPTW,206,ok,30.3963666702,28
VRPTW,207,ok,36.7827937896,26
VRPTW,208,ok,41.3420692512,31
VRPTW,209,ok,41.0642663778,28
VRPTW,210,ok,28.1046409906,29
VRPTW,211,ok,28.4360348820,27
VRPTW,212,ok,26.5436489732,29
VRPTW,213,ok,36.9007604568,29
VRPTW,214,ok,34.4642405448,30
VRPTW,215,ok,29.0685575236,26
VRPTW,216,ok,30.0454315126,25
VRPTW,217,ok,32.3579155436,26
VRPTW,218,ok,38.4664826551,27
VRPTW,219,ok,39.1475483323,31
VRPTW,220,ok,33.0798662709,28
VRPTW,221,ok,27.9702215302,26
VRPTW,222,ok,47.4521352900,30
VRPTW,223,ok,38.6694225762,29
VRPTW,224,ok,49.0270194819,30
VRPTW,225,ok,36.0932686291,28
VRPTW,226,ok,32.1704675313,28
VRPTW,227,ok,30.1031457711,29
VRPTW,228,ok,32.5503131043,29
VRPTW,229,ok,29.6859523736,27
VRPTW,230,ok,30.3826320588,27
VRPTW,231,ok,35.0095187456,27
VRPTW,232,ok,29.0867354055,31
VRPTW,233,ok,29.3803249533,25
VRPTW,234,ok,34.2102283425,29
VRPTW,235,ok,33.0418066688,27
VRPTW,236,ok,28.6472892795,27
VRPTW,237,ok,33.2381731565,26
VRPTW,238,ok,36.5149279585,29
VRPTW,239,ok,30.3851129819,27
VRPTW,240,ok,30.1245175538,25
VRPTW,241,ok,35.8514451102,28
VRPTW,242,ok,27.4848175445,25
VRPTW,243,ok,43.5542347576,29
VRPTW,244,ok,29.9417532921,29
VRPTW,245,ok,41.9559232113,29
VRPTW,246,ok,46.2890207241,28
VRPTW,247,ok,24.4095478537,26
VRPTW,248,ok,30.1134256317,30
VRPTW,249,ok,34.1556629944,26
VRPTW,250,ok,30.8363876690,27
VRPTW,251,ok,40.3849546676,28
VRPTW,252,ok,25.6584143223,25
VRPTW,253,ok,24.8010373898,26
VRPTW,254,ok,25.6113899551,28
VRPTW,255,ok,37.0416834874,30
VRPTW,256,ok,42.5757681742,30
VRPTW,257,ok,26.9857121248,28
VRPTW,258,ok,31.1045109616,27
VRPTW,259,ok,40.8310745188,28
VRPTW,260,ok,43.1218204315,30
VRPTW,261,ok,37.7896604873,29
VRPTW,262,ok,33.6482128154,27
VRPTW,263,ok,41.3584740346,29
VRPTW,264,ok,31.1097002806,27
VRPTW,265,ok,26.8341611264,28
VRPTW,266,ok,29.8738666951,30
VRPTW,267,ok,25.1714175435,28
VRPTW,268,ok,30.5200339079,27
VRPTW,269,ok,30.9900860437,27
VRPTW,270,ok,27.7039086117,30
VRPTW,271,ok,30.1120648730,28
VRPTW,272,ok,34.8831823669,29
VRPTW,273,ok,34.6061678501,28
VRPTW,274,ok,39.0138765375,26
VRPTW,275,ok,36.6110090945,29
VRPTW,276,ok,34.7342977508,31
VRPTW,277,ok,38.7383119485,30
VRPTW,278,ok,27.0132354805,26
VRPTW,279,ok,36.6549861513,28
VRPTW,280,ok,33.9003087805,31
VRPTW,281,ok,39.2783934071,28
VRPTW,282,ok,37.8928153389,27
VRPTW,283,ok,28.0718100302,28
VRPTW,284,ok,32.2161083153,28
VRPTW,285,ok,27.2910100040,29
VRPTW,286,ok,32.5319867556,26
VRPTW,287,ok,36.4509799634,31
VRPTW,288,ok,33.7600638848,30
VRPTW,289,ok,27.3044953199,28
VRPTW,290,ok,46.9190380370,30
VRPTW,291,ok,41.4142962192,27
VRPTW,292,ok,25.1514029668,27
VRPTW,293,ok,34.7241255364,27
VRPTW,294,ok,30.7472939970,25
VRPTW,295,ok,43.1359937647,27
VRPTW,296,ok,37.1252754377,29
VRPTW,297,ok,32.8494832673,28
VRPTW,298,ok,33.0877806356,28
VRPTW,299,ok,27.5687047899,28
VRPTW,300,ok,27.4282937072,27
VRPTW,301,ok,30.3892513403,27
VRPTW,302,ok,27.7733900493,29
VRPTW,303,ok,29.7411651016,25
VRPTW,304,ok,31.4601182746,27
VRPTW,305,ok,33.5710004950,29
VRPTW,306,ok,29.2037373079,27
VRPTW,307,ok,35.3228232149,29
VRPTW,308,ok,33.3144558295,28
VRPTW,309,ok,39.4288544397,28
VRPTW,310,ok,33.8139452999,27
VRPTW,311,ok,35.9219694500,27
VRPTW,312,ok,28.0215886628,30
VRPTW,313,ok,35.5869822464,28
VRPTW,314,ok,51.7667241331,30
VRPTW,315,ok,36.2239097439,26
VRPTW,316,ok,29.6886290212,30
VRPTW,317,ok,26.6728933448,30
VRPTW,318,ok,36.9716496423,29
VRPTW,319,ok,27.1018057030,27
VRPTW,320,ok,27.1078151562,28
VRPTW,321,ok,29.4859574245,25
VRPTW,322,ok,31.0605479196,29
VRPTW,323,ok,27.0875237011,26
VRPTW,324,ok,35.0392204980,30
VRPTW,325,ok,23.5026393992,27
VRPTW,326,ok,39.3106813445,29
VRPTW,327,ok,31.5848715904,29
VRPTW,328,ok,32.7405452562,28
VRPTW,329,ok,24.8232664915,26
VRPTW,330,ok,28.2251212686,29
VRPTW,331,ok,30.7577581757,26
VRPTW,332,ok,36.3626971819,29
VRPTW,333,ok,32.9666439593,28
VRPTW,334,ok,45.1183514008,29
VRPTW,335,ok,33.2534343929,28
VRPTW,336,ok,32.7226837724,30
VRPTW,337,ok,25.8715536543,26
VRPTW,338,ok,31.5647179414,28
VRPTW,339,ok,29.6483333583,28
VRPTW,340,ok,25.9000927733,27
VRPTW,341,ok,27.9725301632,27
VRPTW,342,ok,36.7847084351,27
VRPTW,343,ok,39.3959391892,28
VRPTW,344,ok,41.2861158670,30
VRPTW,345,ok,44.3714263515,33
VRPTW,346,ok,28.5293466968,32
VRPTW,347,ok,48.5882237454,30
VRPTW,348,ok,30.0560591699,27
VRPTW,349,ok,28.7055386681,26
VRPTW,350,ok,36.4480151232,28
VRPTW,351,ok,43.7775593913,31
VRPTW,352,ok,39.3442835644,28
VRPTW,353,ok,37.3632023354,25
VRPTW,354,ok,39.1962008380,30
VRPTW,355,ok,39.2710768860,30
VRPTW,356,ok,33.1242798351,29
VRPTW,357,ok,45.9779149980,30
VRPTW,358,ok,36.4802699422,29
VRPTW,359,ok,25.6025868336,25
VRPTW,360,ok,25.2957370275,25
VRPTW,361,ok,29.8748214831,27
VRPTW,362,ok,37.6962858316,29
VRPTW,363,ok,40.3672892746,29
VRPTW,364,ok,38.9455297559,27
VRPTW,365,ok,29.5220600482,29
VRPTW,366,ok,45.8610796579,31
VRPTW,367,ok,32.7906544594,27
VRPTW,368,ok,35.9414543779,29
VRPTW,369,ok,31.8428512474,27
VRPTW,370,ok,38.4257636541,28
VRPTW,371,ok,26.7713473494,28
VRPTW,372,ok,39.3649467428,29
VRPTW,373,ok,24.7180170951,25
VRPTW,374,ok,40.5071467639,29
VRPTW,375,ok,33.5176161177,29
VRPTW,376,ok,43.5546641830,27
VRPTW,377,ok,31.9457829107,27
VRPTW,378,ok,41.6150607737,28
VRPTW,379,ok,39.4371877398,29
VRPTW,380,ok,30.3742012980,28
VRPTW,381,ok,45.9574028537,30
VRPTW,382,ok,38.7797701296,29
VRPTW,383,ok,26.9376974430,28
VRPTW,384,ok,26.7776528812,27
VRPTW,385,ok,27.4864749313,28
VRPTW,386,ok,38.1165006958,28
VRPTW,387,ok,25.4721721936,25
VRPTW,388,ok,36.9408589014,29
VRPTW,389,ok,38.7640388324,27
VRPTW,390,ok,34.0980206407,26
VRPTW,391,ok,31.2909572292,28
VRPTW,392,ok,31.3245842937,25
VRPTW,393,ok,43.1771692050,31
VRPTW,394,ok,45.2682367026,31
VRPTW,395,ok,27.8141223592,26
VRPTW,396,ok,44.1689497164,32
VRPTW,397,ok,31.6562939491,27
VRPTW,398,ok,35.4330887219,28
VRPTW,399,ok,36.1504946592,27
VRPTW,400,ok,40.9286175483,29
VRPTW,401,ok,28.5864097782,29
VRPTW,402,ok,39.5884496601,29
VRPTW,403,ok,38.0855963239,29
VRPTW,404,ok,32.8235617827,30
VRPTW,405,ok,32.9017167574,30
VRPTW,406,ok,48.8662072586,28
VRPTW,407,ok,27.3741300156,27
VRPTW,408,ok,41.6968520019,30
VRPTW,409,ok,28.2422044002,27
VRPTW,410,ok,34.7709699794,27
VRPTW,411,ok,50.3034101160,29
VRPTW,412,ok,32.5070235520,30
VRPTW,413,ok,44.2535023884,33
VRPTW,414,ok,25.5815367001,26
VRPTW,415,ok,38.1641379599,28
VRPTW,416,ok,38.2260740448,30
VRPTW,417,ok,35.5402777589,28
VRPTW,418,ok,25.5955175197,25
VRPTW,419,ok,34.2863334288,31
VRPTW,420,ok,29.3029566108,28
VRPTW,421,ok,35.8131127024,28
VRPTW,422,ok,40.5996674748,31
VRPTW,423,ok,35.0557520955,28
VRPTW,424,ok,26.0715381301,27
VRPTW,425,ok,29.1888806559,27
VRPTW,426,ok,34.0894970446,30
VRPTW,427,ok,26.5810722627,27
VRPTW,428,ok,31.1179251007,27
VRPTW,429,ok,26.3895350721,26
VRPTW,430,ok,29.8320395515,29
VRPTW,431,ok,38.0891206853,29
VRPTW,432,ok,31.7443539229,25
VRPTW,433,ok,37.1849763726,27
VRPTW,434,ok,38.7239447778,30
VRPTW,435,ok,37.1485842177,28
VRPTW,436,ok,38.8221486513,29
VRPTW,437,ok,38.0091765242,30
VRPTW,438,ok,41.0506585113,29
VRPTW,439,ok,33.1358297052,28
VRPTW,440,ok,40.1065860639,31
VRPTW,441,ok,47.8760287869,29
VRPTW,442,ok,41.4902717335,30
VRPTW,443,ok,39.1978913940,28
VRPTW,444,ok,27.0512245190,26
VRPTW,445,ok,33.9655126499,27
VRPTW,446,ok,28.2805446135,27
VRPTW,447,ok,35.4473105599,27
VRPTW,448,ok,34.4065025068,28
VRPTW,449,ok,32.8964359217,27
VRPTW,450,ok,30.0221585478,30
VRPTW,451,ok,26.4407352061,28
VRPTW,452,ok,34.6857606111,28
VRPTW,453,ok,35.7230126246,28
VRPTW,454,ok,38.7841888803,30
VRPTW,455,ok,33.6738208352,28
VRPTW,456,ok,32.3086488351,28
VRPTW,457,ok,30.1234784851,27
VRPTW,458,ok,31.6085036687,26
VRPTW,459,ok,43.2670169883,30
VRPTW,460,ok,37.6661755064,27
VRPTW,461,ok,31.7875704084,28
VRPTW,462,ok,29.1295847933,28
VRPTW,463,ok,29.9873485160,27
VRPTW,464,ok,31.2202121671,27
VRPTW,465,ok,37.7122821903,26
VRPTW,466,ok,39.9795643590,30
VRPTW,467,ok,44.2894743556,33
VRPTW,468,ok,29.7729942506,29
VRPTW,469,ok,32.4307705985,27
VRPTW,470,ok,29.1088400881,28
VRPTW,471,ok,35.7023477763,26
VRPTW,472,ok,30.0238220499,28
VRPTW,473,ok,34.5034996112,26
VRPTW,474,ok,27.2743808682,27
VRPTW,475,ok,36.2906556956,30
VRPTW,476,ok,35.0263964238,30
VRPTW,477,ok,49.7361951535,31
VRPTW,478,ok,31.0916815364,27
VRPTW,479,ok,28.9066724286,29
VRPTW,480,ok,32.1079465664,25
VRPTW,481,ok,30.4321443913,30
VRPTW,482,ok,39.6272702441,27
VRPTW,483,ok,26.6086803993,27
VRPTW,484,ok,38.1125828483,27
VRPTW,485,ok,32.4515050130,26
VRPTW,486,ok,32.8048164627,28
VRPTW,487,ok,25.5125225503,24
VRPTW,488,ok,32.1250220883,30
VRPTW,489,ok,26.6018976795,25
VRPTW,490,ok,29.3254506164,25
VRPTW,491,ok,37.5805027295,30
VRPTW,492,ok,37.5591186465,30
VRPTW,493,ok,25.5894392170,27
VRPTW,494,ok,33.7451061878,27
VRPTW,495,ok,34.8928817402,27
VRPTW,496,ok,26.1088167242,27
VRPTW,497,ok,24.3613431310,25
VRPTW,498,ok,32.4971947102,29
VRPTW,499,ok,39.5405294430,28
VRPTW,500,ok,36.5610493628,30
VRPTW,501,ok,34.8535958821,28
VRPTW,502,ok,31.7934661563,27
VRPTW,503,ok,35.7212401695,29
VRPTW,504,ok,26.8090862334,25
VRPTW,505,ok,28.3658149148,25
VRPTW,506,ok,44.5775789588,32
VRPTW,507,ok,30.7767867142,25
VRPTW,508,ok,27.5716105965,28
VRPTW,509,ok,39.9077839057,29
VRPTW,510,ok,34.9289667910,28
VRPTW,511,ok,38.6509250701,28
VRPTW,512,ok,43.9895010878,29
VRPTW,513,ok,31.9800106150,27
VRPTW,514,ok,30.9478822717,28
VRPTW,515,ok,40.1734539917,31
VRPTW,516,ok,28.7451624653,27
VRPTW,517,ok,31.2271682127,30
VRPTW,518,ok,36.8032665903,28
VRPTW,519,ok,29.7012776944,27
VRPTW,520,ok,38.4020674520,30
VRPTW,521,ok,42.9226847873,27
VRPTW,522,ok,34.2272782212,29
VRPTW,523,ok,25.5447360760,26
VRPTW,524,ok,33.1375090771,27
VRPTW,525,ok,50.8635968524,30
VRPTW,526,ok,30.1616181377,30
VRPTW,527,ok,25.2428660215,28
VRPTW,528,ok,27.2674785080,28
VRPTW,529,ok,38.2700298745,29
VRPTW,530,ok,34.6623485092,28
VRPTW,531,ok,32.1718845485,30
VRPTW,532,ok,32.1153250066,28
VRPTW,533,ok,28.2120781479,27
VRPTW,534,ok,26.3285205049,28
VRPTW,535,ok,37.1558646613,31
VRPTW,536,ok,28.5643249448,30
VRPTW,537,ok,32.5290829945,28
VRPTW,538,ok,60.9513846395,35
VRPTW,539,ok,30.3363169125,26
VRPTW,540,ok,29.5951130238,27
VRPTW,541,ok,29.4991903318,27
VRPTW,542,ok,29.0507979232,27
VRPTW,543,ok,33.7235431485,29
VRPTW,544,ok,41.2818946697,28
VRPTW,545,ok,47.8661682770,28
VRPTW,546,ok,34.4675485851,27
VRPTW,547,ok,42.9498822763,29
VRPTW,548,ok,35.5853699849,29
VRPTW,549,ok,32.6938327512,29
VRPTW,550,ok,37.5698291547,29
VRPTW,551,ok,26.0223038761,28
VRPTW,552,ok,35.5218380831,28
VRPTW,553,ok,34.3777807298,26
VRPTW,554,ok,41.8464352925,29
VRPTW,555,ok,32.8524077251,28
VRPTW,556,ok,27.8285463537,28
VRPTW,557,ok,31.4575561983,26
VRPTW,558,ok,38.1177197786,28
VRPTW,559,ok,31.1706906832,29
VRPTW,560,ok,33.9745517705,27
VRPTW,561,ok,44.0168567957,28
VRPTW,562,ok,32.0416744781,27
VRPTW,563,ok,26.1175441412,29
VRPTW,564,ok,29.1360385649,27
VRPTW,565,ok,36.4421619001,29
VRPTW,566,ok,37.8401854629,28
VRPTW,567,ok,29.8740887633,25
VRPTW,568,ok,26.0135542761,28
VRPTW,569,ok,34.6813938956,31
VRPTW,570,ok,41.0558781808,28
VRPTW,571,ok,29.5453276133,26
VRPTW,572,ok,31.6214750456,29
VRPTW,573,ok,37.9319984384,29
VRPTW,574,ok,30.9631390303,25
VRPTW,575,ok,60.0196446013,34
VRPTW,576,ok,43.1917659878,29
VRPTW,577,ok,35.7930165384,29
VRPTW,578,ok,30.6091023098,29
VRPTW,579,ok,36.8398371302,29
VRPTW,580,ok,28.1106520726,28
VRPTW,581,ok,37.2800296781,29
VRPTW,582,ok,36.5564827955,27
VRPTW,583,ok,31.0339834914,28
VRPTW,584,ok,40.6797476954,30
VRPTW,585,ok,28.0490622162,28
VRPTW,586,ok,29.7376101672,27
VRPTW,587,ok,42.1650900881,29
VRPTW,588,ok,40.6092444423,32
VRPTW,589,ok,30.1230882119,26
VRPTW,590,ok,35.3410258506,29
VRPTW,591,ok,44.7840805869,30
VRPTW,592,ok,36.8935854239,27
VRPTW,593,ok,28.1012685909,28
VRPTW,594,ok,37.7138540367,27
VRPTW,595,ok,33.2084164097,27
VRPTW,596,ok,29.7737676827,27
VRPTW,597,ok,32.2071348352,29
VRPTW,598,ok,57.5903741998,34
VRPTW,599,ok,28.7094589704,29
VRPTW,600,ok,42.3213422633,28
VRPTW,601,ok,36.0015510518,28
VRPTW,602,ok,28.5636038913,28
VRPTW,603,ok,30.4399067080,26
VRPTW,604,ok,30.3990059632,29
VRPTW,605,ok,30.1175339962,31
VRPTW,606,ok,31.0668569822,29
VRPTW,607,ok,40.6926801985,28
VRPTW,608,ok,28.9008837501,28
VRPTW,609,ok,30.4900737211,28
VRPTW,610,ok,30.3159102365,28
VRPTW,611,ok,27.6249301781,29
VRPTW,612,ok,33.3758439447,28
VRPTW,613,ok,31.8852977360,29
VRPTW,614,ok,27.2924203265,29
VRPTW,615,ok,27.9774285836,27
VRPTW,616,ok,34.6922599153,30
VRPTW,617,ok,27.6966423333,27
VRPTW,618,ok,29.9930382021,26
VRPTW,619,ok,41.6841042636,30
VRPTW,620,ok,25.7762333128,26
VRPTW,621,ok,35.4872740096,27
VRPTW,622,ok,29.2010711266,29
VRPTW,623,ok,26.2996930779,28
VRPTW,624,ok,27.4256721748,30
VRPTW,625,ok,28.6811934415,28
VRPTW,626,ok,24.8980032512,28
VRPTW,627,ok,32.4154532130,25
VRPTW,628,ok,39.7330015147,29
VRPTW,629,ok,37.8739401072,27
VRPTW,630,ok,38.0178658039,27
VRPTW,631,ok,30.4933500055,25
VRPTW,632,ok,33.0808756704,30
VRPTW,633,ok,23.4934442500,28
VRPTW,634,ok,36.1314228258,26
VRPTW,635,ok,35.8675362939,29
VRPTW,636,ok,25.9141126809,28
VRPTW,637,ok,34.9863242471,28
VRPTW,638,ok,33.5422916732,30
VRPTW,639,ok,39.4585738905,29
VRPTW,640,ok,37.5374992535,28
VRPTW,641,ok,34.0411189289,28
VRPTW,642,ok,37.1882091904,29
VRPTW,643,ok,32.4610580850,27
VRPTW,644,ok,29.2293738972,31
VRPTW,645,ok,30.8049059774,29
VRPTW,646,ok,42.1742538264,28
VRPTW,647,ok,29.7180770935,26
VRPTW,648,ok,43.1633902376,28
VRPTW,649,ok,30.3821730497,26
VRPTW,650,ok,43.4188608674,31
VRPTW,651,ok,29.6586020041,27
VRPTW,652,ok,24.3036726121,25
VRPTW,653,ok,29.4931621287,27
VRPTW,654,ok,27.4894774407,29
VRPTW,655,ok,34.5994052313,29
VRPTW,656,ok,29.4932192289,28
VRPTW,657,ok,34.1516495336,30
VRPTW,658,ok,33.5155783541,31
VRPTW,659,ok,29.2161744094,25
VRPTW,660,ok,37.2766512390,31
VRPTW,661,ok,43.8410557714,31
VRPTW,662,ok,36.7470325501,29
VRPTW,663,ok,29.8161387561,26
VRPTW,664,ok,41.9715260315,31
VRPTW,665,ok,26.7816162467,26
VRPTW,666,ok,34.8340429710,28
VRPTW,667,ok,23.8789206561,24
VRPTW,668,ok,26.6928841278,25
VRPTW,669,ok,44.6313633405,27
VRPTW,670,ok,40.6359670862,32
VRPTW,671,ok,39.2704362627,29
VRPTW,672,ok,30.1179356293,28
VRPTW,673,ok,34.7018184023,29
VRPTW,674,ok,34.1587993828,27
VRPTW,675,ok,31.5664651666,29
VRPTW,676,ok,37.1820146241,28
VRPTW,677,ok,25.5250980563,28
VRPTW,678,ok,33.8857138561,29
VRPTW,679,ok,49.3956164041,31
VRPTW,680,ok,33.5880290308,25
VRPTW,681,ok,45.3876208848,30
VRPTW,682,ok,40.0786728006,29
VRPTW,683,ok,33.5991264004,25
VRPTW,684,ok,44.9651680801,29
VRPTW,685,ok,32.6495190061,26
VRPTW,686,ok,48.4897419652,28
VRPTW,687,ok,34.2072697282,26
VRPTW,688,ok,26.9382928847,26
VRPTW,689,ok,26.0069476572,25
VRPTW,690,ok,40.6729137390,30
VRPTW,691,ok,37.7774351667,26
VRPTW,692,ok,25.2403809525,24
VRPTW,693,ok,38.7736844596,31
VRPTW,694,ok,41.7122403960,30
VRPTW,695,ok,36.4984010756,28
VRPTW,696,ok,27.0640342438,26
VRPTW,697,ok,24.7701165640,29
VRPTW,698,ok,27.2621203542,24
VRPTW,699,ok,43.1017514600,28
VRPTW,700,ok,44.6199209399,30
VRPTW,701,ok,25.2780852899,27
VRPTW,702,ok,35.8415360590,28
VRPTW,703,ok,46.1867858841,29
VRPTW,704,ok,39.3528472188,29
VRPTW,705,ok,30.3150310729,27
VRPTW,706,ok,33.9123352432,27
VRPTW,707,ok,26.4050626555,27
VRPTW,708,ok,41.1331144169,30
VRPTW,709,ok,29.0246139051,27
VRPTW,710,ok,52.6224441969,30
VRPTW,711,ok,27.9832378930,28
VRPTW,712,ok,42.3719338011,31
VRPTW,713,ok,32.5170096665,28
VRPTW,714,ok,28.6086991353,28
VRPTW,715,ok,34.5797024420,27
VRPTW,716,ok,33.5031813904,29
VRPTW,717,ok,28.7617006900,30
VRPTW,718,ok,30.8425853593,26
VRPTW,719,ok,28.0700798887,28
VRPTW,720,ok,35.3200134118,29
VRPTW,721,ok,38.3118240358,27
VRPTW,722,ok,36.8600457483,27
VRPTW,723,ok,25.0066944225,26
VRPTW,724,ok,38.3133847799,28
VRPTW,725,ok,31.1368235711,27
VRPTW,726,ok,26.4283936224,26
VRPTW,727,ok,45.4513127773,30
VRPTW,728,ok,30.1752597369,26
VRPTW,729,ok,26.2220142660,29
VRPTW,730,ok,28.4759684868,29
VRPTW,731,ok,38.3105038727,29
VRPTW,732,ok,29.8067820840,29
VRPTW,733,ok,39.8145936425,27
VRPTW,734,ok,32.2379372592,26
VRPTW,735,ok,34.9498641510,31
VRPTW,736,ok,33.8313203077,27
VRPTW,737,ok,31.1613395230,31
VRPTW,738,ok,31.4793385778,28
VRPTW,739,ok,47.7060270680,30
VRPTW,740,ok,30.9575518003,27
VRPTW,741,ok,33.3979938894,27
VRPTW,742,ok,26.3588757592,26
VRPTW,743,ok,31.6051978495,31
VRPTW,744,ok,27.2023602012,28
VRPTW,745,ok,30.1002018470,25
VRPTW,746,ok,41.0836049807,28
VRPTW,747,ok,31.0855493709,29
VRPTW,748,ok,25.5605935462,27
VRPTW,749,ok,32.1081584683,28
VRPTW,750,ok,52.2521387266,30
VRPTW,751,ok,27.9522123021,26
VRPTW,752,ok,41.8331027270,28
VRPTW,753,ok,34.1227063234,25
VRPTW,754,ok,28.3148076473,29
VRPTW,755,ok,48.6312778535,29
VRPTW,756,ok,27.6954762161,28
VRPTW,757,ok,34.5612927788,25
VRPTW,758,ok,40.2817710285,29
VRPTW,759,ok,34.3380286989,27
VRPTW,760,ok,35.6452524820,30
VRPTW,761,ok,37.9970317013,29
VRPTW,762,ok,30.0130296308,26
VRPTW,763,ok,29.0014694512,28
VRPTW,764,ok,28.6011382763,28
VRPTW,765,ok,29.7522692139,26
VRPTW,766,ok,30.5712934201,29
VRPTW,767,ok,29.6955249661,27
VRPTW,768,ok,26.1274482735,28
VRPTW,769,ok,31.1401471822,28
VRPTW,770,ok,35.5778036057,26
VRPTW,771,ok,33.5529512777,29
VRPTW,772,ok,35.4911434525,28
VRPTW,773,ok,36.8423257043,29
VRPTW,774,ok,39.0679110478,30
VRPTW,775,ok,29.0058322581,28
VRPTW,776,ok,35.2668219766,27
VRPTW,777,ok,32.2828934750,31
VRPTW,778,ok,36.9695249253,28
VRPTW,779,ok,32.5617493802,28
VRPTW,780,ok,31.8381138995,30
VRPTW,781,ok,37.6633385588,30
VRPTW,782,ok,33.2164190505,28
VRPTW,783,ok,28.7654535084,29
VRPTW,784,ok,37.8191015914,30
VRPTW,785,ok,36.9837868807,31
VRPTW,786,ok,30.1917185478,27
VRPTW,787,ok,25.9878631521,26
VRPTW,788,ok,27.3567924068,25
VRPTW,789,ok,36.7948063374,29
VRPTW,790,ok,33.1474421406,27
VRPTW,791,ok,27.0803658022,28
VRPTW,792,ok,28.9313100877,28
VRPTW,793,ok,31.6178837402,31
VRPTW,794,ok,29.8979999401,28
VRPTW,795,ok,39.5678058523,29
VRPTW,796,ok,25.9951530340,26
VRPTW,797,ok,40.5434069068,30
VRPTW,798,ok,38.9130595675,30
VRPTW,799,ok,31.1767262281,27
VRPTW,800,ok,28.0449819126,27
VRPTW,801,ok,27.6566103960,26
VRPTW,802,ok,30.2991940904,31
VRPTW,803,ok,27.4492634720,28
VRPTW,804,ok,47.4222187212,30
VRPTW,805,ok,32.2257838176,26
VRPTW,806,ok,40.0968490131,30
VRPTW,807,ok,37.2677553246,30
VRPTW,808,ok,26.6170903886,28
VRPTW,809,ok,38.1467411935,28
VRPTW,810,ok,25.6079953800,25
VRPTW,811,ok,33.1262234358,28
VRPTW,812,ok,32.9612044544,31
VRPTW,813,ok,37.9034058050,27
VRPTW,814,ok,34.8900087024,29
VRPTW,815,ok,36.5361968215,30
VRPTW,816,ok,35.5626970051,30
VRPTW,817,ok,39.6844664022,27
VRPTW,818,ok,38.2973464919,30
VRPTW,819,ok,25.8295228131,25
VRPTW,820,ok,34.5815422571,29
VRPTW,821,ok,28.4992234445,25
VRPTW,822,ok,42.4106453434,31
VRPTW,823,ok,26.5473863646,28
VRPTW,824,ok,33.1586345119,26
VRPTW,825,ok,39.6051981705,26
VRPTW,826,ok,38.4212107665,27
VRPTW,827,ok,33.4061544482,26
VRPTW,828,ok,29.8151548839,27
VRPTW,829,ok,27.0616876432,26
VRPTW,830,ok,36.0857357841,28
VRPTW,831,ok,41.9933604395,31
VRPTW,832,ok,28.8977457577,27
VRPTW,833,ok,26.4660813205,27
VRPTW,834,ok,35.7885676371,28
VRPTW,835,ok,51.4017373760,30
VRPTW,836,ok,31.0012678287,26
VRPTW,837,ok,29.3324818320,30
VRPTW,838,ok,37.8936558522,30
VRPTW,839,ok,35.1387934018,34
VRPTW,840,ok,30.4889937016,28
VRPTW,841,ok,36.7766035400,26
VRPTW,842,ok,28.0863945213,28
VRPTW,843,ok,38.1908953243,27
VRPTW,844,ok,31.0362772270,29
VRPTW,845,ok,24.7921980526,25
VRPTW,846,ok,26.9502448449,24
VRPTW,847,ok,35.5761392646,32
VRPTW,848,ok,39.0525841965,28
VRPTW,849,ok,32.4407801721,28
VRPTW,850,ok,37.2651008392,28
VRPTW,851,ok,28.1538578737,28
VRPTW,852,ok,30.8297734279,27
VRPTW,853,ok,32.6822533644,30
VRPTW,854,ok,33.8523413494,29
VRPTW,855,ok,34.3931404459,29
VRPTW,856,ok,29.6169250164,28
VRPTW,857,ok,29.1302999483,29
VRPTW,858,ok,33.0723396243,31
VRPTW,859,ok,46.0470733347,28
VRPTW,860,ok,41.7949298111,30
VRPTW,861,ok,30.0949125099,28
VRPTW,862,ok,30.9955767184,29
VRPTW,863,ok,38.7898338204,28
VRPTW,864,ok,31.4038508109,27
VRPTW,865,ok,51.6434590458,31
VRPTW,866,ok,42.5711037835,29
VRPTW,867,ok,30.7499953703,29
VRPTW,868,ok,38.6961420527,28
VRPTW,869,ok,30.8938867696,30
VRPTW,870,ok,29.2291291914,30
VRPTW,871,ok,40.3857398721,30
VRPTW,872,ok,37.1891688001,33
VRPTW,873,ok,34.6968050486,28
VRPTW,874,ok,36.4755047923,29
VRPTW,875,ok,28.3990400382,27
VRPTW,876,ok,27.6868957148,28
VRPTW,877,ok,33.1754893416,29
VRPTW,878,ok,40.3617143459,29
VRPTW,879,ok,28.5543783874,27
VRPTW,880,ok,38.4720053516,30
VRPTW,881,ok,27.1854885530,27
VRPTW,882,ok,28.0752438271,29
VRPTW,883,ok,34.5072413244,28
VRPTW,884,ok,28.1884010953,28
VRPTW,885,ok,33.2264977699,30
VRPTW,886,ok,29.0210078953,26
VRPTW,887,ok,35.0273216814,28
VRPTW,888,ok,31.2790063633,28
VRPTW,889,ok,27.7400074198,28
VRPTW,890,ok,41.0644624227,30
VRPTW,891,ok,34.9421183007,27
VRPTW,892,ok,34.4942789052,30
VRPTW,893,ok,25.1975537352,27
VRPTW,894,ok,33.7073926496,28
VRPTW,895,ok,28.9809933611,26
VRPTW,896,ok,31.7226232095,29
VRPTW,897,ok,38.6377280261,28
VRPTW,898,ok,32.8909948379,29
VRPTW,899,ok,38.8788104941,28
VRPTW,900,ok,45.2402991024,29
VRPTW,901,ok,35.4014484416,29
VRPTW,902,ok,29.2849176505,33
VRPTW,903,ok,43.4550125161,29
VRPTW,904,ok,33.0240070075,28
VRPTW,905,ok,29.1888164082,25
VRPTW,906,ok,24.4352652553,25
VRPTW,907,ok,31.5306222488,29
VRPTW,908,ok,35.6230059599,27
VRPTW,909,ok,40.6923654836,26
VRPTW,910,ok,34.1554064740,26
VRPTW,911,ok,38.2677391361,29
VRPTW,912,ok,36.8521337273,27
VRPTW,913,ok,24.6376346109,27
VRPTW,914,ok,27.5921942772,27
VRPTW,915,ok,35.4679228255,28
VRPTW,916,ok,35.5779267792,27
VRPTW,917,ok,35.3226409971,28
VRPTW,918,ok,25.4614020673,26
VRPTW,919,ok,49.9057314785,29
VRPTW,920,ok,37.2603607128,29
VRPTW,921,ok,39.5631206616,29
VRPTW,922,ok,44.7585742271,30
VRPTW,923,ok,27.0300707423,27
VRPTW,924,ok,49.5602977996,29
VRPTW,925,ok,46.7510508900,30
VRPTW,926,ok,44.3821625135,31
VRPTW,927,ok,38.5178223364,29
VRPTW,928,ok,32.5513489801,25
VRPTW,929,ok,32.8640808091,24
VRPTW,930,ok,26.0421456755,28
VRPTW,931,ok,31.1890866427,29
VRPTW,932,ok,32.6832238811,28
VRPTW,933,ok,27.7250849162,28
VRPTW,934,ok,26.0627240216,26
VRPTW,935,ok,29.5671397958,29
VRPTW,936,ok,31.0932007337,25
VRPTW,937,ok,28.6861420857,26
VRPTW,938,ok,27.7897965666,26
VRPTW,939,ok,32.0721922672,26
VRPTW,940,ok,40.3546501268,30
VRPTW,941,ok,35.3240551482,26
VRPTW,942,ok,39.2891532920,31
VRPTW,943,ok,29.9085267386,27
VRPTW,944,ok,38.1649973787,29
VRPTW,945,ok,29.0672377112,29
VRPTW,946,ok,34.3001654710,28
VRPTW,947,ok,40.8540432183,30
VRPTW,948,ok,34.1655344196,26
VRPTW,949,ok,40.5573938091,28
VRPTW,950,ok,41.7602983505,27
VRPTW,951,ok,26.8055231287,27
VRPTW,952,ok,27.6411536118,27
VRPTW,953,ok,36.8788765001,30
VRPTW,954,ok,34.2245676460,27
VRPTW,955,ok,22.5121706243,25
VRPTW,956,ok,36.0276104337,30
VRPTW,957,ok,33.2184212242,27
VRPTW,958,ok,28.8119090526,29
VRPTW,959,ok,31.1670184413,28
VRPTW,960,ok,32.5787113123,27
VRPTW,961,ok,25.7693812069,27
VRPTW,962,ok,32.4539342531,28
VRPTW,963,ok,30.1634154028,27
VRPTW,964,ok,29.3644055646,23
VRPTW,965,ok,46.0281628889,29
VRPTW,966,ok,32.8350655375,29
VRPTW,967,ok,38.1540708536,28
VRPTW,968,ok,27.1816173045,26
VRPTW,969,ok,36.3518929907,29
VRPTW,970,ok,38.0844801352,29
VRPTW,971,ok,33.5084697965,28
VRPTW,972,ok,27.3677904589,26
VRPTW,973,ok,47.8074197970,32
VRPTW,974,ok,34.4312024052,29
VRPTW,975,ok,32.4611196903,28
VRPTW,976,ok,27.8133574510,28
VRPTW,977,ok,32.4245362570,28
VRPTW,978,ok,33.7401154727,26
VRPTW,979,ok,28.7528302723,25
VRPTW,980,ok,44.5869855952,29
VRPTW,981,ok,35.8687565360,31
VRPTW,982,ok,37.3421265292,29
VRPTW,983,ok,26.2653083543,26
VRPTW,984,ok,25.9595294234,26
VRPTW,985,ok,43.6085623933,30
VRPTW,986,ok,41.0838311188,29
VRPTW,987,ok,40.1306401611,27
VRPTW,988,ok,32.6102579549,27
VRPTW,989,ok,35.6700871381,30
VRPTW,990,ok,37.6875397370,29
VRPTW,991,ok,27.4592652418,28
VRPTW,992,ok,34.0455306447,29
VRPTW,993,ok,32.9364936386,28
VRPTW,994,ok,25.4475679197,27
VRPTW,995,ok,39.7066768172,28
VRPTW,996,ok,28.4795421735,27
VRPTW,997,ok,31.6151140270,29
VRPTW,998,ok,36.4790357083,29
VRPTW,999,ok,33.8873376563,28
OVRPTW,0,ok,18.0199765464,29
OVRPTW,1,ok,17.1461577369,30
OVRPTW,2,ok,17.3025332089,33
OVRPTW,3,ok,17.8257411194,28
OVRPTW,4,ok,18.3005685328,28
OVRPTW,5,ok,17.3955668375,29
OVRPTW,6,ok,17.9540254832,28
OVRPTW,7,ok,24.2756063390,29
OVRPTW,8,ok,23.5175305715,31
OVRPTW,9,ok,19.0907725737,31
OVRPTW,10,ok,18.3492677048,29
OVRPTW,11,ok,24.1005596550,27
OVRPTW,12,ok,16.1003915987,29
OVRPTW,13,ok,17.6107957515,27
OVRPTW,14,ok,21.0807603009,28
OVRPTW,15,ok,18.4347392664,29
OVRPTW,16,ok,16.4966706183,29
OVRPTW,17,ok,16.5471731437,28
OVRPTW,18,ok,19.1378572212,30
OVRPTW,19,ok,20.4675134656,31
OVRPTW,20,ok,14.6407804365,26
OVRPTW,21,ok,16.8457100520,32
OVRPTW,22,ok,17.2972770234,32
OVRPTW,23,ok,16.3367239377,25
OVRPTW,24,ok,16.9285740252,27
OVRPTW,25,ok,20.2458068047,26
OVRPTW,26,ok,18.4449059525,29
OVRPTW,27,ok,22.6100076806,28
OVRPTW,28,ok,19.3989547771,28
OVRPTW,29,ok,16.8186827474,29
OVRPTW,30,ok,19.3543816296,28
OVRPTW,31,ok,16.0481786603,30
OVRPTW,32,ok,21.8817000185,29
OVRPTW,33,ok,21.0836336802,30
OVRPTW,34,ok,15.6436387683,28
OVRPTW,35,ok,18.5502448709,29
OVRPTW,36,ok,19.5085656163,26
OVRPTW,37,ok,18.9880930147,32
OVRPTW,38,ok,19.4567113217,29
OVRPTW,39,ok,19.5966971895,30
OVRPTW,40,ok,16.7657127741,26
OVRPTW,41,ok,16.8796300873,27
OVRPTW,42,ok,14.2601798952,28
OVRPTW,43,ok,19.3563989977,29
OVRPTW,44,ok,20.5877308732,29
OVRPTW,45,ok,20.9504027577,27
OVRPTW,46,ok,16.0134251258,29
OVRPTW,47,ok,20.9448548031,29
OVRPTW,48,ok,17.9539389993,27
OVRPTW,49,ok,18.7286365435,30
OVRPTW,50,ok,16.8858588077,28
OVRPTW,51,ok,19.4725669318,28
OVRPTW,52,ok,21.0101281755,30
OVRPTW,53,ok,21.9184035215,26
OVRPTW,54,ok,15.7106324475,28
OVRPTW,55,ok,22.5404496133,28
OVRPTW,56,ok,16.7207821195,28
OVRPTW,57,ok,17.0362843212,25
OVRPTW,58,ok,16.6242315797,30
OVRPTW,59,ok,15.4037252144,27
OVRPTW,60,ok,17.1735886359,29
OVRPTW,61,ok,21.7318858502,29
OVRPTW,62,ok,23.7167448296,29
OVRPTW,63,ok,16.0230784705,28
OVRPTW,64,ok,16.8879114108,31
OVRPTW,65,ok,15.5630653105,30
OVRPTW,66,ok,17.2552734712,27
OVRPTW,67,ok,15.6769352556,31
OVRPTW,68,ok,23.0684262600,28
OVRPTW,69,ok,18.2856007153,27
OVRPTW,70,ok,18.5845923289,29
OVRPTW,71,ok,23.1511723523,27
OVRPTW,72,ok,14.8007098280,28
OVRPTW,73,ok,22.1980462405,29
OVRPTW,74,ok,21.7258508692,29
OVRPTW,75,ok,16.6646924845,27
OVRPTW,76,ok,19.4493527311,23
OVRPTW,77,ok,17.5593410426,26
OVRPTW,78,ok,22.1241919042,25
OVRPTW,79,ok,20.1001469261,31
OVRPTW,80,ok,23.5503422344,26
OVRPTW,81,ok,16.2477895647,30
OVRPTW,82,ok,18.1282068775,29
OVRPTW,83,ok,17.0533552570,31
OVRPTW,84,ok,23.6426247898,27
OVRPTW,85,ok,17.9272365290,27
OVRPTW,86,ok,15.0990445246,27
OVRPTW,87,ok,18.6571359839,31
OVRPTW,88,ok,19.3200585535,27
OVRPTW,89,ok,23.7547413984,27
OVRPTW,90,ok,15.5587904138,31
OVRPTW,91,ok,20.7726081990,28
OVRPTW,92,ok,19.9408317602,29
OVRPTW,93,ok,17.3965813229,26
OVRPTW,94,ok,19.4275053571,28
OVRPTW,95,ok,20.1407329208,24
OVRPTW,96,ok,20.9767709721,29
OVRPTW,97,ok,21.6211506538,32
OVRPTW,98,ok,17.5529629486,27
OVRPTW,99,ok,15.0630898862,31
OVRPTW,100,ok,16.9278348657,29
OVRPTW,101,ok,15.7468431103,29
OVRPTW,102,ok,14.1459352439,25
OVRPTW,103,ok,21.2915663782,28
OVRPTW,104,ok,22.0985183559,27
OVRPTW,105,ok,14.9191263610,26
OVRPTW,106,ok,17.6016031155,25
OVRPTW,107,ok,19.0208129090,32
OVRPTW,108,ok,20.1163126008,33
OVRPTW,109,ok,19.3251942278,31
OVRPTW,110,ok,17.0784733452,28
OVRPTW,111,ok,20.7100495744,29
OVRPTW,112,ok,21.0594990010,27
OVRPTW,113,ok,17.2796252754,30
OVRPTW,114,ok,16.3291900400,30
OVRPTW,115,ok,15.6526543762,26
OVRPTW,116,ok,20.5797975128,26
OVRPTW,117,ok,16.0378283412,28
OVRPTW,118,ok,22.8429794103,29
OVRPTW,119,ok,15.0335952962,27
OVRPTW,120,ok,16.3291652551,30
OVRPTW,121,ok,15.1136345524,26
OVRPTW,122,ok,16.1727199398,28
OVRPTW,123,ok,21.5137491160,29
OVRPTW,124,ok,21.8632235738,30
OVRPTW,125,ok,19.6419830048,29
OVRPTW,126,ok,22.6118479167,26
OVRPTW,127,ok,18.3755166105,28
OVRPTW,128,ok,17.3281916856,27
OVRPTW,129,ok,16.7867202734,29
OVRPTW,130,ok,18.7180088892,27
OVRPTW,131,ok,23.5344528547,28
OVRPTW,132,ok,19.6944757302,29
OVRPTW,133,ok,16.7426000776,31
OVRPTW,134,ok,21.1794161569,29
OVRPTW,135,ok,15.7986083149,30
OVRPTW,136,ok,15.1473703685,28
OVRPTW,137,ok,19.0035276879,29
OVRPTW,138,ok,15.3043104485,28
OVRPTW,139,ok,19.0223317885,31
OVRPTW,140,ok,22.2445933963,26
OVRPTW,141,ok,18.1307618647,31
OVRPTW,142,ok,22.1062534014,29
OVRPTW,143,ok,15.8922203263,30
OVRPTW,144,ok,21.9476373382,30
OVRPTW,145,ok,21.6097786231,29
OVRPTW,146,ok,15.9375216713,27
OVRPTW,147,ok,17.7839280254,28
OVRPTW,148,ok,16.1971162378,30
OVRPTW,149,ok,16.9448713004,28
OVRPTW,150,ok,16.5193213860,30
OVRPTW,151,ok,16.3487614384,29
OVRPTW,152,ok,22.0846209513,29
OVRPTW,153,ok,22.0781871633,28
OVRPTW,154,ok,23.3094402673,28
OVRPTW,155,ok,15.5959072858,29
OVRPTW,156,ok,17.0720402182,27
OVRPTW,157,ok,20.5428797955,31
OVRPTW,158,ok,20.5244709387,27
OVRPTW,159,ok,15.7297544229,29
OVRPTW,160,ok,17.5836627480,28
OVRPTW,161,ok,23.9773521919,28
OVRPTW,162,ok,15.7707102883,26
OVRPTW,163,ok,20.0003576451,29
OVRPTW,164,ok,23.8693741540,32
OVRPTW,165,ok,25.8143793013,28
OVRPTW,166,ok,18.2645989672,28
OVRPTW,167,ok,15.0893434650,30
OVRPTW,168,ok,24.1916871898,29
OVRPTW,169,ok,21.0137213987,30
OVRPTW,170,ok,16.5508501753,25
OVRPTW,171,ok,20.2822289730,30
OVRPTW,172,ok,16.6811392657,29
OVRPTW,173,ok,14.8390533735,28
OVRPTW,174,ok,15.4029092238,26
OVRPTW,175,ok,22.6395296020,28
OVRPTW,176,ok,19.5405530744,28
OVRPTW,177,ok,19.4237517691,27
OVRPTW,178,ok,18.6746704489,28
OVRPTW,179,ok,17.1994257267,27
OVRPTW,180,ok,20.5723512913,31
OVRPTW,181,ok,21.3929370317,28
OVRPTW,182,ok,18.7872855178,29
OVRPTW,183,ok,22.6448394126,27
OVRPTW,184,ok,18.0019367939,27
OVRPTW,185,ok,20.1746376239,26
OVRPTW,186,ok,15.5873324165,32
OVRPTW,187,ok,15.8199608095,29
OVRPTW,188,ok,19.3121126614,28
OVRPTW,189,ok,14.9982822517,27
OVRPTW,190,ok,25.4597377662,29
OVRPTW,191,ok,20.8363025909,27
OVRPTW,192,ok,17.6976878932,29
OVRPTW,193,ok,23.3131389526,28
OVRPTW,194,ok,18.8864879532,30
OVRPTW,195,ok,25.8373819606,28
OVRPTW,196,ok,19.8554876155,29
OVRPTW,197,ok,16.3269044893,29
OVRPTW,198,ok,20.4955622376,30
OVRPTW,199,ok,18.1054399023,26
OVRPTW,200,ok,18.2996840863,28
OVRPTW,201,ok,19.9782165295,29
OVRPTW,202,ok,18.5466593015,27
OVRPTW,203,ok,20.1445375100,26
OVRPTW,204,ok,25.8821011208,29
OVRPTW,205,ok,16.2108756222,30
OVRPTW,206,ok,18.5355521122,26
OVRPTW,207,ok,19.1819646916,29
OVRPTW,208,ok,22.8439324767,28
OVRPTW,209,ok,15.9470723521,28
OVRPTW,210,ok,18.0128962838,28
OVRPTW,211,ok,20.8858039929,29
OVRPTW,212,ok,19.9267010880,29
OVRPTW,213,ok,18.7169286163,27
OVRPTW,214,ok,16.3817541926,30
OVRPTW,215,ok,21.3080926999,29
OVRPTW,216,ok,17.1118864909,31
OVRPTW,217,ok,18.0543663530,27
OVRPTW,218,ok,21.0219211657,27
OVRPTW,219,ok,20.3120956422,29
OVRPTW,220,ok,21.2697577629,27
OVRPTW,221,ok,24.9786521408,28
OVRPTW,222,ok,19.1802976052,29
OVRPTW,223,ok,20.9835076744,35
OVRPTW,224,ok,21.7946813434,30
OVRPTW,225,ok,20.5998292472,30
OVRPTW,226,ok,21.5841040157,29
OVRPTW,227,ok,18.2848931537,29
OVRPTW,228,ok,23.1146404208,27
OVRPTW,229,ok,17.7389052316,26
OVRPTW,230,ok,19.5937948943,26
OVRPTW,231,ok,17.1514060312,28
OVRPTW,232,ok,19.5719318092,29
OVRPTW,233,ok,16.3860548644,26
OVRPTW,234,ok,22.7929376031,30
OVRPTW,235,ok,17.3562315979,30
OVRPTW,236,ok,17.8797442205,32
OVRPTW,237,ok,16.0844264122,31
OVRPTW,238,ok,16.9639807881,29
OVRPTW,239,ok,16.9265275669,26
OVRPTW,240,ok,14.4602676844,29
OVRPTW,241,ok,20.5704533217,27
OVRPTW,242,ok,16.9237510650,28
OVRPTW,243,ok,16.2481411877,25
OVRPTW,244,ok,17.7468558403,32
OVRPTW,245,ok,19.6899890137,29
OVRPTW,246,ok,18.3124603491,29
OVRPTW,247,ok,14.8458865128,27
OVRPTW,248,ok,19.1071618486,26
OVRPTW,249,ok,20.9536939862,27
OVRPTW,250,ok,20.6970324395,27
OVRPTW,251,ok,20.7733363473,25
OVRPTW,252,ok,19.1725215662,28
OVRPTW,253,ok,19.2956808375,30
OVRPTW,254,ok,15.8757014116,30
OVRPTW,255,ok,16.6808339460,26
OVRPTW,256,ok,15.9379005827,29
OVRPTW,257,ok,18.7320100074,30
OVRPTW,258,ok,16.0000707518,28
OVRPTW,259,ok,16.0883500179,29
OVRPTW,260,ok,15.8064866608,30
OVRPTW,261,ok,14.4754388782,26
OVRPTW,262,ok,21.7625229437,28
OVRPTW,263,ok,19.1585740050,29
OVRPTW,264,ok,19.4197961400,31
OVRPTW,265,ok,18.6316176002,27
OVRPTW,266,ok,19.0954211442,26
OVRPTW,267,ok,19.6050785670,28
OVRPTW,268,ok,15.3338806353,28
OVRPTW,269,ok,19.0005331539,27
OVRPTW,270,ok,16.4312506650,27
OVRPTW,271,ok,19.9999811671,27
OVRPTW,272,ok,16.9003607057,28
OVRPTW,273,ok,22.2808615753,28
OVRPTW,274,ok,15.3800537051,27
OVRPTW,275,ok,15.6044527308,26
OVRPTW,276,ok,15.8123229918,29
OVRPTW,277,ok,17.7855170182,25
OVRPTW,278,ok,15.3008798564,29
OVRPTW,279,ok,19.3909078805,28
OVRPTW,280,ok,17.7845643156,30
OVRPTW,281,ok,21.1451361782,27
OVRPTW,282,ok,18.9969476109,27
OVRPTW,283,ok,14.9443314812,30
OVRPTW,284,ok,17.8689965072,30
OVRPTW,285,ok,22.3594297734,30
OVRPTW,286,ok,15.9503779916,26
OVRPTW,287,ok,15.9216489586,29
OVRPTW,288,ok,16.6428140638,30
OVRPTW,289,ok,21.4996012196,29
OVRPTW,290,ok,16.4225942567,30
OVRPTW,291,ok,19.6383816673,27
OVRPTW,292,ok,22.3960731237,27
OVRPTW,293,ok,18.8909003534,29
OVRPTW,294,ok,17.2760248645,33
OVRPTW,295,ok,19.5086584058,31
OVRPTW,296,ok,20.1632306787,26
OVRPTW,297,ok,16.0762606585,27
OVRPTW,298,ok,17.4657370306,29
OVRPTW,299,ok,20.1742878761,26
OVRPTW,300,ok,18.4566179909,29
OVRPTW,301,ok,15.9876633183,31
OVRPTW,302,ok,16.0548661694,27
OVRPTW,303,ok,17.2611621560,25
OVRPTW,304,ok,22.7364665170,30
OVRPTW,305,ok,16.5749631369,23
OVRPTW,306,ok,15.9241924100,29
OVRPTW,307,ok,14.8634076019,28
OVRPTW,308,ok,17.7273427494,29
OVRPTW,309,ok,24.2176993580,28
OVRPTW,310,ok,21.8584485507,29
OVRPTW,311,ok,16.0129799118,28
OVRPTW,312,ok,22.6728924073,29
OVRPTW,313,ok,16.7208566916,27
OVRPTW,314,ok,20.6271860932,29
OVRPTW,315,ok,18.9072308158,29
OVRPTW,316,ok,19.1540314685,29
OVRPTW,317,ok,15.5258232009,27
OVRPTW,318,ok,17.8155831976,26
OVRPTW,319,ok,20.6116509964,27
OVRPTW,320,ok,24.3845301078,31
OVRPTW,321,ok,17.1369597881,28
OVRPTW,322,ok,16.7495727563,30
OVRPTW,323,ok,21.5876655696,30
OVRPTW,324,ok,23.4057279090,29
OVRPTW,325,ok,17.4439241868,31
OVRPTW,326,ok,19.3533549842,27
OVRPTW,327,ok,14.6555587291,27
OVRPTW,328,ok,18.7167551657,32
OVRPTW,329,ok,18.1819626814,30
OVRPTW,330,ok,20.2274488753,26
OVRPTW,331,ok,16.3848566030,29
OVRPTW,332,ok,14.9725098478,26
OVRPTW,333,ok,20.8951139902,32
OVRPTW,334,ok,19.1799450196,27
OVRPTW,335,ok,16.5635294157,27
OVRPTW,336,ok,19.5913784707,28
OVRPTW,337,ok,17.0026579463,29
OVRPTW,338,ok,18.9226866535,31
OVRPTW,339,ok,16.8835741116,27
OVRPTW,340,ok,24.0807412751,31
OVRPTW,341,ok,20.7643095110,28
OVRPTW,342,ok,20.0338186006,28
OVRPTW,343,ok,15.2683839505,27
OVRPTW,344,ok,16.2106048003,27
OVRPTW,345,ok,19.6131872902,28
OVRPTW,346,ok,22.8999794730,27
OVRPTW,347,ok,19.7076022311,30
OVRPTW,348,ok,22.1250787647,30
OVRPTW,349,ok,21.0793754311,29
OVRPTW,350,ok,15.6703495755,27
OVRPTW,351,ok,17.3483568152,28
OVRPTW,352,ok,20.2387624781,25
OVRPTW,353,ok,20.2837881431,27
OVRPTW,354,ok,15.6622297692,27
OVRPTW,355,ok,19.1978429562,28
OVRPTW,356,ok,15.3765444152,27
OVRPTW,357,ok,17.3741692873,31
OVRPTW,358,ok,16.8443466291,27
OVRPTW,359,ok,16.7907240434,27
OVRPTW,360,ok,18.8760336705,29
OVRPTW,361,ok,18.3288376563,28
OVRPTW,362,ok,19.8355287616,31
OVRPTW,363,ok,14.0458068907,27
OVRPTW,364,ok,15.2883240191,28
OVRPTW,365,ok,21.4513321137,26
OVRPTW,366,ok,21.8492723209,28
OVRPTW,367,ok,17.0417541145,27
OVRPTW,368,ok,21.5184667979,29
OVRPTW,369,ok,20.7220448184,30
OVRPTW,370,ok,16.6603269870,27
OVRPTW,371,ok,19.4079451544,28
OVRPTW,372,ok,20.9885884842,30
OVRPTW,373,ok,19.4147922250,27
OVRPTW,374,ok,15.2949449214,30
OVRPTW,375,ok,15.5190749213,27
OVRPTW,376,ok,21.3993251744,29
OVRPTW,377,ok,22.5871834280,29
OVRPTW,378,ok,20.0860901428,27
OVRPTW,379,ok,21.4455686059,31
OVRPTW,380,ok,20.7688089864,27
OVRPTW,381,ok,25.7394153049,28
OVRPTW,382,ok,18.4266258749,31
OVRPTW,383,ok,16.0069591043,31
OVRPTW,384,ok,21.2986374416,29
OVRPTW,385,ok,17.3573605782,27
OVRPTW,386,ok,15.7200533500,28
OVRPTW,387,ok,14.5830516331,27
OVRPTW,388,ok,18.9962264835,29
OVRPTW,389,ok,19.7185827129,26
OVRPTW,390,ok,14.9578475863,26
OVRPTW,391,ok,22.1629769293,29
OVRPTW,392,ok,18.6144261385,27
OVRPTW,393,ok,19.8405670824,28
OVRPTW,394,ok,23.2654778557,28
OVRPTW,395,ok,21.8227415327,28
OVRPTW,396,ok,16.9188388310,25
OVRPTW,397,ok,19.0956583280,28
OVRPTW,398,ok,21.0368492194,29
OVRPTW,399,ok,18.8698546589,31
OVRPTW,400,ok,16.7549232673,29
OVRPTW,401,ok,18.7540985784,30
OVRPTW,402,ok,20.5442390354,29
OVRPTW,403,ok,25.1545228850,30
OVRPTW,404,ok,21.0718699529,28
OVRPTW,405,ok,21.3986648925,27
OVRPTW,406,ok,19.8964835813,25
OVRPTW,407,ok,15.4415482034,28
OVRPTW,408,ok,21.9811019965,28
OVRPTW,409,ok,17.7669861603,29
OVRPTW,410,ok,18.0595085343,32
OVRPTW,411,ok,17.6486353439,31
OVRPTW,412,ok,16.5291078451,33
OVRPTW,413,ok,21.5574078412,30
OVRPTW,414,ok,15.3655746475,25
OVRPTW,415,ok,15.8111732423,27
OVRPTW,416,ok,17.4035964175,30
OVRPTW,417,ok,18.9079462345,31
OVRPTW,418,ok,19.0165764583,29
OVRPTW,419,ok,15.2233899151,28
OVRPTW,420,ok,15.9234970466,27
OVRPTW,421,ok,21.7158032018,28
OVRPTW,422,ok,19.7097273576,26
OVRPTW,423,ok,17.2166595826,32
OVRPTW,424,ok,26.2766957734,32
OVRPTW,425,ok,15.3471130366,26
OVRPTW,426,ok,19.8487948159,29
OVRPTW,427,ok,19.3951676704,31
OVRPTW,428,ok,16.8675677539,24
OVRPTW,429,ok,18.2222756159,31
OVRPTW,430,ok,19.3695768666,29
OVRPTW,431,ok,20.2849812819,29
OVRPTW,432,ok,19.1779792704,28
OVRPTW,433,ok,18.4269168302,28
OVRPTW,434,ok,16.7066105462,25
OVRPTW,435,ok,17.3269466974,25
OVRPTW,436,ok,20.1976583916,28
OVRPTW,437,ok,15.6044691572,31
OVRPTW,438,ok,21.5688552200,30
OVRPTW,439,ok,17.7095321282,28
OVRPTW,440,ok,15.9176396666,32
OVRPTW,441,ok,17.6940268522,28
OVRPTW,442,ok,19.5077577976,30
OVRPTW,443,ok,17.2294977912,27
OVRPTW,444,ok,19.3434256604,31
OVRPTW,445,ok,18.3019530103,27
OVRPTW,446,ok,16.6283200125,30
OVRPTW,447,ok,18.4917937074,27
OVRPTW,448,ok,21.7596266740,26
OVRPTW,449,ok,15.9705750523,29
OVRPTW,450,ok,15.2450962819,27
OVRPTW,451,ok,16.0795333873,28
OVRPTW,452,ok,18.3398691752,31
OVRPTW,453,ok,13.9278008676,31
OVRPTW,454,ok,22.0960262288,29
OVRPTW,455,ok,18.1845066625,28
OVRPTW,456,ok,17.7567966904,31
OVRPTW,457,ok,18.0633850168,30
OVRPTW,458,ok,16.2823951647,26
OVRPTW,459,ok,22.1369487274,31
OVRPTW,460,ok,17.1529440899,32
OVRPTW,461,ok,23.9915718833,28
OVRPTW,462,ok,16.0446732871,30
OVRPTW,463,ok,19.0477409771,24
OVRPTW,464,ok,23.4863846928,29
OVRPTW,465,ok,18.8699016054,27
OVRPTW,466,ok,18.1829649660,30
OVRPTW,467,ok,22.3479550824,31
OVRPTW,468,ok,21.3392874163,28
OVRPTW,469,ok,18.6813676470,27
OVRPTW,470,ok,18.0940445620,27
OVRPTW,471,ok,16.0193780861,25
OVRPTW,472,ok,18.6069644772,29
OVRPTW,473,ok,26.9626597018,31
OVRPTW,474,ok,16.0059898072,28
OVRPTW,475,ok,19.5813227777,31
OVRPTW,476,ok,21.6172184833,29
OVRPTW,477,ok,15.5780817068,27
OVRPTW,478,ok,17.4968437976,26
OVRPTW,479,ok,17.2946211880,28
OVRPTW,480,ok,17.1855940753,28
OVRPTW,481,ok,16.4271116627,29
OVRPTW,482,ok,16.9041732814,28
OVRPTW,483,ok,16.5035640607,29
OVRPTW,484,ok,20.4826860257,29
OVRPTW,485,ok,16.5492272518,27
OVRPTW,486,ok,15.1283969396,30
OVRPTW,487,ok,15.9010966028,27
OVRPTW,488,ok,20.8349589720,28
OVRPTW,489,ok,21.0827440380,30
OVRPTW,490,ok,17.1842869880,35
OVRPTW,491,ok,20.3427142690,28
OVRPTW,492,ok,18.6140588987,31
OVRPTW,493,ok,21.6834052798,29
OVRPTW,494,ok,21.6674998368,31
OVRPTW,495,ok,23.0775121976,30
OVRPTW,496,ok,19.7201494903,28
OVRPTW,497,ok,22.2408009803,28
OVRPTW,498,ok,16.6913487837,29
OVRPTW,499,ok,23.0253680198,27
OVRPTW,500,ok,20.0140185962,27
OVRPTW,501,ok,17.5291005323,28
OVRPTW,502,ok,16.3935878888,30
OVRPTW,503,ok,20.5551425160,26
OVRPTW,504,ok,16.7414733571,29
OVRPTW,505,ok,15.1155925354,29
OVRPTW,506,ok,20.8555978573,30
OVRPTW,507,ok,17.7097934731,28
OVRPTW,508,ok,18.5012758947,28
OVRPTW,509,ok,15.4918789848,27
OVRPTW,510,ok,18.9666274377,26
OVRPTW,511,ok,23.1906099861,32
OVRPTW,512,ok,17.0592384047,29
OVRPTW,513,ok,19.0963509179,28
OVRPTW,514,ok,18.1433361088,26
OVRPTW,515,ok,17.3787632184,27
OVRPTW,516,ok,20.0721029286,29
OVRPTW,517,ok,20.7791386863,28
OVRPTW,518,ok,19.1322315016,28
OVRPTW,519,ok,16.1886397118,30
OVRPTW,520,ok,20.7575979141,27
OVRPTW,521,ok,16.8066328491,31
OVRPTW,522,ok,17.9438302463,29
OVRPTW,523,ok,17.4327015917,27
OVRPTW,524,ok,16.7700246772,31
OVRPTW,525,ok,20.4414331185,31
OVRPTW,526,ok,19.0989574574,28
OVRPTW,527,ok,18.9986268981,29
OVRPTW,528,ok,14.9337180467,24
OVRPTW,529,ok,20.8492508527,29
OVRPTW,530,ok,18.9154788831,33
OVRPTW,531,ok,20.9105628623,27
OVRPTW,532,ok,19.8801713875,27
OVRPTW,533,ok,20.3421991979,27
OVRPTW,534,ok,19.1281530522,27
OVRPTW,535,ok,17.3471464657,29
OVRPTW,536,ok,16.4889948136,28
OVRPTW,537,ok,19.6341793240,26
OVRPTW,538,ok,19.5009186712,30
OVRPTW,539,ok,19.6710961362,27
OVRPTW,540,ok,18.2917751282,26
OVRPTW,541,ok,20.6940285181,30
OVRPTW,542,ok,14.9458349668,29
OVRPTW,543,ok,15.7347813590,30
OVRPTW,544,ok,25.9901800879,29
OVRPTW,545,ok,19.8590691264,29
OVRPTW,546,ok,24.8402998687,28
OVRPTW,547,ok,16.2847424805,27
OVRPTW,548,ok,18.7100355575,31
OVRPTW,549,ok,18.6197348368,25
OVRPTW,550,ok,20.2370597618,26
OVRPTW,551,ok,14.9598557547,27
OVRPTW,552,ok,21.5481300209,30
OVRPTW,553,ok,24.2291119647,27
OVRPTW,554,ok,19.2544013585,28
OVRPTW,555,ok,17.6545342651,26
OVRPTW,556,ok,14.3857925311,25
OVRPTW,557,ok,18.2866496545,30
OVRPTW,558,ok,16.9347827178,30
OVRPTW,559,ok,19.2529987421,28
OVRPTW,560,ok,25.8435359305,28
OVRPTW,561,ok,14.5327289306,27
OVRPTW,562,ok,16.3347566144,29
OVRPTW,563,ok,22.4095744787,31
OVRPTW,564,ok,15.5567083895,25
OVRPTW,565,ok,20.1679420028,28
OVRPTW,566,ok,17.1067515192,28
OVRPTW,567,ok,18.5779598201,32
OVRPTW,568,ok,15.4483102319,26
OVRPTW,569,ok,20.6740040039,29
OVRPTW,570,ok,23.2335583587,27
OVRPTW,571,ok,21.5123157544,31
OVRPTW,572,ok,19.8916427861,29
OVRPTW,573,ok,16.1307222292,28
OVRPTW,574,ok,21.0573162326,26
OVRPTW,575,ok,17.3262844887,25
OVRPTW,576,ok,15.4788548327,26
OVRPTW,577,ok,16.9492454844,28
OVRPTW,578,ok,19.9154874689,28
OVRPTW,579,ok,16.5303048316,25
OVRPTW,580,ok,19.9287194326,27
OVRPTW,581,ok,18.5100384090,31
OVRPTW,582,ok,17.1561228600,28
OVRPTW,583,ok,15.9559298804,28
OVRPTW,584,ok,19.4655423930,27
OVRPTW,585,ok,15.5031460279,26
OVRPTW,586,ok,22.5354361693,25
OVRPTW,587,ok,23.2691229876,29
OVRPTW,588,ok,20.8386771383,28
OVRPTW,589,ok,14.8499969837,30
OVRPTW,590,ok,20.5538041682,30
OVRPTW,591,ok,20.6787844828,31
OVRPTW,592,ok,18.7594105532,29
OVRPTW,593,ok,19.3369791916,26
OVRPTW,594,ok,17.9783756186,30
OVRPTW,595,ok,22.6960999981,29
OVRPTW,596,ok,16.0877625217,29
OVRPTW,597,ok,15.6501832708,28
OVRPTW,598,ok,16.6398135057,27
OVRPTW,599,ok,15.5443471430,29
OVRPTW,600,ok,20.0557363444,30
OVRPTW,601,ok,15.8625927676,31
OVRPTW,602,ok,14.8424981584,28
OVRPTW,603,ok,20.5774597189,29
OVRPTW,604,ok,19.4897061710,29
OVRPTW,605,ok,15.9552106131,33
OVRPTW,606,ok,18.4225959490,26
OVRPTW,607,ok,19.1229857466,31
OVRPTW,608,ok,18.4385734310,31
OVRPTW,609,ok,20.2492351633,32
OVRPTW,610,ok,18.4325058225,29
OVRPTW,611,ok,17.7060693313,27
OVRPTW,612,ok,20.0469721530,33
OVRPTW,613,ok,23.6582216032,29
OVRPTW,614,ok,16.1681338754,29
OVRPTW,615,ok,22.5333282245,28
OVRPTW,616,ok,19.5104824586,28
OVRPTW,617,ok,16.9544105626,31
OVRPTW,618,ok,17.3842419217,31
OVRPTW,619,ok,15.3486246220,29
OVRPTW,620,ok,19.7223514478,28
OVRPTW,621,ok,16.1895183931,29
OVRPTW,622,ok,18.9889571179,29
OVRPTW,623,ok,21.7539536834,31
OVRPTW,624,ok,19.0398845153,30
OVRPTW,625,ok,17.1717992437,29
OVRPTW,626,ok,20.5233068201,30
OVRPTW,627,ok,17.6970210567,31
OVRPTW,628,ok,19.3441900275,28
OVRPTW,629,ok,20.4811737937,29
OVRPTW,630,ok,17.6696914509,28
OVRPTW,631,ok,16.5120378694,25
OVRPTW,632,ok,15.3959864794,27
OVRPTW,633,ok,21.2223492378,26
OVRPTW,634,ok,20.7530573890,30
OVRPTW,635,ok,19.6028878191,29
OVRPTW,636,ok,16.9523964986,32
OVRPTW,637,ok,16.1045148704,25
OVRPTW,638,ok,17.5738032162,31
OVRPTW,639,ok,25.4186471394,31
OVRPTW,640,ok,16.6955267845,27
OVRPTW,641,ok,16.6510792576,27
OVRPTW,642,ok,18.1863263098,31
OVRPTW,643,ok,20.4666357517,26
OVRPTW,644,ok,18.7634631117,28
OVRPTW,645,ok,16.0915250103,29
OVRPTW,646,ok,16.6383495884,31
OVRPTW,647,ok,20.8119238234,26
OVRPTW,648,ok,16.0704459369,32
OVRPTW,649,ok,17.0290895508,27
OVRPTW,650,ok,19.3643640745,33
OVRPTW,651,ok,15.8428607698,26
OVRPTW,652,ok,18.0840304264,30
OVRPTW,653,ok,23.6797752313,31
OVRPTW,654,ok,17.5414458420,29
OVRPTW,655,ok,16.6759651127,33
OVRPTW,656,ok,20.2818175627,28
OVRPTW,657,ok,17.2556556701,31
OVRPTW,658,ok,16.0666119530,29
OVRPTW,659,ok,18.5175844215,27
OVRPTW,660,ok,16.1747216398,27
OVRPTW,661,ok,17.8119387967,30
OVRPTW,662,ok,21.6161811078,30
OVRPTW,663,ok,17.4098730555,31
OVRPTW,664,ok,21.9437393235,30
OVRPTW,665,ok,24.6604065861,27
OVRPTW,666,ok,20.6603301685,28
OVRPTW,667,ok,18.9668272073,24
OVRPTW,668,ok,19.1717562214,27
OVRPTW,669,ok,21.2716273851,29
OVRPTW,670,ok,19.9603343784,26
OVRPTW,671,ok,15.4825740363,31
OVRPTW,672,ok,18.7145044638,27
OVRPTW,673,ok,17.4937371125,28
OVRPTW,674,ok,19.2472712034,25
OVRPTW,675,ok,16.6097481603,27
OVRPTW,676,ok,20.1460896213,29
OVRPTW,677,ok,20.1878329738,25
OVRPTW,678,ok,15.3124805188,25
OVRPTW,679,ok,19.6546850489,29
OVRPTW,680,ok,19.2598732878,27
OVRPTW,681,ok,21.5823705957,32
OVRPTW,682,ok,17.3673898782,26
OVRPTW,683,ok,17.7566863857,28
OVRPTW,684,ok,20.2425031635,28
OVRPTW,685,ok,19.5697546604,28
OVRPTW,686,ok,15.0245323649,26
OVRPTW,687,ok,16.8643394209,25
OVRPTW,688,ok,21.8417563444,29
OVRPTW,689,ok,15.7099072614,28
OVRPTW,690,ok,15.8797712478,29
OVRPTW,691,ok,17.8446699450,27
OVRPTW,692,ok,23.7739001273,33
OVRPTW,693,ok,20.4042360155,31
OVRPTW,694,ok,22.5054706212,28
OVRPTW,695,ok,24.2225696098,30
OVRPTW,696,ok,18.0107235498,27
OVRPTW,697,ok,16.9287254799,29
OVRPTW,698,ok,20.4322042032,29
OVRPTW,699,ok,22.9166626562,30
OVRPTW,700,ok,20.4917457833,28
OVRPTW,701,ok,14.6562742935,27
OVRPTW,702,ok,15.8754826349,29
OVRPTW,703,ok,21.3874301556,31
OVRPTW,704,ok,17.7036222937,30
OVRPTW,705,ok,19.1432425599,30
OVRPTW,706,ok,21.1007352328,29
OVRPTW,707,ok,17.3454611803,24
OVRPTW,708,ok,16.6052470063,30
OVRPTW,709,ok,15.3103899441,30
OVRPTW,710,ok,16.4149822802,28
OVRPTW,711,ok,16.2079270868,31
OVRPTW,712,ok,20.5522459498,31
OVRPTW,713,ok,18.9348006001,27
OVRPTW,714,ok,16.8348282530,27
OVRPTW,715,ok,19.0689874987,29
OVRPTW,716,ok,16.4386097561,29
OVRPTW,717,ok,17.7076240693,26
OVRPTW,718,ok,16.5175541496,28
OVRPTW,719,ok,16.8576794639,31
OVRPTW,720,ok,24.1418219808,31
OVRPTW,721,ok,19.0259201382,31
OVRPTW,722,ok,24.7832950196,28
OVRPTW,723,ok,23.1190639127,28
OVRPTW,724,ok,17.3161021945,32
OVRPTW,725,ok,16.7284138495,25
OVRPTW,726,ok,18.8065483120,30
OVRPTW,727,ok,21.8463667164,28
OVRPTW,728,ok,17.3773568586,32
OVRPTW,729,ok,19.3227351131,29
OVRPTW,730,ok,18.8225205541,25
OVRPTW,731,ok,23.4480412441,30
OVRPTW,732,ok,19.9039505063,26
OVRPTW,733,ok,15.9995655610,30
OVRPTW,734,ok,15.5228267005,27
OVRPTW,735,ok,24.8606582838,27
OVRPTW,736,ok,17.7962282531,32
OVRPTW,737,ok,21.4548671304,29
OVRPTW,738,ok,14.4327533926,28
OVRPTW,739,ok,21.7755270948,29
OVRPTW,740,ok,25.7921329415,27
OVRPTW,741,ok,24.1348274602,27
OVRPTW,742,ok,17.9819789516,27
OVRPTW,743,ok,17.8173844913,31
OVRPTW,744,ok,20.0267295999,31
OVRPTW,745,ok,16.5080368702,31
OVRPTW,746,ok,19.1389776183,29
OVRPTW,747,ok,15.4531991140,26
OVRPTW,748,ok,16.3105099441,30
OVRPTW,749,ok,16.9118977516,26
OVRPTW,750,ok,15.5230164221,26
OVRPTW,751,ok,19.6435999871,26
OVRPTW,752,ok,16.4084127015,26
OVRPTW,753,ok,18.0725570827,30
OVRPTW,754,ok,19.1756760635,32
OVRPTW,755,ok,21.2460902438,25
OVRPTW,756,ok,17.5715870244,27
OVRPTW,757,ok,17.4850998177,29
OVRPTW,758,ok,17.7628495089,30
OVRPTW,759,ok,16.5318987804,28
OVRPTW,760,ok,16.6464803018,25
OVRPTW,761,ok,24.0560597384,30
OVRPTW,762,ok,21.6791313515,26
OVRPTW,763,ok,19.9257805303,30
OVRPTW,764,ok,17.5632160187,30
OVRPTW,765,ok,20.1506500423,30
OVRPTW,766,ok,14.9154963804,30
OVRPTW,767,ok,21.4837299159,27
OVRPTW,768,ok,18.7132721579,28
OVRPTW,769,ok,17.4471027160,27
OVRPTW,770,ok,13.7710117306,23
OVRPTW,771,ok,15.6421465327,28
OVRPTW,772,ok,20.8144628075,30
OVRPTW,773,ok,22.8065031653,27
OVRPTW,774,ok,18.7061170693,27
OVRPTW,775,ok,21.6679153179,32
OVRPTW,776,ok,19.3929278547,28
OVRPTW,777,ok,19.4687864990,27
OVRPTW,778,ok,16.7415980500,29
OVRPTW,779,ok,22.9936089252,26
OVRPTW,780,ok,18.4434740412,30
OVRPTW,781,ok,17.1757262066,28
OVRPTW,782,ok,23.3001665735,32
OVRPTW,783,ok,17.3622928108,26
OVRPTW,784,ok,20.0688674338,30
OVRPTW,785,ok,21.1635818125,31
OVRPTW,786,ok,17.0869178578,29
OVRPTW,787,ok,16.3571454200,28
OVRPTW,788,ok,21.6396894696,30
OVRPTW,789,ok,18.0834156795,31
OVRPTW,790,ok,16.7839772337,29
OVRPTW,791,ok,17.4548622477,26
OVRPTW,792,ok,19.3074274939,29
OVRPTW,793,ok,17.7676873457,27
OVRPTW,794,ok,19.1059699944,31
OVRPTW,795,ok,18.2681603937,27
OVRPTW,796,ok,18.3948935148,31
OVRPTW,797,ok,19.2859631126,28
OVRPTW,798,ok,16.6360383633,28
OVRPTW,799,ok,22.6616161943,28
OVRPTW,800,ok,17.7535408637,30
OVRPTW,801,ok,19.4029491405,27
OVRPTW,802,ok,20.3143006274,33
OVRPTW,803,ok,18.6388755572,29
OVRPTW,804,ok,18.7145691258,28
OVRPTW,805,ok,17.4567880529,25
OVRPTW,806,ok,18.9958414774,28
OVRPTW,807,ok,18.0589980076,34
OVRPTW,808,ok,18.5209501513,30
OVRPTW,809,ok,20.1669868300,27
OVRPTW,810,ok,18.9079212407,29
OVRPTW,811,ok,18.3443729968,30
OVRPTW,812,ok,17.4142398751,24
OVRPTW,813,ok,18.5558923221,31
OVRPTW,814,ok,16.2267475030,28
OVRPTW,815,ok,15.1149475353,30
OVRPTW,816,ok,20.2570846749,28
OVRPTW,817,ok,19.5252133654,28
OVRPTW,818,ok,22.1880669092,29
OVRPTW,819,ok,15.6967697692,29
OVRPTW,820,ok,16.2339830535,27
OVRPTW,821,ok,17.1088974230,31
OVRPTW,822,ok,22.7228558547,28
OVRPTW,823,ok,19.6036141352,29
OVRPTW,824,ok,17.9332650747,26
OVRPTW,825,ok,19.5255211979,28
OVRPTW,826,ok,24.6713882694,28
OVRPTW,827,ok,19.0251991003,29
OVRPTW,828,ok,22.1321465815,28
OVRPTW,829,ok,17.6002833113,31
OVRPTW,830,ok,21.1428016935,30
OVRPTW,831,ok,17.1464399439,31
OVRPTW,832,ok,17.1691187528,30
OVRPTW,833,ok,17.3806637866,26
OVRPTW,834,ok,16.2058670832,27
OVRPTW,835,ok,23.1443477812,28
OVRPTW,836,ok,21.4131871609,30
OVRPTW,837,ok,17.6532574637,30
OVRPTW,838,ok,20.1205506321,29
OVRPTW,839,ok,20.5429683779,30
OVRPTW,840,ok,18.3601402803,32
OVRPTW,841,ok,21.2289723179,28
OVRPTW,842,ok,17.6227267710,29
OVRPTW,843,ok,19.9148624132,30
OVRPTW,844,ok,20.5442610346,29
OVRPTW,845,ok,16.3467291481,28
OVRPTW,846,ok,19.4265250196,27
OVRPTW,847,ok,22.0444231498,30
OVRPTW,848,ok,17.1456274224,31
OVRPTW,849,ok,20.5931058424,32
OVRPTW,850,ok,16.5722271618,28
OVRPTW,851,ok,18.5701088684,28
OVRPTW,852,ok,18.1153103310,29
OVRPTW,853,ok,16.6289847092,31
OVRPTW,854,ok,20.0198591577,28
OVRPTW,855,ok,19.3102935769,27
OVRPTW,856,ok,17.2469025223,27
OVRPTW,857,ok,20.2898251721,28
OVRPTW,858,ok,18.3962948912,30
OVRPTW,859,ok,17.2817218346,31
OVRPTW,860,ok,22.7055280941,29
OVRPTW,861,ok,20.8103271846,30
OVRPTW,862,ok,17.0351524337,28
OVRPTW,863,ok,16.0083380617,29
OVRPTW,864,ok,21.1752739603,27
OVRPTW,865,ok,16.7325081293,33
OVRPTW,866,ok,14.5186920969,23
OVRPTW,867,ok,16.9269754548,27
OVRPTW,868,ok,23.1175558949,29
OVRPTW,869,ok,17.9416438484,28
OVRPTW,870,ok,17.7829806297,29
OVRPTW,871,ok,15.9002893882,29
OVRPTW,872,ok,20.5278610630,28
OVRPTW,873,ok,20.6507009744,28
OVRPTW,874,ok,20.6626104985,27
OVRPTW,875,ok,20.5166010738,31
OVRPTW,876,ok,20.8253131798,31
OVRPTW,877,ok,17.9055297300,27
OVRPTW,878,ok,18.4788257385,28
OVRPTW,879,ok,23.6693951942,28
OVRPTW,880,ok,18.0990215788,28
OVRPTW,881,ok,24.2020648096,26
OVRPTW,882,ok,20.4774128563,27
OVRPTW,883,ok,17.3607929155,27
OVRPTW,884,ok,16.4972651653,31
OVRPTW,885,ok,15.8796114509,30
OVRPTW,886,ok,19.6908014631,29
OVRPTW,887,ok,17.0673984157,27
OVRPTW,888,ok,16.7733205950,29
OVRPTW,889,ok,19.2885482190,28
OVRPTW,890,ok,21.5011589269,30
OVRPTW,891,ok,16.6189755619,29
OVRPTW,892,ok,17.7414850502,25
OVRPTW,893,ok,18.9406407777,26
OVRPTW,894,ok,22.4361991031,29
OVRPTW,895,ok,20.2549437976,28
OVRPTW,896,ok,17.5971897786,30
OVRPTW,897,ok,18.9135843539,31
OVRPTW,898,ok,17.7538454943,32
OVRPTW,899,ok,15.5563182721,25
OVRPTW,900,ok,18.9056751567,28
OVRPTW,901,ok,22.7713478259,27
OVRPTW,902,ok,14.9362314811,30
OVRPTW,903,ok,22.6552663588,27
OVRPTW,904,ok,18.7187078269,30
OVRPTW,905,ok,20.8238113719,28
OVRPTW,906,ok,20.8604355982,29
OVRPTW,907,ok,18.2792882068,28
OVRPTW,908,ok,21.4964112501,28
OVRPTW,909,ok,19.4438732625,30
OVRPTW,910,ok,18.2073917889,28
OVRPTW,911,ok,17.8997382945,28
OVRPTW,912,ok,16.7474796002,31
OVRPTW,913,ok,16.7131781270,30
OVRPTW,914,ok,20.6640901847,29
OVRPTW,915,ok,21.3253779221,29
OVRPTW,916,ok,16.2521710118,27
OVRPTW,917,ok,25.1397346713,33
OVRPTW,918,ok,18.7862846475,31
OVRPTW,919,ok,16.7346034825,28
OVRPTW,920,ok,16.4539146264,29
OVRPTW,921,ok,21.6055595411,28
OVRPTW,922,ok,16.6826249364,33
OVRPTW,923,ok,16.1774683302,29
OVRPTW,924,ok,16.3124834072,27
OVRPTW,925,ok,19.3552771034,27
OVRPTW,926,ok,22.3214972035,28
OVRPTW,927,ok,19.9098658517,31
OVRPTW,928,ok,18.3456175486,30
OVRPTW,929,ok,16.8766367370,32
OVRPTW,930,ok,17.6670352441,28
OVRPTW,931,ok,17.6282094359,31
OVRPTW,932,ok,20.2168894356,28
OVRPTW,933,ok,21.2633205080,28
OVRPTW,934,ok,23.5354415311,30
OVRPTW,935,ok,16.9846883263,28
OVRPTW,936,ok,16.7695020579,28
OVRPTW,937,ok,19.7061156561,28
OVRPTW,938,ok,21.3302029703,29
OVRPTW,939,ok,21.1476876152,32
OVRPTW,940,ok,15.3885329386,28
OVRPTW,941,ok,22.8307840190,27
OVRPTW,942,ok,19.3961534663,25
OVRPTW,943,ok,17.4643388803,29
OVRPTW,944,ok,21.0652474211,29
OVRPTW,945,ok,20.7406860401,33
OVRPTW,946,ok,18.8448473324,27
OVRPTW,947,ok,17.2247883313,28
OVRPTW,948,ok,23.1536055794,25
OVRPTW,949,ok,20.9077546438,29
OVRPTW,950,ok,19.4967687092,27
OVRPTW,951,ok,17.2560101957,30
OVRPTW,952,ok,22.8870319943,28
OVRPTW,953,ok,18.3089493234,30
OVRPTW,954,ok,19.0617070061,29
OVRPTW,955,ok,17.2725983907,30
OVRPTW,956,ok,15.8013527385,27
OVRPTW,957,ok,20.4177916011,27
OVRPTW,958,ok,20.7651131229,32
OVRPTW,959,ok,15.2481507161,29
OVRPTW,960,ok,17.0101294959,28
OVRPTW,961,ok,20.2476536897,29
OVRPTW,962,ok,22.3616318331,28
OVRPTW,963,ok,18.6694655842,29
OVRPTW,964,ok,24.4711696086,29
OVRPTW,965,ok,19.4978071903,29
OVRPTW,966,ok,17.1349981170,26
OVRPTW,967,ok,19.3405968610,30
OVRPTW,968,ok,25.7152371502,30
OVRPTW,969,ok,22.2868348725,26
OVRPTW,970,ok,20.0424906944,33
OVRPTW,971,ok,14.8837950695,28
OVRPTW,972,ok,18.5886632232,28
OVRPTW,973,ok,17.2141534926,30
OVRPTW,974,ok,19.1418066084,26
OVRPTW,975,ok,21.4263644476,25
OVRPTW,976,ok,19.2536440708,28
OVRPTW,977,ok,18.7774862031,28
OVRPTW,978,ok,22.0756390737,29
OVRPTW,979,ok,25.5579567928,27
OVRPTW,980,ok,19.0936904356,27
OVRPTW,981,ok,24.0359947818,29
OVRPTW,982,ok,21.6345769158,29
OVRPTW,983,ok,18.7378216917,28
OVRPTW,984,ok,16.7902518071,30
OVRPTW,985,ok,15.4533480765,27
OVRPTW,986,ok,19.6940598239,25
OVRPTW,987,ok,20.1418762320,27
OVRPTW,988,ok,18.6276483753,30
OVRPTW,989,ok,16.2351870493,28
OVRPTW,990,ok,19.1878229695,29
OVRPTW,991,ok,16.6739021450,30
OVRPTW,992,ok,15.8366991581,30
OVRPTW,993,ok,16.5422589942,29
OVRPTW,994,ok,17.5599384632,28
OVRPTW,995,ok,22.8221701666,25
OVRPTW,996,ok,20.6015435134,29
OVRPTW,997,ok,18.1478884892,31
OVRPTW,998,ok,16.9668307012,29
OVRPTW,999,ok,15.7976995486,29
OVRPB,0,ok,10.0694284118,9
OVRPB,1,ok,9.6462600681,9
OVRPB,2,ok,10.9383009586,7
OVRPB,3,ok,9.5343058050,6
OVRPB,4,ok,9.5665194836,9
OVRPB,5,ok,8.8012383852,7
OVRPB,6,ok,9.0104528581,7
OVRPB,7,ok,9.7002617521,10
OVRPB,8,ok,9.4593698602,9
OVRPB,9,ok,10.2897084991,9
OVRPB,10,ok,9.8003438888,7
OVRPB,11,ok,9.2791400556,10
OVRPB,12,ok,9.2745060154,8
OVRPB,13,ok,9.4852923922,7
OVRPB,14,ok,9.1137572957,9
OVRPB,15,ok,9.6981073297,8
OVRPB,16,ok,9.2851294413,7
OVRPB,17,ok,9.7210782995,8
OVRPB,18,ok,10.3739117828,7
OVRPB,19,ok,10.0333288712,7
OVRPB,20,ok,9.4257608047,8
OVRPB,21,ok,10.4467873270,8
OVRPB,22,ok,10.0671650698,9
OVRPB,23,ok,10.5608822736,9
OVRPB,24,ok,10.3362123012,9
OVRPB,25,ok,9.8351170314,6
OVRPB,26,ok,10.1827463233,8
OVRPB,27,ok,9.8049599968,7
OVRPB,28,ok,9.6345623954,6
OVRPB,29,ok,8.8851254159,7
OVRPB,30,ok,8.7577005698,10
OVRPB,31,ok,10.0074210357,9
OVRPB,32,ok,10.5333459416,7
OVRPB,33,ok,9.8734923389,8
OVRPB,34,ok,10.0453856960,7
OVRPB,35,ok,8.1782244806,10
OVRPB,36,ok,9.5616644593,8
OVRPB,37,ok,9.5499211919,10
OVRPB,38,ok,10.0076522189,7
OVRPB,39,ok,10.9808227508,9
OVRPB,40,ok,10.5464513962,7
OVRPB,41,ok,9.0959351277,6
OVRPB,42,ok,8.4011739158,7
OVRPB,43,ok,8.5850031715,8
OVRPB,44,ok,8.8440377537,6
OVRPB,45,ok,10.2388551028,7
OVRPB,46,ok,9.6974163406,7
OVRPB,47,ok,8.8722954853,7
OVRPB,48,ok,9.8107645283,9
OVRPB,49,ok,9.2694253699,9
OVRPB,50,ok,11.0404807345,7
OVRPB,51,ok,11.6239626494,9
OVRPB,52,ok,9.0216932374,8
OVRPB,53,ok,8.7325517583,8
OVRPB,54,ok,9.5458744247,10
OVRPB,55,ok,8.4168532556,7
OVRPB,56,ok,9.0706576965,8
OVRPB,57,ok,9.1174221142,6
OVRPB,58,ok,9.0858224059,9
OVRPB,59,ok,10.7750187533,8
OVRPB,60,ok,9.3893757776,8
OVRPB,61,ok,9.1693756125,6
OVRPB,62,ok,10.1042070665,9
OVRPB,63,ok,9.6427628048,7
OVRPB,64,ok,9.1898464827,9
OVRPB,65,ok,11.2936966696,9
OVRPB,66,ok,9.6352041986,8
OVRPB,67,ok,10.0945995944,9
OVRPB,68,ok,9.3948081379,9
OVRPB,69,ok,9.5287130700,8
OVRPB,70,ok,9.5099444858,9
OVRPB,71,ok,9.1632001051,8
OVRPB,72,ok,10.5097869908,8
OVRPB,73,ok,9.7875067673,7
OVRPB,74,ok,9.3681386382,8
OVRPB,75,ok,9.3070835626,7
OVRPB,76,ok,9.5527054877,8
OVRPB,77,ok,9.1779576632,9
OVRPB,78,ok,9.0113759468,10
OVRPB,79,ok,9.3093192586,9
OVRPB,80,ok,9.5858897315,7
OVRPB,81,ok,9.4687224318,9
OVRPB,82,ok,9.9940988790,8
OVRPB,83,ok,8.8840905581,8
OVRPB,84,ok,10.0575451877,8
OVRPB,85,ok,10.0171276101,10
OVRPB,86,ok,9.2971037101,7
OVRPB,87,ok,11.1783895559,7
OVRPB,88,ok,9.2885360521,8
OVRPB,89,ok,9.2837897324,8
OVRPB,90,ok,10.2779870211,8
OVRPB,91,ok,9.2163334749,8
OVRPB,92,ok,10.8527159358,6
OVRPB,93,ok,8.7932232387,8
OVRPB,94,ok,8.3570316731,7
OVRPB,95,ok,9.4047107833,8
OVRPB,96,ok,10.1021218678,8
OVRPB,97,ok,11.0582131364,7
OVRPB,98,ok,10.3422333736,8
OVRPB,99,ok,8.9840374300,7
OVRPB,100,ok,9.7931153215,7
OVRPB,101,ok,10.2158948382,7
OVRPB,102,ok,9.8223906389,9
OVRPB,103,ok,10.2092571896,8
OVRPB,104,ok,8.8187521881,7
OVRPB,105,ok,9.2643646167,7
OVRPB,106,ok,12.0634819649,7
OVRPB,107,ok,10.0726813605,9
OVRPB,108,ok,9.2135353796,7
OVRPB,109,ok,9.8840682587,8
OVRPB,110,ok,10.4559178423,7
OVRPB,111,ok,9.4233080304,7
OVRPB,112,ok,10.1053056586,7
OVRPB,113,ok,9.7792962857,8
OVRPB,114,ok,9.4627125781,11
OVRPB,115,ok,10.3699756646,7
OVRPB,116,ok,9.4002970356,8
OVRPB,117,ok,11.0400848805,8
OVRPB,118,ok,9.2750056184,7
OVRPB,119,ok,8.7770766080,5
OVRPB,120,ok,9.8182136574,8
OVRPB,121,ok,10.2860646064,9
OVRPB,122,ok,8.9253324565,6
OVRPB,123,ok,9.8756297223,9
OVRPB,124,ok,10.8877741496,9
OVRPB,125,ok,8.9722026144,8
OVRPB,126,ok,10.4667390085,7
OVRPB,127,ok,8.7981503174,7
OVRPB,128,ok,10.3323041214,6
OVRPB,129,ok,9.3276772287,7
OVRPB,130,ok,9.3020158094,8
OVRPB,131,ok,9.4113299108,8
OVRPB,132,ok,9.6519795840,7
OVRPB,133,ok,8.6917781112,8
OVRPB,134,ok,9.7235671680,8
OVRPB,135,ok,9.1551057798,9
OVRPB,136,ok,8.8077590695,6
OVRPB,137,ok,10.1871975592,7
OVRPB,138,ok,11.0019709583,7
OVRPB,139,ok,10.2468156368,10
OVRPB,140,ok,8.7569972691,8
OVRPB,141,ok,9.9157287531,10
OVRPB,142,ok,8.7050706978,7
OVRPB,143,ok,10.0597023682,8
OVRPB,144,ok,8.7681318223,7
OVRPB,145,ok,9.1098647868,7
OVRPB,146,ok,9.9541034063,7
OVRPB,147,ok,10.0942237858,8
OVRPB,148,ok,9.1402327956,9
OVRPB,149,ok,10.6890202749,7
OVRPB,150,ok,8.9768190885,9
OVRPB,151,ok,10.7306633786,8
OVRPB,152,ok,9.9555282421,10
OVRPB,153,ok,9.0983566878,9
OVRPB,154,ok,9.5001361737,7
OVRPB,155,ok,9.6445067089,8
OVRPB,156,ok,8.6317603654,7
OVRPB,157,ok,10.1595844496,8
OVRPB,158,ok,9.9096341247,7
OVRPB,159,ok,9.9850902865,10
OVRPB,160,ok,9.7569738981,8
OVRPB,161,ok,9.4922014573,10
OVRPB,162,ok,10.4743158627,7
OVRPB,163,ok,9.1803584236,8
OVRPB,164,ok,9.3873330700,7
OVRPB,165,ok,9.0943291686,7
OVRPB,166,ok,9.5273017837,8
OVRPB,167,ok,10.3762037286,7
OVRPB,168,ok,10.5635395983,7
OVRPB,169,ok,10.7222453074,7
OVRPB,170,ok,9.3367940025,7
OVRPB,171,ok,10.8412828711,8
OVRPB,172,ok,10.8791090229,8
OVRPB,173,ok,10.2097602390,8
OVRPB,174,ok,10.1193857767,8
OVRPB,175,ok,10.1132301321,8
OVRPB,176,ok,9.9283055839,10
OVRPB,177,ok,9.8191943790,8
OVRPB,178,ok,8.9823372989,9
OVRPB,179,ok,9.6521186904,8
OVRPB,180,ok,9.7541645516,9
OVRPB,181,ok,9.0800100096,9
OVRPB,182,ok,9.6908734391,8
OVRPB,183,ok,9.5136221547,6
OVRPB,184,ok,9.6201000893,7
OVRPB,185,ok,8.9432716461,9
OVRPB,186,ok,11.5038999229,8
OVRPB,187,ok,9.2447859217,8
OVRPB,188,ok,11.1194065939,8
OVRPB,189,ok,10.0377199139,10
OVRPB,190,ok,9.8389344155,6
OVRPB,191,ok,9.6140276641,9
OVRPB,192,ok,9.8278614291,8
OVRPB,193,ok,10.3194411433,10
OVRPB,194,ok,9.8868974317,8
OVRPB,195,ok,9.3028421002,7
OVRPB,196,ok,8.9046844256,7
OVRPB,197,ok,10.5226015352,8
OVRPB,198,ok,10.4152485654,8
OVRPB,199,ok,10.7298255270,9
OVRPB,200,ok,9.4540529703,8
OVRPB,201,ok,9.8859807707,9
OVRPB,202,ok,10.1000155996,7
OVRPB,203,ok,9.6687301772,8
OVRPB,204,ok,9.3206941143,7
OVRPB,205,ok,9.2877750571,8
OVRPB,206,ok,10.1588397773,9
OVRPB,207,ok,9.6929692166,8
OVRPB,208,ok,9.7210932726,8
OVRPB,209,ok,9.3716630947,7
OVRPB,210,ok,10.2406817783,9
OVRPB,211,ok,9.6891185239,7
OVRPB,212,ok,10.4831610267,8
OVRPB,213,ok,9.2613239278,9
OVRPB,214,ok,9.2982502231,6
OVRPB,215,ok,10.0532564898,10
OVRPB,216,ok,9.8124141933,7
OVRPB,217,ok,9.1217901805,8
OVRPB,218,ok,9.0556986657,9
OVRPB,219,ok,10.2851711554,10
OVRPB,220,ok,9.8063457334,9
OVRPB,221,ok,10.7499872395,8
OVRPB,222,ok,9.8693717289,8
OVRPB,223,ok,8.6140318290,8
OVRPB,224,ok,10.0736479155,8
OVRPB,225,ok,10.0786044211,9
OVRPB,226,ok,9.5731199044,7
OVRPB,227,ok,9.4102126984,7
OVRPB,228,ok,9.8710248412,9
OVRPB,229,ok,12.1291513160,8
OVRPB,230,ok,10.5246939602,9
OVRPB,231,ok,8.9958925738,8
OVRPB,232,ok,10.3238887988,7
OVRPB,233,ok,10.2702504513,7
OVRPB,234,ok,9.9347253699,8
OVRPB,235,ok,8.8662430496,9
OVRPB,236,ok,9.0075115273,8
OVRPB,237,ok,10.1683156370,6
OVRPB,238,ok,9.0070295936,9
OVRPB,239,ok,9.9284708723,11
OVRPB,240,ok,8.9305735154,7
OVRPB,241,ok,9.2173505707,8
OVRPB,242,ok,9.3077711566,8
OVRPB,243,ok,9.1522094359,10
OVRPB,244,ok,9.8463947351,7
OVRPB,245,ok,10.6318333276,9
OVRPB,246,ok,10.3026378023,7
OVRPB,247,ok,10.3188852004,7
OVRPB,248,ok,10.2349355021,7
OVRPB,249,ok,8.8508970729,8
OVRPB,250,ok,10.0670808375,7
OVRPB,251,ok,9.7860486026,7
OVRPB,252,ok,10.2713463808,7
OVRPB,253,ok,10.1758946434,8
OVRPB,254,ok,9.6286514831,10
OVRPB,255,ok,9.3055893104,8
OVRPB,256,ok,10.6193143631,7
OVRPB,257,ok,10.2103059738,8
OVRPB,258,ok,9.0699778443,8
OVRPB,259,ok,10.2526329370,9
OVRPB,260,ok,9.9323338694,8
OVRPB,261,ok,10.1441077012,8
OVRPB,262,ok,8.9378277614,8
OVRPB,263,ok,10.0896437063,7
OVRPB,264,ok,10.4622218767,8
OVRPB,265,ok,9.6645798087,7
OVRPB,266,ok,9.0624336469,8
OVRPB,267,ok,9.3316994594,8
OVRPB,268,ok,9.8613325104,9
OVRPB,269,ok,9.6927013411,9
OVRPB,270,ok,9.6806687677,6
OVRPB,271,ok,9.2912343525,7
OVRPB,272,ok,10.4881439382,10
OVRPB,273,ok,10.0602494879,7
OVRPB,274,ok,8.7339660817,8
OVRPB,275,ok,8.9748415737,11
OVRPB,276,ok,10.1766342034,7
OVRPB,277,ok,9.1417623278,8
OVRPB,278,ok,10.2397166818,7
OVRPB,279,ok,9.1222933791,10
OVRPB,280,ok,9.2337412640,9
OVRPB,281,ok,11.4359391043,8
OVRPB,282,ok,9.1619635911,6
OVRPB,283,ok,11.1530771389,8
OVRPB,284,ok,9.9123747645,9
OVRPB,285,ok,9.6843494189,8
OVRPB,286,ok,8.9142525357,8
OVRPB,287,ok,9.0173911864,9
OVRPB,288,ok,9.2539557862,8
OVRPB,289,ok,10.4304605299,9
OVRPB,290,ok,10.2444670685,8
OVRPB,291,ok,10.2647790645,7
OVRPB,292,ok,9.1443513943,7
OVRPB,293,ok,9.0264315962,10
OVRPB,294,ok,8.5803758486,7
OVRPB,295,ok,9.5799458588,10
OVRPB,296,ok,9.1343389096,8
OVRPB,297,ok,9.3477582637,8
OVRPB,298,ok,9.4992216964,9
OVRPB,299,ok,9.6557451525,9
OVRPB,300,ok,9.8736668973,9
OVRPB,301,ok,10.2513541606,11
OVRPB,302,ok,9.3334996265,9
OVRPB,303,ok,10.7240481160,7
OVRPB,304,ok,9.0578415677,8
OVRPB,305,ok,9.3839573079,9
OVRPB,306,ok,9.4841221226,6
OVRPB,307,ok,9.4558023404,8
OVRPB,308,ok,10.1877929994,9
OVRPB,309,ok,11.1679634769,7
OVRPB,310,ok,9.6104331602,7
OVRPB,311,ok,9.6973218324,8
OVRPB,312,ok,9.0416631382,7
OVRPB,313,ok,10.5650120601,8
OVRPB,314,ok,9.2491635731,8
OVRPB,315,ok,9.8837594089,7
OVRPB,316,ok,8.9867436760,8
OVRPB,317,ok,8.7728559237,6
OVRPB,318,ok,10.1676453072,11
OVRPB,319,ok,9.7522298289,8
OVRPB,320,ok,10.0614227559,8
OVRPB,321,ok,9.6924301433,10
OVRPB,322,ok,9.4615333984,8
OVRPB,323,ok,9.5365732340,8
OVRPB,324,ok,10.0045467724,8
OVRPB,325,ok,8.3718260084,9
OVRPB,326,ok,9.3735729115,8
OVRPB,327,ok,10.4342607829,10
OVRPB,328,ok,9.4559743816,11
OVRPB,329,ok,9.6367309304,8
OVRPB,330,ok,8.6983196329,7
OVRPB,331,ok,8.8627395706,8
OVRPB,332,ok,9.8754414704,9
OVRPB,333,ok,9.0248004744,7
OVRPB,334,ok,10.5391364669,10
OVRPB,335,ok,9.2854618457,8
OVRPB,336,ok,9.6116089577,8
OVRPB,337,ok,9.5954679517,8
OVRPB,338,ok,10.4097835471,9
OVRPB,339,ok,10.0771742935,8
OVRPB,340,ok,10.5126959367,8
OVRPB,341,ok,10.3981835212,9
OVRPB,342,ok,9.1586180881,10
OVRPB,343,ok,8.6007562979,8
OVRPB,344,ok,10.3465762737,9
OVRPB,345,ok,8.9127751298,8
OVRPB,346,ok,9.7176964216,6
OVRPB,347,ok,9.7592003658,8
OVRPB,348,ok,9.5765865763,7
OVRPB,349,ok,9.5767799287,8
OVRPB,350,ok,10.6176944114,7
OVRPB,351,ok,9.7198232294,8
OVRPB,352,ok,10.5050930067,9
OVRPB,353,ok,10.3341721238,9
OVRPB,354,ok,11.6629693287,8
OVRPB,355,ok,9.1670902766,6
OVRPB,356,ok,9.3649480313,8
OVRPB,357,ok,9.2051510924,7
OVRPB,358,ok,10.0469853588,9
OVRPB,359,ok,9.5012484153,9
OVRPB,360,ok,10.4885798472,8
OVRPB,361,ok,9.6844687400,8
OVRPB,362,ok,9.8660882295,8
OVRPB,363,ok,9.6659416702,8
OVRPB,364,ok,10.3278599138,8
OVRPB,365,ok,9.8070427798,9
OVRPB,366,ok,11.2347109625,9
OVRPB,367,ok,9.5304303923,8
OVRPB,368,ok,9.7966163891,9
OVRPB,369,ok,9.9509618403,10
OVRPB,370,ok,10.5035215047,8
OVRPB,371,ok,10.3607956521,6
OVRPB,372,ok,9.0321866650,11
OVRPB,373,ok,10.6760367776,8
OVRPB,374,ok,9.1162315616,7
OVRPB,375,ok,10.2115652966,8
OVRPB,376,ok,9.5447052995,7
OVRPB,377,ok,10.2589084395,8
OVRPB,378,ok,10.3942484816,10
OVRPB,379,ok,10.2923226794,7
OVRPB,380,ok,9.6225403593,7
OVRPB,381,ok,8.7949132559,7
OVRPB,382,ok,10.8582066421,7
OVRPB,383,ok,8.8101807402,6
OVRPB,384,ok,10.1273666269,8
OVRPB,385,ok,9.9178315683,6
OVRPB,386,ok,10.2587375220,8
OVRPB,387,ok,10.9528173415,9
OVRPB,388,ok,10.1817463317,11
OVRPB,389,ok,9.1837134941,9
OVRPB,390,ok,10.2195423538,8
OVRPB,391,ok,9.7635626428,7
OVRPB,392,ok,9.4105066489,9
OVRPB,393,ok,8.8150731127,7
OVRPB,394,ok,9.7353997702,7
OVRPB,395,ok,11.1052747032,8
OVRPB,396,ok,9.4739634722,8
OVRPB,397,ok,10.4946522510,7
OVRPB,398,ok,9.4592798416,8
OVRPB,399,ok,9.7850595348,9
OVRPB,400,ok,9.6243476314,7
OVRPB,401,ok,10.3633454294,7
OVRPB,402,ok,9.1176807001,7
OVRPB,403,ok,9.6591664885,9
OVRPB,404,ok,9.7212262956,8
OVRPB,405,ok,9.9475361753,9
OVRPB,406,ok,9.1388804292,7
OVRPB,407,ok,9.9660907307,8
OVRPB,408,ok,9.9245870881,8
OVRPB,409,ok,10.9998736848,7
OVRPB,410,ok,10.3388120061,7
OVRPB,411,ok,9.0139046499,10
OVRPB,412,ok,10.1804060381,8
OVRPB,413,ok,10.4004930789,8
OVRPB,414,ok,9.4154196603,8
OVRPB,415,ok,9.2052097143,9
OVRPB,416,ok,9.3009058845,7
OVRPB,417,ok,9.2462499607,7
OVRPB,418,ok,10.0422766716,7
OVRPB,419,ok,8.9018636338,7
OVRPB,420,ok,9.4673021769,11
OVRPB,421,ok,9.5543412628,8
OVRPB,422,ok,9.2791325455,7
OVRPB,423,ok,9.4321249151,9
OVRPB,424,ok,10.2145399111,7
OVRPB,425,ok,10.1918541922,9
OVRPB,426,ok,9.3131337642,7
OVRPB,427,ok,9.0042091051,8
OVRPB,428,ok,9.9303122705,9
OVRPB,429,ok,8.7064028446,10
OVRPB,430,ok,9.3797112041,7
OVRPB,431,ok,9.7273018888,8
OVRPB,432,ok,9.6386897296,8
OVRPB,433,ok,9.7822931722,7
OVRPB,434,ok,10.1711417906,7
OVRPB,435,ok,8.9608102029,7
OVRPB,436,ok,9.5638923167,8
OVRPB,437,ok,10.3952931454,8
OVRPB,438,ok,10.2561187672,7
OVRPB,439,ok,9.5943199334,10
OVRPB,440,ok,9.5926995934,8
OVRPB,441,ok,9.2375665985,9
OVRPB,442,ok,9.1390128196,10
OVRPB,443,ok,9.8880823533,7
OVRPB,444,ok,11.1051551261,8
OVRPB,445,ok,9.7571288775,7
OVRPB,446,ok,11.0482516410,8
OVRPB,447,ok,11.0519954003,8
OVRPB,448,ok,9.4829767579,7
OVRPB,449,ok,9.0300163772,8
OVRPB,450,ok,10.4303515817,8
OVRPB,451,ok,10.8472928779,8
OVRPB,452,ok,8.7712759970,6
OVRPB,453,ok,8.7940937863,7
OVRPB,454,ok,8.7396362504,8
OVRPB,455,ok,9.6071819769,8
OVRPB,456,ok,9.1410436005,11
OVRPB,457,ok,10.5918973497,11
OVRPB,458,ok,9.3869210235,7
OVRPB,459,ok,9.5514084831,8
OVRPB,460,ok,9.3020455421,9
OVRPB,461,ok,10.0708183481,8
OVRPB,462,ok,9.7065084400,7
OVRPB,463,ok,9.5622498438,7
OVRPB,464,ok,9.6296939669,7
OVRPB,465,ok,10.8032007729,8
OVRPB,466,ok,10.4942275582,8
OVRPB,467,ok,9.5049966707,8
OVRPB,468,ok,10.2976379475,8
OVRPB,469,ok,8.6924647236,9
OVRPB,470,ok,8.9726442816,8
OVRPB,471,ok,9.5805078844,9
OVRPB,472,ok,10.3218100705,7
OVRPB,473,ok,9.7180619100,7
OVRPB,474,ok,9.3632384452,7
OVRPB,475,ok,8.2441582561,11
OVRPB,476,ok,9.8740535220,8
OVRPB,477,ok,8.8477284348,9
OVRPB,478,ok,9.0060799057,7
OVRPB,479,ok,9.3375226234,7
OVRPB,480,ok,9.8561780433,9
OVRPB,481,ok,8.4289097572,7
OVRPB,482,ok,9.1056734263,10
OVRPB,483,ok,8.8109375151,8
OVRPB,484,ok,9.2219099498,7
OVRPB,485,ok,8.5868999454,6
OVRPB,486,ok,10.3172097353,7
OVRPB,487,ok,9.0288562151,8
OVRPB,488,ok,10.2623266530,8
OVRPB,489,ok,9.2295086874,6
OVRPB,490,ok,9.3159257159,8
OVRPB,491,ok,10.0877165474,8
OVRPB,492,ok,9.4064174941,7
OVRPB,493,ok,8.6164316101,7
OVRPB,494,ok,9.7219089738,9
OVRPB,495,ok,10.1758746912,7
OVRPB,496,ok,10.7960242058,8
OVRPB,497,ok,10.2062522483,8
OVRPB,498,ok,9.6671491738,8
OVRPB,499,ok,10.3468933985,7
OVRPB,500,ok,11.1221162567,9
OVRPB,501,ok,8.8639161415,7
OVRPB,502,ok,8.5256660853,7
OVRPB,503,ok,10.1210828916,7
OVRPB,504,ok,9.8261984901,7
OVRPB,505,ok,9.5586988910,10
OVRPB,506,ok,10.1527420139,7
OVRPB,507,ok,9.7322388254,8
OVRPB,508,ok,8.8652221194,7
OVRPB,509,ok,8.9552610221,7
OVRPB,510,ok,9.2787781482,8
OVRPB,511,ok,9.9736643274,8
OVRPB,512,ok,10.6039068966,8
OVRPB,513,ok,9.4928327550,8
OVRPB,514,ok,9.7013562659,7
OVRPB,515,ok,9.2607661234,8
OVRPB,516,ok,10.2462215808,8
OVRPB,517,ok,10.3935015672,10
OVRPB,518,ok,9.8148580488,10
OVRPB,519,ok,9.9163860616,8
OVRPB,520,ok,9.9187997186,9
OVRPB,521,ok,9.1021772319,7
OVRPB,522,ok,9.7049924612,9
OVRPB,523,ok,10.5470457109,7
OVRPB,524,ok,9.2675896416,8
OVRPB,525,ok,10.5413058337,8
OVRPB,526,ok,9.5248174761,10
OVRPB,527,ok,8.9458811725,7
OVRPB,528,ok,9.9727449405,8
OVRPB,529,ok,8.6921054618,7
OVRPB,530,ok,9.3018310778,11
OVRPB,531,ok,9.2336924694,9
OVRPB,532,ok,10.9154579105,8
OVRPB,533,ok,9.9952325131,8
OVRPB,534,ok,9.0941780468,8
OVRPB,535,ok,11.2045681703,7
OVRPB,536,ok,9.1791220558,10
OVRPB,537,ok,9.7681433736,8
OVRPB,538,ok,10.2002370848,7
OVRPB,539,ok,8.6361920038,7
OVRPB,540,ok,9.2968488879,10
OVRPB,541,ok,9.8010917405,9
OVRPB,542,ok,10.1891534577,8
OVRPB,543,ok,9.0698709731,6
OVRPB,544,ok,9.1945847256,9
OVRPB,545,ok,9.3364102655,7
OVRPB,546,ok,9.3681736779,9
OVRPB,547,ok,10.1996386525,10
OVRPB,548,ok,11.0501251576,8
OVRPB,549,ok,9.2141614335,10
OVRPB,550,ok,10.0279108213,9
OVRPB,551,ok,10.5998523513,8
OVRPB,552,ok,9.6945899316,9
OVRPB,553,ok,11.2959010091,7
OVRPB,554,ok,10.7766044016,6
OVRPB,555,ok,9.9574629993,9
OVRPB,556,ok,8.8337433306,9
OVRPB,557,ok,9.4922229155,8
OVRPB,558,ok,9.1709555895,9
OVRPB,559,ok,10.2226252309,7
OVRPB,560,ok,9.8048212990,8
OVRPB,561,ok,9.8546954267,9
OVRPB,562,ok,8.8586212998,8
OVRPB,563,ok,10.0066870825,6
OVRPB,564,ok,10.4515096632,8
OVRPB,565,ok,10.0781886312,8
OVRPB,566,ok,9.3918387306,8
OVRPB,567,ok,9.5113552722,7
OVRPB,568,ok,9.2746683534,9
OVRPB,569,ok,10.8872769106,8
OVRPB,570,ok,9.1192130898,9
OVRPB,571,ok,8.7531581175,8
OVRPB,572,ok,9.0088689229,6
OVRPB,573,ok,9.3695987693,10
OVRPB,574,ok,9.8220522580,8
OVRPB,575,ok,9.3539732045,7
OVRPB,576,ok,8.5987313569,8
OVRPB,577,ok,9.6665872313,8
OVRPB,578,ok,9.1497118300,9
OVRPB,579,ok,9.5205908179,9
OVRPB,580,ok,9.5761068060,8
OVRPB,581,ok,9.5860519084,6
OVRPB,582,ok,9.5190948355,7
OVRPB,583,ok,10.3509392966,8
OVRPB,584,ok,9.2823952061,6
OVRPB,585,ok,9.3638843156,7
OVRPB,586,ok,10.1123255224,8
OVRPB,587,ok,9.6916472601,10
OVRPB,588,ok,10.4265712671,10
OVRPB,589,ok,10.6845874516,9
OVRPB,590,ok,8.8841698161,7
OVRPB,591,ok,11.6384508467,10
OVRPB,592,ok,9.6809102161,6
OVRPB,593,ok,11.4706663126,10
OVRPB,594,ok,9.6547327430,8
OVRPB,595,ok,9.1645944819,7
OVRPB,596,ok,8.4116168860,7
OVRPB,597,ok,9.6693960279,7
OVRPB,598,ok,9.5698889466,9
OVRPB,599,ok,10.2728176043,9
OVRPB,600,ok,9.7426580652,7
OVRPB,601,ok,9.6713170522,8
OVRPB,602,ok,9.4185314740,7
OVRPB,603,ok,8.9435383254,8
OVRPB,604,ok,9.7159392574,8
OVRPB,605,ok,10.2435607729,7
OVRPB,606,ok,9.8622466692,6
OVRPB,607,ok,9.7199112678,9
OVRPB,608,ok,9.0926621955,8
OVRPB,609,ok,9.4005576712,6
OVRPB,610,ok,10.2541485912,10
OVRPB,611,ok,10.0988689820,7
OVRPB,612,ok,9.1192732370,8
OVRPB,613,ok,9.7734070128,6
OVRPB,614,ok,10.6136597026,9
OVRPB,615,ok,9.6067137682,9
OVRPB,616,ok,10.2320370139,7
OVRPB,617,ok,9.0437432980,9
OVRPB,618,ok,9.3183132134,7
OVRPB,619,ok,9.8134465859,8
OVRPB,620,ok,10.1608408728,10
OVRPB,621,ok,10.1617190893,7
OVRPB,622,ok,8.9738331774,6
OVRPB,623,ok,9.0224903745,9
OVRPB,624,ok,10.1204676910,11
OVRPB,625,ok,10.3893876475,7
OVRPB,626,ok,9.0579539611,6
OVRPB,627,ok,9.9369205964,10
OVRPB,628,ok,10.1748642673,7
OVRPB,629,ok,9.8914471280,9
OVRPB,630,ok,10.7063265891,10
OVRPB,631,ok,9.6125939547,7
OVRPB,632,ok,10.5991400906,11
OVRPB,633,ok,10.0000567946,9
OVRPB,634,ok,9.8117106597,9
OVRPB,635,ok,10.2367952247,7
OVRPB,636,ok,10.4359157594,7
OVRPB,637,ok,8.8959708279,7
OVRPB,638,ok,10.8787387739,8
OVRPB,639,ok,8.9952850630,9
OVRPB,640,ok,9.8105540771,6
OVRPB,641,ok,9.5225981143,8
OVRPB,642,ok,10.2746466440,6
OVRPB,643,ok,9.4878079728,6
OVRPB,644,ok,10.3792674756,8
OVRPB,645,ok,9.5994262267,8
OVRPB,646,ok,10.1479911843,9
OVRPB,647,ok,8.2618071525,8
OVRPB,648,ok,9.8736347861,8
OVRPB,649,ok,10.4416676069,8
OVRPB,650,ok,10.3758646536,7
OVRPB,651,ok,9.1828710301,9
OVRPB,652,ok,9.8308210599,6
OVRPB,653,ok,8.6456423652,7
OVRPB,654,ok,9.3943334997,8
OVRPB,655,ok,9.6022736448,9
OVRPB,656,ok,10.4369701468,6
OVRPB,657,ok,8.6623414186,8
OVRPB,658,ok,9.6907662983,8
OVRPB,659,ok,10.5610486336,7
OVRPB,660,ok,9.8777778379,7
OVRPB,661,ok,9.9042453165,10
OVRPB,662,ok,9.1794901537,7
OVRPB,663,ok,10.1298848818,8
OVRPB,664,ok,9.6680588389,8
OVRPB,665,ok,11.0921859833,9
OVRPB,666,ok,8.8921395879,9
OVRPB,667,ok,10.1507242040,9
OVRPB,668,ok,8.9164464088,12
OVRPB,669,ok,8.5422845264,9
OVRPB,670,ok,9.2416037786,8
OVRPB,671,ok,9.7232047947,8
OVRPB,672,ok,10.4872990886,9
OVRPB,673,ok,8.9975652443,9
OVRPB,674,ok,10.3254516215,8
OVRPB,675,ok,9.1147498493,8
OVRPB,676,ok,9.4886684357,6
OVRPB,677,ok,10.9693304329,8
OVRPB,678,ok,10.3927296621,9
OVRPB,679,ok,9.3441633464,8
OVRPB,680,ok,11.1913896494,10
OVRPB,681,ok,9.9618465061,8
OVRPB,682,ok,10.1377301873,9
OVRPB,683,ok,8.3577132787,8
OVRPB,684,ok,9.2420284926,7
OVRPB,685,ok,9.6834599183,10
OVRPB,686,ok,9.6282388145,9
OVRPB,687,ok,10.7023097625,9
OVRPB,688,ok,10.0334429985,6
OVRPB,689,ok,9.9438373141,9
OVRPB,690,ok,9.7374131940,8
OVRPB,691,ok,9.8984248647,6
OVRPB,692,ok,9.6336593156,9
OVRPB,693,ok,9.4548095298,8
OVRPB,694,ok,10.4909684361,8
OVRPB,695,ok,8.7833616386,8
OVRPB,696,ok,10.1110715457,8
OVRPB,697,ok,9.4410207797,10
OVRPB,698,ok,9.5908349939,9
OVRPB,699,ok,9.2428922242,7
OVRPB,700,ok,10.1343462038,9
OVRPB,701,ok,9.6064904545,9
OVRPB,702,ok,8.5853358172,9
OVRPB,703,ok,8.7202990077,8
OVRPB,704,ok,9.5913089290,8
OVRPB,705,ok,11.3375929876,9
OVRPB,706,ok,10.0714427156,9
OVRPB,707,ok,9.8424489262,8
OVRPB,708,ok,8.9825127092,10
OVRPB,709,ok,10.1960634648,7
OVRPB,710,ok,10.0357942431,9
OVRPB,711,ok,9.2388669919,8
OVRPB,712,ok,10.4837609693,9
OVRPB,713,ok,9.2121214605,6
OVRPB,714,ok,8.6237917563,8
OVRPB,715,ok,9.6283776167,7
OVRPB,716,ok,9.3533657841,12
OVRPB,717,ok,9.1999241566,9
OVRPB,718,ok,9.9175654346,9
OVRPB,719,ok,8.8249433375,8
OVRPB,720,ok,8.4885044037,7
OVRPB,721,ok,9.7074912929,7
OVRPB,722,ok,11.1838054754,8
OVRPB,723,ok,9.6155857675,9
OVRPB,724,ok,9.8059901985,8
OVRPB,725,ok,10.4035493999,9
OVRPB,726,ok,9.7201685679,8
OVRPB,727,ok,10.8438069246,7
OVRPB,728,ok,9.1075139622,7
OVRPB,729,ok,9.5809140506,8
OVRPB,730,ok,9.7139667698,8
OVRPB,731,ok,10.1397022910,8
OVRPB,732,ok,9.5070682078,9
OVRPB,733,ok,9.4344989055,7
OVRPB,734,ok,10.8714006442,9
OVRPB,735,ok,10.4854066373,7
OVRPB,736,ok,9.2632776673,6
OVRPB,737,ok,9.1030123990,8
OVRPB,738,ok,9.0673794327,8
OVRPB,739,ok,9.3181557110,7
OVRPB,740,ok,9.2181750918,9
OVRPB,741,ok,9.9078310721,11
OVRPB,742,ok,9.4206496008,8
OVRPB,743,ok,10.0231721357,7
OVRPB,744,ok,9.1797987595,7
OVRPB,745,ok,10.8051972046,8
OVRPB,746,ok,10.1254083355,8
OVRPB,747,ok,10.3450690284,10
OVRPB,748,ok,9.2510535830,9
OVRPB,749,ok,10.0417081729,7
OVRPB,750,ok,10.4380736203,10
OVRPB,751,ok,10.0360136897,8
OVRPB,752,ok,9.8993921105,8
OVRPB,753,ok,9.3921644291,8
OVRPB,754,ok,9.2077927617,7
OVRPB,755,ok,11.8225940128,8
OVRPB,756,ok,8.7868524184,9
OVRPB,757,ok,9.9618755491,8
OVRPB,758,ok,9.2451406447,7
OVRPB,759,ok,9.2086086387,8
OVRPB,760,ok,9.2648921926,7
OVRPB,761,ok,10.0111437291,7
OVRPB,762,ok,9.8104962634,7
OVRPB,763,ok,9.6889609142,8
OVRPB,764,ok,9.5307922908,9
OVRPB,765,ok,9.5076931213,9
OVRPB,766,ok,9.9014348022,8
OVRPB,767,ok,10.3868581220,8
OVRPB,768,ok,10.7071817443,9
OVRPB,769,ok,8.7578144400,9
OVRPB,770,ok,9.4364260579,10
OVRPB,771,ok,9.6644485129,9
OVRPB,772,ok,9.8101284635,7
OVRPB,773,ok,9.9425745441,6
OVRPB,774,ok,11.3118219015,7
OVRPB,775,ok,9.8383726666,7
OVRPB,776,ok,9.4239099143,10
OVRPB,777,ok,8.9361635062,8
OVRPB,778,ok,10.5681514116,10
OVRPB,779,ok,11.3053867524,8
OVRPB,780,ok,9.4440483791,7
OVRPB,781,ok,9.8981344789,8
OVRPB,782,ok,9.6038544015,8
OVRPB,783,ok,10.5866517281,7
OVRPB,784,ok,10.5075015824,7
OVRPB,785,ok,9.4909380430,7
OVRPB,786,ok,10.1729483391,7
OVRPB,787,ok,9.5605797614,8
OVRPB,788,ok,9.4765805780,9
OVRPB,789,ok,11.3637105843,7
OVRPB,790,ok,11.2543246273,7
OVRPB,791,ok,9.6284093708,9
OVRPB,792,ok,10.8401641643,7
OVRPB,793,ok,9.1971984429,10
OVRPB,794,ok,10.0180647639,9
OVRPB,795,ok,9.3474381084,8
OVRPB,796,ok,10.6385643649,9
OVRPB,797,ok,10.0133507766,9
OVRPB,798,ok,9.6406894739,7
OVRPB,799,ok,9.1637445146,7
OVRPB,800,ok,10.3342051410,7
OVRPB,801,ok,9.5699159988,8
OVRPB,802,ok,10.6234886410,8
OVRPB,803,ok,8.9227749365,7
OVRPB,804,ok,8.8296222052,8
OVRPB,805,ok,9.5616790811,7
OVRPB,806,ok,9.7298023054,8
OVRPB,807,ok,9.8189692147,7
OVRPB,808,ok,9.5230501698,8
OVRPB,809,ok,10.6887310750,7
OVRPB,810,ok,9.9011785383,8
OVRPB,811,ok,11.3641498049,8
OVRPB,812,ok,8.6783787919,6
OVRPB,813,ok,9.1722736136,7
OVRPB,814,ok,10.0204035840,8
OVRPB,815,ok,9.1761225443,7
OVRPB,816,ok,9.1465710162,8
OVRPB,817,ok,10.3810602452,7
OVRPB,818,ok,9.6139590346,7
OVRPB,819,ok,8.7952815995,9
OVRPB,820,ok,9.9414702626,10
OVRPB,821,ok,8.9657042521,9
OVRPB,822,ok,9.4704102117,9
OVRPB,823,ok,10.0499013485,8
OVRPB,824,ok,9.3443858713,7
OVRPB,825,ok,10.1174282258,9
OVRPB,826,ok,9.4361920974,9
OVRPB,827,ok,11.4884420532,8
OVRPB,828,ok,11.3162199754,9
OVRPB,829,ok,8.4091695158,8
OVRPB,830,ok,10.4831714759,9
OVRPB,831,ok,10.7173211941,9
OVRPB,832,ok,9.3473429997,6
OVRPB,833,ok,9.9620269252,9
OVRPB,834,ok,9.5628824232,11
OVRPB,835,ok,10.3165775094,10
OVRPB,836,ok,9.0603064374,6
OVRPB,837,ok,10.3095322474,8
OVRPB,838,ok,10.1461993066,8
OVRPB,839,ok,9.9729714765,8
OVRPB,840,ok,9.2377755683,6
OVRPB,841,ok,10.9428976172,9
OVRPB,842,ok,9.1112205713,7
OVRPB,843,ok,9.4969838197,8
OVRPB,844,ok,10.3593274262,9
OVRPB,845,ok,10.0609948384,7
OVRPB,846,ok,9.0707785085,7
OVRPB,847,ok,9.8955628737,7
OVRPB,848,ok,9.4113283326,6
OVRPB,849,ok,9.5535911143,8
OVRPB,850,ok,9.3659185385,9
OVRPB,851,ok,9.8671645052,10
OVRPB,852,ok,9.5930712676,8
OVRPB,853,ok,9.1349475818,8
OVRPB,854,ok,9.2559873037,8
OVRPB,855,ok,8.4045623141,12
OVRPB,856,ok,8.6938814219,10
OVRPB,857,ok,10.0052954471,6
OVRPB,858,ok,9.8261580594,7
OVRPB,859,ok,8.9374255021,8
OVRPB,860,ok,10.1674876216,8
OVRPB,861,ok,9.0414071665,8
OVRPB,862,ok,9.4971554104,8
OVRPB,863,ok,9.9811748552,8
OVRPB,864,ok,9.4505894965,7
OVRPB,865,ok,9.9353857804,8
OVRPB,866,ok,10.6172955225,8
OVRPB,867,ok,10.5385182776,8
OVRPB,868,ok,9.0262865938,9
OVRPB,869,ok,10.6342278177,8
OVRPB,870,ok,10.2023725368,7
OVRPB,871,ok,9.4197727500,7
OVRPB,872,ok,10.3394835641,7
OVRPB,873,ok,10.0721656016,9
OVRPB,874,ok,9.3750086134,8
OVRPB,875,ok,9.9593965741,6
OVRPB,876,ok,11.1322128163,8
OVRPB,877,ok,10.5184780265,7
OVRPB,878,ok,10.1856579972,7
OVRPB,879,ok,10.4660110532,6
OVRPB,880,ok,9.2134223305,9
OVRPB,881,ok,10.6684045942,8
OVRPB,882,ok,9.1011607877,7
OVRPB,883,ok,9.9500581916,8
OVRPB,884,ok,9.5829675768,7
OVRPB,885,ok,10.8877662362,8
OVRPB,886,ok,9.1874778185,9
OVRPB,887,ok,10.3510371538,9
OVRPB,888,ok,8.9534477076,8
OVRPB,889,ok,9.2340916586,6
OVRPB,890,ok,9.1433157764,8
OVRPB,891,ok,9.9293960756,10
OVRPB,892,ok,10.6625752069,9
OVRPB,893,ok,10.4273256219,8
OVRPB,894,ok,10.3243952300,10
OVRPB,895,ok,10.2036650649,10
OVRPB,896,ok,8.9891253735,6
OVRPB,897,ok,9.5456624796,10
OVRPB,898,ok,10.6065879078,8
OVRPB,899,ok,9.7831740695,8
OVRPB,900,ok,10.2568618857,9
OVRPB,901,ok,8.9728361844,8
OVRPB,902,ok,9.4302670969,7
OVRPB,903,ok,9.1900514200,7
OVRPB,904,ok,9.0081296329,7
OVRPB,905,ok,9.0449945721,9
OVRPB,906,ok,9.0153354831,10
OVRPB,907,ok,11.0242953236,7
OVRPB,908,ok,9.1753856714,6
OVRPB,909,ok,9.8812741227,9
OVRPB,910,ok,10.3211268558,8
OVRPB,911,ok,10.8604389610,11
OVRPB,912,ok,10.1485547677,10
OVRPB,913,ok,9.7789960570,6
OVRPB,914,ok,9.2173393380,9
OVRPB,915,ok,8.8965225343,8
OVRPB,916,ok,8.9956864498,10
OVRPB,917,ok,9.4276413325,8
OVRPB,918,ok,9.9510136061,8
OVRPB,919,ok,8.8851271029,9
OVRPB,920,ok,10.1090873070,8
OVRPB,921,ok,9.1378552460,7
OVRPB,922,ok,9.3394394164,7
OVRPB,923,ok,9.4622834487,8
OVRPB,924,ok,10.6731647065,7
OVRPB,925,ok,9.2714288665,7
OVRPB,926,ok,10.1674087902,7
OVRPB,927,ok,8.6855877262,8
OVRPB,928,ok,9.5682019047,9
OVRPB,929,ok,10.4424948755,8
OVRPB,930,ok,10.4130923625,7
OVRPB,931,ok,10.2225879155,8
OVRPB,932,ok,9.3655920091,8
OVRPB,933,ok,9.5020546097,8
OVRPB,934,ok,9.0682864511,8
OVRPB,935,ok,10.3430627107,7
OVRPB,936,ok,9.2808456078,9
OVRPB,937,ok,9.4559025563,8
OVRPB,938,ok,9.2913734520,9
OVRPB,939,ok,10.0062529259,7
OVRPB,940,ok,9.7702579312,8
OVRPB,941,ok,9.9658148343,7
OVRPB,942,ok,10.9775485136,8
OVRPB,943,ok,8.9549604114,10
OVRPB,944,ok,8.6992429568,8
OVRPB,945,ok,9.6786498895,7
OVRPB,946,ok,9.8217143233,8
OVRPB,947,ok,9.5465984379,10
OVRPB,948,ok,8.8428794406,8
OVRPB,949,ok,10.8533474493,7
OVRPB,950,ok,8.8743325705,9
OVRPB,951,ok,9.3861548138,7
OVRPB,952,ok,8.8140965980,9
OVRPB,953,ok,10.3903497087,7
OVRPB,954,ok,9.4591866605,9
OVRPB,955,ok,9.7288677662,7
OVRPB,956,ok,9.8632407421,7
OVRPB,957,ok,9.8132419255,10
OVRPB,958,ok,10.0785143728,7
OVRPB,959,ok,10.3708165553,9
OVRPB,960,ok,8.8251622100,6
OVRPB,961,ok,9.9840226620,8
OVRPB,962,ok,10.8568164937,7
OVRPB,963,ok,9.1918444583,9
OVRPB,964,ok,9.5996330168,7
OVRPB,965,ok,9.3075237015,8
OVRPB,966,ok,10.4557188791,8
OVRPB,967,ok,10.9550452409,8
OVRPB,968,ok,9.6472534399,9
OVRPB,969,ok,9.8481955913,9
OVRPB,970,ok,9.6482126663,9
OVRPB,971,ok,9.5161429032,7
OVRPB,972,ok,10.2973136620,7
OVRPB,973,ok,10.0977596038,7
OVRPB,974,ok,9.7098556245,9
OVRPB,975,ok,9.9978564035,7
OVRPB,976,ok,9.7045309570,10
OVRPB,977,ok,11.0794867559,9
OVRPB,978,ok,9.6902504107,7
OVRPB,979,ok,9.7783103540,9
OVRPB,980,ok,11.0192411192,8
OVRPB,981,ok,9.9210396750,9
OVRPB,982,ok,9.7996895874,6
OVRPB,983,ok,8.9366484517,7
OVRPB,984,ok,9.4295459612,7
OVRPB,985,ok,11.2422299816,9
OVRPB,986,ok,9.4486796426,9
OVRPB,987,ok,9.9799935088,9
OVRPB,988,ok,9.9275870981,9
OVRPB,989,ok,8.9740989609,7
OVRPB,990,ok,9.8022689167,11
OVRPB,991,ok,9.4908419253,8
OVRPB,992,ok,12.2931571289,8
OVRPB,993,ok,8.9540027261,7
OVRPB,994,ok,10.3427047552,8
OVRPB,995,ok,9.6794258744,9
OVRPB,996,ok,9.9764134684,9
OVRPB,997,ok,10.1838904059,9
OVRPB,998,ok,10.6175773425,9
OVRPB,999,ok,10.3685703016,9
OVRPL,0,ok,12.5056364057,12
OVRPL,1,ok,13.8039990271,13
OVRPL,2,ok,9.7376051834,15
OVRPL,3,ok,10.5176236368,14
OVRPL,4,ok,12.4401391506,14
OVRPL,5,ok,11.7935605552,14
OVRPL,6,ok,13.3286210238,14
OVRPL,7,ok,9.5485973454,12
OVRPL,8,ok,9.7439169266,13
OVRPL,9,ok,10.7341475581,13
OVRPL,10,ok,10.3244268467,11
OVRPL,11,ok,10.3498776747,13
OVRPL,12,ok,11.8746217140,11
OVRPL,13,ok,10.4912141226,14
OVRPL,14,ok,10.9234498191,12
OVRPL,15,ok,9.9468365494,12
OVRPL,16,ok,9.7189750629,14
OVRPL,17,ok,12.1855347050,11
OVRPL,18,ok,11.3320810438,13
OVRPL,19,ok,12.1479983148,11
OVRPL,20,ok,11.9160297607,11
OVRPL,21,ok,12.6421831195,15
OVRPL,22,ok,12.7332847387,12
OVRPL,23,ok,12.6596379189,13
OVRPL,24,ok,10.7216874781,12
OVRPL,25,ok,10.4878923129,13
OVRPL,26,ok,10.5268550178,13
OVRPL,27,ok,9.9931427488,14
OVRPL,28,ok,10.3874455373,12
OVRPL,29,ok,9.9289640148,13
OVRPL,30,ok,10.1222218717,13
OVRPL,31,ok,10.7762864226,11
OVRPL,32,ok,12.6705235042,11
OVRPL,33,ok,11.8461556558,13
OVRPL,34,ok,12.2234066057,14
OVRPL,35,ok,11.6793417096,13
OVRPL,36,ok,9.7512489022,14
OVRPL,37,ok,12.7801559551,12
OVRPL,38,ok,12.0552421457,13
OVRPL,39,ok,10.4736366210,14
OVRPL,40,ok,11.0042001552,11
OVRPL,41,ok,11.5595965619,15
OVRPL,42,ok,10.2480683363,12
OVRPL,43,ok,11.9012180693,14
OVRPL,44,ok,10.1466819566,12
OVRPL,45,ok,13.6046762858,14
OVRPL,46,ok,11.9665748492,12
OVRPL,47,ok,10.4452059685,13
OVRPL,48,ok,10.7854024023,14
OVRPL,49,ok,11.8190848997,12
OVRPL,50,ok,9.5000242159,14
OVRPL,51,ok,11.0027862921,13
OVRPL,52,ok,10.5673947074,15
OVRPL,53,ok,10.4201447552,12
OVRPL,54,ok,12.6835480641,13
OVRPL,55,ok,10.1596825682,13
OVRPL,56,ok,10.3396967634,13
OVRPL,57,ok,11.6076775039,13
OVRPL,58,ok,10.7898208440,12
OVRPL,59,ok,11.3417289769,14
OVRPL,60,ok,12.7051514510,13
OVRPL,61,ok,10.2325025402,12
OVRPL,62,ok,10.4962768487,12
OVRPL,63,ok,10.7546159152,13
OVRPL,64,ok,10.8826985093,13
OVRPL,65,ok,12.5218935755,13
OVRPL,66,ok,11.7688113400,13
OVRPL,67,ok,12.5294784329,13
OVRPL,68,ok,11.2927290964,11
OVRPL,69,ok,11.7332503036,13
OVRPL,70,ok,10.7303979554,13
OVRPL,71,ok,10.8607105334,14
OVRPL,72,ok,10.4195295629,13
OVRPL,73,ok,11.6441808576,12
OVRPL,74,ok,10.3905923388,12
OVRPL,75,ok,10.5799059543,11
OVRPL,76,ok,11.3758706195,14
OVRPL,77,ok,9.1721802523,13
OVRPL,78,ok,12.2102255820,12
OVRPL,79,ok,13.3619368353,13
OVRPL,80,ok,12.7188286401,14
OVRPL,81,ok,9.7915892969,13
OVRPL,82,ok,11.5259655002,12
OVRPL,83,ok,11.2309677459,13
OVRPL,84,ok,10.1729573330,13
OVRPL,85,ok,10.3492751129,14
OVRPL,86,ok,9.6886602758,12
OVRPL,87,ok,10.6134664477,13
OVRPL,88,ok,11.1996645805,12
OVRPL,89,ok,10.8109897996,12
OVRPL,90,ok,13.1253486063,12
OVRPL,91,ok,10.8642968086,15
OVRPL,92,ok,12.5448520751,13
OVRPL,93,ok,10.8283703660,14
OVRPL,94,ok,9.6843146909,12
OVRPL,95,ok,10.3159537703,13
OVRPL,96,ok,12.6343357876,11
OVRPL,97,ok,10.5394096429,13
OVRPL,98,ok,12.4473830585,12
OVRPL,99,ok,12.6511132657,15
OVRPL,100,ok,11.7626413305,12
OVRPL,101,ok,12.0374078793,12
OVRPL,102,ok,12.5155670547,12
OVRPL,103,ok,10.5124679114,13
OVRPL,104,ok,12.3211931887,12
OVRPL,105,ok,13.4066526013,14
OVRPL,106,ok,10.2737141006,11
OVRPL,107,ok,9.8632567855,11
OVRPL,108,ok,11.3924722891,14
OVRPL,109,ok,10.7351921200,12
OVRPL,110,ok,9.5351379529,11
OVRPL,111,ok,12.9119417943,13
OVRPL,112,ok,10.5872226287,13
OVRPL,113,ok,10.1517829983,13
OVRPL,114,ok,11.1900387805,13
OVRPL,115,ok,11.9073386161,12
OVRPL,116,ok,13.1751632862,13
OVRPL,117,ok,9.5101935031,12
OVRPL,118,ok,11.3373825660,13
OVRPL,119,ok,10.8816386629,13
OVRPL,120,ok,11.4653933084,13
OVRPL,121,ok,10.6271079460,12
OVRPL,122,ok,12.0174172776,12
OVRPL,123,ok,12.7518077129,13
OVRPL,124,ok,10.9936470821,12
OVRPL,125,ok,12.3282661973,15
OVRPL,126,ok,11.6298758786,13
OVRPL,127,ok,11.4193003895,14
OVRPL,128,ok,9.6319371056,13
OVRPL,129,ok,9.7567265724,13
OVRPL,130,ok,12.3929325644,14
OVRPL,131,ok,12.1957839064,12
OVRPL,132,ok,9.7470785977,12
OVRPL,133,ok,10.6167262968,14
OVRPL,134,ok,13.8091071419,13
OVRPL,135,ok,10.7843955117,13
OVRPL,136,ok,12.0847659332,12
OVRPL,137,ok,11.2592192079,12
OVRPL,138,ok,9.8731883505,11
OVRPL,139,ok,11.4525136252,13
OVRPL,140,ok,12.5674476608,12
OVRPL,141,ok,12.3009358257,12
OVRPL,142,ok,11.7019628800,16
OVRPL,143,ok,12.0495732972,12
OVRPL,144,ok,13.0595649130,12
OVRPL,145,ok,10.1022077042,13
OVRPL,146,ok,12.2467556946,13
OVRPL,147,ok,9.4375890638,13
OVRPL,148,ok,11.7605386301,13
OVRPL,149,ok,10.5380480080,14
OVRPL,150,ok,11.8154113163,13
OVRPL,151,ok,10.9502348471,13
OVRPL,152,ok,11.0504520115,12
OVRPL,153,ok,11.0509095502,13
OVRPL,154,ok,12.1981673269,12
OVRPL,155,ok,10.4975730884,15
OVRPL,156,ok,10.5757299091,13
OVRPL,157,ok,10.9488267245,13
OVRPL,158,ok,10.5508724636,13
OVRPL,159,ok,10.5616651615,11
OVRPL,160,ok,11.1569012366,13
OVRPL,161,ok,9.4453743828,14
OVRPL,162,ok,11.1957236759,11
OVRPL,163,ok,12.4288140636,12
OVRPL,164,ok,11.2581890367,13
OVRPL,165,ok,10.4984454450,12
OVRPL,166,ok,10.4945289930,13
OVRPL,167,ok,12.2259811545,14
OVRPL,168,ok,12.0306248835,13
OVRPL,169,ok,10.7942894533,12
OVRPL,170,ok,9.6943340973,13
OVRPL,171,ok,10.8664275647,15
OVRPL,172,ok,10.7145383531,11
OVRPL,173,ok,11.2984101078,13
OVRPL,174,ok,11.7896606683,14
OVRPL,175,ok,10.7838028961,13
OVRPL,176,ok,12.2750683519,13
OVRPL,177,ok,11.2819573384,13
OVRPL,178,ok,10.9365519808,12
OVRPL,179,ok,11.1131423009,14
OVRPL,180,ok,10.5930226935,13
OVRPL,181,ok,10.9225105178,14
OVRPL,182,ok,10.3842792308,14
OVRPL,183,ok,11.8042689248,12
OVRPL,184,ok,10.1236379512,14
OVRPL,185,ok,11.9185968623,12
OVRPL,186,ok,11.2737809543,14
OVRPL,187,ok,10.1622113860,13
OVRPL,188,ok,11.1811706283,13
OVRPL,189,ok,10.1248501175,13
OVRPL,190,ok,9.9651110483,13
OVRPL,191,ok,10.1450333724,14
OVRPL,192,ok,12.1708016941,12
OVRPL,193,ok,10.5830347466,14
OVRPL,194,ok,9.8862615064,14
OVRPL,195,ok,10.6870973721,13
OVRPL,196,ok,10.7319136849,12
OVRPL,197,ok,10.3028506626,13
OVRPL,198,ok,10.3484821257,11
OVRPL,199,ok,12.8689432841,12
OVRPL,200,ok,10.8293041843,14
OVRPL,201,ok,11.9761208331,12
OVRPL,202,ok,11.3883690649,11
OVRPL,203,ok,11.5044039901,11
OVRPL,204,ok,11.2437786268,14
OVRPL,205,ok,11.9143823062,13
OVRPL,206,ok,11.1606352364,14
OVRPL,207,ok,13.1138198615,13
OVRPL,208,ok,10.3660403811,14
OVRPL,209,ok,10.6047596536,13
OVRPL,210,ok,12.6639263723,16
OVRPL,211,ok,9.8599779827,13
OVRPL,212,ok,12.2713148883,13
OVRPL,213,ok,12.7106519031,12
OVRPL,214,ok,10.3584639736,13
OVRPL,215,ok,11.1164953676,14
OVRPL,216,ok,10.4806563361,12
OVRPL,217,ok,12.6086556230,12
OVRPL,218,ok,11.4101105069,11
OVRPL,219,ok,9.3890544659,13
OVRPL,220,ok,9.7794988945,15
OVRPL,221,ok,12.3410681156,12
OVRPL,222,ok,10.9636885299,12
OVRPL,223,ok,10.1299211372,12
OVRPL,224,ok,11.0777376669,14
OVRPL,225,ok,12.6626981522,11
OVRPL,226,ok,11.9439451105,13
OVRPL,227,ok,9.8886855324,12
OVRPL,228,ok,12.0319199099,13
OVRPL,229,ok,11.8428884960,11
OVRPL,230,ok,10.8893437870,13
OVRPL,231,ok,11.0999988079,12
OVRPL,232,ok,11.5156712237,12
OVRPL,233,ok,13.1187351270,13
OVRPL,234,ok,9.9758144682,13
OVRPL,235,ok,11.1374511835,13
OVRPL,236,ok,11.1823421913,13
OVRPL,237,ok,12.2662662779,13
OVRPL,238,ok,12.4132061233,10
OVRPL,239,ok,10.5420119108,13
OVRPL,240,ok,11.7340588836,12
OVRPL,241,ok,10.0568717312,13
OVRPL,242,ok,11.2634888082,14
OVRPL,243,ok,12.0007585116,13
OVRPL,244,ok,13.0517614241,12
OVRPL,245,ok,11.7904416855,12
OVRPL,246,ok,11.0092363182,10
OVRPL,247,ok,11.5922864440,13
OVRPL,248,ok,12.1964253632,12
OVRPL,249,ok,10.7119410206,15
OVRPL,250,ok,10.9565728597,12
OVRPL,251,ok,10.1560702504,13
OVRPL,252,ok,10.0707622301,13
OVRPL,253,ok,13.1580727433,14
OVRPL,254,ok,9.9158901589,12
OVRPL,255,ok,13.8086104183,11
OVRPL,256,ok,11.0682286690,15
OVRPL,257,ok,10.2274450996,12
OVRPL,258,ok,10.7795481399,14
OVRPL,259,ok,11.1670283672,14
OVRPL,260,ok,12.0385083942,12
OVRPL,261,ok,10.1688181319,12
OVRPL,262,ok,11.3820422838,13
OVRPL,263,ok,11.0450527896,11
OVRPL,264,ok,12.4423668542,14
OVRPL,265,ok,11.3355139809,13
OVRPL,266,ok,11.3641219604,13
OVRPL,267,ok,11.5411215510,14
OVRPL,268,ok,11.0736819088,13
OVRPL,269,ok,11.1654989438,13
OVRPL,270,ok,9.9758950043,14
OVRPL,271,ok,9.5956085666,12
OVRPL,272,ok,12.8916945689,14
OVRPL,273,ok,12.8933085780,12
OVRPL,274,ok,12.5256947210,14
OVRPL,275,ok,10.3470686531,13
OVRPL,276,ok,10.2414279512,14
OVRPL,277,ok,12.2334953782,12
OVRPL,278,ok,11.9095033302,13
OVRPL,279,ok,9.6888391150,12
OVRPL,280,ok,10.9731578599,13
OVRPL,281,ok,12.2127491448,14
OVRPL,282,ok,10.6970180071,12
OVRPL,283,ok,10.9886821320,14
OVRPL,284,ok,10.3959987637,12
OVRPL,285,ok,10.8971806238,12
OVRPL,286,ok,12.8306996600,13
OVRPL,287,ok,11.3749633860,13
OVRPL,288,ok,11.1945825709,13
OVRPL,289,ok,12.3681081765,12
OVRPL,290,ok,13.2285247034,13
OVRPL,291,ok,11.8444921909,11
OVRPL,292,ok,13.1428069677,13
OVRPL,293,ok,11.8738341933,12
OVRPL,294,ok,11.1442619239,15
OVRPL,295,ok,13.5529087064,14
OVRPL,296,ok,9.7752363198,14
OVRPL,297,ok,10.3537304881,14
OVRPL,298,ok,9.8016896193,12
OVRPL,299,ok,11.3052877756,14
OVRPL,300,ok,10.6240356049,13
OVRPL,301,ok,10.8428493473,13
OVRPL,302,ok,11.3620687100,14
OVRPL,303,ok,9.4925365574,13
OVRPL,304,ok,12.7996285467,11
OVRPL,305,ok,12.8077558462,11
OVRPL,306,ok,12.6944257183,11
OVRPL,307,ok,10.1746664225,13
OVRPL,308,ok,9.5551592780,12
OVRPL,309,ok,10.9109084390,13
OVRPL,310,ok,11.3090066417,14
OVRPL,311,ok,11.0938890431,12
OVRPL,312,ok,10.2086515041,13
OVRPL,313,ok,12.0034863210,12
OVRPL,314,ok,10.6420633339,12
OVRPL,315,ok,12.3590607501,12
OVRPL,316,ok,12.1230384782,12
OVRPL,317,ok,12.4455865519,13
OVRPL,318,ok,10.5848127477,13
OVRPL,319,ok,12.1732326562,13
OVRPL,320,ok,11.4575764392,13
OVRPL,321,ok,9.9569275347,15
OVRPL,322,ok,11.1513638635,12
OVRPL,323,ok,10.0784614541,13
OVRPL,324,ok,11.0831729547,12
OVRPL,325,ok,10.6630312491,13
OVRPL,326,ok,12.9494573696,13
OVRPL,327,ok,9.9704052782,13
OVRPL,328,ok,11.1968799009,14
OVRPL,329,ok,11.3161118213,13
OVRPL,330,ok,11.7863780693,16
OVRPL,331,ok,12.2898143908,13
OVRPL,332,ok,12.5513245716,12
OVRPL,333,ok,11.6152999958,12
OVRPL,334,ok,10.6510353810,12
OVRPL,335,ok,9.9227203842,13
OVRPL,336,ok,11.2059614412,12
OVRPL,337,ok,12.2917399529,12
OVRPL,338,ok,10.3778613142,14
OVRPL,339,ok,11.0099662811,13
OVRPL,340,ok,11.0735791154,14
OVRPL,341,ok,11.5395242423,11
OVRPL,342,ok,10.6207600468,13
OVRPL,343,ok,10.3498683008,12
OVRPL,344,ok,9.8442803463,14
OVRPL,345,ok,10.8994564585,13
OVRPL,346,ok,13.1882046947,11
OVRPL,347,ok,11.1796041394,14
OVRPL,348,ok,10.1919103019,13
OVRPL,349,ok,10.1327346685,11
OVRPL,350,ok,10.2728924382,13
OVRPL,351,ok,12.4341991867,14
OVRPL,352,ok,10.4699373092,13
OVRPL,353,ok,13.5187508245,12
OVRPL,354,ok,13.3633200244,12
OVRPL,355,ok,11.5888420645,12
OVRPL,356,ok,10.7067806730,12
OVRPL,357,ok,10.8432654801,13
OVRPL,358,ok,11.9485976290,14
OVRPL,359,ok,10.0310822280,14
OVRPL,360,ok,9.8145237975,12
OVRPL,361,ok,11.0022851556,14
OVRPL,362,ok,12.4585590166,12
OVRPL,363,ok,10.8395326452,15
OVRPL,364,ok,12.0608821213,11
OVRPL,365,ok,11.7031452580,13
OVRPL,366,ok,11.1937190031,13
OVRPL,367,ok,10.9742586010,13
OVRPL,368,ok,10.7050638672,14
OVRPL,369,ok,12.6657803760,11
OVRPL,370,ok,10.2590911672,16
OVRPL,371,ok,11.9233642530,14
OVRPL,372,ok,11.8685729217,13
OVRPL,373,ok,10.0140870927,14
OVRPL,374,ok,11.5235981934,13
OVRPL,375,ok,11.2781217143,13
OVRPL,376,ok,11.7509838620,15
OVRPL,377,ok,13.2625622174,14
OVRPL,378,ok,13.5633072679,12
OVRPL,379,ok,10.9203447172,14
OVRPL,380,ok,10.1423869876,11
OVRPL,381,ok,10.1763481258,12
OVRPL,382,ok,12.3682500686,13
OVRPL,383,ok,12.3443467466,12
OVRPL,384,ok,11.8113166910,12
OVRPL,385,ok,10.8829030943,12
OVRPL,386,ok,10.6142720570,14
OVRPL,387,ok,12.2850624300,12
OVRPL,388,ok,13.0792283295,11
OVRPL,389,ok,12.8695370884,13
OVRPL,390,ok,13.0975505437,12
OVRPL,391,ok,10.5949043905,14
OVRPL,392,ok,10.2431013476,14
OVRPL,393,ok,12.1571061888,12
OVRPL,394,ok,10.4997559023,13
OVRPL,395,ok,10.8586239076,13
OVRPL,396,ok,12.5205572653,11
OVRPL,397,ok,11.9265643258,14
OVRPL,398,ok,11.7873097876,12
OVRPL,399,ok,10.6776617834,12
OVRPL,400,ok,12.9457751755,14
OVRPL,401,ok,12.4245967501,13
OVRPL,402,ok,11.2167170685,12
OVRPL,403,ok,12.2519743859,12
OVRPL,404,ok,10.9650428511,13
OVRPL,405,ok,11.7522794788,12
OVRPL,406,ok,11.1798602463,11
OVRPL,407,ok,12.8274386378,14
OVRPL,408,ok,10.6899292281,12
OVRPL,409,ok,9.8776275430,13
OVRPL,410,ok,11.7264112139,11
OVRPL,411,ok,10.4643446820,14
OVRPL,412,ok,13.5166940702,12
OVRPL,413,ok,11.9298010182,13
OVRPL,414,ok,12.3345150186,13
OVRPL,415,ok,10.3637782356,12
OVRPL,416,ok,9.7256820930,14
OVRPL,417,ok,10.7541717561,14
OVRPL,418,ok,11.3534702360,12
OVRPL,419,ok,11.2605464716,15
OVRPL,420,ok,10.6779198805,14
OVRPL,421,ok,10.7756623161,12
OVRPL,422,ok,11.7613239265,14
OVRPL,423,ok,11.7001863076,14
OVRPL,424,ok,11.3461084114,12
OVRPL,425,ok,10.7819571616,12
OVRPL,426,ok,9.6384350206,14
OVRPL,427,ok,10.2954014029,11
OVRPL,428,ok,11.7875466636,14
OVRPL,429,ok,11.1763854933,13
OVRPL,430,ok,11.3772009694,14
OVRPL,431,ok,12.0105724952,10
OVRPL,432,ok,11.7266059223,13
OVRPL,433,ok,11.1381692016,12
OVRPL,434,ok,11.0591595525,11
OVRPL,435,ok,10.0097622429,12
OVRPL,436,ok,10.2946737065,11
OVRPL,437,ok,9.7858466609,11
OVRPL,438,ok,12.0020036973,15
OVRPL,439,ok,11.1928984343,13
OVRPL,440,ok,12.5551656427,13
OVRPL,441,ok,10.1780598541,15
OVRPL,442,ok,12.6327357545,10
OVRPL,443,ok,9.8523141058,12
OVRPL,444,ok,10.9966565972,13
OVRPL,445,ok,12.8416061010,12
OVRPL,446,ok,11.3232573618,13
OVRPL,447,ok,12.8061566627,13
OVRPL,448,ok,11.9181843006,13
OVRPL,449,ok,10.4086033788,14
OVRPL,450,ok,11.9116470280,12
OVRPL,451,ok,9.8207601802,12
OVRPL,452,ok,11.1550072241,12
OVRPL,453,ok,11.9463288824,11
OVRPL,454,ok,10.7241121860,14
OVRPL,455,ok,12.1214155047,12
OVRPL,456,ok,10.1881693505,14
OVRPL,457,ok,13.5730191723,13
OVRPL,458,ok,10.1972169450,14
OVRPL,459,ok,10.5269429003,14
OVRPL,460,ok,10.6317641155,13
OVRPL,461,ok,13.3632935447,13
OVRPL,462,ok,11.7892301069,12
OVRPL,463,ok,12.2798492900,13
OVRPL,464,ok,12.4627231131,10
OVRPL,465,ok,11.5687321073,15
OVRPL,466,ok,11.1301816078,13
OVRPL,467,ok,9.8147474717,11
OVRPL,468,ok,12.5088708025,13
OVRPL,469,ok,11.2294171016,11
OVRPL,470,ok,10.5712451827,13
OVRPL,471,ok,10.7337847563,13
OVRPL,472,ok,12.6090876420,14
OVRPL,473,ok,10.2977887765,12
OVRPL,474,ok,9.9952018084,12
OVRPL,475,ok,13.2268914916,13
OVRPL,476,ok,11.4863865341,13
OVRPL,477,ok,11.1698978770,11
OVRPL,478,ok,9.9424708022,13
OVRPL,479,ok,12.4367863909,13
OVRPL,480,ok,11.2891078978,12
OVRPL,481,ok,10.3593268329,11
OVRPL,482,ok,9.9494629173,12
OVRPL,483,ok,9.9887129843,14
OVRPL,484,ok,12.5601336167,12
OVRPL,485,ok,13.8453294799,12
OVRPL,486,ok,10.3596920256,12
OVRPL,487,ok,10.9101222300,11
OVRPL,488,ok,10.6599612550,12
OVRPL,489,ok,10.5270630800,13
OVRPL,490,ok,10.3400185781,14
OVRPL,491,ok,11.9148534893,13
OVRPL,492,ok,9.7917739066,12
OVRPL,493,ok,10.6729597383,12
OVRPL,494,ok,10.3632007091,13
OVRPL,495,ok,10.3184730646,12
OVRPL,496,ok,11.3362252895,14
OVRPL,497,ok,12.3122654828,13
OVRPL,498,ok,10.6840512754,14
OVRPL,499,ok,10.7089426670,13
OVRPL,500,ok,10.7290834426,11
OVRPL,501,ok,12.0489812767,13
OVRPL,502,ok,13.0078836395,11
OVRPL,503,ok,11.5862422817,13
OVRPL,504,ok,10.4219003435,12
OVRPL,505,ok,11.0904675867,13
OVRPL,506,ok,11.3673785792,11
OVRPL,507,ok,12.2387261294,12
OVRPL,508,ok,12.5030955101,11
OVRPL,509,ok,11.7834472457,12
OVRPL,510,ok,12.2452259199,13
OVRPL,511,ok,12.5236714789,13
OVRPL,512,ok,10.1743863054,12
OVRPL,513,ok,11.0560652193,13
OVRPL,514,ok,11.0522745221,14
OVRPL,515,ok,10.8254457403,13
OVRPL,516,ok,10.3839292444,12
OVRPL,517,ok,10.8541122463,16
OVRPL,518,ok,10.0664062676,13
OVRPL,519,ok,10.9912592598,10
OVRPL,520,ok,12.4186309396,12
OVRPL,521,ok,10.4084759048,13
OVRPL,522,ok,10.1146073532,12
OVRPL,523,ok,11.6428493272,13
OVRPL,524,ok,13.2907487783,12
OVRPL,525,ok,11.0020931075,13
OVRPL,526,ok,10.7097824245,13
OVRPL,527,ok,11.0436855480,13
OVRPL,528,ok,11.4731286373,11
OVRPL,529,ok,11.3256736559,12
OVRPL,530,ok,9.9705974105,15
OVRPL,531,ok,11.3007193059,12
OVRPL,532,ok,10.7393085915,13
OVRPL,533,ok,10.7523631904,12
OVRPL,534,ok,12.4410951943,11
OVRPL,535,ok,11.0222869551,14
OVRPL,536,ok,9.7933337740,13
OVRPL,537,ok,11.0672250564,13
OVRPL,538,ok,12.5800598761,13
OVRPL,539,ok,14.3236681805,11
OVRPL,540,ok,10.4723754116,12
OVRPL,541,ok,10.9459212969,11
OVRPL,542,ok,9.5902554138,14
OVRPL,543,ok,11.5967530572,13
OVRPL,544,ok,11.8240877149,12
OVRPL,545,ok,13.6702873017,13
OVRPL,546,ok,12.7621257762,13
OVRPL,547,ok,9.8165166656,11
OVRPL,548,ok,11.3283202016,14
OVRPL,549,ok,10.5914390982,14
OVRPL,550,ok,11.5189581030,13
OVRPL,551,ok,9.8013243957,13
OVRPL,552,ok,10.4117937168,12
OVRPL,553,ok,10.5214456196,13
OVRPL,554,ok,11.5928144145,12
OVRPL,555,ok,11.5194370141,12
OVRPL,556,ok,11.9731114215,12
OVRPL,557,ok,9.8728663159,12
OVRPL,558,ok,10.6765206392,13
OVRPL,559,ok,11.2908799582,12
OVRPL,560,ok,10.5441127035,12
OVRPL,561,ok,11.3794247974,9
OVRPL,562,ok,11.6793773038,12
OVRPL,563,ok,11.3577602200,13
OVRPL,564,ok,9.3481435656,13
OVRPL,565,ok,10.9512998319,13
OVRPL,566,ok,9.8968537237,12
OVRPL,567,ok,11.3942786179,13
OVRPL,568,ok,11.2324137421,12
OVRPL,569,ok,11.6907726289,12
OVRPL,570,ok,10.9316698037,13
OVRPL,571,ok,9.8422868480,14
OVRPL,572,ok,12.1670131301,13
OVRPL,573,ok,11.2864513765,13
OVRPL,574,ok,11.0402634841,12
OVRPL,575,ok,10.0788781041,12
OVRPL,576,ok,12.0818128515,15
OVRPL,577,ok,10.2259098251,14
OVRPL,578,ok,11.9849153252,13
OVRPL,579,ok,10.4625061945,12
OVRPL,580,ok,11.8965977302,12
OVRPL,581,ok,10.1522718154,13
OVRPL,582,ok,10.3690243768,11
OVRPL,583,ok,9.7881022198,14
OVRPL,584,ok,12.9662999525,11
OVRPL,585,ok,11.0120705439,14
OVRPL,586,ok,10.6348280834,15
OVRPL,587,ok,12.9741311390,12
OVRPL,588,ok,10.6001723393,12
OVRPL,589,ok,11.6558102676,12
OVRPL,590,ok,11.1322512823,12
OVRPL,591,ok,10.0736453971,11
OVRPL,592,ok,10.8291137573,14
OVRPL,593,ok,11.2005428886,11
OVRPL,594,ok,10.6504010793,13
OVRPL,595,ok,11.2998587884,12
OVRPL,596,ok,10.4681483306,13
OVRPL,597,ok,11.4631595633,15
OVRPL,598,ok,9.9683144304,11
OVRPL,599,ok,11.3234276403,13
OVRPL,600,ok,11.0714018863,13
OVRPL,601,ok,11.5294906322,12
OVRPL,602,ok,12.1004839989,13
OVRPL,603,ok,10.7041186871,14
OVRPL,604,ok,10.8787183252,11
OVRPL,605,ok,13.0029103841,12
OVRPL,606,ok,9.5945567554,13
OVRPL,607,ok,11.3655980424,14
OVRPL,608,ok,11.4016889307,12
OVRPL,609,ok,13.6405382093,14
OVRPL,610,ok,10.6436581952,12
OVRPL,611,ok,12.2380533873,12
OVRPL,612,ok,10.1572162764,13
OVRPL,613,ok,10.8681190188,13
OVRPL,614,ok,11.9399040324,13
OVRPL,615,ok,10.1404731546,11
OVRPL,616,ok,11.8962466807,12
OVRPL,617,ok,12.5679937207,13
OVRPL,618,ok,10.7418651294,14
OVRPL,619,ok,10.1721745695,12
OVRPL,620,ok,10.6919810468,13
OVRPL,621,ok,10.3788644261,12
OVRPL,622,ok,9.7364134036,13
OVRPL,623,ok,9.6660504403,13
OVRPL,624,ok,11.4400330816,14
OVRPL,625,ok,11.6729241069,13
OVRPL,626,ok,9.4842808891,15
OVRPL,627,ok,10.1424267141,12
OVRPL,628,ok,11.0340388967,15
OVRPL,629,ok,9.5349928454,12
OVRPL,630,ok,10.6059054908,11
OVRPL,631,ok,11.0387790890,12
OVRPL,632,ok,12.2201319572,12
OVRPL,633,ok,12.5020086898,12
OVRPL,634,ok,10.2644481087,13
OVRPL,635,ok,12.7974488721,12
OVRPL,636,ok,11.2552901150,12
OVRPL,637,ok,10.7471932876,13
OVRPL,638,ok,11.5652286807,14
OVRPL,639,ok,11.0715635301,13
OVRPL,640,ok,10.9304604640,16
OVRPL,641,ok,10.9199663456,12
OVRPL,642,ok,12.1392407453,13
OVRPL,643,ok,9.9946620108,12
OVRPL,644,ok,11.3304991421,12
OVRPL,645,ok,11.1973199911,14
OVRPL,646,ok,11.0427670558,13
OVRPL,647,ok,11.8383081999,12
OVRPL,648,ok,11.5634001845,13
OVRPL,649,ok,11.3991064104,11
OVRPL,650,ok,11.1267383072,12
OVRPL,651,ok,10.5794078028,13
OVRPL,652,ok,10.2932139808,15
OVRPL,653,ok,11.5509646541,13
OVRPL,654,ok,10.9127859512,14
OVRPL,655,ok,11.1640128975,12
OVRPL,656,ok,10.2496094167,13
OVRPL,657,ok,11.4597115687,12
OVRPL,658,ok,10.8387576450,13
OVRPL,659,ok,12.9022196167,13
OVRPL,660,ok,12.6683841873,12
OVRPL,661,ok,11.0645143382,12
OVRPL,662,ok,11.8588636054,14
OVRPL,663,ok,10.1121335119,13
OVRPL,664,ok,12.8721665754,12
OVRPL,665,ok,10.6390096274,11
OVRPL,666,ok,12.1373290837,12
OVRPL,667,ok,9.5665528500,12
OVRPL,668,ok,11.5365679623,12
OVRPL,669,ok,10.6391735742,12
OVRPL,670,ok,11.1130720961,12
OVRPL,671,ok,12.1043385125,12
OVRPL,672,ok,11.7085553102,13
OVRPL,673,ok,11.1522879975,11
OVRPL,674,ok,10.8895991588,12
OVRPL,675,ok,10.6130024025,11
OVRPL,676,ok,9.3882867493,11
OVRPL,677,ok,10.1517075075,13
OVRPL,678,ok,11.3575703127,13
OVRPL,679,ok,11.5756367910,11
OVRPL,680,ok,11.8236648733,13
OVRPL,681,ok,10.6098782739,13
OVRPL,682,ok,11.6448970785,14
OVRPL,683,ok,10.2877132778,11
OVRPL,684,ok,11.1581330355,11
OVRPL,685,ok,10.4896592850,12
OVRPL,686,ok,12.1034047939,14
OVRPL,687,ok,10.8700242123,12
OVRPL,688,ok,11.0657971492,13
OVRPL,689,ok,11.2528783509,11
OVRPL,690,ok,10.9247619085,14
OVRPL,691,ok,12.4649005766,13
OVRPL,692,ok,9.6644950176,13
OVRPL,693,ok,10.9903904041,12
OVRPL,694,ok,10.4535043793,13
OVRPL,695,ok,10.1087291146,12
OVRPL,696,ok,11.2567113482,14
OVRPL,697,ok,12.0335639772,13
OVRPL,698,ok,9.6740313469,12
OVRPL,699,ok,11.1659296356,12
OVRPL,700,ok,12.0957914848,13
OVRPL,701,ok,11.2730050198,13
OVRPL,702,ok,11.0064649982,12
OVRPL,703,ok,10.7715028761,12
OVRPL,704,ok,11.8655535569,12
OVRPL,705,ok,12.3198647438,13
OVRPL,706,ok,12.0414834216,13
OVRPL,707,ok,10.6186750959,14
OVRPL,708,ok,12.8435362973,13
OVRPL,709,ok,10.7409382590,12
OVRPL,710,ok,10.0639915789,12
OVRPL,711,ok,12.1772495779,15
OVRPL,712,ok,12.9202524502,14
OVRPL,713,ok,10.4025733376,13
OVRPL,714,ok,11.2867412194,14
OVRPL,715,ok,10.7748299236,13
OVRPL,716,ok,12.3206236487,12
OVRPL,717,ok,10.5030903679,12
OVRPL,718,ok,11.8720636035,11
OVRPL,719,ok,11.6167964243,13
OVRPL,720,ok,10.3809385870,14
OVRPL,721,ok,12.6381759364,13
OVRPL,722,ok,11.3879196983,13
OVRPL,723,ok,14.1158785425,12
OVRPL,724,ok,10.0670857627,14
OVRPL,725,ok,10.2711074025,13
OVRPL,726,ok,10.4391433848,11
OVRPL,727,ok,12.1725501313,12
OVRPL,728,ok,9.8227736077,15
OVRPL,729,ok,12.2132889173,13
OVRPL,730,ok,13.2637610403,11
OVRPL,731,ok,11.3502164656,12
OVRPL,732,ok,11.6059788039,12
OVRPL,733,ok,9.7036729296,15
OVRPL,734,ok,13.2521190637,12
OVRPL,735,ok,9.9192879975,12
OVRPL,736,ok,13.5383167648,12
OVRPL,737,ok,9.7815948104,15
OVRPL,738,ok,10.4291390904,10
OVRPL,739,ok,10.7235166863,13
OVRPL,740,ok,11.5478606242,13
OVRPL,741,ok,9.9831909879,12
OVRPL,742,ok,12.9076148635,12
OVRPL,743,ok,12.1935288183,13
OVRPL,744,ok,12.2971721962,13
OVRPL,745,ok,10.5091983940,14
OVRPL,746,ok,12.2214989317,14
OVRPL,747,ok,10.5075076755,14
OVRPL,748,ok,11.4746404100,12
OVRPL,749,ok,12.3243515258,12
OVRPL,750,ok,13.1007510253,12
OVRPL,751,ok,12.6092097071,12
OVRPL,752,ok,11.1653911478,14
OVRPL,753,ok,12.1342082097,12
OVRPL,754,ok,10.3432505779,12
OVRPL,755,ok,10.4415144990,15
OVRPL,756,ok,10.9204223169,12
OVRPL,757,ok,12.1292160125,13
OVRPL,758,ok,11.7218719555,15
OVRPL,759,ok,10.8704131131,13
OVRPL,760,ok,9.9728028898,14
OVRPL,761,ok,10.7434076921,13
OVRPL,762,ok,12.6860664747,14
OVRPL,763,ok,11.0060583149,11
OVRPL,764,ok,11.3795478583,13
OVRPL,765,ok,9.7754565783,12
OVRPL,766,ok,10.2653102307,12
OVRPL,767,ok,10.6311308058,13
OVRPL,768,ok,11.3799620698,14
OVRPL,769,ok,12.7219379074,11
OVRPL,770,ok,10.1009495368,13
OVRPL,771,ok,12.2645557975,13
OVRPL,772,ok,12.2009386637,13
OVRPL,773,ok,10.7382915316,13
OVRPL,774,ok,10.4135966175,14
OVRPL,775,ok,11.3200879757,14
OVRPL,776,ok,10.6862075429,13
OVRPL,777,ok,10.9242620746,12
OVRPL,778,ok,9.5902064454,11
OVRPL,779,ok,11.3459048226,14
OVRPL,780,ok,12.9574311711,13
OVRPL,781,ok,12.1582915744,15
OVRPL,782,ok,10.4979439759,12
OVRPL,783,ok,12.0561635834,16
OVRPL,784,ok,10.6421408231,13
OVRPL,785,ok,13.1686274231,14
OVRPL,786,ok,12.6400775561,13
OVRPL,787,ok,12.0784219217,14
OVRPL,788,ok,10.7524134190,10
OVRPL,789,ok,11.7593692656,13
OVRPL,790,ok,9.9859515315,13
OVRPL,791,ok,12.6537286015,14
OVRPL,792,ok,9.7571182496,14
OVRPL,793,ok,11.4266775248,12
OVRPL,794,ok,10.2653663031,12
OVRPL,795,ok,10.9887491023,13
OVRPL,796,ok,10.3575594758,13
OVRPL,797,ok,12.5435505093,14
OVRPL,798,ok,10.3712401855,12
OVRPL,799,ok,11.6815591385,11
OVRPL,800,ok,12.0872066165,13
OVRPL,801,ok,10.2031807492,12
OVRPL,802,ok,10.5722981463,12
OVRPL,803,ok,10.3784995622,13
OVRPL,804,ok,12.1377530118,13
OVRPL,805,ok,11.1108308932,15
OVRPL,806,ok,10.3886541505,14
OVRPL,807,ok,10.5993931957,12
OVRPL,808,ok,11.3564503896,12
OVRPL,809,ok,9.9591936040,13
OVRPL,810,ok,10.4532240913,12
OVRPL,811,ok,9.7626132600,12
OVRPL,812,ok,11.3341984831,11
OVRPL,813,ok,11.3660633519,11
OVRPL,814,ok,11.4550807164,11
OVRPL,815,ok,11.2276604120,11
OVRPL,816,ok,9.8796184505,13
OVRPL,817,ok,11.0115406778,14
OVRPL,818,ok,12.2188944820,14
OVRPL,819,ok,11.4465402989,13
OVRPL,820,ok,10.0051349913,14
OVRPL,821,ok,11.9835229606,13
OVRPL,822,ok,12.1065345769,12
OVRPL,823,ok,11.0661237109,14
OVRPL,824,ok,10.2351664671,16
OVRPL,825,ok,11.9070766807,13
OVRPL,826,ok,13.2930337890,13
OVRPL,827,ok,9.5951480225,14
OVRPL,828,ok,11.5310728602,16
OVRPL,829,ok,11.5337049709,15
OVRPL,830,ok,11.4813219570,13
OVRPL,831,ok,11.2212525726,13
OVRPL,832,ok,9.0972187002,12
OVRPL,833,ok,9.7712248862,13
OVRPL,834,ok,11.6583551731,13
OVRPL,835,ok,10.2227881928,13
OVRPL,836,ok,9.9960881796,13
OVRPL,837,ok,11.1458532959,15
OVRPL,838,ok,11.0264696590,13
OVRPL,839,ok,11.1155926590,12
OVRPL,840,ok,10.2775038966,12
OVRPL,841,ok,10.8873592171,12
OVRPL,842,ok,11.5998054909,13
OVRPL,843,ok,11.1708103308,12
OVRPL,844,ok,10.8875205201,14
OVRPL,845,ok,11.8109815719,12
OVRPL,846,ok,10.5940817959,12
OVRPL,847,ok,11.1203718246,12
OVRPL,848,ok,10.5396356777,13
OVRPL,849,ok,11.0132275435,14
OVRPL,850,ok,11.8095075943,13
OVRPL,851,ok,9.8971546544,14
OVRPL,852,ok,10.6256962531,15
OVRPL,853,ok,12.2936179913,14
OVRPL,854,ok,10.3120123092,15
OVRPL,855,ok,10.1502206674,13
OVRPL,856,ok,10.7268589898,12
OVRPL,857,ok,11.4149072041,14
OVRPL,858,ok,10.4454458696,12
OVRPL,859,ok,11.7827223555,12
OVRPL,860,ok,10.4288602711,11
OVRPL,861,ok,12.7257555513,11
OVRPL,862,ok,10.6620649283,14
OVRPL,863,ok,11.2900646664,13
OVRPL,864,ok,11.4350486652,15
OVRPL,865,ok,11.1410124653,14
OVRPL,866,ok,10.6228520191,14
OVRPL,867,ok,12.3671565055,16
OVRPL,868,ok,11.5175599192,12
OVRPL,869,ok,11.4379621534,12
OVRPL,870,ok,10.9055992423,14
OVRPL,871,ok,11.6871442230,12
OVRPL,872,ok,11.4606022218,12
OVRPL,873,ok,9.8329937140,13
OVRPL,874,ok,10.2892286995,13
OVRPL,875,ok,11.9461479277,12
OVRPL,876,ok,10.5914101157,11
OVRPL,877,ok,11.6540251977,12
OVRPL,878,ok,10.2749582144,13
OVRPL,879,ok,10.9478209896,13
OVRPL,880,ok,9.9486693596,13
OVRPL,881,ok,10.0089699131,13
OVRPL,882,ok,12.3572080192,14
OVRPL,883,ok,11.7075362377,13
OVRPL,884,ok,11.7164212290,12
OVRPL,885,ok,11.3548395800,12
OVRPL,886,ok,12.2858082737,13
OVRPL,887,ok,10.9659847567,12
OVRPL,888,ok,11.3767489624,13
OVRPL,889,ok,10.8419188189,13
OVRPL,890,ok,13.0432121226,13
OVRPL,891,ok,11.5399414418,15
OVRPL,892,ok,11.1490342794,14
OVRPL,893,ok,10.6607711790,14
OVRPL,894,ok,9.6133428933,14
OVRPL,895,ok,10.7217809176,15
OVRPL,896,ok,11.6429976119,13
OVRPL,897,ok,10.0190345286,13
OVRPL,898,ok,10.5519046471,11
OVRPL,899,ok,11.2679359594,11
OVRPL,900,ok,11.4739501299,13
OVRPL,901,ok,12.0167558314,13
OVRPL,902,ok,10.3953541788,13
OVRPL,903,ok,11.4609821991,13
OVRPL,904,ok,12.7096320452,14
OVRPL,905,ok,10.5663803625,11
OVRPL,906,ok,9.8244382368,13
OVRPL,907,ok,12.4053838029,11
OVRPL,908,ok,9.7049363724,12
OVRPL,909,ok,10.7210403192,12
OVRPL,910,ok,11.4703048811,13
OVRPL,911,ok,9.5663434192,12
OVRPL,912,ok,10.9783520679,12
OVRPL,913,ok,11.9149719692,13
OVRPL,914,ok,12.3602825112,12
OVRPL,915,ok,13.1266032996,13
OVRPL,916,ok,10.2478080204,14
OVRPL,917,ok,11.8709979895,13
OVRPL,918,ok,10.6081017929,12
OVRPL,919,ok,10.7633499504,12
OVRPL,920,ok,11.2347730101,14
OVRPL,921,ok,11.7207299309,13
OVRPL,922,ok,11.0485377903,14
OVRPL,923,ok,11.1445190478,13
OVRPL,924,ok,11.1442248741,13
OVRPL,925,ok,11.0486292019,16
OVRPL,926,ok,10.8973385758,12
OVRPL,927,ok,12.0150275258,12
OVRPL,928,ok,11.1832522325,12
OVRPL,929,ok,10.0587018337,13
OVRPL,930,ok,12.1679943103,12
OVRPL,931,ok,11.5297485463,14
OVRPL,932,ok,10.5050271234,15
OVRPL,933,ok,10.9954032446,14
OVRPL,934,ok,10.8787547191,11
OVRPL,935,ok,11.5789681337,12
OVRPL,936,ok,11.8952413078,15
OVRPL,937,ok,11.5984899259,13
OVRPL,938,ok,12.5436960128,11
OVRPL,939,ok,10.8986232001,14
OVRPL,940,ok,12.2544934979,12
OVRPL,941,ok,12.3433050502,12
OVRPL,942,ok,11.0261810813,13
OVRPL,943,ok,11.8282050726,13
OVRPL,944,ok,12.1651418977,13
OVRPL,945,ok,10.8400359835,14
OVRPL,946,ok,12.3783423328,13
OVRPL,947,ok,10.1122086313,12
OVRPL,948,ok,11.3756263961,11
OVRPL,949,ok,9.5579491655,13
OVRPL,950,ok,12.7596436354,14
OVRPL,951,ok,12.9962221568,14
OVRPL,952,ok,13.4233957147,16
OVRPL,953,ok,11.0867402868,13
OVRPL,954,ok,12.0222501478,13
OVRPL,955,ok,9.5551964569,12
OVRPL,956,ok,11.8370886011,13
OVRPL,957,ok,11.1920947156,13
OVRPL,958,ok,11.1145446187,12
OVRPL,959,ok,11.0139630527,12
OVRPL,960,ok,9.6025590228,13
OVRPL,961,ok,11.9199072260,11
OVRPL,962,ok,10.4245987450,13
OVRPL,963,ok,12.8503792463,13
OVRPL,964,ok,11.3794299842,11
OVRPL,965,ok,11.5703844359,13
OVRPL,966,ok,10.9071584201,13
OVRPL,967,ok,10.1848478114,12
OVRPL,968,ok,10.4549720425,12
OVRPL,969,ok,10.7840191643,13
OVRPL,970,ok,11.7737345889,13
OVRPL,971,ok,10.1924850741,13
OVRPL,972,ok,11.8057934480,12
OVRPL,973,ok,10.5946362539,13
OVRPL,974,ok,10.7515170927,15
OVRPL,975,ok,10.4172956119,14
OVRPL,976,ok,9.7090038379,14
OVRPL,977,ok,10.5190935260,13
OVRPL,978,ok,11.7054751519,13
OVRPL,979,ok,10.2671764505,13
OVRPL,980,ok,9.9691284257,11
OVRPL,981,ok,10.2086610976,14
OVRPL,982,ok,11.4999436752,11
OVRPL,983,ok,9.9923095175,10
OVRPL,984,ok,12.0400545187,13
OVRPL,985,ok,9.3960572298,13
OVRPL,986,ok,12.5776764014,13
OVRPL,987,ok,12.3112020097,15
OVRPL,988,ok,13.0759777982,12
OVRPL,989,ok,11.1556878891,13
OVRPL,990,ok,11.0702670032,13
OVRPL,991,ok,11.5089662058,14
OVRPL,992,ok,10.7114295799,11
OVRPL,993,ok,12.5331209336,12
OVRPL,994,ok,11.3073968283,12
OVRPL,995,ok,10.0292421635,11
OVRPL,996,ok,11.7155841387,13
OVRPL,997,ok,10.4852402191,13
OVRPL,998,ok,11.0300736433,11
OVRPL,999,ok,11.0407985614,14
VRPBL,0,ok,11.7046975099,6
VRPBL,1,ok,12.7264825178,8
VRPBL,2,ok,11.8632524778,6
VRPBL,3,ok,12.2288613873,7
VRPBL,4,ok,13.3571891803,7
VRPBL,5,ok,13.7686892523,6
VRPBL,6,ok,10.6242715855,7
VRPBL,7,ok,9.7756994932,6
VRPBL,8,ok,11.5571094778,7
VRPBL,9,ok,11.8796615816,6
VRPBL,10,ok,10.7769847328,6
VRPBL,11,ok,11.6696258472,7
VRPBL,12,ok,10.6402137027,6
VRPBL,13,ok,14.2901865138,7
VRPBL,14,ok,12.4616257471,6
VRPBL,15,ok,14.3442873078,7
VRPBL,16,ok,12.3244332337,7
VRPBL,17,ok,11.2809101109,6
VRPBL,18,ok,11.2532634188,7
VRPBL,19,ok,11.0508422076,8
VRPBL,20,ok,14.4698989791,7
VRPBL,21,ok,12.9648835560,8
VRPBL,22,ok,11.2443995161,7
VRPBL,23,ok,10.5393364481,6
VRPBL,24,ok,11.2355028045,7
VRPBL,25,ok,11.0196493352,6
VRPBL,26,ok,13.1889616247,7
VRPBL,27,ok,15.1583529052,7
VRPBL,28,ok,11.8418784434,7
VRPBL,29,ok,11.4539745547,7
VRPBL,30,ok,11.6688709745,6
VRPBL,31,ok,13.5218271663,6
VRPBL,32,ok,13.4058266292,7
VRPBL,33,ok,13.1184735998,7
VRPBL,34,ok,11.7647350872,7
VRPBL,35,ok,10.9830079639,6
VRPBL,36,ok,11.6065037484,7
VRPBL,37,ok,12.0358566428,6
VRPBL,38,ok,11.2817288105,6
VRPBL,39,ok,13.8794353936,8
VRPBL,40,ok,12.5832660127,7
VRPBL,41,ok,11.7581309571,7
VRPBL,42,ok,12.3079111699,8
VRPBL,43,ok,13.4949601238,8
VRPBL,44,ok,13.9770553291,6
VRPBL,45,ok,12.7024311108,6
VRPBL,46,ok,11.4110675828,6
VRPBL,47,ok,11.1363345744,7
VRPBL,48,ok,14.3615699105,6
VRPBL,49,ok,12.8442375372,7
VRPBL,50,ok,14.1544462590,7
VRPBL,51,ok,14.4507709533,6
VRPBL,52,ok,13.4488097408,7
VRPBL,53,ok,11.0714567910,6
VRPBL,54,ok,11.5996729890,7
VRPBL,55,ok,13.5555378684,7
VRPBL,56,ok,11.3794832892,7
VRPBL,57,ok,14.0887291868,7
VRPBL,58,ok,12.0808661860,6
VRPBL,59,ok,12.4955082173,6
VRPBL,60,ok,11.6509012860,6
VRPBL,61,ok,12.0078541041,6
VRPBL,62,ok,11.9310342355,7
VRPBL,63,ok,12.1262172176,7
VRPBL,64,ok,13.6017288955,7
VRPBL,65,ok,13.1529492024,7
VRPBL,66,ok,11.6357110884,6
VRPBL,67,ok,12.4119524451,6
VRPBL,68,ok,14.2256303843,7
VRPBL,69,ok,11.3167147747,6
VRPBL,70,ok,15.8611251433,7
VRPBL,71,ok,11.8506806198,6
VRPBL,72,ok,10.2949884613,7
VRPBL,73,ok,14.0884839394,7
VRPBL,74,ok,14.1525971310,6
VRPBL,75,ok,12.1202771737,7
VRPBL,76,ok,14.2328978941,8
VRPBL,77,ok,11.7587945146,7
VRPBL,78,ok,10.6308130582,6
VRPBL,79,ok,11.0759908858,7
VRPBL,80,ok,12.3144083419,6
VRPBL,81,ok,13.3614283635,7
VRPBL,82,ok,12.9519785968,7
VRPBL,83,ok,12.7699413064,7
VRPBL,84,ok,12.7340728196,7
VRPBL,85,ok,11.8495338999,7
VRPBL,86,ok,11.1024733678,6
VRPBL,87,ok,13.0094879360,7
VRPBL,88,ok,11.2062746667,6
VRPBL,89,ok,14.0350924852,7
VRPBL,90,ok,10.8446228680,6
VRPBL,91,ok,12.9985370594,7
VRPBL,92,ok,12.4471554298,7
VRPBL,93,ok,11.4980124298,7
VRPBL,94,ok,10.8598203706,7
VRPBL,95,ok,11.2925040975,7
VRPBL,96,ok,11.2719144014,8
VRPBL,97,ok,12.4149034344,7
VRPBL,98,ok,11.8117130163,8
VRPBL,99,ok,12.6873290184,7
VRPBL,100,ok,11.4364348461,6
VRPBL,101,ok,10.9968443306,7
VRPBL,102,ok,13.2473875951,7
VRPBL,103,ok,12.4972707256,7
VRPBL,104,ok,12.9827594528,8
VRPBL,105,ok,12.2371761449,7
VRPBL,106,ok,11.0737746622,7
VRPBL,107,ok,11.6370609004,7
VRPBL,108,ok,13.1983592026,8
VRPBL,109,ok,13.3162208822,7
VRPBL,110,ok,15.6222374327,7
VRPBL,111,ok,12.0505611862,6
VRPBL,112,ok,14.5182757337,7
VRPBL,113,ok,13.0323199254,7
VRPBL,114,ok,12.2407047137,7
VRPBL,115,ok,10.5872320023,8
VRPBL,116,ok,12.6728746069,7
VRPBL,117,ok,12.4389318663,7
VRPBL,118,ok,16.0960581322,7
VRPBL,119,ok,12.0976475043,6
VRPBL,120,ok,14.2297087027,9
VRPBL,121,ok,14.6079362500,7
VRPBL,122,ok,13.0002403015,7
VRPBL,123,ok,12.6623031492,8
VRPBL,124,ok,12.5922265476,7
VRPBL,125,ok,14.1744335226,7
VRPBL,126,ok,11.5475890048,6
VRPBL,127,ok,11.5589514314,7
VRPBL,128,ok,13.7645584335,7
VRPBL,129,ok,11.2897272019,6
VRPBL,130,ok,11.4847268539,7
VRPBL,131,ok,10.7900988818,7
VRPBL,132,ok,11.7757557601,7
VRPBL,133,ok,14.0898912476,6
VRPBL,134,ok,12.4302725834,7
VRPBL,135,ok,12.4362452406,7
VRPBL,136,ok,11.4039942310,7
VRPBL,137,ok,13.0405079804,6
VRPBL,138,ok,11.6884246069,6
VRPBL,139,ok,11.0557724602,7
VRPBL,140,ok,13.7578411575,8
VRPBL,141,ok,11.6125480641,7
VRPBL,142,ok,11.8605660622,6
VRPBL,143,ok,11.1067426728,7
VRPBL,144,ok,11.5275271353,7
VRPBL,145,ok,13.8581731648,7
VRPBL,146,ok,11.3049438007,7
VRPBL,147,ok,10.5082601264,7
VRPBL,148,ok,12.7432435401,6
VRPBL,149,ok,12.2658487777,7
VRPBL,150,ok,11.9552402744,7
VRPBL,151,ok,13.8319597858,6
VRPBL,152,ok,15.0089824703,7
VRPBL,153,ok,12.6817332588,7
VRPBL,154,ok,12.7787258436,7
VRPBL,155,ok,10.2410772055,7
VRPBL,156,ok,12.7315696130,7
VRPBL,157,ok,12.6961505181,7
VRPBL,158,ok,13.5215003863,7
VRPBL,159,ok,11.7816628952,7
VRPBL,160,ok,12.7186948617,7
VRPBL,161,ok,14.0052156836,6
VRPBL,162,ok,17.8179658684,8
VRPBL,163,ok,12.7494011999,7
VRPBL,164,ok,13.1611381192,7
VRPBL,165,ok,13.6362578021,7
VRPBL,166,ok,12.9422929563,7
VRPBL,167,ok,13.5269496936,7
VRPBL,168,ok,11.9012550974,7
VRPBL,169,ok,11.7156307284,6
VRPBL,170,ok,13.7793322311,8
VRPBL,171,ok,10.8923910206,6
VRPBL,172,ok,10.7260572202,6
VRPBL,173,ok,11.1475734594,5
VRPBL,174,ok,10.8059169205,6
VRPBL,175,ok,10.3148379344,6
VRPBL,176,ok,10.5945340130,6
VRPBL,177,ok,11.4705112713,6
VRPBL,178,ok,12.9993253863,7
VRPBL,179,ok,12.0952595770,7
VRPBL,180,ok,12.3722809573,7
VRPBL,181,ok,15.4117475605,8
VRPBL,182,ok,11.9605882424,6
VRPBL,183,ok,13.5061981350,6
VRPBL,184,ok,13.7421786386,7
VRPBL,185,ok,11.2795419206,6
VRPBL,186,ok,10.8028033102,6
VRPBL,187,ok,12.1174847755,7
VRPBL,188,ok,11.9893737553,8
VRPBL,189,ok,11.5714260751,7
VRPBL,190,ok,15.6975290337,6
VRPBL,191,ok,13.6778386298,7
VRPBL,192,ok,11.4192971812,6
VRPBL,193,ok,12.0056852132,7
VRPBL,194,ok,13.5667894999,8
VRPBL,195,ok,11.5868983263,7
VRPBL,196,ok,11.9100358785,7
VRPBL,197,ok,11.8936673047,7
VRPBL,198,ok,11.5456791087,7
VRPBL,199,ok,12.2043477838,6
VRPBL,200,ok,13.0493223988,6
VRPBL,201,ok,10.7475187207,6
VRPBL,202,ok,12.9554292316,7
VRPBL,203,ok,15.4711050535,7
VRPBL,204,ok,11.3033737683,6
VRPBL,205,ok,11.9086349091,6
VRPBL,206,ok,10.6259759398,7
VRPBL,207,ok,11.0803993228,7
VRPBL,208,ok,11.2881678161,6
VRPBL,209,ok,12.8969822903,6
VRPBL,210,ok,12.0459762743,7
VRPBL,211,ok,13.8124180872,6
VRPBL,212,ok,13.4380495806,7
VRPBL,213,ok,16.0545281153,7
VRPBL,214,ok,10.6551126987,6
VRPBL,215,ok,14.1674611563,7
VRPBL,216,ok,12.6562686834,6
VRPBL,217,ok,14.1080167269,7
VRPBL,218,ok,13.0364102335,7
VRPBL,219,ok,11.7109687884,6
VRPBL,220,ok,11.2285849116,6
VRPBL,221,ok,12.3078556455,7
VRPBL,222,ok,13.9867399552,7
VRPBL,223,ok,11.7618088713,6
VRPBL,224,ok,15.5249919713,9
VRPBL,225,ok,11.3788293642,7
VRPBL,226,ok,12.5930057479,6
VRPBL,227,ok,13.3456412866,6
VRPBL,228,ok,13.3341530050,8
VRPBL,229,ok,12.1138265007,6
VRPBL,230,ok,12.9309990533,7
VRPBL,231,ok,12.6469824936,6
VRPBL,232,ok,12.3403410475,7
VRPBL,233,ok,13.4128168665,7
VRPBL,234,ok,12.7994205099,7
VRPBL,235,ok,13.0194551618,7
VRPBL,236,ok,11.8710570546,7
VRPBL,237,ok,13.6646108351,7
VRPBL,238,ok,10.6366613619,6
VRPBL,239,ok,12.5954690843,8
VRPBL,240,ok,11.7771901589,7
VRPBL,241,ok,17.4740395893,8
VRPBL,242,ok,12.8127913849,7
VRPBL,243,ok,10.1461898849,7
VRPBL,244,ok,11.0301243048,6
VRPBL,245,ok,11.3756013810,7
VRPBL,246,ok,10.9188408486,6
VRPBL,247,ok,13.0941805675,7
VRPBL,248,ok,13.2048279779,7
VRPBL,249,ok,14.1232169684,7
VRPBL,250,ok,12.4302119600,7
VRPBL,251,ok,12.7315575332,7
VRPBL,252,ok,13.2731255321,6
VRPBL,253,ok,10.9084387462,6
VRPBL,254,ok,10.6545425269,7
VRPBL,255,ok,11.9312733658,7
VRPBL,256,ok,11.6157982263,7
VRPBL,257,ok,16.0532751352,8
VRPBL,258,ok,12.5256381579,6
VRPBL,259,ok,12.0464184538,7
VRPBL,260,ok,13.3504016964,6
VRPBL,261,ok,11.5823166244,7
VRPBL,262,ok,12.6297939382,6
VRPBL,263,ok,14.3970227742,7
VRPBL,264,ok,11.8222362810,7
VRPBL,265,ok,12.8755567616,7
VRPBL,266,ok,10.1049445595,6
VRPBL,267,ok,13.1850400444,8
VRPBL,268,ok,11.8672936703,7
VRPBL,269,ok,11.0854706115,7
VRPBL,270,ok,12.6527688425,7
VRPBL,271,ok,14.0507435945,7
VRPBL,272,ok,12.0383298883,7
VRPBL,273,ok,10.2641014262,8
VRPBL,274,ok,12.0346777388,7
VRPBL,275,ok,11.8033331364,7
VRPBL,276,ok,13.6275808569,7
VRPBL,277,ok,14.5764160987,7
VRPBL,278,ok,13.8329733338,7
VRPBL,279,ok,12.2524437887,7
VRPBL,280,ok,11.6103703801,8
VRPBL,281,ok,13.8930296090,7
VRPBL,282,ok,11.4711093687,6
VRPBL,283,ok,10.3534476025,7
VRPBL,284,ok,11.6095369459,7
VRPBL,285,ok,11.9038209345,7
VRPBL,286,ok,12.1317763418,7
VRPBL,287,ok,11.1355748291,6
VRPBL,288,ok,14.1829225457,7
VRPBL,289,ok,11.1653747432,7
VRPBL,290,ok,12.5989376659,7
VRPBL,291,ok,13.6477870571,7
VRPBL,292,ok,15.0877426141,8
VRPBL,293,ok,11.7858183458,7
VRPBL,294,ok,10.2123567336,6
VRPBL,295,ok,11.6757541991,7
VRPBL,296,ok,10.7528945668,7
VRPBL,297,ok,13.1226728091,8
VRPBL,298,ok,14.9378443467,7
VRPBL,299,ok,12.4387701495,7
VRPBL,300,ok,13.2312521910,7
VRPBL,301,ok,11.7515862509,7
VRPBL,302,ok,13.6354338970,8
VRPBL,303,ok,11.9696250666,8
VRPBL,304,ok,11.5611349464,7
VRPBL,305,ok,11.3243368479,7
VRPBL,306,ok,11.0855751804,6
VRPBL,307,ok,12.1276271914,6
VRPBL,308,ok,13.7202220529,7
VRPBL,309,ok,15.5999987994,8
VRPBL,310,ok,14.8342025703,8
VRPBL,311,ok,12.7877920211,7
VRPBL,312,ok,12.8136776883,6
VRPBL,313,ok,11.4217086358,8
VRPBL,314,ok,11.9271459951,7
VRPBL,315,ok,11.2373045131,7
VRPBL,316,ok,12.5268379145,7
VRPBL,317,ok,12.8784358478,7
VRPBL,318,ok,13.6242198939,7
VRPBL,319,ok,13.1063940893,7
VRPBL,320,ok,11.5136871692,6
VRPBL,321,ok,11.0485102170,6
VRPBL,322,ok,14.8500237637,7
VRPBL,323,ok,11.1908152540,7
VRPBL,324,ok,13.0176973460,7
VRPBL,325,ok,13.4645456977,8
VRPBL,326,ok,11.1450259809,6
VRPBL,327,ok,11.8358676825,7
VRPBL,328,ok,12.6159525029,8
VRPBL,329,ok,13.6896287465,8
VRPBL,330,ok,13.4853821424,7
VRPBL,331,ok,15.3069832637,7
VRPBL,332,ok,12.2576277954,7
VRPBL,333,ok,11.6635217737,7
VRPBL,334,ok,12.4401607083,6
VRPBL,335,ok,10.8393163962,8
VRPBL,336,ok,14.5388366378,7
VRPBL,337,ok,11.1942733802,7
VRPBL,338,ok,14.7788731343,8
VRPBL,339,ok,12.5767337023,7
VRPBL,340,ok,14.6017547579,7
VRPBL,341,ok,12.6036794002,7
VRPBL,342,ok,13.7108883924,7
VRPBL,343,ok,14.1582137762,6
VRPBL,344,ok,9.9044174359,7
VRPBL,345,ok,11.2041655245,7
VRPBL,346,ok,12.7902571960,8
VRPBL,347,ok,14.4012413416,7
VRPBL,348,ok,11.8524801607,6
VRPBL,349,ok,12.9428315181,7
VRPBL,350,ok,17.6192200031,8
VRPBL,351,ok,13.3281515923,7
VRPBL,352,ok,11.4553760331,7
VRPBL,353,ok,11.7505800694,7
VRPBL,354,ok,13.3561945725,6
VRPBL,355,ok,11.8713125452,7
VRPBL,356,ok,13.3718823012,8
VRPBL,357,ok,12.9959921966,7
VRPBL,358,ok,12.9230700292,7
VRPBL,359,ok,14.1423115692,7
VRPBL,360,ok,10.2154857352,6
VRPBL,361,ok,11.5589655180,7
VRPBL,362,ok,12.7829809461,6
VRPBL,363,ok,11.2749229500,7
VRPBL,364,ok,12.8412365406,7
VRPBL,365,ok,11.2435553099,7
VRPBL,366,ok,11.0639473512,7
VRPBL,367,ok,10.3080043480,6
VRPBL,368,ok,13.7853608198,5
VRPBL,369,ok,13.6864734217,7
VRPBL,370,ok,14.3189385904,7
VRPBL,371,ok,12.2801295425,7
VRPBL,372,ok,14.7519141927,7
VRPBL,373,ok,11.8718576856,7
VRPBL,374,ok,12.9529370851,6
VRPBL,375,ok,12.9106603571,8
VRPBL,376,ok,13.9531215760,8
VRPBL,377,ok,14.2657517967,7
VRPBL,378,ok,13.0713990109,6
VRPBL,379,ok,13.8082104262,6
VRPBL,380,ok,11.8366932667,7
VRPBL,381,ok,12.5819714938,7
VRPBL,382,ok,11.8623283513,7
VRPBL,383,ok,11.2943036660,7
VRPBL,384,ok,11.3372961760,6
VRPBL,385,ok,12.4066631482,7
VRPBL,386,ok,15.5688450690,7
VRPBL,387,ok,15.0076762808,7
VRPBL,388,ok,15.5163536515,7
VRPBL,389,ok,16.9422712725,8
VRPBL,390,ok,13.1433864610,7
VRPBL,391,ok,12.9937063122,7
VRPBL,392,ok,14.5195955803,8
VRPBL,393,ok,13.1697582551,7
VRPBL,394,ok,13.4299874058,7
VRPBL,395,ok,12.1157273183,8
VRPBL,396,ok,12.6509009851,7
VRPBL,397,ok,11.6015008655,6
VRPBL,398,ok,12.0449810441,8
VRPBL,399,ok,13.6574990624,7
VRPBL,400,ok,14.2257434596,7
VRPBL,401,ok,11.9329319238,6
VRPBL,402,ok,14.1972765588,7
VRPBL,403,ok,12.9268736099,7
VRPBL,404,ok,14.4263007649,7
VRPBL,405,ok,12.9994506972,7
VRPBL,406,ok,12.0669380846,8
VRPBL,407,ok,10.6250890605,6
VRPBL,408,ok,11.8192470610,7
VRPBL,409,ok,11.5468346388,6
VRPBL,410,ok,12.4742833495,7
VRPBL,411,ok,13.9861649575,6
VRPBL,412,ok,12.0501847889,9
VRPBL,413,ok,12.8953913676,8
VRPBL,414,ok,10.5580478079,7
VRPBL,415,ok,14.2782545482,7
VRPBL,416,ok,13.9658803061,8
VRPBL,417,ok,12.5043310376,7
VRPBL,418,ok,13.4205608501,6
VRPBL,419,ok,11.0826119039,6
VRPBL,420,ok,13.7281823602,7
VRPBL,421,ok,13.4072328683,6
VRPBL,422,ok,12.6592102771,8
VRPBL,423,ok,13.3991287956,7
VRPBL,424,ok,14.5842034517,7
VRPBL,425,ok,11.6384720402,5
VRPBL,426,ok,10.0371845106,6
VRPBL,427,ok,10.7100857732,6
VRPBL,428,ok,15.3654113780,7
VRPBL,429,ok,11.7487324700,7
VRPBL,430,ok,13.2210250071,7
VRPBL,431,ok,11.4185178866,6
VRPBL,432,ok,11.2461479238,8
VRPBL,433,ok,13.7542396386,7
VRPBL,434,ok,12.6655389273,8
VRPBL,435,ok,11.3105080542,6
VRPBL,436,ok,10.9379307145,7
VRPBL,437,ok,13.4512029202,7
VRPBL,438,ok,11.4643704697,9
VRPBL,439,ok,14.4470871312,7
VRPBL,440,ok,10.6904758069,7
VRPBL,441,ok,14.1777740698,7
VRPBL,442,ok,11.6446820413,6
VRPBL,443,ok,13.5339145277,6
VRPBL,444,ok,11.4233166974,7
VRPBL,445,ok,13.6213272256,7
VRPBL,446,ok,12.4945164050,7
VRPBL,447,ok,13.9641995299,7
VRPBL,448,ok,13.3146668130,7
VRPBL,449,ok,12.9229705032,7
VRPBL,450,ok,10.7301382832,7
VRPBL,451,ok,11.2884178286,6
VRPBL,452,ok,12.1510436223,7
VRPBL,453,ok,11.7531791959,6
VRPBL,454,ok,12.5857364431,8
VRPBL,455,ok,12.8147803633,6
VRPBL,456,ok,12.2268463910,6
VRPBL,457,ok,11.4837182656,8
VRPBL,458,ok,12.1714697145,7
VRPBL,459,ok,11.4475032928,6
VRPBL,460,ok,10.1235430502,7
VRPBL,461,ok,14.0050172182,7
VRPBL,462,ok,10.1397344044,5
VRPBL,463,ok,13.1635881034,7
VRPBL,464,ok,12.5944837679,8
VRPBL,465,ok,11.1293992105,6
VRPBL,466,ok,13.8142870658,7
VRPBL,467,ok,11.8283948109,7
VRPBL,468,ok,13.1826349218,6
VRPBL,469,ok,17.2767914730,8
VRPBL,470,ok,13.4839463874,6
VRPBL,471,ok,13.4269281447,7
VRPBL,472,ok,12.1334104435,7
VRPBL,473,ok,15.4529889778,7
VRPBL,474,ok,10.9991548026,7
VRPBL,475,ok,13.0668753603,8
VRPBL,476,ok,13.9581293776,7
VRPBL,477,ok,11.6968194240,6
VRPBL,478,ok,10.0201547548,5
VRPBL,479,ok,11.8965213899,7
VRPBL,480,ok,11.7009728792,7
VRPBL,481,ok,12.0446512315,7
VRPBL,482,ok,13.0966616215,7
VRPBL,483,ok,12.0759856441,7
VRPBL,484,ok,11.3886825516,6
VRPBL,485,ok,14.4951165257,7
VRPBL,486,ok,14.0425997978,8
VRPBL,487,ok,13.8873283089,8
VRPBL,488,ok,13.3936732117,6
VRPBL,489,ok,11.4047227456,7
VRPBL,490,ok,13.3013627274,6
VRPBL,491,ok,11.1094592589,7
VRPBL,492,ok,11.8678306921,8
VRPBL,493,ok,10.5607998522,8
VRPBL,494,ok,13.5649697128,7
VRPBL,495,ok,13.9058926124,6
VRPBL,496,ok,12.2656009062,6
VRPBL,497,ok,11.8168287703,7
VRPBL,498,ok,12.9566072261,7
VRPBL,499,ok,12.2528516341,7
VRPBL,500,ok,12.8688422709,7
VRPBL,501,ok,14.1771478735,6
VRPBL,502,ok,12.5910064424,8
VRPBL,503,ok,12.6784506164,7
VRPBL,504,ok,14.9008871783,7
VRPBL,505,ok,15.7021705090,7
VRPBL,506,ok,14.5973545534,7
VRPBL,507,ok,13.1552531270,7
VRPBL,508,ok,11.5593010153,6
VRPBL,509,ok,10.3003770061,6
VRPBL,510,ok,14.1225277842,7
VRPBL,511,ok,13.8034031200,7
VRPBL,512,ok,10.4488891625,6
VRPBL,513,ok,14.5123048551,7
VRPBL,514,ok,11.2315017664,8
VRPBL,515,ok,11.7422074922,7
VRPBL,516,ok,13.4128541671,7
VRPBL,517,ok,14.2167933172,7
VRPBL,518,ok,14.3225317089,7
VRPBL,519,ok,11.7978138245,7
VRPBL,520,ok,12.0287404175,7
VRPBL,521,ok,10.8150939548,6
VRPBL,522,ok,10.9295425649,7
VRPBL,523,ok,12.0567987600,7
VRPBL,524,ok,12.2403765905,7
VRPBL,525,ok,11.0170684673,7
VRPBL,526,ok,12.1686243356,7
VRPBL,527,ok,12.7365253070,7
VRPBL,528,ok,11.6380809378,6
VRPBL,529,ok,12.1313523361,6
VRPBL,530,ok,11.1940873632,7
VRPBL,531,ok,12.6927045127,6
VRPBL,532,ok,12.0102048107,7
VRPBL,533,ok,13.7380441963,8
VRPBL,534,ok,13.7855801948,7
VRPBL,535,ok,12.8241853805,7
VRPBL,536,ok,13.7084071692,7
VRPBL,537,ok,12.9870989343,7
VRPBL,538,ok,11.2518467901,7
VRPBL,539,ok,14.7169523999,7
VRPBL,540,ok,11.4394575540,6
VRPBL,541,ok,11.9404309403,7
VRPBL,542,ok,12.4529193982,7
VRPBL,543,ok,12.1472452257,7
VRPBL,544,ok,9.8047903532,6
VRPBL,545,ok,10.0136175198,6
VRPBL,546,ok,14.0996389167,7
VRPBL,547,ok,12.4033481495,7
VRPBL,548,ok,11.9644580389,7
VRPBL,549,ok,10.8464508418,6
VRPBL,550,ok,12.2239549011,7
VRPBL,551,ok,11.2669763283,7
VRPBL,552,ok,12.9144155547,7
VRPBL,553,ok,14.0365623110,6
VRPBL,554,ok,11.8409971360,7
VRPBL,555,ok,11.8573366991,6
VRPBL,556,ok,11.9753409434,6
VRPBL,557,ok,13.2516016936,7
VRPBL,558,ok,12.7349124134,7
VRPBL,559,ok,10.8956296507,8
VRPBL,560,ok,14.0281450492,7
VRPBL,561,ok,11.3583756938,7
VRPBL,562,ok,13.1530489507,6
VRPBL,563,ok,14.1922537310,7
VRPBL,564,ok,13.6364629902,7
VRPBL,565,ok,12.5370707733,6
VRPBL,566,ok,12.0741771387,6
VRPBL,567,ok,11.6981608517,6
VRPBL,568,ok,15.0355672044,7
VRPBL,569,ok,12.7337294967,7
VRPBL,570,ok,10.9822981095,6
VRPBL,571,ok,11.2056465854,7
VRPBL,572,ok,11.8948571660,7
VRPBL,573,ok,14.9338655742,7
VRPBL,574,ok,12.1764574805,7
VRPBL,575,ok,12.3233061061,7
VRPBL,576,ok,10.3882316219,7
VRPBL,577,ok,12.8203185661,7
VRPBL,578,ok,14.6475971170,8
VRPBL,579,ok,13.6152728926,7
VRPBL,580,ok,11.2950441211,7
VRPBL,581,ok,10.7443412827,6
VRPBL,582,ok,13.7606557191,7
VRPBL,583,ok,11.2417448736,7
VRPBL,584,ok,14.4103206089,7
VRPBL,585,ok,12.7178625804,7
VRPBL,586,ok,11.1352887950,6
VRPBL,587,ok,10.6103058019,6
VRPBL,588,ok,11.3553920783,8
VRPBL,589,ok,12.5770781671,7
VRPBL,590,ok,14.7623988347,8
VRPBL,591,ok,12.8856064943,7
VRPBL,592,ok,10.2696923470,7
VRPBL,593,ok,12.2308998911,8
VRPBL,594,ok,13.6484465560,6
VRPBL,595,ok,12.4333554913,7
VRPBL,596,ok,12.1571322520,7
VRPBL,597,ok,10.4089711066,6
VRPBL,598,ok,13.2331937988,8
VRPBL,599,ok,11.7293882914,8
VRPBL,600,ok,10.4942851713,6
VRPBL,601,ok,11.5572200672,7
VRPBL,602,ok,13.3457865518,9
VRPBL,603,ok,13.0734125408,10
VRPBL,604,ok,11.6521550914,6
VRPBL,605,ok,12.2826500825,7
VRPBL,606,ok,14.8139546622,7
VRPBL,607,ok,13.9201205640,7
VRPBL,608,ok,11.6067073245,6
VRPBL,609,ok,13.0148474535,7
VRPBL,610,ok,11.3967487878,8
VRPBL,611,ok,14.5325408918,7
VRPBL,612,ok,12.1707909478,5
VRPBL,613,ok,10.6706895363,6
VRPBL,614,ok,11.6214889600,7
VRPBL,615,ok,12.9088636695,7
VRPBL,616,ok,13.3772051228,6
VRPBL,617,ok,10.9352371971,7
VRPBL,618,ok,11.0336596866,7
VRPBL,619,ok,13.8123120900,7
VRPBL,620,ok,10.8106189909,7
VRPBL,621,ok,10.7893966427,7
VRPBL,622,ok,13.6929774535,6
VRPBL,623,ok,11.5224368764,6
VRPBL,624,ok,10.1756042211,6
VRPBL,625,ok,11.9626293216,7
VRPBL,626,ok,11.0849977765,7
VRPBL,627,ok,12.0731438889,6
VRPBL,628,ok,14.0723440695,9
VRPBL,629,ok,13.7617575748,7
VRPBL,630,ok,14.3928757485,7
VRPBL,631,ok,14.6365313841,7
VRPBL,632,ok,12.4938173006,8
VRPBL,633,ok,11.0475689884,6
VRPBL,634,ok,13.0614287008,7
VRPBL,635,ok,13.1909362074,7
VRPBL,636,ok,12.5115729357,8
VRPBL,637,ok,11.8198598127,6
VRPBL,638,ok,13.0924920587,8
VRPBL,639,ok,11.0321758055,7
VRPBL,640,ok,13.7056710429,7
VRPBL,641,ok,10.2458630490,6
VRPBL,642,ok,13.0172821476,7
VRPBL,643,ok,10.1711647577,6
VRPBL,644,ok,12.6837770381,7
VRPBL,645,ok,11.3404540257,7
VRPBL,646,ok,14.7762178102,9
VRPBL,647,ok,14.1497070971,7
VRPBL,648,ok,11.8322890005,7
VRPBL,649,ok,13.8547723738,6
VRPBL,650,ok,10.5665532234,6
VRPBL,651,ok,12.6466817029,6
VRPBL,652,ok,13.0732219308,7
VRPBL,653,ok,11.5534792828,7
VRPBL,654,ok,13.1539897317,7
VRPBL,655,ok,12.4341577021,6
VRPBL,656,ok,12.4062394318,7
VRPBL,657,ok,13.2027051894,7
VRPBL,658,ok,12.1606892140,8
VRPBL,659,ok,13.2476103963,7
VRPBL,660,ok,15.2821766364,7
VRPBL,661,ok,13.4040974357,7
VRPBL,662,ok,11.6482286185,6
VRPBL,663,ok,13.2798163561,6
VRPBL,664,ok,12.5093740279,7
VRPBL,665,ok,13.3568750867,7
VRPBL,666,ok,13.2631331217,7
VRPBL,667,ok,11.6061359809,6
VRPBL,668,ok,11.4612353316,6
VRPBL,669,ok,12.2069645064,8
VRPBL,670,ok,13.9748168558,7
VRPBL,671,ok,12.1492312258,7
VRPBL,672,ok,12.5578275857,7
VRPBL,673,ok,12.6957897832,8
VRPBL,674,ok,11.5710869788,8
VRPBL,675,ok,12.6065992671,7
VRPBL,676,ok,12.5238601779,8
VRPBL,677,ok,12.1298210704,7
VRPBL,678,ok,13.6550304793,7
VRPBL,679,ok,14.3510553720,7
VRPBL,680,ok,15.9099455185,8
VRPBL,681,ok,11.6953347013,8
VRPBL,682,ok,11.3582343350,7
VRPBL,683,ok,13.6143194909,8
VRPBL,684,ok,11.5212206839,6
VRPBL,685,ok,11.9983270879,7
VRPBL,686,ok,13.8360430946,6
VRPBL,687,ok,13.5050154516,7
VRPBL,688,ok,10.6083238055,6
VRPBL,689,ok,12.4604955274,6
VRPBL,690,ok,10.9601831648,6
VRPBL,691,ok,11.6327161432,6
VRPBL,692,ok,10.7013063567,6
VRPBL,693,ok,11.7500588873,7
VRPBL,694,ok,14.7543829783,8
VRPBL,695,ok,13.9564172319,7
VRPBL,696,ok,10.9708460324,8
VRPBL,697,ok,12.6928473523,8
VRPBL,698,ok,14.2210068090,6
VRPBL,699,ok,11.5696137794,6
VRPBL,700,ok,13.0441340297,6
VRPBL,701,ok,10.9303176579,6
VRPBL,702,ok,11.2675053349,7
VRPBL,703,ok,11.6254447537,8
VRPBL,704,ok,11.8882466281,7
VRPBL,705,ok,12.5183041958,7
VRPBL,706,ok,11.8139713943,7
VRPBL,707,ok,11.5652028889,7
VRPBL,708,ok,12.1294687284,6
VRPBL,709,ok,14.4264497835,7
VRPBL,710,ok,12.8314189000,6
VRPBL,711,ok,11.6980393935,7
VRPBL,712,ok,11.4667192703,7
VRPBL,713,ok,12.6029232711,9
VRPBL,714,ok,13.5957405971,7
VRPBL,715,ok,12.6909945656,7
VRPBL,716,ok,12.8910144711,6
VRPBL,717,ok,11.6179440610,6
VRPBL,718,ok,12.4753961866,7
VRPBL,719,ok,11.1632108804,6
VRPBL,720,ok,11.3019025328,7
VRPBL,721,ok,13.0013535987,6
VRPBL,722,ok,12.3369790102,6
VRPBL,723,ok,13.8712995573,8
VRPBL,724,ok,10.4803624334,7
VRPBL,725,ok,15.0905922886,8
VRPBL,726,ok,12.8066069830,7
VRPBL,727,ok,12.2144022796,6
VRPBL,728,ok,11.3906590534,7
VRPBL,729,ok,10.5906252539,7
VRPBL,730,ok,10.4796947675,6
VRPBL,731,ok,11.3558915269,8
VRPBL,732,ok,13.3264616769,7
VRPBL,733,ok,13.2378475981,7
VRPBL,734,ok,13.2092254842,7
VRPBL,735,ok,12.3012487615,7
VRPBL,736,ok,12.3078525003,7
VRPBL,737,ok,11.7859718118,6
VRPBL,738,ok,12.5942237220,7
VRPBL,739,ok,12.3062413377,6
VRPBL,740,ok,11.7096534097,7
VRPBL,741,ok,13.6482015104,6
VRPBL,742,ok,15.1327231893,8
VRPBL,743,ok,12.8081168342,7
VRPBL,744,ok,11.2613105691,7
VRPBL,745,ok,12.4652873025,7
VRPBL,746,ok,11.0150582868,7
VRPBL,747,ok,15.3133007948,8
VRPBL,748,ok,11.5447963512,7
VRPBL,749,ok,12.0211374093,6
VRPBL,750,ok,14.8293210926,7
VRPBL,751,ok,10.6274407926,6
VRPBL,752,ok,13.8269430563,7
VRPBL,753,ok,13.7886831527,7
VRPBL,754,ok,13.1668344327,7
VRPBL,755,ok,11.1881320899,6
VRPBL,756,ok,11.2391328782,6
VRPBL,757,ok,11.6870057494,6
VRPBL,758,ok,12.7713223761,8
VRPBL,759,ok,11.5632063315,7
VRPBL,760,ok,11.9268214276,6
VRPBL,761,ok,10.3859148315,7
VRPBL,762,ok,12.7196661061,7
VRPBL,763,ok,15.8482210031,7
VRPBL,764,ok,11.9801975555,7
VRPBL,765,ok,13.9716238683,7
VRPBL,766,ok,13.3653988178,7
VRPBL,767,ok,11.7480935166,7
VRPBL,768,ok,12.1437679824,7
VRPBL,769,ok,13.1019169634,7
VRPBL,770,ok,14.1692941936,7
VRPBL,771,ok,12.1678482458,7
VRPBL,772,ok,14.7933189798,7
VRPBL,773,ok,10.6372736977,7
VRPBL,774,ok,11.3288923704,7
VRPBL,775,ok,15.9602653708,8
VRPBL,776,ok,11.3850653407,7
VRPBL,777,ok,12.3216920930,7
VRPBL,778,ok,13.5198413968,8
VRPBL,779,ok,11.1194255322,6
VRPBL,780,ok,11.5026625229,7
VRPBL,781,ok,13.2584832156,6
VRPBL,782,ok,11.6777748826,7
VRPBL,783,ok,12.0175981101,7
VRPBL,784,ok,13.6747375254,8
VRPBL,785,ok,15.6383913744,7
VRPBL,786,ok,13.5990389600,6
VRPBL,787,ok,13.5376166057,6
VRPBL,788,ok,12.7621998283,6
VRPBL,789,ok,12.2106555178,6
VRPBL,790,ok,12.4320335438,8
VRPBL,791,ok,13.9061081264,7
VRPBL,792,ok,13.1217329757,7
VRPBL,793,ok,11.9820091342,7
VRPBL,794,ok,11.6535677784,7
VRPBL,795,ok,10.5279179338,7
VRPBL,796,ok,12.2897026282,8
VRPBL,797,ok,11.5595708807,7
VRPBL,798,ok,11.6107186812,7
VRPBL,799,ok,14.6864242192,6
VRPBL,800,ok,13.0837869994,7
VRPBL,801,ok,12.1135108819,7
VRPBL,802,ok,11.9773407255,8
VRPBL,803,ok,11.0842803396,7
VRPBL,804,ok,11.8876938188,6
VRPBL,805,ok,13.0762313287,8
VRPBL,806,ok,13.3602530585,8
VRPBL,807,ok,11.8167278874,6
VRPBL,808,ok,11.4205334156,7
VRPBL,809,ok,13.6128527165,7
VRPBL,810,ok,14.9173902002,7
VRPBL,811,ok,14.8274483831,7
VRPBL,812,ok,11.0142215418,6
VRPBL,813,ok,11.2432653936,7
VRPBL,814,ok,13.8541657591,7
VRPBL,815,ok,12.8927981630,7
VRPBL,816,ok,10.5556808902,8
VRPBL,817,ok,12.1105715577,7
VRPBL,818,ok,12.0392115756,6
VRPBL,819,ok,13.1148619589,6
VRPBL,820,ok,13.6220735247,6
VRPBL,821,ok,12.6629982131,8
VRPBL,822,ok,11.9323232351,7
VRPBL,823,ok,12.8311197525,7
VRPBL,824,ok,11.4338378514,7
VRPBL,825,ok,12.1797303455,8
VRPBL,826,ok,13.1473526439,6
VRPBL,827,ok,16.1152460368,7
VRPBL,828,ok,11.3802288299,7
VRPBL,829,ok,14.1917550390,8
VRPBL,830,ok,11.4494742121,6
VRPBL,831,ok,13.4551856342,7
VRPBL,832,ok,12.5352631842,8
VRPBL,833,ok,10.9563122468,7
VRPBL,834,ok,12.3319821541,7
VRPBL,835,ok,14.2973393477,7
VRPBL,836,ok,11.5382907254,6
VRPBL,837,ok,15.1928237117,8
VRPBL,838,ok,14.0237341969,6
VRPBL,839,ok,12.5243860798,7
VRPBL,840,ok,11.2166725384,7
VRPBL,841,ok,14.0509299353,6
VRPBL,842,ok,15.7610026489,7
VRPBL,843,ok,12.9532226794,6
VRPBL,844,ok,11.5611073181,7
VRPBL,845,ok,12.5079610193,7
VRPBL,846,ok,10.9427286421,7
VRPBL,847,ok,13.9324670342,7
VRPBL,848,ok,12.4677878634,7
VRPBL,849,ok,11.1541292148,7
VRPBL,850,ok,11.2639611269,7
VRPBL,851,ok,11.8933097992,7
VRPBL,852,ok,13.4514223102,7
VRPBL,853,ok,11.5499933456,6
VRPBL,854,ok,12.4223655330,7
VRPBL,855,ok,12.6888220055,7
VRPBL,856,ok,11.5498275439,6
VRPBL,857,ok,12.2074580030,7
VRPBL,858,ok,12.4648059486,6
VRPBL,859,ok,12.1404349318,7
VRPBL,860,ok,13.2511127604,8
VRPBL,861,ok,12.1709054460,7
VRPBL,862,ok,12.4731864680,7
VRPBL,863,ok,11.9686225572,7
VRPBL,864,ok,11.7713520275,7
VRPBL,865,ok,15.3255395955,7
VRPBL,866,ok,14.4307003198,6
VRPBL,867,ok,11.8028832515,6
VRPBL,868,ok,13.4978973046,6
VRPBL,869,ok,11.5248462992,7
VRPBL,870,ok,10.2095664254,6
VRPBL,871,ok,11.5533290593,6
VRPBL,872,ok,13.6269325087,7
VRPBL,873,ok,13.8339337480,7
VRPBL,874,ok,13.9343509702,7
VRPBL,875,ok,13.4294657637,8
VRPBL,876,ok,11.9418034325,5
VRPBL,877,ok,11.8475408510,6
VRPBL,878,ok,12.5045812741,8
VRPBL,879,ok,14.4336489935,7
VRPBL,880,ok,13.5630955235,7
VRPBL,881,ok,12.2485286387,7
VRPBL,882,ok,11.4559830275,7
VRPBL,883,ok,13.6567714514,6
VRPBL,884,ok,14.7513946588,7
VRPBL,885,ok,12.9071336758,7
VRPBL,886,ok,14.6247023794,8
VRPBL,887,ok,11.0506251273,7
VRPBL,888,ok,13.2251029218,6
VRPBL,889,ok,11.0664840477,7
VRPBL,890,ok,11.5323494929,7
VRPBL,891,ok,10.9373124393,6
VRPBL,892,ok,12.5367946017,7
VRPBL,893,ok,11.2123792093,6
VRPBL,894,ok,11.9372126842,7
VRPBL,895,ok,14.6508444020,7
VRPBL,896,ok,12.4643954526,7
VRPBL,897,ok,14.4706304614,7
VRPBL,898,ok,13.7703553029,8
VRPBL,899,ok,11.7228860993,6
VRPBL,900,ok,11.9180820911,6
VRPBL,901,ok,12.0545706014,6
VRPBL,902,ok,14.5611521371,7
VRPBL,903,ok,13.6248887200,7
VRPBL,904,ok,12.5739957648,8
VRPBL,905,ok,13.6492057773,7
VRPBL,906,ok,13.6892261917,7
VRPBL,907,ok,12.5389906815,6
VRPBL,908,ok,12.5987140443,6
VRPBL,909,ok,13.0547286136,7
VRPBL,910,ok,13.6084152994,7
VRPBL,911,ok,13.6620711190,6
VRPBL,912,ok,11.6742804926,7
VRPBL,913,ok,11.8995995613,7
VRPBL,914,ok,14.4605326830,7
VRPBL,915,ok,12.1085333900,7
VRPBL,916,ok,10.7939022533,7
VRPBL,917,ok,10.2770892454,6
VRPBL,918,ok,14.1625880151,7
VRPBL,919,ok,12.7957714350,8
VRPBL,920,ok,12.3177216198,7
VRPBL,921,ok,12.3078578940,8
VRPBL,922,ok,11.9023802752,6
VRPBL,923,ok,13.4629657993,7
VRPBL,924,ok,12.8263280865,7
VRPBL,925,ok,12.1963523143,6
VRPBL,926,ok,13.5481819380,6
VRPBL,927,ok,10.6082498340,6
VRPBL,928,ok,13.0043009627,7
VRPBL,929,ok,13.0714528276,7
VRPBL,930,ok,11.7258745040,7
VRPBL,931,ok,11.0150156153,8
VRPBL,932,ok,10.4388961876,6
VRPBL,933,ok,11.2853252878,7
VRPBL,934,ok,12.3757321673,8
VRPBL,935,ok,11.6773960141,6
VRPBL,936,ok,14.4410541685,7
VRPBL,937,ok,12.1269588744,6
VRPBL,938,ok,10.0070780583,5
VRPBL,939,ok,12.0370307982,8
VRPBL,940,ok,13.7445393800,7
VRPBL,941,ok,15.0971918252,7
VRPBL,942,ok,12.6951552186,7
VRPBL,943,ok,11.9741947408,7
VRPBL,944,ok,15.1683811017,7
VRPBL,945,ok,13.4549858553,8
VRPBL,946,ok,11.0718309609,7
VRPBL,947,ok,13.8892757027,7
VRPBL,948,ok,11.1964521989,7
VRPBL,949,ok,13.6613400659,8
VRPBL,950,ok,11.8314728249,6
VRPBL,951,ok,13.7672817271,7
VRPBL,952,ok,12.3091348262,6
VRPBL,953,ok,11.2372386202,7
VRPBL,954,ok,11.9704418209,6
VRPBL,955,ok,12.0225609683,6
VRPBL,956,ok,11.6285816261,8
VRPBL,957,ok,13.2201502801,7
VRPBL,958,ok,11.9798976957,8
VRPBL,959,ok,11.5824022709,8
VRPBL,960,ok,13.1020279155,7
VRPBL,961,ok,11.0982861007,6
VRPBL,962,ok,10.7773958966,6
VRPBL,963,ok,13.6287764075,8
VRPBL,964,ok,15.8041160151,8
VRPBL,965,ok,13.3539437857,7
VRPBL,966,ok,12.6532179854,6
VRPBL,967,ok,13.4932804123,6
VRPBL,968,ok,12.4820743375,6
VRPBL,969,ok,12.3246899197,7
VRPBL,970,ok,13.2100612845,6
VRPBL,971,ok,11.3732387754,8
VRPBL,972,ok,11.0722308461,7
VRPBL,973,ok,12.0599643875,7
VRPBL,974,ok,11.9984250709,6
VRPBL,975,ok,14.0464156947,7
VRPBL,976,ok,12.9145181627,7
VRPBL,977,ok,10.3343422381,6
VRPBL,978,ok,14.0329156812,6
VRPBL,979,ok,11.0936562944,8
VRPBL,980,ok,13.3391241575,8
VRPBL,981,ok,12.7353326292,7
VRPBL,982,ok,13.3451157756,7
VRPBL,983,ok,13.2626312474,7
VRPBL,984,ok,13.5402487465,7
VRPBL,985,ok,12.2772037705,7
VRPBL,986,ok,11.3463698856,7
VRPBL,987,ok,12.4766125916,6
VRPBL,988,ok,11.0310627477,8
VRPBL,989,ok,12.2750920965,7
VRPBL,990,ok,12.3957125984,6
VRPBL,991,ok,11.7218176588,6
VRPBL,992,ok,14.5392283008,8
VRPBL,993,ok,11.0867620796,8
VRPBL,994,ok,11.1090028392,6
VRPBL,995,ok,11.7318638609,7
VRPBL,996,ok,11.9129622957,6
VRPBL,997,ok,14.6767021057,7
VRPBL,998,ok,13.4766366123,8
VRPBL,999,ok,14.0578916163,7
VRPBTW,0,no_feasible_candidate,,
VRPBTW,1,no_feasible_candidate,,
VRPBTW,2,no_feasible_candidate,,
VRPBTW,3,no_feasible_candidate,,
VRPBTW,4,no_feasible_candidate,,
VRPBTW,5,no_feasible_candidate,,
VRPBTW,6,no_feasible_candidate,,
VRPBTW,7,no_feasible_candidate,,
VRPBTW,8,no_feasible_candidate,,
VRPBTW,9,no_feasible_candidate,,
VRPBTW,10,no_feasible_candidate,,
VRPBTW,11,no_feasible_candidate,,
VRPBTW,12,no_feasible_candidate,,
VRPBTW,13,no_feasible_candidate,,
VRPBTW,14,no_feasible_candidate,,
VRPBTW,15,no_feasible_candidate,,
VRPBTW,16,no_feasible_candidate,,
VRPBTW,17,ok,53.6678473396,34
VRPBTW,18,no_feasible_candidate,,
VRPBTW,19,no_feasible_candidate,,
VRPBTW,20,no_feasible_candidate,,
VRPBTW,21,no_feasible_candidate,,
VRPBTW,22,no_feasible_candidate,,
VRPBTW,23,no_feasible_candidate,,
VRPBTW,24,no_feasible_candidate,,
VRPBTW,25,no_feasible_candidate,,
VRPBTW,26,no_feasible_candidate,,
VRPBTW,27,no_feasible_candidate,,
VRPBTW,28,no_feasible_candidate,,
VRPBTW,29,no_feasible_candidate,,
VRPBTW,30,no_feasible_candidate,,
VRPBTW,31,no_feasible_candidate,,
VRPBTW,32,no_feasible_candidate,,
VRPBTW,33,no_feasible_candidate,,
VRPBTW,34,no_feasible_candidate,,
VRPBTW,35,no_feasible_candidate,,
VRPBTW,36,no_feasible_candidate,,
VRPBTW,37,no_feasible_candidate,,
VRPBTW,38,no_feasible_candidate,,
VRPBTW,39,no_feasible_candidate,,
VRPBTW,40,no_feasible_candidate,,
VRPBTW,41,no_feasible_candidate,,
VRPBTW,42,no_feasible_candidate,,
VRPBTW,43,no_feasible_candidate,,
VRPBTW,44,no_feasible_candidate,,
VRPBTW,45,no_feasible_candidate,,
VRPBTW,46,no_feasible_candidate,,
VRPBTW,47,no_feasible_candidate,,
VRPBTW,48,no_feasible_candidate,,
VRPBTW,49,no_feasible_candidate,,
VRPBTW,50,no_feasible_candidate,,
VRPBTW,51,no_feasible_candidate,,
VRPBTW,52,no_feasible_candidate,,
VRPBTW,53,no_feasible_candidate,,
VRPBTW,54,no_feasible_candidate,,
VRPBTW,55,no_feasible_candidate,,
VRPBTW,56,no_feasible_candidate,,
VRPBTW,57,no_feasible_candidate,,
VRPBTW,58,no_feasible_candidate,,
VRPBTW,59,no_feasible_candidate,,
VRPBTW,60,ok,40.7222276964,31
VRPBTW,61,no_feasible_candidate,,
VRPBTW,62,no_feasible_candidate,,
VRPBTW,63,no_feasible_candidate,,
VRPBTW,64,no_feasible_candidate,,
VRPBTW,65,no_feasible_candidate,,
VRPBTW,66,no_feasible_candidate,,
VRPBTW,67,no_feasible_candidate,,
VRPBTW,68,no_feasible_candidate,,
VRPBTW,69,no_feasible_candidate,,
VRPBTW,70,no_feasible_candidate,,
VRPBTW,71,no_feasible_candidate,,
VRPBTW,72,no_feasible_candidate,,
VRPBTW,73,no_feasible_candidate,,
VRPBTW,74,no_feasible_candidate,,
VRPBTW,75,no_feasible_candidate,,
VRPBTW,76,no_feasible_candidate,,
VRPBTW,77,no_feasible_candidate,,
VRPBTW,78,no_feasible_candidate,,
VRPBTW,79,no_feasible_candidate,,
VRPBTW,80,no_feasible_candidate,,
VRPBTW,81,no_feasible_candidate,,
VRPBTW,82,no_feasible_candidate,,
VRPBTW,83,no_feasible_candidate,,
VRPBTW,84,no_feasible_candidate,,
VRPBTW,85,no_feasible_candidate,,
VRPBTW,86,no_feasible_candidate,,
VRPBTW,87,no_feasible_candidate,,
VRPBTW,88,no_feasible_candidate,,
VRPBTW,89,no_feasible_candidate,,
VRPBTW,90,no_feasible_candidate,,
VRPBTW,91,no_feasible_candidate,,
VRPBTW,92,no_feasible_candidate,,
VRPBTW,93,no_feasible_candidate,,
VRPBTW,94,no_feasible_candidate,,
VRPBTW,95,no_feasible_candidate,,
VRPBTW,96,no_feasible_candidate,,
VRPBTW,97,no_feasible_candidate,,
VRPBTW,98,no_feasible_candidate,,
VRPBTW,99,no_feasible_candidate,,
VRPBTW,100,no_feasible_candidate,,
VRPBTW,101,no_feasible_candidate,,
VRPBTW,102,no_feasible_candidate,,
VRPBTW,103,no_feasible_candidate,,
VRPBTW,104,no_feasible_candidate,,
VRPBTW,105,no_feasible_candidate,,
VRPBTW,106,no_feasible_candidate,,
VRPBTW,107,no_feasible_candidate,,
VRPBTW,108,no_feasible_candidate,,
VRPBTW,109,no_feasible_candidate,,
VRPBTW,110,no_feasible_candidate,,
VRPBTW,111,no_feasible_candidate,,
VRPBTW,112,no_feasible_candidate,,
VRPBTW,113,no_feasible_candidate,,
VRPBTW,114,no_feasible_candidate,,
VRPBTW,115,no_feasible_candidate,,
VRPBTW,116,ok,32.8616478141,30
VRPBTW,117,no_feasible_candidate,,
VRPBTW,118,no_feasible_candidate,,
VRPBTW,119,no_feasible_candidate,,
VRPBTW,120,no_feasible_candidate,,
VRPBTW,121,no_feasible_candidate,,
VRPBTW,122,no_feasible_candidate,,
VRPBTW,123,no_feasible_candidate,,
VRPBTW,124,no_feasible_candidate,,
VRPBTW,125,no_feasible_candidate,,
VRPBTW,126,no_feasible_candidate,,
VRPBTW,127,no_feasible_candidate,,
VRPBTW,128,no_feasible_candidate,,
VRPBTW,129,no_feasible_candidate,,
VRPBTW,130,no_feasible_candidate,,
VRPBTW,131,no_feasible_candidate,,
VRPBTW,132,no_feasible_candidate,,
VRPBTW,133,no_feasible_candidate,,
VRPBTW,134,no_feasible_candidate,,
VRPBTW,135,no_feasible_candidate,,
VRPBTW,136,no_feasible_candidate,,
VRPBTW,137,no_feasible_candidate,,
VRPBTW,138,no_feasible_candidate,,
VRPBTW,139,no_feasible_candidate,,
VRPBTW,140,no_feasible_candidate,,
VRPBTW,141,no_feasible_candidate,,
VRPBTW,142,no_feasible_candidate,,
VRPBTW,143,no_feasible_candidate,,
VRPBTW,144,no_feasible_candidate,,
VRPBTW,145,no_feasible_candidate,,
VRPBTW,146,no_feasible_candidate,,
VRPBTW,147,no_feasible_candidate,,
VRPBTW,148,no_feasible_candidate,,
VRPBTW,149,no_feasible_candidate,,
VRPBTW,150,no_feasible_candidate,,
VRPBTW,151,no_feasible_candidate,,
VRPBTW,152,no_feasible_candidate,,
VRPBTW,153,no_feasible_candidate,,
VRPBTW,154,no_feasible_candidate,,
VRPBTW,155,no_feasible_candidate,,
VRPBTW,156,no_feasible_candidate,,
VRPBTW,157,no_feasible_candidate,,
VRPBTW,158,no_feasible_candidate,,
VRPBTW,159,no_feasible_candidate,,
VRPBTW,160,no_feasible_candidate,,
VRPBTW,161,no_feasible_candidate,,
VRPBTW,162,no_feasible_candidate,,
VRPBTW,163,no_feasible_candidate,,
VRPBTW,164,no_feasible_candidate,,
VRPBTW,165,no_feasible_candidate,,
VRPBTW,166,no_feasible_candidate,,
VRPBTW,167,no_feasible_candidate,,
VRPBTW,168,no_feasible_candidate,,
VRPBTW,169,no_feasible_candidate,,
VRPBTW,170,no_feasible_candidate,,
VRPBTW,171,no_feasible_candidate,,
VRPBTW,172,no_feasible_candidate,,
VRPBTW,173,no_feasible_candidate,,
VRPBTW,174,no_feasible_candidate,,
VRPBTW,175,no_feasible_candidate,,
VRPBTW,176,no_feasible_candidate,,
VRPBTW,177,no_feasible_candidate,,
VRPBTW,178,no_feasible_candidate,,
VRPBTW,179,no_feasible_candidate,,
VRPBTW,180,no_feasible_candidate,,
VRPBTW,181,no_feasible_candidate,,
VRPBTW,182,no_feasible_candidate,,
VRPBTW,183,no_feasible_candidate,,
VRPBTW,184,no_feasible_candidate,,
VRPBTW,185,no_feasible_candidate,,
VRPBTW,186,no_feasible_candidate,,
VRPBTW,187,no_feasible_candidate,,
VRPBTW,188,no_feasible_candidate,,
VRPBTW,189,no_feasible_candidate,,
VRPBTW,190,no_feasible_candidate,,
VRPBTW,191,no_feasible_candidate,,
VRPBTW,192,no_feasible_candidate,,
VRPBTW,193,no_feasible_candidate,,
VRPBTW,194,no_feasible_candidate,,
VRPBTW,195,no_feasible_candidate,,
VRPBTW,196,no_feasible_candidate,,
VRPBTW,197,no_feasible_candidate,,
VRPBTW,198,no_feasible_candidate,,
VRPBTW,199,no_feasible_candidate,,
VRPBTW,200,no_feasible_candidate,,
VRPBTW,201,no_feasible_candidate,,
VRPBTW,202,no_feasible_candidate,,
VRPBTW,203,no_feasible_candidate,,
VRPBTW,204,no_feasible_candidate,,
VRPBTW,205,no_feasible_candidate,,
VRPBTW,206,no_feasible_candidate,,
VRPBTW,207,no_feasible_candidate,,
VRPBTW,208,no_feasible_candidate,,
VRPBTW,209,no_feasible_candidate,,
VRPBTW,210,no_feasible_candidate,,
VRPBTW,211,no_feasible_candidate,,
VRPBTW,212,no_feasible_candidate,,
VRPBTW,213,no_feasible_candidate,,
VRPBTW,214,no_feasible_candidate,,
VRPBTW,215,no_feasible_candidate,,
VRPBTW,216,no_feasible_candidate,,
VRPBTW,217,no_feasible_candidate,,
VRPBTW,218,no_feasible_candidate,,
VRPBTW,219,no_feasible_candidate,,
VRPBTW,220,no_feasible_candidate,,
VRPBTW,221,no_feasible_candidate,,
VRPBTW,222,no_feasible_candidate,,
VRPBTW,223,no_feasible_candidate,,
VRPBTW,224,no_feasible_candidate,,
VRPBTW,225,no_feasible_candidate,,
VRPBTW,226,no_feasible_candidate,,
VRPBTW,227,ok,38.2306144872,32
VRPBTW,228,no_feasible_candidate,,
VRPBTW,229,no_feasible_candidate,,
VRPBTW,230,no_feasible_candidate,,
VRPBTW,231,no_feasible_candidate,,
VRPBTW,232,no_feasible_candidate,,
VRPBTW,233,no_feasible_candidate,,
VRPBTW,234,no_feasible_candidate,,
VRPBTW,235,no_feasible_candidate,,
VRPBTW,236,no_feasible_candidate,,
VRPBTW,237,no_feasible_candidate,,
VRPBTW,238,no_feasible_candidate,,
VRPBTW,239,no_feasible_candidate,,
VRPBTW,240,no_feasible_candidate,,
VRPBTW,241,no_feasible_candidate,,
VRPBTW,242,no_feasible_candidate,,
VRPBTW,243,no_feasible_candidate,,
VRPBTW,244,no_feasible_candidate,,
VRPBTW,245,no_feasible_candidate,,
VRPBTW,246,no_feasible_candidate,,
VRPBTW,247,no_feasible_candidate,,
VRPBTW,248,no_feasible_candidate,,
VRPBTW,249,no_feasible_candidate,,
VRPBTW,250,no_feasible_candidate,,
VRPBTW,251,no_feasible_candidate,,
VRPBTW,252,no_feasible_candidate,,
VRPBTW,253,no_feasible_candidate,,
VRPBTW,254,no_feasible_candidate,,
VRPBTW,255,no_feasible_candidate,,
VRPBTW,256,no_feasible_candidate,,
VRPBTW,257,no_feasible_candidate,,
VRPBTW,258,no_feasible_candidate,,
VRPBTW,259,no_feasible_candidate,,
VRPBTW,260,no_feasible_candidate,,
VRPBTW,261,no_feasible_candidate,,
VRPBTW,262,no_feasible_candidate,,
VRPBTW,263,no_feasible_candidate,,
VRPBTW,264,no_feasible_candidate,,
VRPBTW,265,no_feasible_candidate,,
VRPBTW,266,no_feasible_candidate,,
VRPBTW,267,no_feasible_candidate,,
VRPBTW,268,no_feasible_candidate,,
VRPBTW,269,no_feasible_candidate,,
VRPBTW,270,no_feasible_candidate,,
VRPBTW,271,no_feasible_candidate,,
VRPBTW,272,no_feasible_candidate,,
VRPBTW,273,no_feasible_candidate,,
VRPBTW,274,no_feasible_candidate,,
VRPBTW,275,no_feasible_candidate,,
VRPBTW,276,no_feasible_candidate,,
VRPBTW,277,no_feasible_candidate,,
VRPBTW,278,no_feasible_candidate,,
VRPBTW,279,no_feasible_candidate,,
VRPBTW,280,no_feasible_candidate,,
VRPBTW,281,no_feasible_candidate,,
VRPBTW,282,no_feasible_candidate,,
VRPBTW,283,no_feasible_candidate,,
VRPBTW,284,no_feasible_candidate,,
VRPBTW,285,no_feasible_candidate,,
VRPBTW,286,no_feasible_candidate,,
VRPBTW,287,no_feasible_candidate,,
VRPBTW,288,no_feasible_candidate,,
VRPBTW,289,no_feasible_candidate,,
VRPBTW,290,no_feasible_candidate,,
VRPBTW,291,no_feasible_candidate,,
VRPBTW,292,no_feasible_candidate,,
VRPBTW,293,no_feasible_candidate,,
VRPBTW,294,no_feasible_candidate,,
VRPBTW,295,no_feasible_candidate,,
VRPBTW,296,no_feasible_candidate,,
VRPBTW,297,no_feasible_candidate,,
VRPBTW,298,no_feasible_candidate,,
VRPBTW,299,no_feasible_candidate,,
VRPBTW,300,no_feasible_candidate,,
VRPBTW,301,no_feasible_candidate,,
VRPBTW,302,no_feasible_candidate,,
VRPBTW,303,no_feasible_candidate,,
VRPBTW,304,no_feasible_candidate,,
VRPBTW,305,no_feasible_candidate,,
VRPBTW,306,no_feasible_candidate,,
VRPBTW,307,no_feasible_candidate,,
VRPBTW,308,no_feasible_candidate,,
VRPBTW,309,no_feasible_candidate,,
VRPBTW,310,no_feasible_candidate,,
VRPBTW,311,no_feasible_candidate,,
VRPBTW,312,no_feasible_candidate,,
VRPBTW,313,no_feasible_candidate,,
VRPBTW,314,no_feasible_candidate,,
VRPBTW,315,no_feasible_candidate,,
VRPBTW,316,no_feasible_candidate,,
VRPBTW,317,no_feasible_candidate,,
VRPBTW,318,no_feasible_candidate,,
VRPBTW,319,no_feasible_candidate,,
VRPBTW,320,no_feasible_candidate,,
VRPBTW,321,no_feasible_candidate,,
VRPBTW,322,no_feasible_candidate,,
VRPBTW,323,no_feasible_candidate,,
VRPBTW,324,no_feasible_candidate,,
VRPBTW,325,no_feasible_candidate,,
VRPBTW,326,no_feasible_candidate,,
VRPBTW,327,no_feasible_candidate,,
VRPBTW,328,no_feasible_candidate,,
VRPBTW,329,no_feasible_candidate,,
VRPBTW,330,no_feasible_candidate,,
VRPBTW,331,no_feasible_candidate,,
VRPBTW,332,no_feasible_candidate,,
VRPBTW,333,no_feasible_candidate,,
VRPBTW,334,no_feasible_candidate,,
VRPBTW,335,no_feasible_candidate,,
VRPBTW,336,no_feasible_candidate,,
VRPBTW,337,no_feasible_candidate,,
VRPBTW,338,no_feasible_candidate,,
VRPBTW,339,no_feasible_candidate,,
VRPBTW,340,no_feasible_candidate,,
VRPBTW,341,no_feasible_candidate,,
VRPBTW,342,no_feasible_candidate,,
VRPBTW,343,no_feasible_candidate,,
VRPBTW,344,no_feasible_candidate,,
VRPBTW,345,no_feasible_candidate,,
VRPBTW,346,no_feasible_candidate,,
VRPBTW,347,no_feasible_candidate,,
VRPBTW,348,no_feasible_candidate,,
VRPBTW,349,no_feasible_candidate,,
VRPBTW,350,no_feasible_candidate,,
VRPBTW,351,no_feasible_candidate,,
VRPBTW,352,no_feasible_candidate,,
VRPBTW,353,no_feasible_candidate,,
VRPBTW,354,no_feasible_candidate,,
VRPBTW,355,no_feasible_candidate,,
VRPBTW,356,no_feasible_candidate,,
VRPBTW,357,no_feasible_candidate,,
VRPBTW,358,no_feasible_candidate,,
VRPBTW,359,no_feasible_candidate,,
VRPBTW,360,no_feasible_candidate,,
VRPBTW,361,no_feasible_candidate,,
VRPBTW,362,no_feasible_candidate,,
VRPBTW,363,no_feasible_candidate,,
VRPBTW,364,no_feasible_candidate,,
VRPBTW,365,no_feasible_candidate,,
VRPBTW,366,no_feasible_candidate,,
VRPBTW,367,no_feasible_candidate,,
VRPBTW,368,no_feasible_candidate,,
VRPBTW,369,no_feasible_candidate,,
VRPBTW,370,no_feasible_candidate,,
VRPBTW,371,no_feasible_candidate,,
VRPBTW,372,no_feasible_candidate,,
VRPBTW,373,no_feasible_candidate,,
VRPBTW,374,no_feasible_candidate,,
VRPBTW,375,no_feasible_candidate,,
VRPBTW,376,no_feasible_candidate,,
VRPBTW,377,no_feasible_candidate,,
VRPBTW,378,no_feasible_candidate,,
VRPBTW,379,no_feasible_candidate,,
VRPBTW,380,no_feasible_candidate,,
VRPBTW,381,no_feasible_candidate,,
VRPBTW,382,no_feasible_candidate,,
VRPBTW,383,no_feasible_candidate,,
VRPBTW,384,no_feasible_candidate,,
VRPBTW,385,no_feasible_candidate,,
VRPBTW,386,no_feasible_candidate,,
VRPBTW,387,no_feasible_candidate,,
VRPBTW,388,no_feasible_candidate,,
VRPBTW,389,no_feasible_candidate,,
VRPBTW,390,no_feasible_candidate,,
VRPBTW,391,no_feasible_candidate,,
VRPBTW,392,no_feasible_candidate,,
VRPBTW,393,no_feasible_candidate,,
VRPBTW,394,no_feasible_candidate,,
VRPBTW,395,no_feasible_candidate,,
VRPBTW,396,no_feasible_candidate,,
VRPBTW,397,no_feasible_candidate,,
VRPBTW,398,no_feasible_candidate,,
VRPBTW,399,no_feasible_candidate,,
VRPBTW,400,no_feasible_candidate,,
VRPBTW,401,no_feasible_candidate,,
VRPBTW,402,no_feasible_candidate,,
VRPBTW,403,no_feasible_candidate,,
VRPBTW,404,no_feasible_candidate,,
VRPBTW,405,no_feasible_candidate,,
VRPBTW,406,no_feasible_candidate,,
VRPBTW,407,no_feasible_candidate,,
VRPBTW,408,no_feasible_candidate,,
VRPBTW,409,no_feasible_candidate,,
VRPBTW,410,no_feasible_candidate,,
VRPBTW,411,no_feasible_candidate,,
VRPBTW,412,no_feasible_candidate,,
VRPBTW,413,no_feasible_candidate,,
VRPBTW,414,no_feasible_candidate,,
VRPBTW,415,no_feasible_candidate,,
VRPBTW,416,no_feasible_candidate,,
VRPBTW,417,no_feasible_candidate,,
VRPBTW,418,no_feasible_candidate,,
VRPBTW,419,no_feasible_candidate,,
VRPBTW,420,no_feasible_candidate,,
VRPBTW,421,no_feasible_candidate,,
VRPBTW,422,no_feasible_candidate,,
VRPBTW,423,no_feasible_candidate,,
VRPBTW,424,no_feasible_candidate,,
VRPBTW,425,no_feasible_candidate,,
VRPBTW,426,no_feasible_candidate,,
VRPBTW,427,no_feasible_candidate,,
VRPBTW,428,no_feasible_candidate,,
VRPBTW,429,no_feasible_candidate,,
VRPBTW,430,no_feasible_candidate,,
VRPBTW,431,no_feasible_candidate,,
VRPBTW,432,no_feasible_candidate,,
VRPBTW,433,no_feasible_candidate,,
VRPBTW,434,no_feasible_candidate,,
VRPBTW,435,no_feasible_candidate,,
VRPBTW,436,no_feasible_candidate,,
VRPBTW,437,no_feasible_candidate,,
VRPBTW,438,no_feasible_candidate,,
VRPBTW,439,no_feasible_candidate,,
VRPBTW,440,no_feasible_candidate,,
VRPBTW,441,no_feasible_candidate,,
VRPBTW,442,no_feasible_candidate,,
VRPBTW,443,no_feasible_candidate,,
VRPBTW,444,no_feasible_candidate,,
VRPBTW,445,no_feasible_candidate,,
VRPBTW,446,no_feasible_candidate,,
VRPBTW,447,no_feasible_candidate,,
VRPBTW,448,no_feasible_candidate,,
VRPBTW,449,no_feasible_candidate,,
VRPBTW,450,no_feasible_candidate,,
VRPBTW,451,no_feasible_candidate,,
VRPBTW,452,no_feasible_candidate,,
VRPBTW,453,no_feasible_candidate,,
VRPBTW,454,no_feasible_candidate,,
VRPBTW,455,no_feasible_candidate,,
VRPBTW,456,no_feasible_candidate,,
VRPBTW,457,no_feasible_candidate,,
VRPBTW,458,no_feasible_candidate,,
VRPBTW,459,no_feasible_candidate,,
VRPBTW,460,no_feasible_candidate,,
VRPBTW,461,no_feasible_candidate,,
VRPBTW,462,no_feasible_candidate,,
VRPBTW,463,no_feasible_candidate,,
VRPBTW,464,no_feasible_candidate,,
VRPBTW,465,no_feasible_candidate,,
VRPBTW,466,no_feasible_candidate,,
VRPBTW,467,no_feasible_candidate,,
VRPBTW,468,no_feasible_candidate,,
VRPBTW,469,no_feasible_candidate,,
VRPBTW,470,no_feasible_candidate,,
VRPBTW,471,no_feasible_candidate,,
VRPBTW,472,no_feasible_candidate,,
VRPBTW,473,no_feasible_candidate,,
VRPBTW,474,no_feasible_candidate,,
VRPBTW,475,no_feasible_candidate,,
VRPBTW,476,no_feasible_candidate,,
VRPBTW,477,no_feasible_candidate,,
VRPBTW,478,no_feasible_candidate,,
VRPBTW,479,no_feasible_candidate,,
VRPBTW,480,no_feasible_candidate,,
VRPBTW,481,no_feasible_candidate,,
VRPBTW,482,no_feasible_candidate,,
VRPBTW,483,no_feasible_candidate,,
VRPBTW,484,no_feasible_candidate,,
VRPBTW,485,no_feasible_candidate,,
VRPBTW,486,no_feasible_candidate,,
VRPBTW,487,no_feasible_candidate,,
VRPBTW,488,no_feasible_candidate,,
VRPBTW,489,no_feasible_candidate,,
VRPBTW,490,no_feasible_candidate,,
VRPBTW,491,no_feasible_candidate,,
VRPBTW,492,no_feasible_candidate,,
VRPBTW,493,no_feasible_candidate,,
VRPBTW,494,no_feasible_candidate,,
VRPBTW,495,no_feasible_candidate,,
VRPBTW,496,no_feasible_candidate,,
VRPBTW,497,no_feasible_candidate,,
VRPBTW,498,no_feasible_candidate,,
VRPBTW,499,no_feasible_candidate,,
VRPBTW,500,no_feasible_candidate,,
VRPBTW,501,no_feasible_candidate,,
VRPBTW,502,no_feasible_candidate,,
VRPBTW,503,no_feasible_candidate,,
VRPBTW,504,no_feasible_candidate,,
VRPBTW,505,no_feasible_candidate,,
VRPBTW,506,no_feasible_candidate,,
VRPBTW,507,no_feasible_candidate,,
VRPBTW,508,ok,36.4547424457,31
VRPBTW,509,no_feasible_candidate,,
VRPBTW,510,no_feasible_candidate,,
VRPBTW,511,no_feasible_candidate,,
VRPBTW,512,no_feasible_candidate,,
VRPBTW,513,no_feasible_candidate,,
VRPBTW,514,no_feasible_candidate,,
VRPBTW,515,no_feasible_candidate,,
VRPBTW,516,no_feasible_candidate,,
VRPBTW,517,no_feasible_candidate,,
VRPBTW,518,no_feasible_candidate,,
VRPBTW,519,no_feasible_candidate,,
VRPBTW,520,no_feasible_candidate,,
VRPBTW,521,no_feasible_candidate,,
VRPBTW,522,no_feasible_candidate,,
VRPBTW,523,no_feasible_candidate,,
VRPBTW,524,no_feasible_candidate,,
VRPBTW,525,no_feasible_candidate,,
VRPBTW,526,no_feasible_candidate,,
VRPBTW,527,no_feasible_candidate,,
VRPBTW,528,no_feasible_candidate,,
VRPBTW,529,no_feasible_candidate,,
VRPBTW,530,no_feasible_candidate,,
VRPBTW,531,no_feasible_candidate,,
VRPBTW,532,no_feasible_candidate,,
VRPBTW,533,no_feasible_candidate,,
VRPBTW,534,no_feasible_candidate,,
VRPBTW,535,no_feasible_candidate,,
VRPBTW,536,no_feasible_candidate,,
VRPBTW,537,no_feasible_candidate,,
VRPBTW,538,no_feasible_candidate,,
VRPBTW,539,no_feasible_candidate,,
VRPBTW,540,no_feasible_candidate,,
VRPBTW,541,no_feasible_candidate,,
VRPBTW,542,no_feasible_candidate,,
VRPBTW,543,no_feasible_candidate,,
VRPBTW,544,no_feasible_candidate,,
VRPBTW,545,no_feasible_candidate,,
VRPBTW,546,no_feasible_candidate,,
VRPBTW,547,no_feasible_candidate,,
VRPBTW,548,no_feasible_candidate,,
VRPBTW,549,no_feasible_candidate,,
VRPBTW,550,no_feasible_candidate,,
VRPBTW,551,no_feasible_candidate,,
VRPBTW,552,no_feasible_candidate,,
VRPBTW,553,no_feasible_candidate,,
VRPBTW,554,no_feasible_candidate,,
VRPBTW,555,no_feasible_candidate,,
VRPBTW,556,no_feasible_candidate,,
VRPBTW,557,no_feasible_candidate,,
VRPBTW,558,no_feasible_candidate,,
VRPBTW,559,no_feasible_candidate,,
VRPBTW,560,no_feasible_candidate,,
VRPBTW,561,no_feasible_candidate,,
VRPBTW,562,no_feasible_candidate,,
VRPBTW,563,no_feasible_candidate,,
VRPBTW,564,no_feasible_candidate,,
VRPBTW,565,no_feasible_candidate,,
VRPBTW,566,no_feasible_candidate,,
VRPBTW,567,no_feasible_candidate,,
VRPBTW,568,no_feasible_candidate,,
VRPBTW,569,no_feasible_candidate,,
VRPBTW,570,no_feasible_candidate,,
VRPBTW,571,no_feasible_candidate,,
VRPBTW,572,no_feasible_candidate,,
VRPBTW,573,no_feasible_candidate,,
VRPBTW,574,no_feasible_candidate,,
VRPBTW,575,no_feasible_candidate,,
VRPBTW,576,no_feasible_candidate,,
VRPBTW,577,no_feasible_candidate,,
VRPBTW,578,no_feasible_candidate,,
VRPBTW,579,no_feasible_candidate,,
VRPBTW,580,no_feasible_candidate,,
VRPBTW,581,no_feasible_candidate,,
VRPBTW,582,no_feasible_candidate,,
VRPBTW,583,no_feasible_candidate,,
VRPBTW,584,no_feasible_candidate,,
VRPBTW,585,no_feasible_candidate,,
VRPBTW,586,no_feasible_candidate,,
VRPBTW,587,no_feasible_candidate,,
VRPBTW,588,no_feasible_candidate,,
VRPBTW,589,no_feasible_candidate,,
VRPBTW,590,no_feasible_candidate,,
VRPBTW,591,no_feasible_candidate,,
VRPBTW,592,no_feasible_candidate,,
VRPBTW,593,no_feasible_candidate,,
VRPBTW,594,no_feasible_candidate,,
VRPBTW,595,no_feasible_candidate,,
VRPBTW,596,no_feasible_candidate,,
VRPBTW,597,no_feasible_candidate,,
VRPBTW,598,no_feasible_candidate,,
VRPBTW,599,no_feasible_candidate,,
VRPBTW,600,no_feasible_candidate,,
VRPBTW,601,no_feasible_candidate,,
VRPBTW,602,no_feasible_candidate,,
VRPBTW,603,no_feasible_candidate,,
VRPBTW,604,no_feasible_candidate,,
VRPBTW,605,no_feasible_candidate,,
VRPBTW,606,no_feasible_candidate,,
VRPBTW,607,no_feasible_candidate,,
VRPBTW,608,no_feasible_candidate,,
VRPBTW,609,no_feasible_candidate,,
VRPBTW,610,no_feasible_candidate,,
VRPBTW,611,no_feasible_candidate,,
VRPBTW,612,no_feasible_candidate,,
VRPBTW,613,no_feasible_candidate,,
VRPBTW,614,no_feasible_candidate,,
VRPBTW,615,no_feasible_candidate,,
VRPBTW,616,no_feasible_candidate,,
VRPBTW,617,no_feasible_candidate,,
VRPBTW,618,no_feasible_candidate,,
VRPBTW,619,no_feasible_candidate,,
VRPBTW,620,no_feasible_candidate,,
VRPBTW,621,no_feasible_candidate,,
VRPBTW,622,no_feasible_candidate,,
VRPBTW,623,no_feasible_candidate,,
VRPBTW,624,no_feasible_candidate,,
VRPBTW,625,no_feasible_candidate,,
VRPBTW,626,no_feasible_candidate,,
VRPBTW,627,ok,38.6319863828,32
VRPBTW,628,no_feasible_candidate,,
VRPBTW,629,no_feasible_candidate,,
VRPBTW,630,no_feasible_candidate,,
VRPBTW,631,no_feasible_candidate,,
VRPBTW,632,no_feasible_candidate,,
VRPBTW,633,no_feasible_candidate,,
VRPBTW,634,no_feasible_candidate,,
VRPBTW,635,no_feasible_candidate,,
VRPBTW,636,no_feasible_candidate,,
VRPBTW,637,no_feasible_candidate,,
VRPBTW,638,no_feasible_candidate,,
VRPBTW,639,no_feasible_candidate,,
VRPBTW,640,no_feasible_candidate,,
VRPBTW,641,no_feasible_candidate,,
VRPBTW,642,no_feasible_candidate,,
VRPBTW,643,no_feasible_candidate,,
VRPBTW,644,no_feasible_candidate,,
VRPBTW,645,no_feasible_candidate,,
VRPBTW,646,no_feasible_candidate,,
VRPBTW,647,no_feasible_candidate,,
VRPBTW,648,no_feasible_candidate,,
VRPBTW,649,no_feasible_candidate,,
VRPBTW,650,no_feasible_candidate,,
VRPBTW,651,no_feasible_candidate,,
VRPBTW,652,no_feasible_candidate,,
VRPBTW,653,no_feasible_candidate,,
VRPBTW,654,no_feasible_candidate,,
VRPBTW,655,no_feasible_candidate,,
VRPBTW,656,no_feasible_candidate,,
VRPBTW,657,no_feasible_candidate,,
VRPBTW,658,no_feasible_candidate,,
VRPBTW,659,no_feasible_candidate,,
VRPBTW,660,no_feasible_candidate,,
VRPBTW,661,no_feasible_candidate,,
VRPBTW,662,no_feasible_candidate,,
VRPBTW,663,no_feasible_candidate,,
VRPBTW,664,no_feasible_candidate,,
VRPBTW,665,no_feasible_candidate,,
VRPBTW,666,no_feasible_candidate,,
VRPBTW,667,no_feasible_candidate,,
VRPBTW,668,no_feasible_candidate,,
VRPBTW,669,no_feasible_candidate,,
VRPBTW,670,no_feasible_candidate,,
VRPBTW,671,no_feasible_candidate,,
VRPBTW,672,no_feasible_candidate,,
VRPBTW,673,no_feasible_candidate,,
VRPBTW,674,no_feasible_candidate,,
VRPBTW,675,no_feasible_candidate,,
VRPBTW,676,no_feasible_candidate,,
VRPBTW,677,no_feasible_candidate,,
VRPBTW,678,no_feasible_candidate,,
VRPBTW,679,no_feasible_candidate,,
VRPBTW,680,no_feasible_candidate,,
VRPBTW,681,ok,36.4668340811,31
VRPBTW,682,no_feasible_candidate,,
VRPBTW,683,no_feasible_candidate,,
VRPBTW,684,no_feasible_candidate,,
VRPBTW,685,no_feasible_candidate,,
VRPBTW,686,no_feasible_candidate,,
VRPBTW,687,no_feasible_candidate,,
VRPBTW,688,no_feasible_candidate,,
VRPBTW,689,no_feasible_candidate,,
VRPBTW,690,no_feasible_candidate,,
VRPBTW,691,no_feasible_candidate,,
VRPBTW,692,no_feasible_candidate,,
VRPBTW,693,no_feasible_candidate,,
VRPBTW,694,no_feasible_candidate,,
VRPBTW,695,no_feasible_candidate,,
VRPBTW,696,no_feasible_candidate,,
VRPBTW,697,no_feasible_candidate,,
VRPBTW,698,no_feasible_candidate,,
VRPBTW,699,no_feasible_candidate,,
VRPBTW,700,no_feasible_candidate,,
VRPBTW,701,no_feasible_candidate,,
VRPBTW,702,no_feasible_candidate,,
VRPBTW,703,no_feasible_candidate,,
VRPBTW,704,no_feasible_candidate,,
VRPBTW,705,no_feasible_candidate,,
VRPBTW,706,no_feasible_candidate,,
VRPBTW,707,no_feasible_candidate,,
VRPBTW,708,no_feasible_candidate,,
VRPBTW,709,no_feasible_candidate,,
VRPBTW,710,no_feasible_candidate,,
VRPBTW,711,no_feasible_candidate,,
VRPBTW,712,no_feasible_candidate,,
VRPBTW,713,no_feasible_candidate,,
VRPBTW,714,no_feasible_candidate,,
VRPBTW,715,no_feasible_candidate,,
VRPBTW,716,no_feasible_candidate,,
VRPBTW,717,no_feasible_candidate,,
VRPBTW,718,no_feasible_candidate,,
VRPBTW,719,no_feasible_candidate,,
VRPBTW,720,no_feasible_candidate,,
VRPBTW,721,no_feasible_candidate,,
VRPBTW,722,no_feasible_candidate,,
VRPBTW,723,no_feasible_candidate,,
VRPBTW,724,no_feasible_candidate,,
VRPBTW,725,no_feasible_candidate,,
VRPBTW,726,no_feasible_candidate,,
VRPBTW,727,no_feasible_candidate,,
VRPBTW,728,no_feasible_candidate,,
VRPBTW,729,no_feasible_candidate,,
VRPBTW,730,no_feasible_candidate,,
VRPBTW,731,no_feasible_candidate,,
VRPBTW,732,no_feasible_candidate,,
VRPBTW,733,no_feasible_candidate,,
VRPBTW,734,no_feasible_candidate,,
VRPBTW,735,no_feasible_candidate,,
VRPBTW,736,no_feasible_candidate,,
VRPBTW,737,no_feasible_candidate,,
VRPBTW,738,no_feasible_candidate,,
VRPBTW,739,no_feasible_candidate,,
VRPBTW,740,no_feasible_candidate,,
VRPBTW,741,no_feasible_candidate,,
VRPBTW,742,no_feasible_candidate,,
VRPBTW,743,no_feasible_candidate,,
VRPBTW,744,no_feasible_candidate,,
VRPBTW,745,no_feasible_candidate,,
VRPBTW,746,no_feasible_candidate,,
VRPBTW,747,no_feasible_candidate,,
VRPBTW,748,no_feasible_candidate,,
VRPBTW,749,no_feasible_candidate,,
VRPBTW,750,no_feasible_candidate,,
VRPBTW,751,no_feasible_candidate,,
VRPBTW,752,no_feasible_candidate,,
VRPBTW,753,no_feasible_candidate,,
VRPBTW,754,no_feasible_candidate,,
VRPBTW,755,no_feasible_candidate,,
VRPBTW,756,no_feasible_candidate,,
VRPBTW,757,no_feasible_candidate,,
VRPBTW,758,no_feasible_candidate,,
VRPBTW,759,no_feasible_candidate,,
VRPBTW,760,no_feasible_candidate,,
VRPBTW,761,no_feasible_candidate,,
VRPBTW,762,no_feasible_candidate,,
VRPBTW,763,no_feasible_candidate,,
VRPBTW,764,no_feasible_candidate,,
VRPBTW,765,no_feasible_candidate,,
VRPBTW,766,no_feasible_candidate,,
VRPBTW,767,no_feasible_candidate,,
VRPBTW,768,no_feasible_candidate,,
VRPBTW,769,no_feasible_candidate,,
VRPBTW,770,no_feasible_candidate,,
VRPBTW,771,no_feasible_candidate,,
VRPBTW,772,no_feasible_candidate,,
VRPBTW,773,no_feasible_candidate,,
VRPBTW,774,no_feasible_candidate,,
VRPBTW,775,no_feasible_candidate,,
VRPBTW,776,no_feasible_candidate,,
VRPBTW,777,no_feasible_candidate,,
VRPBTW,778,no_feasible_candidate,,
VRPBTW,779,no_feasible_candidate,,
VRPBTW,780,no_feasible_candidate,,
VRPBTW,781,no_feasible_candidate,,
VRPBTW,782,no_feasible_candidate,,
VRPBTW,783,no_feasible_candidate,,
VRPBTW,784,no_feasible_candidate,,
VRPBTW,785,no_feasible_candidate,,
VRPBTW,786,no_feasible_candidate,,
VRPBTW,787,no_feasible_candidate,,
VRPBTW,788,no_feasible_candidate,,
VRPBTW,789,no_feasible_candidate,,
VRPBTW,790,no_feasible_candidate,,
VRPBTW,791,no_feasible_candidate,,
VRPBTW,792,no_feasible_candidate,,
VRPBTW,793,no_feasible_candidate,,
VRPBTW,794,no_feasible_candidate,,
VRPBTW,795,no_feasible_candidate,,
VRPBTW,796,no_feasible_candidate,,
VRPBTW,797,no_feasible_candidate,,
VRPBTW,798,no_feasible_candidate,,
VRPBTW,799,no_feasible_candidate,,
VRPBTW,800,no_feasible_candidate,,
VRPBTW,801,no_feasible_candidate,,
VRPBTW,802,no_feasible_candidate,,
VRPBTW,803,no_feasible_candidate,,
VRPBTW,804,no_feasible_candidate,,
VRPBTW,805,no_feasible_candidate,,
VRPBTW,806,no_feasible_candidate,,
VRPBTW,807,no_feasible_candidate,,
VRPBTW,808,no_feasible_candidate,,
VRPBTW,809,no_feasible_candidate,,
VRPBTW,810,no_feasible_candidate,,
VRPBTW,811,no_feasible_candidate,,
VRPBTW,812,no_feasible_candidate,,
VRPBTW,813,no_feasible_candidate,,
VRPBTW,814,no_feasible_candidate,,
VRPBTW,815,no_feasible_candidate,,
VRPBTW,816,no_feasible_candidate,,
VRPBTW,817,no_feasible_candidate,,
VRPBTW,818,no_feasible_candidate,,
VRPBTW,819,no_feasible_candidate,,
VRPBTW,820,no_feasible_candidate,,
VRPBTW,821,no_feasible_candidate,,
VRPBTW,822,no_feasible_candidate,,
VRPBTW,823,no_feasible_candidate,,
VRPBTW,824,no_feasible_candidate,,
VRPBTW,825,no_feasible_candidate,,
VRPBTW,826,no_feasible_candidate,,
VRPBTW,827,no_feasible_candidate,,
VRPBTW,828,no_feasible_candidate,,
VRPBTW,829,no_feasible_candidate,,
VRPBTW,830,no_feasible_candidate,,
VRPBTW,831,no_feasible_candidate,,
VRPBTW,832,no_feasible_candidate,,
VRPBTW,833,no_feasible_candidate,,
VRPBTW,834,no_feasible_candidate,,
VRPBTW,835,no_feasible_candidate,,
VRPBTW,836,no_feasible_candidate,,
VRPBTW,837,no_feasible_candidate,,
VRPBTW,838,no_feasible_candidate,,
VRPBTW,839,no_feasible_candidate,,
VRPBTW,840,no_feasible_candidate,,
VRPBTW,841,no_feasible_candidate,,
VRPBTW,842,no_feasible_candidate,,
VRPBTW,843,no_feasible_candidate,,
VRPBTW,844,no_feasible_candidate,,
VRPBTW,845,no_feasible_candidate,,
VRPBTW,846,no_feasible_candidate,,
VRPBTW,847,no_feasible_candidate,,
VRPBTW,848,no_feasible_candidate,,
VRPBTW,849,no_feasible_candidate,,
VRPBTW,850,no_feasible_candidate,,
VRPBTW,851,no_feasible_candidate,,
VRPBTW,852,no_feasible_candidate,,
VRPBTW,853,no_feasible_candidate,,
VRPBTW,854,no_feasible_candidate,,
VRPBTW,855,no_feasible_candidate,,
VRPBTW,856,no_feasible_candidate,,
VRPBTW,857,no_feasible_candidate,,
VRPBTW,858,no_feasible_candidate,,
VRPBTW,859,no_feasible_candidate,,
VRPBTW,860,no_feasible_candidate,,
VRPBTW,861,no_feasible_candidate,,
VRPBTW,862,no_feasible_candidate,,
VRPBTW,863,no_feasible_candidate,,
VRPBTW,864,no_feasible_candidate,,
VRPBTW,865,no_feasible_candidate,,
VRPBTW,866,no_feasible_candidate,,
VRPBTW,867,no_feasible_candidate,,
VRPBTW,868,no_feasible_candidate,,
VRPBTW,869,no_feasible_candidate,,
VRPBTW,870,no_feasible_candidate,,
VRPBTW,871,no_feasible_candidate,,
VRPBTW,872,no_feasible_candidate,,
VRPBTW,873,no_feasible_candidate,,
VRPBTW,874,no_feasible_candidate,,
VRPBTW,875,no_feasible_candidate,,
VRPBTW,876,no_feasible_candidate,,
VRPBTW,877,no_feasible_candidate,,
VRPBTW,878,no_feasible_candidate,,
VRPBTW,879,no_feasible_candidate,,
VRPBTW,880,no_feasible_candidate,,
VRPBTW,881,no_feasible_candidate,,
VRPBTW,882,no_feasible_candidate,,
VRPBTW,883,no_feasible_candidate,,
VRPBTW,884,no_feasible_candidate,,
VRPBTW,885,no_feasible_candidate,,
VRPBTW,886,no_feasible_candidate,,
VRPBTW,887,no_feasible_candidate,,
VRPBTW,888,no_feasible_candidate,,
VRPBTW,889,no_feasible_candidate,,
VRPBTW,890,no_feasible_candidate,,
VRPBTW,891,no_feasible_candidate,,
VRPBTW,892,no_feasible_candidate,,
VRPBTW,893,no_feasible_candidate,,
VRPBTW,894,no_feasible_candidate,,
VRPBTW,895,no_feasible_candidate,,
VRPBTW,896,no_feasible_candidate,,
VRPBTW,897,no_feasible_candidate,,
VRPBTW,898,no_feasible_candidate,,
VRPBTW,899,no_feasible_candidate,,
VRPBTW,900,no_feasible_candidate,,
VRPBTW,901,no_feasible_candidate,,
VRPBTW,902,no_feasible_candidate,,
VRPBTW,903,no_feasible_candidate,,
VRPBTW,904,no_feasible_candidate,,
VRPBTW,905,no_feasible_candidate,,
VRPBTW,906,no_feasible_candidate,,
VRPBTW,907,no_feasible_candidate,,
VRPBTW,908,no_feasible_candidate,,
VRPBTW,909,no_feasible_candidate,,
VRPBTW,910,no_feasible_candidate,,
VRPBTW,911,no_feasible_candidate,,
VRPBTW,912,no_feasible_candidate,,
VRPBTW,913,no_feasible_candidate,,
VRPBTW,914,no_feasible_candidate,,
VRPBTW,915,no_feasible_candidate,,
VRPBTW,916,no_feasible_candidate,,
VRPBTW,917,no_feasible_candidate,,
VRPBTW,918,no_feasible_candidate,,
VRPBTW,919,no_feasible_candidate,,
VRPBTW,920,no_feasible_candidate,,
VRPBTW,921,no_feasible_candidate,,
VRPBTW,922,no_feasible_candidate,,
VRPBTW,923,no_feasible_candidate,,
VRPBTW,924,no_feasible_candidate,,
VRPBTW,925,no_feasible_candidate,,
VRPBTW,926,no_feasible_candidate,,
VRPBTW,927,no_feasible_candidate,,
VRPBTW,928,no_feasible_candidate,,
VRPBTW,929,no_feasible_candidate,,
VRPBTW,930,no_feasible_candidate,,
VRPBTW,931,no_feasible_candidate,,
VRPBTW,932,no_feasible_candidate,,
VRPBTW,933,no_feasible_candidate,,
VRPBTW,934,no_feasible_candidate,,
VRPBTW,935,no_feasible_candidate,,
VRPBTW,936,no_feasible_candidate,,
VRPBTW,937,no_feasible_candidate,,
VRPBTW,938,no_feasible_candidate,,
VRPBTW,939,no_feasible_candidate,,
VRPBTW,940,no_feasible_candidate,,
VRPBTW,941,no_feasible_candidate,,
VRPBTW,942,no_feasible_candidate,,
VRPBTW,943,no_feasible_candidate,,
VRPBTW,944,no_feasible_candidate,,
VRPBTW,945,no_feasible_candidate,,
VRPBTW,946,no_feasible_candidate,,
VRPBTW,947,no_feasible_candidate,,
VRPBTW,948,no_feasible_candidate,,
VRPBTW,949,no_feasible_candidate,,
VRPBTW,950,no_feasible_candidate,,
VRPBTW,951,no_feasible_candidate,,
VRPBTW,952,no_feasible_candidate,,
VRPBTW,953,no_feasible_candidate,,
VRPBTW,954,no_feasible_candidate,,
VRPBTW,955,no_feasible_candidate,,
VRPBTW,956,no_feasible_candidate,,
VRPBTW,957,no_feasible_candidate,,
VRPBTW,958,no_feasible_candidate,,
VRPBTW,959,no_feasible_candidate,,
VRPBTW,960,no_feasible_candidate,,
VRPBTW,961,no_feasible_candidate,,
VRPBTW,962,no_feasible_candidate,,
VRPBTW,963,no_feasible_candidate,,
VRPBTW,964,no_feasible_candidate,,
VRPBTW,965,no_feasible_candidate,,
VRPBTW,966,no_feasible_candidate,,
VRPBTW,967,no_feasible_candidate,,
VRPBTW,968,no_feasible_candidate,,
VRPBTW,969,no_feasible_candidate,,
VRPBTW,970,no_feasible_candidate,,
VRPBTW,971,no_feasible_candidate,,
VRPBTW,972,no_feasible_candidate,,
VRPBTW,973,no_feasible_candidate,,
VRPBTW,974,no_feasible_candidate,,
VRPBTW,975,no_feasible_candidate,,
VRPBTW,976,no_feasible_candidate,,
VRPBTW,977,no_feasible_candidate,,
VRPBTW,978,no_feasible_candidate,,
VRPBTW,979,no_feasible_candidate,,
VRPBTW,980,no_feasible_candidate,,
VRPBTW,981,no_feasible_candidate,,
VRPBTW,982,no_feasible_candidate,,
VRPBTW,983,no_feasible_candidate,,
VRPBTW,984,no_feasible_candidate,,
VRPBTW,985,no_feasible_candidate,,
VRPBTW,986,no_feasible_candidate,,
VRPBTW,987,no_feasible_candidate,,
VRPBTW,988,no_feasible_candidate,,
VRPBTW,989,no_feasible_candidate,,
VRPBTW,990,no_feasible_candidate,,
VRPBTW,991,no_feasible_candidate,,
VRPBTW,992,no_feasible_candidate,,
VRPBTW,993,no_feasible_candidate,,
VRPBTW,994,no_feasible_candidate,,
VRPBTW,995,no_feasible_candidate,,
VRPBTW,996,no_feasible_candidate,,
VRPBTW,997,no_feasible_candidate,,
VRPBTW,998,no_feasible_candidate,,
VRPBTW,999,no_feasible_candidate,,
VRPLTW,0,ok,29.3358619664,23
VRPLTW,1,ok,33.6073015468,29
VRPLTW,2,ok,28.6547896331,28
VRPLTW,3,ok,35.9293576238,29
VRPLTW,4,ok,31.9607528619,27
VRPLTW,5,ok,34.3170093672,28
VRPLTW,6,ok,33.0224493207,28
VRPLTW,7,ok,31.3883967798,26
VRPLTW,8,ok,35.4622325823,27
VRPLTW,9,ok,47.1084264539,29
VRPLTW,10,ok,23.8042425649,26
VRPLTW,11,ok,34.0463050025,29
VRPLTW,12,ok,25.9296018691,24
VRPLTW,13,ok,31.6290035242,27
VRPLTW,14,ok,46.5705688131,32
VRPLTW,15,ok,34.6502579491,30
VRPLTW,16,ok,30.6511607281,31
VRPLTW,17,ok,27.3777549902,25
VRPLTW,18,ok,33.8775695370,28
VRPLTW,19,ok,30.3246551363,30
VRPLTW,20,ok,26.5480082619,28
VRPLTW,21,ok,29.7368808827,29
VRPLTW,22,ok,46.6724693566,28
VRPLTW,23,ok,35.0204719697,28
VRPLTW,24,ok,44.3554177270,29
VRPLTW,25,ok,28.6915142686,30
VRPLTW,26,ok,27.7919540017,28
VRPLTW,27,ok,42.6433690137,29
VRPLTW,28,ok,35.6755561842,29
VRPLTW,29,ok,29.6607693299,28
VRPLTW,30,ok,34.6589958147,28
VRPLTW,31,ok,38.7635133297,30
VRPLTW,32,ok,52.1506679031,30
VRPLTW,33,ok,36.3732504123,28
VRPLTW,34,ok,26.8207971652,25
VRPLTW,35,ok,34.6354622646,28
VRPLTW,36,ok,25.0039150301,25
VRPLTW,37,ok,28.5282687272,30
VRPLTW,38,ok,40.5107457333,28
VRPLTW,39,ok,24.5591468134,25
VRPLTW,40,ok,25.9224224041,25
VRPLTW,41,ok,31.6801641605,27
VRPLTW,42,ok,34.2355430095,28
VRPLTW,43,ok,25.4351424488,29
VRPLTW,44,ok,31.9460702814,26
VRPLTW,45,ok,29.9690145315,28
VRPLTW,46,ok,30.0991219874,26
VRPLTW,47,ok,39.3998698539,29
VRPLTW,48,ok,41.3061449057,28
VRPLTW,49,ok,32.1816252749,27
VRPLTW,50,ok,37.5749085071,29
VRPLTW,51,ok,38.1863370293,26
VRPLTW,52,ok,33.1806211168,30
VRPLTW,53,ok,28.5180028042,29
VRPLTW,54,ok,32.4723820577,28
VRPLTW,55,ok,31.8382751922,27
VRPLTW,56,ok,25.2075861817,28
VRPLTW,57,ok,35.0098043688,29
VRPLTW,58,ok,32.0464124798,28
VRPLTW,59,ok,26.1190668322,26
VRPLTW,60,ok,29.4723646094,27
VRPLTW,61,ok,32.7026568822,28
VRPLTW,62,ok,39.9130053799,29
VRPLTW,63,ok,27.8355652024,31
VRPLTW,64,ok,36.2834295573,29
VRPLTW,65,ok,40.0299912473,28
VRPLTW,66,ok,36.7061707194,28
VRPLTW,67,ok,37.5354893236,28
VRPLTW,68,ok,35.4364998178,27
VRPLTW,69,ok,30.1832950611,27
VRPLTW,70,ok,54.5043940322,33
VRPLTW,71,ok,29.2115269737,30
VRPLTW,72,ok,32.6341613174,27
VRPLTW,73,ok,29.7547264771,27
VRPLTW,74,ok,28.1738731850,30
VRPLTW,75,ok,33.9341372539,27
VRPLTW,76,ok,30.1186127685,29
VRPLTW,77,ok,34.2855044851,28
VRPLTW,78,ok,32.6347833335,28
VRPLTW,79,ok,52.4707980692,32
VRPLTW,80,ok,29.3730988680,31
VRPLTW,81,ok,28.0518967597,28
VRPLTW,82,ok,42.0919990970,29
VRPLTW,83,ok,24.7646289030,28
VRPLTW,84,ok,29.6671246098,30
VRPLTW,85,ok,25.5969288786,28
VRPLTW,86,ok,33.4983316401,27
VRPLTW,87,ok,26.8461358880,29
VRPLTW,88,ok,29.1007579687,29
VRPLTW,89,ok,34.2728648872,28
VRPLTW,90,ok,35.8406563255,27
VRPLTW,91,ok,29.7737462268,29
VRPLTW,92,ok,41.5266249188,29
VRPLTW,93,ok,30.1536331471,27
VRPLTW,94,ok,27.7672851369,26
VRPLTW,95,ok,33.8391919828,28
VRPLTW,96,ok,28.2226858937,29
VRPLTW,97,ok,28.6615938048,29
VRPLTW,98,ok,48.2838936019,30
VRPLTW,99,ok,26.1873531027,26
VRPLTW,100,ok,26.7212907913,24
VRPLTW,101,ok,37.0928270204,27
VRPLTW,102,ok,33.7389455388,29
VRPLTW,103,ok,31.8758912781,28
VRPLTW,104,ok,26.4109687078,27
VRPLTW,105,ok,27.9272531892,27
VRPLTW,106,ok,30.2469140330,26
VRPLTW,107,ok,27.9839887077,25
VRPLTW,108,ok,27.6787222456,28
VRPLTW,109,ok,35.6901189000,27
VRPLTW,110,ok,35.3620232509,30
VRPLTW,111,ok,29.1542471251,27
VRPLTW,112,ok,39.9966074494,29
VRPLTW,113,ok,26.0724469361,30
VRPLTW,114,ok,34.4665116489,28
VRPLTW,115,ok,23.9397379764,27
VRPLTW,116,ok,35.7440414834,26
VRPLTW,117,ok,28.9570459069,30
VRPLTW,118,ok,41.8727183769,27
VRPLTW,119,ok,28.9828079473,26
VRPLTW,120,ok,39.6645198547,30
VRPLTW,121,ok,32.1125002579,27
VRPLTW,122,ok,42.4199292756,29
VRPLTW,123,ok,32.1816271069,28
VRPLTW,124,ok,26.3920303210,26
VRPLTW,125,ok,31.7241268888,28
VRPLTW,126,ok,25.7666817923,26
VRPLTW,127,ok,28.5222238733,26
VRPLTW,128,ok,26.5469716410,28
VRPLTW,129,ok,34.0486835675,28
VRPLTW,130,ok,28.8137848867,26
VRPLTW,131,ok,29.7282279582,30
VRPLTW,132,ok,38.0632821807,27
VRPLTW,133,ok,26.7117892513,27
VRPLTW,134,ok,33.8523053629,30
VRPLTW,135,ok,36.9324439409,29
VRPLTW,136,ok,33.0429607545,26
VRPLTW,137,ok,28.3981444400,27
VRPLTW,138,ok,27.5204846426,28
VRPLTW,139,ok,25.6931212968,26
VRPLTW,140,ok,28.5851809954,27
VRPLTW,141,ok,39.5373286662,28
VRPLTW,142,ok,52.1066202904,29
VRPLTW,143,ok,28.0319411924,26
VRPLTW,144,ok,34.0500066126,29
VRPLTW,145,ok,34.5086533991,26
VRPLTW,146,ok,34.2231361468,29
VRPLTW,147,ok,27.1696826782,28
VRPLTW,148,ok,58.7161828908,32
VRPLTW,149,ok,34.0978143231,28
VRPLTW,150,ok,34.3918887711,26
VRPLTW,151,ok,29.0846583800,26
VRPLTW,152,ok,47.5117734615,30
VRPLTW,153,ok,55.5588982950,31
VRPLTW,154,ok,27.4639029900,28
VRPLTW,155,ok,35.5199244266,29
VRPLTW,156,ok,30.8421068104,30
VRPLTW,157,ok,27.3143203738,28
VRPLTW,158,ok,35.9284786566,26
VRPLTW,159,ok,33.8882519936,28
VRPLTW,160,ok,25.9890726392,28
VRPLTW,161,ok,26.8895835940,28
VRPLTW,162,ok,29.9434030093,28
VRPLTW,163,ok,46.2225316009,29
VRPLTW,164,ok,29.8716962668,30
VRPLTW,165,ok,33.4101833207,27
VRPLTW,166,ok,33.2467896970,29
VRPLTW,167,ok,29.9043725555,28
VRPLTW,168,ok,25.2330652135,27
VRPLTW,169,ok,34.3543114722,27
VRPLTW,170,ok,38.4812806324,29
VRPLTW,171,ok,25.0115243269,25
VRPLTW,172,ok,28.2734517762,30
VRPLTW,173,ok,35.4433422977,28
VRPLTW,174,ok,30.4012300638,27
VRPLTW,175,ok,36.4592303358,28
VRPLTW,176,ok,29.8298094589,29
VRPLTW,177,ok,27.9890035817,28
VRPLTW,178,ok,37.9427539463,28
VRPLTW,179,ok,28.9382132732,26
VRPLTW,180,ok,31.8627446424,27
VRPLTW,181,ok,55.0113011693,32
VRPLTW,182,ok,43.6195624168,29
VRPLTW,183,ok,36.1502212340,29
VRPLTW,184,ok,31.3336249017,29
VRPLTW,185,ok,42.3438968479,26
VRPLTW,186,ok,43.8492233633,30
VRPLTW,187,ok,32.0915863143,27
VRPLTW,188,ok,39.8118158518,29
VRPLTW,189,ok,29.0107741086,31
VRPLTW,190,ok,24.2262259819,27
VRPLTW,191,ok,44.4120624289,28
VRPLTW,192,ok,42.6262334386,32
VRPLTW,193,ok,38.1911072304,29
VRPLTW,194,ok,33.3244444515,30
VRPLTW,195,ok,33.7679178369,26
VRPLTW,196,ok,33.6400812608,26
VRPLTW,197,ok,39.5529436114,31
VRPLTW,198,ok,33.5650387877,26
VRPLTW,199,ok,27.3549775365,27
VRPLTW,200,ok,46.0743328934,32
VRPLTW,201,ok,33.4812244504,28
VRPLTW,202,ok,31.4615422765,29
VRPLTW,203,ok,36.9028331947,29
VRPLTW,204,ok,35.8003543182,27
VRPLTW,205,ok,26.3935777514,26
VRPLTW,206,ok,28.6974437627,26
VRPLTW,207,ok,38.9969625686,30
VRPLTW,208,ok,46.6908086655,31
VRPLTW,209,ok,42.0155980495,31
VRPLTW,210,ok,33.8529658648,29
VRPLTW,211,ok,30.0274576146,30
VRPLTW,212,ok,38.0372255458,29
VRPLTW,213,ok,37.0949421155,27
VRPLTW,214,ok,38.2459047378,28
VRPLTW,215,ok,34.8457763020,29
VRPLTW,216,ok,34.6504156315,30
VRPLTW,217,ok,32.7272778143,30
VRPLTW,218,ok,33.7781218862,27
VRPLTW,219,ok,26.2590990303,26
VRPLTW,220,ok,39.3292980472,28
VRPLTW,221,ok,30.3445633701,27
VRPLTW,222,ok,34.8718075109,28
VRPLTW,223,ok,31.6862139666,25
VRPLTW,224,ok,24.3725945751,25
VRPLTW,225,ok,30.3385652142,28
VRPLTW,226,ok,30.7688283578,29
VRPLTW,227,ok,38.4057451167,30
VRPLTW,228,ok,29.2746708318,27
VRPLTW,229,ok,28.0945387479,26
VRPLTW,230,ok,38.5021691150,28
VRPLTW,231,ok,42.4673810192,28
VRPLTW,232,ok,32.9273969180,31
VRPLTW,233,ok,30.3276043077,28
VRPLTW,234,ok,44.1000705389,30
VRPLTW,235,ok,42.7780535209,30
VRPLTW,236,ok,59.2541530384,34
VRPLTW,237,ok,29.3096012630,27
VRPLTW,238,ok,38.9837977446,27
VRPLTW,239,ok,32.6165785076,29
VRPLTW,240,ok,30.8062169712,31
VRPLTW,241,ok,46.1487204703,29
VRPLTW,242,ok,28.3727617651,26
VRPLTW,243,ok,33.1690509686,29
VRPLTW,244,ok,36.2784400925,29
VRPLTW,245,ok,33.8815463559,27
VRPLTW,246,ok,34.5887609273,30
VRPLTW,247,ok,28.7587111713,27
VRPLTW,248,ok,39.4053562080,30
VRPLTW,249,ok,38.8438665600,33
VRPLTW,250,ok,55.8908189191,33
VRPLTW,251,ok,38.7021996846,27
VRPLTW,252,ok,30.7118360939,29
VRPLTW,253,ok,37.7638143995,29
VRPLTW,254,ok,28.2594530082,28
VRPLTW,255,ok,37.2402505414,26
VRPLTW,256,ok,40.5417197488,27
VRPLTW,257,ok,47.2810383904,31
VRPLTW,258,ok,40.9207990202,28
VRPLTW,259,ok,30.7449949639,28
VRPLTW,260,ok,38.9617063913,28
VRPLTW,261,ok,31.4729480502,30
VRPLTW,262,ok,36.2776856569,31
VRPLTW,263,ok,30.6000633281,27
VRPLTW,264,ok,53.7242319895,30
VRPLTW,265,ok,38.2237566454,28
VRPLTW,266,ok,29.8098950573,29
VRPLTW,267,ok,32.4713399693,30
VRPLTW,268,ok,52.7550961439,30
VRPLTW,269,ok,34.4286239473,26
VRPLTW,270,ok,34.0827684600,28
VRPLTW,271,ok,34.7885708877,26
VRPLTW,272,ok,28.9070952452,32
VRPLTW,273,ok,31.6609947141,27
VRPLTW,274,ok,27.4493961233,25
VRPLTW,275,ok,31.1192780166,29
VRPLTW,276,ok,29.4012277697,27
VRPLTW,277,ok,50.4305746735,29
VRPLTW,278,ok,25.8779590769,27
VRPLTW,279,ok,44.0384395928,29
VRPLTW,280,ok,28.5122142770,31
VRPLTW,281,ok,28.0430755709,29
VRPLTW,282,ok,37.3312100760,31
VRPLTW,283,ok,42.6341239475,31
VRPLTW,284,ok,45.1904874561,30
VRPLTW,285,ok,46.6185270744,31
VRPLTW,286,ok,46.5564813638,29
VRPLTW,287,ok,31.3066017216,27
VRPLTW,288,ok,39.3261568763,30
VRPLTW,289,ok,26.2952281131,26
VRPLTW,290,ok,45.3734064922,30
VRPLTW,291,ok,38.3731749664,29
VRPLTW,292,ok,30.7418345903,28
VRPLTW,293,ok,26.2499402761,27
VRPLTW,294,ok,30.7950101201,28
VRPLTW,295,ok,26.3243715662,27
VRPLTW,296,ok,25.9720887918,27
VRPLTW,297,ok,44.5039469742,31
VRPLTW,298,ok,36.4172278327,28
VRPLTW,299,ok,26.4588471441,24
VRPLTW,300,ok,25.5879524056,26
VRPLTW,301,ok,34.9063290620,30
VRPLTW,302,ok,30.4130881666,27
VRPLTW,303,ok,26.6976640466,28
VRPLTW,304,ok,30.9688278988,26
VRPLTW,305,ok,39.7129877395,31
VRPLTW,306,ok,36.7205610518,29
VRPLTW,307,ok,26.0794156449,27
VRPLTW,308,ok,39.0635635327,30
VRPLTW,309,ok,34.0319007618,28
VRPLTW,310,ok,29.2896667439,28
VRPLTW,311,ok,36.4565603964,28
VRPLTW,312,ok,30.6995956523,26
VRPLTW,313,ok,40.4945530636,29
VRPLTW,314,ok,27.9233512728,27
VRPLTW,315,ok,29.9852461405,27
VRPLTW,316,ok,38.7648460329,28
VRPLTW,317,ok,28.4231379129,27
VRPLTW,318,ok,33.4765923564,30
VRPLTW,319,ok,28.8303368896,32
VRPLTW,320,ok,30.5201459976,28
VRPLTW,321,ok,49.8529368199,33
VRPLTW,322,ok,40.4370413085,28
VRPLTW,323,ok,28.3693779737,30
VRPLTW,324,ok,33.5032689454,30
VRPLTW,325,ok,40.1113830514,30
VRPLTW,326,ok,25.9170377531,26
VRPLTW,327,ok,33.7682402270,29
VRPLTW,328,ok,32.8708290623,28
VRPLTW,329,ok,42.1709819850,30
VRPLTW,330,ok,40.1950462690,28
VRPLTW,331,ok,33.7012865021,26
VRPLTW,332,ok,37.7672562806,29
VRPLTW,333,ok,27.2726262996,27
VRPLTW,334,ok,32.7594774726,26
VRPLTW,335,ok,42.0689917795,29
VRPLTW,336,ok,32.8399913700,29
VRPLTW,337,ok,46.0216715922,29
VRPLTW,338,ok,30.3443008189,28
VRPLTW,339,ok,33.9489173602,31
VRPLTW,340,ok,25.1287386766,25
VRPLTW,341,ok,37.3542540499,28
VRPLTW,342,ok,38.5615829898,27
VRPLTW,343,ok,36.4029902394,27
VRPLTW,344,ok,60.7012894852,32
VRPLTW,345,ok,28.5367538900,30
VRPLTW,346,ok,41.9754671346,31
VRPLTW,347,ok,29.4234945304,26
VRPLTW,348,ok,40.4357187110,28
VRPLTW,349,ok,28.8457233738,30
VRPLTW,350,ok,27.7024491121,27
VRPLTW,351,ok,29.9765372786,28
VRPLTW,352,ok,44.3859845132,31
VRPLTW,353,ok,35.6588127123,29
VRPLTW,354,ok,35.3221662167,31
VRPLTW,355,ok,36.4298366953,27
VRPLTW,356,ok,36.6420030939,26
VRPLTW,357,ok,35.2910498199,28
VRPLTW,358,ok,41.7135515462,28
VRPLTW,359,ok,35.0176032525,30
VRPLTW,360,ok,32.1977223896,26
VRPLTW,361,ok,41.7910948248,31
VRPLTW,362,ok,36.5264996269,28
VRPLTW,363,ok,28.0374867625,28
VRPLTW,364,ok,26.5133932921,27
VRPLTW,365,ok,35.1881097216,27
VRPLTW,366,ok,36.4149738206,28
VRPLTW,367,ok,39.6949179162,28
VRPLTW,368,ok,32.4378012703,26
VRPLTW,369,ok,33.2011835462,28
VRPLTW,370,ok,31.6760888692,25
VRPLTW,371,ok,41.0503307480,31
VRPLTW,372,ok,33.9930490324,27
VRPLTW,373,ok,34.7643350822,27
VRPLTW,374,ok,45.4190906302,31
VRPLTW,375,ok,27.8442802498,28
VRPLTW,376,ok,32.7934166234,27
VRPLTW,377,ok,30.7249814448,29
VRPLTW,378,ok,40.4077268341,28
VRPLTW,379,ok,25.1349645777,26
VRPLTW,380,ok,33.1202792567,29
VRPLTW,381,ok,35.0452535103,26
VRPLTW,382,ok,37.8178927948,27
VRPLTW,383,ok,31.9314570477,30
VRPLTW,384,ok,36.6248641113,26
VRPLTW,385,ok,38.1875331063,28
VRPLTW,386,ok,29.1370941860,28
VRPLTW,387,ok,34.0200863551,29
VRPLTW,388,ok,26.1006814220,28
VRPLTW,389,ok,41.9070054246,28
VRPLTW,390,ok,30.3508187190,27
VRPLTW,391,ok,29.6194986234,27
VRPLTW,392,ok,35.5789849992,26
VRPLTW,393,ok,29.0411209960,29
VRPLTW,394,ok,37.7820926689,28
VRPLTW,395,ok,31.4217427905,27
VRPLTW,396,ok,51.8177793256,33
VRPLTW,397,ok,50.3114463559,31
VRPLTW,398,ok,33.9214641955,28
VRPLTW,399,ok,37.7913292414,30
VRPLTW,400,ok,28.7990742006,28
VRPLTW,401,ok,45.4117786663,30
VRPLTW,402,ok,35.1090334322,28
VRPLTW,403,ok,52.6068747063,31
VRPLTW,404,ok,45.5300551368,29
VRPLTW,405,ok,34.7864823677,27
VRPLTW,406,ok,28.5584109206,28
VRPLTW,407,ok,29.0292326746,28
VRPLTW,408,ok,28.8601551611,29
VRPLTW,409,ok,29.7097677026,27
VRPLTW,410,ok,32.5161563183,30
VRPLTW,411,ok,34.2034042417,27
VRPLTW,412,ok,26.8586592100,27
VRPLTW,413,ok,30.3325224274,30
VRPLTW,414,ok,23.6954329425,28
VRPLTW,415,ok,25.0796940695,27
VRPLTW,416,ok,26.8816970582,28
VRPLTW,417,ok,31.0023094771,29
VRPLTW,418,ok,28.0777178892,28
VRPLTW,419,ok,30.3499215936,28
VRPLTW,420,ok,40.9830166506,29
VRPLTW,421,ok,26.0571374551,26
VRPLTW,422,ok,41.4891674022,28
VRPLTW,423,ok,26.9160333289,26
VRPLTW,424,ok,48.4052636735,30
VRPLTW,425,ok,27.3667254800,27
VRPLTW,426,ok,30.9425437975,26
VRPLTW,427,ok,33.2407285059,28
VRPLTW,428,ok,29.3241106629,27
VRPLTW,429,ok,42.4850686199,29
VRPLTW,430,ok,28.0326430196,26
VRPLTW,431,ok,36.1988634618,28
VRPLTW,432,ok,36.7493582163,27
VRPLTW,433,ok,27.3887694607,28
VRPLTW,434,ok,35.5885485435,29
VRPLTW,435,ok,44.5321912013,28
VRPLTW,436,ok,24.9967623422,25
VRPLTW,437,ok,33.4047586408,28
VRPLTW,438,ok,36.3260743150,31
VRPLTW,439,ok,40.3895372647,29
VRPLTW,440,ok,48.1760570923,31
VRPLTW,441,ok,28.5961378632,28
VRPLTW,442,ok,25.9880369522,29
VRPLTW,443,ok,23.6333180872,24
VRPLTW,444,ok,30.8848057740,27
VRPLTW,445,ok,39.7249414383,30
VRPLTW,446,ok,31.5477572532,28
VRPLTW,447,ok,37.4388909536,29
VRPLTW,448,ok,33.1475970597,29
VRPLTW,449,ok,37.6753105913,28
VRPLTW,450,ok,36.1488612575,27
VRPLTW,451,ok,34.5825218033,30
VRPLTW,452,ok,35.5770506618,32
VRPLTW,453,ok,37.5111734208,29
VRPLTW,454,ok,36.6586031673,27
VRPLTW,455,ok,37.3101566689,27
VRPLTW,456,ok,27.7254314694,26
VRPLTW,457,ok,32.5483731449,28
VRPLTW,458,ok,29.7913181138,29
VRPLTW,459,ok,36.9289007114,27
VRPLTW,460,ok,37.2576920352,26
VRPLTW,461,ok,36.9357761805,26
VRPLTW,462,ok,31.6868857936,27
VRPLTW,463,ok,38.9322038536,28
VRPLTW,464,ok,29.6971512303,28
VRPLTW,465,ok,28.2937991578,28
VRPLTW,466,ok,32.7036756314,26
VRPLTW,467,ok,31.5500615930,29
VRPLTW,468,ok,39.7557039564,29
VRPLTW,469,ok,47.6826556335,30
VRPLTW,470,ok,33.8768217387,27
VRPLTW,471,ok,34.9931804219,28
VRPLTW,472,ok,34.6618124032,27
VRPLTW,473,ok,28.2873478336,25
VRPLTW,474,ok,24.4269502542,28
VRPLTW,475,ok,30.8096620346,31
VRPLTW,476,ok,41.6595969650,29
VRPLTW,477,ok,29.7410456082,27
VRPLTW,478,ok,27.1256545326,26
VRPLTW,479,ok,28.5723964244,27
VRPLTW,480,ok,29.1690217359,28
VRPLTW,481,ok,31.6045824216,26
VRPLTW,482,ok,26.0995311051,26
VRPLTW,483,ok,40.9274254667,29
VRPLTW,484,ok,34.0842074464,30
VRPLTW,485,ok,27.3465665682,28
VRPLTW,486,ok,37.2637378330,29
VRPLTW,487,ok,33.6113947509,27
VRPLTW,488,ok,31.3863726140,27
VRPLTW,489,ok,34.7687599788,30
VRPLTW,490,ok,31.1838688067,28
VRPLTW,491,ok,30.1909378201,31
VRPLTW,492,ok,33.3157396220,26
VRPLTW,493,ok,26.7212003905,27
VRPLTW,494,ok,29.2115219239,29
VRPLTW,495,ok,33.6332030189,27
VRPLTW,496,ok,43.6862065648,28
VRPLTW,497,ok,30.9000460534,26
VRPLTW,498,ok,27.7686136869,27
VRPLTW,499,ok,29.0803056231,26
VRPLTW,500,ok,33.2509879914,26
VRPLTW,501,ok,39.9507458523,27
VRPLTW,502,ok,42.3473584594,29
VRPLTW,503,ok,31.2810686389,28
VRPLTW,504,ok,31.8861839479,28
VRPLTW,505,ok,29.7063932149,29
VRPLTW,506,ok,33.5099989869,29
VRPLTW,507,ok,44.3702011041,30
VRPLTW,508,ok,44.2179123521,31
VRPLTW,509,ok,33.0331135161,27
VRPLTW,510,ok,26.3909708862,26
VRPLTW,511,ok,28.2940063877,27
VRPLTW,512,ok,27.3409691835,26
VRPLTW,513,ok,28.6141023328,28
VRPLTW,514,ok,31.7127864042,29
VRPLTW,515,ok,33.1258024429,28
VRPLTW,516,ok,31.6305103709,26
VRPLTW,517,ok,49.8808552356,30
VRPLTW,518,ok,26.0417786405,26
VRPLTW,519,ok,29.9435881103,31
VRPLTW,520,ok,34.4746859689,28
VRPLTW,521,ok,49.1161751242,30
VRPLTW,522,ok,26.4321558640,27
VRPLTW,523,ok,29.3077233856,30
VRPLTW,524,ok,52.2237698996,31
VRPLTW,525,ok,44.5384884779,28
VRPLTW,526,ok,37.1777388593,29
VRPLTW,527,ok,40.4854698852,29
VRPLTW,528,ok,30.7931666860,28
VRPLTW,529,ok,32.1651850630,28
VRPLTW,530,ok,23.6221903700,24
VRPLTW,531,ok,27.1687086839,29
VRPLTW,532,ok,38.9642036526,28
VRPLTW,533,ok,29.3419792332,27
VRPLTW,534,ok,35.5980320451,29
VRPLTW,535,ok,50.9494140645,29
VRPLTW,536,ok,28.5330356053,26
VRPLTW,537,ok,38.1130541202,30
VRPLTW,538,ok,33.9691443477,26
VRPLTW,539,ok,35.4672202647,28
VRPLTW,540,ok,39.6016760389,28
VRPLTW,541,ok,43.2324154322,28
VRPLTW,542,ok,32.0291651998,25
VRPLTW,543,ok,32.6213840951,28
VRPLTW,544,ok,36.1848403913,30
VRPLTW,545,ok,39.4561533812,28
VRPLTW,546,ok,25.8005973816,26
VRPLTW,547,ok,28.9910690090,30
VRPLTW,548,ok,25.2067360132,26
VRPLTW,549,ok,47.5126047706,32
VRPLTW,550,ok,29.7916746429,27
VRPLTW,551,ok,39.0650750966,31
VRPLTW,552,ok,30.2936255143,26
VRPLTW,553,ok,31.2230849636,31
VRPLTW,554,ok,29.0511132626,27
VRPLTW,555,ok,30.2097547698,27
VRPLTW,556,ok,40.1661185211,31
VRPLTW,557,ok,31.0704734754,28
VRPLTW,558,ok,25.3007279234,27
VRPLTW,559,ok,46.0784858893,30
VRPLTW,560,ok,38.1530347976,32
VRPLTW,561,ok,27.4490767816,26
VRPLTW,562,ok,29.0132177030,29
VRPLTW,563,ok,57.8076614695,33
VRPLTW,564,ok,35.2959831117,27
VRPLTW,565,ok,36.6876424161,31
VRPLTW,566,ok,33.7865467424,27
VRPLTW,567,ok,48.8952087970,32
VRPLTW,568,ok,26.8924010261,29
VRPLTW,569,ok,31.2990748192,29
VRPLTW,570,ok,34.2831595193,29
VRPLTW,571,ok,38.4516440109,30
VRPLTW,572,ok,32.2203551337,31
VRPLTW,573,ok,34.9748975234,26
VRPLTW,574,ok,32.3394137188,29
VRPLTW,575,ok,28.9899326270,27
VRPLTW,576,ok,40.0286176450,28
VRPLTW,577,ok,33.9082834391,28
VRPLTW,578,ok,47.5330328548,29
VRPLTW,579,ok,41.3761928148,28
VRPLTW,580,ok,41.1445003012,31
VRPLTW,581,ok,25.2481059861,24
VRPLTW,582,ok,37.3086845355,28
VRPLTW,583,ok,29.1471961974,26
VRPLTW,584,ok,30.6044932742,29
VRPLTW,585,ok,33.9782663809,28
VRPLTW,586,ok,47.1317263876,31
VRPLTW,587,ok,30.7508568333,25
VRPLTW,588,ok,37.8968687459,28
VRPLTW,589,ok,31.2214460373,27
VRPLTW,590,ok,31.1596127852,26
VRPLTW,591,ok,34.6759507352,29
VRPLTW,592,ok,29.9460320900,28
VRPLTW,593,ok,42.2001917305,28
VRPLTW,594,ok,35.9525512888,29
VRPLTW,595,ok,25.8138811712,27
VRPLTW,596,ok,33.9929915737,30
VRPLTW,597,ok,39.3385525380,28
VRPLTW,598,ok,43.7980827249,29
VRPLTW,599,ok,35.3013925500,26
VRPLTW,600,ok,34.4623928653,27
VRPLTW,601,ok,25.7192017117,27
VRPLTW,602,ok,37.7705789199,30
VRPLTW,603,ok,24.2794858899,23
VRPLTW,604,ok,27.2744628712,27
VRPLTW,605,ok,33.4974606078,26
VRPLTW,606,ok,39.4191051632,29
VRPLTW,607,ok,32.8367573742,27
VRPLTW,608,ok,31.0387442518,29
VRPLTW,609,ok,41.4691888418,30
VRPLTW,610,ok,31.5540208385,29
VRPLTW,611,ok,44.2565033370,27
VRPLTW,612,ok,48.6193622250,32
VRPLTW,613,ok,37.4299001459,30
VRPLTW,614,ok,30.9535711372,25
VRPLTW,615,ok,45.6190420056,29
VRPLTW,616,ok,30.1844049802,29
VRPLTW,617,ok,37.3866288529,28
VRPLTW,618,ok,39.3347231223,30
VRPLTW,619,ok,32.9557232906,28
VRPLTW,620,ok,27.4236357723,28
VRPLTW,621,ok,42.8889898744,29
VRPLTW,622,ok,41.3311650435,29
VRPLTW,623,ok,32.6863739622,29
VRPLTW,624,ok,28.7447072666,29
VRPLTW,625,ok,36.0358871721,25
VRPLTW,626,ok,28.9181179356,27
VRPLTW,627,ok,41.4215816426,30
VRPLTW,628,ok,43.9977393761,30
VRPLTW,629,ok,30.2937938041,25
VRPLTW,630,ok,29.0316875221,25
VRPLTW,631,ok,36.5819255329,25
VRPLTW,632,ok,33.5580742222,25
VRPLTW,633,ok,35.6965280740,29
VRPLTW,634,ok,34.1838657463,30
VRPLTW,635,ok,40.4831754967,29
VRPLTW,636,ok,41.0237471455,30
VRPLTW,637,ok,31.1850701683,28
VRPLTW,638,ok,32.4651554057,27
VRPLTW,639,ok,32.2440271250,27
VRPLTW,640,ok,34.4328798082,28
VRPLTW,641,ok,26.6512162252,27
VRPLTW,642,ok,26.2927323957,27
VRPLTW,643,ok,38.3016618262,30
VRPLTW,644,ok,46.9883243303,31
VRPLTW,645,ok,34.2997207548,30
VRPLTW,646,ok,32.4199774016,25
VRPLTW,647,ok,32.3594525496,30
VRPLTW,648,ok,28.9841293773,29
VRPLTW,649,ok,28.0628787335,29
VRPLTW,650,ok,31.2075804774,26
VRPLTW,651,ok,26.3908441074,27
VRPLTW,652,ok,27.1745385239,27
VRPLTW,653,ok,43.5488177917,28
VRPLTW,654,ok,36.7317470753,27
VRPLTW,655,ok,37.8012745077,29
VRPLTW,656,ok,26.8381073571,28
VRPLTW,657,ok,30.9569667170,28
VRPLTW,658,ok,34.7158653965,30
VRPLTW,659,ok,34.5422417209,27
VRPLTW,660,ok,33.8102368478,28
VRPLTW,661,ok,27.7777495499,24
VRPLTW,662,ok,28.1370037091,31
VRPLTW,663,ok,27.0364378257,28
VRPLTW,664,ok,27.0178098380,26
VRPLTW,665,ok,24.5668450934,24
VRPLTW,666,ok,26.0760873662,25
VRPLTW,667,ok,31.9908632242,27
VRPLTW,668,ok,26.4883955350,30
VRPLTW,669,ok,36.1339798002,29
VRPLTW,670,ok,27.0186899582,28
VRPLTW,671,ok,33.3773600802,27
VRPLTW,672,ok,40.7709983069,31
VRPLTW,673,ok,32.7912329227,28
VRPLTW,674,ok,24.6499865435,25
VRPLTW,675,ok,28.2475178673,27
VRPLTW,676,ok,26.0838543990,28
VRPLTW,677,ok,26.2197213671,26
VRPLTW,678,ok,25.7668131644,27
VRPLTW,679,ok,34.0292093317,29
VRPLTW,680,ok,29.0746446480,27
VRPLTW,681,ok,41.9650571771,29
VRPLTW,682,ok,42.2370536808,30
VRPLTW,683,ok,38.1273446848,28
VRPLTW,684,ok,33.7451843479,28
VRPLTW,685,ok,26.9788472300,30
VRPLTW,686,ok,30.5795625462,26
VRPLTW,687,ok,39.6329166343,28
VRPLTW,688,ok,26.4255573203,27
VRPLTW,689,ok,28.1217854421,29
VRPLTW,690,ok,40.1842436802,30
VRPLTW,691,ok,26.0734442681,26
VRPLTW,692,ok,30.3849447162,28
VRPLTW,693,ok,38.0402705173,29
VRPLTW,694,ok,27.2300465850,27
VRPLTW,695,ok,37.0240964856,28
VRPLTW,696,ok,25.8314294344,26
VRPLTW,697,ok,43.5793043681,30
VRPLTW,698,ok,29.9511882372,24
VRPLTW,699,ok,25.6572295117,29
VRPLTW,700,ok,38.9491898899,28
VRPLTW,701,ok,26.9379877584,27
VRPLTW,702,ok,28.0862917111,28
VRPLTW,703,ok,34.8332433277,28
VRPLTW,704,ok,25.5872104878,28
VRPLTW,705,ok,27.0084710147,29
VRPLTW,706,ok,26.3642593629,29
VRPLTW,707,ok,32.2554452209,30
VRPLTW,708,ok,35.9724755138,26
VRPLTW,709,ok,29.3137208707,28
VRPLTW,710,ok,32.3404877834,30
VRPLTW,711,ok,33.3378144188,28
VRPLTW,712,ok,29.5522150998,25
VRPLTW,713,ok,45.8413839648,32
VRPLTW,714,ok,28.1411164603,27
VRPLTW,715,ok,26.9139905378,25
VRPLTW,716,ok,32.7976082713,27
VRPLTW,717,ok,31.3723043451,26
VRPLTW,718,ok,31.2868369648,27
VRPLTW,719,ok,27.3780297862,27
VRPLTW,720,ok,33.8024396605,30
VRPLTW,721,ok,35.0837043729,28
VRPLTW,722,ok,27.1753669393,24
VRPLTW,723,ok,31.9406826635,27
VRPLTW,724,ok,37.9013300969,29
VRPLTW,725,ok,29.1253085325,27
VRPLTW,726,ok,27.3826590344,25
VRPLTW,727,ok,33.1266961730,28
VRPLTW,728,ok,41.3340057966,27
VRPLTW,729,ok,30.8769216488,26
VRPLTW,730,ok,34.6355237126,28
VRPLTW,731,ok,37.6963242433,28
VRPLTW,732,ok,35.9532128966,29
VRPLTW,733,ok,29.8276335766,28
VRPLTW,734,ok,34.2997169052,29
VRPLTW,735,ok,32.7464964252,31
VRPLTW,736,ok,26.8418936510,29
VRPLTW,737,ok,36.2569576477,28
VRPLTW,738,ok,36.9894720719,27
VRPLTW,739,ok,25.1359572373,28
VRPLTW,740,ok,43.3946837924,30
VRPLTW,741,ok,35.9134046098,29
VRPLTW,742,ok,32.6955482767,29
VRPLTW,743,ok,30.6294903622,27
VRPLTW,744,ok,38.1127405030,27
VRPLTW,745,ok,36.2960353267,28
VRPLTW,746,ok,42.6060701837,29
VRPLTW,747,ok,40.2271656563,27
VRPLTW,748,ok,36.6029299485,28
VRPLTW,749,ok,42.7677936068,27
VRPLTW,750,ok,25.5765052937,26
VRPLTW,751,ok,28.1870152864,28
VRPLTW,752,ok,41.8344897916,28
VRPLTW,753,ok,29.0526926572,27
VRPLTW,754,ok,27.3037960875,26
VRPLTW,755,ok,36.8492438958,28
VRPLTW,756,ok,36.5305548908,30
VRPLTW,757,ok,38.5091574209,29
VRPLTW,758,ok,37.0397594232,27
VRPLTW,759,ok,30.4363033762,30
VRPLTW,760,ok,30.3216730447,24
VRPLTW,761,ok,50.4697026063,31
VRPLTW,762,ok,33.4152709049,32
VRPLTW,763,ok,42.6181905889,28
VRPLTW,764,ok,31.2622708261,29
VRPLTW,765,ok,26.2294118957,29
VRPLTW,766,ok,28.7829894624,29
VRPLTW,767,ok,41.5034172720,31
VRPLTW,768,ok,33.6801102282,29
VRPLTW,769,ok,36.0878266628,29
VRPLTW,770,ok,32.6655202451,30
VRPLTW,771,ok,33.4915893205,30
VRPLTW,772,ok,31.0870952968,30
VRPLTW,773,ok,30.4085788386,26
VRPLTW,774,ok,36.6164389340,27
VRPLTW,775,ok,39.0148318264,28
VRPLTW,776,ok,33.7729382072,27
VRPLTW,777,ok,45.8912236331,31
VRPLTW,778,ok,32.5953500789,27
VRPLTW,779,ok,30.0990480703,27
VRPLTW,780,ok,25.8848798722,26
VRPLTW,781,ok,29.7215671274,28
VRPLTW,782,ok,41.3602015108,29
VRPLTW,783,ok,23.9008170869,26
VRPLTW,784,ok,36.2941705157,28
VRPLTW,785,ok,31.6631958998,32
VRPLTW,786,ok,43.3955023157,29
VRPLTW,787,ok,34.5052122728,27
VRPLTW,788,ok,32.3665876900,31
VRPLTW,789,ok,45.7139550044,30
VRPLTW,790,ok,32.3941265609,29
VRPLTW,791,ok,39.6578590658,29
VRPLTW,792,ok,33.7758878062,27
VRPLTW,793,ok,34.3765333476,28
VRPLTW,794,ok,37.1625443676,28
VRPLTW,795,ok,33.0576813356,28
VRPLTW,796,ok,31.4676083143,27
VRPLTW,797,ok,37.0638749341,28
VRPLTW,798,ok,38.6909449774,29
VRPLTW,799,ok,47.0842317506,29
VRPLTW,800,ok,32.4039022219,27
VRPLTW,801,ok,36.9229581408,27
VRPLTW,802,ok,30.3688939425,27
VRPLTW,803,ok,26.5675530092,30
VRPLTW,804,ok,48.0291345354,29
VRPLTW,805,ok,29.5229587220,28
VRPLTW,806,ok,37.6283599057,28
VRPLTW,807,ok,33.7951362852,29
VRPLTW,808,ok,31.5926664122,27
VRPLTW,809,ok,40.8969261921,29
VRPLTW,810,ok,36.7944634039,27
VRPLTW,811,ok,40.3986265349,29
VRPLTW,812,ok,32.0042602692,25
VRPLTW,813,ok,26.5581000914,28
VRPLTW,814,ok,32.8643252143,27
VRPLTW,815,ok,28.0070228207,26
VRPLTW,816,ok,25.4226654610,27
VRPLTW,817,ok,30.9998800128,28
VRPLTW,818,ok,31.0822738374,28
VRPLTW,819,ok,24.9401880022,28
VRPLTW,820,ok,40.9830694387,28
VRPLTW,821,ok,26.6503487136,28
VRPLTW,822,ok,33.3160005270,29
VRPLTW,823,ok,49.1273734199,30
VRPLTW,824,ok,30.6790742400,28
VRPLTW,825,ok,25.8606599062,23
VRPLTW,826,ok,35.0240480297,32
VRPLTW,827,ok,25.4775238445,26
VRPLTW,828,ok,28.7794820630,27
VRPLTW,829,ok,34.0319351924,26
VRPLTW,830,ok,26.8013986343,28
VRPLTW,831,ok,35.5635559120,31
VRPLTW,832,ok,51.9990254520,32
VRPLTW,833,ok,27.4336799557,32
VRPLTW,834,ok,32.9388317728,31
VRPLTW,835,ok,28.7853191366,30
VRPLTW,836,ok,35.3555668956,26
VRPLTW,837,ok,35.0023925956,30
VRPLTW,838,ok,43.2838190884,29
VRPLTW,839,ok,46.5437115501,30
VRPLTW,840,ok,43.2997449132,28
VRPLTW,841,ok,42.6734244877,29
VRPLTW,842,ok,28.4908554267,30
VRPLTW,843,ok,27.9258819574,30
VRPLTW,844,ok,32.7586458610,26
VRPLTW,845,ok,27.4981108313,29
VRPLTW,846,ok,26.8770512380,27
VRPLTW,847,ok,26.4072973215,27
VRPLTW,848,ok,42.6485261032,28
VRPLTW,849,ok,38.4031768189,28
VRPLTW,850,ok,36.8942760573,28
VRPLTW,851,ok,27.9015804897,28
VRPLTW,852,ok,41.2967150345,31
VRPLTW,853,ok,35.1185932996,28
VRPLTW,854,ok,29.7135109332,27
VRPLTW,855,ok,31.4549397459,26
VRPLTW,856,ok,35.5093723122,31
VRPLTW,857,ok,27.4264144022,28
VRPLTW,858,ok,35.7610413591,26
VRPLTW,859,ok,27.0528633972,27
VRPLTW,860,ok,38.6005863026,27
VRPLTW,861,ok,24.4762052662,27
VRPLTW,862,ok,34.0412438718,30
VRPLTW,863,ok,39.4652753443,29
VRPLTW,864,ok,33.7056591998,29
VRPLTW,865,ok,30.0472910946,27
VRPLTW,866,ok,27.5575404469,28
VRPLTW,867,ok,43.4287779190,29
VRPLTW,868,ok,35.2086717607,29
VRPLTW,869,ok,28.1953687479,26
VRPLTW,870,ok,43.8663644632,31
VRPLTW,871,ok,35.1025965440,30
VRPLTW,872,ok,32.5986481480,27
VRPLTW,873,ok,33.9516624435,28
VRPLTW,874,ok,32.2314837939,29
VRPLTW,875,ok,40.4888099720,30
VRPLTW,876,ok,40.0485660841,29
VRPLTW,877,ok,27.1502694564,28
VRPLTW,878,ok,31.2929574109,27
VRPLTW,879,ok,35.9640181465,28
VRPLTW,880,ok,31.5669949168,28
VRPLTW,881,ok,30.5545481877,27
VRPLTW,882,ok,35.3575525535,31
VRPLTW,883,ok,44.0240382561,30
VRPLTW,884,ok,26.2313860397,27
VRPLTW,885,ok,46.9683765950,31
VRPLTW,886,ok,31.9908816564,27
VRPLTW,887,ok,34.0721879955,28
VRPLTW,888,ok,43.9128124889,27
VRPLTW,889,ok,27.3399356335,26
VRPLTW,890,ok,52.4577919909,32
VRPLTW,891,ok,25.3265240656,25
VRPLTW,892,ok,25.7585409024,28
VRPLTW,893,ok,44.0114097691,33
VRPLTW,894,ok,32.7152686751,27
VRPLTW,895,ok,43.4676959752,30
VRPLTW,896,ok,26.9379455476,25
VRPLTW,897,ok,30.9579790550,28
VRPLTW,898,ok,35.4236031053,26
VRPLTW,899,ok,53.1091820884,33
VRPLTW,900,ok,27.6015096609,25
VRPLTW,901,ok,34.9975334098,28
VRPLTW,902,ok,37.0433814853,28
VRPLTW,903,ok,39.8416325044,29
VRPLTW,904,ok,24.7515752407,25
VRPLTW,905,ok,37.5282737543,29
VRPLTW,906,ok,30.2507490114,28
VRPLTW,907,ok,42.7313906900,29
VRPLTW,908,ok,33.1228994386,29
VRPLTW,909,ok,28.9915546183,27
VRPLTW,910,ok,36.5903311952,28
VRPLTW,911,ok,36.6234928857,28
VRPLTW,912,ok,32.4653692936,28
VRPLTW,913,ok,30.8965833741,29
VRPLTW,914,ok,35.8863339985,28
VRPLTW,915,ok,37.3257395663,27
VRPLTW,916,ok,41.6224383438,27
VRPLTW,917,ok,28.1688969777,26
VRPLTW,918,ok,25.4866621329,27
VRPLTW,919,ok,29.1867607478,28
VRPLTW,920,ok,34.7410301464,33
VRPLTW,921,ok,44.9817141530,31
VRPLTW,922,ok,46.7782407270,29
VRPLTW,923,ok,36.6909990649,27
VRPLTW,924,ok,50.2439312875,30
VRPLTW,925,ok,39.9777931817,31
VRPLTW,926,ok,33.0876805544,28
VRPLTW,927,ok,40.5905593244,30
VRPLTW,928,ok,38.4450584839,29
VRPLTW,929,ok,27.0087165408,29
VRPLTW,930,ok,35.6785473316,28
VRPLTW,931,ok,31.8339793447,28
VRPLTW,932,ok,29.0098686326,29
VRPLTW,933,ok,37.4216527658,28
VRPLTW,934,ok,37.9575713462,30
VRPLTW,935,ok,38.2242091099,30
VRPLTW,936,ok,31.6508023395,24
VRPLTW,937,ok,27.0848702945,27
VRPLTW,938,ok,40.2636231156,30
VRPLTW,939,ok,42.3663545446,30
VRPLTW,940,ok,36.9340397813,29
VRPLTW,941,ok,34.9401567673,29
VRPLTW,942,ok,30.8937414664,31
VRPLTW,943,ok,37.2706043855,28
VRPLTW,944,ok,40.1833314073,29
VRPLTW,945,ok,33.8870482865,27
VRPLTW,946,ok,27.4294639427,27
VRPLTW,947,ok,25.7723409393,26
VRPLTW,948,ok,35.1401992242,26
VRPLTW,949,ok,32.5916893721,29
VRPLTW,950,ok,28.4283920044,28
VRPLTW,951,ok,29.2629791320,24
VRPLTW,952,ok,26.6416031861,28
VRPLTW,953,ok,42.2389562524,29
VRPLTW,954,ok,30.2677945412,27
VRPLTW,955,ok,28.4402342551,32
VRPLTW,956,ok,35.3392075075,28
VRPLTW,957,ok,27.0867851575,27
VRPLTW,958,ok,30.4436894656,29
VRPLTW,959,ok,49.1939987306,31
VRPLTW,960,ok,29.8004544145,28
VRPLTW,961,ok,40.5183478284,29
VRPLTW,962,ok,34.2199910282,28
VRPLTW,963,ok,27.4360932200,27
VRPLTW,964,ok,35.4500522541,28
VRPLTW,965,ok,31.0100719091,30
VRPLTW,966,ok,32.0166971509,30
VRPLTW,967,ok,27.7958044123,30
VRPLTW,968,ok,35.7620870660,31
VRPLTW,969,ok,26.2527224747,26
VRPLTW,970,ok,26.9838120968,24
VRPLTW,971,ok,30.8119880539,27
VRPLTW,972,ok,35.5401966543,29
VRPLTW,973,ok,26.5946388289,26
VRPLTW,974,ok,28.1423645589,29
VRPLTW,975,ok,38.1591471988,28
VRPLTW,976,ok,33.4840568297,27
VRPLTW,977,ok,40.8632332774,29
VRPLTW,978,ok,32.1150151911,27
VRPLTW,979,ok,31.2106439952,25
VRPLTW,980,ok,29.5675063057,28
VRPLTW,981,ok,35.3974103066,30
VRPLTW,982,ok,36.5272548988,29
VRPLTW,983,ok,33.5328198006,28
VRPLTW,984,ok,36.9856567587,30
VRPLTW,985,ok,34.1097617750,28
VRPLTW,986,ok,30.7612653949,28
VRPLTW,987,ok,31.2267263884,28
VRPLTW,988,ok,29.3050059972,25
VRPLTW,989,ok,30.5483473708,24
VRPLTW,990,ok,32.0554796260,29
VRPLTW,991,ok,37.6919135260,27
VRPLTW,992,ok,34.1168035037,32
VRPLTW,993,ok,33.4768709201,31
VRPLTW,994,ok,37.5317248172,33
VRPLTW,995,ok,38.8611617419,30
VRPLTW,996,ok,31.7806699172,26
VRPLTW,997,ok,42.1908490277,29
VRPLTW,998,ok,33.9208080734,28
VRPLTW,999,ok,24.3580865099,25
OVRPBL,0,ok,9.5963854662,7
OVRPBL,1,ok,9.8426434740,9
OVRPBL,2,ok,8.8659124501,8
OVRPBL,3,ok,10.0538262748,9
OVRPBL,4,ok,10.4730216360,8
OVRPBL,5,ok,9.1983860822,8
OVRPBL,6,ok,9.7146077232,8
OVRPBL,7,ok,8.5592814176,8
OVRPBL,8,ok,9.2400924546,8
OVRPBL,9,ok,9.9483446366,8
OVRPBL,10,ok,8.7394886526,8
OVRPBL,11,ok,9.3660561706,7
OVRPBL,12,ok,10.6226242115,8
OVRPBL,13,ok,10.8539127891,7
OVRPBL,14,ok,10.4484318111,10
OVRPBL,15,ok,10.3954835050,8
OVRPBL,16,ok,9.2150474104,9
OVRPBL,17,ok,9.2700298686,9
OVRPBL,18,ok,10.4939063670,9
OVRPBL,19,ok,9.2432008434,7
OVRPBL,20,ok,9.2500722702,7
OVRPBL,21,ok,10.0001369116,9
OVRPBL,22,ok,9.6631664073,8
OVRPBL,23,ok,9.3605693980,7
OVRPBL,24,ok,9.6731554860,6
OVRPBL,25,ok,10.2226100216,6
OVRPBL,26,ok,9.8909612313,9
OVRPBL,27,ok,8.9463540037,7
OVRPBL,28,ok,10.5846218455,8
OVRPBL,29,ok,11.1042108836,11
OVRPBL,30,ok,9.7981545600,8
OVRPBL,31,ok,9.1471076824,8
OVRPBL,32,ok,9.3478523256,9
OVRPBL,33,ok,9.7356548354,7
OVRPBL,34,ok,10.6157386844,8
OVRPBL,35,ok,9.0560627979,8
OVRPBL,36,ok,9.4662796593,8
OVRPBL,37,ok,10.6698390363,8
OVRPBL,38,ok,8.8188244347,7
OVRPBL,39,ok,8.5979508947,7
OVRPBL,40,ok,9.5269563319,8
OVRPBL,41,ok,10.4840821071,8
OVRPBL,42,ok,10.1012897421,8
OVRPBL,43,ok,8.7248926545,9
OVRPBL,44,ok,9.1446485923,7
OVRPBL,45,ok,10.7453896997,7
OVRPBL,46,ok,9.5769546501,10
OVRPBL,47,ok,9.2859303874,6
OVRPBL,48,ok,9.4148013421,7
OVRPBL,49,ok,9.8194250521,8
OVRPBL,50,ok,10.7782188585,8
OVRPBL,51,ok,10.5119728051,8
OVRPBL,52,ok,10.4775521593,9
OVRPBL,53,ok,10.0923889473,8
OVRPBL,54,ok,9.3440106673,7
OVRPBL,55,ok,9.7179935091,9
OVRPBL,56,ok,9.0909202895,6
OVRPBL,57,ok,9.1735004702,10
OVRPBL,58,ok,8.8120311785,7
OVRPBL,59,ok,9.7694593101,7
OVRPBL,60,ok,9.3323569946,9
OVRPBL,61,ok,9.7209340633,9
OVRPBL,62,ok,8.9531362726,8
OVRPBL,63,ok,10.1178360624,8
OVRPBL,64,ok,10.2046528361,7
OVRPBL,65,ok,8.7005293226,7
OVRPBL,66,ok,8.9960804024,7
OVRPBL,67,ok,8.7651045288,9
OVRPBL,68,ok,9.2841832821,7
OVRPBL,69,ok,10.5978136709,7
OVRPBL,70,ok,9.6786540754,8
OVRPBL,71,ok,8.6846042756,6
OVRPBL,72,ok,8.4002054763,10
OVRPBL,73,ok,9.1751599435,7
OVRPBL,74,ok,8.9890488459,8
OVRPBL,75,ok,8.6406722537,7
OVRPBL,76,ok,8.3750086189,11
OVRPBL,77,ok,9.4186197618,7
OVRPBL,78,ok,9.3388098462,7
OVRPBL,79,ok,9.2482581490,9
OVRPBL,80,ok,9.4363144188,8
OVRPBL,81,ok,9.5057730387,8
OVRPBL,82,ok,9.9561114418,8
OVRPBL,83,ok,10.1378331549,8
OVRPBL,84,ok,8.6828862878,7
OVRPBL,85,ok,9.7421181857,10
OVRPBL,86,ok,10.7820964090,9
OVRPBL,87,ok,9.4214377981,7
OVRPBL,88,ok,11.2356426744,9
OVRPBL,89,ok,8.6103169070,7
OVRPBL,90,ok,9.4501084622,9
OVRPBL,91,ok,9.8440125491,8
OVRPBL,92,ok,9.7254597296,6
OVRPBL,93,ok,10.0872564998,8
OVRPBL,94,ok,9.1540879626,8
OVRPBL,95,ok,9.3322543881,10
OVRPBL,96,ok,10.0141293851,8
OVRPBL,97,ok,9.4778106323,7
OVRPBL,98,ok,11.4449295895,8
OVRPBL,99,ok,9.1842930831,8
OVRPBL,100,ok,10.6522947656,7
OVRPBL,101,ok,8.7723236320,7
OVRPBL,102,ok,9.2873168818,8
OVRPBL,103,ok,10.6471575111,10
OVRPBL,104,ok,9.2850923368,8
OVRPBL,105,ok,10.8152441319,8
OVRPBL,106,ok,11.4387032193,10
OVRPBL,107,ok,10.3301494874,8
OVRPBL,108,ok,10.1331526286,9
OVRPBL,109,ok,9.6086605909,8
OVRPBL,110,ok,9.4996549178,7
OVRPBL,111,ok,10.3049040859,8
OVRPBL,112,ok,9.6004324403,7
OVRPBL,113,ok,11.2677124781,8
OVRPBL,114,ok,10.1001854912,9
OVRPBL,115,ok,9.9120573240,9
OVRPBL,116,ok,9.2221132736,8
OVRPBL,117,ok,9.8910680140,9
OVRPBL,118,ok,8.9081250271,9
OVRPBL,119,ok,10.0103504081,7
OVRPBL,120,ok,9.2728716835,11
OVRPBL,121,ok,9.8772505445,8
OVRPBL,122,ok,10.1233127825,9
OVRPBL,123,ok,10.3103793442,8
OVRPBL,124,ok,10.6178933798,6
OVRPBL,125,ok,10.8652385285,8
OVRPBL,126,ok,9.9321795093,7
OVRPBL,127,ok,9.3310763950,8
OVRPBL,128,ok,9.5028925713,9
OVRPBL,129,ok,9.5142407685,7
OVRPBL,130,ok,9.1060183667,8
OVRPBL,131,ok,10.5699372657,7
OVRPBL,132,ok,10.0270670137,8
OVRPBL,133,ok,9.9381470600,7
OVRPBL,134,ok,10.0547518085,9
OVRPBL,135,ok,9.3880856129,9
OVRPBL,136,ok,9.1602603655,8
OVRPBL,137,ok,9.4905095798,8
OVRPBL,138,ok,10.1312104092,8
OVRPBL,139,ok,9.4063944426,7
OVRPBL,140,ok,9.1476504905,8
OVRPBL,141,ok,9.7305049737,8
OVRPBL,142,ok,10.0906837398,8
OVRPBL,143,ok,9.1669587743,9
OVRPBL,144,ok,8.9086267611,8
OVRPBL,145,ok,9.1347391929,8
OVRPBL,146,ok,11.3051206313,8
OVRPBL,147,ok,10.4850244497,8
OVRPBL,148,ok,9.2133820304,6
OVRPBL,149,ok,10.4526236366,8
OVRPBL,150,ok,9.1356030746,9
OVRPBL,151,ok,9.8496554272,10
OVRPBL,152,ok,9.7766169601,9
OVRPBL,153,ok,8.8941446438,9
OVRPBL,154,ok,10.1193229620,9
OVRPBL,155,ok,10.0443585205,9
OVRPBL,156,ok,8.8691279405,7
OVRPBL,157,ok,9.8588454796,8
OVRPBL,158,ok,9.0815202249,7
OVRPBL,159,ok,10.5506886040,9
OVRPBL,160,ok,9.3203297440,7
OVRPBL,161,ok,9.5469239205,7
OVRPBL,162,ok,9.8090727738,8
OVRPBL,163,ok,9.3953419130,8
OVRPBL,164,ok,9.3966078604,9
OVRPBL,165,ok,9.8907209568,9
OVRPBL,166,ok,9.1663313460,5
OVRPBL,167,ok,10.1552179439,6
OVRPBL,168,ok,10.2909374835,9
OVRPBL,169,ok,9.7837847202,8
OVRPBL,170,ok,9.5585184742,6
OVRPBL,171,ok,9.4474183087,9
OVRPBL,172,ok,9.8163157646,9
OVRPBL,173,ok,9.1051940441,8
OVRPBL,174,ok,8.9146911285,9
OVRPBL,175,ok,8.5718782813,8
OVRPBL,176,ok,10.6065976080,8
OVRPBL,177,ok,11.1922928045,8
OVRPBL,178,ok,8.6396695037,8
OVRPBL,179,ok,9.2685096528,9
OVRPBL,180,ok,9.5485040180,6
OVRPBL,181,ok,9.7071531525,8
OVRPBL,182,ok,9.4607984634,7
OVRPBL,183,ok,10.2288992539,7
OVRPBL,184,ok,10.6493987732,10
OVRPBL,185,ok,8.9465448921,7
OVRPBL,186,ok,9.2297330511,9
OVRPBL,187,ok,10.4882661794,8
OVRPBL,188,ok,8.3773198835,7
OVRPBL,189,ok,9.0648472139,8
OVRPBL,190,ok,10.7663868195,7
OVRPBL,191,ok,9.6096828257,8
OVRPBL,192,ok,10.4887712839,8
OVRPBL,193,ok,10.6915943192,8
OVRPBL,194,ok,9.4944859647,9
OVRPBL,195,ok,10.2117042685,7
OVRPBL,196,ok,9.6542612680,8
OVRPBL,197,ok,9.3262696275,7
OVRPBL,198,ok,9.5280054228,10
OVRPBL,199,ok,9.5098253458,9
OVRPBL,200,ok,9.5852840466,9
OVRPBL,201,ok,10.2038169306,8
OVRPBL,202,ok,9.9938166257,9
OVRPBL,203,ok,11.3098811682,7
OVRPBL,204,ok,10.2670016046,8
OVRPBL,205,ok,9.5439408678,8
OVRPBL,206,ok,9.2330556832,9
OVRPBL,207,ok,8.6598858490,7
OVRPBL,208,ok,9.6460675249,8
OVRPBL,209,ok,10.7427155887,8
OVRPBL,210,ok,9.9031296163,7
OVRPBL,211,ok,10.3153833411,6
OVRPBL,212,ok,9.1171829595,8
OVRPBL,213,ok,10.0653276593,7
OVRPBL,214,ok,9.6821078522,8
OVRPBL,215,ok,11.0506160948,6
OVRPBL,216,ok,9.3018740933,9
OVRPBL,217,ok,9.4699994097,7
OVRPBL,218,ok,8.5017897806,8
OVRPBL,219,ok,8.9913708204,7
OVRPBL,220,ok,9.6101518680,7
OVRPBL,221,ok,9.5508438816,7
OVRPBL,222,ok,10.5293894730,7
OVRPBL,223,ok,8.4541495077,9
OVRPBL,224,ok,8.9462980996,8
OVRPBL,225,ok,10.9169753677,7
OVRPBL,226,ok,10.1326724669,7
OVRPBL,227,ok,9.2520789799,7
OVRPBL,228,ok,10.3944259678,8
OVRPBL,229,ok,10.0969036621,8
OVRPBL,230,ok,9.1688055475,7
OVRPBL,231,ok,9.2588630808,9
OVRPBL,232,ok,10.2728623820,9
OVRPBL,233,ok,9.3675283991,7
OVRPBL,234,ok,8.8557068203,8
OVRPBL,235,ok,9.4200046960,8
OVRPBL,236,ok,9.6425840326,9
OVRPBL,237,ok,9.8050152335,8
OVRPBL,238,ok,9.6720029431,7
OVRPBL,239,ok,9.9421650698,8
OVRPBL,240,ok,8.4637015977,7
OVRPBL,241,ok,9.4404760559,8
OVRPBL,242,ok,9.8952622728,7
OVRPBL,243,ok,10.0305266027,9
OVRPBL,244,ok,9.6207591766,8
OVRPBL,245,ok,10.6349083131,7
OVRPBL,246,ok,10.1953203261,8
OVRPBL,247,ok,10.7217814031,9
OVRPBL,248,ok,10.3941657393,10
OVRPBL,249,ok,9.5666473572,8
OVRPBL,250,ok,10.1499320440,7
OVRPBL,251,ok,9.5513970689,9
OVRPBL,252,ok,9.2978977297,8
OVRPBL,253,ok,9.0102963028,6
OVRPBL,254,ok,9.0292313957,9
OVRPBL,255,ok,10.1387674871,9
OVRPBL,256,ok,9.5976876243,8
OVRPBL,257,ok,9.3674149328,10
OVRPBL,258,ok,9.7863252818,11
OVRPBL,259,ok,9.8425334082,9
OVRPBL,260,ok,9.1005754083,8
OVRPBL,261,ok,10.8564543755,8
OVRPBL,262,ok,9.7386294405,8
OVRPBL,263,ok,9.7614868749,7
OVRPBL,264,ok,9.5773502335,8
OVRPBL,265,ok,10.8168903645,8
OVRPBL,266,ok,10.0835136334,8
OVRPBL,267,ok,8.9236198196,9
OVRPBL,268,ok,11.0675861376,8
OVRPBL,269,ok,9.3051428229,8
OVRPBL,270,ok,8.5399953947,10
OVRPBL,271,ok,9.3089290361,9
OVRPBL,272,ok,10.4432181737,8
OVRPBL,273,ok,9.2410145787,9
OVRPBL,274,ok,9.3984208420,7
OVRPBL,275,ok,9.2354588297,7
OVRPBL,276,ok,9.5587453607,8
OVRPBL,277,ok,8.5783042740,8
OVRPBL,278,ok,9.0049888766,11
OVRPBL,279,ok,9.7611642026,8
OVRPBL,280,ok,8.3902994703,8
OVRPBL,281,ok,8.8852148591,7
OVRPBL,282,ok,9.1454863503,8
OVRPBL,283,ok,9.5785273675,6
OVRPBL,284,ok,9.7297842420,7
OVRPBL,285,ok,9.8163452779,8
OVRPBL,286,ok,11.2829005926,7
OVRPBL,287,ok,11.0466413680,8
OVRPBL,288,ok,9.6996232769,7
OVRPBL,289,ok,9.7364715344,8
OVRPBL,290,ok,8.5911153387,8
OVRPBL,291,ok,9.9703929433,9
OVRPBL,292,ok,9.9224482165,7
OVRPBL,293,ok,10.7902958343,7
OVRPBL,294,ok,8.6697069768,6
OVRPBL,295,ok,10.2530279667,7
OVRPBL,296,ok,11.5562773461,8
OVRPBL,297,ok,10.3918381532,10
OVRPBL,298,ok,9.6137545886,8
OVRPBL,299,ok,8.7566241718,8
OVRPBL,300,ok,9.5503199940,9
OVRPBL,301,ok,10.0026137186,10
OVRPBL,302,ok,10.3294344113,9
OVRPBL,303,ok,9.8746287026,8
OVRPBL,304,ok,8.9959731316,8
OVRPBL,305,ok,11.0142426061,9
OVRPBL,306,ok,9.1870040530,9
OVRPBL,307,ok,11.0634014912,9
OVRPBL,308,ok,10.3122794214,9
OVRPBL,309,ok,9.6122030534,8
OVRPBL,310,ok,10.5387418734,8
OVRPBL,311,ok,10.1553915485,9
OVRPBL,312,ok,10.1779140774,7
OVRPBL,313,ok,9.1487013299,9
OVRPBL,314,ok,9.9328152596,8
OVRPBL,315,ok,10.2162559339,9
OVRPBL,316,ok,11.0360160806,8
OVRPBL,317,ok,9.7441829281,8
OVRPBL,318,ok,9.2586791710,7
OVRPBL,319,ok,10.6206924112,8
OVRPBL,320,ok,8.4227802386,7
OVRPBL,321,ok,10.3597558730,11
OVRPBL,322,ok,9.8467987742,8
OVRPBL,323,ok,8.9422319753,7
OVRPBL,324,ok,9.5224008150,11
OVRPBL,325,ok,10.5271226745,9
OVRPBL,326,ok,9.3107529175,7
OVRPBL,327,ok,9.6027758916,7
OVRPBL,328,ok,10.1616806942,6
OVRPBL,329,ok,9.9230593137,9
OVRPBL,330,ok,9.6578095619,8
OVRPBL,331,ok,9.2412720239,10
OVRPBL,332,ok,9.4275192342,8
OVRPBL,333,ok,9.9262758503,8
OVRPBL,334,ok,9.8339377209,8
OVRPBL,335,ok,8.7080730170,7
OVRPBL,336,ok,9.4612597333,7
OVRPBL,337,ok,9.6512988156,8
OVRPBL,338,ok,9.3619853079,8
OVRPBL,339,ok,9.6065765564,7
OVRPBL,340,ok,10.7947321217,8
OVRPBL,341,ok,9.5293343595,10
OVRPBL,342,ok,11.5535681579,10
OVRPBL,343,ok,9.3497001234,9
OVRPBL,344,ok,9.3889088242,8
OVRPBL,345,ok,9.2245133201,7
OVRPBL,346,ok,9.2189487065,8
OVRPBL,347,ok,9.6542865368,9
OVRPBL,348,ok,9.1816867515,9
OVRPBL,349,ok,10.8731627524,9
OVRPBL,350,ok,9.8739457329,7
OVRPBL,351,ok,9.1290380654,10
OVRPBL,352,ok,9.9622379788,7
OVRPBL,353,ok,10.3088757899,7
OVRPBL,354,ok,10.1647544774,10
OVRPBL,355,ok,9.5351085736,7
OVRPBL,356,ok,9.1691752304,7
OVRPBL,357,ok,8.4874289340,9
OVRPBL,358,ok,9.9439324114,8
OVRPBL,359,ok,9.8970138443,9
OVRPBL,360,ok,10.3108855197,8
OVRPBL,361,ok,10.7075600460,8
OVRPBL,362,ok,9.6626715788,7
OVRPBL,363,ok,9.1365202989,6
OVRPBL,364,ok,9.7419871351,8
OVRPBL,365,ok,9.9112382404,6
OVRPBL,366,ok,9.1852953262,8
OVRPBL,367,ok,10.2574984853,8
OVRPBL,368,ok,9.1295793815,8
OVRPBL,369,ok,9.6913504364,8
OVRPBL,370,ok,9.6682455055,7
OVRPBL,371,ok,9.0580510738,8
OVRPBL,372,ok,10.5792243660,6
OVRPBL,373,ok,8.6093623288,6
OVRPBL,374,ok,9.4542777926,9
OVRPBL,375,ok,8.6007460662,7
OVRPBL,376,ok,12.0308373344,8
OVRPBL,377,ok,9.8050397303,8
OVRPBL,378,ok,10.0722687800,8
OVRPBL,379,ok,9.7684535282,8
OVRPBL,380,ok,9.1397361094,7
OVRPBL,381,ok,9.4100946579,10
OVRPBL,382,ok,9.0399208586,8
OVRPBL,383,ok,9.8494225342,9
OVRPBL,384,ok,10.2436256253,6
OVRPBL,385,ok,9.9112479075,9
OVRPBL,386,ok,9.5090627335,7
OVRPBL,387,ok,10.2929474563,9
OVRPBL,388,ok,10.9355093497,7
OVRPBL,389,ok,9.2787439195,9
OVRPBL,390,ok,9.9268024233,8
OVRPBL,391,ok,9.5434039998,7
OVRPBL,392,ok,10.6360834811,9
OVRPBL,393,ok,8.8411528443,10
OVRPBL,394,ok,9.9409193387,6
OVRPBL,395,ok,8.6424133574,8
OVRPBL,396,ok,11.2009230521,9
OVRPBL,397,ok,10.2670508447,7
OVRPBL,398,ok,10.3873319878,7
OVRPBL,399,ok,10.2066518463,6
OVRPBL,400,ok,9.3296972303,7
OVRPBL,401,ok,9.9133107829,9
OVRPBL,402,ok,9.2512843373,8
OVRPBL,403,ok,9.3781478876,7
OVRPBL,404,ok,9.6943738712,8
OVRPBL,405,ok,9.3939299362,9
OVRPBL,406,ok,9.2023035383,8
OVRPBL,407,ok,9.7295270028,9
OVRPBL,408,ok,9.0649617529,8
OVRPBL,409,ok,8.5655909318,7
OVRPBL,410,ok,9.2605013602,7
OVRPBL,411,ok,10.3501748757,7
OVRPBL,412,ok,10.4273501358,7
OVRPBL,413,ok,10.5355179874,9
OVRPBL,414,ok,9.9885464045,8
OVRPBL,415,ok,10.5113659573,7
OVRPBL,416,ok,9.6273267685,7
OVRPBL,417,ok,9.9087696714,7
OVRPBL,418,ok,9.6343022745,8
OVRPBL,419,ok,9.0698867919,7
OVRPBL,420,ok,9.0829557991,9
OVRPBL,421,ok,8.9756791822,7
OVRPBL,422,ok,9.5681180185,7
OVRPBL,423,ok,9.3998330804,10
OVRPBL,424,ok,9.4298985051,7
OVRPBL,425,ok,9.5658637520,7
OVRPBL,426,ok,9.7291624151,6
OVRPBL,427,ok,8.5694668855,9
OVRPBL,428,ok,9.9623633620,9
OVRPBL,429,ok,10.0484295817,7
OVRPBL,430,ok,8.8862958750,11
OVRPBL,431,ok,9.0102899253,8
OVRPBL,432,ok,8.7217159570,7
OVRPBL,433,ok,9.7587058167,8
OVRPBL,434,ok,11.8834336675,8
OVRPBL,435,ok,11.6038632453,7
OVRPBL,436,ok,10.0034783748,8
OVRPBL,437,ok,10.0269628751,7
OVRPBL,438,ok,10.2165972434,7
OVRPBL,439,ok,9.8534428617,10
OVRPBL,440,ok,9.4458886788,7
OVRPBL,441,ok,8.9445014173,5
OVRPBL,442,ok,9.3682851584,10
OVRPBL,443,ok,9.3494483358,8
OVRPBL,444,ok,9.2970850908,7
OVRPBL,445,ok,9.5806386412,8
OVRPBL,446,ok,10.4561339923,8
OVRPBL,447,ok,9.3883026042,9
OVRPBL,448,ok,10.4052939254,7
OVRPBL,449,ok,9.5724878171,8
OVRPBL,450,ok,9.9691713364,8
OVRPBL,451,ok,10.2833226207,8
OVRPBL,452,ok,9.4940282234,8
OVRPBL,453,ok,9.0738226808,9
OVRPBL,454,ok,9.5807429545,8
OVRPBL,455,ok,10.4630416012,9
OVRPBL,456,ok,10.0882524281,8
OVRPBL,457,ok,10.3286317886,8
OVRPBL,458,ok,9.3484079887,7
OVRPBL,459,ok,9.6284222564,9
OVRPBL,460,ok,9.3693566356,10
OVRPBL,461,ok,8.7540059944,9
OVRPBL,462,ok,9.3272669418,8
OVRPBL,463,ok,10.2837702447,9
OVRPBL,464,ok,9.7811132148,7
OVRPBL,465,ok,11.3167823656,7
OVRPBL,466,ok,10.1230225649,9
OVRPBL,467,ok,11.2271813590,8
OVRPBL,468,ok,8.3373003723,10
OVRPBL,469,ok,10.1641147784,8
OVRPBL,470,ok,9.5104551019,9
OVRPBL,471,ok,10.0381904096,6
OVRPBL,472,ok,9.3421905405,8
OVRPBL,473,ok,9.5497787073,10
OVRPBL,474,ok,8.9047186773,11
OVRPBL,475,ok,8.8574809939,8
OVRPBL,476,ok,9.5728504944,8
OVRPBL,477,ok,8.8006166477,10
OVRPBL,478,ok,10.2631887402,8
OVRPBL,479,ok,8.7296861168,8
OVRPBL,480,ok,9.2198343349,7
OVRPBL,481,ok,9.5942032784,7
OVRPBL,482,ok,10.7250038244,8
OVRPBL,483,ok,8.7553351616,9
OVRPBL,484,ok,9.2024251626,9
OVRPBL,485,ok,11.0657198286,9
OVRPBL,486,ok,9.6663692779,7
OVRPBL,487,ok,10.5036183404,10
OVRPBL,488,ok,10.7110481615,9
OVRPBL,489,ok,9.9528787593,9
OVRPBL,490,ok,9.3629970366,6
OVRPBL,491,ok,11.8882529824,8
OVRPBL,492,ok,10.4596405021,8
OVRPBL,493,ok,9.2271722884,7
OVRPBL,494,ok,9.2553783979,9
OVRPBL,495,ok,9.2780034396,7
OVRPBL,496,ok,9.2700958574,8
OVRPBL,497,ok,10.0132400208,7
OVRPBL,498,ok,9.8339477305,8
OVRPBL,499,ok,10.2854713976,8
OVRPBL,500,ok,9.9664689018,7
OVRPBL,501,ok,10.2764052690,8
OVRPBL,502,ok,10.3807395250,8
OVRPBL,503,ok,9.4774940016,8
OVRPBL,504,ok,9.3709783876,7
OVRPBL,505,ok,8.6580842115,7
OVRPBL,506,ok,9.4997888190,8
OVRPBL,507,ok,10.3717349802,8
OVRPBL,508,ok,10.5580457869,7
OVRPBL,509,ok,9.4369298455,8
OVRPBL,510,ok,9.0242762293,8
OVRPBL,511,ok,8.9926943125,8
OVRPBL,512,ok,9.7206066275,7
OVRPBL,513,ok,9.4219342248,8
OVRPBL,514,ok,10.6295999119,8
OVRPBL,515,ok,9.2335352437,9
OVRPBL,516,ok,9.2175852245,7
OVRPBL,517,ok,10.9305232720,6
OVRPBL,518,ok,9.8197846604,8
OVRPBL,519,ok,9.1540377886,9
OVRPBL,520,ok,9.7499884887,12
OVRPBL,521,ok,9.5414445576,8
OVRPBL,522,ok,9.2532356212,6
OVRPBL,523,ok,9.3747878007,9
OVRPBL,524,ok,9.5238203514,7
OVRPBL,525,ok,10.2278688372,9
OVRPBL,526,ok,9.3877503927,8
OVRPBL,527,ok,10.6288381878,8
OVRPBL,528,ok,9.7043782097,9
OVRPBL,529,ok,9.9652746312,6
OVRPBL,530,ok,9.2963487380,8
OVRPBL,531,ok,10.1222184348,7
OVRPBL,532,ok,8.8872261591,8
OVRPBL,533,ok,10.0957615526,7
OVRPBL,534,ok,9.1129226944,8
OVRPBL,535,ok,9.4715967269,7
OVRPBL,536,ok,9.6573822363,7
OVRPBL,537,ok,11.1770257366,8
OVRPBL,538,ok,11.3166216309,8
OVRPBL,539,ok,10.4736733957,8
OVRPBL,540,ok,10.3061348025,8
OVRPBL,541,ok,10.0400105325,9
OVRPBL,542,ok,10.3804747446,9
OVRPBL,543,ok,9.4941904370,7
OVRPBL,544,ok,8.4748703517,9
OVRPBL,545,ok,9.6883015380,6
OVRPBL,546,ok,10.0297438359,10
OVRPBL,547,ok,9.5816532553,9
OVRPBL,548,ok,9.1035109644,9
OVRPBL,549,ok,8.9484968675,7
OVRPBL,550,ok,9.3829470209,11
OVRPBL,551,ok,9.2368126702,8
OVRPBL,552,ok,10.4474791453,8
OVRPBL,553,ok,9.7662274173,9
OVRPBL,554,ok,9.2068804933,10
OVRPBL,555,ok,10.5541463339,8
OVRPBL,556,ok,10.5347645845,6
OVRPBL,557,ok,9.4952375556,7
OVRPBL,558,ok,9.7051698310,8
OVRPBL,559,ok,8.8744641623,7
OVRPBL,560,ok,8.5987834855,9
OVRPBL,561,ok,9.5936124378,7
OVRPBL,562,ok,9.4854818414,8
OVRPBL,563,ok,9.9045122117,9
OVRPBL,564,ok,9.1311529642,8
OVRPBL,565,ok,9.2742760138,7
OVRPBL,566,ok,9.0481558750,8
OVRPBL,567,ok,10.1047158004,7
OVRPBL,568,ok,10.1959368771,10
OVRPBL,569,ok,10.0187999431,6
OVRPBL,570,ok,9.6659532623,7
OVRPBL,571,ok,10.1606823971,12
OVRPBL,572,ok,9.4395095111,9
OVRPBL,573,ok,10.3031981300,11
OVRPBL,574,ok,10.1154997093,7
OVRPBL,575,ok,9.4453884405,8
OVRPBL,576,ok,8.3683098330,8
OVRPBL,577,ok,8.8788355781,7
OVRPBL,578,ok,10.7333058548,7
OVRPBL,579,ok,10.0115926866,9
OVRPBL,580,ok,9.8841531449,8
OVRPBL,581,ok,10.0906456263,7
OVRPBL,582,ok,10.2581702058,8
OVRPBL,583,ok,10.0301512756,8
OVRPBL,584,ok,9.3515867829,7
OVRPBL,585,ok,10.2128118041,7
OVRPBL,586,ok,9.6075484247,6
OVRPBL,587,ok,10.1051236895,7
OVRPBL,588,ok,8.3352380622,8
OVRPBL,589,ok,10.2512292481,8
OVRPBL,590,ok,9.6384929508,7
OVRPBL,591,ok,9.3542216617,10
OVRPBL,592,ok,10.5895413371,8
OVRPBL,593,ok,10.3880886267,9
OVRPBL,594,ok,9.5937854731,9
OVRPBL,595,ok,10.1465610093,10
OVRPBL,596,ok,11.3350639431,9
OVRPBL,597,ok,9.4608672890,8
OVRPBL,598,ok,8.2447756945,8
OVRPBL,599,ok,10.0613471278,7
OVRPBL,600,ok,10.5294163674,8
OVRPBL,601,ok,9.2307575618,8
OVRPBL,602,ok,9.3997245822,7
OVRPBL,603,ok,10.6836644366,7
OVRPBL,604,ok,10.1084300476,8
OVRPBL,605,ok,10.4578772571,9
OVRPBL,606,ok,10.7344960551,9
OVRPBL,607,ok,10.2301758131,9
OVRPBL,608,ok,8.7571707355,6
OVRPBL,609,ok,11.2654167282,7
OVRPBL,610,ok,8.8694633306,8
OVRPBL,611,ok,10.3536710890,7
OVRPBL,612,ok,9.6768532791,8
OVRPBL,613,ok,10.6367740388,8
OVRPBL,614,ok,9.3649888786,8
OVRPBL,615,ok,10.0489690035,7
OVRPBL,616,ok,10.0731954297,10
OVRPBL,617,ok,10.5132338987,9
OVRPBL,618,ok,8.5116781333,10
OVRPBL,619,ok,10.0638476140,9
OVRPBL,620,ok,10.7091730865,7
OVRPBL,621,ok,9.2575181192,6
OVRPBL,622,ok,10.2391089083,7
OVRPBL,623,ok,11.0731506333,8
OVRPBL,624,ok,10.9879065933,8
OVRPBL,625,ok,9.5015982866,9
OVRPBL,626,ok,9.6561111143,7
OVRPBL,627,ok,9.7309691923,9
OVRPBL,628,ok,9.0119124145,10
OVRPBL,629,ok,10.0683454550,8
OVRPBL,630,ok,9.8376065297,8
OVRPBL,631,ok,10.0876451725,8
OVRPBL,632,ok,10.5293245387,8
OVRPBL,633,ok,10.9116486189,9
OVRPBL,634,ok,9.9063278426,8
OVRPBL,635,ok,9.9744868729,8
OVRPBL,636,ok,9.0503897461,8
OVRPBL,637,ok,10.8274184872,8
OVRPBL,638,ok,9.4002373666,8
OVRPBL,639,ok,8.8751984442,8
OVRPBL,640,ok,10.4733082665,8
OVRPBL,641,ok,9.3744755432,7
OVRPBL,642,ok,10.0427666018,9
OVRPBL,643,ok,9.8359744499,6
OVRPBL,644,ok,10.1439756593,9
OVRPBL,645,ok,10.2929926250,7
OVRPBL,646,ok,9.3782773901,8
OVRPBL,647,ok,11.3928758725,7
OVRPBL,648,ok,10.0087112472,9
OVRPBL,649,ok,9.2337949180,8
OVRPBL,650,ok,8.3961332866,10
OVRPBL,651,ok,9.5899047851,8
OVRPBL,652,ok,9.2861638975,7
OVRPBL,653,ok,9.6895501515,6
OVRPBL,654,ok,10.0326869944,10
OVRPBL,655,ok,9.5052802561,8
OVRPBL,656,ok,9.7590030777,7
OVRPBL,657,ok,10.2061842290,9
OVRPBL,658,ok,8.9187416818,8
OVRPBL,659,ok,9.8803248422,8
OVRPBL,660,ok,10.0516945321,7
OVRPBL,661,ok,10.2587353630,6
OVRPBL,662,ok,11.4440895312,7
OVRPBL,663,ok,11.2868033446,8
OVRPBL,664,ok,8.9248223055,8
OVRPBL,665,ok,8.4722965174,7
OVRPBL,666,ok,10.0498980935,7
OVRPBL,667,ok,9.4581295279,7
OVRPBL,668,ok,9.6318420962,9
OVRPBL,669,ok,10.2398962852,7
OVRPBL,670,ok,9.3984655408,8
OVRPBL,671,ok,9.3992451287,8
OVRPBL,672,ok,8.9282690749,8
OVRPBL,673,ok,9.2935525930,10
OVRPBL,674,ok,8.6640460042,8
OVRPBL,675,ok,10.6585227179,9
OVRPBL,676,ok,10.0350146460,8
OVRPBL,677,ok,9.9858608267,9
OVRPBL,678,ok,10.4163169925,7
OVRPBL,679,ok,10.5881582612,7
OVRPBL,680,ok,8.5776805070,6
OVRPBL,681,ok,8.9987946794,7
OVRPBL,682,ok,11.3745665358,6
OVRPBL,683,ok,10.5043021895,7
OVRPBL,684,ok,9.0372204429,7
OVRPBL,685,ok,10.3384320974,9
OVRPBL,686,ok,8.8650541088,8
OVRPBL,687,ok,9.8115933040,7
OVRPBL,688,ok,9.9875747372,8
OVRPBL,689,ok,9.5142863924,8
OVRPBL,690,ok,9.9690441281,6
OVRPBL,691,ok,8.9704473009,7
OVRPBL,692,ok,9.1683570128,7
OVRPBL,693,ok,9.1024010734,8
OVRPBL,694,ok,9.5053426573,8
OVRPBL,695,ok,10.1924100168,8
OVRPBL,696,ok,9.7346899787,8
OVRPBL,697,ok,9.0507666642,7
OVRPBL,698,ok,10.4218477744,8
OVRPBL,699,ok,11.0217567423,8
OVRPBL,700,ok,10.3382416974,10
OVRPBL,701,ok,9.4298053892,8
OVRPBL,702,ok,9.0548883916,9
OVRPBL,703,ok,10.2105183239,6
OVRPBL,704,ok,10.3339108671,7
OVRPBL,705,ok,9.9387694108,9
OVRPBL,706,ok,9.2973260572,10
OVRPBL,707,ok,8.7359564054,9
OVRPBL,708,ok,9.6434358935,8
OVRPBL,709,ok,10.7138131841,10
OVRPBL,710,ok,10.1878022032,7
OVRPBL,711,ok,9.0652907786,8
OVRPBL,712,ok,9.5011439934,9
OVRPBL,713,ok,9.4607681764,6
OVRPBL,714,ok,10.3485014413,8
OVRPBL,715,ok,10.1155950874,9
OVRPBL,716,ok,9.5939630918,6
OVRPBL,717,ok,10.1987746059,7
OVRPBL,718,ok,8.9917043732,7
OVRPBL,719,ok,9.7143020032,8
OVRPBL,720,ok,10.9516912904,7
OVRPBL,721,ok,10.5997124042,7
OVRPBL,722,ok,9.2463124280,8
OVRPBL,723,ok,9.6934280332,8
OVRPBL,724,ok,9.6148482129,7
OVRPBL,725,ok,10.1893653737,7
OVRPBL,726,ok,9.4660816635,9
OVRPBL,727,ok,9.6064556754,9
OVRPBL,728,ok,10.1297242218,8
OVRPBL,729,ok,9.4998139590,8
OVRPBL,730,ok,10.6111954357,8
OVRPBL,731,ok,9.1128164530,8
OVRPBL,732,ok,10.2635741702,8
OVRPBL,733,ok,10.6343235429,10
OVRPBL,734,ok,9.8468193481,7
OVRPBL,735,ok,9.1366089678,7
OVRPBL,736,ok,10.4956605164,7
OVRPBL,737,ok,9.1113750532,8
OVRPBL,738,ok,10.3584080423,8
OVRPBL,739,ok,8.7541611412,8
OVRPBL,740,ok,9.2911540583,7
OVRPBL,741,ok,9.6711724973,7
OVRPBL,742,ok,10.0298272959,9
OVRPBL,743,ok,10.5170725945,9
OVRPBL,744,ok,10.1689116159,8
OVRPBL,745,ok,9.3085358176,10
OVRPBL,746,ok,10.8104555089,9
OVRPBL,747,ok,8.7572258765,10
OVRPBL,748,ok,10.0403951761,10
OVRPBL,749,ok,8.7595848659,8
OVRPBL,750,ok,9.5866789299,10
OVRPBL,751,ok,8.6889266029,7
OVRPBL,752,ok,10.3568541529,9
OVRPBL,753,ok,9.0528932607,8
OVRPBL,754,ok,10.1005966369,8
OVRPBL,755,ok,9.0679980729,10
OVRPBL,756,ok,10.0693920455,8
OVRPBL,757,ok,8.9555156948,6
OVRPBL,758,ok,8.4835607798,8
OVRPBL,759,ok,9.8212550546,10
OVRPBL,760,ok,8.9364928839,8
OVRPBL,761,ok,10.8780396873,7
OVRPBL,762,ok,10.2376373253,7
OVRPBL,763,ok,9.7444453825,10
OVRPBL,764,ok,9.4220843466,8
OVRPBL,765,ok,10.0737417446,7
OVRPBL,766,ok,9.1812121660,9
OVRPBL,767,ok,9.8602371830,9
OVRPBL,768,ok,9.3012041188,9
OVRPBL,769,ok,10.1048441823,8
OVRPBL,770,ok,9.4509356004,10
OVRPBL,771,ok,10.8320597442,10
OVRPBL,772,ok,10.5062288089,8
OVRPBL,773,ok,9.4247644292,7
OVRPBL,774,ok,9.5526049729,8
OVRPBL,775,ok,9.6127479960,6
OVRPBL,776,ok,9.5491475874,9
OVRPBL,777,ok,8.8655100535,7
OVRPBL,778,ok,10.6223254179,8
OVRPBL,779,ok,10.3818789113,9
OVRPBL,780,ok,11.9235456083,7
OVRPBL,781,ok,10.1086156366,9
OVRPBL,782,ok,9.9292517753,11
OVRPBL,783,ok,8.9042383742,8
OVRPBL,784,ok,9.4887519095,8
OVRPBL,785,ok,9.5098140060,7
OVRPBL,786,ok,10.1202490326,10
OVRPBL,787,ok,9.6722112583,9
OVRPBL,788,ok,11.0193189790,8
OVRPBL,789,ok,10.4501161688,8
OVRPBL,790,ok,8.8197766994,8
OVRPBL,791,ok,10.4825992694,8
OVRPBL,792,ok,9.9518170392,9
OVRPBL,793,ok,9.1836749131,7
OVRPBL,794,ok,10.3994005643,7
OVRPBL,795,ok,9.7694902551,8
OVRPBL,796,ok,9.1158100701,6
OVRPBL,797,ok,8.1828510328,8
OVRPBL,798,ok,9.8929046122,7
OVRPBL,799,ok,10.1759680711,8
OVRPBL,800,ok,11.2050918094,8
OVRPBL,801,ok,9.3321880697,7
OVRPBL,802,ok,10.9816843095,7
OVRPBL,803,ok,9.7599237856,7
OVRPBL,804,ok,9.4217905025,8
OVRPBL,805,ok,9.2501758890,7
OVRPBL,806,ok,9.0824510396,11
OVRPBL,807,ok,9.3777619843,8
OVRPBL,808,ok,10.2056428166,7
OVRPBL,809,ok,9.3106832040,10
OVRPBL,810,ok,9.3382778659,10
OVRPBL,811,ok,9.0187028617,9
OVRPBL,812,ok,9.8746177383,6
OVRPBL,813,ok,10.0772850412,9
OVRPBL,814,ok,9.3102479854,8
OVRPBL,815,ok,9.8095348026,6
OVRPBL,816,ok,9.8688453449,7
OVRPBL,817,ok,8.8944269848,9
OVRPBL,818,ok,10.1397998248,7
OVRPBL,819,ok,10.9588948963,8
OVRPBL,820,ok,9.0732567596,10
OVRPBL,821,ok,9.7599665290,7
OVRPBL,822,ok,9.6495664653,8
OVRPBL,823,ok,10.1032373590,8
OVRPBL,824,ok,9.6091973965,8
OVRPBL,825,ok,9.5807514287,9
OVRPBL,826,ok,9.8835054643,9
OVRPBL,827,ok,11.2753869146,8
OVRPBL,828,ok,10.8557817119,9
OVRPBL,829,ok,9.5659561020,10
OVRPBL,830,ok,9.3825201883,9
OVRPBL,831,ok,10.5088017747,7
OVRPBL,832,ok,9.9518764595,9
OVRPBL,833,ok,9.4425128472,7
OVRPBL,834,ok,9.3190898220,8
OVRPBL,835,ok,8.8195091722,8
OVRPBL,836,ok,9.5260601566,9
OVRPBL,837,ok,10.0345259268,10
OVRPBL,838,ok,10.0523126206,10
OVRPBL,839,ok,9.2569547997,8
OVRPBL,840,ok,8.8662745477,7
OVRPBL,841,ok,8.7698123818,8
OVRPBL,842,ok,9.1660777580,8
OVRPBL,843,ok,12.1771623282,8
OVRPBL,844,ok,10.3959686262,7
OVRPBL,845,ok,11.3428040520,9
OVRPBL,846,ok,8.6139627803,7
OVRPBL,847,ok,9.1539971749,9
OVRPBL,848,ok,9.2967348077,6
OVRPBL,849,ok,9.6176603354,8
OVRPBL,850,ok,9.8069624063,8
OVRPBL,851,ok,10.3667802957,10
OVRPBL,852,ok,10.7283259209,8
OVRPBL,853,ok,10.2875241960,8
OVRPBL,854,ok,9.5725262541,10
OVRPBL,855,ok,9.7287648171,8
OVRPBL,856,ok,9.9114183603,8
OVRPBL,857,ok,9.0096674080,7
OVRPBL,858,ok,9.0191509273,7
OVRPBL,859,ok,9.5828096897,8
OVRPBL,860,ok,10.1873819422,9
OVRPBL,861,ok,9.9652082547,7
OVRPBL,862,ok,10.0257386013,8
OVRPBL,863,ok,9.4288268236,9
OVRPBL,864,ok,8.8740026343,8
OVRPBL,865,ok,9.4390784396,8
OVRPBL,866,ok,10.3399447075,8
OVRPBL,867,ok,9.0563319015,6
OVRPBL,868,ok,10.7559410712,9
OVRPBL,869,ok,10.1843481924,8
OVRPBL,870,ok,10.6531112962,9
OVRPBL,871,ok,8.6090645476,8
OVRPBL,872,ok,8.8641531984,7
OVRPBL,873,ok,8.6701192970,7
OVRPBL,874,ok,9.5493968495,7
OVRPBL,875,ok,10.7161514898,9
OVRPBL,876,ok,8.5407016537,7
OVRPBL,877,ok,9.5206634793,7
OVRPBL,878,ok,8.8286363949,7
OVRPBL,879,ok,9.8702756473,7
OVRPBL,880,ok,9.1484837011,10
OVRPBL,881,ok,10.6608108499,7
OVRPBL,882,ok,9.4753343784,8
OVRPBL,883,ok,10.7144876844,7
OVRPBL,884,ok,10.0465409973,6
OVRPBL,885,ok,9.8559550607,8
OVRPBL,886,ok,9.6108488510,8
OVRPBL,887,ok,10.3089669883,8
OVRPBL,888,ok,9.0872127917,8
OVRPBL,889,ok,8.9960475731,7
OVRPBL,890,ok,10.5957486799,7
OVRPBL,891,ok,9.7075820972,8
OVRPBL,892,ok,10.0054009904,8
OVRPBL,893,ok,9.3922997757,7
OVRPBL,894,ok,9.1945083987,7
OVRPBL,895,ok,9.0871956683,8
OVRPBL,896,ok,10.0366830587,8
OVRPBL,897,ok,9.4146642944,8
OVRPBL,898,ok,9.2188392750,6
OVRPBL,899,ok,9.6922541801,8
OVRPBL,900,ok,9.5908072477,9
OVRPBL,901,ok,9.3646095651,8
OVRPBL,902,ok,9.3738498674,8
OVRPBL,903,ok,9.5069712269,8
OVRPBL,904,ok,9.5560781602,9
OVRPBL,905,ok,9.4537648468,8
OVRPBL,906,ok,8.9005005079,8
OVRPBL,907,ok,10.4615586189,8
OVRPBL,908,ok,8.5439300962,9
OVRPBL,909,ok,9.2294759552,8
OVRPBL,910,ok,9.5288258218,7
OVRPBL,911,ok,11.4052092679,8
OVRPBL,912,ok,10.1992397521,9
OVRPBL,913,ok,9.8536163647,10
OVRPBL,914,ok,9.1628833812,9
OVRPBL,915,ok,9.2489168701,8
OVRPBL,916,ok,10.0727542255,8
OVRPBL,917,ok,8.2734216548,10
OVRPBL,918,ok,8.4348816390,7
OVRPBL,919,ok,9.2292797145,7
OVRPBL,920,ok,10.0761568917,9
OVRPBL,921,ok,9.5226034778,7
OVRPBL,922,ok,9.3686270747,8
OVRPBL,923,ok,10.1076418554,7
OVRPBL,924,ok,9.9336514189,8
OVRPBL,925,ok,9.7239801582,8
OVRPBL,926,ok,8.6618851711,8
OVRPBL,927,ok,9.7551390349,8
OVRPBL,928,ok,9.5113481913,7
OVRPBL,929,ok,9.3631243796,8
OVRPBL,930,ok,10.6692366275,9
OVRPBL,931,ok,9.0691970152,7
OVRPBL,932,ok,9.3559575333,7
OVRPBL,933,ok,10.3261340380,7
OVRPBL,934,ok,9.9149567390,8
OVRPBL,935,ok,9.7687181954,8
OVRPBL,936,ok,10.1530255055,7
OVRPBL,937,ok,10.8259003001,10
OVRPBL,938,ok,11.1427472946,8
OVRPBL,939,ok,10.6287829764,8
OVRPBL,940,ok,9.0884422356,9
OVRPBL,941,ok,9.7715871499,8
OVRPBL,942,ok,9.7059836101,7
OVRPBL,943,ok,9.0063620560,9
OVRPBL,944,ok,9.1870876565,7
OVRPBL,945,ok,10.1787432431,8
OVRPBL,946,ok,9.5254591186,9
OVRPBL,947,ok,9.1455535007,9
OVRPBL,948,ok,9.0100217122,6
OVRPBL,949,ok,9.6782094329,8
OVRPBL,950,ok,9.1889803671,8
OVRPBL,951,ok,10.0007911035,8
OVRPBL,952,ok,9.5836066911,7
OVRPBL,953,ok,10.5751138104,8
OVRPBL,954,ok,9.8280294114,6
OVRPBL,955,ok,10.5995849619,9
OVRPBL,956,ok,8.8196900091,7
OVRPBL,957,ok,8.5525011345,7
OVRPBL,958,ok,10.3089582609,8
OVRPBL,959,ok,9.4000765684,7
OVRPBL,960,ok,10.7643125370,7
OVRPBL,961,ok,9.8217889627,9
OVRPBL,962,ok,9.4213407363,8
OVRPBL,963,ok,10.4633274894,8
OVRPBL,964,ok,9.6606591018,7
OVRPBL,965,ok,8.9015706576,7
OVRPBL,966,ok,9.3191296199,7
OVRPBL,967,ok,8.1790314995,9
OVRPBL,968,ok,10.0953303674,7
OVRPBL,969,ok,9.0543771667,7
OVRPBL,970,ok,10.1045384602,7
OVRPBL,971,ok,9.9670805018,10
OVRPBL,972,ok,9.5474550060,8
OVRPBL,973,ok,8.6472187511,11
OVRPBL,974,ok,10.5278683215,8
OVRPBL,975,ok,10.0670781126,9
OVRPBL,976,ok,10.0933124940,9
OVRPBL,977,ok,10.9562044922,7
OVRPBL,978,ok,10.6406335782,6
OVRPBL,979,ok,10.8017756682,9
OVRPBL,980,ok,9.0363918785,8
OVRPBL,981,ok,8.9659014775,7
OVRPBL,982,ok,9.6173623625,7
OVRPBL,983,ok,9.7985586125,9
OVRPBL,984,ok,8.5654799840,10
OVRPBL,985,ok,10.0150530150,6
OVRPBL,986,ok,10.1206373893,8
OVRPBL,987,ok,10.6842124425,8
OVRPBL,988,ok,9.9527725995,8
OVRPBL,989,ok,10.4096347472,7
OVRPBL,990,ok,9.2588660958,8
OVRPBL,991,ok,9.1257567274,7
OVRPBL,992,ok,10.2151169258,6
OVRPBL,993,ok,9.2533471175,10
OVRPBL,994,ok,9.8533435163,11
OVRPBL,995,ok,9.2464164476,8
OVRPBL,996,ok,9.6519611278,8
OVRPBL,997,ok,9.9048617026,8
OVRPBL,998,ok,10.8889531766,8
OVRPBL,999,ok,10.4899552848,7
OVRPBTW,0,no_feasible_candidate,,
OVRPBTW,1,no_feasible_candidate,,
OVRPBTW,2,no_feasible_candidate,,
OVRPBTW,3,no_feasible_candidate,,
OVRPBTW,4,no_feasible_candidate,,
OVRPBTW,5,no_feasible_candidate,,
OVRPBTW,6,no_feasible_candidate,,
OVRPBTW,7,no_feasible_candidate,,
OVRPBTW,8,no_feasible_candidate,,
OVRPBTW,9,no_feasible_candidate,,
OVRPBTW,10,no_feasible_candidate,,
OVRPBTW,11,no_feasible_candidate,,
OVRPBTW,12,no_feasible_candidate,,
OVRPBTW,13,no_feasible_candidate,,
OVRPBTW,14,no_feasible_candidate,,
OVRPBTW,15,no_feasible_candidate,,
OVRPBTW,16,no_feasible_candidate,,
OVRPBTW,17,no_feasible_candidate,,
OVRPBTW,18,no_feasible_candidate,,
OVRPBTW,19,no_feasible_candidate,,
OVRPBTW,20,no_feasible_candidate,,
OVRPBTW,21,no_feasible_candidate,,
OVRPBTW,22,no_feasible_candidate,,
OVRPBTW,23,no_feasible_candidate,,
OVRPBTW,24,no_feasible_candidate,,
OVRPBTW,25,no_feasible_candidate,,
OVRPBTW,26,no_feasible_candidate,,
OVRPBTW,27,no_feasible_candidate,,
OVRPBTW,28,no_feasible_candidate,,
OVRPBTW,29,no_feasible_candidate,,
OVRPBTW,30,no_feasible_candidate,,
OVRPBTW,31,no_feasible_candidate,,
OVRPBTW,32,no_feasible_candidate,,
OVRPBTW,33,no_feasible_candidate,,
OVRPBTW,34,no_feasible_candidate,,
OVRPBTW,35,no_feasible_candidate,,
OVRPBTW,36,no_feasible_candidate,,
OVRPBTW,37,no_feasible_candidate,,
OVRPBTW,38,no_feasible_candidate,,
OVRPBTW,39,no_feasible_candidate,,
OVRPBTW,40,no_feasible_candidate,,
OVRPBTW,41,no_feasible_candidate,,
OVRPBTW,42,no_feasible_candidate,,
OVRPBTW,43,no_feasible_candidate,,
OVRPBTW,44,no_feasible_candidate,,
OVRPBTW,45,no_feasible_candidate,,
OVRPBTW,46,no_feasible_candidate,,
OVRPBTW,47,no_feasible_candidate,,
OVRPBTW,48,no_feasible_candidate,,
OVRPBTW,49,no_feasible_candidate,,
OVRPBTW,50,no_feasible_candidate,,
OVRPBTW,51,no_feasible_candidate,,
OVRPBTW,52,no_feasible_candidate,,
OVRPBTW,53,no_feasible_candidate,,
OVRPBTW,54,no_feasible_candidate,,
OVRPBTW,55,no_feasible_candidate,,
OVRPBTW,56,no_feasible_candidate,,
OVRPBTW,57,no_feasible_candidate,,
OVRPBTW,58,no_feasible_candidate,,
OVRPBTW,59,no_feasible_candidate,,
OVRPBTW,60,no_feasible_candidate,,
OVRPBTW,61,no_feasible_candidate,,
OVRPBTW,62,no_feasible_candidate,,
OVRPBTW,63,no_feasible_candidate,,
OVRPBTW,64,no_feasible_candidate,,
OVRPBTW,65,no_feasible_candidate,,
OVRPBTW,66,no_feasible_candidate,,
OVRPBTW,67,no_feasible_candidate,,
OVRPBTW,68,no_feasible_candidate,,
OVRPBTW,69,no_feasible_candidate,,
OVRPBTW,70,no_feasible_candidate,,
OVRPBTW,71,no_feasible_candidate,,
OVRPBTW,72,no_feasible_candidate,,
OVRPBTW,73,no_feasible_candidate,,
OVRPBTW,74,no_feasible_candidate,,
OVRPBTW,75,no_feasible_candidate,,
OVRPBTW,76,no_feasible_candidate,,
OVRPBTW,77,no_feasible_candidate,,
OVRPBTW,78,no_feasible_candidate,,
OVRPBTW,79,no_feasible_candidate,,
OVRPBTW,80,no_feasible_candidate,,
OVRPBTW,81,no_feasible_candidate,,
OVRPBTW,82,no_feasible_candidate,,
OVRPBTW,83,no_feasible_candidate,,
OVRPBTW,84,no_feasible_candidate,,
OVRPBTW,85,no_feasible_candidate,,
OVRPBTW,86,no_feasible_candidate,,
OVRPBTW,87,no_feasible_candidate,,
OVRPBTW,88,no_feasible_candidate,,
OVRPBTW,89,no_feasible_candidate,,
OVRPBTW,90,no_feasible_candidate,,
OVRPBTW,91,no_feasible_candidate,,
OVRPBTW,92,no_feasible_candidate,,
OVRPBTW,93,no_feasible_candidate,,
OVRPBTW,94,no_feasible_candidate,,
OVRPBTW,95,no_feasible_candidate,,
OVRPBTW,96,no_feasible_candidate,,
OVRPBTW,97,no_feasible_candidate,,
OVRPBTW,98,no_feasible_candidate,,
OVRPBTW,99,no_feasible_candidate,,
OVRPBTW,100,no_feasible_candidate,,
OVRPBTW,101,no_feasible_candidate,,
OVRPBTW,102,no_feasible_candidate,,
OVRPBTW,103,no_feasible_candidate,,
OVRPBTW,104,no_feasible_candidate,,
OVRPBTW,105,no_feasible_candidate,,
OVRPBTW,106,no_feasible_candidate,,
OVRPBTW,107,no_feasible_candidate,,
OVRPBTW,108,no_feasible_candidate,,
OVRPBTW,109,no_feasible_candidate,,
OVRPBTW,110,no_feasible_candidate,,
OVRPBTW,111,no_feasible_candidate,,
OVRPBTW,112,no_feasible_candidate,,
OVRPBTW,113,no_feasible_candidate,,
OVRPBTW,114,no_feasible_candidate,,
OVRPBTW,115,no_feasible_candidate,,
OVRPBTW,116,no_feasible_candidate,,
OVRPBTW,117,no_feasible_candidate,,
OVRPBTW,118,no_feasible_candidate,,
OVRPBTW,119,no_feasible_candidate,,
OVRPBTW,120,no_feasible_candidate,,
OVRPBTW,121,no_feasible_candidate,,
OVRPBTW,122,no_feasible_candidate,,
OVRPBTW,123,no_feasible_candidate,,
OVRPBTW,124,no_feasible_candidate,,
OVRPBTW,125,no_feasible_candidate,,
OVRPBTW,126,no_feasible_candidate,,
OVRPBTW,127,no_feasible_candidate,,
OVRPBTW,128,no_feasible_candidate,,
OVRPBTW,129,no_feasible_candidate,,
OVRPBTW,130,no_feasible_candidate,,
OVRPBTW,131,no_feasible_candidate,,
OVRPBTW,132,no_feasible_candidate,,
OVRPBTW,133,no_feasible_candidate,,
OVRPBTW,134,no_feasible_candidate,,
OVRPBTW,135,no_feasible_candidate,,
OVRPBTW,136,no_feasible_candidate,,
OVRPBTW,137,no_feasible_candidate,,
OVRPBTW,138,no_feasible_candidate,,
OVRPBTW,139,no_feasible_candidate,,
OVRPBTW,140,no_feasible_candidate,,
OVRPBTW,141,no_feasible_candidate,,
OVRPBTW,142,no_feasible_candidate,,
OVRPBTW,143,no_feasible_candidate,,
OVRPBTW,144,no_feasible_candidate,,
OVRPBTW,145,no_feasible_candidate,,
OVRPBTW,146,no_feasible_candidate,,
OVRPBTW,147,no_feasible_candidate,,
OVRPBTW,148,no_feasible_candidate,,
OVRPBTW,149,no_feasible_candidate,,
OVRPBTW,150,no_feasible_candidate,,
OVRPBTW,151,no_feasible_candidate,,
OVRPBTW,152,no_feasible_candidate,,
OVRPBTW,153,no_feasible_candidate,,
OVRPBTW,154,no_feasible_candidate,,
OVRPBTW,155,no_feasible_candidate,,
OVRPBTW,156,no_feasible_candidate,,
OVRPBTW,157,no_feasible_candidate,,
OVRPBTW,158,no_feasible_candidate,,
OVRPBTW,159,no_feasible_candidate,,
OVRPBTW,160,no_feasible_candidate,,
OVRPBTW,161,no_feasible_candidate,,
OVRPBTW,162,no_feasible_candidate,,
OVRPBTW,163,no_feasible_candidate,,
OVRPBTW,164,no_feasible_candidate,,
OVRPBTW,165,no_feasible_candidate,,
OVRPBTW,166,no_feasible_candidate,,
OVRPBTW,167,no_feasible_candidate,,
OVRPBTW,168,no_feasible_candidate,,
OVRPBTW,169,no_feasible_candidate,,
OVRPBTW,170,no_feasible_candidate,,
OVRPBTW,171,no_feasible_candidate,,
OVRPBTW,172,no_feasible_candidate,,
OVRPBTW,173,no_feasible_candidate,,
OVRPBTW,174,no_feasible_candidate,,
OVRPBTW,175,no_feasible_candidate,,
OVRPBTW,176,no_feasible_candidate,,
OVRPBTW,177,no_feasible_candidate,,
OVRPBTW,178,no_feasible_candidate,,
OVRPBTW,179,no_feasible_candidate,,
OVRPBTW,180,no_feasible_candidate,,
OVRPBTW,181,no_feasible_candidate,,
OVRPBTW,182,no_feasible_candidate,,
OVRPBTW,183,no_feasible_candidate,,
OVRPBTW,184,no_feasible_candidate,,
OVRPBTW,185,no_feasible_candidate,,
OVRPBTW,186,no_feasible_candidate,,
OVRPBTW,187,no_feasible_candidate,,
OVRPBTW,188,no_feasible_candidate,,
OVRPBTW,189,no_feasible_candidate,,
OVRPBTW,190,no_feasible_candidate,,
OVRPBTW,191,no_feasible_candidate,,
OVRPBTW,192,no_feasible_candidate,,
OVRPBTW,193,no_feasible_candidate,,
OVRPBTW,194,no_feasible_candidate,,
OVRPBTW,195,no_feasible_candidate,,
OVRPBTW,196,no_feasible_candidate,,
OVRPBTW,197,no_feasible_candidate,,
OVRPBTW,198,no_feasible_candidate,,
OVRPBTW,199,no_feasible_candidate,,
OVRPBTW,200,no_feasible_candidate,,
OVRPBTW,201,no_feasible_candidate,,
OVRPBTW,202,no_feasible_candidate,,
OVRPBTW,203,no_feasible_candidate,,
OVRPBTW,204,no_feasible_candidate,,
OVRPBTW,205,no_feasible_candidate,,
OVRPBTW,206,no_feasible_candidate,,
OVRPBTW,207,no_feasible_candidate,,
OVRPBTW,208,no_feasible_candidate,,
OVRPBTW,209,no_feasible_candidate,,
OVRPBTW,210,no_feasible_candidate,,
OVRPBTW,211,no_feasible_candidate,,
OVRPBTW,212,no_feasible_candidate,,
OVRPBTW,213,no_feasible_candidate,,
OVRPBTW,214,no_feasible_candidate,,
OVRPBTW,215,no_feasible_candidate,,
OVRPBTW,216,no_feasible_candidate,,
OVRPBTW,217,no_feasible_candidate,,
OVRPBTW,218,no_feasible_candidate,,
OVRPBTW,219,no_feasible_candidate,,
OVRPBTW,220,no_feasible_candidate,,
OVRPBTW,221,no_feasible_candidate,,
OVRPBTW,222,no_feasible_candidate,,
OVRPBTW,223,no_feasible_candidate,,
OVRPBTW,224,no_feasible_candidate,,
OVRPBTW,225,no_feasible_candidate,,
OVRPBTW,226,no_feasible_candidate,,
OVRPBTW,227,no_feasible_candidate,,
OVRPBTW,228,no_feasible_candidate,,
OVRPBTW,229,no_feasible_candidate,,
OVRPBTW,230,no_feasible_candidate,,
OVRPBTW,231,no_feasible_candidate,,
OVRPBTW,232,no_feasible_candidate,,
OVRPBTW,233,no_feasible_candidate,,
OVRPBTW,234,no_feasible_candidate,,
OVRPBTW,235,no_feasible_candidate,,
OVRPBTW,236,no_feasible_candidate,,
OVRPBTW,237,no_feasible_candidate,,
OVRPBTW,238,no_feasible_candidate,,
OVRPBTW,239,no_feasible_candidate,,
OVRPBTW,240,no_feasible_candidate,,
OVRPBTW,241,no_feasible_candidate,,
OVRPBTW,242,no_feasible_candidate,,
OVRPBTW,243,no_feasible_candidate,,
OVRPBTW,244,no_feasible_candidate,,
OVRPBTW,245,no_feasible_candidate,,
OVRPBTW,246,no_feasible_candidate,,
OVRPBTW,247,no_feasible_candidate,,
OVRPBTW,248,no_feasible_candidate,,
OVRPBTW,249,no_feasible_candidate,,
OVRPBTW,250,no_feasible_candidate,,
OVRPBTW,251,no_feasible_candidate,,
OVRPBTW,252,no_feasible_candidate,,
OVRPBTW,253,no_feasible_candidate,,
OVRPBTW,254,no_feasible_candidate,,
OVRPBTW,255,no_feasible_candidate,,
OVRPBTW,256,no_feasible_candidate,,
OVRPBTW,257,no_feasible_candidate,,
OVRPBTW,258,no_feasible_candidate,,
OVRPBTW,259,no_feasible_candidate,,
OVRPBTW,260,no_feasible_candidate,,
OVRPBTW,261,no_feasible_candidate,,
OVRPBTW,262,no_feasible_candidate,,
OVRPBTW,263,no_feasible_candidate,,
OVRPBTW,264,no_feasible_candidate,,
OVRPBTW,265,no_feasible_candidate,,
OVRPBTW,266,no_feasible_candidate,,
OVRPBTW,267,no_feasible_candidate,,
OVRPBTW,268,no_feasible_candidate,,
OVRPBTW,269,no_feasible_candidate,,
OVRPBTW,270,no_feasible_candidate,,
OVRPBTW,271,no_feasible_candidate,,
OVRPBTW,272,no_feasible_candidate,,
OVRPBTW,273,no_feasible_candidate,,
OVRPBTW,274,no_feasible_candidate,,
OVRPBTW,275,no_feasible_candidate,,
OVRPBTW,276,no_feasible_candidate,,
OVRPBTW,277,no_feasible_candidate,,
OVRPBTW,278,no_feasible_candidate,,
OVRPBTW,279,no_feasible_candidate,,
OVRPBTW,280,no_feasible_candidate,,
OVRPBTW,281,no_feasible_candidate,,
OVRPBTW,282,no_feasible_candidate,,
OVRPBTW,283,no_feasible_candidate,,
OVRPBTW,284,no_feasible_candidate,,
OVRPBTW,285,no_feasible_candidate,,
OVRPBTW,286,no_feasible_candidate,,
OVRPBTW,287,no_feasible_candidate,,
OVRPBTW,288,no_feasible_candidate,,
OVRPBTW,289,no_feasible_candidate,,
OVRPBTW,290,no_feasible_candidate,,
OVRPBTW,291,no_feasible_candidate,,
OVRPBTW,292,no_feasible_candidate,,
OVRPBTW,293,no_feasible_candidate,,
OVRPBTW,294,no_feasible_candidate,,
OVRPBTW,295,no_feasible_candidate,,
OVRPBTW,296,no_feasible_candidate,,
OVRPBTW,297,no_feasible_candidate,,
OVRPBTW,298,no_feasible_candidate,,
OVRPBTW,299,no_feasible_candidate,,
OVRPBTW,300,no_feasible_candidate,,
OVRPBTW,301,no_feasible_candidate,,
OVRPBTW,302,no_feasible_candidate,,
OVRPBTW,303,no_feasible_candidate,,
OVRPBTW,304,no_feasible_candidate,,
OVRPBTW,305,no_feasible_candidate,,
OVRPBTW,306,no_feasible_candidate,,
OVRPBTW,307,no_feasible_candidate,,
OVRPBTW,308,no_feasible_candidate,,
OVRPBTW,309,no_feasible_candidate,,
OVRPBTW,310,no_feasible_candidate,,
OVRPBTW,311,no_feasible_candidate,,
OVRPBTW,312,no_feasible_candidate,,
OVRPBTW,313,no_feasible_candidate,,
OVRPBTW,314,no_feasible_candidate,,
OVRPBTW,315,no_feasible_candidate,,
OVRPBTW,316,no_feasible_candidate,,
OVRPBTW,317,no_feasible_candidate,,
OVRPBTW,318,no_feasible_candidate,,
OVRPBTW,319,no_feasible_candidate,,
OVRPBTW,320,no_feasible_candidate,,
OVRPBTW,321,no_feasible_candidate,,
OVRPBTW,322,no_feasible_candidate,,
OVRPBTW,323,no_feasible_candidate,,
OVRPBTW,324,no_feasible_candidate,,
OVRPBTW,325,no_feasible_candidate,,
OVRPBTW,326,no_feasible_candidate,,
OVRPBTW,327,no_feasible_candidate,,
OVRPBTW,328,no_feasible_candidate,,
OVRPBTW,329,no_feasible_candidate,,
OVRPBTW,330,no_feasible_candidate,,
OVRPBTW,331,no_feasible_candidate,,
OVRPBTW,332,no_feasible_candidate,,
OVRPBTW,333,no_feasible_candidate,,
OVRPBTW,334,no_feasible_candidate,,
OVRPBTW,335,no_feasible_candidate,,
OVRPBTW,336,no_feasible_candidate,,
OVRPBTW,337,no_feasible_candidate,,
OVRPBTW,338,no_feasible_candidate,,
OVRPBTW,339,no_feasible_candidate,,
OVRPBTW,340,no_feasible_candidate,,
OVRPBTW,341,no_feasible_candidate,,
OVRPBTW,342,no_feasible_candidate,,
OVRPBTW,343,no_feasible_candidate,,
OVRPBTW,344,no_feasible_candidate,,
OVRPBTW,345,no_feasible_candidate,,
OVRPBTW,346,no_feasible_candidate,,
OVRPBTW,347,no_feasible_candidate,,
OVRPBTW,348,no_feasible_candidate,,
OVRPBTW,349,no_feasible_candidate,,
OVRPBTW,350,no_feasible_candidate,,
OVRPBTW,351,no_feasible_candidate,,
OVRPBTW,352,no_feasible_candidate,,
OVRPBTW,353,no_feasible_candidate,,
OVRPBTW,354,no_feasible_candidate,,
OVRPBTW,355,no_feasible_candidate,,
OVRPBTW,356,no_feasible_candidate,,
OVRPBTW,357,no_feasible_candidate,,
OVRPBTW,358,no_feasible_candidate,,
OVRPBTW,359,no_feasible_candidate,,
OVRPBTW,360,no_feasible_candidate,,
OVRPBTW,361,no_feasible_candidate,,
OVRPBTW,362,no_feasible_candidate,,
OVRPBTW,363,no_feasible_candidate,,
OVRPBTW,364,no_feasible_candidate,,
OVRPBTW,365,no_feasible_candidate,,
OVRPBTW,366,no_feasible_candidate,,
OVRPBTW,367,no_feasible_candidate,,
OVRPBTW,368,no_feasible_candidate,,
OVRPBTW,369,no_feasible_candidate,,
OVRPBTW,370,no_feasible_candidate,,
OVRPBTW,371,no_feasible_candidate,,
OVRPBTW,372,no_feasible_candidate,,
OVRPBTW,373,no_feasible_candidate,,
OVRPBTW,374,no_feasible_candidate,,
OVRPBTW,375,no_feasible_candidate,,
OVRPBTW,376,no_feasible_candidate,,
OVRPBTW,377,no_feasible_candidate,,
OVRPBTW,378,no_feasible_candidate,,
OVRPBTW,379,no_feasible_candidate,,
OVRPBTW,380,no_feasible_candidate,,
OVRPBTW,381,no_feasible_candidate,,
OVRPBTW,382,no_feasible_candidate,,
OVRPBTW,383,no_feasible_candidate,,
OVRPBTW,384,no_feasible_candidate,,
OVRPBTW,385,no_feasible_candidate,,
OVRPBTW,386,no_feasible_candidate,,
OVRPBTW,387,no_feasible_candidate,,
OVRPBTW,388,no_feasible_candidate,,
OVRPBTW,389,no_feasible_candidate,,
OVRPBTW,390,no_feasible_candidate,,
OVRPBTW,391,no_feasible_candidate,,
OVRPBTW,392,no_feasible_candidate,,
OVRPBTW,393,no_feasible_candidate,,
OVRPBTW,394,no_feasible_candidate,,
OVRPBTW,395,no_feasible_candidate,,
OVRPBTW,396,no_feasible_candidate,,
OVRPBTW,397,no_feasible_candidate,,
OVRPBTW,398,no_feasible_candidate,,
OVRPBTW,399,no_feasible_candidate,,
OVRPBTW,400,no_feasible_candidate,,
OVRPBTW,401,no_feasible_candidate,,
OVRPBTW,402,no_feasible_candidate,,
OVRPBTW,403,no_feasible_candidate,,
OVRPBTW,404,no_feasible_candidate,,
OVRPBTW,405,no_feasible_candidate,,
OVRPBTW,406,no_feasible_candidate,,
OVRPBTW,407,no_feasible_candidate,,
OVRPBTW,408,no_feasible_candidate,,
OVRPBTW,409,no_feasible_candidate,,
OVRPBTW,410,no_feasible_candidate,,
OVRPBTW,411,no_feasible_candidate,,
OVRPBTW,412,no_feasible_candidate,,
OVRPBTW,413,no_feasible_candidate,,
OVRPBTW,414,no_feasible_candidate,,
OVRPBTW,415,no_feasible_candidate,,
OVRPBTW,416,no_feasible_candidate,,
OVRPBTW,417,no_feasible_candidate,,
OVRPBTW,418,no_feasible_candidate,,
OVRPBTW,419,no_feasible_candidate,,
OVRPBTW,420,no_feasible_candidate,,
OVRPBTW,421,ok,17.9681637897,29
OVRPBTW,422,no_feasible_candidate,,
OVRPBTW,423,no_feasible_candidate,,
OVRPBTW,424,no_feasible_candidate,,
OVRPBTW,425,no_feasible_candidate,,
OVRPBTW,426,no_feasible_candidate,,
OVRPBTW,427,no_feasible_candidate,,
OVRPBTW,428,no_feasible_candidate,,
OVRPBTW,429,no_feasible_candidate,,
OVRPBTW,430,no_feasible_candidate,,
OVRPBTW,431,no_feasible_candidate,,
OVRPBTW,432,no_feasible_candidate,,
OVRPBTW,433,no_feasible_candidate,,
OVRPBTW,434,no_feasible_candidate,,
OVRPBTW,435,no_feasible_candidate,,
OVRPBTW,436,no_feasible_candidate,,
OVRPBTW,437,no_feasible_candidate,,
OVRPBTW,438,no_feasible_candidate,,
OVRPBTW,439,no_feasible_candidate,,
OVRPBTW,440,no_feasible_candidate,,
OVRPBTW,441,no_feasible_candidate,,
OVRPBTW,442,no_feasible_candidate,,
OVRPBTW,443,ok,18.6284045962,27
OVRPBTW,444,no_feasible_candidate,,
OVRPBTW,445,no_feasible_candidate,,
OVRPBTW,446,no_feasible_candidate,,
OVRPBTW,447,no_feasible_candidate,,
OVRPBTW,448,no_feasible_candidate,,
OVRPBTW,449,no_feasible_candidate,,
OVRPBTW,450,no_feasible_candidate,,
OVRPBTW,451,no_feasible_candidate,,
OVRPBTW,452,no_feasible_candidate,,
OVRPBTW,453,no_feasible_candidate,,
OVRPBTW,454,no_feasible_candidate,,
OVRPBTW,455,no_feasible_candidate,,
OVRPBTW,456,no_feasible_candidate,,
OVRPBTW,457,no_feasible_candidate,,
OVRPBTW,458,no_feasible_candidate,,
OVRPBTW,459,no_feasible_candidate,,
OVRPBTW,460,no_feasible_candidate,,
OVRPBTW,461,no_feasible_candidate,,
OVRPBTW,462,no_feasible_candidate,,
OVRPBTW,463,no_feasible_candidate,,
OVRPBTW,464,no_feasible_candidate,,
OVRPBTW,465,no_feasible_candidate,,
OVRPBTW,466,no_feasible_candidate,,
OVRPBTW,467,no_feasible_candidate,,
OVRPBTW,468,no_feasible_candidate,,
OVRPBTW,469,no_feasible_candidate,,
OVRPBTW,470,no_feasible_candidate,,
OVRPBTW,471,no_feasible_candidate,,
OVRPBTW,472,no_feasible_candidate,,
OVRPBTW,473,no_feasible_candidate,,
OVRPBTW,474,no_feasible_candidate,,
OVRPBTW,475,no_feasible_candidate,,
OVRPBTW,476,no_feasible_candidate,,
OVRPBTW,477,no_feasible_candidate,,
OVRPBTW,478,no_feasible_candidate,,
OVRPBTW,479,no_feasible_candidate,,
OVRPBTW,480,no_feasible_candidate,,
OVRPBTW,481,no_feasible_candidate,,
OVRPBTW,482,no_feasible_candidate,,
OVRPBTW,483,no_feasible_candidate,,
OVRPBTW,484,no_feasible_candidate,,
OVRPBTW,485,no_feasible_candidate,,
OVRPBTW,486,no_feasible_candidate,,
OVRPBTW,487,no_feasible_candidate,,
OVRPBTW,488,no_feasible_candidate,,
OVRPBTW,489,no_feasible_candidate,,
OVRPBTW,490,no_feasible_candidate,,
OVRPBTW,491,no_feasible_candidate,,
OVRPBTW,492,no_feasible_candidate,,
OVRPBTW,493,no_feasible_candidate,,
OVRPBTW,494,no_feasible_candidate,,
OVRPBTW,495,no_feasible_candidate,,
OVRPBTW,496,no_feasible_candidate,,
OVRPBTW,497,no_feasible_candidate,,
OVRPBTW,498,no_feasible_candidate,,
OVRPBTW,499,no_feasible_candidate,,
OVRPBTW,500,no_feasible_candidate,,
OVRPBTW,501,no_feasible_candidate,,
OVRPBTW,502,no_feasible_candidate,,
OVRPBTW,503,no_feasible_candidate,,
OVRPBTW,504,no_feasible_candidate,,
OVRPBTW,505,no_feasible_candidate,,
OVRPBTW,506,no_feasible_candidate,,
OVRPBTW,507,no_feasible_candidate,,
OVRPBTW,508,no_feasible_candidate,,
OVRPBTW,509,no_feasible_candidate,,
OVRPBTW,510,no_feasible_candidate,,
OVRPBTW,511,no_feasible_candidate,,
OVRPBTW,512,no_feasible_candidate,,
OVRPBTW,513,no_feasible_candidate,,
OVRPBTW,514,no_feasible_candidate,,
OVRPBTW,515,no_feasible_candidate,,
OVRPBTW,516,no_feasible_candidate,,
OVRPBTW,517,no_feasible_candidate,,
OVRPBTW,518,no_feasible_candidate,,
OVRPBTW,519,no_feasible_candidate,,
OVRPBTW,520,no_feasible_candidate,,
OVRPBTW,521,no_feasible_candidate,,
OVRPBTW,522,no_feasible_candidate,,
OVRPBTW,523,no_feasible_candidate,,
OVRPBTW,524,no_feasible_candidate,,
OVRPBTW,525,no_feasible_candidate,,
OVRPBTW,526,no_feasible_candidate,,
OVRPBTW,527,no_feasible_candidate,,
OVRPBTW,528,no_feasible_candidate,,
OVRPBTW,529,no_feasible_candidate,,
OVRPBTW,530,no_feasible_candidate,,
OVRPBTW,531,no_feasible_candidate,,
OVRPBTW,532,no_feasible_candidate,,
OVRPBTW,533,no_feasible_candidate,,
OVRPBTW,534,no_feasible_candidate,,
OVRPBTW,535,no_feasible_candidate,,
OVRPBTW,536,no_feasible_candidate,,
OVRPBTW,537,no_feasible_candidate,,
OVRPBTW,538,no_feasible_candidate,,
OVRPBTW,539,no_feasible_candidate,,
OVRPBTW,540,no_feasible_candidate,,
OVRPBTW,541,no_feasible_candidate,,
OVRPBTW,542,no_feasible_candidate,,
OVRPBTW,543,no_feasible_candidate,,
OVRPBTW,544,no_feasible_candidate,,
OVRPBTW,545,no_feasible_candidate,,
OVRPBTW,546,no_feasible_candidate,,
OVRPBTW,547,no_feasible_candidate,,
OVRPBTW,548,no_feasible_candidate,,
OVRPBTW,549,no_feasible_candidate,,
OVRPBTW,550,no_feasible_candidate,,
OVRPBTW,551,no_feasible_candidate,,
OVRPBTW,552,no_feasible_candidate,,
OVRPBTW,553,no_feasible_candidate,,
OVRPBTW,554,no_feasible_candidate,,
OVRPBTW,555,no_feasible_candidate,,
OVRPBTW,556,no_feasible_candidate,,
OVRPBTW,557,no_feasible_candidate,,
OVRPBTW,558,no_feasible_candidate,,
OVRPBTW,559,no_feasible_candidate,,
OVRPBTW,560,no_feasible_candidate,,
OVRPBTW,561,no_feasible_candidate,,
OVRPBTW,562,no_feasible_candidate,,
OVRPBTW,563,no_feasible_candidate,,
OVRPBTW,564,no_feasible_candidate,,
OVRPBTW,565,no_feasible_candidate,,
OVRPBTW,566,no_feasible_candidate,,
OVRPBTW,567,no_feasible_candidate,,
OVRPBTW,568,no_feasible_candidate,,
OVRPBTW,569,no_feasible_candidate,,
OVRPBTW,570,no_feasible_candidate,,
OVRPBTW,571,no_feasible_candidate,,
OVRPBTW,572,no_feasible_candidate,,
OVRPBTW,573,no_feasible_candidate,,
OVRPBTW,574,no_feasible_candidate,,
OVRPBTW,575,no_feasible_candidate,,
OVRPBTW,576,no_feasible_candidate,,
OVRPBTW,577,no_feasible_candidate,,
OVRPBTW,578,no_feasible_candidate,,
OVRPBTW,579,no_feasible_candidate,,
OVRPBTW,580,no_feasible_candidate,,
OVRPBTW,581,no_feasible_candidate,,
OVRPBTW,582,no_feasible_candidate,,
OVRPBTW,583,no_feasible_candidate,,
OVRPBTW,584,no_feasible_candidate,,
OVRPBTW,585,no_feasible_candidate,,
OVRPBTW,586,no_feasible_candidate,,
OVRPBTW,587,no_feasible_candidate,,
OVRPBTW,588,no_feasible_candidate,,
OVRPBTW,589,no_feasible_candidate,,
OVRPBTW,590,no_feasible_candidate,,
OVRPBTW,591,no_feasible_candidate,,
OVRPBTW,592,no_feasible_candidate,,
OVRPBTW,593,no_feasible_candidate,,
OVRPBTW,594,no_feasible_candidate,,
OVRPBTW,595,no_feasible_candidate,,
OVRPBTW,596,no_feasible_candidate,,
OVRPBTW,597,no_feasible_candidate,,
OVRPBTW,598,no_feasible_candidate,,
OVRPBTW,599,no_feasible_candidate,,
OVRPBTW,600,no_feasible_candidate,,
OVRPBTW,601,no_feasible_candidate,,
OVRPBTW,602,no_feasible_candidate,,
OVRPBTW,603,no_feasible_candidate,,
OVRPBTW,604,no_feasible_candidate,,
OVRPBTW,605,no_feasible_candidate,,
OVRPBTW,606,no_feasible_candidate,,
OVRPBTW,607,no_feasible_candidate,,
OVRPBTW,608,no_feasible_candidate,,
OVRPBTW,609,no_feasible_candidate,,
OVRPBTW,610,no_feasible_candidate,,
OVRPBTW,611,no_feasible_candidate,,
OVRPBTW,612,no_feasible_candidate,,
OVRPBTW,613,no_feasible_candidate,,
OVRPBTW,614,no_feasible_candidate,,
OVRPBTW,615,no_feasible_candidate,,
OVRPBTW,616,no_feasible_candidate,,
OVRPBTW,617,no_feasible_candidate,,
OVRPBTW,618,no_feasible_candidate,,
OVRPBTW,619,no_feasible_candidate,,
OVRPBTW,620,no_feasible_candidate,,
OVRPBTW,621,no_feasible_candidate,,
OVRPBTW,622,no_feasible_candidate,,
OVRPBTW,623,no_feasible_candidate,,
OVRPBTW,624,no_feasible_candidate,,
OVRPBTW,625,no_feasible_candidate,,
OVRPBTW,626,no_feasible_candidate,,
OVRPBTW,627,no_feasible_candidate,,
OVRPBTW,628,no_feasible_candidate,,
OVRPBTW,629,no_feasible_candidate,,
OVRPBTW,630,no_feasible_candidate,,
OVRPBTW,631,no_feasible_candidate,,
OVRPBTW,632,no_feasible_candidate,,
OVRPBTW,633,no_feasible_candidate,,
OVRPBTW,634,no_feasible_candidate,,
OVRPBTW,635,no_feasible_candidate,,
OVRPBTW,636,no_feasible_candidate,,
OVRPBTW,637,no_feasible_candidate,,
OVRPBTW,638,no_feasible_candidate,,
OVRPBTW,639,no_feasible_candidate,,
OVRPBTW,640,no_feasible_candidate,,
OVRPBTW,641,no_feasible_candidate,,
OVRPBTW,642,no_feasible_candidate,,
OVRPBTW,643,no_feasible_candidate,,
OVRPBTW,644,no_feasible_candidate,,
OVRPBTW,645,no_feasible_candidate,,
OVRPBTW,646,no_feasible_candidate,,
OVRPBTW,647,no_feasible_candidate,,
OVRPBTW,648,no_feasible_candidate,,
OVRPBTW,649,no_feasible_candidate,,
OVRPBTW,650,no_feasible_candidate,,
OVRPBTW,651,no_feasible_candidate,,
OVRPBTW,652,no_feasible_candidate,,
OVRPBTW,653,no_feasible_candidate,,
OVRPBTW,654,no_feasible_candidate,,
OVRPBTW,655,no_feasible_candidate,,
OVRPBTW,656,no_feasible_candidate,,
OVRPBTW,657,no_feasible_candidate,,
OVRPBTW,658,no_feasible_candidate,,
OVRPBTW,659,no_feasible_candidate,,
OVRPBTW,660,no_feasible_candidate,,
OVRPBTW,661,no_feasible_candidate,,
OVRPBTW,662,no_feasible_candidate,,
OVRPBTW,663,no_feasible_candidate,,
OVRPBTW,664,no_feasible_candidate,,
OVRPBTW,665,no_feasible_candidate,,
OVRPBTW,666,no_feasible_candidate,,
OVRPBTW,667,no_feasible_candidate,,
OVRPBTW,668,no_feasible_candidate,,
OVRPBTW,669,no_feasible_candidate,,
OVRPBTW,670,no_feasible_candidate,,
OVRPBTW,671,no_feasible_candidate,,
OVRPBTW,672,no_feasible_candidate,,
OVRPBTW,673,no_feasible_candidate,,
OVRPBTW,674,no_feasible_candidate,,
OVRPBTW,675,no_feasible_candidate,,
OVRPBTW,676,no_feasible_candidate,,
OVRPBTW,677,no_feasible_candidate,,
OVRPBTW,678,no_feasible_candidate,,
OVRPBTW,679,no_feasible_candidate,,
OVRPBTW,680,no_feasible_candidate,,
OVRPBTW,681,no_feasible_candidate,,
OVRPBTW,682,no_feasible_candidate,,
OVRPBTW,683,no_feasible_candidate,,
OVRPBTW,684,no_feasible_candidate,,
OVRPBTW,685,no_feasible_candidate,,
OVRPBTW,686,no_feasible_candidate,,
OVRPBTW,687,no_feasible_candidate,,
OVRPBTW,688,no_feasible_candidate,,
OVRPBTW,689,no_feasible_candidate,,
OVRPBTW,690,no_feasible_candidate,,
OVRPBTW,691,no_feasible_candidate,,
OVRPBTW,692,no_feasible_candidate,,
OVRPBTW,693,no_feasible_candidate,,
OVRPBTW,694,no_feasible_candidate,,
OVRPBTW,695,no_feasible_candidate,,
OVRPBTW,696,no_feasible_candidate,,
OVRPBTW,697,no_feasible_candidate,,
OVRPBTW,698,no_feasible_candidate,,
OVRPBTW,699,no_feasible_candidate,,
OVRPBTW,700,no_feasible_candidate,,
OVRPBTW,701,no_feasible_candidate,,
OVRPBTW,702,no_feasible_candidate,,
OVRPBTW,703,no_feasible_candidate,,
OVRPBTW,704,no_feasible_candidate,,
OVRPBTW,705,no_feasible_candidate,,
OVRPBTW,706,no_feasible_candidate,,
OVRPBTW,707,no_feasible_candidate,,
OVRPBTW,708,no_feasible_candidate,,
OVRPBTW,709,no_feasible_candidate,,
OVRPBTW,710,no_feasible_candidate,,
OVRPBTW,711,no_feasible_candidate,,
OVRPBTW,712,no_feasible_candidate,,
OVRPBTW,713,no_feasible_candidate,,
OVRPBTW,714,no_feasible_candidate,,
OVRPBTW,715,no_feasible_candidate,,
OVRPBTW,716,no_feasible_candidate,,
OVRPBTW,717,no_feasible_candidate,,
OVRPBTW,718,no_feasible_candidate,,
OVRPBTW,719,no_feasible_candidate,,
OVRPBTW,720,no_feasible_candidate,,
OVRPBTW,721,no_feasible_candidate,,
OVRPBTW,722,no_feasible_candidate,,
OVRPBTW,723,no_feasible_candidate,,
OVRPBTW,724,no_feasible_candidate,,
OVRPBTW,725,no_feasible_candidate,,
OVRPBTW,726,no_feasible_candidate,,
OVRPBTW,727,no_feasible_candidate,,
OVRPBTW,728,no_feasible_candidate,,
OVRPBTW,729,no_feasible_candidate,,
OVRPBTW,730,no_feasible_candidate,,
OVRPBTW,731,no_feasible_candidate,,
OVRPBTW,732,no_feasible_candidate,,
OVRPBTW,733,no_feasible_candidate,,
OVRPBTW,734,no_feasible_candidate,,
OVRPBTW,735,no_feasible_candidate,,
OVRPBTW,736,no_feasible_candidate,,
OVRPBTW,737,no_feasible_candidate,,
OVRPBTW,738,no_feasible_candidate,,
OVRPBTW,739,no_feasible_candidate,,
OVRPBTW,740,no_feasible_candidate,,
OVRPBTW,741,no_feasible_candidate,,
OVRPBTW,742,no_feasible_candidate,,
OVRPBTW,743,no_feasible_candidate,,
OVRPBTW,744,no_feasible_candidate,,
OVRPBTW,745,no_feasible_candidate,,
OVRPBTW,746,no_feasible_candidate,,
OVRPBTW,747,no_feasible_candidate,,
OVRPBTW,748,no_feasible_candidate,,
OVRPBTW,749,no_feasible_candidate,,
OVRPBTW,750,no_feasible_candidate,,
OVRPBTW,751,no_feasible_candidate,,
OVRPBTW,752,no_feasible_candidate,,
OVRPBTW,753,no_feasible_candidate,,
OVRPBTW,754,no_feasible_candidate,,
OVRPBTW,755,no_feasible_candidate,,
OVRPBTW,756,no_feasible_candidate,,
OVRPBTW,757,no_feasible_candidate,,
OVRPBTW,758,no_feasible_candidate,,
OVRPBTW,759,no_feasible_candidate,,
OVRPBTW,760,no_feasible_candidate,,
OVRPBTW,761,no_feasible_candidate,,
OVRPBTW,762,no_feasible_candidate,,
OVRPBTW,763,no_feasible_candidate,,
OVRPBTW,764,no_feasible_candidate,,
OVRPBTW,765,no_feasible_candidate,,
OVRPBTW,766,no_feasible_candidate,,
OVRPBTW,767,no_feasible_candidate,,
OVRPBTW,768,no_feasible_candidate,,
OVRPBTW,769,no_feasible_candidate,,
OVRPBTW,770,no_feasible_candidate,,
OVRPBTW,771,no_feasible_candidate,,
OVRPBTW,772,no_feasible_candidate,,
OVRPBTW,773,no_feasible_candidate,,
OVRPBTW,774,no_feasible_candidate,,
OVRPBTW,775,no_feasible_candidate,,
OVRPBTW,776,no_feasible_candidate,,
OVRPBTW,777,no_feasible_candidate,,
OVRPBTW,778,no_feasible_candidate,,
OVRPBTW,779,no_feasible_candidate,,
OVRPBTW,780,no_feasible_candidate,,
OVRPBTW,781,no_feasible_candidate,,
OVRPBTW,782,no_feasible_candidate,,
OVRPBTW,783,no_feasible_candidate,,
OVRPBTW,784,no_feasible_candidate,,
OVRPBTW,785,no_feasible_candidate,,
OVRPBTW,786,no_feasible_candidate,,
OVRPBTW,787,no_feasible_candidate,,
OVRPBTW,788,no_feasible_candidate,,
OVRPBTW,789,no_feasible_candidate,,
OVRPBTW,790,no_feasible_candidate,,
OVRPBTW,791,no_feasible_candidate,,
OVRPBTW,792,no_feasible_candidate,,
OVRPBTW,793,no_feasible_candidate,,
OVRPBTW,794,no_feasible_candidate,,
OVRPBTW,795,no_feasible_candidate,,
OVRPBTW,796,no_feasible_candidate,,
OVRPBTW,797,no_feasible_candidate,,
OVRPBTW,798,no_feasible_candidate,,
OVRPBTW,799,no_feasible_candidate,,
OVRPBTW,800,no_feasible_candidate,,
OVRPBTW,801,no_feasible_candidate,,
OVRPBTW,802,no_feasible_candidate,,
OVRPBTW,803,no_feasible_candidate,,
OVRPBTW,804,no_feasible_candidate,,
OVRPBTW,805,no_feasible_candidate,,
OVRPBTW,806,no_feasible_candidate,,
OVRPBTW,807,no_feasible_candidate,,
OVRPBTW,808,no_feasible_candidate,,
OVRPBTW,809,no_feasible_candidate,,
OVRPBTW,810,no_feasible_candidate,,
OVRPBTW,811,no_feasible_candidate,,
OVRPBTW,812,no_feasible_candidate,,
OVRPBTW,813,no_feasible_candidate,,
OVRPBTW,814,no_feasible_candidate,,
OVRPBTW,815,no_feasible_candidate,,
OVRPBTW,816,no_feasible_candidate,,
OVRPBTW,817,no_feasible_candidate,,
OVRPBTW,818,no_feasible_candidate,,
OVRPBTW,819,no_feasible_candidate,,
OVRPBTW,820,no_feasible_candidate,,
OVRPBTW,821,no_feasible_candidate,,
OVRPBTW,822,no_feasible_candidate,,
OVRPBTW,823,no_feasible_candidate,,
OVRPBTW,824,no_feasible_candidate,,
OVRPBTW,825,no_feasible_candidate,,
OVRPBTW,826,no_feasible_candidate,,
OVRPBTW,827,no_feasible_candidate,,
OVRPBTW,828,no_feasible_candidate,,
OVRPBTW,829,no_feasible_candidate,,
OVRPBTW,830,no_feasible_candidate,,
OVRPBTW,831,no_feasible_candidate,,
OVRPBTW,832,no_feasible_candidate,,
OVRPBTW,833,no_feasible_candidate,,
OVRPBTW,834,no_feasible_candidate,,
OVRPBTW,835,no_feasible_candidate,,
OVRPBTW,836,no_feasible_candidate,,
OVRPBTW,837,no_feasible_candidate,,
OVRPBTW,838,no_feasible_candidate,,
OVRPBTW,839,no_feasible_candidate,,
OVRPBTW,840,no_feasible_candidate,,
OVRPBTW,841,no_feasible_candidate,,
OVRPBTW,842,no_feasible_candidate,,
OVRPBTW,843,no_feasible_candidate,,
OVRPBTW,844,no_feasible_candidate,,
OVRPBTW,845,no_feasible_candidate,,
OVRPBTW,846,no_feasible_candidate,,
OVRPBTW,847,no_feasible_candidate,,
OVRPBTW,848,no_feasible_candidate,,
OVRPBTW,849,no_feasible_candidate,,
OVRPBTW,850,no_feasible_candidate,,
OVRPBTW,851,no_feasible_candidate,,
OVRPBTW,852,no_feasible_candidate,,
OVRPBTW,853,no_feasible_candidate,,
OVRPBTW,854,no_feasible_candidate,,
OVRPBTW,855,no_feasible_candidate,,
OVRPBTW,856,no_feasible_candidate,,
OVRPBTW,857,no_feasible_candidate,,
OVRPBTW,858,no_feasible_candidate,,
OVRPBTW,859,no_feasible_candidate,,
OVRPBTW,860,no_feasible_candidate,,
OVRPBTW,861,no_feasible_candidate,,
OVRPBTW,862,no_feasible_candidate,,
OVRPBTW,863,no_feasible_candidate,,
OVRPBTW,864,no_feasible_candidate,,
OVRPBTW,865,no_feasible_candidate,,
OVRPBTW,866,no_feasible_candidate,,
OVRPBTW,867,no_feasible_candidate,,
OVRPBTW,868,no_feasible_candidate,,
OVRPBTW,869,ok,23.1837272494,30
OVRPBTW,870,no_feasible_candidate,,
OVRPBTW,871,no_feasible_candidate,,
OVRPBTW,872,no_feasible_candidate,,
OVRPBTW,873,no_feasible_candidate,,
OVRPBTW,874,no_feasible_candidate,,
OVRPBTW,875,no_feasible_candidate,,
OVRPBTW,876,no_feasible_candidate,,
OVRPBTW,877,no_feasible_candidate,,
OVRPBTW,878,no_feasible_candidate,,
OVRPBTW,879,no_feasible_candidate,,
OVRPBTW,880,no_feasible_candidate,,
OVRPBTW,881,no_feasible_candidate,,
OVRPBTW,882,no_feasible_candidate,,
OVRPBTW,883,no_feasible_candidate,,
OVRPBTW,884,no_feasible_candidate,,
OVRPBTW,885,no_feasible_candidate,,
OVRPBTW,886,no_feasible_candidate,,
OVRPBTW,887,no_feasible_candidate,,
OVRPBTW,888,no_feasible_candidate,,
OVRPBTW,889,no_feasible_candidate,,
OVRPBTW,890,no_feasible_candidate,,
OVRPBTW,891,no_feasible_candidate,,
OVRPBTW,892,ok,18.8298081501,32
OVRPBTW,893,no_feasible_candidate,,
OVRPBTW,894,no_feasible_candidate,,
OVRPBTW,895,no_feasible_candidate,,
OVRPBTW,896,no_feasible_candidate,,
OVRPBTW,897,no_feasible_candidate,,
OVRPBTW,898,no_feasible_candidate,,
OVRPBTW,899,no_feasible_candidate,,
OVRPBTW,900,no_feasible_candidate,,
OVRPBTW,901,no_feasible_candidate,,
OVRPBTW,902,no_feasible_candidate,,
OVRPBTW,903,no_feasible_candidate,,
OVRPBTW,904,no_feasible_candidate,,
OVRPBTW,905,no_feasible_candidate,,
OVRPBTW,906,no_feasible_candidate,,
OVRPBTW,907,no_feasible_candidate,,
OVRPBTW,908,no_feasible_candidate,,
OVRPBTW,909,no_feasible_candidate,,
OVRPBTW,910,no_feasible_candidate,,
OVRPBTW,911,no_feasible_candidate,,
OVRPBTW,912,no_feasible_candidate,,
OVRPBTW,913,no_feasible_candidate,,
OVRPBTW,914,no_feasible_candidate,,
OVRPBTW,915,no_feasible_candidate,,
OVRPBTW,916,no_feasible_candidate,,
OVRPBTW,917,no_feasible_candidate,,
OVRPBTW,918,no_feasible_candidate,,
OVRPBTW,919,no_feasible_candidate,,
OVRPBTW,920,no_feasible_candidate,,
OVRPBTW,921,no_feasible_candidate,,
OVRPBTW,922,no_feasible_candidate,,
OVRPBTW,923,no_feasible_candidate,,
OVRPBTW,924,no_feasible_candidate,,
OVRPBTW,925,no_feasible_candidate,,
OVRPBTW,926,no_feasible_candidate,,
OVRPBTW,927,no_feasible_candidate,,
OVRPBTW,928,no_feasible_candidate,,
OVRPBTW,929,no_feasible_candidate,,
OVRPBTW,930,no_feasible_candidate,,
OVRPBTW,931,no_feasible_candidate,,
OVRPBTW,932,no_feasible_candidate,,
OVRPBTW,933,no_feasible_candidate,,
OVRPBTW,934,no_feasible_candidate,,
OVRPBTW,935,no_feasible_candidate,,
OVRPBTW,936,no_feasible_candidate,,
OVRPBTW,937,no_feasible_candidate,,
OVRPBTW,938,no_feasible_candidate,,
OVRPBTW,939,no_feasible_candidate,,
OVRPBTW,940,no_feasible_candidate,,
OVRPBTW,941,no_feasible_candidate,,
OVRPBTW,942,no_feasible_candidate,,
OVRPBTW,943,no_feasible_candidate,,
OVRPBTW,944,no_feasible_candidate,,
OVRPBTW,945,no_feasible_candidate,,
OVRPBTW,946,no_feasible_candidate,,
OVRPBTW,947,no_feasible_candidate,,
OVRPBTW,948,no_feasible_candidate,,
OVRPBTW,949,no_feasible_candidate,,
OVRPBTW,950,no_feasible_candidate,,
OVRPBTW,951,no_feasible_candidate,,
OVRPBTW,952,no_feasible_candidate,,
OVRPBTW,953,no_feasible_candidate,,
OVRPBTW,954,no_feasible_candidate,,
OVRPBTW,955,no_feasible_candidate,,
OVRPBTW,956,no_feasible_candidate,,
OVRPBTW,957,no_feasible_candidate,,
OVRPBTW,958,no_feasible_candidate,,
OVRPBTW,959,no_feasible_candidate,,
OVRPBTW,960,no_feasible_candidate,,
OVRPBTW,961,no_feasible_candidate,,
OVRPBTW,962,no_feasible_candidate,,
OVRPBTW,963,no_feasible_candidate,,
OVRPBTW,964,no_feasible_candidate,,
OVRPBTW,965,no_feasible_candidate,,
OVRPBTW,966,no_feasible_candidate,,
OVRPBTW,967,no_feasible_candidate,,
OVRPBTW,968,no_feasible_candidate,,
OVRPBTW,969,no_feasible_candidate,,
OVRPBTW,970,ok,20.0727714983,31
OVRPBTW,971,no_feasible_candidate,,
OVRPBTW,972,no_feasible_candidate,,
OVRPBTW,973,no_feasible_candidate,,
OVRPBTW,974,no_feasible_candidate,,
OVRPBTW,975,no_feasible_candidate,,
OVRPBTW,976,no_feasible_candidate,,
OVRPBTW,977,no_feasible_candidate,,
OVRPBTW,978,no_feasible_candidate,,
OVRPBTW,979,no_feasible_candidate,,
OVRPBTW,980,no_feasible_candidate,,
OVRPBTW,981,no_feasible_candidate,,
OVRPBTW,982,no_feasible_candidate,,
OVRPBTW,983,no_feasible_candidate,,
OVRPBTW,984,no_feasible_candidate,,
OVRPBTW,985,no_feasible_candidate,,
OVRPBTW,986,no_feasible_candidate,,
OVRPBTW,987,no_feasible_candidate,,
OVRPBTW,988,no_feasible_candidate,,
OVRPBTW,989,no_feasible_candidate,,
OVRPBTW,990,no_feasible_candidate,,
OVRPBTW,991,no_feasible_candidate,,
OVRPBTW,992,no_feasible_candidate,,
OVRPBTW,993,no_feasible_candidate,,
OVRPBTW,994,no_feasible_candidate,,
OVRPBTW,995,no_feasible_candidate,,
OVRPBTW,996,no_feasible_candidate,,
OVRPBTW,997,no_feasible_candidate,,
OVRPBTW,998,no_feasible_candidate,,
OVRPBTW,999,no_feasible_candidate,,
OVRPLTW,0,ok,19.4877992181,26
OVRPLTW,1,ok,17.7500983233,29
OVRPLTW,2,ok,22.9959278604,26
OVRPLTW,3,ok,16.6051341173,31
OVRPLTW,4,ok,16.6177406378,31
OVRPLTW,5,ok,15.1754152992,27
OVRPLTW,6,ok,17.4341373344,25
OVRPLTW,7,ok,20.9282171667,27
OVRPLTW,8,ok,19.5279089298,33
OVRPLTW,9,ok,16.8132232339,25
OVRPLTW,10,ok,19.2646650082,27
OVRPLTW,11,ok,18.0341414735,30
OVRPLTW,12,ok,17.7443121084,30
OVRPLTW,13,ok,17.8823663004,31
OVRPLTW,14,ok,21.7881570046,29
OVRPLTW,15,ok,15.7105656944,30
OVRPLTW,16,ok,20.2400284617,28
OVRPLTW,17,ok,18.1575802020,29
OVRPLTW,18,ok,20.0911097418,29
OVRPLTW,19,ok,24.3418193115,31
OVRPLTW,20,ok,23.1170941394,29
OVRPLTW,21,ok,20.2750975678,26
OVRPLTW,22,ok,16.8848509872,26
OVRPLTW,23,ok,14.5924699192,29
OVRPLTW,24,ok,16.8515137235,27
OVRPLTW,25,ok,23.0855788950,28
OVRPLTW,26,ok,15.8145718925,29
OVRPLTW,27,ok,19.9243300028,30
OVRPLTW,28,ok,24.0851673279,31
OVRPLTW,29,ok,15.2769488023,30
OVRPLTW,30,ok,16.0294942602,28
OVRPLTW,31,ok,16.1320638825,26
OVRPLTW,32,ok,16.1987211612,27
OVRPLTW,33,ok,19.8939832429,27
OVRPLTW,34,ok,19.9261511810,28
OVRPLTW,35,ok,19.5220202328,32
OVRPLTW,36,ok,17.5143305383,28
OVRPLTW,37,ok,16.3419793705,29
OVRPLTW,38,ok,21.1391450190,31
OVRPLTW,39,ok,15.3823279906,28
OVRPLTW,40,ok,19.5319820829,30
OVRPLTW,41,ok,20.1949147532,29
OVRPLTW,42,ok,15.9320003564,29
OVRPLTW,43,ok,15.5543836421,28
OVRPLTW,44,ok,17.6042947522,29
OVRPLTW,45,ok,18.7373539842,32
OVRPLTW,46,ok,18.7674524573,30
OVRPLTW,47,ok,21.7998275802,30
OVRPLTW,48,ok,16.1726406892,28
OVRPLTW,49,ok,16.5761922165,29
OVRPLTW,50,ok,16.4387129254,30
OVRPLTW,51,ok,17.5890380017,28
OVRPLTW,52,ok,16.9503892504,30
OVRPLTW,53,ok,18.8403982095,30
OVRPLTW,54,ok,14.7715760295,28
OVRPLTW,55,ok,23.6118839851,29
OVRPLTW,56,ok,16.1914094171,26
OVRPLTW,57,ok,19.6625752178,30
OVRPLTW,58,ok,17.5209096980,31
OVRPLTW,59,ok,19.6609989229,29
OVRPLTW,60,ok,16.4443654633,29
OVRPLTW,61,ok,19.9041745875,31
OVRPLTW,62,ok,20.7449624448,28
OVRPLTW,63,ok,18.5168178255,29
OVRPLTW,64,ok,19.3083630125,29
OVRPLTW,65,ok,16.5329172656,29
OVRPLTW,66,ok,18.8984566374,25
OVRPLTW,67,ok,16.7327412642,30
OVRPLTW,68,ok,16.5812508064,26
OVRPLTW,69,ok,16.2047585348,27
OVRPLTW,70,ok,16.1515290090,29
OVRPLTW,71,ok,15.3063066074,30
OVRPLTW,72,ok,15.1979057183,32
OVRPLTW,73,ok,21.1987174823,27
OVRPLTW,74,ok,25.5853966878,28
OVRPLTW,75,ok,19.7715318085,28
OVRPLTW,76,ok,15.0900382410,29
OVRPLTW,77,ok,18.4751763914,26
OVRPLTW,78,ok,16.2301469650,27
OVRPLTW,79,ok,19.2459941915,26
OVRPLTW,80,ok,20.6320844006,27
OVRPLTW,81,ok,16.9634580681,28
OVRPLTW,82,ok,18.7950202046,29
OVRPLTW,83,ok,17.7396406638,27
OVRPLTW,84,ok,16.7513039189,24
OVRPLTW,85,ok,20.5291189717,26
OVRPLTW,86,ok,16.1680436670,29
OVRPLTW,87,ok,17.1817901084,29
OVRPLTW,88,ok,20.0799275134,28
OVRPLTW,89,ok,19.4226801816,30
OVRPLTW,90,ok,19.7567164166,27
OVRPLTW,91,ok,19.7168466883,26
OVRPLTW,92,ok,15.3869166444,27
OVRPLTW,93,ok,16.4320756600,32
OVRPLTW,94,ok,16.3041297122,28
OVRPLTW,95,ok,24.0316183179,27
OVRPLTW,96,ok,16.3154768332,32
OVRPLTW,97,ok,19.6647767999,28
OVRPLTW,98,ok,18.8412975772,28
OVRPLTW,99,ok,16.6774104140,29
OVRPLTW,100,ok,22.4367831053,26
OVRPLTW,101,ok,23.1109580656,26
OVRPLTW,102,ok,17.5061107796,28
OVRPLTW,103,ok,22.8756704159,26
OVRPLTW,104,ok,18.1367203198,29
OVRPLTW,105,ok,19.2490568043,29
OVRPLTW,106,ok,20.8520711974,27
OVRPLTW,107,ok,20.8397751766,29
OVRPLTW,108,ok,17.6747416911,30
OVRPLTW,109,ok,15.9302856115,29
OVRPLTW,110,ok,16.9725118870,26
OVRPLTW,111,ok,18.5762756533,32
OVRPLTW,112,ok,17.0426156531,28
OVRPLTW,113,ok,23.3462792139,29
OVRPLTW,114,ok,15.6295824183,26
OVRPLTW,115,ok,19.2079617981,25
OVRPLTW,116,ok,16.9049578685,28
OVRPLTW,117,ok,22.8216566934,29
OVRPLTW,118,ok,16.1869634840,31
OVRPLTW,119,ok,20.4986851109,25
OVRPLTW,120,ok,20.7219916306,32
OVRPLTW,121,ok,16.9037433410,27
OVRPLTW,122,ok,23.1543270340,29
OVRPLTW,123,ok,17.3524374792,27
OVRPLTW,124,ok,17.0369713005,29
OVRPLTW,125,ok,22.1677278503,28
OVRPLTW,126,ok,17.1114709160,29
OVRPLTW,127,ok,15.6809647645,26
OVRPLTW,128,ok,20.2425432699,27
OVRPLTW,129,ok,17.6813382305,27
OVRPLTW,130,ok,19.2228176366,27
OVRPLTW,131,ok,21.4523044932,28
OVRPLTW,132,ok,19.6072373144,30
OVRPLTW,133,ok,14.3891348376,27
OVRPLTW,134,ok,16.4036903092,28
OVRPLTW,135,ok,17.1905638818,30
OVRPLTW,136,ok,19.3257662320,26
OVRPLTW,137,ok,19.7340222289,27
OVRPLTW,138,ok,20.9220467289,28
OVRPLTW,139,ok,20.6024327927,34
OVRPLTW,140,ok,16.3909157849,30
OVRPLTW,141,ok,19.2871323678,27
OVRPLTW,142,ok,22.8269207005,28
OVRPLTW,143,ok,19.1244714942,28
OVRPLTW,144,ok,16.9171437006,25
OVRPLTW,145,ok,19.4368534368,27
OVRPLTW,146,ok,23.5105134198,30
OVRPLTW,147,ok,22.4417331254,25
OVRPLTW,148,ok,17.4595244062,28
OVRPLTW,149,ok,17.3444852492,33
OVRPLTW,150,ok,19.9135105776,26
OVRPLTW,151,ok,16.1280246374,30
OVRPLTW,152,ok,19.2224844872,29
OVRPLTW,153,ok,18.0657521385,30
OVRPLTW,154,ok,21.0783566958,29
OVRPLTW,155,ok,17.6669513881,26
OVRPLTW,156,ok,16.7724840349,32
OVRPLTW,157,ok,16.6457779569,29
OVRPLTW,158,ok,19.3552297097,28
OVRPLTW,159,ok,17.4545936282,31
OVRPLTW,160,ok,20.5010687212,28
OVRPLTW,161,ok,21.6913817751,30
OVRPLTW,162,ok,16.8817879433,30
OVRPLTW,163,ok,17.7883077993,29
OVRPLTW,164,ok,16.6231199669,29
OVRPLTW,165,ok,15.1934105896,29
OVRPLTW,166,ok,18.4141872883,31
OVRPLTW,167,ok,19.1486215887,29
OVRPLTW,168,ok,18.0637227559,29
OVRPLTW,169,ok,15.1920343326,29
OVRPLTW,170,ok,16.6589464667,28
OVRPLTW,171,ok,17.1683030500,30
OVRPLTW,172,ok,15.7250458702,28
OVRPLTW,173,ok,19.1049298781,29
OVRPLTW,174,ok,19.8179073946,30
OVRPLTW,175,ok,19.3374180430,27
OVRPLTW,176,ok,17.6166334062,29
OVRPLTW,177,ok,19.6007825183,32
OVRPLTW,178,ok,18.1953806942,27
OVRPLTW,179,ok,17.0446489281,28
OVRPLTW,180,ok,15.8790960842,28
OVRPLTW,181,ok,18.7421811799,26
OVRPLTW,182,ok,20.9318858897,27
OVRPLTW,183,ok,16.9535006807,30
OVRPLTW,184,ok,18.0821799295,27
OVRPLTW,185,ok,19.0568549816,30
OVRPLTW,186,ok,24.6667115980,27
OVRPLTW,187,ok,21.2941789980,27
OVRPLTW,188,ok,20.2917704135,29
OVRPLTW,189,ok,17.1430984491,32
OVRPLTW,190,ok,19.3072550841,31
OVRPLTW,191,ok,16.4031429497,29
OVRPLTW,192,ok,16.0448700707,28
OVRPLTW,193,ok,18.1336241387,31
OVRPLTW,194,ok,18.0988279334,30
OVRPLTW,195,ok,23.3200938047,27
OVRPLTW,196,ok,15.5382419231,27
OVRPLTW,197,ok,19.3771206704,28
OVRPLTW,198,ok,17.6135910036,29
OVRPLTW,199,ok,18.9618934372,29
OVRPLTW,200,ok,20.2317976569,30
OVRPLTW,201,ok,17.9366269867,30
OVRPLTW,202,ok,14.4552029451,28
OVRPLTW,203,ok,17.1606193312,27
OVRPLTW,204,ok,20.1674224806,29
OVRPLTW,205,ok,15.7870362760,29
OVRPLTW,206,ok,21.1348786859,28
OVRPLTW,207,ok,18.5896570249,28
OVRPLTW,208,ok,16.9537681336,26
OVRPLTW,209,ok,15.8118912174,28
OVRPLTW,210,ok,19.4882239694,28
OVRPLTW,211,ok,16.8413745980,29
OVRPLTW,212,ok,26.2626504678,31
OVRPLTW,213,ok,18.3519863035,27
OVRPLTW,214,ok,16.8042014000,28
OVRPLTW,215,ok,18.4721796467,30
OVRPLTW,216,ok,15.4036971239,29
OVRPLTW,217,ok,21.0463144135,27
OVRPLTW,218,ok,17.3011188904,25
OVRPLTW,219,ok,20.6788899479,29
OVRPLTW,220,ok,19.0397819570,29
OVRPLTW,221,ok,18.6569543990,30
OVRPLTW,222,ok,20.7800699894,27
OVRPLTW,223,ok,17.0832017962,28
OVRPLTW,224,ok,15.4824703465,29
OVRPLTW,225,ok,15.5045895384,26
OVRPLTW,226,ok,21.2253489744,29
OVRPLTW,227,ok,24.5145731730,28
OVRPLTW,228,ok,17.4688470813,28
OVRPLTW,229,ok,16.0078646774,28
OVRPLTW,230,ok,16.8331228602,27
OVRPLTW,231,ok,21.5519143387,28
OVRPLTW,232,ok,22.2009358335,29
OVRPLTW,233,ok,22.2940019639,30
OVRPLTW,234,ok,16.9863545346,27
OVRPLTW,235,ok,17.2898816142,30
OVRPLTW,236,ok,16.2188148785,31
OVRPLTW,237,ok,15.8703435329,31
OVRPLTW,238,ok,21.6203758226,29
OVRPLTW,239,ok,16.4161376448,31
OVRPLTW,240,ok,15.2735964534,32
OVRPLTW,241,ok,18.1005768424,29
OVRPLTW,242,ok,19.8370019900,31
OVRPLTW,243,ok,20.6418151320,30
OVRPLTW,244,ok,18.1466348393,26
OVRPLTW,245,ok,17.6987220081,25
OVRPLTW,246,ok,23.7796700295,28
OVRPLTW,247,ok,18.0899814922,27
OVRPLTW,248,ok,19.4954991245,29
OVRPLTW,249,ok,21.5474001437,26
OVRPLTW,250,ok,19.6757050331,27
OVRPLTW,251,ok,17.6058969003,29
OVRPLTW,252,ok,19.5316776491,31
OVRPLTW,253,ok,19.1713632534,30
OVRPLTW,254,ok,18.5438574385,28
OVRPLTW,255,ok,16.4150573973,32
OVRPLTW,256,ok,16.2120855735,27
OVRPLTW,257,ok,23.9382909971,30
OVRPLTW,258,ok,16.5864381244,27
OVRPLTW,259,ok,19.4292041194,29
OVRPLTW,260,ok,15.6604942881,29
OVRPLTW,261,ok,16.7525399234,29
OVRPLTW,262,ok,14.9659153661,27
OVRPLTW,263,ok,22.9404636491,30
OVRPLTW,264,ok,17.1221184068,28
OVRPLTW,265,ok,17.6782729817,27
OVRPLTW,266,ok,18.6222725491,28
OVRPLTW,267,ok,22.1615811744,27
OVRPLTW,268,ok,17.3366483557,26
OVRPLTW,269,ok,20.5409818779,29
OVRPLTW,270,ok,19.6571189934,30
OVRPLTW,271,ok,16.5145272800,30
OVRPLTW,272,ok,18.0550249417,27
OVRPLTW,273,ok,15.3730567616,27
OVRPLTW,274,ok,17.1198334156,29
OVRPLTW,275,ok,19.2042811053,29
OVRPLTW,276,ok,20.8555609767,28
OVRPLTW,277,ok,21.4207510977,28
OVRPLTW,278,ok,21.5523919948,30
OVRPLTW,279,ok,18.3721505081,30
OVRPLTW,280,ok,20.8271790713,29
OVRPLTW,281,ok,21.3849741710,28
OVRPLTW,282,ok,15.9964504304,28
OVRPLTW,283,ok,24.8170534632,31
OVRPLTW,284,ok,15.2544007486,27
OVRPLTW,285,ok,17.0544953160,26
OVRPLTW,286,ok,14.3453393282,28
OVRPLTW,287,ok,18.1158593379,27
OVRPLTW,288,ok,17.3349652782,28
OVRPLTW,289,ok,18.2469530251,29
OVRPLTW,290,ok,21.0838852652,25
OVRPLTW,291,ok,15.8127496199,26
OVRPLTW,292,ok,15.9965065464,27
OVRPLTW,293,ok,21.6256914032,30
OVRPLTW,294,ok,17.3206196404,28
OVRPLTW,295,ok,14.7228458767,29
OVRPLTW,296,ok,18.1075933662,27
OVRPLTW,297,ok,24.4056739606,26
OVRPLTW,298,ok,20.2130357541,26
OVRPLTW,299,ok,18.7115971949,32
OVRPLTW,300,ok,20.0001836800,29
OVRPLTW,301,ok,19.8831455437,28
OVRPLTW,302,ok,18.4298865092,28
OVRPLTW,303,ok,18.9250827660,27
OVRPLTW,304,ok,20.4957257884,27
OVRPLTW,305,ok,17.3730152488,26
OVRPLTW,306,ok,24.7652188066,31
OVRPLTW,307,ok,17.9964227241,28
OVRPLTW,308,ok,17.8962250668,32
OVRPLTW,309,ok,17.4912275066,28
OVRPLTW,310,ok,20.4137594433,28
OVRPLTW,311,ok,16.9322895298,29
OVRPLTW,312,ok,14.9290702299,27
OVRPLTW,313,ok,18.2429705884,26
OVRPLTW,314,ok,19.2332867939,25
OVRPLTW,315,ok,17.5543589904,29
OVRPLTW,316,ok,19.2314633569,30
OVRPLTW,317,ok,20.5441104373,30
OVRPLTW,318,ok,16.0777946182,29
OVRPLTW,319,ok,18.0837013953,28
OVRPLTW,320,ok,22.1952898287,29
OVRPLTW,321,ok,23.1655676414,29
OVRPLTW,322,ok,19.6005522013,29
OVRPLTW,323,ok,22.6953040349,26
OVRPLTW,324,ok,18.0600708795,31
OVRPLTW,325,ok,18.7502750156,28
OVRPLTW,326,ok,22.3433092487,30
OVRPLTW,327,ok,16.4450416488,28
OVRPLTW,328,ok,19.2678149626,31
OVRPLTW,329,ok,20.6091755621,28
OVRPLTW,330,ok,18.9826428552,26
OVRPLTW,331,ok,15.7061131253,30
OVRPLTW,332,ok,19.5275934126,30
OVRPLTW,333,ok,18.2774676748,28
OVRPLTW,334,ok,15.4234737550,32
OVRPLTW,335,ok,16.8406171795,27
OVRPLTW,336,ok,19.6976996754,29
OVRPLTW,337,ok,20.2524879562,29
OVRPLTW,338,ok,22.5260965451,31
OVRPLTW,339,ok,19.7699000660,29
OVRPLTW,340,ok,17.8228196755,27
OVRPLTW,341,ok,16.3056186084,28
OVRPLTW,342,ok,20.4551764494,27
OVRPLTW,343,ok,21.1542898444,28
OVRPLTW,344,ok,15.3200061456,30
OVRPLTW,345,ok,21.5352131718,29
OVRPLTW,346,ok,19.9119552120,28
OVRPLTW,347,ok,14.7710680154,30
OVRPLTW,348,ok,15.7075400193,29
OVRPLTW,349,ok,19.5700030023,27
OVRPLTW,350,ok,20.9064265137,29
OVRPLTW,351,ok,22.1665454554,26
OVRPLTW,352,ok,19.4362738833,28
OVRPLTW,353,ok,18.0244516818,33
OVRPLTW,354,ok,23.8445803140,29
OVRPLTW,355,ok,21.1517875208,26
OVRPLTW,356,ok,16.2253401351,28
OVRPLTW,357,ok,17.3717016356,27
OVRPLTW,358,ok,17.2552593974,27
OVRPLTW,359,ok,19.1944129512,31
OVRPLTW,360,ok,20.0719066023,26
OVRPLTW,361,ok,19.8518049831,29
OVRPLTW,362,ok,17.7159532433,28
OVRPLTW,363,ok,21.4208747306,32
OVRPLTW,364,ok,16.6442597606,27
OVRPLTW,365,ok,17.3064766364,33
OVRPLTW,366,ok,19.1545234395,29
OVRPLTW,367,ok,20.6157570839,26
OVRPLTW,368,ok,20.2680593329,26
OVRPLTW,369,ok,16.8107689895,29
OVRPLTW,370,ok,22.1651937496,27
OVRPLTW,371,ok,18.6351772768,27
OVRPLTW,372,ok,20.0725800669,30
OVRPLTW,373,ok,20.7314758672,27
OVRPLTW,374,ok,16.6825745923,29
OVRPLTW,375,ok,16.9611222204,30
OVRPLTW,376,ok,23.2201182456,29
OVRPLTW,377,ok,14.2430695352,26
OVRPLTW,378,ok,16.0421618818,29
OVRPLTW,379,ok,17.6816700265,26
OVRPLTW,380,ok,19.9900878616,31
OVRPLTW,381,ok,19.3675034480,27
OVRPLTW,382,ok,15.1003984104,25
OVRPLTW,383,ok,17.9387455366,31
OVRPLTW,384,ok,20.8188658112,31
OVRPLTW,385,ok,17.1080351741,30
OVRPLTW,386,ok,17.1739938529,29
OVRPLTW,387,ok,18.7310938486,28
OVRPLTW,388,ok,21.5696616322,31
OVRPLTW,389,ok,15.1877832719,30
OVRPLTW,390,ok,17.5018594304,26
OVRPLTW,391,ok,19.9606727483,28
OVRPLTW,392,ok,14.8787885299,27
OVRPLTW,393,ok,17.5676521341,32
OVRPLTW,394,ok,19.9875459432,28
OVRPLTW,395,ok,16.8640095474,31
OVRPLTW,396,ok,18.6964655675,28
OVRPLTW,397,ok,22.0510850271,32
OVRPLTW,398,ok,21.1837416181,27
OVRPLTW,399,ok,16.1891651906,27
OVRPLTW,400,ok,20.0506495873,30
OVRPLTW,401,ok,19.9860672516,26
OVRPLTW,402,ok,16.3416615042,27
OVRPLTW,403,ok,16.9894362179,28
OVRPLTW,404,ok,18.4466742611,29
OVRPLTW,405,ok,16.4093187026,28
OVRPLTW,406,ok,19.7229235727,26
OVRPLTW,407,ok,22.2439906241,31
OVRPLTW,408,ok,21.2314935587,33
OVRPLTW,409,ok,18.3309958977,29
OVRPLTW,410,ok,18.9597831325,28
OVRPLTW,411,ok,22.7642425606,27
OVRPLTW,412,ok,13.8114812271,29
OVRPLTW,413,ok,21.4939626300,26
OVRPLTW,414,ok,17.0739635690,30
OVRPLTW,415,ok,22.5473199964,30
OVRPLTW,416,ok,15.5544123200,28
OVRPLTW,417,ok,17.6452431951,25
OVRPLTW,418,ok,18.0371959591,31
OVRPLTW,419,ok,19.4891882986,28
OVRPLTW,420,ok,19.9083784367,27
OVRPLTW,421,ok,17.7619129060,27
OVRPLTW,422,ok,20.7959220508,31
OVRPLTW,423,ok,17.6442661502,27
OVRPLTW,424,ok,15.7458766036,31
OVRPLTW,425,ok,18.6995848180,29
OVRPLTW,426,ok,24.5980556082,30
OVRPLTW,427,ok,16.3017545735,28
OVRPLTW,428,ok,18.8162148875,24
OVRPLTW,429,ok,23.0619344151,28
OVRPLTW,430,ok,20.0584377606,26
OVRPLTW,431,ok,18.5489392692,34
OVRPLTW,432,ok,20.2498599713,29
OVRPLTW,433,ok,19.7142885830,26
OVRPLTW,434,ok,21.7264438585,29
OVRPLTW,435,ok,19.7448452895,27
OVRPLTW,436,ok,17.6229583315,25
OVRPLTW,437,ok,17.1011630154,32
OVRPLTW,438,ok,17.8975000114,27
OVRPLTW,439,ok,19.4090114581,29
OVRPLTW,440,ok,15.5308697529,30
OVRPLTW,441,ok,16.9839751936,29
OVRPLTW,442,ok,16.5216509784,29
OVRPLTW,443,ok,21.8112821965,31
OVRPLTW,444,ok,16.4589460413,27
OVRPLTW,445,ok,15.7347712937,30
OVRPLTW,446,ok,19.0247358652,29
OVRPLTW,447,ok,22.8520832120,28
OVRPLTW,448,ok,20.8728277105,26
OVRPLTW,449,ok,17.2629852639,28
OVRPLTW,450,ok,19.3906863429,28
OVRPLTW,451,ok,16.8998576423,30
OVRPLTW,452,ok,23.6042027420,30
OVRPLTW,453,ok,22.5351642859,27
OVRPLTW,454,ok,16.1057588044,28
OVRPLTW,455,ok,15.9847796064,29
OVRPLTW,456,ok,17.7925377000,30
OVRPLTW,457,ok,22.5261010805,30
OVRPLTW,458,ok,17.2378084193,28
OVRPLTW,459,ok,16.2915243434,28
OVRPLTW,460,ok,20.2192294307,30
OVRPLTW,461,ok,15.9635242864,27
OVRPLTW,462,ok,20.5910656188,30
OVRPLTW,463,ok,21.8948318960,30
OVRPLTW,464,ok,16.9924179198,30
OVRPLTW,465,ok,18.9216730989,29
OVRPLTW,466,ok,20.2250666414,25
OVRPLTW,467,ok,17.6669279341,28
OVRPLTW,468,ok,16.7543676515,27
OVRPLTW,469,ok,17.6317711201,33
OVRPLTW,470,ok,19.2117572026,29
OVRPLTW,471,ok,16.1426769153,26
OVRPLTW,472,ok,16.2671123580,30
OVRPLTW,473,ok,16.8112993093,26
OVRPLTW,474,ok,17.0120892636,28
OVRPLTW,475,ok,22.0423982619,30
OVRPLTW,476,ok,17.0267830063,30
OVRPLTW,477,ok,16.9991415020,26
OVRPLTW,478,ok,21.4212273817,29
OVRPLTW,479,ok,22.0036219775,30
OVRPLTW,480,ok,15.8500574298,30
OVRPLTW,481,ok,20.0718419005,29
OVRPLTW,482,ok,16.9571906541,28
OVRPLTW,483,ok,20.8988440678,31
OVRPLTW,484,ok,17.6368348658,28
OVRPLTW,485,ok,19.9420693388,28
OVRPLTW,486,ok,15.9921190862,30
OVRPLTW,487,ok,18.6579383791,31
OVRPLTW,488,ok,18.4622350291,30
OVRPLTW,489,ok,15.7418351778,28
OVRPLTW,490,ok,20.5581048384,29
OVRPLTW,491,ok,18.7684944369,29
OVRPLTW,492,ok,22.8905080416,29
OVRPLTW,493,ok,20.9304008547,30
OVRPLTW,494,ok,19.3756292679,31
OVRPLTW,495,ok,15.7830030386,30
OVRPLTW,496,ok,20.7913244430,33
OVRPLTW,497,ok,19.3869991126,25
OVRPLTW,498,ok,23.6929847107,28
OVRPLTW,499,ok,16.6009992409,33
OVRPLTW,500,ok,18.8034108263,27
OVRPLTW,501,ok,19.4699632742,28
OVRPLTW,502,ok,16.0197612618,28
OVRPLTW,503,ok,17.5958815389,30
OVRPLTW,504,ok,19.8492926730,27
OVRPLTW,505,ok,16.8894901234,28
OVRPLTW,506,ok,16.9222171268,29
OVRPLTW,507,ok,17.6330192003,29
OVRPLTW,508,ok,22.7271462263,30
OVRPLTW,509,ok,19.5771133615,31
OVRPLTW,510,ok,20.3380508898,30
OVRPLTW,511,ok,25.0185050776,28
OVRPLTW,512,ok,15.1105868998,26
OVRPLTW,513,ok,16.0027015250,26
OVRPLTW,514,ok,21.9078194840,27
OVRPLTW,515,ok,15.1528506747,29
OVRPLTW,516,ok,19.2003754529,31
OVRPLTW,517,ok,17.2487596246,25
OVRPLTW,518,ok,15.6185333831,27
OVRPLTW,519,ok,24.1848637755,29
OVRPLTW,520,ok,16.1232285893,26
OVRPLTW,521,ok,18.4499459139,32
OVRPLTW,522,ok,18.0905252106,28
OVRPLTW,523,ok,19.9238664634,27
OVRPLTW,524,ok,17.2557836771,30
OVRPLTW,525,ok,18.7312060033,28
OVRPLTW,526,ok,14.5110249756,28
OVRPLTW,527,ok,23.0078300646,28
OVRPLTW,528,ok,19.5537664361,31
OVRPLTW,529,ok,18.6870120332,30
OVRPLTW,530,ok,16.7293978692,28
OVRPLTW,531,ok,19.8189340586,27
OVRPLTW,532,ok,15.9832116010,27
OVRPLTW,533,ok,17.3246961109,30
OVRPLTW,534,ok,19.0331371328,25
OVRPLTW,535,ok,16.5953383420,29
OVRPLTW,536,ok,20.7560629465,29
OVRPLTW,537,ok,27.0112848335,31
OVRPLTW,538,ok,19.5805102869,29
OVRPLTW,539,ok,19.2026729170,27
OVRPLTW,540,ok,18.1528857716,27
OVRPLTW,541,ok,16.8203787500,25
OVRPLTW,542,ok,23.9092746798,27
OVRPLTW,543,ok,18.1121150134,27
OVRPLTW,544,ok,19.6774958299,31
OVRPLTW,545,ok,23.4703112479,31
OVRPLTW,546,ok,22.8237419353,27
OVRPLTW,547,ok,17.9046001292,28
OVRPLTW,548,ok,22.9704491368,27
OVRPLTW,549,ok,18.6311850628,30
OVRPLTW,550,ok,18.5905943910,29
OVRPLTW,551,ok,17.3490482863,29
OVRPLTW,552,ok,19.2116659014,33
OVRPLTW,553,ok,15.9570598341,30
OVRPLTW,554,ok,17.9035932491,28
OVRPLTW,555,ok,18.4258451126,26
OVRPLTW,556,ok,20.0004673169,29
OVRPLTW,557,ok,18.0838182566,31
OVRPLTW,558,ok,17.3771389235,31
OVRPLTW,559,ok,14.9189964616,29
OVRPLTW,560,ok,23.9795536017,30
OVRPLTW,561,ok,21.7822725292,29
OVRPLTW,562,ok,15.7425203132,29
OVRPLTW,563,ok,17.4459728578,28
OVRPLTW,564,ok,22.2722110029,31
OVRPLTW,565,ok,20.3302454233,27
OVRPLTW,566,ok,14.7753750423,28
OVRPLTW,567,ok,15.3368265793,29
OVRPLTW,568,ok,20.0340591921,29
OVRPLTW,569,ok,21.5746664822,29
OVRPLTW,570,ok,22.6266085153,31
OVRPLTW,571,ok,20.2003351942,29
OVRPLTW,572,ok,15.8918466920,30
OVRPLTW,573,ok,17.6841555556,29
OVRPLTW,574,ok,19.7104435328,31
OVRPLTW,575,ok,20.8992730599,29
OVRPLTW,576,ok,19.4038846927,27
OVRPLTW,577,ok,15.8842142006,27
OVRPLTW,578,ok,20.4651744881,28
OVRPLTW,579,ok,20.8986930347,32
OVRPLTW,580,ok,22.0351830462,28
OVRPLTW,581,ok,23.7892995655,26
OVRPLTW,582,ok,22.9631411603,28
OVRPLTW,583,ok,16.2164147918,27
OVRPLTW,584,ok,17.8691649021,29
OVRPLTW,585,ok,16.8770608000,27
OVRPLTW,586,ok,18.6238953419,27
OVRPLTW,587,ok,24.9736131417,32
OVRPLTW,588,ok,15.5126482278,31
OVRPLTW,589,ok,19.7131037356,27
OVRPLTW,590,ok,17.7620268096,27
OVRPLTW,591,ok,19.9140492382,30
OVRPLTW,592,ok,20.3137701530,28
OVRPLTW,593,ok,18.0828018257,28
OVRPLTW,594,ok,18.0280567400,29
OVRPLTW,595,ok,18.9989776019,30
OVRPLTW,596,ok,18.0520980591,33
OVRPLTW,597,ok,16.2886212024,29
OVRPLTW,598,ok,20.8625827485,30
OVRPLTW,599,ok,15.9662827237,29
OVRPLTW,600,ok,18.0726232884,27
OVRPLTW,601,ok,16.3069491647,31
OVRPLTW,602,ok,14.6147068242,30
OVRPLTW,603,ok,17.1258630516,30
OVRPLTW,604,ok,19.6634778085,29
OVRPLTW,605,ok,19.1607332107,26
OVRPLTW,606,ok,16.8852378957,28
OVRPLTW,607,ok,17.0460898305,29
OVRPLTW,608,ok,20.4041378292,30
OVRPLTW,609,ok,19.4657552733,27
OVRPLTW,610,ok,17.0895902578,31
OVRPLTW,611,ok,17.7628738504,27
OVRPLTW,612,ok,18.7290325559,30
OVRPLTW,613,ok,17.8155071633,28
OVRPLTW,614,ok,20.9195819499,30
OVRPLTW,615,ok,21.4341101034,30
OVRPLTW,616,ok,16.3440650409,27
OVRPLTW,617,ok,22.4065335330,29
OVRPLTW,618,ok,21.7613407546,30
OVRPLTW,619,ok,19.4279256755,31
OVRPLTW,620,ok,19.9999127728,29
OVRPLTW,621,ok,23.6728920124,28
OVRPLTW,622,ok,19.2561040693,27
OVRPLTW,623,ok,18.0987145686,29
OVRPLTW,624,ok,17.0729771439,29
OVRPLTW,625,ok,15.6776199168,29
OVRPLTW,626,ok,19.0360597122,25
OVRPLTW,627,ok,20.0558677600,30
OVRPLTW,628,ok,20.1775089764,27
OVRPLTW,629,ok,17.9828979891,30
OVRPLTW,630,ok,21.8365879464,29
OVRPLTW,631,ok,17.9579267282,31
OVRPLTW,632,ok,19.7980402504,29
OVRPLTW,633,ok,16.4971919446,28
OVRPLTW,634,ok,17.5395840465,29
OVRPLTW,635,ok,23.0734622168,30
OVRPLTW,636,ok,19.0364106461,30
OVRPLTW,637,ok,17.8608062874,27
OVRPLTW,638,ok,17.9702402901,27
OVRPLTW,639,ok,17.8910654078,27
OVRPLTW,640,ok,15.3064271900,31
OVRPLTW,641,ok,16.7751532940,31
OVRPLTW,642,ok,21.2781386063,30
OVRPLTW,643,ok,19.2192127534,32
OVRPLTW,644,ok,18.2586667981,26
OVRPLTW,645,ok,17.3861736117,27
OVRPLTW,646,ok,16.6462248372,32
OVRPLTW,647,ok,21.2250230716,27
OVRPLTW,648,ok,21.1472857892,29
OVRPLTW,649,ok,23.2329508886,28
OVRPLTW,650,ok,15.6688833257,29
OVRPLTW,651,ok,18.7726304672,27
OVRPLTW,652,ok,17.9643814386,25
OVRPLTW,653,ok,16.5730531740,29
OVRPLTW,654,ok,16.0354103991,30
OVRPLTW,655,ok,18.6461058807,27
OVRPLTW,656,ok,19.5189545719,26
OVRPLTW,657,ok,22.8512270820,27
OVRPLTW,658,ok,15.9605165440,30
OVRPLTW,659,ok,25.2347926717,31
OVRPLTW,660,ok,16.9900610340,27
OVRPLTW,661,ok,19.3855436362,30
OVRPLTW,662,ok,17.8811539546,30
OVRPLTW,663,ok,17.7564245069,29
OVRPLTW,664,ok,20.9462382291,26
OVRPLTW,665,ok,20.9233202133,28
OVRPLTW,666,ok,15.4981447300,28
OVRPLTW,667,ok,18.3434427383,30
OVRPLTW,668,ok,20.1594511405,27
OVRPLTW,669,ok,15.7076716115,27
OVRPLTW,670,ok,16.0060034244,25
OVRPLTW,671,ok,19.3976706266,29
OVRPLTW,672,ok,19.2337340092,28
OVRPLTW,673,ok,16.6188691452,31
OVRPLTW,674,ok,17.8986958045,31
OVRPLTW,675,ok,22.5435052721,26
OVRPLTW,676,ok,20.5724102371,29
OVRPLTW,677,ok,16.0921985187,29
OVRPLTW,678,ok,20.2933554585,27
OVRPLTW,679,ok,19.9089745911,27
OVRPLTW,680,ok,17.8471119568,30
OVRPLTW,681,ok,20.6631063765,28
OVRPLTW,682,ok,16.0209419121,24
OVRPLTW,683,ok,18.1394315156,27
OVRPLTW,684,ok,17.2290101656,30
OVRPLTW,685,ok,16.7503575062,29
OVRPLTW,686,ok,17.2429995695,34
OVRPLTW,687,ok,17.9014196412,29
OVRPLTW,688,ok,19.1351903884,30
OVRPLTW,689,ok,16.5834200171,28
OVRPLTW,690,ok,18.2542159689,28
OVRPLTW,691,ok,21.3729287638,30
OVRPLTW,692,ok,18.8867118826,30
OVRPLTW,693,ok,16.2967230200,28
OVRPLTW,694,ok,19.9149601928,28
OVRPLTW,695,ok,19.7752167106,27
OVRPLTW,696,ok,16.9200623430,28
OVRPLTW,697,ok,17.7019535634,27
OVRPLTW,698,ok,15.7998793467,29
OVRPLTW,699,ok,20.2067216874,33
OVRPLTW,700,ok,18.1628896719,29
OVRPLTW,701,ok,17.2399412539,26
OVRPLTW,702,ok,20.6330868998,28
OVRPLTW,703,ok,19.0081236055,27
OVRPLTW,704,ok,13.9564299430,25
OVRPLTW,705,ok,19.7029251671,27
OVRPLTW,706,ok,21.6702805233,31
OVRPLTW,707,ok,16.9881200485,29
OVRPLTW,708,ok,16.6746592506,28
OVRPLTW,709,ok,15.0746905843,28
OVRPLTW,710,ok,23.9563146200,27
OVRPLTW,711,ok,16.6892449581,28
OVRPLTW,712,ok,15.5853174209,31
OVRPLTW,713,ok,14.7165270758,26
OVRPLTW,714,ok,17.3817349793,26
OVRPLTW,715,ok,21.7288229249,30
OVRPLTW,716,ok,15.7425420681,30
OVRPLTW,717,ok,15.8112185571,29
OVRPLTW,718,ok,24.4173197119,29
OVRPLTW,719,ok,20.5258633019,28
OVRPLTW,720,ok,19.3847015745,30
OVRPLTW,721,ok,15.8171994410,32
OVRPLTW,722,ok,20.1559455435,26
OVRPLTW,723,ok,19.3705342326,29
OVRPLTW,724,ok,15.6214648773,30
OVRPLTW,725,ok,18.9802616410,28
OVRPLTW,726,ok,18.9777134685,29
OVRPLTW,727,ok,19.5749616003,30
OVRPLTW,728,ok,16.9976915848,28
OVRPLTW,729,ok,17.4947497363,30
OVRPLTW,730,ok,23.3659146802,26
OVRPLTW,731,ok,19.4370227685,30
OVRPLTW,732,ok,22.0489192397,27
OVRPLTW,733,ok,16.8328785287,29
OVRPLTW,734,ok,16.2383589281,28
OVRPLTW,735,ok,16.3514577250,27
OVRPLTW,736,ok,19.8914902683,31
OVRPLTW,737,ok,18.2001636064,26
OVRPLTW,738,ok,20.9772936590,28
OVRPLTW,739,ok,17.0936472319,31
OVRPLTW,740,ok,18.4169674396,30
OVRPLTW,741,ok,20.3141985848,26
OVRPLTW,742,ok,20.0274935410,31
OVRPLTW,743,ok,14.9534271528,26
OVRPLTW,744,ok,15.6269997397,30
OVRPLTW,745,ok,20.4986408441,30
OVRPLTW,746,ok,19.5270864996,28
OVRPLTW,747,ok,17.7489227908,30
OVRPLTW,748,ok,18.8181465258,28
OVRPLTW,749,ok,16.5977281339,27
OVRPLTW,750,ok,15.3880026872,26
OVRPLTW,751,ok,19.9420822423,31
OVRPLTW,752,ok,19.3821613595,28
OVRPLTW,753,ok,23.6388504286,28
OVRPLTW,754,ok,16.8898737584,28
OVRPLTW,755,ok,21.6196855673,31
OVRPLTW,756,ok,18.3914506119,29
OVRPLTW,757,ok,16.2784095775,28
OVRPLTW,758,ok,21.7011166463,32
OVRPLTW,759,ok,17.3230454790,25
OVRPLTW,760,ok,15.9484095321,29
OVRPLTW,761,ok,20.7940429494,28
OVRPLTW,762,ok,17.6213681608,27
OVRPLTW,763,ok,17.2130023228,32
OVRPLTW,764,ok,26.5945532080,29
OVRPLTW,765,ok,18.5909397868,27
OVRPLTW,766,ok,21.6557663907,30
OVRPLTW,767,ok,15.5421891391,29
OVRPLTW,768,ok,19.2558383756,24
OVRPLTW,769,ok,19.6892344050,28
OVRPLTW,770,ok,19.6920830153,30
OVRPLTW,771,ok,16.9303954641,28
OVRPLTW,772,ok,20.7064918404,28
OVRPLTW,773,ok,22.4931304837,31
OVRPLTW,774,ok,16.6044994850,29
OVRPLTW,775,ok,18.7708588507,30
OVRPLTW,776,ok,18.0977033390,26
OVRPLTW,777,ok,18.9124757992,26
OVRPLTW,778,ok,22.0227881345,27
OVRPLTW,779,ok,16.3356668499,31
OVRPLTW,780,ok,22.8844006247,32
OVRPLTW,781,ok,19.7872712777,30
OVRPLTW,782,ok,22.4776664080,28
OVRPLTW,783,ok,21.9536045174,33
OVRPLTW,784,ok,16.8413917994,30
OVRPLTW,785,ok,19.1962303073,28
OVRPLTW,786,ok,16.5854198530,29
OVRPLTW,787,ok,20.6431724136,29
OVRPLTW,788,ok,15.7124243441,29
OVRPLTW,789,ok,16.3170724219,28
OVRPLTW,790,ok,17.2037950813,29
OVRPLTW,791,ok,20.1692628048,30
OVRPLTW,792,ok,20.0104030958,25
OVRPLTW,793,ok,18.1780725331,30
OVRPLTW,794,ok,21.1022154506,30
OVRPLTW,795,ok,19.6322210222,29
OVRPLTW,796,ok,17.0888807348,28
OVRPLTW,797,ok,16.8446725661,29
OVRPLTW,798,ok,16.9380126680,29
OVRPLTW,799,ok,19.0215210863,29
OVRPLTW,800,ok,18.5988730558,28
OVRPLTW,801,ok,19.8113634576,30
OVRPLTW,802,ok,15.2032327727,29
OVRPLTW,803,ok,17.8685734010,30
OVRPLTW,804,ok,23.6875345983,32
OVRPLTW,805,ok,20.8720270856,27
OVRPLTW,806,ok,16.2746554632,27
OVRPLTW,807,ok,17.8126460877,31
OVRPLTW,808,ok,15.8149233022,31
OVRPLTW,809,ok,21.3704213170,28
OVRPLTW,810,ok,17.0898592089,29
OVRPLTW,811,ok,22.0615440354,29
OVRPLTW,812,ok,16.5961556847,28
OVRPLTW,813,ok,19.3147152659,29
OVRPLTW,814,ok,18.1314791318,25
OVRPLTW,815,ok,20.5370675272,28
OVRPLTW,816,ok,15.0525723141,28
OVRPLTW,817,ok,18.7561404229,28
OVRPLTW,818,ok,22.9459414825,28
OVRPLTW,819,ok,20.0481399465,26
OVRPLTW,820,ok,18.8948208695,27
OVRPLTW,821,ok,17.3279569871,27
OVRPLTW,822,ok,20.8739232321,30
OVRPLTW,823,ok,21.3124912167,32
OVRPLTW,824,ok,16.5371988149,27
OVRPLTW,825,ok,20.5755811440,29
OVRPLTW,826,ok,21.2062635735,30
OVRPLTW,827,ok,19.6027836113,27
OVRPLTW,828,ok,19.5058771239,29
OVRPLTW,829,ok,17.1678865924,28
OVRPLTW,830,ok,19.0985359474,25
OVRPLTW,831,ok,25.3031648126,30
OVRPLTW,832,ok,16.5890412441,26
OVRPLTW,833,ok,20.2965876981,29
OVRPLTW,834,ok,16.4964036360,29
OVRPLTW,835,ok,20.4057375220,28
OVRPLTW,836,ok,14.5958057542,28
OVRPLTW,837,ok,22.1386896608,28
OVRPLTW,838,ok,19.3290581959,26
OVRPLTW,839,ok,14.3130322651,27
OVRPLTW,840,ok,15.3328719977,30
OVRPLTW,841,ok,15.7755856458,32
OVRPLTW,842,ok,21.5212985165,29
OVRPLTW,843,ok,16.3075084534,28
OVRPLTW,844,ok,15.6084215551,29
OVRPLTW,845,ok,20.3965579042,30
OVRPLTW,846,ok,19.7334156040,30
OVRPLTW,847,ok,17.3590199016,30
OVRPLTW,848,ok,19.4365654037,29
OVRPLTW,849,ok,25.1003307462,28
OVRPLTW,850,ok,18.2345615646,29
OVRPLTW,851,ok,16.1755902415,28
OVRPLTW,852,ok,18.1695498980,28
OVRPLTW,853,ok,20.3760623014,28
OVRPLTW,854,ok,16.6026131920,30
OVRPLTW,855,ok,19.1978638041,28
OVRPLTW,856,ok,19.5206429078,30
OVRPLTW,857,ok,18.2277898631,29
OVRPLTW,858,ok,20.4877258403,26
OVRPLTW,859,ok,21.2226320620,28
OVRPLTW,860,ok,18.1147942858,29
OVRPLTW,861,ok,15.2566402669,26
OVRPLTW,862,ok,19.8432432070,30
OVRPLTW,863,ok,18.0719098709,30
OVRPLTW,864,ok,17.1247452367,25
OVRPLTW,865,ok,17.8841351467,30
OVRPLTW,866,ok,16.8093162991,28
OVRPLTW,867,ok,16.2381230702,27
OVRPLTW,868,ok,17.7863734864,28
OVRPLTW,869,ok,18.5960736870,28
OVRPLTW,870,ok,22.4610175325,31
OVRPLTW,871,ok,21.0983372262,29
OVRPLTW,872,ok,22.7245290461,27
OVRPLTW,873,ok,20.4404307415,26
OVRPLTW,874,ok,19.6116621818,29
OVRPLTW,875,ok,17.2175925684,29
OVRPLTW,876,ok,17.6221048811,29
OVRPLTW,877,ok,21.1936781080,28
OVRPLTW,878,ok,18.1195567585,29
OVRPLTW,879,ok,15.7134625372,27
OVRPLTW,880,ok,20.0006360544,28
OVRPLTW,881,ok,15.8736569897,31
OVRPLTW,882,ok,18.4003832295,28
OVRPLTW,883,ok,20.2366568497,30
OVRPLTW,884,ok,16.2476828590,28
OVRPLTW,885,ok,24.3826339913,27
OVRPLTW,886,ok,21.6763501822,27
OVRPLTW,887,ok,16.2310123513,29
OVRPLTW,888,ok,19.3475581612,27
OVRPLTW,889,ok,19.6762146610,27
OVRPLTW,890,ok,21.1379927283,28
OVRPLTW,891,ok,20.6614984016,30
OVRPLTW,892,ok,18.2738987004,27
OVRPLTW,893,ok,20.4458157360,28
OVRPLTW,894,ok,24.8488751484,26
OVRPLTW,895,ok,16.0336760894,26
OVRPLTW,896,ok,17.4752471305,29
OVRPLTW,897,ok,21.2483405725,29
OVRPLTW,898,ok,20.1548912822,27
OVRPLTW,899,ok,15.4920264932,29
OVRPLTW,900,ok,19.2176269493,27
OVRPLTW,901,ok,18.1066206578,30
OVRPLTW,902,ok,16.8554079809,27
OVRPLTW,903,ok,18.1203455767,26
OVRPLTW,904,ok,14.9276923597,26
OVRPLTW,905,ok,20.5689083723,28
OVRPLTW,906,ok,19.3778317844,31
OVRPLTW,907,ok,15.9412057801,32
OVRPLTW,908,ok,17.7562899342,28
OVRPLTW,909,ok,19.4199261531,26
OVRPLTW,910,ok,16.4293790923,32
OVRPLTW,911,ok,17.1476309450,28
OVRPLTW,912,ok,18.8443915220,30
OVRPLTW,913,ok,18.1714978444,29
OVRPLTW,914,ok,16.0028716272,31
OVRPLTW,915,ok,18.6092366661,30
OVRPLTW,916,ok,14.9116679097,28
OVRPLTW,917,ok,16.2766961570,29
OVRPLTW,918,ok,21.3122682964,27
OVRPLTW,919,ok,16.0899441664,29
OVRPLTW,920,ok,17.6601592391,30
OVRPLTW,921,ok,18.4518764696,28
OVRPLTW,922,ok,21.0827762462,28
OVRPLTW,923,ok,18.9004626659,27
OVRPLTW,924,ok,19.5879012664,29
OVRPLTW,925,ok,16.4899376008,28
OVRPLTW,926,ok,17.9779854370,28
OVRPLTW,927,ok,18.6091906178,28
OVRPLTW,928,ok,16.6268646300,31
OVRPLTW,929,ok,15.5335894391,28
OVRPLTW,930,ok,18.9479228996,28
OVRPLTW,931,ok,16.7340863389,29
OVRPLTW,932,ok,19.4840516855,26
OVRPLTW,933,ok,16.8222327463,25
OVRPLTW,934,ok,19.6090554077,27
OVRPLTW,935,ok,18.0598143175,27
OVRPLTW,936,ok,21.0514208005,27
OVRPLTW,937,ok,19.3526915891,33
OVRPLTW,938,ok,17.1546485317,29
OVRPLTW,939,ok,17.2324394066,30
OVRPLTW,940,ok,18.5209701684,28
OVRPLTW,941,ok,15.2076535510,30
OVRPLTW,942,ok,19.0049953451,30
OVRPLTW,943,ok,17.8287466507,27
OVRPLTW,944,ok,23.2017627638,26
OVRPLTW,945,ok,16.6619626039,28
OVRPLTW,946,ok,19.5943073122,31
OVRPLTW,947,ok,18.8281407176,25
OVRPLTW,948,ok,21.1298216708,31
OVRPLTW,949,ok,17.0486158037,31
OVRPLTW,950,ok,17.9276469664,27
OVRPLTW,951,ok,24.1807244851,30
OVRPLTW,952,ok,24.7868799476,30
OVRPLTW,953,ok,19.0024582069,27
OVRPLTW,954,ok,15.9142291004,33
OVRPLTW,955,ok,22.4526397102,31
OVRPLTW,956,ok,16.9255161820,28
OVRPLTW,957,ok,17.4230080299,29
OVRPLTW,958,ok,16.6436805040,32
OVRPLTW,959,ok,17.3983618105,26
OVRPLTW,960,ok,15.8916981158,31
OVRPLTW,961,ok,17.0916184741,28
OVRPLTW,962,ok,19.3148026406,29
OVRPLTW,963,ok,19.1769045715,28
OVRPLTW,964,ok,23.5380398144,29
OVRPLTW,965,ok,16.9299153953,29
OVRPLTW,966,ok,20.3378821545,30
OVRPLTW,967,ok,16.6129450992,32
OVRPLTW,968,ok,18.7149636058,24
OVRPLTW,969,ok,22.7546224275,27
OVRPLTW,970,ok,14.4548471679,27
OVRPLTW,971,ok,21.5212993245,28
OVRPLTW,972,ok,23.5435557537,27
OVRPLTW,973,ok,18.9985312801,29
OVRPLTW,974,ok,18.5926617428,28
OVRPLTW,975,ok,17.4731654419,30
OVRPLTW,976,ok,18.6315068336,29
OVRPLTW,977,ok,15.0825263685,26
OVRPLTW,978,ok,16.0082389199,28
OVRPLTW,979,ok,22.3556748723,29
OVRPLTW,980,ok,17.9870836634,31
OVRPLTW,981,ok,16.2637025880,28
OVRPLTW,982,ok,17.5827886329,26
OVRPLTW,983,ok,21.8567732015,29
OVRPLTW,984,ok,20.3181513254,26
OVRPLTW,985,ok,15.8724933445,26
OVRPLTW,986,ok,16.6065913965,29
OVRPLTW,987,ok,18.4390784975,30
OVRPLTW,988,ok,22.9764703930,30
OVRPLTW,989,ok,19.8206092334,28
OVRPLTW,990,ok,16.4233446603,30
OVRPLTW,991,ok,17.1930502929,28
OVRPLTW,992,ok,16.8831975854,30
OVRPLTW,993,ok,17.9148306881,29
OVRPLTW,994,ok,21.9645215418,29
OVRPLTW,995,ok,16.3454817389,30
OVRPLTW,996,ok,20.0594577776,27
OVRPLTW,997,ok,18.4143978839,31
OVRPLTW,998,ok,23.7208338303,28
OVRPLTW,999,ok,19.9611606024,30
VRPBLTW,0,no_feasible_candidate,,
VRPBLTW,1,no_feasible_candidate,,
VRPBLTW,2,no_feasible_candidate,,
VRPBLTW,3,no_feasible_candidate,,
VRPBLTW,4,no_feasible_candidate,,
VRPBLTW,5,no_feasible_candidate,,
VRPBLTW,6,no_feasible_candidate,,
VRPBLTW,7,no_feasible_candidate,,
VRPBLTW,8,no_feasible_candidate,,
VRPBLTW,9,no_feasible_candidate,,
VRPBLTW,10,no_feasible_candidate,,
VRPBLTW,11,no_feasible_candidate,,
VRPBLTW,12,no_feasible_candidate,,
VRPBLTW,13,no_feasible_candidate,,
VRPBLTW,14,no_feasible_candidate,,
VRPBLTW,15,no_feasible_candidate,,
VRPBLTW,16,no_feasible_candidate,,
VRPBLTW,17,no_feasible_candidate,,
VRPBLTW,18,no_feasible_candidate,,
VRPBLTW,19,no_feasible_candidate,,
VRPBLTW,20,no_feasible_candidate,,
VRPBLTW,21,no_feasible_candidate,,
VRPBLTW,22,no_feasible_candidate,,
VRPBLTW,23,no_feasible_candidate,,
VRPBLTW,24,no_feasible_candidate,,
VRPBLTW,25,no_feasible_candidate,,
VRPBLTW,26,no_feasible_candidate,,
VRPBLTW,27,no_feasible_candidate,,
VRPBLTW,28,no_feasible_candidate,,
VRPBLTW,29,no_feasible_candidate,,
VRPBLTW,30,no_feasible_candidate,,
VRPBLTW,31,no_feasible_candidate,,
VRPBLTW,32,no_feasible_candidate,,
VRPBLTW,33,no_feasible_candidate,,
VRPBLTW,34,no_feasible_candidate,,
VRPBLTW,35,no_feasible_candidate,,
VRPBLTW,36,no_feasible_candidate,,
VRPBLTW,37,no_feasible_candidate,,
VRPBLTW,38,no_feasible_candidate,,
VRPBLTW,39,no_feasible_candidate,,
VRPBLTW,40,no_feasible_candidate,,
VRPBLTW,41,no_feasible_candidate,,
VRPBLTW,42,no_feasible_candidate,,
VRPBLTW,43,no_feasible_candidate,,
VRPBLTW,44,no_feasible_candidate,,
VRPBLTW,45,no_feasible_candidate,,
VRPBLTW,46,no_feasible_candidate,,
VRPBLTW,47,no_feasible_candidate,,
VRPBLTW,48,no_feasible_candidate,,
VRPBLTW,49,no_feasible_candidate,,
VRPBLTW,50,no_feasible_candidate,,
VRPBLTW,51,no_feasible_candidate,,
VRPBLTW,52,no_feasible_candidate,,
VRPBLTW,53,no_feasible_candidate,,
VRPBLTW,54,no_feasible_candidate,,
VRPBLTW,55,no_feasible_candidate,,
VRPBLTW,56,no_feasible_candidate,,
VRPBLTW,57,no_feasible_candidate,,
VRPBLTW,58,no_feasible_candidate,,
VRPBLTW,59,no_feasible_candidate,,
VRPBLTW,60,no_feasible_candidate,,
VRPBLTW,61,no_feasible_candidate,,
VRPBLTW,62,no_feasible_candidate,,
VRPBLTW,63,no_feasible_candidate,,
VRPBLTW,64,no_feasible_candidate,,
VRPBLTW,65,no_feasible_candidate,,
VRPBLTW,66,no_feasible_candidate,,
VRPBLTW,67,no_feasible_candidate,,
VRPBLTW,68,no_feasible_candidate,,
VRPBLTW,69,no_feasible_candidate,,
VRPBLTW,70,no_feasible_candidate,,
VRPBLTW,71,no_feasible_candidate,,
VRPBLTW,72,no_feasible_candidate,,
VRPBLTW,73,no_feasible_candidate,,
VRPBLTW,74,no_feasible_candidate,,
VRPBLTW,75,no_feasible_candidate,,
VRPBLTW,76,no_feasible_candidate,,
VRPBLTW,77,no_feasible_candidate,,
VRPBLTW,78,no_feasible_candidate,,
VRPBLTW,79,no_feasible_candidate,,
VRPBLTW,80,no_feasible_candidate,,
VRPBLTW,81,no_feasible_candidate,,
VRPBLTW,82,no_feasible_candidate,,
VRPBLTW,83,no_feasible_candidate,,
VRPBLTW,84,no_feasible_candidate,,
VRPBLTW,85,no_feasible_candidate,,
VRPBLTW,86,no_feasible_candidate,,
VRPBLTW,87,no_feasible_candidate,,
VRPBLTW,88,no_feasible_candidate,,
VRPBLTW,89,no_feasible_candidate,,
VRPBLTW,90,no_feasible_candidate,,
VRPBLTW,91,no_feasible_candidate,,
VRPBLTW,92,no_feasible_candidate,,
VRPBLTW,93,no_feasible_candidate,,
VRPBLTW,94,no_feasible_candidate,,
VRPBLTW,95,no_feasible_candidate,,
VRPBLTW,96,no_feasible_candidate,,
VRPBLTW,97,no_feasible_candidate,,
VRPBLTW,98,no_feasible_candidate,,
VRPBLTW,99,no_feasible_candidate,,
VRPBLTW,100,no_feasible_candidate,,
VRPBLTW,101,no_feasible_candidate,,
VRPBLTW,102,no_feasible_candidate,,
VRPBLTW,103,no_feasible_candidate,,
VRPBLTW,104,no_feasible_candidate,,
VRPBLTW,105,no_feasible_candidate,,
VRPBLTW,106,no_feasible_candidate,,
VRPBLTW,107,no_feasible_candidate,,
VRPBLTW,108,no_feasible_candidate,,
VRPBLTW,109,no_feasible_candidate,,
VRPBLTW,110,no_feasible_candidate,,
VRPBLTW,111,no_feasible_candidate,,
VRPBLTW,112,no_feasible_candidate,,
VRPBLTW,113,no_feasible_candidate,,
VRPBLTW,114,no_feasible_candidate,,
VRPBLTW,115,no_feasible_candidate,,
VRPBLTW,116,no_feasible_candidate,,
VRPBLTW,117,no_feasible_candidate,,
VRPBLTW,118,no_feasible_candidate,,
VRPBLTW,119,no_feasible_candidate,,
VRPBLTW,120,no_feasible_candidate,,
VRPBLTW,121,no_feasible_candidate,,
VRPBLTW,122,no_feasible_candidate,,
VRPBLTW,123,no_feasible_candidate,,
VRPBLTW,124,no_feasible_candidate,,
VRPBLTW,125,no_feasible_candidate,,
VRPBLTW,126,no_feasible_candidate,,
VRPBLTW,127,no_feasible_candidate,,
VRPBLTW,128,no_feasible_candidate,,
VRPBLTW,129,no_feasible_candidate,,
VRPBLTW,130,no_feasible_candidate,,
VRPBLTW,131,no_feasible_candidate,,
VRPBLTW,132,no_feasible_candidate,,
VRPBLTW,133,no_feasible_candidate,,
VRPBLTW,134,ok,33.4539768979,30
VRPBLTW,135,no_feasible_candidate,,
VRPBLTW,136,no_feasible_candidate,,
VRPBLTW,137,no_feasible_candidate,,
VRPBLTW,138,no_feasible_candidate,,
VRPBLTW,139,no_feasible_candidate,,
VRPBLTW,140,no_feasible_candidate,,
VRPBLTW,141,no_feasible_candidate,,
VRPBLTW,142,no_feasible_candidate,,
VRPBLTW,143,no_feasible_candidate,,
VRPBLTW,144,no_feasible_candidate,,
VRPBLTW,145,no_feasible_candidate,,
VRPBLTW,146,no_feasible_candidate,,
VRPBLTW,147,ok,41.1279021782,27
VRPBLTW,148,no_feasible_candidate,,
VRPBLTW,149,no_feasible_candidate,,
VRPBLTW,150,no_feasible_candidate,,
VRPBLTW,151,no_feasible_candidate,,
VRPBLTW,152,no_feasible_candidate,,
VRPBLTW,153,no_feasible_candidate,,
VRPBLTW,154,no_feasible_candidate,,
VRPBLTW,155,no_feasible_candidate,,
VRPBLTW,156,no_feasible_candidate,,
VRPBLTW,157,no_feasible_candidate,,
VRPBLTW,158,no_feasible_candidate,,
VRPBLTW,159,no_feasible_candidate,,
VRPBLTW,160,no_feasible_candidate,,
VRPBLTW,161,ok,41.4791830227,32
VRPBLTW,162,no_feasible_candidate,,
VRPBLTW,163,no_feasible_candidate,,
VRPBLTW,164,no_feasible_candidate,,
VRPBLTW,165,no_feasible_candidate,,
VRPBLTW,166,no_feasible_candidate,,
VRPBLTW,167,no_feasible_candidate,,
VRPBLTW,168,no_feasible_candidate,,
VRPBLTW,169,no_feasible_candidate,,
VRPBLTW,170,no_feasible_candidate,,
VRPBLTW,171,no_feasible_candidate,,
VRPBLTW,172,no_feasible_candidate,,
VRPBLTW,173,no_feasible_candidate,,
VRPBLTW,174,no_feasible_candidate,,
VRPBLTW,175,no_feasible_candidate,,
VRPBLTW,176,no_feasible_candidate,,
VRPBLTW,177,no_feasible_candidate,,
VRPBLTW,178,no_feasible_candidate,,
VRPBLTW,179,no_feasible_candidate,,
VRPBLTW,180,no_feasible_candidate,,
VRPBLTW,181,no_feasible_candidate,,
VRPBLTW,182,no_feasible_candidate,,
VRPBLTW,183,no_feasible_candidate,,
VRPBLTW,184,no_feasible_candidate,,
VRPBLTW,185,no_feasible_candidate,,
VRPBLTW,186,no_feasible_candidate,,
VRPBLTW,187,no_feasible_candidate,,
VRPBLTW,188,no_feasible_candidate,,
VRPBLTW,189,no_feasible_candidate,,
VRPBLTW,190,no_feasible_candidate,,
VRPBLTW,191,no_feasible_candidate,,
VRPBLTW,192,no_feasible_candidate,,
VRPBLTW,193,no_feasible_candidate,,
VRPBLTW,194,no_feasible_candidate,,
VRPBLTW,195,no_feasible_candidate,,
VRPBLTW,196,no_feasible_candidate,,
VRPBLTW,197,no_feasible_candidate,,
VRPBLTW,198,no_feasible_candidate,,
VRPBLTW,199,no_feasible_candidate,,
VRPBLTW,200,no_feasible_candidate,,
VRPBLTW,201,no_feasible_candidate,,
VRPBLTW,202,no_feasible_candidate,,
VRPBLTW,203,no_feasible_candidate,,
VRPBLTW,204,no_feasible_candidate,,
VRPBLTW,205,no_feasible_candidate,,
VRPBLTW,206,no_feasible_candidate,,
VRPBLTW,207,no_feasible_candidate,,
VRPBLTW,208,no_feasible_candidate,,
VRPBLTW,209,no_feasible_candidate,,
VRPBLTW,210,no_feasible_candidate,,
VRPBLTW,211,no_feasible_candidate,,
VRPBLTW,212,ok,41.7461701521,34
VRPBLTW,213,no_feasible_candidate,,
VRPBLTW,214,no_feasible_candidate,,
VRPBLTW,215,no_feasible_candidate,,
VRPBLTW,216,no_feasible_candidate,,
VRPBLTW,217,no_feasible_candidate,,
VRPBLTW,218,no_feasible_candidate,,
VRPBLTW,219,no_feasible_candidate,,
VRPBLTW,220,no_feasible_candidate,,
VRPBLTW,221,no_feasible_candidate,,
VRPBLTW,222,no_feasible_candidate,,
VRPBLTW,223,no_feasible_candidate,,
VRPBLTW,224,no_feasible_candidate,,
VRPBLTW,225,no_feasible_candidate,,
VRPBLTW,226,no_feasible_candidate,,
VRPBLTW,227,no_feasible_candidate,,
VRPBLTW,228,no_feasible_candidate,,
VRPBLTW,229,no_feasible_candidate,,
VRPBLTW,230,no_feasible_candidate,,
VRPBLTW,231,no_feasible_candidate,,
VRPBLTW,232,no_feasible_candidate,,
VRPBLTW,233,no_feasible_candidate,,
VRPBLTW,234,no_feasible_candidate,,
VRPBLTW,235,no_feasible_candidate,,
VRPBLTW,236,no_feasible_candidate,,
VRPBLTW,237,no_feasible_candidate,,
VRPBLTW,238,no_feasible_candidate,,
VRPBLTW,239,no_feasible_candidate,,
VRPBLTW,240,no_feasible_candidate,,
VRPBLTW,241,no_feasible_candidate,,
VRPBLTW,242,no_feasible_candidate,,
VRPBLTW,243,no_feasible_candidate,,
VRPBLTW,244,no_feasible_candidate,,
VRPBLTW,245,no_feasible_candidate,,
VRPBLTW,246,no_feasible_candidate,,
VRPBLTW,247,no_feasible_candidate,,
VRPBLTW,248,no_feasible_candidate,,
VRPBLTW,249,no_feasible_candidate,,
VRPBLTW,250,no_feasible_candidate,,
VRPBLTW,251,no_feasible_candidate,,
VRPBLTW,252,no_feasible_candidate,,
VRPBLTW,253,no_feasible_candidate,,
VRPBLTW,254,no_feasible_candidate,,
VRPBLTW,255,no_feasible_candidate,,
VRPBLTW,256,no_feasible_candidate,,
VRPBLTW,257,no_feasible_candidate,,
VRPBLTW,258,no_feasible_candidate,,
VRPBLTW,259,no_feasible_candidate,,
VRPBLTW,260,no_feasible_candidate,,
VRPBLTW,261,no_feasible_candidate,,
VRPBLTW,262,no_feasible_candidate,,
VRPBLTW,263,no_feasible_candidate,,
VRPBLTW,264,no_feasible_candidate,,
VRPBLTW,265,no_feasible_candidate,,
VRPBLTW,266,no_feasible_candidate,,
VRPBLTW,267,no_feasible_candidate,,
VRPBLTW,268,no_feasible_candidate,,
VRPBLTW,269,no_feasible_candidate,,
VRPBLTW,270,no_feasible_candidate,,
VRPBLTW,271,no_feasible_candidate,,
VRPBLTW,272,no_feasible_candidate,,
VRPBLTW,273,no_feasible_candidate,,
VRPBLTW,274,no_feasible_candidate,,
VRPBLTW,275,no_feasible_candidate,,
VRPBLTW,276,no_feasible_candidate,,
VRPBLTW,277,no_feasible_candidate,,
VRPBLTW,278,no_feasible_candidate,,
VRPBLTW,279,no_feasible_candidate,,
VRPBLTW,280,no_feasible_candidate,,
VRPBLTW,281,no_feasible_candidate,,
VRPBLTW,282,no_feasible_candidate,,
VRPBLTW,283,no_feasible_candidate,,
VRPBLTW,284,no_feasible_candidate,,
VRPBLTW,285,no_feasible_candidate,,
VRPBLTW,286,no_feasible_candidate,,
VRPBLTW,287,no_feasible_candidate,,
VRPBLTW,288,no_feasible_candidate,,
VRPBLTW,289,no_feasible_candidate,,
VRPBLTW,290,no_feasible_candidate,,
VRPBLTW,291,no_feasible_candidate,,
VRPBLTW,292,no_feasible_candidate,,
VRPBLTW,293,no_feasible_candidate,,
VRPBLTW,294,no_feasible_candidate,,
VRPBLTW,295,no_feasible_candidate,,
VRPBLTW,296,no_feasible_candidate,,
VRPBLTW,297,no_feasible_candidate,,
VRPBLTW,298,no_feasible_candidate,,
VRPBLTW,299,no_feasible_candidate,,
VRPBLTW,300,no_feasible_candidate,,
VRPBLTW,301,no_feasible_candidate,,
VRPBLTW,302,no_feasible_candidate,,
VRPBLTW,303,no_feasible_candidate,,
VRPBLTW,304,no_feasible_candidate,,
VRPBLTW,305,no_feasible_candidate,,
VRPBLTW,306,no_feasible_candidate,,
VRPBLTW,307,no_feasible_candidate,,
VRPBLTW,308,no_feasible_candidate,,
VRPBLTW,309,no_feasible_candidate,,
VRPBLTW,310,no_feasible_candidate,,
VRPBLTW,311,no_feasible_candidate,,
VRPBLTW,312,no_feasible_candidate,,
VRPBLTW,313,no_feasible_candidate,,
VRPBLTW,314,no_feasible_candidate,,
VRPBLTW,315,no_feasible_candidate,,
VRPBLTW,316,no_feasible_candidate,,
VRPBLTW,317,no_feasible_candidate,,
VRPBLTW,318,no_feasible_candidate,,
VRPBLTW,319,no_feasible_candidate,,
VRPBLTW,320,no_feasible_candidate,,
VRPBLTW,321,no_feasible_candidate,,
VRPBLTW,322,no_feasible_candidate,,
VRPBLTW,323,no_feasible_candidate,,
VRPBLTW,324,no_feasible_candidate,,
VRPBLTW,325,no_feasible_candidate,,
VRPBLTW,326,no_feasible_candidate,,
VRPBLTW,327,no_feasible_candidate,,
VRPBLTW,328,no_feasible_candidate,,
VRPBLTW,329,no_feasible_candidate,,
VRPBLTW,330,no_feasible_candidate,,
VRPBLTW,331,no_feasible_candidate,,
VRPBLTW,332,no_feasible_candidate,,
VRPBLTW,333,no_feasible_candidate,,
VRPBLTW,334,no_feasible_candidate,,
VRPBLTW,335,no_feasible_candidate,,
VRPBLTW,336,no_feasible_candidate,,
VRPBLTW,337,no_feasible_candidate,,
VRPBLTW,338,no_feasible_candidate,,
VRPBLTW,339,no_feasible_candidate,,
VRPBLTW,340,no_feasible_candidate,,
VRPBLTW,341,no_feasible_candidate,,
VRPBLTW,342,no_feasible_candidate,,
VRPBLTW,343,no_feasible_candidate,,
VRPBLTW,344,no_feasible_candidate,,
VRPBLTW,345,no_feasible_candidate,,
VRPBLTW,346,no_feasible_candidate,,
VRPBLTW,347,no_feasible_candidate,,
VRPBLTW,348,no_feasible_candidate,,
VRPBLTW,349,no_feasible_candidate,,
VRPBLTW,350,no_feasible_candidate,,
VRPBLTW,351,no_feasible_candidate,,
VRPBLTW,352,no_feasible_candidate,,
VRPBLTW,353,no_feasible_candidate,,
VRPBLTW,354,no_feasible_candidate,,
VRPBLTW,355,no_feasible_candidate,,
VRPBLTW,356,no_feasible_candidate,,
VRPBLTW,357,no_feasible_candidate,,
VRPBLTW,358,no_feasible_candidate,,
VRPBLTW,359,no_feasible_candidate,,
VRPBLTW,360,no_feasible_candidate,,
VRPBLTW,361,no_feasible_candidate,,
VRPBLTW,362,no_feasible_candidate,,
VRPBLTW,363,no_feasible_candidate,,
VRPBLTW,364,no_feasible_candidate,,
VRPBLTW,365,no_feasible_candidate,,
VRPBLTW,366,no_feasible_candidate,,
VRPBLTW,367,no_feasible_candidate,,
VRPBLTW,368,no_feasible_candidate,,
VRPBLTW,369,no_feasible_candidate,,
VRPBLTW,370,no_feasible_candidate,,
VRPBLTW,371,no_feasible_candidate,,
VRPBLTW,372,no_feasible_candidate,,
VRPBLTW,373,no_feasible_candidate,,
VRPBLTW,374,no_feasible_candidate,,
VRPBLTW,375,no_feasible_candidate,,
VRPBLTW,376,no_feasible_candidate,,
VRPBLTW,377,no_feasible_candidate,,
VRPBLTW,378,no_feasible_candidate,,
VRPBLTW,379,no_feasible_candidate,,
VRPBLTW,380,no_feasible_candidate,,
VRPBLTW,381,no_feasible_candidate,,
VRPBLTW,382,ok,48.3765846493,33
VRPBLTW,383,no_feasible_candidate,,
VRPBLTW,384,no_feasible_candidate,,
VRPBLTW,385,no_feasible_candidate,,
VRPBLTW,386,no_feasible_candidate,,
VRPBLTW,387,no_feasible_candidate,,
VRPBLTW,388,no_feasible_candidate,,
VRPBLTW,389,no_feasible_candidate,,
VRPBLTW,390,no_feasible_candidate,,
VRPBLTW,391,no_feasible_candidate,,
VRPBLTW,392,no_feasible_candidate,,
VRPBLTW,393,no_feasible_candidate,,
VRPBLTW,394,no_feasible_candidate,,
VRPBLTW,395,no_feasible_candidate,,
VRPBLTW,396,no_feasible_candidate,,
VRPBLTW,397,no_feasible_candidate,,
VRPBLTW,398,no_feasible_candidate,,
VRPBLTW,399,no_feasible_candidate,,
VRPBLTW,400,no_feasible_candidate,,
VRPBLTW,401,no_feasible_candidate,,
VRPBLTW,402,no_feasible_candidate,,
VRPBLTW,403,no_feasible_candidate,,
VRPBLTW,404,no_feasible_candidate,,
VRPBLTW,405,ok,44.0313599730,31
VRPBLTW,406,ok,31.0476372645,33
VRPBLTW,407,no_feasible_candidate,,
VRPBLTW,408,no_feasible_candidate,,
VRPBLTW,409,no_feasible_candidate,,
VRPBLTW,410,no_feasible_candidate,,
VRPBLTW,411,no_feasible_candidate,,
VRPBLTW,412,no_feasible_candidate,,
VRPBLTW,413,no_feasible_candidate,,
VRPBLTW,414,no_feasible_candidate,,
VRPBLTW,415,no_feasible_candidate,,
VRPBLTW,416,no_feasible_candidate,,
VRPBLTW,417,no_feasible_candidate,,
VRPBLTW,418,no_feasible_candidate,,
VRPBLTW,419,no_feasible_candidate,,
VRPBLTW,420,no_feasible_candidate,,
VRPBLTW,421,no_feasible_candidate,,
VRPBLTW,422,no_feasible_candidate,,
VRPBLTW,423,no_feasible_candidate,,
VRPBLTW,424,no_feasible_candidate,,
VRPBLTW,425,no_feasible_candidate,,
VRPBLTW,426,no_feasible_candidate,,
VRPBLTW,427,no_feasible_candidate,,
VRPBLTW,428,no_feasible_candidate,,
VRPBLTW,429,no_feasible_candidate,,
VRPBLTW,430,no_feasible_candidate,,
VRPBLTW,431,no_feasible_candidate,,
VRPBLTW,432,no_feasible_candidate,,
VRPBLTW,433,no_feasible_candidate,,
VRPBLTW,434,no_feasible_candidate,,
VRPBLTW,435,no_feasible_candidate,,
VRPBLTW,436,no_feasible_candidate,,
VRPBLTW,437,no_feasible_candidate,,
VRPBLTW,438,no_feasible_candidate,,
VRPBLTW,439,no_feasible_candidate,,
VRPBLTW,440,no_feasible_candidate,,
VRPBLTW,441,no_feasible_candidate,,
VRPBLTW,442,no_feasible_candidate,,
VRPBLTW,443,no_feasible_candidate,,
VRPBLTW,444,no_feasible_candidate,,
VRPBLTW,445,no_feasible_candidate,,
VRPBLTW,446,no_feasible_candidate,,
VRPBLTW,447,no_feasible_candidate,,
VRPBLTW,448,no_feasible_candidate,,
VRPBLTW,449,no_feasible_candidate,,
VRPBLTW,450,no_feasible_candidate,,
VRPBLTW,451,no_feasible_candidate,,
VRPBLTW,452,no_feasible_candidate,,
VRPBLTW,453,no_feasible_candidate,,
VRPBLTW,454,no_feasible_candidate,,
VRPBLTW,455,no_feasible_candidate,,
VRPBLTW,456,no_feasible_candidate,,
VRPBLTW,457,no_feasible_candidate,,
VRPBLTW,458,no_feasible_candidate,,
VRPBLTW,459,no_feasible_candidate,,
VRPBLTW,460,no_feasible_candidate,,
VRPBLTW,461,no_feasible_candidate,,
VRPBLTW,462,no_feasible_candidate,,
VRPBLTW,463,no_feasible_candidate,,
VRPBLTW,464,no_feasible_candidate,,
VRPBLTW,465,no_feasible_candidate,,
VRPBLTW,466,no_feasible_candidate,,
VRPBLTW,467,no_feasible_candidate,,
VRPBLTW,468,no_feasible_candidate,,
VRPBLTW,469,no_feasible_candidate,,
VRPBLTW,470,no_feasible_candidate,,
VRPBLTW,471,no_feasible_candidate,,
VRPBLTW,472,no_feasible_candidate,,
VRPBLTW,473,no_feasible_candidate,,
VRPBLTW,474,no_feasible_candidate,,
VRPBLTW,475,no_feasible_candidate,,
VRPBLTW,476,no_feasible_candidate,,
VRPBLTW,477,no_feasible_candidate,,
VRPBLTW,478,no_feasible_candidate,,
VRPBLTW,479,no_feasible_candidate,,
VRPBLTW,480,no_feasible_candidate,,
VRPBLTW,481,no_feasible_candidate,,
VRPBLTW,482,no_feasible_candidate,,
VRPBLTW,483,no_feasible_candidate,,
VRPBLTW,484,no_feasible_candidate,,
VRPBLTW,485,no_feasible_candidate,,
VRPBLTW,486,no_feasible_candidate,,
VRPBLTW,487,no_feasible_candidate,,
VRPBLTW,488,no_feasible_candidate,,
VRPBLTW,489,no_feasible_candidate,,
VRPBLTW,490,no_feasible_candidate,,
VRPBLTW,491,no_feasible_candidate,,
VRPBLTW,492,no_feasible_candidate,,
VRPBLTW,493,no_feasible_candidate,,
VRPBLTW,494,no_feasible_candidate,,
VRPBLTW,495,no_feasible_candidate,,
VRPBLTW,496,no_feasible_candidate,,
VRPBLTW,497,no_feasible_candidate,,
VRPBLTW,498,no_feasible_candidate,,
VRPBLTW,499,no_feasible_candidate,,
VRPBLTW,500,no_feasible_candidate,,
VRPBLTW,501,no_feasible_candidate,,
VRPBLTW,502,no_feasible_candidate,,
VRPBLTW,503,no_feasible_candidate,,
VRPBLTW,504,no_feasible_candidate,,
VRPBLTW,505,no_feasible_candidate,,
VRPBLTW,506,no_feasible_candidate,,
VRPBLTW,507,no_feasible_candidate,,
VRPBLTW,508,no_feasible_candidate,,
VRPBLTW,509,no_feasible_candidate,,
VRPBLTW,510,no_feasible_candidate,,
VRPBLTW,511,no_feasible_candidate,,
VRPBLTW,512,no_feasible_candidate,,
VRPBLTW,513,no_feasible_candidate,,
VRPBLTW,514,no_feasible_candidate,,
VRPBLTW,515,no_feasible_candidate,,
VRPBLTW,516,no_feasible_candidate,,
VRPBLTW,517,no_feasible_candidate,,
VRPBLTW,518,no_feasible_candidate,,
VRPBLTW,519,no_feasible_candidate,,
VRPBLTW,520,no_feasible_candidate,,
VRPBLTW,521,no_feasible_candidate,,
VRPBLTW,522,no_feasible_candidate,,
VRPBLTW,523,no_feasible_candidate,,
VRPBLTW,524,no_feasible_candidate,,
VRPBLTW,525,no_feasible_candidate,,
VRPBLTW,526,no_feasible_candidate,,
VRPBLTW,527,no_feasible_candidate,,
VRPBLTW,528,no_feasible_candidate,,
VRPBLTW,529,no_feasible_candidate,,
VRPBLTW,530,no_feasible_candidate,,
VRPBLTW,531,no_feasible_candidate,,
VRPBLTW,532,no_feasible_candidate,,
VRPBLTW,533,no_feasible_candidate,,
VRPBLTW,534,no_feasible_candidate,,
VRPBLTW,535,no_feasible_candidate,,
VRPBLTW,536,no_feasible_candidate,,
VRPBLTW,537,no_feasible_candidate,,
VRPBLTW,538,no_feasible_candidate,,
VRPBLTW,539,no_feasible_candidate,,
VRPBLTW,540,no_feasible_candidate,,
VRPBLTW,541,no_feasible_candidate,,
VRPBLTW,542,no_feasible_candidate,,
VRPBLTW,543,no_feasible_candidate,,
VRPBLTW,544,no_feasible_candidate,,
VRPBLTW,545,no_feasible_candidate,,
VRPBLTW,546,no_feasible_candidate,,
VRPBLTW,547,no_feasible_candidate,,
VRPBLTW,548,no_feasible_candidate,,
VRPBLTW,549,no_feasible_candidate,,
VRPBLTW,550,no_feasible_candidate,,
VRPBLTW,551,no_feasible_candidate,,
VRPBLTW,552,no_feasible_candidate,,
VRPBLTW,553,no_feasible_candidate,,
VRPBLTW,554,no_feasible_candidate,,
VRPBLTW,555,no_feasible_candidate,,
VRPBLTW,556,no_feasible_candidate,,
VRPBLTW,557,no_feasible_candidate,,
VRPBLTW,558,no_feasible_candidate,,
VRPBLTW,559,no_feasible_candidate,,
VRPBLTW,560,no_feasible_candidate,,
VRPBLTW,561,no_feasible_candidate,,
VRPBLTW,562,no_feasible_candidate,,
VRPBLTW,563,no_feasible_candidate,,
VRPBLTW,564,no_feasible_candidate,,
VRPBLTW,565,no_feasible_candidate,,
VRPBLTW,566,no_feasible_candidate,,
VRPBLTW,567,no_feasible_candidate,,
VRPBLTW,568,no_feasible_candidate,,
VRPBLTW,569,no_feasible_candidate,,
VRPBLTW,570,no_feasible_candidate,,
VRPBLTW,571,no_feasible_candidate,,
VRPBLTW,572,no_feasible_candidate,,
VRPBLTW,573,no_feasible_candidate,,
VRPBLTW,574,no_feasible_candidate,,
VRPBLTW,575,no_feasible_candidate,,
VRPBLTW,576,no_feasible_candidate,,
VRPBLTW,577,no_feasible_candidate,,
VRPBLTW,578,no_feasible_candidate,,
VRPBLTW,579,no_feasible_candidate,,
VRPBLTW,580,no_feasible_candidate,,
VRPBLTW,581,no_feasible_candidate,,
VRPBLTW,582,no_feasible_candidate,,
VRPBLTW,583,no_feasible_candidate,,
VRPBLTW,584,no_feasible_candidate,,
VRPBLTW,585,no_feasible_candidate,,
VRPBLTW,586,no_feasible_candidate,,
VRPBLTW,587,no_feasible_candidate,,
VRPBLTW,588,no_feasible_candidate,,
VRPBLTW,589,no_feasible_candidate,,
VRPBLTW,590,no_feasible_candidate,,
VRPBLTW,591,no_feasible_candidate,,
VRPBLTW,592,no_feasible_candidate,,
VRPBLTW,593,no_feasible_candidate,,
VRPBLTW,594,no_feasible_candidate,,
VRPBLTW,595,no_feasible_candidate,,
VRPBLTW,596,no_feasible_candidate,,
VRPBLTW,597,no_feasible_candidate,,
VRPBLTW,598,no_feasible_candidate,,
VRPBLTW,599,no_feasible_candidate,,
VRPBLTW,600,no_feasible_candidate,,
VRPBLTW,601,no_feasible_candidate,,
VRPBLTW,602,no_feasible_candidate,,
VRPBLTW,603,no_feasible_candidate,,
VRPBLTW,604,no_feasible_candidate,,
VRPBLTW,605,no_feasible_candidate,,
VRPBLTW,606,no_feasible_candidate,,
VRPBLTW,607,no_feasible_candidate,,
VRPBLTW,608,no_feasible_candidate,,
VRPBLTW,609,no_feasible_candidate,,
VRPBLTW,610,no_feasible_candidate,,
VRPBLTW,611,no_feasible_candidate,,
VRPBLTW,612,no_feasible_candidate,,
VRPBLTW,613,no_feasible_candidate,,
VRPBLTW,614,no_feasible_candidate,,
VRPBLTW,615,no_feasible_candidate,,
VRPBLTW,616,no_feasible_candidate,,
VRPBLTW,617,no_feasible_candidate,,
VRPBLTW,618,no_feasible_candidate,,
VRPBLTW,619,no_feasible_candidate,,
VRPBLTW,620,no_feasible_candidate,,
VRPBLTW,621,no_feasible_candidate,,
VRPBLTW,622,no_feasible_candidate,,
VRPBLTW,623,no_feasible_candidate,,
VRPBLTW,624,no_feasible_candidate,,
VRPBLTW,625,no_feasible_candidate,,
VRPBLTW,626,no_feasible_candidate,,
VRPBLTW,627,no_feasible_candidate,,
VRPBLTW,628,no_feasible_candidate,,
VRPBLTW,629,no_feasible_candidate,,
VRPBLTW,630,no_feasible_candidate,,
VRPBLTW,631,no_feasible_candidate,,
VRPBLTW,632,no_feasible_candidate,,
VRPBLTW,633,no_feasible_candidate,,
VRPBLTW,634,no_feasible_candidate,,
VRPBLTW,635,no_feasible_candidate,,
VRPBLTW,636,no_feasible_candidate,,
VRPBLTW,637,no_feasible_candidate,,
VRPBLTW,638,no_feasible_candidate,,
VRPBLTW,639,no_feasible_candidate,,
VRPBLTW,640,no_feasible_candidate,,
VRPBLTW,641,no_feasible_candidate,,
VRPBLTW,642,no_feasible_candidate,,
VRPBLTW,643,no_feasible_candidate,,
VRPBLTW,644,no_feasible_candidate,,
VRPBLTW,645,no_feasible_candidate,,
VRPBLTW,646,no_feasible_candidate,,
VRPBLTW,647,no_feasible_candidate,,
VRPBLTW,648,no_feasible_candidate,,
VRPBLTW,649,no_feasible_candidate,,
VRPBLTW,650,no_feasible_candidate,,
VRPBLTW,651,no_feasible_candidate,,
VRPBLTW,652,no_feasible_candidate,,
VRPBLTW,653,no_feasible_candidate,,
VRPBLTW,654,no_feasible_candidate,,
VRPBLTW,655,no_feasible_candidate,,
VRPBLTW,656,no_feasible_candidate,,
VRPBLTW,657,no_feasible_candidate,,
VRPBLTW,658,no_feasible_candidate,,
VRPBLTW,659,no_feasible_candidate,,
VRPBLTW,660,no_feasible_candidate,,
VRPBLTW,661,no_feasible_candidate,,
VRPBLTW,662,no_feasible_candidate,,
VRPBLTW,663,no_feasible_candidate,,
VRPBLTW,664,no_feasible_candidate,,
VRPBLTW,665,no_feasible_candidate,,
VRPBLTW,666,no_feasible_candidate,,
VRPBLTW,667,no_feasible_candidate,,
VRPBLTW,668,no_feasible_candidate,,
VRPBLTW,669,no_feasible_candidate,,
VRPBLTW,670,no_feasible_candidate,,
VRPBLTW,671,no_feasible_candidate,,
VRPBLTW,672,no_feasible_candidate,,
VRPBLTW,673,no_feasible_candidate,,
VRPBLTW,674,no_feasible_candidate,,
VRPBLTW,675,no_feasible_candidate,,
VRPBLTW,676,no_feasible_candidate,,
VRPBLTW,677,no_feasible_candidate,,
VRPBLTW,678,no_feasible_candidate,,
VRPBLTW,679,no_feasible_candidate,,
VRPBLTW,680,no_feasible_candidate,,
VRPBLTW,681,no_feasible_candidate,,
VRPBLTW,682,no_feasible_candidate,,
VRPBLTW,683,no_feasible_candidate,,
VRPBLTW,684,no_feasible_candidate,,
VRPBLTW,685,no_feasible_candidate,,
VRPBLTW,686,no_feasible_candidate,,
VRPBLTW,687,no_feasible_candidate,,
VRPBLTW,688,no_feasible_candidate,,
VRPBLTW,689,no_feasible_candidate,,
VRPBLTW,690,no_feasible_candidate,,
VRPBLTW,691,no_feasible_candidate,,
VRPBLTW,692,no_feasible_candidate,,
VRPBLTW,693,no_feasible_candidate,,
VRPBLTW,694,no_feasible_candidate,,
VRPBLTW,695,no_feasible_candidate,,
VRPBLTW,696,no_feasible_candidate,,
VRPBLTW,697,no_feasible_candidate,,
VRPBLTW,698,no_feasible_candidate,,
VRPBLTW,699,no_feasible_candidate,,
VRPBLTW,700,no_feasible_candidate,,
VRPBLTW,701,no_feasible_candidate,,
VRPBLTW,702,no_feasible_candidate,,
VRPBLTW,703,no_feasible_candidate,,
VRPBLTW,704,no_feasible_candidate,,
VRPBLTW,705,no_feasible_candidate,,
VRPBLTW,706,no_feasible_candidate,,
VRPBLTW,707,no_feasible_candidate,,
VRPBLTW,708,no_feasible_candidate,,
VRPBLTW,709,no_feasible_candidate,,
VRPBLTW,710,no_feasible_candidate,,
VRPBLTW,711,no_feasible_candidate,,
VRPBLTW,712,no_feasible_candidate,,
VRPBLTW,713,no_feasible_candidate,,
VRPBLTW,714,no_feasible_candidate,,
VRPBLTW,715,no_feasible_candidate,,
VRPBLTW,716,no_feasible_candidate,,
VRPBLTW,717,no_feasible_candidate,,
VRPBLTW,718,no_feasible_candidate,,
VRPBLTW,719,no_feasible_candidate,,
VRPBLTW,720,no_feasible_candidate,,
VRPBLTW,721,no_feasible_candidate,,
VRPBLTW,722,no_feasible_candidate,,
VRPBLTW,723,no_feasible_candidate,,
VRPBLTW,724,no_feasible_candidate,,
VRPBLTW,725,no_feasible_candidate,,
VRPBLTW,726,no_feasible_candidate,,
VRPBLTW,727,ok,48.0572621022,31
VRPBLTW,728,no_feasible_candidate,,
VRPBLTW,729,no_feasible_candidate,,
VRPBLTW,730,no_feasible_candidate,,
VRPBLTW,731,no_feasible_candidate,,
VRPBLTW,732,no_feasible_candidate,,
VRPBLTW,733,no_feasible_candidate,,
VRPBLTW,734,no_feasible_candidate,,
VRPBLTW,735,no_feasible_candidate,,
VRPBLTW,736,no_feasible_candidate,,
VRPBLTW,737,no_feasible_candidate,,
VRPBLTW,738,no_feasible_candidate,,
VRPBLTW,739,no_feasible_candidate,,
VRPBLTW,740,no_feasible_candidate,,
VRPBLTW,741,no_feasible_candidate,,
VRPBLTW,742,no_feasible_candidate,,
VRPBLTW,743,no_feasible_candidate,,
VRPBLTW,744,no_feasible_candidate,,
VRPBLTW,745,no_feasible_candidate,,
VRPBLTW,746,no_feasible_candidate,,
VRPBLTW,747,no_feasible_candidate,,
VRPBLTW,748,no_feasible_candidate,,
VRPBLTW,749,no_feasible_candidate,,
VRPBLTW,750,no_feasible_candidate,,
VRPBLTW,751,no_feasible_candidate,,
VRPBLTW,752,no_feasible_candidate,,
VRPBLTW,753,no_feasible_candidate,,
VRPBLTW,754,no_feasible_candidate,,
VRPBLTW,755,no_feasible_candidate,,
VRPBLTW,756,no_feasible_candidate,,
VRPBLTW,757,no_feasible_candidate,,
VRPBLTW,758,no_feasible_candidate,,
VRPBLTW,759,no_feasible_candidate,,
VRPBLTW,760,no_feasible_candidate,,
VRPBLTW,761,no_feasible_candidate,,
VRPBLTW,762,no_feasible_candidate,,
VRPBLTW,763,no_feasible_candidate,,
VRPBLTW,764,no_feasible_candidate,,
VRPBLTW,765,no_feasible_candidate,,
VRPBLTW,766,no_feasible_candidate,,
VRPBLTW,767,no_feasible_candidate,,
VRPBLTW,768,no_feasible_candidate,,
VRPBLTW,769,no_feasible_candidate,,
VRPBLTW,770,no_feasible_candidate,,
VRPBLTW,771,no_feasible_candidate,,
VRPBLTW,772,no_feasible_candidate,,
VRPBLTW,773,no_feasible_candidate,,
VRPBLTW,774,no_feasible_candidate,,
VRPBLTW,775,no_feasible_candidate,,
VRPBLTW,776,no_feasible_candidate,,
VRPBLTW,777,no_feasible_candidate,,
VRPBLTW,778,no_feasible_candidate,,
VRPBLTW,779,no_feasible_candidate,,
VRPBLTW,780,no_feasible_candidate,,
VRPBLTW,781,no_feasible_candidate,,
VRPBLTW,782,no_feasible_candidate,,
VRPBLTW,783,no_feasible_candidate,,
VRPBLTW,784,no_feasible_candidate,,
VRPBLTW,785,no_feasible_candidate,,
VRPBLTW,786,no_feasible_candidate,,
VRPBLTW,787,no_feasible_candidate,,
VRPBLTW,788,no_feasible_candidate,,
VRPBLTW,789,no_feasible_candidate,,
VRPBLTW,790,no_feasible_candidate,,
VRPBLTW,791,no_feasible_candidate,,
VRPBLTW,792,no_feasible_candidate,,
VRPBLTW,793,no_feasible_candidate,,
VRPBLTW,794,no_feasible_candidate,,
VRPBLTW,795,no_feasible_candidate,,
VRPBLTW,796,no_feasible_candidate,,
VRPBLTW,797,no_feasible_candidate,,
VRPBLTW,798,no_feasible_candidate,,
VRPBLTW,799,no_feasible_candidate,,
VRPBLTW,800,no_feasible_candidate,,
VRPBLTW,801,no_feasible_candidate,,
VRPBLTW,802,no_feasible_candidate,,
VRPBLTW,803,no_feasible_candidate,,
VRPBLTW,804,no_feasible_candidate,,
VRPBLTW,805,no_feasible_candidate,,
VRPBLTW,806,no_feasible_candidate,,
VRPBLTW,807,no_feasible_candidate,,
VRPBLTW,808,no_feasible_candidate,,
VRPBLTW,809,no_feasible_candidate,,
VRPBLTW,810,no_feasible_candidate,,
VRPBLTW,811,no_feasible_candidate,,
VRPBLTW,812,no_feasible_candidate,,
VRPBLTW,813,no_feasible_candidate,,
VRPBLTW,814,no_feasible_candidate,,
VRPBLTW,815,no_feasible_candidate,,
VRPBLTW,816,no_feasible_candidate,,
VRPBLTW,817,no_feasible_candidate,,
VRPBLTW,818,no_feasible_candidate,,
VRPBLTW,819,no_feasible_candidate,,
VRPBLTW,820,no_feasible_candidate,,
VRPBLTW,821,no_feasible_candidate,,
VRPBLTW,822,no_feasible_candidate,,
VRPBLTW,823,no_feasible_candidate,,
VRPBLTW,824,no_feasible_candidate,,
VRPBLTW,825,no_feasible_candidate,,
VRPBLTW,826,no_feasible_candidate,,
VRPBLTW,827,no_feasible_candidate,,
VRPBLTW,828,no_feasible_candidate,,
VRPBLTW,829,no_feasible_candidate,,
VRPBLTW,830,no_feasible_candidate,,
VRPBLTW,831,no_feasible_candidate,,
VRPBLTW,832,no_feasible_candidate,,
VRPBLTW,833,no_feasible_candidate,,
VRPBLTW,834,no_feasible_candidate,,
VRPBLTW,835,no_feasible_candidate,,
VRPBLTW,836,no_feasible_candidate,,
VRPBLTW,837,no_feasible_candidate,,
VRPBLTW,838,no_feasible_candidate,,
VRPBLTW,839,no_feasible_candidate,,
VRPBLTW,840,no_feasible_candidate,,
VRPBLTW,841,no_feasible_candidate,,
VRPBLTW,842,no_feasible_candidate,,
VRPBLTW,843,no_feasible_candidate,,
VRPBLTW,844,no_feasible_candidate,,
VRPBLTW,845,no_feasible_candidate,,
VRPBLTW,846,no_feasible_candidate,,
VRPBLTW,847,no_feasible_candidate,,
VRPBLTW,848,no_feasible_candidate,,
VRPBLTW,849,no_feasible_candidate,,
VRPBLTW,850,no_feasible_candidate,,
VRPBLTW,851,no_feasible_candidate,,
VRPBLTW,852,no_feasible_candidate,,
VRPBLTW,853,no_feasible_candidate,,
VRPBLTW,854,no_feasible_candidate,,
VRPBLTW,855,no_feasible_candidate,,
VRPBLTW,856,no_feasible_candidate,,
VRPBLTW,857,no_feasible_candidate,,
VRPBLTW,858,no_feasible_candidate,,
VRPBLTW,859,no_feasible_candidate,,
VRPBLTW,860,no_feasible_candidate,,
VRPBLTW,861,no_feasible_candidate,,
VRPBLTW,862,no_feasible_candidate,,
VRPBLTW,863,no_feasible_candidate,,
VRPBLTW,864,no_feasible_candidate,,
VRPBLTW,865,no_feasible_candidate,,
VRPBLTW,866,no_feasible_candidate,,
VRPBLTW,867,ok,48.9708881092,36
VRPBLTW,868,no_feasible_candidate,,
VRPBLTW,869,no_feasible_candidate,,
VRPBLTW,870,no_feasible_candidate,,
VRPBLTW,871,no_feasible_candidate,,
VRPBLTW,872,no_feasible_candidate,,
VRPBLTW,873,no_feasible_candidate,,
VRPBLTW,874,no_feasible_candidate,,
VRPBLTW,875,no_feasible_candidate,,
VRPBLTW,876,no_feasible_candidate,,
VRPBLTW,877,no_feasible_candidate,,
VRPBLTW,878,no_feasible_candidate,,
VRPBLTW,879,no_feasible_candidate,,
VRPBLTW,880,no_feasible_candidate,,
VRPBLTW,881,no_feasible_candidate,,
VRPBLTW,882,no_feasible_candidate,,
VRPBLTW,883,no_feasible_candidate,,
VRPBLTW,884,no_feasible_candidate,,
VRPBLTW,885,no_feasible_candidate,,
VRPBLTW,886,no_feasible_candidate,,
VRPBLTW,887,no_feasible_candidate,,
VRPBLTW,888,no_feasible_candidate,,
VRPBLTW,889,no_feasible_candidate,,
VRPBLTW,890,no_feasible_candidate,,
VRPBLTW,891,no_feasible_candidate,,
VRPBLTW,892,no_feasible_candidate,,
VRPBLTW,893,no_feasible_candidate,,
VRPBLTW,894,no_feasible_candidate,,
VRPBLTW,895,no_feasible_candidate,,
VRPBLTW,896,no_feasible_candidate,,
VRPBLTW,897,no_feasible_candidate,,
VRPBLTW,898,no_feasible_candidate,,
VRPBLTW,899,no_feasible_candidate,,
VRPBLTW,900,no_feasible_candidate,,
VRPBLTW,901,no_feasible_candidate,,
VRPBLTW,902,no_feasible_candidate,,
VRPBLTW,903,no_feasible_candidate,,
VRPBLTW,904,no_feasible_candidate,,
VRPBLTW,905,no_feasible_candidate,,
VRPBLTW,906,no_feasible_candidate,,
VRPBLTW,907,no_feasible_candidate,,
VRPBLTW,908,no_feasible_candidate,,
VRPBLTW,909,no_feasible_candidate,,
VRPBLTW,910,no_feasible_candidate,,
VRPBLTW,911,no_feasible_candidate,,
VRPBLTW,912,no_feasible_candidate,,
VRPBLTW,913,no_feasible_candidate,,
VRPBLTW,914,no_feasible_candidate,,
VRPBLTW,915,no_feasible_candidate,,
VRPBLTW,916,no_feasible_candidate,,
VRPBLTW,917,no_feasible_candidate,,
VRPBLTW,918,no_feasible_candidate,,
VRPBLTW,919,no_feasible_candidate,,
VRPBLTW,920,no_feasible_candidate,,
VRPBLTW,921,no_feasible_candidate,,
VRPBLTW,922,no_feasible_candidate,,
VRPBLTW,923,no_feasible_candidate,,
VRPBLTW,924,no_feasible_candidate,,
VRPBLTW,925,no_feasible_candidate,,
VRPBLTW,926,no_feasible_candidate,,
VRPBLTW,927,no_feasible_candidate,,
VRPBLTW,928,no_feasible_candidate,,
VRPBLTW,929,no_feasible_candidate,,
VRPBLTW,930,no_feasible_candidate,,
VRPBLTW,931,no_feasible_candidate,,
VRPBLTW,932,no_feasible_candidate,,
VRPBLTW,933,no_feasible_candidate,,
VRPBLTW,934,no_feasible_candidate,,
VRPBLTW,935,no_feasible_candidate,,
VRPBLTW,936,no_feasible_candidate,,
VRPBLTW,937,no_feasible_candidate,,
VRPBLTW,938,no_feasible_candidate,,
VRPBLTW,939,ok,44.1142625469,32
VRPBLTW,940,no_feasible_candidate,,
VRPBLTW,941,no_feasible_candidate,,
VRPBLTW,942,no_feasible_candidate,,
VRPBLTW,943,no_feasible_candidate,,
VRPBLTW,944,no_feasible_candidate,,
VRPBLTW,945,no_feasible_candidate,,
VRPBLTW,946,no_feasible_candidate,,
VRPBLTW,947,no_feasible_candidate,,
VRPBLTW,948,no_feasible_candidate,,
VRPBLTW,949,no_feasible_candidate,,
VRPBLTW,950,no_feasible_candidate,,
VRPBLTW,951,no_feasible_candidate,,
VRPBLTW,952,no_feasible_candidate,,
VRPBLTW,953,no_feasible_candidate,,
VRPBLTW,954,no_feasible_candidate,,
VRPBLTW,955,no_feasible_candidate,,
VRPBLTW,956,no_feasible_candidate,,
VRPBLTW,957,no_feasible_candidate,,
VRPBLTW,958,no_feasible_candidate,,
VRPBLTW,959,no_feasible_candidate,,
VRPBLTW,960,no_feasible_candidate,,
VRPBLTW,961,no_feasible_candidate,,
VRPBLTW,962,no_feasible_candidate,,
VRPBLTW,963,no_feasible_candidate,,
VRPBLTW,964,no_feasible_candidate,,
VRPBLTW,965,no_feasible_candidate,,
VRPBLTW,966,no_feasible_candidate,,
VRPBLTW,967,no_feasible_candidate,,
VRPBLTW,968,no_feasible_candidate,,
VRPBLTW,969,no_feasible_candidate,,
VRPBLTW,970,no_feasible_candidate,,
VRPBLTW,971,no_feasible_candidate,,
VRPBLTW,972,no_feasible_candidate,,
VRPBLTW,973,no_feasible_candidate,,
VRPBLTW,974,no_feasible_candidate,,
VRPBLTW,975,no_feasible_candidate,,
VRPBLTW,976,no_feasible_candidate,,
VRPBLTW,977,no_feasible_candidate,,
VRPBLTW,978,no_feasible_candidate,,
VRPBLTW,979,no_feasible_candidate,,
VRPBLTW,980,no_feasible_candidate,,
VRPBLTW,981,no_feasible_candidate,,
VRPBLTW,982,no_feasible_candidate,,
VRPBLTW,983,no_feasible_candidate,,
VRPBLTW,984,no_feasible_candidate,,
VRPBLTW,985,no_feasible_candidate,,
VRPBLTW,986,no_feasible_candidate,,
VRPBLTW,987,no_feasible_candidate,,
VRPBLTW,988,no_feasible_candidate,,
VRPBLTW,989,no_feasible_candidate,,
VRPBLTW,990,no_feasible_candidate,,
VRPBLTW,991,no_feasible_candidate,,
VRPBLTW,992,no_feasible_candidate,,
VRPBLTW,993,no_feasible_candidate,,
VRPBLTW,994,no_feasible_candidate,,
VRPBLTW,995,no_feasible_candidate,,
VRPBLTW,996,no_feasible_candidate,,
VRPBLTW,997,no_feasible_candidate,,
VRPBLTW,998,no_feasible_candidate,,
VRPBLTW,999,no_feasible_candidate,,
OVRPBLTW,0,no_feasible_candidate,,
OVRPBLTW,1,no_feasible_candidate,,
OVRPBLTW,2,no_feasible_candidate,,
OVRPBLTW,3,no_feasible_candidate,,
OVRPBLTW,4,no_feasible_candidate,,
OVRPBLTW,5,no_feasible_candidate,,
OVRPBLTW,6,no_feasible_candidate,,
OVRPBLTW,7,no_feasible_candidate,,
OVRPBLTW,8,no_feasible_candidate,,
OVRPBLTW,9,no_feasible_candidate,,
OVRPBLTW,10,no_feasible_candidate,,
OVRPBLTW,11,no_feasible_candidate,,
OVRPBLTW,12,no_feasible_candidate,,
OVRPBLTW,13,no_feasible_candidate,,
OVRPBLTW,14,no_feasible_candidate,,
OVRPBLTW,15,no_feasible_candidate,,
OVRPBLTW,16,no_feasible_candidate,,
OVRPBLTW,17,no_feasible_candidate,,
OVRPBLTW,18,no_feasible_candidate,,
OVRPBLTW,19,no_feasible_candidate,,
OVRPBLTW,20,no_feasible_candidate,,
OVRPBLTW,21,no_feasible_candidate,,
OVRPBLTW,22,no_feasible_candidate,,
OVRPBLTW,23,no_feasible_candidate,,
OVRPBLTW,24,no_feasible_candidate,,
OVRPBLTW,25,no_feasible_candidate,,
OVRPBLTW,26,no_feasible_candidate,,
OVRPBLTW,27,no_feasible_candidate,,
OVRPBLTW,28,no_feasible_candidate,,
OVRPBLTW,29,no_feasible_candidate,,
OVRPBLTW,30,no_feasible_candidate,,
OVRPBLTW,31,no_feasible_candidate,,
OVRPBLTW,32,no_feasible_candidate,,
OVRPBLTW,33,no_feasible_candidate,,
OVRPBLTW,34,no_feasible_candidate,,
OVRPBLTW,35,no_feasible_candidate,,
OVRPBLTW,36,no_feasible_candidate,,
OVRPBLTW,37,no_feasible_candidate,,
OVRPBLTW,38,no_feasible_candidate,,
OVRPBLTW,39,no_feasible_candidate,,
OVRPBLTW,40,no_feasible_candidate,,
OVRPBLTW,41,no_feasible_candidate,,
OVRPBLTW,42,no_feasible_candidate,,
OVRPBLTW,43,no_feasible_candidate,,
OVRPBLTW,44,no_feasible_candidate,,
OVRPBLTW,45,no_feasible_candidate,,
OVRPBLTW,46,no_feasible_candidate,,
OVRPBLTW,47,no_feasible_candidate,,
OVRPBLTW,48,no_feasible_candidate,,
OVRPBLTW,49,no_feasible_candidate,,
OVRPBLTW,50,no_feasible_candidate,,
OVRPBLTW,51,no_feasible_candidate,,
OVRPBLTW,52,no_feasible_candidate,,
OVRPBLTW,53,no_feasible_candidate,,
OVRPBLTW,54,no_feasible_candidate,,
OVRPBLTW,55,no_feasible_candidate,,
OVRPBLTW,56,no_feasible_candidate,,
OVRPBLTW,57,no_feasible_candidate,,
OVRPBLTW,58,no_feasible_candidate,,
OVRPBLTW,59,no_feasible_candidate,,
OVRPBLTW,60,no_feasible_candidate,,
OVRPBLTW,61,no_feasible_candidate,,
OVRPBLTW,62,no_feasible_candidate,,
OVRPBLTW,63,no_feasible_candidate,,
OVRPBLTW,64,no_feasible_candidate,,
OVRPBLTW,65,no_feasible_candidate,,
OVRPBLTW,66,no_feasible_candidate,,
OVRPBLTW,67,no_feasible_candidate,,
OVRPBLTW,68,no_feasible_candidate,,
OVRPBLTW,69,no_feasible_candidate,,
OVRPBLTW,70,no_feasible_candidate,,
OVRPBLTW,71,no_feasible_candidate,,
OVRPBLTW,72,no_feasible_candidate,,
OVRPBLTW,73,no_feasible_candidate,,
OVRPBLTW,74,no_feasible_candidate,,
OVRPBLTW,75,no_feasible_candidate,,
OVRPBLTW,76,no_feasible_candidate,,
OVRPBLTW,77,no_feasible_candidate,,
OVRPBLTW,78,no_feasible_candidate,,
OVRPBLTW,79,no_feasible_candidate,,
OVRPBLTW,80,no_feasible_candidate,,
OVRPBLTW,81,no_feasible_candidate,,
OVRPBLTW,82,no_feasible_candidate,,
OVRPBLTW,83,no_feasible_candidate,,
OVRPBLTW,84,no_feasible_candidate,,
OVRPBLTW,85,no_feasible_candidate,,
OVRPBLTW,86,no_feasible_candidate,,
OVRPBLTW,87,no_feasible_candidate,,
OVRPBLTW,88,no_feasible_candidate,,
OVRPBLTW,89,no_feasible_candidate,,
OVRPBLTW,90,no_feasible_candidate,,
OVRPBLTW,91,no_feasible_candidate,,
OVRPBLTW,92,no_feasible_candidate,,
OVRPBLTW,93,no_feasible_candidate,,
OVRPBLTW,94,no_feasible_candidate,,
OVRPBLTW,95,no_feasible_candidate,,
OVRPBLTW,96,no_feasible_candidate,,
OVRPBLTW,97,no_feasible_candidate,,
OVRPBLTW,98,no_feasible_candidate,,
OVRPBLTW,99,no_feasible_candidate,,
OVRPBLTW,100,no_feasible_candidate,,
OVRPBLTW,101,no_feasible_candidate,,
OVRPBLTW,102,no_feasible_candidate,,
OVRPBLTW,103,no_feasible_candidate,,
OVRPBLTW,104,no_feasible_candidate,,
OVRPBLTW,105,no_feasible_candidate,,
OVRPBLTW,106,no_feasible_candidate,,
OVRPBLTW,107,no_feasible_candidate,,
OVRPBLTW,108,no_feasible_candidate,,
OVRPBLTW,109,no_feasible_candidate,,
OVRPBLTW,110,no_feasible_candidate,,
OVRPBLTW,111,no_feasible_candidate,,
OVRPBLTW,112,no_feasible_candidate,,
OVRPBLTW,113,no_feasible_candidate,,
OVRPBLTW,114,no_feasible_candidate,,
OVRPBLTW,115,no_feasible_candidate,,
OVRPBLTW,116,no_feasible_candidate,,
OVRPBLTW,117,no_feasible_candidate,,
OVRPBLTW,118,no_feasible_candidate,,
OVRPBLTW,119,no_feasible_candidate,,
OVRPBLTW,120,no_feasible_candidate,,
OVRPBLTW,121,no_feasible_candidate,,
OVRPBLTW,122,no_feasible_candidate,,
OVRPBLTW,123,no_feasible_candidate,,
OVRPBLTW,124,no_feasible_candidate,,
OVRPBLTW,125,no_feasible_candidate,,
OVRPBLTW,126,no_feasible_candidate,,
OVRPBLTW,127,no_feasible_candidate,,
OVRPBLTW,128,no_feasible_candidate,,
OVRPBLTW,129,no_feasible_candidate,,
OVRPBLTW,130,no_feasible_candidate,,
OVRPBLTW,131,no_feasible_candidate,,
OVRPBLTW,132,no_feasible_candidate,,
OVRPBLTW,133,no_feasible_candidate,,
OVRPBLTW,134,no_feasible_candidate,,
OVRPBLTW,135,no_feasible_candidate,,
OVRPBLTW,136,no_feasible_candidate,,
OVRPBLTW,137,no_feasible_candidate,,
OVRPBLTW,138,no_feasible_candidate,,
OVRPBLTW,139,no_feasible_candidate,,
OVRPBLTW,140,no_feasible_candidate,,
OVRPBLTW,141,no_feasible_candidate,,
OVRPBLTW,142,no_feasible_candidate,,
OVRPBLTW,143,ok,25.5748302514,29
OVRPBLTW,144,no_feasible_candidate,,
OVRPBLTW,145,no_feasible_candidate,,
OVRPBLTW,146,no_feasible_candidate,,
OVRPBLTW,147,no_feasible_candidate,,
OVRPBLTW,148,no_feasible_candidate,,
OVRPBLTW,149,no_feasible_candidate,,
OVRPBLTW,150,no_feasible_candidate,,
OVRPBLTW,151,no_feasible_candidate,,
OVRPBLTW,152,no_feasible_candidate,,
OVRPBLTW,153,no_feasible_candidate,,
OVRPBLTW,154,no_feasible_candidate,,
OVRPBLTW,155,no_feasible_candidate,,
OVRPBLTW,156,no_feasible_candidate,,
OVRPBLTW,157,no_feasible_candidate,,
OVRPBLTW,158,no_feasible_candidate,,
OVRPBLTW,159,no_feasible_candidate,,
OVRPBLTW,160,no_feasible_candidate,,
OVRPBLTW,161,no_feasible_candidate,,
OVRPBLTW,162,no_feasible_candidate,,
OVRPBLTW,163,no_feasible_candidate,,
OVRPBLTW,164,no_feasible_candidate,,
OVRPBLTW,165,no_feasible_candidate,,
OVRPBLTW,166,no_feasible_candidate,,
OVRPBLTW,167,no_feasible_candidate,,
OVRPBLTW,168,no_feasible_candidate,,
OVRPBLTW,169,no_feasible_candidate,,
OVRPBLTW,170,no_feasible_candidate,,
OVRPBLTW,171,no_feasible_candidate,,
OVRPBLTW,172,no_feasible_candidate,,
OVRPBLTW,173,no_feasible_candidate,,
OVRPBLTW,174,no_feasible_candidate,,
OVRPBLTW,175,no_feasible_candidate,,
OVRPBLTW,176,no_feasible_candidate,,
OVRPBLTW,177,no_feasible_candidate,,
OVRPBLTW,178,no_feasible_candidate,,
OVRPBLTW,179,no_feasible_candidate,,
OVRPBLTW,180,no_feasible_candidate,,
OVRPBLTW,181,no_feasible_candidate,,
OVRPBLTW,182,no_feasible_candidate,,
OVRPBLTW,183,no_feasible_candidate,,
OVRPBLTW,184,no_feasible_candidate,,
OVRPBLTW,185,no_feasible_candidate,,
OVRPBLTW,186,no_feasible_candidate,,
OVRPBLTW,187,no_feasible_candidate,,
OVRPBLTW,188,no_feasible_candidate,,
OVRPBLTW,189,no_feasible_candidate,,
OVRPBLTW,190,no_feasible_candidate,,
OVRPBLTW,191,no_feasible_candidate,,
OVRPBLTW,192,no_feasible_candidate,,
OVRPBLTW,193,no_feasible_candidate,,
OVRPBLTW,194,ok,23.1585856856,30
OVRPBLTW,195,no_feasible_candidate,,
OVRPBLTW,196,no_feasible_candidate,,
OVRPBLTW,197,no_feasible_candidate,,
OVRPBLTW,198,no_feasible_candidate,,
OVRPBLTW,199,no_feasible_candidate,,
OVRPBLTW,200,no_feasible_candidate,,
OVRPBLTW,201,no_feasible_candidate,,
OVRPBLTW,202,no_feasible_candidate,,
OVRPBLTW,203,no_feasible_candidate,,
OVRPBLTW,204,no_feasible_candidate,,
OVRPBLTW,205,no_feasible_candidate,,
OVRPBLTW,206,no_feasible_candidate,,
OVRPBLTW,207,no_feasible_candidate,,
OVRPBLTW,208,no_feasible_candidate,,
OVRPBLTW,209,no_feasible_candidate,,
OVRPBLTW,210,no_feasible_candidate,,
OVRPBLTW,211,no_feasible_candidate,,
OVRPBLTW,212,no_feasible_candidate,,
OVRPBLTW,213,no_feasible_candidate,,
OVRPBLTW,214,no_feasible_candidate,,
OVRPBLTW,215,no_feasible_candidate,,
OVRPBLTW,216,no_feasible_candidate,,
OVRPBLTW,217,no_feasible_candidate,,
OVRPBLTW,218,no_feasible_candidate,,
OVRPBLTW,219,no_feasible_candidate,,
OVRPBLTW,220,no_feasible_candidate,,
OVRPBLTW,221,no_feasible_candidate,,
OVRPBLTW,222,no_feasible_candidate,,
OVRPBLTW,223,no_feasible_candidate,,
OVRPBLTW,224,no_feasible_candidate,,
OVRPBLTW,225,no_feasible_candidate,,
OVRPBLTW,226,no_feasible_candidate,,
OVRPBLTW,227,no_feasible_candidate,,
OVRPBLTW,228,no_feasible_candidate,,
OVRPBLTW,229,no_feasible_candidate,,
OVRPBLTW,230,no_feasible_candidate,,
OVRPBLTW,231,no_feasible_candidate,,
OVRPBLTW,232,no_feasible_candidate,,
OVRPBLTW,233,no_feasible_candidate,,
OVRPBLTW,234,no_feasible_candidate,,
OVRPBLTW,235,no_feasible_candidate,,
OVRPBLTW,236,no_feasible_candidate,,
OVRPBLTW,237,no_feasible_candidate,,
OVRPBLTW,238,no_feasible_candidate,,
OVRPBLTW,239,no_feasible_candidate,,
OVRPBLTW,240,no_feasible_candidate,,
OVRPBLTW,241,no_feasible_candidate,,
OVRPBLTW,242,no_feasible_candidate,,
OVRPBLTW,243,no_feasible_candidate,,
OVRPBLTW,244,no_feasible_candidate,,
OVRPBLTW,245,no_feasible_candidate,,
OVRPBLTW,246,no_feasible_candidate,,
OVRPBLTW,247,no_feasible_candidate,,
OVRPBLTW,248,no_feasible_candidate,,
OVRPBLTW,249,no_feasible_candidate,,
OVRPBLTW,250,no_feasible_candidate,,
OVRPBLTW,251,no_feasible_candidate,,
OVRPBLTW,252,no_feasible_candidate,,
OVRPBLTW,253,no_feasible_candidate,,
OVRPBLTW,254,no_feasible_candidate,,
OVRPBLTW,255,no_feasible_candidate,,
OVRPBLTW,256,no_feasible_candidate,,
OVRPBLTW,257,no_feasible_candidate,,
OVRPBLTW,258,no_feasible_candidate,,
OVRPBLTW,259,ok,22.3489425396,31
OVRPBLTW,260,no_feasible_candidate,,
OVRPBLTW,261,no_feasible_candidate,,
OVRPBLTW,262,no_feasible_candidate,,
OVRPBLTW,263,no_feasible_candidate,,
OVRPBLTW,264,no_feasible_candidate,,
OVRPBLTW,265,no_feasible_candidate,,
OVRPBLTW,266,no_feasible_candidate,,
OVRPBLTW,267,no_feasible_candidate,,
OVRPBLTW,268,no_feasible_candidate,,
OVRPBLTW,269,no_feasible_candidate,,
OVRPBLTW,270,no_feasible_candidate,,
OVRPBLTW,271,no_feasible_candidate,,
OVRPBLTW,272,no_feasible_candidate,,
OVRPBLTW,273,no_feasible_candidate,,
OVRPBLTW,274,no_feasible_candidate,,
OVRPBLTW,275,no_feasible_candidate,,
OVRPBLTW,276,no_feasible_candidate,,
OVRPBLTW,277,no_feasible_candidate,,
OVRPBLTW,278,no_feasible_candidate,,
OVRPBLTW,279,no_feasible_candidate,,
OVRPBLTW,280,no_feasible_candidate,,
OVRPBLTW,281,no_feasible_candidate,,
OVRPBLTW,282,no_feasible_candidate,,
OVRPBLTW,283,no_feasible_candidate,,
OVRPBLTW,284,no_feasible_candidate,,
OVRPBLTW,285,no_feasible_candidate,,
OVRPBLTW,286,no_feasible_candidate,,
OVRPBLTW,287,no_feasible_candidate,,
OVRPBLTW,288,no_feasible_candidate,,
OVRPBLTW,289,no_feasible_candidate,,
OVRPBLTW,290,no_feasible_candidate,,
OVRPBLTW,291,no_feasible_candidate,,
OVRPBLTW,292,no_feasible_candidate,,
OVRPBLTW,293,no_feasible_candidate,,
OVRPBLTW,294,no_feasible_candidate,,
OVRPBLTW,295,no_feasible_candidate,,
OVRPBLTW,296,no_feasible_candidate,,
OVRPBLTW,297,no_feasible_candidate,,
OVRPBLTW,298,no_feasible_candidate,,
OVRPBLTW,299,no_feasible_candidate,,
OVRPBLTW,300,no_feasible_candidate,,
OVRPBLTW,301,no_feasible_candidate,,
OVRPBLTW,302,no_feasible_candidate,,
OVRPBLTW,303,no_feasible_candidate,,
OVRPBLTW,304,no_feasible_candidate,,
OVRPBLTW,305,no_feasible_candidate,,
OVRPBLTW,306,no_feasible_candidate,,
OVRPBLTW,307,no_feasible_candidate,,
OVRPBLTW,308,no_feasible_candidate,,
OVRPBLTW,309,no_feasible_candidate,,
OVRPBLTW,310,no_feasible_candidate,,
OVRPBLTW,311,no_feasible_candidate,,
OVRPBLTW,312,no_feasible_candidate,,
OVRPBLTW,313,no_feasible_candidate,,
OVRPBLTW,314,no_feasible_candidate,,
OVRPBLTW,315,no_feasible_candidate,,
OVRPBLTW,316,no_feasible_candidate,,
OVRPBLTW,317,no_feasible_candidate,,
OVRPBLTW,318,no_feasible_candidate,,
OVRPBLTW,319,no_feasible_candidate,,
OVRPBLTW,320,ok,23.0012814160,31
OVRPBLTW,321,no_feasible_candidate,,
OVRPBLTW,322,no_feasible_candidate,,
OVRPBLTW,323,no_feasible_candidate,,
OVRPBLTW,324,no_feasible_candidate,,
OVRPBLTW,325,no_feasible_candidate,,
OVRPBLTW,326,no_feasible_candidate,,
OVRPBLTW,327,no_feasible_candidate,,
OVRPBLTW,328,no_feasible_candidate,,
OVRPBLTW,329,no_feasible_candidate,,
OVRPBLTW,330,no_feasible_candidate,,
OVRPBLTW,331,no_feasible_candidate,,
OVRPBLTW,332,no_feasible_candidate,,
OVRPBLTW,333,no_feasible_candidate,,
OVRPBLTW,334,no_feasible_candidate,,
OVRPBLTW,335,no_feasible_candidate,,
OVRPBLTW,336,no_feasible_candidate,,
OVRPBLTW,337,no_feasible_candidate,,
OVRPBLTW,338,no_feasible_candidate,,
OVRPBLTW,339,no_feasible_candidate,,
OVRPBLTW,340,no_feasible_candidate,,
OVRPBLTW,341,no_feasible_candidate,,
OVRPBLTW,342,no_feasible_candidate,,
OVRPBLTW,343,no_feasible_candidate,,
OVRPBLTW,344,no_feasible_candidate,,
OVRPBLTW,345,no_feasible_candidate,,
OVRPBLTW,346,no_feasible_candidate,,
OVRPBLTW,347,no_feasible_candidate,,
OVRPBLTW,348,no_feasible_candidate,,
OVRPBLTW,349,no_feasible_candidate,,
OVRPBLTW,350,no_feasible_candidate,,
OVRPBLTW,351,no_feasible_candidate,,
OVRPBLTW,352,no_feasible_candidate,,
OVRPBLTW,353,no_feasible_candidate,,
OVRPBLTW,354,no_feasible_candidate,,
OVRPBLTW,355,no_feasible_candidate,,
OVRPBLTW,356,no_feasible_candidate,,
OVRPBLTW,357,no_feasible_candidate,,
OVRPBLTW,358,no_feasible_candidate,,
OVRPBLTW,359,no_feasible_candidate,,
OVRPBLTW,360,no_feasible_candidate,,
OVRPBLTW,361,no_feasible_candidate,,
OVRPBLTW,362,no_feasible_candidate,,
OVRPBLTW,363,no_feasible_candidate,,
OVRPBLTW,364,no_feasible_candidate,,
OVRPBLTW,365,no_feasible_candidate,,
OVRPBLTW,366,no_feasible_candidate,,
OVRPBLTW,367,no_feasible_candidate,,
OVRPBLTW,368,no_feasible_candidate,,
OVRPBLTW,369,no_feasible_candidate,,
OVRPBLTW,370,no_feasible_candidate,,
OVRPBLTW,371,no_feasible_candidate,,
OVRPBLTW,372,no_feasible_candidate,,
OVRPBLTW,373,no_feasible_candidate,,
OVRPBLTW,374,no_feasible_candidate,,
OVRPBLTW,375,no_feasible_candidate,,
OVRPBLTW,376,no_feasible_candidate,,
OVRPBLTW,377,no_feasible_candidate,,
OVRPBLTW,378,no_feasible_candidate,,
OVRPBLTW,379,no_feasible_candidate,,
OVRPBLTW,380,no_feasible_candidate,,
OVRPBLTW,381,no_feasible_candidate,,
OVRPBLTW,382,no_feasible_candidate,,
OVRPBLTW,383,no_feasible_candidate,,
OVRPBLTW,384,no_feasible_candidate,,
OVRPBLTW,385,no_feasible_candidate,,
OVRPBLTW,386,no_feasible_candidate,,
OVRPBLTW,387,no_feasible_candidate,,
OVRPBLTW,388,no_feasible_candidate,,
OVRPBLTW,389,no_feasible_candidate,,
OVRPBLTW,390,no_feasible_candidate,,
OVRPBLTW,391,no_feasible_candidate,,
OVRPBLTW,392,no_feasible_candidate,,
OVRPBLTW,393,no_feasible_candidate,,
OVRPBLTW,394,no_feasible_candidate,,
OVRPBLTW,395,no_feasible_candidate,,
OVRPBLTW,396,no_feasible_candidate,,
OVRPBLTW,397,no_feasible_candidate,,
OVRPBLTW,398,no_feasible_candidate,,
OVRPBLTW,399,no_feasible_candidate,,
OVRPBLTW,400,no_feasible_candidate,,
OVRPBLTW,401,no_feasible_candidate,,
OVRPBLTW,402,no_feasible_candidate,,
OVRPBLTW,403,no_feasible_candidate,,
OVRPBLTW,404,no_feasible_candidate,,
OVRPBLTW,405,no_feasible_candidate,,
OVRPBLTW,406,no_feasible_candidate,,
OVRPBLTW,407,no_feasible_candidate,,
OVRPBLTW,408,no_feasible_candidate,,
OVRPBLTW,409,no_feasible_candidate,,
OVRPBLTW,410,no_feasible_candidate,,
OVRPBLTW,411,no_feasible_candidate,,
OVRPBLTW,412,no_feasible_candidate,,
OVRPBLTW,413,no_feasible_candidate,,
OVRPBLTW,414,no_feasible_candidate,,
OVRPBLTW,415,no_feasible_candidate,,
OVRPBLTW,416,no_feasible_candidate,,
OVRPBLTW,417,no_feasible_candidate,,
OVRPBLTW,418,no_feasible_candidate,,
OVRPBLTW,419,no_feasible_candidate,,
OVRPBLTW,420,no_feasible_candidate,,
OVRPBLTW,421,no_feasible_candidate,,
OVRPBLTW,422,no_feasible_candidate,,
OVRPBLTW,423,no_feasible_candidate,,
OVRPBLTW,424,no_feasible_candidate,,
OVRPBLTW,425,no_feasible_candidate,,
OVRPBLTW,426,no_feasible_candidate,,
OVRPBLTW,427,no_feasible_candidate,,
OVRPBLTW,428,no_feasible_candidate,,
OVRPBLTW,429,no_feasible_candidate,,
OVRPBLTW,430,no_feasible_candidate,,
OVRPBLTW,431,no_feasible_candidate,,
OVRPBLTW,432,no_feasible_candidate,,
OVRPBLTW,433,no_feasible_candidate,,
OVRPBLTW,434,no_feasible_candidate,,
OVRPBLTW,435,no_feasible_candidate,,
OVRPBLTW,436,no_feasible_candidate,,
OVRPBLTW,437,no_feasible_candidate,,
OVRPBLTW,438,no_feasible_candidate,,
OVRPBLTW,439,no_feasible_candidate,,
OVRPBLTW,440,no_feasible_candidate,,
OVRPBLTW,441,no_feasible_candidate,,
OVRPBLTW,442,no_feasible_candidate,,
OVRPBLTW,443,no_feasible_candidate,,
OVRPBLTW,444,no_feasible_candidate,,
OVRPBLTW,445,no_feasible_candidate,,
OVRPBLTW,446,no_feasible_candidate,,
OVRPBLTW,447,no_feasible_candidate,,
OVRPBLTW,448,no_feasible_candidate,,
OVRPBLTW,449,no_feasible_candidate,,
OVRPBLTW,450,no_feasible_candidate,,
OVRPBLTW,451,no_feasible_candidate,,
OVRPBLTW,452,no_feasible_candidate,,
OVRPBLTW,453,no_feasible_candidate,,
OVRPBLTW,454,no_feasible_candidate,,
OVRPBLTW,455,no_feasible_candidate,,
OVRPBLTW,456,no_feasible_candidate,,
OVRPBLTW,457,no_feasible_candidate,,
OVRPBLTW,458,no_feasible_candidate,,
OVRPBLTW,459,no_feasible_candidate,,
OVRPBLTW,460,no_feasible_candidate,,
OVRPBLTW,461,no_feasible_candidate,,
OVRPBLTW,462,no_feasible_candidate,,
OVRPBLTW,463,no_feasible_candidate,,
OVRPBLTW,464,no_feasible_candidate,,
OVRPBLTW,465,no_feasible_candidate,,
OVRPBLTW,466,no_feasible_candidate,,
OVRPBLTW,467,no_feasible_candidate,,
OVRPBLTW,468,no_feasible_candidate,,
OVRPBLTW,469,no_feasible_candidate,,
OVRPBLTW,470,no_feasible_candidate,,
OVRPBLTW,471,no_feasible_candidate,,
OVRPBLTW,472,no_feasible_candidate,,
OVRPBLTW,473,ok,21.4254650664,31
OVRPBLTW,474,no_feasible_candidate,,
OVRPBLTW,475,no_feasible_candidate,,
OVRPBLTW,476,no_feasible_candidate,,
OVRPBLTW,477,no_feasible_candidate,,
OVRPBLTW,478,no_feasible_candidate,,
OVRPBLTW,479,no_feasible_candidate,,
OVRPBLTW,480,no_feasible_candidate,,
OVRPBLTW,481,no_feasible_candidate,,
OVRPBLTW,482,no_feasible_candidate,,
OVRPBLTW,483,no_feasible_candidate,,
OVRPBLTW,484,no_feasible_candidate,,
OVRPBLTW,485,no_feasible_candidate,,
OVRPBLTW,486,no_feasible_candidate,,
OVRPBLTW,487,no_feasible_candidate,,
OVRPBLTW,488,no_feasible_candidate,,
OVRPBLTW,489,no_feasible_candidate,,
OVRPBLTW,490,no_feasible_candidate,,
OVRPBLTW,491,no_feasible_candidate,,
OVRPBLTW,492,no_feasible_candidate,,
OVRPBLTW,493,no_feasible_candidate,,
OVRPBLTW,494,no_feasible_candidate,,
OVRPBLTW,495,no_feasible_candidate,,
OVRPBLTW,496,no_feasible_candidate,,
OVRPBLTW,497,no_feasible_candidate,,
OVRPBLTW,498,no_feasible_candidate,,
OVRPBLTW,499,no_feasible_candidate,,
OVRPBLTW,500,no_feasible_candidate,,
OVRPBLTW,501,no_feasible_candidate,,
OVRPBLTW,502,no_feasible_candidate,,
OVRPBLTW,503,no_feasible_candidate,,
OVRPBLTW,504,no_feasible_candidate,,
OVRPBLTW,505,no_feasible_candidate,,
OVRPBLTW,506,no_feasible_candidate,,
OVRPBLTW,507,no_feasible_candidate,,
OVRPBLTW,508,no_feasible_candidate,,
OVRPBLTW,509,no_feasible_candidate,,
OVRPBLTW,510,no_feasible_candidate,,
OVRPBLTW,511,no_feasible_candidate,,
OVRPBLTW,512,no_feasible_candidate,,
OVRPBLTW,513,no_feasible_candidate,,
OVRPBLTW,514,no_feasible_candidate,,
OVRPBLTW,515,no_feasible_candidate,,
OVRPBLTW,516,no_feasible_candidate,,
OVRPBLTW,517,no_feasible_candidate,,
OVRPBLTW,518,no_feasible_candidate,,
OVRPBLTW,519,no_feasible_candidate,,
OVRPBLTW,520,no_feasible_candidate,,
OVRPBLTW,521,no_feasible_candidate,,
OVRPBLTW,522,no_feasible_candidate,,
OVRPBLTW,523,no_feasible_candidate,,
OVRPBLTW,524,no_feasible_candidate,,
OVRPBLTW,525,no_feasible_candidate,,
OVRPBLTW,526,no_feasible_candidate,,
OVRPBLTW,527,no_feasible_candidate,,
OVRPBLTW,528,no_feasible_candidate,,
OVRPBLTW,529,no_feasible_candidate,,
OVRPBLTW,530,no_feasible_candidate,,
OVRPBLTW,531,no_feasible_candidate,,
OVRPBLTW,532,no_feasible_candidate,,
OVRPBLTW,533,no_feasible_candidate,,
OVRPBLTW,534,no_feasible_candidate,,
OVRPBLTW,535,no_feasible_candidate,,
OVRPBLTW,536,no_feasible_candidate,,
OVRPBLTW,537,no_feasible_candidate,,
OVRPBLTW,538,no_feasible_candidate,,
OVRPBLTW,539,no_feasible_candidate,,
OVRPBLTW,540,no_feasible_candidate,,
OVRPBLTW,541,no_feasible_candidate,,
OVRPBLTW,542,no_feasible_candidate,,
OVRPBLTW,543,no_feasible_candidate,,
OVRPBLTW,544,no_feasible_candidate,,
OVRPBLTW,545,no_feasible_candidate,,
OVRPBLTW,546,no_feasible_candidate,,
OVRPBLTW,547,no_feasible_candidate,,
OVRPBLTW,548,no_feasible_candidate,,
OVRPBLTW,549,no_feasible_candidate,,
OVRPBLTW,550,no_feasible_candidate,,
OVRPBLTW,551,no_feasible_candidate,,
OVRPBLTW,552,no_feasible_candidate,,
OVRPBLTW,553,no_feasible_candidate,,
OVRPBLTW,554,no_feasible_candidate,,
OVRPBLTW,555,no_feasible_candidate,,
OVRPBLTW,556,no_feasible_candidate,,
OVRPBLTW,557,no_feasible_candidate,,
OVRPBLTW,558,no_feasible_candidate,,
OVRPBLTW,559,no_feasible_candidate,,
OVRPBLTW,560,no_feasible_candidate,,
OVRPBLTW,561,no_feasible_candidate,,
OVRPBLTW,562,no_feasible_candidate,,
OVRPBLTW,563,no_feasible_candidate,,
OVRPBLTW,564,no_feasible_candidate,,
OVRPBLTW,565,no_feasible_candidate,,
OVRPBLTW,566,no_feasible_candidate,,
OVRPBLTW,567,no_feasible_candidate,,
OVRPBLTW,568,no_feasible_candidate,,
OVRPBLTW,569,no_feasible_candidate,,
OVRPBLTW,570,no_feasible_candidate,,
OVRPBLTW,571,no_feasible_candidate,,
OVRPBLTW,572,no_feasible_candidate,,
OVRPBLTW,573,no_feasible_candidate,,
OVRPBLTW,574,no_feasible_candidate,,
OVRPBLTW,575,no_feasible_candidate,,
OVRPBLTW,576,no_feasible_candidate,,
OVRPBLTW,577,no_feasible_candidate,,
OVRPBLTW,578,no_feasible_candidate,,
OVRPBLTW,579,no_feasible_candidate,,
OVRPBLTW,580,no_feasible_candidate,,
OVRPBLTW,581,no_feasible_candidate,,
OVRPBLTW,582,no_feasible_candidate,,
OVRPBLTW,583,no_feasible_candidate,,
OVRPBLTW,584,no_feasible_candidate,,
OVRPBLTW,585,no_feasible_candidate,,
OVRPBLTW,586,no_feasible_candidate,,
OVRPBLTW,587,no_feasible_candidate,,
OVRPBLTW,588,no_feasible_candidate,,
OVRPBLTW,589,no_feasible_candidate,,
OVRPBLTW,590,no_feasible_candidate,,
OVRPBLTW,591,no_feasible_candidate,,
OVRPBLTW,592,no_feasible_candidate,,
OVRPBLTW,593,no_feasible_candidate,,
OVRPBLTW,594,no_feasible_candidate,,
OVRPBLTW,595,no_feasible_candidate,,
OVRPBLTW,596,no_feasible_candidate,,
OVRPBLTW,597,no_feasible_candidate,,
OVRPBLTW,598,no_feasible_candidate,,
OVRPBLTW,599,no_feasible_candidate,,
OVRPBLTW,600,no_feasible_candidate,,
OVRPBLTW,601,no_feasible_candidate,,
OVRPBLTW,602,no_feasible_candidate,,
OVRPBLTW,603,no_feasible_candidate,,
OVRPBLTW,604,no_feasible_candidate,,
OVRPBLTW,605,no_feasible_candidate,,
OVRPBLTW,606,no_feasible_candidate,,
OVRPBLTW,607,no_feasible_candidate,,
OVRPBLTW,608,no_feasible_candidate,,
OVRPBLTW,609,no_feasible_candidate,,
OVRPBLTW,610,no_feasible_candidate,,
OVRPBLTW,611,no_feasible_candidate,,
OVRPBLTW,612,no_feasible_candidate,,
OVRPBLTW,613,no_feasible_candidate,,
OVRPBLTW,614,no_feasible_candidate,,
OVRPBLTW,615,no_feasible_candidate,,
OVRPBLTW,616,no_feasible_candidate,,
OVRPBLTW,617,no_feasible_candidate,,
OVRPBLTW,618,no_feasible_candidate,,
OVRPBLTW,619,no_feasible_candidate,,
OVRPBLTW,620,no_feasible_candidate,,
OVRPBLTW,621,no_feasible_candidate,,
OVRPBLTW,622,no_feasible_candidate,,
OVRPBLTW,623,ok,20.8461647801,30
OVRPBLTW,624,no_feasible_candidate,,
OVRPBLTW,625,no_feasible_candidate,,
OVRPBLTW,626,no_feasible_candidate,,
OVRPBLTW,627,no_feasible_candidate,,
OVRPBLTW,628,no_feasible_candidate,,
OVRPBLTW,629,no_feasible_candidate,,
OVRPBLTW,630,no_feasible_candidate,,
OVRPBLTW,631,no_feasible_candidate,,
OVRPBLTW,632,no_feasible_candidate,,
OVRPBLTW,633,no_feasible_candidate,,
OVRPBLTW,634,no_feasible_candidate,,
OVRPBLTW,635,no_feasible_candidate,,
OVRPBLTW,636,no_feasible_candidate,,
OVRPBLTW,637,no_feasible_candidate,,
OVRPBLTW,638,no_feasible_candidate,,
OVRPBLTW,639,no_feasible_candidate,,
OVRPBLTW,640,no_feasible_candidate,,
OVRPBLTW,641,no_feasible_candidate,,
OVRPBLTW,642,no_feasible_candidate,,
OVRPBLTW,643,no_feasible_candidate,,
OVRPBLTW,644,no_feasible_candidate,,
OVRPBLTW,645,no_feasible_candidate,,
OVRPBLTW,646,no_feasible_candidate,,
OVRPBLTW,647,no_feasible_candidate,,
OVRPBLTW,648,no_feasible_candidate,,
OVRPBLTW,649,no_feasible_candidate,,
OVRPBLTW,650,no_feasible_candidate,,
OVRPBLTW,651,no_feasible_candidate,,
OVRPBLTW,652,no_feasible_candidate,,
OVRPBLTW,653,no_feasible_candidate,,
OVRPBLTW,654,no_feasible_candidate,,
OVRPBLTW,655,no_feasible_candidate,,
OVRPBLTW,656,no_feasible_candidate,,
OVRPBLTW,657,no_feasible_candidate,,
OVRPBLTW,658,no_feasible_candidate,,
OVRPBLTW,659,no_feasible_candidate,,
OVRPBLTW,660,no_feasible_candidate,,
OVRPBLTW,661,no_feasible_candidate,,
OVRPBLTW,662,no_feasible_candidate,,
OVRPBLTW,663,no_feasible_candidate,,
OVRPBLTW,664,no_feasible_candidate,,
OVRPBLTW,665,no_feasible_candidate,,
OVRPBLTW,666,no_feasible_candidate,,
OVRPBLTW,667,no_feasible_candidate,,
OVRPBLTW,668,no_feasible_candidate,,
OVRPBLTW,669,no_feasible_candidate,,
OVRPBLTW,670,no_feasible_candidate,,
OVRPBLTW,671,no_feasible_candidate,,
OVRPBLTW,672,no_feasible_candidate,,
OVRPBLTW,673,no_feasible_candidate,,
OVRPBLTW,674,no_feasible_candidate,,
OVRPBLTW,675,no_feasible_candidate,,
OVRPBLTW,676,no_feasible_candidate,,
OVRPBLTW,677,no_feasible_candidate,,
OVRPBLTW,678,no_feasible_candidate,,
OVRPBLTW,679,no_feasible_candidate,,
OVRPBLTW,680,no_feasible_candidate,,
OVRPBLTW,681,no_feasible_candidate,,
OVRPBLTW,682,no_feasible_candidate,,
OVRPBLTW,683,no_feasible_candidate,,
OVRPBLTW,684,no_feasible_candidate,,
OVRPBLTW,685,no_feasible_candidate,,
OVRPBLTW,686,no_feasible_candidate,,
OVRPBLTW,687,no_feasible_candidate,,
OVRPBLTW,688,no_feasible_candidate,,
OVRPBLTW,689,no_feasible_candidate,,
OVRPBLTW,690,no_feasible_candidate,,
OVRPBLTW,691,no_feasible_candidate,,
OVRPBLTW,692,no_feasible_candidate,,
OVRPBLTW,693,no_feasible_candidate,,
OVRPBLTW,694,no_feasible_candidate,,
OVRPBLTW,695,no_feasible_candidate,,
OVRPBLTW,696,no_feasible_candidate,,
OVRPBLTW,697,no_feasible_candidate,,
OVRPBLTW,698,no_feasible_candidate,,
OVRPBLTW,699,no_feasible_candidate,,
OVRPBLTW,700,no_feasible_candidate,,
OVRPBLTW,701,no_feasible_candidate,,
OVRPBLTW,702,no_feasible_candidate,,
OVRPBLTW,703,no_feasible_candidate,,
OVRPBLTW,704,no_feasible_candidate,,
OVRPBLTW,705,no_feasible_candidate,,
OVRPBLTW,706,no_feasible_candidate,,
OVRPBLTW,707,no_feasible_candidate,,
OVRPBLTW,708,no_feasible_candidate,,
OVRPBLTW,709,ok,24.2809168794,30
OVRPBLTW,710,no_feasible_candidate,,
OVRPBLTW,711,no_feasible_candidate,,
OVRPBLTW,712,no_feasible_candidate,,
OVRPBLTW,713,no_feasible_candidate,,
OVRPBLTW,714,no_feasible_candidate,,
OVRPBLTW,715,no_feasible_candidate,,
OVRPBLTW,716,no_feasible_candidate,,
OVRPBLTW,717,no_feasible_candidate,,
OVRPBLTW,718,no_feasible_candidate,,
OVRPBLTW,719,no_feasible_candidate,,
OVRPBLTW,720,no_feasible_candidate,,
OVRPBLTW,721,no_feasible_candidate,,
OVRPBLTW,722,no_feasible_candidate,,
OVRPBLTW,723,no_feasible_candidate,,
OVRPBLTW,724,no_feasible_candidate,,
OVRPBLTW,725,no_feasible_candidate,,
OVRPBLTW,726,no_feasible_candidate,,
OVRPBLTW,727,no_feasible_candidate,,
OVRPBLTW,728,no_feasible_candidate,,
OVRPBLTW,729,no_feasible_candidate,,
OVRPBLTW,730,no_feasible_candidate,,
OVRPBLTW,731,no_feasible_candidate,,
OVRPBLTW,732,no_feasible_candidate,,
OVRPBLTW,733,no_feasible_candidate,,
OVRPBLTW,734,no_feasible_candidate,,
OVRPBLTW,735,no_feasible_candidate,,
OVRPBLTW,736,no_feasible_candidate,,
OVRPBLTW,737,no_feasible_candidate,,
OVRPBLTW,738,no_feasible_candidate,,
OVRPBLTW,739,no_feasible_candidate,,
OVRPBLTW,740,no_feasible_candidate,,
OVRPBLTW,741,no_feasible_candidate,,
OVRPBLTW,742,no_feasible_candidate,,
OVRPBLTW,743,no_feasible_candidate,,
OVRPBLTW,744,no_feasible_candidate,,
OVRPBLTW,745,no_feasible_candidate,,
OVRPBLTW,746,no_feasible_candidate,,
OVRPBLTW,747,no_feasible_candidate,,
OVRPBLTW,748,no_feasible_candidate,,
OVRPBLTW,749,no_feasible_candidate,,
OVRPBLTW,750,no_feasible_candidate,,
OVRPBLTW,751,no_feasible_candidate,,
OVRPBLTW,752,no_feasible_candidate,,
OVRPBLTW,753,no_feasible_candidate,,
OVRPBLTW,754,no_feasible_candidate,,
OVRPBLTW,755,no_feasible_candidate,,
OVRPBLTW,756,no_feasible_candidate,,
OVRPBLTW,757,no_feasible_candidate,,
OVRPBLTW,758,no_feasible_candidate,,
OVRPBLTW,759,no_feasible_candidate,,
OVRPBLTW,760,no_feasible_candidate,,
OVRPBLTW,761,no_feasible_candidate,,
OVRPBLTW,762,no_feasible_candidate,,
OVRPBLTW,763,no_feasible_candidate,,
OVRPBLTW,764,no_feasible_candidate,,
OVRPBLTW,765,no_feasible_candidate,,
OVRPBLTW,766,no_feasible_candidate,,
OVRPBLTW,767,no_feasible_candidate,,
OVRPBLTW,768,no_feasible_candidate,,
OVRPBLTW,769,no_feasible_candidate,,
OVRPBLTW,770,no_feasible_candidate,,
OVRPBLTW,771,no_feasible_candidate,,
OVRPBLTW,772,no_feasible_candidate,,
OVRPBLTW,773,no_feasible_candidate,,
OVRPBLTW,774,no_feasible_candidate,,
OVRPBLTW,775,no_feasible_candidate,,
OVRPBLTW,776,no_feasible_candidate,,
OVRPBLTW,777,no_feasible_candidate,,
OVRPBLTW,778,no_feasible_candidate,,
OVRPBLTW,779,no_feasible_candidate,,
OVRPBLTW,780,no_feasible_candidate,,
OVRPBLTW,781,no_feasible_candidate,,
OVRPBLTW,782,no_feasible_candidate,,
OVRPBLTW,783,no_feasible_candidate,,
OVRPBLTW,784,no_feasible_candidate,,
OVRPBLTW,785,no_feasible_candidate,,
OVRPBLTW,786,no_feasible_candidate,,
OVRPBLTW,787,no_feasible_candidate,,
OVRPBLTW,788,no_feasible_candidate,,
OVRPBLTW,789,no_feasible_candidate,,
OVRPBLTW,790,no_feasible_candidate,,
OVRPBLTW,791,no_feasible_candidate,,
OVRPBLTW,792,no_feasible_candidate,,
OVRPBLTW,793,no_feasible_candidate,,
OVRPBLTW,794,no_feasible_candidate,,
OVRPBLTW,795,no_feasible_candidate,,
OVRPBLTW,796,no_feasible_candidate,,
OVRPBLTW,797,no_feasible_candidate,,
OVRPBLTW,798,no_feasible_candidate,,
OVRPBLTW,799,no_feasible_candidate,,
OVRPBLTW,800,no_feasible_candidate,,
OVRPBLTW,801,no_feasible_candidate,,
OVRPBLTW,802,no_feasible_candidate,,
OVRPBLTW,803,no_feasible_candidate,,
OVRPBLTW,804,no_feasible_candidate,,
OVRPBLTW,805,no_feasible_candidate,,
OVRPBLTW,806,no_feasible_candidate,,
OVRPBLTW,807,no_feasible_candidate,,
OVRPBLTW,808,no_feasible_candidate,,
OVRPBLTW,809,no_feasible_candidate,,
OVRPBLTW,810,no_feasible_candidate,,
OVRPBLTW,811,no_feasible_candidate,,
OVRPBLTW,812,no_feasible_candidate,,
OVRPBLTW,813,no_feasible_candidate,,
OVRPBLTW,814,no_feasible_candidate,,
OVRPBLTW,815,no_feasible_candidate,,
OVRPBLTW,816,no_feasible_candidate,,
OVRPBLTW,817,no_feasible_candidate,,
OVRPBLTW,818,no_feasible_candidate,,
OVRPBLTW,819,no_feasible_candidate,,
OVRPBLTW,820,no_feasible_candidate,,
OVRPBLTW,821,no_feasible_candidate,,
OVRPBLTW,822,no_feasible_candidate,,
OVRPBLTW,823,no_feasible_candidate,,
OVRPBLTW,824,no_feasible_candidate,,
OVRPBLTW,825,no_feasible_candidate,,
OVRPBLTW,826,no_feasible_candidate,,
OVRPBLTW,827,no_feasible_candidate,,
OVRPBLTW,828,no_feasible_candidate,,
OVRPBLTW,829,no_feasible_candidate,,
OVRPBLTW,830,no_feasible_candidate,,
OVRPBLTW,831,no_feasible_candidate,,
OVRPBLTW,832,no_feasible_candidate,,
OVRPBLTW,833,no_feasible_candidate,,
OVRPBLTW,834,no_feasible_candidate,,
OVRPBLTW,835,no_feasible_candidate,,
OVRPBLTW,836,no_feasible_candidate,,
OVRPBLTW,837,no_feasible_candidate,,
OVRPBLTW,838,no_feasible_candidate,,
OVRPBLTW,839,no_feasible_candidate,,
OVRPBLTW,840,no_feasible_candidate,,
OVRPBLTW,841,no_feasible_candidate,,
OVRPBLTW,842,no_feasible_candidate,,
OVRPBLTW,843,no_feasible_candidate,,
OVRPBLTW,844,no_feasible_candidate,,
OVRPBLTW,845,no_feasible_candidate,,
OVRPBLTW,846,no_feasible_candidate,,
OVRPBLTW,847,no_feasible_candidate,,
OVRPBLTW,848,no_feasible_candidate,,
OVRPBLTW,849,no_feasible_candidate,,
OVRPBLTW,850,no_feasible_candidate,,
OVRPBLTW,851,no_feasible_candidate,,
OVRPBLTW,852,no_feasible_candidate,,
OVRPBLTW,853,no_feasible_candidate,,
OVRPBLTW,854,no_feasible_candidate,,
OVRPBLTW,855,no_feasible_candidate,,
OVRPBLTW,856,no_feasible_candidate,,
OVRPBLTW,857,no_feasible_candidate,,
OVRPBLTW,858,no_feasible_candidate,,
OVRPBLTW,859,no_feasible_candidate,,
OVRPBLTW,860,no_feasible_candidate,,
OVRPBLTW,861,no_feasible_candidate,,
OVRPBLTW,862,no_feasible_candidate,,
OVRPBLTW,863,no_feasible_candidate,,
OVRPBLTW,864,no_feasible_candidate,,
OVRPBLTW,865,no_feasible_candidate,,
OVRPBLTW,866,no_feasible_candidate,,
OVRPBLTW,867,no_feasible_candidate,,
OVRPBLTW,868,no_feasible_candidate,,
OVRPBLTW,869,no_feasible_candidate,,
OVRPBLTW,870,no_feasible_candidate,,
OVRPBLTW,871,no_feasible_candidate,,
OVRPBLTW,872,no_feasible_candidate,,
OVRPBLTW,873,no_feasible_candidate,,
OVRPBLTW,874,no_feasible_candidate,,
OVRPBLTW,875,no_feasible_candidate,,
OVRPBLTW,876,no_feasible_candidate,,
OVRPBLTW,877,no_feasible_candidate,,
OVRPBLTW,878,no_feasible_candidate,,
OVRPBLTW,879,no_feasible_candidate,,
OVRPBLTW,880,no_feasible_candidate,,
OVRPBLTW,881,no_feasible_candidate,,
OVRPBLTW,882,no_feasible_candidate,,
OVRPBLTW,883,no_feasible_candidate,,
OVRPBLTW,884,no_feasible_candidate,,
OVRPBLTW,885,no_feasible_candidate,,
OVRPBLTW,886,no_feasible_candidate,,
OVRPBLTW,887,no_feasible_candidate,,
OVRPBLTW,888,no_feasible_candidate,,
OVRPBLTW,889,no_feasible_candidate,,
OVRPBLTW,890,no_feasible_candidate,,
OVRPBLTW,891,no_feasible_candidate,,
OVRPBLTW,892,no_feasible_candidate,,
OVRPBLTW,893,no_feasible_candidate,,
OVRPBLTW,894,no_feasible_candidate,,
OVRPBLTW,895,no_feasible_candidate,,
OVRPBLTW,896,no_feasible_candidate,,
OVRPBLTW,897,no_feasible_candidate,,
OVRPBLTW,898,no_feasible_candidate,,
OVRPBLTW,899,no_feasible_candidate,,
OVRPBLTW,900,no_feasible_candidate,,
OVRPBLTW,901,no_feasible_candidate,,
OVRPBLTW,902,no_feasible_candidate,,
OVRPBLTW,903,no_feasible_candidate,,
OVRPBLTW,904,no_feasible_candidate,,
OVRPBLTW,905,no_feasible_candidate,,
OVRPBLTW,906,no_feasible_candidate,,
OVRPBLTW,907,no_feasible_candidate,,
OVRPBLTW,908,no_feasible_candidate,,
OVRPBLTW,909,no_feasible_candidate,,
OVRPBLTW,910,no_feasible_candidate,,
OVRPBLTW,911,no_feasible_candidate,,
OVRPBLTW,912,no_feasible_candidate,,
OVRPBLTW,913,no_feasible_candidate,,
OVRPBLTW,914,no_feasible_candidate,,
OVRPBLTW,915,no_feasible_candidate,,
OVRPBLTW,916,no_feasible_candidate,,
OVRPBLTW,917,no_feasible_candidate,,
OVRPBLTW,918,no_feasible_candidate,,
OVRPBLTW,919,no_feasible_candidate,,
OVRPBLTW,920,no_feasible_candidate,,
OVRPBLTW,921,no_feasible_candidate,,
OVRPBLTW,922,no_feasible_candidate,,
OVRPBLTW,923,no_feasible_candidate,,
OVRPBLTW,924,no_feasible_candidate,,
OVRPBLTW,925,no_feasible_candidate,,
OVRPBLTW,926,no_feasible_candidate,,
OVRPBLTW,927,no_feasible_candidate,,
OVRPBLTW,928,no_feasible_candidate,,
OVRPBLTW,929,no_feasible_candidate,,
OVRPBLTW,930,no_feasible_candidate,,
OVRPBLTW,931,no_feasible_candidate,,
OVRPBLTW,932,no_feasible_candidate,,
OVRPBLTW,933,no_feasible_candidate,,
OVRPBLTW,934,no_feasible_candidate,,
OVRPBLTW,935,no_feasible_candidate,,
OVRPBLTW,936,no_feasible_candidate,,
OVRPBLTW,937,no_feasible_candidate,,
OVRPBLTW,938,no_feasible_candidate,,
OVRPBLTW,939,no_feasible_candidate,,
OVRPBLTW,940,no_feasible_candidate,,
OVRPBLTW,941,no_feasible_candidate,,
OVRPBLTW,942,no_feasible_candidate,,
OVRPBLTW,943,no_feasible_candidate,,
OVRPBLTW,944,no_feasible_candidate,,
OVRPBLTW,945,no_feasible_candidate,,
OVRPBLTW,946,no_feasible_candidate,,
OVRPBLTW,947,no_feasible_candidate,,
OVRPBLTW,948,no_feasible_candidate,,
OVRPBLTW,949,no_feasible_candidate,,
OVRPBLTW,950,no_feasible_candidate,,
OVRPBLTW,951,no_feasible_candidate,,
OVRPBLTW,952,no_feasible_candidate,,
OVRPBLTW,953,no_feasible_candidate,,
OVRPBLTW,954,no_feasible_candidate,,
OVRPBLTW,955,no_feasible_candidate,,
OVRPBLTW,956,no_feasible_candidate,,
OVRPBLTW,957,no_feasible_candidate,,
OVRPBLTW,958,no_feasible_candidate,,
OVRPBLTW,959,no_feasible_candidate,,
OVRPBLTW,960,no_feasible_candidate,,
OVRPBLTW,961,no_feasible_candidate,,
OVRPBLTW,962,no_feasible_candidate,,
OVRPBLTW,963,no_feasible_candidate,,
OVRPBLTW,964,no_feasible_candidate,,
OVRPBLTW,965,no_feasible_candidate,,
OVRPBLTW,966,no_feasible_candidate,,
OVRPBLTW,967,no_feasible_candidate,,
OVRPBLTW,968,no_feasible_candidate,,
OVRPBLTW,969,no_feasible_candidate,,
OVRPBLTW,970,no_feasible_candidate,,
OVRPBLTW,971,no_feasible_candidate,,
OVRPBLTW,972,no_feasible_candidate,,
OVRPBLTW,973,no_feasible_candidate,,
OVRPBLTW,974,no_feasible_candidate,,
OVRPBLTW,975,no_feasible_candidate,,
OVRPBLTW,976,no_feasible_candidate,,
OVRPBLTW,977,no_feasible_candidate,,
OVRPBLTW,978,no_feasible_candidate,,
OVRPBLTW,979,no_feasible_candidate,,
OVRPBLTW,980,no_feasible_candidate,,
OVRPBLTW,981,no_feasible_candidate,,
OVRPBLTW,982,no_feasible_candidate,,
OVRPBLTW,983,no_feasible_candidate,,
OVRPBLTW,984,no_feasible_candidate,,
OVRPBLTW,985,no_feasible_candidate,,
OVRPBLTW,986,no_feasible_candidate,,
OVRPBLTW,987,no_feasible_candidate,,
OVRPBLTW,988,no_feasible_candidate,,
OVRPBLTW,989,no_feasible_candidate,,
OVRPBLTW,990,no_feasible_candidate,,
OVRPBLTW,991,no_feasible_candidate,,
OVRPBLTW,992,no_feasible_candidate,,
OVRPBLTW,993,no_feasible_candidate,,
OVRPBLTW,994,no_feasible_candidate,,
OVRPBLTW,995,no_feasible_candidate,,
OVRPBLTW,996,no_feasible_candidate,,
OVRPBLTW,997,no_feasible_candidate,,
OVRPBLTW,998,no_feasible_candidate,,
OVRPBLTW,999,no_feasible_candidate,,
