There are 3697923 (3.70 million) parameters in this neural network
[rank3]:[W907 18:17:05.469818746 reducer.cpp:1457] Warning: find_unused_parameters=True was specified in DDP constructor, but did not find any unused parameters in the forward pass. This flag results in an extra traversal of the autograd graph every iteration,  which can adversely affect performance. If your model indeed never has any unused parameters in the forward pass, consider turning this flag off. Note that this warning may be a false positive if your model has flow control causing later iterations to have unused parameters. (function operator())
[rank1]:[W907 18:17:05.471018846 reducer.cpp:1457] Warning: find_unused_parameters=True was specified in DDP constructor, but did not find any unused parameters in the forward pass. This flag results in an extra traversal of the autograd graph every iteration,  which can adversely affect performance. If your model indeed never has any unused parameters in the forward pass, consider turning this flag off. Note that this warning may be a false positive if your model has flow control causing later iterations to have unused parameters. (function operator())
[rank0]:[W907 18:17:05.471050886 reducer.cpp:1457] Warning: find_unused_parameters=True was specified in DDP constructor, but did not find any unused parameters in the forward pass. This flag results in an extra traversal of the autograd graph every iteration,  which can adversely affect performance. If your model indeed never has any unused parameters in the forward pass, consider turning this flag off. Note that this warning may be a false positive if your model has flow control causing later iterations to have unused parameters. (function operator())
[rank2]:[W907 18:17:05.500066593 reducer.cpp:1457] Warning: find_unused_parameters=True was specified in DDP constructor, but did not find any unused parameters in the forward pass. This flag results in an extra traversal of the autograd graph every iteration,  which can adversely affect performance. If your model indeed never has any unused parameters in the forward pass, consider turning this flag off. Note that this warning may be a false positive if your model has flow control causing later iterations to have unused parameters. (function operator())
Epoch    1/5000: score=25.927102 loss=-7.395301 valid=1.0000 routes=20.840 grad=8.5651 seconds=129.3
Epoch    2/5000: score=22.308139 loss=-3.624684 valid=1.0000 routes=18.569 grad=5.5998 seconds=126.9
Epoch    3/5000: score=20.516554 loss=-2.699076 valid=1.0000 routes=17.458 grad=5.3518 seconds=127.3
Epoch    4/5000: score=20.729772 loss=-2.226053 valid=1.0000 routes=17.712 grad=5.1109 seconds=128.1
Epoch    5/5000: score=21.010605 loss=-1.862430 valid=1.0000 routes=17.841 grad=5.1493 seconds=127.5
Epoch    6/5000: score=19.359268 loss=-1.612683 valid=1.0000 routes=15.787 grad=4.6941 seconds=125.5
Epoch    7/5000: score=20.659697 loss=-1.452595 valid=1.0000 routes=17.748 grad=4.9099 seconds=125.7
Epoch    8/5000: score=20.654902 loss=-1.348993 valid=1.0000 routes=16.953 grad=4.9063 seconds=126.7
Epoch    9/5000: score=20.539814 loss=-1.222346 valid=1.0000 routes=17.902 grad=4.9203 seconds=126.6
Epoch   10/5000: score=19.669966 loss=-1.145029 valid=1.0000 routes=16.712 grad=4.5232 seconds=126.9
Epoch   11/5000: score=20.831825 loss=-1.129591 valid=1.0000 routes=17.855 grad=4.9432 seconds=127.2
Epoch   12/5000: score=20.202890 loss=-1.105908 valid=1.0000 routes=17.325 grad=4.6106 seconds=127.6
Epoch   13/5000: score=20.015731 loss=-1.061495 valid=1.0000 routes=17.116 grad=4.6986 seconds=126.5
Epoch   14/5000: score=19.667836 loss=-1.059263 valid=1.0000 routes=16.838 grad=4.5146 seconds=126.6
Epoch   15/5000: score=20.364801 loss=-1.037826 valid=1.0000 routes=17.432 grad=4.7441 seconds=127.0
Epoch   16/5000: score=19.865150 loss=-1.023734 valid=1.0000 routes=17.833 grad=4.5508 seconds=127.5
Epoch   17/5000: score=18.922208 loss=-0.991033 valid=1.0000 routes=16.242 grad=4.5422 seconds=128.1
Epoch   18/5000: score=20.480372 loss=-1.010503 valid=1.0000 routes=17.101 grad=4.6076 seconds=128.7
Epoch   19/5000: score=18.858856 loss=-0.981895 valid=1.0000 routes=16.083 grad=4.0990 seconds=128.3
Epoch   20/5000: score=18.846561 loss=-0.973493 valid=1.0000 routes=17.024 grad=4.3239 seconds=129.5
Epoch   21/5000: score=18.966199 loss=-1.018112 valid=1.0000 routes=16.532 grad=4.2554 seconds=129.3
Epoch   22/5000: score=19.751575 loss=-0.977627 valid=1.0000 routes=17.481 grad=4.4012 seconds=128.1
Epoch   23/5000: score=19.870041 loss=-0.961631 valid=1.0000 routes=17.497 grad=4.4850 seconds=127.6
Epoch   24/5000: score=18.455283 loss=-0.968908 valid=1.0000 routes=16.611 grad=4.1053 seconds=128.3
Epoch   25/5000: score=20.282872 loss=-0.977084 valid=1.0000 routes=17.775 grad=4.5286 seconds=127.3
Epoch   26/5000: score=18.956154 loss=-0.969298 valid=1.0000 routes=15.600 grad=4.1794 seconds=127.7
Epoch   27/5000: score=19.261831 loss=-0.936433 valid=1.0000 routes=16.038 grad=4.1683 seconds=127.8
Epoch   28/5000: score=18.931187 loss=-0.897522 valid=1.0000 routes=16.815 grad=4.0127 seconds=127.5
Epoch   29/5000: score=18.802398 loss=-0.899632 valid=1.0000 routes=17.134 grad=4.0640 seconds=127.7
Epoch   30/5000: score=19.314887 loss=-0.890806 valid=1.0000 routes=16.205 grad=4.2674 seconds=128.0
Epoch   31/5000: score=19.810801 loss=-0.876130 valid=1.0000 routes=16.954 grad=4.1537 seconds=128.0
Epoch   32/5000: score=20.008432 loss=-0.883160 valid=1.0000 routes=16.434 grad=4.2005 seconds=128.0
Epoch   33/5000: score=19.967671 loss=-0.834342 valid=1.0000 routes=17.155 grad=4.0899 seconds=127.7
Epoch   34/5000: score=18.105060 loss=-0.795773 valid=1.0000 routes=15.850 grad=3.5794 seconds=127.4
Epoch   35/5000: score=17.968369 loss=-0.784061 valid=1.0000 routes=14.941 grad=3.4080 seconds=127.8
Epoch   36/5000: score=18.481949 loss=-0.800503 valid=1.0000 routes=16.385 grad=3.8700 seconds=126.9
Epoch   37/5000: score=18.963317 loss=-0.797738 valid=1.0000 routes=17.038 grad=3.8090 seconds=127.2
Epoch   38/5000: score=18.711578 loss=-0.780946 valid=1.0000 routes=16.294 grad=3.6649 seconds=126.6
Epoch   39/5000: score=19.880623 loss=-0.794488 valid=1.0000 routes=17.277 grad=4.1737 seconds=126.7
Epoch   40/5000: score=19.847252 loss=-0.782038 valid=1.0000 routes=17.403 grad=4.0592 seconds=126.8
Epoch   41/5000: score=19.483869 loss=-0.796906 valid=1.0000 routes=17.357 grad=4.0853 seconds=127.3
Epoch   42/5000: score=19.612992 loss=-0.778286 valid=1.0000 routes=16.461 grad=3.9727 seconds=127.3
Epoch   43/5000: score=19.145469 loss=-0.725672 valid=1.0000 routes=16.867 grad=3.7647 seconds=127.3
Epoch   44/5000: score=19.283581 loss=-0.745835 valid=1.0000 routes=17.537 grad=3.7496 seconds=127.4
Epoch   45/5000: score=18.980335 loss=-0.736644 valid=1.0000 routes=16.750 grad=3.7577 seconds=127.0
Epoch   46/5000: score=18.876547 loss=-0.701844 valid=1.0000 routes=16.973 grad=3.6225 seconds=127.2
Epoch   47/5000: score=19.592982 loss=-0.718599 valid=1.0000 routes=16.347 grad=3.8171 seconds=127.3
Epoch   48/5000: score=20.169212 loss=-0.700834 valid=1.0000 routes=18.129 grad=3.8733 seconds=127.9
Epoch   49/5000: score=18.769710 loss=-0.691977 valid=1.0000 routes=16.750 grad=3.5885 seconds=128.2
Epoch   50/5000: score=18.284658 loss=-0.689254 valid=1.0000 routes=15.638 grad=3.4240 seconds=126.9
Epoch   51/5000: score=19.440511 loss=-0.700831 valid=1.0000 routes=17.142 grad=3.7116 seconds=127.7
Epoch   52/5000: score=18.730064 loss=-0.659175 valid=1.0000 routes=17.175 grad=3.4180 seconds=126.9
Epoch   53/5000: score=18.875953 loss=-0.669174 valid=1.0000 routes=16.370 grad=3.5581 seconds=127.1
Epoch   54/5000: score=20.228414 loss=-0.697637 valid=1.0000 routes=17.765 grad=3.9775 seconds=127.1
Epoch   55/5000: score=19.296682 loss=-0.675885 valid=1.0000 routes=17.022 grad=3.6492 seconds=127.9
Epoch   56/5000: score=18.896376 loss=-0.635837 valid=1.0000 routes=16.719 grad=3.4531 seconds=127.9
Epoch   57/5000: score=19.251196 loss=-0.664619 valid=1.0000 routes=16.189 grad=3.6042 seconds=127.4
Epoch   58/5000: score=18.769407 loss=-0.633448 valid=1.0000 routes=16.703 grad=3.4287 seconds=126.4
Epoch   59/5000: score=18.223633 loss=-0.630427 valid=1.0000 routes=15.329 grad=3.2046 seconds=126.0
Epoch   60/5000: score=18.536512 loss=-0.637698 valid=1.0000 routes=16.956 grad=3.3953 seconds=125.7
Epoch   61/5000: score=17.712016 loss=-0.606969 valid=1.0000 routes=14.939 grad=3.0035 seconds=126.5
Epoch   62/5000: score=18.617622 loss=-0.622342 valid=1.0000 routes=16.357 grad=3.3134 seconds=127.3
Epoch   63/5000: score=19.114540 loss=-0.620561 valid=1.0000 routes=16.773 grad=3.5124 seconds=127.7
Epoch   64/5000: score=19.164343 loss=-0.630365 valid=1.0000 routes=17.077 grad=3.5753 seconds=128.2
Epoch   65/5000: score=19.505550 loss=-0.619417 valid=1.0000 routes=16.783 grad=3.5426 seconds=128.0
Epoch   66/5000: score=18.861023 loss=-0.598893 valid=1.0000 routes=16.761 grad=3.3756 seconds=129.0
Epoch   67/5000: score=19.064023 loss=-0.609527 valid=1.0000 routes=15.685 grad=3.3727 seconds=128.6
Epoch   68/5000: score=18.290552 loss=-0.583906 valid=1.0000 routes=16.104 grad=3.1308 seconds=129.2
Epoch   69/5000: score=19.958225 loss=-0.616255 valid=1.0000 routes=18.119 grad=3.7700 seconds=127.9
Epoch   70/5000: score=18.883924 loss=-0.581101 valid=1.0000 routes=16.683 grad=3.2090 seconds=126.7
Epoch   71/5000: score=18.483203 loss=-0.585334 valid=1.0000 routes=16.638 grad=3.1178 seconds=128.1
Epoch   72/5000: score=18.366532 loss=-0.564822 valid=1.0000 routes=16.376 grad=3.0854 seconds=128.3
Epoch   73/5000: score=19.742170 loss=-0.579091 valid=1.0000 routes=17.756 grad=3.5695 seconds=128.6
Epoch   74/5000: score=18.986267 loss=-0.585492 valid=1.0000 routes=16.695 grad=3.3595 seconds=128.4
Epoch   75/5000: score=19.680229 loss=-0.584332 valid=1.0000 routes=18.296 grad=3.5348 seconds=127.8
Epoch   76/5000: score=19.977817 loss=-0.588182 valid=1.0000 routes=17.923 grad=3.5286 seconds=129.1
Epoch   77/5000: score=18.986600 loss=-0.581006 valid=1.0000 routes=17.034 grad=3.3107 seconds=127.7
Epoch   78/5000: score=17.620118 loss=-0.560638 valid=1.0000 routes=15.848 grad=3.0048 seconds=127.7
Epoch   79/5000: score=19.985389 loss=-0.589524 valid=1.0000 routes=16.590 grad=3.5598 seconds=127.4
Epoch   80/5000: score=21.147225 loss=-0.606476 valid=1.0000 routes=18.560 grad=3.9152 seconds=126.7
Epoch   81/5000: score=18.357522 loss=-0.533856 valid=1.0000 routes=15.634 grad=2.9094 seconds=127.0
Epoch   82/5000: score=18.915203 loss=-0.534557 valid=1.0000 routes=16.301 grad=3.0838 seconds=126.6
Epoch   83/5000: score=18.837475 loss=-0.558296 valid=1.0000 routes=17.029 grad=3.2347 seconds=127.6
Epoch   84/5000: score=19.293749 loss=-0.557878 valid=1.0000 routes=16.824 grad=3.3363 seconds=127.3
Epoch   85/5000: score=19.801127 loss=-0.562593 valid=1.0000 routes=17.386 grad=3.4084 seconds=127.0
Epoch   86/5000: score=18.900465 loss=-0.547324 valid=1.0000 routes=16.624 grad=3.2888 seconds=127.5
Epoch   87/5000: score=19.325480 loss=-0.533992 valid=1.0000 routes=17.097 grad=3.2535 seconds=137.8
Epoch   88/5000: score=18.883631 loss=-0.531361 valid=1.0000 routes=16.757 grad=3.1263 seconds=137.1
Epoch   89/5000: score=19.427410 loss=-0.545408 valid=1.0000 routes=16.548 grad=3.3126 seconds=133.8
Epoch   90/5000: score=18.771660 loss=-0.540846 valid=1.0000 routes=16.165 grad=3.0517 seconds=129.5
Epoch   91/5000: score=19.498664 loss=-0.546107 valid=1.0000 routes=17.495 grad=3.3428 seconds=131.9
Epoch   92/5000: score=18.570337 loss=-0.510821 valid=1.0000 routes=16.527 grad=3.0752 seconds=132.3
Epoch   93/5000: score=19.360976 loss=-0.539142 valid=1.0000 routes=17.220 grad=3.4178 seconds=132.0
Epoch   94/5000: score=19.269170 loss=-0.548481 valid=1.0000 routes=17.244 grad=3.3709 seconds=132.5
Epoch   95/5000: score=18.661900 loss=-0.529838 valid=1.0000 routes=17.056 grad=3.1435 seconds=131.7
Epoch   96/5000: score=18.920677 loss=-0.526830 valid=1.0000 routes=16.485 grad=3.1203 seconds=131.1
Epoch   97/5000: score=18.403720 loss=-0.514302 valid=1.0000 routes=15.448 grad=3.0059 seconds=131.2
Epoch   98/5000: score=19.336556 loss=-0.514775 valid=1.0000 routes=17.839 grad=3.2917 seconds=130.6
Epoch   99/5000: score=20.181107 loss=-0.526237 valid=1.0000 routes=17.648 grad=3.3282 seconds=130.6
Epoch  100/5000: score=20.108822 loss=-0.536847 valid=1.0000 routes=17.590 grad=3.5154 seconds=131.8
Epoch  101/5000: score=19.755911 loss=-0.521819 valid=1.0000 routes=17.574 grad=3.3337 seconds=131.2
Epoch  102/5000: score=18.723804 loss=-0.514961 valid=1.0000 routes=15.954 grad=3.1084 seconds=131.7
Epoch  103/5000: score=19.213344 loss=-0.513877 valid=1.0000 routes=16.539 grad=3.0939 seconds=131.2
Epoch  104/5000: score=18.745787 loss=-0.505382 valid=1.0000 routes=17.360 grad=3.0163 seconds=131.7
Epoch  105/5000: score=19.366373 loss=-0.520986 valid=1.0000 routes=17.174 grad=3.3259 seconds=131.0
Epoch  106/5000: score=18.871549 loss=-0.500814 valid=1.0000 routes=16.240 grad=3.0662 seconds=131.0
Epoch  107/5000: score=18.499407 loss=-0.517169 valid=1.0000 routes=16.380 grad=3.1056 seconds=131.5
Epoch  108/5000: score=20.478880 loss=-0.510205 valid=1.0000 routes=18.245 grad=3.5565 seconds=132.5
Epoch  109/5000: score=19.347799 loss=-0.501243 valid=1.0000 routes=17.375 grad=3.2558 seconds=131.8
Epoch  110/5000: score=19.733292 loss=-0.502744 valid=1.0000 routes=17.173 grad=3.1646 seconds=132.4
Epoch  111/5000: score=19.261667 loss=-0.502680 valid=1.0000 routes=16.218 grad=3.1182 seconds=132.4
Epoch  112/5000: score=19.448826 loss=-0.502736 valid=1.0000 routes=16.714 grad=3.3085 seconds=132.2
Epoch  113/5000: score=18.804946 loss=-0.491296 valid=1.0000 routes=17.085 grad=3.0279 seconds=131.3
Epoch  114/5000: score=18.032574 loss=-0.457561 valid=1.0000 routes=16.581 grad=2.6795 seconds=130.2
Epoch  115/5000: score=19.499565 loss=-0.504993 valid=1.0000 routes=17.053 grad=3.3276 seconds=131.4
Epoch  116/5000: score=18.921163 loss=-0.503613 valid=1.0000 routes=16.464 grad=3.1665 seconds=131.9
>> Invalid instances, Re-generating ...
Epoch  117/5000: score=18.256806 loss=-0.466190 valid=1.0000 routes=15.940 grad=2.8101 seconds=132.4
Epoch  118/5000: score=19.781038 loss=-0.501731 valid=1.0000 routes=17.362 grad=3.2746 seconds=131.4
Epoch  119/5000: score=20.546167 loss=-0.499278 valid=1.0000 routes=18.215 grad=3.4117 seconds=131.0
Epoch  120/5000: score=18.676906 loss=-0.474887 valid=1.0000 routes=15.779 grad=2.9260 seconds=131.8
Epoch  121/5000: score=19.610867 loss=-0.497449 valid=1.0000 routes=16.758 grad=3.1773 seconds=132.1
Epoch  122/5000: score=19.560124 loss=-0.511929 valid=1.0000 routes=16.986 grad=3.2063 seconds=132.1
Epoch  123/5000: score=18.950773 loss=-0.486222 valid=1.0000 routes=17.025 grad=3.0648 seconds=131.1
Epoch  124/5000: score=19.321218 loss=-0.479358 valid=1.0000 routes=16.308 grad=2.9563 seconds=131.5
Epoch  125/5000: score=19.917170 loss=-0.491433 valid=1.0000 routes=17.493 grad=3.2321 seconds=131.3
Epoch  126/5000: score=19.917709 loss=-0.504039 valid=1.0000 routes=17.734 grad=3.2539 seconds=131.3
Epoch  127/5000: score=19.533288 loss=-0.475136 valid=1.0000 routes=17.434 grad=3.0833 seconds=130.6
Epoch  128/5000: score=18.744614 loss=-0.464910 valid=1.0000 routes=17.524 grad=2.9912 seconds=130.8
Epoch  129/5000: score=18.524241 loss=-0.466974 valid=1.0000 routes=16.048 grad=2.8995 seconds=130.8
Epoch  130/5000: score=19.471736 loss=-0.463402 valid=1.0000 routes=17.178 grad=3.1225 seconds=131.2
Epoch  131/5000: score=19.708789 loss=-0.487045 valid=1.0000 routes=17.029 grad=3.1467 seconds=130.8
Epoch  132/5000: score=18.796607 loss=-0.453510 valid=1.0000 routes=16.224 grad=2.9234 seconds=131.4
Epoch  133/5000: score=19.398899 loss=-0.466365 valid=1.0000 routes=16.462 grad=3.0371 seconds=131.0
Epoch  134/5000: score=20.488545 loss=-0.485589 valid=1.0000 routes=18.059 grad=3.3305 seconds=131.1
Epoch  135/5000: score=18.314123 loss=-0.456346 valid=1.0000 routes=15.726 grad=2.7553 seconds=131.1
Epoch  136/5000: score=18.468136 loss=-0.441921 valid=1.0000 routes=16.901 grad=2.7959 seconds=129.9
Epoch  137/5000: score=18.607712 loss=-0.454712 valid=1.0000 routes=16.408 grad=2.9241 seconds=129.8
Epoch  138/5000: score=19.452489 loss=-0.464889 valid=1.0000 routes=16.643 grad=2.9737 seconds=130.2
Epoch  139/5000: score=18.977104 loss=-0.451618 valid=1.0000 routes=16.305 grad=2.9033 seconds=130.3
Epoch  140/5000: score=19.688240 loss=-0.459337 valid=1.0000 routes=16.913 grad=3.1126 seconds=131.6
Epoch  141/5000: score=18.486786 loss=-0.455282 valid=1.0000 routes=15.501 grad=2.8279 seconds=131.6
Epoch  142/5000: score=19.591836 loss=-0.451336 valid=1.0000 routes=18.637 grad=3.1609 seconds=130.7
Epoch  143/5000: score=17.729183 loss=-0.433219 valid=1.0000 routes=16.652 grad=2.7064 seconds=131.4
Epoch  144/5000: score=18.641785 loss=-0.446171 valid=1.0000 routes=16.126 grad=2.8777 seconds=131.3
Epoch  145/5000: score=18.706147 loss=-0.440832 valid=1.0000 routes=16.071 grad=2.8148 seconds=130.6
Epoch  146/5000: score=18.989683 loss=-0.437719 valid=1.0000 routes=16.389 grad=2.8678 seconds=132.0
Epoch  147/5000: score=18.929721 loss=-0.455354 valid=1.0000 routes=16.515 grad=2.9889 seconds=131.7
Epoch  148/5000: score=19.891738 loss=-0.473334 valid=1.0000 routes=17.049 grad=3.2161 seconds=131.0
Epoch  149/5000: score=18.331897 loss=-0.431527 valid=1.0000 routes=16.694 grad=2.8333 seconds=131.4
Epoch  150/5000: score=18.806993 loss=-0.450301 valid=1.0000 routes=16.567 grad=2.9629 seconds=131.5
Epoch  151/5000: score=19.324427 loss=-0.459963 valid=1.0000 routes=17.581 grad=3.0772 seconds=132.6
Epoch  152/5000: score=18.289543 loss=-0.446691 valid=1.0000 routes=16.059 grad=2.8812 seconds=131.1
Epoch  153/5000: score=19.269470 loss=-0.432294 valid=1.0000 routes=17.289 grad=2.8929 seconds=131.8
Epoch  154/5000: score=18.603797 loss=-0.435380 valid=1.0000 routes=16.588 grad=2.8679 seconds=130.5
Epoch  155/5000: score=19.478296 loss=-0.439033 valid=1.0000 routes=17.522 grad=3.0730 seconds=130.0
Epoch  156/5000: score=19.557042 loss=-0.452034 valid=1.0000 routes=16.040 grad=2.9369 seconds=130.1
Epoch  157/5000: score=18.669623 loss=-0.429579 valid=1.0000 routes=17.030 grad=2.8048 seconds=129.7
Epoch  158/5000: score=18.522285 loss=-0.428489 valid=1.0000 routes=16.395 grad=2.7867 seconds=129.3
Epoch  159/5000: score=18.186911 loss=-0.432318 valid=1.0000 routes=15.484 grad=2.7669 seconds=129.5
Epoch  160/5000: score=19.594220 loss=-0.446810 valid=1.0000 routes=16.864 grad=3.0870 seconds=130.3
Epoch  161/5000: score=18.229310 loss=-0.433645 valid=1.0000 routes=15.990 grad=2.7229 seconds=129.6
Epoch  162/5000: score=18.209191 loss=-0.413082 valid=1.0000 routes=16.430 grad=2.6347 seconds=129.3
Epoch  163/5000: score=18.558246 loss=-0.428324 valid=1.0000 routes=16.007 grad=2.8074 seconds=130.0
Epoch  164/5000: score=19.082782 loss=-0.426383 valid=1.0000 routes=16.469 grad=2.9375 seconds=130.5
Epoch  165/5000: score=19.181272 loss=-0.437478 valid=1.0000 routes=17.612 grad=3.0183 seconds=131.0
Epoch  166/5000: score=18.628886 loss=-0.436495 valid=1.0000 routes=15.602 grad=2.8064 seconds=131.0
Epoch  167/5000: score=18.618967 loss=-0.433910 valid=1.0000 routes=16.315 grad=2.8315 seconds=131.5
Epoch  168/5000: score=20.026744 loss=-0.428351 valid=1.0000 routes=17.832 grad=3.0612 seconds=129.4
Epoch  169/5000: score=18.509150 loss=-0.425693 valid=1.0000 routes=16.688 grad=2.6980 seconds=129.2
Epoch  170/5000: score=19.107172 loss=-0.429503 valid=1.0000 routes=17.044 grad=2.8880 seconds=129.6
Epoch  171/5000: score=19.577227 loss=-0.439871 valid=1.0000 routes=17.288 grad=3.0680 seconds=130.4
Epoch  172/5000: score=18.996834 loss=-0.417646 valid=1.0000 routes=16.839 grad=2.7808 seconds=130.0
Epoch  173/5000: score=18.434688 loss=-0.412583 valid=1.0000 routes=16.182 grad=2.7365 seconds=129.8
Epoch  174/5000: score=18.500980 loss=-0.406137 valid=1.0000 routes=17.059 grad=2.7701 seconds=129.0
Epoch  175/5000: score=19.133169 loss=-0.426198 valid=1.0000 routes=17.421 grad=2.9247 seconds=129.1
Epoch  176/5000: score=18.336551 loss=-0.423264 valid=1.0000 routes=15.707 grad=2.6240 seconds=129.2
Epoch  177/5000: score=19.407988 loss=-0.434478 valid=1.0000 routes=16.434 grad=3.0042 seconds=130.4
Epoch  178/5000: score=18.492472 loss=-0.435478 valid=1.0000 routes=15.854 grad=2.7890 seconds=130.1
Epoch  179/5000: score=19.028033 loss=-0.424780 valid=1.0000 routes=17.155 grad=2.9158 seconds=129.5
Epoch  180/5000: score=18.287547 loss=-0.417043 valid=1.0000 routes=16.558 grad=2.7424 seconds=130.0
Epoch  181/5000: score=18.766879 loss=-0.416276 valid=1.0000 routes=16.637 grad=2.7532 seconds=129.0
Epoch  182/5000: score=20.041083 loss=-0.441955 valid=1.0000 routes=17.405 grad=3.1608 seconds=130.1
Epoch  183/5000: score=19.225854 loss=-0.432144 valid=1.0000 routes=16.453 grad=2.8876 seconds=129.9
Epoch  184/5000: score=18.332696 loss=-0.404197 valid=1.0000 routes=17.224 grad=2.6964 seconds=128.9
Epoch  185/5000: score=17.909866 loss=-0.410309 valid=1.0000 routes=15.369 grad=2.6086 seconds=129.9
Epoch  186/5000: score=18.762027 loss=-0.423051 valid=1.0000 routes=15.659 grad=2.6881 seconds=129.5
Epoch  187/5000: score=18.239912 loss=-0.402119 valid=1.0000 routes=15.738 grad=2.6208 seconds=129.7
Epoch  188/5000: score=19.145790 loss=-0.416616 valid=1.0000 routes=17.341 grad=2.8776 seconds=130.0
Epoch  189/5000: score=19.055386 loss=-0.428955 valid=1.0000 routes=16.335 grad=2.9002 seconds=130.1
Epoch  190/5000: score=19.816893 loss=-0.435958 valid=1.0000 routes=17.355 grad=3.0362 seconds=128.6
Epoch  191/5000: score=18.565018 loss=-0.418377 valid=1.0000 routes=16.206 grad=2.7411 seconds=128.8
Epoch  192/5000: score=19.250450 loss=-0.419424 valid=1.0000 routes=17.359 grad=2.9243 seconds=128.5
Epoch  193/5000: score=18.674337 loss=-0.392734 valid=1.0000 routes=16.798 grad=2.7276 seconds=128.7
Epoch  194/5000: score=19.441079 loss=-0.421211 valid=1.0000 routes=17.331 grad=2.9132 seconds=128.8
Epoch  195/5000: score=19.422478 loss=-0.429265 valid=1.0000 routes=16.913 grad=2.9701 seconds=129.6
Epoch  196/5000: score=18.926319 loss=-0.412138 valid=1.0000 routes=16.047 grad=2.8375 seconds=130.3
Epoch  197/5000: score=19.852293 loss=-0.414088 valid=1.0000 routes=17.124 grad=2.8947 seconds=129.7
Epoch  198/5000: score=18.005266 loss=-0.414882 valid=1.0000 routes=15.515 grad=2.6221 seconds=130.2
Epoch  199/5000: score=19.484984 loss=-0.405916 valid=1.0000 routes=17.527 grad=2.9579 seconds=129.1
Epoch  200/5000: score=19.402775 loss=-0.425620 valid=1.0000 routes=16.912 grad=2.9970 seconds=129.3
>> Invalid instances, Re-generating ...
Epoch  201/5000: score=18.008639 loss=-0.402837 valid=1.0000 routes=16.607 grad=2.5995 seconds=130.1
Epoch  202/5000: score=17.995646 loss=-0.404428 valid=1.0000 routes=15.474 grad=2.6501 seconds=131.0
Epoch  203/5000: score=18.474100 loss=-0.415109 valid=1.0000 routes=16.373 grad=2.7857 seconds=131.2
Epoch  204/5000: score=20.355718 loss=-0.416330 valid=1.0000 routes=17.754 grad=3.0816 seconds=128.9
>> Invalid instances, Re-generating ...
Epoch  205/5000: score=19.446368 loss=-0.423863 valid=1.0000 routes=16.682 grad=2.9701 seconds=129.6
Epoch  206/5000: score=19.365171 loss=-0.422544 valid=1.0000 routes=17.070 grad=2.9753 seconds=130.4
Epoch  207/5000: score=19.331561 loss=-0.397678 valid=1.0000 routes=17.000 grad=2.8664 seconds=130.1
Epoch  208/5000: score=19.197772 loss=-0.419117 valid=1.0000 routes=16.646 grad=2.9071 seconds=129.6
Epoch  209/5000: score=18.787302 loss=-0.407390 valid=1.0000 routes=16.746 grad=2.7834 seconds=129.5
>> Invalid instances, Re-generating ...
Epoch  210/5000: score=18.945005 loss=-0.414940 valid=1.0000 routes=16.715 grad=2.9003 seconds=129.8
Epoch  211/5000: score=18.766512 loss=-0.402167 valid=1.0000 routes=16.177 grad=2.7788 seconds=130.8
Epoch  212/5000: score=19.869915 loss=-0.417134 valid=1.0000 routes=16.797 grad=3.0007 seconds=129.8
Epoch  213/5000: score=18.637483 loss=-0.391309 valid=1.0000 routes=16.415 grad=2.6492 seconds=130.0
Epoch  214/5000: score=19.532445 loss=-0.404893 valid=1.0000 routes=17.490 grad=2.9308 seconds=129.6
Epoch  215/5000: score=18.835911 loss=-0.405524 valid=1.0000 routes=16.399 grad=2.7860 seconds=129.8
Epoch  216/5000: score=18.344944 loss=-0.395747 valid=1.0000 routes=15.787 grad=2.6415 seconds=130.5
Epoch  217/5000: score=19.423002 loss=-0.397245 valid=1.0000 routes=16.835 grad=2.8790 seconds=130.7
Epoch  218/5000: score=18.333827 loss=-0.382667 valid=1.0000 routes=16.283 grad=2.6177 seconds=130.6
Epoch  219/5000: score=19.409999 loss=-0.409010 valid=1.0000 routes=16.800 grad=2.8774 seconds=130.7
Epoch  220/5000: score=18.602339 loss=-0.398629 valid=1.0000 routes=16.256 grad=2.7084 seconds=130.8
Epoch  221/5000: score=19.012809 loss=-0.403317 valid=1.0000 routes=16.867 grad=2.7981 seconds=130.2
Epoch  222/5000: score=19.524456 loss=-0.388047 valid=1.0000 routes=17.489 grad=2.9218 seconds=129.7
Epoch  223/5000: score=18.826104 loss=-0.408628 valid=1.0000 routes=16.415 grad=2.8632 seconds=130.1
Epoch  224/5000: score=19.022083 loss=-0.388824 valid=1.0000 routes=17.281 grad=2.8683 seconds=129.6
Epoch  225/5000: score=18.585701 loss=-0.389526 valid=1.0000 routes=16.420 grad=2.6474 seconds=130.0
Epoch  226/5000: score=19.491877 loss=-0.390248 valid=1.0000 routes=18.185 grad=2.9366 seconds=128.1
Epoch  227/5000: score=18.777648 loss=-0.389160 valid=1.0000 routes=16.011 grad=2.6930 seconds=127.8
Epoch  228/5000: score=18.666334 loss=-0.402375 valid=1.0000 routes=15.890 grad=2.7551 seconds=128.0
Epoch  229/5000: score=18.592810 loss=-0.391692 valid=1.0000 routes=16.649 grad=2.7639 seconds=127.6
Epoch  230/5000: score=18.524794 loss=-0.393163 valid=1.0000 routes=15.747 grad=2.6554 seconds=127.4
Epoch  231/5000: score=19.326343 loss=-0.394438 valid=1.0000 routes=16.928 grad=2.8893 seconds=127.6
Epoch  232/5000: score=20.152306 loss=-0.400238 valid=1.0000 routes=18.302 grad=3.0848 seconds=127.6
Epoch  233/5000: score=18.309728 loss=-0.392978 valid=1.0000 routes=15.718 grad=2.7116 seconds=128.7
Epoch  234/5000: score=19.081117 loss=-0.388213 valid=1.0000 routes=17.039 grad=2.7807 seconds=127.9
Epoch  235/5000: score=19.148921 loss=-0.397458 valid=1.0000 routes=16.780 grad=2.9053 seconds=128.3
Epoch  236/5000: score=20.227241 loss=-0.397270 valid=1.0000 routes=17.371 grad=3.0217 seconds=128.0
Epoch  237/5000: score=18.728868 loss=-0.388617 valid=1.0000 routes=16.662 grad=2.7712 seconds=128.4
Epoch  238/5000: score=18.719195 loss=-0.381375 valid=1.0000 routes=15.724 grad=2.6322 seconds=128.2
Epoch  239/5000: score=17.719986 loss=-0.391007 valid=1.0000 routes=15.350 grad=2.4956 seconds=128.3
Epoch  240/5000: score=18.751397 loss=-0.392466 valid=1.0000 routes=16.598 grad=2.7154 seconds=127.8
Epoch  241/5000: score=19.814507 loss=-0.395420 valid=1.0000 routes=18.047 grad=3.0827 seconds=127.8
Epoch  242/5000: score=19.427557 loss=-0.394137 valid=1.0000 routes=16.809 grad=2.9194 seconds=127.6
Epoch  243/5000: score=18.651857 loss=-0.378179 valid=1.0000 routes=15.915 grad=2.6081 seconds=127.7
Epoch  244/5000: score=18.722140 loss=-0.390507 valid=1.0000 routes=16.159 grad=2.6706 seconds=128.1
Epoch  245/5000: score=18.792893 loss=-0.387294 valid=1.0000 routes=17.315 grad=2.7393 seconds=129.7
>> Invalid instances, Re-generating ...
Epoch  246/5000: score=20.246486 loss=-0.397532 valid=1.0000 routes=17.595 grad=3.0563 seconds=129.5
>> Invalid instances, Re-generating ...
Epoch  247/5000: score=18.579496 loss=-0.384176 valid=1.0000 routes=16.835 grad=2.7033 seconds=129.9
Epoch  248/5000: score=18.529131 loss=-0.372120 valid=1.0000 routes=16.115 grad=2.6567 seconds=129.4
Epoch  249/5000: score=18.735447 loss=-0.374432 valid=1.0000 routes=16.208 grad=2.7092 seconds=129.1
Epoch  250/5000: score=18.982085 loss=-0.380804 valid=1.0000 routes=16.281 grad=2.7344 seconds=129.2
Epoch  251/5000: score=18.263301 loss=-0.383989 valid=1.0000 routes=15.799 grad=2.6438 seconds=129.7
Epoch  252/5000: score=19.264517 loss=-0.394893 valid=1.0000 routes=17.010 grad=2.8480 seconds=129.6
Epoch  253/5000: score=19.334138 loss=-0.388375 valid=1.0000 routes=17.524 grad=2.8746 seconds=129.8
Epoch  254/5000: score=19.600078 loss=-0.375636 valid=1.0000 routes=18.082 grad=2.9196 seconds=128.8
Epoch  255/5000: score=20.796598 loss=-0.406999 valid=1.0000 routes=18.700 grad=3.2151 seconds=129.4
Epoch  256/5000: score=19.788822 loss=-0.392729 valid=1.0000 routes=17.314 grad=2.9266 seconds=129.3
Epoch  257/5000: score=18.100089 loss=-0.372417 valid=1.0000 routes=15.607 grad=2.4828 seconds=130.0
Epoch  258/5000: score=19.559498 loss=-0.383323 valid=1.0000 routes=17.206 grad=2.9426 seconds=129.4
Epoch  259/5000: score=19.643598 loss=-0.371654 valid=1.0000 routes=17.933 grad=2.9411 seconds=130.2
Epoch  260/5000: score=19.646546 loss=-0.379083 valid=1.0000 routes=17.837 grad=2.9729 seconds=128.3
Epoch  261/5000: score=18.899873 loss=-0.371616 valid=1.0000 routes=16.723 grad=2.7551 seconds=128.4
Epoch  262/5000: score=18.104521 loss=-0.382869 valid=1.0000 routes=15.457 grad=2.5656 seconds=128.1
>> Invalid instances, Re-generating ...
Epoch  263/5000: score=18.873673 loss=-0.376204 valid=1.0000 routes=16.564 grad=2.7264 seconds=127.8
Epoch  264/5000: score=19.424723 loss=-0.379816 valid=1.0000 routes=16.437 grad=2.8607 seconds=128.2
Epoch  265/5000: score=19.935673 loss=-0.396622 valid=1.0000 routes=17.103 grad=2.9440 seconds=127.9
Epoch  266/5000: score=17.702647 loss=-0.364960 valid=1.0000 routes=16.431 grad=2.4556 seconds=127.9
Epoch  267/5000: score=19.483870 loss=-0.372857 valid=1.0000 routes=17.731 grad=2.8774 seconds=127.8
Epoch  268/5000: score=19.002938 loss=-0.376359 valid=1.0000 routes=17.402 grad=2.7338 seconds=127.7
Epoch  269/5000: score=18.827874 loss=-0.363955 valid=1.0000 routes=16.681 grad=2.6802 seconds=130.6
Epoch  270/5000: score=19.945859 loss=-0.381127 valid=1.0000 routes=17.712 grad=2.9543 seconds=130.3
Epoch  271/5000: score=20.097463 loss=-0.382392 valid=1.0000 routes=19.076 grad=2.9934 seconds=129.5
Epoch  272/5000: score=19.186663 loss=-0.368765 valid=1.0000 routes=16.766 grad=2.7427 seconds=129.8
Epoch  273/5000: score=18.062118 loss=-0.362330 valid=1.0000 routes=16.477 grad=2.5003 seconds=130.1
Epoch  274/5000: score=18.911559 loss=-0.371919 valid=1.0000 routes=17.377 grad=2.7728 seconds=127.4
Epoch  275/5000: score=18.524013 loss=-0.369178 valid=1.0000 routes=16.492 grad=2.5932 seconds=127.5
Epoch  276/5000: score=19.012711 loss=-0.386499 valid=1.0000 routes=16.115 grad=2.7911 seconds=128.1
Epoch  277/5000: score=19.176764 loss=-0.374030 valid=1.0000 routes=16.381 grad=2.7657 seconds=128.3
Epoch  278/5000: score=19.478505 loss=-0.380957 valid=1.0000 routes=17.105 grad=2.8968 seconds=128.2
Epoch  279/5000: score=18.323259 loss=-0.363722 valid=1.0000 routes=16.480 grad=2.5745 seconds=128.1
Epoch  280/5000: score=18.091996 loss=-0.369503 valid=1.0000 routes=15.819 grad=2.6064 seconds=128.5
Epoch  281/5000: score=18.752220 loss=-0.366020 valid=1.0000 routes=16.415 grad=2.6176 seconds=127.5
Epoch  282/5000: score=19.006901 loss=-0.372657 valid=1.0000 routes=16.102 grad=2.7076 seconds=129.7
Epoch  283/5000: score=19.090902 loss=-0.379209 valid=1.0000 routes=15.795 grad=2.8102 seconds=130.1
Epoch  284/5000: score=18.896771 loss=-0.371195 valid=1.0000 routes=16.300 grad=2.6629 seconds=130.0
Epoch  285/5000: score=18.281665 loss=-0.370162 valid=1.0000 routes=16.303 grad=2.6576 seconds=130.5
Epoch  286/5000: score=18.577701 loss=-0.351563 valid=1.0000 routes=16.507 grad=2.6124 seconds=129.9
Epoch  287/5000: score=19.768266 loss=-0.375354 valid=1.0000 routes=16.948 grad=2.9727 seconds=130.0
Epoch  288/5000: score=19.777133 loss=-0.383164 valid=1.0000 routes=17.372 grad=2.9265 seconds=130.4
Epoch  289/5000: score=19.007440 loss=-0.372842 valid=1.0000 routes=16.989 grad=2.7285 seconds=129.7
Epoch  290/5000: score=18.925221 loss=-0.368119 valid=1.0000 routes=17.029 grad=2.7846 seconds=130.2
Epoch  291/5000: score=19.383758 loss=-0.377371 valid=1.0000 routes=17.178 grad=2.8188 seconds=130.6
Epoch  292/5000: score=17.980475 loss=-0.376779 valid=1.0000 routes=15.873 grad=2.5146 seconds=129.6
Epoch  293/5000: score=19.789498 loss=-0.377373 valid=1.0000 routes=17.929 grad=2.9407 seconds=129.3
Epoch  294/5000: score=18.955623 loss=-0.368750 valid=1.0000 routes=17.542 grad=2.7789 seconds=128.7
Epoch  295/5000: score=17.641051 loss=-0.361695 valid=1.0000 routes=15.303 grad=2.4157 seconds=129.0
Epoch  296/5000: score=19.400677 loss=-0.365723 valid=1.0000 routes=17.391 grad=2.8436 seconds=128.5
Epoch  297/5000: score=18.196471 loss=-0.367752 valid=1.0000 routes=16.214 grad=2.5175 seconds=128.5
Epoch  298/5000: score=19.463771 loss=-0.372491 valid=1.0000 routes=17.648 grad=2.8629 seconds=128.1
Epoch  299/5000: score=21.119359 loss=-0.390453 valid=1.0000 routes=18.030 grad=3.1785 seconds=128.8
Epoch  300/5000: score=19.899359 loss=-0.383889 valid=1.0000 routes=17.533 grad=2.9213 seconds=128.9
Epoch  301/5000: score=18.425637 loss=-0.357321 valid=1.0000 routes=16.738 grad=2.6338 seconds=129.5
Epoch  302/5000: score=18.126172 loss=-0.355207 valid=1.0000 routes=16.205 grad=2.5317 seconds=130.5
Epoch  303/5000: score=19.240073 loss=-0.372683 valid=1.0000 routes=17.366 grad=2.8966 seconds=131.3
Epoch  304/5000: score=18.980654 loss=-0.367611 valid=1.0000 routes=16.907 grad=2.7410 seconds=130.5
Epoch  305/5000: score=19.797873 loss=-0.370643 valid=1.0000 routes=17.315 grad=2.8449 seconds=129.8
Epoch  306/5000: score=18.228681 loss=-0.363886 valid=1.0000 routes=15.688 grad=2.5621 seconds=131.3
Epoch  307/5000: score=19.276999 loss=-0.371632 valid=1.0000 routes=16.366 grad=2.8256 seconds=131.9
Epoch  308/5000: score=18.991492 loss=-0.352970 valid=1.0000 routes=17.256 grad=2.7119 seconds=130.5
Epoch  309/5000: score=17.905964 loss=-0.357759 valid=1.0000 routes=15.847 grad=2.4820 seconds=129.9
Epoch  310/5000: score=17.698525 loss=-0.358924 valid=1.0000 routes=16.126 grad=2.5172 seconds=129.6
Epoch  311/5000: score=20.165717 loss=-0.376849 valid=1.0000 routes=17.425 grad=3.0411 seconds=129.2
Epoch  312/5000: score=19.187005 loss=-0.356958 valid=1.0000 routes=17.632 grad=2.7905 seconds=129.2
Epoch  313/5000: score=18.514896 loss=-0.358934 valid=1.0000 routes=16.791 grad=2.6431 seconds=130.4
Epoch  314/5000: score=19.370749 loss=-0.365506 valid=1.0000 routes=17.381 grad=2.9106 seconds=129.4
Epoch  315/5000: score=18.766741 loss=-0.367276 valid=1.0000 routes=16.595 grad=2.7102 seconds=129.6
Epoch  316/5000: score=18.978901 loss=-0.360643 valid=1.0000 routes=17.245 grad=2.7990 seconds=130.6
Epoch  317/5000: score=18.238413 loss=-0.341672 valid=1.0000 routes=16.139 grad=2.5993 seconds=130.0
Epoch  318/5000: score=18.585872 loss=-0.362697 valid=1.0000 routes=16.224 grad=2.6118 seconds=130.3
Epoch  319/5000: score=18.917395 loss=-0.359163 valid=1.0000 routes=16.795 grad=2.7307 seconds=130.0
Epoch  320/5000: score=19.241805 loss=-0.356131 valid=1.0000 routes=18.017 grad=2.8133 seconds=130.7
Epoch  321/5000: score=19.527084 loss=-0.372281 valid=1.0000 routes=17.465 grad=2.8926 seconds=130.2
Epoch  322/5000: score=17.879963 loss=-0.351761 valid=1.0000 routes=15.778 grad=2.4069 seconds=130.1
Epoch  323/5000: score=18.790469 loss=-0.357171 valid=1.0000 routes=16.285 grad=2.6938 seconds=130.2
Epoch  324/5000: score=18.100045 loss=-0.349770 valid=1.0000 routes=15.798 grad=2.4888 seconds=130.6
Epoch  325/5000: score=19.260304 loss=-0.363643 valid=1.0000 routes=18.254 grad=2.9193 seconds=130.3
Epoch  326/5000: score=18.457363 loss=-0.353447 valid=1.0000 routes=16.889 grad=2.6143 seconds=129.8
Epoch  327/5000: score=19.794677 loss=-0.366491 valid=1.0000 routes=17.128 grad=2.8442 seconds=130.0
Epoch  328/5000: score=18.034166 loss=-0.339241 valid=1.0000 routes=16.466 grad=2.4184 seconds=129.8
Epoch  329/5000: score=18.006389 loss=-0.357597 valid=1.0000 routes=15.696 grad=2.5835 seconds=130.7
Epoch  330/5000: score=19.223799 loss=-0.371174 valid=1.0000 routes=16.180 grad=2.8342 seconds=130.7
Epoch  331/5000: score=19.377207 loss=-0.359224 valid=1.0000 routes=17.593 grad=2.8336 seconds=130.1
Epoch  332/5000: score=18.486711 loss=-0.349966 valid=1.0000 routes=16.519 grad=2.6196 seconds=129.9
Epoch  333/5000: score=19.594076 loss=-0.350232 valid=1.0000 routes=17.963 grad=2.8175 seconds=129.7
Epoch  334/5000: score=19.226561 loss=-0.354137 valid=1.0000 routes=16.723 grad=2.6660 seconds=129.4
Epoch  335/5000: score=18.697027 loss=-0.347116 valid=1.0000 routes=17.152 grad=2.6731 seconds=130.6
Epoch  336/5000: score=18.327558 loss=-0.335793 valid=1.0000 routes=15.977 grad=2.3929 seconds=128.2
Epoch  337/5000: score=19.606495 loss=-0.368631 valid=1.0000 routes=18.222 grad=2.9441 seconds=128.0
Epoch  338/5000: score=19.310827 loss=-0.337798 valid=1.0000 routes=17.403 grad=2.6230 seconds=128.3
Epoch  339/5000: score=18.637599 loss=-0.349315 valid=1.0000 routes=16.946 grad=2.6181 seconds=129.3
Epoch  340/5000: score=19.491322 loss=-0.351471 valid=1.0000 routes=17.729 grad=2.7849 seconds=128.3
Epoch  341/5000: score=18.116943 loss=-0.347727 valid=1.0000 routes=16.264 grad=2.4743 seconds=127.9
Epoch  342/5000: score=18.346709 loss=-0.351819 valid=1.0000 routes=16.526 grad=2.5735 seconds=128.0
Epoch  343/5000: score=20.150810 loss=-0.364135 valid=1.0000 routes=17.613 grad=3.0330 seconds=128.8
Epoch  344/5000: score=18.813044 loss=-0.355659 valid=1.0000 routes=18.522 grad=2.7507 seconds=127.8
Epoch  345/5000: score=19.086865 loss=-0.362168 valid=1.0000 routes=16.602 grad=2.8084 seconds=133.6
Epoch  346/5000: score=18.484402 loss=-0.360633 valid=1.0000 routes=16.114 grad=2.6115 seconds=131.2
Epoch  347/5000: score=19.384429 loss=-0.366771 valid=1.0000 routes=17.537 grad=2.9224 seconds=131.0
Epoch  348/5000: score=18.489300 loss=-0.363815 valid=1.0000 routes=15.564 grad=2.6203 seconds=130.4
Epoch  349/5000: score=19.905792 loss=-0.361148 valid=1.0000 routes=16.843 grad=3.0191 seconds=131.9
Epoch  350/5000: score=19.925066 loss=-0.354048 valid=1.0000 routes=17.927 grad=2.8923 seconds=130.7
Epoch  351/5000: score=18.869105 loss=-0.348722 valid=1.0000 routes=17.106 grad=2.7044 seconds=131.1
Epoch  352/5000: score=19.680260 loss=-0.374560 valid=1.0000 routes=16.903 grad=2.8657 seconds=130.9
Epoch  353/5000: score=18.680107 loss=-0.350461 valid=1.0000 routes=16.975 grad=2.6575 seconds=131.5
Epoch  354/5000: score=18.464592 loss=-0.354997 valid=1.0000 routes=17.011 grad=2.6445 seconds=131.8
Epoch  355/5000: score=19.193840 loss=-0.341934 valid=1.0000 routes=16.951 grad=2.6919 seconds=131.2
Epoch  356/5000: score=17.840084 loss=-0.341003 valid=1.0000 routes=16.006 grad=2.4531 seconds=131.1
Epoch  357/5000: score=18.725702 loss=-0.353561 valid=1.0000 routes=15.875 grad=2.6749 seconds=130.9
Epoch  358/5000: score=20.389227 loss=-0.370698 valid=1.0000 routes=18.589 grad=3.0801 seconds=130.5
Epoch  359/5000: score=18.757952 loss=-0.335205 valid=1.0000 routes=16.176 grad=2.6055 seconds=130.1
Epoch  360/5000: score=18.925491 loss=-0.358282 valid=1.0000 routes=16.280 grad=2.7587 seconds=130.5
Epoch  361/5000: score=18.536453 loss=-0.339556 valid=1.0000 routes=17.252 grad=2.6088 seconds=130.0
Epoch  362/5000: score=18.654053 loss=-0.344164 valid=1.0000 routes=16.527 grad=2.6482 seconds=129.9
Epoch  363/5000: score=18.492529 loss=-0.336307 valid=1.0000 routes=16.875 grad=2.5366 seconds=128.9
Epoch  364/5000: score=18.508662 loss=-0.341627 valid=1.0000 routes=17.023 grad=2.6211 seconds=129.9
Epoch  365/5000: score=19.782663 loss=-0.357370 valid=1.0000 routes=17.279 grad=2.8886 seconds=129.4
Epoch  366/5000: score=18.891903 loss=-0.356418 valid=1.0000 routes=16.257 grad=2.6198 seconds=129.8
Epoch  367/5000: score=18.954047 loss=-0.353492 valid=1.0000 routes=16.803 grad=2.6483 seconds=129.2
Epoch  368/5000: score=18.399269 loss=-0.350170 valid=1.0000 routes=16.421 grad=2.6351 seconds=130.3
Epoch  369/5000: score=18.097812 loss=-0.335234 valid=1.0000 routes=16.803 grad=2.5465 seconds=130.7
Epoch  370/5000: score=19.144735 loss=-0.344548 valid=1.0000 routes=17.229 grad=2.7466 seconds=129.9
Epoch  371/5000: score=19.726082 loss=-0.366365 valid=1.0000 routes=17.315 grad=2.8570 seconds=129.4
Epoch  372/5000: score=17.798671 loss=-0.340854 valid=1.0000 routes=15.735 grad=2.4020 seconds=129.0
Epoch  373/5000: score=19.356849 loss=-0.342996 valid=1.0000 routes=18.009 grad=2.7577 seconds=128.8
Epoch  374/5000: score=19.258997 loss=-0.336280 valid=1.0000 routes=17.294 grad=2.7406 seconds=129.4
Epoch  375/5000: score=19.818049 loss=-0.366605 valid=1.0000 routes=17.058 grad=3.0017 seconds=129.9
Epoch  376/5000: score=18.773200 loss=-0.348190 valid=1.0000 routes=16.759 grad=2.6242 seconds=129.8
Epoch  377/5000: score=19.414477 loss=-0.347314 valid=1.0000 routes=17.867 grad=2.8516 seconds=130.0
Epoch  378/5000: score=18.427909 loss=-0.339344 valid=1.0000 routes=15.929 grad=2.6119 seconds=129.6
Epoch  379/5000: score=18.904925 loss=-0.346668 valid=1.0000 routes=16.510 grad=2.6221 seconds=128.8
Epoch  380/5000: score=18.871937 loss=-0.339670 valid=1.0000 routes=16.927 grad=2.6723 seconds=129.8
Epoch  381/5000: score=18.636625 loss=-0.345216 valid=1.0000 routes=16.087 grad=2.6222 seconds=130.4
Epoch  382/5000: score=19.656725 loss=-0.341482 valid=1.0000 routes=17.351 grad=2.8197 seconds=130.7
Epoch  383/5000: score=20.221137 loss=-0.347274 valid=1.0000 routes=18.825 grad=3.0345 seconds=130.2
Epoch  384/5000: score=18.274798 loss=-0.335905 valid=1.0000 routes=16.294 grad=2.4838 seconds=130.4
Epoch  385/5000: score=18.791903 loss=-0.325839 valid=1.0000 routes=16.951 grad=2.5882 seconds=129.8
Epoch  386/5000: score=18.487801 loss=-0.349392 valid=1.0000 routes=16.660 grad=2.6094 seconds=130.0
Epoch  387/5000: score=18.064469 loss=-0.328686 valid=1.0000 routes=16.044 grad=2.4646 seconds=129.6
Epoch  388/5000: score=18.914238 loss=-0.345957 valid=1.0000 routes=16.269 grad=2.6004 seconds=129.7
Epoch  389/5000: score=18.487212 loss=-0.334918 valid=1.0000 routes=16.740 grad=2.5992 seconds=130.7
Epoch  390/5000: score=17.926497 loss=-0.324440 valid=1.0000 routes=16.499 grad=2.4553 seconds=130.2
Epoch  391/5000: score=18.120523 loss=-0.352023 valid=1.0000 routes=15.502 grad=2.6010 seconds=129.9
Epoch  392/5000: score=19.632734 loss=-0.342363 valid=1.0000 routes=17.751 grad=2.8777 seconds=128.9
Epoch  393/5000: score=19.801548 loss=-0.352113 valid=1.0000 routes=17.871 grad=2.9576 seconds=130.2
Epoch  394/5000: score=18.600116 loss=-0.345328 valid=1.0000 routes=16.443 grad=2.5672 seconds=130.7
Epoch  395/5000: score=18.657348 loss=-0.342031 valid=1.0000 routes=16.142 grad=2.5880 seconds=131.5
Epoch  396/5000: score=18.669988 loss=-0.341926 valid=1.0000 routes=16.492 grad=2.5826 seconds=130.2
Epoch  397/5000: score=19.220306 loss=-0.341406 valid=1.0000 routes=16.692 grad=2.7093 seconds=132.2
Epoch  398/5000: score=19.158012 loss=-0.353236 valid=1.0000 routes=16.678 grad=2.6599 seconds=130.5
Epoch  399/5000: score=18.035071 loss=-0.335456 valid=1.0000 routes=15.345 grad=2.4065 seconds=130.9
Epoch  400/5000: score=18.527998 loss=-0.338664 valid=1.0000 routes=16.184 grad=2.6282 seconds=131.4
Epoch  401/5000: score=18.763096 loss=-0.344731 valid=1.0000 routes=16.599 grad=2.6564 seconds=130.4
Epoch  402/5000: score=18.686971 loss=-0.331479 valid=1.0000 routes=17.559 grad=2.6480 seconds=130.1
Epoch  403/5000: score=18.822625 loss=-0.329272 valid=1.0000 routes=17.044 grad=2.6830 seconds=132.9
Epoch  404/5000: score=18.851473 loss=-0.349155 valid=1.0000 routes=16.963 grad=2.6853 seconds=129.7
Epoch  405/5000: score=19.358645 loss=-0.351740 valid=1.0000 routes=16.835 grad=2.7834 seconds=130.5
Epoch  406/5000: score=19.793634 loss=-0.349929 valid=1.0000 routes=16.226 grad=2.7779 seconds=129.9
Epoch  407/5000: score=19.705987 loss=-0.350893 valid=1.0000 routes=17.720 grad=2.8918 seconds=130.5
Epoch  408/5000: score=18.998071 loss=-0.340319 valid=1.0000 routes=16.921 grad=2.6483 seconds=129.8
Epoch  409/5000: score=18.947874 loss=-0.334742 valid=1.0000 routes=16.823 grad=2.6380 seconds=129.6
Epoch  410/5000: score=17.775965 loss=-0.339568 valid=1.0000 routes=15.438 grad=2.4281 seconds=129.5
Epoch  411/5000: score=18.668094 loss=-0.336814 valid=1.0000 routes=16.732 grad=2.6823 seconds=128.5
Epoch  412/5000: score=18.853881 loss=-0.333496 valid=1.0000 routes=17.442 grad=2.6369 seconds=127.9
Epoch  413/5000: score=19.044656 loss=-0.349628 valid=1.0000 routes=17.079 grad=2.7481 seconds=128.8
Epoch  414/5000: score=19.517530 loss=-0.350755 valid=1.0000 routes=17.939 grad=2.8252 seconds=127.8
Epoch  415/5000: score=19.112232 loss=-0.340611 valid=1.0000 routes=17.431 grad=2.6948 seconds=128.3
Epoch  416/5000: score=19.044668 loss=-0.339115 valid=1.0000 routes=17.221 grad=2.6848 seconds=127.4
Epoch  417/5000: score=19.072628 loss=-0.340606 valid=1.0000 routes=16.429 grad=2.6785 seconds=127.1
Epoch  418/5000: score=19.135682 loss=-0.333535 valid=1.0000 routes=17.722 grad=2.7223 seconds=129.1
Epoch  419/5000: score=17.814982 loss=-0.323868 valid=1.0000 routes=15.991 grad=2.3579 seconds=128.6
Epoch  420/5000: score=18.658933 loss=-0.323315 valid=1.0000 routes=16.668 grad=2.4992 seconds=128.7
Epoch  421/5000: score=19.433028 loss=-0.347451 valid=1.0000 routes=16.643 grad=2.8219 seconds=129.1
Epoch  422/5000: score=18.633904 loss=-0.337772 valid=1.0000 routes=16.438 grad=2.6752 seconds=129.8
Epoch  423/5000: score=18.373448 loss=-0.335160 valid=1.0000 routes=16.159 grad=2.6304 seconds=130.9
Epoch  424/5000: score=19.596523 loss=-0.354677 valid=1.0000 routes=17.106 grad=2.8798 seconds=130.8
Epoch  425/5000: score=18.920626 loss=-0.341591 valid=1.0000 routes=16.372 grad=2.6501 seconds=129.6
Epoch  426/5000: score=18.756712 loss=-0.345725 valid=1.0000 routes=16.239 grad=2.5762 seconds=129.2
Epoch  427/5000: score=17.828903 loss=-0.328006 valid=1.0000 routes=15.550 grad=2.4282 seconds=129.6
Epoch  428/5000: score=20.346807 loss=-0.356115 valid=1.0000 routes=18.043 grad=3.0331 seconds=129.4
Epoch  429/5000: score=18.436580 loss=-0.340296 valid=1.0000 routes=15.994 grad=2.5586 seconds=128.7
Epoch  430/5000: score=18.761837 loss=-0.327637 valid=1.0000 routes=17.203 grad=2.6165 seconds=129.4
Epoch  431/5000: score=19.190730 loss=-0.332883 valid=1.0000 routes=17.416 grad=2.6865 seconds=129.7
Epoch  432/5000: score=18.441959 loss=-0.333747 valid=1.0000 routes=16.939 grad=2.5892 seconds=129.7
Epoch  433/5000: score=18.959718 loss=-0.339437 valid=1.0000 routes=17.218 grad=2.6994 seconds=128.3
Epoch  434/5000: score=19.200687 loss=-0.340705 valid=1.0000 routes=16.915 grad=2.7273 seconds=128.9
Epoch  435/5000: score=18.495906 loss=-0.344285 valid=1.0000 routes=16.140 grad=2.5233 seconds=130.3
Epoch  436/5000: score=18.998415 loss=-0.331163 valid=1.0000 routes=17.135 grad=2.6052 seconds=130.5
Epoch  437/5000: score=18.481412 loss=-0.316025 valid=1.0000 routes=17.223 grad=2.4860 seconds=131.2
Epoch  438/5000: score=17.735609 loss=-0.318309 valid=1.0000 routes=14.756 grad=2.2526 seconds=131.4
Epoch  439/5000: score=18.738136 loss=-0.343111 valid=1.0000 routes=17.054 grad=2.7187 seconds=131.2
Epoch  440/5000: score=20.855062 loss=-0.351210 valid=1.0000 routes=18.450 grad=3.1685 seconds=131.2
Epoch  441/5000: score=18.989546 loss=-0.336675 valid=1.0000 routes=17.605 grad=2.6887 seconds=131.0
Epoch  442/5000: score=18.472660 loss=-0.333357 valid=1.0000 routes=16.439 grad=2.5035 seconds=131.5
Epoch  443/5000: score=19.342769 loss=-0.348569 valid=1.0000 routes=16.867 grad=2.7549 seconds=131.7
Epoch  444/5000: score=18.660130 loss=-0.333452 valid=1.0000 routes=17.106 grad=2.5814 seconds=130.6
Epoch  445/5000: score=18.600972 loss=-0.333650 valid=1.0000 routes=17.083 grad=2.6067 seconds=130.5
Epoch  446/5000: score=19.093449 loss=-0.337942 valid=1.0000 routes=17.372 grad=2.6987 seconds=131.6
Epoch  447/5000: score=18.945990 loss=-0.341783 valid=1.0000 routes=17.216 grad=2.7380 seconds=130.7
Epoch  448/5000: score=19.373041 loss=-0.341969 valid=1.0000 routes=16.525 grad=2.6816 seconds=130.2
Epoch  449/5000: score=19.685474 loss=-0.363346 valid=1.0000 routes=16.732 grad=2.7962 seconds=130.1
Epoch  450/5000: score=18.976546 loss=-0.344382 valid=1.0000 routes=17.020 grad=2.6931 seconds=131.6
Epoch  451/5000: score=18.824337 loss=-0.345725 valid=1.0000 routes=16.515 grad=2.5924 seconds=131.6
Epoch  452/5000: score=19.559043 loss=-0.347149 valid=1.0000 routes=17.213 grad=2.7636 seconds=131.9
Epoch  453/5000: score=19.016012 loss=-0.340979 valid=1.0000 routes=16.130 grad=2.6508 seconds=131.8
Epoch  454/5000: score=19.929930 loss=-0.344443 valid=1.0000 routes=18.207 grad=2.9094 seconds=131.1
Epoch  455/5000: score=18.867252 loss=-0.327082 valid=1.0000 routes=17.035 grad=2.6240 seconds=129.1
Epoch  456/5000: score=18.938577 loss=-0.350146 valid=1.0000 routes=16.938 grad=2.6947 seconds=129.3
Epoch  457/5000: score=18.891470 loss=-0.333653 valid=1.0000 routes=17.230 grad=2.6724 seconds=129.1
Epoch  458/5000: score=19.266564 loss=-0.338383 valid=1.0000 routes=17.121 grad=2.6141 seconds=129.0
Epoch  459/5000: score=19.112335 loss=-0.345902 valid=1.0000 routes=17.680 grad=2.7388 seconds=131.3
Epoch  460/5000: score=18.628431 loss=-0.345450 valid=1.0000 routes=15.455 grad=2.5338 seconds=130.8
Epoch  461/5000: score=19.387136 loss=-0.345808 valid=1.0000 routes=17.007 grad=2.7751 seconds=129.8
Epoch  462/5000: score=18.203200 loss=-0.345059 valid=1.0000 routes=16.592 grad=2.6129 seconds=129.9
Epoch  463/5000: score=18.545131 loss=-0.326299 valid=1.0000 routes=15.918 grad=2.5343 seconds=129.9
Epoch  464/5000: score=18.621109 loss=-0.332045 valid=1.0000 routes=15.611 grad=2.5229 seconds=130.4
Epoch  465/5000: score=19.445743 loss=-0.342930 valid=1.0000 routes=16.825 grad=2.6790 seconds=129.5
Epoch  466/5000: score=19.210776 loss=-0.337254 valid=1.0000 routes=17.820 grad=2.7593 seconds=129.9
Epoch  467/5000: score=19.452750 loss=-0.343307 valid=1.0000 routes=17.112 grad=2.8366 seconds=130.5
Epoch  468/5000: score=20.025597 loss=-0.334352 valid=1.0000 routes=18.267 grad=2.8988 seconds=130.0
Epoch  469/5000: score=19.390816 loss=-0.327521 valid=1.0000 routes=17.965 grad=2.7550 seconds=130.5
Epoch  470/5000: score=21.171860 loss=-0.340463 valid=1.0000 routes=18.303 grad=3.0704 seconds=130.0
Epoch  471/5000: score=20.027756 loss=-0.348400 valid=1.0000 routes=17.205 grad=2.8749 seconds=130.4
Epoch  472/5000: score=18.765769 loss=-0.322158 valid=1.0000 routes=16.508 grad=2.5380 seconds=130.7
Epoch  473/5000: score=18.747852 loss=-0.326020 valid=1.0000 routes=16.368 grad=2.5188 seconds=131.2
>> Invalid instances, Re-generating ...
Epoch  474/5000: score=18.560024 loss=-0.328305 valid=1.0000 routes=16.369 grad=2.4890 seconds=131.0
Epoch  475/5000: score=18.931072 loss=-0.332363 valid=1.0000 routes=16.035 grad=2.6274 seconds=131.3
Epoch  476/5000: score=19.330428 loss=-0.346599 valid=1.0000 routes=16.816 grad=2.8209 seconds=130.7
Epoch  477/5000: score=18.852503 loss=-0.343718 valid=1.0000 routes=16.320 grad=2.7244 seconds=132.1
Epoch  478/5000: score=17.376444 loss=-0.327733 valid=1.0000 routes=14.301 grad=2.2601 seconds=130.2
Epoch  479/5000: score=18.879512 loss=-0.332347 valid=1.0000 routes=17.130 grad=2.6584 seconds=129.8
Epoch  480/5000: score=19.513415 loss=-0.333154 valid=1.0000 routes=17.511 grad=2.7257 seconds=130.7
Epoch  481/5000: score=20.448598 loss=-0.336571 valid=1.0000 routes=18.647 grad=2.9701 seconds=130.5
Epoch  482/5000: score=17.922456 loss=-0.332048 valid=1.0000 routes=16.734 grad=2.4504 seconds=130.4
Epoch  483/5000: score=18.326938 loss=-0.331545 valid=1.0000 routes=15.343 grad=2.3935 seconds=130.1
Epoch  484/5000: score=18.330100 loss=-0.319260 valid=1.0000 routes=16.897 grad=2.5201 seconds=130.7
Epoch  485/5000: score=19.681545 loss=-0.338302 valid=1.0000 routes=18.402 grad=2.8166 seconds=130.5
Epoch  486/5000: score=19.382515 loss=-0.327074 valid=1.0000 routes=17.451 grad=2.7115 seconds=130.6
Epoch  487/5000: score=19.372356 loss=-0.330257 valid=1.0000 routes=17.398 grad=2.7781 seconds=130.4
Epoch  488/5000: score=18.882680 loss=-0.331395 valid=1.0000 routes=17.093 grad=2.6495 seconds=130.1
Epoch  489/5000: score=18.571822 loss=-0.322821 valid=1.0000 routes=16.710 grad=2.5025 seconds=131.9
Epoch  490/5000: score=19.626952 loss=-0.334399 valid=1.0000 routes=17.196 grad=2.8222 seconds=130.1
Epoch  491/5000: score=18.318370 loss=-0.336265 valid=1.0000 routes=16.015 grad=2.5000 seconds=130.7
Epoch  492/5000: score=19.050207 loss=-0.317893 valid=1.0000 routes=17.747 grad=2.6272 seconds=130.3
Epoch  493/5000: score=19.320688 loss=-0.339834 valid=1.0000 routes=17.201 grad=2.7359 seconds=132.3
Epoch  494/5000: score=19.334778 loss=-0.330306 valid=1.0000 routes=17.186 grad=2.7160 seconds=131.3
Epoch  495/5000: score=18.630780 loss=-0.340081 valid=1.0000 routes=16.507 grad=2.6426 seconds=130.6
Epoch  496/5000: score=19.630035 loss=-0.343515 valid=1.0000 routes=17.168 grad=2.7894 seconds=130.9
Epoch  497/5000: score=19.427645 loss=-0.332422 valid=1.0000 routes=17.375 grad=2.7315 seconds=129.6
Epoch  498/5000: score=19.377265 loss=-0.332568 valid=1.0000 routes=16.114 grad=2.6803 seconds=130.3
Epoch  499/5000: score=19.596131 loss=-0.331085 valid=1.0000 routes=18.436 grad=2.7864 seconds=131.5
Epoch  500/5000: score=18.390716 loss=-0.335541 valid=1.0000 routes=16.111 grad=2.4885 seconds=131.4
Epoch  501/5000: score=19.458627 loss=-0.336146 valid=1.0000 routes=17.881 grad=2.8082 seconds=131.6
Epoch  502/5000: score=18.233456 loss=-0.320400 valid=1.0000 routes=16.696 grad=2.4144 seconds=131.8
Epoch  503/5000: score=20.112159 loss=-0.357655 valid=1.0000 routes=18.310 grad=2.9435 seconds=130.4
Epoch  504/5000: score=19.225828 loss=-0.343139 valid=1.0000 routes=16.599 grad=2.7022 seconds=130.4
Epoch  505/5000: score=20.041392 loss=-0.352502 valid=1.0000 routes=17.249 grad=2.9004 seconds=130.0
Epoch  506/5000: score=18.298550 loss=-0.330399 valid=1.0000 routes=15.950 grad=2.4927 seconds=131.0
Epoch  507/5000: score=19.411388 loss=-0.339963 valid=1.0000 routes=18.049 grad=2.7761 seconds=129.6
Epoch  508/5000: score=19.100632 loss=-0.333722 valid=1.0000 routes=17.639 grad=2.6688 seconds=129.5
Epoch  509/5000: score=18.977969 loss=-0.316470 valid=1.0000 routes=17.474 grad=2.5469 seconds=130.6
Epoch  510/5000: score=19.239520 loss=-0.332887 valid=1.0000 routes=18.046 grad=2.7306 seconds=130.1
Epoch  511/5000: score=19.529997 loss=-0.341848 valid=1.0000 routes=17.067 grad=2.8053 seconds=130.3
Epoch  512/5000: score=19.706300 loss=-0.323516 valid=1.0000 routes=18.472 grad=2.7840 seconds=130.0
Epoch  513/5000: score=19.207842 loss=-0.327757 valid=1.0000 routes=16.710 grad=2.6489 seconds=130.9
Epoch  514/5000: score=18.781484 loss=-0.326957 valid=1.0000 routes=16.545 grad=2.6034 seconds=131.6
Epoch  515/5000: score=19.317845 loss=-0.316344 valid=1.0000 routes=16.914 grad=2.6081 seconds=130.1
Epoch  516/5000: score=18.814077 loss=-0.318859 valid=1.0000 routes=16.768 grad=2.5315 seconds=130.6
Epoch  517/5000: score=17.650312 loss=-0.320190 valid=1.0000 routes=15.963 grad=2.3489 seconds=131.0
Epoch  518/5000: score=19.321152 loss=-0.322492 valid=1.0000 routes=17.534 grad=2.6998 seconds=131.3
Epoch  519/5000: score=19.074194 loss=-0.331680 valid=1.0000 routes=16.827 grad=2.6427 seconds=131.3
Epoch  520/5000: score=19.544286 loss=-0.350793 valid=1.0000 routes=16.902 grad=2.7411 seconds=131.4
Epoch  521/5000: score=18.529569 loss=-0.339017 valid=1.0000 routes=16.089 grad=2.5758 seconds=131.3
Epoch  522/5000: score=19.118186 loss=-0.329017 valid=1.0000 routes=16.096 grad=2.5847 seconds=131.0
Epoch  523/5000: score=19.203666 loss=-0.333763 valid=1.0000 routes=18.308 grad=2.7474 seconds=130.9
Epoch  524/5000: score=19.311996 loss=-0.332534 valid=1.0000 routes=16.926 grad=2.6651 seconds=130.8
Epoch  525/5000: score=19.714482 loss=-0.339936 valid=1.0000 routes=17.572 grad=2.8251 seconds=130.8
Epoch  526/5000: score=18.167467 loss=-0.322426 valid=1.0000 routes=17.174 grad=2.5126 seconds=129.2
Epoch  527/5000: score=18.690305 loss=-0.332912 valid=1.0000 routes=16.692 grad=2.5657 seconds=129.4
Epoch  528/5000: score=18.703017 loss=-0.330255 valid=1.0000 routes=16.159 grad=2.5863 seconds=129.1
Epoch  529/5000: score=18.913529 loss=-0.330297 valid=1.0000 routes=16.852 grad=2.5716 seconds=128.8
Epoch  530/5000: score=19.277130 loss=-0.326425 valid=1.0000 routes=15.566 grad=2.5927 seconds=129.5
Epoch  531/5000: score=19.855267 loss=-0.326444 valid=1.0000 routes=18.095 grad=2.8153 seconds=129.0
Epoch  532/5000: score=20.151392 loss=-0.331416 valid=1.0000 routes=17.794 grad=2.9355 seconds=129.2
Epoch  533/5000: score=19.115534 loss=-0.327999 valid=1.0000 routes=17.048 grad=2.6313 seconds=129.1
Epoch  534/5000: score=17.990123 loss=-0.320283 valid=1.0000 routes=16.454 grad=2.4667 seconds=129.2
Epoch  535/5000: score=18.586763 loss=-0.325914 valid=1.0000 routes=16.360 grad=2.5669 seconds=131.5
Epoch  536/5000: score=19.437704 loss=-0.325722 valid=1.0000 routes=17.501 grad=2.6945 seconds=129.0
Epoch  537/5000: score=18.652858 loss=-0.340737 valid=1.0000 routes=15.882 grad=2.5443 seconds=129.3
Epoch  538/5000: score=18.645065 loss=-0.322032 valid=1.0000 routes=16.635 grad=2.5096 seconds=130.3
Epoch  539/5000: score=18.877332 loss=-0.335671 valid=1.0000 routes=17.130 grad=2.6698 seconds=128.8
Epoch  540/5000: score=18.915457 loss=-0.319413 valid=1.0000 routes=16.182 grad=2.4947 seconds=128.2
Epoch  541/5000: score=19.416399 loss=-0.340924 valid=1.0000 routes=16.875 grad=2.7273 seconds=129.7
Epoch  542/5000: score=19.131820 loss=-0.338432 valid=1.0000 routes=16.110 grad=2.5835 seconds=130.1
Epoch  543/5000: score=18.607112 loss=-0.316999 valid=1.0000 routes=17.345 grad=2.5233 seconds=130.0
Epoch  544/5000: score=19.242690 loss=-0.335201 valid=1.0000 routes=16.713 grad=2.6576 seconds=130.2
Epoch  545/5000: score=18.487686 loss=-0.333728 valid=1.0000 routes=15.741 grad=2.4737 seconds=128.5
Epoch  546/5000: score=19.428993 loss=-0.326383 valid=1.0000 routes=17.616 grad=2.6842 seconds=128.9
Epoch  547/5000: score=18.621200 loss=-0.324946 valid=1.0000 routes=15.985 grad=2.4677 seconds=129.6
Epoch  548/5000: score=20.142881 loss=-0.330821 valid=1.0000 routes=18.892 grad=2.8941 seconds=129.0
Epoch  549/5000: score=17.961967 loss=-0.319616 valid=1.0000 routes=15.667 grad=2.4140 seconds=130.0
Epoch  550/5000: score=19.972712 loss=-0.333896 valid=1.0000 routes=17.995 grad=2.8490 seconds=128.7
Epoch  551/5000: score=20.118902 loss=-0.337703 valid=1.0000 routes=17.569 grad=2.8747 seconds=129.5
Epoch  552/5000: score=19.313992 loss=-0.330913 valid=1.0000 routes=17.002 grad=2.6903 seconds=129.6
Epoch  553/5000: score=18.684157 loss=-0.315077 valid=1.0000 routes=17.032 grad=2.5600 seconds=129.7
Epoch  554/5000: score=18.945007 loss=-0.324555 valid=1.0000 routes=17.172 grad=2.6889 seconds=130.9
Epoch  555/5000: score=18.658374 loss=-0.326616 valid=1.0000 routes=16.621 grad=2.6134 seconds=131.5
Epoch  556/5000: score=18.173979 loss=-0.315201 valid=1.0000 routes=15.804 grad=2.4044 seconds=129.8
Epoch  557/5000: score=19.268572 loss=-0.329508 valid=1.0000 routes=18.101 grad=2.7882 seconds=129.1
Epoch  558/5000: score=18.495853 loss=-0.315584 valid=1.0000 routes=16.687 grad=2.4926 seconds=129.3
Epoch  559/5000: score=18.557454 loss=-0.331313 valid=1.0000 routes=15.546 grad=2.5051 seconds=129.5
Epoch  560/5000: score=20.509828 loss=-0.344169 valid=1.0000 routes=18.191 grad=2.9872 seconds=129.9
Epoch  561/5000: score=18.449361 loss=-0.323266 valid=1.0000 routes=16.660 grad=2.5478 seconds=129.6
Epoch  562/5000: score=17.983435 loss=-0.328265 valid=1.0000 routes=16.199 grad=2.3928 seconds=129.5
Epoch  563/5000: score=18.460118 loss=-0.322565 valid=1.0000 routes=17.001 grad=2.5420 seconds=128.9
Epoch  564/5000: score=17.946206 loss=-0.315972 valid=1.0000 routes=16.821 grad=2.4295 seconds=129.1
Epoch  565/5000: score=19.415254 loss=-0.329759 valid=1.0000 routes=17.837 grad=2.7771 seconds=129.3
Epoch  566/5000: score=19.091428 loss=-0.323384 valid=1.0000 routes=17.038 grad=2.6444 seconds=130.7
Epoch  567/5000: score=19.148019 loss=-0.328125 valid=1.0000 routes=17.365 grad=2.6261 seconds=130.9
Epoch  568/5000: score=19.853002 loss=-0.329157 valid=1.0000 routes=18.120 grad=2.8586 seconds=131.1
Epoch  569/5000: score=19.082556 loss=-0.329696 valid=1.0000 routes=16.476 grad=2.6228 seconds=131.2
Epoch  570/5000: score=19.248330 loss=-0.325038 valid=1.0000 routes=16.704 grad=2.5554 seconds=130.0
Epoch  571/5000: score=18.511756 loss=-0.329875 valid=1.0000 routes=16.447 grad=2.5878 seconds=130.9
Epoch  572/5000: score=17.856557 loss=-0.324306 valid=1.0000 routes=14.837 grad=2.2602 seconds=129.5
Epoch  573/5000: score=18.548360 loss=-0.310113 valid=1.0000 routes=16.839 grad=2.4858 seconds=129.9
Epoch  574/5000: score=17.941447 loss=-0.322615 valid=1.0000 routes=16.419 grad=2.4673 seconds=131.0
Epoch  575/5000: score=18.188429 loss=-0.315771 valid=1.0000 routes=16.301 grad=2.4238 seconds=129.5
Epoch  576/5000: score=19.247222 loss=-0.337220 valid=1.0000 routes=17.254 grad=2.6992 seconds=130.5
Epoch  577/5000: score=18.897260 loss=-0.324790 valid=1.0000 routes=17.174 grad=2.6062 seconds=130.4
Epoch  578/5000: score=19.729938 loss=-0.338387 valid=1.0000 routes=17.536 grad=2.8492 seconds=131.0
Epoch  579/5000: score=17.461605 loss=-0.318645 valid=1.0000 routes=15.585 grad=2.3015 seconds=130.5
Epoch  580/5000: score=18.242067 loss=-0.319702 valid=1.0000 routes=16.954 grad=2.6055 seconds=130.1
Epoch  581/5000: score=20.092095 loss=-0.339951 valid=1.0000 routes=17.261 grad=2.8977 seconds=129.5
Epoch  582/5000: score=19.390990 loss=-0.323914 valid=1.0000 routes=17.462 grad=2.7494 seconds=130.2
Epoch  583/5000: score=19.661461 loss=-0.319194 valid=1.0000 routes=16.971 grad=2.7569 seconds=129.4
Epoch  584/5000: score=18.097794 loss=-0.324168 valid=1.0000 routes=14.997 grad=2.3909 seconds=129.5
Epoch  585/5000: score=18.100699 loss=-0.324771 valid=1.0000 routes=16.609 grad=2.5495 seconds=129.0
Epoch  586/5000: score=20.516522 loss=-0.322467 valid=1.0000 routes=19.206 grad=2.9820 seconds=128.0
Epoch  587/5000: score=18.528675 loss=-0.324423 valid=1.0000 routes=16.201 grad=2.4948 seconds=128.6
Epoch  588/5000: score=18.379448 loss=-0.309449 valid=1.0000 routes=16.101 grad=2.3743 seconds=128.1
Epoch  589/5000: score=19.309643 loss=-0.323856 valid=1.0000 routes=16.645 grad=2.6835 seconds=129.4
Epoch  590/5000: score=17.805615 loss=-0.315049 valid=1.0000 routes=15.329 grad=2.2885 seconds=129.2
Epoch  591/5000: score=18.947597 loss=-0.314913 valid=1.0000 routes=16.834 grad=2.6121 seconds=130.1
Epoch  592/5000: score=18.861800 loss=-0.321414 valid=1.0000 routes=16.428 grad=2.5270 seconds=130.4
Epoch  593/5000: score=18.828159 loss=-0.316624 valid=1.0000 routes=17.182 grad=2.5676 seconds=129.9
Epoch  594/5000: score=19.458097 loss=-0.322726 valid=1.0000 routes=17.473 grad=2.6474 seconds=129.8
Epoch  595/5000: score=18.883449 loss=-0.320319 valid=1.0000 routes=17.403 grad=2.6021 seconds=133.3
Epoch  596/5000: score=20.444111 loss=-0.334772 valid=1.0000 routes=18.043 grad=2.9771 seconds=131.4
Epoch  597/5000: score=18.915656 loss=-0.326918 valid=1.0000 routes=16.800 grad=2.6152 seconds=131.2
Epoch  598/5000: score=19.138523 loss=-0.315748 valid=1.0000 routes=17.218 grad=2.6756 seconds=130.7
Epoch  599/5000: score=18.432470 loss=-0.323495 valid=1.0000 routes=16.144 grad=2.5303 seconds=130.6
Epoch  600/5000: score=19.528663 loss=-0.328233 valid=1.0000 routes=15.932 grad=2.7066 seconds=130.4
Epoch  601/5000: score=19.065636 loss=-0.319255 valid=1.0000 routes=16.408 grad=2.6130 seconds=130.0
Epoch  602/5000: score=18.961830 loss=-0.322455 valid=1.0000 routes=16.231 grad=2.5575 seconds=129.6
Epoch  603/5000: score=19.064329 loss=-0.311912 valid=1.0000 routes=16.773 grad=2.5245 seconds=129.6
Epoch  604/5000: score=19.513190 loss=-0.315284 valid=1.0000 routes=16.842 grad=2.6738 seconds=129.4
Epoch  605/5000: score=19.068421 loss=-0.322207 valid=1.0000 routes=16.522 grad=2.5715 seconds=129.6
Epoch  606/5000: score=18.725290 loss=-0.325733 valid=1.0000 routes=16.112 grad=2.4889 seconds=129.8
Epoch  607/5000: score=18.842105 loss=-0.306011 valid=1.0000 routes=17.898 grad=2.6169 seconds=129.8
Epoch  608/5000: score=19.790092 loss=-0.316297 valid=1.0000 routes=17.964 grad=2.7580 seconds=130.1
Epoch  609/5000: score=18.715655 loss=-0.322676 valid=1.0000 routes=16.756 grad=2.5817 seconds=131.7
Epoch  610/5000: score=18.572072 loss=-0.335430 valid=1.0000 routes=16.218 grad=2.5959 seconds=130.5
Epoch  611/5000: score=18.940193 loss=-0.322955 valid=1.0000 routes=16.812 grad=2.5953 seconds=131.8
Epoch  612/5000: score=19.448127 loss=-0.324370 valid=1.0000 routes=17.050 grad=2.7170 seconds=130.2
Epoch  613/5000: score=20.292665 loss=-0.329863 valid=1.0000 routes=17.232 grad=2.8178 seconds=130.0
Epoch  614/5000: score=18.576884 loss=-0.320005 valid=1.0000 routes=16.546 grad=2.5016 seconds=130.2
>> Invalid instances, Re-generating ...
Epoch  615/5000: score=18.707951 loss=-0.305771 valid=1.0000 routes=16.402 grad=2.4474 seconds=130.4
Epoch  616/5000: score=18.385967 loss=-0.321831 valid=1.0000 routes=16.272 grad=2.5631 seconds=130.2
Epoch  617/5000: score=19.571568 loss=-0.333462 valid=1.0000 routes=16.584 grad=2.7314 seconds=130.8
Epoch  618/5000: score=19.008464 loss=-0.315893 valid=1.0000 routes=15.971 grad=2.5328 seconds=129.8
Epoch  619/5000: score=18.782193 loss=-0.321451 valid=1.0000 routes=15.538 grad=2.5032 seconds=130.8
Epoch  620/5000: score=17.855716 loss=-0.312415 valid=1.0000 routes=15.798 grad=2.3540 seconds=130.1
>> Invalid instances, Re-generating ...
Epoch  621/5000: score=20.035780 loss=-0.331714 valid=1.0000 routes=18.238 grad=2.9454 seconds=131.8
Epoch  622/5000: score=18.582919 loss=-0.313015 valid=1.0000 routes=17.324 grad=2.5900 seconds=131.2
Epoch  623/5000: score=19.270104 loss=-0.340564 valid=1.0000 routes=16.302 grad=2.6874 seconds=130.9
Epoch  624/5000: score=19.177783 loss=-0.321464 valid=1.0000 routes=16.595 grad=2.5934 seconds=130.5
Epoch  625/5000: score=19.296713 loss=-0.329740 valid=1.0000 routes=17.196 grad=2.7089 seconds=131.2
Epoch  626/5000: score=18.221445 loss=-0.317252 valid=1.0000 routes=15.428 grad=2.4302 seconds=130.1
Epoch  627/5000: score=19.584589 loss=-0.310301 valid=1.0000 routes=17.120 grad=2.6712 seconds=129.2
Epoch  628/5000: score=19.113156 loss=-0.314960 valid=1.0000 routes=17.573 grad=2.6638 seconds=129.3
Epoch  629/5000: score=20.362020 loss=-0.327876 valid=1.0000 routes=17.214 grad=2.8616 seconds=129.4
Epoch  630/5000: score=18.577775 loss=-0.323084 valid=1.0000 routes=15.989 grad=2.5412 seconds=129.9
Epoch  631/5000: score=19.090626 loss=-0.308550 valid=1.0000 routes=17.481 grad=2.6601 seconds=129.8
Epoch  632/5000: score=19.387265 loss=-0.321873 valid=1.0000 routes=18.279 grad=2.7271 seconds=129.6
Epoch  633/5000: score=18.953837 loss=-0.320506 valid=1.0000 routes=16.351 grad=2.5808 seconds=130.8
Epoch  634/5000: score=17.748401 loss=-0.323315 valid=1.0000 routes=14.370 grad=2.3144 seconds=129.8
Epoch  635/5000: score=19.976804 loss=-0.321614 valid=1.0000 routes=17.894 grad=2.7703 seconds=129.3
Epoch  636/5000: score=18.302148 loss=-0.309672 valid=1.0000 routes=16.070 grad=2.4044 seconds=129.1
Epoch  637/5000: score=19.059217 loss=-0.317580 valid=1.0000 routes=16.567 grad=2.6841 seconds=129.6
Epoch  638/5000: score=19.676894 loss=-0.308844 valid=1.0000 routes=17.990 grad=2.7706 seconds=128.8
Epoch  639/5000: score=19.369437 loss=-0.315770 valid=1.0000 routes=16.458 grad=2.6799 seconds=128.6
Epoch  640/5000: score=19.360533 loss=-0.312771 valid=1.0000 routes=16.790 grad=2.6382 seconds=128.7
Epoch  641/5000: score=19.053768 loss=-0.317255 valid=1.0000 routes=17.401 grad=2.6751 seconds=129.4
Epoch  642/5000: score=19.401543 loss=-0.314195 valid=1.0000 routes=17.523 grad=2.7981 seconds=129.9
Epoch  643/5000: score=18.934165 loss=-0.319187 valid=1.0000 routes=16.630 grad=2.6268 seconds=129.9
Epoch  644/5000: score=18.844396 loss=-0.314524 valid=1.0000 routes=17.265 grad=2.6387 seconds=129.7
Epoch  645/5000: score=19.101578 loss=-0.303924 valid=1.0000 routes=16.982 grad=2.5907 seconds=129.9
Epoch  646/5000: score=19.410135 loss=-0.325302 valid=1.0000 routes=17.116 grad=2.7358 seconds=130.4
Epoch  647/5000: score=18.241436 loss=-0.311605 valid=1.0000 routes=16.976 grad=2.4698 seconds=130.8
Epoch  648/5000: score=18.952206 loss=-0.310373 valid=1.0000 routes=16.750 grad=2.5875 seconds=130.5
Epoch  649/5000: score=19.616705 loss=-0.319768 valid=1.0000 routes=18.259 grad=2.8061 seconds=130.9
Epoch  650/5000: score=19.396708 loss=-0.312717 valid=1.0000 routes=18.162 grad=2.8293 seconds=131.2
Epoch  651/5000: score=18.464238 loss=-0.308292 valid=1.0000 routes=15.651 grad=2.4179 seconds=131.0
Epoch  652/5000: score=18.424248 loss=-0.313281 valid=1.0000 routes=15.854 grad=2.4569 seconds=132.6
Epoch  653/5000: score=18.542458 loss=-0.317391 valid=1.0000 routes=16.217 grad=2.5779 seconds=132.3
Epoch  654/5000: score=21.156724 loss=-0.335623 valid=1.0000 routes=17.890 grad=3.0266 seconds=130.9
Epoch  655/5000: score=18.848638 loss=-0.302180 valid=1.0000 routes=16.490 grad=2.4544 seconds=131.5
Epoch  656/5000: score=18.388184 loss=-0.312946 valid=1.0000 routes=16.264 grad=2.5044 seconds=131.4
Epoch  657/5000: score=19.459617 loss=-0.317164 valid=1.0000 routes=17.900 grad=2.7513 seconds=130.4
Epoch  658/5000: score=18.436211 loss=-0.314363 valid=1.0000 routes=15.910 grad=2.4502 seconds=131.8
Epoch  659/5000: score=18.950907 loss=-0.307670 valid=1.0000 routes=17.301 grad=2.6196 seconds=130.8
Epoch  660/5000: score=18.349143 loss=-0.305037 valid=1.0000 routes=17.270 grad=2.5004 seconds=131.0
Epoch  661/5000: score=17.959995 loss=-0.315656 valid=1.0000 routes=15.227 grad=2.4210 seconds=131.4
Epoch  662/5000: score=18.740789 loss=-0.297635 valid=1.0000 routes=16.934 grad=2.5083 seconds=131.0
Epoch  663/5000: score=18.743309 loss=-0.292253 valid=1.0000 routes=17.060 grad=2.5034 seconds=129.9
Epoch  664/5000: score=18.230680 loss=-0.320227 valid=1.0000 routes=15.576 grad=2.4138 seconds=130.2
Epoch  665/5000: score=18.953341 loss=-0.305203 valid=1.0000 routes=16.650 grad=2.5986 seconds=129.8
Epoch  666/5000: score=19.156521 loss=-0.317718 valid=1.0000 routes=17.256 grad=2.6757 seconds=129.6
Epoch  667/5000: score=18.884277 loss=-0.303374 valid=1.0000 routes=17.053 grad=2.5441 seconds=128.7
Epoch  668/5000: score=19.893109 loss=-0.330695 valid=1.0000 routes=17.712 grad=2.8292 seconds=128.5
Epoch  669/5000: score=19.032226 loss=-0.303653 valid=1.0000 routes=17.925 grad=2.6218 seconds=128.6
Epoch  670/5000: score=19.603686 loss=-0.306672 valid=1.0000 routes=17.620 grad=2.7130 seconds=130.4
Epoch  671/5000: score=18.364992 loss=-0.301488 valid=1.0000 routes=16.854 grad=2.5363 seconds=131.6
Epoch  672/5000: score=18.678774 loss=-0.308364 valid=1.0000 routes=16.497 grad=2.4842 seconds=130.4
Epoch  673/5000: score=19.090884 loss=-0.308581 valid=1.0000 routes=17.439 grad=2.6568 seconds=129.8
Epoch  674/5000: score=18.302619 loss=-0.301800 valid=1.0000 routes=16.840 grad=2.4744 seconds=129.6
Epoch  675/5000: score=18.067664 loss=-0.308548 valid=1.0000 routes=15.528 grad=2.3814 seconds=130.7
Epoch  676/5000: score=18.894155 loss=-0.312914 valid=1.0000 routes=16.467 grad=2.5876 seconds=131.2
Epoch  677/5000: score=19.654951 loss=-0.311413 valid=1.0000 routes=17.956 grad=2.7565 seconds=130.7
Epoch  678/5000: score=20.031523 loss=-0.303875 valid=1.0000 routes=19.201 grad=2.8118 seconds=131.0
Epoch  679/5000: score=18.005803 loss=-0.307032 valid=1.0000 routes=15.779 grad=2.3053 seconds=131.6
Epoch  680/5000: score=19.822168 loss=-0.309931 valid=1.0000 routes=16.963 grad=2.6932 seconds=130.9
Epoch  681/5000: score=18.102758 loss=-0.304495 valid=1.0000 routes=15.737 grad=2.3841 seconds=131.6
Epoch  682/5000: score=18.745521 loss=-0.308066 valid=1.0000 routes=16.887 grad=2.5233 seconds=131.4
Epoch  683/5000: score=18.669695 loss=-0.317477 valid=1.0000 routes=16.157 grad=2.5443 seconds=131.1
Epoch  684/5000: score=19.916018 loss=-0.307017 valid=1.0000 routes=16.806 grad=2.7070 seconds=130.1
Epoch  685/5000: score=19.598065 loss=-0.316729 valid=1.0000 routes=18.101 grad=2.8637 seconds=129.6
Epoch  686/5000: score=18.343741 loss=-0.307520 valid=1.0000 routes=16.735 grad=2.4220 seconds=129.3
Epoch  687/5000: score=18.667827 loss=-0.308617 valid=1.0000 routes=17.133 grad=2.5534 seconds=129.4
>> Invalid instances, Re-generating ...
Epoch  688/5000: score=19.764969 loss=-0.314394 valid=1.0000 routes=17.886 grad=2.7854 seconds=129.4
Epoch  689/5000: score=19.389427 loss=-0.317118 valid=1.0000 routes=16.731 grad=2.7266 seconds=130.1
Epoch  690/5000: score=19.432051 loss=-0.309295 valid=1.0000 routes=17.297 grad=2.6745 seconds=130.9
Epoch  691/5000: score=18.641524 loss=-0.313024 valid=1.0000 routes=15.848 grad=2.4592 seconds=129.6
Epoch  692/5000: score=18.848768 loss=-0.312670 valid=1.0000 routes=16.734 grad=2.5320 seconds=129.2
Epoch  693/5000: score=18.994517 loss=-0.306750 valid=1.0000 routes=16.587 grad=2.5516 seconds=129.5
Epoch  694/5000: score=18.035753 loss=-0.300784 valid=1.0000 routes=16.173 grad=2.3841 seconds=131.6
Epoch  695/5000: score=19.112591 loss=-0.312570 valid=1.0000 routes=16.643 grad=2.6005 seconds=131.0
Epoch  696/5000: score=19.211924 loss=-0.308978 valid=1.0000 routes=16.302 grad=2.6604 seconds=130.0
Epoch  697/5000: score=19.131027 loss=-0.305682 valid=1.0000 routes=16.461 grad=2.5242 seconds=128.4
Epoch  698/5000: score=19.125444 loss=-0.304803 valid=1.0000 routes=17.706 grad=2.6266 seconds=129.3
Epoch  699/5000: score=18.397371 loss=-0.318210 valid=1.0000 routes=15.835 grad=2.4509 seconds=128.9
Epoch  700/5000: score=19.056132 loss=-0.311466 valid=1.0000 routes=17.538 grad=2.7065 seconds=128.8
Epoch  701/5000: score=18.795510 loss=-0.304406 valid=1.0000 routes=16.753 grad=2.5603 seconds=128.9
Epoch  702/5000: score=18.457561 loss=-0.303728 valid=1.0000 routes=16.901 grad=2.5053 seconds=127.8
Epoch  703/5000: score=19.844787 loss=-0.323100 valid=1.0000 routes=18.109 grad=2.7750 seconds=129.7
Epoch  704/5000: score=19.159123 loss=-0.322687 valid=1.0000 routes=16.081 grad=2.6030 seconds=131.5
Epoch  705/5000: score=20.546267 loss=-0.314823 valid=1.0000 routes=18.470 grad=2.9052 seconds=130.2
Epoch  706/5000: score=18.448079 loss=-0.314800 valid=1.0000 routes=16.022 grad=2.4875 seconds=130.8
Epoch  707/5000: score=20.042088 loss=-0.313146 valid=1.0000 routes=17.607 grad=2.7346 seconds=130.2
Epoch  708/5000: score=19.146719 loss=-0.317106 valid=1.0000 routes=17.168 grad=2.6609 seconds=130.3
Epoch  709/5000: score=19.694338 loss=-0.314902 valid=1.0000 routes=17.719 grad=2.7176 seconds=129.9
Epoch  710/5000: score=18.789804 loss=-0.303528 valid=1.0000 routes=16.924 grad=2.6078 seconds=129.1
Epoch  711/5000: score=19.494277 loss=-0.306398 valid=1.0000 routes=16.732 grad=2.7059 seconds=129.4
Epoch  712/5000: score=19.508053 loss=-0.305434 valid=1.0000 routes=17.685 grad=2.7023 seconds=129.1
Epoch  713/5000: score=18.458301 loss=-0.307621 valid=1.0000 routes=16.230 grad=2.4881 seconds=129.7
Epoch  714/5000: score=18.824394 loss=-0.308051 valid=1.0000 routes=16.590 grad=2.5421 seconds=129.1
Epoch  715/5000: score=18.093373 loss=-0.294301 valid=1.0000 routes=16.054 grad=2.3158 seconds=129.5
Epoch  716/5000: score=18.563513 loss=-0.298789 valid=1.0000 routes=16.572 grad=2.4342 seconds=129.7
Epoch  717/5000: score=18.402984 loss=-0.296570 valid=1.0000 routes=15.712 grad=2.4535 seconds=130.0
Epoch  718/5000: score=17.933855 loss=-0.307324 valid=1.0000 routes=16.556 grad=2.3818 seconds=130.1
Epoch  719/5000: score=19.634924 loss=-0.315551 valid=1.0000 routes=17.154 grad=2.8227 seconds=131.2
Epoch  720/5000: score=19.463000 loss=-0.311236 valid=1.0000 routes=16.839 grad=2.6436 seconds=135.9
Epoch  721/5000: score=19.194132 loss=-0.311522 valid=1.0000 routes=17.302 grad=2.6701 seconds=134.6
Epoch  722/5000: score=19.539186 loss=-0.306026 valid=1.0000 routes=16.734 grad=2.6191 seconds=133.4
Epoch  723/5000: score=19.666435 loss=-0.314680 valid=1.0000 routes=17.658 grad=2.7508 seconds=134.5
Epoch  724/5000: score=19.511837 loss=-0.310224 valid=1.0000 routes=17.285 grad=2.7412 seconds=135.9
>> Invalid instances, Re-generating ...
Epoch  725/5000: score=19.640558 loss=-0.321492 valid=1.0000 routes=17.322 grad=2.7909 seconds=136.6
Epoch  726/5000: score=20.502058 loss=-0.324590 valid=1.0000 routes=18.170 grad=2.9515 seconds=135.4
Epoch  727/5000: score=19.772282 loss=-0.305731 valid=1.0000 routes=17.609 grad=2.7800 seconds=135.8
Epoch  728/5000: score=18.127914 loss=-0.301935 valid=1.0000 routes=16.004 grad=2.4114 seconds=136.0
Epoch  729/5000: score=18.786915 loss=-0.304763 valid=1.0000 routes=17.742 grad=2.6577 seconds=135.2
Epoch  730/5000: score=18.560750 loss=-0.303197 valid=1.0000 routes=17.102 grad=2.5901 seconds=134.9
>> Invalid instances, Re-generating ...
Epoch  731/5000: score=17.479579 loss=-0.300015 valid=1.0000 routes=15.299 grad=2.3324 seconds=134.7
Epoch  732/5000: score=18.601800 loss=-0.297532 valid=1.0000 routes=16.575 grad=2.5604 seconds=135.5
Epoch  733/5000: score=18.466713 loss=-0.293589 valid=1.0000 routes=17.095 grad=2.4481 seconds=137.4
Epoch  734/5000: score=18.042288 loss=-0.305564 valid=1.0000 routes=15.692 grad=2.4053 seconds=137.7
Epoch  735/5000: score=18.344689 loss=-0.301002 valid=1.0000 routes=16.832 grad=2.5144 seconds=136.0
Epoch  736/5000: score=19.352584 loss=-0.312195 valid=1.0000 routes=16.452 grad=2.6530 seconds=135.3
Epoch  737/5000: score=18.672733 loss=-0.313355 valid=1.0000 routes=15.885 grad=2.4851 seconds=136.3
Epoch  738/5000: score=18.867127 loss=-0.299737 valid=1.0000 routes=17.563 grad=2.5610 seconds=136.5
Epoch  739/5000: score=19.143016 loss=-0.307305 valid=1.0000 routes=16.018 grad=2.5651 seconds=137.2
Epoch  740/5000: score=18.137061 loss=-0.295250 valid=1.0000 routes=16.060 grad=2.3309 seconds=136.4
Epoch  741/5000: score=18.796873 loss=-0.309162 valid=1.0000 routes=16.987 grad=2.6171 seconds=134.6
Epoch  742/5000: score=19.032094 loss=-0.308389 valid=1.0000 routes=16.846 grad=2.6716 seconds=133.7
Epoch  743/5000: score=18.422802 loss=-0.306600 valid=1.0000 routes=15.750 grad=2.4085 seconds=133.7
Epoch  744/5000: score=19.804757 loss=-0.315131 valid=1.0000 routes=17.677 grad=2.7714 seconds=134.7
Epoch  745/5000: score=18.944305 loss=-0.303503 valid=1.0000 routes=16.458 grad=2.5555 seconds=133.3
Epoch  746/5000: score=19.732101 loss=-0.307789 valid=1.0000 routes=17.999 grad=2.7800 seconds=133.3
Epoch  747/5000: score=18.877453 loss=-0.309442 valid=1.0000 routes=16.950 grad=2.6005 seconds=135.5
Epoch  748/5000: score=18.877611 loss=-0.295405 valid=1.0000 routes=16.497 grad=2.5746 seconds=135.2
Epoch  749/5000: score=19.140630 loss=-0.302818 valid=1.0000 routes=16.769 grad=2.5324 seconds=135.0
Epoch  750/5000: score=18.978637 loss=-0.310018 valid=1.0000 routes=16.690 grad=2.5982 seconds=135.1
Epoch  751/5000: score=19.005298 loss=-0.295835 valid=1.0000 routes=17.229 grad=2.5927 seconds=134.7
Epoch  752/5000: score=18.328861 loss=-0.307445 valid=1.0000 routes=15.761 grad=2.4390 seconds=135.4
Epoch  753/5000: score=20.224193 loss=-0.311091 valid=1.0000 routes=18.026 grad=2.8338 seconds=134.7
Epoch  754/5000: score=18.539609 loss=-0.294459 valid=1.0000 routes=16.965 grad=2.3873 seconds=134.1
Epoch  755/5000: score=18.680638 loss=-0.295346 valid=1.0000 routes=17.185 grad=2.5707 seconds=134.3
Epoch  756/5000: score=19.161597 loss=-0.318813 valid=1.0000 routes=17.220 grad=2.7124 seconds=134.5
Epoch  757/5000: score=19.549960 loss=-0.311446 valid=1.0000 routes=17.734 grad=2.6898 seconds=134.4
Epoch  758/5000: score=19.900859 loss=-0.314030 valid=1.0000 routes=17.255 grad=2.7611 seconds=134.6
Epoch  759/5000: score=19.508568 loss=-0.295267 valid=1.0000 routes=17.407 grad=2.7151 seconds=134.0
Epoch  760/5000: score=19.158222 loss=-0.303413 valid=1.0000 routes=16.980 grad=2.6112 seconds=135.1
Epoch  761/5000: score=19.753652 loss=-0.309229 valid=1.0000 routes=17.893 grad=2.7643 seconds=134.3
Epoch  762/5000: score=19.717567 loss=-0.314663 valid=1.0000 routes=16.947 grad=2.8282 seconds=135.1
Epoch  763/5000: score=17.843560 loss=-0.302128 valid=1.0000 routes=15.587 grad=2.3384 seconds=134.8
Epoch  764/5000: score=18.018515 loss=-0.290750 valid=1.0000 routes=16.639 grad=2.3932 seconds=134.5
Epoch  765/5000: score=18.660675 loss=-0.303724 valid=1.0000 routes=15.829 grad=2.4435 seconds=135.6
Epoch  766/5000: score=18.535031 loss=-0.295260 valid=1.0000 routes=15.985 grad=2.3914 seconds=134.5
Epoch  767/5000: score=17.525837 loss=-0.296921 valid=1.0000 routes=15.563 grad=2.2775 seconds=134.1
Epoch  768/5000: score=18.461682 loss=-0.292961 valid=1.0000 routes=16.246 grad=2.4843 seconds=134.0
Epoch  769/5000: score=19.402116 loss=-0.309285 valid=1.0000 routes=17.407 grad=2.7897 seconds=134.3
Epoch  770/5000: score=18.147453 loss=-0.288566 valid=1.0000 routes=16.248 grad=2.3333 seconds=133.4
Epoch  771/5000: score=18.037661 loss=-0.293327 valid=1.0000 routes=17.037 grad=2.3997 seconds=133.7
Epoch  772/5000: score=18.652129 loss=-0.302528 valid=1.0000 routes=16.432 grad=2.5619 seconds=135.2
Epoch  773/5000: score=19.861257 loss=-0.316851 valid=1.0000 routes=16.774 grad=2.7636 seconds=134.6
Epoch  774/5000: score=19.362098 loss=-0.313588 valid=1.0000 routes=17.730 grad=2.7167 seconds=134.8
Epoch  775/5000: score=18.025020 loss=-0.306916 valid=1.0000 routes=15.255 grad=2.3695 seconds=136.0
Epoch  776/5000: score=18.723424 loss=-0.311387 valid=1.0000 routes=15.606 grad=2.4648 seconds=134.4
Epoch  777/5000: score=18.937671 loss=-0.312043 valid=1.0000 routes=16.554 grad=2.6405 seconds=133.7
Epoch  778/5000: score=19.888888 loss=-0.308494 valid=1.0000 routes=17.615 grad=2.7743 seconds=135.1
Epoch  779/5000: score=19.418529 loss=-0.310020 valid=1.0000 routes=17.143 grad=2.7181 seconds=135.3
Epoch  780/5000: score=19.051709 loss=-0.285563 valid=1.0000 routes=17.534 grad=2.5943 seconds=134.7
Epoch  781/5000: score=19.004107 loss=-0.306015 valid=1.0000 routes=17.198 grad=2.5890 seconds=133.6
Epoch  782/5000: score=19.690548 loss=-0.312844 valid=1.0000 routes=17.171 grad=2.7181 seconds=132.8
Epoch  783/5000: score=18.774223 loss=-0.305499 valid=1.0000 routes=16.531 grad=2.5188 seconds=133.0
Epoch  784/5000: score=18.675145 loss=-0.293997 valid=1.0000 routes=16.309 grad=2.4382 seconds=132.2
Epoch  785/5000: score=19.392797 loss=-0.306242 valid=1.0000 routes=17.271 grad=2.6848 seconds=134.0
Epoch  786/5000: score=18.442534 loss=-0.297589 valid=1.0000 routes=17.145 grad=2.5937 seconds=134.5
Epoch  787/5000: score=19.104952 loss=-0.307081 valid=1.0000 routes=16.914 grad=2.6180 seconds=133.7
Epoch  788/5000: score=20.258406 loss=-0.312183 valid=1.0000 routes=17.615 grad=2.8654 seconds=134.8
Epoch  789/5000: score=18.573710 loss=-0.298036 valid=1.0000 routes=16.777 grad=2.4495 seconds=134.0
Epoch  790/5000: score=18.040907 loss=-0.315382 valid=1.0000 routes=15.043 grad=2.4514 seconds=134.4
Epoch  791/5000: score=19.217582 loss=-0.301188 valid=1.0000 routes=16.712 grad=2.6234 seconds=134.3
Epoch  792/5000: score=19.528089 loss=-0.302154 valid=1.0000 routes=18.055 grad=2.7365 seconds=133.6
Epoch  793/5000: score=20.321100 loss=-0.305856 valid=1.0000 routes=18.148 grad=2.9426 seconds=134.2
Epoch  794/5000: score=19.361476 loss=-0.301139 valid=1.0000 routes=16.824 grad=2.5373 seconds=133.5
Epoch  795/5000: score=19.385743 loss=-0.314632 valid=1.0000 routes=16.232 grad=2.6922 seconds=135.3
Epoch  796/5000: score=18.436153 loss=-0.306363 valid=1.0000 routes=16.513 grad=2.4736 seconds=135.3
Epoch  797/5000: score=19.530139 loss=-0.306238 valid=1.0000 routes=17.943 grad=2.8121 seconds=133.7
Epoch  798/5000: score=19.342473 loss=-0.304716 valid=1.0000 routes=16.829 grad=2.5808 seconds=133.9
Epoch  799/5000: score=18.706690 loss=-0.294205 valid=1.0000 routes=15.977 grad=2.4599 seconds=134.5
Epoch  800/5000: score=19.035114 loss=-0.303461 valid=1.0000 routes=17.097 grad=2.6745 seconds=135.7
Epoch  801/5000: score=18.710525 loss=-0.293023 valid=1.0000 routes=16.984 grad=2.5656 seconds=135.3
Epoch  802/5000: score=20.511472 loss=-0.307651 valid=1.0000 routes=17.513 grad=2.9173 seconds=135.0
Epoch  803/5000: score=18.278998 loss=-0.295493 valid=1.0000 routes=15.936 grad=2.3858 seconds=134.7
Epoch  804/5000: score=18.261851 loss=-0.290289 valid=1.0000 routes=15.725 grad=2.3631 seconds=134.2
Epoch  805/5000: score=19.422783 loss=-0.310717 valid=1.0000 routes=16.598 grad=2.7668 seconds=134.4
Epoch  806/5000: score=20.415709 loss=-0.300259 valid=1.0000 routes=17.979 grad=2.7996 seconds=133.7
>> Invalid instances, Re-generating ...
Epoch  807/5000: score=18.739324 loss=-0.305307 valid=1.0000 routes=15.875 grad=2.4477 seconds=133.8
Epoch  808/5000: score=19.869050 loss=-0.314491 valid=1.0000 routes=17.492 grad=2.7887 seconds=135.3
Epoch  809/5000: score=19.528654 loss=-0.319859 valid=1.0000 routes=17.085 grad=2.7816 seconds=134.4
Epoch  810/5000: score=19.254786 loss=-0.304456 valid=1.0000 routes=16.655 grad=2.5560 seconds=135.3
Epoch  811/5000: score=19.083690 loss=-0.303527 valid=1.0000 routes=17.491 grad=2.6076 seconds=132.1
Epoch  812/5000: score=18.268864 loss=-0.290867 valid=1.0000 routes=16.631 grad=2.3174 seconds=131.6
Epoch  813/5000: score=19.547017 loss=-0.294580 valid=1.0000 routes=17.864 grad=2.6740 seconds=132.0
Epoch  814/5000: score=18.097510 loss=-0.286982 valid=1.0000 routes=16.649 grad=2.3876 seconds=135.2
Epoch  815/5000: score=19.345883 loss=-0.301843 valid=1.0000 routes=16.596 grad=2.6236 seconds=135.3
Epoch  816/5000: score=19.567952 loss=-0.293393 valid=1.0000 routes=17.272 grad=2.5903 seconds=133.3
Epoch  817/5000: score=18.925435 loss=-0.308182 valid=1.0000 routes=16.874 grad=2.6290 seconds=134.8
Epoch  818/5000: score=19.034714 loss=-0.301635 valid=1.0000 routes=17.282 grad=2.5608 seconds=133.8
Epoch  819/5000: score=19.369323 loss=-0.301451 valid=1.0000 routes=16.520 grad=2.6228 seconds=135.9
Epoch  820/5000: score=18.458651 loss=-0.306437 valid=1.0000 routes=15.806 grad=2.4964 seconds=136.5
Epoch  821/5000: score=19.098835 loss=-0.293212 valid=1.0000 routes=17.333 grad=2.6821 seconds=134.3
Epoch  822/5000: score=19.601964 loss=-0.305159 valid=1.0000 routes=16.454 grad=2.6595 seconds=133.7
Epoch  823/5000: score=19.336113 loss=-0.292209 valid=1.0000 routes=16.858 grad=2.5907 seconds=134.1
Epoch  824/5000: score=18.633277 loss=-0.304219 valid=1.0000 routes=16.533 grad=2.5808 seconds=133.8
Epoch  825/5000: score=17.957819 loss=-0.304889 valid=1.0000 routes=15.091 grad=2.3993 seconds=133.1
>> Invalid instances, Re-generating ...
Epoch  826/5000: score=19.266769 loss=-0.295486 valid=1.0000 routes=17.714 grad=2.6558 seconds=132.4
Epoch  827/5000: score=18.292231 loss=-0.293696 valid=1.0000 routes=16.500 grad=2.3857 seconds=133.3
Epoch  828/5000: score=18.983166 loss=-0.289800 valid=1.0000 routes=16.650 grad=2.5461 seconds=133.0
Epoch  829/5000: score=18.970042 loss=-0.308416 valid=1.0000 routes=16.187 grad=2.6011 seconds=133.5
Epoch  830/5000: score=18.036763 loss=-0.288695 valid=1.0000 routes=15.541 grad=2.3653 seconds=133.4
Epoch  831/5000: score=19.549375 loss=-0.305077 valid=1.0000 routes=17.316 grad=2.7529 seconds=133.5
Epoch  832/5000: score=19.992730 loss=-0.304343 valid=1.0000 routes=17.966 grad=2.8666 seconds=133.6
Epoch  833/5000: score=18.747253 loss=-0.309970 valid=1.0000 routes=16.935 grad=2.5588 seconds=132.7
Epoch  834/5000: score=18.118374 loss=-0.299154 valid=1.0000 routes=16.340 grad=2.4465 seconds=133.2
Epoch  835/5000: score=18.265194 loss=-0.290213 valid=1.0000 routes=16.953 grad=2.3704 seconds=133.1
Epoch  836/5000: score=17.667734 loss=-0.290901 valid=1.0000 routes=15.838 grad=2.3101 seconds=134.6
Epoch  837/5000: score=19.423578 loss=-0.295904 valid=1.0000 routes=17.233 grad=2.5854 seconds=133.8
Epoch  838/5000: score=18.134014 loss=-0.300778 valid=1.0000 routes=15.178 grad=2.3812 seconds=134.1
Epoch  839/5000: score=18.548379 loss=-0.296090 valid=1.0000 routes=16.244 grad=2.4485 seconds=132.0
Epoch  840/5000: score=19.185882 loss=-0.304026 valid=1.0000 routes=15.848 grad=2.5893 seconds=132.7
Epoch  841/5000: score=19.360214 loss=-0.302465 valid=1.0000 routes=17.023 grad=2.6950 seconds=134.0
Epoch  842/5000: score=18.912929 loss=-0.298392 valid=1.0000 routes=16.604 grad=2.5448 seconds=133.0
Epoch  843/5000: score=18.245494 loss=-0.283965 valid=1.0000 routes=16.621 grad=2.4223 seconds=133.3
Epoch  844/5000: score=18.673492 loss=-0.293140 valid=1.0000 routes=16.076 grad=2.4775 seconds=133.4
Epoch  845/5000: score=18.754252 loss=-0.296537 valid=1.0000 routes=17.185 grad=2.5503 seconds=133.4
Epoch  846/5000: score=17.288405 loss=-0.294103 valid=1.0000 routes=14.765 grad=2.2276 seconds=134.3
Epoch  847/5000: score=19.647482 loss=-0.298261 valid=1.0000 routes=17.478 grad=2.7226 seconds=132.3
Epoch  848/5000: score=18.291380 loss=-0.296148 valid=1.0000 routes=16.026 grad=2.4467 seconds=132.8
Epoch  849/5000: score=19.161502 loss=-0.295774 valid=1.0000 routes=17.477 grad=2.6507 seconds=132.9
Epoch  850/5000: score=18.513565 loss=-0.302545 valid=1.0000 routes=16.556 grad=2.4721 seconds=132.4
Epoch  851/5000: score=18.548899 loss=-0.295721 valid=1.0000 routes=16.793 grad=2.5027 seconds=133.6
Epoch  852/5000: score=17.880829 loss=-0.289146 valid=1.0000 routes=15.510 grad=2.3240 seconds=132.5
Epoch  853/5000: score=19.386995 loss=-0.295342 valid=1.0000 routes=17.585 grad=2.6388 seconds=133.2
Epoch  854/5000: score=18.303098 loss=-0.294496 valid=1.0000 routes=15.866 grad=2.4304 seconds=134.9
Epoch  855/5000: score=19.749020 loss=-0.291147 valid=1.0000 routes=17.528 grad=2.7255 seconds=133.8
Epoch  856/5000: score=18.271605 loss=-0.293180 valid=1.0000 routes=16.415 grad=2.3625 seconds=133.3
Epoch  857/5000: score=18.779811 loss=-0.288214 valid=1.0000 routes=16.749 grad=2.5299 seconds=132.9
>> Invalid instances, Re-generating ...
Epoch  858/5000: score=19.275680 loss=-0.295472 valid=1.0000 routes=16.541 grad=2.6254 seconds=133.9
Epoch  859/5000: score=18.948271 loss=-0.312918 valid=1.0000 routes=16.464 grad=2.5889 seconds=134.0
Epoch  860/5000: score=19.255162 loss=-0.298943 valid=1.0000 routes=16.795 grad=2.6305 seconds=134.1
Epoch  861/5000: score=20.147500 loss=-0.302909 valid=1.0000 routes=18.369 grad=2.8916 seconds=133.3
Epoch  862/5000: score=18.994762 loss=-0.300630 valid=1.0000 routes=17.130 grad=2.5970 seconds=133.6
Epoch  863/5000: score=19.124422 loss=-0.298001 valid=1.0000 routes=16.834 grad=2.6189 seconds=134.4
Epoch  864/5000: score=18.760121 loss=-0.290423 valid=1.0000 routes=16.697 grad=2.5107 seconds=134.1
Epoch  865/5000: score=18.588020 loss=-0.294952 valid=1.0000 routes=16.419 grad=2.4666 seconds=133.8
Epoch  866/5000: score=18.455088 loss=-0.292250 valid=1.0000 routes=16.736 grad=2.4325 seconds=133.5
Epoch  867/5000: score=19.130756 loss=-0.293457 valid=1.0000 routes=17.455 grad=2.7118 seconds=133.5
Epoch  868/5000: score=18.960174 loss=-0.297021 valid=1.0000 routes=16.658 grad=2.6245 seconds=133.3
Epoch  869/5000: score=19.176015 loss=-0.291826 valid=1.0000 routes=18.032 grad=2.6285 seconds=133.6
Epoch  870/5000: score=19.082718 loss=-0.297054 valid=1.0000 routes=16.444 grad=2.5754 seconds=133.8
Epoch  871/5000: score=18.389483 loss=-0.307761 valid=1.0000 routes=15.923 grad=2.5070 seconds=134.7
Epoch  872/5000: score=19.354333 loss=-0.289356 valid=1.0000 routes=16.957 grad=2.6034 seconds=133.7
Epoch  873/5000: score=19.196221 loss=-0.309771 valid=1.0000 routes=17.152 grad=2.6930 seconds=133.0
Epoch  874/5000: score=19.341900 loss=-0.296678 valid=1.0000 routes=17.885 grad=2.6195 seconds=132.2
Epoch  875/5000: score=18.932960 loss=-0.288499 valid=1.0000 routes=16.754 grad=2.5127 seconds=132.0
Epoch  876/5000: score=18.019251 loss=-0.302115 valid=1.0000 routes=16.155 grad=2.3860 seconds=133.6
Epoch  877/5000: score=18.736876 loss=-0.293965 valid=1.0000 routes=16.965 grad=2.5988 seconds=133.0
Epoch  878/5000: score=19.168860 loss=-0.299232 valid=1.0000 routes=17.033 grad=2.6395 seconds=133.2
Epoch  879/5000: score=19.644814 loss=-0.300652 valid=1.0000 routes=17.186 grad=2.6902 seconds=132.6
Epoch  880/5000: score=18.940036 loss=-0.300079 valid=1.0000 routes=16.564 grad=2.5234 seconds=132.9
Epoch  881/5000: score=18.720269 loss=-0.305331 valid=1.0000 routes=16.927 grad=2.5403 seconds=132.9
Epoch  882/5000: score=19.990092 loss=-0.310057 valid=1.0000 routes=17.464 grad=2.8199 seconds=132.4
Epoch  883/5000: score=19.592831 loss=-0.305160 valid=1.0000 routes=17.541 grad=2.7064 seconds=130.6
Epoch  884/5000: score=18.240567 loss=-0.285333 valid=1.0000 routes=16.034 grad=2.3576 seconds=133.0
Epoch  885/5000: score=19.730806 loss=-0.304585 valid=1.0000 routes=17.352 grad=2.7250 seconds=133.5
Epoch  886/5000: score=17.817610 loss=-0.278730 valid=1.0000 routes=15.713 grad=2.2488 seconds=134.2
Epoch  887/5000: score=18.978795 loss=-0.298884 valid=1.0000 routes=16.915 grad=2.5674 seconds=134.4
Epoch  888/5000: score=19.736579 loss=-0.302008 valid=1.0000 routes=18.210 grad=2.7746 seconds=134.6
Epoch  889/5000: score=18.735784 loss=-0.303166 valid=1.0000 routes=16.216 grad=2.5758 seconds=134.5
Epoch  890/5000: score=19.131558 loss=-0.301951 valid=1.0000 routes=17.065 grad=2.6086 seconds=134.8
Epoch  891/5000: score=19.117338 loss=-0.299374 valid=1.0000 routes=16.406 grad=2.6184 seconds=134.5
Epoch  892/5000: score=18.817392 loss=-0.295509 valid=1.0000 routes=16.553 grad=2.5104 seconds=134.7
Epoch  893/5000: score=18.890794 loss=-0.305479 valid=1.0000 routes=16.058 grad=2.4786 seconds=134.2
Epoch  894/5000: score=18.639883 loss=-0.296063 valid=1.0000 routes=17.107 grad=2.4936 seconds=133.7
Epoch  895/5000: score=18.534442 loss=-0.295755 valid=1.0000 routes=16.211 grad=2.5001 seconds=133.7
Epoch  896/5000: score=18.778548 loss=-0.285429 valid=1.0000 routes=16.072 grad=2.4551 seconds=133.4
Epoch  897/5000: score=19.311360 loss=-0.301640 valid=1.0000 routes=17.098 grad=2.6239 seconds=133.9
Epoch  898/5000: score=19.186225 loss=-0.293769 valid=1.0000 routes=17.468 grad=2.6391 seconds=134.3
Epoch  899/5000: score=19.582627 loss=-0.304649 valid=1.0000 routes=16.789 grad=2.5830 seconds=133.3
Epoch  900/5000: score=19.226965 loss=-0.301030 valid=1.0000 routes=16.339 grad=2.5803 seconds=132.9
Epoch  901/5000: score=19.693885 loss=-0.302274 valid=1.0000 routes=17.151 grad=2.6891 seconds=133.0
Epoch  902/5000: score=18.707962 loss=-0.289595 valid=1.0000 routes=16.920 grad=2.4832 seconds=133.8
Epoch  903/5000: score=19.140699 loss=-0.301233 valid=1.0000 routes=16.855 grad=2.6302 seconds=134.1
Epoch  904/5000: score=19.843684 loss=-0.302241 valid=1.0000 routes=17.394 grad=2.7313 seconds=133.7
Epoch  905/5000: score=18.725478 loss=-0.294607 valid=1.0000 routes=16.004 grad=2.4588 seconds=133.9
Epoch  906/5000: score=17.230218 loss=-0.286091 valid=1.0000 routes=15.408 grad=2.1888 seconds=133.8
Epoch  907/5000: score=19.379976 loss=-0.300139 valid=1.0000 routes=16.738 grad=2.6910 seconds=134.2
Epoch  908/5000: score=18.661915 loss=-0.295491 valid=1.0000 routes=16.617 grad=2.5912 seconds=133.5
Epoch  909/5000: score=18.748429 loss=-0.289788 valid=1.0000 routes=16.250 grad=2.4995 seconds=133.7
Epoch  910/5000: score=19.080840 loss=-0.291951 valid=1.0000 routes=16.959 grad=2.6350 seconds=133.9
Epoch  911/5000: score=19.449895 loss=-0.300291 valid=1.0000 routes=17.189 grad=2.7154 seconds=134.0
Epoch  912/5000: score=19.190097 loss=-0.298442 valid=1.0000 routes=17.156 grad=2.6527 seconds=133.8
Epoch  913/5000: score=17.873894 loss=-0.296359 valid=1.0000 routes=15.696 grad=2.3348 seconds=133.7
Epoch  914/5000: score=19.702303 loss=-0.295873 valid=1.0000 routes=17.467 grad=2.6859 seconds=132.7
Epoch  915/5000: score=18.862397 loss=-0.289971 valid=1.0000 routes=16.803 grad=2.5111 seconds=131.6
Epoch  916/5000: score=18.621383 loss=-0.289846 valid=1.0000 routes=17.011 grad=2.5701 seconds=132.3
Epoch  917/5000: score=17.973766 loss=-0.290684 valid=1.0000 routes=15.885 grad=2.3253 seconds=132.7
Epoch  918/5000: score=19.262041 loss=-0.294124 valid=1.0000 routes=17.496 grad=2.6456 seconds=132.7
Epoch  919/5000: score=18.752041 loss=-0.289574 valid=1.0000 routes=16.772 grad=2.5317 seconds=134.5
Epoch  920/5000: score=19.498054 loss=-0.292555 valid=1.0000 routes=17.007 grad=2.6717 seconds=135.3
Epoch  921/5000: score=17.940384 loss=-0.284467 valid=1.0000 routes=16.123 grad=2.3358 seconds=134.7
Epoch  922/5000: score=19.542357 loss=-0.297596 valid=1.0000 routes=17.790 grad=2.7580 seconds=134.4
Epoch  923/5000: score=18.748451 loss=-0.312787 valid=1.0000 routes=16.236 grad=2.5751 seconds=135.0
Epoch  924/5000: score=18.531264 loss=-0.290696 valid=1.0000 routes=16.182 grad=2.3907 seconds=134.3
Epoch  925/5000: score=18.258950 loss=-0.282967 valid=1.0000 routes=16.313 grad=2.3291 seconds=131.9
Epoch  926/5000: score=19.395663 loss=-0.294681 valid=1.0000 routes=16.937 grad=2.6979 seconds=133.9
Epoch  927/5000: score=19.017664 loss=-0.287993 valid=1.0000 routes=17.633 grad=2.6188 seconds=132.3
Epoch  928/5000: score=19.042057 loss=-0.299613 valid=1.0000 routes=17.051 grad=2.6690 seconds=133.4
Epoch  929/5000: score=19.583055 loss=-0.292646 valid=1.0000 routes=17.077 grad=2.6453 seconds=132.9
Epoch  930/5000: score=18.583446 loss=-0.288548 valid=1.0000 routes=16.309 grad=2.5390 seconds=133.0
Epoch  931/5000: score=18.627685 loss=-0.290083 valid=1.0000 routes=17.287 grad=2.5585 seconds=134.7
Epoch  932/5000: score=19.384570 loss=-0.303660 valid=1.0000 routes=16.718 grad=2.6982 seconds=133.3
>> Invalid instances, Re-generating ...
Epoch  933/5000: score=19.229352 loss=-0.297620 valid=1.0000 routes=16.577 grad=2.5985 seconds=132.6
Epoch  934/5000: score=19.466991 loss=-0.310863 valid=1.0000 routes=18.012 grad=2.7574 seconds=132.3
Epoch  935/5000: score=19.274549 loss=-0.295029 valid=1.0000 routes=17.639 grad=2.6622 seconds=132.8
Epoch  936/5000: score=18.523357 loss=-0.290307 valid=1.0000 routes=16.210 grad=2.4379 seconds=134.2
Epoch  937/5000: score=19.812501 loss=-0.299213 valid=1.0000 routes=17.528 grad=2.7282 seconds=131.2
Epoch  938/5000: score=20.053394 loss=-0.298530 valid=1.0000 routes=18.024 grad=2.7897 seconds=131.8
Epoch  939/5000: score=18.732108 loss=-0.290907 valid=1.0000 routes=17.089 grad=2.4930 seconds=133.6
Epoch  940/5000: score=19.835282 loss=-0.302022 valid=1.0000 routes=17.471 grad=2.7642 seconds=133.4
Epoch  941/5000: score=19.652500 loss=-0.296803 valid=1.0000 routes=16.587 grad=2.6444 seconds=131.9
Epoch  942/5000: score=18.924789 loss=-0.295118 valid=1.0000 routes=16.690 grad=2.6047 seconds=132.9
Epoch  943/5000: score=19.522466 loss=-0.301470 valid=1.0000 routes=17.376 grad=2.6501 seconds=133.0
Epoch  944/5000: score=17.722272 loss=-0.291449 valid=1.0000 routes=16.086 grad=2.3602 seconds=133.3
Epoch  945/5000: score=18.841672 loss=-0.291620 valid=1.0000 routes=16.829 grad=2.5701 seconds=132.5
Epoch  946/5000: score=19.101718 loss=-0.285848 valid=1.0000 routes=17.641 grad=2.5666 seconds=131.7
Epoch  947/5000: score=19.020850 loss=-0.301511 valid=1.0000 routes=16.707 grad=2.5690 seconds=130.9
Epoch  948/5000: score=19.206654 loss=-0.285628 valid=1.0000 routes=17.598 grad=2.6321 seconds=132.4
Epoch  949/5000: score=18.679228 loss=-0.296647 valid=1.0000 routes=16.636 grad=2.4676 seconds=133.2
Epoch  950/5000: score=17.725727 loss=-0.285220 valid=1.0000 routes=15.755 grad=2.3157 seconds=133.6
Epoch  951/5000: score=19.842562 loss=-0.288353 valid=1.0000 routes=17.994 grad=2.6527 seconds=132.9
Epoch  952/5000: score=19.621388 loss=-0.310083 valid=1.0000 routes=17.751 grad=2.8122 seconds=132.7
Epoch  953/5000: score=19.326279 loss=-0.300916 valid=1.0000 routes=17.455 grad=2.7010 seconds=131.8
Epoch  954/5000: score=19.328278 loss=-0.290857 valid=1.0000 routes=17.421 grad=2.6784 seconds=131.4
Epoch  955/5000: score=18.972965 loss=-0.292095 valid=1.0000 routes=16.684 grad=2.5720 seconds=131.5
Epoch  956/5000: score=18.504888 loss=-0.292601 valid=1.0000 routes=17.113 grad=2.5153 seconds=133.0
Epoch  957/5000: score=19.322436 loss=-0.302884 valid=1.0000 routes=17.149 grad=2.6573 seconds=132.4
Epoch  958/5000: score=18.813784 loss=-0.289675 valid=1.0000 routes=15.383 grad=2.4757 seconds=131.6
Epoch  959/5000: score=18.243257 loss=-0.290751 valid=1.0000 routes=16.490 grad=2.4664 seconds=131.8
Epoch  960/5000: score=19.316628 loss=-0.283433 valid=1.0000 routes=17.331 grad=2.6320 seconds=131.8
Epoch  961/5000: score=20.009353 loss=-0.294533 valid=1.0000 routes=17.371 grad=2.7371 seconds=132.1
Epoch  962/5000: score=19.291055 loss=-0.280402 valid=1.0000 routes=18.009 grad=2.5901 seconds=131.1
Epoch  963/5000: score=19.868449 loss=-0.303363 valid=1.0000 routes=17.509 grad=2.8112 seconds=132.5
Epoch  964/5000: score=19.222072 loss=-0.310916 valid=1.0000 routes=16.397 grad=2.6989 seconds=132.6
Epoch  965/5000: score=20.215401 loss=-0.304796 valid=1.0000 routes=19.096 grad=2.9091 seconds=132.1
Epoch  966/5000: score=18.568825 loss=-0.282799 valid=1.0000 routes=16.785 grad=2.4326 seconds=132.7
Epoch  967/5000: score=18.626225 loss=-0.280671 valid=1.0000 routes=17.627 grad=2.5596 seconds=132.4
Epoch  968/5000: score=20.478262 loss=-0.300017 valid=1.0000 routes=18.103 grad=2.9034 seconds=132.3
Epoch  969/5000: score=18.183586 loss=-0.291200 valid=1.0000 routes=16.262 grad=2.3815 seconds=132.8
Epoch  970/5000: score=19.672367 loss=-0.298244 valid=1.0000 routes=17.456 grad=2.7941 seconds=133.3
Epoch  971/5000: score=18.308151 loss=-0.291881 valid=1.0000 routes=15.877 grad=2.4442 seconds=132.4
Epoch  972/5000: score=19.166394 loss=-0.288311 valid=1.0000 routes=16.813 grad=2.5689 seconds=132.1
Epoch  973/5000: score=18.377795 loss=-0.294485 valid=1.0000 routes=15.770 grad=2.4250 seconds=131.4
Epoch  974/5000: score=19.112657 loss=-0.287805 valid=1.0000 routes=17.453 grad=2.6146 seconds=130.4
Epoch  975/5000: score=19.306242 loss=-0.295040 valid=1.0000 routes=17.594 grad=2.6572 seconds=130.2
Epoch  976/5000: score=18.615707 loss=-0.285377 valid=1.0000 routes=16.014 grad=2.4555 seconds=130.9
Epoch  977/5000: score=19.068527 loss=-0.288646 valid=1.0000 routes=16.461 grad=2.5580 seconds=130.9
Epoch  978/5000: score=19.422452 loss=-0.291995 valid=1.0000 routes=16.134 grad=2.5265 seconds=130.0
Epoch  979/5000: score=19.062750 loss=-0.280719 valid=1.0000 routes=17.870 grad=2.5854 seconds=130.3
Epoch  980/5000: score=18.755324 loss=-0.292389 valid=1.0000 routes=17.196 grad=2.5344 seconds=130.4
Epoch  981/5000: score=18.647046 loss=-0.293870 valid=1.0000 routes=15.601 grad=2.4532 seconds=130.6
Epoch  982/5000: score=18.771169 loss=-0.288196 valid=1.0000 routes=15.427 grad=2.4288 seconds=130.3
Epoch  983/5000: score=17.935958 loss=-0.287114 valid=1.0000 routes=15.802 grad=2.2962 seconds=130.0
Epoch  984/5000: score=18.711909 loss=-0.289897 valid=1.0000 routes=16.672 grad=2.4436 seconds=128.9
Epoch  985/5000: score=18.688776 loss=-0.295181 valid=1.0000 routes=16.552 grad=2.5954 seconds=128.5
Epoch  986/5000: score=19.141348 loss=-0.288503 valid=1.0000 routes=16.830 grad=2.4829 seconds=127.5
Epoch  987/5000: score=18.998468 loss=-0.293346 valid=1.0000 routes=16.514 grad=2.6182 seconds=130.2
Epoch  988/5000: score=19.045818 loss=-0.291129 valid=1.0000 routes=16.789 grad=2.6129 seconds=130.2
Epoch  989/5000: score=19.662778 loss=-0.293708 valid=1.0000 routes=17.005 grad=2.6603 seconds=130.6
Epoch  990/5000: score=18.466758 loss=-0.300663 valid=1.0000 routes=16.665 grad=2.5852 seconds=131.4
Epoch  991/5000: score=19.263502 loss=-0.289311 valid=1.0000 routes=16.893 grad=2.6048 seconds=130.5
Epoch  992/5000: score=19.214677 loss=-0.293686 valid=1.0000 routes=17.613 grad=2.6681 seconds=130.6
Epoch  993/5000: score=19.972611 loss=-0.291347 valid=1.0000 routes=18.156 grad=2.7947 seconds=130.8
Epoch  994/5000: score=19.445581 loss=-0.288686 valid=1.0000 routes=17.116 grad=2.5860 seconds=129.4
Epoch  995/5000: score=19.500992 loss=-0.285516 valid=1.0000 routes=18.541 grad=2.6564 seconds=128.6
Epoch  996/5000: score=18.989440 loss=-0.282970 valid=1.0000 routes=17.719 grad=2.5960 seconds=128.1
Epoch  997/5000: score=18.905487 loss=-0.273187 valid=1.0000 routes=17.647 grad=2.4873 seconds=129.2
Epoch  998/5000: score=18.105629 loss=-0.290149 valid=1.0000 routes=15.030 grad=2.2811 seconds=130.2
Epoch  999/5000: score=17.433652 loss=-0.281287 valid=1.0000 routes=15.785 grad=2.2930 seconds=131.4
Epoch 1000/5000: score=17.957289 loss=-0.277203 valid=1.0000 routes=15.489 grad=2.2996 seconds=130.0
Epoch 1001/5000: score=18.718114 loss=-0.298851 valid=1.0000 routes=15.978 grad=2.4802 seconds=129.9
Epoch 1002/5000: score=19.033588 loss=-0.299114 valid=1.0000 routes=16.845 grad=2.5930 seconds=130.1
Epoch 1003/5000: score=17.676085 loss=-0.291024 valid=1.0000 routes=15.338 grad=2.3142 seconds=131.2
Epoch 1004/5000: score=18.653743 loss=-0.288179 valid=1.0000 routes=16.739 grad=2.5373 seconds=130.1
Epoch 1005/5000: score=18.509286 loss=-0.296340 valid=1.0000 routes=16.701 grad=2.5531 seconds=130.0
Epoch 1006/5000: score=19.385690 loss=-0.295220 valid=1.0000 routes=16.390 grad=2.6410 seconds=130.1
Epoch 1007/5000: score=18.395614 loss=-0.282446 valid=1.0000 routes=16.425 grad=2.4232 seconds=129.6
Epoch 1008/5000: score=19.151616 loss=-0.292254 valid=1.0000 routes=17.041 grad=2.6074 seconds=129.9
Epoch 1009/5000: score=19.893646 loss=-0.296806 valid=1.0000 routes=17.537 grad=2.8005 seconds=130.0
Epoch 1010/5000: score=19.640827 loss=-0.304966 valid=1.0000 routes=17.943 grad=2.8042 seconds=131.4
Epoch 1011/5000: score=18.561288 loss=-0.293220 valid=1.0000 routes=16.585 grad=2.4627 seconds=130.3
Epoch 1012/5000: score=17.844007 loss=-0.283210 valid=1.0000 routes=16.155 grad=2.2840 seconds=131.0
Epoch 1013/5000: score=19.489796 loss=-0.295401 valid=1.0000 routes=17.241 grad=2.6873 seconds=129.4
Epoch 1014/5000: score=18.192671 loss=-0.288136 valid=1.0000 routes=15.912 grad=2.3954 seconds=128.7
Epoch 1015/5000: score=18.863958 loss=-0.284612 valid=1.0000 routes=16.253 grad=2.4370 seconds=129.7
Epoch 1016/5000: score=18.859203 loss=-0.297321 valid=1.0000 routes=16.481 grad=2.5715 seconds=130.5
Epoch 1017/5000: score=20.099516 loss=-0.290215 valid=1.0000 routes=17.365 grad=2.7566 seconds=129.8
Epoch 1018/5000: score=19.254468 loss=-0.284466 valid=1.0000 routes=17.922 grad=2.6463 seconds=130.3
Epoch 1019/5000: score=18.627608 loss=-0.291032 valid=1.0000 routes=16.519 grad=2.4650 seconds=130.3
Epoch 1020/5000: score=18.644933 loss=-0.286073 valid=1.0000 routes=17.350 grad=2.5238 seconds=128.9
Epoch 1021/5000: score=19.124957 loss=-0.301898 valid=1.0000 routes=17.555 grad=2.6766 seconds=128.2
Epoch 1022/5000: score=18.514808 loss=-0.274480 valid=1.0000 routes=17.045 grad=2.4816 seconds=127.9
Epoch 1023/5000: score=18.577097 loss=-0.280136 valid=1.0000 routes=16.678 grad=2.4533 seconds=127.9
Epoch 1024/5000: score=19.048684 loss=-0.285669 valid=1.0000 routes=16.714 grad=2.5990 seconds=127.9
Epoch 1025/5000: score=18.378714 loss=-0.294743 valid=1.0000 routes=15.938 grad=2.4878 seconds=129.2
Epoch 1026/5000: score=18.663020 loss=-0.283130 valid=1.0000 routes=17.356 grad=2.4812 seconds=127.9
Epoch 1027/5000: score=18.993693 loss=-0.290631 valid=1.0000 routes=16.992 grad=2.6117 seconds=129.5
Epoch 1028/5000: score=18.757234 loss=-0.283879 valid=1.0000 routes=16.375 grad=2.4693 seconds=130.1
Epoch 1029/5000: score=17.816024 loss=-0.284977 valid=1.0000 routes=16.122 grad=2.3440 seconds=129.7
Epoch 1030/5000: score=17.679157 loss=-0.284410 valid=1.0000 routes=15.765 grad=2.3481 seconds=130.1
Epoch 1031/5000: score=19.729923 loss=-0.287987 valid=1.0000 routes=17.833 grad=2.7618 seconds=129.1
Epoch 1032/5000: score=19.778334 loss=-0.284267 valid=1.0000 routes=17.671 grad=2.6595 seconds=128.9
Epoch 1033/5000: score=19.043711 loss=-0.282970 valid=1.0000 routes=17.133 grad=2.5480 seconds=129.0
Epoch 1034/5000: score=18.195856 loss=-0.284425 valid=1.0000 routes=15.902 grad=2.3691 seconds=129.4
Epoch 1035/5000: score=18.320863 loss=-0.278989 valid=1.0000 routes=16.080 grad=2.3938 seconds=129.1
Epoch 1036/5000: score=19.267591 loss=-0.291771 valid=1.0000 routes=16.877 grad=2.6243 seconds=129.8
Epoch 1037/5000: score=17.428497 loss=-0.269368 valid=1.0000 routes=15.246 grad=2.1098 seconds=129.6
Epoch 1038/5000: score=19.131979 loss=-0.288685 valid=1.0000 routes=16.444 grad=2.6039 seconds=129.9
Epoch 1039/5000: score=18.753924 loss=-0.288398 valid=1.0000 routes=17.933 grad=2.6264 seconds=129.8
Epoch 1040/5000: score=18.024831 loss=-0.293393 valid=1.0000 routes=15.278 grad=2.3507 seconds=129.8
Epoch 1041/5000: score=20.000937 loss=-0.295737 valid=1.0000 routes=17.926 grad=2.8556 seconds=129.3
Epoch 1042/5000: score=18.909000 loss=-0.278641 valid=1.0000 routes=17.144 grad=2.4959 seconds=129.1
Epoch 1043/5000: score=18.140419 loss=-0.271685 valid=1.0000 routes=16.439 grad=2.3737 seconds=129.5
Epoch 1044/5000: score=19.301119 loss=-0.290939 valid=1.0000 routes=16.698 grad=2.6541 seconds=129.7
Epoch 1045/5000: score=18.757327 loss=-0.295238 valid=1.0000 routes=15.561 grad=2.5477 seconds=129.8
Epoch 1046/5000: score=20.309532 loss=-0.289067 valid=1.0000 routes=18.249 grad=2.8499 seconds=130.1
Epoch 1047/5000: score=19.850863 loss=-0.287724 valid=1.0000 routes=17.223 grad=2.7426 seconds=129.8
Epoch 1048/5000: score=18.278882 loss=-0.281145 valid=1.0000 routes=15.667 grad=2.3169 seconds=131.0
Epoch 1049/5000: score=18.607406 loss=-0.293110 valid=1.0000 routes=16.157 grad=2.4647 seconds=130.8
Epoch 1050/5000: score=19.283671 loss=-0.291300 valid=1.0000 routes=16.642 grad=2.6267 seconds=130.8
Epoch 1051/5000: score=19.923480 loss=-0.298762 valid=1.0000 routes=17.719 grad=2.7479 seconds=130.4
Epoch 1052/5000: score=18.829473 loss=-0.281944 valid=1.0000 routes=16.294 grad=2.4729 seconds=130.0
Epoch 1053/5000: score=18.637016 loss=-0.280625 valid=1.0000 routes=16.135 grad=2.3730 seconds=129.7
Epoch 1054/5000: score=19.316385 loss=-0.292296 valid=1.0000 routes=16.353 grad=2.6363 seconds=130.5
Epoch 1055/5000: score=18.232628 loss=-0.279057 valid=1.0000 routes=16.324 grad=2.2947 seconds=130.4
Epoch 1056/5000: score=19.322020 loss=-0.290540 valid=1.0000 routes=17.586 grad=2.6858 seconds=130.2
Epoch 1057/5000: score=18.295138 loss=-0.277450 valid=1.0000 routes=16.045 grad=2.4130 seconds=130.2
Epoch 1058/5000: score=17.856283 loss=-0.273727 valid=1.0000 routes=16.125 grad=2.2924 seconds=129.5
Epoch 1059/5000: score=19.299780 loss=-0.297082 valid=1.0000 routes=16.435 grad=2.6512 seconds=131.0
Epoch 1060/5000: score=18.652072 loss=-0.287209 valid=1.0000 routes=16.385 grad=2.4892 seconds=129.8
Epoch 1061/5000: score=20.198423 loss=-0.292950 valid=1.0000 routes=17.110 grad=2.8204 seconds=130.4
Epoch 1062/5000: score=18.138954 loss=-0.291916 valid=1.0000 routes=15.511 grad=2.4042 seconds=131.1
Epoch 1063/5000: score=19.309877 loss=-0.279822 valid=1.0000 routes=17.456 grad=2.6663 seconds=130.4
Epoch 1064/5000: score=18.761742 loss=-0.282608 valid=1.0000 routes=16.815 grad=2.5537 seconds=130.2
Epoch 1065/5000: score=18.791011 loss=-0.290171 valid=1.0000 routes=16.776 grad=2.5478 seconds=130.2
Epoch 1066/5000: score=18.452585 loss=-0.284637 valid=1.0000 routes=16.871 grad=2.5010 seconds=130.4
Epoch 1067/5000: score=19.423469 loss=-0.291265 valid=1.0000 routes=17.429 grad=2.7241 seconds=131.6
Epoch 1068/5000: score=19.336619 loss=-0.289039 valid=1.0000 routes=16.763 grad=2.5637 seconds=130.0
Epoch 1069/5000: score=18.778234 loss=-0.275281 valid=1.0000 routes=17.418 grad=2.5021 seconds=130.9
Epoch 1070/5000: score=19.112833 loss=-0.275482 valid=1.0000 routes=17.067 grad=2.5649 seconds=130.0
Epoch 1071/5000: score=19.713562 loss=-0.278771 valid=1.0000 routes=17.779 grad=2.6872 seconds=131.1
Epoch 1072/5000: score=18.122639 loss=-0.284251 valid=1.0000 routes=16.332 grad=2.3738 seconds=130.5
Epoch 1073/5000: score=18.794895 loss=-0.279298 valid=1.0000 routes=16.832 grad=2.5421 seconds=130.9
Epoch 1074/5000: score=18.980935 loss=-0.276885 valid=1.0000 routes=16.687 grad=2.4910 seconds=130.8
Epoch 1075/5000: score=19.099397 loss=-0.292395 valid=1.0000 routes=17.955 grad=2.6938 seconds=131.6
Epoch 1076/5000: score=19.411265 loss=-0.278196 valid=1.0000 routes=16.264 grad=2.5943 seconds=130.4
Epoch 1077/5000: score=20.273743 loss=-0.283191 valid=1.0000 routes=17.918 grad=2.7848 seconds=133.3
Epoch 1078/5000: score=17.953198 loss=-0.269971 valid=1.0000 routes=16.058 grad=2.3543 seconds=136.2
Epoch 1079/5000: score=18.317879 loss=-0.292273 valid=1.0000 routes=15.973 grad=2.4256 seconds=136.1
Epoch 1080/5000: score=18.733364 loss=-0.283039 valid=1.0000 routes=15.807 grad=2.5136 seconds=133.5
Epoch 1081/5000: score=17.983461 loss=-0.281575 valid=1.0000 routes=15.680 grad=2.3955 seconds=134.7
>> Invalid instances, Re-generating ...
Epoch 1082/5000: score=19.601971 loss=-0.294462 valid=1.0000 routes=16.963 grad=2.6981 seconds=134.5
Epoch 1083/5000: score=19.102817 loss=-0.295124 valid=1.0000 routes=17.126 grad=2.7023 seconds=135.9
Epoch 1084/5000: score=18.628568 loss=-0.281708 valid=1.0000 routes=16.520 grad=2.4593 seconds=136.2
Epoch 1085/5000: score=18.387909 loss=-0.279543 valid=1.0000 routes=16.472 grad=2.4522 seconds=134.8
Epoch 1086/5000: score=19.666309 loss=-0.286556 valid=1.0000 routes=17.340 grad=2.6232 seconds=134.5
Epoch 1087/5000: score=19.508455 loss=-0.287074 valid=1.0000 routes=16.108 grad=2.5842 seconds=135.8
Epoch 1088/5000: score=19.457610 loss=-0.289449 valid=1.0000 routes=16.695 grad=2.6420 seconds=134.0
Epoch 1089/5000: score=18.469583 loss=-0.276148 valid=1.0000 routes=16.993 grad=2.3921 seconds=135.2
Epoch 1090/5000: score=19.614541 loss=-0.298550 valid=1.0000 routes=16.340 grad=2.5890 seconds=134.8
Epoch 1091/5000: score=18.492355 loss=-0.279889 valid=1.0000 routes=16.562 grad=2.4057 seconds=135.2
Epoch 1092/5000: score=18.706742 loss=-0.280629 valid=1.0000 routes=16.739 grad=2.4769 seconds=135.7
Epoch 1093/5000: score=18.938420 loss=-0.280120 valid=1.0000 routes=17.140 grad=2.5488 seconds=134.4
Epoch 1094/5000: score=18.876978 loss=-0.283347 valid=1.0000 routes=17.192 grad=2.5349 seconds=134.7
Epoch 1095/5000: score=19.815850 loss=-0.282991 valid=1.0000 routes=17.681 grad=2.7107 seconds=134.7
Epoch 1096/5000: score=18.493812 loss=-0.275696 valid=1.0000 routes=17.739 grad=2.5062 seconds=134.5
Epoch 1097/5000: score=18.189778 loss=-0.283124 valid=1.0000 routes=15.997 grad=2.3698 seconds=134.4
Epoch 1098/5000: score=19.209580 loss=-0.286579 valid=1.0000 routes=16.941 grad=2.6334 seconds=131.0
Epoch 1099/5000: score=18.636776 loss=-0.278596 valid=1.0000 routes=16.029 grad=2.4393 seconds=130.3
>> Invalid instances, Re-generating ...
Epoch 1100/5000: score=19.244146 loss=-0.290215 valid=1.0000 routes=16.444 grad=2.5678 seconds=132.3
Epoch 1101/5000: score=19.380514 loss=-0.285865 valid=1.0000 routes=17.742 grad=2.6857 seconds=133.0
Epoch 1102/5000: score=17.924020 loss=-0.290676 valid=1.0000 routes=16.453 grad=2.4335 seconds=133.6
Epoch 1103/5000: score=18.870463 loss=-0.287604 valid=1.0000 routes=17.318 grad=2.5822 seconds=132.7
Epoch 1104/5000: score=19.285624 loss=-0.278485 valid=1.0000 routes=17.515 grad=2.5567 seconds=135.0
Epoch 1105/5000: score=19.056545 loss=-0.269977 valid=1.0000 routes=16.523 grad=2.5166 seconds=135.3
Epoch 1106/5000: score=19.535229 loss=-0.279454 valid=1.0000 routes=16.949 grad=2.6570 seconds=135.8
Epoch 1107/5000: score=18.887593 loss=-0.277728 valid=1.0000 routes=16.511 grad=2.4632 seconds=135.6
Epoch 1108/5000: score=19.451765 loss=-0.281219 valid=1.0000 routes=17.064 grad=2.6123 seconds=135.6
Epoch 1109/5000: score=19.050622 loss=-0.283596 valid=1.0000 routes=17.430 grad=2.6102 seconds=134.8
Epoch 1110/5000: score=18.335287 loss=-0.274073 valid=1.0000 routes=15.812 grad=2.3157 seconds=135.5
Epoch 1111/5000: score=19.400742 loss=-0.281012 valid=1.0000 routes=17.704 grad=2.6830 seconds=136.1
Epoch 1112/5000: score=18.433950 loss=-0.282105 valid=1.0000 routes=16.578 grad=2.4822 seconds=135.9
Epoch 1113/5000: score=18.735750 loss=-0.284098 valid=1.0000 routes=15.882 grad=2.4980 seconds=136.0
Epoch 1114/5000: score=18.974761 loss=-0.290876 valid=1.0000 routes=16.700 grad=2.5767 seconds=135.6
Epoch 1115/5000: score=18.227297 loss=-0.274814 valid=1.0000 routes=16.857 grad=2.4622 seconds=136.4
Epoch 1116/5000: score=19.882360 loss=-0.273848 valid=1.0000 routes=18.086 grad=2.7543 seconds=136.3
Epoch 1117/5000: score=19.508245 loss=-0.291368 valid=1.0000 routes=17.316 grad=2.7402 seconds=135.6
Epoch 1118/5000: score=19.695282 loss=-0.277336 valid=1.0000 routes=17.387 grad=2.6606 seconds=133.5
Epoch 1119/5000: score=18.062943 loss=-0.279351 valid=1.0000 routes=16.189 grad=2.4067 seconds=136.4
Epoch 1120/5000: score=18.179701 loss=-0.278148 valid=1.0000 routes=16.501 grad=2.4006 seconds=136.2
Epoch 1121/5000: score=19.254031 loss=-0.276824 valid=1.0000 routes=17.514 grad=2.6409 seconds=135.3
Epoch 1122/5000: score=18.600007 loss=-0.271211 valid=1.0000 routes=16.765 grad=2.4112 seconds=136.1
Epoch 1123/5000: score=19.597349 loss=-0.289593 valid=1.0000 routes=17.539 grad=2.7219 seconds=135.8
Epoch 1124/5000: score=19.314452 loss=-0.284764 valid=1.0000 routes=17.486 grad=2.6824 seconds=133.1
Epoch 1125/5000: score=18.460265 loss=-0.277968 valid=1.0000 routes=16.811 grad=2.4062 seconds=132.6
Epoch 1126/5000: score=18.006640 loss=-0.282057 valid=1.0000 routes=15.469 grad=2.3408 seconds=133.6
Epoch 1127/5000: score=18.476761 loss=-0.273476 valid=1.0000 routes=16.078 grad=2.3608 seconds=135.3
Epoch 1128/5000: score=19.876165 loss=-0.284531 valid=1.0000 routes=17.436 grad=2.7570 seconds=134.6
Epoch 1129/5000: score=19.085421 loss=-0.278656 valid=1.0000 routes=16.814 grad=2.5937 seconds=132.7
Epoch 1130/5000: score=18.519725 loss=-0.279896 valid=1.0000 routes=16.073 grad=2.4465 seconds=132.7
Epoch 1131/5000: score=19.192405 loss=-0.281747 valid=1.0000 routes=17.245 grad=2.5301 seconds=133.9
Epoch 1132/5000: score=18.884890 loss=-0.276020 valid=1.0000 routes=16.497 grad=2.4689 seconds=134.2
Epoch 1133/5000: score=18.981965 loss=-0.281576 valid=1.0000 routes=17.179 grad=2.5478 seconds=134.0
Epoch 1134/5000: score=18.139879 loss=-0.278014 valid=1.0000 routes=15.572 grad=2.3630 seconds=134.4
Epoch 1135/5000: score=19.190824 loss=-0.286715 valid=1.0000 routes=16.815 grad=2.6168 seconds=134.9
Epoch 1136/5000: score=19.582213 loss=-0.291920 valid=1.0000 routes=17.943 grad=2.7276 seconds=133.3
Epoch 1137/5000: score=19.133057 loss=-0.271645 valid=1.0000 routes=17.907 grad=2.6148 seconds=132.9
Epoch 1138/5000: score=18.463518 loss=-0.291279 valid=1.0000 routes=16.837 grad=2.5190 seconds=134.7
Epoch 1139/5000: score=18.999193 loss=-0.279855 valid=1.0000 routes=16.441 grad=2.5036 seconds=135.1
Epoch 1140/5000: score=18.109979 loss=-0.281288 valid=1.0000 routes=16.221 grad=2.3844 seconds=136.0
Epoch 1141/5000: score=19.080323 loss=-0.284234 valid=1.0000 routes=16.321 grad=2.5398 seconds=135.0
Epoch 1142/5000: score=19.395154 loss=-0.280581 valid=1.0000 routes=16.931 grad=2.6540 seconds=135.1
Epoch 1143/5000: score=18.270664 loss=-0.286700 valid=1.0000 routes=16.269 grad=2.4100 seconds=135.3
Epoch 1144/5000: score=19.305809 loss=-0.277016 valid=1.0000 routes=17.162 grad=2.6240 seconds=135.3
Epoch 1145/5000: score=19.506336 loss=-0.288541 valid=1.0000 routes=17.655 grad=2.7325 seconds=135.5
Epoch 1146/5000: score=18.030081 loss=-0.276008 valid=1.0000 routes=16.297 grad=2.3593 seconds=135.6
Epoch 1147/5000: score=19.089621 loss=-0.273683 valid=1.0000 routes=16.961 grad=2.5172 seconds=135.0
Epoch 1148/5000: score=19.380589 loss=-0.284906 valid=1.0000 routes=17.738 grad=2.7293 seconds=134.9
Epoch 1149/5000: score=19.763800 loss=-0.279747 valid=1.0000 routes=18.081 grad=2.7048 seconds=134.2
Epoch 1150/5000: score=18.366448 loss=-0.279984 valid=1.0000 routes=16.529 grad=2.4479 seconds=134.0
Epoch 1151/5000: score=19.210822 loss=-0.290845 valid=1.0000 routes=17.058 grad=2.6083 seconds=133.8
Epoch 1152/5000: score=18.602489 loss=-0.277411 valid=1.0000 routes=16.635 grad=2.4639 seconds=135.6
Epoch 1153/5000: score=19.122164 loss=-0.274292 valid=1.0000 routes=17.553 grad=2.5690 seconds=135.3
Epoch 1154/5000: score=18.296340 loss=-0.276528 valid=1.0000 routes=16.344 grad=2.4138 seconds=136.2
Epoch 1155/5000: score=18.685141 loss=-0.275508 valid=1.0000 routes=16.268 grad=2.4433 seconds=134.0
Epoch 1156/5000: score=18.501951 loss=-0.275586 valid=1.0000 routes=16.207 grad=2.4256 seconds=134.3
Epoch 1157/5000: score=18.254605 loss=-0.283664 valid=1.0000 routes=16.512 grad=2.4121 seconds=134.9
Epoch 1158/5000: score=19.144216 loss=-0.281270 valid=1.0000 routes=17.581 grad=2.6284 seconds=135.4
Epoch 1159/5000: score=19.057487 loss=-0.279673 valid=1.0000 routes=17.554 grad=2.6483 seconds=134.5
Epoch 1160/5000: score=19.504477 loss=-0.277898 valid=1.0000 routes=18.339 grad=2.6769 seconds=134.0
Epoch 1161/5000: score=19.031189 loss=-0.281289 valid=1.0000 routes=17.050 grad=2.5907 seconds=134.2
Epoch 1162/5000: score=18.148891 loss=-0.275177 valid=1.0000 routes=16.379 grad=2.3798 seconds=134.3
Epoch 1163/5000: score=19.467595 loss=-0.282668 valid=1.0000 routes=18.252 grad=2.7625 seconds=135.2
Epoch 1164/5000: score=19.263253 loss=-0.290068 valid=1.0000 routes=17.008 grad=2.6761 seconds=136.6
Epoch 1165/5000: score=18.595562 loss=-0.271981 valid=1.0000 routes=16.222 grad=2.3813 seconds=135.6
Epoch 1166/5000: score=19.437066 loss=-0.286199 valid=1.0000 routes=17.134 grad=2.6599 seconds=134.8
Epoch 1167/5000: score=19.305578 loss=-0.279086 valid=1.0000 routes=17.551 grad=2.6502 seconds=135.4
Epoch 1168/5000: score=18.315773 loss=-0.284114 valid=1.0000 routes=16.574 grad=2.5073 seconds=135.6
Epoch 1169/5000: score=18.907555 loss=-0.287077 valid=1.0000 routes=17.583 grad=2.6575 seconds=135.1
Epoch 1170/5000: score=19.039832 loss=-0.289243 valid=1.0000 routes=16.191 grad=2.5951 seconds=134.8
Epoch 1171/5000: score=18.481329 loss=-0.281130 valid=1.0000 routes=16.024 grad=2.4535 seconds=135.2
Epoch 1172/5000: score=18.751489 loss=-0.278083 valid=1.0000 routes=16.762 grad=2.4895 seconds=133.8
Epoch 1173/5000: score=18.826616 loss=-0.274663 valid=1.0000 routes=16.855 grad=2.4940 seconds=133.4
Epoch 1174/5000: score=18.793471 loss=-0.273248 valid=1.0000 routes=17.240 grad=2.5480 seconds=134.4
Epoch 1175/5000: score=18.587214 loss=-0.276982 valid=1.0000 routes=16.972 grad=2.4659 seconds=133.3
Epoch 1176/5000: score=18.767487 loss=-0.272873 valid=1.0000 routes=16.421 grad=2.4346 seconds=134.1
Epoch 1177/5000: score=18.746578 loss=-0.281305 valid=1.0000 routes=16.610 grad=2.4720 seconds=135.1
Epoch 1178/5000: score=17.629557 loss=-0.268863 valid=1.0000 routes=15.602 grad=2.2812 seconds=135.1
Epoch 1179/5000: score=18.631033 loss=-0.289731 valid=1.0000 routes=16.961 grad=2.5009 seconds=135.5
Epoch 1180/5000: score=18.385429 loss=-0.293531 valid=1.0000 routes=16.435 grad=2.5209 seconds=135.7
Epoch 1181/5000: score=18.456629 loss=-0.278912 valid=1.0000 routes=15.669 grad=2.4122 seconds=135.4
Epoch 1182/5000: score=17.313233 loss=-0.284772 valid=1.0000 routes=15.273 grad=2.2698 seconds=134.6
Epoch 1183/5000: score=20.032733 loss=-0.304514 valid=1.0000 routes=17.397 grad=2.8673 seconds=134.4
Epoch 1184/5000: score=19.146376 loss=-0.279903 valid=1.0000 routes=17.483 grad=2.6472 seconds=133.6
Epoch 1185/5000: score=18.195000 loss=-0.283581 valid=1.0000 routes=15.421 grad=2.3793 seconds=134.0
Epoch 1186/5000: score=19.366571 loss=-0.284068 valid=1.0000 routes=16.559 grad=2.6179 seconds=133.2
Epoch 1187/5000: score=19.632534 loss=-0.274660 valid=1.0000 routes=18.164 grad=2.6981 seconds=134.5
Epoch 1188/5000: score=19.507412 loss=-0.269247 valid=1.0000 routes=17.494 grad=2.6495 seconds=133.8
Epoch 1189/5000: score=19.672274 loss=-0.274713 valid=1.0000 routes=17.429 grad=2.6142 seconds=134.2
Epoch 1190/5000: score=18.911649 loss=-0.279543 valid=1.0000 routes=17.040 grad=2.5075 seconds=134.1
Epoch 1191/5000: score=19.103382 loss=-0.276372 valid=1.0000 routes=17.186 grad=2.5956 seconds=134.2
Epoch 1192/5000: score=18.728567 loss=-0.266080 valid=1.0000 routes=16.841 grad=2.4793 seconds=134.1
>> Invalid instances, Re-generating ...
Epoch 1193/5000: score=18.424982 loss=-0.273353 valid=1.0000 routes=16.713 grad=2.4346 seconds=134.0
Epoch 1194/5000: score=19.239426 loss=-0.283981 valid=1.0000 routes=17.216 grad=2.6032 seconds=134.7
Epoch 1195/5000: score=17.493681 loss=-0.272890 valid=1.0000 routes=14.684 grad=2.2087 seconds=134.0
Epoch 1196/5000: score=19.451711 loss=-0.290341 valid=1.0000 routes=17.221 grad=2.7123 seconds=132.8
Epoch 1197/5000: score=20.302728 loss=-0.279716 valid=1.0000 routes=18.550 grad=2.8482 seconds=133.3
Epoch 1198/5000: score=19.342698 loss=-0.277606 valid=1.0000 routes=17.140 grad=2.6175 seconds=132.5
Epoch 1199/5000: score=20.229053 loss=-0.291172 valid=1.0000 routes=19.103 grad=2.8557 seconds=129.5
Epoch 1200/5000: score=19.979506 loss=-0.287211 valid=1.0000 routes=17.874 grad=2.8531 seconds=131.8
Epoch 1201/5000: score=18.599017 loss=-0.279425 valid=1.0000 routes=16.559 grad=2.4626 seconds=132.3
Epoch 1202/5000: score=17.923021 loss=-0.280307 valid=1.0000 routes=15.062 grad=2.2898 seconds=133.5
Epoch 1203/5000: score=19.290107 loss=-0.294286 valid=1.0000 routes=16.102 grad=2.6347 seconds=133.4
Epoch 1204/5000: score=19.258551 loss=-0.285119 valid=1.0000 routes=16.883 grad=2.6127 seconds=131.2
Epoch 1205/5000: score=18.927538 loss=-0.277341 valid=1.0000 routes=17.089 grad=2.4911 seconds=131.2
Epoch 1206/5000: score=19.282374 loss=-0.273094 valid=1.0000 routes=16.393 grad=2.5680 seconds=132.3
Epoch 1207/5000: score=18.554539 loss=-0.276115 valid=1.0000 routes=17.179 grad=2.4250 seconds=131.6
Epoch 1208/5000: score=19.137033 loss=-0.281764 valid=1.0000 routes=17.189 grad=2.6124 seconds=131.8
Epoch 1209/5000: score=19.069881 loss=-0.277314 valid=1.0000 routes=17.051 grad=2.5720 seconds=132.1
Epoch 1210/5000: score=20.560930 loss=-0.293422 valid=1.0000 routes=18.065 grad=2.9440 seconds=133.4
Epoch 1211/5000: score=19.086742 loss=-0.281868 valid=1.0000 routes=17.306 grad=2.6029 seconds=133.6
Epoch 1212/5000: score=19.041928 loss=-0.283949 valid=1.0000 routes=16.249 grad=2.5714 seconds=134.2
Epoch 1213/5000: score=19.042109 loss=-0.280221 valid=1.0000 routes=16.969 grad=2.5344 seconds=134.3
>> Invalid instances, Re-generating ...
Epoch 1214/5000: score=18.738877 loss=-0.274990 valid=1.0000 routes=17.186 grad=2.5156 seconds=133.7
Epoch 1215/5000: score=19.285069 loss=-0.281265 valid=1.0000 routes=16.338 grad=2.5467 seconds=133.0
Epoch 1216/5000: score=20.054297 loss=-0.295798 valid=1.0000 routes=16.680 grad=2.8180 seconds=133.9
Epoch 1217/5000: score=18.417691 loss=-0.274499 valid=1.0000 routes=16.867 grad=2.4072 seconds=133.1
Epoch 1218/5000: score=19.794998 loss=-0.289282 valid=1.0000 routes=17.048 grad=2.7112 seconds=132.8
>> Invalid instances, Re-generating ...
Epoch 1219/5000: score=19.258213 loss=-0.284520 valid=1.0000 routes=16.901 grad=2.6709 seconds=133.4
Epoch 1220/5000: score=18.508817 loss=-0.276918 valid=1.0000 routes=15.813 grad=2.3540 seconds=134.1
Epoch 1221/5000: score=19.453670 loss=-0.267585 valid=1.0000 routes=18.468 grad=2.6144 seconds=132.8
Epoch 1222/5000: score=18.521358 loss=-0.279082 valid=1.0000 routes=17.302 grad=2.5142 seconds=134.0
Epoch 1223/5000: score=18.061191 loss=-0.281492 valid=1.0000 routes=15.660 grad=2.3687 seconds=133.7
Epoch 1224/5000: score=19.618466 loss=-0.279890 valid=1.0000 routes=17.522 grad=2.7173 seconds=134.1
Epoch 1225/5000: score=18.612160 loss=-0.278473 valid=1.0000 routes=16.382 grad=2.4664 seconds=132.7
Epoch 1226/5000: score=19.496600 loss=-0.277363 valid=1.0000 routes=17.310 grad=2.6344 seconds=133.0
Epoch 1227/5000: score=19.226191 loss=-0.271867 valid=1.0000 routes=17.655 grad=2.6120 seconds=133.5
Epoch 1228/5000: score=20.240983 loss=-0.279000 valid=1.0000 routes=17.922 grad=2.8095 seconds=133.5
Epoch 1229/5000: score=18.920395 loss=-0.274807 valid=1.0000 routes=16.889 grad=2.5051 seconds=133.6
Epoch 1230/5000: score=18.951604 loss=-0.276134 valid=1.0000 routes=17.238 grad=2.4977 seconds=133.4
Epoch 1231/5000: score=18.603529 loss=-0.271955 valid=1.0000 routes=17.044 grad=2.5345 seconds=134.2
Epoch 1232/5000: score=17.694860 loss=-0.262858 valid=1.0000 routes=15.393 grad=2.2219 seconds=134.7
Epoch 1233/5000: score=19.516357 loss=-0.276201 valid=1.0000 routes=17.668 grad=2.6507 seconds=133.4
Epoch 1234/5000: score=17.847097 loss=-0.255368 valid=1.0000 routes=16.445 grad=2.2694 seconds=133.8
Epoch 1235/5000: score=18.633266 loss=-0.284156 valid=1.0000 routes=16.496 grad=2.5105 seconds=133.9
Epoch 1236/5000: score=19.791015 loss=-0.285129 valid=1.0000 routes=17.793 grad=2.7994 seconds=134.0
Epoch 1237/5000: score=19.320439 loss=-0.278020 valid=1.0000 routes=17.150 grad=2.5772 seconds=133.6
Epoch 1238/5000: score=17.877287 loss=-0.269683 valid=1.0000 routes=15.869 grad=2.3100 seconds=134.8
Epoch 1239/5000: score=18.402637 loss=-0.279437 valid=1.0000 routes=16.145 grad=2.4348 seconds=134.1
Epoch 1240/5000: score=18.688581 loss=-0.271722 valid=1.0000 routes=17.395 grad=2.4695 seconds=134.2
Epoch 1241/5000: score=18.945183 loss=-0.280384 valid=1.0000 routes=16.731 grad=2.5907 seconds=134.6
Epoch 1242/5000: score=18.989326 loss=-0.281950 valid=1.0000 routes=15.908 grad=2.5583 seconds=134.5
Epoch 1243/5000: score=18.710097 loss=-0.269207 valid=1.0000 routes=16.329 grad=2.4060 seconds=134.3
Epoch 1244/5000: score=18.555786 loss=-0.270550 valid=1.0000 routes=16.765 grad=2.4240 seconds=134.4
Epoch 1245/5000: score=19.783842 loss=-0.284195 valid=1.0000 routes=17.562 grad=2.7183 seconds=133.8
Epoch 1246/5000: score=18.658183 loss=-0.277906 valid=1.0000 routes=16.560 grad=2.4912 seconds=133.9
Epoch 1247/5000: score=18.550297 loss=-0.266695 valid=1.0000 routes=16.546 grad=2.4469 seconds=133.0
Epoch 1248/5000: score=18.220047 loss=-0.275568 valid=1.0000 routes=17.303 grad=2.4677 seconds=133.6
Epoch 1249/5000: score=18.588574 loss=-0.269347 valid=1.0000 routes=17.375 grad=2.4489 seconds=133.6
Epoch 1250/5000: score=18.797591 loss=-0.271092 valid=1.0000 routes=16.222 grad=2.4841 seconds=133.7
Epoch 1251/5000: score=20.073168 loss=-0.275363 valid=1.0000 routes=17.245 grad=2.7133 seconds=134.0
Epoch 1252/5000: score=18.706224 loss=-0.279236 valid=1.0000 routes=16.206 grad=2.4671 seconds=133.0
Epoch 1253/5000: score=19.149909 loss=-0.275589 valid=1.0000 routes=16.625 grad=2.5503 seconds=132.6
Epoch 1254/5000: score=19.574502 loss=-0.290440 valid=1.0000 routes=16.593 grad=2.6325 seconds=133.2
Epoch 1255/5000: score=18.431336 loss=-0.268193 valid=1.0000 routes=16.764 grad=2.3772 seconds=133.6
Epoch 1256/5000: score=19.331584 loss=-0.280930 valid=1.0000 routes=16.940 grad=2.6789 seconds=133.0
Epoch 1257/5000: score=19.203558 loss=-0.283340 valid=1.0000 routes=17.410 grad=2.6204 seconds=133.0
Epoch 1258/5000: score=18.433858 loss=-0.275374 valid=1.0000 routes=16.299 grad=2.4314 seconds=133.4
Epoch 1259/5000: score=19.265917 loss=-0.280327 valid=1.0000 routes=16.830 grad=2.6348 seconds=133.9
Epoch 1260/5000: score=18.738722 loss=-0.279221 valid=1.0000 routes=17.817 grad=2.5506 seconds=133.1
Epoch 1261/5000: score=19.750895 loss=-0.283291 valid=1.0000 routes=17.381 grad=2.6393 seconds=132.3
Epoch 1262/5000: score=18.953421 loss=-0.273868 valid=1.0000 routes=17.686 grad=2.5988 seconds=133.0
Epoch 1263/5000: score=18.386717 loss=-0.274976 valid=1.0000 routes=16.331 grad=2.4277 seconds=132.2
Epoch 1264/5000: score=18.280387 loss=-0.270783 valid=1.0000 routes=16.674 grad=2.4296 seconds=132.6
Epoch 1265/5000: score=18.929097 loss=-0.278888 valid=1.0000 routes=16.823 grad=2.5392 seconds=131.1
Epoch 1266/5000: score=19.221910 loss=-0.272696 valid=1.0000 routes=17.186 grad=2.6005 seconds=132.1
Epoch 1267/5000: score=18.816181 loss=-0.286644 valid=1.0000 routes=16.809 grad=2.5356 seconds=132.1
Epoch 1268/5000: score=19.463104 loss=-0.279754 valid=1.0000 routes=16.835 grad=2.5453 seconds=131.6
Epoch 1269/5000: score=19.456832 loss=-0.266429 valid=1.0000 routes=18.112 grad=2.6815 seconds=131.9
Epoch 1270/5000: score=20.240847 loss=-0.293450 valid=1.0000 routes=18.338 grad=2.9222 seconds=132.0
Epoch 1271/5000: score=19.471500 loss=-0.273605 valid=1.0000 routes=17.460 grad=2.6622 seconds=130.8
Epoch 1272/5000: score=18.050810 loss=-0.265187 valid=1.0000 routes=16.373 grad=2.3184 seconds=131.4
Epoch 1273/5000: score=18.827756 loss=-0.274572 valid=1.0000 routes=16.203 grad=2.4531 seconds=131.6
Epoch 1274/5000: score=18.306445 loss=-0.273616 valid=1.0000 routes=16.008 grad=2.4025 seconds=131.5
Epoch 1275/5000: score=17.938976 loss=-0.271784 valid=1.0000 routes=16.161 grad=2.3042 seconds=130.7
Epoch 1276/5000: score=18.952606 loss=-0.279233 valid=1.0000 routes=16.209 grad=2.5133 seconds=131.0
Epoch 1277/5000: score=18.268226 loss=-0.269106 valid=1.0000 routes=16.292 grad=2.3792 seconds=131.1
Epoch 1278/5000: score=19.227201 loss=-0.288308 valid=1.0000 routes=16.214 grad=2.5336 seconds=130.6
Epoch 1279/5000: score=18.534208 loss=-0.265355 valid=1.0000 routes=16.163 grad=2.3168 seconds=131.2
Epoch 1280/5000: score=18.037362 loss=-0.262093 valid=1.0000 routes=16.090 grad=2.2878 seconds=132.0
Epoch 1281/5000: score=19.317331 loss=-0.282341 valid=1.0000 routes=17.507 grad=2.7289 seconds=134.1
Epoch 1282/5000: score=20.043351 loss=-0.276293 valid=1.0000 routes=17.943 grad=2.7047 seconds=132.7
Epoch 1283/5000: score=18.972610 loss=-0.273687 valid=1.0000 routes=17.071 grad=2.5657 seconds=134.1
Epoch 1284/5000: score=18.231111 loss=-0.280117 valid=1.0000 routes=16.638 grad=2.4085 seconds=133.8
Epoch 1285/5000: score=19.842052 loss=-0.270544 valid=1.0000 routes=18.439 grad=2.7014 seconds=134.0
Epoch 1286/5000: score=18.363839 loss=-0.267186 valid=1.0000 routes=16.282 grad=2.4470 seconds=133.6
Epoch 1287/5000: score=18.911639 loss=-0.274598 valid=1.0000 routes=16.642 grad=2.5553 seconds=133.9
Epoch 1288/5000: score=18.548251 loss=-0.266873 valid=1.0000 routes=16.121 grad=2.4050 seconds=134.6
Epoch 1289/5000: score=19.640421 loss=-0.278712 valid=1.0000 routes=17.649 grad=2.7092 seconds=133.4
Epoch 1290/5000: score=18.303478 loss=-0.277681 valid=1.0000 routes=15.826 grad=2.3973 seconds=134.5
Epoch 1291/5000: score=18.410951 loss=-0.269167 valid=1.0000 routes=16.086 grad=2.4123 seconds=133.9
Epoch 1292/5000: score=18.272199 loss=-0.261008 valid=1.0000 routes=17.419 grad=2.4484 seconds=132.7
Epoch 1293/5000: score=18.777861 loss=-0.272798 valid=1.0000 routes=16.759 grad=2.4871 seconds=132.4
Epoch 1294/5000: score=18.681845 loss=-0.273135 valid=1.0000 routes=15.978 grad=2.3894 seconds=132.6
Epoch 1295/5000: score=18.616697 loss=-0.265854 valid=1.0000 routes=15.968 grad=2.3875 seconds=132.2
Epoch 1296/5000: score=18.013161 loss=-0.281862 valid=1.0000 routes=15.377 grad=2.3212 seconds=132.2
Epoch 1297/5000: score=19.617316 loss=-0.283109 valid=1.0000 routes=17.570 grad=2.7370 seconds=132.4
Epoch 1298/5000: score=18.105654 loss=-0.270217 valid=1.0000 routes=17.474 grad=2.3837 seconds=131.8
Epoch 1299/5000: score=20.016032 loss=-0.284624 valid=1.0000 routes=18.246 grad=2.8195 seconds=132.2
Epoch 1300/5000: score=18.233285 loss=-0.270908 valid=1.0000 routes=15.721 grad=2.3157 seconds=134.2
Epoch 1301/5000: score=19.257053 loss=-0.277329 valid=1.0000 routes=17.384 grad=2.6325 seconds=133.5
Epoch 1302/5000: score=18.098702 loss=-0.269757 valid=1.0000 routes=16.126 grad=2.3645 seconds=133.1
Epoch 1303/5000: score=18.215112 loss=-0.273968 valid=1.0000 routes=15.959 grad=2.4003 seconds=133.3
Epoch 1304/5000: score=19.067662 loss=-0.267274 valid=1.0000 routes=16.327 grad=2.4326 seconds=133.9
Epoch 1305/5000: score=18.810524 loss=-0.276091 valid=1.0000 routes=16.959 grad=2.5140 seconds=133.6
Epoch 1306/5000: score=18.147756 loss=-0.284332 valid=1.0000 routes=15.670 grad=2.3970 seconds=132.4
Epoch 1307/5000: score=18.946620 loss=-0.281107 valid=1.0000 routes=18.229 grad=2.6223 seconds=133.8
Epoch 1308/5000: score=19.395525 loss=-0.270316 valid=1.0000 routes=16.173 grad=2.5288 seconds=133.4
Epoch 1309/5000: score=18.577343 loss=-0.269389 valid=1.0000 routes=16.090 grad=2.4026 seconds=132.7
Epoch 1310/5000: score=19.783482 loss=-0.286905 valid=1.0000 routes=17.948 grad=2.7872 seconds=131.0
Epoch 1311/5000: score=18.001874 loss=-0.273645 valid=1.0000 routes=15.591 grad=2.2947 seconds=130.6
Epoch 1312/5000: score=18.176868 loss=-0.273715 valid=1.0000 routes=16.346 grad=2.3684 seconds=131.5
Epoch 1313/5000: score=18.050288 loss=-0.264197 valid=1.0000 routes=16.032 grad=2.2887 seconds=129.7
Epoch 1314/5000: score=18.516051 loss=-0.274970 valid=1.0000 routes=17.025 grad=2.5307 seconds=131.7
Epoch 1315/5000: score=18.423338 loss=-0.279009 valid=1.0000 routes=15.664 grad=2.3943 seconds=132.4
Epoch 1316/5000: score=19.762322 loss=-0.282109 valid=1.0000 routes=16.883 grad=2.6652 seconds=131.6
Epoch 1317/5000: score=18.871345 loss=-0.271205 valid=1.0000 routes=17.507 grad=2.5470 seconds=131.5
Epoch 1318/5000: score=18.957542 loss=-0.269977 valid=1.0000 routes=17.763 grad=2.5153 seconds=131.2
Epoch 1319/5000: score=19.392532 loss=-0.270650 valid=1.0000 routes=17.506 grad=2.6047 seconds=131.6
Epoch 1320/5000: score=18.998654 loss=-0.272882 valid=1.0000 routes=16.979 grad=2.5894 seconds=131.3
Epoch 1321/5000: score=18.856115 loss=-0.279002 valid=1.0000 routes=15.683 grad=2.4919 seconds=132.8
Epoch 1322/5000: score=17.539962 loss=-0.276928 valid=1.0000 routes=15.004 grad=2.2483 seconds=133.9
Epoch 1323/5000: score=19.064143 loss=-0.274141 valid=1.0000 routes=17.155 grad=2.6100 seconds=133.8
Epoch 1324/5000: score=18.943250 loss=-0.280283 valid=1.0000 routes=16.734 grad=2.6167 seconds=134.0
Epoch 1325/5000: score=18.496397 loss=-0.265237 valid=1.0000 routes=16.637 grad=2.4309 seconds=132.5
Epoch 1326/5000: score=17.576740 loss=-0.272654 valid=1.0000 routes=14.361 grad=2.1250 seconds=131.8
Epoch 1327/5000: score=18.664854 loss=-0.263585 valid=1.0000 routes=16.395 grad=2.4500 seconds=132.0
Epoch 1328/5000: score=18.084126 loss=-0.261746 valid=1.0000 routes=15.657 grad=2.3029 seconds=132.3
>> Invalid instances, Re-generating ...
Epoch 1329/5000: score=19.417118 loss=-0.279366 valid=1.0000 routes=17.333 grad=2.6971 seconds=133.8
Epoch 1330/5000: score=19.581072 loss=-0.271651 valid=1.0000 routes=17.240 grad=2.6901 seconds=131.5
Epoch 1331/5000: score=20.033163 loss=-0.279261 valid=1.0000 routes=17.786 grad=2.7580 seconds=131.6
Epoch 1332/5000: score=19.121448 loss=-0.292549 valid=1.0000 routes=16.617 grad=2.6673 seconds=131.1
Epoch 1333/5000: score=18.332110 loss=-0.277397 valid=1.0000 routes=16.093 grad=2.3907 seconds=130.1
Epoch 1334/5000: score=18.683915 loss=-0.273290 valid=1.0000 routes=16.859 grad=2.4798 seconds=130.0
Epoch 1335/5000: score=20.212080 loss=-0.281983 valid=1.0000 routes=18.248 grad=2.8111 seconds=130.2
Epoch 1336/5000: score=19.594601 loss=-0.271764 valid=1.0000 routes=17.133 grad=2.5822 seconds=130.2
Epoch 1337/5000: score=18.458891 loss=-0.268489 valid=1.0000 routes=15.974 grad=2.3732 seconds=130.5
Epoch 1338/5000: score=19.887911 loss=-0.274336 valid=1.0000 routes=16.769 grad=2.6581 seconds=130.5
Epoch 1339/5000: score=18.740107 loss=-0.282459 valid=1.0000 routes=15.916 grad=2.4579 seconds=130.1
Epoch 1340/5000: score=19.284606 loss=-0.278246 valid=1.0000 routes=16.982 grad=2.6547 seconds=129.3
Epoch 1341/5000: score=19.638398 loss=-0.277660 valid=1.0000 routes=18.165 grad=2.7292 seconds=129.2
Epoch 1342/5000: score=19.264844 loss=-0.276431 valid=1.0000 routes=17.577 grad=2.6397 seconds=129.3
Epoch 1343/5000: score=18.671662 loss=-0.276514 valid=1.0000 routes=15.869 grad=2.4192 seconds=129.5
Epoch 1344/5000: score=19.219819 loss=-0.270333 valid=1.0000 routes=17.613 grad=2.5726 seconds=129.3
Epoch 1345/5000: score=18.634910 loss=-0.276505 valid=1.0000 routes=16.978 grad=2.4815 seconds=129.3
Epoch 1346/5000: score=18.234299 loss=-0.273572 valid=1.0000 routes=15.159 grad=2.3213 seconds=130.3
Epoch 1347/5000: score=18.612509 loss=-0.264710 valid=1.0000 routes=17.493 grad=2.5328 seconds=129.8
Epoch 1348/5000: score=18.946505 loss=-0.267978 valid=1.0000 routes=16.917 grad=2.5293 seconds=129.9
Epoch 1349/5000: score=18.481309 loss=-0.269057 valid=1.0000 routes=17.154 grad=2.4695 seconds=130.0
>> Invalid instances, Re-generating ...
Epoch 1350/5000: score=18.567263 loss=-0.273184 valid=1.0000 routes=16.969 grad=2.4543 seconds=129.3
Epoch 1351/5000: score=18.537084 loss=-0.260561 valid=1.0000 routes=17.753 grad=2.5558 seconds=129.5
Epoch 1352/5000: score=18.669095 loss=-0.276573 valid=1.0000 routes=16.524 grad=2.4985 seconds=129.5
Epoch 1353/5000: score=18.738287 loss=-0.276987 valid=1.0000 routes=18.068 grad=2.6313 seconds=129.6
Epoch 1354/5000: score=18.336568 loss=-0.268047 valid=1.0000 routes=16.290 grad=2.3923 seconds=129.4
Epoch 1355/5000: score=18.387959 loss=-0.256656 valid=1.0000 routes=16.308 grad=2.3816 seconds=130.6
Epoch 1356/5000: score=19.132056 loss=-0.270912 valid=1.0000 routes=17.829 grad=2.5999 seconds=134.8
Epoch 1357/5000: score=18.778538 loss=-0.273128 valid=1.0000 routes=16.554 grad=2.4530 seconds=134.6
Epoch 1358/5000: score=19.224744 loss=-0.272667 valid=1.0000 routes=16.876 grad=2.5782 seconds=134.0
Epoch 1359/5000: score=18.194026 loss=-0.280883 valid=1.0000 routes=16.588 grad=2.4291 seconds=134.6
Epoch 1360/5000: score=18.672958 loss=-0.273391 valid=1.0000 routes=16.536 grad=2.4191 seconds=136.8
Epoch 1361/5000: score=18.832433 loss=-0.274957 valid=1.0000 routes=16.930 grad=2.5376 seconds=135.8
Epoch 1362/5000: score=20.052309 loss=-0.283564 valid=1.0000 routes=17.814 grad=2.8554 seconds=136.2
Epoch 1363/5000: score=18.702633 loss=-0.263969 valid=1.0000 routes=17.031 grad=2.4142 seconds=135.0
Epoch 1364/5000: score=17.890383 loss=-0.266310 valid=1.0000 routes=16.230 grad=2.2614 seconds=134.6
Epoch 1365/5000: score=17.662853 loss=-0.263484 valid=1.0000 routes=16.159 grad=2.2375 seconds=134.4
Epoch 1366/5000: score=18.139766 loss=-0.274221 valid=1.0000 routes=15.302 grad=2.3110 seconds=133.5
Epoch 1367/5000: score=19.542423 loss=-0.277866 valid=1.0000 routes=18.385 grad=2.7300 seconds=133.1
Epoch 1368/5000: score=19.281669 loss=-0.275636 valid=1.0000 routes=16.906 grad=2.6062 seconds=133.7
Epoch 1369/5000: score=17.466314 loss=-0.276330 valid=1.0000 routes=15.966 grad=2.2887 seconds=133.8
Epoch 1370/5000: score=18.513749 loss=-0.275878 valid=1.0000 routes=16.870 grad=2.4686 seconds=133.4
Epoch 1371/5000: score=18.403996 loss=-0.270148 valid=1.0000 routes=16.077 grad=2.3499 seconds=132.7
Epoch 1372/5000: score=18.146778 loss=-0.286609 valid=1.0000 routes=16.020 grad=2.4107 seconds=131.9
Epoch 1373/5000: score=19.357139 loss=-0.258439 valid=1.0000 routes=18.293 grad=2.6176 seconds=130.3
Epoch 1374/5000: score=19.335772 loss=-0.268849 valid=1.0000 routes=17.282 grad=2.5728 seconds=132.7
Epoch 1375/5000: score=19.315475 loss=-0.270246 valid=1.0000 routes=17.875 grad=2.6169 seconds=135.6
Epoch 1376/5000: score=18.694004 loss=-0.273734 valid=1.0000 routes=16.554 grad=2.4577 seconds=135.5
Epoch 1377/5000: score=19.379088 loss=-0.279519 valid=1.0000 routes=16.328 grad=2.6391 seconds=135.2
Epoch 1378/5000: score=18.886421 loss=-0.266663 valid=1.0000 routes=16.906 grad=2.4882 seconds=135.6
Epoch 1379/5000: score=18.462001 loss=-0.272088 valid=1.0000 routes=16.592 grad=2.4401 seconds=135.6
Epoch 1380/5000: score=20.047038 loss=-0.271597 valid=1.0000 routes=17.328 grad=2.7394 seconds=135.4
Epoch 1381/5000: score=18.545323 loss=-0.261635 valid=1.0000 routes=16.741 grad=2.3984 seconds=134.9
Epoch 1382/5000: score=18.936849 loss=-0.277245 valid=1.0000 routes=16.733 grad=2.5363 seconds=135.4
Epoch 1383/5000: score=19.255526 loss=-0.271095 valid=1.0000 routes=17.195 grad=2.6016 seconds=133.0
Epoch 1384/5000: score=18.018655 loss=-0.278396 valid=1.0000 routes=16.027 grad=2.3531 seconds=133.2
Epoch 1385/5000: score=18.179859 loss=-0.267166 valid=1.0000 routes=16.502 grad=2.3722 seconds=133.2
Epoch 1386/5000: score=18.478995 loss=-0.271659 valid=1.0000 routes=16.422 grad=2.3906 seconds=133.8
Epoch 1387/5000: score=18.944622 loss=-0.280443 valid=1.0000 routes=16.795 grad=2.5524 seconds=134.8
Epoch 1388/5000: score=18.156265 loss=-0.267409 valid=1.0000 routes=16.134 grad=2.3513 seconds=135.5
Epoch 1389/5000: score=19.251829 loss=-0.282395 valid=1.0000 routes=17.179 grad=2.6704 seconds=134.5
Epoch 1390/5000: score=18.310067 loss=-0.273236 valid=1.0000 routes=15.738 grad=2.3620 seconds=133.2
Epoch 1391/5000: score=19.095914 loss=-0.274125 valid=1.0000 routes=17.030 grad=2.5640 seconds=134.7
Epoch 1392/5000: score=18.860229 loss=-0.268781 valid=1.0000 routes=17.480 grad=2.5761 seconds=134.8
Epoch 1393/5000: score=19.556389 loss=-0.278124 valid=1.0000 routes=17.445 grad=2.6881 seconds=134.7
Epoch 1394/5000: score=18.584191 loss=-0.274854 valid=1.0000 routes=15.578 grad=2.4419 seconds=134.3
Epoch 1395/5000: score=19.543359 loss=-0.279977 valid=1.0000 routes=17.931 grad=2.7258 seconds=135.7
Epoch 1396/5000: score=18.339888 loss=-0.283826 valid=1.0000 routes=15.561 grad=2.3855 seconds=135.7
Epoch 1397/5000: score=19.102577 loss=-0.272354 valid=1.0000 routes=17.857 grad=2.6103 seconds=134.6
Epoch 1398/5000: score=19.097911 loss=-0.266683 valid=1.0000 routes=17.616 grad=2.5711 seconds=135.9
Epoch 1399/5000: score=19.503564 loss=-0.271816 valid=1.0000 routes=17.157 grad=2.6225 seconds=135.8
Epoch 1400/5000: score=18.895013 loss=-0.263912 valid=1.0000 routes=17.165 grad=2.4857 seconds=135.1
Epoch 1401/5000: score=18.298074 loss=-0.273359 valid=1.0000 routes=16.938 grad=2.4157 seconds=136.4
Epoch 1402/5000: score=20.471352 loss=-0.277081 valid=1.0000 routes=18.106 grad=2.9006 seconds=135.6
Epoch 1403/5000: score=19.091270 loss=-0.267912 valid=1.0000 routes=16.214 grad=2.4489 seconds=133.7
Epoch 1404/5000: score=19.399882 loss=-0.283729 valid=1.0000 routes=17.162 grad=2.7090 seconds=134.2
Epoch 1405/5000: score=18.041200 loss=-0.270437 valid=1.0000 routes=16.258 grad=2.3575 seconds=134.5
Epoch 1406/5000: score=18.543970 loss=-0.273430 valid=1.0000 routes=16.645 grad=2.4456 seconds=135.2
Epoch 1407/5000: score=18.883391 loss=-0.266715 valid=1.0000 routes=16.800 grad=2.4393 seconds=134.7
Epoch 1408/5000: score=18.352668 loss=-0.272473 valid=1.0000 routes=16.693 grad=2.3271 seconds=135.6
Epoch 1409/5000: score=19.375392 loss=-0.262876 valid=1.0000 routes=18.000 grad=2.6424 seconds=134.5
Epoch 1410/5000: score=18.861023 loss=-0.279279 valid=1.0000 routes=16.134 grad=2.4808 seconds=134.3
Epoch 1411/5000: score=19.890437 loss=-0.270702 valid=1.0000 routes=17.568 grad=2.6604 seconds=134.8
Epoch 1412/5000: score=19.276395 loss=-0.267598 valid=1.0000 routes=17.105 grad=2.6155 seconds=135.7
Epoch 1413/5000: score=19.251197 loss=-0.274294 valid=1.0000 routes=16.587 grad=2.5599 seconds=134.7
Epoch 1414/5000: score=18.572160 loss=-0.274892 valid=1.0000 routes=16.603 grad=2.5002 seconds=134.9
Epoch 1415/5000: score=18.844619 loss=-0.272833 valid=1.0000 routes=17.261 grad=2.5519 seconds=136.1
Epoch 1416/5000: score=19.608203 loss=-0.272655 valid=1.0000 routes=17.362 grad=2.7072 seconds=135.6
Epoch 1417/5000: score=19.709153 loss=-0.283368 valid=1.0000 routes=17.387 grad=2.7726 seconds=136.0
Epoch 1418/5000: score=18.720030 loss=-0.273357 valid=1.0000 routes=15.874 grad=2.4308 seconds=135.6
Epoch 1419/5000: score=18.577801 loss=-0.269761 valid=1.0000 routes=16.530 grad=2.4614 seconds=135.9
Epoch 1420/5000: score=18.433308 loss=-0.275316 valid=1.0000 routes=16.373 grad=2.4475 seconds=135.1
Epoch 1421/5000: score=18.661905 loss=-0.273075 valid=1.0000 routes=17.336 grad=2.5458 seconds=134.5
Epoch 1422/5000: score=18.907307 loss=-0.273381 valid=1.0000 routes=16.152 grad=2.5053 seconds=133.7
Epoch 1423/5000: score=18.501485 loss=-0.265252 valid=1.0000 routes=16.102 grad=2.3780 seconds=134.4
Epoch 1424/5000: score=19.533366 loss=-0.281205 valid=1.0000 routes=16.774 grad=2.6589 seconds=134.8
Epoch 1425/5000: score=19.589312 loss=-0.277480 valid=1.0000 routes=16.677 grad=2.6772 seconds=135.1
Epoch 1426/5000: score=18.979394 loss=-0.273113 valid=1.0000 routes=17.698 grad=2.6054 seconds=136.0
Epoch 1427/5000: score=19.612240 loss=-0.273225 valid=1.0000 routes=16.799 grad=2.5916 seconds=135.2
Epoch 1428/5000: score=18.802563 loss=-0.274658 valid=1.0000 routes=15.910 grad=2.4104 seconds=135.2
Epoch 1429/5000: score=18.529499 loss=-0.268148 valid=1.0000 routes=16.602 grad=2.4434 seconds=135.5
Epoch 1430/5000: score=19.125633 loss=-0.264884 valid=1.0000 routes=17.031 grad=2.5359 seconds=135.3
Epoch 1431/5000: score=19.357092 loss=-0.267194 valid=1.0000 routes=17.665 grad=2.6408 seconds=135.2
Epoch 1432/5000: score=19.348855 loss=-0.282267 valid=1.0000 routes=17.395 grad=2.6555 seconds=135.5
Epoch 1433/5000: score=18.821599 loss=-0.262498 valid=1.0000 routes=16.696 grad=2.4183 seconds=135.0
Epoch 1434/5000: score=19.451359 loss=-0.271109 valid=1.0000 routes=16.823 grad=2.5598 seconds=135.2
Epoch 1435/5000: score=18.541460 loss=-0.267018 valid=1.0000 routes=16.862 grad=2.4347 seconds=134.1
Epoch 1436/5000: score=18.517501 loss=-0.264685 valid=1.0000 routes=17.026 grad=2.4092 seconds=134.8
Epoch 1437/5000: score=19.230736 loss=-0.279054 valid=1.0000 routes=16.505 grad=2.5420 seconds=136.7
Epoch 1438/5000: score=17.699406 loss=-0.265809 valid=1.0000 routes=15.095 grad=2.1592 seconds=134.6
Epoch 1439/5000: score=18.351356 loss=-0.264672 valid=1.0000 routes=16.626 grad=2.4230 seconds=134.6
Epoch 1440/5000: score=18.242445 loss=-0.257181 valid=1.0000 routes=17.540 grad=2.4258 seconds=132.9
Epoch 1441/5000: score=18.950700 loss=-0.285053 valid=1.0000 routes=16.189 grad=2.5860 seconds=135.0
Epoch 1442/5000: score=18.884215 loss=-0.264368 valid=1.0000 routes=17.941 grad=2.5232 seconds=134.8
Epoch 1443/5000: score=18.268419 loss=-0.259895 valid=1.0000 routes=16.250 grad=2.3376 seconds=134.7
Epoch 1444/5000: score=19.251472 loss=-0.276185 valid=1.0000 routes=16.726 grad=2.5734 seconds=134.6
Epoch 1445/5000: score=19.061956 loss=-0.276543 valid=1.0000 routes=16.523 grad=2.6264 seconds=134.7
Epoch 1446/5000: score=17.858469 loss=-0.262364 valid=1.0000 routes=16.195 grad=2.2491 seconds=132.3
Epoch 1447/5000: score=18.406522 loss=-0.264622 valid=1.0000 routes=16.391 grad=2.3781 seconds=135.4
Epoch 1448/5000: score=19.225833 loss=-0.276000 valid=1.0000 routes=16.857 grad=2.6669 seconds=135.2
Epoch 1449/5000: score=18.807247 loss=-0.267117 valid=1.0000 routes=17.371 grad=2.5387 seconds=135.9
Epoch 1450/5000: score=18.478451 loss=-0.263513 valid=1.0000 routes=15.716 grad=2.3298 seconds=136.0
Epoch 1451/5000: score=18.767292 loss=-0.259078 valid=1.0000 routes=16.925 grad=2.4865 seconds=134.6
Epoch 1452/5000: score=18.489024 loss=-0.252880 valid=1.0000 routes=16.714 grad=2.3162 seconds=134.8
Epoch 1453/5000: score=19.193093 loss=-0.273136 valid=1.0000 routes=17.351 grad=2.6392 seconds=134.9
Epoch 1454/5000: score=18.532797 loss=-0.280295 valid=1.0000 routes=16.557 grad=2.5080 seconds=134.6
Epoch 1455/5000: score=18.986005 loss=-0.269159 valid=1.0000 routes=16.824 grad=2.5164 seconds=134.4
Epoch 1456/5000: score=19.444394 loss=-0.269777 valid=1.0000 routes=16.877 grad=2.6005 seconds=134.9
Epoch 1457/5000: score=19.346045 loss=-0.273688 valid=1.0000 routes=17.493 grad=2.6603 seconds=135.3
Epoch 1458/5000: score=19.080812 loss=-0.276115 valid=1.0000 routes=17.071 grad=2.6114 seconds=135.4
Epoch 1459/5000: score=18.452331 loss=-0.266623 valid=1.0000 routes=16.719 grad=2.3882 seconds=135.5
Epoch 1460/5000: score=18.345517 loss=-0.264941 valid=1.0000 routes=17.252 grad=2.4125 seconds=135.1
Epoch 1461/5000: score=18.661855 loss=-0.269621 valid=1.0000 routes=17.230 grad=2.4814 seconds=135.4
Epoch 1462/5000: score=19.861116 loss=-0.280868 valid=1.0000 routes=18.464 grad=2.8267 seconds=135.8
Epoch 1463/5000: score=18.978075 loss=-0.274038 valid=1.0000 routes=15.932 grad=2.4963 seconds=135.4
Epoch 1464/5000: score=19.166654 loss=-0.270402 valid=1.0000 routes=16.702 grad=2.5544 seconds=135.6
Epoch 1465/5000: score=19.551858 loss=-0.280434 valid=1.0000 routes=16.617 grad=2.5847 seconds=136.5
Epoch 1466/5000: score=18.859078 loss=-0.271611 valid=1.0000 routes=16.721 grad=2.4871 seconds=135.9
Epoch 1467/5000: score=18.752703 loss=-0.261834 valid=1.0000 routes=16.399 grad=2.4431 seconds=134.5
Epoch 1468/5000: score=18.378344 loss=-0.259006 valid=1.0000 routes=16.297 grad=2.3793 seconds=134.8
Epoch 1469/5000: score=19.555122 loss=-0.272977 valid=1.0000 routes=17.335 grad=2.6249 seconds=134.5
Epoch 1470/5000: score=17.753804 loss=-0.266476 valid=1.0000 routes=15.338 grad=2.2278 seconds=135.2
Epoch 1471/5000: score=18.874065 loss=-0.274414 valid=1.0000 routes=16.617 grad=2.4644 seconds=135.2
Epoch 1472/5000: score=18.952502 loss=-0.269185 valid=1.0000 routes=16.689 grad=2.5397 seconds=134.7
Epoch 1473/5000: score=18.885163 loss=-0.263608 valid=1.0000 routes=17.404 grad=2.5693 seconds=135.1
Epoch 1474/5000: score=18.161749 loss=-0.259781 valid=1.0000 routes=16.501 grad=2.3454 seconds=134.8
Epoch 1475/5000: score=19.752267 loss=-0.280972 valid=1.0000 routes=17.376 grad=2.7177 seconds=135.3
Epoch 1476/5000: score=18.065015 loss=-0.267227 valid=1.0000 routes=16.393 grad=2.3396 seconds=133.5
Epoch 1477/5000: score=18.824220 loss=-0.272331 valid=1.0000 routes=16.967 grad=2.4839 seconds=131.7
Epoch 1478/5000: score=19.472353 loss=-0.282793 valid=1.0000 routes=16.500 grad=2.6563 seconds=132.8
Epoch 1479/5000: score=19.074413 loss=-0.280838 valid=1.0000 routes=17.025 grad=2.5946 seconds=132.4
Epoch 1480/5000: score=19.344375 loss=-0.275930 valid=1.0000 routes=17.238 grad=2.6461 seconds=132.5
Epoch 1481/5000: score=18.539874 loss=-0.262485 valid=1.0000 routes=16.617 grad=2.3940 seconds=133.0
Epoch 1482/5000: score=19.403291 loss=-0.283110 valid=1.0000 routes=17.372 grad=2.6028 seconds=133.8
Epoch 1483/5000: score=18.305671 loss=-0.266864 valid=1.0000 routes=15.920 grad=2.2893 seconds=133.8
Epoch 1484/5000: score=19.383346 loss=-0.263839 valid=1.0000 routes=17.236 grad=2.5664 seconds=134.3
Epoch 1485/5000: score=19.026896 loss=-0.266592 valid=1.0000 routes=17.058 grad=2.4959 seconds=133.6
Epoch 1486/5000: score=18.629291 loss=-0.274751 valid=1.0000 routes=17.183 grad=2.5029 seconds=133.9
Epoch 1487/5000: score=19.187218 loss=-0.276746 valid=1.0000 routes=16.923 grad=2.4999 seconds=133.5
Epoch 1488/5000: score=19.124980 loss=-0.272870 valid=1.0000 routes=17.426 grad=2.6366 seconds=134.1
Epoch 1489/5000: score=19.499884 loss=-0.270679 valid=1.0000 routes=15.948 grad=2.5809 seconds=134.1
Epoch 1490/5000: score=19.522015 loss=-0.282088 valid=1.0000 routes=16.763 grad=2.5921 seconds=134.4
Epoch 1491/5000: score=19.512840 loss=-0.268602 valid=1.0000 routes=17.510 grad=2.6953 seconds=134.8
Epoch 1492/5000: score=19.090719 loss=-0.265847 valid=1.0000 routes=17.236 grad=2.5213 seconds=133.4
Epoch 1493/5000: score=18.378600 loss=-0.273182 valid=1.0000 routes=16.553 grad=2.4174 seconds=133.6
Epoch 1494/5000: score=18.990257 loss=-0.270300 valid=1.0000 routes=16.840 grad=2.5419 seconds=133.3
Epoch 1495/5000: score=17.574974 loss=-0.261407 valid=1.0000 routes=16.000 grad=2.2515 seconds=133.4
Epoch 1496/5000: score=19.121130 loss=-0.261628 valid=1.0000 routes=17.016 grad=2.4572 seconds=133.9
Epoch 1497/5000: score=18.133908 loss=-0.267104 valid=1.0000 routes=16.445 grad=2.3908 seconds=133.9
Epoch 1498/5000: score=19.079708 loss=-0.271089 valid=1.0000 routes=17.032 grad=2.5656 seconds=133.5
Epoch 1499/5000: score=18.975488 loss=-0.262367 valid=1.0000 routes=17.140 grad=2.5126 seconds=133.9
Epoch 1500/5000: score=18.542361 loss=-0.268715 valid=1.0000 routes=16.230 grad=2.4171 seconds=134.0
Epoch 1501/5000: score=18.340061 loss=-0.272622 valid=1.0000 routes=15.358 grad=2.4024 seconds=133.9
Epoch 1502/5000: score=18.955849 loss=-0.273127 valid=1.0000 routes=17.068 grad=2.5644 seconds=134.4
Epoch 1503/5000: score=18.733605 loss=-0.271171 valid=1.0000 routes=17.221 grad=2.5232 seconds=133.3
Epoch 1504/5000: score=19.087828 loss=-0.273830 valid=1.0000 routes=17.022 grad=2.5804 seconds=131.6
Epoch 1505/5000: score=18.982110 loss=-0.269183 valid=1.0000 routes=17.141 grad=2.5364 seconds=133.7
Epoch 1506/5000: score=19.260077 loss=-0.277919 valid=1.0000 routes=16.701 grad=2.6191 seconds=132.9
Epoch 1507/5000: score=18.424469 loss=-0.259382 valid=1.0000 routes=16.807 grad=2.3612 seconds=132.0
Epoch 1508/5000: score=19.455550 loss=-0.258935 valid=1.0000 routes=17.230 grad=2.6418 seconds=132.2
Epoch 1509/5000: score=19.461666 loss=-0.274316 valid=1.0000 routes=17.287 grad=2.6320 seconds=131.5
Epoch 1510/5000: score=18.927058 loss=-0.280377 valid=1.0000 routes=16.170 grad=2.5543 seconds=132.6
Epoch 1511/5000: score=18.516221 loss=-0.275936 valid=1.0000 routes=16.959 grad=2.4806 seconds=133.8
Epoch 1512/5000: score=20.318333 loss=-0.272315 valid=1.0000 routes=17.898 grad=2.8289 seconds=132.5
Epoch 1513/5000: score=20.110749 loss=-0.281996 valid=1.0000 routes=17.325 grad=2.8119 seconds=132.5
Epoch 1514/5000: score=19.199336 loss=-0.266284 valid=1.0000 routes=17.034 grad=2.5530 seconds=133.2
Epoch 1515/5000: score=18.052974 loss=-0.266645 valid=1.0000 routes=15.677 grad=2.2627 seconds=133.4
Epoch 1516/5000: score=19.011921 loss=-0.273407 valid=1.0000 routes=16.710 grad=2.5507 seconds=133.5
Epoch 1517/5000: score=19.295104 loss=-0.275246 valid=1.0000 routes=16.434 grad=2.5905 seconds=132.7
Epoch 1518/5000: score=19.323808 loss=-0.267918 valid=1.0000 routes=16.447 grad=2.5162 seconds=131.3
Epoch 1519/5000: score=17.793252 loss=-0.277388 valid=1.0000 routes=15.980 grad=2.3491 seconds=131.5
Epoch 1520/5000: score=18.430339 loss=-0.264713 valid=1.0000 routes=16.155 grad=2.4009 seconds=131.2
Epoch 1521/5000: score=19.100278 loss=-0.276483 valid=1.0000 routes=16.831 grad=2.5746 seconds=135.5
Epoch 1522/5000: score=19.500566 loss=-0.266830 valid=1.0000 routes=17.621 grad=2.5701 seconds=135.2
Epoch 1523/5000: score=19.768868 loss=-0.278318 valid=1.0000 routes=17.732 grad=2.7707 seconds=135.9
Epoch 1524/5000: score=19.484934 loss=-0.274841 valid=1.0000 routes=17.006 grad=2.6831 seconds=135.0
Epoch 1525/5000: score=19.689745 loss=-0.264376 valid=1.0000 routes=18.590 grad=2.6957 seconds=135.3
Epoch 1526/5000: score=19.080024 loss=-0.275051 valid=1.0000 routes=17.632 grad=2.6041 seconds=134.9
Epoch 1527/5000: score=19.708241 loss=-0.259661 valid=1.0000 routes=17.731 grad=2.6516 seconds=135.1
Epoch 1528/5000: score=19.121253 loss=-0.264316 valid=1.0000 routes=16.841 grad=2.5765 seconds=134.1
Epoch 1529/5000: score=18.468516 loss=-0.269424 valid=1.0000 routes=16.501 grad=2.4333 seconds=134.3
Epoch 1530/5000: score=19.159823 loss=-0.262463 valid=1.0000 routes=16.421 grad=2.3677 seconds=133.7
Epoch 1531/5000: score=18.366204 loss=-0.265757 valid=1.0000 routes=16.250 grad=2.4026 seconds=134.7
Epoch 1532/5000: score=19.073733 loss=-0.274085 valid=1.0000 routes=16.589 grad=2.5748 seconds=133.7
Epoch 1533/5000: score=18.675411 loss=-0.252593 valid=1.0000 routes=16.500 grad=2.3942 seconds=134.1
Epoch 1534/5000: score=18.484804 loss=-0.263864 valid=1.0000 routes=16.413 grad=2.4439 seconds=134.0
Epoch 1535/5000: score=18.305819 loss=-0.271053 valid=1.0000 routes=15.800 grad=2.3607 seconds=135.4
Epoch 1536/5000: score=19.293399 loss=-0.275969 valid=1.0000 routes=16.990 grad=2.6711 seconds=135.2
Epoch 1537/5000: score=18.301895 loss=-0.259370 valid=1.0000 routes=17.283 grad=2.4577 seconds=134.0
Epoch 1538/5000: score=18.053231 loss=-0.265130 valid=1.0000 routes=15.524 grad=2.2733 seconds=134.1
Epoch 1539/5000: score=17.336215 loss=-0.246434 valid=1.0000 routes=15.064 grad=2.0988 seconds=133.5
Epoch 1540/5000: score=19.872385 loss=-0.268683 valid=1.0000 routes=17.880 grad=2.7930 seconds=133.2
Epoch 1541/5000: score=19.018397 loss=-0.263520 valid=1.0000 routes=16.895 grad=2.5833 seconds=134.1
Epoch 1542/5000: score=20.101531 loss=-0.272188 valid=1.0000 routes=17.335 grad=2.7524 seconds=134.0
Epoch 1543/5000: score=19.294198 loss=-0.260741 valid=1.0000 routes=17.696 grad=2.5449 seconds=133.0
Epoch 1544/5000: score=18.911924 loss=-0.273125 valid=1.0000 routes=16.878 grad=2.6030 seconds=133.8
Epoch 1545/5000: score=19.088665 loss=-0.275114 valid=1.0000 routes=17.858 grad=2.5894 seconds=134.8
Epoch 1546/5000: score=19.925821 loss=-0.270448 valid=1.0000 routes=18.234 grad=2.7983 seconds=135.2
Epoch 1547/5000: score=18.207067 loss=-0.263065 valid=1.0000 routes=16.088 grad=2.3109 seconds=134.3
Epoch 1548/5000: score=19.288113 loss=-0.278217 valid=1.0000 routes=16.393 grad=2.5729 seconds=134.6
Epoch 1549/5000: score=20.288134 loss=-0.285024 valid=1.0000 routes=17.369 grad=2.8094 seconds=133.6
Epoch 1550/5000: score=19.375819 loss=-0.272412 valid=1.0000 routes=16.712 grad=2.5391 seconds=134.3
Epoch 1551/5000: score=19.774073 loss=-0.258884 valid=1.0000 routes=17.902 grad=2.7229 seconds=133.7
Epoch 1552/5000: score=18.690080 loss=-0.262962 valid=1.0000 routes=16.871 grad=2.5356 seconds=134.9
Epoch 1553/5000: score=19.158949 loss=-0.268958 valid=1.0000 routes=17.296 grad=2.6070 seconds=134.2
Epoch 1554/5000: score=19.567160 loss=-0.271552 valid=1.0000 routes=16.627 grad=2.6446 seconds=134.2
Epoch 1555/5000: score=18.355868 loss=-0.256286 valid=1.0000 routes=16.058 grad=2.3181 seconds=134.2
Epoch 1556/5000: score=19.849201 loss=-0.271419 valid=1.0000 routes=16.914 grad=2.6528 seconds=134.9
Epoch 1557/5000: score=18.955186 loss=-0.275866 valid=1.0000 routes=16.782 grad=2.5968 seconds=133.9
Epoch 1558/5000: score=19.213160 loss=-0.278832 valid=1.0000 routes=16.596 grad=2.6060 seconds=134.4
Epoch 1559/5000: score=18.824143 loss=-0.265571 valid=1.0000 routes=16.794 grad=2.5023 seconds=134.5
Epoch 1560/5000: score=18.818573 loss=-0.268833 valid=1.0000 routes=16.224 grad=2.4773 seconds=134.8
Epoch 1561/5000: score=18.614633 loss=-0.266920 valid=1.0000 routes=16.491 grad=2.4735 seconds=134.2
Epoch 1562/5000: score=19.421640 loss=-0.265523 valid=1.0000 routes=17.576 grad=2.6450 seconds=134.6
Epoch 1563/5000: score=20.032998 loss=-0.274397 valid=1.0000 routes=17.518 grad=2.7702 seconds=135.1
Epoch 1564/5000: score=19.872880 loss=-0.278694 valid=1.0000 routes=17.569 grad=2.7077 seconds=133.7
Epoch 1565/5000: score=19.453116 loss=-0.265206 valid=1.0000 routes=18.163 grad=2.6201 seconds=134.3
Epoch 1566/5000: score=19.400467 loss=-0.263729 valid=1.0000 routes=17.108 grad=2.5805 seconds=133.7
Epoch 1567/5000: score=18.305454 loss=-0.272887 valid=1.0000 routes=15.186 grad=2.3092 seconds=135.0
Epoch 1568/5000: score=18.114707 loss=-0.265119 valid=1.0000 routes=16.170 grad=2.3356 seconds=135.2
Epoch 1569/5000: score=19.208382 loss=-0.276899 valid=1.0000 routes=17.081 grad=2.6172 seconds=134.9
Epoch 1570/5000: score=19.159255 loss=-0.277470 valid=1.0000 routes=16.767 grad=2.5500 seconds=135.6
Epoch 1571/5000: score=19.261130 loss=-0.273336 valid=1.0000 routes=16.981 grad=2.5913 seconds=134.0
Epoch 1572/5000: score=18.798460 loss=-0.261399 valid=1.0000 routes=16.807 grad=2.4078 seconds=134.3
Epoch 1573/5000: score=18.365666 loss=-0.264809 valid=1.0000 routes=15.758 grad=2.3505 seconds=134.3
Epoch 1574/5000: score=19.212322 loss=-0.275625 valid=1.0000 routes=17.226 grad=2.6384 seconds=135.5
Epoch 1575/5000: score=18.519217 loss=-0.286387 valid=1.0000 routes=16.122 grad=2.5124 seconds=135.5
Epoch 1576/5000: score=18.169994 loss=-0.261121 valid=1.0000 routes=17.265 grad=2.3862 seconds=134.5
Epoch 1577/5000: score=18.545718 loss=-0.265076 valid=1.0000 routes=16.656 grad=2.5000 seconds=135.1
Epoch 1578/5000: score=19.207400 loss=-0.271853 valid=1.0000 routes=17.233 grad=2.5374 seconds=135.6
Epoch 1579/5000: score=18.904745 loss=-0.273660 valid=1.0000 routes=17.855 grad=2.5569 seconds=135.1
Epoch 1580/5000: score=18.693190 loss=-0.265177 valid=1.0000 routes=16.181 grad=2.3045 seconds=134.9
Epoch 1581/5000: score=19.027015 loss=-0.275990 valid=1.0000 routes=16.330 grad=2.5117 seconds=134.4
Epoch 1582/5000: score=19.202494 loss=-0.255595 valid=1.0000 routes=16.511 grad=2.4937 seconds=134.9
Epoch 1583/5000: score=19.988937 loss=-0.269605 valid=1.0000 routes=17.905 grad=2.7665 seconds=135.8
Epoch 1584/5000: score=19.192977 loss=-0.271201 valid=1.0000 routes=16.578 grad=2.4862 seconds=134.0
Epoch 1585/5000: score=19.168569 loss=-0.266012 valid=1.0000 routes=17.140 grad=2.5128 seconds=134.4
Epoch 1586/5000: score=18.379204 loss=-0.264287 valid=1.0000 routes=16.679 grad=2.4062 seconds=135.1
Epoch 1587/5000: score=18.037632 loss=-0.268369 valid=1.0000 routes=15.797 grad=2.3107 seconds=133.9
Epoch 1588/5000: score=18.662532 loss=-0.264678 valid=1.0000 routes=16.424 grad=2.4198 seconds=133.7
Epoch 1589/5000: score=19.999721 loss=-0.274471 valid=1.0000 routes=18.122 grad=2.7932 seconds=133.8
Epoch 1590/5000: score=18.555501 loss=-0.276913 valid=1.0000 routes=15.729 grad=2.3940 seconds=133.5
Epoch 1591/5000: score=19.103179 loss=-0.262165 valid=1.0000 routes=16.672 grad=2.5116 seconds=132.9
Epoch 1592/5000: score=18.585104 loss=-0.269244 valid=1.0000 routes=16.077 grad=2.4860 seconds=133.7
Epoch 1593/5000: score=19.095660 loss=-0.275526 valid=1.0000 routes=16.773 grad=2.6370 seconds=134.0
Epoch 1594/5000: score=18.425574 loss=-0.260148 valid=1.0000 routes=16.965 grad=2.4187 seconds=134.0
Epoch 1595/5000: score=17.420945 loss=-0.265194 valid=1.0000 routes=15.344 grad=2.1769 seconds=134.4
Epoch 1596/5000: score=19.719490 loss=-0.270758 valid=1.0000 routes=18.018 grad=2.7025 seconds=133.8
Epoch 1597/5000: score=19.335683 loss=-0.279783 valid=1.0000 routes=16.678 grad=2.6682 seconds=134.3
Epoch 1598/5000: score=18.508571 loss=-0.252866 valid=1.0000 routes=16.680 grad=2.3700 seconds=133.0
Epoch 1599/5000: score=19.122582 loss=-0.261263 valid=1.0000 routes=16.315 grad=2.4855 seconds=133.7
Epoch 1600/5000: score=19.366713 loss=-0.271391 valid=1.0000 routes=16.665 grad=2.5650 seconds=133.7
Epoch 1601/5000: score=19.257660 loss=-0.258218 valid=1.0000 routes=17.618 grad=2.6873 seconds=131.6
Epoch 1602/5000: score=19.358535 loss=-0.282258 valid=1.0000 routes=16.274 grad=2.6760 seconds=133.1
Epoch 1603/5000: score=19.338658 loss=-0.269327 valid=1.0000 routes=17.362 grad=2.5833 seconds=133.5
Epoch 1604/5000: score=18.846935 loss=-0.260318 valid=1.0000 routes=16.131 grad=2.4358 seconds=132.9
Epoch 1605/5000: score=19.179671 loss=-0.269083 valid=1.0000 routes=17.472 grad=2.6104 seconds=133.3
Epoch 1606/5000: score=19.314114 loss=-0.267553 valid=1.0000 routes=16.736 grad=2.5493 seconds=133.5
Epoch 1607/5000: score=18.318070 loss=-0.253956 valid=1.0000 routes=16.743 grad=2.3370 seconds=133.6
Epoch 1608/5000: score=18.911276 loss=-0.271350 valid=1.0000 routes=17.132 grad=2.5234 seconds=133.2
Epoch 1609/5000: score=19.096724 loss=-0.253208 valid=1.0000 routes=18.504 grad=2.5188 seconds=132.1
Epoch 1610/5000: score=19.406531 loss=-0.270753 valid=1.0000 routes=17.671 grad=2.6347 seconds=129.8
Epoch 1611/5000: score=18.455812 loss=-0.260061 valid=1.0000 routes=16.201 grad=2.3435 seconds=130.4
Epoch 1612/5000: score=18.717286 loss=-0.271422 valid=1.0000 routes=16.174 grad=2.4422 seconds=130.9
Epoch 1613/5000: score=19.738988 loss=-0.270203 valid=1.0000 routes=17.855 grad=2.6605 seconds=131.0
Epoch 1614/5000: score=17.862778 loss=-0.261403 valid=1.0000 routes=16.141 grad=2.2449 seconds=130.4
Epoch 1615/5000: score=19.557598 loss=-0.269611 valid=1.0000 routes=17.369 grad=2.6396 seconds=129.9
Epoch 1616/5000: score=18.118468 loss=-0.269585 valid=1.0000 routes=15.799 grad=2.2551 seconds=130.4
Epoch 1617/5000: score=18.626922 loss=-0.259700 valid=1.0000 routes=17.029 grad=2.3901 seconds=131.0
Epoch 1618/5000: score=18.398947 loss=-0.260034 valid=1.0000 routes=16.832 grad=2.3947 seconds=130.2
Epoch 1619/5000: score=19.985528 loss=-0.266999 valid=1.0000 routes=17.325 grad=2.7233 seconds=130.1
Epoch 1620/5000: score=19.098994 loss=-0.273884 valid=1.0000 routes=16.215 grad=2.4886 seconds=131.0
Epoch 1621/5000: score=19.396792 loss=-0.273653 valid=1.0000 routes=17.375 grad=2.5990 seconds=130.7
Epoch 1622/5000: score=19.152394 loss=-0.262465 valid=1.0000 routes=17.339 grad=2.5826 seconds=130.8
Epoch 1623/5000: score=19.432803 loss=-0.257489 valid=1.0000 routes=17.318 grad=2.5642 seconds=130.5
Epoch 1624/5000: score=17.878075 loss=-0.276357 valid=1.0000 routes=15.245 grad=2.3423 seconds=132.3
Epoch 1625/5000: score=18.347071 loss=-0.266076 valid=1.0000 routes=16.730 grad=2.3851 seconds=132.1
Epoch 1626/5000: score=18.541162 loss=-0.275749 valid=1.0000 routes=15.911 grad=2.3791 seconds=130.7
Epoch 1627/5000: score=18.530005 loss=-0.265502 valid=1.0000 routes=16.259 grad=2.4160 seconds=131.7
Epoch 1628/5000: score=19.114059 loss=-0.276637 valid=1.0000 routes=17.158 grad=2.6060 seconds=130.8
Epoch 1629/5000: score=18.621725 loss=-0.270902 valid=1.0000 routes=16.966 grad=2.4666 seconds=131.8
Epoch 1630/5000: score=17.719066 loss=-0.253415 valid=1.0000 routes=16.427 grad=2.2419 seconds=131.2
Epoch 1631/5000: score=18.813209 loss=-0.259458 valid=1.0000 routes=16.522 grad=2.4213 seconds=131.4
Epoch 1632/5000: score=18.874701 loss=-0.262363 valid=1.0000 routes=16.901 grad=2.5480 seconds=131.5
Epoch 1633/5000: score=19.275737 loss=-0.273753 valid=1.0000 routes=16.727 grad=2.5719 seconds=132.4
Epoch 1634/5000: score=18.446092 loss=-0.265270 valid=1.0000 routes=15.985 grad=2.3770 seconds=131.4
Epoch 1635/5000: score=18.662438 loss=-0.253785 valid=1.0000 routes=17.038 grad=2.4699 seconds=131.6
Epoch 1636/5000: score=19.254772 loss=-0.269439 valid=1.0000 routes=16.617 grad=2.6433 seconds=130.5
Epoch 1637/5000: score=18.570926 loss=-0.262767 valid=1.0000 routes=16.808 grad=2.4701 seconds=129.9
Epoch 1638/5000: score=19.338209 loss=-0.262069 valid=1.0000 routes=17.127 grad=2.5856 seconds=131.0
Epoch 1639/5000: score=17.645626 loss=-0.275400 valid=1.0000 routes=15.188 grad=2.3292 seconds=131.1
Epoch 1640/5000: score=19.862037 loss=-0.254607 valid=1.0000 routes=18.366 grad=2.6435 seconds=130.3
Epoch 1641/5000: score=19.613922 loss=-0.263881 valid=1.0000 routes=17.970 grad=2.6483 seconds=131.0
Epoch 1642/5000: score=19.086915 loss=-0.272790 valid=1.0000 routes=16.185 grad=2.4758 seconds=129.2
Epoch 1643/5000: score=18.697332 loss=-0.262824 valid=1.0000 routes=16.740 grad=2.4997 seconds=128.4
Epoch 1644/5000: score=19.913250 loss=-0.274094 valid=1.0000 routes=18.020 grad=2.7315 seconds=128.6
Epoch 1645/5000: score=18.391666 loss=-0.265417 valid=1.0000 routes=16.757 grad=2.4314 seconds=129.5
Epoch 1646/5000: score=19.919808 loss=-0.262583 valid=1.0000 routes=17.765 grad=2.6623 seconds=128.3
Epoch 1647/5000: score=18.566419 loss=-0.259166 valid=1.0000 routes=16.427 grad=2.4353 seconds=129.4
Epoch 1648/5000: score=19.457032 loss=-0.260405 valid=1.0000 routes=18.072 grad=2.6507 seconds=128.7
Epoch 1649/5000: score=18.607574 loss=-0.266275 valid=1.0000 routes=16.582 grad=2.4096 seconds=128.1
Epoch 1650/5000: score=19.454959 loss=-0.269861 valid=1.0000 routes=17.923 grad=2.7120 seconds=128.8
Epoch 1651/5000: score=19.815958 loss=-0.278789 valid=1.0000 routes=17.431 grad=2.7287 seconds=128.2
Epoch 1652/5000: score=20.022795 loss=-0.270863 valid=1.0000 routes=17.137 grad=2.7078 seconds=128.0
Epoch 1653/5000: score=19.483928 loss=-0.271361 valid=1.0000 routes=17.620 grad=2.6504 seconds=129.1
Epoch 1654/5000: score=18.748008 loss=-0.271374 valid=1.0000 routes=16.209 grad=2.4905 seconds=129.2
Epoch 1655/5000: score=18.802142 loss=-0.264521 valid=1.0000 routes=16.442 grad=2.4987 seconds=129.8
Epoch 1656/5000: score=18.831079 loss=-0.255542 valid=1.0000 routes=16.697 grad=2.3806 seconds=129.4
Epoch 1657/5000: score=19.025714 loss=-0.251014 valid=1.0000 routes=16.843 grad=2.4457 seconds=129.3
Epoch 1658/5000: score=19.697222 loss=-0.268486 valid=1.0000 routes=17.333 grad=2.6609 seconds=128.9
Epoch 1659/5000: score=17.668475 loss=-0.246239 valid=1.0000 routes=15.897 grad=2.0937 seconds=128.8
Epoch 1660/5000: score=19.222821 loss=-0.261521 valid=1.0000 routes=16.728 grad=2.5479 seconds=128.6
Epoch 1661/5000: score=18.915473 loss=-0.259755 valid=1.0000 routes=16.477 grad=2.4203 seconds=128.5
Epoch 1662/5000: score=18.630580 loss=-0.261855 valid=1.0000 routes=17.113 grad=2.4218 seconds=128.7
Epoch 1663/5000: score=19.034523 loss=-0.266048 valid=1.0000 routes=18.011 grad=2.6125 seconds=128.0
Epoch 1664/5000: score=18.768995 loss=-0.263751 valid=1.0000 routes=16.295 grad=2.4912 seconds=128.3
Epoch 1665/5000: score=17.955323 loss=-0.255926 valid=1.0000 routes=15.833 grad=2.2697 seconds=128.8
Epoch 1666/5000: score=18.038358 loss=-0.255981 valid=1.0000 routes=16.232 grad=2.2697 seconds=128.3
Epoch 1667/5000: score=19.174791 loss=-0.263511 valid=1.0000 routes=17.257 grad=2.5688 seconds=128.8
Epoch 1668/5000: score=19.083468 loss=-0.263473 valid=1.0000 routes=15.923 grad=2.4471 seconds=127.3
>> Invalid instances, Re-generating ...
Epoch 1669/5000: score=18.900974 loss=-0.262835 valid=1.0000 routes=16.902 grad=2.4863 seconds=127.0
Epoch 1670/5000: score=18.346645 loss=-0.267217 valid=1.0000 routes=15.904 grad=2.4436 seconds=127.5
Epoch 1671/5000: score=19.062686 loss=-0.261636 valid=1.0000 routes=16.033 grad=2.4123 seconds=126.3
>> Invalid instances, Re-generating ...
Epoch 1672/5000: score=18.099798 loss=-0.252699 valid=1.0000 routes=16.189 grad=2.2227 seconds=126.4
Epoch 1673/5000: score=18.075647 loss=-0.261201 valid=1.0000 routes=16.380 grad=2.3600 seconds=126.6
Epoch 1674/5000: score=18.719677 loss=-0.274149 valid=1.0000 routes=16.027 grad=2.4436 seconds=127.2
Epoch 1675/5000: score=19.605975 loss=-0.266752 valid=1.0000 routes=16.863 grad=2.6178 seconds=128.5
Epoch 1676/5000: score=19.410221 loss=-0.276421 valid=1.0000 routes=16.594 grad=2.5817 seconds=129.4
Epoch 1677/5000: score=18.922943 loss=-0.263121 valid=1.0000 routes=17.225 grad=2.5126 seconds=128.5
Epoch 1678/5000: score=19.223672 loss=-0.264119 valid=1.0000 routes=16.755 grad=2.4750 seconds=128.4
Epoch 1679/5000: score=18.397940 loss=-0.254148 valid=1.0000 routes=15.845 grad=2.3036 seconds=128.4
Epoch 1680/5000: score=19.081599 loss=-0.260475 valid=1.0000 routes=17.292 grad=2.5792 seconds=128.3
Epoch 1681/5000: score=19.017387 loss=-0.267960 valid=1.0000 routes=17.039 grad=2.5432 seconds=128.5
Epoch 1682/5000: score=20.067654 loss=-0.265874 valid=1.0000 routes=18.267 grad=2.8390 seconds=128.5
Epoch 1683/5000: score=19.218369 loss=-0.263084 valid=1.0000 routes=17.705 grad=2.5441 seconds=128.6
Epoch 1684/5000: score=19.053095 loss=-0.255390 valid=1.0000 routes=16.768 grad=2.4420 seconds=128.9
Epoch 1685/5000: score=19.849079 loss=-0.274201 valid=1.0000 routes=17.046 grad=2.7470 seconds=129.8
Epoch 1686/5000: score=20.014934 loss=-0.281503 valid=1.0000 routes=18.202 grad=2.8617 seconds=129.5
Epoch 1687/5000: score=19.649849 loss=-0.259460 valid=1.0000 routes=17.609 grad=2.6028 seconds=128.0
Epoch 1688/5000: score=19.953334 loss=-0.277494 valid=1.0000 routes=17.103 grad=2.7370 seconds=129.0
Epoch 1689/5000: score=20.172367 loss=-0.259408 valid=1.0000 routes=17.719 grad=2.7472 seconds=128.2
Epoch 1690/5000: score=19.835341 loss=-0.264838 valid=1.0000 routes=17.373 grad=2.6409 seconds=127.1
Epoch 1691/5000: score=18.796946 loss=-0.256479 valid=1.0000 routes=16.167 grad=2.3286 seconds=127.9
Epoch 1692/5000: score=18.536597 loss=-0.270593 valid=1.0000 routes=16.436 grad=2.4085 seconds=128.2
Epoch 1693/5000: score=18.603722 loss=-0.270398 valid=1.0000 routes=16.793 grad=2.4864 seconds=129.1
Epoch 1694/5000: score=17.753060 loss=-0.243348 valid=1.0000 routes=15.469 grad=2.1524 seconds=130.0
Epoch 1695/5000: score=18.492474 loss=-0.259872 valid=1.0000 routes=16.817 grad=2.4331 seconds=129.4
Epoch 1696/5000: score=19.044130 loss=-0.274445 valid=1.0000 routes=17.765 grad=2.6631 seconds=129.6
Epoch 1697/5000: score=20.526843 loss=-0.284987 valid=1.0000 routes=17.728 grad=2.8735 seconds=128.8
Epoch 1698/5000: score=19.110387 loss=-0.266108 valid=1.0000 routes=17.204 grad=2.5378 seconds=129.1
Epoch 1699/5000: score=19.394838 loss=-0.272702 valid=1.0000 routes=17.211 grad=2.6234 seconds=129.0
Epoch 1700/5000: score=19.288612 loss=-0.262304 valid=1.0000 routes=17.346 grad=2.5572 seconds=129.5
Epoch 1701/5000: score=20.423484 loss=-0.270896 valid=1.0000 routes=17.792 grad=2.7489 seconds=129.3
Epoch 1702/5000: score=19.990525 loss=-0.275899 valid=1.0000 routes=17.604 grad=2.6946 seconds=129.6
Epoch 1703/5000: score=19.022409 loss=-0.265537 valid=1.0000 routes=17.161 grad=2.5865 seconds=129.1
Epoch 1704/5000: score=19.525582 loss=-0.279439 valid=1.0000 routes=17.067 grad=2.7969 seconds=129.6
Epoch 1705/5000: score=18.708307 loss=-0.268074 valid=1.0000 routes=16.387 grad=2.4682 seconds=128.5
Epoch 1706/5000: score=19.421145 loss=-0.261782 valid=1.0000 routes=16.827 grad=2.5072 seconds=128.6
Epoch 1707/5000: score=19.067284 loss=-0.257074 valid=1.0000 routes=17.724 grad=2.5236 seconds=128.5
Epoch 1708/5000: score=19.005191 loss=-0.263777 valid=1.0000 routes=15.988 grad=2.4986 seconds=129.4
Epoch 1709/5000: score=18.457853 loss=-0.262089 valid=1.0000 routes=16.468 grad=2.4110 seconds=129.1
Epoch 1710/5000: score=19.704232 loss=-0.261756 valid=1.0000 routes=18.054 grad=2.7054 seconds=128.6
Epoch 1711/5000: score=17.869143 loss=-0.265151 valid=1.0000 routes=15.572 grad=2.2707 seconds=128.6
Epoch 1712/5000: score=19.655769 loss=-0.270500 valid=1.0000 routes=17.707 grad=2.7305 seconds=129.0
Epoch 1713/5000: score=19.400914 loss=-0.272680 valid=1.0000 routes=16.681 grad=2.6116 seconds=129.5
Epoch 1714/5000: score=19.168422 loss=-0.255635 valid=1.0000 routes=16.702 grad=2.5170 seconds=128.5
Epoch 1715/5000: score=19.826193 loss=-0.257247 valid=1.0000 routes=17.902 grad=2.6537 seconds=128.8
Epoch 1716/5000: score=19.629143 loss=-0.273611 valid=1.0000 routes=17.026 grad=2.5713 seconds=128.8
Epoch 1717/5000: score=17.681216 loss=-0.272826 valid=1.0000 routes=15.953 grad=2.2408 seconds=128.7
Epoch 1718/5000: score=19.127947 loss=-0.256856 valid=1.0000 routes=18.250 grad=2.5614 seconds=128.4
Epoch 1719/5000: score=17.490847 loss=-0.268232 valid=1.0000 routes=15.013 grad=2.2426 seconds=129.3
Epoch 1720/5000: score=20.202393 loss=-0.278855 valid=1.0000 routes=18.714 grad=2.8848 seconds=129.6
Epoch 1721/5000: score=18.761659 loss=-0.269996 valid=1.0000 routes=17.234 grad=2.5242 seconds=129.7
Epoch 1722/5000: score=18.830658 loss=-0.265375 valid=1.0000 routes=16.750 grad=2.4464 seconds=129.0
Epoch 1723/5000: score=18.996038 loss=-0.263294 valid=1.0000 routes=17.384 grad=2.5289 seconds=128.8
Epoch 1724/5000: score=19.437050 loss=-0.263674 valid=1.0000 routes=17.562 grad=2.6110 seconds=128.0
Epoch 1725/5000: score=18.120129 loss=-0.251181 valid=1.0000 routes=16.563 grad=2.2670 seconds=127.1
Epoch 1726/5000: score=19.281154 loss=-0.262922 valid=1.0000 routes=16.661 grad=2.4827 seconds=130.6
Epoch 1727/5000: score=19.506202 loss=-0.264466 valid=1.0000 routes=17.419 grad=2.6582 seconds=128.9
Epoch 1728/5000: score=18.967042 loss=-0.269488 valid=1.0000 routes=17.290 grad=2.5920 seconds=129.0
Epoch 1729/5000: score=18.509468 loss=-0.259090 valid=1.0000 routes=16.260 grad=2.3628 seconds=129.0
Epoch 1730/5000: score=18.418234 loss=-0.263335 valid=1.0000 routes=15.974 grad=2.3694 seconds=128.4
Epoch 1731/5000: score=18.540096 loss=-0.261761 valid=1.0000 routes=16.462 grad=2.4445 seconds=128.7
Epoch 1732/5000: score=18.555047 loss=-0.268984 valid=1.0000 routes=16.311 grad=2.4429 seconds=129.8
Epoch 1733/5000: score=19.175607 loss=-0.248579 valid=1.0000 routes=17.303 grad=2.4902 seconds=129.7
Epoch 1734/5000: score=18.679982 loss=-0.261828 valid=1.0000 routes=16.971 grad=2.4577 seconds=129.6
Epoch 1735/5000: score=18.226892 loss=-0.279658 valid=1.0000 routes=16.289 grad=2.4463 seconds=129.7
Epoch 1736/5000: score=18.485785 loss=-0.266347 valid=1.0000 routes=16.118 grad=2.4519 seconds=127.7
Epoch 1737/5000: score=20.990171 loss=-0.282378 valid=1.0000 routes=18.812 grad=2.9791 seconds=128.3
Epoch 1738/5000: score=18.984917 loss=-0.262625 valid=1.0000 routes=16.276 grad=2.4165 seconds=128.9
Epoch 1739/5000: score=18.629763 loss=-0.262917 valid=1.0000 routes=16.190 grad=2.4354 seconds=131.2
Epoch 1740/5000: score=18.726096 loss=-0.265515 valid=1.0000 routes=16.881 grad=2.4742 seconds=128.4
Epoch 1741/5000: score=18.044272 loss=-0.252218 valid=1.0000 routes=15.867 grad=2.2271 seconds=128.2
Epoch 1742/5000: score=19.293206 loss=-0.260006 valid=1.0000 routes=16.500 grad=2.5646 seconds=129.8
Epoch 1743/5000: score=18.921283 loss=-0.255872 valid=1.0000 routes=16.511 grad=2.4162 seconds=132.0
Epoch 1744/5000: score=18.193275 loss=-0.260802 valid=1.0000 routes=15.828 grad=2.3414 seconds=133.5
Epoch 1745/5000: score=18.159119 loss=-0.267995 valid=1.0000 routes=16.218 grad=2.3491 seconds=132.9
Epoch 1746/5000: score=19.851070 loss=-0.272470 valid=1.0000 routes=18.341 grad=2.7567 seconds=133.5
Epoch 1747/5000: score=19.143729 loss=-0.253267 valid=1.0000 routes=17.383 grad=2.4996 seconds=131.7
Epoch 1748/5000: score=18.520273 loss=-0.259953 valid=1.0000 routes=16.763 grad=2.3953 seconds=130.6
Epoch 1749/5000: score=19.165635 loss=-0.271910 valid=1.0000 routes=17.135 grad=2.6244 seconds=131.0
Epoch 1750/5000: score=18.891515 loss=-0.275093 valid=1.0000 routes=16.547 grad=2.5102 seconds=131.7
Epoch 1751/5000: score=18.334679 loss=-0.261921 valid=1.0000 routes=15.867 grad=2.3997 seconds=131.8
Epoch 1752/5000: score=18.705194 loss=-0.270765 valid=1.0000 routes=16.211 grad=2.5145 seconds=134.7
Epoch 1753/5000: score=18.917307 loss=-0.253653 valid=1.0000 routes=17.118 grad=2.4146 seconds=131.5
Epoch 1754/5000: score=18.483698 loss=-0.261761 valid=1.0000 routes=16.400 grad=2.4365 seconds=131.1
Epoch 1755/5000: score=18.876548 loss=-0.266782 valid=1.0000 routes=17.460 grad=2.5167 seconds=133.0
Epoch 1756/5000: score=19.296090 loss=-0.266634 valid=1.0000 routes=16.985 grad=2.5217 seconds=134.0
Epoch 1757/5000: score=19.559024 loss=-0.273050 valid=1.0000 routes=17.260 grad=2.6619 seconds=133.8
Epoch 1758/5000: score=19.010436 loss=-0.252119 valid=1.0000 routes=16.440 grad=2.4501 seconds=133.2
Epoch 1759/5000: score=19.368497 loss=-0.263346 valid=1.0000 routes=17.614 grad=2.5952 seconds=131.7
Epoch 1760/5000: score=20.188552 loss=-0.282195 valid=1.0000 routes=18.967 grad=2.9524 seconds=132.8
Epoch 1761/5000: score=18.870995 loss=-0.268396 valid=1.0000 routes=17.177 grad=2.5651 seconds=133.4
Epoch 1762/5000: score=19.458720 loss=-0.266411 valid=1.0000 routes=16.692 grad=2.5518 seconds=133.2
Epoch 1763/5000: score=18.552797 loss=-0.276405 valid=1.0000 routes=15.974 grad=2.4471 seconds=132.9
Epoch 1764/5000: score=19.848592 loss=-0.258794 valid=1.0000 routes=17.581 grad=2.6746 seconds=132.5
Epoch 1765/5000: score=19.819289 loss=-0.273767 valid=1.0000 routes=17.183 grad=2.6974 seconds=131.7
Epoch 1766/5000: score=17.668328 loss=-0.254621 valid=1.0000 routes=15.924 grad=2.2414 seconds=131.2
Epoch 1767/5000: score=19.755704 loss=-0.270358 valid=1.0000 routes=18.098 grad=2.7161 seconds=131.5
>> Invalid instances, Re-generating ...
Epoch 1768/5000: score=19.626370 loss=-0.255499 valid=1.0000 routes=18.141 grad=2.6984 seconds=131.0
Epoch 1769/5000: score=18.154806 loss=-0.258660 valid=1.0000 routes=16.390 grad=2.3291 seconds=131.5
Epoch 1770/5000: score=17.159371 loss=-0.251272 valid=1.0000 routes=14.830 grad=2.0912 seconds=132.0
Epoch 1771/5000: score=18.968421 loss=-0.264525 valid=1.0000 routes=16.948 grad=2.5151 seconds=132.2
Epoch 1772/5000: score=18.877636 loss=-0.249035 valid=1.0000 routes=17.366 grad=2.4423 seconds=130.9
Epoch 1773/5000: score=19.180571 loss=-0.255303 valid=1.0000 routes=17.120 grad=2.4928 seconds=131.4
Epoch 1774/5000: score=19.547702 loss=-0.270703 valid=1.0000 routes=17.277 grad=2.6957 seconds=131.6
Epoch 1775/5000: score=19.057678 loss=-0.268812 valid=1.0000 routes=17.029 grad=2.5094 seconds=132.9
Epoch 1776/5000: score=18.512223 loss=-0.258008 valid=1.0000 routes=15.932 grad=2.3101 seconds=130.8
Epoch 1777/5000: score=18.954973 loss=-0.251285 valid=1.0000 routes=17.123 grad=2.4615 seconds=131.3
Epoch 1778/5000: score=19.214761 loss=-0.268595 valid=1.0000 routes=16.501 grad=2.6091 seconds=131.8
Epoch 1779/5000: score=19.345032 loss=-0.255020 valid=1.0000 routes=17.208 grad=2.5909 seconds=132.6
Epoch 1780/5000: score=19.244935 loss=-0.261950 valid=1.0000 routes=17.949 grad=2.5502 seconds=132.6
Epoch 1781/5000: score=19.301647 loss=-0.251359 valid=1.0000 routes=17.374 grad=2.5836 seconds=131.6
Epoch 1782/5000: score=18.733246 loss=-0.263700 valid=1.0000 routes=16.821 grad=2.4485 seconds=131.8
Epoch 1783/5000: score=18.472947 loss=-0.255752 valid=1.0000 routes=16.493 grad=2.3255 seconds=132.3
Epoch 1784/5000: score=18.565979 loss=-0.257931 valid=1.0000 routes=15.906 grad=2.4055 seconds=130.9
Epoch 1785/5000: score=19.605785 loss=-0.270754 valid=1.0000 routes=16.617 grad=2.6241 seconds=132.0
Epoch 1786/5000: score=18.881372 loss=-0.254717 valid=1.0000 routes=16.830 grad=2.4862 seconds=133.2
Epoch 1787/5000: score=19.658659 loss=-0.260436 valid=1.0000 routes=17.617 grad=2.6616 seconds=132.7
Epoch 1788/5000: score=19.278116 loss=-0.261037 valid=1.0000 routes=17.840 grad=2.6115 seconds=132.3
Epoch 1789/5000: score=19.440432 loss=-0.256859 valid=1.0000 routes=16.802 grad=2.5168 seconds=132.4
Epoch 1790/5000: score=19.428574 loss=-0.255087 valid=1.0000 routes=17.531 grad=2.5876 seconds=132.9
Epoch 1791/5000: score=19.940640 loss=-0.253339 valid=1.0000 routes=17.931 grad=2.6716 seconds=132.3
Epoch 1792/5000: score=18.609642 loss=-0.263859 valid=1.0000 routes=16.671 grad=2.3980 seconds=132.3
Epoch 1793/5000: score=19.787647 loss=-0.270893 valid=1.0000 routes=17.551 grad=2.6722 seconds=131.7
Epoch 1794/5000: score=19.320277 loss=-0.264847 valid=1.0000 routes=17.101 grad=2.5656 seconds=130.7
Epoch 1795/5000: score=18.288835 loss=-0.252987 valid=1.0000 routes=15.747 grad=2.2854 seconds=130.2
Epoch 1796/5000: score=20.153962 loss=-0.259476 valid=1.0000 routes=18.463 grad=2.8212 seconds=131.5
Epoch 1797/5000: score=19.087149 loss=-0.257764 valid=1.0000 routes=17.161 grad=2.5732 seconds=132.5
Epoch 1798/5000: score=17.717260 loss=-0.254623 valid=1.0000 routes=15.289 grad=2.1917 seconds=129.3
Epoch 1799/5000: score=19.633115 loss=-0.261633 valid=1.0000 routes=17.717 grad=2.6920 seconds=132.6
Epoch 1800/5000: score=18.924016 loss=-0.251940 valid=1.0000 routes=16.388 grad=2.4180 seconds=131.5
Epoch 1801/5000: score=17.370665 loss=-0.256799 valid=1.0000 routes=15.533 grad=2.1829 seconds=130.9
Epoch 1802/5000: score=18.634687 loss=-0.264205 valid=1.0000 routes=17.336 grad=2.5388 seconds=131.5
Epoch 1803/5000: score=18.582344 loss=-0.270749 valid=1.0000 routes=16.615 grad=2.4602 seconds=127.7
Epoch 1804/5000: score=18.893989 loss=-0.261674 valid=1.0000 routes=17.005 grad=2.4560 seconds=132.0
Epoch 1805/5000: score=19.075556 loss=-0.261340 valid=1.0000 routes=16.747 grad=2.5418 seconds=131.6
Epoch 1806/5000: score=18.716641 loss=-0.262846 valid=1.0000 routes=16.477 grad=2.4355 seconds=131.7
Epoch 1807/5000: score=18.748269 loss=-0.267511 valid=1.0000 routes=16.582 grad=2.4066 seconds=133.0
Epoch 1808/5000: score=19.371043 loss=-0.250859 valid=1.0000 routes=18.303 grad=2.5853 seconds=133.0
Epoch 1809/5000: score=19.504059 loss=-0.268495 valid=1.0000 routes=17.503 grad=2.6790 seconds=132.6
Epoch 1810/5000: score=19.138837 loss=-0.272428 valid=1.0000 routes=16.476 grad=2.5781 seconds=132.4
Epoch 1811/5000: score=18.863347 loss=-0.267360 valid=1.0000 routes=17.188 grad=2.6061 seconds=131.3
Epoch 1812/5000: score=19.589298 loss=-0.268386 valid=1.0000 routes=17.036 grad=2.6210 seconds=131.3
Epoch 1813/5000: score=19.543869 loss=-0.262111 valid=1.0000 routes=16.796 grad=2.5006 seconds=131.7
Epoch 1814/5000: score=18.424804 loss=-0.266475 valid=1.0000 routes=16.253 grad=2.4116 seconds=132.9
Epoch 1815/5000: score=18.058840 loss=-0.251723 valid=1.0000 routes=16.145 grad=2.2845 seconds=131.9
Epoch 1816/5000: score=19.333768 loss=-0.271217 valid=1.0000 routes=16.519 grad=2.5728 seconds=131.1
Epoch 1817/5000: score=18.967174 loss=-0.262005 valid=1.0000 routes=16.861 grad=2.5164 seconds=131.1
Epoch 1818/5000: score=18.611280 loss=-0.258079 valid=1.0000 routes=16.828 grad=2.4904 seconds=131.2
Epoch 1819/5000: score=20.076688 loss=-0.266539 valid=1.0000 routes=18.053 grad=2.8043 seconds=132.1
Epoch 1820/5000: score=18.408917 loss=-0.256822 valid=1.0000 routes=16.336 grad=2.3816 seconds=131.9
Epoch 1821/5000: score=19.151377 loss=-0.273918 valid=1.0000 routes=16.803 grad=2.5444 seconds=131.3
Epoch 1822/5000: score=18.403296 loss=-0.254599 valid=1.0000 routes=16.805 grad=2.3683 seconds=130.2
Epoch 1823/5000: score=18.970697 loss=-0.269292 valid=1.0000 routes=16.663 grad=2.4924 seconds=131.8
Epoch 1824/5000: score=19.456191 loss=-0.265487 valid=1.0000 routes=17.451 grad=2.5956 seconds=130.1
Epoch 1825/5000: score=19.373304 loss=-0.254822 valid=1.0000 routes=17.497 grad=2.5483 seconds=129.0
Epoch 1826/5000: score=18.676451 loss=-0.269580 valid=1.0000 routes=15.717 grad=2.4062 seconds=129.7
Epoch 1827/5000: score=18.331618 loss=-0.252817 valid=1.0000 routes=16.733 grad=2.3719 seconds=128.3
Epoch 1828/5000: score=18.977908 loss=-0.262381 valid=1.0000 routes=16.798 grad=2.4799 seconds=128.0
Epoch 1829/5000: score=18.407068 loss=-0.262712 valid=1.0000 routes=16.376 grad=2.4120 seconds=127.9
Epoch 1830/5000: score=19.433885 loss=-0.254401 valid=1.0000 routes=17.819 grad=2.5576 seconds=128.0
Epoch 1831/5000: score=19.445627 loss=-0.266252 valid=1.0000 routes=16.655 grad=2.5782 seconds=129.1
Epoch 1832/5000: score=19.434804 loss=-0.260074 valid=1.0000 routes=17.563 grad=2.5916 seconds=129.3
Epoch 1833/5000: score=19.448335 loss=-0.255364 valid=1.0000 routes=17.628 grad=2.4998 seconds=129.3
Epoch 1834/5000: score=19.270151 loss=-0.263109 valid=1.0000 routes=16.660 grad=2.5186 seconds=129.3
Epoch 1835/5000: score=18.761258 loss=-0.255032 valid=1.0000 routes=17.326 grad=2.3940 seconds=129.5
Epoch 1836/5000: score=20.075798 loss=-0.260854 valid=1.0000 routes=17.817 grad=2.6865 seconds=130.0
Epoch 1837/5000: score=19.342687 loss=-0.254766 valid=1.0000 routes=18.597 grad=2.6118 seconds=128.8
Epoch 1838/5000: score=19.815026 loss=-0.262229 valid=1.0000 routes=17.472 grad=2.7090 seconds=129.7
Epoch 1839/5000: score=19.485422 loss=-0.264058 valid=1.0000 routes=16.529 grad=2.6309 seconds=131.2
Epoch 1840/5000: score=18.292878 loss=-0.265731 valid=1.0000 routes=16.031 grad=2.4080 seconds=132.1
Epoch 1841/5000: score=19.252695 loss=-0.259130 valid=1.0000 routes=16.880 grad=2.5331 seconds=129.8
Epoch 1842/5000: score=18.634430 loss=-0.251467 valid=1.0000 routes=16.373 grad=2.3887 seconds=131.1
Epoch 1843/5000: score=19.294363 loss=-0.254736 valid=1.0000 routes=17.937 grad=2.5808 seconds=131.4
Epoch 1844/5000: score=18.925071 loss=-0.259155 valid=1.0000 routes=16.550 grad=2.4658 seconds=130.8
Epoch 1845/5000: score=18.612561 loss=-0.263037 valid=1.0000 routes=16.179 grad=2.4330 seconds=130.7
Epoch 1846/5000: score=17.909500 loss=-0.259115 valid=1.0000 routes=15.978 grad=2.3196 seconds=131.3
Epoch 1847/5000: score=19.154958 loss=-0.266776 valid=1.0000 routes=16.787 grad=2.5042 seconds=131.0
Epoch 1848/5000: score=19.375221 loss=-0.254648 valid=1.0000 routes=17.837 grad=2.6137 seconds=130.7
Epoch 1849/5000: score=17.923973 loss=-0.247973 valid=1.0000 routes=16.583 grad=2.3050 seconds=129.8
Epoch 1850/5000: score=19.018850 loss=-0.262532 valid=1.0000 routes=16.217 grad=2.4084 seconds=130.2
Epoch 1851/5000: score=19.451453 loss=-0.261481 valid=1.0000 routes=17.286 grad=2.5813 seconds=131.0
Epoch 1852/5000: score=19.426678 loss=-0.268401 valid=1.0000 routes=17.761 grad=2.6743 seconds=132.6
Epoch 1853/5000: score=18.810090 loss=-0.260249 valid=1.0000 routes=15.837 grad=2.3854 seconds=131.1
Epoch 1854/5000: score=19.082833 loss=-0.268298 valid=1.0000 routes=16.906 grad=2.5711 seconds=131.7
Epoch 1855/5000: score=18.521108 loss=-0.258281 valid=1.0000 routes=17.052 grad=2.4117 seconds=131.3
Epoch 1856/5000: score=18.833820 loss=-0.264318 valid=1.0000 routes=16.545 grad=2.4971 seconds=130.6
Epoch 1857/5000: score=18.711472 loss=-0.265223 valid=1.0000 routes=17.219 grad=2.4608 seconds=130.5
Epoch 1858/5000: score=18.492921 loss=-0.273083 valid=1.0000 routes=16.181 grad=2.4556 seconds=130.9
Epoch 1859/5000: score=18.553043 loss=-0.259736 valid=1.0000 routes=17.192 grad=2.4219 seconds=131.3
Epoch 1860/5000: score=18.061170 loss=-0.257974 valid=1.0000 routes=16.428 grad=2.3329 seconds=130.6
Epoch 1861/5000: score=18.247142 loss=-0.247790 valid=1.0000 routes=16.186 grad=2.3396 seconds=130.8
Epoch 1862/5000: score=18.375406 loss=-0.256056 valid=1.0000 routes=16.183 grad=2.3171 seconds=130.0
Epoch 1863/5000: score=18.549425 loss=-0.263659 valid=1.0000 routes=16.374 grad=2.4186 seconds=130.9
Epoch 1864/5000: score=18.503875 loss=-0.265525 valid=1.0000 routes=15.867 grad=2.3921 seconds=131.6
Epoch 1865/5000: score=17.723507 loss=-0.263881 valid=1.0000 routes=15.275 grad=2.2387 seconds=131.8
Epoch 1866/5000: score=18.878028 loss=-0.256736 valid=1.0000 routes=16.620 grad=2.4223 seconds=131.6
Epoch 1867/5000: score=19.388004 loss=-0.253234 valid=1.0000 routes=17.166 grad=2.5871 seconds=130.0
Epoch 1868/5000: score=18.147240 loss=-0.258320 valid=1.0000 routes=16.450 grad=2.3685 seconds=129.6
Epoch 1869/5000: score=18.254336 loss=-0.256665 valid=1.0000 routes=16.568 grad=2.3855 seconds=129.7
Epoch 1870/5000: score=18.892502 loss=-0.270866 valid=1.0000 routes=16.329 grad=2.4798 seconds=130.0
Epoch 1871/5000: score=18.365237 loss=-0.257302 valid=1.0000 routes=16.297 grad=2.3388 seconds=130.5
Epoch 1872/5000: score=19.312140 loss=-0.259927 valid=1.0000 routes=16.441 grad=2.5222 seconds=130.9
Epoch 1873/5000: score=18.034195 loss=-0.262040 valid=1.0000 routes=15.733 grad=2.2783 seconds=129.2
Epoch 1874/5000: score=19.090124 loss=-0.261128 valid=1.0000 routes=17.121 grad=2.5912 seconds=130.0
Epoch 1875/5000: score=19.445610 loss=-0.272733 valid=1.0000 routes=16.812 grad=2.5950 seconds=129.4
Epoch 1876/5000: score=19.430467 loss=-0.262755 valid=1.0000 routes=18.066 grad=2.5953 seconds=130.6
Epoch 1877/5000: score=18.662912 loss=-0.263272 valid=1.0000 routes=16.270 grad=2.4100 seconds=131.8
Epoch 1878/5000: score=17.920934 loss=-0.262239 valid=1.0000 routes=15.583 grad=2.3126 seconds=132.3
Epoch 1879/5000: score=19.636485 loss=-0.273419 valid=1.0000 routes=17.805 grad=2.7661 seconds=131.6
Epoch 1880/5000: score=18.510873 loss=-0.270862 valid=1.0000 routes=15.994 grad=2.4512 seconds=131.7
Epoch 1881/5000: score=18.664230 loss=-0.262835 valid=1.0000 routes=15.728 grad=2.4109 seconds=131.4
Epoch 1882/5000: score=18.844999 loss=-0.267226 valid=1.0000 routes=16.777 grad=2.5043 seconds=131.1
Epoch 1883/5000: score=18.451544 loss=-0.265021 valid=1.0000 routes=16.356 grad=2.4441 seconds=131.4
Epoch 1884/5000: score=19.315169 loss=-0.260366 valid=1.0000 routes=17.613 grad=2.6123 seconds=131.1
Epoch 1885/5000: score=18.137393 loss=-0.249222 valid=1.0000 routes=17.213 grad=2.3438 seconds=130.0
Epoch 1886/5000: score=18.964570 loss=-0.253437 valid=1.0000 routes=17.054 grad=2.4747 seconds=129.6
Epoch 1887/5000: score=18.376785 loss=-0.258368 valid=1.0000 routes=15.501 grad=2.3321 seconds=128.8
Epoch 1888/5000: score=19.136636 loss=-0.272224 valid=1.0000 routes=17.068 grad=2.6106 seconds=127.6
Epoch 1889/5000: score=20.376948 loss=-0.260328 valid=1.0000 routes=18.492 grad=2.7774 seconds=128.6
Epoch 1890/5000: score=18.121976 loss=-0.264817 valid=1.0000 routes=15.612 grad=2.3050 seconds=129.9
Epoch 1891/5000: score=19.612325 loss=-0.271283 valid=1.0000 routes=17.581 grad=2.6971 seconds=130.3
Epoch 1892/5000: score=19.697158 loss=-0.269060 valid=1.0000 routes=16.712 grad=2.6486 seconds=131.1
Epoch 1893/5000: score=19.012534 loss=-0.249793 valid=1.0000 routes=16.594 grad=2.4467 seconds=130.6
Epoch 1894/5000: score=20.935453 loss=-0.269878 valid=1.0000 routes=19.018 grad=2.9467 seconds=130.4
Epoch 1895/5000: score=18.715651 loss=-0.258756 valid=1.0000 routes=16.800 grad=2.3861 seconds=130.6
Epoch 1896/5000: score=19.372322 loss=-0.260488 valid=1.0000 routes=17.634 grad=2.5799 seconds=130.1
Epoch 1897/5000: score=18.944065 loss=-0.250295 valid=1.0000 routes=16.827 grad=2.4212 seconds=130.7
Epoch 1898/5000: score=18.442343 loss=-0.253763 valid=1.0000 routes=16.971 grad=2.3877 seconds=130.1
Epoch 1899/5000: score=18.962160 loss=-0.266268 valid=1.0000 routes=16.791 grad=2.5787 seconds=131.9
Epoch 1900/5000: score=19.639376 loss=-0.249170 valid=1.0000 routes=17.452 grad=2.6170 seconds=129.8
Epoch 1901/5000: score=18.209368 loss=-0.262019 valid=1.0000 routes=15.955 grad=2.3270 seconds=129.6
Epoch 1902/5000: score=19.829981 loss=-0.271387 valid=1.0000 routes=18.098 grad=2.7475 seconds=129.3
Epoch 1903/5000: score=18.790485 loss=-0.250775 valid=1.0000 routes=16.703 grad=2.4227 seconds=129.8
Epoch 1904/5000: score=19.118395 loss=-0.270332 valid=1.0000 routes=16.744 grad=2.5685 seconds=129.7
Epoch 1905/5000: score=18.437883 loss=-0.264355 valid=1.0000 routes=15.803 grad=2.3723 seconds=130.6
Epoch 1906/5000: score=17.777990 loss=-0.270159 valid=1.0000 routes=15.409 grad=2.2821 seconds=131.2
Epoch 1907/5000: score=19.647358 loss=-0.258217 valid=1.0000 routes=17.349 grad=2.6231 seconds=130.5
Epoch 1908/5000: score=18.410977 loss=-0.261115 valid=1.0000 routes=16.149 grad=2.3291 seconds=130.8
Epoch 1909/5000: score=19.079355 loss=-0.260343 valid=1.0000 routes=17.762 grad=2.5839 seconds=131.4
Epoch 1910/5000: score=18.410116 loss=-0.256898 valid=1.0000 routes=17.314 grad=2.4125 seconds=130.1
Epoch 1911/5000: score=17.857015 loss=-0.259231 valid=1.0000 routes=16.889 grad=2.3188 seconds=130.1
Epoch 1912/5000: score=19.005739 loss=-0.271999 valid=1.0000 routes=16.739 grad=2.5084 seconds=131.1
Epoch 1913/5000: score=18.602139 loss=-0.261294 valid=1.0000 routes=17.267 grad=2.4569 seconds=129.9
Epoch 1914/5000: score=19.510383 loss=-0.266688 valid=1.0000 routes=17.052 grad=2.5834 seconds=130.6
Epoch 1915/5000: score=19.941209 loss=-0.268765 valid=1.0000 routes=17.194 grad=2.6829 seconds=130.4
Epoch 1916/5000: score=18.091633 loss=-0.253576 valid=1.0000 routes=16.264 grad=2.3512 seconds=131.2
Epoch 1917/5000: score=18.333639 loss=-0.252149 valid=1.0000 routes=16.827 grad=2.3726 seconds=130.4
Epoch 1918/5000: score=19.932811 loss=-0.269912 valid=1.0000 routes=18.551 grad=2.7856 seconds=131.5
Epoch 1919/5000: score=18.688098 loss=-0.266534 valid=1.0000 routes=16.705 grad=2.4835 seconds=130.1
Epoch 1920/5000: score=19.295183 loss=-0.267678 valid=1.0000 routes=16.534 grad=2.5392 seconds=130.7
Epoch 1921/5000: score=20.324528 loss=-0.264166 valid=1.0000 routes=17.968 grad=2.7070 seconds=130.0
Epoch 1922/5000: score=18.410208 loss=-0.250729 valid=1.0000 routes=16.709 grad=2.3720 seconds=130.8
Epoch 1923/5000: score=18.912706 loss=-0.263958 valid=1.0000 routes=16.155 grad=2.5069 seconds=130.7
Epoch 1924/5000: score=18.881094 loss=-0.266706 valid=1.0000 routes=16.424 grad=2.4641 seconds=130.4
Epoch 1925/5000: score=18.614316 loss=-0.253224 valid=1.0000 routes=16.518 grad=2.3533 seconds=129.3
Epoch 1926/5000: score=19.738889 loss=-0.265535 valid=1.0000 routes=17.946 grad=2.7091 seconds=129.7
Epoch 1927/5000: score=18.485996 loss=-0.263174 valid=1.0000 routes=17.493 grad=2.4632 seconds=129.4
Epoch 1928/5000: score=19.296070 loss=-0.258125 valid=1.0000 routes=17.589 grad=2.5446 seconds=128.1
Epoch 1929/5000: score=19.242331 loss=-0.246554 valid=1.0000 routes=17.365 grad=2.4540 seconds=129.0
Epoch 1930/5000: score=18.796312 loss=-0.272229 valid=1.0000 routes=17.447 grad=2.5700 seconds=130.1
Epoch 1931/5000: score=18.873061 loss=-0.256561 valid=1.0000 routes=16.891 grad=2.4571 seconds=130.5
Epoch 1932/5000: score=18.923505 loss=-0.260600 valid=1.0000 routes=17.266 grad=2.4844 seconds=131.7
Epoch 1933/5000: score=18.144173 loss=-0.255226 valid=1.0000 routes=16.334 grad=2.2804 seconds=131.0
Epoch 1934/5000: score=19.032002 loss=-0.258159 valid=1.0000 routes=16.356 grad=2.5654 seconds=131.3
Epoch 1935/5000: score=19.217053 loss=-0.263289 valid=1.0000 routes=17.173 grad=2.5726 seconds=131.3
Epoch 1936/5000: score=19.447621 loss=-0.260044 valid=1.0000 routes=17.764 grad=2.6204 seconds=130.6
Epoch 1937/5000: score=18.302840 loss=-0.252012 valid=1.0000 routes=16.570 grad=2.3339 seconds=131.1
Epoch 1938/5000: score=18.592087 loss=-0.255621 valid=1.0000 routes=16.291 grad=2.3474 seconds=130.7
Epoch 1939/5000: score=18.251544 loss=-0.254550 valid=1.0000 routes=16.127 grad=2.3655 seconds=130.9
Epoch 1940/5000: score=19.094729 loss=-0.255636 valid=1.0000 routes=16.612 grad=2.5205 seconds=129.9
Epoch 1941/5000: score=19.427990 loss=-0.258775 valid=1.0000 routes=17.110 grad=2.5853 seconds=130.5
Epoch 1942/5000: score=20.656846 loss=-0.271746 valid=1.0000 routes=18.331 grad=2.8279 seconds=131.2
Epoch 1943/5000: score=19.571451 loss=-0.265461 valid=1.0000 routes=16.432 grad=2.6287 seconds=132.1
Epoch 1944/5000: score=18.365314 loss=-0.253870 valid=1.0000 routes=15.659 grad=2.3483 seconds=132.5
Epoch 1945/5000: score=18.436423 loss=-0.244441 valid=1.0000 routes=16.891 grad=2.3208 seconds=131.2
Epoch 1946/5000: score=17.729455 loss=-0.264347 valid=1.0000 routes=15.098 grad=2.2636 seconds=131.9
Epoch 1947/5000: score=19.346799 loss=-0.261210 valid=1.0000 routes=17.709 grad=2.5684 seconds=130.8
Epoch 1948/5000: score=19.144882 loss=-0.254607 valid=1.0000 routes=17.355 grad=2.5272 seconds=131.4
Epoch 1949/5000: score=19.379355 loss=-0.258514 valid=1.0000 routes=17.637 grad=2.5638 seconds=130.1
Epoch 1950/5000: score=19.395849 loss=-0.267765 valid=1.0000 routes=16.819 grad=2.5772 seconds=128.3
Epoch 1951/5000: score=18.814268 loss=-0.254731 valid=1.0000 routes=17.164 grad=2.4712 seconds=126.0
Epoch 1952/5000: score=18.731020 loss=-0.259097 valid=1.0000 routes=16.778 grad=2.3573 seconds=130.9
Epoch 1953/5000: score=17.775449 loss=-0.253345 valid=1.0000 routes=15.926 grad=2.1879 seconds=130.7
Epoch 1954/5000: score=18.634367 loss=-0.259487 valid=1.0000 routes=16.486 grad=2.4546 seconds=129.9
Epoch 1955/5000: score=18.524778 loss=-0.254248 valid=1.0000 routes=17.399 grad=2.4329 seconds=130.8
Epoch 1956/5000: score=20.123165 loss=-0.267851 valid=1.0000 routes=18.094 grad=2.7588 seconds=131.7
Epoch 1957/5000: score=17.613630 loss=-0.252335 valid=1.0000 routes=15.583 grad=2.1618 seconds=132.2
Epoch 1958/5000: score=18.708235 loss=-0.264614 valid=1.0000 routes=16.593 grad=2.4675 seconds=131.7
Epoch 1959/5000: score=19.221266 loss=-0.259681 valid=1.0000 routes=17.087 grad=2.5198 seconds=131.2
Epoch 1960/5000: score=18.874488 loss=-0.260420 valid=1.0000 routes=17.092 grad=2.4823 seconds=131.1
Epoch 1961/5000: score=17.749629 loss=-0.260298 valid=1.0000 routes=15.705 grad=2.2754 seconds=130.9
Epoch 1962/5000: score=17.649816 loss=-0.251761 valid=1.0000 routes=15.813 grad=2.1586 seconds=128.8
Epoch 1963/5000: score=18.195033 loss=-0.252490 valid=1.0000 routes=16.399 grad=2.2628 seconds=129.2
Epoch 1964/5000: score=18.762133 loss=-0.270839 valid=1.0000 routes=16.854 grad=2.4989 seconds=129.3
Epoch 1965/5000: score=18.675869 loss=-0.254803 valid=1.0000 routes=16.105 grad=2.3271 seconds=129.1
Epoch 1966/5000: score=18.986635 loss=-0.265361 valid=1.0000 routes=16.831 grad=2.4904 seconds=129.4
Epoch 1967/5000: score=19.473321 loss=-0.253604 valid=1.0000 routes=18.235 grad=2.6190 seconds=128.9
Epoch 1968/5000: score=18.264480 loss=-0.265604 valid=1.0000 routes=15.040 grad=2.2516 seconds=129.5
Epoch 1969/5000: score=19.471840 loss=-0.254857 valid=1.0000 routes=17.413 grad=2.5672 seconds=128.7
Epoch 1970/5000: score=18.139356 loss=-0.261132 valid=1.0000 routes=15.913 grad=2.3199 seconds=131.1
Epoch 1971/5000: score=18.884249 loss=-0.258577 valid=1.0000 routes=16.842 grad=2.4504 seconds=130.2
Epoch 1972/5000: score=19.214803 loss=-0.260736 valid=1.0000 routes=17.961 grad=2.5785 seconds=130.9
Epoch 1973/5000: score=19.340201 loss=-0.261312 valid=1.0000 routes=16.689 grad=2.4977 seconds=130.5
Epoch 1974/5000: score=19.250547 loss=-0.268676 valid=1.0000 routes=17.753 grad=2.6341 seconds=130.1
Epoch 1975/5000: score=18.165621 loss=-0.255858 valid=1.0000 routes=16.526 grad=2.3004 seconds=130.4
Epoch 1976/5000: score=19.596143 loss=-0.270557 valid=1.0000 routes=16.812 grad=2.6624 seconds=129.5
Epoch 1977/5000: score=20.224497 loss=-0.263158 valid=1.0000 routes=18.410 grad=2.7663 seconds=129.1
Epoch 1978/5000: score=19.623204 loss=-0.263655 valid=1.0000 routes=18.336 grad=2.7281 seconds=129.6
Epoch 1979/5000: score=18.100694 loss=-0.262729 valid=1.0000 routes=16.086 grad=2.3643 seconds=130.6
Epoch 1980/5000: score=19.562357 loss=-0.277891 valid=1.0000 routes=17.171 grad=2.7151 seconds=129.9
Epoch 1981/5000: score=19.079774 loss=-0.257651 valid=1.0000 routes=17.799 grad=2.5273 seconds=130.7
Epoch 1982/5000: score=18.184938 loss=-0.261317 valid=1.0000 routes=15.426 grad=2.3003 seconds=130.8
Epoch 1983/5000: score=18.892575 loss=-0.261483 valid=1.0000 routes=17.298 grad=2.4531 seconds=130.4
Epoch 1984/5000: score=19.598982 loss=-0.265208 valid=1.0000 routes=17.319 grad=2.6552 seconds=130.4
Epoch 1985/5000: score=18.445963 loss=-0.268984 valid=1.0000 routes=16.452 grad=2.4515 seconds=130.3
Epoch 1986/5000: score=19.154045 loss=-0.258113 valid=1.0000 routes=16.990 grad=2.5272 seconds=129.8
Epoch 1987/5000: score=18.981966 loss=-0.254054 valid=1.0000 routes=17.402 grad=2.5062 seconds=129.6
Epoch 1988/5000: score=18.697478 loss=-0.260632 valid=1.0000 routes=16.243 grad=2.3855 seconds=130.3
Epoch 1989/5000: score=18.460523 loss=-0.258655 valid=1.0000 routes=16.848 grad=2.3865 seconds=132.8
Epoch 1990/5000: score=18.301570 loss=-0.247494 valid=1.0000 routes=15.827 grad=2.2186 seconds=130.1
Epoch 1991/5000: score=19.638191 loss=-0.280422 valid=1.0000 routes=16.790 grad=2.6806 seconds=131.0
Epoch 1992/5000: score=19.661303 loss=-0.258399 valid=1.0000 routes=17.637 grad=2.6501 seconds=131.0
Epoch 1993/5000: score=18.672297 loss=-0.260496 valid=1.0000 routes=16.503 grad=2.4500 seconds=131.0
Epoch 1994/5000: score=18.427645 loss=-0.261988 valid=1.0000 routes=17.758 grad=2.4730 seconds=131.3
Epoch 1995/5000: score=18.731795 loss=-0.269633 valid=1.0000 routes=15.990 grad=2.4713 seconds=131.1
Epoch 1996/5000: score=17.927699 loss=-0.252613 valid=1.0000 routes=15.987 grad=2.2973 seconds=130.6
Epoch 1997/5000: score=19.448459 loss=-0.252110 valid=1.0000 routes=17.574 grad=2.5444 seconds=130.3
Epoch 1998/5000: score=18.580342 loss=-0.251153 valid=1.0000 routes=15.823 grad=2.3843 seconds=130.6
Epoch 1999/5000: score=18.852484 loss=-0.262015 valid=1.0000 routes=16.774 grad=2.4753 seconds=130.4
Epoch 2000/5000: score=19.039480 loss=-0.267294 valid=1.0000 routes=16.920 grad=2.5512 seconds=130.6
Epoch 2001/5000: score=19.303146 loss=-0.262541 valid=1.0000 routes=17.716 grad=2.5574 seconds=130.4
Epoch 2002/5000: score=18.669128 loss=-0.261012 valid=1.0000 routes=16.594 grad=2.3998 seconds=130.2
Epoch 2003/5000: score=18.723052 loss=-0.259164 valid=1.0000 routes=16.821 grad=2.4758 seconds=130.8
Epoch 2004/5000: score=18.411646 loss=-0.245420 valid=1.0000 routes=17.230 grad=2.3875 seconds=128.6
Epoch 2005/5000: score=19.034424 loss=-0.261685 valid=1.0000 routes=16.472 grad=2.4334 seconds=129.1
Epoch 2006/5000: score=19.609139 loss=-0.255164 valid=1.0000 routes=17.409 grad=2.6070 seconds=128.9
Epoch 2007/5000: score=17.875404 loss=-0.245909 valid=1.0000 routes=16.275 grad=2.2052 seconds=129.1
>> Invalid instances, Re-generating ...
Epoch 2008/5000: score=19.014240 loss=-0.255215 valid=1.0000 routes=16.890 grad=2.4660 seconds=128.7
>> Invalid instances, Re-generating ...
>> Invalid instances, Re-generating ...
Epoch 2009/5000: score=20.284278 loss=-0.267175 valid=1.0000 routes=18.550 grad=2.8048 seconds=129.1
Epoch 2010/5000: score=20.111225 loss=-0.263447 valid=1.0000 routes=18.680 grad=2.7754 seconds=129.6
Epoch 2011/5000: score=17.907454 loss=-0.268053 valid=1.0000 routes=15.066 grad=2.2397 seconds=129.9
Epoch 2012/5000: score=18.917188 loss=-0.261207 valid=1.0000 routes=16.036 grad=2.4641 seconds=128.1
Epoch 2013/5000: score=18.097586 loss=-0.243663 valid=1.0000 routes=15.837 grad=2.2057 seconds=127.3
Epoch 2014/5000: score=19.381275 loss=-0.259015 valid=1.0000 routes=17.040 grad=2.6629 seconds=127.8
Epoch 2015/5000: score=18.412090 loss=-0.267755 valid=1.0000 routes=15.983 grad=2.4397 seconds=128.6
Epoch 2016/5000: score=17.986959 loss=-0.251835 valid=1.0000 routes=15.653 grad=2.2461 seconds=128.1
Epoch 2017/5000: score=18.721798 loss=-0.255202 valid=1.0000 routes=17.247 grad=2.4510 seconds=128.0
Epoch 2018/5000: score=19.359620 loss=-0.256742 valid=1.0000 routes=17.325 grad=2.5639 seconds=128.2
Epoch 2019/5000: score=19.394977 loss=-0.265794 valid=1.0000 routes=17.076 grad=2.6311 seconds=128.7
Epoch 2020/5000: score=18.643784 loss=-0.257575 valid=1.0000 routes=16.313 grad=2.4603 seconds=129.1
Epoch 2021/5000: score=19.807487 loss=-0.265364 valid=1.0000 routes=17.351 grad=2.6974 seconds=128.3
Epoch 2022/5000: score=18.579995 loss=-0.256944 valid=1.0000 routes=16.531 grad=2.4335 seconds=128.6
Epoch 2023/5000: score=17.893950 loss=-0.264074 valid=1.0000 routes=15.488 grad=2.3501 seconds=128.6
Epoch 2024/5000: score=19.344939 loss=-0.259277 valid=1.0000 routes=17.217 grad=2.5989 seconds=129.7
Epoch 2025/5000: score=18.344780 loss=-0.247215 valid=1.0000 routes=16.542 grad=2.3770 seconds=130.4
Epoch 2026/5000: score=18.337245 loss=-0.256708 valid=1.0000 routes=16.037 grad=2.3294 seconds=130.4
Epoch 2027/5000: score=18.059431 loss=-0.258009 valid=1.0000 routes=15.282 grad=2.2408 seconds=130.7
Epoch 2028/5000: score=18.121138 loss=-0.260232 valid=1.0000 routes=15.847 grad=2.3358 seconds=131.6
Epoch 2029/5000: score=19.024730 loss=-0.239457 valid=1.0000 routes=16.468 grad=2.3566 seconds=130.7
Epoch 2030/5000: score=18.367206 loss=-0.255703 valid=1.0000 routes=16.631 grad=2.4060 seconds=132.5
Epoch 2031/5000: score=19.371696 loss=-0.257951 valid=1.0000 routes=16.879 grad=2.5418 seconds=131.7
Epoch 2032/5000: score=18.379521 loss=-0.254875 valid=1.0000 routes=16.249 grad=2.3428 seconds=130.8
Epoch 2033/5000: score=18.662716 loss=-0.246497 valid=1.0000 routes=16.490 grad=2.4085 seconds=131.0
Epoch 2034/5000: score=18.356826 loss=-0.257964 valid=1.0000 routes=15.999 grad=2.3559 seconds=131.7
Epoch 2035/5000: score=18.794775 loss=-0.257053 valid=1.0000 routes=17.448 grad=2.5070 seconds=131.2
Epoch 2036/5000: score=18.686940 loss=-0.256580 valid=1.0000 routes=16.846 grad=2.4220 seconds=130.9
Epoch 2037/5000: score=18.595572 loss=-0.259310 valid=1.0000 routes=16.372 grad=2.4663 seconds=130.3
Epoch 2038/5000: score=19.581992 loss=-0.261516 valid=1.0000 routes=17.172 grad=2.5838 seconds=131.7
Epoch 2039/5000: score=19.749229 loss=-0.258058 valid=1.0000 routes=18.301 grad=2.7242 seconds=130.3
Epoch 2040/5000: score=18.295173 loss=-0.257424 valid=1.0000 routes=15.991 grad=2.3072 seconds=130.3
Epoch 2041/5000: score=18.658074 loss=-0.245375 valid=1.0000 routes=17.365 grad=2.3982 seconds=130.9
Epoch 2042/5000: score=19.852173 loss=-0.254616 valid=1.0000 routes=17.460 grad=2.6996 seconds=130.8
Epoch 2043/5000: score=18.460089 loss=-0.259242 valid=1.0000 routes=15.970 grad=2.3463 seconds=131.4
Epoch 2044/5000: score=19.572677 loss=-0.257844 valid=1.0000 routes=17.277 grad=2.6068 seconds=131.7
Epoch 2045/5000: score=18.717590 loss=-0.263491 valid=1.0000 routes=16.360 grad=2.4905 seconds=131.8
Epoch 2046/5000: score=18.141249 loss=-0.246521 valid=1.0000 routes=16.019 grad=2.3378 seconds=131.5
Epoch 2047/5000: score=18.370419 loss=-0.244567 valid=1.0000 routes=16.804 grad=2.3271 seconds=131.0
Epoch 2048/5000: score=17.913926 loss=-0.256689 valid=1.0000 routes=15.710 grad=2.2164 seconds=131.4
Epoch 2049/5000: score=18.069628 loss=-0.254088 valid=1.0000 routes=16.590 grad=2.3044 seconds=131.2
Epoch 2050/5000: score=18.369358 loss=-0.268000 valid=1.0000 routes=16.086 grad=2.3543 seconds=132.5
Epoch 2051/5000: score=19.697285 loss=-0.245901 valid=1.0000 routes=17.955 grad=2.6628 seconds=130.7
Epoch 2052/5000: score=19.481454 loss=-0.272903 valid=1.0000 routes=16.795 grad=2.6670 seconds=131.0
Epoch 2053/5000: score=19.091996 loss=-0.256209 valid=1.0000 routes=16.398 grad=2.4757 seconds=131.0
Epoch 2054/5000: score=18.285676 loss=-0.248664 valid=1.0000 routes=16.221 grad=2.2927 seconds=131.1
Epoch 2055/5000: score=19.685637 loss=-0.268240 valid=1.0000 routes=18.028 grad=2.6752 seconds=130.6
Epoch 2056/5000: score=18.983226 loss=-0.260944 valid=1.0000 routes=16.293 grad=2.4679 seconds=131.6
Epoch 2057/5000: score=19.532407 loss=-0.259146 valid=1.0000 routes=17.173 grad=2.6246 seconds=131.1
Epoch 2058/5000: score=19.231576 loss=-0.252282 valid=1.0000 routes=17.441 grad=2.5347 seconds=130.7
>> Invalid instances, Re-generating ...
Epoch 2059/5000: score=18.905936 loss=-0.274574 valid=1.0000 routes=16.419 grad=2.4994 seconds=130.1
Epoch 2060/5000: score=19.329498 loss=-0.257319 valid=1.0000 routes=16.983 grad=2.5532 seconds=130.1
Epoch 2061/5000: score=19.363388 loss=-0.256590 valid=1.0000 routes=17.073 grad=2.5506 seconds=128.7
Epoch 2062/5000: score=18.767505 loss=-0.256212 valid=1.0000 routes=16.477 grad=2.3967 seconds=127.8
Epoch 2063/5000: score=19.109568 loss=-0.254161 valid=1.0000 routes=16.428 grad=2.4571 seconds=127.7
Epoch 2064/5000: score=19.013189 loss=-0.255451 valid=1.0000 routes=17.508 grad=2.4842 seconds=127.8
Epoch 2065/5000: score=18.565419 loss=-0.251697 valid=1.0000 routes=17.002 grad=2.4169 seconds=129.2
Epoch 2066/5000: score=18.658371 loss=-0.267113 valid=1.0000 routes=16.166 grad=2.4384 seconds=129.0
Epoch 2067/5000: score=19.529755 loss=-0.269041 valid=1.0000 routes=17.487 grad=2.6547 seconds=128.5
Epoch 2068/5000: score=18.158491 loss=-0.260368 valid=1.0000 routes=16.256 grad=2.3739 seconds=131.2
Epoch 2069/5000: score=19.641999 loss=-0.253386 valid=1.0000 routes=17.781 grad=2.5798 seconds=129.9
Epoch 2070/5000: score=19.341502 loss=-0.266825 valid=1.0000 routes=17.027 grad=2.5924 seconds=130.4
Epoch 2071/5000: score=18.319983 loss=-0.247938 valid=1.0000 routes=16.280 grad=2.3266 seconds=130.4
Epoch 2072/5000: score=19.997199 loss=-0.257079 valid=1.0000 routes=18.840 grad=2.7344 seconds=130.0
Epoch 2073/5000: score=18.625528 loss=-0.247710 valid=1.0000 routes=16.447 grad=2.3708 seconds=130.2
Epoch 2074/5000: score=19.445562 loss=-0.251709 valid=1.0000 routes=17.909 grad=2.5987 seconds=130.4
Epoch 2075/5000: score=17.496297 loss=-0.249429 valid=1.0000 routes=15.816 grad=2.1829 seconds=130.7
Epoch 2076/5000: score=18.903625 loss=-0.256300 valid=1.0000 routes=16.718 grad=2.4584 seconds=131.4
Epoch 2077/5000: score=19.195937 loss=-0.266991 valid=1.0000 routes=16.746 grad=2.5663 seconds=131.2
Epoch 2078/5000: score=19.610483 loss=-0.259244 valid=1.0000 routes=17.102 grad=2.5872 seconds=127.5
Epoch 2079/5000: score=19.766414 loss=-0.266785 valid=1.0000 routes=18.069 grad=2.7585 seconds=128.1
Epoch 2080/5000: score=19.924876 loss=-0.257241 valid=1.0000 routes=17.617 grad=2.6965 seconds=127.8
Epoch 2081/5000: score=18.349496 loss=-0.245274 valid=1.0000 routes=17.007 grad=2.3457 seconds=130.0
Epoch 2082/5000: score=19.329266 loss=-0.262820 valid=1.0000 routes=17.148 grad=2.6252 seconds=131.8
Epoch 2083/5000: score=19.330075 loss=-0.263133 valid=1.0000 routes=17.264 grad=2.5521 seconds=131.0
Epoch 2084/5000: score=18.377080 loss=-0.246823 valid=1.0000 routes=16.913 grad=2.3573 seconds=130.0
Epoch 2085/5000: score=18.982785 loss=-0.253671 valid=1.0000 routes=16.676 grad=2.4836 seconds=131.2
Epoch 2086/5000: score=19.267089 loss=-0.256120 valid=1.0000 routes=17.044 grad=2.5130 seconds=131.8
Epoch 2087/5000: score=19.531212 loss=-0.260244 valid=1.0000 routes=17.802 grad=2.6202 seconds=131.7
Epoch 2088/5000: score=18.364635 loss=-0.250251 valid=1.0000 routes=16.062 grad=2.3112 seconds=131.8
Epoch 2089/5000: score=18.894531 loss=-0.255031 valid=1.0000 routes=16.398 grad=2.4979 seconds=132.1
>> Invalid instances, Re-generating ...
Epoch 2090/5000: score=18.504559 loss=-0.255617 valid=1.0000 routes=15.856 grad=2.3506 seconds=130.8
Epoch 2091/5000: score=19.581605 loss=-0.263300 valid=1.0000 routes=17.553 grad=2.6288 seconds=131.7
Epoch 2092/5000: score=19.813533 loss=-0.264669 valid=1.0000 routes=18.127 grad=2.7393 seconds=130.9
Epoch 2093/5000: score=19.077553 loss=-0.263336 valid=1.0000 routes=16.560 grad=2.5413 seconds=130.2
Epoch 2094/5000: score=19.011486 loss=-0.255041 valid=1.0000 routes=16.597 grad=2.5114 seconds=130.8
Epoch 2095/5000: score=18.065956 loss=-0.263477 valid=1.0000 routes=15.876 grad=2.3625 seconds=130.1
Epoch 2096/5000: score=19.297583 loss=-0.255961 valid=1.0000 routes=16.562 grad=2.5051 seconds=129.5
Epoch 2097/5000: score=17.820191 loss=-0.254190 valid=1.0000 routes=15.707 grad=2.2782 seconds=129.3
Epoch 2098/5000: score=18.950326 loss=-0.250580 valid=1.0000 routes=16.789 grad=2.4173 seconds=128.1
Epoch 2099/5000: score=19.138451 loss=-0.253423 valid=1.0000 routes=17.611 grad=2.5397 seconds=129.2
Epoch 2100/5000: score=18.561333 loss=-0.261959 valid=1.0000 routes=16.707 grad=2.4398 seconds=128.6
Epoch 2101/5000: score=19.418334 loss=-0.257019 valid=1.0000 routes=17.294 grad=2.5494 seconds=128.5
Epoch 2102/5000: score=20.125488 loss=-0.256846 valid=1.0000 routes=19.315 grad=2.7698 seconds=127.6
Epoch 2103/5000: score=18.533112 loss=-0.261284 valid=1.0000 routes=15.994 grad=2.3151 seconds=128.6
Epoch 2104/5000: score=19.783550 loss=-0.267024 valid=1.0000 routes=17.541 grad=2.6261 seconds=128.2
Epoch 2105/5000: score=17.902594 loss=-0.258759 valid=1.0000 routes=15.638 grad=2.2356 seconds=130.7
Epoch 2106/5000: score=18.902964 loss=-0.255134 valid=1.0000 routes=17.174 grad=2.5046 seconds=131.0
Epoch 2107/5000: score=18.571384 loss=-0.262488 valid=1.0000 routes=16.846 grad=2.4207 seconds=130.4
Epoch 2108/5000: score=18.727690 loss=-0.264001 valid=1.0000 routes=16.572 grad=2.5077 seconds=130.3
Epoch 2109/5000: score=19.045226 loss=-0.259122 valid=1.0000 routes=17.054 grad=2.5273 seconds=131.1
Epoch 2110/5000: score=19.475999 loss=-0.272084 valid=1.0000 routes=17.043 grad=2.6300 seconds=130.5
Epoch 2111/5000: score=18.433404 loss=-0.249057 valid=1.0000 routes=15.905 grad=2.2807 seconds=131.5
Epoch 2112/5000: score=19.647235 loss=-0.266441 valid=1.0000 routes=16.996 grad=2.6284 seconds=131.9
Epoch 2113/5000: score=19.089725 loss=-0.263985 valid=1.0000 routes=17.768 grad=2.5575 seconds=131.7
Epoch 2114/5000: score=18.533400 loss=-0.254532 valid=1.0000 routes=16.935 grad=2.3663 seconds=131.7
Epoch 2115/5000: score=19.219061 loss=-0.248333 valid=1.0000 routes=17.024 grad=2.4845 seconds=130.5
Epoch 2116/5000: score=19.755551 loss=-0.257789 valid=1.0000 routes=18.125 grad=2.7603 seconds=130.3
Epoch 2117/5000: score=19.294834 loss=-0.257299 valid=1.0000 routes=17.149 grad=2.5543 seconds=131.3
Epoch 2118/5000: score=20.385320 loss=-0.256631 valid=1.0000 routes=18.649 grad=2.8036 seconds=132.0
Epoch 2119/5000: score=18.567059 loss=-0.245489 valid=1.0000 routes=16.681 grad=2.3297 seconds=131.7
Epoch 2120/5000: score=19.150098 loss=-0.250258 valid=1.0000 routes=16.836 grad=2.3962 seconds=132.8
Epoch 2121/5000: score=18.658994 loss=-0.248241 valid=1.0000 routes=17.010 grad=2.4422 seconds=132.4
Epoch 2122/5000: score=19.490869 loss=-0.261020 valid=1.0000 routes=17.140 grad=2.6193 seconds=133.0
Epoch 2123/5000: score=19.406624 loss=-0.255915 valid=1.0000 routes=16.973 grad=2.5027 seconds=131.8
Epoch 2124/5000: score=19.575101 loss=-0.254363 valid=1.0000 routes=17.694 grad=2.6382 seconds=132.2
Epoch 2125/5000: score=20.199944 loss=-0.263689 valid=1.0000 routes=18.638 grad=2.7972 seconds=132.2
Epoch 2126/5000: score=17.316467 loss=-0.246733 valid=1.0000 routes=15.548 grad=2.1188 seconds=133.3
Epoch 2127/5000: score=18.814939 loss=-0.255083 valid=1.0000 routes=16.290 grad=2.4428 seconds=132.0
Epoch 2128/5000: score=18.887144 loss=-0.247765 valid=1.0000 routes=16.750 grad=2.4611 seconds=132.0
Epoch 2129/5000: score=20.027454 loss=-0.269880 valid=1.0000 routes=17.611 grad=2.7034 seconds=132.9
Epoch 2130/5000: score=18.617004 loss=-0.241534 valid=1.0000 routes=17.808 grad=2.4394 seconds=133.7
Epoch 2131/5000: score=17.994985 loss=-0.258012 valid=1.0000 routes=15.980 grad=2.2865 seconds=132.8
Epoch 2132/5000: score=18.643674 loss=-0.259922 valid=1.0000 routes=16.702 grad=2.4182 seconds=132.5
Epoch 2133/5000: score=19.385470 loss=-0.258938 valid=1.0000 routes=17.601 grad=2.6266 seconds=132.3
Epoch 2134/5000: score=18.041753 loss=-0.252368 valid=1.0000 routes=15.910 grad=2.2293 seconds=132.0
Epoch 2135/5000: score=17.671948 loss=-0.246623 valid=1.0000 routes=15.623 grad=2.1915 seconds=133.2
Epoch 2136/5000: score=19.617312 loss=-0.252514 valid=1.0000 routes=17.903 grad=2.6341 seconds=130.8
Epoch 2137/5000: score=18.996561 loss=-0.240721 valid=1.0000 routes=17.245 grad=2.4743 seconds=131.2
Epoch 2138/5000: score=19.035000 loss=-0.250248 valid=1.0000 routes=16.267 grad=2.4399 seconds=131.2
Epoch 2139/5000: score=18.758935 loss=-0.249289 valid=1.0000 routes=17.614 grad=2.4949 seconds=130.0
Epoch 2140/5000: score=18.825826 loss=-0.255172 valid=1.0000 routes=16.722 grad=2.5026 seconds=132.2
Epoch 2141/5000: score=18.581710 loss=-0.265485 valid=1.0000 routes=16.730 grad=2.4772 seconds=131.7
Epoch 2142/5000: score=17.946054 loss=-0.247141 valid=1.0000 routes=15.445 grad=2.1975 seconds=132.0
Epoch 2143/5000: score=18.171572 loss=-0.234115 valid=1.0000 routes=16.672 grad=2.2726 seconds=130.9
Epoch 2144/5000: score=19.274419 loss=-0.244274 valid=1.0000 routes=16.986 grad=2.4455 seconds=129.9
Epoch 2145/5000: score=18.457200 loss=-0.246778 valid=1.0000 routes=17.432 grad=2.3805 seconds=130.6
Epoch 2146/5000: score=18.504772 loss=-0.256094 valid=1.0000 routes=16.415 grad=2.4080 seconds=132.3
Epoch 2147/5000: score=20.232813 loss=-0.259137 valid=1.0000 routes=18.481 grad=2.7392 seconds=130.7
Epoch 2148/5000: score=18.356467 loss=-0.255358 valid=1.0000 routes=16.564 grad=2.3612 seconds=130.4
Epoch 2149/5000: score=19.646185 loss=-0.267330 valid=1.0000 routes=17.175 grad=2.6185 seconds=131.7
Epoch 2150/5000: score=19.098467 loss=-0.251323 valid=1.0000 routes=16.787 grad=2.4414 seconds=130.9
Epoch 2151/5000: score=18.200927 loss=-0.250186 valid=1.0000 routes=16.574 grad=2.3446 seconds=131.8
Epoch 2152/5000: score=19.036888 loss=-0.253732 valid=1.0000 routes=17.611 grad=2.5778 seconds=132.3
Epoch 2153/5000: score=18.106346 loss=-0.247489 valid=1.0000 routes=16.118 grad=2.2521 seconds=130.0
Epoch 2154/5000: score=18.681303 loss=-0.254545 valid=1.0000 routes=16.542 grad=2.4463 seconds=130.1
Epoch 2155/5000: score=18.240419 loss=-0.255468 valid=1.0000 routes=16.547 grad=2.3847 seconds=130.2
Epoch 2156/5000: score=18.563995 loss=-0.254172 valid=1.0000 routes=17.055 grad=2.4077 seconds=131.0
Epoch 2157/5000: score=18.909713 loss=-0.250928 valid=1.0000 routes=16.038 grad=2.3891 seconds=132.1
Epoch 2158/5000: score=18.609463 loss=-0.254768 valid=1.0000 routes=16.349 grad=2.3529 seconds=131.2
Epoch 2159/5000: score=19.159460 loss=-0.250619 valid=1.0000 routes=17.160 grad=2.5489 seconds=130.9
Epoch 2160/5000: score=18.298449 loss=-0.254095 valid=1.0000 routes=16.522 grad=2.4042 seconds=128.9
Epoch 2161/5000: score=19.664049 loss=-0.260849 valid=1.0000 routes=17.051 grad=2.6220 seconds=130.0
Epoch 2162/5000: score=18.745956 loss=-0.247800 valid=1.0000 routes=17.233 grad=2.4136 seconds=131.5
Epoch 2163/5000: score=18.983584 loss=-0.257721 valid=1.0000 routes=17.002 grad=2.4794 seconds=131.1
Epoch 2164/5000: score=18.172929 loss=-0.251860 valid=1.0000 routes=16.976 grad=2.3647 seconds=131.6
Epoch 2165/5000: score=17.446483 loss=-0.253142 valid=1.0000 routes=15.536 grad=2.1812 seconds=130.9
Epoch 2166/5000: score=18.040005 loss=-0.260481 valid=1.0000 routes=15.420 grad=2.2326 seconds=130.0
Epoch 2167/5000: score=19.013722 loss=-0.265683 valid=1.0000 routes=16.178 grad=2.5766 seconds=131.0
Epoch 2168/5000: score=18.308682 loss=-0.253221 valid=1.0000 routes=15.296 grad=2.2668 seconds=131.4
Epoch 2169/5000: score=18.963479 loss=-0.254080 valid=1.0000 routes=17.195 grad=2.5623 seconds=131.1
Epoch 2170/5000: score=18.516654 loss=-0.254710 valid=1.0000 routes=15.462 grad=2.3060 seconds=130.6
Epoch 2171/5000: score=19.604434 loss=-0.261893 valid=1.0000 routes=17.521 grad=2.6003 seconds=129.9
Epoch 2172/5000: score=19.759963 loss=-0.258288 valid=1.0000 routes=18.426 grad=2.6796 seconds=130.4
Epoch 2173/5000: score=19.168340 loss=-0.258464 valid=1.0000 routes=17.316 grad=2.4754 seconds=130.3
Epoch 2174/5000: score=19.582946 loss=-0.249751 valid=1.0000 routes=17.732 grad=2.5934 seconds=130.9
Epoch 2175/5000: score=19.919564 loss=-0.264899 valid=1.0000 routes=18.798 grad=2.7260 seconds=130.1
Epoch 2176/5000: score=19.480243 loss=-0.259695 valid=1.0000 routes=16.983 grad=2.5961 seconds=129.4
Epoch 2177/5000: score=20.326872 loss=-0.261525 valid=1.0000 routes=17.840 grad=2.7358 seconds=130.4
Epoch 2178/5000: score=18.797548 loss=-0.255610 valid=1.0000 routes=17.214 grad=2.4897 seconds=130.6
Epoch 2179/5000: score=19.044773 loss=-0.262409 valid=1.0000 routes=17.075 grad=2.5462 seconds=131.2
Epoch 2180/5000: score=19.316957 loss=-0.249945 valid=1.0000 routes=17.438 grad=2.5122 seconds=129.7
Epoch 2181/5000: score=19.072795 loss=-0.245855 valid=1.0000 routes=17.384 grad=2.4409 seconds=129.7
Epoch 2182/5000: score=18.127238 loss=-0.255226 valid=1.0000 routes=15.564 grad=2.2680 seconds=130.7
Epoch 2183/5000: score=19.169940 loss=-0.265451 valid=1.0000 routes=16.793 grad=2.5725 seconds=131.6
Epoch 2184/5000: score=19.044416 loss=-0.262402 valid=1.0000 routes=16.905 grad=2.5350 seconds=132.1
Epoch 2185/5000: score=18.926351 loss=-0.260918 valid=1.0000 routes=16.956 grad=2.4940 seconds=130.7
Epoch 2186/5000: score=18.489049 loss=-0.255106 valid=1.0000 routes=16.228 grad=2.3819 seconds=131.6
Epoch 2187/5000: score=18.823999 loss=-0.263330 valid=1.0000 routes=16.829 grad=2.5161 seconds=132.2
Epoch 2188/5000: score=18.726543 loss=-0.258966 valid=1.0000 routes=16.758 grad=2.4838 seconds=132.3
Epoch 2189/5000: score=20.167283 loss=-0.261218 valid=1.0000 routes=17.752 grad=2.8146 seconds=130.7
Epoch 2190/5000: score=20.208563 loss=-0.257033 valid=1.0000 routes=18.509 grad=2.7770 seconds=130.5
Epoch 2191/5000: score=19.031342 loss=-0.250356 valid=1.0000 routes=17.029 grad=2.4488 seconds=130.4
Epoch 2192/5000: score=20.131058 loss=-0.258374 valid=1.0000 routes=17.898 grad=2.6621 seconds=130.3
Epoch 2193/5000: score=18.477730 loss=-0.237777 valid=1.0000 routes=17.052 grad=2.3237 seconds=131.4
Epoch 2194/5000: score=18.840235 loss=-0.253194 valid=1.0000 routes=17.192 grad=2.4935 seconds=131.7
Epoch 2195/5000: score=19.018563 loss=-0.249837 valid=1.0000 routes=17.346 grad=2.4507 seconds=131.1
Epoch 2196/5000: score=18.638031 loss=-0.263837 valid=1.0000 routes=15.520 grad=2.4199 seconds=131.4
Epoch 2197/5000: score=19.051258 loss=-0.253599 valid=1.0000 routes=17.677 grad=2.5302 seconds=131.5
Epoch 2198/5000: score=18.836824 loss=-0.256791 valid=1.0000 routes=16.762 grad=2.4478 seconds=132.4
Epoch 2199/5000: score=19.064789 loss=-0.258413 valid=1.0000 routes=17.080 grad=2.5598 seconds=130.9
Epoch 2200/5000: score=19.675759 loss=-0.266803 valid=1.0000 routes=17.804 grad=2.6873 seconds=130.4
Epoch 2201/5000: score=20.049126 loss=-0.269893 valid=1.0000 routes=17.542 grad=2.7268 seconds=130.9
Epoch 2202/5000: score=17.929975 loss=-0.249389 valid=1.0000 routes=16.475 grad=2.2843 seconds=130.3
Epoch 2203/5000: score=19.310934 loss=-0.249265 valid=1.0000 routes=17.554 grad=2.5591 seconds=130.9
Epoch 2204/5000: score=18.390280 loss=-0.251388 valid=1.0000 routes=16.408 grad=2.3776 seconds=131.3
Epoch 2205/5000: score=17.703009 loss=-0.251939 valid=1.0000 routes=15.709 grad=2.1942 seconds=131.3
Epoch 2206/5000: score=19.700245 loss=-0.262289 valid=1.0000 routes=17.509 grad=2.6174 seconds=130.2
Epoch 2207/5000: score=18.957149 loss=-0.262310 valid=1.0000 routes=16.922 grad=2.5201 seconds=131.1
Epoch 2208/5000: score=19.042431 loss=-0.257474 valid=1.0000 routes=16.550 grad=2.4726 seconds=131.1
Epoch 2209/5000: score=18.325793 loss=-0.245333 valid=1.0000 routes=16.588 grad=2.2917 seconds=130.9
Epoch 2210/5000: score=18.691348 loss=-0.249172 valid=1.0000 routes=17.213 grad=2.4984 seconds=130.1
Epoch 2211/5000: score=20.048162 loss=-0.253516 valid=1.0000 routes=17.831 grad=2.7092 seconds=130.6
Epoch 2212/5000: score=18.035530 loss=-0.257580 valid=1.0000 routes=16.093 grad=2.3283 seconds=133.0
Epoch 2213/5000: score=19.527362 loss=-0.256067 valid=1.0000 routes=17.689 grad=2.6190 seconds=133.1
Epoch 2214/5000: score=18.316303 loss=-0.254318 valid=1.0000 routes=17.106 grad=2.3572 seconds=130.1
Epoch 2215/5000: score=19.755513 loss=-0.258046 valid=1.0000 routes=17.741 grad=2.6837 seconds=130.4
Epoch 2216/5000: score=19.103507 loss=-0.255260 valid=1.0000 routes=16.263 grad=2.4647 seconds=131.7
Epoch 2217/5000: score=19.299723 loss=-0.257144 valid=1.0000 routes=17.658 grad=2.6172 seconds=132.0
Epoch 2218/5000: score=18.224214 loss=-0.248777 valid=1.0000 routes=16.958 grad=2.3499 seconds=132.0
Epoch 2219/5000: score=19.213922 loss=-0.252905 valid=1.0000 routes=17.569 grad=2.5171 seconds=131.0
Epoch 2220/5000: score=19.111581 loss=-0.262997 valid=1.0000 routes=17.548 grad=2.6017 seconds=130.5
Epoch 2221/5000: score=18.895730 loss=-0.267771 valid=1.0000 routes=16.440 grad=2.4851 seconds=130.9
Epoch 2222/5000: score=18.111094 loss=-0.255232 valid=1.0000 routes=16.710 grad=2.3124 seconds=130.2
Epoch 2223/5000: score=18.595010 loss=-0.254191 valid=1.0000 routes=16.348 grad=2.4065 seconds=131.4
Epoch 2224/5000: score=18.593935 loss=-0.250744 valid=1.0000 routes=16.954 grad=2.4303 seconds=131.3
Epoch 2225/5000: score=19.039961 loss=-0.260442 valid=1.0000 routes=16.800 grad=2.5349 seconds=131.9
Epoch 2226/5000: score=19.407803 loss=-0.253503 valid=1.0000 routes=17.276 grad=2.5215 seconds=132.0
Epoch 2227/5000: score=19.641781 loss=-0.260070 valid=1.0000 routes=18.051 grad=2.6542 seconds=130.2
Epoch 2228/5000: score=18.802451 loss=-0.262759 valid=1.0000 routes=17.442 grad=2.5289 seconds=131.6
Epoch 2229/5000: score=18.644149 loss=-0.251840 valid=1.0000 routes=17.093 grad=2.4073 seconds=130.3
Epoch 2230/5000: score=18.974121 loss=-0.256164 valid=1.0000 routes=17.459 grad=2.4621 seconds=130.7
Epoch 2231/5000: score=18.324120 loss=-0.253418 valid=1.0000 routes=16.234 grad=2.3777 seconds=129.6
Epoch 2232/5000: score=18.829138 loss=-0.264395 valid=1.0000 routes=16.520 grad=2.4189 seconds=130.6
Epoch 2233/5000: score=18.483733 loss=-0.243285 valid=1.0000 routes=17.091 grad=2.3468 seconds=131.2
Epoch 2234/5000: score=18.626966 loss=-0.250249 valid=1.0000 routes=16.928 grad=2.4224 seconds=130.7
Epoch 2235/5000: score=18.145928 loss=-0.247160 valid=1.0000 routes=16.094 grad=2.3090 seconds=131.5
Epoch 2236/5000: score=18.376307 loss=-0.239311 valid=1.0000 routes=16.415 grad=2.3152 seconds=130.8
Epoch 2237/5000: score=18.955737 loss=-0.267669 valid=1.0000 routes=16.448 grad=2.5141 seconds=129.9
Epoch 2238/5000: score=18.570762 loss=-0.258296 valid=1.0000 routes=16.716 grad=2.3467 seconds=131.1
Epoch 2239/5000: score=19.278346 loss=-0.252207 valid=1.0000 routes=16.900 grad=2.5434 seconds=130.9
Epoch 2240/5000: score=18.456486 loss=-0.250261 valid=1.0000 routes=16.931 grad=2.3402 seconds=130.9
Epoch 2241/5000: score=18.495415 loss=-0.243461 valid=1.0000 routes=16.602 grad=2.3000 seconds=131.0
Epoch 2242/5000: score=18.777866 loss=-0.240184 valid=1.0000 routes=17.663 grad=2.4308 seconds=131.1
Epoch 2243/5000: score=19.705509 loss=-0.248033 valid=1.0000 routes=17.892 grad=2.6767 seconds=130.3
Epoch 2244/5000: score=19.445467 loss=-0.246799 valid=1.0000 routes=16.631 grad=2.5219 seconds=130.3
Epoch 2245/5000: score=19.372295 loss=-0.253171 valid=1.0000 routes=17.199 grad=2.5155 seconds=131.2
Epoch 2246/5000: score=18.986806 loss=-0.252010 valid=1.0000 routes=17.545 grad=2.5461 seconds=130.9
Epoch 2247/5000: score=18.585853 loss=-0.237380 valid=1.0000 routes=17.101 grad=2.3959 seconds=130.2
Epoch 2248/5000: score=18.336370 loss=-0.257151 valid=1.0000 routes=16.457 grad=2.4303 seconds=131.5
Epoch 2249/5000: score=19.290498 loss=-0.252598 valid=1.0000 routes=17.770 grad=2.5346 seconds=130.9
Epoch 2250/5000: score=18.593846 loss=-0.256046 valid=1.0000 routes=16.337 grad=2.3827 seconds=131.4
Epoch 2251/5000: score=18.852577 loss=-0.253674 valid=1.0000 routes=16.192 grad=2.4091 seconds=130.3
Epoch 2252/5000: score=19.404079 loss=-0.256390 valid=1.0000 routes=16.696 grad=2.5133 seconds=130.4
Epoch 2253/5000: score=19.623442 loss=-0.250525 valid=1.0000 routes=16.953 grad=2.5972 seconds=130.6
Epoch 2254/5000: score=18.864065 loss=-0.244768 valid=1.0000 routes=17.250 grad=2.5029 seconds=131.2
Epoch 2255/5000: score=19.207978 loss=-0.258521 valid=1.0000 routes=16.785 grad=2.5301 seconds=132.1
Epoch 2256/5000: score=19.276498 loss=-0.250871 valid=1.0000 routes=17.069 grad=2.5018 seconds=130.4
Epoch 2257/5000: score=18.755889 loss=-0.257272 valid=1.0000 routes=16.567 grad=2.4150 seconds=131.0
Epoch 2258/5000: score=19.393817 loss=-0.260538 valid=1.0000 routes=18.220 grad=2.6541 seconds=131.2
Epoch 2259/5000: score=17.360167 loss=-0.255884 valid=1.0000 routes=15.058 grad=2.2194 seconds=131.1
Epoch 2260/5000: score=18.121083 loss=-0.261939 valid=1.0000 routes=15.265 grad=2.3355 seconds=130.2
Epoch 2261/5000: score=19.223002 loss=-0.250749 valid=1.0000 routes=17.467 grad=2.5410 seconds=129.4
Epoch 2262/5000: score=18.981951 loss=-0.249930 valid=1.0000 routes=16.892 grad=2.4355 seconds=130.3
Epoch 2263/5000: score=19.150066 loss=-0.251568 valid=1.0000 routes=17.318 grad=2.4964 seconds=127.1
Epoch 2264/5000: score=18.590984 loss=-0.250327 valid=1.0000 routes=16.597 grad=2.3543 seconds=127.4
Epoch 2265/5000: score=18.191287 loss=-0.251337 valid=1.0000 routes=16.593 grad=2.3314 seconds=127.4
Epoch 2266/5000: score=19.763476 loss=-0.247254 valid=1.0000 routes=17.194 grad=2.5875 seconds=127.3
Epoch 2267/5000: score=18.200262 loss=-0.257874 valid=1.0000 routes=16.183 grad=2.3686 seconds=128.2
Epoch 2268/5000: score=18.947985 loss=-0.248617 valid=1.0000 routes=17.306 grad=2.5250 seconds=127.9
Epoch 2269/5000: score=19.500053 loss=-0.268426 valid=1.0000 routes=16.544 grad=2.5959 seconds=128.6
Epoch 2270/5000: score=18.438177 loss=-0.264937 valid=1.0000 routes=16.492 grad=2.3933 seconds=127.5
Epoch 2271/5000: score=19.119190 loss=-0.258950 valid=1.0000 routes=16.345 grad=2.4757 seconds=129.1
Epoch 2272/5000: score=18.924369 loss=-0.257974 valid=1.0000 routes=16.181 grad=2.4864 seconds=130.0
Epoch 2273/5000: score=18.436515 loss=-0.250521 valid=1.0000 routes=16.746 grad=2.3872 seconds=129.4
Epoch 2274/5000: score=18.794176 loss=-0.255930 valid=1.0000 routes=16.806 grad=2.4555 seconds=125.2
Epoch 2275/5000: score=18.482013 loss=-0.252963 valid=1.0000 routes=16.123 grad=2.3748 seconds=129.5
Epoch 2276/5000: score=19.516387 loss=-0.253542 valid=1.0000 routes=17.316 grad=2.6131 seconds=129.6
Epoch 2277/5000: score=19.406045 loss=-0.265385 valid=1.0000 routes=17.413 grad=2.6234 seconds=129.7
Epoch 2278/5000: score=18.899324 loss=-0.256235 valid=1.0000 routes=17.241 grad=2.4447 seconds=129.7
Epoch 2279/5000: score=18.907608 loss=-0.249261 valid=1.0000 routes=17.081 grad=2.4884 seconds=129.6
Epoch 2280/5000: score=18.671999 loss=-0.264972 valid=1.0000 routes=16.204 grad=2.4684 seconds=129.6
Epoch 2281/5000: score=18.645221 loss=-0.251362 valid=1.0000 routes=16.628 grad=2.4156 seconds=129.9
Epoch 2282/5000: score=20.744715 loss=-0.269338 valid=1.0000 routes=18.439 grad=2.9170 seconds=129.6
Epoch 2283/5000: score=19.209017 loss=-0.255539 valid=1.0000 routes=16.395 grad=2.4774 seconds=129.8
Epoch 2284/5000: score=17.965462 loss=-0.243026 valid=1.0000 routes=15.658 grad=2.2101 seconds=130.4
Epoch 2285/5000: score=18.484298 loss=-0.250653 valid=1.0000 routes=16.511 grad=2.4184 seconds=131.5
Epoch 2286/5000: score=17.774620 loss=-0.244359 valid=1.0000 routes=16.192 grad=2.1965 seconds=129.9
Epoch 2287/5000: score=19.241372 loss=-0.259071 valid=1.0000 routes=18.018 grad=2.6134 seconds=129.3
Epoch 2288/5000: score=19.702314 loss=-0.256239 valid=1.0000 routes=17.422 grad=2.6466 seconds=128.7
Epoch 2289/5000: score=18.209378 loss=-0.265812 valid=1.0000 routes=15.886 grad=2.3659 seconds=129.7
Epoch 2290/5000: score=17.674042 loss=-0.266381 valid=1.0000 routes=14.555 grad=2.1986 seconds=129.7
Epoch 2291/5000: score=19.025992 loss=-0.260732 valid=1.0000 routes=15.679 grad=2.4374 seconds=130.1
Epoch 2292/5000: score=19.030135 loss=-0.247290 valid=1.0000 routes=16.800 grad=2.4551 seconds=130.2
Epoch 2293/5000: score=19.034642 loss=-0.259124 valid=1.0000 routes=16.508 grad=2.4756 seconds=129.5
Epoch 2294/5000: score=19.959558 loss=-0.261580 valid=1.0000 routes=17.178 grad=2.6324 seconds=130.6
Epoch 2295/5000: score=18.499816 loss=-0.246300 valid=1.0000 routes=15.542 grad=2.3167 seconds=130.4
Epoch 2296/5000: score=18.567088 loss=-0.249762 valid=1.0000 routes=16.848 grad=2.3724 seconds=130.2
Epoch 2297/5000: score=18.673428 loss=-0.252098 valid=1.0000 routes=16.097 grad=2.4384 seconds=130.7
Epoch 2298/5000: score=19.219281 loss=-0.259825 valid=1.0000 routes=17.284 grad=2.6012 seconds=129.3
Epoch 2299/5000: score=18.333486 loss=-0.258262 valid=1.0000 routes=15.371 grad=2.3020 seconds=129.6
Epoch 2300/5000: score=18.067103 loss=-0.244310 valid=1.0000 routes=15.868 grad=2.1959 seconds=130.0
Epoch 2301/5000: score=19.576251 loss=-0.253250 valid=1.0000 routes=18.215 grad=2.6901 seconds=130.5
Epoch 2302/5000: score=18.867310 loss=-0.249054 valid=1.0000 routes=16.987 grad=2.4839 seconds=130.5
Epoch 2303/5000: score=19.293708 loss=-0.243701 valid=1.0000 routes=18.093 grad=2.4921 seconds=130.3
Epoch 2304/5000: score=18.616174 loss=-0.254985 valid=1.0000 routes=16.694 grad=2.4908 seconds=130.5
Epoch 2305/5000: score=18.740257 loss=-0.249436 valid=1.0000 routes=16.641 grad=2.4350 seconds=130.6
Epoch 2306/5000: score=19.239445 loss=-0.246761 valid=1.0000 routes=17.656 grad=2.5254 seconds=129.7
Epoch 2307/5000: score=18.093804 loss=-0.242719 valid=1.0000 routes=16.119 grad=2.3267 seconds=130.8
Epoch 2308/5000: score=19.135378 loss=-0.256262 valid=1.0000 routes=17.541 grad=2.5924 seconds=129.6
Epoch 2309/5000: score=18.601766 loss=-0.243964 valid=1.0000 routes=16.249 grad=2.3519 seconds=129.4
Epoch 2310/5000: score=19.211996 loss=-0.259290 valid=1.0000 routes=17.224 grad=2.5607 seconds=129.6
Epoch 2311/5000: score=17.770501 loss=-0.255584 valid=1.0000 routes=15.578 grad=2.2124 seconds=130.2
Epoch 2312/5000: score=18.083324 loss=-0.252702 valid=1.0000 routes=16.065 grad=2.3218 seconds=130.2
Epoch 2313/5000: score=17.866139 loss=-0.247383 valid=1.0000 routes=15.091 grad=2.1771 seconds=130.5
Epoch 2314/5000: score=18.795533 loss=-0.264385 valid=1.0000 routes=16.133 grad=2.4977 seconds=129.3
Epoch 2315/5000: score=19.647669 loss=-0.260477 valid=1.0000 routes=17.073 grad=2.5854 seconds=128.7
Epoch 2316/5000: score=19.609724 loss=-0.256163 valid=1.0000 routes=17.596 grad=2.6169 seconds=128.3
Epoch 2317/5000: score=18.798728 loss=-0.257449 valid=1.0000 routes=16.656 grad=2.4701 seconds=128.6
Epoch 2318/5000: score=18.234224 loss=-0.263713 valid=1.0000 routes=16.353 grad=2.3941 seconds=129.3
Epoch 2319/5000: score=19.337086 loss=-0.258103 valid=1.0000 routes=17.507 grad=2.6332 seconds=130.4
Epoch 2320/5000: score=20.131183 loss=-0.249740 valid=1.0000 routes=18.333 grad=2.6943 seconds=129.5
Epoch 2321/5000: score=18.723729 loss=-0.260086 valid=1.0000 routes=16.455 grad=2.4549 seconds=130.6
Epoch 2322/5000: score=19.536059 loss=-0.248754 valid=1.0000 routes=17.234 grad=2.6101 seconds=129.7
Epoch 2323/5000: score=19.392214 loss=-0.254067 valid=1.0000 routes=17.213 grad=2.5995 seconds=129.0
Epoch 2324/5000: score=18.078838 loss=-0.253927 valid=1.0000 routes=15.684 grad=2.3190 seconds=129.2
Epoch 2325/5000: score=18.052192 loss=-0.247794 valid=1.0000 routes=16.594 grad=2.3352 seconds=129.4
Epoch 2326/5000: score=19.175561 loss=-0.252009 valid=1.0000 routes=17.201 grad=2.5236 seconds=128.8
Epoch 2327/5000: score=18.851488 loss=-0.255886 valid=1.0000 routes=16.828 grad=2.4959 seconds=129.8
Epoch 2328/5000: score=18.365181 loss=-0.241330 valid=1.0000 routes=16.864 grad=2.2929 seconds=129.8
Epoch 2329/5000: score=17.690803 loss=-0.245521 valid=1.0000 routes=15.137 grad=2.1068 seconds=129.3
Epoch 2330/5000: score=18.861426 loss=-0.255616 valid=1.0000 routes=16.683 grad=2.4992 seconds=130.6
Epoch 2331/5000: score=19.130301 loss=-0.259018 valid=1.0000 routes=17.316 grad=2.5458 seconds=130.3
Epoch 2332/5000: score=18.667566 loss=-0.255635 valid=1.0000 routes=16.684 grad=2.4579 seconds=129.0
Epoch 2333/5000: score=18.877386 loss=-0.259672 valid=1.0000 routes=16.263 grad=2.5281 seconds=128.4
Epoch 2334/5000: score=19.608858 loss=-0.256514 valid=1.0000 routes=17.460 grad=2.6364 seconds=128.4
Epoch 2335/5000: score=18.901994 loss=-0.245326 valid=1.0000 routes=16.371 grad=2.3893 seconds=129.8
Epoch 2336/5000: score=18.929052 loss=-0.267418 valid=1.0000 routes=17.048 grad=2.6044 seconds=130.9
Epoch 2337/5000: score=18.596869 loss=-0.247496 valid=1.0000 routes=16.699 grad=2.4022 seconds=130.2
Epoch 2338/5000: score=18.571463 loss=-0.262099 valid=1.0000 routes=15.574 grad=2.4299 seconds=130.6
Epoch 2339/5000: score=17.831848 loss=-0.244695 valid=1.0000 routes=16.182 grad=2.2036 seconds=129.9
Epoch 2340/5000: score=18.177692 loss=-0.239663 valid=1.0000 routes=16.865 grad=2.3146 seconds=130.4
Epoch 2341/5000: score=20.172442 loss=-0.257716 valid=1.0000 routes=18.140 grad=2.7773 seconds=130.9
Epoch 2342/5000: score=18.937867 loss=-0.241639 valid=1.0000 routes=18.768 grad=2.4740 seconds=130.2
Epoch 2343/5000: score=19.122282 loss=-0.247603 valid=1.0000 routes=16.978 grad=2.4543 seconds=130.0
Epoch 2344/5000: score=19.687361 loss=-0.245832 valid=1.0000 routes=17.914 grad=2.6062 seconds=130.0
Epoch 2345/5000: score=19.310293 loss=-0.260500 valid=1.0000 routes=17.284 grad=2.5893 seconds=130.8
Epoch 2346/5000: score=20.078399 loss=-0.248444 valid=1.0000 routes=17.795 grad=2.7044 seconds=131.2
Epoch 2347/5000: score=18.323969 loss=-0.253748 valid=1.0000 routes=16.695 grad=2.3491 seconds=131.4
Epoch 2348/5000: score=18.320888 loss=-0.245490 valid=1.0000 routes=16.292 grad=2.3025 seconds=130.8
Epoch 2349/5000: score=19.598772 loss=-0.240626 valid=1.0000 routes=17.011 grad=2.5539 seconds=130.5
Epoch 2350/5000: score=18.705794 loss=-0.253586 valid=1.0000 routes=16.753 grad=2.4012 seconds=130.0
Epoch 2351/5000: score=19.726444 loss=-0.255981 valid=1.0000 routes=17.137 grad=2.5953 seconds=130.7
Epoch 2352/5000: score=19.380715 loss=-0.254064 valid=1.0000 routes=17.181 grad=2.5414 seconds=130.2
Epoch 2353/5000: score=18.421030 loss=-0.259326 valid=1.0000 routes=15.742 grad=2.3714 seconds=130.2
Epoch 2354/5000: score=18.176368 loss=-0.236856 valid=1.0000 routes=17.433 grad=2.2813 seconds=129.9
Epoch 2355/5000: score=18.298627 loss=-0.254535 valid=1.0000 routes=15.645 grad=2.3222 seconds=130.0
Epoch 2356/5000: score=19.355541 loss=-0.247134 valid=1.0000 routes=17.029 grad=2.5057 seconds=129.5
Epoch 2357/5000: score=19.434278 loss=-0.250055 valid=1.0000 routes=17.751 grad=2.6076 seconds=129.7
Epoch 2358/5000: score=18.901909 loss=-0.259988 valid=1.0000 routes=16.010 grad=2.4736 seconds=130.4
Epoch 2359/5000: score=19.102214 loss=-0.254819 valid=1.0000 routes=16.789 grad=2.4615 seconds=129.7
Epoch 2360/5000: score=19.158028 loss=-0.253153 valid=1.0000 routes=17.257 grad=2.5052 seconds=129.8
Epoch 2361/5000: score=18.873360 loss=-0.260521 valid=1.0000 routes=16.639 grad=2.4092 seconds=129.7
Epoch 2362/5000: score=17.720741 loss=-0.253428 valid=1.0000 routes=16.057 grad=2.2277 seconds=130.7
Epoch 2363/5000: score=19.343422 loss=-0.242270 valid=1.0000 routes=18.379 grad=2.5091 seconds=130.0
Epoch 2364/5000: score=18.583740 loss=-0.256010 valid=1.0000 routes=16.486 grad=2.2915 seconds=130.7
Epoch 2365/5000: score=18.668466 loss=-0.251206 valid=1.0000 routes=16.644 grad=2.3492 seconds=130.5
Epoch 2366/5000: score=18.601036 loss=-0.246678 valid=1.0000 routes=16.477 grad=2.3648 seconds=130.2
Epoch 2367/5000: score=19.054978 loss=-0.260073 valid=1.0000 routes=17.154 grad=2.5354 seconds=129.6
Epoch 2368/5000: score=19.450273 loss=-0.260305 valid=1.0000 routes=17.694 grad=2.6163 seconds=129.5
Epoch 2369/5000: score=19.281726 loss=-0.252054 valid=1.0000 routes=16.897 grad=2.4879 seconds=128.9
Epoch 2370/5000: score=19.755855 loss=-0.257390 valid=1.0000 routes=17.629 grad=2.7156 seconds=129.4
Epoch 2371/5000: score=19.129103 loss=-0.272843 valid=1.0000 routes=16.245 grad=2.5641 seconds=129.2
Epoch 2372/5000: score=18.404783 loss=-0.244447 valid=1.0000 routes=16.485 grad=2.2592 seconds=127.8
Epoch 2373/5000: score=18.342916 loss=-0.256740 valid=1.0000 routes=16.414 grad=2.3756 seconds=129.1
Epoch 2374/5000: score=18.690853 loss=-0.254384 valid=1.0000 routes=16.747 grad=2.3667 seconds=128.6
Epoch 2375/5000: score=18.402487 loss=-0.253633 valid=1.0000 routes=15.246 grad=2.3153 seconds=129.0
Epoch 2376/5000: score=18.680081 loss=-0.252240 valid=1.0000 routes=16.423 grad=2.4441 seconds=128.8
Epoch 2377/5000: score=19.663779 loss=-0.253981 valid=1.0000 routes=16.806 grad=2.5402 seconds=129.7
Epoch 2378/5000: score=19.589045 loss=-0.258514 valid=1.0000 routes=18.391 grad=2.6489 seconds=130.3
Epoch 2379/5000: score=18.909156 loss=-0.266977 valid=1.0000 routes=16.631 grad=2.5342 seconds=129.7
Epoch 2380/5000: score=18.086290 loss=-0.243512 valid=1.0000 routes=16.377 grad=2.2461 seconds=129.5
Epoch 2381/5000: score=18.149889 loss=-0.249399 valid=1.0000 routes=16.442 grad=2.2537 seconds=128.5
Epoch 2382/5000: score=19.367570 loss=-0.242597 valid=1.0000 routes=17.492 grad=2.5904 seconds=128.0
Epoch 2383/5000: score=20.574885 loss=-0.251661 valid=1.0000 routes=17.701 grad=2.7487 seconds=126.9
Epoch 2384/5000: score=19.374825 loss=-0.262898 valid=1.0000 routes=18.244 grad=2.5898 seconds=128.1
Epoch 2385/5000: score=18.735937 loss=-0.260834 valid=1.0000 routes=16.402 grad=2.4854 seconds=128.5
Epoch 2386/5000: score=18.358207 loss=-0.255096 valid=1.0000 routes=16.477 grad=2.4028 seconds=130.5
Epoch 2387/5000: score=19.098635 loss=-0.259562 valid=1.0000 routes=16.888 grad=2.5055 seconds=134.3
Epoch 2388/5000: score=18.073566 loss=-0.246652 valid=1.0000 routes=16.146 grad=2.2405 seconds=133.7
Epoch 2389/5000: score=17.929696 loss=-0.241027 valid=1.0000 routes=16.101 grad=2.1907 seconds=134.0
Epoch 2390/5000: score=18.764391 loss=-0.242720 valid=1.0000 routes=16.867 grad=2.3585 seconds=132.8
Epoch 2391/5000: score=18.300240 loss=-0.257044 valid=1.0000 routes=15.883 grad=2.3640 seconds=130.6
Epoch 2392/5000: score=19.592789 loss=-0.249820 valid=1.0000 routes=17.387 grad=2.5997 seconds=129.6
Epoch 2393/5000: score=18.048074 loss=-0.247595 valid=1.0000 routes=15.934 grad=2.2148 seconds=129.8
Epoch 2394/5000: score=19.102385 loss=-0.250787 valid=1.0000 routes=17.237 grad=2.5217 seconds=129.5
Epoch 2395/5000: score=17.988134 loss=-0.251388 valid=1.0000 routes=15.882 grad=2.2275 seconds=129.5
Epoch 2396/5000: score=18.396980 loss=-0.259093 valid=1.0000 routes=15.931 grad=2.4155 seconds=130.5
Epoch 2397/5000: score=17.981398 loss=-0.253498 valid=1.0000 routes=16.173 grad=2.3342 seconds=129.2
Epoch 2398/5000: score=18.467859 loss=-0.263014 valid=1.0000 routes=15.853 grad=2.4788 seconds=129.0
Epoch 2399/5000: score=19.416943 loss=-0.251583 valid=1.0000 routes=17.250 grad=2.5179 seconds=127.5
Epoch 2400/5000: score=19.685180 loss=-0.256892 valid=1.0000 routes=17.085 grad=2.6581 seconds=128.3
Epoch 2401/5000: score=19.744680 loss=-0.264057 valid=1.0000 routes=18.557 grad=2.7633 seconds=129.8
Epoch 2402/5000: score=18.562731 loss=-0.256857 valid=1.0000 routes=16.830 grad=2.4326 seconds=128.3
Epoch 2403/5000: score=19.099556 loss=-0.260929 valid=1.0000 routes=17.769 grad=2.5967 seconds=128.2
Epoch 2404/5000: score=18.913423 loss=-0.259764 valid=1.0000 routes=16.881 grad=2.4826 seconds=129.0
Epoch 2405/5000: score=18.221198 loss=-0.259798 valid=1.0000 routes=16.100 grad=2.3650 seconds=128.5
Epoch 2406/5000: score=18.874698 loss=-0.242061 valid=1.0000 routes=16.959 grad=2.4412 seconds=130.7
Epoch 2407/5000: score=18.777879 loss=-0.264148 valid=1.0000 routes=15.580 grad=2.3192 seconds=133.3
Epoch 2408/5000: score=18.771081 loss=-0.254005 valid=1.0000 routes=16.661 grad=2.4339 seconds=134.0
Epoch 2409/5000: score=20.313452 loss=-0.265915 valid=1.0000 routes=17.657 grad=2.8260 seconds=133.3
Epoch 2410/5000: score=16.972766 loss=-0.238899 valid=1.0000 routes=15.731 grad=2.0481 seconds=132.7
Epoch 2411/5000: score=19.389816 loss=-0.251676 valid=1.0000 routes=16.649 grad=2.5572 seconds=131.8
Epoch 2412/5000: score=19.646226 loss=-0.253378 valid=1.0000 routes=18.132 grad=2.6667 seconds=132.2
Epoch 2413/5000: score=18.816523 loss=-0.268310 valid=1.0000 routes=16.247 grad=2.4677 seconds=133.5
Epoch 2414/5000: score=19.477379 loss=-0.267648 valid=1.0000 routes=17.163 grad=2.6114 seconds=133.6
Epoch 2415/5000: score=18.791219 loss=-0.255943 valid=1.0000 routes=16.729 grad=2.4579 seconds=133.5
Epoch 2416/5000: score=19.092806 loss=-0.262229 valid=1.0000 routes=16.600 grad=2.5058 seconds=132.6
Epoch 2417/5000: score=19.513048 loss=-0.257667 valid=1.0000 routes=16.778 grad=2.5513 seconds=132.9
Epoch 2418/5000: score=19.341058 loss=-0.270224 valid=1.0000 routes=17.081 grad=2.6009 seconds=132.9
Epoch 2419/5000: score=18.651693 loss=-0.257255 valid=1.0000 routes=16.538 grad=2.3776 seconds=133.0
Epoch 2420/5000: score=19.024172 loss=-0.249223 valid=1.0000 routes=16.898 grad=2.4171 seconds=133.3
Epoch 2421/5000: score=18.231293 loss=-0.252127 valid=1.0000 routes=15.990 grad=2.2871 seconds=133.5
Epoch 2422/5000: score=19.612567 loss=-0.247131 valid=1.0000 routes=17.396 grad=2.5397 seconds=132.7
Epoch 2423/5000: score=18.995555 loss=-0.252780 valid=1.0000 routes=17.194 grad=2.5239 seconds=132.5
Epoch 2424/5000: score=17.685113 loss=-0.256833 valid=1.0000 routes=15.659 grad=2.1818 seconds=132.8
Epoch 2425/5000: score=18.269562 loss=-0.246579 valid=1.0000 routes=15.889 grad=2.2791 seconds=132.8
Epoch 2426/5000: score=19.813160 loss=-0.258331 valid=1.0000 routes=18.681 grad=2.7378 seconds=133.1
Epoch 2427/5000: score=18.393463 loss=-0.245238 valid=1.0000 routes=16.820 grad=2.3282 seconds=132.2
Epoch 2428/5000: score=19.350538 loss=-0.250646 valid=1.0000 routes=16.640 grad=2.4552 seconds=132.3
Epoch 2429/5000: score=17.939826 loss=-0.249616 valid=1.0000 routes=16.154 grad=2.2851 seconds=132.6
Epoch 2430/5000: score=18.427358 loss=-0.249399 valid=1.0000 routes=16.943 grad=2.3537 seconds=132.1
Epoch 2431/5000: score=18.871591 loss=-0.246486 valid=1.0000 routes=16.905 grad=2.4021 seconds=132.8
Epoch 2432/5000: score=21.044296 loss=-0.254090 valid=1.0000 routes=18.378 grad=2.9110 seconds=133.2
Epoch 2433/5000: score=18.821114 loss=-0.249633 valid=1.0000 routes=17.352 grad=2.4644 seconds=132.4
Epoch 2434/5000: score=18.716376 loss=-0.249944 valid=1.0000 routes=15.954 grad=2.3517 seconds=129.8
Epoch 2435/5000: score=18.800555 loss=-0.251082 valid=1.0000 routes=16.561 grad=2.4492 seconds=132.2
Epoch 2436/5000: score=17.966196 loss=-0.246829 valid=1.0000 routes=15.827 grad=2.2592 seconds=132.9
Epoch 2437/5000: score=18.323879 loss=-0.244014 valid=1.0000 routes=16.976 grad=2.3624 seconds=133.0
Epoch 2438/5000: score=18.191014 loss=-0.255172 valid=1.0000 routes=16.532 grad=2.3191 seconds=133.4
Epoch 2439/5000: score=18.485162 loss=-0.267865 valid=1.0000 routes=16.057 grad=2.4808 seconds=133.6
Epoch 2440/5000: score=19.364688 loss=-0.247864 valid=1.0000 routes=17.183 grad=2.5695 seconds=134.0
Epoch 2441/5000: score=18.670797 loss=-0.250486 valid=1.0000 routes=16.888 grad=2.3723 seconds=133.3
Epoch 2442/5000: score=18.725243 loss=-0.255484 valid=1.0000 routes=16.871 grad=2.4506 seconds=132.9
Epoch 2443/5000: score=19.112681 loss=-0.246754 valid=1.0000 routes=17.817 grad=2.5554 seconds=132.3
Epoch 2444/5000: score=17.906004 loss=-0.242598 valid=1.0000 routes=16.329 grad=2.2698 seconds=133.5
Epoch 2445/5000: score=18.659722 loss=-0.258783 valid=1.0000 routes=16.410 grad=2.4614 seconds=135.0
Epoch 2446/5000: score=18.235679 loss=-0.237914 valid=1.0000 routes=16.373 grad=2.2062 seconds=133.7
Epoch 2447/5000: score=19.873785 loss=-0.258870 valid=1.0000 routes=17.158 grad=2.6592 seconds=133.4
Epoch 2448/5000: score=18.875063 loss=-0.263326 valid=1.0000 routes=16.742 grad=2.4825 seconds=133.7
Epoch 2449/5000: score=19.001632 loss=-0.260892 valid=1.0000 routes=16.370 grad=2.4983 seconds=132.1
Epoch 2450/5000: score=17.973774 loss=-0.263429 valid=1.0000 routes=15.980 grad=2.3535 seconds=132.6
Epoch 2451/5000: score=20.828435 loss=-0.261889 valid=1.0000 routes=18.849 grad=2.9462 seconds=132.4
Epoch 2452/5000: score=18.831968 loss=-0.260998 valid=1.0000 routes=16.376 grad=2.5208 seconds=132.3
Epoch 2453/5000: score=18.431105 loss=-0.243151 valid=1.0000 routes=16.795 grad=2.3412 seconds=131.4
Epoch 2454/5000: score=18.406712 loss=-0.253976 valid=1.0000 routes=17.489 grad=2.4240 seconds=131.7
Epoch 2455/5000: score=19.802082 loss=-0.252564 valid=1.0000 routes=17.413 grad=2.6126 seconds=132.9
Epoch 2456/5000: score=18.673765 loss=-0.261449 valid=1.0000 routes=16.678 grad=2.4779 seconds=131.9
Epoch 2457/5000: score=18.142102 loss=-0.251267 valid=1.0000 routes=15.908 grad=2.2600 seconds=131.4
Epoch 2458/5000: score=18.538997 loss=-0.237089 valid=1.0000 routes=16.302 grad=2.2832 seconds=130.6
Epoch 2459/5000: score=18.880640 loss=-0.245840 valid=1.0000 routes=16.183 grad=2.3690 seconds=130.9
Epoch 2460/5000: score=17.879529 loss=-0.245993 valid=1.0000 routes=15.862 grad=2.2483 seconds=131.5
Epoch 2461/5000: score=20.706998 loss=-0.265871 valid=1.0000 routes=18.506 grad=2.8500 seconds=133.6
Epoch 2462/5000: score=19.356767 loss=-0.260288 valid=1.0000 routes=16.765 grad=2.4988 seconds=132.9
>> Invalid instances, Re-generating ...
Epoch 2463/5000: score=19.744645 loss=-0.258327 valid=1.0000 routes=17.721 grad=2.6228 seconds=133.4
Epoch 2464/5000: score=19.124493 loss=-0.252190 valid=1.0000 routes=16.613 grad=2.4605 seconds=133.5
Epoch 2465/5000: score=18.273590 loss=-0.251696 valid=1.0000 routes=16.781 grad=2.4014 seconds=133.3
Epoch 2466/5000: score=18.706570 loss=-0.244859 valid=1.0000 routes=17.111 grad=2.4343 seconds=132.7
Epoch 2467/5000: score=19.640010 loss=-0.253832 valid=1.0000 routes=17.630 grad=2.6509 seconds=130.3
Epoch 2468/5000: score=19.671802 loss=-0.272828 valid=1.0000 routes=17.031 grad=2.7124 seconds=130.7
Epoch 2469/5000: score=18.817324 loss=-0.268877 valid=1.0000 routes=15.711 grad=2.4565 seconds=129.7
Epoch 2470/5000: score=18.897541 loss=-0.254976 valid=1.0000 routes=16.764 grad=2.4723 seconds=130.2
Epoch 2471/5000: score=18.316029 loss=-0.248531 valid=1.0000 routes=16.248 grad=2.3368 seconds=132.6
Epoch 2472/5000: score=19.268945 loss=-0.255408 valid=1.0000 routes=18.226 grad=2.6256 seconds=132.4
Epoch 2473/5000: score=18.638044 loss=-0.247561 valid=1.0000 routes=16.879 grad=2.3877 seconds=132.5
Epoch 2474/5000: score=19.455153 loss=-0.252900 valid=1.0000 routes=16.884 grad=2.5550 seconds=133.1
Epoch 2475/5000: score=20.229658 loss=-0.266504 valid=1.0000 routes=17.754 grad=2.7270 seconds=134.3
Epoch 2476/5000: score=18.021840 loss=-0.242552 valid=1.0000 routes=16.595 grad=2.2393 seconds=131.2
Epoch 2477/5000: score=19.332900 loss=-0.249030 valid=1.0000 routes=16.908 grad=2.5498 seconds=131.1
Epoch 2478/5000: score=19.051750 loss=-0.256120 valid=1.0000 routes=16.884 grad=2.5608 seconds=131.7
Epoch 2479/5000: score=18.312204 loss=-0.241919 valid=1.0000 routes=17.253 grad=2.2930 seconds=132.9
Epoch 2480/5000: score=19.261958 loss=-0.258450 valid=1.0000 routes=16.709 grad=2.5468 seconds=133.5
Epoch 2481/5000: score=19.073833 loss=-0.245862 valid=1.0000 routes=17.340 grad=2.4940 seconds=132.6
Epoch 2482/5000: score=18.585497 loss=-0.251813 valid=1.0000 routes=16.370 grad=2.4090 seconds=132.6
Epoch 2483/5000: score=18.920375 loss=-0.248867 valid=1.0000 routes=17.294 grad=2.4425 seconds=131.6
Epoch 2484/5000: score=17.913112 loss=-0.251986 valid=1.0000 routes=16.367 grad=2.2488 seconds=132.4
Epoch 2485/5000: score=19.129512 loss=-0.264446 valid=1.0000 routes=16.599 grad=2.5259 seconds=131.3
Epoch 2486/5000: score=17.167018 loss=-0.240265 valid=1.0000 routes=15.813 grad=2.1166 seconds=131.2
Epoch 2487/5000: score=19.320544 loss=-0.255229 valid=1.0000 routes=16.638 grad=2.5765 seconds=131.8
Epoch 2488/5000: score=18.666423 loss=-0.253910 valid=1.0000 routes=16.490 grad=2.3088 seconds=131.6
Epoch 2489/5000: score=18.575480 loss=-0.248566 valid=1.0000 routes=16.821 grad=2.4313 seconds=130.8
Epoch 2490/5000: score=18.258756 loss=-0.258065 valid=1.0000 routes=16.483 grad=2.3781 seconds=130.2
Epoch 2491/5000: score=18.386909 loss=-0.259001 valid=1.0000 routes=16.817 grad=2.3942 seconds=129.9
Epoch 2492/5000: score=18.238917 loss=-0.253669 valid=1.0000 routes=16.448 grad=2.3605 seconds=130.3
Epoch 2493/5000: score=20.328094 loss=-0.250244 valid=1.0000 routes=18.003 grad=2.7215 seconds=130.7
Epoch 2494/5000: score=18.311969 loss=-0.251881 valid=1.0000 routes=16.730 grad=2.3121 seconds=132.4
Epoch 2495/5000: score=19.304842 loss=-0.269172 valid=1.0000 routes=16.521 grad=2.6000 seconds=133.7
Epoch 2496/5000: score=19.921200 loss=-0.264502 valid=1.0000 routes=16.937 grad=2.6606 seconds=133.3
Epoch 2497/5000: score=18.187532 loss=-0.252494 valid=1.0000 routes=15.805 grad=2.2780 seconds=132.9
Epoch 2498/5000: score=18.622348 loss=-0.261473 valid=1.0000 routes=16.163 grad=2.4037 seconds=133.1
Epoch 2499/5000: score=19.491940 loss=-0.256206 valid=1.0000 routes=17.345 grad=2.6612 seconds=132.0
Epoch 2500/5000: score=19.880123 loss=-0.256468 valid=1.0000 routes=18.291 grad=2.7430 seconds=134.3
Epoch 2501/5000: score=19.056076 loss=-0.251599 valid=1.0000 routes=16.918 grad=2.4828 seconds=135.5
Epoch 2502/5000: score=18.838620 loss=-0.248441 valid=1.0000 routes=16.954 grad=2.4565 seconds=135.7
Epoch 2503/5000: score=18.455959 loss=-0.249055 valid=1.0000 routes=16.406 grad=2.3536 seconds=134.3
Epoch 2504/5000: score=19.112242 loss=-0.257966 valid=1.0000 routes=16.889 grad=2.5633 seconds=132.5
Epoch 2505/5000: score=18.794805 loss=-0.247637 valid=1.0000 routes=16.662 grad=2.3852 seconds=131.6
Epoch 2506/5000: score=18.605680 loss=-0.255448 valid=1.0000 routes=16.522 grad=2.4179 seconds=131.7
Epoch 2507/5000: score=18.945229 loss=-0.258830 valid=1.0000 routes=16.932 grad=2.5330 seconds=134.6
Epoch 2508/5000: score=18.656082 loss=-0.247440 valid=1.0000 routes=16.130 grad=2.2908 seconds=132.4
Epoch 2509/5000: score=18.312578 loss=-0.246844 valid=1.0000 routes=16.856 grad=2.3786 seconds=132.0
Epoch 2510/5000: score=19.462655 loss=-0.240873 valid=1.0000 routes=17.681 grad=2.5300 seconds=131.6
Epoch 2511/5000: score=18.601978 loss=-0.246373 valid=1.0000 routes=16.034 grad=2.3800 seconds=130.9
Epoch 2512/5000: score=19.041786 loss=-0.246279 valid=1.0000 routes=17.809 grad=2.4820 seconds=133.0
Epoch 2513/5000: score=18.170509 loss=-0.248818 valid=1.0000 routes=15.693 grad=2.2201 seconds=132.7
Epoch 2514/5000: score=19.075231 loss=-0.262649 valid=1.0000 routes=17.366 grad=2.5623 seconds=131.6
Epoch 2515/5000: score=19.149454 loss=-0.246555 valid=1.0000 routes=17.199 grad=2.5301 seconds=131.5
Epoch 2516/5000: score=18.409721 loss=-0.249503 valid=1.0000 routes=16.684 grad=2.3468 seconds=131.8
Epoch 2517/5000: score=19.140953 loss=-0.263191 valid=1.0000 routes=17.042 grad=2.5741 seconds=132.1
Epoch 2518/5000: score=18.028441 loss=-0.247802 valid=1.0000 routes=15.979 grad=2.2423 seconds=131.0
Epoch 2519/5000: score=17.596398 loss=-0.244700 valid=1.0000 routes=14.948 grad=2.1223 seconds=131.3
Epoch 2520/5000: score=18.701014 loss=-0.246820 valid=1.0000 routes=15.850 grad=2.3354 seconds=131.1
Epoch 2521/5000: score=18.861133 loss=-0.256855 valid=1.0000 routes=16.527 grad=2.5071 seconds=131.9
Epoch 2522/5000: score=19.594822 loss=-0.260570 valid=1.0000 routes=17.476 grad=2.6708 seconds=131.3
Epoch 2523/5000: score=18.472068 loss=-0.248292 valid=1.0000 routes=16.675 grad=2.4140 seconds=130.6
Epoch 2524/5000: score=19.560961 loss=-0.262337 valid=1.0000 routes=16.742 grad=2.6157 seconds=131.1
Epoch 2525/5000: score=17.800410 loss=-0.253557 valid=1.0000 routes=15.758 grad=2.2454 seconds=131.4
Epoch 2526/5000: score=18.622989 loss=-0.251662 valid=1.0000 routes=15.934 grad=2.3368 seconds=132.7
Epoch 2527/5000: score=18.420530 loss=-0.246778 valid=1.0000 routes=17.133 grad=2.4110 seconds=131.8
Epoch 2528/5000: score=18.383310 loss=-0.238928 valid=1.0000 routes=16.550 grad=2.3494 seconds=132.5
Epoch 2529/5000: score=20.013800 loss=-0.250623 valid=1.0000 routes=18.120 grad=2.7066 seconds=131.2
Epoch 2530/5000: score=20.190350 loss=-0.250429 valid=1.0000 routes=17.712 grad=2.7312 seconds=131.0
Epoch 2531/5000: score=17.729119 loss=-0.245758 valid=1.0000 routes=15.874 grad=2.2702 seconds=131.9
Epoch 2532/5000: score=18.560496 loss=-0.244367 valid=1.0000 routes=16.442 grad=2.3820 seconds=131.3
Epoch 2533/5000: score=18.717809 loss=-0.255470 valid=1.0000 routes=16.490 grad=2.4525 seconds=131.5
Epoch 2534/5000: score=18.487217 loss=-0.261775 valid=1.0000 routes=16.208 grad=2.4042 seconds=130.4
Epoch 2535/5000: score=19.166452 loss=-0.265368 valid=1.0000 routes=16.913 grad=2.5900 seconds=131.0
Epoch 2536/5000: score=18.264008 loss=-0.261698 valid=1.0000 routes=15.543 grad=2.3054 seconds=132.8
Epoch 2537/5000: score=19.047918 loss=-0.261819 valid=1.0000 routes=16.544 grad=2.4885 seconds=131.3
Epoch 2538/5000: score=19.197076 loss=-0.247393 valid=1.0000 routes=16.545 grad=2.5043 seconds=128.8
Epoch 2539/5000: score=18.987231 loss=-0.246734 valid=1.0000 routes=16.348 grad=2.4608 seconds=128.4
Epoch 2540/5000: score=19.555217 loss=-0.246466 valid=1.0000 routes=17.137 grad=2.5329 seconds=128.0
Epoch 2541/5000: score=18.688691 loss=-0.264626 valid=1.0000 routes=16.572 grad=2.5004 seconds=130.1
Epoch 2542/5000: score=19.599261 loss=-0.250522 valid=1.0000 routes=17.182 grad=2.5289 seconds=129.8
Epoch 2543/5000: score=18.937648 loss=-0.247670 valid=1.0000 routes=16.984 grad=2.4815 seconds=129.5
>> Invalid instances, Re-generating ...
Epoch 2544/5000: score=19.119868 loss=-0.254428 valid=1.0000 routes=16.733 grad=2.5588 seconds=129.5
Epoch 2545/5000: score=18.337008 loss=-0.245454 valid=1.0000 routes=15.886 grad=2.2978 seconds=129.0
Epoch 2546/5000: score=18.837089 loss=-0.250078 valid=1.0000 routes=17.084 grad=2.5129 seconds=131.1
Epoch 2547/5000: score=18.272051 loss=-0.253717 valid=1.0000 routes=16.050 grad=2.3115 seconds=131.7
Epoch 2548/5000: score=19.932796 loss=-0.249441 valid=1.0000 routes=17.564 grad=2.6218 seconds=131.0
Epoch 2549/5000: score=19.025119 loss=-0.258869 valid=1.0000 routes=15.994 grad=2.4953 seconds=129.1
Epoch 2550/5000: score=19.518096 loss=-0.240840 valid=1.0000 routes=17.587 grad=2.5731 seconds=130.4
Epoch 2551/5000: score=18.474976 loss=-0.254529 valid=1.0000 routes=17.499 grad=2.4891 seconds=131.5
Epoch 2552/5000: score=17.745491 loss=-0.248407 valid=1.0000 routes=16.767 grad=2.3328 seconds=132.9
Epoch 2553/5000: score=18.296301 loss=-0.252152 valid=1.0000 routes=15.708 grad=2.2862 seconds=132.2
Epoch 2554/5000: score=18.414409 loss=-0.248969 valid=1.0000 routes=15.945 grad=2.2452 seconds=131.8
Epoch 2555/5000: score=18.360134 loss=-0.241853 valid=1.0000 routes=17.551 grad=2.4136 seconds=131.3
Epoch 2556/5000: score=19.026757 loss=-0.237230 valid=1.0000 routes=17.195 grad=2.4520 seconds=131.3
Epoch 2557/5000: score=18.815884 loss=-0.242026 valid=1.0000 routes=16.027 grad=2.3591 seconds=132.2
Epoch 2558/5000: score=18.715489 loss=-0.253461 valid=1.0000 routes=17.042 grad=2.4728 seconds=131.8
Epoch 2559/5000: score=18.566639 loss=-0.240895 valid=1.0000 routes=17.332 grad=2.3282 seconds=131.9
Epoch 2560/5000: score=20.046254 loss=-0.261806 valid=1.0000 routes=17.907 grad=2.7468 seconds=132.5
Epoch 2561/5000: score=18.814155 loss=-0.255534 valid=1.0000 routes=16.279 grad=2.4499 seconds=133.0
Epoch 2562/5000: score=18.129820 loss=-0.232984 valid=1.0000 routes=16.734 grad=2.2462 seconds=131.6
Epoch 2563/5000: score=19.306716 loss=-0.257430 valid=1.0000 routes=17.679 grad=2.5694 seconds=132.6
Epoch 2564/5000: score=19.603007 loss=-0.263381 valid=1.0000 routes=16.631 grad=2.6113 seconds=132.4
Epoch 2565/5000: score=19.600612 loss=-0.257932 valid=1.0000 routes=17.478 grad=2.5987 seconds=130.8
Epoch 2566/5000: score=17.945192 loss=-0.243109 valid=1.0000 routes=16.110 grad=2.2046 seconds=129.5
Epoch 2567/5000: score=18.375282 loss=-0.247076 valid=1.0000 routes=16.256 grad=2.3632 seconds=130.0
Epoch 2568/5000: score=18.945142 loss=-0.248261 valid=1.0000 routes=17.125 grad=2.4567 seconds=131.0
Epoch 2569/5000: score=18.450094 loss=-0.247465 valid=1.0000 routes=16.600 grad=2.3688 seconds=131.6
Epoch 2570/5000: score=18.638275 loss=-0.251048 valid=1.0000 routes=15.982 grad=2.4098 seconds=131.4
Epoch 2571/5000: score=18.975550 loss=-0.254351 valid=1.0000 routes=15.669 grad=2.3913 seconds=131.6
Epoch 2572/5000: score=18.140072 loss=-0.255804 valid=1.0000 routes=15.845 grad=2.3037 seconds=131.7
Epoch 2573/5000: score=18.349870 loss=-0.267852 valid=1.0000 routes=15.896 grad=2.4121 seconds=132.9
Epoch 2574/5000: score=19.218455 loss=-0.245736 valid=1.0000 routes=18.049 grad=2.5657 seconds=132.4
Epoch 2575/5000: score=19.786477 loss=-0.250370 valid=1.0000 routes=17.639 grad=2.7022 seconds=131.3
Epoch 2576/5000: score=18.509117 loss=-0.249218 valid=1.0000 routes=15.985 grad=2.3152 seconds=131.5
Epoch 2577/5000: score=18.647452 loss=-0.242860 valid=1.0000 routes=16.589 grad=2.3295 seconds=131.8
Epoch 2578/5000: score=19.139219 loss=-0.245234 valid=1.0000 routes=17.753 grad=2.5007 seconds=131.3
Epoch 2579/5000: score=18.955321 loss=-0.249755 valid=1.0000 routes=17.499 grad=2.5109 seconds=131.7
Epoch 2580/5000: score=17.755063 loss=-0.246525 valid=1.0000 routes=16.575 grad=2.2818 seconds=131.1
Epoch 2581/5000: score=18.598527 loss=-0.250512 valid=1.0000 routes=16.602 grad=2.3715 seconds=129.6
Epoch 2582/5000: score=18.241909 loss=-0.257760 valid=1.0000 routes=16.083 grad=2.3377 seconds=129.9
Epoch 2583/5000: score=18.825099 loss=-0.249951 valid=1.0000 routes=16.116 grad=2.4241 seconds=129.3
Epoch 2584/5000: score=19.675649 loss=-0.257015 valid=1.0000 routes=18.096 grad=2.6701 seconds=129.9
Epoch 2585/5000: score=19.848460 loss=-0.236038 valid=1.0000 routes=18.741 grad=2.6388 seconds=127.6
Epoch 2586/5000: score=18.410181 loss=-0.251062 valid=1.0000 routes=16.122 grad=2.3820 seconds=129.5
Epoch 2587/5000: score=17.719000 loss=-0.249468 valid=1.0000 routes=15.385 grad=2.1462 seconds=127.5
Epoch 2588/5000: score=19.187355 loss=-0.254843 valid=1.0000 routes=16.177 grad=2.4620 seconds=128.4
Epoch 2589/5000: score=19.022094 loss=-0.254201 valid=1.0000 routes=16.555 grad=2.4811 seconds=128.1
Epoch 2590/5000: score=19.543163 loss=-0.253110 valid=1.0000 routes=17.075 grad=2.5856 seconds=127.9
Epoch 2591/5000: score=16.842774 loss=-0.242769 valid=1.0000 routes=15.484 grad=2.0583 seconds=127.7
Epoch 2592/5000: score=18.290190 loss=-0.245346 valid=1.0000 routes=15.901 grad=2.2644 seconds=127.7
Epoch 2593/5000: score=17.870873 loss=-0.253353 valid=1.0000 routes=16.171 grad=2.3373 seconds=127.8
Epoch 2594/5000: score=18.585454 loss=-0.247666 valid=1.0000 routes=16.716 grad=2.3203 seconds=127.6
Epoch 2595/5000: score=19.093705 loss=-0.255804 valid=1.0000 routes=16.455 grad=2.5188 seconds=128.1
Epoch 2596/5000: score=19.702341 loss=-0.257265 valid=1.0000 routes=17.747 grad=2.6523 seconds=127.6
Epoch 2597/5000: score=19.284129 loss=-0.246458 valid=1.0000 routes=16.905 grad=2.4570 seconds=127.7
Epoch 2598/5000: score=18.446277 loss=-0.235610 valid=1.0000 routes=17.047 grad=2.3521 seconds=129.1
Epoch 2599/5000: score=18.846558 loss=-0.258001 valid=1.0000 routes=16.176 grad=2.4717 seconds=130.7
Epoch 2600/5000: score=18.810580 loss=-0.243987 valid=1.0000 routes=16.671 grad=2.3870 seconds=130.1
Epoch 2601/5000: score=19.777622 loss=-0.261926 valid=1.0000 routes=16.759 grad=2.6371 seconds=129.1
Epoch 2602/5000: score=18.328846 loss=-0.248285 valid=1.0000 routes=15.589 grad=2.2426 seconds=128.9
Epoch 2603/5000: score=19.243503 loss=-0.261276 valid=1.0000 routes=16.447 grad=2.5637 seconds=128.9
Epoch 2604/5000: score=18.485612 loss=-0.263008 valid=1.0000 routes=16.318 grad=2.4278 seconds=130.8
Epoch 2605/5000: score=18.571880 loss=-0.239197 valid=1.0000 routes=16.786 grad=2.3525 seconds=130.3
Epoch 2606/5000: score=19.411942 loss=-0.245090 valid=1.0000 routes=17.232 grad=2.5633 seconds=129.5
Epoch 2607/5000: score=18.248734 loss=-0.249814 valid=1.0000 routes=16.087 grad=2.2178 seconds=126.8
Epoch 2608/5000: score=18.773843 loss=-0.236438 valid=1.0000 routes=16.458 grad=2.3313 seconds=126.9
Epoch 2609/5000: score=19.403485 loss=-0.248070 valid=1.0000 routes=17.576 grad=2.5795 seconds=128.7
Epoch 2610/5000: score=18.309292 loss=-0.246827 valid=1.0000 routes=17.621 grad=2.3908 seconds=130.1
Epoch 2611/5000: score=18.913865 loss=-0.251694 valid=1.0000 routes=15.870 grad=2.4191 seconds=130.5
Epoch 2612/5000: score=18.495206 loss=-0.256494 valid=1.0000 routes=16.599 grad=2.3938 seconds=128.7
Epoch 2613/5000: score=20.323486 loss=-0.254747 valid=1.0000 routes=18.006 grad=2.7581 seconds=126.9
Epoch 2614/5000: score=19.118393 loss=-0.251189 valid=1.0000 routes=17.242 grad=2.4921 seconds=127.1
Epoch 2615/5000: score=18.726961 loss=-0.240846 valid=1.0000 routes=17.485 grad=2.4218 seconds=127.4
Epoch 2616/5000: score=17.785486 loss=-0.260254 valid=1.0000 routes=15.488 grad=2.2575 seconds=128.3
Epoch 2617/5000: score=18.914489 loss=-0.254190 valid=1.0000 routes=17.559 grad=2.4981 seconds=128.2
Epoch 2618/5000: score=18.293809 loss=-0.248974 valid=1.0000 routes=17.093 grad=2.3354 seconds=128.3
Epoch 2619/5000: score=18.307855 loss=-0.243705 valid=1.0000 routes=15.204 grad=2.2270 seconds=129.3
Epoch 2620/5000: score=18.787405 loss=-0.243008 valid=1.0000 routes=16.570 grad=2.3798 seconds=129.3
Epoch 2621/5000: score=19.804004 loss=-0.249182 valid=1.0000 routes=17.838 grad=2.5802 seconds=129.7
Epoch 2622/5000: score=19.168464 loss=-0.255488 valid=1.0000 routes=16.819 grad=2.5116 seconds=130.2
Epoch 2623/5000: score=18.948060 loss=-0.249104 valid=1.0000 routes=17.261 grad=2.4635 seconds=130.6
Epoch 2624/5000: score=18.161783 loss=-0.260506 valid=1.0000 routes=15.731 grad=2.2989 seconds=144.9
Epoch 2625/5000: score=18.452341 loss=-0.236335 valid=1.0000 routes=17.917 grad=2.3289 seconds=143.8
Epoch 2626/5000: score=19.359008 loss=-0.263754 valid=1.0000 routes=16.993 grad=2.5600 seconds=143.3
Epoch 2627/5000: score=18.044850 loss=-0.253697 valid=1.0000 routes=15.874 grad=2.2899 seconds=141.3
Epoch 2628/5000: score=19.642693 loss=-0.252395 valid=1.0000 routes=16.956 grad=2.5028 seconds=140.7
Epoch 2629/5000: score=18.652117 loss=-0.259206 valid=1.0000 routes=16.588 grad=2.3847 seconds=139.9
Epoch 2630/5000: score=19.418326 loss=-0.250606 valid=1.0000 routes=18.454 grad=2.6167 seconds=140.5
Epoch 2631/5000: score=18.453712 loss=-0.249345 valid=1.0000 routes=16.119 grad=2.3421 seconds=141.8
Epoch 2632/5000: score=18.660151 loss=-0.253863 valid=1.0000 routes=16.746 grad=2.4035 seconds=141.1
Epoch 2633/5000: score=19.107421 loss=-0.253597 valid=1.0000 routes=18.033 grad=2.5441 seconds=142.4
Epoch 2634/5000: score=19.054698 loss=-0.255798 valid=1.0000 routes=16.354 grad=2.4703 seconds=139.2
Epoch 2635/5000: score=19.125392 loss=-0.242166 valid=1.0000 routes=17.502 grad=2.5121 seconds=139.6
Epoch 2636/5000: score=19.142938 loss=-0.251395 valid=1.0000 routes=17.043 grad=2.5142 seconds=141.2
Epoch 2637/5000: score=18.236594 loss=-0.277574 valid=1.0000 routes=15.968 grad=2.4256 seconds=140.6
Epoch 2638/5000: score=18.088118 loss=-0.259065 valid=1.0000 routes=15.363 grad=2.2675 seconds=142.3
Epoch 2639/5000: score=18.624712 loss=-0.247445 valid=1.0000 routes=16.327 grad=2.3391 seconds=140.8
Epoch 2640/5000: score=18.182955 loss=-0.247066 valid=1.0000 routes=16.443 grad=2.3088 seconds=140.7
Epoch 2641/5000: score=18.304268 loss=-0.252307 valid=1.0000 routes=15.627 grad=2.2772 seconds=142.0
Epoch 2642/5000: score=18.928959 loss=-0.264372 valid=1.0000 routes=16.162 grad=2.4856 seconds=141.1
Epoch 2643/5000: score=18.251657 loss=-0.247074 valid=1.0000 routes=15.964 grad=2.2889 seconds=141.4
Epoch 2644/5000: score=17.660936 loss=-0.236620 valid=1.0000 routes=16.269 grad=2.2109 seconds=140.2
Epoch 2645/5000: score=19.160400 loss=-0.248676 valid=1.0000 routes=16.562 grad=2.4979 seconds=141.3
Epoch 2646/5000: score=18.344663 loss=-0.251425 valid=1.0000 routes=16.801 grad=2.3330 seconds=141.0
Epoch 2647/5000: score=18.017732 loss=-0.241053 valid=1.0000 routes=15.795 grad=2.1916 seconds=140.2
Epoch 2648/5000: score=17.737689 loss=-0.251872 valid=1.0000 routes=15.830 grad=2.1957 seconds=139.8
Epoch 2649/5000: score=19.222489 loss=-0.263517 valid=1.0000 routes=17.311 grad=2.6023 seconds=141.5
Epoch 2650/5000: score=18.884517 loss=-0.256737 valid=1.0000 routes=16.186 grad=2.3920 seconds=140.3
Epoch 2651/5000: score=18.564176 loss=-0.269158 valid=1.0000 routes=16.436 grad=2.5275 seconds=141.6
Epoch 2652/5000: score=19.087279 loss=-0.257685 valid=1.0000 routes=16.288 grad=2.5025 seconds=141.5
Epoch 2653/5000: score=18.667536 loss=-0.244463 valid=1.0000 routes=16.514 grad=2.3059 seconds=141.3
Epoch 2654/5000: score=19.290413 loss=-0.243034 valid=1.0000 routes=17.543 grad=2.5032 seconds=141.6
Epoch 2655/5000: score=18.977947 loss=-0.242415 valid=1.0000 routes=16.889 grad=2.3531 seconds=142.9
Epoch 2656/5000: score=18.366863 loss=-0.247328 valid=1.0000 routes=15.790 grad=2.3183 seconds=143.3
Epoch 2657/5000: score=19.015170 loss=-0.255223 valid=1.0000 routes=15.904 grad=2.4936 seconds=142.6
Epoch 2658/5000: score=19.673454 loss=-0.255033 valid=1.0000 routes=17.726 grad=2.6954 seconds=141.6
Epoch 2659/5000: score=19.775841 loss=-0.252787 valid=1.0000 routes=17.374 grad=2.6283 seconds=142.2
Epoch 2660/5000: score=19.366668 loss=-0.245971 valid=1.0000 routes=17.567 grad=2.5504 seconds=141.1
Epoch 2661/5000: score=18.600297 loss=-0.248057 valid=1.0000 routes=16.696 grad=2.3798 seconds=141.4
Epoch 2662/5000: score=19.197138 loss=-0.246794 valid=1.0000 routes=16.793 grad=2.5072 seconds=142.8
Epoch 2663/5000: score=18.541134 loss=-0.231740 valid=1.0000 routes=16.589 grad=2.3072 seconds=140.1
Epoch 2664/5000: score=18.612702 loss=-0.255732 valid=1.0000 routes=17.037 grad=2.4933 seconds=142.2
Epoch 2665/5000: score=18.649665 loss=-0.259549 valid=1.0000 routes=16.168 grad=2.4175 seconds=142.4
Epoch 2666/5000: score=19.425779 loss=-0.253337 valid=1.0000 routes=17.042 grad=2.5550 seconds=143.9
Epoch 2667/5000: score=19.166791 loss=-0.244820 valid=1.0000 routes=17.182 grad=2.5071 seconds=143.5
Epoch 2668/5000: score=20.013271 loss=-0.263433 valid=1.0000 routes=17.610 grad=2.6424 seconds=140.5
Epoch 2669/5000: score=18.872355 loss=-0.243713 valid=1.0000 routes=16.401 grad=2.3760 seconds=141.3
Epoch 2670/5000: score=17.651090 loss=-0.254091 valid=1.0000 routes=15.193 grad=2.1810 seconds=140.5
Epoch 2671/5000: score=18.055887 loss=-0.247703 valid=1.0000 routes=15.807 grad=2.2559 seconds=140.6
Epoch 2672/5000: score=19.491271 loss=-0.241595 valid=1.0000 routes=18.523 grad=2.5982 seconds=139.0
Epoch 2673/5000: score=18.332853 loss=-0.251364 valid=1.0000 routes=16.155 grad=2.3453 seconds=140.3
Epoch 2674/5000: score=17.838078 loss=-0.236562 valid=1.0000 routes=16.341 grad=2.2466 seconds=140.1
Epoch 2675/5000: score=17.970165 loss=-0.261412 valid=1.0000 routes=15.441 grad=2.3029 seconds=141.8
Epoch 2676/5000: score=18.777055 loss=-0.239058 valid=1.0000 routes=16.825 grad=2.3838 seconds=140.9
Epoch 2677/5000: score=16.533962 loss=-0.254340 valid=1.0000 routes=14.654 grad=2.0101 seconds=140.7
Epoch 2678/5000: score=19.390822 loss=-0.253769 valid=1.0000 routes=17.282 grad=2.5333 seconds=141.1
Epoch 2679/5000: score=19.557897 loss=-0.257550 valid=1.0000 routes=17.036 grad=2.6249 seconds=141.1
Epoch 2680/5000: score=18.162460 loss=-0.245783 valid=1.0000 routes=17.321 grad=2.3156 seconds=141.7
Epoch 2681/5000: score=18.183720 loss=-0.252762 valid=1.0000 routes=16.150 grad=2.3050 seconds=139.7
Epoch 2682/5000: score=18.143762 loss=-0.249377 valid=1.0000 routes=16.259 grad=2.3099 seconds=140.1
Epoch 2683/5000: score=17.185342 loss=-0.240722 valid=1.0000 routes=15.725 grad=2.0730 seconds=140.8
Epoch 2684/5000: score=18.946779 loss=-0.250124 valid=1.0000 routes=16.866 grad=2.4960 seconds=141.7
Epoch 2685/5000: score=18.923636 loss=-0.248403 valid=1.0000 routes=17.252 grad=2.4470 seconds=141.2
Epoch 2686/5000: score=20.597167 loss=-0.253090 valid=1.0000 routes=17.862 grad=2.8006 seconds=141.0
Epoch 2687/5000: score=19.233266 loss=-0.253528 valid=1.0000 routes=17.815 grad=2.5311 seconds=140.7
Epoch 2688/5000: score=18.446132 loss=-0.249619 valid=1.0000 routes=16.911 grad=2.3982 seconds=141.5
Epoch 2689/5000: score=17.793170 loss=-0.249812 valid=1.0000 routes=15.620 grad=2.2680 seconds=141.5
Epoch 2690/5000: score=19.279047 loss=-0.246872 valid=1.0000 routes=16.648 grad=2.4630 seconds=135.4
Epoch 2691/5000: score=17.884891 loss=-0.243934 valid=1.0000 routes=16.503 grad=2.2713 seconds=129.1
Epoch 2692/5000: score=18.937765 loss=-0.263426 valid=1.0000 routes=16.258 grad=2.5310 seconds=129.6
Epoch 2693/5000: score=19.389346 loss=-0.246748 valid=1.0000 routes=17.859 grad=2.5303 seconds=130.2
Epoch 2694/5000: score=20.324003 loss=-0.247891 valid=1.0000 routes=18.243 grad=2.6675 seconds=127.8
Epoch 2695/5000: score=19.997321 loss=-0.265158 valid=1.0000 routes=17.748 grad=2.7604 seconds=128.6
Epoch 2696/5000: score=17.659313 loss=-0.243986 valid=1.0000 routes=16.095 grad=2.2133 seconds=130.1
Epoch 2697/5000: score=18.465439 loss=-0.261837 valid=1.0000 routes=15.319 grad=2.3815 seconds=130.6
Epoch 2698/5000: score=20.381400 loss=-0.257799 valid=1.0000 routes=18.578 grad=2.8098 seconds=130.6
Epoch 2699/5000: score=18.367444 loss=-0.256383 valid=1.0000 routes=15.889 grad=2.3913 seconds=130.8
Epoch 2700/5000: score=18.293155 loss=-0.261353 valid=1.0000 routes=15.769 grad=2.3926 seconds=130.9
Epoch 2701/5000: score=18.917887 loss=-0.251909 valid=1.0000 routes=17.039 grad=2.4716 seconds=130.4
Epoch 2702/5000: score=18.806428 loss=-0.242046 valid=1.0000 routes=16.972 grad=2.3605 seconds=129.7
Epoch 2703/5000: score=19.384218 loss=-0.259499 valid=1.0000 routes=17.983 grad=2.6737 seconds=129.1
Epoch 2704/5000: score=18.102247 loss=-0.243762 valid=1.0000 routes=17.087 grad=2.2933 seconds=129.4
Epoch 2705/5000: score=18.423376 loss=-0.261390 valid=1.0000 routes=16.240 grad=2.4084 seconds=129.9
Epoch 2706/5000: score=18.183307 loss=-0.243595 valid=1.0000 routes=16.855 grad=2.3195 seconds=130.1
Epoch 2707/5000: score=19.312412 loss=-0.243358 valid=1.0000 routes=18.418 grad=2.5919 seconds=128.5
Epoch 2708/5000: score=19.081909 loss=-0.245576 valid=1.0000 routes=17.203 grad=2.4314 seconds=126.6
Epoch 2709/5000: score=18.857520 loss=-0.247267 valid=1.0000 routes=16.782 grad=2.4835 seconds=128.3
Epoch 2710/5000: score=18.781327 loss=-0.253224 valid=1.0000 routes=17.267 grad=2.4775 seconds=128.6
>> Invalid instances, Re-generating ...
Epoch 2711/5000: score=19.273161 loss=-0.248861 valid=1.0000 routes=16.876 grad=2.5557 seconds=129.8
Epoch 2712/5000: score=19.317626 loss=-0.253881 valid=1.0000 routes=16.837 grad=2.5220 seconds=130.0
Epoch 2713/5000: score=18.115297 loss=-0.237400 valid=1.0000 routes=16.341 grad=2.1924 seconds=129.2
Epoch 2714/5000: score=17.852370 loss=-0.241809 valid=1.0000 routes=15.799 grad=2.1973 seconds=129.4
Epoch 2715/5000: score=18.320156 loss=-0.257838 valid=1.0000 routes=15.770 grad=2.3162 seconds=129.1
Epoch 2716/5000: score=19.556105 loss=-0.246956 valid=1.0000 routes=17.030 grad=2.5517 seconds=128.8
Epoch 2717/5000: score=18.187404 loss=-0.246659 valid=1.0000 routes=16.784 grad=2.2596 seconds=128.5
Epoch 2718/5000: score=18.255806 loss=-0.260323 valid=1.0000 routes=16.253 grad=2.3146 seconds=128.7
Epoch 2719/5000: score=19.634285 loss=-0.257494 valid=1.0000 routes=18.147 grad=2.6270 seconds=128.5
Epoch 2720/5000: score=19.052653 loss=-0.252497 valid=1.0000 routes=16.802 grad=2.5092 seconds=129.2
Epoch 2721/5000: score=18.547044 loss=-0.257535 valid=1.0000 routes=16.137 grad=2.3736 seconds=128.5
Epoch 2722/5000: score=19.217740 loss=-0.247622 valid=1.0000 routes=17.424 grad=2.5593 seconds=128.3
Epoch 2723/5000: score=18.539133 loss=-0.242905 valid=1.0000 routes=17.385 grad=2.3543 seconds=128.3
Epoch 2724/5000: score=17.571624 loss=-0.240301 valid=1.0000 routes=15.401 grad=2.0883 seconds=128.1
Epoch 2725/5000: score=19.386719 loss=-0.248051 valid=1.0000 routes=18.113 grad=2.5418 seconds=128.3
Epoch 2726/5000: score=18.774189 loss=-0.254297 valid=1.0000 routes=16.392 grad=2.3728 seconds=129.2
Epoch 2727/5000: score=19.569118 loss=-0.243552 valid=1.0000 routes=16.999 grad=2.4955 seconds=128.9
Epoch 2728/5000: score=18.504817 loss=-0.241136 valid=1.0000 routes=15.973 grad=2.2330 seconds=128.6
Epoch 2729/5000: score=19.090244 loss=-0.255512 valid=1.0000 routes=16.625 grad=2.4366 seconds=128.4
Epoch 2730/5000: score=19.712691 loss=-0.261634 valid=1.0000 routes=17.079 grad=2.6830 seconds=129.0
Epoch 2731/5000: score=19.544997 loss=-0.257116 valid=1.0000 routes=17.126 grad=2.5936 seconds=129.6
Epoch 2732/5000: score=20.159895 loss=-0.259122 valid=1.0000 routes=17.586 grad=2.6904 seconds=129.9
Epoch 2733/5000: score=19.308845 loss=-0.255071 valid=1.0000 routes=17.114 grad=2.5780 seconds=130.3
Epoch 2734/5000: score=19.560778 loss=-0.254906 valid=1.0000 routes=17.480 grad=2.5998 seconds=129.9
Epoch 2735/5000: score=19.074849 loss=-0.251153 valid=1.0000 routes=16.630 grad=2.4362 seconds=129.9
Epoch 2736/5000: score=18.062406 loss=-0.246268 valid=1.0000 routes=16.579 grad=2.2745 seconds=131.5
Epoch 2737/5000: score=18.013609 loss=-0.247368 valid=1.0000 routes=16.032 grad=2.2311 seconds=131.8
Epoch 2738/5000: score=19.347073 loss=-0.251910 valid=1.0000 routes=17.320 grad=2.5042 seconds=131.4
Epoch 2739/5000: score=18.507522 loss=-0.252277 valid=1.0000 routes=16.874 grad=2.4083 seconds=130.5
Epoch 2740/5000: score=18.790471 loss=-0.247727 valid=1.0000 routes=17.607 grad=2.5155 seconds=130.0
Epoch 2741/5000: score=19.447215 loss=-0.242184 valid=1.0000 routes=16.636 grad=2.4648 seconds=130.6
Epoch 2742/5000: score=18.366940 loss=-0.255355 valid=1.0000 routes=15.235 grad=2.3070 seconds=131.3
Epoch 2743/5000: score=18.787181 loss=-0.253405 valid=1.0000 routes=16.540 grad=2.3674 seconds=129.6
Epoch 2744/5000: score=19.932586 loss=-0.267691 valid=1.0000 routes=17.946 grad=2.6995 seconds=129.1
Epoch 2745/5000: score=19.410143 loss=-0.238437 valid=1.0000 routes=17.424 grad=2.4528 seconds=127.8
Epoch 2746/5000: score=17.944068 loss=-0.241059 valid=1.0000 routes=15.675 grad=2.1935 seconds=129.3
Epoch 2747/5000: score=18.666526 loss=-0.245997 valid=1.0000 routes=16.728 grad=2.3264 seconds=128.6
Epoch 2748/5000: score=18.817004 loss=-0.246084 valid=1.0000 routes=16.505 grad=2.3606 seconds=129.4
Epoch 2749/5000: score=17.683199 loss=-0.247875 valid=1.0000 routes=15.766 grad=2.1600 seconds=129.7
Epoch 2750/5000: score=18.080932 loss=-0.240056 valid=1.0000 routes=15.973 grad=2.2315 seconds=129.9
Epoch 2751/5000: score=18.466019 loss=-0.245650 valid=1.0000 routes=16.898 grad=2.3648 seconds=130.0
Epoch 2752/5000: score=18.263047 loss=-0.239499 valid=1.0000 routes=16.001 grad=2.1681 seconds=131.7
Epoch 2753/5000: score=19.312539 loss=-0.235911 valid=1.0000 routes=18.182 grad=2.5005 seconds=131.0
Epoch 2754/5000: score=19.663255 loss=-0.261721 valid=1.0000 routes=16.601 grad=2.5792 seconds=130.8
Epoch 2755/5000: score=18.136255 loss=-0.248577 valid=1.0000 routes=16.263 grad=2.2746 seconds=131.4
Epoch 2756/5000: score=18.192315 loss=-0.249508 valid=1.0000 routes=15.895 grad=2.2183 seconds=130.1
Epoch 2757/5000: score=19.314737 loss=-0.253941 valid=1.0000 routes=18.157 grad=2.6085 seconds=130.7
Epoch 2758/5000: score=19.464432 loss=-0.253671 valid=1.0000 routes=16.589 grad=2.5027 seconds=130.6
Epoch 2759/5000: score=19.754735 loss=-0.255658 valid=1.0000 routes=16.818 grad=2.5481 seconds=130.1
>> Invalid instances, Re-generating ...
Epoch 2760/5000: score=18.586778 loss=-0.241628 valid=1.0000 routes=16.942 grad=2.3774 seconds=128.9
Epoch 2761/5000: score=19.395781 loss=-0.248427 valid=1.0000 routes=15.708 grad=2.4492 seconds=128.8
>> Invalid instances, Re-generating ...
Epoch 2762/5000: score=18.779058 loss=-0.237797 valid=1.0000 routes=16.636 grad=2.4013 seconds=129.4
Epoch 2763/5000: score=18.677957 loss=-0.250448 valid=1.0000 routes=16.554 grad=2.3969 seconds=130.3
Epoch 2764/5000: score=19.358994 loss=-0.243225 valid=1.0000 routes=18.370 grad=2.5545 seconds=129.0
Epoch 2765/5000: score=18.259983 loss=-0.246801 valid=1.0000 routes=15.432 grad=2.2226 seconds=129.2
Epoch 2766/5000: score=19.198169 loss=-0.241597 valid=1.0000 routes=16.938 grad=2.4706 seconds=129.8
Epoch 2767/5000: score=18.989291 loss=-0.247502 valid=1.0000 routes=17.076 grad=2.4694 seconds=129.5
Epoch 2768/5000: score=19.112919 loss=-0.246994 valid=1.0000 routes=17.295 grad=2.5072 seconds=129.5
Epoch 2769/5000: score=19.843046 loss=-0.261182 valid=1.0000 routes=17.467 grad=2.6544 seconds=130.5
Epoch 2770/5000: score=18.204139 loss=-0.241335 valid=1.0000 routes=16.289 grad=2.2985 seconds=130.2
Epoch 2771/5000: score=18.533267 loss=-0.241079 valid=1.0000 routes=17.329 grad=2.3728 seconds=128.9
Epoch 2772/5000: score=18.195915 loss=-0.246547 valid=1.0000 routes=16.464 grad=2.2985 seconds=129.3
Epoch 2773/5000: score=18.008417 loss=-0.230485 valid=1.0000 routes=16.660 grad=2.1991 seconds=128.8
Epoch 2774/5000: score=19.193810 loss=-0.255957 valid=1.0000 routes=16.529 grad=2.4915 seconds=129.0
Epoch 2775/5000: score=19.325453 loss=-0.247932 valid=1.0000 routes=17.417 grad=2.5713 seconds=130.0
Epoch 2776/5000: score=18.814124 loss=-0.254669 valid=1.0000 routes=16.557 grad=2.4979 seconds=130.0
Epoch 2777/5000: score=17.979930 loss=-0.247613 valid=1.0000 routes=15.764 grad=2.2898 seconds=129.9
>> Invalid instances, Re-generating ...
Epoch 2778/5000: score=18.136359 loss=-0.246878 valid=1.0000 routes=15.966 grad=2.2698 seconds=129.1
Epoch 2779/5000: score=18.792286 loss=-0.244911 valid=1.0000 routes=16.997 grad=2.4219 seconds=129.4
Epoch 2780/5000: score=18.794830 loss=-0.249795 valid=1.0000 routes=17.094 grad=2.4924 seconds=129.2
Epoch 2781/5000: score=19.819036 loss=-0.253350 valid=1.0000 routes=17.601 grad=2.6746 seconds=129.6
Epoch 2782/5000: score=18.762810 loss=-0.250083 valid=1.0000 routes=16.536 grad=2.3491 seconds=130.4
Epoch 2783/5000: score=19.498622 loss=-0.244136 valid=1.0000 routes=17.712 grad=2.5571 seconds=130.7
Epoch 2784/5000: score=19.168081 loss=-0.252402 valid=1.0000 routes=16.834 grad=2.4295 seconds=129.2
Epoch 2785/5000: score=18.363785 loss=-0.241087 valid=1.0000 routes=16.622 grad=2.2847 seconds=130.0
Epoch 2786/5000: score=18.805203 loss=-0.262497 valid=1.0000 routes=16.209 grad=2.5039 seconds=129.9
Epoch 2787/5000: score=18.278182 loss=-0.246609 valid=1.0000 routes=16.781 grad=2.3294 seconds=129.5
Epoch 2788/5000: score=20.280778 loss=-0.248318 valid=1.0000 routes=18.396 grad=2.7260 seconds=128.6
Epoch 2789/5000: score=19.256736 loss=-0.242745 valid=1.0000 routes=17.242 grad=2.4492 seconds=129.2
Epoch 2790/5000: score=18.671016 loss=-0.251314 valid=1.0000 routes=16.740 grad=2.4503 seconds=129.1
Epoch 2791/5000: score=18.381015 loss=-0.249897 valid=1.0000 routes=16.558 grad=2.3469 seconds=129.5
Epoch 2792/5000: score=19.165401 loss=-0.247011 valid=1.0000 routes=16.998 grad=2.4858 seconds=129.0
Epoch 2793/5000: score=18.945693 loss=-0.254607 valid=1.0000 routes=16.760 grad=2.4584 seconds=129.3
Epoch 2794/5000: score=17.983385 loss=-0.236427 valid=1.0000 routes=16.066 grad=2.2204 seconds=129.1
Epoch 2795/5000: score=19.239711 loss=-0.238894 valid=1.0000 routes=17.380 grad=2.4917 seconds=129.0
Epoch 2796/5000: score=19.031635 loss=-0.254124 valid=1.0000 routes=17.114 grad=2.4719 seconds=128.9
Epoch 2797/5000: score=18.948323 loss=-0.253701 valid=1.0000 routes=16.465 grad=2.4057 seconds=129.0
Epoch 2798/5000: score=18.848915 loss=-0.237234 valid=1.0000 routes=16.754 grad=2.3730 seconds=128.8
Epoch 2799/5000: score=17.588969 loss=-0.237283 valid=1.0000 routes=15.186 grad=2.1445 seconds=129.7
Epoch 2800/5000: score=18.948602 loss=-0.255747 valid=1.0000 routes=16.356 grad=2.4159 seconds=128.4
Epoch 2801/5000: score=19.290477 loss=-0.256737 valid=1.0000 routes=17.196 grad=2.5011 seconds=128.8
Epoch 2802/5000: score=18.780472 loss=-0.254826 valid=1.0000 routes=16.582 grad=2.4673 seconds=128.6
Epoch 2803/5000: score=19.128491 loss=-0.252984 valid=1.0000 routes=16.764 grad=2.5042 seconds=129.2
Epoch 2804/5000: score=19.062497 loss=-0.255005 valid=1.0000 routes=17.080 grad=2.5128 seconds=129.3
Epoch 2805/5000: score=19.177476 loss=-0.240576 valid=1.0000 routes=17.322 grad=2.4454 seconds=130.1
Epoch 2806/5000: score=20.239977 loss=-0.238490 valid=1.0000 routes=18.145 grad=2.6585 seconds=130.7
Epoch 2807/5000: score=18.964868 loss=-0.269408 valid=1.0000 routes=16.625 grad=2.5056 seconds=129.8
Epoch 2808/5000: score=18.736039 loss=-0.252918 valid=1.0000 routes=16.891 grad=2.3973 seconds=128.7
Epoch 2809/5000: score=19.148613 loss=-0.257228 valid=1.0000 routes=16.659 grad=2.4972 seconds=128.7
Epoch 2810/5000: score=18.539028 loss=-0.248048 valid=1.0000 routes=16.167 grad=2.3149 seconds=129.7
Epoch 2811/5000: score=18.830473 loss=-0.260094 valid=1.0000 routes=17.520 grad=2.5196 seconds=129.8
Epoch 2812/5000: score=19.714417 loss=-0.253124 valid=1.0000 routes=16.825 grad=2.5268 seconds=129.3
Epoch 2813/5000: score=19.101333 loss=-0.246925 valid=1.0000 routes=16.649 grad=2.4515 seconds=129.6
Epoch 2814/5000: score=19.362226 loss=-0.239512 valid=1.0000 routes=18.188 grad=2.5724 seconds=129.0
Epoch 2815/5000: score=19.897325 loss=-0.249080 valid=1.0000 routes=18.129 grad=2.6625 seconds=130.0
Epoch 2816/5000: score=20.211820 loss=-0.254911 valid=1.0000 routes=19.009 grad=2.7789 seconds=129.0
Epoch 2817/5000: score=19.232282 loss=-0.241563 valid=1.0000 routes=17.199 grad=2.4742 seconds=129.7
Epoch 2818/5000: score=18.703735 loss=-0.250673 valid=1.0000 routes=16.847 grad=2.4420 seconds=130.7
Epoch 2819/5000: score=19.007854 loss=-0.242457 valid=1.0000 routes=17.606 grad=2.4612 seconds=130.5
Epoch 2820/5000: score=19.048945 loss=-0.248780 valid=1.0000 routes=17.398 grad=2.5282 seconds=130.4
Epoch 2821/5000: score=18.673890 loss=-0.254571 valid=1.0000 routes=16.950 grad=2.4847 seconds=130.0
Epoch 2822/5000: score=19.255928 loss=-0.238091 valid=1.0000 routes=17.457 grad=2.5258 seconds=129.7
Epoch 2823/5000: score=18.827948 loss=-0.259372 valid=1.0000 routes=16.498 grad=2.5064 seconds=130.3
Epoch 2824/5000: score=18.055996 loss=-0.248550 valid=1.0000 routes=16.035 grad=2.2371 seconds=131.4
Epoch 2825/5000: score=20.247239 loss=-0.260359 valid=1.0000 routes=17.969 grad=2.7522 seconds=129.8
Epoch 2826/5000: score=19.134117 loss=-0.259182 valid=1.0000 routes=16.486 grad=2.4764 seconds=130.7
Epoch 2827/5000: score=19.216322 loss=-0.258775 valid=1.0000 routes=17.378 grad=2.4941 seconds=130.6
Epoch 2828/5000: score=18.947040 loss=-0.262996 valid=1.0000 routes=17.056 grad=2.4654 seconds=129.7
Epoch 2829/5000: score=18.064061 loss=-0.245316 valid=1.0000 routes=16.103 grad=2.2089 seconds=129.8
Epoch 2830/5000: score=18.273942 loss=-0.243702 valid=1.0000 routes=16.646 grad=2.2765 seconds=130.4
Epoch 2831/5000: score=19.827019 loss=-0.251170 valid=1.0000 routes=17.506 grad=2.6867 seconds=130.1
Epoch 2832/5000: score=19.072966 loss=-0.246198 valid=1.0000 routes=17.183 grad=2.4452 seconds=130.8
Epoch 2833/5000: score=19.877286 loss=-0.264242 valid=1.0000 routes=17.189 grad=2.6571 seconds=130.0
Epoch 2834/5000: score=18.763236 loss=-0.240263 valid=1.0000 routes=17.151 grad=2.3608 seconds=129.7
Epoch 2835/5000: score=17.576071 loss=-0.248722 valid=1.0000 routes=15.835 grad=2.1926 seconds=130.1
Epoch 2836/5000: score=18.175198 loss=-0.245230 valid=1.0000 routes=16.280 grad=2.2828 seconds=130.0
Epoch 2837/5000: score=18.573841 loss=-0.233497 valid=1.0000 routes=17.002 grad=2.3081 seconds=130.4
Epoch 2838/5000: score=19.120342 loss=-0.245853 valid=1.0000 routes=16.786 grad=2.4630 seconds=131.0
Epoch 2839/5000: score=18.843201 loss=-0.237021 valid=1.0000 routes=17.049 grad=2.4041 seconds=130.0
Epoch 2840/5000: score=18.500764 loss=-0.236430 valid=1.0000 routes=16.282 grad=2.3147 seconds=129.8
Epoch 2841/5000: score=19.420439 loss=-0.252343 valid=1.0000 routes=17.601 grad=2.5733 seconds=130.4
Epoch 2842/5000: score=18.703011 loss=-0.250046 valid=1.0000 routes=16.344 grad=2.3933 seconds=130.0
Epoch 2843/5000: score=18.773886 loss=-0.252550 valid=1.0000 routes=16.975 grad=2.4817 seconds=130.7
Epoch 2844/5000: score=17.824019 loss=-0.238377 valid=1.0000 routes=16.430 grad=2.2325 seconds=130.5
Epoch 2845/5000: score=18.510147 loss=-0.256231 valid=1.0000 routes=16.315 grad=2.3515 seconds=129.8
Epoch 2846/5000: score=19.089454 loss=-0.247955 valid=1.0000 routes=16.205 grad=2.4327 seconds=129.7
Epoch 2847/5000: score=19.611021 loss=-0.247626 valid=1.0000 routes=17.282 grad=2.5524 seconds=128.9
Epoch 2848/5000: score=18.006898 loss=-0.254912 valid=1.0000 routes=15.935 grad=2.2314 seconds=130.7
Epoch 2849/5000: score=18.147153 loss=-0.249628 valid=1.0000 routes=15.926 grad=2.3354 seconds=129.4
Epoch 2850/5000: score=18.792386 loss=-0.255703 valid=1.0000 routes=15.801 grad=2.4725 seconds=129.1
Epoch 2851/5000: score=19.639857 loss=-0.252278 valid=1.0000 routes=18.052 grad=2.6784 seconds=129.4
Epoch 2852/5000: score=19.178217 loss=-0.253736 valid=1.0000 routes=16.175 grad=2.4142 seconds=129.7
Epoch 2853/5000: score=19.583181 loss=-0.264300 valid=1.0000 routes=17.207 grad=2.6880 seconds=129.2
Epoch 2854/5000: score=19.291778 loss=-0.241247 valid=1.0000 routes=17.910 grad=2.5294 seconds=128.5
Epoch 2855/5000: score=18.184473 loss=-0.244215 valid=1.0000 routes=15.183 grad=2.2362 seconds=129.3
Epoch 2856/5000: score=18.678653 loss=-0.254509 valid=1.0000 routes=16.484 grad=2.4144 seconds=130.1
Epoch 2857/5000: score=18.414997 loss=-0.251745 valid=1.0000 routes=15.852 grad=2.2966 seconds=128.5
Epoch 2858/5000: score=18.328764 loss=-0.243696 valid=1.0000 routes=16.884 grad=2.2915 seconds=128.3
Epoch 2859/5000: score=18.032637 loss=-0.240914 valid=1.0000 routes=16.637 grad=2.2587 seconds=130.2
Epoch 2860/5000: score=17.557007 loss=-0.251473 valid=1.0000 routes=15.569 grad=2.1132 seconds=129.5
Epoch 2861/5000: score=18.538317 loss=-0.248589 valid=1.0000 routes=16.075 grad=2.3556 seconds=129.3
Epoch 2862/5000: score=18.306608 loss=-0.239206 valid=1.0000 routes=15.866 grad=2.2609 seconds=128.3
>> Invalid instances, Re-generating ...
Epoch 2863/5000: score=19.925344 loss=-0.256785 valid=1.0000 routes=16.782 grad=2.6032 seconds=129.0
Epoch 2864/5000: score=18.652852 loss=-0.250144 valid=1.0000 routes=17.001 grad=2.3957 seconds=128.4
Epoch 2865/5000: score=18.985134 loss=-0.238894 valid=1.0000 routes=17.741 grad=2.4369 seconds=125.9
Epoch 2866/5000: score=19.023500 loss=-0.245494 valid=1.0000 routes=17.048 grad=2.3905 seconds=127.9
Epoch 2867/5000: score=18.661701 loss=-0.247902 valid=1.0000 routes=16.765 grad=2.3842 seconds=127.0
Epoch 2868/5000: score=18.488996 loss=-0.259088 valid=1.0000 routes=16.153 grad=2.4086 seconds=129.4
Epoch 2869/5000: score=18.680395 loss=-0.255362 valid=1.0000 routes=16.288 grad=2.4385 seconds=128.2
Epoch 2870/5000: score=19.700683 loss=-0.250319 valid=1.0000 routes=17.662 grad=2.6285 seconds=127.3
Epoch 2871/5000: score=18.433382 loss=-0.248575 valid=1.0000 routes=16.686 grad=2.3465 seconds=126.2
Epoch 2872/5000: score=18.721916 loss=-0.235368 valid=1.0000 routes=16.976 grad=2.3236 seconds=125.7
Epoch 2873/5000: score=19.333171 loss=-0.245519 valid=1.0000 routes=17.809 grad=2.5202 seconds=128.3
Epoch 2874/5000: score=19.311166 loss=-0.262089 valid=1.0000 routes=16.123 grad=2.5987 seconds=130.1
Epoch 2875/5000: score=18.687752 loss=-0.243780 valid=1.0000 routes=16.409 grad=2.3884 seconds=130.1
Epoch 2876/5000: score=18.038359 loss=-0.241430 valid=1.0000 routes=16.202 grad=2.2958 seconds=129.6
Epoch 2877/5000: score=18.484323 loss=-0.244476 valid=1.0000 routes=17.255 grad=2.3921 seconds=129.6
Epoch 2878/5000: score=18.489524 loss=-0.243105 valid=1.0000 routes=17.166 grad=2.3513 seconds=131.2
Epoch 2879/5000: score=19.391858 loss=-0.248009 valid=1.0000 routes=17.563 grad=2.5758 seconds=130.1
Epoch 2880/5000: score=19.673490 loss=-0.232144 valid=1.0000 routes=17.799 grad=2.5094 seconds=129.6
Epoch 2881/5000: score=18.935536 loss=-0.236103 valid=1.0000 routes=17.297 grad=2.4454 seconds=130.0
Epoch 2882/5000: score=19.248125 loss=-0.245896 valid=1.0000 routes=16.123 grad=2.4372 seconds=128.6
Epoch 2883/5000: score=17.355036 loss=-0.243969 valid=1.0000 routes=15.359 grad=2.1385 seconds=128.7
Epoch 2884/5000: score=19.216007 loss=-0.231890 valid=1.0000 routes=17.943 grad=2.4818 seconds=129.5
Epoch 2885/5000: score=18.635743 loss=-0.253016 valid=1.0000 routes=16.233 grad=2.3742 seconds=129.9
Epoch 2886/5000: score=18.295892 loss=-0.241218 valid=1.0000 routes=16.746 grad=2.3281 seconds=130.4
Epoch 2887/5000: score=19.719960 loss=-0.253103 valid=1.0000 routes=17.729 grad=2.6638 seconds=130.4
Epoch 2888/5000: score=17.885039 loss=-0.244703 valid=1.0000 routes=15.615 grad=2.2299 seconds=129.5
Epoch 2889/5000: score=18.459191 loss=-0.246483 valid=1.0000 routes=16.357 grad=2.2767 seconds=128.9
Epoch 2890/5000: score=20.338997 loss=-0.261005 valid=1.0000 routes=18.485 grad=2.8057 seconds=127.9
Epoch 2891/5000: score=19.112415 loss=-0.242370 valid=1.0000 routes=17.351 grad=2.4373 seconds=126.3
Epoch 2892/5000: score=18.798010 loss=-0.230010 valid=1.0000 routes=17.455 grad=2.4472 seconds=126.3
Epoch 2893/5000: score=19.876154 loss=-0.253304 valid=1.0000 routes=18.476 grad=2.6970 seconds=126.5
Epoch 2894/5000: score=19.323022 loss=-0.245381 valid=1.0000 routes=17.255 grad=2.5347 seconds=127.7
Epoch 2895/5000: score=18.950855 loss=-0.242253 valid=1.0000 routes=17.716 grad=2.3992 seconds=127.2
Epoch 2896/5000: score=17.688641 loss=-0.228082 valid=1.0000 routes=15.467 grad=2.0981 seconds=126.6
Epoch 2897/5000: score=18.262945 loss=-0.245499 valid=1.0000 routes=16.554 grad=2.3226 seconds=127.2
Epoch 2898/5000: score=18.478052 loss=-0.239236 valid=1.0000 routes=16.225 grad=2.2570 seconds=128.0
Epoch 2899/5000: score=19.327485 loss=-0.246762 valid=1.0000 routes=16.299 grad=2.4322 seconds=129.3
Epoch 2900/5000: score=19.406474 loss=-0.241428 valid=1.0000 routes=17.647 grad=2.4800 seconds=128.7
Epoch 2901/5000: score=18.953743 loss=-0.255547 valid=1.0000 routes=17.176 grad=2.4715 seconds=127.1
Epoch 2902/5000: score=18.648052 loss=-0.249091 valid=1.0000 routes=16.653 grad=2.3954 seconds=128.2
Epoch 2903/5000: score=18.118790 loss=-0.241648 valid=1.0000 routes=15.753 grad=2.2446 seconds=128.1
Epoch 2904/5000: score=19.394266 loss=-0.252703 valid=1.0000 routes=17.521 grad=2.5858 seconds=128.1
Epoch 2905/5000: score=19.562365 loss=-0.248044 valid=1.0000 routes=17.526 grad=2.5997 seconds=130.1
Epoch 2906/5000: score=18.357511 loss=-0.248379 valid=1.0000 routes=17.706 grad=2.3486 seconds=128.7
Epoch 2907/5000: score=19.495600 loss=-0.251505 valid=1.0000 routes=16.574 grad=2.5566 seconds=127.8
Epoch 2908/5000: score=19.953149 loss=-0.249374 valid=1.0000 routes=17.970 grad=2.6657 seconds=129.3
Epoch 2909/5000: score=18.464074 loss=-0.246895 valid=1.0000 routes=16.155 grad=2.2639 seconds=127.8
Epoch 2910/5000: score=19.250162 loss=-0.249747 valid=1.0000 routes=17.439 grad=2.5332 seconds=127.9
Epoch 2911/5000: score=18.784774 loss=-0.238363 valid=1.0000 routes=16.907 grad=2.3304 seconds=127.7
Epoch 2912/5000: score=19.000788 loss=-0.239330 valid=1.0000 routes=17.269 grad=2.4419 seconds=128.9
Epoch 2913/5000: score=19.893619 loss=-0.257651 valid=1.0000 routes=17.024 grad=2.5795 seconds=128.7
Epoch 2914/5000: score=19.478851 loss=-0.258265 valid=1.0000 routes=17.738 grad=2.5964 seconds=128.3
Epoch 2915/5000: score=19.444859 loss=-0.243164 valid=1.0000 routes=16.771 grad=2.5068 seconds=129.1
Epoch 2916/5000: score=19.095076 loss=-0.239680 valid=1.0000 routes=16.701 grad=2.4009 seconds=128.8
Epoch 2917/5000: score=18.532818 loss=-0.243530 valid=1.0000 routes=16.759 grad=2.3685 seconds=127.5
Epoch 2918/5000: score=19.329346 loss=-0.260538 valid=1.0000 routes=17.326 grad=2.5292 seconds=128.1
Epoch 2919/5000: score=18.300902 loss=-0.237342 valid=1.0000 routes=16.285 grad=2.2104 seconds=127.8
Epoch 2920/5000: score=17.542463 loss=-0.240292 valid=1.0000 routes=15.008 grad=2.0376 seconds=128.5
Epoch 2921/5000: score=18.071618 loss=-0.249102 valid=1.0000 routes=15.792 grad=2.2387 seconds=129.1
Epoch 2922/5000: score=18.498662 loss=-0.255174 valid=1.0000 routes=15.704 grad=2.3455 seconds=128.9
Epoch 2923/5000: score=17.986884 loss=-0.249968 valid=1.0000 routes=15.971 grad=2.2385 seconds=130.3
Epoch 2924/5000: score=18.436580 loss=-0.239946 valid=1.0000 routes=15.759 grad=2.2984 seconds=129.8
>> Invalid instances, Re-generating ...
Epoch 2925/5000: score=18.461797 loss=-0.258523 valid=1.0000 routes=16.200 grad=2.3237 seconds=129.5
Epoch 2926/5000: score=18.558663 loss=-0.256020 valid=1.0000 routes=16.099 grad=2.3506 seconds=129.9
Epoch 2927/5000: score=19.128388 loss=-0.245419 valid=1.0000 routes=17.084 grad=2.5048 seconds=129.5
Epoch 2928/5000: score=18.369858 loss=-0.236949 valid=1.0000 routes=16.748 grad=2.3034 seconds=129.1
Epoch 2929/5000: score=19.464875 loss=-0.236736 valid=1.0000 routes=17.930 grad=2.5076 seconds=129.7
Epoch 2930/5000: score=19.088319 loss=-0.251009 valid=1.0000 routes=16.709 grad=2.5056 seconds=130.4
Epoch 2931/5000: score=18.885921 loss=-0.236912 valid=1.0000 routes=16.225 grad=2.3483 seconds=130.0
Epoch 2932/5000: score=19.627367 loss=-0.246485 valid=1.0000 routes=18.416 grad=2.6597 seconds=130.0
Epoch 2933/5000: score=19.304812 loss=-0.254914 valid=1.0000 routes=18.161 grad=2.6062 seconds=129.7
Epoch 2934/5000: score=19.483677 loss=-0.247919 valid=1.0000 routes=17.740 grad=2.5333 seconds=129.2
Epoch 2935/5000: score=17.692635 loss=-0.249263 valid=1.0000 routes=15.834 grad=2.1934 seconds=130.0
Epoch 2936/5000: score=18.623999 loss=-0.247260 valid=1.0000 routes=16.000 grad=2.3470 seconds=128.4
Epoch 2937/5000: score=19.943205 loss=-0.256033 valid=1.0000 routes=16.689 grad=2.6059 seconds=127.9
Epoch 2938/5000: score=20.018910 loss=-0.259486 valid=1.0000 routes=17.799 grad=2.6278 seconds=128.0
Epoch 2939/5000: score=18.297838 loss=-0.247049 valid=1.0000 routes=16.937 grad=2.3491 seconds=127.9
Epoch 2940/5000: score=18.232326 loss=-0.234567 valid=1.0000 routes=16.390 grad=2.2202 seconds=128.2
Epoch 2941/5000: score=19.485265 loss=-0.248641 valid=1.0000 routes=17.878 grad=2.6048 seconds=127.9
Epoch 2942/5000: score=19.396088 loss=-0.246730 valid=1.0000 routes=16.602 grad=2.5087 seconds=129.1
Epoch 2943/5000: score=18.774065 loss=-0.257698 valid=1.0000 routes=16.375 grad=2.4384 seconds=128.8
Epoch 2944/5000: score=19.339133 loss=-0.245814 valid=1.0000 routes=17.144 grad=2.5065 seconds=127.8
Epoch 2945/5000: score=19.437439 loss=-0.241809 valid=1.0000 routes=17.265 grad=2.4989 seconds=128.4
Epoch 2946/5000: score=18.460456 loss=-0.237953 valid=1.0000 routes=16.811 grad=2.3397 seconds=129.5
Epoch 2947/5000: score=19.897438 loss=-0.245804 valid=1.0000 routes=17.887 grad=2.6392 seconds=129.3
Epoch 2948/5000: score=18.594778 loss=-0.232674 valid=1.0000 routes=16.506 grad=2.2586 seconds=129.8
Epoch 2949/5000: score=18.703190 loss=-0.230425 valid=1.0000 routes=16.719 grad=2.3070 seconds=130.0
Epoch 2950/5000: score=18.697776 loss=-0.234690 valid=1.0000 routes=16.485 grad=2.3375 seconds=130.1
Epoch 2951/5000: score=18.611814 loss=-0.242193 valid=1.0000 routes=17.000 grad=2.4093 seconds=129.6
Epoch 2952/5000: score=18.773674 loss=-0.233713 valid=1.0000 routes=16.613 grad=2.3614 seconds=129.2
Epoch 2953/5000: score=18.302852 loss=-0.238955 valid=1.0000 routes=16.525 grad=2.3604 seconds=130.1
Epoch 2954/5000: score=19.032903 loss=-0.247093 valid=1.0000 routes=16.814 grad=2.4123 seconds=128.5
Epoch 2955/5000: score=18.960055 loss=-0.238017 valid=1.0000 routes=16.642 grad=2.2958 seconds=127.9
Epoch 2956/5000: score=19.677977 loss=-0.237991 valid=1.0000 routes=18.318 grad=2.6094 seconds=129.5
Epoch 2957/5000: score=18.823850 loss=-0.243311 valid=1.0000 routes=16.456 grad=2.3659 seconds=128.8
Epoch 2958/5000: score=18.450727 loss=-0.235513 valid=1.0000 routes=16.269 grad=2.2581 seconds=129.2
Epoch 2959/5000: score=17.042330 loss=-0.248656 valid=1.0000 routes=15.202 grad=2.0568 seconds=129.8
Epoch 2960/5000: score=18.281248 loss=-0.253064 valid=1.0000 routes=16.251 grad=2.3453 seconds=130.0
Epoch 2961/5000: score=19.090721 loss=-0.260438 valid=1.0000 routes=17.230 grad=2.5484 seconds=130.1
Epoch 2962/5000: score=17.905285 loss=-0.261170 valid=1.0000 routes=16.087 grad=2.3090 seconds=129.2
Epoch 2963/5000: score=18.363419 loss=-0.242804 valid=1.0000 routes=16.746 grad=2.2399 seconds=127.4
Epoch 2964/5000: score=17.794246 loss=-0.237430 valid=1.0000 routes=16.268 grad=2.1431 seconds=128.9
Epoch 2965/5000: score=17.097882 loss=-0.239410 valid=1.0000 routes=14.600 grad=1.9670 seconds=129.7
Epoch 2966/5000: score=19.832013 loss=-0.246518 valid=1.0000 routes=17.005 grad=2.5899 seconds=129.3
Epoch 2967/5000: score=18.389964 loss=-0.258912 valid=1.0000 routes=15.517 grad=2.3072 seconds=129.7
Epoch 2968/5000: score=18.580856 loss=-0.252951 valid=1.0000 routes=16.275 grad=2.4025 seconds=130.6
Epoch 2969/5000: score=19.810822 loss=-0.257816 valid=1.0000 routes=18.052 grad=2.7065 seconds=131.4
Epoch 2970/5000: score=19.267229 loss=-0.249599 valid=1.0000 routes=16.605 grad=2.4877 seconds=131.3
Epoch 2971/5000: score=18.509414 loss=-0.252454 valid=1.0000 routes=16.661 grad=2.4077 seconds=131.1
Epoch 2972/5000: score=18.504415 loss=-0.246716 valid=1.0000 routes=15.501 grad=2.2477 seconds=131.4
Epoch 2973/5000: score=17.067476 loss=-0.242252 valid=1.0000 routes=15.124 grad=2.0130 seconds=131.8
Epoch 2974/5000: score=18.793120 loss=-0.247725 valid=1.0000 routes=17.343 grad=2.4409 seconds=131.3
Epoch 2975/5000: score=18.819109 loss=-0.251698 valid=1.0000 routes=17.339 grad=2.4075 seconds=129.1
Epoch 2976/5000: score=20.035066 loss=-0.253310 valid=1.0000 routes=18.394 grad=2.7139 seconds=129.9
Epoch 2977/5000: score=19.132452 loss=-0.257847 valid=1.0000 routes=16.630 grad=2.4620 seconds=129.4
Epoch 2978/5000: score=18.947547 loss=-0.253312 valid=1.0000 routes=15.881 grad=2.3434 seconds=130.2
Epoch 2979/5000: score=19.138364 loss=-0.247491 valid=1.0000 routes=16.845 grad=2.4792 seconds=130.5
Epoch 2980/5000: score=18.677169 loss=-0.239412 valid=1.0000 routes=16.634 grad=2.3247 seconds=130.1
Epoch 2981/5000: score=20.456600 loss=-0.259398 valid=1.0000 routes=18.187 grad=2.7692 seconds=129.9
Epoch 2982/5000: score=19.918930 loss=-0.246545 valid=1.0000 routes=18.692 grad=2.6376 seconds=131.0
Epoch 2983/5000: score=19.423078 loss=-0.268553 valid=1.0000 routes=16.676 grad=2.6138 seconds=130.9
Epoch 2984/5000: score=19.569916 loss=-0.243179 valid=1.0000 routes=17.441 grad=2.5172 seconds=129.4
Epoch 2985/5000: score=19.590519 loss=-0.246102 valid=1.0000 routes=17.788 grad=2.5890 seconds=129.9
Epoch 2986/5000: score=19.170983 loss=-0.241810 valid=1.0000 routes=17.148 grad=2.4244 seconds=130.0
Epoch 2987/5000: score=18.849515 loss=-0.245373 valid=1.0000 routes=16.160 grad=2.3505 seconds=129.8
Epoch 2988/5000: score=18.420741 loss=-0.254504 valid=1.0000 routes=16.130 grad=2.3314 seconds=129.9
Epoch 2989/5000: score=19.743716 loss=-0.251023 valid=1.0000 routes=17.091 grad=2.5456 seconds=129.8
Epoch 2990/5000: score=19.152792 loss=-0.242169 valid=1.0000 routes=16.791 grad=2.3889 seconds=129.6
Epoch 2991/5000: score=18.097072 loss=-0.238129 valid=1.0000 routes=16.849 grad=2.2748 seconds=131.2
Epoch 2992/5000: score=19.744322 loss=-0.259941 valid=1.0000 routes=16.635 grad=2.6111 seconds=132.7
Epoch 2993/5000: score=17.601394 loss=-0.246836 valid=1.0000 routes=15.191 grad=2.1061 seconds=132.9
Epoch 2994/5000: score=18.520976 loss=-0.244242 valid=1.0000 routes=15.605 grad=2.2808 seconds=131.7
Epoch 2995/5000: score=19.314919 loss=-0.249446 valid=1.0000 routes=18.213 grad=2.5909 seconds=133.0
Epoch 2996/5000: score=18.598390 loss=-0.239171 valid=1.0000 routes=17.377 grad=2.3434 seconds=132.9
Epoch 2997/5000: score=19.118209 loss=-0.249558 valid=1.0000 routes=17.179 grad=2.5060 seconds=133.0
Epoch 2998/5000: score=18.417133 loss=-0.246646 valid=1.0000 routes=17.484 grad=2.4024 seconds=132.3
Epoch 2999/5000: score=18.335094 loss=-0.248345 valid=1.0000 routes=15.998 grad=2.3139 seconds=132.9
Epoch 3000/5000: score=18.013863 loss=-0.244285 valid=1.0000 routes=15.884 grad=2.2108 seconds=132.6
Epoch 3001/5000: score=20.134672 loss=-0.259814 valid=1.0000 routes=18.590 grad=2.7615 seconds=131.4
Epoch 3002/5000: score=18.061805 loss=-0.242189 valid=1.0000 routes=15.000 grad=2.1491 seconds=131.6
Epoch 3003/5000: score=19.467443 loss=-0.246289 valid=1.0000 routes=18.136 grad=2.6085 seconds=131.3
Epoch 3004/5000: score=18.105702 loss=-0.262218 valid=1.0000 routes=17.418 grad=2.3788 seconds=131.8
Epoch 3005/5000: score=18.826629 loss=-0.258855 valid=1.0000 routes=16.569 grad=2.4166 seconds=131.9
Epoch 3006/5000: score=18.089354 loss=-0.248766 valid=1.0000 routes=16.195 grad=2.2671 seconds=132.8
Epoch 3007/5000: score=20.130460 loss=-0.257086 valid=1.0000 routes=17.987 grad=2.7083 seconds=132.2
Epoch 3008/5000: score=18.388123 loss=-0.240420 valid=1.0000 routes=16.935 grad=2.2669 seconds=131.9
Epoch 3009/5000: score=17.760797 loss=-0.233029 valid=1.0000 routes=15.946 grad=2.0842 seconds=131.9
Epoch 3010/5000: score=19.546736 loss=-0.252286 valid=1.0000 routes=16.991 grad=2.6040 seconds=131.9
Epoch 3011/5000: score=18.665811 loss=-0.252907 valid=1.0000 routes=16.947 grad=2.4069 seconds=132.4
Epoch 3012/5000: score=19.911039 loss=-0.253502 valid=1.0000 routes=17.030 grad=2.6230 seconds=132.9
Epoch 3013/5000: score=19.047672 loss=-0.243619 valid=1.0000 routes=16.791 grad=2.4013 seconds=133.3
Epoch 3014/5000: score=19.669089 loss=-0.253642 valid=1.0000 routes=17.747 grad=2.6270 seconds=133.2
Epoch 3015/5000: score=18.364976 loss=-0.247267 valid=1.0000 routes=16.578 grad=2.2891 seconds=133.0
Epoch 3016/5000: score=19.105419 loss=-0.242991 valid=1.0000 routes=16.437 grad=2.3968 seconds=133.9
Epoch 3017/5000: score=18.208106 loss=-0.243889 valid=1.0000 routes=16.142 grad=2.2672 seconds=133.8
Epoch 3018/5000: score=19.089005 loss=-0.250956 valid=1.0000 routes=16.570 grad=2.4327 seconds=134.4
Epoch 3019/5000: score=18.314800 loss=-0.241534 valid=1.0000 routes=16.598 grad=2.2854 seconds=134.1
Epoch 3020/5000: score=18.767825 loss=-0.255921 valid=1.0000 routes=17.284 grad=2.4654 seconds=134.3
Epoch 3021/5000: score=19.176259 loss=-0.252097 valid=1.0000 routes=16.907 grad=2.4551 seconds=133.8
Epoch 3022/5000: score=18.839360 loss=-0.249882 valid=1.0000 routes=17.392 grad=2.5108 seconds=133.6
Epoch 3023/5000: score=18.702379 loss=-0.247402 valid=1.0000 routes=16.913 grad=2.4259 seconds=133.4
Epoch 3024/5000: score=20.078452 loss=-0.244160 valid=1.0000 routes=18.471 grad=2.6730 seconds=133.3
Epoch 3025/5000: score=18.467878 loss=-0.246725 valid=1.0000 routes=17.010 grad=2.3590 seconds=133.1
Epoch 3026/5000: score=18.524621 loss=-0.246104 valid=1.0000 routes=16.940 grad=2.3522 seconds=133.4
Epoch 3027/5000: score=18.394984 loss=-0.251755 valid=1.0000 routes=15.613 grad=2.2851 seconds=133.1
Epoch 3028/5000: score=18.735275 loss=-0.244111 valid=1.0000 routes=17.310 grad=2.3969 seconds=132.9
Epoch 3029/5000: score=18.731830 loss=-0.249425 valid=1.0000 routes=17.050 grad=2.3960 seconds=132.5
Epoch 3030/5000: score=19.203486 loss=-0.248192 valid=1.0000 routes=18.257 grad=2.5156 seconds=132.7
Epoch 3031/5000: score=19.077351 loss=-0.245953 valid=1.0000 routes=16.833 grad=2.3643 seconds=132.7
Epoch 3032/5000: score=18.982572 loss=-0.253740 valid=1.0000 routes=16.962 grad=2.4669 seconds=132.6
Epoch 3033/5000: score=18.309273 loss=-0.243539 valid=1.0000 routes=16.992 grad=2.3183 seconds=132.5
Epoch 3034/5000: score=19.663291 loss=-0.247592 valid=1.0000 routes=18.074 grad=2.5887 seconds=132.1
Epoch 3035/5000: score=18.577812 loss=-0.238914 valid=1.0000 routes=17.310 grad=2.3454 seconds=133.0
Epoch 3036/5000: score=18.820147 loss=-0.245572 valid=1.0000 routes=16.553 grad=2.3933 seconds=132.8
Epoch 3037/5000: score=18.580481 loss=-0.231940 valid=1.0000 routes=17.566 grad=2.4082 seconds=132.7
Epoch 3038/5000: score=19.169862 loss=-0.234793 valid=1.0000 routes=16.378 grad=2.3951 seconds=133.5
Epoch 3039/5000: score=18.848154 loss=-0.239779 valid=1.0000 routes=17.176 grad=2.3641 seconds=132.4
>> Invalid instances, Re-generating ...
Epoch 3040/5000: score=18.880194 loss=-0.246479 valid=1.0000 routes=16.710 grad=2.4261 seconds=132.8
Epoch 3041/5000: score=18.921636 loss=-0.243961 valid=1.0000 routes=16.606 grad=2.4122 seconds=132.4
>> Invalid instances, Re-generating ...
Epoch 3042/5000: score=20.384785 loss=-0.241611 valid=1.0000 routes=18.209 grad=2.6655 seconds=131.8
Epoch 3043/5000: score=17.278277 loss=-0.247095 valid=1.0000 routes=15.267 grad=2.0350 seconds=133.2
Epoch 3044/5000: score=19.049523 loss=-0.250718 valid=1.0000 routes=17.204 grad=2.5042 seconds=133.6
Epoch 3045/5000: score=18.867170 loss=-0.254380 valid=1.0000 routes=16.616 grad=2.3877 seconds=132.7
Epoch 3046/5000: score=19.600982 loss=-0.250527 valid=1.0000 routes=16.834 grad=2.5454 seconds=132.7
Epoch 3047/5000: score=18.067625 loss=-0.239717 valid=1.0000 routes=16.949 grad=2.2535 seconds=132.1
Epoch 3048/5000: score=19.026409 loss=-0.252919 valid=1.0000 routes=17.135 grad=2.4645 seconds=133.2
Epoch 3049/5000: score=18.054861 loss=-0.234032 valid=1.0000 routes=16.066 grad=2.1800 seconds=132.8
Epoch 3050/5000: score=18.005412 loss=-0.242685 valid=1.0000 routes=15.289 grad=2.1575 seconds=132.6
Epoch 3051/5000: score=19.021910 loss=-0.246246 valid=1.0000 routes=16.439 grad=2.4468 seconds=132.8
Epoch 3052/5000: score=18.813578 loss=-0.241772 valid=1.0000 routes=17.300 grad=2.4543 seconds=132.7
Epoch 3053/5000: score=19.020967 loss=-0.251870 valid=1.0000 routes=16.755 grad=2.4395 seconds=131.9
Epoch 3054/5000: score=19.121803 loss=-0.250467 valid=1.0000 routes=17.019 grad=2.5013 seconds=133.0
Epoch 3055/5000: score=18.606363 loss=-0.242570 valid=1.0000 routes=17.247 grad=2.3609 seconds=133.2
Epoch 3056/5000: score=19.430796 loss=-0.246853 valid=1.0000 routes=17.545 grad=2.5876 seconds=133.2
Epoch 3057/5000: score=19.148622 loss=-0.256198 valid=1.0000 routes=16.605 grad=2.5615 seconds=133.2
Epoch 3058/5000: score=19.706828 loss=-0.241894 valid=1.0000 routes=17.656 grad=2.5491 seconds=132.2
Epoch 3059/5000: score=19.388391 loss=-0.251084 valid=1.0000 routes=17.065 grad=2.5328 seconds=132.3
Epoch 3060/5000: score=17.976483 loss=-0.240605 valid=1.0000 routes=16.031 grad=2.1700 seconds=132.2
Epoch 3061/5000: score=19.781655 loss=-0.240879 valid=1.0000 routes=17.773 grad=2.5345 seconds=131.9
Epoch 3062/5000: score=19.615293 loss=-0.250219 valid=1.0000 routes=17.527 grad=2.5743 seconds=132.1
Epoch 3063/5000: score=19.575933 loss=-0.255290 valid=1.0000 routes=17.955 grad=2.5668 seconds=131.7
Epoch 3064/5000: score=19.221892 loss=-0.247227 valid=1.0000 routes=17.074 grad=2.5170 seconds=132.1
Epoch 3065/5000: score=18.221275 loss=-0.235619 valid=1.0000 routes=16.834 grad=2.2283 seconds=131.7
Epoch 3066/5000: score=20.147137 loss=-0.239428 valid=1.0000 routes=17.576 grad=2.6630 seconds=130.9
Epoch 3067/5000: score=18.262065 loss=-0.246588 valid=1.0000 routes=16.279 grad=2.3241 seconds=132.2
Epoch 3068/5000: score=18.871615 loss=-0.243789 valid=1.0000 routes=16.690 grad=2.4661 seconds=132.6
Epoch 3069/5000: score=19.964200 loss=-0.258321 valid=1.0000 routes=17.195 grad=2.6276 seconds=132.7
Epoch 3070/5000: score=18.831166 loss=-0.240391 valid=1.0000 routes=16.148 grad=2.3198 seconds=132.1
Epoch 3071/5000: score=18.627437 loss=-0.251117 valid=1.0000 routes=15.741 grad=2.3551 seconds=131.9
Epoch 3072/5000: score=17.302570 loss=-0.230197 valid=1.0000 routes=15.446 grad=1.9722 seconds=129.8
Epoch 3073/5000: score=19.458843 loss=-0.249211 valid=1.0000 routes=17.997 grad=2.6279 seconds=130.3
Epoch 3074/5000: score=18.608237 loss=-0.249478 valid=1.0000 routes=17.607 grad=2.4267 seconds=130.6
Epoch 3075/5000: score=19.658090 loss=-0.239136 valid=1.0000 routes=17.546 grad=2.5118 seconds=131.1
Epoch 3076/5000: score=18.296849 loss=-0.241436 valid=1.0000 routes=16.369 grad=2.2249 seconds=132.2
Epoch 3077/5000: score=18.572564 loss=-0.242392 valid=1.0000 routes=17.429 grad=2.4161 seconds=131.6
Epoch 3078/5000: score=18.489104 loss=-0.242214 valid=1.0000 routes=16.424 grad=2.2873 seconds=131.1
Epoch 3079/5000: score=19.998348 loss=-0.254427 valid=1.0000 routes=18.302 grad=2.6945 seconds=131.3
Epoch 3080/5000: score=19.457888 loss=-0.254798 valid=1.0000 routes=17.500 grad=2.5699 seconds=131.6
Epoch 3081/5000: score=18.747412 loss=-0.237164 valid=1.0000 routes=17.491 grad=2.3513 seconds=131.5
Epoch 3082/5000: score=18.961405 loss=-0.252803 valid=1.0000 routes=17.080 grad=2.4885 seconds=133.1
Epoch 3083/5000: score=19.802370 loss=-0.243836 valid=1.0000 routes=17.543 grad=2.5122 seconds=131.6
Epoch 3084/5000: score=18.829061 loss=-0.244392 valid=1.0000 routes=16.870 grad=2.3769 seconds=131.5
Epoch 3085/5000: score=19.123706 loss=-0.245204 valid=1.0000 routes=16.315 grad=2.3694 seconds=131.4
Epoch 3086/5000: score=18.313838 loss=-0.238754 valid=1.0000 routes=16.947 grad=2.3347 seconds=131.6
Epoch 3087/5000: score=18.869256 loss=-0.260601 valid=1.0000 routes=16.586 grad=2.5376 seconds=132.2
Epoch 3088/5000: score=18.220083 loss=-0.247351 valid=1.0000 routes=16.250 grad=2.3012 seconds=132.0
Epoch 3089/5000: score=19.157981 loss=-0.235773 valid=1.0000 routes=17.329 grad=2.4764 seconds=131.3
Epoch 3090/5000: score=18.796264 loss=-0.247938 valid=1.0000 routes=16.324 grad=2.3546 seconds=132.1
Epoch 3091/5000: score=19.959585 loss=-0.245011 valid=1.0000 routes=17.524 grad=2.5335 seconds=131.7
Epoch 3092/5000: score=19.539133 loss=-0.256613 valid=1.0000 routes=17.429 grad=2.6078 seconds=132.1
Epoch 3093/5000: score=18.722706 loss=-0.242283 valid=1.0000 routes=17.208 grad=2.3625 seconds=131.5
Epoch 3094/5000: score=18.962297 loss=-0.250278 valid=1.0000 routes=16.595 grad=2.4302 seconds=132.1
Epoch 3095/5000: score=18.778814 loss=-0.241387 valid=1.0000 routes=17.851 grad=2.4271 seconds=132.5
Epoch 3096/5000: score=19.451726 loss=-0.250837 valid=1.0000 routes=16.838 grad=2.5052 seconds=131.8
Epoch 3097/5000: score=19.945866 loss=-0.252652 valid=1.0000 routes=17.613 grad=2.6248 seconds=132.4
Epoch 3098/5000: score=19.289645 loss=-0.250768 valid=1.0000 routes=17.151 grad=2.5558 seconds=132.6
Epoch 3099/5000: score=18.922447 loss=-0.240943 valid=1.0000 routes=16.820 grad=2.4492 seconds=131.1
Epoch 3100/5000: score=18.606971 loss=-0.246132 valid=1.0000 routes=16.860 grad=2.3480 seconds=131.0
Epoch 3101/5000: score=18.877133 loss=-0.250809 valid=1.0000 routes=16.930 grad=2.4314 seconds=131.2
Epoch 3102/5000: score=19.131702 loss=-0.234674 valid=1.0000 routes=17.156 grad=2.4572 seconds=131.2
Epoch 3103/5000: score=19.667915 loss=-0.243263 valid=1.0000 routes=17.914 grad=2.6252 seconds=131.6
Epoch 3104/5000: score=18.255989 loss=-0.251009 valid=1.0000 routes=16.670 grad=2.3635 seconds=131.7
Epoch 3105/5000: score=18.632124 loss=-0.248872 valid=1.0000 routes=16.142 grad=2.3141 seconds=132.9
>> Invalid instances, Re-generating ...
Epoch 3106/5000: score=18.332417 loss=-0.243297 valid=1.0000 routes=16.314 grad=2.2836 seconds=131.0
Epoch 3107/5000: score=18.531865 loss=-0.242108 valid=1.0000 routes=16.862 grad=2.3410 seconds=131.2
Epoch 3108/5000: score=18.271949 loss=-0.231275 valid=1.0000 routes=16.581 grad=2.2685 seconds=131.1
Epoch 3109/5000: score=19.217528 loss=-0.248507 valid=1.0000 routes=17.045 grad=2.4969 seconds=130.4
Epoch 3110/5000: score=19.249076 loss=-0.231320 valid=1.0000 routes=17.308 grad=2.3849 seconds=128.5
Epoch 3111/5000: score=18.506378 loss=-0.234627 valid=1.0000 routes=17.784 grad=2.3471 seconds=129.2
Epoch 3112/5000: score=19.061416 loss=-0.249738 valid=1.0000 routes=16.445 grad=2.4351 seconds=129.7
Epoch 3113/5000: score=18.884859 loss=-0.241153 valid=1.0000 routes=16.388 grad=2.3951 seconds=130.3
Epoch 3114/5000: score=19.675665 loss=-0.262088 valid=1.0000 routes=17.256 grad=2.6468 seconds=130.1
Epoch 3115/5000: score=18.760277 loss=-0.239273 valid=1.0000 routes=16.354 grad=2.3262 seconds=129.3
Epoch 3116/5000: score=19.207846 loss=-0.238551 valid=1.0000 routes=17.302 grad=2.4380 seconds=129.1
Epoch 3117/5000: score=18.901366 loss=-0.242909 valid=1.0000 routes=16.886 grad=2.4314 seconds=129.5
Epoch 3118/5000: score=19.567433 loss=-0.240170 valid=1.0000 routes=17.794 grad=2.5635 seconds=129.5
Epoch 3119/5000: score=18.924522 loss=-0.230666 valid=1.0000 routes=17.922 grad=2.4324 seconds=128.2
Epoch 3120/5000: score=18.358239 loss=-0.245478 valid=1.0000 routes=16.358 grad=2.3486 seconds=129.7
Epoch 3121/5000: score=19.448573 loss=-0.235961 valid=1.0000 routes=18.180 grad=2.5253 seconds=130.7
Epoch 3122/5000: score=18.657508 loss=-0.238855 valid=1.0000 routes=16.201 grad=2.3051 seconds=131.6
Epoch 3123/5000: score=19.068889 loss=-0.237257 valid=1.0000 routes=17.102 grad=2.4394 seconds=131.1
Epoch 3124/5000: score=18.844220 loss=-0.263695 valid=1.0000 routes=16.304 grad=2.4504 seconds=131.2
Epoch 3125/5000: score=18.121754 loss=-0.248275 valid=1.0000 routes=16.300 grad=2.2955 seconds=130.9
Epoch 3126/5000: score=19.516349 loss=-0.243074 valid=1.0000 routes=17.774 grad=2.5388 seconds=130.1
Epoch 3127/5000: score=18.586555 loss=-0.246202 valid=1.0000 routes=15.723 grad=2.3035 seconds=130.8
Epoch 3128/5000: score=19.442415 loss=-0.256596 valid=1.0000 routes=17.407 grad=2.6015 seconds=131.3
Epoch 3129/5000: score=17.409976 loss=-0.251501 valid=1.0000 routes=15.223 grad=2.1339 seconds=131.5
Epoch 3130/5000: score=18.862843 loss=-0.248981 valid=1.0000 routes=16.872 grad=2.4034 seconds=130.8
Epoch 3131/5000: score=19.725953 loss=-0.255772 valid=1.0000 routes=17.072 grad=2.6086 seconds=131.2
Epoch 3132/5000: score=18.097591 loss=-0.242090 valid=1.0000 routes=16.959 grad=2.3121 seconds=130.0
Epoch 3133/5000: score=19.452653 loss=-0.242083 valid=1.0000 routes=16.944 grad=2.4748 seconds=129.8
Epoch 3134/5000: score=19.401089 loss=-0.236348 valid=1.0000 routes=17.491 grad=2.4810 seconds=131.3
Epoch 3135/5000: score=20.015086 loss=-0.242299 valid=1.0000 routes=17.283 grad=2.5774 seconds=130.3
Epoch 3136/5000: score=18.684378 loss=-0.250252 valid=1.0000 routes=15.996 grad=2.3283 seconds=129.7
Epoch 3137/5000: score=18.903373 loss=-0.232689 valid=1.0000 routes=16.191 grad=2.3463 seconds=131.1
Epoch 3138/5000: score=19.360898 loss=-0.239583 valid=1.0000 routes=17.669 grad=2.5034 seconds=129.9
Epoch 3139/5000: score=18.402266 loss=-0.251154 valid=1.0000 routes=15.902 grad=2.3475 seconds=131.1
Epoch 3140/5000: score=19.379331 loss=-0.240215 valid=1.0000 routes=16.746 grad=2.4355 seconds=129.8
Epoch 3141/5000: score=18.896770 loss=-0.233674 valid=1.0000 routes=17.491 grad=2.4159 seconds=131.1
Epoch 3142/5000: score=18.644837 loss=-0.234741 valid=1.0000 routes=17.807 grad=2.3673 seconds=130.6
Epoch 3143/5000: score=18.098162 loss=-0.252025 valid=1.0000 routes=15.677 grad=2.2416 seconds=131.2
Epoch 3144/5000: score=18.547783 loss=-0.236508 valid=1.0000 routes=17.140 grad=2.2943 seconds=130.3
Epoch 3145/5000: score=18.793169 loss=-0.240707 valid=1.0000 routes=16.798 grad=2.4584 seconds=130.7
Epoch 3146/5000: score=18.826135 loss=-0.254580 valid=1.0000 routes=17.419 grad=2.4655 seconds=132.5
Epoch 3147/5000: score=17.726346 loss=-0.247043 valid=1.0000 routes=16.084 grad=2.1718 seconds=131.2
Epoch 3148/5000: score=18.019284 loss=-0.246233 valid=1.0000 routes=15.952 grad=2.2423 seconds=130.1
Epoch 3149/5000: score=18.544213 loss=-0.246250 valid=1.0000 routes=17.075 grad=2.3116 seconds=130.9
Epoch 3150/5000: score=19.192572 loss=-0.243101 valid=1.0000 routes=17.387 grad=2.4452 seconds=131.1
Epoch 3151/5000: score=19.152390 loss=-0.242106 valid=1.0000 routes=17.236 grad=2.4558 seconds=130.6
Epoch 3152/5000: score=18.921872 loss=-0.249330 valid=1.0000 routes=16.443 grad=2.3822 seconds=131.0
Epoch 3153/5000: score=18.494821 loss=-0.258467 valid=1.0000 routes=17.079 grad=2.4479 seconds=131.5
Epoch 3154/5000: score=18.651880 loss=-0.252201 valid=1.0000 routes=15.615 grad=2.3031 seconds=130.5
Epoch 3155/5000: score=18.771648 loss=-0.243097 valid=1.0000 routes=18.220 grad=2.5217 seconds=131.7
Epoch 3156/5000: score=18.521244 loss=-0.245384 valid=1.0000 routes=16.191 grad=2.2100 seconds=129.8
Epoch 3157/5000: score=19.098860 loss=-0.257580 valid=1.0000 routes=16.989 grad=2.5439 seconds=130.0
Epoch 3158/5000: score=18.289525 loss=-0.251109 valid=1.0000 routes=16.015 grad=2.2601 seconds=129.5
Epoch 3159/5000: score=19.419350 loss=-0.248542 valid=1.0000 routes=17.207 grad=2.5219 seconds=128.9
Epoch 3160/5000: score=18.844754 loss=-0.250290 valid=1.0000 routes=16.766 grad=2.4190 seconds=129.5
Epoch 3161/5000: score=19.102400 loss=-0.254933 valid=1.0000 routes=16.921 grad=2.5127 seconds=130.0
Epoch 3162/5000: score=17.613667 loss=-0.230540 valid=1.0000 routes=16.083 grad=2.1216 seconds=129.3
Epoch 3163/5000: score=18.747058 loss=-0.244202 valid=1.0000 routes=16.863 grad=2.3925 seconds=128.9
Epoch 3164/5000: score=18.737768 loss=-0.252634 valid=1.0000 routes=15.682 grad=2.3700 seconds=129.8
Epoch 3165/5000: score=17.982094 loss=-0.250594 valid=1.0000 routes=16.681 grad=2.2677 seconds=129.5
Epoch 3166/5000: score=18.553729 loss=-0.249000 valid=1.0000 routes=16.525 grad=2.3457 seconds=128.2
Epoch 3167/5000: score=18.758029 loss=-0.254853 valid=1.0000 routes=16.710 grad=2.4703 seconds=126.4
Epoch 3168/5000: score=18.752904 loss=-0.242658 valid=1.0000 routes=16.694 grad=2.3410 seconds=125.2
Epoch 3169/5000: score=19.088920 loss=-0.269948 valid=1.0000 routes=15.893 grad=2.5053 seconds=126.8
Epoch 3170/5000: score=19.005247 loss=-0.248046 valid=1.0000 routes=16.666 grad=2.4080 seconds=126.4
Epoch 3171/5000: score=19.750093 loss=-0.252438 valid=1.0000 routes=18.529 grad=2.6067 seconds=127.2
Epoch 3172/5000: score=18.529475 loss=-0.244559 valid=1.0000 routes=16.699 grad=2.2862 seconds=127.7
Epoch 3173/5000: score=17.854511 loss=-0.240596 valid=1.0000 routes=16.753 grad=2.1687 seconds=129.8
Epoch 3174/5000: score=20.880827 loss=-0.254040 valid=1.0000 routes=17.922 grad=2.7679 seconds=127.8
Epoch 3175/5000: score=18.940238 loss=-0.251798 valid=1.0000 routes=16.223 grad=2.4471 seconds=128.1
Epoch 3176/5000: score=19.324022 loss=-0.247877 valid=1.0000 routes=17.648 grad=2.5351 seconds=128.6
Epoch 3177/5000: score=18.556892 loss=-0.251688 valid=1.0000 routes=17.437 grad=2.4143 seconds=128.6
Epoch 3178/5000: score=19.779131 loss=-0.255892 valid=1.0000 routes=17.354 grad=2.6079 seconds=128.0
Epoch 3179/5000: score=18.790747 loss=-0.256432 valid=1.0000 routes=16.641 grad=2.4132 seconds=129.3
Epoch 3180/5000: score=19.121532 loss=-0.254137 valid=1.0000 routes=17.039 grad=2.4987 seconds=128.9
Epoch 3181/5000: score=18.678233 loss=-0.249780 valid=1.0000 routes=16.645 grad=2.3594 seconds=128.5
Epoch 3182/5000: score=18.493154 loss=-0.243437 valid=1.0000 routes=16.576 grad=2.3729 seconds=130.1
Epoch 3183/5000: score=18.361321 loss=-0.235628 valid=1.0000 routes=16.767 grad=2.2421 seconds=129.3
Epoch 3184/5000: score=19.262470 loss=-0.252386 valid=1.0000 routes=16.870 grad=2.4857 seconds=129.6
Epoch 3185/5000: score=19.258592 loss=-0.233954 valid=1.0000 routes=17.902 grad=2.5125 seconds=127.8
>> Invalid instances, Re-generating ...
Epoch 3186/5000: score=19.010217 loss=-0.248643 valid=1.0000 routes=17.310 grad=2.4673 seconds=128.1
Epoch 3187/5000: score=18.231809 loss=-0.253338 valid=1.0000 routes=15.924 grad=2.2863 seconds=128.3
Epoch 3188/5000: score=18.658867 loss=-0.254430 valid=1.0000 routes=16.535 grad=2.4230 seconds=129.1
Epoch 3189/5000: score=19.250276 loss=-0.241980 valid=1.0000 routes=17.389 grad=2.4423 seconds=126.9
Epoch 3190/5000: score=17.267618 loss=-0.255493 valid=1.0000 routes=15.181 grad=2.0760 seconds=127.9
Epoch 3191/5000: score=19.291823 loss=-0.249001 valid=1.0000 routes=17.470 grad=2.5222 seconds=128.6
Epoch 3192/5000: score=19.373895 loss=-0.252942 valid=1.0000 routes=16.994 grad=2.4887 seconds=127.3
Epoch 3193/5000: score=19.097399 loss=-0.264729 valid=1.0000 routes=16.531 grad=2.4973 seconds=129.5
Epoch 3194/5000: score=18.170381 loss=-0.247707 valid=1.0000 routes=16.484 grad=2.2410 seconds=130.3
Epoch 3195/5000: score=19.844997 loss=-0.259338 valid=1.0000 routes=17.851 grad=2.6674 seconds=130.2
Epoch 3196/5000: score=18.687523 loss=-0.257818 valid=1.0000 routes=16.820 grad=2.4085 seconds=130.7
Epoch 3197/5000: score=18.777981 loss=-0.257105 valid=1.0000 routes=16.158 grad=2.4243 seconds=130.7
Epoch 3198/5000: score=19.647519 loss=-0.248881 valid=1.0000 routes=17.567 grad=2.5610 seconds=129.3
Epoch 3199/5000: score=20.113931 loss=-0.259815 valid=1.0000 routes=17.267 grad=2.7199 seconds=129.5
Epoch 3200/5000: score=18.792180 loss=-0.254273 valid=1.0000 routes=16.977 grad=2.4029 seconds=127.1
Epoch 3201/5000: score=18.559855 loss=-0.249148 valid=1.0000 routes=16.818 grad=2.3913 seconds=129.5
Epoch 3202/5000: score=17.400786 loss=-0.246348 valid=1.0000 routes=15.756 grad=2.1239 seconds=130.0
Epoch 3203/5000: score=17.849708 loss=-0.242920 valid=1.0000 routes=15.444 grad=2.1095 seconds=129.6
Epoch 3204/5000: score=17.853141 loss=-0.252280 valid=1.0000 routes=15.356 grad=2.1850 seconds=128.5
Epoch 3205/5000: score=19.205415 loss=-0.247999 valid=1.0000 routes=17.398 grad=2.4557 seconds=129.9
>> Invalid instances, Re-generating ...
Epoch 3206/5000: score=18.714845 loss=-0.237906 valid=1.0000 routes=16.762 grad=2.3917 seconds=128.6
Epoch 3207/5000: score=18.905192 loss=-0.256973 valid=1.0000 routes=17.226 grad=2.4333 seconds=129.9
Epoch 3208/5000: score=18.242022 loss=-0.239657 valid=1.0000 routes=17.055 grad=2.3730 seconds=130.1
Epoch 3209/5000: score=18.666924 loss=-0.252206 valid=1.0000 routes=16.775 grad=2.3984 seconds=129.3
Epoch 3210/5000: score=19.425060 loss=-0.243652 valid=1.0000 routes=18.586 grad=2.5132 seconds=130.5
Epoch 3211/5000: score=18.785093 loss=-0.250553 valid=1.0000 routes=17.024 grad=2.4302 seconds=129.6
Epoch 3212/5000: score=17.976040 loss=-0.240019 valid=1.0000 routes=16.170 grad=2.2002 seconds=130.2
Epoch 3213/5000: score=19.408779 loss=-0.238168 valid=1.0000 routes=17.833 grad=2.6037 seconds=130.3
Epoch 3214/5000: score=18.543580 loss=-0.254927 valid=1.0000 routes=16.245 grad=2.3663 seconds=129.9
Epoch 3215/5000: score=18.561388 loss=-0.242853 valid=1.0000 routes=16.920 grad=2.3383 seconds=129.6
Epoch 3216/5000: score=18.554131 loss=-0.244496 valid=1.0000 routes=15.801 grad=2.3219 seconds=129.7
Epoch 3217/5000: score=19.050699 loss=-0.246743 valid=1.0000 routes=16.918 grad=2.4595 seconds=130.2
Epoch 3218/5000: score=18.553020 loss=-0.256741 valid=1.0000 routes=17.257 grad=2.4151 seconds=130.3
Epoch 3219/5000: score=19.477880 loss=-0.254602 valid=1.0000 routes=17.125 grad=2.5324 seconds=128.9
Epoch 3220/5000: score=18.395372 loss=-0.227716 valid=1.0000 routes=17.108 grad=2.2576 seconds=130.3
Epoch 3221/5000: score=19.098811 loss=-0.250061 valid=1.0000 routes=17.743 grad=2.4883 seconds=129.4
Epoch 3222/5000: score=18.976147 loss=-0.233591 valid=1.0000 routes=16.291 grad=2.3418 seconds=128.7
Epoch 3223/5000: score=18.763199 loss=-0.250635 valid=1.0000 routes=16.651 grad=2.4099 seconds=128.8
Epoch 3224/5000: score=19.060415 loss=-0.256207 valid=1.0000 routes=17.260 grad=2.5532 seconds=129.7
Epoch 3225/5000: score=18.598429 loss=-0.250059 valid=1.0000 routes=16.208 grad=2.3543 seconds=129.8
Epoch 3226/5000: score=18.615739 loss=-0.242116 valid=1.0000 routes=16.994 grad=2.3460 seconds=129.3
Epoch 3227/5000: score=18.609461 loss=-0.249235 valid=1.0000 routes=16.161 grad=2.3236 seconds=128.6
Epoch 3228/5000: score=18.747353 loss=-0.252275 valid=1.0000 routes=17.585 grad=2.5119 seconds=128.3
Epoch 3229/5000: score=18.862776 loss=-0.249177 valid=1.0000 routes=16.166 grad=2.3650 seconds=128.7
Epoch 3230/5000: score=19.970387 loss=-0.257602 valid=1.0000 routes=17.950 grad=2.6243 seconds=127.7
Epoch 3231/5000: score=19.544722 loss=-0.254358 valid=1.0000 routes=16.492 grad=2.5484 seconds=127.9
Epoch 3232/5000: score=19.644939 loss=-0.253353 valid=1.0000 routes=16.905 grad=2.5643 seconds=128.8
Epoch 3233/5000: score=19.305755 loss=-0.241069 valid=1.0000 routes=17.481 grad=2.4759 seconds=129.0
>> Invalid instances, Re-generating ...
Epoch 3234/5000: score=19.638493 loss=-0.243197 valid=1.0000 routes=17.954 grad=2.6063 seconds=127.6
Epoch 3235/5000: score=18.902557 loss=-0.255597 valid=1.0000 routes=17.093 grad=2.4669 seconds=128.6
Epoch 3236/5000: score=18.382585 loss=-0.250446 valid=1.0000 routes=16.267 grad=2.3115 seconds=127.1
Epoch 3237/5000: score=18.898710 loss=-0.254896 valid=1.0000 routes=16.359 grad=2.4149 seconds=129.7
Epoch 3238/5000: score=19.179705 loss=-0.247894 valid=1.0000 routes=17.562 grad=2.4416 seconds=128.4
Epoch 3239/5000: score=17.761212 loss=-0.239504 valid=1.0000 routes=16.023 grad=2.1681 seconds=127.5
Epoch 3240/5000: score=19.918117 loss=-0.252336 valid=1.0000 routes=16.588 grad=2.4998 seconds=126.9
Epoch 3241/5000: score=18.879292 loss=-0.248801 valid=1.0000 routes=16.576 grad=2.3391 seconds=128.0
Epoch 3242/5000: score=19.299495 loss=-0.247420 valid=1.0000 routes=17.261 grad=2.5075 seconds=128.2
Epoch 3243/5000: score=18.172107 loss=-0.235601 valid=1.0000 routes=17.481 grad=2.2761 seconds=128.4
Epoch 3244/5000: score=18.949095 loss=-0.247207 valid=1.0000 routes=16.778 grad=2.4272 seconds=128.0
Epoch 3245/5000: score=19.017131 loss=-0.256357 valid=1.0000 routes=16.870 grad=2.5144 seconds=129.6
Epoch 3246/5000: score=20.061433 loss=-0.251473 valid=1.0000 routes=17.614 grad=2.6843 seconds=129.0
Epoch 3247/5000: score=18.492699 loss=-0.242490 valid=1.0000 routes=17.159 grad=2.3454 seconds=128.0
Epoch 3248/5000: score=18.538845 loss=-0.241069 valid=1.0000 routes=16.743 grad=2.2999 seconds=129.4
Epoch 3249/5000: score=19.188215 loss=-0.249648 valid=1.0000 routes=17.228 grad=2.4801 seconds=129.8
Epoch 3250/5000: score=18.241051 loss=-0.249357 valid=1.0000 routes=16.749 grad=2.3450 seconds=128.6
Epoch 3251/5000: score=18.787289 loss=-0.243481 valid=1.0000 routes=16.840 grad=2.3818 seconds=128.6
Epoch 3252/5000: score=19.206627 loss=-0.242780 valid=1.0000 routes=18.048 grad=2.5120 seconds=127.4
Epoch 3253/5000: score=18.681055 loss=-0.245631 valid=1.0000 routes=16.555 grad=2.3549 seconds=128.6
Epoch 3254/5000: score=18.748700 loss=-0.241975 valid=1.0000 routes=16.787 grad=2.3653 seconds=128.9
Epoch 3255/5000: score=18.194817 loss=-0.242515 valid=1.0000 routes=16.903 grad=2.2659 seconds=127.8
Epoch 3256/5000: score=18.391396 loss=-0.256881 valid=1.0000 routes=16.120 grad=2.2821 seconds=129.5
Epoch 3257/5000: score=19.112909 loss=-0.251774 valid=1.0000 routes=17.208 grad=2.5349 seconds=130.0
Epoch 3258/5000: score=20.078445 loss=-0.252538 valid=1.0000 routes=18.006 grad=2.6294 seconds=128.7
Epoch 3259/5000: score=19.914585 loss=-0.260501 valid=1.0000 routes=17.916 grad=2.7052 seconds=127.4
Epoch 3260/5000: score=19.297015 loss=-0.257881 valid=1.0000 routes=15.909 grad=2.4693 seconds=127.7
Epoch 3261/5000: score=18.376367 loss=-0.252010 valid=1.0000 routes=15.761 grad=2.3027 seconds=127.6
Epoch 3262/5000: score=19.498546 loss=-0.241032 valid=1.0000 routes=17.597 grad=2.5367 seconds=127.2
Epoch 3263/5000: score=19.320707 loss=-0.243410 valid=1.0000 routes=17.777 grad=2.4938 seconds=127.9
Epoch 3264/5000: score=18.549163 loss=-0.244158 valid=1.0000 routes=16.378 grad=2.2742 seconds=126.5
Epoch 3265/5000: score=18.476380 loss=-0.253938 valid=1.0000 routes=16.549 grad=2.3169 seconds=127.6
Epoch 3266/5000: score=18.583515 loss=-0.236108 valid=1.0000 routes=16.224 grad=2.3378 seconds=126.9
Epoch 3267/5000: score=18.419539 loss=-0.236491 valid=1.0000 routes=16.281 grad=2.2919 seconds=127.1
Epoch 3268/5000: score=19.631385 loss=-0.246150 valid=1.0000 routes=17.190 grad=2.5353 seconds=127.9
Epoch 3269/5000: score=19.218767 loss=-0.241047 valid=1.0000 routes=16.785 grad=2.4471 seconds=128.2
Epoch 3270/5000: score=18.351471 loss=-0.233277 valid=1.0000 routes=16.179 grad=2.2439 seconds=128.1
Epoch 3271/5000: score=18.151098 loss=-0.234634 valid=1.0000 routes=17.138 grad=2.2505 seconds=128.0
Epoch 3272/5000: score=19.614149 loss=-0.247594 valid=1.0000 routes=17.235 grad=2.5353 seconds=127.1
Epoch 3273/5000: score=20.037418 loss=-0.232683 valid=1.0000 routes=18.379 grad=2.6715 seconds=126.0
Epoch 3274/5000: score=17.988611 loss=-0.241211 valid=1.0000 routes=16.669 grad=2.2250 seconds=127.5
Epoch 3275/5000: score=18.385644 loss=-0.241937 valid=1.0000 routes=17.273 grad=2.3025 seconds=127.5
Epoch 3276/5000: score=17.881814 loss=-0.234084 valid=1.0000 routes=16.909 grad=2.1660 seconds=127.3
Epoch 3277/5000: score=18.148506 loss=-0.253431 valid=1.0000 routes=15.290 grad=2.2914 seconds=127.9
Epoch 3278/5000: score=18.049872 loss=-0.245655 valid=1.0000 routes=15.283 grad=2.2025 seconds=125.5
Epoch 3279/5000: score=18.849652 loss=-0.244900 valid=1.0000 routes=17.106 grad=2.3976 seconds=126.3
Epoch 3280/5000: score=19.614478 loss=-0.244388 valid=1.0000 routes=17.900 grad=2.5888 seconds=126.9
Epoch 3281/5000: score=18.979284 loss=-0.238727 valid=1.0000 routes=16.638 grad=2.3878 seconds=126.5
Epoch 3282/5000: score=18.928882 loss=-0.243377 valid=1.0000 routes=16.393 grad=2.3718 seconds=127.3
Epoch 3283/5000: score=18.139896 loss=-0.245213 valid=1.0000 routes=16.702 grad=2.2816 seconds=128.2
Epoch 3284/5000: score=18.471549 loss=-0.242337 valid=1.0000 routes=17.299 grad=2.3781 seconds=127.4
Epoch 3285/5000: score=19.819193 loss=-0.236668 valid=1.0000 routes=18.430 grad=2.5824 seconds=126.8
Epoch 3286/5000: score=19.645928 loss=-0.246019 valid=1.0000 routes=17.879 grad=2.5958 seconds=127.1
Epoch 3287/5000: score=18.943762 loss=-0.247231 valid=1.0000 routes=16.549 grad=2.3839 seconds=127.1
Epoch 3288/5000: score=17.827772 loss=-0.234357 valid=1.0000 routes=16.829 grad=2.2113 seconds=127.7
Epoch 3289/5000: score=19.130876 loss=-0.241590 valid=1.0000 routes=16.051 grad=2.4135 seconds=128.7
Epoch 3290/5000: score=19.479348 loss=-0.238029 valid=1.0000 routes=17.829 grad=2.6015 seconds=128.0
Epoch 3291/5000: score=19.942787 loss=-0.243551 valid=1.0000 routes=17.660 grad=2.6654 seconds=127.7
Epoch 3292/5000: score=19.961774 loss=-0.244929 valid=1.0000 routes=17.963 grad=2.6397 seconds=127.6
Epoch 3293/5000: score=18.249040 loss=-0.244994 valid=1.0000 routes=15.419 grad=2.1807 seconds=127.6
Epoch 3294/5000: score=18.924060 loss=-0.240818 valid=1.0000 routes=16.563 grad=2.3645 seconds=126.8
Epoch 3295/5000: score=19.855915 loss=-0.246521 valid=1.0000 routes=17.768 grad=2.6473 seconds=126.7
Epoch 3296/5000: score=17.509044 loss=-0.237218 valid=1.0000 routes=15.944 grad=2.0848 seconds=126.0
>> Invalid instances, Re-generating ...
Epoch 3297/5000: score=20.088358 loss=-0.246318 valid=1.0000 routes=16.795 grad=2.5531 seconds=125.3
Epoch 3298/5000: score=19.422449 loss=-0.258796 valid=1.0000 routes=16.697 grad=2.5564 seconds=125.5
Epoch 3299/5000: score=19.429649 loss=-0.238202 valid=1.0000 routes=17.118 grad=2.4989 seconds=124.8
Epoch 3300/5000: score=19.627249 loss=-0.242118 valid=1.0000 routes=17.104 grad=2.5409 seconds=126.5
Epoch 3301/5000: score=18.990506 loss=-0.243847 valid=1.0000 routes=16.844 grad=2.4001 seconds=126.4
Epoch 3302/5000: score=18.334784 loss=-0.234195 valid=1.0000 routes=16.150 grad=2.2242 seconds=127.2
Epoch 3303/5000: score=19.412749 loss=-0.252125 valid=1.0000 routes=18.144 grad=2.5982 seconds=127.2
Epoch 3304/5000: score=19.610812 loss=-0.255203 valid=1.0000 routes=17.751 grad=2.5635 seconds=127.0
Epoch 3305/5000: score=19.109299 loss=-0.239975 valid=1.0000 routes=17.415 grad=2.4231 seconds=127.4
Epoch 3306/5000: score=19.561077 loss=-0.251691 valid=1.0000 routes=17.578 grad=2.5742 seconds=126.7
Epoch 3307/5000: score=19.400260 loss=-0.249094 valid=1.0000 routes=17.278 grad=2.5132 seconds=126.5
Epoch 3308/5000: score=18.299309 loss=-0.239023 valid=1.0000 routes=16.027 grad=2.1555 seconds=127.9
Epoch 3309/5000: score=18.576445 loss=-0.249630 valid=1.0000 routes=16.820 grad=2.3318 seconds=127.8
Epoch 3310/5000: score=19.306730 loss=-0.249838 valid=1.0000 routes=17.122 grad=2.4908 seconds=127.9
Epoch 3311/5000: score=18.434125 loss=-0.242387 valid=1.0000 routes=17.374 grad=2.3340 seconds=128.0
Epoch 3312/5000: score=18.225429 loss=-0.255940 valid=1.0000 routes=16.269 grad=2.3323 seconds=127.6
Epoch 3313/5000: score=19.307952 loss=-0.262063 valid=1.0000 routes=16.264 grad=2.5211 seconds=128.2
Epoch 3314/5000: score=20.033455 loss=-0.249183 valid=1.0000 routes=18.195 grad=2.6470 seconds=128.5
Epoch 3315/5000: score=18.950878 loss=-0.252053 valid=1.0000 routes=16.811 grad=2.4423 seconds=128.1
Epoch 3316/5000: score=19.048893 loss=-0.241551 valid=1.0000 routes=17.036 grad=2.4303 seconds=126.8
Epoch 3317/5000: score=19.682410 loss=-0.238216 valid=1.0000 routes=17.654 grad=2.5474 seconds=127.0
Epoch 3318/5000: score=18.333080 loss=-0.235825 valid=1.0000 routes=15.551 grad=2.2059 seconds=127.2
Epoch 3319/5000: score=18.991131 loss=-0.252833 valid=1.0000 routes=16.681 grad=2.4077 seconds=126.4
Epoch 3320/5000: score=17.635959 loss=-0.234351 valid=1.0000 routes=15.107 grad=2.0617 seconds=127.3
Epoch 3321/5000: score=18.130321 loss=-0.243465 valid=1.0000 routes=16.167 grad=2.2788 seconds=126.5
>> Invalid instances, Re-generating ...
Epoch 3322/5000: score=19.704613 loss=-0.245239 valid=1.0000 routes=17.564 grad=2.5721 seconds=127.0
Epoch 3323/5000: score=18.482708 loss=-0.239461 valid=1.0000 routes=16.510 grad=2.2442 seconds=127.8
Epoch 3324/5000: score=18.703685 loss=-0.245567 valid=1.0000 routes=16.693 grad=2.4107 seconds=127.4
Epoch 3325/5000: score=18.212973 loss=-0.258782 valid=1.0000 routes=15.946 grad=2.2578 seconds=127.9
Epoch 3326/5000: score=17.929627 loss=-0.257942 valid=1.0000 routes=15.617 grad=2.2420 seconds=127.7
Epoch 3327/5000: score=18.829755 loss=-0.241372 valid=1.0000 routes=17.200 grad=2.3782 seconds=127.9
Epoch 3328/5000: score=18.166880 loss=-0.250757 valid=1.0000 routes=15.823 grad=2.2647 seconds=129.0
Epoch 3329/5000: score=18.246884 loss=-0.236936 valid=1.0000 routes=16.337 grad=2.2583 seconds=129.5
Epoch 3330/5000: score=18.631549 loss=-0.251604 valid=1.0000 routes=17.337 grad=2.3437 seconds=129.1
Epoch 3331/5000: score=18.646286 loss=-0.248222 valid=1.0000 routes=16.951 grad=2.3955 seconds=129.3
Epoch 3332/5000: score=19.035377 loss=-0.237825 valid=1.0000 routes=16.216 grad=2.3063 seconds=129.5
Epoch 3333/5000: score=18.156052 loss=-0.242799 valid=1.0000 routes=15.991 grad=2.1988 seconds=127.6
Epoch 3334/5000: score=19.295257 loss=-0.256072 valid=1.0000 routes=17.809 grad=2.5835 seconds=127.3
Epoch 3335/5000: score=18.824052 loss=-0.234536 valid=1.0000 routes=16.938 grad=2.3264 seconds=126.6
Epoch 3336/5000: score=18.387958 loss=-0.248713 valid=1.0000 routes=15.882 grad=2.2411 seconds=127.1
Epoch 3337/5000: score=18.651973 loss=-0.263734 valid=1.0000 routes=16.324 grad=2.4111 seconds=126.8
Epoch 3338/5000: score=18.847226 loss=-0.239312 valid=1.0000 routes=17.255 grad=2.3716 seconds=127.1
Epoch 3339/5000: score=18.444089 loss=-0.243464 valid=1.0000 routes=16.250 grad=2.3099 seconds=127.6
Epoch 3340/5000: score=17.940349 loss=-0.231780 valid=1.0000 routes=16.225 grad=2.1828 seconds=127.2
Epoch 3341/5000: score=19.703899 loss=-0.255292 valid=1.0000 routes=17.238 grad=2.5570 seconds=126.7
Epoch 3342/5000: score=19.450517 loss=-0.239986 valid=1.0000 routes=18.015 grad=2.5121 seconds=125.9
Epoch 3343/5000: score=18.327530 loss=-0.239758 valid=1.0000 routes=16.462 grad=2.3135 seconds=126.8
Epoch 3344/5000: score=18.447219 loss=-0.236447 valid=1.0000 routes=15.721 grad=2.2408 seconds=126.0
Epoch 3345/5000: score=18.427765 loss=-0.247532 valid=1.0000 routes=16.532 grad=2.3071 seconds=127.7
Epoch 3346/5000: score=18.076963 loss=-0.242364 valid=1.0000 routes=16.105 grad=2.2190 seconds=127.4
Epoch 3347/5000: score=19.481099 loss=-0.245714 valid=1.0000 routes=17.278 grad=2.5074 seconds=128.3
Epoch 3348/5000: score=19.379036 loss=-0.253241 valid=1.0000 routes=17.996 grad=2.5876 seconds=125.2
Epoch 3349/5000: score=19.590284 loss=-0.239950 valid=1.0000 routes=17.273 grad=2.4668 seconds=125.3
Epoch 3350/5000: score=19.605101 loss=-0.249341 valid=1.0000 routes=17.198 grad=2.5386 seconds=127.6
Epoch 3351/5000: score=18.205053 loss=-0.249571 valid=1.0000 routes=15.456 grad=2.2331 seconds=126.7
Epoch 3352/5000: score=19.095626 loss=-0.235094 valid=1.0000 routes=17.908 grad=2.4400 seconds=126.6
Epoch 3353/5000: score=19.238992 loss=-0.245740 valid=1.0000 routes=16.790 grad=2.4770 seconds=127.2
Epoch 3354/5000: score=19.119314 loss=-0.238144 valid=1.0000 routes=16.886 grad=2.3959 seconds=125.8
Epoch 3355/5000: score=19.291360 loss=-0.246598 valid=1.0000 routes=16.936 grad=2.5088 seconds=124.7
Epoch 3356/5000: score=18.514191 loss=-0.230457 valid=1.0000 routes=16.636 grad=2.2641 seconds=127.0
Epoch 3357/5000: score=19.241326 loss=-0.254569 valid=1.0000 routes=16.986 grad=2.5029 seconds=126.8
Epoch 3358/5000: score=18.368061 loss=-0.251949 valid=1.0000 routes=16.753 grad=2.3409 seconds=127.8
Epoch 3359/5000: score=19.057344 loss=-0.235027 valid=1.0000 routes=17.305 grad=2.3857 seconds=128.0
Epoch 3360/5000: score=19.038153 loss=-0.248481 valid=1.0000 routes=16.956 grad=2.4660 seconds=128.4
Epoch 3361/5000: score=18.233580 loss=-0.233093 valid=1.0000 routes=16.521 grad=2.2568 seconds=127.0
Epoch 3362/5000: score=18.971232 loss=-0.242160 valid=1.0000 routes=17.464 grad=2.4313 seconds=127.2
Epoch 3363/5000: score=18.082141 loss=-0.259664 valid=1.0000 routes=16.152 grad=2.3099 seconds=129.1
Epoch 3364/5000: score=19.603968 loss=-0.257582 valid=1.0000 routes=17.046 grad=2.6205 seconds=129.1
Epoch 3365/5000: score=18.209469 loss=-0.260058 valid=1.0000 routes=16.005 grad=2.3722 seconds=128.7
Epoch 3366/5000: score=19.257212 loss=-0.235847 valid=1.0000 routes=17.292 grad=2.4547 seconds=130.4
Epoch 3367/5000: score=18.721114 loss=-0.245296 valid=1.0000 routes=16.714 grad=2.3530 seconds=129.1
Epoch 3368/5000: score=19.114312 loss=-0.239965 valid=1.0000 routes=16.696 grad=2.4241 seconds=129.7
Epoch 3369/5000: score=18.424868 loss=-0.258064 valid=1.0000 routes=16.710 grad=2.4031 seconds=129.7
Epoch 3370/5000: score=18.722875 loss=-0.241228 valid=1.0000 routes=16.387 grad=2.3735 seconds=129.6
Epoch 3371/5000: score=18.405939 loss=-0.242883 valid=1.0000 routes=16.751 grad=2.2834 seconds=127.9
Epoch 3372/5000: score=19.490141 loss=-0.245118 valid=1.0000 routes=17.576 grad=2.5618 seconds=127.7
Epoch 3373/5000: score=19.108670 loss=-0.242148 valid=1.0000 routes=16.938 grad=2.4518 seconds=128.0
Epoch 3374/5000: score=18.932055 loss=-0.243240 valid=1.0000 routes=16.941 grad=2.4348 seconds=128.1
Epoch 3375/5000: score=18.715203 loss=-0.249933 valid=1.0000 routes=17.100 grad=2.4463 seconds=127.3
Epoch 3376/5000: score=18.282690 loss=-0.241545 valid=1.0000 routes=17.128 grad=2.3419 seconds=126.6
Epoch 3377/5000: score=18.791774 loss=-0.254658 valid=1.0000 routes=15.520 grad=2.3247 seconds=127.7
Epoch 3378/5000: score=19.023428 loss=-0.243143 valid=1.0000 routes=17.954 grad=2.4795 seconds=127.3
Epoch 3379/5000: score=18.318814 loss=-0.234264 valid=1.0000 routes=17.250 grad=2.2867 seconds=127.4
>> Invalid instances, Re-generating ...
Epoch 3380/5000: score=19.405190 loss=-0.260148 valid=1.0000 routes=16.950 grad=2.5679 seconds=128.7
Epoch 3381/5000: score=19.015578 loss=-0.238944 valid=1.0000 routes=16.752 grad=2.3655 seconds=127.8
Epoch 3382/5000: score=18.945143 loss=-0.245423 valid=1.0000 routes=16.763 grad=2.3413 seconds=127.4
Epoch 3383/5000: score=19.077051 loss=-0.251928 valid=1.0000 routes=16.432 grad=2.3940 seconds=127.9
Epoch 3384/5000: score=18.523427 loss=-0.244688 valid=1.0000 routes=16.256 grad=2.2861 seconds=128.4
Epoch 3385/5000: score=19.512769 loss=-0.241456 valid=1.0000 routes=17.164 grad=2.4700 seconds=128.4
Epoch 3386/5000: score=18.933852 loss=-0.243763 valid=1.0000 routes=17.019 grad=2.4242 seconds=127.9
Epoch 3387/5000: score=18.656678 loss=-0.248893 valid=1.0000 routes=16.515 grad=2.3958 seconds=127.7
Epoch 3388/5000: score=18.492372 loss=-0.229162 valid=1.0000 routes=17.065 grad=2.2521 seconds=126.6
Epoch 3389/5000: score=18.609827 loss=-0.250026 valid=1.0000 routes=16.942 grad=2.4128 seconds=127.0
>> Invalid instances, Re-generating ...
Epoch 3390/5000: score=19.183546 loss=-0.248565 valid=1.0000 routes=16.607 grad=2.4102 seconds=128.4
Epoch 3391/5000: score=18.518943 loss=-0.248016 valid=1.0000 routes=16.389 grad=2.3084 seconds=127.2
Epoch 3392/5000: score=18.547529 loss=-0.244210 valid=1.0000 routes=16.081 grad=2.3076 seconds=127.3
Epoch 3393/5000: score=17.534213 loss=-0.248358 valid=1.0000 routes=16.529 grad=2.1747 seconds=128.1
Epoch 3394/5000: score=18.772598 loss=-0.236629 valid=1.0000 routes=16.445 grad=2.3106 seconds=126.5
Epoch 3395/5000: score=18.370208 loss=-0.253221 valid=1.0000 routes=16.295 grad=2.4007 seconds=128.1
Epoch 3396/5000: score=19.624494 loss=-0.236528 valid=1.0000 routes=17.499 grad=2.5566 seconds=127.2
Epoch 3397/5000: score=18.210214 loss=-0.236149 valid=1.0000 routes=16.461 grad=2.2338 seconds=124.8
Epoch 3398/5000: score=17.959546 loss=-0.243955 valid=1.0000 routes=16.043 grad=2.1986 seconds=124.3
Epoch 3399/5000: score=18.876492 loss=-0.237878 valid=1.0000 routes=17.996 grad=2.4300 seconds=123.7
Epoch 3400/5000: score=18.193760 loss=-0.244191 valid=1.0000 routes=15.776 grad=2.1853 seconds=125.9
Epoch 3401/5000: score=18.205591 loss=-0.240499 valid=1.0000 routes=16.587 grad=2.2439 seconds=124.8
Epoch 3402/5000: score=19.525836 loss=-0.247667 valid=1.0000 routes=17.533 grad=2.6078 seconds=126.0
Epoch 3403/5000: score=19.165277 loss=-0.237918 valid=1.0000 routes=17.130 grad=2.4124 seconds=127.7
Epoch 3404/5000: score=19.713408 loss=-0.239424 valid=1.0000 routes=17.498 grad=2.5537 seconds=127.3
Epoch 3405/5000: score=19.091187 loss=-0.243045 valid=1.0000 routes=16.454 grad=2.4506 seconds=127.1
Epoch 3406/5000: score=18.458702 loss=-0.248915 valid=1.0000 routes=17.089 grad=2.3682 seconds=127.3
Epoch 3407/5000: score=18.285708 loss=-0.243175 valid=1.0000 routes=16.533 grad=2.2911 seconds=126.8
Epoch 3408/5000: score=18.677529 loss=-0.240601 valid=1.0000 routes=18.007 grad=2.3889 seconds=126.9
Epoch 3409/5000: score=17.610980 loss=-0.230895 valid=1.0000 routes=16.437 grad=2.0690 seconds=128.2
Epoch 3410/5000: score=18.593389 loss=-0.242157 valid=1.0000 routes=17.050 grad=2.3977 seconds=128.4
Epoch 3411/5000: score=18.503432 loss=-0.246422 valid=1.0000 routes=16.584 grad=2.3573 seconds=128.4
Epoch 3412/5000: score=18.520460 loss=-0.248030 valid=1.0000 routes=16.015 grad=2.2565 seconds=128.6
Epoch 3413/5000: score=19.736269 loss=-0.246272 valid=1.0000 routes=18.024 grad=2.5722 seconds=128.2
Epoch 3414/5000: score=19.860960 loss=-0.243339 valid=1.0000 routes=17.495 grad=2.6025 seconds=129.0
Epoch 3415/5000: score=18.879272 loss=-0.246946 valid=1.0000 routes=16.891 grad=2.4640 seconds=129.7
Epoch 3416/5000: score=18.503765 loss=-0.235254 valid=1.0000 routes=16.689 grad=2.3101 seconds=128.9
Epoch 3417/5000: score=18.578438 loss=-0.248523 valid=1.0000 routes=16.483 grad=2.3396 seconds=128.6
Epoch 3418/5000: score=19.291306 loss=-0.235693 valid=1.0000 routes=17.150 grad=2.4439 seconds=129.7
Epoch 3419/5000: score=19.574269 loss=-0.251333 valid=1.0000 routes=18.252 grad=2.5551 seconds=129.5
Epoch 3420/5000: score=19.697053 loss=-0.245849 valid=1.0000 routes=17.985 grad=2.5804 seconds=129.0
Epoch 3421/5000: score=19.135342 loss=-0.240076 valid=1.0000 routes=16.991 grad=2.4226 seconds=128.6
Epoch 3422/5000: score=18.420222 loss=-0.238780 valid=1.0000 routes=17.042 grad=2.2948 seconds=130.0
Epoch 3423/5000: score=19.041065 loss=-0.240422 valid=1.0000 routes=16.991 grad=2.4203 seconds=127.5
Epoch 3424/5000: score=18.652053 loss=-0.243877 valid=1.0000 routes=16.039 grad=2.2431 seconds=126.2
Epoch 3425/5000: score=19.220254 loss=-0.245972 valid=1.0000 routes=18.255 grad=2.5512 seconds=125.5
Epoch 3426/5000: score=19.022317 loss=-0.244191 valid=1.0000 routes=16.600 grad=2.4115 seconds=125.9
Epoch 3427/5000: score=19.571817 loss=-0.255509 valid=1.0000 routes=17.195 grad=2.5807 seconds=126.4
Epoch 3428/5000: score=18.823658 loss=-0.247416 valid=1.0000 routes=16.663 grad=2.4298 seconds=126.5
Epoch 3429/5000: score=19.271790 loss=-0.243824 valid=1.0000 routes=16.924 grad=2.4901 seconds=127.6
Epoch 3430/5000: score=17.937522 loss=-0.247034 valid=1.0000 routes=15.824 grad=2.2592 seconds=127.4
Epoch 3431/5000: score=18.891701 loss=-0.245139 valid=1.0000 routes=16.970 grad=2.4158 seconds=126.7
Epoch 3432/5000: score=18.510040 loss=-0.242667 valid=1.0000 routes=16.050 grad=2.2796 seconds=126.6
Epoch 3433/5000: score=19.396394 loss=-0.250080 valid=1.0000 routes=17.234 grad=2.5771 seconds=127.5
Epoch 3434/5000: score=18.799680 loss=-0.241558 valid=1.0000 routes=17.637 grad=2.3852 seconds=127.9
Epoch 3435/5000: score=19.111907 loss=-0.243659 valid=1.0000 routes=16.467 grad=2.4013 seconds=126.4
Epoch 3436/5000: score=19.793237 loss=-0.236953 valid=1.0000 routes=18.119 grad=2.5439 seconds=125.9
Epoch 3437/5000: score=19.798200 loss=-0.251579 valid=1.0000 routes=19.060 grad=2.7088 seconds=126.1
Epoch 3438/5000: score=19.327238 loss=-0.250511 valid=1.0000 routes=17.082 grad=2.5155 seconds=126.2
Epoch 3439/5000: score=17.836223 loss=-0.244267 valid=1.0000 routes=15.544 grad=2.0841 seconds=126.7
Epoch 3440/5000: score=18.018880 loss=-0.239658 valid=1.0000 routes=15.383 grad=2.1936 seconds=127.5
Epoch 3441/5000: score=20.366979 loss=-0.238251 valid=1.0000 routes=19.361 grad=2.7687 seconds=127.5
Epoch 3442/5000: score=18.323846 loss=-0.251264 valid=1.0000 routes=15.579 grad=2.2287 seconds=127.4
Epoch 3443/5000: score=18.576165 loss=-0.247772 valid=1.0000 routes=16.947 grad=2.3659 seconds=127.7
Epoch 3444/5000: score=19.542978 loss=-0.255446 valid=1.0000 routes=16.733 grad=2.5576 seconds=127.2
Epoch 3445/5000: score=17.784869 loss=-0.249171 valid=1.0000 routes=15.794 grad=2.1453 seconds=126.7
Epoch 3446/5000: score=18.658897 loss=-0.251731 valid=1.0000 routes=16.456 grad=2.3276 seconds=126.3
Epoch 3447/5000: score=18.508452 loss=-0.240233 valid=1.0000 routes=16.732 grad=2.2850 seconds=127.2
Epoch 3448/5000: score=19.374232 loss=-0.260254 valid=1.0000 routes=17.158 grad=2.5385 seconds=126.9
Epoch 3449/5000: score=20.438654 loss=-0.240490 valid=1.0000 routes=17.766 grad=2.6493 seconds=126.1
Epoch 3450/5000: score=18.584061 loss=-0.237137 valid=1.0000 routes=17.514 grad=2.3796 seconds=126.0
Epoch 3451/5000: score=18.104550 loss=-0.238081 valid=1.0000 routes=17.593 grad=2.3052 seconds=127.3
Epoch 3452/5000: score=18.337670 loss=-0.247035 valid=1.0000 routes=16.267 grad=2.2975 seconds=126.7
Epoch 3453/5000: score=18.112329 loss=-0.246945 valid=1.0000 routes=15.928 grad=2.1817 seconds=128.4
Epoch 3454/5000: score=18.876328 loss=-0.235076 valid=1.0000 routes=17.852 grad=2.3948 seconds=128.1
Epoch 3455/5000: score=19.523767 loss=-0.251979 valid=1.0000 routes=16.889 grad=2.5018 seconds=127.6
Epoch 3456/5000: score=18.946527 loss=-0.255183 valid=1.0000 routes=16.898 grad=2.4378 seconds=128.3
Epoch 3457/5000: score=17.269370 loss=-0.238833 valid=1.0000 routes=16.259 grad=2.1294 seconds=127.1
Epoch 3458/5000: score=18.071716 loss=-0.247265 valid=1.0000 routes=15.810 grad=2.2228 seconds=126.9
Epoch 3459/5000: score=19.589918 loss=-0.244809 valid=1.0000 routes=17.498 grad=2.5746 seconds=127.0
Epoch 3460/5000: score=17.902384 loss=-0.245215 valid=1.0000 routes=16.295 grad=2.2482 seconds=126.7
Epoch 3461/5000: score=18.873479 loss=-0.235426 valid=1.0000 routes=17.002 grad=2.3941 seconds=126.4
Epoch 3462/5000: score=18.211292 loss=-0.233341 valid=1.0000 routes=16.534 grad=2.2228 seconds=127.4
Epoch 3463/5000: score=19.522427 loss=-0.252456 valid=1.0000 routes=18.432 grad=2.5729 seconds=127.1
Epoch 3464/5000: score=19.435197 loss=-0.240946 valid=1.0000 routes=16.800 grad=2.4475 seconds=126.5
Epoch 3465/5000: score=19.116848 loss=-0.246894 valid=1.0000 routes=17.184 grad=2.4715 seconds=126.3
Epoch 3466/5000: score=18.996959 loss=-0.252474 valid=1.0000 routes=17.406 grad=2.4757 seconds=128.1
Epoch 3467/5000: score=19.587110 loss=-0.249879 valid=1.0000 routes=17.074 grad=2.5406 seconds=128.4
Epoch 3468/5000: score=18.503999 loss=-0.253494 valid=1.0000 routes=15.948 grad=2.3161 seconds=128.1
Epoch 3469/5000: score=17.048002 loss=-0.249401 valid=1.0000 routes=15.129 grad=2.0441 seconds=128.8
Epoch 3470/5000: score=18.663034 loss=-0.243625 valid=1.0000 routes=16.641 grad=2.3394 seconds=127.7
Epoch 3471/5000: score=19.910364 loss=-0.261853 valid=1.0000 routes=18.082 grad=2.7485 seconds=127.1
Epoch 3472/5000: score=19.307939 loss=-0.255792 valid=1.0000 routes=17.287 grad=2.5251 seconds=128.3
Epoch 3473/5000: score=18.483304 loss=-0.236419 valid=1.0000 routes=17.160 grad=2.3465 seconds=127.9
Epoch 3474/5000: score=18.662240 loss=-0.239865 valid=1.0000 routes=16.951 grad=2.3929 seconds=126.6
Epoch 3475/5000: score=18.571491 loss=-0.245911 valid=1.0000 routes=15.866 grad=2.3268 seconds=127.2
Epoch 3476/5000: score=19.269727 loss=-0.248506 valid=1.0000 routes=17.793 grad=2.5577 seconds=127.6
Epoch 3477/5000: score=20.088843 loss=-0.255746 valid=1.0000 routes=18.044 grad=2.7129 seconds=127.7
Epoch 3478/5000: score=19.165390 loss=-0.251442 valid=1.0000 routes=17.437 grad=2.4734 seconds=125.9
Epoch 3479/5000: score=18.979707 loss=-0.246624 valid=1.0000 routes=17.470 grad=2.4177 seconds=124.4
Epoch 3480/5000: score=18.767031 loss=-0.243552 valid=1.0000 routes=17.437 grad=2.4270 seconds=125.9
Epoch 3481/5000: score=19.052967 loss=-0.243056 valid=1.0000 routes=17.027 grad=2.4335 seconds=126.4
Epoch 3482/5000: score=19.169976 loss=-0.249429 valid=1.0000 routes=16.799 grad=2.5137 seconds=126.8
Epoch 3483/5000: score=19.242374 loss=-0.248795 valid=1.0000 routes=17.422 grad=2.4483 seconds=126.5
Epoch 3484/5000: score=18.566413 loss=-0.249414 valid=1.0000 routes=16.952 grad=2.3275 seconds=127.1
Epoch 3485/5000: score=18.100828 loss=-0.239159 valid=1.0000 routes=16.832 grad=2.2950 seconds=128.9
Epoch 3486/5000: score=19.836745 loss=-0.244944 valid=1.0000 routes=17.996 grad=2.6010 seconds=129.5
Epoch 3487/5000: score=17.851690 loss=-0.242165 valid=1.0000 routes=16.262 grad=2.2227 seconds=128.0
Epoch 3488/5000: score=18.676713 loss=-0.227600 valid=1.0000 routes=16.169 grad=2.2544 seconds=128.0
Epoch 3489/5000: score=18.722538 loss=-0.239850 valid=1.0000 routes=16.953 grad=2.3866 seconds=127.9
Epoch 3490/5000: score=18.750601 loss=-0.247893 valid=1.0000 routes=16.274 grad=2.3664 seconds=129.0
Epoch 3491/5000: score=19.459887 loss=-0.253738 valid=1.0000 routes=16.919 grad=2.5509 seconds=128.1
Epoch 3492/5000: score=18.615985 loss=-0.236966 valid=1.0000 routes=17.722 grad=2.3630 seconds=129.3
Epoch 3493/5000: score=19.346147 loss=-0.259348 valid=1.0000 routes=16.609 grad=2.5877 seconds=128.2
Epoch 3494/5000: score=18.701910 loss=-0.237150 valid=1.0000 routes=17.237 grad=2.4107 seconds=128.6
Epoch 3495/5000: score=19.153255 loss=-0.233250 valid=1.0000 routes=17.888 grad=2.4275 seconds=127.9
Epoch 3496/5000: score=19.223254 loss=-0.238137 valid=1.0000 routes=16.849 grad=2.4089 seconds=129.4
Epoch 3497/5000: score=18.509422 loss=-0.248522 valid=1.0000 routes=15.714 grad=2.3051 seconds=129.1
Epoch 3498/5000: score=18.772810 loss=-0.247579 valid=1.0000 routes=16.432 grad=2.4324 seconds=130.6
Epoch 3499/5000: score=18.549814 loss=-0.239111 valid=1.0000 routes=16.837 grad=2.3356 seconds=130.8
Epoch 3500/5000: score=18.245924 loss=-0.244926 valid=1.0000 routes=16.171 grad=2.2768 seconds=130.6
Epoch 3501/5000: score=19.068546 loss=-0.255598 valid=1.0000 routes=16.701 grad=2.5196 seconds=128.8
Epoch 3502/5000: score=19.835636 loss=-0.234977 valid=1.0000 routes=17.715 grad=2.5193 seconds=129.6
Epoch 3503/5000: score=19.511168 loss=-0.249347 valid=1.0000 routes=16.924 grad=2.5171 seconds=131.4
Epoch 3504/5000: score=19.562121 loss=-0.256281 valid=1.0000 routes=16.915 grad=2.5374 seconds=130.6
Epoch 3505/5000: score=19.720812 loss=-0.241646 valid=1.0000 routes=17.816 grad=2.6050 seconds=129.3
Epoch 3506/5000: score=20.201852 loss=-0.244067 valid=1.0000 routes=18.854 grad=2.6925 seconds=128.4
Epoch 3507/5000: score=18.437417 loss=-0.245657 valid=1.0000 routes=16.056 grad=2.3314 seconds=128.6
Epoch 3508/5000: score=18.845836 loss=-0.236747 valid=1.0000 routes=17.194 grad=2.4151 seconds=128.3
Epoch 3509/5000: score=19.498128 loss=-0.240555 valid=1.0000 routes=17.349 grad=2.5268 seconds=130.2
Epoch 3510/5000: score=18.424423 loss=-0.233883 valid=1.0000 routes=16.083 grad=2.2344 seconds=129.6
Epoch 3511/5000: score=18.028199 loss=-0.235011 valid=1.0000 routes=16.481 grad=2.2053 seconds=130.0
Epoch 3512/5000: score=18.941745 loss=-0.239620 valid=1.0000 routes=16.839 grad=2.4455 seconds=129.7
Epoch 3513/5000: score=18.915925 loss=-0.234760 valid=1.0000 routes=16.621 grad=2.3017 seconds=130.3
Epoch 3514/5000: score=19.546709 loss=-0.248651 valid=1.0000 routes=17.059 grad=2.5180 seconds=129.4
Epoch 3515/5000: score=18.141466 loss=-0.244915 valid=1.0000 routes=16.312 grad=2.2580 seconds=131.0
Epoch 3516/5000: score=19.260999 loss=-0.235304 valid=1.0000 routes=17.321 grad=2.4009 seconds=130.1
Epoch 3517/5000: score=18.564315 loss=-0.234150 valid=1.0000 routes=15.940 grad=2.2441 seconds=130.2
Epoch 3518/5000: score=19.445140 loss=-0.239151 valid=1.0000 routes=17.314 grad=2.5591 seconds=130.6
Epoch 3519/5000: score=18.540926 loss=-0.257543 valid=1.0000 routes=15.911 grad=2.3520 seconds=129.5
Epoch 3520/5000: score=18.373469 loss=-0.240805 valid=1.0000 routes=16.066 grad=2.2542 seconds=129.7
Epoch 3521/5000: score=18.643343 loss=-0.236272 valid=1.0000 routes=16.565 grad=2.3253 seconds=131.0
Epoch 3522/5000: score=19.686467 loss=-0.241217 valid=1.0000 routes=16.812 grad=2.4715 seconds=131.6
Epoch 3523/5000: score=18.693187 loss=-0.253727 valid=1.0000 routes=17.281 grad=2.4742 seconds=132.9
Epoch 3524/5000: score=18.664282 loss=-0.232619 valid=1.0000 routes=17.271 grad=2.3838 seconds=132.8
Epoch 3525/5000: score=18.576208 loss=-0.241426 valid=1.0000 routes=17.060 grad=2.3429 seconds=132.5
>> Invalid instances, Re-generating ...
Epoch 3526/5000: score=18.457747 loss=-0.238400 valid=1.0000 routes=16.564 grad=2.3043 seconds=132.7
Epoch 3527/5000: score=18.734587 loss=-0.233536 valid=1.0000 routes=17.274 grad=2.3270 seconds=132.0
Epoch 3528/5000: score=18.844842 loss=-0.247131 valid=1.0000 routes=16.513 grad=2.3885 seconds=132.7
Epoch 3529/5000: score=19.397823 loss=-0.239549 valid=1.0000 routes=17.052 grad=2.4735 seconds=131.7
Epoch 3530/5000: score=18.638398 loss=-0.235057 valid=1.0000 routes=17.403 grad=2.3962 seconds=131.3
Epoch 3531/5000: score=18.958665 loss=-0.228294 valid=1.0000 routes=17.546 grad=2.3953 seconds=131.1
>> Invalid instances, Re-generating ...
Epoch 3532/5000: score=18.768622 loss=-0.231189 valid=1.0000 routes=16.873 grad=2.3489 seconds=132.0
Epoch 3533/5000: score=18.727049 loss=-0.241832 valid=1.0000 routes=16.479 grad=2.3353 seconds=128.8
Epoch 3534/5000: score=19.671666 loss=-0.249854 valid=1.0000 routes=18.131 grad=2.6450 seconds=129.4
Epoch 3535/5000: score=18.815542 loss=-0.242355 valid=1.0000 routes=17.109 grad=2.3993 seconds=129.2
Epoch 3536/5000: score=18.733899 loss=-0.238114 valid=1.0000 routes=17.363 grad=2.3822 seconds=129.7
Epoch 3537/5000: score=18.494583 loss=-0.227221 valid=1.0000 routes=17.116 grad=2.2915 seconds=128.9
Epoch 3538/5000: score=18.422953 loss=-0.248144 valid=1.0000 routes=15.697 grad=2.2674 seconds=129.7
Epoch 3539/5000: score=19.602913 loss=-0.236962 valid=1.0000 routes=17.786 grad=2.5213 seconds=129.3
Epoch 3540/5000: score=18.235137 loss=-0.263758 valid=1.0000 routes=15.569 grad=2.4144 seconds=130.1
Epoch 3541/5000: score=19.099504 loss=-0.242589 valid=1.0000 routes=17.576 grad=2.5132 seconds=128.8
Epoch 3542/5000: score=18.567314 loss=-0.245299 valid=1.0000 routes=17.162 grad=2.4733 seconds=130.2
Epoch 3543/5000: score=18.967985 loss=-0.227019 valid=1.0000 routes=16.787 grad=2.3399 seconds=129.4
Epoch 3544/5000: score=19.884035 loss=-0.251741 valid=1.0000 routes=17.113 grad=2.6144 seconds=128.9
Epoch 3545/5000: score=17.946385 loss=-0.227757 valid=1.0000 routes=16.392 grad=2.1318 seconds=129.7
Epoch 3546/5000: score=19.537702 loss=-0.227800 valid=1.0000 routes=17.764 grad=2.4713 seconds=129.4
Epoch 3547/5000: score=18.701090 loss=-0.244399 valid=1.0000 routes=16.372 grad=2.3566 seconds=129.7
Epoch 3548/5000: score=18.382753 loss=-0.235299 valid=1.0000 routes=16.437 grad=2.2186 seconds=130.0
Epoch 3549/5000: score=17.803283 loss=-0.246481 valid=1.0000 routes=16.762 grad=2.2461 seconds=129.4
Epoch 3550/5000: score=18.485240 loss=-0.245008 valid=1.0000 routes=16.879 grad=2.3106 seconds=128.7
Epoch 3551/5000: score=18.437390 loss=-0.236408 valid=1.0000 routes=16.840 grad=2.3191 seconds=128.2
Epoch 3552/5000: score=19.186700 loss=-0.242597 valid=1.0000 routes=17.072 grad=2.4611 seconds=128.7
Epoch 3553/5000: score=19.136121 loss=-0.253457 valid=1.0000 routes=16.657 grad=2.4535 seconds=129.4
Epoch 3554/5000: score=18.715386 loss=-0.237032 valid=1.0000 routes=17.511 grad=2.3444 seconds=128.6
Epoch 3555/5000: score=18.924494 loss=-0.259245 valid=1.0000 routes=16.785 grad=2.4563 seconds=129.8
Epoch 3556/5000: score=18.867683 loss=-0.258514 valid=1.0000 routes=17.207 grad=2.4741 seconds=128.9
Epoch 3557/5000: score=18.577156 loss=-0.241757 valid=1.0000 routes=15.932 grad=2.2478 seconds=128.3
Epoch 3558/5000: score=18.309798 loss=-0.258429 valid=1.0000 routes=16.741 grad=2.3853 seconds=129.4
Epoch 3559/5000: score=19.034721 loss=-0.244108 valid=1.0000 routes=16.979 grad=2.4257 seconds=129.9
Epoch 3560/5000: score=18.612211 loss=-0.252391 valid=1.0000 routes=16.029 grad=2.3684 seconds=129.9
Epoch 3561/5000: score=19.961136 loss=-0.250038 valid=1.0000 routes=17.890 grad=2.6064 seconds=129.4
Epoch 3562/5000: score=19.074568 loss=-0.244411 valid=1.0000 routes=16.662 grad=2.4171 seconds=129.8
Epoch 3563/5000: score=17.694535 loss=-0.238390 valid=1.0000 routes=16.020 grad=2.2334 seconds=128.3
Epoch 3564/5000: score=19.173602 loss=-0.240946 valid=1.0000 routes=18.112 grad=2.4960 seconds=127.0
Epoch 3565/5000: score=19.175795 loss=-0.245896 valid=1.0000 routes=16.575 grad=2.4421 seconds=127.5
Epoch 3566/5000: score=18.964976 loss=-0.239136 valid=1.0000 routes=17.299 grad=2.3913 seconds=126.8
Epoch 3567/5000: score=18.397694 loss=-0.240001 valid=1.0000 routes=16.163 grad=2.2802 seconds=127.2
Epoch 3568/5000: score=18.432358 loss=-0.230770 valid=1.0000 routes=16.598 grad=2.2738 seconds=127.1
Epoch 3569/5000: score=19.515701 loss=-0.232858 valid=1.0000 routes=17.359 grad=2.5353 seconds=127.7
Epoch 3570/5000: score=18.840963 loss=-0.230460 valid=1.0000 routes=17.253 grad=2.3834 seconds=128.2
Epoch 3571/5000: score=19.719637 loss=-0.258439 valid=1.0000 routes=16.965 grad=2.6031 seconds=129.5
Epoch 3572/5000: score=18.560981 loss=-0.248984 valid=1.0000 routes=17.570 grad=2.4207 seconds=128.0
Epoch 3573/5000: score=18.877515 loss=-0.248278 valid=1.0000 routes=16.588 grad=2.4263 seconds=130.4
Epoch 3574/5000: score=19.142459 loss=-0.249912 valid=1.0000 routes=16.777 grad=2.4674 seconds=130.2
Epoch 3575/5000: score=18.697347 loss=-0.252259 valid=1.0000 routes=16.746 grad=2.3985 seconds=129.8
Epoch 3576/5000: score=19.299790 loss=-0.242095 valid=1.0000 routes=17.614 grad=2.5154 seconds=129.6
Epoch 3577/5000: score=18.325835 loss=-0.238665 valid=1.0000 routes=16.388 grad=2.2342 seconds=129.8
Epoch 3578/5000: score=19.685686 loss=-0.258010 valid=1.0000 routes=18.615 grad=2.6682 seconds=128.8
Epoch 3579/5000: score=19.210252 loss=-0.245918 valid=1.0000 routes=16.766 grad=2.4682 seconds=128.8
Epoch 3580/5000: score=19.976725 loss=-0.251926 valid=1.0000 routes=17.473 grad=2.6243 seconds=128.5
Epoch 3581/5000: score=19.430242 loss=-0.254169 valid=1.0000 routes=17.155 grad=2.5431 seconds=129.1
Epoch 3582/5000: score=19.492098 loss=-0.247012 valid=1.0000 routes=17.468 grad=2.4868 seconds=129.4
Epoch 3583/5000: score=18.493762 loss=-0.256353 valid=1.0000 routes=16.089 grad=2.3517 seconds=129.9
Epoch 3584/5000: score=18.531411 loss=-0.250672 valid=1.0000 routes=16.667 grad=2.3693 seconds=128.5
Epoch 3585/5000: score=18.361020 loss=-0.248609 valid=1.0000 routes=16.775 grad=2.3117 seconds=128.6
Epoch 3586/5000: score=19.409038 loss=-0.249225 valid=1.0000 routes=17.122 grad=2.4644 seconds=128.6
Epoch 3587/5000: score=19.177493 loss=-0.238795 valid=1.0000 routes=17.316 grad=2.4337 seconds=128.0
Epoch 3588/5000: score=18.508097 loss=-0.247048 valid=1.0000 routes=16.173 grad=2.3156 seconds=128.4
Epoch 3589/5000: score=17.723133 loss=-0.240907 valid=1.0000 routes=16.211 grad=2.1564 seconds=128.7
Epoch 3590/5000: score=18.452994 loss=-0.243037 valid=1.0000 routes=16.044 grad=2.2898 seconds=128.8
Epoch 3591/5000: score=19.469540 loss=-0.247166 valid=1.0000 routes=17.657 grad=2.5460 seconds=128.8
Epoch 3592/5000: score=18.470508 loss=-0.242665 valid=1.0000 routes=17.802 grad=2.3225 seconds=129.1
Epoch 3593/5000: score=18.324607 loss=-0.250989 valid=1.0000 routes=15.798 grad=2.3017 seconds=128.0
Epoch 3594/5000: score=19.203089 loss=-0.248467 valid=1.0000 routes=16.419 grad=2.4192 seconds=128.1
Epoch 3595/5000: score=18.323196 loss=-0.237092 valid=1.0000 routes=15.818 grad=2.1886 seconds=128.5
Epoch 3596/5000: score=19.533194 loss=-0.234793 valid=1.0000 routes=17.774 grad=2.5271 seconds=127.0
Epoch 3597/5000: score=19.541404 loss=-0.251744 valid=1.0000 routes=17.564 grad=2.5834 seconds=128.8
Epoch 3598/5000: score=19.513052 loss=-0.250315 valid=1.0000 routes=18.323 grad=2.5825 seconds=128.9
Epoch 3599/5000: score=19.450780 loss=-0.238756 valid=1.0000 routes=17.974 grad=2.5254 seconds=129.3
Epoch 3600/5000: score=18.075635 loss=-0.244531 valid=1.0000 routes=15.816 grad=2.2299 seconds=129.7
Epoch 3601/5000: score=19.868312 loss=-0.242997 valid=1.0000 routes=17.371 grad=2.5803 seconds=129.3
Epoch 3602/5000: score=18.109207 loss=-0.246274 valid=1.0000 routes=16.906 grad=2.2596 seconds=129.0
Epoch 3603/5000: score=18.667119 loss=-0.237494 valid=1.0000 routes=16.901 grad=2.3740 seconds=127.8
Epoch 3604/5000: score=18.826772 loss=-0.247734 valid=1.0000 routes=16.622 grad=2.3582 seconds=126.1
Epoch 3605/5000: score=19.050812 loss=-0.259451 valid=1.0000 routes=16.344 grad=2.4844 seconds=128.7
Epoch 3606/5000: score=17.626561 loss=-0.240093 valid=1.0000 routes=15.603 grad=2.1235 seconds=129.6
Epoch 3607/5000: score=18.202135 loss=-0.248229 valid=1.0000 routes=16.186 grad=2.3175 seconds=128.9
Epoch 3608/5000: score=19.865982 loss=-0.240444 valid=1.0000 routes=18.117 grad=2.5976 seconds=128.9
Epoch 3609/5000: score=18.715123 loss=-0.242697 valid=1.0000 routes=16.290 grad=2.3083 seconds=127.4
Epoch 3610/5000: score=18.600631 loss=-0.243424 valid=1.0000 routes=16.547 grad=2.3553 seconds=127.3
Epoch 3611/5000: score=19.502885 loss=-0.255912 valid=1.0000 routes=16.669 grad=2.5253 seconds=128.5
Epoch 3612/5000: score=19.160544 loss=-0.244685 valid=1.0000 routes=17.611 grad=2.4731 seconds=128.3
Epoch 3613/5000: score=19.519123 loss=-0.242654 valid=1.0000 routes=18.307 grad=2.5865 seconds=128.3
>> Invalid instances, Re-generating ...
Epoch 3614/5000: score=18.680992 loss=-0.239263 valid=1.0000 routes=17.323 grad=2.3661 seconds=128.9
Epoch 3615/5000: score=18.332336 loss=-0.244739 valid=1.0000 routes=16.609 grad=2.2919 seconds=128.9
Epoch 3616/5000: score=19.426585 loss=-0.239624 valid=1.0000 routes=18.484 grad=2.4833 seconds=130.0
Epoch 3617/5000: score=19.356694 loss=-0.238423 valid=1.0000 routes=17.082 grad=2.4453 seconds=130.5
Epoch 3618/5000: score=19.568159 loss=-0.243168 valid=1.0000 routes=16.869 grad=2.4795 seconds=127.5
Epoch 3619/5000: score=19.365546 loss=-0.235333 valid=1.0000 routes=17.448 grad=2.4978 seconds=128.7
Epoch 3620/5000: score=18.691644 loss=-0.240290 valid=1.0000 routes=17.232 grad=2.3880 seconds=130.0
Epoch 3621/5000: score=19.259298 loss=-0.242038 valid=1.0000 routes=17.533 grad=2.4762 seconds=129.8
Epoch 3622/5000: score=19.174186 loss=-0.246767 valid=1.0000 routes=17.167 grad=2.4081 seconds=129.8
Epoch 3623/5000: score=20.124539 loss=-0.248952 valid=1.0000 routes=17.918 grad=2.6662 seconds=129.4
Epoch 3624/5000: score=19.149942 loss=-0.243492 valid=1.0000 routes=16.558 grad=2.4748 seconds=129.4
Epoch 3625/5000: score=19.123463 loss=-0.227072 valid=1.0000 routes=17.571 grad=2.4109 seconds=128.7
Epoch 3626/5000: score=18.996213 loss=-0.239549 valid=1.0000 routes=16.676 grad=2.3720 seconds=128.2
Epoch 3627/5000: score=17.567786 loss=-0.243198 valid=1.0000 routes=15.494 grad=2.1215 seconds=129.8
Epoch 3628/5000: score=17.909574 loss=-0.236936 valid=1.0000 routes=15.557 grad=2.1425 seconds=129.8
Epoch 3629/5000: score=18.349281 loss=-0.238910 valid=1.0000 routes=15.493 grad=2.2311 seconds=129.5
Epoch 3630/5000: score=19.210183 loss=-0.243596 valid=1.0000 routes=17.961 grad=2.5812 seconds=128.9
Epoch 3631/5000: score=19.912690 loss=-0.243188 valid=1.0000 routes=17.354 grad=2.5746 seconds=127.5
Epoch 3632/5000: score=19.027687 loss=-0.232611 valid=1.0000 routes=17.362 grad=2.3732 seconds=128.8
Epoch 3633/5000: score=18.338263 loss=-0.245215 valid=1.0000 routes=17.420 grad=2.3995 seconds=128.8
Epoch 3634/5000: score=18.810247 loss=-0.245230 valid=1.0000 routes=16.777 grad=2.4185 seconds=128.8
Epoch 3635/5000: score=17.474563 loss=-0.226740 valid=1.0000 routes=15.764 grad=2.0745 seconds=128.8
Epoch 3636/5000: score=18.091972 loss=-0.239797 valid=1.0000 routes=15.441 grad=2.1922 seconds=129.2
Epoch 3637/5000: score=18.976181 loss=-0.242833 valid=1.0000 routes=17.235 grad=2.3868 seconds=129.3
Epoch 3638/5000: score=18.423918 loss=-0.227753 valid=1.0000 routes=17.199 grad=2.2715 seconds=129.2
Epoch 3639/5000: score=19.022010 loss=-0.256359 valid=1.0000 routes=16.361 grad=2.4673 seconds=128.6
Epoch 3640/5000: score=19.690722 loss=-0.242774 valid=1.0000 routes=17.078 grad=2.5295 seconds=128.2
Epoch 3641/5000: score=18.769166 loss=-0.242576 valid=1.0000 routes=16.568 grad=2.3834 seconds=128.0
Epoch 3642/5000: score=19.084927 loss=-0.235829 valid=1.0000 routes=17.581 grad=2.4612 seconds=127.8
Epoch 3643/5000: score=18.345091 loss=-0.236572 valid=1.0000 routes=15.960 grad=2.2314 seconds=127.3
Epoch 3644/5000: score=18.576587 loss=-0.234335 valid=1.0000 routes=16.805 grad=2.3282 seconds=127.2
Epoch 3645/5000: score=19.109140 loss=-0.251238 valid=1.0000 routes=16.916 grad=2.4727 seconds=126.9
Epoch 3646/5000: score=19.656337 loss=-0.247149 valid=1.0000 routes=17.852 grad=2.5725 seconds=127.6
Epoch 3647/5000: score=19.044232 loss=-0.245895 valid=1.0000 routes=16.405 grad=2.3607 seconds=127.7
Epoch 3648/5000: score=18.994432 loss=-0.235120 valid=1.0000 routes=18.211 grad=2.4336 seconds=127.3
Epoch 3649/5000: score=18.408208 loss=-0.236527 valid=1.0000 routes=16.385 grad=2.2683 seconds=127.5
Epoch 3650/5000: score=19.455729 loss=-0.244336 valid=1.0000 routes=16.820 grad=2.4732 seconds=127.6
Epoch 3651/5000: score=19.158691 loss=-0.248906 valid=1.0000 routes=16.407 grad=2.4153 seconds=127.7
Epoch 3652/5000: score=18.477396 loss=-0.240278 valid=1.0000 routes=16.911 grad=2.3333 seconds=127.7
Epoch 3653/5000: score=17.453418 loss=-0.258813 valid=1.0000 routes=14.423 grad=2.1640 seconds=129.1
Epoch 3654/5000: score=19.084421 loss=-0.238094 valid=1.0000 routes=17.599 grad=2.4516 seconds=128.8
Epoch 3655/5000: score=19.108542 loss=-0.243284 valid=1.0000 routes=18.257 grad=2.4480 seconds=128.0
Epoch 3656/5000: score=19.588875 loss=-0.231216 valid=1.0000 routes=17.951 grad=2.5214 seconds=128.1
Epoch 3657/5000: score=18.158579 loss=-0.237070 valid=1.0000 routes=15.933 grad=2.1539 seconds=129.7
Epoch 3658/5000: score=18.217854 loss=-0.244427 valid=1.0000 routes=15.931 grad=2.2478 seconds=130.2
Epoch 3659/5000: score=17.935992 loss=-0.250461 valid=1.0000 routes=16.212 grad=2.2086 seconds=129.7
Epoch 3660/5000: score=19.238211 loss=-0.252971 valid=1.0000 routes=17.229 grad=2.4768 seconds=129.2
Epoch 3661/5000: score=18.901269 loss=-0.240633 valid=1.0000 routes=17.133 grad=2.4156 seconds=129.1
Epoch 3662/5000: score=18.801907 loss=-0.242587 valid=1.0000 routes=17.267 grad=2.3590 seconds=129.2
>> Invalid instances, Re-generating ...
Epoch 3663/5000: score=18.169068 loss=-0.237021 valid=1.0000 routes=16.178 grad=2.2312 seconds=129.3
Epoch 3664/5000: score=19.080744 loss=-0.241394 valid=1.0000 routes=16.756 grad=2.4691 seconds=129.2
Epoch 3665/5000: score=19.020007 loss=-0.249533 valid=1.0000 routes=15.915 grad=2.3686 seconds=129.0
Epoch 3666/5000: score=18.555996 loss=-0.253726 valid=1.0000 routes=16.959 grad=2.4286 seconds=129.1
Epoch 3667/5000: score=18.583800 loss=-0.251507 valid=1.0000 routes=16.644 grad=2.3460 seconds=128.4
Epoch 3668/5000: score=18.636987 loss=-0.235162 valid=1.0000 routes=16.904 grad=2.3245 seconds=128.1
Epoch 3669/5000: score=18.002948 loss=-0.253697 valid=1.0000 routes=15.985 grad=2.2638 seconds=129.1
Epoch 3670/5000: score=19.364168 loss=-0.249703 valid=1.0000 routes=17.933 grad=2.5032 seconds=128.8
Epoch 3671/5000: score=19.052371 loss=-0.242777 valid=1.0000 routes=17.367 grad=2.4784 seconds=128.8
Epoch 3672/5000: score=18.652065 loss=-0.244994 valid=1.0000 routes=16.457 grad=2.3364 seconds=128.6
Epoch 3673/5000: score=19.270103 loss=-0.249463 valid=1.0000 routes=17.305 grad=2.5544 seconds=128.4
Epoch 3674/5000: score=19.512965 loss=-0.232714 valid=1.0000 routes=17.313 grad=2.4586 seconds=128.7
Epoch 3675/5000: score=18.850830 loss=-0.254200 valid=1.0000 routes=16.713 grad=2.4270 seconds=130.1
Epoch 3676/5000: score=18.523124 loss=-0.239296 valid=1.0000 routes=16.055 grad=2.2519 seconds=129.3
Epoch 3677/5000: score=18.374436 loss=-0.237114 valid=1.0000 routes=16.248 grad=2.2593 seconds=129.3
Epoch 3678/5000: score=19.217036 loss=-0.248268 valid=1.0000 routes=17.377 grad=2.4911 seconds=129.2
Epoch 3679/5000: score=19.747453 loss=-0.245460 valid=1.0000 routes=18.000 grad=2.6231 seconds=128.7
Epoch 3680/5000: score=18.305922 loss=-0.240533 valid=1.0000 routes=16.494 grad=2.2699 seconds=128.8
Epoch 3681/5000: score=18.793666 loss=-0.249446 valid=1.0000 routes=16.161 grad=2.4177 seconds=129.0
Epoch 3682/5000: score=18.993663 loss=-0.242827 valid=1.0000 routes=17.537 grad=2.4373 seconds=128.2
Epoch 3683/5000: score=18.343167 loss=-0.251777 valid=1.0000 routes=16.898 grad=2.3310 seconds=127.2
Epoch 3684/5000: score=18.300615 loss=-0.234763 valid=1.0000 routes=16.690 grad=2.2444 seconds=128.5
Epoch 3685/5000: score=18.821342 loss=-0.244717 valid=1.0000 routes=16.488 grad=2.4014 seconds=129.0
Epoch 3686/5000: score=19.139883 loss=-0.238791 valid=1.0000 routes=16.789 grad=2.5027 seconds=129.1
Epoch 3687/5000: score=19.544132 loss=-0.256039 valid=1.0000 routes=17.434 grad=2.5573 seconds=129.5
Epoch 3688/5000: score=19.572516 loss=-0.235948 valid=1.0000 routes=17.172 grad=2.4098 seconds=127.6
Epoch 3689/5000: score=18.699473 loss=-0.241139 valid=1.0000 routes=17.980 grad=2.5194 seconds=127.8
Epoch 3690/5000: score=19.374054 loss=-0.257192 valid=1.0000 routes=17.089 grad=2.5744 seconds=127.9
Epoch 3691/5000: score=17.765599 loss=-0.232245 valid=1.0000 routes=15.919 grad=2.1103 seconds=128.4
Epoch 3692/5000: score=18.807536 loss=-0.242292 valid=1.0000 routes=16.895 grad=2.4106 seconds=128.7
Epoch 3693/5000: score=19.115750 loss=-0.246525 valid=1.0000 routes=17.178 grad=2.4680 seconds=128.4
Epoch 3694/5000: score=18.294174 loss=-0.228319 valid=1.0000 routes=16.463 grad=2.1922 seconds=128.0
Epoch 3695/5000: score=19.717537 loss=-0.244576 valid=1.0000 routes=18.244 grad=2.6412 seconds=128.3
Epoch 3696/5000: score=19.288173 loss=-0.238989 valid=1.0000 routes=17.828 grad=2.5379 seconds=128.1
Epoch 3697/5000: score=19.949572 loss=-0.260809 valid=1.0000 routes=17.973 grad=2.7023 seconds=128.3
Epoch 3698/5000: score=18.700355 loss=-0.245915 valid=1.0000 routes=17.044 grad=2.4130 seconds=128.3
Epoch 3699/5000: score=19.271592 loss=-0.245906 valid=1.0000 routes=16.500 grad=2.4728 seconds=128.6
Epoch 3700/5000: score=18.855702 loss=-0.241053 valid=1.0000 routes=16.964 grad=2.3486 seconds=126.3
Epoch 3701/5000: score=19.202670 loss=-0.244481 valid=1.0000 routes=16.359 grad=2.4563 seconds=126.2
Epoch 3702/5000: score=19.403162 loss=-0.241447 valid=1.0000 routes=17.012 grad=2.5105 seconds=126.4
Epoch 3703/5000: score=19.062083 loss=-0.253200 valid=1.0000 routes=16.374 grad=2.4180 seconds=128.6
Epoch 3704/5000: score=19.810606 loss=-0.243662 valid=1.0000 routes=17.936 grad=2.6482 seconds=129.0
Epoch 3705/5000: score=19.040787 loss=-0.245037 valid=1.0000 routes=17.370 grad=2.4677 seconds=128.5
Epoch 3706/5000: score=19.870346 loss=-0.242007 valid=1.0000 routes=17.960 grad=2.5529 seconds=128.3
Epoch 3707/5000: score=19.169616 loss=-0.238276 valid=1.0000 routes=18.568 grad=2.5075 seconds=128.3
Epoch 3708/5000: score=19.805769 loss=-0.238977 valid=1.0000 routes=17.139 grad=2.5585 seconds=128.3
Epoch 3709/5000: score=17.656400 loss=-0.242923 valid=1.0000 routes=15.268 grad=2.1652 seconds=129.2
Epoch 3710/5000: score=19.276679 loss=-0.231487 valid=1.0000 routes=18.311 grad=2.5306 seconds=128.5
Epoch 3711/5000: score=18.438945 loss=-0.246071 valid=1.0000 routes=15.742 grad=2.2562 seconds=128.6
Epoch 3712/5000: score=18.986182 loss=-0.247697 valid=1.0000 routes=16.821 grad=2.3806 seconds=127.9
Epoch 3713/5000: score=18.263457 loss=-0.238642 valid=1.0000 routes=16.036 grad=2.1792 seconds=129.3
Epoch 3714/5000: score=18.735440 loss=-0.251189 valid=1.0000 routes=16.219 grad=2.3641 seconds=129.8
Epoch 3715/5000: score=18.871151 loss=-0.260087 valid=1.0000 routes=16.651 grad=2.3945 seconds=129.3
Epoch 3716/5000: score=17.014386 loss=-0.236808 valid=1.0000 routes=15.789 grad=1.9994 seconds=128.7
Epoch 3717/5000: score=18.862019 loss=-0.248613 valid=1.0000 routes=16.733 grad=2.4289 seconds=129.5
Epoch 3718/5000: score=18.537717 loss=-0.239141 valid=1.0000 routes=16.017 grad=2.2000 seconds=129.4
Epoch 3719/5000: score=17.812236 loss=-0.233271 valid=1.0000 routes=16.187 grad=2.1594 seconds=129.2
Epoch 3720/5000: score=18.986050 loss=-0.245134 valid=1.0000 routes=16.857 grad=2.4152 seconds=128.6
Epoch 3721/5000: score=18.990269 loss=-0.239612 valid=1.0000 routes=17.128 grad=2.3830 seconds=129.0
Epoch 3722/5000: score=17.582679 loss=-0.250627 valid=1.0000 routes=15.530 grad=2.1557 seconds=129.2
Epoch 3723/5000: score=18.666650 loss=-0.240663 valid=1.0000 routes=16.897 grad=2.3505 seconds=128.5
Epoch 3724/5000: score=20.006134 loss=-0.237589 valid=1.0000 routes=17.737 grad=2.5289 seconds=128.6
Epoch 3725/5000: score=19.457723 loss=-0.258946 valid=1.0000 routes=16.711 grad=2.5347 seconds=129.6
Epoch 3726/5000: score=19.955385 loss=-0.237832 valid=1.0000 routes=18.746 grad=2.7005 seconds=129.1
Epoch 3727/5000: score=19.876416 loss=-0.238120 valid=1.0000 routes=18.520 grad=2.6261 seconds=128.1
Epoch 3728/5000: score=18.456857 loss=-0.248111 valid=1.0000 routes=16.340 grad=2.3045 seconds=129.5
Epoch 3729/5000: score=18.771385 loss=-0.249808 valid=1.0000 routes=16.958 grad=2.3384 seconds=129.8
Epoch 3730/5000: score=19.540506 loss=-0.262563 valid=1.0000 routes=16.190 grad=2.5246 seconds=129.9
Epoch 3731/5000: score=17.951204 loss=-0.235629 valid=1.0000 routes=16.805 grad=2.1907 seconds=129.1
Epoch 3732/5000: score=18.463039 loss=-0.242755 valid=1.0000 routes=17.043 grad=2.3526 seconds=128.3
Epoch 3733/5000: score=19.490917 loss=-0.232520 valid=1.0000 routes=17.545 grad=2.4445 seconds=127.4
Epoch 3734/5000: score=18.471659 loss=-0.248941 valid=1.0000 routes=16.165 grad=2.3141 seconds=128.1
Epoch 3735/5000: score=19.530249 loss=-0.230916 valid=1.0000 routes=18.231 grad=2.5152 seconds=128.6
Epoch 3736/5000: score=18.466706 loss=-0.254689 valid=1.0000 routes=16.226 grad=2.3923 seconds=130.0
Epoch 3737/5000: score=18.624321 loss=-0.245624 valid=1.0000 routes=17.103 grad=2.3688 seconds=129.2
Epoch 3738/5000: score=18.680045 loss=-0.232892 valid=1.0000 routes=16.861 grad=2.2893 seconds=128.9
Epoch 3739/5000: score=19.122286 loss=-0.248294 valid=1.0000 routes=17.267 grad=2.4607 seconds=129.2
Epoch 3740/5000: score=18.284611 loss=-0.235922 valid=1.0000 routes=16.472 grad=2.2330 seconds=129.5
Epoch 3741/5000: score=18.967793 loss=-0.244335 valid=1.0000 routes=17.187 grad=2.4342 seconds=130.3
Epoch 3742/5000: score=19.151859 loss=-0.240004 valid=1.0000 routes=16.987 grad=2.4556 seconds=128.7
Epoch 3743/5000: score=18.751099 loss=-0.250960 valid=1.0000 routes=16.587 grad=2.3874 seconds=127.9
Epoch 3744/5000: score=19.837858 loss=-0.248636 valid=1.0000 routes=17.850 grad=2.6068 seconds=128.9
Epoch 3745/5000: score=19.762804 loss=-0.238977 valid=1.0000 routes=18.472 grad=2.5831 seconds=128.5
Epoch 3746/5000: score=19.148863 loss=-0.234219 valid=1.0000 routes=16.810 grad=2.3630 seconds=129.0
Epoch 3747/5000: score=18.708777 loss=-0.249134 valid=1.0000 routes=16.673 grad=2.3900 seconds=129.4
Epoch 3748/5000: score=19.451536 loss=-0.249630 valid=1.0000 routes=16.996 grad=2.5478 seconds=129.6
Epoch 3749/5000: score=18.983059 loss=-0.235151 valid=1.0000 routes=17.112 grad=2.3950 seconds=128.9
Epoch 3750/5000: score=17.514728 loss=-0.226041 valid=1.0000 routes=15.665 grad=1.9529 seconds=127.7
Epoch 3751/5000: score=18.932047 loss=-0.244310 valid=1.0000 routes=16.435 grad=2.3432 seconds=128.7
Epoch 3752/5000: score=19.865086 loss=-0.245890 valid=1.0000 routes=17.435 grad=2.5775 seconds=128.4
Epoch 3753/5000: score=18.860252 loss=-0.242780 valid=1.0000 routes=17.177 grad=2.3993 seconds=128.6
Epoch 3754/5000: score=18.728187 loss=-0.247952 valid=1.0000 routes=16.626 grad=2.3677 seconds=128.3
Epoch 3755/5000: score=19.899220 loss=-0.244976 valid=1.0000 routes=17.829 grad=2.5663 seconds=127.5
Epoch 3756/5000: score=17.013800 loss=-0.249643 valid=1.0000 routes=15.566 grad=2.0626 seconds=127.0
Epoch 3757/5000: score=19.541093 loss=-0.242824 valid=1.0000 routes=17.520 grad=2.4909 seconds=128.9
Epoch 3758/5000: score=19.056581 loss=-0.252889 valid=1.0000 routes=16.535 grad=2.4580 seconds=128.7
>> Invalid instances, Re-generating ...
Epoch 3759/5000: score=18.400751 loss=-0.243614 valid=1.0000 routes=16.028 grad=2.2782 seconds=128.1
Epoch 3760/5000: score=19.025299 loss=-0.242630 valid=1.0000 routes=17.308 grad=2.4492 seconds=128.2
Epoch 3761/5000: score=18.598053 loss=-0.237133 valid=1.0000 routes=15.109 grad=2.1970 seconds=128.5
Epoch 3762/5000: score=19.115110 loss=-0.239434 valid=1.0000 routes=16.759 grad=2.4107 seconds=129.0
Epoch 3763/5000: score=17.858177 loss=-0.245134 valid=1.0000 routes=15.603 grad=2.1925 seconds=131.7
Epoch 3764/5000: score=18.811605 loss=-0.227448 valid=1.0000 routes=17.628 grad=2.3746 seconds=131.2
Epoch 3765/5000: score=18.423872 loss=-0.239312 valid=1.0000 routes=15.998 grad=2.2457 seconds=131.9
Epoch 3766/5000: score=18.171477 loss=-0.256588 valid=1.0000 routes=15.026 grad=2.2735 seconds=131.2
Epoch 3767/5000: score=18.367371 loss=-0.242508 valid=1.0000 routes=16.211 grad=2.2775 seconds=130.2
Epoch 3768/5000: score=19.398299 loss=-0.248077 valid=1.0000 routes=17.752 grad=2.5328 seconds=130.2
Epoch 3769/5000: score=18.090321 loss=-0.240472 valid=1.0000 routes=15.861 grad=2.2198 seconds=130.3
Epoch 3770/5000: score=18.501463 loss=-0.252292 valid=1.0000 routes=16.456 grad=2.3859 seconds=130.7
Epoch 3771/5000: score=18.315719 loss=-0.243260 valid=1.0000 routes=16.371 grad=2.2630 seconds=129.6
Epoch 3772/5000: score=19.725863 loss=-0.225403 valid=1.0000 routes=17.869 grad=2.5093 seconds=129.9
Epoch 3773/5000: score=19.898336 loss=-0.243410 valid=1.0000 routes=17.523 grad=2.6061 seconds=130.0
Epoch 3774/5000: score=18.830474 loss=-0.246772 valid=1.0000 routes=16.839 grad=2.4183 seconds=131.4
>> Invalid instances, Re-generating ...
Epoch 3775/5000: score=18.348418 loss=-0.250982 valid=1.0000 routes=16.389 grad=2.3369 seconds=129.7
Epoch 3776/5000: score=18.567471 loss=-0.237695 valid=1.0000 routes=17.137 grad=2.3450 seconds=128.9
Epoch 3777/5000: score=19.136878 loss=-0.243657 valid=1.0000 routes=16.742 grad=2.3642 seconds=128.5
Epoch 3778/5000: score=19.335405 loss=-0.247109 valid=1.0000 routes=18.103 grad=2.5678 seconds=129.5
Epoch 3779/5000: score=19.272087 loss=-0.235372 valid=1.0000 routes=16.872 grad=2.4194 seconds=129.5
Epoch 3780/5000: score=18.617707 loss=-0.256365 valid=1.0000 routes=16.336 grad=2.3474 seconds=130.4
Epoch 3781/5000: score=17.446330 loss=-0.247011 valid=1.0000 routes=15.078 grad=2.1307 seconds=130.1
Epoch 3782/5000: score=17.528988 loss=-0.244169 valid=1.0000 routes=15.614 grad=2.1322 seconds=131.6
Epoch 3783/5000: score=19.012658 loss=-0.233585 valid=1.0000 routes=16.596 grad=2.3532 seconds=132.7
Epoch 3784/5000: score=19.128205 loss=-0.233709 valid=1.0000 routes=17.429 grad=2.4445 seconds=131.9
Epoch 3785/5000: score=18.202867 loss=-0.232807 valid=1.0000 routes=16.266 grad=2.1909 seconds=130.7
Epoch 3786/5000: score=18.329818 loss=-0.243370 valid=1.0000 routes=16.756 grad=2.3206 seconds=132.0
Epoch 3787/5000: score=18.870239 loss=-0.253249 valid=1.0000 routes=17.174 grad=2.4264 seconds=132.0
Epoch 3788/5000: score=19.485563 loss=-0.237247 valid=1.0000 routes=17.028 grad=2.4217 seconds=129.6
Epoch 3789/5000: score=18.786045 loss=-0.235736 valid=1.0000 routes=16.774 grad=2.3620 seconds=129.0
Epoch 3790/5000: score=19.377201 loss=-0.245440 valid=1.0000 routes=18.279 grad=2.5830 seconds=127.7
Epoch 3791/5000: score=20.403224 loss=-0.243302 valid=1.0000 routes=18.543 grad=2.7697 seconds=128.0
Epoch 3792/5000: score=17.714307 loss=-0.257736 valid=1.0000 routes=15.798 grad=2.2183 seconds=129.4
Epoch 3793/5000: score=18.859439 loss=-0.252656 valid=1.0000 routes=16.870 grad=2.3809 seconds=128.8
Epoch 3794/5000: score=20.122794 loss=-0.230784 valid=1.0000 routes=18.491 grad=2.5885 seconds=127.8
Epoch 3795/5000: score=19.209670 loss=-0.235341 valid=1.0000 routes=17.084 grad=2.4082 seconds=128.1
Epoch 3796/5000: score=18.585813 loss=-0.239447 valid=1.0000 routes=16.711 grad=2.3558 seconds=127.9
Epoch 3797/5000: score=18.561576 loss=-0.226450 valid=1.0000 routes=16.629 grad=2.2837 seconds=128.0
Epoch 3798/5000: score=18.775579 loss=-0.244563 valid=1.0000 routes=16.941 grad=2.3289 seconds=129.0
Epoch 3799/5000: score=19.001780 loss=-0.231962 valid=1.0000 routes=17.442 grad=2.3908 seconds=128.7
Epoch 3800/5000: score=18.272172 loss=-0.242153 valid=1.0000 routes=16.852 grad=2.2695 seconds=128.3
Epoch 3801/5000: score=18.827585 loss=-0.247668 valid=1.0000 routes=16.957 grad=2.3598 seconds=128.7
Epoch 3802/5000: score=20.118459 loss=-0.235717 valid=1.0000 routes=17.906 grad=2.6337 seconds=128.5
Epoch 3803/5000: score=19.246134 loss=-0.257138 valid=1.0000 routes=17.172 grad=2.5506 seconds=128.1
Epoch 3804/5000: score=17.702993 loss=-0.249028 valid=1.0000 routes=15.312 grad=2.1398 seconds=128.5
Epoch 3805/5000: score=18.701228 loss=-0.249476 valid=1.0000 routes=16.174 grad=2.3522 seconds=128.3
Epoch 3806/5000: score=18.637662 loss=-0.245433 valid=1.0000 routes=16.332 grad=2.2767 seconds=129.7
Epoch 3807/5000: score=18.504843 loss=-0.247492 valid=1.0000 routes=16.892 grad=2.3343 seconds=128.7
Epoch 3808/5000: score=18.079378 loss=-0.244766 valid=1.0000 routes=15.534 grad=2.1768 seconds=128.9
Epoch 3809/5000: score=19.782293 loss=-0.250675 valid=1.0000 routes=16.583 grad=2.5383 seconds=128.7
Epoch 3810/5000: score=18.608284 loss=-0.235214 valid=1.0000 routes=16.456 grad=2.2908 seconds=129.4
Epoch 3811/5000: score=18.613774 loss=-0.237520 valid=1.0000 routes=17.573 grad=2.3605 seconds=129.1
Epoch 3812/5000: score=19.606795 loss=-0.246405 valid=1.0000 routes=17.265 grad=2.5324 seconds=128.9
Epoch 3813/5000: score=19.575578 loss=-0.248947 valid=1.0000 routes=16.960 grad=2.5317 seconds=128.2
Epoch 3814/5000: score=18.442064 loss=-0.248438 valid=1.0000 routes=16.026 grad=2.2616 seconds=127.6
Epoch 3815/5000: score=18.535843 loss=-0.244382 valid=1.0000 routes=16.896 grad=2.4209 seconds=127.1
Epoch 3816/5000: score=19.550342 loss=-0.239883 valid=1.0000 routes=17.613 grad=2.5485 seconds=125.9
Epoch 3817/5000: score=18.066220 loss=-0.262268 valid=1.0000 routes=15.478 grad=2.3014 seconds=126.1
Epoch 3818/5000: score=18.477273 loss=-0.241486 valid=1.0000 routes=16.400 grad=2.2946 seconds=126.2
Epoch 3819/5000: score=17.403093 loss=-0.244186 valid=1.0000 routes=15.568 grad=2.0952 seconds=129.9
Epoch 3820/5000: score=19.050867 loss=-0.241794 valid=1.0000 routes=17.040 grad=2.4031 seconds=129.8
Epoch 3821/5000: score=18.911755 loss=-0.233724 valid=1.0000 routes=17.001 grad=2.3641 seconds=126.2
Epoch 3822/5000: score=19.473732 loss=-0.239485 valid=1.0000 routes=17.851 grad=2.5295 seconds=125.7
Epoch 3823/5000: score=18.283836 loss=-0.228303 valid=1.0000 routes=16.353 grad=2.2078 seconds=125.7
Epoch 3824/5000: score=18.362487 loss=-0.236325 valid=1.0000 routes=16.741 grad=2.2661 seconds=126.0
Epoch 3825/5000: score=19.277017 loss=-0.249248 valid=1.0000 routes=16.471 grad=2.4396 seconds=125.4
Epoch 3826/5000: score=18.199767 loss=-0.238433 valid=1.0000 routes=17.213 grad=2.3078 seconds=125.2
Epoch 3827/5000: score=17.570735 loss=-0.246779 valid=1.0000 routes=16.012 grad=2.1722 seconds=125.5
Epoch 3828/5000: score=19.225661 loss=-0.234749 valid=1.0000 routes=17.360 grad=2.4898 seconds=125.0
Epoch 3829/5000: score=18.783348 loss=-0.254497 valid=1.0000 routes=16.538 grad=2.4069 seconds=126.1
Epoch 3830/5000: score=19.423783 loss=-0.252883 valid=1.0000 routes=17.812 grad=2.5448 seconds=126.7
Epoch 3831/5000: score=18.137161 loss=-0.242109 valid=1.0000 routes=17.073 grad=2.2438 seconds=125.9
Epoch 3832/5000: score=17.963990 loss=-0.244571 valid=1.0000 routes=16.042 grad=2.1901 seconds=125.8
Epoch 3833/5000: score=17.764847 loss=-0.228065 valid=1.0000 routes=16.431 grad=2.1963 seconds=126.2
Epoch 3834/5000: score=18.754193 loss=-0.244101 valid=1.0000 routes=15.784 grad=2.3380 seconds=127.5
Epoch 3835/5000: score=18.408726 loss=-0.249902 valid=1.0000 routes=16.412 grad=2.3185 seconds=129.5
Epoch 3836/5000: score=19.940198 loss=-0.246376 valid=1.0000 routes=17.348 grad=2.5795 seconds=130.9
Epoch 3837/5000: score=19.516494 loss=-0.242253 valid=1.0000 routes=17.272 grad=2.4209 seconds=131.7
Epoch 3838/5000: score=19.417403 loss=-0.242120 valid=1.0000 routes=17.054 grad=2.4887 seconds=134.4
Epoch 3839/5000: score=18.205843 loss=-0.235721 valid=1.0000 routes=15.890 grad=2.2137 seconds=133.8
Epoch 3840/5000: score=18.373877 loss=-0.243649 valid=1.0000 routes=15.919 grad=2.2719 seconds=132.4
Epoch 3841/5000: score=18.308380 loss=-0.246766 valid=1.0000 routes=15.646 grad=2.2446 seconds=133.1
Epoch 3842/5000: score=19.815157 loss=-0.239834 valid=1.0000 routes=17.894 grad=2.5792 seconds=132.4
Epoch 3843/5000: score=18.336671 loss=-0.245451 valid=1.0000 routes=15.238 grad=2.2040 seconds=132.6
Epoch 3844/5000: score=18.651279 loss=-0.246566 valid=1.0000 routes=16.375 grad=2.3253 seconds=131.5
Epoch 3845/5000: score=19.708825 loss=-0.247446 valid=1.0000 routes=17.208 grad=2.6026 seconds=131.2
Epoch 3846/5000: score=18.417095 loss=-0.247173 valid=1.0000 routes=16.230 grad=2.2900 seconds=131.1
Epoch 3847/5000: score=19.051951 loss=-0.255547 valid=1.0000 routes=16.092 grad=2.3915 seconds=132.1
Epoch 3848/5000: score=18.496669 loss=-0.239291 valid=1.0000 routes=16.413 grad=2.3085 seconds=132.5
Epoch 3849/5000: score=17.906739 loss=-0.236887 valid=1.0000 routes=16.249 grad=2.1935 seconds=132.7
Epoch 3850/5000: score=18.593029 loss=-0.244377 valid=1.0000 routes=16.900 grad=2.3236 seconds=131.9
Epoch 3851/5000: score=20.041321 loss=-0.249008 valid=1.0000 routes=17.780 grad=2.6162 seconds=131.5
Epoch 3852/5000: score=18.229560 loss=-0.231887 valid=1.0000 routes=16.962 grad=2.2075 seconds=130.7
Epoch 3853/5000: score=18.547050 loss=-0.249788 valid=1.0000 routes=15.904 grad=2.3043 seconds=131.2
>> Invalid instances, Re-generating ...
Epoch 3854/5000: score=19.489972 loss=-0.249197 valid=1.0000 routes=18.030 grad=2.5519 seconds=131.2
Epoch 3855/5000: score=18.401108 loss=-0.241405 valid=1.0000 routes=15.978 grad=2.2607 seconds=131.4
Epoch 3856/5000: score=18.464559 loss=-0.253309 valid=1.0000 routes=16.542 grad=2.3219 seconds=131.6
Epoch 3857/5000: score=18.936079 loss=-0.229598 valid=1.0000 routes=16.956 grad=2.3131 seconds=130.5
Epoch 3858/5000: score=19.191552 loss=-0.241238 valid=1.0000 routes=17.570 grad=2.4321 seconds=131.1
Epoch 3859/5000: score=19.085819 loss=-0.245395 valid=1.0000 routes=17.275 grad=2.3977 seconds=131.7
Epoch 3860/5000: score=17.822845 loss=-0.238814 valid=1.0000 routes=16.021 grad=2.1743 seconds=132.3
Epoch 3861/5000: score=17.804955 loss=-0.236475 valid=1.0000 routes=16.749 grad=2.1904 seconds=131.9
Epoch 3862/5000: score=18.430508 loss=-0.242479 valid=1.0000 routes=15.616 grad=2.2430 seconds=132.3
Epoch 3863/5000: score=18.904658 loss=-0.246610 valid=1.0000 routes=16.470 grad=2.3587 seconds=132.1
Epoch 3864/5000: score=18.410140 loss=-0.240048 valid=1.0000 routes=16.606 grad=2.2995 seconds=132.4
Epoch 3865/5000: score=19.608317 loss=-0.252200 valid=1.0000 routes=17.627 grad=2.5724 seconds=132.4
Epoch 3866/5000: score=20.308216 loss=-0.242799 valid=1.0000 routes=17.784 grad=2.6410 seconds=131.9
Epoch 3867/5000: score=19.259490 loss=-0.248314 valid=1.0000 routes=17.016 grad=2.4481 seconds=131.9
Epoch 3868/5000: score=19.909914 loss=-0.246881 valid=1.0000 routes=17.990 grad=2.6856 seconds=132.0
Epoch 3869/5000: score=18.657094 loss=-0.244465 valid=1.0000 routes=16.591 grad=2.3122 seconds=132.3
Epoch 3870/5000: score=18.299433 loss=-0.239496 valid=1.0000 routes=16.939 grad=2.2964 seconds=133.0
Epoch 3871/5000: score=18.733819 loss=-0.253544 valid=1.0000 routes=16.359 grad=2.3758 seconds=131.6
Epoch 3872/5000: score=18.910044 loss=-0.242204 valid=1.0000 routes=16.378 grad=2.3066 seconds=130.7
Epoch 3873/5000: score=19.755568 loss=-0.243954 valid=1.0000 routes=16.859 grad=2.4909 seconds=131.0
Epoch 3874/5000: score=19.720783 loss=-0.245304 valid=1.0000 routes=17.566 grad=2.5911 seconds=134.7
Epoch 3875/5000: score=18.668399 loss=-0.249357 valid=1.0000 routes=16.553 grad=2.3940 seconds=133.8
Epoch 3876/5000: score=18.163478 loss=-0.234275 valid=1.0000 routes=16.019 grad=2.1554 seconds=133.1
Epoch 3877/5000: score=18.938983 loss=-0.238115 valid=1.0000 routes=16.607 grad=2.3235 seconds=131.5
Epoch 3878/5000: score=19.215080 loss=-0.238783 valid=1.0000 routes=16.039 grad=2.3772 seconds=126.4
Epoch 3879/5000: score=19.164952 loss=-0.241681 valid=1.0000 routes=16.970 grad=2.3998 seconds=124.8
Epoch 3880/5000: score=18.572525 loss=-0.247356 valid=1.0000 routes=16.845 grad=2.3795 seconds=125.6
Epoch 3881/5000: score=19.316015 loss=-0.244449 valid=1.0000 routes=17.214 grad=2.4229 seconds=124.3
Epoch 3882/5000: score=19.004068 loss=-0.234404 valid=1.0000 routes=16.776 grad=2.3210 seconds=123.1
Epoch 3883/5000: score=19.622636 loss=-0.253899 valid=1.0000 routes=17.650 grad=2.5476 seconds=123.4
Epoch 3884/5000: score=18.693589 loss=-0.247947 valid=1.0000 routes=16.529 grad=2.4064 seconds=124.2
Epoch 3885/5000: score=18.073065 loss=-0.245262 valid=1.0000 routes=15.829 grad=2.2221 seconds=123.9
Epoch 3886/5000: score=18.252751 loss=-0.242625 valid=1.0000 routes=15.691 grad=2.1423 seconds=123.6
Epoch 3887/5000: score=17.793122 loss=-0.241442 valid=1.0000 routes=15.389 grad=2.1272 seconds=125.4
Epoch 3888/5000: score=18.944563 loss=-0.242348 valid=1.0000 routes=16.297 grad=2.3299 seconds=124.3
Epoch 3889/5000: score=18.912956 loss=-0.244048 valid=1.0000 routes=17.671 grad=2.4635 seconds=123.9
Epoch 3890/5000: score=18.902514 loss=-0.246308 valid=1.0000 routes=17.277 grad=2.4613 seconds=124.4
Epoch 3891/5000: score=18.864239 loss=-0.251592 valid=1.0000 routes=16.680 grad=2.3767 seconds=123.9
Epoch 3892/5000: score=17.853253 loss=-0.230704 valid=1.0000 routes=16.472 grad=2.0840 seconds=124.6
Epoch 3893/5000: score=18.550653 loss=-0.235272 valid=1.0000 routes=16.248 grad=2.2625 seconds=124.8
Epoch 3894/5000: score=18.807797 loss=-0.242345 valid=1.0000 routes=16.374 grad=2.3414 seconds=124.7
Epoch 3895/5000: score=18.749265 loss=-0.230119 valid=1.0000 routes=17.776 grad=2.3219 seconds=125.7
Epoch 3896/5000: score=19.178888 loss=-0.234099 valid=1.0000 routes=16.928 grad=2.4275 seconds=124.4
Epoch 3897/5000: score=18.713324 loss=-0.239292 valid=1.0000 routes=16.329 grad=2.2734 seconds=124.5
Epoch 3898/5000: score=18.513879 loss=-0.250525 valid=1.0000 routes=17.012 grad=2.3487 seconds=125.3
Epoch 3899/5000: score=18.821825 loss=-0.239302 valid=1.0000 routes=16.733 grad=2.3589 seconds=123.9
Epoch 3900/5000: score=18.297527 loss=-0.247048 valid=1.0000 routes=16.618 grad=2.3087 seconds=124.5
Epoch 3901/5000: score=18.311329 loss=-0.248055 valid=1.0000 routes=15.554 grad=2.2482 seconds=124.9
Epoch 3902/5000: score=19.450336 loss=-0.239842 valid=1.0000 routes=17.730 grad=2.5093 seconds=124.3
Epoch 3903/5000: score=19.184550 loss=-0.245819 valid=1.0000 routes=17.428 grad=2.4569 seconds=124.3
Epoch 3904/5000: score=18.822426 loss=-0.227415 valid=1.0000 routes=17.115 grad=2.3461 seconds=123.9
Epoch 3905/5000: score=18.557212 loss=-0.253789 valid=1.0000 routes=16.271 grad=2.3242 seconds=124.1
Epoch 3906/5000: score=19.521907 loss=-0.239758 valid=1.0000 routes=17.172 grad=2.4904 seconds=124.1
Epoch 3907/5000: score=19.388787 loss=-0.251848 valid=1.0000 routes=16.688 grad=2.5033 seconds=124.9
Epoch 3908/5000: score=18.690998 loss=-0.241246 valid=1.0000 routes=16.939 grad=2.3338 seconds=125.1
Epoch 3909/5000: score=18.192613 loss=-0.242275 valid=1.0000 routes=16.500 grad=2.2895 seconds=124.8
Epoch 3910/5000: score=19.184909 loss=-0.253933 valid=1.0000 routes=16.724 grad=2.5256 seconds=124.9
Epoch 3911/5000: score=18.533816 loss=-0.250474 valid=1.0000 routes=17.224 grad=2.4135 seconds=125.2
Epoch 3912/5000: score=17.984209 loss=-0.234893 valid=1.0000 routes=15.375 grad=2.1333 seconds=124.6
Epoch 3913/5000: score=18.535967 loss=-0.240219 valid=1.0000 routes=16.494 grad=2.3411 seconds=124.5
Epoch 3914/5000: score=18.386470 loss=-0.248266 valid=1.0000 routes=16.514 grad=2.2837 seconds=124.9
Epoch 3915/5000: score=18.940854 loss=-0.228033 valid=1.0000 routes=17.496 grad=2.3011 seconds=123.4
Epoch 3916/5000: score=18.431131 loss=-0.240478 valid=1.0000 routes=17.164 grad=2.3656 seconds=124.2
Epoch 3917/5000: score=18.732400 loss=-0.244993 valid=1.0000 routes=16.367 grad=2.3641 seconds=124.7
Epoch 3918/5000: score=20.197751 loss=-0.260130 valid=1.0000 routes=17.191 grad=2.6598 seconds=124.8
Epoch 3919/5000: score=17.807660 loss=-0.237575 valid=1.0000 routes=15.659 grad=2.1601 seconds=124.7
Epoch 3920/5000: score=20.277408 loss=-0.247067 valid=1.0000 routes=18.218 grad=2.7265 seconds=124.5
Epoch 3921/5000: score=19.427913 loss=-0.243361 valid=1.0000 routes=17.283 grad=2.5087 seconds=124.8
Epoch 3922/5000: score=19.350597 loss=-0.244598 valid=1.0000 routes=17.370 grad=2.4588 seconds=125.5
Epoch 3923/5000: score=18.572315 loss=-0.230273 valid=1.0000 routes=16.567 grad=2.2496 seconds=125.2
Epoch 3924/5000: score=19.568543 loss=-0.245048 valid=1.0000 routes=16.455 grad=2.4619 seconds=124.5
Epoch 3925/5000: score=18.335588 loss=-0.249784 valid=1.0000 routes=16.909 grad=2.3061 seconds=124.4
Epoch 3926/5000: score=18.548915 loss=-0.236973 valid=1.0000 routes=15.523 grad=2.1999 seconds=124.8
Epoch 3927/5000: score=19.222199 loss=-0.254762 valid=1.0000 routes=16.234 grad=2.4747 seconds=126.0
Epoch 3928/5000: score=18.577949 loss=-0.246970 valid=1.0000 routes=16.146 grad=2.3101 seconds=125.5
Epoch 3929/5000: score=19.562431 loss=-0.231503 valid=1.0000 routes=17.573 grad=2.4727 seconds=125.1
Epoch 3930/5000: score=18.807030 loss=-0.243203 valid=1.0000 routes=16.157 grad=2.3156 seconds=123.8
Epoch 3931/5000: score=18.258385 loss=-0.236595 valid=1.0000 routes=16.608 grad=2.1927 seconds=124.0
Epoch 3932/5000: score=18.137826 loss=-0.220623 valid=1.0000 routes=16.446 grad=2.1581 seconds=125.4
Epoch 3933/5000: score=18.360084 loss=-0.227317 valid=1.0000 routes=17.174 grad=2.2637 seconds=125.4
Epoch 3934/5000: score=18.126210 loss=-0.250272 valid=1.0000 routes=16.269 grad=2.3202 seconds=124.0
Epoch 3935/5000: score=18.178673 loss=-0.231606 valid=1.0000 routes=16.545 grad=2.1627 seconds=123.0
Epoch 3936/5000: score=17.568170 loss=-0.246467 valid=1.0000 routes=15.752 grad=2.1110 seconds=124.3
Epoch 3937/5000: score=17.984335 loss=-0.234778 valid=1.0000 routes=15.593 grad=2.1384 seconds=124.3
Epoch 3938/5000: score=17.791692 loss=-0.228693 valid=1.0000 routes=16.747 grad=2.1875 seconds=124.4
Epoch 3939/5000: score=18.373611 loss=-0.247856 valid=1.0000 routes=16.824 grad=2.3619 seconds=124.9
Epoch 3940/5000: score=18.629822 loss=-0.246933 valid=1.0000 routes=16.292 grad=2.3353 seconds=124.3
Epoch 3941/5000: score=18.719557 loss=-0.229757 valid=1.0000 routes=16.577 grad=2.2316 seconds=124.6
Epoch 3942/5000: score=19.074663 loss=-0.252867 valid=1.0000 routes=17.031 grad=2.4552 seconds=123.8
Epoch 3943/5000: score=19.346666 loss=-0.236848 valid=1.0000 routes=17.254 grad=2.4239 seconds=123.9
Epoch 3944/5000: score=19.666529 loss=-0.239348 valid=1.0000 routes=18.458 grad=2.5826 seconds=124.2
Epoch 3945/5000: score=19.002045 loss=-0.253354 valid=1.0000 routes=17.151 grad=2.4865 seconds=124.9
Epoch 3946/5000: score=18.871296 loss=-0.251138 valid=1.0000 routes=17.503 grad=2.4840 seconds=125.0
Epoch 3947/5000: score=18.152502 loss=-0.253628 valid=1.0000 routes=15.572 grad=2.2462 seconds=125.5
Epoch 3948/5000: score=19.297920 loss=-0.247113 valid=1.0000 routes=16.527 grad=2.4484 seconds=125.3
Epoch 3949/5000: score=19.380126 loss=-0.251655 valid=1.0000 routes=17.532 grad=2.4715 seconds=124.5
Epoch 3950/5000: score=18.644941 loss=-0.246778 valid=1.0000 routes=16.155 grad=2.2802 seconds=124.5
Epoch 3951/5000: score=19.092523 loss=-0.233512 valid=1.0000 routes=17.603 grad=2.4190 seconds=123.3
Epoch 3952/5000: score=18.521557 loss=-0.237305 valid=1.0000 routes=17.167 grad=2.3331 seconds=124.9
Epoch 3953/5000: score=19.050381 loss=-0.246484 valid=1.0000 routes=16.830 grad=2.4512 seconds=125.2
Epoch 3954/5000: score=17.923908 loss=-0.238201 valid=1.0000 routes=15.740 grad=2.1287 seconds=125.3
Epoch 3955/5000: score=18.580202 loss=-0.245140 valid=1.0000 routes=16.519 grad=2.3082 seconds=124.2
Epoch 3956/5000: score=18.634902 loss=-0.234731 valid=1.0000 routes=16.416 grad=2.2296 seconds=124.1
Epoch 3957/5000: score=17.913286 loss=-0.234440 valid=1.0000 routes=16.130 grad=2.1587 seconds=124.3
Epoch 3958/5000: score=19.103139 loss=-0.232178 valid=1.0000 routes=17.758 grad=2.4365 seconds=124.3
Epoch 3959/5000: score=18.222274 loss=-0.239736 valid=1.0000 routes=16.675 grad=2.2853 seconds=124.9
Epoch 3960/5000: score=19.293143 loss=-0.244801 valid=1.0000 routes=16.237 grad=2.4095 seconds=124.7
Epoch 3961/5000: score=18.116814 loss=-0.240682 valid=1.0000 routes=16.408 grad=2.2084 seconds=124.9
Epoch 3962/5000: score=19.322453 loss=-0.249733 valid=1.0000 routes=17.223 grad=2.4659 seconds=125.2
Epoch 3963/5000: score=17.626766 loss=-0.231658 valid=1.0000 routes=15.469 grad=2.0670 seconds=124.5
Epoch 3964/5000: score=20.038454 loss=-0.241088 valid=1.0000 routes=17.520 grad=2.5335 seconds=124.4
Epoch 3965/5000: score=18.664915 loss=-0.239559 valid=1.0000 routes=15.866 grad=2.2695 seconds=123.9
Epoch 3966/5000: score=19.025585 loss=-0.250320 valid=1.0000 routes=16.722 grad=2.4374 seconds=123.8
Epoch 3967/5000: score=18.484953 loss=-0.234040 valid=1.0000 routes=16.636 grad=2.2445 seconds=123.3
Epoch 3968/5000: score=19.002714 loss=-0.233810 valid=1.0000 routes=17.492 grad=2.4450 seconds=123.5
Epoch 3969/5000: score=18.906607 loss=-0.242274 valid=1.0000 routes=16.321 grad=2.3342 seconds=123.0
Epoch 3970/5000: score=18.723379 loss=-0.264083 valid=1.0000 routes=16.252 grad=2.3696 seconds=123.7
Epoch 3971/5000: score=20.277304 loss=-0.248615 valid=1.0000 routes=18.289 grad=2.6348 seconds=123.1
Epoch 3972/5000: score=18.603101 loss=-0.246076 valid=1.0000 routes=16.343 grad=2.3041 seconds=123.8
Epoch 3973/5000: score=18.577661 loss=-0.248504 valid=1.0000 routes=15.439 grad=2.2497 seconds=124.0
Epoch 3974/5000: score=18.961550 loss=-0.242088 valid=1.0000 routes=16.930 grad=2.4012 seconds=123.4
Epoch 3975/5000: score=19.568069 loss=-0.242749 valid=1.0000 routes=17.345 grad=2.4886 seconds=122.9
Epoch 3976/5000: score=18.624526 loss=-0.226542 valid=1.0000 routes=16.927 grad=2.2357 seconds=122.6
Epoch 3977/5000: score=18.715191 loss=-0.247994 valid=1.0000 routes=16.380 grad=2.3299 seconds=123.7
Epoch 3978/5000: score=18.414808 loss=-0.233563 valid=1.0000 routes=16.213 grad=2.2616 seconds=123.9
Epoch 3979/5000: score=19.300383 loss=-0.254309 valid=1.0000 routes=17.331 grad=2.5072 seconds=124.3
Epoch 3980/5000: score=19.594740 loss=-0.235065 valid=1.0000 routes=17.657 grad=2.5064 seconds=123.6
>> Invalid instances, Re-generating ...
Epoch 3981/5000: score=18.766698 loss=-0.244183 valid=1.0000 routes=16.845 grad=2.3520 seconds=124.9
Epoch 3982/5000: score=18.386500 loss=-0.239537 valid=1.0000 routes=16.734 grad=2.2655 seconds=125.1
Epoch 3983/5000: score=18.668227 loss=-0.250997 valid=1.0000 routes=16.665 grad=2.3735 seconds=124.2
Epoch 3984/5000: score=19.293717 loss=-0.244147 valid=1.0000 routes=17.946 grad=2.5211 seconds=124.8
Epoch 3985/5000: score=19.163634 loss=-0.248492 valid=1.0000 routes=16.824 grad=2.4489 seconds=125.8
Epoch 3986/5000: score=19.452119 loss=-0.251595 valid=1.0000 routes=17.583 grad=2.6013 seconds=125.0
Epoch 3987/5000: score=19.013298 loss=-0.244612 valid=1.0000 routes=16.665 grad=2.3686 seconds=125.2
Epoch 3988/5000: score=18.235597 loss=-0.245203 valid=1.0000 routes=15.812 grad=2.2486 seconds=126.3
Epoch 3989/5000: score=20.136680 loss=-0.240377 valid=1.0000 routes=18.465 grad=2.6514 seconds=125.0
Epoch 3990/5000: score=19.056695 loss=-0.235854 valid=1.0000 routes=17.433 grad=2.3852 seconds=125.5
Epoch 3991/5000: score=18.650075 loss=-0.252994 valid=1.0000 routes=16.229 grad=2.3056 seconds=126.0
Epoch 3992/5000: score=19.381849 loss=-0.242420 valid=1.0000 routes=16.754 grad=2.4247 seconds=125.6
Epoch 3993/5000: score=18.197039 loss=-0.241243 valid=1.0000 routes=15.729 grad=2.2198 seconds=124.4
Epoch 3994/5000: score=18.992368 loss=-0.243499 valid=1.0000 routes=16.672 grad=2.3701 seconds=123.7
Epoch 3995/5000: score=18.174630 loss=-0.242860 valid=1.0000 routes=15.390 grad=2.1564 seconds=123.7
>> Invalid instances, Re-generating ...
Epoch 3996/5000: score=19.366969 loss=-0.231182 valid=1.0000 routes=17.134 grad=2.4187 seconds=124.1
Epoch 3997/5000: score=19.013596 loss=-0.226251 valid=1.0000 routes=16.969 grad=2.3165 seconds=123.4
Epoch 3998/5000: score=18.148688 loss=-0.248383 valid=1.0000 routes=16.556 grad=2.2654 seconds=124.3
Epoch 3999/5000: score=19.329605 loss=-0.250056 valid=1.0000 routes=16.749 grad=2.5132 seconds=124.0
Epoch 4000/5000: score=18.831185 loss=-0.238643 valid=1.0000 routes=16.900 grad=2.3580 seconds=123.8
Epoch 4001/5000: score=18.923334 loss=-0.242703 valid=1.0000 routes=17.246 grad=2.4232 seconds=123.9
Epoch 4002/5000: score=18.720180 loss=-0.250829 valid=1.0000 routes=16.642 grad=2.4070 seconds=124.4
Epoch 4003/5000: score=18.851776 loss=-0.243483 valid=1.0000 routes=16.049 grad=2.3012 seconds=124.0
Epoch 4004/5000: score=18.264074 loss=-0.223653 valid=1.0000 routes=17.091 grad=2.2014 seconds=123.4
Epoch 4005/5000: score=19.093331 loss=-0.238403 valid=1.0000 routes=16.566 grad=2.4081 seconds=123.7
Epoch 4006/5000: score=17.693211 loss=-0.245450 valid=1.0000 routes=15.880 grad=2.1492 seconds=127.1
Epoch 4007/5000: score=17.790963 loss=-0.246999 valid=1.0000 routes=15.844 grad=2.2213 seconds=125.0
Epoch 4008/5000: score=18.391745 loss=-0.237379 valid=1.0000 routes=16.426 grad=2.2812 seconds=126.0
Epoch 4009/5000: score=17.823153 loss=-0.244525 valid=1.0000 routes=16.156 grad=2.1984 seconds=124.8
Epoch 4010/5000: score=19.546082 loss=-0.231552 valid=1.0000 routes=17.635 grad=2.4708 seconds=125.0
Epoch 4011/5000: score=19.366973 loss=-0.252346 valid=1.0000 routes=16.835 grad=2.4957 seconds=124.8
Epoch 4012/5000: score=19.497026 loss=-0.255114 valid=1.0000 routes=16.854 grad=2.4740 seconds=124.6
Epoch 4013/5000: score=18.899470 loss=-0.250473 valid=1.0000 routes=17.270 grad=2.3911 seconds=123.6
Epoch 4014/5000: score=18.040530 loss=-0.240460 valid=1.0000 routes=15.957 grad=2.1140 seconds=123.6
Epoch 4015/5000: score=18.405417 loss=-0.239547 valid=1.0000 routes=16.253 grad=2.1992 seconds=123.1
Epoch 4016/5000: score=17.902294 loss=-0.237247 valid=1.0000 routes=15.854 grad=2.1704 seconds=122.9
Epoch 4017/5000: score=18.063624 loss=-0.232170 valid=1.0000 routes=17.141 grad=2.2870 seconds=125.1
Epoch 4018/5000: score=19.057816 loss=-0.238885 valid=1.0000 routes=17.417 grad=2.4494 seconds=124.2
Epoch 4019/5000: score=19.107085 loss=-0.239314 valid=1.0000 routes=17.384 grad=2.4219 seconds=124.7
Epoch 4020/5000: score=19.016929 loss=-0.240272 valid=1.0000 routes=17.218 grad=2.4333 seconds=125.2
Epoch 4021/5000: score=18.348054 loss=-0.247091 valid=1.0000 routes=15.926 grad=2.2889 seconds=125.2
Epoch 4022/5000: score=18.356038 loss=-0.241466 valid=1.0000 routes=15.239 grad=2.2120 seconds=124.7
Epoch 4023/5000: score=18.474610 loss=-0.254181 valid=1.0000 routes=16.106 grad=2.3311 seconds=125.5
Epoch 4024/5000: score=17.984505 loss=-0.259194 valid=1.0000 routes=15.829 grad=2.2648 seconds=125.9
Epoch 4025/5000: score=19.135428 loss=-0.237228 valid=1.0000 routes=17.699 grad=2.3931 seconds=124.1
Epoch 4026/5000: score=19.283322 loss=-0.253084 valid=1.0000 routes=16.522 grad=2.4861 seconds=125.7
Epoch 4027/5000: score=19.653822 loss=-0.242307 valid=1.0000 routes=18.051 grad=2.6009 seconds=124.7
Epoch 4028/5000: score=19.951735 loss=-0.249802 valid=1.0000 routes=17.519 grad=2.6004 seconds=124.6
Epoch 4029/5000: score=18.056370 loss=-0.243218 valid=1.0000 routes=16.328 grad=2.2241 seconds=125.2
Epoch 4030/5000: score=18.112223 loss=-0.219001 valid=1.0000 routes=16.472 grad=2.1492 seconds=123.7
Epoch 4031/5000: score=18.505270 loss=-0.239055 valid=1.0000 routes=16.531 grad=2.3234 seconds=122.5
Epoch 4032/5000: score=18.620305 loss=-0.243365 valid=1.0000 routes=16.738 grad=2.3763 seconds=124.3
Epoch 4033/5000: score=17.339332 loss=-0.256716 valid=1.0000 routes=14.571 grad=2.1042 seconds=125.4
Epoch 4034/5000: score=19.255958 loss=-0.240321 valid=1.0000 routes=16.934 grad=2.4538 seconds=124.3
Epoch 4035/5000: score=19.292845 loss=-0.236897 valid=1.0000 routes=17.245 grad=2.3724 seconds=124.7
Epoch 4036/5000: score=18.335286 loss=-0.236357 valid=1.0000 routes=16.830 grad=2.2626 seconds=125.1
Epoch 4037/5000: score=18.541655 loss=-0.249085 valid=1.0000 routes=16.249 grad=2.2924 seconds=125.0
Epoch 4038/5000: score=19.236994 loss=-0.248081 valid=1.0000 routes=17.158 grad=2.4628 seconds=125.0
Epoch 4039/5000: score=18.882128 loss=-0.241259 valid=1.0000 routes=16.507 grad=2.3638 seconds=124.5
Epoch 4040/5000: score=18.425820 loss=-0.245089 valid=1.0000 routes=16.403 grad=2.2777 seconds=124.4
Epoch 4041/5000: score=18.500258 loss=-0.254097 valid=1.0000 routes=16.185 grad=2.3225 seconds=125.1
Epoch 4042/5000: score=18.418560 loss=-0.234041 valid=1.0000 routes=17.122 grad=2.2779 seconds=124.4
Epoch 4043/5000: score=18.509595 loss=-0.248503 valid=1.0000 routes=15.758 grad=2.3023 seconds=124.9
Epoch 4044/5000: score=19.291908 loss=-0.253315 valid=1.0000 routes=16.450 grad=2.4426 seconds=124.5
Epoch 4045/5000: score=18.413060 loss=-0.235936 valid=1.0000 routes=16.567 grad=2.2224 seconds=124.9
Epoch 4046/5000: score=18.582282 loss=-0.230520 valid=1.0000 routes=16.941 grad=2.3215 seconds=124.5
Epoch 4047/5000: score=20.229126 loss=-0.255275 valid=1.0000 routes=18.296 grad=2.7173 seconds=124.4
Epoch 4048/5000: score=18.902695 loss=-0.238257 valid=1.0000 routes=17.830 grad=2.4562 seconds=124.7
Epoch 4049/5000: score=18.473813 loss=-0.244145 valid=1.0000 routes=16.396 grad=2.2749 seconds=125.1
Epoch 4050/5000: score=18.715821 loss=-0.243675 valid=1.0000 routes=16.613 grad=2.3517 seconds=124.7
Epoch 4051/5000: score=18.918243 loss=-0.250371 valid=1.0000 routes=16.266 grad=2.4339 seconds=125.2
Epoch 4052/5000: score=17.588071 loss=-0.239255 valid=1.0000 routes=16.073 grad=2.0904 seconds=125.7
Epoch 4053/5000: score=18.537623 loss=-0.233084 valid=1.0000 routes=17.321 grad=2.2601 seconds=124.2
Epoch 4054/5000: score=18.685288 loss=-0.242108 valid=1.0000 routes=16.472 grad=2.3352 seconds=125.0
Epoch 4055/5000: score=18.633038 loss=-0.254011 valid=1.0000 routes=16.140 grad=2.3572 seconds=124.5
Epoch 4056/5000: score=17.745439 loss=-0.241247 valid=1.0000 routes=15.937 grad=2.1865 seconds=124.9
Epoch 4057/5000: score=19.473833 loss=-0.241373 valid=1.0000 routes=16.602 grad=2.5611 seconds=124.8
Epoch 4058/5000: score=18.763316 loss=-0.239010 valid=1.0000 routes=16.379 grad=2.3102 seconds=125.1
Epoch 4059/5000: score=19.660818 loss=-0.260192 valid=1.0000 routes=16.657 grad=2.6182 seconds=125.5
Epoch 4060/5000: score=19.024525 loss=-0.237023 valid=1.0000 routes=16.858 grad=2.4158 seconds=125.0
Epoch 4061/5000: score=19.130721 loss=-0.251203 valid=1.0000 routes=16.855 grad=2.4651 seconds=125.3
Epoch 4062/5000: score=19.427947 loss=-0.233120 valid=1.0000 routes=17.413 grad=2.4580 seconds=124.7
Epoch 4063/5000: score=19.082970 loss=-0.233333 valid=1.0000 routes=18.290 grad=2.4213 seconds=125.2
Epoch 4064/5000: score=19.497259 loss=-0.247866 valid=1.0000 routes=17.671 grad=2.5441 seconds=125.7
Epoch 4065/5000: score=19.355562 loss=-0.243830 valid=1.0000 routes=16.201 grad=2.4274 seconds=124.2
Epoch 4066/5000: score=19.034141 loss=-0.239780 valid=1.0000 routes=17.815 grad=2.4580 seconds=124.6
Epoch 4067/5000: score=17.075394 loss=-0.249109 valid=1.0000 routes=14.747 grad=2.0389 seconds=125.9
Epoch 4068/5000: score=18.789107 loss=-0.243752 valid=1.0000 routes=16.551 grad=2.3576 seconds=124.2
Epoch 4069/5000: score=17.537630 loss=-0.236354 valid=1.0000 routes=15.477 grad=2.0748 seconds=124.6
Epoch 4070/5000: score=18.773116 loss=-0.235904 valid=1.0000 routes=16.836 grad=2.3360 seconds=124.0
Epoch 4071/5000: score=19.167921 loss=-0.235664 valid=1.0000 routes=16.435 grad=2.3404 seconds=125.1
Epoch 4072/5000: score=19.507537 loss=-0.248914 valid=1.0000 routes=17.148 grad=2.5184 seconds=125.4
Epoch 4073/5000: score=19.505463 loss=-0.259616 valid=1.0000 routes=18.201 grad=2.5815 seconds=124.7
Epoch 4074/5000: score=18.311794 loss=-0.231943 valid=1.0000 routes=17.148 grad=2.2127 seconds=124.2
Epoch 4075/5000: score=18.460401 loss=-0.236399 valid=1.0000 routes=16.474 grad=2.2390 seconds=124.4
Epoch 4076/5000: score=19.405358 loss=-0.224350 valid=1.0000 routes=17.470 grad=2.4163 seconds=124.5
Epoch 4077/5000: score=18.523940 loss=-0.242560 valid=1.0000 routes=16.555 grad=2.3401 seconds=124.6
Epoch 4078/5000: score=19.553314 loss=-0.247117 valid=1.0000 routes=17.160 grad=2.4632 seconds=125.0
Epoch 4079/5000: score=19.627327 loss=-0.259993 valid=1.0000 routes=17.640 grad=2.5786 seconds=124.8
Epoch 4080/5000: score=17.248373 loss=-0.256915 valid=1.0000 routes=14.116 grad=2.0414 seconds=124.4
Epoch 4081/5000: score=18.605692 loss=-0.243320 valid=1.0000 routes=16.604 grad=2.3482 seconds=124.3
Epoch 4082/5000: score=19.406944 loss=-0.241091 valid=1.0000 routes=16.804 grad=2.4572 seconds=124.7
Epoch 4083/5000: score=19.389044 loss=-0.235882 valid=1.0000 routes=16.929 grad=2.4875 seconds=124.3
Epoch 4084/5000: score=19.340051 loss=-0.245961 valid=1.0000 routes=17.067 grad=2.5248 seconds=124.8
Epoch 4085/5000: score=19.892468 loss=-0.252132 valid=1.0000 routes=17.823 grad=2.5566 seconds=125.5
Epoch 4086/5000: score=17.400318 loss=-0.240564 valid=1.0000 routes=15.140 grad=1.9771 seconds=124.2
Epoch 4087/5000: score=17.452937 loss=-0.237056 valid=1.0000 routes=15.405 grad=2.0164 seconds=124.5
Epoch 4088/5000: score=19.879883 loss=-0.251700 valid=1.0000 routes=17.347 grad=2.6117 seconds=124.6
Epoch 4089/5000: score=19.198481 loss=-0.242347 valid=1.0000 routes=17.212 grad=2.4368 seconds=125.3
Epoch 4090/5000: score=18.961501 loss=-0.250936 valid=1.0000 routes=16.719 grad=2.3642 seconds=125.3
Epoch 4091/5000: score=19.479703 loss=-0.244670 valid=1.0000 routes=17.628 grad=2.5016 seconds=125.3
Epoch 4092/5000: score=18.613297 loss=-0.242779 valid=1.0000 routes=16.617 grad=2.2622 seconds=125.4
Epoch 4093/5000: score=19.083366 loss=-0.246363 valid=1.0000 routes=16.928 grad=2.3844 seconds=124.7
Epoch 4094/5000: score=19.228970 loss=-0.246049 valid=1.0000 routes=16.396 grad=2.4120 seconds=125.1
Epoch 4095/5000: score=18.657007 loss=-0.251027 valid=1.0000 routes=15.927 grad=2.3197 seconds=125.8
Epoch 4096/5000: score=18.551223 loss=-0.245572 valid=1.0000 routes=16.653 grad=2.3481 seconds=125.8
>> Invalid instances, Re-generating ...
Epoch 4097/5000: score=19.196502 loss=-0.232811 valid=1.0000 routes=17.656 grad=2.4209 seconds=125.2
Epoch 4098/5000: score=18.955544 loss=-0.238954 valid=1.0000 routes=17.519 grad=2.4739 seconds=125.2
Epoch 4099/5000: score=19.264341 loss=-0.240664 valid=1.0000 routes=17.127 grad=2.5029 seconds=125.0
Epoch 4100/5000: score=18.750266 loss=-0.251332 valid=1.0000 routes=16.854 grad=2.4172 seconds=124.2
Epoch 4101/5000: score=18.991604 loss=-0.243458 valid=1.0000 routes=17.106 grad=2.4114 seconds=123.2
Epoch 4102/5000: score=18.232447 loss=-0.232219 valid=1.0000 routes=16.061 grad=2.2093 seconds=123.6
Epoch 4103/5000: score=18.949960 loss=-0.239468 valid=1.0000 routes=17.005 grad=2.3729 seconds=123.7
Epoch 4104/5000: score=18.483685 loss=-0.236829 valid=1.0000 routes=15.740 grad=2.2431 seconds=124.0
Epoch 4105/5000: score=18.819583 loss=-0.232564 valid=1.0000 routes=16.104 grad=2.2350 seconds=124.6
Epoch 4106/5000: score=18.022182 loss=-0.237961 valid=1.0000 routes=16.029 grad=2.1777 seconds=125.3
Epoch 4107/5000: score=18.875338 loss=-0.235956 valid=1.0000 routes=16.080 grad=2.3242 seconds=123.8
Epoch 4108/5000: score=19.239157 loss=-0.242899 valid=1.0000 routes=17.002 grad=2.4323 seconds=123.8
Epoch 4109/5000: score=18.883987 loss=-0.246334 valid=1.0000 routes=16.954 grad=2.3879 seconds=123.4
Epoch 4110/5000: score=19.077783 loss=-0.247725 valid=1.0000 routes=16.080 grad=2.3716 seconds=123.8
Epoch 4111/5000: score=18.851818 loss=-0.240762 valid=1.0000 routes=17.284 grad=2.3583 seconds=124.0
Epoch 4112/5000: score=19.270643 loss=-0.233974 valid=1.0000 routes=17.768 grad=2.5077 seconds=124.4
Epoch 4113/5000: score=18.621519 loss=-0.240898 valid=1.0000 routes=16.297 grad=2.3417 seconds=124.1
Epoch 4114/5000: score=19.419149 loss=-0.246828 valid=1.0000 routes=17.051 grad=2.4808 seconds=124.0
Epoch 4115/5000: score=18.354002 loss=-0.239410 valid=1.0000 routes=15.994 grad=2.2017 seconds=124.6
Epoch 4116/5000: score=17.668419 loss=-0.234288 valid=1.0000 routes=15.529 grad=2.0444 seconds=124.6
Epoch 4117/5000: score=18.442421 loss=-0.233223 valid=1.0000 routes=16.482 grad=2.2890 seconds=124.2
Epoch 4118/5000: score=18.709198 loss=-0.236935 valid=1.0000 routes=17.117 grad=2.3325 seconds=124.6
Epoch 4119/5000: score=19.279622 loss=-0.269110 valid=1.0000 routes=17.071 grad=2.5662 seconds=124.5
Epoch 4120/5000: score=18.916869 loss=-0.241305 valid=1.0000 routes=17.082 grad=2.4210 seconds=123.9
Epoch 4121/5000: score=18.803993 loss=-0.238533 valid=1.0000 routes=16.922 grad=2.3336 seconds=124.3
Epoch 4122/5000: score=18.279548 loss=-0.244572 valid=1.0000 routes=15.945 grad=2.2567 seconds=125.0
Epoch 4123/5000: score=18.507463 loss=-0.240265 valid=1.0000 routes=16.338 grad=2.3363 seconds=124.6
Epoch 4124/5000: score=18.562792 loss=-0.246298 valid=1.0000 routes=15.608 grad=2.3803 seconds=125.2
Epoch 4125/5000: score=18.757386 loss=-0.244605 valid=1.0000 routes=17.586 grad=2.3954 seconds=123.7
Epoch 4126/5000: score=18.988585 loss=-0.257272 valid=1.0000 routes=15.482 grad=2.3746 seconds=124.8
Epoch 4127/5000: score=17.860058 loss=-0.238282 valid=1.0000 routes=16.448 grad=2.1883 seconds=125.1
Epoch 4128/5000: score=18.458077 loss=-0.253462 valid=1.0000 routes=15.866 grad=2.2993 seconds=124.6
Epoch 4129/5000: score=19.097715 loss=-0.250528 valid=1.0000 routes=16.977 grad=2.4380 seconds=125.5
Epoch 4130/5000: score=18.746156 loss=-0.230913 valid=1.0000 routes=17.020 grad=2.2868 seconds=124.8
Epoch 4131/5000: score=19.617490 loss=-0.244615 valid=1.0000 routes=18.263 grad=2.5951 seconds=125.1
Epoch 4132/5000: score=19.334867 loss=-0.232592 valid=1.0000 routes=17.648 grad=2.4162 seconds=124.9
Epoch 4133/5000: score=19.048508 loss=-0.231361 valid=1.0000 routes=17.724 grad=2.4318 seconds=126.1
Epoch 4134/5000: score=18.622120 loss=-0.248652 valid=1.0000 routes=15.988 grad=2.3354 seconds=127.3
Epoch 4135/5000: score=18.949967 loss=-0.238848 valid=1.0000 routes=16.028 grad=2.2872 seconds=126.7
Epoch 4136/5000: score=18.684730 loss=-0.244433 valid=1.0000 routes=16.096 grad=2.3228 seconds=127.4
Epoch 4137/5000: score=19.120978 loss=-0.233019 valid=1.0000 routes=15.942 grad=2.2931 seconds=126.8
Epoch 4138/5000: score=18.741374 loss=-0.242669 valid=1.0000 routes=16.855 grad=2.3869 seconds=127.2
Epoch 4139/5000: score=17.980347 loss=-0.224623 valid=1.0000 routes=16.834 grad=2.1555 seconds=131.9
Epoch 4140/5000: score=18.798329 loss=-0.246925 valid=1.0000 routes=16.503 grad=2.3495 seconds=132.4
Epoch 4141/5000: score=18.979110 loss=-0.234840 valid=1.0000 routes=17.393 grad=2.4143 seconds=132.9
Epoch 4142/5000: score=18.167131 loss=-0.242085 valid=1.0000 routes=15.226 grad=2.1644 seconds=132.5
Epoch 4143/5000: score=18.775825 loss=-0.237821 valid=1.0000 routes=16.828 grad=2.3463 seconds=133.2
Epoch 4144/5000: score=17.671611 loss=-0.235306 valid=1.0000 routes=16.409 grad=2.1144 seconds=133.2
Epoch 4145/5000: score=18.809710 loss=-0.241984 valid=1.0000 routes=17.184 grad=2.3555 seconds=131.8
Epoch 4146/5000: score=18.617297 loss=-0.231708 valid=1.0000 routes=16.925 grad=2.2828 seconds=125.0
Epoch 4147/5000: score=19.681120 loss=-0.220639 valid=1.0000 routes=18.030 grad=2.5048 seconds=124.9
Epoch 4148/5000: score=18.701060 loss=-0.229288 valid=1.0000 routes=17.029 grad=2.2845 seconds=125.4
Epoch 4149/5000: score=17.290723 loss=-0.221339 valid=1.0000 routes=15.930 grad=1.9794 seconds=125.3
Epoch 4150/5000: score=18.635174 loss=-0.235023 valid=1.0000 routes=16.643 grad=2.3136 seconds=125.0
Epoch 4151/5000: score=18.429294 loss=-0.241117 valid=1.0000 routes=17.253 grad=2.3137 seconds=125.9
Epoch 4152/5000: score=18.695154 loss=-0.236452 valid=1.0000 routes=16.541 grad=2.3115 seconds=125.6
Epoch 4153/5000: score=19.081958 loss=-0.226578 valid=1.0000 routes=17.168 grad=2.2847 seconds=125.0
Epoch 4154/5000: score=18.886160 loss=-0.219967 valid=1.0000 routes=16.430 grad=2.1916 seconds=124.8
Epoch 4155/5000: score=18.070994 loss=-0.226818 valid=1.0000 routes=15.697 grad=2.1378 seconds=124.0
Epoch 4156/5000: score=18.684300 loss=-0.244913 valid=1.0000 routes=16.080 grad=2.3494 seconds=124.8
Epoch 4157/5000: score=18.923069 loss=-0.246375 valid=1.0000 routes=17.228 grad=2.4231 seconds=125.0
Epoch 4158/5000: score=19.101222 loss=-0.228723 valid=1.0000 routes=17.221 grad=2.3344 seconds=124.4
Epoch 4159/5000: score=19.308305 loss=-0.237113 valid=1.0000 routes=17.356 grad=2.4550 seconds=126.7
Epoch 4160/5000: score=18.885217 loss=-0.232495 valid=1.0000 routes=17.297 grad=2.3657 seconds=125.2
Epoch 4161/5000: score=19.243749 loss=-0.236756 valid=1.0000 routes=17.418 grad=2.4291 seconds=124.8
Epoch 4162/5000: score=18.282123 loss=-0.233498 valid=1.0000 routes=16.180 grad=2.1638 seconds=124.6
Epoch 4163/5000: score=20.166123 loss=-0.242305 valid=1.0000 routes=17.416 grad=2.6410 seconds=123.3
Epoch 4164/5000: score=20.056496 loss=-0.234879 valid=1.0000 routes=17.996 grad=2.5761 seconds=124.3
>> Invalid instances, Re-generating ...
Epoch 4165/5000: score=19.125028 loss=-0.244266 valid=1.0000 routes=16.476 grad=2.3982 seconds=124.6
Epoch 4166/5000: score=18.816434 loss=-0.235552 valid=1.0000 routes=16.389 grad=2.3616 seconds=125.4
Epoch 4167/5000: score=18.531069 loss=-0.236364 valid=1.0000 routes=16.479 grad=2.2304 seconds=124.8
Epoch 4168/5000: score=18.795933 loss=-0.227824 valid=1.0000 routes=16.373 grad=2.2898 seconds=124.7
Epoch 4169/5000: score=19.435439 loss=-0.236643 valid=1.0000 routes=17.850 grad=2.4907 seconds=124.6
Epoch 4170/5000: score=18.644455 loss=-0.229840 valid=1.0000 routes=16.537 grad=2.2900 seconds=129.5
Epoch 4171/5000: score=19.089848 loss=-0.237939 valid=1.0000 routes=17.067 grad=2.3950 seconds=130.8
Epoch 4172/5000: score=19.395503 loss=-0.237975 valid=1.0000 routes=16.820 grad=2.4537 seconds=130.0
Epoch 4173/5000: score=17.855778 loss=-0.244386 valid=1.0000 routes=15.451 grad=2.1231 seconds=130.1
Epoch 4174/5000: score=17.849585 loss=-0.245027 valid=1.0000 routes=15.959 grad=2.1945 seconds=130.0
Epoch 4175/5000: score=20.233626 loss=-0.240501 valid=1.0000 routes=17.705 grad=2.6234 seconds=129.9
Epoch 4176/5000: score=16.803296 loss=-0.239772 valid=1.0000 routes=14.385 grad=1.9434 seconds=130.2
Epoch 4177/5000: score=18.404302 loss=-0.252444 valid=1.0000 routes=15.961 grad=2.3219 seconds=130.1
Epoch 4178/5000: score=17.995146 loss=-0.246279 valid=1.0000 routes=16.427 grad=2.2337 seconds=129.4
Epoch 4179/5000: score=19.206763 loss=-0.250815 valid=1.0000 routes=17.515 grad=2.4922 seconds=131.0
Epoch 4180/5000: score=19.899512 loss=-0.240496 valid=1.0000 routes=17.390 grad=2.5401 seconds=130.3
Epoch 4181/5000: score=19.524232 loss=-0.247851 valid=1.0000 routes=17.026 grad=2.5184 seconds=130.8
Epoch 4182/5000: score=18.792527 loss=-0.230096 valid=1.0000 routes=16.561 grad=2.3091 seconds=131.4
Epoch 4183/5000: score=18.836391 loss=-0.235052 valid=1.0000 routes=16.966 grad=2.3449 seconds=131.7
Epoch 4184/5000: score=19.033511 loss=-0.240922 valid=1.0000 routes=17.533 grad=2.4872 seconds=128.2
Epoch 4185/5000: score=18.855918 loss=-0.231824 valid=1.0000 routes=17.335 grad=2.3053 seconds=125.3
Epoch 4186/5000: score=20.297829 loss=-0.246366 valid=1.0000 routes=17.788 grad=2.6211 seconds=125.7
Epoch 4187/5000: score=17.871809 loss=-0.236392 valid=1.0000 routes=15.880 grad=2.1384 seconds=125.4
Epoch 4188/5000: score=18.915108 loss=-0.229991 valid=1.0000 routes=16.830 grad=2.3042 seconds=125.4
Epoch 4189/5000: score=17.224465 loss=-0.234242 valid=1.0000 routes=15.151 grad=1.9213 seconds=125.0
Epoch 4190/5000: score=18.731856 loss=-0.245921 valid=1.0000 routes=16.694 grad=2.3966 seconds=125.6
Epoch 4191/5000: score=18.940611 loss=-0.248348 valid=1.0000 routes=16.985 grad=2.4125 seconds=125.4
Epoch 4192/5000: score=18.305662 loss=-0.241343 valid=1.0000 routes=15.809 grad=2.2452 seconds=125.7
Epoch 4193/5000: score=18.887645 loss=-0.225826 valid=1.0000 routes=17.479 grad=2.3841 seconds=123.8
Epoch 4194/5000: score=18.821530 loss=-0.237467 valid=1.0000 routes=17.509 grad=2.3732 seconds=125.0
Epoch 4195/5000: score=18.594825 loss=-0.231328 valid=1.0000 routes=16.699 grad=2.3437 seconds=123.9
Epoch 4196/5000: score=19.449786 loss=-0.245285 valid=1.0000 routes=17.758 grad=2.5324 seconds=124.1
Epoch 4197/5000: score=18.246514 loss=-0.223067 valid=1.0000 routes=16.607 grad=2.2070 seconds=123.6
Epoch 4198/5000: score=18.846914 loss=-0.230815 valid=1.0000 routes=16.763 grad=2.3417 seconds=124.5
Epoch 4199/5000: score=18.507759 loss=-0.244571 valid=1.0000 routes=16.728 grad=2.3221 seconds=124.3
Epoch 4200/5000: score=18.121774 loss=-0.232423 valid=1.0000 routes=16.510 grad=2.2131 seconds=125.0
Epoch 4201/5000: score=18.981596 loss=-0.239577 valid=1.0000 routes=16.844 grad=2.3679 seconds=124.7
Epoch 4202/5000: score=18.322839 loss=-0.236399 valid=1.0000 routes=16.432 grad=2.2437 seconds=124.9
Epoch 4203/5000: score=19.074610 loss=-0.226641 valid=1.0000 routes=16.788 grad=2.3581 seconds=124.4
Epoch 4204/5000: score=18.875955 loss=-0.238481 valid=1.0000 routes=16.752 grad=2.3906 seconds=124.1
Epoch 4205/5000: score=18.745922 loss=-0.247817 valid=1.0000 routes=16.464 grad=2.3484 seconds=124.0
Epoch 4206/5000: score=18.229920 loss=-0.250946 valid=1.0000 routes=16.131 grad=2.2255 seconds=124.6
Epoch 4207/5000: score=19.525853 loss=-0.239836 valid=1.0000 routes=17.391 grad=2.4324 seconds=123.5
Epoch 4208/5000: score=18.523968 loss=-0.236653 valid=1.0000 routes=16.689 grad=2.2994 seconds=124.0
Epoch 4209/5000: score=19.266741 loss=-0.236316 valid=1.0000 routes=17.228 grad=2.4480 seconds=124.1
Epoch 4210/5000: score=19.686083 loss=-0.228027 valid=1.0000 routes=17.300 grad=2.5062 seconds=124.0
Epoch 4211/5000: score=18.317092 loss=-0.236824 valid=1.0000 routes=15.544 grad=2.1800 seconds=124.3
Epoch 4212/5000: score=18.716083 loss=-0.237633 valid=1.0000 routes=17.073 grad=2.3465 seconds=124.7
Epoch 4213/5000: score=18.608849 loss=-0.245322 valid=1.0000 routes=16.356 grad=2.3052 seconds=123.7
Epoch 4214/5000: score=20.091463 loss=-0.239823 valid=1.0000 routes=17.408 grad=2.6005 seconds=123.6
Epoch 4215/5000: score=18.677510 loss=-0.244825 valid=1.0000 routes=16.167 grad=2.3547 seconds=124.0
Epoch 4216/5000: score=18.789565 loss=-0.251423 valid=1.0000 routes=16.907 grad=2.4327 seconds=125.0
Epoch 4217/5000: score=19.845200 loss=-0.247804 valid=1.0000 routes=17.366 grad=2.5944 seconds=124.3
Epoch 4218/5000: score=18.598488 loss=-0.255013 valid=1.0000 routes=16.790 grad=2.3450 seconds=123.9
Epoch 4219/5000: score=20.087584 loss=-0.226991 valid=1.0000 routes=18.433 grad=2.5532 seconds=124.1
Epoch 4220/5000: score=18.538347 loss=-0.248319 valid=1.0000 routes=15.768 grad=2.2928 seconds=125.6
Epoch 4221/5000: score=18.778472 loss=-0.226242 valid=1.0000 routes=16.372 grad=2.2362 seconds=124.7
Epoch 4222/5000: score=19.168538 loss=-0.235215 valid=1.0000 routes=16.709 grad=2.3602 seconds=124.2
Epoch 4223/5000: score=18.549218 loss=-0.223236 valid=1.0000 routes=16.414 grad=2.2321 seconds=125.2
Epoch 4224/5000: score=19.326658 loss=-0.230616 valid=1.0000 routes=17.324 grad=2.4060 seconds=124.6
Epoch 4225/5000: score=17.867883 loss=-0.230718 valid=1.0000 routes=15.679 grad=2.1643 seconds=124.8
Epoch 4226/5000: score=19.589187 loss=-0.238174 valid=1.0000 routes=17.220 grad=2.4854 seconds=124.4
Epoch 4227/5000: score=18.462298 loss=-0.230118 valid=1.0000 routes=16.344 grad=2.2162 seconds=123.5
Epoch 4228/5000: score=18.065090 loss=-0.259843 valid=1.0000 routes=15.609 grad=2.2674 seconds=124.5
Epoch 4229/5000: score=18.723298 loss=-0.244085 valid=1.0000 routes=16.333 grad=2.3017 seconds=124.0
Epoch 4230/5000: score=18.382813 loss=-0.235465 valid=1.0000 routes=15.506 grad=2.2019 seconds=124.2
Epoch 4231/5000: score=18.827149 loss=-0.233942 valid=1.0000 routes=17.116 grad=2.3627 seconds=124.5
Epoch 4232/5000: score=19.073414 loss=-0.240645 valid=1.0000 routes=16.909 grad=2.3713 seconds=124.7
Epoch 4233/5000: score=19.598397 loss=-0.249907 valid=1.0000 routes=17.457 grad=2.5788 seconds=125.0
Epoch 4234/5000: score=18.789179 loss=-0.246435 valid=1.0000 routes=15.911 grad=2.2933 seconds=124.5
Epoch 4235/5000: score=18.426162 loss=-0.229436 valid=1.0000 routes=16.515 grad=2.1934 seconds=123.8
Epoch 4236/5000: score=18.659436 loss=-0.224305 valid=1.0000 routes=17.278 grad=2.2770 seconds=124.3
Epoch 4237/5000: score=18.557290 loss=-0.243791 valid=1.0000 routes=16.838 grad=2.3619 seconds=124.9
Epoch 4238/5000: score=18.452951 loss=-0.245394 valid=1.0000 routes=16.119 grad=2.2553 seconds=124.5
Epoch 4239/5000: score=19.168371 loss=-0.245873 valid=1.0000 routes=17.595 grad=2.5183 seconds=125.1
Epoch 4240/5000: score=18.747035 loss=-0.237176 valid=1.0000 routes=17.483 grad=2.3840 seconds=125.1
Epoch 4241/5000: score=18.755614 loss=-0.245769 valid=1.0000 routes=17.123 grad=2.3997 seconds=125.0
Epoch 4242/5000: score=19.845582 loss=-0.242235 valid=1.0000 routes=18.248 grad=2.6218 seconds=124.8
Epoch 4243/5000: score=18.566481 loss=-0.225558 valid=1.0000 routes=17.460 grad=2.3202 seconds=124.3
Epoch 4244/5000: score=19.764947 loss=-0.238898 valid=1.0000 routes=17.198 grad=2.5115 seconds=124.4
Epoch 4245/5000: score=19.174379 loss=-0.252023 valid=1.0000 routes=16.863 grad=2.4776 seconds=124.2
Epoch 4246/5000: score=18.026813 loss=-0.247276 valid=1.0000 routes=16.290 grad=2.2418 seconds=123.1
Epoch 4247/5000: score=19.222828 loss=-0.242620 valid=1.0000 routes=16.279 grad=2.3909 seconds=124.0
Epoch 4248/5000: score=18.064035 loss=-0.236740 valid=1.0000 routes=16.052 grad=2.1508 seconds=124.5
Epoch 4249/5000: score=18.946011 loss=-0.237810 valid=1.0000 routes=16.823 grad=2.3689 seconds=123.9
Epoch 4250/5000: score=18.569289 loss=-0.232273 valid=1.0000 routes=16.424 grad=2.2425 seconds=123.7
>> Invalid instances, Re-generating ...
Epoch 4251/5000: score=19.169797 loss=-0.247759 valid=1.0000 routes=17.202 grad=2.4982 seconds=124.5
Epoch 4252/5000: score=18.307821 loss=-0.236540 valid=1.0000 routes=16.301 grad=2.2423 seconds=124.2
Epoch 4253/5000: score=19.227437 loss=-0.249368 valid=1.0000 routes=16.646 grad=2.4925 seconds=124.4
Epoch 4254/5000: score=20.078842 loss=-0.250784 valid=1.0000 routes=17.838 grad=2.6391 seconds=124.4
Epoch 4255/5000: score=19.084738 loss=-0.231834 valid=1.0000 routes=16.946 grad=2.3611 seconds=123.8
>> Invalid instances, Re-generating ...
Epoch 4256/5000: score=19.840125 loss=-0.245742 valid=1.0000 routes=16.668 grad=2.4980 seconds=123.7
Epoch 4257/5000: score=18.224543 loss=-0.247101 valid=1.0000 routes=16.238 grad=2.2763 seconds=125.0
Epoch 4258/5000: score=17.719950 loss=-0.238788 valid=1.0000 routes=16.656 grad=2.2106 seconds=125.5
Epoch 4259/5000: score=19.372197 loss=-0.238269 valid=1.0000 routes=17.671 grad=2.4685 seconds=124.8
Epoch 4260/5000: score=17.587095 loss=-0.232454 valid=1.0000 routes=16.183 grad=2.1178 seconds=124.6
Epoch 4261/5000: score=18.956806 loss=-0.228680 valid=1.0000 routes=16.912 grad=2.3612 seconds=124.3
Epoch 4262/5000: score=18.730077 loss=-0.226532 valid=1.0000 routes=17.333 grad=2.3346 seconds=124.4
Epoch 4263/5000: score=19.122047 loss=-0.247207 valid=1.0000 routes=15.854 grad=2.3563 seconds=123.7
Epoch 4264/5000: score=18.602540 loss=-0.255494 valid=1.0000 routes=16.307 grad=2.3998 seconds=124.7
Epoch 4265/5000: score=19.564336 loss=-0.236468 valid=1.0000 routes=18.247 grad=2.5056 seconds=124.4
Epoch 4266/5000: score=17.847774 loss=-0.241492 valid=1.0000 routes=15.952 grad=2.1106 seconds=124.2
Epoch 4267/5000: score=19.997222 loss=-0.244637 valid=1.0000 routes=17.875 grad=2.5960 seconds=124.3
Epoch 4268/5000: score=18.294841 loss=-0.239738 valid=1.0000 routes=16.373 grad=2.2987 seconds=123.8
Epoch 4269/5000: score=18.367774 loss=-0.236814 valid=1.0000 routes=17.250 grad=2.3131 seconds=124.1
Epoch 4270/5000: score=20.269133 loss=-0.232822 valid=1.0000 routes=18.918 grad=2.7033 seconds=124.4
Epoch 4271/5000: score=19.412333 loss=-0.248621 valid=1.0000 routes=17.505 grad=2.5722 seconds=124.3
Epoch 4272/5000: score=18.636114 loss=-0.234769 valid=1.0000 routes=17.430 grad=2.3481 seconds=124.5
Epoch 4273/5000: score=19.397500 loss=-0.239758 valid=1.0000 routes=18.576 grad=2.5260 seconds=124.9
Epoch 4274/5000: score=18.938018 loss=-0.247966 valid=1.0000 routes=17.086 grad=2.4306 seconds=124.6
Epoch 4275/5000: score=18.881150 loss=-0.235246 valid=1.0000 routes=16.751 grad=2.3157 seconds=123.8
Epoch 4276/5000: score=18.257412 loss=-0.233198 valid=1.0000 routes=16.053 grad=2.2199 seconds=124.1
Epoch 4277/5000: score=20.233659 loss=-0.231358 valid=1.0000 routes=17.989 grad=2.6500 seconds=124.3
Epoch 4278/5000: score=18.588958 loss=-0.235989 valid=1.0000 routes=16.562 grad=2.2491 seconds=124.5
Epoch 4279/5000: score=18.329616 loss=-0.233738 valid=1.0000 routes=16.737 grad=2.2734 seconds=125.8
Epoch 4280/5000: score=18.099938 loss=-0.241520 valid=1.0000 routes=16.354 grad=2.2591 seconds=123.1
Epoch 4281/5000: score=18.293282 loss=-0.229018 valid=1.0000 routes=17.061 grad=2.2613 seconds=124.1
Epoch 4282/5000: score=18.742257 loss=-0.246069 valid=1.0000 routes=16.292 grad=2.3400 seconds=123.9
>> Invalid instances, Re-generating ...
Epoch 4283/5000: score=19.198848 loss=-0.239179 valid=1.0000 routes=16.982 grad=2.3718 seconds=123.9
Epoch 4284/5000: score=19.008330 loss=-0.243160 valid=1.0000 routes=16.414 grad=2.3468 seconds=122.3
Epoch 4285/5000: score=18.697355 loss=-0.234553 valid=1.0000 routes=17.076 grad=2.3240 seconds=122.6
Epoch 4286/5000: score=18.700564 loss=-0.230488 valid=1.0000 routes=16.118 grad=2.2826 seconds=124.5
Epoch 4287/5000: score=18.677842 loss=-0.226584 valid=1.0000 routes=16.006 grad=2.2376 seconds=124.9
Epoch 4288/5000: score=18.830486 loss=-0.232028 valid=1.0000 routes=17.100 grad=2.3483 seconds=124.8
Epoch 4289/5000: score=18.725584 loss=-0.242778 valid=1.0000 routes=15.904 grad=2.2791 seconds=124.1
Epoch 4290/5000: score=19.138417 loss=-0.237832 valid=1.0000 routes=16.894 grad=2.4417 seconds=124.6
Epoch 4291/5000: score=19.991444 loss=-0.240755 valid=1.0000 routes=17.540 grad=2.5655 seconds=124.9
>> Invalid instances, Re-generating ...
Epoch 4292/5000: score=19.963846 loss=-0.230481 valid=1.0000 routes=18.416 grad=2.6286 seconds=124.6
Epoch 4293/5000: score=18.543789 loss=-0.241245 valid=1.0000 routes=15.756 grad=2.2279 seconds=124.7
Epoch 4294/5000: score=19.280582 loss=-0.247188 valid=1.0000 routes=17.498 grad=2.4976 seconds=124.5
Epoch 4295/5000: score=17.980502 loss=-0.232833 valid=1.0000 routes=16.439 grad=2.2367 seconds=124.0
Epoch 4296/5000: score=18.512414 loss=-0.242836 valid=1.0000 routes=15.835 grad=2.2431 seconds=123.9
Epoch 4297/5000: score=17.855708 loss=-0.233586 valid=1.0000 routes=15.695 grad=2.0772 seconds=124.1
Epoch 4298/5000: score=18.996052 loss=-0.246976 valid=1.0000 routes=16.500 grad=2.3998 seconds=124.5
Epoch 4299/5000: score=18.672000 loss=-0.230049 valid=1.0000 routes=16.460 grad=2.2362 seconds=124.4
Epoch 4300/5000: score=18.862856 loss=-0.231426 valid=1.0000 routes=17.464 grad=2.3667 seconds=124.5
Epoch 4301/5000: score=19.415027 loss=-0.246340 valid=1.0000 routes=17.376 grad=2.5848 seconds=124.8
Epoch 4302/5000: score=19.364684 loss=-0.250086 valid=1.0000 routes=17.501 grad=2.5005 seconds=124.9
Epoch 4303/5000: score=19.421787 loss=-0.235079 valid=1.0000 routes=17.178 grad=2.4363 seconds=123.8
Epoch 4304/5000: score=18.980049 loss=-0.235480 valid=1.0000 routes=16.834 grad=2.3668 seconds=124.2
Epoch 4305/5000: score=17.779303 loss=-0.246211 valid=1.0000 routes=15.065 grad=2.1069 seconds=124.4
Epoch 4306/5000: score=19.854702 loss=-0.247355 valid=1.0000 routes=17.601 grad=2.6381 seconds=124.6
Epoch 4307/5000: score=18.718130 loss=-0.221505 valid=1.0000 routes=16.377 grad=2.2075 seconds=124.0
Epoch 4308/5000: score=18.741307 loss=-0.238999 valid=1.0000 routes=16.898 grad=2.3375 seconds=124.7
Epoch 4309/5000: score=19.483789 loss=-0.229892 valid=1.0000 routes=17.273 grad=2.4288 seconds=123.9
Epoch 4310/5000: score=18.784011 loss=-0.235864 valid=1.0000 routes=16.480 grad=2.3463 seconds=124.5
Epoch 4311/5000: score=18.198579 loss=-0.249601 valid=1.0000 routes=15.791 grad=2.2848 seconds=125.3
Epoch 4312/5000: score=19.382102 loss=-0.234619 valid=1.0000 routes=17.367 grad=2.4119 seconds=124.7
Epoch 4313/5000: score=18.946540 loss=-0.230272 valid=1.0000 routes=16.874 grad=2.3321 seconds=124.3
Epoch 4314/5000: score=18.747010 loss=-0.240031 valid=1.0000 routes=17.467 grad=2.3678 seconds=124.5
Epoch 4315/5000: score=18.184258 loss=-0.229898 valid=1.0000 routes=16.191 grad=2.1240 seconds=123.8
Epoch 4316/5000: score=18.914579 loss=-0.239734 valid=1.0000 routes=15.854 grad=2.2753 seconds=123.8
Epoch 4317/5000: score=19.766494 loss=-0.230062 valid=1.0000 routes=18.315 grad=2.5547 seconds=123.8
Epoch 4318/5000: score=19.749092 loss=-0.240648 valid=1.0000 routes=17.671 grad=2.5466 seconds=124.2
Epoch 4319/5000: score=19.039399 loss=-0.237931 valid=1.0000 routes=16.850 grad=2.3933 seconds=124.7
Epoch 4320/5000: score=19.539533 loss=-0.239706 valid=1.0000 routes=17.505 grad=2.4513 seconds=124.9
Epoch 4321/5000: score=19.000455 loss=-0.231732 valid=1.0000 routes=18.268 grad=2.4836 seconds=124.3
Epoch 4322/5000: score=18.560355 loss=-0.251972 valid=1.0000 routes=15.443 grad=2.2834 seconds=124.4
Epoch 4323/5000: score=19.352435 loss=-0.238591 valid=1.0000 routes=17.385 grad=2.4278 seconds=124.4
Epoch 4324/5000: score=18.868258 loss=-0.242414 valid=1.0000 routes=17.107 grad=2.3140 seconds=124.6
Epoch 4325/5000: score=18.306201 loss=-0.248601 valid=1.0000 routes=15.955 grad=2.2589 seconds=125.0
Epoch 4326/5000: score=18.541672 loss=-0.242769 valid=1.0000 routes=16.345 grad=2.2409 seconds=124.7
Epoch 4327/5000: score=18.658046 loss=-0.230493 valid=1.0000 routes=16.515 grad=2.2602 seconds=124.1
Epoch 4328/5000: score=20.257563 loss=-0.232865 valid=1.0000 routes=17.845 grad=2.5676 seconds=124.3
Epoch 4329/5000: score=18.772606 loss=-0.236595 valid=1.0000 routes=16.661 grad=2.3052 seconds=124.4
Epoch 4330/5000: score=19.239446 loss=-0.242419 valid=1.0000 routes=17.135 grad=2.3974 seconds=124.5
Epoch 4331/5000: score=18.205064 loss=-0.222892 valid=1.0000 routes=16.827 grad=2.1776 seconds=124.5
Epoch 4332/5000: score=19.522162 loss=-0.246654 valid=1.0000 routes=17.658 grad=2.5310 seconds=124.9
Epoch 4333/5000: score=18.303475 loss=-0.227168 valid=1.0000 routes=16.795 grad=2.2304 seconds=123.9
Epoch 4334/5000: score=18.757667 loss=-0.237044 valid=1.0000 routes=16.684 grad=2.2529 seconds=124.6
Epoch 4335/5000: score=18.748371 loss=-0.244769 valid=1.0000 routes=17.142 grad=2.3671 seconds=124.0
Epoch 4336/5000: score=19.140927 loss=-0.243904 valid=1.0000 routes=17.573 grad=2.4143 seconds=124.6
Epoch 4337/5000: score=18.759275 loss=-0.236916 valid=1.0000 routes=16.809 grad=2.2752 seconds=124.4
>> Invalid instances, Re-generating ...
Epoch 4338/5000: score=18.131933 loss=-0.262009 valid=1.0000 routes=15.380 grad=2.2602 seconds=124.5
Epoch 4339/5000: score=19.269745 loss=-0.229685 valid=1.0000 routes=17.604 grad=2.4352 seconds=124.7
Epoch 4340/5000: score=18.836510 loss=-0.243403 valid=1.0000 routes=16.558 grad=2.3454 seconds=124.2
Epoch 4341/5000: score=18.562724 loss=-0.251973 valid=1.0000 routes=16.578 grad=2.3072 seconds=124.9
>> Invalid instances, Re-generating ...
Epoch 4342/5000: score=19.019762 loss=-0.241682 valid=1.0000 routes=16.716 grad=2.3614 seconds=124.6
Epoch 4343/5000: score=17.901537 loss=-0.234015 valid=1.0000 routes=15.069 grad=2.0371 seconds=124.8
Epoch 4344/5000: score=19.168264 loss=-0.236688 valid=1.0000 routes=17.030 grad=2.4426 seconds=124.7
Epoch 4345/5000: score=18.395335 loss=-0.232755 valid=1.0000 routes=16.496 grad=2.2864 seconds=123.8
Epoch 4346/5000: score=18.439105 loss=-0.236505 valid=1.0000 routes=15.742 grad=2.1981 seconds=124.7
Epoch 4347/5000: score=18.720828 loss=-0.237426 valid=1.0000 routes=17.204 grad=2.3539 seconds=124.6
Epoch 4348/5000: score=19.229759 loss=-0.239253 valid=1.0000 routes=17.448 grad=2.4484 seconds=125.4
Epoch 4349/5000: score=19.248843 loss=-0.246211 valid=1.0000 routes=17.437 grad=2.4895 seconds=124.5
Epoch 4350/5000: score=18.485710 loss=-0.252326 valid=1.0000 routes=16.541 grad=2.3719 seconds=124.6
Epoch 4351/5000: score=19.042817 loss=-0.234374 valid=1.0000 routes=18.304 grad=2.4918 seconds=123.3
Epoch 4352/5000: score=19.159016 loss=-0.246048 valid=1.0000 routes=16.878 grad=2.4153 seconds=124.3
Epoch 4353/5000: score=19.127398 loss=-0.237753 valid=1.0000 routes=17.532 grad=2.4664 seconds=124.8
Epoch 4354/5000: score=19.305090 loss=-0.247263 valid=1.0000 routes=16.938 grad=2.4662 seconds=124.5
Epoch 4355/5000: score=18.757851 loss=-0.261457 valid=1.0000 routes=15.490 grad=2.3478 seconds=124.5
Epoch 4356/5000: score=18.338966 loss=-0.231178 valid=1.0000 routes=15.593 grad=2.1187 seconds=123.3
Epoch 4357/5000: score=18.029416 loss=-0.254724 valid=1.0000 routes=15.842 grad=2.2113 seconds=123.9
Epoch 4358/5000: score=20.212400 loss=-0.230245 valid=1.0000 routes=18.563 grad=2.6131 seconds=123.3
Epoch 4359/5000: score=18.746776 loss=-0.245327 valid=1.0000 routes=16.575 grad=2.3194 seconds=123.8
Epoch 4360/5000: score=19.084769 loss=-0.255671 valid=1.0000 routes=16.913 grad=2.4210 seconds=124.2
Epoch 4361/5000: score=18.579179 loss=-0.234685 valid=1.0000 routes=16.216 grad=2.2423 seconds=124.0
Epoch 4362/5000: score=18.080905 loss=-0.234586 valid=1.0000 routes=16.313 grad=2.2159 seconds=123.7
Epoch 4363/5000: score=17.911622 loss=-0.233983 valid=1.0000 routes=16.740 grad=2.1910 seconds=124.1
Epoch 4364/5000: score=19.751152 loss=-0.248439 valid=1.0000 routes=16.750 grad=2.5648 seconds=124.5
Epoch 4365/5000: score=17.828333 loss=-0.246311 valid=1.0000 routes=15.466 grad=2.1144 seconds=124.0
Epoch 4366/5000: score=18.570629 loss=-0.241176 valid=1.0000 routes=16.697 grad=2.3397 seconds=123.8
Epoch 4367/5000: score=18.725660 loss=-0.235793 valid=1.0000 routes=16.043 grad=2.2644 seconds=124.0
Epoch 4368/5000: score=19.148137 loss=-0.245653 valid=1.0000 routes=16.782 grad=2.3843 seconds=123.8
Epoch 4369/5000: score=19.452750 loss=-0.242386 valid=1.0000 routes=17.480 grad=2.4715 seconds=124.1
Epoch 4370/5000: score=19.951323 loss=-0.227417 valid=1.0000 routes=16.665 grad=2.4411 seconds=123.1
Epoch 4371/5000: score=18.344615 loss=-0.245695 valid=1.0000 routes=15.792 grad=2.2655 seconds=123.7
Epoch 4372/5000: score=19.324506 loss=-0.226108 valid=1.0000 routes=17.556 grad=2.4004 seconds=123.2
>> Invalid instances, Re-generating ...
Epoch 4373/5000: score=18.986803 loss=-0.235779 valid=1.0000 routes=17.520 grad=2.4026 seconds=123.9
Epoch 4374/5000: score=18.461826 loss=-0.239457 valid=1.0000 routes=16.730 grad=2.2987 seconds=123.6
>> Invalid instances, Re-generating ...
Epoch 4375/5000: score=19.072858 loss=-0.225974 valid=1.0000 routes=17.791 grad=2.3522 seconds=123.2
Epoch 4376/5000: score=18.936031 loss=-0.245687 valid=1.0000 routes=16.961 grad=2.3433 seconds=123.1
Epoch 4377/5000: score=18.970922 loss=-0.252765 valid=1.0000 routes=15.978 grad=2.3616 seconds=123.3
Epoch 4378/5000: score=19.044233 loss=-0.249117 valid=1.0000 routes=16.531 grad=2.4130 seconds=123.1
Epoch 4379/5000: score=20.004212 loss=-0.249053 valid=1.0000 routes=17.369 grad=2.6145 seconds=123.0
Epoch 4380/5000: score=18.738867 loss=-0.227974 valid=1.0000 routes=16.698 grad=2.2910 seconds=123.0
Epoch 4381/5000: score=19.310552 loss=-0.234017 valid=1.0000 routes=16.989 grad=2.4596 seconds=122.7
Epoch 4382/5000: score=19.003162 loss=-0.225294 valid=1.0000 routes=17.151 grad=2.3335 seconds=122.4
Epoch 4383/5000: score=18.371810 loss=-0.230513 valid=1.0000 routes=16.892 grad=2.2139 seconds=122.7
Epoch 4384/5000: score=18.684790 loss=-0.233735 valid=1.0000 routes=17.680 grad=2.4214 seconds=123.3
Epoch 4385/5000: score=18.561919 loss=-0.230826 valid=1.0000 routes=18.153 grad=2.3451 seconds=122.7
Epoch 4386/5000: score=18.409230 loss=-0.240468 valid=1.0000 routes=16.747 grad=2.2837 seconds=123.1
Epoch 4387/5000: score=18.288330 loss=-0.242524 valid=1.0000 routes=17.160 grad=2.3237 seconds=123.3
Epoch 4388/5000: score=18.344949 loss=-0.234361 valid=1.0000 routes=16.846 grad=2.1916 seconds=122.3
Epoch 4389/5000: score=18.853568 loss=-0.231684 valid=1.0000 routes=16.568 grad=2.2573 seconds=122.7
Epoch 4390/5000: score=18.612063 loss=-0.238918 valid=1.0000 routes=16.511 grad=2.2767 seconds=123.3
Epoch 4391/5000: score=18.288624 loss=-0.232166 valid=1.0000 routes=17.448 grad=2.2745 seconds=123.9
Epoch 4392/5000: score=19.997666 loss=-0.233479 valid=1.0000 routes=17.857 grad=2.5543 seconds=123.7
Epoch 4393/5000: score=19.329431 loss=-0.226334 valid=1.0000 routes=17.094 grad=2.3741 seconds=122.8
Epoch 4394/5000: score=18.092416 loss=-0.238507 valid=1.0000 routes=15.710 grad=2.2008 seconds=123.6
Epoch 4395/5000: score=19.553280 loss=-0.239417 valid=1.0000 routes=17.063 grad=2.4884 seconds=123.0
Epoch 4396/5000: score=18.574163 loss=-0.239373 valid=1.0000 routes=16.743 grad=2.2942 seconds=122.5
Epoch 4397/5000: score=19.860586 loss=-0.237306 valid=1.0000 routes=18.135 grad=2.5622 seconds=122.5
Epoch 4398/5000: score=18.850232 loss=-0.226631 valid=1.0000 routes=17.463 grad=2.3694 seconds=122.5
Epoch 4399/5000: score=18.501093 loss=-0.231951 valid=1.0000 routes=16.965 grad=2.2880 seconds=123.4
Epoch 4400/5000: score=18.318861 loss=-0.238210 valid=1.0000 routes=15.588 grad=2.1787 seconds=124.0
Epoch 4401/5000: score=18.961245 loss=-0.251746 valid=1.0000 routes=16.912 grad=2.4967 seconds=124.2
Epoch 4402/5000: score=18.206207 loss=-0.226137 valid=1.0000 routes=16.382 grad=2.1444 seconds=123.8
Epoch 4403/5000: score=18.164730 loss=-0.238369 valid=1.0000 routes=16.701 grad=2.2311 seconds=123.8
Epoch 4404/5000: score=19.045528 loss=-0.250108 valid=1.0000 routes=16.256 grad=2.3792 seconds=123.5
Epoch 4405/5000: score=18.860036 loss=-0.223232 valid=1.0000 routes=17.517 grad=2.3350 seconds=123.0
Epoch 4406/5000: score=18.213029 loss=-0.230602 valid=1.0000 routes=15.497 grad=2.0930 seconds=122.9
Epoch 4407/5000: score=20.149820 loss=-0.249990 valid=1.0000 routes=17.898 grad=2.6136 seconds=123.6
Epoch 4408/5000: score=18.768269 loss=-0.236965 valid=1.0000 routes=16.959 grad=2.3989 seconds=122.7
Epoch 4409/5000: score=19.564775 loss=-0.230503 valid=1.0000 routes=17.857 grad=2.4627 seconds=122.8
Epoch 4410/5000: score=18.277113 loss=-0.228264 valid=1.0000 routes=17.404 grad=2.2620 seconds=122.8
Epoch 4411/5000: score=19.287700 loss=-0.249591 valid=1.0000 routes=17.140 grad=2.4224 seconds=123.1
Epoch 4412/5000: score=18.917416 loss=-0.237874 valid=1.0000 routes=16.447 grad=2.2902 seconds=123.7
Epoch 4413/5000: score=17.580218 loss=-0.241212 valid=1.0000 routes=15.921 grad=2.0991 seconds=124.0
Epoch 4414/5000: score=18.545071 loss=-0.236880 valid=1.0000 routes=15.797 grad=2.2112 seconds=123.6
Epoch 4415/5000: score=19.491115 loss=-0.241889 valid=1.0000 routes=17.509 grad=2.4997 seconds=123.6
Epoch 4416/5000: score=19.766176 loss=-0.237296 valid=1.0000 routes=17.668 grad=2.5789 seconds=122.9
Epoch 4417/5000: score=19.081089 loss=-0.243676 valid=1.0000 routes=17.404 grad=2.4776 seconds=123.5
Epoch 4418/5000: score=20.155921 loss=-0.246524 valid=1.0000 routes=18.626 grad=2.7060 seconds=122.7
Epoch 4419/5000: score=19.318442 loss=-0.247499 valid=1.0000 routes=17.515 grad=2.5330 seconds=121.8
Epoch 4420/5000: score=18.762767 loss=-0.249367 valid=1.0000 routes=16.600 grad=2.3441 seconds=122.2
Epoch 4421/5000: score=19.527062 loss=-0.222561 valid=1.0000 routes=17.876 grad=2.3876 seconds=123.2
Epoch 4422/5000: score=17.508380 loss=-0.228033 valid=1.0000 routes=15.175 grad=2.0013 seconds=123.2
Epoch 4423/5000: score=19.391101 loss=-0.225661 valid=1.0000 routes=17.647 grad=2.4578 seconds=122.4
Epoch 4424/5000: score=18.637574 loss=-0.246349 valid=1.0000 routes=16.261 grad=2.2708 seconds=123.5
>> Invalid instances, Re-generating ...
Epoch 4425/5000: score=19.517987 loss=-0.243244 valid=1.0000 routes=17.224 grad=2.4545 seconds=124.0
Epoch 4426/5000: score=19.904637 loss=-0.247287 valid=1.0000 routes=17.116 grad=2.6568 seconds=123.9
Epoch 4427/5000: score=19.709178 loss=-0.237385 valid=1.0000 routes=18.188 grad=2.5633 seconds=123.9
Epoch 4428/5000: score=18.790992 loss=-0.260120 valid=1.0000 routes=16.668 grad=2.4334 seconds=124.2
Epoch 4429/5000: score=18.286241 loss=-0.230169 valid=1.0000 routes=16.435 grad=2.2192 seconds=123.6
Epoch 4430/5000: score=18.798251 loss=-0.252308 valid=1.0000 routes=16.128 grad=2.3466 seconds=124.5
Epoch 4431/5000: score=18.665585 loss=-0.243046 valid=1.0000 routes=17.196 grad=2.3955 seconds=124.0
Epoch 4432/5000: score=19.819885 loss=-0.234855 valid=1.0000 routes=18.656 grad=2.5991 seconds=123.5
Epoch 4433/5000: score=19.279098 loss=-0.231526 valid=1.0000 routes=16.908 grad=2.3640 seconds=123.5
Epoch 4434/5000: score=18.416725 loss=-0.246394 valid=1.0000 routes=16.698 grad=2.3669 seconds=123.9
Epoch 4435/5000: score=19.593967 loss=-0.232942 valid=1.0000 routes=17.677 grad=2.5072 seconds=123.4
>> Invalid instances, Re-generating ...
Epoch 4436/5000: score=19.404814 loss=-0.219396 valid=1.0000 routes=17.101 grad=2.3912 seconds=122.9
Epoch 4437/5000: score=19.432263 loss=-0.252835 valid=1.0000 routes=17.549 grad=2.5553 seconds=124.2
Epoch 4438/5000: score=20.124720 loss=-0.231600 valid=1.0000 routes=18.253 grad=2.5787 seconds=124.0
Epoch 4439/5000: score=18.850386 loss=-0.229217 valid=1.0000 routes=16.748 grad=2.2983 seconds=123.7
Epoch 4440/5000: score=18.666648 loss=-0.226448 valid=1.0000 routes=16.697 grad=2.2689 seconds=123.4
Epoch 4441/5000: score=18.226424 loss=-0.224586 valid=1.0000 routes=16.800 grad=2.2132 seconds=123.0
Epoch 4442/5000: score=17.831296 loss=-0.238080 valid=1.0000 routes=16.189 grad=2.1298 seconds=124.0
Epoch 4443/5000: score=17.964829 loss=-0.235228 valid=1.0000 routes=16.450 grad=2.1863 seconds=124.7
Epoch 4444/5000: score=18.567060 loss=-0.241492 valid=1.0000 routes=15.920 grad=2.2509 seconds=126.5
Epoch 4445/5000: score=18.053571 loss=-0.241438 valid=1.0000 routes=16.925 grad=2.2779 seconds=124.7
Epoch 4446/5000: score=19.193136 loss=-0.222920 valid=1.0000 routes=18.065 grad=2.4346 seconds=124.1
Epoch 4447/5000: score=18.605077 loss=-0.229860 valid=1.0000 routes=16.154 grad=2.2335 seconds=123.7
Epoch 4448/5000: score=18.591357 loss=-0.241007 valid=1.0000 routes=17.060 grad=2.3248 seconds=124.1
Epoch 4449/5000: score=19.185099 loss=-0.246531 valid=1.0000 routes=16.491 grad=2.3912 seconds=124.3
Epoch 4450/5000: score=19.523332 loss=-0.243157 valid=1.0000 routes=17.123 grad=2.5378 seconds=125.7
Epoch 4451/5000: score=17.729205 loss=-0.240787 valid=1.0000 routes=15.481 grad=2.1133 seconds=122.8
Epoch 4452/5000: score=18.485641 loss=-0.241186 valid=1.0000 routes=16.371 grad=2.3515 seconds=123.2
Epoch 4453/5000: score=18.892820 loss=-0.245789 valid=1.0000 routes=16.859 grad=2.4197 seconds=124.2
Epoch 4454/5000: score=18.830755 loss=-0.236584 valid=1.0000 routes=17.299 grad=2.3957 seconds=123.1
Epoch 4455/5000: score=18.694737 loss=-0.241874 valid=1.0000 routes=16.799 grad=2.3186 seconds=123.1
Epoch 4456/5000: score=17.998625 loss=-0.234424 valid=1.0000 routes=15.791 grad=2.1232 seconds=124.2
Epoch 4457/5000: score=18.727665 loss=-0.253263 valid=1.0000 routes=16.012 grad=2.3471 seconds=124.2
Epoch 4458/5000: score=19.896754 loss=-0.233964 valid=1.0000 routes=19.952 grad=2.6187 seconds=123.9
Epoch 4459/5000: score=18.740342 loss=-0.241700 valid=1.0000 routes=16.688 grad=2.3256 seconds=123.9
Epoch 4460/5000: score=18.593800 loss=-0.245187 valid=1.0000 routes=17.134 grad=2.3815 seconds=124.5
Epoch 4461/5000: score=19.168169 loss=-0.232026 valid=1.0000 routes=17.296 grad=2.4079 seconds=124.8
Epoch 4462/5000: score=19.251147 loss=-0.252664 valid=1.0000 routes=16.340 grad=2.4601 seconds=124.5
Epoch 4463/5000: score=18.931646 loss=-0.238737 valid=1.0000 routes=16.363 grad=2.3516 seconds=123.8
Epoch 4464/5000: score=17.661287 loss=-0.238981 valid=1.0000 routes=15.741 grad=2.0603 seconds=124.4
Epoch 4465/5000: score=17.625345 loss=-0.225464 valid=1.0000 routes=16.479 grad=2.0697 seconds=124.0
Epoch 4466/5000: score=18.905580 loss=-0.244057 valid=1.0000 routes=16.319 grad=2.3509 seconds=124.5
Epoch 4467/5000: score=19.589219 loss=-0.239910 valid=1.0000 routes=17.324 grad=2.4583 seconds=124.6
Epoch 4468/5000: score=19.984373 loss=-0.242801 valid=1.0000 routes=17.705 grad=2.5788 seconds=124.3
Epoch 4469/5000: score=19.610432 loss=-0.234980 valid=1.0000 routes=16.679 grad=2.3948 seconds=124.2
Epoch 4470/5000: score=18.871281 loss=-0.240784 valid=1.0000 routes=16.318 grad=2.3167 seconds=124.9
Epoch 4471/5000: score=19.131544 loss=-0.228787 valid=1.0000 routes=17.954 grad=2.3901 seconds=124.6
Epoch 4472/5000: score=18.755302 loss=-0.253930 valid=1.0000 routes=15.816 grad=2.3792 seconds=125.7
Epoch 4473/5000: score=18.989384 loss=-0.226053 valid=1.0000 routes=17.458 grad=2.3843 seconds=124.2
Epoch 4474/5000: score=18.549419 loss=-0.230289 valid=1.0000 routes=16.369 grad=2.3130 seconds=124.6
>> Invalid instances, Re-generating ...
Epoch 4475/5000: score=18.882067 loss=-0.234446 valid=1.0000 routes=16.286 grad=2.2968 seconds=124.5
Epoch 4476/5000: score=19.225046 loss=-0.236177 valid=1.0000 routes=16.772 grad=2.3491 seconds=124.2
Epoch 4477/5000: score=19.455282 loss=-0.243212 valid=1.0000 routes=17.413 grad=2.4988 seconds=123.2
Epoch 4478/5000: score=18.585208 loss=-0.238147 valid=1.0000 routes=17.251 grad=2.3067 seconds=123.1
Epoch 4479/5000: score=17.850066 loss=-0.232902 valid=1.0000 routes=15.463 grad=2.1135 seconds=124.5
Epoch 4480/5000: score=19.039098 loss=-0.243961 valid=1.0000 routes=16.608 grad=2.4812 seconds=124.4
Epoch 4481/5000: score=19.356683 loss=-0.237859 valid=1.0000 routes=16.505 grad=2.3886 seconds=123.8
Epoch 4482/5000: score=18.857290 loss=-0.253229 valid=1.0000 routes=16.250 grad=2.4053 seconds=124.0
Epoch 4483/5000: score=19.681117 loss=-0.237863 valid=1.0000 routes=17.743 grad=2.5037 seconds=124.0
Epoch 4484/5000: score=19.420310 loss=-0.221421 valid=1.0000 routes=17.175 grad=2.3300 seconds=123.8
Epoch 4485/5000: score=18.496861 loss=-0.228764 valid=1.0000 routes=16.837 grad=2.2517 seconds=124.2
Epoch 4486/5000: score=19.629868 loss=-0.220777 valid=1.0000 routes=18.259 grad=2.5277 seconds=123.2
Epoch 4487/5000: score=19.028224 loss=-0.227797 valid=1.0000 routes=17.082 grad=2.3741 seconds=124.2
Epoch 4488/5000: score=19.768033 loss=-0.233376 valid=1.0000 routes=17.303 grad=2.4802 seconds=124.0
Epoch 4489/5000: score=19.006176 loss=-0.235138 valid=1.0000 routes=17.123 grad=2.4354 seconds=125.4
Epoch 4490/5000: score=18.076024 loss=-0.227437 valid=1.0000 routes=16.606 grad=2.1845 seconds=123.2
Epoch 4491/5000: score=18.354339 loss=-0.240884 valid=1.0000 routes=16.044 grad=2.2341 seconds=123.4
Epoch 4492/5000: score=18.994183 loss=-0.222500 valid=1.0000 routes=17.250 grad=2.2919 seconds=123.6
Epoch 4493/5000: score=18.784758 loss=-0.236826 valid=1.0000 routes=16.591 grad=2.3374 seconds=124.3
Epoch 4494/5000: score=18.430515 loss=-0.232854 valid=1.0000 routes=17.456 grad=2.3427 seconds=124.0
Epoch 4495/5000: score=19.208311 loss=-0.245905 valid=1.0000 routes=16.770 grad=2.4412 seconds=123.6
Epoch 4496/5000: score=19.288689 loss=-0.236315 valid=1.0000 routes=17.156 grad=2.4260 seconds=123.7
Epoch 4497/5000: score=18.814758 loss=-0.229918 valid=1.0000 routes=17.091 grad=2.2944 seconds=122.7
Epoch 4498/5000: score=18.626050 loss=-0.226977 valid=1.0000 routes=17.227 grad=2.2421 seconds=123.4
>> Invalid instances, Re-generating ...
Epoch 4499/5000: score=20.270882 loss=-0.235797 valid=1.0000 routes=17.364 grad=2.6078 seconds=123.0
Epoch 4500/5000: score=18.609343 loss=-0.223233 valid=1.0000 routes=17.050 grad=2.2591 seconds=122.7
Epoch 4501/5000: score=19.015842 loss=-0.235785 valid=1.0000 routes=16.866 grad=2.3803 seconds=123.1
Epoch 4502/5000: score=19.207396 loss=-0.229800 valid=1.0000 routes=17.019 grad=2.3860 seconds=123.7
Epoch 4503/5000: score=18.976629 loss=-0.230234 valid=1.0000 routes=16.466 grad=2.3370 seconds=123.1
Epoch 4504/5000: score=18.618011 loss=-0.235200 valid=1.0000 routes=15.799 grad=2.2764 seconds=124.4
Epoch 4505/5000: score=18.849407 loss=-0.209402 valid=1.0000 routes=17.428 grad=2.2952 seconds=124.9
Epoch 4506/5000: score=18.380157 loss=-0.228959 valid=1.0000 routes=15.795 grad=2.2317 seconds=123.8
Epoch 4507/5000: score=19.298994 loss=-0.205918 valid=1.0000 routes=17.401 grad=2.3362 seconds=123.1
Epoch 4508/5000: score=17.912000 loss=-0.226639 valid=1.0000 routes=15.908 grad=2.1176 seconds=125.1
Epoch 4509/5000: score=19.090428 loss=-0.225255 valid=1.0000 routes=16.952 grad=2.3853 seconds=124.6
Epoch 4510/5000: score=17.984764 loss=-0.234037 valid=1.0000 routes=15.785 grad=2.1882 seconds=123.8
Epoch 4511/5000: score=18.443565 loss=-0.222447 valid=1.0000 routes=16.438 grad=2.2175 seconds=124.7
Epoch 4512/5000: score=17.477232 loss=-0.219826 valid=1.0000 routes=15.511 grad=2.0736 seconds=125.0
Epoch 4513/5000: score=19.099388 loss=-0.217659 valid=1.0000 routes=17.283 grad=2.4259 seconds=125.0
Epoch 4514/5000: score=20.441499 loss=-0.228357 valid=1.0000 routes=18.202 grad=2.7250 seconds=124.3
Epoch 4515/5000: score=18.137250 loss=-0.222646 valid=1.0000 routes=15.648 grad=2.1261 seconds=124.0
Epoch 4516/5000: score=19.489759 loss=-0.218965 valid=1.0000 routes=17.470 grad=2.4808 seconds=123.9
Epoch 4517/5000: score=20.117035 loss=-0.216090 valid=1.0000 routes=17.628 grad=2.5864 seconds=124.3
Epoch 4518/5000: score=18.114672 loss=-0.213281 valid=1.0000 routes=16.447 grad=2.1275 seconds=124.2
Epoch 4519/5000: score=18.004709 loss=-0.208427 valid=1.0000 routes=16.254 grad=2.1458 seconds=124.6
Epoch 4520/5000: score=17.950045 loss=-0.209065 valid=1.0000 routes=16.156 grad=2.1290 seconds=124.4
Epoch 4521/5000: score=18.155311 loss=-0.225741 valid=1.0000 routes=16.480 grad=2.2801 seconds=125.9
Epoch 4522/5000: score=19.173806 loss=-0.220290 valid=1.0000 routes=17.441 grad=2.4372 seconds=124.3
Epoch 4523/5000: score=17.950921 loss=-0.209523 valid=1.0000 routes=15.542 grad=2.1019 seconds=123.7
Epoch 4524/5000: score=18.581862 loss=-0.234917 valid=1.0000 routes=15.546 grad=2.3544 seconds=124.1
Epoch 4525/5000: score=18.812322 loss=-0.215511 valid=1.0000 routes=16.535 grad=2.2996 seconds=124.1
Epoch 4526/5000: score=19.709881 loss=-0.218105 valid=1.0000 routes=17.592 grad=2.5308 seconds=124.0
Epoch 4527/5000: score=18.272906 loss=-0.225310 valid=1.0000 routes=16.537 grad=2.2927 seconds=124.2
Epoch 4528/5000: score=19.036286 loss=-0.220327 valid=1.0000 routes=16.760 grad=2.3881 seconds=124.2
Epoch 4529/5000: score=17.566549 loss=-0.202633 valid=1.0000 routes=15.963 grad=1.9412 seconds=124.2
Epoch 4530/5000: score=19.478747 loss=-0.220357 valid=1.0000 routes=17.779 grad=2.4847 seconds=123.6
Epoch 4531/5000: score=18.162952 loss=-0.215037 valid=1.0000 routes=15.810 grad=2.1121 seconds=124.9
Epoch 4532/5000: score=17.802510 loss=-0.209334 valid=1.0000 routes=15.941 grad=2.0436 seconds=123.8
Epoch 4533/5000: score=19.409238 loss=-0.224738 valid=1.0000 routes=16.034 grad=2.4633 seconds=124.5
Epoch 4534/5000: score=18.771390 loss=-0.218167 valid=1.0000 routes=17.071 grad=2.3642 seconds=124.3
Epoch 4535/5000: score=19.362226 loss=-0.214545 valid=1.0000 routes=17.272 grad=2.4539 seconds=124.7
Epoch 4536/5000: score=18.482222 loss=-0.209945 valid=1.0000 routes=16.684 grad=2.2398 seconds=124.6
Epoch 4537/5000: score=19.099814 loss=-0.219479 valid=1.0000 routes=16.098 grad=2.4137 seconds=124.3
Epoch 4538/5000: score=19.767261 loss=-0.220676 valid=1.0000 routes=17.050 grad=2.5409 seconds=125.1
Epoch 4539/5000: score=18.270291 loss=-0.211434 valid=1.0000 routes=17.053 grad=2.2374 seconds=124.7
Epoch 4540/5000: score=18.023025 loss=-0.207364 valid=1.0000 routes=16.041 grad=2.0957 seconds=124.2
Epoch 4541/5000: score=17.472942 loss=-0.223592 valid=1.0000 routes=15.743 grad=2.1142 seconds=124.8
Epoch 4542/5000: score=20.431244 loss=-0.229264 valid=1.0000 routes=18.405 grad=2.7127 seconds=124.6
>> Invalid instances, Re-generating ...
Epoch 4543/5000: score=18.832572 loss=-0.215183 valid=1.0000 routes=16.483 grad=2.3367 seconds=124.6
Epoch 4544/5000: score=19.184962 loss=-0.220143 valid=1.0000 routes=17.329 grad=2.4150 seconds=124.4
Epoch 4545/5000: score=19.794205 loss=-0.221522 valid=1.0000 routes=17.066 grad=2.5454 seconds=124.5
Epoch 4546/5000: score=20.517633 loss=-0.218085 valid=1.0000 routes=17.905 grad=2.6838 seconds=123.0
Epoch 4547/5000: score=18.139204 loss=-0.211141 valid=1.0000 routes=16.652 grad=2.2203 seconds=122.8
Epoch 4548/5000: score=19.477118 loss=-0.219345 valid=1.0000 routes=17.213 grad=2.4432 seconds=124.2
Epoch 4549/5000: score=18.982318 loss=-0.207787 valid=1.0000 routes=16.709 grad=2.2986 seconds=124.7
Epoch 4550/5000: score=18.778373 loss=-0.217105 valid=1.0000 routes=16.496 grad=2.3232 seconds=124.8
Epoch 4551/5000: score=18.757238 loss=-0.214194 valid=1.0000 routes=17.078 grad=2.3065 seconds=124.2
Epoch 4552/5000: score=19.376735 loss=-0.216298 valid=1.0000 routes=17.691 grad=2.5123 seconds=125.3
Epoch 4553/5000: score=18.804528 loss=-0.217241 valid=1.0000 routes=16.962 grad=2.3817 seconds=123.8
Epoch 4554/5000: score=19.282777 loss=-0.208290 valid=1.0000 routes=17.465 grad=2.4186 seconds=123.8
Epoch 4555/5000: score=18.478366 loss=-0.219105 valid=1.0000 routes=16.450 grad=2.2614 seconds=124.1
Epoch 4556/5000: score=19.234602 loss=-0.224045 valid=1.0000 routes=17.573 grad=2.5208 seconds=124.8
Epoch 4557/5000: score=19.075404 loss=-0.215116 valid=1.0000 routes=17.052 grad=2.3475 seconds=124.4
Epoch 4558/5000: score=17.958315 loss=-0.217765 valid=1.0000 routes=15.981 grad=2.1693 seconds=124.5
Epoch 4559/5000: score=18.077926 loss=-0.222139 valid=1.0000 routes=15.743 grad=2.1670 seconds=125.2
Epoch 4560/5000: score=18.618404 loss=-0.220036 valid=1.0000 routes=16.553 grad=2.3213 seconds=124.4
Epoch 4561/5000: score=19.083570 loss=-0.200026 valid=1.0000 routes=17.335 grad=2.3257 seconds=124.5
>> Invalid instances, Re-generating ...
Epoch 4562/5000: score=19.254212 loss=-0.220925 valid=1.0000 routes=16.636 grad=2.4383 seconds=124.4
Epoch 4563/5000: score=18.450238 loss=-0.217062 valid=1.0000 routes=16.231 grad=2.2204 seconds=124.0
Epoch 4564/5000: score=18.144481 loss=-0.209429 valid=1.0000 routes=17.500 grad=2.1767 seconds=125.0
Epoch 4565/5000: score=19.167773 loss=-0.215830 valid=1.0000 routes=17.114 grad=2.3801 seconds=124.8
Epoch 4566/5000: score=18.321756 loss=-0.234731 valid=1.0000 routes=15.968 grad=2.3633 seconds=126.6
Epoch 4567/5000: score=19.413775 loss=-0.210265 valid=1.0000 routes=17.274 grad=2.4329 seconds=124.8
Epoch 4568/5000: score=20.015634 loss=-0.218892 valid=1.0000 routes=17.841 grad=2.6393 seconds=125.2
Epoch 4569/5000: score=19.026478 loss=-0.216021 valid=1.0000 routes=17.037 grad=2.4142 seconds=124.9
Epoch 4570/5000: score=18.497739 loss=-0.211024 valid=1.0000 routes=16.881 grad=2.2958 seconds=124.6
Epoch 4571/5000: score=18.537667 loss=-0.214399 valid=1.0000 routes=16.924 grad=2.3403 seconds=124.3
Epoch 4572/5000: score=19.782112 loss=-0.220163 valid=1.0000 routes=17.517 grad=2.5556 seconds=124.7
Epoch 4573/5000: score=18.296057 loss=-0.209577 valid=1.0000 routes=16.764 grad=2.3029 seconds=124.2
Epoch 4574/5000: score=18.947851 loss=-0.221004 valid=1.0000 routes=17.326 grad=2.4989 seconds=125.1
Epoch 4575/5000: score=18.088221 loss=-0.213535 valid=1.0000 routes=16.228 grad=2.2227 seconds=124.7
Epoch 4576/5000: score=18.606198 loss=-0.216439 valid=1.0000 routes=17.167 grad=2.3779 seconds=125.1
Epoch 4577/5000: score=18.598998 loss=-0.218935 valid=1.0000 routes=16.406 grad=2.3234 seconds=125.7
Epoch 4578/5000: score=18.962857 loss=-0.214338 valid=1.0000 routes=18.165 grad=2.4418 seconds=124.8
Epoch 4579/5000: score=18.732915 loss=-0.205827 valid=1.0000 routes=17.323 grad=2.3060 seconds=124.4
Epoch 4580/5000: score=19.526133 loss=-0.219994 valid=1.0000 routes=17.012 grad=2.5700 seconds=124.7
Epoch 4581/5000: score=19.770821 loss=-0.219333 valid=1.0000 routes=18.224 grad=2.6290 seconds=124.8
Epoch 4582/5000: score=19.633929 loss=-0.218858 valid=1.0000 routes=17.451 grad=2.5397 seconds=124.7
Epoch 4583/5000: score=19.787022 loss=-0.218784 valid=1.0000 routes=17.369 grad=2.5503 seconds=124.1
Epoch 4584/5000: score=18.426359 loss=-0.212402 valid=1.0000 routes=16.834 grad=2.2400 seconds=124.6
Epoch 4585/5000: score=18.526182 loss=-0.219695 valid=1.0000 routes=16.933 grad=2.3702 seconds=124.7
Epoch 4586/5000: score=20.022971 loss=-0.208756 valid=1.0000 routes=18.436 grad=2.6274 seconds=124.9
Epoch 4587/5000: score=19.694562 loss=-0.211710 valid=1.0000 routes=18.037 grad=2.5364 seconds=125.2
Epoch 4588/5000: score=19.043740 loss=-0.233270 valid=1.0000 routes=16.246 grad=2.4857 seconds=125.6
Epoch 4589/5000: score=19.742597 loss=-0.210521 valid=1.0000 routes=17.488 grad=2.5247 seconds=124.4
Epoch 4590/5000: score=19.167070 loss=-0.215166 valid=1.0000 routes=16.591 grad=2.3827 seconds=124.6
Epoch 4591/5000: score=19.239278 loss=-0.214677 valid=1.0000 routes=17.996 grad=2.5094 seconds=124.4
Epoch 4592/5000: score=18.609390 loss=-0.217741 valid=1.0000 routes=15.815 grad=2.3027 seconds=124.2
Epoch 4593/5000: score=19.463929 loss=-0.208593 valid=1.0000 routes=19.099 grad=2.5474 seconds=125.5
Epoch 4594/5000: score=18.999371 loss=-0.226996 valid=1.0000 routes=16.806 grad=2.4314 seconds=124.5
Epoch 4595/5000: score=17.717317 loss=-0.217637 valid=1.0000 routes=16.017 grad=2.2501 seconds=124.2
Epoch 4596/5000: score=18.613979 loss=-0.214235 valid=1.0000 routes=16.725 grad=2.3419 seconds=124.5
Epoch 4597/5000: score=18.138914 loss=-0.222051 valid=1.0000 routes=15.631 grad=2.2694 seconds=123.9
Epoch 4598/5000: score=18.935181 loss=-0.218888 valid=1.0000 routes=16.459 grad=2.3818 seconds=124.0
Epoch 4599/5000: score=19.465795 loss=-0.207222 valid=1.0000 routes=18.436 grad=2.5502 seconds=123.7
Epoch 4600/5000: score=18.308610 loss=-0.218458 valid=1.0000 routes=16.717 grad=2.3000 seconds=124.4
Epoch 4601/5000: score=19.071718 loss=-0.221262 valid=1.0000 routes=17.467 grad=2.4851 seconds=124.5
Epoch 4602/5000: score=18.314553 loss=-0.223167 valid=1.0000 routes=15.820 grad=2.2692 seconds=125.0
Epoch 4603/5000: score=18.787634 loss=-0.213256 valid=1.0000 routes=17.014 grad=2.3591 seconds=124.3
Epoch 4604/5000: score=19.435318 loss=-0.215871 valid=1.0000 routes=17.305 grad=2.4685 seconds=123.7
Epoch 4605/5000: score=19.231191 loss=-0.224743 valid=1.0000 routes=17.077 grad=2.5307 seconds=124.8
Epoch 4606/5000: score=19.463661 loss=-0.221023 valid=1.0000 routes=16.955 grad=2.5125 seconds=124.8
Epoch 4607/5000: score=18.551792 loss=-0.208574 valid=1.0000 routes=16.846 grad=2.3285 seconds=124.5
Epoch 4608/5000: score=19.376528 loss=-0.214233 valid=1.0000 routes=16.841 grad=2.5352 seconds=124.9
Epoch 4609/5000: score=18.849877 loss=-0.215661 valid=1.0000 routes=16.530 grad=2.3275 seconds=125.0
Epoch 4610/5000: score=18.292143 loss=-0.228272 valid=1.0000 routes=17.076 grad=2.3719 seconds=125.2
Epoch 4611/5000: score=18.660488 loss=-0.217884 valid=1.0000 routes=16.837 grad=2.3182 seconds=124.7
Epoch 4612/5000: score=17.168804 loss=-0.207899 valid=1.0000 routes=15.951 grad=2.0463 seconds=124.1
Epoch 4613/5000: score=19.918842 loss=-0.212583 valid=1.0000 routes=17.600 grad=2.6091 seconds=124.6
Epoch 4614/5000: score=18.462319 loss=-0.209562 valid=1.0000 routes=16.676 grad=2.2494 seconds=124.5
Epoch 4615/5000: score=18.401234 loss=-0.221888 valid=1.0000 routes=16.840 grad=2.3621 seconds=124.1
Epoch 4616/5000: score=19.614311 loss=-0.228147 valid=1.0000 routes=17.771 grad=2.6450 seconds=124.1
Epoch 4617/5000: score=18.346175 loss=-0.219556 valid=1.0000 routes=16.172 grad=2.3106 seconds=124.8
Epoch 4618/5000: score=18.441109 loss=-0.215033 valid=1.0000 routes=17.107 grad=2.3791 seconds=124.6
Epoch 4619/5000: score=18.231279 loss=-0.228100 valid=1.0000 routes=16.723 grad=2.3795 seconds=126.0
Epoch 4620/5000: score=18.621052 loss=-0.209297 valid=1.0000 routes=16.546 grad=2.2790 seconds=123.7
Epoch 4621/5000: score=19.334957 loss=-0.217990 valid=1.0000 routes=16.947 grad=2.5447 seconds=124.6
Epoch 4622/5000: score=19.624821 loss=-0.225771 valid=1.0000 routes=17.478 grad=2.5559 seconds=124.9
Epoch 4623/5000: score=19.117516 loss=-0.216387 valid=1.0000 routes=17.529 grad=2.4717 seconds=124.4
Epoch 4624/5000: score=17.856337 loss=-0.204979 valid=1.0000 routes=15.977 grad=2.1011 seconds=124.3
Epoch 4625/5000: score=19.334983 loss=-0.213009 valid=1.0000 routes=17.167 grad=2.4891 seconds=124.7
Epoch 4626/5000: score=17.845018 loss=-0.217702 valid=1.0000 routes=15.784 grad=2.1739 seconds=125.3
Epoch 4627/5000: score=18.147637 loss=-0.213173 valid=1.0000 routes=16.584 grad=2.2569 seconds=125.2
Epoch 4628/5000: score=19.077475 loss=-0.205834 valid=1.0000 routes=17.237 grad=2.3619 seconds=124.2
>> Invalid instances, Re-generating ...
Epoch 4629/5000: score=18.440467 loss=-0.216726 valid=1.0000 routes=16.689 grad=2.3496 seconds=124.8
Epoch 4630/5000: score=17.967742 loss=-0.220030 valid=1.0000 routes=16.363 grad=2.2522 seconds=125.6
Epoch 4631/5000: score=18.328195 loss=-0.217227 valid=1.0000 routes=15.810 grad=2.2485 seconds=125.7
Epoch 4632/5000: score=18.514279 loss=-0.212618 valid=1.0000 routes=16.521 grad=2.2856 seconds=123.7
Epoch 4633/5000: score=18.128673 loss=-0.221743 valid=1.0000 routes=15.810 grad=2.2693 seconds=124.9
Epoch 4634/5000: score=19.130631 loss=-0.205422 valid=1.0000 routes=17.336 grad=2.4713 seconds=124.6
Epoch 4635/5000: score=17.970726 loss=-0.229937 valid=1.0000 routes=15.091 grad=2.1713 seconds=124.8
Epoch 4636/5000: score=18.878534 loss=-0.221931 valid=1.0000 routes=16.510 grad=2.3672 seconds=124.3
Epoch 4637/5000: score=18.569569 loss=-0.215800 valid=1.0000 routes=16.581 grad=2.3110 seconds=123.5
Epoch 4638/5000: score=19.820115 loss=-0.211927 valid=1.0000 routes=18.103 grad=2.6090 seconds=123.9
Epoch 4639/5000: score=17.698916 loss=-0.214476 valid=1.0000 routes=17.205 grad=2.2083 seconds=124.1
Epoch 4640/5000: score=18.844821 loss=-0.221724 valid=1.0000 routes=16.333 grad=2.3700 seconds=124.1
Epoch 4641/5000: score=18.124981 loss=-0.219109 valid=1.0000 routes=15.749 grad=2.2389 seconds=124.7
Epoch 4642/5000: score=17.863341 loss=-0.224135 valid=1.0000 routes=15.896 grad=2.2304 seconds=124.9
Epoch 4643/5000: score=19.204976 loss=-0.217798 valid=1.0000 routes=16.522 grad=2.4221 seconds=124.0
Epoch 4644/5000: score=19.093750 loss=-0.209835 valid=1.0000 routes=17.302 grad=2.4333 seconds=123.2
Epoch 4645/5000: score=18.317733 loss=-0.227146 valid=1.0000 routes=15.482 grad=2.2705 seconds=124.7
Epoch 4646/5000: score=18.827646 loss=-0.217012 valid=1.0000 routes=17.430 grad=2.4952 seconds=124.4
Epoch 4647/5000: score=18.537107 loss=-0.219979 valid=1.0000 routes=16.753 grad=2.3745 seconds=124.7
Epoch 4648/5000: score=18.102944 loss=-0.218625 valid=1.0000 routes=16.190 grad=2.2804 seconds=124.5
Epoch 4649/5000: score=19.049509 loss=-0.220912 valid=1.0000 routes=16.861 grad=2.4759 seconds=124.5
Epoch 4650/5000: score=19.044783 loss=-0.218962 valid=1.0000 routes=17.045 grad=2.4801 seconds=125.0
Epoch 4651/5000: score=18.653279 loss=-0.226182 valid=1.0000 routes=16.093 grad=2.3435 seconds=124.9
Epoch 4652/5000: score=19.495519 loss=-0.214445 valid=1.0000 routes=16.685 grad=2.4817 seconds=124.7
Epoch 4653/5000: score=18.378527 loss=-0.221265 valid=1.0000 routes=15.945 grad=2.3423 seconds=124.7
Epoch 4654/5000: score=18.746820 loss=-0.206945 valid=1.0000 routes=17.010 grad=2.3935 seconds=124.7
Epoch 4655/5000: score=18.118152 loss=-0.216858 valid=1.0000 routes=15.151 grad=2.1673 seconds=124.5
Epoch 4656/5000: score=19.083143 loss=-0.219402 valid=1.0000 routes=17.177 grad=2.4467 seconds=125.7
Epoch 4657/5000: score=19.342830 loss=-0.218633 valid=1.0000 routes=17.610 grad=2.5021 seconds=124.7
Epoch 4658/5000: score=19.607372 loss=-0.208031 valid=1.0000 routes=18.771 grad=2.6388 seconds=125.3
Epoch 4659/5000: score=19.671216 loss=-0.212666 valid=1.0000 routes=18.383 grad=2.6624 seconds=124.8
Epoch 4660/5000: score=18.575769 loss=-0.202897 valid=1.0000 routes=16.980 grad=2.3424 seconds=124.6
>> Invalid instances, Re-generating ...
Epoch 4661/5000: score=19.328498 loss=-0.223454 valid=1.0000 routes=17.259 grad=2.5583 seconds=125.1
Epoch 4662/5000: score=18.089085 loss=-0.224915 valid=1.0000 routes=15.386 grad=2.2144 seconds=124.8
Epoch 4663/5000: score=18.114260 loss=-0.223754 valid=1.0000 routes=15.170 grad=2.2217 seconds=124.3
Epoch 4664/5000: score=18.838503 loss=-0.221028 valid=1.0000 routes=17.104 grad=2.4529 seconds=124.5
Epoch 4665/5000: score=18.277149 loss=-0.212031 valid=1.0000 routes=16.067 grad=2.2274 seconds=124.6
Epoch 4666/5000: score=18.946133 loss=-0.225267 valid=1.0000 routes=17.349 grad=2.4819 seconds=124.3
Epoch 4667/5000: score=20.041517 loss=-0.215257 valid=1.0000 routes=17.984 grad=2.6856 seconds=123.7
Epoch 4668/5000: score=18.728071 loss=-0.223675 valid=1.0000 routes=16.482 grad=2.3988 seconds=124.4
Epoch 4669/5000: score=18.164477 loss=-0.211085 valid=1.0000 routes=16.430 grad=2.2422 seconds=124.6
Epoch 4670/5000: score=18.558983 loss=-0.217246 valid=1.0000 routes=16.889 grad=2.3645 seconds=125.0
Epoch 4671/5000: score=18.565566 loss=-0.211996 valid=1.0000 routes=16.522 grad=2.4040 seconds=124.4
Epoch 4672/5000: score=18.073592 loss=-0.216578 valid=1.0000 routes=16.712 grad=2.2920 seconds=125.3
Epoch 4673/5000: score=19.760185 loss=-0.219926 valid=1.0000 routes=17.504 grad=2.5625 seconds=124.3
Epoch 4674/5000: score=18.387510 loss=-0.212630 valid=1.0000 routes=16.365 grad=2.3431 seconds=124.2
Epoch 4675/5000: score=19.368837 loss=-0.207682 valid=1.0000 routes=18.157 grad=2.4587 seconds=124.0
Epoch 4676/5000: score=20.117026 loss=-0.229804 valid=1.0000 routes=17.254 grad=2.7569 seconds=125.2
Epoch 4677/5000: score=17.784265 loss=-0.220250 valid=1.0000 routes=16.229 grad=2.2350 seconds=125.1
Epoch 4678/5000: score=18.217556 loss=-0.218414 valid=1.0000 routes=15.840 grad=2.2929 seconds=125.5
Epoch 4679/5000: score=18.379697 loss=-0.215503 valid=1.0000 routes=15.793 grad=2.2772 seconds=124.8
Epoch 4680/5000: score=19.077816 loss=-0.219875 valid=1.0000 routes=17.209 grad=2.5162 seconds=124.6
Epoch 4681/5000: score=19.099981 loss=-0.204492 valid=1.0000 routes=17.137 grad=2.3984 seconds=124.2
Epoch 4682/5000: score=17.811934 loss=-0.217547 valid=1.0000 routes=16.570 grad=2.2470 seconds=125.6
Epoch 4683/5000: score=18.623629 loss=-0.222154 valid=1.0000 routes=16.136 grad=2.3734 seconds=125.0
Epoch 4684/5000: score=17.324315 loss=-0.213775 valid=1.0000 routes=15.733 grad=2.1192 seconds=125.7
Epoch 4685/5000: score=17.562286 loss=-0.217082 valid=1.0000 routes=15.116 grad=2.0616 seconds=124.9
Epoch 4686/5000: score=18.419837 loss=-0.220738 valid=1.0000 routes=16.522 grad=2.3539 seconds=125.2
Epoch 4687/5000: score=18.824261 loss=-0.218445 valid=1.0000 routes=16.137 grad=2.3978 seconds=124.5
Epoch 4688/5000: score=18.886101 loss=-0.222780 valid=1.0000 routes=16.173 grad=2.3715 seconds=127.2
Epoch 4689/5000: score=19.955247 loss=-0.231113 valid=1.0000 routes=17.443 grad=2.7118 seconds=126.0
Epoch 4690/5000: score=17.948500 loss=-0.218585 valid=1.0000 routes=16.220 grad=2.2930 seconds=125.1
Epoch 4691/5000: score=18.043187 loss=-0.226731 valid=1.0000 routes=15.887 grad=2.3014 seconds=126.2
Epoch 4692/5000: score=19.055288 loss=-0.218542 valid=1.0000 routes=17.385 grad=2.4237 seconds=125.8
Epoch 4693/5000: score=18.284594 loss=-0.221641 valid=1.0000 routes=16.317 grad=2.3249 seconds=126.3
Epoch 4694/5000: score=18.750251 loss=-0.211617 valid=1.0000 routes=17.306 grad=2.4279 seconds=126.0
Epoch 4695/5000: score=19.297089 loss=-0.205361 valid=1.0000 routes=17.979 grad=2.5273 seconds=124.8
Epoch 4696/5000: score=18.587361 loss=-0.216913 valid=1.0000 routes=16.759 grad=2.4170 seconds=125.5
Epoch 4697/5000: score=18.061321 loss=-0.214678 valid=1.0000 routes=16.486 grad=2.2589 seconds=125.3
Epoch 4698/5000: score=19.117382 loss=-0.214059 valid=1.0000 routes=16.555 grad=2.4333 seconds=124.6
Epoch 4699/5000: score=18.654501 loss=-0.224471 valid=1.0000 routes=17.322 grad=2.4701 seconds=125.8
Epoch 4700/5000: score=18.263763 loss=-0.203278 valid=1.0000 routes=16.521 grad=2.2270 seconds=124.7
Epoch 4701/5000: score=19.091396 loss=-0.210656 valid=1.0000 routes=16.790 grad=2.4450 seconds=125.0
Epoch 4702/5000: score=18.660458 loss=-0.221328 valid=1.0000 routes=16.603 grad=2.4242 seconds=125.6
Epoch 4703/5000: score=19.605315 loss=-0.218992 valid=1.0000 routes=16.925 grad=2.5826 seconds=124.2
Epoch 4704/5000: score=18.117906 loss=-0.220483 valid=1.0000 routes=15.924 grad=2.2575 seconds=124.8
Epoch 4705/5000: score=18.311295 loss=-0.217686 valid=1.0000 routes=16.478 grad=2.3159 seconds=124.6
Epoch 4706/5000: score=18.493280 loss=-0.210885 valid=1.0000 routes=16.757 grad=2.3258 seconds=125.1
Epoch 4707/5000: score=18.769211 loss=-0.206541 valid=1.0000 routes=16.619 grad=2.3331 seconds=124.8
Epoch 4708/5000: score=19.265337 loss=-0.210090 valid=1.0000 routes=17.688 grad=2.4931 seconds=124.9
Epoch 4709/5000: score=19.945834 loss=-0.215238 valid=1.0000 routes=18.516 grad=2.7095 seconds=124.5
Epoch 4710/5000: score=18.280226 loss=-0.211765 valid=1.0000 routes=15.989 grad=2.2518 seconds=124.8
Epoch 4711/5000: score=19.164866 loss=-0.203955 valid=1.0000 routes=17.221 grad=2.4258 seconds=124.2
Epoch 4712/5000: score=19.133061 loss=-0.218874 valid=1.0000 routes=16.731 grad=2.4985 seconds=124.6
Epoch 4713/5000: score=19.192486 loss=-0.205999 valid=1.0000 routes=17.317 grad=2.4689 seconds=124.4
Epoch 4714/5000: score=18.489232 loss=-0.222880 valid=1.0000 routes=16.685 grad=2.3741 seconds=124.9
Epoch 4715/5000: score=19.025466 loss=-0.205854 valid=1.0000 routes=17.190 grad=2.4059 seconds=124.9
Epoch 4716/5000: score=18.794633 loss=-0.234530 valid=1.0000 routes=16.274 grad=2.4755 seconds=125.4
Epoch 4717/5000: score=19.041516 loss=-0.228083 valid=1.0000 routes=16.394 grad=2.5008 seconds=124.9
Epoch 4718/5000: score=19.035083 loss=-0.223189 valid=1.0000 routes=16.963 grad=2.4770 seconds=125.1
Epoch 4719/5000: score=18.597916 loss=-0.213199 valid=1.0000 routes=17.160 grad=2.4229 seconds=124.8
Epoch 4720/5000: score=19.110331 loss=-0.211838 valid=1.0000 routes=16.908 grad=2.4684 seconds=124.1
Epoch 4721/5000: score=19.727680 loss=-0.216236 valid=1.0000 routes=17.461 grad=2.5973 seconds=124.9
Epoch 4722/5000: score=19.312487 loss=-0.215338 valid=1.0000 routes=17.437 grad=2.5347 seconds=124.5
Epoch 4723/5000: score=18.480521 loss=-0.215604 valid=1.0000 routes=15.968 grad=2.2942 seconds=124.8
Epoch 4724/5000: score=18.836767 loss=-0.218314 valid=1.0000 routes=17.109 grad=2.4238 seconds=125.0
Epoch 4725/5000: score=19.058040 loss=-0.213104 valid=1.0000 routes=15.835 grad=2.3080 seconds=124.7
Epoch 4726/5000: score=19.376694 loss=-0.203271 valid=1.0000 routes=17.656 grad=2.5046 seconds=124.5
Epoch 4727/5000: score=19.480540 loss=-0.216385 valid=1.0000 routes=16.936 grad=2.5951 seconds=125.5
Epoch 4728/5000: score=19.570299 loss=-0.221228 valid=1.0000 routes=16.874 grad=2.6164 seconds=125.0
Epoch 4729/5000: score=18.490850 loss=-0.216100 valid=1.0000 routes=16.965 grad=2.4059 seconds=125.5
Epoch 4730/5000: score=19.160962 loss=-0.207058 valid=1.0000 routes=17.657 grad=2.4835 seconds=125.2
Epoch 4731/5000: score=18.870078 loss=-0.226880 valid=1.0000 routes=15.850 grad=2.4200 seconds=126.3
Epoch 4732/5000: score=18.008423 loss=-0.206970 valid=1.0000 routes=17.933 grad=2.3686 seconds=125.7
Epoch 4733/5000: score=18.473660 loss=-0.210520 valid=1.0000 routes=17.099 grad=2.3671 seconds=125.1
Epoch 4734/5000: score=18.892681 loss=-0.208663 valid=1.0000 routes=17.412 grad=2.4312 seconds=125.1
Epoch 4735/5000: score=18.506660 loss=-0.220894 valid=1.0000 routes=16.333 grad=2.4096 seconds=126.2
Epoch 4736/5000: score=19.371969 loss=-0.215991 valid=1.0000 routes=17.256 grad=2.5925 seconds=128.2
Epoch 4737/5000: score=18.533012 loss=-0.206984 valid=1.0000 routes=16.655 grad=2.2985 seconds=128.1
Epoch 4738/5000: score=19.210650 loss=-0.208519 valid=1.0000 routes=17.350 grad=2.4504 seconds=124.5
Epoch 4739/5000: score=19.036099 loss=-0.208606 valid=1.0000 routes=17.277 grad=2.4776 seconds=124.6
Epoch 4740/5000: score=18.863167 loss=-0.221798 valid=1.0000 routes=16.989 grad=2.5007 seconds=123.8
Epoch 4741/5000: score=19.100759 loss=-0.211649 valid=1.0000 routes=17.033 grad=2.5180 seconds=125.2
Epoch 4742/5000: score=18.973342 loss=-0.206284 valid=1.0000 routes=17.388 grad=2.4033 seconds=125.0
>> Invalid instances, Re-generating ...
Epoch 4743/5000: score=18.889236 loss=-0.232610 valid=1.0000 routes=16.558 grad=2.5476 seconds=126.8
Epoch 4744/5000: score=18.078830 loss=-0.223131 valid=1.0000 routes=16.759 grad=2.3454 seconds=126.4
Epoch 4745/5000: score=16.979028 loss=-0.214927 valid=1.0000 routes=15.365 grad=2.0768 seconds=125.8
Epoch 4746/5000: score=18.479562 loss=-0.217330 valid=1.0000 routes=16.047 grad=2.3640 seconds=125.5
Epoch 4747/5000: score=19.791335 loss=-0.229937 valid=1.0000 routes=16.818 grad=2.6425 seconds=125.8
Epoch 4748/5000: score=18.559508 loss=-0.208047 valid=1.0000 routes=16.686 grad=2.3229 seconds=125.1
Epoch 4749/5000: score=19.366416 loss=-0.235692 valid=1.0000 routes=16.642 grad=2.6847 seconds=125.8
Epoch 4750/5000: score=17.717469 loss=-0.222854 valid=1.0000 routes=15.405 grad=2.2311 seconds=125.2
Epoch 4751/5000: score=17.897745 loss=-0.205924 valid=1.0000 routes=16.759 grad=2.2145 seconds=124.7
Epoch 4752/5000: score=18.127581 loss=-0.219076 valid=1.0000 routes=15.420 grad=2.1823 seconds=125.6
Epoch 4753/5000: score=18.840652 loss=-0.214721 valid=1.0000 routes=16.444 grad=2.3561 seconds=125.0
Epoch 4754/5000: score=19.338650 loss=-0.214426 valid=1.0000 routes=16.832 grad=2.5502 seconds=125.8
Epoch 4755/5000: score=18.540599 loss=-0.211069 valid=1.0000 routes=16.158 grad=2.2967 seconds=125.0
Epoch 4756/5000: score=18.350598 loss=-0.212923 valid=1.0000 routes=16.085 grad=2.3210 seconds=125.0
Epoch 4757/5000: score=19.068879 loss=-0.207025 valid=1.0000 routes=16.489 grad=2.3695 seconds=123.9
Epoch 4758/5000: score=19.349977 loss=-0.215617 valid=1.0000 routes=17.100 grad=2.5182 seconds=124.8
Epoch 4759/5000: score=18.679602 loss=-0.214655 valid=1.0000 routes=16.643 grad=2.4142 seconds=125.1
Epoch 4760/5000: score=18.713558 loss=-0.214111 valid=1.0000 routes=16.945 grad=2.3705 seconds=125.2
>> Invalid instances, Re-generating ...
Epoch 4761/5000: score=18.912425 loss=-0.239525 valid=1.0000 routes=16.394 grad=2.5659 seconds=126.1
Epoch 4762/5000: score=18.486372 loss=-0.231089 valid=1.0000 routes=15.819 grad=2.4871 seconds=126.4
Epoch 4763/5000: score=18.202719 loss=-0.203470 valid=1.0000 routes=16.527 grad=2.2615 seconds=125.0
Epoch 4764/5000: score=18.337141 loss=-0.211961 valid=1.0000 routes=16.394 grad=2.3004 seconds=125.1
Epoch 4765/5000: score=19.291940 loss=-0.208829 valid=1.0000 routes=18.188 grad=2.5591 seconds=125.2
Epoch 4766/5000: score=18.718298 loss=-0.211218 valid=1.0000 routes=16.599 grad=2.4161 seconds=124.5
Epoch 4767/5000: score=18.395054 loss=-0.222895 valid=1.0000 routes=16.476 grad=2.3736 seconds=124.8
Epoch 4768/5000: score=18.891589 loss=-0.215585 valid=1.0000 routes=16.901 grad=2.4618 seconds=126.1
Epoch 4769/5000: score=17.825059 loss=-0.224290 valid=1.0000 routes=15.514 grad=2.2308 seconds=125.1
Epoch 4770/5000: score=17.978446 loss=-0.205752 valid=1.0000 routes=16.082 grad=2.1734 seconds=125.3
Epoch 4771/5000: score=18.585224 loss=-0.221478 valid=1.0000 routes=16.517 grad=2.4097 seconds=126.2
Epoch 4772/5000: score=19.493075 loss=-0.230988 valid=1.0000 routes=17.185 grad=2.6577 seconds=126.6
Epoch 4773/5000: score=18.797546 loss=-0.228647 valid=1.0000 routes=16.308 grad=2.4795 seconds=126.1
Epoch 4774/5000: score=18.426371 loss=-0.212326 valid=1.0000 routes=16.966 grad=2.4302 seconds=125.7
Epoch 4775/5000: score=19.152405 loss=-0.214434 valid=1.0000 routes=17.033 grad=2.4698 seconds=125.9
Epoch 4776/5000: score=19.326347 loss=-0.218554 valid=1.0000 routes=17.768 grad=2.5818 seconds=126.9
Epoch 4777/5000: score=18.999175 loss=-0.209812 valid=1.0000 routes=17.351 grad=2.4617 seconds=125.4
Epoch 4778/5000: score=17.915465 loss=-0.221070 valid=1.0000 routes=15.349 grad=2.1998 seconds=126.4
Epoch 4779/5000: score=19.521347 loss=-0.221736 valid=1.0000 routes=16.707 grad=2.5465 seconds=125.5
Epoch 4780/5000: score=18.343890 loss=-0.207716 valid=1.0000 routes=17.248 grad=2.3552 seconds=124.9
Epoch 4781/5000: score=19.551501 loss=-0.212530 valid=1.0000 routes=17.663 grad=2.6373 seconds=124.4
Epoch 4782/5000: score=19.857815 loss=-0.204615 valid=1.0000 routes=17.748 grad=2.6048 seconds=124.5
Epoch 4783/5000: score=19.296599 loss=-0.209964 valid=1.0000 routes=16.831 grad=2.4722 seconds=124.2
Epoch 4784/5000: score=18.329466 loss=-0.218512 valid=1.0000 routes=15.681 grad=2.2905 seconds=124.9
Epoch 4785/5000: score=18.723889 loss=-0.212417 valid=1.0000 routes=16.461 grad=2.3523 seconds=125.3
Epoch 4786/5000: score=18.893746 loss=-0.208903 valid=1.0000 routes=17.941 grad=2.4508 seconds=125.5
Epoch 4787/5000: score=18.406442 loss=-0.215797 valid=1.0000 routes=16.831 grad=2.3792 seconds=125.7
Epoch 4788/5000: score=19.570434 loss=-0.204984 valid=1.0000 routes=17.420 grad=2.5918 seconds=125.5
Epoch 4789/5000: score=18.917996 loss=-0.219496 valid=1.0000 routes=16.915 grad=2.4939 seconds=125.4
Epoch 4790/5000: score=19.239468 loss=-0.225902 valid=1.0000 routes=16.838 grad=2.5847 seconds=125.2
Epoch 4791/5000: score=17.916730 loss=-0.206142 valid=1.0000 routes=16.096 grad=2.2068 seconds=124.9
Epoch 4792/5000: score=18.596593 loss=-0.212833 valid=1.0000 routes=17.293 grad=2.4186 seconds=125.4
Epoch 4793/5000: score=18.618083 loss=-0.221319 valid=1.0000 routes=16.963 grad=2.4003 seconds=125.8
Epoch 4794/5000: score=19.316265 loss=-0.212011 valid=1.0000 routes=17.234 grad=2.5394 seconds=126.4
Epoch 4795/5000: score=18.138309 loss=-0.207883 valid=1.0000 routes=16.439 grad=2.3246 seconds=125.4
Epoch 4796/5000: score=18.635571 loss=-0.220687 valid=1.0000 routes=16.657 grad=2.4281 seconds=126.4
Epoch 4797/5000: score=19.097936 loss=-0.225871 valid=1.0000 routes=17.169 grad=2.5582 seconds=126.1
Epoch 4798/5000: score=19.407209 loss=-0.216118 valid=1.0000 routes=16.936 grad=2.5149 seconds=125.8
Epoch 4799/5000: score=19.522917 loss=-0.210747 valid=1.0000 routes=16.671 grad=2.5551 seconds=125.4
Epoch 4800/5000: score=18.593548 loss=-0.204348 valid=1.0000 routes=17.156 grad=2.3392 seconds=125.2
Epoch 4801/5000: score=19.492709 loss=-0.218279 valid=1.0000 routes=18.104 grad=2.6846 seconds=125.8
Epoch 4802/5000: score=19.265937 loss=-0.209429 valid=1.0000 routes=17.348 grad=2.5243 seconds=125.4
Epoch 4803/5000: score=19.634228 loss=-0.208278 valid=1.0000 routes=17.388 grad=2.5428 seconds=124.5
Epoch 4804/5000: score=19.187166 loss=-0.208973 valid=1.0000 routes=17.008 grad=2.4470 seconds=124.8
Epoch 4805/5000: score=19.228780 loss=-0.219860 valid=1.0000 routes=16.782 grad=2.5543 seconds=125.3
Epoch 4806/5000: score=18.264588 loss=-0.208116 valid=1.0000 routes=16.785 grad=2.3209 seconds=124.8
Epoch 4807/5000: score=16.780205 loss=-0.207905 valid=1.0000 routes=14.658 grad=1.9632 seconds=125.0
Epoch 4808/5000: score=18.282114 loss=-0.206659 valid=1.0000 routes=16.093 grad=2.2854 seconds=124.3
Epoch 4809/5000: score=19.955352 loss=-0.218335 valid=1.0000 routes=17.557 grad=2.6719 seconds=124.9
Epoch 4810/5000: score=18.687605 loss=-0.207770 valid=1.0000 routes=16.445 grad=2.3456 seconds=124.7
Epoch 4811/5000: score=18.059710 loss=-0.215100 valid=1.0000 routes=16.432 grad=2.2970 seconds=125.3
Epoch 4812/5000: score=18.208828 loss=-0.233644 valid=1.0000 routes=16.065 grad=2.4423 seconds=125.0
Epoch 4813/5000: score=18.516688 loss=-0.210591 valid=1.0000 routes=15.869 grad=2.2769 seconds=124.4
Epoch 4814/5000: score=19.857314 loss=-0.220070 valid=1.0000 routes=17.297 grad=2.6738 seconds=124.3
Epoch 4815/5000: score=18.982348 loss=-0.209251 valid=1.0000 routes=17.558 grad=2.4993 seconds=124.4
Epoch 4816/5000: score=19.179370 loss=-0.231698 valid=1.0000 routes=16.289 grad=2.5630 seconds=124.5
Epoch 4817/5000: score=18.964964 loss=-0.220612 valid=1.0000 routes=17.373 grad=2.4865 seconds=124.9
Epoch 4818/5000: score=17.158019 loss=-0.228174 valid=1.0000 routes=14.953 grad=2.1363 seconds=127.1
Epoch 4819/5000: score=18.163354 loss=-0.222695 valid=1.0000 routes=15.812 grad=2.3515 seconds=129.5
Epoch 4820/5000: score=18.858920 loss=-0.204366 valid=1.0000 routes=16.757 grad=2.3612 seconds=125.1
Epoch 4821/5000: score=18.830013 loss=-0.210912 valid=1.0000 routes=15.318 grad=2.3172 seconds=124.9
Epoch 4822/5000: score=18.780677 loss=-0.213130 valid=1.0000 routes=16.806 grad=2.4761 seconds=125.6
Epoch 4823/5000: score=18.263533 loss=-0.215611 valid=1.0000 routes=15.976 grad=2.3279 seconds=125.7
Epoch 4824/5000: score=18.717855 loss=-0.230047 valid=1.0000 routes=16.420 grad=2.4688 seconds=125.1
Epoch 4825/5000: score=18.898516 loss=-0.213768 valid=1.0000 routes=17.634 grad=2.4964 seconds=124.7
Epoch 4826/5000: score=18.924674 loss=-0.208694 valid=1.0000 routes=16.483 grad=2.4514 seconds=124.9
Epoch 4827/5000: score=19.274851 loss=-0.209346 valid=1.0000 routes=17.329 grad=2.5180 seconds=125.4
Epoch 4828/5000: score=18.816203 loss=-0.214784 valid=1.0000 routes=17.193 grad=2.4819 seconds=125.6
Epoch 4829/5000: score=20.155930 loss=-0.226139 valid=1.0000 routes=17.911 grad=2.7933 seconds=125.9
Epoch 4830/5000: score=19.383607 loss=-0.220920 valid=1.0000 routes=17.562 grad=2.6250 seconds=125.8
Epoch 4831/5000: score=19.502964 loss=-0.212537 valid=1.0000 routes=17.126 grad=2.5702 seconds=124.5
Epoch 4832/5000: score=19.376229 loss=-0.222157 valid=1.0000 routes=16.788 grad=2.5427 seconds=126.2
Epoch 4833/5000: score=19.420049 loss=-0.208101 valid=1.0000 routes=17.583 grad=2.5375 seconds=125.5
Epoch 4834/5000: score=19.087659 loss=-0.206910 valid=1.0000 routes=17.755 grad=2.5038 seconds=124.8
Epoch 4835/5000: score=18.878727 loss=-0.210902 valid=1.0000 routes=17.209 grad=2.4952 seconds=124.9
Epoch 4836/5000: score=19.314543 loss=-0.221702 valid=1.0000 routes=16.533 grad=2.5368 seconds=124.6
Epoch 4837/5000: score=17.775583 loss=-0.213718 valid=1.0000 routes=15.500 grad=2.1771 seconds=125.1
Epoch 4838/5000: score=18.422648 loss=-0.208268 valid=1.0000 routes=16.693 grad=2.3937 seconds=125.0
Epoch 4839/5000: score=19.748837 loss=-0.221739 valid=1.0000 routes=17.482 grad=2.6604 seconds=125.7
Epoch 4840/5000: score=18.117895 loss=-0.205564 valid=1.0000 routes=15.961 grad=2.2103 seconds=124.9
Epoch 4841/5000: score=17.838056 loss=-0.215854 valid=1.0000 routes=15.510 grad=2.2119 seconds=125.1
Epoch 4842/5000: score=18.320978 loss=-0.207170 valid=1.0000 routes=16.794 grad=2.3335 seconds=124.7
Epoch 4843/5000: score=18.924520 loss=-0.216715 valid=1.0000 routes=16.382 grad=2.5019 seconds=125.5
Epoch 4844/5000: score=18.597363 loss=-0.206899 valid=1.0000 routes=16.693 grad=2.3261 seconds=124.5
Epoch 4845/5000: score=20.104024 loss=-0.214229 valid=1.0000 routes=18.464 grad=2.7756 seconds=124.5
Epoch 4846/5000: score=18.792797 loss=-0.206055 valid=1.0000 routes=17.191 grad=2.4376 seconds=125.5
Epoch 4847/5000: score=18.586998 loss=-0.217055 valid=1.0000 routes=16.619 grad=2.4100 seconds=125.8
Epoch 4848/5000: score=18.724843 loss=-0.208431 valid=1.0000 routes=16.801 grad=2.3952 seconds=124.9
Epoch 4849/5000: score=18.698731 loss=-0.213898 valid=1.0000 routes=16.381 grad=2.4200 seconds=125.2
Epoch 4850/5000: score=18.662794 loss=-0.204705 valid=1.0000 routes=16.609 grad=2.3673 seconds=125.0
Epoch 4851/5000: score=18.023195 loss=-0.215250 valid=1.0000 routes=16.051 grad=2.2613 seconds=125.3
Epoch 4852/5000: score=19.195372 loss=-0.214698 valid=1.0000 routes=16.901 grad=2.5544 seconds=125.1
Epoch 4853/5000: score=18.944225 loss=-0.220879 valid=1.0000 routes=16.634 grad=2.4624 seconds=125.4
Epoch 4854/5000: score=18.712721 loss=-0.213242 valid=1.0000 routes=16.694 grad=2.4014 seconds=125.5
Epoch 4855/5000: score=19.130804 loss=-0.233044 valid=1.0000 routes=16.144 grad=2.5791 seconds=125.7
Epoch 4856/5000: score=18.932010 loss=-0.220411 valid=1.0000 routes=16.569 grad=2.4813 seconds=125.4
Epoch 4857/5000: score=18.516122 loss=-0.225984 valid=1.0000 routes=15.762 grad=2.3710 seconds=125.5
Epoch 4858/5000: score=18.299897 loss=-0.209076 valid=1.0000 routes=16.418 grad=2.3004 seconds=124.3
Epoch 4859/5000: score=18.456376 loss=-0.213754 valid=1.0000 routes=16.676 grad=2.4206 seconds=125.2
Epoch 4860/5000: score=18.709400 loss=-0.212071 valid=1.0000 routes=16.253 grad=2.3924 seconds=125.6
Epoch 4861/5000: score=18.742194 loss=-0.238751 valid=1.0000 routes=15.868 grad=2.5140 seconds=126.9
Epoch 4862/5000: score=18.138122 loss=-0.213922 valid=1.0000 routes=16.112 grad=2.2989 seconds=126.1
Epoch 4863/5000: score=19.591083 loss=-0.211505 valid=1.0000 routes=17.763 grad=2.6059 seconds=126.0
Epoch 4864/5000: score=18.704104 loss=-0.221942 valid=1.0000 routes=16.941 grad=2.5008 seconds=125.8
Epoch 4865/5000: score=17.843574 loss=-0.205506 valid=1.0000 routes=16.522 grad=2.2463 seconds=125.6
Epoch 4866/5000: score=17.753895 loss=-0.223856 valid=1.0000 routes=15.876 grad=2.2857 seconds=125.5
Epoch 4867/5000: score=19.615996 loss=-0.221902 valid=1.0000 routes=17.420 grad=2.6461 seconds=125.3
Epoch 4868/5000: score=18.598935 loss=-0.214145 valid=1.0000 routes=17.718 grad=2.5064 seconds=125.3
Epoch 4869/5000: score=19.124600 loss=-0.217319 valid=1.0000 routes=17.774 grad=2.6562 seconds=124.7
Epoch 4870/5000: score=18.457709 loss=-0.220160 valid=1.0000 routes=15.875 grad=2.3744 seconds=125.3
Epoch 4871/5000: score=20.651641 loss=-0.219143 valid=1.0000 routes=18.292 grad=2.8373 seconds=126.2
Epoch 4872/5000: score=18.576929 loss=-0.210723 valid=1.0000 routes=17.080 grad=2.4547 seconds=125.7
Epoch 4873/5000: score=18.435791 loss=-0.219962 valid=1.0000 routes=16.034 grad=2.3895 seconds=125.9
Epoch 4874/5000: score=17.988590 loss=-0.205578 valid=1.0000 routes=17.243 grad=2.3591 seconds=125.8
Epoch 4875/5000: score=19.380363 loss=-0.207615 valid=1.0000 routes=17.831 grad=2.5934 seconds=125.4
Epoch 4876/5000: score=19.537007 loss=-0.222428 valid=1.0000 routes=16.903 grad=2.5911 seconds=125.4
Epoch 4877/5000: score=19.045506 loss=-0.220229 valid=1.0000 routes=16.876 grad=2.5397 seconds=125.1
Epoch 4878/5000: score=19.332966 loss=-0.204887 valid=1.0000 routes=17.733 grad=2.5441 seconds=124.9
Epoch 4879/5000: score=17.891467 loss=-0.198517 valid=1.0000 routes=16.321 grad=2.1824 seconds=124.6
Epoch 4880/5000: score=17.879507 loss=-0.216207 valid=1.0000 routes=16.146 grad=2.2247 seconds=125.3
Epoch 4881/5000: score=18.322197 loss=-0.212622 valid=1.0000 routes=16.126 grad=2.3347 seconds=125.8
Epoch 4882/5000: score=18.831636 loss=-0.217697 valid=1.0000 routes=16.944 grad=2.4687 seconds=125.4
Epoch 4883/5000: score=18.369953 loss=-0.215730 valid=1.0000 routes=16.197 grad=2.3418 seconds=126.4
Epoch 4884/5000: score=18.715426 loss=-0.208869 valid=1.0000 routes=17.111 grad=2.4811 seconds=125.5
Epoch 4885/5000: score=19.325773 loss=-0.212975 valid=1.0000 routes=17.504 grad=2.5850 seconds=125.1
Epoch 4886/5000: score=17.889434 loss=-0.221791 valid=1.0000 routes=16.012 grad=2.3260 seconds=125.9
Epoch 4887/5000: score=19.082492 loss=-0.220355 valid=1.0000 routes=16.382 grad=2.5333 seconds=125.1
Epoch 4888/5000: score=18.886604 loss=-0.217397 valid=1.0000 routes=16.934 grad=2.4677 seconds=124.7
Epoch 4889/5000: score=18.998267 loss=-0.221482 valid=1.0000 routes=17.423 grad=2.4945 seconds=124.9
Epoch 4890/5000: score=18.535060 loss=-0.222084 valid=1.0000 routes=16.316 grad=2.4492 seconds=125.8
Epoch 4891/5000: score=18.684567 loss=-0.223581 valid=1.0000 routes=16.113 grad=2.4043 seconds=127.1
Epoch 4892/5000: score=18.649661 loss=-0.218195 valid=1.0000 routes=15.792 grad=2.3582 seconds=126.5
Epoch 4893/5000: score=19.326817 loss=-0.213541 valid=1.0000 routes=17.803 grad=2.5967 seconds=125.6
Epoch 4894/5000: score=17.716621 loss=-0.204760 valid=1.0000 routes=16.041 grad=2.1721 seconds=125.2
Epoch 4895/5000: score=20.151292 loss=-0.216257 valid=1.0000 routes=18.382 grad=2.8091 seconds=125.0
Epoch 4896/5000: score=17.715307 loss=-0.217248 valid=1.0000 routes=15.547 grad=2.1758 seconds=125.8
Epoch 4897/5000: score=17.993115 loss=-0.224859 valid=1.0000 routes=15.247 grad=2.2964 seconds=125.6
Epoch 4898/5000: score=20.477033 loss=-0.219481 valid=1.0000 routes=17.840 grad=2.7663 seconds=125.6
Epoch 4899/5000: score=18.420880 loss=-0.224565 valid=1.0000 routes=16.383 grad=2.4023 seconds=124.6
Epoch 4900/5000: score=18.587652 loss=-0.217482 valid=1.0000 routes=16.588 grad=2.4435 seconds=125.6
Epoch 4901/5000: score=19.648234 loss=-0.228465 valid=1.0000 routes=17.548 grad=2.7432 seconds=125.1
Epoch 4902/5000: score=17.575367 loss=-0.221823 valid=1.0000 routes=15.195 grad=2.1715 seconds=126.0
Epoch 4903/5000: score=19.462670 loss=-0.217265 valid=1.0000 routes=16.926 grad=2.5581 seconds=125.0
Epoch 4904/5000: score=19.240046 loss=-0.225459 valid=1.0000 routes=17.212 grad=2.5935 seconds=125.6
Epoch 4905/5000: score=19.287156 loss=-0.219178 valid=1.0000 routes=16.603 grad=2.5550 seconds=125.3
Epoch 4906/5000: score=18.130370 loss=-0.208470 valid=1.0000 routes=16.440 grad=2.2444 seconds=125.0
Epoch 4907/5000: score=19.432685 loss=-0.221773 valid=1.0000 routes=17.102 grad=2.5743 seconds=124.0
Epoch 4908/5000: score=17.980634 loss=-0.216167 valid=1.0000 routes=16.297 grad=2.3514 seconds=124.3
Epoch 4909/5000: score=20.278061 loss=-0.218156 valid=1.0000 routes=18.147 grad=2.8083 seconds=125.4
Epoch 4910/5000: score=19.747225 loss=-0.220075 valid=1.0000 routes=16.889 grad=2.6466 seconds=125.3
Epoch 4911/5000: score=18.926354 loss=-0.204863 valid=1.0000 routes=16.304 grad=2.3663 seconds=125.2
Epoch 4912/5000: score=17.772501 loss=-0.219147 valid=1.0000 routes=16.240 grad=2.2581 seconds=125.1
Epoch 4913/5000: score=17.890713 loss=-0.204162 valid=1.0000 routes=16.379 grad=2.2176 seconds=125.2
Epoch 4914/5000: score=19.579810 loss=-0.206525 valid=1.0000 routes=17.699 grad=2.6210 seconds=125.4
Epoch 4915/5000: score=19.003956 loss=-0.217519 valid=1.0000 routes=17.013 grad=2.4951 seconds=125.7
Epoch 4916/5000: score=19.031765 loss=-0.214059 valid=1.0000 routes=16.956 grad=2.5216 seconds=125.6
Epoch 4917/5000: score=17.769421 loss=-0.211286 valid=1.0000 routes=15.951 grad=2.1633 seconds=125.1
Epoch 4918/5000: score=18.122434 loss=-0.211366 valid=1.0000 routes=16.197 grad=2.2873 seconds=126.3
Epoch 4919/5000: score=18.813397 loss=-0.215076 valid=1.0000 routes=16.541 grad=2.4359 seconds=125.9
Epoch 4920/5000: score=19.223710 loss=-0.204969 valid=1.0000 routes=16.599 grad=2.4679 seconds=125.3
Epoch 4921/5000: score=19.309291 loss=-0.213546 valid=1.0000 routes=17.034 grad=2.5949 seconds=125.5
Epoch 4922/5000: score=19.736629 loss=-0.204579 valid=1.0000 routes=18.435 grad=2.6586 seconds=124.7
Epoch 4923/5000: score=18.357378 loss=-0.205494 valid=1.0000 routes=17.037 grad=2.3704 seconds=125.2
Epoch 4924/5000: score=19.153404 loss=-0.241438 valid=1.0000 routes=16.502 grad=2.6129 seconds=125.8
Epoch 4925/5000: score=18.956023 loss=-0.203452 valid=1.0000 routes=17.182 grad=2.4655 seconds=124.8
Epoch 4926/5000: score=19.329019 loss=-0.230048 valid=1.0000 routes=17.269 grad=2.6657 seconds=124.5
Epoch 4927/5000: score=17.829167 loss=-0.217748 valid=1.0000 routes=16.397 grad=2.2737 seconds=124.5
Epoch 4928/5000: score=19.264756 loss=-0.211035 valid=1.0000 routes=17.274 grad=2.5787 seconds=125.0
Epoch 4929/5000: score=18.427997 loss=-0.219123 valid=1.0000 routes=15.895 grad=2.3399 seconds=125.5
Epoch 4930/5000: score=18.898749 loss=-0.216793 valid=1.0000 routes=15.806 grad=2.4013 seconds=124.4
Epoch 4931/5000: score=19.808152 loss=-0.220448 valid=1.0000 routes=17.377 grad=2.7017 seconds=125.1
Epoch 4932/5000: score=18.413991 loss=-0.214916 valid=1.0000 routes=16.204 grad=2.3433 seconds=125.1
Epoch 4933/5000: score=18.326209 loss=-0.212026 valid=1.0000 routes=15.658 grad=2.2947 seconds=124.1
Epoch 4934/5000: score=19.024958 loss=-0.216105 valid=1.0000 routes=17.090 grad=2.5105 seconds=124.5
Epoch 4935/5000: score=18.909336 loss=-0.222143 valid=1.0000 routes=16.673 grad=2.5030 seconds=125.6
Epoch 4936/5000: score=19.229482 loss=-0.226110 valid=1.0000 routes=17.472 grad=2.6287 seconds=126.0
Epoch 4937/5000: score=18.418590 loss=-0.208760 valid=1.0000 routes=17.115 grad=2.4320 seconds=126.0
Epoch 4938/5000: score=18.308837 loss=-0.208008 valid=1.0000 routes=17.010 grad=2.3672 seconds=125.2
Epoch 4939/5000: score=18.491469 loss=-0.219495 valid=1.0000 routes=16.298 grad=2.4417 seconds=127.3
Epoch 4940/5000: score=17.877576 loss=-0.213375 valid=1.0000 routes=15.657 grad=2.2289 seconds=126.9
Epoch 4941/5000: score=18.954842 loss=-0.212371 valid=1.0000 routes=15.971 grad=2.4673 seconds=125.4
Epoch 4942/5000: score=19.656047 loss=-0.222564 valid=1.0000 routes=16.144 grad=2.5975 seconds=125.5
Epoch 4943/5000: score=18.935537 loss=-0.212796 valid=1.0000 routes=17.067 grad=2.5034 seconds=125.8
Epoch 4944/5000: score=18.387421 loss=-0.219202 valid=1.0000 routes=16.720 grad=2.3950 seconds=125.8
Epoch 4945/5000: score=19.052487 loss=-0.218965 valid=1.0000 routes=17.256 grad=2.5801 seconds=126.1
Epoch 4946/5000: score=19.121706 loss=-0.206404 valid=1.0000 routes=17.337 grad=2.5275 seconds=125.7
>> Invalid instances, Re-generating ...
Epoch 4947/5000: score=18.937522 loss=-0.212498 valid=1.0000 routes=17.885 grad=2.5414 seconds=125.1
Epoch 4948/5000: score=19.843649 loss=-0.214327 valid=1.0000 routes=17.692 grad=2.7043 seconds=125.0
Epoch 4949/5000: score=18.470433 loss=-0.216995 valid=1.0000 routes=16.712 grad=2.4352 seconds=125.4
Epoch 4950/5000: score=19.077406 loss=-0.208705 valid=1.0000 routes=18.571 grad=2.6268 seconds=125.6
Epoch 4951/5000: score=19.057862 loss=-0.214164 valid=1.0000 routes=17.241 grad=2.5930 seconds=126.2
Epoch 4952/5000: score=18.646379 loss=-0.201165 valid=1.0000 routes=16.959 grad=2.3525 seconds=125.9
Epoch 4953/5000: score=20.131465 loss=-0.211791 valid=1.0000 routes=18.192 grad=2.7402 seconds=125.3
Epoch 4954/5000: score=19.112379 loss=-0.215475 valid=1.0000 routes=17.131 grad=2.5945 seconds=126.0
Epoch 4955/5000: score=18.447874 loss=-0.216095 valid=1.0000 routes=16.551 grad=2.4120 seconds=126.4
Epoch 4956/5000: score=18.715637 loss=-0.234109 valid=1.0000 routes=16.986 grad=2.5411 seconds=125.9
Epoch 4957/5000: score=18.136347 loss=-0.214314 valid=1.0000 routes=16.874 grad=2.3262 seconds=125.7
Epoch 4958/5000: score=18.216715 loss=-0.216830 valid=1.0000 routes=16.560 grad=2.4241 seconds=125.7
Epoch 4959/5000: score=19.760406 loss=-0.210349 valid=1.0000 routes=17.446 grad=2.6807 seconds=125.4
>> Invalid instances, Re-generating ...
Epoch 4960/5000: score=19.649144 loss=-0.204536 valid=1.0000 routes=17.690 grad=2.6283 seconds=125.8
Epoch 4961/5000: score=19.411441 loss=-0.217003 valid=1.0000 routes=17.337 grad=2.6741 seconds=125.7
Epoch 4962/5000: score=18.568120 loss=-0.217229 valid=1.0000 routes=15.425 grad=2.3793 seconds=125.7
Epoch 4963/5000: score=19.029222 loss=-0.216404 valid=1.0000 routes=17.389 grad=2.5866 seconds=125.9
Epoch 4964/5000: score=18.988089 loss=-0.217637 valid=1.0000 routes=16.760 grad=2.5674 seconds=124.9
Epoch 4965/5000: score=17.907469 loss=-0.209586 valid=1.0000 routes=16.020 grad=2.2576 seconds=125.3
Epoch 4966/5000: score=18.177398 loss=-0.223282 valid=1.0000 routes=16.009 grad=2.3940 seconds=124.6
Epoch 4967/5000: score=18.553920 loss=-0.226995 valid=1.0000 routes=16.176 grad=2.5035 seconds=124.5
Epoch 4968/5000: score=17.582921 loss=-0.201835 valid=1.0000 routes=16.724 grad=2.2020 seconds=123.6
Epoch 4969/5000: score=18.277935 loss=-0.214202 valid=1.0000 routes=16.186 grad=2.3018 seconds=124.5
Epoch 4970/5000: score=19.112894 loss=-0.222576 valid=1.0000 routes=16.901 grad=2.5650 seconds=124.6
Epoch 4971/5000: score=18.768656 loss=-0.208485 valid=1.0000 routes=17.742 grad=2.4575 seconds=123.9
Epoch 4972/5000: score=18.636936 loss=-0.219779 valid=1.0000 routes=17.475 grad=2.5409 seconds=124.2
Epoch 4973/5000: score=18.442452 loss=-0.213659 valid=1.0000 routes=17.355 grad=2.4654 seconds=123.3
Epoch 4974/5000: score=17.957269 loss=-0.224234 valid=1.0000 routes=15.282 grad=2.2970 seconds=123.8
Epoch 4975/5000: score=17.659061 loss=-0.215525 valid=1.0000 routes=15.464 grad=2.2269 seconds=124.1
Epoch 4976/5000: score=19.877625 loss=-0.217184 valid=1.0000 routes=17.594 grad=2.7347 seconds=123.7
Epoch 4977/5000: score=19.427434 loss=-0.209581 valid=1.0000 routes=17.604 grad=2.5688 seconds=123.3
Epoch 4978/5000: score=18.477749 loss=-0.210012 valid=1.0000 routes=16.795 grad=2.3792 seconds=123.9
Epoch 4979/5000: score=18.624181 loss=-0.217690 valid=1.0000 routes=16.936 grad=2.4826 seconds=123.5
Epoch 4980/5000: score=17.780917 loss=-0.214376 valid=1.0000 routes=16.304 grad=2.2828 seconds=123.8
Epoch 4981/5000: score=19.646437 loss=-0.210033 valid=1.0000 routes=17.847 grad=2.6246 seconds=123.8
Epoch 4982/5000: score=20.049820 loss=-0.204771 valid=1.0000 routes=18.176 grad=2.7030 seconds=122.5
Epoch 4983/5000: score=19.080287 loss=-0.212049 valid=1.0000 routes=16.813 grad=2.5733 seconds=123.7
Epoch 4984/5000: score=18.795747 loss=-0.212036 valid=1.0000 routes=15.994 grad=2.4183 seconds=125.4
Epoch 4985/5000: score=17.980054 loss=-0.205013 valid=1.0000 routes=16.213 grad=2.2642 seconds=126.3
Epoch 4986/5000: score=18.326789 loss=-0.224579 valid=1.0000 routes=15.801 grad=2.3988 seconds=126.0
Epoch 4987/5000: score=19.011068 loss=-0.214937 valid=1.0000 routes=16.358 grad=2.4699 seconds=126.2
Epoch 4988/5000: score=17.401083 loss=-0.216582 valid=1.0000 routes=15.184 grad=2.1639 seconds=127.3
Epoch 4989/5000: score=18.896913 loss=-0.221454 valid=1.0000 routes=17.024 grad=2.5496 seconds=126.3
Epoch 4990/5000: score=17.669999 loss=-0.223701 valid=1.0000 routes=15.385 grad=2.2446 seconds=126.3
Epoch 4991/5000: score=18.132431 loss=-0.215449 valid=1.0000 routes=16.902 grad=2.3455 seconds=126.4
Epoch 4992/5000: score=19.116419 loss=-0.219719 valid=1.0000 routes=17.421 grad=2.5983 seconds=127.2
Epoch 4993/5000: score=18.806254 loss=-0.228042 valid=1.0000 routes=16.933 grad=2.5935 seconds=126.6
Epoch 4994/5000: score=18.517873 loss=-0.219255 valid=1.0000 routes=16.767 grad=2.3899 seconds=125.8
Epoch 4995/5000: score=18.954931 loss=-0.211122 valid=1.0000 routes=17.332 grad=2.5308 seconds=124.9
Epoch 4996/5000: score=19.066438 loss=-0.213757 valid=1.0000 routes=16.458 grad=2.5413 seconds=124.7
Epoch 4997/5000: score=18.696097 loss=-0.214465 valid=1.0000 routes=16.878 grad=2.4229 seconds=124.4
Epoch 4998/5000: score=18.780237 loss=-0.208920 valid=1.0000 routes=16.334 grad=2.4126 seconds=123.8
Epoch 4999/5000: score=18.618518 loss=-0.207070 valid=1.0000 routes=16.910 grad=2.3851 seconds=124.5
Epoch 5000/5000: score=19.064955 loss=-0.219663 valid=1.0000 routes=16.792 grad=2.5895 seconds=125.8
