There are 3714691 (3.71 million) parameters in this neural network
[rank1]:[W904 16:48:56.199980884 reducer.cpp:1457] Warning: find_unused_parameters=True was specified in DDP constructor, but did not find any unused parameters in the forward pass. This flag results in an extra traversal of the autograd graph every iteration,  which can adversely affect performance. If your model indeed never has any unused parameters in the forward pass, consider turning this flag off. Note that this warning may be a false positive if your model has flow control causing later iterations to have unused parameters. (function operator())
[rank0]:[W904 16:48:56.213313674 reducer.cpp:1457] Warning: find_unused_parameters=True was specified in DDP constructor, but did not find any unused parameters in the forward pass. This flag results in an extra traversal of the autograd graph every iteration,  which can adversely affect performance. If your model indeed never has any unused parameters in the forward pass, consider turning this flag off. Note that this warning may be a false positive if your model has flow control causing later iterations to have unused parameters. (function operator())
Epoch    1/5000: score=26.834249 loss=-11.644122 valid=1.0000 routes=21.319 grad=7.7142 seconds=95.0
Epoch    2/5000: score=22.608795 loss=-4.215537 valid=1.0000 routes=18.722 grad=5.6092 seconds=89.9
Epoch    3/5000: score=20.555917 loss=-2.781090 valid=1.0000 routes=17.505 grad=5.9323 seconds=90.5
Epoch    4/5000: score=20.786382 loss=-2.452663 valid=1.0000 routes=17.724 grad=5.5416 seconds=88.5
Epoch    5/5000: score=21.168410 loss=-2.300338 valid=1.0000 routes=17.875 grad=5.3433 seconds=89.6
Epoch    6/5000: score=19.540504 loss=-2.163672 valid=1.0000 routes=15.851 grad=4.8414 seconds=92.0
Epoch    7/5000: score=20.793452 loss=-2.070603 valid=1.0000 routes=17.822 grad=5.0211 seconds=88.3
Epoch    8/5000: score=20.830492 loss=-1.957039 valid=1.0000 routes=17.029 grad=4.8090 seconds=88.7
Epoch    9/5000: score=20.687873 loss=-1.788230 valid=1.0000 routes=17.981 grad=4.7250 seconds=90.7
Epoch   10/5000: score=19.751061 loss=-1.709936 valid=1.0000 routes=16.756 grad=4.4923 seconds=87.3
Epoch   11/5000: score=20.901394 loss=-1.662789 valid=1.0000 routes=17.893 grad=4.7539 seconds=93.3
Epoch   12/5000: score=20.365970 loss=-1.571848 valid=1.0000 routes=17.378 grad=4.6479 seconds=91.1
Epoch   13/5000: score=20.177454 loss=-1.552210 valid=1.0000 routes=17.161 grad=4.8359 seconds=89.7
Epoch   14/5000: score=19.811095 loss=-1.445567 valid=1.0000 routes=16.893 grad=4.4414 seconds=94.0
Epoch   15/5000: score=20.483427 loss=-1.445857 valid=1.0000 routes=17.481 grad=5.0932 seconds=90.6
Epoch   16/5000: score=19.967758 loss=-1.364756 valid=1.0000 routes=17.863 grad=4.8067 seconds=91.4
Epoch   17/5000: score=19.092532 loss=-1.322776 valid=1.0000 routes=16.287 grad=4.6187 seconds=94.1
Epoch   18/5000: score=20.588279 loss=-1.312924 valid=1.0000 routes=17.112 grad=4.7142 seconds=90.0
Epoch   19/5000: score=18.984097 loss=-1.263483 valid=1.0000 routes=16.107 grad=4.5871 seconds=90.6
Epoch   20/5000: score=18.896603 loss=-1.270826 valid=1.0000 routes=17.028 grad=4.6210 seconds=92.1
Epoch   21/5000: score=19.064666 loss=-1.245593 valid=1.0000 routes=16.550 grad=4.5044 seconds=87.2
Epoch   22/5000: score=19.874947 loss=-1.195130 valid=1.0000 routes=17.509 grad=4.8190 seconds=92.9
Epoch   23/5000: score=19.947052 loss=-1.168808 valid=1.0000 routes=17.510 grad=4.7914 seconds=91.2
Epoch   24/5000: score=18.526985 loss=-1.146662 valid=1.0000 routes=16.620 grad=4.4555 seconds=88.4
Epoch   25/5000: score=20.386355 loss=-1.178336 valid=1.0000 routes=17.813 grad=5.1128 seconds=93.0
Epoch   26/5000: score=19.036612 loss=-1.082080 valid=1.0000 routes=15.597 grad=4.3934 seconds=86.3
Epoch   27/5000: score=19.366057 loss=-1.098403 valid=1.0000 routes=16.064 grad=4.7249 seconds=86.0
Epoch   28/5000: score=18.956285 loss=-1.027973 valid=1.0000 routes=16.840 grad=4.4349 seconds=88.8
Epoch   29/5000: score=18.877812 loss=-1.015897 valid=1.0000 routes=17.169 grad=4.4208 seconds=84.1
Epoch   30/5000: score=19.390769 loss=-1.048505 valid=1.0000 routes=16.206 grad=4.6251 seconds=90.4
Epoch   31/5000: score=19.941514 loss=-1.010437 valid=1.0000 routes=16.983 grad=4.6294 seconds=87.2
Epoch   32/5000: score=20.040115 loss=-1.011256 valid=1.0000 routes=16.451 grad=4.5138 seconds=85.6
Epoch   33/5000: score=20.055657 loss=-1.015762 valid=1.0000 routes=17.177 grad=4.7749 seconds=88.0
Epoch   34/5000: score=18.187843 loss=-0.964578 valid=1.0000 routes=15.895 grad=4.0517 seconds=83.8
Epoch   35/5000: score=18.029456 loss=-0.943297 valid=1.0000 routes=14.964 grad=3.9858 seconds=90.1
Epoch   36/5000: score=18.550512 loss=-0.940790 valid=1.0000 routes=16.419 grad=4.1410 seconds=88.0
Epoch   37/5000: score=19.033833 loss=-0.937020 valid=1.0000 routes=17.059 grad=4.2808 seconds=86.3
Epoch   38/5000: score=18.757430 loss=-0.946719 valid=1.0000 routes=16.330 grad=4.3406 seconds=89.9
Epoch   39/5000: score=19.954815 loss=-0.928609 valid=1.0000 routes=17.287 grad=4.5862 seconds=85.6
Epoch   40/5000: score=19.921960 loss=-0.925460 valid=1.0000 routes=17.400 grad=4.5148 seconds=87.0
Epoch   41/5000: score=19.477483 loss=-0.903391 valid=1.0000 routes=17.365 grad=4.5492 seconds=88.2
Epoch   42/5000: score=19.726637 loss=-0.929824 valid=1.0000 routes=16.496 grad=4.5351 seconds=83.0
Epoch   43/5000: score=19.221513 loss=-0.875769 valid=1.0000 routes=16.912 grad=4.4100 seconds=90.5
Epoch   44/5000: score=19.311582 loss=-0.866345 valid=1.0000 routes=17.554 grad=4.2533 seconds=85.7
Epoch   45/5000: score=19.039325 loss=-0.840515 valid=1.0000 routes=16.775 grad=4.0461 seconds=85.7
Epoch   46/5000: score=18.988912 loss=-0.845632 valid=1.0000 routes=16.985 grad=4.2003 seconds=90.7
Epoch   47/5000: score=19.593928 loss=-0.862784 valid=1.0000 routes=16.356 grad=4.2615 seconds=90.9
Epoch   48/5000: score=20.140763 loss=-0.846972 valid=1.0000 routes=18.133 grad=4.4113 seconds=94.2
Epoch   49/5000: score=18.741763 loss=-0.817746 valid=1.0000 routes=16.759 grad=3.9994 seconds=96.9
Epoch   50/5000: score=18.327577 loss=-0.803920 valid=1.0000 routes=15.654 grad=3.9969 seconds=91.7
Epoch   51/5000: score=19.395033 loss=-0.811385 valid=1.0000 routes=17.154 grad=4.3628 seconds=91.9
Epoch   52/5000: score=18.724093 loss=-0.775533 valid=1.0000 routes=17.193 grad=3.9833 seconds=95.7
Epoch   53/5000: score=18.919191 loss=-0.777755 valid=1.0000 routes=16.387 grad=4.1155 seconds=89.9
Epoch   54/5000: score=20.308446 loss=-0.799760 valid=1.0000 routes=17.811 grad=4.5116 seconds=93.2
Epoch   55/5000: score=19.327931 loss=-0.776320 valid=1.0000 routes=17.012 grad=4.1081 seconds=95.3
>> Invalid instances, Re-generating ...
Epoch   56/5000: score=18.930913 loss=-0.780449 valid=1.0000 routes=16.739 grad=4.0936 seconds=92.1
Epoch   57/5000: score=19.309118 loss=-0.779046 valid=1.0000 routes=16.206 grad=4.0467 seconds=95.6
Epoch   58/5000: score=18.798984 loss=-0.734810 valid=1.0000 routes=16.710 grad=3.7530 seconds=92.4
Epoch   59/5000: score=18.235277 loss=-0.730567 valid=1.0000 routes=15.341 grad=3.6100 seconds=93.2
Epoch   60/5000: score=18.578053 loss=-0.726947 valid=1.0000 routes=16.992 grad=3.8652 seconds=95.8
Epoch   61/5000: score=17.737286 loss=-0.713773 valid=1.0000 routes=14.965 grad=3.4464 seconds=90.3
Epoch   62/5000: score=18.664243 loss=-0.719532 valid=1.0000 routes=16.357 grad=3.7813 seconds=94.8
Epoch   63/5000: score=19.166773 loss=-0.730423 valid=1.0000 routes=16.801 grad=4.1146 seconds=91.9
Epoch   64/5000: score=19.213922 loss=-0.720735 valid=1.0000 routes=17.087 grad=4.0976 seconds=86.9
Epoch   65/5000: score=19.499939 loss=-0.708659 valid=1.0000 routes=16.803 grad=3.9008 seconds=88.6
Epoch   66/5000: score=18.881136 loss=-0.732007 valid=1.0000 routes=16.790 grad=3.9283 seconds=88.5
Epoch   67/5000: score=19.058256 loss=-0.720544 valid=1.0000 routes=15.695 grad=3.8455 seconds=87.2
Epoch   68/5000: score=18.320772 loss=-0.680971 valid=1.0000 routes=16.120 grad=3.6335 seconds=90.1
Epoch   69/5000: score=20.032579 loss=-0.714153 valid=1.0000 routes=18.148 grad=4.2871 seconds=85.8
Epoch   70/5000: score=18.936800 loss=-0.690488 valid=1.0000 routes=16.716 grad=3.8009 seconds=86.2
Epoch   71/5000: score=18.493358 loss=-0.668681 valid=1.0000 routes=16.646 grad=3.5883 seconds=89.2
Epoch   72/5000: score=18.413326 loss=-0.676349 valid=1.0000 routes=16.402 grad=3.4995 seconds=84.7
Epoch   73/5000: score=19.756094 loss=-0.687331 valid=1.0000 routes=17.782 grad=4.0533 seconds=86.6
Epoch   74/5000: score=19.041477 loss=-0.692027 valid=1.0000 routes=16.698 grad=3.8696 seconds=86.0
>> Invalid instances, Re-generating ...
Epoch   75/5000: score=19.741819 loss=-0.683237 valid=1.0000 routes=18.307 grad=4.0945 seconds=87.8
Epoch   76/5000: score=20.011716 loss=-0.697520 valid=1.0000 routes=17.908 grad=4.1044 seconds=88.2
Epoch   77/5000: score=19.014239 loss=-0.668646 valid=1.0000 routes=17.043 grad=3.7415 seconds=85.7
Epoch   78/5000: score=17.644580 loss=-0.637507 valid=1.0000 routes=15.880 grad=3.3699 seconds=89.6
Epoch   79/5000: score=20.054504 loss=-0.706738 valid=1.0000 routes=16.600 grad=4.1859 seconds=90.7
Epoch   80/5000: score=21.175703 loss=-0.694111 valid=1.0000 routes=18.554 grad=4.2488 seconds=86.0
Epoch   81/5000: score=18.384315 loss=-0.646675 valid=1.0000 routes=15.652 grad=3.3746 seconds=90.0
Epoch   82/5000: score=18.946099 loss=-0.642268 valid=1.0000 routes=16.317 grad=3.5100 seconds=85.2
Epoch   83/5000: score=18.890276 loss=-0.652240 valid=1.0000 routes=17.036 grad=3.7334 seconds=87.3
Epoch   84/5000: score=19.296450 loss=-0.651952 valid=1.0000 routes=16.843 grad=3.7520 seconds=87.7
Epoch   85/5000: score=19.815784 loss=-0.660596 valid=1.0000 routes=17.406 grad=3.9898 seconds=84.1
Epoch   86/5000: score=18.875330 loss=-0.645665 valid=1.0000 routes=16.644 grad=3.6488 seconds=86.3
Epoch   87/5000: score=19.387972 loss=-0.665656 valid=1.0000 routes=17.095 grad=3.7484 seconds=85.3
Epoch   88/5000: score=18.960618 loss=-0.637535 valid=1.0000 routes=16.778 grad=3.7228 seconds=86.3
Epoch   89/5000: score=19.480657 loss=-0.648733 valid=1.0000 routes=16.550 grad=3.7904 seconds=89.0
Epoch   90/5000: score=18.827439 loss=-0.637899 valid=1.0000 routes=16.165 grad=3.4992 seconds=84.3
Epoch   91/5000: score=19.488479 loss=-0.626677 valid=1.0000 routes=17.511 grad=3.8795 seconds=90.0
Epoch   92/5000: score=18.607723 loss=-0.625254 valid=1.0000 routes=16.535 grad=3.4903 seconds=84.6
Epoch   93/5000: score=19.355254 loss=-0.658885 valid=1.0000 routes=17.218 grad=3.9400 seconds=84.8
Epoch   94/5000: score=19.308148 loss=-0.637156 valid=1.0000 routes=17.258 grad=3.8680 seconds=88.6
Epoch   95/5000: score=18.685785 loss=-0.602101 valid=1.0000 routes=17.092 grad=3.5366 seconds=84.2
Epoch   96/5000: score=18.956824 loss=-0.603970 valid=1.0000 routes=16.511 grad=3.4319 seconds=88.7
Epoch   97/5000: score=18.472996 loss=-0.620981 valid=1.0000 routes=15.471 grad=3.5672 seconds=85.4
Epoch   98/5000: score=19.388875 loss=-0.612170 valid=1.0000 routes=17.890 grad=3.7058 seconds=85.2
Epoch   99/5000: score=20.142342 loss=-0.626430 valid=1.0000 routes=17.641 grad=3.9654 seconds=86.8
Epoch  100/5000: score=20.096228 loss=-0.641226 valid=1.0000 routes=17.602 grad=3.9713 seconds=83.4
Epoch  101/5000: score=19.825122 loss=-0.633258 valid=1.0000 routes=17.602 grad=3.7932 seconds=88.7
Epoch  102/5000: score=18.726509 loss=-0.604924 valid=1.0000 routes=15.967 grad=3.5437 seconds=88.9
Epoch  103/5000: score=19.156455 loss=-0.605310 valid=1.0000 routes=16.529 grad=3.5307 seconds=86.7
Epoch  104/5000: score=18.786337 loss=-0.605818 valid=1.0000 routes=17.370 grad=3.5782 seconds=89.8
Epoch  105/5000: score=19.350980 loss=-0.621402 valid=1.0000 routes=17.161 grad=3.7414 seconds=85.3
Epoch  106/5000: score=18.902140 loss=-0.597944 valid=1.0000 routes=16.251 grad=3.4984 seconds=86.6
Epoch  107/5000: score=18.502672 loss=-0.596567 valid=1.0000 routes=16.375 grad=3.5285 seconds=89.2
Epoch  108/5000: score=20.459077 loss=-0.628624 valid=1.0000 routes=18.259 grad=4.0230 seconds=86.7
Epoch  109/5000: score=19.409155 loss=-0.610894 valid=1.0000 routes=17.398 grad=3.7549 seconds=90.6
Epoch  110/5000: score=19.720925 loss=-0.603112 valid=1.0000 routes=17.183 grad=3.6530 seconds=87.9
Epoch  111/5000: score=19.233545 loss=-0.609187 valid=1.0000 routes=16.236 grad=3.5742 seconds=86.0
Epoch  112/5000: score=19.500607 loss=-0.616284 valid=1.0000 routes=16.708 grad=3.8060 seconds=90.9
Epoch  113/5000: score=18.847143 loss=-0.582450 valid=1.0000 routes=17.077 grad=3.4786 seconds=88.0
Epoch  114/5000: score=18.042706 loss=-0.558710 valid=1.0000 routes=16.587 grad=3.1403 seconds=87.7
Epoch  115/5000: score=19.600213 loss=-0.596158 valid=1.0000 routes=17.084 grad=3.7069 seconds=89.9
Epoch  116/5000: score=18.882104 loss=-0.587632 valid=1.0000 routes=16.442 grad=3.5498 seconds=86.0
Epoch  117/5000: score=18.282755 loss=-0.562914 valid=1.0000 routes=15.960 grad=3.3054 seconds=88.4
Epoch  118/5000: score=19.766158 loss=-0.597460 valid=1.0000 routes=17.358 grad=3.7962 seconds=88.7
Epoch  119/5000: score=20.586368 loss=-0.608149 valid=1.0000 routes=18.223 grad=3.9378 seconds=84.3
Epoch  120/5000: score=18.684809 loss=-0.586835 valid=1.0000 routes=15.797 grad=3.3336 seconds=88.7
Epoch  121/5000: score=19.638986 loss=-0.592143 valid=1.0000 routes=16.780 grad=3.5628 seconds=86.6
Epoch  122/5000: score=19.541462 loss=-0.592087 valid=1.0000 routes=16.982 grad=3.6688 seconds=85.0
Epoch  123/5000: score=18.978415 loss=-0.581357 valid=1.0000 routes=17.033 grad=3.5196 seconds=89.1
Epoch  124/5000: score=19.379345 loss=-0.583375 valid=1.0000 routes=16.323 grad=3.5455 seconds=87.0
Epoch  125/5000: score=19.863331 loss=-0.593994 valid=1.0000 routes=17.500 grad=3.8323 seconds=91.6
Epoch  126/5000: score=19.932291 loss=-0.574862 valid=1.0000 routes=17.733 grad=3.6207 seconds=89.7
Epoch  127/5000: score=19.567083 loss=-0.575055 valid=1.0000 routes=17.443 grad=3.5229 seconds=86.6
Epoch  128/5000: score=18.747498 loss=-0.554755 valid=1.0000 routes=17.545 grad=3.4014 seconds=90.2
Epoch  129/5000: score=18.596830 loss=-0.563502 valid=1.0000 routes=16.086 grad=3.3877 seconds=87.7
Epoch  130/5000: score=19.491157 loss=-0.580491 valid=1.0000 routes=17.191 grad=3.5704 seconds=93.4
Epoch  131/5000: score=19.764755 loss=-0.592838 valid=1.0000 routes=17.021 grad=3.6298 seconds=91.1
Epoch  132/5000: score=18.827435 loss=-0.552520 valid=1.0000 routes=16.251 grad=3.3183 seconds=86.2
Epoch  133/5000: score=19.433158 loss=-0.590880 valid=1.0000 routes=16.460 grad=3.5563 seconds=88.1
Epoch  134/5000: score=20.502469 loss=-0.593145 valid=1.0000 routes=18.073 grad=3.8435 seconds=87.3
Epoch  135/5000: score=18.323242 loss=-0.557721 valid=1.0000 routes=15.728 grad=3.1810 seconds=89.5
Epoch  136/5000: score=18.458864 loss=-0.544389 valid=1.0000 routes=16.939 grad=3.2127 seconds=86.4
Epoch  137/5000: score=18.600213 loss=-0.574201 valid=1.0000 routes=16.401 grad=3.3893 seconds=88.0
Epoch  138/5000: score=19.488011 loss=-0.554458 valid=1.0000 routes=16.666 grad=3.4376 seconds=88.8
Epoch  139/5000: score=18.977882 loss=-0.548445 valid=1.0000 routes=16.307 grad=3.3127 seconds=85.3
Epoch  140/5000: score=19.665418 loss=-0.575947 valid=1.0000 routes=16.921 grad=3.6122 seconds=89.9
Epoch  141/5000: score=18.534869 loss=-0.573946 valid=1.0000 routes=15.511 grad=3.3671 seconds=86.9
Epoch  142/5000: score=19.632479 loss=-0.555144 valid=1.0000 routes=18.646 grad=3.6176 seconds=86.5
Epoch  143/5000: score=17.729850 loss=-0.539978 valid=1.0000 routes=16.659 grad=3.0763 seconds=88.7
Epoch  144/5000: score=18.688954 loss=-0.548544 valid=1.0000 routes=16.121 grad=3.2857 seconds=85.9
Epoch  145/5000: score=18.748735 loss=-0.536853 valid=1.0000 routes=16.093 grad=3.2346 seconds=96.0
Epoch  146/5000: score=19.001687 loss=-0.540514 valid=1.0000 routes=16.417 grad=3.3262 seconds=89.6
Epoch  147/5000: score=18.938042 loss=-0.551964 valid=1.0000 routes=16.536 grad=3.3671 seconds=89.0
Epoch  148/5000: score=19.914143 loss=-0.585193 valid=1.0000 routes=17.062 grad=3.7320 seconds=88.2
>> Invalid instances, Re-generating ...
Epoch  149/5000: score=18.367562 loss=-0.537898 valid=1.0000 routes=16.707 grad=3.2189 seconds=85.0
Epoch  150/5000: score=18.833752 loss=-0.548193 valid=1.0000 routes=16.563 grad=3.4631 seconds=90.7
Epoch  151/5000: score=19.373120 loss=-0.548751 valid=1.0000 routes=17.605 grad=3.5229 seconds=87.7
Epoch  152/5000: score=18.346913 loss=-0.547713 valid=1.0000 routes=16.059 grad=3.3431 seconds=89.5
Epoch  153/5000: score=19.317665 loss=-0.535050 valid=1.0000 routes=17.293 grad=3.3593 seconds=89.8
Epoch  154/5000: score=18.614802 loss=-0.545477 valid=1.0000 routes=16.601 grad=3.3004 seconds=84.6
Epoch  155/5000: score=19.486858 loss=-0.537877 valid=1.0000 routes=17.527 grad=3.4886 seconds=89.8
Epoch  156/5000: score=19.590322 loss=-0.544037 valid=1.0000 routes=16.052 grad=3.4393 seconds=87.7
Epoch  157/5000: score=18.647946 loss=-0.522510 valid=1.0000 routes=17.030 grad=3.2470 seconds=87.4
Epoch  158/5000: score=18.516416 loss=-0.531172 valid=1.0000 routes=16.411 grad=3.1189 seconds=89.1
Epoch  159/5000: score=18.208743 loss=-0.530667 valid=1.0000 routes=15.510 grad=3.1754 seconds=86.7
Epoch  160/5000: score=19.637296 loss=-0.549371 valid=1.0000 routes=16.877 grad=3.5523 seconds=89.9
Epoch  161/5000: score=18.259232 loss=-0.526937 valid=1.0000 routes=15.984 grad=3.1954 seconds=87.8
Epoch  162/5000: score=18.213358 loss=-0.507238 valid=1.0000 routes=16.424 grad=3.0633 seconds=87.1
Epoch  163/5000: score=18.629941 loss=-0.529047 valid=1.0000 routes=16.024 grad=3.1893 seconds=90.3
Epoch  164/5000: score=19.107191 loss=-0.540400 valid=1.0000 routes=16.466 grad=3.3841 seconds=86.3
Epoch  165/5000: score=19.170086 loss=-0.538476 valid=1.0000 routes=17.589 grad=3.4835 seconds=88.2
Epoch  166/5000: score=18.684177 loss=-0.537300 valid=1.0000 routes=15.585 grad=3.2358 seconds=86.8
Epoch  167/5000: score=18.634782 loss=-0.539825 valid=1.0000 routes=16.336 grad=3.2176 seconds=86.0
Epoch  168/5000: score=20.003833 loss=-0.527345 valid=1.0000 routes=17.846 grad=3.5339 seconds=90.2
Epoch  169/5000: score=18.536584 loss=-0.515730 valid=1.0000 routes=16.703 grad=3.1284 seconds=85.2
Epoch  170/5000: score=19.135432 loss=-0.529593 valid=1.0000 routes=17.041 grad=3.3378 seconds=88.1
Epoch  171/5000: score=19.575429 loss=-0.530219 valid=1.0000 routes=17.301 grad=3.4828 seconds=89.3
Epoch  172/5000: score=19.020307 loss=-0.513829 valid=1.0000 routes=16.859 grad=3.1865 seconds=84.3
>> Invalid instances, Re-generating ...
Epoch  173/5000: score=18.481187 loss=-0.520097 valid=1.0000 routes=16.181 grad=3.1430 seconds=89.9
Epoch  174/5000: score=18.482481 loss=-0.510307 valid=1.0000 routes=17.071 grad=3.1511 seconds=87.5
Epoch  175/5000: score=19.107302 loss=-0.515230 valid=1.0000 routes=17.419 grad=3.3823 seconds=87.6
Epoch  176/5000: score=18.391909 loss=-0.506688 valid=1.0000 routes=15.711 grad=3.1067 seconds=89.1
Epoch  177/5000: score=19.466071 loss=-0.548860 valid=1.0000 routes=16.429 grad=3.4658 seconds=84.3
Epoch  178/5000: score=18.498059 loss=-0.522649 valid=1.0000 routes=15.850 grad=3.1723 seconds=88.2
Epoch  179/5000: score=19.007679 loss=-0.522832 valid=1.0000 routes=17.161 grad=3.3091 seconds=86.7
Epoch  180/5000: score=18.303147 loss=-0.500843 valid=1.0000 routes=16.564 grad=3.0938 seconds=88.6
Epoch  181/5000: score=18.798423 loss=-0.517872 valid=1.0000 routes=16.650 grad=3.1767 seconds=89.9
Epoch  182/5000: score=20.074269 loss=-0.544912 valid=1.0000 routes=17.409 grad=3.6779 seconds=85.5
Epoch  183/5000: score=19.242137 loss=-0.515099 valid=1.0000 routes=16.472 grad=3.2327 seconds=87.4
Epoch  184/5000: score=18.348430 loss=-0.505787 valid=1.0000 routes=17.253 grad=3.1103 seconds=86.8
Epoch  185/5000: score=17.933819 loss=-0.507393 valid=1.0000 routes=15.369 grad=3.1024 seconds=86.9
Epoch  186/5000: score=18.769273 loss=-0.515892 valid=1.0000 routes=15.676 grad=3.0840 seconds=87.4
Epoch  187/5000: score=18.232731 loss=-0.502673 valid=1.0000 routes=15.729 grad=3.1049 seconds=84.6
Epoch  188/5000: score=19.108606 loss=-0.514331 valid=1.0000 routes=17.333 grad=3.2430 seconds=90.3
Epoch  189/5000: score=19.069687 loss=-0.525223 valid=1.0000 routes=16.350 grad=3.3304 seconds=88.0
Epoch  190/5000: score=19.765521 loss=-0.531687 valid=1.0000 routes=17.373 grad=3.4902 seconds=87.2
Epoch  191/5000: score=18.604728 loss=-0.515826 valid=1.0000 routes=16.201 grad=3.0950 seconds=88.0
Epoch  192/5000: score=19.271232 loss=-0.514373 valid=1.0000 routes=17.381 grad=3.3172 seconds=84.1
Epoch  193/5000: score=18.645258 loss=-0.498477 valid=1.0000 routes=16.807 grad=3.1421 seconds=90.8
Epoch  194/5000: score=19.456463 loss=-0.505532 valid=1.0000 routes=17.337 grad=3.4282 seconds=87.3
Epoch  195/5000: score=19.408205 loss=-0.527552 valid=1.0000 routes=16.907 grad=3.4457 seconds=87.5
Epoch  196/5000: score=18.976348 loss=-0.516705 valid=1.0000 routes=16.053 grad=3.2723 seconds=89.6
Epoch  197/5000: score=19.872364 loss=-0.516539 valid=1.0000 routes=17.130 grad=3.2920 seconds=84.9
Epoch  198/5000: score=18.046638 loss=-0.505703 valid=1.0000 routes=15.531 grad=3.0506 seconds=89.1
Epoch  199/5000: score=19.497368 loss=-0.502571 valid=1.0000 routes=17.536 grad=3.3035 seconds=87.6
Epoch  200/5000: score=19.454872 loss=-0.516731 valid=1.0000 routes=16.926 grad=3.4367 seconds=85.2
Epoch  201/5000: score=18.070195 loss=-0.478084 valid=1.0000 routes=16.639 grad=2.9162 seconds=89.3
Epoch  202/5000: score=17.995974 loss=-0.491511 valid=1.0000 routes=15.500 grad=3.0644 seconds=85.1
Epoch  203/5000: score=18.482510 loss=-0.496728 valid=1.0000 routes=16.386 grad=3.1242 seconds=88.9
Epoch  204/5000: score=20.356699 loss=-0.541014 valid=1.0000 routes=17.759 grad=3.5671 seconds=88.8
Epoch  205/5000: score=19.481469 loss=-0.516308 valid=1.0000 routes=16.699 grad=3.3898 seconds=85.4
Epoch  206/5000: score=19.309223 loss=-0.524580 valid=1.0000 routes=17.048 grad=3.4467 seconds=89.4
Epoch  207/5000: score=19.315804 loss=-0.503645 valid=1.0000 routes=17.002 grad=3.2441 seconds=85.7
Epoch  208/5000: score=19.227059 loss=-0.518292 valid=1.0000 routes=16.657 grad=3.3269 seconds=87.1
Epoch  209/5000: score=18.760488 loss=-0.491980 valid=1.0000 routes=16.737 grad=3.1171 seconds=89.6
Epoch  210/5000: score=18.921847 loss=-0.505955 valid=1.0000 routes=16.722 grad=3.2572 seconds=85.9
Epoch  211/5000: score=18.742221 loss=-0.492387 valid=1.0000 routes=16.180 grad=3.1341 seconds=90.2
Epoch  212/5000: score=19.883990 loss=-0.517840 valid=1.0000 routes=16.821 grad=3.4079 seconds=92.8
Epoch  213/5000: score=18.620420 loss=-0.490893 valid=1.0000 routes=16.437 grad=3.0578 seconds=89.4
Epoch  214/5000: score=19.563980 loss=-0.501269 valid=1.0000 routes=17.489 grad=3.4554 seconds=90.9
Epoch  215/5000: score=18.810883 loss=-0.489078 valid=1.0000 routes=16.414 grad=3.1470 seconds=91.9
Epoch  216/5000: score=18.409846 loss=-0.492078 valid=1.0000 routes=15.778 grad=3.0167 seconds=91.5
Epoch  217/5000: score=19.470193 loss=-0.509267 valid=1.0000 routes=16.845 grad=3.3311 seconds=95.0
Epoch  218/5000: score=18.323830 loss=-0.468571 valid=1.0000 routes=16.278 grad=2.9417 seconds=90.3
Epoch  219/5000: score=19.401672 loss=-0.504854 valid=1.0000 routes=16.812 grad=3.3054 seconds=92.5
Epoch  220/5000: score=18.666151 loss=-0.493501 valid=1.0000 routes=16.261 grad=3.1274 seconds=93.1
Epoch  221/5000: score=19.048952 loss=-0.484789 valid=1.0000 routes=16.903 grad=3.1934 seconds=89.3
Epoch  222/5000: score=19.553852 loss=-0.488030 valid=1.0000 routes=17.489 grad=3.3752 seconds=90.7
Epoch  223/5000: score=18.924355 loss=-0.505367 valid=1.0000 routes=16.430 grad=3.2927 seconds=90.7
Epoch  224/5000: score=19.000704 loss=-0.486299 valid=1.0000 routes=17.286 grad=3.1307 seconds=89.1
Epoch  225/5000: score=18.640046 loss=-0.492138 valid=1.0000 routes=16.429 grad=3.0780 seconds=92.8
Epoch  226/5000: score=19.510451 loss=-0.482837 valid=1.0000 routes=18.178 grad=3.2946 seconds=93.3
Epoch  227/5000: score=18.824805 loss=-0.498332 valid=1.0000 routes=16.032 grad=3.1225 seconds=90.9
Epoch  228/5000: score=18.666198 loss=-0.489531 valid=1.0000 routes=15.904 grad=3.0826 seconds=92.8
Epoch  229/5000: score=18.547152 loss=-0.474610 valid=1.0000 routes=16.655 grad=3.1253 seconds=87.2
Epoch  230/5000: score=18.493143 loss=-0.496386 valid=1.0000 routes=15.755 grad=3.0382 seconds=85.2
Epoch  231/5000: score=19.369081 loss=-0.501237 valid=1.0000 routes=16.944 grad=3.4001 seconds=88.7
Epoch  232/5000: score=20.185464 loss=-0.493854 valid=1.0000 routes=18.317 grad=3.4534 seconds=87.7
Epoch  233/5000: score=18.338492 loss=-0.489603 valid=1.0000 routes=15.749 grad=3.1190 seconds=89.1
Epoch  234/5000: score=19.140487 loss=-0.482446 valid=1.0000 routes=17.039 grad=3.0944 seconds=88.2
Epoch  235/5000: score=19.146266 loss=-0.487595 valid=1.0000 routes=16.783 grad=3.2565 seconds=87.8
Epoch  236/5000: score=20.260222 loss=-0.509022 valid=1.0000 routes=17.388 grad=3.4724 seconds=88.8
Epoch  237/5000: score=18.696055 loss=-0.499816 valid=1.0000 routes=16.673 grad=3.1509 seconds=87.6
Epoch  238/5000: score=18.739682 loss=-0.479069 valid=1.0000 routes=15.751 grad=3.0533 seconds=87.8
Epoch  239/5000: score=17.709820 loss=-0.470517 valid=1.0000 routes=15.360 grad=2.9263 seconds=90.4
Epoch  240/5000: score=18.791058 loss=-0.482050 valid=1.0000 routes=16.620 grad=3.1000 seconds=86.5
Epoch  241/5000: score=19.841096 loss=-0.502057 valid=1.0000 routes=18.019 grad=3.5026 seconds=89.0
Epoch  242/5000: score=19.418675 loss=-0.485574 valid=1.0000 routes=16.841 grad=3.3109 seconds=87.7
Epoch  243/5000: score=18.598684 loss=-0.476595 valid=1.0000 routes=15.902 grad=3.0281 seconds=89.2
Epoch  244/5000: score=18.734457 loss=-0.483267 valid=1.0000 routes=16.142 grad=3.1054 seconds=89.7
Epoch  245/5000: score=18.809401 loss=-0.461087 valid=1.0000 routes=17.330 grad=3.1262 seconds=84.3
Epoch  246/5000: score=20.221523 loss=-0.499508 valid=1.0000 routes=17.598 grad=3.4523 seconds=91.0
Epoch  247/5000: score=18.594250 loss=-0.467413 valid=1.0000 routes=16.829 grad=3.1083 seconds=86.7
Epoch  248/5000: score=18.566044 loss=-0.473051 valid=1.0000 routes=16.126 grad=2.9834 seconds=89.7
>> Invalid instances, Re-generating ...
Epoch  249/5000: score=18.754187 loss=-0.462975 valid=1.0000 routes=16.201 grad=3.0464 seconds=89.3
Epoch  250/5000: score=18.993496 loss=-0.489483 valid=1.0000 routes=16.280 grad=3.1459 seconds=86.7
Epoch  251/5000: score=18.271683 loss=-0.469334 valid=1.0000 routes=15.805 grad=3.0350 seconds=92.0
Epoch  252/5000: score=19.209934 loss=-0.476296 valid=1.0000 routes=17.025 grad=3.2080 seconds=86.5
Epoch  253/5000: score=19.334383 loss=-0.481649 valid=1.0000 routes=17.528 grad=3.2139 seconds=88.1
Epoch  254/5000: score=19.552958 loss=-0.477693 valid=1.0000 routes=18.084 grad=3.3594 seconds=89.2
Epoch  255/5000: score=20.808132 loss=-0.499846 valid=1.0000 routes=18.709 grad=3.6326 seconds=86.6
Epoch  256/5000: score=19.743329 loss=-0.491690 valid=1.0000 routes=17.294 grad=3.2944 seconds=90.6
Epoch  257/5000: score=18.120867 loss=-0.455246 valid=1.0000 routes=15.613 grad=2.7633 seconds=90.6
Epoch  258/5000: score=19.456950 loss=-0.475772 valid=1.0000 routes=17.186 grad=3.2843 seconds=86.6
Epoch  259/5000: score=19.605753 loss=-0.492706 valid=1.0000 routes=17.935 grad=3.3492 seconds=91.0
Epoch  260/5000: score=19.615517 loss=-0.488506 valid=1.0000 routes=17.847 grad=3.3112 seconds=86.8
Epoch  261/5000: score=18.952240 loss=-0.464687 valid=1.0000 routes=16.754 grad=3.1323 seconds=90.0
Epoch  262/5000: score=18.153169 loss=-0.472340 valid=1.0000 routes=15.480 grad=2.9503 seconds=90.9
Epoch  263/5000: score=18.840427 loss=-0.468052 valid=1.0000 routes=16.582 grad=3.0558 seconds=86.3
Epoch  264/5000: score=19.415660 loss=-0.483388 valid=1.0000 routes=16.431 grad=3.2491 seconds=88.8
Epoch  265/5000: score=19.965454 loss=-0.481281 valid=1.0000 routes=17.145 grad=3.2774 seconds=87.7
Epoch  266/5000: score=17.669185 loss=-0.452141 valid=1.0000 routes=16.440 grad=2.7727 seconds=88.7
Epoch  267/5000: score=19.519360 loss=-0.485315 valid=1.0000 routes=17.731 grad=3.3563 seconds=89.6
Epoch  268/5000: score=19.021342 loss=-0.452264 valid=1.0000 routes=17.397 grad=3.0331 seconds=90.4
Epoch  269/5000: score=18.892814 loss=-0.473966 valid=1.0000 routes=16.690 grad=3.0885 seconds=95.2
Epoch  270/5000: score=19.901827 loss=-0.477948 valid=1.0000 routes=17.736 grad=3.3159 seconds=91.7
Epoch  271/5000: score=20.117224 loss=-0.471748 valid=1.0000 routes=19.058 grad=3.4085 seconds=89.9
Epoch  272/5000: score=19.168252 loss=-0.455946 valid=1.0000 routes=16.773 grad=3.0439 seconds=93.0
Epoch  273/5000: score=18.087571 loss=-0.454119 valid=1.0000 routes=16.476 grad=2.8491 seconds=93.6
Epoch  274/5000: score=18.950091 loss=-0.474361 valid=1.0000 routes=17.371 grad=3.1871 seconds=90.6
Epoch  275/5000: score=18.549181 loss=-0.453134 valid=1.0000 routes=16.503 grad=2.9113 seconds=94.7
Epoch  276/5000: score=19.025771 loss=-0.476843 valid=1.0000 routes=16.101 grad=3.1029 seconds=90.5
Epoch  277/5000: score=19.236894 loss=-0.466415 valid=1.0000 routes=16.390 grad=3.1086 seconds=92.4
Epoch  278/5000: score=19.422795 loss=-0.479496 valid=1.0000 routes=17.085 grad=3.2600 seconds=94.4
Epoch  279/5000: score=18.332149 loss=-0.454333 valid=1.0000 routes=16.485 grad=2.9411 seconds=89.1
Epoch  280/5000: score=18.122695 loss=-0.463851 valid=1.0000 routes=15.840 grad=2.9316 seconds=92.9
Epoch  281/5000: score=18.725701 loss=-0.449248 valid=1.0000 routes=16.391 grad=2.9449 seconds=92.5
Epoch  282/5000: score=19.045119 loss=-0.470838 valid=1.0000 routes=16.082 grad=3.1084 seconds=89.0
Epoch  283/5000: score=19.106068 loss=-0.471832 valid=1.0000 routes=15.798 grad=3.0913 seconds=93.4
Epoch  284/5000: score=18.859179 loss=-0.461809 valid=1.0000 routes=16.295 grad=3.0028 seconds=92.5
Epoch  285/5000: score=18.301698 loss=-0.459620 valid=1.0000 routes=16.312 grad=2.9961 seconds=91.3
Epoch  286/5000: score=18.595663 loss=-0.451979 valid=1.0000 routes=16.512 grad=3.0170 seconds=93.0
Epoch  287/5000: score=19.810356 loss=-0.465233 valid=1.0000 routes=16.950 grad=3.3006 seconds=90.3
Epoch  288/5000: score=19.813210 loss=-0.472821 valid=1.0000 routes=17.372 grad=3.2259 seconds=91.7
Epoch  289/5000: score=19.021667 loss=-0.449104 valid=1.0000 routes=17.026 grad=3.0666 seconds=90.8
Epoch  290/5000: score=18.960917 loss=-0.450723 valid=1.0000 routes=17.029 grad=3.1033 seconds=89.3
Epoch  291/5000: score=19.359306 loss=-0.472265 valid=1.0000 routes=17.177 grad=3.1456 seconds=92.6
Epoch  292/5000: score=17.967738 loss=-0.443130 valid=1.0000 routes=15.874 grad=2.8400 seconds=90.2
Epoch  293/5000: score=19.858672 loss=-0.473774 valid=1.0000 routes=17.938 grad=3.3400 seconds=92.2
Epoch  294/5000: score=19.004898 loss=-0.475535 valid=1.0000 routes=17.545 grad=3.1745 seconds=93.6
Epoch  295/5000: score=17.684191 loss=-0.448432 valid=1.0000 routes=15.298 grad=2.7432 seconds=92.6
Epoch  296/5000: score=19.411395 loss=-0.459989 valid=1.0000 routes=17.377 grad=3.1539 seconds=93.3
Epoch  297/5000: score=18.217891 loss=-0.444877 valid=1.0000 routes=16.219 grad=2.8162 seconds=94.1
Epoch  298/5000: score=19.441468 loss=-0.462207 valid=1.0000 routes=17.652 grad=3.2468 seconds=91.0
Epoch  299/5000: score=21.072198 loss=-0.480499 valid=1.0000 routes=18.024 grad=3.5208 seconds=92.2
Epoch  300/5000: score=19.934702 loss=-0.460662 valid=1.0000 routes=17.541 grad=3.2436 seconds=92.1
Epoch  301/5000: score=18.380683 loss=-0.445611 valid=1.0000 routes=16.737 grad=2.9956 seconds=90.3
Epoch  302/5000: score=18.164726 loss=-0.456453 valid=1.0000 routes=16.201 grad=2.9136 seconds=93.6
>> Invalid instances, Re-generating ...
Epoch  303/5000: score=19.279196 loss=-0.470404 valid=1.0000 routes=17.373 grad=3.2538 seconds=92.0
Epoch  304/5000: score=19.034718 loss=-0.447706 valid=1.0000 routes=16.920 grad=3.0229 seconds=91.4
Epoch  305/5000: score=19.827647 loss=-0.463719 valid=1.0000 routes=17.310 grad=3.2217 seconds=92.0
Epoch  306/5000: score=18.255305 loss=-0.445875 valid=1.0000 routes=15.694 grad=2.8985 seconds=89.7
Epoch  307/5000: score=19.325432 loss=-0.470317 valid=1.0000 routes=16.388 grad=3.1628 seconds=91.6
Epoch  308/5000: score=19.033044 loss=-0.449475 valid=1.0000 routes=17.255 grad=3.0783 seconds=93.7
Epoch  309/5000: score=17.853979 loss=-0.446823 valid=1.0000 routes=15.831 grad=2.7951 seconds=88.2
Epoch  310/5000: score=17.667650 loss=-0.431699 valid=1.0000 routes=16.126 grad=2.7901 seconds=94.0
Epoch  311/5000: score=20.165862 loss=-0.468648 valid=1.0000 routes=17.419 grad=3.3809 seconds=92.7
Epoch  312/5000: score=19.179937 loss=-0.453504 valid=1.0000 routes=17.616 grad=3.1395 seconds=90.8
Epoch  313/5000: score=18.516702 loss=-0.438036 valid=1.0000 routes=16.830 grad=2.9663 seconds=94.7
Epoch  314/5000: score=19.385936 loss=-0.454379 valid=1.0000 routes=17.381 grad=3.2489 seconds=91.4
Epoch  315/5000: score=18.747113 loss=-0.445242 valid=1.0000 routes=16.597 grad=3.0258 seconds=92.5
Epoch  316/5000: score=18.983960 loss=-0.458320 valid=1.0000 routes=17.274 grad=3.1386 seconds=93.9
Epoch  317/5000: score=18.218299 loss=-0.446813 valid=1.0000 routes=16.138 grad=2.8789 seconds=90.4
Epoch  318/5000: score=18.606812 loss=-0.436163 valid=1.0000 routes=16.217 grad=2.8553 seconds=91.7
>> Invalid instances, Re-generating ...
Epoch  319/5000: score=18.925706 loss=-0.449213 valid=1.0000 routes=16.802 grad=3.0431 seconds=95.1
Epoch  320/5000: score=19.239177 loss=-0.441765 valid=1.0000 routes=18.019 grad=3.1455 seconds=88.2
Epoch  321/5000: score=19.521516 loss=-0.464446 valid=1.0000 routes=17.466 grad=3.2215 seconds=92.1
Epoch  322/5000: score=17.905233 loss=-0.430669 valid=1.0000 routes=15.777 grad=2.7357 seconds=91.5
Epoch  323/5000: score=18.796263 loss=-0.451783 valid=1.0000 routes=16.290 grad=2.9911 seconds=89.3
Epoch  324/5000: score=18.092634 loss=-0.453621 valid=1.0000 routes=15.788 grad=2.8487 seconds=93.9
Epoch  325/5000: score=19.222110 loss=-0.457500 valid=1.0000 routes=18.267 grad=3.1887 seconds=92.9
Epoch  326/5000: score=18.494939 loss=-0.440992 valid=1.0000 routes=16.896 grad=2.9570 seconds=92.7
Epoch  327/5000: score=19.758602 loss=-0.459852 valid=1.0000 routes=17.100 grad=3.2023 seconds=92.7
Epoch  328/5000: score=18.017448 loss=-0.429698 valid=1.0000 routes=16.488 grad=2.7123 seconds=89.1
Epoch  329/5000: score=18.016498 loss=-0.448821 valid=1.0000 routes=15.696 grad=2.8906 seconds=94.0
Epoch  330/5000: score=19.241837 loss=-0.459422 valid=1.0000 routes=16.184 grad=3.1810 seconds=94.9
Epoch  331/5000: score=19.358082 loss=-0.448065 valid=1.0000 routes=17.602 grad=3.1584 seconds=89.3
Epoch  332/5000: score=18.496439 loss=-0.442546 valid=1.0000 routes=16.524 grad=2.9455 seconds=94.0
Epoch  333/5000: score=19.631292 loss=-0.455480 valid=1.0000 routes=17.973 grad=3.1789 seconds=90.7
Epoch  334/5000: score=19.194454 loss=-0.438005 valid=1.0000 routes=16.729 grad=2.9118 seconds=91.4
Epoch  335/5000: score=18.698144 loss=-0.439496 valid=1.0000 routes=17.170 grad=3.0624 seconds=95.3
Epoch  336/5000: score=18.319539 loss=-0.420033 valid=1.0000 routes=15.981 grad=2.6825 seconds=89.2
Epoch  337/5000: score=19.624437 loss=-0.457290 valid=1.0000 routes=18.248 grad=3.3005 seconds=92.5
Epoch  338/5000: score=19.357230 loss=-0.426900 valid=1.0000 routes=17.415 grad=2.9498 seconds=93.3
Epoch  339/5000: score=18.628806 loss=-0.431540 valid=1.0000 routes=16.965 grad=2.8896 seconds=88.8
Epoch  340/5000: score=19.498296 loss=-0.437111 valid=1.0000 routes=17.733 grad=3.1478 seconds=92.5
Epoch  341/5000: score=18.160208 loss=-0.425338 valid=1.0000 routes=16.274 grad=2.7811 seconds=95.6
Epoch  342/5000: score=18.358517 loss=-0.434638 valid=1.0000 routes=16.549 grad=2.9055 seconds=89.2
Epoch  343/5000: score=20.142101 loss=-0.460050 valid=1.0000 routes=17.628 grad=3.3894 seconds=93.7
Epoch  344/5000: score=18.819778 loss=-0.429461 valid=1.0000 routes=18.540 grad=2.9870 seconds=92.8
Epoch  345/5000: score=19.071801 loss=-0.451152 valid=1.0000 routes=16.602 grad=3.1153 seconds=92.1
Epoch  346/5000: score=18.516413 loss=-0.439973 valid=1.0000 routes=16.105 grad=2.8999 seconds=94.4
Epoch  347/5000: score=19.382177 loss=-0.451462 valid=1.0000 routes=17.543 grad=3.1285 seconds=92.2
Epoch  348/5000: score=18.513900 loss=-0.440497 valid=1.0000 routes=15.597 grad=2.8706 seconds=91.0
Epoch  349/5000: score=19.901834 loss=-0.469506 valid=1.0000 routes=16.851 grad=3.3927 seconds=92.3
Epoch  350/5000: score=19.913553 loss=-0.445270 valid=1.0000 routes=17.943 grad=3.2238 seconds=89.4
Epoch  351/5000: score=18.940363 loss=-0.441382 valid=1.0000 routes=17.127 grad=3.0124 seconds=92.5
Epoch  352/5000: score=19.726930 loss=-0.453311 valid=1.0000 routes=16.909 grad=3.1826 seconds=95.3
Epoch  353/5000: score=18.711637 loss=-0.438334 valid=1.0000 routes=17.004 grad=2.9612 seconds=91.4
Epoch  354/5000: score=18.449270 loss=-0.435384 valid=1.0000 routes=17.034 grad=2.9328 seconds=91.4
Epoch  355/5000: score=19.211713 loss=-0.452018 valid=1.0000 routes=16.959 grad=3.0330 seconds=92.3
Epoch  356/5000: score=17.804759 loss=-0.421618 valid=1.0000 routes=16.028 grad=2.6904 seconds=90.3
Epoch  357/5000: score=18.757671 loss=-0.436758 valid=1.0000 routes=15.905 grad=2.9342 seconds=94.9
Epoch  358/5000: score=20.314482 loss=-0.457090 valid=1.0000 routes=18.560 grad=3.3814 seconds=93.0
Epoch  359/5000: score=18.788887 loss=-0.437861 valid=1.0000 routes=16.157 grad=2.8716 seconds=88.0
Epoch  360/5000: score=18.895614 loss=-0.445785 valid=1.0000 routes=16.276 grad=2.9988 seconds=95.9
Epoch  361/5000: score=18.487531 loss=-0.421583 valid=1.0000 routes=17.242 grad=2.8641 seconds=92.8
Epoch  362/5000: score=18.662555 loss=-0.438053 valid=1.0000 routes=16.525 grad=2.9333 seconds=89.4
Epoch  363/5000: score=18.499038 loss=-0.428997 valid=1.0000 routes=16.878 grad=2.8379 seconds=95.7
Epoch  364/5000: score=18.502359 loss=-0.426484 valid=1.0000 routes=17.024 grad=2.9335 seconds=96.1
Epoch  365/5000: score=19.753346 loss=-0.445831 valid=1.0000 routes=17.298 grad=3.2471 seconds=89.7
Epoch  366/5000: score=18.948548 loss=-0.440348 valid=1.0000 routes=16.267 grad=2.8902 seconds=95.3
Epoch  367/5000: score=19.028987 loss=-0.422494 valid=1.0000 routes=16.840 grad=2.9444 seconds=92.3
Epoch  368/5000: score=18.365043 loss=-0.439343 valid=1.0000 routes=16.425 grad=2.9769 seconds=90.4
Epoch  369/5000: score=18.119170 loss=-0.419669 valid=1.0000 routes=16.798 grad=2.8100 seconds=94.3
Epoch  370/5000: score=19.137823 loss=-0.432065 valid=1.0000 routes=17.219 grad=3.0895 seconds=90.8
Epoch  371/5000: score=19.714080 loss=-0.437722 valid=1.0000 routes=17.319 grad=3.1649 seconds=92.8
Epoch  372/5000: score=17.845161 loss=-0.419041 valid=1.0000 routes=15.761 grad=2.7254 seconds=92.7
Epoch  373/5000: score=19.387153 loss=-0.427759 valid=1.0000 routes=18.010 grad=3.0719 seconds=90.9
Epoch  374/5000: score=19.281253 loss=-0.430416 valid=1.0000 routes=17.315 grad=3.0002 seconds=93.2
Epoch  375/5000: score=19.850695 loss=-0.475128 valid=1.0000 routes=17.090 grad=3.4331 seconds=93.0
Epoch  376/5000: score=18.794343 loss=-0.426671 valid=1.0000 routes=16.764 grad=2.9375 seconds=87.9
Epoch  377/5000: score=19.464368 loss=-0.426752 valid=1.0000 routes=17.870 grad=3.0866 seconds=94.6
Epoch  378/5000: score=18.397759 loss=-0.428291 valid=1.0000 routes=15.906 grad=2.8710 seconds=92.8
Epoch  379/5000: score=18.867740 loss=-0.420952 valid=1.0000 routes=16.516 grad=2.9020 seconds=88.7
Epoch  380/5000: score=18.915478 loss=-0.431672 valid=1.0000 routes=16.944 grad=2.9937 seconds=93.2
Epoch  381/5000: score=18.664805 loss=-0.424758 valid=1.0000 routes=16.085 grad=2.9035 seconds=90.1
Epoch  382/5000: score=19.661938 loss=-0.453188 valid=1.0000 routes=17.339 grad=3.1470 seconds=88.1
Epoch  383/5000: score=20.246875 loss=-0.440425 valid=1.0000 routes=18.830 grad=3.3831 seconds=94.2
>> Invalid instances, Re-generating ...
Epoch  384/5000: score=18.250378 loss=-0.403914 valid=1.0000 routes=16.313 grad=2.6929 seconds=90.9
Epoch  385/5000: score=18.783732 loss=-0.428667 valid=1.0000 routes=16.940 grad=2.8762 seconds=92.1
Epoch  386/5000: score=18.476304 loss=-0.415609 valid=1.0000 routes=16.654 grad=2.8404 seconds=94.5
Epoch  387/5000: score=18.078653 loss=-0.403657 valid=1.0000 routes=16.040 grad=2.7106 seconds=91.4
Epoch  388/5000: score=18.909159 loss=-0.430409 valid=1.0000 routes=16.277 grad=2.9455 seconds=92.2
Epoch  389/5000: score=18.528982 loss=-0.427446 valid=1.0000 routes=16.737 grad=2.9066 seconds=95.1
Epoch  390/5000: score=17.938710 loss=-0.405539 valid=1.0000 routes=16.506 grad=2.7250 seconds=90.6
Epoch  391/5000: score=18.159999 loss=-0.435421 valid=1.0000 routes=15.533 grad=2.8691 seconds=94.7
Epoch  392/5000: score=19.619000 loss=-0.435184 valid=1.0000 routes=17.760 grad=3.2361 seconds=95.1
Epoch  393/5000: score=19.756060 loss=-0.439371 valid=1.0000 routes=17.881 grad=3.1713 seconds=89.8
Epoch  394/5000: score=18.528710 loss=-0.426555 valid=1.0000 routes=16.447 grad=2.8499 seconds=94.1
Epoch  395/5000: score=18.664600 loss=-0.432119 valid=1.0000 routes=16.150 grad=2.9616 seconds=90.9
Epoch  396/5000: score=18.628510 loss=-0.426097 valid=1.0000 routes=16.491 grad=2.8369 seconds=90.2
Epoch  397/5000: score=19.199900 loss=-0.455191 valid=1.0000 routes=16.699 grad=2.9891 seconds=94.7
Epoch  398/5000: score=19.156186 loss=-0.432398 valid=1.0000 routes=16.690 grad=2.9447 seconds=91.2
Epoch  399/5000: score=18.051897 loss=-0.418995 valid=1.0000 routes=15.348 grad=2.6888 seconds=90.5
Epoch  400/5000: score=18.475777 loss=-0.427077 valid=1.0000 routes=16.206 grad=2.8699 seconds=94.2
Epoch  401/5000: score=18.726654 loss=-0.418005 valid=1.0000 routes=16.608 grad=2.8878 seconds=91.0
Epoch  402/5000: score=18.723840 loss=-0.430723 valid=1.0000 routes=17.578 grad=2.9603 seconds=91.7
Epoch  403/5000: score=18.849448 loss=-0.429365 valid=1.0000 routes=17.070 grad=2.9961 seconds=93.5
Epoch  404/5000: score=18.836088 loss=-0.429613 valid=1.0000 routes=16.964 grad=2.9129 seconds=91.1
Epoch  405/5000: score=19.394705 loss=-0.435663 valid=1.0000 routes=16.853 grad=3.0294 seconds=91.7
Epoch  406/5000: score=19.849329 loss=-0.431272 valid=1.0000 routes=16.236 grad=3.1080 seconds=93.5
Epoch  407/5000: score=19.738239 loss=-0.423243 valid=1.0000 routes=17.722 grad=3.1122 seconds=89.1
Epoch  408/5000: score=19.001800 loss=-0.413483 valid=1.0000 routes=16.900 grad=2.8948 seconds=92.2
Epoch  409/5000: score=18.957759 loss=-0.420877 valid=1.0000 routes=16.802 grad=2.9552 seconds=92.9
Epoch  410/5000: score=17.789700 loss=-0.415304 valid=1.0000 routes=15.443 grad=2.6955 seconds=91.3
Epoch  411/5000: score=18.659184 loss=-0.428432 valid=1.0000 routes=16.733 grad=2.9178 seconds=89.4
Epoch  412/5000: score=18.810066 loss=-0.407312 valid=1.0000 routes=17.450 grad=2.8685 seconds=92.3
Epoch  413/5000: score=19.062075 loss=-0.409929 valid=1.0000 routes=17.087 grad=2.9750 seconds=89.4
Epoch  414/5000: score=19.563307 loss=-0.432045 valid=1.0000 routes=17.953 grad=3.1280 seconds=91.5
Epoch  415/5000: score=19.070622 loss=-0.414660 valid=1.0000 routes=17.442 grad=2.9878 seconds=92.1
Epoch  416/5000: score=19.036303 loss=-0.423622 valid=1.0000 routes=17.226 grad=2.9571 seconds=89.1
Epoch  417/5000: score=19.045309 loss=-0.421233 valid=1.0000 routes=16.425 grad=2.9464 seconds=93.8
Epoch  418/5000: score=19.127565 loss=-0.411551 valid=1.0000 routes=17.729 grad=2.9708 seconds=95.0
Epoch  419/5000: score=17.772104 loss=-0.398975 valid=1.0000 routes=16.000 grad=2.5806 seconds=90.0
Epoch  420/5000: score=18.729083 loss=-0.407742 valid=1.0000 routes=16.666 grad=2.8131 seconds=92.3
Epoch  421/5000: score=19.407455 loss=-0.436290 valid=1.0000 routes=16.634 grad=3.0588 seconds=92.8
Epoch  422/5000: score=18.618093 loss=-0.425192 valid=1.0000 routes=16.438 grad=2.8959 seconds=88.2
Epoch  423/5000: score=18.356512 loss=-0.418906 valid=1.0000 routes=16.169 grad=2.8688 seconds=92.9
Epoch  424/5000: score=19.637602 loss=-0.433546 valid=1.0000 routes=17.105 grad=3.1447 seconds=95.2
Epoch  425/5000: score=18.939869 loss=-0.420626 valid=1.0000 routes=16.383 grad=2.9507 seconds=88.6
Epoch  426/5000: score=18.812687 loss=-0.420029 valid=1.0000 routes=16.234 grad=2.8494 seconds=95.0
Epoch  427/5000: score=17.771051 loss=-0.409238 valid=1.0000 routes=15.551 grad=2.6176 seconds=93.8
Epoch  428/5000: score=20.345111 loss=-0.434319 valid=1.0000 routes=18.050 grad=3.2895 seconds=87.1
Epoch  429/5000: score=18.415219 loss=-0.429794 valid=1.0000 routes=15.994 grad=2.7599 seconds=91.3
Epoch  430/5000: score=18.761641 loss=-0.420028 valid=1.0000 routes=17.217 grad=2.8586 seconds=90.9
Epoch  431/5000: score=19.185825 loss=-0.408351 valid=1.0000 routes=17.420 grad=2.9263 seconds=89.4
Epoch  432/5000: score=18.479119 loss=-0.417896 valid=1.0000 routes=16.957 grad=2.8631 seconds=93.6
Epoch  433/5000: score=18.982165 loss=-0.413237 valid=1.0000 routes=17.227 grad=2.9351 seconds=91.0
Epoch  434/5000: score=19.230979 loss=-0.434934 valid=1.0000 routes=16.924 grad=2.9929 seconds=90.0
Epoch  435/5000: score=18.490558 loss=-0.408129 valid=1.0000 routes=16.147 grad=2.7236 seconds=92.3
Epoch  436/5000: score=18.999556 loss=-0.406950 valid=1.0000 routes=17.165 grad=2.9162 seconds=91.8
Epoch  437/5000: score=18.496164 loss=-0.401374 valid=1.0000 routes=17.226 grad=2.7398 seconds=89.7
Epoch  438/5000: score=17.719346 loss=-0.402632 valid=1.0000 routes=14.759 grad=2.5026 seconds=92.3
Epoch  439/5000: score=18.674248 loss=-0.419430 valid=1.0000 routes=17.035 grad=2.9974 seconds=91.3
Epoch  440/5000: score=20.861310 loss=-0.436054 valid=1.0000 routes=18.443 grad=3.3485 seconds=88.6
Epoch  441/5000: score=19.022140 loss=-0.410682 valid=1.0000 routes=17.606 grad=2.9657 seconds=91.6
Epoch  442/5000: score=18.412845 loss=-0.417387 valid=1.0000 routes=16.416 grad=2.7614 seconds=94.0
Epoch  443/5000: score=19.364155 loss=-0.426539 valid=1.0000 routes=16.886 grad=3.0409 seconds=90.0
Epoch  444/5000: score=18.689474 loss=-0.405834 valid=1.0000 routes=17.106 grad=2.8285 seconds=91.9
Epoch  445/5000: score=18.599498 loss=-0.415516 valid=1.0000 routes=17.096 grad=2.8467 seconds=91.5
Epoch  446/5000: score=19.083841 loss=-0.417345 valid=1.0000 routes=17.358 grad=2.9759 seconds=90.3
Epoch  447/5000: score=18.917030 loss=-0.415721 valid=1.0000 routes=17.242 grad=3.0094 seconds=89.3
Epoch  448/5000: score=19.399237 loss=-0.421734 valid=1.0000 routes=16.521 grad=2.9341 seconds=91.7
Epoch  449/5000: score=19.657186 loss=-0.428922 valid=1.0000 routes=16.722 grad=3.0841 seconds=91.1
Epoch  450/5000: score=19.033566 loss=-0.416115 valid=1.0000 routes=17.047 grad=2.9165 seconds=90.5
Epoch  451/5000: score=18.796555 loss=-0.405360 valid=1.0000 routes=16.519 grad=2.8310 seconds=94.3
Epoch  452/5000: score=19.566990 loss=-0.418445 valid=1.0000 routes=17.227 grad=3.0254 seconds=93.4
Epoch  453/5000: score=19.025501 loss=-0.423402 valid=1.0000 routes=16.136 grad=2.9295 seconds=87.7
Epoch  454/5000: score=19.929929 loss=-0.417526 valid=1.0000 routes=18.207 grad=3.0798 seconds=91.4
Epoch  455/5000: score=18.880621 loss=-0.407147 valid=1.0000 routes=17.053 grad=2.8622 seconds=92.8
Epoch  456/5000: score=18.972196 loss=-0.411206 valid=1.0000 routes=16.954 grad=2.9423 seconds=90.1
Epoch  457/5000: score=18.976232 loss=-0.413586 valid=1.0000 routes=17.241 grad=2.9323 seconds=91.5
Epoch  458/5000: score=19.272380 loss=-0.411229 valid=1.0000 routes=17.159 grad=2.8186 seconds=93.1
Epoch  459/5000: score=19.123933 loss=-0.414283 valid=1.0000 routes=17.671 grad=3.0066 seconds=90.3
Epoch  460/5000: score=18.636660 loss=-0.410380 valid=1.0000 routes=15.464 grad=2.7920 seconds=88.9
Epoch  461/5000: score=19.343644 loss=-0.421751 valid=1.0000 routes=16.996 grad=3.0185 seconds=93.3
Epoch  462/5000: score=18.184330 loss=-0.412172 valid=1.0000 routes=16.630 grad=2.8298 seconds=93.4
Epoch  463/5000: score=18.581993 loss=-0.424241 valid=1.0000 routes=15.941 grad=2.8235 seconds=89.6
Epoch  464/5000: score=18.615386 loss=-0.413153 valid=1.0000 routes=15.604 grad=2.7649 seconds=93.6
Epoch  465/5000: score=19.440441 loss=-0.428966 valid=1.0000 routes=16.811 grad=2.9626 seconds=91.8
Epoch  466/5000: score=19.187856 loss=-0.418446 valid=1.0000 routes=17.805 grad=3.0617 seconds=89.5
Epoch  467/5000: score=19.408756 loss=-0.427783 valid=1.0000 routes=17.120 grad=3.0743 seconds=91.8
Epoch  468/5000: score=20.026453 loss=-0.419437 valid=1.0000 routes=18.275 grad=3.1212 seconds=93.3
Epoch  469/5000: score=19.379365 loss=-0.414096 valid=1.0000 routes=17.961 grad=2.9881 seconds=91.1
Epoch  470/5000: score=21.180590 loss=-0.425870 valid=1.0000 routes=18.328 grad=3.3181 seconds=88.1
Epoch  471/5000: score=20.001507 loss=-0.416526 valid=1.0000 routes=17.212 grad=3.0613 seconds=92.5
Epoch  472/5000: score=18.765252 loss=-0.406165 valid=1.0000 routes=16.519 grad=2.7950 seconds=93.6
Epoch  473/5000: score=18.786961 loss=-0.396814 valid=1.0000 routes=16.383 grad=2.7216 seconds=88.9
Epoch  474/5000: score=18.535833 loss=-0.390382 valid=1.0000 routes=16.378 grad=2.6726 seconds=93.0
Epoch  475/5000: score=18.962075 loss=-0.402283 valid=1.0000 routes=16.055 grad=2.8676 seconds=91.5
Epoch  476/5000: score=19.336030 loss=-0.420187 valid=1.0000 routes=16.799 grad=3.0536 seconds=90.0
Epoch  477/5000: score=18.944572 loss=-0.420844 valid=1.0000 routes=16.321 grad=2.9333 seconds=90.0
Epoch  478/5000: score=17.397861 loss=-0.399862 valid=1.0000 routes=14.315 grad=2.4293 seconds=93.7
Epoch  479/5000: score=18.926669 loss=-0.401214 valid=1.0000 routes=17.124 grad=2.8459 seconds=91.9
Epoch  480/5000: score=19.531515 loss=-0.403995 valid=1.0000 routes=17.513 grad=2.9539 seconds=87.5
Epoch  481/5000: score=20.465051 loss=-0.403134 valid=1.0000 routes=18.665 grad=3.1470 seconds=94.6
Epoch  482/5000: score=17.967835 loss=-0.394843 valid=1.0000 routes=16.759 grad=2.6394 seconds=94.6
Epoch  483/5000: score=18.322970 loss=-0.397736 valid=1.0000 routes=15.348 grad=2.5911 seconds=89.4
Epoch  484/5000: score=18.328043 loss=-0.404792 valid=1.0000 routes=16.901 grad=2.7746 seconds=90.3
>> Invalid instances, Re-generating ...
Epoch  485/5000: score=19.722254 loss=-0.418729 valid=1.0000 routes=18.392 grad=3.1434 seconds=91.1
Epoch  486/5000: score=19.404236 loss=-0.408462 valid=1.0000 routes=17.443 grad=2.9517 seconds=89.2
Epoch  487/5000: score=19.398077 loss=-0.407298 valid=1.0000 routes=17.404 grad=2.9963 seconds=90.5
Epoch  488/5000: score=18.871063 loss=-0.395449 valid=1.0000 routes=17.076 grad=2.8685 seconds=94.1
Epoch  489/5000: score=18.563322 loss=-0.411451 valid=1.0000 routes=16.715 grad=2.7295 seconds=91.8
Epoch  490/5000: score=19.613657 loss=-0.425857 valid=1.0000 routes=17.195 grad=3.0605 seconds=89.4
Epoch  491/5000: score=18.354414 loss=-0.410122 valid=1.0000 routes=16.021 grad=2.7033 seconds=92.9
Epoch  492/5000: score=19.071428 loss=-0.400034 valid=1.0000 routes=17.756 grad=2.8495 seconds=90.6
Epoch  493/5000: score=19.280499 loss=-0.423325 valid=1.0000 routes=17.202 grad=2.9442 seconds=92.3
Epoch  494/5000: score=19.308481 loss=-0.404540 valid=1.0000 routes=17.201 grad=2.9339 seconds=90.1
Epoch  495/5000: score=18.674992 loss=-0.404301 valid=1.0000 routes=16.508 grad=2.8261 seconds=93.8
Epoch  496/5000: score=19.636387 loss=-0.419375 valid=1.0000 routes=17.165 grad=3.0710 seconds=91.7
Epoch  497/5000: score=19.381616 loss=-0.422899 valid=1.0000 routes=17.339 grad=3.0066 seconds=90.3
Epoch  498/5000: score=19.376632 loss=-0.416274 valid=1.0000 routes=16.122 grad=2.9511 seconds=93.3
Epoch  499/5000: score=19.586542 loss=-0.416867 valid=1.0000 routes=18.418 grad=3.0167 seconds=91.2
Epoch  500/5000: score=18.435150 loss=-0.404561 valid=1.0000 routes=16.132 grad=2.6701 seconds=89.0
Epoch  501/5000: score=19.550989 loss=-0.401595 valid=1.0000 routes=17.890 grad=3.0449 seconds=91.6
Epoch  502/5000: score=18.270066 loss=-0.401072 valid=1.0000 routes=16.692 grad=2.6335 seconds=93.6
Epoch  503/5000: score=20.193935 loss=-0.432139 valid=1.0000 routes=18.347 grad=3.2308 seconds=90.5
Epoch  504/5000: score=19.201049 loss=-0.413980 valid=1.0000 routes=16.605 grad=2.9128 seconds=89.9
Epoch  505/5000: score=20.044332 loss=-0.421351 valid=1.0000 routes=17.241 grad=3.0528 seconds=93.3
Epoch  506/5000: score=18.284394 loss=-0.411168 valid=1.0000 routes=15.957 grad=2.7224 seconds=91.6
Epoch  507/5000: score=19.393581 loss=-0.407658 valid=1.0000 routes=18.065 grad=3.0556 seconds=89.9
Epoch  508/5000: score=19.096599 loss=-0.396088 valid=1.0000 routes=17.630 grad=2.9039 seconds=93.2
Epoch  509/5000: score=19.003929 loss=-0.393017 valid=1.0000 routes=17.499 grad=2.7818 seconds=91.7
Epoch  510/5000: score=19.222508 loss=-0.409956 valid=1.0000 routes=18.046 grad=2.9695 seconds=88.9
Epoch  511/5000: score=19.485754 loss=-0.417683 valid=1.0000 routes=17.069 grad=2.9515 seconds=91.9
Epoch  512/5000: score=19.632460 loss=-0.405779 valid=1.0000 routes=18.457 grad=3.0474 seconds=92.7
Epoch  513/5000: score=19.229872 loss=-0.410219 valid=1.0000 routes=16.720 grad=2.9351 seconds=91.4
Epoch  514/5000: score=18.816826 loss=-0.408232 valid=1.0000 routes=16.547 grad=2.8358 seconds=89.4
Epoch  515/5000: score=19.387603 loss=-0.393358 valid=1.0000 routes=16.913 grad=2.8313 seconds=90.8
Epoch  516/5000: score=18.833770 loss=-0.382155 valid=1.0000 routes=16.773 grad=2.7369 seconds=91.9
Epoch  517/5000: score=17.653495 loss=-0.388769 valid=1.0000 routes=15.978 grad=2.6110 seconds=89.9
Epoch  518/5000: score=19.287743 loss=-0.415694 valid=1.0000 routes=17.539 grad=2.9458 seconds=93.1
Epoch  519/5000: score=19.090914 loss=-0.403245 valid=1.0000 routes=16.843 grad=2.8686 seconds=90.1
Epoch  520/5000: score=19.572216 loss=-0.405283 valid=1.0000 routes=16.917 grad=2.9567 seconds=89.2
Epoch  521/5000: score=18.538015 loss=-0.396168 valid=1.0000 routes=16.103 grad=2.7976 seconds=91.8
Epoch  522/5000: score=19.142265 loss=-0.403339 valid=1.0000 routes=16.121 grad=2.8022 seconds=93.6
Epoch  523/5000: score=19.204845 loss=-0.400077 valid=1.0000 routes=18.329 grad=3.0201 seconds=89.7
Epoch  524/5000: score=19.292968 loss=-0.403668 valid=1.0000 routes=16.900 grad=2.9257 seconds=90.1
Epoch  525/5000: score=19.699285 loss=-0.410607 valid=1.0000 routes=17.585 grad=3.0391 seconds=91.1
Epoch  526/5000: score=18.203920 loss=-0.406584 valid=1.0000 routes=17.180 grad=2.7755 seconds=91.3
Epoch  527/5000: score=18.704087 loss=-0.390332 valid=1.0000 routes=16.702 grad=2.7898 seconds=88.8
Epoch  528/5000: score=18.747498 loss=-0.405039 valid=1.0000 routes=16.153 grad=2.7924 seconds=94.0
Epoch  529/5000: score=18.913922 loss=-0.391585 valid=1.0000 routes=16.839 grad=2.7837 seconds=93.3
Epoch  530/5000: score=19.293840 loss=-0.403846 valid=1.0000 routes=15.555 grad=2.8475 seconds=89.0
Epoch  531/5000: score=19.785016 loss=-0.414282 valid=1.0000 routes=18.073 grad=3.0311 seconds=91.6
Epoch  532/5000: score=20.138454 loss=-0.412311 valid=1.0000 routes=17.791 grad=3.1575 seconds=94.7
Epoch  533/5000: score=19.103164 loss=-0.403624 valid=1.0000 routes=17.029 grad=2.9063 seconds=90.8
Epoch  534/5000: score=18.043218 loss=-0.399681 valid=1.0000 routes=16.471 grad=2.6594 seconds=89.4
Epoch  535/5000: score=18.629969 loss=-0.395935 valid=1.0000 routes=16.383 grad=2.7639 seconds=91.8
Epoch  536/5000: score=19.430556 loss=-0.400207 valid=1.0000 routes=17.505 grad=2.9136 seconds=91.0
Epoch  537/5000: score=18.655867 loss=-0.411479 valid=1.0000 routes=15.882 grad=2.7596 seconds=89.0
Epoch  538/5000: score=18.638227 loss=-0.400811 valid=1.0000 routes=16.628 grad=2.7650 seconds=93.8
Epoch  539/5000: score=18.834126 loss=-0.409062 valid=1.0000 routes=17.128 grad=2.8687 seconds=94.4
Epoch  540/5000: score=18.975176 loss=-0.393440 valid=1.0000 routes=16.180 grad=2.7709 seconds=88.0
Epoch  541/5000: score=19.383983 loss=-0.396786 valid=1.0000 routes=16.876 grad=2.9228 seconds=90.7
Epoch  542/5000: score=19.149053 loss=-0.394762 valid=1.0000 routes=16.129 grad=2.7940 seconds=93.5
Epoch  543/5000: score=18.604511 loss=-0.393645 valid=1.0000 routes=17.336 grad=2.8406 seconds=91.7
Epoch  544/5000: score=19.223761 loss=-0.396330 valid=1.0000 routes=16.706 grad=2.8563 seconds=89.2
Epoch  545/5000: score=18.516106 loss=-0.398997 valid=1.0000 routes=15.738 grad=2.6513 seconds=92.5
>> Invalid instances, Re-generating ...
Epoch  546/5000: score=19.378887 loss=-0.385988 valid=1.0000 routes=17.612 grad=2.8662 seconds=91.2
Epoch  547/5000: score=18.594495 loss=-0.406186 valid=1.0000 routes=15.982 grad=2.7491 seconds=88.4
Epoch  548/5000: score=20.144571 loss=-0.415148 valid=1.0000 routes=18.899 grad=3.1429 seconds=92.5
Epoch  549/5000: score=18.042608 loss=-0.393686 valid=1.0000 routes=15.673 grad=2.6246 seconds=92.6
Epoch  550/5000: score=19.974063 loss=-0.413643 valid=1.0000 routes=18.015 grad=3.1345 seconds=88.2
Epoch  551/5000: score=20.118435 loss=-0.407415 valid=1.0000 routes=17.572 grad=3.1154 seconds=89.8
Epoch  552/5000: score=19.325290 loss=-0.397084 valid=1.0000 routes=17.013 grad=2.8669 seconds=91.7
Epoch  553/5000: score=18.720877 loss=-0.396343 valid=1.0000 routes=17.058 grad=2.8274 seconds=92.0
Epoch  554/5000: score=18.949210 loss=-0.400939 valid=1.0000 routes=17.187 grad=2.9051 seconds=89.0
Epoch  555/5000: score=18.658246 loss=-0.398097 valid=1.0000 routes=16.651 grad=2.7764 seconds=92.5
Epoch  556/5000: score=18.214194 loss=-0.398090 valid=1.0000 routes=15.817 grad=2.6628 seconds=91.8
Epoch  557/5000: score=19.260221 loss=-0.405595 valid=1.0000 routes=18.105 grad=3.0476 seconds=88.5
Epoch  558/5000: score=18.479330 loss=-0.386803 valid=1.0000 routes=16.690 grad=2.7354 seconds=93.0
Epoch  559/5000: score=18.496697 loss=-0.394446 valid=1.0000 routes=15.539 grad=2.6966 seconds=92.6
Epoch  560/5000: score=20.472656 loss=-0.409660 valid=1.0000 routes=18.178 grad=3.2109 seconds=89.1
Epoch  561/5000: score=18.501561 loss=-0.387735 valid=1.0000 routes=16.675 grad=2.7455 seconds=92.8
Epoch  562/5000: score=17.998777 loss=-0.378330 valid=1.0000 routes=16.209 grad=2.5891 seconds=91.8
>> Invalid instances, Re-generating ...
Epoch  563/5000: score=18.486108 loss=-0.385435 valid=1.0000 routes=17.002 grad=2.7406 seconds=90.9
Epoch  564/5000: score=17.941233 loss=-0.373632 valid=1.0000 routes=16.846 grad=2.6057 seconds=88.9
Epoch  565/5000: score=19.388432 loss=-0.401628 valid=1.0000 routes=17.824 grad=2.9853 seconds=94.4
Epoch  566/5000: score=19.094964 loss=-0.403756 valid=1.0000 routes=17.016 grad=2.9109 seconds=92.7
Epoch  567/5000: score=19.189583 loss=-0.395593 valid=1.0000 routes=17.385 grad=2.8507 seconds=88.8
Epoch  568/5000: score=19.868522 loss=-0.401168 valid=1.0000 routes=18.116 grad=3.0799 seconds=90.8
Epoch  569/5000: score=19.059252 loss=-0.405688 valid=1.0000 routes=16.478 grad=2.8945 seconds=92.0
Epoch  570/5000: score=19.215341 loss=-0.390674 valid=1.0000 routes=16.729 grad=2.7835 seconds=89.4
Epoch  571/5000: score=18.482084 loss=-0.396721 valid=1.0000 routes=16.440 grad=2.8548 seconds=90.5
Epoch  572/5000: score=17.880536 loss=-0.386023 valid=1.0000 routes=14.840 grad=2.4764 seconds=93.5
Epoch  573/5000: score=18.558704 loss=-0.384255 valid=1.0000 routes=16.846 grad=2.7175 seconds=90.8
Epoch  574/5000: score=17.915933 loss=-0.380076 valid=1.0000 routes=16.402 grad=2.6623 seconds=90.5
Epoch  575/5000: score=18.174334 loss=-0.379810 valid=1.0000 routes=16.292 grad=2.5712 seconds=93.4
Epoch  576/5000: score=19.269046 loss=-0.392803 valid=1.0000 routes=17.268 grad=2.9073 seconds=92.6
Epoch  577/5000: score=18.973726 loss=-0.388245 valid=1.0000 routes=17.189 grad=2.8496 seconds=89.5
Epoch  578/5000: score=19.711336 loss=-0.397622 valid=1.0000 routes=17.514 grad=3.0067 seconds=91.3
Epoch  579/5000: score=17.490074 loss=-0.388539 valid=1.0000 routes=15.606 grad=2.5015 seconds=93.6
Epoch  580/5000: score=18.205191 loss=-0.396948 valid=1.0000 routes=16.956 grad=2.8290 seconds=90.4
Epoch  581/5000: score=20.097305 loss=-0.411254 valid=1.0000 routes=17.239 grad=3.1354 seconds=91.3
Epoch  582/5000: score=19.473893 loss=-0.390472 valid=1.0000 routes=17.489 grad=2.9461 seconds=93.6
Epoch  583/5000: score=19.656392 loss=-0.404004 valid=1.0000 routes=16.988 grad=2.9959 seconds=91.9
Epoch  584/5000: score=18.067886 loss=-0.404218 valid=1.0000 routes=14.991 grad=2.5900 seconds=89.9
Epoch  585/5000: score=18.135735 loss=-0.392141 valid=1.0000 routes=16.609 grad=2.7075 seconds=94.7
Epoch  586/5000: score=20.548803 loss=-0.405470 valid=1.0000 routes=19.202 grad=3.2683 seconds=92.0
Epoch  587/5000: score=18.502716 loss=-0.385465 valid=1.0000 routes=16.199 grad=2.7047 seconds=89.0
Epoch  588/5000: score=18.401452 loss=-0.379768 valid=1.0000 routes=16.116 grad=2.5623 seconds=91.8
Epoch  589/5000: score=19.274322 loss=-0.399144 valid=1.0000 routes=16.633 grad=2.9379 seconds=94.6
Epoch  590/5000: score=17.783963 loss=-0.383671 valid=1.0000 routes=15.322 grad=2.4633 seconds=90.8
Epoch  591/5000: score=18.990752 loss=-0.392239 valid=1.0000 routes=16.834 grad=2.7999 seconds=89.0
Epoch  592/5000: score=18.828183 loss=-0.386970 valid=1.0000 routes=16.432 grad=2.7402 seconds=93.0
Epoch  593/5000: score=18.849740 loss=-0.394730 valid=1.0000 routes=17.171 grad=2.7930 seconds=92.8
Epoch  594/5000: score=19.467924 loss=-0.382629 valid=1.0000 routes=17.479 grad=2.8586 seconds=88.5
Epoch  595/5000: score=18.898149 loss=-0.395255 valid=1.0000 routes=17.411 grad=2.8772 seconds=90.9
Epoch  596/5000: score=20.362405 loss=-0.410109 valid=1.0000 routes=18.027 grad=3.2389 seconds=94.2
Epoch  597/5000: score=18.912366 loss=-0.405072 valid=1.0000 routes=16.817 grad=2.8983 seconds=89.4
>> Invalid instances, Re-generating ...
Epoch  598/5000: score=19.157705 loss=-0.398360 valid=1.0000 routes=17.207 grad=2.9140 seconds=91.1
Epoch  599/5000: score=18.471176 loss=-0.399874 valid=1.0000 routes=16.141 grad=2.8122 seconds=92.2
Epoch  600/5000: score=19.501295 loss=-0.408925 valid=1.0000 routes=15.910 grad=2.9324 seconds=91.3
Epoch  601/5000: score=19.062872 loss=-0.382266 valid=1.0000 routes=16.419 grad=2.8091 seconds=89.3
Epoch  602/5000: score=18.942179 loss=-0.391950 valid=1.0000 routes=16.205 grad=2.7335 seconds=92.2
Epoch  603/5000: score=19.072806 loss=-0.390319 valid=1.0000 routes=16.773 grad=2.7694 seconds=91.4
Epoch  604/5000: score=19.577030 loss=-0.382822 valid=1.0000 routes=16.848 grad=2.9155 seconds=88.3
Epoch  605/5000: score=19.107949 loss=-0.398371 valid=1.0000 routes=16.506 grad=2.7677 seconds=90.6
Epoch  606/5000: score=18.712896 loss=-0.396395 valid=1.0000 routes=16.095 grad=2.7382 seconds=92.0
Epoch  607/5000: score=18.822204 loss=-0.393862 valid=1.0000 routes=17.895 grad=2.8473 seconds=89.9
Epoch  608/5000: score=19.820963 loss=-0.391955 valid=1.0000 routes=17.976 grad=2.9610 seconds=91.8
Epoch  609/5000: score=18.718604 loss=-0.397167 valid=1.0000 routes=16.747 grad=2.8000 seconds=94.0
Epoch  610/5000: score=18.557848 loss=-0.398719 valid=1.0000 routes=16.236 grad=2.8154 seconds=93.6
Epoch  611/5000: score=18.912087 loss=-0.401111 valid=1.0000 routes=16.810 grad=2.7855 seconds=89.7
Epoch  612/5000: score=19.434991 loss=-0.394723 valid=1.0000 routes=17.061 grad=2.8697 seconds=93.5
Epoch  613/5000: score=20.310989 loss=-0.398042 valid=1.0000 routes=17.248 grad=3.0813 seconds=90.5
Epoch  614/5000: score=18.566218 loss=-0.385170 valid=1.0000 routes=16.528 grad=2.7037 seconds=88.7
Epoch  615/5000: score=18.748130 loss=-0.370125 valid=1.0000 routes=16.424 grad=2.6775 seconds=91.8
Epoch  616/5000: score=18.413335 loss=-0.402894 valid=1.0000 routes=16.314 grad=2.7387 seconds=92.7
Epoch  617/5000: score=19.577735 loss=-0.413042 valid=1.0000 routes=16.598 grad=3.0070 seconds=88.3
Epoch  618/5000: score=18.987756 loss=-0.401772 valid=1.0000 routes=15.969 grad=2.6982 seconds=88.8
Epoch  619/5000: score=18.816681 loss=-0.396469 valid=1.0000 routes=15.540 grad=2.6939 seconds=94.5
Epoch  620/5000: score=17.844475 loss=-0.377724 valid=1.0000 routes=15.804 grad=2.5558 seconds=92.6
Epoch  621/5000: score=19.936012 loss=-0.410381 valid=1.0000 routes=18.195 grad=3.1819 seconds=89.0
Epoch  622/5000: score=18.637736 loss=-0.394582 valid=1.0000 routes=17.325 grad=2.7964 seconds=93.3
Epoch  623/5000: score=19.249967 loss=-0.417700 valid=1.0000 routes=16.307 grad=2.9226 seconds=92.1
Epoch  624/5000: score=19.197865 loss=-0.380636 valid=1.0000 routes=16.606 grad=2.7573 seconds=88.3
Epoch  625/5000: score=19.276231 loss=-0.402538 valid=1.0000 routes=17.208 grad=2.8762 seconds=93.6
Epoch  626/5000: score=18.226203 loss=-0.404976 valid=1.0000 routes=15.423 grad=2.6581 seconds=92.5
Epoch  627/5000: score=19.601065 loss=-0.388663 valid=1.0000 routes=17.110 grad=2.8752 seconds=92.4
Epoch  628/5000: score=19.164685 loss=-0.392230 valid=1.0000 routes=17.591 grad=2.8748 seconds=89.0
Epoch  629/5000: score=20.409196 loss=-0.404212 valid=1.0000 routes=17.221 grad=3.1086 seconds=91.9
Epoch  630/5000: score=18.596761 loss=-0.390914 valid=1.0000 routes=15.969 grad=2.7598 seconds=92.6
Epoch  631/5000: score=19.100862 loss=-0.386122 valid=1.0000 routes=17.490 grad=2.9200 seconds=89.0
Epoch  632/5000: score=19.355767 loss=-0.378525 valid=1.0000 routes=18.270 grad=2.9003 seconds=91.6
Epoch  633/5000: score=18.927259 loss=-0.385117 valid=1.0000 routes=16.344 grad=2.8081 seconds=93.2
Epoch  634/5000: score=17.781275 loss=-0.377253 valid=1.0000 routes=14.386 grad=2.4813 seconds=89.4
Epoch  635/5000: score=19.978237 loss=-0.387512 valid=1.0000 routes=17.905 grad=2.9684 seconds=92.1
Epoch  636/5000: score=18.310367 loss=-0.396115 valid=1.0000 routes=16.058 grad=2.6413 seconds=92.9
Epoch  637/5000: score=19.151122 loss=-0.407875 valid=1.0000 routes=16.599 grad=2.9115 seconds=91.0
Epoch  638/5000: score=19.673781 loss=-0.391609 valid=1.0000 routes=17.991 grad=3.0204 seconds=89.6
Epoch  639/5000: score=19.329551 loss=-0.398250 valid=1.0000 routes=16.471 grad=2.9279 seconds=94.1
Epoch  640/5000: score=19.305617 loss=-0.406507 valid=1.0000 routes=16.766 grad=2.8399 seconds=93.5
Epoch  641/5000: score=19.067647 loss=-0.390663 valid=1.0000 routes=17.393 grad=2.8578 seconds=89.7
Epoch  642/5000: score=19.409872 loss=-0.401960 valid=1.0000 routes=17.517 grad=3.0271 seconds=91.8
Epoch  643/5000: score=18.913017 loss=-0.392777 valid=1.0000 routes=16.633 grad=2.7966 seconds=93.1
Epoch  644/5000: score=18.867214 loss=-0.395721 valid=1.0000 routes=17.254 grad=2.8793 seconds=92.0
Epoch  645/5000: score=19.076056 loss=-0.381779 valid=1.0000 routes=16.988 grad=2.7883 seconds=88.8
Epoch  646/5000: score=19.407107 loss=-0.412598 valid=1.0000 routes=17.108 grad=2.9491 seconds=93.5
Epoch  647/5000: score=18.213321 loss=-0.374835 valid=1.0000 routes=16.983 grad=2.6444 seconds=93.7
Epoch  648/5000: score=18.934350 loss=-0.390170 valid=1.0000 routes=16.756 grad=2.8135 seconds=91.0
Epoch  649/5000: score=19.661618 loss=-0.397568 valid=1.0000 routes=18.257 grad=3.0193 seconds=90.9
Epoch  650/5000: score=19.446142 loss=-0.398038 valid=1.0000 routes=18.180 grad=3.0311 seconds=94.2
Epoch  651/5000: score=18.495411 loss=-0.382508 valid=1.0000 routes=15.642 grad=2.6295 seconds=91.8
Epoch  652/5000: score=18.455694 loss=-0.381609 valid=1.0000 routes=15.863 grad=2.6291 seconds=89.7
Epoch  653/5000: score=18.576511 loss=-0.383841 valid=1.0000 routes=16.224 grad=2.7577 seconds=90.4
Epoch  654/5000: score=21.175826 loss=-0.409773 valid=1.0000 routes=17.879 grad=3.2761 seconds=92.7
Epoch  655/5000: score=18.809928 loss=-0.396351 valid=1.0000 routes=16.495 grad=2.6925 seconds=90.7
Epoch  656/5000: score=18.406908 loss=-0.389241 valid=1.0000 routes=16.257 grad=2.6680 seconds=88.5
Epoch  657/5000: score=19.510853 loss=-0.390582 valid=1.0000 routes=17.887 grad=2.9136 seconds=92.1
Epoch  658/5000: score=18.466281 loss=-0.386498 valid=1.0000 routes=15.911 grad=2.6529 seconds=92.5
Epoch  659/5000: score=18.966489 loss=-0.391970 valid=1.0000 routes=17.290 grad=2.8565 seconds=90.4
Epoch  660/5000: score=18.348973 loss=-0.369368 valid=1.0000 routes=17.291 grad=2.6760 seconds=90.1
Epoch  661/5000: score=17.954202 loss=-0.395963 valid=1.0000 routes=15.232 grad=2.6277 seconds=93.5
Epoch  662/5000: score=18.781099 loss=-0.377366 valid=1.0000 routes=16.948 grad=2.6964 seconds=92.4
Epoch  663/5000: score=18.724141 loss=-0.379739 valid=1.0000 routes=17.058 grad=2.7023 seconds=88.3
Epoch  664/5000: score=18.211001 loss=-0.378431 valid=1.0000 routes=15.601 grad=2.5702 seconds=91.6
Epoch  665/5000: score=18.946231 loss=-0.387347 valid=1.0000 routes=16.657 grad=2.7703 seconds=94.1
Epoch  666/5000: score=19.163620 loss=-0.400921 valid=1.0000 routes=17.268 grad=2.8666 seconds=90.7
Epoch  667/5000: score=18.915834 loss=-0.391036 valid=1.0000 routes=17.055 grad=2.7707 seconds=87.7
Epoch  668/5000: score=19.947170 loss=-0.388224 valid=1.0000 routes=17.732 grad=3.0109 seconds=91.4
Epoch  669/5000: score=18.970158 loss=-0.382912 valid=1.0000 routes=17.920 grad=2.7902 seconds=93.0
Epoch  670/5000: score=19.579610 loss=-0.393647 valid=1.0000 routes=17.637 grad=2.8637 seconds=89.1
Epoch  671/5000: score=18.410432 loss=-0.380636 valid=1.0000 routes=16.836 grad=2.7430 seconds=91.4
Epoch  672/5000: score=18.648930 loss=-0.376514 valid=1.0000 routes=16.493 grad=2.6643 seconds=92.4
Epoch  673/5000: score=19.126556 loss=-0.374371 valid=1.0000 routes=17.448 grad=2.8368 seconds=92.1
Epoch  674/5000: score=18.322496 loss=-0.382246 valid=1.0000 routes=16.860 grad=2.6300 seconds=87.9
Epoch  675/5000: score=18.027294 loss=-0.378710 valid=1.0000 routes=15.531 grad=2.5639 seconds=91.3
Epoch  676/5000: score=18.888015 loss=-0.386072 valid=1.0000 routes=16.473 grad=2.7380 seconds=93.0
Epoch  677/5000: score=19.674669 loss=-0.400983 valid=1.0000 routes=17.947 grad=3.0341 seconds=90.7
Epoch  678/5000: score=19.997651 loss=-0.377083 valid=1.0000 routes=19.172 grad=3.0011 seconds=91.0
Epoch  679/5000: score=17.990899 loss=-0.382530 valid=1.0000 routes=15.777 grad=2.4671 seconds=91.1
Epoch  680/5000: score=19.845041 loss=-0.388411 valid=1.0000 routes=16.959 grad=2.9072 seconds=92.2
Epoch  681/5000: score=18.103233 loss=-0.381735 valid=1.0000 routes=15.740 grad=2.5559 seconds=88.8
Epoch  682/5000: score=18.738439 loss=-0.384669 valid=1.0000 routes=16.882 grad=2.7070 seconds=91.9
Epoch  683/5000: score=18.716332 loss=-0.398830 valid=1.0000 routes=16.164 grad=2.7991 seconds=93.2
Epoch  684/5000: score=19.911349 loss=-0.392309 valid=1.0000 routes=16.819 grad=2.8861 seconds=92.7
Epoch  685/5000: score=19.577717 loss=-0.392626 valid=1.0000 routes=18.105 grad=3.0076 seconds=88.1
Epoch  686/5000: score=18.376926 loss=-0.372909 valid=1.0000 routes=16.731 grad=2.6122 seconds=93.1
Epoch  687/5000: score=18.640976 loss=-0.386553 valid=1.0000 routes=17.148 grad=2.7282 seconds=93.2
Epoch  688/5000: score=19.785173 loss=-0.393497 valid=1.0000 routes=17.869 grad=2.9670 seconds=91.1
Epoch  689/5000: score=19.422873 loss=-0.391235 valid=1.0000 routes=16.754 grad=2.9407 seconds=90.3
Epoch  690/5000: score=19.458859 loss=-0.380119 valid=1.0000 routes=17.299 grad=2.8781 seconds=93.3
Epoch  691/5000: score=18.648819 loss=-0.370050 valid=1.0000 routes=15.845 grad=2.6073 seconds=91.6
Epoch  692/5000: score=18.885182 loss=-0.388261 valid=1.0000 routes=16.735 grad=2.7573 seconds=87.8
Epoch  693/5000: score=18.973869 loss=-0.374781 valid=1.0000 routes=16.591 grad=2.6808 seconds=92.1
Epoch  694/5000: score=18.015519 loss=-0.365147 valid=1.0000 routes=16.164 grad=2.5407 seconds=93.5
Epoch  695/5000: score=19.086198 loss=-0.376149 valid=1.0000 routes=16.639 grad=2.8083 seconds=92.5
Epoch  696/5000: score=19.164675 loss=-0.406453 valid=1.0000 routes=16.293 grad=2.8097 seconds=90.2
Epoch  697/5000: score=19.154266 loss=-0.388734 valid=1.0000 routes=16.451 grad=2.6965 seconds=92.8
Epoch  698/5000: score=19.145546 loss=-0.373111 valid=1.0000 routes=17.715 grad=2.7889 seconds=93.6
Epoch  699/5000: score=18.448849 loss=-0.373428 valid=1.0000 routes=15.849 grad=2.6354 seconds=90.8
Epoch  700/5000: score=19.067614 loss=-0.386688 valid=1.0000 routes=17.545 grad=2.8348 seconds=90.4
Epoch  701/5000: score=18.818157 loss=-0.380330 valid=1.0000 routes=16.766 grad=2.7321 seconds=93.2
Epoch  702/5000: score=18.458055 loss=-0.379563 valid=1.0000 routes=16.891 grad=2.6825 seconds=91.1
Epoch  703/5000: score=19.882494 loss=-0.384714 valid=1.0000 routes=18.107 grad=2.9689 seconds=88.4
Epoch  704/5000: score=19.144858 loss=-0.384618 valid=1.0000 routes=16.074 grad=2.7192 seconds=91.1
Epoch  705/5000: score=20.494150 loss=-0.379389 valid=1.0000 routes=18.471 grad=3.0740 seconds=93.7
Epoch  706/5000: score=18.469672 loss=-0.387776 valid=1.0000 routes=16.055 grad=2.6835 seconds=92.1
Epoch  707/5000: score=20.075124 loss=-0.388801 valid=1.0000 routes=17.611 grad=2.9207 seconds=88.6
Epoch  708/5000: score=19.112120 loss=-0.375876 valid=1.0000 routes=17.144 grad=2.7691 seconds=91.2
Epoch  709/5000: score=19.723025 loss=-0.384871 valid=1.0000 routes=17.716 grad=2.9378 seconds=92.0
Epoch  710/5000: score=18.802348 loss=-0.387558 valid=1.0000 routes=16.918 grad=2.8273 seconds=89.1
Epoch  711/5000: score=19.543380 loss=-0.386505 valid=1.0000 routes=16.752 grad=2.8726 seconds=89.0
Epoch  712/5000: score=19.529417 loss=-0.381876 valid=1.0000 routes=17.672 grad=2.9279 seconds=92.3
Epoch  713/5000: score=18.483050 loss=-0.390798 valid=1.0000 routes=16.225 grad=2.7219 seconds=92.6
Epoch  714/5000: score=18.850788 loss=-0.378703 valid=1.0000 routes=16.589 grad=2.7176 seconds=88.8
Epoch  715/5000: score=18.145082 loss=-0.358839 valid=1.0000 routes=16.067 grad=2.4719 seconds=93.1
Epoch  716/5000: score=18.594095 loss=-0.375527 valid=1.0000 routes=16.567 grad=2.6528 seconds=91.7
Epoch  717/5000: score=18.399118 loss=-0.388929 valid=1.0000 routes=15.730 grad=2.6773 seconds=92.4
Epoch  718/5000: score=17.921676 loss=-0.371797 valid=1.0000 routes=16.553 grad=2.5422 seconds=90.4
Epoch  719/5000: score=19.594252 loss=-0.401178 valid=1.0000 routes=17.133 grad=2.9902 seconds=93.8
>> Invalid instances, Re-generating ...
Epoch  720/5000: score=19.465312 loss=-0.397922 valid=1.0000 routes=16.856 grad=2.8905 seconds=91.6
Epoch  721/5000: score=19.262708 loss=-0.382777 valid=1.0000 routes=17.305 grad=2.8497 seconds=90.1
Epoch  722/5000: score=19.606565 loss=-0.402246 valid=1.0000 routes=16.737 grad=2.8359 seconds=89.4
Epoch  723/5000: score=19.676616 loss=-0.387813 valid=1.0000 routes=17.657 grad=2.8778 seconds=92.2
Epoch  724/5000: score=19.500192 loss=-0.393193 valid=1.0000 routes=17.273 grad=2.9337 seconds=92.7
Epoch  725/5000: score=19.663032 loss=-0.390288 valid=1.0000 routes=17.337 grad=2.9333 seconds=90.6
Epoch  726/5000: score=20.508889 loss=-0.397520 valid=1.0000 routes=18.163 grad=3.1124 seconds=92.3
Epoch  727/5000: score=19.818752 loss=-0.399664 valid=1.0000 routes=17.620 grad=3.0117 seconds=92.4
Epoch  728/5000: score=18.122532 loss=-0.393146 valid=1.0000 routes=16.012 grad=2.5903 seconds=90.7
>> Invalid instances, Re-generating ...
Epoch  729/5000: score=18.828389 loss=-0.377559 valid=1.0000 routes=17.729 grad=2.7859 seconds=88.6
Epoch  730/5000: score=18.590835 loss=-0.385248 valid=1.0000 routes=17.121 grad=2.7662 seconds=93.0
Epoch  731/5000: score=17.483858 loss=-0.381293 valid=1.0000 routes=15.315 grad=2.4936 seconds=93.2
Epoch  732/5000: score=18.604925 loss=-0.375427 valid=1.0000 routes=16.554 grad=2.6833 seconds=90.5
Epoch  733/5000: score=18.509558 loss=-0.384042 valid=1.0000 routes=17.118 grad=2.6416 seconds=90.4
Epoch  734/5000: score=17.997398 loss=-0.390691 valid=1.0000 routes=15.708 grad=2.5961 seconds=93.4
Epoch  735/5000: score=18.358882 loss=-0.385226 valid=1.0000 routes=16.845 grad=2.7298 seconds=92.9
Epoch  736/5000: score=19.396309 loss=-0.397396 valid=1.0000 routes=16.466 grad=2.8473 seconds=90.2
Epoch  737/5000: score=18.693046 loss=-0.388576 valid=1.0000 routes=15.882 grad=2.6949 seconds=91.6
Epoch  738/5000: score=18.862776 loss=-0.370761 valid=1.0000 routes=17.561 grad=2.7181 seconds=92.6
Epoch  739/5000: score=19.123132 loss=-0.366827 valid=1.0000 routes=16.020 grad=2.7129 seconds=91.7
Epoch  740/5000: score=18.199089 loss=-0.363692 valid=1.0000 routes=16.076 grad=2.5376 seconds=90.2
Epoch  741/5000: score=18.825594 loss=-0.378435 valid=1.0000 routes=17.001 grad=2.7984 seconds=94.3
Epoch  742/5000: score=19.106494 loss=-0.374601 valid=1.0000 routes=16.874 grad=2.8460 seconds=92.6
Epoch  743/5000: score=18.408020 loss=-0.376928 valid=1.0000 routes=15.740 grad=2.5973 seconds=88.6
Epoch  744/5000: score=19.827197 loss=-0.380369 valid=1.0000 routes=17.680 grad=2.9553 seconds=93.6
Epoch  745/5000: score=18.936396 loss=-0.365344 valid=1.0000 routes=16.446 grad=2.7306 seconds=92.4
Epoch  746/5000: score=19.744689 loss=-0.370456 valid=1.0000 routes=17.998 grad=2.9272 seconds=89.2
Epoch  747/5000: score=18.817631 loss=-0.376566 valid=1.0000 routes=16.942 grad=2.7771 seconds=90.6
Epoch  748/5000: score=18.906107 loss=-0.382056 valid=1.0000 routes=16.516 grad=2.8092 seconds=91.8
Epoch  749/5000: score=19.099401 loss=-0.373072 valid=1.0000 routes=16.786 grad=2.7114 seconds=92.3
Epoch  750/5000: score=19.029843 loss=-0.372766 valid=1.0000 routes=16.684 grad=2.7737 seconds=88.9
Epoch  751/5000: score=18.962006 loss=-0.376554 valid=1.0000 routes=17.219 grad=2.7174 seconds=93.1
Epoch  752/5000: score=18.319804 loss=-0.394069 valid=1.0000 routes=15.776 grad=2.6176 seconds=94.5
Epoch  753/5000: score=20.288201 loss=-0.385704 valid=1.0000 routes=18.044 grad=3.0396 seconds=89.6
Epoch  754/5000: score=18.522399 loss=-0.383025 valid=1.0000 routes=16.973 grad=2.6113 seconds=91.4
Epoch  755/5000: score=18.723986 loss=-0.375153 valid=1.0000 routes=17.193 grad=2.7424 seconds=92.6
Epoch  756/5000: score=19.136501 loss=-0.384487 valid=1.0000 routes=17.220 grad=2.8660 seconds=91.2
Epoch  757/5000: score=19.544106 loss=-0.389434 valid=1.0000 routes=17.735 grad=2.8763 seconds=90.5
Epoch  758/5000: score=19.836637 loss=-0.382673 valid=1.0000 routes=17.256 grad=2.9162 seconds=94.9
Epoch  759/5000: score=19.494383 loss=-0.367805 valid=1.0000 routes=17.400 grad=2.9092 seconds=95.0
Epoch  760/5000: score=19.148012 loss=-0.382747 valid=1.0000 routes=16.983 grad=2.7949 seconds=88.5
Epoch  761/5000: score=19.753318 loss=-0.376402 valid=1.0000 routes=17.899 grad=2.8986 seconds=93.5
Epoch  762/5000: score=19.706775 loss=-0.397836 valid=1.0000 routes=16.963 grad=3.0047 seconds=93.7
Epoch  763/5000: score=17.884509 loss=-0.374435 valid=1.0000 routes=15.611 grad=2.4801 seconds=90.8
Epoch  764/5000: score=17.985899 loss=-0.370267 valid=1.0000 routes=16.635 grad=2.5613 seconds=89.9
Epoch  765/5000: score=18.705665 loss=-0.374757 valid=1.0000 routes=15.841 grad=2.6207 seconds=92.2
Epoch  766/5000: score=18.519621 loss=-0.370874 valid=1.0000 routes=16.003 grad=2.5817 seconds=90.4
Epoch  767/5000: score=17.520245 loss=-0.360189 valid=1.0000 routes=15.572 grad=2.3961 seconds=88.4
Epoch  768/5000: score=18.461676 loss=-0.378492 valid=1.0000 routes=16.259 grad=2.6353 seconds=92.7
Epoch  769/5000: score=19.413438 loss=-0.403952 valid=1.0000 routes=17.408 grad=2.9665 seconds=92.8
Epoch  770/5000: score=18.158041 loss=-0.368294 valid=1.0000 routes=16.255 grad=2.5013 seconds=88.5
Epoch  771/5000: score=18.038970 loss=-0.361314 valid=1.0000 routes=17.031 grad=2.5428 seconds=92.7
Epoch  772/5000: score=18.719178 loss=-0.377593 valid=1.0000 routes=16.438 grad=2.7238 seconds=92.2
Epoch  773/5000: score=19.872090 loss=-0.389908 valid=1.0000 routes=16.781 grad=2.9875 seconds=88.5
Epoch  774/5000: score=19.379310 loss=-0.386018 valid=1.0000 routes=17.740 grad=2.8974 seconds=92.0
Epoch  775/5000: score=18.072741 loss=-0.382323 valid=1.0000 routes=15.282 grad=2.5550 seconds=94.9
Epoch  776/5000: score=18.702296 loss=-0.384467 valid=1.0000 routes=15.599 grad=2.5930 seconds=90.4
Epoch  777/5000: score=18.907174 loss=-0.387044 valid=1.0000 routes=16.576 grad=2.7704 seconds=92.1
Epoch  778/5000: score=19.890586 loss=-0.370321 valid=1.0000 routes=17.651 grad=2.8879 seconds=94.3
Epoch  779/5000: score=19.407430 loss=-0.386425 valid=1.0000 routes=17.145 grad=2.8714 seconds=90.3
Epoch  780/5000: score=19.013347 loss=-0.356774 valid=1.0000 routes=17.528 grad=2.7545 seconds=92.1
Epoch  781/5000: score=18.997152 loss=-0.381054 valid=1.0000 routes=17.218 grad=2.7781 seconds=94.6
Epoch  782/5000: score=19.686558 loss=-0.383774 valid=1.0000 routes=17.177 grad=2.8679 seconds=92.0
Epoch  783/5000: score=18.752742 loss=-0.367393 valid=1.0000 routes=16.533 grad=2.6479 seconds=89.9
Epoch  784/5000: score=18.647398 loss=-0.369542 valid=1.0000 routes=16.318 grad=2.6116 seconds=94.1
Epoch  785/5000: score=19.386677 loss=-0.377107 valid=1.0000 routes=17.276 grad=2.8340 seconds=92.0
Epoch  786/5000: score=18.496175 loss=-0.372616 valid=1.0000 routes=17.130 grad=2.6929 seconds=90.0
Epoch  787/5000: score=19.079462 loss=-0.381514 valid=1.0000 routes=16.910 grad=2.7257 seconds=91.1
Epoch  788/5000: score=20.266397 loss=-0.381314 valid=1.0000 routes=17.601 grad=3.0494 seconds=92.2
Epoch  789/5000: score=18.552587 loss=-0.357278 valid=1.0000 routes=16.776 grad=2.5765 seconds=89.1
Epoch  790/5000: score=18.022254 loss=-0.367237 valid=1.0000 routes=15.041 grad=2.5856 seconds=94.5
Epoch  791/5000: score=19.226254 loss=-0.373416 valid=1.0000 routes=16.729 grad=2.7761 seconds=94.2
Epoch  792/5000: score=19.549663 loss=-0.376566 valid=1.0000 routes=18.055 grad=2.9280 seconds=88.7
Epoch  793/5000: score=20.323286 loss=-0.383573 valid=1.0000 routes=18.155 grad=3.1337 seconds=93.5
Epoch  794/5000: score=19.353043 loss=-0.362699 valid=1.0000 routes=16.808 grad=2.6803 seconds=93.1
Epoch  795/5000: score=19.356692 loss=-0.385740 valid=1.0000 routes=16.226 grad=2.7978 seconds=89.7
Epoch  796/5000: score=18.405955 loss=-0.382072 valid=1.0000 routes=16.520 grad=2.6644 seconds=93.0
Epoch  797/5000: score=19.592651 loss=-0.393874 valid=1.0000 routes=17.941 grad=2.9690 seconds=94.6
Epoch  798/5000: score=19.335406 loss=-0.381754 valid=1.0000 routes=16.851 grad=2.7628 seconds=91.2
Epoch  799/5000: score=18.726365 loss=-0.373997 valid=1.0000 routes=15.963 grad=2.5837 seconds=90.3
Epoch  800/5000: score=19.025400 loss=-0.379656 valid=1.0000 routes=17.103 grad=2.7855 seconds=93.5
Epoch  801/5000: score=18.736663 loss=-0.369845 valid=1.0000 routes=16.998 grad=2.7133 seconds=92.4
Epoch  802/5000: score=20.542038 loss=-0.381735 valid=1.0000 routes=17.508 grad=3.0729 seconds=91.4
Epoch  803/5000: score=18.282071 loss=-0.368621 valid=1.0000 routes=15.927 grad=2.5462 seconds=93.7
Epoch  804/5000: score=18.210196 loss=-0.358723 valid=1.0000 routes=15.717 grad=2.4818 seconds=89.5
Epoch  805/5000: score=19.383953 loss=-0.396119 valid=1.0000 routes=16.584 grad=2.9268 seconds=92.8
Epoch  806/5000: score=20.399481 loss=-0.369724 valid=1.0000 routes=17.985 grad=2.9631 seconds=93.8
Epoch  807/5000: score=18.701238 loss=-0.362806 valid=1.0000 routes=15.878 grad=2.6319 seconds=89.3
Epoch  808/5000: score=19.825135 loss=-0.377619 valid=1.0000 routes=17.498 grad=2.9733 seconds=92.3
Epoch  809/5000: score=19.579998 loss=-0.389833 valid=1.0000 routes=17.102 grad=2.9290 seconds=94.1
Epoch  810/5000: score=19.254276 loss=-0.373324 valid=1.0000 routes=16.647 grad=2.7104 seconds=88.8
Epoch  811/5000: score=19.112265 loss=-0.368775 valid=1.0000 routes=17.512 grad=2.7447 seconds=96.1
Epoch  812/5000: score=18.268118 loss=-0.355268 valid=1.0000 routes=16.640 grad=2.4730 seconds=91.6
Epoch  813/5000: score=19.459440 loss=-0.375170 valid=1.0000 routes=17.855 grad=2.8307 seconds=89.1
Epoch  814/5000: score=18.158373 loss=-0.364244 valid=1.0000 routes=16.654 grad=2.5376 seconds=93.5
Epoch  815/5000: score=19.393210 loss=-0.384824 valid=1.0000 routes=16.617 grad=2.8086 seconds=90.6
Epoch  816/5000: score=19.538737 loss=-0.370424 valid=1.0000 routes=17.230 grad=2.7673 seconds=89.0
Epoch  817/5000: score=18.914070 loss=-0.378561 valid=1.0000 routes=16.880 grad=2.7490 seconds=92.5
Epoch  818/5000: score=19.068302 loss=-0.371429 valid=1.0000 routes=17.274 grad=2.7032 seconds=92.1
Epoch  819/5000: score=19.328237 loss=-0.377313 valid=1.0000 routes=16.533 grad=2.8064 seconds=93.5
Epoch  820/5000: score=18.479451 loss=-0.378303 valid=1.0000 routes=15.836 grad=2.6468 seconds=93.9
Epoch  821/5000: score=19.112187 loss=-0.371239 valid=1.0000 routes=17.312 grad=2.8323 seconds=90.8
Epoch  822/5000: score=19.597174 loss=-0.381188 valid=1.0000 routes=16.476 grad=2.7987 seconds=93.2
Epoch  823/5000: score=19.345251 loss=-0.365230 valid=1.0000 routes=16.859 grad=2.7808 seconds=94.1
Epoch  824/5000: score=18.649424 loss=-0.378035 valid=1.0000 routes=16.514 grad=2.7200 seconds=89.3
Epoch  825/5000: score=17.991612 loss=-0.375713 valid=1.0000 routes=15.090 grad=2.5070 seconds=92.2
Epoch  826/5000: score=19.180321 loss=-0.371826 valid=1.0000 routes=17.709 grad=2.7800 seconds=90.5
Epoch  827/5000: score=18.310580 loss=-0.368787 valid=1.0000 routes=16.532 grad=2.5733 seconds=91.8
Epoch  828/5000: score=19.010541 loss=-0.371820 valid=1.0000 routes=16.671 grad=2.7058 seconds=94.8
Epoch  829/5000: score=18.982175 loss=-0.375514 valid=1.0000 routes=16.209 grad=2.7744 seconds=89.2
Epoch  830/5000: score=18.097483 loss=-0.364000 valid=1.0000 routes=15.555 grad=2.5134 seconds=94.5
Epoch  831/5000: score=19.542536 loss=-0.390462 valid=1.0000 routes=17.313 grad=2.9186 seconds=94.8
Epoch  832/5000: score=20.034087 loss=-0.381928 valid=1.0000 routes=17.996 grad=2.9881 seconds=88.5
Epoch  833/5000: score=18.726578 loss=-0.371384 valid=1.0000 routes=16.939 grad=2.6783 seconds=96.2
Epoch  834/5000: score=18.150942 loss=-0.365017 valid=1.0000 routes=16.343 grad=2.5813 seconds=94.5
Epoch  835/5000: score=18.278852 loss=-0.357293 valid=1.0000 routes=16.941 grad=2.5025 seconds=90.1
Epoch  836/5000: score=17.718716 loss=-0.354195 valid=1.0000 routes=15.853 grad=2.4316 seconds=95.4
Epoch  837/5000: score=19.445389 loss=-0.356385 valid=1.0000 routes=17.244 grad=2.7369 seconds=90.6
Epoch  838/5000: score=18.161100 loss=-0.374002 valid=1.0000 routes=15.188 grad=2.4985 seconds=92.0
Epoch  839/5000: score=18.524875 loss=-0.371673 valid=1.0000 routes=16.258 grad=2.5873 seconds=92.6
Epoch  840/5000: score=19.228217 loss=-0.383160 valid=1.0000 routes=15.871 grad=2.7401 seconds=88.6
Epoch  841/5000: score=19.368097 loss=-0.377204 valid=1.0000 routes=17.034 grad=2.8122 seconds=93.7
Epoch  842/5000: score=18.982963 loss=-0.369756 valid=1.0000 routes=16.634 grad=2.7065 seconds=91.0
Epoch  843/5000: score=18.239039 loss=-0.360254 valid=1.0000 routes=16.639 grad=2.5632 seconds=91.0
Epoch  844/5000: score=18.670752 loss=-0.373530 valid=1.0000 routes=16.099 grad=2.6191 seconds=94.7
Epoch  845/5000: score=18.769355 loss=-0.371407 valid=1.0000 routes=17.195 grad=2.7062 seconds=88.6
Epoch  846/5000: score=17.286589 loss=-0.356410 valid=1.0000 routes=14.760 grad=2.3056 seconds=94.6
Epoch  847/5000: score=19.674843 loss=-0.369237 valid=1.0000 routes=17.488 grad=2.8550 seconds=93.2
Epoch  848/5000: score=18.275909 loss=-0.360055 valid=1.0000 routes=16.039 grad=2.5450 seconds=89.3
Epoch  849/5000: score=19.197307 loss=-0.357638 valid=1.0000 routes=17.505 grad=2.7483 seconds=95.1
Epoch  850/5000: score=18.516003 loss=-0.359000 valid=1.0000 routes=16.559 grad=2.5791 seconds=90.3
Epoch  851/5000: score=18.529875 loss=-0.375585 valid=1.0000 routes=16.817 grad=2.6715 seconds=92.3
Epoch  852/5000: score=17.880183 loss=-0.364242 valid=1.0000 routes=15.529 grad=2.4355 seconds=94.4
Epoch  853/5000: score=19.403944 loss=-0.365153 valid=1.0000 routes=17.584 grad=2.7881 seconds=88.9
Epoch  854/5000: score=18.291973 loss=-0.367953 valid=1.0000 routes=15.863 grad=2.5189 seconds=96.3
Epoch  855/5000: score=19.779503 loss=-0.360608 valid=1.0000 routes=17.513 grad=2.8953 seconds=96.8
Epoch  856/5000: score=18.290714 loss=-0.362710 valid=1.0000 routes=16.413 grad=2.5107 seconds=90.0
Epoch  857/5000: score=18.857342 loss=-0.363669 valid=1.0000 routes=16.751 grad=2.7080 seconds=92.0
Epoch  858/5000: score=19.332419 loss=-0.369484 valid=1.0000 routes=16.555 grad=2.8338 seconds=91.4
Epoch  859/5000: score=18.949962 loss=-0.380994 valid=1.0000 routes=16.481 grad=2.7617 seconds=90.9
Epoch  860/5000: score=19.256872 loss=-0.377315 valid=1.0000 routes=16.823 grad=2.7486 seconds=94.2
Epoch  861/5000: score=20.202363 loss=-0.373371 valid=1.0000 routes=18.360 grad=3.0412 seconds=90.5
Epoch  862/5000: score=18.964212 loss=-0.374130 valid=1.0000 routes=17.143 grad=2.7612 seconds=94.4
Epoch  863/5000: score=19.186323 loss=-0.378591 valid=1.0000 routes=16.862 grad=2.7953 seconds=94.6
Epoch  864/5000: score=18.823822 loss=-0.360866 valid=1.0000 routes=16.713 grad=2.6774 seconds=89.3
Epoch  865/5000: score=18.611693 loss=-0.365900 valid=1.0000 routes=16.435 grad=2.6226 seconds=95.7
Epoch  866/5000: score=18.500155 loss=-0.363281 valid=1.0000 routes=16.746 grad=2.5843 seconds=91.0
Epoch  867/5000: score=19.194509 loss=-0.374503 valid=1.0000 routes=17.480 grad=2.8306 seconds=90.9
Epoch  868/5000: score=18.941503 loss=-0.373717 valid=1.0000 routes=16.663 grad=2.7426 seconds=93.8
Epoch  869/5000: score=19.159717 loss=-0.353474 valid=1.0000 routes=18.012 grad=2.7287 seconds=89.9
Epoch  870/5000: score=19.083693 loss=-0.375665 valid=1.0000 routes=16.438 grad=2.7282 seconds=93.1
>> Invalid instances, Re-generating ...
Epoch  871/5000: score=18.413727 loss=-0.381411 valid=1.0000 routes=15.907 grad=2.6587 seconds=96.3
Epoch  872/5000: score=19.365174 loss=-0.361530 valid=1.0000 routes=16.958 grad=2.7816 seconds=89.0
Epoch  873/5000: score=19.262535 loss=-0.377357 valid=1.0000 routes=17.162 grad=2.8273 seconds=95.4
Epoch  874/5000: score=19.397973 loss=-0.364275 valid=1.0000 routes=17.875 grad=2.7542 seconds=92.0
Epoch  875/5000: score=18.905143 loss=-0.360795 valid=1.0000 routes=16.756 grad=2.6354 seconds=89.8
Epoch  876/5000: score=18.048232 loss=-0.360237 valid=1.0000 routes=16.148 grad=2.5272 seconds=93.1
Epoch  877/5000: score=18.722378 loss=-0.370653 valid=1.0000 routes=16.978 grad=2.7059 seconds=89.3
Epoch  878/5000: score=19.179400 loss=-0.364229 valid=1.0000 routes=17.050 grad=2.7473 seconds=92.7
Epoch  879/5000: score=19.594751 loss=-0.359048 valid=1.0000 routes=17.190 grad=2.8138 seconds=91.2
Epoch  880/5000: score=18.961488 loss=-0.359923 valid=1.0000 routes=16.591 grad=2.6841 seconds=88.6
Epoch  881/5000: score=18.744192 loss=-0.365394 valid=1.0000 routes=16.962 grad=2.6879 seconds=92.4
>> Invalid instances, Re-generating ...
Epoch  882/5000: score=20.020459 loss=-0.376695 valid=1.0000 routes=17.469 grad=2.9974 seconds=91.3
Epoch  883/5000: score=19.596677 loss=-0.374942 valid=1.0000 routes=17.560 grad=2.8103 seconds=93.1
Epoch  884/5000: score=18.268022 loss=-0.373228 valid=1.0000 routes=16.054 grad=2.5512 seconds=92.9
Epoch  885/5000: score=19.804864 loss=-0.360387 valid=1.0000 routes=17.352 grad=2.8547 seconds=89.5
Epoch  886/5000: score=17.834689 loss=-0.345221 valid=1.0000 routes=15.701 grad=2.3866 seconds=92.7
Epoch  887/5000: score=18.962565 loss=-0.360323 valid=1.0000 routes=16.936 grad=2.7593 seconds=90.7
Epoch  888/5000: score=19.704620 loss=-0.359387 valid=1.0000 routes=18.214 grad=2.9450 seconds=91.3
Epoch  889/5000: score=18.794720 loss=-0.372476 valid=1.0000 routes=16.218 grad=2.7362 seconds=94.4
Epoch  890/5000: score=19.154414 loss=-0.373407 valid=1.0000 routes=17.091 grad=2.7904 seconds=91.5
Epoch  891/5000: score=19.114177 loss=-0.372882 valid=1.0000 routes=16.409 grad=2.7322 seconds=93.5
Epoch  892/5000: score=18.812302 loss=-0.356127 valid=1.0000 routes=16.553 grad=2.6546 seconds=93.3
Epoch  893/5000: score=18.912282 loss=-0.369214 valid=1.0000 routes=16.048 grad=2.6255 seconds=88.9
Epoch  894/5000: score=18.668729 loss=-0.361486 valid=1.0000 routes=17.119 grad=2.6254 seconds=93.4
Epoch  895/5000: score=18.559644 loss=-0.361555 valid=1.0000 routes=16.227 grad=2.6089 seconds=90.8
Epoch  896/5000: score=18.747929 loss=-0.343952 valid=1.0000 routes=16.065 grad=2.5514 seconds=91.1
Epoch  897/5000: score=19.288163 loss=-0.360525 valid=1.0000 routes=17.113 grad=2.7649 seconds=93.6
Epoch  898/5000: score=19.218662 loss=-0.375038 valid=1.0000 routes=17.473 grad=2.8054 seconds=90.0
Epoch  899/5000: score=19.575194 loss=-0.363443 valid=1.0000 routes=16.772 grad=2.7792 seconds=93.6
Epoch  900/5000: score=19.202382 loss=-0.369972 valid=1.0000 routes=16.354 grad=2.7478 seconds=93.8
Epoch  901/5000: score=19.702517 loss=-0.371647 valid=1.0000 routes=17.176 grad=2.8413 seconds=89.5
Epoch  902/5000: score=18.720620 loss=-0.378205 valid=1.0000 routes=16.915 grad=2.7053 seconds=91.5
Epoch  903/5000: score=19.195059 loss=-0.376911 valid=1.0000 routes=16.874 grad=2.8020 seconds=91.1
Epoch  904/5000: score=19.900525 loss=-0.367733 valid=1.0000 routes=17.416 grad=2.8927 seconds=90.4
Epoch  905/5000: score=18.721214 loss=-0.354696 valid=1.0000 routes=15.993 grad=2.5650 seconds=92.4
Epoch  906/5000: score=17.254385 loss=-0.352202 valid=1.0000 routes=15.409 grad=2.3356 seconds=89.3
Epoch  907/5000: score=19.400092 loss=-0.374986 valid=1.0000 routes=16.745 grad=2.8240 seconds=94.1
Epoch  908/5000: score=18.666701 loss=-0.368100 valid=1.0000 routes=16.600 grad=2.6740 seconds=91.4
Epoch  909/5000: score=18.743918 loss=-0.363990 valid=1.0000 routes=16.266 grad=2.5895 seconds=90.7
Epoch  910/5000: score=19.109301 loss=-0.368045 valid=1.0000 routes=16.964 grad=2.7735 seconds=91.5
Epoch  911/5000: score=19.457453 loss=-0.367737 valid=1.0000 routes=17.201 grad=2.8084 seconds=91.0
Epoch  912/5000: score=19.202230 loss=-0.367479 valid=1.0000 routes=17.155 grad=2.8115 seconds=92.3
Epoch  913/5000: score=17.837000 loss=-0.361202 valid=1.0000 routes=15.713 grad=2.4454 seconds=95.1
Epoch  914/5000: score=19.686752 loss=-0.358537 valid=1.0000 routes=17.451 grad=2.8144 seconds=87.3
Epoch  915/5000: score=18.828044 loss=-0.376512 valid=1.0000 routes=16.807 grad=2.6961 seconds=94.6
Epoch  916/5000: score=18.676390 loss=-0.361524 valid=1.0000 routes=17.012 grad=2.7353 seconds=91.2
Epoch  917/5000: score=17.940472 loss=-0.362456 valid=1.0000 routes=15.873 grad=2.4902 seconds=90.6
Epoch  918/5000: score=19.296379 loss=-0.357839 valid=1.0000 routes=17.508 grad=2.7635 seconds=94.3
Epoch  919/5000: score=18.772847 loss=-0.355178 valid=1.0000 routes=16.808 grad=2.6832 seconds=89.5
Epoch  920/5000: score=19.558214 loss=-0.368575 valid=1.0000 routes=17.032 grad=2.8300 seconds=91.5
Epoch  921/5000: score=17.945735 loss=-0.352117 valid=1.0000 routes=16.153 grad=2.4861 seconds=94.2
Epoch  922/5000: score=19.605073 loss=-0.366372 valid=1.0000 routes=17.815 grad=2.8998 seconds=88.9
Epoch  923/5000: score=18.724145 loss=-0.366292 valid=1.0000 routes=16.223 grad=2.7473 seconds=93.8
Epoch  924/5000: score=18.524341 loss=-0.355598 valid=1.0000 routes=16.186 grad=2.5483 seconds=90.2
Epoch  925/5000: score=18.278460 loss=-0.348821 valid=1.0000 routes=16.327 grad=2.4424 seconds=90.3
Epoch  926/5000: score=19.442226 loss=-0.362046 valid=1.0000 routes=16.948 grad=2.8166 seconds=93.4
Epoch  927/5000: score=19.097447 loss=-0.350255 valid=1.0000 routes=17.637 grad=2.7488 seconds=88.4
Epoch  928/5000: score=19.048155 loss=-0.382350 valid=1.0000 routes=17.052 grad=2.8165 seconds=93.8
Epoch  929/5000: score=19.534768 loss=-0.360298 valid=1.0000 routes=17.078 grad=2.7681 seconds=92.3
Epoch  930/5000: score=18.634177 loss=-0.361435 valid=1.0000 routes=16.299 grad=2.6782 seconds=89.5
Epoch  931/5000: score=18.631904 loss=-0.363675 valid=1.0000 routes=17.287 grad=2.6967 seconds=91.2
Epoch  932/5000: score=19.391434 loss=-0.374588 valid=1.0000 routes=16.738 grad=2.8044 seconds=91.0
Epoch  933/5000: score=19.196073 loss=-0.370262 valid=1.0000 routes=16.551 grad=2.7249 seconds=93.9
Epoch  934/5000: score=19.479526 loss=-0.368182 valid=1.0000 routes=18.032 grad=2.8861 seconds=95.6
Epoch  935/5000: score=19.284909 loss=-0.366474 valid=1.0000 routes=17.633 grad=2.8152 seconds=87.4
Epoch  936/5000: score=18.495243 loss=-0.355580 valid=1.0000 routes=16.208 grad=2.6010 seconds=93.6
Epoch  937/5000: score=19.829068 loss=-0.362476 valid=1.0000 routes=17.547 grad=2.8538 seconds=93.3
Epoch  938/5000: score=20.064975 loss=-0.363615 valid=1.0000 routes=18.038 grad=2.9069 seconds=91.6
Epoch  939/5000: score=18.764998 loss=-0.345958 valid=1.0000 routes=17.111 grad=2.6193 seconds=94.0
Epoch  940/5000: score=19.846655 loss=-0.374392 valid=1.0000 routes=17.469 grad=2.9247 seconds=90.4
Epoch  941/5000: score=19.680550 loss=-0.364929 valid=1.0000 routes=16.590 grad=2.8101 seconds=93.0
Epoch  942/5000: score=18.938142 loss=-0.353723 valid=1.0000 routes=16.685 grad=2.7039 seconds=96.4
Epoch  943/5000: score=19.578206 loss=-0.352552 valid=1.0000 routes=17.399 grad=2.8068 seconds=93.8
Epoch  944/5000: score=17.701761 loss=-0.355912 valid=1.0000 routes=16.096 grad=2.4734 seconds=92.7
Epoch  945/5000: score=18.886978 loss=-0.363217 valid=1.0000 routes=16.839 grad=2.7028 seconds=90.7
Epoch  946/5000: score=19.151159 loss=-0.352048 valid=1.0000 routes=17.686 grad=2.7483 seconds=87.8
Epoch  947/5000: score=19.036568 loss=-0.364413 valid=1.0000 routes=16.725 grad=2.7052 seconds=92.8
Epoch  948/5000: score=19.189044 loss=-0.347346 valid=1.0000 routes=17.609 grad=2.7619 seconds=90.7
Epoch  949/5000: score=18.698522 loss=-0.360110 valid=1.0000 routes=16.650 grad=2.6329 seconds=89.8
Epoch  950/5000: score=17.725083 loss=-0.348341 valid=1.0000 routes=15.763 grad=2.4333 seconds=94.0
Epoch  951/5000: score=19.849213 loss=-0.370609 valid=1.0000 routes=17.988 grad=2.8701 seconds=88.5
Epoch  952/5000: score=19.666959 loss=-0.376290 valid=1.0000 routes=17.782 grad=2.9702 seconds=92.7
Epoch  953/5000: score=19.285341 loss=-0.359457 valid=1.0000 routes=17.479 grad=2.8349 seconds=92.6
Epoch  954/5000: score=19.330441 loss=-0.361943 valid=1.0000 routes=17.420 grad=2.7551 seconds=88.2
>> Invalid instances, Re-generating ...
Epoch  955/5000: score=18.950077 loss=-0.366986 valid=1.0000 routes=16.703 grad=2.6730 seconds=93.9
Epoch  956/5000: score=18.547455 loss=-0.354461 valid=1.0000 routes=17.132 grad=2.6628 seconds=92.0
Epoch  957/5000: score=19.342231 loss=-0.366155 valid=1.0000 routes=17.157 grad=2.7740 seconds=91.7
Epoch  958/5000: score=18.802857 loss=-0.356688 valid=1.0000 routes=15.386 grad=2.5465 seconds=92.9
Epoch  959/5000: score=18.275896 loss=-0.362918 valid=1.0000 routes=16.476 grad=2.5939 seconds=89.0
Epoch  960/5000: score=19.348621 loss=-0.356542 valid=1.0000 routes=17.359 grad=2.7537 seconds=94.0
Epoch  961/5000: score=20.022988 loss=-0.368789 valid=1.0000 routes=17.393 grad=2.8794 seconds=92.9
Epoch  962/5000: score=19.295173 loss=-0.350030 valid=1.0000 routes=18.014 grad=2.7068 seconds=88.8
Epoch  963/5000: score=19.848882 loss=-0.371908 valid=1.0000 routes=17.535 grad=2.9324 seconds=94.5
Epoch  964/5000: score=19.227153 loss=-0.379648 valid=1.0000 routes=16.427 grad=2.8270 seconds=90.7
Epoch  965/5000: score=20.226978 loss=-0.358802 valid=1.0000 routes=19.103 grad=2.9949 seconds=92.3
Epoch  966/5000: score=18.568874 loss=-0.363547 valid=1.0000 routes=16.797 grad=2.5783 seconds=94.9
Epoch  967/5000: score=18.631435 loss=-0.355162 valid=1.0000 routes=17.627 grad=2.6479 seconds=87.8
Epoch  968/5000: score=20.497930 loss=-0.368761 valid=1.0000 routes=18.108 grad=3.0135 seconds=96.0
Epoch  969/5000: score=18.172675 loss=-0.361940 valid=1.0000 routes=16.281 grad=2.5230 seconds=94.4
Epoch  970/5000: score=19.689646 loss=-0.368759 valid=1.0000 routes=17.471 grad=2.9313 seconds=91.0
Epoch  971/5000: score=18.339902 loss=-0.358178 valid=1.0000 routes=15.889 grad=2.5294 seconds=97.3
Epoch  972/5000: score=19.156419 loss=-0.355607 valid=1.0000 routes=16.806 grad=2.6868 seconds=92.4
Epoch  973/5000: score=18.408941 loss=-0.354076 valid=1.0000 routes=15.773 grad=2.5357 seconds=90.8
Epoch  974/5000: score=19.090880 loss=-0.361242 valid=1.0000 routes=17.434 grad=2.7169 seconds=94.1
Epoch  975/5000: score=19.382866 loss=-0.362697 valid=1.0000 routes=17.603 grad=2.8016 seconds=89.0
Epoch  976/5000: score=18.677296 loss=-0.357327 valid=1.0000 routes=16.054 grad=2.5857 seconds=93.0
Epoch  977/5000: score=19.055520 loss=-0.361786 valid=1.0000 routes=16.464 grad=2.6611 seconds=92.0
Epoch  978/5000: score=19.400257 loss=-0.360155 valid=1.0000 routes=16.159 grad=2.6622 seconds=88.1
Epoch  979/5000: score=19.117821 loss=-0.354718 valid=1.0000 routes=17.883 grad=2.7051 seconds=93.8
Epoch  980/5000: score=18.752421 loss=-0.347839 valid=1.0000 routes=17.170 grad=2.6924 seconds=90.6
Epoch  981/5000: score=18.679471 loss=-0.366616 valid=1.0000 routes=15.595 grad=2.5938 seconds=91.2
Epoch  982/5000: score=18.788597 loss=-0.363597 valid=1.0000 routes=15.427 grad=2.5813 seconds=93.6
Epoch  983/5000: score=17.919887 loss=-0.346015 valid=1.0000 routes=15.818 grad=2.4025 seconds=89.4
Epoch  984/5000: score=18.743396 loss=-0.348798 valid=1.0000 routes=16.660 grad=2.5752 seconds=94.2
Epoch  985/5000: score=18.710633 loss=-0.371952 valid=1.0000 routes=16.549 grad=2.7188 seconds=92.2
Epoch  986/5000: score=19.162778 loss=-0.344458 valid=1.0000 routes=16.830 grad=2.5796 seconds=90.5
Epoch  987/5000: score=19.030947 loss=-0.366951 valid=1.0000 routes=16.523 grad=2.7286 seconds=97.0
Epoch  988/5000: score=18.998017 loss=-0.355915 valid=1.0000 routes=16.806 grad=2.7021 seconds=91.7
Epoch  989/5000: score=19.680902 loss=-0.355095 valid=1.0000 routes=17.021 grad=2.8158 seconds=93.2
Epoch  990/5000: score=18.432778 loss=-0.368369 valid=1.0000 routes=16.651 grad=2.6667 seconds=95.1
Epoch  991/5000: score=19.261692 loss=-0.358344 valid=1.0000 routes=16.900 grad=2.7302 seconds=87.7
Epoch  992/5000: score=19.227040 loss=-0.352273 valid=1.0000 routes=17.637 grad=2.7686 seconds=93.4
Epoch  993/5000: score=19.997144 loss=-0.354392 valid=1.0000 routes=18.161 grad=2.9284 seconds=93.0
Epoch  994/5000: score=19.427793 loss=-0.346005 valid=1.0000 routes=17.095 grad=2.6922 seconds=91.9
Epoch  995/5000: score=19.474191 loss=-0.347092 valid=1.0000 routes=18.543 grad=2.8000 seconds=93.8
Epoch  996/5000: score=18.954485 loss=-0.351250 valid=1.0000 routes=17.740 grad=2.7054 seconds=89.0
Epoch  997/5000: score=18.895927 loss=-0.337067 valid=1.0000 routes=17.673 grad=2.6336 seconds=93.6
Epoch  998/5000: score=18.194751 loss=-0.355519 valid=1.0000 routes=15.051 grad=2.4418 seconds=93.2
Epoch  999/5000: score=17.454054 loss=-0.350799 valid=1.0000 routes=15.806 grad=2.4268 seconds=90.3
Epoch 1000/5000: score=17.969222 loss=-0.344369 valid=1.0000 routes=15.509 grad=2.4025 seconds=96.9
Epoch 1001/5000: score=18.717904 loss=-0.355462 valid=1.0000 routes=15.989 grad=2.6304 seconds=91.4
Epoch 1002/5000: score=19.053713 loss=-0.356611 valid=1.0000 routes=16.833 grad=2.7053 seconds=93.2
Epoch 1003/5000: score=17.687164 loss=-0.348924 valid=1.0000 routes=15.368 grad=2.4220 seconds=91.4
Epoch 1004/5000: score=18.653047 loss=-0.359246 valid=1.0000 routes=16.713 grad=2.6297 seconds=88.7
Epoch 1005/5000: score=18.526694 loss=-0.361754 valid=1.0000 routes=16.729 grad=2.7000 seconds=93.9
Epoch 1006/5000: score=19.365265 loss=-0.374785 valid=1.0000 routes=16.399 grad=2.8387 seconds=93.7
Epoch 1007/5000: score=18.412275 loss=-0.336820 valid=1.0000 routes=16.447 grad=2.5135 seconds=89.5
Epoch 1008/5000: score=19.210543 loss=-0.357719 valid=1.0000 routes=17.053 grad=2.7508 seconds=95.4
Epoch 1009/5000: score=19.942761 loss=-0.347723 valid=1.0000 routes=17.531 grad=2.8735 seconds=90.0
Epoch 1010/5000: score=19.700714 loss=-0.362256 valid=1.0000 routes=17.936 grad=2.8767 seconds=91.7
Epoch 1011/5000: score=18.578322 loss=-0.351301 valid=1.0000 routes=16.603 grad=2.5989 seconds=95.0
Epoch 1012/5000: score=17.862125 loss=-0.351535 valid=1.0000 routes=16.170 grad=2.3852 seconds=87.1
Epoch 1013/5000: score=19.488769 loss=-0.357714 valid=1.0000 routes=17.279 grad=2.8150 seconds=94.6
Epoch 1014/5000: score=18.202529 loss=-0.362924 valid=1.0000 routes=15.914 grad=2.5200 seconds=94.8
Epoch 1015/5000: score=18.837549 loss=-0.356833 valid=1.0000 routes=16.247 grad=2.5694 seconds=91.7
Epoch 1016/5000: score=18.783776 loss=-0.358434 valid=1.0000 routes=16.484 grad=2.6443 seconds=96.4
Epoch 1017/5000: score=20.027644 loss=-0.350598 valid=1.0000 routes=17.359 grad=2.8244 seconds=91.0
Epoch 1018/5000: score=19.228623 loss=-0.344743 valid=1.0000 routes=17.902 grad=2.7686 seconds=96.3
Epoch 1019/5000: score=18.596601 loss=-0.353735 valid=1.0000 routes=16.527 grad=2.6019 seconds=92.8
Epoch 1020/5000: score=18.649117 loss=-0.347400 valid=1.0000 routes=17.365 grad=2.6562 seconds=91.2
Epoch 1021/5000: score=19.154185 loss=-0.360985 valid=1.0000 routes=17.579 grad=2.7678 seconds=97.2
Epoch 1022/5000: score=18.526974 loss=-0.354311 valid=1.0000 routes=17.073 grad=2.6397 seconds=94.6
Epoch 1023/5000: score=18.530521 loss=-0.342058 valid=1.0000 routes=16.658 grad=2.5666 seconds=89.2
Epoch 1024/5000: score=19.044542 loss=-0.353911 valid=1.0000 routes=16.697 grad=2.7216 seconds=95.4
Epoch 1025/5000: score=18.434301 loss=-0.367840 valid=1.0000 routes=15.964 grad=2.6094 seconds=91.7
Epoch 1026/5000: score=18.673736 loss=-0.342152 valid=1.0000 routes=17.361 grad=2.5991 seconds=92.3
Epoch 1027/5000: score=18.987476 loss=-0.351663 valid=1.0000 routes=16.997 grad=2.7252 seconds=93.4
Epoch 1028/5000: score=18.787836 loss=-0.338971 valid=1.0000 routes=16.363 grad=2.5766 seconds=88.1
Epoch 1029/5000: score=17.843997 loss=-0.354456 valid=1.0000 routes=16.158 grad=2.4443 seconds=95.2
Epoch 1030/5000: score=17.687568 loss=-0.356240 valid=1.0000 routes=15.797 grad=2.4588 seconds=91.1
Epoch 1031/5000: score=19.759908 loss=-0.350481 valid=1.0000 routes=17.842 grad=2.8547 seconds=91.5
Epoch 1032/5000: score=19.747997 loss=-0.350412 valid=1.0000 routes=17.648 grad=2.8011 seconds=95.5
Epoch 1033/5000: score=19.049140 loss=-0.347744 valid=1.0000 routes=17.107 grad=2.6940 seconds=89.5
Epoch 1034/5000: score=18.228981 loss=-0.355425 valid=1.0000 routes=15.929 grad=2.5039 seconds=93.4
Epoch 1035/5000: score=18.355882 loss=-0.348696 valid=1.0000 routes=16.101 grad=2.4857 seconds=91.5
Epoch 1036/5000: score=19.256018 loss=-0.367408 valid=1.0000 routes=16.870 grad=2.7258 seconds=90.6
Epoch 1037/5000: score=17.453569 loss=-0.334896 valid=1.0000 routes=15.263 grad=2.2338 seconds=94.9
Epoch 1038/5000: score=19.085721 loss=-0.352018 valid=1.0000 routes=16.443 grad=2.6919 seconds=91.1
Epoch 1039/5000: score=18.784070 loss=-0.360228 valid=1.0000 routes=17.933 grad=2.7242 seconds=90.4
Epoch 1040/5000: score=18.087554 loss=-0.355207 valid=1.0000 routes=15.306 grad=2.4713 seconds=92.7
Epoch 1041/5000: score=20.029317 loss=-0.354899 valid=1.0000 routes=17.929 grad=2.9167 seconds=88.0
Epoch 1042/5000: score=18.952061 loss=-0.351531 valid=1.0000 routes=17.138 grad=2.6052 seconds=94.7
Epoch 1043/5000: score=18.135500 loss=-0.341654 valid=1.0000 routes=16.475 grad=2.4825 seconds=94.2
Epoch 1044/5000: score=19.307962 loss=-0.362673 valid=1.0000 routes=16.702 grad=2.7732 seconds=89.9
Epoch 1045/5000: score=18.698091 loss=-0.387639 valid=1.0000 routes=15.563 grad=2.6523 seconds=94.1
Epoch 1046/5000: score=20.273691 loss=-0.354310 valid=1.0000 routes=18.266 grad=2.8952 seconds=89.3
Epoch 1047/5000: score=19.859381 loss=-0.364849 valid=1.0000 routes=17.239 grad=2.8841 seconds=93.4
Epoch 1048/5000: score=18.288550 loss=-0.341872 valid=1.0000 routes=15.684 grad=2.4213 seconds=94.2
Epoch 1049/5000: score=18.625471 loss=-0.346185 valid=1.0000 routes=16.168 grad=2.5680 seconds=90.1
Epoch 1050/5000: score=19.292665 loss=-0.367223 valid=1.0000 routes=16.641 grad=2.7807 seconds=93.6
Epoch 1051/5000: score=19.954741 loss=-0.358318 valid=1.0000 routes=17.730 grad=2.8844 seconds=91.6
Epoch 1052/5000: score=18.851787 loss=-0.345836 valid=1.0000 routes=16.310 grad=2.5871 seconds=89.2
Epoch 1053/5000: score=18.635857 loss=-0.350407 valid=1.0000 routes=16.135 grad=2.4935 seconds=93.4
Epoch 1054/5000: score=19.288536 loss=-0.365182 valid=1.0000 routes=16.364 grad=2.7521 seconds=88.0
Epoch 1055/5000: score=18.244123 loss=-0.329077 valid=1.0000 routes=16.327 grad=2.3899 seconds=89.5
Epoch 1056/5000: score=19.371336 loss=-0.359047 valid=1.0000 routes=17.617 grad=2.7819 seconds=89.7
Epoch 1057/5000: score=18.313292 loss=-0.347329 valid=1.0000 routes=16.058 grad=2.5114 seconds=89.9
Epoch 1058/5000: score=17.889464 loss=-0.338324 valid=1.0000 routes=16.145 grad=2.3994 seconds=93.5
Epoch 1059/5000: score=19.279052 loss=-0.370408 valid=1.0000 routes=16.441 grad=2.7896 seconds=89.6
Epoch 1060/5000: score=18.651796 loss=-0.350761 valid=1.0000 routes=16.391 grad=2.5986 seconds=94.7
Epoch 1061/5000: score=20.203219 loss=-0.371343 valid=1.0000 routes=17.099 grad=2.9647 seconds=92.1
Epoch 1062/5000: score=18.155371 loss=-0.359912 valid=1.0000 routes=15.534 grad=2.5064 seconds=88.0
Epoch 1063/5000: score=19.309022 loss=-0.341558 valid=1.0000 routes=17.463 grad=2.7299 seconds=94.2
Epoch 1064/5000: score=18.832526 loss=-0.356705 valid=1.0000 routes=16.820 grad=2.6670 seconds=91.5
Epoch 1065/5000: score=18.786557 loss=-0.347460 valid=1.0000 routes=16.803 grad=2.6163 seconds=91.0
Epoch 1066/5000: score=18.368771 loss=-0.347486 valid=1.0000 routes=16.864 grad=2.5587 seconds=94.2
Epoch 1067/5000: score=19.391940 loss=-0.349670 valid=1.0000 routes=17.435 grad=2.7946 seconds=88.9
Epoch 1068/5000: score=19.339929 loss=-0.353583 valid=1.0000 routes=16.763 grad=2.6829 seconds=94.0
Epoch 1069/5000: score=18.798083 loss=-0.346477 valid=1.0000 routes=17.438 grad=2.6063 seconds=92.6
>> Invalid instances, Re-generating ...
Epoch 1070/5000: score=19.064333 loss=-0.351347 valid=1.0000 routes=17.059 grad=2.6630 seconds=90.6
Epoch 1071/5000: score=19.755430 loss=-0.352480 valid=1.0000 routes=17.822 grad=2.8198 seconds=94.9
Epoch 1072/5000: score=18.141942 loss=-0.340383 valid=1.0000 routes=16.324 grad=2.4890 seconds=91.0
Epoch 1073/5000: score=18.840118 loss=-0.338497 valid=1.0000 routes=16.851 grad=2.6616 seconds=92.2
Epoch 1074/5000: score=18.937120 loss=-0.341956 valid=1.0000 routes=16.699 grad=2.6301 seconds=93.5
Epoch 1075/5000: score=19.133032 loss=-0.354951 valid=1.0000 routes=17.966 grad=2.7896 seconds=88.1
Epoch 1076/5000: score=19.445970 loss=-0.346370 valid=1.0000 routes=16.283 grad=2.7669 seconds=93.0
Epoch 1077/5000: score=20.235681 loss=-0.362152 valid=1.0000 routes=17.936 grad=2.9570 seconds=90.8
Epoch 1078/5000: score=17.961776 loss=-0.350352 valid=1.0000 routes=16.081 grad=2.4748 seconds=90.3
Epoch 1079/5000: score=18.297666 loss=-0.349027 valid=1.0000 routes=15.988 grad=2.5609 seconds=92.7
Epoch 1080/5000: score=18.760817 loss=-0.345569 valid=1.0000 routes=15.817 grad=2.5767 seconds=87.9
Epoch 1081/5000: score=18.051743 loss=-0.360721 valid=1.0000 routes=15.687 grad=2.5206 seconds=94.7
Epoch 1082/5000: score=19.595720 loss=-0.357064 valid=1.0000 routes=16.954 grad=2.7847 seconds=90.9
Epoch 1083/5000: score=19.104602 loss=-0.342693 valid=1.0000 routes=17.147 grad=2.7635 seconds=89.3
Epoch 1084/5000: score=18.627552 loss=-0.349867 valid=1.0000 routes=16.545 grad=2.5664 seconds=93.6
Epoch 1085/5000: score=18.374396 loss=-0.340739 valid=1.0000 routes=16.482 grad=2.5175 seconds=89.6
Epoch 1086/5000: score=19.683297 loss=-0.342559 valid=1.0000 routes=17.336 grad=2.7870 seconds=89.3
Epoch 1087/5000: score=19.504834 loss=-0.359774 valid=1.0000 routes=16.131 grad=2.7279 seconds=92.9
Epoch 1088/5000: score=19.406338 loss=-0.364208 valid=1.0000 routes=16.683 grad=2.7735 seconds=88.8
Epoch 1089/5000: score=18.492728 loss=-0.320942 valid=1.0000 routes=17.019 grad=2.4852 seconds=92.0
Epoch 1090/5000: score=19.614635 loss=-0.352604 valid=1.0000 routes=16.333 grad=2.7221 seconds=89.6
Epoch 1091/5000: score=18.517762 loss=-0.352653 valid=1.0000 routes=16.575 grad=2.5322 seconds=91.3
Epoch 1092/5000: score=18.657403 loss=-0.340780 valid=1.0000 routes=16.753 grad=2.5591 seconds=92.5
Epoch 1093/5000: score=18.939061 loss=-0.349201 valid=1.0000 routes=17.158 grad=2.6575 seconds=87.4
Epoch 1094/5000: score=18.872327 loss=-0.355466 valid=1.0000 routes=17.200 grad=2.6700 seconds=93.7
Epoch 1095/5000: score=19.805595 loss=-0.355237 valid=1.0000 routes=17.681 grad=2.8429 seconds=90.9
Epoch 1096/5000: score=18.543907 loss=-0.342787 valid=1.0000 routes=17.747 grad=2.5742 seconds=89.9
Epoch 1097/5000: score=18.202120 loss=-0.346669 valid=1.0000 routes=16.032 grad=2.4806 seconds=95.0
Epoch 1098/5000: score=19.260293 loss=-0.353767 valid=1.0000 routes=16.968 grad=2.7409 seconds=88.4
Epoch 1099/5000: score=18.652312 loss=-0.344304 valid=1.0000 routes=16.035 grad=2.5592 seconds=93.6
Epoch 1100/5000: score=19.248097 loss=-0.346531 valid=1.0000 routes=16.471 grad=2.6973 seconds=96.6
Epoch 1101/5000: score=19.375260 loss=-0.348772 valid=1.0000 routes=17.716 grad=2.7638 seconds=90.1
Epoch 1102/5000: score=17.959140 loss=-0.349755 valid=1.0000 routes=16.476 grad=2.5246 seconds=96.3
Epoch 1103/5000: score=18.872797 loss=-0.344601 valid=1.0000 routes=17.357 grad=2.6809 seconds=90.4
Epoch 1104/5000: score=19.280839 loss=-0.334417 valid=1.0000 routes=17.512 grad=2.7215 seconds=90.7
Epoch 1105/5000: score=19.029527 loss=-0.346849 valid=1.0000 routes=16.522 grad=2.6181 seconds=92.5
Epoch 1106/5000: score=19.508129 loss=-0.360348 valid=1.0000 routes=16.953 grad=2.7743 seconds=93.3
Epoch 1107/5000: score=18.929978 loss=-0.350186 valid=1.0000 routes=16.531 grad=2.5577 seconds=91.5
Epoch 1108/5000: score=19.434843 loss=-0.347510 valid=1.0000 routes=17.086 grad=2.7242 seconds=94.1
Epoch 1109/5000: score=19.049729 loss=-0.349463 valid=1.0000 routes=17.459 grad=2.6869 seconds=91.1
Epoch 1110/5000: score=18.305677 loss=-0.331243 valid=1.0000 routes=15.817 grad=2.4206 seconds=91.3
Epoch 1111/5000: score=19.424341 loss=-0.349636 valid=1.0000 routes=17.720 grad=2.7932 seconds=93.7
Epoch 1112/5000: score=18.406368 loss=-0.353555 valid=1.0000 routes=16.585 grad=2.5629 seconds=91.4
Epoch 1113/5000: score=18.727995 loss=-0.350605 valid=1.0000 routes=15.883 grad=2.6025 seconds=92.2
Epoch 1114/5000: score=18.943007 loss=-0.350347 valid=1.0000 routes=16.694 grad=2.7019 seconds=94.3
Epoch 1115/5000: score=18.266572 loss=-0.343851 valid=1.0000 routes=16.851 grad=2.5363 seconds=88.7
Epoch 1116/5000: score=19.861905 loss=-0.346400 valid=1.0000 routes=18.100 grad=2.8364 seconds=91.4
Epoch 1117/5000: score=19.534501 loss=-0.361415 valid=1.0000 routes=17.335 grad=2.7995 seconds=93.6
Epoch 1118/5000: score=19.668677 loss=-0.346448 valid=1.0000 routes=17.402 grad=2.7529 seconds=89.6
Epoch 1119/5000: score=18.068784 loss=-0.347747 valid=1.0000 routes=16.219 grad=2.5193 seconds=94.9
Epoch 1120/5000: score=18.271781 loss=-0.344014 valid=1.0000 routes=16.528 grad=2.5526 seconds=90.4
Epoch 1121/5000: score=19.285623 loss=-0.347955 valid=1.0000 routes=17.529 grad=2.7626 seconds=93.4
Epoch 1122/5000: score=18.562666 loss=-0.336942 valid=1.0000 routes=16.763 grad=2.5241 seconds=94.2
Epoch 1123/5000: score=19.573380 loss=-0.349242 valid=1.0000 routes=17.527 grad=2.8071 seconds=89.7
Epoch 1124/5000: score=19.307464 loss=-0.348972 valid=1.0000 routes=17.521 grad=2.8013 seconds=94.3
Epoch 1125/5000: score=18.416091 loss=-0.340122 valid=1.0000 routes=16.813 grad=2.5114 seconds=91.2
Epoch 1126/5000: score=17.998485 loss=-0.341972 valid=1.0000 routes=15.490 grad=2.4598 seconds=96.7
Epoch 1127/5000: score=18.474566 loss=-0.325392 valid=1.0000 routes=16.107 grad=2.4582 seconds=94.3
Epoch 1128/5000: score=19.897351 loss=-0.361603 valid=1.0000 routes=17.477 grad=2.8760 seconds=89.4
Epoch 1129/5000: score=19.096184 loss=-0.345272 valid=1.0000 routes=16.836 grad=2.6532 seconds=95.6
Epoch 1130/5000: score=18.498756 loss=-0.346040 valid=1.0000 routes=16.070 grad=2.5477 seconds=93.9
Epoch 1131/5000: score=19.139462 loss=-0.337031 valid=1.0000 routes=17.250 grad=2.6101 seconds=90.3
Epoch 1132/5000: score=18.899171 loss=-0.325078 valid=1.0000 routes=16.518 grad=2.5817 seconds=95.8
Epoch 1133/5000: score=18.987313 loss=-0.347167 valid=1.0000 routes=17.181 grad=2.6201 seconds=91.8
Epoch 1134/5000: score=18.170997 loss=-0.350363 valid=1.0000 routes=15.593 grad=2.4711 seconds=95.0
>> Invalid instances, Re-generating ...
Epoch 1135/5000: score=19.235543 loss=-0.348439 valid=1.0000 routes=16.828 grad=2.6829 seconds=93.8
Epoch 1136/5000: score=19.623217 loss=-0.345222 valid=1.0000 routes=17.947 grad=2.8080 seconds=90.8
Epoch 1137/5000: score=19.082096 loss=-0.329130 valid=1.0000 routes=17.918 grad=2.6876 seconds=96.1
Epoch 1138/5000: score=18.451866 loss=-0.344896 valid=1.0000 routes=16.848 grad=2.5952 seconds=89.5
Epoch 1139/5000: score=18.956813 loss=-0.343298 valid=1.0000 routes=16.435 grad=2.6310 seconds=92.6
Epoch 1140/5000: score=18.126394 loss=-0.333554 valid=1.0000 routes=16.234 grad=2.4637 seconds=93.9
Epoch 1141/5000: score=19.031172 loss=-0.352151 valid=1.0000 routes=16.318 grad=2.6361 seconds=88.7
Epoch 1142/5000: score=19.360475 loss=-0.368189 valid=1.0000 routes=16.930 grad=2.8383 seconds=95.5
Epoch 1143/5000: score=18.289944 loss=-0.336338 valid=1.0000 routes=16.264 grad=2.4721 seconds=90.3
Epoch 1144/5000: score=19.265735 loss=-0.351187 valid=1.0000 routes=17.154 grad=2.7054 seconds=91.1
Epoch 1145/5000: score=19.481849 loss=-0.331153 valid=1.0000 routes=17.677 grad=2.8036 seconds=92.3
Epoch 1146/5000: score=18.012646 loss=-0.345442 valid=1.0000 routes=16.296 grad=2.4313 seconds=88.0
Epoch 1147/5000: score=19.074512 loss=-0.342777 valid=1.0000 routes=16.964 grad=2.6247 seconds=93.7
Epoch 1148/5000: score=19.347443 loss=-0.347695 valid=1.0000 routes=17.751 grad=2.8211 seconds=91.9
Epoch 1149/5000: score=19.694259 loss=-0.335480 valid=1.0000 routes=18.073 grad=2.7675 seconds=92.2
Epoch 1150/5000: score=18.385125 loss=-0.338457 valid=1.0000 routes=16.539 grad=2.5303 seconds=93.4
>> Invalid instances, Re-generating ...
Epoch 1151/5000: score=19.227944 loss=-0.346593 valid=1.0000 routes=17.055 grad=2.6883 seconds=87.1
Epoch 1152/5000: score=18.661120 loss=-0.343627 valid=1.0000 routes=16.648 grad=2.5531 seconds=93.9
Epoch 1153/5000: score=19.155206 loss=-0.341647 valid=1.0000 routes=17.600 grad=2.6983 seconds=91.4
Epoch 1154/5000: score=18.327887 loss=-0.336837 valid=1.0000 routes=16.346 grad=2.4759 seconds=91.1
Epoch 1155/5000: score=18.676162 loss=-0.332533 valid=1.0000 routes=16.283 grad=2.5355 seconds=93.7
Epoch 1156/5000: score=18.494071 loss=-0.337435 valid=1.0000 routes=16.217 grad=2.5202 seconds=89.7
Epoch 1157/5000: score=18.274947 loss=-0.334683 valid=1.0000 routes=16.530 grad=2.5222 seconds=92.1
Epoch 1158/5000: score=19.186508 loss=-0.340311 valid=1.0000 routes=17.614 grad=2.7161 seconds=93.7
Epoch 1159/5000: score=19.053456 loss=-0.359247 valid=1.0000 routes=17.546 grad=2.7682 seconds=87.0
Epoch 1160/5000: score=19.491804 loss=-0.344423 valid=1.0000 routes=18.342 grad=2.7664 seconds=93.0
Epoch 1161/5000: score=19.007233 loss=-0.342547 valid=1.0000 routes=17.069 grad=2.6955 seconds=93.3
Epoch 1162/5000: score=18.200745 loss=-0.341925 valid=1.0000 routes=16.400 grad=2.5359 seconds=90.1
Epoch 1163/5000: score=19.453285 loss=-0.346500 valid=1.0000 routes=18.232 grad=2.8566 seconds=94.1
Epoch 1164/5000: score=19.321157 loss=-0.352595 valid=1.0000 routes=16.997 grad=2.7918 seconds=91.0
Epoch 1165/5000: score=18.568345 loss=-0.337250 valid=1.0000 routes=16.228 grad=2.4870 seconds=91.8
Epoch 1166/5000: score=19.456367 loss=-0.344539 valid=1.0000 routes=17.152 grad=2.7345 seconds=94.7
Epoch 1167/5000: score=19.311518 loss=-0.362882 valid=1.0000 routes=17.562 grad=2.7931 seconds=88.1
>> Invalid instances, Re-generating ...
Epoch 1168/5000: score=18.297178 loss=-0.344712 valid=1.0000 routes=16.573 grad=2.5920 seconds=93.8
Epoch 1169/5000: score=18.885602 loss=-0.353077 valid=1.0000 routes=17.580 grad=2.7391 seconds=95.6
Epoch 1170/5000: score=19.043303 loss=-0.362582 valid=1.0000 routes=16.190 grad=2.7121 seconds=90.5
Epoch 1171/5000: score=18.470532 loss=-0.357609 valid=1.0000 routes=16.021 grad=2.5501 seconds=94.1
Epoch 1172/5000: score=18.790117 loss=-0.348244 valid=1.0000 routes=16.778 grad=2.5971 seconds=93.9
Epoch 1173/5000: score=18.812347 loss=-0.337070 valid=1.0000 routes=16.845 grad=2.5529 seconds=91.8
Epoch 1174/5000: score=18.817601 loss=-0.347748 valid=1.0000 routes=17.255 grad=2.6635 seconds=95.9
Epoch 1175/5000: score=18.563933 loss=-0.344922 valid=1.0000 routes=16.997 grad=2.5842 seconds=89.8
Epoch 1176/5000: score=18.775725 loss=-0.328111 valid=1.0000 routes=16.428 grad=2.5101 seconds=95.6
Epoch 1177/5000: score=18.714936 loss=-0.332766 valid=1.0000 routes=16.608 grad=2.5365 seconds=95.4
Epoch 1178/5000: score=17.601420 loss=-0.339762 valid=1.0000 routes=15.615 grad=2.3867 seconds=88.3
Epoch 1179/5000: score=18.640236 loss=-0.342890 valid=1.0000 routes=16.963 grad=2.6087 seconds=96.0
Epoch 1180/5000: score=18.400252 loss=-0.344801 valid=1.0000 routes=16.444 grad=2.5729 seconds=92.0
Epoch 1181/5000: score=18.431920 loss=-0.344701 valid=1.0000 routes=15.675 grad=2.4539 seconds=89.1
Epoch 1182/5000: score=17.285331 loss=-0.341825 valid=1.0000 routes=15.294 grad=2.3534 seconds=91.1
Epoch 1183/5000: score=20.028443 loss=-0.368064 valid=1.0000 routes=17.388 grad=2.9564 seconds=91.5
Epoch 1184/5000: score=19.169144 loss=-0.348112 valid=1.0000 routes=17.489 grad=2.7439 seconds=92.2
Epoch 1185/5000: score=18.181104 loss=-0.349510 valid=1.0000 routes=15.417 grad=2.4672 seconds=94.2
Epoch 1186/5000: score=19.326943 loss=-0.340482 valid=1.0000 routes=16.561 grad=2.6611 seconds=90.7
Epoch 1187/5000: score=19.690583 loss=-0.340600 valid=1.0000 routes=18.170 grad=2.7864 seconds=91.6
Epoch 1188/5000: score=19.484730 loss=-0.348097 valid=1.0000 routes=17.479 grad=2.7292 seconds=93.1
Epoch 1189/5000: score=19.673879 loss=-0.335740 valid=1.0000 routes=17.435 grad=2.7269 seconds=89.7
Epoch 1190/5000: score=18.943616 loss=-0.330191 valid=1.0000 routes=17.055 grad=2.6309 seconds=90.1
Epoch 1191/5000: score=19.149873 loss=-0.340463 valid=1.0000 routes=17.209 grad=2.7219 seconds=94.4
Epoch 1192/5000: score=18.718927 loss=-0.325773 valid=1.0000 routes=16.831 grad=2.5244 seconds=87.4
Epoch 1193/5000: score=18.463921 loss=-0.334177 valid=1.0000 routes=16.703 grad=2.4803 seconds=93.7
Epoch 1194/5000: score=19.280109 loss=-0.329129 valid=1.0000 routes=17.241 grad=2.7261 seconds=91.4
Epoch 1195/5000: score=17.470901 loss=-0.333506 valid=1.0000 routes=14.674 grad=2.3346 seconds=88.6
Epoch 1196/5000: score=19.490149 loss=-0.351110 valid=1.0000 routes=17.235 grad=2.8449 seconds=94.3
Epoch 1197/5000: score=20.355789 loss=-0.339703 valid=1.0000 routes=18.560 grad=2.9308 seconds=90.5
Epoch 1198/5000: score=19.308182 loss=-0.354837 valid=1.0000 routes=17.148 grad=2.7317 seconds=91.9
Epoch 1199/5000: score=20.216900 loss=-0.341130 valid=1.0000 routes=19.085 grad=2.9167 seconds=92.5
Epoch 1200/5000: score=19.904648 loss=-0.355083 valid=1.0000 routes=17.882 grad=2.9561 seconds=88.6
Epoch 1201/5000: score=18.630660 loss=-0.331503 valid=1.0000 routes=16.579 grad=2.5391 seconds=92.0
Epoch 1202/5000: score=17.924592 loss=-0.344571 valid=1.0000 routes=15.023 grad=2.4305 seconds=92.8
Epoch 1203/5000: score=19.300582 loss=-0.345299 valid=1.0000 routes=16.120 grad=2.6940 seconds=88.5
Epoch 1204/5000: score=19.322501 loss=-0.343640 valid=1.0000 routes=16.886 grad=2.7181 seconds=92.4
Epoch 1205/5000: score=18.946839 loss=-0.334949 valid=1.0000 routes=17.120 grad=2.6254 seconds=91.2
Epoch 1206/5000: score=19.306700 loss=-0.343388 valid=1.0000 routes=16.407 grad=2.6538 seconds=91.5
Epoch 1207/5000: score=18.547227 loss=-0.331218 valid=1.0000 routes=17.215 grad=2.5087 seconds=93.2
Epoch 1208/5000: score=19.177276 loss=-0.331659 valid=1.0000 routes=17.212 grad=2.6928 seconds=88.0
Epoch 1209/5000: score=19.065932 loss=-0.341168 valid=1.0000 routes=17.064 grad=2.6406 seconds=91.6
Epoch 1210/5000: score=20.595164 loss=-0.349363 valid=1.0000 routes=18.085 grad=3.0229 seconds=90.4
Epoch 1211/5000: score=19.079826 loss=-0.353726 valid=1.0000 routes=17.341 grad=2.6697 seconds=89.2
Epoch 1212/5000: score=19.098419 loss=-0.353283 valid=1.0000 routes=16.238 grad=2.6533 seconds=94.0
Epoch 1213/5000: score=19.109016 loss=-0.342238 valid=1.0000 routes=16.986 grad=2.6259 seconds=91.7
Epoch 1214/5000: score=18.756191 loss=-0.332215 valid=1.0000 routes=17.200 grad=2.6144 seconds=91.9
Epoch 1215/5000: score=19.308663 loss=-0.341078 valid=1.0000 routes=16.374 grad=2.6417 seconds=94.6
Epoch 1216/5000: score=20.019324 loss=-0.356892 valid=1.0000 routes=16.666 grad=2.8918 seconds=88.2
Epoch 1217/5000: score=18.384397 loss=-0.333146 valid=1.0000 routes=16.876 grad=2.5128 seconds=92.2
Epoch 1218/5000: score=19.794442 loss=-0.351680 valid=1.0000 routes=17.025 grad=2.8066 seconds=94.9
Epoch 1219/5000: score=19.249186 loss=-0.351809 valid=1.0000 routes=16.916 grad=2.7634 seconds=92.4
Epoch 1220/5000: score=18.498915 loss=-0.335216 valid=1.0000 routes=15.816 grad=2.4655 seconds=95.5
Epoch 1221/5000: score=19.469316 loss=-0.325565 valid=1.0000 routes=18.469 grad=2.6999 seconds=91.0
Epoch 1222/5000: score=18.540497 loss=-0.333771 valid=1.0000 routes=17.316 grad=2.5810 seconds=92.1
Epoch 1223/5000: score=18.065560 loss=-0.336469 valid=1.0000 routes=15.675 grad=2.4663 seconds=94.5
Epoch 1224/5000: score=19.646430 loss=-0.341585 valid=1.0000 routes=17.538 grad=2.8696 seconds=89.5
Epoch 1225/5000: score=18.572662 loss=-0.325739 valid=1.0000 routes=16.379 grad=2.5680 seconds=92.8
Epoch 1226/5000: score=19.499903 loss=-0.336543 valid=1.0000 routes=17.341 grad=2.7549 seconds=93.5
Epoch 1227/5000: score=19.316712 loss=-0.338852 valid=1.0000 routes=17.680 grad=2.6987 seconds=88.4
Epoch 1228/5000: score=20.233720 loss=-0.345106 valid=1.0000 routes=17.943 grad=2.9187 seconds=93.9
Epoch 1229/5000: score=18.915769 loss=-0.332881 valid=1.0000 routes=16.886 grad=2.6105 seconds=94.7
Epoch 1230/5000: score=18.934486 loss=-0.332684 valid=1.0000 routes=17.222 grad=2.6056 seconds=89.7
Epoch 1231/5000: score=18.588464 loss=-0.333405 valid=1.0000 routes=17.047 grad=2.6533 seconds=93.9
>> Invalid instances, Re-generating ...
Epoch 1232/5000: score=17.714847 loss=-0.313840 valid=1.0000 routes=15.397 grad=2.2956 seconds=89.5
Epoch 1233/5000: score=19.581575 loss=-0.348393 valid=1.0000 routes=17.678 grad=2.7645 seconds=92.0
Epoch 1234/5000: score=17.828477 loss=-0.324248 valid=1.0000 routes=16.473 grad=2.3822 seconds=93.4
Epoch 1235/5000: score=18.687416 loss=-0.344822 valid=1.0000 routes=16.509 grad=2.6097 seconds=90.1
Epoch 1236/5000: score=19.781530 loss=-0.346841 valid=1.0000 routes=17.804 grad=2.8882 seconds=93.2
Epoch 1237/5000: score=19.306507 loss=-0.335128 valid=1.0000 routes=17.174 grad=2.6874 seconds=91.6
Epoch 1238/5000: score=17.921071 loss=-0.322520 valid=1.0000 routes=15.855 grad=2.3548 seconds=89.0
Epoch 1239/5000: score=18.402008 loss=-0.344680 valid=1.0000 routes=16.153 grad=2.5187 seconds=93.3
Epoch 1240/5000: score=18.795622 loss=-0.335030 valid=1.0000 routes=17.403 grad=2.5736 seconds=91.9
Epoch 1241/5000: score=18.974013 loss=-0.327744 valid=1.0000 routes=16.750 grad=2.6546 seconds=89.3
Epoch 1242/5000: score=19.004791 loss=-0.344505 valid=1.0000 routes=15.913 grad=2.6678 seconds=93.9
Epoch 1243/5000: score=18.737718 loss=-0.336420 valid=1.0000 routes=16.347 grad=2.5325 seconds=90.7
Epoch 1244/5000: score=18.575772 loss=-0.334101 valid=1.0000 routes=16.778 grad=2.5499 seconds=89.9
Epoch 1245/5000: score=19.765769 loss=-0.350576 valid=1.0000 routes=17.589 grad=2.8429 seconds=92.8
Epoch 1246/5000: score=18.679534 loss=-0.340838 valid=1.0000 routes=16.569 grad=2.5699 seconds=92.7
Epoch 1247/5000: score=18.595399 loss=-0.331016 valid=1.0000 routes=16.580 grad=2.5360 seconds=91.0
Epoch 1248/5000: score=18.258082 loss=-0.346889 valid=1.0000 routes=17.334 grad=2.5533 seconds=95.3
Epoch 1249/5000: score=18.605318 loss=-0.319502 valid=1.0000 routes=17.387 grad=2.4974 seconds=91.1
Epoch 1250/5000: score=18.792634 loss=-0.340406 valid=1.0000 routes=16.252 grad=2.5535 seconds=90.2
Epoch 1251/5000: score=20.051423 loss=-0.344411 valid=1.0000 routes=17.255 grad=2.7694 seconds=93.9
Epoch 1252/5000: score=18.724798 loss=-0.342907 valid=1.0000 routes=16.222 grad=2.6203 seconds=89.3
Epoch 1253/5000: score=19.151691 loss=-0.336466 valid=1.0000 routes=16.629 grad=2.6388 seconds=91.9
Epoch 1254/5000: score=19.549783 loss=-0.346254 valid=1.0000 routes=16.582 grad=2.6981 seconds=93.7
Epoch 1255/5000: score=18.450185 loss=-0.318691 valid=1.0000 routes=16.768 grad=2.4721 seconds=87.6
Epoch 1256/5000: score=19.388883 loss=-0.350072 valid=1.0000 routes=16.949 grad=2.7554 seconds=92.4
Epoch 1257/5000: score=19.171791 loss=-0.340017 valid=1.0000 routes=17.395 grad=2.6886 seconds=93.1
Epoch 1258/5000: score=18.419611 loss=-0.327078 valid=1.0000 routes=16.295 grad=2.5109 seconds=88.9
Epoch 1259/5000: score=19.215201 loss=-0.346617 valid=1.0000 routes=16.863 grad=2.7124 seconds=94.5
Epoch 1260/5000: score=18.754948 loss=-0.345001 valid=1.0000 routes=17.831 grad=2.6698 seconds=93.5
Epoch 1261/5000: score=19.771082 loss=-0.336445 valid=1.0000 routes=17.392 grad=2.6981 seconds=89.0
Epoch 1262/5000: score=19.000626 loss=-0.333103 valid=1.0000 routes=17.716 grad=2.7176 seconds=94.8
Epoch 1263/5000: score=18.379035 loss=-0.342594 valid=1.0000 routes=16.340 grad=2.5434 seconds=91.1
Epoch 1264/5000: score=18.332913 loss=-0.331258 valid=1.0000 routes=16.669 grad=2.5211 seconds=91.0
Epoch 1265/5000: score=18.974063 loss=-0.335446 valid=1.0000 routes=16.841 grad=2.6563 seconds=92.4
Epoch 1266/5000: score=19.224295 loss=-0.327211 valid=1.0000 routes=17.188 grad=2.6359 seconds=89.2
Epoch 1267/5000: score=18.792840 loss=-0.338845 valid=1.0000 routes=16.846 grad=2.6010 seconds=93.0
Epoch 1268/5000: score=19.433455 loss=-0.344933 valid=1.0000 routes=16.834 grad=2.6404 seconds=94.7
Epoch 1269/5000: score=19.444571 loss=-0.334487 valid=1.0000 routes=18.139 grad=2.7724 seconds=87.2
Epoch 1270/5000: score=20.236078 loss=-0.367739 valid=1.0000 routes=18.363 grad=3.0162 seconds=95.5
Epoch 1271/5000: score=19.429710 loss=-0.348907 valid=1.0000 routes=17.465 grad=2.7664 seconds=91.0
Epoch 1272/5000: score=18.017101 loss=-0.322270 valid=1.0000 routes=16.368 grad=2.3809 seconds=91.3
Epoch 1273/5000: score=18.823746 loss=-0.336388 valid=1.0000 routes=16.213 grad=2.5507 seconds=95.5
Epoch 1274/5000: score=18.316058 loss=-0.349382 valid=1.0000 routes=16.026 grad=2.4858 seconds=91.7
Epoch 1275/5000: score=17.891814 loss=-0.317132 valid=1.0000 routes=16.190 grad=2.3496 seconds=92.1
Epoch 1276/5000: score=18.969368 loss=-0.345851 valid=1.0000 routes=16.230 grad=2.6202 seconds=95.2
Epoch 1277/5000: score=18.286732 loss=-0.330857 valid=1.0000 routes=16.303 grad=2.4459 seconds=89.8
Epoch 1278/5000: score=19.222220 loss=-0.342752 valid=1.0000 routes=16.218 grad=2.6273 seconds=93.6
Epoch 1279/5000: score=18.544580 loss=-0.318999 valid=1.0000 routes=16.174 grad=2.4029 seconds=92.7
Epoch 1280/5000: score=18.060340 loss=-0.332892 valid=1.0000 routes=16.101 grad=2.3834 seconds=88.5
Epoch 1281/5000: score=19.401774 loss=-0.350218 valid=1.0000 routes=17.534 grad=2.8225 seconds=95.7
Epoch 1282/5000: score=20.101856 loss=-0.338521 valid=1.0000 routes=17.941 grad=2.7812 seconds=92.6
Epoch 1283/5000: score=18.913548 loss=-0.332766 valid=1.0000 routes=17.064 grad=2.6629 seconds=90.2
Epoch 1284/5000: score=18.244960 loss=-0.325141 valid=1.0000 routes=16.659 grad=2.4496 seconds=94.8
Epoch 1285/5000: score=19.816750 loss=-0.333661 valid=1.0000 routes=18.450 grad=2.7445 seconds=90.9
Epoch 1286/5000: score=18.383374 loss=-0.332472 valid=1.0000 routes=16.297 grad=2.5056 seconds=90.5
Epoch 1287/5000: score=18.905072 loss=-0.335224 valid=1.0000 routes=16.647 grad=2.6267 seconds=94.8
Epoch 1288/5000: score=18.520182 loss=-0.337618 valid=1.0000 routes=16.109 grad=2.4624 seconds=93.0
Epoch 1289/5000: score=19.678251 loss=-0.337166 valid=1.0000 routes=17.666 grad=2.8201 seconds=91.9
Epoch 1290/5000: score=18.310941 loss=-0.326683 valid=1.0000 routes=15.836 grad=2.4494 seconds=94.0
Epoch 1291/5000: score=18.429479 loss=-0.327881 valid=1.0000 routes=16.076 grad=2.4793 seconds=90.7
Epoch 1292/5000: score=18.274050 loss=-0.332773 valid=1.0000 routes=17.425 grad=2.5512 seconds=90.8
Epoch 1293/5000: score=18.802282 loss=-0.327360 valid=1.0000 routes=16.762 grad=2.5144 seconds=93.9
Epoch 1294/5000: score=18.712961 loss=-0.324481 valid=1.0000 routes=15.979 grad=2.4526 seconds=91.0
Epoch 1295/5000: score=18.623409 loss=-0.323629 valid=1.0000 routes=15.978 grad=2.4577 seconds=91.2
Epoch 1296/5000: score=18.010646 loss=-0.329749 valid=1.0000 routes=15.392 grad=2.3633 seconds=95.1
Epoch 1297/5000: score=19.615858 loss=-0.332463 valid=1.0000 routes=17.581 grad=2.7830 seconds=89.9
Epoch 1298/5000: score=18.072179 loss=-0.310251 valid=1.0000 routes=17.492 grad=2.4438 seconds=89.2
Epoch 1299/5000: score=20.059142 loss=-0.337680 valid=1.0000 routes=18.265 grad=2.9130 seconds=95.2
Epoch 1300/5000: score=18.264067 loss=-0.326595 valid=1.0000 routes=15.732 grad=2.4175 seconds=92.2
Epoch 1301/5000: score=19.261810 loss=-0.339619 valid=1.0000 routes=17.392 grad=2.7400 seconds=92.2
Epoch 1302/5000: score=18.083271 loss=-0.324278 valid=1.0000 routes=16.133 grad=2.4202 seconds=93.4
Epoch 1303/5000: score=18.248829 loss=-0.332337 valid=1.0000 routes=15.988 grad=2.4964 seconds=92.9
Epoch 1304/5000: score=19.046679 loss=-0.336852 valid=1.0000 routes=16.348 grad=2.5674 seconds=91.0
Epoch 1305/5000: score=18.856154 loss=-0.336515 valid=1.0000 routes=17.002 grad=2.6338 seconds=95.4
Epoch 1306/5000: score=18.136522 loss=-0.342339 valid=1.0000 routes=15.666 grad=2.4781 seconds=91.2
Epoch 1307/5000: score=18.940535 loss=-0.326902 valid=1.0000 routes=18.240 grad=2.6457 seconds=89.2
Epoch 1308/5000: score=19.368053 loss=-0.336055 valid=1.0000 routes=16.178 grad=2.6372 seconds=93.2
Epoch 1309/5000: score=18.573870 loss=-0.334243 valid=1.0000 routes=16.102 grad=2.4765 seconds=92.7
Epoch 1310/5000: score=19.757764 loss=-0.341830 valid=1.0000 routes=17.982 grad=2.8514 seconds=88.0
Epoch 1311/5000: score=18.017099 loss=-0.327561 valid=1.0000 routes=15.630 grad=2.3818 seconds=94.1
Epoch 1312/5000: score=18.188209 loss=-0.330586 valid=1.0000 routes=16.358 grad=2.4313 seconds=90.2
Epoch 1313/5000: score=18.068610 loss=-0.331096 valid=1.0000 routes=16.053 grad=2.3813 seconds=89.9
Epoch 1314/5000: score=18.536576 loss=-0.343463 valid=1.0000 routes=17.047 grad=2.6237 seconds=92.5
Epoch 1315/5000: score=18.472794 loss=-0.326505 valid=1.0000 routes=15.690 grad=2.4559 seconds=90.8
Epoch 1316/5000: score=19.764215 loss=-0.336872 valid=1.0000 routes=16.901 grad=2.7234 seconds=91.0
Epoch 1317/5000: score=18.873583 loss=-0.332958 valid=1.0000 routes=17.526 grad=2.6640 seconds=94.8
Epoch 1318/5000: score=18.954931 loss=-0.324541 valid=1.0000 routes=17.762 grad=2.6107 seconds=91.6
Epoch 1319/5000: score=19.441879 loss=-0.321928 valid=1.0000 routes=17.519 grad=2.6764 seconds=91.6
Epoch 1320/5000: score=19.059420 loss=-0.338142 valid=1.0000 routes=16.951 grad=2.6819 seconds=93.3
Epoch 1321/5000: score=18.872834 loss=-0.344893 valid=1.0000 routes=15.668 grad=2.5676 seconds=92.7
Epoch 1322/5000: score=17.596189 loss=-0.328495 valid=1.0000 routes=15.007 grad=2.3411 seconds=90.7
Epoch 1323/5000: score=19.045355 loss=-0.330159 valid=1.0000 routes=17.155 grad=2.6674 seconds=93.9
Epoch 1324/5000: score=18.883842 loss=-0.348594 valid=1.0000 routes=16.734 grad=2.6640 seconds=90.9
Epoch 1325/5000: score=18.506964 loss=-0.329828 valid=1.0000 routes=16.652 grad=2.5108 seconds=90.2
Epoch 1326/5000: score=17.598401 loss=-0.327527 valid=1.0000 routes=14.365 grad=2.2244 seconds=94.8
Epoch 1327/5000: score=18.679491 loss=-0.324585 valid=1.0000 routes=16.420 grad=2.5112 seconds=93.3
Epoch 1328/5000: score=18.098756 loss=-0.321825 valid=1.0000 routes=15.659 grad=2.3651 seconds=89.7
Epoch 1329/5000: score=19.457911 loss=-0.341055 valid=1.0000 routes=17.353 grad=2.7689 seconds=95.3
Epoch 1330/5000: score=19.573921 loss=-0.343277 valid=1.0000 routes=17.262 grad=2.7633 seconds=91.3
Epoch 1331/5000: score=20.106872 loss=-0.348684 valid=1.0000 routes=17.812 grad=2.8446 seconds=89.4
Epoch 1332/5000: score=19.109878 loss=-0.365914 valid=1.0000 routes=16.634 grad=2.7072 seconds=94.5
Epoch 1333/5000: score=18.310142 loss=-0.336507 valid=1.0000 routes=16.090 grad=2.4734 seconds=91.0
Epoch 1334/5000: score=18.721011 loss=-0.321134 valid=1.0000 routes=16.870 grad=2.5633 seconds=90.2
Epoch 1335/5000: score=20.245602 loss=-0.330292 valid=1.0000 routes=18.288 grad=2.8656 seconds=95.4
Epoch 1336/5000: score=19.599211 loss=-0.335432 valid=1.0000 routes=17.149 grad=2.7028 seconds=90.8
Epoch 1337/5000: score=18.449057 loss=-0.340626 valid=1.0000 routes=15.983 grad=2.4650 seconds=91.3
Epoch 1338/5000: score=19.864221 loss=-0.342930 valid=1.0000 routes=16.795 grad=2.7572 seconds=94.3
Epoch 1339/5000: score=18.749756 loss=-0.336005 valid=1.0000 routes=15.934 grad=2.5564 seconds=92.2
Epoch 1340/5000: score=19.252585 loss=-0.328239 valid=1.0000 routes=16.965 grad=2.7109 seconds=89.7
Epoch 1341/5000: score=19.644933 loss=-0.328520 valid=1.0000 routes=18.194 grad=2.8069 seconds=93.2
Epoch 1342/5000: score=19.314302 loss=-0.342087 valid=1.0000 routes=17.599 grad=2.7593 seconds=92.0
Epoch 1343/5000: score=18.712876 loss=-0.335681 valid=1.0000 routes=15.880 grad=2.4971 seconds=90.2
Epoch 1344/5000: score=19.243672 loss=-0.331961 valid=1.0000 routes=17.620 grad=2.6422 seconds=92.4
Epoch 1345/5000: score=18.627446 loss=-0.324768 valid=1.0000 routes=16.990 grad=2.5054 seconds=92.4
Epoch 1346/5000: score=18.287287 loss=-0.322536 valid=1.0000 routes=15.190 grad=2.3908 seconds=90.6
Epoch 1347/5000: score=18.624873 loss=-0.320860 valid=1.0000 routes=17.514 grad=2.6027 seconds=93.0
Epoch 1348/5000: score=18.958256 loss=-0.328868 valid=1.0000 routes=16.948 grad=2.6097 seconds=93.0
Epoch 1349/5000: score=18.525855 loss=-0.314218 valid=1.0000 routes=17.160 grad=2.4856 seconds=89.0
Epoch 1350/5000: score=18.650473 loss=-0.317065 valid=1.0000 routes=17.002 grad=2.5031 seconds=93.0
Epoch 1351/5000: score=18.502129 loss=-0.318553 valid=1.0000 routes=17.739 grad=2.5915 seconds=91.4
Epoch 1352/5000: score=18.637848 loss=-0.326432 valid=1.0000 routes=16.525 grad=2.5306 seconds=90.3
Epoch 1353/5000: score=18.714875 loss=-0.334300 valid=1.0000 routes=18.061 grad=2.6582 seconds=91.9
Epoch 1354/5000: score=18.337238 loss=-0.332262 valid=1.0000 routes=16.292 grad=2.4557 seconds=91.9
Epoch 1355/5000: score=18.389476 loss=-0.321297 valid=1.0000 routes=16.316 grad=2.4843 seconds=89.2
Epoch 1356/5000: score=19.114024 loss=-0.340947 valid=1.0000 routes=17.854 grad=2.6845 seconds=94.4
Epoch 1357/5000: score=18.802609 loss=-0.322141 valid=1.0000 routes=16.565 grad=2.5046 seconds=91.1
Epoch 1358/5000: score=19.206395 loss=-0.341988 valid=1.0000 routes=16.913 grad=2.6803 seconds=89.8
Epoch 1359/5000: score=18.190452 loss=-0.335995 valid=1.0000 routes=16.597 grad=2.5085 seconds=94.5
Epoch 1360/5000: score=18.626773 loss=-0.327397 valid=1.0000 routes=16.558 grad=2.4981 seconds=93.1
Epoch 1361/5000: score=18.820802 loss=-0.345828 valid=1.0000 routes=16.967 grad=2.6223 seconds=90.0
Epoch 1362/5000: score=20.069233 loss=-0.349046 valid=1.0000 routes=17.848 grad=2.9367 seconds=92.4
Epoch 1363/5000: score=18.725517 loss=-0.327343 valid=1.0000 routes=17.058 grad=2.5128 seconds=89.5
Epoch 1364/5000: score=17.892952 loss=-0.328587 valid=1.0000 routes=16.254 grad=2.3419 seconds=91.0
Epoch 1365/5000: score=17.672058 loss=-0.313265 valid=1.0000 routes=16.185 grad=2.3186 seconds=92.5
Epoch 1366/5000: score=18.166268 loss=-0.327064 valid=1.0000 routes=15.310 grad=2.4025 seconds=92.0
Epoch 1367/5000: score=19.554498 loss=-0.319645 valid=1.0000 routes=18.397 grad=2.7987 seconds=91.6
Epoch 1368/5000: score=19.281987 loss=-0.339120 valid=1.0000 routes=16.910 grad=2.6755 seconds=91.6
Epoch 1369/5000: score=17.476982 loss=-0.333346 valid=1.0000 routes=15.988 grad=2.3499 seconds=93.0
Epoch 1370/5000: score=18.504128 loss=-0.326695 valid=1.0000 routes=16.893 grad=2.5604 seconds=90.9
Epoch 1371/5000: score=18.399053 loss=-0.328717 valid=1.0000 routes=16.088 grad=2.4447 seconds=93.3
Epoch 1372/5000: score=18.174050 loss=-0.327045 valid=1.0000 routes=16.041 grad=2.4527 seconds=93.2
Epoch 1373/5000: score=19.315070 loss=-0.319566 valid=1.0000 routes=18.314 grad=2.7034 seconds=91.3
Epoch 1374/5000: score=19.319416 loss=-0.323213 valid=1.0000 routes=17.294 grad=2.6789 seconds=93.3
Epoch 1375/5000: score=19.325189 loss=-0.331105 valid=1.0000 routes=17.882 grad=2.7316 seconds=91.9
Epoch 1376/5000: score=18.761489 loss=-0.321020 valid=1.0000 routes=16.574 grad=2.5573 seconds=90.8
Epoch 1377/5000: score=19.383566 loss=-0.335364 valid=1.0000 routes=16.330 grad=2.7327 seconds=96.4
Epoch 1378/5000: score=18.922091 loss=-0.321184 valid=1.0000 routes=16.937 grad=2.6156 seconds=93.1
Epoch 1379/5000: score=18.467640 loss=-0.326574 valid=1.0000 routes=16.601 grad=2.4865 seconds=89.8
Epoch 1380/5000: score=20.022844 loss=-0.333422 valid=1.0000 routes=17.333 grad=2.7739 seconds=93.2
Epoch 1381/5000: score=18.547401 loss=-0.331826 valid=1.0000 routes=16.730 grad=2.5009 seconds=94.3
Epoch 1382/5000: score=18.946301 loss=-0.332371 valid=1.0000 routes=16.714 grad=2.5770 seconds=90.1
Epoch 1383/5000: score=19.236391 loss=-0.325041 valid=1.0000 routes=17.194 grad=2.6773 seconds=95.1
Epoch 1384/5000: score=18.020802 loss=-0.336452 valid=1.0000 routes=16.044 grad=2.4437 seconds=92.8
Epoch 1385/5000: score=18.138588 loss=-0.317628 valid=1.0000 routes=16.518 grad=2.4390 seconds=89.9
Epoch 1386/5000: score=18.517251 loss=-0.319505 valid=1.0000 routes=16.432 grad=2.4673 seconds=92.1
Epoch 1387/5000: score=18.898578 loss=-0.339610 valid=1.0000 routes=16.800 grad=2.6291 seconds=91.6
Epoch 1388/5000: score=18.141523 loss=-0.325073 valid=1.0000 routes=16.135 grad=2.4548 seconds=89.2
Epoch 1389/5000: score=19.238747 loss=-0.347761 valid=1.0000 routes=17.180 grad=2.7506 seconds=91.3
Epoch 1390/5000: score=18.377026 loss=-0.319247 valid=1.0000 routes=15.751 grad=2.4393 seconds=89.8
Epoch 1391/5000: score=19.103644 loss=-0.333129 valid=1.0000 routes=17.017 grad=2.6477 seconds=90.0
Epoch 1392/5000: score=18.958912 loss=-0.335730 valid=1.0000 routes=17.505 grad=2.6818 seconds=94.2
Epoch 1393/5000: score=19.573056 loss=-0.343356 valid=1.0000 routes=17.458 grad=2.7915 seconds=91.4
Epoch 1394/5000: score=18.612276 loss=-0.336144 valid=1.0000 routes=15.603 grad=2.5276 seconds=89.5
Epoch 1395/5000: score=19.508191 loss=-0.333354 valid=1.0000 routes=17.967 grad=2.7890 seconds=92.0
Epoch 1396/5000: score=18.316472 loss=-0.332148 valid=1.0000 routes=15.564 grad=2.4579 seconds=94.3
Epoch 1397/5000: score=19.133326 loss=-0.328172 valid=1.0000 routes=17.881 grad=2.6796 seconds=88.6
Epoch 1398/5000: score=19.180622 loss=-0.341995 valid=1.0000 routes=17.656 grad=2.7369 seconds=93.6
Epoch 1399/5000: score=19.496866 loss=-0.333577 valid=1.0000 routes=17.168 grad=2.6991 seconds=90.1
Epoch 1400/5000: score=18.879801 loss=-0.331880 valid=1.0000 routes=17.166 grad=2.5785 seconds=90.3
Epoch 1401/5000: score=18.321114 loss=-0.333834 valid=1.0000 routes=16.959 grad=2.5547 seconds=94.5
>> Invalid instances, Re-generating ...
Epoch 1402/5000: score=20.473829 loss=-0.343875 valid=1.0000 routes=18.118 grad=2.9700 seconds=90.9
Epoch 1403/5000: score=19.068335 loss=-0.341954 valid=1.0000 routes=16.215 grad=2.5785 seconds=89.1
Epoch 1404/5000: score=19.392240 loss=-0.349626 valid=1.0000 routes=17.140 grad=2.7924 seconds=92.2
Epoch 1405/5000: score=18.005418 loss=-0.319797 valid=1.0000 routes=16.268 grad=2.4338 seconds=90.8
Epoch 1406/5000: score=18.500809 loss=-0.323989 valid=1.0000 routes=16.654 grad=2.5293 seconds=91.0
Epoch 1407/5000: score=18.973272 loss=-0.327404 valid=1.0000 routes=16.796 grad=2.5799 seconds=91.7
Epoch 1408/5000: score=18.393701 loss=-0.314329 valid=1.0000 routes=16.684 grad=2.3876 seconds=90.2
Epoch 1409/5000: score=19.386312 loss=-0.322589 valid=1.0000 routes=17.989 grad=2.7110 seconds=90.8
Epoch 1410/5000: score=18.845476 loss=-0.317692 valid=1.0000 routes=16.156 grad=2.5520 seconds=93.7
Epoch 1411/5000: score=19.910317 loss=-0.332200 valid=1.0000 routes=17.550 grad=2.7147 seconds=91.6
Epoch 1412/5000: score=19.271011 loss=-0.327457 valid=1.0000 routes=17.107 grad=2.6675 seconds=89.9
Epoch 1413/5000: score=19.283578 loss=-0.324678 valid=1.0000 routes=16.603 grad=2.6573 seconds=92.7
Epoch 1414/5000: score=18.580621 loss=-0.326038 valid=1.0000 routes=16.639 grad=2.5466 seconds=92.0
Epoch 1415/5000: score=18.837332 loss=-0.332191 valid=1.0000 routes=17.283 grad=2.6584 seconds=90.6
Epoch 1416/5000: score=19.578604 loss=-0.341007 valid=1.0000 routes=17.377 grad=2.8281 seconds=93.2
Epoch 1417/5000: score=19.726209 loss=-0.343101 valid=1.0000 routes=17.420 grad=2.8315 seconds=90.6
Epoch 1418/5000: score=18.679298 loss=-0.336830 valid=1.0000 routes=15.872 grad=2.5029 seconds=91.6
Epoch 1419/5000: score=18.558331 loss=-0.323810 valid=1.0000 routes=16.557 grad=2.5207 seconds=93.1
Epoch 1420/5000: score=18.438631 loss=-0.326044 valid=1.0000 routes=16.371 grad=2.4882 seconds=90.9
Epoch 1421/5000: score=18.675720 loss=-0.326717 valid=1.0000 routes=17.364 grad=2.5963 seconds=90.1
Epoch 1422/5000: score=18.943616 loss=-0.336760 valid=1.0000 routes=16.199 grad=2.5919 seconds=93.0
Epoch 1423/5000: score=18.475859 loss=-0.320961 valid=1.0000 routes=16.113 grad=2.4531 seconds=90.6
Epoch 1424/5000: score=19.542634 loss=-0.330706 valid=1.0000 routes=16.778 grad=2.7334 seconds=91.8
Epoch 1425/5000: score=19.596591 loss=-0.349856 valid=1.0000 routes=16.694 grad=2.7652 seconds=93.2
Epoch 1426/5000: score=19.041431 loss=-0.335994 valid=1.0000 routes=17.713 grad=2.7070 seconds=91.5
Epoch 1427/5000: score=19.549214 loss=-0.325661 valid=1.0000 routes=16.822 grad=2.6805 seconds=91.0
Epoch 1428/5000: score=18.804888 loss=-0.330357 valid=1.0000 routes=15.930 grad=2.5216 seconds=93.5
Epoch 1429/5000: score=18.572102 loss=-0.319316 valid=1.0000 routes=16.621 grad=2.5182 seconds=90.7
Epoch 1430/5000: score=19.125614 loss=-0.328093 valid=1.0000 routes=17.035 grad=2.6189 seconds=91.5
Epoch 1431/5000: score=19.415079 loss=-0.341687 valid=1.0000 routes=17.705 grad=2.7760 seconds=94.1
Epoch 1432/5000: score=19.356475 loss=-0.340937 valid=1.0000 routes=17.427 grad=2.7330 seconds=88.0
Epoch 1433/5000: score=18.842473 loss=-0.323534 valid=1.0000 routes=16.693 grad=2.4837 seconds=89.8
Epoch 1434/5000: score=19.525416 loss=-0.323317 valid=1.0000 routes=16.839 grad=2.6373 seconds=94.1
Epoch 1435/5000: score=18.553226 loss=-0.321609 valid=1.0000 routes=16.864 grad=2.5374 seconds=90.4
Epoch 1436/5000: score=18.494543 loss=-0.312274 valid=1.0000 routes=17.023 grad=2.4360 seconds=92.2
Epoch 1437/5000: score=19.245856 loss=-0.331131 valid=1.0000 routes=16.512 grad=2.6063 seconds=94.6
Epoch 1438/5000: score=17.692942 loss=-0.313924 valid=1.0000 routes=15.093 grad=2.2247 seconds=89.0
Epoch 1439/5000: score=18.300639 loss=-0.315347 valid=1.0000 routes=16.636 grad=2.4774 seconds=92.1
Epoch 1440/5000: score=18.265063 loss=-0.314812 valid=1.0000 routes=17.559 grad=2.4885 seconds=93.6
Epoch 1441/5000: score=19.009231 loss=-0.324521 valid=1.0000 routes=16.208 grad=2.5987 seconds=89.3
Epoch 1442/5000: score=18.873856 loss=-0.321180 valid=1.0000 routes=17.959 grad=2.5908 seconds=89.7
Epoch 1443/5000: score=18.290498 loss=-0.325330 valid=1.0000 routes=16.276 grad=2.4125 seconds=90.1
Epoch 1444/5000: score=19.251821 loss=-0.338048 valid=1.0000 routes=16.735 grad=2.6568 seconds=90.2
Epoch 1445/5000: score=19.112406 loss=-0.347385 valid=1.0000 routes=16.519 grad=2.7108 seconds=91.9
Epoch 1446/5000: score=17.855184 loss=-0.321054 valid=1.0000 routes=16.201 grad=2.3375 seconds=93.7
Epoch 1447/5000: score=18.423638 loss=-0.326022 valid=1.0000 routes=16.423 grad=2.4153 seconds=90.1
Epoch 1448/5000: score=19.240156 loss=-0.348324 valid=1.0000 routes=16.866 grad=2.7818 seconds=91.9
Epoch 1449/5000: score=18.804466 loss=-0.335537 valid=1.0000 routes=17.397 grad=2.6036 seconds=92.9
Epoch 1450/5000: score=18.490104 loss=-0.318602 valid=1.0000 routes=15.684 grad=2.4021 seconds=88.6
Epoch 1451/5000: score=18.752782 loss=-0.326359 valid=1.0000 routes=16.907 grad=2.5368 seconds=93.4
Epoch 1452/5000: score=18.537779 loss=-0.307988 valid=1.0000 routes=16.730 grad=2.3916 seconds=93.9
Epoch 1453/5000: score=19.144560 loss=-0.322059 valid=1.0000 routes=17.343 grad=2.6871 seconds=89.8
Epoch 1454/5000: score=18.491569 loss=-0.331990 valid=1.0000 routes=16.540 grad=2.5390 seconds=90.6
>> Invalid instances, Re-generating ...
Epoch 1455/5000: score=18.995528 loss=-0.339817 valid=1.0000 routes=16.822 grad=2.5973 seconds=92.6
Epoch 1456/5000: score=19.483973 loss=-0.325876 valid=1.0000 routes=16.889 grad=2.6792 seconds=88.8
Epoch 1457/5000: score=19.339829 loss=-0.320848 valid=1.0000 routes=17.494 grad=2.7578 seconds=92.6
Epoch 1458/5000: score=19.105689 loss=-0.332903 valid=1.0000 routes=17.076 grad=2.6673 seconds=93.5
Epoch 1459/5000: score=18.504778 loss=-0.317941 valid=1.0000 routes=16.733 grad=2.4671 seconds=90.7
Epoch 1460/5000: score=18.339158 loss=-0.315573 valid=1.0000 routes=17.235 grad=2.4934 seconds=93.9
Epoch 1461/5000: score=18.667665 loss=-0.327244 valid=1.0000 routes=17.246 grad=2.5406 seconds=94.6
Epoch 1462/5000: score=19.868790 loss=-0.335346 valid=1.0000 routes=18.477 grad=2.8981 seconds=88.6
Epoch 1463/5000: score=18.978287 loss=-0.340432 valid=1.0000 routes=15.953 grad=2.6142 seconds=91.9
Epoch 1464/5000: score=19.170084 loss=-0.326595 valid=1.0000 routes=16.717 grad=2.6432 seconds=93.4
>> Invalid instances, Re-generating ...
Epoch 1465/5000: score=19.607063 loss=-0.335379 valid=1.0000 routes=16.644 grad=2.7092 seconds=89.3
Epoch 1466/5000: score=18.868655 loss=-0.317511 valid=1.0000 routes=16.734 grad=2.5252 seconds=92.5
Epoch 1467/5000: score=18.772780 loss=-0.316365 valid=1.0000 routes=16.425 grad=2.5295 seconds=95.0
Epoch 1468/5000: score=18.407235 loss=-0.314436 valid=1.0000 routes=16.304 grad=2.4564 seconds=88.8
Epoch 1469/5000: score=19.528714 loss=-0.325842 valid=1.0000 routes=17.364 grad=2.6846 seconds=92.6
Epoch 1470/5000: score=17.787787 loss=-0.324452 valid=1.0000 routes=15.350 grad=2.2914 seconds=93.3
Epoch 1471/5000: score=18.873884 loss=-0.323904 valid=1.0000 routes=16.614 grad=2.5374 seconds=89.4
Epoch 1472/5000: score=18.950595 loss=-0.332307 valid=1.0000 routes=16.723 grad=2.6263 seconds=90.8
Epoch 1473/5000: score=18.910028 loss=-0.334663 valid=1.0000 routes=17.394 grad=2.6221 seconds=93.4
Epoch 1474/5000: score=18.170778 loss=-0.315262 valid=1.0000 routes=16.519 grad=2.4257 seconds=89.2
Epoch 1475/5000: score=19.751776 loss=-0.327860 valid=1.0000 routes=17.405 grad=2.7899 seconds=90.8
Epoch 1476/5000: score=18.130700 loss=-0.330488 valid=1.0000 routes=16.391 grad=2.4738 seconds=93.6
Epoch 1477/5000: score=18.868585 loss=-0.327182 valid=1.0000 routes=16.979 grad=2.5806 seconds=89.1
Epoch 1478/5000: score=19.480329 loss=-0.318596 valid=1.0000 routes=16.525 grad=2.6761 seconds=93.0
Epoch 1479/5000: score=19.105487 loss=-0.329634 valid=1.0000 routes=17.014 grad=2.6375 seconds=92.6
Epoch 1480/5000: score=19.367086 loss=-0.340148 valid=1.0000 routes=17.260 grad=2.7217 seconds=88.7
Epoch 1481/5000: score=18.539314 loss=-0.311478 valid=1.0000 routes=16.608 grad=2.4400 seconds=93.3
Epoch 1482/5000: score=19.388019 loss=-0.326414 valid=1.0000 routes=17.372 grad=2.6416 seconds=93.1
Epoch 1483/5000: score=18.303009 loss=-0.328172 valid=1.0000 routes=15.940 grad=2.3855 seconds=88.2
Epoch 1484/5000: score=19.416095 loss=-0.320422 valid=1.0000 routes=17.250 grad=2.6411 seconds=91.6
>> Invalid instances, Re-generating ...
Epoch 1485/5000: score=19.042475 loss=-0.327449 valid=1.0000 routes=17.061 grad=2.5600 seconds=92.3
Epoch 1486/5000: score=18.672017 loss=-0.326255 valid=1.0000 routes=17.193 grad=2.5606 seconds=88.7
Epoch 1487/5000: score=19.181663 loss=-0.327751 valid=1.0000 routes=16.970 grad=2.5698 seconds=93.1
Epoch 1488/5000: score=19.115102 loss=-0.332114 valid=1.0000 routes=17.425 grad=2.6701 seconds=93.6
Epoch 1489/5000: score=19.558020 loss=-0.335095 valid=1.0000 routes=15.978 grad=2.7002 seconds=87.5
Epoch 1490/5000: score=19.495698 loss=-0.335137 valid=1.0000 routes=16.777 grad=2.6896 seconds=92.6
Epoch 1491/5000: score=19.484658 loss=-0.325744 valid=1.0000 routes=17.517 grad=2.7143 seconds=91.7
Epoch 1492/5000: score=19.128502 loss=-0.315710 valid=1.0000 routes=17.276 grad=2.5650 seconds=86.8
Epoch 1493/5000: score=18.443285 loss=-0.315050 valid=1.0000 routes=16.555 grad=2.4611 seconds=91.7
Epoch 1494/5000: score=19.024391 loss=-0.330289 valid=1.0000 routes=16.843 grad=2.6508 seconds=91.4
Epoch 1495/5000: score=17.569028 loss=-0.320830 valid=1.0000 routes=15.996 grad=2.3021 seconds=88.3
Epoch 1496/5000: score=19.124978 loss=-0.308701 valid=1.0000 routes=17.026 grad=2.5060 seconds=93.7
Epoch 1497/5000: score=18.144365 loss=-0.319348 valid=1.0000 routes=16.465 grad=2.4122 seconds=92.8
Epoch 1498/5000: score=19.115674 loss=-0.342006 valid=1.0000 routes=17.061 grad=2.6803 seconds=89.9
Epoch 1499/5000: score=18.943717 loss=-0.324541 valid=1.0000 routes=17.134 grad=2.5609 seconds=93.2
Epoch 1500/5000: score=18.576569 loss=-0.324502 valid=1.0000 routes=16.252 grad=2.5087 seconds=92.5
Epoch 1501/5000: score=18.336862 loss=-0.332665 valid=1.0000 routes=15.354 grad=2.4909 seconds=88.7
Epoch 1502/5000: score=18.958389 loss=-0.324626 valid=1.0000 routes=17.058 grad=2.6026 seconds=93.9
Epoch 1503/5000: score=18.768244 loss=-0.322505 valid=1.0000 routes=17.230 grad=2.5648 seconds=92.7
Epoch 1504/5000: score=19.110975 loss=-0.334455 valid=1.0000 routes=17.050 grad=2.6384 seconds=89.7
Epoch 1505/5000: score=18.943690 loss=-0.323574 valid=1.0000 routes=17.148 grad=2.6129 seconds=93.4
Epoch 1506/5000: score=19.228070 loss=-0.336964 valid=1.0000 routes=16.708 grad=2.6667 seconds=90.3
Epoch 1507/5000: score=18.454908 loss=-0.317123 valid=1.0000 routes=16.838 grad=2.4502 seconds=88.7
Epoch 1508/5000: score=19.458906 loss=-0.322822 valid=1.0000 routes=17.253 grad=2.6850 seconds=93.8
Epoch 1509/5000: score=19.480832 loss=-0.331718 valid=1.0000 routes=17.318 grad=2.7327 seconds=91.8
Epoch 1510/5000: score=18.925008 loss=-0.333485 valid=1.0000 routes=16.174 grad=2.6641 seconds=89.9
Epoch 1511/5000: score=18.557659 loss=-0.323416 valid=1.0000 routes=16.968 grad=2.5398 seconds=93.3
Epoch 1512/5000: score=20.328062 loss=-0.330383 valid=1.0000 routes=17.913 grad=2.8680 seconds=90.4
Epoch 1513/5000: score=20.110755 loss=-0.337399 valid=1.0000 routes=17.333 grad=2.8440 seconds=89.3
Epoch 1514/5000: score=19.219269 loss=-0.330621 valid=1.0000 routes=17.041 grad=2.6754 seconds=92.9
Epoch 1515/5000: score=18.075657 loss=-0.316517 valid=1.0000 routes=15.708 grad=2.3242 seconds=91.3
Epoch 1516/5000: score=19.036039 loss=-0.326566 valid=1.0000 routes=16.727 grad=2.6208 seconds=89.5
Epoch 1517/5000: score=19.246056 loss=-0.335173 valid=1.0000 routes=16.441 grad=2.6275 seconds=93.2
Epoch 1518/5000: score=19.315458 loss=-0.337247 valid=1.0000 routes=16.453 grad=2.5892 seconds=91.6
Epoch 1519/5000: score=17.827279 loss=-0.334369 valid=1.0000 routes=15.968 grad=2.4136 seconds=90.2
Epoch 1520/5000: score=18.448908 loss=-0.323025 valid=1.0000 routes=16.173 grad=2.4692 seconds=93.5
Epoch 1521/5000: score=19.119795 loss=-0.326452 valid=1.0000 routes=16.854 grad=2.6148 seconds=89.7
Epoch 1522/5000: score=19.498069 loss=-0.324316 valid=1.0000 routes=17.651 grad=2.6517 seconds=89.4
Epoch 1523/5000: score=19.801989 loss=-0.334790 valid=1.0000 routes=17.751 grad=2.7877 seconds=93.7
Epoch 1524/5000: score=19.532884 loss=-0.327424 valid=1.0000 routes=17.003 grad=2.7183 seconds=90.5
Epoch 1525/5000: score=19.746034 loss=-0.314209 valid=1.0000 routes=18.630 grad=2.7563 seconds=91.1
Epoch 1526/5000: score=19.044553 loss=-0.322687 valid=1.0000 routes=17.655 grad=2.6461 seconds=93.8
Epoch 1527/5000: score=19.698140 loss=-0.323764 valid=1.0000 routes=17.761 grad=2.7049 seconds=91.4
Epoch 1528/5000: score=19.125691 loss=-0.313430 valid=1.0000 routes=16.875 grad=2.5837 seconds=90.9
Epoch 1529/5000: score=18.484617 loss=-0.310035 valid=1.0000 routes=16.513 grad=2.5059 seconds=92.0
Epoch 1530/5000: score=19.181595 loss=-0.310683 valid=1.0000 routes=16.438 grad=2.4442 seconds=91.0
Epoch 1531/5000: score=18.380793 loss=-0.314023 valid=1.0000 routes=16.265 grad=2.4601 seconds=90.9
Epoch 1532/5000: score=19.103196 loss=-0.322549 valid=1.0000 routes=16.637 grad=2.6085 seconds=94.4
Epoch 1533/5000: score=18.721074 loss=-0.309869 valid=1.0000 routes=16.525 grad=2.4544 seconds=90.2
Epoch 1534/5000: score=18.483924 loss=-0.324006 valid=1.0000 routes=16.420 grad=2.4744 seconds=90.3
Epoch 1535/5000: score=18.333668 loss=-0.329765 valid=1.0000 routes=15.784 grad=2.4452 seconds=91.9
Epoch 1536/5000: score=19.314986 loss=-0.337184 valid=1.0000 routes=17.009 grad=2.7374 seconds=89.5
Epoch 1537/5000: score=18.320587 loss=-0.313560 valid=1.0000 routes=17.288 grad=2.5017 seconds=90.9
Epoch 1538/5000: score=18.065938 loss=-0.316605 valid=1.0000 routes=15.528 grad=2.3268 seconds=92.7
Epoch 1539/5000: score=17.353287 loss=-0.312175 valid=1.0000 routes=15.066 grad=2.1509 seconds=89.9
Epoch 1540/5000: score=19.960926 loss=-0.342231 valid=1.0000 routes=17.926 grad=2.8676 seconds=90.8
Epoch 1541/5000: score=18.977932 loss=-0.335275 valid=1.0000 routes=16.890 grad=2.6168 seconds=93.9
Epoch 1542/5000: score=20.076007 loss=-0.335267 valid=1.0000 routes=17.343 grad=2.8392 seconds=89.6
Epoch 1543/5000: score=19.303515 loss=-0.319414 valid=1.0000 routes=17.751 grad=2.5839 seconds=91.1
Epoch 1544/5000: score=18.967405 loss=-0.329115 valid=1.0000 routes=16.889 grad=2.6584 seconds=92.4
Epoch 1545/5000: score=19.102054 loss=-0.320291 valid=1.0000 routes=17.857 grad=2.6702 seconds=89.1
Epoch 1546/5000: score=19.923490 loss=-0.331142 valid=1.0000 routes=18.245 grad=2.8758 seconds=91.0
Epoch 1547/5000: score=18.234825 loss=-0.315853 valid=1.0000 routes=16.091 grad=2.3922 seconds=90.7
Epoch 1548/5000: score=19.303093 loss=-0.321001 valid=1.0000 routes=16.396 grad=2.5911 seconds=90.0
Epoch 1549/5000: score=20.281642 loss=-0.327636 valid=1.0000 routes=17.370 grad=2.8586 seconds=92.3
Epoch 1550/5000: score=19.399132 loss=-0.328245 valid=1.0000 routes=16.714 grad=2.6265 seconds=91.9
Epoch 1551/5000: score=19.784790 loss=-0.319421 valid=1.0000 routes=17.921 grad=2.7836 seconds=88.3
Epoch 1552/5000: score=18.636127 loss=-0.333750 valid=1.0000 routes=16.887 grad=2.5625 seconds=92.2
Epoch 1553/5000: score=19.128888 loss=-0.322805 valid=1.0000 routes=17.324 grad=2.6449 seconds=90.4
Epoch 1554/5000: score=19.577827 loss=-0.331657 valid=1.0000 routes=16.666 grad=2.6683 seconds=88.8
Epoch 1555/5000: score=18.322051 loss=-0.312237 valid=1.0000 routes=16.071 grad=2.3526 seconds=93.1
Epoch 1556/5000: score=19.926302 loss=-0.324811 valid=1.0000 routes=16.924 grad=2.6941 seconds=91.6
Epoch 1557/5000: score=18.965646 loss=-0.342822 valid=1.0000 routes=16.793 grad=2.6764 seconds=91.2
Epoch 1558/5000: score=19.229795 loss=-0.336656 valid=1.0000 routes=16.611 grad=2.6598 seconds=95.3
Epoch 1559/5000: score=18.855219 loss=-0.324367 valid=1.0000 routes=16.806 grad=2.5666 seconds=90.4
Epoch 1560/5000: score=18.829803 loss=-0.325762 valid=1.0000 routes=16.226 grad=2.5145 seconds=90.0
Epoch 1561/5000: score=18.649892 loss=-0.316264 valid=1.0000 routes=16.516 grad=2.5280 seconds=94.5
Epoch 1562/5000: score=19.427121 loss=-0.336917 valid=1.0000 routes=17.590 grad=2.7178 seconds=89.0
Epoch 1563/5000: score=20.048708 loss=-0.333990 valid=1.0000 routes=17.544 grad=2.8126 seconds=90.3
Epoch 1564/5000: score=19.899384 loss=-0.323772 valid=1.0000 routes=17.589 grad=2.7687 seconds=93.4
Epoch 1565/5000: score=19.458259 loss=-0.320386 valid=1.0000 routes=18.156 grad=2.6585 seconds=90.6
Epoch 1566/5000: score=19.424566 loss=-0.323337 valid=1.0000 routes=17.126 grad=2.6237 seconds=91.2
Epoch 1567/5000: score=18.253054 loss=-0.327930 valid=1.0000 routes=15.203 grad=2.3608 seconds=92.2
Epoch 1568/5000: score=18.147295 loss=-0.315889 valid=1.0000 routes=16.176 grad=2.3992 seconds=87.2
Epoch 1569/5000: score=19.237843 loss=-0.327230 valid=1.0000 routes=17.077 grad=2.6732 seconds=93.6
Epoch 1570/5000: score=19.150384 loss=-0.327536 valid=1.0000 routes=16.766 grad=2.6473 seconds=91.9
Epoch 1571/5000: score=19.318359 loss=-0.317804 valid=1.0000 routes=17.006 grad=2.6460 seconds=87.1
Epoch 1572/5000: score=18.779087 loss=-0.307007 valid=1.0000 routes=16.822 grad=2.4532 seconds=90.8
Epoch 1573/5000: score=18.404596 loss=-0.327017 valid=1.0000 routes=15.758 grad=2.4324 seconds=89.7
Epoch 1574/5000: score=19.214457 loss=-0.327363 valid=1.0000 routes=17.228 grad=2.6969 seconds=90.4
Epoch 1575/5000: score=18.490205 loss=-0.325665 valid=1.0000 routes=16.113 grad=2.5174 seconds=93.4
Epoch 1576/5000: score=18.195154 loss=-0.315239 valid=1.0000 routes=17.264 grad=2.4395 seconds=87.5
Epoch 1577/5000: score=18.556710 loss=-0.316524 valid=1.0000 routes=16.669 grad=2.5174 seconds=90.8
Epoch 1578/5000: score=19.179513 loss=-0.316109 valid=1.0000 routes=17.205 grad=2.5857 seconds=92.7
Epoch 1579/5000: score=18.932558 loss=-0.312157 valid=1.0000 routes=17.861 grad=2.6292 seconds=87.3
Epoch 1580/5000: score=18.685865 loss=-0.313034 valid=1.0000 routes=16.180 grad=2.3715 seconds=91.7
Epoch 1581/5000: score=18.975934 loss=-0.321856 valid=1.0000 routes=16.350 grad=2.5702 seconds=92.4
Epoch 1582/5000: score=19.239523 loss=-0.321846 valid=1.0000 routes=16.506 grad=2.5670 seconds=89.5
Epoch 1583/5000: score=20.012380 loss=-0.329437 valid=1.0000 routes=17.919 grad=2.8158 seconds=94.9
Epoch 1584/5000: score=19.217849 loss=-0.321604 valid=1.0000 routes=16.585 grad=2.5888 seconds=92.6
Epoch 1585/5000: score=19.199665 loss=-0.317462 valid=1.0000 routes=17.150 grad=2.5821 seconds=89.8
Epoch 1586/5000: score=18.358290 loss=-0.302044 valid=1.0000 routes=16.694 grad=2.4448 seconds=93.0
Epoch 1587/5000: score=18.085163 loss=-0.326302 valid=1.0000 routes=15.809 grad=2.3915 seconds=91.3
Epoch 1588/5000: score=18.673793 loss=-0.319632 valid=1.0000 routes=16.454 grad=2.4713 seconds=90.5
Epoch 1589/5000: score=20.011270 loss=-0.313665 valid=1.0000 routes=18.149 grad=2.8607 seconds=92.3
Epoch 1590/5000: score=18.588395 loss=-0.319408 valid=1.0000 routes=15.759 grad=2.4660 seconds=88.9
Epoch 1591/5000: score=19.082143 loss=-0.319204 valid=1.0000 routes=16.665 grad=2.6004 seconds=91.8
Epoch 1592/5000: score=18.548996 loss=-0.330672 valid=1.0000 routes=16.082 grad=2.4881 seconds=93.6
Epoch 1593/5000: score=19.128324 loss=-0.331050 valid=1.0000 routes=16.784 grad=2.6781 seconds=89.3
Epoch 1594/5000: score=18.466628 loss=-0.312643 valid=1.0000 routes=16.986 grad=2.4563 seconds=93.6
Epoch 1595/5000: score=17.445089 loss=-0.307175 valid=1.0000 routes=15.355 grad=2.2355 seconds=92.3
Epoch 1596/5000: score=19.735962 loss=-0.319651 valid=1.0000 routes=18.019 grad=2.7266 seconds=87.8
Epoch 1597/5000: score=19.402812 loss=-0.335601 valid=1.0000 routes=16.709 grad=2.7525 seconds=93.8
Epoch 1598/5000: score=18.545519 loss=-0.323628 valid=1.0000 routes=16.690 grad=2.4370 seconds=92.9
Epoch 1599/5000: score=19.178428 loss=-0.319480 valid=1.0000 routes=16.309 grad=2.5255 seconds=89.2
Epoch 1600/5000: score=19.427621 loss=-0.333246 valid=1.0000 routes=16.677 grad=2.6076 seconds=91.5
Epoch 1601/5000: score=19.245433 loss=-0.331740 valid=1.0000 routes=17.622 grad=2.7035 seconds=90.2
Epoch 1602/5000: score=19.380354 loss=-0.345689 valid=1.0000 routes=16.294 grad=2.7392 seconds=91.7
Epoch 1603/5000: score=19.324892 loss=-0.317767 valid=1.0000 routes=17.369 grad=2.6067 seconds=93.9
Epoch 1604/5000: score=18.825099 loss=-0.315760 valid=1.0000 routes=16.123 grad=2.4639 seconds=88.2
Epoch 1605/5000: score=19.175105 loss=-0.317806 valid=1.0000 routes=17.514 grad=2.6331 seconds=92.3
Epoch 1606/5000: score=19.307101 loss=-0.322279 valid=1.0000 routes=16.755 grad=2.5841 seconds=92.0
Epoch 1607/5000: score=18.316827 loss=-0.316410 valid=1.0000 routes=16.770 grad=2.3975 seconds=88.4
Epoch 1608/5000: score=18.906887 loss=-0.326010 valid=1.0000 routes=17.152 grad=2.5845 seconds=92.1
Epoch 1609/5000: score=19.093493 loss=-0.314958 valid=1.0000 routes=18.507 grad=2.6206 seconds=93.6
Epoch 1610/5000: score=19.425167 loss=-0.331570 valid=1.0000 routes=17.686 grad=2.7157 seconds=88.1
Epoch 1611/5000: score=18.445564 loss=-0.309855 valid=1.0000 routes=16.203 grad=2.4158 seconds=93.5
Epoch 1612/5000: score=18.746199 loss=-0.318482 valid=1.0000 routes=16.184 grad=2.4834 seconds=91.9
Epoch 1613/5000: score=19.800040 loss=-0.322616 valid=1.0000 routes=17.877 grad=2.7496 seconds=88.6
Epoch 1614/5000: score=17.859736 loss=-0.313092 valid=1.0000 routes=16.144 grad=2.3270 seconds=94.4
Epoch 1615/5000: score=19.544339 loss=-0.327522 valid=1.0000 routes=17.355 grad=2.7067 seconds=91.5
Epoch 1616/5000: score=18.153830 loss=-0.314747 valid=1.0000 routes=15.814 grad=2.3476 seconds=91.9
Epoch 1617/5000: score=18.631737 loss=-0.314942 valid=1.0000 routes=17.049 grad=2.4875 seconds=92.0
>> Invalid instances, Re-generating ...
Epoch 1618/5000: score=18.385474 loss=-0.324896 valid=1.0000 routes=16.828 grad=2.4699 seconds=89.9
Epoch 1619/5000: score=20.002945 loss=-0.333258 valid=1.0000 routes=17.333 grad=2.7810 seconds=90.5
Epoch 1620/5000: score=19.119867 loss=-0.323567 valid=1.0000 routes=16.229 grad=2.5363 seconds=94.0
Epoch 1621/5000: score=19.383312 loss=-0.324574 valid=1.0000 routes=17.377 grad=2.6354 seconds=89.4
Epoch 1622/5000: score=19.161437 loss=-0.314734 valid=1.0000 routes=17.354 grad=2.5981 seconds=93.1
Epoch 1623/5000: score=19.436487 loss=-0.312350 valid=1.0000 routes=17.308 grad=2.5854 seconds=94.3
Epoch 1624/5000: score=17.897114 loss=-0.325306 valid=1.0000 routes=15.241 grad=2.4038 seconds=89.9
Epoch 1625/5000: score=18.372693 loss=-0.316634 valid=1.0000 routes=16.739 grad=2.4709 seconds=92.4
Epoch 1626/5000: score=18.532068 loss=-0.326797 valid=1.0000 routes=15.932 grad=2.4232 seconds=94.9
Epoch 1627/5000: score=18.555420 loss=-0.318657 valid=1.0000 routes=16.267 grad=2.4627 seconds=88.0
Epoch 1628/5000: score=19.144477 loss=-0.331262 valid=1.0000 routes=17.145 grad=2.6449 seconds=95.2
Epoch 1629/5000: score=18.645231 loss=-0.326601 valid=1.0000 routes=16.985 grad=2.5476 seconds=92.7
Epoch 1630/5000: score=17.696987 loss=-0.317022 valid=1.0000 routes=16.438 grad=2.3454 seconds=88.4
Epoch 1631/5000: score=18.827244 loss=-0.314890 valid=1.0000 routes=16.552 grad=2.4423 seconds=92.6
Epoch 1632/5000: score=18.880804 loss=-0.329468 valid=1.0000 routes=16.932 grad=2.5997 seconds=89.2
Epoch 1633/5000: score=19.250622 loss=-0.316349 valid=1.0000 routes=16.729 grad=2.6305 seconds=89.7
Epoch 1634/5000: score=18.435830 loss=-0.316999 valid=1.0000 routes=15.985 grad=2.4084 seconds=91.8
Epoch 1635/5000: score=18.673018 loss=-0.310025 valid=1.0000 routes=17.061 grad=2.5304 seconds=87.0
Epoch 1636/5000: score=19.270242 loss=-0.328209 valid=1.0000 routes=16.638 grad=2.6243 seconds=96.2
Epoch 1637/5000: score=18.642096 loss=-0.315428 valid=1.0000 routes=16.827 grad=2.5269 seconds=93.1
Epoch 1638/5000: score=19.329032 loss=-0.321798 valid=1.0000 routes=17.151 grad=2.6367 seconds=91.2
Epoch 1639/5000: score=17.664809 loss=-0.331606 valid=1.0000 routes=15.169 grad=2.3656 seconds=95.3
Epoch 1640/5000: score=19.907442 loss=-0.307478 valid=1.0000 routes=18.404 grad=2.6964 seconds=91.6
Epoch 1641/5000: score=19.646133 loss=-0.322888 valid=1.0000 routes=17.996 grad=2.6883 seconds=91.9
Epoch 1642/5000: score=19.115078 loss=-0.322800 valid=1.0000 routes=16.209 grad=2.5438 seconds=91.9
Epoch 1643/5000: score=18.695564 loss=-0.308553 valid=1.0000 routes=16.746 grad=2.5258 seconds=89.3
Epoch 1644/5000: score=19.941957 loss=-0.325084 valid=1.0000 routes=18.040 grad=2.8207 seconds=94.7
Epoch 1645/5000: score=18.407764 loss=-0.308899 valid=1.0000 routes=16.773 grad=2.4673 seconds=89.4
Epoch 1646/5000: score=19.920987 loss=-0.323170 valid=1.0000 routes=17.775 grad=2.7526 seconds=90.1
Epoch 1647/5000: score=18.542095 loss=-0.315230 valid=1.0000 routes=16.457 grad=2.4944 seconds=93.0
Epoch 1648/5000: score=19.461284 loss=-0.318166 valid=1.0000 routes=18.082 grad=2.6654 seconds=88.9
Epoch 1649/5000: score=18.630134 loss=-0.314539 valid=1.0000 routes=16.606 grad=2.4840 seconds=93.6
Epoch 1650/5000: score=19.475238 loss=-0.317186 valid=1.0000 routes=17.924 grad=2.7442 seconds=91.5
Epoch 1651/5000: score=19.822075 loss=-0.324236 valid=1.0000 routes=17.421 grad=2.7554 seconds=92.9
Epoch 1652/5000: score=20.006307 loss=-0.315968 valid=1.0000 routes=17.122 grad=2.7577 seconds=93.8
Epoch 1653/5000: score=19.507628 loss=-0.315391 valid=1.0000 routes=17.622 grad=2.7263 seconds=89.3
Epoch 1654/5000: score=18.746863 loss=-0.323269 valid=1.0000 routes=16.223 grad=2.5233 seconds=96.2
Epoch 1655/5000: score=18.856743 loss=-0.335117 valid=1.0000 routes=16.465 grad=2.5939 seconds=91.0
Epoch 1656/5000: score=18.880851 loss=-0.311805 valid=1.0000 routes=16.707 grad=2.4481 seconds=90.9
Epoch 1657/5000: score=19.050781 loss=-0.311315 valid=1.0000 routes=16.839 grad=2.5239 seconds=94.0
Epoch 1658/5000: score=19.732309 loss=-0.320456 valid=1.0000 routes=17.332 grad=2.7260 seconds=88.7
Epoch 1659/5000: score=17.656507 loss=-0.306914 valid=1.0000 routes=15.887 grad=2.1500 seconds=93.9
Epoch 1660/5000: score=19.234388 loss=-0.323246 valid=1.0000 routes=16.751 grad=2.6032 seconds=90.4
Epoch 1661/5000: score=18.928389 loss=-0.314808 valid=1.0000 routes=16.493 grad=2.4763 seconds=90.4
Epoch 1662/5000: score=18.646485 loss=-0.306252 valid=1.0000 routes=17.129 grad=2.4978 seconds=93.8
Epoch 1663/5000: score=19.072778 loss=-0.307071 valid=1.0000 routes=18.025 grad=2.6215 seconds=87.4
Epoch 1664/5000: score=18.757648 loss=-0.310708 valid=1.0000 routes=16.337 grad=2.4801 seconds=91.9
Epoch 1665/5000: score=17.990808 loss=-0.306534 valid=1.0000 routes=15.844 grad=2.3277 seconds=91.7
Epoch 1666/5000: score=18.010156 loss=-0.311295 valid=1.0000 routes=16.246 grad=2.3244 seconds=91.1
Epoch 1667/5000: score=19.120777 loss=-0.314931 valid=1.0000 routes=17.268 grad=2.6387 seconds=95.1
Epoch 1668/5000: score=19.101873 loss=-0.324255 valid=1.0000 routes=15.928 grad=2.5301 seconds=93.9
Epoch 1669/5000: score=18.958609 loss=-0.309828 valid=1.0000 routes=16.939 grad=2.5805 seconds=95.6
Epoch 1670/5000: score=18.370994 loss=-0.328117 valid=1.0000 routes=15.920 grad=2.5083 seconds=91.1
Epoch 1671/5000: score=19.056948 loss=-0.309204 valid=1.0000 routes=16.033 grad=2.4534 seconds=89.0
Epoch 1672/5000: score=18.083973 loss=-0.300092 valid=1.0000 routes=16.187 grad=2.2919 seconds=92.8
Epoch 1673/5000: score=18.067170 loss=-0.320271 valid=1.0000 routes=16.425 grad=2.4292 seconds=89.2
Epoch 1674/5000: score=18.703940 loss=-0.320423 valid=1.0000 routes=16.028 grad=2.4698 seconds=92.9
Epoch 1675/5000: score=19.677032 loss=-0.333199 valid=1.0000 routes=16.854 grad=2.6942 seconds=91.6
Epoch 1676/5000: score=19.425526 loss=-0.322887 valid=1.0000 routes=16.591 grad=2.6126 seconds=89.0
Epoch 1677/5000: score=18.886392 loss=-0.314519 valid=1.0000 routes=17.235 grad=2.5456 seconds=92.0
Epoch 1678/5000: score=19.240941 loss=-0.319152 valid=1.0000 routes=16.785 grad=2.5682 seconds=89.9
Epoch 1679/5000: score=18.388561 loss=-0.306452 valid=1.0000 routes=15.848 grad=2.3858 seconds=91.2
Epoch 1680/5000: score=19.052329 loss=-0.307902 valid=1.0000 routes=17.296 grad=2.6434 seconds=94.3
Epoch 1681/5000: score=18.987343 loss=-0.319944 valid=1.0000 routes=17.033 grad=2.5673 seconds=88.3
Epoch 1682/5000: score=20.063634 loss=-0.328905 valid=1.0000 routes=18.264 grad=2.8832 seconds=92.1
Epoch 1683/5000: score=19.231345 loss=-0.310162 valid=1.0000 routes=17.731 grad=2.6130 seconds=91.1
Epoch 1684/5000: score=19.094440 loss=-0.324050 valid=1.0000 routes=16.752 grad=2.5148 seconds=91.4
Epoch 1685/5000: score=19.865627 loss=-0.322267 valid=1.0000 routes=17.052 grad=2.7560 seconds=95.7
Epoch 1686/5000: score=20.001286 loss=-0.344167 valid=1.0000 routes=18.184 grad=2.9212 seconds=89.4
Epoch 1687/5000: score=19.680787 loss=-0.319477 valid=1.0000 routes=17.612 grad=2.6332 seconds=92.5
Epoch 1688/5000: score=19.943264 loss=-0.321733 valid=1.0000 routes=17.113 grad=2.7962 seconds=91.3
Epoch 1689/5000: score=20.194200 loss=-0.316252 valid=1.0000 routes=17.750 grad=2.7917 seconds=88.7
Epoch 1690/5000: score=19.831194 loss=-0.325065 valid=1.0000 routes=17.382 grad=2.7178 seconds=93.0
Epoch 1691/5000: score=18.798250 loss=-0.303362 valid=1.0000 routes=16.179 grad=2.4074 seconds=89.3
Epoch 1692/5000: score=18.545269 loss=-0.314569 valid=1.0000 routes=16.463 grad=2.4180 seconds=91.8
Epoch 1693/5000: score=18.641778 loss=-0.323738 valid=1.0000 routes=16.819 grad=2.5530 seconds=93.7
Epoch 1694/5000: score=17.737848 loss=-0.298624 valid=1.0000 routes=15.491 grad=2.1756 seconds=89.2
Epoch 1695/5000: score=18.542942 loss=-0.319924 valid=1.0000 routes=16.844 grad=2.4573 seconds=93.1
Epoch 1696/5000: score=19.048458 loss=-0.330687 valid=1.0000 routes=17.774 grad=2.6957 seconds=90.0
Epoch 1697/5000: score=20.538426 loss=-0.325261 valid=1.0000 routes=17.739 grad=2.9204 seconds=91.5
Epoch 1698/5000: score=19.161266 loss=-0.321092 valid=1.0000 routes=17.251 grad=2.5838 seconds=93.2
Epoch 1699/5000: score=19.367585 loss=-0.312123 valid=1.0000 routes=17.233 grad=2.6179 seconds=88.8
Epoch 1700/5000: score=19.275972 loss=-0.319869 valid=1.0000 routes=17.389 grad=2.6482 seconds=94.1
Epoch 1701/5000: score=20.358516 loss=-0.316577 valid=1.0000 routes=17.800 grad=2.8389 seconds=91.0
Epoch 1702/5000: score=20.017695 loss=-0.319512 valid=1.0000 routes=17.597 grad=2.7176 seconds=90.1
Epoch 1703/5000: score=18.999240 loss=-0.329100 valid=1.0000 routes=17.163 grad=2.6185 seconds=101.0
>> Invalid instances, Re-generating ...
Epoch 1704/5000: score=19.553312 loss=-0.332435 valid=1.0000 routes=17.091 grad=2.7905 seconds=97.4
Epoch 1705/5000: score=18.723372 loss=-0.323047 valid=1.0000 routes=16.397 grad=2.5150 seconds=96.8
Epoch 1706/5000: score=19.389679 loss=-0.307354 valid=1.0000 routes=16.832 grad=2.5771 seconds=99.2
Epoch 1707/5000: score=19.081334 loss=-0.304940 valid=1.0000 routes=17.756 grad=2.5311 seconds=98.3
Epoch 1708/5000: score=19.030911 loss=-0.323311 valid=1.0000 routes=16.006 grad=2.5645 seconds=96.2
Epoch 1709/5000: score=18.541784 loss=-0.307752 valid=1.0000 routes=16.471 grad=2.4319 seconds=99.4
Epoch 1710/5000: score=19.646587 loss=-0.326222 valid=1.0000 routes=18.062 grad=2.7433 seconds=95.1
Epoch 1711/5000: score=17.894680 loss=-0.312469 valid=1.0000 routes=15.591 grad=2.2983 seconds=97.8
Epoch 1712/5000: score=19.678083 loss=-0.317769 valid=1.0000 routes=17.717 grad=2.7280 seconds=100.2
Epoch 1713/5000: score=19.410797 loss=-0.332756 valid=1.0000 routes=16.672 grad=2.6887 seconds=96.1
Epoch 1714/5000: score=19.187368 loss=-0.312722 valid=1.0000 routes=16.716 grad=2.5635 seconds=100.4
Epoch 1715/5000: score=19.791298 loss=-0.311126 valid=1.0000 routes=17.916 grad=2.6814 seconds=99.3
Epoch 1716/5000: score=19.624831 loss=-0.321121 valid=1.0000 routes=17.040 grad=2.6832 seconds=94.6
Epoch 1717/5000: score=17.690607 loss=-0.312623 valid=1.0000 routes=15.977 grad=2.2840 seconds=99.4
Epoch 1718/5000: score=19.173485 loss=-0.303753 valid=1.0000 routes=18.272 grad=2.6490 seconds=102.8
Epoch 1719/5000: score=17.502324 loss=-0.322943 valid=1.0000 routes=15.035 grad=2.3029 seconds=99.5
Epoch 1720/5000: score=20.170437 loss=-0.331673 valid=1.0000 routes=18.720 grad=2.9256 seconds=95.6
Epoch 1721/5000: score=18.822545 loss=-0.315589 valid=1.0000 routes=17.262 grad=2.5722 seconds=96.4
Epoch 1722/5000: score=18.864154 loss=-0.312533 valid=1.0000 routes=16.760 grad=2.5240 seconds=93.6
Epoch 1723/5000: score=19.068018 loss=-0.311316 valid=1.0000 routes=17.397 grad=2.6036 seconds=92.8
Epoch 1724/5000: score=19.428037 loss=-0.313897 valid=1.0000 routes=17.565 grad=2.6544 seconds=93.0
Epoch 1725/5000: score=18.141659 loss=-0.292426 valid=1.0000 routes=16.565 grad=2.3021 seconds=88.4
Epoch 1726/5000: score=19.307500 loss=-0.311557 valid=1.0000 routes=16.678 grad=2.5635 seconds=92.9
Epoch 1727/5000: score=19.426159 loss=-0.307776 valid=1.0000 routes=17.409 grad=2.6793 seconds=89.4
>> Invalid instances, Re-generating ...
Epoch 1728/5000: score=18.977294 loss=-0.321207 valid=1.0000 routes=17.316 grad=2.6288 seconds=91.1
Epoch 1729/5000: score=18.539929 loss=-0.298592 valid=1.0000 routes=16.263 grad=2.4312 seconds=93.4
Epoch 1730/5000: score=18.389206 loss=-0.308004 valid=1.0000 routes=15.984 grad=2.4091 seconds=88.5
Epoch 1731/5000: score=18.489806 loss=-0.311896 valid=1.0000 routes=16.472 grad=2.4842 seconds=94.1
Epoch 1732/5000: score=18.558824 loss=-0.318469 valid=1.0000 routes=16.307 grad=2.4589 seconds=92.8
Epoch 1733/5000: score=19.192728 loss=-0.305079 valid=1.0000 routes=17.332 grad=2.5378 seconds=91.1
Epoch 1734/5000: score=18.695351 loss=-0.319608 valid=1.0000 routes=16.988 grad=2.5035 seconds=93.8
Epoch 1735/5000: score=18.243961 loss=-0.315330 valid=1.0000 routes=16.301 grad=2.4627 seconds=90.1
Epoch 1736/5000: score=18.493878 loss=-0.323900 valid=1.0000 routes=16.121 grad=2.5045 seconds=92.0
Epoch 1737/5000: score=20.966445 loss=-0.338950 valid=1.0000 routes=18.839 grad=3.0452 seconds=95.4
Epoch 1738/5000: score=18.970877 loss=-0.314313 valid=1.0000 routes=16.288 grad=2.4953 seconds=87.9
Epoch 1739/5000: score=18.686219 loss=-0.317033 valid=1.0000 routes=16.205 grad=2.5030 seconds=93.0
Epoch 1740/5000: score=18.726658 loss=-0.316962 valid=1.0000 routes=16.907 grad=2.5589 seconds=91.7
Epoch 1741/5000: score=18.025537 loss=-0.306030 valid=1.0000 routes=15.871 grad=2.2861 seconds=90.3
Epoch 1742/5000: score=19.274721 loss=-0.323113 valid=1.0000 routes=16.491 grad=2.6473 seconds=94.2
Epoch 1743/5000: score=18.901074 loss=-0.311658 valid=1.0000 routes=16.513 grad=2.4800 seconds=88.4
Epoch 1744/5000: score=18.235862 loss=-0.314914 valid=1.0000 routes=15.822 grad=2.4004 seconds=91.7
Epoch 1745/5000: score=18.126563 loss=-0.309251 valid=1.0000 routes=16.226 grad=2.3734 seconds=92.8
Epoch 1746/5000: score=19.900889 loss=-0.325679 valid=1.0000 routes=18.345 grad=2.8092 seconds=87.0
Epoch 1747/5000: score=19.125749 loss=-0.321916 valid=1.0000 routes=17.381 grad=2.5861 seconds=93.9
Epoch 1748/5000: score=18.499202 loss=-0.309997 valid=1.0000 routes=16.756 grad=2.4461 seconds=89.9
Epoch 1749/5000: score=19.178805 loss=-0.323630 valid=1.0000 routes=17.153 grad=2.6561 seconds=91.8
Epoch 1750/5000: score=18.937392 loss=-0.324379 valid=1.0000 routes=16.551 grad=2.5330 seconds=93.5
Epoch 1751/5000: score=18.341311 loss=-0.330725 valid=1.0000 routes=15.893 grad=2.4741 seconds=87.9
Epoch 1752/5000: score=18.665158 loss=-0.330890 valid=1.0000 routes=16.227 grad=2.5448 seconds=90.4
Epoch 1753/5000: score=18.912017 loss=-0.301702 valid=1.0000 routes=17.117 grad=2.4831 seconds=92.1
Epoch 1754/5000: score=18.533733 loss=-0.313101 valid=1.0000 routes=16.438 grad=2.4851 seconds=90.7
Epoch 1755/5000: score=18.874498 loss=-0.311530 valid=1.0000 routes=17.482 grad=2.6215 seconds=95.4
Epoch 1756/5000: score=19.291884 loss=-0.310740 valid=1.0000 routes=17.000 grad=2.5863 seconds=91.0
Epoch 1757/5000: score=19.606039 loss=-0.330058 valid=1.0000 routes=17.265 grad=2.7234 seconds=90.8
Epoch 1758/5000: score=19.020097 loss=-0.311138 valid=1.0000 routes=16.458 grad=2.5196 seconds=92.6
Epoch 1759/5000: score=19.430985 loss=-0.309847 valid=1.0000 routes=17.631 grad=2.6641 seconds=90.4
Epoch 1760/5000: score=20.237434 loss=-0.340294 valid=1.0000 routes=19.005 grad=2.9893 seconds=94.7
Epoch 1761/5000: score=18.852265 loss=-0.326319 valid=1.0000 routes=17.197 grad=2.6099 seconds=96.7
Epoch 1762/5000: score=19.497986 loss=-0.319918 valid=1.0000 routes=16.724 grad=2.6154 seconds=88.6
Epoch 1763/5000: score=18.523366 loss=-0.318294 valid=1.0000 routes=15.982 grad=2.4911 seconds=91.4
Epoch 1764/5000: score=19.836296 loss=-0.324548 valid=1.0000 routes=17.590 grad=2.7441 seconds=90.1
Epoch 1765/5000: score=19.758887 loss=-0.331012 valid=1.0000 routes=17.186 grad=2.7188 seconds=89.6
Epoch 1766/5000: score=17.693973 loss=-0.306500 valid=1.0000 routes=15.945 grad=2.2941 seconds=91.5
Epoch 1767/5000: score=19.812995 loss=-0.324976 valid=1.0000 routes=18.126 grad=2.7568 seconds=87.5
Epoch 1768/5000: score=19.644286 loss=-0.312844 valid=1.0000 routes=18.148 grad=2.7191 seconds=91.4
Epoch 1769/5000: score=18.160350 loss=-0.307956 valid=1.0000 routes=16.404 grad=2.3996 seconds=92.6
Epoch 1770/5000: score=17.174588 loss=-0.304438 valid=1.0000 routes=14.862 grad=2.1498 seconds=89.0
Epoch 1771/5000: score=18.962029 loss=-0.319896 valid=1.0000 routes=16.970 grad=2.5429 seconds=93.4
Epoch 1772/5000: score=18.914085 loss=-0.295473 valid=1.0000 routes=17.384 grad=2.4536 seconds=90.6
Epoch 1773/5000: score=19.210143 loss=-0.307439 valid=1.0000 routes=17.150 grad=2.5457 seconds=91.1
Epoch 1774/5000: score=19.556280 loss=-0.316915 valid=1.0000 routes=17.291 grad=2.7244 seconds=94.8
Epoch 1775/5000: score=19.062176 loss=-0.313809 valid=1.0000 routes=17.002 grad=2.5619 seconds=88.6
Epoch 1776/5000: score=18.527468 loss=-0.314163 valid=1.0000 routes=15.973 grad=2.4022 seconds=91.3
Epoch 1777/5000: score=18.965509 loss=-0.308293 valid=1.0000 routes=17.133 grad=2.5026 seconds=91.5
Epoch 1778/5000: score=19.179705 loss=-0.316762 valid=1.0000 routes=16.517 grad=2.6104 seconds=89.6
Epoch 1779/5000: score=19.353657 loss=-0.312978 valid=1.0000 routes=17.216 grad=2.5917 seconds=93.9
Epoch 1780/5000: score=19.273515 loss=-0.308345 valid=1.0000 routes=17.971 grad=2.6276 seconds=92.2
Epoch 1781/5000: score=19.350775 loss=-0.310648 valid=1.0000 routes=17.375 grad=2.6567 seconds=92.2
Epoch 1782/5000: score=18.742922 loss=-0.312450 valid=1.0000 routes=16.821 grad=2.5548 seconds=96.7
Epoch 1783/5000: score=18.474231 loss=-0.297394 valid=1.0000 routes=16.527 grad=2.3567 seconds=90.0
Epoch 1784/5000: score=18.589290 loss=-0.314392 valid=1.0000 routes=15.918 grad=2.4760 seconds=90.5
Epoch 1785/5000: score=19.563592 loss=-0.326785 valid=1.0000 routes=16.622 grad=2.6795 seconds=94.1
Epoch 1786/5000: score=18.895123 loss=-0.308520 valid=1.0000 routes=16.842 grad=2.5319 seconds=88.3
Epoch 1787/5000: score=19.644001 loss=-0.311975 valid=1.0000 routes=17.645 grad=2.6430 seconds=91.3
Epoch 1788/5000: score=19.302803 loss=-0.315758 valid=1.0000 routes=17.869 grad=2.6351 seconds=89.9
Epoch 1789/5000: score=19.462097 loss=-0.308763 valid=1.0000 routes=16.808 grad=2.5689 seconds=90.3
Epoch 1790/5000: score=19.435840 loss=-0.317882 valid=1.0000 routes=17.557 grad=2.6289 seconds=94.4
Epoch 1791/5000: score=19.959720 loss=-0.300909 valid=1.0000 routes=17.917 grad=2.6692 seconds=87.7
Epoch 1792/5000: score=18.664044 loss=-0.310259 valid=1.0000 routes=16.689 grad=2.4683 seconds=93.6
Epoch 1793/5000: score=19.810961 loss=-0.313978 valid=1.0000 routes=17.582 grad=2.7117 seconds=92.8
Epoch 1794/5000: score=19.362985 loss=-0.305359 valid=1.0000 routes=17.083 grad=2.5893 seconds=92.4
Epoch 1795/5000: score=18.289881 loss=-0.301085 valid=1.0000 routes=15.773 grad=2.3116 seconds=95.1
Epoch 1796/5000: score=20.186542 loss=-0.315501 valid=1.0000 routes=18.494 grad=2.8373 seconds=91.5
Epoch 1797/5000: score=19.154820 loss=-0.317835 valid=1.0000 routes=17.182 grad=2.6307 seconds=95.5
Epoch 1798/5000: score=17.737347 loss=-0.300247 valid=1.0000 routes=15.315 grad=2.2512 seconds=95.3
Epoch 1799/5000: score=19.575610 loss=-0.312665 valid=1.0000 routes=17.723 grad=2.7099 seconds=90.9
Epoch 1800/5000: score=18.911289 loss=-0.310345 valid=1.0000 routes=16.416 grad=2.4592 seconds=96.2
Epoch 1801/5000: score=17.427296 loss=-0.307087 valid=1.0000 routes=15.556 grad=2.2385 seconds=95.5
Epoch 1802/5000: score=18.629347 loss=-0.306072 valid=1.0000 routes=17.348 grad=2.5507 seconds=92.2
Epoch 1803/5000: score=18.542709 loss=-0.319461 valid=1.0000 routes=16.623 grad=2.5313 seconds=96.1
Epoch 1804/5000: score=18.884057 loss=-0.309072 valid=1.0000 routes=17.018 grad=2.5030 seconds=90.8
Epoch 1805/5000: score=19.069807 loss=-0.327786 valid=1.0000 routes=16.733 grad=2.6169 seconds=95.3
Epoch 1806/5000: score=18.720345 loss=-0.315413 valid=1.0000 routes=16.491 grad=2.4684 seconds=96.2
Epoch 1807/5000: score=18.813756 loss=-0.305400 valid=1.0000 routes=16.594 grad=2.4362 seconds=89.5
Epoch 1808/5000: score=19.342182 loss=-0.307010 valid=1.0000 routes=18.301 grad=2.6314 seconds=94.9
Epoch 1809/5000: score=19.467963 loss=-0.320115 valid=1.0000 routes=17.505 grad=2.7025 seconds=91.7
Epoch 1810/5000: score=19.166817 loss=-0.324233 valid=1.0000 routes=16.462 grad=2.6282 seconds=92.9
Epoch 1811/5000: score=18.857074 loss=-0.312778 valid=1.0000 routes=17.158 grad=2.5620 seconds=95.1
Epoch 1812/5000: score=19.599607 loss=-0.319248 valid=1.0000 routes=17.040 grad=2.6056 seconds=89.6
Epoch 1813/5000: score=19.613522 loss=-0.312713 valid=1.0000 routes=16.816 grad=2.5819 seconds=96.2
Epoch 1814/5000: score=18.467432 loss=-0.306587 valid=1.0000 routes=16.320 grad=2.4194 seconds=99.4
Epoch 1815/5000: score=18.021023 loss=-0.311069 valid=1.0000 routes=16.177 grad=2.3399 seconds=96.7
Epoch 1816/5000: score=19.317942 loss=-0.321239 valid=1.0000 routes=16.554 grad=2.6214 seconds=99.7
Epoch 1817/5000: score=18.983112 loss=-0.315133 valid=1.0000 routes=16.885 grad=2.5601 seconds=96.9
Epoch 1818/5000: score=18.579111 loss=-0.313403 valid=1.0000 routes=16.827 grad=2.5318 seconds=96.5
Epoch 1819/5000: score=20.087412 loss=-0.316943 valid=1.0000 routes=18.062 grad=2.8188 seconds=98.5
Epoch 1820/5000: score=18.451824 loss=-0.305117 valid=1.0000 routes=16.341 grad=2.3999 seconds=92.1
Epoch 1821/5000: score=19.182582 loss=-0.317034 valid=1.0000 routes=16.815 grad=2.5437 seconds=98.4
Epoch 1822/5000: score=18.391538 loss=-0.309697 valid=1.0000 routes=16.822 grad=2.4411 seconds=102.8
Epoch 1823/5000: score=18.982398 loss=-0.310647 valid=1.0000 routes=16.684 grad=2.5130 seconds=91.9
>> Invalid instances, Re-generating ...
Epoch 1824/5000: score=19.501142 loss=-0.320142 valid=1.0000 routes=17.440 grad=2.6451 seconds=99.2
Epoch 1825/5000: score=19.421988 loss=-0.301609 valid=1.0000 routes=17.523 grad=2.5605 seconds=101.4
Epoch 1826/5000: score=18.723255 loss=-0.320694 valid=1.0000 routes=15.733 grad=2.4572 seconds=92.5
Epoch 1827/5000: score=18.346927 loss=-0.304603 valid=1.0000 routes=16.767 grad=2.4729 seconds=98.2
Epoch 1828/5000: score=18.971151 loss=-0.301364 valid=1.0000 routes=16.815 grad=2.5363 seconds=100.8
Epoch 1829/5000: score=18.412092 loss=-0.322808 valid=1.0000 routes=16.427 grad=2.4725 seconds=95.6
Epoch 1830/5000: score=19.420045 loss=-0.309885 valid=1.0000 routes=17.847 grad=2.5965 seconds=96.5
Epoch 1831/5000: score=19.481828 loss=-0.322570 valid=1.0000 routes=16.658 grad=2.5997 seconds=98.2
Epoch 1832/5000: score=19.399503 loss=-0.315823 valid=1.0000 routes=17.570 grad=2.6220 seconds=94.7
Epoch 1833/5000: score=19.475749 loss=-0.309844 valid=1.0000 routes=17.632 grad=2.5470 seconds=92.6
Epoch 1834/5000: score=19.237539 loss=-0.320117 valid=1.0000 routes=16.672 grad=2.6079 seconds=100.3
Epoch 1835/5000: score=18.832918 loss=-0.300369 valid=1.0000 routes=17.351 grad=2.4928 seconds=96.4
Epoch 1836/5000: score=20.151508 loss=-0.302040 valid=1.0000 routes=17.838 grad=2.7399 seconds=92.0
Epoch 1837/5000: score=19.330988 loss=-0.296026 valid=1.0000 routes=18.591 grad=2.6093 seconds=96.4
Epoch 1838/5000: score=19.859475 loss=-0.324969 valid=1.0000 routes=17.502 grad=2.7882 seconds=94.7
Epoch 1839/5000: score=19.478292 loss=-0.321601 valid=1.0000 routes=16.542 grad=2.6538 seconds=97.5
Epoch 1840/5000: score=18.312290 loss=-0.319163 valid=1.0000 routes=16.051 grad=2.4442 seconds=93.8
Epoch 1841/5000: score=19.216660 loss=-0.324386 valid=1.0000 routes=16.876 grad=2.5450 seconds=92.7
Epoch 1842/5000: score=18.642380 loss=-0.310411 valid=1.0000 routes=16.348 grad=2.4315 seconds=93.4
Epoch 1843/5000: score=19.331928 loss=-0.307696 valid=1.0000 routes=17.939 grad=2.6327 seconds=90.2
Epoch 1844/5000: score=18.870044 loss=-0.305131 valid=1.0000 routes=16.540 grad=2.4716 seconds=93.2
Epoch 1845/5000: score=18.642200 loss=-0.300303 valid=1.0000 routes=16.189 grad=2.4597 seconds=90.1
Epoch 1846/5000: score=17.935599 loss=-0.310518 valid=1.0000 routes=16.003 grad=2.3962 seconds=96.1
Epoch 1847/5000: score=19.204469 loss=-0.320077 valid=1.0000 routes=16.785 grad=2.5356 seconds=92.9
Epoch 1848/5000: score=19.419750 loss=-0.302414 valid=1.0000 routes=17.848 grad=2.6631 seconds=93.5
Epoch 1849/5000: score=17.927992 loss=-0.303269 valid=1.0000 routes=16.575 grad=2.3587 seconds=93.4
Epoch 1850/5000: score=19.029116 loss=-0.319609 valid=1.0000 routes=16.215 grad=2.4857 seconds=88.9
Epoch 1851/5000: score=19.465243 loss=-0.313367 valid=1.0000 routes=17.284 grad=2.6084 seconds=96.3
Epoch 1852/5000: score=19.446149 loss=-0.316675 valid=1.0000 routes=17.758 grad=2.7100 seconds=92.5
Epoch 1853/5000: score=18.842973 loss=-0.315116 valid=1.0000 routes=15.862 grad=2.4045 seconds=89.7
Epoch 1854/5000: score=19.134589 loss=-0.310221 valid=1.0000 routes=16.916 grad=2.6078 seconds=92.2
Epoch 1855/5000: score=18.547346 loss=-0.298921 valid=1.0000 routes=17.046 grad=2.4127 seconds=88.8
Epoch 1856/5000: score=18.868662 loss=-0.321969 valid=1.0000 routes=16.564 grad=2.5447 seconds=95.4
Epoch 1857/5000: score=18.761945 loss=-0.303789 valid=1.0000 routes=17.248 grad=2.5161 seconds=91.4
Epoch 1858/5000: score=18.495672 loss=-0.328155 valid=1.0000 routes=16.192 grad=2.5077 seconds=95.5
Epoch 1859/5000: score=18.537712 loss=-0.302767 valid=1.0000 routes=17.188 grad=2.4568 seconds=96.8
Epoch 1860/5000: score=18.086799 loss=-0.302158 valid=1.0000 routes=16.443 grad=2.3547 seconds=92.7
Epoch 1861/5000: score=18.213053 loss=-0.303554 valid=1.0000 routes=16.210 grad=2.4042 seconds=94.5
Epoch 1862/5000: score=18.421895 loss=-0.296597 valid=1.0000 routes=16.213 grad=2.3712 seconds=94.3
Epoch 1863/5000: score=18.549415 loss=-0.305627 valid=1.0000 routes=16.410 grad=2.4593 seconds=90.7
Epoch 1864/5000: score=18.518085 loss=-0.307785 valid=1.0000 routes=15.868 grad=2.4405 seconds=95.4
Epoch 1865/5000: score=17.719698 loss=-0.315716 valid=1.0000 routes=15.267 grad=2.2851 seconds=92.6
Epoch 1866/5000: score=18.843762 loss=-0.309769 valid=1.0000 routes=16.642 grad=2.4647 seconds=95.7
Epoch 1867/5000: score=19.382263 loss=-0.308564 valid=1.0000 routes=17.184 grad=2.6354 seconds=97.0
Epoch 1868/5000: score=18.187961 loss=-0.299717 valid=1.0000 routes=16.469 grad=2.4079 seconds=94.0
Epoch 1869/5000: score=18.237500 loss=-0.298289 valid=1.0000 routes=16.593 grad=2.4171 seconds=94.7
Epoch 1870/5000: score=18.921963 loss=-0.319803 valid=1.0000 routes=16.337 grad=2.5592 seconds=96.0
Epoch 1871/5000: score=18.403967 loss=-0.306438 valid=1.0000 routes=16.303 grad=2.4074 seconds=90.0
Epoch 1872/5000: score=19.319806 loss=-0.321771 valid=1.0000 routes=16.465 grad=2.5704 seconds=96.9
Epoch 1873/5000: score=18.013910 loss=-0.303934 valid=1.0000 routes=15.753 grad=2.2802 seconds=98.3
Epoch 1874/5000: score=19.071826 loss=-0.329581 valid=1.0000 routes=17.142 grad=2.6528 seconds=91.2
Epoch 1875/5000: score=19.431617 loss=-0.317953 valid=1.0000 routes=16.829 grad=2.6391 seconds=98.5
Epoch 1876/5000: score=19.437770 loss=-0.317134 valid=1.0000 routes=18.068 grad=2.6241 seconds=94.0
Epoch 1877/5000: score=18.608347 loss=-0.313367 valid=1.0000 routes=16.290 grad=2.4679 seconds=99.2
Epoch 1878/5000: score=17.913350 loss=-0.315301 valid=1.0000 routes=15.597 grad=2.3343 seconds=96.3
Epoch 1879/5000: score=19.680047 loss=-0.326966 valid=1.0000 routes=17.818 grad=2.7739 seconds=99.0
Epoch 1880/5000: score=18.547078 loss=-0.322721 valid=1.0000 routes=16.014 grad=2.5365 seconds=95.8
Epoch 1881/5000: score=18.636732 loss=-0.323165 valid=1.0000 routes=15.735 grad=2.4999 seconds=101.8
Epoch 1882/5000: score=18.880893 loss=-0.312056 valid=1.0000 routes=16.781 grad=2.5502 seconds=92.2
Epoch 1883/5000: score=18.471556 loss=-0.320101 valid=1.0000 routes=16.392 grad=2.5187 seconds=99.0
Epoch 1884/5000: score=19.349790 loss=-0.311176 valid=1.0000 routes=17.633 grad=2.6390 seconds=95.3
Epoch 1885/5000: score=18.179397 loss=-0.291227 valid=1.0000 routes=17.247 grad=2.3661 seconds=90.8
Epoch 1886/5000: score=18.960194 loss=-0.302794 valid=1.0000 routes=17.061 grad=2.4620 seconds=95.8
Epoch 1887/5000: score=18.389831 loss=-0.310674 valid=1.0000 routes=15.511 grad=2.3568 seconds=93.5
Epoch 1888/5000: score=19.136499 loss=-0.323186 valid=1.0000 routes=17.097 grad=2.6277 seconds=93.5
Epoch 1889/5000: score=20.400847 loss=-0.315160 valid=1.0000 routes=18.493 grad=2.8263 seconds=96.4
Epoch 1890/5000: score=18.141488 loss=-0.316726 valid=1.0000 routes=15.600 grad=2.3433 seconds=90.4
Epoch 1891/5000: score=19.584424 loss=-0.324147 valid=1.0000 routes=17.588 grad=2.6898 seconds=93.9
Epoch 1892/5000: score=19.678080 loss=-0.319165 valid=1.0000 routes=16.729 grad=2.7017 seconds=93.9
Epoch 1893/5000: score=19.005906 loss=-0.311715 valid=1.0000 routes=16.630 grad=2.4655 seconds=89.7
Epoch 1894/5000: score=20.912071 loss=-0.322638 valid=1.0000 routes=19.019 grad=2.9821 seconds=95.0
Epoch 1895/5000: score=18.747749 loss=-0.306803 valid=1.0000 routes=16.828 grad=2.4133 seconds=91.7
Epoch 1896/5000: score=19.411346 loss=-0.314227 valid=1.0000 routes=17.638 grad=2.6119 seconds=92.8
Epoch 1897/5000: score=18.929971 loss=-0.294265 valid=1.0000 routes=16.846 grad=2.4897 seconds=95.1
Epoch 1898/5000: score=18.451415 loss=-0.297988 valid=1.0000 routes=16.970 grad=2.4012 seconds=90.4
Epoch 1899/5000: score=18.986585 loss=-0.309765 valid=1.0000 routes=16.823 grad=2.5568 seconds=93.2
>> Invalid instances, Re-generating ...
Epoch 1900/5000: score=19.618218 loss=-0.293328 valid=1.0000 routes=17.455 grad=2.6192 seconds=95.5
Epoch 1901/5000: score=18.239184 loss=-0.301031 valid=1.0000 routes=15.956 grad=2.3508 seconds=91.8
Epoch 1902/5000: score=19.839641 loss=-0.310467 valid=1.0000 routes=18.108 grad=2.7725 seconds=97.1
Epoch 1903/5000: score=18.829536 loss=-0.304061 valid=1.0000 routes=16.721 grad=2.4508 seconds=92.3
Epoch 1904/5000: score=19.069748 loss=-0.315674 valid=1.0000 routes=16.768 grad=2.5978 seconds=92.6
Epoch 1905/5000: score=18.439256 loss=-0.306422 valid=1.0000 routes=15.812 grad=2.4076 seconds=95.6
Epoch 1906/5000: score=17.813326 loss=-0.316686 valid=1.0000 routes=15.416 grad=2.3386 seconds=92.7
Epoch 1907/5000: score=19.631420 loss=-0.315191 valid=1.0000 routes=17.375 grad=2.7334 seconds=95.4
Epoch 1908/5000: score=18.432446 loss=-0.308546 valid=1.0000 routes=16.166 grad=2.4195 seconds=95.6
Epoch 1909/5000: score=19.130277 loss=-0.306450 valid=1.0000 routes=17.741 grad=2.6505 seconds=90.4
Epoch 1910/5000: score=18.385823 loss=-0.311824 valid=1.0000 routes=17.334 grad=2.4816 seconds=94.5
Epoch 1911/5000: score=17.923318 loss=-0.298088 valid=1.0000 routes=16.925 grad=2.3595 seconds=94.5
Epoch 1912/5000: score=18.962657 loss=-0.316665 valid=1.0000 routes=16.749 grad=2.5363 seconds=90.2
Epoch 1913/5000: score=18.591849 loss=-0.316450 valid=1.0000 routes=17.275 grad=2.5031 seconds=97.0
Epoch 1914/5000: score=19.510808 loss=-0.312946 valid=1.0000 routes=17.049 grad=2.6255 seconds=93.7
Epoch 1915/5000: score=19.909245 loss=-0.302803 valid=1.0000 routes=17.208 grad=2.6736 seconds=89.7
Epoch 1916/5000: score=18.115124 loss=-0.303470 valid=1.0000 routes=16.286 grad=2.3615 seconds=96.0
Epoch 1917/5000: score=18.337065 loss=-0.293349 valid=1.0000 routes=16.838 grad=2.3817 seconds=91.9
Epoch 1918/5000: score=19.950493 loss=-0.323421 valid=1.0000 routes=18.540 grad=2.8148 seconds=92.3
Epoch 1919/5000: score=18.658932 loss=-0.305690 valid=1.0000 routes=16.718 grad=2.4745 seconds=94.1
Epoch 1920/5000: score=19.331470 loss=-0.301072 valid=1.0000 routes=16.547 grad=2.6011 seconds=89.4
Epoch 1921/5000: score=20.399162 loss=-0.319497 valid=1.0000 routes=18.009 grad=2.8378 seconds=93.5
Epoch 1922/5000: score=18.412382 loss=-0.300058 valid=1.0000 routes=16.730 grad=2.3804 seconds=95.5
Epoch 1923/5000: score=18.909244 loss=-0.321629 valid=1.0000 routes=16.170 grad=2.5445 seconds=91.3
Epoch 1924/5000: score=18.841489 loss=-0.319342 valid=1.0000 routes=16.434 grad=2.5187 seconds=96.8
Epoch 1925/5000: score=18.623763 loss=-0.304391 valid=1.0000 routes=16.527 grad=2.3963 seconds=92.9
Epoch 1926/5000: score=19.739254 loss=-0.315918 valid=1.0000 routes=17.986 grad=2.7625 seconds=91.1
Epoch 1927/5000: score=18.469065 loss=-0.295432 valid=1.0000 routes=17.497 grad=2.4711 seconds=94.2
Epoch 1928/5000: score=19.329743 loss=-0.303416 valid=1.0000 routes=17.613 grad=2.5817 seconds=91.1
Epoch 1929/5000: score=19.188760 loss=-0.303668 valid=1.0000 routes=17.369 grad=2.4837 seconds=93.6
>> Invalid instances, Re-generating ...
Epoch 1930/5000: score=18.835092 loss=-0.309750 valid=1.0000 routes=17.491 grad=2.6027 seconds=94.9
Epoch 1931/5000: score=18.864611 loss=-0.307088 valid=1.0000 routes=16.889 grad=2.5177 seconds=88.8
Epoch 1932/5000: score=18.958454 loss=-0.299870 valid=1.0000 routes=17.291 grad=2.5278 seconds=95.7
Epoch 1933/5000: score=18.200466 loss=-0.296201 valid=1.0000 routes=16.376 grad=2.3914 seconds=94.1
Epoch 1934/5000: score=19.051158 loss=-0.320426 valid=1.0000 routes=16.371 grad=2.6176 seconds=91.6
Epoch 1935/5000: score=19.274068 loss=-0.306710 valid=1.0000 routes=17.208 grad=2.6147 seconds=94.8
Epoch 1936/5000: score=19.431908 loss=-0.312132 valid=1.0000 routes=17.783 grad=2.6288 seconds=94.0
Epoch 1937/5000: score=18.292291 loss=-0.303014 valid=1.0000 routes=16.589 grad=2.4143 seconds=92.5
Epoch 1938/5000: score=18.571203 loss=-0.306265 valid=1.0000 routes=16.297 grad=2.4152 seconds=93.9
Epoch 1939/5000: score=18.265455 loss=-0.304309 valid=1.0000 routes=16.125 grad=2.4079 seconds=91.5
Epoch 1940/5000: score=19.131013 loss=-0.303223 valid=1.0000 routes=16.625 grad=2.5238 seconds=91.5
Epoch 1941/5000: score=19.443280 loss=-0.304682 valid=1.0000 routes=17.123 grad=2.6351 seconds=96.5
Epoch 1942/5000: score=20.719262 loss=-0.308574 valid=1.0000 routes=18.366 grad=2.8430 seconds=90.7
Epoch 1943/5000: score=19.571102 loss=-0.316457 valid=1.0000 routes=16.448 grad=2.6195 seconds=94.8
Epoch 1944/5000: score=18.361403 loss=-0.299629 valid=1.0000 routes=15.648 grad=2.3509 seconds=96.0
Epoch 1945/5000: score=18.414699 loss=-0.293455 valid=1.0000 routes=16.890 grad=2.3302 seconds=89.9
Epoch 1946/5000: score=17.686017 loss=-0.316912 valid=1.0000 routes=15.091 grad=2.2972 seconds=95.9
Epoch 1947/5000: score=19.435792 loss=-0.308478 valid=1.0000 routes=17.740 grad=2.6115 seconds=92.6
Epoch 1948/5000: score=19.172463 loss=-0.309781 valid=1.0000 routes=17.390 grad=2.5594 seconds=93.0
Epoch 1949/5000: score=19.371324 loss=-0.307575 valid=1.0000 routes=17.652 grad=2.5785 seconds=96.0
Epoch 1950/5000: score=19.346501 loss=-0.320174 valid=1.0000 routes=16.831 grad=2.6502 seconds=93.0
Epoch 1951/5000: score=18.864486 loss=-0.299998 valid=1.0000 routes=17.193 grad=2.5186 seconds=93.7
Epoch 1952/5000: score=18.736871 loss=-0.296866 valid=1.0000 routes=16.779 grad=2.4343 seconds=93.9
Epoch 1953/5000: score=17.775436 loss=-0.302604 valid=1.0000 routes=15.938 grad=2.2305 seconds=89.8
Epoch 1954/5000: score=18.632351 loss=-0.295876 valid=1.0000 routes=16.504 grad=2.4480 seconds=95.2
Epoch 1955/5000: score=18.544360 loss=-0.298295 valid=1.0000 routes=17.431 grad=2.4742 seconds=94.1
Epoch 1956/5000: score=20.117871 loss=-0.312746 valid=1.0000 routes=18.108 grad=2.8233 seconds=92.6
Epoch 1957/5000: score=17.632865 loss=-0.304056 valid=1.0000 routes=15.596 grad=2.2405 seconds=95.0
Epoch 1958/5000: score=18.668079 loss=-0.317880 valid=1.0000 routes=16.602 grad=2.5357 seconds=92.3
Epoch 1959/5000: score=19.222031 loss=-0.305300 valid=1.0000 routes=17.088 grad=2.5734 seconds=91.4
Epoch 1960/5000: score=18.901609 loss=-0.305473 valid=1.0000 routes=17.117 grad=2.4940 seconds=94.3
Epoch 1961/5000: score=17.781675 loss=-0.318642 valid=1.0000 routes=15.737 grad=2.3157 seconds=90.6
Epoch 1962/5000: score=17.622645 loss=-0.297291 valid=1.0000 routes=15.834 grad=2.2141 seconds=94.7
Epoch 1963/5000: score=18.190395 loss=-0.288588 valid=1.0000 routes=16.440 grad=2.2850 seconds=92.6
Epoch 1964/5000: score=18.737451 loss=-0.301229 valid=1.0000 routes=16.858 grad=2.5360 seconds=90.8
Epoch 1965/5000: score=18.755526 loss=-0.298635 valid=1.0000 routes=16.103 grad=2.3740 seconds=94.6
Epoch 1966/5000: score=19.035726 loss=-0.307723 valid=1.0000 routes=16.860 grad=2.5860 seconds=92.7
Epoch 1967/5000: score=19.467432 loss=-0.311027 valid=1.0000 routes=18.260 grad=2.6547 seconds=92.1
Epoch 1968/5000: score=18.262611 loss=-0.308233 valid=1.0000 routes=15.051 grad=2.3020 seconds=94.8
Epoch 1969/5000: score=19.458066 loss=-0.317661 valid=1.0000 routes=17.416 grad=2.6479 seconds=92.2
Epoch 1970/5000: score=18.151631 loss=-0.306146 valid=1.0000 routes=15.937 grad=2.3921 seconds=95.9
Epoch 1971/5000: score=18.903791 loss=-0.303364 valid=1.0000 routes=16.861 grad=2.4469 seconds=95.5
>> Invalid instances, Re-generating ...
Epoch 1972/5000: score=19.254617 loss=-0.316995 valid=1.0000 routes=17.979 grad=2.6202 seconds=90.1
Epoch 1973/5000: score=19.337423 loss=-0.315146 valid=1.0000 routes=16.700 grad=2.5687 seconds=94.2
Epoch 1974/5000: score=19.287318 loss=-0.314238 valid=1.0000 routes=17.766 grad=2.6374 seconds=95.9
Epoch 1975/5000: score=18.153616 loss=-0.299794 valid=1.0000 routes=16.534 grad=2.3228 seconds=90.5
Epoch 1976/5000: score=19.639242 loss=-0.324115 valid=1.0000 routes=16.858 grad=2.7262 seconds=96.1
Epoch 1977/5000: score=20.204196 loss=-0.321606 valid=1.0000 routes=18.428 grad=2.7973 seconds=94.7
Epoch 1978/5000: score=19.610495 loss=-0.318899 valid=1.0000 routes=18.357 grad=2.7498 seconds=90.1
Epoch 1979/5000: score=18.131894 loss=-0.316295 valid=1.0000 routes=16.102 grad=2.3850 seconds=95.1
Epoch 1980/5000: score=19.615143 loss=-0.320497 valid=1.0000 routes=17.159 grad=2.7570 seconds=92.1
Epoch 1981/5000: score=19.086660 loss=-0.303416 valid=1.0000 routes=17.803 grad=2.5716 seconds=91.8
Epoch 1982/5000: score=18.226235 loss=-0.304128 valid=1.0000 routes=15.448 grad=2.3441 seconds=94.7
Epoch 1983/5000: score=18.926686 loss=-0.304015 valid=1.0000 routes=17.301 grad=2.4930 seconds=91.9
Epoch 1984/5000: score=19.634352 loss=-0.318982 valid=1.0000 routes=17.373 grad=2.7118 seconds=94.5
Epoch 1985/5000: score=18.406047 loss=-0.309024 valid=1.0000 routes=16.469 grad=2.4304 seconds=96.3
Epoch 1986/5000: score=19.136796 loss=-0.313693 valid=1.0000 routes=17.012 grad=2.5729 seconds=91.1
Epoch 1987/5000: score=18.978959 loss=-0.301808 valid=1.0000 routes=17.427 grad=2.5083 seconds=94.0
Epoch 1988/5000: score=18.703940 loss=-0.300914 valid=1.0000 routes=16.258 grad=2.3976 seconds=95.5
Epoch 1989/5000: score=18.528392 loss=-0.295972 valid=1.0000 routes=16.898 grad=2.4091 seconds=90.3
>> Invalid instances, Re-generating ...
Epoch 1990/5000: score=18.360826 loss=-0.297050 valid=1.0000 routes=15.823 grad=2.2550 seconds=93.9
Epoch 1991/5000: score=19.618769 loss=-0.322199 valid=1.0000 routes=16.801 grad=2.7012 seconds=94.4
Epoch 1992/5000: score=19.648426 loss=-0.303120 valid=1.0000 routes=17.640 grad=2.6716 seconds=90.7
Epoch 1993/5000: score=18.665519 loss=-0.314453 valid=1.0000 routes=16.510 grad=2.4240 seconds=95.5
Epoch 1994/5000: score=18.409354 loss=-0.310496 valid=1.0000 routes=17.772 grad=2.4796 seconds=93.5
Epoch 1995/5000: score=18.734249 loss=-0.313376 valid=1.0000 routes=16.022 grad=2.4940 seconds=90.3
Epoch 1996/5000: score=17.983344 loss=-0.307411 valid=1.0000 routes=16.013 grad=2.3469 seconds=95.3
Epoch 1997/5000: score=19.421831 loss=-0.300558 valid=1.0000 routes=17.598 grad=2.5859 seconds=90.7
Epoch 1998/5000: score=18.566979 loss=-0.300874 valid=1.0000 routes=15.866 grad=2.4470 seconds=91.5
Epoch 1999/5000: score=18.805006 loss=-0.305490 valid=1.0000 routes=16.776 grad=2.5186 seconds=95.6
Epoch 2000/5000: score=18.991786 loss=-0.318062 valid=1.0000 routes=16.942 grad=2.5865 seconds=90.8
Epoch 2001/5000: score=19.289403 loss=-0.297939 valid=1.0000 routes=17.725 grad=2.6047 seconds=93.1
Epoch 2002/5000: score=18.709455 loss=-0.297269 valid=1.0000 routes=16.623 grad=2.3962 seconds=95.1
Epoch 2003/5000: score=18.815416 loss=-0.312591 valid=1.0000 routes=16.854 grad=2.5490 seconds=91.1
Epoch 2004/5000: score=18.376593 loss=-0.301968 valid=1.0000 routes=17.260 grad=2.4361 seconds=95.2
Epoch 2005/5000: score=18.954955 loss=-0.305103 valid=1.0000 routes=16.481 grad=2.4857 seconds=96.3
Epoch 2006/5000: score=19.572937 loss=-0.311362 valid=1.0000 routes=17.406 grad=2.6285 seconds=90.5
Epoch 2007/5000: score=17.884496 loss=-0.291767 valid=1.0000 routes=16.294 grad=2.2283 seconds=93.7
Epoch 2008/5000: score=19.030814 loss=-0.313494 valid=1.0000 routes=16.888 grad=2.5017 seconds=91.8
Epoch 2009/5000: score=20.278780 loss=-0.300529 valid=1.0000 routes=18.562 grad=2.8527 seconds=91.4
Epoch 2010/5000: score=20.123432 loss=-0.314365 valid=1.0000 routes=18.678 grad=2.7721 seconds=95.4
Epoch 2011/5000: score=17.918163 loss=-0.310570 valid=1.0000 routes=15.080 grad=2.2385 seconds=89.8
Epoch 2012/5000: score=18.888065 loss=-0.301444 valid=1.0000 routes=16.043 grad=2.5034 seconds=92.0
>> Invalid instances, Re-generating ...
Epoch 2013/5000: score=18.066692 loss=-0.300063 valid=1.0000 routes=15.849 grad=2.2319 seconds=95.4
Epoch 2014/5000: score=19.446484 loss=-0.322407 valid=1.0000 routes=17.048 grad=2.6678 seconds=91.3
Epoch 2015/5000: score=18.403391 loss=-0.311686 valid=1.0000 routes=16.000 grad=2.4147 seconds=94.6
Epoch 2016/5000: score=18.044253 loss=-0.302525 valid=1.0000 routes=15.700 grad=2.2802 seconds=93.7
Epoch 2017/5000: score=18.667486 loss=-0.303495 valid=1.0000 routes=17.251 grad=2.5035 seconds=89.9
Epoch 2018/5000: score=19.441421 loss=-0.302872 valid=1.0000 routes=17.339 grad=2.6389 seconds=95.3
Epoch 2019/5000: score=19.423060 loss=-0.309161 valid=1.0000 routes=17.090 grad=2.7040 seconds=93.8
Epoch 2020/5000: score=18.633043 loss=-0.311785 valid=1.0000 routes=16.314 grad=2.4969 seconds=90.4
Epoch 2021/5000: score=19.784808 loss=-0.307617 valid=1.0000 routes=17.364 grad=2.7023 seconds=95.5
Epoch 2022/5000: score=18.538137 loss=-0.298633 valid=1.0000 routes=16.519 grad=2.4699 seconds=93.3
Epoch 2023/5000: score=17.966722 loss=-0.308989 valid=1.0000 routes=15.514 grad=2.3758 seconds=94.1
Epoch 2024/5000: score=19.392557 loss=-0.310231 valid=1.0000 routes=17.206 grad=2.6265 seconds=95.2
Epoch 2025/5000: score=18.433214 loss=-0.298557 valid=1.0000 routes=16.574 grad=2.4136 seconds=90.8
Epoch 2026/5000: score=18.396258 loss=-0.295075 valid=1.0000 routes=16.067 grad=2.3794 seconds=92.4
Epoch 2027/5000: score=18.076716 loss=-0.297912 valid=1.0000 routes=15.305 grad=2.2796 seconds=94.1
Epoch 2028/5000: score=18.144140 loss=-0.303220 valid=1.0000 routes=15.879 grad=2.3667 seconds=92.1
Epoch 2029/5000: score=19.067871 loss=-0.292813 valid=1.0000 routes=16.472 grad=2.4189 seconds=95.3
Epoch 2030/5000: score=18.374739 loss=-0.304367 valid=1.0000 routes=16.641 grad=2.4224 seconds=92.6
Epoch 2031/5000: score=19.404242 loss=-0.302577 valid=1.0000 routes=16.880 grad=2.5534 seconds=92.7
Epoch 2032/5000: score=18.387838 loss=-0.305027 valid=1.0000 routes=16.292 grad=2.3951 seconds=95.8
Epoch 2033/5000: score=18.702217 loss=-0.302537 valid=1.0000 routes=16.511 grad=2.4751 seconds=89.3
Epoch 2034/5000: score=18.364787 loss=-0.303235 valid=1.0000 routes=16.015 grad=2.4066 seconds=95.2
Epoch 2035/5000: score=18.741945 loss=-0.302346 valid=1.0000 routes=17.445 grad=2.5270 seconds=94.3
Epoch 2036/5000: score=18.737761 loss=-0.303280 valid=1.0000 routes=16.847 grad=2.4724 seconds=91.7
Epoch 2037/5000: score=18.586748 loss=-0.308818 valid=1.0000 routes=16.395 grad=2.4690 seconds=97.1
Epoch 2038/5000: score=19.575809 loss=-0.309107 valid=1.0000 routes=17.171 grad=2.6058 seconds=92.1
Epoch 2039/5000: score=19.789337 loss=-0.300559 valid=1.0000 routes=18.294 grad=2.7248 seconds=90.6
Epoch 2040/5000: score=18.268091 loss=-0.302336 valid=1.0000 routes=16.009 grad=2.3388 seconds=94.9
Epoch 2041/5000: score=18.647894 loss=-0.291168 valid=1.0000 routes=17.366 grad=2.4070 seconds=90.7
Epoch 2042/5000: score=19.821305 loss=-0.308650 valid=1.0000 routes=17.484 grad=2.7288 seconds=94.5
Epoch 2043/5000: score=18.458926 loss=-0.300429 valid=1.0000 routes=15.969 grad=2.3627 seconds=95.4
Epoch 2044/5000: score=19.662958 loss=-0.302342 valid=1.0000 routes=17.300 grad=2.6444 seconds=89.8
Epoch 2045/5000: score=18.733515 loss=-0.312331 valid=1.0000 routes=16.377 grad=2.5369 seconds=95.8
Epoch 2046/5000: score=18.147147 loss=-0.306535 valid=1.0000 routes=16.027 grad=2.3555 seconds=93.8
Epoch 2047/5000: score=18.366964 loss=-0.301085 valid=1.0000 routes=16.830 grad=2.3301 seconds=93.5
>> Invalid instances, Re-generating ...
Epoch 2048/5000: score=17.889528 loss=-0.302012 valid=1.0000 routes=15.701 grad=2.2253 seconds=95.8
Epoch 2049/5000: score=18.069226 loss=-0.297220 valid=1.0000 routes=16.591 grad=2.3099 seconds=90.9
Epoch 2050/5000: score=18.363587 loss=-0.314273 valid=1.0000 routes=16.124 grad=2.3807 seconds=92.4
Epoch 2051/5000: score=19.717593 loss=-0.301502 valid=1.0000 routes=17.963 grad=2.6908 seconds=93.4
Epoch 2052/5000: score=19.506321 loss=-0.323858 valid=1.0000 routes=16.830 grad=2.7287 seconds=90.6
Epoch 2053/5000: score=19.103209 loss=-0.310933 valid=1.0000 routes=16.419 grad=2.5123 seconds=96.1
Epoch 2054/5000: score=18.291559 loss=-0.299603 valid=1.0000 routes=16.238 grad=2.3306 seconds=92.8
Epoch 2055/5000: score=19.691547 loss=-0.302577 valid=1.0000 routes=18.045 grad=2.7015 seconds=92.8
Epoch 2056/5000: score=18.977700 loss=-0.315422 valid=1.0000 routes=16.300 grad=2.5058 seconds=96.3
Epoch 2057/5000: score=19.592440 loss=-0.316526 valid=1.0000 routes=17.189 grad=2.6483 seconds=91.9
Epoch 2058/5000: score=19.208808 loss=-0.311911 valid=1.0000 routes=17.445 grad=2.5499 seconds=94.1
Epoch 2059/5000: score=18.871819 loss=-0.310204 valid=1.0000 routes=16.436 grad=2.5131 seconds=95.8
Epoch 2060/5000: score=19.407067 loss=-0.303922 valid=1.0000 routes=17.011 grad=2.6149 seconds=89.1
Epoch 2061/5000: score=19.390586 loss=-0.307947 valid=1.0000 routes=17.106 grad=2.6200 seconds=94.2
Epoch 2062/5000: score=18.763458 loss=-0.303474 valid=1.0000 routes=16.503 grad=2.4282 seconds=91.3
Epoch 2063/5000: score=19.056254 loss=-0.299504 valid=1.0000 routes=16.448 grad=2.4689 seconds=92.9
Epoch 2064/5000: score=18.989974 loss=-0.297157 valid=1.0000 routes=17.503 grad=2.4881 seconds=94.9
Epoch 2065/5000: score=18.582922 loss=-0.307299 valid=1.0000 routes=17.057 grad=2.4047 seconds=91.4
>> Invalid instances, Re-generating ...
Epoch 2066/5000: score=18.665680 loss=-0.311205 valid=1.0000 routes=16.191 grad=2.4494 seconds=95.4
Epoch 2067/5000: score=19.519682 loss=-0.310428 valid=1.0000 routes=17.534 grad=2.6886 seconds=95.4
Epoch 2068/5000: score=18.185621 loss=-0.299459 valid=1.0000 routes=16.264 grad=2.3563 seconds=89.9
Epoch 2069/5000: score=19.674205 loss=-0.304078 valid=1.0000 routes=17.796 grad=2.6162 seconds=95.2
Epoch 2070/5000: score=19.363980 loss=-0.315660 valid=1.0000 routes=17.070 grad=2.6097 seconds=93.9
Epoch 2071/5000: score=18.350003 loss=-0.293758 valid=1.0000 routes=16.304 grad=2.3255 seconds=91.2
Epoch 2072/5000: score=20.007735 loss=-0.306679 valid=1.0000 routes=18.839 grad=2.8129 seconds=95.4
Epoch 2073/5000: score=18.612373 loss=-0.293568 valid=1.0000 routes=16.422 grad=2.3767 seconds=91.5
Epoch 2074/5000: score=19.494617 loss=-0.299645 valid=1.0000 routes=17.925 grad=2.6045 seconds=94.1
Epoch 2075/5000: score=17.480127 loss=-0.291801 valid=1.0000 routes=15.810 grad=2.1720 seconds=96.0
Epoch 2076/5000: score=18.943538 loss=-0.317162 valid=1.0000 routes=16.723 grad=2.4741 seconds=88.8
Epoch 2077/5000: score=19.207334 loss=-0.315586 valid=1.0000 routes=16.764 grad=2.6409 seconds=97.1
Epoch 2078/5000: score=19.596079 loss=-0.304809 valid=1.0000 routes=17.129 grad=2.5737 seconds=92.8
Epoch 2079/5000: score=19.803107 loss=-0.316433 valid=1.0000 routes=18.102 grad=2.7531 seconds=93.4
Epoch 2080/5000: score=19.967510 loss=-0.326871 valid=1.0000 routes=17.634 grad=2.7332 seconds=97.0
Epoch 2081/5000: score=18.334335 loss=-0.297983 valid=1.0000 routes=17.030 grad=2.4000 seconds=89.0
Epoch 2082/5000: score=19.370988 loss=-0.316905 valid=1.0000 routes=17.182 grad=2.6846 seconds=93.0
Epoch 2083/5000: score=19.360126 loss=-0.296565 valid=1.0000 routes=17.275 grad=2.6074 seconds=91.5
Epoch 2084/5000: score=18.360574 loss=-0.301645 valid=1.0000 routes=16.906 grad=2.3894 seconds=91.8
Epoch 2085/5000: score=18.937861 loss=-0.304542 valid=1.0000 routes=16.693 grad=2.5373 seconds=96.6
Epoch 2086/5000: score=19.262387 loss=-0.310307 valid=1.0000 routes=17.107 grad=2.5704 seconds=90.7
Epoch 2087/5000: score=19.582370 loss=-0.299821 valid=1.0000 routes=17.834 grad=2.6709 seconds=94.0
Epoch 2088/5000: score=18.378549 loss=-0.296169 valid=1.0000 routes=16.103 grad=2.3668 seconds=94.3
Epoch 2089/5000: score=18.901936 loss=-0.309034 valid=1.0000 routes=16.432 grad=2.5181 seconds=93.3
Epoch 2090/5000: score=18.466925 loss=-0.308436 valid=1.0000 routes=15.868 grad=2.3892 seconds=95.3
Epoch 2091/5000: score=19.629352 loss=-0.315935 valid=1.0000 routes=17.567 grad=2.6916 seconds=90.0
Epoch 2092/5000: score=19.835882 loss=-0.311864 valid=1.0000 routes=18.135 grad=2.7551 seconds=95.7
Epoch 2093/5000: score=19.138742 loss=-0.327419 valid=1.0000 routes=16.588 grad=2.6119 seconds=96.0
Epoch 2094/5000: score=19.013028 loss=-0.312359 valid=1.0000 routes=16.615 grad=2.5682 seconds=90.5
Epoch 2095/5000: score=18.080659 loss=-0.320221 valid=1.0000 routes=15.878 grad=2.3887 seconds=97.2
Epoch 2096/5000: score=19.348144 loss=-0.310827 valid=1.0000 routes=16.610 grad=2.5566 seconds=92.0
Epoch 2097/5000: score=17.849148 loss=-0.306326 valid=1.0000 routes=15.713 grad=2.3142 seconds=95.4
Epoch 2098/5000: score=18.948179 loss=-0.286840 valid=1.0000 routes=16.818 grad=2.4534 seconds=95.6
Epoch 2099/5000: score=19.162516 loss=-0.299155 valid=1.0000 routes=17.626 grad=2.5542 seconds=89.3
Epoch 2100/5000: score=18.584665 loss=-0.308134 valid=1.0000 routes=16.731 grad=2.4950 seconds=95.6
Epoch 2101/5000: score=19.437137 loss=-0.309031 valid=1.0000 routes=17.313 grad=2.6400 seconds=91.2
Epoch 2102/5000: score=20.170416 loss=-0.304023 valid=1.0000 routes=19.334 grad=2.8265 seconds=93.0
Epoch 2103/5000: score=18.539615 loss=-0.296351 valid=1.0000 routes=15.999 grad=2.3606 seconds=93.8
Epoch 2104/5000: score=19.743803 loss=-0.308542 valid=1.0000 routes=17.568 grad=2.6417 seconds=90.1
Epoch 2105/5000: score=17.928826 loss=-0.289691 valid=1.0000 routes=15.639 grad=2.2344 seconds=95.3
Epoch 2106/5000: score=18.867382 loss=-0.302013 valid=1.0000 routes=17.175 grad=2.5229 seconds=93.7
Epoch 2107/5000: score=18.574312 loss=-0.312069 valid=1.0000 routes=16.872 grad=2.4322 seconds=93.7
Epoch 2108/5000: score=18.726266 loss=-0.320369 valid=1.0000 routes=16.606 grad=2.5028 seconds=97.8
Epoch 2109/5000: score=19.065434 loss=-0.313685 valid=1.0000 routes=17.103 grad=2.5764 seconds=90.2
Epoch 2110/5000: score=19.513313 loss=-0.317266 valid=1.0000 routes=17.063 grad=2.6488 seconds=93.6
Epoch 2111/5000: score=18.442533 loss=-0.287397 valid=1.0000 routes=15.923 grad=2.2963 seconds=95.2
Epoch 2112/5000: score=19.647466 loss=-0.318950 valid=1.0000 routes=16.989 grad=2.6853 seconds=93.8
Epoch 2113/5000: score=19.205073 loss=-0.299116 valid=1.0000 routes=17.833 grad=2.6274 seconds=96.0
Epoch 2114/5000: score=18.567624 loss=-0.291595 valid=1.0000 routes=16.967 grad=2.3733 seconds=91.5
Epoch 2115/5000: score=19.231710 loss=-0.292852 valid=1.0000 routes=17.047 grad=2.5243 seconds=92.9
Epoch 2116/5000: score=19.769753 loss=-0.315851 valid=1.0000 routes=18.161 grad=2.8050 seconds=96.7
Epoch 2117/5000: score=19.330830 loss=-0.307943 valid=1.0000 routes=17.173 grad=2.5815 seconds=90.8
Epoch 2118/5000: score=20.462013 loss=-0.303823 valid=1.0000 routes=18.676 grad=2.8172 seconds=95.8
Epoch 2119/5000: score=18.579298 loss=-0.294632 valid=1.0000 routes=16.689 grad=2.3678 seconds=94.8
Epoch 2120/5000: score=19.119064 loss=-0.297856 valid=1.0000 routes=16.845 grad=2.4479 seconds=91.6
Epoch 2121/5000: score=18.740141 loss=-0.290614 valid=1.0000 routes=17.065 grad=2.4869 seconds=94.6
Epoch 2122/5000: score=19.464461 loss=-0.313439 valid=1.0000 routes=17.149 grad=2.6493 seconds=92.3
Epoch 2123/5000: score=19.441274 loss=-0.298457 valid=1.0000 routes=17.000 grad=2.5522 seconds=96.6
Epoch 2124/5000: score=19.548809 loss=-0.302543 valid=1.0000 routes=17.730 grad=2.6772 seconds=93.4
Epoch 2125/5000: score=20.179922 loss=-0.307509 valid=1.0000 routes=18.641 grad=2.7707 seconds=92.2
Epoch 2126/5000: score=17.356943 loss=-0.292979 valid=1.0000 routes=15.568 grad=2.1430 seconds=97.0
Epoch 2127/5000: score=18.855097 loss=-0.299812 valid=1.0000 routes=16.318 grad=2.4408 seconds=90.9
Epoch 2128/5000: score=18.892982 loss=-0.294232 valid=1.0000 routes=16.789 grad=2.4532 seconds=95.9
Epoch 2129/5000: score=20.029466 loss=-0.294737 valid=1.0000 routes=17.612 grad=2.7195 seconds=94.2
Epoch 2130/5000: score=18.619745 loss=-0.293026 valid=1.0000 routes=17.823 grad=2.4480 seconds=91.4
Epoch 2131/5000: score=18.006439 loss=-0.302587 valid=1.0000 routes=15.994 grad=2.3668 seconds=96.7
Epoch 2132/5000: score=18.672179 loss=-0.302459 valid=1.0000 routes=16.736 grad=2.4604 seconds=92.0
Epoch 2133/5000: score=19.333930 loss=-0.300975 valid=1.0000 routes=17.609 grad=2.6137 seconds=92.3
Epoch 2134/5000: score=18.069988 loss=-0.293204 valid=1.0000 routes=15.916 grad=2.2527 seconds=94.6
Epoch 2135/5000: score=17.641352 loss=-0.293393 valid=1.0000 routes=15.636 grad=2.1972 seconds=90.0
Epoch 2136/5000: score=19.613003 loss=-0.299597 valid=1.0000 routes=17.916 grad=2.6049 seconds=94.1
Epoch 2137/5000: score=18.944530 loss=-0.296774 valid=1.0000 routes=17.259 grad=2.5022 seconds=92.8
Epoch 2138/5000: score=19.024378 loss=-0.296320 valid=1.0000 routes=16.275 grad=2.4778 seconds=94.3
Epoch 2139/5000: score=18.805323 loss=-0.302410 valid=1.0000 routes=17.642 grad=2.5054 seconds=95.0
Epoch 2140/5000: score=18.855611 loss=-0.302938 valid=1.0000 routes=16.742 grad=2.5076 seconds=90.1
Epoch 2141/5000: score=18.647748 loss=-0.298348 valid=1.0000 routes=16.739 grad=2.5046 seconds=97.1
Epoch 2142/5000: score=17.985699 loss=-0.295071 valid=1.0000 routes=15.451 grad=2.2259 seconds=94.3
Epoch 2143/5000: score=18.156008 loss=-0.297889 valid=1.0000 routes=16.697 grad=2.3166 seconds=94.3
Epoch 2144/5000: score=19.310107 loss=-0.295015 valid=1.0000 routes=17.007 grad=2.4850 seconds=95.1
Epoch 2145/5000: score=18.523950 loss=-0.290639 valid=1.0000 routes=17.472 grad=2.4102 seconds=91.0
Epoch 2146/5000: score=18.526083 loss=-0.308562 valid=1.0000 routes=16.429 grad=2.4431 seconds=95.3
Epoch 2147/5000: score=20.324027 loss=-0.306874 valid=1.0000 routes=18.507 grad=2.7936 seconds=94.0
Epoch 2148/5000: score=18.343191 loss=-0.303233 valid=1.0000 routes=16.578 grad=2.4011 seconds=91.9
>> Invalid instances, Re-generating ...
Epoch 2149/5000: score=19.618623 loss=-0.305989 valid=1.0000 routes=17.162 grad=2.6595 seconds=97.4
Epoch 2150/5000: score=19.100828 loss=-0.307665 valid=1.0000 routes=16.793 grad=2.4752 seconds=91.4
Epoch 2151/5000: score=18.223753 loss=-0.308465 valid=1.0000 routes=16.590 grad=2.4000 seconds=94.2
Epoch 2152/5000: score=19.024378 loss=-0.292680 valid=1.0000 routes=17.612 grad=2.5602 seconds=94.9
Epoch 2153/5000: score=18.148926 loss=-0.294513 valid=1.0000 routes=16.140 grad=2.2612 seconds=90.6
Epoch 2154/5000: score=18.651288 loss=-0.295825 valid=1.0000 routes=16.551 grad=2.4162 seconds=97.5
Epoch 2155/5000: score=18.241364 loss=-0.303698 valid=1.0000 routes=16.570 grad=2.3943 seconds=92.0
Epoch 2156/5000: score=18.577233 loss=-0.300280 valid=1.0000 routes=17.050 grad=2.4360 seconds=90.6
Epoch 2157/5000: score=18.930052 loss=-0.303359 valid=1.0000 routes=16.053 grad=2.4296 seconds=96.3
Epoch 2158/5000: score=18.582742 loss=-0.299501 valid=1.0000 routes=16.341 grad=2.4032 seconds=89.7
Epoch 2159/5000: score=19.201809 loss=-0.306634 valid=1.0000 routes=17.196 grad=2.5757 seconds=97.5
Epoch 2160/5000: score=18.331991 loss=-0.306890 valid=1.0000 routes=16.531 grad=2.4241 seconds=93.8
Epoch 2161/5000: score=19.661000 loss=-0.321910 valid=1.0000 routes=17.057 grad=2.6461 seconds=92.8
Epoch 2162/5000: score=18.730664 loss=-0.287811 valid=1.0000 routes=17.257 grad=2.4234 seconds=94.7
Epoch 2163/5000: score=19.007166 loss=-0.302633 valid=1.0000 routes=17.039 grad=2.5123 seconds=89.2
Epoch 2164/5000: score=18.190584 loss=-0.294566 valid=1.0000 routes=17.009 grad=2.3776 seconds=94.4
Epoch 2165/5000: score=17.524866 loss=-0.296262 valid=1.0000 routes=15.564 grad=2.2229 seconds=92.3
Epoch 2166/5000: score=17.997423 loss=-0.307618 valid=1.0000 routes=15.445 grad=2.2578 seconds=92.3
Epoch 2167/5000: score=19.010043 loss=-0.326166 valid=1.0000 routes=16.187 grad=2.5830 seconds=96.3
Epoch 2168/5000: score=18.307132 loss=-0.308471 valid=1.0000 routes=15.310 grad=2.3015 seconds=90.8
Epoch 2169/5000: score=18.959998 loss=-0.298074 valid=1.0000 routes=17.198 grad=2.5552 seconds=96.6
Epoch 2170/5000: score=18.554318 loss=-0.310811 valid=1.0000 routes=15.485 grad=2.3444 seconds=94.5
Epoch 2171/5000: score=19.631905 loss=-0.298902 valid=1.0000 routes=17.533 grad=2.6374 seconds=91.9
Epoch 2172/5000: score=19.826203 loss=-0.301543 valid=1.0000 routes=18.438 grad=2.7127 seconds=96.2
Epoch 2173/5000: score=19.167467 loss=-0.288875 valid=1.0000 routes=17.345 grad=2.5095 seconds=91.3
Epoch 2174/5000: score=19.605853 loss=-0.285389 valid=1.0000 routes=17.735 grad=2.6214 seconds=93.2
Epoch 2175/5000: score=19.871956 loss=-0.312722 valid=1.0000 routes=18.789 grad=2.7465 seconds=94.7
Epoch 2176/5000: score=19.482347 loss=-0.310397 valid=1.0000 routes=16.982 grad=2.6372 seconds=92.8
Epoch 2177/5000: score=20.317596 loss=-0.303202 valid=1.0000 routes=17.853 grad=2.7365 seconds=98.0
Epoch 2178/5000: score=18.803332 loss=-0.299660 valid=1.0000 routes=17.230 grad=2.5157 seconds=94.0
Epoch 2179/5000: score=19.050119 loss=-0.308960 valid=1.0000 routes=17.066 grad=2.6035 seconds=93.2
Epoch 2180/5000: score=19.359974 loss=-0.306453 valid=1.0000 routes=17.469 grad=2.5701 seconds=95.5
Epoch 2181/5000: score=19.062019 loss=-0.287547 valid=1.0000 routes=17.375 grad=2.4383 seconds=90.4
Epoch 2182/5000: score=18.164028 loss=-0.290533 valid=1.0000 routes=15.573 grad=2.2890 seconds=95.5
Epoch 2183/5000: score=19.155327 loss=-0.300177 valid=1.0000 routes=16.849 grad=2.6155 seconds=95.1
Epoch 2184/5000: score=19.028557 loss=-0.304430 valid=1.0000 routes=16.886 grad=2.5536 seconds=91.6
Epoch 2185/5000: score=18.913011 loss=-0.299289 valid=1.0000 routes=16.957 grad=2.5379 seconds=97.0
Epoch 2186/5000: score=18.507259 loss=-0.295417 valid=1.0000 routes=16.268 grad=2.4405 seconds=92.0
Epoch 2187/5000: score=18.853822 loss=-0.307828 valid=1.0000 routes=16.840 grad=2.5571 seconds=93.5
Epoch 2188/5000: score=18.734045 loss=-0.303374 valid=1.0000 routes=16.774 grad=2.4792 seconds=95.8
Epoch 2189/5000: score=20.143973 loss=-0.315339 valid=1.0000 routes=17.768 grad=2.8289 seconds=90.9
Epoch 2190/5000: score=20.207926 loss=-0.308179 valid=1.0000 routes=18.529 grad=2.8149 seconds=93.6
Epoch 2191/5000: score=19.017471 loss=-0.295740 valid=1.0000 routes=17.050 grad=2.4897 seconds=94.6
Epoch 2192/5000: score=20.132507 loss=-0.301161 valid=1.0000 routes=17.910 grad=2.6692 seconds=92.3
Epoch 2193/5000: score=18.467722 loss=-0.273781 valid=1.0000 routes=17.070 grad=2.3410 seconds=94.3
Epoch 2194/5000: score=18.891894 loss=-0.299605 valid=1.0000 routes=17.226 grad=2.5048 seconds=93.2
Epoch 2195/5000: score=18.975762 loss=-0.288314 valid=1.0000 routes=17.350 grad=2.4670 seconds=99.8
Epoch 2196/5000: score=18.657286 loss=-0.304957 valid=1.0000 routes=15.535 grad=2.4504 seconds=94.8
Epoch 2197/5000: score=19.053739 loss=-0.292898 valid=1.0000 routes=17.692 grad=2.5593 seconds=95.1
Epoch 2198/5000: score=18.845573 loss=-0.303881 valid=1.0000 routes=16.799 grad=2.4587 seconds=103.3
Epoch 2199/5000: score=19.096022 loss=-0.303463 valid=1.0000 routes=17.110 grad=2.5785 seconds=99.0
Epoch 2200/5000: score=19.700243 loss=-0.305889 valid=1.0000 routes=17.825 grad=2.6637 seconds=90.9
Epoch 2201/5000: score=20.021922 loss=-0.303628 valid=1.0000 routes=17.545 grad=2.7114 seconds=94.3
Epoch 2202/5000: score=17.965446 loss=-0.290577 valid=1.0000 routes=16.505 grad=2.3163 seconds=95.1
Epoch 2203/5000: score=19.330834 loss=-0.303311 valid=1.0000 routes=17.582 grad=2.5727 seconds=96.3
Epoch 2204/5000: score=18.396793 loss=-0.306556 valid=1.0000 routes=16.427 grad=2.4085 seconds=91.7
Epoch 2205/5000: score=17.699418 loss=-0.298834 valid=1.0000 routes=15.734 grad=2.2498 seconds=95.2
Epoch 2206/5000: score=19.702987 loss=-0.303548 valid=1.0000 routes=17.532 grad=2.6400 seconds=101.9
Epoch 2207/5000: score=18.933775 loss=-0.309308 valid=1.0000 routes=16.912 grad=2.5098 seconds=101.2
Epoch 2208/5000: score=19.065742 loss=-0.303377 valid=1.0000 routes=16.577 grad=2.5134 seconds=96.8
Epoch 2209/5000: score=18.328920 loss=-0.291263 valid=1.0000 routes=16.619 grad=2.3250 seconds=97.6
Epoch 2210/5000: score=18.711271 loss=-0.289383 valid=1.0000 routes=17.232 grad=2.5024 seconds=100.9
Epoch 2211/5000: score=20.123198 loss=-0.308477 valid=1.0000 routes=17.857 grad=2.7187 seconds=102.3
Epoch 2212/5000: score=18.086835 loss=-0.302148 valid=1.0000 routes=16.148 grad=2.3509 seconds=97.1
Epoch 2213/5000: score=19.547700 loss=-0.303129 valid=1.0000 routes=17.693 grad=2.6226 seconds=95.3
Epoch 2214/5000: score=18.285561 loss=-0.302527 valid=1.0000 routes=17.092 grad=2.3668 seconds=102.8
>> Invalid instances, Re-generating ...
Epoch 2215/5000: score=19.790310 loss=-0.306764 valid=1.0000 routes=17.733 grad=2.6761 seconds=98.8
Epoch 2216/5000: score=19.087980 loss=-0.294960 valid=1.0000 routes=16.246 grad=2.4460 seconds=95.1
Epoch 2217/5000: score=19.358706 loss=-0.304159 valid=1.0000 routes=17.669 grad=2.6128 seconds=97.1
Epoch 2218/5000: score=18.221853 loss=-0.300098 valid=1.0000 routes=16.964 grad=2.3351 seconds=95.2
Epoch 2219/5000: score=19.203655 loss=-0.300595 valid=1.0000 routes=17.570 grad=2.5143 seconds=101.6
Epoch 2220/5000: score=19.180414 loss=-0.314474 valid=1.0000 routes=17.592 grad=2.6543 seconds=100.2
Epoch 2221/5000: score=18.914059 loss=-0.309858 valid=1.0000 routes=16.448 grad=2.5132 seconds=94.0
Epoch 2222/5000: score=18.146291 loss=-0.288742 valid=1.0000 routes=16.727 grad=2.3277 seconds=99.6
Epoch 2223/5000: score=18.617846 loss=-0.295436 valid=1.0000 routes=16.355 grad=2.4210 seconds=100.3
Epoch 2224/5000: score=18.597120 loss=-0.300230 valid=1.0000 routes=16.989 grad=2.4478 seconds=95.4
Epoch 2225/5000: score=19.077194 loss=-0.302971 valid=1.0000 routes=16.821 grad=2.5014 seconds=98.0
Epoch 2226/5000: score=19.443833 loss=-0.304509 valid=1.0000 routes=17.293 grad=2.5670 seconds=100.7
Epoch 2227/5000: score=19.674616 loss=-0.304538 valid=1.0000 routes=18.098 grad=2.6757 seconds=99.8
Epoch 2228/5000: score=18.850483 loss=-0.310599 valid=1.0000 routes=17.470 grad=2.5175 seconds=100.1
Epoch 2229/5000: score=18.662589 loss=-0.302648 valid=1.0000 routes=17.097 grad=2.4296 seconds=100.0
Epoch 2230/5000: score=18.989372 loss=-0.289012 valid=1.0000 routes=17.471 grad=2.5084 seconds=100.7
Epoch 2231/5000: score=18.295424 loss=-0.308905 valid=1.0000 routes=16.235 grad=2.3874 seconds=102.4
Epoch 2232/5000: score=18.803618 loss=-0.296032 valid=1.0000 routes=16.516 grad=2.4496 seconds=100.7
Epoch 2233/5000: score=18.505672 loss=-0.287491 valid=1.0000 routes=17.094 grad=2.3635 seconds=99.2
Epoch 2234/5000: score=18.611140 loss=-0.299283 valid=1.0000 routes=16.967 grad=2.4198 seconds=94.2
Epoch 2235/5000: score=18.109725 loss=-0.303020 valid=1.0000 routes=16.121 grad=2.3064 seconds=96.0
Epoch 2236/5000: score=18.345068 loss=-0.285113 valid=1.0000 routes=16.428 grad=2.2941 seconds=93.3
>> Invalid instances, Re-generating ...
Epoch 2237/5000: score=18.959182 loss=-0.310660 valid=1.0000 routes=16.441 grad=2.5249 seconds=96.1
Epoch 2238/5000: score=18.619605 loss=-0.297829 valid=1.0000 routes=16.738 grad=2.3963 seconds=96.9
Epoch 2239/5000: score=19.232887 loss=-0.305992 valid=1.0000 routes=16.913 grad=2.5428 seconds=90.1
Epoch 2240/5000: score=18.432718 loss=-0.293503 valid=1.0000 routes=16.968 grad=2.3621 seconds=95.4
Epoch 2241/5000: score=18.464649 loss=-0.289161 valid=1.0000 routes=16.618 grad=2.3361 seconds=92.7
Epoch 2242/5000: score=18.774895 loss=-0.294832 valid=1.0000 routes=17.653 grad=2.4831 seconds=89.7
Epoch 2243/5000: score=19.730168 loss=-0.309376 valid=1.0000 routes=17.917 grad=2.6737 seconds=95.7
Epoch 2244/5000: score=19.457462 loss=-0.304929 valid=1.0000 routes=16.643 grad=2.5019 seconds=95.4
Epoch 2245/5000: score=19.387564 loss=-0.298891 valid=1.0000 routes=17.225 grad=2.5342 seconds=93.5
Epoch 2246/5000: score=19.013707 loss=-0.298977 valid=1.0000 routes=17.558 grad=2.5487 seconds=95.2
Epoch 2247/5000: score=18.643014 loss=-0.304032 valid=1.0000 routes=17.155 grad=2.4584 seconds=96.6
Epoch 2248/5000: score=18.346814 loss=-0.303346 valid=1.0000 routes=16.472 grad=2.4452 seconds=92.4
>> Invalid instances, Re-generating ...
Epoch 2249/5000: score=19.330507 loss=-0.299952 valid=1.0000 routes=17.800 grad=2.5772 seconds=90.3
Epoch 2250/5000: score=18.666383 loss=-0.308436 valid=1.0000 routes=16.366 grad=2.4245 seconds=88.1
Epoch 2251/5000: score=18.869769 loss=-0.294651 valid=1.0000 routes=16.202 grad=2.4326 seconds=92.2
Epoch 2252/5000: score=19.443067 loss=-0.300094 valid=1.0000 routes=16.720 grad=2.5176 seconds=92.9
Epoch 2253/5000: score=19.578985 loss=-0.298573 valid=1.0000 routes=16.967 grad=2.6197 seconds=86.2
Epoch 2254/5000: score=18.856220 loss=-0.291761 valid=1.0000 routes=17.290 grad=2.4860 seconds=96.9
Epoch 2255/5000: score=19.201366 loss=-0.303868 valid=1.0000 routes=16.811 grad=2.5655 seconds=98.3
Epoch 2256/5000: score=19.282925 loss=-0.288659 valid=1.0000 routes=17.112 grad=2.5000 seconds=95.0
Epoch 2257/5000: score=18.765319 loss=-0.287758 valid=1.0000 routes=16.606 grad=2.3894 seconds=95.9
Epoch 2258/5000: score=19.430864 loss=-0.304850 valid=1.0000 routes=18.263 grad=2.6611 seconds=98.9
Epoch 2259/5000: score=17.363645 loss=-0.304458 valid=1.0000 routes=15.087 grad=2.2379 seconds=94.4
Epoch 2260/5000: score=18.151870 loss=-0.312565 valid=1.0000 routes=15.286 grad=2.3554 seconds=97.1
Epoch 2261/5000: score=19.207871 loss=-0.292213 valid=1.0000 routes=17.463 grad=2.5428 seconds=99.4
Epoch 2262/5000: score=18.992972 loss=-0.303228 valid=1.0000 routes=16.905 grad=2.4687 seconds=93.3
Epoch 2263/5000: score=19.114037 loss=-0.288534 valid=1.0000 routes=17.340 grad=2.4673 seconds=93.2
Epoch 2264/5000: score=18.601816 loss=-0.285594 valid=1.0000 routes=16.601 grad=2.3505 seconds=98.1
Epoch 2265/5000: score=18.202207 loss=-0.297047 valid=1.0000 routes=16.626 grad=2.3349 seconds=95.6
Epoch 2266/5000: score=19.768071 loss=-0.294216 valid=1.0000 routes=17.209 grad=2.5933 seconds=95.0
Epoch 2267/5000: score=18.202763 loss=-0.305477 valid=1.0000 routes=16.186 grad=2.3895 seconds=96.5
Epoch 2268/5000: score=18.941001 loss=-0.307935 valid=1.0000 routes=17.313 grad=2.5287 seconds=97.1
Epoch 2269/5000: score=19.502131 loss=-0.311997 valid=1.0000 routes=16.562 grad=2.6047 seconds=96.0
Epoch 2270/5000: score=18.473371 loss=-0.294203 valid=1.0000 routes=16.513 grad=2.3939 seconds=99.3
Epoch 2271/5000: score=19.141283 loss=-0.301308 valid=1.0000 routes=16.378 grad=2.5140 seconds=97.2
Epoch 2272/5000: score=18.921118 loss=-0.308407 valid=1.0000 routes=16.206 grad=2.5463 seconds=94.9
Epoch 2273/5000: score=18.396516 loss=-0.290793 valid=1.0000 routes=16.744 grad=2.4017 seconds=96.1
Epoch 2274/5000: score=18.893021 loss=-0.301589 valid=1.0000 routes=16.842 grad=2.5031 seconds=97.8
Epoch 2275/5000: score=18.466958 loss=-0.293739 valid=1.0000 routes=16.144 grad=2.3998 seconds=94.5
Epoch 2276/5000: score=19.516076 loss=-0.301606 valid=1.0000 routes=17.328 grad=2.6635 seconds=96.8
Epoch 2277/5000: score=19.425574 loss=-0.312067 valid=1.0000 routes=17.443 grad=2.6496 seconds=96.8
Epoch 2278/5000: score=18.934484 loss=-0.293378 valid=1.0000 routes=17.246 grad=2.4731 seconds=93.7
Epoch 2279/5000: score=18.847356 loss=-0.298533 valid=1.0000 routes=17.106 grad=2.5313 seconds=92.2
Epoch 2280/5000: score=18.654236 loss=-0.316262 valid=1.0000 routes=16.213 grad=2.4885 seconds=91.0
Epoch 2281/5000: score=18.662860 loss=-0.299105 valid=1.0000 routes=16.644 grad=2.4423 seconds=87.6
Epoch 2282/5000: score=20.757164 loss=-0.310832 valid=1.0000 routes=18.461 grad=2.9027 seconds=94.1
Epoch 2283/5000: score=19.198614 loss=-0.311476 valid=1.0000 routes=16.401 grad=2.5303 seconds=98.7
Epoch 2284/5000: score=17.983829 loss=-0.295222 valid=1.0000 routes=15.694 grad=2.2660 seconds=94.4
Epoch 2285/5000: score=18.482679 loss=-0.303682 valid=1.0000 routes=16.529 grad=2.4516 seconds=97.2
Epoch 2286/5000: score=17.812459 loss=-0.292661 valid=1.0000 routes=16.224 grad=2.2178 seconds=97.1
Epoch 2287/5000: score=19.242440 loss=-0.310765 valid=1.0000 routes=18.066 grad=2.6300 seconds=98.6
Epoch 2288/5000: score=19.668043 loss=-0.311975 valid=1.0000 routes=17.421 grad=2.6671 seconds=96.9
Epoch 2289/5000: score=18.194276 loss=-0.310909 valid=1.0000 routes=15.897 grad=2.4104 seconds=97.8
Epoch 2290/5000: score=17.720494 loss=-0.310764 valid=1.0000 routes=14.558 grad=2.2522 seconds=98.0
Epoch 2291/5000: score=19.000194 loss=-0.301658 valid=1.0000 routes=15.706 grad=2.4361 seconds=94.9
Epoch 2292/5000: score=19.066962 loss=-0.303013 valid=1.0000 routes=16.839 grad=2.4915 seconds=97.1
Epoch 2293/5000: score=19.007354 loss=-0.303208 valid=1.0000 routes=16.538 grad=2.4993 seconds=97.9
Epoch 2294/5000: score=19.961783 loss=-0.298665 valid=1.0000 routes=17.192 grad=2.6385 seconds=92.3
Epoch 2295/5000: score=18.529121 loss=-0.293934 valid=1.0000 routes=15.572 grad=2.3430 seconds=96.6
Epoch 2296/5000: score=18.564299 loss=-0.283820 valid=1.0000 routes=16.867 grad=2.3777 seconds=99.2
Epoch 2297/5000: score=18.621242 loss=-0.304762 valid=1.0000 routes=16.127 grad=2.4183 seconds=95.9
Epoch 2298/5000: score=19.272997 loss=-0.302152 valid=1.0000 routes=17.310 grad=2.6167 seconds=98.2
Epoch 2299/5000: score=18.351631 loss=-0.310408 valid=1.0000 routes=15.396 grad=2.3509 seconds=97.4
Epoch 2300/5000: score=18.125723 loss=-0.282987 valid=1.0000 routes=15.870 grad=2.2332 seconds=95.0
Epoch 2301/5000: score=19.593844 loss=-0.301879 valid=1.0000 routes=18.259 grad=2.6774 seconds=93.6
Epoch 2302/5000: score=18.877580 loss=-0.294744 valid=1.0000 routes=17.029 grad=2.4647 seconds=97.1
Epoch 2303/5000: score=19.268354 loss=-0.284444 valid=1.0000 routes=18.111 grad=2.5310 seconds=93.7
Epoch 2304/5000: score=18.641417 loss=-0.308332 valid=1.0000 routes=16.725 grad=2.5023 seconds=94.3
Epoch 2305/5000: score=18.756982 loss=-0.309148 valid=1.0000 routes=16.661 grad=2.4510 seconds=96.6
>> Invalid instances, Re-generating ...
Epoch 2306/5000: score=19.232297 loss=-0.292550 valid=1.0000 routes=17.697 grad=2.4912 seconds=94.2
Epoch 2307/5000: score=18.062936 loss=-0.299609 valid=1.0000 routes=16.147 grad=2.2979 seconds=92.5
Epoch 2308/5000: score=19.080140 loss=-0.312607 valid=1.0000 routes=17.554 grad=2.6221 seconds=96.0
Epoch 2309/5000: score=18.580896 loss=-0.301567 valid=1.0000 routes=16.252 grad=2.3496 seconds=94.8
Epoch 2310/5000: score=19.241280 loss=-0.312620 valid=1.0000 routes=17.265 grad=2.5954 seconds=95.3
Epoch 2311/5000: score=17.790156 loss=-0.288264 valid=1.0000 routes=15.595 grad=2.2322 seconds=100.2
Epoch 2312/5000: score=18.123867 loss=-0.296363 valid=1.0000 routes=16.078 grad=2.3354 seconds=97.3
Epoch 2313/5000: score=17.913811 loss=-0.283763 valid=1.0000 routes=15.129 grad=2.1830 seconds=94.7
Epoch 2314/5000: score=18.792847 loss=-0.317290 valid=1.0000 routes=16.155 grad=2.5312 seconds=96.0
Epoch 2315/5000: score=19.629524 loss=-0.305715 valid=1.0000 routes=17.104 grad=2.6068 seconds=97.6
Epoch 2316/5000: score=19.629293 loss=-0.307992 valid=1.0000 routes=17.624 grad=2.6288 seconds=95.6
Epoch 2317/5000: score=18.790634 loss=-0.301377 valid=1.0000 routes=16.662 grad=2.4491 seconds=95.2
Epoch 2318/5000: score=18.260742 loss=-0.313033 valid=1.0000 routes=16.380 grad=2.4215 seconds=98.6
Epoch 2319/5000: score=19.395082 loss=-0.304054 valid=1.0000 routes=17.534 grad=2.6573 seconds=95.3
Epoch 2320/5000: score=20.103166 loss=-0.301956 valid=1.0000 routes=18.354 grad=2.7383 seconds=95.4
Epoch 2321/5000: score=18.681049 loss=-0.312083 valid=1.0000 routes=16.458 grad=2.4832 seconds=94.7
Epoch 2322/5000: score=19.581991 loss=-0.304539 valid=1.0000 routes=17.244 grad=2.6597 seconds=94.1
Epoch 2323/5000: score=19.410891 loss=-0.315370 valid=1.0000 routes=17.223 grad=2.6237 seconds=94.9
Epoch 2324/5000: score=18.131638 loss=-0.306362 valid=1.0000 routes=15.718 grad=2.3549 seconds=94.3
Epoch 2325/5000: score=18.126770 loss=-0.294486 valid=1.0000 routes=16.582 grad=2.3254 seconds=90.1
Epoch 2326/5000: score=19.195170 loss=-0.295255 valid=1.0000 routes=17.238 grad=2.5331 seconds=86.6
Epoch 2327/5000: score=18.796777 loss=-0.321698 valid=1.0000 routes=16.835 grad=2.5621 seconds=90.4
Epoch 2328/5000: score=18.395913 loss=-0.291730 valid=1.0000 routes=16.879 grad=2.3282 seconds=86.8
Epoch 2329/5000: score=17.720469 loss=-0.283370 valid=1.0000 routes=15.159 grad=2.1463 seconds=91.0
>> Invalid instances, Re-generating ...
Epoch 2330/5000: score=18.878070 loss=-0.306516 valid=1.0000 routes=16.678 grad=2.5234 seconds=89.0
Epoch 2331/5000: score=19.082018 loss=-0.306212 valid=1.0000 routes=17.320 grad=2.5698 seconds=88.2
Epoch 2332/5000: score=18.661326 loss=-0.295788 valid=1.0000 routes=16.699 grad=2.4622 seconds=87.5
Epoch 2333/5000: score=18.874306 loss=-0.311530 valid=1.0000 routes=16.274 grad=2.5511 seconds=91.4
Epoch 2334/5000: score=19.673066 loss=-0.301568 valid=1.0000 routes=17.493 grad=2.6370 seconds=89.0
>> Invalid instances, Re-generating ...
Epoch 2335/5000: score=18.901039 loss=-0.289246 valid=1.0000 routes=16.407 grad=2.4227 seconds=96.2
Epoch 2336/5000: score=18.984007 loss=-0.313949 valid=1.0000 routes=17.063 grad=2.6253 seconds=99.5
Epoch 2337/5000: score=18.563980 loss=-0.294086 valid=1.0000 routes=16.714 grad=2.4024 seconds=96.7
Epoch 2338/5000: score=18.570213 loss=-0.316466 valid=1.0000 routes=15.595 grad=2.4486 seconds=97.4
Epoch 2339/5000: score=17.830693 loss=-0.285431 valid=1.0000 routes=16.210 grad=2.2398 seconds=96.3
Epoch 2340/5000: score=18.200594 loss=-0.293218 valid=1.0000 routes=16.891 grad=2.3351 seconds=96.0
Epoch 2341/5000: score=20.119706 loss=-0.296874 valid=1.0000 routes=18.129 grad=2.7857 seconds=97.1
Epoch 2342/5000: score=18.990899 loss=-0.284152 valid=1.0000 routes=18.796 grad=2.4933 seconds=98.8
Epoch 2343/5000: score=19.108830 loss=-0.290804 valid=1.0000 routes=17.023 grad=2.5035 seconds=97.7
Epoch 2344/5000: score=19.690919 loss=-0.287128 valid=1.0000 routes=17.925 grad=2.6415 seconds=96.2
Epoch 2345/5000: score=19.289715 loss=-0.292887 valid=1.0000 routes=17.316 grad=2.5974 seconds=95.5
Epoch 2346/5000: score=20.096658 loss=-0.295189 valid=1.0000 routes=17.804 grad=2.7075 seconds=95.8
Epoch 2347/5000: score=18.328510 loss=-0.297757 valid=1.0000 routes=16.744 grad=2.3364 seconds=94.9
Epoch 2348/5000: score=18.323687 loss=-0.292654 valid=1.0000 routes=16.315 grad=2.3305 seconds=95.8
Epoch 2349/5000: score=19.571557 loss=-0.291192 valid=1.0000 routes=17.003 grad=2.5753 seconds=97.1
Epoch 2350/5000: score=18.749101 loss=-0.293281 valid=1.0000 routes=16.796 grad=2.4547 seconds=93.0
Epoch 2351/5000: score=19.728146 loss=-0.293149 valid=1.0000 routes=17.152 grad=2.6280 seconds=98.9
Epoch 2352/5000: score=19.410847 loss=-0.297791 valid=1.0000 routes=17.177 grad=2.5727 seconds=99.8
Epoch 2353/5000: score=18.447193 loss=-0.304213 valid=1.0000 routes=15.761 grad=2.4099 seconds=96.8
Epoch 2354/5000: score=18.202776 loss=-0.281515 valid=1.0000 routes=17.453 grad=2.3071 seconds=93.3
Epoch 2355/5000: score=18.296802 loss=-0.301206 valid=1.0000 routes=15.671 grad=2.3521 seconds=96.0
Epoch 2356/5000: score=19.378460 loss=-0.289753 valid=1.0000 routes=17.055 grad=2.5367 seconds=94.8
Epoch 2357/5000: score=19.454972 loss=-0.298232 valid=1.0000 routes=17.765 grad=2.6294 seconds=95.9
Epoch 2358/5000: score=18.945861 loss=-0.307451 valid=1.0000 routes=16.032 grad=2.5088 seconds=96.8
Epoch 2359/5000: score=19.128913 loss=-0.297131 valid=1.0000 routes=16.824 grad=2.4883 seconds=96.1
Epoch 2360/5000: score=19.091820 loss=-0.291626 valid=1.0000 routes=17.254 grad=2.5210 seconds=93.5
Epoch 2361/5000: score=18.933217 loss=-0.299285 valid=1.0000 routes=16.677 grad=2.4258 seconds=99.1
Epoch 2362/5000: score=17.727498 loss=-0.295498 valid=1.0000 routes=16.102 grad=2.3138 seconds=97.0
Epoch 2363/5000: score=19.365802 loss=-0.298762 valid=1.0000 routes=18.396 grad=2.5716 seconds=92.8
Epoch 2364/5000: score=18.605153 loss=-0.286812 valid=1.0000 routes=16.515 grad=2.3394 seconds=96.9
Epoch 2365/5000: score=18.728143 loss=-0.293265 valid=1.0000 routes=16.690 grad=2.3996 seconds=97.0
Epoch 2366/5000: score=18.583675 loss=-0.284068 valid=1.0000 routes=16.497 grad=2.4092 seconds=93.0
Epoch 2367/5000: score=19.034618 loss=-0.302103 valid=1.0000 routes=17.175 grad=2.5602 seconds=95.5
Epoch 2368/5000: score=19.471121 loss=-0.298631 valid=1.0000 routes=17.718 grad=2.6690 seconds=95.3
Epoch 2369/5000: score=19.290214 loss=-0.287575 valid=1.0000 routes=16.896 grad=2.4974 seconds=92.8
Epoch 2370/5000: score=19.804531 loss=-0.307722 valid=1.0000 routes=17.657 grad=2.7103 seconds=95.8
Epoch 2371/5000: score=19.158549 loss=-0.310226 valid=1.0000 routes=16.279 grad=2.5676 seconds=100.6
Epoch 2372/5000: score=18.344552 loss=-0.281596 valid=1.0000 routes=16.489 grad=2.2657 seconds=91.7
Epoch 2373/5000: score=18.332638 loss=-0.303150 valid=1.0000 routes=16.466 grad=2.4111 seconds=94.5
Epoch 2374/5000: score=18.733009 loss=-0.292585 valid=1.0000 routes=16.757 grad=2.4008 seconds=96.1
Epoch 2375/5000: score=18.438359 loss=-0.301901 valid=1.0000 routes=15.282 grad=2.3420 seconds=95.3
Epoch 2376/5000: score=18.677601 loss=-0.312804 valid=1.0000 routes=16.439 grad=2.4745 seconds=94.4
Epoch 2377/5000: score=19.704006 loss=-0.299851 valid=1.0000 routes=16.799 grad=2.5767 seconds=94.3
Epoch 2378/5000: score=19.550014 loss=-0.295665 valid=1.0000 routes=18.408 grad=2.6547 seconds=94.2
Epoch 2379/5000: score=18.894829 loss=-0.298544 valid=1.0000 routes=16.658 grad=2.5168 seconds=94.4
>> Invalid instances, Re-generating ...
Epoch 2380/5000: score=18.063546 loss=-0.285530 valid=1.0000 routes=16.410 grad=2.2596 seconds=97.8
Epoch 2381/5000: score=18.209609 loss=-0.286077 valid=1.0000 routes=16.428 grad=2.2710 seconds=96.7
Epoch 2382/5000: score=19.380512 loss=-0.303885 valid=1.0000 routes=17.489 grad=2.5992 seconds=94.9
Epoch 2383/5000: score=20.576013 loss=-0.296425 valid=1.0000 routes=17.717 grad=2.7544 seconds=98.1
Epoch 2384/5000: score=19.357297 loss=-0.303713 valid=1.0000 routes=18.303 grad=2.6226 seconds=100.1
Epoch 2385/5000: score=18.734123 loss=-0.310798 valid=1.0000 routes=16.419 grad=2.4777 seconds=97.6
Epoch 2386/5000: score=18.428110 loss=-0.301196 valid=1.0000 routes=16.499 grad=2.4373 seconds=99.7
Epoch 2387/5000: score=19.114878 loss=-0.293752 valid=1.0000 routes=16.907 grad=2.5458 seconds=100.4
Epoch 2388/5000: score=18.040856 loss=-0.294943 valid=1.0000 routes=16.151 grad=2.2716 seconds=96.5
Epoch 2389/5000: score=17.956281 loss=-0.286306 valid=1.0000 routes=16.092 grad=2.2125 seconds=95.3
Epoch 2390/5000: score=18.754819 loss=-0.291367 valid=1.0000 routes=16.887 grad=2.4037 seconds=98.5
Epoch 2391/5000: score=18.308062 loss=-0.301602 valid=1.0000 routes=15.898 grad=2.4003 seconds=98.6
Epoch 2392/5000: score=19.595421 loss=-0.296034 valid=1.0000 routes=17.417 grad=2.6566 seconds=95.6
Epoch 2393/5000: score=18.062703 loss=-0.282035 valid=1.0000 routes=15.970 grad=2.2154 seconds=95.2
Epoch 2394/5000: score=19.108964 loss=-0.301116 valid=1.0000 routes=17.235 grad=2.5684 seconds=95.1
Epoch 2395/5000: score=18.015840 loss=-0.294228 valid=1.0000 routes=15.889 grad=2.2905 seconds=94.9
Epoch 2396/5000: score=18.396625 loss=-0.306679 valid=1.0000 routes=15.960 grad=2.4498 seconds=98.0
Epoch 2397/5000: score=17.950394 loss=-0.294972 valid=1.0000 routes=16.190 grad=2.3260 seconds=96.9
Epoch 2398/5000: score=18.510712 loss=-0.313908 valid=1.0000 routes=15.875 grad=2.5206 seconds=93.2
Epoch 2399/5000: score=19.424403 loss=-0.290610 valid=1.0000 routes=17.265 grad=2.5382 seconds=94.7
Epoch 2400/5000: score=19.741148 loss=-0.306995 valid=1.0000 routes=17.096 grad=2.6798 seconds=94.7
Epoch 2401/5000: score=19.780794 loss=-0.311305 valid=1.0000 routes=18.582 grad=2.7759 seconds=94.1
Epoch 2402/5000: score=18.570006 loss=-0.303696 valid=1.0000 routes=16.831 grad=2.4372 seconds=94.9
Epoch 2403/5000: score=19.089446 loss=-0.305277 valid=1.0000 routes=17.804 grad=2.6493 seconds=96.2
Epoch 2404/5000: score=18.921487 loss=-0.297976 valid=1.0000 routes=16.896 grad=2.4618 seconds=95.6
Epoch 2405/5000: score=18.229179 loss=-0.304933 valid=1.0000 routes=16.106 grad=2.4001 seconds=95.2
Epoch 2406/5000: score=18.852317 loss=-0.287090 valid=1.0000 routes=16.954 grad=2.4480 seconds=97.3
Epoch 2407/5000: score=18.843617 loss=-0.292402 valid=1.0000 routes=15.614 grad=2.3190 seconds=96.3
Epoch 2408/5000: score=18.768052 loss=-0.293049 valid=1.0000 routes=16.665 grad=2.4524 seconds=90.8
Epoch 2409/5000: score=20.359593 loss=-0.313975 valid=1.0000 routes=17.684 grad=2.7921 seconds=92.6
Epoch 2410/5000: score=17.002626 loss=-0.282520 valid=1.0000 routes=15.766 grad=2.0774 seconds=94.9
Epoch 2411/5000: score=19.431979 loss=-0.295121 valid=1.0000 routes=16.675 grad=2.5473 seconds=92.0
Epoch 2412/5000: score=19.632571 loss=-0.295702 valid=1.0000 routes=18.165 grad=2.6328 seconds=93.9
Epoch 2413/5000: score=18.820088 loss=-0.303643 valid=1.0000 routes=16.244 grad=2.4635 seconds=94.9
Epoch 2414/5000: score=19.513396 loss=-0.309718 valid=1.0000 routes=17.185 grad=2.6167 seconds=92.1
Epoch 2415/5000: score=18.838814 loss=-0.300951 valid=1.0000 routes=16.740 grad=2.4782 seconds=94.4
Epoch 2416/5000: score=19.087967 loss=-0.298980 valid=1.0000 routes=16.604 grad=2.4878 seconds=95.9
Epoch 2417/5000: score=19.541670 loss=-0.308800 valid=1.0000 routes=16.792 grad=2.5810 seconds=92.1
Epoch 2418/5000: score=19.362413 loss=-0.314999 valid=1.0000 routes=17.110 grad=2.6461 seconds=95.4
Epoch 2419/5000: score=18.705628 loss=-0.300287 valid=1.0000 routes=16.573 grad=2.4167 seconds=94.8
Epoch 2420/5000: score=19.055444 loss=-0.281683 valid=1.0000 routes=16.927 grad=2.4499 seconds=91.7
>> Invalid instances, Re-generating ...
Epoch 2421/5000: score=18.272892 loss=-0.291861 valid=1.0000 routes=16.009 grad=2.3289 seconds=96.5
Epoch 2422/5000: score=19.615137 loss=-0.288752 valid=1.0000 routes=17.391 grad=2.5580 seconds=96.9
Epoch 2423/5000: score=19.033672 loss=-0.307912 valid=1.0000 routes=17.202 grad=2.5758 seconds=90.0
Epoch 2424/5000: score=17.696746 loss=-0.287560 valid=1.0000 routes=15.700 grad=2.2123 seconds=94.5
Epoch 2425/5000: score=18.245231 loss=-0.293141 valid=1.0000 routes=15.909 grad=2.2846 seconds=94.7
Epoch 2426/5000: score=19.847452 loss=-0.297624 valid=1.0000 routes=18.691 grad=2.7256 seconds=90.5
Epoch 2427/5000: score=18.442103 loss=-0.285550 valid=1.0000 routes=16.828 grad=2.3463 seconds=95.0
Epoch 2428/5000: score=19.379650 loss=-0.298503 valid=1.0000 routes=16.675 grad=2.5252 seconds=96.0
Epoch 2429/5000: score=17.958949 loss=-0.292606 valid=1.0000 routes=16.191 grad=2.2907 seconds=91.0
Epoch 2430/5000: score=18.445870 loss=-0.284478 valid=1.0000 routes=16.951 grad=2.3804 seconds=96.8
Epoch 2431/5000: score=18.889439 loss=-0.288850 valid=1.0000 routes=16.929 grad=2.4205 seconds=97.3
Epoch 2432/5000: score=20.994100 loss=-0.320325 valid=1.0000 routes=18.396 grad=2.9154 seconds=93.1
Epoch 2433/5000: score=18.838663 loss=-0.289701 valid=1.0000 routes=17.380 grad=2.4792 seconds=93.5
Epoch 2434/5000: score=18.704516 loss=-0.294598 valid=1.0000 routes=15.959 grad=2.3669 seconds=95.2
Epoch 2435/5000: score=18.773244 loss=-0.297400 valid=1.0000 routes=16.565 grad=2.4502 seconds=95.4
Epoch 2436/5000: score=17.997017 loss=-0.295083 valid=1.0000 routes=15.858 grad=2.2830 seconds=94.9
Epoch 2437/5000: score=18.315141 loss=-0.297898 valid=1.0000 routes=16.999 grad=2.4093 seconds=95.6
Epoch 2438/5000: score=18.218362 loss=-0.286901 valid=1.0000 routes=16.558 grad=2.3402 seconds=94.2
Epoch 2439/5000: score=18.504301 loss=-0.316085 valid=1.0000 routes=16.056 grad=2.5169 seconds=91.9
Epoch 2440/5000: score=19.362131 loss=-0.292196 valid=1.0000 routes=17.201 grad=2.5543 seconds=95.4
Epoch 2441/5000: score=18.654600 loss=-0.296275 valid=1.0000 routes=16.910 grad=2.4208 seconds=93.5
Epoch 2442/5000: score=18.716401 loss=-0.300550 valid=1.0000 routes=16.869 grad=2.4639 seconds=93.3
Epoch 2443/5000: score=19.119473 loss=-0.283801 valid=1.0000 routes=17.834 grad=2.5452 seconds=96.3
Epoch 2444/5000: score=17.933992 loss=-0.289510 valid=1.0000 routes=16.355 grad=2.2684 seconds=92.4
Epoch 2445/5000: score=18.657713 loss=-0.301804 valid=1.0000 routes=16.415 grad=2.4452 seconds=93.9
Epoch 2446/5000: score=18.293695 loss=-0.282551 valid=1.0000 routes=16.382 grad=2.2311 seconds=93.5
Epoch 2447/5000: score=19.848201 loss=-0.299588 valid=1.0000 routes=17.187 grad=2.6609 seconds=95.4
Epoch 2448/5000: score=18.887031 loss=-0.304970 valid=1.0000 routes=16.732 grad=2.5038 seconds=92.6
Epoch 2449/5000: score=19.005989 loss=-0.311774 valid=1.0000 routes=16.412 grad=2.5276 seconds=95.4
Epoch 2450/5000: score=18.039083 loss=-0.304707 valid=1.0000 routes=16.014 grad=2.3600 seconds=96.7
Epoch 2451/5000: score=20.771948 loss=-0.296454 valid=1.0000 routes=18.864 grad=2.9236 seconds=94.8
Epoch 2452/5000: score=18.869384 loss=-0.313077 valid=1.0000 routes=16.423 grad=2.5615 seconds=98.3
Epoch 2453/5000: score=18.473331 loss=-0.279065 valid=1.0000 routes=16.843 grad=2.3721 seconds=98.4
Epoch 2454/5000: score=18.462039 loss=-0.290729 valid=1.0000 routes=17.506 grad=2.4213 seconds=94.8
Epoch 2455/5000: score=19.790277 loss=-0.290854 valid=1.0000 routes=17.441 grad=2.6248 seconds=97.2
Epoch 2456/5000: score=18.640085 loss=-0.304395 valid=1.0000 routes=16.665 grad=2.4721 seconds=100.1
Epoch 2457/5000: score=18.136031 loss=-0.297034 valid=1.0000 routes=15.916 grad=2.3165 seconds=96.2
Epoch 2458/5000: score=18.513017 loss=-0.281404 valid=1.0000 routes=16.301 grad=2.3090 seconds=95.7
Epoch 2459/5000: score=18.914531 loss=-0.301042 valid=1.0000 routes=16.189 grad=2.3947 seconds=96.6
Epoch 2460/5000: score=17.839208 loss=-0.288243 valid=1.0000 routes=15.858 grad=2.2307 seconds=93.9
Epoch 2461/5000: score=20.740429 loss=-0.303841 valid=1.0000 routes=18.513 grad=2.8653 seconds=95.5
Epoch 2462/5000: score=19.370830 loss=-0.297338 valid=1.0000 routes=16.785 grad=2.5117 seconds=96.1
Epoch 2463/5000: score=19.730457 loss=-0.297125 valid=1.0000 routes=17.706 grad=2.6436 seconds=95.1
Epoch 2464/5000: score=19.098953 loss=-0.305667 valid=1.0000 routes=16.648 grad=2.4946 seconds=92.8
Epoch 2465/5000: score=18.285986 loss=-0.287635 valid=1.0000 routes=16.836 grad=2.3829 seconds=95.1
Epoch 2466/5000: score=18.739670 loss=-0.293887 valid=1.0000 routes=17.132 grad=2.4638 seconds=93.2
Epoch 2467/5000: score=19.619454 loss=-0.301173 valid=1.0000 routes=17.640 grad=2.6523 seconds=92.7
Epoch 2468/5000: score=19.705427 loss=-0.315114 valid=1.0000 routes=17.040 grad=2.7277 seconds=96.5
Epoch 2469/5000: score=18.800666 loss=-0.300843 valid=1.0000 routes=15.720 grad=2.4357 seconds=92.8
Epoch 2470/5000: score=18.893054 loss=-0.310080 valid=1.0000 routes=16.765 grad=2.5041 seconds=91.8
Epoch 2471/5000: score=18.348974 loss=-0.299513 valid=1.0000 routes=16.307 grad=2.3589 seconds=97.1
Epoch 2472/5000: score=19.247645 loss=-0.299790 valid=1.0000 routes=18.220 grad=2.6038 seconds=92.2
Epoch 2473/5000: score=18.654368 loss=-0.287640 valid=1.0000 routes=16.894 grad=2.3799 seconds=92.0
Epoch 2474/5000: score=19.443198 loss=-0.304150 valid=1.0000 routes=16.907 grad=2.5634 seconds=93.6
Epoch 2475/5000: score=20.262977 loss=-0.300861 valid=1.0000 routes=17.767 grad=2.7203 seconds=94.7
Epoch 2476/5000: score=18.022206 loss=-0.272957 valid=1.0000 routes=16.614 grad=2.2439 seconds=91.4
Epoch 2477/5000: score=19.344908 loss=-0.290551 valid=1.0000 routes=16.930 grad=2.5025 seconds=94.3
Epoch 2478/5000: score=19.015579 loss=-0.290576 valid=1.0000 routes=16.896 grad=2.5497 seconds=93.1
Epoch 2479/5000: score=18.313716 loss=-0.279279 valid=1.0000 routes=17.266 grad=2.3177 seconds=92.1
Epoch 2480/5000: score=19.294561 loss=-0.295041 valid=1.0000 routes=16.688 grad=2.5441 seconds=95.1
Epoch 2481/5000: score=19.097829 loss=-0.287436 valid=1.0000 routes=17.352 grad=2.4995 seconds=92.4
Epoch 2482/5000: score=18.640309 loss=-0.302709 valid=1.0000 routes=16.393 grad=2.4320 seconds=94.1
Epoch 2483/5000: score=18.959724 loss=-0.288473 valid=1.0000 routes=17.315 grad=2.4804 seconds=98.6
Epoch 2484/5000: score=17.955970 loss=-0.283828 valid=1.0000 routes=16.393 grad=2.2463 seconds=98.3
Epoch 2485/5000: score=19.126306 loss=-0.303646 valid=1.0000 routes=16.600 grad=2.5110 seconds=92.2
Epoch 2486/5000: score=17.212412 loss=-0.276239 valid=1.0000 routes=15.862 grad=2.1036 seconds=98.5
Epoch 2487/5000: score=19.321849 loss=-0.316494 valid=1.0000 routes=16.646 grad=2.6029 seconds=97.7
Epoch 2488/5000: score=18.658297 loss=-0.276101 valid=1.0000 routes=16.489 grad=2.3335 seconds=94.7
Epoch 2489/5000: score=18.566158 loss=-0.289743 valid=1.0000 routes=16.832 grad=2.4260 seconds=98.3
Epoch 2490/5000: score=18.289465 loss=-0.292634 valid=1.0000 routes=16.458 grad=2.3523 seconds=98.2
Epoch 2491/5000: score=18.405877 loss=-0.292219 valid=1.0000 routes=16.831 grad=2.4316 seconds=93.1
Epoch 2492/5000: score=18.282927 loss=-0.294930 valid=1.0000 routes=16.464 grad=2.3843 seconds=95.3
Epoch 2493/5000: score=20.346385 loss=-0.305553 valid=1.0000 routes=18.011 grad=2.7491 seconds=95.6
Epoch 2494/5000: score=18.285694 loss=-0.288273 valid=1.0000 routes=16.776 grad=2.3367 seconds=94.2
Epoch 2495/5000: score=19.310647 loss=-0.311138 valid=1.0000 routes=16.535 grad=2.5674 seconds=91.6
Epoch 2496/5000: score=19.933216 loss=-0.296201 valid=1.0000 routes=16.954 grad=2.6553 seconds=96.0
Epoch 2497/5000: score=18.216431 loss=-0.291327 valid=1.0000 routes=15.834 grad=2.2761 seconds=92.2
Epoch 2498/5000: score=18.641353 loss=-0.296128 valid=1.0000 routes=16.186 grad=2.4083 seconds=93.5
Epoch 2499/5000: score=19.485829 loss=-0.305541 valid=1.0000 routes=17.380 grad=2.5997 seconds=94.5
Epoch 2500/5000: score=19.903120 loss=-0.297686 valid=1.0000 routes=18.315 grad=2.6945 seconds=93.2
Epoch 2501/5000: score=19.069172 loss=-0.291578 valid=1.0000 routes=16.931 grad=2.4729 seconds=89.9
Epoch 2502/5000: score=18.824520 loss=-0.298061 valid=1.0000 routes=16.961 grad=2.4928 seconds=91.3
Epoch 2503/5000: score=18.458918 loss=-0.294938 valid=1.0000 routes=16.435 grad=2.3707 seconds=91.6
Epoch 2504/5000: score=19.095858 loss=-0.307310 valid=1.0000 routes=16.911 grad=2.5863 seconds=90.5
Epoch 2505/5000: score=18.839297 loss=-0.291291 valid=1.0000 routes=16.705 grad=2.3985 seconds=92.6
Epoch 2506/5000: score=18.603482 loss=-0.304065 valid=1.0000 routes=16.559 grad=2.4400 seconds=88.0
Epoch 2507/5000: score=18.975989 loss=-0.293269 valid=1.0000 routes=16.950 grad=2.4508 seconds=91.3
Epoch 2508/5000: score=18.701093 loss=-0.283578 valid=1.0000 routes=16.163 grad=2.3200 seconds=93.6
Epoch 2509/5000: score=18.307717 loss=-0.280613 valid=1.0000 routes=16.897 grad=2.3672 seconds=90.0
Epoch 2510/5000: score=19.518020 loss=-0.290894 valid=1.0000 routes=17.717 grad=2.5421 seconds=90.9
Epoch 2511/5000: score=18.622040 loss=-0.293850 valid=1.0000 routes=16.045 grad=2.3641 seconds=94.2
Epoch 2512/5000: score=19.070242 loss=-0.292062 valid=1.0000 routes=17.826 grad=2.5083 seconds=85.5
Epoch 2513/5000: score=18.166225 loss=-0.292933 valid=1.0000 routes=15.726 grad=2.2333 seconds=92.6
Epoch 2514/5000: score=19.073273 loss=-0.296888 valid=1.0000 routes=17.405 grad=2.5180 seconds=92.1
Epoch 2515/5000: score=19.207390 loss=-0.301545 valid=1.0000 routes=17.238 grad=2.5634 seconds=86.6
Epoch 2516/5000: score=18.406889 loss=-0.290010 valid=1.0000 routes=16.693 grad=2.3655 seconds=92.5
Epoch 2517/5000: score=19.152236 loss=-0.295778 valid=1.0000 routes=17.067 grad=2.5384 seconds=91.3
Epoch 2518/5000: score=18.042455 loss=-0.295416 valid=1.0000 routes=15.994 grad=2.2751 seconds=88.7
Epoch 2519/5000: score=17.614067 loss=-0.286519 valid=1.0000 routes=14.973 grad=2.1434 seconds=93.3
Epoch 2520/5000: score=18.644298 loss=-0.281522 valid=1.0000 routes=15.841 grad=2.3338 seconds=92.3
Epoch 2521/5000: score=18.883801 loss=-0.300578 valid=1.0000 routes=16.544 grad=2.5061 seconds=90.1
Epoch 2522/5000: score=19.612883 loss=-0.307703 valid=1.0000 routes=17.528 grad=2.6662 seconds=92.9
Epoch 2523/5000: score=18.508600 loss=-0.292362 valid=1.0000 routes=16.724 grad=2.4360 seconds=91.6
Epoch 2524/5000: score=19.573896 loss=-0.310043 valid=1.0000 routes=16.774 grad=2.6250 seconds=96.9
Epoch 2525/5000: score=17.870157 loss=-0.293251 valid=1.0000 routes=15.789 grad=2.2696 seconds=95.9
Epoch 2526/5000: score=18.597429 loss=-0.297804 valid=1.0000 routes=15.958 grad=2.3563 seconds=88.5
Epoch 2527/5000: score=18.437216 loss=-0.287273 valid=1.0000 routes=17.133 grad=2.4160 seconds=90.5
Epoch 2528/5000: score=18.363548 loss=-0.287638 valid=1.0000 routes=16.571 grad=2.3507 seconds=89.6
Epoch 2529/5000: score=20.090932 loss=-0.292853 valid=1.0000 routes=18.126 grad=2.7306 seconds=87.6
Epoch 2530/5000: score=20.179952 loss=-0.295860 valid=1.0000 routes=17.739 grad=2.7379 seconds=94.5
Epoch 2531/5000: score=17.736373 loss=-0.298045 valid=1.0000 routes=15.889 grad=2.2965 seconds=87.5
Epoch 2532/5000: score=18.570442 loss=-0.295392 valid=1.0000 routes=16.451 grad=2.3646 seconds=90.7
Epoch 2533/5000: score=18.755241 loss=-0.295812 valid=1.0000 routes=16.517 grad=2.4859 seconds=93.2
Epoch 2534/5000: score=18.480793 loss=-0.303883 valid=1.0000 routes=16.231 grad=2.4673 seconds=88.0
Epoch 2535/5000: score=19.141363 loss=-0.289972 valid=1.0000 routes=16.950 grad=2.5939 seconds=92.8
Epoch 2536/5000: score=18.311290 loss=-0.292617 valid=1.0000 routes=15.602 grad=2.3647 seconds=91.4
Epoch 2537/5000: score=19.102615 loss=-0.289242 valid=1.0000 routes=16.577 grad=2.4924 seconds=92.6
Epoch 2538/5000: score=19.221449 loss=-0.291273 valid=1.0000 routes=16.583 grad=2.5269 seconds=97.2
Epoch 2539/5000: score=19.000213 loss=-0.298573 valid=1.0000 routes=16.349 grad=2.4546 seconds=96.3
Epoch 2540/5000: score=19.544917 loss=-0.284957 valid=1.0000 routes=17.145 grad=2.5348 seconds=94.4
Epoch 2541/5000: score=18.686829 loss=-0.302396 valid=1.0000 routes=16.584 grad=2.4759 seconds=97.6
Epoch 2542/5000: score=19.624148 loss=-0.289723 valid=1.0000 routes=17.192 grad=2.5615 seconds=93.7
Epoch 2543/5000: score=19.010010 loss=-0.284958 valid=1.0000 routes=17.028 grad=2.5085 seconds=92.3
Epoch 2544/5000: score=19.125260 loss=-0.309722 valid=1.0000 routes=16.752 grad=2.5655 seconds=98.1
Epoch 2545/5000: score=18.395511 loss=-0.291129 valid=1.0000 routes=15.925 grad=2.3494 seconds=97.9
Epoch 2546/5000: score=18.857278 loss=-0.288414 valid=1.0000 routes=17.090 grad=2.4955 seconds=95.3
Epoch 2547/5000: score=18.251348 loss=-0.289721 valid=1.0000 routes=16.037 grad=2.3082 seconds=98.5
Epoch 2548/5000: score=19.889245 loss=-0.286697 valid=1.0000 routes=17.588 grad=2.5869 seconds=93.8
Epoch 2549/5000: score=19.071895 loss=-0.303454 valid=1.0000 routes=16.014 grad=2.4886 seconds=98.6
Epoch 2550/5000: score=19.514058 loss=-0.285260 valid=1.0000 routes=17.628 grad=2.5552 seconds=97.5
Epoch 2551/5000: score=18.485064 loss=-0.291483 valid=1.0000 routes=17.514 grad=2.4709 seconds=93.7
Epoch 2552/5000: score=17.757343 loss=-0.299402 valid=1.0000 routes=16.782 grad=2.3613 seconds=96.8
Epoch 2553/5000: score=18.279686 loss=-0.289468 valid=1.0000 routes=15.731 grad=2.3031 seconds=100.3
Epoch 2554/5000: score=18.412284 loss=-0.282430 valid=1.0000 routes=15.989 grad=2.2595 seconds=94.3
Epoch 2555/5000: score=18.331396 loss=-0.290303 valid=1.0000 routes=17.588 grad=2.4080 seconds=99.1
Epoch 2556/5000: score=19.063930 loss=-0.282467 valid=1.0000 routes=17.213 grad=2.4278 seconds=96.3
Epoch 2557/5000: score=18.857907 loss=-0.284220 valid=1.0000 routes=16.050 grad=2.3703 seconds=94.5
Epoch 2558/5000: score=18.669175 loss=-0.297242 valid=1.0000 routes=17.048 grad=2.4631 seconds=96.4
Epoch 2559/5000: score=18.578734 loss=-0.279565 valid=1.0000 routes=17.363 grad=2.3789 seconds=97.2
Epoch 2560/5000: score=20.111429 loss=-0.306659 valid=1.0000 routes=17.928 grad=2.7407 seconds=93.7
Epoch 2561/5000: score=18.856068 loss=-0.302288 valid=1.0000 routes=16.283 grad=2.4775 seconds=96.1
Epoch 2562/5000: score=18.156734 loss=-0.279345 valid=1.0000 routes=16.748 grad=2.2562 seconds=98.2
Epoch 2563/5000: score=19.367611 loss=-0.300395 valid=1.0000 routes=17.720 grad=2.5893 seconds=95.5
Epoch 2564/5000: score=19.608999 loss=-0.296963 valid=1.0000 routes=16.652 grad=2.6013 seconds=98.6
Epoch 2565/5000: score=19.634433 loss=-0.295138 valid=1.0000 routes=17.492 grad=2.6308 seconds=99.3
Epoch 2566/5000: score=17.918483 loss=-0.276279 valid=1.0000 routes=16.132 grad=2.2176 seconds=94.4
Epoch 2567/5000: score=18.387248 loss=-0.290070 valid=1.0000 routes=16.265 grad=2.3649 seconds=95.5
Epoch 2568/5000: score=19.005530 loss=-0.281554 valid=1.0000 routes=17.153 grad=2.4554 seconds=97.5
Epoch 2569/5000: score=18.519924 loss=-0.277675 valid=1.0000 routes=16.622 grad=2.3830 seconds=96.5
Epoch 2570/5000: score=18.666693 loss=-0.295131 valid=1.0000 routes=15.982 grad=2.4048 seconds=97.0
Epoch 2571/5000: score=19.061921 loss=-0.294500 valid=1.0000 routes=15.697 grad=2.4320 seconds=98.9
Epoch 2572/5000: score=18.133352 loss=-0.296736 valid=1.0000 routes=15.849 grad=2.3188 seconds=92.0
Epoch 2573/5000: score=18.366754 loss=-0.309855 valid=1.0000 routes=15.905 grad=2.3877 seconds=95.9
Epoch 2574/5000: score=19.219467 loss=-0.288608 valid=1.0000 routes=18.060 grad=2.5609 seconds=97.6
Epoch 2575/5000: score=19.804850 loss=-0.310908 valid=1.0000 routes=17.645 grad=2.7016 seconds=96.2
Epoch 2576/5000: score=18.522914 loss=-0.287826 valid=1.0000 routes=15.989 grad=2.3235 seconds=96.2
Epoch 2577/5000: score=18.674806 loss=-0.285241 valid=1.0000 routes=16.608 grad=2.3202 seconds=96.4
Epoch 2578/5000: score=19.159197 loss=-0.299619 valid=1.0000 routes=17.762 grad=2.5016 seconds=94.2
Epoch 2579/5000: score=18.924905 loss=-0.294139 valid=1.0000 routes=17.503 grad=2.5013 seconds=99.5
Epoch 2580/5000: score=17.783777 loss=-0.284045 valid=1.0000 routes=16.586 grad=2.2530 seconds=100.6
Epoch 2581/5000: score=18.563729 loss=-0.291279 valid=1.0000 routes=16.590 grad=2.3823 seconds=96.4
Epoch 2582/5000: score=18.231718 loss=-0.289144 valid=1.0000 routes=16.116 grad=2.3341 seconds=94.4
Epoch 2583/5000: score=18.771646 loss=-0.294558 valid=1.0000 routes=16.121 grad=2.3983 seconds=100.0
Epoch 2584/5000: score=19.675315 loss=-0.298008 valid=1.0000 routes=18.118 grad=2.6809 seconds=95.2
Epoch 2585/5000: score=19.833974 loss=-0.290717 valid=1.0000 routes=18.758 grad=2.6213 seconds=93.8
Epoch 2586/5000: score=18.453487 loss=-0.294780 valid=1.0000 routes=16.143 grad=2.3919 seconds=97.6
Epoch 2587/5000: score=17.708458 loss=-0.284907 valid=1.0000 routes=15.407 grad=2.1393 seconds=95.9
Epoch 2588/5000: score=19.190772 loss=-0.296637 valid=1.0000 routes=16.194 grad=2.4753 seconds=94.7
Epoch 2589/5000: score=19.035078 loss=-0.288753 valid=1.0000 routes=16.594 grad=2.4916 seconds=96.4
Epoch 2590/5000: score=19.539081 loss=-0.303739 valid=1.0000 routes=17.091 grad=2.6069 seconds=96.0
Epoch 2591/5000: score=16.836531 loss=-0.289826 valid=1.0000 routes=15.507 grad=2.0727 seconds=95.7
Epoch 2592/5000: score=18.314676 loss=-0.280870 valid=1.0000 routes=15.935 grad=2.2780 seconds=96.3
Epoch 2593/5000: score=17.921076 loss=-0.299427 valid=1.0000 routes=16.187 grad=2.3869 seconds=95.4
Epoch 2594/5000: score=18.638839 loss=-0.285086 valid=1.0000 routes=16.747 grad=2.3532 seconds=94.9
Epoch 2595/5000: score=19.099631 loss=-0.301980 valid=1.0000 routes=16.494 grad=2.4857 seconds=96.7
Epoch 2596/5000: score=19.661111 loss=-0.300030 valid=1.0000 routes=17.755 grad=2.6395 seconds=93.2
Epoch 2597/5000: score=19.274397 loss=-0.283439 valid=1.0000 routes=16.906 grad=2.4739 seconds=94.6
>> Invalid instances, Re-generating ...
Epoch 2598/5000: score=18.462211 loss=-0.281107 valid=1.0000 routes=17.063 grad=2.3572 seconds=97.5
Epoch 2599/5000: score=18.887847 loss=-0.295745 valid=1.0000 routes=16.192 grad=2.4814 seconds=93.5
Epoch 2600/5000: score=18.791754 loss=-0.301493 valid=1.0000 routes=16.692 grad=2.4386 seconds=94.4
Epoch 2601/5000: score=19.747581 loss=-0.306990 valid=1.0000 routes=16.768 grad=2.6467 seconds=95.5
Epoch 2602/5000: score=18.319876 loss=-0.282429 valid=1.0000 routes=15.604 grad=2.2651 seconds=93.9
Epoch 2603/5000: score=19.313936 loss=-0.317000 valid=1.0000 routes=16.482 grad=2.6006 seconds=95.8
Epoch 2604/5000: score=18.522223 loss=-0.298487 valid=1.0000 routes=16.353 grad=2.4413 seconds=95.2
Epoch 2605/5000: score=18.531303 loss=-0.278618 valid=1.0000 routes=16.795 grad=2.3753 seconds=92.2
Epoch 2606/5000: score=19.416842 loss=-0.341983 valid=1.0000 routes=17.280 grad=2.6862 seconds=96.5
Epoch 2607/5000: score=18.216360 loss=-0.279155 valid=1.0000 routes=16.116 grad=2.2741 seconds=94.7
Epoch 2608/5000: score=18.806150 loss=-0.280544 valid=1.0000 routes=16.482 grad=2.3740 seconds=92.6
Epoch 2609/5000: score=19.439578 loss=-0.290557 valid=1.0000 routes=17.622 grad=2.5775 seconds=94.6
Epoch 2610/5000: score=18.391416 loss=-0.282062 valid=1.0000 routes=17.657 grad=2.3928 seconds=94.8
Epoch 2611/5000: score=18.925444 loss=-0.298916 valid=1.0000 routes=15.877 grad=2.4267 seconds=91.3
Epoch 2612/5000: score=18.511371 loss=-0.305982 valid=1.0000 routes=16.625 grad=2.4161 seconds=93.8
Epoch 2613/5000: score=20.375960 loss=-0.300527 valid=1.0000 routes=18.041 grad=2.7801 seconds=95.2
Epoch 2614/5000: score=19.107355 loss=-0.286996 valid=1.0000 routes=17.241 grad=2.4868 seconds=90.8
Epoch 2615/5000: score=18.764836 loss=-0.279978 valid=1.0000 routes=17.516 grad=2.4491 seconds=94.2
Epoch 2616/5000: score=17.836249 loss=-0.302151 valid=1.0000 routes=15.517 grad=2.2743 seconds=96.8
Epoch 2617/5000: score=18.930749 loss=-0.290156 valid=1.0000 routes=17.595 grad=2.4809 seconds=90.4
Epoch 2618/5000: score=18.335366 loss=-0.290578 valid=1.0000 routes=17.119 grad=2.3490 seconds=97.1
Epoch 2619/5000: score=18.317598 loss=-0.293980 valid=1.0000 routes=15.226 grad=2.2537 seconds=94.6
Epoch 2620/5000: score=18.844679 loss=-0.285333 valid=1.0000 routes=16.589 grad=2.3935 seconds=90.8
Epoch 2621/5000: score=19.836882 loss=-0.280991 valid=1.0000 routes=17.855 grad=2.5939 seconds=93.7
Epoch 2622/5000: score=19.147366 loss=-0.305284 valid=1.0000 routes=16.827 grad=2.5199 seconds=92.4
Epoch 2623/5000: score=18.930689 loss=-0.289719 valid=1.0000 routes=17.281 grad=2.4982 seconds=92.4
Epoch 2624/5000: score=18.234960 loss=-0.299052 valid=1.0000 routes=15.746 grad=2.3380 seconds=96.1
Epoch 2625/5000: score=18.457652 loss=-0.272852 valid=1.0000 routes=17.924 grad=2.3186 seconds=92.9
Epoch 2626/5000: score=19.325306 loss=-0.289448 valid=1.0000 routes=17.004 grad=2.5542 seconds=94.1
Epoch 2627/5000: score=18.105313 loss=-0.293280 valid=1.0000 routes=15.913 grad=2.3118 seconds=96.3
Epoch 2628/5000: score=19.609687 loss=-0.290352 valid=1.0000 routes=16.956 grad=2.5291 seconds=93.2
Epoch 2629/5000: score=18.700766 loss=-0.289990 valid=1.0000 routes=16.617 grad=2.4285 seconds=92.9
Epoch 2630/5000: score=19.425709 loss=-0.292436 valid=1.0000 routes=18.477 grad=2.6189 seconds=95.2
Epoch 2631/5000: score=18.454427 loss=-0.294920 valid=1.0000 routes=16.130 grad=2.3651 seconds=92.2
Epoch 2632/5000: score=18.681042 loss=-0.285069 valid=1.0000 routes=16.740 grad=2.3857 seconds=93.6
Epoch 2633/5000: score=19.167689 loss=-0.295935 valid=1.0000 routes=18.052 grad=2.5204 seconds=95.2
Epoch 2634/5000: score=19.051227 loss=-0.296321 valid=1.0000 routes=16.382 grad=2.5356 seconds=92.1
Epoch 2635/5000: score=19.152681 loss=-0.300968 valid=1.0000 routes=17.530 grad=2.5261 seconds=94.8
Epoch 2636/5000: score=19.156296 loss=-0.310085 valid=1.0000 routes=17.070 grad=2.5881 seconds=95.6
Epoch 2637/5000: score=18.229498 loss=-0.302045 valid=1.0000 routes=15.982 grad=2.4299 seconds=91.4
Epoch 2638/5000: score=18.065442 loss=-0.291392 valid=1.0000 routes=15.372 grad=2.2949 seconds=95.2
Epoch 2639/5000: score=18.640636 loss=-0.287980 valid=1.0000 routes=16.375 grad=2.3468 seconds=93.7
Epoch 2640/5000: score=18.197943 loss=-0.293378 valid=1.0000 routes=16.455 grad=2.3312 seconds=91.8
Epoch 2641/5000: score=18.295085 loss=-0.290367 valid=1.0000 routes=15.646 grad=2.3028 seconds=97.8
Epoch 2642/5000: score=18.957031 loss=-0.293792 valid=1.0000 routes=16.192 grad=2.4629 seconds=95.4
Epoch 2643/5000: score=18.228004 loss=-0.290807 valid=1.0000 routes=15.982 grad=2.2899 seconds=92.1
Epoch 2644/5000: score=17.699903 loss=-0.285558 valid=1.0000 routes=16.293 grad=2.2380 seconds=95.8
Epoch 2645/5000: score=19.184328 loss=-0.291797 valid=1.0000 routes=16.578 grad=2.4875 seconds=93.9
Epoch 2646/5000: score=18.322541 loss=-0.287465 valid=1.0000 routes=16.808 grad=2.3674 seconds=91.9
Epoch 2647/5000: score=18.026632 loss=-0.278703 valid=1.0000 routes=15.819 grad=2.1843 seconds=94.7
Epoch 2648/5000: score=17.734985 loss=-0.289038 valid=1.0000 routes=15.860 grad=2.2441 seconds=93.2
Epoch 2649/5000: score=19.201111 loss=-0.292814 valid=1.0000 routes=17.338 grad=2.5604 seconds=91.8
Epoch 2650/5000: score=18.882296 loss=-0.289653 valid=1.0000 routes=16.206 grad=2.3663 seconds=94.8
Epoch 2651/5000: score=18.555018 loss=-0.301163 valid=1.0000 routes=16.480 grad=2.5038 seconds=94.4
Epoch 2652/5000: score=19.049907 loss=-0.298201 valid=1.0000 routes=16.277 grad=2.4950 seconds=95.1
Epoch 2653/5000: score=18.707192 loss=-0.284481 valid=1.0000 routes=16.523 grad=2.3277 seconds=94.7
Epoch 2654/5000: score=19.259367 loss=-0.290926 valid=1.0000 routes=17.562 grad=2.5025 seconds=91.4
Epoch 2655/5000: score=18.963444 loss=-0.291368 valid=1.0000 routes=16.894 grad=2.3897 seconds=91.6
Epoch 2656/5000: score=18.413920 loss=-0.287159 valid=1.0000 routes=15.815 grad=2.3256 seconds=95.9
Epoch 2657/5000: score=19.035094 loss=-0.293519 valid=1.0000 routes=15.915 grad=2.4682 seconds=92.0
Epoch 2658/5000: score=19.650194 loss=-0.304835 valid=1.0000 routes=17.740 grad=2.6800 seconds=94.8
Epoch 2659/5000: score=19.811662 loss=-0.282270 valid=1.0000 routes=17.388 grad=2.5856 seconds=95.9
Epoch 2660/5000: score=19.381025 loss=-0.286010 valid=1.0000 routes=17.572 grad=2.5706 seconds=90.7
Epoch 2661/5000: score=18.630218 loss=-0.292847 valid=1.0000 routes=16.716 grad=2.4287 seconds=96.6
Epoch 2662/5000: score=19.182744 loss=-0.295112 valid=1.0000 routes=16.804 grad=2.5208 seconds=93.7
Epoch 2663/5000: score=18.592216 loss=-0.281668 valid=1.0000 routes=16.613 grad=2.3233 seconds=90.7
Epoch 2664/5000: score=18.683814 loss=-0.298362 valid=1.0000 routes=17.074 grad=2.4878 seconds=95.8
Epoch 2665/5000: score=18.665483 loss=-0.290342 valid=1.0000 routes=16.175 grad=2.3789 seconds=95.7
Epoch 2666/5000: score=19.488855 loss=-0.296345 valid=1.0000 routes=17.055 grad=2.5671 seconds=91.8
Epoch 2667/5000: score=19.213819 loss=-0.284002 valid=1.0000 routes=17.224 grad=2.5281 seconds=96.8
Epoch 2668/5000: score=20.020421 loss=-0.288193 valid=1.0000 routes=17.650 grad=2.6468 seconds=92.8
Epoch 2669/5000: score=18.815797 loss=-0.285290 valid=1.0000 routes=16.405 grad=2.3624 seconds=93.0
Epoch 2670/5000: score=17.690057 loss=-0.287329 valid=1.0000 routes=15.215 grad=2.1743 seconds=98.4
Epoch 2671/5000: score=18.119312 loss=-0.281479 valid=1.0000 routes=15.829 grad=2.2509 seconds=92.6
Epoch 2672/5000: score=19.494910 loss=-0.281880 valid=1.0000 routes=18.538 grad=2.5889 seconds=93.4
Epoch 2673/5000: score=18.287826 loss=-0.290970 valid=1.0000 routes=16.159 grad=2.3058 seconds=96.1
Epoch 2674/5000: score=17.894361 loss=-0.286536 valid=1.0000 routes=16.342 grad=2.2831 seconds=91.1
Epoch 2675/5000: score=17.983398 loss=-0.298133 valid=1.0000 routes=15.473 grad=2.3030 seconds=96.9
Epoch 2676/5000: score=18.795252 loss=-0.284017 valid=1.0000 routes=16.861 grad=2.3856 seconds=95.8
Epoch 2677/5000: score=16.532231 loss=-0.286693 valid=1.0000 routes=14.656 grad=2.0130 seconds=93.0
Epoch 2678/5000: score=19.319651 loss=-0.289002 valid=1.0000 routes=17.271 grad=2.5252 seconds=98.9
Epoch 2679/5000: score=19.586285 loss=-0.296088 valid=1.0000 routes=17.069 grad=2.6355 seconds=97.7
Epoch 2680/5000: score=18.151987 loss=-0.278473 valid=1.0000 routes=17.332 grad=2.3259 seconds=94.2
Epoch 2681/5000: score=18.152304 loss=-0.289065 valid=1.0000 routes=16.174 grad=2.3086 seconds=95.6
Epoch 2682/5000: score=18.163798 loss=-0.295184 valid=1.0000 routes=16.287 grad=2.3301 seconds=94.3
Epoch 2683/5000: score=17.205651 loss=-0.282725 valid=1.0000 routes=15.756 grad=2.0949 seconds=94.9
>> Invalid instances, Re-generating ...
Epoch 2684/5000: score=19.033042 loss=-0.292057 valid=1.0000 routes=16.881 grad=2.5214 seconds=97.6
Epoch 2685/5000: score=18.922549 loss=-0.301056 valid=1.0000 routes=17.279 grad=2.4286 seconds=94.4
Epoch 2686/5000: score=20.598728 loss=-0.302749 valid=1.0000 routes=17.889 grad=2.8483 seconds=97.7
Epoch 2687/5000: score=19.279180 loss=-0.274506 valid=1.0000 routes=17.816 grad=2.5530 seconds=96.8
Epoch 2688/5000: score=18.400286 loss=-0.291857 valid=1.0000 routes=16.923 grad=2.3631 seconds=93.3
Epoch 2689/5000: score=17.811481 loss=-0.293308 valid=1.0000 routes=15.646 grad=2.2605 seconds=96.3
Epoch 2690/5000: score=19.282643 loss=-0.290455 valid=1.0000 routes=16.660 grad=2.4326 seconds=95.9
Epoch 2691/5000: score=17.910837 loss=-0.280942 valid=1.0000 routes=16.517 grad=2.2496 seconds=94.5
Epoch 2692/5000: score=18.912350 loss=-0.306058 valid=1.0000 routes=16.287 grad=2.5120 seconds=97.4
Epoch 2693/5000: score=19.367547 loss=-0.287273 valid=1.0000 routes=17.866 grad=2.5351 seconds=96.9
Epoch 2694/5000: score=20.318363 loss=-0.293672 valid=1.0000 routes=18.264 grad=2.6785 seconds=93.1
>> Invalid instances, Re-generating ...
Epoch 2695/5000: score=19.963908 loss=-0.305609 valid=1.0000 routes=17.745 grad=2.7555 seconds=96.8
Epoch 2696/5000: score=17.679445 loss=-0.296545 valid=1.0000 routes=16.137 grad=2.2421 seconds=96.8
Epoch 2697/5000: score=18.509298 loss=-0.302103 valid=1.0000 routes=15.325 grad=2.3974 seconds=91.5
Epoch 2698/5000: score=20.405976 loss=-0.310402 valid=1.0000 routes=18.607 grad=2.8284 seconds=97.2
Epoch 2699/5000: score=18.437228 loss=-0.301085 valid=1.0000 routes=15.939 grad=2.3681 seconds=96.2
Epoch 2700/5000: score=18.332160 loss=-0.300147 valid=1.0000 routes=15.805 grad=2.3932 seconds=92.6
>> Invalid instances, Re-generating ...
Epoch 2701/5000: score=18.914205 loss=-0.297622 valid=1.0000 routes=17.070 grad=2.4696 seconds=97.2
Epoch 2702/5000: score=18.846781 loss=-0.283695 valid=1.0000 routes=17.004 grad=2.3600 seconds=93.5
Epoch 2703/5000: score=19.479140 loss=-0.299325 valid=1.0000 routes=18.003 grad=2.6334 seconds=93.1
Epoch 2704/5000: score=18.159008 loss=-0.286238 valid=1.0000 routes=17.115 grad=2.3144 seconds=93.2
Epoch 2705/5000: score=18.490972 loss=-0.302760 valid=1.0000 routes=16.272 grad=2.4257 seconds=93.1
Epoch 2706/5000: score=18.198610 loss=-0.290070 valid=1.0000 routes=16.855 grad=2.3390 seconds=93.5
Epoch 2707/5000: score=19.356024 loss=-0.291192 valid=1.0000 routes=18.450 grad=2.5917 seconds=95.8
Epoch 2708/5000: score=19.095727 loss=-0.282794 valid=1.0000 routes=17.212 grad=2.4655 seconds=91.3
Epoch 2709/5000: score=18.803400 loss=-0.303293 valid=1.0000 routes=16.792 grad=2.5482 seconds=94.9
Epoch 2710/5000: score=18.821168 loss=-0.293076 valid=1.0000 routes=17.302 grad=2.4869 seconds=95.3
Epoch 2711/5000: score=19.344324 loss=-0.296590 valid=1.0000 routes=16.908 grad=2.6048 seconds=93.9
Epoch 2712/5000: score=19.367725 loss=-0.303196 valid=1.0000 routes=16.872 grad=2.5300 seconds=92.9
Epoch 2713/5000: score=18.130740 loss=-0.275357 valid=1.0000 routes=16.376 grad=2.1875 seconds=97.2
Epoch 2714/5000: score=17.924698 loss=-0.287707 valid=1.0000 routes=15.811 grad=2.2537 seconds=91.2
Epoch 2715/5000: score=18.304993 loss=-0.291045 valid=1.0000 routes=15.800 grad=2.3840 seconds=94.9
Epoch 2716/5000: score=19.587526 loss=-0.285979 valid=1.0000 routes=17.037 grad=2.5707 seconds=97.7
Epoch 2717/5000: score=18.181305 loss=-0.277804 valid=1.0000 routes=16.818 grad=2.2949 seconds=92.9
Epoch 2718/5000: score=18.264057 loss=-0.294676 valid=1.0000 routes=16.276 grad=2.3182 seconds=96.8
Epoch 2719/5000: score=19.624943 loss=-0.284142 valid=1.0000 routes=18.169 grad=2.6140 seconds=97.1
Epoch 2720/5000: score=19.051326 loss=-0.294774 valid=1.0000 routes=16.835 grad=2.5195 seconds=91.6
Epoch 2721/5000: score=18.561091 loss=-0.281580 valid=1.0000 routes=16.153 grad=2.3720 seconds=94.8
Epoch 2722/5000: score=19.257236 loss=-0.296374 valid=1.0000 routes=17.457 grad=2.5688 seconds=96.8
Epoch 2723/5000: score=18.570171 loss=-0.284059 valid=1.0000 routes=17.419 grad=2.4137 seconds=92.2
Epoch 2724/5000: score=17.565529 loss=-0.285501 valid=1.0000 routes=15.418 grad=2.1465 seconds=94.1
Epoch 2725/5000: score=19.386290 loss=-0.284767 valid=1.0000 routes=18.165 grad=2.5620 seconds=95.9
Epoch 2726/5000: score=18.822152 loss=-0.282554 valid=1.0000 routes=16.432 grad=2.4042 seconds=91.5
Epoch 2727/5000: score=19.564315 loss=-0.290807 valid=1.0000 routes=17.030 grad=2.5298 seconds=95.0
Epoch 2728/5000: score=18.524373 loss=-0.291805 valid=1.0000 routes=15.999 grad=2.2555 seconds=95.8
Epoch 2729/5000: score=19.173702 loss=-0.288246 valid=1.0000 routes=16.642 grad=2.4474 seconds=91.8
Epoch 2730/5000: score=19.728007 loss=-0.299598 valid=1.0000 routes=17.087 grad=2.6646 seconds=98.4
Epoch 2731/5000: score=19.575237 loss=-0.298644 valid=1.0000 routes=17.138 grad=2.6063 seconds=97.4
Epoch 2732/5000: score=20.131118 loss=-0.306130 valid=1.0000 routes=17.594 grad=2.6812 seconds=92.4
Epoch 2733/5000: score=19.336262 loss=-0.302988 valid=1.0000 routes=17.134 grad=2.5830 seconds=97.4
>> Invalid instances, Re-generating ...
Epoch 2734/5000: score=19.609385 loss=-0.298829 valid=1.0000 routes=17.514 grad=2.6161 seconds=99.3
Epoch 2735/5000: score=19.110124 loss=-0.291633 valid=1.0000 routes=16.659 grad=2.4547 seconds=92.5
Epoch 2736/5000: score=18.056337 loss=-0.278831 valid=1.0000 routes=16.600 grad=2.2802 seconds=96.8
Epoch 2737/5000: score=18.017670 loss=-0.287209 valid=1.0000 routes=16.019 grad=2.2402 seconds=97.7
Epoch 2738/5000: score=19.337994 loss=-0.281247 valid=1.0000 routes=17.336 grad=2.5139 seconds=92.1
Epoch 2739/5000: score=18.517790 loss=-0.275999 valid=1.0000 routes=16.880 grad=2.3600 seconds=98.6
Epoch 2740/5000: score=18.779999 loss=-0.294010 valid=1.0000 routes=17.602 grad=2.5042 seconds=98.2
Epoch 2741/5000: score=19.520295 loss=-0.291452 valid=1.0000 routes=16.623 grad=2.4832 seconds=93.2
Epoch 2742/5000: score=18.356483 loss=-0.294530 valid=1.0000 routes=15.246 grad=2.2948 seconds=97.9
Epoch 2743/5000: score=18.786219 loss=-0.283723 valid=1.0000 routes=16.551 grad=2.4163 seconds=100.6
>> Invalid instances, Re-generating ...
Epoch 2744/5000: score=19.924900 loss=-0.307599 valid=1.0000 routes=17.974 grad=2.7566 seconds=92.1
Epoch 2745/5000: score=19.399641 loss=-0.282978 valid=1.0000 routes=17.452 grad=2.5186 seconds=97.2
Epoch 2746/5000: score=17.930308 loss=-0.280679 valid=1.0000 routes=15.714 grad=2.2315 seconds=97.6
Epoch 2747/5000: score=18.647705 loss=-0.283249 valid=1.0000 routes=16.763 grad=2.3417 seconds=94.0
Epoch 2748/5000: score=18.819656 loss=-0.292183 valid=1.0000 routes=16.523 grad=2.3808 seconds=95.8
Epoch 2749/5000: score=17.711265 loss=-0.288458 valid=1.0000 routes=15.769 grad=2.1677 seconds=100.0
Epoch 2750/5000: score=18.064071 loss=-0.281436 valid=1.0000 routes=15.978 grad=2.2415 seconds=92.9
Epoch 2751/5000: score=18.470220 loss=-0.286992 valid=1.0000 routes=16.916 grad=2.3563 seconds=98.1
Epoch 2752/5000: score=18.235060 loss=-0.274272 valid=1.0000 routes=16.011 grad=2.1844 seconds=98.9
Epoch 2753/5000: score=19.277665 loss=-0.268002 valid=1.0000 routes=18.220 grad=2.4969 seconds=96.0
Epoch 2754/5000: score=19.665584 loss=-0.295503 valid=1.0000 routes=16.621 grad=2.6075 seconds=99.2
Epoch 2755/5000: score=18.118238 loss=-0.296413 valid=1.0000 routes=16.277 grad=2.2809 seconds=102.3
Epoch 2756/5000: score=18.185174 loss=-0.287749 valid=1.0000 routes=15.915 grad=2.2500 seconds=100.4
Epoch 2757/5000: score=19.281764 loss=-0.298904 valid=1.0000 routes=18.172 grad=2.6421 seconds=97.9
Epoch 2758/5000: score=19.435428 loss=-0.289053 valid=1.0000 routes=16.582 grad=2.4989 seconds=98.6
Epoch 2759/5000: score=19.765476 loss=-0.292894 valid=1.0000 routes=16.856 grad=2.6009 seconds=104.0
Epoch 2760/5000: score=18.622320 loss=-0.276780 valid=1.0000 routes=16.993 grad=2.3690 seconds=101.2
Epoch 2761/5000: score=19.428465 loss=-0.306030 valid=1.0000 routes=15.728 grad=2.5018 seconds=105.5
Epoch 2762/5000: score=18.752204 loss=-0.292308 valid=1.0000 routes=16.652 grad=2.3996 seconds=105.4
Epoch 2763/5000: score=18.714907 loss=-0.288842 valid=1.0000 routes=16.584 grad=2.4327 seconds=101.7
Epoch 2764/5000: score=19.337864 loss=-0.283001 valid=1.0000 routes=18.396 grad=2.5623 seconds=100.5
Epoch 2765/5000: score=18.281858 loss=-0.277552 valid=1.0000 routes=15.468 grad=2.2391 seconds=101.0
Epoch 2766/5000: score=19.261869 loss=-0.283180 valid=1.0000 routes=16.972 grad=2.4953 seconds=103.5
Epoch 2767/5000: score=18.942364 loss=-0.282675 valid=1.0000 routes=17.078 grad=2.4363 seconds=101.9
Epoch 2768/5000: score=19.124960 loss=-0.281377 valid=1.0000 routes=17.323 grad=2.4832 seconds=97.2
Epoch 2769/5000: score=19.791434 loss=-0.291912 valid=1.0000 routes=17.459 grad=2.6329 seconds=97.7
Epoch 2770/5000: score=18.195298 loss=-0.278860 valid=1.0000 routes=16.308 grad=2.3076 seconds=93.1
Epoch 2771/5000: score=18.573543 loss=-0.284711 valid=1.0000 routes=17.353 grad=2.3931 seconds=97.7
Epoch 2772/5000: score=18.229544 loss=-0.289518 valid=1.0000 routes=16.464 grad=2.2977 seconds=94.6
Epoch 2773/5000: score=17.992108 loss=-0.270948 valid=1.0000 routes=16.651 grad=2.1821 seconds=90.8
Epoch 2774/5000: score=19.240188 loss=-0.299468 valid=1.0000 routes=16.547 grad=2.5062 seconds=95.2
Epoch 2775/5000: score=19.394978 loss=-0.293980 valid=1.0000 routes=17.449 grad=2.5796 seconds=94.5
Epoch 2776/5000: score=18.836575 loss=-0.294623 valid=1.0000 routes=16.573 grad=2.5088 seconds=94.8
Epoch 2777/5000: score=18.011381 loss=-0.298776 valid=1.0000 routes=15.795 grad=2.2848 seconds=96.5
Epoch 2778/5000: score=18.180751 loss=-0.286508 valid=1.0000 routes=15.990 grad=2.2717 seconds=92.4
Epoch 2779/5000: score=18.784849 loss=-0.302885 valid=1.0000 routes=17.025 grad=2.4247 seconds=92.0
Epoch 2780/5000: score=18.809651 loss=-0.292656 valid=1.0000 routes=17.144 grad=2.4737 seconds=97.7
Epoch 2781/5000: score=19.840397 loss=-0.302481 valid=1.0000 routes=17.614 grad=2.6851 seconds=94.0
Epoch 2782/5000: score=18.757453 loss=-0.284884 valid=1.0000 routes=16.548 grad=2.3607 seconds=92.8
Epoch 2783/5000: score=19.523648 loss=-0.274004 valid=1.0000 routes=17.721 grad=2.5643 seconds=96.5
Epoch 2784/5000: score=19.172593 loss=-0.279802 valid=1.0000 routes=16.862 grad=2.4259 seconds=94.0
Epoch 2785/5000: score=18.409304 loss=-0.282169 valid=1.0000 routes=16.646 grad=2.2768 seconds=95.8
Epoch 2786/5000: score=18.807663 loss=-0.308600 valid=1.0000 routes=16.245 grad=2.5119 seconds=98.5
Epoch 2787/5000: score=18.299453 loss=-0.283750 valid=1.0000 routes=16.811 grad=2.3269 seconds=92.7
Epoch 2788/5000: score=20.389497 loss=-0.296282 valid=1.0000 routes=18.420 grad=2.7651 seconds=92.6
Epoch 2789/5000: score=19.256911 loss=-0.284466 valid=1.0000 routes=17.252 grad=2.4230 seconds=97.0
Epoch 2790/5000: score=18.769449 loss=-0.290386 valid=1.0000 routes=16.785 grad=2.4556 seconds=94.9
Epoch 2791/5000: score=18.379821 loss=-0.286374 valid=1.0000 routes=16.582 grad=2.3302 seconds=95.0
Epoch 2792/5000: score=19.142321 loss=-0.285299 valid=1.0000 routes=17.006 grad=2.4827 seconds=97.9
Epoch 2793/5000: score=18.951416 loss=-0.292695 valid=1.0000 routes=16.771 grad=2.4487 seconds=95.0
Epoch 2794/5000: score=17.992677 loss=-0.280011 valid=1.0000 routes=16.095 grad=2.2358 seconds=94.4
Epoch 2795/5000: score=19.202870 loss=-0.290012 valid=1.0000 routes=17.384 grad=2.4642 seconds=96.3
Epoch 2796/5000: score=19.023755 loss=-0.292622 valid=1.0000 routes=17.137 grad=2.4514 seconds=94.4
Epoch 2797/5000: score=18.963711 loss=-0.289897 valid=1.0000 routes=16.488 grad=2.4060 seconds=95.0
Epoch 2798/5000: score=18.916198 loss=-0.280358 valid=1.0000 routes=16.769 grad=2.4136 seconds=96.7
Epoch 2799/5000: score=17.631812 loss=-0.292513 valid=1.0000 routes=15.199 grad=2.1703 seconds=94.0
Epoch 2800/5000: score=18.992591 loss=-0.293921 valid=1.0000 routes=16.392 grad=2.4575 seconds=94.2
Epoch 2801/5000: score=19.282625 loss=-0.276785 valid=1.0000 routes=17.205 grad=2.4828 seconds=97.6
Epoch 2802/5000: score=18.817430 loss=-0.296632 valid=1.0000 routes=16.599 grad=2.4803 seconds=94.0
Epoch 2803/5000: score=19.099981 loss=-0.300132 valid=1.0000 routes=16.783 grad=2.4906 seconds=94.2
Epoch 2804/5000: score=19.068444 loss=-0.299585 valid=1.0000 routes=17.127 grad=2.4984 seconds=94.6
Epoch 2805/5000: score=19.205845 loss=-0.279772 valid=1.0000 routes=17.336 grad=2.4445 seconds=92.0
Epoch 2806/5000: score=20.287413 loss=-0.299706 valid=1.0000 routes=18.185 grad=2.7086 seconds=93.7
Epoch 2807/5000: score=18.972734 loss=-0.292503 valid=1.0000 routes=16.656 grad=2.4775 seconds=97.0
Epoch 2808/5000: score=18.735110 loss=-0.286970 valid=1.0000 routes=16.909 grad=2.3965 seconds=92.6
Epoch 2809/5000: score=19.128437 loss=-0.297794 valid=1.0000 routes=16.691 grad=2.4827 seconds=93.4
Epoch 2810/5000: score=18.534760 loss=-0.286205 valid=1.0000 routes=16.197 grad=2.3300 seconds=97.0
Epoch 2811/5000: score=18.872258 loss=-0.291569 valid=1.0000 routes=17.534 grad=2.4822 seconds=92.2
Epoch 2812/5000: score=19.706570 loss=-0.293546 valid=1.0000 routes=16.820 grad=2.5008 seconds=95.5
Epoch 2813/5000: score=19.147356 loss=-0.281924 valid=1.0000 routes=16.675 grad=2.4364 seconds=96.2
Epoch 2814/5000: score=19.417737 loss=-0.282282 valid=1.0000 routes=18.195 grad=2.5560 seconds=92.1
Epoch 2815/5000: score=19.966538 loss=-0.286675 valid=1.0000 routes=18.146 grad=2.6508 seconds=95.4
Epoch 2816/5000: score=20.230447 loss=-0.283911 valid=1.0000 routes=19.033 grad=2.7895 seconds=93.8
Epoch 2817/5000: score=19.190863 loss=-0.287348 valid=1.0000 routes=17.213 grad=2.4608 seconds=92.7
Epoch 2818/5000: score=18.676543 loss=-0.284414 valid=1.0000 routes=16.841 grad=2.4246 seconds=93.8
Epoch 2819/5000: score=19.023967 loss=-0.286545 valid=1.0000 routes=17.638 grad=2.4514 seconds=94.8
Epoch 2820/5000: score=19.069936 loss=-0.295475 valid=1.0000 routes=17.413 grad=2.5247 seconds=90.9
Epoch 2821/5000: score=18.638001 loss=-0.301732 valid=1.0000 routes=16.974 grad=2.4910 seconds=95.9
Epoch 2822/5000: score=19.279574 loss=-0.281663 valid=1.0000 routes=17.470 grad=2.5047 seconds=94.1
Epoch 2823/5000: score=18.871684 loss=-0.298543 valid=1.0000 routes=16.535 grad=2.4710 seconds=92.7
Epoch 2824/5000: score=18.090219 loss=-0.292513 valid=1.0000 routes=16.057 grad=2.2754 seconds=96.1
Epoch 2825/5000: score=20.212582 loss=-0.297707 valid=1.0000 routes=17.986 grad=2.7305 seconds=93.9
Epoch 2826/5000: score=19.183316 loss=-0.297362 valid=1.0000 routes=16.528 grad=2.5042 seconds=91.6
Epoch 2827/5000: score=19.225620 loss=-0.296055 valid=1.0000 routes=17.400 grad=2.5185 seconds=97.0
Epoch 2828/5000: score=18.936581 loss=-0.292518 valid=1.0000 routes=17.063 grad=2.4750 seconds=94.0
Epoch 2829/5000: score=18.028210 loss=-0.279853 valid=1.0000 routes=16.127 grad=2.1959 seconds=90.9
Epoch 2830/5000: score=18.335526 loss=-0.271007 valid=1.0000 routes=16.696 grad=2.2761 seconds=95.4
Epoch 2831/5000: score=19.836713 loss=-0.289971 valid=1.0000 routes=17.535 grad=2.6596 seconds=92.5
Epoch 2832/5000: score=19.078373 loss=-0.281405 valid=1.0000 routes=17.178 grad=2.4340 seconds=92.1
Epoch 2833/5000: score=19.855285 loss=-0.308964 valid=1.0000 routes=17.212 grad=2.6892 seconds=97.1
Epoch 2834/5000: score=18.846295 loss=-0.283573 valid=1.0000 routes=17.175 grad=2.3906 seconds=95.2
Epoch 2835/5000: score=17.644354 loss=-0.285703 valid=1.0000 routes=15.853 grad=2.1768 seconds=92.6
Epoch 2836/5000: score=18.163326 loss=-0.292071 valid=1.0000 routes=16.275 grad=2.3223 seconds=96.7
Epoch 2837/5000: score=18.572999 loss=-0.270777 valid=1.0000 routes=17.021 grad=2.3091 seconds=95.2
Epoch 2838/5000: score=19.158767 loss=-0.296511 valid=1.0000 routes=16.787 grad=2.4742 seconds=91.5
Epoch 2839/5000: score=18.883377 loss=-0.285000 valid=1.0000 routes=17.079 grad=2.3914 seconds=95.3
Epoch 2840/5000: score=18.551144 loss=-0.288466 valid=1.0000 routes=16.321 grad=2.3401 seconds=95.8
Epoch 2841/5000: score=19.429098 loss=-0.288895 valid=1.0000 routes=17.606 grad=2.5900 seconds=93.6
Epoch 2842/5000: score=18.695375 loss=-0.278732 valid=1.0000 routes=16.359 grad=2.3724 seconds=94.5
Epoch 2843/5000: score=18.824231 loss=-0.293656 valid=1.0000 routes=17.012 grad=2.4502 seconds=95.3
Epoch 2844/5000: score=17.853371 loss=-0.284308 valid=1.0000 routes=16.460 grad=2.2489 seconds=93.8
Epoch 2845/5000: score=18.488840 loss=-0.301007 valid=1.0000 routes=16.325 grad=2.3575 seconds=92.9
Epoch 2846/5000: score=19.140836 loss=-0.295339 valid=1.0000 routes=16.244 grad=2.4588 seconds=97.1
Epoch 2847/5000: score=19.666099 loss=-0.288274 valid=1.0000 routes=17.305 grad=2.5464 seconds=92.2
Epoch 2848/5000: score=18.051147 loss=-0.290189 valid=1.0000 routes=15.963 grad=2.2745 seconds=92.7
Epoch 2849/5000: score=18.139387 loss=-0.295268 valid=1.0000 routes=15.937 grad=2.3251 seconds=96.2
Epoch 2850/5000: score=18.778354 loss=-0.305773 valid=1.0000 routes=15.819 grad=2.4550 seconds=93.9
Epoch 2851/5000: score=19.648504 loss=-0.289478 valid=1.0000 routes=18.084 grad=2.6909 seconds=91.9
Epoch 2852/5000: score=19.216340 loss=-0.287374 valid=1.0000 routes=16.216 grad=2.4152 seconds=97.2
Epoch 2853/5000: score=19.605222 loss=-0.295115 valid=1.0000 routes=17.218 grad=2.6759 seconds=95.3
Epoch 2854/5000: score=19.352244 loss=-0.287081 valid=1.0000 routes=17.926 grad=2.5341 seconds=92.3
Epoch 2855/5000: score=18.185307 loss=-0.292148 valid=1.0000 routes=15.225 grad=2.2360 seconds=96.4
Epoch 2856/5000: score=18.690085 loss=-0.292472 valid=1.0000 routes=16.512 grad=2.3636 seconds=95.9
Epoch 2857/5000: score=18.401417 loss=-0.282847 valid=1.0000 routes=15.856 grad=2.2822 seconds=91.7
Epoch 2858/5000: score=18.360781 loss=-0.271673 valid=1.0000 routes=16.920 grad=2.2821 seconds=95.0
Epoch 2859/5000: score=18.053718 loss=-0.282154 valid=1.0000 routes=16.650 grad=2.2569 seconds=97.2
Epoch 2860/5000: score=17.517629 loss=-0.283821 valid=1.0000 routes=15.583 grad=2.1318 seconds=91.9
Epoch 2861/5000: score=18.563686 loss=-0.289339 valid=1.0000 routes=16.085 grad=2.3477 seconds=95.6
Epoch 2862/5000: score=18.280329 loss=-0.285968 valid=1.0000 routes=15.893 grad=2.2809 seconds=97.6
Epoch 2863/5000: score=19.958262 loss=-0.298359 valid=1.0000 routes=16.813 grad=2.6326 seconds=94.1
Epoch 2864/5000: score=18.675126 loss=-0.283034 valid=1.0000 routes=17.021 grad=2.3719 seconds=94.8
Epoch 2865/5000: score=19.020835 loss=-0.286258 valid=1.0000 routes=17.761 grad=2.4657 seconds=95.0
Epoch 2866/5000: score=19.037961 loss=-0.284096 valid=1.0000 routes=17.054 grad=2.4624 seconds=94.0
Epoch 2867/5000: score=18.658434 loss=-0.289503 valid=1.0000 routes=16.771 grad=2.4081 seconds=93.8
Epoch 2868/5000: score=18.526659 loss=-0.292965 valid=1.0000 routes=16.179 grad=2.3648 seconds=96.2
Epoch 2869/5000: score=18.699908 loss=-0.296605 valid=1.0000 routes=16.295 grad=2.4417 seconds=94.7
Epoch 2870/5000: score=19.741056 loss=-0.295910 valid=1.0000 routes=17.700 grad=2.6291 seconds=92.8
Epoch 2871/5000: score=18.396605 loss=-0.275479 valid=1.0000 routes=16.707 grad=2.3177 seconds=96.1
Epoch 2872/5000: score=18.751005 loss=-0.270605 valid=1.0000 routes=17.011 grad=2.3390 seconds=93.7
Epoch 2873/5000: score=19.382239 loss=-0.276413 valid=1.0000 routes=17.832 grad=2.4957 seconds=93.2
Epoch 2874/5000: score=19.336118 loss=-0.309921 valid=1.0000 routes=16.145 grad=2.6033 seconds=96.4
Epoch 2875/5000: score=18.674984 loss=-0.283223 valid=1.0000 routes=16.447 grad=2.4008 seconds=93.9
Epoch 2876/5000: score=18.063824 loss=-0.287849 valid=1.0000 routes=16.227 grad=2.2778 seconds=90.0
Epoch 2877/5000: score=18.484574 loss=-0.280481 valid=1.0000 routes=17.269 grad=2.3853 seconds=94.4
Epoch 2878/5000: score=18.494266 loss=-0.282689 valid=1.0000 routes=17.160 grad=2.3541 seconds=97.4
Epoch 2879/5000: score=19.405605 loss=-0.289887 valid=1.0000 routes=17.562 grad=2.5587 seconds=92.1
Epoch 2880/5000: score=19.630909 loss=-0.281074 valid=1.0000 routes=17.817 grad=2.5103 seconds=95.2
Epoch 2881/5000: score=18.910697 loss=-0.279401 valid=1.0000 routes=17.308 grad=2.4135 seconds=96.3
Epoch 2882/5000: score=19.263553 loss=-0.286076 valid=1.0000 routes=16.153 grad=2.4539 seconds=92.9
Epoch 2883/5000: score=17.349474 loss=-0.282333 valid=1.0000 routes=15.384 grad=2.1064 seconds=92.5
Epoch 2884/5000: score=19.259082 loss=-0.278947 valid=1.0000 routes=17.961 grad=2.4939 seconds=95.2
Epoch 2885/5000: score=18.620782 loss=-0.284016 valid=1.0000 routes=16.222 grad=2.3871 seconds=93.9
Epoch 2886/5000: score=18.341296 loss=-0.285403 valid=1.0000 routes=16.755 grad=2.3347 seconds=93.9
Epoch 2887/5000: score=19.783233 loss=-0.299362 valid=1.0000 routes=17.780 grad=2.6872 seconds=96.6
Epoch 2888/5000: score=17.895086 loss=-0.284240 valid=1.0000 routes=15.637 grad=2.2058 seconds=91.6
Epoch 2889/5000: score=18.485679 loss=-0.278830 valid=1.0000 routes=16.374 grad=2.2901 seconds=92.5
Epoch 2890/5000: score=20.399346 loss=-0.295150 valid=1.0000 routes=18.534 grad=2.8238 seconds=94.2
Epoch 2891/5000: score=19.111348 loss=-0.288595 valid=1.0000 routes=17.367 grad=2.4393 seconds=92.6
Epoch 2892/5000: score=18.805065 loss=-0.283631 valid=1.0000 routes=17.472 grad=2.4063 seconds=92.9
Epoch 2893/5000: score=19.930100 loss=-0.298806 valid=1.0000 routes=18.490 grad=2.6899 seconds=95.4
Epoch 2894/5000: score=19.335079 loss=-0.287223 valid=1.0000 routes=17.272 grad=2.5029 seconds=94.9
Epoch 2895/5000: score=18.959622 loss=-0.290315 valid=1.0000 routes=17.736 grad=2.4118 seconds=92.3
Epoch 2896/5000: score=17.684246 loss=-0.270662 valid=1.0000 routes=15.506 grad=2.1077 seconds=95.7
Epoch 2897/5000: score=18.268875 loss=-0.282234 valid=1.0000 routes=16.575 grad=2.2970 seconds=96.0
Epoch 2898/5000: score=18.474055 loss=-0.281143 valid=1.0000 routes=16.228 grad=2.2297 seconds=91.0
Epoch 2899/5000: score=19.279815 loss=-0.293909 valid=1.0000 routes=16.308 grad=2.4353 seconds=97.8
Epoch 2900/5000: score=19.402039 loss=-0.288041 valid=1.0000 routes=17.646 grad=2.4970 seconds=94.2
Epoch 2901/5000: score=18.910857 loss=-0.286860 valid=1.0000 routes=17.176 grad=2.4879 seconds=91.8
Epoch 2902/5000: score=18.658714 loss=-0.292939 valid=1.0000 routes=16.686 grad=2.4142 seconds=96.9
Epoch 2903/5000: score=18.093645 loss=-0.287162 valid=1.0000 routes=15.794 grad=2.2271 seconds=95.5
Epoch 2904/5000: score=19.431457 loss=-0.288424 valid=1.0000 routes=17.537 grad=2.5927 seconds=91.0
Epoch 2905/5000: score=19.623223 loss=-0.292128 valid=1.0000 routes=17.562 grad=2.6152 seconds=93.1
Epoch 2906/5000: score=18.355428 loss=-0.275955 valid=1.0000 routes=17.705 grad=2.3215 seconds=95.3
>> Invalid instances, Re-generating ...
Epoch 2907/5000: score=19.526780 loss=-0.295497 valid=1.0000 routes=16.615 grad=2.5364 seconds=91.0
Epoch 2908/5000: score=19.996632 loss=-0.291958 valid=1.0000 routes=17.989 grad=2.6802 seconds=95.7
Epoch 2909/5000: score=18.458931 loss=-0.271554 valid=1.0000 routes=16.162 grad=2.2659 seconds=95.4
Epoch 2910/5000: score=19.222872 loss=-0.294507 valid=1.0000 routes=17.444 grad=2.5635 seconds=94.9
Epoch 2911/5000: score=18.790562 loss=-0.273646 valid=1.0000 routes=16.940 grad=2.3922 seconds=94.5
Epoch 2912/5000: score=18.986266 loss=-0.285743 valid=1.0000 routes=17.294 grad=2.4519 seconds=95.9
Epoch 2913/5000: score=19.912875 loss=-0.291733 valid=1.0000 routes=17.035 grad=2.6040 seconds=91.8
Epoch 2914/5000: score=19.527001 loss=-0.300186 valid=1.0000 routes=17.760 grad=2.6316 seconds=93.9
Epoch 2915/5000: score=19.444174 loss=-0.285708 valid=1.0000 routes=16.796 grad=2.4581 seconds=96.1
Epoch 2916/5000: score=19.119225 loss=-0.288736 valid=1.0000 routes=16.719 grad=2.3949 seconds=93.7
Epoch 2917/5000: score=18.516209 loss=-0.293017 valid=1.0000 routes=16.776 grad=2.3903 seconds=94.2
Epoch 2918/5000: score=19.411984 loss=-0.289841 valid=1.0000 routes=17.357 grad=2.5657 seconds=97.5
Epoch 2919/5000: score=18.277632 loss=-0.280308 valid=1.0000 routes=16.293 grad=2.2555 seconds=92.3
Epoch 2920/5000: score=17.568284 loss=-0.272574 valid=1.0000 routes=15.024 grad=2.0671 seconds=94.3
Epoch 2921/5000: score=18.113190 loss=-0.293863 valid=1.0000 routes=15.834 grad=2.2558 seconds=95.8
Epoch 2922/5000: score=18.505270 loss=-0.292422 valid=1.0000 routes=15.696 grad=2.3191 seconds=92.1
Epoch 2923/5000: score=17.950476 loss=-0.293320 valid=1.0000 routes=15.998 grad=2.2829 seconds=93.7
>> Invalid instances, Re-generating ...
Epoch 2924/5000: score=18.440107 loss=-0.279355 valid=1.0000 routes=15.792 grad=2.3128 seconds=95.3
Epoch 2925/5000: score=18.457379 loss=-0.293370 valid=1.0000 routes=16.207 grad=2.3153 seconds=94.5
Epoch 2926/5000: score=18.578221 loss=-0.284813 valid=1.0000 routes=16.082 grad=2.3309 seconds=93.6
Epoch 2927/5000: score=19.058683 loss=-0.284428 valid=1.0000 routes=17.055 grad=2.4525 seconds=94.0
Epoch 2928/5000: score=18.405754 loss=-0.283917 valid=1.0000 routes=16.797 grad=2.2837 seconds=94.3
Epoch 2929/5000: score=19.515095 loss=-0.267481 valid=1.0000 routes=17.938 grad=2.4807 seconds=91.9
Epoch 2930/5000: score=19.128772 loss=-0.290873 valid=1.0000 routes=16.727 grad=2.4743 seconds=97.3
Epoch 2931/5000: score=18.908742 loss=-0.276658 valid=1.0000 routes=16.271 grad=2.3402 seconds=93.8
Epoch 2932/5000: score=19.646671 loss=-0.293020 valid=1.0000 routes=18.430 grad=2.6281 seconds=92.1
Epoch 2933/5000: score=19.297721 loss=-0.287628 valid=1.0000 routes=18.198 grad=2.5870 seconds=95.9
Epoch 2934/5000: score=19.513817 loss=-0.295061 valid=1.0000 routes=17.789 grad=2.5345 seconds=94.1
Epoch 2935/5000: score=17.746183 loss=-0.290642 valid=1.0000 routes=15.882 grad=2.2085 seconds=92.0
Epoch 2936/5000: score=18.658970 loss=-0.281742 valid=1.0000 routes=16.027 grad=2.3430 seconds=96.5
Epoch 2937/5000: score=19.896272 loss=-0.295949 valid=1.0000 routes=16.693 grad=2.6009 seconds=97.0
Epoch 2938/5000: score=20.031868 loss=-0.284932 valid=1.0000 routes=17.831 grad=2.6244 seconds=92.2
Epoch 2939/5000: score=18.347795 loss=-0.286179 valid=1.0000 routes=16.948 grad=2.3453 seconds=94.7
Epoch 2940/5000: score=18.238282 loss=-0.268832 valid=1.0000 routes=16.421 grad=2.2218 seconds=95.9
Epoch 2941/5000: score=19.531093 loss=-0.292371 valid=1.0000 routes=17.883 grad=2.6111 seconds=93.1
Epoch 2942/5000: score=19.439336 loss=-0.295899 valid=1.0000 routes=16.617 grad=2.5161 seconds=98.3
Epoch 2943/5000: score=18.722248 loss=-0.285612 valid=1.0000 routes=16.406 grad=2.4086 seconds=96.5
Epoch 2944/5000: score=19.328451 loss=-0.292935 valid=1.0000 routes=17.170 grad=2.5311 seconds=91.8
Epoch 2945/5000: score=19.428784 loss=-0.283066 valid=1.0000 routes=17.293 grad=2.5175 seconds=100.5
Epoch 2946/5000: score=18.429117 loss=-0.288090 valid=1.0000 routes=16.795 grad=2.3689 seconds=98.3
Epoch 2947/5000: score=19.878503 loss=-0.296339 valid=1.0000 routes=17.913 grad=2.6667 seconds=92.2
Epoch 2948/5000: score=18.556151 loss=-0.273948 valid=1.0000 routes=16.500 grad=2.2533 seconds=98.0
Epoch 2949/5000: score=18.756739 loss=-0.271815 valid=1.0000 routes=16.743 grad=2.2958 seconds=96.2
Epoch 2950/5000: score=18.674589 loss=-0.279836 valid=1.0000 routes=16.500 grad=2.3345 seconds=92.3
Epoch 2951/5000: score=18.635596 loss=-0.281207 valid=1.0000 routes=17.002 grad=2.3948 seconds=99.7
Epoch 2952/5000: score=18.837165 loss=-0.278282 valid=1.0000 routes=16.646 grad=2.3472 seconds=97.1
Epoch 2953/5000: score=18.341240 loss=-0.274487 valid=1.0000 routes=16.537 grad=2.3693 seconds=93.7
Epoch 2954/5000: score=19.038881 loss=-0.277249 valid=1.0000 routes=16.833 grad=2.3872 seconds=94.7
Epoch 2955/5000: score=18.966966 loss=-0.279849 valid=1.0000 routes=16.670 grad=2.3352 seconds=98.1
Epoch 2956/5000: score=19.708840 loss=-0.277780 valid=1.0000 routes=18.338 grad=2.5851 seconds=92.0
Epoch 2957/5000: score=18.863144 loss=-0.284331 valid=1.0000 routes=16.476 grad=2.3942 seconds=101.7
Epoch 2958/5000: score=18.462825 loss=-0.271605 valid=1.0000 routes=16.275 grad=2.2729 seconds=102.8
Epoch 2959/5000: score=17.019463 loss=-0.282009 valid=1.0000 routes=15.222 grad=2.0645 seconds=99.4
Epoch 2960/5000: score=18.284874 loss=-0.291303 valid=1.0000 routes=16.246 grad=2.3720 seconds=99.8
Epoch 2961/5000: score=19.111919 loss=-0.310634 valid=1.0000 routes=17.246 grad=2.5578 seconds=103.1
Epoch 2962/5000: score=17.864824 loss=-0.291886 valid=1.0000 routes=16.105 grad=2.3135 seconds=97.2
Epoch 2963/5000: score=18.349547 loss=-0.270357 valid=1.0000 routes=16.757 grad=2.2778 seconds=96.7
Epoch 2964/5000: score=17.758834 loss=-0.268165 valid=1.0000 routes=16.307 grad=2.1959 seconds=101.8
Epoch 2965/5000: score=17.133488 loss=-0.266493 valid=1.0000 routes=14.643 grad=2.0162 seconds=100.5
Epoch 2966/5000: score=19.859204 loss=-0.294553 valid=1.0000 routes=17.026 grad=2.6222 seconds=96.4
Epoch 2967/5000: score=18.404547 loss=-0.292028 valid=1.0000 routes=15.536 grad=2.3203 seconds=101.8
Epoch 2968/5000: score=18.619331 loss=-0.289916 valid=1.0000 routes=16.286 grad=2.4064 seconds=101.7
Epoch 2969/5000: score=19.858900 loss=-0.302277 valid=1.0000 routes=18.101 grad=2.6989 seconds=99.5
Epoch 2970/5000: score=19.331968 loss=-0.283168 valid=1.0000 routes=16.638 grad=2.4745 seconds=101.9
Epoch 2971/5000: score=18.569321 loss=-0.283011 valid=1.0000 routes=16.699 grad=2.3992 seconds=99.7
Epoch 2972/5000: score=18.540411 loss=-0.291932 valid=1.0000 routes=15.507 grad=2.2480 seconds=99.9
Epoch 2973/5000: score=17.091883 loss=-0.272985 valid=1.0000 routes=15.132 grad=2.0168 seconds=100.9
Epoch 2974/5000: score=18.797073 loss=-0.273835 valid=1.0000 routes=17.359 grad=2.4566 seconds=98.4
Epoch 2975/5000: score=18.858210 loss=-0.277861 valid=1.0000 routes=17.349 grad=2.3854 seconds=99.0
Epoch 2976/5000: score=20.034888 loss=-0.284345 valid=1.0000 routes=18.425 grad=2.6939 seconds=94.9
Epoch 2977/5000: score=19.158377 loss=-0.286671 valid=1.0000 routes=16.652 grad=2.4882 seconds=92.9
Epoch 2978/5000: score=19.011705 loss=-0.297320 valid=1.0000 routes=15.911 grad=2.3777 seconds=98.1
Epoch 2979/5000: score=19.146016 loss=-0.298266 valid=1.0000 routes=16.852 grad=2.4713 seconds=95.5
Epoch 2980/5000: score=18.671673 loss=-0.277633 valid=1.0000 routes=16.639 grad=2.3211 seconds=93.0
Epoch 2981/5000: score=20.468069 loss=-0.288536 valid=1.0000 routes=18.217 grad=2.7736 seconds=95.4
Epoch 2982/5000: score=19.898729 loss=-0.282152 valid=1.0000 routes=18.697 grad=2.6433 seconds=95.2
Epoch 2983/5000: score=19.465102 loss=-0.314376 valid=1.0000 routes=16.684 grad=2.6071 seconds=93.3
Epoch 2984/5000: score=19.441965 loss=-0.273151 valid=1.0000 routes=17.440 grad=2.5278 seconds=95.7
Epoch 2985/5000: score=19.641418 loss=-0.280640 valid=1.0000 routes=17.811 grad=2.5608 seconds=95.9
Epoch 2986/5000: score=19.232238 loss=-0.270446 valid=1.0000 routes=17.197 grad=2.4326 seconds=92.7
Epoch 2987/5000: score=18.864886 loss=-0.279995 valid=1.0000 routes=16.201 grad=2.3791 seconds=94.7
Epoch 2988/5000: score=18.478045 loss=-0.287320 valid=1.0000 routes=16.166 grad=2.3520 seconds=97.2
Epoch 2989/5000: score=19.779126 loss=-0.283574 valid=1.0000 routes=17.109 grad=2.5827 seconds=93.4
Epoch 2990/5000: score=19.162018 loss=-0.269425 valid=1.0000 routes=16.815 grad=2.3742 seconds=91.1
Epoch 2991/5000: score=18.131827 loss=-0.263531 valid=1.0000 routes=16.875 grad=2.2746 seconds=97.3
Epoch 2992/5000: score=19.731728 loss=-0.289573 valid=1.0000 routes=16.670 grad=2.5577 seconds=95.0
Epoch 2993/5000: score=17.642022 loss=-0.274950 valid=1.0000 routes=15.223 grad=2.1021 seconds=91.5
Epoch 2994/5000: score=18.494585 loss=-0.275628 valid=1.0000 routes=15.602 grad=2.2903 seconds=96.2
Epoch 2995/5000: score=19.410958 loss=-0.287807 valid=1.0000 routes=18.248 grad=2.6199 seconds=96.0
Epoch 2996/5000: score=18.659227 loss=-0.263411 valid=1.0000 routes=17.403 grad=2.3475 seconds=92.3
Epoch 2997/5000: score=19.150769 loss=-0.281631 valid=1.0000 routes=17.198 grad=2.5022 seconds=97.3
Epoch 2998/5000: score=18.459132 loss=-0.285898 valid=1.0000 routes=17.530 grad=2.3871 seconds=93.8
Epoch 2999/5000: score=18.317876 loss=-0.287396 valid=1.0000 routes=16.008 grad=2.2798 seconds=91.4
Epoch 3000/5000: score=17.995839 loss=-0.279486 valid=1.0000 routes=15.883 grad=2.2113 seconds=94.1
Epoch 3001/5000: score=20.148929 loss=-0.291957 valid=1.0000 routes=18.606 grad=2.7702 seconds=95.9
Epoch 3002/5000: score=18.061046 loss=-0.284146 valid=1.0000 routes=15.035 grad=2.1721 seconds=91.5
Epoch 3003/5000: score=19.472052 loss=-0.294315 valid=1.0000 routes=18.166 grad=2.6451 seconds=93.4
Epoch 3004/5000: score=18.098060 loss=-0.281488 valid=1.0000 routes=17.450 grad=2.3582 seconds=94.2
Epoch 3005/5000: score=18.867054 loss=-0.286058 valid=1.0000 routes=16.585 grad=2.4120 seconds=92.9
Epoch 3006/5000: score=18.081176 loss=-0.279553 valid=1.0000 routes=16.220 grad=2.2535 seconds=94.4
Epoch 3007/5000: score=20.181743 loss=-0.295440 valid=1.0000 routes=17.997 grad=2.7064 seconds=97.2
Epoch 3008/5000: score=18.339718 loss=-0.280796 valid=1.0000 routes=16.969 grad=2.2931 seconds=92.7
Epoch 3009/5000: score=17.782102 loss=-0.273584 valid=1.0000 routes=15.994 grad=2.1431 seconds=94.6
Epoch 3010/5000: score=19.536800 loss=-0.290202 valid=1.0000 routes=17.002 grad=2.6257 seconds=96.5
Epoch 3011/5000: score=18.700350 loss=-0.282981 valid=1.0000 routes=16.976 grad=2.4410 seconds=94.4
Epoch 3012/5000: score=19.898736 loss=-0.299784 valid=1.0000 routes=17.047 grad=2.6365 seconds=93.3
Epoch 3013/5000: score=19.045667 loss=-0.283703 valid=1.0000 routes=16.844 grad=2.4282 seconds=95.2
Epoch 3014/5000: score=19.713493 loss=-0.289875 valid=1.0000 routes=17.769 grad=2.5881 seconds=95.8
Epoch 3015/5000: score=18.334363 loss=-0.273972 valid=1.0000 routes=16.581 grad=2.2873 seconds=90.4
Epoch 3016/5000: score=19.110822 loss=-0.281578 valid=1.0000 routes=16.460 grad=2.4231 seconds=95.2
>> Invalid instances, Re-generating ...
Epoch 3017/5000: score=18.265789 loss=-0.266505 valid=1.0000 routes=16.172 grad=2.2878 seconds=96.3
Epoch 3018/5000: score=19.127917 loss=-0.282424 valid=1.0000 routes=16.589 grad=2.4336 seconds=91.6
Epoch 3019/5000: score=18.317492 loss=-0.266395 valid=1.0000 routes=16.612 grad=2.2567 seconds=95.1
Epoch 3020/5000: score=18.777335 loss=-0.286562 valid=1.0000 routes=17.285 grad=2.4564 seconds=95.3
Epoch 3021/5000: score=19.214692 loss=-0.293146 valid=1.0000 routes=16.906 grad=2.4966 seconds=90.1
Epoch 3022/5000: score=18.833752 loss=-0.290408 valid=1.0000 routes=17.384 grad=2.5058 seconds=95.4
Epoch 3023/5000: score=18.706639 loss=-0.291977 valid=1.0000 routes=16.925 grad=2.4176 seconds=94.4
Epoch 3024/5000: score=20.053699 loss=-0.276487 valid=1.0000 routes=18.504 grad=2.6186 seconds=90.0
Epoch 3025/5000: score=18.501661 loss=-0.278057 valid=1.0000 routes=17.054 grad=2.3841 seconds=93.8
Epoch 3026/5000: score=18.548585 loss=-0.290638 valid=1.0000 routes=16.940 grad=2.3509 seconds=94.5
Epoch 3027/5000: score=18.465855 loss=-0.291224 valid=1.0000 routes=15.635 grad=2.3418 seconds=92.5
Epoch 3028/5000: score=18.701751 loss=-0.263600 valid=1.0000 routes=17.316 grad=2.3603 seconds=97.8
Epoch 3029/5000: score=18.760201 loss=-0.280273 valid=1.0000 routes=17.081 grad=2.3995 seconds=96.5
Epoch 3030/5000: score=19.175358 loss=-0.282972 valid=1.0000 routes=18.268 grad=2.5272 seconds=97.2
Epoch 3031/5000: score=19.078661 loss=-0.276275 valid=1.0000 routes=16.836 grad=2.3679 seconds=101.0
Epoch 3032/5000: score=18.970336 loss=-0.292987 valid=1.0000 routes=16.995 grad=2.4800 seconds=101.4
Epoch 3033/5000: score=18.344171 loss=-0.273238 valid=1.0000 routes=16.986 grad=2.3246 seconds=98.1
Epoch 3034/5000: score=19.695103 loss=-0.289262 valid=1.0000 routes=18.088 grad=2.5597 seconds=97.3
Epoch 3035/5000: score=18.593390 loss=-0.277713 valid=1.0000 routes=17.305 grad=2.3386 seconds=97.9
Epoch 3036/5000: score=18.804569 loss=-0.282202 valid=1.0000 routes=16.571 grad=2.3891 seconds=96.2
Epoch 3037/5000: score=18.610649 loss=-0.285694 valid=1.0000 routes=17.595 grad=2.4153 seconds=97.4
Epoch 3038/5000: score=19.170696 loss=-0.286501 valid=1.0000 routes=16.412 grad=2.3916 seconds=98.1
Epoch 3039/5000: score=18.837158 loss=-0.283585 valid=1.0000 routes=17.209 grad=2.3671 seconds=96.0
Epoch 3040/5000: score=18.908069 loss=-0.283049 valid=1.0000 routes=16.733 grad=2.3986 seconds=100.0
Epoch 3041/5000: score=18.957816 loss=-0.288653 valid=1.0000 routes=16.628 grad=2.4495 seconds=96.7
Epoch 3042/5000: score=20.409845 loss=-0.281364 valid=1.0000 routes=18.229 grad=2.6859 seconds=97.5
Epoch 3043/5000: score=17.332178 loss=-0.279684 valid=1.0000 routes=15.289 grad=2.0772 seconds=92.5
Epoch 3044/5000: score=19.063712 loss=-0.281582 valid=1.0000 routes=17.227 grad=2.4934 seconds=93.7
>> Invalid instances, Re-generating ...
Epoch 3045/5000: score=18.922776 loss=-0.278141 valid=1.0000 routes=16.638 grad=2.4130 seconds=96.1
Epoch 3046/5000: score=19.670950 loss=-0.299462 valid=1.0000 routes=16.879 grad=2.5699 seconds=92.0
Epoch 3047/5000: score=18.035905 loss=-0.287121 valid=1.0000 routes=16.966 grad=2.2477 seconds=96.5
Epoch 3048/5000: score=19.021326 loss=-0.290960 valid=1.0000 routes=17.154 grad=2.4907 seconds=97.5
Epoch 3049/5000: score=18.051841 loss=-0.272179 valid=1.0000 routes=16.084 grad=2.1911 seconds=93.3
Epoch 3050/5000: score=17.969214 loss=-0.282157 valid=1.0000 routes=15.307 grad=2.1686 seconds=91.3
Epoch 3051/5000: score=19.003752 loss=-0.291782 valid=1.0000 routes=16.468 grad=2.4154 seconds=96.4
Epoch 3052/5000: score=18.851352 loss=-0.273940 valid=1.0000 routes=17.339 grad=2.4477 seconds=95.0
Epoch 3053/5000: score=19.049651 loss=-0.291249 valid=1.0000 routes=16.771 grad=2.4794 seconds=93.4
Epoch 3054/5000: score=19.154462 loss=-0.288773 valid=1.0000 routes=17.016 grad=2.5154 seconds=97.2
Epoch 3055/5000: score=18.633674 loss=-0.278170 valid=1.0000 routes=17.244 grad=2.3901 seconds=94.8
Epoch 3056/5000: score=19.422251 loss=-0.295480 valid=1.0000 routes=17.551 grad=2.6098 seconds=92.3
Epoch 3057/5000: score=19.229049 loss=-0.299070 valid=1.0000 routes=16.640 grad=2.5514 seconds=95.2
Epoch 3058/5000: score=19.678867 loss=-0.283981 valid=1.0000 routes=17.671 grad=2.5719 seconds=93.9
Epoch 3059/5000: score=19.441233 loss=-0.297878 valid=1.0000 routes=17.100 grad=2.5358 seconds=89.9
Epoch 3060/5000: score=18.025897 loss=-0.277508 valid=1.0000 routes=16.039 grad=2.2464 seconds=94.4
Epoch 3061/5000: score=19.785292 loss=-0.264771 valid=1.0000 routes=17.776 grad=2.5588 seconds=98.9
Epoch 3062/5000: score=19.656019 loss=-0.286104 valid=1.0000 routes=17.558 grad=2.6007 seconds=91.4
Epoch 3063/5000: score=19.613984 loss=-0.278850 valid=1.0000 routes=17.997 grad=2.5980 seconds=96.0
Epoch 3064/5000: score=19.246527 loss=-0.291061 valid=1.0000 routes=17.115 grad=2.5296 seconds=95.4
Epoch 3065/5000: score=18.248277 loss=-0.277078 valid=1.0000 routes=16.842 grad=2.2509 seconds=91.9
>> Invalid instances, Re-generating ...
Epoch 3066/5000: score=20.214782 loss=-0.291442 valid=1.0000 routes=17.603 grad=2.6610 seconds=96.0
Epoch 3067/5000: score=18.260763 loss=-0.286791 valid=1.0000 routes=16.322 grad=2.3217 seconds=96.1
Epoch 3068/5000: score=18.886432 loss=-0.292973 valid=1.0000 routes=16.707 grad=2.4438 seconds=92.8
Epoch 3069/5000: score=20.023798 loss=-0.287960 valid=1.0000 routes=17.215 grad=2.6376 seconds=95.3
Epoch 3070/5000: score=18.869773 loss=-0.274661 valid=1.0000 routes=16.151 grad=2.3541 seconds=97.0
Epoch 3071/5000: score=18.646518 loss=-0.293908 valid=1.0000 routes=15.784 grad=2.3766 seconds=93.4
Epoch 3072/5000: score=17.280667 loss=-0.259857 valid=1.0000 routes=15.449 grad=1.9750 seconds=93.3
Epoch 3073/5000: score=19.476708 loss=-0.288906 valid=1.0000 routes=17.995 grad=2.6229 seconds=95.3
Epoch 3074/5000: score=18.604147 loss=-0.290753 valid=1.0000 routes=17.591 grad=2.4316 seconds=93.1
Epoch 3075/5000: score=19.656700 loss=-0.282785 valid=1.0000 routes=17.575 grad=2.5129 seconds=92.4
Epoch 3076/5000: score=18.258864 loss=-0.277426 valid=1.0000 routes=16.374 grad=2.2713 seconds=95.7
Epoch 3077/5000: score=18.612635 loss=-0.290114 valid=1.0000 routes=17.431 grad=2.4295 seconds=93.8
Epoch 3078/5000: score=18.519404 loss=-0.285973 valid=1.0000 routes=16.458 grad=2.2923 seconds=91.8
Epoch 3079/5000: score=19.981623 loss=-0.291599 valid=1.0000 routes=18.307 grad=2.7202 seconds=96.1
Epoch 3080/5000: score=19.460901 loss=-0.286308 valid=1.0000 routes=17.521 grad=2.5895 seconds=93.4
Epoch 3081/5000: score=18.757951 loss=-0.266196 valid=1.0000 routes=17.493 grad=2.3731 seconds=92.5
Epoch 3082/5000: score=18.968916 loss=-0.306502 valid=1.0000 routes=17.072 grad=2.5253 seconds=96.8
Epoch 3083/5000: score=19.825788 loss=-0.281154 valid=1.0000 routes=17.549 grad=2.5230 seconds=96.0
Epoch 3084/5000: score=18.852695 loss=-0.279842 valid=1.0000 routes=16.895 grad=2.3945 seconds=91.2
Epoch 3085/5000: score=19.152948 loss=-0.284383 valid=1.0000 routes=16.338 grad=2.3412 seconds=95.8
Epoch 3086/5000: score=18.322490 loss=-0.289392 valid=1.0000 routes=16.954 grad=2.3653 seconds=97.8
Epoch 3087/5000: score=18.915570 loss=-0.316291 valid=1.0000 routes=16.650 grad=2.5622 seconds=93.6
Epoch 3088/5000: score=18.254929 loss=-0.289268 valid=1.0000 routes=16.287 grad=2.2854 seconds=94.9
Epoch 3089/5000: score=19.138552 loss=-0.283264 valid=1.0000 routes=17.328 grad=2.4796 seconds=96.7
Epoch 3090/5000: score=18.779524 loss=-0.279656 valid=1.0000 routes=16.346 grad=2.3299 seconds=91.4
Epoch 3091/5000: score=19.973404 loss=-0.273072 valid=1.0000 routes=17.546 grad=2.5704 seconds=93.7
Epoch 3092/5000: score=19.556125 loss=-0.291525 valid=1.0000 routes=17.460 grad=2.6015 seconds=97.1
Epoch 3093/5000: score=18.732459 loss=-0.272742 valid=1.0000 routes=17.206 grad=2.3814 seconds=94.8
Epoch 3094/5000: score=18.972574 loss=-0.289723 valid=1.0000 routes=16.630 grad=2.4972 seconds=92.9
Epoch 3095/5000: score=18.834486 loss=-0.270765 valid=1.0000 routes=17.863 grad=2.4443 seconds=96.7
Epoch 3096/5000: score=19.430424 loss=-0.279708 valid=1.0000 routes=16.864 grad=2.5204 seconds=93.0
Epoch 3097/5000: score=19.960430 loss=-0.291838 valid=1.0000 routes=17.640 grad=2.6000 seconds=92.1
Epoch 3098/5000: score=19.282207 loss=-0.286838 valid=1.0000 routes=17.181 grad=2.5381 seconds=94.3
Epoch 3099/5000: score=18.963309 loss=-0.279054 valid=1.0000 routes=16.851 grad=2.4796 seconds=96.1
Epoch 3100/5000: score=18.597375 loss=-0.280896 valid=1.0000 routes=16.863 grad=2.3579 seconds=91.8
Epoch 3101/5000: score=18.872412 loss=-0.279173 valid=1.0000 routes=16.950 grad=2.4032 seconds=94.9
Epoch 3102/5000: score=19.096406 loss=-0.268831 valid=1.0000 routes=17.193 grad=2.4521 seconds=92.4
Epoch 3103/5000: score=19.667763 loss=-0.295228 valid=1.0000 routes=17.914 grad=2.5977 seconds=91.2
Epoch 3104/5000: score=18.343552 loss=-0.284825 valid=1.0000 routes=16.718 grad=2.3827 seconds=95.7
Epoch 3105/5000: score=18.634793 loss=-0.284291 valid=1.0000 routes=16.163 grad=2.3350 seconds=95.2
Epoch 3106/5000: score=18.349954 loss=-0.276566 valid=1.0000 routes=16.328 grad=2.2828 seconds=91.1
Epoch 3107/5000: score=18.516291 loss=-0.279326 valid=1.0000 routes=16.900 grad=2.3400 seconds=93.8
Epoch 3108/5000: score=18.248990 loss=-0.281328 valid=1.0000 routes=16.617 grad=2.2620 seconds=95.6
Epoch 3109/5000: score=19.294065 loss=-0.290439 valid=1.0000 routes=17.055 grad=2.4297 seconds=92.0
Epoch 3110/5000: score=19.205663 loss=-0.270091 valid=1.0000 routes=17.325 grad=2.3803 seconds=93.7
Epoch 3111/5000: score=18.532349 loss=-0.267679 valid=1.0000 routes=17.812 grad=2.3322 seconds=95.0
Epoch 3112/5000: score=19.068954 loss=-0.294006 valid=1.0000 routes=16.470 grad=2.4409 seconds=91.2
Epoch 3113/5000: score=18.980752 loss=-0.277582 valid=1.0000 routes=16.419 grad=2.3644 seconds=94.3
Epoch 3114/5000: score=19.685567 loss=-0.296302 valid=1.0000 routes=17.259 grad=2.6371 seconds=94.3
Epoch 3115/5000: score=18.771170 loss=-0.283982 valid=1.0000 routes=16.361 grad=2.3115 seconds=92.7
Epoch 3116/5000: score=19.246062 loss=-0.278687 valid=1.0000 routes=17.315 grad=2.4479 seconds=92.2
Epoch 3117/5000: score=18.907046 loss=-0.279373 valid=1.0000 routes=16.901 grad=2.3902 seconds=94.1
Epoch 3118/5000: score=19.523337 loss=-0.276538 valid=1.0000 routes=17.814 grad=2.5181 seconds=95.9
Epoch 3119/5000: score=18.969614 loss=-0.276277 valid=1.0000 routes=17.946 grad=2.4779 seconds=91.3
Epoch 3120/5000: score=18.371324 loss=-0.291381 valid=1.0000 routes=16.368 grad=2.3584 seconds=95.7
Epoch 3121/5000: score=19.473401 loss=-0.274307 valid=1.0000 routes=18.197 grad=2.5498 seconds=97.0
Epoch 3122/5000: score=18.692210 loss=-0.280800 valid=1.0000 routes=16.227 grad=2.2810 seconds=91.7
Epoch 3123/5000: score=19.050128 loss=-0.277835 valid=1.0000 routes=17.103 grad=2.4160 seconds=92.4
Epoch 3124/5000: score=18.811668 loss=-0.302938 valid=1.0000 routes=16.325 grad=2.4418 seconds=96.0
Epoch 3125/5000: score=18.162480 loss=-0.278443 valid=1.0000 routes=16.324 grad=2.2971 seconds=93.8
Epoch 3126/5000: score=19.497277 loss=-0.278559 valid=1.0000 routes=17.797 grad=2.5481 seconds=93.0
Epoch 3127/5000: score=18.581467 loss=-0.284010 valid=1.0000 routes=15.740 grad=2.3116 seconds=94.0
Epoch 3128/5000: score=19.460486 loss=-0.290632 valid=1.0000 routes=17.411 grad=2.6139 seconds=96.7
Epoch 3129/5000: score=17.422546 loss=-0.282224 valid=1.0000 routes=15.250 grad=2.1447 seconds=92.9
>> Invalid instances, Re-generating ...
Epoch 3130/5000: score=18.845775 loss=-0.277755 valid=1.0000 routes=16.904 grad=2.3919 seconds=96.3
Epoch 3131/5000: score=19.714583 loss=-0.291830 valid=1.0000 routes=17.113 grad=2.5820 seconds=94.8
Epoch 3132/5000: score=18.066344 loss=-0.274363 valid=1.0000 routes=16.980 grad=2.2700 seconds=91.9
Epoch 3133/5000: score=19.471865 loss=-0.274465 valid=1.0000 routes=16.943 grad=2.4310 seconds=93.7
>> Invalid instances, Re-generating ...
Epoch 3134/5000: score=19.403930 loss=-0.271126 valid=1.0000 routes=17.506 grad=2.4653 seconds=94.3
Epoch 3135/5000: score=20.043508 loss=-0.293360 valid=1.0000 routes=17.294 grad=2.5625 seconds=94.6
Epoch 3136/5000: score=18.682127 loss=-0.281326 valid=1.0000 routes=16.016 grad=2.3323 seconds=93.2
Epoch 3137/5000: score=18.934457 loss=-0.272620 valid=1.0000 routes=16.199 grad=2.3114 seconds=94.7
Epoch 3138/5000: score=19.356498 loss=-0.288747 valid=1.0000 routes=17.685 grad=2.4887 seconds=96.5
Epoch 3139/5000: score=18.467294 loss=-0.294089 valid=1.0000 routes=15.906 grad=2.3153 seconds=93.3
Epoch 3140/5000: score=19.386546 loss=-0.274212 valid=1.0000 routes=16.752 grad=2.4500 seconds=94.5
Epoch 3141/5000: score=18.923250 loss=-0.274465 valid=1.0000 routes=17.514 grad=2.4268 seconds=93.7
Epoch 3142/5000: score=18.666897 loss=-0.271215 valid=1.0000 routes=17.817 grad=2.3601 seconds=94.6
Epoch 3143/5000: score=18.099624 loss=-0.286872 valid=1.0000 routes=15.671 grad=2.2260 seconds=92.8
Epoch 3144/5000: score=18.607349 loss=-0.277733 valid=1.0000 routes=17.173 grad=2.3355 seconds=97.6
Epoch 3145/5000: score=18.790628 loss=-0.295123 valid=1.0000 routes=16.812 grad=2.4758 seconds=95.4
Epoch 3146/5000: score=18.861754 loss=-0.290655 valid=1.0000 routes=17.443 grad=2.4851 seconds=92.0
Epoch 3147/5000: score=17.712500 loss=-0.276246 valid=1.0000 routes=16.090 grad=2.1588 seconds=93.0
Epoch 3148/5000: score=18.047923 loss=-0.274031 valid=1.0000 routes=15.967 grad=2.2318 seconds=95.0
Epoch 3149/5000: score=18.550376 loss=-0.271364 valid=1.0000 routes=17.118 grad=2.2968 seconds=95.2
Epoch 3150/5000: score=19.250024 loss=-0.279629 valid=1.0000 routes=17.424 grad=2.4411 seconds=90.9
Epoch 3151/5000: score=19.147724 loss=-0.278282 valid=1.0000 routes=17.278 grad=2.4753 seconds=95.3
Epoch 3152/5000: score=18.988978 loss=-0.286810 valid=1.0000 routes=16.486 grad=2.4105 seconds=95.6
Epoch 3153/5000: score=18.492668 loss=-0.280528 valid=1.0000 routes=17.098 grad=2.4430 seconds=91.9
Epoch 3154/5000: score=18.722444 loss=-0.288583 valid=1.0000 routes=15.643 grad=2.3212 seconds=92.8
Epoch 3155/5000: score=18.791770 loss=-0.275248 valid=1.0000 routes=18.253 grad=2.4885 seconds=95.6
Epoch 3156/5000: score=18.550463 loss=-0.263539 valid=1.0000 routes=16.213 grad=2.2230 seconds=96.0
>> Invalid instances, Re-generating ...
Epoch 3157/5000: score=19.143459 loss=-0.290130 valid=1.0000 routes=17.014 grad=2.5581 seconds=94.0
Epoch 3158/5000: score=18.266612 loss=-0.280363 valid=1.0000 routes=16.037 grad=2.2358 seconds=94.6
Epoch 3159/5000: score=19.409685 loss=-0.288684 valid=1.0000 routes=17.228 grad=2.4911 seconds=95.3
Epoch 3160/5000: score=18.849626 loss=-0.285523 valid=1.0000 routes=16.815 grad=2.4234 seconds=92.8
Epoch 3161/5000: score=19.122268 loss=-0.284753 valid=1.0000 routes=16.934 grad=2.4542 seconds=92.6
Epoch 3162/5000: score=17.674646 loss=-0.273275 valid=1.0000 routes=16.096 grad=2.1039 seconds=94.7
Epoch 3163/5000: score=18.768747 loss=-0.274912 valid=1.0000 routes=16.886 grad=2.3420 seconds=95.6
Epoch 3164/5000: score=18.780230 loss=-0.298575 valid=1.0000 routes=15.707 grad=2.4132 seconds=92.8
Epoch 3165/5000: score=17.981200 loss=-0.277081 valid=1.0000 routes=16.699 grad=2.2724 seconds=93.7
Epoch 3166/5000: score=18.563029 loss=-0.294132 valid=1.0000 routes=16.556 grad=2.3630 seconds=93.8
Epoch 3167/5000: score=18.801814 loss=-0.285305 valid=1.0000 routes=16.736 grad=2.4561 seconds=95.8
Epoch 3168/5000: score=18.780657 loss=-0.280982 valid=1.0000 routes=16.714 grad=2.3556 seconds=92.7
Epoch 3169/5000: score=19.077237 loss=-0.297497 valid=1.0000 routes=15.912 grad=2.4788 seconds=94.3
Epoch 3170/5000: score=18.985146 loss=-0.278405 valid=1.0000 routes=16.689 grad=2.3720 seconds=93.5
Epoch 3171/5000: score=19.731082 loss=-0.277179 valid=1.0000 routes=18.534 grad=2.5582 seconds=93.0
Epoch 3172/5000: score=18.585069 loss=-0.275581 valid=1.0000 routes=16.739 grad=2.3358 seconds=91.5
Epoch 3173/5000: score=17.861899 loss=-0.268264 valid=1.0000 routes=16.797 grad=2.1750 seconds=95.8
>> Invalid instances, Re-generating ...
Epoch 3174/5000: score=20.907088 loss=-0.277503 valid=1.0000 routes=17.923 grad=2.7554 seconds=92.6
Epoch 3175/5000: score=18.919770 loss=-0.281489 valid=1.0000 routes=16.227 grad=2.4404 seconds=90.3
Epoch 3176/5000: score=19.372844 loss=-0.276868 valid=1.0000 routes=17.655 grad=2.4971 seconds=94.3
Epoch 3177/5000: score=18.617598 loss=-0.285290 valid=1.0000 routes=17.471 grad=2.3772 seconds=92.6
Epoch 3178/5000: score=19.735883 loss=-0.299522 valid=1.0000 routes=17.349 grad=2.6195 seconds=91.3
Epoch 3179/5000: score=18.813147 loss=-0.300300 valid=1.0000 routes=16.654 grad=2.4338 seconds=93.2
Epoch 3180/5000: score=19.132984 loss=-0.298864 valid=1.0000 routes=17.035 grad=2.4926 seconds=95.4
Epoch 3181/5000: score=18.666806 loss=-0.282167 valid=1.0000 routes=16.633 grad=2.3509 seconds=95.7
Epoch 3182/5000: score=18.560497 loss=-0.274777 valid=1.0000 routes=16.596 grad=2.3678 seconds=91.9
Epoch 3183/5000: score=18.389898 loss=-0.265973 valid=1.0000 routes=16.791 grad=2.2182 seconds=94.3
Epoch 3184/5000: score=19.265997 loss=-0.282216 valid=1.0000 routes=16.899 grad=2.4502 seconds=96.7
Epoch 3185/5000: score=19.262031 loss=-0.270150 valid=1.0000 routes=17.912 grad=2.4830 seconds=92.1
Epoch 3186/5000: score=19.040410 loss=-0.285188 valid=1.0000 routes=17.350 grad=2.4820 seconds=93.6
Epoch 3187/5000: score=18.226104 loss=-0.289189 valid=1.0000 routes=15.943 grad=2.3105 seconds=95.0
Epoch 3188/5000: score=18.649450 loss=-0.288443 valid=1.0000 routes=16.531 grad=2.4338 seconds=95.5
Epoch 3189/5000: score=19.253002 loss=-0.276871 valid=1.0000 routes=17.392 grad=2.4522 seconds=91.4
Epoch 3190/5000: score=17.329951 loss=-0.283950 valid=1.0000 routes=15.212 grad=2.0940 seconds=93.4
Epoch 3191/5000: score=19.321057 loss=-0.278595 valid=1.0000 routes=17.489 grad=2.5389 seconds=95.4
Epoch 3192/5000: score=19.403849 loss=-0.275431 valid=1.0000 routes=17.027 grad=2.4782 seconds=92.9
Epoch 3193/5000: score=19.046869 loss=-0.297100 valid=1.0000 routes=16.534 grad=2.4563 seconds=92.1
Epoch 3194/5000: score=18.166996 loss=-0.278869 valid=1.0000 routes=16.495 grad=2.2317 seconds=96.2
Epoch 3195/5000: score=19.855450 loss=-0.293591 valid=1.0000 routes=17.870 grad=2.6681 seconds=93.7
Epoch 3196/5000: score=18.727915 loss=-0.288584 valid=1.0000 routes=16.819 grad=2.4187 seconds=92.0
Epoch 3197/5000: score=18.792933 loss=-0.289827 valid=1.0000 routes=16.190 grad=2.4113 seconds=96.1
Epoch 3198/5000: score=19.665637 loss=-0.281948 valid=1.0000 routes=17.601 grad=2.5505 seconds=94.9
Epoch 3199/5000: score=20.121366 loss=-0.298885 valid=1.0000 routes=17.311 grad=2.6714 seconds=92.0
Epoch 3200/5000: score=18.878780 loss=-0.280855 valid=1.0000 routes=17.019 grad=2.4156 seconds=95.0
Epoch 3201/5000: score=18.576508 loss=-0.282327 valid=1.0000 routes=16.862 grad=2.3692 seconds=95.8
Epoch 3202/5000: score=17.374646 loss=-0.270775 valid=1.0000 routes=15.755 grad=2.1155 seconds=93.6
Epoch 3203/5000: score=17.860649 loss=-0.270362 valid=1.0000 routes=15.477 grad=2.1429 seconds=93.2
Epoch 3204/5000: score=17.854246 loss=-0.276218 valid=1.0000 routes=15.392 grad=2.1812 seconds=95.7
Epoch 3205/5000: score=19.274548 loss=-0.284466 valid=1.0000 routes=17.418 grad=2.4662 seconds=95.7
Epoch 3206/5000: score=18.766338 loss=-0.278683 valid=1.0000 routes=16.759 grad=2.3432 seconds=92.4
Epoch 3207/5000: score=18.953989 loss=-0.278832 valid=1.0000 routes=17.263 grad=2.4201 seconds=94.3
Epoch 3208/5000: score=18.282613 loss=-0.280138 valid=1.0000 routes=17.080 grad=2.3985 seconds=94.8
Epoch 3209/5000: score=18.707340 loss=-0.287074 valid=1.0000 routes=16.792 grad=2.3990 seconds=93.4
Epoch 3210/5000: score=19.449147 loss=-0.274269 valid=1.0000 routes=18.627 grad=2.5270 seconds=93.0
Epoch 3211/5000: score=18.776450 loss=-0.276985 valid=1.0000 routes=17.050 grad=2.3792 seconds=95.3
Epoch 3212/5000: score=17.966612 loss=-0.275373 valid=1.0000 routes=16.183 grad=2.1780 seconds=94.0
Epoch 3213/5000: score=19.458682 loss=-0.290579 valid=1.0000 routes=17.872 grad=2.6140 seconds=91.1
Epoch 3214/5000: score=18.631536 loss=-0.294139 valid=1.0000 routes=16.267 grad=2.3447 seconds=94.1
Epoch 3215/5000: score=18.645075 loss=-0.286214 valid=1.0000 routes=16.954 grad=2.3539 seconds=95.7
Epoch 3216/5000: score=18.535133 loss=-0.283939 valid=1.0000 routes=15.835 grad=2.3143 seconds=92.8
Epoch 3217/5000: score=18.972262 loss=-0.290045 valid=1.0000 routes=16.908 grad=2.4538 seconds=92.3
>> Invalid instances, Re-generating ...
Epoch 3218/5000: score=18.592737 loss=-0.285466 valid=1.0000 routes=17.286 grad=2.4470 seconds=96.0
Epoch 3219/5000: score=19.479546 loss=-0.293718 valid=1.0000 routes=17.141 grad=2.5538 seconds=97.2
Epoch 3220/5000: score=18.338906 loss=-0.259516 valid=1.0000 routes=17.101 grad=2.2512 seconds=91.6
Epoch 3221/5000: score=19.071952 loss=-0.282600 valid=1.0000 routes=17.781 grad=2.4600 seconds=93.5
Epoch 3222/5000: score=19.046366 loss=-0.282592 valid=1.0000 routes=16.312 grad=2.3394 seconds=94.2
Epoch 3223/5000: score=18.786300 loss=-0.285901 valid=1.0000 routes=16.650 grad=2.4112 seconds=95.7
Epoch 3224/5000: score=19.131624 loss=-0.295287 valid=1.0000 routes=17.274 grad=2.5391 seconds=92.7
Epoch 3225/5000: score=18.640682 loss=-0.285967 valid=1.0000 routes=16.203 grad=2.3422 seconds=96.8
Epoch 3226/5000: score=18.618857 loss=-0.280783 valid=1.0000 routes=16.998 grad=2.3435 seconds=96.4
Epoch 3227/5000: score=18.656834 loss=-0.282419 valid=1.0000 routes=16.182 grad=2.3290 seconds=93.1
Epoch 3228/5000: score=18.722788 loss=-0.282303 valid=1.0000 routes=17.598 grad=2.4748 seconds=91.6
Epoch 3229/5000: score=18.911876 loss=-0.284092 valid=1.0000 routes=16.171 grad=2.3685 seconds=96.6
Epoch 3230/5000: score=19.930214 loss=-0.285585 valid=1.0000 routes=17.977 grad=2.5982 seconds=96.9
Epoch 3231/5000: score=19.616248 loss=-0.287376 valid=1.0000 routes=16.476 grad=2.5298 seconds=92.6
Epoch 3232/5000: score=19.633543 loss=-0.286166 valid=1.0000 routes=16.927 grad=2.5512 seconds=94.2
Epoch 3233/5000: score=19.267882 loss=-0.279169 valid=1.0000 routes=17.478 grad=2.4323 seconds=96.0
Epoch 3234/5000: score=19.641167 loss=-0.272425 valid=1.0000 routes=17.965 grad=2.5280 seconds=94.4
Epoch 3235/5000: score=18.916556 loss=-0.293628 valid=1.0000 routes=17.120 grad=2.4479 seconds=90.9
Epoch 3236/5000: score=18.423997 loss=-0.272256 valid=1.0000 routes=16.287 grad=2.2574 seconds=95.9
Epoch 3237/5000: score=18.907525 loss=-0.285509 valid=1.0000 routes=16.369 grad=2.4119 seconds=95.5
Epoch 3238/5000: score=19.203913 loss=-0.279677 valid=1.0000 routes=17.554 grad=2.4395 seconds=91.5
Epoch 3239/5000: score=17.808579 loss=-0.270967 valid=1.0000 routes=16.053 grad=2.1538 seconds=93.0
Epoch 3240/5000: score=19.936893 loss=-0.275169 valid=1.0000 routes=16.636 grad=2.4973 seconds=92.8
Epoch 3241/5000: score=18.915221 loss=-0.282519 valid=1.0000 routes=16.598 grad=2.3577 seconds=94.6
Epoch 3242/5000: score=19.331088 loss=-0.286481 valid=1.0000 routes=17.300 grad=2.5117 seconds=91.6
Epoch 3243/5000: score=18.194125 loss=-0.272569 valid=1.0000 routes=17.501 grad=2.2788 seconds=94.9
Epoch 3244/5000: score=18.973170 loss=-0.274466 valid=1.0000 routes=16.802 grad=2.4137 seconds=96.7
Epoch 3245/5000: score=19.027354 loss=-0.292752 valid=1.0000 routes=16.881 grad=2.5060 seconds=93.6
Epoch 3246/5000: score=20.038450 loss=-0.290290 valid=1.0000 routes=17.622 grad=2.6781 seconds=92.6
Epoch 3247/5000: score=18.501039 loss=-0.277378 valid=1.0000 routes=17.201 grad=2.3370 seconds=94.1
Epoch 3248/5000: score=18.527829 loss=-0.270443 valid=1.0000 routes=16.756 grad=2.2860 seconds=94.1
Epoch 3249/5000: score=19.186781 loss=-0.276187 valid=1.0000 routes=17.258 grad=2.4613 seconds=91.8
Epoch 3250/5000: score=18.233152 loss=-0.287718 valid=1.0000 routes=16.752 grad=2.3279 seconds=93.2
Epoch 3251/5000: score=18.839388 loss=-0.286073 valid=1.0000 routes=16.884 grad=2.3948 seconds=95.3
>> Invalid instances, Re-generating ...
Epoch 3252/5000: score=19.231089 loss=-0.272141 valid=1.0000 routes=18.052 grad=2.5057 seconds=92.7
Epoch 3253/5000: score=18.723953 loss=-0.267841 valid=1.0000 routes=16.573 grad=2.3526 seconds=92.4
Epoch 3254/5000: score=18.745515 loss=-0.266423 valid=1.0000 routes=16.793 grad=2.3255 seconds=94.8
Epoch 3255/5000: score=18.188480 loss=-0.277141 valid=1.0000 routes=16.951 grad=2.3110 seconds=96.2
Epoch 3256/5000: score=18.431792 loss=-0.284570 valid=1.0000 routes=16.142 grad=2.2979 seconds=93.3
Epoch 3257/5000: score=19.174699 loss=-0.287912 valid=1.0000 routes=17.226 grad=2.5242 seconds=94.7
Epoch 3258/5000: score=20.078293 loss=-0.283529 valid=1.0000 routes=18.050 grad=2.6485 seconds=95.3
Epoch 3259/5000: score=19.902340 loss=-0.286673 valid=1.0000 routes=17.917 grad=2.6694 seconds=94.2
Epoch 3260/5000: score=19.296127 loss=-0.289038 valid=1.0000 routes=15.912 grad=2.4412 seconds=93.2
Epoch 3261/5000: score=18.345601 loss=-0.288456 valid=1.0000 routes=15.785 grad=2.2852 seconds=96.1
Epoch 3262/5000: score=19.522060 loss=-0.275931 valid=1.0000 routes=17.645 grad=2.5230 seconds=95.1
Epoch 3263/5000: score=19.285371 loss=-0.276412 valid=1.0000 routes=17.774 grad=2.5051 seconds=93.5
Epoch 3264/5000: score=18.575226 loss=-0.276400 valid=1.0000 routes=16.411 grad=2.2632 seconds=91.3
Epoch 3265/5000: score=18.479824 loss=-0.284091 valid=1.0000 routes=16.568 grad=2.3106 seconds=95.5
Epoch 3266/5000: score=18.647103 loss=-0.279052 valid=1.0000 routes=16.243 grad=2.2731 seconds=94.5
Epoch 3267/5000: score=18.484346 loss=-0.272254 valid=1.0000 routes=16.289 grad=2.2796 seconds=91.6
Epoch 3268/5000: score=19.576564 loss=-0.274162 valid=1.0000 routes=17.207 grad=2.5539 seconds=93.9
Epoch 3269/5000: score=19.172340 loss=-0.293094 valid=1.0000 routes=16.788 grad=2.4580 seconds=95.3
Epoch 3270/5000: score=18.376396 loss=-0.280338 valid=1.0000 routes=16.211 grad=2.2643 seconds=92.2
Epoch 3271/5000: score=18.183111 loss=-0.268468 valid=1.0000 routes=17.163 grad=2.2094 seconds=90.7
Epoch 3272/5000: score=19.665590 loss=-0.286120 valid=1.0000 routes=17.259 grad=2.5401 seconds=95.0
Epoch 3273/5000: score=20.050260 loss=-0.283446 valid=1.0000 routes=18.399 grad=2.6721 seconds=94.6
Epoch 3274/5000: score=17.993599 loss=-0.269980 valid=1.0000 routes=16.669 grad=2.2116 seconds=91.3
Epoch 3275/5000: score=18.405301 loss=-0.267433 valid=1.0000 routes=17.278 grad=2.3125 seconds=94.9
Epoch 3276/5000: score=17.872661 loss=-0.269550 valid=1.0000 routes=16.912 grad=2.1838 seconds=96.4
Epoch 3277/5000: score=18.192877 loss=-0.291134 valid=1.0000 routes=15.286 grad=2.2631 seconds=93.5
Epoch 3278/5000: score=18.013768 loss=-0.281403 valid=1.0000 routes=15.273 grad=2.2286 seconds=92.5
Epoch 3279/5000: score=18.879101 loss=-0.284963 valid=1.0000 routes=17.130 grad=2.4177 seconds=94.9
Epoch 3280/5000: score=19.622873 loss=-0.281108 valid=1.0000 routes=17.907 grad=2.5879 seconds=95.1
Epoch 3281/5000: score=18.980043 loss=-0.282507 valid=1.0000 routes=16.639 grad=2.3625 seconds=90.7
Epoch 3282/5000: score=18.955890 loss=-0.273524 valid=1.0000 routes=16.408 grad=2.4027 seconds=94.7
Epoch 3283/5000: score=18.094099 loss=-0.274380 valid=1.0000 routes=16.697 grad=2.2675 seconds=96.0
Epoch 3284/5000: score=18.500421 loss=-0.286443 valid=1.0000 routes=17.320 grad=2.3855 seconds=94.4
Epoch 3285/5000: score=19.830438 loss=-0.273841 valid=1.0000 routes=18.436 grad=2.5869 seconds=91.8
Epoch 3286/5000: score=19.695867 loss=-0.279275 valid=1.0000 routes=17.918 grad=2.5836 seconds=96.5
Epoch 3287/5000: score=18.926727 loss=-0.277420 valid=1.0000 routes=16.579 grad=2.3734 seconds=94.7
Epoch 3288/5000: score=17.843321 loss=-0.271079 valid=1.0000 routes=16.842 grad=2.2211 seconds=94.1
Epoch 3289/5000: score=19.150187 loss=-0.287067 valid=1.0000 routes=16.075 grad=2.3993 seconds=93.6
Epoch 3290/5000: score=19.473652 loss=-0.276316 valid=1.0000 routes=17.846 grad=2.5396 seconds=95.4
Epoch 3291/5000: score=19.959907 loss=-0.285556 valid=1.0000 routes=17.663 grad=2.6774 seconds=95.2
Epoch 3292/5000: score=19.991591 loss=-0.282024 valid=1.0000 routes=17.988 grad=2.6586 seconds=92.6
Epoch 3293/5000: score=18.270524 loss=-0.281604 valid=1.0000 routes=15.455 grad=2.2029 seconds=94.3
Epoch 3294/5000: score=18.937321 loss=-0.281356 valid=1.0000 routes=16.586 grad=2.3730 seconds=94.3
Epoch 3295/5000: score=19.880577 loss=-0.290232 valid=1.0000 routes=17.760 grad=2.7078 seconds=93.7
Epoch 3296/5000: score=17.524288 loss=-0.270125 valid=1.0000 routes=15.981 grad=2.1182 seconds=91.7
Epoch 3297/5000: score=20.066784 loss=-0.279824 valid=1.0000 routes=16.811 grad=2.5420 seconds=95.5
Epoch 3298/5000: score=19.466069 loss=-0.289926 valid=1.0000 routes=16.715 grad=2.5342 seconds=94.4
Epoch 3299/5000: score=19.445005 loss=-0.281423 valid=1.0000 routes=17.156 grad=2.4875 seconds=92.5
Epoch 3300/5000: score=19.648007 loss=-0.284861 valid=1.0000 routes=17.142 grad=2.5449 seconds=95.1
Epoch 3301/5000: score=19.063512 loss=-0.281959 valid=1.0000 routes=16.872 grad=2.3761 seconds=95.4
Epoch 3302/5000: score=18.376810 loss=-0.278308 valid=1.0000 routes=16.206 grad=2.2324 seconds=92.9
Epoch 3303/5000: score=19.452920 loss=-0.278279 valid=1.0000 routes=18.177 grad=2.5824 seconds=92.2
Epoch 3304/5000: score=19.599062 loss=-0.289450 valid=1.0000 routes=17.772 grad=2.5744 seconds=95.4
Epoch 3305/5000: score=19.104235 loss=-0.280364 valid=1.0000 routes=17.418 grad=2.4515 seconds=95.6
Epoch 3306/5000: score=19.602127 loss=-0.288034 valid=1.0000 routes=17.611 grad=2.5646 seconds=92.4
Epoch 3307/5000: score=19.447756 loss=-0.286809 valid=1.0000 routes=17.290 grad=2.5057 seconds=93.8
Epoch 3308/5000: score=18.279977 loss=-0.267371 valid=1.0000 routes=16.051 grad=2.1819 seconds=94.7
Epoch 3309/5000: score=18.618948 loss=-0.278707 valid=1.0000 routes=16.845 grad=2.3287 seconds=93.2
Epoch 3310/5000: score=19.283702 loss=-0.275098 valid=1.0000 routes=17.127 grad=2.4814 seconds=91.2
Epoch 3311/5000: score=18.443205 loss=-0.270548 valid=1.0000 routes=17.383 grad=2.3153 seconds=95.9
Epoch 3312/5000: score=18.290102 loss=-0.293548 valid=1.0000 routes=16.306 grad=2.3324 seconds=95.1
Epoch 3313/5000: score=19.329590 loss=-0.296428 valid=1.0000 routes=16.289 grad=2.4874 seconds=93.9
Epoch 3314/5000: score=20.093265 loss=-0.276583 valid=1.0000 routes=18.235 grad=2.6513 seconds=93.6
Epoch 3315/5000: score=18.977448 loss=-0.270843 valid=1.0000 routes=16.832 grad=2.3908 seconds=95.8
Epoch 3316/5000: score=19.057352 loss=-0.277851 valid=1.0000 routes=17.073 grad=2.4120 seconds=92.3
Epoch 3317/5000: score=19.656562 loss=-0.278736 valid=1.0000 routes=17.635 grad=2.4974 seconds=90.3
Epoch 3318/5000: score=18.373652 loss=-0.281075 valid=1.0000 routes=15.606 grad=2.2159 seconds=93.0
Epoch 3319/5000: score=18.962325 loss=-0.286943 valid=1.0000 routes=16.726 grad=2.3883 seconds=93.5
Epoch 3320/5000: score=17.623779 loss=-0.281599 valid=1.0000 routes=15.130 grad=2.0934 seconds=91.7
Epoch 3321/5000: score=18.182061 loss=-0.278513 valid=1.0000 routes=16.182 grad=2.2879 seconds=92.4
Epoch 3322/5000: score=19.681491 loss=-0.281687 valid=1.0000 routes=17.584 grad=2.5640 seconds=93.6
Epoch 3323/5000: score=18.454865 loss=-0.269944 valid=1.0000 routes=16.507 grad=2.2474 seconds=93.2
Epoch 3324/5000: score=18.742714 loss=-0.277676 valid=1.0000 routes=16.698 grad=2.3818 seconds=91.7
Epoch 3325/5000: score=18.250583 loss=-0.300496 valid=1.0000 routes=15.955 grad=2.2924 seconds=96.0
Epoch 3326/5000: score=17.898419 loss=-0.289470 valid=1.0000 routes=15.614 grad=2.2671 seconds=94.4
Epoch 3327/5000: score=18.760289 loss=-0.273482 valid=1.0000 routes=17.214 grad=2.3709 seconds=93.5
Epoch 3328/5000: score=18.150614 loss=-0.284444 valid=1.0000 routes=15.835 grad=2.2537 seconds=92.4
Epoch 3329/5000: score=18.253631 loss=-0.277842 valid=1.0000 routes=16.368 grad=2.2716 seconds=94.6
Epoch 3330/5000: score=18.709022 loss=-0.269450 valid=1.0000 routes=17.371 grad=2.3484 seconds=96.5
Epoch 3331/5000: score=18.699928 loss=-0.276401 valid=1.0000 routes=16.990 grad=2.4019 seconds=90.7
>> Invalid instances, Re-generating ...
Epoch 3332/5000: score=19.056607 loss=-0.270439 valid=1.0000 routes=16.246 grad=2.2979 seconds=94.9
Epoch 3333/5000: score=18.178111 loss=-0.276654 valid=1.0000 routes=15.997 grad=2.1888 seconds=95.0
Epoch 3334/5000: score=19.287906 loss=-0.285695 valid=1.0000 routes=17.803 grad=2.5883 seconds=94.2
Epoch 3335/5000: score=18.801165 loss=-0.268213 valid=1.0000 routes=16.972 grad=2.2963 seconds=92.6
Epoch 3336/5000: score=18.416262 loss=-0.295577 valid=1.0000 routes=15.866 grad=2.2697 seconds=95.8
Epoch 3337/5000: score=18.591619 loss=-0.288617 valid=1.0000 routes=16.339 grad=2.3592 seconds=95.0
Epoch 3338/5000: score=18.883467 loss=-0.269332 valid=1.0000 routes=17.283 grad=2.3775 seconds=91.2
Epoch 3339/5000: score=18.444602 loss=-0.280160 valid=1.0000 routes=16.273 grad=2.2748 seconds=94.2
Epoch 3340/5000: score=17.995699 loss=-0.277029 valid=1.0000 routes=16.262 grad=2.2229 seconds=94.5
Epoch 3341/5000: score=19.691674 loss=-0.275156 valid=1.0000 routes=17.255 grad=2.5445 seconds=94.3
Epoch 3342/5000: score=19.427611 loss=-0.279694 valid=1.0000 routes=18.021 grad=2.4723 seconds=91.1
Epoch 3343/5000: score=18.324544 loss=-0.275455 valid=1.0000 routes=16.473 grad=2.3059 seconds=94.5
Epoch 3344/5000: score=18.462552 loss=-0.277736 valid=1.0000 routes=15.753 grad=2.2408 seconds=95.9
Epoch 3345/5000: score=18.412488 loss=-0.269673 valid=1.0000 routes=16.543 grad=2.3261 seconds=93.5
Epoch 3346/5000: score=18.074148 loss=-0.273870 valid=1.0000 routes=16.113 grad=2.1912 seconds=92.2
Epoch 3347/5000: score=19.552212 loss=-0.293045 valid=1.0000 routes=17.293 grad=2.5485 seconds=95.3
Epoch 3348/5000: score=19.364263 loss=-0.290894 valid=1.0000 routes=18.036 grad=2.5856 seconds=94.4
Epoch 3349/5000: score=19.626549 loss=-0.277115 valid=1.0000 routes=17.298 grad=2.5059 seconds=89.6
Epoch 3350/5000: score=19.616213 loss=-0.290585 valid=1.0000 routes=17.237 grad=2.5694 seconds=95.2
Epoch 3351/5000: score=18.230734 loss=-0.281338 valid=1.0000 routes=15.481 grad=2.2254 seconds=94.4
Epoch 3352/5000: score=19.104311 loss=-0.263969 valid=1.0000 routes=17.938 grad=2.4150 seconds=93.5
Epoch 3353/5000: score=19.222502 loss=-0.277757 valid=1.0000 routes=16.791 grad=2.4739 seconds=92.2
Epoch 3354/5000: score=19.140751 loss=-0.261297 valid=1.0000 routes=16.915 grad=2.3811 seconds=95.2
Epoch 3355/5000: score=19.287298 loss=-0.285351 valid=1.0000 routes=16.963 grad=2.4871 seconds=92.8
Epoch 3356/5000: score=18.482518 loss=-0.265110 valid=1.0000 routes=16.663 grad=2.2588 seconds=90.2
Epoch 3357/5000: score=19.231503 loss=-0.285660 valid=1.0000 routes=17.019 grad=2.5176 seconds=95.1
Epoch 3358/5000: score=18.374707 loss=-0.272214 valid=1.0000 routes=16.776 grad=2.3516 seconds=95.3
Epoch 3359/5000: score=19.066815 loss=-0.267021 valid=1.0000 routes=17.326 grad=2.3956 seconds=92.9
Epoch 3360/5000: score=19.024962 loss=-0.282881 valid=1.0000 routes=17.002 grad=2.4440 seconds=92.6
Epoch 3361/5000: score=18.235408 loss=-0.278310 valid=1.0000 routes=16.550 grad=2.2445 seconds=95.1
Epoch 3362/5000: score=18.990634 loss=-0.275270 valid=1.0000 routes=17.478 grad=2.4182 seconds=95.2
Epoch 3363/5000: score=18.123185 loss=-0.283608 valid=1.0000 routes=16.157 grad=2.3185 seconds=92.3
Epoch 3364/5000: score=19.582659 loss=-0.293984 valid=1.0000 routes=17.024 grad=2.5737 seconds=93.9
Epoch 3365/5000: score=18.219066 loss=-0.283018 valid=1.0000 routes=16.003 grad=2.3029 seconds=96.6
Epoch 3366/5000: score=19.285784 loss=-0.273796 valid=1.0000 routes=17.282 grad=2.4333 seconds=93.8
Epoch 3367/5000: score=18.752269 loss=-0.281777 valid=1.0000 routes=16.714 grad=2.3675 seconds=91.3
Epoch 3368/5000: score=19.148272 loss=-0.276009 valid=1.0000 routes=16.716 grad=2.4399 seconds=96.5
Epoch 3369/5000: score=18.394365 loss=-0.292025 valid=1.0000 routes=16.733 grad=2.4143 seconds=95.3
Epoch 3370/5000: score=18.723634 loss=-0.283924 valid=1.0000 routes=16.401 grad=2.3959 seconds=92.9
Epoch 3371/5000: score=18.450919 loss=-0.257890 valid=1.0000 routes=16.780 grad=2.2882 seconds=93.3
Epoch 3372/5000: score=19.517063 loss=-0.284428 valid=1.0000 routes=17.600 grad=2.5486 seconds=96.4
Epoch 3373/5000: score=19.079357 loss=-0.278929 valid=1.0000 routes=16.970 grad=2.4122 seconds=95.0
Epoch 3374/5000: score=18.957499 loss=-0.280271 valid=1.0000 routes=16.959 grad=2.4014 seconds=93.1
Epoch 3375/5000: score=18.770625 loss=-0.280582 valid=1.0000 routes=17.124 grad=2.4346 seconds=95.2
Epoch 3376/5000: score=18.342320 loss=-0.283026 valid=1.0000 routes=17.145 grad=2.3134 seconds=95.6
Epoch 3377/5000: score=18.839058 loss=-0.292057 valid=1.0000 routes=15.530 grad=2.3442 seconds=93.4
Epoch 3378/5000: score=18.988455 loss=-0.277800 valid=1.0000 routes=17.972 grad=2.4884 seconds=94.2
Epoch 3379/5000: score=18.351145 loss=-0.271037 valid=1.0000 routes=17.290 grad=2.2885 seconds=94.7
Epoch 3380/5000: score=19.418720 loss=-0.298330 valid=1.0000 routes=16.980 grad=2.5852 seconds=94.5
Epoch 3381/5000: score=18.992686 loss=-0.277127 valid=1.0000 routes=16.748 grad=2.3728 seconds=91.4
Epoch 3382/5000: score=18.944459 loss=-0.280766 valid=1.0000 routes=16.752 grad=2.3598 seconds=92.4
Epoch 3383/5000: score=19.099721 loss=-0.281337 valid=1.0000 routes=16.437 grad=2.3707 seconds=95.7
Epoch 3384/5000: score=18.573119 loss=-0.278878 valid=1.0000 routes=16.293 grad=2.2804 seconds=94.1
>> Invalid instances, Re-generating ...
Epoch 3385/5000: score=19.489898 loss=-0.276505 valid=1.0000 routes=17.159 grad=2.5025 seconds=92.5
Epoch 3386/5000: score=18.967425 loss=-0.265899 valid=1.0000 routes=17.047 grad=2.4059 seconds=94.6
Epoch 3387/5000: score=18.697352 loss=-0.283650 valid=1.0000 routes=16.524 grad=2.3705 seconds=96.0
Epoch 3388/5000: score=18.533957 loss=-0.260351 valid=1.0000 routes=17.102 grad=2.2421 seconds=92.3
Epoch 3389/5000: score=18.605874 loss=-0.283581 valid=1.0000 routes=16.938 grad=2.3782 seconds=93.6
Epoch 3390/5000: score=19.236255 loss=-0.282841 valid=1.0000 routes=16.615 grad=2.4171 seconds=93.6
Epoch 3391/5000: score=18.545238 loss=-0.290979 valid=1.0000 routes=16.438 grad=2.3093 seconds=93.6
Epoch 3392/5000: score=18.620662 loss=-0.280208 valid=1.0000 routes=16.108 grad=2.3038 seconds=91.6
Epoch 3393/5000: score=17.561404 loss=-0.274334 valid=1.0000 routes=16.557 grad=2.1721 seconds=95.7
Epoch 3394/5000: score=18.746637 loss=-0.264815 valid=1.0000 routes=16.460 grad=2.3111 seconds=95.3
Epoch 3395/5000: score=18.373336 loss=-0.288075 valid=1.0000 routes=16.314 grad=2.3618 seconds=93.8
Epoch 3396/5000: score=19.648845 loss=-0.276550 valid=1.0000 routes=17.511 grad=2.5425 seconds=95.3
Epoch 3397/5000: score=18.231413 loss=-0.265712 valid=1.0000 routes=16.463 grad=2.2106 seconds=95.4
Epoch 3398/5000: score=18.025853 loss=-0.276554 valid=1.0000 routes=16.078 grad=2.2207 seconds=96.3
Epoch 3399/5000: score=18.860876 loss=-0.265488 valid=1.0000 routes=18.005 grad=2.4294 seconds=91.3
Epoch 3400/5000: score=18.225625 loss=-0.276146 valid=1.0000 routes=15.800 grad=2.2078 seconds=93.2
Epoch 3401/5000: score=18.241518 loss=-0.277792 valid=1.0000 routes=16.612 grad=2.2758 seconds=94.8
Epoch 3402/5000: score=19.558067 loss=-0.289880 valid=1.0000 routes=17.563 grad=2.6171 seconds=94.5
Epoch 3403/5000: score=19.147206 loss=-0.269215 valid=1.0000 routes=17.138 grad=2.4130 seconds=93.4
Epoch 3404/5000: score=19.728451 loss=-0.281634 valid=1.0000 routes=17.547 grad=2.6038 seconds=96.9
Epoch 3405/5000: score=19.064783 loss=-0.285507 valid=1.0000 routes=16.452 grad=2.4181 seconds=96.5
Epoch 3406/5000: score=18.418511 loss=-0.285762 valid=1.0000 routes=17.106 grad=2.3879 seconds=92.9
Epoch 3407/5000: score=18.286615 loss=-0.268409 valid=1.0000 routes=16.525 grad=2.2413 seconds=97.4
Epoch 3408/5000: score=18.661148 loss=-0.264214 valid=1.0000 routes=18.008 grad=2.3588 seconds=98.6
Epoch 3409/5000: score=17.587924 loss=-0.262409 valid=1.0000 routes=16.445 grad=2.0630 seconds=94.5
Epoch 3410/5000: score=18.633405 loss=-0.274435 valid=1.0000 routes=17.102 grad=2.3930 seconds=97.8
>> Invalid instances, Re-generating ...
Epoch 3411/5000: score=18.510578 loss=-0.278979 valid=1.0000 routes=16.612 grad=2.3438 seconds=97.2
Epoch 3412/5000: score=18.575362 loss=-0.286940 valid=1.0000 routes=16.040 grad=2.3178 seconds=95.9
Epoch 3413/5000: score=19.754643 loss=-0.270274 valid=1.0000 routes=18.036 grad=2.5362 seconds=97.1
Epoch 3414/5000: score=19.870211 loss=-0.286243 valid=1.0000 routes=17.525 grad=2.6090 seconds=97.6
Epoch 3415/5000: score=18.904078 loss=-0.298332 valid=1.0000 routes=16.886 grad=2.4427 seconds=97.1
Epoch 3416/5000: score=18.491568 loss=-0.265236 valid=1.0000 routes=16.721 grad=2.2731 seconds=99.0
Epoch 3417/5000: score=18.581551 loss=-0.278097 valid=1.0000 routes=16.504 grad=2.3196 seconds=101.6
Epoch 3418/5000: score=19.321639 loss=-0.277576 valid=1.0000 routes=17.172 grad=2.4361 seconds=100.6
Epoch 3419/5000: score=19.615623 loss=-0.273998 valid=1.0000 routes=18.247 grad=2.5569 seconds=97.3
Epoch 3420/5000: score=19.704276 loss=-0.286013 valid=1.0000 routes=18.009 grad=2.5846 seconds=97.6
Epoch 3421/5000: score=19.069169 loss=-0.278848 valid=1.0000 routes=16.989 grad=2.4145 seconds=100.0
Epoch 3422/5000: score=18.466402 loss=-0.269233 valid=1.0000 routes=17.076 grad=2.3148 seconds=99.2
Epoch 3423/5000: score=19.059354 loss=-0.272696 valid=1.0000 routes=16.982 grad=2.4099 seconds=95.9
Epoch 3424/5000: score=18.666314 loss=-0.275792 valid=1.0000 routes=16.067 grad=2.2754 seconds=98.5
Epoch 3425/5000: score=19.253742 loss=-0.275971 valid=1.0000 routes=18.270 grad=2.5477 seconds=99.7
Epoch 3426/5000: score=18.966600 loss=-0.290514 valid=1.0000 routes=16.614 grad=2.3882 seconds=94.9
>> Invalid instances, Re-generating ...
Epoch 3427/5000: score=19.570964 loss=-0.288421 valid=1.0000 routes=17.189 grad=2.5603 seconds=99.0
Epoch 3428/5000: score=18.807009 loss=-0.274843 valid=1.0000 routes=16.689 grad=2.3982 seconds=99.7
Epoch 3429/5000: score=19.302292 loss=-0.277548 valid=1.0000 routes=16.973 grad=2.4495 seconds=98.2
Epoch 3430/5000: score=17.947956 loss=-0.288172 valid=1.0000 routes=15.837 grad=2.2776 seconds=98.7
Epoch 3431/5000: score=18.902376 loss=-0.273490 valid=1.0000 routes=16.987 grad=2.4108 seconds=97.8
Epoch 3432/5000: score=18.497797 loss=-0.268325 valid=1.0000 routes=16.068 grad=2.2537 seconds=100.3
Epoch 3433/5000: score=19.481872 loss=-0.284892 valid=1.0000 routes=17.272 grad=2.5512 seconds=98.2
Epoch 3434/5000: score=18.828014 loss=-0.280169 valid=1.0000 routes=17.667 grad=2.3873 seconds=94.9
Epoch 3435/5000: score=19.112259 loss=-0.273581 valid=1.0000 routes=16.453 grad=2.3798 seconds=95.5
Epoch 3436/5000: score=19.825993 loss=-0.274173 valid=1.0000 routes=18.124 grad=2.5408 seconds=90.4
Epoch 3437/5000: score=19.771832 loss=-0.272468 valid=1.0000 routes=19.079 grad=2.6885 seconds=95.2
Epoch 3438/5000: score=19.306755 loss=-0.294604 valid=1.0000 routes=17.061 grad=2.4933 seconds=96.1
Epoch 3439/5000: score=17.862410 loss=-0.272185 valid=1.0000 routes=15.572 grad=2.0908 seconds=91.8
Epoch 3440/5000: score=18.016118 loss=-0.279111 valid=1.0000 routes=15.382 grad=2.2032 seconds=97.4
Epoch 3441/5000: score=20.399390 loss=-0.276503 valid=1.0000 routes=19.362 grad=2.7575 seconds=93.2
Epoch 3442/5000: score=18.332644 loss=-0.282550 valid=1.0000 routes=15.602 grad=2.2491 seconds=92.0
Epoch 3443/5000: score=18.609989 loss=-0.279024 valid=1.0000 routes=16.988 grad=2.3841 seconds=95.0
Epoch 3444/5000: score=19.588727 loss=-0.285296 valid=1.0000 routes=16.750 grad=2.5495 seconds=90.5
Epoch 3445/5000: score=17.794437 loss=-0.277511 valid=1.0000 routes=15.788 grad=2.1725 seconds=92.3
Epoch 3446/5000: score=18.674306 loss=-0.268821 valid=1.0000 routes=16.499 grad=2.3333 seconds=96.8
Epoch 3447/5000: score=18.530334 loss=-0.277431 valid=1.0000 routes=16.721 grad=2.2653 seconds=90.3
Epoch 3448/5000: score=19.428866 loss=-0.294343 valid=1.0000 routes=17.191 grad=2.5334 seconds=96.4
Epoch 3449/5000: score=20.413944 loss=-0.281269 valid=1.0000 routes=17.777 grad=2.6500 seconds=92.9
>> Invalid instances, Re-generating ...
Epoch 3450/5000: score=18.588388 loss=-0.276857 valid=1.0000 routes=17.551 grad=2.3847 seconds=91.2
Epoch 3451/5000: score=18.053644 loss=-0.279132 valid=1.0000 routes=17.605 grad=2.3050 seconds=95.8
Epoch 3452/5000: score=18.356727 loss=-0.268292 valid=1.0000 routes=16.288 grad=2.2694 seconds=93.2
Epoch 3453/5000: score=18.132852 loss=-0.281624 valid=1.0000 routes=15.936 grad=2.2066 seconds=96.5
Epoch 3454/5000: score=18.903992 loss=-0.276266 valid=1.0000 routes=17.897 grad=2.3962 seconds=95.0
Epoch 3455/5000: score=19.587416 loss=-0.285162 valid=1.0000 routes=16.912 grad=2.5678 seconds=91.6
Epoch 3456/5000: score=18.961377 loss=-0.292781 valid=1.0000 routes=16.914 grad=2.4511 seconds=96.6
Epoch 3457/5000: score=17.281402 loss=-0.268865 valid=1.0000 routes=16.268 grad=2.0868 seconds=95.0
Epoch 3458/5000: score=18.016432 loss=-0.273595 valid=1.0000 routes=15.845 grad=2.2062 seconds=92.1
Epoch 3459/5000: score=19.609052 loss=-0.282166 valid=1.0000 routes=17.526 grad=2.5259 seconds=96.1
Epoch 3460/5000: score=17.874897 loss=-0.268477 valid=1.0000 routes=16.313 grad=2.2033 seconds=95.2
>> Invalid instances, Re-generating ...
Epoch 3461/5000: score=18.960956 loss=-0.276478 valid=1.0000 routes=17.041 grad=2.3669 seconds=96.5
Epoch 3462/5000: score=18.297329 loss=-0.269945 valid=1.0000 routes=16.554 grad=2.1976 seconds=100.0
Epoch 3463/5000: score=19.483838 loss=-0.278719 valid=1.0000 routes=18.465 grad=2.5761 seconds=94.6
Epoch 3464/5000: score=19.440201 loss=-0.277666 valid=1.0000 routes=16.817 grad=2.4589 seconds=97.5
Epoch 3465/5000: score=19.203582 loss=-0.272616 valid=1.0000 routes=17.225 grad=2.4351 seconds=98.6
Epoch 3466/5000: score=19.020626 loss=-0.276611 valid=1.0000 routes=17.426 grad=2.4422 seconds=96.9
Epoch 3467/5000: score=19.606250 loss=-0.288594 valid=1.0000 routes=17.094 grad=2.5266 seconds=99.0
Epoch 3468/5000: score=18.523219 loss=-0.284105 valid=1.0000 routes=15.962 grad=2.3203 seconds=95.9
Epoch 3469/5000: score=17.078098 loss=-0.270768 valid=1.0000 routes=15.156 grad=2.0328 seconds=97.3
Epoch 3470/5000: score=18.656411 loss=-0.282480 valid=1.0000 routes=16.650 grad=2.3223 seconds=97.2
Epoch 3471/5000: score=20.017430 loss=-0.300283 valid=1.0000 routes=18.096 grad=2.7108 seconds=94.8
Epoch 3472/5000: score=19.300398 loss=-0.285212 valid=1.0000 routes=17.299 grad=2.5125 seconds=97.2
Epoch 3473/5000: score=18.546250 loss=-0.280742 valid=1.0000 routes=17.183 grad=2.3002 seconds=100.1
Epoch 3474/5000: score=18.682474 loss=-0.274065 valid=1.0000 routes=16.956 grad=2.3658 seconds=94.0
>> Invalid instances, Re-generating ...
Epoch 3475/5000: score=18.594197 loss=-0.278547 valid=1.0000 routes=15.905 grad=2.3049 seconds=98.8
Epoch 3476/5000: score=19.276006 loss=-0.279069 valid=1.0000 routes=17.835 grad=2.5316 seconds=98.0
Epoch 3477/5000: score=20.052010 loss=-0.286337 valid=1.0000 routes=18.075 grad=2.6702 seconds=96.4
Epoch 3478/5000: score=19.220956 loss=-0.276260 valid=1.0000 routes=17.458 grad=2.4723 seconds=98.4
Epoch 3479/5000: score=19.022395 loss=-0.277017 valid=1.0000 routes=17.491 grad=2.4015 seconds=97.9
Epoch 3480/5000: score=18.709737 loss=-0.275841 valid=1.0000 routes=17.445 grad=2.3895 seconds=96.7
Epoch 3481/5000: score=19.070702 loss=-0.276827 valid=1.0000 routes=17.035 grad=2.4262 seconds=100.1
Epoch 3482/5000: score=19.178956 loss=-0.289408 valid=1.0000 routes=16.800 grad=2.5041 seconds=97.9
Epoch 3483/5000: score=19.293324 loss=-0.272490 valid=1.0000 routes=17.455 grad=2.4681 seconds=93.2
Epoch 3484/5000: score=18.631180 loss=-0.273703 valid=1.0000 routes=16.973 grad=2.2851 seconds=95.8
Epoch 3485/5000: score=18.138081 loss=-0.266823 valid=1.0000 routes=16.865 grad=2.2807 seconds=91.5
Epoch 3486/5000: score=19.828656 loss=-0.275201 valid=1.0000 routes=18.005 grad=2.5762 seconds=99.8
Epoch 3487/5000: score=17.891395 loss=-0.273441 valid=1.0000 routes=16.259 grad=2.2018 seconds=97.8
Epoch 3488/5000: score=18.701338 loss=-0.263782 valid=1.0000 routes=16.195 grad=2.2486 seconds=96.7
Epoch 3489/5000: score=18.692421 loss=-0.276063 valid=1.0000 routes=16.958 grad=2.3683 seconds=100.3
Epoch 3490/5000: score=18.771890 loss=-0.275684 valid=1.0000 routes=16.291 grad=2.3817 seconds=99.0
Epoch 3491/5000: score=19.472934 loss=-0.286399 valid=1.0000 routes=16.917 grad=2.4930 seconds=97.2
Epoch 3492/5000: score=18.651030 loss=-0.267013 valid=1.0000 routes=17.735 grad=2.3234 seconds=101.8
Epoch 3493/5000: score=19.400606 loss=-0.297800 valid=1.0000 routes=16.632 grad=2.5490 seconds=97.4
Epoch 3494/5000: score=18.692780 loss=-0.278393 valid=1.0000 routes=17.257 grad=2.3961 seconds=98.2
Epoch 3495/5000: score=19.141372 loss=-0.268030 valid=1.0000 routes=17.886 grad=2.4102 seconds=98.8
Epoch 3496/5000: score=19.249836 loss=-0.265951 valid=1.0000 routes=16.874 grad=2.3916 seconds=94.8
Epoch 3497/5000: score=18.534086 loss=-0.286693 valid=1.0000 routes=15.736 grad=2.3252 seconds=98.9
Epoch 3498/5000: score=18.780005 loss=-0.284681 valid=1.0000 routes=16.449 grad=2.4265 seconds=101.2
Epoch 3499/5000: score=18.599649 loss=-0.267873 valid=1.0000 routes=16.876 grad=2.3158 seconds=95.7
Epoch 3500/5000: score=18.265598 loss=-0.281050 valid=1.0000 routes=16.184 grad=2.2964 seconds=100.6
Epoch 3501/5000: score=19.082941 loss=-0.282331 valid=1.0000 routes=16.704 grad=2.4834 seconds=97.7
Epoch 3502/5000: score=19.804204 loss=-0.280705 valid=1.0000 routes=17.721 grad=2.5186 seconds=95.7
Epoch 3503/5000: score=19.529854 loss=-0.291271 valid=1.0000 routes=16.953 grad=2.5233 seconds=99.0
Epoch 3504/5000: score=19.600222 loss=-0.293888 valid=1.0000 routes=16.950 grad=2.5123 seconds=96.7
Epoch 3505/5000: score=19.685295 loss=-0.278774 valid=1.0000 routes=17.800 grad=2.5731 seconds=97.3
Epoch 3506/5000: score=20.229225 loss=-0.280306 valid=1.0000 routes=18.882 grad=2.6348 seconds=97.4
Epoch 3507/5000: score=18.445600 loss=-0.281317 valid=1.0000 routes=16.066 grad=2.3084 seconds=91.6
Epoch 3508/5000: score=18.879365 loss=-0.272983 valid=1.0000 routes=17.217 grad=2.3871 seconds=93.1
Epoch 3509/5000: score=19.504588 loss=-0.279102 valid=1.0000 routes=17.375 grad=2.5211 seconds=96.3
Epoch 3510/5000: score=18.428461 loss=-0.273419 valid=1.0000 routes=16.102 grad=2.2069 seconds=89.5
Epoch 3511/5000: score=18.040863 loss=-0.270708 valid=1.0000 routes=16.510 grad=2.2211 seconds=96.9
Epoch 3512/5000: score=18.931455 loss=-0.278488 valid=1.0000 routes=16.853 grad=2.4583 seconds=95.0
Epoch 3513/5000: score=18.978051 loss=-0.270483 valid=1.0000 routes=16.660 grad=2.3448 seconds=92.0
Epoch 3514/5000: score=19.567678 loss=-0.284877 valid=1.0000 routes=17.077 grad=2.4996 seconds=94.8
Epoch 3515/5000: score=18.172754 loss=-0.263522 valid=1.0000 routes=16.308 grad=2.2267 seconds=92.2
Epoch 3516/5000: score=19.360075 loss=-0.268489 valid=1.0000 routes=17.367 grad=2.4333 seconds=93.3
Epoch 3517/5000: score=18.515790 loss=-0.274755 valid=1.0000 routes=15.942 grad=2.2402 seconds=94.9
Epoch 3518/5000: score=19.463754 loss=-0.272742 valid=1.0000 routes=17.325 grad=2.5437 seconds=90.6
Epoch 3519/5000: score=18.578801 loss=-0.292679 valid=1.0000 routes=15.922 grad=2.3730 seconds=94.0
Epoch 3520/5000: score=18.366919 loss=-0.281304 valid=1.0000 routes=16.084 grad=2.2521 seconds=93.6
Epoch 3521/5000: score=18.695817 loss=-0.276039 valid=1.0000 routes=16.574 grad=2.2650 seconds=90.8
Epoch 3522/5000: score=19.714074 loss=-0.280030 valid=1.0000 routes=16.827 grad=2.4804 seconds=93.2
Epoch 3523/5000: score=18.706101 loss=-0.279582 valid=1.0000 routes=17.292 grad=2.4431 seconds=93.4
Epoch 3524/5000: score=18.682410 loss=-0.273833 valid=1.0000 routes=17.252 grad=2.3727 seconds=93.8
Epoch 3525/5000: score=18.584274 loss=-0.269410 valid=1.0000 routes=17.075 grad=2.3328 seconds=94.7
Epoch 3526/5000: score=18.503347 loss=-0.275796 valid=1.0000 routes=16.578 grad=2.3333 seconds=90.3
Epoch 3527/5000: score=18.721670 loss=-0.265493 valid=1.0000 routes=17.281 grad=2.3442 seconds=95.4
Epoch 3528/5000: score=18.836500 loss=-0.279667 valid=1.0000 routes=16.509 grad=2.3649 seconds=94.2
Epoch 3529/5000: score=19.406600 loss=-0.277930 valid=1.0000 routes=17.066 grad=2.4263 seconds=91.2
Epoch 3530/5000: score=18.679161 loss=-0.268876 valid=1.0000 routes=17.415 grad=2.3767 seconds=96.6
Epoch 3531/5000: score=18.986097 loss=-0.268387 valid=1.0000 routes=17.563 grad=2.3734 seconds=92.2
Epoch 3532/5000: score=18.794025 loss=-0.265352 valid=1.0000 routes=16.863 grad=2.3333 seconds=93.8
Epoch 3533/5000: score=18.712434 loss=-0.279562 valid=1.0000 routes=16.489 grad=2.3363 seconds=96.2
Epoch 3534/5000: score=19.708139 loss=-0.273312 valid=1.0000 routes=18.143 grad=2.5821 seconds=89.2
Epoch 3535/5000: score=18.832778 loss=-0.268820 valid=1.0000 routes=17.119 grad=2.3601 seconds=93.7
Epoch 3536/5000: score=18.760312 loss=-0.275421 valid=1.0000 routes=17.379 grad=2.3665 seconds=91.4
Epoch 3537/5000: score=18.507374 loss=-0.265813 valid=1.0000 routes=17.132 grad=2.2714 seconds=96.5
Epoch 3538/5000: score=18.448481 loss=-0.278295 valid=1.0000 routes=15.726 grad=2.2802 seconds=102.8
Epoch 3539/5000: score=19.631832 loss=-0.275804 valid=1.0000 routes=17.829 grad=2.5086 seconds=94.5
>> Invalid instances, Re-generating ...
Epoch 3540/5000: score=18.250609 loss=-0.302178 valid=1.0000 routes=15.598 grad=2.3988 seconds=98.4
Epoch 3541/5000: score=19.134805 loss=-0.275423 valid=1.0000 routes=17.610 grad=2.4923 seconds=100.8
Epoch 3542/5000: score=18.597031 loss=-0.281511 valid=1.0000 routes=17.198 grad=2.4406 seconds=95.6
Epoch 3543/5000: score=18.989990 loss=-0.263454 valid=1.0000 routes=16.829 grad=2.3518 seconds=98.8
Epoch 3544/5000: score=19.877109 loss=-0.281161 valid=1.0000 routes=17.153 grad=2.6144 seconds=99.9
Epoch 3545/5000: score=17.972909 loss=-0.261510 valid=1.0000 routes=16.412 grad=2.1008 seconds=95.5
Epoch 3546/5000: score=19.564150 loss=-0.270274 valid=1.0000 routes=17.789 grad=2.4576 seconds=100.2
Epoch 3547/5000: score=18.668017 loss=-0.285648 valid=1.0000 routes=16.415 grad=2.3566 seconds=97.8
Epoch 3548/5000: score=18.435348 loss=-0.265919 valid=1.0000 routes=16.444 grad=2.1747 seconds=96.5
Epoch 3549/5000: score=17.831519 loss=-0.278175 valid=1.0000 routes=16.766 grad=2.2707 seconds=95.9
Epoch 3550/5000: score=18.562169 loss=-0.274905 valid=1.0000 routes=16.911 grad=2.3045 seconds=95.0
Epoch 3551/5000: score=18.438848 loss=-0.279981 valid=1.0000 routes=16.868 grad=2.3430 seconds=99.4
Epoch 3552/5000: score=19.255031 loss=-0.284229 valid=1.0000 routes=17.113 grad=2.4739 seconds=99.0
Epoch 3553/5000: score=19.147883 loss=-0.296439 valid=1.0000 routes=16.662 grad=2.4512 seconds=95.9
Epoch 3554/5000: score=18.684190 loss=-0.280053 valid=1.0000 routes=17.496 grad=2.3323 seconds=98.9
Epoch 3555/5000: score=18.967661 loss=-0.291332 valid=1.0000 routes=16.810 grad=2.4888 seconds=97.3
Epoch 3556/5000: score=18.883561 loss=-0.289426 valid=1.0000 routes=17.248 grad=2.4616 seconds=96.5
Epoch 3557/5000: score=18.549425 loss=-0.279594 valid=1.0000 routes=15.945 grad=2.2609 seconds=98.6
Epoch 3558/5000: score=18.349549 loss=-0.290294 valid=1.0000 routes=16.742 grad=2.3774 seconds=98.6
Epoch 3559/5000: score=19.076638 loss=-0.279640 valid=1.0000 routes=16.966 grad=2.4058 seconds=97.0
Epoch 3560/5000: score=18.631136 loss=-0.277972 valid=1.0000 routes=16.063 grad=2.3115 seconds=101.6
Epoch 3561/5000: score=19.986778 loss=-0.280836 valid=1.0000 routes=17.883 grad=2.5799 seconds=94.6
Epoch 3562/5000: score=19.074959 loss=-0.280349 valid=1.0000 routes=16.664 grad=2.4196 seconds=96.1
Epoch 3563/5000: score=17.711967 loss=-0.273254 valid=1.0000 routes=16.026 grad=2.1837 seconds=99.9
Epoch 3564/5000: score=19.154885 loss=-0.275055 valid=1.0000 routes=18.132 grad=2.4963 seconds=98.3
>> Invalid instances, Re-generating ...
Epoch 3565/5000: score=19.178930 loss=-0.278906 valid=1.0000 routes=16.576 grad=2.4646 seconds=98.4
Epoch 3566/5000: score=18.965638 loss=-0.268588 valid=1.0000 routes=17.313 grad=2.4208 seconds=99.7
Epoch 3567/5000: score=18.404157 loss=-0.274197 valid=1.0000 routes=16.179 grad=2.2561 seconds=95.2
Epoch 3568/5000: score=18.460254 loss=-0.263806 valid=1.0000 routes=16.576 grad=2.2544 seconds=97.0
Epoch 3569/5000: score=19.535696 loss=-0.274405 valid=1.0000 routes=17.371 grad=2.5070 seconds=100.5
Epoch 3570/5000: score=18.821359 loss=-0.266915 valid=1.0000 routes=17.261 grad=2.3732 seconds=96.5
Epoch 3571/5000: score=19.702454 loss=-0.298213 valid=1.0000 routes=16.976 grad=2.5755 seconds=99.6
Epoch 3572/5000: score=18.562173 loss=-0.275261 valid=1.0000 routes=17.593 grad=2.3659 seconds=99.3
Epoch 3573/5000: score=18.948409 loss=-0.278624 valid=1.0000 routes=16.612 grad=2.4071 seconds=95.1
Epoch 3574/5000: score=19.085095 loss=-0.278151 valid=1.0000 routes=16.792 grad=2.4190 seconds=97.2
Epoch 3575/5000: score=18.784590 loss=-0.276536 valid=1.0000 routes=16.777 grad=2.3621 seconds=98.8
Epoch 3576/5000: score=19.253314 loss=-0.282534 valid=1.0000 routes=17.639 grad=2.5082 seconds=95.9
Epoch 3577/5000: score=18.336696 loss=-0.273788 valid=1.0000 routes=16.405 grad=2.2196 seconds=98.8
Epoch 3578/5000: score=19.710107 loss=-0.296709 valid=1.0000 routes=18.634 grad=2.6653 seconds=100.8
Epoch 3579/5000: score=19.217564 loss=-0.291653 valid=1.0000 routes=16.774 grad=2.4430 seconds=94.7
Epoch 3580/5000: score=19.988019 loss=-0.295644 valid=1.0000 routes=17.474 grad=2.5942 seconds=100.6
Epoch 3581/5000: score=19.465776 loss=-0.281354 valid=1.0000 routes=17.173 grad=2.5221 seconds=98.9
Epoch 3582/5000: score=19.532234 loss=-0.273414 valid=1.0000 routes=17.484 grad=2.4662 seconds=94.6
Epoch 3583/5000: score=18.421799 loss=-0.286566 valid=1.0000 routes=16.049 grad=2.3210 seconds=98.5
Epoch 3584/5000: score=18.603324 loss=-0.278966 valid=1.0000 routes=16.701 grad=2.3538 seconds=96.4
Epoch 3585/5000: score=18.342529 loss=-0.277942 valid=1.0000 routes=16.778 grad=2.3028 seconds=95.6
Epoch 3586/5000: score=19.404215 loss=-0.281752 valid=1.0000 routes=17.114 grad=2.4573 seconds=99.0
Epoch 3587/5000: score=19.244890 loss=-0.279962 valid=1.0000 routes=17.353 grad=2.4093 seconds=98.9
Epoch 3588/5000: score=18.516974 loss=-0.276485 valid=1.0000 routes=16.164 grad=2.2561 seconds=98.4
Epoch 3589/5000: score=17.742717 loss=-0.270903 valid=1.0000 routes=16.237 grad=2.1564 seconds=102.5
Epoch 3590/5000: score=18.486265 loss=-0.282816 valid=1.0000 routes=16.078 grad=2.3029 seconds=99.1
Epoch 3591/5000: score=19.541218 loss=-0.274852 valid=1.0000 routes=17.694 grad=2.5413 seconds=97.9
Epoch 3592/5000: score=18.486410 loss=-0.268715 valid=1.0000 routes=17.832 grad=2.3473 seconds=99.6
Epoch 3593/5000: score=18.387806 loss=-0.274581 valid=1.0000 routes=15.824 grad=2.2396 seconds=98.4
Epoch 3594/5000: score=19.249722 loss=-0.271287 valid=1.0000 routes=16.456 grad=2.3955 seconds=94.1
Epoch 3595/5000: score=18.411258 loss=-0.266924 valid=1.0000 routes=15.837 grad=2.1727 seconds=97.7
Epoch 3596/5000: score=19.542156 loss=-0.268065 valid=1.0000 routes=17.776 grad=2.4945 seconds=95.8
Epoch 3597/5000: score=19.515286 loss=-0.286688 valid=1.0000 routes=17.590 grad=2.5236 seconds=98.0
Epoch 3598/5000: score=19.546314 loss=-0.281025 valid=1.0000 routes=18.355 grad=2.5421 seconds=98.2
Epoch 3599/5000: score=19.500012 loss=-0.274392 valid=1.0000 routes=17.995 grad=2.5071 seconds=96.4
Epoch 3600/5000: score=18.082170 loss=-0.282968 valid=1.0000 routes=15.830 grad=2.2363 seconds=100.1
Epoch 3601/5000: score=19.876599 loss=-0.293686 valid=1.0000 routes=17.371 grad=2.5811 seconds=100.9
Epoch 3602/5000: score=18.150781 loss=-0.272046 valid=1.0000 routes=16.910 grad=2.2482 seconds=97.8
Epoch 3603/5000: score=18.677706 loss=-0.271659 valid=1.0000 routes=16.897 grad=2.3390 seconds=98.4
Epoch 3604/5000: score=18.893633 loss=-0.279391 valid=1.0000 routes=16.633 grad=2.3622 seconds=101.4
Epoch 3605/5000: score=19.064902 loss=-0.292566 valid=1.0000 routes=16.330 grad=2.4695 seconds=97.5
Epoch 3606/5000: score=17.676270 loss=-0.271298 valid=1.0000 routes=15.628 grad=2.1002 seconds=100.2
Epoch 3607/5000: score=18.176844 loss=-0.277615 valid=1.0000 routes=16.191 grad=2.2696 seconds=98.4
Epoch 3608/5000: score=19.919543 loss=-0.280540 valid=1.0000 routes=18.134 grad=2.5584 seconds=96.2
Epoch 3609/5000: score=18.695646 loss=-0.268133 valid=1.0000 routes=16.314 grad=2.2841 seconds=95.5
Epoch 3610/5000: score=18.573183 loss=-0.287033 valid=1.0000 routes=16.581 grad=2.3079 seconds=99.5
Epoch 3611/5000: score=19.492356 loss=-0.291453 valid=1.0000 routes=16.703 grad=2.5148 seconds=96.3
Epoch 3612/5000: score=19.157595 loss=-0.266792 valid=1.0000 routes=17.641 grad=2.4553 seconds=99.1
Epoch 3613/5000: score=19.512057 loss=-0.271931 valid=1.0000 routes=18.298 grad=2.5890 seconds=99.4
Epoch 3614/5000: score=18.700771 loss=-0.265673 valid=1.0000 routes=17.328 grad=2.3833 seconds=96.4
Epoch 3615/5000: score=18.409514 loss=-0.286601 valid=1.0000 routes=16.629 grad=2.2956 seconds=99.9
Epoch 3616/5000: score=19.417078 loss=-0.261871 valid=1.0000 routes=18.497 grad=2.4770 seconds=100.5
Epoch 3617/5000: score=19.292765 loss=-0.285883 valid=1.0000 routes=17.087 grad=2.4360 seconds=97.1
Epoch 3618/5000: score=19.593528 loss=-0.275071 valid=1.0000 routes=16.874 grad=2.4544 seconds=98.7
Epoch 3619/5000: score=19.355187 loss=-0.265807 valid=1.0000 routes=17.432 grad=2.4477 seconds=99.6
Epoch 3620/5000: score=18.707429 loss=-0.269341 valid=1.0000 routes=17.234 grad=2.3771 seconds=96.6
Epoch 3621/5000: score=19.268267 loss=-0.269915 valid=1.0000 routes=17.558 grad=2.4779 seconds=102.3
Epoch 3622/5000: score=19.162683 loss=-0.279002 valid=1.0000 routes=17.159 grad=2.4032 seconds=99.3
Epoch 3623/5000: score=20.137238 loss=-0.274991 valid=1.0000 routes=17.913 grad=2.5745 seconds=98.3
Epoch 3624/5000: score=19.231236 loss=-0.286181 valid=1.0000 routes=16.585 grad=2.4103 seconds=101.2
Epoch 3625/5000: score=19.184945 loss=-0.262125 valid=1.0000 routes=17.588 grad=2.4201 seconds=98.5
>> Invalid instances, Re-generating ...
Epoch 3626/5000: score=18.966290 loss=-0.280608 valid=1.0000 routes=16.699 grad=2.3755 seconds=96.4
Epoch 3627/5000: score=17.616577 loss=-0.282550 valid=1.0000 routes=15.522 grad=2.1552 seconds=99.2
Epoch 3628/5000: score=17.919040 loss=-0.282899 valid=1.0000 routes=15.551 grad=2.1495 seconds=97.8
Epoch 3629/5000: score=18.342303 loss=-0.276429 valid=1.0000 routes=15.513 grad=2.2410 seconds=99.6
Epoch 3630/5000: score=19.249731 loss=-0.273908 valid=1.0000 routes=18.002 grad=2.5411 seconds=99.9
Epoch 3631/5000: score=19.982422 loss=-0.285841 valid=1.0000 routes=17.384 grad=2.6198 seconds=96.5
Epoch 3632/5000: score=19.076239 loss=-0.254393 valid=1.0000 routes=17.371 grad=2.3547 seconds=94.1
Epoch 3633/5000: score=18.319304 loss=-0.269727 valid=1.0000 routes=17.433 grad=2.3316 seconds=95.2
Epoch 3634/5000: score=18.834863 loss=-0.280389 valid=1.0000 routes=16.777 grad=2.3585 seconds=94.2
Epoch 3635/5000: score=17.489464 loss=-0.268177 valid=1.0000 routes=15.790 grad=2.0688 seconds=101.8
Epoch 3636/5000: score=18.113650 loss=-0.277469 valid=1.0000 routes=15.456 grad=2.1769 seconds=101.6
Epoch 3637/5000: score=18.965491 loss=-0.284525 valid=1.0000 routes=17.247 grad=2.3944 seconds=98.9
>> Invalid instances, Re-generating ...
Epoch 3638/5000: score=18.419005 loss=-0.272845 valid=1.0000 routes=17.214 grad=2.3002 seconds=100.5
Epoch 3639/5000: score=19.092796 loss=-0.291576 valid=1.0000 routes=16.373 grad=2.4489 seconds=98.2
Epoch 3640/5000: score=19.721137 loss=-0.286721 valid=1.0000 routes=17.088 grad=2.4989 seconds=96.5
Epoch 3641/5000: score=18.799667 loss=-0.281278 valid=1.0000 routes=16.570 grad=2.3325 seconds=102.4
Epoch 3642/5000: score=19.053143 loss=-0.265892 valid=1.0000 routes=17.584 grad=2.3967 seconds=99.1
Epoch 3643/5000: score=18.365615 loss=-0.274607 valid=1.0000 routes=15.966 grad=2.1994 seconds=95.8
Epoch 3644/5000: score=18.545315 loss=-0.273670 valid=1.0000 routes=16.793 grad=2.3023 seconds=99.8
Epoch 3645/5000: score=19.113613 loss=-0.289673 valid=1.0000 routes=16.937 grad=2.4501 seconds=97.8
Epoch 3646/5000: score=19.677293 loss=-0.269249 valid=1.0000 routes=17.852 grad=2.5679 seconds=97.7
Epoch 3647/5000: score=19.055981 loss=-0.272783 valid=1.0000 routes=16.406 grad=2.3100 seconds=100.1
Epoch 3648/5000: score=18.987496 loss=-0.274807 valid=1.0000 routes=18.245 grad=2.4050 seconds=99.8
Epoch 3649/5000: score=18.451519 loss=-0.271204 valid=1.0000 routes=16.375 grad=2.3061 seconds=97.5
Epoch 3650/5000: score=19.416945 loss=-0.277667 valid=1.0000 routes=16.808 grad=2.4540 seconds=100.1
Epoch 3651/5000: score=19.170103 loss=-0.285483 valid=1.0000 routes=16.431 grad=2.3962 seconds=97.3
Epoch 3652/5000: score=18.480459 loss=-0.264380 valid=1.0000 routes=16.939 grad=2.2994 seconds=97.3
Epoch 3653/5000: score=17.479967 loss=-0.290501 valid=1.0000 routes=14.453 grad=2.1081 seconds=99.2
Epoch 3654/5000: score=19.098014 loss=-0.279253 valid=1.0000 routes=17.627 grad=2.4644 seconds=98.3
Epoch 3655/5000: score=19.092629 loss=-0.274674 valid=1.0000 routes=18.294 grad=2.4312 seconds=97.6
Epoch 3656/5000: score=19.588187 loss=-0.279369 valid=1.0000 routes=17.968 grad=2.5143 seconds=101.4
Epoch 3657/5000: score=18.195224 loss=-0.262109 valid=1.0000 routes=15.935 grad=2.1592 seconds=101.5
Epoch 3658/5000: score=18.306348 loss=-0.271653 valid=1.0000 routes=15.968 grad=2.2649 seconds=95.6
Epoch 3659/5000: score=17.973960 loss=-0.269197 valid=1.0000 routes=16.252 grad=2.1832 seconds=96.9
Epoch 3660/5000: score=19.209654 loss=-0.277421 valid=1.0000 routes=17.242 grad=2.4673 seconds=99.7
Epoch 3661/5000: score=18.938852 loss=-0.282185 valid=1.0000 routes=17.126 grad=2.4429 seconds=96.2
Epoch 3662/5000: score=18.838589 loss=-0.270501 valid=1.0000 routes=17.288 grad=2.3449 seconds=97.5
Epoch 3663/5000: score=18.163817 loss=-0.272066 valid=1.0000 routes=16.183 grad=2.2306 seconds=98.8
Epoch 3664/5000: score=19.127336 loss=-0.281272 valid=1.0000 routes=16.788 grad=2.4555 seconds=97.6
Epoch 3665/5000: score=19.046515 loss=-0.282724 valid=1.0000 routes=15.963 grad=2.3501 seconds=98.5
Epoch 3666/5000: score=18.556043 loss=-0.296562 valid=1.0000 routes=16.971 grad=2.4465 seconds=98.5
Epoch 3667/5000: score=18.608869 loss=-0.277232 valid=1.0000 routes=16.664 grad=2.3664 seconds=97.4
Epoch 3668/5000: score=18.646194 loss=-0.262354 valid=1.0000 routes=16.900 grad=2.3208 seconds=99.2
Epoch 3669/5000: score=17.993284 loss=-0.282657 valid=1.0000 routes=15.986 grad=2.2035 seconds=95.3
Epoch 3670/5000: score=19.368764 loss=-0.273248 valid=1.0000 routes=17.948 grad=2.4820 seconds=98.1
Epoch 3671/5000: score=19.099750 loss=-0.279298 valid=1.0000 routes=17.393 grad=2.4812 seconds=99.0
Epoch 3672/5000: score=18.684852 loss=-0.271111 valid=1.0000 routes=16.464 grad=2.2773 seconds=98.2
Epoch 3673/5000: score=19.294480 loss=-0.284145 valid=1.0000 routes=17.330 grad=2.5393 seconds=101.8
Epoch 3674/5000: score=19.579714 loss=-0.266661 valid=1.0000 routes=17.320 grad=2.4658 seconds=100.6
Epoch 3675/5000: score=18.828948 loss=-0.288790 valid=1.0000 routes=16.721 grad=2.4057 seconds=97.5
Epoch 3676/5000: score=18.554913 loss=-0.282923 valid=1.0000 routes=16.081 grad=2.2351 seconds=99.9
Epoch 3677/5000: score=18.354596 loss=-0.275318 valid=1.0000 routes=16.270 grad=2.2633 seconds=99.1
Epoch 3678/5000: score=19.317358 loss=-0.276746 valid=1.0000 routes=17.406 grad=2.4679 seconds=99.7
Epoch 3679/5000: score=19.736729 loss=-0.280104 valid=1.0000 routes=18.000 grad=2.5709 seconds=99.3
Epoch 3680/5000: score=18.309351 loss=-0.271724 valid=1.0000 routes=16.501 grad=2.2573 seconds=100.3
Epoch 3681/5000: score=18.861082 loss=-0.283640 valid=1.0000 routes=16.177 grad=2.3839 seconds=97.1
Epoch 3682/5000: score=19.023995 loss=-0.277358 valid=1.0000 routes=17.564 grad=2.3831 seconds=99.6
Epoch 3683/5000: score=18.410174 loss=-0.276028 valid=1.0000 routes=16.906 grad=2.2924 seconds=102.3
Epoch 3684/5000: score=18.377035 loss=-0.269892 valid=1.0000 routes=16.715 grad=2.2299 seconds=93.4
Epoch 3685/5000: score=18.791630 loss=-0.273138 valid=1.0000 routes=16.485 grad=2.3534 seconds=97.1
Epoch 3686/5000: score=19.163166 loss=-0.287511 valid=1.0000 routes=16.805 grad=2.4434 seconds=97.0
Epoch 3687/5000: score=19.576457 loss=-0.283482 valid=1.0000 routes=17.461 grad=2.5345 seconds=97.1
Epoch 3688/5000: score=19.561561 loss=-0.283940 valid=1.0000 routes=17.193 grad=2.4355 seconds=99.4
Epoch 3689/5000: score=18.723372 loss=-0.275401 valid=1.0000 routes=18.002 grad=2.4602 seconds=99.4
Epoch 3690/5000: score=19.384915 loss=-0.290193 valid=1.0000 routes=17.124 grad=2.5443 seconds=97.6
Epoch 3691/5000: score=17.731791 loss=-0.263887 valid=1.0000 routes=15.924 grad=2.0752 seconds=101.8
Epoch 3692/5000: score=18.836824 loss=-0.282208 valid=1.0000 routes=16.914 grad=2.3521 seconds=100.6
Epoch 3693/5000: score=19.157660 loss=-0.279116 valid=1.0000 routes=17.218 grad=2.4292 seconds=94.0
Epoch 3694/5000: score=18.272872 loss=-0.264914 valid=1.0000 routes=16.503 grad=2.1691 seconds=99.7
Epoch 3695/5000: score=19.736405 loss=-0.278973 valid=1.0000 routes=18.288 grad=2.5830 seconds=98.1
Epoch 3696/5000: score=19.322548 loss=-0.276518 valid=1.0000 routes=17.850 grad=2.5099 seconds=96.1
Epoch 3697/5000: score=19.948928 loss=-0.292725 valid=1.0000 routes=18.004 grad=2.6963 seconds=99.8
Epoch 3698/5000: score=18.720587 loss=-0.286401 valid=1.0000 routes=17.064 grad=2.3984 seconds=98.0
Epoch 3699/5000: score=19.269289 loss=-0.289335 valid=1.0000 routes=16.531 grad=2.4723 seconds=99.2
Epoch 3700/5000: score=18.848204 loss=-0.275158 valid=1.0000 routes=16.957 grad=2.3563 seconds=100.3
Epoch 3701/5000: score=19.234447 loss=-0.284037 valid=1.0000 routes=16.352 grad=2.4245 seconds=99.2
Epoch 3702/5000: score=19.358939 loss=-0.280169 valid=1.0000 routes=17.029 grad=2.5180 seconds=97.2
Epoch 3703/5000: score=19.094142 loss=-0.282964 valid=1.0000 routes=16.405 grad=2.4254 seconds=97.9
Epoch 3704/5000: score=19.842297 loss=-0.285291 valid=1.0000 routes=17.953 grad=2.6115 seconds=96.7
Epoch 3705/5000: score=19.090008 loss=-0.284387 valid=1.0000 routes=17.404 grad=2.4506 seconds=98.4
Epoch 3706/5000: score=19.855879 loss=-0.277616 valid=1.0000 routes=17.983 grad=2.5550 seconds=97.1
Epoch 3707/5000: score=19.178538 loss=-0.276042 valid=1.0000 routes=18.600 grad=2.4894 seconds=96.0
Epoch 3708/5000: score=19.852065 loss=-0.274257 valid=1.0000 routes=17.162 grad=2.5572 seconds=97.6
Epoch 3709/5000: score=17.676757 loss=-0.289621 valid=1.0000 routes=15.298 grad=2.1607 seconds=101.0
Epoch 3710/5000: score=19.246474 loss=-0.277130 valid=1.0000 routes=18.324 grad=2.4912 seconds=97.4
Epoch 3711/5000: score=18.459600 loss=-0.286713 valid=1.0000 routes=15.763 grad=2.2586 seconds=98.7
Epoch 3712/5000: score=18.990914 loss=-0.275548 valid=1.0000 routes=16.861 grad=2.3960 seconds=100.1
Epoch 3713/5000: score=18.285688 loss=-0.269063 valid=1.0000 routes=16.037 grad=2.1852 seconds=98.5
Epoch 3714/5000: score=18.769904 loss=-0.280059 valid=1.0000 routes=16.238 grad=2.4080 seconds=97.7
Epoch 3715/5000: score=18.874744 loss=-0.281879 valid=1.0000 routes=16.657 grad=2.3695 seconds=98.5
Epoch 3716/5000: score=17.034063 loss=-0.261862 valid=1.0000 routes=15.813 grad=1.9907 seconds=96.5
Epoch 3717/5000: score=18.859651 loss=-0.271818 valid=1.0000 routes=16.737 grad=2.3827 seconds=97.8
Epoch 3718/5000: score=18.541344 loss=-0.271603 valid=1.0000 routes=16.036 grad=2.1926 seconds=100.8
Epoch 3719/5000: score=17.783983 loss=-0.264878 valid=1.0000 routes=16.194 grad=2.1490 seconds=95.1
Epoch 3720/5000: score=19.020779 loss=-0.271484 valid=1.0000 routes=16.853 grad=2.4256 seconds=98.7
Epoch 3721/5000: score=19.007894 loss=-0.271419 valid=1.0000 routes=17.142 grad=2.3635 seconds=99.6
Epoch 3722/5000: score=17.567994 loss=-0.274217 valid=1.0000 routes=15.540 grad=2.1218 seconds=97.6
Epoch 3723/5000: score=18.644509 loss=-0.266742 valid=1.0000 routes=16.895 grad=2.3423 seconds=98.8
Epoch 3724/5000: score=20.010711 loss=-0.269409 valid=1.0000 routes=17.758 grad=2.5037 seconds=99.3
Epoch 3725/5000: score=19.510740 loss=-0.293814 valid=1.0000 routes=16.727 grad=2.5605 seconds=96.4
Epoch 3726/5000: score=19.927863 loss=-0.276289 valid=1.0000 routes=18.767 grad=2.6562 seconds=97.4
Epoch 3727/5000: score=19.848565 loss=-0.266304 valid=1.0000 routes=18.553 grad=2.5620 seconds=99.7
Epoch 3728/5000: score=18.458609 loss=-0.272146 valid=1.0000 routes=16.363 grad=2.2705 seconds=98.1
Epoch 3729/5000: score=18.772434 loss=-0.272963 valid=1.0000 routes=16.980 grad=2.3323 seconds=99.9
Epoch 3730/5000: score=19.553475 loss=-0.292444 valid=1.0000 routes=16.210 grad=2.5353 seconds=100.9
Epoch 3731/5000: score=17.952199 loss=-0.260445 valid=1.0000 routes=16.817 grad=2.1904 seconds=97.8
Epoch 3732/5000: score=18.498415 loss=-0.266070 valid=1.0000 routes=17.050 grad=2.3507 seconds=99.2
Epoch 3733/5000: score=19.475174 loss=-0.271163 valid=1.0000 routes=17.569 grad=2.4790 seconds=99.0
Epoch 3734/5000: score=18.518185 loss=-0.278139 valid=1.0000 routes=16.170 grad=2.3391 seconds=98.0
Epoch 3735/5000: score=19.577950 loss=-0.274156 valid=1.0000 routes=18.230 grad=2.5174 seconds=94.6
Epoch 3736/5000: score=18.516420 loss=-0.290029 valid=1.0000 routes=16.236 grad=2.4276 seconds=94.2
Epoch 3737/5000: score=18.710946 loss=-0.279315 valid=1.0000 routes=17.131 grad=2.4106 seconds=93.4
Epoch 3738/5000: score=18.720536 loss=-0.268424 valid=1.0000 routes=16.834 grad=2.3395 seconds=92.1
Epoch 3739/5000: score=19.178173 loss=-0.272852 valid=1.0000 routes=17.262 grad=2.4233 seconds=100.2
Epoch 3740/5000: score=18.299877 loss=-0.261216 valid=1.0000 routes=16.471 grad=2.2252 seconds=93.9
Epoch 3741/5000: score=18.967171 loss=-0.277273 valid=1.0000 routes=17.206 grad=2.4115 seconds=92.5
Epoch 3742/5000: score=19.119141 loss=-0.265863 valid=1.0000 routes=17.003 grad=2.4217 seconds=96.2
Epoch 3743/5000: score=18.737414 loss=-0.283038 valid=1.0000 routes=16.596 grad=2.3533 seconds=94.1
>> Invalid instances, Re-generating ...
Epoch 3744/5000: score=19.886434 loss=-0.282815 valid=1.0000 routes=17.854 grad=2.5611 seconds=92.6
Epoch 3745/5000: score=19.804622 loss=-0.255693 valid=1.0000 routes=18.516 grad=2.5320 seconds=93.6
Epoch 3746/5000: score=19.140656 loss=-0.261313 valid=1.0000 routes=16.831 grad=2.3523 seconds=90.6
Epoch 3747/5000: score=18.765316 loss=-0.288787 valid=1.0000 routes=16.694 grad=2.3996 seconds=94.2
Epoch 3748/5000: score=19.491639 loss=-0.279938 valid=1.0000 routes=17.021 grad=2.5201 seconds=97.5
Epoch 3749/5000: score=18.997625 loss=-0.275573 valid=1.0000 routes=17.119 grad=2.3650 seconds=94.3
Epoch 3750/5000: score=17.567723 loss=-0.256196 valid=1.0000 routes=15.714 grad=1.9689 seconds=92.6
Epoch 3751/5000: score=18.953843 loss=-0.277318 valid=1.0000 routes=16.448 grad=2.3414 seconds=96.3
Epoch 3752/5000: score=19.853962 loss=-0.272770 valid=1.0000 routes=17.441 grad=2.5370 seconds=92.8
Epoch 3753/5000: score=18.864508 loss=-0.266718 valid=1.0000 routes=17.197 grad=2.3770 seconds=92.8
Epoch 3754/5000: score=18.743117 loss=-0.279023 valid=1.0000 routes=16.658 grad=2.3375 seconds=96.6
Epoch 3755/5000: score=19.897651 loss=-0.279662 valid=1.0000 routes=17.846 grad=2.5580 seconds=94.3
Epoch 3756/5000: score=17.038776 loss=-0.280283 valid=1.0000 routes=15.570 grad=2.0768 seconds=94.8
Epoch 3757/5000: score=19.577875 loss=-0.278047 valid=1.0000 routes=17.546 grad=2.4566 seconds=96.1
Epoch 3758/5000: score=19.057671 loss=-0.289481 valid=1.0000 routes=16.569 grad=2.4425 seconds=93.6
Epoch 3759/5000: score=18.423841 loss=-0.279121 valid=1.0000 routes=16.048 grad=2.2762 seconds=91.4
Epoch 3760/5000: score=18.991715 loss=-0.285434 valid=1.0000 routes=17.312 grad=2.4186 seconds=94.4
Epoch 3761/5000: score=18.621569 loss=-0.268065 valid=1.0000 routes=15.103 grad=2.1883 seconds=92.2
Epoch 3762/5000: score=19.136138 loss=-0.275058 valid=1.0000 routes=16.763 grad=2.4092 seconds=94.8
Epoch 3763/5000: score=17.884707 loss=-0.276016 valid=1.0000 routes=15.622 grad=2.2207 seconds=98.0
Epoch 3764/5000: score=18.844523 loss=-0.255371 valid=1.0000 routes=17.646 grad=2.3548 seconds=93.6
Epoch 3765/5000: score=18.444659 loss=-0.261263 valid=1.0000 routes=16.021 grad=2.2267 seconds=94.4
Epoch 3766/5000: score=18.156912 loss=-0.288275 valid=1.0000 routes=15.029 grad=2.2459 seconds=93.5
Epoch 3767/5000: score=18.303925 loss=-0.266023 valid=1.0000 routes=16.213 grad=2.2198 seconds=96.3
Epoch 3768/5000: score=19.384236 loss=-0.276142 valid=1.0000 routes=17.738 grad=2.5356 seconds=93.9
Epoch 3769/5000: score=18.072747 loss=-0.275242 valid=1.0000 routes=15.876 grad=2.2189 seconds=96.0
Epoch 3770/5000: score=18.518619 loss=-0.290815 valid=1.0000 routes=16.445 grad=2.3821 seconds=93.0
Epoch 3771/5000: score=18.331425 loss=-0.275603 valid=1.0000 routes=16.404 grad=2.2526 seconds=93.1
Epoch 3772/5000: score=19.735586 loss=-0.268978 valid=1.0000 routes=17.903 grad=2.4793 seconds=96.4
Epoch 3773/5000: score=19.970472 loss=-0.279372 valid=1.0000 routes=17.555 grad=2.5882 seconds=93.2
Epoch 3774/5000: score=18.851575 loss=-0.283864 valid=1.0000 routes=16.866 grad=2.3897 seconds=91.6
Epoch 3775/5000: score=18.325838 loss=-0.276229 valid=1.0000 routes=16.417 grad=2.3184 seconds=96.2
Epoch 3776/5000: score=18.525846 loss=-0.269114 valid=1.0000 routes=17.143 grad=2.3098 seconds=92.4
Epoch 3777/5000: score=19.172203 loss=-0.271655 valid=1.0000 routes=16.757 grad=2.3566 seconds=93.3
Epoch 3778/5000: score=19.370183 loss=-0.280871 valid=1.0000 routes=18.105 grad=2.5205 seconds=94.2
Epoch 3779/5000: score=19.291719 loss=-0.266721 valid=1.0000 routes=16.894 grad=2.3570 seconds=91.7
Epoch 3780/5000: score=18.604368 loss=-0.288833 valid=1.0000 routes=16.363 grad=2.3235 seconds=94.3
Epoch 3781/5000: score=17.468740 loss=-0.280621 valid=1.0000 routes=15.088 grad=2.1175 seconds=94.7
Epoch 3782/5000: score=17.504540 loss=-0.275335 valid=1.0000 routes=15.615 grad=2.0903 seconds=92.0
Epoch 3783/5000: score=19.033777 loss=-0.277192 valid=1.0000 routes=16.610 grad=2.3380 seconds=93.4
Epoch 3784/5000: score=19.158420 loss=-0.272677 valid=1.0000 routes=17.437 grad=2.4230 seconds=96.2
Epoch 3785/5000: score=18.250038 loss=-0.266548 valid=1.0000 routes=16.299 grad=2.1637 seconds=92.5
Epoch 3786/5000: score=18.350849 loss=-0.282956 valid=1.0000 routes=16.774 grad=2.2966 seconds=93.5
Epoch 3787/5000: score=18.911248 loss=-0.281087 valid=1.0000 routes=17.210 grad=2.4174 seconds=96.3
Epoch 3788/5000: score=19.461674 loss=-0.267166 valid=1.0000 routes=17.045 grad=2.4125 seconds=92.7
Epoch 3789/5000: score=18.789729 loss=-0.274252 valid=1.0000 routes=16.783 grad=2.3667 seconds=92.4
Epoch 3790/5000: score=19.429526 loss=-0.256411 valid=1.0000 routes=18.306 grad=2.5318 seconds=94.1
Epoch 3791/5000: score=20.426118 loss=-0.284174 valid=1.0000 routes=18.530 grad=2.7279 seconds=92.9
Epoch 3792/5000: score=17.750484 loss=-0.279980 valid=1.0000 routes=15.803 grad=2.2000 seconds=92.4
Epoch 3793/5000: score=18.870813 loss=-0.282344 valid=1.0000 routes=16.892 grad=2.3885 seconds=93.2
Epoch 3794/5000: score=20.112139 loss=-0.266653 valid=1.0000 routes=18.533 grad=2.5875 seconds=92.3
Epoch 3795/5000: score=19.190525 loss=-0.269427 valid=1.0000 routes=17.088 grad=2.3975 seconds=92.0
Epoch 3796/5000: score=18.571889 loss=-0.274357 valid=1.0000 routes=16.712 grad=2.3515 seconds=94.3
Epoch 3797/5000: score=18.593146 loss=-0.256067 valid=1.0000 routes=16.651 grad=2.2635 seconds=94.1
Epoch 3798/5000: score=18.843482 loss=-0.282324 valid=1.0000 routes=16.984 grad=2.3606 seconds=90.7
Epoch 3799/5000: score=19.025735 loss=-0.268905 valid=1.0000 routes=17.491 grad=2.3949 seconds=95.4
>> Invalid instances, Re-generating ...
Epoch 3800/5000: score=18.305602 loss=-0.266948 valid=1.0000 routes=16.867 grad=2.2570 seconds=93.5
Epoch 3801/5000: score=18.849582 loss=-0.265627 valid=1.0000 routes=16.996 grad=2.3364 seconds=92.3
Epoch 3802/5000: score=20.093484 loss=-0.282452 valid=1.0000 routes=17.912 grad=2.6331 seconds=95.4
Epoch 3803/5000: score=19.233391 loss=-0.280186 valid=1.0000 routes=17.188 grad=2.4985 seconds=94.0
Epoch 3804/5000: score=17.720218 loss=-0.279489 valid=1.0000 routes=15.334 grad=2.1580 seconds=92.3
Epoch 3805/5000: score=18.700213 loss=-0.272511 valid=1.0000 routes=16.188 grad=2.3156 seconds=94.9
Epoch 3806/5000: score=18.678266 loss=-0.275360 valid=1.0000 routes=16.371 grad=2.2723 seconds=95.3
Epoch 3807/5000: score=18.515980 loss=-0.279721 valid=1.0000 routes=16.894 grad=2.3105 seconds=91.1
Epoch 3808/5000: score=18.129603 loss=-0.271912 valid=1.0000 routes=15.569 grad=2.1761 seconds=95.7
Epoch 3809/5000: score=19.771388 loss=-0.288660 valid=1.0000 routes=16.612 grad=2.5360 seconds=94.0
Epoch 3810/5000: score=18.600484 loss=-0.277445 valid=1.0000 routes=16.495 grad=2.2713 seconds=91.1
Epoch 3811/5000: score=18.666646 loss=-0.274078 valid=1.0000 routes=17.581 grad=2.3860 seconds=94.7
Epoch 3812/5000: score=19.593686 loss=-0.281301 valid=1.0000 routes=17.273 grad=2.4966 seconds=92.8
Epoch 3813/5000: score=19.543051 loss=-0.278107 valid=1.0000 routes=16.976 grad=2.4834 seconds=93.5
Epoch 3814/5000: score=18.425798 loss=-0.278737 valid=1.0000 routes=16.039 grad=2.2415 seconds=93.8
Epoch 3815/5000: score=18.569334 loss=-0.284437 valid=1.0000 routes=16.912 grad=2.3887 seconds=92.6
Epoch 3816/5000: score=19.583583 loss=-0.277230 valid=1.0000 routes=17.618 grad=2.4932 seconds=94.0
Epoch 3817/5000: score=18.063479 loss=-0.274965 valid=1.0000 routes=15.491 grad=2.2622 seconds=94.4
Epoch 3818/5000: score=18.513477 loss=-0.275730 valid=1.0000 routes=16.410 grad=2.2714 seconds=91.9
Epoch 3819/5000: score=17.429946 loss=-0.271554 valid=1.0000 routes=15.573 grad=2.1142 seconds=92.7
Epoch 3820/5000: score=19.014645 loss=-0.283453 valid=1.0000 routes=17.079 grad=2.3970 seconds=94.3
Epoch 3821/5000: score=18.885996 loss=-0.272229 valid=1.0000 routes=17.017 grad=2.3194 seconds=92.4
Epoch 3822/5000: score=19.482322 loss=-0.275317 valid=1.0000 routes=17.866 grad=2.5102 seconds=95.4
Epoch 3823/5000: score=18.327434 loss=-0.271131 valid=1.0000 routes=16.376 grad=2.2556 seconds=94.6
Epoch 3824/5000: score=18.357839 loss=-0.266475 valid=1.0000 routes=16.749 grad=2.2211 seconds=91.7
Epoch 3825/5000: score=19.324026 loss=-0.274260 valid=1.0000 routes=16.491 grad=2.4000 seconds=94.1
Epoch 3826/5000: score=18.187999 loss=-0.262217 valid=1.0000 routes=17.242 grad=2.2537 seconds=93.5
Epoch 3827/5000: score=17.540527 loss=-0.274485 valid=1.0000 routes=16.020 grad=2.1638 seconds=91.0
Epoch 3828/5000: score=19.231272 loss=-0.274228 valid=1.0000 routes=17.359 grad=2.4396 seconds=94.0
Epoch 3829/5000: score=18.810101 loss=-0.289920 valid=1.0000 routes=16.567 grad=2.3968 seconds=96.5
Epoch 3830/5000: score=19.467973 loss=-0.272731 valid=1.0000 routes=17.846 grad=2.5431 seconds=90.0
Epoch 3831/5000: score=18.120744 loss=-0.273866 valid=1.0000 routes=17.094 grad=2.2620 seconds=94.5
Epoch 3832/5000: score=18.036077 loss=-0.278033 valid=1.0000 routes=16.063 grad=2.2334 seconds=95.4
Epoch 3833/5000: score=17.816416 loss=-0.264880 valid=1.0000 routes=16.491 grad=2.1658 seconds=91.6
Epoch 3834/5000: score=18.769928 loss=-0.284476 valid=1.0000 routes=15.780 grad=2.2944 seconds=94.1
Epoch 3835/5000: score=18.416043 loss=-0.285054 valid=1.0000 routes=16.407 grad=2.3034 seconds=96.3
Epoch 3836/5000: score=19.935834 loss=-0.275710 valid=1.0000 routes=17.343 grad=2.5542 seconds=91.0
Epoch 3837/5000: score=19.560176 loss=-0.268277 valid=1.0000 routes=17.308 grad=2.4130 seconds=95.6
Epoch 3838/5000: score=19.439547 loss=-0.286407 valid=1.0000 routes=17.060 grad=2.4389 seconds=97.8
Epoch 3839/5000: score=18.203664 loss=-0.272930 valid=1.0000 routes=15.896 grad=2.2515 seconds=94.5
Epoch 3840/5000: score=18.406356 loss=-0.274056 valid=1.0000 routes=15.943 grad=2.2934 seconds=97.5
Epoch 3841/5000: score=18.339268 loss=-0.280796 valid=1.0000 routes=15.664 grad=2.2766 seconds=98.9
Epoch 3842/5000: score=19.865403 loss=-0.284155 valid=1.0000 routes=17.888 grad=2.5583 seconds=93.2
Epoch 3843/5000: score=18.406912 loss=-0.279234 valid=1.0000 routes=15.283 grad=2.1856 seconds=94.9
Epoch 3844/5000: score=18.638660 loss=-0.283422 valid=1.0000 routes=16.392 grad=2.2932 seconds=94.9
Epoch 3845/5000: score=19.747021 loss=-0.281783 valid=1.0000 routes=17.227 grad=2.5211 seconds=93.8
Epoch 3846/5000: score=18.454920 loss=-0.283751 valid=1.0000 routes=16.245 grad=2.2647 seconds=98.5
Epoch 3847/5000: score=19.058882 loss=-0.292714 valid=1.0000 routes=16.100 grad=2.4035 seconds=99.5
Epoch 3848/5000: score=18.494225 loss=-0.271169 valid=1.0000 routes=16.434 grad=2.2969 seconds=95.1
Epoch 3849/5000: score=17.962414 loss=-0.269451 valid=1.0000 routes=16.265 grad=2.1897 seconds=96.8
Epoch 3850/5000: score=18.661112 loss=-0.263540 valid=1.0000 routes=16.929 grad=2.3456 seconds=98.9
Epoch 3851/5000: score=19.958225 loss=-0.286069 valid=1.0000 routes=17.797 grad=2.6194 seconds=95.3
Epoch 3852/5000: score=18.248450 loss=-0.260256 valid=1.0000 routes=16.976 grad=2.1952 seconds=96.0
Epoch 3853/5000: score=18.525719 loss=-0.280099 valid=1.0000 routes=15.924 grad=2.2794 seconds=99.2
Epoch 3854/5000: score=19.508079 loss=-0.285082 valid=1.0000 routes=18.038 grad=2.5363 seconds=98.3
Epoch 3855/5000: score=18.421173 loss=-0.273522 valid=1.0000 routes=15.978 grad=2.2546 seconds=94.1
Epoch 3856/5000: score=18.503166 loss=-0.285572 valid=1.0000 routes=16.570 grad=2.3098 seconds=99.6
Epoch 3857/5000: score=18.933753 loss=-0.268900 valid=1.0000 routes=16.973 grad=2.3259 seconds=96.2
Epoch 3858/5000: score=19.247667 loss=-0.277477 valid=1.0000 routes=17.565 grad=2.4643 seconds=94.0
Epoch 3859/5000: score=19.048049 loss=-0.272049 valid=1.0000 routes=17.279 grad=2.3671 seconds=99.2
Epoch 3860/5000: score=17.812416 loss=-0.273559 valid=1.0000 routes=16.010 grad=2.1814 seconds=99.4
Epoch 3861/5000: score=17.853008 loss=-0.270433 valid=1.0000 routes=16.794 grad=2.1912 seconds=94.6
Epoch 3862/5000: score=18.531709 loss=-0.284969 valid=1.0000 routes=15.642 grad=2.2299 seconds=98.4
Epoch 3863/5000: score=18.901871 loss=-0.283215 valid=1.0000 routes=16.485 grad=2.3491 seconds=98.8
Epoch 3864/5000: score=18.403153 loss=-0.275871 valid=1.0000 routes=16.638 grad=2.3088 seconds=95.1
Epoch 3865/5000: score=19.634705 loss=-0.274655 valid=1.0000 routes=17.615 grad=2.5220 seconds=96.7
Epoch 3866/5000: score=20.298702 loss=-0.272858 valid=1.0000 routes=17.824 grad=2.5945 seconds=96.3
Epoch 3867/5000: score=19.252216 loss=-0.278426 valid=1.0000 routes=17.047 grad=2.4227 seconds=94.9
Epoch 3868/5000: score=19.925045 loss=-0.287752 valid=1.0000 routes=18.013 grad=2.6243 seconds=97.7
Epoch 3869/5000: score=18.638445 loss=-0.289915 valid=1.0000 routes=16.626 grad=2.3176 seconds=96.4
Epoch 3870/5000: score=18.342299 loss=-0.273795 valid=1.0000 routes=16.968 grad=2.2698 seconds=95.3
Epoch 3871/5000: score=18.747325 loss=-0.283398 valid=1.0000 routes=16.367 grad=2.3519 seconds=94.4
Epoch 3872/5000: score=18.898917 loss=-0.270297 valid=1.0000 routes=16.405 grad=2.2870 seconds=96.2
>> Invalid instances, Re-generating ...
Epoch 3873/5000: score=19.806363 loss=-0.278964 valid=1.0000 routes=16.884 grad=2.4646 seconds=95.6
Epoch 3874/5000: score=19.768937 loss=-0.295307 valid=1.0000 routes=17.589 grad=2.6118 seconds=96.1
Epoch 3875/5000: score=18.705276 loss=-0.287429 valid=1.0000 routes=16.582 grad=2.3433 seconds=96.3
Epoch 3876/5000: score=18.216552 loss=-0.265695 valid=1.0000 routes=16.021 grad=2.1673 seconds=96.9
Epoch 3877/5000: score=18.889275 loss=-0.269005 valid=1.0000 routes=16.586 grad=2.3145 seconds=96.1
Epoch 3878/5000: score=19.226939 loss=-0.273522 valid=1.0000 routes=16.040 grad=2.3628 seconds=95.2
Epoch 3879/5000: score=19.198669 loss=-0.273587 valid=1.0000 routes=16.993 grad=2.4009 seconds=93.2
Epoch 3880/5000: score=18.612451 loss=-0.289098 valid=1.0000 routes=16.841 grad=2.3985 seconds=98.1
Epoch 3881/5000: score=19.400455 loss=-0.273426 valid=1.0000 routes=17.234 grad=2.4029 seconds=97.1
Epoch 3882/5000: score=19.012621 loss=-0.271412 valid=1.0000 routes=16.800 grad=2.3135 seconds=99.5
Epoch 3883/5000: score=19.667353 loss=-0.288904 valid=1.0000 routes=17.654 grad=2.5453 seconds=98.2
Epoch 3884/5000: score=18.704869 loss=-0.287370 valid=1.0000 routes=16.538 grad=2.3996 seconds=97.7
Epoch 3885/5000: score=18.100870 loss=-0.277052 valid=1.0000 routes=15.860 grad=2.1759 seconds=96.9
Epoch 3886/5000: score=18.268418 loss=-0.274943 valid=1.0000 routes=15.715 grad=2.1386 seconds=96.2
Epoch 3887/5000: score=17.827025 loss=-0.269135 valid=1.0000 routes=15.399 grad=2.1225 seconds=101.9
Epoch 3888/5000: score=18.911677 loss=-0.276153 valid=1.0000 routes=16.285 grad=2.3094 seconds=97.4
Epoch 3889/5000: score=18.918347 loss=-0.272062 valid=1.0000 routes=17.662 grad=2.4146 seconds=95.3
Epoch 3890/5000: score=18.891466 loss=-0.278707 valid=1.0000 routes=17.287 grad=2.4090 seconds=99.6
Epoch 3891/5000: score=18.906856 loss=-0.281249 valid=1.0000 routes=16.690 grad=2.3762 seconds=100.0
Epoch 3892/5000: score=17.858803 loss=-0.258526 valid=1.0000 routes=16.457 grad=2.0449 seconds=94.8
>> Invalid instances, Re-generating ...
Epoch 3893/5000: score=18.590732 loss=-0.268706 valid=1.0000 routes=16.249 grad=2.2442 seconds=96.6
Epoch 3894/5000: score=18.787085 loss=-0.282031 valid=1.0000 routes=16.404 grad=2.3362 seconds=97.4
>> Invalid instances, Re-generating ...
Epoch 3895/5000: score=18.750545 loss=-0.265523 valid=1.0000 routes=17.806 grad=2.3167 seconds=95.5
Epoch 3896/5000: score=19.227311 loss=-0.267190 valid=1.0000 routes=16.931 grad=2.3766 seconds=97.2
Epoch 3897/5000: score=18.779721 loss=-0.268828 valid=1.0000 routes=16.364 grad=2.2490 seconds=96.7
Epoch 3898/5000: score=18.490079 loss=-0.272723 valid=1.0000 routes=17.032 grad=2.3175 seconds=95.3
Epoch 3899/5000: score=18.837136 loss=-0.269339 valid=1.0000 routes=16.744 grad=2.3078 seconds=95.8
Epoch 3900/5000: score=18.322266 loss=-0.276848 valid=1.0000 routes=16.626 grad=2.2991 seconds=98.0
Epoch 3901/5000: score=18.342810 loss=-0.270142 valid=1.0000 routes=15.575 grad=2.1920 seconds=96.3
Epoch 3902/5000: score=19.467664 loss=-0.278591 valid=1.0000 routes=17.732 grad=2.4672 seconds=95.1
Epoch 3903/5000: score=19.186344 loss=-0.271924 valid=1.0000 routes=17.458 grad=2.4459 seconds=99.2
Epoch 3904/5000: score=18.850622 loss=-0.255902 valid=1.0000 routes=17.135 grad=2.3058 seconds=94.7
>> Invalid instances, Re-generating ...
Epoch 3905/5000: score=18.542314 loss=-0.286126 valid=1.0000 routes=16.286 grad=2.3074 seconds=96.2
Epoch 3906/5000: score=19.649134 loss=-0.280807 valid=1.0000 routes=17.188 grad=2.4767 seconds=98.7
Epoch 3907/5000: score=19.442089 loss=-0.281924 valid=1.0000 routes=16.704 grad=2.4909 seconds=94.4
Epoch 3908/5000: score=18.696743 loss=-0.278331 valid=1.0000 routes=16.973 grad=2.3132 seconds=93.1
Epoch 3909/5000: score=18.172234 loss=-0.269283 valid=1.0000 routes=16.509 grad=2.2465 seconds=97.1
Epoch 3910/5000: score=19.233401 loss=-0.287194 valid=1.0000 routes=16.729 grad=2.4120 seconds=98.7
Epoch 3911/5000: score=18.529378 loss=-0.283522 valid=1.0000 routes=17.216 grad=2.3977 seconds=94.9
Epoch 3912/5000: score=17.966549 loss=-0.274395 valid=1.0000 routes=15.403 grad=2.1112 seconds=98.0
Epoch 3913/5000: score=18.535263 loss=-0.273255 valid=1.0000 routes=16.504 grad=2.3482 seconds=96.8
Epoch 3914/5000: score=18.349153 loss=-0.286779 valid=1.0000 routes=16.537 grad=2.3099 seconds=94.4
Epoch 3915/5000: score=18.933544 loss=-0.249514 valid=1.0000 routes=17.508 grad=2.3262 seconds=98.8
Epoch 3916/5000: score=18.461869 loss=-0.273240 valid=1.0000 routes=17.185 grad=2.3208 seconds=102.4
Epoch 3917/5000: score=18.729233 loss=-0.273121 valid=1.0000 routes=16.378 grad=2.3350 seconds=96.9
Epoch 3918/5000: score=20.177261 loss=-0.290029 valid=1.0000 routes=17.211 grad=2.6133 seconds=99.5
Epoch 3919/5000: score=17.855354 loss=-0.268395 valid=1.0000 routes=15.676 grad=2.1111 seconds=99.1
Epoch 3920/5000: score=20.290202 loss=-0.283459 valid=1.0000 routes=18.241 grad=2.6456 seconds=96.2
Epoch 3921/5000: score=19.507431 loss=-0.294273 valid=1.0000 routes=17.331 grad=2.5054 seconds=96.4
Epoch 3922/5000: score=19.350498 loss=-0.288147 valid=1.0000 routes=17.383 grad=2.4451 seconds=99.0
Epoch 3923/5000: score=18.605871 loss=-0.267474 valid=1.0000 routes=16.577 grad=2.2401 seconds=98.6
Epoch 3924/5000: score=19.535675 loss=-0.280985 valid=1.0000 routes=16.452 grad=2.4306 seconds=96.4
Epoch 3925/5000: score=18.311422 loss=-0.278111 valid=1.0000 routes=16.917 grad=2.2584 seconds=99.6
Epoch 3926/5000: score=18.519845 loss=-0.269008 valid=1.0000 routes=15.532 grad=2.2096 seconds=99.0
Epoch 3927/5000: score=19.237738 loss=-0.280711 valid=1.0000 routes=16.255 grad=2.4422 seconds=95.1
>> Invalid instances, Re-generating ...
Epoch 3928/5000: score=18.555411 loss=-0.278042 valid=1.0000 routes=16.144 grad=2.2805 seconds=100.4
Epoch 3929/5000: score=19.583490 loss=-0.273164 valid=1.0000 routes=17.604 grad=2.4529 seconds=100.1
Epoch 3930/5000: score=18.835927 loss=-0.264183 valid=1.0000 routes=16.168 grad=2.2973 seconds=96.1
Epoch 3931/5000: score=18.291089 loss=-0.252985 valid=1.0000 routes=16.612 grad=2.1589 seconds=99.1
Epoch 3932/5000: score=18.105744 loss=-0.256304 valid=1.0000 routes=16.456 grad=2.1589 seconds=98.1
Epoch 3933/5000: score=18.388893 loss=-0.252420 valid=1.0000 routes=17.202 grad=2.2440 seconds=95.6
Epoch 3934/5000: score=18.183583 loss=-0.286091 valid=1.0000 routes=16.282 grad=2.3337 seconds=99.7
Epoch 3935/5000: score=18.197729 loss=-0.267885 valid=1.0000 routes=16.559 grad=2.1912 seconds=99.5
Epoch 3936/5000: score=17.593417 loss=-0.279421 valid=1.0000 routes=15.747 grad=2.1240 seconds=95.6
Epoch 3937/5000: score=18.004788 loss=-0.267728 valid=1.0000 routes=15.590 grad=2.1117 seconds=96.7
Epoch 3938/5000: score=17.791550 loss=-0.264420 valid=1.0000 routes=16.762 grad=2.1857 seconds=99.0
Epoch 3939/5000: score=18.324095 loss=-0.287466 valid=1.0000 routes=16.849 grad=2.3531 seconds=98.5
Epoch 3940/5000: score=18.622549 loss=-0.285795 valid=1.0000 routes=16.283 grad=2.3098 seconds=95.2
Epoch 3941/5000: score=18.741402 loss=-0.268600 valid=1.0000 routes=16.599 grad=2.2502 seconds=97.9
Epoch 3942/5000: score=19.052246 loss=-0.283187 valid=1.0000 routes=17.022 grad=2.4529 seconds=97.5
Epoch 3943/5000: score=19.395495 loss=-0.273910 valid=1.0000 routes=17.276 grad=2.4136 seconds=95.4
Epoch 3944/5000: score=19.651794 loss=-0.271350 valid=1.0000 routes=18.453 grad=2.5489 seconds=98.4
Epoch 3945/5000: score=19.013009 loss=-0.290899 valid=1.0000 routes=17.150 grad=2.4523 seconds=102.1
Epoch 3946/5000: score=18.916423 loss=-0.275212 valid=1.0000 routes=17.518 grad=2.4345 seconds=97.2
Epoch 3947/5000: score=18.209174 loss=-0.289659 valid=1.0000 routes=15.608 grad=2.3065 seconds=96.2
Epoch 3948/5000: score=19.255328 loss=-0.282478 valid=1.0000 routes=16.515 grad=2.3960 seconds=98.2
Epoch 3949/5000: score=19.444099 loss=-0.277357 valid=1.0000 routes=17.564 grad=2.4526 seconds=98.3
Epoch 3950/5000: score=18.705306 loss=-0.268941 valid=1.0000 routes=16.192 grad=2.2757 seconds=94.1
Epoch 3951/5000: score=19.046847 loss=-0.256071 valid=1.0000 routes=17.621 grad=2.3873 seconds=97.4
>> Invalid instances, Re-generating ...
Epoch 3952/5000: score=18.538130 loss=-0.278708 valid=1.0000 routes=17.183 grad=2.3009 seconds=98.1
>> Invalid instances, Re-generating ...
Epoch 3953/5000: score=19.046047 loss=-0.278397 valid=1.0000 routes=16.868 grad=2.4066 seconds=92.8
Epoch 3954/5000: score=17.933026 loss=-0.263376 valid=1.0000 routes=15.767 grad=2.1245 seconds=93.9
Epoch 3955/5000: score=18.609900 loss=-0.267885 valid=1.0000 routes=16.541 grad=2.2725 seconds=94.6
Epoch 3956/5000: score=18.677627 loss=-0.262178 valid=1.0000 routes=16.438 grad=2.2505 seconds=93.6
Epoch 3957/5000: score=17.939913 loss=-0.272835 valid=1.0000 routes=16.148 grad=2.1935 seconds=93.6
Epoch 3958/5000: score=19.119092 loss=-0.273790 valid=1.0000 routes=17.768 grad=2.4574 seconds=97.5
Epoch 3959/5000: score=18.226858 loss=-0.284962 valid=1.0000 routes=16.672 grad=2.3167 seconds=96.8
Epoch 3960/5000: score=19.349234 loss=-0.274855 valid=1.0000 routes=16.258 grad=2.4149 seconds=92.0
Epoch 3961/5000: score=18.087961 loss=-0.262383 valid=1.0000 routes=16.419 grad=2.1628 seconds=93.7
Epoch 3962/5000: score=19.266485 loss=-0.283007 valid=1.0000 routes=17.242 grad=2.4454 seconds=95.1
Epoch 3963/5000: score=17.634068 loss=-0.263614 valid=1.0000 routes=15.478 grad=2.0695 seconds=93.1
Epoch 3964/5000: score=19.960075 loss=-0.272227 valid=1.0000 routes=17.514 grad=2.5434 seconds=94.3
Epoch 3965/5000: score=18.684671 loss=-0.278557 valid=1.0000 routes=15.893 grad=2.2737 seconds=97.1
Epoch 3966/5000: score=19.064131 loss=-0.275411 valid=1.0000 routes=16.729 grad=2.4560 seconds=96.1
Epoch 3967/5000: score=18.549107 loss=-0.266651 valid=1.0000 routes=16.659 grad=2.2473 seconds=92.7
Epoch 3968/5000: score=19.033953 loss=-0.273871 valid=1.0000 routes=17.506 grad=2.4328 seconds=96.6
Epoch 3969/5000: score=18.888234 loss=-0.279483 valid=1.0000 routes=16.321 grad=2.3067 seconds=95.7
Epoch 3970/5000: score=18.769511 loss=-0.289367 valid=1.0000 routes=16.254 grad=2.3914 seconds=91.6
Epoch 3971/5000: score=20.327876 loss=-0.276169 valid=1.0000 routes=18.277 grad=2.6112 seconds=92.5
Epoch 3972/5000: score=18.553322 loss=-0.272053 valid=1.0000 routes=16.338 grad=2.2688 seconds=97.0
Epoch 3973/5000: score=18.656270 loss=-0.287140 valid=1.0000 routes=15.476 grad=2.2720 seconds=95.5
Epoch 3974/5000: score=19.007250 loss=-0.273568 valid=1.0000 routes=16.953 grad=2.4220 seconds=93.5
Epoch 3975/5000: score=19.588657 loss=-0.274273 valid=1.0000 routes=17.371 grad=2.4711 seconds=97.1
Epoch 3976/5000: score=18.655003 loss=-0.249304 valid=1.0000 routes=16.951 grad=2.2358 seconds=97.0
Epoch 3977/5000: score=18.816658 loss=-0.276752 valid=1.0000 routes=16.394 grad=2.3377 seconds=91.3
Epoch 3978/5000: score=18.437144 loss=-0.265244 valid=1.0000 routes=16.222 grad=2.2588 seconds=94.0
Epoch 3979/5000: score=19.309280 loss=-0.288411 valid=1.0000 routes=17.357 grad=2.5300 seconds=96.7
Epoch 3980/5000: score=19.599363 loss=-0.270163 valid=1.0000 routes=17.692 grad=2.4645 seconds=93.1
Epoch 3981/5000: score=18.756396 loss=-0.271165 valid=1.0000 routes=16.838 grad=2.3410 seconds=92.9
Epoch 3982/5000: score=18.426006 loss=-0.267997 valid=1.0000 routes=16.752 grad=2.2781 seconds=95.5
Epoch 3983/5000: score=18.680761 loss=-0.287389 valid=1.0000 routes=16.673 grad=2.3990 seconds=95.8
Epoch 3984/5000: score=19.282112 loss=-0.276433 valid=1.0000 routes=17.972 grad=2.5110 seconds=90.7
Epoch 3985/5000: score=19.108738 loss=-0.282993 valid=1.0000 routes=16.835 grad=2.4119 seconds=94.9
Epoch 3986/5000: score=19.442396 loss=-0.268893 valid=1.0000 routes=17.579 grad=2.5457 seconds=94.9
Epoch 3987/5000: score=19.021574 loss=-0.264845 valid=1.0000 routes=16.676 grad=2.3324 seconds=92.8
Epoch 3988/5000: score=18.247650 loss=-0.276166 valid=1.0000 routes=15.852 grad=2.2636 seconds=93.9
Epoch 3989/5000: score=20.134565 loss=-0.270958 valid=1.0000 routes=18.487 grad=2.6344 seconds=96.8
Epoch 3990/5000: score=19.072593 loss=-0.270828 valid=1.0000 routes=17.454 grad=2.3605 seconds=93.9
Epoch 3991/5000: score=18.649491 loss=-0.284580 valid=1.0000 routes=16.237 grad=2.2854 seconds=92.1
Epoch 3992/5000: score=19.346001 loss=-0.269109 valid=1.0000 routes=16.765 grad=2.3863 seconds=94.3
Epoch 3993/5000: score=18.201171 loss=-0.282360 valid=1.0000 routes=15.737 grad=2.2132 seconds=95.8
Epoch 3994/5000: score=19.057538 loss=-0.269933 valid=1.0000 routes=16.659 grad=2.3536 seconds=90.5
Epoch 3995/5000: score=18.172952 loss=-0.271786 valid=1.0000 routes=15.387 grad=2.1555 seconds=93.8
Epoch 3996/5000: score=19.377856 loss=-0.270966 valid=1.0000 routes=17.146 grad=2.4490 seconds=95.2
Epoch 3997/5000: score=19.049929 loss=-0.265946 valid=1.0000 routes=16.971 grad=2.3234 seconds=91.7
Epoch 3998/5000: score=18.202909 loss=-0.275633 valid=1.0000 routes=16.605 grad=2.2851 seconds=93.5
Epoch 3999/5000: score=19.308766 loss=-0.279450 valid=1.0000 routes=16.756 grad=2.4785 seconds=95.3
Epoch 4000/5000: score=18.854455 loss=-0.270577 valid=1.0000 routes=16.938 grad=2.3317 seconds=95.3
Epoch 4001/5000: score=18.968654 loss=-0.274264 valid=1.0000 routes=17.249 grad=2.3685 seconds=93.0
Epoch 4002/5000: score=18.788625 loss=-0.287752 valid=1.0000 routes=16.651 grad=2.3723 seconds=94.7
Epoch 4003/5000: score=18.884178 loss=-0.282080 valid=1.0000 routes=16.084 grad=2.3000 seconds=97.8
Epoch 4004/5000: score=18.284821 loss=-0.260690 valid=1.0000 routes=17.115 grad=2.2125 seconds=92.1
Epoch 4005/5000: score=19.137673 loss=-0.271792 valid=1.0000 routes=16.562 grad=2.3813 seconds=92.8
Epoch 4006/5000: score=17.671684 loss=-0.280764 valid=1.0000 routes=15.886 grad=2.1536 seconds=97.0
Epoch 4007/5000: score=17.800635 loss=-0.279932 valid=1.0000 routes=15.862 grad=2.1727 seconds=95.6
Epoch 4008/5000: score=18.360248 loss=-0.268885 valid=1.0000 routes=16.427 grad=2.2195 seconds=92.5
Epoch 4009/5000: score=17.861323 loss=-0.262601 valid=1.0000 routes=16.146 grad=2.1691 seconds=96.6
>> Invalid instances, Re-generating ...
Epoch 4010/5000: score=19.543963 loss=-0.262357 valid=1.0000 routes=17.684 grad=2.4492 seconds=95.1
Epoch 4011/5000: score=19.371084 loss=-0.283465 valid=1.0000 routes=16.842 grad=2.4485 seconds=91.9
Epoch 4012/5000: score=19.530748 loss=-0.279394 valid=1.0000 routes=16.896 grad=2.4975 seconds=93.3
Epoch 4013/5000: score=18.929756 loss=-0.285713 valid=1.0000 routes=17.291 grad=2.3949 seconds=96.6
Epoch 4014/5000: score=18.055819 loss=-0.265558 valid=1.0000 routes=15.961 grad=2.1321 seconds=93.7
Epoch 4015/5000: score=18.382154 loss=-0.271691 valid=1.0000 routes=16.275 grad=2.1798 seconds=92.9
Epoch 4016/5000: score=17.912091 loss=-0.270422 valid=1.0000 routes=15.865 grad=2.1403 seconds=96.2
Epoch 4017/5000: score=18.092335 loss=-0.259036 valid=1.0000 routes=17.156 grad=2.2038 seconds=95.5
Epoch 4018/5000: score=19.085061 loss=-0.265350 valid=1.0000 routes=17.434 grad=2.3975 seconds=91.9
Epoch 4019/5000: score=19.101906 loss=-0.270989 valid=1.0000 routes=17.374 grad=2.3879 seconds=91.7
Epoch 4020/5000: score=19.022957 loss=-0.272381 valid=1.0000 routes=17.225 grad=2.3717 seconds=95.5
Epoch 4021/5000: score=18.348801 loss=-0.280031 valid=1.0000 routes=15.919 grad=2.2725 seconds=92.2
Epoch 4022/5000: score=18.390088 loss=-0.276153 valid=1.0000 routes=15.253 grad=2.1787 seconds=94.2
Epoch 4023/5000: score=18.486583 loss=-0.287339 valid=1.0000 routes=16.144 grad=2.3311 seconds=94.5
Epoch 4024/5000: score=17.973374 loss=-0.292113 valid=1.0000 routes=15.833 grad=2.2662 seconds=93.2
Epoch 4025/5000: score=19.135958 loss=-0.262591 valid=1.0000 routes=17.703 grad=2.3909 seconds=90.6
Epoch 4026/5000: score=19.301780 loss=-0.290804 valid=1.0000 routes=16.545 grad=2.4452 seconds=97.3
Epoch 4027/5000: score=19.669746 loss=-0.277867 valid=1.0000 routes=18.070 grad=2.5491 seconds=95.7
Epoch 4028/5000: score=20.029199 loss=-0.273438 valid=1.0000 routes=17.560 grad=2.5695 seconds=91.4
Epoch 4029/5000: score=18.119445 loss=-0.272299 valid=1.0000 routes=16.341 grad=2.2113 seconds=96.2
Epoch 4030/5000: score=18.083440 loss=-0.251677 valid=1.0000 routes=16.497 grad=2.1393 seconds=97.5
Epoch 4031/5000: score=18.523505 loss=-0.276453 valid=1.0000 routes=16.567 grad=2.3121 seconds=94.5
Epoch 4032/5000: score=18.570890 loss=-0.280435 valid=1.0000 routes=16.763 grad=2.3357 seconds=91.4
Epoch 4033/5000: score=17.372110 loss=-0.294766 valid=1.0000 routes=14.590 grad=2.1040 seconds=95.7
Epoch 4034/5000: score=19.198063 loss=-0.274993 valid=1.0000 routes=16.953 grad=2.3869 seconds=93.9
Epoch 4035/5000: score=19.295995 loss=-0.270531 valid=1.0000 routes=17.246 grad=2.3587 seconds=90.6
Epoch 4036/5000: score=18.347077 loss=-0.262772 valid=1.0000 routes=16.845 grad=2.2245 seconds=94.5
Epoch 4037/5000: score=18.528046 loss=-0.276453 valid=1.0000 routes=16.282 grad=2.2825 seconds=94.7
Epoch 4038/5000: score=19.255034 loss=-0.275802 valid=1.0000 routes=17.179 grad=2.4538 seconds=93.0
Epoch 4039/5000: score=18.861761 loss=-0.276638 valid=1.0000 routes=16.518 grad=2.3438 seconds=93.8
Epoch 4040/5000: score=18.393936 loss=-0.271321 valid=1.0000 routes=16.391 grad=2.2231 seconds=94.2
Epoch 4041/5000: score=18.531126 loss=-0.286367 valid=1.0000 routes=16.196 grad=2.3002 seconds=94.7
Epoch 4042/5000: score=18.394474 loss=-0.264618 valid=1.0000 routes=17.131 grad=2.2528 seconds=90.5
Epoch 4043/5000: score=18.511492 loss=-0.288244 valid=1.0000 routes=15.785 grad=2.2905 seconds=95.0
Epoch 4044/5000: score=19.352414 loss=-0.283379 valid=1.0000 routes=16.456 grad=2.4258 seconds=95.3
Epoch 4045/5000: score=18.436248 loss=-0.256230 valid=1.0000 routes=16.582 grad=2.2149 seconds=90.9
Epoch 4046/5000: score=18.571583 loss=-0.266977 valid=1.0000 routes=16.938 grad=2.2920 seconds=96.6
>> Invalid instances, Re-generating ...
Epoch 4047/5000: score=20.258921 loss=-0.274668 valid=1.0000 routes=18.298 grad=2.6893 seconds=94.0
>> Invalid instances, Re-generating ...
Epoch 4048/5000: score=18.938266 loss=-0.267625 valid=1.0000 routes=17.836 grad=2.4377 seconds=92.8
Epoch 4049/5000: score=18.487771 loss=-0.276599 valid=1.0000 routes=16.419 grad=2.2681 seconds=93.6
Epoch 4050/5000: score=18.700592 loss=-0.271387 valid=1.0000 routes=16.607 grad=2.3159 seconds=96.7
Epoch 4051/5000: score=18.950573 loss=-0.276533 valid=1.0000 routes=16.293 grad=2.3681 seconds=93.9
Epoch 4052/5000: score=17.599232 loss=-0.269923 valid=1.0000 routes=16.088 grad=2.1014 seconds=93.0
Epoch 4053/5000: score=18.533962 loss=-0.264328 valid=1.0000 routes=17.330 grad=2.2771 seconds=94.0
Epoch 4054/5000: score=18.687841 loss=-0.280216 valid=1.0000 routes=16.479 grad=2.3134 seconds=96.1
Epoch 4055/5000: score=18.680409 loss=-0.276718 valid=1.0000 routes=16.164 grad=2.3308 seconds=93.2
Epoch 4056/5000: score=17.779719 loss=-0.276780 valid=1.0000 routes=15.958 grad=2.1609 seconds=92.8
Epoch 4057/5000: score=19.482359 loss=-0.282143 valid=1.0000 routes=16.602 grad=2.4724 seconds=95.6
Epoch 4058/5000: score=18.746221 loss=-0.272656 valid=1.0000 routes=16.390 grad=2.2688 seconds=93.7
Epoch 4059/5000: score=19.638571 loss=-0.291506 valid=1.0000 routes=16.678 grad=2.5435 seconds=91.7
Epoch 4060/5000: score=19.068441 loss=-0.272720 valid=1.0000 routes=16.878 grad=2.3783 seconds=94.4
Epoch 4061/5000: score=19.111837 loss=-0.274982 valid=1.0000 routes=16.844 grad=2.4210 seconds=96.5
Epoch 4062/5000: score=19.417974 loss=-0.264575 valid=1.0000 routes=17.434 grad=2.4240 seconds=91.8
Epoch 4063/5000: score=19.131879 loss=-0.251680 valid=1.0000 routes=18.312 grad=2.4084 seconds=94.1
Epoch 4064/5000: score=19.515711 loss=-0.273092 valid=1.0000 routes=17.734 grad=2.5579 seconds=95.9
Epoch 4065/5000: score=19.396155 loss=-0.280808 valid=1.0000 routes=16.227 grad=2.3799 seconds=92.5
Epoch 4066/5000: score=19.040012 loss=-0.264020 valid=1.0000 routes=17.818 grad=2.3945 seconds=94.8
Epoch 4067/5000: score=17.112445 loss=-0.276612 valid=1.0000 routes=14.748 grad=2.0013 seconds=95.6
Epoch 4068/5000: score=18.772229 loss=-0.276725 valid=1.0000 routes=16.575 grad=2.3407 seconds=94.8
Epoch 4069/5000: score=17.562057 loss=-0.267666 valid=1.0000 routes=15.496 grad=2.0392 seconds=89.8
Epoch 4070/5000: score=18.740958 loss=-0.270285 valid=1.0000 routes=16.848 grad=2.3329 seconds=96.3
Epoch 4071/5000: score=19.189093 loss=-0.278960 valid=1.0000 routes=16.439 grad=2.3452 seconds=95.7
Epoch 4072/5000: score=19.508125 loss=-0.282743 valid=1.0000 routes=17.162 grad=2.4434 seconds=92.0
Epoch 4073/5000: score=19.544968 loss=-0.290797 valid=1.0000 routes=18.228 grad=2.5552 seconds=96.1
Epoch 4074/5000: score=18.319326 loss=-0.258444 valid=1.0000 routes=17.154 grad=2.2101 seconds=94.8
Epoch 4075/5000: score=18.459408 loss=-0.263127 valid=1.0000 routes=16.501 grad=2.2179 seconds=92.9
Epoch 4076/5000: score=19.417489 loss=-0.264527 valid=1.0000 routes=17.477 grad=2.3969 seconds=91.7
Epoch 4077/5000: score=18.587785 loss=-0.281634 valid=1.0000 routes=16.569 grad=2.3212 seconds=96.2
Epoch 4078/5000: score=19.581646 loss=-0.275169 valid=1.0000 routes=17.178 grad=2.4441 seconds=96.5
Epoch 4079/5000: score=19.609182 loss=-0.271599 valid=1.0000 routes=17.672 grad=2.5640 seconds=91.9
Epoch 4080/5000: score=17.283035 loss=-0.282576 valid=1.0000 routes=14.118 grad=2.0029 seconds=95.4
Epoch 4081/5000: score=18.632944 loss=-0.276870 valid=1.0000 routes=16.614 grad=2.3345 seconds=96.8
Epoch 4082/5000: score=19.448770 loss=-0.276959 valid=1.0000 routes=16.816 grad=2.4544 seconds=91.9
Epoch 4083/5000: score=19.387327 loss=-0.266985 valid=1.0000 routes=16.938 grad=2.4590 seconds=92.5
Epoch 4084/5000: score=19.378459 loss=-0.284554 valid=1.0000 routes=17.079 grad=2.4769 seconds=96.3
Epoch 4085/5000: score=19.935455 loss=-0.282475 valid=1.0000 routes=17.837 grad=2.5595 seconds=94.1
Epoch 4086/5000: score=17.445179 loss=-0.257777 valid=1.0000 routes=15.148 grad=1.9410 seconds=92.4
Epoch 4087/5000: score=17.440098 loss=-0.266754 valid=1.0000 routes=15.404 grad=2.0233 seconds=94.4
Epoch 4088/5000: score=19.900065 loss=-0.282539 valid=1.0000 routes=17.390 grad=2.5526 seconds=94.3
Epoch 4089/5000: score=19.184814 loss=-0.272036 valid=1.0000 routes=17.211 grad=2.4078 seconds=91.6
Epoch 4090/5000: score=18.938895 loss=-0.274036 valid=1.0000 routes=16.700 grad=2.3794 seconds=94.1
Epoch 4091/5000: score=19.457501 loss=-0.272390 valid=1.0000 routes=17.642 grad=2.4477 seconds=94.5
Epoch 4092/5000: score=18.626415 loss=-0.266683 valid=1.0000 routes=16.629 grad=2.2625 seconds=94.1
Epoch 4093/5000: score=19.088289 loss=-0.268991 valid=1.0000 routes=16.928 grad=2.4087 seconds=92.8
Epoch 4094/5000: score=19.265627 loss=-0.274389 valid=1.0000 routes=16.390 grad=2.3902 seconds=97.0
Epoch 4095/5000: score=18.662639 loss=-0.273914 valid=1.0000 routes=15.949 grad=2.2702 seconds=97.8
Epoch 4096/5000: score=18.584717 loss=-0.273133 valid=1.0000 routes=16.673 grad=2.3114 seconds=92.1
Epoch 4097/5000: score=19.244999 loss=-0.266891 valid=1.0000 routes=17.644 grad=2.4167 seconds=93.7
Epoch 4098/5000: score=19.011911 loss=-0.271295 valid=1.0000 routes=17.554 grad=2.4691 seconds=96.2
Epoch 4099/5000: score=19.194294 loss=-0.280571 valid=1.0000 routes=17.130 grad=2.4807 seconds=94.4
Epoch 4100/5000: score=18.795323 loss=-0.270399 valid=1.0000 routes=16.887 grad=2.3923 seconds=92.1
Epoch 4101/5000: score=18.996689 loss=-0.274460 valid=1.0000 routes=17.153 grad=2.3846 seconds=96.0
Epoch 4102/5000: score=18.245310 loss=-0.278523 valid=1.0000 routes=16.082 grad=2.1936 seconds=96.5
Epoch 4103/5000: score=18.976274 loss=-0.275797 valid=1.0000 routes=17.020 grad=2.3714 seconds=91.3
Epoch 4104/5000: score=18.548402 loss=-0.272675 valid=1.0000 routes=15.769 grad=2.2060 seconds=95.3
Epoch 4105/5000: score=18.813746 loss=-0.273586 valid=1.0000 routes=16.122 grad=2.2389 seconds=96.7
Epoch 4106/5000: score=18.018269 loss=-0.276151 valid=1.0000 routes=16.017 grad=2.1602 seconds=93.7
Epoch 4107/5000: score=18.888602 loss=-0.271620 valid=1.0000 routes=16.074 grad=2.3034 seconds=94.1
Epoch 4108/5000: score=19.244643 loss=-0.281998 valid=1.0000 routes=17.030 grad=2.4322 seconds=93.2
Epoch 4109/5000: score=18.876437 loss=-0.274189 valid=1.0000 routes=16.995 grad=2.3577 seconds=94.4
Epoch 4110/5000: score=19.115388 loss=-0.268283 valid=1.0000 routes=16.126 grad=2.3759 seconds=92.1
Epoch 4111/5000: score=18.853907 loss=-0.270735 valid=1.0000 routes=17.296 grad=2.3170 seconds=94.2
Epoch 4112/5000: score=19.236545 loss=-0.264183 valid=1.0000 routes=17.773 grad=2.4315 seconds=95.2
Epoch 4113/5000: score=18.633782 loss=-0.277833 valid=1.0000 routes=16.316 grad=2.3158 seconds=91.3
Epoch 4114/5000: score=19.402258 loss=-0.274540 valid=1.0000 routes=17.085 grad=2.4368 seconds=94.2
Epoch 4115/5000: score=18.373919 loss=-0.270067 valid=1.0000 routes=16.011 grad=2.2259 seconds=95.0
Epoch 4116/5000: score=17.697217 loss=-0.264649 valid=1.0000 routes=15.553 grad=2.0671 seconds=92.2
Epoch 4117/5000: score=18.501855 loss=-0.281702 valid=1.0000 routes=16.527 grad=2.3040 seconds=93.5
Epoch 4118/5000: score=18.747678 loss=-0.263350 valid=1.0000 routes=17.128 grad=2.2822 seconds=95.7
Epoch 4119/5000: score=19.300118 loss=-0.289857 valid=1.0000 routes=17.079 grad=2.4997 seconds=94.4
Epoch 4120/5000: score=18.961246 loss=-0.277477 valid=1.0000 routes=17.075 grad=2.3960 seconds=91.6
Epoch 4121/5000: score=18.807912 loss=-0.266674 valid=1.0000 routes=16.910 grad=2.3064 seconds=95.0
Epoch 4122/5000: score=18.281846 loss=-0.284050 valid=1.0000 routes=15.941 grad=2.2763 seconds=96.3
Epoch 4123/5000: score=18.547133 loss=-0.273368 valid=1.0000 routes=16.357 grad=2.3289 seconds=91.1
Epoch 4124/5000: score=18.534703 loss=-0.287909 valid=1.0000 routes=15.610 grad=2.3536 seconds=93.8
Epoch 4125/5000: score=18.802159 loss=-0.267309 valid=1.0000 routes=17.589 grad=2.3556 seconds=94.4
Epoch 4126/5000: score=18.937008 loss=-0.294726 valid=1.0000 routes=15.482 grad=2.3878 seconds=95.1
Epoch 4127/5000: score=17.923848 loss=-0.261473 valid=1.0000 routes=16.468 grad=2.1693 seconds=92.0
>> Invalid instances, Re-generating ...
Epoch 4128/5000: score=18.489920 loss=-0.282726 valid=1.0000 routes=15.874 grad=2.2739 seconds=96.8
Epoch 4129/5000: score=19.147786 loss=-0.269450 valid=1.0000 routes=16.993 grad=2.4190 seconds=94.8
Epoch 4130/5000: score=18.835599 loss=-0.276014 valid=1.0000 routes=17.039 grad=2.2968 seconds=90.0
Epoch 4131/5000: score=19.615178 loss=-0.274241 valid=1.0000 routes=18.300 grad=2.5606 seconds=95.3
Epoch 4132/5000: score=19.348064 loss=-0.263077 valid=1.0000 routes=17.653 grad=2.3782 seconds=94.6
Epoch 4133/5000: score=19.029425 loss=-0.262963 valid=1.0000 routes=17.746 grad=2.4166 seconds=93.3
Epoch 4134/5000: score=18.619114 loss=-0.281353 valid=1.0000 routes=16.005 grad=2.3157 seconds=93.0
Epoch 4135/5000: score=18.925441 loss=-0.263111 valid=1.0000 routes=16.037 grad=2.2552 seconds=94.6
Epoch 4136/5000: score=18.671208 loss=-0.272349 valid=1.0000 routes=16.087 grad=2.3113 seconds=93.1
Epoch 4137/5000: score=19.129196 loss=-0.265411 valid=1.0000 routes=15.939 grad=2.2607 seconds=92.8
Epoch 4138/5000: score=18.756481 loss=-0.275452 valid=1.0000 routes=16.864 grad=2.3350 seconds=94.0
Epoch 4139/5000: score=17.970347 loss=-0.260098 valid=1.0000 routes=16.859 grad=2.1331 seconds=93.5
Epoch 4140/5000: score=18.821456 loss=-0.269859 valid=1.0000 routes=16.502 grad=2.3440 seconds=91.5
Epoch 4141/5000: score=18.991962 loss=-0.264357 valid=1.0000 routes=17.392 grad=2.3894 seconds=95.8
Epoch 4142/5000: score=18.221826 loss=-0.276811 valid=1.0000 routes=15.244 grad=2.1612 seconds=94.9
Epoch 4143/5000: score=18.695342 loss=-0.276474 valid=1.0000 routes=16.822 grad=2.2657 seconds=92.4
Epoch 4144/5000: score=17.679568 loss=-0.266878 valid=1.0000 routes=16.429 grad=2.0647 seconds=94.1
>> Invalid instances, Re-generating ...
Epoch 4145/5000: score=18.815844 loss=-0.260848 valid=1.0000 routes=17.198 grad=2.3146 seconds=96.5
Epoch 4146/5000: score=18.616901 loss=-0.262672 valid=1.0000 routes=16.942 grad=2.3050 seconds=93.1
Epoch 4147/5000: score=19.679766 loss=-0.261626 valid=1.0000 routes=18.040 grad=2.4923 seconds=92.9
Epoch 4148/5000: score=18.741915 loss=-0.258381 valid=1.0000 routes=17.045 grad=2.2480 seconds=95.0
Epoch 4149/5000: score=17.298075 loss=-0.254717 valid=1.0000 routes=15.962 grad=1.9856 seconds=93.8
Epoch 4150/5000: score=18.624254 loss=-0.258880 valid=1.0000 routes=16.681 grad=2.2960 seconds=91.1
Epoch 4151/5000: score=18.474024 loss=-0.262898 valid=1.0000 routes=17.283 grad=2.3203 seconds=92.8
Epoch 4152/5000: score=18.679288 loss=-0.270923 valid=1.0000 routes=16.551 grad=2.3131 seconds=96.3
Epoch 4153/5000: score=19.058289 loss=-0.258096 valid=1.0000 routes=17.164 grad=2.2992 seconds=93.3
Epoch 4154/5000: score=18.903693 loss=-0.259873 valid=1.0000 routes=16.454 grad=2.1968 seconds=93.9
Epoch 4155/5000: score=18.030865 loss=-0.255428 valid=1.0000 routes=15.724 grad=2.1106 seconds=96.8
Epoch 4156/5000: score=18.705262 loss=-0.276850 valid=1.0000 routes=16.096 grad=2.2963 seconds=94.9
Epoch 4157/5000: score=18.893192 loss=-0.277659 valid=1.0000 routes=17.222 grad=2.3936 seconds=91.4
Epoch 4158/5000: score=19.060285 loss=-0.260855 valid=1.0000 routes=17.223 grad=2.3364 seconds=94.2
Epoch 4159/5000: score=19.296600 loss=-0.275278 valid=1.0000 routes=17.365 grad=2.4349 seconds=95.9
Epoch 4160/5000: score=18.907265 loss=-0.273052 valid=1.0000 routes=17.300 grad=2.3225 seconds=92.1
Epoch 4161/5000: score=19.263376 loss=-0.264170 valid=1.0000 routes=17.429 grad=2.3855 seconds=94.9
Epoch 4162/5000: score=18.341099 loss=-0.259558 valid=1.0000 routes=16.187 grad=2.1514 seconds=96.0
Epoch 4163/5000: score=20.128814 loss=-0.268945 valid=1.0000 routes=17.415 grad=2.5605 seconds=92.9
Epoch 4164/5000: score=20.031223 loss=-0.258196 valid=1.0000 routes=18.007 grad=2.5201 seconds=90.5
Epoch 4165/5000: score=19.182290 loss=-0.277692 valid=1.0000 routes=16.510 grad=2.3986 seconds=96.4
Epoch 4166/5000: score=18.800946 loss=-0.271675 valid=1.0000 routes=16.440 grad=2.3293 seconds=95.3
Epoch 4167/5000: score=18.555919 loss=-0.254884 valid=1.0000 routes=16.500 grad=2.1754 seconds=92.2
Epoch 4168/5000: score=18.799499 loss=-0.257399 valid=1.0000 routes=16.385 grad=2.2426 seconds=94.8
Epoch 4169/5000: score=19.454908 loss=-0.264129 valid=1.0000 routes=17.876 grad=2.4481 seconds=94.2
Epoch 4170/5000: score=18.660568 loss=-0.266641 valid=1.0000 routes=16.555 grad=2.2540 seconds=92.3
Epoch 4171/5000: score=19.136450 loss=-0.259978 valid=1.0000 routes=17.070 grad=2.3440 seconds=93.0
Epoch 4172/5000: score=19.382852 loss=-0.269854 valid=1.0000 routes=16.826 grad=2.4412 seconds=97.5
Epoch 4173/5000: score=17.845521 loss=-0.271242 valid=1.0000 routes=15.455 grad=2.1154 seconds=95.1
Epoch 4174/5000: score=17.868754 loss=-0.265446 valid=1.0000 routes=15.980 grad=2.1760 seconds=91.5
Epoch 4175/5000: score=20.245056 loss=-0.279271 valid=1.0000 routes=17.722 grad=2.5673 seconds=94.6
Epoch 4176/5000: score=16.795501 loss=-0.271802 valid=1.0000 routes=14.395 grad=1.9464 seconds=95.7
Epoch 4177/5000: score=18.461792 loss=-0.277346 valid=1.0000 routes=15.987 grad=2.3360 seconds=93.2
Epoch 4178/5000: score=18.024847 loss=-0.262549 valid=1.0000 routes=16.439 grad=2.2127 seconds=92.9
Epoch 4179/5000: score=19.163235 loss=-0.272824 valid=1.0000 routes=17.526 grad=2.4826 seconds=95.2
Epoch 4180/5000: score=19.862845 loss=-0.279531 valid=1.0000 routes=17.401 grad=2.5258 seconds=93.8
Epoch 4181/5000: score=19.540653 loss=-0.274748 valid=1.0000 routes=17.055 grad=2.4963 seconds=93.1
>> Invalid instances, Re-generating ...
Epoch 4182/5000: score=18.853424 loss=-0.256886 valid=1.0000 routes=16.591 grad=2.2608 seconds=93.7
Epoch 4183/5000: score=18.852367 loss=-0.257092 valid=1.0000 routes=16.987 grad=2.2816 seconds=94.8
Epoch 4184/5000: score=19.001986 loss=-0.264988 valid=1.0000 routes=17.539 grad=2.4350 seconds=92.3
Epoch 4185/5000: score=18.884707 loss=-0.258411 valid=1.0000 routes=17.357 grad=2.2829 seconds=95.1
Epoch 4186/5000: score=20.263474 loss=-0.268141 valid=1.0000 routes=17.788 grad=2.5756 seconds=96.0
Epoch 4187/5000: score=17.845274 loss=-0.271231 valid=1.0000 routes=15.892 grad=2.1208 seconds=93.2
Epoch 4188/5000: score=18.938992 loss=-0.258683 valid=1.0000 routes=16.866 grad=2.3156 seconds=91.9
Epoch 4189/5000: score=17.241086 loss=-0.248458 valid=1.0000 routes=15.165 grad=1.8938 seconds=95.3
Epoch 4190/5000: score=18.725049 loss=-0.264551 valid=1.0000 routes=16.724 grad=2.3063 seconds=96.0
Epoch 4191/5000: score=18.978854 loss=-0.278478 valid=1.0000 routes=17.014 grad=2.3891 seconds=91.4
Epoch 4192/5000: score=18.343430 loss=-0.288906 valid=1.0000 routes=15.822 grad=2.2379 seconds=93.9
Epoch 4193/5000: score=18.972909 loss=-0.261084 valid=1.0000 routes=17.511 grad=2.3557 seconds=97.0
Epoch 4194/5000: score=18.877450 loss=-0.272017 valid=1.0000 routes=17.551 grad=2.3581 seconds=91.8
Epoch 4195/5000: score=18.588624 loss=-0.275026 valid=1.0000 routes=16.702 grad=2.2950 seconds=93.8
Epoch 4196/5000: score=19.444333 loss=-0.268896 valid=1.0000 routes=17.747 grad=2.4797 seconds=95.5
Epoch 4197/5000: score=18.236721 loss=-0.253488 valid=1.0000 routes=16.631 grad=2.1344 seconds=93.0
Epoch 4198/5000: score=18.825793 loss=-0.266294 valid=1.0000 routes=16.776 grad=2.2836 seconds=92.1
Epoch 4199/5000: score=18.508517 loss=-0.272731 valid=1.0000 routes=16.734 grad=2.2691 seconds=94.7
Epoch 4200/5000: score=18.148881 loss=-0.263263 valid=1.0000 routes=16.499 grad=2.1633 seconds=94.1
Epoch 4201/5000: score=18.986536 loss=-0.268374 valid=1.0000 routes=16.882 grad=2.3333 seconds=90.9
Epoch 4202/5000: score=18.286218 loss=-0.267336 valid=1.0000 routes=16.444 grad=2.2135 seconds=93.9
Epoch 4203/5000: score=19.075142 loss=-0.268979 valid=1.0000 routes=16.801 grad=2.3466 seconds=94.6
Epoch 4204/5000: score=18.942440 loss=-0.269868 valid=1.0000 routes=16.753 grad=2.3762 seconds=91.8
Epoch 4205/5000: score=18.726818 loss=-0.284015 valid=1.0000 routes=16.486 grad=2.3134 seconds=95.6
Epoch 4206/5000: score=18.241480 loss=-0.282586 valid=1.0000 routes=16.167 grad=2.2444 seconds=96.3
Epoch 4207/5000: score=19.567550 loss=-0.267511 valid=1.0000 routes=17.443 grad=2.4155 seconds=92.6
Epoch 4208/5000: score=18.519852 loss=-0.271464 valid=1.0000 routes=16.694 grad=2.3005 seconds=91.7
Epoch 4209/5000: score=19.241523 loss=-0.280283 valid=1.0000 routes=17.246 grad=2.4024 seconds=95.8
Epoch 4210/5000: score=19.698432 loss=-0.273851 valid=1.0000 routes=17.308 grad=2.5002 seconds=95.4
Epoch 4211/5000: score=18.269799 loss=-0.270770 valid=1.0000 routes=15.564 grad=2.1573 seconds=91.5
Epoch 4212/5000: score=18.677602 loss=-0.277321 valid=1.0000 routes=17.078 grad=2.3319 seconds=94.4
Epoch 4213/5000: score=18.602037 loss=-0.263458 valid=1.0000 routes=16.374 grad=2.2451 seconds=93.5
Epoch 4214/5000: score=20.154038 loss=-0.281443 valid=1.0000 routes=17.470 grad=2.6027 seconds=92.0
Epoch 4215/5000: score=18.744168 loss=-0.271752 valid=1.0000 routes=16.202 grad=2.3049 seconds=93.0
Epoch 4216/5000: score=18.860466 loss=-0.284565 valid=1.0000 routes=16.933 grad=2.4274 seconds=96.6
Epoch 4217/5000: score=19.860241 loss=-0.284052 valid=1.0000 routes=17.405 grad=2.5537 seconds=94.6
Epoch 4218/5000: score=18.601866 loss=-0.282013 valid=1.0000 routes=16.808 grad=2.2888 seconds=91.8
Epoch 4219/5000: score=20.141118 loss=-0.265036 valid=1.0000 routes=18.448 grad=2.5061 seconds=94.7
Epoch 4220/5000: score=18.550524 loss=-0.268042 valid=1.0000 routes=15.792 grad=2.2568 seconds=96.3
Epoch 4221/5000: score=18.838324 loss=-0.261489 valid=1.0000 routes=16.392 grad=2.2453 seconds=93.4
Epoch 4222/5000: score=19.213007 loss=-0.259323 valid=1.0000 routes=16.714 grad=2.3311 seconds=93.1
Epoch 4223/5000: score=18.552173 loss=-0.255378 valid=1.0000 routes=16.417 grad=2.1888 seconds=92.5
Epoch 4224/5000: score=19.382421 loss=-0.271642 valid=1.0000 routes=17.344 grad=2.4203 seconds=93.9
Epoch 4225/5000: score=17.848013 loss=-0.260127 valid=1.0000 routes=15.702 grad=2.1452 seconds=93.4
Epoch 4226/5000: score=19.618585 loss=-0.271644 valid=1.0000 routes=17.242 grad=2.4912 seconds=96.7
Epoch 4227/5000: score=18.510904 loss=-0.256840 valid=1.0000 routes=16.358 grad=2.2002 seconds=95.8
Epoch 4228/5000: score=18.113549 loss=-0.277563 valid=1.0000 routes=15.636 grad=2.2503 seconds=91.6
Epoch 4229/5000: score=18.783401 loss=-0.263089 valid=1.0000 routes=16.351 grad=2.2900 seconds=93.8
Epoch 4230/5000: score=18.379403 loss=-0.259340 valid=1.0000 routes=15.519 grad=2.1319 seconds=96.0
Epoch 4231/5000: score=18.799709 loss=-0.265105 valid=1.0000 routes=17.132 grad=2.3282 seconds=92.3
Epoch 4232/5000: score=19.084253 loss=-0.256527 valid=1.0000 routes=16.956 grad=2.3259 seconds=93.2
Epoch 4233/5000: score=19.525645 loss=-0.285485 valid=1.0000 routes=17.456 grad=2.4937 seconds=96.5
Epoch 4234/5000: score=18.805697 loss=-0.280735 valid=1.0000 routes=15.920 grad=2.2878 seconds=94.3
Epoch 4235/5000: score=18.471121 loss=-0.263283 valid=1.0000 routes=16.546 grad=2.1699 seconds=91.7
Epoch 4236/5000: score=18.719716 loss=-0.246342 valid=1.0000 routes=17.296 grad=2.2443 seconds=96.8
Epoch 4237/5000: score=18.565035 loss=-0.265478 valid=1.0000 routes=16.846 grad=2.3239 seconds=96.1
Epoch 4238/5000: score=18.463499 loss=-0.271421 valid=1.0000 routes=16.131 grad=2.2133 seconds=91.8
Epoch 4239/5000: score=19.233311 loss=-0.289549 valid=1.0000 routes=17.601 grad=2.5082 seconds=94.2
Epoch 4240/5000: score=18.775428 loss=-0.266258 valid=1.0000 routes=17.494 grad=2.3854 seconds=94.6
Epoch 4241/5000: score=18.778633 loss=-0.274941 valid=1.0000 routes=17.145 grad=2.3525 seconds=94.5
Epoch 4242/5000: score=19.810652 loss=-0.274191 valid=1.0000 routes=18.271 grad=2.5746 seconds=93.4
Epoch 4243/5000: score=18.589513 loss=-0.255194 valid=1.0000 routes=17.458 grad=2.2490 seconds=96.3
Epoch 4244/5000: score=19.794501 loss=-0.261383 valid=1.0000 routes=17.222 grad=2.4753 seconds=96.5
Epoch 4245/5000: score=19.245892 loss=-0.271525 valid=1.0000 routes=16.890 grad=2.4735 seconds=92.3
Epoch 4246/5000: score=18.016728 loss=-0.268440 valid=1.0000 routes=16.295 grad=2.1881 seconds=95.4
Epoch 4247/5000: score=19.276035 loss=-0.273735 valid=1.0000 routes=16.316 grad=2.3639 seconds=97.6
Epoch 4248/5000: score=18.050418 loss=-0.263963 valid=1.0000 routes=16.071 grad=2.1322 seconds=92.2
Epoch 4249/5000: score=18.956228 loss=-0.265924 valid=1.0000 routes=16.849 grad=2.3495 seconds=93.6
Epoch 4250/5000: score=18.610137 loss=-0.274522 valid=1.0000 routes=16.458 grad=2.2714 seconds=96.0
Epoch 4251/5000: score=19.160938 loss=-0.285769 valid=1.0000 routes=17.232 grad=2.5007 seconds=94.5
Epoch 4252/5000: score=18.312822 loss=-0.273335 valid=1.0000 routes=16.319 grad=2.1931 seconds=91.3
Epoch 4253/5000: score=19.217665 loss=-0.279183 valid=1.0000 routes=16.641 grad=2.4147 seconds=97.1
Epoch 4254/5000: score=20.025474 loss=-0.275311 valid=1.0000 routes=17.831 grad=2.5669 seconds=93.4
Epoch 4255/5000: score=19.001081 loss=-0.264202 valid=1.0000 routes=16.967 grad=2.3314 seconds=91.8
Epoch 4256/5000: score=19.863972 loss=-0.269837 valid=1.0000 routes=16.659 grad=2.4374 seconds=91.8
Epoch 4257/5000: score=18.156984 loss=-0.274298 valid=1.0000 routes=16.251 grad=2.2672 seconds=97.8
Epoch 4258/5000: score=17.769924 loss=-0.277971 valid=1.0000 routes=16.671 grad=2.1917 seconds=94.7
Epoch 4259/5000: score=19.423940 loss=-0.267211 valid=1.0000 routes=17.709 grad=2.4354 seconds=91.3
Epoch 4260/5000: score=17.559842 loss=-0.266882 valid=1.0000 routes=16.206 grad=2.0981 seconds=96.5
Epoch 4261/5000: score=18.966858 loss=-0.265372 valid=1.0000 routes=16.946 grad=2.3353 seconds=96.4
Epoch 4262/5000: score=18.723873 loss=-0.258665 valid=1.0000 routes=17.337 grad=2.3141 seconds=93.2
Epoch 4263/5000: score=19.124160 loss=-0.276702 valid=1.0000 routes=15.863 grad=2.3060 seconds=95.6
Epoch 4264/5000: score=18.652316 loss=-0.290242 valid=1.0000 routes=16.332 grad=2.3952 seconds=96.8
Epoch 4265/5000: score=19.601673 loss=-0.269491 valid=1.0000 routes=18.242 grad=2.5188 seconds=94.1
Epoch 4266/5000: score=17.819115 loss=-0.273132 valid=1.0000 routes=15.971 grad=2.1094 seconds=90.5
Epoch 4267/5000: score=19.971016 loss=-0.270725 valid=1.0000 routes=17.901 grad=2.5503 seconds=94.0
Epoch 4268/5000: score=18.354418 loss=-0.270938 valid=1.0000 routes=16.378 grad=2.2952 seconds=96.2
Epoch 4269/5000: score=18.345616 loss=-0.263614 valid=1.0000 routes=17.262 grad=2.2691 seconds=91.3
Epoch 4270/5000: score=20.270475 loss=-0.272913 valid=1.0000 routes=18.925 grad=2.6797 seconds=95.8
Epoch 4271/5000: score=19.435707 loss=-0.275083 valid=1.0000 routes=17.507 grad=2.5105 seconds=96.0
Epoch 4272/5000: score=18.629514 loss=-0.262669 valid=1.0000 routes=17.448 grad=2.3008 seconds=94.2
Epoch 4273/5000: score=19.429713 loss=-0.264366 valid=1.0000 routes=18.576 grad=2.4402 seconds=92.0
Epoch 4274/5000: score=18.974235 loss=-0.283997 valid=1.0000 routes=17.096 grad=2.3832 seconds=98.1
Epoch 4275/5000: score=18.876146 loss=-0.266799 valid=1.0000 routes=16.781 grad=2.2946 seconds=95.7
Epoch 4276/5000: score=18.272736 loss=-0.264801 valid=1.0000 routes=16.074 grad=2.2049 seconds=92.0
Epoch 4277/5000: score=20.211066 loss=-0.273814 valid=1.0000 routes=17.970 grad=2.6497 seconds=95.4
Epoch 4278/5000: score=18.586810 loss=-0.266642 valid=1.0000 routes=16.558 grad=2.2397 seconds=96.2
Epoch 4279/5000: score=18.329417 loss=-0.271449 valid=1.0000 routes=16.760 grad=2.2628 seconds=92.1
Epoch 4280/5000: score=18.060520 loss=-0.267431 valid=1.0000 routes=16.362 grad=2.2176 seconds=94.4
Epoch 4281/5000: score=18.309728 loss=-0.263667 valid=1.0000 routes=17.066 grad=2.2534 seconds=95.2
Epoch 4282/5000: score=18.806099 loss=-0.280807 valid=1.0000 routes=16.308 grad=2.3330 seconds=95.8
Epoch 4283/5000: score=19.254465 loss=-0.265179 valid=1.0000 routes=16.994 grad=2.3428 seconds=91.3
Epoch 4284/5000: score=19.056579 loss=-0.275050 valid=1.0000 routes=16.442 grad=2.3493 seconds=96.0
Epoch 4285/5000: score=18.675481 loss=-0.262973 valid=1.0000 routes=17.078 grad=2.3035 seconds=95.5
Epoch 4286/5000: score=18.661550 loss=-0.268564 valid=1.0000 routes=16.096 grad=2.2311 seconds=90.9
Epoch 4287/5000: score=18.658774 loss=-0.261054 valid=1.0000 routes=16.011 grad=2.1759 seconds=95.1
Epoch 4288/5000: score=18.827315 loss=-0.263964 valid=1.0000 routes=17.108 grad=2.3051 seconds=96.9
Epoch 4289/5000: score=18.726722 loss=-0.265296 valid=1.0000 routes=15.899 grad=2.2479 seconds=95.2
Epoch 4290/5000: score=19.167513 loss=-0.269361 valid=1.0000 routes=16.902 grad=2.4260 seconds=93.5
Epoch 4291/5000: score=19.997733 loss=-0.266754 valid=1.0000 routes=17.576 grad=2.5419 seconds=97.9
Epoch 4292/5000: score=19.945356 loss=-0.256037 valid=1.0000 routes=18.438 grad=2.5461 seconds=94.4
Epoch 4293/5000: score=18.568261 loss=-0.278783 valid=1.0000 routes=15.764 grad=2.2575 seconds=92.1
Epoch 4294/5000: score=19.261957 loss=-0.264233 valid=1.0000 routes=17.519 grad=2.4218 seconds=95.2
Epoch 4295/5000: score=17.975727 loss=-0.272784 valid=1.0000 routes=16.471 grad=2.2190 seconds=98.0
Epoch 4296/5000: score=18.517289 loss=-0.277800 valid=1.0000 routes=15.868 grad=2.2324 seconds=93.0
Epoch 4297/5000: score=17.859527 loss=-0.258396 valid=1.0000 routes=15.713 grad=2.0703 seconds=92.1
Epoch 4298/5000: score=18.982061 loss=-0.277544 valid=1.0000 routes=16.523 grad=2.3584 seconds=96.9
Epoch 4299/5000: score=18.653794 loss=-0.253266 valid=1.0000 routes=16.473 grad=2.2163 seconds=93.4
Epoch 4300/5000: score=18.846358 loss=-0.274513 valid=1.0000 routes=17.451 grad=2.3376 seconds=92.7
Epoch 4301/5000: score=19.449487 loss=-0.289958 valid=1.0000 routes=17.367 grad=2.5612 seconds=94.8
Epoch 4302/5000: score=19.405157 loss=-0.274947 valid=1.0000 routes=17.527 grad=2.5219 seconds=96.1
Epoch 4303/5000: score=19.450031 loss=-0.262559 valid=1.0000 routes=17.210 grad=2.4189 seconds=91.5
Epoch 4304/5000: score=18.987461 loss=-0.263604 valid=1.0000 routes=16.806 grad=2.3425 seconds=94.0
Epoch 4305/5000: score=17.813010 loss=-0.263421 valid=1.0000 routes=15.081 grad=2.0906 seconds=95.3
Epoch 4306/5000: score=19.841788 loss=-0.278527 valid=1.0000 routes=17.607 grad=2.5983 seconds=93.8
>> Invalid instances, Re-generating ...
Epoch 4307/5000: score=18.753445 loss=-0.250199 valid=1.0000 routes=16.382 grad=2.2201 seconds=91.2
Epoch 4308/5000: score=18.768715 loss=-0.273204 valid=1.0000 routes=16.933 grad=2.3235 seconds=95.3
Epoch 4309/5000: score=19.480323 loss=-0.267132 valid=1.0000 routes=17.284 grad=2.3896 seconds=94.3
Epoch 4310/5000: score=18.795487 loss=-0.263874 valid=1.0000 routes=16.501 grad=2.3031 seconds=92.0
Epoch 4311/5000: score=18.230765 loss=-0.288174 valid=1.0000 routes=15.797 grad=2.2626 seconds=94.1
Epoch 4312/5000: score=19.379691 loss=-0.260474 valid=1.0000 routes=17.381 grad=2.4273 seconds=95.9
>> Invalid instances, Re-generating ...
Epoch 4313/5000: score=18.988635 loss=-0.266341 valid=1.0000 routes=16.894 grad=2.3229 seconds=91.5
Epoch 4314/5000: score=18.740110 loss=-0.269408 valid=1.0000 routes=17.496 grad=2.3194 seconds=93.2
Epoch 4315/5000: score=18.189289 loss=-0.248319 valid=1.0000 routes=16.195 grad=2.0963 seconds=95.8
Epoch 4316/5000: score=18.926739 loss=-0.264495 valid=1.0000 routes=15.888 grad=2.2648 seconds=93.7
Epoch 4317/5000: score=19.806198 loss=-0.260176 valid=1.0000 routes=18.337 grad=2.5259 seconds=92.6
Epoch 4318/5000: score=19.792960 loss=-0.274989 valid=1.0000 routes=17.702 grad=2.5272 seconds=96.1
Epoch 4319/5000: score=19.057670 loss=-0.278413 valid=1.0000 routes=16.874 grad=2.4030 seconds=96.6
Epoch 4320/5000: score=19.509764 loss=-0.267823 valid=1.0000 routes=17.494 grad=2.4459 seconds=91.4
>> Invalid instances, Re-generating ...
Epoch 4321/5000: score=19.044132 loss=-0.270768 valid=1.0000 routes=18.293 grad=2.4322 seconds=94.5
Epoch 4322/5000: score=18.609999 loss=-0.276463 valid=1.0000 routes=15.456 grad=2.2541 seconds=95.3
Epoch 4323/5000: score=19.380246 loss=-0.260699 valid=1.0000 routes=17.395 grad=2.4010 seconds=91.9
Epoch 4324/5000: score=18.924529 loss=-0.260160 valid=1.0000 routes=17.112 grad=2.3089 seconds=92.2
Epoch 4325/5000: score=18.299779 loss=-0.275931 valid=1.0000 routes=15.948 grad=2.2367 seconds=96.2
Epoch 4326/5000: score=18.554058 loss=-0.266064 valid=1.0000 routes=16.352 grad=2.2245 seconds=95.0
Epoch 4327/5000: score=18.671072 loss=-0.261633 valid=1.0000 routes=16.509 grad=2.2552 seconds=91.5
Epoch 4328/5000: score=20.276843 loss=-0.270790 valid=1.0000 routes=17.857 grad=2.5968 seconds=94.3
>> Invalid instances, Re-generating ...
Epoch 4329/5000: score=18.785470 loss=-0.261350 valid=1.0000 routes=16.672 grad=2.2738 seconds=94.7
Epoch 4330/5000: score=19.250235 loss=-0.275226 valid=1.0000 routes=17.147 grad=2.3813 seconds=90.9
Epoch 4331/5000: score=18.218697 loss=-0.259146 valid=1.0000 routes=16.817 grad=2.1757 seconds=94.0
Epoch 4332/5000: score=19.592879 loss=-0.278261 valid=1.0000 routes=17.687 grad=2.5287 seconds=96.8
Epoch 4333/5000: score=18.282315 loss=-0.258661 valid=1.0000 routes=16.797 grad=2.2106 seconds=94.7
Epoch 4334/5000: score=18.766999 loss=-0.267223 valid=1.0000 routes=16.708 grad=2.2585 seconds=93.1
Epoch 4335/5000: score=18.747704 loss=-0.260069 valid=1.0000 routes=17.152 grad=2.3380 seconds=96.6
Epoch 4336/5000: score=19.187895 loss=-0.268383 valid=1.0000 routes=17.603 grad=2.3677 seconds=95.0
Epoch 4337/5000: score=18.791996 loss=-0.262609 valid=1.0000 routes=16.838 grad=2.2572 seconds=94.8
Epoch 4338/5000: score=18.180202 loss=-0.283748 valid=1.0000 routes=15.374 grad=2.2351 seconds=100.5
Epoch 4339/5000: score=19.314675 loss=-0.268540 valid=1.0000 routes=17.654 grad=2.4025 seconds=98.3
>> Invalid instances, Re-generating ...
Epoch 4340/5000: score=18.838048 loss=-0.273970 valid=1.0000 routes=16.573 grad=2.3506 seconds=96.8
Epoch 4341/5000: score=18.580699 loss=-0.279066 valid=1.0000 routes=16.612 grad=2.3281 seconds=99.9
Epoch 4342/5000: score=18.996673 loss=-0.262505 valid=1.0000 routes=16.729 grad=2.3319 seconds=99.5
Epoch 4343/5000: score=17.895105 loss=-0.253458 valid=1.0000 routes=15.076 grad=2.0116 seconds=93.5
Epoch 4344/5000: score=19.238889 loss=-0.271865 valid=1.0000 routes=17.056 grad=2.3970 seconds=97.9
Epoch 4345/5000: score=18.402423 loss=-0.279290 valid=1.0000 routes=16.502 grad=2.2348 seconds=100.2
Epoch 4346/5000: score=18.436750 loss=-0.263107 valid=1.0000 routes=15.764 grad=2.1593 seconds=94.4
Epoch 4347/5000: score=18.782653 loss=-0.261129 valid=1.0000 routes=17.227 grad=2.3422 seconds=99.4
Epoch 4348/5000: score=19.275618 loss=-0.274160 valid=1.0000 routes=17.457 grad=2.4436 seconds=98.9
Epoch 4349/5000: score=19.256174 loss=-0.276504 valid=1.0000 routes=17.442 grad=2.4610 seconds=98.0
Epoch 4350/5000: score=18.554377 loss=-0.283377 valid=1.0000 routes=16.545 grad=2.3647 seconds=99.7
Epoch 4351/5000: score=19.068243 loss=-0.271089 valid=1.0000 routes=18.302 grad=2.4442 seconds=100.3
Epoch 4352/5000: score=19.137803 loss=-0.278070 valid=1.0000 routes=16.914 grad=2.3806 seconds=100.6
Epoch 4353/5000: score=19.148485 loss=-0.282725 valid=1.0000 routes=17.529 grad=2.4641 seconds=96.7
Epoch 4354/5000: score=19.342387 loss=-0.276580 valid=1.0000 routes=16.970 grad=2.4359 seconds=99.6
Epoch 4355/5000: score=18.735822 loss=-0.282975 valid=1.0000 routes=15.495 grad=2.2931 seconds=100.2
Epoch 4356/5000: score=18.359262 loss=-0.257663 valid=1.0000 routes=15.595 grad=2.0685 seconds=95.2
Epoch 4357/5000: score=18.062465 loss=-0.281211 valid=1.0000 routes=15.877 grad=2.2047 seconds=101.0
Epoch 4358/5000: score=20.201173 loss=-0.265023 valid=1.0000 routes=18.595 grad=2.6254 seconds=98.1
Epoch 4359/5000: score=18.727631 loss=-0.275386 valid=1.0000 routes=16.558 grad=2.2851 seconds=98.2
Epoch 4360/5000: score=19.109918 loss=-0.282415 valid=1.0000 routes=16.930 grad=2.4335 seconds=101.1
Epoch 4361/5000: score=18.585068 loss=-0.261506 valid=1.0000 routes=16.220 grad=2.1931 seconds=99.3
Epoch 4362/5000: score=18.106482 loss=-0.271059 valid=1.0000 routes=16.306 grad=2.1921 seconds=97.4
Epoch 4363/5000: score=17.924434 loss=-0.268567 valid=1.0000 routes=16.744 grad=2.1855 seconds=98.5
Epoch 4364/5000: score=19.788379 loss=-0.286680 valid=1.0000 routes=16.796 grad=2.5721 seconds=100.2
Epoch 4365/5000: score=17.858627 loss=-0.274039 valid=1.0000 routes=15.467 grad=2.1207 seconds=98.1
Epoch 4366/5000: score=18.576248 loss=-0.268401 valid=1.0000 routes=16.724 grad=2.3347 seconds=98.4
Epoch 4367/5000: score=18.736019 loss=-0.277413 valid=1.0000 routes=16.046 grad=2.2866 seconds=99.9
Epoch 4368/5000: score=19.160640 loss=-0.286481 valid=1.0000 routes=16.808 grad=2.4051 seconds=98.2
Epoch 4369/5000: score=19.491248 loss=-0.272428 valid=1.0000 routes=17.496 grad=2.4683 seconds=95.3
Epoch 4370/5000: score=19.852279 loss=-0.256527 valid=1.0000 routes=16.681 grad=2.3913 seconds=98.5
Epoch 4371/5000: score=18.342907 loss=-0.271794 valid=1.0000 routes=15.814 grad=2.2453 seconds=100.3
Epoch 4372/5000: score=19.300150 loss=-0.265298 valid=1.0000 routes=17.576 grad=2.3888 seconds=94.7
Epoch 4373/5000: score=18.982670 loss=-0.259648 valid=1.0000 routes=17.535 grad=2.3459 seconds=99.5
Epoch 4374/5000: score=18.423126 loss=-0.275393 valid=1.0000 routes=16.744 grad=2.2741 seconds=96.7
Epoch 4375/5000: score=19.079578 loss=-0.262278 valid=1.0000 routes=17.812 grad=2.3551 seconds=95.0
Epoch 4376/5000: score=18.932166 loss=-0.267917 valid=1.0000 routes=16.966 grad=2.2902 seconds=97.6
Epoch 4377/5000: score=18.977917 loss=-0.285017 valid=1.0000 routes=15.986 grad=2.3207 seconds=98.9
Epoch 4378/5000: score=19.024767 loss=-0.285155 valid=1.0000 routes=16.515 grad=2.4116 seconds=96.0
Epoch 4379/5000: score=20.031986 loss=-0.278937 valid=1.0000 routes=17.358 grad=2.5761 seconds=97.1
Epoch 4380/5000: score=18.792869 loss=-0.263840 valid=1.0000 routes=16.719 grad=2.2678 seconds=101.2
Epoch 4381/5000: score=19.315416 loss=-0.273885 valid=1.0000 routes=17.021 grad=2.4589 seconds=97.5
Epoch 4382/5000: score=19.063668 loss=-0.261094 valid=1.0000 routes=17.173 grad=2.3103 seconds=101.7
Epoch 4383/5000: score=18.363071 loss=-0.260980 valid=1.0000 routes=16.896 grad=2.2337 seconds=99.0
Epoch 4384/5000: score=18.667154 loss=-0.258086 valid=1.0000 routes=17.693 grad=2.3532 seconds=99.2
Epoch 4385/5000: score=18.589800 loss=-0.254963 valid=1.0000 routes=18.158 grad=2.2853 seconds=97.8
Epoch 4386/5000: score=18.401189 loss=-0.266882 valid=1.0000 routes=16.767 grad=2.2585 seconds=101.3
Epoch 4387/5000: score=18.324046 loss=-0.273013 valid=1.0000 routes=17.158 grad=2.2731 seconds=97.6
Epoch 4388/5000: score=18.390996 loss=-0.250432 valid=1.0000 routes=16.864 grad=2.1843 seconds=99.4
Epoch 4389/5000: score=18.851783 loss=-0.262050 valid=1.0000 routes=16.602 grad=2.2384 seconds=100.5
Epoch 4390/5000: score=18.603822 loss=-0.267742 valid=1.0000 routes=16.512 grad=2.2502 seconds=100.8
Epoch 4391/5000: score=18.295974 loss=-0.267628 valid=1.0000 routes=17.476 grad=2.2565 seconds=96.0
Epoch 4392/5000: score=20.030345 loss=-0.265135 valid=1.0000 routes=17.880 grad=2.5172 seconds=99.3
Epoch 4393/5000: score=19.340692 loss=-0.258867 valid=1.0000 routes=17.086 grad=2.3142 seconds=101.0
Epoch 4394/5000: score=18.094923 loss=-0.277629 valid=1.0000 routes=15.745 grad=2.1754 seconds=97.5
Epoch 4395/5000: score=19.512624 loss=-0.272629 valid=1.0000 routes=17.085 grad=2.4581 seconds=101.6
Epoch 4396/5000: score=18.589097 loss=-0.274535 valid=1.0000 routes=16.771 grad=2.3272 seconds=101.4
Epoch 4397/5000: score=19.872580 loss=-0.261553 valid=1.0000 routes=18.149 grad=2.5367 seconds=95.1
Epoch 4398/5000: score=18.798748 loss=-0.247349 valid=1.0000 routes=17.480 grad=2.2681 seconds=99.5
Epoch 4399/5000: score=18.540025 loss=-0.256018 valid=1.0000 routes=16.959 grad=2.2393 seconds=97.8
Epoch 4400/5000: score=18.305195 loss=-0.267665 valid=1.0000 routes=15.611 grad=2.1755 seconds=95.2
Epoch 4401/5000: score=18.964010 loss=-0.285269 valid=1.0000 routes=16.912 grad=2.4442 seconds=98.0
Epoch 4402/5000: score=18.206217 loss=-0.246490 valid=1.0000 routes=16.415 grad=2.0866 seconds=98.9
Epoch 4403/5000: score=18.164220 loss=-0.258017 valid=1.0000 routes=16.711 grad=2.1907 seconds=92.6
Epoch 4404/5000: score=19.058195 loss=-0.285704 valid=1.0000 routes=16.271 grad=2.3504 seconds=95.3
Epoch 4405/5000: score=18.846982 loss=-0.253878 valid=1.0000 routes=17.515 grad=2.2854 seconds=93.8
Epoch 4406/5000: score=18.207261 loss=-0.260222 valid=1.0000 routes=15.525 grad=2.1037 seconds=92.6
Epoch 4407/5000: score=20.175682 loss=-0.288479 valid=1.0000 routes=17.906 grad=2.5981 seconds=94.6
Epoch 4408/5000: score=18.790148 loss=-0.276537 valid=1.0000 routes=16.970 grad=2.3728 seconds=96.9
Epoch 4409/5000: score=19.578137 loss=-0.273672 valid=1.0000 routes=17.874 grad=2.4352 seconds=92.0
Epoch 4410/5000: score=18.312491 loss=-0.254170 valid=1.0000 routes=17.429 grad=2.2127 seconds=95.3
Epoch 4411/5000: score=19.319677 loss=-0.264666 valid=1.0000 routes=17.141 grad=2.4109 seconds=98.3
Epoch 4412/5000: score=18.931435 loss=-0.261605 valid=1.0000 routes=16.445 grad=2.2564 seconds=90.8
Epoch 4413/5000: score=17.567286 loss=-0.270098 valid=1.0000 routes=15.929 grad=2.1106 seconds=98.2
Epoch 4414/5000: score=18.532341 loss=-0.262608 valid=1.0000 routes=15.820 grad=2.2021 seconds=94.6
Epoch 4415/5000: score=19.478097 loss=-0.272606 valid=1.0000 routes=17.534 grad=2.4854 seconds=90.8
Epoch 4416/5000: score=19.779427 loss=-0.273585 valid=1.0000 routes=17.655 grad=2.5088 seconds=95.9
Epoch 4417/5000: score=19.097400 loss=-0.269649 valid=1.0000 routes=17.441 grad=2.4441 seconds=95.9
Epoch 4418/5000: score=20.189364 loss=-0.277304 valid=1.0000 routes=18.649 grad=2.6521 seconds=91.6
Epoch 4419/5000: score=19.344024 loss=-0.278035 valid=1.0000 routes=17.521 grad=2.5038 seconds=94.3
Epoch 4420/5000: score=18.708648 loss=-0.281720 valid=1.0000 routes=16.561 grad=2.3091 seconds=94.0
Epoch 4421/5000: score=19.528265 loss=-0.266625 valid=1.0000 routes=17.905 grad=2.3860 seconds=91.0
Epoch 4422/5000: score=17.497189 loss=-0.256568 valid=1.0000 routes=15.184 grad=1.9595 seconds=97.2
Epoch 4423/5000: score=19.412917 loss=-0.260951 valid=1.0000 routes=17.646 grad=2.4138 seconds=93.0
Epoch 4424/5000: score=18.647449 loss=-0.274241 valid=1.0000 routes=16.273 grad=2.2445 seconds=93.3
Epoch 4425/5000: score=19.570365 loss=-0.269522 valid=1.0000 routes=17.233 grad=2.4448 seconds=97.2
Epoch 4426/5000: score=19.907924 loss=-0.282554 valid=1.0000 routes=17.140 grad=2.5584 seconds=94.7
Epoch 4427/5000: score=19.740842 loss=-0.261145 valid=1.0000 routes=18.189 grad=2.5246 seconds=92.0
Epoch 4428/5000: score=18.826407 loss=-0.284112 valid=1.0000 routes=16.685 grad=2.3739 seconds=97.6
Epoch 4429/5000: score=18.260113 loss=-0.263898 valid=1.0000 routes=16.415 grad=2.1993 seconds=92.9
Epoch 4430/5000: score=18.799679 loss=-0.287970 valid=1.0000 routes=16.135 grad=2.3214 seconds=93.8
Epoch 4431/5000: score=18.686797 loss=-0.287688 valid=1.0000 routes=17.214 grad=2.3912 seconds=96.4
Epoch 4432/5000: score=19.797871 loss=-0.267032 valid=1.0000 routes=18.656 grad=2.5490 seconds=93.2
Epoch 4433/5000: score=19.263579 loss=-0.263521 valid=1.0000 routes=16.931 grad=2.3292 seconds=94.2
Epoch 4434/5000: score=18.478673 loss=-0.277410 valid=1.0000 routes=16.684 grad=2.3299 seconds=95.4
Epoch 4435/5000: score=19.634090 loss=-0.258626 valid=1.0000 routes=17.679 grad=2.4659 seconds=93.8
Epoch 4436/5000: score=19.424982 loss=-0.258304 valid=1.0000 routes=17.111 grad=2.3273 seconds=96.3
Epoch 4437/5000: score=19.486636 loss=-0.282541 valid=1.0000 routes=17.549 grad=2.5172 seconds=98.6
Epoch 4438/5000: score=20.162865 loss=-0.265300 valid=1.0000 routes=18.282 grad=2.5528 seconds=95.0
Epoch 4439/5000: score=18.896504 loss=-0.257934 valid=1.0000 routes=16.778 grad=2.2833 seconds=94.1
Epoch 4440/5000: score=18.669458 loss=-0.259039 valid=1.0000 routes=16.720 grad=2.2540 seconds=97.1
Epoch 4441/5000: score=18.267857 loss=-0.254397 valid=1.0000 routes=16.814 grad=2.2090 seconds=96.5
Epoch 4442/5000: score=17.864044 loss=-0.262291 valid=1.0000 routes=16.216 grad=2.0988 seconds=96.2
Epoch 4443/5000: score=17.987836 loss=-0.275601 valid=1.0000 routes=16.441 grad=2.1492 seconds=97.7
Epoch 4444/5000: score=18.578222 loss=-0.263635 valid=1.0000 routes=15.925 grad=2.2114 seconds=93.8
Epoch 4445/5000: score=18.101709 loss=-0.260528 valid=1.0000 routes=16.938 grad=2.2146 seconds=98.3
Epoch 4446/5000: score=19.217375 loss=-0.259845 valid=1.0000 routes=18.097 grad=2.4143 seconds=97.8
Epoch 4447/5000: score=18.614757 loss=-0.261893 valid=1.0000 routes=16.187 grad=2.2007 seconds=93.3
Epoch 4448/5000: score=18.575514 loss=-0.275098 valid=1.0000 routes=17.036 grad=2.2877 seconds=98.4
Epoch 4449/5000: score=19.233343 loss=-0.267754 valid=1.0000 routes=16.515 grad=2.3439 seconds=97.2
Epoch 4450/5000: score=19.529015 loss=-0.279707 valid=1.0000 routes=17.134 grad=2.4700 seconds=95.6
Epoch 4451/5000: score=17.711999 loss=-0.265869 valid=1.0000 routes=15.477 grad=2.0939 seconds=95.6
Epoch 4452/5000: score=18.535176 loss=-0.284079 valid=1.0000 routes=16.393 grad=2.3117 seconds=100.0
Epoch 4453/5000: score=18.884062 loss=-0.283990 valid=1.0000 routes=16.910 grad=2.3896 seconds=97.4
Epoch 4454/5000: score=18.850833 loss=-0.270366 valid=1.0000 routes=17.310 grad=2.3546 seconds=98.5
Epoch 4455/5000: score=18.726759 loss=-0.270283 valid=1.0000 routes=16.815 grad=2.3249 seconds=99.4
Epoch 4456/5000: score=17.946064 loss=-0.265126 valid=1.0000 routes=15.797 grad=2.1299 seconds=96.3
>> Invalid instances, Re-generating ...
Epoch 4457/5000: score=18.696116 loss=-0.288554 valid=1.0000 routes=16.028 grad=2.3251 seconds=93.4
Epoch 4458/5000: score=19.965565 loss=-0.260912 valid=1.0000 routes=19.984 grad=2.6207 seconds=99.2
Epoch 4459/5000: score=18.828191 loss=-0.280595 valid=1.0000 routes=16.686 grad=2.3180 seconds=98.8
Epoch 4460/5000: score=18.606076 loss=-0.267073 valid=1.0000 routes=17.154 grad=2.3468 seconds=94.7
Epoch 4461/5000: score=19.163003 loss=-0.264697 valid=1.0000 routes=17.299 grad=2.3622 seconds=99.6
Epoch 4462/5000: score=19.272457 loss=-0.291528 valid=1.0000 routes=16.357 grad=2.4299 seconds=98.1
Epoch 4463/5000: score=18.911742 loss=-0.270751 valid=1.0000 routes=16.394 grad=2.3057 seconds=95.3
Epoch 4464/5000: score=17.646588 loss=-0.266144 valid=1.0000 routes=15.762 grad=2.0413 seconds=98.3
Epoch 4465/5000: score=17.585965 loss=-0.251605 valid=1.0000 routes=16.503 grad=2.0428 seconds=97.3
Epoch 4466/5000: score=18.886875 loss=-0.273492 valid=1.0000 routes=16.343 grad=2.3326 seconds=93.9
Epoch 4467/5000: score=19.589322 loss=-0.270285 valid=1.0000 routes=17.328 grad=2.4676 seconds=98.3
Epoch 4468/5000: score=20.029329 loss=-0.279138 valid=1.0000 routes=17.720 grad=2.5632 seconds=98.5
Epoch 4469/5000: score=19.650799 loss=-0.267332 valid=1.0000 routes=16.692 grad=2.3916 seconds=96.8
Epoch 4470/5000: score=18.869418 loss=-0.267435 valid=1.0000 routes=16.307 grad=2.2542 seconds=97.6
Epoch 4471/5000: score=19.145052 loss=-0.259177 valid=1.0000 routes=18.005 grad=2.3843 seconds=97.2
Epoch 4472/5000: score=18.765535 loss=-0.285874 valid=1.0000 routes=15.818 grad=2.3529 seconds=94.2
>> Invalid instances, Re-generating ...
Epoch 4473/5000: score=19.038729 loss=-0.262227 valid=1.0000 routes=17.468 grad=2.3541 seconds=96.3
Epoch 4474/5000: score=18.593814 loss=-0.271550 valid=1.0000 routes=16.389 grad=2.3018 seconds=98.3
Epoch 4475/5000: score=18.849886 loss=-0.270135 valid=1.0000 routes=16.279 grad=2.2733 seconds=93.8
Epoch 4476/5000: score=19.231388 loss=-0.259114 valid=1.0000 routes=16.784 grad=2.3382 seconds=98.4
Epoch 4477/5000: score=19.492538 loss=-0.279637 valid=1.0000 routes=17.415 grad=2.5162 seconds=99.0
Epoch 4478/5000: score=18.598237 loss=-0.267438 valid=1.0000 routes=17.251 grad=2.3277 seconds=95.3
Epoch 4479/5000: score=17.889303 loss=-0.260533 valid=1.0000 routes=15.483 grad=2.0981 seconds=97.4
Epoch 4480/5000: score=19.047230 loss=-0.286047 valid=1.0000 routes=16.610 grad=2.4243 seconds=99.5
Epoch 4481/5000: score=19.350592 loss=-0.275888 valid=1.0000 routes=16.501 grad=2.3959 seconds=96.4
Epoch 4482/5000: score=18.917264 loss=-0.280424 valid=1.0000 routes=16.249 grad=2.3750 seconds=96.0
Epoch 4483/5000: score=19.775833 loss=-0.273958 valid=1.0000 routes=17.749 grad=2.5261 seconds=97.0
Epoch 4484/5000: score=19.443522 loss=-0.245852 valid=1.0000 routes=17.171 grad=2.3104 seconds=94.2
Epoch 4485/5000: score=18.522737 loss=-0.250662 valid=1.0000 routes=16.840 grad=2.1919 seconds=94.7
Epoch 4486/5000: score=19.612621 loss=-0.254665 valid=1.0000 routes=18.262 grad=2.4836 seconds=97.2
Epoch 4487/5000: score=19.042598 loss=-0.266950 valid=1.0000 routes=17.123 grad=2.3718 seconds=97.0
Epoch 4488/5000: score=19.767546 loss=-0.267676 valid=1.0000 routes=17.305 grad=2.4710 seconds=97.7
Epoch 4489/5000: score=18.987559 loss=-0.266911 valid=1.0000 routes=17.127 grad=2.4148 seconds=97.6
Epoch 4490/5000: score=18.066553 loss=-0.268927 valid=1.0000 routes=16.607 grad=2.1906 seconds=97.3
Epoch 4491/5000: score=18.401149 loss=-0.274522 valid=1.0000 routes=16.047 grad=2.2328 seconds=93.7
Epoch 4492/5000: score=19.019372 loss=-0.253230 valid=1.0000 routes=17.258 grad=2.2977 seconds=94.8
>> Invalid instances, Re-generating ...
Epoch 4493/5000: score=18.822468 loss=-0.272807 valid=1.0000 routes=16.601 grad=2.3332 seconds=95.2
Epoch 4494/5000: score=18.494797 loss=-0.251059 valid=1.0000 routes=17.474 grad=2.2973 seconds=93.1
Epoch 4495/5000: score=19.242735 loss=-0.278871 valid=1.0000 routes=16.769 grad=2.4138 seconds=97.4
Epoch 4496/5000: score=19.326087 loss=-0.271381 valid=1.0000 routes=17.181 grad=2.4026 seconds=92.6
Epoch 4497/5000: score=18.834720 loss=-0.261273 valid=1.0000 routes=17.118 grad=2.2953 seconds=92.8
Epoch 4498/5000: score=18.612528 loss=-0.261950 valid=1.0000 routes=17.231 grad=2.2249 seconds=96.8
Epoch 4499/5000: score=20.272445 loss=-0.262596 valid=1.0000 routes=17.374 grad=2.5800 seconds=94.2
Epoch 4500/5000: score=18.635076 loss=-0.256209 valid=1.0000 routes=17.079 grad=2.2485 seconds=95.8
Epoch 4501/5000: score=18.989007 loss=-0.263639 valid=1.0000 routes=16.904 grad=2.3273 seconds=100.0
Epoch 4502/5000: score=19.259574 loss=-0.261064 valid=1.0000 routes=17.037 grad=2.3272 seconds=96.8
Epoch 4503/5000: score=18.995998 loss=-0.250505 valid=1.0000 routes=16.487 grad=2.2951 seconds=95.8
Epoch 4504/5000: score=18.605961 loss=-0.257165 valid=1.0000 routes=15.806 grad=2.2267 seconds=96.6
Epoch 4505/5000: score=18.873039 loss=-0.230115 valid=1.0000 routes=17.446 grad=2.2437 seconds=92.6
Epoch 4506/5000: score=18.379764 loss=-0.255241 valid=1.0000 routes=15.800 grad=2.1742 seconds=94.5
Epoch 4507/5000: score=19.308540 loss=-0.228382 valid=1.0000 routes=17.417 grad=2.3060 seconds=95.3
Epoch 4508/5000: score=17.826291 loss=-0.247205 valid=1.0000 routes=15.892 grad=2.0866 seconds=95.4
Epoch 4509/5000: score=19.080245 loss=-0.260151 valid=1.0000 routes=16.963 grad=2.3731 seconds=96.2
Epoch 4510/5000: score=18.055512 loss=-0.255426 valid=1.0000 routes=15.806 grad=2.1741 seconds=96.7
Epoch 4511/5000: score=18.443028 loss=-0.241374 valid=1.0000 routes=16.452 grad=2.1876 seconds=94.9
Epoch 4512/5000: score=17.500381 loss=-0.254187 valid=1.0000 routes=15.534 grad=2.0557 seconds=98.3
Epoch 4513/5000: score=19.110644 loss=-0.244515 valid=1.0000 routes=17.302 grad=2.4057 seconds=100.8
Epoch 4514/5000: score=20.401541 loss=-0.260762 valid=1.0000 routes=18.208 grad=2.6873 seconds=98.7
Epoch 4515/5000: score=18.141176 loss=-0.240227 valid=1.0000 routes=15.667 grad=2.1042 seconds=98.6
Epoch 4516/5000: score=19.514513 loss=-0.240330 valid=1.0000 routes=17.482 grad=2.4624 seconds=100.9
Epoch 4517/5000: score=20.165343 loss=-0.246129 valid=1.0000 routes=17.661 grad=2.5362 seconds=99.8
Epoch 4518/5000: score=18.128858 loss=-0.238126 valid=1.0000 routes=16.464 grad=2.1218 seconds=97.9
Epoch 4519/5000: score=18.028193 loss=-0.227435 valid=1.0000 routes=16.268 grad=2.1135 seconds=101.7
Epoch 4520/5000: score=17.948065 loss=-0.239005 valid=1.0000 routes=16.189 grad=2.1217 seconds=100.1
Epoch 4521/5000: score=18.209409 loss=-0.245378 valid=1.0000 routes=16.520 grad=2.2585 seconds=98.0
Epoch 4522/5000: score=19.176849 loss=-0.239233 valid=1.0000 routes=17.438 grad=2.4223 seconds=99.8
Epoch 4523/5000: score=17.938572 loss=-0.240178 valid=1.0000 routes=15.533 grad=2.1225 seconds=99.0
Epoch 4524/5000: score=18.610112 loss=-0.268970 valid=1.0000 routes=15.562 grad=2.3372 seconds=95.8
Epoch 4525/5000: score=18.782291 loss=-0.250332 valid=1.0000 routes=16.526 grad=2.2793 seconds=100.6
Epoch 4526/5000: score=19.674064 loss=-0.242325 valid=1.0000 routes=17.609 grad=2.5108 seconds=95.9
Epoch 4527/5000: score=18.282220 loss=-0.253936 valid=1.0000 routes=16.557 grad=2.2625 seconds=92.8
Epoch 4528/5000: score=19.020865 loss=-0.245519 valid=1.0000 routes=16.761 grad=2.3540 seconds=97.0
Epoch 4529/5000: score=17.568643 loss=-0.223746 valid=1.0000 routes=15.963 grad=1.9326 seconds=95.0
Epoch 4530/5000: score=19.537502 loss=-0.246329 valid=1.0000 routes=17.803 grad=2.4963 seconds=92.5
Epoch 4531/5000: score=18.145187 loss=-0.234288 valid=1.0000 routes=15.825 grad=2.1103 seconds=94.2
Epoch 4532/5000: score=17.785361 loss=-0.229058 valid=1.0000 routes=15.977 grad=2.0421 seconds=96.0
Epoch 4533/5000: score=19.441871 loss=-0.249962 valid=1.0000 routes=16.066 grad=2.4189 seconds=92.7
Epoch 4534/5000: score=18.763269 loss=-0.240709 valid=1.0000 routes=17.063 grad=2.3266 seconds=97.7
Epoch 4535/5000: score=19.368135 loss=-0.235389 valid=1.0000 routes=17.277 grad=2.4385 seconds=97.2
Epoch 4536/5000: score=18.436574 loss=-0.233234 valid=1.0000 routes=16.680 grad=2.1828 seconds=91.2
Epoch 4537/5000: score=19.068846 loss=-0.255303 valid=1.0000 routes=16.081 grad=2.4236 seconds=96.4
Epoch 4538/5000: score=19.755502 loss=-0.252684 valid=1.0000 routes=17.055 grad=2.5027 seconds=94.1
Epoch 4539/5000: score=18.279753 loss=-0.230507 valid=1.0000 routes=17.068 grad=2.2268 seconds=90.9
Epoch 4540/5000: score=18.047704 loss=-0.235143 valid=1.0000 routes=16.036 grad=2.0972 seconds=97.5
Epoch 4541/5000: score=17.508134 loss=-0.250782 valid=1.0000 routes=15.740 grad=2.1340 seconds=96.0
Epoch 4542/5000: score=20.473883 loss=-0.241075 valid=1.0000 routes=18.417 grad=2.6961 seconds=92.4
Epoch 4543/5000: score=18.860346 loss=-0.244818 valid=1.0000 routes=16.499 grad=2.3187 seconds=98.2
Epoch 4544/5000: score=19.205566 loss=-0.233970 valid=1.0000 routes=17.356 grad=2.4115 seconds=97.0
Epoch 4545/5000: score=19.773936 loss=-0.253311 valid=1.0000 routes=17.071 grad=2.5273 seconds=91.1
Epoch 4546/5000: score=20.540770 loss=-0.239936 valid=1.0000 routes=17.904 grad=2.6422 seconds=98.1
Epoch 4547/5000: score=18.151810 loss=-0.229268 valid=1.0000 routes=16.627 grad=2.2326 seconds=96.9
Epoch 4548/5000: score=19.516916 loss=-0.235033 valid=1.0000 routes=17.245 grad=2.4531 seconds=91.6
Epoch 4549/5000: score=18.993622 loss=-0.239135 valid=1.0000 routes=16.706 grad=2.3010 seconds=97.1
Epoch 4550/5000: score=18.787402 loss=-0.235137 valid=1.0000 routes=16.526 grad=2.3294 seconds=97.5
Epoch 4551/5000: score=18.720329 loss=-0.231346 valid=1.0000 routes=17.078 grad=2.3084 seconds=91.5
Epoch 4552/5000: score=19.342533 loss=-0.241440 valid=1.0000 routes=17.690 grad=2.5317 seconds=95.5
Epoch 4553/5000: score=18.880528 loss=-0.244614 valid=1.0000 routes=16.973 grad=2.4048 seconds=96.4
Epoch 4554/5000: score=19.361770 loss=-0.237929 valid=1.0000 routes=17.498 grad=2.4428 seconds=91.2
Epoch 4555/5000: score=18.494254 loss=-0.234949 valid=1.0000 routes=16.473 grad=2.2657 seconds=98.1
Epoch 4556/5000: score=19.289009 loss=-0.247959 valid=1.0000 routes=17.599 grad=2.5161 seconds=96.4
Epoch 4557/5000: score=19.069688 loss=-0.231633 valid=1.0000 routes=17.082 grad=2.3750 seconds=91.4
Epoch 4558/5000: score=17.979060 loss=-0.239621 valid=1.0000 routes=16.003 grad=2.1702 seconds=97.9
Epoch 4559/5000: score=18.092363 loss=-0.246261 valid=1.0000 routes=15.760 grad=2.1815 seconds=96.0
>> Invalid instances, Re-generating ...
Epoch 4560/5000: score=18.693254 loss=-0.235066 valid=1.0000 routes=16.563 grad=2.2970 seconds=93.2
Epoch 4561/5000: score=19.081557 loss=-0.221859 valid=1.0000 routes=17.370 grad=2.3496 seconds=97.2
Epoch 4562/5000: score=19.293112 loss=-0.238515 valid=1.0000 routes=16.641 grad=2.4209 seconds=96.1
Epoch 4563/5000: score=18.432236 loss=-0.236191 valid=1.0000 routes=16.252 grad=2.2203 seconds=93.2
Epoch 4564/5000: score=18.183630 loss=-0.230043 valid=1.0000 routes=17.506 grad=2.1795 seconds=96.6
>> Invalid instances, Re-generating ...
Epoch 4565/5000: score=19.204194 loss=-0.234065 valid=1.0000 routes=17.139 grad=2.3855 seconds=96.3
Epoch 4566/5000: score=18.314759 loss=-0.260350 valid=1.0000 routes=15.977 grad=2.3822 seconds=92.7
Epoch 4567/5000: score=19.442659 loss=-0.230510 valid=1.0000 routes=17.293 grad=2.4508 seconds=96.3
Epoch 4568/5000: score=20.031353 loss=-0.247847 valid=1.0000 routes=17.856 grad=2.6832 seconds=94.5
Epoch 4569/5000: score=19.044049 loss=-0.241484 valid=1.0000 routes=17.045 grad=2.4203 seconds=94.5
>> Invalid instances, Re-generating ...
Epoch 4570/5000: score=18.520773 loss=-0.232799 valid=1.0000 routes=16.908 grad=2.2852 seconds=98.0
Epoch 4571/5000: score=18.522458 loss=-0.243168 valid=1.0000 routes=16.914 grad=2.3474 seconds=94.5
Epoch 4572/5000: score=19.792270 loss=-0.243321 valid=1.0000 routes=17.545 grad=2.5384 seconds=95.2
Epoch 4573/5000: score=18.373624 loss=-0.239225 valid=1.0000 routes=16.792 grad=2.3100 seconds=97.8
Epoch 4574/5000: score=18.974068 loss=-0.249409 valid=1.0000 routes=17.374 grad=2.4749 seconds=93.6
Epoch 4575/5000: score=18.060171 loss=-0.235154 valid=1.0000 routes=16.236 grad=2.2095 seconds=98.5
Epoch 4576/5000: score=18.653933 loss=-0.238935 valid=1.0000 routes=17.188 grad=2.3923 seconds=95.2
Epoch 4577/5000: score=18.626485 loss=-0.236802 valid=1.0000 routes=16.436 grad=2.3243 seconds=92.2
Epoch 4578/5000: score=18.970465 loss=-0.225467 valid=1.0000 routes=18.196 grad=2.4223 seconds=95.1
Epoch 4579/5000: score=18.738640 loss=-0.232252 valid=1.0000 routes=17.297 grad=2.2741 seconds=95.9
Epoch 4580/5000: score=19.601131 loss=-0.235605 valid=1.0000 routes=17.053 grad=2.5393 seconds=92.5
Epoch 4581/5000: score=19.798019 loss=-0.231795 valid=1.0000 routes=18.237 grad=2.6005 seconds=97.3
Epoch 4582/5000: score=19.649728 loss=-0.232718 valid=1.0000 routes=17.481 grad=2.5143 seconds=95.1
Epoch 4583/5000: score=19.809420 loss=-0.228040 valid=1.0000 routes=17.386 grad=2.5145 seconds=93.0
Epoch 4584/5000: score=18.404098 loss=-0.234966 valid=1.0000 routes=16.856 grad=2.2368 seconds=97.4
Epoch 4585/5000: score=18.479817 loss=-0.243846 valid=1.0000 routes=16.946 grad=2.3711 seconds=94.8
Epoch 4586/5000: score=20.028737 loss=-0.226011 valid=1.0000 routes=18.440 grad=2.6161 seconds=94.9
Epoch 4587/5000: score=19.675853 loss=-0.235210 valid=1.0000 routes=18.053 grad=2.4960 seconds=98.1
>> Invalid instances, Re-generating ...
Epoch 4588/5000: score=19.080804 loss=-0.253836 valid=1.0000 routes=16.261 grad=2.4463 seconds=92.8
Epoch 4589/5000: score=19.796638 loss=-0.231694 valid=1.0000 routes=17.522 grad=2.5296 seconds=95.5
Epoch 4590/5000: score=19.215540 loss=-0.233667 valid=1.0000 routes=16.603 grad=2.3983 seconds=95.5
Epoch 4591/5000: score=19.244587 loss=-0.240062 valid=1.0000 routes=18.004 grad=2.4964 seconds=92.2
Epoch 4592/5000: score=18.629888 loss=-0.239276 valid=1.0000 routes=15.837 grad=2.2806 seconds=94.7
Epoch 4593/5000: score=19.462705 loss=-0.234143 valid=1.0000 routes=19.083 grad=2.5718 seconds=96.3
Epoch 4594/5000: score=18.937377 loss=-0.245593 valid=1.0000 routes=16.828 grad=2.3965 seconds=91.7
Epoch 4595/5000: score=17.730800 loss=-0.248458 valid=1.0000 routes=16.028 grad=2.3062 seconds=98.8
Epoch 4596/5000: score=18.609229 loss=-0.242819 valid=1.0000 routes=16.736 grad=2.3202 seconds=93.2
Epoch 4597/5000: score=18.200459 loss=-0.235648 valid=1.0000 routes=15.668 grad=2.2623 seconds=93.9
Epoch 4598/5000: score=18.953600 loss=-0.244952 valid=1.0000 routes=16.483 grad=2.3901 seconds=98.9
Epoch 4599/5000: score=19.492839 loss=-0.223184 valid=1.0000 routes=18.430 grad=2.5595 seconds=92.8
Epoch 4600/5000: score=18.289063 loss=-0.240682 valid=1.0000 routes=16.718 grad=2.2793 seconds=94.4
Epoch 4601/5000: score=19.108948 loss=-0.243596 valid=1.0000 routes=17.480 grad=2.4888 seconds=96.3
Epoch 4602/5000: score=18.359471 loss=-0.246797 valid=1.0000 routes=15.838 grad=2.2862 seconds=91.7
Epoch 4603/5000: score=18.793897 loss=-0.222173 valid=1.0000 routes=17.026 grad=2.3630 seconds=97.0
Epoch 4604/5000: score=19.438214 loss=-0.230234 valid=1.0000 routes=17.311 grad=2.4731 seconds=97.0
Epoch 4605/5000: score=19.241138 loss=-0.254399 valid=1.0000 routes=17.084 grad=2.5070 seconds=92.9
Epoch 4606/5000: score=19.504791 loss=-0.244131 valid=1.0000 routes=16.962 grad=2.4892 seconds=97.3
Epoch 4607/5000: score=18.562296 loss=-0.232476 valid=1.0000 routes=16.865 grad=2.3264 seconds=96.7
Epoch 4608/5000: score=19.402744 loss=-0.241467 valid=1.0000 routes=16.863 grad=2.5243 seconds=91.3
Epoch 4609/5000: score=18.852978 loss=-0.231502 valid=1.0000 routes=16.545 grad=2.3158 seconds=96.9
Epoch 4610/5000: score=18.318064 loss=-0.241662 valid=1.0000 routes=17.084 grad=2.3465 seconds=97.6
Epoch 4611/5000: score=18.690929 loss=-0.226186 valid=1.0000 routes=16.871 grad=2.3312 seconds=93.7
Epoch 4612/5000: score=17.218718 loss=-0.223442 valid=1.0000 routes=15.968 grad=2.0400 seconds=97.0
Epoch 4613/5000: score=19.968583 loss=-0.232057 valid=1.0000 routes=17.614 grad=2.5613 seconds=93.5
Epoch 4614/5000: score=18.440309 loss=-0.226295 valid=1.0000 routes=16.681 grad=2.2282 seconds=94.0
Epoch 4615/5000: score=18.374249 loss=-0.243432 valid=1.0000 routes=16.848 grad=2.3705 seconds=97.6
Epoch 4616/5000: score=19.600442 loss=-0.248990 valid=1.0000 routes=17.777 grad=2.6392 seconds=94.6
Epoch 4617/5000: score=18.392809 loss=-0.244905 valid=1.0000 routes=16.199 grad=2.3120 seconds=95.8
Epoch 4618/5000: score=18.483846 loss=-0.240641 valid=1.0000 routes=17.138 grad=2.3899 seconds=98.3
Epoch 4619/5000: score=18.287756 loss=-0.255006 valid=1.0000 routes=16.761 grad=2.4016 seconds=93.1
Epoch 4620/5000: score=18.668793 loss=-0.236014 valid=1.0000 routes=16.555 grad=2.2817 seconds=96.9
Epoch 4621/5000: score=19.380504 loss=-0.246697 valid=1.0000 routes=16.994 grad=2.5428 seconds=96.9
Epoch 4622/5000: score=19.624853 loss=-0.242912 valid=1.0000 routes=17.488 grad=2.5728 seconds=93.4
Epoch 4623/5000: score=19.093013 loss=-0.247930 valid=1.0000 routes=17.539 grad=2.5034 seconds=97.1
>> Invalid instances, Re-generating ...
Epoch 4624/5000: score=17.847186 loss=-0.224487 valid=1.0000 routes=15.980 grad=2.1265 seconds=96.1
Epoch 4625/5000: score=19.316147 loss=-0.233696 valid=1.0000 routes=17.179 grad=2.4775 seconds=92.4
Epoch 4626/5000: score=17.820634 loss=-0.237415 valid=1.0000 routes=15.793 grad=2.1749 seconds=96.4
Epoch 4627/5000: score=18.160472 loss=-0.231809 valid=1.0000 routes=16.617 grad=2.2669 seconds=95.4
Epoch 4628/5000: score=19.085577 loss=-0.228450 valid=1.0000 routes=17.258 grad=2.3509 seconds=93.3
>> Invalid instances, Re-generating ...
Epoch 4629/5000: score=18.469983 loss=-0.235475 valid=1.0000 routes=16.685 grad=2.3524 seconds=96.8
Epoch 4630/5000: score=17.982717 loss=-0.243141 valid=1.0000 routes=16.395 grad=2.2543 seconds=93.8
Epoch 4631/5000: score=18.390115 loss=-0.239288 valid=1.0000 routes=15.827 grad=2.2517 seconds=94.6
Epoch 4632/5000: score=18.536279 loss=-0.236935 valid=1.0000 routes=16.534 grad=2.2943 seconds=96.5
Epoch 4633/5000: score=18.145276 loss=-0.247257 valid=1.0000 routes=15.818 grad=2.2754 seconds=93.2
Epoch 4634/5000: score=19.139375 loss=-0.239190 valid=1.0000 routes=17.359 grad=2.5043 seconds=95.9
Epoch 4635/5000: score=17.994160 loss=-0.254781 valid=1.0000 routes=15.093 grad=2.2187 seconds=97.5
Epoch 4636/5000: score=18.820725 loss=-0.245646 valid=1.0000 routes=16.515 grad=2.3627 seconds=91.0
Epoch 4637/5000: score=18.564445 loss=-0.232991 valid=1.0000 routes=16.586 grad=2.3176 seconds=94.2
Epoch 4638/5000: score=19.844485 loss=-0.229377 valid=1.0000 routes=18.111 grad=2.6235 seconds=95.2
Epoch 4639/5000: score=17.713587 loss=-0.231064 valid=1.0000 routes=17.229 grad=2.2166 seconds=93.9
Epoch 4640/5000: score=18.852534 loss=-0.240409 valid=1.0000 routes=16.336 grad=2.3558 seconds=98.4
Epoch 4641/5000: score=18.153823 loss=-0.242925 valid=1.0000 routes=15.745 grad=2.2350 seconds=96.3
Epoch 4642/5000: score=17.845204 loss=-0.251166 valid=1.0000 routes=15.942 grad=2.2346 seconds=93.4
Epoch 4643/5000: score=19.201565 loss=-0.246681 valid=1.0000 routes=16.536 grad=2.4355 seconds=98.9
Epoch 4644/5000: score=19.079792 loss=-0.231323 valid=1.0000 routes=17.322 grad=2.4086 seconds=96.0
Epoch 4645/5000: score=18.324248 loss=-0.247777 valid=1.0000 routes=15.485 grad=2.2886 seconds=94.8
Epoch 4646/5000: score=18.845462 loss=-0.236388 valid=1.0000 routes=17.473 grad=2.4762 seconds=97.1
Epoch 4647/5000: score=18.559956 loss=-0.244061 valid=1.0000 routes=16.757 grad=2.3576 seconds=93.8
Epoch 4648/5000: score=18.135475 loss=-0.247070 valid=1.0000 routes=16.211 grad=2.2845 seconds=95.1
Epoch 4649/5000: score=19.093863 loss=-0.241034 valid=1.0000 routes=16.878 grad=2.4751 seconds=96.7
Epoch 4650/5000: score=19.035285 loss=-0.242406 valid=1.0000 routes=17.049 grad=2.4747 seconds=93.4
Epoch 4651/5000: score=18.677606 loss=-0.239666 valid=1.0000 routes=16.109 grad=2.3360 seconds=95.9
Epoch 4652/5000: score=19.492093 loss=-0.235035 valid=1.0000 routes=16.704 grad=2.4676 seconds=96.4
Epoch 4653/5000: score=18.449217 loss=-0.243081 valid=1.0000 routes=15.946 grad=2.3409 seconds=93.2
Epoch 4654/5000: score=18.753709 loss=-0.240454 valid=1.0000 routes=17.049 grad=2.3625 seconds=97.0
Epoch 4655/5000: score=18.131479 loss=-0.239051 valid=1.0000 routes=15.175 grad=2.2025 seconds=96.5
Epoch 4656/5000: score=19.138939 loss=-0.232486 valid=1.0000 routes=17.187 grad=2.4192 seconds=91.1
>> Invalid instances, Re-generating ...
Epoch 4657/5000: score=19.332685 loss=-0.236799 valid=1.0000 routes=17.630 grad=2.5120 seconds=98.0
Epoch 4658/5000: score=19.615735 loss=-0.234245 valid=1.0000 routes=18.791 grad=2.6202 seconds=94.9
Epoch 4659/5000: score=19.719967 loss=-0.239054 valid=1.0000 routes=18.394 grad=2.6723 seconds=93.6
Epoch 4660/5000: score=18.633932 loss=-0.237601 valid=1.0000 routes=16.971 grad=2.3473 seconds=96.5
Epoch 4661/5000: score=19.357394 loss=-0.244782 valid=1.0000 routes=17.274 grad=2.5589 seconds=94.3
Epoch 4662/5000: score=18.142449 loss=-0.243536 valid=1.0000 routes=15.415 grad=2.2388 seconds=94.6
Epoch 4663/5000: score=18.131285 loss=-0.246302 valid=1.0000 routes=15.173 grad=2.2324 seconds=97.1
Epoch 4664/5000: score=18.867803 loss=-0.237274 valid=1.0000 routes=17.124 grad=2.4278 seconds=94.1
Epoch 4665/5000: score=18.326698 loss=-0.232533 valid=1.0000 routes=16.085 grad=2.2301 seconds=94.3
Epoch 4666/5000: score=18.946785 loss=-0.245489 valid=1.0000 routes=17.384 grad=2.4870 seconds=98.8
Epoch 4667/5000: score=20.044484 loss=-0.233035 valid=1.0000 routes=17.996 grad=2.6621 seconds=93.2
Epoch 4668/5000: score=18.778764 loss=-0.246834 valid=1.0000 routes=16.522 grad=2.3932 seconds=95.5
Epoch 4669/5000: score=18.253573 loss=-0.232931 valid=1.0000 routes=16.452 grad=2.2523 seconds=96.3
Epoch 4670/5000: score=18.536335 loss=-0.248701 valid=1.0000 routes=16.907 grad=2.3526 seconds=91.6
Epoch 4671/5000: score=18.599465 loss=-0.240454 valid=1.0000 routes=16.541 grad=2.3963 seconds=95.6
Epoch 4672/5000: score=18.092282 loss=-0.239105 valid=1.0000 routes=16.711 grad=2.2764 seconds=95.1
Epoch 4673/5000: score=19.746855 loss=-0.233996 valid=1.0000 routes=17.519 grad=2.5752 seconds=94.2
Epoch 4674/5000: score=18.395214 loss=-0.240069 valid=1.0000 routes=16.367 grad=2.3192 seconds=98.4
Epoch 4675/5000: score=19.390115 loss=-0.221694 valid=1.0000 routes=18.185 grad=2.4382 seconds=95.6
Epoch 4676/5000: score=20.158099 loss=-0.249050 valid=1.0000 routes=17.276 grad=2.7506 seconds=91.6
Epoch 4677/5000: score=17.800550 loss=-0.238588 valid=1.0000 routes=16.249 grad=2.2187 seconds=96.8
Epoch 4678/5000: score=18.209199 loss=-0.242072 valid=1.0000 routes=15.834 grad=2.2949 seconds=93.7
Epoch 4679/5000: score=18.381702 loss=-0.240339 valid=1.0000 routes=15.819 grad=2.3027 seconds=97.3
Epoch 4680/5000: score=19.059930 loss=-0.239828 valid=1.0000 routes=17.219 grad=2.5148 seconds=96.5
Epoch 4681/5000: score=19.157818 loss=-0.229278 valid=1.0000 routes=17.121 grad=2.4124 seconds=90.7
Epoch 4682/5000: score=17.877862 loss=-0.238453 valid=1.0000 routes=16.598 grad=2.2389 seconds=97.5
Epoch 4683/5000: score=18.626033 loss=-0.239206 valid=1.0000 routes=16.178 grad=2.3622 seconds=98.7
Epoch 4684/5000: score=17.324761 loss=-0.242743 valid=1.0000 routes=15.742 grad=2.1205 seconds=93.3
Epoch 4685/5000: score=17.585817 loss=-0.243030 valid=1.0000 routes=15.149 grad=2.0728 seconds=98.0
Epoch 4686/5000: score=18.403934 loss=-0.247389 valid=1.0000 routes=16.529 grad=2.3608 seconds=97.0
Epoch 4687/5000: score=18.878294 loss=-0.244591 valid=1.0000 routes=16.170 grad=2.4074 seconds=93.3
Epoch 4688/5000: score=18.948540 loss=-0.243455 valid=1.0000 routes=16.196 grad=2.3801 seconds=97.6
Epoch 4689/5000: score=19.967658 loss=-0.255213 valid=1.0000 routes=17.457 grad=2.6956 seconds=98.2
Epoch 4690/5000: score=17.910511 loss=-0.247883 valid=1.0000 routes=16.223 grad=2.2747 seconds=92.7
Epoch 4691/5000: score=18.018213 loss=-0.244224 valid=1.0000 routes=15.913 grad=2.2777 seconds=97.6
Epoch 4692/5000: score=19.018280 loss=-0.231852 valid=1.0000 routes=17.382 grad=2.4176 seconds=96.4
Epoch 4693/5000: score=18.370460 loss=-0.245415 valid=1.0000 routes=16.345 grad=2.3265 seconds=95.6
Epoch 4694/5000: score=18.769948 loss=-0.234536 valid=1.0000 routes=17.327 grad=2.4258 seconds=96.8
Epoch 4695/5000: score=19.310179 loss=-0.234238 valid=1.0000 routes=17.996 grad=2.5366 seconds=98.1
Epoch 4696/5000: score=18.676955 loss=-0.242760 valid=1.0000 routes=16.765 grad=2.4376 seconds=93.6
Epoch 4697/5000: score=18.058617 loss=-0.237154 valid=1.0000 routes=16.511 grad=2.2622 seconds=101.7
Epoch 4698/5000: score=19.129533 loss=-0.233160 valid=1.0000 routes=16.583 grad=2.4328 seconds=99.5
Epoch 4699/5000: score=18.667595 loss=-0.248340 valid=1.0000 routes=17.330 grad=2.4448 seconds=95.2
Epoch 4700/5000: score=18.240103 loss=-0.227449 valid=1.0000 routes=16.516 grad=2.2373 seconds=95.4
Epoch 4701/5000: score=19.101829 loss=-0.232978 valid=1.0000 routes=16.783 grad=2.4173 seconds=98.0
Epoch 4702/5000: score=18.689456 loss=-0.239298 valid=1.0000 routes=16.629 grad=2.3857 seconds=94.8
Epoch 4703/5000: score=19.690805 loss=-0.235453 valid=1.0000 routes=16.962 grad=2.5361 seconds=96.1
Epoch 4704/5000: score=18.100927 loss=-0.244152 valid=1.0000 routes=15.943 grad=2.2637 seconds=99.7
Epoch 4705/5000: score=18.274729 loss=-0.236970 valid=1.0000 routes=16.500 grad=2.3025 seconds=96.6
Epoch 4706/5000: score=18.488084 loss=-0.230261 valid=1.0000 routes=16.769 grad=2.2916 seconds=95.0
Epoch 4707/5000: score=18.785765 loss=-0.227853 valid=1.0000 routes=16.637 grad=2.3181 seconds=98.1
Epoch 4708/5000: score=19.299210 loss=-0.233090 valid=1.0000 routes=17.691 grad=2.4802 seconds=95.8
Epoch 4709/5000: score=20.011181 loss=-0.234071 valid=1.0000 routes=18.548 grad=2.6796 seconds=92.9
Epoch 4710/5000: score=18.247306 loss=-0.238716 valid=1.0000 routes=16.011 grad=2.2135 seconds=97.5
Epoch 4711/5000: score=19.164901 loss=-0.224694 valid=1.0000 routes=17.225 grad=2.4115 seconds=95.8
Epoch 4712/5000: score=19.170898 loss=-0.237670 valid=1.0000 routes=16.723 grad=2.4895 seconds=95.9
Epoch 4713/5000: score=19.179736 loss=-0.226569 valid=1.0000 routes=17.330 grad=2.4600 seconds=98.5
Epoch 4714/5000: score=18.533258 loss=-0.238118 valid=1.0000 routes=16.711 grad=2.3594 seconds=95.7
Epoch 4715/5000: score=19.012079 loss=-0.228074 valid=1.0000 routes=17.200 grad=2.4060 seconds=94.9
Epoch 4716/5000: score=18.812309 loss=-0.252487 valid=1.0000 routes=16.286 grad=2.4516 seconds=98.3
Epoch 4717/5000: score=19.063193 loss=-0.250095 valid=1.0000 routes=16.410 grad=2.4766 seconds=97.2
Epoch 4718/5000: score=19.009594 loss=-0.239497 valid=1.0000 routes=16.983 grad=2.4827 seconds=95.6
Epoch 4719/5000: score=18.603010 loss=-0.237850 valid=1.0000 routes=17.160 grad=2.4221 seconds=97.6
Epoch 4720/5000: score=19.093260 loss=-0.240480 valid=1.0000 routes=16.929 grad=2.4876 seconds=97.5
Epoch 4721/5000: score=19.716062 loss=-0.245380 valid=1.0000 routes=17.466 grad=2.5819 seconds=93.9
Epoch 4722/5000: score=19.336461 loss=-0.230023 valid=1.0000 routes=17.482 grad=2.5229 seconds=97.8
Epoch 4723/5000: score=18.476813 loss=-0.243399 valid=1.0000 routes=15.985 grad=2.3331 seconds=99.4
Epoch 4724/5000: score=18.870141 loss=-0.237280 valid=1.0000 routes=17.110 grad=2.4136 seconds=93.7
Epoch 4725/5000: score=19.077102 loss=-0.235088 valid=1.0000 routes=15.857 grad=2.3332 seconds=99.3
Epoch 4726/5000: score=19.376384 loss=-0.226105 valid=1.0000 routes=17.654 grad=2.4822 seconds=99.8
Epoch 4727/5000: score=19.530444 loss=-0.237567 valid=1.0000 routes=16.951 grad=2.5736 seconds=92.9
Epoch 4728/5000: score=19.549545 loss=-0.245051 valid=1.0000 routes=16.900 grad=2.5948 seconds=98.0
Epoch 4729/5000: score=18.514119 loss=-0.234107 valid=1.0000 routes=16.976 grad=2.3689 seconds=97.8
Epoch 4730/5000: score=19.221778 loss=-0.227417 valid=1.0000 routes=17.679 grad=2.4867 seconds=92.5
Epoch 4731/5000: score=18.882561 loss=-0.247215 valid=1.0000 routes=15.867 grad=2.4251 seconds=97.5
Epoch 4732/5000: score=18.024291 loss=-0.229043 valid=1.0000 routes=17.950 grad=2.3618 seconds=97.0
Epoch 4733/5000: score=18.496662 loss=-0.232968 valid=1.0000 routes=17.126 grad=2.3878 seconds=94.3
Epoch 4734/5000: score=18.870876 loss=-0.225500 valid=1.0000 routes=17.404 grad=2.4114 seconds=96.4
Epoch 4735/5000: score=18.522620 loss=-0.251108 valid=1.0000 routes=16.355 grad=2.4170 seconds=95.9
Epoch 4736/5000: score=19.441280 loss=-0.237331 valid=1.0000 routes=17.274 grad=2.5734 seconds=92.4
Epoch 4737/5000: score=18.542995 loss=-0.236096 valid=1.0000 routes=16.656 grad=2.2944 seconds=96.1
Epoch 4738/5000: score=19.214206 loss=-0.219759 valid=1.0000 routes=17.344 grad=2.4456 seconds=96.1
Epoch 4739/5000: score=19.023599 loss=-0.224597 valid=1.0000 routes=17.256 grad=2.4711 seconds=91.0
Epoch 4740/5000: score=18.859945 loss=-0.240999 valid=1.0000 routes=16.985 grad=2.4661 seconds=95.0
Epoch 4741/5000: score=19.168534 loss=-0.240338 valid=1.0000 routes=17.087 grad=2.5139 seconds=93.3
Epoch 4742/5000: score=19.009184 loss=-0.236050 valid=1.0000 routes=17.389 grad=2.4179 seconds=91.8
Epoch 4743/5000: score=18.915298 loss=-0.258450 valid=1.0000 routes=16.543 grad=2.5467 seconds=96.1
Epoch 4744/5000: score=18.087897 loss=-0.245767 valid=1.0000 routes=16.759 grad=2.3316 seconds=93.2
Epoch 4745/5000: score=17.009646 loss=-0.236084 valid=1.0000 routes=15.378 grad=2.0597 seconds=92.4
Epoch 4746/5000: score=18.457832 loss=-0.236010 valid=1.0000 routes=16.066 grad=2.3631 seconds=96.7
Epoch 4747/5000: score=19.881306 loss=-0.246212 valid=1.0000 routes=16.816 grad=2.6375 seconds=97.3
Epoch 4748/5000: score=18.594585 loss=-0.229832 valid=1.0000 routes=16.714 grad=2.3272 seconds=93.3
Epoch 4749/5000: score=19.442123 loss=-0.263324 valid=1.0000 routes=16.683 grad=2.6503 seconds=95.9
Epoch 4750/5000: score=17.781330 loss=-0.251083 valid=1.0000 routes=15.429 grad=2.2414 seconds=94.0
Epoch 4751/5000: score=17.869363 loss=-0.226984 valid=1.0000 routes=16.756 grad=2.1858 seconds=92.3
Epoch 4752/5000: score=18.154531 loss=-0.236386 valid=1.0000 routes=15.437 grad=2.1757 seconds=96.5
Epoch 4753/5000: score=18.877870 loss=-0.235712 valid=1.0000 routes=16.465 grad=2.3727 seconds=92.4
Epoch 4754/5000: score=19.391902 loss=-0.231449 valid=1.0000 routes=16.854 grad=2.5074 seconds=94.6
Epoch 4755/5000: score=18.515807 loss=-0.235324 valid=1.0000 routes=16.147 grad=2.3010 seconds=94.2
Epoch 4756/5000: score=18.334993 loss=-0.241495 valid=1.0000 routes=16.108 grad=2.2902 seconds=92.5
Epoch 4757/5000: score=19.041437 loss=-0.231091 valid=1.0000 routes=16.507 grad=2.3660 seconds=94.5
Epoch 4758/5000: score=19.343777 loss=-0.229822 valid=1.0000 routes=17.107 grad=2.4961 seconds=94.6
Epoch 4759/5000: score=18.695359 loss=-0.242717 valid=1.0000 routes=16.688 grad=2.4278 seconds=92.0
Epoch 4760/5000: score=18.690286 loss=-0.229802 valid=1.0000 routes=16.951 grad=2.3667 seconds=95.7
Epoch 4761/5000: score=18.913686 loss=-0.262167 valid=1.0000 routes=16.393 grad=2.5672 seconds=95.1
Epoch 4762/5000: score=18.511693 loss=-0.265904 valid=1.0000 routes=15.825 grad=2.4765 seconds=94.0
Epoch 4763/5000: score=18.218383 loss=-0.237202 valid=1.0000 routes=16.533 grad=2.2457 seconds=95.0
Epoch 4764/5000: score=18.352780 loss=-0.236422 valid=1.0000 routes=16.397 grad=2.3090 seconds=96.9
Epoch 4765/5000: score=19.313290 loss=-0.227667 valid=1.0000 routes=18.206 grad=2.5300 seconds=92.0
Epoch 4766/5000: score=18.757028 loss=-0.237749 valid=1.0000 routes=16.611 grad=2.4170 seconds=95.6
Epoch 4767/5000: score=18.409441 loss=-0.242784 valid=1.0000 routes=16.464 grad=2.3878 seconds=94.8
Epoch 4768/5000: score=18.885600 loss=-0.239870 valid=1.0000 routes=16.901 grad=2.4486 seconds=91.3
Epoch 4769/5000: score=17.859626 loss=-0.244562 valid=1.0000 routes=15.496 grad=2.2195 seconds=97.6
Epoch 4770/5000: score=18.040464 loss=-0.222985 valid=1.0000 routes=16.094 grad=2.1544 seconds=97.9
Epoch 4771/5000: score=18.579236 loss=-0.242689 valid=1.0000 routes=16.540 grad=2.4056 seconds=91.6
Epoch 4772/5000: score=19.488895 loss=-0.239077 valid=1.0000 routes=17.206 grad=2.6229 seconds=97.6
Epoch 4773/5000: score=18.821705 loss=-0.253697 valid=1.0000 routes=16.327 grad=2.4791 seconds=98.7
Epoch 4774/5000: score=18.420300 loss=-0.237794 valid=1.0000 routes=16.965 grad=2.3807 seconds=95.9
Epoch 4775/5000: score=19.155372 loss=-0.239024 valid=1.0000 routes=17.056 grad=2.4396 seconds=97.5
Epoch 4776/5000: score=19.324738 loss=-0.240517 valid=1.0000 routes=17.790 grad=2.5380 seconds=97.9
Epoch 4777/5000: score=18.999645 loss=-0.225872 valid=1.0000 routes=17.361 grad=2.4462 seconds=98.7
Epoch 4778/5000: score=17.929764 loss=-0.246394 valid=1.0000 routes=15.343 grad=2.1834 seconds=97.7
Epoch 4779/5000: score=19.577205 loss=-0.247886 valid=1.0000 routes=16.712 grad=2.5454 seconds=97.7
Epoch 4780/5000: score=18.387831 loss=-0.230814 valid=1.0000 routes=17.245 grad=2.3509 seconds=95.2
Epoch 4781/5000: score=19.540136 loss=-0.236260 valid=1.0000 routes=17.663 grad=2.6096 seconds=95.3
Epoch 4782/5000: score=19.831230 loss=-0.229136 valid=1.0000 routes=17.752 grad=2.5703 seconds=96.8
Epoch 4783/5000: score=19.278659 loss=-0.235768 valid=1.0000 routes=16.848 grad=2.4483 seconds=94.8
Epoch 4784/5000: score=18.358788 loss=-0.232638 valid=1.0000 routes=15.689 grad=2.2724 seconds=97.5
Epoch 4785/5000: score=18.715745 loss=-0.225453 valid=1.0000 routes=16.451 grad=2.3301 seconds=99.3
Epoch 4786/5000: score=18.889366 loss=-0.229394 valid=1.0000 routes=17.941 grad=2.4426 seconds=97.5
Epoch 4787/5000: score=18.417992 loss=-0.243498 valid=1.0000 routes=16.835 grad=2.3809 seconds=97.3
Epoch 4788/5000: score=19.552407 loss=-0.239151 valid=1.0000 routes=17.438 grad=2.5980 seconds=100.3
Epoch 4789/5000: score=18.940669 loss=-0.239226 valid=1.0000 routes=16.933 grad=2.4691 seconds=98.3
Epoch 4790/5000: score=19.192156 loss=-0.248395 valid=1.0000 routes=16.852 grad=2.5319 seconds=95.4
Epoch 4791/5000: score=17.940837 loss=-0.234979 valid=1.0000 routes=16.098 grad=2.2347 seconds=98.5
Epoch 4792/5000: score=18.630611 loss=-0.235551 valid=1.0000 routes=17.314 grad=2.4263 seconds=95.8
Epoch 4793/5000: score=18.638329 loss=-0.235739 valid=1.0000 routes=16.983 grad=2.3966 seconds=94.9
Epoch 4794/5000: score=19.342836 loss=-0.231059 valid=1.0000 routes=17.231 grad=2.5276 seconds=99.6
Epoch 4795/5000: score=18.223813 loss=-0.236931 valid=1.0000 routes=16.466 grad=2.3199 seconds=98.1
Epoch 4796/5000: score=18.655219 loss=-0.239588 valid=1.0000 routes=16.671 grad=2.4108 seconds=95.8
Epoch 4797/5000: score=19.113660 loss=-0.248647 valid=1.0000 routes=17.174 grad=2.5507 seconds=99.0
Epoch 4798/5000: score=19.404394 loss=-0.236915 valid=1.0000 routes=16.933 grad=2.5070 seconds=100.3
Epoch 4799/5000: score=19.560457 loss=-0.234614 valid=1.0000 routes=16.677 grad=2.5424 seconds=96.2
Epoch 4800/5000: score=18.593461 loss=-0.217769 valid=1.0000 routes=17.170 grad=2.3319 seconds=96.9
Epoch 4801/5000: score=19.468069 loss=-0.239531 valid=1.0000 routes=18.097 grad=2.6828 seconds=100.0
Epoch 4802/5000: score=19.237841 loss=-0.236437 valid=1.0000 routes=17.343 grad=2.5328 seconds=95.4
Epoch 4803/5000: score=19.592245 loss=-0.226656 valid=1.0000 routes=17.391 grad=2.5449 seconds=96.9
Epoch 4804/5000: score=19.166306 loss=-0.225728 valid=1.0000 routes=16.985 grad=2.4350 seconds=97.4
Epoch 4805/5000: score=19.288389 loss=-0.239383 valid=1.0000 routes=16.809 grad=2.5491 seconds=97.0
Epoch 4806/5000: score=18.277646 loss=-0.223888 valid=1.0000 routes=16.806 grad=2.3003 seconds=94.9
Epoch 4807/5000: score=16.800103 loss=-0.230639 valid=1.0000 routes=14.692 grad=1.9439 seconds=97.9
Epoch 4808/5000: score=18.295511 loss=-0.227004 valid=1.0000 routes=16.117 grad=2.2811 seconds=94.1
Epoch 4809/5000: score=19.904443 loss=-0.246673 valid=1.0000 routes=17.550 grad=2.6563 seconds=95.6
Epoch 4810/5000: score=18.726730 loss=-0.229275 valid=1.0000 routes=16.467 grad=2.3601 seconds=97.7
Epoch 4811/5000: score=18.052540 loss=-0.233328 valid=1.0000 routes=16.438 grad=2.2834 seconds=95.7
Epoch 4812/5000: score=18.222908 loss=-0.248819 valid=1.0000 routes=16.067 grad=2.4507 seconds=95.2
Epoch 4813/5000: score=18.477932 loss=-0.231123 valid=1.0000 routes=15.876 grad=2.2717 seconds=97.4
Epoch 4814/5000: score=19.866217 loss=-0.240771 valid=1.0000 routes=17.320 grad=2.6698 seconds=95.2
Epoch 4815/5000: score=19.038031 loss=-0.235933 valid=1.0000 routes=17.555 grad=2.4717 seconds=94.1
Epoch 4816/5000: score=19.169121 loss=-0.252901 valid=1.0000 routes=16.285 grad=2.5334 seconds=91.9
Epoch 4817/5000: score=18.997101 loss=-0.234771 valid=1.0000 routes=17.395 grad=2.4617 seconds=90.2
Epoch 4818/5000: score=17.148699 loss=-0.253729 valid=1.0000 routes=14.967 grad=2.1412 seconds=91.4
Epoch 4819/5000: score=18.159496 loss=-0.252464 valid=1.0000 routes=15.788 grad=2.3630 seconds=93.3
Epoch 4820/5000: score=18.848890 loss=-0.227906 valid=1.0000 routes=16.765 grad=2.3446 seconds=87.7
Epoch 4821/5000: score=18.861575 loss=-0.236513 valid=1.0000 routes=15.338 grad=2.3246 seconds=92.8
Epoch 4822/5000: score=18.788916 loss=-0.238549 valid=1.0000 routes=16.829 grad=2.4520 seconds=93.7
Epoch 4823/5000: score=18.268703 loss=-0.248149 valid=1.0000 routes=16.003 grad=2.3050 seconds=88.5
Epoch 4824/5000: score=18.716129 loss=-0.248623 valid=1.0000 routes=16.424 grad=2.4622 seconds=96.2
Epoch 4825/5000: score=18.899396 loss=-0.231495 valid=1.0000 routes=17.669 grad=2.5212 seconds=96.3
Epoch 4826/5000: score=18.882943 loss=-0.239379 valid=1.0000 routes=16.497 grad=2.4227 seconds=92.4
Epoch 4827/5000: score=19.297180 loss=-0.241378 valid=1.0000 routes=17.367 grad=2.5224 seconds=95.7
Epoch 4828/5000: score=18.769766 loss=-0.229499 valid=1.0000 routes=17.222 grad=2.4977 seconds=94.1
Epoch 4829/5000: score=20.167324 loss=-0.248550 valid=1.0000 routes=17.940 grad=2.7909 seconds=90.1
Epoch 4830/5000: score=19.367812 loss=-0.235665 valid=1.0000 routes=17.580 grad=2.6168 seconds=94.6
Epoch 4831/5000: score=19.513176 loss=-0.239559 valid=1.0000 routes=17.170 grad=2.5729 seconds=94.1
Epoch 4832/5000: score=19.335300 loss=-0.242988 valid=1.0000 routes=16.814 grad=2.5564 seconds=92.1
Epoch 4833/5000: score=19.409214 loss=-0.227710 valid=1.0000 routes=17.593 grad=2.5514 seconds=94.5
Epoch 4834/5000: score=19.103884 loss=-0.232922 valid=1.0000 routes=17.759 grad=2.5174 seconds=95.4
Epoch 4835/5000: score=18.909640 loss=-0.232087 valid=1.0000 routes=17.238 grad=2.4935 seconds=90.7
Epoch 4836/5000: score=19.309969 loss=-0.239424 valid=1.0000 routes=16.551 grad=2.5650 seconds=95.0
Epoch 4837/5000: score=17.752339 loss=-0.237303 valid=1.0000 routes=15.521 grad=2.1979 seconds=93.6
Epoch 4838/5000: score=18.478877 loss=-0.234366 valid=1.0000 routes=16.683 grad=2.4270 seconds=91.4
Epoch 4839/5000: score=19.753729 loss=-0.237119 valid=1.0000 routes=17.515 grad=2.6236 seconds=94.1
Epoch 4840/5000: score=18.162632 loss=-0.236322 valid=1.0000 routes=15.984 grad=2.2282 seconds=93.9
Epoch 4841/5000: score=17.839700 loss=-0.240330 valid=1.0000 routes=15.527 grad=2.2433 seconds=96.6
>> Invalid instances, Re-generating ...
Epoch 4842/5000: score=18.308651 loss=-0.231523 valid=1.0000 routes=16.810 grad=2.3375 seconds=97.6
Epoch 4843/5000: score=18.955331 loss=-0.242011 valid=1.0000 routes=16.411 grad=2.5097 seconds=98.5
Epoch 4844/5000: score=18.554860 loss=-0.224126 valid=1.0000 routes=16.728 grad=2.3325 seconds=94.2
Epoch 4845/5000: score=20.148225 loss=-0.236230 valid=1.0000 routes=18.495 grad=2.7506 seconds=99.7
Epoch 4846/5000: score=18.765945 loss=-0.231765 valid=1.0000 routes=17.208 grad=2.4001 seconds=98.4
Epoch 4847/5000: score=18.618220 loss=-0.241244 valid=1.0000 routes=16.613 grad=2.4006 seconds=94.8
Epoch 4848/5000: score=18.739363 loss=-0.224808 valid=1.0000 routes=16.806 grad=2.3582 seconds=98.8
Epoch 4849/5000: score=18.759809 loss=-0.241798 valid=1.0000 routes=16.376 grad=2.4291 seconds=99.1
Epoch 4850/5000: score=18.702710 loss=-0.236588 valid=1.0000 routes=16.622 grad=2.3973 seconds=97.6
Epoch 4851/5000: score=18.034991 loss=-0.237682 valid=1.0000 routes=16.050 grad=2.2426 seconds=95.5
Epoch 4852/5000: score=19.215312 loss=-0.241634 valid=1.0000 routes=16.898 grad=2.5572 seconds=98.0
Epoch 4853/5000: score=18.862685 loss=-0.234289 valid=1.0000 routes=16.621 grad=2.4452 seconds=95.3
Epoch 4854/5000: score=18.745357 loss=-0.235664 valid=1.0000 routes=16.701 grad=2.4142 seconds=96.0
Epoch 4855/5000: score=19.152901 loss=-0.257388 valid=1.0000 routes=16.144 grad=2.5713 seconds=99.1
Epoch 4856/5000: score=18.948920 loss=-0.236523 valid=1.0000 routes=16.591 grad=2.4594 seconds=97.4
Epoch 4857/5000: score=18.555419 loss=-0.243798 valid=1.0000 routes=15.772 grad=2.3855 seconds=96.3
Epoch 4858/5000: score=18.324940 loss=-0.225012 valid=1.0000 routes=16.406 grad=2.2848 seconds=98.7
Epoch 4859/5000: score=18.499870 loss=-0.234201 valid=1.0000 routes=16.684 grad=2.4219 seconds=97.5
Epoch 4860/5000: score=18.693909 loss=-0.240115 valid=1.0000 routes=16.252 grad=2.3703 seconds=95.4
>> Invalid instances, Re-generating ...
Epoch 4861/5000: score=18.745560 loss=-0.258246 valid=1.0000 routes=15.884 grad=2.5141 seconds=101.0
Epoch 4862/5000: score=18.150910 loss=-0.236644 valid=1.0000 routes=16.109 grad=2.2940 seconds=99.3
Epoch 4863/5000: score=19.587856 loss=-0.240394 valid=1.0000 routes=17.767 grad=2.5930 seconds=97.3
Epoch 4864/5000: score=18.722328 loss=-0.244926 valid=1.0000 routes=16.957 grad=2.4886 seconds=96.7
Epoch 4865/5000: score=17.881053 loss=-0.229243 valid=1.0000 routes=16.562 grad=2.2818 seconds=97.9
Epoch 4866/5000: score=17.763762 loss=-0.246245 valid=1.0000 routes=15.884 grad=2.2921 seconds=97.7
Epoch 4867/5000: score=19.641149 loss=-0.240895 valid=1.0000 routes=17.444 grad=2.6486 seconds=99.8
Epoch 4868/5000: score=18.609601 loss=-0.233614 valid=1.0000 routes=17.730 grad=2.4819 seconds=99.0
Epoch 4869/5000: score=19.138828 loss=-0.240428 valid=1.0000 routes=17.776 grad=2.6282 seconds=98.7
Epoch 4870/5000: score=18.480421 loss=-0.245282 valid=1.0000 routes=15.903 grad=2.3906 seconds=95.8
Epoch 4871/5000: score=20.682616 loss=-0.237130 valid=1.0000 routes=18.307 grad=2.8136 seconds=98.2
Epoch 4872/5000: score=18.601034 loss=-0.239018 valid=1.0000 routes=17.099 grad=2.4610 seconds=96.9
Epoch 4873/5000: score=18.446810 loss=-0.246628 valid=1.0000 routes=16.062 grad=2.3658 seconds=95.5
>> Invalid instances, Re-generating ...
Epoch 4874/5000: score=17.996095 loss=-0.228003 valid=1.0000 routes=17.244 grad=2.3177 seconds=100.2
Epoch 4875/5000: score=19.383588 loss=-0.236109 valid=1.0000 routes=17.843 grad=2.5624 seconds=97.8
Epoch 4876/5000: score=19.547866 loss=-0.243415 valid=1.0000 routes=16.914 grad=2.5788 seconds=93.7
Epoch 4877/5000: score=19.087922 loss=-0.239389 valid=1.0000 routes=16.894 grad=2.5577 seconds=97.7
Epoch 4878/5000: score=19.338099 loss=-0.225740 valid=1.0000 routes=17.758 grad=2.5209 seconds=96.4
Epoch 4879/5000: score=17.925227 loss=-0.222712 valid=1.0000 routes=16.363 grad=2.1929 seconds=94.2
Epoch 4880/5000: score=17.878346 loss=-0.237189 valid=1.0000 routes=16.148 grad=2.2210 seconds=98.9
Epoch 4881/5000: score=18.308397 loss=-0.232064 valid=1.0000 routes=16.141 grad=2.3269 seconds=99.9
Epoch 4882/5000: score=18.834277 loss=-0.238418 valid=1.0000 routes=16.941 grad=2.4992 seconds=96.6
Epoch 4883/5000: score=18.371619 loss=-0.236029 valid=1.0000 routes=16.220 grad=2.3414 seconds=97.5
Epoch 4884/5000: score=18.718070 loss=-0.235250 valid=1.0000 routes=17.127 grad=2.4604 seconds=97.3
Epoch 4885/5000: score=19.372110 loss=-0.233595 valid=1.0000 routes=17.509 grad=2.5849 seconds=97.9
Epoch 4886/5000: score=17.884188 loss=-0.246704 valid=1.0000 routes=16.030 grad=2.3170 seconds=94.9
Epoch 4887/5000: score=19.081418 loss=-0.238958 valid=1.0000 routes=16.408 grad=2.5320 seconds=97.7
Epoch 4888/5000: score=18.951278 loss=-0.240282 valid=1.0000 routes=16.947 grad=2.4696 seconds=95.3
Epoch 4889/5000: score=19.031996 loss=-0.241047 valid=1.0000 routes=17.418 grad=2.5223 seconds=93.2
Epoch 4890/5000: score=18.572380 loss=-0.249294 valid=1.0000 routes=16.345 grad=2.4371 seconds=100.1
>> Invalid instances, Re-generating ...
Epoch 4891/5000: score=18.727403 loss=-0.241828 valid=1.0000 routes=16.134 grad=2.4120 seconds=98.0
Epoch 4892/5000: score=18.660034 loss=-0.240861 valid=1.0000 routes=15.803 grad=2.3704 seconds=93.5
Epoch 4893/5000: score=19.348435 loss=-0.232655 valid=1.0000 routes=17.823 grad=2.6026 seconds=95.8
Epoch 4894/5000: score=17.758901 loss=-0.231711 valid=1.0000 routes=16.053 grad=2.1786 seconds=98.2
Epoch 4895/5000: score=20.201812 loss=-0.245106 valid=1.0000 routes=18.385 grad=2.8158 seconds=93.8
Epoch 4896/5000: score=17.743375 loss=-0.240065 valid=1.0000 routes=15.569 grad=2.1819 seconds=94.1
Epoch 4897/5000: score=18.027758 loss=-0.253913 valid=1.0000 routes=15.251 grad=2.3434 seconds=97.2
Epoch 4898/5000: score=20.523199 loss=-0.239020 valid=1.0000 routes=17.855 grad=2.7616 seconds=94.4
Epoch 4899/5000: score=18.418593 loss=-0.237007 valid=1.0000 routes=16.415 grad=2.4098 seconds=100.5
Epoch 4900/5000: score=18.638847 loss=-0.241898 valid=1.0000 routes=16.597 grad=2.4662 seconds=98.1
Epoch 4901/5000: score=19.629706 loss=-0.249632 valid=1.0000 routes=17.550 grad=2.7086 seconds=94.9
Epoch 4902/5000: score=17.614955 loss=-0.238668 valid=1.0000 routes=15.204 grad=2.2074 seconds=97.6
Epoch 4903/5000: score=19.514071 loss=-0.237168 valid=1.0000 routes=16.961 grad=2.5418 seconds=98.9
Epoch 4904/5000: score=19.294184 loss=-0.242834 valid=1.0000 routes=17.216 grad=2.6109 seconds=97.7
Epoch 4905/5000: score=19.341093 loss=-0.252740 valid=1.0000 routes=16.647 grad=2.5586 seconds=98.2
Epoch 4906/5000: score=18.093328 loss=-0.237519 valid=1.0000 routes=16.432 grad=2.2580 seconds=98.3
Epoch 4907/5000: score=19.402065 loss=-0.242508 valid=1.0000 routes=17.112 grad=2.5852 seconds=99.9
Epoch 4908/5000: score=18.010039 loss=-0.243807 valid=1.0000 routes=16.312 grad=2.3665 seconds=96.1
Epoch 4909/5000: score=20.313948 loss=-0.235499 valid=1.0000 routes=18.177 grad=2.7804 seconds=98.5
Epoch 4910/5000: score=19.780375 loss=-0.244643 valid=1.0000 routes=16.910 grad=2.6857 seconds=100.3
Epoch 4911/5000: score=18.941000 loss=-0.236622 valid=1.0000 routes=16.310 grad=2.4189 seconds=95.2
Epoch 4912/5000: score=17.777407 loss=-0.234263 valid=1.0000 routes=16.239 grad=2.2593 seconds=97.0
Epoch 4913/5000: score=17.897793 loss=-0.224497 valid=1.0000 routes=16.391 grad=2.2084 seconds=99.4
Epoch 4914/5000: score=19.616566 loss=-0.233725 valid=1.0000 routes=17.725 grad=2.6027 seconds=97.0
Epoch 4915/5000: score=18.994784 loss=-0.239231 valid=1.0000 routes=17.018 grad=2.5156 seconds=95.9
Epoch 4916/5000: score=19.093124 loss=-0.233436 valid=1.0000 routes=16.985 grad=2.5198 seconds=100.2
Epoch 4917/5000: score=17.783648 loss=-0.223276 valid=1.0000 routes=15.951 grad=2.2010 seconds=98.0
Epoch 4918/5000: score=18.161280 loss=-0.230150 valid=1.0000 routes=16.202 grad=2.3126 seconds=95.2
Epoch 4919/5000: score=18.801750 loss=-0.234730 valid=1.0000 routes=16.547 grad=2.4270 seconds=98.7
Epoch 4920/5000: score=19.169838 loss=-0.230031 valid=1.0000 routes=16.609 grad=2.4289 seconds=98.4
Epoch 4921/5000: score=19.299328 loss=-0.245127 valid=1.0000 routes=17.048 grad=2.5721 seconds=93.8
Epoch 4922/5000: score=19.757561 loss=-0.226153 valid=1.0000 routes=18.475 grad=2.6523 seconds=95.1
Epoch 4923/5000: score=18.347366 loss=-0.225781 valid=1.0000 routes=17.053 grad=2.3770 seconds=99.4
Epoch 4924/5000: score=19.141857 loss=-0.263659 valid=1.0000 routes=16.515 grad=2.5910 seconds=98.1
Epoch 4925/5000: score=18.954483 loss=-0.227667 valid=1.0000 routes=17.182 grad=2.4335 seconds=94.6
Epoch 4926/5000: score=19.382061 loss=-0.247350 valid=1.0000 routes=17.261 grad=2.6296 seconds=99.0
Epoch 4927/5000: score=17.870584 loss=-0.234052 valid=1.0000 routes=16.391 grad=2.2756 seconds=96.9
Epoch 4928/5000: score=19.265980 loss=-0.239691 valid=1.0000 routes=17.284 grad=2.5777 seconds=95.1
Epoch 4929/5000: score=18.442613 loss=-0.244332 valid=1.0000 routes=15.893 grad=2.3555 seconds=99.9
Epoch 4930/5000: score=18.923528 loss=-0.250341 valid=1.0000 routes=15.794 grad=2.4398 seconds=97.2
Epoch 4931/5000: score=19.889391 loss=-0.248591 valid=1.0000 routes=17.381 grad=2.7397 seconds=96.3
Epoch 4932/5000: score=18.459727 loss=-0.241439 valid=1.0000 routes=16.221 grad=2.3443 seconds=97.8
Epoch 4933/5000: score=18.342604 loss=-0.235647 valid=1.0000 routes=15.663 grad=2.2969 seconds=96.7
Epoch 4934/5000: score=19.014514 loss=-0.234695 valid=1.0000 routes=17.124 grad=2.4933 seconds=95.4
Epoch 4935/5000: score=18.909851 loss=-0.241515 valid=1.0000 routes=16.665 grad=2.5075 seconds=94.0
Epoch 4936/5000: score=19.269489 loss=-0.244143 valid=1.0000 routes=17.491 grad=2.6143 seconds=97.1
Epoch 4937/5000: score=18.463474 loss=-0.231210 valid=1.0000 routes=17.116 grad=2.3979 seconds=96.5
Epoch 4938/5000: score=18.321346 loss=-0.230182 valid=1.0000 routes=17.042 grad=2.4108 seconds=94.1
Epoch 4939/5000: score=18.488919 loss=-0.244862 valid=1.0000 routes=16.275 grad=2.4474 seconds=96.2
Epoch 4940/5000: score=17.869186 loss=-0.240101 valid=1.0000 routes=15.658 grad=2.2537 seconds=95.6
Epoch 4941/5000: score=18.955071 loss=-0.245012 valid=1.0000 routes=15.986 grad=2.4332 seconds=90.8
Epoch 4942/5000: score=19.708452 loss=-0.245115 valid=1.0000 routes=16.145 grad=2.5952 seconds=96.1
Epoch 4943/5000: score=18.895656 loss=-0.235643 valid=1.0000 routes=17.093 grad=2.4876 seconds=95.1
Epoch 4944/5000: score=18.375936 loss=-0.240161 valid=1.0000 routes=16.734 grad=2.4018 seconds=93.1
Epoch 4945/5000: score=19.068794 loss=-0.237180 valid=1.0000 routes=17.256 grad=2.5593 seconds=92.9
Epoch 4946/5000: score=19.145249 loss=-0.229529 valid=1.0000 routes=17.373 grad=2.5059 seconds=95.8
Epoch 4947/5000: score=18.958923 loss=-0.229536 valid=1.0000 routes=17.924 grad=2.5446 seconds=96.3
Epoch 4948/5000: score=19.856728 loss=-0.240165 valid=1.0000 routes=17.724 grad=2.6898 seconds=91.8
Epoch 4949/5000: score=18.421611 loss=-0.232953 valid=1.0000 routes=16.729 grad=2.4074 seconds=94.4
Epoch 4950/5000: score=19.117470 loss=-0.234503 valid=1.0000 routes=18.605 grad=2.6048 seconds=96.9
Epoch 4951/5000: score=19.100942 loss=-0.242262 valid=1.0000 routes=17.285 grad=2.5676 seconds=93.2
Epoch 4952/5000: score=18.686918 loss=-0.219576 valid=1.0000 routes=16.962 grad=2.3625 seconds=94.2
Epoch 4953/5000: score=20.199783 loss=-0.236288 valid=1.0000 routes=18.218 grad=2.7704 seconds=97.9
Epoch 4954/5000: score=19.130153 loss=-0.238462 valid=1.0000 routes=17.161 grad=2.6255 seconds=97.3
Epoch 4955/5000: score=18.427289 loss=-0.234483 valid=1.0000 routes=16.546 grad=2.3783 seconds=93.8
Epoch 4956/5000: score=18.786737 loss=-0.244975 valid=1.0000 routes=17.054 grad=2.5295 seconds=95.9
Epoch 4957/5000: score=18.164375 loss=-0.230846 valid=1.0000 routes=16.904 grad=2.3434 seconds=97.0
Epoch 4958/5000: score=18.245613 loss=-0.248732 valid=1.0000 routes=16.566 grad=2.4518 seconds=94.1
Epoch 4959/5000: score=19.823338 loss=-0.229248 valid=1.0000 routes=17.467 grad=2.7043 seconds=92.1
Epoch 4960/5000: score=19.669577 loss=-0.231276 valid=1.0000 routes=17.705 grad=2.6117 seconds=96.4
Epoch 4961/5000: score=19.410255 loss=-0.250093 valid=1.0000 routes=17.350 grad=2.6814 seconds=99.3
Epoch 4962/5000: score=18.608213 loss=-0.245894 valid=1.0000 routes=15.445 grad=2.4022 seconds=92.7
Epoch 4963/5000: score=19.096125 loss=-0.242022 valid=1.0000 routes=17.406 grad=2.5659 seconds=95.5
Epoch 4964/5000: score=18.938903 loss=-0.242078 valid=1.0000 routes=16.783 grad=2.5741 seconds=96.0
Epoch 4965/5000: score=17.882797 loss=-0.237760 valid=1.0000 routes=16.038 grad=2.2756 seconds=92.0
Epoch 4966/5000: score=18.218202 loss=-0.251483 valid=1.0000 routes=16.032 grad=2.4186 seconds=93.4
Epoch 4967/5000: score=18.555738 loss=-0.256156 valid=1.0000 routes=16.195 grad=2.4830 seconds=94.4
Epoch 4968/5000: score=17.598230 loss=-0.226955 valid=1.0000 routes=16.747 grad=2.2303 seconds=93.3
Epoch 4969/5000: score=18.301773 loss=-0.230232 valid=1.0000 routes=16.203 grad=2.3023 seconds=92.0
Epoch 4970/5000: score=19.133369 loss=-0.250123 valid=1.0000 routes=16.910 grad=2.5729 seconds=96.6
Epoch 4971/5000: score=18.810111 loss=-0.231334 valid=1.0000 routes=17.746 grad=2.4885 seconds=95.2
Epoch 4972/5000: score=18.682321 loss=-0.239893 valid=1.0000 routes=17.486 grad=2.5607 seconds=92.4
Epoch 4973/5000: score=18.462192 loss=-0.238234 valid=1.0000 routes=17.342 grad=2.4702 seconds=93.6
Epoch 4974/5000: score=18.041212 loss=-0.242922 valid=1.0000 routes=15.317 grad=2.3062 seconds=95.0
Epoch 4975/5000: score=17.637565 loss=-0.244984 valid=1.0000 routes=15.468 grad=2.2364 seconds=95.6
Epoch 4976/5000: score=19.932490 loss=-0.241221 valid=1.0000 routes=17.645 grad=2.7273 seconds=92.1
Epoch 4977/5000: score=19.470506 loss=-0.229368 valid=1.0000 routes=17.629 grad=2.5751 seconds=95.4
Epoch 4978/5000: score=18.455980 loss=-0.230946 valid=1.0000 routes=16.790 grad=2.3772 seconds=95.1
Epoch 4979/5000: score=18.614608 loss=-0.242283 valid=1.0000 routes=16.931 grad=2.5023 seconds=94.4
Epoch 4980/5000: score=17.832511 loss=-0.228938 valid=1.0000 routes=16.300 grad=2.2752 seconds=94.2
Epoch 4981/5000: score=19.636756 loss=-0.245969 valid=1.0000 routes=17.880 grad=2.6096 seconds=95.2
Epoch 4982/5000: score=20.104538 loss=-0.223900 valid=1.0000 routes=18.216 grad=2.6899 seconds=94.0
Epoch 4983/5000: score=19.105772 loss=-0.239815 valid=1.0000 routes=16.820 grad=2.5696 seconds=92.2
Epoch 4984/5000: score=18.836595 loss=-0.232290 valid=1.0000 routes=16.032 grad=2.4140 seconds=93.8
Epoch 4985/5000: score=18.030904 loss=-0.229839 valid=1.0000 routes=16.234 grad=2.2795 seconds=96.2
Epoch 4986/5000: score=18.372684 loss=-0.252380 valid=1.0000 routes=15.803 grad=2.4033 seconds=93.0
Epoch 4987/5000: score=19.070804 loss=-0.241260 valid=1.0000 routes=16.389 grad=2.4676 seconds=93.1
Epoch 4988/5000: score=17.414807 loss=-0.236432 valid=1.0000 routes=15.213 grad=2.1695 seconds=95.3
Epoch 4989/5000: score=18.928165 loss=-0.234858 valid=1.0000 routes=17.037 grad=2.5411 seconds=94.5
Epoch 4990/5000: score=17.688824 loss=-0.241001 valid=1.0000 routes=15.416 grad=2.2656 seconds=91.8
Epoch 4991/5000: score=18.109466 loss=-0.233625 valid=1.0000 routes=16.898 grad=2.3362 seconds=95.0
Epoch 4992/5000: score=19.160610 loss=-0.242652 valid=1.0000 routes=17.428 grad=2.6136 seconds=95.4
Epoch 4993/5000: score=18.767291 loss=-0.246179 valid=1.0000 routes=16.946 grad=2.5709 seconds=95.0
Epoch 4994/5000: score=18.540175 loss=-0.238357 valid=1.0000 routes=16.804 grad=2.4200 seconds=93.6
Epoch 4995/5000: score=18.978867 loss=-0.232331 valid=1.0000 routes=17.356 grad=2.5493 seconds=98.5
Epoch 4996/5000: score=19.006754 loss=-0.246042 valid=1.0000 routes=16.451 grad=2.5699 seconds=93.7
Epoch 4997/5000: score=18.729383 loss=-0.238484 valid=1.0000 routes=16.900 grad=2.4308 seconds=92.4
Epoch 4998/5000: score=18.752935 loss=-0.230724 valid=1.0000 routes=16.338 grad=2.3917 seconds=94.2
Epoch 4999/5000: score=18.608941 loss=-0.221716 valid=1.0000 routes=16.922 grad=2.3789 seconds=96.9
Epoch 5000/5000: score=19.041997 loss=-0.242732 valid=1.0000 routes=16.800 grad=2.5729 seconds=93.1
