
*****************************************
Setting OMP_NUM_THREADS environment variable for each process to be 1 in default, to avoid your system being overloaded, please further tune the variable for optimal performance in your application as needed. 
*****************************************
There are 3698944 (3.70 million) parameters in this neural network
[rank1]:[W921 19:02:17.472831577 reducer.cpp:1457] Warning: find_unused_parameters=True was specified in DDP constructor, but did not find any unused parameters in the forward pass. This flag results in an extra traversal of the autograd graph every iteration,  which can adversely affect performance. If your model indeed never has any unused parameters in the forward pass, consider turning this flag off. Note that this warning may be a false positive if your model has flow control causing later iterations to have unused parameters. (function operator())
[rank3]:[W921 19:02:17.473854851 reducer.cpp:1457] Warning: find_unused_parameters=True was specified in DDP constructor, but did not find any unused parameters in the forward pass. This flag results in an extra traversal of the autograd graph every iteration,  which can adversely affect performance. If your model indeed never has any unused parameters in the forward pass, consider turning this flag off. Note that this warning may be a false positive if your model has flow control causing later iterations to have unused parameters. (function operator())
[rank2]:[W921 19:02:17.474029023 reducer.cpp:1457] Warning: find_unused_parameters=True was specified in DDP constructor, but did not find any unused parameters in the forward pass. This flag results in an extra traversal of the autograd graph every iteration,  which can adversely affect performance. If your model indeed never has any unused parameters in the forward pass, consider turning this flag off. Note that this warning may be a false positive if your model has flow control causing later iterations to have unused parameters. (function operator())
[rank0]:[W921 19:02:17.474949326 reducer.cpp:1457] Warning: find_unused_parameters=True was specified in DDP constructor, but did not find any unused parameters in the forward pass. This flag results in an extra traversal of the autograd graph every iteration,  which can adversely affect performance. If your model indeed never has any unused parameters in the forward pass, consider turning this flag off. Note that this warning may be a false positive if your model has flow control causing later iterations to have unused parameters. (function operator())
[rank4]:[W921 19:02:17.475690441 reducer.cpp:1457] Warning: find_unused_parameters=True was specified in DDP constructor, but did not find any unused parameters in the forward pass. This flag results in an extra traversal of the autograd graph every iteration,  which can adversely affect performance. If your model indeed never has any unused parameters in the forward pass, consider turning this flag off. Note that this warning may be a false positive if your model has flow control causing later iterations to have unused parameters. (function operator())
[rank5]:[W921 19:02:17.476121094 reducer.cpp:1457] Warning: find_unused_parameters=True was specified in DDP constructor, but did not find any unused parameters in the forward pass. This flag results in an extra traversal of the autograd graph every iteration,  which can adversely affect performance. If your model indeed never has any unused parameters in the forward pass, consider turning this flag off. Note that this warning may be a false positive if your model has flow control causing later iterations to have unused parameters. (function operator())
Epoch    1/5000: score=30.685216 loss=-5.539443 valid=1.0000 routes=24.167 grad=12.9341 seconds=40.0
Epoch    2/5000: score=22.887058 loss=-4.737798 valid=1.0000 routes=18.683 grad=6.0887 seconds=39.7
Epoch    3/5000: score=22.538791 loss=-4.077944 valid=1.0000 routes=19.257 grad=7.1870 seconds=38.9
Epoch    4/5000: score=22.825815 loss=-3.681574 valid=1.0000 routes=18.248 grad=7.7458 seconds=39.1
Epoch    5/5000: score=20.451575 loss=-3.134332 valid=1.0000 routes=17.508 grad=8.1184 seconds=39.6
Epoch    6/5000: score=20.254876 loss=-2.896168 valid=1.0000 routes=16.838 grad=6.7630 seconds=38.3
Epoch    7/5000: score=21.099058 loss=-2.854097 valid=1.0000 routes=16.815 grad=7.7366 seconds=38.1
Epoch    8/5000: score=20.138119 loss=-2.646179 valid=1.0000 routes=17.936 grad=7.5200 seconds=37.8
Epoch    9/5000: score=21.810789 loss=-2.692516 valid=1.0000 routes=17.737 grad=8.0833 seconds=37.0
Epoch   10/5000: score=20.047913 loss=-2.502459 valid=1.0000 routes=17.295 grad=8.3871 seconds=38.5
Epoch   11/5000: score=20.053965 loss=-2.445966 valid=1.0000 routes=15.594 grad=7.2281 seconds=36.9
Epoch   12/5000: score=18.718966 loss=-2.226220 valid=1.0000 routes=14.981 grad=5.6052 seconds=37.6
Epoch   13/5000: score=20.797054 loss=-2.341385 valid=1.0000 routes=17.110 grad=7.1109 seconds=37.5
Epoch   14/5000: score=20.085475 loss=-2.326935 valid=1.0000 routes=17.033 grad=8.0441 seconds=37.3
Epoch   15/5000: score=21.612016 loss=-2.382675 valid=1.0000 routes=16.886 grad=7.3196 seconds=37.5
Epoch   16/5000: score=18.939791 loss=-2.203578 valid=1.0000 routes=15.203 grad=6.9226 seconds=37.4
Epoch   17/5000: score=20.538247 loss=-2.301829 valid=1.0000 routes=17.176 grad=8.1900 seconds=37.1
Epoch   18/5000: score=19.725496 loss=-2.248565 valid=1.0000 routes=16.407 grad=7.3155 seconds=38.1
Epoch   19/5000: score=20.189886 loss=-2.270572 valid=1.0000 routes=16.476 grad=8.8132 seconds=37.1
Epoch   20/5000: score=18.581306 loss=-2.066237 valid=1.0000 routes=15.346 grad=7.5815 seconds=37.2
Epoch   21/5000: score=20.792717 loss=-2.282871 valid=1.0000 routes=17.116 grad=7.5121 seconds=37.2
Epoch   22/5000: score=19.921963 loss=-2.154875 valid=1.0000 routes=16.466 grad=6.9431 seconds=37.3
Epoch   23/5000: score=20.640201 loss=-2.340891 valid=1.0000 routes=16.711 grad=7.2027 seconds=37.6
Epoch   24/5000: score=19.222965 loss=-2.235669 valid=1.0000 routes=16.059 grad=7.7881 seconds=37.3
Epoch   25/5000: score=18.945066 loss=-2.234911 valid=1.0000 routes=15.164 grad=6.0780 seconds=37.1
Epoch   26/5000: score=20.627806 loss=-2.375413 valid=1.0000 routes=16.580 grad=7.8826 seconds=37.9
Epoch   27/5000: score=18.896394 loss=-2.242982 valid=1.0000 routes=16.084 grad=9.2019 seconds=37.1
Epoch   28/5000: score=19.575182 loss=-2.372086 valid=1.0000 routes=15.351 grad=9.4411 seconds=37.0
Epoch   29/5000: score=19.072597 loss=-2.175296 valid=1.0000 routes=15.420 grad=5.4437 seconds=37.5
>> Invalid instances, Re-generating ...
Epoch   30/5000: score=20.656889 loss=-2.364301 valid=1.0000 routes=17.062 grad=7.1375 seconds=37.4
Epoch   31/5000: score=19.491362 loss=-2.230898 valid=1.0000 routes=16.487 grad=6.1231 seconds=37.9
Epoch   32/5000: score=19.114778 loss=-2.253130 valid=1.0000 routes=16.416 grad=6.6564 seconds=37.5
Epoch   33/5000: score=18.193291 loss=-2.272564 valid=1.0000 routes=15.043 grad=7.8462 seconds=37.7
Epoch   34/5000: score=18.949499 loss=-2.290803 valid=1.0000 routes=14.752 grad=5.7042 seconds=37.7
Epoch   35/5000: score=20.109376 loss=-2.376696 valid=1.0000 routes=16.264 grad=6.8272 seconds=37.6
Epoch   36/5000: score=19.631165 loss=-2.361533 valid=1.0000 routes=15.537 grad=6.3029 seconds=37.0
Epoch   37/5000: score=18.471978 loss=-2.236288 valid=1.0000 routes=15.057 grad=6.1606 seconds=37.7
Epoch   38/5000: score=18.642366 loss=-2.258489 valid=1.0000 routes=14.739 grad=6.7561 seconds=37.3
Epoch   39/5000: score=18.885542 loss=-2.250963 valid=1.0000 routes=16.376 grad=7.7328 seconds=37.0
Epoch   40/5000: score=18.543468 loss=-2.158669 valid=1.0000 routes=16.359 grad=5.5459 seconds=37.4
Epoch   41/5000: score=18.755779 loss=-2.137776 valid=1.0000 routes=15.353 grad=6.2778 seconds=36.7
Epoch   42/5000: score=18.674135 loss=-2.085293 valid=1.0000 routes=15.491 grad=6.8990 seconds=37.7
Epoch   43/5000: score=18.940352 loss=-2.051020 valid=1.0000 routes=16.078 grad=6.6599 seconds=36.7
Epoch   44/5000: score=19.461174 loss=-2.138984 valid=1.0000 routes=15.398 grad=8.7426 seconds=37.1
Epoch   45/5000: score=18.684677 loss=-1.981396 valid=1.0000 routes=15.621 grad=5.9681 seconds=37.6
Epoch   46/5000: score=19.527890 loss=-1.898588 valid=1.0000 routes=17.423 grad=6.2364 seconds=36.8
Epoch   47/5000: score=17.222438 loss=-1.749022 valid=1.0000 routes=14.589 grad=4.4412 seconds=37.6
Epoch   48/5000: score=19.369903 loss=-1.870987 valid=1.0000 routes=15.216 grad=6.7704 seconds=37.0
Epoch   49/5000: score=19.323052 loss=-1.854478 valid=1.0000 routes=17.139 grad=6.5236 seconds=37.0
>> Invalid instances, Re-generating ...
Epoch   50/5000: score=18.629387 loss=-1.736640 valid=1.0000 routes=15.069 grad=6.0544 seconds=37.6
Epoch   51/5000: score=18.653151 loss=-1.785652 valid=1.0000 routes=14.342 grad=6.9494 seconds=37.0
Epoch   52/5000: score=18.668674 loss=-1.677571 valid=1.0000 routes=14.722 grad=6.6062 seconds=37.2
Epoch   53/5000: score=18.883166 loss=-1.694572 valid=1.0000 routes=15.529 grad=6.7323 seconds=37.2
Epoch   54/5000: score=18.607128 loss=-1.639790 valid=1.0000 routes=14.986 grad=5.5446 seconds=37.0
Epoch   55/5000: score=18.455983 loss=-1.598398 valid=1.0000 routes=15.477 grad=5.7730 seconds=37.5
Epoch   56/5000: score=18.324216 loss=-1.550828 valid=1.0000 routes=15.542 grad=5.9501 seconds=36.4
>> Invalid instances, Re-generating ...
Epoch   57/5000: score=17.952492 loss=-1.478924 valid=1.0000 routes=15.819 grad=5.5933 seconds=36.9
Epoch   58/5000: score=18.692253 loss=-1.551774 valid=1.0000 routes=15.224 grad=5.9947 seconds=37.3
Epoch   59/5000: score=18.414326 loss=-1.530596 valid=1.0000 routes=15.159 grad=5.7454 seconds=37.0
Epoch   60/5000: score=19.186158 loss=-1.568952 valid=1.0000 routes=14.939 grad=6.8257 seconds=37.4
Epoch   61/5000: score=19.438528 loss=-1.553369 valid=1.0000 routes=15.684 grad=6.4286 seconds=37.2
Epoch   62/5000: score=19.187363 loss=-1.503053 valid=1.0000 routes=15.158 grad=5.6462 seconds=36.5
Epoch   63/5000: score=18.236499 loss=-1.398424 valid=1.0000 routes=14.688 grad=5.4708 seconds=37.4
Epoch   64/5000: score=20.215332 loss=-1.580683 valid=1.0000 routes=15.944 grad=7.3019 seconds=36.3
Epoch   65/5000: score=18.857700 loss=-1.471336 valid=1.0000 routes=15.728 grad=6.3601 seconds=37.7
Epoch   66/5000: score=19.266530 loss=-1.433024 valid=1.0000 routes=15.089 grad=5.8695 seconds=37.2
Epoch   67/5000: score=16.950998 loss=-1.277043 valid=1.0000 routes=14.435 grad=4.4845 seconds=37.0
Epoch   68/5000: score=17.638942 loss=-1.290322 valid=1.0000 routes=14.430 grad=4.9675 seconds=37.7
Epoch   69/5000: score=18.141744 loss=-1.290578 valid=1.0000 routes=14.757 grad=5.2021 seconds=37.0
Epoch   70/5000: score=17.475735 loss=-1.255152 valid=1.0000 routes=13.930 grad=4.8993 seconds=36.5
Epoch   71/5000: score=16.886131 loss=-1.244454 valid=1.0000 routes=14.904 grad=5.0348 seconds=36.9
Epoch   72/5000: score=19.172382 loss=-1.411467 valid=1.0000 routes=15.591 grad=6.9996 seconds=36.4
Epoch   73/5000: score=17.567464 loss=-1.275060 valid=1.0000 routes=14.908 grad=5.7031 seconds=37.3
Epoch   74/5000: score=17.515269 loss=-1.219720 valid=1.0000 routes=14.907 grad=4.9275 seconds=36.9
Epoch   75/5000: score=18.833562 loss=-1.295492 valid=1.0000 routes=15.554 grad=5.8771 seconds=36.7
Epoch   76/5000: score=18.835093 loss=-1.285812 valid=1.0000 routes=15.695 grad=5.8427 seconds=37.7
Epoch   77/5000: score=18.816004 loss=-1.284528 valid=1.0000 routes=15.691 grad=5.6818 seconds=36.5
Epoch   78/5000: score=19.369013 loss=-1.360404 valid=1.0000 routes=15.803 grad=7.1770 seconds=36.6
Epoch   79/5000: score=18.982299 loss=-1.261019 valid=1.0000 routes=15.628 grad=5.8631 seconds=37.2
Epoch   80/5000: score=18.989764 loss=-1.333360 valid=1.0000 routes=15.180 grad=5.8888 seconds=36.6
Epoch   81/5000: score=19.362169 loss=-1.324453 valid=1.0000 routes=17.152 grad=6.2755 seconds=37.2
Epoch   82/5000: score=17.517677 loss=-1.197423 valid=1.0000 routes=13.862 grad=5.1078 seconds=36.8
Epoch   83/5000: score=19.526518 loss=-1.299857 valid=1.0000 routes=15.836 grad=5.7903 seconds=36.5
Epoch   84/5000: score=18.193452 loss=-1.240375 valid=1.0000 routes=14.153 grad=5.6382 seconds=37.5
Epoch   85/5000: score=18.953261 loss=-1.258062 valid=1.0000 routes=16.427 grad=6.0621 seconds=36.8
Epoch   86/5000: score=16.856375 loss=-1.122934 valid=1.0000 routes=14.691 grad=5.3176 seconds=36.9
>> Invalid instances, Re-generating ...
Epoch   87/5000: score=19.252725 loss=-1.288377 valid=1.0000 routes=16.591 grad=6.2183 seconds=37.2
Epoch   88/5000: score=17.872522 loss=-1.136930 valid=1.0000 routes=15.158 grad=4.7373 seconds=37.3
Epoch   89/5000: score=19.019300 loss=-1.251563 valid=1.0000 routes=15.184 grad=6.5477 seconds=37.4
Epoch   90/5000: score=17.497193 loss=-1.109431 valid=1.0000 routes=14.571 grad=4.7019 seconds=36.9
Epoch   91/5000: score=18.938225 loss=-1.205921 valid=1.0000 routes=16.945 grad=5.6499 seconds=36.6
Epoch   92/5000: score=19.156193 loss=-1.240022 valid=1.0000 routes=15.796 grad=6.0879 seconds=37.1
Epoch   93/5000: score=18.443409 loss=-1.152610 valid=1.0000 routes=14.603 grad=5.4490 seconds=36.7
Epoch   94/5000: score=18.368235 loss=-1.135941 valid=1.0000 routes=15.337 grad=5.2682 seconds=37.0
Epoch   95/5000: score=18.892515 loss=-1.184249 valid=1.0000 routes=15.109 grad=5.7025 seconds=36.9
>> Invalid instances, Re-generating ...
Epoch   96/5000: score=18.147688 loss=-1.139300 valid=1.0000 routes=15.211 grad=4.9388 seconds=36.5
Epoch   97/5000: score=18.038644 loss=-1.141912 valid=1.0000 routes=15.457 grad=5.4015 seconds=36.6
Epoch   98/5000: score=18.266250 loss=-1.113615 valid=1.0000 routes=14.778 grad=5.2399 seconds=37.4
Epoch   99/5000: score=17.338910 loss=-1.040207 valid=1.0000 routes=14.611 grad=4.3847 seconds=36.7
Epoch  100/5000: score=17.578734 loss=-1.072147 valid=1.0000 routes=14.219 grad=4.8095 seconds=37.0
Epoch  101/5000: score=18.582838 loss=-1.146773 valid=1.0000 routes=16.124 grad=5.6241 seconds=37.6
Epoch  102/5000: score=18.178695 loss=-1.092218 valid=1.0000 routes=15.218 grad=4.9542 seconds=37.1
Epoch  103/5000: score=18.292038 loss=-1.076061 valid=1.0000 routes=15.311 grad=5.0127 seconds=37.4
Epoch  104/5000: score=16.877775 loss=-1.018455 valid=1.0000 routes=15.397 grad=4.4038 seconds=36.7
Epoch  105/5000: score=19.504599 loss=-1.204627 valid=1.0000 routes=15.449 grad=6.3873 seconds=37.0
Epoch  106/5000: score=18.972223 loss=-1.144797 valid=1.0000 routes=15.598 grad=5.5416 seconds=37.0
Epoch  107/5000: score=18.841283 loss=-1.111171 valid=1.0000 routes=15.493 grad=5.1876 seconds=37.1
Epoch  108/5000: score=19.363551 loss=-1.170624 valid=1.0000 routes=15.345 grad=6.3361 seconds=37.0
Epoch  109/5000: score=17.195566 loss=-1.048112 valid=1.0000 routes=14.488 grad=5.2466 seconds=37.4
Epoch  110/5000: score=18.172456 loss=-1.074869 valid=1.0000 routes=16.417 grad=5.5413 seconds=36.9
Epoch  111/5000: score=18.396885 loss=-1.073036 valid=1.0000 routes=14.773 grad=5.3065 seconds=36.6
Epoch  112/5000: score=17.615321 loss=-0.987021 valid=1.0000 routes=14.051 grad=4.6347 seconds=37.6
Epoch  113/5000: score=19.191893 loss=-1.110443 valid=1.0000 routes=15.388 grad=5.2717 seconds=36.5
Epoch  114/5000: score=18.155352 loss=-1.033185 valid=1.0000 routes=15.166 grad=5.1449 seconds=36.9
Epoch  115/5000: score=17.485022 loss=-0.991379 valid=1.0000 routes=15.025 grad=4.5074 seconds=37.1
Epoch  116/5000: score=18.126961 loss=-0.990505 valid=1.0000 routes=13.496 grad=4.5762 seconds=37.0
Epoch  117/5000: score=17.456634 loss=-0.953475 valid=1.0000 routes=14.139 grad=4.2953 seconds=36.8
Epoch  118/5000: score=17.472092 loss=-0.964188 valid=1.0000 routes=15.282 grad=4.4695 seconds=37.0
Epoch  119/5000: score=17.515885 loss=-0.965503 valid=1.0000 routes=15.788 grad=4.5378 seconds=36.7
Epoch  120/5000: score=17.781894 loss=-0.958869 valid=1.0000 routes=14.214 grad=4.5590 seconds=37.8
Epoch  121/5000: score=16.899005 loss=-0.894714 valid=1.0000 routes=13.764 grad=4.0396 seconds=36.7
Epoch  122/5000: score=17.996729 loss=-0.963456 valid=1.0000 routes=15.116 grad=4.6427 seconds=36.9
Epoch  123/5000: score=17.260530 loss=-0.915406 valid=1.0000 routes=13.859 grad=4.2516 seconds=36.8
Epoch  124/5000: score=17.122997 loss=-0.959054 valid=1.0000 routes=14.579 grad=4.8661 seconds=36.2
Epoch  125/5000: score=18.565797 loss=-1.027029 valid=1.0000 routes=15.341 grad=5.1650 seconds=36.9
Epoch  126/5000: score=18.512494 loss=-1.024046 valid=1.0000 routes=15.566 grad=5.3481 seconds=37.3
Epoch  127/5000: score=18.851285 loss=-1.007744 valid=1.0000 routes=15.696 grad=5.1697 seconds=36.4
Epoch  128/5000: score=17.622920 loss=-0.958079 valid=1.0000 routes=14.208 grad=4.7564 seconds=36.7
Epoch  129/5000: score=18.735093 loss=-1.002300 valid=1.0000 routes=15.608 grad=5.0342 seconds=37.1
Epoch  130/5000: score=18.250595 loss=-0.976470 valid=1.0000 routes=14.995 grad=4.7285 seconds=36.5
Epoch  131/5000: score=17.842978 loss=-0.987582 valid=1.0000 routes=15.216 grad=4.9202 seconds=37.8
Epoch  132/5000: score=17.911487 loss=-0.935449 valid=1.0000 routes=14.323 grad=4.7727 seconds=36.6
Epoch  133/5000: score=18.687507 loss=-1.009361 valid=1.0000 routes=14.664 grad=5.1086 seconds=37.3
Epoch  134/5000: score=17.503207 loss=-0.919642 valid=1.0000 routes=14.452 grad=4.8222 seconds=37.3
Epoch  135/5000: score=17.278879 loss=-0.889290 valid=1.0000 routes=14.501 grad=4.1907 seconds=37.1
Epoch  136/5000: score=19.811342 loss=-1.080989 valid=1.0000 routes=16.075 grad=6.1473 seconds=37.3
Epoch  137/5000: score=18.113630 loss=-0.957347 valid=1.0000 routes=15.462 grad=4.8104 seconds=37.6
Epoch  138/5000: score=17.938388 loss=-0.970245 valid=1.0000 routes=15.991 grad=5.1657 seconds=36.9
Epoch  139/5000: score=17.576006 loss=-0.908905 valid=1.0000 routes=14.586 grad=4.5828 seconds=37.4
Epoch  140/5000: score=17.410645 loss=-0.902847 valid=1.0000 routes=13.964 grad=4.6016 seconds=37.1
Epoch  141/5000: score=17.791674 loss=-0.979002 valid=1.0000 routes=15.373 grad=5.8363 seconds=37.2
Epoch  142/5000: score=18.039433 loss=-0.887889 valid=1.0000 routes=15.385 grad=4.2380 seconds=37.7
Epoch  143/5000: score=17.502468 loss=-0.886655 valid=1.0000 routes=14.993 grad=4.5210 seconds=37.1
Epoch  144/5000: score=19.142988 loss=-0.982922 valid=1.0000 routes=15.380 grad=5.1754 seconds=37.0
Epoch  145/5000: score=18.267575 loss=-0.936664 valid=1.0000 routes=16.320 grad=4.7318 seconds=36.9
Epoch  146/5000: score=18.388678 loss=-0.954120 valid=1.0000 routes=14.819 grad=4.9541 seconds=36.8
Epoch  147/5000: score=17.735871 loss=-0.904150 valid=1.0000 routes=14.978 grad=4.4800 seconds=36.9
Epoch  148/5000: score=17.630530 loss=-0.942081 valid=1.0000 routes=15.749 grad=5.3647 seconds=37.2
Epoch  149/5000: score=19.129476 loss=-0.977590 valid=1.0000 routes=16.270 grad=5.4760 seconds=36.7
Epoch  150/5000: score=18.851749 loss=-0.953517 valid=1.0000 routes=15.280 grad=5.1375 seconds=37.5
Epoch  151/5000: score=18.890246 loss=-0.952439 valid=1.0000 routes=16.383 grad=4.9637 seconds=36.9
Epoch  152/5000: score=18.124223 loss=-0.927871 valid=1.0000 routes=15.307 grad=5.0901 seconds=37.1
Epoch  153/5000: score=17.679359 loss=-0.872158 valid=1.0000 routes=14.971 grad=4.4510 seconds=37.5
Epoch  154/5000: score=16.309729 loss=-0.801532 valid=1.0000 routes=14.421 grad=3.8992 seconds=36.8
Epoch  155/5000: score=17.449500 loss=-0.865771 valid=1.0000 routes=14.398 grad=4.4923 seconds=37.0
Epoch  156/5000: score=19.078956 loss=-0.962173 valid=1.0000 routes=15.660 grad=5.0754 seconds=37.4
Epoch  157/5000: score=18.626045 loss=-0.925906 valid=1.0000 routes=13.806 grad=5.0252 seconds=37.3
Epoch  158/5000: score=20.271840 loss=-1.008778 valid=1.0000 routes=15.899 grad=5.6637 seconds=38.0
Epoch  159/5000: score=19.213925 loss=-0.990841 valid=1.0000 routes=16.502 grad=5.7772 seconds=37.1
Epoch  160/5000: score=16.944399 loss=-0.815808 valid=1.0000 routes=13.825 grad=4.2193 seconds=36.2
Epoch  161/5000: score=18.203530 loss=-0.851135 valid=1.0000 routes=14.449 grad=4.4046 seconds=37.6
Epoch  162/5000: score=17.460676 loss=-0.819601 valid=1.0000 routes=14.472 grad=4.1784 seconds=36.7
Epoch  163/5000: score=18.730560 loss=-0.892222 valid=1.0000 routes=15.266 grad=4.6836 seconds=36.8
Epoch  164/5000: score=17.514768 loss=-0.857050 valid=1.0000 routes=14.143 grad=4.5051 seconds=37.6
Epoch  165/5000: score=18.027250 loss=-0.903833 valid=1.0000 routes=16.180 grad=5.3419 seconds=37.0
Epoch  166/5000: score=18.910114 loss=-0.923532 valid=1.0000 routes=15.748 grad=4.9541 seconds=36.7
Epoch  167/5000: score=17.069646 loss=-0.830965 valid=1.0000 routes=13.824 grad=4.1512 seconds=37.2
Epoch  168/5000: score=19.232482 loss=-0.946568 valid=1.0000 routes=15.606 grad=6.3844 seconds=37.1
Epoch  169/5000: score=17.942489 loss=-1.001669 valid=1.0000 routes=15.454 grad=5.0441 seconds=37.2
Epoch  170/5000: score=17.681902 loss=-0.859116 valid=1.0000 routes=14.965 grad=4.0782 seconds=36.4
Epoch  171/5000: score=18.666809 loss=-0.920355 valid=1.0000 routes=15.207 grad=5.3011 seconds=37.4
Epoch  172/5000: score=19.472534 loss=-0.940194 valid=1.0000 routes=16.344 grad=5.5119 seconds=37.4
Epoch  173/5000: score=16.523493 loss=-0.795346 valid=1.0000 routes=13.777 grad=3.7238 seconds=36.5
>> Invalid instances, Re-generating ...
Epoch  174/5000: score=18.237836 loss=-0.886735 valid=1.0000 routes=15.742 grad=4.5456 seconds=37.4
Epoch  175/5000: score=17.967617 loss=-0.839525 valid=1.0000 routes=14.387 grad=4.3148 seconds=37.7
Epoch  176/5000: score=17.706206 loss=-0.828144 valid=1.0000 routes=13.631 grad=4.1073 seconds=37.3
Epoch  177/5000: score=18.532038 loss=-0.889562 valid=1.0000 routes=15.633 grad=4.9765 seconds=37.1
Epoch  178/5000: score=17.712854 loss=-0.819359 valid=1.0000 routes=13.944 grad=4.2387 seconds=37.3
Epoch  179/5000: score=18.683589 loss=-0.847986 valid=1.0000 routes=15.207 grad=4.5407 seconds=36.4
Epoch  180/5000: score=17.412682 loss=-0.875942 valid=1.0000 routes=14.680 grad=4.6896 seconds=37.6
Epoch  181/5000: score=18.817818 loss=-0.866763 valid=1.0000 routes=16.015 grad=4.9309 seconds=37.0
Epoch  182/5000: score=17.428905 loss=-0.847799 valid=1.0000 routes=14.952 grad=4.5813 seconds=36.9
Epoch  183/5000: score=17.419530 loss=-0.786148 valid=1.0000 routes=14.353 grad=3.9187 seconds=37.5
Epoch  184/5000: score=18.065301 loss=-0.899271 valid=1.0000 routes=15.136 grad=5.0900 seconds=37.8
Epoch  185/5000: score=18.336089 loss=-0.836090 valid=1.0000 routes=15.315 grad=4.7334 seconds=37.1
Epoch  186/5000: score=18.519246 loss=-0.887214 valid=1.0000 routes=14.815 grad=4.7977 seconds=37.5
Epoch  187/5000: score=17.734904 loss=-0.836305 valid=1.0000 routes=15.238 grad=4.5537 seconds=36.2
Epoch  188/5000: score=17.447640 loss=-0.835435 valid=1.0000 routes=15.381 grad=4.6103 seconds=37.8
Epoch  189/5000: score=17.793885 loss=-0.843807 valid=1.0000 routes=15.315 grad=4.9807 seconds=37.0
Epoch  190/5000: score=18.232531 loss=-0.805338 valid=1.0000 routes=15.136 grad=4.4220 seconds=36.5
>> Invalid instances, Re-generating ...
Epoch  191/5000: score=17.664122 loss=-0.796011 valid=1.0000 routes=14.131 grad=4.2566 seconds=37.5
Epoch  192/5000: score=17.098704 loss=-0.776262 valid=1.0000 routes=13.367 grad=3.7954 seconds=36.9
Epoch  193/5000: score=18.154420 loss=-0.827555 valid=1.0000 routes=14.617 grad=4.8956 seconds=36.7
Epoch  194/5000: score=18.199745 loss=-0.832698 valid=1.0000 routes=15.885 grad=4.6445 seconds=37.2
Epoch  195/5000: score=18.089582 loss=-0.792233 valid=1.0000 routes=15.641 grad=4.2218 seconds=37.1
Epoch  196/5000: score=18.490710 loss=-0.829668 valid=1.0000 routes=15.348 grad=4.6291 seconds=36.4
Epoch  197/5000: score=19.767999 loss=-0.888548 valid=1.0000 routes=16.076 grad=5.0913 seconds=37.3
Epoch  198/5000: score=19.404047 loss=-0.891012 valid=1.0000 routes=15.783 grad=4.9823 seconds=36.8
Epoch  199/5000: score=17.947071 loss=-0.842268 valid=1.0000 routes=15.286 grad=4.7691 seconds=37.3
Epoch  200/5000: score=19.007612 loss=-0.849729 valid=1.0000 routes=14.824 grad=4.8912 seconds=37.7
Epoch  201/5000: score=17.675764 loss=-0.808297 valid=1.0000 routes=15.390 grad=4.5738 seconds=37.0
Epoch  202/5000: score=18.070703 loss=-0.809595 valid=1.0000 routes=14.785 grad=4.5939 seconds=37.7
Epoch  203/5000: score=17.480983 loss=-0.784935 valid=1.0000 routes=13.641 grad=4.2143 seconds=37.5
Epoch  204/5000: score=18.470550 loss=-0.827609 valid=1.0000 routes=15.081 grad=4.5651 seconds=36.8
Epoch  205/5000: score=17.832348 loss=-0.795956 valid=1.0000 routes=14.804 grad=4.2711 seconds=38.0
Epoch  206/5000: score=17.427402 loss=-0.774517 valid=1.0000 routes=15.630 grad=4.1577 seconds=36.9
Epoch  207/5000: score=17.239510 loss=-0.752978 valid=1.0000 routes=14.710 grad=4.1163 seconds=36.6
Epoch  208/5000: score=18.771797 loss=-0.877111 valid=1.0000 routes=15.720 grad=5.1877 seconds=38.2
Epoch  209/5000: score=18.615328 loss=-0.848983 valid=1.0000 routes=14.845 grad=4.8868 seconds=36.8
Epoch  210/5000: score=17.782032 loss=-0.783570 valid=1.0000 routes=13.986 grad=4.0863 seconds=37.5
Epoch  211/5000: score=17.387260 loss=-0.760209 valid=1.0000 routes=14.690 grad=4.1223 seconds=37.2
Epoch  212/5000: score=17.436873 loss=-0.789272 valid=1.0000 routes=14.659 grad=4.8729 seconds=37.6
Epoch  213/5000: score=17.813563 loss=-0.799065 valid=1.0000 routes=14.629 grad=4.6545 seconds=37.8
Epoch  214/5000: score=18.287831 loss=-0.806161 valid=1.0000 routes=16.102 grad=4.8836 seconds=37.4
Epoch  215/5000: score=19.481634 loss=-0.882281 valid=1.0000 routes=15.743 grad=5.3023 seconds=36.9
Epoch  216/5000: score=18.221001 loss=-0.836331 valid=1.0000 routes=15.578 grad=5.2757 seconds=37.4
Epoch  217/5000: score=19.217352 loss=-0.862313 valid=1.0000 routes=16.385 grad=5.2608 seconds=36.4
Epoch  218/5000: score=18.866154 loss=-0.826906 valid=1.0000 routes=15.332 grad=4.9910 seconds=37.4
Epoch  219/5000: score=17.557962 loss=-0.739707 valid=1.0000 routes=13.634 grad=3.9587 seconds=37.1
Epoch  220/5000: score=17.855839 loss=-0.775497 valid=1.0000 routes=14.451 grad=4.3212 seconds=36.5
Epoch  221/5000: score=18.330217 loss=-0.807298 valid=1.0000 routes=15.074 grad=4.5962 seconds=37.0
Epoch  222/5000: score=17.670317 loss=-0.808295 valid=1.0000 routes=14.493 grad=4.7154 seconds=37.2
Epoch  223/5000: score=18.273670 loss=-0.794215 valid=1.0000 routes=14.395 grad=4.5021 seconds=36.8
Epoch  224/5000: score=17.935499 loss=-0.799873 valid=1.0000 routes=16.051 grad=4.6920 seconds=37.6
Epoch  225/5000: score=17.339554 loss=-0.729185 valid=1.0000 routes=14.633 grad=3.9493 seconds=37.3
Epoch  226/5000: score=17.320871 loss=-0.719155 valid=1.0000 routes=14.662 grad=3.8252 seconds=37.4
Epoch  227/5000: score=17.810991 loss=-0.766870 valid=1.0000 routes=15.774 grad=4.4112 seconds=37.7
Epoch  228/5000: score=18.847839 loss=-0.832209 valid=1.0000 routes=14.757 grad=4.8821 seconds=36.9
Epoch  229/5000: score=17.845342 loss=-0.774689 valid=1.0000 routes=14.945 grad=4.4200 seconds=37.4
Epoch  230/5000: score=17.942234 loss=-0.803112 valid=1.0000 routes=14.632 grad=4.6022 seconds=37.6
Epoch  231/5000: score=17.469373 loss=-0.739554 valid=1.0000 routes=13.839 grad=4.2549 seconds=37.3
Epoch  232/5000: score=16.662162 loss=-0.697100 valid=1.0000 routes=13.946 grad=3.8228 seconds=37.6
Epoch  233/5000: score=17.823536 loss=-0.764603 valid=1.0000 routes=15.014 grad=4.2882 seconds=37.6
Epoch  234/5000: score=19.215503 loss=-0.906054 valid=1.0000 routes=16.244 grad=6.5047 seconds=37.6
Epoch  235/5000: score=18.233863 loss=-0.794171 valid=1.0000 routes=14.637 grad=4.7577 seconds=37.8
Epoch  236/5000: score=19.632184 loss=-0.858354 valid=1.0000 routes=16.987 grad=5.2185 seconds=37.4
Epoch  237/5000: score=17.536456 loss=-0.748363 valid=1.0000 routes=14.200 grad=4.0358 seconds=37.6
Epoch  238/5000: score=17.948569 loss=-0.747115 valid=1.0000 routes=14.183 grad=4.3856 seconds=37.6
Epoch  239/5000: score=18.870197 loss=-0.787728 valid=1.0000 routes=14.550 grad=4.5170 seconds=37.0
Epoch  240/5000: score=17.314829 loss=-0.719363 valid=1.0000 routes=14.272 grad=3.7336 seconds=37.8
Epoch  241/5000: score=19.464281 loss=-0.863607 valid=1.0000 routes=15.746 grad=5.2243 seconds=37.2
Epoch  242/5000: score=17.551127 loss=-0.741102 valid=1.0000 routes=13.937 grad=4.0393 seconds=37.1
Epoch  243/5000: score=18.420687 loss=-0.784572 valid=1.0000 routes=15.282 grad=4.4312 seconds=37.7
Epoch  244/5000: score=17.469742 loss=-0.759910 valid=1.0000 routes=14.796 grad=4.3582 seconds=36.7
Epoch  245/5000: score=17.836175 loss=-0.742425 valid=1.0000 routes=15.205 grad=4.3760 seconds=36.7
Epoch  246/5000: score=18.696557 loss=-0.766810 valid=1.0000 routes=14.975 grad=4.4695 seconds=37.5
Epoch  247/5000: score=17.780575 loss=-0.740439 valid=1.0000 routes=13.084 grad=4.2139 seconds=36.6
Epoch  248/5000: score=18.948692 loss=-0.818311 valid=1.0000 routes=16.744 grad=5.1528 seconds=37.8
Epoch  249/5000: score=18.769092 loss=-0.820340 valid=1.0000 routes=16.074 grad=4.9982 seconds=37.4
Epoch  250/5000: score=18.138838 loss=-0.749496 valid=1.0000 routes=14.402 grad=4.1431 seconds=36.9
Epoch  251/5000: score=18.493127 loss=-0.814031 valid=1.0000 routes=16.140 grad=4.9415 seconds=37.5
Epoch  252/5000: score=18.252352 loss=-0.742511 valid=1.0000 routes=15.253 grad=4.5464 seconds=37.2
Epoch  253/5000: score=18.178279 loss=-0.753314 valid=1.0000 routes=14.879 grad=4.4125 seconds=36.7
Epoch  254/5000: score=17.153734 loss=-0.705494 valid=1.0000 routes=15.633 grad=3.9367 seconds=37.5
Epoch  255/5000: score=17.957384 loss=-0.764279 valid=1.0000 routes=14.940 grad=4.5959 seconds=37.2
Epoch  256/5000: score=17.101539 loss=-0.694550 valid=1.0000 routes=13.936 grad=3.7325 seconds=37.1
Epoch  257/5000: score=18.743707 loss=-0.804771 valid=1.0000 routes=15.427 grad=4.9491 seconds=37.6
Epoch  258/5000: score=17.574118 loss=-0.709373 valid=1.0000 routes=14.344 grad=3.9127 seconds=36.6
Epoch  259/5000: score=17.906200 loss=-0.748052 valid=1.0000 routes=14.291 grad=4.3968 seconds=37.5
Epoch  260/5000: score=19.068186 loss=-0.782133 valid=1.0000 routes=15.443 grad=4.6611 seconds=37.1
Epoch  261/5000: score=17.420312 loss=-0.728936 valid=1.0000 routes=14.158 grad=4.1249 seconds=37.0
Epoch  262/5000: score=18.043261 loss=-0.740670 valid=1.0000 routes=14.820 grad=4.1525 seconds=38.1
Epoch  263/5000: score=17.707231 loss=-0.710922 valid=1.0000 routes=14.376 grad=3.8063 seconds=37.0
Epoch  264/5000: score=18.077978 loss=-0.724434 valid=1.0000 routes=14.934 grad=4.2012 seconds=36.7
Epoch  265/5000: score=18.889109 loss=-0.792475 valid=1.0000 routes=14.835 grad=4.5146 seconds=37.7
Epoch  266/5000: score=19.630371 loss=-0.800310 valid=1.0000 routes=16.304 grad=4.9775 seconds=36.9
Epoch  267/5000: score=17.124139 loss=-0.694638 valid=1.0000 routes=14.121 grad=3.8036 seconds=37.5
Epoch  268/5000: score=18.044919 loss=-0.701617 valid=1.0000 routes=14.290 grad=4.0570 seconds=37.1
Epoch  269/5000: score=17.548808 loss=-0.713906 valid=1.0000 routes=14.531 grad=4.0751 seconds=36.7
Epoch  270/5000: score=17.151934 loss=-0.691054 valid=1.0000 routes=14.953 grad=4.1782 seconds=37.3
Epoch  271/5000: score=17.721032 loss=-0.734456 valid=1.0000 routes=15.277 grad=4.2842 seconds=36.9
Epoch  272/5000: score=17.401748 loss=-0.716712 valid=1.0000 routes=14.270 grad=4.2668 seconds=37.7
Epoch  273/5000: score=18.640317 loss=-0.763906 valid=1.0000 routes=15.068 grad=4.5540 seconds=37.8
Epoch  274/5000: score=18.010559 loss=-0.741946 valid=1.0000 routes=14.971 grad=4.6107 seconds=37.2
Epoch  275/5000: score=17.747907 loss=-0.717585 valid=1.0000 routes=15.036 grad=4.3424 seconds=37.6
Epoch  276/5000: score=18.459034 loss=-0.727973 valid=1.0000 routes=14.476 grad=4.2187 seconds=36.9
Epoch  277/5000: score=17.448450 loss=-0.712577 valid=1.0000 routes=14.233 grad=4.1712 seconds=36.9
Epoch  278/5000: score=19.328940 loss=-0.779843 valid=1.0000 routes=15.085 grad=4.6865 seconds=37.7
Epoch  279/5000: score=17.023272 loss=-0.678753 valid=1.0000 routes=13.394 grad=3.6351 seconds=37.4
Epoch  280/5000: score=17.808764 loss=-0.735373 valid=1.0000 routes=14.535 grad=4.2208 seconds=37.1
Epoch  281/5000: score=17.047560 loss=-0.659223 valid=1.0000 routes=14.293 grad=3.6471 seconds=37.9
Epoch  282/5000: score=19.044451 loss=-0.826990 valid=1.0000 routes=16.901 grad=5.7070 seconds=37.0
Epoch  283/5000: score=17.466654 loss=-0.732131 valid=1.0000 routes=15.492 grad=4.3879 seconds=37.8
Epoch  284/5000: score=16.444077 loss=-0.637873 valid=1.0000 routes=14.119 grad=3.4485 seconds=37.1
Epoch  285/5000: score=17.464975 loss=-0.696708 valid=1.0000 routes=15.141 grad=4.2435 seconds=37.5
Epoch  286/5000: score=17.411216 loss=-0.703536 valid=1.0000 routes=14.139 grad=3.9753 seconds=37.8
Epoch  287/5000: score=17.875619 loss=-0.752145 valid=1.0000 routes=14.316 grad=4.8036 seconds=37.6
Epoch  288/5000: score=17.398701 loss=-0.672395 valid=1.0000 routes=14.672 grad=3.6423 seconds=37.1
Epoch  289/5000: score=17.204656 loss=-0.659747 valid=1.0000 routes=13.866 grad=3.5480 seconds=37.9
Epoch  290/5000: score=18.956752 loss=-0.753163 valid=1.0000 routes=15.176 grad=4.5419 seconds=37.1
Epoch  291/5000: score=17.298101 loss=-0.655302 valid=1.0000 routes=14.058 grad=3.7500 seconds=37.4
Epoch  292/5000: score=17.836313 loss=-0.735431 valid=1.0000 routes=14.734 grad=4.3610 seconds=38.3
Epoch  293/5000: score=18.587397 loss=-0.753303 valid=1.0000 routes=14.625 grad=4.6706 seconds=38.0
Epoch  294/5000: score=18.815740 loss=-0.773061 valid=1.0000 routes=15.632 grad=4.8254 seconds=37.4
Epoch  295/5000: score=17.269005 loss=-0.680362 valid=1.0000 routes=14.323 grad=3.8623 seconds=37.1
Epoch  296/5000: score=17.586628 loss=-0.715235 valid=1.0000 routes=14.957 grad=4.6985 seconds=37.4
Epoch  297/5000: score=17.022202 loss=-0.697835 valid=1.0000 routes=15.095 grad=4.1398 seconds=37.5
Epoch  298/5000: score=17.952541 loss=-0.716556 valid=1.0000 routes=13.956 grad=4.2452 seconds=37.4
Epoch  299/5000: score=17.958697 loss=-0.730137 valid=1.0000 routes=15.177 grad=4.4514 seconds=37.4
Epoch  300/5000: score=18.129833 loss=-0.727047 valid=1.0000 routes=15.865 grad=4.4657 seconds=37.9
Epoch  301/5000: score=17.090219 loss=-0.680006 valid=1.0000 routes=13.574 grad=4.0522 seconds=37.3
Epoch  302/5000: score=17.166027 loss=-0.706614 valid=1.0000 routes=15.128 grad=4.2969 seconds=37.9
Epoch  303/5000: score=18.225581 loss=-0.695123 valid=1.0000 routes=14.797 grad=4.2155 seconds=37.4
Epoch  304/5000: score=18.143870 loss=-0.736683 valid=1.0000 routes=15.592 grad=4.6467 seconds=37.5
Epoch  305/5000: score=17.320468 loss=-0.673555 valid=1.0000 routes=14.083 grad=3.7613 seconds=37.2
Epoch  306/5000: score=17.428845 loss=-0.698921 valid=1.0000 routes=14.767 grad=4.1462 seconds=37.3
Epoch  307/5000: score=18.593562 loss=-0.743763 valid=1.0000 routes=15.951 grad=4.7912 seconds=37.4
Epoch  308/5000: score=18.278237 loss=-0.739917 valid=1.0000 routes=15.337 grad=4.8251 seconds=37.4
Epoch  309/5000: score=18.794742 loss=-0.735147 valid=1.0000 routes=15.169 grad=5.0531 seconds=37.0
Epoch  310/5000: score=17.960575 loss=-0.692571 valid=1.0000 routes=13.576 grad=3.8453 seconds=37.7
Epoch  311/5000: score=17.543450 loss=-0.687051 valid=1.0000 routes=15.105 grad=3.9898 seconds=37.2
Epoch  312/5000: score=17.428852 loss=-0.686242 valid=1.0000 routes=14.995 grad=3.9273 seconds=37.7
Epoch  313/5000: score=18.117715 loss=-0.709275 valid=1.0000 routes=14.838 grad=4.2385 seconds=37.7
Epoch  314/5000: score=16.825370 loss=-0.644641 valid=1.0000 routes=14.230 grad=3.7898 seconds=36.7
Epoch  315/5000: score=17.798398 loss=-0.685246 valid=1.0000 routes=14.715 grad=4.1970 seconds=37.4
Epoch  316/5000: score=16.574182 loss=-0.641133 valid=1.0000 routes=13.173 grad=3.9026 seconds=37.1
Epoch  317/5000: score=18.568117 loss=-0.729949 valid=1.0000 routes=14.810 grad=4.4411 seconds=37.4
Epoch  318/5000: score=18.019717 loss=-0.719031 valid=1.0000 routes=14.886 grad=4.2794 seconds=37.9
Epoch  319/5000: score=17.843739 loss=-0.697935 valid=1.0000 routes=15.008 grad=4.1090 seconds=37.0
Epoch  320/5000: score=16.669561 loss=-0.633948 valid=1.0000 routes=13.560 grad=3.3737 seconds=37.1
Epoch  321/5000: score=16.789600 loss=-0.636920 valid=1.0000 routes=15.239 grad=3.6724 seconds=36.9
Epoch  322/5000: score=17.597456 loss=-0.661876 valid=1.0000 routes=14.122 grad=3.8581 seconds=37.3
Epoch  323/5000: score=18.243487 loss=-0.686458 valid=1.0000 routes=15.587 grad=4.2486 seconds=37.9
Epoch  324/5000: score=17.160272 loss=-0.665021 valid=1.0000 routes=13.362 grad=3.9644 seconds=37.0
Epoch  325/5000: score=17.983884 loss=-0.680990 valid=1.0000 routes=14.542 grad=4.0948 seconds=36.8
Epoch  326/5000: score=17.810601 loss=-0.704340 valid=1.0000 routes=14.545 grad=4.1359 seconds=38.0
Epoch  327/5000: score=18.202185 loss=-0.720892 valid=1.0000 routes=15.955 grad=4.6717 seconds=36.8
Epoch  328/5000: score=17.527353 loss=-0.712661 valid=1.0000 routes=14.677 grad=4.3118 seconds=37.8
Epoch  329/5000: score=17.215297 loss=-0.648825 valid=1.0000 routes=13.205 grad=3.9191 seconds=37.3
Epoch  330/5000: score=18.095873 loss=-0.676734 valid=1.0000 routes=14.883 grad=4.1156 seconds=37.1
Epoch  331/5000: score=17.644502 loss=-0.670842 valid=1.0000 routes=14.531 grad=3.8454 seconds=37.4
Epoch  332/5000: score=17.418290 loss=-0.656694 valid=1.0000 routes=14.253 grad=3.8752 seconds=37.0
Epoch  333/5000: score=18.591015 loss=-0.725359 valid=1.0000 routes=15.688 grad=4.6431 seconds=37.4
Epoch  334/5000: score=18.312495 loss=-0.694229 valid=1.0000 routes=14.922 grad=4.3157 seconds=37.5
>> Invalid instances, Re-generating ...
Epoch  335/5000: score=17.131892 loss=-0.665175 valid=1.0000 routes=14.876 grad=3.9279 seconds=36.8
Epoch  336/5000: score=17.732922 loss=-0.683913 valid=1.0000 routes=15.097 grad=4.1166 seconds=37.9
Epoch  337/5000: score=18.676459 loss=-0.722620 valid=1.0000 routes=15.185 grad=4.5716 seconds=37.5
Epoch  338/5000: score=18.153211 loss=-0.695056 valid=1.0000 routes=15.451 grad=4.3284 seconds=37.6
Epoch  339/5000: score=17.957282 loss=-0.722232 valid=1.0000 routes=15.418 grad=4.8406 seconds=38.0
Epoch  340/5000: score=18.251110 loss=-0.695165 valid=1.0000 routes=14.056 grad=4.4198 seconds=37.1
Epoch  341/5000: score=17.663040 loss=-0.682969 valid=1.0000 routes=15.808 grad=4.2033 seconds=37.7
Epoch  342/5000: score=17.952784 loss=-0.652763 valid=1.0000 routes=14.438 grad=3.9095 seconds=36.9
Epoch  343/5000: score=16.781047 loss=-0.620611 valid=1.0000 routes=13.719 grad=3.4237 seconds=36.9
Epoch  344/5000: score=17.799248 loss=-0.660942 valid=1.0000 routes=14.896 grad=4.0103 seconds=37.9
Epoch  345/5000: score=17.427500 loss=-0.665454 valid=1.0000 routes=14.521 grad=4.0263 seconds=37.2
Epoch  346/5000: score=17.344841 loss=-0.667606 valid=1.0000 routes=15.892 grad=4.0645 seconds=37.0
Epoch  347/5000: score=17.821345 loss=-0.689065 valid=1.0000 routes=15.633 grad=4.4755 seconds=37.5
Epoch  348/5000: score=17.737607 loss=-0.686184 valid=1.0000 routes=14.856 grad=4.1919 seconds=37.1
Epoch  349/5000: score=17.227320 loss=-0.631283 valid=1.0000 routes=13.956 grad=3.5534 seconds=37.7
Epoch  350/5000: score=17.776858 loss=-0.745061 valid=1.0000 routes=14.224 grad=5.6640 seconds=37.1
Epoch  351/5000: score=18.543278 loss=-0.690601 valid=1.0000 routes=14.719 grad=4.0337 seconds=37.2
Epoch  352/5000: score=18.369103 loss=-0.719403 valid=1.0000 routes=14.630 grad=4.3303 seconds=37.7
Epoch  353/5000: score=16.861191 loss=-0.616890 valid=1.0000 routes=13.922 grad=3.5293 seconds=37.3
Epoch  354/5000: score=17.739472 loss=-0.677458 valid=1.0000 routes=14.243 grad=4.1280 seconds=38.0
Epoch  355/5000: score=17.896476 loss=-0.685081 valid=1.0000 routes=15.781 grad=4.2893 seconds=37.2
Epoch  356/5000: score=17.472520 loss=-0.668382 valid=1.0000 routes=13.846 grad=4.0040 seconds=37.5
Epoch  357/5000: score=16.179783 loss=-0.616639 valid=1.0000 routes=13.957 grad=3.9845 seconds=38.0
Epoch  358/5000: score=18.067741 loss=-0.675731 valid=1.0000 routes=15.139 grad=4.2085 seconds=37.2
Epoch  359/5000: score=18.132218 loss=-0.684046 valid=1.0000 routes=15.224 grad=4.2394 seconds=37.1
Epoch  360/5000: score=17.444349 loss=-0.639955 valid=1.0000 routes=14.537 grad=3.7260 seconds=37.5
Epoch  361/5000: score=18.203098 loss=-0.697843 valid=1.0000 routes=15.014 grad=4.2871 seconds=37.4
Epoch  362/5000: score=18.795711 loss=-0.712874 valid=1.0000 routes=15.668 grad=4.5762 seconds=37.8
Epoch  363/5000: score=18.258402 loss=-0.686331 valid=1.0000 routes=14.383 grad=4.5367 seconds=37.4
Epoch  364/5000: score=18.185050 loss=-0.678410 valid=1.0000 routes=14.799 grad=4.3900 seconds=37.9
Epoch  365/5000: score=17.056453 loss=-0.629649 valid=1.0000 routes=15.289 grad=4.0563 seconds=37.9
Epoch  366/5000: score=16.448168 loss=-0.616113 valid=1.0000 routes=14.159 grad=3.5637 seconds=37.5
Epoch  367/5000: score=16.720371 loss=-0.597096 valid=1.0000 routes=13.360 grad=3.3011 seconds=37.4
Epoch  368/5000: score=17.788412 loss=-0.662582 valid=1.0000 routes=14.711 grad=4.1108 seconds=38.0
Epoch  369/5000: score=17.581400 loss=-0.624176 valid=1.0000 routes=13.867 grad=3.5741 seconds=36.7
Epoch  370/5000: score=18.002395 loss=-0.659105 valid=1.0000 routes=14.468 grad=3.8910 seconds=37.8
Epoch  371/5000: score=16.969066 loss=-0.625706 valid=1.0000 routes=14.024 grad=3.6455 seconds=37.3
Epoch  372/5000: score=17.693603 loss=-0.643330 valid=1.0000 routes=14.618 grad=3.9844 seconds=37.2
Epoch  373/5000: score=17.858345 loss=-0.653961 valid=1.0000 routes=15.414 grad=4.1245 seconds=37.9
Epoch  374/5000: score=16.931312 loss=-0.623904 valid=1.0000 routes=13.705 grad=3.5807 seconds=37.4
Epoch  375/5000: score=18.171688 loss=-0.673442 valid=1.0000 routes=14.940 grad=4.3084 seconds=38.3
Epoch  376/5000: score=17.682948 loss=-0.665403 valid=1.0000 routes=14.460 grad=4.1009 seconds=37.1
Epoch  377/5000: score=18.817150 loss=-0.693254 valid=1.0000 routes=15.244 grad=4.6869 seconds=37.6
Epoch  378/5000: score=17.891228 loss=-0.695118 valid=1.0000 routes=15.158 grad=4.5218 seconds=38.2
Epoch  379/5000: score=16.995242 loss=-0.607006 valid=1.0000 routes=13.628 grad=3.5285 seconds=37.5
Epoch  380/5000: score=18.913851 loss=-0.716536 valid=1.0000 routes=15.519 grad=4.8228 seconds=37.3
Epoch  381/5000: score=17.611319 loss=-0.666922 valid=1.0000 routes=14.759 grad=3.9789 seconds=38.0
Epoch  382/5000: score=18.060999 loss=-0.667628 valid=1.0000 routes=15.873 grad=4.1556 seconds=37.1
Epoch  383/5000: score=17.568534 loss=-0.659435 valid=1.0000 routes=15.513 grad=4.7456 seconds=37.8
Epoch  384/5000: score=17.175370 loss=-0.637511 valid=1.0000 routes=13.925 grad=3.6806 seconds=37.0
Epoch  385/5000: score=17.645627 loss=-0.634544 valid=1.0000 routes=14.744 grad=3.8115 seconds=36.5
Epoch  386/5000: score=18.977084 loss=-0.734425 valid=1.0000 routes=16.025 grad=4.9579 seconds=38.4
Epoch  387/5000: score=17.909124 loss=-0.637947 valid=1.0000 routes=14.067 grad=3.7579 seconds=37.3
Epoch  388/5000: score=17.531482 loss=-0.654526 valid=1.0000 routes=14.611 grad=4.2494 seconds=38.0
Epoch  389/5000: score=17.399543 loss=-0.641356 valid=1.0000 routes=14.359 grad=3.7558 seconds=38.0
Epoch  390/5000: score=18.904826 loss=-0.684275 valid=1.0000 routes=14.385 grad=4.4247 seconds=37.8
Epoch  391/5000: score=17.811609 loss=-0.653511 valid=1.0000 routes=15.554 grad=3.8854 seconds=37.2
Epoch  392/5000: score=18.203966 loss=-0.661191 valid=1.0000 routes=14.914 grad=4.0797 seconds=37.4
Epoch  393/5000: score=17.413532 loss=-0.642864 valid=1.0000 routes=14.024 grad=3.9205 seconds=37.5
Epoch  394/5000: score=17.316953 loss=-0.615733 valid=1.0000 routes=14.280 grad=3.7267 seconds=37.6
Epoch  395/5000: score=18.155850 loss=-0.694281 valid=1.0000 routes=14.983 grad=4.3847 seconds=37.8
Epoch  396/5000: score=18.294967 loss=-0.683871 valid=1.0000 routes=15.447 grad=4.2239 seconds=37.8
Epoch  397/5000: score=17.748838 loss=-0.667879 valid=1.0000 routes=14.310 grad=4.2002 seconds=37.7
Epoch  398/5000: score=17.806854 loss=-0.661201 valid=1.0000 routes=15.586 grad=4.2970 seconds=37.2
Epoch  399/5000: score=16.695109 loss=-0.594582 valid=1.0000 routes=13.908 grad=3.3783 seconds=38.1
Epoch  400/5000: score=16.588969 loss=-0.610663 valid=1.0000 routes=14.654 grad=3.5395 seconds=37.5
Epoch  401/5000: score=17.594312 loss=-0.647147 valid=1.0000 routes=14.079 grad=3.9428 seconds=37.8
Epoch  402/5000: score=17.158429 loss=-0.623351 valid=1.0000 routes=13.756 grad=3.7663 seconds=37.7
Epoch  403/5000: score=17.763767 loss=-0.656856 valid=1.0000 routes=14.683 grad=3.9234 seconds=36.9
Epoch  404/5000: score=16.989392 loss=-0.603811 valid=1.0000 routes=14.460 grad=3.5486 seconds=37.8
Epoch  405/5000: score=19.032751 loss=-0.714533 valid=1.0000 routes=15.239 grad=5.0924 seconds=37.1
Epoch  406/5000: score=18.549333 loss=-0.698060 valid=1.0000 routes=15.579 grad=4.7551 seconds=37.4
Epoch  407/5000: score=18.337067 loss=-0.652767 valid=1.0000 routes=13.950 grad=4.1286 seconds=37.5
Epoch  408/5000: score=18.773679 loss=-0.737390 valid=1.0000 routes=15.585 grad=5.1513 seconds=37.2
>> Invalid instances, Re-generating ...
Epoch  409/5000: score=17.393238 loss=-0.650372 valid=1.0000 routes=14.613 grad=3.9834 seconds=37.5
Epoch  410/5000: score=18.082752 loss=-0.667591 valid=1.0000 routes=15.517 grad=4.2355 seconds=37.9
Epoch  411/5000: score=17.178006 loss=-0.625396 valid=1.0000 routes=14.104 grad=4.0704 seconds=37.3
Epoch  412/5000: score=18.931008 loss=-0.687329 valid=1.0000 routes=14.708 grad=4.3962 seconds=38.6
Epoch  413/5000: score=17.255402 loss=-0.616706 valid=1.0000 routes=14.366 grad=3.6759 seconds=37.6
Epoch  414/5000: score=17.391259 loss=-0.655857 valid=1.0000 routes=14.848 grad=4.0103 seconds=37.8
Epoch  415/5000: score=17.500099 loss=-0.638759 valid=1.0000 routes=14.800 grad=4.0166 seconds=37.8
>> Invalid instances, Re-generating ...
Epoch  416/5000: score=18.471902 loss=-0.657389 valid=1.0000 routes=15.489 grad=4.0884 seconds=37.8
Epoch  417/5000: score=17.884836 loss=-0.665641 valid=1.0000 routes=14.378 grad=4.1150 seconds=38.2
Epoch  418/5000: score=17.329359 loss=-0.629287 valid=1.0000 routes=14.339 grad=3.8821 seconds=38.4
Epoch  419/5000: score=17.117989 loss=-0.609388 valid=1.0000 routes=13.945 grad=3.7580 seconds=38.4
Epoch  420/5000: score=18.354498 loss=-0.659707 valid=1.0000 routes=14.214 grad=4.3148 seconds=38.7
Epoch  421/5000: score=18.872392 loss=-0.737020 valid=1.0000 routes=15.237 grad=5.1224 seconds=37.8
Epoch  422/5000: score=17.699115 loss=-0.660708 valid=1.0000 routes=15.023 grad=4.0122 seconds=37.4
Epoch  423/5000: score=17.015718 loss=-0.573181 valid=1.0000 routes=14.185 grad=3.3844 seconds=38.1
Epoch  424/5000: score=16.916061 loss=-0.624602 valid=1.0000 routes=14.998 grad=3.8516 seconds=37.2
Epoch  425/5000: score=19.263943 loss=-0.690410 valid=1.0000 routes=14.952 grad=4.5508 seconds=38.0
Epoch  426/5000: score=16.612547 loss=-0.626280 valid=1.0000 routes=14.900 grad=4.1504 seconds=37.8
Epoch  427/5000: score=18.684510 loss=-0.673286 valid=1.0000 routes=15.202 grad=4.4624 seconds=38.0
Epoch  428/5000: score=17.492111 loss=-0.635188 valid=1.0000 routes=14.314 grad=3.7438 seconds=38.3
Epoch  429/5000: score=17.010857 loss=-0.588530 valid=1.0000 routes=13.655 grad=3.4613 seconds=37.7
Epoch  430/5000: score=17.082503 loss=-0.598320 valid=1.0000 routes=14.333 grad=3.5755 seconds=38.0
Epoch  431/5000: score=18.372378 loss=-0.660059 valid=1.0000 routes=14.772 grad=4.1715 seconds=37.1
Epoch  432/5000: score=18.525454 loss=-0.669392 valid=1.0000 routes=14.860 grad=4.2730 seconds=37.7
Epoch  433/5000: score=16.715093 loss=-0.574610 valid=1.0000 routes=13.678 grad=3.3390 seconds=37.6
Epoch  434/5000: score=18.853263 loss=-0.677336 valid=1.0000 routes=15.207 grad=4.5746 seconds=37.3
Epoch  435/5000: score=17.361533 loss=-0.617792 valid=1.0000 routes=14.685 grad=3.7118 seconds=37.2
Epoch  436/5000: score=17.657036 loss=-0.619968 valid=1.0000 routes=14.601 grad=3.9047 seconds=37.4
Epoch  437/5000: score=17.615035 loss=-0.621378 valid=1.0000 routes=14.159 grad=3.8939 seconds=37.5
Epoch  438/5000: score=17.970049 loss=-0.634953 valid=1.0000 routes=14.760 grad=4.0146 seconds=38.0
Epoch  439/5000: score=17.138097 loss=-0.611718 valid=1.0000 routes=14.335 grad=3.7981 seconds=37.2
Epoch  440/5000: score=18.627018 loss=-0.692162 valid=1.0000 routes=15.998 grad=4.6105 seconds=37.5
Epoch  441/5000: score=17.775568 loss=-0.645181 valid=1.0000 routes=14.749 grad=4.2535 seconds=37.9
Epoch  442/5000: score=17.952467 loss=-0.647914 valid=1.0000 routes=14.828 grad=4.2891 seconds=37.8
Epoch  443/5000: score=17.648664 loss=-0.635326 valid=1.0000 routes=14.356 grad=4.2266 seconds=38.3
Epoch  444/5000: score=17.704541 loss=-0.621654 valid=1.0000 routes=15.242 grad=4.0052 seconds=37.4
Epoch  445/5000: score=17.689983 loss=-0.653952 valid=1.0000 routes=15.047 grad=4.1583 seconds=37.6
Epoch  446/5000: score=17.929959 loss=-0.621773 valid=1.0000 routes=13.851 grad=4.1919 seconds=37.9
Epoch  447/5000: score=16.594253 loss=-0.577945 valid=1.0000 routes=14.323 grad=3.3912 seconds=37.2
Epoch  448/5000: score=18.095016 loss=-0.664435 valid=1.0000 routes=16.034 grad=4.4783 seconds=37.5
Epoch  449/5000: score=17.681713 loss=-0.654333 valid=1.0000 routes=15.411 grad=4.0535 seconds=37.8
Epoch  450/5000: score=17.297591 loss=-0.625844 valid=1.0000 routes=14.098 grad=4.0096 seconds=36.6
Epoch  451/5000: score=17.901181 loss=-0.629455 valid=1.0000 routes=14.528 grad=4.1062 seconds=37.8
Epoch  452/5000: score=17.781283 loss=-0.662510 valid=1.0000 routes=14.353 grad=4.6224 seconds=37.2
Epoch  453/5000: score=17.182416 loss=-0.591886 valid=1.0000 routes=13.973 grad=3.4377 seconds=37.3
Epoch  454/5000: score=17.071126 loss=-0.590344 valid=1.0000 routes=13.623 grad=3.3900 seconds=37.1
Epoch  455/5000: score=17.852846 loss=-0.653108 valid=1.0000 routes=15.608 grad=4.1706 seconds=37.1
Epoch  456/5000: score=17.156373 loss=-0.616566 valid=1.0000 routes=13.732 grad=3.6687 seconds=37.6
Epoch  457/5000: score=17.588939 loss=-0.614102 valid=1.0000 routes=14.489 grad=3.7786 seconds=37.1
Epoch  458/5000: score=17.831005 loss=-0.640436 valid=1.0000 routes=14.240 grad=3.9909 seconds=37.3
Epoch  459/5000: score=18.485748 loss=-0.666021 valid=1.0000 routes=15.508 grad=4.2241 seconds=37.8
Epoch  460/5000: score=18.037356 loss=-0.642641 valid=1.0000 routes=15.475 grad=4.2494 seconds=37.4
Epoch  461/5000: score=18.703529 loss=-0.687868 valid=1.0000 routes=15.451 grad=4.6216 seconds=38.0
Epoch  462/5000: score=17.738389 loss=-0.631118 valid=1.0000 routes=14.046 grad=3.9748 seconds=37.4
Epoch  463/5000: score=16.872237 loss=-0.609543 valid=1.0000 routes=13.756 grad=3.7258 seconds=36.9
Epoch  464/5000: score=19.004926 loss=-0.684411 valid=1.0000 routes=16.248 grad=4.5566 seconds=37.9
Epoch  465/5000: score=16.537886 loss=-0.560165 valid=1.0000 routes=13.376 grad=3.1705 seconds=36.8
Epoch  466/5000: score=18.007051 loss=-0.638683 valid=1.0000 routes=14.786 grad=4.0418 seconds=37.6
Epoch  467/5000: score=17.597807 loss=-0.658519 valid=1.0000 routes=14.746 grad=4.0485 seconds=37.1
Epoch  468/5000: score=18.892005 loss=-0.668883 valid=1.0000 routes=14.927 grad=4.2458 seconds=36.5
Epoch  469/5000: score=18.535601 loss=-0.664503 valid=1.0000 routes=15.214 grad=4.3599 seconds=37.7
Epoch  470/5000: score=17.195886 loss=-0.608031 valid=1.0000 routes=14.305 grad=3.8751 seconds=37.0
Epoch  471/5000: score=17.701899 loss=-0.659868 valid=1.0000 routes=14.754 grad=4.2184 seconds=37.8
Epoch  472/5000: score=17.737835 loss=-0.630805 valid=1.0000 routes=14.101 grad=4.0200 seconds=37.3
Epoch  473/5000: score=17.462208 loss=-0.582479 valid=1.0000 routes=14.003 grad=3.6363 seconds=37.0
Epoch  474/5000: score=16.551594 loss=-0.571211 valid=1.0000 routes=13.692 grad=3.4387 seconds=38.1
Epoch  475/5000: score=16.939476 loss=-0.593720 valid=1.0000 routes=13.877 grad=3.5381 seconds=37.4
Epoch  476/5000: score=17.640403 loss=-0.623452 valid=1.0000 routes=14.517 grad=3.8784 seconds=37.1
Epoch  477/5000: score=17.763333 loss=-0.617468 valid=1.0000 routes=14.792 grad=3.8351 seconds=37.7
Epoch  478/5000: score=17.838313 loss=-0.667906 valid=1.0000 routes=15.089 grad=4.6307 seconds=36.9
Epoch  479/5000: score=18.351954 loss=-0.677724 valid=1.0000 routes=15.749 grad=4.6515 seconds=37.5
Epoch  480/5000: score=18.462549 loss=-0.644468 valid=1.0000 routes=14.587 grad=4.0947 seconds=37.6
Epoch  481/5000: score=17.659000 loss=-0.637831 valid=1.0000 routes=14.832 grad=3.9518 seconds=37.1
Epoch  482/5000: score=17.645235 loss=-0.592930 valid=1.0000 routes=14.244 grad=3.8103 seconds=37.2
Epoch  483/5000: score=17.499060 loss=-0.608297 valid=1.0000 routes=14.202 grad=3.7332 seconds=37.1
Epoch  484/5000: score=17.349335 loss=-0.605347 valid=1.0000 routes=14.424 grad=3.6881 seconds=37.6
Epoch  485/5000: score=17.289509 loss=-0.613657 valid=1.0000 routes=14.159 grad=4.0336 seconds=38.0
Epoch  486/5000: score=18.307876 loss=-0.645227 valid=1.0000 routes=14.882 grad=4.1078 seconds=37.1
Epoch  487/5000: score=17.148662 loss=-0.609854 valid=1.0000 routes=15.613 grad=3.7596 seconds=37.8
Epoch  488/5000: score=19.161720 loss=-0.689724 valid=1.0000 routes=15.124 grad=4.4356 seconds=37.0
Epoch  489/5000: score=17.762640 loss=-0.609651 valid=1.0000 routes=14.776 grad=3.7473 seconds=36.8
>> Invalid instances, Re-generating ...
Epoch  490/5000: score=18.390036 loss=-0.655490 valid=1.0000 routes=15.623 grad=4.5356 seconds=38.0
Epoch  491/5000: score=16.514236 loss=-0.586703 valid=1.0000 routes=14.343 grad=3.6042 seconds=36.7
Epoch  492/5000: score=17.722414 loss=-0.595658 valid=1.0000 routes=13.911 grad=3.7856 seconds=37.1
Epoch  493/5000: score=17.228715 loss=-0.600449 valid=1.0000 routes=14.732 grad=3.7976 seconds=37.2
Epoch  494/5000: score=16.595068 loss=-0.586007 valid=1.0000 routes=14.298 grad=3.6624 seconds=37.0
Epoch  495/5000: score=18.096620 loss=-0.637453 valid=1.0000 routes=14.411 grad=4.0380 seconds=37.2
Epoch  496/5000: score=17.333895 loss=-0.579502 valid=1.0000 routes=13.647 grad=3.5824 seconds=37.6
Epoch  497/5000: score=17.896722 loss=-0.653778 valid=1.0000 routes=14.319 grad=4.4224 seconds=36.8
Epoch  498/5000: score=16.786377 loss=-0.569401 valid=1.0000 routes=13.732 grad=3.3078 seconds=38.0
Epoch  499/5000: score=18.169771 loss=-0.648186 valid=1.0000 routes=14.918 grad=4.1835 seconds=37.3
Epoch  500/5000: score=18.108682 loss=-0.640075 valid=1.0000 routes=15.388 grad=4.2517 seconds=37.5
Epoch  501/5000: score=16.962887 loss=-0.573457 valid=1.0000 routes=14.003 grad=3.5089 seconds=37.2
Epoch  502/5000: score=18.323287 loss=-0.637217 valid=1.0000 routes=15.149 grad=4.0290 seconds=36.8
Epoch  503/5000: score=18.096311 loss=-0.682816 valid=1.0000 routes=15.823 grad=4.5702 seconds=37.6
Epoch  504/5000: score=18.666971 loss=-0.685270 valid=1.0000 routes=15.981 grad=4.6317 seconds=37.1
Epoch  505/5000: score=16.934439 loss=-0.589909 valid=1.0000 routes=15.416 grad=3.6540 seconds=37.5
Epoch  506/5000: score=19.241804 loss=-0.704250 valid=1.0000 routes=15.614 grad=4.8172 seconds=37.6
Epoch  507/5000: score=18.953527 loss=-0.699632 valid=1.0000 routes=15.755 grad=4.6844 seconds=37.0
Epoch  508/5000: score=18.380413 loss=-0.650630 valid=1.0000 routes=15.152 grad=4.3581 seconds=37.6
Epoch  509/5000: score=17.778042 loss=-0.606079 valid=1.0000 routes=14.490 grad=3.6966 seconds=37.2
Epoch  510/5000: score=17.336612 loss=-0.604238 valid=1.0000 routes=14.582 grad=3.6690 seconds=37.2
Epoch  511/5000: score=17.139079 loss=-0.565973 valid=1.0000 routes=13.780 grad=3.3297 seconds=37.7
Epoch  512/5000: score=17.998315 loss=-0.665210 valid=1.0000 routes=15.016 grad=4.4260 seconds=37.0
Epoch  513/5000: score=18.360819 loss=-0.650410 valid=1.0000 routes=15.101 grad=4.4103 seconds=37.9
Epoch  514/5000: score=17.935285 loss=-0.644850 valid=1.0000 routes=14.205 grad=4.4556 seconds=37.5
Epoch  515/5000: score=18.597520 loss=-0.697876 valid=1.0000 routes=17.147 grad=4.7919 seconds=37.3
Epoch  516/5000: score=18.566837 loss=-0.674558 valid=1.0000 routes=15.391 grad=4.4063 seconds=37.9
Epoch  517/5000: score=17.506302 loss=-0.616284 valid=1.0000 routes=15.199 grad=4.0216 seconds=36.5
Epoch  518/5000: score=17.334074 loss=-0.591168 valid=1.0000 routes=14.188 grad=3.5894 seconds=38.0
Epoch  519/5000: score=17.068075 loss=-0.605610 valid=1.0000 routes=14.710 grad=3.7638 seconds=38.0
Epoch  520/5000: score=17.253542 loss=-0.608772 valid=1.0000 routes=13.529 grad=3.7707 seconds=37.3
Epoch  521/5000: score=17.267732 loss=-0.587005 valid=1.0000 routes=14.202 grad=3.8419 seconds=37.7
Epoch  522/5000: score=17.665197 loss=-0.610063 valid=1.0000 routes=14.864 grad=3.8956 seconds=36.9
Epoch  523/5000: score=17.257721 loss=-0.610213 valid=1.0000 routes=14.382 grad=4.0715 seconds=37.3
Epoch  524/5000: score=18.188479 loss=-0.632687 valid=1.0000 routes=14.221 grad=4.2226 seconds=37.7
>> Invalid instances, Re-generating ...
Epoch  525/5000: score=18.469993 loss=-0.663011 valid=1.0000 routes=14.648 grad=4.3839 seconds=37.1
Epoch  526/5000: score=18.379657 loss=-0.656995 valid=1.0000 routes=15.033 grad=4.5181 seconds=37.8
Epoch  527/5000: score=18.346781 loss=-0.645548 valid=1.0000 routes=15.314 grad=4.2383 seconds=37.0
Epoch  528/5000: score=16.765617 loss=-0.581684 valid=1.0000 routes=14.343 grad=3.5028 seconds=37.4
Epoch  529/5000: score=16.829967 loss=-0.598009 valid=1.0000 routes=14.316 grad=3.7534 seconds=37.7
Epoch  530/5000: score=18.020616 loss=-0.630649 valid=1.0000 routes=15.098 grad=4.4358 seconds=36.9
Epoch  531/5000: score=16.986458 loss=-0.622946 valid=1.0000 routes=15.101 grad=3.9978 seconds=37.7
Epoch  532/5000: score=17.602940 loss=-0.582901 valid=1.0000 routes=14.728 grad=3.7296 seconds=37.0
Epoch  533/5000: score=17.887930 loss=-0.653524 valid=1.0000 routes=15.232 grad=4.5340 seconds=37.7
Epoch  534/5000: score=18.071668 loss=-0.648661 valid=1.0000 routes=15.998 grad=4.1949 seconds=37.5
Epoch  535/5000: score=17.568548 loss=-0.611096 valid=1.0000 routes=14.257 grad=3.9210 seconds=37.5
Epoch  536/5000: score=18.313051 loss=-0.652087 valid=1.0000 routes=15.152 grad=4.4807 seconds=37.4
Epoch  537/5000: score=18.641582 loss=-0.656475 valid=1.0000 routes=15.239 grad=4.3366 seconds=37.4
Epoch  538/5000: score=17.991074 loss=-0.625061 valid=1.0000 routes=15.407 grad=4.0425 seconds=37.3
Epoch  539/5000: score=18.586940 loss=-0.695896 valid=1.0000 routes=17.612 grad=4.8437 seconds=37.7
Epoch  540/5000: score=17.128158 loss=-0.595828 valid=1.0000 routes=13.815 grad=3.7446 seconds=37.1
Epoch  541/5000: score=17.662842 loss=-0.628067 valid=1.0000 routes=15.031 grad=3.9492 seconds=37.5
Epoch  542/5000: score=16.934237 loss=-0.603147 valid=1.0000 routes=14.259 grad=3.7453 seconds=37.1
Epoch  543/5000: score=17.849549 loss=-0.626824 valid=1.0000 routes=15.753 grad=4.1326 seconds=36.9
Epoch  544/5000: score=17.807981 loss=-0.628934 valid=1.0000 routes=14.908 grad=4.1773 seconds=37.7
Epoch  545/5000: score=17.110865 loss=-0.627539 valid=1.0000 routes=14.752 grad=3.9766 seconds=37.4
Epoch  546/5000: score=17.143383 loss=-0.577796 valid=1.0000 routes=14.183 grad=3.4335 seconds=37.2
Epoch  547/5000: score=17.939748 loss=-0.626518 valid=1.0000 routes=14.836 grad=3.8799 seconds=37.2
Epoch  548/5000: score=17.485846 loss=-0.624541 valid=1.0000 routes=14.300 grad=4.1845 seconds=37.2
Epoch  549/5000: score=17.889042 loss=-0.649756 valid=1.0000 routes=14.404 grad=4.1835 seconds=37.8
Epoch  550/5000: score=18.122584 loss=-0.639332 valid=1.0000 routes=14.181 grad=4.1322 seconds=37.4
Epoch  551/5000: score=17.191545 loss=-0.586397 valid=1.0000 routes=14.469 grad=3.5603 seconds=37.4
Epoch  552/5000: score=17.782080 loss=-0.634435 valid=1.0000 routes=14.476 grad=4.1066 seconds=37.8
Epoch  553/5000: score=18.165782 loss=-0.654419 valid=1.0000 routes=15.134 grad=4.2817 seconds=36.5
Epoch  554/5000: score=17.349297 loss=-0.597718 valid=1.0000 routes=15.253 grad=3.6730 seconds=37.0
Epoch  555/5000: score=16.774860 loss=-0.573269 valid=1.0000 routes=13.177 grad=3.4743 seconds=37.3
Epoch  556/5000: score=17.103807 loss=-0.607128 valid=1.0000 routes=14.511 grad=3.9322 seconds=36.7
Epoch  557/5000: score=16.364898 loss=-0.572692 valid=1.0000 routes=14.285 grad=3.4956 seconds=37.1
Epoch  558/5000: score=18.000644 loss=-0.619937 valid=1.0000 routes=13.827 grad=4.0002 seconds=37.3
Epoch  559/5000: score=17.532116 loss=-0.605376 valid=1.0000 routes=14.231 grad=4.0095 seconds=36.9
Epoch  560/5000: score=18.546753 loss=-0.660790 valid=1.0000 routes=15.290 grad=4.5479 seconds=38.1
Epoch  561/5000: score=16.851302 loss=-0.569700 valid=1.0000 routes=13.591 grad=3.4690 seconds=37.3
Epoch  562/5000: score=18.201892 loss=-0.647710 valid=1.0000 routes=14.141 grad=4.2710 seconds=37.9
Epoch  563/5000: score=18.490176 loss=-0.653424 valid=1.0000 routes=14.628 grad=4.4311 seconds=37.7
Epoch  564/5000: score=17.404945 loss=-0.591308 valid=1.0000 routes=14.058 grad=3.7125 seconds=37.3
Epoch  565/5000: score=16.811108 loss=-0.570502 valid=1.0000 routes=13.749 grad=3.3420 seconds=38.5
Epoch  566/5000: score=16.634802 loss=-0.602627 valid=1.0000 routes=14.744 grad=3.8479 seconds=37.1
Epoch  567/5000: score=17.544528 loss=-0.636726 valid=1.0000 routes=14.546 grad=4.0210 seconds=37.5
Epoch  568/5000: score=17.095292 loss=-0.583105 valid=1.0000 routes=14.329 grad=3.5384 seconds=37.6
Epoch  569/5000: score=18.054457 loss=-0.647795 valid=1.0000 routes=14.787 grad=4.3217 seconds=37.9
Epoch  570/5000: score=18.572836 loss=-0.651503 valid=1.0000 routes=14.694 grad=4.3797 seconds=37.8
Epoch  571/5000: score=17.082882 loss=-0.599092 valid=1.0000 routes=14.438 grad=3.7018 seconds=37.7
Epoch  572/5000: score=19.426756 loss=-0.716519 valid=1.0000 routes=15.637 grad=5.0538 seconds=37.4
Epoch  573/5000: score=17.207899 loss=-0.598864 valid=1.0000 routes=15.039 grad=3.7137 seconds=38.2
Epoch  574/5000: score=17.735094 loss=-0.611233 valid=1.0000 routes=14.591 grad=3.9269 seconds=37.6
Epoch  575/5000: score=17.941000 loss=-0.632258 valid=1.0000 routes=14.511 grad=4.1350 seconds=38.0
Epoch  576/5000: score=17.215845 loss=-0.624337 valid=1.0000 routes=15.017 grad=3.9928 seconds=37.3
Epoch  577/5000: score=18.350175 loss=-0.682423 valid=1.0000 routes=16.042 grad=4.7687 seconds=37.1
Epoch  578/5000: score=18.176793 loss=-0.633407 valid=1.0000 routes=15.040 grad=4.2902 seconds=37.4
Epoch  579/5000: score=16.462477 loss=-0.548287 valid=1.0000 routes=13.540 grad=3.1745 seconds=36.7
Epoch  580/5000: score=17.353173 loss=-0.633435 valid=1.0000 routes=14.961 grad=4.1674 seconds=37.5
Epoch  581/5000: score=16.894109 loss=-0.590219 valid=1.0000 routes=13.435 grad=3.6110 seconds=37.3
Epoch  582/5000: score=18.322063 loss=-0.668891 valid=1.0000 routes=15.770 grad=4.4053 seconds=37.2
Epoch  583/5000: score=18.581924 loss=-0.683843 valid=1.0000 routes=15.890 grad=4.5868 seconds=37.5
Epoch  584/5000: score=17.795033 loss=-0.635439 valid=1.0000 routes=15.171 grad=4.1194 seconds=37.0
Epoch  585/5000: score=16.333028 loss=-0.601639 valid=1.0000 routes=14.481 grad=3.8054 seconds=37.9
Epoch  586/5000: score=16.749671 loss=-0.574991 valid=1.0000 routes=13.877 grad=3.5307 seconds=37.2
Epoch  587/5000: score=16.405121 loss=-0.547710 valid=1.0000 routes=13.587 grad=3.1291 seconds=36.5
Epoch  588/5000: score=18.597959 loss=-0.690140 valid=1.0000 routes=15.941 grad=4.8311 seconds=37.6
Epoch  589/5000: score=17.744060 loss=-0.628735 valid=1.0000 routes=14.558 grad=4.0701 seconds=36.9
Epoch  590/5000: score=17.097469 loss=-0.594954 valid=1.0000 routes=14.310 grad=3.7745 seconds=37.5
Epoch  591/5000: score=17.855148 loss=-0.647067 valid=1.0000 routes=15.622 grad=4.3346 seconds=37.6
Epoch  592/5000: score=17.619588 loss=-0.612901 valid=1.0000 routes=14.787 grad=4.2155 seconds=37.2
Epoch  593/5000: score=19.702999 loss=-0.730793 valid=1.0000 routes=16.086 grad=4.9533 seconds=37.8
Epoch  594/5000: score=18.857417 loss=-0.654013 valid=1.0000 routes=15.067 grad=4.2662 seconds=37.2
Epoch  595/5000: score=18.458449 loss=-0.677858 valid=1.0000 routes=15.619 grad=4.5910 seconds=37.6
Epoch  596/5000: score=18.196257 loss=-0.632345 valid=1.0000 routes=14.822 grad=4.0410 seconds=37.7
Epoch  597/5000: score=17.432649 loss=-0.619976 valid=1.0000 routes=14.582 grad=4.0544 seconds=37.4
Epoch  598/5000: score=16.827985 loss=-0.601431 valid=1.0000 routes=14.679 grad=3.6080 seconds=37.6
Epoch  599/5000: score=16.865904 loss=-0.601015 valid=1.0000 routes=14.529 grad=3.6901 seconds=37.5
Epoch  600/5000: score=16.632798 loss=-0.581356 valid=1.0000 routes=14.111 grad=3.5397 seconds=37.2
Epoch  601/5000: score=18.334441 loss=-0.676372 valid=1.0000 routes=15.071 grad=4.5118 seconds=37.5
Epoch  602/5000: score=17.938779 loss=-0.660891 valid=1.0000 routes=15.472 grad=4.4538 seconds=37.0
Epoch  603/5000: score=17.001926 loss=-0.593425 valid=1.0000 routes=13.880 grad=3.7037 seconds=37.4
Epoch  604/5000: score=18.045817 loss=-0.649253 valid=1.0000 routes=15.691 grad=4.2126 seconds=37.3
Epoch  605/5000: score=18.282126 loss=-0.648885 valid=1.0000 routes=15.317 grad=4.1581 seconds=36.8
Epoch  606/5000: score=17.813798 loss=-0.640698 valid=1.0000 routes=14.535 grad=4.2788 seconds=37.8
Epoch  607/5000: score=17.046968 loss=-0.587966 valid=1.0000 routes=13.345 grad=3.5721 seconds=37.6
Epoch  608/5000: score=17.453978 loss=-0.602440 valid=1.0000 routes=14.613 grad=3.9137 seconds=37.3
Epoch  609/5000: score=18.168437 loss=-0.633643 valid=1.0000 routes=14.284 grad=4.0522 seconds=37.7
Epoch  610/5000: score=17.784764 loss=-0.652476 valid=1.0000 routes=14.399 grad=4.1690 seconds=37.4
Epoch  611/5000: score=16.917844 loss=-0.575018 valid=1.0000 routes=14.380 grad=3.5608 seconds=37.4
Epoch  612/5000: score=18.263930 loss=-0.660366 valid=1.0000 routes=15.652 grad=4.5705 seconds=37.2
>> Invalid instances, Re-generating ...
Epoch  613/5000: score=16.500616 loss=-0.597837 valid=1.0000 routes=13.853 grad=3.7409 seconds=37.0
Epoch  614/5000: score=16.776093 loss=-0.589622 valid=1.0000 routes=14.249 grad=3.4391 seconds=37.9
Epoch  615/5000: score=16.273254 loss=-0.572720 valid=1.0000 routes=14.355 grad=3.5025 seconds=37.0
Epoch  616/5000: score=17.011807 loss=-0.611114 valid=1.0000 routes=14.264 grad=3.7825 seconds=37.7
Epoch  617/5000: score=18.572786 loss=-0.680963 valid=1.0000 routes=15.895 grad=4.5040 seconds=37.9
Epoch  618/5000: score=18.310106 loss=-0.661331 valid=1.0000 routes=14.540 grad=4.7123 seconds=37.5
Epoch  619/5000: score=18.104915 loss=-0.665682 valid=1.0000 routes=15.375 grad=4.4493 seconds=38.2
Epoch  620/5000: score=17.407084 loss=-0.629759 valid=1.0000 routes=15.361 grad=3.9242 seconds=37.2
Epoch  621/5000: score=16.963824 loss=-0.576627 valid=1.0000 routes=13.663 grad=3.5689 seconds=38.2
Epoch  622/5000: score=17.313860 loss=-0.624695 valid=1.0000 routes=15.469 grad=4.0226 seconds=37.2
Epoch  623/5000: score=18.580732 loss=-0.702703 valid=1.0000 routes=15.679 grad=4.7080 seconds=37.3
Epoch  624/5000: score=16.966048 loss=-0.625424 valid=1.0000 routes=14.679 grad=4.0748 seconds=37.7
Epoch  625/5000: score=17.514121 loss=-0.606120 valid=1.0000 routes=14.089 grad=3.7763 seconds=37.8
Epoch  626/5000: score=17.311984 loss=-0.620094 valid=1.0000 routes=15.253 grad=4.0889 seconds=37.0
Epoch  627/5000: score=18.993224 loss=-0.710957 valid=1.0000 routes=15.924 grad=4.7776 seconds=38.0
Epoch  628/5000: score=15.967527 loss=-0.581921 valid=1.0000 routes=14.109 grad=3.4017 seconds=37.2
Epoch  629/5000: score=17.437647 loss=-0.619412 valid=1.0000 routes=14.322 grad=3.9155 seconds=38.0
Epoch  630/5000: score=16.555868 loss=-0.604660 valid=1.0000 routes=14.166 grad=3.7071 seconds=37.3
Epoch  631/5000: score=16.999060 loss=-0.564610 valid=1.0000 routes=13.155 grad=3.4707 seconds=37.6
Epoch  632/5000: score=17.640631 loss=-0.644891 valid=1.0000 routes=15.385 grad=4.2110 seconds=37.3
Epoch  633/5000: score=17.432960 loss=-0.620937 valid=1.0000 routes=14.341 grad=3.7953 seconds=36.9
Epoch  634/5000: score=17.940471 loss=-0.646135 valid=1.0000 routes=15.483 grad=4.2198 seconds=37.3
Epoch  635/5000: score=17.513596 loss=-0.606812 valid=1.0000 routes=15.079 grad=3.7998 seconds=37.2
Epoch  636/5000: score=17.818138 loss=-0.652035 valid=1.0000 routes=15.742 grad=4.3653 seconds=36.9
Epoch  637/5000: score=18.380745 loss=-0.665344 valid=1.0000 routes=15.077 grad=4.5200 seconds=38.0
Epoch  638/5000: score=17.425081 loss=-0.615882 valid=1.0000 routes=15.121 grad=3.9800 seconds=36.6
Epoch  639/5000: score=17.077043 loss=-0.620560 valid=1.0000 routes=14.771 grad=3.9060 seconds=37.4
Epoch  640/5000: score=16.279197 loss=-0.555349 valid=1.0000 routes=13.481 grad=3.3240 seconds=37.5
Epoch  641/5000: score=16.914895 loss=-0.580283 valid=1.0000 routes=13.549 grad=3.5814 seconds=37.0
Epoch  642/5000: score=17.687492 loss=-0.639385 valid=1.0000 routes=15.241 grad=4.3793 seconds=37.8
Epoch  643/5000: score=16.691272 loss=-0.583505 valid=1.0000 routes=13.941 grad=3.6059 seconds=37.4
Epoch  644/5000: score=17.270289 loss=-0.606203 valid=1.0000 routes=14.022 grad=3.8181 seconds=37.6
Epoch  645/5000: score=18.036888 loss=-0.666316 valid=1.0000 routes=15.880 grad=4.6628 seconds=37.6
Epoch  646/5000: score=17.562709 loss=-0.647730 valid=1.0000 routes=15.390 grad=4.2772 seconds=37.4
Epoch  647/5000: score=16.761689 loss=-0.612841 valid=1.0000 routes=14.880 grad=4.0138 seconds=37.8
Epoch  648/5000: score=17.012601 loss=-0.613387 valid=1.0000 routes=14.618 grad=3.8623 seconds=37.6
Epoch  649/5000: score=17.844984 loss=-0.629806 valid=1.0000 routes=15.208 grad=4.1472 seconds=37.2
Epoch  650/5000: score=18.738125 loss=-0.643279 valid=1.0000 routes=14.980 grad=4.4471 seconds=37.6
Epoch  651/5000: score=17.045743 loss=-0.567203 valid=1.0000 routes=13.955 grad=3.5216 seconds=37.1
Epoch  652/5000: score=16.409643 loss=-0.579005 valid=1.0000 routes=14.379 grad=3.4928 seconds=37.4
Epoch  653/5000: score=17.444378 loss=-0.631383 valid=1.0000 routes=15.053 grad=4.2595 seconds=37.6
Epoch  654/5000: score=16.278572 loss=-0.566133 valid=1.0000 routes=13.446 grad=3.3801 seconds=37.4
Epoch  655/5000: score=17.444712 loss=-0.618110 valid=1.0000 routes=13.838 grad=4.0834 seconds=38.1
Epoch  656/5000: score=18.399942 loss=-0.684166 valid=1.0000 routes=15.161 grad=4.8520 seconds=36.8
Epoch  657/5000: score=17.831261 loss=-0.631851 valid=1.0000 routes=15.537 grad=4.1823 seconds=37.4
Epoch  658/5000: score=17.390608 loss=-0.658679 valid=1.0000 routes=14.698 grad=4.3808 seconds=37.6
Epoch  659/5000: score=17.556547 loss=-0.590709 valid=1.0000 routes=14.547 grad=3.5913 seconds=37.4
Epoch  660/5000: score=17.438273 loss=-0.637893 valid=1.0000 routes=14.998 grad=4.3143 seconds=38.4
Epoch  661/5000: score=17.560059 loss=-0.654807 valid=1.0000 routes=15.400 grad=4.4139 seconds=37.2
Epoch  662/5000: score=17.984593 loss=-0.615781 valid=1.0000 routes=14.914 grad=3.9317 seconds=37.6
Epoch  663/5000: score=17.882991 loss=-0.622195 valid=1.0000 routes=15.124 grad=4.0468 seconds=37.3
Epoch  664/5000: score=17.559712 loss=-0.601746 valid=1.0000 routes=14.585 grad=3.7371 seconds=36.9
Epoch  665/5000: score=16.619214 loss=-0.589214 valid=1.0000 routes=14.594 grad=3.7730 seconds=37.5
Epoch  666/5000: score=18.730003 loss=-0.663912 valid=1.0000 routes=15.668 grad=4.3964 seconds=37.3
Epoch  667/5000: score=16.662085 loss=-0.553535 valid=1.0000 routes=13.601 grad=3.1696 seconds=37.1
Epoch  668/5000: score=17.009068 loss=-0.571435 valid=1.0000 routes=14.189 grad=3.5275 seconds=37.8
Epoch  669/5000: score=17.353864 loss=-0.647566 valid=1.0000 routes=16.058 grad=4.3370 seconds=36.7
Epoch  670/5000: score=19.104442 loss=-0.720736 valid=1.0000 routes=16.580 grad=5.0867 seconds=37.6
Epoch  671/5000: score=17.355490 loss=-0.586026 valid=1.0000 routes=14.731 grad=3.8418 seconds=37.6
Epoch  672/5000: score=17.612545 loss=-0.608316 valid=1.0000 routes=14.552 grad=3.9138 seconds=37.1
Epoch  673/5000: score=17.269100 loss=-0.612341 valid=1.0000 routes=14.906 grad=3.8005 seconds=37.6
Epoch  674/5000: score=17.425826 loss=-0.614176 valid=1.0000 routes=14.907 grad=3.9565 seconds=37.2
Epoch  675/5000: score=17.966514 loss=-0.650567 valid=1.0000 routes=15.515 grad=4.3606 seconds=37.3
Epoch  676/5000: score=16.606001 loss=-0.595047 valid=1.0000 routes=14.792 grad=3.6359 seconds=37.5
Epoch  677/5000: score=17.349423 loss=-0.614171 valid=1.0000 routes=15.029 grad=3.7827 seconds=36.6
Epoch  678/5000: score=16.566358 loss=-0.580432 valid=1.0000 routes=14.231 grad=3.8690 seconds=37.3
Epoch  679/5000: score=17.050319 loss=-0.596332 valid=1.0000 routes=14.557 grad=3.7066 seconds=37.4
Epoch  680/5000: score=17.705043 loss=-0.643632 valid=1.0000 routes=14.821 grad=4.1587 seconds=36.9
Epoch  681/5000: score=18.114873 loss=-0.650420 valid=1.0000 routes=15.113 grad=4.3554 seconds=37.9
Epoch  682/5000: score=18.755743 loss=-0.679487 valid=1.0000 routes=15.556 grad=4.5587 seconds=37.1
Epoch  683/5000: score=16.753913 loss=-0.577236 valid=1.0000 routes=14.679 grad=3.4908 seconds=37.3
Epoch  684/5000: score=17.112560 loss=-0.620146 valid=1.0000 routes=15.559 grad=4.0312 seconds=37.5
Epoch  685/5000: score=17.858672 loss=-0.634065 valid=1.0000 routes=14.301 grad=4.0612 seconds=37.0
Epoch  686/5000: score=17.455787 loss=-0.607969 valid=1.0000 routes=14.461 grad=3.7964 seconds=37.8
Epoch  687/5000: score=17.640095 loss=-0.622167 valid=1.0000 routes=15.583 grad=4.3124 seconds=37.5
Epoch  688/5000: score=17.149585 loss=-0.576670 valid=1.0000 routes=13.193 grad=3.4387 seconds=37.7
Epoch  689/5000: score=17.211694 loss=-0.632399 valid=1.0000 routes=15.077 grad=4.2699 seconds=37.2
Epoch  690/5000: score=18.156474 loss=-0.663692 valid=1.0000 routes=15.840 grad=4.5452 seconds=37.1
Epoch  691/5000: score=16.898350 loss=-0.576518 valid=1.0000 routes=13.579 grad=3.5499 seconds=37.5
Epoch  692/5000: score=17.126343 loss=-0.610002 valid=1.0000 routes=13.437 grad=3.8487 seconds=37.4
Epoch  693/5000: score=18.435192 loss=-0.654679 valid=1.0000 routes=14.725 grad=4.5330 seconds=37.4
Epoch  694/5000: score=19.336326 loss=-0.702348 valid=1.0000 routes=16.169 grad=5.0169 seconds=37.6
Epoch  695/5000: score=17.104243 loss=-0.575796 valid=1.0000 routes=14.023 grad=3.5142 seconds=37.1
Epoch  696/5000: score=17.903644 loss=-0.605368 valid=1.0000 routes=14.955 grad=3.9911 seconds=37.3
Epoch  697/5000: score=17.128334 loss=-0.599440 valid=1.0000 routes=15.206 grad=3.7942 seconds=37.0
Epoch  698/5000: score=18.417408 loss=-0.643050 valid=1.0000 routes=14.756 grad=4.3564 seconds=37.3
Epoch  699/5000: score=18.317389 loss=-0.647857 valid=1.0000 routes=15.023 grad=4.3919 seconds=37.7
Epoch  700/5000: score=17.229551 loss=-0.618991 valid=1.0000 routes=15.038 grad=4.0527 seconds=37.0
Epoch  701/5000: score=17.707548 loss=-0.603293 valid=1.0000 routes=14.320 grad=3.8094 seconds=37.7
Epoch  702/5000: score=16.867601 loss=-0.607524 valid=1.0000 routes=14.777 grad=3.7735 seconds=37.4
Epoch  703/5000: score=17.457673 loss=-0.622779 valid=1.0000 routes=15.412 grad=4.0057 seconds=37.0
Epoch  704/5000: score=17.414138 loss=-0.628923 valid=1.0000 routes=15.131 grad=4.0921 seconds=38.5
Epoch  705/5000: score=18.284940 loss=-0.613609 valid=1.0000 routes=14.046 grad=3.9141 seconds=37.4
Epoch  706/5000: score=16.466391 loss=-0.562352 valid=1.0000 routes=14.400 grad=3.4644 seconds=37.4
Epoch  707/5000: score=16.653868 loss=-0.586342 valid=1.0000 routes=14.438 grad=3.8924 seconds=37.8
Epoch  708/5000: score=16.599541 loss=-0.578229 valid=1.0000 routes=14.004 grad=3.8521 seconds=37.3
Epoch  709/5000: score=17.552540 loss=-0.623069 valid=1.0000 routes=14.091 grad=4.0189 seconds=37.8
Epoch  710/5000: score=18.056446 loss=-0.631889 valid=1.0000 routes=14.518 grad=4.2413 seconds=36.8
Epoch  711/5000: score=18.703413 loss=-0.679640 valid=1.0000 routes=15.613 grad=4.5125 seconds=37.5
Epoch  712/5000: score=17.121784 loss=-0.605532 valid=1.0000 routes=14.864 grad=3.9266 seconds=37.5
Epoch  713/5000: score=17.164732 loss=-0.611206 valid=1.0000 routes=14.327 grad=3.8979 seconds=37.3
Epoch  714/5000: score=19.073251 loss=-0.681539 valid=1.0000 routes=15.764 grad=4.5960 seconds=37.6
Epoch  715/5000: score=17.239639 loss=-0.601735 valid=1.0000 routes=13.548 grad=3.8302 seconds=37.4
Epoch  716/5000: score=16.699349 loss=-0.589666 valid=1.0000 routes=14.621 grad=3.7200 seconds=37.1
Epoch  717/5000: score=16.805936 loss=-0.593385 valid=1.0000 routes=14.939 grad=3.7977 seconds=38.0
Epoch  718/5000: score=17.405731 loss=-0.612667 valid=1.0000 routes=14.876 grad=3.9188 seconds=37.1
Epoch  719/5000: score=17.048444 loss=-0.600035 valid=1.0000 routes=14.454 grad=3.6809 seconds=37.8
Epoch  720/5000: score=16.844674 loss=-0.577568 valid=1.0000 routes=14.242 grad=3.6571 seconds=37.4
Epoch  721/5000: score=17.125618 loss=-0.621381 valid=1.0000 routes=15.360 grad=3.9203 seconds=36.4
Epoch  722/5000: score=16.452930 loss=-0.572326 valid=1.0000 routes=13.793 grad=3.4266 seconds=38.3
Epoch  723/5000: score=17.742129 loss=-0.670745 valid=1.0000 routes=15.859 grad=4.7523 seconds=37.5
Epoch  724/5000: score=17.676396 loss=-0.614841 valid=1.0000 routes=14.246 grad=4.0016 seconds=37.3
Epoch  725/5000: score=17.656874 loss=-0.618997 valid=1.0000 routes=14.789 grad=4.0362 seconds=37.1
Epoch  726/5000: score=18.822332 loss=-0.670235 valid=1.0000 routes=15.296 grad=4.5434 seconds=37.0
Epoch  727/5000: score=17.975030 loss=-0.619867 valid=1.0000 routes=14.868 grad=3.9161 seconds=37.2
Epoch  728/5000: score=17.188177 loss=-0.573475 valid=1.0000 routes=13.717 grad=3.5440 seconds=36.9
Epoch  729/5000: score=16.561239 loss=-0.560859 valid=1.0000 routes=14.042 grad=3.2856 seconds=37.0
Epoch  730/5000: score=17.434190 loss=-0.626953 valid=1.0000 routes=14.903 grad=4.0708 seconds=37.8
Epoch  731/5000: score=16.849161 loss=-0.586821 valid=1.0000 routes=13.717 grad=3.6248 seconds=37.1
Epoch  732/5000: score=16.486716 loss=-0.591467 valid=1.0000 routes=14.826 grad=3.5922 seconds=37.6
Epoch  733/5000: score=17.828132 loss=-0.634756 valid=1.0000 routes=15.166 grad=4.1052 seconds=37.6
Epoch  734/5000: score=16.979393 loss=-0.601455 valid=1.0000 routes=14.396 grad=3.7898 seconds=37.5
Epoch  735/5000: score=17.124120 loss=-0.610689 valid=1.0000 routes=15.062 grad=3.9534 seconds=37.9
Epoch  736/5000: score=19.078438 loss=-0.663247 valid=1.0000 routes=16.233 grad=4.7959 seconds=37.2
Epoch  737/5000: score=17.402713 loss=-0.594357 valid=1.0000 routes=13.868 grad=3.7751 seconds=37.6
Epoch  738/5000: score=17.284508 loss=-0.603911 valid=1.0000 routes=14.694 grad=3.8521 seconds=37.4
Epoch  739/5000: score=16.804065 loss=-0.572337 valid=1.0000 routes=13.714 grad=3.6026 seconds=37.7
Epoch  740/5000: score=17.502924 loss=-0.604259 valid=1.0000 routes=14.727 grad=3.9753 seconds=37.8
Epoch  741/5000: score=17.912369 loss=-0.647118 valid=1.0000 routes=15.433 grad=4.3458 seconds=36.8
Epoch  742/5000: score=18.091613 loss=-0.639630 valid=1.0000 routes=16.330 grad=4.2989 seconds=37.4
Epoch  743/5000: score=16.897086 loss=-0.592042 valid=1.0000 routes=14.608 grad=3.7045 seconds=37.5
Epoch  744/5000: score=18.828638 loss=-0.667206 valid=1.0000 routes=15.081 grad=4.7760 seconds=37.1
Epoch  745/5000: score=17.684933 loss=-0.664860 valid=1.0000 routes=14.625 grad=4.6209 seconds=37.5
Epoch  746/5000: score=16.973887 loss=-0.581446 valid=1.0000 routes=14.117 grad=3.8213 seconds=37.0
Epoch  747/5000: score=17.700266 loss=-0.615594 valid=1.0000 routes=14.821 grad=4.1565 seconds=37.0
Epoch  748/5000: score=18.557260 loss=-0.667345 valid=1.0000 routes=15.871 grad=4.6256 seconds=38.2
Epoch  749/5000: score=16.815740 loss=-0.602369 valid=1.0000 routes=14.791 grad=3.8086 seconds=37.4
Epoch  750/5000: score=17.374848 loss=-0.636767 valid=1.0000 routes=14.607 grad=4.3151 seconds=37.7
Epoch  751/5000: score=17.317804 loss=-0.589987 valid=1.0000 routes=13.858 grad=3.7657 seconds=37.4
Epoch  752/5000: score=16.090250 loss=-0.569907 valid=1.0000 routes=13.364 grad=3.3548 seconds=37.4
>> Invalid instances, Re-generating ...
Epoch  753/5000: score=18.183020 loss=-0.641480 valid=1.0000 routes=15.464 grad=4.6228 seconds=38.0
Epoch  754/5000: score=17.632866 loss=-0.627477 valid=1.0000 routes=14.834 grad=4.0612 seconds=37.7
Epoch  755/5000: score=17.956118 loss=-0.604714 valid=1.0000 routes=14.881 grad=3.9395 seconds=37.6
Epoch  756/5000: score=16.911023 loss=-0.589767 valid=1.0000 routes=14.442 grad=3.6676 seconds=37.6
Epoch  757/5000: score=17.168522 loss=-0.602545 valid=1.0000 routes=13.786 grad=3.7443 seconds=37.4
Epoch  758/5000: score=18.599872 loss=-0.649398 valid=1.0000 routes=15.232 grad=4.3437 seconds=38.1
Epoch  759/5000: score=17.186884 loss=-0.608483 valid=1.0000 routes=14.984 grad=3.9711 seconds=36.9
Epoch  760/5000: score=18.323189 loss=-0.657592 valid=1.0000 routes=15.735 grad=4.3289 seconds=37.9
Epoch  761/5000: score=18.465405 loss=-0.661522 valid=1.0000 routes=15.858 grad=4.5619 seconds=37.8
Epoch  762/5000: score=16.479397 loss=-0.556965 valid=1.0000 routes=14.524 grad=3.3234 seconds=37.3
Epoch  763/5000: score=17.812393 loss=-0.624450 valid=1.0000 routes=15.012 grad=4.1714 seconds=38.3
Epoch  764/5000: score=16.808977 loss=-0.577174 valid=1.0000 routes=14.148 grad=3.5177 seconds=37.9
Epoch  765/5000: score=17.587540 loss=-0.596473 valid=1.0000 routes=15.168 grad=3.8796 seconds=37.4
Epoch  766/5000: score=17.179845 loss=-0.599661 valid=1.0000 routes=14.068 grad=3.7475 seconds=37.7
Epoch  767/5000: score=17.281217 loss=-0.608940 valid=1.0000 routes=15.439 grad=4.0071 seconds=37.4
Epoch  768/5000: score=16.842907 loss=-0.592585 valid=1.0000 routes=14.485 grad=3.8051 seconds=37.7
Epoch  769/5000: score=16.441164 loss=-0.566282 valid=1.0000 routes=13.998 grad=3.5731 seconds=37.2
Epoch  770/5000: score=17.422053 loss=-0.590642 valid=1.0000 routes=13.555 grad=3.8525 seconds=37.2
Epoch  771/5000: score=17.935881 loss=-0.636303 valid=1.0000 routes=15.133 grad=4.2468 seconds=37.8
Epoch  772/5000: score=17.420950 loss=-0.589905 valid=1.0000 routes=14.596 grad=3.9386 seconds=36.9
Epoch  773/5000: score=16.440170 loss=-0.616568 valid=1.0000 routes=14.459 grad=3.8791 seconds=37.5
Epoch  774/5000: score=16.846950 loss=-0.569339 valid=1.0000 routes=14.725 grad=3.4800 seconds=37.3
Epoch  775/5000: score=16.768128 loss=-0.604414 valid=1.0000 routes=14.636 grad=3.8402 seconds=37.2
Epoch  776/5000: score=16.137167 loss=-0.576464 valid=1.0000 routes=13.503 grad=3.6089 seconds=37.9
Epoch  777/5000: score=17.547089 loss=-0.616744 valid=1.0000 routes=14.009 grad=4.0187 seconds=37.2
Epoch  778/5000: score=17.465152 loss=-0.641554 valid=1.0000 routes=14.811 grad=4.3186 seconds=38.1
Epoch  779/5000: score=18.129819 loss=-0.630543 valid=1.0000 routes=15.745 grad=4.3962 seconds=38.1
Epoch  780/5000: score=18.147815 loss=-0.640575 valid=1.0000 routes=15.451 grad=4.2538 seconds=37.4
Epoch  781/5000: score=17.942015 loss=-0.654284 valid=1.0000 routes=15.356 grad=4.3769 seconds=38.5
Epoch  782/5000: score=15.871336 loss=-0.545570 valid=1.0000 routes=12.991 grad=3.1259 seconds=37.2
Epoch  783/5000: score=18.419825 loss=-0.652985 valid=1.0000 routes=15.627 grad=4.4916 seconds=37.5
Epoch  784/5000: score=17.398527 loss=-0.617206 valid=1.0000 routes=14.471 grad=4.0345 seconds=37.8
Epoch  785/5000: score=16.895980 loss=-0.587255 valid=1.0000 routes=14.066 grad=3.6409 seconds=37.0
Epoch  786/5000: score=16.725158 loss=-0.578353 valid=1.0000 routes=13.966 grad=3.6279 seconds=37.8
Epoch  787/5000: score=17.882594 loss=-0.629637 valid=1.0000 routes=15.108 grad=4.3471 seconds=37.7
Epoch  788/5000: score=17.517224 loss=-0.624242 valid=1.0000 routes=14.788 grad=4.1454 seconds=37.4
Epoch  789/5000: score=17.739860 loss=-0.597304 valid=1.0000 routes=14.189 grad=3.7940 seconds=37.5
Epoch  790/5000: score=18.176782 loss=-0.611369 valid=1.0000 routes=14.344 grad=3.9942 seconds=37.1
Epoch  791/5000: score=17.479132 loss=-0.594058 valid=1.0000 routes=14.925 grad=3.7925 seconds=37.6
Epoch  792/5000: score=16.425319 loss=-0.561936 valid=1.0000 routes=13.513 grad=3.2758 seconds=37.4
Epoch  793/5000: score=17.710715 loss=-0.615925 valid=1.0000 routes=14.379 grad=3.8843 seconds=36.9
Epoch  794/5000: score=17.253357 loss=-0.601113 valid=1.0000 routes=13.814 grad=3.8630 seconds=37.8
Epoch  795/5000: score=16.704581 loss=-0.605981 valid=1.0000 routes=14.815 grad=3.8600 seconds=37.2
Epoch  796/5000: score=16.799336 loss=-0.591653 valid=1.0000 routes=14.249 grad=3.6718 seconds=37.3
Epoch  797/5000: score=17.822963 loss=-0.655292 valid=1.0000 routes=15.286 grad=4.3696 seconds=37.4
Epoch  798/5000: score=16.889147 loss=-0.599428 valid=1.0000 routes=15.225 grad=3.8016 seconds=37.1
Epoch  799/5000: score=17.750853 loss=-0.633166 valid=1.0000 routes=14.921 grad=4.1917 seconds=37.9
Epoch  800/5000: score=17.292688 loss=-0.613669 valid=1.0000 routes=14.889 grad=4.1416 seconds=36.8
Epoch  801/5000: score=16.960480 loss=-0.628565 valid=1.0000 routes=14.906 grad=4.1025 seconds=36.8
Epoch  802/5000: score=17.960906 loss=-0.649516 valid=1.0000 routes=15.619 grad=4.4125 seconds=37.6
Epoch  803/5000: score=16.652109 loss=-0.589699 valid=1.0000 routes=14.149 grad=3.8386 seconds=37.1
Epoch  804/5000: score=17.234854 loss=-0.592274 valid=1.0000 routes=13.899 grad=3.7911 seconds=37.8
Epoch  805/5000: score=17.970903 loss=-0.631966 valid=1.0000 routes=14.765 grad=4.2903 seconds=37.3
Epoch  806/5000: score=18.195471 loss=-0.618613 valid=1.0000 routes=14.327 grad=4.0649 seconds=36.8
Epoch  807/5000: score=18.602900 loss=-0.650133 valid=1.0000 routes=14.614 grad=4.3035 seconds=37.4
Epoch  808/5000: score=17.336934 loss=-0.634057 valid=1.0000 routes=15.651 grad=4.1632 seconds=37.7
Epoch  809/5000: score=18.742203 loss=-0.640501 valid=1.0000 routes=14.904 grad=4.3829 seconds=37.8
Epoch  810/5000: score=17.369723 loss=-0.592710 valid=1.0000 routes=14.392 grad=3.7770 seconds=38.0
Epoch  811/5000: score=17.666301 loss=-0.598257 valid=1.0000 routes=14.800 grad=3.9229 seconds=37.4
Epoch  812/5000: score=18.348354 loss=-0.636411 valid=1.0000 routes=15.379 grad=4.3011 seconds=38.1
Epoch  813/5000: score=16.637623 loss=-0.563220 valid=1.0000 routes=13.676 grad=3.4520 seconds=37.0
Epoch  814/5000: score=16.816956 loss=-0.563241 valid=1.0000 routes=13.612 grad=3.4832 seconds=37.2
Epoch  815/5000: score=16.784053 loss=-0.598215 valid=1.0000 routes=14.074 grad=3.7679 seconds=37.4
Epoch  816/5000: score=17.686111 loss=-0.635102 valid=1.0000 routes=15.495 grad=4.2750 seconds=37.9
Epoch  817/5000: score=16.193190 loss=-0.574642 valid=1.0000 routes=14.000 grad=3.5952 seconds=37.4
Epoch  818/5000: score=17.358732 loss=-0.604118 valid=1.0000 routes=15.063 grad=4.0766 seconds=37.2
Epoch  819/5000: score=17.422040 loss=-0.589382 valid=1.0000 routes=14.876 grad=3.7681 seconds=37.5
Epoch  820/5000: score=17.551144 loss=-0.615810 valid=1.0000 routes=14.415 grad=4.0163 seconds=37.7
Epoch  821/5000: score=17.856868 loss=-0.656956 valid=1.0000 routes=16.125 grad=4.5238 seconds=37.5
Epoch  822/5000: score=17.940594 loss=-0.635386 valid=1.0000 routes=15.460 grad=4.3099 seconds=37.8
Epoch  823/5000: score=17.712114 loss=-0.584519 valid=1.0000 routes=14.938 grad=3.7470 seconds=37.7
Epoch  824/5000: score=17.636657 loss=-0.619424 valid=1.0000 routes=15.131 grad=4.1402 seconds=37.1
Epoch  825/5000: score=17.157619 loss=-0.626549 valid=1.0000 routes=14.725 grad=4.0654 seconds=38.0
Epoch  826/5000: score=16.921211 loss=-0.588904 valid=1.0000 routes=14.254 grad=3.9224 seconds=37.1
Epoch  827/5000: score=18.762043 loss=-0.655231 valid=1.0000 routes=15.582 grad=4.6337 seconds=38.1
Epoch  828/5000: score=17.461385 loss=-0.611681 valid=1.0000 routes=14.749 grad=4.1483 seconds=37.5
Epoch  829/5000: score=16.903378 loss=-0.562560 valid=1.0000 routes=13.941 grad=3.6642 seconds=37.2
Epoch  830/5000: score=18.768685 loss=-0.669270 valid=1.0000 routes=15.807 grad=5.1053 seconds=37.8
Epoch  831/5000: score=16.466923 loss=-0.567264 valid=1.0000 routes=14.059 grad=3.4773 seconds=37.5
Epoch  832/5000: score=16.804431 loss=-0.569570 valid=1.0000 routes=14.982 grad=3.5255 seconds=37.0
Epoch  833/5000: score=16.402677 loss=-0.570715 valid=1.0000 routes=13.900 grad=3.5087 seconds=37.9
Epoch  834/5000: score=17.303414 loss=-0.590309 valid=1.0000 routes=14.469 grad=3.6308 seconds=37.6
Epoch  835/5000: score=17.657962 loss=-0.606380 valid=1.0000 routes=15.086 grad=3.8423 seconds=37.7
Epoch  836/5000: score=17.538544 loss=-0.581688 valid=1.0000 routes=13.659 grad=3.6223 seconds=37.3
Epoch  837/5000: score=17.683918 loss=-0.622143 valid=1.0000 routes=14.548 grad=4.0690 seconds=37.5
Epoch  838/5000: score=18.231641 loss=-0.657916 valid=1.0000 routes=15.293 grad=4.5518 seconds=37.7
Epoch  839/5000: score=15.685132 loss=-0.595528 valid=1.0000 routes=13.905 grad=3.7351 seconds=37.5
Epoch  840/5000: score=17.156852 loss=-0.613776 valid=1.0000 routes=14.074 grad=3.9964 seconds=37.6
Epoch  841/5000: score=17.470742 loss=-0.606764 valid=1.0000 routes=14.000 grad=4.0068 seconds=37.8
Epoch  842/5000: score=17.749558 loss=-0.633299 valid=1.0000 routes=15.088 grad=4.1485 seconds=37.0
Epoch  843/5000: score=17.132018 loss=-0.628312 valid=1.0000 routes=14.860 grad=4.0947 seconds=37.9
Epoch  844/5000: score=18.178938 loss=-0.629720 valid=1.0000 routes=14.262 grad=4.0858 seconds=37.2
Epoch  845/5000: score=16.981476 loss=-0.576861 valid=1.0000 routes=13.950 grad=3.6672 seconds=37.5
Epoch  846/5000: score=17.616651 loss=-0.606690 valid=1.0000 routes=14.435 grad=3.8546 seconds=37.2
Epoch  847/5000: score=16.846952 loss=-0.581027 valid=1.0000 routes=13.974 grad=3.6470 seconds=37.2
Epoch  848/5000: score=16.488734 loss=-0.579408 valid=1.0000 routes=13.696 grad=3.4621 seconds=37.5
Epoch  849/5000: score=17.588982 loss=-0.616917 valid=1.0000 routes=15.049 grad=4.0125 seconds=37.0
Epoch  850/5000: score=19.697703 loss=-0.695733 valid=1.0000 routes=16.038 grad=5.1046 seconds=36.9
Epoch  851/5000: score=17.140592 loss=-0.602026 valid=1.0000 routes=14.029 grad=3.9685 seconds=37.9
Epoch  852/5000: score=17.221981 loss=-0.587197 valid=1.0000 routes=13.783 grad=3.7504 seconds=36.5
Epoch  853/5000: score=17.129008 loss=-0.591741 valid=1.0000 routes=15.055 grad=4.0270 seconds=37.5
Epoch  854/5000: score=16.529724 loss=-0.607741 valid=1.0000 routes=14.336 grad=3.8769 seconds=37.7
Epoch  855/5000: score=17.537319 loss=-0.588798 valid=1.0000 routes=15.066 grad=3.7589 seconds=37.1
Epoch  856/5000: score=18.338052 loss=-0.644589 valid=1.0000 routes=15.670 grad=4.3371 seconds=37.8
Epoch  857/5000: score=16.454824 loss=-0.573152 valid=1.0000 routes=14.090 grad=3.4985 seconds=37.4
Epoch  858/5000: score=16.639168 loss=-0.581314 valid=1.0000 routes=14.691 grad=3.6082 seconds=37.7
Epoch  859/5000: score=17.039836 loss=-0.595406 valid=1.0000 routes=15.007 grad=3.7774 seconds=37.0
Epoch  860/5000: score=17.911500 loss=-0.649453 valid=1.0000 routes=14.966 grad=4.1859 seconds=37.5
Epoch  861/5000: score=17.900190 loss=-0.639151 valid=1.0000 routes=15.743 grad=4.3784 seconds=37.5
Epoch  862/5000: score=17.534880 loss=-0.610072 valid=1.0000 routes=14.353 grad=3.8646 seconds=37.2
Epoch  863/5000: score=16.889107 loss=-0.600935 valid=1.0000 routes=14.336 grad=3.7540 seconds=37.0
Epoch  864/5000: score=17.720974 loss=-0.602354 valid=1.0000 routes=14.077 grad=3.9483 seconds=37.9
Epoch  865/5000: score=16.785984 loss=-0.589606 valid=1.0000 routes=15.055 grad=3.7201 seconds=36.6
Epoch  866/5000: score=18.046743 loss=-0.613423 valid=1.0000 routes=14.665 grad=4.0294 seconds=37.6
Epoch  867/5000: score=16.980188 loss=-0.564261 valid=1.0000 routes=13.979 grad=3.4770 seconds=36.7
Epoch  868/5000: score=17.293459 loss=-0.594584 valid=1.0000 routes=15.559 grad=3.8051 seconds=37.0
Epoch  869/5000: score=16.365087 loss=-0.535713 valid=1.0000 routes=14.081 grad=3.2209 seconds=37.7
Epoch  870/5000: score=16.268819 loss=-0.536594 valid=1.0000 routes=13.230 grad=3.1579 seconds=37.0
Epoch  871/5000: score=16.874408 loss=-0.606174 valid=1.0000 routes=13.956 grad=3.8766 seconds=37.3
Epoch  872/5000: score=16.823382 loss=-0.620715 valid=1.0000 routes=14.572 grad=3.8943 seconds=37.3
Epoch  873/5000: score=18.909837 loss=-0.696444 valid=1.0000 routes=16.240 grad=5.0758 seconds=36.6
Epoch  874/5000: score=18.742262 loss=-0.670760 valid=1.0000 routes=15.978 grad=4.7743 seconds=38.1
Epoch  875/5000: score=17.352115 loss=-0.620195 valid=1.0000 routes=14.509 grad=4.0398 seconds=37.0
Epoch  876/5000: score=17.516659 loss=-0.602020 valid=1.0000 routes=15.072 grad=3.9462 seconds=37.6
Epoch  877/5000: score=16.530213 loss=-0.596137 valid=1.0000 routes=14.808 grad=3.7640 seconds=37.4
Epoch  878/5000: score=17.929553 loss=-0.606399 valid=1.0000 routes=14.953 grad=3.9304 seconds=36.5
Epoch  879/5000: score=16.972299 loss=-0.584428 valid=1.0000 routes=14.279 grad=3.6829 seconds=37.2
Epoch  880/5000: score=18.383100 loss=-0.643956 valid=1.0000 routes=15.351 grad=4.4957 seconds=37.4
Epoch  881/5000: score=17.045211 loss=-0.605140 valid=1.0000 routes=14.986 grad=4.0077 seconds=37.7
Epoch  882/5000: score=17.236459 loss=-0.593026 valid=1.0000 routes=14.502 grad=3.6712 seconds=37.4
Epoch  883/5000: score=16.596928 loss=-0.594082 valid=1.0000 routes=13.971 grad=3.8125 seconds=37.1
Epoch  884/5000: score=17.712393 loss=-0.625695 valid=1.0000 routes=15.485 grad=4.1344 seconds=37.8
>> Invalid instances, Re-generating ...
Epoch  885/5000: score=17.854291 loss=-0.591053 valid=1.0000 routes=14.880 grad=3.8877 seconds=37.5
Epoch  886/5000: score=17.059901 loss=-0.605868 valid=1.0000 routes=15.165 grad=3.8410 seconds=37.3
Epoch  887/5000: score=16.996930 loss=-0.609142 valid=1.0000 routes=14.566 grad=3.9614 seconds=38.0
Epoch  888/5000: score=17.491696 loss=-0.645343 valid=1.0000 routes=15.140 grad=4.2714 seconds=37.5
Epoch  889/5000: score=17.453810 loss=-0.609726 valid=1.0000 routes=14.224 grad=4.0510 seconds=37.6
Epoch  890/5000: score=17.750228 loss=-0.612754 valid=1.0000 routes=14.824 grad=3.9661 seconds=37.4
Epoch  891/5000: score=18.637751 loss=-0.645423 valid=1.0000 routes=14.575 grad=4.3081 seconds=36.8
Epoch  892/5000: score=17.424067 loss=-0.585603 valid=1.0000 routes=14.148 grad=3.7332 seconds=38.6
Epoch  893/5000: score=18.418774 loss=-0.624605 valid=1.0000 routes=15.074 grad=4.4569 seconds=37.0
Epoch  894/5000: score=17.422364 loss=-0.609701 valid=1.0000 routes=15.063 grad=4.1687 seconds=37.6
Epoch  895/5000: score=17.025396 loss=-0.600259 valid=1.0000 routes=14.315 grad=3.8693 seconds=37.4
Epoch  896/5000: score=17.381558 loss=-0.590061 valid=1.0000 routes=14.286 grad=3.9708 seconds=37.1
Epoch  897/5000: score=17.342991 loss=-0.588700 valid=1.0000 routes=14.335 grad=3.9447 seconds=37.8
Epoch  898/5000: score=18.422909 loss=-0.640344 valid=1.0000 routes=15.333 grad=4.3874 seconds=37.3
Epoch  899/5000: score=17.721747 loss=-0.611326 valid=1.0000 routes=14.282 grad=4.0265 seconds=36.9
Epoch  900/5000: score=17.516977 loss=-0.590215 valid=1.0000 routes=13.907 grad=3.8477 seconds=37.6
Epoch  901/5000: score=17.663857 loss=-0.615074 valid=1.0000 routes=15.728 grad=4.2158 seconds=37.4
Epoch  902/5000: score=18.088148 loss=-0.626279 valid=1.0000 routes=15.153 grad=4.3806 seconds=37.3
Epoch  903/5000: score=17.685870 loss=-0.587150 valid=1.0000 routes=13.880 grad=3.8880 seconds=37.7
Epoch  904/5000: score=16.788451 loss=-0.599489 valid=1.0000 routes=14.885 grad=3.7838 seconds=37.3
Epoch  905/5000: score=17.565940 loss=-0.621055 valid=1.0000 routes=14.652 grad=4.2717 seconds=37.9
Epoch  906/5000: score=16.962914 loss=-0.603670 valid=1.0000 routes=15.080 grad=3.9833 seconds=36.9
Epoch  907/5000: score=17.209241 loss=-0.632596 valid=1.0000 routes=15.158 grad=4.3750 seconds=37.6
Epoch  908/5000: score=17.579806 loss=-0.609105 valid=1.0000 routes=14.556 grad=3.8796 seconds=37.1
Epoch  909/5000: score=17.141210 loss=-0.580809 valid=1.0000 routes=14.809 grad=3.7124 seconds=37.1
Epoch  910/5000: score=18.271444 loss=-0.614300 valid=1.0000 routes=15.342 grad=4.0910 seconds=37.2
Epoch  911/5000: score=17.462237 loss=-0.593541 valid=1.0000 routes=14.485 grad=4.0041 seconds=37.1
Epoch  912/5000: score=18.008145 loss=-0.635990 valid=1.0000 routes=16.234 grad=4.3430 seconds=37.3
Epoch  913/5000: score=16.599314 loss=-0.564629 valid=1.0000 routes=13.227 grad=3.5021 seconds=37.9
Epoch  914/5000: score=17.497675 loss=-0.582592 valid=1.0000 routes=13.909 grad=3.7054 seconds=37.1
Epoch  915/5000: score=18.272569 loss=-0.655921 valid=1.0000 routes=14.791 grad=4.7997 seconds=37.5
Epoch  916/5000: score=17.096848 loss=-0.582123 valid=1.0000 routes=14.548 grad=3.7224 seconds=37.4
Epoch  917/5000: score=17.008332 loss=-0.593624 valid=1.0000 routes=14.162 grad=3.9914 seconds=37.5
Epoch  918/5000: score=16.426802 loss=-0.591296 valid=1.0000 routes=14.394 grad=3.7458 seconds=37.7
Epoch  919/5000: score=17.555090 loss=-0.631945 valid=1.0000 routes=14.502 grad=4.1758 seconds=37.1
Epoch  920/5000: score=16.787657 loss=-0.571977 valid=1.0000 routes=14.060 grad=3.5406 seconds=37.3
Epoch  921/5000: score=17.025631 loss=-0.571218 valid=1.0000 routes=13.529 grad=3.5428 seconds=37.6
Epoch  922/5000: score=17.922030 loss=-0.592646 valid=1.0000 routes=14.063 grad=3.9842 seconds=37.0
>> Invalid instances, Re-generating ...
Epoch  923/5000: score=17.892237 loss=-0.618207 valid=1.0000 routes=14.634 grad=4.1475 seconds=37.4
Epoch  924/5000: score=17.607807 loss=-0.588986 valid=1.0000 routes=14.448 grad=3.8545 seconds=37.4
Epoch  925/5000: score=16.979233 loss=-0.587132 valid=1.0000 routes=14.589 grad=3.7887 seconds=37.2
Epoch  926/5000: score=17.995095 loss=-0.637711 valid=1.0000 routes=15.744 grad=4.3983 seconds=38.0
Epoch  927/5000: score=17.253165 loss=-0.614482 valid=1.0000 routes=14.007 grad=4.0691 seconds=37.0
Epoch  928/5000: score=18.589258 loss=-0.660138 valid=1.0000 routes=15.586 grad=4.6277 seconds=37.7
Epoch  929/5000: score=17.768895 loss=-0.643569 valid=1.0000 routes=15.480 grad=4.3709 seconds=37.3
Epoch  930/5000: score=18.214269 loss=-0.635084 valid=1.0000 routes=15.526 grad=4.2999 seconds=36.7
Epoch  931/5000: score=16.747679 loss=-0.580346 valid=1.0000 routes=14.727 grad=3.5806 seconds=37.9
Epoch  932/5000: score=18.549686 loss=-0.655681 valid=1.0000 routes=16.011 grad=4.5980 seconds=36.9
>> Invalid instances, Re-generating ...
Epoch  933/5000: score=19.153360 loss=-0.668261 valid=1.0000 routes=15.742 grad=4.7593 seconds=37.9
Epoch  934/5000: score=19.112330 loss=-0.644094 valid=1.0000 routes=15.434 grad=4.5316 seconds=37.0
Epoch  935/5000: score=18.639929 loss=-0.608918 valid=1.0000 routes=14.370 grad=4.1598 seconds=37.1
Epoch  936/5000: score=17.995605 loss=-0.609719 valid=1.0000 routes=15.033 grad=4.0937 seconds=38.0
Epoch  937/5000: score=17.273219 loss=-0.558554 valid=1.0000 routes=14.249 grad=3.6038 seconds=37.1
Epoch  938/5000: score=17.388949 loss=-0.594785 valid=1.0000 routes=14.721 grad=3.7613 seconds=37.4
Epoch  939/5000: score=16.809209 loss=-0.536524 valid=1.0000 routes=13.917 grad=3.3135 seconds=37.6
Epoch  940/5000: score=17.952060 loss=-0.601981 valid=1.0000 routes=14.976 grad=3.9713 seconds=37.1
Epoch  941/5000: score=17.254669 loss=-0.598958 valid=1.0000 routes=14.969 grad=3.9129 seconds=37.7
Epoch  942/5000: score=16.949946 loss=-0.560596 valid=1.0000 routes=13.903 grad=3.5302 seconds=37.3
Epoch  943/5000: score=17.206243 loss=-0.606525 valid=1.0000 routes=14.005 grad=3.9264 seconds=37.6
Epoch  944/5000: score=17.698456 loss=-0.604761 valid=1.0000 routes=14.214 grad=3.9928 seconds=37.8
Epoch  945/5000: score=17.466197 loss=-0.613014 valid=1.0000 routes=13.969 grad=3.9173 seconds=37.0
Epoch  946/5000: score=18.071606 loss=-0.631109 valid=1.0000 routes=15.188 grad=4.3173 seconds=37.4
Epoch  947/5000: score=17.213325 loss=-0.618920 valid=1.0000 routes=14.260 grad=4.0842 seconds=37.2
Epoch  948/5000: score=17.365357 loss=-0.591003 valid=1.0000 routes=14.056 grad=3.9474 seconds=36.9
Epoch  949/5000: score=16.390333 loss=-0.551896 valid=1.0000 routes=13.277 grad=3.3105 seconds=37.6
Epoch  950/5000: score=16.101328 loss=-0.542134 valid=1.0000 routes=12.968 grad=3.1253 seconds=37.1
Epoch  951/5000: score=18.237768 loss=-0.622055 valid=1.0000 routes=15.306 grad=4.4306 seconds=37.3
Epoch  952/5000: score=16.556493 loss=-0.593142 valid=1.0000 routes=14.569 grad=3.7986 seconds=37.7
Epoch  953/5000: score=18.076663 loss=-0.631025 valid=1.0000 routes=15.134 grad=4.2421 seconds=37.1
Epoch  954/5000: score=17.640415 loss=-0.608009 valid=1.0000 routes=15.163 grad=4.3004 seconds=38.0
Epoch  955/5000: score=18.486802 loss=-0.636927 valid=1.0000 routes=15.498 grad=4.5366 seconds=36.9
Epoch  956/5000: score=18.037459 loss=-0.622359 valid=1.0000 routes=15.660 grad=4.2478 seconds=37.5
Epoch  957/5000: score=15.952301 loss=-0.568018 valid=1.0000 routes=14.407 grad=3.3996 seconds=37.2
Epoch  958/5000: score=17.049864 loss=-0.587390 valid=1.0000 routes=14.405 grad=3.6699 seconds=37.0
Epoch  959/5000: score=17.420615 loss=-0.589447 valid=1.0000 routes=14.471 grad=3.9534 seconds=37.2
Epoch  960/5000: score=16.807579 loss=-0.544640 valid=1.0000 routes=13.322 grad=3.3640 seconds=37.5
Epoch  961/5000: score=17.001353 loss=-0.596913 valid=1.0000 routes=14.956 grad=3.8553 seconds=37.0
Epoch  962/5000: score=17.234260 loss=-0.631554 valid=1.0000 routes=14.732 grad=4.2688 seconds=37.8
Epoch  963/5000: score=17.044571 loss=-0.608505 valid=1.0000 routes=15.265 grad=4.0825 seconds=37.4
Epoch  964/5000: score=17.784520 loss=-0.628458 valid=1.0000 routes=15.704 grad=4.2297 seconds=37.4
Epoch  965/5000: score=16.660126 loss=-0.590469 valid=1.0000 routes=14.208 grad=3.7679 seconds=37.6
Epoch  966/5000: score=18.949661 loss=-0.647763 valid=1.0000 routes=15.695 grad=4.6449 seconds=37.0
Epoch  967/5000: score=17.618826 loss=-0.593231 valid=1.0000 routes=14.687 grad=3.9289 seconds=38.3
Epoch  968/5000: score=17.228070 loss=-0.614396 valid=1.0000 routes=15.216 grad=4.0475 seconds=37.6
Epoch  969/5000: score=16.830523 loss=-0.598024 valid=1.0000 routes=14.512 grad=3.7661 seconds=37.0
Epoch  970/5000: score=18.252932 loss=-0.650424 valid=1.0000 routes=15.760 grad=4.5707 seconds=37.9
Epoch  971/5000: score=16.530658 loss=-0.559741 valid=1.0000 routes=14.054 grad=3.5460 seconds=37.0
Epoch  972/5000: score=17.770829 loss=-0.598863 valid=1.0000 routes=15.308 grad=3.9828 seconds=37.2
Epoch  973/5000: score=17.268830 loss=-0.589298 valid=1.0000 routes=14.404 grad=3.8002 seconds=37.1
Epoch  974/5000: score=18.436246 loss=-0.671024 valid=1.0000 routes=14.830 grad=4.7984 seconds=37.0
Epoch  975/5000: score=16.054489 loss=-0.551996 valid=1.0000 routes=13.152 grad=3.3626 seconds=37.7
Epoch  976/5000: score=18.098441 loss=-0.623992 valid=1.0000 routes=15.508 grad=4.2916 seconds=37.1
Epoch  977/5000: score=17.678604 loss=-0.616756 valid=1.0000 routes=15.412 grad=4.1851 seconds=37.3
Epoch  978/5000: score=17.143284 loss=-0.577684 valid=1.0000 routes=14.670 grad=3.7415 seconds=37.4
Epoch  979/5000: score=17.756270 loss=-0.605880 valid=1.0000 routes=15.358 grad=4.1941 seconds=37.1
Epoch  980/5000: score=17.970141 loss=-0.604382 valid=1.0000 routes=14.716 grad=4.1803 seconds=38.1
Epoch  981/5000: score=16.780314 loss=-0.588349 valid=1.0000 routes=14.178 grad=3.7778 seconds=37.0
Epoch  982/5000: score=18.161179 loss=-0.620842 valid=1.0000 routes=14.847 grad=4.2850 seconds=37.2
Epoch  983/5000: score=16.856979 loss=-0.598129 valid=1.0000 routes=14.452 grad=3.7502 seconds=37.2
Epoch  984/5000: score=17.496017 loss=-0.593010 valid=1.0000 routes=14.370 grad=3.9745 seconds=37.6
Epoch  985/5000: score=16.602910 loss=-0.578751 valid=1.0000 routes=14.156 grad=3.6678 seconds=37.7
Epoch  986/5000: score=19.141678 loss=-0.669137 valid=1.0000 routes=15.772 grad=4.6917 seconds=37.3
Epoch  987/5000: score=17.887351 loss=-0.610055 valid=1.0000 routes=15.181 grad=4.2128 seconds=37.1
Epoch  988/5000: score=17.350665 loss=-0.585859 valid=1.0000 routes=13.834 grad=4.1350 seconds=37.7
Epoch  989/5000: score=18.135907 loss=-0.625581 valid=1.0000 routes=15.209 grad=4.3345 seconds=37.0
Epoch  990/5000: score=17.649308 loss=-0.592015 valid=1.0000 routes=14.009 grad=3.9035 seconds=37.6
Epoch  991/5000: score=18.061462 loss=-0.600859 valid=1.0000 routes=15.842 grad=4.2593 seconds=37.3
Epoch  992/5000: score=16.991968 loss=-0.594388 valid=1.0000 routes=14.883 grad=3.9939 seconds=37.4
Epoch  993/5000: score=17.471823 loss=-0.559210 valid=1.0000 routes=14.283 grad=3.7091 seconds=38.2
Epoch  994/5000: score=16.841434 loss=-0.591197 valid=1.0000 routes=14.506 grad=3.8437 seconds=37.3
Epoch  995/5000: score=17.596158 loss=-0.625047 valid=1.0000 routes=15.417 grad=4.2970 seconds=37.8
Epoch  996/5000: score=17.370188 loss=-0.587123 valid=1.0000 routes=14.585 grad=3.7785 seconds=37.5
Epoch  997/5000: score=17.066876 loss=-0.571127 valid=1.0000 routes=14.469 grad=3.6445 seconds=37.5
Epoch  998/5000: score=17.248265 loss=-0.597687 valid=1.0000 routes=15.290 grad=4.0588 seconds=38.1
Epoch  999/5000: score=19.106672 loss=-0.655659 valid=1.0000 routes=16.147 grad=4.8348 seconds=37.5
Epoch 1000/5000: score=16.593920 loss=-0.576007 valid=1.0000 routes=14.038 grad=3.6101 seconds=37.5
Epoch 1001/5000: score=17.653609 loss=-0.602358 valid=1.0000 routes=14.493 grad=3.8344 seconds=37.7
Epoch 1002/5000: score=18.437852 loss=-0.614615 valid=1.0000 routes=14.556 grad=4.2792 seconds=37.5
Epoch 1003/5000: score=18.649454 loss=-0.630088 valid=1.0000 routes=15.667 grad=4.4847 seconds=37.4
Epoch 1004/5000: score=18.033762 loss=-0.608335 valid=1.0000 routes=13.949 grad=4.2195 seconds=37.3
Epoch 1005/5000: score=16.538516 loss=-0.577453 valid=1.0000 routes=14.155 grad=3.6074 seconds=37.4
Epoch 1006/5000: score=16.899549 loss=-0.581437 valid=1.0000 routes=13.740 grad=3.7099 seconds=37.9
Epoch 1007/5000: score=17.318695 loss=-0.611192 valid=1.0000 routes=15.651 grad=4.1685 seconds=37.3
Epoch 1008/5000: score=17.664457 loss=-0.630344 valid=1.0000 routes=15.697 grad=4.1110 seconds=38.0
Epoch 1009/5000: score=17.427630 loss=-0.622570 valid=1.0000 routes=15.359 grad=4.3146 seconds=38.0
Epoch 1010/5000: score=16.867723 loss=-0.564328 valid=1.0000 routes=14.029 grad=3.5169 seconds=37.3
Epoch 1011/5000: score=16.879718 loss=-0.566159 valid=1.0000 routes=14.641 grad=3.7284 seconds=37.1
Epoch 1012/5000: score=18.628477 loss=-0.624593 valid=1.0000 routes=16.532 grad=4.4114 seconds=37.0
Epoch 1013/5000: score=16.805876 loss=-0.570033 valid=1.0000 routes=14.467 grad=3.6805 seconds=37.6
Epoch 1014/5000: score=18.885564 loss=-0.637880 valid=1.0000 routes=16.039 grad=4.6241 seconds=37.7
Epoch 1015/5000: score=17.667745 loss=-0.597691 valid=1.0000 routes=14.605 grad=3.9843 seconds=37.2
Epoch 1016/5000: score=17.817707 loss=-0.632707 valid=1.0000 routes=14.792 grad=4.2418 seconds=37.8
Epoch 1017/5000: score=17.434382 loss=-0.582534 valid=1.0000 routes=15.162 grad=3.9718 seconds=36.9
Epoch 1018/5000: score=18.154618 loss=-0.590112 valid=1.0000 routes=14.736 grad=3.9544 seconds=37.3
Epoch 1019/5000: score=17.769302 loss=-0.593481 valid=1.0000 routes=14.778 grad=4.0302 seconds=37.7
Epoch 1020/5000: score=17.556584 loss=-0.618368 valid=1.0000 routes=15.031 grad=4.1121 seconds=37.0
Epoch 1021/5000: score=17.069816 loss=-0.588308 valid=1.0000 routes=14.046 grad=3.8779 seconds=38.2
Epoch 1022/5000: score=17.758250 loss=-0.592039 valid=1.0000 routes=14.388 grad=4.1321 seconds=37.1
Epoch 1023/5000: score=18.021184 loss=-0.595136 valid=1.0000 routes=15.159 grad=4.0827 seconds=37.8
Epoch 1024/5000: score=16.417345 loss=-0.550116 valid=1.0000 routes=14.091 grad=3.5260 seconds=37.7
Epoch 1025/5000: score=17.705372 loss=-0.583635 valid=1.0000 routes=14.542 grad=3.9838 seconds=37.1
Epoch 1026/5000: score=17.652114 loss=-0.564252 valid=1.0000 routes=14.347 grad=3.8002 seconds=37.6
Epoch 1027/5000: score=16.211098 loss=-0.557323 valid=1.0000 routes=14.053 grad=3.4981 seconds=37.0
Epoch 1028/5000: score=17.131019 loss=-0.613743 valid=1.0000 routes=15.052 grad=4.5050 seconds=36.6
Epoch 1029/5000: score=17.502452 loss=-0.602257 valid=1.0000 routes=15.421 grad=4.0343 seconds=37.9
Epoch 1030/5000: score=17.558861 loss=-0.597316 valid=1.0000 routes=14.815 grad=4.0831 seconds=37.5
>> Invalid instances, Re-generating ...
Epoch 1031/5000: score=16.836593 loss=-0.564979 valid=1.0000 routes=13.881 grad=3.6618 seconds=37.5
Epoch 1032/5000: score=18.328429 loss=-0.586089 valid=1.0000 routes=14.593 grad=4.0296 seconds=37.4
Epoch 1033/5000: score=17.796073 loss=-0.594910 valid=1.0000 routes=14.196 grad=4.0742 seconds=37.4
Epoch 1034/5000: score=17.407161 loss=-0.576512 valid=1.0000 routes=14.904 grad=3.9156 seconds=38.1
Epoch 1035/5000: score=17.181674 loss=-0.594331 valid=1.0000 routes=13.686 grad=3.7808 seconds=36.9
Epoch 1036/5000: score=17.158213 loss=-0.580963 valid=1.0000 routes=14.420 grad=3.8824 seconds=37.5
Epoch 1037/5000: score=17.493921 loss=-0.594265 valid=1.0000 routes=14.157 grad=3.9479 seconds=37.4
Epoch 1038/5000: score=18.182247 loss=-0.621262 valid=1.0000 routes=15.952 grad=4.3526 seconds=37.2
Epoch 1039/5000: score=16.911553 loss=-0.574293 valid=1.0000 routes=14.700 grad=3.8622 seconds=37.5
Epoch 1040/5000: score=17.965260 loss=-0.640396 valid=1.0000 routes=15.096 grad=4.5026 seconds=37.7
Epoch 1041/5000: score=17.923855 loss=-0.583547 valid=1.0000 routes=14.434 grad=3.8818 seconds=36.7
Epoch 1042/5000: score=17.775102 loss=-0.601512 valid=1.0000 routes=14.802 grad=4.1142 seconds=38.5
Epoch 1043/5000: score=17.102651 loss=-0.589278 valid=1.0000 routes=14.849 grad=3.8927 seconds=37.4
Epoch 1044/5000: score=17.833559 loss=-0.635773 valid=1.0000 routes=14.755 grad=4.3816 seconds=37.8
Epoch 1045/5000: score=16.208577 loss=-0.576640 valid=1.0000 routes=15.257 grad=3.6297 seconds=37.4
Epoch 1046/5000: score=15.854144 loss=-0.515985 valid=1.0000 routes=13.429 grad=3.0471 seconds=37.3
Epoch 1047/5000: score=17.286041 loss=-0.601795 valid=1.0000 routes=15.246 grad=4.0673 seconds=38.6
Epoch 1048/5000: score=18.022746 loss=-0.594838 valid=1.0000 routes=14.080 grad=4.1201 seconds=37.1
Epoch 1049/5000: score=17.494575 loss=-0.588084 valid=1.0000 routes=14.197 grad=3.8163 seconds=37.9
Epoch 1050/5000: score=17.015378 loss=-0.573703 valid=1.0000 routes=13.983 grad=3.7659 seconds=37.6
Epoch 1051/5000: score=17.889265 loss=-0.603033 valid=1.0000 routes=15.203 grad=4.1554 seconds=37.5
Epoch 1052/5000: score=17.754462 loss=-0.600559 valid=1.0000 routes=14.608 grad=4.0571 seconds=37.7
Epoch 1053/5000: score=17.328068 loss=-0.566133 valid=1.0000 routes=13.639 grad=3.7592 seconds=37.2
Epoch 1054/5000: score=18.167273 loss=-0.587160 valid=1.0000 routes=14.191 grad=4.1003 seconds=38.1
Epoch 1055/5000: score=18.293328 loss=-0.623614 valid=1.0000 routes=16.386 grad=4.5154 seconds=38.1
Epoch 1056/5000: score=16.766666 loss=-0.579902 valid=1.0000 routes=13.976 grad=3.6144 seconds=37.0
Epoch 1057/5000: score=19.659076 loss=-0.681439 valid=1.0000 routes=16.354 grad=5.4118 seconds=38.1
Epoch 1058/5000: score=17.287923 loss=-0.579481 valid=1.0000 routes=13.774 grad=3.9392 seconds=37.6
Epoch 1059/5000: score=17.533581 loss=-0.602129 valid=1.0000 routes=15.608 grad=4.1574 seconds=37.8
Epoch 1060/5000: score=16.539283 loss=-0.570926 valid=1.0000 routes=14.755 grad=3.7888 seconds=38.0
Epoch 1061/5000: score=16.943708 loss=-0.583316 valid=1.0000 routes=14.180 grad=3.8436 seconds=37.1
Epoch 1062/5000: score=17.222224 loss=-0.610405 valid=1.0000 routes=15.055 grad=4.2729 seconds=38.4
Epoch 1063/5000: score=16.487951 loss=-0.551195 valid=1.0000 routes=12.998 grad=3.6355 seconds=36.5
Epoch 1064/5000: score=17.917200 loss=-0.601778 valid=1.0000 routes=14.906 grad=4.2259 seconds=37.4
Epoch 1065/5000: score=17.895172 loss=-0.614265 valid=1.0000 routes=15.327 grad=4.3131 seconds=37.9
Epoch 1066/5000: score=16.705289 loss=-0.558236 valid=1.0000 routes=13.536 grad=3.6685 seconds=37.6
Epoch 1067/5000: score=17.374944 loss=-0.575145 valid=1.0000 routes=14.458 grad=3.6974 seconds=37.5
Epoch 1068/5000: score=17.657885 loss=-0.577265 valid=1.0000 routes=14.411 grad=3.8505 seconds=37.2
Epoch 1069/5000: score=17.369669 loss=-0.582623 valid=1.0000 routes=14.692 grad=3.9018 seconds=36.8
Epoch 1070/5000: score=18.140022 loss=-0.655086 valid=1.0000 routes=15.754 grad=4.4883 seconds=37.3
Epoch 1071/5000: score=16.339039 loss=-0.560366 valid=1.0000 routes=13.956 grad=3.5057 seconds=37.1
Epoch 1072/5000: score=16.178332 loss=-0.568366 valid=1.0000 routes=13.845 grad=3.5108 seconds=37.4
Epoch 1073/5000: score=18.511715 loss=-0.591496 valid=1.0000 routes=14.731 grad=4.0978 seconds=37.6
Epoch 1074/5000: score=17.311156 loss=-0.575005 valid=1.0000 routes=14.297 grad=3.8584 seconds=36.9
Epoch 1075/5000: score=17.692087 loss=-0.616152 valid=1.0000 routes=14.665 grad=4.2400 seconds=38.2
Epoch 1076/5000: score=16.976700 loss=-0.566573 valid=1.0000 routes=14.054 grad=3.7521 seconds=36.8
Epoch 1077/5000: score=17.781064 loss=-0.574058 valid=1.0000 routes=13.823 grad=3.8013 seconds=37.8
Epoch 1078/5000: score=17.965088 loss=-0.666262 valid=1.0000 routes=15.625 grad=4.9129 seconds=37.5
Epoch 1079/5000: score=16.042198 loss=-0.576579 valid=1.0000 routes=14.404 grad=3.6172 seconds=37.3
Epoch 1080/5000: score=17.407319 loss=-0.562621 valid=1.0000 routes=14.793 grad=3.7653 seconds=38.0
Epoch 1081/5000: score=17.759876 loss=-0.595344 valid=1.0000 routes=13.849 grad=3.9436 seconds=37.6
Epoch 1082/5000: score=17.558609 loss=-0.596157 valid=1.0000 routes=14.321 grad=4.0835 seconds=37.5
Epoch 1083/5000: score=16.804492 loss=-0.553660 valid=1.0000 routes=13.803 grad=3.4574 seconds=37.5
Epoch 1084/5000: score=17.415151 loss=-0.566410 valid=1.0000 routes=14.679 grad=3.7321 seconds=37.2
Epoch 1085/5000: score=17.819944 loss=-0.599272 valid=1.0000 routes=15.507 grad=4.0513 seconds=37.4
Epoch 1086/5000: score=17.426270 loss=-0.597966 valid=1.0000 routes=15.090 grad=4.0334 seconds=37.8
Epoch 1087/5000: score=17.570913 loss=-0.559666 valid=1.0000 routes=13.500 grad=3.5322 seconds=37.0
Epoch 1088/5000: score=18.065877 loss=-0.612801 valid=1.0000 routes=15.700 grad=4.3232 seconds=38.4
Epoch 1089/5000: score=17.530996 loss=-0.599997 valid=1.0000 routes=15.515 grad=4.1689 seconds=37.0
Epoch 1090/5000: score=16.127784 loss=-0.525540 valid=1.0000 routes=13.406 grad=3.3253 seconds=37.6
Epoch 1091/5000: score=18.000482 loss=-0.590342 valid=1.0000 routes=14.462 grad=4.1684 seconds=37.5
Epoch 1092/5000: score=17.027243 loss=-0.585155 valid=1.0000 routes=14.534 grad=4.0308 seconds=37.2
Epoch 1093/5000: score=18.568524 loss=-0.656670 valid=1.0000 routes=15.723 grad=4.7681 seconds=37.6
Epoch 1094/5000: score=17.823293 loss=-0.612341 valid=1.0000 routes=14.162 grad=4.5065 seconds=37.2
Epoch 1095/5000: score=18.696272 loss=-0.644205 valid=1.0000 routes=16.122 grad=4.7892 seconds=37.3
Epoch 1096/5000: score=17.837278 loss=-0.604750 valid=1.0000 routes=14.953 grad=4.2528 seconds=37.6
Epoch 1097/5000: score=17.536373 loss=-0.575819 valid=1.0000 routes=14.389 grad=3.8299 seconds=36.9
Epoch 1098/5000: score=16.454532 loss=-0.566403 valid=1.0000 routes=14.674 grad=3.7255 seconds=38.0
Epoch 1099/5000: score=17.421053 loss=-0.608963 valid=1.0000 routes=14.747 grad=4.2038 seconds=37.3
Epoch 1100/5000: score=17.299507 loss=-0.575302 valid=1.0000 routes=14.212 grad=3.8382 seconds=37.6
Epoch 1101/5000: score=17.164030 loss=-0.598002 valid=1.0000 routes=15.161 grad=4.0158 seconds=37.7
Epoch 1102/5000: score=17.482497 loss=-0.591989 valid=1.0000 routes=14.456 grad=4.0363 seconds=37.2
Epoch 1103/5000: score=16.739868 loss=-0.545264 valid=1.0000 routes=14.236 grad=3.6234 seconds=38.2
Epoch 1104/5000: score=16.529044 loss=-0.543228 valid=1.0000 routes=13.977 grad=3.4207 seconds=37.5
Epoch 1105/5000: score=17.284430 loss=-0.557935 valid=1.0000 routes=14.058 grad=3.7086 seconds=37.5
Epoch 1106/5000: score=17.328008 loss=-0.625061 valid=1.0000 routes=15.330 grad=4.3167 seconds=38.4
Epoch 1107/5000: score=17.177418 loss=-0.607867 valid=1.0000 routes=15.295 grad=4.1858 seconds=37.7
Epoch 1108/5000: score=16.673752 loss=-0.548319 valid=1.0000 routes=14.219 grad=3.5889 seconds=38.0
Epoch 1109/5000: score=17.641176 loss=-0.607448 valid=1.0000 routes=14.870 grad=4.2274 seconds=37.7
Epoch 1110/5000: score=17.061028 loss=-0.569979 valid=1.0000 routes=13.481 grad=3.6176 seconds=37.0
Epoch 1111/5000: score=16.890704 loss=-0.574109 valid=1.0000 routes=14.163 grad=3.8398 seconds=37.9
Epoch 1112/5000: score=18.116093 loss=-0.616602 valid=1.0000 routes=15.050 grad=4.4006 seconds=37.6
Epoch 1113/5000: score=18.998549 loss=-0.645505 valid=1.0000 routes=15.865 grad=4.7940 seconds=37.1
Epoch 1114/5000: score=18.117421 loss=-0.603133 valid=1.0000 routes=14.529 grad=4.1873 seconds=37.5
Epoch 1115/5000: score=15.887362 loss=-0.566476 valid=1.0000 routes=14.284 grad=3.5057 seconds=36.6
Epoch 1116/5000: score=15.527485 loss=-0.509883 valid=1.0000 routes=13.742 grad=3.1076 seconds=37.9
Epoch 1117/5000: score=17.428577 loss=-0.581727 valid=1.0000 routes=14.621 grad=3.8227 seconds=36.9
Epoch 1118/5000: score=17.001277 loss=-0.577054 valid=1.0000 routes=14.778 grad=3.9177 seconds=37.6
Epoch 1119/5000: score=17.121409 loss=-0.597792 valid=1.0000 routes=15.462 grad=3.8942 seconds=37.4
Epoch 1120/5000: score=16.032567 loss=-0.535365 valid=1.0000 routes=13.884 grad=3.2566 seconds=37.2
Epoch 1121/5000: score=17.215966 loss=-0.617054 valid=1.0000 routes=15.395 grad=4.1935 seconds=38.1
Epoch 1122/5000: score=17.255903 loss=-0.595792 valid=1.0000 routes=14.735 grad=4.0969 seconds=37.8
Epoch 1123/5000: score=17.640442 loss=-0.599879 valid=1.0000 routes=15.526 grad=4.2961 seconds=37.4
Epoch 1124/5000: score=16.953409 loss=-0.551009 valid=1.0000 routes=14.105 grad=3.6423 seconds=37.7
Epoch 1125/5000: score=18.166498 loss=-0.622878 valid=1.0000 routes=15.361 grad=4.4025 seconds=37.5
Epoch 1126/5000: score=16.463938 loss=-0.549258 valid=1.0000 routes=14.914 grad=3.5656 seconds=37.3
Epoch 1127/5000: score=18.347691 loss=-0.616679 valid=1.0000 routes=14.966 grad=4.2596 seconds=37.1
Epoch 1128/5000: score=18.056703 loss=-0.620172 valid=1.0000 routes=15.741 grad=4.4041 seconds=36.8
Epoch 1129/5000: score=17.821717 loss=-0.631915 valid=1.0000 routes=15.337 grad=4.5230 seconds=38.4
Epoch 1130/5000: score=17.521948 loss=-0.593394 valid=1.0000 routes=14.142 grad=3.8938 seconds=36.9
Epoch 1131/5000: score=17.471818 loss=-0.567404 valid=1.0000 routes=14.283 grad=3.8505 seconds=37.1
Epoch 1132/5000: score=18.319951 loss=-0.624983 valid=1.0000 routes=15.274 grad=4.3534 seconds=37.6
Epoch 1133/5000: score=16.531120 loss=-0.526583 valid=1.0000 routes=13.680 grad=3.2940 seconds=37.9
Epoch 1134/5000: score=16.828872 loss=-0.594732 valid=1.0000 routes=14.628 grad=4.0513 seconds=37.9
Epoch 1135/5000: score=17.413937 loss=-0.581470 valid=1.0000 routes=13.938 grad=3.8383 seconds=37.6
>> Invalid instances, Re-generating ...
Epoch 1136/5000: score=16.008209 loss=-0.530854 valid=1.0000 routes=13.544 grad=3.2462 seconds=37.2
Epoch 1137/5000: score=17.017809 loss=-0.553206 valid=1.0000 routes=13.373 grad=3.8009 seconds=37.3
Epoch 1138/5000: score=17.234133 loss=-0.575430 valid=1.0000 routes=14.334 grad=3.8245 seconds=37.3
Epoch 1139/5000: score=17.379368 loss=-0.581543 valid=1.0000 routes=15.215 grad=4.0004 seconds=37.8
Epoch 1140/5000: score=16.791483 loss=-0.574176 valid=1.0000 routes=14.473 grad=3.8036 seconds=37.5
Epoch 1141/5000: score=15.707062 loss=-0.541745 valid=1.0000 routes=13.576 grad=3.2881 seconds=36.9
Epoch 1142/5000: score=16.304265 loss=-0.555070 valid=1.0000 routes=14.390 grad=3.5131 seconds=38.3
Epoch 1143/5000: score=17.606323 loss=-0.594061 valid=1.0000 routes=14.934 grad=4.1863 seconds=37.3
Epoch 1144/5000: score=17.507397 loss=-0.581860 valid=1.0000 routes=14.453 grad=4.0867 seconds=38.3
Epoch 1145/5000: score=17.244780 loss=-0.586795 valid=1.0000 routes=15.225 grad=4.0651 seconds=37.9
Epoch 1146/5000: score=18.139623 loss=-0.604561 valid=1.0000 routes=14.946 grad=4.2244 seconds=37.7
Epoch 1147/5000: score=16.521162 loss=-0.570149 valid=1.0000 routes=14.628 grad=3.7624 seconds=38.2
Epoch 1148/5000: score=17.741098 loss=-0.608669 valid=1.0000 routes=14.389 grad=4.3097 seconds=37.8
Epoch 1149/5000: score=17.273629 loss=-0.578634 valid=1.0000 routes=15.216 grad=3.8423 seconds=37.5
Epoch 1150/5000: score=15.647360 loss=-0.554778 valid=1.0000 routes=13.748 grad=3.4462 seconds=37.7
Epoch 1151/5000: score=16.280680 loss=-0.561135 valid=1.0000 routes=13.985 grad=3.5790 seconds=37.9
Epoch 1152/5000: score=16.314681 loss=-0.597842 valid=1.0000 routes=14.725 grad=4.0996 seconds=38.1
Epoch 1153/5000: score=17.779773 loss=-0.603443 valid=1.0000 routes=14.700 grad=4.1768 seconds=37.6
Epoch 1154/5000: score=18.769562 loss=-0.631643 valid=1.0000 routes=15.094 grad=4.4025 seconds=37.5
Epoch 1155/5000: score=18.402017 loss=-0.613020 valid=1.0000 routes=15.194 grad=4.3310 seconds=38.2
Epoch 1156/5000: score=17.576371 loss=-0.584035 valid=1.0000 routes=14.887 grad=3.9713 seconds=37.5
Epoch 1157/5000: score=17.198758 loss=-0.566142 valid=1.0000 routes=14.217 grad=3.7832 seconds=38.7
Epoch 1158/5000: score=17.410542 loss=-0.586843 valid=1.0000 routes=14.279 grad=3.9023 seconds=37.0
Epoch 1159/5000: score=18.301108 loss=-0.613931 valid=1.0000 routes=14.797 grad=4.4509 seconds=37.4
Epoch 1160/5000: score=16.371141 loss=-0.541396 valid=1.0000 routes=13.548 grad=3.3993 seconds=37.8
Epoch 1161/5000: score=16.795966 loss=-0.565476 valid=1.0000 routes=13.723 grad=3.7143 seconds=36.8
Epoch 1162/5000: score=17.111915 loss=-0.583837 valid=1.0000 routes=14.491 grad=3.8798 seconds=38.1
Epoch 1163/5000: score=17.548883 loss=-0.583296 valid=1.0000 routes=14.995 grad=4.0642 seconds=37.1
Epoch 1164/5000: score=18.341585 loss=-0.635388 valid=1.0000 routes=16.066 grad=4.6656 seconds=37.5
Epoch 1165/5000: score=17.902292 loss=-0.606310 valid=1.0000 routes=15.185 grad=4.3470 seconds=37.3
Epoch 1166/5000: score=17.314124 loss=-0.587583 valid=1.0000 routes=14.724 grad=4.0973 seconds=37.1
Epoch 1167/5000: score=16.357170 loss=-0.536631 valid=1.0000 routes=13.727 grad=3.3377 seconds=37.6
Epoch 1168/5000: score=16.967122 loss=-0.567230 valid=1.0000 routes=14.084 grad=3.6739 seconds=37.4
Epoch 1169/5000: score=17.428343 loss=-0.562099 valid=1.0000 routes=14.227 grad=3.7085 seconds=36.9
Epoch 1170/5000: score=16.540219 loss=-0.562799 valid=1.0000 routes=14.104 grad=3.6463 seconds=38.3
Epoch 1171/5000: score=18.090875 loss=-0.594069 valid=1.0000 routes=14.989 grad=4.1670 seconds=37.1
Epoch 1172/5000: score=16.367419 loss=-0.551172 valid=1.0000 routes=13.677 grad=3.4628 seconds=37.8
Epoch 1173/5000: score=17.375318 loss=-0.568545 valid=1.0000 routes=14.512 grad=3.7929 seconds=38.0
Epoch 1174/5000: score=16.809055 loss=-0.556514 valid=1.0000 routes=14.073 grad=3.6511 seconds=37.3
Epoch 1175/5000: score=17.601478 loss=-0.612715 valid=1.0000 routes=14.521 grad=4.3532 seconds=38.1
Epoch 1176/5000: score=17.987203 loss=-0.584875 valid=1.0000 routes=14.416 grad=4.0981 seconds=37.4
Epoch 1177/5000: score=16.030775 loss=-0.534387 valid=1.0000 routes=14.309 grad=3.3682 seconds=38.1
Epoch 1178/5000: score=17.444900 loss=-0.585464 valid=1.0000 routes=14.448 grad=4.0319 seconds=37.5
Epoch 1179/5000: score=17.602363 loss=-0.577708 valid=1.0000 routes=14.798 grad=4.0513 seconds=37.2
Epoch 1180/5000: score=17.889953 loss=-0.571725 valid=1.0000 routes=15.359 grad=3.9475 seconds=37.4
Epoch 1181/5000: score=17.212170 loss=-0.611845 valid=1.0000 routes=15.544 grad=4.2983 seconds=37.1
Epoch 1182/5000: score=17.280046 loss=-0.551544 valid=1.0000 routes=14.258 grad=3.9177 seconds=37.4
Epoch 1183/5000: score=17.393777 loss=-0.604997 valid=1.0000 routes=15.118 grad=4.0981 seconds=37.7
Epoch 1184/5000: score=19.141604 loss=-0.648290 valid=1.0000 routes=15.672 grad=4.9501 seconds=37.5
Epoch 1185/5000: score=18.332245 loss=-0.629776 valid=1.0000 routes=15.240 grad=4.6795 seconds=38.1
Epoch 1186/5000: score=16.811497 loss=-0.566154 valid=1.0000 routes=13.989 grad=3.8042 seconds=37.2
Epoch 1187/5000: score=16.850890 loss=-0.552921 valid=1.0000 routes=14.882 grad=3.7965 seconds=37.0
Epoch 1188/5000: score=17.522450 loss=-0.575513 valid=1.0000 routes=14.382 grad=4.0329 seconds=37.6
Epoch 1189/5000: score=17.604596 loss=-0.601879 valid=1.0000 routes=14.665 grad=4.3010 seconds=37.6
Epoch 1190/5000: score=16.913321 loss=-0.590476 valid=1.0000 routes=14.627 grad=3.9725 seconds=37.9
Epoch 1191/5000: score=16.977141 loss=-0.549607 valid=1.0000 routes=13.272 grad=3.4974 seconds=37.2
Epoch 1192/5000: score=18.246730 loss=-0.591546 valid=1.0000 routes=14.414 grad=4.1348 seconds=37.4
Epoch 1193/5000: score=17.255970 loss=-0.576203 valid=1.0000 routes=13.917 grad=3.9986 seconds=37.8
Epoch 1194/5000: score=16.689699 loss=-0.554402 valid=1.0000 routes=13.888 grad=3.5939 seconds=37.4
Epoch 1195/5000: score=18.491577 loss=-0.615881 valid=1.0000 routes=14.967 grad=4.2843 seconds=37.0
Epoch 1196/5000: score=17.613617 loss=-0.559080 valid=1.0000 routes=14.338 grad=3.8175 seconds=37.7
Epoch 1197/5000: score=17.508199 loss=-0.553644 valid=1.0000 routes=13.888 grad=3.7820 seconds=36.9
Epoch 1198/5000: score=17.773378 loss=-0.573796 valid=1.0000 routes=15.274 grad=4.0689 seconds=38.2
Epoch 1199/5000: score=17.547833 loss=-0.541155 valid=1.0000 routes=14.220 grad=3.6472 seconds=37.3
Epoch 1200/5000: score=17.725009 loss=-0.584246 valid=1.0000 routes=14.766 grad=4.1245 seconds=37.5
Epoch 1201/5000: score=17.212243 loss=-0.544930 valid=1.0000 routes=12.976 grad=3.6381 seconds=37.9
Epoch 1202/5000: score=17.391920 loss=-0.577183 valid=1.0000 routes=15.198 grad=3.9692 seconds=37.3
Epoch 1203/5000: score=17.578799 loss=-0.558003 valid=1.0000 routes=13.880 grad=3.8877 seconds=37.5
Epoch 1204/5000: score=17.521213 loss=-0.567600 valid=1.0000 routes=14.921 grad=4.0731 seconds=37.1
Epoch 1205/5000: score=16.982482 loss=-0.563781 valid=1.0000 routes=14.116 grad=3.8188 seconds=37.3
Epoch 1206/5000: score=16.763194 loss=-0.601616 valid=1.0000 routes=15.902 grad=4.2640 seconds=37.7
Epoch 1207/5000: score=18.563669 loss=-0.601636 valid=1.0000 routes=15.138 grad=4.3346 seconds=37.4
Epoch 1208/5000: score=17.233739 loss=-0.554395 valid=1.0000 routes=14.833 grad=3.8362 seconds=37.8
Epoch 1209/5000: score=17.426730 loss=-0.575464 valid=1.0000 routes=14.530 grad=4.1421 seconds=37.3
Epoch 1210/5000: score=16.976176 loss=-0.580711 valid=1.0000 routes=15.030 grad=3.9698 seconds=37.2
Epoch 1211/5000: score=17.204477 loss=-0.587981 valid=1.0000 routes=14.296 grad=4.0459 seconds=37.9
Epoch 1212/5000: score=17.501099 loss=-0.593417 valid=1.0000 routes=14.516 grad=4.0207 seconds=36.9
Epoch 1213/5000: score=17.005929 loss=-0.558936 valid=1.0000 routes=14.002 grad=3.7564 seconds=37.7
Epoch 1214/5000: score=17.357746 loss=-0.565961 valid=1.0000 routes=14.974 grad=3.9027 seconds=37.4
Epoch 1215/5000: score=17.688946 loss=-0.583899 valid=1.0000 routes=14.212 grad=4.0691 seconds=37.3
Epoch 1216/5000: score=17.825529 loss=-0.579724 valid=1.0000 routes=14.474 grad=4.2495 seconds=37.6
Epoch 1217/5000: score=18.179863 loss=-0.577531 valid=1.0000 routes=14.987 grad=4.0271 seconds=37.0
Epoch 1218/5000: score=19.102100 loss=-0.605011 valid=1.0000 routes=14.831 grad=4.6418 seconds=37.1
Epoch 1219/5000: score=17.511351 loss=-0.582971 valid=1.0000 routes=15.285 grad=4.3355 seconds=37.4
Epoch 1220/5000: score=16.594066 loss=-0.567631 valid=1.0000 routes=13.611 grad=3.6851 seconds=37.6
Epoch 1221/5000: score=16.084974 loss=-0.512207 valid=1.0000 routes=13.332 grad=3.2018 seconds=38.3
Epoch 1222/5000: score=17.486312 loss=-0.567703 valid=1.0000 routes=14.602 grad=3.8950 seconds=37.4
Epoch 1223/5000: score=17.636163 loss=-0.582982 valid=1.0000 routes=14.889 grad=4.1692 seconds=37.3
Epoch 1224/5000: score=16.164810 loss=-0.539734 valid=1.0000 routes=13.617 grad=3.4347 seconds=37.8
Epoch 1225/5000: score=18.599238 loss=-0.601227 valid=1.0000 routes=14.239 grad=4.3308 seconds=37.3
Epoch 1226/5000: score=17.663741 loss=-0.570816 valid=1.0000 routes=14.361 grad=4.0384 seconds=37.9
Epoch 1227/5000: score=17.170514 loss=-0.552307 valid=1.0000 routes=13.909 grad=3.8086 seconds=37.4
Epoch 1228/5000: score=17.312461 loss=-0.553376 valid=1.0000 routes=13.684 grad=3.7536 seconds=37.7
Epoch 1229/5000: score=17.537071 loss=-0.562380 valid=1.0000 routes=13.819 grad=3.8243 seconds=37.5
Epoch 1230/5000: score=17.526000 loss=-0.566955 valid=1.0000 routes=14.157 grad=3.9065 seconds=37.8
Epoch 1231/5000: score=17.322332 loss=-0.561866 valid=1.0000 routes=13.810 grad=3.7055 seconds=37.5
Epoch 1232/5000: score=15.850000 loss=-0.530776 valid=1.0000 routes=14.101 grad=3.4423 seconds=37.7
Epoch 1233/5000: score=17.696660 loss=-0.613998 valid=1.0000 routes=14.982 grad=4.4028 seconds=37.7
Epoch 1234/5000: score=18.049745 loss=-0.622869 valid=1.0000 routes=15.645 grad=4.5749 seconds=37.9
Epoch 1235/5000: score=16.589691 loss=-0.566373 valid=1.0000 routes=14.174 grad=3.6976 seconds=37.7
Epoch 1236/5000: score=17.066801 loss=-0.583605 valid=1.0000 routes=15.209 grad=4.1157 seconds=37.9
Epoch 1237/5000: score=18.409390 loss=-0.619987 valid=1.0000 routes=15.077 grad=4.5717 seconds=38.2
Epoch 1238/5000: score=16.881514 loss=-0.565786 valid=1.0000 routes=13.298 grad=3.8444 seconds=37.6
Epoch 1239/5000: score=16.909660 loss=-0.556326 valid=1.0000 routes=13.885 grad=3.6949 seconds=37.9
Epoch 1240/5000: score=18.446101 loss=-0.580244 valid=1.0000 routes=14.954 grad=4.1698 seconds=37.0
Epoch 1241/5000: score=17.849522 loss=-0.563033 valid=1.0000 routes=14.545 grad=3.9289 seconds=37.7
Epoch 1242/5000: score=17.273204 loss=-0.587162 valid=1.0000 routes=14.871 grad=4.2871 seconds=38.0
Epoch 1243/5000: score=17.072136 loss=-0.585189 valid=1.0000 routes=14.049 grad=3.8955 seconds=36.9
Epoch 1244/5000: score=16.696441 loss=-0.532889 valid=1.0000 routes=13.390 grad=3.5983 seconds=37.9
Epoch 1245/5000: score=17.564094 loss=-0.550949 valid=1.0000 routes=15.273 grad=3.7860 seconds=37.2
Epoch 1246/5000: score=18.246676 loss=-0.575527 valid=1.0000 routes=14.082 grad=4.1861 seconds=37.4
Epoch 1247/5000: score=17.895143 loss=-0.590313 valid=1.0000 routes=14.770 grad=4.2219 seconds=37.5
Epoch 1248/5000: score=16.392707 loss=-0.562147 valid=1.0000 routes=14.895 grad=3.7517 seconds=37.4
Epoch 1249/5000: score=19.156071 loss=-0.605580 valid=1.0000 routes=14.793 grad=4.5608 seconds=37.7
Epoch 1250/5000: score=18.023247 loss=-0.607141 valid=1.0000 routes=14.712 grad=4.5267 seconds=37.4
Epoch 1251/5000: score=17.134878 loss=-0.561301 valid=1.0000 routes=13.997 grad=3.8794 seconds=37.3
Epoch 1252/5000: score=16.761471 loss=-0.552576 valid=1.0000 routes=13.664 grad=3.6873 seconds=38.2
Epoch 1253/5000: score=17.575867 loss=-0.619251 valid=1.0000 routes=15.125 grad=4.3610 seconds=37.6
Epoch 1254/5000: score=16.725993 loss=-0.564406 valid=1.0000 routes=14.674 grad=3.8891 seconds=38.0
Epoch 1255/5000: score=17.691299 loss=-0.605386 valid=1.0000 routes=15.432 grad=4.0978 seconds=37.6
Epoch 1256/5000: score=17.312193 loss=-0.594790 valid=1.0000 routes=15.596 grad=4.1660 seconds=37.4
Epoch 1257/5000: score=17.365056 loss=-0.581822 valid=1.0000 routes=14.321 grad=4.1692 seconds=38.2
Epoch 1258/5000: score=17.274710 loss=-0.563420 valid=1.0000 routes=14.135 grad=3.8134 seconds=37.3
Epoch 1259/5000: score=16.535415 loss=-0.522040 valid=1.0000 routes=13.261 grad=3.2359 seconds=37.6
Epoch 1260/5000: score=16.729700 loss=-0.536511 valid=1.0000 routes=12.621 grad=3.5813 seconds=37.8
Epoch 1261/5000: score=18.378978 loss=-0.608295 valid=1.0000 routes=15.581 grad=4.4722 seconds=37.4
Epoch 1262/5000: score=17.893257 loss=-0.575602 valid=1.0000 routes=14.933 grad=4.2425 seconds=38.0
Epoch 1263/5000: score=16.810215 loss=-0.547682 valid=1.0000 routes=14.741 grad=3.7094 seconds=37.2
Epoch 1264/5000: score=16.771211 loss=-0.535086 valid=1.0000 routes=13.350 grad=3.5066 seconds=37.5
Epoch 1265/5000: score=17.605912 loss=-0.583607 valid=1.0000 routes=14.560 grad=4.2526 seconds=37.9
Epoch 1266/5000: score=17.499861 loss=-0.586016 valid=1.0000 routes=14.449 grad=4.2371 seconds=37.2
Epoch 1267/5000: score=18.331801 loss=-0.610493 valid=1.0000 routes=15.665 grad=4.5655 seconds=38.1
Epoch 1268/5000: score=17.097066 loss=-0.576770 valid=1.0000 routes=14.870 grad=3.9996 seconds=37.0
Epoch 1269/5000: score=17.631516 loss=-0.594519 valid=1.0000 routes=14.338 grad=4.0785 seconds=37.5
Epoch 1270/5000: score=17.443113 loss=-0.583863 valid=1.0000 routes=14.360 grad=4.0484 seconds=37.5
Epoch 1271/5000: score=18.368476 loss=-0.598982 valid=1.0000 routes=14.952 grad=4.3470 seconds=36.9
Epoch 1272/5000: score=17.059640 loss=-0.556516 valid=1.0000 routes=14.142 grad=3.7964 seconds=37.7
Epoch 1273/5000: score=17.320657 loss=-0.570361 valid=1.0000 routes=14.715 grad=4.0218 seconds=37.4
Epoch 1274/5000: score=17.127513 loss=-0.584618 valid=1.0000 routes=15.149 grad=4.1273 seconds=37.5
Epoch 1275/5000: score=17.088030 loss=-0.585437 valid=1.0000 routes=14.935 grad=4.1243 seconds=37.6
Epoch 1276/5000: score=18.067990 loss=-0.605157 valid=1.0000 routes=14.602 grad=4.3328 seconds=37.5
Epoch 1277/5000: score=17.533085 loss=-0.566640 valid=1.0000 routes=15.078 grad=4.0185 seconds=37.0
Epoch 1278/5000: score=16.884182 loss=-0.579740 valid=1.0000 routes=14.003 grad=4.0804 seconds=37.6
Epoch 1279/5000: score=16.806561 loss=-0.581642 valid=1.0000 routes=14.566 grad=4.1219 seconds=37.1
Epoch 1280/5000: score=17.190565 loss=-0.575037 valid=1.0000 routes=14.912 grad=3.8553 seconds=37.6
Epoch 1281/5000: score=17.467954 loss=-0.582452 valid=1.0000 routes=15.033 grad=4.1169 seconds=36.8
Epoch 1282/5000: score=18.068256 loss=-0.591528 valid=1.0000 routes=15.099 grad=4.1991 seconds=37.6
Epoch 1283/5000: score=17.915059 loss=-0.584652 valid=1.0000 routes=14.652 grad=4.3014 seconds=37.4
Epoch 1284/5000: score=16.819453 loss=-0.550255 valid=1.0000 routes=14.165 grad=3.7411 seconds=37.3
Epoch 1285/5000: score=16.642031 loss=-0.558116 valid=1.0000 routes=14.645 grad=3.7299 seconds=38.6
Epoch 1286/5000: score=16.265387 loss=-0.553028 valid=1.0000 routes=14.867 grad=3.6482 seconds=37.9
Epoch 1287/5000: score=17.630076 loss=-0.589078 valid=1.0000 routes=14.590 grad=4.1854 seconds=38.1
Epoch 1288/5000: score=17.201616 loss=-0.567978 valid=1.0000 routes=14.691 grad=3.9860 seconds=37.6
Epoch 1289/5000: score=17.625048 loss=-0.600646 valid=1.0000 routes=15.882 grad=4.4915 seconds=37.5
Epoch 1290/5000: score=18.189622 loss=-0.583426 valid=1.0000 routes=14.926 grad=4.1221 seconds=37.6
Epoch 1291/5000: score=16.755044 loss=-0.568103 valid=1.0000 routes=14.970 grad=4.0212 seconds=37.7
Epoch 1292/5000: score=17.840167 loss=-0.604167 valid=1.0000 routes=15.056 grad=4.5034 seconds=37.6
Epoch 1293/5000: score=16.975932 loss=-0.532245 valid=1.0000 routes=13.632 grad=3.5957 seconds=38.0
Epoch 1294/5000: score=16.846140 loss=-0.544079 valid=1.0000 routes=14.053 grad=3.7281 seconds=36.9
Epoch 1295/5000: score=17.495365 loss=-0.536595 valid=1.0000 routes=14.274 grad=3.7645 seconds=38.0
Epoch 1296/5000: score=17.044187 loss=-0.526293 valid=1.0000 routes=13.759 grad=3.6831 seconds=37.1
Epoch 1297/5000: score=16.383810 loss=-0.557486 valid=1.0000 routes=13.767 grad=3.8818 seconds=37.7
Epoch 1298/5000: score=18.464232 loss=-0.599625 valid=1.0000 routes=14.839 grad=4.5001 seconds=38.1
Epoch 1299/5000: score=19.372623 loss=-0.628954 valid=1.0000 routes=15.250 grad=4.8252 seconds=37.3
Epoch 1300/5000: score=17.799998 loss=-0.574163 valid=1.0000 routes=14.424 grad=4.1371 seconds=37.7
Epoch 1301/5000: score=17.942661 loss=-0.585967 valid=1.0000 routes=14.848 grad=4.3580 seconds=36.9
Epoch 1302/5000: score=16.519925 loss=-0.557836 valid=1.0000 routes=14.736 grad=3.8098 seconds=37.5
Epoch 1303/5000: score=16.856569 loss=-0.536857 valid=1.0000 routes=13.990 grad=3.6376 seconds=37.5
Epoch 1304/5000: score=16.693060 loss=-0.566446 valid=1.0000 routes=14.033 grad=4.0317 seconds=37.5
Epoch 1305/5000: score=18.533455 loss=-0.621804 valid=1.0000 routes=15.389 grad=4.5373 seconds=37.3
Epoch 1306/5000: score=17.222338 loss=-0.546267 valid=1.0000 routes=15.232 grad=4.1464 seconds=38.0
Epoch 1307/5000: score=16.438804 loss=-0.544279 valid=1.0000 routes=13.194 grad=3.5485 seconds=37.2
Epoch 1308/5000: score=17.387671 loss=-0.566115 valid=1.0000 routes=14.617 grad=3.9649 seconds=38.1
Epoch 1309/5000: score=17.258395 loss=-0.565235 valid=1.0000 routes=15.226 grad=4.1177 seconds=37.3
Epoch 1310/5000: score=16.924782 loss=-0.566452 valid=1.0000 routes=15.108 grad=3.9544 seconds=37.6
Epoch 1311/5000: score=16.585132 loss=-0.550888 valid=1.0000 routes=14.422 grad=3.6003 seconds=37.2
Epoch 1312/5000: score=17.019418 loss=-0.571383 valid=1.0000 routes=14.438 grad=3.9097 seconds=37.2
Epoch 1313/5000: score=15.909253 loss=-0.548130 valid=1.0000 routes=13.350 grad=3.6345 seconds=38.1
Epoch 1314/5000: score=17.049975 loss=-0.541184 valid=1.0000 routes=13.591 grad=3.6650 seconds=37.0
Epoch 1315/5000: score=17.036996 loss=-0.547047 valid=1.0000 routes=14.768 grad=3.7886 seconds=37.8
Epoch 1316/5000: score=17.110695 loss=-0.573963 valid=1.0000 routes=14.741 grad=4.0518 seconds=37.7
Epoch 1317/5000: score=17.679363 loss=-0.551537 valid=1.0000 routes=14.730 grad=3.9431 seconds=37.3
Epoch 1318/5000: score=16.488011 loss=-0.548461 valid=1.0000 routes=15.052 grad=3.7991 seconds=37.5
Epoch 1319/5000: score=16.989909 loss=-0.528739 valid=1.0000 routes=13.429 grad=3.4168 seconds=37.3
Epoch 1320/5000: score=16.224659 loss=-0.538056 valid=1.0000 routes=13.439 grad=3.6346 seconds=37.3
Epoch 1321/5000: score=17.917202 loss=-0.578795 valid=1.0000 routes=14.673 grad=4.2149 seconds=38.0
Epoch 1322/5000: score=17.594477 loss=-0.571542 valid=1.0000 routes=14.403 grad=4.1497 seconds=37.1
Epoch 1323/5000: score=17.101480 loss=-0.559041 valid=1.0000 routes=14.468 grad=3.9636 seconds=37.9
Epoch 1324/5000: score=17.668838 loss=-0.580910 valid=1.0000 routes=15.054 grad=4.2554 seconds=36.8
Epoch 1325/5000: score=17.357672 loss=-0.557399 valid=1.0000 routes=14.928 grad=3.9116 seconds=36.8
Epoch 1326/5000: score=17.149856 loss=-0.573100 valid=1.0000 routes=14.800 grad=4.0385 seconds=37.9
Epoch 1327/5000: score=18.587278 loss=-0.615073 valid=1.0000 routes=15.871 grad=4.5665 seconds=36.8
Epoch 1328/5000: score=18.134947 loss=-0.590745 valid=1.0000 routes=15.362 grad=4.3071 seconds=37.9
Epoch 1329/5000: score=17.139498 loss=-0.556482 valid=1.0000 routes=15.143 grad=3.8964 seconds=37.5
Epoch 1330/5000: score=16.839591 loss=-0.582558 valid=1.0000 routes=15.189 grad=4.2402 seconds=37.4
Epoch 1331/5000: score=18.406683 loss=-0.576430 valid=1.0000 routes=15.454 grad=4.3320 seconds=37.6
Epoch 1332/5000: score=17.220004 loss=-0.564407 valid=1.0000 routes=14.364 grad=3.9889 seconds=37.3
Epoch 1333/5000: score=16.455690 loss=-0.552107 valid=1.0000 routes=14.279 grad=3.8525 seconds=37.3
Epoch 1334/5000: score=16.287219 loss=-0.533662 valid=1.0000 routes=13.893 grad=3.5375 seconds=38.0
Epoch 1335/5000: score=17.238384 loss=-0.539326 valid=1.0000 routes=14.957 grad=3.7524 seconds=37.1
Epoch 1336/5000: score=17.442654 loss=-0.580328 valid=1.0000 routes=14.919 grad=4.3037 seconds=37.9
Epoch 1337/5000: score=16.507561 loss=-0.555873 valid=1.0000 routes=14.530 grad=3.8118 seconds=37.2
Epoch 1338/5000: score=18.058742 loss=-0.579571 valid=1.0000 routes=14.643 grad=4.1957 seconds=37.3
Epoch 1339/5000: score=16.531976 loss=-0.541559 valid=1.0000 routes=14.319 grad=3.7214 seconds=37.8
Epoch 1340/5000: score=16.927736 loss=-0.548988 valid=1.0000 routes=14.924 grad=3.9736 seconds=37.3
Epoch 1341/5000: score=15.215702 loss=-0.496354 valid=1.0000 routes=12.302 grad=3.0958 seconds=37.7
Epoch 1342/5000: score=18.570057 loss=-0.619282 valid=1.0000 routes=14.763 grad=4.6630 seconds=37.4
Epoch 1343/5000: score=16.018211 loss=-0.513551 valid=1.0000 routes=14.232 grad=3.4509 seconds=37.1
Epoch 1344/5000: score=18.838474 loss=-0.606448 valid=1.0000 routes=15.442 grad=4.6510 seconds=37.7
Epoch 1345/5000: score=18.295871 loss=-0.586752 valid=1.0000 routes=15.213 grad=4.3709 seconds=37.0
Epoch 1346/5000: score=17.160494 loss=-0.586016 valid=1.0000 routes=15.988 grad=4.1982 seconds=37.2
Epoch 1347/5000: score=18.238058 loss=-0.592694 valid=1.0000 routes=15.646 grad=4.4006 seconds=37.4
Epoch 1348/5000: score=16.863574 loss=-0.546703 valid=1.0000 routes=14.193 grad=3.6808 seconds=37.0
Epoch 1349/5000: score=16.635780 loss=-0.521094 valid=1.0000 routes=14.056 grad=3.4803 seconds=37.7
Epoch 1350/5000: score=17.788071 loss=-0.549057 valid=1.0000 routes=14.755 grad=4.0160 seconds=37.2
Epoch 1351/5000: score=18.318573 loss=-0.583478 valid=1.0000 routes=14.578 grad=4.3003 seconds=37.5
Epoch 1352/5000: score=16.401109 loss=-0.531714 valid=1.0000 routes=13.632 grad=3.4708 seconds=37.9
Epoch 1353/5000: score=16.916636 loss=-0.540221 valid=1.0000 routes=13.820 grad=3.6491 seconds=36.7
Epoch 1354/5000: score=16.682350 loss=-0.532799 valid=1.0000 routes=14.355 grad=3.6407 seconds=37.5
>> Invalid instances, Re-generating ...
Epoch 1355/5000: score=17.623290 loss=-0.566370 valid=1.0000 routes=14.742 grad=4.0991 seconds=37.2
>> Invalid instances, Re-generating ...
Epoch 1356/5000: score=17.188322 loss=-0.590292 valid=1.0000 routes=14.806 grad=4.4840 seconds=37.1
Epoch 1357/5000: score=16.965504 loss=-0.543270 valid=1.0000 routes=13.545 grad=3.7971 seconds=37.3
Epoch 1358/5000: score=17.152871 loss=-0.564712 valid=1.0000 routes=14.363 grad=4.1781 seconds=37.2
Epoch 1359/5000: score=18.503329 loss=-0.568771 valid=1.0000 routes=14.359 grad=4.3065 seconds=37.4
Epoch 1360/5000: score=17.617481 loss=-0.572792 valid=1.0000 routes=15.433 grad=4.1450 seconds=37.4
Epoch 1361/5000: score=17.473367 loss=-0.576179 valid=1.0000 routes=14.463 grad=4.2981 seconds=37.2
Epoch 1362/5000: score=17.816999 loss=-0.590039 valid=1.0000 routes=15.463 grad=4.3592 seconds=37.7
Epoch 1363/5000: score=16.238915 loss=-0.541340 valid=1.0000 routes=14.247 grad=3.6994 seconds=37.1
Epoch 1364/5000: score=17.606611 loss=-0.586781 valid=1.0000 routes=14.972 grad=4.2022 seconds=37.2
Epoch 1365/5000: score=16.254378 loss=-0.508256 valid=1.0000 routes=13.947 grad=3.2670 seconds=36.8
Epoch 1366/5000: score=17.869541 loss=-0.607064 valid=1.0000 routes=15.634 grad=4.3976 seconds=36.8
Epoch 1367/5000: score=17.805013 loss=-0.572641 valid=1.0000 routes=15.479 grad=4.3704 seconds=37.9
Epoch 1368/5000: score=18.318779 loss=-0.599244 valid=1.0000 routes=15.081 grad=4.5474 seconds=37.4
Epoch 1369/5000: score=17.012301 loss=-0.566481 valid=1.0000 routes=14.047 grad=3.8339 seconds=37.4
Epoch 1370/5000: score=16.853167 loss=-0.542230 valid=1.0000 routes=14.594 grad=3.8186 seconds=38.8
Epoch 1371/5000: score=18.015231 loss=-0.578202 valid=1.0000 routes=14.935 grad=4.2799 seconds=37.7
Epoch 1372/5000: score=17.142368 loss=-0.536551 valid=1.0000 routes=13.970 grad=3.7508 seconds=37.6
Epoch 1373/5000: score=17.608228 loss=-0.549650 valid=1.0000 routes=14.229 grad=4.0155 seconds=37.3
Epoch 1374/5000: score=16.867022 loss=-0.545111 valid=1.0000 routes=14.324 grad=3.6187 seconds=37.2
Epoch 1375/5000: score=17.944862 loss=-0.569728 valid=1.0000 routes=14.463 grad=4.1127 seconds=37.3
Epoch 1376/5000: score=16.755224 loss=-0.541674 valid=1.0000 routes=14.205 grad=3.8317 seconds=36.9
Epoch 1377/5000: score=17.311177 loss=-0.541951 valid=1.0000 routes=13.745 grad=3.7886 seconds=37.3
Epoch 1378/5000: score=17.216191 loss=-0.568754 valid=1.0000 routes=14.767 grad=3.9966 seconds=37.0
Epoch 1379/5000: score=16.373579 loss=-0.516110 valid=1.0000 routes=14.165 grad=3.5520 seconds=37.0
Epoch 1380/5000: score=17.236606 loss=-0.544846 valid=1.0000 routes=13.296 grad=3.8295 seconds=37.6
Epoch 1381/5000: score=17.621068 loss=-0.575467 valid=1.0000 routes=14.788 grad=4.0956 seconds=37.1
Epoch 1382/5000: score=17.385556 loss=-0.573128 valid=1.0000 routes=15.548 grad=4.1811 seconds=37.5
Epoch 1383/5000: score=17.327602 loss=-0.535539 valid=1.0000 routes=13.061 grad=3.7458 seconds=37.3
Epoch 1384/5000: score=17.292609 loss=-0.520742 valid=1.0000 routes=13.565 grad=3.6423 seconds=37.2
Epoch 1385/5000: score=18.055770 loss=-0.562878 valid=1.0000 routes=14.787 grad=4.1986 seconds=37.4
Epoch 1386/5000: score=18.112964 loss=-0.597496 valid=1.0000 routes=15.730 grad=4.4502 seconds=37.2
Epoch 1387/5000: score=16.999131 loss=-0.542259 valid=1.0000 routes=14.427 grad=3.7382 seconds=37.4
Epoch 1388/5000: score=17.039067 loss=-0.539972 valid=1.0000 routes=14.556 grad=3.8641 seconds=38.1
Epoch 1389/5000: score=16.861595 loss=-0.525527 valid=1.0000 routes=13.332 grad=3.5688 seconds=37.3
>> Invalid instances, Re-generating ...
Epoch 1390/5000: score=16.760573 loss=-0.546827 valid=1.0000 routes=14.489 grad=3.8617 seconds=38.1
Epoch 1391/5000: score=17.084920 loss=-0.568823 valid=1.0000 routes=15.174 grad=4.1662 seconds=37.1
Epoch 1392/5000: score=17.971656 loss=-0.590721 valid=1.0000 routes=14.451 grad=4.4963 seconds=37.7
Epoch 1393/5000: score=16.640823 loss=-0.521061 valid=1.0000 routes=14.722 grad=3.5664 seconds=37.8
Epoch 1394/5000: score=17.013387 loss=-0.558805 valid=1.0000 routes=14.087 grad=4.0395 seconds=37.8
Epoch 1395/5000: score=16.495306 loss=-0.553173 valid=1.0000 routes=15.214 grad=3.9346 seconds=38.1
Epoch 1396/5000: score=17.928565 loss=-0.563795 valid=1.0000 routes=14.807 grad=4.2090 seconds=38.2
Epoch 1397/5000: score=18.344098 loss=-0.570632 valid=1.0000 routes=15.651 grad=4.2103 seconds=38.1
>> Invalid instances, Re-generating ...
Epoch 1398/5000: score=17.828391 loss=-0.551679 valid=1.0000 routes=14.571 grad=4.1580 seconds=37.6
Epoch 1399/5000: score=17.367398 loss=-0.540028 valid=1.0000 routes=13.652 grad=3.9894 seconds=37.9
Epoch 1400/5000: score=17.864090 loss=-0.581713 valid=1.0000 routes=15.072 grad=4.3437 seconds=37.9
Epoch 1401/5000: score=18.750835 loss=-0.603681 valid=1.0000 routes=15.932 grad=4.7165 seconds=38.0
Epoch 1402/5000: score=17.098947 loss=-0.569944 valid=1.0000 routes=14.643 grad=4.1426 seconds=37.6
Epoch 1403/5000: score=16.979639 loss=-0.546306 valid=1.0000 routes=13.541 grad=3.8778 seconds=38.4
Epoch 1404/5000: score=16.938594 loss=-0.516001 valid=1.0000 routes=13.888 grad=3.5373 seconds=37.8
Epoch 1405/5000: score=19.555821 loss=-0.629041 valid=1.0000 routes=16.271 grad=4.8040 seconds=38.1
Epoch 1406/5000: score=17.910071 loss=-0.561717 valid=1.0000 routes=15.208 grad=4.2637 seconds=37.9
Epoch 1407/5000: score=16.624182 loss=-0.533766 valid=1.0000 routes=13.772 grad=3.8066 seconds=37.7
Epoch 1408/5000: score=17.607768 loss=-0.558565 valid=1.0000 routes=15.221 grad=4.1309 seconds=38.3
Epoch 1409/5000: score=18.038115 loss=-0.580374 valid=1.0000 routes=15.076 grad=4.5001 seconds=38.2
Epoch 1410/5000: score=17.595594 loss=-0.577501 valid=1.0000 routes=15.111 grad=4.4281 seconds=39.0
Epoch 1411/5000: score=16.513926 loss=-0.553412 valid=1.0000 routes=13.771 grad=4.0813 seconds=38.1
Epoch 1412/5000: score=18.428012 loss=-0.590405 valid=1.0000 routes=15.050 grad=4.3691 seconds=37.8
Epoch 1413/5000: score=17.155827 loss=-0.548035 valid=1.0000 routes=13.728 grad=3.8270 seconds=38.6
Epoch 1414/5000: score=17.331283 loss=-0.558778 valid=1.0000 routes=15.167 grad=4.1049 seconds=38.0
Epoch 1415/5000: score=17.851761 loss=-0.580882 valid=1.0000 routes=14.806 grad=4.3338 seconds=38.1
Epoch 1416/5000: score=17.218462 loss=-0.579100 valid=1.0000 routes=15.110 grad=4.1241 seconds=38.0
Epoch 1417/5000: score=16.596477 loss=-0.532242 valid=1.0000 routes=13.284 grad=3.6293 seconds=37.7
Epoch 1418/5000: score=17.727924 loss=-0.567889 valid=1.0000 routes=14.349 grad=4.2139 seconds=38.0
Epoch 1419/5000: score=16.321325 loss=-0.531097 valid=1.0000 routes=14.369 grad=3.5678 seconds=37.1
Epoch 1420/5000: score=16.645659 loss=-0.538808 valid=1.0000 routes=14.155 grad=3.6966 seconds=37.0
Epoch 1421/5000: score=16.944851 loss=-0.515501 valid=1.0000 routes=14.146 grad=3.5567 seconds=37.3
Epoch 1422/5000: score=16.421871 loss=-0.509862 valid=1.0000 routes=13.942 grad=3.7202 seconds=37.3
>> Invalid instances, Re-generating ...
Epoch 1423/5000: score=17.776250 loss=-0.550635 valid=1.0000 routes=14.860 grad=4.0486 seconds=37.9
>> Invalid instances, Re-generating ...
Epoch 1424/5000: score=16.186852 loss=-0.521316 valid=1.0000 routes=13.474 grad=3.4845 seconds=37.2
Epoch 1425/5000: score=17.595179 loss=-0.551311 valid=1.0000 routes=14.240 grad=3.9826 seconds=37.5
Epoch 1426/5000: score=16.739084 loss=-0.541370 valid=1.0000 routes=14.887 grad=3.8251 seconds=37.5
Epoch 1427/5000: score=16.372196 loss=-0.517919 valid=1.0000 routes=13.566 grad=3.4522 seconds=37.8
Epoch 1428/5000: score=18.490924 loss=-0.616837 valid=1.0000 routes=15.012 grad=4.7762 seconds=38.2
Epoch 1429/5000: score=17.107510 loss=-0.550488 valid=1.0000 routes=14.317 grad=3.9979 seconds=37.8
Epoch 1430/5000: score=17.619982 loss=-0.557137 valid=1.0000 routes=14.136 grad=4.2228 seconds=37.4
>> Invalid instances, Re-generating ...
Epoch 1431/5000: score=17.278447 loss=-0.562342 valid=1.0000 routes=14.819 grad=4.1852 seconds=38.2
Epoch 1432/5000: score=18.086156 loss=-0.596468 valid=1.0000 routes=15.258 grad=4.5383 seconds=37.5
Epoch 1433/5000: score=16.673946 loss=-0.541301 valid=1.0000 routes=14.482 grad=3.7313 seconds=37.4
Epoch 1434/5000: score=18.034653 loss=-0.554697 valid=1.0000 routes=14.828 grad=4.0981 seconds=37.5
Epoch 1435/5000: score=17.990011 loss=-0.570159 valid=1.0000 routes=14.323 grad=4.2697 seconds=36.8
Epoch 1436/5000: score=17.632283 loss=-0.575180 valid=1.0000 routes=14.703 grad=4.3316 seconds=38.1
Epoch 1437/5000: score=18.218513 loss=-0.568869 valid=1.0000 routes=15.116 grad=4.3958 seconds=37.1
Epoch 1438/5000: score=16.416525 loss=-0.541895 valid=1.0000 routes=14.170 grad=3.9794 seconds=37.7
Epoch 1439/5000: score=18.252463 loss=-0.602510 valid=1.0000 routes=15.549 grad=4.5714 seconds=37.9
Epoch 1440/5000: score=17.731372 loss=-0.567831 valid=1.0000 routes=14.276 grad=4.4007 seconds=37.7
Epoch 1441/5000: score=17.614117 loss=-0.554364 valid=1.0000 routes=14.606 grad=4.1788 seconds=37.4
Epoch 1442/5000: score=18.332401 loss=-0.602126 valid=1.0000 routes=15.509 grad=4.8067 seconds=37.4
Epoch 1443/5000: score=18.384196 loss=-0.578615 valid=1.0000 routes=14.943 grad=4.3854 seconds=37.3
Epoch 1444/5000: score=17.294336 loss=-0.549666 valid=1.0000 routes=14.622 grad=4.0991 seconds=37.8
Epoch 1445/5000: score=19.138426 loss=-0.600032 valid=1.0000 routes=15.936 grad=4.7751 seconds=37.8
Epoch 1446/5000: score=16.122216 loss=-0.547207 valid=1.0000 routes=13.814 grad=3.8174 seconds=37.8
Epoch 1447/5000: score=17.205171 loss=-0.528744 valid=1.0000 routes=14.278 grad=3.7780 seconds=37.8
Epoch 1448/5000: score=16.929687 loss=-0.585295 valid=1.0000 routes=15.042 grad=4.4008 seconds=37.4
Epoch 1449/5000: score=16.354049 loss=-0.554298 valid=1.0000 routes=14.847 grad=3.8560 seconds=37.5
Epoch 1450/5000: score=17.317836 loss=-0.549580 valid=1.0000 routes=13.944 grad=3.9893 seconds=36.7
Epoch 1451/5000: score=16.598194 loss=-0.546686 valid=1.0000 routes=14.608 grad=3.9908 seconds=37.3
Epoch 1452/5000: score=15.870711 loss=-0.518634 valid=1.0000 routes=13.234 grad=3.5972 seconds=37.2
Epoch 1453/5000: score=16.032505 loss=-0.519852 valid=1.0000 routes=13.984 grad=3.5698 seconds=37.2
Epoch 1454/5000: score=16.984749 loss=-0.556493 valid=1.0000 routes=14.110 grad=3.9630 seconds=37.6
Epoch 1455/5000: score=17.144546 loss=-0.551330 valid=1.0000 routes=14.785 grad=3.9691 seconds=37.2
Epoch 1456/5000: score=17.491813 loss=-0.537031 valid=1.0000 routes=15.241 grad=4.0337 seconds=37.6
Epoch 1457/5000: score=16.432575 loss=-0.518732 valid=1.0000 routes=14.276 grad=3.6788 seconds=37.5
Epoch 1458/5000: score=15.906682 loss=-0.500913 valid=1.0000 routes=13.035 grad=3.3174 seconds=37.4
Epoch 1459/5000: score=17.262461 loss=-0.577381 valid=1.0000 routes=14.919 grad=4.2874 seconds=38.1
Epoch 1460/5000: score=17.322746 loss=-0.569227 valid=1.0000 routes=14.943 grad=4.3192 seconds=37.6
Epoch 1461/5000: score=16.791772 loss=-0.547867 valid=1.0000 routes=14.552 grad=3.9804 seconds=37.7
Epoch 1462/5000: score=17.724531 loss=-0.545845 valid=1.0000 routes=13.938 grad=3.9066 seconds=37.8
Epoch 1463/5000: score=17.239248 loss=-0.532490 valid=1.0000 routes=13.869 grad=3.8570 seconds=37.4
Epoch 1464/5000: score=16.988696 loss=-0.555318 valid=1.0000 routes=14.263 grad=3.9919 seconds=37.8
Epoch 1465/5000: score=16.738555 loss=-0.546808 valid=1.0000 routes=13.884 grad=3.9837 seconds=37.1
Epoch 1466/5000: score=16.994325 loss=-0.537855 valid=1.0000 routes=14.630 grad=3.8758 seconds=37.3
Epoch 1467/5000: score=18.425215 loss=-0.600577 valid=1.0000 routes=15.604 grad=4.5658 seconds=37.4
Epoch 1468/5000: score=16.740807 loss=-0.520342 valid=1.0000 routes=13.777 grad=3.6817 seconds=37.8
Epoch 1469/5000: score=17.334908 loss=-0.527889 valid=1.0000 routes=13.345 grad=3.7858 seconds=37.2
Epoch 1470/5000: score=16.446407 loss=-0.516466 valid=1.0000 routes=14.273 grad=3.5419 seconds=37.5
Epoch 1471/5000: score=16.402776 loss=-0.546131 valid=1.0000 routes=14.278 grad=3.7516 seconds=37.0
Epoch 1472/5000: score=16.787512 loss=-0.528911 valid=1.0000 routes=13.603 grad=3.7596 seconds=37.7
Epoch 1473/5000: score=17.338819 loss=-0.585683 valid=1.0000 routes=14.851 grad=4.4850 seconds=37.7
Epoch 1474/5000: score=17.284636 loss=-0.557766 valid=1.0000 routes=14.576 grad=4.0643 seconds=37.3
Epoch 1475/5000: score=17.932808 loss=-0.573689 valid=1.0000 routes=15.259 grad=4.3912 seconds=38.2
Epoch 1476/5000: score=16.934115 loss=-0.515277 valid=1.0000 routes=13.782 grad=3.7635 seconds=37.2
Epoch 1477/5000: score=17.907184 loss=-0.547055 valid=1.0000 routes=14.189 grad=4.0971 seconds=38.1
Epoch 1478/5000: score=16.975621 loss=-0.550031 valid=1.0000 routes=14.620 grad=4.0120 seconds=38.1
Epoch 1479/5000: score=17.997674 loss=-0.564585 valid=1.0000 routes=14.386 grad=4.2623 seconds=38.1
Epoch 1480/5000: score=17.493360 loss=-0.535006 valid=1.0000 routes=14.474 grad=3.9349 seconds=38.3
Epoch 1481/5000: score=17.326509 loss=-0.549408 valid=1.0000 routes=14.504 grad=4.1187 seconds=37.8
Epoch 1482/5000: score=16.952103 loss=-0.552352 valid=1.0000 routes=14.839 grad=4.1236 seconds=38.4
Epoch 1483/5000: score=18.372613 loss=-0.588606 valid=1.0000 routes=15.357 grad=4.4709 seconds=38.0
Epoch 1484/5000: score=17.222340 loss=-0.554300 valid=1.0000 routes=14.547 grad=4.1846 seconds=37.9
Epoch 1485/5000: score=16.603360 loss=-0.541880 valid=1.0000 routes=14.162 grad=3.8421 seconds=38.1
Epoch 1486/5000: score=17.150747 loss=-0.564283 valid=1.0000 routes=14.394 grad=4.2850 seconds=38.3
Epoch 1487/5000: score=17.241164 loss=-0.543071 valid=1.0000 routes=14.403 grad=3.9737 seconds=38.2
Epoch 1488/5000: score=17.505131 loss=-0.555537 valid=1.0000 routes=14.682 grad=4.1929 seconds=38.6
Epoch 1489/5000: score=17.993837 loss=-0.537015 valid=1.0000 routes=14.022 grad=3.9847 seconds=38.6
Epoch 1490/5000: score=17.314314 loss=-0.544271 valid=1.0000 routes=14.605 grad=3.8993 seconds=39.0
Epoch 1491/5000: score=16.437681 loss=-0.537606 valid=1.0000 routes=14.858 grad=3.9865 seconds=37.9
>> Invalid instances, Re-generating ...
Epoch 1492/5000: score=17.402874 loss=-0.564442 valid=1.0000 routes=15.155 grad=4.3088 seconds=38.0
Epoch 1493/5000: score=17.532601 loss=-0.541866 valid=1.0000 routes=13.662 grad=3.8465 seconds=39.1
Epoch 1494/5000: score=16.124497 loss=-0.554449 valid=1.0000 routes=13.690 grad=3.8060 seconds=38.2
Epoch 1495/5000: score=17.815989 loss=-0.564066 valid=1.0000 routes=14.853 grad=4.1460 seconds=37.7
Epoch 1496/5000: score=18.243830 loss=-0.569672 valid=1.0000 routes=14.988 grad=4.2713 seconds=38.0
Epoch 1497/5000: score=17.590854 loss=-0.541834 valid=1.0000 routes=14.934 grad=3.9550 seconds=38.0
Epoch 1498/5000: score=16.955091 loss=-0.541297 valid=1.0000 routes=15.726 grad=4.0593 seconds=39.1
Epoch 1499/5000: score=16.659022 loss=-0.530526 valid=1.0000 routes=13.764 grad=3.6980 seconds=38.1
Epoch 1500/5000: score=17.046200 loss=-0.563364 valid=1.0000 routes=15.223 grad=4.2228 seconds=38.5
Epoch 1501/5000: score=18.208063 loss=-0.603381 valid=1.0000 routes=14.862 grad=4.6734 seconds=38.8
Epoch 1502/5000: score=17.015577 loss=-0.555169 valid=1.0000 routes=14.897 grad=4.0317 seconds=38.3
Epoch 1503/5000: score=16.979550 loss=-0.559019 valid=1.0000 routes=14.586 grad=4.1430 seconds=39.0
Epoch 1504/5000: score=17.007788 loss=-0.542242 valid=1.0000 routes=14.711 grad=4.0041 seconds=38.7
Epoch 1505/5000: score=18.743442 loss=-0.593962 valid=1.0000 routes=15.751 grad=4.6869 seconds=37.9
Epoch 1506/5000: score=17.283842 loss=-0.541919 valid=1.0000 routes=13.734 grad=3.9038 seconds=38.0
Epoch 1507/5000: score=17.906367 loss=-0.571652 valid=1.0000 routes=15.156 grad=4.2969 seconds=37.7
Epoch 1508/5000: score=17.616908 loss=-0.600907 valid=1.0000 routes=14.753 grad=4.5957 seconds=38.2
Epoch 1509/5000: score=17.884147 loss=-0.563027 valid=1.0000 routes=15.750 grad=4.2973 seconds=37.6
Epoch 1510/5000: score=16.774760 loss=-0.516533 valid=1.0000 routes=13.299 grad=3.7241 seconds=37.4
Epoch 1511/5000: score=17.909735 loss=-0.560375 valid=1.0000 routes=14.647 grad=4.2690 seconds=38.4
Epoch 1512/5000: score=17.325032 loss=-0.551772 valid=1.0000 routes=14.797 grad=4.1031 seconds=37.9
Epoch 1513/5000: score=17.436007 loss=-0.557447 valid=1.0000 routes=15.526 grad=4.2220 seconds=38.0
Epoch 1514/5000: score=17.026115 loss=-0.556482 valid=1.0000 routes=13.591 grad=4.1395 seconds=38.0
Epoch 1515/5000: score=18.457968 loss=-0.613088 valid=1.0000 routes=15.316 grad=4.9588 seconds=38.1
Epoch 1516/5000: score=16.145112 loss=-0.493158 valid=1.0000 routes=13.026 grad=3.3010 seconds=37.7
>> Invalid instances, Re-generating ...
Epoch 1517/5000: score=15.979289 loss=-0.528935 valid=1.0000 routes=14.255 grad=3.7993 seconds=38.3
Epoch 1518/5000: score=16.489725 loss=-0.521411 valid=1.0000 routes=14.324 grad=3.5682 seconds=37.6
Epoch 1519/5000: score=18.094265 loss=-0.558145 valid=1.0000 routes=14.757 grad=4.2603 seconds=38.4
Epoch 1520/5000: score=16.664848 loss=-0.512147 valid=1.0000 routes=14.012 grad=3.5114 seconds=37.3
Epoch 1521/5000: score=16.855960 loss=-0.506023 valid=1.0000 routes=13.283 grad=3.5468 seconds=37.8
Epoch 1522/5000: score=17.179752 loss=-0.513278 valid=1.0000 routes=14.459 grad=3.6987 seconds=37.9
Epoch 1523/5000: score=15.577564 loss=-0.506289 valid=1.0000 routes=13.090 grad=3.3127 seconds=38.2
Epoch 1524/5000: score=16.542619 loss=-0.524219 valid=1.0000 routes=13.777 grad=3.6401 seconds=38.4
Epoch 1525/5000: score=16.992925 loss=-0.537053 valid=1.0000 routes=14.160 grad=3.8017 seconds=37.5
Epoch 1526/5000: score=17.246663 loss=-0.554608 valid=1.0000 routes=14.634 grad=4.1943 seconds=37.7
Epoch 1527/5000: score=16.952627 loss=-0.554073 valid=1.0000 routes=15.150 grad=4.0568 seconds=38.4
Epoch 1528/5000: score=17.257639 loss=-0.563589 valid=1.0000 routes=14.160 grad=4.2224 seconds=37.7
Epoch 1529/5000: score=16.771509 loss=-0.519100 valid=1.0000 routes=13.568 grad=3.6980 seconds=38.2
Epoch 1530/5000: score=16.620095 loss=-0.503013 valid=1.0000 routes=14.238 grad=3.5142 seconds=38.0
Epoch 1531/5000: score=17.504621 loss=-0.545962 valid=1.0000 routes=14.831 grad=4.1477 seconds=37.5
Epoch 1532/5000: score=15.909625 loss=-0.527358 valid=1.0000 routes=14.621 grad=3.5177 seconds=38.6
Epoch 1533/5000: score=16.446148 loss=-0.544890 valid=1.0000 routes=14.402 grad=3.8293 seconds=37.4
Epoch 1534/5000: score=17.735417 loss=-0.540962 valid=1.0000 routes=14.230 grad=4.1545 seconds=37.8
Epoch 1535/5000: score=17.754013 loss=-0.551213 valid=1.0000 routes=14.408 grad=4.1615 seconds=38.4
Epoch 1536/5000: score=18.316798 loss=-0.569493 valid=1.0000 routes=14.386 grad=4.5212 seconds=38.1
Epoch 1537/5000: score=17.178380 loss=-0.538896 valid=1.0000 routes=14.209 grad=4.0330 seconds=38.5
Epoch 1538/5000: score=17.585437 loss=-0.555138 valid=1.0000 routes=15.540 grad=4.2730 seconds=37.9
Epoch 1539/5000: score=16.072628 loss=-0.503875 valid=1.0000 routes=12.994 grad=3.5276 seconds=37.9
Epoch 1540/5000: score=17.531014 loss=-0.560472 valid=1.0000 routes=14.028 grad=4.1407 seconds=38.9
Epoch 1541/5000: score=16.830934 loss=-0.525138 valid=1.0000 routes=13.736 grad=3.7067 seconds=37.7
Epoch 1542/5000: score=17.631935 loss=-0.546690 valid=1.0000 routes=14.198 grad=4.2430 seconds=38.4
Epoch 1543/5000: score=17.395373 loss=-0.545083 valid=1.0000 routes=13.758 grad=3.9709 seconds=37.8
Epoch 1544/5000: score=16.899398 loss=-0.535702 valid=1.0000 routes=14.160 grad=3.8799 seconds=37.7
Epoch 1545/5000: score=17.500851 loss=-0.554410 valid=1.0000 routes=15.323 grad=4.2940 seconds=38.1
Epoch 1546/5000: score=18.238823 loss=-0.560095 valid=1.0000 routes=14.819 grad=4.2848 seconds=37.4
Epoch 1547/5000: score=17.560012 loss=-0.564938 valid=1.0000 routes=14.910 grad=4.1630 seconds=38.3
Epoch 1548/5000: score=17.778633 loss=-0.576133 valid=1.0000 routes=14.170 grad=4.4106 seconds=38.5
Epoch 1549/5000: score=16.908211 loss=-0.560602 valid=1.0000 routes=15.370 grad=4.1808 seconds=38.1
Epoch 1550/5000: score=17.497952 loss=-0.541842 valid=1.0000 routes=14.717 grad=4.3416 seconds=38.0
Epoch 1551/5000: score=17.289141 loss=-0.544048 valid=1.0000 routes=14.481 grad=4.1651 seconds=37.1
Epoch 1552/5000: score=17.471176 loss=-0.539039 valid=1.0000 routes=14.991 grad=4.1325 seconds=38.6
Epoch 1553/5000: score=17.196814 loss=-0.572363 valid=1.0000 routes=14.797 grad=4.3760 seconds=37.3
Epoch 1554/5000: score=17.986134 loss=-0.551208 valid=1.0000 routes=14.239 grad=4.2987 seconds=37.6
Epoch 1555/5000: score=17.678878 loss=-0.557586 valid=1.0000 routes=14.627 grad=4.1861 seconds=37.9
Epoch 1556/5000: score=16.572450 loss=-0.524372 valid=1.0000 routes=13.812 grad=3.7676 seconds=37.4
Epoch 1557/5000: score=17.050976 loss=-0.542225 valid=1.0000 routes=14.584 grad=4.0563 seconds=38.1
Epoch 1558/5000: score=17.159132 loss=-0.516923 valid=1.0000 routes=13.912 grad=3.8765 seconds=37.3
Epoch 1559/5000: score=17.581787 loss=-0.554857 valid=1.0000 routes=14.979 grad=4.1929 seconds=37.6
Epoch 1560/5000: score=17.399862 loss=-0.541745 valid=1.0000 routes=14.279 grad=4.0066 seconds=37.3
>> Invalid instances, Re-generating ...
>> Invalid instances, Re-generating ...
Epoch 1561/5000: score=17.984537 loss=-0.558815 valid=1.0000 routes=15.080 grad=4.3178 seconds=37.7
Epoch 1562/5000: score=15.580029 loss=-0.518526 valid=1.0000 routes=14.200 grad=3.5594 seconds=38.0
Epoch 1563/5000: score=18.792899 loss=-0.589898 valid=1.0000 routes=15.384 grad=4.7306 seconds=38.1
Epoch 1564/5000: score=15.902898 loss=-0.491971 valid=1.0000 routes=13.726 grad=3.3163 seconds=37.7
Epoch 1565/5000: score=18.435895 loss=-0.598640 valid=1.0000 routes=15.073 grad=4.7066 seconds=37.8
Epoch 1566/5000: score=17.808368 loss=-0.549139 valid=1.0000 routes=14.437 grad=4.2131 seconds=37.9
Epoch 1567/5000: score=16.222079 loss=-0.486267 valid=1.0000 routes=13.433 grad=3.4735 seconds=38.5
Epoch 1568/5000: score=17.949721 loss=-0.555757 valid=1.0000 routes=15.418 grad=4.3855 seconds=37.7
Epoch 1569/5000: score=15.997702 loss=-0.513238 valid=1.0000 routes=13.028 grad=3.8226 seconds=38.5
Epoch 1570/5000: score=16.900519 loss=-0.532916 valid=1.0000 routes=13.577 grad=3.9846 seconds=38.0
Epoch 1571/5000: score=18.187770 loss=-0.550464 valid=1.0000 routes=14.630 grad=4.2219 seconds=37.8
Epoch 1572/5000: score=16.735665 loss=-0.544285 valid=1.0000 routes=14.009 grad=3.9119 seconds=38.0
Epoch 1573/5000: score=18.122834 loss=-0.583496 valid=1.0000 routes=15.323 grad=4.5320 seconds=37.4
Epoch 1574/5000: score=17.045493 loss=-0.552138 valid=1.0000 routes=15.531 grad=4.1320 seconds=37.8
Epoch 1575/5000: score=18.841079 loss=-0.615354 valid=1.0000 routes=15.669 grad=4.8902 seconds=37.9
Epoch 1576/5000: score=17.227838 loss=-0.540107 valid=1.0000 routes=14.486 grad=3.8910 seconds=37.8
Epoch 1577/5000: score=17.673347 loss=-0.541549 valid=1.0000 routes=14.030 grad=4.2429 seconds=38.1
Epoch 1578/5000: score=18.283719 loss=-0.529945 valid=1.0000 routes=15.283 grad=4.1591 seconds=37.5
Epoch 1579/5000: score=16.776145 loss=-0.518418 valid=1.0000 routes=12.666 grad=3.7172 seconds=38.0
Epoch 1580/5000: score=18.161333 loss=-0.559480 valid=1.0000 routes=15.061 grad=4.4478 seconds=38.2
Epoch 1581/5000: score=17.482808 loss=-0.539319 valid=1.0000 routes=14.123 grad=4.1360 seconds=38.6
Epoch 1582/5000: score=16.483959 loss=-0.491875 valid=1.0000 routes=14.420 grad=3.6118 seconds=38.4
Epoch 1583/5000: score=17.867709 loss=-0.566402 valid=1.0000 routes=15.472 grad=4.3201 seconds=37.6
Epoch 1584/5000: score=17.472951 loss=-0.556208 valid=1.0000 routes=14.177 grad=4.2670 seconds=38.4
Epoch 1585/5000: score=17.610668 loss=-0.545447 valid=1.0000 routes=14.324 grad=4.1217 seconds=37.9
Epoch 1586/5000: score=17.696699 loss=-0.546696 valid=1.0000 routes=14.685 grad=4.0698 seconds=37.7
Epoch 1587/5000: score=18.015554 loss=-0.564123 valid=1.0000 routes=14.655 grad=4.3927 seconds=38.0
Epoch 1588/5000: score=16.367732 loss=-0.520713 valid=1.0000 routes=13.689 grad=3.5288 seconds=37.6
Epoch 1589/5000: score=16.859599 loss=-0.553787 valid=1.0000 routes=14.278 grad=4.1802 seconds=38.4
Epoch 1590/5000: score=17.743468 loss=-0.562065 valid=1.0000 routes=15.639 grad=4.5717 seconds=37.6
Epoch 1591/5000: score=17.030512 loss=-0.573698 valid=1.0000 routes=14.802 grad=4.2545 seconds=38.5
Epoch 1592/5000: score=16.908496 loss=-0.550469 valid=1.0000 routes=14.510 grad=4.1328 seconds=37.7
Epoch 1593/5000: score=18.187780 loss=-0.571273 valid=1.0000 routes=13.924 grad=4.6238 seconds=37.7
Epoch 1594/5000: score=18.848196 loss=-0.590070 valid=1.0000 routes=15.650 grad=4.9757 seconds=38.7
Epoch 1595/5000: score=16.053501 loss=-0.500555 valid=1.0000 routes=13.103 grad=3.4308 seconds=37.7
Epoch 1596/5000: score=17.147391 loss=-0.529312 valid=1.0000 routes=14.302 grad=4.0496 seconds=38.2
Epoch 1597/5000: score=16.533499 loss=-0.486710 valid=1.0000 routes=13.502 grad=3.3805 seconds=38.5
Epoch 1598/5000: score=16.956756 loss=-0.508689 valid=1.0000 routes=13.764 grad=3.8988 seconds=38.4
Epoch 1599/5000: score=17.657689 loss=-0.564992 valid=1.0000 routes=14.443 grad=4.5401 seconds=38.9
Epoch 1600/5000: score=17.881632 loss=-0.554690 valid=1.0000 routes=15.051 grad=4.4438 seconds=37.8
Epoch 1601/5000: score=19.246114 loss=-0.579597 valid=1.0000 routes=15.297 grad=5.0460 seconds=37.9
Epoch 1602/5000: score=17.746644 loss=-0.550452 valid=1.0000 routes=14.814 grad=4.2086 seconds=37.8
Epoch 1603/5000: score=16.624829 loss=-0.506904 valid=1.0000 routes=13.531 grad=3.6004 seconds=37.2
Epoch 1604/5000: score=16.471654 loss=-0.530593 valid=1.0000 routes=13.825 grad=3.8039 seconds=38.6
Epoch 1605/5000: score=18.499176 loss=-0.587021 valid=1.0000 routes=15.487 grad=4.7976 seconds=38.0
Epoch 1606/5000: score=17.109097 loss=-0.547166 valid=1.0000 routes=14.435 grad=4.1125 seconds=38.4
Epoch 1607/5000: score=17.835474 loss=-0.561216 valid=1.0000 routes=14.305 grad=4.3418 seconds=38.3
Epoch 1608/5000: score=17.346790 loss=-0.556585 valid=1.0000 routes=14.081 grad=4.1959 seconds=38.0
Epoch 1609/5000: score=16.970925 loss=-0.509592 valid=1.0000 routes=14.034 grad=3.6573 seconds=38.5
Epoch 1610/5000: score=19.193950 loss=-0.578211 valid=1.0000 routes=15.278 grad=4.8397 seconds=37.9
Epoch 1611/5000: score=16.886485 loss=-0.533667 valid=1.0000 routes=14.675 grad=3.8874 seconds=38.3
Epoch 1612/5000: score=17.038636 loss=-0.527405 valid=1.0000 routes=15.144 grad=3.8600 seconds=38.1
Epoch 1613/5000: score=16.691441 loss=-0.539582 valid=1.0000 routes=15.010 grad=4.0020 seconds=38.4
Epoch 1614/5000: score=17.166242 loss=-0.516298 valid=1.0000 routes=14.052 grad=3.6962 seconds=38.3
Epoch 1615/5000: score=18.159865 loss=-0.568520 valid=1.0000 routes=15.784 grad=4.6601 seconds=38.0
Epoch 1616/5000: score=16.930035 loss=-0.526827 valid=1.0000 routes=14.600 grad=4.1144 seconds=38.1
Epoch 1617/5000: score=16.230037 loss=-0.513973 valid=1.0000 routes=14.183 grad=3.7083 seconds=37.8
Epoch 1618/5000: score=17.062311 loss=-0.520858 valid=1.0000 routes=14.191 grad=3.9223 seconds=37.4
Epoch 1619/5000: score=17.893953 loss=-0.574980 valid=1.0000 routes=14.983 grad=4.5498 seconds=38.5
Epoch 1620/5000: score=18.360856 loss=-0.548737 valid=1.0000 routes=14.413 grad=4.1883 seconds=38.2
Epoch 1621/5000: score=17.118262 loss=-0.504504 valid=1.0000 routes=14.417 grad=3.7064 seconds=38.6
Epoch 1622/5000: score=16.906995 loss=-0.508186 valid=1.0000 routes=13.939 grad=3.8814 seconds=38.1
Epoch 1623/5000: score=16.556424 loss=-0.544380 valid=1.0000 routes=14.168 grad=4.0938 seconds=38.1
Epoch 1624/5000: score=18.127387 loss=-0.573353 valid=1.0000 routes=15.328 grad=4.6149 seconds=38.2
>> Invalid instances, Re-generating ...
Epoch 1625/5000: score=18.156205 loss=-0.554471 valid=1.0000 routes=14.664 grad=4.5157 seconds=37.1
Epoch 1626/5000: score=16.273828 loss=-0.496436 valid=1.0000 routes=14.341 grad=3.7544 seconds=37.7
Epoch 1627/5000: score=17.653383 loss=-0.531108 valid=1.0000 routes=14.093 grad=4.1025 seconds=37.0
Epoch 1628/5000: score=16.972079 loss=-0.522775 valid=1.0000 routes=13.729 grad=3.7364 seconds=37.5
Epoch 1629/5000: score=16.985650 loss=-0.524370 valid=1.0000 routes=14.491 grad=3.9987 seconds=37.5
Epoch 1630/5000: score=17.111627 loss=-0.534816 valid=1.0000 routes=13.272 grad=3.9437 seconds=36.7
Epoch 1631/5000: score=17.283160 loss=-0.557659 valid=1.0000 routes=15.609 grad=4.4032 seconds=38.1
Epoch 1632/5000: score=18.676665 loss=-0.597337 valid=1.0000 routes=15.128 grad=4.9897 seconds=36.8
Epoch 1633/5000: score=17.251478 loss=-0.526379 valid=1.0000 routes=13.777 grad=3.8292 seconds=37.1
Epoch 1634/5000: score=17.365717 loss=-0.511511 valid=1.0000 routes=14.207 grad=4.0375 seconds=37.1
Epoch 1635/5000: score=17.783560 loss=-0.549556 valid=1.0000 routes=14.950 grad=4.3140 seconds=37.0
Epoch 1636/5000: score=17.561171 loss=-0.538106 valid=1.0000 routes=13.541 grad=4.2115 seconds=38.0
Epoch 1637/5000: score=17.129333 loss=-0.535145 valid=1.0000 routes=14.664 grad=4.3067 seconds=37.4
Epoch 1638/5000: score=16.523203 loss=-0.519626 valid=1.0000 routes=13.326 grad=3.8714 seconds=37.4
Epoch 1639/5000: score=16.228099 loss=-0.486319 valid=1.0000 routes=13.545 grad=3.5534 seconds=38.0
Epoch 1640/5000: score=16.820801 loss=-0.519225 valid=1.0000 routes=13.690 grad=3.9277 seconds=37.5
Epoch 1641/5000: score=16.919441 loss=-0.535539 valid=1.0000 routes=15.135 grad=4.0186 seconds=37.6
Epoch 1642/5000: score=18.671164 loss=-0.569227 valid=1.0000 routes=15.420 grad=4.6567 seconds=37.1
Epoch 1643/5000: score=16.895967 loss=-0.521803 valid=1.0000 routes=14.678 grad=4.0105 seconds=37.4
Epoch 1644/5000: score=16.618388 loss=-0.482316 valid=1.0000 routes=13.252 grad=3.5477 seconds=37.9
Epoch 1645/5000: score=17.765043 loss=-0.538526 valid=1.0000 routes=14.941 grad=4.1508 seconds=37.4
Epoch 1646/5000: score=17.111019 loss=-0.529149 valid=1.0000 routes=13.727 grad=4.0972 seconds=37.8
Epoch 1647/5000: score=16.968030 loss=-0.544859 valid=1.0000 routes=14.660 grad=4.2798 seconds=37.6
Epoch 1648/5000: score=17.247197 loss=-0.526526 valid=1.0000 routes=13.074 grad=3.9260 seconds=37.4
Epoch 1649/5000: score=15.925309 loss=-0.487682 valid=1.0000 routes=13.343 grad=3.4251 seconds=37.7
Epoch 1650/5000: score=17.954729 loss=-0.539767 valid=1.0000 routes=15.335 grad=4.4196 seconds=37.5
Epoch 1651/5000: score=17.405093 loss=-0.538486 valid=1.0000 routes=14.483 grad=4.1396 seconds=38.2
Epoch 1652/5000: score=17.977260 loss=-0.573360 valid=1.0000 routes=14.718 grad=4.3868 seconds=37.1
Epoch 1653/5000: score=17.962572 loss=-0.576817 valid=1.0000 routes=15.394 grad=4.5973 seconds=37.4
Epoch 1654/5000: score=18.022446 loss=-0.581880 valid=1.0000 routes=15.321 grad=4.5867 seconds=37.7
Epoch 1655/5000: score=16.844040 loss=-0.543423 valid=1.0000 routes=14.621 grad=4.0828 seconds=37.2
Epoch 1656/5000: score=16.325921 loss=-0.514807 valid=1.0000 routes=13.770 grad=3.7753 seconds=37.6
Epoch 1657/5000: score=17.146043 loss=-0.508676 valid=1.0000 routes=13.245 grad=3.7259 seconds=38.7
Epoch 1658/5000: score=16.604965 loss=-0.524227 valid=1.0000 routes=14.958 grad=3.8394 seconds=39.2
Epoch 1659/5000: score=16.211876 loss=-0.489611 valid=1.0000 routes=14.212 grad=3.6479 seconds=39.5
Epoch 1660/5000: score=16.865343 loss=-0.532247 valid=1.0000 routes=14.746 grad=4.0591 seconds=38.6
Epoch 1661/5000: score=15.975298 loss=-0.496535 valid=1.0000 routes=13.850 grad=3.5603 seconds=39.2
Epoch 1662/5000: score=17.940139 loss=-0.552114 valid=1.0000 routes=14.904 grad=4.3595 seconds=37.2
Epoch 1663/5000: score=17.410914 loss=-0.528513 valid=1.0000 routes=14.741 grad=3.9617 seconds=37.9
Epoch 1664/5000: score=17.326773 loss=-0.513551 valid=1.0000 routes=13.418 grad=3.8948 seconds=38.0
Epoch 1665/5000: score=16.304075 loss=-0.489394 valid=1.0000 routes=13.338 grad=3.5676 seconds=37.7
>> Invalid instances, Re-generating ...
Epoch 1666/5000: score=16.673890 loss=-0.509955 valid=1.0000 routes=13.993 grad=3.6974 seconds=39.0
Epoch 1667/5000: score=17.513969 loss=-0.535244 valid=1.0000 routes=14.173 grad=4.1430 seconds=38.2
Epoch 1668/5000: score=17.577549 loss=-0.538575 valid=1.0000 routes=14.363 grad=4.2397 seconds=38.5
Epoch 1669/5000: score=16.981205 loss=-0.516942 valid=1.0000 routes=13.324 grad=3.8989 seconds=38.5
Epoch 1670/5000: score=17.525312 loss=-0.505780 valid=1.0000 routes=13.906 grad=4.0679 seconds=42.7
Epoch 1671/5000: score=17.231775 loss=-0.526645 valid=1.0000 routes=14.154 grad=4.1144 seconds=39.7
Epoch 1672/5000: score=18.355817 loss=-0.577799 valid=1.0000 routes=15.422 grad=4.9997 seconds=38.4
Epoch 1673/5000: score=16.683829 loss=-0.514322 valid=1.0000 routes=13.645 grad=3.7540 seconds=39.0
Epoch 1674/5000: score=17.243536 loss=-0.528214 valid=1.0000 routes=14.643 grad=4.0324 seconds=38.1
Epoch 1675/5000: score=16.530444 loss=-0.532852 valid=1.0000 routes=14.780 grad=3.9953 seconds=38.6
Epoch 1676/5000: score=17.484401 loss=-0.552581 valid=1.0000 routes=14.850 grad=4.2722 seconds=40.7
Epoch 1677/5000: score=16.730399 loss=-0.485106 valid=1.0000 routes=12.895 grad=3.6056 seconds=41.8
Epoch 1678/5000: score=17.239490 loss=-0.546162 valid=1.0000 routes=15.003 grad=4.2871 seconds=40.3
Epoch 1679/5000: score=16.629494 loss=-0.529838 valid=1.0000 routes=14.584 grad=4.0976 seconds=40.1
Epoch 1680/5000: score=16.523575 loss=-0.500242 valid=1.0000 routes=13.421 grad=3.6403 seconds=39.9
Epoch 1681/5000: score=16.556433 loss=-0.501649 valid=1.0000 routes=13.111 grad=3.6744 seconds=39.0
Epoch 1682/5000: score=16.260101 loss=-0.531465 valid=1.0000 routes=14.413 grad=3.8590 seconds=38.7
Epoch 1683/5000: score=18.127204 loss=-0.549955 valid=1.0000 routes=14.686 grad=4.2933 seconds=38.9
Epoch 1684/5000: score=17.799207 loss=-0.544231 valid=1.0000 routes=15.069 grad=4.4006 seconds=38.9
Epoch 1685/5000: score=16.106373 loss=-0.500042 valid=1.0000 routes=13.704 grad=3.6112 seconds=39.0
Epoch 1686/5000: score=17.586362 loss=-0.543017 valid=1.0000 routes=14.220 grad=4.2325 seconds=39.8
Epoch 1687/5000: score=17.261092 loss=-0.543488 valid=1.0000 routes=15.323 grad=4.1610 seconds=39.9
Epoch 1688/5000: score=17.035258 loss=-0.528309 valid=1.0000 routes=14.811 grad=4.1201 seconds=40.2
Epoch 1689/5000: score=17.001411 loss=-0.527116 valid=1.0000 routes=14.406 grad=3.8757 seconds=40.0
Epoch 1690/5000: score=16.509889 loss=-0.516322 valid=1.0000 routes=14.308 grad=3.9238 seconds=39.4
Epoch 1691/5000: score=17.108361 loss=-0.521668 valid=1.0000 routes=13.920 grad=4.0815 seconds=39.6
Epoch 1692/5000: score=17.087486 loss=-0.521493 valid=1.0000 routes=13.720 grad=4.0432 seconds=39.3
Epoch 1693/5000: score=16.075237 loss=-0.488954 valid=1.0000 routes=13.650 grad=3.5579 seconds=39.9
Epoch 1694/5000: score=17.487844 loss=-0.521394 valid=1.0000 routes=14.658 grad=4.1553 seconds=39.4
Epoch 1695/5000: score=17.829023 loss=-0.557344 valid=1.0000 routes=15.400 grad=4.6866 seconds=39.6
Epoch 1696/5000: score=16.462337 loss=-0.512267 valid=1.0000 routes=14.316 grad=3.7224 seconds=38.9
Epoch 1697/5000: score=16.561082 loss=-0.499405 valid=1.0000 routes=13.050 grad=3.9223 seconds=38.4
Epoch 1698/5000: score=18.140287 loss=-0.563028 valid=1.0000 routes=15.216 grad=4.4219 seconds=38.8
Epoch 1699/5000: score=17.628906 loss=-0.545310 valid=1.0000 routes=14.573 grad=4.2749 seconds=38.4
Epoch 1700/5000: score=16.664322 loss=-0.501896 valid=1.0000 routes=14.102 grad=3.7486 seconds=39.2
Epoch 1701/5000: score=17.214382 loss=-0.520727 valid=1.0000 routes=14.797 grad=4.0594 seconds=38.5
Epoch 1702/5000: score=16.496916 loss=-0.516418 valid=1.0000 routes=14.281 grad=3.7943 seconds=38.7
Epoch 1703/5000: score=17.152783 loss=-0.543834 valid=1.0000 routes=14.378 grad=4.1007 seconds=38.8
Epoch 1704/5000: score=17.194503 loss=-0.542178 valid=1.0000 routes=13.947 grad=4.1413 seconds=38.3
Epoch 1705/5000: score=17.749832 loss=-0.558352 valid=1.0000 routes=14.586 grad=4.3373 seconds=38.6
Epoch 1706/5000: score=17.173080 loss=-0.527825 valid=1.0000 routes=14.795 grad=4.1821 seconds=37.8
Epoch 1707/5000: score=17.408337 loss=-0.548046 valid=1.0000 routes=13.647 grad=4.2270 seconds=38.4
Epoch 1708/5000: score=17.909111 loss=-0.552434 valid=1.0000 routes=15.351 grad=4.3471 seconds=38.4
Epoch 1709/5000: score=16.747332 loss=-0.538237 valid=1.0000 routes=13.611 grad=4.1827 seconds=38.8
Epoch 1710/5000: score=18.789425 loss=-0.590468 valid=1.0000 routes=15.286 grad=4.7252 seconds=39.3
Epoch 1711/5000: score=17.696893 loss=-0.537498 valid=1.0000 routes=15.425 grad=4.3104 seconds=38.3
Epoch 1712/5000: score=17.544661 loss=-0.536951 valid=1.0000 routes=14.590 grad=4.4391 seconds=38.7
Epoch 1713/5000: score=17.008815 loss=-0.531242 valid=1.0000 routes=14.660 grad=4.1179 seconds=38.4
Epoch 1714/5000: score=17.267419 loss=-0.524297 valid=1.0000 routes=14.142 grad=4.1013 seconds=38.3
Epoch 1715/5000: score=17.404086 loss=-0.537828 valid=1.0000 routes=14.658 grad=4.2663 seconds=38.4
Epoch 1716/5000: score=16.290719 loss=-0.518485 valid=1.0000 routes=14.441 grad=3.7928 seconds=38.5
Epoch 1717/5000: score=17.827377 loss=-0.542503 valid=1.0000 routes=14.006 grad=4.2388 seconds=38.2
Epoch 1718/5000: score=16.796919 loss=-0.527559 valid=1.0000 routes=14.311 grad=4.1536 seconds=38.8
Epoch 1719/5000: score=17.236114 loss=-0.512363 valid=1.0000 routes=14.470 grad=3.9596 seconds=37.8
Epoch 1720/5000: score=17.122801 loss=-0.501459 valid=1.0000 routes=13.520 grad=3.8518 seconds=38.8
Epoch 1721/5000: score=16.364383 loss=-0.529303 valid=1.0000 routes=15.158 grad=3.8804 seconds=37.9
Epoch 1722/5000: score=17.810555 loss=-0.544543 valid=1.0000 routes=14.624 grad=4.4247 seconds=38.1
Epoch 1723/5000: score=16.863285 loss=-0.548574 valid=1.0000 routes=14.617 grad=4.1485 seconds=38.9
Epoch 1724/5000: score=17.937326 loss=-0.553802 valid=1.0000 routes=14.648 grad=4.4431 seconds=38.4
Epoch 1725/5000: score=16.272828 loss=-0.521391 valid=1.0000 routes=14.050 grad=4.0177 seconds=38.9
Epoch 1726/5000: score=17.152916 loss=-0.544392 valid=1.0000 routes=15.370 grad=4.2761 seconds=38.6
Epoch 1727/5000: score=17.397157 loss=-0.546161 valid=1.0000 routes=15.115 grad=4.3207 seconds=37.9
Epoch 1728/5000: score=18.056237 loss=-0.551699 valid=1.0000 routes=14.396 grad=4.5018 seconds=38.3
Epoch 1729/5000: score=16.698604 loss=-0.526428 valid=1.0000 routes=13.833 grad=3.9322 seconds=38.3
Epoch 1730/5000: score=17.107119 loss=-0.520267 valid=1.0000 routes=14.368 grad=4.0800 seconds=38.6
Epoch 1731/5000: score=16.552497 loss=-0.529766 valid=1.0000 routes=13.122 grad=4.0435 seconds=38.7
Epoch 1732/5000: score=17.375981 loss=-0.549384 valid=1.0000 routes=14.545 grad=4.3097 seconds=38.8
Epoch 1733/5000: score=17.571708 loss=-0.527274 valid=1.0000 routes=14.213 grad=3.9341 seconds=38.6
Epoch 1734/5000: score=17.683689 loss=-0.548853 valid=1.0000 routes=14.558 grad=4.4329 seconds=38.4
Epoch 1735/5000: score=17.214752 loss=-0.544985 valid=1.0000 routes=14.830 grad=4.2456 seconds=38.5
Epoch 1736/5000: score=17.994983 loss=-0.546013 valid=1.0000 routes=15.074 grad=4.5151 seconds=39.0
Epoch 1737/5000: score=17.167847 loss=-0.514032 valid=1.0000 routes=15.027 grad=4.0971 seconds=38.3
Epoch 1738/5000: score=17.138283 loss=-0.517478 valid=1.0000 routes=14.275 grad=3.9285 seconds=38.8
Epoch 1739/5000: score=17.178725 loss=-0.532439 valid=1.0000 routes=14.611 grad=4.0694 seconds=37.9
Epoch 1740/5000: score=16.906857 loss=-0.532445 valid=1.0000 routes=14.310 grad=4.0192 seconds=38.2
Epoch 1741/5000: score=16.003981 loss=-0.505170 valid=1.0000 routes=13.695 grad=3.5957 seconds=38.4
Epoch 1742/5000: score=16.849472 loss=-0.515498 valid=1.0000 routes=13.963 grad=4.1521 seconds=38.1
Epoch 1743/5000: score=17.547260 loss=-0.566374 valid=1.0000 routes=15.191 grad=4.5898 seconds=39.1
Epoch 1744/5000: score=18.359026 loss=-0.574277 valid=1.0000 routes=15.591 grad=4.8571 seconds=38.9
Epoch 1745/5000: score=16.114871 loss=-0.489746 valid=1.0000 routes=13.646 grad=3.6584 seconds=41.6
Epoch 1746/5000: score=18.060908 loss=-0.541686 valid=1.0000 routes=15.060 grad=4.3422 seconds=39.2
Epoch 1747/5000: score=17.673334 loss=-0.536140 valid=1.0000 routes=13.978 grad=4.2549 seconds=38.8
Epoch 1748/5000: score=16.874498 loss=-0.512909 valid=1.0000 routes=14.128 grad=3.9535 seconds=39.0
Epoch 1749/5000: score=17.056422 loss=-0.528540 valid=1.0000 routes=14.241 grad=4.0749 seconds=38.3
Epoch 1750/5000: score=16.822827 loss=-0.509625 valid=1.0000 routes=14.030 grad=3.8255 seconds=38.7
Epoch 1751/5000: score=17.896012 loss=-0.556981 valid=1.0000 routes=15.493 grad=4.3712 seconds=38.8
Epoch 1752/5000: score=18.126674 loss=-0.587042 valid=1.0000 routes=15.004 grad=4.7813 seconds=38.7
Epoch 1753/5000: score=17.673395 loss=-0.534170 valid=1.0000 routes=14.713 grad=4.3480 seconds=39.5
Epoch 1754/5000: score=18.111436 loss=-0.542822 valid=1.0000 routes=14.428 grad=4.6111 seconds=38.7
Epoch 1755/5000: score=16.744711 loss=-0.520001 valid=1.0000 routes=14.556 grad=4.0011 seconds=38.8
Epoch 1756/5000: score=17.371161 loss=-0.520401 valid=1.0000 routes=14.350 grad=4.0662 seconds=38.6
Epoch 1757/5000: score=16.266126 loss=-0.481460 valid=1.0000 routes=14.027 grad=3.7038 seconds=38.0
Epoch 1758/5000: score=17.688366 loss=-0.535399 valid=1.0000 routes=14.823 grad=4.3580 seconds=39.5
Epoch 1759/5000: score=17.977464 loss=-0.529827 valid=1.0000 routes=14.548 grad=4.2413 seconds=41.8
Epoch 1760/5000: score=16.709706 loss=-0.491719 valid=1.0000 routes=13.662 grad=3.7589 seconds=40.6
Epoch 1761/5000: score=15.813760 loss=-0.492593 valid=1.0000 routes=13.580 grad=3.4808 seconds=39.1
Epoch 1762/5000: score=17.619069 loss=-0.538479 valid=1.0000 routes=14.047 grad=4.2693 seconds=40.0
Epoch 1763/5000: score=17.253221 loss=-0.525806 valid=1.0000 routes=15.117 grad=4.0683 seconds=39.6
Epoch 1764/5000: score=18.113420 loss=-0.555462 valid=1.0000 routes=15.607 grad=4.5456 seconds=38.7
Epoch 1765/5000: score=17.272060 loss=-0.558260 valid=1.0000 routes=14.766 grad=4.6066 seconds=38.9
Epoch 1766/5000: score=17.503732 loss=-0.541830 valid=1.0000 routes=14.146 grad=4.2552 seconds=38.5
Epoch 1767/5000: score=16.709827 loss=-0.528307 valid=1.0000 routes=14.203 grad=4.3324 seconds=38.0
Epoch 1768/5000: score=16.638722 loss=-0.483668 valid=1.0000 routes=14.085 grad=3.5785 seconds=39.6
Epoch 1769/5000: score=18.130970 loss=-0.546380 valid=1.0000 routes=14.644 grad=4.5080 seconds=39.0
Epoch 1770/5000: score=17.645335 loss=-0.510968 valid=1.0000 routes=14.200 grad=4.0104 seconds=39.9
Epoch 1771/5000: score=17.653275 loss=-0.564564 valid=1.0000 routes=14.668 grad=4.5627 seconds=39.5
Epoch 1772/5000: score=17.426655 loss=-0.555649 valid=1.0000 routes=15.168 grad=4.4081 seconds=40.1
Epoch 1773/5000: score=16.205421 loss=-0.445603 valid=1.0000 routes=12.930 grad=3.2403 seconds=39.8
Epoch 1774/5000: score=17.320661 loss=-0.491823 valid=1.0000 routes=13.467 grad=4.2671 seconds=38.6
Epoch 1775/5000: score=17.251473 loss=-0.532914 valid=1.0000 routes=14.112 grad=4.2224 seconds=39.9
Epoch 1776/5000: score=16.921414 loss=-0.511163 valid=1.0000 routes=14.634 grad=3.9858 seconds=39.7
Epoch 1777/5000: score=16.925270 loss=-0.516633 valid=1.0000 routes=14.622 grad=4.0676 seconds=39.5
Epoch 1778/5000: score=17.479322 loss=-0.527287 valid=1.0000 routes=14.050 grad=4.0764 seconds=38.8
Epoch 1779/5000: score=16.332213 loss=-0.496134 valid=1.0000 routes=13.735 grad=3.6733 seconds=39.2
Epoch 1780/5000: score=16.320616 loss=-0.486866 valid=1.0000 routes=13.821 grad=3.5262 seconds=38.7
Epoch 1781/5000: score=18.461363 loss=-0.563123 valid=1.0000 routes=14.822 grad=4.5566 seconds=37.8
Epoch 1782/5000: score=17.589600 loss=-0.539327 valid=1.0000 routes=15.167 grad=4.5112 seconds=38.5
Epoch 1783/5000: score=17.079985 loss=-0.522572 valid=1.0000 routes=14.176 grad=4.0552 seconds=37.8
Epoch 1784/5000: score=16.830022 loss=-0.518091 valid=1.0000 routes=14.384 grad=4.0073 seconds=38.1
Epoch 1785/5000: score=18.044081 loss=-0.541130 valid=1.0000 routes=14.618 grad=4.3465 seconds=37.9
Epoch 1786/5000: score=18.036530 loss=-0.555353 valid=1.0000 routes=15.001 grad=4.4880 seconds=38.0
Epoch 1787/5000: score=16.808532 loss=-0.494737 valid=1.0000 routes=13.523 grad=3.7108 seconds=38.9
Epoch 1788/5000: score=18.270631 loss=-0.543575 valid=1.0000 routes=14.566 grad=4.4411 seconds=38.0
Epoch 1789/5000: score=17.446601 loss=-0.525279 valid=1.0000 routes=14.402 grad=4.3310 seconds=38.2
Epoch 1790/5000: score=17.169728 loss=-0.533670 valid=1.0000 routes=13.993 grad=4.1013 seconds=38.6
Epoch 1791/5000: score=18.240940 loss=-0.552906 valid=1.0000 routes=15.593 grad=4.6129 seconds=37.9
Epoch 1792/5000: score=17.042838 loss=-0.530454 valid=1.0000 routes=14.031 grad=4.3312 seconds=38.1
Epoch 1793/5000: score=16.006694 loss=-0.498612 valid=1.0000 routes=13.056 grad=3.7592 seconds=37.8
Epoch 1794/5000: score=17.580497 loss=-0.530901 valid=1.0000 routes=15.087 grad=4.3388 seconds=37.5
Epoch 1795/5000: score=18.374400 loss=-0.563553 valid=1.0000 routes=14.890 grad=4.6629 seconds=38.2
Epoch 1796/5000: score=16.745633 loss=-0.508855 valid=1.0000 routes=14.385 grad=4.0155 seconds=37.5
Epoch 1797/5000: score=17.533964 loss=-0.532540 valid=1.0000 routes=14.615 grad=4.2732 seconds=38.4
Epoch 1798/5000: score=17.566720 loss=-0.524731 valid=1.0000 routes=14.176 grad=4.0874 seconds=38.0
Epoch 1799/5000: score=17.553442 loss=-0.511181 valid=1.0000 routes=14.138 grad=4.2077 seconds=37.8
Epoch 1800/5000: score=15.292331 loss=-0.471450 valid=1.0000 routes=13.478 grad=3.5105 seconds=38.3
Epoch 1801/5000: score=17.182574 loss=-0.515014 valid=1.0000 routes=13.730 grad=3.9065 seconds=38.0
Epoch 1802/5000: score=17.250952 loss=-0.544527 valid=1.0000 routes=13.723 grad=4.2551 seconds=38.1
Epoch 1803/5000: score=17.822971 loss=-0.551408 valid=1.0000 routes=14.980 grad=4.4049 seconds=38.5
Epoch 1804/5000: score=17.052251 loss=-0.515187 valid=1.0000 routes=13.895 grad=4.1726 seconds=38.0
Epoch 1805/5000: score=16.093233 loss=-0.511648 valid=1.0000 routes=14.358 grad=3.8897 seconds=38.4
Epoch 1806/5000: score=17.489790 loss=-0.536285 valid=1.0000 routes=14.163 grad=4.3645 seconds=38.5
Epoch 1807/5000: score=17.530738 loss=-0.514806 valid=1.0000 routes=14.391 grad=4.2366 seconds=37.6
Epoch 1808/5000: score=17.327267 loss=-0.532113 valid=1.0000 routes=14.623 grad=4.3654 seconds=39.1
Epoch 1809/5000: score=17.789497 loss=-0.532038 valid=1.0000 routes=14.171 grad=4.4594 seconds=37.5
Epoch 1810/5000: score=17.765228 loss=-0.531856 valid=1.0000 routes=14.631 grad=4.4927 seconds=38.4
Epoch 1811/5000: score=16.926188 loss=-0.538439 valid=1.0000 routes=14.161 grad=4.2750 seconds=38.5
Epoch 1812/5000: score=16.898997 loss=-0.521138 valid=1.0000 routes=13.861 grad=3.9038 seconds=37.8
Epoch 1813/5000: score=17.557603 loss=-0.549531 valid=1.0000 routes=14.890 grad=4.4165 seconds=38.6
Epoch 1814/5000: score=16.215097 loss=-0.491223 valid=1.0000 routes=13.669 grad=3.7340 seconds=37.8
Epoch 1815/5000: score=16.627133 loss=-0.506259 valid=1.0000 routes=14.425 grad=3.8373 seconds=38.2
Epoch 1816/5000: score=17.107728 loss=-0.514187 valid=1.0000 routes=14.249 grad=3.8281 seconds=38.3
Epoch 1817/5000: score=18.487132 loss=-0.579012 valid=1.0000 routes=15.531 grad=4.7595 seconds=38.0
Epoch 1818/5000: score=17.149146 loss=-0.529026 valid=1.0000 routes=14.013 grad=4.2195 seconds=38.9
Epoch 1819/5000: score=16.394335 loss=-0.506699 valid=1.0000 routes=13.967 grad=3.7649 seconds=38.2
Epoch 1820/5000: score=16.392399 loss=-0.534378 valid=1.0000 routes=14.543 grad=4.1506 seconds=38.0
Epoch 1821/5000: score=17.550053 loss=-0.548886 valid=1.0000 routes=15.136 grad=4.3436 seconds=38.3
Epoch 1822/5000: score=16.078363 loss=-0.484149 valid=1.0000 routes=13.098 grad=3.5218 seconds=37.5
Epoch 1823/5000: score=17.908202 loss=-0.537441 valid=1.0000 routes=14.717 grad=4.2700 seconds=38.0
Epoch 1824/5000: score=17.254022 loss=-0.543437 valid=1.0000 routes=14.513 grad=4.3154 seconds=38.3
Epoch 1825/5000: score=16.548664 loss=-0.519783 valid=1.0000 routes=14.871 grad=4.0000 seconds=37.9
Epoch 1826/5000: score=17.250140 loss=-0.522054 valid=1.0000 routes=14.327 grad=4.2448 seconds=38.6
Epoch 1827/5000: score=16.961784 loss=-0.496777 valid=1.0000 routes=13.634 grad=4.0821 seconds=37.5
Epoch 1828/5000: score=18.283658 loss=-0.573433 valid=1.0000 routes=15.774 grad=4.9685 seconds=38.6
Epoch 1829/5000: score=16.262506 loss=-0.482031 valid=1.0000 routes=13.628 grad=3.6355 seconds=37.8
Epoch 1830/5000: score=16.551868 loss=-0.513774 valid=1.0000 routes=13.969 grad=3.9328 seconds=38.0
Epoch 1831/5000: score=17.293739 loss=-0.516695 valid=1.0000 routes=14.365 grad=4.2252 seconds=38.5
Epoch 1832/5000: score=17.849112 loss=-0.548190 valid=1.0000 routes=15.842 grad=4.6654 seconds=38.2
Epoch 1833/5000: score=17.255216 loss=-0.533801 valid=1.0000 routes=14.046 grad=4.3754 seconds=38.0
Epoch 1834/5000: score=17.638252 loss=-0.544455 valid=1.0000 routes=14.403 grad=4.5371 seconds=38.0
Epoch 1835/5000: score=16.120422 loss=-0.485445 valid=1.0000 routes=13.094 grad=3.7900 seconds=37.8
Epoch 1836/5000: score=17.216115 loss=-0.513734 valid=1.0000 routes=14.306 grad=4.2375 seconds=38.5
Epoch 1837/5000: score=17.114639 loss=-0.501088 valid=1.0000 routes=14.005 grad=3.8269 seconds=38.0
Epoch 1838/5000: score=16.734183 loss=-0.523159 valid=1.0000 routes=15.104 grad=4.1239 seconds=37.8
Epoch 1839/5000: score=17.450508 loss=-0.527724 valid=1.0000 routes=14.578 grad=4.3409 seconds=38.0
Epoch 1840/5000: score=17.210200 loss=-0.527024 valid=1.0000 routes=13.953 grad=4.3726 seconds=37.5
Epoch 1841/5000: score=16.309414 loss=-0.481601 valid=1.0000 routes=14.286 grad=3.7535 seconds=38.4
Epoch 1842/5000: score=18.087940 loss=-0.545875 valid=1.0000 routes=14.776 grad=4.4057 seconds=37.4
Epoch 1843/5000: score=17.885867 loss=-0.567472 valid=1.0000 routes=15.363 grad=4.7979 seconds=38.2
Epoch 1844/5000: score=17.455701 loss=-0.538553 valid=1.0000 routes=14.611 grad=4.4644 seconds=38.2
Epoch 1845/5000: score=17.456503 loss=-0.538640 valid=1.0000 routes=15.156 grad=4.4204 seconds=37.9
Epoch 1846/5000: score=18.220281 loss=-0.535741 valid=1.0000 routes=14.311 grad=4.4509 seconds=38.0
Epoch 1847/5000: score=16.365342 loss=-0.499411 valid=1.0000 routes=13.071 grad=3.9186 seconds=38.5
Epoch 1848/5000: score=17.187045 loss=-0.530976 valid=1.0000 routes=14.623 grad=4.3519 seconds=38.0
Epoch 1849/5000: score=16.201973 loss=-0.515814 valid=1.0000 routes=13.513 grad=3.9152 seconds=38.5
Epoch 1850/5000: score=16.784695 loss=-0.528824 valid=1.0000 routes=15.362 grad=4.1858 seconds=38.0
Epoch 1851/5000: score=18.325853 loss=-0.571400 valid=1.0000 routes=14.753 grad=4.8757 seconds=37.9
Epoch 1852/5000: score=16.989827 loss=-0.509118 valid=1.0000 routes=14.001 grad=4.1150 seconds=38.4
Epoch 1853/5000: score=18.521299 loss=-0.567158 valid=1.0000 routes=15.211 grad=4.9203 seconds=37.6
Epoch 1854/5000: score=16.771790 loss=-0.492136 valid=1.0000 routes=13.926 grad=3.9474 seconds=38.1
Epoch 1855/5000: score=16.749885 loss=-0.516610 valid=1.0000 routes=14.697 grad=4.0276 seconds=37.7
Epoch 1856/5000: score=17.834785 loss=-0.554544 valid=1.0000 routes=14.870 grad=4.7641 seconds=38.2
Epoch 1857/5000: score=17.055897 loss=-0.522134 valid=1.0000 routes=15.157 grad=4.2235 seconds=38.2
Epoch 1858/5000: score=17.911353 loss=-0.567655 valid=1.0000 routes=14.818 grad=4.5700 seconds=38.0
>> Invalid instances, Re-generating ...
Epoch 1859/5000: score=16.876744 loss=-0.511201 valid=1.0000 routes=14.224 grad=4.2018 seconds=38.4
Epoch 1860/5000: score=17.004310 loss=-0.500044 valid=1.0000 routes=14.044 grad=3.9772 seconds=38.6
Epoch 1861/5000: score=18.232194 loss=-0.562715 valid=1.0000 routes=14.969 grad=4.7647 seconds=38.1
Epoch 1862/5000: score=16.832655 loss=-0.505778 valid=1.0000 routes=14.159 grad=3.8355 seconds=38.6
Epoch 1863/5000: score=18.065440 loss=-0.545463 valid=1.0000 routes=14.840 grad=4.5877 seconds=38.1
Epoch 1864/5000: score=18.410401 loss=-0.566469 valid=1.0000 routes=15.643 grad=4.8209 seconds=38.2
Epoch 1865/5000: score=16.698678 loss=-0.502417 valid=1.0000 routes=14.318 grad=3.8605 seconds=38.3
Epoch 1866/5000: score=17.479485 loss=-0.546627 valid=1.0000 routes=15.231 grad=4.3963 seconds=37.8
Epoch 1867/5000: score=17.630250 loss=-0.532125 valid=1.0000 routes=14.462 grad=4.3744 seconds=38.4
Epoch 1868/5000: score=17.625043 loss=-0.555615 valid=1.0000 routes=15.110 grad=4.5790 seconds=37.9
Epoch 1869/5000: score=17.541218 loss=-0.514508 valid=1.0000 routes=14.431 grad=4.1740 seconds=38.5
>> Invalid instances, Re-generating ...
Epoch 1870/5000: score=18.638956 loss=-0.564545 valid=1.0000 routes=14.281 grad=4.6354 seconds=38.5
Epoch 1871/5000: score=17.035442 loss=-0.535995 valid=1.0000 routes=14.062 grad=4.6087 seconds=37.9
Epoch 1872/5000: score=17.086089 loss=-0.518987 valid=1.0000 routes=14.403 grad=4.1093 seconds=38.8
Epoch 1873/5000: score=18.222809 loss=-0.535080 valid=1.0000 routes=14.828 grad=4.5786 seconds=37.6
Epoch 1874/5000: score=17.144669 loss=-0.516540 valid=1.0000 routes=14.733 grad=4.1995 seconds=38.5
Epoch 1875/5000: score=16.219723 loss=-0.485020 valid=1.0000 routes=13.601 grad=4.0225 seconds=38.1
Epoch 1876/5000: score=16.068372 loss=-0.499520 valid=1.0000 routes=14.076 grad=3.7579 seconds=38.4
Epoch 1877/5000: score=17.559012 loss=-0.522056 valid=1.0000 routes=14.970 grad=4.3528 seconds=38.5
Epoch 1878/5000: score=17.007571 loss=-0.509611 valid=1.0000 routes=13.751 grad=4.0655 seconds=38.1
>> Invalid instances, Re-generating ...
Epoch 1879/5000: score=16.621612 loss=-0.488164 valid=1.0000 routes=14.621 grad=3.8514 seconds=38.2
Epoch 1880/5000: score=17.993230 loss=-0.549659 valid=1.0000 routes=15.286 grad=4.8669 seconds=38.1
Epoch 1881/5000: score=17.233301 loss=-0.516667 valid=1.0000 routes=13.630 grad=4.2004 seconds=38.0
Epoch 1882/5000: score=17.317552 loss=-0.525717 valid=1.0000 routes=14.980 grad=4.5206 seconds=38.2
Epoch 1883/5000: score=16.738600 loss=-0.527979 valid=1.0000 routes=14.543 grad=4.1827 seconds=38.3
Epoch 1884/5000: score=17.609712 loss=-0.548910 valid=1.0000 routes=15.308 grad=4.5295 seconds=37.6
Epoch 1885/5000: score=16.627315 loss=-0.490113 valid=1.0000 routes=13.805 grad=3.8147 seconds=38.3
Epoch 1886/5000: score=17.438703 loss=-0.544036 valid=1.0000 routes=15.007 grad=4.5571 seconds=37.9
Epoch 1887/5000: score=16.051194 loss=-0.509836 valid=1.0000 routes=13.722 grad=3.8049 seconds=38.6
Epoch 1888/5000: score=16.633523 loss=-0.495682 valid=1.0000 routes=14.122 grad=3.9195 seconds=37.8
Epoch 1889/5000: score=17.969288 loss=-0.561088 valid=1.0000 routes=15.905 grad=4.8150 seconds=37.7
Epoch 1890/5000: score=17.416438 loss=-0.511229 valid=1.0000 routes=14.507 grad=3.9921 seconds=38.6
Epoch 1891/5000: score=18.511007 loss=-0.585657 valid=1.0000 routes=15.490 grad=4.9566 seconds=38.0
Epoch 1892/5000: score=16.544975 loss=-0.507673 valid=1.0000 routes=14.359 grad=4.1347 seconds=38.4
Epoch 1893/5000: score=17.384727 loss=-0.542996 valid=1.0000 routes=15.090 grad=4.3895 seconds=37.9
Epoch 1894/5000: score=17.162031 loss=-0.531250 valid=1.0000 routes=14.362 grad=4.2356 seconds=38.0
Epoch 1895/5000: score=17.207520 loss=-0.520577 valid=1.0000 routes=14.936 grad=4.2311 seconds=38.5
Epoch 1896/5000: score=17.750264 loss=-0.536978 valid=1.0000 routes=14.537 grad=4.4714 seconds=38.1
Epoch 1897/5000: score=17.757278 loss=-0.530703 valid=1.0000 routes=14.716 grad=4.3458 seconds=38.2
Epoch 1898/5000: score=16.689373 loss=-0.516530 valid=1.0000 routes=13.854 grad=4.1219 seconds=38.0
Epoch 1899/5000: score=16.952454 loss=-0.520909 valid=1.0000 routes=15.354 grad=4.3728 seconds=38.4
>> Invalid instances, Re-generating ...
Epoch 1900/5000: score=17.260365 loss=-0.518925 valid=1.0000 routes=14.346 grad=4.1440 seconds=38.7
Epoch 1901/5000: score=17.299724 loss=-0.525622 valid=1.0000 routes=14.378 grad=4.2610 seconds=38.2
Epoch 1902/5000: score=17.569477 loss=-0.539773 valid=1.0000 routes=14.360 grad=4.5108 seconds=38.1
Epoch 1903/5000: score=17.344886 loss=-0.498018 valid=1.0000 routes=13.330 grad=3.9702 seconds=38.2
Epoch 1904/5000: score=17.005709 loss=-0.507823 valid=1.0000 routes=13.814 grad=4.0193 seconds=37.8
Epoch 1905/5000: score=16.963148 loss=-0.531872 valid=1.0000 routes=13.904 grad=4.2844 seconds=38.0
Epoch 1906/5000: score=16.344280 loss=-0.492964 valid=1.0000 routes=14.333 grad=3.8722 seconds=37.9
Epoch 1907/5000: score=18.024018 loss=-0.557724 valid=1.0000 routes=15.295 grad=4.7982 seconds=38.4
Epoch 1908/5000: score=17.246410 loss=-0.515912 valid=1.0000 routes=14.472 grad=4.0129 seconds=38.3
Epoch 1909/5000: score=17.429877 loss=-0.522901 valid=1.0000 routes=14.492 grad=4.3678 seconds=37.9
Epoch 1910/5000: score=18.779067 loss=-0.551186 valid=1.0000 routes=15.171 grad=4.9076 seconds=38.5
Epoch 1911/5000: score=17.783854 loss=-0.546108 valid=1.0000 routes=15.990 grad=4.7303 seconds=38.4
Epoch 1912/5000: score=16.816771 loss=-0.508503 valid=1.0000 routes=14.320 grad=3.9650 seconds=38.1
Epoch 1913/5000: score=17.757840 loss=-0.541860 valid=1.0000 routes=15.216 grad=4.5109 seconds=38.5
Epoch 1914/5000: score=17.420472 loss=-0.538649 valid=1.0000 routes=14.064 grad=4.2013 seconds=38.3
Epoch 1915/5000: score=17.446929 loss=-0.534173 valid=1.0000 routes=14.367 grad=4.4606 seconds=38.3
Epoch 1916/5000: score=17.700363 loss=-0.548225 valid=1.0000 routes=13.762 grad=5.0921 seconds=38.4
Epoch 1917/5000: score=18.014117 loss=-0.548574 valid=1.0000 routes=15.961 grad=4.7337 seconds=38.2
Epoch 1918/5000: score=18.111181 loss=-0.558591 valid=1.0000 routes=15.911 grad=4.8085 seconds=39.0
Epoch 1919/5000: score=16.784126 loss=-0.514872 valid=1.0000 routes=14.180 grad=4.0229 seconds=37.9
Epoch 1920/5000: score=16.990423 loss=-0.509700 valid=1.0000 routes=14.488 grad=4.2831 seconds=38.2
Epoch 1921/5000: score=17.139478 loss=-0.534337 valid=1.0000 routes=14.809 grad=4.4550 seconds=38.8
Epoch 1922/5000: score=16.487790 loss=-0.510795 valid=1.0000 routes=15.247 grad=4.1844 seconds=38.0
Epoch 1923/5000: score=18.633047 loss=-0.557494 valid=1.0000 routes=15.165 grad=4.7895 seconds=38.9
>> Invalid instances, Re-generating ...
Epoch 1924/5000: score=17.357631 loss=-0.531726 valid=1.0000 routes=14.788 grad=4.5185 seconds=38.1
Epoch 1925/5000: score=16.610494 loss=-0.510056 valid=1.0000 routes=14.319 grad=4.0204 seconds=38.2
Epoch 1926/5000: score=17.452331 loss=-0.512399 valid=1.0000 routes=14.137 grad=4.4271 seconds=39.4
Epoch 1927/5000: score=16.857912 loss=-0.549568 valid=1.0000 routes=14.205 grad=4.5374 seconds=40.8
Epoch 1928/5000: score=17.570961 loss=-0.528985 valid=1.0000 routes=15.059 grad=4.3639 seconds=39.6
Epoch 1929/5000: score=17.294415 loss=-0.512405 valid=1.0000 routes=13.440 grad=4.1715 seconds=38.7
Epoch 1930/5000: score=16.826823 loss=-0.521627 valid=1.0000 routes=14.265 grad=4.0366 seconds=39.1
Epoch 1931/5000: score=17.686665 loss=-0.518844 valid=1.0000 routes=14.408 grad=4.2504 seconds=38.9
Epoch 1932/5000: score=17.338646 loss=-0.542953 valid=1.0000 routes=14.987 grad=4.4344 seconds=38.5
Epoch 1933/5000: score=16.980382 loss=-0.509369 valid=1.0000 routes=13.857 grad=4.0279 seconds=41.4
Epoch 1934/5000: score=16.116097 loss=-0.480912 valid=1.0000 routes=13.328 grad=3.7623 seconds=41.0
Epoch 1935/5000: score=17.180531 loss=-0.518470 valid=1.0000 routes=14.731 grad=4.3073 seconds=38.8
Epoch 1936/5000: score=18.277845 loss=-0.565543 valid=1.0000 routes=15.552 grad=5.0803 seconds=38.6
Epoch 1937/5000: score=17.638935 loss=-0.535800 valid=1.0000 routes=15.392 grad=4.3803 seconds=38.6
Epoch 1938/5000: score=16.186831 loss=-0.479125 valid=1.0000 routes=13.277 grad=3.5763 seconds=39.0
Epoch 1939/5000: score=17.331826 loss=-0.516109 valid=1.0000 routes=14.034 grad=4.3380 seconds=39.5
Epoch 1940/5000: score=16.861891 loss=-0.488730 valid=1.0000 routes=13.535 grad=4.1326 seconds=41.3
Epoch 1941/5000: score=17.127012 loss=-0.514076 valid=1.0000 routes=14.157 grad=4.4210 seconds=40.2
Epoch 1942/5000: score=18.322155 loss=-0.532617 valid=1.0000 routes=14.645 grad=4.4766 seconds=38.7
Epoch 1943/5000: score=17.334103 loss=-0.469562 valid=1.0000 routes=13.235 grad=3.7868 seconds=38.9
Epoch 1944/5000: score=17.596674 loss=-0.548493 valid=1.0000 routes=15.456 grad=4.8176 seconds=37.9
Epoch 1945/5000: score=17.405313 loss=-0.530612 valid=1.0000 routes=15.212 grad=4.4084 seconds=38.7
Epoch 1946/5000: score=17.051301 loss=-0.509772 valid=1.0000 routes=14.610 grad=4.1935 seconds=38.6
Epoch 1947/5000: score=17.347260 loss=-0.528185 valid=1.0000 routes=14.665 grad=4.3535 seconds=41.9
Epoch 1948/5000: score=16.948205 loss=-0.503171 valid=1.0000 routes=13.781 grad=4.0110 seconds=40.3
Epoch 1949/5000: score=17.200412 loss=-0.501146 valid=1.0000 routes=13.542 grad=4.1654 seconds=38.1
Epoch 1950/5000: score=16.926369 loss=-0.517240 valid=1.0000 routes=14.247 grad=4.1933 seconds=39.1
Epoch 1951/5000: score=17.806468 loss=-0.519010 valid=1.0000 routes=13.822 grad=4.2771 seconds=38.8
Epoch 1952/5000: score=15.795816 loss=-0.453600 valid=1.0000 routes=12.974 grad=3.9258 seconds=38.4
Epoch 1953/5000: score=16.766280 loss=-0.497312 valid=1.0000 routes=13.601 grad=3.9425 seconds=40.3
Epoch 1954/5000: score=16.945513 loss=-0.475154 valid=1.0000 routes=14.257 grad=3.8706 seconds=41.4
Epoch 1955/5000: score=16.757363 loss=-0.507453 valid=1.0000 routes=13.865 grad=4.1698 seconds=39.5
Epoch 1956/5000: score=16.681027 loss=-0.515144 valid=1.0000 routes=14.665 grad=4.4079 seconds=38.0
Epoch 1957/5000: score=17.003950 loss=-0.509422 valid=1.0000 routes=14.421 grad=4.2092 seconds=38.6
Epoch 1958/5000: score=17.389712 loss=-0.526718 valid=1.0000 routes=14.621 grad=4.5335 seconds=37.5
Epoch 1959/5000: score=17.240971 loss=-0.490352 valid=1.0000 routes=13.619 grad=3.9492 seconds=37.8
Epoch 1960/5000: score=17.548453 loss=-0.522914 valid=1.0000 routes=14.932 grad=4.3383 seconds=39.5
Epoch 1961/5000: score=17.572315 loss=-0.536498 valid=1.0000 routes=14.391 grad=4.7827 seconds=40.1
Epoch 1962/5000: score=18.107487 loss=-0.545042 valid=1.0000 routes=14.595 grad=4.7069 seconds=40.1
Epoch 1963/5000: score=17.195959 loss=-0.523407 valid=1.0000 routes=14.366 grad=4.2682 seconds=38.3
Epoch 1964/5000: score=16.669246 loss=-0.503716 valid=1.0000 routes=14.053 grad=3.9707 seconds=38.5
Epoch 1965/5000: score=17.925534 loss=-0.535659 valid=1.0000 routes=14.966 grad=4.5941 seconds=38.3
Epoch 1966/5000: score=18.323612 loss=-0.531949 valid=1.0000 routes=14.313 grad=4.5349 seconds=38.4
Epoch 1967/5000: score=16.061795 loss=-0.493731 valid=1.0000 routes=13.882 grad=3.9018 seconds=40.3
Epoch 1968/5000: score=16.662218 loss=-0.512729 valid=1.0000 routes=13.923 grad=4.1044 seconds=41.6
Epoch 1969/5000: score=17.648552 loss=-0.552657 valid=1.0000 routes=14.902 grad=4.8372 seconds=39.4
Epoch 1970/5000: score=17.011427 loss=-0.494439 valid=1.0000 routes=14.337 grad=3.9054 seconds=38.6
Epoch 1971/5000: score=17.924546 loss=-0.568079 valid=1.0000 routes=15.334 grad=4.7531 seconds=39.3
Epoch 1972/5000: score=17.751273 loss=-0.556020 valid=1.0000 routes=15.065 grad=4.6211 seconds=39.1
Epoch 1973/5000: score=17.521692 loss=-0.521808 valid=1.0000 routes=14.561 grad=4.3259 seconds=38.2
Epoch 1974/5000: score=17.569112 loss=-0.503615 valid=1.0000 routes=15.092 grad=4.0251 seconds=40.1
>> Invalid instances, Re-generating ...
Epoch 1975/5000: score=18.025676 loss=-0.521498 valid=1.0000 routes=14.736 grad=4.5073 seconds=41.5
Epoch 1976/5000: score=17.559020 loss=-0.543468 valid=1.0000 routes=15.695 grad=4.5568 seconds=38.7
Epoch 1977/5000: score=16.973969 loss=-0.522267 valid=1.0000 routes=15.257 grad=4.3277 seconds=38.7
Epoch 1978/5000: score=17.309087 loss=-0.521437 valid=1.0000 routes=14.712 grad=4.2793 seconds=38.3
Epoch 1979/5000: score=16.859405 loss=-0.524498 valid=1.0000 routes=14.744 grad=4.4791 seconds=38.4
Epoch 1980/5000: score=17.158350 loss=-0.511245 valid=1.0000 routes=14.925 grad=4.5431 seconds=39.4
Epoch 1981/5000: score=17.006799 loss=-0.517132 valid=1.0000 routes=15.207 grad=4.2123 seconds=40.8
Epoch 1982/5000: score=17.352251 loss=-0.525244 valid=1.0000 routes=14.736 grad=4.1797 seconds=39.1
Epoch 1983/5000: score=16.457256 loss=-0.471091 valid=1.0000 routes=12.862 grad=3.5573 seconds=38.1
Epoch 1984/5000: score=15.722096 loss=-0.465844 valid=1.0000 routes=13.339 grad=3.5137 seconds=38.4
Epoch 1985/5000: score=16.237860 loss=-0.493231 valid=1.0000 routes=13.584 grad=3.9773 seconds=38.1
Epoch 1986/5000: score=16.926397 loss=-0.478272 valid=1.0000 routes=14.084 grad=3.8810 seconds=38.4
Epoch 1987/5000: score=16.012685 loss=-0.491989 valid=1.0000 routes=13.468 grad=3.8404 seconds=40.5
Epoch 1988/5000: score=16.760082 loss=-0.509061 valid=1.0000 routes=14.046 grad=4.0889 seconds=40.9
Epoch 1989/5000: score=17.605333 loss=-0.519667 valid=1.0000 routes=14.120 grad=4.3514 seconds=38.7
Epoch 1990/5000: score=17.077256 loss=-0.500393 valid=1.0000 routes=13.598 grad=4.0870 seconds=38.2
Epoch 1991/5000: score=16.628359 loss=-0.490498 valid=1.0000 routes=13.524 grad=3.9779 seconds=38.5
Epoch 1992/5000: score=17.010011 loss=-0.514416 valid=1.0000 routes=14.232 grad=4.2462 seconds=38.4
Epoch 1993/5000: score=16.479341 loss=-0.508268 valid=1.0000 routes=13.925 grad=4.1072 seconds=38.7
Epoch 1994/5000: score=16.107929 loss=-0.490348 valid=1.0000 routes=12.982 grad=3.8363 seconds=39.9
Epoch 1995/5000: score=16.888467 loss=-0.520938 valid=1.0000 routes=14.983 grad=4.4685 seconds=41.8
Epoch 1996/5000: score=16.737581 loss=-0.527313 valid=1.0000 routes=14.814 grad=4.3962 seconds=38.4
Epoch 1997/5000: score=16.943607 loss=-0.512977 valid=1.0000 routes=14.357 grad=4.0401 seconds=38.4
Epoch 1998/5000: score=17.384215 loss=-0.515808 valid=1.0000 routes=14.161 grad=4.4152 seconds=38.5
Epoch 1999/5000: score=17.742424 loss=-0.547535 valid=1.0000 routes=14.342 grad=4.7301 seconds=38.7
Epoch 2000/5000: score=17.048234 loss=-0.484180 valid=1.0000 routes=13.531 grad=3.9060 seconds=38.2
Epoch 2001/5000: score=16.391757 loss=-0.490023 valid=1.0000 routes=14.071 grad=4.0981 seconds=40.5
Epoch 2002/5000: score=18.182899 loss=-0.558595 valid=1.0000 routes=14.827 grad=4.9146 seconds=41.4
Epoch 2003/5000: score=17.255230 loss=-0.527925 valid=1.0000 routes=14.730 grad=4.3457 seconds=38.9
Epoch 2004/5000: score=16.966961 loss=-0.499521 valid=1.0000 routes=14.506 grad=3.9730 seconds=38.0
Epoch 2005/5000: score=18.354912 loss=-0.547103 valid=1.0000 routes=14.841 grad=4.8061 seconds=38.6
Epoch 2006/5000: score=17.100503 loss=-0.525301 valid=1.0000 routes=14.244 grad=4.3318 seconds=38.6
Epoch 2007/5000: score=18.023440 loss=-0.551743 valid=1.0000 routes=15.281 grad=4.7764 seconds=38.6
Epoch 2008/5000: score=17.271522 loss=-0.518363 valid=1.0000 routes=14.704 grad=4.4035 seconds=40.4
Epoch 2009/5000: score=17.126114 loss=-0.499278 valid=1.0000 routes=14.097 grad=4.1943 seconds=41.7
Epoch 2010/5000: score=16.463570 loss=-0.482144 valid=1.0000 routes=13.500 grad=4.0519 seconds=38.6
Epoch 2011/5000: score=16.437385 loss=-0.481522 valid=1.0000 routes=14.409 grad=3.9580 seconds=38.4
Epoch 2012/5000: score=17.350504 loss=-0.512825 valid=1.0000 routes=14.507 grad=4.4373 seconds=38.2
Epoch 2013/5000: score=17.941039 loss=-0.540937 valid=1.0000 routes=14.982 grad=4.7533 seconds=38.7
Epoch 2014/5000: score=16.919584 loss=-0.514680 valid=1.0000 routes=14.005 grad=4.4417 seconds=38.0
Epoch 2015/5000: score=16.297188 loss=-0.470000 valid=1.0000 routes=13.389 grad=3.6233 seconds=39.9
Epoch 2016/5000: score=17.358990 loss=-0.513998 valid=1.0000 routes=14.773 grad=4.2118 seconds=41.7
Epoch 2017/5000: score=16.820215 loss=-0.466559 valid=1.0000 routes=13.241 grad=3.9165 seconds=38.9
Epoch 2018/5000: score=17.500631 loss=-0.526414 valid=1.0000 routes=14.303 grad=4.4861 seconds=39.4
Epoch 2019/5000: score=16.962789 loss=-0.502029 valid=1.0000 routes=13.877 grad=4.3027 seconds=39.2
Epoch 2020/5000: score=17.248308 loss=-0.521099 valid=1.0000 routes=14.688 grad=4.3947 seconds=38.7
Epoch 2021/5000: score=18.588128 loss=-0.535785 valid=1.0000 routes=14.751 grad=4.5837 seconds=38.4
Epoch 2022/5000: score=17.273175 loss=-0.488443 valid=1.0000 routes=14.385 grad=4.1871 seconds=41.3
Epoch 2023/5000: score=17.831266 loss=-0.563445 valid=1.0000 routes=16.013 grad=4.8901 seconds=40.8
Epoch 2024/5000: score=16.855950 loss=-0.501595 valid=1.0000 routes=14.044 grad=4.2932 seconds=38.7
Epoch 2025/5000: score=16.822160 loss=-0.505287 valid=1.0000 routes=14.016 grad=4.3031 seconds=38.9
Epoch 2026/5000: score=16.220751 loss=-0.493901 valid=1.0000 routes=14.604 grad=4.1312 seconds=38.6
Epoch 2027/5000: score=17.628058 loss=-0.529272 valid=1.0000 routes=15.169 grad=4.4699 seconds=38.1
Epoch 2028/5000: score=17.089404 loss=-0.519863 valid=1.0000 routes=14.346 grad=4.4050 seconds=40.5
Epoch 2029/5000: score=17.398442 loss=-0.513986 valid=1.0000 routes=14.963 grad=4.3694 seconds=40.0
Epoch 2030/5000: score=16.798267 loss=-0.523999 valid=1.0000 routes=14.565 grad=4.3879 seconds=40.6
Epoch 2031/5000: score=16.697455 loss=-0.515347 valid=1.0000 routes=14.806 grad=4.1714 seconds=38.7
Epoch 2032/5000: score=16.982010 loss=-0.498860 valid=1.0000 routes=14.493 grad=4.5014 seconds=38.3
Epoch 2033/5000: score=16.776850 loss=-0.509161 valid=1.0000 routes=14.034 grad=4.1075 seconds=39.3
Epoch 2034/5000: score=17.016463 loss=-0.502826 valid=1.0000 routes=14.078 grad=4.0632 seconds=38.5
Epoch 2035/5000: score=17.108338 loss=-0.513239 valid=1.0000 routes=14.375 grad=4.3619 seconds=40.7
Epoch 2036/5000: score=17.416206 loss=-0.537604 valid=1.0000 routes=13.728 grad=4.5104 seconds=41.3
Epoch 2037/5000: score=16.284308 loss=-0.497667 valid=1.0000 routes=14.091 grad=4.1130 seconds=39.2
Epoch 2038/5000: score=16.941588 loss=-0.504130 valid=1.0000 routes=14.519 grad=4.2244 seconds=38.4
Epoch 2039/5000: score=16.814929 loss=-0.502835 valid=1.0000 routes=14.803 grad=4.1326 seconds=38.5
Epoch 2040/5000: score=17.859807 loss=-0.561560 valid=1.0000 routes=15.873 grad=4.8651 seconds=39.1
Epoch 2041/5000: score=16.426009 loss=-0.497546 valid=1.0000 routes=13.115 grad=3.9084 seconds=38.7
Epoch 2042/5000: score=17.046457 loss=-0.495433 valid=1.0000 routes=14.514 grad=4.0889 seconds=40.6
Epoch 2043/5000: score=17.183061 loss=-0.492283 valid=1.0000 routes=13.796 grad=4.2561 seconds=41.4
Epoch 2044/5000: score=16.265296 loss=-0.477398 valid=1.0000 routes=13.893 grad=3.9623 seconds=40.1
Epoch 2045/5000: score=16.208152 loss=-0.483716 valid=1.0000 routes=13.899 grad=3.7710 seconds=39.0
Epoch 2046/5000: score=16.027859 loss=-0.491466 valid=1.0000 routes=14.223 grad=4.3209 seconds=38.8
Epoch 2047/5000: score=16.245003 loss=-0.504013 valid=1.0000 routes=13.525 grad=3.9277 seconds=39.0
Epoch 2048/5000: score=17.344953 loss=-0.531209 valid=1.0000 routes=15.489 grad=4.3635 seconds=38.4
Epoch 2049/5000: score=18.318404 loss=-0.547947 valid=1.0000 routes=14.517 grad=4.7218 seconds=40.3
Epoch 2050/5000: score=17.318463 loss=-0.513199 valid=1.0000 routes=14.513 grad=4.2200 seconds=42.5
Epoch 2051/5000: score=18.093598 loss=-0.522584 valid=1.0000 routes=15.038 grad=4.6463 seconds=38.9
Epoch 2052/5000: score=17.529115 loss=-0.521409 valid=1.0000 routes=15.002 grad=4.4533 seconds=38.8
Epoch 2053/5000: score=16.449779 loss=-0.500831 valid=1.0000 routes=13.812 grad=4.2514 seconds=38.6
Epoch 2054/5000: score=16.655269 loss=-0.495613 valid=1.0000 routes=13.910 grad=4.0759 seconds=38.6
Epoch 2055/5000: score=16.559630 loss=-0.490681 valid=1.0000 routes=14.284 grad=4.0444 seconds=39.1
Epoch 2056/5000: score=17.380759 loss=-0.499048 valid=1.0000 routes=13.947 grad=4.1195 seconds=40.9
Epoch 2057/5000: score=16.574519 loss=-0.490882 valid=1.0000 routes=14.367 grad=4.1862 seconds=42.3
Epoch 2058/5000: score=17.642426 loss=-0.530732 valid=1.0000 routes=14.903 grad=4.5473 seconds=38.2
Epoch 2059/5000: score=17.004293 loss=-0.496231 valid=1.0000 routes=13.607 grad=4.2539 seconds=39.0
Epoch 2060/5000: score=16.057269 loss=-0.445116 valid=1.0000 routes=12.930 grad=3.5103 seconds=37.9
Epoch 2061/5000: score=16.076611 loss=-0.461372 valid=1.0000 routes=13.933 grad=3.5821 seconds=38.7
Epoch 2062/5000: score=17.828192 loss=-0.516249 valid=1.0000 routes=14.148 grad=4.4656 seconds=39.2
Epoch 2063/5000: score=17.111751 loss=-0.515229 valid=1.0000 routes=14.471 grad=4.3304 seconds=42.1
Epoch 2064/5000: score=16.862211 loss=-0.516581 valid=1.0000 routes=15.057 grad=4.3124 seconds=41.9
Epoch 2065/5000: score=17.014632 loss=-0.502550 valid=1.0000 routes=14.588 grad=4.4400 seconds=38.5
Epoch 2066/5000: score=16.311493 loss=-0.490498 valid=1.0000 routes=13.625 grad=3.9147 seconds=38.7
Epoch 2067/5000: score=17.323911 loss=-0.510833 valid=1.0000 routes=13.667 grad=4.3175 seconds=39.0
Epoch 2068/5000: score=17.705070 loss=-0.522124 valid=1.0000 routes=14.693 grad=4.7961 seconds=39.0
Epoch 2069/5000: score=17.229538 loss=-0.534335 valid=1.0000 routes=14.987 grad=4.8179 seconds=39.7
Epoch 2070/5000: score=17.272263 loss=-0.510371 valid=1.0000 routes=14.390 grad=4.3095 seconds=41.2
Epoch 2071/5000: score=17.717197 loss=-0.511536 valid=1.0000 routes=15.104 grad=4.1823 seconds=41.1
Epoch 2072/5000: score=16.733609 loss=-0.501220 valid=1.0000 routes=14.138 grad=4.0899 seconds=39.6
Epoch 2073/5000: score=16.668686 loss=-0.500533 valid=1.0000 routes=14.621 grad=4.4824 seconds=39.7
Epoch 2074/5000: score=17.416346 loss=-0.501314 valid=1.0000 routes=13.922 grad=4.4227 seconds=39.9
Epoch 2075/5000: score=17.551925 loss=-0.536557 valid=1.0000 routes=14.389 grad=4.4590 seconds=39.5
Epoch 2076/5000: score=16.297957 loss=-0.471740 valid=1.0000 routes=12.911 grad=3.6680 seconds=40.9
Epoch 2077/5000: score=18.104959 loss=-0.527309 valid=1.0000 routes=14.516 grad=4.6831 seconds=43.2
Epoch 2078/5000: score=17.553166 loss=-0.534378 valid=1.0000 routes=15.153 grad=4.6477 seconds=40.1
Epoch 2079/5000: score=17.704964 loss=-0.529305 valid=1.0000 routes=14.996 grad=4.5651 seconds=39.6
Epoch 2080/5000: score=17.810506 loss=-0.517179 valid=1.0000 routes=14.950 grad=4.6091 seconds=39.6
Epoch 2081/5000: score=17.749217 loss=-0.549382 valid=1.0000 routes=14.367 grad=4.7456 seconds=39.6
Epoch 2082/5000: score=16.929668 loss=-0.463958 valid=1.0000 routes=13.834 grad=3.7147 seconds=38.9
Epoch 2083/5000: score=17.348339 loss=-0.510656 valid=1.0000 routes=13.726 grad=4.2099 seconds=41.8
Epoch 2084/5000: score=16.888335 loss=-0.497006 valid=1.0000 routes=14.120 grad=4.1377 seconds=41.1
Epoch 2085/5000: score=17.027965 loss=-0.484353 valid=1.0000 routes=13.204 grad=4.3061 seconds=39.3
Epoch 2086/5000: score=17.433691 loss=-0.521020 valid=1.0000 routes=14.422 grad=4.3933 seconds=39.3
Epoch 2087/5000: score=17.766017 loss=-0.515441 valid=1.0000 routes=14.260 grad=4.6180 seconds=38.8
Epoch 2088/5000: score=18.200716 loss=-0.554176 valid=1.0000 routes=16.004 grad=5.1360 seconds=39.4
Epoch 2089/5000: score=17.417450 loss=-0.509725 valid=1.0000 routes=14.438 grad=4.4149 seconds=39.8
Epoch 2090/5000: score=17.214074 loss=-0.488974 valid=1.0000 routes=13.711 grad=4.5001 seconds=42.6
Epoch 2091/5000: score=16.699825 loss=-0.477076 valid=1.0000 routes=14.428 grad=4.0270 seconds=40.0
Epoch 2092/5000: score=16.911618 loss=-0.478669 valid=1.0000 routes=13.502 grad=4.0580 seconds=38.5
Epoch 2093/5000: score=17.657145 loss=-0.515979 valid=1.0000 routes=14.466 grad=4.5424 seconds=38.3
Epoch 2094/5000: score=16.601622 loss=-0.482718 valid=1.0000 routes=12.821 grad=3.9235 seconds=38.7
Epoch 2095/5000: score=18.195988 loss=-0.535199 valid=1.0000 routes=14.784 grad=4.7593 seconds=38.3
Epoch 2096/5000: score=16.628749 loss=-0.458796 valid=1.0000 routes=13.688 grad=4.0188 seconds=39.8
Epoch 2097/5000: score=16.670487 loss=-0.494072 valid=1.0000 routes=14.663 grad=4.2090 seconds=39.1
Epoch 2098/5000: score=17.815221 loss=-0.532237 valid=1.0000 routes=14.857 grad=4.5974 seconds=42.0
Epoch 2099/5000: score=17.252719 loss=-0.531979 valid=1.0000 routes=15.105 grad=4.7968 seconds=39.5
Epoch 2100/5000: score=16.534141 loss=-0.490955 valid=1.0000 routes=13.344 grad=4.0453 seconds=39.3
Epoch 2101/5000: score=15.794519 loss=-0.476540 valid=1.0000 routes=14.021 grad=3.8283 seconds=39.4
Epoch 2102/5000: score=17.200864 loss=-0.489179 valid=1.0000 routes=13.982 grad=4.0920 seconds=38.5
Epoch 2103/5000: score=16.484490 loss=-0.478041 valid=1.0000 routes=14.085 grad=3.8328 seconds=39.7
Epoch 2104/5000: score=17.709202 loss=-0.525890 valid=1.0000 routes=14.818 grad=4.8282 seconds=40.6
Epoch 2105/5000: score=17.377596 loss=-0.514761 valid=1.0000 routes=13.728 grad=4.5691 seconds=43.0
Epoch 2106/5000: score=17.039861 loss=-0.496020 valid=1.0000 routes=14.208 grad=4.0978 seconds=39.3
Epoch 2107/5000: score=16.875470 loss=-0.519768 valid=1.0000 routes=13.957 grad=4.1991 seconds=39.2
Epoch 2108/5000: score=17.528456 loss=-0.519329 valid=1.0000 routes=14.576 grad=4.5041 seconds=39.0
Epoch 2109/5000: score=17.994552 loss=-0.541001 valid=1.0000 routes=14.249 grad=4.7787 seconds=38.8
Epoch 2110/5000: score=16.810156 loss=-0.488172 valid=1.0000 routes=13.897 grad=4.1873 seconds=38.7
Epoch 2111/5000: score=17.676956 loss=-0.520513 valid=1.0000 routes=13.863 grad=4.5567 seconds=40.3
Epoch 2112/5000: score=16.724495 loss=-0.489829 valid=1.0000 routes=14.740 grad=4.2682 seconds=41.8
Epoch 2113/5000: score=17.675592 loss=-0.539825 valid=1.0000 routes=15.369 grad=4.7818 seconds=39.1
Epoch 2114/5000: score=17.054560 loss=-0.497994 valid=1.0000 routes=14.109 grad=4.1984 seconds=38.5
Epoch 2115/5000: score=16.888185 loss=-0.503944 valid=1.0000 routes=14.070 grad=4.1094 seconds=39.1
Epoch 2116/5000: score=16.752890 loss=-0.483141 valid=1.0000 routes=13.827 grad=4.0277 seconds=38.0
Epoch 2117/5000: score=17.828224 loss=-0.517666 valid=1.0000 routes=14.739 grad=4.6108 seconds=38.4
Epoch 2118/5000: score=16.434589 loss=-0.511809 valid=1.0000 routes=14.821 grad=4.3428 seconds=41.1
Epoch 2119/5000: score=16.578796 loss=-0.495235 valid=1.0000 routes=14.309 grad=4.1261 seconds=41.3
Epoch 2120/5000: score=17.720170 loss=-0.533901 valid=1.0000 routes=15.181 grad=4.5806 seconds=39.1
Epoch 2121/5000: score=17.944804 loss=-0.532036 valid=1.0000 routes=14.353 grad=4.7378 seconds=37.9
Epoch 2122/5000: score=16.724699 loss=-0.514602 valid=1.0000 routes=14.159 grad=4.3189 seconds=39.0
Epoch 2123/5000: score=16.724784 loss=-0.477961 valid=1.0000 routes=14.002 grad=4.1640 seconds=38.1
Epoch 2124/5000: score=17.533779 loss=-0.522311 valid=1.0000 routes=15.140 grad=4.6538 seconds=38.7
Epoch 2125/5000: score=16.730998 loss=-0.484638 valid=1.0000 routes=14.078 grad=4.1677 seconds=41.1
Epoch 2126/5000: score=17.119504 loss=-0.516633 valid=1.0000 routes=14.587 grad=4.2986 seconds=40.8
Epoch 2127/5000: score=17.977545 loss=-0.537759 valid=1.0000 routes=15.009 grad=4.5694 seconds=39.2
Epoch 2128/5000: score=18.291238 loss=-0.539582 valid=1.0000 routes=15.287 grad=5.3014 seconds=38.4
Epoch 2129/5000: score=16.114166 loss=-0.478638 valid=1.0000 routes=14.569 grad=4.0262 seconds=39.2
Epoch 2130/5000: score=16.878675 loss=-0.482320 valid=1.0000 routes=13.970 grad=3.9784 seconds=39.1
Epoch 2131/5000: score=16.764976 loss=-0.489452 valid=1.0000 routes=14.277 grad=4.0259 seconds=39.9
Epoch 2132/5000: score=17.300322 loss=-0.514679 valid=1.0000 routes=14.417 grad=4.5160 seconds=41.5
Epoch 2133/5000: score=17.051891 loss=-0.508502 valid=1.0000 routes=14.443 grad=4.4718 seconds=40.0
Epoch 2134/5000: score=16.729087 loss=-0.492312 valid=1.0000 routes=13.656 grad=4.0490 seconds=38.5
Epoch 2135/5000: score=16.739365 loss=-0.502876 valid=1.0000 routes=14.641 grad=4.2164 seconds=38.5
Epoch 2136/5000: score=17.516313 loss=-0.526924 valid=1.0000 routes=14.942 grad=4.7130 seconds=38.5
Epoch 2137/5000: score=17.378814 loss=-0.509105 valid=1.0000 routes=14.209 grad=4.3170 seconds=38.5
Epoch 2138/5000: score=17.521387 loss=-0.500879 valid=1.0000 routes=13.682 grad=4.6917 seconds=39.6
Epoch 2139/5000: score=17.852576 loss=-0.542781 valid=1.0000 routes=15.520 grad=4.8168 seconds=42.1
Epoch 2140/5000: score=18.548395 loss=-0.547798 valid=1.0000 routes=15.142 grad=4.9703 seconds=39.7
Epoch 2141/5000: score=17.431251 loss=-0.506790 valid=1.0000 routes=14.951 grad=4.4652 seconds=39.5
Epoch 2142/5000: score=16.124439 loss=-0.485316 valid=1.0000 routes=13.801 grad=3.9231 seconds=38.9
Epoch 2143/5000: score=15.928334 loss=-0.481565 valid=1.0000 routes=13.070 grad=3.8571 seconds=38.6
Epoch 2144/5000: score=17.397617 loss=-0.510041 valid=1.0000 routes=14.264 grad=4.6257 seconds=39.3
Epoch 2145/5000: score=16.926315 loss=-0.491611 valid=1.0000 routes=13.540 grad=4.0502 seconds=41.2
Epoch 2146/5000: score=17.494001 loss=-0.507778 valid=1.0000 routes=14.002 grad=4.2818 seconds=40.6
Epoch 2147/5000: score=16.654676 loss=-0.503736 valid=1.0000 routes=14.083 grad=4.2909 seconds=38.8
Epoch 2148/5000: score=16.148064 loss=-0.473612 valid=1.0000 routes=13.472 grad=3.9318 seconds=38.4
Epoch 2149/5000: score=17.672998 loss=-0.522354 valid=1.0000 routes=14.652 grad=4.5926 seconds=38.9
Epoch 2150/5000: score=17.277327 loss=-0.537258 valid=1.0000 routes=14.272 grad=4.7691 seconds=38.3
Epoch 2151/5000: score=18.078622 loss=-0.520784 valid=1.0000 routes=14.030 grad=4.7968 seconds=40.1
Epoch 2152/5000: score=16.413117 loss=-0.477861 valid=1.0000 routes=14.392 grad=4.1376 seconds=41.2
Epoch 2153/5000: score=18.018023 loss=-0.526407 valid=1.0000 routes=14.243 grad=4.6056 seconds=39.5
Epoch 2154/5000: score=16.875175 loss=-0.515852 valid=1.0000 routes=14.503 grad=4.3485 seconds=38.5
Epoch 2155/5000: score=15.296928 loss=-0.435016 valid=1.0000 routes=13.101 grad=3.4275 seconds=38.1
>> Invalid instances, Re-generating ...
Epoch 2156/5000: score=17.201399 loss=-0.511262 valid=1.0000 routes=14.544 grad=4.6400 seconds=38.5
Epoch 2157/5000: score=17.704004 loss=-0.502628 valid=1.0000 routes=14.326 grad=5.3118 seconds=38.3
Epoch 2158/5000: score=17.887852 loss=-0.551848 valid=1.0000 routes=15.498 grad=4.8235 seconds=40.2
Epoch 2159/5000: score=17.233536 loss=-0.479866 valid=1.0000 routes=13.554 grad=4.0490 seconds=41.3
Epoch 2160/5000: score=17.940615 loss=-0.514618 valid=1.0000 routes=14.075 grad=4.6759 seconds=38.3
Epoch 2161/5000: score=17.828312 loss=-0.500002 valid=1.0000 routes=14.035 grad=4.4791 seconds=38.5
Epoch 2162/5000: score=18.319696 loss=-0.527866 valid=1.0000 routes=14.735 grad=4.9139 seconds=38.8
Epoch 2163/5000: score=16.661730 loss=-0.461950 valid=1.0000 routes=14.240 grad=3.9129 seconds=38.5
Epoch 2164/5000: score=17.045199 loss=-0.481625 valid=1.0000 routes=14.737 grad=4.2271 seconds=38.9
Epoch 2165/5000: score=17.459471 loss=-0.502541 valid=1.0000 routes=13.478 grad=4.4633 seconds=40.4
Epoch 2166/5000: score=17.576204 loss=-0.488344 valid=1.0000 routes=14.323 grad=4.4696 seconds=42.1
Epoch 2167/5000: score=17.460952 loss=-0.516826 valid=1.0000 routes=14.574 grad=4.7122 seconds=39.1
Epoch 2168/5000: score=17.166152 loss=-0.492099 valid=1.0000 routes=14.307 grad=4.2482 seconds=38.9
Epoch 2169/5000: score=16.647584 loss=-0.501473 valid=1.0000 routes=14.564 grad=4.1317 seconds=38.6
Epoch 2170/5000: score=16.660632 loss=-0.470674 valid=1.0000 routes=13.403 grad=4.1696 seconds=38.6
Epoch 2171/5000: score=17.683032 loss=-0.534544 valid=1.0000 routes=15.355 grad=4.6355 seconds=38.9
Epoch 2172/5000: score=16.305629 loss=-0.479103 valid=1.0000 routes=13.835 grad=3.8552 seconds=40.6
Epoch 2173/5000: score=17.144134 loss=-0.514172 valid=1.0000 routes=14.878 grad=4.4616 seconds=41.1
Epoch 2174/5000: score=17.618424 loss=-0.506715 valid=1.0000 routes=15.098 grad=4.5931 seconds=37.8
Epoch 2175/5000: score=16.811058 loss=-0.491007 valid=1.0000 routes=13.713 grad=4.0913 seconds=38.6
Epoch 2176/5000: score=18.039318 loss=-0.520149 valid=1.0000 routes=15.549 grad=4.6700 seconds=38.2
Epoch 2177/5000: score=17.465072 loss=-0.521847 valid=1.0000 routes=15.620 grad=4.7931 seconds=38.8
Epoch 2178/5000: score=16.263936 loss=-0.486884 valid=1.0000 routes=14.196 grad=4.0532 seconds=39.6
Epoch 2179/5000: score=16.554284 loss=-0.481205 valid=1.0000 routes=13.917 grad=4.0629 seconds=41.2
Epoch 2180/5000: score=16.889055 loss=-0.514189 valid=1.0000 routes=14.143 grad=4.4275 seconds=40.4
Epoch 2181/5000: score=16.232790 loss=-0.491528 valid=1.0000 routes=14.152 grad=4.1804 seconds=38.1
Epoch 2182/5000: score=18.291634 loss=-0.555024 valid=1.0000 routes=14.783 grad=4.7701 seconds=38.3
Epoch 2183/5000: score=16.794663 loss=-0.492120 valid=1.0000 routes=12.992 grad=4.1065 seconds=39.0
Epoch 2184/5000: score=17.213763 loss=-0.504716 valid=1.0000 routes=14.650 grad=4.4049 seconds=38.5
Epoch 2185/5000: score=17.310856 loss=-0.503500 valid=1.0000 routes=14.016 grad=4.4404 seconds=39.4
Epoch 2186/5000: score=17.658360 loss=-0.509478 valid=1.0000 routes=14.160 grad=4.6377 seconds=41.3
Epoch 2187/5000: score=17.040073 loss=-0.510425 valid=1.0000 routes=14.121 grad=4.3838 seconds=39.8
Epoch 2188/5000: score=17.822085 loss=-0.507385 valid=1.0000 routes=15.271 grad=4.9510 seconds=39.0
Epoch 2189/5000: score=16.707140 loss=-0.500258 valid=1.0000 routes=13.978 grad=4.3143 seconds=38.5
Epoch 2190/5000: score=15.875534 loss=-0.481065 valid=1.0000 routes=14.123 grad=3.9563 seconds=39.4
Epoch 2191/5000: score=16.850669 loss=-0.511551 valid=1.0000 routes=14.409 grad=4.4290 seconds=38.9
Epoch 2192/5000: score=17.341566 loss=-0.510462 valid=1.0000 routes=14.961 grad=4.4764 seconds=40.1
Epoch 2193/5000: score=16.537234 loss=-0.480275 valid=1.0000 routes=14.443 grad=4.3525 seconds=41.7
Epoch 2194/5000: score=18.210488 loss=-0.545849 valid=1.0000 routes=14.968 grad=4.8924 seconds=39.6
Epoch 2195/5000: score=17.627380 loss=-0.534776 valid=1.0000 routes=15.150 grad=4.7515 seconds=39.3
Epoch 2196/5000: score=16.770910 loss=-0.472096 valid=1.0000 routes=13.586 grad=4.2107 seconds=38.9
Epoch 2197/5000: score=17.988615 loss=-0.513564 valid=1.0000 routes=14.330 grad=4.6945 seconds=38.9
Epoch 2198/5000: score=17.200167 loss=-0.520859 valid=1.0000 routes=14.342 grad=4.3909 seconds=39.4
Epoch 2199/5000: score=17.236663 loss=-0.505108 valid=1.0000 routes=14.207 grad=4.3899 seconds=39.9
Epoch 2200/5000: score=17.035498 loss=-0.488437 valid=1.0000 routes=14.065 grad=4.1080 seconds=41.5
Epoch 2201/5000: score=16.896681 loss=-0.496967 valid=1.0000 routes=14.265 grad=4.5865 seconds=38.2
Epoch 2202/5000: score=18.419183 loss=-0.533923 valid=1.0000 routes=14.945 grad=4.9129 seconds=38.7
Epoch 2203/5000: score=16.747161 loss=-0.503239 valid=1.0000 routes=14.416 grad=4.1486 seconds=38.2
Epoch 2204/5000: score=17.196252 loss=-0.530908 valid=1.0000 routes=14.999 grad=4.6180 seconds=38.4
Epoch 2205/5000: score=15.855856 loss=-0.453387 valid=1.0000 routes=13.142 grad=3.8369 seconds=38.6
Epoch 2206/5000: score=17.825074 loss=-0.519912 valid=1.0000 routes=14.834 grad=4.9554 seconds=39.3
Epoch 2207/5000: score=17.088687 loss=-0.510472 valid=1.0000 routes=14.392 grad=4.4117 seconds=42.6
Epoch 2208/5000: score=17.925878 loss=-0.526620 valid=1.0000 routes=15.393 grad=4.8748 seconds=38.8
Epoch 2209/5000: score=16.775232 loss=-0.517194 valid=1.0000 routes=14.560 grad=4.3824 seconds=38.8
Epoch 2210/5000: score=16.285392 loss=-0.483714 valid=1.0000 routes=13.476 grad=3.9561 seconds=39.0
Epoch 2211/5000: score=18.191589 loss=-0.517582 valid=1.0000 routes=14.372 grad=4.6949 seconds=38.0
Epoch 2212/5000: score=16.295997 loss=-0.473983 valid=1.0000 routes=13.359 grad=4.3678 seconds=39.2
Epoch 2213/5000: score=16.029282 loss=-0.475383 valid=1.0000 routes=13.157 grad=4.0197 seconds=40.3
Epoch 2214/5000: score=17.987966 loss=-0.535938 valid=1.0000 routes=14.797 grad=4.7730 seconds=42.4
Epoch 2215/5000: score=16.178903 loss=-0.477017 valid=1.0000 routes=14.321 grad=3.9578 seconds=39.2
Epoch 2216/5000: score=17.178873 loss=-0.493397 valid=1.0000 routes=14.872 grad=4.5222 seconds=38.4
Epoch 2217/5000: score=16.744487 loss=-0.473381 valid=1.0000 routes=14.052 grad=4.2868 seconds=38.9
Epoch 2218/5000: score=18.946999 loss=-0.584492 valid=1.0000 routes=16.582 grad=5.5931 seconds=38.8
Epoch 2219/5000: score=17.717952 loss=-0.525187 valid=1.0000 routes=14.413 grad=4.8104 seconds=38.3
Epoch 2220/5000: score=17.437952 loss=-0.512178 valid=1.0000 routes=14.837 grad=4.6261 seconds=41.7
Epoch 2221/5000: score=17.481796 loss=-0.500810 valid=1.0000 routes=15.119 grad=4.3757 seconds=40.1
Epoch 2222/5000: score=17.739091 loss=-0.510697 valid=1.0000 routes=14.259 grad=4.5402 seconds=38.4
Epoch 2223/5000: score=15.777399 loss=-0.475400 valid=1.0000 routes=13.709 grad=3.9758 seconds=38.1
Epoch 2224/5000: score=17.238467 loss=-0.515525 valid=1.0000 routes=14.531 grad=4.6938 seconds=38.3
Epoch 2225/5000: score=16.326298 loss=-0.482091 valid=1.0000 routes=13.985 grad=3.8820 seconds=38.7
Epoch 2226/5000: score=16.938759 loss=-0.519041 valid=1.0000 routes=14.291 grad=4.3957 seconds=38.5
Epoch 2227/5000: score=16.963688 loss=-0.502677 valid=1.0000 routes=14.667 grad=4.7305 seconds=41.4
Epoch 2228/5000: score=17.104000 loss=-0.494000 valid=1.0000 routes=14.271 grad=4.4827 seconds=40.8
Epoch 2229/5000: score=17.360590 loss=-0.510624 valid=1.0000 routes=14.860 grad=4.4399 seconds=38.6
Epoch 2230/5000: score=17.187522 loss=-0.494514 valid=1.0000 routes=14.614 grad=4.2838 seconds=38.4
Epoch 2231/5000: score=17.198285 loss=-0.528288 valid=1.0000 routes=14.572 grad=4.6460 seconds=38.5
Epoch 2232/5000: score=17.182018 loss=-0.509589 valid=1.0000 routes=14.642 grad=4.3524 seconds=38.7
Epoch 2233/5000: score=17.211848 loss=-0.511408 valid=1.0000 routes=14.342 grad=4.2977 seconds=38.7
Epoch 2234/5000: score=17.489652 loss=-0.512992 valid=1.0000 routes=15.176 grad=4.4540 seconds=40.7
Epoch 2235/5000: score=17.113245 loss=-0.514285 valid=1.0000 routes=14.767 grad=4.5531 seconds=40.4
Epoch 2236/5000: score=15.930801 loss=-0.485370 valid=1.0000 routes=13.772 grad=4.0303 seconds=38.8
Epoch 2237/5000: score=16.269995 loss=-0.466065 valid=1.0000 routes=13.452 grad=3.8515 seconds=38.9
Epoch 2238/5000: score=17.056811 loss=-0.499473 valid=1.0000 routes=14.500 grad=4.5758 seconds=38.7
Epoch 2239/5000: score=16.614095 loss=-0.453933 valid=1.0000 routes=13.466 grad=4.0543 seconds=38.9
Epoch 2240/5000: score=17.459714 loss=-0.512274 valid=1.0000 routes=14.579 grad=4.5424 seconds=40.2
Epoch 2241/5000: score=17.702531 loss=-0.510218 valid=1.0000 routes=14.431 grad=4.8673 seconds=41.3
Epoch 2242/5000: score=17.511013 loss=-0.516834 valid=1.0000 routes=14.865 grad=4.5172 seconds=39.7
Epoch 2243/5000: score=17.621068 loss=-0.504226 valid=1.0000 routes=13.540 grad=4.7939 seconds=38.0
Epoch 2244/5000: score=17.161076 loss=-0.500889 valid=1.0000 routes=14.761 grad=4.3739 seconds=38.5
Epoch 2245/5000: score=16.908758 loss=-0.489317 valid=1.0000 routes=14.029 grad=4.0746 seconds=38.6
Epoch 2246/5000: score=17.427558 loss=-0.495591 valid=1.0000 routes=13.820 grad=4.5405 seconds=38.5
Epoch 2247/5000: score=17.448447 loss=-0.488768 valid=1.0000 routes=14.529 grad=4.3545 seconds=40.0
Epoch 2248/5000: score=16.980360 loss=-0.504640 valid=1.0000 routes=15.401 grad=4.6777 seconds=41.4
Epoch 2249/5000: score=17.131436 loss=-0.479774 valid=1.0000 routes=14.076 grad=4.0979 seconds=38.3
Epoch 2250/5000: score=17.012111 loss=-0.503450 valid=1.0000 routes=14.111 grad=4.4007 seconds=38.2
Epoch 2251/5000: score=17.143525 loss=-0.500161 valid=1.0000 routes=14.713 grad=4.6050 seconds=37.9
Epoch 2252/5000: score=17.513956 loss=-0.488374 valid=1.0000 routes=14.256 grad=4.3745 seconds=38.6
Epoch 2253/5000: score=16.294117 loss=-0.490868 valid=1.0000 routes=13.863 grad=4.3338 seconds=38.4
Epoch 2254/5000: score=17.228486 loss=-0.492797 valid=1.0000 routes=13.405 grad=4.4963 seconds=39.3
Epoch 2255/5000: score=16.872074 loss=-0.486134 valid=1.0000 routes=13.687 grad=4.1544 seconds=41.9
Epoch 2256/5000: score=17.676321 loss=-0.516954 valid=1.0000 routes=15.169 grad=4.6169 seconds=38.2
Epoch 2257/5000: score=17.944378 loss=-0.524438 valid=1.0000 routes=14.923 grad=5.2566 seconds=38.5
Epoch 2258/5000: score=16.407462 loss=-0.496161 valid=1.0000 routes=14.775 grad=4.5705 seconds=38.6
Epoch 2259/5000: score=17.497350 loss=-0.524523 valid=1.0000 routes=15.395 grad=4.6568 seconds=37.4
Epoch 2260/5000: score=17.085373 loss=-0.520875 valid=1.0000 routes=14.961 grad=4.8878 seconds=38.7
Epoch 2261/5000: score=17.013567 loss=-0.515178 valid=1.0000 routes=14.971 grad=4.5472 seconds=40.5
Epoch 2262/5000: score=16.215939 loss=-0.479113 valid=1.0000 routes=13.463 grad=4.0983 seconds=41.7
Epoch 2263/5000: score=17.550844 loss=-0.518163 valid=1.0000 routes=14.182 grad=4.3842 seconds=38.4
Epoch 2264/5000: score=16.913455 loss=-0.498912 valid=1.0000 routes=14.297 grad=4.1541 seconds=38.3
Epoch 2265/5000: score=16.498966 loss=-0.476446 valid=1.0000 routes=13.957 grad=4.2588 seconds=39.1
Epoch 2266/5000: score=16.779649 loss=-0.484099 valid=1.0000 routes=13.890 grad=4.1704 seconds=38.4
Epoch 2267/5000: score=17.879919 loss=-0.524125 valid=1.0000 routes=14.618 grad=5.0515 seconds=38.9
Epoch 2268/5000: score=17.012426 loss=-0.476970 valid=1.0000 routes=13.141 grad=4.0342 seconds=41.0
Epoch 2269/5000: score=17.538711 loss=-0.511176 valid=1.0000 routes=14.443 grad=4.6063 seconds=40.2
Epoch 2270/5000: score=17.403523 loss=-0.529599 valid=1.0000 routes=14.345 grad=4.9081 seconds=38.6
Epoch 2271/5000: score=16.816218 loss=-0.490663 valid=1.0000 routes=14.501 grad=4.5934 seconds=37.8
Epoch 2272/5000: score=16.034735 loss=-0.472486 valid=1.0000 routes=13.956 grad=3.7764 seconds=38.3
Epoch 2273/5000: score=16.734561 loss=-0.504140 valid=1.0000 routes=14.157 grad=4.3388 seconds=38.6
Epoch 2274/5000: score=18.342488 loss=-0.554999 valid=1.0000 routes=15.178 grad=5.4845 seconds=38.7
Epoch 2275/5000: score=17.201934 loss=-0.502930 valid=1.0000 routes=14.695 grad=4.6412 seconds=41.0
Epoch 2276/5000: score=17.666415 loss=-0.538145 valid=1.0000 routes=15.167 grad=4.9379 seconds=40.4
Epoch 2277/5000: score=16.029252 loss=-0.465909 valid=1.0000 routes=13.399 grad=3.8187 seconds=38.4
Epoch 2278/5000: score=17.419250 loss=-0.516172 valid=1.0000 routes=15.673 grad=4.4508 seconds=38.7
Epoch 2279/5000: score=16.758947 loss=-0.484035 valid=1.0000 routes=13.533 grad=3.9432 seconds=38.2
Epoch 2280/5000: score=17.612222 loss=-0.502817 valid=1.0000 routes=14.136 grad=4.5292 seconds=38.9
Epoch 2281/5000: score=17.462326 loss=-0.533894 valid=1.0000 routes=15.046 grad=4.9291 seconds=39.5
Epoch 2282/5000: score=18.328001 loss=-0.552991 valid=1.0000 routes=15.327 grad=5.3567 seconds=40.7
Epoch 2283/5000: score=17.080511 loss=-0.483023 valid=1.0000 routes=14.737 grad=4.1911 seconds=40.2
Epoch 2284/5000: score=16.750525 loss=-0.498383 valid=1.0000 routes=15.006 grad=4.4368 seconds=38.0
Epoch 2285/5000: score=16.860759 loss=-0.513659 valid=1.0000 routes=14.424 grad=4.5808 seconds=38.7
Epoch 2286/5000: score=17.590044 loss=-0.516039 valid=1.0000 routes=14.402 grad=4.4740 seconds=38.7
Epoch 2287/5000: score=17.074728 loss=-0.492942 valid=1.0000 routes=14.604 grad=4.3347 seconds=39.2
Epoch 2288/5000: score=17.585665 loss=-0.500024 valid=1.0000 routes=14.289 grad=4.3875 seconds=39.4
Epoch 2289/5000: score=16.086678 loss=-0.478237 valid=1.0000 routes=13.925 grad=4.0711 seconds=41.3
Epoch 2290/5000: score=17.438116 loss=-0.484279 valid=1.0000 routes=14.018 grad=4.4804 seconds=39.9
Epoch 2291/5000: score=17.430041 loss=-0.520283 valid=1.0000 routes=15.358 grad=4.7760 seconds=38.6
Epoch 2292/5000: score=16.809923 loss=-0.496079 valid=1.0000 routes=15.102 grad=4.4974 seconds=39.0
Epoch 2293/5000: score=16.993706 loss=-0.477339 valid=1.0000 routes=13.740 grad=4.1710 seconds=38.7
Epoch 2294/5000: score=17.409555 loss=-0.488970 valid=1.0000 routes=13.867 grad=4.2565 seconds=38.5
Epoch 2295/5000: score=17.018039 loss=-0.498853 valid=1.0000 routes=14.113 grad=4.2889 seconds=40.4
Epoch 2296/5000: score=16.722898 loss=-0.498983 valid=1.0000 routes=13.761 grad=5.0591 seconds=41.6
Epoch 2297/5000: score=16.374292 loss=-0.475459 valid=1.0000 routes=13.987 grad=3.8631 seconds=39.4
Epoch 2298/5000: score=16.643829 loss=-0.491435 valid=1.0000 routes=14.423 grad=4.4206 seconds=38.5
Epoch 2299/5000: score=16.589205 loss=-0.483229 valid=1.0000 routes=14.169 grad=4.1721 seconds=38.8
Epoch 2300/5000: score=17.164481 loss=-0.497610 valid=1.0000 routes=14.094 grad=4.6452 seconds=38.7
Epoch 2301/5000: score=17.518431 loss=-0.525013 valid=1.0000 routes=15.536 grad=4.9052 seconds=38.7
Epoch 2302/5000: score=16.906972 loss=-0.505818 valid=1.0000 routes=14.795 grad=4.3889 seconds=41.4
Epoch 2303/5000: score=17.046832 loss=-0.517132 valid=1.0000 routes=14.328 grad=4.3959 seconds=41.3
Epoch 2304/5000: score=17.301447 loss=-0.523816 valid=1.0000 routes=15.857 grad=4.6363 seconds=38.6
Epoch 2305/5000: score=16.985124 loss=-0.500709 valid=1.0000 routes=14.840 grad=4.3291 seconds=38.5
Epoch 2306/5000: score=17.431264 loss=-0.490069 valid=1.0000 routes=14.552 grad=4.4656 seconds=38.8
Epoch 2307/5000: score=17.827618 loss=-0.540839 valid=1.0000 routes=15.013 grad=4.7565 seconds=38.9
Epoch 2308/5000: score=16.636518 loss=-0.510649 valid=1.0000 routes=14.264 grad=4.3079 seconds=39.1
Epoch 2309/5000: score=16.676202 loss=-0.462046 valid=1.0000 routes=13.303 grad=4.0294 seconds=40.9
Epoch 2310/5000: score=16.780534 loss=-0.512606 valid=1.0000 routes=14.991 grad=4.9083 seconds=40.7
Epoch 2311/5000: score=17.095331 loss=-0.524016 valid=1.0000 routes=15.521 grad=4.5752 seconds=38.8
Epoch 2312/5000: score=17.572269 loss=-0.510940 valid=1.0000 routes=14.472 grad=4.5525 seconds=39.3
Epoch 2313/5000: score=17.659187 loss=-0.520630 valid=1.0000 routes=14.429 grad=4.8892 seconds=38.8
Epoch 2314/5000: score=16.216095 loss=-0.478025 valid=1.0000 routes=13.416 grad=4.0523 seconds=38.6
Epoch 2315/5000: score=17.096199 loss=-0.501629 valid=1.0000 routes=14.688 grad=4.5424 seconds=40.3
Epoch 2316/5000: score=18.175243 loss=-0.530792 valid=1.0000 routes=14.394 grad=5.1232 seconds=40.7
Epoch 2317/5000: score=17.034698 loss=-0.490795 valid=1.0000 routes=14.263 grad=4.3173 seconds=39.5
Epoch 2318/5000: score=17.409388 loss=-0.514410 valid=1.0000 routes=15.210 grad=4.6493 seconds=38.3
Epoch 2319/5000: score=17.535011 loss=-0.501578 valid=1.0000 routes=14.745 grad=4.5909 seconds=38.2
Epoch 2320/5000: score=17.287357 loss=-0.514805 valid=1.0000 routes=14.191 grad=4.6663 seconds=38.6
Epoch 2321/5000: score=15.720528 loss=-0.470102 valid=1.0000 routes=13.734 grad=4.0185 seconds=38.1
Epoch 2322/5000: score=17.619459 loss=-0.515748 valid=1.0000 routes=14.941 grad=4.7391 seconds=40.3
Epoch 2323/5000: score=16.341265 loss=-0.494848 valid=1.0000 routes=14.857 grad=4.4656 seconds=41.3
Epoch 2324/5000: score=18.121961 loss=-0.524948 valid=1.0000 routes=13.613 grad=5.2365 seconds=39.4
Epoch 2325/5000: score=16.949653 loss=-0.504894 valid=1.0000 routes=14.054 grad=4.4788 seconds=38.7
Epoch 2326/5000: score=17.010319 loss=-0.502129 valid=1.0000 routes=13.906 grad=4.1747 seconds=37.8
Epoch 2327/5000: score=16.814984 loss=-0.487875 valid=1.0000 routes=14.300 grad=4.0274 seconds=38.9
Epoch 2328/5000: score=17.466797 loss=-0.499932 valid=1.0000 routes=14.800 grad=4.7283 seconds=38.0
Epoch 2329/5000: score=16.774896 loss=-0.500240 valid=1.0000 routes=14.039 grad=4.2339 seconds=40.0
Epoch 2330/5000: score=16.533428 loss=-0.475928 valid=1.0000 routes=14.298 grad=3.8962 seconds=41.6
Epoch 2331/5000: score=16.954474 loss=-0.494260 valid=1.0000 routes=13.809 grad=4.4177 seconds=38.9
Epoch 2332/5000: score=16.986588 loss=-0.509345 valid=1.0000 routes=14.841 grad=4.6926 seconds=38.7
Epoch 2333/5000: score=16.819724 loss=-0.514779 valid=1.0000 routes=14.660 grad=4.5259 seconds=38.1
Epoch 2334/5000: score=16.998698 loss=-0.501917 valid=1.0000 routes=14.683 grad=4.5304 seconds=38.5
Epoch 2335/5000: score=16.816826 loss=-0.494086 valid=1.0000 routes=14.427 grad=4.6699 seconds=38.6
Epoch 2336/5000: score=16.583213 loss=-0.444503 valid=1.0000 routes=13.515 grad=4.0958 seconds=38.9
Epoch 2337/5000: score=17.946616 loss=-0.532491 valid=1.0000 routes=15.370 grad=4.6423 seconds=42.0
Epoch 2338/5000: score=17.332497 loss=-0.479140 valid=1.0000 routes=13.976 grad=4.3607 seconds=38.5
Epoch 2339/5000: score=16.619467 loss=-0.493744 valid=1.0000 routes=14.397 grad=4.3468 seconds=38.4
Epoch 2340/5000: score=15.775769 loss=-0.478914 valid=1.0000 routes=14.007 grad=4.0726 seconds=38.5
Epoch 2341/5000: score=15.929849 loss=-0.459543 valid=1.0000 routes=13.062 grad=3.8760 seconds=38.3
Epoch 2342/5000: score=17.890525 loss=-0.509735 valid=1.0000 routes=15.020 grad=4.8129 seconds=38.9
Epoch 2343/5000: score=16.581848 loss=-0.487100 valid=1.0000 routes=14.558 grad=4.2317 seconds=40.6
Epoch 2344/5000: score=17.282247 loss=-0.522809 valid=1.0000 routes=14.584 grad=4.8932 seconds=42.0
Epoch 2345/5000: score=16.147945 loss=-0.472380 valid=1.0000 routes=13.506 grad=4.1999 seconds=39.0
Epoch 2346/5000: score=16.463327 loss=-0.466360 valid=1.0000 routes=13.509 grad=3.9293 seconds=39.0
Epoch 2347/5000: score=17.339978 loss=-0.485647 valid=1.0000 routes=13.590 grad=4.1543 seconds=39.4
Epoch 2348/5000: score=15.231133 loss=-0.467914 valid=1.0000 routes=13.606 grad=3.9216 seconds=38.3
Epoch 2349/5000: score=16.268111 loss=-0.476621 valid=1.0000 routes=13.374 grad=4.0903 seconds=39.0
Epoch 2350/5000: score=18.121677 loss=-0.539872 valid=1.0000 routes=14.893 grad=5.0792 seconds=40.6
Epoch 2351/5000: score=17.819542 loss=-0.512158 valid=1.0000 routes=14.214 grad=4.9385 seconds=42.2
Epoch 2352/5000: score=16.767657 loss=-0.486591 valid=1.0000 routes=14.195 grad=4.4375 seconds=39.1
Epoch 2353/5000: score=17.599041 loss=-0.534344 valid=1.0000 routes=15.323 grad=5.1967 seconds=38.8
Epoch 2354/5000: score=16.297847 loss=-0.454731 valid=1.0000 routes=12.465 grad=4.1501 seconds=39.0
Epoch 2355/5000: score=17.048604 loss=-0.493712 valid=1.0000 routes=14.416 grad=4.5076 seconds=38.8
Epoch 2356/5000: score=18.133496 loss=-0.523554 valid=1.0000 routes=14.353 grad=5.0423 seconds=38.7
Epoch 2357/5000: score=16.905202 loss=-0.486928 valid=1.0000 routes=14.260 grad=4.5354 seconds=41.3
Epoch 2358/5000: score=16.879703 loss=-0.515294 valid=1.0000 routes=15.340 grad=4.3886 seconds=40.3
Epoch 2359/5000: score=18.167335 loss=-0.520397 valid=1.0000 routes=15.256 grad=4.7545 seconds=39.0
Epoch 2360/5000: score=17.563080 loss=-0.509432 valid=1.0000 routes=15.242 grad=5.2440 seconds=38.6
Epoch 2361/5000: score=17.692656 loss=-0.506842 valid=1.0000 routes=14.251 grad=4.8366 seconds=39.0
Epoch 2362/5000: score=17.298772 loss=-0.496977 valid=1.0000 routes=14.564 grad=4.4986 seconds=39.1
Epoch 2363/5000: score=17.801880 loss=-0.513432 valid=1.0000 routes=14.729 grad=4.9944 seconds=39.3
Epoch 2364/5000: score=16.995923 loss=-0.498047 valid=1.0000 routes=14.623 grad=4.8063 seconds=41.1
Epoch 2365/5000: score=17.322995 loss=-0.489223 valid=1.0000 routes=14.201 grad=4.3793 seconds=40.2
Epoch 2366/5000: score=18.153103 loss=-0.531408 valid=1.0000 routes=15.165 grad=5.2469 seconds=37.9
Epoch 2367/5000: score=16.015830 loss=-0.487561 valid=1.0000 routes=14.341 grad=4.1567 seconds=38.4
Epoch 2368/5000: score=16.896062 loss=-0.488662 valid=1.0000 routes=14.777 grad=4.1779 seconds=38.1
Epoch 2369/5000: score=17.146649 loss=-0.483675 valid=1.0000 routes=14.063 grad=4.3072 seconds=38.9
Epoch 2370/5000: score=16.615603 loss=-0.476383 valid=1.0000 routes=14.773 grad=4.4818 seconds=39.5
Epoch 2371/5000: score=16.893485 loss=-0.478601 valid=1.0000 routes=13.583 grad=4.3636 seconds=39.1
Epoch 2372/5000: score=17.067427 loss=-0.475957 valid=1.0000 routes=14.549 grad=4.0408 seconds=38.8
Epoch 2373/5000: score=17.658290 loss=-0.526450 valid=1.0000 routes=14.446 grad=4.9066 seconds=38.5
Epoch 2374/5000: score=16.431337 loss=-0.474124 valid=1.0000 routes=13.037 grad=4.2080 seconds=38.9
Epoch 2375/5000: score=16.413677 loss=-0.472303 valid=1.0000 routes=13.444 grad=4.1901 seconds=38.6
Epoch 2376/5000: score=17.404674 loss=-0.518951 valid=1.0000 routes=14.920 grad=4.6024 seconds=38.4
Epoch 2377/5000: score=17.077269 loss=-0.508226 valid=1.0000 routes=14.107 grad=4.7996 seconds=39.5
Epoch 2378/5000: score=18.362169 loss=-0.547190 valid=1.0000 routes=15.641 grad=5.1214 seconds=38.2
Epoch 2379/5000: score=17.994321 loss=-0.527954 valid=1.0000 routes=15.059 grad=5.1782 seconds=39.0
Epoch 2380/5000: score=17.133328 loss=-0.482576 valid=1.0000 routes=14.453 grad=4.5178 seconds=39.1
Epoch 2381/5000: score=17.914923 loss=-0.520870 valid=1.0000 routes=14.935 grad=5.0146 seconds=38.2
Epoch 2382/5000: score=17.608731 loss=-0.511831 valid=1.0000 routes=15.227 grad=4.7007 seconds=38.5
Epoch 2383/5000: score=17.953043 loss=-0.531454 valid=1.0000 routes=15.852 grad=4.9803 seconds=38.8
>> Invalid instances, Re-generating ...
Epoch 2384/5000: score=18.006759 loss=-0.543437 valid=1.0000 routes=15.114 grad=5.3228 seconds=38.4
Epoch 2385/5000: score=17.234978 loss=-0.508444 valid=1.0000 routes=14.655 grad=4.6224 seconds=38.9
Epoch 2386/5000: score=17.072591 loss=-0.491283 valid=1.0000 routes=14.631 grad=4.4934 seconds=38.7
Epoch 2387/5000: score=16.550788 loss=-0.474937 valid=1.0000 routes=13.971 grad=4.1172 seconds=38.6
Epoch 2388/5000: score=16.608217 loss=-0.463626 valid=1.0000 routes=12.960 grad=4.6111 seconds=38.7
Epoch 2389/5000: score=16.495363 loss=-0.466869 valid=1.0000 routes=13.127 grad=4.1697 seconds=38.5
Epoch 2390/5000: score=17.120531 loss=-0.488053 valid=1.0000 routes=13.973 grad=4.3767 seconds=38.7
Epoch 2391/5000: score=17.963995 loss=-0.526829 valid=1.0000 routes=13.795 grad=4.8862 seconds=38.5
Epoch 2392/5000: score=17.665001 loss=-0.512818 valid=1.0000 routes=14.961 grad=4.6925 seconds=38.4
Epoch 2393/5000: score=16.823522 loss=-0.480930 valid=1.0000 routes=14.103 grad=4.7872 seconds=39.0
Epoch 2394/5000: score=17.086312 loss=-0.475057 valid=1.0000 routes=14.193 grad=4.2146 seconds=37.8
Epoch 2395/5000: score=17.374497 loss=-0.494818 valid=1.0000 routes=14.695 grad=4.4980 seconds=38.7
Epoch 2396/5000: score=17.358382 loss=-0.502346 valid=1.0000 routes=13.839 grad=4.5510 seconds=38.3
>> Invalid instances, Re-generating ...
Epoch 2397/5000: score=17.705258 loss=-0.505484 valid=1.0000 routes=14.637 grad=4.8693 seconds=38.6
Epoch 2398/5000: score=16.763349 loss=-0.469374 valid=1.0000 routes=14.255 grad=4.1521 seconds=38.8
Epoch 2399/5000: score=17.529549 loss=-0.493855 valid=1.0000 routes=14.856 grad=4.6135 seconds=38.5
>> Invalid instances, Re-generating ...
Epoch 2400/5000: score=16.235498 loss=-0.488621 valid=1.0000 routes=14.529 grad=4.1769 seconds=38.2
Epoch 2401/5000: score=18.223807 loss=-0.530072 valid=1.0000 routes=15.427 grad=5.0435 seconds=38.7
Epoch 2402/5000: score=17.010472 loss=-0.487898 valid=1.0000 routes=14.001 grad=4.5732 seconds=39.1
Epoch 2403/5000: score=17.126784 loss=-0.517423 valid=1.0000 routes=14.423 grad=4.7886 seconds=39.3
Epoch 2404/5000: score=18.443129 loss=-0.538148 valid=1.0000 routes=15.122 grad=5.2513 seconds=39.2
Epoch 2405/5000: score=17.844282 loss=-0.528237 valid=1.0000 routes=14.740 grad=4.9466 seconds=38.5
Epoch 2406/5000: score=17.346421 loss=-0.517195 valid=1.0000 routes=14.767 grad=4.8178 seconds=39.1
Epoch 2407/5000: score=17.132044 loss=-0.470862 valid=1.0000 routes=14.300 grad=4.1859 seconds=38.7
Epoch 2408/5000: score=17.159512 loss=-0.509402 valid=1.0000 routes=14.407 grad=4.6602 seconds=38.7
Epoch 2409/5000: score=17.624966 loss=-0.483648 valid=1.0000 routes=13.850 grad=4.6222 seconds=39.2
Epoch 2410/5000: score=16.630630 loss=-0.478520 valid=1.0000 routes=14.403 grad=4.3121 seconds=38.8
Epoch 2411/5000: score=17.605545 loss=-0.507735 valid=1.0000 routes=14.201 grad=4.4697 seconds=39.4
Epoch 2412/5000: score=16.843196 loss=-0.504762 valid=1.0000 routes=15.005 grad=4.3512 seconds=38.8
Epoch 2413/5000: score=16.758133 loss=-0.453686 valid=1.0000 routes=13.246 grad=4.5056 seconds=39.2
Epoch 2414/5000: score=18.411780 loss=-0.525683 valid=1.0000 routes=14.507 grad=5.3647 seconds=38.7
Epoch 2415/5000: score=17.123562 loss=-0.498620 valid=1.0000 routes=14.509 grad=4.5252 seconds=38.9
Epoch 2416/5000: score=18.193122 loss=-0.530158 valid=1.0000 routes=14.018 grad=5.1705 seconds=39.4
Epoch 2417/5000: score=17.083533 loss=-0.476452 valid=1.0000 routes=14.265 grad=4.2714 seconds=38.6
>> Invalid instances, Re-generating ...
Epoch 2418/5000: score=17.095870 loss=-0.517697 valid=1.0000 routes=15.031 grad=4.4776 seconds=38.7
Epoch 2419/5000: score=16.684910 loss=-0.469211 valid=1.0000 routes=14.125 grad=4.6996 seconds=38.5
Epoch 2420/5000: score=18.269585 loss=-0.513820 valid=1.0000 routes=14.628 grad=4.9533 seconds=38.4
Epoch 2421/5000: score=17.714313 loss=-0.490352 valid=1.0000 routes=14.248 grad=4.6061 seconds=37.9
Epoch 2422/5000: score=18.016543 loss=-0.531793 valid=1.0000 routes=14.447 grad=5.3053 seconds=38.7
Epoch 2423/5000: score=16.115519 loss=-0.495717 valid=1.0000 routes=14.036 grad=4.4782 seconds=38.7
Epoch 2424/5000: score=17.069853 loss=-0.480325 valid=1.0000 routes=14.149 grad=4.2082 seconds=38.5
Epoch 2425/5000: score=16.925103 loss=-0.464499 valid=1.0000 routes=13.465 grad=4.5926 seconds=38.5
Epoch 2426/5000: score=18.153035 loss=-0.508082 valid=1.0000 routes=15.803 grad=4.7734 seconds=38.2
Epoch 2427/5000: score=16.916093 loss=-0.490848 valid=1.0000 routes=15.153 grad=4.6105 seconds=38.8
Epoch 2428/5000: score=16.936542 loss=-0.473663 valid=1.0000 routes=14.265 grad=4.2472 seconds=38.2
Epoch 2429/5000: score=16.317438 loss=-0.484566 valid=1.0000 routes=14.613 grad=4.3501 seconds=38.6
Epoch 2430/5000: score=16.273243 loss=-0.466245 valid=1.0000 routes=13.343 grad=4.4740 seconds=38.7
Epoch 2431/5000: score=17.666314 loss=-0.516458 valid=1.0000 routes=14.131 grad=5.0053 seconds=38.1
Epoch 2432/5000: score=17.526079 loss=-0.520354 valid=1.0000 routes=15.010 grad=4.7304 seconds=38.5
Epoch 2433/5000: score=16.728828 loss=-0.466563 valid=1.0000 routes=14.208 grad=4.3773 seconds=38.3
Epoch 2434/5000: score=17.152910 loss=-0.505907 valid=1.0000 routes=14.196 grad=4.4937 seconds=38.0
Epoch 2435/5000: score=18.112986 loss=-0.542269 valid=1.0000 routes=14.788 grad=5.1045 seconds=38.9
Epoch 2436/5000: score=16.641717 loss=-0.486059 valid=1.0000 routes=14.669 grad=4.4067 seconds=38.3
>> Invalid instances, Re-generating ...
Epoch 2437/5000: score=18.108218 loss=-0.508219 valid=1.0000 routes=14.439 grad=4.7082 seconds=38.3
Epoch 2438/5000: score=17.291706 loss=-0.499186 valid=1.0000 routes=15.293 grad=4.9420 seconds=38.5
Epoch 2439/5000: score=17.456765 loss=-0.509661 valid=1.0000 routes=15.463 grad=4.5818 seconds=38.2
Epoch 2440/5000: score=17.885200 loss=-0.513019 valid=1.0000 routes=14.346 grad=4.7121 seconds=38.5
Epoch 2441/5000: score=17.233545 loss=-0.499030 valid=1.0000 routes=14.358 grad=5.1773 seconds=38.0
Epoch 2442/5000: score=16.717061 loss=-0.485215 valid=1.0000 routes=14.350 grad=4.2213 seconds=39.1
Epoch 2443/5000: score=18.897627 loss=-0.555344 valid=1.0000 routes=15.197 grad=5.4318 seconds=38.6
Epoch 2444/5000: score=16.289159 loss=-0.472292 valid=1.0000 routes=14.141 grad=4.2926 seconds=38.1
Epoch 2445/5000: score=17.607601 loss=-0.502068 valid=1.0000 routes=15.023 grad=4.7436 seconds=38.5
Epoch 2446/5000: score=16.363626 loss=-0.488788 valid=1.0000 routes=13.941 grad=4.3108 seconds=38.6
Epoch 2447/5000: score=15.384881 loss=-0.450786 valid=1.0000 routes=13.849 grad=3.7699 seconds=37.9
Epoch 2448/5000: score=16.211211 loss=-0.452551 valid=1.0000 routes=13.296 grad=4.0885 seconds=38.8
Epoch 2449/5000: score=17.828607 loss=-0.524990 valid=1.0000 routes=15.011 grad=4.9814 seconds=38.8
Epoch 2450/5000: score=18.239708 loss=-0.542058 valid=1.0000 routes=15.285 grad=5.1604 seconds=38.0
Epoch 2451/5000: score=15.449515 loss=-0.427763 valid=1.0000 routes=13.026 grad=3.5311 seconds=38.2
Epoch 2452/5000: score=16.398350 loss=-0.479742 valid=1.0000 routes=14.800 grad=4.4437 seconds=38.4
Epoch 2453/5000: score=16.724725 loss=-0.517607 valid=1.0000 routes=14.932 grad=4.8411 seconds=38.6
Epoch 2454/5000: score=17.385187 loss=-0.491467 valid=1.0000 routes=13.425 grad=4.6424 seconds=38.3
Epoch 2455/5000: score=17.721120 loss=-0.508962 valid=1.0000 routes=15.017 grad=4.8230 seconds=39.0
Epoch 2456/5000: score=17.402505 loss=-0.509560 valid=1.0000 routes=14.565 grad=4.6417 seconds=38.6
Epoch 2457/5000: score=17.926248 loss=-0.510398 valid=1.0000 routes=14.703 grad=4.7944 seconds=38.5
Epoch 2458/5000: score=16.512046 loss=-0.468614 valid=1.0000 routes=13.635 grad=4.5251 seconds=38.9
Epoch 2459/5000: score=16.679428 loss=-0.480411 valid=1.0000 routes=14.438 grad=4.6073 seconds=38.5
Epoch 2460/5000: score=15.736788 loss=-0.443807 valid=1.0000 routes=13.673 grad=4.3193 seconds=38.6
Epoch 2461/5000: score=17.684244 loss=-0.524217 valid=1.0000 routes=14.128 grad=4.9357 seconds=38.9
Epoch 2462/5000: score=16.463739 loss=-0.480162 valid=1.0000 routes=14.182 grad=4.2703 seconds=38.6
Epoch 2463/5000: score=16.198868 loss=-0.457497 valid=1.0000 routes=13.529 grad=3.8460 seconds=38.7
Epoch 2464/5000: score=17.559429 loss=-0.512907 valid=1.0000 routes=15.984 grad=4.8674 seconds=38.7
Epoch 2465/5000: score=17.505781 loss=-0.531798 valid=1.0000 routes=14.628 grad=4.8274 seconds=38.5
Epoch 2466/5000: score=16.833450 loss=-0.499699 valid=1.0000 routes=14.291 grad=4.4133 seconds=39.0
Epoch 2467/5000: score=17.776221 loss=-0.521176 valid=1.0000 routes=14.022 grad=4.8500 seconds=38.5
Epoch 2468/5000: score=16.785129 loss=-0.489947 valid=1.0000 routes=13.489 grad=4.4487 seconds=38.3
Epoch 2469/5000: score=17.347702 loss=-0.491849 valid=1.0000 routes=14.294 grad=4.4918 seconds=38.8
Epoch 2470/5000: score=16.269704 loss=-0.448368 valid=1.0000 routes=13.335 grad=4.1104 seconds=38.3
Epoch 2471/5000: score=17.817536 loss=-0.517939 valid=1.0000 routes=14.903 grad=4.9644 seconds=39.0
Epoch 2472/5000: score=16.188178 loss=-0.463650 valid=1.0000 routes=13.964 grad=4.2870 seconds=38.6
Epoch 2473/5000: score=17.216079 loss=-0.491146 valid=1.0000 routes=14.202 grad=4.5045 seconds=38.5
Epoch 2474/5000: score=18.259356 loss=-0.528424 valid=1.0000 routes=15.343 grad=5.1651 seconds=38.8
Epoch 2475/5000: score=17.336386 loss=-0.495192 valid=1.0000 routes=14.563 grad=4.5193 seconds=38.4
Epoch 2476/5000: score=16.673192 loss=-0.482651 valid=1.0000 routes=14.059 grad=4.4186 seconds=38.6
Epoch 2477/5000: score=17.136785 loss=-0.501824 valid=1.0000 routes=14.549 grad=5.1658 seconds=39.2
Epoch 2478/5000: score=16.629641 loss=-0.479968 valid=1.0000 routes=14.000 grad=4.0855 seconds=38.4
Epoch 2479/5000: score=16.442268 loss=-0.481323 valid=1.0000 routes=14.160 grad=4.3441 seconds=39.2
Epoch 2480/5000: score=16.972850 loss=-0.480358 valid=1.0000 routes=15.035 grad=4.3892 seconds=38.4
Epoch 2481/5000: score=16.168681 loss=-0.460602 valid=1.0000 routes=14.044 grad=3.9329 seconds=38.6
Epoch 2482/5000: score=17.085869 loss=-0.496749 valid=1.0000 routes=15.354 grad=4.5503 seconds=39.0
Epoch 2483/5000: score=16.371855 loss=-0.469511 valid=1.0000 routes=13.663 grad=4.5341 seconds=38.3
Epoch 2484/5000: score=17.962893 loss=-0.517773 valid=1.0000 routes=14.808 grad=4.8004 seconds=39.2
Epoch 2485/5000: score=17.417026 loss=-0.498641 valid=1.0000 routes=14.045 grad=4.7975 seconds=38.3
Epoch 2486/5000: score=18.355373 loss=-0.499503 valid=1.0000 routes=14.754 grad=4.7907 seconds=38.4
Epoch 2487/5000: score=17.046861 loss=-0.497547 valid=1.0000 routes=13.999 grad=4.4397 seconds=38.7
Epoch 2488/5000: score=17.231807 loss=-0.499569 valid=1.0000 routes=14.003 grad=4.6652 seconds=38.2
Epoch 2489/5000: score=15.979698 loss=-0.465769 valid=1.0000 routes=13.654 grad=4.1052 seconds=38.9
Epoch 2490/5000: score=18.227843 loss=-0.508475 valid=1.0000 routes=14.733 grad=5.0876 seconds=38.5
Epoch 2491/5000: score=18.070639 loss=-0.509062 valid=1.0000 routes=14.189 grad=4.8780 seconds=37.9
Epoch 2492/5000: score=18.133348 loss=-0.519228 valid=1.0000 routes=14.286 grad=5.1304 seconds=38.5
Epoch 2493/5000: score=16.147700 loss=-0.462356 valid=1.0000 routes=14.028 grad=4.0428 seconds=38.3
Epoch 2494/5000: score=16.888474 loss=-0.494616 valid=1.0000 routes=14.853 grad=4.6180 seconds=38.5
Epoch 2495/5000: score=17.669102 loss=-0.502304 valid=1.0000 routes=14.450 grad=4.8091 seconds=38.6
Epoch 2496/5000: score=17.100635 loss=-0.520404 valid=1.0000 routes=14.491 grad=4.6843 seconds=37.8
Epoch 2497/5000: score=16.857342 loss=-0.509415 valid=1.0000 routes=14.544 grad=4.4824 seconds=37.5
Epoch 2498/5000: score=17.403288 loss=-0.490660 valid=1.0000 routes=14.778 grad=4.6835 seconds=38.4
Epoch 2499/5000: score=16.859932 loss=-0.488833 valid=1.0000 routes=14.490 grad=4.4361 seconds=38.0
Epoch 2500/5000: score=16.880087 loss=-0.469671 valid=1.0000 routes=13.151 grad=4.2594 seconds=38.8
Epoch 2501/5000: score=17.159909 loss=-0.509984 valid=1.0000 routes=14.553 grad=4.8833 seconds=38.2
Epoch 2502/5000: score=17.274627 loss=-0.488330 valid=1.0000 routes=13.929 grad=4.8311 seconds=38.2
Epoch 2503/5000: score=17.448970 loss=-0.496002 valid=1.0000 routes=15.094 grad=4.9129 seconds=38.0
Epoch 2504/5000: score=16.424156 loss=-0.509184 valid=1.0000 routes=14.856 grad=4.5971 seconds=38.2
Epoch 2505/5000: score=17.608430 loss=-0.498420 valid=1.0000 routes=15.043 grad=4.7679 seconds=38.3
Epoch 2506/5000: score=17.923672 loss=-0.508045 valid=1.0000 routes=14.383 grad=4.8105 seconds=38.1
Epoch 2507/5000: score=17.356348 loss=-0.513809 valid=1.0000 routes=15.004 grad=4.8901 seconds=38.3
Epoch 2508/5000: score=16.508679 loss=-0.490984 valid=1.0000 routes=14.794 grad=4.5596 seconds=38.4
Epoch 2509/5000: score=17.103491 loss=-0.493411 valid=1.0000 routes=14.314 grad=4.7163 seconds=38.2
Epoch 2510/5000: score=16.417638 loss=-0.498017 valid=1.0000 routes=13.991 grad=4.5449 seconds=38.2
Epoch 2511/5000: score=17.139888 loss=-0.465801 valid=1.0000 routes=13.833 grad=4.3046 seconds=38.3
Epoch 2512/5000: score=16.116248 loss=-0.485818 valid=1.0000 routes=14.534 grad=4.6028 seconds=38.2
Epoch 2513/5000: score=16.355921 loss=-0.480914 valid=1.0000 routes=13.914 grad=4.3090 seconds=38.3
Epoch 2514/5000: score=17.879806 loss=-0.500767 valid=1.0000 routes=14.831 grad=4.6623 seconds=38.1
Epoch 2515/5000: score=17.856440 loss=-0.516439 valid=1.0000 routes=14.967 grad=4.9327 seconds=38.0
Epoch 2516/5000: score=16.900394 loss=-0.480113 valid=1.0000 routes=14.220 grad=4.7859 seconds=38.3
Epoch 2517/5000: score=16.017490 loss=-0.459122 valid=1.0000 routes=12.871 grad=4.0808 seconds=38.4
Epoch 2518/5000: score=18.212806 loss=-0.525493 valid=1.0000 routes=15.652 grad=5.2634 seconds=38.4
Epoch 2519/5000: score=17.785114 loss=-0.486371 valid=1.0000 routes=13.750 grad=5.3538 seconds=38.5
Epoch 2520/5000: score=17.174483 loss=-0.479417 valid=1.0000 routes=14.847 grad=4.4984 seconds=38.0
Epoch 2521/5000: score=17.934502 loss=-0.531355 valid=1.0000 routes=15.765 grad=4.8829 seconds=38.7
Epoch 2522/5000: score=16.900338 loss=-0.500102 valid=1.0000 routes=14.722 grad=4.4406 seconds=38.3
Epoch 2523/5000: score=18.298719 loss=-0.545439 valid=1.0000 routes=15.056 grad=5.4073 seconds=38.2
Epoch 2524/5000: score=17.574837 loss=-0.526746 valid=1.0000 routes=15.296 grad=5.0591 seconds=38.6
Epoch 2525/5000: score=17.114173 loss=-0.503146 valid=1.0000 routes=13.897 grad=4.5698 seconds=38.2
Epoch 2526/5000: score=17.402977 loss=-0.520348 valid=1.0000 routes=15.321 grad=5.0969 seconds=39.1
Epoch 2527/5000: score=16.144339 loss=-0.459086 valid=1.0000 routes=14.450 grad=4.1746 seconds=38.6
Epoch 2528/5000: score=17.091636 loss=-0.459451 valid=1.0000 routes=13.693 grad=4.5115 seconds=38.5
Epoch 2529/5000: score=17.109701 loss=-0.487455 valid=1.0000 routes=14.155 grad=4.3229 seconds=38.8
Epoch 2530/5000: score=17.040467 loss=-0.464294 valid=1.0000 routes=13.698 grad=4.2061 seconds=38.9
Epoch 2531/5000: score=16.870018 loss=-0.472363 valid=1.0000 routes=13.877 grad=4.5938 seconds=39.0
Epoch 2532/5000: score=16.354068 loss=-0.456628 valid=1.0000 routes=13.490 grad=4.3418 seconds=38.8
Epoch 2533/5000: score=15.731057 loss=-0.447223 valid=1.0000 routes=13.680 grad=3.6473 seconds=38.8
Epoch 2534/5000: score=17.108106 loss=-0.507688 valid=1.0000 routes=14.401 grad=4.7119 seconds=38.9
Epoch 2535/5000: score=17.021926 loss=-0.474528 valid=1.0000 routes=13.969 grad=4.5119 seconds=38.9
Epoch 2536/5000: score=17.884820 loss=-0.511947 valid=1.0000 routes=14.262 grad=5.0603 seconds=38.6
Epoch 2537/5000: score=16.395551 loss=-0.458133 valid=1.0000 routes=13.697 grad=4.2611 seconds=39.4
Epoch 2538/5000: score=17.006550 loss=-0.486966 valid=1.0000 routes=14.210 grad=4.3559 seconds=38.9
Epoch 2539/5000: score=17.227208 loss=-0.477452 valid=1.0000 routes=13.555 grad=4.5011 seconds=39.5
Epoch 2540/5000: score=17.687936 loss=-0.489867 valid=1.0000 routes=14.662 grad=4.6842 seconds=38.8
Epoch 2541/5000: score=16.869373 loss=-0.466286 valid=1.0000 routes=13.983 grad=4.3983 seconds=38.3
Epoch 2542/5000: score=17.105995 loss=-0.464062 valid=1.0000 routes=13.633 grad=4.4139 seconds=38.5
Epoch 2543/5000: score=16.130265 loss=-0.464427 valid=1.0000 routes=13.745 grad=4.4466 seconds=38.1
Epoch 2544/5000: score=16.852568 loss=-0.483924 valid=1.0000 routes=15.138 grad=4.5800 seconds=38.8
Epoch 2545/5000: score=17.093396 loss=-0.505407 valid=1.0000 routes=14.255 grad=4.5196 seconds=38.1
Epoch 2546/5000: score=17.909774 loss=-0.535431 valid=1.0000 routes=14.767 grad=5.0363 seconds=38.5
Epoch 2547/5000: score=17.549145 loss=-0.489618 valid=1.0000 routes=14.579 grad=4.4212 seconds=39.4
Epoch 2548/5000: score=17.304405 loss=-0.478848 valid=1.0000 routes=14.592 grad=4.8291 seconds=38.2
Epoch 2549/5000: score=17.347239 loss=-0.501786 valid=1.0000 routes=15.170 grad=4.7529 seconds=38.4
Epoch 2550/5000: score=17.420180 loss=-0.505599 valid=1.0000 routes=13.993 grad=4.6004 seconds=38.1
Epoch 2551/5000: score=16.713552 loss=-0.507907 valid=1.0000 routes=15.140 grad=4.5729 seconds=38.0
Epoch 2552/5000: score=16.448363 loss=-0.467465 valid=1.0000 routes=14.212 grad=4.0601 seconds=38.5
Epoch 2553/5000: score=17.617512 loss=-0.500544 valid=1.0000 routes=14.962 grad=4.8335 seconds=37.9
Epoch 2554/5000: score=17.626973 loss=-0.494131 valid=1.0000 routes=14.757 grad=4.9322 seconds=38.3
Epoch 2555/5000: score=16.484179 loss=-0.473239 valid=1.0000 routes=13.546 grad=4.6027 seconds=38.0
Epoch 2556/5000: score=17.066002 loss=-0.502961 valid=1.0000 routes=14.409 grad=4.7649 seconds=38.4
Epoch 2557/5000: score=16.327221 loss=-0.469827 valid=1.0000 routes=13.572 grad=4.3882 seconds=38.5
Epoch 2558/5000: score=18.042170 loss=-0.513276 valid=1.0000 routes=15.342 grad=5.0773 seconds=38.5
Epoch 2559/5000: score=17.186920 loss=-0.474229 valid=1.0000 routes=13.712 grad=4.6201 seconds=38.5
Epoch 2560/5000: score=16.887386 loss=-0.466465 valid=1.0000 routes=14.607 grad=4.7915 seconds=38.4
Epoch 2561/5000: score=16.735667 loss=-0.492862 valid=1.0000 routes=14.412 grad=4.5821 seconds=39.2
Epoch 2562/5000: score=17.923472 loss=-0.508757 valid=1.0000 routes=14.367 grad=4.7525 seconds=39.4
Epoch 2563/5000: score=17.274674 loss=-0.492731 valid=1.0000 routes=14.303 grad=4.7129 seconds=38.9
Epoch 2564/5000: score=15.269051 loss=-0.438702 valid=1.0000 routes=13.086 grad=4.0836 seconds=39.5
Epoch 2565/5000: score=16.920895 loss=-0.474324 valid=1.0000 routes=14.071 grad=4.3349 seconds=39.2
Epoch 2566/5000: score=17.748685 loss=-0.506457 valid=1.0000 routes=14.727 grad=4.9905 seconds=38.3
Epoch 2567/5000: score=16.137056 loss=-0.466951 valid=1.0000 routes=14.561 grad=4.2512 seconds=38.9
Epoch 2568/5000: score=16.054860 loss=-0.489026 valid=1.0000 routes=14.207 grad=4.4255 seconds=38.5
Epoch 2569/5000: score=17.056964 loss=-0.491851 valid=1.0000 routes=14.104 grad=4.5571 seconds=38.3
Epoch 2570/5000: score=17.047312 loss=-0.461812 valid=1.0000 routes=13.975 grad=4.3204 seconds=38.1
Epoch 2571/5000: score=17.163907 loss=-0.474725 valid=1.0000 routes=14.060 grad=4.3920 seconds=38.1
Epoch 2572/5000: score=17.361786 loss=-0.480390 valid=1.0000 routes=13.830 grad=5.0857 seconds=38.6
Epoch 2573/5000: score=16.788715 loss=-0.466305 valid=1.0000 routes=13.844 grad=4.2256 seconds=38.7
Epoch 2574/5000: score=16.790608 loss=-0.475657 valid=1.0000 routes=13.961 grad=4.7069 seconds=38.4
Epoch 2575/5000: score=17.074738 loss=-0.478207 valid=1.0000 routes=13.759 grad=4.4525 seconds=38.3
Epoch 2576/5000: score=17.030583 loss=-0.481471 valid=1.0000 routes=13.540 grad=4.7389 seconds=38.3
Epoch 2577/5000: score=17.092951 loss=-0.503107 valid=1.0000 routes=14.278 grad=4.9334 seconds=38.7
Epoch 2578/5000: score=17.376265 loss=-0.495985 valid=1.0000 routes=15.223 grad=4.6937 seconds=38.0
Epoch 2579/5000: score=16.208886 loss=-0.485996 valid=1.0000 routes=14.883 grad=4.2112 seconds=38.8
Epoch 2580/5000: score=16.686148 loss=-0.481393 valid=1.0000 routes=15.073 grad=4.2383 seconds=38.5
Epoch 2581/5000: score=17.518903 loss=-0.537337 valid=1.0000 routes=15.176 grad=5.4568 seconds=38.3
Epoch 2582/5000: score=17.735439 loss=-0.485998 valid=1.0000 routes=14.298 grad=4.5324 seconds=38.8
Epoch 2583/5000: score=15.998196 loss=-0.451041 valid=1.0000 routes=13.591 grad=4.1818 seconds=38.7
Epoch 2584/5000: score=17.470166 loss=-0.474715 valid=1.0000 routes=13.736 grad=4.8398 seconds=39.0
Epoch 2585/5000: score=17.591602 loss=-0.515788 valid=1.0000 routes=15.569 grad=5.2225 seconds=39.1
Epoch 2586/5000: score=16.565703 loss=-0.487061 valid=1.0000 routes=14.349 grad=4.3596 seconds=38.5
Epoch 2587/5000: score=16.835133 loss=-0.470162 valid=1.0000 routes=13.559 grad=4.3606 seconds=39.0
Epoch 2588/5000: score=16.772139 loss=-0.462063 valid=1.0000 routes=14.027 grad=4.3024 seconds=38.4
Epoch 2589/5000: score=16.392983 loss=-0.453150 valid=1.0000 routes=13.507 grad=4.1115 seconds=38.5
Epoch 2590/5000: score=16.908063 loss=-0.466153 valid=1.0000 routes=14.245 grad=4.5897 seconds=38.9
Epoch 2591/5000: score=18.086914 loss=-0.501265 valid=1.0000 routes=14.435 grad=4.7803 seconds=38.5
Epoch 2592/5000: score=16.584129 loss=-0.464705 valid=1.0000 routes=13.202 grad=4.3264 seconds=38.8
Epoch 2593/5000: score=17.372485 loss=-0.493476 valid=1.0000 routes=15.131 grad=4.7947 seconds=38.4
Epoch 2594/5000: score=16.653333 loss=-0.478575 valid=1.0000 routes=13.797 grad=4.5555 seconds=38.7
Epoch 2595/5000: score=16.252005 loss=-0.464384 valid=1.0000 routes=13.326 grad=4.0336 seconds=38.8
Epoch 2596/5000: score=17.231444 loss=-0.489414 valid=1.0000 routes=14.275 grad=4.5024 seconds=38.4
Epoch 2597/5000: score=17.189009 loss=-0.496691 valid=1.0000 routes=15.263 grad=4.7938 seconds=38.4
Epoch 2598/5000: score=16.744100 loss=-0.464752 valid=1.0000 routes=14.030 grad=4.0609 seconds=37.8
Epoch 2599/5000: score=17.758229 loss=-0.490603 valid=1.0000 routes=14.158 grad=4.4954 seconds=37.9
Epoch 2600/5000: score=16.915022 loss=-0.483001 valid=1.0000 routes=14.231 grad=4.5198 seconds=38.6
Epoch 2601/5000: score=16.656370 loss=-0.458824 valid=1.0000 routes=13.595 grad=4.3817 seconds=38.1
Epoch 2602/5000: score=17.695895 loss=-0.514673 valid=1.0000 routes=14.992 grad=4.9410 seconds=38.7
Epoch 2603/5000: score=17.493911 loss=-0.518635 valid=1.0000 routes=15.217 grad=5.2337 seconds=38.2
Epoch 2604/5000: score=16.406625 loss=-0.455464 valid=1.0000 routes=13.216 grad=3.9463 seconds=38.1
Epoch 2605/5000: score=16.575352 loss=-0.475443 valid=1.0000 routes=13.378 grad=4.1267 seconds=38.6
Epoch 2606/5000: score=17.214122 loss=-0.487404 valid=1.0000 routes=15.295 grad=4.8973 seconds=38.1
Epoch 2607/5000: score=16.580356 loss=-0.469992 valid=1.0000 routes=13.963 grad=4.3536 seconds=38.9
Epoch 2608/5000: score=16.029832 loss=-0.465132 valid=1.0000 routes=13.942 grad=4.6037 seconds=38.2
Epoch 2609/5000: score=16.759089 loss=-0.454782 valid=1.0000 routes=14.236 grad=3.9352 seconds=38.1
Epoch 2610/5000: score=16.514241 loss=-0.471461 valid=1.0000 routes=14.300 grad=4.2200 seconds=38.2
Epoch 2611/5000: score=15.922569 loss=-0.464532 valid=1.0000 routes=13.780 grad=4.3262 seconds=38.4
Epoch 2612/5000: score=18.002672 loss=-0.506790 valid=1.0000 routes=14.846 grad=5.0568 seconds=38.6
Epoch 2613/5000: score=17.105677 loss=-0.471843 valid=1.0000 routes=13.630 grad=4.7859 seconds=37.9
Epoch 2614/5000: score=17.361368 loss=-0.484004 valid=1.0000 routes=13.696 grad=4.6208 seconds=38.3
Epoch 2615/5000: score=18.444717 loss=-0.497657 valid=1.0000 routes=14.778 grad=5.0482 seconds=38.5
Epoch 2616/5000: score=16.819890 loss=-0.471784 valid=1.0000 routes=14.251 grad=4.5105 seconds=38.4
Epoch 2617/5000: score=17.221784 loss=-0.508391 valid=1.0000 routes=14.796 grad=5.0351 seconds=38.5
Epoch 2618/5000: score=16.561676 loss=-0.479033 valid=1.0000 routes=14.031 grad=4.3388 seconds=38.6
Epoch 2619/5000: score=17.168278 loss=-0.497358 valid=1.0000 routes=16.032 grad=4.8653 seconds=38.5
Epoch 2620/5000: score=17.500291 loss=-0.478932 valid=1.0000 routes=14.209 grad=4.4888 seconds=39.1
Epoch 2621/5000: score=17.643536 loss=-0.497419 valid=1.0000 routes=15.118 grad=4.9007 seconds=38.2
Epoch 2622/5000: score=16.521094 loss=-0.462785 valid=1.0000 routes=13.782 grad=4.2437 seconds=38.8
Epoch 2623/5000: score=17.086675 loss=-0.497479 valid=1.0000 routes=14.887 grad=4.7244 seconds=37.8
Epoch 2624/5000: score=17.880700 loss=-0.477565 valid=1.0000 routes=13.394 grad=5.3074 seconds=38.3
Epoch 2625/5000: score=17.430316 loss=-0.471771 valid=1.0000 routes=13.985 grad=4.6806 seconds=38.4
Epoch 2626/5000: score=15.190608 loss=-0.439946 valid=1.0000 routes=12.972 grad=3.7590 seconds=37.9
Epoch 2627/5000: score=16.948246 loss=-0.484242 valid=1.0000 routes=13.202 grad=4.9805 seconds=38.8
Epoch 2628/5000: score=16.744327 loss=-0.476759 valid=1.0000 routes=14.292 grad=4.8393 seconds=38.2
Epoch 2629/5000: score=17.420899 loss=-0.500852 valid=1.0000 routes=14.796 grad=4.6900 seconds=38.3
Epoch 2630/5000: score=17.406488 loss=-0.503390 valid=1.0000 routes=14.282 grad=4.8762 seconds=38.8
Epoch 2631/5000: score=16.841613 loss=-0.486670 valid=1.0000 routes=13.487 grad=4.8915 seconds=38.0
Epoch 2632/5000: score=16.498839 loss=-0.467976 valid=1.0000 routes=14.231 grad=4.3273 seconds=38.2
Epoch 2633/5000: score=17.116027 loss=-0.490379 valid=1.0000 routes=14.371 grad=4.4902 seconds=38.4
Epoch 2634/5000: score=16.636789 loss=-0.456544 valid=1.0000 routes=13.237 grad=4.3803 seconds=37.6
Epoch 2635/5000: score=16.318158 loss=-0.442335 valid=1.0000 routes=13.250 grad=4.0292 seconds=38.4
Epoch 2636/5000: score=16.914754 loss=-0.453263 valid=1.0000 routes=14.160 grad=4.7129 seconds=38.0
Epoch 2637/5000: score=16.992394 loss=-0.475497 valid=1.0000 routes=14.253 grad=4.3448 seconds=38.4
Epoch 2638/5000: score=16.625335 loss=-0.458598 valid=1.0000 routes=13.057 grad=4.0498 seconds=38.3
Epoch 2639/5000: score=16.156260 loss=-0.458576 valid=1.0000 routes=13.785 grad=4.2856 seconds=38.6
Epoch 2640/5000: score=17.579197 loss=-0.499834 valid=1.0000 routes=14.719 grad=4.9181 seconds=38.6
Epoch 2641/5000: score=17.746581 loss=-0.512476 valid=1.0000 routes=14.573 grad=4.9115 seconds=38.3
Epoch 2642/5000: score=16.715157 loss=-0.490992 valid=1.0000 routes=14.755 grad=4.6428 seconds=39.1
Epoch 2643/5000: score=17.737597 loss=-0.521307 valid=1.0000 routes=14.485 grad=5.0232 seconds=38.1
Epoch 2644/5000: score=17.829531 loss=-0.531449 valid=1.0000 routes=14.797 grad=5.0893 seconds=39.0
Epoch 2645/5000: score=17.825312 loss=-0.503024 valid=1.0000 routes=14.728 grad=5.0999 seconds=39.2
Epoch 2646/5000: score=17.541982 loss=-0.512800 valid=1.0000 routes=14.086 grad=5.0252 seconds=38.3
Epoch 2647/5000: score=17.219193 loss=-0.481779 valid=1.0000 routes=14.142 grad=4.9411 seconds=39.3
Epoch 2648/5000: score=16.881640 loss=-0.488093 valid=1.0000 routes=13.556 grad=4.7940 seconds=38.4
Epoch 2649/5000: score=16.667570 loss=-0.457180 valid=1.0000 routes=14.180 grad=4.4488 seconds=38.9
Epoch 2650/5000: score=17.616931 loss=-0.514251 valid=1.0000 routes=15.350 grad=4.8226 seconds=38.8
Epoch 2651/5000: score=15.997259 loss=-0.459005 valid=1.0000 routes=13.490 grad=3.7978 seconds=38.4
Epoch 2652/5000: score=17.945827 loss=-0.516874 valid=1.0000 routes=15.509 grad=5.0236 seconds=38.4
Epoch 2653/5000: score=18.096007 loss=-0.511562 valid=1.0000 routes=14.759 grad=5.0254 seconds=38.2
Epoch 2654/5000: score=17.844908 loss=-0.486556 valid=1.0000 routes=14.395 grad=4.6785 seconds=38.1
Epoch 2655/5000: score=17.708663 loss=-0.473200 valid=1.0000 routes=14.235 grad=4.9938 seconds=38.7
Epoch 2656/5000: score=17.419903 loss=-0.498536 valid=1.0000 routes=14.732 grad=4.7890 seconds=38.0
Epoch 2657/5000: score=16.186372 loss=-0.450300 valid=1.0000 routes=13.474 grad=3.9544 seconds=38.7
Epoch 2658/5000: score=17.722366 loss=-0.479241 valid=1.0000 routes=14.031 grad=4.8190 seconds=37.8
Epoch 2659/5000: score=17.947596 loss=-0.489075 valid=1.0000 routes=14.229 grad=4.7722 seconds=38.7
Epoch 2660/5000: score=18.374846 loss=-0.533036 valid=1.0000 routes=15.030 grad=5.1243 seconds=38.6
Epoch 2661/5000: score=16.291011 loss=-0.429994 valid=1.0000 routes=12.724 grad=4.1691 seconds=38.2
Epoch 2662/5000: score=16.495002 loss=-0.472915 valid=1.0000 routes=13.787 grad=4.4355 seconds=39.4
Epoch 2663/5000: score=18.209811 loss=-0.533020 valid=1.0000 routes=14.934 grad=5.5928 seconds=38.4
Epoch 2664/5000: score=17.595427 loss=-0.528780 valid=1.0000 routes=15.281 grad=5.0480 seconds=38.9
Epoch 2665/5000: score=17.163223 loss=-0.495591 valid=1.0000 routes=14.929 grad=4.9821 seconds=38.1
Epoch 2666/5000: score=17.473248 loss=-0.506332 valid=1.0000 routes=15.086 grad=4.7393 seconds=38.4
Epoch 2667/5000: score=17.152931 loss=-0.491875 valid=1.0000 routes=14.533 grad=4.5891 seconds=38.9
Epoch 2668/5000: score=17.467913 loss=-0.481230 valid=1.0000 routes=14.407 grad=4.6322 seconds=37.7
Epoch 2669/5000: score=16.596966 loss=-0.468423 valid=1.0000 routes=13.197 grad=4.2725 seconds=38.3
Epoch 2670/5000: score=17.176543 loss=-0.500520 valid=1.0000 routes=15.005 grad=4.6924 seconds=38.6
Epoch 2671/5000: score=17.581973 loss=-0.491098 valid=1.0000 routes=14.820 grad=4.8956 seconds=38.2
Epoch 2672/5000: score=16.846963 loss=-0.485871 valid=1.0000 routes=14.484 grad=4.4961 seconds=38.8
Epoch 2673/5000: score=16.982726 loss=-0.473423 valid=1.0000 routes=14.456 grad=4.6080 seconds=38.0
Epoch 2674/5000: score=17.078176 loss=-0.474516 valid=1.0000 routes=13.695 grad=4.7133 seconds=38.1
Epoch 2675/5000: score=16.503321 loss=-0.454379 valid=1.0000 routes=12.912 grad=4.3825 seconds=38.5
Epoch 2676/5000: score=16.827503 loss=-0.492573 valid=1.0000 routes=14.968 grad=4.8513 seconds=38.2
Epoch 2677/5000: score=16.779070 loss=-0.484151 valid=1.0000 routes=14.713 grad=4.5328 seconds=38.9
Epoch 2678/5000: score=16.840832 loss=-0.499281 valid=1.0000 routes=14.500 grad=4.8118 seconds=38.3
Epoch 2679/5000: score=17.091235 loss=-0.483348 valid=1.0000 routes=14.275 grad=4.3989 seconds=38.3
Epoch 2680/5000: score=16.418779 loss=-0.473445 valid=1.0000 routes=14.580 grad=4.1978 seconds=38.3
Epoch 2681/5000: score=17.047173 loss=-0.477985 valid=1.0000 routes=14.449 grad=4.5695 seconds=38.0
Epoch 2682/5000: score=16.563842 loss=-0.476663 valid=1.0000 routes=14.926 grad=4.5832 seconds=38.5
Epoch 2683/5000: score=17.627729 loss=-0.501985 valid=1.0000 routes=14.602 grad=5.0233 seconds=37.5
Epoch 2684/5000: score=15.981393 loss=-0.468392 valid=1.0000 routes=14.655 grad=4.2151 seconds=38.6
Epoch 2685/5000: score=16.564354 loss=-0.469870 valid=1.0000 routes=14.643 grad=4.1577 seconds=38.0
Epoch 2686/5000: score=17.204809 loss=-0.489286 valid=1.0000 routes=14.578 grad=4.5640 seconds=38.2
Epoch 2687/5000: score=16.354762 loss=-0.472593 valid=1.0000 routes=13.640 grad=4.3283 seconds=38.9
Epoch 2688/5000: score=16.969222 loss=-0.501177 valid=1.0000 routes=15.114 grad=4.8003 seconds=38.0
Epoch 2689/5000: score=16.683280 loss=-0.507118 valid=1.0000 routes=15.077 grad=4.6217 seconds=38.8
Epoch 2690/5000: score=16.602124 loss=-0.467179 valid=1.0000 routes=13.961 grad=4.3653 seconds=38.6
Epoch 2691/5000: score=16.818647 loss=-0.470657 valid=1.0000 routes=14.729 grad=4.7163 seconds=37.8
Epoch 2692/5000: score=17.025277 loss=-0.462039 valid=1.0000 routes=13.846 grad=4.4078 seconds=38.6
Epoch 2693/5000: score=16.382192 loss=-0.487800 valid=1.0000 routes=13.752 grad=4.3872 seconds=38.2
Epoch 2694/5000: score=17.550778 loss=-0.513750 valid=1.0000 routes=15.701 grad=4.9822 seconds=38.2
Epoch 2695/5000: score=16.508471 loss=-0.472074 valid=1.0000 routes=14.451 grad=4.8433 seconds=38.8
Epoch 2696/5000: score=17.277637 loss=-0.477398 valid=1.0000 routes=14.075 grad=4.7436 seconds=38.7
Epoch 2697/5000: score=17.065402 loss=-0.473278 valid=1.0000 routes=14.332 grad=4.6178 seconds=39.1
Epoch 2698/5000: score=17.781030 loss=-0.506104 valid=1.0000 routes=14.750 grad=5.0212 seconds=38.4
Epoch 2699/5000: score=17.231248 loss=-0.497930 valid=1.0000 routes=14.173 grad=4.9093 seconds=38.3
Epoch 2700/5000: score=16.256911 loss=-0.476083 valid=1.0000 routes=13.767 grad=4.4308 seconds=38.9
Epoch 2701/5000: score=16.224504 loss=-0.456984 valid=1.0000 routes=14.063 grad=4.4140 seconds=38.8
Epoch 2702/5000: score=17.555311 loss=-0.488552 valid=1.0000 routes=14.611 grad=4.7950 seconds=39.2
Epoch 2703/5000: score=16.840793 loss=-0.468240 valid=1.0000 routes=13.925 grad=4.5593 seconds=37.9
Epoch 2704/5000: score=17.033509 loss=-0.484565 valid=1.0000 routes=13.861 grad=4.8206 seconds=38.6
Epoch 2705/5000: score=17.331190 loss=-0.505568 valid=1.0000 routes=14.929 grad=5.0693 seconds=39.0
Epoch 2706/5000: score=17.560816 loss=-0.514528 valid=1.0000 routes=14.662 grad=4.9863 seconds=38.5
Epoch 2707/5000: score=17.686093 loss=-0.507631 valid=1.0000 routes=14.812 grad=5.2021 seconds=38.8
Epoch 2708/5000: score=17.057640 loss=-0.460576 valid=1.0000 routes=14.213 grad=4.3829 seconds=37.9
Epoch 2709/5000: score=16.424525 loss=-0.457298 valid=1.0000 routes=14.167 grad=4.5105 seconds=38.9
Epoch 2710/5000: score=16.057752 loss=-0.460356 valid=1.0000 routes=13.640 grad=4.3492 seconds=38.5
Epoch 2711/5000: score=17.475971 loss=-0.468673 valid=1.0000 routes=14.790 grad=4.4470 seconds=38.0
Epoch 2712/5000: score=15.096475 loss=-0.427172 valid=1.0000 routes=13.408 grad=3.8759 seconds=38.3
Epoch 2713/5000: score=16.921774 loss=-0.469307 valid=1.0000 routes=13.823 grad=4.2479 seconds=38.3
Epoch 2714/5000: score=16.564341 loss=-0.477223 valid=1.0000 routes=13.667 grad=4.5846 seconds=37.9
Epoch 2715/5000: score=17.126233 loss=-0.474208 valid=1.0000 routes=14.391 grad=4.8402 seconds=38.2
Epoch 2716/5000: score=18.164082 loss=-0.535999 valid=1.0000 routes=15.620 grad=5.2832 seconds=37.4
Epoch 2717/5000: score=16.374017 loss=-0.487934 valid=1.0000 routes=14.467 grad=4.3162 seconds=39.0
Epoch 2718/5000: score=17.980261 loss=-0.488051 valid=1.0000 routes=14.879 grad=4.7537 seconds=38.3
Epoch 2719/5000: score=16.974472 loss=-0.501276 valid=1.0000 routes=13.847 grad=4.9628 seconds=38.1
Epoch 2720/5000: score=15.826138 loss=-0.443637 valid=1.0000 routes=14.092 grad=3.9613 seconds=38.7
Epoch 2721/5000: score=16.267357 loss=-0.493440 valid=1.0000 routes=14.569 grad=4.5970 seconds=38.1
Epoch 2722/5000: score=16.834846 loss=-0.499505 valid=1.0000 routes=14.115 grad=4.6922 seconds=39.2
Epoch 2723/5000: score=17.043593 loss=-0.465200 valid=1.0000 routes=14.082 grad=4.6152 seconds=38.3
Epoch 2724/5000: score=16.762803 loss=-0.451000 valid=1.0000 routes=13.665 grad=4.4494 seconds=38.5
Epoch 2725/5000: score=16.236301 loss=-0.444442 valid=1.0000 routes=13.356 grad=4.2105 seconds=38.6
Epoch 2726/5000: score=16.668205 loss=-0.492448 valid=1.0000 routes=14.551 grad=4.6520 seconds=38.4
Epoch 2727/5000: score=16.516333 loss=-0.462137 valid=1.0000 routes=13.936 grad=4.4553 seconds=38.7
Epoch 2728/5000: score=16.297746 loss=-0.467701 valid=1.0000 routes=15.161 grad=4.4134 seconds=38.3
Epoch 2729/5000: score=17.966802 loss=-0.540273 valid=1.0000 routes=15.893 grad=5.2490 seconds=38.4
Epoch 2730/5000: score=17.047696 loss=-0.495094 valid=1.0000 routes=14.045 grad=4.8837 seconds=38.5
Epoch 2731/5000: score=17.802566 loss=-0.505476 valid=1.0000 routes=14.827 grad=5.2410 seconds=38.4
Epoch 2732/5000: score=17.394264 loss=-0.499157 valid=1.0000 routes=14.800 grad=4.7579 seconds=38.9
Epoch 2733/5000: score=16.790553 loss=-0.482085 valid=1.0000 routes=14.720 grad=4.4894 seconds=38.4
Epoch 2734/5000: score=17.825831 loss=-0.503001 valid=1.0000 routes=14.831 grad=4.7654 seconds=38.5
Epoch 2735/5000: score=17.125914 loss=-0.480609 valid=1.0000 routes=13.944 grad=4.7998 seconds=38.7
Epoch 2736/5000: score=17.869736 loss=-0.511122 valid=1.0000 routes=14.292 grad=4.9530 seconds=38.2
Epoch 2737/5000: score=16.256795 loss=-0.457992 valid=1.0000 routes=13.188 grad=4.5300 seconds=38.8
Epoch 2738/5000: score=17.473886 loss=-0.493044 valid=1.0000 routes=14.752 grad=4.8707 seconds=38.6
Epoch 2739/5000: score=16.370029 loss=-0.468289 valid=1.0000 routes=14.517 grad=4.3240 seconds=38.2
Epoch 2740/5000: score=17.587132 loss=-0.482788 valid=1.0000 routes=14.250 grad=4.6515 seconds=38.6
Epoch 2741/5000: score=17.432223 loss=-0.479805 valid=1.0000 routes=14.009 grad=4.8267 seconds=38.1
Epoch 2742/5000: score=18.330458 loss=-0.524183 valid=1.0000 routes=15.183 grad=5.1946 seconds=38.5
Epoch 2743/5000: score=16.541399 loss=-0.464121 valid=1.0000 routes=14.019 grad=4.5282 seconds=38.5
Epoch 2744/5000: score=17.574650 loss=-0.522336 valid=1.0000 routes=14.929 grad=5.6149 seconds=38.5
Epoch 2745/5000: score=17.521646 loss=-0.497946 valid=1.0000 routes=14.428 grad=4.6157 seconds=38.7
Epoch 2746/5000: score=16.291641 loss=-0.453346 valid=1.0000 routes=13.630 grad=4.2683 seconds=38.3
Epoch 2747/5000: score=17.233260 loss=-0.485960 valid=1.0000 routes=14.388 grad=4.4975 seconds=39.4
Epoch 2748/5000: score=17.562813 loss=-0.498366 valid=1.0000 routes=14.673 grad=4.7146 seconds=38.6
Epoch 2749/5000: score=16.653517 loss=-0.461261 valid=1.0000 routes=13.944 grad=4.4323 seconds=38.8
Epoch 2750/5000: score=16.515752 loss=-0.471761 valid=1.0000 routes=13.874 grad=4.4863 seconds=39.2
Epoch 2751/5000: score=16.303735 loss=-0.463949 valid=1.0000 routes=13.603 grad=4.4046 seconds=38.3
Epoch 2752/5000: score=16.346688 loss=-0.476187 valid=1.0000 routes=14.683 grad=4.3661 seconds=38.2
Epoch 2753/5000: score=16.522010 loss=-0.471506 valid=1.0000 routes=14.137 grad=4.2658 seconds=38.4
Epoch 2754/5000: score=17.054934 loss=-0.477703 valid=1.0000 routes=14.167 grad=4.8420 seconds=38.6
Epoch 2755/5000: score=17.067635 loss=-0.480483 valid=1.0000 routes=13.985 grad=4.8145 seconds=38.5
Epoch 2756/5000: score=17.013615 loss=-0.478332 valid=1.0000 routes=13.536 grad=4.6967 seconds=38.0
Epoch 2757/5000: score=17.615595 loss=-0.503581 valid=1.0000 routes=15.256 grad=4.7654 seconds=38.6
Epoch 2758/5000: score=16.047851 loss=-0.453321 valid=1.0000 routes=13.482 grad=4.4460 seconds=38.6
Epoch 2759/5000: score=16.762666 loss=-0.470342 valid=1.0000 routes=14.336 grad=4.5863 seconds=38.7
Epoch 2760/5000: score=17.277950 loss=-0.500670 valid=1.0000 routes=14.518 grad=5.2058 seconds=38.6
Epoch 2761/5000: score=17.002791 loss=-0.481129 valid=1.0000 routes=13.573 grad=4.8710 seconds=38.7
Epoch 2762/5000: score=16.574434 loss=-0.459731 valid=1.0000 routes=13.499 grad=4.3587 seconds=39.1
Epoch 2763/5000: score=17.747682 loss=-0.506377 valid=1.0000 routes=14.868 grad=5.0498 seconds=37.9
Epoch 2764/5000: score=16.889485 loss=-0.468397 valid=1.0000 routes=14.109 grad=4.5522 seconds=38.8
Epoch 2765/5000: score=16.973041 loss=-0.484732 valid=1.0000 routes=14.406 grad=4.4848 seconds=38.5
Epoch 2766/5000: score=17.068456 loss=-0.497669 valid=1.0000 routes=14.888 grad=4.5279 seconds=38.2
Epoch 2767/5000: score=17.710131 loss=-0.511681 valid=1.0000 routes=15.153 grad=5.1442 seconds=38.7
Epoch 2768/5000: score=17.368474 loss=-0.496801 valid=1.0000 routes=14.282 grad=4.8277 seconds=38.7
Epoch 2769/5000: score=16.893112 loss=-0.460537 valid=1.0000 routes=13.190 grad=4.5580 seconds=38.6
Epoch 2770/5000: score=16.568278 loss=-0.456899 valid=1.0000 routes=13.192 grad=4.6655 seconds=38.5
Epoch 2771/5000: score=16.973895 loss=-0.493316 valid=1.0000 routes=14.796 grad=4.6945 seconds=38.3
Epoch 2772/5000: score=17.949052 loss=-0.534769 valid=1.0000 routes=15.196 grad=5.2573 seconds=38.8
Epoch 2773/5000: score=17.343894 loss=-0.472327 valid=1.0000 routes=14.073 grad=4.6561 seconds=38.6
Epoch 2774/5000: score=16.729067 loss=-0.465161 valid=1.0000 routes=13.962 grad=4.2867 seconds=38.8
Epoch 2775/5000: score=16.462186 loss=-0.483365 valid=1.0000 routes=14.583 grad=4.5046 seconds=38.4
Epoch 2776/5000: score=17.365347 loss=-0.513594 valid=1.0000 routes=14.753 grad=5.0474 seconds=38.2
Epoch 2777/5000: score=17.135048 loss=-0.485142 valid=1.0000 routes=14.738 grad=4.9366 seconds=39.0
Epoch 2778/5000: score=16.206578 loss=-0.475890 valid=1.0000 routes=14.550 grad=4.4330 seconds=38.1
Epoch 2779/5000: score=17.100372 loss=-0.489137 valid=1.0000 routes=14.424 grad=4.7106 seconds=38.3
Epoch 2780/5000: score=17.376529 loss=-0.497613 valid=1.0000 routes=14.689 grad=5.2360 seconds=38.5
Epoch 2781/5000: score=17.223911 loss=-0.515239 valid=1.0000 routes=15.120 grad=4.8303 seconds=37.6
Epoch 2782/5000: score=17.975213 loss=-0.502933 valid=1.0000 routes=14.579 grad=4.8943 seconds=38.8
>> Invalid instances, Re-generating ...
Epoch 2783/5000: score=15.643280 loss=-0.458108 valid=1.0000 routes=14.209 grad=4.1056 seconds=38.0
Epoch 2784/5000: score=17.662803 loss=-0.501945 valid=1.0000 routes=14.518 grad=5.1273 seconds=38.7
Epoch 2785/5000: score=17.669968 loss=-0.498845 valid=1.0000 routes=14.809 grad=5.0205 seconds=38.2
Epoch 2786/5000: score=18.274403 loss=-0.547938 valid=1.0000 routes=14.647 grad=5.2722 seconds=38.3
Epoch 2787/5000: score=17.687501 loss=-0.484893 valid=1.0000 routes=14.139 grad=4.7385 seconds=39.3
Epoch 2788/5000: score=16.424798 loss=-0.474560 valid=1.0000 routes=14.020 grad=5.1015 seconds=38.4
Epoch 2789/5000: score=17.691337 loss=-0.512683 valid=1.0000 routes=14.762 grad=5.0250 seconds=39.1
Epoch 2790/5000: score=16.912925 loss=-0.479267 valid=1.0000 routes=13.510 grad=4.6669 seconds=38.5
Epoch 2791/5000: score=16.634848 loss=-0.474563 valid=1.0000 routes=14.832 grad=4.8299 seconds=38.2
Epoch 2792/5000: score=16.401302 loss=-0.473578 valid=1.0000 routes=13.583 grad=4.4020 seconds=39.1
Epoch 2793/5000: score=16.265702 loss=-0.455225 valid=1.0000 routes=13.295 grad=4.6341 seconds=38.8
Epoch 2794/5000: score=17.153654 loss=-0.483594 valid=1.0000 routes=14.656 grad=4.8302 seconds=38.6
Epoch 2795/5000: score=17.229912 loss=-0.484545 valid=1.0000 routes=14.704 grad=4.6447 seconds=38.5
Epoch 2796/5000: score=17.278751 loss=-0.475392 valid=1.0000 routes=14.223 grad=4.7677 seconds=38.5
Epoch 2797/5000: score=17.269008 loss=-0.462202 valid=1.0000 routes=14.583 grad=4.8026 seconds=39.0
Epoch 2798/5000: score=16.114945 loss=-0.461661 valid=1.0000 routes=14.377 grad=4.1802 seconds=38.1
Epoch 2799/5000: score=17.015249 loss=-0.465571 valid=1.0000 routes=14.626 grad=4.6350 seconds=38.7
Epoch 2800/5000: score=17.435809 loss=-0.519510 valid=1.0000 routes=15.173 grad=5.2616 seconds=38.6
Epoch 2801/5000: score=16.693594 loss=-0.465483 valid=1.0000 routes=14.152 grad=4.4633 seconds=38.5
Epoch 2802/5000: score=17.437748 loss=-0.468540 valid=1.0000 routes=13.713 grad=4.4769 seconds=39.0
Epoch 2803/5000: score=17.089141 loss=-0.469179 valid=1.0000 routes=14.377 grad=4.8801 seconds=38.0
Epoch 2804/5000: score=18.080111 loss=-0.477695 valid=1.0000 routes=14.924 grad=4.8122 seconds=39.0
>> Invalid instances, Re-generating ...
Epoch 2805/5000: score=17.265477 loss=-0.480960 valid=1.0000 routes=14.447 grad=4.9425 seconds=38.5
Epoch 2806/5000: score=17.890228 loss=-0.512559 valid=1.0000 routes=14.618 grad=5.1948 seconds=37.8
Epoch 2807/5000: score=17.466890 loss=-0.488935 valid=1.0000 routes=13.771 grad=4.6975 seconds=38.6
Epoch 2808/5000: score=17.165956 loss=-0.476673 valid=1.0000 routes=14.576 grad=4.6866 seconds=38.6
Epoch 2809/5000: score=16.689280 loss=-0.463490 valid=1.0000 routes=13.695 grad=4.9390 seconds=38.9
Epoch 2810/5000: score=17.216183 loss=-0.509302 valid=1.0000 routes=15.199 grad=4.9719 seconds=38.8
Epoch 2811/5000: score=16.505116 loss=-0.486407 valid=1.0000 routes=14.945 grad=4.4393 seconds=38.2
Epoch 2812/5000: score=17.362841 loss=-0.480995 valid=1.0000 routes=13.845 grad=4.6401 seconds=39.2
Epoch 2813/5000: score=17.788875 loss=-0.490263 valid=1.0000 routes=14.448 grad=4.9212 seconds=38.3
Epoch 2814/5000: score=16.815418 loss=-0.493789 valid=1.0000 routes=14.485 grad=4.5623 seconds=38.8
Epoch 2815/5000: score=18.054291 loss=-0.520578 valid=1.0000 routes=14.739 grad=5.3112 seconds=38.3
Epoch 2816/5000: score=17.308113 loss=-0.508740 valid=1.0000 routes=14.376 grad=5.0790 seconds=38.1
Epoch 2817/5000: score=17.408330 loss=-0.481324 valid=1.0000 routes=13.913 grad=4.7428 seconds=38.6
Epoch 2818/5000: score=17.135667 loss=-0.471429 valid=1.0000 routes=13.946 grad=4.7733 seconds=38.1
Epoch 2819/5000: score=17.587019 loss=-0.510454 valid=1.0000 routes=15.181 grad=5.1121 seconds=38.6
Epoch 2820/5000: score=15.892151 loss=-0.450842 valid=1.0000 routes=13.072 grad=3.9918 seconds=38.8
Epoch 2821/5000: score=16.574790 loss=-0.468625 valid=1.0000 routes=14.239 grad=4.6588 seconds=38.6
Epoch 2822/5000: score=16.780614 loss=-0.467500 valid=1.0000 routes=13.440 grad=4.5545 seconds=39.2
Epoch 2823/5000: score=16.140483 loss=-0.463572 valid=1.0000 routes=14.227 grad=4.4007 seconds=37.8
Epoch 2824/5000: score=17.323496 loss=-0.512906 valid=1.0000 routes=14.968 grad=5.0155 seconds=39.0
Epoch 2825/5000: score=17.147314 loss=-0.485242 valid=1.0000 routes=14.732 grad=5.0540 seconds=38.6
Epoch 2826/5000: score=17.102415 loss=-0.466517 valid=1.0000 routes=13.051 grad=4.7137 seconds=38.6
Epoch 2827/5000: score=16.942032 loss=-0.470349 valid=1.0000 routes=13.655 grad=4.4988 seconds=39.0
Epoch 2828/5000: score=16.863461 loss=-0.453603 valid=1.0000 routes=13.930 grad=4.4185 seconds=38.1
Epoch 2829/5000: score=17.684932 loss=-0.506854 valid=1.0000 routes=14.725 grad=5.3671 seconds=39.3
Epoch 2830/5000: score=17.492707 loss=-0.486535 valid=1.0000 routes=13.793 grad=4.9511 seconds=38.7
Epoch 2831/5000: score=18.219541 loss=-0.519785 valid=1.0000 routes=14.534 grad=5.3118 seconds=39.4
Epoch 2832/5000: score=17.152457 loss=-0.463296 valid=1.0000 routes=13.544 grad=4.5259 seconds=38.7
Epoch 2833/5000: score=17.356839 loss=-0.491373 valid=1.0000 routes=14.631 grad=5.1921 seconds=38.2
Epoch 2834/5000: score=16.593162 loss=-0.486039 valid=1.0000 routes=15.098 grad=4.7714 seconds=39.1
Epoch 2835/5000: score=17.517223 loss=-0.485971 valid=1.0000 routes=14.188 grad=4.8022 seconds=38.4
Epoch 2836/5000: score=18.158500 loss=-0.490027 valid=1.0000 routes=14.560 grad=5.1616 seconds=38.8
Epoch 2837/5000: score=17.478855 loss=-0.489614 valid=1.0000 routes=13.826 grad=5.2457 seconds=38.7
Epoch 2838/5000: score=16.406267 loss=-0.461664 valid=1.0000 routes=13.691 grad=4.3502 seconds=38.0
Epoch 2839/5000: score=17.431736 loss=-0.494425 valid=1.0000 routes=14.816 grad=4.8777 seconds=39.2
Epoch 2840/5000: score=16.038999 loss=-0.453128 valid=1.0000 routes=13.217 grad=4.4711 seconds=38.4
Epoch 2841/5000: score=17.712318 loss=-0.498785 valid=1.0000 routes=14.452 grad=4.9273 seconds=38.8
Epoch 2842/5000: score=16.997733 loss=-0.472916 valid=1.0000 routes=14.637 grad=4.4481 seconds=38.9
Epoch 2843/5000: score=16.512998 loss=-0.476276 valid=1.0000 routes=14.291 grad=4.3852 seconds=38.8
Epoch 2844/5000: score=17.533371 loss=-0.528463 valid=1.0000 routes=15.106 grad=5.1588 seconds=38.7
Epoch 2845/5000: score=18.171374 loss=-0.513159 valid=1.0000 routes=15.756 grad=5.0156 seconds=38.8
Epoch 2846/5000: score=17.295611 loss=-0.481788 valid=1.0000 routes=13.637 grad=5.0364 seconds=39.2
Epoch 2847/5000: score=17.188553 loss=-0.487597 valid=1.0000 routes=14.964 grad=4.8826 seconds=38.3
Epoch 2848/5000: score=16.818544 loss=-0.452466 valid=1.0000 routes=13.734 grad=4.5435 seconds=38.1
Epoch 2849/5000: score=17.053771 loss=-0.466023 valid=1.0000 routes=13.817 grad=4.4682 seconds=38.7
Epoch 2850/5000: score=17.771509 loss=-0.473856 valid=1.0000 routes=14.669 grad=4.9555 seconds=38.1
Epoch 2851/5000: score=17.400921 loss=-0.495505 valid=1.0000 routes=15.175 grad=4.8076 seconds=39.2
Epoch 2852/5000: score=16.361768 loss=-0.463692 valid=1.0000 routes=13.748 grad=4.3201 seconds=38.6
Epoch 2853/5000: score=16.764024 loss=-0.484329 valid=1.0000 routes=14.669 grad=4.5977 seconds=38.8
Epoch 2854/5000: score=16.818172 loss=-0.450825 valid=1.0000 routes=14.519 grad=4.3869 seconds=39.0
Epoch 2855/5000: score=17.038390 loss=-0.465836 valid=1.0000 routes=13.704 grad=5.0920 seconds=38.6
Epoch 2856/5000: score=17.500745 loss=-0.478890 valid=1.0000 routes=14.058 grad=4.7918 seconds=38.9
Epoch 2857/5000: score=16.885020 loss=-0.477519 valid=1.0000 routes=13.828 grad=4.5878 seconds=38.4
Epoch 2858/5000: score=15.665607 loss=-0.427882 valid=1.0000 routes=13.211 grad=3.9098 seconds=38.9
Epoch 2859/5000: score=16.724716 loss=-0.478531 valid=1.0000 routes=14.363 grad=4.9768 seconds=38.8
Epoch 2860/5000: score=16.432651 loss=-0.461445 valid=1.0000 routes=13.967 grad=4.4602 seconds=38.4
Epoch 2861/5000: score=16.547569 loss=-0.464147 valid=1.0000 routes=14.010 grad=4.4005 seconds=38.8
Epoch 2862/5000: score=16.488877 loss=-0.469128 valid=1.0000 routes=15.306 grad=4.3835 seconds=38.3
Epoch 2863/5000: score=17.291636 loss=-0.502879 valid=1.0000 routes=13.698 grad=5.0688 seconds=39.0
Epoch 2864/5000: score=16.489955 loss=-0.475761 valid=1.0000 routes=14.267 grad=4.5406 seconds=38.4
Epoch 2865/5000: score=17.336344 loss=-0.488679 valid=1.0000 routes=14.566 grad=4.9214 seconds=39.0
Epoch 2866/5000: score=16.672412 loss=-0.473531 valid=1.0000 routes=15.156 grad=4.7967 seconds=38.5
Epoch 2867/5000: score=16.601658 loss=-0.451433 valid=1.0000 routes=13.516 grad=4.2447 seconds=38.1
Epoch 2868/5000: score=17.097139 loss=-0.481945 valid=1.0000 routes=14.849 grad=5.1115 seconds=38.8
Epoch 2869/5000: score=16.782512 loss=-0.479327 valid=1.0000 routes=13.553 grad=4.7096 seconds=38.6
Epoch 2870/5000: score=18.816673 loss=-0.514011 valid=1.0000 routes=14.682 grad=5.2518 seconds=38.6
Epoch 2871/5000: score=16.301987 loss=-0.475705 valid=1.0000 routes=13.811 grad=4.4842 seconds=38.7
Epoch 2872/5000: score=16.919119 loss=-0.492477 valid=1.0000 routes=14.424 grad=4.6756 seconds=38.6
Epoch 2873/5000: score=16.733426 loss=-0.464563 valid=1.0000 routes=13.851 grad=5.1349 seconds=38.9
Epoch 2874/5000: score=16.341842 loss=-0.457290 valid=1.0000 routes=13.990 grad=4.8091 seconds=38.6
Epoch 2875/5000: score=17.021804 loss=-0.488883 valid=1.0000 routes=14.142 grad=4.6917 seconds=38.9
Epoch 2876/5000: score=15.964762 loss=-0.459689 valid=1.0000 routes=13.198 grad=4.1948 seconds=39.0
Epoch 2877/5000: score=17.063991 loss=-0.487990 valid=1.0000 routes=14.674 grad=4.7693 seconds=38.6
Epoch 2878/5000: score=17.950827 loss=-0.519704 valid=1.0000 routes=14.816 grad=5.5790 seconds=39.5
Epoch 2879/5000: score=16.547755 loss=-0.482166 valid=1.0000 routes=14.622 grad=4.4632 seconds=38.0
Epoch 2880/5000: score=17.285636 loss=-0.472725 valid=1.0000 routes=14.162 grad=5.1064 seconds=38.9
Epoch 2881/5000: score=16.095454 loss=-0.427621 valid=1.0000 routes=13.241 grad=4.0873 seconds=38.4
Epoch 2882/5000: score=18.795790 loss=-0.514337 valid=1.0000 routes=15.070 grad=5.3597 seconds=38.2
Epoch 2883/5000: score=17.060814 loss=-0.469216 valid=1.0000 routes=14.170 grad=4.7393 seconds=38.8
Epoch 2884/5000: score=15.805298 loss=-0.416223 valid=1.0000 routes=13.743 grad=4.0683 seconds=38.1
Epoch 2885/5000: score=17.108011 loss=-0.484938 valid=1.0000 routes=15.352 grad=5.0002 seconds=39.2
Epoch 2886/5000: score=16.922187 loss=-0.459830 valid=1.0000 routes=13.957 grad=4.7408 seconds=38.7
Epoch 2887/5000: score=18.174760 loss=-0.526222 valid=1.0000 routes=14.891 grad=5.4365 seconds=38.7
Epoch 2888/5000: score=16.358602 loss=-0.492748 valid=1.0000 routes=14.031 grad=4.6271 seconds=39.0
Epoch 2889/5000: score=16.739321 loss=-0.476853 valid=1.0000 routes=14.098 grad=5.0700 seconds=38.9
Epoch 2890/5000: score=16.420102 loss=-0.449682 valid=1.0000 routes=13.877 grad=4.1118 seconds=39.0
Epoch 2891/5000: score=17.824701 loss=-0.520002 valid=1.0000 routes=15.228 grad=5.1047 seconds=38.4
Epoch 2892/5000: score=16.692452 loss=-0.467327 valid=1.0000 routes=13.727 grad=4.8860 seconds=38.8
Epoch 2893/5000: score=16.915199 loss=-0.471984 valid=1.0000 routes=13.716 grad=4.5494 seconds=38.8
Epoch 2894/5000: score=17.730492 loss=-0.509460 valid=1.0000 routes=14.978 grad=5.3821 seconds=38.5
Epoch 2895/5000: score=16.648970 loss=-0.489073 valid=1.0000 routes=14.600 grad=4.5731 seconds=38.8
Epoch 2896/5000: score=18.535305 loss=-0.539876 valid=1.0000 routes=15.335 grad=5.8702 seconds=39.0
Epoch 2897/5000: score=17.461423 loss=-0.504428 valid=1.0000 routes=14.685 grad=4.9916 seconds=39.2
Epoch 2898/5000: score=16.772165 loss=-0.474518 valid=1.0000 routes=14.230 grad=4.6776 seconds=38.8
Epoch 2899/5000: score=16.849981 loss=-0.471119 valid=1.0000 routes=14.120 grad=4.6426 seconds=38.7
Epoch 2900/5000: score=15.989316 loss=-0.477730 valid=1.0000 routes=14.441 grad=4.4486 seconds=38.6
Epoch 2901/5000: score=16.907912 loss=-0.471275 valid=1.0000 routes=14.472 grad=4.6023 seconds=38.5
Epoch 2902/5000: score=16.383618 loss=-0.472035 valid=1.0000 routes=14.745 grad=4.3915 seconds=39.1
Epoch 2903/5000: score=16.701394 loss=-0.472450 valid=1.0000 routes=14.367 grad=4.7050 seconds=38.8
Epoch 2904/5000: score=17.833666 loss=-0.504678 valid=1.0000 routes=14.470 grad=5.1955 seconds=39.0
Epoch 2905/5000: score=17.193450 loss=-0.506910 valid=1.0000 routes=15.076 grad=4.7314 seconds=38.7
Epoch 2906/5000: score=17.676791 loss=-0.502291 valid=1.0000 routes=14.596 grad=4.8155 seconds=38.0
Epoch 2907/5000: score=17.531349 loss=-0.485780 valid=1.0000 routes=13.874 grad=4.9960 seconds=39.4
Epoch 2908/5000: score=16.201827 loss=-0.460751 valid=1.0000 routes=13.750 grad=4.6213 seconds=38.4
Epoch 2909/5000: score=17.887126 loss=-0.508256 valid=1.0000 routes=14.698 grad=4.9754 seconds=39.0
Epoch 2910/5000: score=16.853950 loss=-0.464696 valid=1.0000 routes=13.607 grad=4.4252 seconds=38.7
Epoch 2911/5000: score=18.363401 loss=-0.493283 valid=1.0000 routes=14.287 grad=5.3119 seconds=38.9
Epoch 2912/5000: score=18.565052 loss=-0.535646 valid=1.0000 routes=14.889 grad=5.4479 seconds=39.3
Epoch 2913/5000: score=16.064327 loss=-0.459235 valid=1.0000 routes=13.812 grad=4.5662 seconds=38.3
Epoch 2914/5000: score=16.431921 loss=-0.431489 valid=1.0000 routes=13.640 grad=4.2680 seconds=38.9
Epoch 2915/5000: score=17.200781 loss=-0.461372 valid=1.0000 routes=13.758 grad=4.4895 seconds=38.0
Epoch 2916/5000: score=17.235469 loss=-0.467098 valid=1.0000 routes=14.498 grad=4.6752 seconds=38.5
Epoch 2917/5000: score=16.866565 loss=-0.481397 valid=1.0000 routes=14.322 grad=4.8883 seconds=39.2
Epoch 2918/5000: score=17.373656 loss=-0.478727 valid=1.0000 routes=14.009 grad=4.8744 seconds=38.3
Epoch 2919/5000: score=16.977322 loss=-0.489662 valid=1.0000 routes=14.989 grad=4.8625 seconds=39.3
Epoch 2920/5000: score=16.811575 loss=-0.454672 valid=1.0000 routes=14.286 grad=4.5627 seconds=38.3
Epoch 2921/5000: score=16.305676 loss=-0.448610 valid=1.0000 routes=13.416 grad=4.4530 seconds=39.0
Epoch 2922/5000: score=16.648076 loss=-0.461304 valid=1.0000 routes=13.381 grad=4.7315 seconds=38.6
Epoch 2923/5000: score=17.343139 loss=-0.486226 valid=1.0000 routes=14.265 grad=4.9543 seconds=38.5
Epoch 2924/5000: score=17.303234 loss=-0.499820 valid=1.0000 routes=13.919 grad=5.0322 seconds=39.2
Epoch 2925/5000: score=16.439903 loss=-0.463054 valid=1.0000 routes=14.545 grad=4.6329 seconds=38.2
Epoch 2926/5000: score=16.855132 loss=-0.495596 valid=1.0000 routes=15.211 grad=4.7332 seconds=39.0
Epoch 2927/5000: score=17.471863 loss=-0.480038 valid=1.0000 routes=14.206 grad=5.0049 seconds=39.2
Epoch 2928/5000: score=17.257981 loss=-0.499421 valid=1.0000 routes=14.563 grad=5.3113 seconds=38.6
Epoch 2929/5000: score=16.279751 loss=-0.461909 valid=1.0000 routes=14.415 grad=4.3793 seconds=38.7
Epoch 2930/5000: score=16.898165 loss=-0.470005 valid=1.0000 routes=13.714 grad=4.5475 seconds=38.7
Epoch 2931/5000: score=17.851106 loss=-0.505718 valid=1.0000 routes=14.522 grad=4.9844 seconds=38.8
Epoch 2932/5000: score=17.585685 loss=-0.512671 valid=1.0000 routes=15.173 grad=5.2557 seconds=38.4
Epoch 2933/5000: score=16.087184 loss=-0.454573 valid=1.0000 routes=13.638 grad=4.7221 seconds=38.7
Epoch 2934/5000: score=16.451160 loss=-0.442711 valid=1.0000 routes=13.339 grad=4.1341 seconds=39.1
Epoch 2935/5000: score=16.547007 loss=-0.466278 valid=1.0000 routes=14.575 grad=5.2616 seconds=38.7
Epoch 2936/5000: score=17.866982 loss=-0.498557 valid=1.0000 routes=14.507 grad=5.2518 seconds=39.0
Epoch 2937/5000: score=17.383657 loss=-0.488150 valid=1.0000 routes=13.583 grad=5.0707 seconds=38.7
Epoch 2938/5000: score=17.099131 loss=-0.484697 valid=1.0000 routes=14.267 grad=4.5619 seconds=38.3
Epoch 2939/5000: score=17.214557 loss=-0.489712 valid=1.0000 routes=14.745 grad=4.7464 seconds=38.9
Epoch 2940/5000: score=17.397253 loss=-0.496352 valid=1.0000 routes=14.625 grad=4.7092 seconds=38.2
Epoch 2941/5000: score=17.583582 loss=-0.507649 valid=1.0000 routes=14.449 grad=5.2685 seconds=39.0
Epoch 2942/5000: score=16.967791 loss=-0.462315 valid=1.0000 routes=13.820 grad=5.1439 seconds=38.2
Epoch 2943/5000: score=16.390312 loss=-0.454932 valid=1.0000 routes=14.434 grad=4.5987 seconds=38.3
Epoch 2944/5000: score=17.928645 loss=-0.484132 valid=1.0000 routes=14.559 grad=5.3775 seconds=39.0
Epoch 2945/5000: score=17.751461 loss=-0.486433 valid=1.0000 routes=15.056 grad=5.0385 seconds=38.2
Epoch 2946/5000: score=17.293272 loss=-0.476292 valid=1.0000 routes=13.891 grad=5.3195 seconds=39.1
Epoch 2947/5000: score=16.486893 loss=-0.441864 valid=1.0000 routes=13.951 grad=4.4448 seconds=38.3
Epoch 2948/5000: score=16.708851 loss=-0.479385 valid=1.0000 routes=14.484 grad=4.7875 seconds=39.0
Epoch 2949/5000: score=18.613160 loss=-0.506750 valid=1.0000 routes=14.727 grad=5.1200 seconds=38.3
Epoch 2950/5000: score=16.930861 loss=-0.484358 valid=1.0000 routes=14.341 grad=4.7559 seconds=38.5
Epoch 2951/5000: score=16.708161 loss=-0.454269 valid=1.0000 routes=14.407 grad=4.7338 seconds=38.7
Epoch 2952/5000: score=16.343822 loss=-0.484517 valid=1.0000 routes=14.146 grad=4.4798 seconds=38.4
Epoch 2953/5000: score=17.592500 loss=-0.501359 valid=1.0000 routes=15.120 grad=5.0509 seconds=38.7
Epoch 2954/5000: score=18.054834 loss=-0.495480 valid=1.0000 routes=14.790 grad=5.2802 seconds=38.2
Epoch 2955/5000: score=16.607431 loss=-0.459123 valid=1.0000 routes=13.770 grad=4.4958 seconds=38.6
Epoch 2956/5000: score=16.610623 loss=-0.462988 valid=1.0000 routes=14.098 grad=4.8468 seconds=38.5
Epoch 2957/5000: score=18.060872 loss=-0.513133 valid=1.0000 routes=15.536 grad=5.0964 seconds=37.9
Epoch 2958/5000: score=17.034087 loss=-0.477078 valid=1.0000 routes=13.435 grad=5.1128 seconds=39.0
Epoch 2959/5000: score=17.375609 loss=-0.486500 valid=1.0000 routes=13.589 grad=4.9012 seconds=38.6
Epoch 2960/5000: score=17.878654 loss=-0.486401 valid=1.0000 routes=14.085 grad=5.0101 seconds=38.5
Epoch 2961/5000: score=17.727936 loss=-0.491233 valid=1.0000 routes=14.577 grad=5.2468 seconds=39.0
Epoch 2962/5000: score=17.253783 loss=-0.492417 valid=1.0000 routes=14.722 grad=4.8594 seconds=38.6
Epoch 2963/5000: score=17.769304 loss=-0.521799 valid=1.0000 routes=14.904 grad=5.2465 seconds=39.0
Epoch 2964/5000: score=16.125212 loss=-0.432342 valid=1.0000 routes=13.380 grad=4.0705 seconds=38.7
Epoch 2965/5000: score=18.122627 loss=-0.512745 valid=1.0000 routes=15.477 grad=5.4874 seconds=38.3
Epoch 2966/5000: score=16.595731 loss=-0.461819 valid=1.0000 routes=13.945 grad=4.4540 seconds=38.5
Epoch 2967/5000: score=16.953514 loss=-0.486058 valid=1.0000 routes=14.282 grad=4.9975 seconds=38.4
Epoch 2968/5000: score=16.062173 loss=-0.443667 valid=1.0000 routes=13.801 grad=4.4897 seconds=38.9
Epoch 2969/5000: score=17.665793 loss=-0.498938 valid=1.0000 routes=14.542 grad=5.0725 seconds=38.7
Epoch 2970/5000: score=16.655302 loss=-0.483407 valid=1.0000 routes=14.273 grad=4.5647 seconds=38.7
Epoch 2971/5000: score=15.935534 loss=-0.434210 valid=1.0000 routes=13.650 grad=4.1196 seconds=39.2
Epoch 2972/5000: score=17.670920 loss=-0.465239 valid=1.0000 routes=14.237 grad=4.8642 seconds=39.1
Epoch 2973/5000: score=17.026001 loss=-0.475518 valid=1.0000 routes=14.791 grad=4.7933 seconds=38.9
Epoch 2974/5000: score=15.874092 loss=-0.453915 valid=1.0000 routes=13.016 grad=4.1688 seconds=38.3
Epoch 2975/5000: score=16.569289 loss=-0.468056 valid=1.0000 routes=14.857 grad=4.9994 seconds=39.3
Epoch 2976/5000: score=17.207698 loss=-0.482466 valid=1.0000 routes=13.953 grad=5.5683 seconds=38.7
Epoch 2977/5000: score=17.682180 loss=-0.505188 valid=1.0000 routes=14.930 grad=4.9877 seconds=38.5
Epoch 2978/5000: score=17.686771 loss=-0.500049 valid=1.0000 routes=14.789 grad=5.5425 seconds=38.8
Epoch 2979/5000: score=16.300915 loss=-0.458740 valid=1.0000 routes=14.313 grad=4.4828 seconds=38.9
Epoch 2980/5000: score=16.763436 loss=-0.482313 valid=1.0000 routes=14.465 grad=4.9496 seconds=38.4
Epoch 2981/5000: score=17.178585 loss=-0.484411 valid=1.0000 routes=13.696 grad=5.1665 seconds=38.6
Epoch 2982/5000: score=16.518947 loss=-0.458113 valid=1.0000 routes=13.644 grad=4.4116 seconds=39.0
Epoch 2983/5000: score=16.950503 loss=-0.476072 valid=1.0000 routes=13.131 grad=4.7156 seconds=38.5
Epoch 2984/5000: score=16.560226 loss=-0.460522 valid=1.0000 routes=13.856 grad=4.5067 seconds=38.4
Epoch 2985/5000: score=17.466923 loss=-0.504502 valid=1.0000 routes=14.813 grad=5.3508 seconds=39.0
Epoch 2986/5000: score=17.247884 loss=-0.490464 valid=1.0000 routes=15.096 grad=4.9432 seconds=38.5
Epoch 2987/5000: score=16.382726 loss=-0.482413 valid=1.0000 routes=14.039 grad=5.2282 seconds=38.7
>> Invalid instances, Re-generating ...
Epoch 2988/5000: score=16.588725 loss=-0.458569 valid=1.0000 routes=14.017 grad=4.3683 seconds=38.4
Epoch 2989/5000: score=17.959944 loss=-0.516528 valid=1.0000 routes=15.016 grad=5.1731 seconds=38.5
Epoch 2990/5000: score=17.447962 loss=-0.502166 valid=1.0000 routes=15.139 grad=5.0222 seconds=38.4
Epoch 2991/5000: score=16.912027 loss=-0.469355 valid=1.0000 routes=13.695 grad=4.4796 seconds=38.0
Epoch 2992/5000: score=17.485231 loss=-0.496712 valid=1.0000 routes=14.406 grad=5.2434 seconds=38.3
Epoch 2993/5000: score=16.987895 loss=-0.482879 valid=1.0000 routes=13.937 grad=4.8611 seconds=37.9
Epoch 2994/5000: score=17.157035 loss=-0.477064 valid=1.0000 routes=14.461 grad=5.1749 seconds=38.3
Epoch 2995/5000: score=16.686022 loss=-0.458726 valid=1.0000 routes=14.652 grad=4.3363 seconds=38.4
Epoch 2996/5000: score=17.216092 loss=-0.493633 valid=1.0000 routes=14.245 grad=4.8829 seconds=38.4
Epoch 2997/5000: score=17.109521 loss=-0.476943 valid=1.0000 routes=14.484 grad=4.5972 seconds=38.7
Epoch 2998/5000: score=18.142170 loss=-0.514075 valid=1.0000 routes=15.237 grad=5.3891 seconds=38.4
Epoch 2999/5000: score=17.211604 loss=-0.479920 valid=1.0000 routes=14.054 grad=5.4224 seconds=38.5
Epoch 3000/5000: score=16.895226 loss=-0.477255 valid=1.0000 routes=13.299 grad=5.0992 seconds=38.4
>> Invalid instances, Re-generating ...
Epoch 3001/5000: score=17.336078 loss=-0.502893 valid=1.0000 routes=14.093 grad=4.8449 seconds=38.1
Epoch 3002/5000: score=16.622976 loss=-0.458284 valid=1.0000 routes=13.909 grad=4.8909 seconds=39.0
Epoch 3003/5000: score=16.518318 loss=-0.502528 valid=1.0000 routes=14.516 grad=5.0887 seconds=38.3
Epoch 3004/5000: score=18.125682 loss=-0.519531 valid=1.0000 routes=15.186 grad=5.6496 seconds=38.7
Epoch 3005/5000: score=18.380792 loss=-0.501439 valid=1.0000 routes=14.643 grad=4.9410 seconds=38.1
Epoch 3006/5000: score=18.180153 loss=-0.531653 valid=1.0000 routes=14.611 grad=5.3954 seconds=38.7
Epoch 3007/5000: score=17.318059 loss=-0.485202 valid=1.0000 routes=14.349 grad=5.1488 seconds=38.8
Epoch 3008/5000: score=17.643380 loss=-0.506624 valid=1.0000 routes=14.674 grad=5.2603 seconds=38.5
Epoch 3009/5000: score=16.212582 loss=-0.464465 valid=1.0000 routes=13.822 grad=4.6151 seconds=38.5
Epoch 3010/5000: score=16.790556 loss=-0.446104 valid=1.0000 routes=13.339 grad=4.1547 seconds=38.2
Epoch 3011/5000: score=16.696731 loss=-0.472371 valid=1.0000 routes=14.527 grad=4.8110 seconds=38.2
Epoch 3012/5000: score=16.967352 loss=-0.480113 valid=1.0000 routes=13.797 grad=4.4804 seconds=38.7
Epoch 3013/5000: score=17.144141 loss=-0.474961 valid=1.0000 routes=14.389 grad=4.7061 seconds=38.6
Epoch 3014/5000: score=18.159710 loss=-0.504778 valid=1.0000 routes=14.372 grad=5.0915 seconds=38.8
Epoch 3015/5000: score=16.485966 loss=-0.431875 valid=1.0000 routes=13.146 grad=4.2229 seconds=38.7
Epoch 3016/5000: score=17.756763 loss=-0.462437 valid=1.0000 routes=14.127 grad=4.8821 seconds=38.5
Epoch 3017/5000: score=17.129017 loss=-0.482446 valid=1.0000 routes=14.047 grad=4.9650 seconds=38.7
Epoch 3018/5000: score=16.219336 loss=-0.447510 valid=1.0000 routes=13.583 grad=4.1379 seconds=38.5
Epoch 3019/5000: score=17.139562 loss=-0.470036 valid=1.0000 routes=14.308 grad=4.9953 seconds=39.1
Epoch 3020/5000: score=16.871335 loss=-0.477912 valid=1.0000 routes=13.733 grad=5.3120 seconds=38.3
Epoch 3021/5000: score=16.449875 loss=-0.437663 valid=1.0000 routes=13.736 grad=4.1137 seconds=38.4
Epoch 3022/5000: score=17.564812 loss=-0.508357 valid=1.0000 routes=14.765 grad=5.4188 seconds=39.1
Epoch 3023/5000: score=17.405591 loss=-0.474704 valid=1.0000 routes=14.256 grad=5.0707 seconds=38.2
Epoch 3024/5000: score=17.240845 loss=-0.469792 valid=1.0000 routes=14.423 grad=4.6189 seconds=38.7
Epoch 3025/5000: score=17.029964 loss=-0.475468 valid=1.0000 routes=14.986 grad=4.8316 seconds=38.2
Epoch 3026/5000: score=17.869477 loss=-0.501477 valid=1.0000 routes=14.837 grad=5.1409 seconds=38.4
Epoch 3027/5000: score=18.345870 loss=-0.509703 valid=1.0000 routes=14.877 grad=5.9439 seconds=38.3
Epoch 3028/5000: score=17.488593 loss=-0.504969 valid=1.0000 routes=14.758 grad=5.4340 seconds=38.1
Epoch 3029/5000: score=17.277211 loss=-0.485858 valid=1.0000 routes=14.308 grad=4.6825 seconds=39.0
Epoch 3030/5000: score=17.392069 loss=-0.488315 valid=1.0000 routes=15.542 grad=5.3061 seconds=38.2
Epoch 3031/5000: score=17.242303 loss=-0.482576 valid=1.0000 routes=15.125 grad=4.6998 seconds=39.0
Epoch 3032/5000: score=17.059569 loss=-0.508894 valid=1.0000 routes=15.215 grad=4.8846 seconds=38.6
Epoch 3033/5000: score=16.657446 loss=-0.445037 valid=1.0000 routes=13.512 grad=4.8575 seconds=38.7
Epoch 3034/5000: score=17.716776 loss=-0.496156 valid=1.0000 routes=15.171 grad=5.6072 seconds=38.7
Epoch 3035/5000: score=17.812354 loss=-0.491696 valid=1.0000 routes=14.463 grad=5.0799 seconds=38.4
Epoch 3036/5000: score=17.905451 loss=-0.508065 valid=1.0000 routes=15.089 grad=5.3413 seconds=39.1
Epoch 3037/5000: score=17.582245 loss=-0.484559 valid=1.0000 routes=14.616 grad=4.8352 seconds=38.1
Epoch 3038/5000: score=16.292663 loss=-0.476951 valid=1.0000 routes=13.710 grad=5.0444 seconds=38.6
Epoch 3039/5000: score=15.915356 loss=-0.455969 valid=1.0000 routes=14.142 grad=4.2976 seconds=38.8
Epoch 3040/5000: score=18.080856 loss=-0.487755 valid=1.0000 routes=14.533 grad=5.2034 seconds=38.4
Epoch 3041/5000: score=16.846788 loss=-0.420141 valid=1.0000 routes=13.437 grad=4.4886 seconds=39.1
Epoch 3042/5000: score=17.235865 loss=-0.493118 valid=1.0000 routes=14.883 grad=4.9442 seconds=38.2
Epoch 3043/5000: score=17.480637 loss=-0.487229 valid=1.0000 routes=14.483 grad=4.9551 seconds=38.5
Epoch 3044/5000: score=16.940245 loss=-0.480765 valid=1.0000 routes=13.689 grad=5.2534 seconds=39.0
Epoch 3045/5000: score=16.798496 loss=-0.447874 valid=1.0000 routes=13.354 grad=4.5070 seconds=37.9
Epoch 3046/5000: score=16.580248 loss=-0.477647 valid=1.0000 routes=14.776 grad=4.4085 seconds=38.4
Epoch 3047/5000: score=17.489172 loss=-0.474901 valid=1.0000 routes=14.815 grad=4.7160 seconds=38.1
Epoch 3048/5000: score=16.494243 loss=-0.454740 valid=1.0000 routes=13.391 grad=4.5370 seconds=39.1
Epoch 3049/5000: score=16.742378 loss=-0.456258 valid=1.0000 routes=13.274 grad=4.7288 seconds=39.0
Epoch 3050/5000: score=17.306100 loss=-0.473537 valid=1.0000 routes=14.271 grad=5.0668 seconds=38.8
Epoch 3051/5000: score=16.482145 loss=-0.434687 valid=1.0000 routes=13.098 grad=4.5421 seconds=38.6
Epoch 3052/5000: score=17.000900 loss=-0.511196 valid=1.0000 routes=14.688 grad=5.1973 seconds=38.4
Epoch 3053/5000: score=17.280789 loss=-0.487722 valid=1.0000 routes=15.162 grad=4.8678 seconds=38.7
Epoch 3054/5000: score=16.089218 loss=-0.462160 valid=1.0000 routes=13.695 grad=4.5806 seconds=38.3
Epoch 3055/5000: score=15.846217 loss=-0.458546 valid=1.0000 routes=13.776 grad=4.4816 seconds=38.7
Epoch 3056/5000: score=17.388281 loss=-0.472024 valid=1.0000 routes=13.903 grad=4.7401 seconds=38.5
Epoch 3057/5000: score=16.007616 loss=-0.437520 valid=1.0000 routes=13.820 grad=4.3420 seconds=38.0
Epoch 3058/5000: score=16.297768 loss=-0.425920 valid=1.0000 routes=13.731 grad=4.4621 seconds=38.9
Epoch 3059/5000: score=17.181161 loss=-0.489304 valid=1.0000 routes=14.336 grad=4.8029 seconds=38.8
Epoch 3060/5000: score=18.037248 loss=-0.501477 valid=1.0000 routes=14.391 grad=5.7576 seconds=39.0
Epoch 3061/5000: score=16.141124 loss=-0.467895 valid=1.0000 routes=14.230 grad=4.8651 seconds=38.8
Epoch 3062/5000: score=17.330283 loss=-0.503248 valid=1.0000 routes=14.423 grad=5.0531 seconds=38.6
Epoch 3063/5000: score=17.749574 loss=-0.487958 valid=1.0000 routes=14.659 grad=5.4796 seconds=38.8
Epoch 3064/5000: score=18.789958 loss=-0.527524 valid=1.0000 routes=14.797 grad=5.6346 seconds=38.7
Epoch 3065/5000: score=16.021761 loss=-0.461169 valid=1.0000 routes=13.740 grad=4.3912 seconds=38.6
Epoch 3066/5000: score=17.930384 loss=-0.489001 valid=1.0000 routes=15.013 grad=5.3735 seconds=38.8
Epoch 3067/5000: score=18.100884 loss=-0.515702 valid=1.0000 routes=15.982 grad=5.5271 seconds=38.2
Epoch 3068/5000: score=15.845260 loss=-0.458291 valid=1.0000 routes=13.652 grad=4.5293 seconds=39.2
Epoch 3069/5000: score=17.379088 loss=-0.491391 valid=1.0000 routes=14.672 grad=4.8409 seconds=38.6
Epoch 3070/5000: score=17.403411 loss=-0.497261 valid=1.0000 routes=14.777 grad=5.0618 seconds=38.7
Epoch 3071/5000: score=17.164418 loss=-0.507212 valid=1.0000 routes=15.691 grad=4.8152 seconds=38.8
Epoch 3072/5000: score=17.130332 loss=-0.483531 valid=1.0000 routes=14.705 grad=5.0906 seconds=38.2
Epoch 3073/5000: score=17.269806 loss=-0.476837 valid=1.0000 routes=14.301 grad=5.1971 seconds=38.9
Epoch 3074/5000: score=16.921572 loss=-0.469337 valid=1.0000 routes=13.768 grad=4.6187 seconds=38.2
Epoch 3075/5000: score=16.522885 loss=-0.459971 valid=1.0000 routes=13.304 grad=4.5336 seconds=39.0
Epoch 3076/5000: score=17.842196 loss=-0.482781 valid=1.0000 routes=14.549 grad=5.7866 seconds=38.1
Epoch 3077/5000: score=18.356684 loss=-0.502138 valid=1.0000 routes=14.549 grad=5.1597 seconds=38.8
Epoch 3078/5000: score=18.012133 loss=-0.513176 valid=1.0000 routes=14.533 grad=5.6317 seconds=38.8
Epoch 3079/5000: score=17.014244 loss=-0.471413 valid=1.0000 routes=14.133 grad=5.3135 seconds=38.2
Epoch 3080/5000: score=17.631332 loss=-0.472851 valid=1.0000 routes=14.147 grad=4.9583 seconds=39.1
Epoch 3081/5000: score=17.873864 loss=-0.505615 valid=1.0000 routes=14.730 grad=5.1694 seconds=38.4
Epoch 3082/5000: score=17.669491 loss=-0.507570 valid=1.0000 routes=14.644 grad=5.4188 seconds=39.0
Epoch 3083/5000: score=17.954975 loss=-0.513343 valid=1.0000 routes=15.056 grad=5.1393 seconds=38.9
Epoch 3084/5000: score=15.981458 loss=-0.467665 valid=1.0000 routes=13.843 grad=4.6765 seconds=38.7
Epoch 3085/5000: score=16.829114 loss=-0.451658 valid=1.0000 routes=13.897 grad=4.8563 seconds=38.9
Epoch 3086/5000: score=17.702292 loss=-0.525797 valid=1.0000 routes=15.408 grad=5.2528 seconds=38.7
Epoch 3087/5000: score=16.528309 loss=-0.458450 valid=1.0000 routes=13.298 grad=4.5233 seconds=38.7
Epoch 3088/5000: score=17.767395 loss=-0.496531 valid=1.0000 routes=14.649 grad=5.4820 seconds=38.4
Epoch 3089/5000: score=17.252345 loss=-0.488294 valid=1.0000 routes=13.860 grad=5.0721 seconds=38.5
Epoch 3090/5000: score=16.774871 loss=-0.437003 valid=1.0000 routes=13.828 grad=4.5744 seconds=38.7
Epoch 3091/5000: score=17.042019 loss=-0.464386 valid=1.0000 routes=14.004 grad=4.5673 seconds=38.6
Epoch 3092/5000: score=18.094240 loss=-0.496568 valid=1.0000 routes=14.371 grad=5.6164 seconds=38.7
Epoch 3093/5000: score=16.634729 loss=-0.483510 valid=1.0000 routes=13.509 grad=4.5997 seconds=38.6
Epoch 3094/5000: score=17.252108 loss=-0.495388 valid=1.0000 routes=14.833 grad=5.2028 seconds=37.5
Epoch 3095/5000: score=17.624920 loss=-0.485398 valid=1.0000 routes=14.192 grad=5.1958 seconds=38.7
Epoch 3096/5000: score=16.688401 loss=-0.477662 valid=1.0000 routes=13.843 grad=4.7624 seconds=38.9
Epoch 3097/5000: score=17.849501 loss=-0.513771 valid=1.0000 routes=14.514 grad=5.0760 seconds=38.8
Epoch 3098/5000: score=16.424105 loss=-0.460459 valid=1.0000 routes=13.889 grad=4.8106 seconds=38.4
Epoch 3099/5000: score=17.444717 loss=-0.478994 valid=1.0000 routes=13.793 grad=5.1002 seconds=38.8
Epoch 3100/5000: score=16.999511 loss=-0.488096 valid=1.0000 routes=14.690 grad=5.0034 seconds=38.1
>> Invalid instances, Re-generating ...
Epoch 3101/5000: score=16.062106 loss=-0.454631 valid=1.0000 routes=14.297 grad=4.7136 seconds=38.2
Epoch 3102/5000: score=17.366481 loss=-0.500529 valid=1.0000 routes=14.113 grad=4.7995 seconds=38.6
Epoch 3103/5000: score=18.026181 loss=-0.500226 valid=1.0000 routes=14.848 grad=4.8887 seconds=37.8
Epoch 3104/5000: score=16.933544 loss=-0.488175 valid=1.0000 routes=14.489 grad=4.8549 seconds=38.8
Epoch 3105/5000: score=17.425276 loss=-0.485934 valid=1.0000 routes=14.467 grad=4.9146 seconds=38.4
Epoch 3106/5000: score=18.218186 loss=-0.508354 valid=1.0000 routes=15.125 grad=5.1766 seconds=37.8
Epoch 3107/5000: score=17.005508 loss=-0.475532 valid=1.0000 routes=13.570 grad=4.6987 seconds=38.9
Epoch 3108/5000: score=17.993895 loss=-0.508570 valid=1.0000 routes=14.979 grad=5.3425 seconds=38.0
Epoch 3109/5000: score=18.576648 loss=-0.536029 valid=1.0000 routes=16.708 grad=5.5320 seconds=38.6
Epoch 3110/5000: score=16.850690 loss=-0.460097 valid=1.0000 routes=13.988 grad=4.5109 seconds=38.5
Epoch 3111/5000: score=17.209404 loss=-0.467066 valid=1.0000 routes=14.407 grad=4.9318 seconds=37.7
Epoch 3112/5000: score=17.142581 loss=-0.482999 valid=1.0000 routes=14.153 grad=5.5047 seconds=38.8
Epoch 3113/5000: score=16.978900 loss=-0.474245 valid=1.0000 routes=13.941 grad=4.6338 seconds=38.3
Epoch 3114/5000: score=16.594254 loss=-0.445649 valid=1.0000 routes=13.035 grad=4.3408 seconds=38.9
Epoch 3115/5000: score=15.938967 loss=-0.440359 valid=1.0000 routes=13.573 grad=4.2631 seconds=38.4
Epoch 3116/5000: score=17.265250 loss=-0.511002 valid=1.0000 routes=14.856 grad=4.9631 seconds=38.3
Epoch 3117/5000: score=16.935476 loss=-0.491372 valid=1.0000 routes=14.082 grad=5.0543 seconds=38.6
Epoch 3118/5000: score=17.207407 loss=-0.476369 valid=1.0000 routes=14.304 grad=5.3561 seconds=38.1
Epoch 3119/5000: score=17.023376 loss=-0.464234 valid=1.0000 routes=13.377 grad=4.9628 seconds=38.7
Epoch 3120/5000: score=17.516104 loss=-0.509378 valid=1.0000 routes=14.845 grad=5.3184 seconds=38.9
Epoch 3121/5000: score=17.956827 loss=-0.501671 valid=1.0000 routes=14.780 grad=5.1713 seconds=38.1
Epoch 3122/5000: score=16.939979 loss=-0.479153 valid=1.0000 routes=14.168 grad=4.6609 seconds=38.4
Epoch 3123/5000: score=16.388606 loss=-0.442640 valid=1.0000 routes=13.672 grad=4.5034 seconds=38.0
Epoch 3124/5000: score=17.286324 loss=-0.477171 valid=1.0000 routes=14.823 grad=5.0369 seconds=38.2
Epoch 3125/5000: score=16.438614 loss=-0.441896 valid=1.0000 routes=13.463 grad=4.7678 seconds=38.3
Epoch 3126/5000: score=16.841601 loss=-0.463682 valid=1.0000 routes=13.525 grad=5.3805 seconds=38.3
Epoch 3127/5000: score=17.014470 loss=-0.477151 valid=1.0000 routes=13.718 grad=5.1691 seconds=38.9
Epoch 3128/5000: score=17.903957 loss=-0.506650 valid=1.0000 routes=15.363 grad=5.2878 seconds=38.0
Epoch 3129/5000: score=16.978607 loss=-0.452504 valid=1.0000 routes=13.608 grad=4.6093 seconds=39.1
Epoch 3130/5000: score=16.733025 loss=-0.466157 valid=1.0000 routes=13.729 grad=4.7336 seconds=38.3
Epoch 3131/5000: score=16.521252 loss=-0.472684 valid=1.0000 routes=14.234 grad=4.6971 seconds=38.3
Epoch 3132/5000: score=16.204919 loss=-0.457669 valid=1.0000 routes=14.826 grad=4.3962 seconds=38.4
Epoch 3133/5000: score=16.667838 loss=-0.476179 valid=1.0000 routes=14.251 grad=4.8114 seconds=38.0
Epoch 3134/5000: score=16.602658 loss=-0.464673 valid=1.0000 routes=13.967 grad=4.9396 seconds=38.5
Epoch 3135/5000: score=17.128357 loss=-0.472870 valid=1.0000 routes=14.534 grad=4.8916 seconds=38.3
Epoch 3136/5000: score=17.836206 loss=-0.492823 valid=1.0000 routes=14.918 grad=5.5406 seconds=38.5
Epoch 3137/5000: score=16.260218 loss=-0.458856 valid=1.0000 routes=14.025 grad=4.6852 seconds=38.2
Epoch 3138/5000: score=17.529635 loss=-0.517346 valid=1.0000 routes=15.508 grad=5.2938 seconds=38.2
Epoch 3139/5000: score=16.932743 loss=-0.423263 valid=1.0000 routes=13.505 grad=4.6153 seconds=38.3
Epoch 3140/5000: score=17.422492 loss=-0.444368 valid=1.0000 routes=14.256 grad=4.7854 seconds=38.2
Epoch 3141/5000: score=16.806488 loss=-0.468328 valid=1.0000 routes=13.730 grad=4.9350 seconds=38.8
Epoch 3142/5000: score=17.460904 loss=-0.489623 valid=1.0000 routes=14.204 grad=4.8918 seconds=38.4
Epoch 3143/5000: score=17.807967 loss=-0.501138 valid=1.0000 routes=14.623 grad=5.3802 seconds=37.7
Epoch 3144/5000: score=17.142037 loss=-0.461930 valid=1.0000 routes=13.620 grad=4.9449 seconds=38.4
Epoch 3145/5000: score=18.098222 loss=-0.495302 valid=1.0000 routes=15.046 grad=5.0092 seconds=37.6
Epoch 3146/5000: score=17.711093 loss=-0.510959 valid=1.0000 routes=15.079 grad=5.3630 seconds=39.1
Epoch 3147/5000: score=16.189973 loss=-0.444034 valid=1.0000 routes=13.020 grad=4.4573 seconds=38.6
Epoch 3148/5000: score=18.191096 loss=-0.501474 valid=1.0000 routes=15.234 grad=5.2749 seconds=38.4
Epoch 3149/5000: score=17.907549 loss=-0.491956 valid=1.0000 routes=14.655 grad=5.1779 seconds=38.5
Epoch 3150/5000: score=16.791082 loss=-0.467142 valid=1.0000 routes=14.238 grad=4.6507 seconds=37.5
Epoch 3151/5000: score=16.727620 loss=-0.480235 valid=1.0000 routes=14.395 grad=5.2029 seconds=38.6
Epoch 3152/5000: score=16.219759 loss=-0.457128 valid=1.0000 routes=13.952 grad=4.5247 seconds=38.1
Epoch 3153/5000: score=16.538547 loss=-0.459555 valid=1.0000 routes=13.521 grad=5.1832 seconds=38.8
Epoch 3154/5000: score=16.454462 loss=-0.451429 valid=1.0000 routes=13.895 grad=4.6727 seconds=38.5
Epoch 3155/5000: score=16.541503 loss=-0.476332 valid=1.0000 routes=14.429 grad=4.7283 seconds=38.5
Epoch 3156/5000: score=17.651883 loss=-0.476504 valid=1.0000 routes=14.118 grad=5.4711 seconds=39.0
Epoch 3157/5000: score=17.801624 loss=-0.498355 valid=1.0000 routes=14.941 grad=5.7196 seconds=38.1
Epoch 3158/5000: score=17.306238 loss=-0.498349 valid=1.0000 routes=14.698 grad=4.8956 seconds=38.6
Epoch 3159/5000: score=17.018298 loss=-0.488448 valid=1.0000 routes=13.969 grad=4.9064 seconds=38.5
Epoch 3160/5000: score=16.963690 loss=-0.458679 valid=1.0000 routes=13.563 grad=5.3808 seconds=38.2
Epoch 3161/5000: score=17.625147 loss=-0.474729 valid=1.0000 routes=13.553 grad=5.3463 seconds=39.0
Epoch 3162/5000: score=16.739199 loss=-0.459546 valid=1.0000 routes=14.740 grad=4.5508 seconds=38.1
>> Invalid instances, Re-generating ...
Epoch 3163/5000: score=17.224801 loss=-0.485985 valid=1.0000 routes=14.607 grad=4.8835 seconds=38.9
Epoch 3164/5000: score=16.586502 loss=-0.476740 valid=1.0000 routes=13.092 grad=4.7297 seconds=38.7
Epoch 3165/5000: score=16.846043 loss=-0.454459 valid=1.0000 routes=13.777 grad=4.7559 seconds=38.6
Epoch 3166/5000: score=17.295152 loss=-0.495747 valid=1.0000 routes=14.759 grad=5.0501 seconds=39.0
Epoch 3167/5000: score=16.822714 loss=-0.464003 valid=1.0000 routes=14.384 grad=4.6758 seconds=38.3
Epoch 3168/5000: score=16.010243 loss=-0.444173 valid=1.0000 routes=13.577 grad=4.4471 seconds=38.6
Epoch 3169/5000: score=16.367914 loss=-0.464036 valid=1.0000 routes=14.107 grad=4.6441 seconds=38.3
Epoch 3170/5000: score=16.217152 loss=-0.463816 valid=1.0000 routes=13.571 grad=4.4297 seconds=38.5
Epoch 3171/5000: score=17.704100 loss=-0.485620 valid=1.0000 routes=15.080 grad=5.1241 seconds=38.5
Epoch 3172/5000: score=17.348047 loss=-0.496590 valid=1.0000 routes=14.889 grad=4.9899 seconds=38.4
Epoch 3173/5000: score=17.333274 loss=-0.543879 valid=1.0000 routes=14.404 grad=5.6136 seconds=39.1
Epoch 3174/5000: score=17.197462 loss=-0.454397 valid=1.0000 routes=13.802 grad=5.1315 seconds=38.4
Epoch 3175/5000: score=16.903686 loss=-0.484415 valid=1.0000 routes=14.895 grad=5.0061 seconds=39.1
Epoch 3176/5000: score=16.459059 loss=-0.438652 valid=1.0000 routes=13.679 grad=4.1431 seconds=38.4
Epoch 3177/5000: score=17.741295 loss=-0.468807 valid=1.0000 routes=13.883 grad=4.6719 seconds=38.0
Epoch 3178/5000: score=16.869075 loss=-0.477972 valid=1.0000 routes=14.254 grad=5.1028 seconds=38.8
Epoch 3179/5000: score=17.049844 loss=-0.459888 valid=1.0000 routes=13.651 grad=4.8607 seconds=38.0
Epoch 3180/5000: score=18.586136 loss=-0.525908 valid=1.0000 routes=15.165 grad=5.8541 seconds=38.5
Epoch 3181/5000: score=16.651667 loss=-0.477962 valid=1.0000 routes=14.919 grad=5.1273 seconds=38.3
Epoch 3182/5000: score=17.958838 loss=-0.517729 valid=1.0000 routes=14.626 grad=5.4660 seconds=38.1
Epoch 3183/5000: score=16.881977 loss=-0.466198 valid=1.0000 routes=12.953 grad=4.9017 seconds=39.0
Epoch 3184/5000: score=17.881079 loss=-0.478561 valid=1.0000 routes=14.123 grad=5.0962 seconds=38.5
Epoch 3185/5000: score=17.866622 loss=-0.506638 valid=1.0000 routes=15.542 grad=5.1981 seconds=38.6
Epoch 3186/5000: score=16.695993 loss=-0.444181 valid=1.0000 routes=13.557 grad=4.6436 seconds=38.3
Epoch 3187/5000: score=17.002625 loss=-0.476803 valid=1.0000 routes=14.319 grad=4.6991 seconds=38.3
Epoch 3188/5000: score=17.155528 loss=-0.488417 valid=1.0000 routes=13.761 grad=4.9425 seconds=38.9
Epoch 3189/5000: score=17.764969 loss=-0.499859 valid=1.0000 routes=15.326 grad=4.9771 seconds=38.7
Epoch 3190/5000: score=17.431629 loss=-0.475322 valid=1.0000 routes=14.681 grad=4.7142 seconds=38.3
Epoch 3191/5000: score=17.446028 loss=-0.483586 valid=1.0000 routes=14.323 grad=5.1960 seconds=38.6
Epoch 3192/5000: score=17.090258 loss=-0.462667 valid=1.0000 routes=13.559 grad=4.9882 seconds=38.3
Epoch 3193/5000: score=15.741900 loss=-0.454113 valid=1.0000 routes=13.875 grad=4.6617 seconds=39.1
Epoch 3194/5000: score=16.894235 loss=-0.462519 valid=1.0000 routes=15.082 grad=4.8235 seconds=38.2
Epoch 3195/5000: score=17.155598 loss=-0.469312 valid=1.0000 routes=14.272 grad=4.6249 seconds=39.2
Epoch 3196/5000: score=17.322723 loss=-0.472184 valid=1.0000 routes=14.996 grad=4.9097 seconds=38.3
Epoch 3197/5000: score=16.960570 loss=-0.478508 valid=1.0000 routes=15.002 grad=4.8752 seconds=38.6
Epoch 3198/5000: score=16.787518 loss=-0.484557 valid=1.0000 routes=15.660 grad=4.7199 seconds=38.5
Epoch 3199/5000: score=17.553632 loss=-0.494595 valid=1.0000 routes=14.616 grad=4.9194 seconds=38.4
Epoch 3200/5000: score=17.907948 loss=-0.483704 valid=1.0000 routes=14.096 grad=5.3185 seconds=39.3
Epoch 3201/5000: score=16.289986 loss=-0.460180 valid=1.0000 routes=14.138 grad=4.6024 seconds=38.0
Epoch 3202/5000: score=16.995952 loss=-0.469982 valid=1.0000 routes=14.062 grad=4.7009 seconds=38.5
Epoch 3203/5000: score=16.195329 loss=-0.447154 valid=1.0000 routes=13.651 grad=4.1952 seconds=38.4
Epoch 3204/5000: score=17.534817 loss=-0.487032 valid=1.0000 routes=14.768 grad=5.2060 seconds=38.4
Epoch 3205/5000: score=17.942119 loss=-0.485483 valid=1.0000 routes=14.757 grad=5.2768 seconds=39.1
Epoch 3206/5000: score=16.810485 loss=-0.455466 valid=1.0000 routes=14.738 grad=4.6329 seconds=38.3
Epoch 3207/5000: score=16.671761 loss=-0.458626 valid=1.0000 routes=13.526 grad=4.5802 seconds=39.5
Epoch 3208/5000: score=16.957630 loss=-0.475968 valid=1.0000 routes=13.696 grad=5.0273 seconds=38.1
Epoch 3209/5000: score=17.714041 loss=-0.499537 valid=1.0000 routes=16.085 grad=5.1807 seconds=38.9
Epoch 3210/5000: score=17.172585 loss=-0.445652 valid=1.0000 routes=13.340 grad=4.9291 seconds=38.9
Epoch 3211/5000: score=16.426784 loss=-0.470315 valid=1.0000 routes=13.690 grad=4.6654 seconds=38.3
Epoch 3212/5000: score=16.652710 loss=-0.461601 valid=1.0000 routes=14.385 grad=4.4688 seconds=38.6
Epoch 3213/5000: score=16.866725 loss=-0.444800 valid=1.0000 routes=13.801 grad=4.5816 seconds=38.4
Epoch 3214/5000: score=16.498379 loss=-0.453075 valid=1.0000 routes=14.309 grad=4.4796 seconds=38.6
Epoch 3215/5000: score=17.026279 loss=-0.495586 valid=1.0000 routes=15.282 grad=5.4831 seconds=38.8
Epoch 3216/5000: score=16.107568 loss=-0.448836 valid=1.0000 routes=13.687 grad=4.3264 seconds=38.3
Epoch 3217/5000: score=18.046958 loss=-0.495074 valid=1.0000 routes=14.590 grad=5.6327 seconds=39.1
Epoch 3218/5000: score=17.932790 loss=-0.492709 valid=1.0000 routes=14.369 grad=5.0705 seconds=38.7
Epoch 3219/5000: score=17.395771 loss=-0.484972 valid=1.0000 routes=14.163 grad=5.4457 seconds=38.8
Epoch 3220/5000: score=17.290478 loss=-0.475962 valid=1.0000 routes=14.025 grad=4.9425 seconds=38.7
Epoch 3221/5000: score=17.307663 loss=-0.470646 valid=1.0000 routes=14.733 grad=5.0854 seconds=38.7
Epoch 3222/5000: score=17.872938 loss=-0.487179 valid=1.0000 routes=15.025 grad=4.9283 seconds=39.0
Epoch 3223/5000: score=16.179837 loss=-0.451662 valid=1.0000 routes=14.047 grad=4.4050 seconds=38.9
Epoch 3224/5000: score=17.709636 loss=-0.489780 valid=1.0000 routes=14.756 grad=5.0001 seconds=38.8
Epoch 3225/5000: score=17.986306 loss=-0.506126 valid=1.0000 routes=14.876 grad=5.0886 seconds=38.9
Epoch 3226/5000: score=16.841922 loss=-0.451975 valid=1.0000 routes=13.742 grad=5.4461 seconds=38.5
Epoch 3227/5000: score=16.131193 loss=-0.450777 valid=1.0000 routes=13.320 grad=5.4336 seconds=38.9
Epoch 3228/5000: score=16.719919 loss=-0.474230 valid=1.0000 routes=13.958 grad=4.5576 seconds=38.2
Epoch 3229/5000: score=16.293950 loss=-0.470286 valid=1.0000 routes=14.084 grad=4.8486 seconds=39.3
Epoch 3230/5000: score=17.312774 loss=-0.449714 valid=1.0000 routes=14.292 grad=4.4231 seconds=38.4
Epoch 3231/5000: score=16.618927 loss=-0.453746 valid=1.0000 routes=13.625 grad=4.9361 seconds=39.1
Epoch 3232/5000: score=16.492138 loss=-0.453212 valid=1.0000 routes=13.783 grad=4.8899 seconds=38.9
Epoch 3233/5000: score=16.989222 loss=-0.458102 valid=1.0000 routes=13.904 grad=4.7634 seconds=38.1
Epoch 3234/5000: score=16.805232 loss=-0.467184 valid=1.0000 routes=13.927 grad=4.6099 seconds=39.4
Epoch 3235/5000: score=17.311548 loss=-0.487822 valid=1.0000 routes=14.190 grad=5.0002 seconds=38.4
Epoch 3236/5000: score=16.314891 loss=-0.448595 valid=1.0000 routes=14.084 grad=4.4286 seconds=38.6
Epoch 3237/5000: score=17.475831 loss=-0.498174 valid=1.0000 routes=15.007 grad=5.0627 seconds=38.6
Epoch 3238/5000: score=16.528591 loss=-0.473192 valid=1.0000 routes=14.338 grad=4.6796 seconds=38.5
Epoch 3239/5000: score=16.319065 loss=-0.447846 valid=1.0000 routes=13.794 grad=4.2470 seconds=39.0
Epoch 3240/5000: score=15.904437 loss=-0.433798 valid=1.0000 routes=13.494 grad=4.2197 seconds=38.8
Epoch 3241/5000: score=17.286276 loss=-0.478717 valid=1.0000 routes=14.832 grad=4.8832 seconds=39.0
Epoch 3242/5000: score=16.336799 loss=-0.454854 valid=1.0000 routes=13.815 grad=4.6558 seconds=38.7
Epoch 3243/5000: score=17.905894 loss=-0.507873 valid=1.0000 routes=14.557 grad=5.2700 seconds=38.4
Epoch 3244/5000: score=17.626267 loss=-0.480458 valid=1.0000 routes=14.563 grad=5.4178 seconds=38.4
Epoch 3245/5000: score=16.278942 loss=-0.456174 valid=1.0000 routes=14.140 grad=5.1153 seconds=38.3
Epoch 3246/5000: score=17.526623 loss=-0.478872 valid=1.0000 routes=13.733 grad=5.3580 seconds=39.2
Epoch 3247/5000: score=16.715856 loss=-0.462866 valid=1.0000 routes=14.115 grad=4.5850 seconds=38.8
Epoch 3248/5000: score=16.006788 loss=-0.449094 valid=1.0000 routes=13.849 grad=4.5372 seconds=38.9
Epoch 3249/5000: score=16.882451 loss=-0.483165 valid=1.0000 routes=14.872 grad=4.6612 seconds=38.4
Epoch 3250/5000: score=18.080267 loss=-0.491153 valid=1.0000 routes=13.903 grad=5.2872 seconds=38.3
Epoch 3251/5000: score=16.983627 loss=-0.490243 valid=1.0000 routes=14.747 grad=4.8048 seconds=39.4
Epoch 3252/5000: score=17.027325 loss=-0.482360 valid=1.0000 routes=14.402 grad=5.0497 seconds=38.2
Epoch 3253/5000: score=16.656814 loss=-0.468803 valid=1.0000 routes=13.775 grad=4.4589 seconds=39.0
Epoch 3254/5000: score=16.069523 loss=-0.449912 valid=1.0000 routes=13.851 grad=4.7212 seconds=38.8
Epoch 3255/5000: score=17.759013 loss=-0.484347 valid=1.0000 routes=14.923 grad=5.3431 seconds=38.3
Epoch 3256/5000: score=16.807981 loss=-0.467302 valid=1.0000 routes=13.062 grad=4.7882 seconds=39.4
Epoch 3257/5000: score=16.490468 loss=-0.464727 valid=1.0000 routes=13.837 grad=4.9535 seconds=38.2
Epoch 3258/5000: score=17.518503 loss=-0.487862 valid=1.0000 routes=15.690 grad=5.1936 seconds=39.0
Epoch 3259/5000: score=17.791100 loss=-0.487563 valid=1.0000 routes=14.683 grad=4.9603 seconds=38.5
Epoch 3260/5000: score=16.091233 loss=-0.439097 valid=1.0000 routes=14.198 grad=4.3061 seconds=38.8
Epoch 3261/5000: score=18.452127 loss=-0.511553 valid=1.0000 routes=15.583 grad=5.3658 seconds=39.0
Epoch 3262/5000: score=17.716634 loss=-0.476185 valid=1.0000 routes=14.129 grad=4.9381 seconds=37.8
Epoch 3263/5000: score=17.477921 loss=-0.471329 valid=1.0000 routes=13.715 grad=4.7669 seconds=38.8
Epoch 3264/5000: score=16.403821 loss=-0.463557 valid=1.0000 routes=14.323 grad=4.3353 seconds=38.2
Epoch 3265/5000: score=17.427210 loss=-0.511939 valid=1.0000 routes=14.535 grad=5.4705 seconds=39.1
Epoch 3266/5000: score=17.483464 loss=-0.486267 valid=1.0000 routes=15.008 grad=5.2860 seconds=38.7
Epoch 3267/5000: score=17.852326 loss=-0.504858 valid=1.0000 routes=14.679 grad=5.6129 seconds=38.5
Epoch 3268/5000: score=15.738937 loss=-0.458353 valid=1.0000 routes=13.892 grad=4.5810 seconds=39.2
Epoch 3269/5000: score=16.842373 loss=-0.465009 valid=1.0000 routes=14.160 grad=5.0946 seconds=38.7
Epoch 3270/5000: score=17.331802 loss=-0.490830 valid=1.0000 routes=14.513 grad=5.1057 seconds=38.9
Epoch 3271/5000: score=18.386724 loss=-0.515304 valid=1.0000 routes=15.836 grad=5.4468 seconds=38.7
Epoch 3272/5000: score=16.069970 loss=-0.468975 valid=1.0000 routes=14.043 grad=4.7611 seconds=38.5
Epoch 3273/5000: score=17.298122 loss=-0.465828 valid=1.0000 routes=13.564 grad=4.6087 seconds=38.8
Epoch 3274/5000: score=17.290586 loss=-0.490446 valid=1.0000 routes=15.371 grad=5.3424 seconds=38.3
Epoch 3275/5000: score=17.506700 loss=-0.494270 valid=1.0000 routes=15.260 grad=5.2665 seconds=39.0
Epoch 3276/5000: score=16.710129 loss=-0.453299 valid=1.0000 routes=12.797 grad=5.2185 seconds=38.6
Epoch 3277/5000: score=16.721629 loss=-0.461684 valid=1.0000 routes=14.630 grad=4.6048 seconds=38.6
Epoch 3278/5000: score=17.566347 loss=-0.503932 valid=1.0000 routes=15.359 grad=5.6116 seconds=38.9
Epoch 3279/5000: score=17.129742 loss=-0.494855 valid=1.0000 routes=14.566 grad=5.5289 seconds=38.6
Epoch 3280/5000: score=17.614402 loss=-0.506998 valid=1.0000 routes=14.862 grad=5.4223 seconds=39.4
Epoch 3281/5000: score=17.831050 loss=-0.496181 valid=1.0000 routes=14.221 grad=5.2123 seconds=38.5
Epoch 3282/5000: score=17.141442 loss=-0.470394 valid=1.0000 routes=14.220 grad=4.6311 seconds=39.0
Epoch 3283/5000: score=18.358975 loss=-0.512490 valid=1.0000 routes=14.313 grad=5.5447 seconds=39.0
Epoch 3284/5000: score=17.912449 loss=-0.503789 valid=1.0000 routes=15.255 grad=5.3628 seconds=37.9
Epoch 3285/5000: score=17.097019 loss=-0.473357 valid=1.0000 routes=13.853 grad=4.9556 seconds=39.4
Epoch 3286/5000: score=16.978458 loss=-0.485600 valid=1.0000 routes=14.329 grad=4.8805 seconds=38.3
Epoch 3287/5000: score=16.814408 loss=-0.468317 valid=1.0000 routes=13.710 grad=4.7645 seconds=39.2
Epoch 3288/5000: score=16.873260 loss=-0.448291 valid=1.0000 routes=13.650 grad=4.6319 seconds=39.0
Epoch 3289/5000: score=17.257924 loss=-0.496902 valid=1.0000 routes=14.375 grad=5.0645 seconds=38.3
Epoch 3290/5000: score=16.780610 loss=-0.450195 valid=1.0000 routes=14.166 grad=4.5158 seconds=39.4
Epoch 3291/5000: score=16.995994 loss=-0.450761 valid=1.0000 routes=14.123 grad=4.7443 seconds=37.9
Epoch 3292/5000: score=16.993098 loss=-0.468818 valid=1.0000 routes=14.280 grad=5.0939 seconds=38.7
Epoch 3293/5000: score=17.340021 loss=-0.472969 valid=1.0000 routes=14.468 grad=5.2745 seconds=38.1
Epoch 3294/5000: score=17.072782 loss=-0.475230 valid=1.0000 routes=14.403 grad=4.7692 seconds=38.3
Epoch 3295/5000: score=18.007185 loss=-0.489627 valid=1.0000 routes=14.667 grad=5.4694 seconds=38.7
Epoch 3296/5000: score=16.456535 loss=-0.444881 valid=1.0000 routes=13.808 grad=4.6458 seconds=38.2
Epoch 3297/5000: score=15.991670 loss=-0.419626 valid=1.0000 routes=14.060 grad=4.0731 seconds=38.8
Epoch 3298/5000: score=16.934180 loss=-0.457092 valid=1.0000 routes=13.959 grad=5.0327 seconds=38.4
Epoch 3299/5000: score=17.612542 loss=-0.475842 valid=1.0000 routes=14.481 grad=5.0411 seconds=38.3
Epoch 3300/5000: score=17.530843 loss=-0.474782 valid=1.0000 routes=14.814 grad=5.1727 seconds=39.0
Epoch 3301/5000: score=16.777195 loss=-0.452483 valid=1.0000 routes=13.624 grad=4.6462 seconds=38.6
Epoch 3302/5000: score=17.076436 loss=-0.488600 valid=1.0000 routes=15.120 grad=4.9807 seconds=39.0
Epoch 3303/5000: score=16.542303 loss=-0.442760 valid=1.0000 routes=13.987 grad=4.1037 seconds=38.0
Epoch 3304/5000: score=16.871271 loss=-0.466709 valid=1.0000 routes=14.517 grad=4.7416 seconds=39.0
Epoch 3305/5000: score=17.198255 loss=-0.498221 valid=1.0000 routes=15.325 grad=5.6501 seconds=38.4
Epoch 3306/5000: score=17.021908 loss=-0.481928 valid=1.0000 routes=13.897 grad=4.9311 seconds=38.5
Epoch 3307/5000: score=16.972932 loss=-0.463706 valid=1.0000 routes=14.250 grad=5.5705 seconds=39.1
Epoch 3308/5000: score=15.699986 loss=-0.417737 valid=1.0000 routes=13.136 grad=4.7172 seconds=38.1
Epoch 3309/5000: score=16.901463 loss=-0.478795 valid=1.0000 routes=14.342 grad=4.9828 seconds=38.8
Epoch 3310/5000: score=16.136926 loss=-0.431890 valid=1.0000 routes=13.730 grad=4.1551 seconds=38.5
Epoch 3311/5000: score=16.655636 loss=-0.469738 valid=1.0000 routes=14.091 grad=4.6515 seconds=38.2
Epoch 3312/5000: score=18.113068 loss=-0.525979 valid=1.0000 routes=15.196 grad=5.5629 seconds=39.3
Epoch 3313/5000: score=16.270809 loss=-0.447654 valid=1.0000 routes=13.956 grad=4.4771 seconds=38.2
Epoch 3314/5000: score=17.521275 loss=-0.461912 valid=1.0000 routes=14.069 grad=4.9706 seconds=39.0
Epoch 3315/5000: score=17.452087 loss=-0.472961 valid=1.0000 routes=13.947 grad=5.6583 seconds=38.0
Epoch 3316/5000: score=17.351782 loss=-0.470557 valid=1.0000 routes=14.032 grad=4.9599 seconds=38.2
Epoch 3317/5000: score=16.886330 loss=-0.477622 valid=1.0000 routes=14.412 grad=4.6720 seconds=38.3
Epoch 3318/5000: score=16.638068 loss=-0.482473 valid=1.0000 routes=13.282 grad=5.0483 seconds=38.4
Epoch 3319/5000: score=16.722737 loss=-0.456194 valid=1.0000 routes=13.967 grad=5.1139 seconds=38.9
Epoch 3320/5000: score=17.948155 loss=-0.473134 valid=1.0000 routes=14.230 grad=5.0590 seconds=38.0
Epoch 3321/5000: score=17.181169 loss=-0.458585 valid=1.0000 routes=13.746 grad=4.5289 seconds=38.7
Epoch 3322/5000: score=15.888415 loss=-0.426147 valid=1.0000 routes=13.706 grad=4.2844 seconds=38.1
Epoch 3323/5000: score=16.509530 loss=-0.422669 valid=1.0000 routes=13.722 grad=4.7413 seconds=38.3
Epoch 3324/5000: score=16.275986 loss=-0.464767 valid=1.0000 routes=13.794 grad=4.5353 seconds=39.3
Epoch 3325/5000: score=16.733076 loss=-0.482444 valid=1.0000 routes=14.794 grad=5.2274 seconds=38.2
Epoch 3326/5000: score=16.958712 loss=-0.454427 valid=1.0000 routes=13.849 grad=4.8133 seconds=38.8
Epoch 3327/5000: score=17.297999 loss=-0.462006 valid=1.0000 routes=13.726 grad=4.7311 seconds=38.6
Epoch 3328/5000: score=17.652883 loss=-0.465508 valid=1.0000 routes=13.364 grad=5.3711 seconds=38.4
Epoch 3329/5000: score=17.354127 loss=-0.471348 valid=1.0000 routes=14.454 grad=5.0308 seconds=38.5
>> Invalid instances, Re-generating ...
Epoch 3330/5000: score=17.247859 loss=-0.464827 valid=1.0000 routes=13.982 grad=4.8608 seconds=38.4
Epoch 3331/5000: score=18.123588 loss=-0.500979 valid=1.0000 routes=14.687 grad=5.8450 seconds=38.2
Epoch 3332/5000: score=16.916015 loss=-0.475933 valid=1.0000 routes=14.858 grad=4.8144 seconds=38.6
Epoch 3333/5000: score=16.865500 loss=-0.474627 valid=1.0000 routes=14.412 grad=5.4624 seconds=38.7
Epoch 3334/5000: score=17.822193 loss=-0.485151 valid=1.0000 routes=14.742 grad=4.9134 seconds=38.7
Epoch 3335/5000: score=16.876613 loss=-0.439447 valid=1.0000 routes=13.729 grad=4.3785 seconds=38.3
Epoch 3336/5000: score=16.416000 loss=-0.431218 valid=1.0000 routes=13.559 grad=4.6605 seconds=38.8
Epoch 3337/5000: score=17.029577 loss=-0.478357 valid=1.0000 routes=14.716 grad=5.3538 seconds=38.4
Epoch 3338/5000: score=16.463065 loss=-0.451608 valid=1.0000 routes=13.574 grad=4.6119 seconds=38.7
Epoch 3339/5000: score=17.958139 loss=-0.514271 valid=1.0000 routes=15.355 grad=5.8573 seconds=39.0
Epoch 3340/5000: score=16.675101 loss=-0.468231 valid=1.0000 routes=14.185 grad=4.8310 seconds=38.2
Epoch 3341/5000: score=17.289031 loss=-0.496158 valid=1.0000 routes=14.793 grad=5.0557 seconds=39.4
Epoch 3342/5000: score=18.460310 loss=-0.529875 valid=1.0000 routes=15.723 grad=5.9048 seconds=37.6
Epoch 3343/5000: score=17.297148 loss=-0.502349 valid=1.0000 routes=14.112 grad=5.4186 seconds=38.7
Epoch 3344/5000: score=16.058076 loss=-0.444411 valid=1.0000 routes=14.277 grad=4.4083 seconds=38.5
Epoch 3345/5000: score=17.508741 loss=-0.496599 valid=1.0000 routes=15.358 grad=5.3228 seconds=38.4
Epoch 3346/5000: score=17.538222 loss=-0.474205 valid=1.0000 routes=14.143 grad=4.9870 seconds=39.1
Epoch 3347/5000: score=16.985516 loss=-0.447429 valid=1.0000 routes=13.659 grad=5.0998 seconds=38.3
Epoch 3348/5000: score=17.672766 loss=-0.491674 valid=1.0000 routes=14.370 grad=5.0300 seconds=39.0
Epoch 3349/5000: score=18.481425 loss=-0.515282 valid=1.0000 routes=15.149 grad=5.3358 seconds=38.5
Epoch 3350/5000: score=18.096616 loss=-0.535016 valid=1.0000 routes=14.715 grad=5.5001 seconds=38.6
Epoch 3351/5000: score=17.101735 loss=-0.488280 valid=1.0000 routes=14.975 grad=5.0911 seconds=38.8
>> Invalid instances, Re-generating ...
Epoch 3352/5000: score=18.507292 loss=-0.504705 valid=1.0000 routes=15.083 grad=5.5405 seconds=38.2
Epoch 3353/5000: score=17.250848 loss=-0.454322 valid=1.0000 routes=14.216 grad=4.8008 seconds=38.1
Epoch 3354/5000: score=17.236118 loss=-0.497872 valid=1.0000 routes=14.365 grad=5.0725 seconds=38.7
Epoch 3355/5000: score=18.300174 loss=-0.493931 valid=1.0000 routes=14.377 grad=5.5828 seconds=38.7
Epoch 3356/5000: score=17.133055 loss=-0.476090 valid=1.0000 routes=14.621 grad=4.7440 seconds=38.9
Epoch 3357/5000: score=18.437906 loss=-0.520895 valid=1.0000 routes=15.159 grad=6.0948 seconds=38.1
Epoch 3358/5000: score=18.564834 loss=-0.512867 valid=1.0000 routes=15.374 grad=5.2757 seconds=38.5
Epoch 3359/5000: score=16.560192 loss=-0.437568 valid=1.0000 routes=13.298 grad=5.3551 seconds=38.4
Epoch 3360/5000: score=17.919067 loss=-0.470132 valid=1.0000 routes=14.133 grad=5.6890 seconds=38.4
Epoch 3361/5000: score=15.820272 loss=-0.431312 valid=1.0000 routes=13.503 grad=4.3085 seconds=39.1
Epoch 3362/5000: score=17.054027 loss=-0.472642 valid=1.0000 routes=14.641 grad=4.6351 seconds=38.0
Epoch 3363/5000: score=17.679655 loss=-0.475848 valid=1.0000 routes=13.937 grad=5.1603 seconds=39.3
Epoch 3364/5000: score=17.058620 loss=-0.478022 valid=1.0000 routes=14.259 grad=4.9016 seconds=38.2
Epoch 3365/5000: score=15.963063 loss=-0.439775 valid=1.0000 routes=13.981 grad=4.6990 seconds=39.0
Epoch 3366/5000: score=16.736382 loss=-0.445632 valid=1.0000 routes=14.013 grad=4.3943 seconds=38.5
Epoch 3367/5000: score=16.200311 loss=-0.440602 valid=1.0000 routes=13.760 grad=4.3843 seconds=38.3
Epoch 3368/5000: score=16.120988 loss=-0.444532 valid=1.0000 routes=14.108 grad=4.5482 seconds=39.1
Epoch 3369/5000: score=17.595596 loss=-0.482017 valid=1.0000 routes=14.597 grad=5.2510 seconds=38.3
Epoch 3370/5000: score=17.264452 loss=-0.496447 valid=1.0000 routes=15.100 grad=5.2828 seconds=39.2
Epoch 3371/5000: score=17.131563 loss=-0.474648 valid=1.0000 routes=14.392 grad=4.9041 seconds=38.5
Epoch 3372/5000: score=18.466746 loss=-0.523555 valid=1.0000 routes=14.744 grad=5.6671 seconds=38.8
Epoch 3373/5000: score=17.612169 loss=-0.470574 valid=1.0000 routes=14.284 grad=5.0289 seconds=38.5
Epoch 3374/5000: score=17.887465 loss=-0.505437 valid=1.0000 routes=14.877 grad=5.7324 seconds=38.4
Epoch 3375/5000: score=16.592805 loss=-0.448805 valid=1.0000 routes=14.097 grad=5.0059 seconds=38.7
Epoch 3376/5000: score=17.537158 loss=-0.491858 valid=1.0000 routes=14.339 grad=5.0929 seconds=38.2
Epoch 3377/5000: score=18.713355 loss=-0.504522 valid=1.0000 routes=15.550 grad=5.5142 seconds=38.6
Epoch 3378/5000: score=16.709989 loss=-0.469729 valid=1.0000 routes=14.637 grad=4.8952 seconds=38.6
Epoch 3379/5000: score=16.673209 loss=-0.440331 valid=1.0000 routes=14.039 grad=4.8154 seconds=38.4
Epoch 3380/5000: score=18.131885 loss=-0.495384 valid=1.0000 routes=14.671 grad=5.2197 seconds=38.8
Epoch 3381/5000: score=17.864299 loss=-0.488793 valid=1.0000 routes=14.608 grad=5.4114 seconds=38.3
Epoch 3382/5000: score=18.704523 loss=-0.516635 valid=1.0000 routes=15.599 grad=5.9301 seconds=38.7
Epoch 3383/5000: score=17.520992 loss=-0.487010 valid=1.0000 routes=14.180 grad=5.4694 seconds=39.0
Epoch 3384/5000: score=16.806594 loss=-0.454725 valid=1.0000 routes=14.189 grad=4.8737 seconds=38.4
Epoch 3385/5000: score=17.292477 loss=-0.514643 valid=1.0000 routes=14.767 grad=5.2211 seconds=39.4
Epoch 3386/5000: score=17.471688 loss=-0.502231 valid=1.0000 routes=14.724 grad=5.3142 seconds=38.5
Epoch 3387/5000: score=17.519831 loss=-0.484985 valid=1.0000 routes=13.858 grad=4.9715 seconds=38.5
Epoch 3388/5000: score=17.004572 loss=-0.470385 valid=1.0000 routes=13.894 grad=5.1557 seconds=39.0
Epoch 3389/5000: score=17.243519 loss=-0.465874 valid=1.0000 routes=14.145 grad=4.9660 seconds=38.6
Epoch 3390/5000: score=17.132260 loss=-0.478058 valid=1.0000 routes=14.699 grad=4.7054 seconds=39.0
Epoch 3391/5000: score=16.748938 loss=-0.451761 valid=1.0000 routes=14.132 grad=5.2798 seconds=37.9
Epoch 3392/5000: score=17.352997 loss=-0.472074 valid=1.0000 routes=14.826 grad=5.3554 seconds=38.8
Epoch 3393/5000: score=16.950368 loss=-0.465644 valid=1.0000 routes=14.228 grad=4.9997 seconds=38.7
Epoch 3394/5000: score=17.102107 loss=-0.472579 valid=1.0000 routes=13.864 grad=5.2496 seconds=38.8
Epoch 3395/5000: score=16.812260 loss=-0.467993 valid=1.0000 routes=13.592 grad=4.8659 seconds=38.9
Epoch 3396/5000: score=16.902207 loss=-0.465090 valid=1.0000 routes=14.094 grad=4.6683 seconds=38.1
Epoch 3397/5000: score=16.967139 loss=-0.452925 valid=1.0000 routes=13.894 grad=4.8774 seconds=38.9
Epoch 3398/5000: score=17.619384 loss=-0.510637 valid=1.0000 routes=15.658 grad=5.3698 seconds=38.3
Epoch 3399/5000: score=17.910919 loss=-0.469782 valid=1.0000 routes=14.739 grad=5.3950 seconds=39.3
Epoch 3400/5000: score=16.197353 loss=-0.453054 valid=1.0000 routes=13.867 grad=4.3621 seconds=38.8
Epoch 3401/5000: score=15.944175 loss=-0.420819 valid=1.0000 routes=13.351 grad=4.4242 seconds=38.4
Epoch 3402/5000: score=18.272970 loss=-0.517549 valid=1.0000 routes=14.703 grad=5.6443 seconds=39.3
Epoch 3403/5000: score=17.929819 loss=-0.505133 valid=1.0000 routes=14.499 grad=5.3027 seconds=38.5
Epoch 3404/5000: score=17.531334 loss=-0.481086 valid=1.0000 routes=14.175 grad=5.5867 seconds=38.8
Epoch 3405/5000: score=16.294151 loss=-0.440649 valid=1.0000 routes=13.537 grad=4.5243 seconds=38.8
Epoch 3406/5000: score=17.515832 loss=-0.474353 valid=1.0000 routes=14.190 grad=4.8959 seconds=38.5
Epoch 3407/5000: score=18.196888 loss=-0.512886 valid=1.0000 routes=15.069 grad=5.6927 seconds=38.8
Epoch 3408/5000: score=17.516183 loss=-0.496643 valid=1.0000 routes=15.275 grad=5.5206 seconds=38.3
Epoch 3409/5000: score=17.524144 loss=-0.460530 valid=1.0000 routes=14.388 grad=5.5017 seconds=39.0
Epoch 3410/5000: score=17.826671 loss=-0.486568 valid=1.0000 routes=14.512 grad=5.9598 seconds=38.2
Epoch 3411/5000: score=16.557812 loss=-0.457286 valid=1.0000 routes=13.426 grad=5.2653 seconds=38.8
Epoch 3412/5000: score=15.831545 loss=-0.422088 valid=1.0000 routes=13.921 grad=4.4499 seconds=38.8
Epoch 3413/5000: score=15.898018 loss=-0.435233 valid=1.0000 routes=14.120 grad=4.3610 seconds=38.0
Epoch 3414/5000: score=17.714071 loss=-0.504822 valid=1.0000 routes=15.740 grad=4.9610 seconds=39.0
Epoch 3415/5000: score=16.633699 loss=-0.453250 valid=1.0000 routes=14.233 grad=4.6401 seconds=38.5
Epoch 3416/5000: score=16.303324 loss=-0.455176 valid=1.0000 routes=13.219 grad=4.5858 seconds=38.8
Epoch 3417/5000: score=18.378637 loss=-0.516788 valid=1.0000 routes=14.875 grad=5.6274 seconds=39.4
Epoch 3418/5000: score=16.491120 loss=-0.480586 valid=1.0000 routes=14.447 grad=5.0090 seconds=38.6
Epoch 3419/5000: score=17.189616 loss=-0.485941 valid=1.0000 routes=14.829 grad=4.8675 seconds=39.9
Epoch 3420/5000: score=16.979327 loss=-0.475210 valid=1.0000 routes=14.378 grad=5.3610 seconds=38.1
Epoch 3421/5000: score=17.152095 loss=-0.473633 valid=1.0000 routes=14.448 grad=4.8973 seconds=38.9
Epoch 3422/5000: score=17.023219 loss=-0.459916 valid=1.0000 routes=14.308 grad=4.8919 seconds=38.8
Epoch 3423/5000: score=16.394587 loss=-0.466659 valid=1.0000 routes=14.754 grad=4.6077 seconds=39.0
Epoch 3424/5000: score=17.569791 loss=-0.470189 valid=1.0000 routes=14.405 grad=5.3312 seconds=39.4
Epoch 3425/5000: score=17.839961 loss=-0.510668 valid=1.0000 routes=15.487 grad=5.3818 seconds=37.8
Epoch 3426/5000: score=16.711459 loss=-0.457215 valid=1.0000 routes=13.846 grad=5.1179 seconds=38.6
Epoch 3427/5000: score=16.538192 loss=-0.470742 valid=1.0000 routes=14.838 grad=4.9227 seconds=38.7
Epoch 3428/5000: score=16.860818 loss=-0.451446 valid=1.0000 routes=14.283 grad=5.4073 seconds=38.3
Epoch 3429/5000: score=17.130751 loss=-0.471228 valid=1.0000 routes=14.120 grad=4.8611 seconds=38.8
Epoch 3430/5000: score=17.463908 loss=-0.458671 valid=1.0000 routes=13.922 grad=4.7913 seconds=38.4
Epoch 3431/5000: score=16.287013 loss=-0.429182 valid=1.0000 routes=13.901 grad=4.5015 seconds=38.7
Epoch 3432/5000: score=18.368532 loss=-0.533472 valid=1.0000 routes=15.209 grad=5.9977 seconds=38.1
>> Invalid instances, Re-generating ...
Epoch 3433/5000: score=16.728316 loss=-0.472379 valid=1.0000 routes=14.532 grad=4.8879 seconds=38.7
Epoch 3434/5000: score=17.784364 loss=-0.489014 valid=1.0000 routes=14.995 grad=5.6525 seconds=39.3
Epoch 3435/5000: score=16.757380 loss=-0.465842 valid=1.0000 routes=14.719 grad=4.7355 seconds=38.0
Epoch 3436/5000: score=16.641518 loss=-0.437620 valid=1.0000 routes=13.112 grad=4.9734 seconds=38.5
Epoch 3437/5000: score=16.603800 loss=-0.460865 valid=1.0000 routes=14.352 grad=4.5079 seconds=37.9
Epoch 3438/5000: score=17.095195 loss=-0.462263 valid=1.0000 routes=13.677 grad=5.0080 seconds=38.2
Epoch 3439/5000: score=17.062203 loss=-0.463133 valid=1.0000 routes=13.604 grad=5.2508 seconds=38.6
Epoch 3440/5000: score=16.411290 loss=-0.457564 valid=1.0000 routes=14.197 grad=5.2443 seconds=38.5
Epoch 3441/5000: score=16.904211 loss=-0.468662 valid=1.0000 routes=13.818 grad=5.0325 seconds=39.2
Epoch 3442/5000: score=16.878371 loss=-0.457796 valid=1.0000 routes=14.078 grad=4.7687 seconds=38.3
Epoch 3443/5000: score=17.396752 loss=-0.479777 valid=1.0000 routes=14.240 grad=5.6009 seconds=38.3
Epoch 3444/5000: score=17.054389 loss=-0.469873 valid=1.0000 routes=14.986 grad=5.2254 seconds=38.4
Epoch 3445/5000: score=17.355939 loss=-0.477788 valid=1.0000 routes=14.537 grad=4.8604 seconds=38.1
Epoch 3446/5000: score=16.511404 loss=-0.454331 valid=1.0000 routes=14.280 grad=4.9782 seconds=38.8
Epoch 3447/5000: score=16.322180 loss=-0.459145 valid=1.0000 routes=14.114 grad=4.6688 seconds=38.4
Epoch 3448/5000: score=16.528439 loss=-0.447949 valid=1.0000 routes=13.263 grad=4.7233 seconds=39.0
Epoch 3449/5000: score=16.688918 loss=-0.481602 valid=1.0000 routes=14.351 grad=5.1237 seconds=38.4
Epoch 3450/5000: score=16.886786 loss=-0.463995 valid=1.0000 routes=13.332 grad=5.0817 seconds=38.9
Epoch 3451/5000: score=18.898646 loss=-0.542917 valid=1.0000 routes=15.962 grad=5.7782 seconds=39.3
Epoch 3452/5000: score=17.839839 loss=-0.495596 valid=1.0000 routes=14.757 grad=5.1788 seconds=38.5
Epoch 3453/5000: score=17.845867 loss=-0.496975 valid=1.0000 routes=14.476 grad=5.1111 seconds=38.8
Epoch 3454/5000: score=16.431248 loss=-0.420471 valid=1.0000 routes=13.336 grad=4.4012 seconds=37.9
Epoch 3455/5000: score=16.602049 loss=-0.433719 valid=1.0000 routes=13.573 grad=4.3374 seconds=38.9
Epoch 3456/5000: score=17.191872 loss=-0.471509 valid=1.0000 routes=14.142 grad=4.8765 seconds=38.8
Epoch 3457/5000: score=16.726520 loss=-0.474734 valid=1.0000 routes=14.528 grad=5.1696 seconds=38.3
Epoch 3458/5000: score=17.068591 loss=-0.466263 valid=1.0000 routes=14.174 grad=4.9815 seconds=38.4
Epoch 3459/5000: score=17.005633 loss=-0.460103 valid=1.0000 routes=14.211 grad=4.8950 seconds=38.6
Epoch 3460/5000: score=16.232887 loss=-0.426213 valid=1.0000 routes=13.407 grad=4.5016 seconds=39.0
Epoch 3461/5000: score=17.163990 loss=-0.488410 valid=1.0000 routes=14.335 grad=5.1064 seconds=38.4
Epoch 3462/5000: score=17.394993 loss=-0.468717 valid=1.0000 routes=13.775 grad=4.9056 seconds=38.4
Epoch 3463/5000: score=17.229941 loss=-0.443468 valid=1.0000 routes=14.133 grad=4.8524 seconds=39.3
Epoch 3464/5000: score=17.203585 loss=-0.467572 valid=1.0000 routes=13.970 grad=5.7226 seconds=38.4
Epoch 3465/5000: score=16.547255 loss=-0.469768 valid=1.0000 routes=13.952 grad=4.8877 seconds=38.9
Epoch 3466/5000: score=16.393281 loss=-0.428706 valid=1.0000 routes=13.369 grad=4.4258 seconds=39.4
Epoch 3467/5000: score=16.643477 loss=-0.456882 valid=1.0000 routes=13.832 grad=4.6703 seconds=38.0
Epoch 3468/5000: score=16.216010 loss=-0.440427 valid=1.0000 routes=13.861 grad=4.6274 seconds=39.1
Epoch 3469/5000: score=17.528616 loss=-0.482593 valid=1.0000 routes=15.235 grad=5.1878 seconds=38.6
Epoch 3470/5000: score=17.865816 loss=-0.502925 valid=1.0000 routes=15.229 grad=5.2448 seconds=38.8
Epoch 3471/5000: score=16.608591 loss=-0.444760 valid=1.0000 routes=13.928 grad=4.6188 seconds=38.5
Epoch 3472/5000: score=17.773363 loss=-0.502174 valid=1.0000 routes=15.011 grad=5.3644 seconds=38.6
Epoch 3473/5000: score=16.304285 loss=-0.454493 valid=1.0000 routes=14.293 grad=4.5522 seconds=39.2
Epoch 3474/5000: score=17.745652 loss=-0.494535 valid=1.0000 routes=14.948 grad=5.0984 seconds=38.2
Epoch 3475/5000: score=16.979859 loss=-0.491925 valid=1.0000 routes=14.004 grad=5.2453 seconds=39.0
Epoch 3476/5000: score=17.266619 loss=-0.499621 valid=1.0000 routes=14.603 grad=5.4329 seconds=38.5
Epoch 3477/5000: score=16.697952 loss=-0.462997 valid=1.0000 routes=13.581 grad=4.7492 seconds=39.0
Epoch 3478/5000: score=17.349008 loss=-0.479512 valid=1.0000 routes=14.612 grad=4.9878 seconds=39.0
Epoch 3479/5000: score=16.569459 loss=-0.457271 valid=1.0000 routes=13.466 grad=4.5653 seconds=38.2
Epoch 3480/5000: score=16.331755 loss=-0.464947 valid=1.0000 routes=13.541 grad=4.6188 seconds=38.9
Epoch 3481/5000: score=16.804285 loss=-0.470308 valid=1.0000 routes=13.774 grad=4.8460 seconds=38.1
Epoch 3482/5000: score=17.296252 loss=-0.461625 valid=1.0000 routes=14.027 grad=4.7848 seconds=38.7
Epoch 3483/5000: score=17.156760 loss=-0.476379 valid=1.0000 routes=14.385 grad=5.0123 seconds=38.4
Epoch 3484/5000: score=16.835551 loss=-0.476907 valid=1.0000 routes=14.768 grad=4.7388 seconds=38.3
>> Invalid instances, Re-generating ...
Epoch 3485/5000: score=17.240290 loss=-0.476853 valid=1.0000 routes=14.438 grad=5.1221 seconds=39.3
Epoch 3486/5000: score=16.166437 loss=-0.451315 valid=1.0000 routes=13.947 grad=4.4927 seconds=38.8
Epoch 3487/5000: score=16.950142 loss=-0.465816 valid=1.0000 routes=14.551 grad=5.0507 seconds=39.0
Epoch 3488/5000: score=16.966260 loss=-0.479591 valid=1.0000 routes=14.219 grad=4.8362 seconds=39.2
Epoch 3489/5000: score=16.952980 loss=-0.467432 valid=1.0000 routes=14.195 grad=4.8524 seconds=38.6
Epoch 3490/5000: score=17.810102 loss=-0.488238 valid=1.0000 routes=14.556 grad=5.6054 seconds=39.1
Epoch 3491/5000: score=17.539051 loss=-0.462934 valid=1.0000 routes=14.196 grad=4.8589 seconds=38.5
Epoch 3492/5000: score=17.184860 loss=-0.475395 valid=1.0000 routes=14.138 grad=4.7891 seconds=39.2
Epoch 3493/5000: score=17.514338 loss=-0.476837 valid=1.0000 routes=14.177 grad=5.2376 seconds=39.1
Epoch 3494/5000: score=16.893397 loss=-0.475402 valid=1.0000 routes=14.144 grad=5.1768 seconds=38.3
Epoch 3495/5000: score=16.638048 loss=-0.461863 valid=1.0000 routes=14.209 grad=4.9950 seconds=38.6
Epoch 3496/5000: score=18.355534 loss=-0.501997 valid=1.0000 routes=15.443 grad=5.2013 seconds=38.3
Epoch 3497/5000: score=17.279812 loss=-0.509915 valid=1.0000 routes=15.262 grad=5.5451 seconds=39.2
Epoch 3498/5000: score=17.690254 loss=-0.531630 valid=1.0000 routes=15.187 grad=5.5022 seconds=38.3
Epoch 3499/5000: score=16.492622 loss=-0.472596 valid=1.0000 routes=13.551 grad=4.6110 seconds=38.7
>> Invalid instances, Re-generating ...
Epoch 3500/5000: score=17.342098 loss=-0.475044 valid=1.0000 routes=14.934 grad=4.8825 seconds=38.7
Epoch 3501/5000: score=17.104210 loss=-0.444668 valid=1.0000 routes=13.979 grad=4.6335 seconds=37.8
Epoch 3502/5000: score=17.856211 loss=-0.484974 valid=1.0000 routes=14.628 grad=5.3028 seconds=39.2
Epoch 3503/5000: score=16.200726 loss=-0.453705 valid=1.0000 routes=13.135 grad=4.6263 seconds=38.4
Epoch 3504/5000: score=17.205889 loss=-0.482962 valid=1.0000 routes=14.134 grad=5.4106 seconds=39.0
Epoch 3505/5000: score=18.410112 loss=-0.511749 valid=1.0000 routes=15.279 grad=5.9457 seconds=38.5
Epoch 3506/5000: score=17.636599 loss=-0.468411 valid=1.0000 routes=14.201 grad=5.2137 seconds=38.4
Epoch 3507/5000: score=18.295031 loss=-0.496844 valid=1.0000 routes=14.734 grad=5.5821 seconds=39.4
Epoch 3508/5000: score=16.602783 loss=-0.468062 valid=1.0000 routes=13.361 grad=5.1572 seconds=38.2
Epoch 3509/5000: score=16.024575 loss=-0.419579 valid=1.0000 routes=13.344 grad=4.4763 seconds=39.3
Epoch 3510/5000: score=16.539229 loss=-0.455150 valid=1.0000 routes=14.717 grad=4.6868 seconds=38.2
Epoch 3511/5000: score=16.957468 loss=-0.489534 valid=1.0000 routes=14.863 grad=5.1440 seconds=38.7
Epoch 3512/5000: score=18.192060 loss=-0.506086 valid=1.0000 routes=14.829 grad=5.6201 seconds=38.9
Epoch 3513/5000: score=17.579106 loss=-0.498987 valid=1.0000 routes=15.435 grad=5.6060 seconds=38.9
>> Invalid instances, Re-generating ...
Epoch 3514/5000: score=17.212620 loss=-0.475860 valid=1.0000 routes=14.346 grad=5.1176 seconds=39.2
Epoch 3515/5000: score=16.496619 loss=-0.460183 valid=1.0000 routes=14.287 grad=4.9166 seconds=38.5
Epoch 3516/5000: score=15.707607 loss=-0.447806 valid=1.0000 routes=13.357 grad=4.5566 seconds=39.1
Epoch 3517/5000: score=15.613800 loss=-0.439471 valid=1.0000 routes=12.806 grad=5.0761 seconds=38.8
Epoch 3518/5000: score=16.705593 loss=-0.443452 valid=1.0000 routes=13.646 grad=4.9296 seconds=38.5
Epoch 3519/5000: score=17.039750 loss=-0.462053 valid=1.0000 routes=14.551 grad=5.1040 seconds=38.4
Epoch 3520/5000: score=16.527693 loss=-0.451745 valid=1.0000 routes=13.904 grad=4.6745 seconds=38.3
Epoch 3521/5000: score=17.169028 loss=-0.463325 valid=1.0000 routes=14.417 grad=4.7215 seconds=38.6
Epoch 3522/5000: score=17.563099 loss=-0.491986 valid=1.0000 routes=15.164 grad=5.2206 seconds=38.8
Epoch 3523/5000: score=17.391545 loss=-0.471176 valid=1.0000 routes=14.879 grad=5.1080 seconds=38.4
Epoch 3524/5000: score=17.195098 loss=-0.482962 valid=1.0000 routes=14.587 grad=4.8832 seconds=39.1
Epoch 3525/5000: score=17.195878 loss=-0.457499 valid=1.0000 routes=14.074 grad=5.1333 seconds=38.7
Epoch 3526/5000: score=18.089780 loss=-0.505203 valid=1.0000 routes=14.778 grad=5.6120 seconds=39.0
Epoch 3527/5000: score=16.939734 loss=-0.463886 valid=1.0000 routes=14.326 grad=5.2998 seconds=38.6
Epoch 3528/5000: score=16.370529 loss=-0.447731 valid=1.0000 routes=13.543 grad=4.6007 seconds=38.5
Epoch 3529/5000: score=16.821556 loss=-0.458946 valid=1.0000 routes=13.447 grad=4.8360 seconds=38.7
Epoch 3530/5000: score=17.191854 loss=-0.449528 valid=1.0000 routes=14.070 grad=4.9324 seconds=38.3
Epoch 3531/5000: score=16.984344 loss=-0.461291 valid=1.0000 routes=14.392 grad=4.8217 seconds=38.8
Epoch 3532/5000: score=17.038588 loss=-0.458743 valid=1.0000 routes=14.217 grad=4.8578 seconds=38.1
Epoch 3533/5000: score=16.947730 loss=-0.500989 valid=1.0000 routes=14.405 grad=4.9946 seconds=38.6
Epoch 3534/5000: score=16.793356 loss=-0.474213 valid=1.0000 routes=14.610 grad=5.1369 seconds=38.8
Epoch 3535/5000: score=17.882754 loss=-0.478094 valid=1.0000 routes=14.434 grad=5.0506 seconds=38.3
Epoch 3536/5000: score=17.192670 loss=-0.456931 valid=1.0000 routes=14.517 grad=4.8599 seconds=39.3
Epoch 3537/5000: score=17.004165 loss=-0.472632 valid=1.0000 routes=14.461 grad=5.3014 seconds=38.5
Epoch 3538/5000: score=17.923437 loss=-0.498045 valid=1.0000 routes=14.924 grad=5.1684 seconds=38.7
Epoch 3539/5000: score=16.861351 loss=-0.453352 valid=1.0000 routes=14.076 grad=4.7782 seconds=38.5
Epoch 3540/5000: score=17.282011 loss=-0.490711 valid=1.0000 routes=15.381 grad=5.2300 seconds=38.8
Epoch 3541/5000: score=16.429764 loss=-0.447394 valid=1.0000 routes=13.677 grad=4.6804 seconds=39.3
Epoch 3542/5000: score=17.624675 loss=-0.484065 valid=1.0000 routes=15.001 grad=5.3749 seconds=38.6
Epoch 3543/5000: score=16.776515 loss=-0.437424 valid=1.0000 routes=13.953 grad=4.4211 seconds=39.3
Epoch 3544/5000: score=16.564922 loss=-0.437667 valid=1.0000 routes=13.291 grad=4.8212 seconds=38.3
Epoch 3545/5000: score=16.795876 loss=-0.453126 valid=1.0000 routes=13.630 grad=4.9290 seconds=38.9
Epoch 3546/5000: score=17.394425 loss=-0.465294 valid=1.0000 routes=13.759 grad=5.1503 seconds=39.2
Epoch 3547/5000: score=17.312167 loss=-0.460370 valid=1.0000 routes=13.778 grad=4.9601 seconds=38.3
Epoch 3548/5000: score=16.546506 loss=-0.470556 valid=1.0000 routes=13.658 grad=4.7506 seconds=39.6
Epoch 3549/5000: score=17.284229 loss=-0.465421 valid=1.0000 routes=14.401 grad=5.2343 seconds=38.4
Epoch 3550/5000: score=17.829599 loss=-0.501152 valid=1.0000 routes=15.084 grad=5.0763 seconds=39.0
Epoch 3551/5000: score=17.935086 loss=-0.480457 valid=1.0000 routes=14.646 grad=5.1605 seconds=38.8
Epoch 3552/5000: score=18.247455 loss=-0.513433 valid=1.0000 routes=15.366 grad=5.5328 seconds=38.4
Epoch 3553/5000: score=16.368475 loss=-0.471423 valid=1.0000 routes=14.310 grad=4.7857 seconds=39.5
Epoch 3554/5000: score=16.466159 loss=-0.447842 valid=1.0000 routes=14.090 grad=4.6298 seconds=37.9
Epoch 3555/5000: score=18.001259 loss=-0.496160 valid=1.0000 routes=14.549 grad=5.4219 seconds=38.7
Epoch 3556/5000: score=18.637494 loss=-0.493557 valid=1.0000 routes=14.970 grad=5.6305 seconds=38.8
Epoch 3557/5000: score=16.621593 loss=-0.451155 valid=1.0000 routes=13.777 grad=4.4307 seconds=38.2
Epoch 3558/5000: score=17.948448 loss=-0.484379 valid=1.0000 routes=15.373 grad=5.3586 seconds=39.2
Epoch 3559/5000: score=16.702079 loss=-0.449091 valid=1.0000 routes=14.527 grad=4.6297 seconds=38.2
Epoch 3560/5000: score=17.414977 loss=-0.483723 valid=1.0000 routes=15.042 grad=5.3818 seconds=39.0
Epoch 3561/5000: score=17.203159 loss=-0.459329 valid=1.0000 routes=14.494 grad=4.9931 seconds=38.3
Epoch 3562/5000: score=16.678670 loss=-0.433869 valid=1.0000 routes=13.813 grad=5.1480 seconds=38.6
Epoch 3563/5000: score=18.239586 loss=-0.497079 valid=1.0000 routes=14.829 grad=5.3538 seconds=38.6
Epoch 3564/5000: score=18.095539 loss=-0.482182 valid=1.0000 routes=14.560 grad=5.2208 seconds=37.6
Epoch 3565/5000: score=16.532324 loss=-0.463285 valid=1.0000 routes=14.166 grad=4.6685 seconds=38.6
Epoch 3566/5000: score=17.718520 loss=-0.468678 valid=1.0000 routes=14.532 grad=5.3406 seconds=38.2
Epoch 3567/5000: score=16.781254 loss=-0.451207 valid=1.0000 routes=13.578 grad=4.8079 seconds=38.4
Epoch 3568/5000: score=17.294876 loss=-0.481269 valid=1.0000 routes=14.681 grad=5.4154 seconds=38.8
Epoch 3569/5000: score=17.019966 loss=-0.483934 valid=1.0000 routes=14.849 grad=5.2253 seconds=38.3
>> Invalid instances, Re-generating ...
Epoch 3570/5000: score=17.032048 loss=-0.480212 valid=1.0000 routes=14.309 grad=4.8888 seconds=39.1
Epoch 3571/5000: score=18.162439 loss=-0.511612 valid=1.0000 routes=15.312 grad=5.7269 seconds=38.5
Epoch 3572/5000: score=15.712147 loss=-0.423993 valid=1.0000 routes=13.046 grad=4.3693 seconds=38.5
Epoch 3573/5000: score=16.868339 loss=-0.465599 valid=1.0000 routes=13.222 grad=5.0653 seconds=38.5
Epoch 3574/5000: score=16.656253 loss=-0.457883 valid=1.0000 routes=14.542 grad=4.6123 seconds=38.0
Epoch 3575/5000: score=18.195122 loss=-0.518995 valid=1.0000 routes=14.991 grad=6.1841 seconds=39.4
Epoch 3576/5000: score=16.728635 loss=-0.447339 valid=1.0000 routes=14.129 grad=4.5418 seconds=38.3
Epoch 3577/5000: score=17.697118 loss=-0.483509 valid=1.0000 routes=14.178 grad=5.2186 seconds=39.0
Epoch 3578/5000: score=15.061400 loss=-0.412625 valid=1.0000 routes=13.393 grad=4.0923 seconds=38.8
Epoch 3579/5000: score=16.522442 loss=-0.462276 valid=1.0000 routes=14.084 grad=5.5839 seconds=38.2
Epoch 3580/5000: score=16.492510 loss=-0.464648 valid=1.0000 routes=13.703 grad=4.8704 seconds=38.9
Epoch 3581/5000: score=16.675096 loss=-0.488275 valid=1.0000 routes=14.700 grad=5.3523 seconds=38.2
Epoch 3582/5000: score=16.474280 loss=-0.459441 valid=1.0000 routes=13.807 grad=4.9447 seconds=39.0
Epoch 3583/5000: score=16.850878 loss=-0.480422 valid=1.0000 routes=14.269 grad=5.0601 seconds=38.5
Epoch 3584/5000: score=16.935998 loss=-0.461545 valid=1.0000 routes=14.229 grad=4.8925 seconds=38.7
Epoch 3585/5000: score=16.696189 loss=-0.450093 valid=1.0000 routes=14.203 grad=4.9509 seconds=38.6
Epoch 3586/5000: score=18.033390 loss=-0.497680 valid=1.0000 routes=15.209 grad=5.7020 seconds=38.4
Epoch 3587/5000: score=16.656545 loss=-0.468532 valid=1.0000 routes=13.682 grad=4.8619 seconds=39.9
Epoch 3588/5000: score=16.842002 loss=-0.464537 valid=1.0000 routes=14.294 grad=4.8089 seconds=38.4
Epoch 3589/5000: score=16.706500 loss=-0.445777 valid=1.0000 routes=13.408 grad=4.7627 seconds=38.5
Epoch 3590/5000: score=17.779684 loss=-0.490164 valid=1.0000 routes=14.424 grad=5.1719 seconds=38.7
Epoch 3591/5000: score=16.097255 loss=-0.432815 valid=1.0000 routes=13.767 grad=4.9888 seconds=38.6
Epoch 3592/5000: score=16.846214 loss=-0.469549 valid=1.0000 routes=15.125 grad=5.4817 seconds=39.7
Epoch 3593/5000: score=17.362240 loss=-0.485223 valid=1.0000 routes=15.302 grad=5.3411 seconds=38.2
Epoch 3594/5000: score=17.254961 loss=-0.497257 valid=1.0000 routes=14.932 grad=5.1424 seconds=39.1
Epoch 3595/5000: score=17.512786 loss=-0.480254 valid=1.0000 routes=14.213 grad=5.1105 seconds=38.8
Epoch 3596/5000: score=17.646762 loss=-0.487077 valid=1.0000 routes=14.354 grad=5.0224 seconds=38.3
Epoch 3597/5000: score=16.312215 loss=-0.465106 valid=1.0000 routes=13.549 grad=4.6813 seconds=38.9
Epoch 3598/5000: score=16.979793 loss=-0.490660 valid=1.0000 routes=14.819 grad=4.8094 seconds=38.7
Epoch 3599/5000: score=17.292372 loss=-0.486906 valid=1.0000 routes=14.374 grad=4.9191 seconds=39.1
Epoch 3600/5000: score=17.265452 loss=-0.474412 valid=1.0000 routes=13.982 grad=5.4047 seconds=38.5
Epoch 3601/5000: score=18.066369 loss=-0.475688 valid=1.0000 routes=14.388 grad=5.8747 seconds=39.0
Epoch 3602/5000: score=17.489170 loss=-0.469608 valid=1.0000 routes=14.368 grad=5.1800 seconds=38.9
Epoch 3603/5000: score=17.702399 loss=-0.477322 valid=1.0000 routes=14.281 grad=5.1838 seconds=38.1
Epoch 3604/5000: score=17.504905 loss=-0.489104 valid=1.0000 routes=14.729 grad=5.7730 seconds=39.1
Epoch 3605/5000: score=15.802637 loss=-0.416556 valid=1.0000 routes=12.926 grad=4.3491 seconds=38.1
Epoch 3606/5000: score=16.144357 loss=-0.457169 valid=1.0000 routes=14.257 grad=4.5143 seconds=38.3
Epoch 3607/5000: score=16.799187 loss=-0.448293 valid=1.0000 routes=13.771 grad=5.0218 seconds=38.6
Epoch 3608/5000: score=17.875823 loss=-0.488801 valid=1.0000 routes=14.714 grad=5.5092 seconds=38.8
Epoch 3609/5000: score=16.804656 loss=-0.442824 valid=1.0000 routes=13.168 grad=4.7605 seconds=39.2
Epoch 3610/5000: score=17.271754 loss=-0.475687 valid=1.0000 routes=14.077 grad=5.2721 seconds=38.7
Epoch 3611/5000: score=16.831839 loss=-0.445060 valid=1.0000 routes=14.301 grad=4.7557 seconds=39.1
Epoch 3612/5000: score=16.845736 loss=-0.457946 valid=1.0000 routes=14.157 grad=5.0097 seconds=38.8
Epoch 3613/5000: score=16.736055 loss=-0.475514 valid=1.0000 routes=14.248 grad=5.0934 seconds=38.6
Epoch 3614/5000: score=18.460221 loss=-0.525055 valid=1.0000 routes=15.372 grad=5.6048 seconds=39.0
Epoch 3615/5000: score=17.448652 loss=-0.484400 valid=1.0000 routes=14.790 grad=5.1360 seconds=38.4
Epoch 3616/5000: score=16.164159 loss=-0.449303 valid=1.0000 routes=13.690 grad=4.6266 seconds=38.9
Epoch 3617/5000: score=17.014547 loss=-0.465243 valid=1.0000 routes=14.306 grad=5.1168 seconds=38.6
Epoch 3618/5000: score=17.686998 loss=-0.477297 valid=1.0000 routes=14.130 grad=5.3634 seconds=38.4
Epoch 3619/5000: score=17.049643 loss=-0.457676 valid=1.0000 routes=14.343 grad=4.6834 seconds=38.9
Epoch 3620/5000: score=16.719462 loss=-0.451682 valid=1.0000 routes=14.035 grad=4.8538 seconds=38.4
Epoch 3621/5000: score=16.296781 loss=-0.465721 valid=1.0000 routes=14.179 grad=5.5254 seconds=39.2
Epoch 3622/5000: score=16.799085 loss=-0.466576 valid=1.0000 routes=13.683 grad=4.9537 seconds=38.7
Epoch 3623/5000: score=17.567604 loss=-0.465849 valid=1.0000 routes=14.579 grad=5.4847 seconds=38.8
Epoch 3624/5000: score=16.070554 loss=-0.442631 valid=1.0000 routes=13.921 grad=4.4961 seconds=38.6
Epoch 3625/5000: score=18.852179 loss=-0.508766 valid=1.0000 routes=15.081 grad=6.4303 seconds=38.8
Epoch 3626/5000: score=17.849389 loss=-0.482744 valid=1.0000 routes=14.991 grad=5.0585 seconds=39.1
Epoch 3627/5000: score=17.373188 loss=-0.453960 valid=1.0000 routes=14.641 grad=4.8422 seconds=37.9
Epoch 3628/5000: score=15.953182 loss=-0.433278 valid=1.0000 routes=13.149 grad=4.4727 seconds=38.4
Epoch 3629/5000: score=17.799333 loss=-0.468983 valid=1.0000 routes=14.236 grad=5.5203 seconds=38.1
Epoch 3630/5000: score=16.238276 loss=-0.459822 valid=1.0000 routes=14.025 grad=4.5798 seconds=38.4
Epoch 3631/5000: score=16.982468 loss=-0.445349 valid=1.0000 routes=14.161 grad=4.7537 seconds=38.4
Epoch 3632/5000: score=17.087054 loss=-0.453970 valid=1.0000 routes=13.411 grad=5.0419 seconds=37.7
Epoch 3633/5000: score=16.917236 loss=-0.468588 valid=1.0000 routes=15.036 grad=5.1090 seconds=38.5
Epoch 3634/5000: score=17.054617 loss=-0.493689 valid=1.0000 routes=14.853 grad=5.0498 seconds=38.2
Epoch 3635/5000: score=16.556583 loss=-0.451115 valid=1.0000 routes=13.487 grad=4.9445 seconds=38.0
Epoch 3636/5000: score=17.742262 loss=-0.467220 valid=1.0000 routes=14.766 grad=5.2357 seconds=41.8
Epoch 3637/5000: score=17.125118 loss=-0.469402 valid=1.0000 routes=14.977 grad=4.9046 seconds=38.3
Epoch 3638/5000: score=17.530608 loss=-0.479046 valid=1.0000 routes=14.176 grad=5.3060 seconds=38.9
Epoch 3639/5000: score=17.931264 loss=-0.496269 valid=1.0000 routes=14.451 grad=5.2100 seconds=38.9
Epoch 3640/5000: score=17.253889 loss=-0.453128 valid=1.0000 routes=14.285 grad=5.1543 seconds=38.2
Epoch 3641/5000: score=17.166857 loss=-0.475072 valid=1.0000 routes=14.790 grad=5.1835 seconds=39.1
Epoch 3642/5000: score=17.114089 loss=-0.455142 valid=1.0000 routes=14.640 grad=5.0524 seconds=37.8
Epoch 3643/5000: score=17.528044 loss=-0.458855 valid=1.0000 routes=14.725 grad=5.0114 seconds=38.0
Epoch 3644/5000: score=16.949496 loss=-0.445385 valid=1.0000 routes=13.911 grad=4.8451 seconds=40.2
Epoch 3645/5000: score=17.853871 loss=-0.495528 valid=1.0000 routes=14.115 grad=5.5378 seconds=38.9
Epoch 3646/5000: score=16.342312 loss=-0.442739 valid=1.0000 routes=14.360 grad=4.4022 seconds=39.7
Epoch 3647/5000: score=17.734453 loss=-0.475571 valid=1.0000 routes=14.681 grad=5.3568 seconds=38.0
Epoch 3648/5000: score=17.901332 loss=-0.495105 valid=1.0000 routes=15.094 grad=5.1266 seconds=38.6
Epoch 3649/5000: score=17.992684 loss=-0.499714 valid=1.0000 routes=15.499 grad=5.8125 seconds=37.7
Epoch 3650/5000: score=17.103489 loss=-0.468376 valid=1.0000 routes=14.685 grad=4.7372 seconds=38.4
Epoch 3651/5000: score=17.586002 loss=-0.495226 valid=1.0000 routes=15.559 grad=5.3839 seconds=39.0
Epoch 3652/5000: score=17.694751 loss=-0.486387 valid=1.0000 routes=14.205 grad=5.4688 seconds=39.1
Epoch 3653/5000: score=17.001373 loss=-0.488102 valid=1.0000 routes=14.553 grad=5.0111 seconds=39.5
Epoch 3654/5000: score=17.513856 loss=-0.472948 valid=1.0000 routes=13.799 grad=5.0569 seconds=39.9
Epoch 3655/5000: score=17.449298 loss=-0.480217 valid=1.0000 routes=14.368 grad=5.5298 seconds=39.3
Epoch 3656/5000: score=16.661601 loss=-0.471756 valid=1.0000 routes=14.204 grad=4.8897 seconds=39.7
Epoch 3657/5000: score=16.741046 loss=-0.437573 valid=1.0000 routes=12.783 grad=4.5433 seconds=38.4
Epoch 3658/5000: score=17.275350 loss=-0.476988 valid=1.0000 routes=14.981 grad=5.2315 seconds=39.1
Epoch 3659/5000: score=17.127016 loss=-0.467849 valid=1.0000 routes=13.710 grad=4.8986 seconds=38.5
Epoch 3660/5000: score=17.080555 loss=-0.455896 valid=1.0000 routes=13.951 grad=4.8262 seconds=38.3
Epoch 3661/5000: score=16.914899 loss=-0.472825 valid=1.0000 routes=14.476 grad=4.9811 seconds=38.8
Epoch 3662/5000: score=17.636931 loss=-0.487163 valid=1.0000 routes=14.721 grad=5.7744 seconds=38.0
Epoch 3663/5000: score=17.312576 loss=-0.488048 valid=1.0000 routes=15.427 grad=5.1124 seconds=38.5
Epoch 3664/5000: score=17.007058 loss=-0.459306 valid=1.0000 routes=13.960 grad=4.9654 seconds=38.7
Epoch 3665/5000: score=16.265375 loss=-0.454633 valid=1.0000 routes=13.853 grad=4.5692 seconds=38.1
Epoch 3666/5000: score=16.952614 loss=-0.461896 valid=1.0000 routes=13.555 grad=4.9689 seconds=39.2
Epoch 3667/5000: score=16.332270 loss=-0.433597 valid=1.0000 routes=13.648 grad=4.5879 seconds=38.2
Epoch 3668/5000: score=16.330811 loss=-0.455950 valid=1.0000 routes=13.995 grad=4.8813 seconds=38.7
Epoch 3669/5000: score=16.717302 loss=-0.476639 valid=1.0000 routes=14.271 grad=5.1940 seconds=38.2
Epoch 3670/5000: score=17.108324 loss=-0.462228 valid=1.0000 routes=13.473 grad=4.9855 seconds=38.1
>> Invalid instances, Re-generating ...
Epoch 3671/5000: score=17.756488 loss=-0.460296 valid=1.0000 routes=14.408 grad=4.9205 seconds=38.4
Epoch 3672/5000: score=16.579557 loss=-0.465291 valid=1.0000 routes=14.348 grad=4.9787 seconds=38.8
Epoch 3673/5000: score=16.983704 loss=-0.477036 valid=1.0000 routes=14.970 grad=5.3077 seconds=38.4
Epoch 3674/5000: score=16.409196 loss=-0.455306 valid=1.0000 routes=13.882 grad=4.9587 seconds=38.4
Epoch 3675/5000: score=16.796299 loss=-0.461993 valid=1.0000 routes=14.442 grad=5.0439 seconds=37.9
Epoch 3676/5000: score=17.252500 loss=-0.466223 valid=1.0000 routes=13.739 grad=4.9574 seconds=38.6
Epoch 3677/5000: score=17.666947 loss=-0.446035 valid=1.0000 routes=14.045 grad=5.1744 seconds=38.2
Epoch 3678/5000: score=16.991781 loss=-0.468420 valid=1.0000 routes=14.364 grad=5.2556 seconds=37.9
Epoch 3679/5000: score=17.848530 loss=-0.501712 valid=1.0000 routes=14.951 grad=5.6176 seconds=38.4
Epoch 3680/5000: score=17.607787 loss=-0.505841 valid=1.0000 routes=14.875 grad=5.5023 seconds=38.0
Epoch 3681/5000: score=17.680140 loss=-0.493141 valid=1.0000 routes=15.232 grad=5.5394 seconds=39.3
Epoch 3682/5000: score=17.067488 loss=-0.442893 valid=1.0000 routes=13.872 grad=4.9350 seconds=38.3
Epoch 3683/5000: score=16.564933 loss=-0.454097 valid=1.0000 routes=13.170 grad=5.3375 seconds=38.9
Epoch 3684/5000: score=17.551040 loss=-0.479876 valid=1.0000 routes=14.069 grad=5.2622 seconds=38.4
Epoch 3685/5000: score=16.506147 loss=-0.460829 valid=1.0000 routes=14.955 grad=4.8860 seconds=38.3
Epoch 3686/5000: score=16.435913 loss=-0.452547 valid=1.0000 routes=14.301 grad=4.7694 seconds=38.8
Epoch 3687/5000: score=17.333387 loss=-0.469066 valid=1.0000 routes=14.296 grad=6.2808 seconds=38.7
Epoch 3688/5000: score=16.332801 loss=-0.457234 valid=1.0000 routes=13.347 grad=5.0689 seconds=38.3
Epoch 3689/5000: score=17.394881 loss=-0.474325 valid=1.0000 routes=14.558 grad=5.4583 seconds=38.6
Epoch 3690/5000: score=17.178302 loss=-0.469002 valid=1.0000 routes=14.577 grad=4.9486 seconds=38.5
Epoch 3691/5000: score=15.756382 loss=-0.420864 valid=1.0000 routes=13.291 grad=4.4257 seconds=38.6
Epoch 3692/5000: score=17.398337 loss=-0.492914 valid=1.0000 routes=14.101 grad=5.7920 seconds=38.5
Epoch 3693/5000: score=16.381222 loss=-0.448067 valid=1.0000 routes=13.771 grad=4.7770 seconds=37.6
Epoch 3694/5000: score=17.067416 loss=-0.478668 valid=1.0000 routes=14.835 grad=5.2103 seconds=38.7
Epoch 3695/5000: score=16.466272 loss=-0.440726 valid=1.0000 routes=14.102 grad=4.7842 seconds=38.5
Epoch 3696/5000: score=16.929980 loss=-0.461012 valid=1.0000 routes=14.101 grad=5.3203 seconds=38.3
Epoch 3697/5000: score=15.629187 loss=-0.440960 valid=1.0000 routes=14.143 grad=4.3224 seconds=38.6
Epoch 3698/5000: score=16.906270 loss=-0.457138 valid=1.0000 routes=13.989 grad=4.8308 seconds=38.1
Epoch 3699/5000: score=16.767314 loss=-0.443387 valid=1.0000 routes=13.936 grad=4.7452 seconds=38.8
Epoch 3700/5000: score=15.844855 loss=-0.433090 valid=1.0000 routes=13.290 grad=4.5570 seconds=37.9
Epoch 3701/5000: score=17.085197 loss=-0.482587 valid=1.0000 routes=14.470 grad=4.8947 seconds=38.4
Epoch 3702/5000: score=17.102580 loss=-0.455665 valid=1.0000 routes=14.666 grad=5.1045 seconds=38.3
Epoch 3703/5000: score=15.512061 loss=-0.415103 valid=1.0000 routes=12.904 grad=4.6126 seconds=38.4
Epoch 3704/5000: score=18.379955 loss=-0.501919 valid=1.0000 routes=14.245 grad=5.8937 seconds=38.9
Epoch 3705/5000: score=16.600151 loss=-0.450177 valid=1.0000 routes=13.563 grad=5.1505 seconds=38.1
Epoch 3706/5000: score=15.288802 loss=-0.422987 valid=1.0000 routes=12.673 grad=4.5152 seconds=38.4
Epoch 3707/5000: score=17.135103 loss=-0.452312 valid=1.0000 routes=14.055 grad=5.3212 seconds=38.4
Epoch 3708/5000: score=17.450343 loss=-0.489144 valid=1.0000 routes=14.544 grad=5.4092 seconds=38.1
Epoch 3709/5000: score=16.739438 loss=-0.433070 valid=1.0000 routes=13.352 grad=5.0850 seconds=38.4
Epoch 3710/5000: score=17.240691 loss=-0.511164 valid=1.0000 routes=15.543 grad=5.5441 seconds=38.3
Epoch 3711/5000: score=17.431586 loss=-0.465456 valid=1.0000 routes=13.933 grad=5.1815 seconds=38.4
Epoch 3712/5000: score=16.130516 loss=-0.457531 valid=1.0000 routes=13.834 grad=5.4915 seconds=38.6
Epoch 3713/5000: score=16.116219 loss=-0.452642 valid=1.0000 routes=14.161 grad=5.4097 seconds=38.1
Epoch 3714/5000: score=16.318698 loss=-0.459173 valid=1.0000 routes=13.895 grad=4.6358 seconds=38.5
Epoch 3715/5000: score=17.199617 loss=-0.474561 valid=1.0000 routes=14.796 grad=5.0491 seconds=38.5
Epoch 3716/5000: score=17.117131 loss=-0.458327 valid=1.0000 routes=13.284 grad=5.2271 seconds=38.2
Epoch 3717/5000: score=16.531276 loss=-0.474451 valid=1.0000 routes=13.989 grad=5.4832 seconds=38.5
Epoch 3718/5000: score=16.924788 loss=-0.443658 valid=1.0000 routes=13.867 grad=4.7494 seconds=37.7
Epoch 3719/5000: score=16.993196 loss=-0.433870 valid=1.0000 routes=13.724 grad=4.9014 seconds=38.5
Epoch 3720/5000: score=18.068950 loss=-0.477444 valid=1.0000 routes=14.144 grad=5.6696 seconds=38.4
Epoch 3721/5000: score=16.491538 loss=-0.454731 valid=1.0000 routes=13.643 grad=4.9451 seconds=38.8
Epoch 3722/5000: score=16.508105 loss=-0.468899 valid=1.0000 routes=14.298 grad=5.0485 seconds=39.0
Epoch 3723/5000: score=16.819456 loss=-0.465852 valid=1.0000 routes=13.804 grad=5.0095 seconds=38.3
Epoch 3724/5000: score=16.653900 loss=-0.467210 valid=1.0000 routes=13.915 grad=5.3566 seconds=38.8
Epoch 3725/5000: score=16.735427 loss=-0.464782 valid=1.0000 routes=14.078 grad=4.8240 seconds=38.9
Epoch 3726/5000: score=17.943343 loss=-0.506540 valid=1.0000 routes=14.604 grad=5.9250 seconds=38.7
Epoch 3727/5000: score=17.715342 loss=-0.491504 valid=1.0000 routes=15.398 grad=5.3065 seconds=38.6
Epoch 3728/5000: score=16.804677 loss=-0.472847 valid=1.0000 routes=14.615 grad=4.8849 seconds=38.1
Epoch 3729/5000: score=17.230353 loss=-0.472786 valid=1.0000 routes=14.241 grad=4.7820 seconds=38.3
Epoch 3730/5000: score=16.791535 loss=-0.470341 valid=1.0000 routes=14.118 grad=5.1493 seconds=39.0
Epoch 3731/5000: score=17.084955 loss=-0.462962 valid=1.0000 routes=13.816 grad=5.2170 seconds=38.4
Epoch 3732/5000: score=16.080897 loss=-0.446108 valid=1.0000 routes=13.116 grad=4.7143 seconds=39.0
Epoch 3733/5000: score=16.571612 loss=-0.462118 valid=1.0000 routes=13.681 grad=5.0708 seconds=38.4
Epoch 3734/5000: score=17.505045 loss=-0.505290 valid=1.0000 routes=15.067 grad=5.3936 seconds=39.0
Epoch 3735/5000: score=16.876943 loss=-0.470143 valid=1.0000 routes=14.216 grad=5.2012 seconds=39.3
Epoch 3736/5000: score=17.042117 loss=-0.463574 valid=1.0000 routes=13.405 grad=5.0451 seconds=38.4
Epoch 3737/5000: score=16.570460 loss=-0.430866 valid=1.0000 routes=13.072 grad=4.6985 seconds=38.3
Epoch 3738/5000: score=17.476620 loss=-0.483931 valid=1.0000 routes=13.982 grad=5.8824 seconds=38.3
Epoch 3739/5000: score=16.729375 loss=-0.462144 valid=1.0000 routes=14.437 grad=5.1876 seconds=41.7
Epoch 3740/5000: score=16.641095 loss=-0.445917 valid=1.0000 routes=13.818 grad=5.1037 seconds=38.7
Epoch 3741/5000: score=17.555096 loss=-0.464899 valid=1.0000 routes=13.981 grad=4.9369 seconds=38.9
Epoch 3742/5000: score=15.990884 loss=-0.474828 valid=1.0000 routes=13.789 grad=4.9390 seconds=39.2
Epoch 3743/5000: score=18.113721 loss=-0.504674 valid=1.0000 routes=14.940 grad=5.4714 seconds=38.4
Epoch 3744/5000: score=16.548123 loss=-0.464549 valid=1.0000 routes=14.169 grad=4.9986 seconds=39.0
Epoch 3745/5000: score=15.597339 loss=-0.439968 valid=1.0000 routes=14.200 grad=5.1461 seconds=38.9
Epoch 3746/5000: score=17.084660 loss=-0.477161 valid=1.0000 routes=15.308 grad=4.9522 seconds=39.4
Epoch 3747/5000: score=16.086288 loss=-0.431930 valid=1.0000 routes=13.023 grad=4.7142 seconds=39.2
Epoch 3748/5000: score=17.479038 loss=-0.474655 valid=1.0000 routes=15.051 grad=5.3621 seconds=38.5
Epoch 3749/5000: score=17.070366 loss=-0.449711 valid=1.0000 routes=13.539 grad=4.9685 seconds=39.0
Epoch 3750/5000: score=16.595091 loss=-0.424259 valid=1.0000 routes=13.165 grad=5.0001 seconds=39.4
Epoch 3751/5000: score=17.574632 loss=-0.480054 valid=1.0000 routes=14.832 grad=5.1950 seconds=39.2
Epoch 3752/5000: score=17.158768 loss=-0.490213 valid=1.0000 routes=13.983 grad=5.3607 seconds=40.2
Epoch 3753/5000: score=17.699333 loss=-0.473718 valid=1.0000 routes=14.649 grad=5.1573 seconds=39.5
Epoch 3754/5000: score=17.905019 loss=-0.498861 valid=1.0000 routes=15.426 grad=5.2703 seconds=40.0
Epoch 3755/5000: score=16.505916 loss=-0.466454 valid=1.0000 routes=13.669 grad=5.1802 seconds=39.3
Epoch 3756/5000: score=16.995300 loss=-0.446318 valid=1.0000 routes=13.656 grad=5.7703 seconds=39.5
Epoch 3757/5000: score=17.610601 loss=-0.489255 valid=1.0000 routes=14.824 grad=5.8450 seconds=40.4
Epoch 3758/5000: score=17.225317 loss=-0.484586 valid=1.0000 routes=14.614 grad=5.4118 seconds=41.0
Epoch 3759/5000: score=16.961681 loss=-0.482904 valid=1.0000 routes=13.567 grad=5.0616 seconds=39.1
Epoch 3760/5000: score=18.230241 loss=-0.478476 valid=1.0000 routes=14.596 grad=5.5652 seconds=38.8
Epoch 3761/5000: score=17.193780 loss=-0.481395 valid=1.0000 routes=14.423 grad=5.1742 seconds=38.5
Epoch 3762/5000: score=17.103027 loss=-0.447309 valid=1.0000 routes=13.797 grad=4.7214 seconds=38.7
Epoch 3763/5000: score=18.952158 loss=-0.533900 valid=1.0000 routes=15.671 grad=5.9233 seconds=39.7
Epoch 3764/5000: score=17.592164 loss=-0.492492 valid=1.0000 routes=15.149 grad=5.1529 seconds=40.2
Epoch 3765/5000: score=17.460738 loss=-0.448992 valid=1.0000 routes=14.508 grad=4.7047 seconds=40.1
Epoch 3766/5000: score=16.348767 loss=-0.437942 valid=1.0000 routes=13.961 grad=5.0198 seconds=39.5
>> Invalid instances, Re-generating ...
Epoch 3767/5000: score=17.767833 loss=-0.468941 valid=1.0000 routes=14.532 grad=4.9621 seconds=38.6
Epoch 3768/5000: score=16.948988 loss=-0.476791 valid=1.0000 routes=14.979 grad=5.0065 seconds=39.3
Epoch 3769/5000: score=16.909681 loss=-0.462952 valid=1.0000 routes=14.161 grad=5.3207 seconds=38.8
Epoch 3770/5000: score=17.231616 loss=-0.469304 valid=1.0000 routes=14.435 grad=5.0287 seconds=38.5
Epoch 3771/5000: score=17.272806 loss=-0.492195 valid=1.0000 routes=15.343 grad=5.2426 seconds=40.1
Epoch 3772/5000: score=15.761314 loss=-0.418418 valid=1.0000 routes=13.212 grad=4.5327 seconds=39.6
Epoch 3773/5000: score=17.062731 loss=-0.482290 valid=1.0000 routes=14.423 grad=5.3160 seconds=39.5
Epoch 3774/5000: score=17.046898 loss=-0.478758 valid=1.0000 routes=14.303 grad=5.2005 seconds=39.6
Epoch 3775/5000: score=16.866431 loss=-0.462067 valid=1.0000 routes=14.284 grad=4.9744 seconds=39.3
Epoch 3776/5000: score=18.151860 loss=-0.490046 valid=1.0000 routes=14.808 grad=5.6521 seconds=39.4
Epoch 3777/5000: score=16.472780 loss=-0.446318 valid=1.0000 routes=13.441 grad=4.8812 seconds=41.5
>> Invalid instances, Re-generating ...
Epoch 3778/5000: score=16.712115 loss=-0.448706 valid=1.0000 routes=14.201 grad=5.0902 seconds=39.1
Epoch 3779/5000: score=17.811153 loss=-0.504506 valid=1.0000 routes=15.508 grad=5.4437 seconds=38.3
Epoch 3780/5000: score=17.334284 loss=-0.468151 valid=1.0000 routes=14.060 grad=5.1636 seconds=38.5
Epoch 3781/5000: score=17.457245 loss=-0.467036 valid=1.0000 routes=14.877 grad=4.9598 seconds=38.9
Epoch 3782/5000: score=16.585493 loss=-0.462767 valid=1.0000 routes=13.499 grad=5.0998 seconds=38.2
Epoch 3783/5000: score=16.847500 loss=-0.454357 valid=1.0000 routes=14.069 grad=5.2394 seconds=40.4
Epoch 3784/5000: score=17.069225 loss=-0.489995 valid=1.0000 routes=14.164 grad=5.3083 seconds=38.8
>> Invalid instances, Re-generating ...
Epoch 3785/5000: score=16.816093 loss=-0.470268 valid=1.0000 routes=14.098 grad=5.4603 seconds=39.4
Epoch 3786/5000: score=16.958152 loss=-0.448067 valid=1.0000 routes=13.034 grad=5.1011 seconds=38.1
Epoch 3787/5000: score=16.446249 loss=-0.435902 valid=1.0000 routes=12.714 grad=5.0985 seconds=39.0
Epoch 3788/5000: score=16.037594 loss=-0.463294 valid=1.0000 routes=14.179 grad=4.6097 seconds=39.0
Epoch 3789/5000: score=18.139568 loss=-0.481402 valid=1.0000 routes=14.563 grad=5.9234 seconds=38.1
Epoch 3790/5000: score=16.713054 loss=-0.473254 valid=1.0000 routes=14.612 grad=5.2727 seconds=40.2
Epoch 3791/5000: score=16.192574 loss=-0.454649 valid=1.0000 routes=13.966 grad=4.5516 seconds=39.6
Epoch 3792/5000: score=16.908174 loss=-0.457792 valid=1.0000 routes=13.128 grad=5.0353 seconds=40.0
Epoch 3793/5000: score=16.654092 loss=-0.466064 valid=1.0000 routes=14.304 grad=5.2748 seconds=39.8
Epoch 3794/5000: score=17.470038 loss=-0.497663 valid=1.0000 routes=15.420 grad=5.5046 seconds=39.1
Epoch 3795/5000: score=16.644642 loss=-0.474672 valid=1.0000 routes=14.623 grad=5.0800 seconds=39.5
Epoch 3796/5000: score=16.723957 loss=-0.460363 valid=1.0000 routes=14.342 grad=4.8618 seconds=37.8
Epoch 3797/5000: score=15.985876 loss=-0.474264 valid=1.0000 routes=14.648 grad=4.6010 seconds=38.8
Epoch 3798/5000: score=16.066969 loss=-0.445119 valid=1.0000 routes=14.335 grad=4.5896 seconds=38.0
Epoch 3799/5000: score=17.274534 loss=-0.461813 valid=1.0000 routes=13.592 grad=5.3354 seconds=38.9
Epoch 3800/5000: score=16.937764 loss=-0.455848 valid=1.0000 routes=14.149 grad=4.9766 seconds=38.5
Epoch 3801/5000: score=17.133567 loss=-0.469376 valid=1.0000 routes=15.086 grad=5.4229 seconds=37.9
Epoch 3802/5000: score=16.781159 loss=-0.473139 valid=1.0000 routes=14.555 grad=4.9202 seconds=38.7
Epoch 3803/5000: score=17.586288 loss=-0.492153 valid=1.0000 routes=15.002 grad=5.4389 seconds=38.0
Epoch 3804/5000: score=17.377358 loss=-0.471725 valid=1.0000 routes=13.860 grad=5.2403 seconds=38.6
Epoch 3805/5000: score=17.516783 loss=-0.481625 valid=1.0000 routes=14.743 grad=5.2903 seconds=38.5
Epoch 3806/5000: score=17.492585 loss=-0.450520 valid=1.0000 routes=13.404 grad=5.2293 seconds=38.7
Epoch 3807/5000: score=16.949938 loss=-0.464763 valid=1.0000 routes=14.681 grad=5.1873 seconds=38.5
Epoch 3808/5000: score=16.008615 loss=-0.450037 valid=1.0000 routes=13.784 grad=5.0436 seconds=38.0
Epoch 3809/5000: score=16.842384 loss=-0.467937 valid=1.0000 routes=14.449 grad=5.0523 seconds=38.2
Epoch 3810/5000: score=16.228006 loss=-0.456173 valid=1.0000 routes=13.831 grad=4.7386 seconds=38.0
Epoch 3811/5000: score=17.211078 loss=-0.479228 valid=1.0000 routes=14.741 grad=5.2344 seconds=38.8
Epoch 3812/5000: score=17.878459 loss=-0.507998 valid=1.0000 routes=15.280 grad=5.3789 seconds=38.2
Epoch 3813/5000: score=17.070510 loss=-0.471645 valid=1.0000 routes=14.577 grad=4.9635 seconds=38.2
Epoch 3814/5000: score=16.431025 loss=-0.446725 valid=1.0000 routes=13.433 grad=4.8170 seconds=38.1
Epoch 3815/5000: score=18.256773 loss=-0.527547 valid=1.0000 routes=14.992 grad=5.6270 seconds=38.3
Epoch 3816/5000: score=17.540376 loss=-0.457370 valid=1.0000 routes=13.970 grad=5.5694 seconds=38.3
Epoch 3817/5000: score=17.281286 loss=-0.486110 valid=1.0000 routes=14.425 grad=5.4019 seconds=38.7
Epoch 3818/5000: score=18.014132 loss=-0.480885 valid=1.0000 routes=15.348 grad=5.5216 seconds=37.9
Epoch 3819/5000: score=16.308842 loss=-0.447125 valid=1.0000 routes=13.323 grad=4.7741 seconds=38.7
Epoch 3820/5000: score=15.802405 loss=-0.446156 valid=1.0000 routes=14.154 grad=4.7441 seconds=37.9
Epoch 3821/5000: score=17.528441 loss=-0.501272 valid=1.0000 routes=14.062 grad=5.3502 seconds=38.8
Epoch 3822/5000: score=16.457229 loss=-0.439572 valid=1.0000 routes=13.109 grad=4.9892 seconds=38.3
>> Invalid instances, Re-generating ...
Epoch 3823/5000: score=17.016321 loss=-0.472781 valid=1.0000 routes=14.479 grad=5.4470 seconds=38.5
Epoch 3824/5000: score=17.244651 loss=-0.468430 valid=1.0000 routes=13.762 grad=5.0400 seconds=38.2
Epoch 3825/5000: score=17.271866 loss=-0.477160 valid=1.0000 routes=14.793 grad=4.9651 seconds=38.0
Epoch 3826/5000: score=16.378082 loss=-0.449648 valid=1.0000 routes=14.023 grad=5.2301 seconds=38.6
Epoch 3827/5000: score=17.609988 loss=-0.504611 valid=1.0000 routes=14.993 grad=5.6212 seconds=38.0
Epoch 3828/5000: score=17.457559 loss=-0.490807 valid=1.0000 routes=14.641 grad=5.5216 seconds=38.9
>> Invalid instances, Re-generating ...
Epoch 3829/5000: score=15.911803 loss=-0.456698 valid=1.0000 routes=14.629 grad=4.8037 seconds=38.6
Epoch 3830/5000: score=16.678236 loss=-0.454554 valid=1.0000 routes=14.603 grad=4.7134 seconds=38.3
Epoch 3831/5000: score=17.219208 loss=-0.476940 valid=1.0000 routes=14.417 grad=4.8850 seconds=38.9
Epoch 3832/5000: score=17.882150 loss=-0.479174 valid=1.0000 routes=15.266 grad=5.4710 seconds=38.6
Epoch 3833/5000: score=16.952737 loss=-0.462242 valid=1.0000 routes=14.731 grad=4.9807 seconds=38.6
Epoch 3834/5000: score=17.633026 loss=-0.460135 valid=1.0000 routes=14.969 grad=4.7949 seconds=38.8
Epoch 3835/5000: score=16.336553 loss=-0.465684 valid=1.0000 routes=14.147 grad=4.9181 seconds=38.6
Epoch 3836/5000: score=17.033392 loss=-0.493727 valid=1.0000 routes=14.744 grad=5.2980 seconds=38.6
Epoch 3837/5000: score=16.984701 loss=-0.470498 valid=1.0000 routes=14.097 grad=5.1356 seconds=38.7
Epoch 3838/5000: score=16.773223 loss=-0.455843 valid=1.0000 routes=13.972 grad=4.8773 seconds=39.0
Epoch 3839/5000: score=16.497138 loss=-0.447732 valid=1.0000 routes=14.489 grad=4.7110 seconds=38.1
Epoch 3840/5000: score=16.644410 loss=-0.464354 valid=1.0000 routes=14.119 grad=5.6709 seconds=39.0
Epoch 3841/5000: score=16.974481 loss=-0.453490 valid=1.0000 routes=14.437 grad=4.9180 seconds=38.6
Epoch 3842/5000: score=16.157983 loss=-0.454306 valid=1.0000 routes=13.245 grad=4.9715 seconds=38.9
Epoch 3843/5000: score=16.925455 loss=-0.472990 valid=1.0000 routes=13.990 grad=4.9030 seconds=39.0
Epoch 3844/5000: score=18.130903 loss=-0.504673 valid=1.0000 routes=14.427 grad=5.6999 seconds=38.7
Epoch 3845/5000: score=16.805896 loss=-0.472645 valid=1.0000 routes=14.741 grad=5.2639 seconds=38.6
Epoch 3846/5000: score=17.343922 loss=-0.480601 valid=1.0000 routes=14.592 grad=5.4239 seconds=38.3
Epoch 3847/5000: score=17.822310 loss=-0.487938 valid=1.0000 routes=14.626 grad=5.3962 seconds=38.9
Epoch 3848/5000: score=16.890107 loss=-0.460799 valid=1.0000 routes=14.777 grad=5.0451 seconds=38.7
Epoch 3849/5000: score=15.746357 loss=-0.430009 valid=1.0000 routes=13.991 grad=4.8173 seconds=38.3
Epoch 3850/5000: score=17.020895 loss=-0.449269 valid=1.0000 routes=13.746 grad=5.1120 seconds=38.7
Epoch 3851/5000: score=17.103803 loss=-0.452687 valid=1.0000 routes=14.282 grad=4.8560 seconds=38.6
Epoch 3852/5000: score=16.411237 loss=-0.449923 valid=1.0000 routes=14.177 grad=4.9641 seconds=38.8
Epoch 3853/5000: score=16.195269 loss=-0.449054 valid=1.0000 routes=13.973 grad=4.4695 seconds=38.3
Epoch 3854/5000: score=16.808227 loss=-0.457667 valid=1.0000 routes=13.329 grad=4.8311 seconds=38.5
Epoch 3855/5000: score=18.125986 loss=-0.486320 valid=1.0000 routes=14.973 grad=5.7251 seconds=38.8
Epoch 3856/5000: score=15.688486 loss=-0.426331 valid=1.0000 routes=13.076 grad=5.0547 seconds=38.3
Epoch 3857/5000: score=18.310685 loss=-0.518373 valid=1.0000 routes=15.014 grad=5.7411 seconds=38.9
Epoch 3858/5000: score=17.972047 loss=-0.483260 valid=1.0000 routes=14.703 grad=5.4385 seconds=38.2
Epoch 3859/5000: score=18.382509 loss=-0.494301 valid=1.0000 routes=15.094 grad=5.5342 seconds=38.6
Epoch 3860/5000: score=17.205131 loss=-0.455016 valid=1.0000 routes=13.835 grad=5.0453 seconds=39.0
Epoch 3861/5000: score=18.115826 loss=-0.501658 valid=1.0000 routes=14.488 grad=5.5399 seconds=38.9
Epoch 3862/5000: score=16.949289 loss=-0.465773 valid=1.0000 routes=14.121 grad=5.1687 seconds=40.0
Epoch 3863/5000: score=16.470329 loss=-0.448494 valid=1.0000 routes=13.595 grad=5.0812 seconds=38.6
Epoch 3864/5000: score=17.026408 loss=-0.465702 valid=1.0000 routes=14.213 grad=4.9505 seconds=39.7
Epoch 3865/5000: score=16.199445 loss=-0.430657 valid=1.0000 routes=14.148 grad=4.3648 seconds=38.6
Epoch 3866/5000: score=16.587622 loss=-0.452846 valid=1.0000 routes=13.463 grad=5.4298 seconds=38.6
Epoch 3867/5000: score=15.992781 loss=-0.428135 valid=1.0000 routes=13.157 grad=4.4829 seconds=39.7
Epoch 3868/5000: score=16.857757 loss=-0.447373 valid=1.0000 routes=13.442 grad=4.9579 seconds=39.4
Epoch 3869/5000: score=17.285315 loss=-0.482465 valid=1.0000 routes=14.921 grad=5.3985 seconds=39.5
Epoch 3870/5000: score=17.481839 loss=-0.492998 valid=1.0000 routes=14.757 grad=5.6142 seconds=39.2
Epoch 3871/5000: score=17.162565 loss=-0.462621 valid=1.0000 routes=14.926 grad=4.9202 seconds=39.3
Epoch 3872/5000: score=17.221057 loss=-0.489016 valid=1.0000 routes=14.615 grad=5.3246 seconds=39.5
Epoch 3873/5000: score=16.919908 loss=-0.465616 valid=1.0000 routes=14.909 grad=5.3193 seconds=39.3
Epoch 3874/5000: score=18.534537 loss=-0.458190 valid=1.0000 routes=13.461 grad=5.9127 seconds=39.8
Epoch 3875/5000: score=17.359960 loss=-0.495497 valid=1.0000 routes=14.867 grad=5.5560 seconds=39.5
Epoch 3876/5000: score=16.633574 loss=-0.469943 valid=1.0000 routes=14.770 grad=4.9071 seconds=39.2
Epoch 3877/5000: score=16.354569 loss=-0.446324 valid=1.0000 routes=14.080 grad=5.0870 seconds=39.2
Epoch 3878/5000: score=17.926575 loss=-0.497171 valid=1.0000 routes=15.129 grad=5.8438 seconds=39.6
Epoch 3879/5000: score=16.434017 loss=-0.422530 valid=1.0000 routes=13.906 grad=4.3454 seconds=38.9
Epoch 3880/5000: score=15.776314 loss=-0.425032 valid=1.0000 routes=13.634 grad=4.7397 seconds=39.2
Epoch 3881/5000: score=16.944277 loss=-0.430956 valid=1.0000 routes=13.731 grad=5.9656 seconds=38.8
Epoch 3882/5000: score=16.377422 loss=-0.441382 valid=1.0000 routes=13.325 grad=5.1207 seconds=39.1
>> Invalid instances, Re-generating ...
Epoch 3883/5000: score=16.794792 loss=-0.469425 valid=1.0000 routes=14.762 grad=4.9897 seconds=39.3
Epoch 3884/5000: score=17.548868 loss=-0.479627 valid=1.0000 routes=14.798 grad=5.4779 seconds=39.3
Epoch 3885/5000: score=16.017654 loss=-0.455397 valid=1.0000 routes=14.255 grad=4.7026 seconds=39.2
Epoch 3886/5000: score=17.106937 loss=-0.479937 valid=1.0000 routes=14.845 grad=5.1881 seconds=39.2
Epoch 3887/5000: score=17.697818 loss=-0.479898 valid=1.0000 routes=14.501 grad=5.3733 seconds=39.0
Epoch 3888/5000: score=17.150940 loss=-0.467704 valid=1.0000 routes=14.568 grad=5.2021 seconds=39.1
Epoch 3889/5000: score=15.607770 loss=-0.422598 valid=1.0000 routes=13.130 grad=4.3418 seconds=38.6
Epoch 3890/5000: score=17.006498 loss=-0.460181 valid=1.0000 routes=13.172 grad=5.0165 seconds=39.1
Epoch 3891/5000: score=16.609482 loss=-0.453384 valid=1.0000 routes=14.532 grad=5.2307 seconds=39.2
Epoch 3892/5000: score=17.111133 loss=-0.456719 valid=1.0000 routes=14.453 grad=5.1602 seconds=38.7
Epoch 3893/5000: score=17.222373 loss=-0.487336 valid=1.0000 routes=14.508 grad=5.2317 seconds=39.2
Epoch 3894/5000: score=16.873870 loss=-0.460657 valid=1.0000 routes=14.243 grad=5.1447 seconds=39.1
Epoch 3895/5000: score=17.249291 loss=-0.463277 valid=1.0000 routes=14.687 grad=5.1658 seconds=39.3
Epoch 3896/5000: score=16.067074 loss=-0.449707 valid=1.0000 routes=13.061 grad=4.5965 seconds=39.2
Epoch 3897/5000: score=16.468733 loss=-0.466521 valid=1.0000 routes=14.233 grad=4.9951 seconds=39.5
Epoch 3898/5000: score=16.142585 loss=-0.424597 valid=1.0000 routes=13.435 grad=4.7925 seconds=39.1
Epoch 3899/5000: score=15.987691 loss=-0.434281 valid=1.0000 routes=13.966 grad=4.8022 seconds=39.0
Epoch 3900/5000: score=16.571569 loss=-0.443104 valid=1.0000 routes=14.065 grad=5.2075 seconds=39.6
Epoch 3901/5000: score=16.504800 loss=-0.434869 valid=1.0000 routes=13.880 grad=4.7823 seconds=39.2
Epoch 3902/5000: score=17.036536 loss=-0.462739 valid=1.0000 routes=14.731 grad=5.0260 seconds=39.1
Epoch 3903/5000: score=16.686329 loss=-0.470465 valid=1.0000 routes=14.131 grad=5.2858 seconds=39.1
Epoch 3904/5000: score=16.081821 loss=-0.410330 valid=1.0000 routes=12.584 grad=4.6391 seconds=38.9
Epoch 3905/5000: score=17.681647 loss=-0.496761 valid=1.0000 routes=14.636 grad=5.7740 seconds=38.6
Epoch 3906/5000: score=16.040621 loss=-0.436642 valid=1.0000 routes=13.988 grad=4.6259 seconds=38.5
Epoch 3907/5000: score=17.942381 loss=-0.488101 valid=1.0000 routes=14.777 grad=5.2767 seconds=38.8
Epoch 3908/5000: score=17.517577 loss=-0.486241 valid=1.0000 routes=14.398 grad=5.4812 seconds=38.7
Epoch 3909/5000: score=17.030925 loss=-0.480707 valid=1.0000 routes=15.233 grad=5.1335 seconds=39.0
Epoch 3910/5000: score=17.381790 loss=-0.469871 valid=1.0000 routes=13.631 grad=5.2709 seconds=39.2
Epoch 3911/5000: score=16.598685 loss=-0.417335 valid=1.0000 routes=13.313 grad=4.9407 seconds=38.9
Epoch 3912/5000: score=17.606465 loss=-0.494895 valid=1.0000 routes=14.680 grad=6.1081 seconds=39.1
Epoch 3913/5000: score=17.151815 loss=-0.467138 valid=1.0000 routes=14.389 grad=5.4006 seconds=38.4
Epoch 3914/5000: score=16.212332 loss=-0.436261 valid=1.0000 routes=13.521 grad=4.8276 seconds=39.5
Epoch 3915/5000: score=16.594013 loss=-0.452976 valid=1.0000 routes=13.415 grad=5.6395 seconds=39.1
Epoch 3916/5000: score=16.872940 loss=-0.455751 valid=1.0000 routes=14.538 grad=4.6896 seconds=39.1
Epoch 3917/5000: score=17.188505 loss=-0.441780 valid=1.0000 routes=13.863 grad=5.1972 seconds=39.0
>> Invalid instances, Re-generating ...
Epoch 3918/5000: score=16.797516 loss=-0.476103 valid=1.0000 routes=14.497 grad=5.2189 seconds=39.4
Epoch 3919/5000: score=17.656234 loss=-0.492550 valid=1.0000 routes=15.519 grad=5.7059 seconds=39.4
Epoch 3920/5000: score=17.184674 loss=-0.466479 valid=1.0000 routes=14.028 grad=5.2441 seconds=38.9
Epoch 3921/5000: score=17.350266 loss=-0.472267 valid=1.0000 routes=14.329 grad=4.9176 seconds=38.4
Epoch 3922/5000: score=16.540514 loss=-0.469233 valid=1.0000 routes=14.873 grad=4.8683 seconds=39.4
Epoch 3923/5000: score=17.755001 loss=-0.480036 valid=1.0000 routes=14.594 grad=6.1746 seconds=38.7
Epoch 3924/5000: score=16.351937 loss=-0.449753 valid=1.0000 routes=14.337 grad=4.9706 seconds=39.3
Epoch 3925/5000: score=16.539124 loss=-0.444763 valid=1.0000 routes=13.875 grad=4.7224 seconds=38.8
Epoch 3926/5000: score=17.529467 loss=-0.484752 valid=1.0000 routes=13.916 grad=5.3875 seconds=39.3
Epoch 3927/5000: score=17.543468 loss=-0.486188 valid=1.0000 routes=14.384 grad=5.5207 seconds=38.9
Epoch 3928/5000: score=17.337576 loss=-0.480172 valid=1.0000 routes=14.587 grad=5.4995 seconds=38.4
Epoch 3929/5000: score=18.399867 loss=-0.510414 valid=1.0000 routes=15.871 grad=5.8447 seconds=39.1
Epoch 3930/5000: score=17.276998 loss=-0.504261 valid=1.0000 routes=14.924 grad=5.4722 seconds=38.6
Epoch 3931/5000: score=17.053280 loss=-0.488338 valid=1.0000 routes=15.284 grad=5.3161 seconds=38.5
Epoch 3932/5000: score=16.505391 loss=-0.458970 valid=1.0000 routes=13.976 grad=4.9655 seconds=38.8
Epoch 3933/5000: score=16.711603 loss=-0.454361 valid=1.0000 routes=13.895 grad=5.5616 seconds=38.8
Epoch 3934/5000: score=17.185891 loss=-0.506867 valid=1.0000 routes=14.223 grad=5.9827 seconds=38.5
Epoch 3935/5000: score=16.964130 loss=-0.454800 valid=1.0000 routes=14.102 grad=4.8729 seconds=38.3
Epoch 3936/5000: score=17.392704 loss=-0.459708 valid=1.0000 routes=14.391 grad=5.2681 seconds=38.9
Epoch 3937/5000: score=16.777175 loss=-0.486334 valid=1.0000 routes=15.219 grad=5.0273 seconds=38.9
Epoch 3938/5000: score=16.916046 loss=-0.459260 valid=1.0000 routes=13.671 grad=5.0257 seconds=39.4
Epoch 3939/5000: score=16.262320 loss=-0.439687 valid=1.0000 routes=13.025 grad=4.8701 seconds=39.5
Epoch 3940/5000: score=17.915319 loss=-0.487888 valid=1.0000 routes=14.916 grad=5.5464 seconds=38.9
Epoch 3941/5000: score=15.862791 loss=-0.447742 valid=1.0000 routes=14.266 grad=4.9340 seconds=39.5
Epoch 3942/5000: score=17.875340 loss=-0.513105 valid=1.0000 routes=14.914 grad=5.3976 seconds=38.5
Epoch 3943/5000: score=17.310917 loss=-0.457808 valid=1.0000 routes=14.262 grad=5.2832 seconds=39.2
Epoch 3944/5000: score=16.224549 loss=-0.467618 valid=1.0000 routes=14.226 grad=5.1547 seconds=38.7
Epoch 3945/5000: score=16.562877 loss=-0.452157 valid=1.0000 routes=13.446 grad=4.8980 seconds=38.6
Epoch 3946/5000: score=16.543819 loss=-0.458952 valid=1.0000 routes=13.908 grad=4.8982 seconds=39.1
Epoch 3947/5000: score=18.068952 loss=-0.482774 valid=1.0000 routes=14.706 grad=5.4031 seconds=37.7
Epoch 3948/5000: score=16.872530 loss=-0.475409 valid=1.0000 routes=14.903 grad=5.2850 seconds=38.7
Epoch 3949/5000: score=16.685438 loss=-0.470201 valid=1.0000 routes=14.543 grad=5.1469 seconds=38.5
Epoch 3950/5000: score=16.393138 loss=-0.430143 valid=1.0000 routes=13.453 grad=4.6839 seconds=39.0
Epoch 3951/5000: score=17.541026 loss=-0.473995 valid=1.0000 routes=14.313 grad=5.6584 seconds=39.3
Epoch 3952/5000: score=16.990955 loss=-0.467364 valid=1.0000 routes=14.951 grad=4.9592 seconds=38.8
Epoch 3953/5000: score=16.540300 loss=-0.418076 valid=1.0000 routes=13.633 grad=4.7262 seconds=39.0
Epoch 3954/5000: score=16.347182 loss=-0.430014 valid=1.0000 routes=14.010 grad=4.4881 seconds=38.6
Epoch 3955/5000: score=17.534769 loss=-0.457747 valid=1.0000 routes=13.561 grad=5.6953 seconds=39.1
Epoch 3956/5000: score=17.329809 loss=-0.472323 valid=1.0000 routes=14.069 grad=5.4093 seconds=38.9
Epoch 3957/5000: score=17.319228 loss=-0.488084 valid=1.0000 routes=14.354 grad=5.3291 seconds=39.1
Epoch 3958/5000: score=17.792078 loss=-0.493165 valid=1.0000 routes=14.740 grad=5.8138 seconds=39.7
Epoch 3959/5000: score=16.940137 loss=-0.458790 valid=1.0000 routes=14.217 grad=5.1346 seconds=38.5
Epoch 3960/5000: score=16.825022 loss=-0.464918 valid=1.0000 routes=13.744 grad=5.2410 seconds=38.8
Epoch 3961/5000: score=16.514989 loss=-0.439084 valid=1.0000 routes=14.467 grad=5.1554 seconds=38.2
Epoch 3962/5000: score=15.916921 loss=-0.445801 valid=1.0000 routes=14.771 grad=4.5894 seconds=38.7
Epoch 3963/5000: score=17.364216 loss=-0.473897 valid=1.0000 routes=14.227 grad=5.4334 seconds=38.5
Epoch 3964/5000: score=16.288176 loss=-0.448458 valid=1.0000 routes=13.472 grad=5.0088 seconds=38.4
Epoch 3965/5000: score=17.307315 loss=-0.484255 valid=1.0000 routes=14.521 grad=5.3752 seconds=38.5
Epoch 3966/5000: score=16.892445 loss=-0.467456 valid=1.0000 routes=14.293 grad=5.5540 seconds=38.2
Epoch 3967/5000: score=16.704438 loss=-0.444672 valid=1.0000 routes=13.360 grad=5.2712 seconds=38.4
>> Invalid instances, Re-generating ...
Epoch 3968/5000: score=17.448249 loss=-0.470849 valid=1.0000 routes=14.969 grad=5.5090 seconds=38.0
Epoch 3969/5000: score=16.553615 loss=-0.457939 valid=1.0000 routes=14.400 grad=4.8379 seconds=37.8
Epoch 3970/5000: score=15.993012 loss=-0.421734 valid=1.0000 routes=13.466 grad=4.2666 seconds=38.3
Epoch 3971/5000: score=17.687836 loss=-0.498375 valid=1.0000 routes=14.535 grad=5.6322 seconds=38.0
Epoch 3972/5000: score=16.114447 loss=-0.427060 valid=1.0000 routes=13.408 grad=4.6489 seconds=38.1
>> Invalid instances, Re-generating ...
Epoch 3973/5000: score=18.010853 loss=-0.520169 valid=1.0000 routes=15.649 grad=5.6499 seconds=39.1
Epoch 3974/5000: score=16.500487 loss=-0.462943 valid=1.0000 routes=14.069 grad=4.9754 seconds=38.5
Epoch 3975/5000: score=16.986926 loss=-0.469532 valid=1.0000 routes=13.408 grad=5.1812 seconds=38.4
Epoch 3976/5000: score=17.785402 loss=-0.481040 valid=1.0000 routes=15.123 grad=5.6793 seconds=38.0
Epoch 3977/5000: score=16.758604 loss=-0.467939 valid=1.0000 routes=14.482 grad=5.0116 seconds=38.8
Epoch 3978/5000: score=16.766136 loss=-0.460879 valid=1.0000 routes=14.524 grad=4.8221 seconds=38.3
Epoch 3979/5000: score=16.760674 loss=-0.439535 valid=1.0000 routes=13.908 grad=4.6808 seconds=38.1
Epoch 3980/5000: score=17.353442 loss=-0.483638 valid=1.0000 routes=14.036 grad=5.2274 seconds=38.6
Epoch 3981/5000: score=16.806370 loss=-0.457355 valid=1.0000 routes=15.033 grad=5.1505 seconds=38.3
Epoch 3982/5000: score=16.476710 loss=-0.460239 valid=1.0000 routes=14.278 grad=4.9652 seconds=38.9
Epoch 3983/5000: score=17.083090 loss=-0.478715 valid=1.0000 routes=14.306 grad=5.2684 seconds=37.9
Epoch 3984/5000: score=16.139757 loss=-0.446532 valid=1.0000 routes=13.742 grad=5.3770 seconds=38.5
Epoch 3985/5000: score=17.595861 loss=-0.461127 valid=1.0000 routes=14.652 grad=5.2706 seconds=38.3
Epoch 3986/5000: score=17.140005 loss=-0.452946 valid=1.0000 routes=13.950 grad=5.1397 seconds=38.5
Epoch 3987/5000: score=18.317618 loss=-0.490159 valid=1.0000 routes=14.812 grad=5.3755 seconds=39.1
Epoch 3988/5000: score=16.095411 loss=-0.429132 valid=1.0000 routes=13.506 grad=4.4882 seconds=38.3
Epoch 3989/5000: score=16.174655 loss=-0.443429 valid=1.0000 routes=14.482 grad=4.6560 seconds=38.4
Epoch 3990/5000: score=16.887225 loss=-0.467762 valid=1.0000 routes=14.086 grad=4.7471 seconds=39.0
Epoch 3991/5000: score=17.826899 loss=-0.469466 valid=1.0000 routes=14.787 grad=5.2398 seconds=38.5
Epoch 3992/5000: score=17.623350 loss=-0.482276 valid=1.0000 routes=14.642 grad=5.6278 seconds=38.8
Epoch 3993/5000: score=17.284382 loss=-0.494741 valid=1.0000 routes=15.653 grad=5.3527 seconds=37.8
Epoch 3994/5000: score=18.742887 loss=-0.518647 valid=1.0000 routes=15.421 grad=5.7789 seconds=39.2
Epoch 3995/5000: score=17.028397 loss=-0.471924 valid=1.0000 routes=14.840 grad=5.5241 seconds=38.3
Epoch 3996/5000: score=16.387908 loss=-0.437522 valid=1.0000 routes=13.350 grad=4.9485 seconds=38.6
Epoch 3997/5000: score=16.592529 loss=-0.442956 valid=1.0000 routes=13.231 grad=5.2038 seconds=38.8
Epoch 3998/5000: score=15.762821 loss=-0.420510 valid=1.0000 routes=12.541 grad=4.6217 seconds=38.4
Epoch 3999/5000: score=17.053015 loss=-0.466032 valid=1.0000 routes=14.203 grad=5.1640 seconds=39.5
Epoch 4000/5000: score=16.876133 loss=-0.417412 valid=1.0000 routes=13.868 grad=4.8165 seconds=37.8
Epoch 4001/5000: score=17.259661 loss=-0.475909 valid=1.0000 routes=14.385 grad=5.2263 seconds=38.8
Epoch 4002/5000: score=17.724896 loss=-0.494143 valid=1.0000 routes=14.506 grad=5.9515 seconds=38.2
Epoch 4003/5000: score=16.604581 loss=-0.451015 valid=1.0000 routes=13.431 grad=5.3272 seconds=38.2
Epoch 4004/5000: score=16.522643 loss=-0.450070 valid=1.0000 routes=13.874 grad=4.8635 seconds=39.0
Epoch 4005/5000: score=16.996648 loss=-0.449231 valid=1.0000 routes=13.695 grad=5.1628 seconds=38.2
Epoch 4006/5000: score=16.419492 loss=-0.436279 valid=1.0000 routes=13.503 grad=4.7222 seconds=38.2
Epoch 4007/5000: score=17.096735 loss=-0.476089 valid=1.0000 routes=14.828 grad=5.0908 seconds=37.7
Epoch 4008/5000: score=16.093158 loss=-0.444182 valid=1.0000 routes=14.106 grad=4.9770 seconds=38.6
Epoch 4009/5000: score=16.718138 loss=-0.453228 valid=1.0000 routes=13.738 grad=4.8630 seconds=38.6
Epoch 4010/5000: score=17.964309 loss=-0.488812 valid=1.0000 routes=15.043 grad=5.6221 seconds=39.0
>> Invalid instances, Re-generating ...
Epoch 4011/5000: score=16.892277 loss=-0.432536 valid=1.0000 routes=13.931 grad=4.6899 seconds=39.1
Epoch 4012/5000: score=17.835369 loss=-0.500006 valid=1.0000 routes=14.675 grad=5.6222 seconds=38.3
Epoch 4013/5000: score=16.699488 loss=-0.452558 valid=1.0000 routes=14.238 grad=5.0945 seconds=39.0
Epoch 4014/5000: score=17.216894 loss=-0.475031 valid=1.0000 routes=13.883 grad=5.5453 seconds=39.4
Epoch 4015/5000: score=17.727924 loss=-0.484458 valid=1.0000 routes=14.322 grad=5.5295 seconds=38.8
Epoch 4016/5000: score=17.839007 loss=-0.495010 valid=1.0000 routes=14.731 grad=5.4473 seconds=39.6
Epoch 4017/5000: score=16.916886 loss=-0.452793 valid=1.0000 routes=13.939 grad=4.8168 seconds=38.4
Epoch 4018/5000: score=16.397229 loss=-0.444253 valid=1.0000 routes=13.550 grad=5.5412 seconds=39.1
Epoch 4019/5000: score=16.506375 loss=-0.454944 valid=1.0000 routes=13.144 grad=5.4203 seconds=38.4
Epoch 4020/5000: score=16.178593 loss=-0.463064 valid=1.0000 routes=14.049 grad=5.0156 seconds=38.6
Epoch 4021/5000: score=16.973494 loss=-0.473816 valid=1.0000 routes=14.544 grad=5.0143 seconds=38.7
Epoch 4022/5000: score=17.021971 loss=-0.465227 valid=1.0000 routes=13.869 grad=5.0296 seconds=38.3
Epoch 4023/5000: score=16.547396 loss=-0.426401 valid=1.0000 routes=13.797 grad=4.9440 seconds=38.7
Epoch 4024/5000: score=16.983998 loss=-0.472514 valid=1.0000 routes=14.429 grad=5.1964 seconds=38.4
Epoch 4025/5000: score=16.141860 loss=-0.434701 valid=1.0000 routes=14.095 grad=4.7008 seconds=38.6
Epoch 4026/5000: score=17.296636 loss=-0.455426 valid=1.0000 routes=13.829 grad=4.8170 seconds=38.7
Epoch 4027/5000: score=16.417227 loss=-0.428202 valid=1.0000 routes=13.200 grad=4.6730 seconds=38.1
Epoch 4028/5000: score=17.343640 loss=-0.461981 valid=1.0000 routes=14.186 grad=5.0191 seconds=39.0
Epoch 4029/5000: score=15.757582 loss=-0.421274 valid=1.0000 routes=12.207 grad=4.6522 seconds=37.5
Epoch 4030/5000: score=16.617424 loss=-0.460997 valid=1.0000 routes=14.181 grad=4.8960 seconds=38.1
Epoch 4031/5000: score=17.528951 loss=-0.470752 valid=1.0000 routes=14.207 grad=5.1905 seconds=38.1
Epoch 4032/5000: score=16.938805 loss=-0.444097 valid=1.0000 routes=14.214 grad=5.1868 seconds=38.0
Epoch 4033/5000: score=16.422382 loss=-0.443019 valid=1.0000 routes=13.434 grad=4.9543 seconds=38.8
Epoch 4034/5000: score=16.530231 loss=-0.457824 valid=1.0000 routes=14.426 grad=5.2306 seconds=38.2
Epoch 4035/5000: score=16.575689 loss=-0.466615 valid=1.0000 routes=14.159 grad=5.0656 seconds=38.5
Epoch 4036/5000: score=18.008939 loss=-0.457601 valid=1.0000 routes=14.570 grad=5.2352 seconds=38.4
Epoch 4037/5000: score=17.068220 loss=-0.453564 valid=1.0000 routes=13.961 grad=5.7192 seconds=38.8
Epoch 4038/5000: score=17.290300 loss=-0.462401 valid=1.0000 routes=14.128 grad=5.1332 seconds=39.0
Epoch 4039/5000: score=15.583338 loss=-0.416160 valid=1.0000 routes=13.683 grad=4.0573 seconds=38.7
Epoch 4040/5000: score=17.728666 loss=-0.480238 valid=1.0000 routes=14.429 grad=5.2358 seconds=38.7
Epoch 4041/5000: score=16.243185 loss=-0.471080 valid=1.0000 routes=13.946 grad=4.8038 seconds=38.6
Epoch 4042/5000: score=16.587458 loss=-0.444927 valid=1.0000 routes=13.834 grad=5.0263 seconds=38.1
Epoch 4043/5000: score=16.387668 loss=-0.465708 valid=1.0000 routes=13.741 grad=5.0566 seconds=39.0
Epoch 4044/5000: score=16.696065 loss=-0.456665 valid=1.0000 routes=14.460 grad=5.0332 seconds=38.2
Epoch 4045/5000: score=16.625124 loss=-0.458495 valid=1.0000 routes=14.499 grad=5.2465 seconds=39.0
Epoch 4046/5000: score=17.134394 loss=-0.465354 valid=1.0000 routes=14.121 grad=5.1000 seconds=38.2
Epoch 4047/5000: score=15.985252 loss=-0.448136 valid=1.0000 routes=13.820 grad=4.7264 seconds=39.1
Epoch 4048/5000: score=17.846418 loss=-0.486173 valid=1.0000 routes=14.469 grad=5.2598 seconds=38.6
Epoch 4049/5000: score=18.736208 loss=-0.517795 valid=1.0000 routes=15.299 grad=6.1521 seconds=38.1
Epoch 4050/5000: score=16.499442 loss=-0.448523 valid=1.0000 routes=13.676 grad=4.7176 seconds=39.2
Epoch 4051/5000: score=17.215696 loss=-0.471232 valid=1.0000 routes=14.751 grad=5.3355 seconds=38.2
Epoch 4052/5000: score=17.045480 loss=-0.480038 valid=1.0000 routes=14.940 grad=5.2061 seconds=39.4
Epoch 4053/5000: score=16.890718 loss=-0.461197 valid=1.0000 routes=14.038 grad=5.4388 seconds=38.5
Epoch 4054/5000: score=16.831455 loss=-0.450446 valid=1.0000 routes=13.876 grad=4.7990 seconds=38.6
Epoch 4055/5000: score=16.300866 loss=-0.459759 valid=1.0000 routes=14.073 grad=4.8151 seconds=38.5
Epoch 4056/5000: score=17.120947 loss=-0.457558 valid=1.0000 routes=15.215 grad=5.4071 seconds=38.0
Epoch 4057/5000: score=17.873859 loss=-0.500876 valid=1.0000 routes=15.062 grad=5.7824 seconds=38.9
Epoch 4058/5000: score=17.147709 loss=-0.459371 valid=1.0000 routes=13.710 grad=5.2797 seconds=38.3
Epoch 4059/5000: score=16.700130 loss=-0.442535 valid=1.0000 routes=14.202 grad=4.8118 seconds=38.6
Epoch 4060/5000: score=16.938082 loss=-0.463425 valid=1.0000 routes=13.601 grad=5.1350 seconds=38.4
Epoch 4061/5000: score=17.891328 loss=-0.496163 valid=1.0000 routes=14.964 grad=5.9103 seconds=38.5
Epoch 4062/5000: score=17.043693 loss=-0.461646 valid=1.0000 routes=13.873 grad=4.9482 seconds=38.5
Epoch 4063/5000: score=17.102526 loss=-0.479406 valid=1.0000 routes=14.511 grad=5.2961 seconds=38.0
Epoch 4064/5000: score=16.760451 loss=-0.466148 valid=1.0000 routes=13.674 grad=5.2374 seconds=38.6
Epoch 4065/5000: score=15.819765 loss=-0.423141 valid=1.0000 routes=12.690 grad=4.3073 seconds=38.7
Epoch 4066/5000: score=16.743301 loss=-0.449204 valid=1.0000 routes=14.469 grad=4.7229 seconds=38.7
Epoch 4067/5000: score=16.949382 loss=-0.448115 valid=1.0000 routes=13.740 grad=5.6416 seconds=38.5
Epoch 4068/5000: score=16.319951 loss=-0.440058 valid=1.0000 routes=14.414 grad=5.0836 seconds=38.6
Epoch 4069/5000: score=16.219720 loss=-0.421390 valid=1.0000 routes=13.225 grad=4.5819 seconds=39.0
Epoch 4070/5000: score=16.555783 loss=-0.459188 valid=1.0000 routes=14.121 grad=5.1037 seconds=38.7
Epoch 4071/5000: score=16.227976 loss=-0.425981 valid=1.0000 routes=13.644 grad=4.2454 seconds=38.9
Epoch 4072/5000: score=16.724187 loss=-0.453393 valid=1.0000 routes=14.819 grad=5.1156 seconds=38.5
Epoch 4073/5000: score=16.200362 loss=-0.444135 valid=1.0000 routes=13.427 grad=4.8146 seconds=38.1
Epoch 4074/5000: score=16.952451 loss=-0.452440 valid=1.0000 routes=13.889 grad=5.0591 seconds=38.7
Epoch 4075/5000: score=17.309720 loss=-0.473966 valid=1.0000 routes=14.587 grad=5.2450 seconds=38.6
Epoch 4076/5000: score=17.310651 loss=-0.489981 valid=1.0000 routes=15.038 grad=5.9146 seconds=38.9
Epoch 4077/5000: score=17.484031 loss=-0.497470 valid=1.0000 routes=14.661 grad=5.5893 seconds=38.2
Epoch 4078/5000: score=17.284178 loss=-0.490354 valid=1.0000 routes=13.921 grad=5.2112 seconds=38.1
Epoch 4079/5000: score=17.430095 loss=-0.478035 valid=1.0000 routes=14.039 grad=5.1145 seconds=38.5
Epoch 4080/5000: score=17.211029 loss=-0.444818 valid=1.0000 routes=13.872 grad=4.7799 seconds=38.1
Epoch 4081/5000: score=16.356296 loss=-0.435441 valid=1.0000 routes=13.648 grad=4.7412 seconds=38.8
Epoch 4082/5000: score=17.028799 loss=-0.436082 valid=1.0000 routes=14.085 grad=4.8930 seconds=38.1
Epoch 4083/5000: score=17.198869 loss=-0.472722 valid=1.0000 routes=14.951 grad=5.4291 seconds=38.6
>> Invalid instances, Re-generating ...
Epoch 4084/5000: score=17.711872 loss=-0.491763 valid=1.0000 routes=15.002 grad=5.5625 seconds=38.6
Epoch 4085/5000: score=16.838543 loss=-0.434264 valid=1.0000 routes=13.038 grad=5.0927 seconds=38.1
Epoch 4086/5000: score=17.468667 loss=-0.469307 valid=1.0000 routes=14.281 grad=5.3235 seconds=39.2
Epoch 4087/5000: score=17.480635 loss=-0.466646 valid=1.0000 routes=14.261 grad=5.1789 seconds=38.0
Epoch 4088/5000: score=17.500650 loss=-0.483686 valid=1.0000 routes=14.788 grad=5.9286 seconds=38.9
Epoch 4089/5000: score=16.949841 loss=-0.455367 valid=1.0000 routes=14.679 grad=4.8284 seconds=37.9
Epoch 4090/5000: score=17.582780 loss=-0.478594 valid=1.0000 routes=14.728 grad=5.2204 seconds=38.0
Epoch 4091/5000: score=16.853637 loss=-0.481000 valid=1.0000 routes=13.768 grad=5.3008 seconds=39.0
Epoch 4092/5000: score=17.189474 loss=-0.471569 valid=1.0000 routes=14.409 grad=5.3218 seconds=38.2
Epoch 4093/5000: score=16.576375 loss=-0.459674 valid=1.0000 routes=14.040 grad=5.1582 seconds=38.7
Epoch 4094/5000: score=18.046924 loss=-0.482157 valid=1.0000 routes=14.765 grad=5.6628 seconds=38.5
Epoch 4095/5000: score=17.427175 loss=-0.444501 valid=1.0000 routes=13.721 grad=5.0084 seconds=38.5
Epoch 4096/5000: score=17.667713 loss=-0.498057 valid=1.0000 routes=15.131 grad=5.7819 seconds=38.7
Epoch 4097/5000: score=17.758660 loss=-0.467427 valid=1.0000 routes=14.358 grad=5.4726 seconds=38.4
Epoch 4098/5000: score=16.295697 loss=-0.431857 valid=1.0000 routes=13.565 grad=5.0351 seconds=38.8
>> Invalid instances, Re-generating ...
Epoch 4099/5000: score=17.150599 loss=-0.456717 valid=1.0000 routes=13.493 grad=5.0306 seconds=38.7
Epoch 4100/5000: score=17.735782 loss=-0.482481 valid=1.0000 routes=14.722 grad=5.6767 seconds=38.6
Epoch 4101/5000: score=16.593589 loss=-0.453175 valid=1.0000 routes=14.767 grad=5.2420 seconds=38.7
Epoch 4102/5000: score=17.528608 loss=-0.469845 valid=1.0000 routes=14.870 grad=5.2149 seconds=38.6
Epoch 4103/5000: score=16.495497 loss=-0.456260 valid=1.0000 routes=14.253 grad=4.9838 seconds=39.0
Epoch 4104/5000: score=16.237422 loss=-0.431821 valid=1.0000 routes=13.766 grad=4.9650 seconds=38.5
Epoch 4105/5000: score=16.899956 loss=-0.452637 valid=1.0000 routes=13.765 grad=4.9571 seconds=38.5
Epoch 4106/5000: score=17.514616 loss=-0.478575 valid=1.0000 routes=14.565 grad=5.9007 seconds=38.7
Epoch 4107/5000: score=17.200273 loss=-0.469416 valid=1.0000 routes=14.216 grad=4.9919 seconds=38.1
Epoch 4108/5000: score=16.900046 loss=-0.485116 valid=1.0000 routes=14.622 grad=5.3649 seconds=39.0
Epoch 4109/5000: score=16.671502 loss=-0.463932 valid=1.0000 routes=14.034 grad=5.3887 seconds=38.6
Epoch 4110/5000: score=16.307924 loss=-0.446240 valid=1.0000 routes=13.814 grad=5.2037 seconds=38.0
Epoch 4111/5000: score=18.315062 loss=-0.496474 valid=1.0000 routes=15.497 grad=5.2891 seconds=38.4
Epoch 4112/5000: score=18.118854 loss=-0.493525 valid=1.0000 routes=14.835 grad=5.7080 seconds=38.4
Epoch 4113/5000: score=16.435325 loss=-0.443914 valid=1.0000 routes=13.948 grad=5.0934 seconds=39.0
Epoch 4114/5000: score=17.410117 loss=-0.469171 valid=1.0000 routes=14.227 grad=5.3421 seconds=38.3
Epoch 4115/5000: score=15.991542 loss=-0.435831 valid=1.0000 routes=14.043 grad=4.7395 seconds=38.5
Epoch 4116/5000: score=16.858918 loss=-0.445478 valid=1.0000 routes=13.787 grad=4.8753 seconds=38.1
Epoch 4117/5000: score=17.811942 loss=-0.504264 valid=1.0000 routes=16.061 grad=5.7198 seconds=38.4
Epoch 4118/5000: score=17.380957 loss=-0.477270 valid=1.0000 routes=14.526 grad=5.9787 seconds=38.7
Epoch 4119/5000: score=16.391789 loss=-0.450769 valid=1.0000 routes=14.018 grad=4.9409 seconds=38.3
Epoch 4120/5000: score=17.006545 loss=-0.455952 valid=1.0000 routes=14.431 grad=5.2587 seconds=38.2
Epoch 4121/5000: score=17.109765 loss=-0.473880 valid=1.0000 routes=14.964 grad=5.4948 seconds=38.6
Epoch 4122/5000: score=17.583539 loss=-0.467198 valid=1.0000 routes=14.650 grad=5.5019 seconds=38.1
Epoch 4123/5000: score=16.144892 loss=-0.428249 valid=1.0000 routes=13.616 grad=4.4965 seconds=38.2
Epoch 4124/5000: score=16.524981 loss=-0.448022 valid=1.0000 routes=13.742 grad=5.0822 seconds=37.8
Epoch 4125/5000: score=16.494628 loss=-0.442699 valid=1.0000 routes=13.646 grad=4.8748 seconds=38.3
Epoch 4126/5000: score=16.848299 loss=-0.452835 valid=1.0000 routes=13.871 grad=5.1131 seconds=39.0
Epoch 4127/5000: score=18.240146 loss=-0.511613 valid=1.0000 routes=14.763 grad=5.8211 seconds=38.2
Epoch 4128/5000: score=17.615454 loss=-0.465821 valid=1.0000 routes=14.812 grad=5.2853 seconds=39.3
Epoch 4129/5000: score=18.026320 loss=-0.475007 valid=1.0000 routes=14.414 grad=6.1135 seconds=38.5
Epoch 4130/5000: score=16.000739 loss=-0.412059 valid=1.0000 routes=13.441 grad=4.8673 seconds=38.1
Epoch 4131/5000: score=16.686497 loss=-0.468053 valid=1.0000 routes=14.269 grad=5.1506 seconds=38.9
Epoch 4132/5000: score=18.523824 loss=-0.514709 valid=1.0000 routes=15.316 grad=5.8532 seconds=38.1
Epoch 4133/5000: score=18.030150 loss=-0.504132 valid=1.0000 routes=14.810 grad=5.6135 seconds=38.6
Epoch 4134/5000: score=17.247326 loss=-0.467441 valid=1.0000 routes=14.673 grad=5.4262 seconds=38.5
Epoch 4135/5000: score=16.403469 loss=-0.445409 valid=1.0000 routes=13.831 grad=4.9159 seconds=38.1
Epoch 4136/5000: score=16.597464 loss=-0.468099 valid=1.0000 routes=15.118 grad=4.9731 seconds=38.3
Epoch 4137/5000: score=17.840589 loss=-0.492893 valid=1.0000 routes=14.656 grad=5.6365 seconds=38.4
Epoch 4138/5000: score=16.559873 loss=-0.447053 valid=1.0000 routes=13.055 grad=4.5217 seconds=38.6
Epoch 4139/5000: score=18.353185 loss=-0.503656 valid=1.0000 routes=15.191 grad=6.2101 seconds=38.2
Epoch 4140/5000: score=16.021015 loss=-0.443255 valid=1.0000 routes=13.881 grad=4.8383 seconds=38.6
Epoch 4141/5000: score=16.469505 loss=-0.444736 valid=1.0000 routes=14.678 grad=4.8863 seconds=38.9
Epoch 4142/5000: score=17.250691 loss=-0.455603 valid=1.0000 routes=14.362 grad=5.2045 seconds=38.8
Epoch 4143/5000: score=16.131858 loss=-0.437138 valid=1.0000 routes=13.774 grad=4.7016 seconds=38.8
Epoch 4144/5000: score=17.241544 loss=-0.463072 valid=1.0000 routes=13.715 grad=5.6865 seconds=38.6
Epoch 4145/5000: score=17.610982 loss=-0.471850 valid=1.0000 routes=14.286 grad=5.3046 seconds=38.3
Epoch 4146/5000: score=17.306758 loss=-0.501897 valid=1.0000 routes=15.341 grad=5.4937 seconds=38.8
Epoch 4147/5000: score=17.440639 loss=-0.469983 valid=1.0000 routes=14.821 grad=5.5052 seconds=38.1
Epoch 4148/5000: score=16.318904 loss=-0.426756 valid=1.0000 routes=12.989 grad=4.7961 seconds=38.5
Epoch 4149/5000: score=17.829039 loss=-0.477838 valid=1.0000 routes=15.037 grad=5.7108 seconds=38.2
Epoch 4150/5000: score=16.558170 loss=-0.439145 valid=1.0000 routes=13.626 grad=4.7628 seconds=38.2
Epoch 4151/5000: score=16.748168 loss=-0.464217 valid=1.0000 routes=13.922 grad=5.0549 seconds=38.8
Epoch 4152/5000: score=16.873973 loss=-0.455493 valid=1.0000 routes=13.792 grad=5.1984 seconds=38.4
Epoch 4153/5000: score=17.258108 loss=-0.475223 valid=1.0000 routes=14.499 grad=5.1952 seconds=38.5
Epoch 4154/5000: score=16.375156 loss=-0.430818 valid=1.0000 routes=13.446 grad=4.8605 seconds=38.4
Epoch 4155/5000: score=17.300129 loss=-0.485950 valid=1.0000 routes=14.731 grad=4.9380 seconds=38.6
Epoch 4156/5000: score=18.048506 loss=-0.488358 valid=1.0000 routes=14.928 grad=5.7880 seconds=38.8
Epoch 4157/5000: score=17.699936 loss=-0.491742 valid=1.0000 routes=15.262 grad=5.1428 seconds=38.7
Epoch 4158/5000: score=17.131975 loss=-0.463200 valid=1.0000 routes=13.558 grad=5.1043 seconds=38.6
Epoch 4159/5000: score=17.757489 loss=-0.491117 valid=1.0000 routes=14.436 grad=5.2236 seconds=39.0
Epoch 4160/5000: score=17.320777 loss=-0.467529 valid=1.0000 routes=14.555 grad=5.2278 seconds=38.3
Epoch 4161/5000: score=17.267255 loss=-0.468652 valid=1.0000 routes=13.924 grad=4.8191 seconds=38.6
Epoch 4162/5000: score=16.198712 loss=-0.445109 valid=1.0000 routes=13.157 grad=4.6692 seconds=38.3
Epoch 4163/5000: score=16.813320 loss=-0.453936 valid=1.0000 routes=14.242 grad=5.0101 seconds=38.7
Epoch 4164/5000: score=16.725403 loss=-0.433556 valid=1.0000 routes=13.494 grad=4.9763 seconds=38.3
Epoch 4165/5000: score=17.333443 loss=-0.463697 valid=1.0000 routes=14.049 grad=5.1635 seconds=38.0
Epoch 4166/5000: score=16.379692 loss=-0.447613 valid=1.0000 routes=13.198 grad=5.3678 seconds=38.8
Epoch 4167/5000: score=16.120616 loss=-0.444766 valid=1.0000 routes=13.602 grad=4.8210 seconds=38.1
Epoch 4168/5000: score=16.328304 loss=-0.438288 valid=1.0000 routes=14.352 grad=5.0313 seconds=38.3
Epoch 4169/5000: score=17.585156 loss=-0.457958 valid=1.0000 routes=14.139 grad=6.3178 seconds=38.0
Epoch 4170/5000: score=17.230604 loss=-0.471839 valid=1.0000 routes=15.888 grad=5.3201 seconds=37.9
Epoch 4171/5000: score=17.409551 loss=-0.460697 valid=1.0000 routes=14.078 grad=5.0393 seconds=38.7
Epoch 4172/5000: score=15.763650 loss=-0.449074 valid=1.0000 routes=14.184 grad=4.8373 seconds=38.5
Epoch 4173/5000: score=17.499267 loss=-0.464870 valid=1.0000 routes=13.695 grad=5.8162 seconds=38.2
Epoch 4174/5000: score=17.012635 loss=-0.473888 valid=1.0000 routes=14.237 grad=5.2158 seconds=38.4
Epoch 4175/5000: score=17.232609 loss=-0.469098 valid=1.0000 routes=14.300 grad=5.4254 seconds=38.3
Epoch 4176/5000: score=16.727150 loss=-0.455258 valid=1.0000 routes=14.870 grad=5.4403 seconds=38.7
Epoch 4177/5000: score=18.230176 loss=-0.513803 valid=1.0000 routes=16.546 grad=5.6492 seconds=38.2
Epoch 4178/5000: score=16.094676 loss=-0.430737 valid=1.0000 routes=12.821 grad=4.4321 seconds=38.1
Epoch 4179/5000: score=18.112032 loss=-0.471047 valid=1.0000 routes=14.786 grad=5.1443 seconds=38.2
Epoch 4180/5000: score=16.614200 loss=-0.420192 valid=1.0000 routes=13.826 grad=4.9128 seconds=38.3
Epoch 4181/5000: score=17.486020 loss=-0.469798 valid=1.0000 routes=14.350 grad=5.4324 seconds=38.4
Epoch 4182/5000: score=17.035813 loss=-0.461981 valid=1.0000 routes=14.141 grad=5.3165 seconds=39.0
Epoch 4183/5000: score=16.158363 loss=-0.431073 valid=1.0000 routes=13.397 grad=4.7787 seconds=38.1
Epoch 4184/5000: score=16.474894 loss=-0.434982 valid=1.0000 routes=14.287 grad=4.8293 seconds=38.8
Epoch 4185/5000: score=16.742709 loss=-0.454723 valid=1.0000 routes=14.347 grad=5.1422 seconds=38.3
Epoch 4186/5000: score=17.588250 loss=-0.484547 valid=1.0000 routes=14.073 grad=5.7272 seconds=38.7
Epoch 4187/5000: score=16.538159 loss=-0.456996 valid=1.0000 routes=14.364 grad=5.7930 seconds=38.7
Epoch 4188/5000: score=16.508356 loss=-0.466905 valid=1.0000 routes=13.944 grad=5.3064 seconds=38.2
Epoch 4189/5000: score=16.682349 loss=-0.449033 valid=1.0000 routes=14.018 grad=5.0293 seconds=38.2
Epoch 4190/5000: score=17.468529 loss=-0.455920 valid=1.0000 routes=14.621 grad=5.3600 seconds=38.0
Epoch 4191/5000: score=16.534377 loss=-0.453248 valid=1.0000 routes=13.985 grad=5.0644 seconds=38.3
Epoch 4192/5000: score=17.985614 loss=-0.512017 valid=1.0000 routes=14.741 grad=5.7455 seconds=38.3
Epoch 4193/5000: score=17.817658 loss=-0.466331 valid=1.0000 routes=14.530 grad=5.4011 seconds=38.7
Epoch 4194/5000: score=16.931486 loss=-0.448878 valid=1.0000 routes=13.376 grad=5.1376 seconds=38.1
Epoch 4195/5000: score=15.721900 loss=-0.406829 valid=1.0000 routes=13.699 grad=4.5006 seconds=38.7
>> Invalid instances, Re-generating ...
Epoch 4196/5000: score=17.095339 loss=-0.477156 valid=1.0000 routes=14.682 grad=5.4293 seconds=38.3
Epoch 4197/5000: score=17.959692 loss=-0.480290 valid=1.0000 routes=13.583 grad=5.6105 seconds=38.9
Epoch 4198/5000: score=17.898384 loss=-0.493101 valid=1.0000 routes=16.223 grad=5.6231 seconds=38.5
Epoch 4199/5000: score=16.492757 loss=-0.443480 valid=1.0000 routes=13.496 grad=4.7802 seconds=38.6
Epoch 4200/5000: score=16.777114 loss=-0.461445 valid=1.0000 routes=14.719 grad=5.3494 seconds=38.9
Epoch 4201/5000: score=16.605087 loss=-0.435938 valid=1.0000 routes=13.801 grad=5.0844 seconds=37.7
Epoch 4202/5000: score=16.272213 loss=-0.437198 valid=1.0000 routes=14.273 grad=5.1221 seconds=38.6
>> Invalid instances, Re-generating ...
Epoch 4203/5000: score=17.993571 loss=-0.476640 valid=1.0000 routes=14.433 grad=5.2574 seconds=38.8
Epoch 4204/5000: score=18.328698 loss=-0.510369 valid=1.0000 routes=15.497 grad=6.3919 seconds=38.6
>> Invalid instances, Re-generating ...
Epoch 4205/5000: score=16.515986 loss=-0.467866 valid=1.0000 routes=14.458 grad=5.2025 seconds=38.6
Epoch 4206/5000: score=16.667004 loss=-0.475647 valid=1.0000 routes=14.644 grad=5.1113 seconds=38.1
Epoch 4207/5000: score=18.001948 loss=-0.484313 valid=1.0000 routes=14.608 grad=6.0976 seconds=38.7
Epoch 4208/5000: score=17.289323 loss=-0.467999 valid=1.0000 routes=14.299 grad=5.3792 seconds=38.2
Epoch 4209/5000: score=17.969824 loss=-0.503412 valid=1.0000 routes=15.684 grad=5.7881 seconds=39.0
Epoch 4210/5000: score=17.633397 loss=-0.458863 valid=1.0000 routes=14.298 grad=5.2502 seconds=38.3
Epoch 4211/5000: score=16.984058 loss=-0.453230 valid=1.0000 routes=14.397 grad=5.2024 seconds=38.2
Epoch 4212/5000: score=17.355833 loss=-0.453657 valid=1.0000 routes=14.474 grad=5.3850 seconds=38.5
Epoch 4213/5000: score=17.012592 loss=-0.430354 valid=1.0000 routes=13.939 grad=5.1813 seconds=37.7
Epoch 4214/5000: score=16.197584 loss=-0.419473 valid=1.0000 routes=13.567 grad=4.5202 seconds=38.8
Epoch 4215/5000: score=17.401108 loss=-0.491952 valid=1.0000 routes=15.552 grad=5.5312 seconds=38.7
Epoch 4216/5000: score=17.558033 loss=-0.477551 valid=1.0000 routes=14.600 grad=5.3568 seconds=38.1
Epoch 4217/5000: score=16.618424 loss=-0.458940 valid=1.0000 routes=13.870 grad=5.4008 seconds=38.7
Epoch 4218/5000: score=17.003681 loss=-0.454717 valid=1.0000 routes=14.356 grad=4.9511 seconds=37.7
Epoch 4219/5000: score=18.063667 loss=-0.466345 valid=1.0000 routes=14.389 grad=5.6840 seconds=38.5
Epoch 4220/5000: score=17.513255 loss=-0.490471 valid=1.0000 routes=14.514 grad=5.7301 seconds=38.1
Epoch 4221/5000: score=17.205029 loss=-0.472042 valid=1.0000 routes=15.130 grad=5.4260 seconds=38.5
Epoch 4222/5000: score=17.564336 loss=-0.487108 valid=1.0000 routes=14.935 grad=5.5882 seconds=38.8
Epoch 4223/5000: score=18.271111 loss=-0.492998 valid=1.0000 routes=15.345 grad=5.9805 seconds=37.9
Epoch 4224/5000: score=16.333531 loss=-0.437192 valid=1.0000 routes=13.584 grad=4.7563 seconds=38.4
Epoch 4225/5000: score=15.794500 loss=-0.411477 valid=1.0000 routes=13.581 grad=5.1213 seconds=37.9
Epoch 4226/5000: score=16.464581 loss=-0.431432 valid=1.0000 routes=13.692 grad=4.7493 seconds=38.7
Epoch 4227/5000: score=17.586195 loss=-0.471925 valid=1.0000 routes=14.207 grad=5.4905 seconds=38.2
Epoch 4228/5000: score=15.716775 loss=-0.425644 valid=1.0000 routes=13.105 grad=4.1023 seconds=38.1
Epoch 4229/5000: score=18.001538 loss=-0.473946 valid=1.0000 routes=15.069 grad=5.4540 seconds=38.5
Epoch 4230/5000: score=17.167930 loss=-0.455169 valid=1.0000 routes=14.122 grad=5.2083 seconds=37.7
Epoch 4231/5000: score=18.286378 loss=-0.481142 valid=1.0000 routes=14.744 grad=5.6881 seconds=38.7
Epoch 4232/5000: score=17.027884 loss=-0.468297 valid=1.0000 routes=15.178 grad=5.1754 seconds=38.1
Epoch 4233/5000: score=16.757472 loss=-0.455105 valid=1.0000 routes=14.785 grad=5.2641 seconds=38.0
Epoch 4234/5000: score=15.645436 loss=-0.426148 valid=1.0000 routes=13.006 grad=4.6332 seconds=38.7
Epoch 4235/5000: score=16.728391 loss=-0.456383 valid=1.0000 routes=14.474 grad=5.3322 seconds=38.5
Epoch 4236/5000: score=17.240641 loss=-0.470057 valid=1.0000 routes=14.188 grad=5.2261 seconds=38.9
Epoch 4237/5000: score=16.596612 loss=-0.446748 valid=1.0000 routes=14.199 grad=5.1653 seconds=38.3
Epoch 4238/5000: score=17.125295 loss=-0.470770 valid=1.0000 routes=14.984 grad=5.5801 seconds=38.5
Epoch 4239/5000: score=17.364522 loss=-0.475018 valid=1.0000 routes=14.550 grad=5.4737 seconds=38.5
Epoch 4240/5000: score=16.615431 loss=-0.427203 valid=1.0000 routes=13.638 grad=5.1250 seconds=37.9
Epoch 4241/5000: score=16.290995 loss=-0.427629 valid=1.0000 routes=13.839 grad=4.6776 seconds=38.4
Epoch 4242/5000: score=16.389744 loss=-0.426550 valid=1.0000 routes=13.979 grad=4.9426 seconds=38.2
Epoch 4243/5000: score=15.843847 loss=-0.440748 valid=1.0000 routes=13.145 grad=4.6687 seconds=38.2
Epoch 4244/5000: score=17.657049 loss=-0.492920 valid=1.0000 routes=14.973 grad=5.4781 seconds=38.5
Epoch 4245/5000: score=17.141532 loss=-0.445417 valid=1.0000 routes=14.591 grad=4.8679 seconds=37.9
Epoch 4246/5000: score=17.121274 loss=-0.459380 valid=1.0000 routes=14.913 grad=5.6874 seconds=38.8
Epoch 4247/5000: score=16.748404 loss=-0.450633 valid=1.0000 routes=14.220 grad=5.3790 seconds=37.9
Epoch 4248/5000: score=17.178872 loss=-0.458187 valid=1.0000 routes=13.117 grad=5.3503 seconds=38.6
Epoch 4249/5000: score=17.247095 loss=-0.458132 valid=1.0000 routes=14.644 grad=5.4790 seconds=38.2
Epoch 4250/5000: score=16.992663 loss=-0.468698 valid=1.0000 routes=14.722 grad=5.3857 seconds=37.8
Epoch 4251/5000: score=16.806868 loss=-0.449178 valid=1.0000 routes=14.551 grad=5.2545 seconds=39.1
Epoch 4252/5000: score=16.766619 loss=-0.457895 valid=1.0000 routes=13.842 grad=5.0820 seconds=37.9
Epoch 4253/5000: score=17.286665 loss=-0.471731 valid=1.0000 routes=14.574 grad=5.3278 seconds=38.5
Epoch 4254/5000: score=15.741481 loss=-0.445837 valid=1.0000 routes=14.191 grad=5.0188 seconds=38.7
Epoch 4255/5000: score=17.196738 loss=-0.475643 valid=1.0000 routes=13.800 grad=5.2642 seconds=38.5
Epoch 4256/5000: score=16.251876 loss=-0.430956 valid=1.0000 routes=13.341 grad=5.0274 seconds=38.8
Epoch 4257/5000: score=16.680902 loss=-0.427975 valid=1.0000 routes=13.401 grad=4.9562 seconds=37.9
Epoch 4258/5000: score=16.514455 loss=-0.436615 valid=1.0000 routes=14.312 grad=5.1591 seconds=38.4
Epoch 4259/5000: score=16.161771 loss=-0.435114 valid=1.0000 routes=14.425 grad=4.7100 seconds=38.2
Epoch 4260/5000: score=18.086391 loss=-0.489272 valid=1.0000 routes=14.709 grad=5.7482 seconds=38.5
Epoch 4261/5000: score=16.605535 loss=-0.439101 valid=1.0000 routes=14.090 grad=5.2927 seconds=38.5
Epoch 4262/5000: score=16.359374 loss=-0.441543 valid=1.0000 routes=14.991 grad=5.0086 seconds=38.3
Epoch 4263/5000: score=17.084772 loss=-0.464645 valid=1.0000 routes=14.596 grad=5.9217 seconds=39.0
Epoch 4264/5000: score=16.878344 loss=-0.472196 valid=1.0000 routes=13.809 grad=5.1797 seconds=38.6
Epoch 4265/5000: score=16.542417 loss=-0.451524 valid=1.0000 routes=14.391 grad=5.2537 seconds=38.5
Epoch 4266/5000: score=18.377519 loss=-0.500828 valid=1.0000 routes=15.222 grad=6.2721 seconds=38.5
Epoch 4267/5000: score=17.403668 loss=-0.468637 valid=1.0000 routes=14.644 grad=5.2874 seconds=38.7
Epoch 4268/5000: score=16.630919 loss=-0.452251 valid=1.0000 routes=14.349 grad=5.1833 seconds=39.1
Epoch 4269/5000: score=16.805534 loss=-0.456485 valid=1.0000 routes=13.998 grad=5.0219 seconds=37.7
Epoch 4270/5000: score=17.694309 loss=-0.464675 valid=1.0000 routes=14.297 grad=5.5248 seconds=38.7
Epoch 4271/5000: score=17.159973 loss=-0.468291 valid=1.0000 routes=14.354 grad=5.2319 seconds=38.9
Epoch 4272/5000: score=17.784944 loss=-0.469756 valid=1.0000 routes=14.953 grad=5.2572 seconds=38.7
Epoch 4273/5000: score=16.480105 loss=-0.426922 valid=1.0000 routes=13.355 grad=4.8112 seconds=39.1
Epoch 4274/5000: score=16.228427 loss=-0.446598 valid=1.0000 routes=14.618 grad=5.3014 seconds=37.8
Epoch 4275/5000: score=16.439007 loss=-0.458147 valid=1.0000 routes=13.516 grad=5.4343 seconds=39.0
Epoch 4276/5000: score=16.991458 loss=-0.472678 valid=1.0000 routes=14.429 grad=5.1219 seconds=38.1
Epoch 4277/5000: score=17.679507 loss=-0.476146 valid=1.0000 routes=15.577 grad=5.5708 seconds=38.6
Epoch 4278/5000: score=16.498792 loss=-0.446300 valid=1.0000 routes=13.985 grad=4.9526 seconds=38.5
Epoch 4279/5000: score=16.591480 loss=-0.431868 valid=1.0000 routes=13.472 grad=4.7570 seconds=38.3
Epoch 4280/5000: score=16.425474 loss=-0.442608 valid=1.0000 routes=14.361 grad=4.8780 seconds=38.9
Epoch 4281/5000: score=16.241922 loss=-0.438953 valid=1.0000 routes=13.479 grad=5.0249 seconds=38.0
Epoch 4282/5000: score=16.285096 loss=-0.453582 valid=1.0000 routes=14.106 grad=5.4248 seconds=38.7
Epoch 4283/5000: score=16.863290 loss=-0.462090 valid=1.0000 routes=14.961 grad=4.7981 seconds=38.6
Epoch 4284/5000: score=16.659828 loss=-0.436618 valid=1.0000 routes=14.383 grad=4.9521 seconds=38.3
Epoch 4285/5000: score=17.053593 loss=-0.452301 valid=1.0000 routes=13.856 grad=5.3169 seconds=38.7
Epoch 4286/5000: score=17.503737 loss=-0.458291 valid=1.0000 routes=13.970 grad=5.5609 seconds=38.2
Epoch 4287/5000: score=16.618003 loss=-0.443680 valid=1.0000 routes=13.503 grad=5.1627 seconds=38.0
Epoch 4288/5000: score=16.399163 loss=-0.453411 valid=1.0000 routes=13.991 grad=4.7895 seconds=38.6
Epoch 4289/5000: score=16.873598 loss=-0.437856 valid=1.0000 routes=13.465 grad=5.5809 seconds=38.0
>> Invalid instances, Re-generating ...
Epoch 4290/5000: score=16.956588 loss=-0.470247 valid=1.0000 routes=14.500 grad=5.1615 seconds=39.1
Epoch 4291/5000: score=17.681532 loss=-0.482478 valid=1.0000 routes=15.335 grad=5.4597 seconds=38.6
Epoch 4292/5000: score=16.782127 loss=-0.458500 valid=1.0000 routes=14.162 grad=5.5060 seconds=38.7
Epoch 4293/5000: score=16.040541 loss=-0.429962 valid=1.0000 routes=12.837 grad=4.7459 seconds=38.6
Epoch 4294/5000: score=17.638292 loss=-0.466432 valid=1.0000 routes=14.492 grad=5.6626 seconds=38.6
Epoch 4295/5000: score=17.369134 loss=-0.474780 valid=1.0000 routes=14.691 grad=5.3719 seconds=38.8
Epoch 4296/5000: score=16.708270 loss=-0.438840 valid=1.0000 routes=14.167 grad=5.2888 seconds=38.3
Epoch 4297/5000: score=16.926178 loss=-0.457962 valid=1.0000 routes=15.033 grad=5.1648 seconds=38.9
Epoch 4298/5000: score=17.770888 loss=-0.481412 valid=1.0000 routes=14.740 grad=5.5496 seconds=38.1
Epoch 4299/5000: score=15.587724 loss=-0.418829 valid=1.0000 routes=13.182 grad=4.6762 seconds=38.7
Epoch 4300/5000: score=16.384977 loss=-0.448903 valid=1.0000 routes=14.624 grad=4.9690 seconds=39.0
Epoch 4301/5000: score=17.024945 loss=-0.474262 valid=1.0000 routes=14.267 grad=5.4373 seconds=38.1
Epoch 4302/5000: score=15.677319 loss=-0.442612 valid=1.0000 routes=13.593 grad=4.5010 seconds=38.9
Epoch 4303/5000: score=16.597126 loss=-0.438162 valid=1.0000 routes=13.334 grad=5.4429 seconds=38.5
Epoch 4304/5000: score=15.932677 loss=-0.418790 valid=1.0000 routes=12.971 grad=4.6210 seconds=38.8
Epoch 4305/5000: score=16.115177 loss=-0.438049 valid=1.0000 routes=14.023 grad=5.2724 seconds=38.7
Epoch 4306/5000: score=16.945826 loss=-0.466728 valid=1.0000 routes=13.733 grad=6.0124 seconds=38.6
Epoch 4307/5000: score=17.895728 loss=-0.471154 valid=1.0000 routes=14.047 grad=5.5570 seconds=38.8
Epoch 4308/5000: score=16.708822 loss=-0.432676 valid=1.0000 routes=13.263 grad=5.0523 seconds=38.6
>> Invalid instances, Re-generating ...
Epoch 4309/5000: score=16.567007 loss=-0.438350 valid=1.0000 routes=13.562 grad=5.6855 seconds=38.7
Epoch 4310/5000: score=17.114184 loss=-0.465514 valid=1.0000 routes=14.446 grad=5.2156 seconds=38.5
Epoch 4311/5000: score=16.938096 loss=-0.463255 valid=1.0000 routes=13.975 grad=5.2367 seconds=38.5
Epoch 4312/5000: score=17.278432 loss=-0.451706 valid=1.0000 routes=13.829 grad=5.3099 seconds=39.0
Epoch 4313/5000: score=16.466615 loss=-0.409594 valid=1.0000 routes=13.479 grad=4.8111 seconds=38.3
Epoch 4314/5000: score=17.633349 loss=-0.495657 valid=1.0000 routes=14.888 grad=5.5125 seconds=39.5
Epoch 4315/5000: score=17.401750 loss=-0.469769 valid=1.0000 routes=14.696 grad=5.1371 seconds=38.6
Epoch 4316/5000: score=17.543405 loss=-0.495233 valid=1.0000 routes=15.787 grad=6.1619 seconds=38.2
Epoch 4317/5000: score=17.330003 loss=-0.464697 valid=1.0000 routes=14.123 grad=5.4692 seconds=39.1
Epoch 4318/5000: score=17.625537 loss=-0.464677 valid=1.0000 routes=14.360 grad=5.2987 seconds=38.4
Epoch 4319/5000: score=16.841543 loss=-0.453826 valid=1.0000 routes=15.053 grad=4.9515 seconds=38.8
Epoch 4320/5000: score=17.414285 loss=-0.465060 valid=1.0000 routes=14.578 grad=5.4832 seconds=38.6
Epoch 4321/5000: score=17.823464 loss=-0.482618 valid=1.0000 routes=15.299 grad=5.6967 seconds=38.6
Epoch 4322/5000: score=18.432649 loss=-0.504092 valid=1.0000 routes=15.725 grad=6.1674 seconds=38.9
Epoch 4323/5000: score=16.448347 loss=-0.437677 valid=1.0000 routes=13.633 grad=4.9177 seconds=38.6
Epoch 4324/5000: score=18.148990 loss=-0.476921 valid=1.0000 routes=14.912 grad=5.6944 seconds=39.1
Epoch 4325/5000: score=18.180411 loss=-0.512059 valid=1.0000 routes=14.874 grad=5.5536 seconds=37.8
Epoch 4326/5000: score=17.776236 loss=-0.465282 valid=1.0000 routes=14.710 grad=5.4339 seconds=38.7
Epoch 4327/5000: score=17.333799 loss=-0.472114 valid=1.0000 routes=14.603 grad=5.1921 seconds=38.7
Epoch 4328/5000: score=16.115307 loss=-0.436947 valid=1.0000 routes=13.476 grad=4.7782 seconds=38.5
Epoch 4329/5000: score=16.740214 loss=-0.469013 valid=1.0000 routes=14.789 grad=5.4914 seconds=38.7
Epoch 4330/5000: score=17.029271 loss=-0.477643 valid=1.0000 routes=14.293 grad=5.4381 seconds=38.4
Epoch 4331/5000: score=17.535097 loss=-0.455365 valid=1.0000 routes=13.792 grad=5.7379 seconds=38.8
Epoch 4332/5000: score=17.737356 loss=-0.470827 valid=1.0000 routes=15.197 grad=5.8432 seconds=38.3
Epoch 4333/5000: score=16.827889 loss=-0.457144 valid=1.0000 routes=14.216 grad=5.1927 seconds=38.6
Epoch 4334/5000: score=16.843750 loss=-0.448716 valid=1.0000 routes=14.973 grad=4.9303 seconds=38.7
Epoch 4335/5000: score=17.345169 loss=-0.472713 valid=1.0000 routes=14.404 grad=5.5240 seconds=38.4
Epoch 4336/5000: score=16.350888 loss=-0.425517 valid=1.0000 routes=13.244 grad=5.0819 seconds=38.5
Epoch 4337/5000: score=16.324911 loss=-0.456674 valid=1.0000 routes=13.287 grad=5.2468 seconds=38.7
Epoch 4338/5000: score=18.020102 loss=-0.493292 valid=1.0000 routes=15.185 grad=5.6031 seconds=38.4
Epoch 4339/5000: score=15.998538 loss=-0.425830 valid=1.0000 routes=12.579 grad=4.6847 seconds=38.3
Epoch 4340/5000: score=17.239905 loss=-0.470181 valid=1.0000 routes=14.718 grad=5.8033 seconds=38.3
Epoch 4341/5000: score=17.244118 loss=-0.476929 valid=1.0000 routes=15.098 grad=5.5263 seconds=38.7
Epoch 4342/5000: score=16.752104 loss=-0.440799 valid=1.0000 routes=14.035 grad=4.9088 seconds=37.9
Epoch 4343/5000: score=16.779163 loss=-0.467292 valid=1.0000 routes=13.883 grad=4.9935 seconds=38.2
Epoch 4344/5000: score=16.439533 loss=-0.434273 valid=1.0000 routes=13.725 grad=5.3396 seconds=38.2
Epoch 4345/5000: score=16.510508 loss=-0.463316 valid=1.0000 routes=13.874 grad=5.5522 seconds=38.4
Epoch 4346/5000: score=16.788903 loss=-0.461342 valid=1.0000 routes=13.879 grad=5.1666 seconds=38.9
Epoch 4347/5000: score=18.268803 loss=-0.509702 valid=1.0000 routes=15.650 grad=6.0462 seconds=38.2
Epoch 4348/5000: score=16.456772 loss=-0.462519 valid=1.0000 routes=13.563 grad=5.3573 seconds=38.4
Epoch 4349/5000: score=17.215884 loss=-0.458521 valid=1.0000 routes=14.665 grad=5.3928 seconds=37.9
Epoch 4350/5000: score=17.770970 loss=-0.496976 valid=1.0000 routes=14.323 grad=5.9082 seconds=38.5
Epoch 4351/5000: score=16.941999 loss=-0.484564 valid=1.0000 routes=14.970 grad=5.2052 seconds=38.9
Epoch 4352/5000: score=18.321750 loss=-0.478635 valid=1.0000 routes=14.879 grad=5.3668 seconds=38.1
Epoch 4353/5000: score=17.549561 loss=-0.477079 valid=1.0000 routes=15.380 grad=5.7760 seconds=39.3
Epoch 4354/5000: score=17.147528 loss=-0.443163 valid=1.0000 routes=14.038 grad=5.7140 seconds=37.7
Epoch 4355/5000: score=17.121826 loss=-0.440963 valid=1.0000 routes=14.225 grad=5.7760 seconds=38.5
Epoch 4356/5000: score=18.645770 loss=-0.490006 valid=1.0000 routes=15.521 grad=6.1161 seconds=38.5
Epoch 4357/5000: score=16.836495 loss=-0.460274 valid=1.0000 routes=14.301 grad=5.1154 seconds=38.6
Epoch 4358/5000: score=16.550976 loss=-0.424368 valid=1.0000 routes=14.285 grad=5.1526 seconds=38.6
Epoch 4359/5000: score=16.465112 loss=-0.417598 valid=1.0000 routes=13.300 grad=4.5343 seconds=38.6
Epoch 4360/5000: score=16.844798 loss=-0.476623 valid=1.0000 routes=15.422 grad=4.8939 seconds=38.8
Epoch 4361/5000: score=17.308946 loss=-0.465615 valid=1.0000 routes=14.865 grad=5.6716 seconds=38.4
Epoch 4362/5000: score=16.926139 loss=-0.426012 valid=1.0000 routes=14.196 grad=5.6528 seconds=38.4
>> Invalid instances, Re-generating ...
Epoch 4363/5000: score=18.057816 loss=-0.485146 valid=1.0000 routes=14.000 grad=5.5305 seconds=38.6
Epoch 4364/5000: score=16.664822 loss=-0.436755 valid=1.0000 routes=13.114 grad=5.3306 seconds=38.3
Epoch 4365/5000: score=16.400225 loss=-0.451973 valid=1.0000 routes=13.670 grad=5.5628 seconds=38.6
Epoch 4366/5000: score=17.638783 loss=-0.491256 valid=1.0000 routes=15.300 grad=5.5459 seconds=38.2
Epoch 4367/5000: score=16.792995 loss=-0.471529 valid=1.0000 routes=15.158 grad=5.2066 seconds=38.6
Epoch 4368/5000: score=16.709559 loss=-0.417955 valid=1.0000 routes=13.594 grad=4.9921 seconds=38.6
Epoch 4369/5000: score=16.453101 loss=-0.440287 valid=1.0000 routes=13.658 grad=4.9977 seconds=38.7
Epoch 4370/5000: score=17.402641 loss=-0.472578 valid=1.0000 routes=14.542 grad=5.1350 seconds=38.8
Epoch 4371/5000: score=17.450925 loss=-0.492717 valid=1.0000 routes=14.762 grad=6.0021 seconds=38.5
Epoch 4372/5000: score=17.171670 loss=-0.479161 valid=1.0000 routes=14.926 grad=5.4944 seconds=38.3
Epoch 4373/5000: score=18.633849 loss=-0.499081 valid=1.0000 routes=14.741 grad=6.0209 seconds=38.5
Epoch 4374/5000: score=17.482265 loss=-0.479071 valid=1.0000 routes=14.547 grad=5.4120 seconds=38.3
Epoch 4375/5000: score=16.143321 loss=-0.424998 valid=1.0000 routes=13.815 grad=4.6037 seconds=38.7
Epoch 4376/5000: score=16.035872 loss=-0.423014 valid=1.0000 routes=13.858 grad=5.1002 seconds=38.5
Epoch 4377/5000: score=17.204147 loss=-0.469926 valid=1.0000 routes=14.598 grad=5.8518 seconds=38.8
Epoch 4378/5000: score=17.598794 loss=-0.465001 valid=1.0000 routes=14.617 grad=5.3876 seconds=38.3
Epoch 4379/5000: score=16.577523 loss=-0.445326 valid=1.0000 routes=14.126 grad=5.2687 seconds=38.3
Epoch 4380/5000: score=16.781700 loss=-0.464868 valid=1.0000 routes=14.668 grad=5.5843 seconds=38.7
Epoch 4381/5000: score=15.644235 loss=-0.414976 valid=1.0000 routes=12.632 grad=4.8937 seconds=38.3
Epoch 4382/5000: score=16.373676 loss=-0.425398 valid=1.0000 routes=13.865 grad=5.1514 seconds=39.2
Epoch 4383/5000: score=18.168452 loss=-0.473796 valid=1.0000 routes=14.800 grad=5.3440 seconds=38.1
Epoch 4384/5000: score=17.296090 loss=-0.462325 valid=1.0000 routes=14.619 grad=5.6293 seconds=38.7
Epoch 4385/5000: score=16.619551 loss=-0.450288 valid=1.0000 routes=14.355 grad=4.9398 seconds=38.8
Epoch 4386/5000: score=17.116735 loss=-0.465101 valid=1.0000 routes=13.720 grad=5.6447 seconds=38.5
Epoch 4387/5000: score=17.409018 loss=-0.465986 valid=1.0000 routes=14.027 grad=5.3522 seconds=39.0
Epoch 4388/5000: score=16.807574 loss=-0.441610 valid=1.0000 routes=14.079 grad=5.7840 seconds=38.1
Epoch 4389/5000: score=16.546455 loss=-0.429556 valid=1.0000 routes=13.889 grad=4.6462 seconds=38.6
Epoch 4390/5000: score=16.864563 loss=-0.449992 valid=1.0000 routes=14.464 grad=5.8275 seconds=38.7
Epoch 4391/5000: score=16.867760 loss=-0.462673 valid=1.0000 routes=15.119 grad=5.6356 seconds=38.7
Epoch 4392/5000: score=16.316312 loss=-0.459114 valid=1.0000 routes=13.842 grad=5.4592 seconds=39.2
Epoch 4393/5000: score=17.527764 loss=-0.484645 valid=1.0000 routes=14.929 grad=5.2675 seconds=38.3
Epoch 4394/5000: score=18.271617 loss=-0.500957 valid=1.0000 routes=14.847 grad=6.3079 seconds=38.8
Epoch 4395/5000: score=16.263451 loss=-0.425258 valid=1.0000 routes=14.219 grad=4.8145 seconds=38.6
Epoch 4396/5000: score=16.480782 loss=-0.448249 valid=1.0000 routes=13.209 grad=5.1013 seconds=38.4
Epoch 4397/5000: score=17.270511 loss=-0.474673 valid=1.0000 routes=14.697 grad=5.3379 seconds=38.5
Epoch 4398/5000: score=17.437881 loss=-0.485610 valid=1.0000 routes=14.740 grad=5.5870 seconds=38.3
Epoch 4399/5000: score=16.462711 loss=-0.451908 valid=1.0000 routes=14.949 grad=5.1483 seconds=39.3
>> Invalid instances, Re-generating ...
Epoch 4400/5000: score=16.525053 loss=-0.429950 valid=1.0000 routes=13.876 grad=4.8678 seconds=38.4
Epoch 4401/5000: score=18.124619 loss=-0.491165 valid=1.0000 routes=15.128 grad=6.0107 seconds=38.8
Epoch 4402/5000: score=17.063481 loss=-0.448185 valid=1.0000 routes=14.174 grad=5.1051 seconds=38.6
Epoch 4403/5000: score=17.588023 loss=-0.462373 valid=1.0000 routes=14.187 grad=5.6862 seconds=38.0
Epoch 4404/5000: score=17.070571 loss=-0.451774 valid=1.0000 routes=13.836 grad=5.3404 seconds=39.3
Epoch 4405/5000: score=17.491286 loss=-0.472453 valid=1.0000 routes=15.079 grad=5.3862 seconds=38.1
Epoch 4406/5000: score=16.861048 loss=-0.457303 valid=1.0000 routes=14.094 grad=5.1708 seconds=38.5
Epoch 4407/5000: score=16.537910 loss=-0.438575 valid=1.0000 routes=13.890 grad=4.9222 seconds=38.5
Epoch 4408/5000: score=16.349894 loss=-0.451383 valid=1.0000 routes=14.725 grad=4.7732 seconds=38.3
Epoch 4409/5000: score=16.569634 loss=-0.436809 valid=1.0000 routes=14.968 grad=5.0200 seconds=38.9
Epoch 4410/5000: score=17.691530 loss=-0.468984 valid=1.0000 routes=14.250 grad=6.0895 seconds=38.2
Epoch 4411/5000: score=16.648403 loss=-0.463089 valid=1.0000 routes=14.596 grad=5.7407 seconds=38.9
Epoch 4412/5000: score=17.304189 loss=-0.498116 valid=1.0000 routes=14.757 grad=5.2437 seconds=37.8
Epoch 4413/5000: score=17.509232 loss=-0.458454 valid=1.0000 routes=14.479 grad=5.4354 seconds=38.7
Epoch 4414/5000: score=16.720803 loss=-0.455698 valid=1.0000 routes=13.579 grad=5.1815 seconds=38.4
Epoch 4415/5000: score=16.315902 loss=-0.460998 valid=1.0000 routes=14.685 grad=4.9804 seconds=38.8
Epoch 4416/5000: score=16.501882 loss=-0.444571 valid=1.0000 routes=13.882 grad=4.9113 seconds=38.9
Epoch 4417/5000: score=16.539668 loss=-0.439934 valid=1.0000 routes=13.948 grad=4.8860 seconds=38.2
Epoch 4418/5000: score=16.693302 loss=-0.443532 valid=1.0000 routes=14.055 grad=6.4948 seconds=38.9
Epoch 4419/5000: score=16.927518 loss=-0.466743 valid=1.0000 routes=15.000 grad=5.2841 seconds=38.5
Epoch 4420/5000: score=17.010510 loss=-0.457742 valid=1.0000 routes=13.898 grad=5.3509 seconds=38.5
Epoch 4421/5000: score=16.723522 loss=-0.448430 valid=1.0000 routes=13.968 grad=4.8443 seconds=38.7
Epoch 4422/5000: score=16.883377 loss=-0.435682 valid=1.0000 routes=13.542 grad=4.8952 seconds=38.4
Epoch 4423/5000: score=16.912835 loss=-0.448450 valid=1.0000 routes=14.113 grad=4.9993 seconds=38.8
Epoch 4424/5000: score=18.119627 loss=-0.482726 valid=1.0000 routes=15.540 grad=5.6040 seconds=38.5
Epoch 4425/5000: score=17.863118 loss=-0.502902 valid=1.0000 routes=15.162 grad=5.7766 seconds=38.5
Epoch 4426/5000: score=16.590614 loss=-0.446154 valid=1.0000 routes=14.618 grad=4.8192 seconds=38.2
Epoch 4427/5000: score=16.959393 loss=-0.460520 valid=1.0000 routes=14.547 grad=5.0230 seconds=38.5
Epoch 4428/5000: score=17.093843 loss=-0.469037 valid=1.0000 routes=14.637 grad=5.3554 seconds=38.8
Epoch 4429/5000: score=16.213286 loss=-0.431188 valid=1.0000 routes=13.866 grad=4.7719 seconds=38.6
Epoch 4430/5000: score=17.060126 loss=-0.446652 valid=1.0000 routes=14.569 grad=5.7665 seconds=38.6
Epoch 4431/5000: score=16.542401 loss=-0.432231 valid=1.0000 routes=14.818 grad=4.9014 seconds=38.7
Epoch 4432/5000: score=17.741857 loss=-0.507552 valid=1.0000 routes=14.945 grad=5.8400 seconds=38.5
Epoch 4433/5000: score=16.507573 loss=-0.455688 valid=1.0000 routes=13.687 grad=4.8982 seconds=38.8
Epoch 4434/5000: score=15.999324 loss=-0.425844 valid=1.0000 routes=13.859 grad=4.5861 seconds=38.1
Epoch 4435/5000: score=16.948122 loss=-0.448123 valid=1.0000 routes=14.344 grad=5.2060 seconds=38.4
Epoch 4436/5000: score=17.160665 loss=-0.457491 valid=1.0000 routes=13.959 grad=5.1506 seconds=38.3
Epoch 4437/5000: score=16.245558 loss=-0.431881 valid=1.0000 routes=14.222 grad=5.2689 seconds=38.3
Epoch 4438/5000: score=17.659288 loss=-0.472381 valid=1.0000 routes=15.368 grad=5.6974 seconds=38.9
Epoch 4439/5000: score=16.864672 loss=-0.455758 valid=1.0000 routes=15.172 grad=5.2198 seconds=38.1
Epoch 4440/5000: score=16.766981 loss=-0.428683 valid=1.0000 routes=13.438 grad=4.8818 seconds=38.6
Epoch 4441/5000: score=15.973760 loss=-0.428266 valid=1.0000 routes=13.434 grad=5.1697 seconds=38.2
Epoch 4442/5000: score=16.480531 loss=-0.436918 valid=1.0000 routes=13.800 grad=5.1132 seconds=38.5
Epoch 4443/5000: score=16.743335 loss=-0.443424 valid=1.0000 routes=14.249 grad=5.1873 seconds=38.5
Epoch 4444/5000: score=15.958175 loss=-0.420871 valid=1.0000 routes=13.563 grad=4.5415 seconds=38.1
>> Invalid instances, Re-generating ...
Epoch 4445/5000: score=17.090461 loss=-0.457445 valid=1.0000 routes=13.995 grad=5.7399 seconds=38.9
Epoch 4446/5000: score=17.243538 loss=-0.477488 valid=1.0000 routes=14.083 grad=5.2079 seconds=37.8
Epoch 4447/5000: score=16.374708 loss=-0.423751 valid=1.0000 routes=13.625 grad=4.8184 seconds=39.2
Epoch 4448/5000: score=17.832946 loss=-0.474749 valid=1.0000 routes=15.570 grad=5.5071 seconds=38.3
Epoch 4449/5000: score=17.074704 loss=-0.450895 valid=1.0000 routes=14.217 grad=5.1361 seconds=37.8
Epoch 4450/5000: score=16.439200 loss=-0.431085 valid=1.0000 routes=13.583 grad=4.7859 seconds=38.1
Epoch 4451/5000: score=16.617136 loss=-0.447034 valid=1.0000 routes=14.463 grad=4.9466 seconds=38.1
Epoch 4452/5000: score=17.150043 loss=-0.446583 valid=1.0000 routes=14.567 grad=5.6420 seconds=38.9
Epoch 4453/5000: score=16.773332 loss=-0.444764 valid=1.0000 routes=14.240 grad=4.8807 seconds=38.5
Epoch 4454/5000: score=16.651266 loss=-0.430519 valid=1.0000 routes=13.714 grad=5.2186 seconds=38.4
Epoch 4455/5000: score=17.139348 loss=-0.466182 valid=1.0000 routes=15.500 grad=5.4334 seconds=38.4
Epoch 4456/5000: score=17.484943 loss=-0.466220 valid=1.0000 routes=14.706 grad=5.3980 seconds=38.4
Epoch 4457/5000: score=16.248844 loss=-0.452072 valid=1.0000 routes=14.230 grad=4.8714 seconds=38.6
Epoch 4458/5000: score=17.978112 loss=-0.481289 valid=1.0000 routes=14.820 grad=5.5357 seconds=38.7
Epoch 4459/5000: score=17.012112 loss=-0.449060 valid=1.0000 routes=13.937 grad=4.9009 seconds=38.4
Epoch 4460/5000: score=17.950240 loss=-0.458305 valid=1.0000 routes=14.489 grad=5.3038 seconds=38.3
Epoch 4461/5000: score=17.441521 loss=-0.457270 valid=1.0000 routes=14.667 grad=5.3328 seconds=38.0
Epoch 4462/5000: score=18.010582 loss=-0.487396 valid=1.0000 routes=14.397 grad=5.8802 seconds=38.9
Epoch 4463/5000: score=16.684552 loss=-0.470559 valid=1.0000 routes=14.686 grad=5.5684 seconds=38.3
Epoch 4464/5000: score=17.401709 loss=-0.478458 valid=1.0000 routes=15.222 grad=5.5546 seconds=38.0
Epoch 4465/5000: score=15.557923 loss=-0.412279 valid=1.0000 routes=13.500 grad=5.6294 seconds=38.6
Epoch 4466/5000: score=16.461521 loss=-0.448006 valid=1.0000 routes=14.274 grad=4.9318 seconds=38.1
>> Invalid instances, Re-generating ...
Epoch 4467/5000: score=16.908472 loss=-0.453241 valid=1.0000 routes=14.746 grad=5.4830 seconds=38.6
Epoch 4468/5000: score=17.088064 loss=-0.457907 valid=1.0000 routes=14.006 grad=5.0260 seconds=38.2
Epoch 4469/5000: score=17.516663 loss=-0.457075 valid=1.0000 routes=14.377 grad=5.2502 seconds=38.5
Epoch 4470/5000: score=15.834418 loss=-0.429445 valid=1.0000 routes=14.152 grad=4.5702 seconds=38.3
Epoch 4471/5000: score=16.548265 loss=-0.445958 valid=1.0000 routes=13.511 grad=5.2367 seconds=38.2
Epoch 4472/5000: score=17.361887 loss=-0.472308 valid=1.0000 routes=14.186 grad=5.4478 seconds=38.4
Epoch 4473/5000: score=16.336488 loss=-0.430488 valid=1.0000 routes=13.463 grad=4.7567 seconds=37.9
Epoch 4474/5000: score=17.449278 loss=-0.455069 valid=1.0000 routes=14.119 grad=5.2070 seconds=38.2
Epoch 4475/5000: score=17.966300 loss=-0.463035 valid=1.0000 routes=13.774 grad=5.5810 seconds=38.8
>> Invalid instances, Re-generating ...
Epoch 4476/5000: score=17.008712 loss=-0.441898 valid=1.0000 routes=14.562 grad=5.4645 seconds=38.0
Epoch 4477/5000: score=17.367416 loss=-0.461839 valid=1.0000 routes=14.180 grad=5.5152 seconds=38.4
Epoch 4478/5000: score=17.910033 loss=-0.490543 valid=1.0000 routes=14.799 grad=5.9729 seconds=38.8
Epoch 4479/5000: score=16.808981 loss=-0.458000 valid=1.0000 routes=14.356 grad=4.8317 seconds=37.9
Epoch 4480/5000: score=17.559091 loss=-0.475533 valid=1.0000 routes=14.896 grad=5.6991 seconds=38.6
Epoch 4481/5000: score=16.605746 loss=-0.450701 valid=1.0000 routes=13.931 grad=4.9454 seconds=38.1
Epoch 4482/5000: score=18.038846 loss=-0.490918 valid=1.0000 routes=14.579 grad=5.6528 seconds=38.4
Epoch 4483/5000: score=17.192539 loss=-0.452290 valid=1.0000 routes=14.467 grad=5.4095 seconds=38.4
Epoch 4484/5000: score=17.086522 loss=-0.447860 valid=1.0000 routes=14.492 grad=5.0599 seconds=37.8
Epoch 4485/5000: score=17.265250 loss=-0.459061 valid=1.0000 routes=14.624 grad=5.3818 seconds=38.4
Epoch 4486/5000: score=16.422124 loss=-0.425604 valid=1.0000 routes=13.081 grad=5.3671 seconds=38.0
Epoch 4487/5000: score=17.538748 loss=-0.487554 valid=1.0000 routes=15.626 grad=5.4773 seconds=38.1
Epoch 4488/5000: score=16.255940 loss=-0.449542 valid=1.0000 routes=14.071 grad=5.2754 seconds=38.0
Epoch 4489/5000: score=15.846278 loss=-0.418997 valid=1.0000 routes=12.601 grad=4.9618 seconds=38.1
Epoch 4490/5000: score=16.288832 loss=-0.455401 valid=1.0000 routes=13.426 grad=5.2118 seconds=38.4
Epoch 4491/5000: score=16.701887 loss=-0.449366 valid=1.0000 routes=13.772 grad=5.3810 seconds=38.4
Epoch 4492/5000: score=16.721503 loss=-0.448572 valid=1.0000 routes=13.949 grad=4.6972 seconds=40.4
Epoch 4493/5000: score=17.063743 loss=-0.453402 valid=1.0000 routes=14.280 grad=5.6259 seconds=40.0
Epoch 4494/5000: score=17.398656 loss=-0.463220 valid=1.0000 routes=14.714 grad=5.5150 seconds=38.2
Epoch 4495/5000: score=16.776566 loss=-0.440596 valid=1.0000 routes=14.142 grad=5.3093 seconds=38.8
>> Invalid instances, Re-generating ...
Epoch 4496/5000: score=17.375680 loss=-0.475433 valid=1.0000 routes=14.848 grad=5.4291 seconds=38.7
Epoch 4497/5000: score=16.772882 loss=-0.433336 valid=1.0000 routes=14.202 grad=4.9948 seconds=38.5
Epoch 4498/5000: score=17.238683 loss=-0.444008 valid=1.0000 routes=14.029 grad=5.6289 seconds=41.9
Epoch 4499/5000: score=16.281175 loss=-0.426276 valid=1.0000 routes=13.989 grad=4.7254 seconds=38.9
Epoch 4500/5000: score=16.544591 loss=-0.438416 valid=1.0000 routes=14.442 grad=5.1574 seconds=38.8
Epoch 4501/5000: score=16.466043 loss=-0.441041 valid=1.0000 routes=13.943 grad=5.2059 seconds=38.0
>> Invalid instances, Re-generating ...
Epoch 4502/5000: score=17.523033 loss=-0.442001 valid=1.0000 routes=14.815 grad=4.7338 seconds=38.5
Epoch 4503/5000: score=16.935523 loss=-0.424332 valid=1.0000 routes=13.674 grad=4.4107 seconds=38.3
Epoch 4504/5000: score=17.662193 loss=-0.462634 valid=1.0000 routes=14.838 grad=4.8435 seconds=42.4
Epoch 4505/5000: score=15.774322 loss=-0.408661 valid=1.0000 routes=12.804 grad=4.3575 seconds=38.7
Epoch 4506/5000: score=16.653911 loss=-0.434437 valid=1.0000 routes=14.126 grad=4.5908 seconds=38.4
Epoch 4507/5000: score=16.694819 loss=-0.436597 valid=1.0000 routes=14.532 grad=4.6101 seconds=39.0
Epoch 4508/5000: score=17.499933 loss=-0.467849 valid=1.0000 routes=14.542 grad=5.1466 seconds=38.5
Epoch 4509/5000: score=18.187203 loss=-0.463041 valid=1.0000 routes=14.214 grad=5.0330 seconds=38.3
Epoch 4510/5000: score=16.697725 loss=-0.425701 valid=1.0000 routes=14.107 grad=4.7189 seconds=42.4
Epoch 4511/5000: score=16.288888 loss=-0.413514 valid=1.0000 routes=13.437 grad=4.5524 seconds=37.7
Epoch 4512/5000: score=16.482723 loss=-0.435693 valid=1.0000 routes=14.091 grad=4.7632 seconds=38.3
Epoch 4513/5000: score=17.550642 loss=-0.427647 valid=1.0000 routes=13.662 grad=4.8588 seconds=37.7
Epoch 4514/5000: score=16.667829 loss=-0.423439 valid=1.0000 routes=13.486 grad=4.7039 seconds=38.4
Epoch 4515/5000: score=17.289198 loss=-0.456138 valid=1.0000 routes=13.957 grad=4.9976 seconds=38.7
Epoch 4516/5000: score=16.163584 loss=-0.417051 valid=1.0000 routes=14.345 grad=4.6408 seconds=41.4
Epoch 4517/5000: score=16.961571 loss=-0.437427 valid=1.0000 routes=14.173 grad=4.6390 seconds=38.5
Epoch 4518/5000: score=16.584290 loss=-0.423741 valid=1.0000 routes=13.334 grad=4.5551 seconds=38.3
Epoch 4519/5000: score=17.076030 loss=-0.428736 valid=1.0000 routes=14.539 grad=4.8338 seconds=38.4
Epoch 4520/5000: score=16.629436 loss=-0.445036 valid=1.0000 routes=14.076 grad=4.8334 seconds=38.5
Epoch 4521/5000: score=16.500606 loss=-0.419408 valid=1.0000 routes=13.357 grad=4.7975 seconds=38.5
Epoch 4522/5000: score=16.773390 loss=-0.444613 valid=1.0000 routes=13.899 grad=4.7732 seconds=38.6
Epoch 4523/5000: score=17.095786 loss=-0.437872 valid=1.0000 routes=14.556 grad=4.7627 seconds=40.2
Epoch 4524/5000: score=17.937336 loss=-0.471185 valid=1.0000 routes=14.968 grad=5.3427 seconds=42.0
Epoch 4525/5000: score=16.968219 loss=-0.440079 valid=1.0000 routes=14.447 grad=4.8316 seconds=40.5
Epoch 4526/5000: score=17.465839 loss=-0.429596 valid=1.0000 routes=14.391 grad=5.1169 seconds=38.1
Epoch 4527/5000: score=16.365856 loss=-0.437882 valid=1.0000 routes=14.745 grad=4.6652 seconds=38.7
Epoch 4528/5000: score=15.672304 loss=-0.398442 valid=1.0000 routes=13.311 grad=4.2296 seconds=38.1
Epoch 4529/5000: score=18.120555 loss=-0.468581 valid=1.0000 routes=15.070 grad=5.1771 seconds=38.7
Epoch 4530/5000: score=17.224789 loss=-0.451215 valid=1.0000 routes=13.610 grad=5.1690 seconds=38.4
Epoch 4531/5000: score=16.280836 loss=-0.418989 valid=1.0000 routes=13.701 grad=4.4720 seconds=38.6
Epoch 4532/5000: score=16.495804 loss=-0.414802 valid=1.0000 routes=13.686 grad=4.5115 seconds=38.7
Epoch 4533/5000: score=16.715202 loss=-0.437197 valid=1.0000 routes=14.192 grad=4.6681 seconds=38.5
Epoch 4534/5000: score=18.192024 loss=-0.476268 valid=1.0000 routes=14.813 grad=5.3275 seconds=39.7
Epoch 4535/5000: score=18.234406 loss=-0.474404 valid=1.0000 routes=15.333 grad=5.2054 seconds=37.9
Epoch 4536/5000: score=17.389479 loss=-0.434248 valid=1.0000 routes=13.885 grad=4.7512 seconds=38.3
Epoch 4537/5000: score=17.039733 loss=-0.447218 valid=1.0000 routes=13.783 grad=4.7433 seconds=39.4
Epoch 4538/5000: score=16.789844 loss=-0.436673 valid=1.0000 routes=14.202 grad=4.7126 seconds=38.3
Epoch 4539/5000: score=15.753825 loss=-0.381904 valid=1.0000 routes=12.895 grad=4.1559 seconds=38.9
Epoch 4540/5000: score=16.232512 loss=-0.405334 valid=1.0000 routes=13.075 grad=4.4327 seconds=38.5
Epoch 4541/5000: score=16.466105 loss=-0.444067 valid=1.0000 routes=14.440 grad=4.7461 seconds=39.2
Epoch 4542/5000: score=16.117595 loss=-0.402633 valid=1.0000 routes=14.036 grad=4.3207 seconds=39.8
Epoch 4543/5000: score=16.148288 loss=-0.408028 valid=1.0000 routes=13.772 grad=4.4664 seconds=38.2
Epoch 4544/5000: score=16.752328 loss=-0.437217 valid=1.0000 routes=14.409 grad=4.6648 seconds=39.7
Epoch 4545/5000: score=17.148157 loss=-0.458423 valid=1.0000 routes=14.956 grad=5.1939 seconds=38.4
Epoch 4546/5000: score=17.063874 loss=-0.445353 valid=1.0000 routes=14.033 grad=5.2486 seconds=38.9
Epoch 4547/5000: score=17.740548 loss=-0.453434 valid=1.0000 routes=14.879 grad=5.0686 seconds=38.9
Epoch 4548/5000: score=15.629864 loss=-0.412758 valid=1.0000 routes=13.232 grad=4.5437 seconds=38.6
Epoch 4549/5000: score=17.211289 loss=-0.429033 valid=1.0000 routes=13.825 grad=5.0613 seconds=39.2
Epoch 4550/5000: score=16.360820 loss=-0.420389 valid=1.0000 routes=12.697 grad=4.6813 seconds=38.4
Epoch 4551/5000: score=15.966859 loss=-0.406538 valid=1.0000 routes=12.816 grad=4.4451 seconds=38.9
Epoch 4552/5000: score=17.168001 loss=-0.414859 valid=1.0000 routes=13.673 grad=4.7461 seconds=38.7
Epoch 4553/5000: score=17.120896 loss=-0.432698 valid=1.0000 routes=13.260 grad=5.0544 seconds=38.1
Epoch 4554/5000: score=16.826853 loss=-0.424719 valid=1.0000 routes=14.256 grad=4.7433 seconds=39.4
Epoch 4555/5000: score=17.312214 loss=-0.442974 valid=1.0000 routes=13.994 grad=5.0113 seconds=38.9
Epoch 4556/5000: score=17.400190 loss=-0.425665 valid=1.0000 routes=14.046 grad=4.9244 seconds=38.6
Epoch 4557/5000: score=16.653025 loss=-0.438470 valid=1.0000 routes=13.604 grad=4.8925 seconds=38.9
Epoch 4558/5000: score=18.304256 loss=-0.447186 valid=1.0000 routes=14.523 grad=5.4491 seconds=38.3
Epoch 4559/5000: score=16.979237 loss=-0.433271 valid=1.0000 routes=14.057 grad=5.1010 seconds=38.8
Epoch 4560/5000: score=17.144812 loss=-0.423948 valid=1.0000 routes=13.733 grad=4.8515 seconds=40.6
Epoch 4561/5000: score=16.546833 loss=-0.421113 valid=1.0000 routes=13.172 grad=4.8498 seconds=40.3
Epoch 4562/5000: score=16.189920 loss=-0.407046 valid=1.0000 routes=13.698 grad=4.4362 seconds=39.2
Epoch 4563/5000: score=17.317745 loss=-0.430890 valid=1.0000 routes=14.816 grad=4.8793 seconds=39.7
Epoch 4564/5000: score=15.963310 loss=-0.395697 valid=1.0000 routes=12.698 grad=4.6595 seconds=39.5
Epoch 4565/5000: score=17.558813 loss=-0.454451 valid=1.0000 routes=14.683 grad=5.3797 seconds=39.5
Epoch 4566/5000: score=16.757300 loss=-0.456326 valid=1.0000 routes=14.900 grad=5.1109 seconds=39.3
Epoch 4567/5000: score=17.103945 loss=-0.429753 valid=1.0000 routes=13.423 grad=4.9741 seconds=39.7
Epoch 4568/5000: score=16.641789 loss=-0.404805 valid=1.0000 routes=13.159 grad=4.7559 seconds=39.0
Epoch 4569/5000: score=16.229822 loss=-0.415945 valid=1.0000 routes=13.488 grad=4.5990 seconds=39.5
Epoch 4570/5000: score=16.388121 loss=-0.412235 valid=1.0000 routes=13.672 grad=4.7954 seconds=38.9
Epoch 4571/5000: score=16.898651 loss=-0.411793 valid=1.0000 routes=13.775 grad=4.5291 seconds=40.0
Epoch 4572/5000: score=17.086338 loss=-0.459700 valid=1.0000 routes=14.845 grad=5.2407 seconds=39.9
Epoch 4573/5000: score=17.590907 loss=-0.444674 valid=1.0000 routes=15.051 grad=5.0217 seconds=39.1
Epoch 4574/5000: score=15.677198 loss=-0.384598 valid=1.0000 routes=13.205 grad=4.0021 seconds=41.6
Epoch 4575/5000: score=17.525439 loss=-0.454703 valid=1.0000 routes=14.835 grad=5.4274 seconds=37.7
Epoch 4576/5000: score=16.607132 loss=-0.394418 valid=1.0000 routes=14.376 grad=4.5937 seconds=38.7
Epoch 4577/5000: score=17.445275 loss=-0.450240 valid=1.0000 routes=15.052 grad=5.2652 seconds=38.1
Epoch 4578/5000: score=16.326512 loss=-0.435749 valid=1.0000 routes=14.146 grad=4.5538 seconds=38.4
Epoch 4579/5000: score=16.977378 loss=-0.456561 valid=1.0000 routes=14.726 grad=5.1045 seconds=39.8
Epoch 4580/5000: score=17.063223 loss=-0.428912 valid=1.0000 routes=13.776 grad=4.8617 seconds=40.9
Epoch 4581/5000: score=17.235110 loss=-0.443071 valid=1.0000 routes=14.470 grad=5.0250 seconds=39.1
Epoch 4582/5000: score=16.543969 loss=-0.406480 valid=1.0000 routes=14.458 grad=4.7060 seconds=37.9
Epoch 4583/5000: score=16.785866 loss=-0.445896 valid=1.0000 routes=14.827 grad=5.0967 seconds=38.7
Epoch 4584/5000: score=16.204402 loss=-0.407221 valid=1.0000 routes=13.452 grad=4.4993 seconds=38.5
Epoch 4585/5000: score=16.828964 loss=-0.413695 valid=1.0000 routes=13.290 grad=4.7177 seconds=40.0
Epoch 4586/5000: score=16.946807 loss=-0.442117 valid=1.0000 routes=14.469 grad=5.0144 seconds=40.9
Epoch 4587/5000: score=16.983200 loss=-0.433774 valid=1.0000 routes=14.926 grad=5.1274 seconds=37.9
Epoch 4588/5000: score=16.594962 loss=-0.404704 valid=1.0000 routes=13.555 grad=4.7512 seconds=38.8
Epoch 4589/5000: score=16.855523 loss=-0.428548 valid=1.0000 routes=14.597 grad=4.8910 seconds=37.9
Epoch 4590/5000: score=18.097890 loss=-0.461712 valid=1.0000 routes=14.750 grad=5.3696 seconds=38.7
Epoch 4591/5000: score=16.235021 loss=-0.423701 valid=1.0000 routes=13.819 grad=4.6345 seconds=41.3
Epoch 4592/5000: score=15.810381 loss=-0.403087 valid=1.0000 routes=13.148 grad=4.6455 seconds=39.6
Epoch 4593/5000: score=15.704246 loss=-0.399333 valid=1.0000 routes=12.933 grad=4.3192 seconds=38.9
Epoch 4594/5000: score=16.147553 loss=-0.416209 valid=1.0000 routes=13.595 grad=4.7505 seconds=38.3
Epoch 4595/5000: score=16.764443 loss=-0.425175 valid=1.0000 routes=14.133 grad=5.0416 seconds=38.7
Epoch 4596/5000: score=16.518531 loss=-0.394316 valid=1.0000 routes=12.496 grad=4.7205 seconds=38.6
Epoch 4597/5000: score=16.026494 loss=-0.409348 valid=1.0000 routes=13.511 grad=4.6694 seconds=41.5
Epoch 4598/5000: score=16.912934 loss=-0.434026 valid=1.0000 routes=13.933 grad=5.0862 seconds=38.8
Epoch 4599/5000: score=16.644530 loss=-0.421365 valid=1.0000 routes=13.697 grad=4.9547 seconds=38.4
Epoch 4600/5000: score=18.503780 loss=-0.464249 valid=1.0000 routes=14.468 grad=5.5193 seconds=38.5
Epoch 4601/5000: score=17.084640 loss=-0.432081 valid=1.0000 routes=14.279 grad=4.9927 seconds=38.6
Epoch 4602/5000: score=17.689591 loss=-0.447829 valid=1.0000 routes=14.221 grad=5.0017 seconds=38.3
Epoch 4603/5000: score=17.525030 loss=-0.453114 valid=1.0000 routes=14.668 grad=5.1554 seconds=42.0
Epoch 4604/5000: score=15.970051 loss=-0.418597 valid=1.0000 routes=13.421 grad=4.6934 seconds=38.2
Epoch 4605/5000: score=16.463573 loss=-0.429047 valid=1.0000 routes=14.136 grad=4.6397 seconds=38.4
Epoch 4606/5000: score=16.264418 loss=-0.427163 valid=1.0000 routes=13.861 grad=4.9446 seconds=38.4
Epoch 4607/5000: score=17.158889 loss=-0.433096 valid=1.0000 routes=14.143 grad=5.1148 seconds=37.8
Epoch 4608/5000: score=17.582359 loss=-0.460325 valid=1.0000 routes=15.250 grad=5.4238 seconds=38.9
Epoch 4609/5000: score=17.289660 loss=-0.464692 valid=1.0000 routes=14.479 grad=5.4162 seconds=41.6
Epoch 4610/5000: score=17.574339 loss=-0.440652 valid=1.0000 routes=14.703 grad=5.1208 seconds=39.1
Epoch 4611/5000: score=16.811012 loss=-0.430554 valid=1.0000 routes=14.078 grad=5.1836 seconds=38.5
Epoch 4612/5000: score=17.863441 loss=-0.467234 valid=1.0000 routes=14.712 grad=5.4324 seconds=38.2
Epoch 4613/5000: score=16.197785 loss=-0.419247 valid=1.0000 routes=13.492 grad=4.6745 seconds=39.0
Epoch 4614/5000: score=17.848217 loss=-0.464220 valid=1.0000 routes=14.692 grad=5.5139 seconds=38.7
Epoch 4615/5000: score=16.466063 loss=-0.409338 valid=1.0000 routes=13.675 grad=4.7696 seconds=42.1
Epoch 4616/5000: score=16.715200 loss=-0.437993 valid=1.0000 routes=13.692 grad=5.1647 seconds=38.1
Epoch 4617/5000: score=17.463392 loss=-0.445147 valid=1.0000 routes=14.684 grad=5.5558 seconds=38.6
Epoch 4618/5000: score=16.387251 loss=-0.422624 valid=1.0000 routes=14.027 grad=4.7996 seconds=38.3
Epoch 4619/5000: score=16.135991 loss=-0.417857 valid=1.0000 routes=12.722 grad=4.6070 seconds=38.1
Epoch 4620/5000: score=15.708940 loss=-0.406531 valid=1.0000 routes=14.370 grad=4.3898 seconds=38.6
Epoch 4621/5000: score=17.130531 loss=-0.441316 valid=1.0000 routes=13.962 grad=4.7656 seconds=37.4
Epoch 4622/5000: score=16.890385 loss=-0.441534 valid=1.0000 routes=14.707 grad=4.8026 seconds=38.7
Epoch 4623/5000: score=17.809614 loss=-0.451833 valid=1.0000 routes=14.668 grad=5.3049 seconds=38.5
Epoch 4624/5000: score=17.164526 loss=-0.443795 valid=1.0000 routes=14.085 grad=5.0640 seconds=38.8
Epoch 4625/5000: score=16.357286 loss=-0.424213 valid=1.0000 routes=14.519 grad=4.7461 seconds=38.4
Epoch 4626/5000: score=16.271088 loss=-0.426581 valid=1.0000 routes=14.334 grad=4.7297 seconds=38.2
Epoch 4627/5000: score=16.577284 loss=-0.390089 valid=1.0000 routes=13.703 grad=4.5449 seconds=38.6
Epoch 4628/5000: score=15.915597 loss=-0.388411 valid=1.0000 routes=13.014 grad=4.6069 seconds=38.7
Epoch 4629/5000: score=16.688757 loss=-0.416359 valid=1.0000 routes=13.557 grad=4.9793 seconds=38.4
Epoch 4630/5000: score=17.218501 loss=-0.447909 valid=1.0000 routes=14.330 grad=5.4751 seconds=42.0
Epoch 4631/5000: score=16.090348 loss=-0.406987 valid=1.0000 routes=13.523 grad=4.5609 seconds=38.2
Epoch 4632/5000: score=17.820946 loss=-0.467764 valid=1.0000 routes=14.908 grad=5.5664 seconds=38.6
Epoch 4633/5000: score=16.739941 loss=-0.449527 valid=1.0000 routes=14.423 grad=5.2248 seconds=38.2
Epoch 4634/5000: score=15.731033 loss=-0.406874 valid=1.0000 routes=13.560 grad=4.4207 seconds=37.5
Epoch 4635/5000: score=16.788896 loss=-0.427261 valid=1.0000 routes=13.522 grad=5.0297 seconds=39.0
Epoch 4636/5000: score=16.911836 loss=-0.447019 valid=1.0000 routes=14.429 grad=5.3398 seconds=41.7
Epoch 4637/5000: score=16.905061 loss=-0.444384 valid=1.0000 routes=13.910 grad=5.2023 seconds=37.8
Epoch 4638/5000: score=17.489585 loss=-0.448012 valid=1.0000 routes=14.622 grad=5.1520 seconds=37.9
Epoch 4639/5000: score=18.019788 loss=-0.442375 valid=1.0000 routes=14.623 grad=5.2955 seconds=37.7
Epoch 4640/5000: score=16.208207 loss=-0.402810 valid=1.0000 routes=13.131 grad=4.6110 seconds=38.3
Epoch 4641/5000: score=17.492539 loss=-0.470985 valid=1.0000 routes=15.009 grad=5.7362 seconds=39.1
Epoch 4642/5000: score=16.575403 loss=-0.431464 valid=1.0000 routes=14.066 grad=4.9221 seconds=41.3
Epoch 4643/5000: score=17.222223 loss=-0.426182 valid=1.0000 routes=13.422 grad=4.9467 seconds=38.1
Epoch 4644/5000: score=15.971069 loss=-0.421641 valid=1.0000 routes=14.275 grad=4.5357 seconds=38.2
Epoch 4645/5000: score=16.496728 loss=-0.423805 valid=1.0000 routes=12.933 grad=4.6833 seconds=38.6
Epoch 4646/5000: score=17.329065 loss=-0.443743 valid=1.0000 routes=14.225 grad=5.3853 seconds=38.4
Epoch 4647/5000: score=16.194398 loss=-0.409008 valid=1.0000 routes=13.498 grad=4.5292 seconds=40.3
Epoch 4648/5000: score=15.710627 loss=-0.407308 valid=1.0000 routes=13.665 grad=4.3944 seconds=40.4
Epoch 4649/5000: score=16.791461 loss=-0.418530 valid=1.0000 routes=14.591 grad=4.6781 seconds=38.4
Epoch 4650/5000: score=15.749126 loss=-0.400942 valid=1.0000 routes=13.083 grad=4.7328 seconds=38.3
Epoch 4651/5000: score=18.228970 loss=-0.479401 valid=1.0000 routes=15.377 grad=6.2071 seconds=38.6
Epoch 4652/5000: score=16.936287 loss=-0.441878 valid=1.0000 routes=14.623 grad=5.1838 seconds=38.7
Epoch 4653/5000: score=17.030013 loss=-0.442081 valid=1.0000 routes=15.037 grad=5.0866 seconds=40.5
Epoch 4654/5000: score=17.201004 loss=-0.438302 valid=1.0000 routes=15.321 grad=4.9800 seconds=39.4
Epoch 4655/5000: score=17.157230 loss=-0.431140 valid=1.0000 routes=14.872 grad=5.0267 seconds=38.1
Epoch 4656/5000: score=16.754581 loss=-0.417689 valid=1.0000 routes=14.349 grad=5.1930 seconds=38.1
Epoch 4657/5000: score=17.622483 loss=-0.441270 valid=1.0000 routes=14.775 grad=5.4437 seconds=38.6
Epoch 4658/5000: score=17.111120 loss=-0.445764 valid=1.0000 routes=14.694 grad=5.4351 seconds=38.4
Epoch 4659/5000: score=18.441280 loss=-0.485789 valid=1.0000 routes=15.039 grad=5.9173 seconds=41.9
Epoch 4660/5000: score=16.590786 loss=-0.428758 valid=1.0000 routes=14.381 grad=5.1207 seconds=39.0
Epoch 4661/5000: score=16.059137 loss=-0.406326 valid=1.0000 routes=13.569 grad=4.6496 seconds=38.7
Epoch 4662/5000: score=18.176664 loss=-0.459402 valid=1.0000 routes=14.846 grad=5.3965 seconds=38.6
Epoch 4663/5000: score=16.950096 loss=-0.438480 valid=1.0000 routes=13.957 grad=5.3051 seconds=38.8
Epoch 4664/5000: score=17.045489 loss=-0.436939 valid=1.0000 routes=14.593 grad=4.9617 seconds=38.6
Epoch 4665/5000: score=16.385461 loss=-0.411269 valid=1.0000 routes=13.566 grad=4.9341 seconds=41.9
Epoch 4666/5000: score=16.679100 loss=-0.427688 valid=1.0000 routes=14.081 grad=5.1435 seconds=38.7
Epoch 4667/5000: score=16.494497 loss=-0.406058 valid=1.0000 routes=14.044 grad=4.4771 seconds=38.8
Epoch 4668/5000: score=18.108861 loss=-0.469566 valid=1.0000 routes=14.519 grad=5.7052 seconds=38.3
Epoch 4669/5000: score=16.690210 loss=-0.426280 valid=1.0000 routes=14.423 grad=4.9675 seconds=39.4
Epoch 4670/5000: score=16.761152 loss=-0.418839 valid=1.0000 routes=13.639 grad=4.8635 seconds=38.9
Epoch 4671/5000: score=17.383045 loss=-0.431815 valid=1.0000 routes=13.915 grad=5.2971 seconds=38.4
Epoch 4672/5000: score=17.445532 loss=-0.438515 valid=1.0000 routes=14.326 grad=5.2730 seconds=39.2
Epoch 4673/5000: score=17.816096 loss=-0.465514 valid=1.0000 routes=14.373 grad=5.7865 seconds=38.6
Epoch 4674/5000: score=16.878984 loss=-0.415683 valid=1.0000 routes=14.143 grad=4.9869 seconds=38.3
Epoch 4675/5000: score=16.713179 loss=-0.419939 valid=1.0000 routes=13.992 grad=5.0125 seconds=38.1
Epoch 4676/5000: score=16.906027 loss=-0.426534 valid=1.0000 routes=13.339 grad=5.0212 seconds=38.6
Epoch 4677/5000: score=17.195449 loss=-0.443566 valid=1.0000 routes=15.226 grad=4.8221 seconds=39.2
Epoch 4678/5000: score=15.410700 loss=-0.401000 valid=1.0000 routes=14.262 grad=4.5149 seconds=37.7
Epoch 4679/5000: score=16.639519 loss=-0.400973 valid=1.0000 routes=13.461 grad=4.8190 seconds=38.3
Epoch 4680/5000: score=16.266105 loss=-0.413089 valid=1.0000 routes=13.335 grad=4.6730 seconds=38.0
Epoch 4681/5000: score=16.914765 loss=-0.429822 valid=1.0000 routes=13.885 grad=5.0712 seconds=38.6
Epoch 4682/5000: score=17.356814 loss=-0.435726 valid=1.0000 routes=13.937 grad=5.3196 seconds=38.6
Epoch 4683/5000: score=16.556419 loss=-0.440238 valid=1.0000 routes=14.961 grad=4.9345 seconds=38.4
Epoch 4684/5000: score=18.607084 loss=-0.475151 valid=1.0000 routes=15.479 grad=5.8179 seconds=38.5
Epoch 4685/5000: score=17.007575 loss=-0.438529 valid=1.0000 routes=13.490 grad=4.9689 seconds=38.6
Epoch 4686/5000: score=16.282359 loss=-0.424127 valid=1.0000 routes=13.147 grad=4.7656 seconds=39.4
Epoch 4687/5000: score=17.106644 loss=-0.445009 valid=1.0000 routes=14.610 grad=5.3085 seconds=38.7
Epoch 4688/5000: score=17.115192 loss=-0.419636 valid=1.0000 routes=13.789 grad=4.9647 seconds=38.6
Epoch 4689/5000: score=15.920006 loss=-0.406199 valid=1.0000 routes=13.769 grad=4.6100 seconds=38.9
Epoch 4690/5000: score=18.065643 loss=-0.450565 valid=1.0000 routes=14.745 grad=5.4167 seconds=39.5
Epoch 4691/5000: score=16.794254 loss=-0.424823 valid=1.0000 routes=13.946 grad=5.3295 seconds=38.2
Epoch 4692/5000: score=17.338308 loss=-0.415414 valid=1.0000 routes=14.490 grad=4.9315 seconds=38.6
Epoch 4693/5000: score=16.033513 loss=-0.426296 valid=1.0000 routes=13.517 grad=5.1085 seconds=38.3
Epoch 4694/5000: score=16.004377 loss=-0.406434 valid=1.0000 routes=13.718 grad=4.4162 seconds=39.7
Epoch 4695/5000: score=16.503120 loss=-0.429967 valid=1.0000 routes=15.077 grad=4.7764 seconds=38.0
Epoch 4696/5000: score=18.021061 loss=-0.450323 valid=1.0000 routes=15.562 grad=5.4681 seconds=37.9
Epoch 4697/5000: score=16.348121 loss=-0.409159 valid=1.0000 routes=14.016 grad=4.8417 seconds=38.6
Epoch 4698/5000: score=17.093249 loss=-0.413131 valid=1.0000 routes=13.690 grad=4.7855 seconds=38.2
Epoch 4699/5000: score=16.175007 loss=-0.407973 valid=1.0000 routes=13.653 grad=4.6250 seconds=39.3
Epoch 4700/5000: score=17.297993 loss=-0.426947 valid=1.0000 routes=14.473 grad=5.3339 seconds=38.2
Epoch 4701/5000: score=17.034058 loss=-0.435726 valid=1.0000 routes=14.271 grad=5.0416 seconds=38.0
Epoch 4702/5000: score=16.390924 loss=-0.421352 valid=1.0000 routes=13.746 grad=4.8797 seconds=38.2
Epoch 4703/5000: score=17.188669 loss=-0.449304 valid=1.0000 routes=14.223 grad=5.3441 seconds=38.6
Epoch 4704/5000: score=16.579683 loss=-0.423955 valid=1.0000 routes=14.430 grad=5.1176 seconds=39.0
Epoch 4705/5000: score=17.763358 loss=-0.463613 valid=1.0000 routes=14.937 grad=5.4850 seconds=38.5
Epoch 4706/5000: score=16.578332 loss=-0.439437 valid=1.0000 routes=14.064 grad=4.9685 seconds=38.2
Epoch 4707/5000: score=16.314161 loss=-0.393469 valid=1.0000 routes=13.704 grad=4.7649 seconds=38.3
Epoch 4708/5000: score=17.944935 loss=-0.460834 valid=1.0000 routes=14.548 grad=5.6366 seconds=38.5
Epoch 4709/5000: score=18.700933 loss=-0.484483 valid=1.0000 routes=15.336 grad=5.9915 seconds=38.0
Epoch 4710/5000: score=16.180880 loss=-0.422396 valid=1.0000 routes=13.490 grad=4.7631 seconds=38.5
Epoch 4711/5000: score=17.132138 loss=-0.426999 valid=1.0000 routes=13.342 grad=5.1345 seconds=38.7
Epoch 4712/5000: score=17.045110 loss=-0.452293 valid=1.0000 routes=13.817 grad=5.2383 seconds=39.5
Epoch 4713/5000: score=16.658535 loss=-0.410477 valid=1.0000 routes=14.008 grad=4.9216 seconds=37.9
Epoch 4714/5000: score=16.563252 loss=-0.413485 valid=1.0000 routes=13.921 grad=4.9970 seconds=38.8
Epoch 4715/5000: score=16.069159 loss=-0.405496 valid=1.0000 routes=13.892 grad=4.4670 seconds=38.5
Epoch 4716/5000: score=17.034938 loss=-0.441825 valid=1.0000 routes=13.942 grad=5.1539 seconds=39.2
Epoch 4717/5000: score=16.620723 loss=-0.417091 valid=1.0000 routes=13.925 grad=4.7951 seconds=38.5
Epoch 4718/5000: score=17.068341 loss=-0.437235 valid=1.0000 routes=14.555 grad=5.5815 seconds=37.7
Epoch 4719/5000: score=16.222340 loss=-0.403002 valid=1.0000 routes=12.398 grad=4.8401 seconds=38.4
Epoch 4720/5000: score=17.047685 loss=-0.438274 valid=1.0000 routes=14.065 grad=5.2399 seconds=38.1
Epoch 4721/5000: score=16.854596 loss=-0.444094 valid=1.0000 routes=13.828 grad=5.3716 seconds=39.2
Epoch 4722/5000: score=16.658614 loss=-0.416746 valid=1.0000 routes=13.591 grad=5.0021 seconds=38.6
Epoch 4723/5000: score=17.150243 loss=-0.441426 valid=1.0000 routes=13.965 grad=5.2805 seconds=38.2
Epoch 4724/5000: score=17.794121 loss=-0.436197 valid=1.0000 routes=14.149 grad=5.2248 seconds=37.9
Epoch 4725/5000: score=16.952249 loss=-0.443439 valid=1.0000 routes=14.336 grad=5.0993 seconds=38.8
Epoch 4726/5000: score=17.739726 loss=-0.476260 valid=1.0000 routes=16.088 grad=5.5699 seconds=38.5
Epoch 4727/5000: score=16.703385 loss=-0.437592 valid=1.0000 routes=13.715 grad=5.1591 seconds=39.1
Epoch 4728/5000: score=16.482461 loss=-0.421888 valid=1.0000 routes=14.057 grad=5.0437 seconds=38.2
>> Invalid instances, Re-generating ...
Epoch 4729/5000: score=16.259414 loss=-0.396280 valid=1.0000 routes=14.095 grad=4.7735 seconds=38.6
Epoch 4730/5000: score=16.258196 loss=-0.426905 valid=1.0000 routes=14.114 grad=4.9909 seconds=38.5
Epoch 4731/5000: score=16.883789 loss=-0.417568 valid=1.0000 routes=13.876 grad=4.8392 seconds=37.9
Epoch 4732/5000: score=16.885686 loss=-0.426738 valid=1.0000 routes=14.117 grad=4.9551 seconds=38.8
Epoch 4733/5000: score=17.556158 loss=-0.442592 valid=1.0000 routes=14.413 grad=5.2290 seconds=37.8
Epoch 4734/5000: score=16.267458 loss=-0.419442 valid=1.0000 routes=14.353 grad=4.9445 seconds=38.9
Epoch 4735/5000: score=18.447412 loss=-0.470268 valid=1.0000 routes=15.123 grad=6.3090 seconds=38.4
Epoch 4736/5000: score=17.853094 loss=-0.457197 valid=1.0000 routes=14.572 grad=5.4331 seconds=38.5
Epoch 4737/5000: score=16.617147 loss=-0.428989 valid=1.0000 routes=14.345 grad=5.2711 seconds=39.2
Epoch 4738/5000: score=17.702915 loss=-0.456130 valid=1.0000 routes=15.576 grad=5.4393 seconds=38.5
Epoch 4739/5000: score=16.772774 loss=-0.431035 valid=1.0000 routes=14.308 grad=5.2596 seconds=38.7
Epoch 4740/5000: score=16.214509 loss=-0.417505 valid=1.0000 routes=12.816 grad=4.5841 seconds=38.3
Epoch 4741/5000: score=16.487416 loss=-0.431778 valid=1.0000 routes=14.248 grad=5.2257 seconds=38.2
Epoch 4742/5000: score=16.634218 loss=-0.428940 valid=1.0000 routes=13.421 grad=5.0613 seconds=38.4
Epoch 4743/5000: score=16.819985 loss=-0.433062 valid=1.0000 routes=13.975 grad=5.1892 seconds=39.5
Epoch 4744/5000: score=16.917467 loss=-0.437338 valid=1.0000 routes=14.130 grad=5.0938 seconds=39.2
Epoch 4745/5000: score=15.237253 loss=-0.405308 valid=1.0000 routes=14.149 grad=4.3438 seconds=38.9
Epoch 4746/5000: score=17.564123 loss=-0.422650 valid=1.0000 routes=13.791 grad=5.0953 seconds=38.6
Epoch 4747/5000: score=15.743384 loss=-0.383825 valid=1.0000 routes=13.020 grad=4.6965 seconds=39.6
Epoch 4748/5000: score=16.608512 loss=-0.408887 valid=1.0000 routes=14.133 grad=4.7455 seconds=38.5
Epoch 4749/5000: score=15.669850 loss=-0.409969 valid=1.0000 routes=14.479 grad=4.4595 seconds=38.2
Epoch 4750/5000: score=18.297723 loss=-0.456373 valid=1.0000 routes=14.427 grad=5.7478 seconds=38.1
Epoch 4751/5000: score=15.559422 loss=-0.395639 valid=1.0000 routes=13.109 grad=4.7204 seconds=38.1
Epoch 4752/5000: score=17.606535 loss=-0.450464 valid=1.0000 routes=14.220 grad=5.2920 seconds=39.5
Epoch 4753/5000: score=18.044481 loss=-0.452596 valid=1.0000 routes=14.226 grad=5.6058 seconds=38.3
Epoch 4754/5000: score=16.337825 loss=-0.433230 valid=1.0000 routes=14.570 grad=4.9743 seconds=38.7
Epoch 4755/5000: score=15.838186 loss=-0.380506 valid=1.0000 routes=12.532 grad=4.6587 seconds=38.9
Epoch 4756/5000: score=16.396749 loss=-0.426835 valid=1.0000 routes=14.639 grad=4.8569 seconds=38.5
Epoch 4757/5000: score=17.061154 loss=-0.435328 valid=1.0000 routes=14.053 grad=4.8468 seconds=38.7
Epoch 4758/5000: score=17.216607 loss=-0.436918 valid=1.0000 routes=14.623 grad=5.0581 seconds=38.4
Epoch 4759/5000: score=16.824105 loss=-0.442370 valid=1.0000 routes=13.827 grad=5.3150 seconds=38.6
Epoch 4760/5000: score=15.185279 loss=-0.377103 valid=1.0000 routes=12.401 grad=4.3218 seconds=38.9
Epoch 4761/5000: score=16.819639 loss=-0.432311 valid=1.0000 routes=13.703 grad=5.0075 seconds=37.7
Epoch 4762/5000: score=16.571241 loss=-0.423388 valid=1.0000 routes=14.188 grad=5.0617 seconds=38.8
Epoch 4763/5000: score=16.161148 loss=-0.427041 valid=1.0000 routes=13.387 grad=4.9494 seconds=38.2
Epoch 4764/5000: score=15.725416 loss=-0.417873 valid=1.0000 routes=13.761 grad=4.5565 seconds=39.4
>> Invalid instances, Re-generating ...
Epoch 4765/5000: score=16.737761 loss=-0.425377 valid=1.0000 routes=13.907 grad=4.9555 seconds=38.9
Epoch 4766/5000: score=17.919110 loss=-0.476215 valid=1.0000 routes=14.070 grad=5.5925 seconds=38.7
Epoch 4767/5000: score=16.525626 loss=-0.393943 valid=1.0000 routes=13.554 grad=4.9583 seconds=39.2
Epoch 4768/5000: score=17.204808 loss=-0.452682 valid=1.0000 routes=14.799 grad=5.4392 seconds=38.8
Epoch 4769/5000: score=17.803535 loss=-0.454167 valid=1.0000 routes=14.539 grad=5.4192 seconds=38.8
Epoch 4770/5000: score=17.512075 loss=-0.469123 valid=1.0000 routes=14.386 grad=5.3591 seconds=38.6
Epoch 4771/5000: score=17.492665 loss=-0.463051 valid=1.0000 routes=14.963 grad=5.5823 seconds=38.1
Epoch 4772/5000: score=16.588571 loss=-0.436251 valid=1.0000 routes=14.296 grad=5.1794 seconds=38.9
Epoch 4773/5000: score=17.136919 loss=-0.443958 valid=1.0000 routes=14.138 grad=5.4516 seconds=38.4
Epoch 4774/5000: score=15.502356 loss=-0.414260 valid=1.0000 routes=14.272 grad=4.4580 seconds=38.8
Epoch 4775/5000: score=16.583667 loss=-0.441706 valid=1.0000 routes=14.706 grad=5.1812 seconds=38.3
Epoch 4776/5000: score=17.707733 loss=-0.471032 valid=1.0000 routes=14.725 grad=5.8337 seconds=38.4
Epoch 4777/5000: score=17.377955 loss=-0.439730 valid=1.0000 routes=14.034 grad=5.1151 seconds=39.3
Epoch 4778/5000: score=15.930916 loss=-0.401383 valid=1.0000 routes=13.639 grad=4.5559 seconds=38.4
Epoch 4779/5000: score=17.075513 loss=-0.449280 valid=1.0000 routes=14.442 grad=5.3501 seconds=38.9
Epoch 4780/5000: score=16.897942 loss=-0.444868 valid=1.0000 routes=14.228 grad=5.3766 seconds=38.7
Epoch 4781/5000: score=16.313682 loss=-0.403994 valid=1.0000 routes=13.261 grad=4.8628 seconds=38.6
Epoch 4782/5000: score=17.079126 loss=-0.426337 valid=1.0000 routes=14.237 grad=5.2119 seconds=39.5
Epoch 4783/5000: score=17.040689 loss=-0.424097 valid=1.0000 routes=14.055 grad=5.1330 seconds=37.7
Epoch 4784/5000: score=17.133682 loss=-0.406944 valid=1.0000 routes=13.291 grad=4.9561 seconds=38.6
Epoch 4785/5000: score=16.667145 loss=-0.420065 valid=1.0000 routes=14.021 grad=4.8869 seconds=38.3
Epoch 4786/5000: score=16.794515 loss=-0.439417 valid=1.0000 routes=13.929 grad=5.0548 seconds=38.6
Epoch 4787/5000: score=18.326413 loss=-0.471065 valid=1.0000 routes=14.384 grad=5.6095 seconds=38.9
Epoch 4788/5000: score=16.855809 loss=-0.436051 valid=1.0000 routes=14.318 grad=5.0177 seconds=37.9
Epoch 4789/5000: score=15.448270 loss=-0.390858 valid=1.0000 routes=13.423 grad=4.6502 seconds=38.5
Epoch 4790/5000: score=15.277836 loss=-0.405880 valid=1.0000 routes=13.927 grad=4.5383 seconds=38.6
Epoch 4791/5000: score=17.531403 loss=-0.430897 valid=1.0000 routes=13.921 grad=5.3396 seconds=39.4
Epoch 4792/5000: score=18.809288 loss=-0.476332 valid=1.0000 routes=15.325 grad=6.0965 seconds=39.1
Epoch 4793/5000: score=16.595486 loss=-0.421751 valid=1.0000 routes=14.520 grad=4.8557 seconds=38.6
Epoch 4794/5000: score=18.160315 loss=-0.451581 valid=1.0000 routes=14.374 grad=5.7606 seconds=38.5
Epoch 4795/5000: score=16.391297 loss=-0.432874 valid=1.0000 routes=13.461 grad=5.0653 seconds=39.1
Epoch 4796/5000: score=17.240865 loss=-0.441327 valid=1.0000 routes=14.579 grad=5.1429 seconds=38.2
Epoch 4797/5000: score=16.484264 loss=-0.415984 valid=1.0000 routes=13.356 grad=5.0002 seconds=39.0
Epoch 4798/5000: score=16.841071 loss=-0.417150 valid=1.0000 routes=14.022 grad=5.2062 seconds=38.4
Epoch 4799/5000: score=17.033522 loss=-0.447898 valid=1.0000 routes=14.937 grad=5.5165 seconds=38.9
Epoch 4800/5000: score=16.883248 loss=-0.418545 valid=1.0000 routes=13.295 grad=5.1158 seconds=39.3
Epoch 4801/5000: score=17.345946 loss=-0.464975 valid=1.0000 routes=14.569 grad=5.5245 seconds=38.4
Epoch 4802/5000: score=17.495205 loss=-0.459360 valid=1.0000 routes=14.581 grad=5.2230 seconds=39.0
Epoch 4803/5000: score=17.418296 loss=-0.445836 valid=1.0000 routes=14.091 grad=5.6616 seconds=37.9
Epoch 4804/5000: score=17.033151 loss=-0.434702 valid=1.0000 routes=13.718 grad=5.8185 seconds=39.4
Epoch 4805/5000: score=17.088861 loss=-0.435117 valid=1.0000 routes=13.576 grad=5.3085 seconds=38.3
Epoch 4806/5000: score=16.980931 loss=-0.429843 valid=1.0000 routes=14.407 grad=5.1261 seconds=38.0
Epoch 4807/5000: score=16.296870 loss=-0.416179 valid=1.0000 routes=13.370 grad=4.7973 seconds=38.8
Epoch 4808/5000: score=17.651435 loss=-0.441008 valid=1.0000 routes=14.898 grad=5.5869 seconds=38.9
Epoch 4809/5000: score=16.531786 loss=-0.419132 valid=1.0000 routes=13.723 grad=5.0214 seconds=38.6
Epoch 4810/5000: score=17.177342 loss=-0.427666 valid=1.0000 routes=14.308 grad=5.6917 seconds=38.2
Epoch 4811/5000: score=15.683805 loss=-0.411674 valid=1.0000 routes=12.880 grad=4.9322 seconds=38.6
Epoch 4812/5000: score=17.854041 loss=-0.433081 valid=1.0000 routes=14.835 grad=5.5091 seconds=38.7
Epoch 4813/5000: score=16.914688 loss=-0.422354 valid=1.0000 routes=14.338 grad=4.8728 seconds=38.0
Epoch 4814/5000: score=17.240995 loss=-0.451069 valid=1.0000 routes=14.293 grad=5.5195 seconds=38.5
Epoch 4815/5000: score=17.383110 loss=-0.442556 valid=1.0000 routes=14.169 grad=5.3659 seconds=38.8
Epoch 4816/5000: score=15.914146 loss=-0.391366 valid=1.0000 routes=13.452 grad=5.2238 seconds=38.0
Epoch 4817/5000: score=16.153553 loss=-0.421267 valid=1.0000 routes=13.946 grad=4.8087 seconds=39.2
Epoch 4818/5000: score=16.071424 loss=-0.396818 valid=1.0000 routes=13.441 grad=4.7486 seconds=38.2
Epoch 4819/5000: score=16.299527 loss=-0.414950 valid=1.0000 routes=13.121 grad=4.9043 seconds=38.8
Epoch 4820/5000: score=17.476542 loss=-0.467086 valid=1.0000 routes=14.914 grad=5.2253 seconds=38.5
Epoch 4821/5000: score=16.850712 loss=-0.431157 valid=1.0000 routes=15.107 grad=5.4400 seconds=38.2
Epoch 4822/5000: score=16.612527 loss=-0.420228 valid=1.0000 routes=14.326 grad=4.9579 seconds=39.6
Epoch 4823/5000: score=16.060619 loss=-0.406717 valid=1.0000 routes=14.110 grad=4.8742 seconds=38.1
Epoch 4824/5000: score=17.858338 loss=-0.439596 valid=1.0000 routes=14.043 grad=5.7479 seconds=38.3
Epoch 4825/5000: score=17.225262 loss=-0.424627 valid=1.0000 routes=14.293 grad=5.0062 seconds=38.0
Epoch 4826/5000: score=16.453530 loss=-0.411654 valid=1.0000 routes=14.059 grad=4.9823 seconds=39.0
Epoch 4827/5000: score=15.642802 loss=-0.412122 valid=1.0000 routes=13.185 grad=4.6060 seconds=39.2
Epoch 4828/5000: score=16.940918 loss=-0.453580 valid=1.0000 routes=14.176 grad=5.3694 seconds=38.6
Epoch 4829/5000: score=15.729123 loss=-0.400593 valid=1.0000 routes=14.087 grad=4.8133 seconds=38.6
Epoch 4830/5000: score=17.241427 loss=-0.413920 valid=1.0000 routes=13.820 grad=5.0409 seconds=38.9
Epoch 4831/5000: score=17.066022 loss=-0.435884 valid=1.0000 routes=14.752 grad=5.2958 seconds=38.3
Epoch 4832/5000: score=18.343434 loss=-0.450084 valid=1.0000 routes=14.271 grad=5.6603 seconds=38.7
Epoch 4833/5000: score=18.416814 loss=-0.469247 valid=1.0000 routes=15.343 grad=5.5649 seconds=38.3
Epoch 4834/5000: score=16.693337 loss=-0.447081 valid=1.0000 routes=15.272 grad=5.2161 seconds=38.4
Epoch 4835/5000: score=16.851060 loss=-0.429198 valid=1.0000 routes=14.094 grad=5.2224 seconds=39.3
Epoch 4836/5000: score=16.783988 loss=-0.403140 valid=1.0000 routes=13.309 grad=5.0632 seconds=38.1
Epoch 4837/5000: score=17.284518 loss=-0.436664 valid=1.0000 routes=14.192 grad=5.3475 seconds=38.6
Epoch 4838/5000: score=16.999158 loss=-0.431246 valid=1.0000 routes=14.001 grad=5.0031 seconds=38.3
Epoch 4839/5000: score=16.574421 loss=-0.421612 valid=1.0000 routes=13.927 grad=5.0087 seconds=39.3
Epoch 4840/5000: score=16.671727 loss=-0.421318 valid=1.0000 routes=13.535 grad=5.0553 seconds=38.5
Epoch 4841/5000: score=15.725071 loss=-0.411875 valid=1.0000 routes=13.566 grad=4.7807 seconds=37.8
Epoch 4842/5000: score=15.969326 loss=-0.418156 valid=1.0000 routes=13.710 grad=4.9529 seconds=38.6
Epoch 4843/5000: score=16.914582 loss=-0.434433 valid=1.0000 routes=14.437 grad=5.1546 seconds=38.0
Epoch 4844/5000: score=16.428733 loss=-0.426627 valid=1.0000 routes=14.212 grad=4.8836 seconds=39.4
Epoch 4845/5000: score=16.003705 loss=-0.413290 valid=1.0000 routes=13.945 grad=4.9608 seconds=38.5
Epoch 4846/5000: score=16.364582 loss=-0.436977 valid=1.0000 routes=13.443 grad=5.2634 seconds=38.9
Epoch 4847/5000: score=16.800185 loss=-0.452774 valid=1.0000 routes=13.883 grad=5.4042 seconds=39.5
Epoch 4848/5000: score=16.794614 loss=-0.423993 valid=1.0000 routes=13.947 grad=5.2702 seconds=38.5
Epoch 4849/5000: score=17.371589 loss=-0.448977 valid=1.0000 routes=14.417 grad=5.4932 seconds=38.4
Epoch 4850/5000: score=16.528622 loss=-0.418183 valid=1.0000 routes=14.063 grad=5.0259 seconds=37.7
Epoch 4851/5000: score=16.809436 loss=-0.427161 valid=1.0000 routes=14.371 grad=5.3040 seconds=37.7
Epoch 4852/5000: score=16.708972 loss=-0.421394 valid=1.0000 routes=13.988 grad=5.0547 seconds=39.0
Epoch 4853/5000: score=17.165327 loss=-0.439419 valid=1.0000 routes=14.192 grad=5.3525 seconds=38.3
Epoch 4854/5000: score=16.594490 loss=-0.425372 valid=1.0000 routes=14.737 grad=5.1205 seconds=38.6
Epoch 4855/5000: score=17.211919 loss=-0.459640 valid=1.0000 routes=14.887 grad=5.5913 seconds=38.5
Epoch 4856/5000: score=16.057925 loss=-0.387217 valid=1.0000 routes=13.136 grad=4.7636 seconds=38.0
Epoch 4857/5000: score=16.404582 loss=-0.432612 valid=1.0000 routes=14.597 grad=4.8606 seconds=39.2
Epoch 4858/5000: score=15.672512 loss=-0.400774 valid=1.0000 routes=12.964 grad=4.4927 seconds=38.0
Epoch 4859/5000: score=17.468866 loss=-0.448752 valid=1.0000 routes=14.972 grad=5.2786 seconds=38.5
Epoch 4860/5000: score=16.787666 loss=-0.412231 valid=1.0000 routes=13.764 grad=5.0892 seconds=38.4
Epoch 4861/5000: score=16.232606 loss=-0.402606 valid=1.0000 routes=14.309 grad=4.9058 seconds=38.5
Epoch 4862/5000: score=17.765679 loss=-0.447389 valid=1.0000 routes=13.958 grad=5.8535 seconds=39.2
Epoch 4863/5000: score=17.502196 loss=-0.430783 valid=1.0000 routes=14.476 grad=5.5502 seconds=38.1
Epoch 4864/5000: score=17.198285 loss=-0.451459 valid=1.0000 routes=14.588 grad=5.5316 seconds=38.4
Epoch 4865/5000: score=16.371000 loss=-0.406488 valid=1.0000 routes=13.487 grad=5.0594 seconds=38.8
Epoch 4866/5000: score=17.078149 loss=-0.440143 valid=1.0000 routes=13.832 grad=5.5864 seconds=39.1
Epoch 4867/5000: score=16.836974 loss=-0.421859 valid=1.0000 routes=13.676 grad=4.9332 seconds=39.0
Epoch 4868/5000: score=15.895082 loss=-0.415206 valid=1.0000 routes=13.116 grad=4.9549 seconds=38.9
Epoch 4869/5000: score=16.506259 loss=-0.418170 valid=1.0000 routes=13.949 grad=4.9601 seconds=39.2
Epoch 4870/5000: score=18.271706 loss=-0.478145 valid=1.0000 routes=15.606 grad=5.8329 seconds=38.6
Epoch 4871/5000: score=17.936511 loss=-0.469629 valid=1.0000 routes=14.875 grad=5.9218 seconds=39.0
Epoch 4872/5000: score=16.993443 loss=-0.445049 valid=1.0000 routes=14.184 grad=5.4084 seconds=39.0
Epoch 4873/5000: score=16.833704 loss=-0.444855 valid=1.0000 routes=13.298 grad=5.4830 seconds=39.2
Epoch 4874/5000: score=16.070585 loss=-0.406972 valid=1.0000 routes=13.999 grad=4.7753 seconds=39.6
Epoch 4875/5000: score=16.718055 loss=-0.430768 valid=1.0000 routes=14.323 grad=5.1706 seconds=38.9
Epoch 4876/5000: score=16.908360 loss=-0.428290 valid=1.0000 routes=14.739 grad=4.8139 seconds=38.0
Epoch 4877/5000: score=16.019163 loss=-0.426981 valid=1.0000 routes=14.221 grad=4.8923 seconds=38.5
Epoch 4878/5000: score=17.546044 loss=-0.445217 valid=1.0000 routes=13.972 grad=5.3616 seconds=39.2
Epoch 4879/5000: score=17.491541 loss=-0.448067 valid=1.0000 routes=15.035 grad=5.5877 seconds=38.3
Epoch 4880/5000: score=16.584864 loss=-0.439502 valid=1.0000 routes=14.805 grad=5.2734 seconds=38.9
Epoch 4881/5000: score=16.828382 loss=-0.419411 valid=1.0000 routes=13.299 grad=5.0886 seconds=38.2
Epoch 4882/5000: score=16.279401 loss=-0.413277 valid=1.0000 routes=13.801 grad=5.1548 seconds=39.2
Epoch 4883/5000: score=16.227353 loss=-0.398095 valid=1.0000 routes=13.015 grad=4.8843 seconds=38.1
Epoch 4884/5000: score=16.385989 loss=-0.401878 valid=1.0000 routes=13.984 grad=5.0056 seconds=38.8
Epoch 4885/5000: score=17.052425 loss=-0.431738 valid=1.0000 routes=14.115 grad=5.3961 seconds=38.2
Epoch 4886/5000: score=17.365527 loss=-0.431635 valid=1.0000 routes=14.219 grad=5.3492 seconds=37.9
Epoch 4887/5000: score=16.991020 loss=-0.430228 valid=1.0000 routes=13.750 grad=5.2996 seconds=39.5
Epoch 4888/5000: score=15.794896 loss=-0.384616 valid=1.0000 routes=12.348 grad=4.5230 seconds=38.2
Epoch 4889/5000: score=16.345285 loss=-0.421790 valid=1.0000 routes=14.681 grad=4.9529 seconds=38.8
Epoch 4890/5000: score=18.523532 loss=-0.474271 valid=1.0000 routes=15.314 grad=5.8834 seconds=38.1
Epoch 4891/5000: score=18.068341 loss=-0.470790 valid=1.0000 routes=14.539 grad=5.7376 seconds=38.4
Epoch 4892/5000: score=16.855451 loss=-0.413234 valid=1.0000 routes=13.660 grad=5.4659 seconds=39.1
Epoch 4893/5000: score=17.707370 loss=-0.453814 valid=1.0000 routes=14.187 grad=5.8542 seconds=38.1
Epoch 4894/5000: score=17.409929 loss=-0.434172 valid=1.0000 routes=14.529 grad=5.3208 seconds=38.3
Epoch 4895/5000: score=16.687023 loss=-0.430385 valid=1.0000 routes=14.279 grad=5.2889 seconds=38.1
Epoch 4896/5000: score=16.384811 loss=-0.400418 valid=1.0000 routes=13.423 grad=5.0024 seconds=39.4
Epoch 4897/5000: score=18.170023 loss=-0.472040 valid=1.0000 routes=14.713 grad=5.9306 seconds=38.3
Epoch 4898/5000: score=16.702765 loss=-0.445996 valid=1.0000 routes=14.609 grad=5.1430 seconds=38.7
Epoch 4899/5000: score=15.421702 loss=-0.386094 valid=1.0000 routes=13.386 grad=4.4434 seconds=38.8
>> Invalid instances, Re-generating ...
Epoch 4900/5000: score=17.812829 loss=-0.461308 valid=1.0000 routes=14.838 grad=5.9869 seconds=39.3
Epoch 4901/5000: score=16.280246 loss=-0.416989 valid=1.0000 routes=13.813 grad=4.8991 seconds=37.4
Epoch 4902/5000: score=16.157183 loss=-0.417260 valid=1.0000 routes=14.277 grad=4.9757 seconds=38.0
Epoch 4903/5000: score=18.388437 loss=-0.474533 valid=1.0000 routes=14.930 grad=6.2134 seconds=37.3
Epoch 4904/5000: score=17.454681 loss=-0.477655 valid=1.0000 routes=14.052 grad=6.0472 seconds=38.4
Epoch 4905/5000: score=17.635678 loss=-0.434585 valid=1.0000 routes=14.077 grad=5.2746 seconds=39.5
Epoch 4906/5000: score=16.887547 loss=-0.423564 valid=1.0000 routes=13.386 grad=5.2911 seconds=38.5
Epoch 4907/5000: score=16.851081 loss=-0.438130 valid=1.0000 routes=13.347 grad=5.2613 seconds=39.1
Epoch 4908/5000: score=16.186174 loss=-0.411624 valid=1.0000 routes=14.002 grad=5.0101 seconds=38.3
Epoch 4909/5000: score=17.811197 loss=-0.454727 valid=1.0000 routes=14.440 grad=5.6363 seconds=39.6
Epoch 4910/5000: score=16.719224 loss=-0.421845 valid=1.0000 routes=13.293 grad=5.0172 seconds=39.0
Epoch 4911/5000: score=16.331447 loss=-0.419678 valid=1.0000 routes=14.480 grad=4.9704 seconds=38.2
Epoch 4912/5000: score=17.308625 loss=-0.459368 valid=1.0000 routes=14.793 grad=5.8173 seconds=38.5
>> Invalid instances, Re-generating ...
Epoch 4913/5000: score=16.665288 loss=-0.419361 valid=1.0000 routes=14.483 grad=5.2315 seconds=38.1
Epoch 4914/5000: score=16.882204 loss=-0.426554 valid=1.0000 routes=14.529 grad=5.2212 seconds=39.2
Epoch 4915/5000: score=16.495394 loss=-0.410863 valid=1.0000 routes=14.243 grad=5.1963 seconds=38.4
Epoch 4916/5000: score=17.113358 loss=-0.443328 valid=1.0000 routes=13.959 grad=5.3458 seconds=38.2
Epoch 4917/5000: score=17.720153 loss=-0.437597 valid=1.0000 routes=13.842 grad=5.6104 seconds=38.9
Epoch 4918/5000: score=17.717425 loss=-0.456794 valid=1.0000 routes=14.622 grad=5.2946 seconds=38.9
Epoch 4919/5000: score=16.801105 loss=-0.432998 valid=1.0000 routes=14.204 grad=5.5267 seconds=38.3
Epoch 4920/5000: score=16.466926 loss=-0.395362 valid=1.0000 routes=13.659 grad=5.0607 seconds=38.1
Epoch 4921/5000: score=17.508942 loss=-0.458035 valid=1.0000 routes=15.182 grad=5.4313 seconds=37.4
Epoch 4922/5000: score=17.210571 loss=-0.437507 valid=1.0000 routes=14.528 grad=5.3580 seconds=38.1
Epoch 4923/5000: score=16.856037 loss=-0.419758 valid=1.0000 routes=13.762 grad=5.1339 seconds=39.0
Epoch 4924/5000: score=16.545819 loss=-0.428864 valid=1.0000 routes=14.056 grad=5.2007 seconds=39.1
Epoch 4925/5000: score=16.560306 loss=-0.439018 valid=1.0000 routes=14.031 grad=5.1078 seconds=38.8
Epoch 4926/5000: score=16.109547 loss=-0.394932 valid=1.0000 routes=13.873 grad=5.0407 seconds=37.9
Epoch 4927/5000: score=17.678326 loss=-0.447173 valid=1.0000 routes=14.966 grad=5.3611 seconds=39.3
Epoch 4928/5000: score=17.106188 loss=-0.433411 valid=1.0000 routes=14.589 grad=5.0263 seconds=38.7
Epoch 4929/5000: score=16.937613 loss=-0.454177 valid=1.0000 routes=13.527 grad=5.4605 seconds=38.5
Epoch 4930/5000: score=17.179897 loss=-0.439441 valid=1.0000 routes=14.444 grad=5.5387 seconds=38.7
Epoch 4931/5000: score=16.405506 loss=-0.429545 valid=1.0000 routes=13.741 grad=5.1844 seconds=38.3
Epoch 4932/5000: score=17.131530 loss=-0.435297 valid=1.0000 routes=14.476 grad=5.4667 seconds=39.3
Epoch 4933/5000: score=16.655932 loss=-0.407024 valid=1.0000 routes=13.583 grad=5.0376 seconds=37.5
Epoch 4934/5000: score=17.242197 loss=-0.448276 valid=1.0000 routes=14.972 grad=5.8623 seconds=38.9
Epoch 4935/5000: score=16.391537 loss=-0.419621 valid=1.0000 routes=13.408 grad=5.0092 seconds=37.9
Epoch 4936/5000: score=16.160025 loss=-0.411253 valid=1.0000 routes=14.469 grad=4.8018 seconds=38.3
Epoch 4937/5000: score=16.437672 loss=-0.417303 valid=1.0000 routes=13.524 grad=5.1836 seconds=38.4
Epoch 4938/5000: score=17.436121 loss=-0.452794 valid=1.0000 routes=14.528 grad=5.8795 seconds=38.3
Epoch 4939/5000: score=16.144712 loss=-0.400943 valid=1.0000 routes=13.339 grad=4.8233 seconds=38.6
Epoch 4940/5000: score=15.574480 loss=-0.386118 valid=1.0000 routes=13.879 grad=4.6980 seconds=38.3
Epoch 4941/5000: score=16.380492 loss=-0.433537 valid=1.0000 routes=13.779 grad=5.1727 seconds=39.2
Epoch 4942/5000: score=16.946330 loss=-0.445081 valid=1.0000 routes=14.467 grad=5.4880 seconds=39.2
Epoch 4943/5000: score=17.573813 loss=-0.441552 valid=1.0000 routes=14.019 grad=5.7398 seconds=38.0
Epoch 4944/5000: score=16.774573 loss=-0.395327 valid=1.0000 routes=13.910 grad=4.9487 seconds=38.7
Epoch 4945/5000: score=17.305033 loss=-0.433657 valid=1.0000 routes=14.250 grad=5.3815 seconds=38.9
Epoch 4946/5000: score=16.046903 loss=-0.430175 valid=1.0000 routes=14.002 grad=5.4169 seconds=39.4
Epoch 4947/5000: score=16.439460 loss=-0.397911 valid=1.0000 routes=13.948 grad=4.9679 seconds=39.0
Epoch 4948/5000: score=16.404738 loss=-0.432151 valid=1.0000 routes=14.313 grad=5.1940 seconds=38.8
Epoch 4949/5000: score=16.991327 loss=-0.428998 valid=1.0000 routes=14.726 grad=5.3484 seconds=38.9
Epoch 4950/5000: score=15.291246 loss=-0.404069 valid=1.0000 routes=12.696 grad=4.7718 seconds=38.9
Epoch 4951/5000: score=17.665659 loss=-0.471030 valid=1.0000 routes=15.155 grad=5.7308 seconds=38.5
Epoch 4952/5000: score=15.987570 loss=-0.423164 valid=1.0000 routes=13.005 grad=5.1377 seconds=39.0
Epoch 4953/5000: score=16.621697 loss=-0.421021 valid=1.0000 routes=14.397 grad=5.3875 seconds=38.2
Epoch 4954/5000: score=17.417159 loss=-0.439755 valid=1.0000 routes=14.298 grad=5.4646 seconds=39.5
Epoch 4955/5000: score=18.064988 loss=-0.475028 valid=1.0000 routes=15.580 grad=5.8805 seconds=39.0
Epoch 4956/5000: score=15.838886 loss=-0.417084 valid=1.0000 routes=14.123 grad=4.7997 seconds=38.6
Epoch 4957/5000: score=17.004924 loss=-0.426586 valid=1.0000 routes=13.921 grad=5.5045 seconds=38.9
Epoch 4958/5000: score=17.837166 loss=-0.474469 valid=1.0000 routes=14.465 grad=5.8163 seconds=39.6
Epoch 4959/5000: score=17.347506 loss=-0.435032 valid=1.0000 routes=13.403 grad=5.3111 seconds=38.7
Epoch 4960/5000: score=17.751064 loss=-0.448708 valid=1.0000 routes=14.052 grad=5.7537 seconds=38.9
Epoch 4961/5000: score=16.300521 loss=-0.409899 valid=1.0000 routes=13.975 grad=4.8430 seconds=38.3
Epoch 4962/5000: score=16.476892 loss=-0.423432 valid=1.0000 routes=13.246 grad=5.0738 seconds=38.8
Epoch 4963/5000: score=17.489580 loss=-0.435456 valid=1.0000 routes=13.855 grad=5.7293 seconds=38.9
Epoch 4964/5000: score=16.382352 loss=-0.400099 valid=1.0000 routes=13.343 grad=4.7261 seconds=38.3
Epoch 4965/5000: score=17.576873 loss=-0.467187 valid=1.0000 routes=14.972 grad=5.4115 seconds=38.6
Epoch 4966/5000: score=17.086404 loss=-0.448412 valid=1.0000 routes=14.017 grad=5.4969 seconds=38.1
Epoch 4967/5000: score=16.891677 loss=-0.444155 valid=1.0000 routes=13.753 grad=5.4699 seconds=38.9
Epoch 4968/5000: score=17.395479 loss=-0.466040 valid=1.0000 routes=15.578 grad=5.5257 seconds=38.0
Epoch 4969/5000: score=16.681201 loss=-0.428111 valid=1.0000 routes=14.388 grad=5.1021 seconds=38.9
Epoch 4970/5000: score=16.949546 loss=-0.428641 valid=1.0000 routes=14.005 grad=5.2508 seconds=38.1
Epoch 4971/5000: score=17.488913 loss=-0.430018 valid=1.0000 routes=14.055 grad=5.2361 seconds=38.8
Epoch 4972/5000: score=16.614156 loss=-0.434167 valid=1.0000 routes=14.214 grad=5.0754 seconds=39.1
Epoch 4973/5000: score=16.183021 loss=-0.415113 valid=1.0000 routes=13.760 grad=5.2186 seconds=38.5
Epoch 4974/5000: score=17.216321 loss=-0.446665 valid=1.0000 routes=14.147 grad=5.6739 seconds=38.8
Epoch 4975/5000: score=16.894611 loss=-0.439984 valid=1.0000 routes=14.330 grad=5.1595 seconds=38.1
Epoch 4976/5000: score=16.818751 loss=-0.423573 valid=1.0000 routes=13.700 grad=5.1330 seconds=39.6
Epoch 4977/5000: score=17.556447 loss=-0.437486 valid=1.0000 routes=14.029 grad=5.3455 seconds=38.2
Epoch 4978/5000: score=16.571974 loss=-0.432834 valid=1.0000 routes=13.740 grad=5.1538 seconds=37.9
Epoch 4979/5000: score=16.114516 loss=-0.419327 valid=1.0000 routes=13.839 grad=5.0225 seconds=38.7
Epoch 4980/5000: score=17.245027 loss=-0.437797 valid=1.0000 routes=14.422 grad=5.4959 seconds=38.1
Epoch 4981/5000: score=16.232446 loss=-0.409213 valid=1.0000 routes=13.566 grad=4.7432 seconds=39.2
Epoch 4982/5000: score=17.614437 loss=-0.445063 valid=1.0000 routes=14.356 grad=5.5878 seconds=38.9
Epoch 4983/5000: score=16.884088 loss=-0.416978 valid=1.0000 routes=14.209 grad=5.0453 seconds=37.7
Epoch 4984/5000: score=16.738546 loss=-0.400456 valid=1.0000 routes=13.649 grad=5.0301 seconds=38.7
Epoch 4985/5000: score=16.633429 loss=-0.412998 valid=1.0000 routes=13.389 grad=5.3123 seconds=39.1
Epoch 4986/5000: score=16.022464 loss=-0.423072 valid=1.0000 routes=14.537 grad=4.9278 seconds=38.0
Epoch 4987/5000: score=16.831264 loss=-0.441403 valid=1.0000 routes=14.763 grad=5.3012 seconds=38.9
Epoch 4988/5000: score=17.158032 loss=-0.420193 valid=1.0000 routes=14.365 grad=5.1313 seconds=37.8
Epoch 4989/5000: score=17.154856 loss=-0.409072 valid=1.0000 routes=14.259 grad=5.6958 seconds=39.0
Epoch 4990/5000: score=16.424145 loss=-0.428212 valid=1.0000 routes=13.285 grad=5.4857 seconds=38.1
Epoch 4991/5000: score=17.399490 loss=-0.429695 valid=1.0000 routes=14.473 grad=5.2143 seconds=38.0
Epoch 4992/5000: score=16.650566 loss=-0.446729 valid=1.0000 routes=14.711 grad=5.2588 seconds=38.5
Epoch 4993/5000: score=16.657923 loss=-0.432357 valid=1.0000 routes=14.617 grad=5.6262 seconds=38.0
Epoch 4994/5000: score=16.545218 loss=-0.378343 valid=1.0000 routes=12.774 grad=4.9259 seconds=38.8
Epoch 4995/5000: score=17.351803 loss=-0.463038 valid=1.0000 routes=15.242 grad=5.5947 seconds=37.9
Epoch 4996/5000: score=16.791921 loss=-0.412500 valid=1.0000 routes=13.774 grad=5.0984 seconds=37.8
Epoch 4997/5000: score=17.344195 loss=-0.438661 valid=1.0000 routes=14.378 grad=5.4222 seconds=38.6
Epoch 4998/5000: score=16.222176 loss=-0.420907 valid=1.0000 routes=14.131 grad=5.0413 seconds=38.7
Epoch 4999/5000: score=16.771680 loss=-0.436744 valid=1.0000 routes=14.343 grad=5.2552 seconds=38.6
Epoch 5000/5000: score=16.428113 loss=-0.414903 valid=1.0000 routes=13.738 grad=4.9010 seconds=38.5
