protocol,model,architecture,trained_size,checkpoint,instance,family,customers,max_fleet,fleet_limit_enforced,coordinate_scale,candidates_total,candidates_externally_feasible,selected_vehicles,selected_distance_raw,selected_distance_2dp,selected_exceeds_reported_fleet,distance_only_vehicles,distance_only_raw,distance_only_2dp,official_lex_vehicles,official_lex_raw,official_lex_2dp,same_candidate,sintef_double_bks_vehicles,sintef_double_bks_distance,sintef_vehicle_gap,sintef_official_distance_gap_pct,sintef_nonofficial_distance_only_gap_pct,legacy_reference_vehicles,legacy_reference_distance,legacy_distance_only_gap_pct_noncomparable,elapsed_seconds,status
mvmoe_table7_greedy_8fold_distance,pomo_tw_n50,pomo_tw,50,/root/autodl-tmp/cvrptw6_fixedlr_20260822_154648/outputs/pomo_tw_n50/checkpoint-2000.pt,C101,C1,50,25,False,412.000000000000,400,400,8,497.859421304211,497.86,False,8,497.859421304211,497.86,8,497.859421304211,497.86,True,,,,,,5,362.4,37.378427512199444,1.0660905838012695,ok
mvmoe_table7_greedy_8fold_distance,pomo_tw_n50,pomo_tw,50,/root/autodl-tmp/cvrptw6_fixedlr_20260822_154648/outputs/pomo_tw_n50/checkpoint-2000.pt,C102,C1,50,25,False,412.000000000000,400,400,8,583.280835844670,583.28,False,8,583.280835844670,583.28,8,583.280835844670,583.28,True,,,,,,5,361.4,61.39480792602944,0.37111616134643555,ok
mvmoe_table7_greedy_8fold_distance,pomo_tw_n50,pomo_tw,50,/root/autodl-tmp/cvrptw6_fixedlr_20260822_154648/outputs/pomo_tw_n50/checkpoint-2000.pt,C103,C1,50,25,False,412.000000000000,400,400,6,561.703584836099,561.70,False,6,561.703584836099,561.70,6,561.703584836099,561.70,True,,,,,,5,361.4,55.42434555509118,0.3329954147338867,ok
mvmoe_table7_greedy_8fold_distance,pomo_tw_n50,pomo_tw,50,/root/autodl-tmp/cvrptw6_fixedlr_20260822_154648/outputs/pomo_tw_n50/checkpoint-2000.pt,C104,C1,50,25,False,412.000000000000,400,385,6,595.722875095829,595.72,False,6,595.722875095829,595.72,6,595.722875095829,595.72,True,,,,,,5,358.0,66.40303773626516,0.3470907211303711,ok
mvmoe_table7_greedy_8fold_distance,pomo_tw_n50,pomo_tw,50,/root/autodl-tmp/cvrptw6_fixedlr_20260822_154648/outputs/pomo_tw_n50/checkpoint-2000.pt,C105,C1,50,25,False,412.000000000000,400,400,8,498.409795666275,498.41,False,8,498.409795666275,498.41,8,498.409795666275,498.41,True,,,,,,5,362.4,37.53029681740492,0.3200795650482178,ok
mvmoe_table7_greedy_8fold_distance,pomo_tw_n50,pomo_tw,50,/root/autodl-tmp/cvrptw6_fixedlr_20260822_154648/outputs/pomo_tw_n50/checkpoint-2000.pt,C106,C1,50,25,False,412.000000000000,400,400,7,438.907438743147,438.91,False,7,438.907438743147,438.91,7,438.907438743147,438.91,True,,,,,,5,362.4,21.111324156497414,0.28633975982666016,ok
mvmoe_table7_greedy_8fold_distance,pomo_tw_n50,pomo_tw,50,/root/autodl-tmp/cvrptw6_fixedlr_20260822_154648/outputs/pomo_tw_n50/checkpoint-2000.pt,C107,C1,50,25,False,412.000000000000,400,400,7,569.446875100883,569.45,False,7,569.446875100883,569.45,7,569.446875100883,569.45,True,,,,,,5,362.4,57.13213992849978,0.310089111328125,ok
mvmoe_table7_greedy_8fold_distance,pomo_tw_n50,pomo_tw,50,/root/autodl-tmp/cvrptw6_fixedlr_20260822_154648/outputs/pomo_tw_n50/checkpoint-2000.pt,C108,C1,50,25,False,412.000000000000,400,400,8,567.627959609835,567.63,False,8,567.627959609835,567.63,8,567.627959609835,567.63,True,,,,,,5,362.4,56.63023168041818,0.29817938804626465,ok
mvmoe_table7_greedy_8fold_distance,pomo_tw_n50,pomo_tw,50,/root/autodl-tmp/cvrptw6_fixedlr_20260822_154648/outputs/pomo_tw_n50/checkpoint-2000.pt,C109,C1,50,25,False,412.000000000000,400,400,10,622.172059929218,622.17,False,10,622.172059929218,622.17,10,622.172059929218,622.17,True,,,,,,5,362.4,71.6810319892986,0.3115394115447998,ok
mvmoe_table7_greedy_8fold_distance,pomo_tw_n50,pomo_tw,50,/root/autodl-tmp/cvrptw6_fixedlr_20260822_154648/outputs/pomo_tw_n50/checkpoint-2000.pt,C201,C2,50,25,False,1130.000000000000,400,400,7,782.979544460595,782.98,False,7,782.979544460595,782.98,7,782.979544460595,782.98,True,,,,,,3,360.2,117.37355481970998,0.2789781093597412,ok
mvmoe_table7_greedy_8fold_distance,pomo_tw_n50,pomo_tw,50,/root/autodl-tmp/cvrptw6_fixedlr_20260822_154648/outputs/pomo_tw_n50/checkpoint-2000.pt,C202,C2,50,25,False,1130.000000000000,400,400,5,820.018051220344,820.02,False,5,820.018051220344,820.02,5,820.018051220344,820.02,True,,,,,,3,360.2,127.65631627438756,0.3393702507019043,ok
mvmoe_table7_greedy_8fold_distance,pomo_tw_n50,pomo_tw,50,/root/autodl-tmp/cvrptw6_fixedlr_20260822_154648/outputs/pomo_tw_n50/checkpoint-2000.pt,C203,C2,50,25,False,1130.000000000000,400,400,3,888.492985820278,888.49,False,3,888.492985820278,888.49,3,888.492985820278,888.49,True,,,,,,3,359.8,146.94079650369036,0.35280442237854004,ok
mvmoe_table7_greedy_8fold_distance,pomo_tw_n50,pomo_tw,50,/root/autodl-tmp/cvrptw6_fixedlr_20260822_154648/outputs/pomo_tw_n50/checkpoint-2000.pt,C204,C2,50,25,False,1130.000000000000,400,400,8,874.399450792820,874.40,False,8,874.399450792820,874.40,8,874.399450792820,874.40,True,,,,,,2,350.1,149.75705535356178,0.27779078483581543,ok
mvmoe_table7_greedy_8fold_distance,pomo_tw_n50,pomo_tw,50,/root/autodl-tmp/cvrptw6_fixedlr_20260822_154648/outputs/pomo_tw_n50/checkpoint-2000.pt,C205,C2,50,25,False,1130.000000000000,400,400,5,565.337680111254,565.34,False,5,565.337680111254,565.34,5,565.337680111254,565.34,True,,,,,,3,359.8,57.125536440037216,0.2681300640106201,ok
mvmoe_table7_greedy_8fold_distance,pomo_tw_n50,pomo_tw,50,/root/autodl-tmp/cvrptw6_fixedlr_20260822_154648/outputs/pomo_tw_n50/checkpoint-2000.pt,C206,C2,50,25,False,1130.000000000000,400,400,5,696.380113830458,696.38,False,5,696.380113830458,696.38,5,696.380113830458,696.38,True,,,,,,3,359.8,93.54644631196706,0.2994871139526367,ok
mvmoe_table7_greedy_8fold_distance,pomo_tw_n50,pomo_tw,50,/root/autodl-tmp/cvrptw6_fixedlr_20260822_154648/outputs/pomo_tw_n50/checkpoint-2000.pt,C207,C2,50,25,False,1130.000000000000,400,400,4,683.509252552778,683.51,False,4,683.509252552778,683.51,4,683.509252552778,683.51,True,,,,,,3,359.6,90.0748755708505,0.3203918933868408,ok
mvmoe_table7_greedy_8fold_distance,pomo_tw_n50,pomo_tw,50,/root/autodl-tmp/cvrptw6_fixedlr_20260822_154648/outputs/pomo_tw_n50/checkpoint-2000.pt,C208,C2,50,25,False,1130.000000000000,400,400,7,680.643229497116,680.64,False,7,680.643229497116,680.64,7,680.643229497116,680.64,True,,,,,,2,350.5,94.19207688933409,0.3357844352722168,ok
mvmoe_table7_greedy_8fold_distance,pomo_tw_n50,pomo_tw,50,/root/autodl-tmp/cvrptw6_fixedlr_20260822_154648/outputs/pomo_tw_n50/checkpoint-2000.pt,R101,R1,50,25,False,76.666666666667,400,400,13,1052.392662072068,1052.39,False,13,1052.392662072068,1052.39,13,1052.392662072068,1052.39,True,,,,,,12,1044.0,0.8038948344892386,0.3333737850189209,ok
mvmoe_table7_greedy_8fold_distance,pomo_tw_n50,pomo_tw,50,/root/autodl-tmp/cvrptw6_fixedlr_20260822_154648/outputs/pomo_tw_n50/checkpoint-2000.pt,R102,R1,50,25,False,76.666666666667,400,400,11,953.784783034624,953.78,False,11,953.784783034624,953.78,11,953.784783034624,953.78,True,,,,,,11,909.0,4.926818815690255,0.26691246032714844,ok
mvmoe_table7_greedy_8fold_distance,pomo_tw_n50,pomo_tw,50,/root/autodl-tmp/cvrptw6_fixedlr_20260822_154648/outputs/pomo_tw_n50/checkpoint-2000.pt,R103,R1,50,25,False,76.666666666667,400,400,9,846.747926422977,846.75,False,9,846.747926422977,846.75,9,846.747926422977,846.75,True,,,,,,9,772.9,9.554654731915745,0.2728736400604248,ok
mvmoe_table7_greedy_8fold_distance,pomo_tw_n50,pomo_tw,50,/root/autodl-tmp/cvrptw6_fixedlr_20260822_154648/outputs/pomo_tw_n50/checkpoint-2000.pt,R104,R1,50,25,False,76.666666666667,400,400,7,713.014418114665,713.01,False,7,713.014418114665,713.01,7,713.014418114665,713.01,True,,,,,,6,625.4,14.009340920157445,0.2625246047973633,ok
mvmoe_table7_greedy_8fold_distance,pomo_tw_n50,pomo_tw,50,/root/autodl-tmp/cvrptw6_fixedlr_20260822_154648/outputs/pomo_tw_n50/checkpoint-2000.pt,R105,R1,50,25,False,76.666666666667,400,400,11,967.227262257107,967.23,False,11,967.227262257107,967.23,11,967.227262257107,967.23,True,,,,,,9,899.3,7.553348410664607,0.2589993476867676,ok
mvmoe_table7_greedy_8fold_distance,pomo_tw_n50,pomo_tw,50,/root/autodl-tmp/cvrptw6_fixedlr_20260822_154648/outputs/pomo_tw_n50/checkpoint-2000.pt,R106,R1,50,25,False,76.666666666667,400,400,9,883.985291485800,883.99,False,9,883.985291485800,883.99,9,883.985291485800,883.99,True,,,,,,8,793.0,11.47355504234546,0.27305078506469727,ok
mvmoe_table7_greedy_8fold_distance,pomo_tw_n50,pomo_tw,50,/root/autodl-tmp/cvrptw6_fixedlr_20260822_154648/outputs/pomo_tw_n50/checkpoint-2000.pt,R107,R1,50,25,False,76.666666666667,400,400,8,780.481434668749,780.48,False,8,780.481434668749,780.48,8,780.481434668749,780.48,True,,,,,,7,711.1,9.756916702116246,0.27404308319091797,ok
mvmoe_table7_greedy_8fold_distance,pomo_tw_n50,pomo_tw,50,/root/autodl-tmp/cvrptw6_fixedlr_20260822_154648/outputs/pomo_tw_n50/checkpoint-2000.pt,R108,R1,50,25,False,76.666666666667,400,400,7,702.946335122820,702.95,False,7,702.946335122820,702.95,7,702.946335122820,702.95,True,,,,,,6,617.7,13.800604682340945,0.24501967430114746,ok
mvmoe_table7_greedy_8fold_distance,pomo_tw_n50,pomo_tw,50,/root/autodl-tmp/cvrptw6_fixedlr_20260822_154648/outputs/pomo_tw_n50/checkpoint-2000.pt,R109,R1,50,25,False,76.666666666667,400,400,9,828.118937351104,828.12,False,9,828.118937351104,828.12,9,828.118937351104,828.12,True,,,,,,8,786.8,5.251517202733119,0.3619358539581299,ok
mvmoe_table7_greedy_8fold_distance,pomo_tw_n50,pomo_tw,50,/root/autodl-tmp/cvrptw6_fixedlr_20260822_154648/outputs/pomo_tw_n50/checkpoint-2000.pt,R110,R1,50,25,False,76.666666666667,400,400,8,730.820544981021,730.82,False,8,730.820544981021,730.82,8,730.820544981021,730.82,True,,,,,,7,697.0,4.852302005885421,0.2595996856689453,ok
mvmoe_table7_greedy_8fold_distance,pomo_tw_n50,pomo_tw,50,/root/autodl-tmp/cvrptw6_fixedlr_20260822_154648/outputs/pomo_tw_n50/checkpoint-2000.pt,R111,R1,50,25,False,76.666666666667,400,400,8,755.179956426291,755.18,False,8,755.179956426291,755.18,8,755.179956426291,755.18,True,,,,,,7,707.2,6.784496101002667,0.2857530117034912,ok
mvmoe_table7_greedy_8fold_distance,pomo_tw_n50,pomo_tw,50,/root/autodl-tmp/cvrptw6_fixedlr_20260822_154648/outputs/pomo_tw_n50/checkpoint-2000.pt,R112,R1,50,25,False,76.666666666667,400,400,7,668.847788269498,668.85,False,7,668.847788269498,668.85,7,668.847788269498,668.85,True,,,,,,6,630.2,6.132622702237129,0.2681248188018799,ok
mvmoe_table7_greedy_8fold_distance,pomo_tw_n50,pomo_tw,50,/root/autodl-tmp/cvrptw6_fixedlr_20260822_154648/outputs/pomo_tw_n50/checkpoint-2000.pt,R201,R2,50,25,False,333.333333333333,400,400,7,1036.701949129706,1036.70,False,7,1036.701949129706,1036.70,7,1036.701949129706,1036.70,True,,,,,,6,791.9,30.913240198220205,0.26645684242248535,ok
mvmoe_table7_greedy_8fold_distance,pomo_tw_n50,pomo_tw,50,/root/autodl-tmp/cvrptw6_fixedlr_20260822_154648/outputs/pomo_tw_n50/checkpoint-2000.pt,R202,R2,50,25,False,333.333333333333,400,400,6,964.963622433398,964.96,False,6,964.963622433398,964.96,6,964.963622433398,964.96,True,,,,,,5,698.5,38.1479774421472,0.2878289222717285,ok
mvmoe_table7_greedy_8fold_distance,pomo_tw_n50,pomo_tw,50,/root/autodl-tmp/cvrptw6_fixedlr_20260822_154648/outputs/pomo_tw_n50/checkpoint-2000.pt,R203,R2,50,25,False,333.333333333333,400,400,4,874.073058081687,874.07,False,4,874.073058081687,874.07,4,874.073058081687,874.07,True,,,,,,5,605.3,44.40328070075783,0.2726304531097412,ok
mvmoe_table7_greedy_8fold_distance,pomo_tw_n50,pomo_tw,50,/root/autodl-tmp/cvrptw6_fixedlr_20260822_154648/outputs/pomo_tw_n50/checkpoint-2000.pt,R204,R2,50,25,False,333.333333333333,400,400,3,688.384070084657,688.38,False,3,688.384070084657,688.38,3,688.384070084657,688.38,True,,,,,,2,506.4,35.93682268654355,0.285050630569458,ok
mvmoe_table7_greedy_8fold_distance,pomo_tw_n50,pomo_tw,50,/root/autodl-tmp/cvrptw6_fixedlr_20260822_154648/outputs/pomo_tw_n50/checkpoint-2000.pt,R205,R2,50,25,False,333.333333333333,400,400,6,881.713595669454,881.71,False,6,881.713595669454,881.71,6,881.713595669454,881.71,True,,,,,,4,690.1,27.76606226191194,0.35518598556518555,ok
mvmoe_table7_greedy_8fold_distance,pomo_tw_n50,pomo_tw,50,/root/autodl-tmp/cvrptw6_fixedlr_20260822_154648/outputs/pomo_tw_n50/checkpoint-2000.pt,R206,R2,50,25,False,333.333333333333,400,400,6,861.674315611862,861.67,False,6,861.674315611862,861.67,6,861.674315611862,861.67,True,,,,,,4,632.4,36.25463561224893,0.2676520347595215,ok
mvmoe_table7_greedy_8fold_distance,pomo_tw_n50,pomo_tw,50,/root/autodl-tmp/cvrptw6_fixedlr_20260822_154648/outputs/pomo_tw_n50/checkpoint-2000.pt,R207,R2,50,25,False,333.333333333333,400,400,4,869.269893634862,869.27,False,4,869.269893634862,869.27,4,869.269893634862,869.27,True,,,,,,3,575.5,51.04602843351208,0.30725836753845215,ok
mvmoe_table7_greedy_8fold_distance,pomo_tw_n50,pomo_tw,50,/root/autodl-tmp/cvrptw6_fixedlr_20260822_154648/outputs/pomo_tw_n50/checkpoint-2000.pt,R208,R2,50,25,False,333.333333333333,400,400,3,694.081408885705,694.08,False,3,694.081408885705,694.08,3,694.081408885705,694.08,True,,,,,,2,487.7,42.31728703828272,0.26190686225891113,ok
mvmoe_table7_greedy_8fold_distance,pomo_tw_n50,pomo_tw,50,/root/autodl-tmp/cvrptw6_fixedlr_20260822_154648/outputs/pomo_tw_n50/checkpoint-2000.pt,R209,R2,50,25,False,333.333333333333,400,400,7,832.570022804233,832.57,False,7,832.570022804233,832.57,7,832.570022804233,832.57,True,,,,,,4,600.6,38.623047419952165,0.3044769763946533,ok
mvmoe_table7_greedy_8fold_distance,pomo_tw_n50,pomo_tw,50,/root/autodl-tmp/cvrptw6_fixedlr_20260822_154648/outputs/pomo_tw_n50/checkpoint-2000.pt,R210,R2,50,25,False,333.333333333333,400,400,5,862.500854370063,862.50,False,5,862.500854370063,862.50,5,862.500854370063,862.50,True,,,,,,4,645.6,33.596786612463326,0.2993454933166504,ok
mvmoe_table7_greedy_8fold_distance,pomo_tw_n50,pomo_tw,50,/root/autodl-tmp/cvrptw6_fixedlr_20260822_154648/outputs/pomo_tw_n50/checkpoint-2000.pt,R211,R2,50,25,False,333.333333333333,400,400,5,756.602407730943,756.60,False,5,756.602407730943,756.60,5,756.602407730943,756.60,True,,,,,,3,535.5,41.28896502912095,0.28725576400756836,ok
mvmoe_table7_greedy_8fold_distance,pomo_tw_n50,pomo_tw,50,/root/autodl-tmp/cvrptw6_fixedlr_20260822_154648/outputs/pomo_tw_n50/checkpoint-2000.pt,RC101,RC1,50,25,False,95.000000000000,400,400,10,1021.813895144160,1021.81,False,10,1021.813895144160,1021.81,10,1021.813895144160,1021.81,True,,,,,,8,944.0,8.242997366966069,0.31215739250183105,ok
mvmoe_table7_greedy_8fold_distance,pomo_tw_n50,pomo_tw,50,/root/autodl-tmp/cvrptw6_fixedlr_20260822_154648/outputs/pomo_tw_n50/checkpoint-2000.pt,RC102,RC1,50,25,False,95.000000000000,400,400,8,909.517553887516,909.52,False,8,909.517553887516,909.52,8,909.517553887516,909.52,True,,,,,,7,822.5,10.57964181003231,0.33284544944763184,ok
mvmoe_table7_greedy_8fold_distance,pomo_tw_n50,pomo_tw,50,/root/autodl-tmp/cvrptw6_fixedlr_20260822_154648/outputs/pomo_tw_n50/checkpoint-2000.pt,RC103,RC1,50,25,False,95.000000000000,400,400,7,844.132081539261,844.13,False,7,844.132081539261,844.13,7,844.132081539261,844.13,True,,,,,,6,710.9,18.7413252974062,0.26967501640319824,ok
mvmoe_table7_greedy_8fold_distance,pomo_tw_n50,pomo_tw,50,/root/autodl-tmp/cvrptw6_fixedlr_20260822_154648/outputs/pomo_tw_n50/checkpoint-2000.pt,RC104,RC1,50,25,False,95.000000000000,400,334,6,629.967748711832,629.97,False,6,629.967748711832,629.97,6,629.967748711832,629.97,True,,,,,,5,545.8,15.42098730520926,0.2660489082336426,ok
mvmoe_table7_greedy_8fold_distance,pomo_tw_n50,pomo_tw,50,/root/autodl-tmp/cvrptw6_fixedlr_20260822_154648/outputs/pomo_tw_n50/checkpoint-2000.pt,RC105,RC1,50,25,False,95.000000000000,400,400,8,911.069659374921,911.07,False,8,911.069659374921,911.07,8,911.069659374921,911.07,True,,,,,,8,855.3,6.52047929088288,0.27138280868530273,ok
mvmoe_table7_greedy_8fold_distance,pomo_tw_n50,pomo_tw,50,/root/autodl-tmp/cvrptw6_fixedlr_20260822_154648/outputs/pomo_tw_n50/checkpoint-2000.pt,RC106,RC1,50,25,False,95.000000000000,400,400,8,872.732350532330,872.73,False,8,872.732350532330,872.73,8,872.732350532330,872.73,True,,,,,,6,723.2,20.67648652272266,0.28968238830566406,ok
mvmoe_table7_greedy_8fold_distance,pomo_tw_n50,pomo_tw,50,/root/autodl-tmp/cvrptw6_fixedlr_20260822_154648/outputs/pomo_tw_n50/checkpoint-2000.pt,RC107,RC1,50,25,False,95.000000000000,400,373,7,746.936959476319,746.94,False,7,746.936959476319,746.94,7,746.936959476319,746.94,True,,,,,,6,642.7,16.21860268808453,0.29427385330200195,ok
mvmoe_table7_greedy_8fold_distance,pomo_tw_n50,pomo_tw,50,/root/autodl-tmp/cvrptw6_fixedlr_20260822_154648/outputs/pomo_tw_n50/checkpoint-2000.pt,RC108,RC1,50,25,False,95.000000000000,400,400,6,709.112515116073,709.11,False,6,709.112515116073,709.11,6,709.112515116073,709.11,True,,,,,,6,598.1,18.560861915411028,0.26317501068115234,ok
mvmoe_table7_greedy_8fold_distance,pomo_tw_n50,pomo_tw,50,/root/autodl-tmp/cvrptw6_fixedlr_20260822_154648/outputs/pomo_tw_n50/checkpoint-2000.pt,RC201,RC2,50,25,False,320.000000000000,400,400,5,745.672262339301,745.67,False,5,745.672262339301,745.67,5,745.672262339301,745.67,True,,,,,,5,684.8,8.889057000481984,0.25510144233703613,ok
mvmoe_table7_greedy_8fold_distance,pomo_tw_n50,pomo_tw,50,/root/autodl-tmp/cvrptw6_fixedlr_20260822_154648/outputs/pomo_tw_n50/checkpoint-2000.pt,RC202,RC2,50,25,False,320.000000000000,400,400,5,716.699136777903,716.70,False,5,716.699136777903,716.70,5,716.699136777903,716.70,True,,,,,,5,613.6,16.802336502265792,0.33593177795410156,ok
mvmoe_table7_greedy_8fold_distance,pomo_tw_n50,pomo_tw,50,/root/autodl-tmp/cvrptw6_fixedlr_20260822_154648/outputs/pomo_tw_n50/checkpoint-2000.pt,RC203,RC2,50,25,False,320.000000000000,400,400,4,693.532680975117,693.53,False,4,693.532680975117,693.53,4,693.532680975117,693.53,True,,,,,,4,555.3,24.893333508935207,0.2981250286102295,ok
mvmoe_table7_greedy_8fold_distance,pomo_tw_n50,pomo_tw,50,/root/autodl-tmp/cvrptw6_fixedlr_20260822_154648/outputs/pomo_tw_n50/checkpoint-2000.pt,RC204,RC2,50,25,False,320.000000000000,400,400,3,539.365240334162,539.37,False,3,539.365240334162,539.37,3,539.365240334162,539.37,True,,,,,,3,444.2,21.423962254426275,0.2747530937194824,ok
mvmoe_table7_greedy_8fold_distance,pomo_tw_n50,pomo_tw,50,/root/autodl-tmp/cvrptw6_fixedlr_20260822_154648/outputs/pomo_tw_n50/checkpoint-2000.pt,RC205,RC2,50,25,False,320.000000000000,400,400,5,723.637849239327,723.64,False,5,723.637849239327,723.64,5,723.637849239327,723.64,True,,,,,,5,630.2,14.826697752987494,0.2722909450531006,ok
mvmoe_table7_greedy_8fold_distance,pomo_tw_n50,pomo_tw,50,/root/autodl-tmp/cvrptw6_fixedlr_20260822_154648/outputs/pomo_tw_n50/checkpoint-2000.pt,RC206,RC2,50,25,False,320.000000000000,400,400,5,686.977906139064,686.98,False,5,686.977906139064,686.98,5,686.977906139064,686.98,True,,,,,,5,610.0,12.619328875256464,0.267470121383667,ok
mvmoe_table7_greedy_8fold_distance,pomo_tw_n50,pomo_tw,50,/root/autodl-tmp/cvrptw6_fixedlr_20260822_154648/outputs/pomo_tw_n50/checkpoint-2000.pt,RC207,RC2,50,25,False,320.000000000000,400,400,5,707.683676362553,707.68,False,5,707.683676362553,707.68,5,707.683676362553,707.68,True,,,,,,4,558.6,26.68880708244768,0.28151631355285645,ok
mvmoe_table7_greedy_8fold_distance,pomo_tw_n50,pomo_tw,50,/root/autodl-tmp/cvrptw6_fixedlr_20260822_154648/outputs/pomo_tw_n50/checkpoint-2000.pt,RC208,RC2,50,25,False,320.000000000000,400,400,4,630.281443402286,630.28,False,4,630.281443402286,630.28,4,630.281443402286,630.28,True,,,,,,3,476.7,32.217630250112435,0.2599921226501465,ok
mvmoe_table7_greedy_8fold_distance,pomo_split_tw_n50,pomo_split_tw,50,/root/autodl-tmp/cvrptw6_fixedlr_20260822_154648/outputs/pomo_split_tw_n50/checkpoint-2000.pt,C101,C1,50,25,False,412.000000000000,400,400,12,650.982970717387,650.98,False,12,650.982970717387,650.98,12,650.982970717387,650.98,True,,,,,,5,362.4,79.63106255998547,3.58321475982666,ok
mvmoe_table7_greedy_8fold_distance,pomo_split_tw_n50,pomo_split_tw,50,/root/autodl-tmp/cvrptw6_fixedlr_20260822_154648/outputs/pomo_split_tw_n50/checkpoint-2000.pt,C102,C1,50,25,False,412.000000000000,400,400,10,591.838330552721,591.84,False,10,591.838330552721,591.84,10,591.838330552721,591.84,True,,,,,,5,361.4,63.762681392562676,3.7435684204101562,ok
mvmoe_table7_greedy_8fold_distance,pomo_split_tw_n50,pomo_split_tw,50,/root/autodl-tmp/cvrptw6_fixedlr_20260822_154648/outputs/pomo_split_tw_n50/checkpoint-2000.pt,C103,C1,50,25,False,412.000000000000,400,400,9,545.327483535354,545.33,False,9,545.327483535354,545.33,9,545.327483535354,545.33,True,,,,,,5,361.4,50.89305023114398,3.9454097747802734,ok
mvmoe_table7_greedy_8fold_distance,pomo_split_tw_n50,pomo_split_tw,50,/root/autodl-tmp/cvrptw6_fixedlr_20260822_154648/outputs/pomo_split_tw_n50/checkpoint-2000.pt,C104,C1,50,25,False,412.000000000000,400,400,7,459.231143047070,459.23,False,7,459.231143047070,459.23,7,459.231143047070,459.23,True,,,,,,5,358.0,28.27685559974034,4.783969879150391,ok
mvmoe_table7_greedy_8fold_distance,pomo_split_tw_n50,pomo_split_tw,50,/root/autodl-tmp/cvrptw6_fixedlr_20260822_154648/outputs/pomo_split_tw_n50/checkpoint-2000.pt,C105,C1,50,25,False,412.000000000000,400,400,12,650.982970717387,650.98,False,12,650.982970717387,650.98,12,650.982970717387,650.98,True,,,,,,5,362.4,79.63106255998547,3.5476808547973633,ok
mvmoe_table7_greedy_8fold_distance,pomo_split_tw_n50,pomo_split_tw,50,/root/autodl-tmp/cvrptw6_fixedlr_20260822_154648/outputs/pomo_split_tw_n50/checkpoint-2000.pt,C106,C1,50,25,False,412.000000000000,400,400,12,650.982970717387,650.98,False,12,650.982970717387,650.98,12,650.982970717387,650.98,True,,,,,,5,362.4,79.63106255998547,3.680558204650879,ok
mvmoe_table7_greedy_8fold_distance,pomo_split_tw_n50,pomo_split_tw,50,/root/autodl-tmp/cvrptw6_fixedlr_20260822_154648/outputs/pomo_split_tw_n50/checkpoint-2000.pt,C107,C1,50,25,False,412.000000000000,400,400,12,650.982970717387,650.98,False,12,650.982970717387,650.98,12,650.982970717387,650.98,True,,,,,,5,362.4,79.63106255998547,3.43685245513916,ok
mvmoe_table7_greedy_8fold_distance,pomo_split_tw_n50,pomo_split_tw,50,/root/autodl-tmp/cvrptw6_fixedlr_20260822_154648/outputs/pomo_split_tw_n50/checkpoint-2000.pt,C108,C1,50,25,False,412.000000000000,400,400,9,555.322964386652,555.32,False,9,555.322964386652,555.32,9,555.322964386652,555.32,True,,,,,,5,362.4,53.23481357247569,3.835625171661377,ok
mvmoe_table7_greedy_8fold_distance,pomo_split_tw_n50,pomo_split_tw,50,/root/autodl-tmp/cvrptw6_fixedlr_20260822_154648/outputs/pomo_split_tw_n50/checkpoint-2000.pt,C109,C1,50,25,False,412.000000000000,400,400,9,555.322964386652,555.32,False,9,555.322964386652,555.32,9,555.322964386652,555.32,True,,,,,,5,362.4,53.23481357247569,4.006883859634399,ok
mvmoe_table7_greedy_8fold_distance,pomo_split_tw_n50,pomo_split_tw,50,/root/autodl-tmp/cvrptw6_fixedlr_20260822_154648/outputs/pomo_split_tw_n50/checkpoint-2000.pt,C201,C2,50,25,False,1130.000000000000,400,400,10,680.026531303607,680.03,False,10,680.026531303607,680.03,10,680.026531303607,680.03,True,,,,,,3,360.2,88.7913745984474,3.527350664138794,ok
mvmoe_table7_greedy_8fold_distance,pomo_split_tw_n50,pomo_split_tw,50,/root/autodl-tmp/cvrptw6_fixedlr_20260822_154648/outputs/pomo_split_tw_n50/checkpoint-2000.pt,C202,C2,50,25,False,1130.000000000000,400,400,8,575.267648934323,575.27,False,8,575.267648934323,575.27,8,575.267648934323,575.27,True,,,,,,3,360.2,59.70784256921782,3.6811375617980957,ok
mvmoe_table7_greedy_8fold_distance,pomo_split_tw_n50,pomo_split_tw,50,/root/autodl-tmp/cvrptw6_fixedlr_20260822_154648/outputs/pomo_split_tw_n50/checkpoint-2000.pt,C203,C2,50,25,False,1130.000000000000,400,400,7,545.978833290445,545.98,False,7,545.978833290445,545.98,7,545.978833290445,545.98,True,,,,,,3,359.8,51.74508985281967,3.954784870147705,ok
mvmoe_table7_greedy_8fold_distance,pomo_split_tw_n50,pomo_split_tw,50,/root/autodl-tmp/cvrptw6_fixedlr_20260822_154648/outputs/pomo_split_tw_n50/checkpoint-2000.pt,C204,C2,50,25,False,1130.000000000000,400,400,3,408.266441057528,408.27,False,3,408.266441057528,408.27,3,408.266441057528,408.27,True,,,,,,2,350.1,16.61423623465516,5.438721656799316,ok
mvmoe_table7_greedy_8fold_distance,pomo_split_tw_n50,pomo_split_tw,50,/root/autodl-tmp/cvrptw6_fixedlr_20260822_154648/outputs/pomo_split_tw_n50/checkpoint-2000.pt,C205,C2,50,25,False,1130.000000000000,400,400,7,568.004622630169,568.00,False,7,568.004622630169,568.00,7,568.004622630169,568.00,True,,,,,,3,359.8,57.86676560038062,3.7226309776306152,ok
mvmoe_table7_greedy_8fold_distance,pomo_split_tw_n50,pomo_split_tw,50,/root/autodl-tmp/cvrptw6_fixedlr_20260822_154648/outputs/pomo_split_tw_n50/checkpoint-2000.pt,C206,C2,50,25,False,1130.000000000000,400,400,6,535.138469357094,535.14,False,6,535.138469357094,535.14,6,535.138469357094,535.14,True,,,,,,3,359.8,48.73220382353931,3.872342586517334,ok
mvmoe_table7_greedy_8fold_distance,pomo_split_tw_n50,pomo_split_tw,50,/root/autodl-tmp/cvrptw6_fixedlr_20260822_154648/outputs/pomo_split_tw_n50/checkpoint-2000.pt,C207,C2,50,25,False,1130.000000000000,400,400,4,457.871301024435,457.87,False,4,457.871301024435,457.87,4,457.871301024435,457.87,True,,,,,,3,359.6,27.32794800457029,4.196307182312012,ok
mvmoe_table7_greedy_8fold_distance,pomo_split_tw_n50,pomo_split_tw,50,/root/autodl-tmp/cvrptw6_fixedlr_20260822_154648/outputs/pomo_split_tw_n50/checkpoint-2000.pt,C208,C2,50,25,False,1130.000000000000,400,400,5,523.528291694456,523.53,False,5,523.528291694456,523.53,5,523.528291694456,523.53,True,,,,,,2,350.5,49.36613172452373,4.017365217208862,ok
mvmoe_table7_greedy_8fold_distance,pomo_split_tw_n50,pomo_split_tw,50,/root/autodl-tmp/cvrptw6_fixedlr_20260822_154648/outputs/pomo_split_tw_n50/checkpoint-2000.pt,R101,R1,50,25,False,76.666666666667,400,400,24,1520.099718055229,1520.10,False,24,1520.099718055229,1520.10,24,1520.099718055229,1520.10,True,,,,,,12,1044.0,45.60342126965799,3.192497730255127,ok
mvmoe_table7_greedy_8fold_distance,pomo_split_tw_n50,pomo_split_tw,50,/root/autodl-tmp/cvrptw6_fixedlr_20260822_154648/outputs/pomo_split_tw_n50/checkpoint-2000.pt,R102,R1,50,25,False,76.666666666667,400,400,19,1248.503047647072,1248.50,False,19,1248.503047647072,1248.50,19,1248.503047647072,1248.50,True,,,,,,11,909.0,37.349070148192766,3.4511969089508057,ok
mvmoe_table7_greedy_8fold_distance,pomo_split_tw_n50,pomo_split_tw,50,/root/autodl-tmp/cvrptw6_fixedlr_20260822_154648/outputs/pomo_split_tw_n50/checkpoint-2000.pt,R103,R1,50,25,False,76.666666666667,400,400,14,1020.935260146962,1020.94,False,14,1020.935260146962,1020.94,14,1020.935260146962,1020.94,True,,,,,,9,772.9,32.091507329145045,3.5172929763793945,ok
mvmoe_table7_greedy_8fold_distance,pomo_split_tw_n50,pomo_split_tw,50,/root/autodl-tmp/cvrptw6_fixedlr_20260822_154648/outputs/pomo_split_tw_n50/checkpoint-2000.pt,R104,R1,50,25,False,76.666666666667,400,400,8,729.943627434287,729.94,False,8,729.943627434287,729.94,8,729.943627434287,729.94,True,,,,,,6,625.4,16.71628196902573,4.365408420562744,ok
mvmoe_table7_greedy_8fold_distance,pomo_split_tw_n50,pomo_split_tw,50,/root/autodl-tmp/cvrptw6_fixedlr_20260822_154648/outputs/pomo_split_tw_n50/checkpoint-2000.pt,R105,R1,50,25,False,76.666666666667,400,400,19,1234.236964446963,1234.24,False,19,1234.236964446963,1234.24,19,1234.236964446963,1234.24,True,,,,,,9,899.3,37.24418597208526,3.437849998474121,ok
mvmoe_table7_greedy_8fold_distance,pomo_split_tw_n50,pomo_split_tw,50,/root/autodl-tmp/cvrptw6_fixedlr_20260822_154648/outputs/pomo_split_tw_n50/checkpoint-2000.pt,R106,R1,50,25,False,76.666666666667,400,400,14,1054.609929996240,1054.61,False,14,1054.609929996240,1054.61,14,1054.609929996240,1054.61,True,,,,,,8,793.0,32.98990289990416,3.6017298698425293,ok
mvmoe_table7_greedy_8fold_distance,pomo_split_tw_n50,pomo_split_tw,50,/root/autodl-tmp/cvrptw6_fixedlr_20260822_154648/outputs/pomo_split_tw_n50/checkpoint-2000.pt,R107,R1,50,25,False,76.666666666667,400,400,12,954.459310357533,954.46,False,12,954.459310357533,954.46,12,954.459310357533,954.46,True,,,,,,7,711.1,34.22293775243052,3.6981074810028076,ok
mvmoe_table7_greedy_8fold_distance,pomo_split_tw_n50,pomo_split_tw,50,/root/autodl-tmp/cvrptw6_fixedlr_20260822_154648/outputs/pomo_split_tw_n50/checkpoint-2000.pt,R108,R1,50,25,False,76.666666666667,400,400,8,723.212363335653,723.21,False,8,723.212363335653,723.21,8,723.212363335653,723.21,True,,,,,,6,617.7,17.08148993615886,4.2648985385894775,ok
mvmoe_table7_greedy_8fold_distance,pomo_split_tw_n50,pomo_split_tw,50,/root/autodl-tmp/cvrptw6_fixedlr_20260822_154648/outputs/pomo_split_tw_n50/checkpoint-2000.pt,R109,R1,50,25,False,76.666666666667,400,400,14,1031.677213643630,1031.68,False,14,1031.677213643630,1031.68,14,1031.677213643630,1031.68,True,,,,,,8,786.8,31.123184245504646,3.3682308197021484,ok
mvmoe_table7_greedy_8fold_distance,pomo_split_tw_n50,pomo_split_tw,50,/root/autodl-tmp/cvrptw6_fixedlr_20260822_154648/outputs/pomo_split_tw_n50/checkpoint-2000.pt,R110,R1,50,25,False,76.666666666667,400,400,12,897.062943017737,897.06,False,12,897.062943017737,897.06,12,897.062943017737,897.06,True,,,,,,7,697.0,28.70343515319037,3.671757221221924,ok
mvmoe_table7_greedy_8fold_distance,pomo_split_tw_n50,pomo_split_tw,50,/root/autodl-tmp/cvrptw6_fixedlr_20260822_154648/outputs/pomo_split_tw_n50/checkpoint-2000.pt,R111,R1,50,25,False,76.666666666667,400,400,11,887.832395087895,887.83,False,11,887.832395087895,887.83,11,887.832395087895,887.83,True,,,,,,7,707.2,25.541911070120886,3.9463367462158203,ok
mvmoe_table7_greedy_8fold_distance,pomo_split_tw_n50,pomo_split_tw,50,/root/autodl-tmp/cvrptw6_fixedlr_20260822_154648/outputs/pomo_split_tw_n50/checkpoint-2000.pt,R112,R1,50,25,False,76.666666666667,400,400,7,714.652160720556,714.65,False,7,714.652160720556,714.65,7,714.652160720556,714.65,True,,,,,,6,630.2,13.400850637980918,4.502211332321167,ok
mvmoe_table7_greedy_8fold_distance,pomo_split_tw_n50,pomo_split_tw,50,/root/autodl-tmp/cvrptw6_fixedlr_20260822_154648/outputs/pomo_split_tw_n50/checkpoint-2000.pt,R201,R2,50,25,False,333.333333333333,400,400,19,1209.060119171393,1209.06,False,19,1209.060119171393,1209.06,19,1209.060119171393,1209.06,True,,,,,,6,791.9,52.67838352966192,3.3300325870513916,ok
mvmoe_table7_greedy_8fold_distance,pomo_split_tw_n50,pomo_split_tw,50,/root/autodl-tmp/cvrptw6_fixedlr_20260822_154648/outputs/pomo_split_tw_n50/checkpoint-2000.pt,R202,R2,50,25,False,333.333333333333,400,400,12,973.871077423000,973.87,False,12,973.871077423000,973.87,12,973.871077423000,973.87,True,,,,,,5,698.5,39.42320363965642,3.5300140380859375,ok
mvmoe_table7_greedy_8fold_distance,pomo_split_tw_n50,pomo_split_tw,50,/root/autodl-tmp/cvrptw6_fixedlr_20260822_154648/outputs/pomo_split_tw_n50/checkpoint-2000.pt,R203,R2,50,25,False,333.333333333333,400,400,8,801.806201792938,801.81,False,8,801.806201792938,801.81,8,801.806201792938,801.81,True,,,,,,5,605.3,32.46426594960148,4.03387451171875,ok
mvmoe_table7_greedy_8fold_distance,pomo_split_tw_n50,pomo_split_tw,50,/root/autodl-tmp/cvrptw6_fixedlr_20260822_154648/outputs/pomo_split_tw_n50/checkpoint-2000.pt,R204,R2,50,25,False,333.333333333333,400,400,3,589.900664278727,589.90,False,3,589.900664278727,589.90,3,589.900664278727,589.90,True,,,,,,2,506.4,16.489072724867118,5.786441802978516,ok
mvmoe_table7_greedy_8fold_distance,pomo_split_tw_n50,pomo_split_tw,50,/root/autodl-tmp/cvrptw6_fixedlr_20260822_154648/outputs/pomo_split_tw_n50/checkpoint-2000.pt,R205,R2,50,25,False,333.333333333333,400,400,13,1002.925583007174,1002.93,False,13,1002.925583007174,1002.93,13,1002.925583007174,1002.93,True,,,,,,4,690.1,45.330471381998876,3.3633551597595215,ok
mvmoe_table7_greedy_8fold_distance,pomo_split_tw_n50,pomo_split_tw,50,/root/autodl-tmp/cvrptw6_fixedlr_20260822_154648/outputs/pomo_split_tw_n50/checkpoint-2000.pt,R206,R2,50,25,False,333.333333333333,400,400,10,862.038731268532,862.04,False,10,862.038731268532,862.04,10,862.038731268532,862.04,True,,,,,,4,632.4,36.312259846383945,3.7027435302734375,ok
mvmoe_table7_greedy_8fold_distance,pomo_split_tw_n50,pomo_split_tw,50,/root/autodl-tmp/cvrptw6_fixedlr_20260822_154648/outputs/pomo_split_tw_n50/checkpoint-2000.pt,R207,R2,50,25,False,333.333333333333,400,400,8,767.377429867031,767.38,False,8,767.377429867031,767.38,8,767.377429867031,767.38,True,,,,,,3,575.5,33.34099563284633,4.039510726928711,ok
mvmoe_table7_greedy_8fold_distance,pomo_split_tw_n50,pomo_split_tw,50,/root/autodl-tmp/cvrptw6_fixedlr_20260822_154648/outputs/pomo_split_tw_n50/checkpoint-2000.pt,R208,R2,50,25,False,333.333333333333,400,400,3,529.016055732548,529.02,False,3,529.016055732548,529.02,3,529.016055732548,529.02,True,,,,,,2,487.7,8.471612821929106,6.102242469787598,ok
mvmoe_table7_greedy_8fold_distance,pomo_split_tw_n50,pomo_split_tw,50,/root/autodl-tmp/cvrptw6_fixedlr_20260822_154648/outputs/pomo_split_tw_n50/checkpoint-2000.pt,R209,R2,50,25,False,333.333333333333,400,400,9,824.465923916364,824.47,False,9,824.465923916364,824.47,9,824.465923916364,824.47,True,,,,,,4,600.6,37.273713605788124,3.6499171257019043,ok
mvmoe_table7_greedy_8fold_distance,pomo_split_tw_n50,pomo_split_tw,50,/root/autodl-tmp/cvrptw6_fixedlr_20260822_154648/outputs/pomo_split_tw_n50/checkpoint-2000.pt,R210,R2,50,25,False,333.333333333333,400,400,10,878.006892346506,878.01,False,10,878.006892346506,878.01,10,878.006892346506,878.01,True,,,,,,4,645.6,35.99858927300278,3.828664779663086,ok
mvmoe_table7_greedy_8fold_distance,pomo_split_tw_n50,pomo_split_tw,50,/root/autodl-tmp/cvrptw6_fixedlr_20260822_154648/outputs/pomo_split_tw_n50/checkpoint-2000.pt,R211,R2,50,25,False,333.333333333333,400,400,5,612.431668842546,612.43,False,5,612.431668842546,612.43,5,612.431668842546,612.43,True,,,,,,3,535.5,14.366324713827483,5.016441345214844,ok
mvmoe_table7_greedy_8fold_distance,pomo_split_tw_n50,pomo_split_tw,50,/root/autodl-tmp/cvrptw6_fixedlr_20260822_154648/outputs/pomo_split_tw_n50/checkpoint-2000.pt,RC101,RC1,50,25,False,95.000000000000,400,400,18,1605.534110817844,1605.53,False,18,1605.534110817844,1605.53,18,1605.534110817844,1605.53,True,,,,,,8,944.0,70.07776597646654,3.3155248165130615,ok
mvmoe_table7_greedy_8fold_distance,pomo_split_tw_n50,pomo_split_tw,50,/root/autodl-tmp/cvrptw6_fixedlr_20260822_154648/outputs/pomo_split_tw_n50/checkpoint-2000.pt,RC102,RC1,50,25,False,95.000000000000,400,400,16,1445.158151933820,1445.16,False,16,1445.158151933820,1445.16,16,1445.158151933820,1445.16,True,,,,,,7,822.5,75.70311877614834,3.6641738414764404,ok
mvmoe_table7_greedy_8fold_distance,pomo_split_tw_n50,pomo_split_tw,50,/root/autodl-tmp/cvrptw6_fixedlr_20260822_154648/outputs/pomo_split_tw_n50/checkpoint-2000.pt,RC103,RC1,50,25,False,95.000000000000,400,400,12,1135.099408430926,1135.10,False,12,1135.099408430926,1135.10,12,1135.099408430926,1135.10,True,,,,,,6,710.9,59.670756566454656,4.0085437297821045,ok
mvmoe_table7_greedy_8fold_distance,pomo_split_tw_n50,pomo_split_tw,50,/root/autodl-tmp/cvrptw6_fixedlr_20260822_154648/outputs/pomo_split_tw_n50/checkpoint-2000.pt,RC104,RC1,50,25,False,95.000000000000,400,400,7,717.101105474771,717.10,False,7,717.101105474771,717.10,7,717.101105474771,717.10,True,,,,,,5,545.8,31.385325297686116,4.292640924453735,ok
mvmoe_table7_greedy_8fold_distance,pomo_split_tw_n50,pomo_split_tw,50,/root/autodl-tmp/cvrptw6_fixedlr_20260822_154648/outputs/pomo_split_tw_n50/checkpoint-2000.pt,RC105,RC1,50,25,False,95.000000000000,400,400,16,1429.665710988034,1429.67,False,16,1429.665710988034,1429.67,16,1429.665710988034,1429.67,True,,,,,,8,855.3,67.15371343248377,3.422215700149536,ok
mvmoe_table7_greedy_8fold_distance,pomo_split_tw_n50,pomo_split_tw,50,/root/autodl-tmp/cvrptw6_fixedlr_20260822_154648/outputs/pomo_split_tw_n50/checkpoint-2000.pt,RC106,RC1,50,25,False,95.000000000000,400,400,13,1204.758919335503,1204.76,False,13,1204.758919335503,1204.76,13,1204.758919335503,1204.76,True,,,,,,6,723.2,66.58723995236485,3.4028427600860596,ok
mvmoe_table7_greedy_8fold_distance,pomo_split_tw_n50,pomo_split_tw,50,/root/autodl-tmp/cvrptw6_fixedlr_20260822_154648/outputs/pomo_split_tw_n50/checkpoint-2000.pt,RC107,RC1,50,25,False,95.000000000000,400,400,10,910.406539112006,910.41,False,10,910.406539112006,910.41,10,910.406539112006,910.41,True,,,,,,6,642.7,41.65342136486795,3.808429718017578,ok
mvmoe_table7_greedy_8fold_distance,pomo_split_tw_n50,pomo_split_tw,50,/root/autodl-tmp/cvrptw6_fixedlr_20260822_154648/outputs/pomo_split_tw_n50/checkpoint-2000.pt,RC108,RC1,50,25,False,95.000000000000,400,400,7,711.926336117275,711.93,False,7,711.926336117275,711.93,7,711.926336117275,711.93,True,,,,,,6,598.1,19.031321872140907,4.328146934509277,ok
mvmoe_table7_greedy_8fold_distance,pomo_split_tw_n50,pomo_split_tw,50,/root/autodl-tmp/cvrptw6_fixedlr_20260822_154648/outputs/pomo_split_tw_n50/checkpoint-2000.pt,RC201,RC2,50,25,False,320.000000000000,400,400,15,1451.476398754013,1451.48,False,15,1451.476398754013,1451.48,15,1451.476398754013,1451.48,True,,,,,,5,684.8,111.95624981805094,3.4056148529052734,ok
mvmoe_table7_greedy_8fold_distance,pomo_split_tw_n50,pomo_split_tw,50,/root/autodl-tmp/cvrptw6_fixedlr_20260822_154648/outputs/pomo_split_tw_n50/checkpoint-2000.pt,RC202,RC2,50,25,False,320.000000000000,400,400,12,1166.154287582651,1166.15,False,12,1166.154287582651,1166.15,12,1166.154287582651,1166.15,True,,,,,,5,613.6,90.05122027096655,3.8215067386627197,ok
mvmoe_table7_greedy_8fold_distance,pomo_split_tw_n50,pomo_split_tw,50,/root/autodl-tmp/cvrptw6_fixedlr_20260822_154648/outputs/pomo_split_tw_n50/checkpoint-2000.pt,RC203,RC2,50,25,False,320.000000000000,400,400,8,925.653703946332,925.65,False,8,925.653703946332,925.65,8,925.653703946332,925.65,True,,,,,,4,555.3,66.69434610955021,3.941619873046875,ok
mvmoe_table7_greedy_8fold_distance,pomo_split_tw_n50,pomo_split_tw,50,/root/autodl-tmp/cvrptw6_fixedlr_20260822_154648/outputs/pomo_split_tw_n50/checkpoint-2000.pt,RC204,RC2,50,25,False,320.000000000000,400,400,4,510.032777568232,510.03,False,4,510.032777568232,510.03,4,510.032777568232,510.03,True,,,,,,3,444.2,14.820526242285357,5.597429513931274,ok
mvmoe_table7_greedy_8fold_distance,pomo_split_tw_n50,pomo_split_tw,50,/root/autodl-tmp/cvrptw6_fixedlr_20260822_154648/outputs/pomo_split_tw_n50/checkpoint-2000.pt,RC205,RC2,50,25,False,320.000000000000,400,400,14,1356.585452342581,1356.59,False,14,1356.585452342581,1356.59,14,1356.585452342581,1356.59,True,,,,,,5,630.2,115.26268682046668,3.325305461883545,ok
mvmoe_table7_greedy_8fold_distance,pomo_split_tw_n50,pomo_split_tw,50,/root/autodl-tmp/cvrptw6_fixedlr_20260822_154648/outputs/pomo_split_tw_n50/checkpoint-2000.pt,RC206,RC2,50,25,False,320.000000000000,400,400,11,1214.395213491217,1214.40,False,11,1214.395213491217,1214.40,11,1214.395213491217,1214.40,True,,,,,,5,610.0,99.08118253954378,3.360504150390625,ok
mvmoe_table7_greedy_8fold_distance,pomo_split_tw_n50,pomo_split_tw,50,/root/autodl-tmp/cvrptw6_fixedlr_20260822_154648/outputs/pomo_split_tw_n50/checkpoint-2000.pt,RC207,RC2,50,25,False,320.000000000000,400,400,9,951.349688965990,951.35,False,9,951.349688965990,951.35,9,951.349688965990,951.35,True,,,,,,4,558.6,70.30964714750986,3.7348196506500244,ok
mvmoe_table7_greedy_8fold_distance,pomo_split_tw_n50,pomo_split_tw,50,/root/autodl-tmp/cvrptw6_fixedlr_20260822_154648/outputs/pomo_split_tw_n50/checkpoint-2000.pt,RC208,RC2,50,25,False,320.000000000000,400,400,4,522.731250726244,522.73,False,4,522.731250726244,522.73,4,522.731250726244,522.73,True,,,,,,3,476.7,9.656230485891378,5.41361665725708,ok
mvmoe_table7_greedy_8fold_distance,am_tw_n50,am_tw,50,/root/autodl-tmp/cvrptw6_fixedlr_20260822_154648/outputs/am_tw_n50_resume60_attempt1/cvrptw_50/am_tw_n50_resume60_fixedlr_20260826T215744/epoch-100.pt,C101,C1,50,25,False,412.000000000000,8,8,7,551.303221629275,551.30,False,7,551.303221629275,551.30,7,551.303221629275,551.30,True,,,,,,5,362.4,52.12561303236071,0.7080936431884766,ok
mvmoe_table7_greedy_8fold_distance,am_tw_n50,am_tw,50,/root/autodl-tmp/cvrptw6_fixedlr_20260822_154648/outputs/am_tw_n50_resume60_attempt1/cvrptw_50/am_tw_n50_resume60_fixedlr_20260826T215744/epoch-100.pt,C102,C1,50,25,False,412.000000000000,8,8,9,781.583701470571,781.58,False,9,781.583701470571,781.58,9,781.583701470571,781.58,True,,,,,,5,361.4,116.26555104332343,0.2741379737854004,ok
mvmoe_table7_greedy_8fold_distance,am_tw_n50,am_tw,50,/root/autodl-tmp/cvrptw6_fixedlr_20260822_154648/outputs/am_tw_n50_resume60_attempt1/cvrptw_50/am_tw_n50_resume60_fixedlr_20260826T215744/epoch-100.pt,C103,C1,50,25,False,412.000000000000,8,8,7,770.531195828439,770.53,False,7,770.531195828439,770.53,7,770.531195828439,770.53,True,,,,,,5,361.4,113.20730377101242,0.24121665954589844,ok
mvmoe_table7_greedy_8fold_distance,am_tw_n50,am_tw,50,/root/autodl-tmp/cvrptw6_fixedlr_20260822_154648/outputs/am_tw_n50_resume60_attempt1/cvrptw_50/am_tw_n50_resume60_fixedlr_20260826T215744/epoch-100.pt,C104,C1,50,25,False,412.000000000000,8,8,5,664.629035226934,664.63,False,5,664.629035226934,664.63,5,664.629035226934,664.63,True,,,,,,5,358.0,85.65056849914345,0.30681371688842773,ok
mvmoe_table7_greedy_8fold_distance,am_tw_n50,am_tw,50,/root/autodl-tmp/cvrptw6_fixedlr_20260822_154648/outputs/am_tw_n50_resume60_attempt1/cvrptw_50/am_tw_n50_resume60_fixedlr_20260826T215744/epoch-100.pt,C105,C1,50,25,False,412.000000000000,8,8,9,669.869361601149,669.87,False,9,669.869361601149,669.87,9,669.869361601149,669.87,True,,,,,,5,362.4,84.84253907316486,0.24694299697875977,ok
mvmoe_table7_greedy_8fold_distance,am_tw_n50,am_tw,50,/root/autodl-tmp/cvrptw6_fixedlr_20260822_154648/outputs/am_tw_n50_resume60_attempt1/cvrptw_50/am_tw_n50_resume60_fixedlr_20260826T215744/epoch-100.pt,C106,C1,50,25,False,412.000000000000,8,8,7,691.850132340919,691.85,False,7,691.850132340919,691.85,7,691.850132340919,691.85,True,,,,,,5,362.4,90.90787316250525,0.2512166500091553,ok
mvmoe_table7_greedy_8fold_distance,am_tw_n50,am_tw,50,/root/autodl-tmp/cvrptw6_fixedlr_20260822_154648/outputs/am_tw_n50_resume60_attempt1/cvrptw_50/am_tw_n50_resume60_fixedlr_20260826T215744/epoch-100.pt,C107,C1,50,25,False,412.000000000000,8,8,10,621.448956496703,621.45,False,10,621.448956496703,621.45,10,621.448956496703,621.45,True,,,,,,5,362.4,71.48150013705921,0.2396993637084961,ok
mvmoe_table7_greedy_8fold_distance,am_tw_n50,am_tw,50,/root/autodl-tmp/cvrptw6_fixedlr_20260822_154648/outputs/am_tw_n50_resume60_attempt1/cvrptw_50/am_tw_n50_resume60_fixedlr_20260826T215744/epoch-100.pt,C108,C1,50,25,False,412.000000000000,8,8,8,795.927757036900,795.93,False,8,795.927757036900,795.93,8,795.927757036900,795.93,True,,,,,,5,362.4,119.62686452453083,0.3124537467956543,ok
mvmoe_table7_greedy_8fold_distance,am_tw_n50,am_tw,50,/root/autodl-tmp/cvrptw6_fixedlr_20260822_154648/outputs/am_tw_n50_resume60_attempt1/cvrptw_50/am_tw_n50_resume60_fixedlr_20260826T215744/epoch-100.pt,C109,C1,50,25,False,412.000000000000,8,8,9,656.330953624282,656.33,False,9,656.330953624282,656.33,9,656.330953624282,656.33,True,,,,,,5,362.4,81.10677528263865,0.46019434928894043,ok
mvmoe_table7_greedy_8fold_distance,am_tw_n50,am_tw,50,/root/autodl-tmp/cvrptw6_fixedlr_20260822_154648/outputs/am_tw_n50_resume60_attempt1/cvrptw_50/am_tw_n50_resume60_fixedlr_20260826T215744/epoch-100.pt,C201,C2,50,25,False,1130.000000000000,8,8,2,484.457042255357,484.46,False,2,484.457042255357,484.46,2,484.457042255357,484.46,True,,,,,,3,360.2,34.49668024857214,0.23923206329345703,ok
mvmoe_table7_greedy_8fold_distance,am_tw_n50,am_tw,50,/root/autodl-tmp/cvrptw6_fixedlr_20260822_154648/outputs/am_tw_n50_resume60_attempt1/cvrptw_50/am_tw_n50_resume60_fixedlr_20260826T215744/epoch-100.pt,C202,C2,50,25,False,1130.000000000000,8,8,2,672.414752586433,672.41,False,2,672.414752586433,672.41,2,672.414752586433,672.41,True,,,,,,3,360.2,86.678165626439,0.2544994354248047,ok
mvmoe_table7_greedy_8fold_distance,am_tw_n50,am_tw,50,/root/autodl-tmp/cvrptw6_fixedlr_20260822_154648/outputs/am_tw_n50_resume60_attempt1/cvrptw_50/am_tw_n50_resume60_fixedlr_20260826T215744/epoch-100.pt,C203,C2,50,25,False,1130.000000000000,8,8,3,878.255511524211,878.26,False,3,878.255511524211,878.26,3,878.255511524211,878.26,True,,,,,,3,359.8,144.09547290834104,0.22569775581359863,ok
mvmoe_table7_greedy_8fold_distance,am_tw_n50,am_tw,50,/root/autodl-tmp/cvrptw6_fixedlr_20260822_154648/outputs/am_tw_n50_resume60_attempt1/cvrptw_50/am_tw_n50_resume60_fixedlr_20260826T215744/epoch-100.pt,C204,C2,50,25,False,1130.000000000000,8,8,3,809.112732035698,809.11,False,3,809.112732035698,809.11,3,809.112732035698,809.11,True,,,,,,2,350.1,131.10903514301566,0.40981459617614746,ok
mvmoe_table7_greedy_8fold_distance,am_tw_n50,am_tw,50,/root/autodl-tmp/cvrptw6_fixedlr_20260822_154648/outputs/am_tw_n50_resume60_attempt1/cvrptw_50/am_tw_n50_resume60_fixedlr_20260826T215744/epoch-100.pt,C205,C2,50,25,False,1130.000000000000,8,8,2,535.120477177184,535.12,False,2,535.120477177184,535.12,2,535.120477177184,535.12,True,,,,,,3,359.8,48.72720321767202,0.23611760139465332,ok
mvmoe_table7_greedy_8fold_distance,am_tw_n50,am_tw,50,/root/autodl-tmp/cvrptw6_fixedlr_20260822_154648/outputs/am_tw_n50_resume60_attempt1/cvrptw_50/am_tw_n50_resume60_fixedlr_20260826T215744/epoch-100.pt,C206,C2,50,25,False,1130.000000000000,8,8,3,837.189007509750,837.19,False,3,837.189007509750,837.19,3,837.189007509750,837.19,True,,,,,,3,359.8,132.68176973589482,0.242567777633667,ok
mvmoe_table7_greedy_8fold_distance,am_tw_n50,am_tw,50,/root/autodl-tmp/cvrptw6_fixedlr_20260822_154648/outputs/am_tw_n50_resume60_attempt1/cvrptw_50/am_tw_n50_resume60_fixedlr_20260826T215744/epoch-100.pt,C207,C2,50,25,False,1130.000000000000,8,8,3,821.976065891321,821.98,False,3,821.976065891321,821.98,3,821.976065891321,821.98,True,,,,,,3,359.6,128.58066348479443,0.2743411064147949,ok
mvmoe_table7_greedy_8fold_distance,am_tw_n50,am_tw,50,/root/autodl-tmp/cvrptw6_fixedlr_20260822_154648/outputs/am_tw_n50_resume60_attempt1/cvrptw_50/am_tw_n50_resume60_fixedlr_20260826T215744/epoch-100.pt,C208,C2,50,25,False,1130.000000000000,8,8,3,742.528630017546,742.53,False,3,742.528630017546,742.53,3,742.528630017546,742.53,True,,,,,,2,350.5,111.8483965813256,0.2584843635559082,ok
mvmoe_table7_greedy_8fold_distance,am_tw_n50,am_tw,50,/root/autodl-tmp/cvrptw6_fixedlr_20260822_154648/outputs/am_tw_n50_resume60_attempt1/cvrptw_50/am_tw_n50_resume60_fixedlr_20260826T215744/epoch-100.pt,R101,R1,50,25,False,76.666666666667,8,8,13,1107.630189267790,1107.63,False,13,1107.630189267790,1107.63,13,1107.630189267790,1107.63,True,,,,,,12,1044.0,6.094845715305534,0.28601861000061035,ok
mvmoe_table7_greedy_8fold_distance,am_tw_n50,am_tw,50,/root/autodl-tmp/cvrptw6_fixedlr_20260822_154648/outputs/am_tw_n50_resume60_attempt1/cvrptw_50/am_tw_n50_resume60_fixedlr_20260826T215744/epoch-100.pt,R102,R1,50,25,False,76.666666666667,8,8,11,986.962127510354,986.96,False,11,986.962127510354,986.96,11,986.962127510354,986.96,True,,,,,,11,909.0,8.57669169530842,0.26181817054748535,ok
mvmoe_table7_greedy_8fold_distance,am_tw_n50,am_tw,50,/root/autodl-tmp/cvrptw6_fixedlr_20260822_154648/outputs/am_tw_n50_resume60_attempt1/cvrptw_50/am_tw_n50_resume60_fixedlr_20260826T215744/epoch-100.pt,R103,R1,50,25,False,76.666666666667,8,8,10,869.306240849001,869.31,False,10,869.306240849001,869.31,10,869.306240849001,869.31,True,,,,,,9,772.9,12.473313604476798,0.24646329879760742,ok
mvmoe_table7_greedy_8fold_distance,am_tw_n50,am_tw,50,/root/autodl-tmp/cvrptw6_fixedlr_20260822_154648/outputs/am_tw_n50_resume60_attempt1/cvrptw_50/am_tw_n50_resume60_fixedlr_20260826T215744/epoch-100.pt,R104,R1,50,25,False,76.666666666667,8,8,8,781.396270599374,781.40,False,8,781.396270599374,781.40,8,781.396270599374,781.40,True,,,,,,6,625.4,24.943439494623345,0.22887134552001953,ok
mvmoe_table7_greedy_8fold_distance,am_tw_n50,am_tw,50,/root/autodl-tmp/cvrptw6_fixedlr_20260822_154648/outputs/am_tw_n50_resume60_attempt1/cvrptw_50/am_tw_n50_resume60_fixedlr_20260826T215744/epoch-100.pt,R105,R1,50,25,False,76.666666666667,8,8,11,991.266588185957,991.27,False,11,991.266588185957,991.27,11,991.266588185957,991.27,True,,,,,,9,899.3,10.22646371466222,0.2458193302154541,ok
mvmoe_table7_greedy_8fold_distance,am_tw_n50,am_tw,50,/root/autodl-tmp/cvrptw6_fixedlr_20260822_154648/outputs/am_tw_n50_resume60_attempt1/cvrptw_50/am_tw_n50_resume60_fixedlr_20260826T215744/epoch-100.pt,R106,R1,50,25,False,76.666666666667,8,8,10,926.855784646175,926.86,False,10,926.855784646175,926.86,10,926.855784646175,926.86,True,,,,,,8,793.0,16.879670194977923,0.2528047561645508,ok
mvmoe_table7_greedy_8fold_distance,am_tw_n50,am_tw,50,/root/autodl-tmp/cvrptw6_fixedlr_20260822_154648/outputs/am_tw_n50_resume60_attempt1/cvrptw_50/am_tw_n50_resume60_fixedlr_20260826T215744/epoch-100.pt,R107,R1,50,25,False,76.666666666667,8,8,8,825.769613093723,825.77,False,8,825.769613093723,825.77,8,825.769613093723,825.77,True,,,,,,7,711.1,16.12566630484084,0.24161672592163086,ok
mvmoe_table7_greedy_8fold_distance,am_tw_n50,am_tw,50,/root/autodl-tmp/cvrptw6_fixedlr_20260822_154648/outputs/am_tw_n50_resume60_attempt1/cvrptw_50/am_tw_n50_resume60_fixedlr_20260826T215744/epoch-100.pt,R108,R1,50,25,False,76.666666666667,8,8,7,762.968258890030,762.97,False,7,762.968258890030,762.97,7,762.968258890030,762.97,True,,,,,,6,617.7,23.517607073017622,0.2558894157409668,ok
mvmoe_table7_greedy_8fold_distance,am_tw_n50,am_tw,50,/root/autodl-tmp/cvrptw6_fixedlr_20260822_154648/outputs/am_tw_n50_resume60_attempt1/cvrptw_50/am_tw_n50_resume60_fixedlr_20260826T215744/epoch-100.pt,R109,R1,50,25,False,76.666666666667,8,8,9,888.645680117624,888.65,False,9,888.645680117624,888.65,9,888.645680117624,888.65,True,,,,,,8,786.8,12.944290813119522,0.3058032989501953,ok
mvmoe_table7_greedy_8fold_distance,am_tw_n50,am_tw,50,/root/autodl-tmp/cvrptw6_fixedlr_20260822_154648/outputs/am_tw_n50_resume60_attempt1/cvrptw_50/am_tw_n50_resume60_fixedlr_20260826T215744/epoch-100.pt,R110,R1,50,25,False,76.666666666667,8,8,9,785.424598460552,785.42,False,9,785.424598460552,785.42,9,785.424598460552,785.42,True,,,,,,7,697.0,12.686456020165302,0.30719494819641113,ok
mvmoe_table7_greedy_8fold_distance,am_tw_n50,am_tw,50,/root/autodl-tmp/cvrptw6_fixedlr_20260822_154648/outputs/am_tw_n50_resume60_attempt1/cvrptw_50/am_tw_n50_resume60_fixedlr_20260826T215744/epoch-100.pt,R111,R1,50,25,False,76.666666666667,8,8,8,812.273703970314,812.27,False,8,812.273703970314,812.27,8,812.273703970314,812.27,True,,,,,,7,707.2,14.857707009376915,0.3276493549346924,ok
mvmoe_table7_greedy_8fold_distance,am_tw_n50,am_tw,50,/root/autodl-tmp/cvrptw6_fixedlr_20260822_154648/outputs/am_tw_n50_resume60_attempt1/cvrptw_50/am_tw_n50_resume60_fixedlr_20260826T215744/epoch-100.pt,R112,R1,50,25,False,76.666666666667,8,8,7,731.115369179764,731.12,False,7,731.115369179764,731.12,7,731.115369179764,731.12,True,,,,,,6,630.2,16.013229003453535,0.23819208145141602,ok
mvmoe_table7_greedy_8fold_distance,am_tw_n50,am_tw,50,/root/autodl-tmp/cvrptw6_fixedlr_20260822_154648/outputs/am_tw_n50_resume60_attempt1/cvrptw_50/am_tw_n50_resume60_fixedlr_20260826T215744/epoch-100.pt,R201,R2,50,25,False,333.333333333333,8,8,6,1105.697531170998,1105.70,False,6,1105.697531170998,1105.70,6,1105.697531170998,1105.70,True,,,,,,6,791.9,39.6259036710441,0.2535738945007324,ok
mvmoe_table7_greedy_8fold_distance,am_tw_n50,am_tw,50,/root/autodl-tmp/cvrptw6_fixedlr_20260822_154648/outputs/am_tw_n50_resume60_attempt1/cvrptw_50/am_tw_n50_resume60_fixedlr_20260826T215744/epoch-100.pt,R202,R2,50,25,False,333.333333333333,8,8,8,1166.282459598771,1166.28,False,8,1166.282459598771,1166.28,8,1166.282459598771,1166.28,True,,,,,,5,698.5,66.96957188242959,0.2555668354034424,ok
mvmoe_table7_greedy_8fold_distance,am_tw_n50,am_tw,50,/root/autodl-tmp/cvrptw6_fixedlr_20260822_154648/outputs/am_tw_n50_resume60_attempt1/cvrptw_50/am_tw_n50_resume60_fixedlr_20260826T215744/epoch-100.pt,R203,R2,50,25,False,333.333333333333,8,8,5,1041.428982040819,1041.43,False,5,1041.428982040819,1041.43,5,1041.428982040819,1041.43,True,,,,,,5,605.3,72.05170692893098,0.2792625427246094,ok
mvmoe_table7_greedy_8fold_distance,am_tw_n50,am_tw,50,/root/autodl-tmp/cvrptw6_fixedlr_20260822_154648/outputs/am_tw_n50_resume60_attempt1/cvrptw_50/am_tw_n50_resume60_fixedlr_20260826T215744/epoch-100.pt,R204,R2,50,25,False,333.333333333333,8,8,3,815.409814521762,815.41,False,3,815.409814521762,815.41,3,815.409814521762,815.41,True,,,,,,2,506.4,61.020895442685976,0.32800960540771484,ok
mvmoe_table7_greedy_8fold_distance,am_tw_n50,am_tw,50,/root/autodl-tmp/cvrptw6_fixedlr_20260822_154648/outputs/am_tw_n50_resume60_attempt1/cvrptw_50/am_tw_n50_resume60_fixedlr_20260826T215744/epoch-100.pt,R205,R2,50,25,False,333.333333333333,8,8,7,1052.993687288310,1052.99,False,7,1052.993687288310,1052.99,7,1052.993687288310,1052.99,True,,,,,,4,690.1,52.585666901653376,0.24678993225097656,ok
mvmoe_table7_greedy_8fold_distance,am_tw_n50,am_tw,50,/root/autodl-tmp/cvrptw6_fixedlr_20260822_154648/outputs/am_tw_n50_resume60_attempt1/cvrptw_50/am_tw_n50_resume60_fixedlr_20260826T215744/epoch-100.pt,R206,R2,50,25,False,333.333333333333,8,8,6,1044.707134098344,1044.71,False,6,1044.707134098344,1044.71,6,1044.707134098344,1044.71,True,,,,,,4,632.4,65.19720653041487,0.36260533332824707,ok
mvmoe_table7_greedy_8fold_distance,am_tw_n50,am_tw,50,/root/autodl-tmp/cvrptw6_fixedlr_20260822_154648/outputs/am_tw_n50_resume60_attempt1/cvrptw_50/am_tw_n50_resume60_fixedlr_20260826T215744/epoch-100.pt,R207,R2,50,25,False,333.333333333333,8,8,4,998.658284189222,998.66,False,4,998.658284189222,998.66,4,998.658284189222,998.66,True,,,,,,3,575.5,73.52880698335736,0.27027440071105957,ok
mvmoe_table7_greedy_8fold_distance,am_tw_n50,am_tw,50,/root/autodl-tmp/cvrptw6_fixedlr_20260822_154648/outputs/am_tw_n50_resume60_attempt1/cvrptw_50/am_tw_n50_resume60_fixedlr_20260826T215744/epoch-100.pt,R208,R2,50,25,False,333.333333333333,8,8,3,829.291527836697,829.29,False,3,829.291527836697,829.29,3,829.291527836697,829.29,True,,,,,,2,487.7,70.04132209077231,0.2939906120300293,ok
mvmoe_table7_greedy_8fold_distance,am_tw_n50,am_tw,50,/root/autodl-tmp/cvrptw6_fixedlr_20260822_154648/outputs/am_tw_n50_resume60_attempt1/cvrptw_50/am_tw_n50_resume60_fixedlr_20260826T215744/epoch-100.pt,R209,R2,50,25,False,333.333333333333,8,8,5,1020.479238702709,1020.48,False,5,1020.479238702709,1020.48,5,1020.479238702709,1020.48,True,,,,,,4,600.6,69.90996315396426,0.25833630561828613,ok
mvmoe_table7_greedy_8fold_distance,am_tw_n50,am_tw,50,/root/autodl-tmp/cvrptw6_fixedlr_20260822_154648/outputs/am_tw_n50_resume60_attempt1/cvrptw_50/am_tw_n50_resume60_fixedlr_20260826T215744/epoch-100.pt,R210,R2,50,25,False,333.333333333333,8,8,6,1065.960603068145,1065.96,False,6,1065.960603068145,1065.96,6,1065.960603068145,1065.96,True,,,,,,4,645.6,65.11161757561099,0.22741246223449707,ok
mvmoe_table7_greedy_8fold_distance,am_tw_n50,am_tw,50,/root/autodl-tmp/cvrptw6_fixedlr_20260822_154648/outputs/am_tw_n50_resume60_attempt1/cvrptw_50/am_tw_n50_resume60_fixedlr_20260826T215744/epoch-100.pt,R211,R2,50,25,False,333.333333333333,8,8,4,886.535280378070,886.54,False,4,886.535280378070,886.54,4,886.535280378070,886.54,True,,,,,,3,535.5,65.55280679329037,0.22038793563842773,ok
mvmoe_table7_greedy_8fold_distance,am_tw_n50,am_tw,50,/root/autodl-tmp/cvrptw6_fixedlr_20260822_154648/outputs/am_tw_n50_resume60_attempt1/cvrptw_50/am_tw_n50_resume60_fixedlr_20260826T215744/epoch-100.pt,RC101,RC1,50,25,False,95.000000000000,8,8,9,1011.949816837123,1011.95,False,9,1011.949816837123,1011.95,9,1011.949816837123,1011.95,True,,,,,,8,944.0,7.198073817491876,0.2937352657318115,ok
mvmoe_table7_greedy_8fold_distance,am_tw_n50,am_tw,50,/root/autodl-tmp/cvrptw6_fixedlr_20260822_154648/outputs/am_tw_n50_resume60_attempt1/cvrptw_50/am_tw_n50_resume60_fixedlr_20260826T215744/epoch-100.pt,RC102,RC1,50,25,False,95.000000000000,8,8,8,948.168382737617,948.17,False,8,948.168382737617,948.17,8,948.168382737617,948.17,True,,,,,,7,822.5,15.278830727977763,0.2885165214538574,ok
mvmoe_table7_greedy_8fold_distance,am_tw_n50,am_tw,50,/root/autodl-tmp/cvrptw6_fixedlr_20260822_154648/outputs/am_tw_n50_resume60_attempt1/cvrptw_50/am_tw_n50_resume60_fixedlr_20260826T215744/epoch-100.pt,RC103,RC1,50,25,False,95.000000000000,8,8,8,895.896526048986,895.90,False,8,895.896526048986,895.90,8,895.896526048986,895.90,True,,,,,,6,710.9,26.02286201279869,0.27104759216308594,ok
mvmoe_table7_greedy_8fold_distance,am_tw_n50,am_tw,50,/root/autodl-tmp/cvrptw6_fixedlr_20260822_154648/outputs/am_tw_n50_resume60_attempt1/cvrptw_50/am_tw_n50_resume60_fixedlr_20260826T215744/epoch-100.pt,RC104,RC1,50,25,False,95.000000000000,8,8,6,690.442442210730,690.44,False,6,690.442442210730,690.44,6,690.442442210730,690.44,True,,,,,,5,545.8,26.50099710713271,0.24530363082885742,ok
mvmoe_table7_greedy_8fold_distance,am_tw_n50,am_tw,50,/root/autodl-tmp/cvrptw6_fixedlr_20260822_154648/outputs/am_tw_n50_resume60_attempt1/cvrptw_50/am_tw_n50_resume60_fixedlr_20260826T215744/epoch-100.pt,RC105,RC1,50,25,False,95.000000000000,8,8,9,978.978881854814,978.98,False,9,978.978881854814,978.98,9,978.978881854814,978.98,True,,,,,,8,855.3,14.460292511962365,0.2505185604095459,ok
mvmoe_table7_greedy_8fold_distance,am_tw_n50,am_tw,50,/root/autodl-tmp/cvrptw6_fixedlr_20260822_154648/outputs/am_tw_n50_resume60_attempt1/cvrptw_50/am_tw_n50_resume60_fixedlr_20260826T215744/epoch-100.pt,RC106,RC1,50,25,False,95.000000000000,8,8,7,863.015148466462,863.02,False,7,863.015148466462,863.02,7,863.015148466462,863.02,True,,,,,,6,723.2,19.332846856535152,0.23780250549316406,ok
mvmoe_table7_greedy_8fold_distance,am_tw_n50,am_tw,50,/root/autodl-tmp/cvrptw6_fixedlr_20260822_154648/outputs/am_tw_n50_resume60_attempt1/cvrptw_50/am_tw_n50_resume60_fixedlr_20260826T215744/epoch-100.pt,RC107,RC1,50,25,False,95.000000000000,8,8,6,801.477418493560,801.48,False,6,801.477418493560,801.48,6,801.477418493560,801.48,True,,,,,,6,642.7,24.70474848196054,0.2488727569580078,ok
mvmoe_table7_greedy_8fold_distance,am_tw_n50,am_tw,50,/root/autodl-tmp/cvrptw6_fixedlr_20260822_154648/outputs/am_tw_n50_resume60_attempt1/cvrptw_50/am_tw_n50_resume60_fixedlr_20260826T215744/epoch-100.pt,RC108,RC1,50,25,False,95.000000000000,8,8,7,778.646431741874,778.65,False,7,778.646431741874,778.65,7,778.646431741874,778.65,True,,,,,,6,598.1,30.186663056658496,0.2680246829986572,ok
mvmoe_table7_greedy_8fold_distance,am_tw_n50,am_tw,50,/root/autodl-tmp/cvrptw6_fixedlr_20260822_154648/outputs/am_tw_n50_resume60_attempt1/cvrptw_50/am_tw_n50_resume60_fixedlr_20260826T215744/epoch-100.pt,RC201,RC2,50,25,False,320.000000000000,8,8,5,918.775816136878,918.78,False,5,918.775816136878,918.78,5,918.775816136878,918.78,True,,,,,,5,684.8,34.16702922559554,0.23363232612609863,ok
mvmoe_table7_greedy_8fold_distance,am_tw_n50,am_tw,50,/root/autodl-tmp/cvrptw6_fixedlr_20260822_154648/outputs/am_tw_n50_resume60_attempt1/cvrptw_50/am_tw_n50_resume60_fixedlr_20260826T215744/epoch-100.pt,RC202,RC2,50,25,False,320.000000000000,8,8,7,1026.001529749585,1026.00,False,7,1026.001529749585,1026.00,7,1026.001529749585,1026.00,True,,,,,,5,613.6,67.21015804263111,0.23528456687927246,ok
mvmoe_table7_greedy_8fold_distance,am_tw_n50,am_tw,50,/root/autodl-tmp/cvrptw6_fixedlr_20260822_154648/outputs/am_tw_n50_resume60_attempt1/cvrptw_50/am_tw_n50_resume60_fixedlr_20260826T215744/epoch-100.pt,RC203,RC2,50,25,False,320.000000000000,8,8,5,818.134940415490,818.13,False,5,818.134940415490,818.13,5,818.134940415490,818.13,True,,,,,,4,555.3,47.33206202331899,0.23824596405029297,ok
mvmoe_table7_greedy_8fold_distance,am_tw_n50,am_tw,50,/root/autodl-tmp/cvrptw6_fixedlr_20260822_154648/outputs/am_tw_n50_resume60_attempt1/cvrptw_50/am_tw_n50_resume60_fixedlr_20260826T215744/epoch-100.pt,RC204,RC2,50,25,False,320.000000000000,8,8,3,737.893280357625,737.89,False,3,737.893280357625,737.89,3,737.893280357625,737.89,True,,,,,,3,444.2,66.11735262440914,0.31793975830078125,ok
mvmoe_table7_greedy_8fold_distance,am_tw_n50,am_tw,50,/root/autodl-tmp/cvrptw6_fixedlr_20260822_154648/outputs/am_tw_n50_resume60_attempt1/cvrptw_50/am_tw_n50_resume60_fixedlr_20260826T215744/epoch-100.pt,RC205,RC2,50,25,False,320.000000000000,8,8,6,984.637842581895,984.64,False,6,984.637842581895,984.64,6,984.637842581895,984.64,True,,,,,,5,630.2,56.242120371611314,0.2870523929595947,ok
mvmoe_table7_greedy_8fold_distance,am_tw_n50,am_tw,50,/root/autodl-tmp/cvrptw6_fixedlr_20260822_154648/outputs/am_tw_n50_resume60_attempt1/cvrptw_50/am_tw_n50_resume60_fixedlr_20260826T215744/epoch-100.pt,RC206,RC2,50,25,False,320.000000000000,8,8,4,852.938942103738,852.94,False,4,852.938942103738,852.94,4,852.938942103738,852.94,True,,,,,,5,610.0,39.82605608257994,0.23221921920776367,ok
mvmoe_table7_greedy_8fold_distance,am_tw_n50,am_tw,50,/root/autodl-tmp/cvrptw6_fixedlr_20260822_154648/outputs/am_tw_n50_resume60_attempt1/cvrptw_50/am_tw_n50_resume60_fixedlr_20260826T215744/epoch-100.pt,RC207,RC2,50,25,False,320.000000000000,8,8,4,808.397938525214,808.40,False,4,808.397938525214,808.40,4,808.397938525214,808.40,True,,,,,,4,558.6,44.718571164556714,0.23821115493774414,ok
mvmoe_table7_greedy_8fold_distance,am_tw_n50,am_tw,50,/root/autodl-tmp/cvrptw6_fixedlr_20260822_154648/outputs/am_tw_n50_resume60_attempt1/cvrptw_50/am_tw_n50_resume60_fixedlr_20260826T215744/epoch-100.pt,RC208,RC2,50,25,False,320.000000000000,8,8,4,716.928702911360,716.93,False,4,716.928702911360,716.93,4,716.928702911360,716.93,True,,,,,,3,476.7,50.394105918053285,0.22632670402526855,ok
mvmoe_table7_greedy_8fold_distance,am_split_tw_n50,am_split_tw,50,/root/autodl-tmp/cvrptw6_fixedlr_20260822_154648/outputs/am_split_tw_n50/am_split_tw_50/am_split_tw_n50_fixedlr_20260822_154648_20260822T155710/epoch-100.pt,C101,C1,50,25,False,412.000000000000,8,8,24,1164.112396348942,1164.11,False,24,1164.112396348942,1164.11,24,1164.112396348942,1164.11,True,,,,,,5,362.4,221.22306742520487,0.23748397827148438,ok
mvmoe_table7_greedy_8fold_distance,am_split_tw_n50,am_split_tw,50,/root/autodl-tmp/cvrptw6_fixedlr_20260822_154648/outputs/am_split_tw_n50/am_split_tw_50/am_split_tw_n50_fixedlr_20260822_154648_20260822T155710/epoch-100.pt,C102,C1,50,25,False,412.000000000000,8,8,20,1036.748164775583,1036.75,False,20,1036.748164775583,1036.75,20,1036.748164775583,1036.75,True,,,,,,5,361.4,186.86999578737763,0.20583081245422363,ok
mvmoe_table7_greedy_8fold_distance,am_split_tw_n50,am_split_tw,50,/root/autodl-tmp/cvrptw6_fixedlr_20260822_154648/outputs/am_split_tw_n50/am_split_tw_50/am_split_tw_n50_fixedlr_20260822_154648_20260822T155710/epoch-100.pt,C103,C1,50,25,False,412.000000000000,8,8,14,736.854060519482,736.85,False,14,736.854060519482,736.85,14,736.854060519482,736.85,True,,,,,,5,361.4,103.88878265619303,0.21519160270690918,ok
mvmoe_table7_greedy_8fold_distance,am_split_tw_n50,am_split_tw,50,/root/autodl-tmp/cvrptw6_fixedlr_20260822_154648/outputs/am_split_tw_n50/am_split_tw_50/am_split_tw_n50_fixedlr_20260822_154648_20260822T155710/epoch-100.pt,C104,C1,50,25,False,412.000000000000,8,8,8,534.136458060844,534.14,False,8,534.136458060844,534.14,8,534.136458060844,534.14,True,,,,,,5,358.0,49.20012794995652,0.24697446823120117,ok
mvmoe_table7_greedy_8fold_distance,am_split_tw_n50,am_split_tw,50,/root/autodl-tmp/cvrptw6_fixedlr_20260822_154648/outputs/am_split_tw_n50/am_split_tw_50/am_split_tw_n50_fixedlr_20260822_154648_20260822T155710/epoch-100.pt,C105,C1,50,25,False,412.000000000000,8,8,23,1131.246243075868,1131.25,False,23,1131.246243075868,1131.25,23,1131.246243075868,1131.25,True,,,,,,5,362.4,212.1540405838487,0.3709249496459961,ok
mvmoe_table7_greedy_8fold_distance,am_split_tw_n50,am_split_tw,50,/root/autodl-tmp/cvrptw6_fixedlr_20260822_154648/outputs/am_split_tw_n50/am_split_tw_50/am_split_tw_n50_fixedlr_20260822_154648_20260822T155710/epoch-100.pt,C106,C1,50,25,False,412.000000000000,8,8,23,1131.246243075868,1131.25,False,23,1131.246243075868,1131.25,23,1131.246243075868,1131.25,True,,,,,,5,362.4,212.1540405838487,0.248429536819458,ok
mvmoe_table7_greedy_8fold_distance,am_split_tw_n50,am_split_tw,50,/root/autodl-tmp/cvrptw6_fixedlr_20260822_154648/outputs/am_split_tw_n50/am_split_tw_50/am_split_tw_n50_fixedlr_20260822_154648_20260822T155710/epoch-100.pt,C107,C1,50,25,False,412.000000000000,8,8,22,1071.138747863675,1071.14,False,22,1071.138747863675,1071.14,22,1071.138747863675,1071.14,True,,,,,,5,362.4,195.5680871588508,0.20847344398498535,ok
mvmoe_table7_greedy_8fold_distance,am_split_tw_n50,am_split_tw,50,/root/autodl-tmp/cvrptw6_fixedlr_20260822_154648/outputs/am_split_tw_n50/am_split_tw_50/am_split_tw_n50_fixedlr_20260822_154648_20260822T155710/epoch-100.pt,C108,C1,50,25,False,412.000000000000,8,8,15,799.634796496785,799.63,False,15,799.634796496785,799.63,15,799.634796496785,799.63,True,,,,,,5,362.4,120.64977828277722,0.24672865867614746,ok
mvmoe_table7_greedy_8fold_distance,am_split_tw_n50,am_split_tw,50,/root/autodl-tmp/cvrptw6_fixedlr_20260822_154648/outputs/am_split_tw_n50/am_split_tw_50/am_split_tw_n50_fixedlr_20260822_154648_20260822T155710/epoch-100.pt,C109,C1,50,25,False,412.000000000000,8,8,13,701.532590920178,701.53,False,13,701.532590920178,701.53,13,701.532590920178,701.53,True,,,,,,5,362.4,93.57963325611969,0.2267007827758789,ok
mvmoe_table7_greedy_8fold_distance,am_split_tw_n50,am_split_tw,50,/root/autodl-tmp/cvrptw6_fixedlr_20260822_154648/outputs/am_split_tw_n50/am_split_tw_50/am_split_tw_n50_fixedlr_20260822_154648_20260822T155710/epoch-100.pt,C201,C2,50,25,False,1130.000000000000,8,8,23,1611.498888043996,1611.50,False,23,1611.498888043996,1611.50,23,1611.498888043996,1611.50,True,,,,,,3,360.2,347.3900299955569,0.23578119277954102,ok
mvmoe_table7_greedy_8fold_distance,am_split_tw_n50,am_split_tw,50,/root/autodl-tmp/cvrptw6_fixedlr_20260822_154648/outputs/am_split_tw_n50/am_split_tw_50/am_split_tw_n50_fixedlr_20260822_154648_20260822T155710/epoch-100.pt,C202,C2,50,25,False,1130.000000000000,8,8,19,1389.646066509199,1389.65,False,19,1389.646066509199,1389.65,19,1389.646066509199,1389.65,True,,,,,,3,360.2,285.7984637726816,0.23887133598327637,ok
mvmoe_table7_greedy_8fold_distance,am_split_tw_n50,am_split_tw,50,/root/autodl-tmp/cvrptw6_fixedlr_20260822_154648/outputs/am_split_tw_n50/am_split_tw_50/am_split_tw_n50_fixedlr_20260822_154648_20260822T155710/epoch-100.pt,C203,C2,50,25,False,1130.000000000000,8,8,11,1042.151870771917,1042.15,False,11,1042.151870771917,1042.15,11,1042.151870771917,1042.15,True,,,,,,3,359.8,189.64754607335107,0.23343873023986816,ok
mvmoe_table7_greedy_8fold_distance,am_split_tw_n50,am_split_tw,50,/root/autodl-tmp/cvrptw6_fixedlr_20260822_154648/outputs/am_split_tw_n50/am_split_tw_50/am_split_tw_n50_fixedlr_20260822_154648_20260822T155710/epoch-100.pt,C204,C2,50,25,False,1130.000000000000,8,8,6,719.379061848561,719.38,False,6,719.379061848561,719.38,6,719.379061848561,719.38,True,,,,,,2,350.1,105.47816676622703,0.2771010398864746,ok
mvmoe_table7_greedy_8fold_distance,am_split_tw_n50,am_split_tw,50,/root/autodl-tmp/cvrptw6_fixedlr_20260822_154648/outputs/am_split_tw_n50/am_split_tw_50/am_split_tw_n50_fixedlr_20260822_154648_20260822T155710/epoch-100.pt,C205,C2,50,25,False,1130.000000000000,8,8,15,1166.648069240291,1166.65,False,15,1166.648069240291,1166.65,15,1166.648069240291,1166.65,True,,,,,,3,359.8,224.2490464814594,0.24774575233459473,ok
mvmoe_table7_greedy_8fold_distance,am_split_tw_n50,am_split_tw,50,/root/autodl-tmp/cvrptw6_fixedlr_20260822_154648/outputs/am_split_tw_n50/am_split_tw_50/am_split_tw_n50_fixedlr_20260822_154648_20260822T155710/epoch-100.pt,C206,C2,50,25,False,1130.000000000000,8,8,13,1054.165584957695,1054.17,False,13,1054.165584957695,1054.17,13,1054.165584957695,1054.17,True,,,,,,3,359.8,192.98654390152717,0.21712446212768555,ok
mvmoe_table7_greedy_8fold_distance,am_split_tw_n50,am_split_tw,50,/root/autodl-tmp/cvrptw6_fixedlr_20260822_154648/outputs/am_split_tw_n50/am_split_tw_50/am_split_tw_n50_fixedlr_20260822_154648_20260822T155710/epoch-100.pt,C207,C2,50,25,False,1130.000000000000,8,8,10,897.497423699156,897.50,False,10,897.497423699156,897.50,10,897.497423699156,897.50,True,,,,,,3,359.6,149.58215342023246,0.2164440155029297,ok
mvmoe_table7_greedy_8fold_distance,am_split_tw_n50,am_split_tw,50,/root/autodl-tmp/cvrptw6_fixedlr_20260822_154648/outputs/am_split_tw_n50/am_split_tw_50/am_split_tw_n50_fixedlr_20260822_154648_20260822T155710/epoch-100.pt,C208,C2,50,25,False,1130.000000000000,8,8,12,1014.318608094411,1014.32,False,12,1014.318608094411,1014.32,12,1014.318608094411,1014.32,True,,,,,,2,350.5,189.39189959897612,0.23049545288085938,ok
mvmoe_table7_greedy_8fold_distance,am_split_tw_n50,am_split_tw,50,/root/autodl-tmp/cvrptw6_fixedlr_20260822_154648/outputs/am_split_tw_n50/am_split_tw_50/am_split_tw_n50_fixedlr_20260822_154648_20260822T155710/epoch-100.pt,R101,R1,50,25,False,76.666666666667,8,8,25,1543.393396105676,1543.39,False,25,1543.393396105676,1543.39,25,1543.393396105676,1543.39,True,,,,,,12,1044.0,47.834616485218,0.21034717559814453,ok
mvmoe_table7_greedy_8fold_distance,am_split_tw_n50,am_split_tw,50,/root/autodl-tmp/cvrptw6_fixedlr_20260822_154648/outputs/am_split_tw_n50/am_split_tw_50/am_split_tw_n50_fixedlr_20260822_154648_20260822T155710/epoch-100.pt,R102,R1,50,25,False,76.666666666667,8,8,18,1222.420915837917,1222.42,False,18,1222.420915837917,1222.42,18,1222.420915837917,1222.42,True,,,,,,11,909.0,34.47974871704257,0.29052042961120605,ok
mvmoe_table7_greedy_8fold_distance,am_split_tw_n50,am_split_tw,50,/root/autodl-tmp/cvrptw6_fixedlr_20260822_154648/outputs/am_split_tw_n50/am_split_tw_50/am_split_tw_n50_fixedlr_20260822_154648_20260822T155710/epoch-100.pt,R103,R1,50,25,False,76.666666666667,8,8,13,1024.059381422327,1024.06,False,13,1024.059381422327,1024.06,13,1024.059381422327,1024.06,True,,,,,,9,772.9,32.49571502423689,0.28530049324035645,ok
mvmoe_table7_greedy_8fold_distance,am_split_tw_n50,am_split_tw,50,/root/autodl-tmp/cvrptw6_fixedlr_20260822_154648/outputs/am_split_tw_n50/am_split_tw_50/am_split_tw_n50_fixedlr_20260822_154648_20260822T155710/epoch-100.pt,R104,R1,50,25,False,76.666666666667,8,8,8,766.809843695258,766.81,False,8,766.809843695258,766.81,8,766.809843695258,766.81,True,,,,,,6,625.4,22.611103884754986,0.3099689483642578,ok
mvmoe_table7_greedy_8fold_distance,am_split_tw_n50,am_split_tw,50,/root/autodl-tmp/cvrptw6_fixedlr_20260822_154648/outputs/am_split_tw_n50/am_split_tw_50/am_split_tw_n50_fixedlr_20260822_154648_20260822T155710/epoch-100.pt,R105,R1,50,25,False,76.666666666667,8,8,20,1302.503428712716,1302.50,False,20,1302.503428712716,1302.50,20,1302.503428712716,1302.50,True,,,,,,9,899.3,44.835252831392914,0.25136303901672363,ok
mvmoe_table7_greedy_8fold_distance,am_split_tw_n50,am_split_tw,50,/root/autodl-tmp/cvrptw6_fixedlr_20260822_154648/outputs/am_split_tw_n50/am_split_tw_50/am_split_tw_n50_fixedlr_20260822_154648_20260822T155710/epoch-100.pt,R106,R1,50,25,False,76.666666666667,8,8,14,1083.800094595400,1083.80,False,14,1083.800094595400,1083.80,14,1083.800094595400,1083.80,True,,,,,,8,793.0,36.670882042295105,0.21327447891235352,ok
mvmoe_table7_greedy_8fold_distance,am_split_tw_n50,am_split_tw,50,/root/autodl-tmp/cvrptw6_fixedlr_20260822_154648/outputs/am_split_tw_n50/am_split_tw_50/am_split_tw_n50_fixedlr_20260822_154648_20260822T155710/epoch-100.pt,R107,R1,50,25,False,76.666666666667,8,8,12,959.928803970238,959.93,False,12,959.928803970238,959.93,12,959.928803970238,959.93,True,,,,,,7,711.1,34.992097309835174,0.2636568546295166,ok
mvmoe_table7_greedy_8fold_distance,am_split_tw_n50,am_split_tw,50,/root/autodl-tmp/cvrptw6_fixedlr_20260822_154648/outputs/am_split_tw_n50/am_split_tw_50/am_split_tw_n50_fixedlr_20260822_154648_20260822T155710/epoch-100.pt,R108,R1,50,25,False,76.666666666667,8,8,7,703.019096026674,703.02,False,7,703.019096026674,703.02,7,703.019096026674,703.02,True,,,,,,6,617.7,13.812384009498775,0.2460157871246338,ok
mvmoe_table7_greedy_8fold_distance,am_split_tw_n50,am_split_tw,50,/root/autodl-tmp/cvrptw6_fixedlr_20260822_154648/outputs/am_split_tw_n50/am_split_tw_50/am_split_tw_n50_fixedlr_20260822_154648_20260822T155710/epoch-100.pt,R109,R1,50,25,False,76.666666666667,8,8,16,1114.578687506328,1114.58,False,16,1114.578687506328,1114.58,16,1114.578687506328,1114.58,True,,,,,,8,786.8,41.659721340407756,0.198347806930542,ok
mvmoe_table7_greedy_8fold_distance,am_split_tw_n50,am_split_tw,50,/root/autodl-tmp/cvrptw6_fixedlr_20260822_154648/outputs/am_split_tw_n50/am_split_tw_50/am_split_tw_n50_fixedlr_20260822_154648_20260822T155710/epoch-100.pt,R110,R1,50,25,False,76.666666666667,8,8,14,996.363333585154,996.36,False,14,996.363333585154,996.36,14,996.363333585154,996.36,True,,,,,,7,697.0,42.95026306817136,0.25760602951049805,ok
mvmoe_table7_greedy_8fold_distance,am_split_tw_n50,am_split_tw,50,/root/autodl-tmp/cvrptw6_fixedlr_20260822_154648/outputs/am_split_tw_n50/am_split_tw_50/am_split_tw_n50_fixedlr_20260822_154648_20260822T155710/epoch-100.pt,R111,R1,50,25,False,76.666666666667,8,8,12,960.016979726338,960.02,False,12,960.016979726338,960.02,12,960.016979726338,960.02,True,,,,,,7,707.2,35.749007314244594,0.23295331001281738,ok
mvmoe_table7_greedy_8fold_distance,am_split_tw_n50,am_split_tw,50,/root/autodl-tmp/cvrptw6_fixedlr_20260822_154648/outputs/am_split_tw_n50/am_split_tw_50/am_split_tw_n50_fixedlr_20260822_154648_20260822T155710/epoch-100.pt,R112,R1,50,25,False,76.666666666667,8,8,10,767.526037287769,767.53,False,10,767.526037287769,767.53,10,767.526037287769,767.53,True,,,,,,6,630.2,21.790865961245395,0.26924800872802734,ok
mvmoe_table7_greedy_8fold_distance,am_split_tw_n50,am_split_tw,50,/root/autodl-tmp/cvrptw6_fixedlr_20260822_154648/outputs/am_split_tw_n50/am_split_tw_50/am_split_tw_n50_fixedlr_20260822_154648_20260822T155710/epoch-100.pt,R201,R2,50,25,False,333.333333333333,8,8,22,1521.422400031211,1521.42,False,22,1521.422400031211,1521.42,22,1521.422400031211,1521.42,True,,,,,,6,791.9,92.12304584306233,0.23114895820617676,ok
mvmoe_table7_greedy_8fold_distance,am_split_tw_n50,am_split_tw,50,/root/autodl-tmp/cvrptw6_fixedlr_20260822_154648/outputs/am_split_tw_n50/am_split_tw_50/am_split_tw_n50_fixedlr_20260822_154648_20260822T155710/epoch-100.pt,R202,R2,50,25,False,333.333333333333,8,8,16,1274.594138025822,1274.59,False,16,1274.594138025822,1274.59,16,1274.594138025822,1274.59,True,,,,,,5,698.5,82.47589663934461,0.35924530029296875,ok
mvmoe_table7_greedy_8fold_distance,am_split_tw_n50,am_split_tw,50,/root/autodl-tmp/cvrptw6_fixedlr_20260822_154648/outputs/am_split_tw_n50/am_split_tw_50/am_split_tw_n50_fixedlr_20260822_154648_20260822T155710/epoch-100.pt,R203,R2,50,25,False,333.333333333333,8,8,12,1072.311400737219,1072.31,False,12,1072.311400737219,1072.31,12,1072.311400737219,1072.31,True,,,,,,5,605.3,77.1537090264694,0.2419886589050293,ok
mvmoe_table7_greedy_8fold_distance,am_split_tw_n50,am_split_tw,50,/root/autodl-tmp/cvrptw6_fixedlr_20260822_154648/outputs/am_split_tw_n50/am_split_tw_50/am_split_tw_n50_fixedlr_20260822_154648_20260822T155710/epoch-100.pt,R204,R2,50,25,False,333.333333333333,8,8,6,755.796427963296,755.80,False,6,755.796427963296,755.80,6,755.796427963296,755.80,True,,,,,,2,506.4,49.248899676796185,0.35863304138183594,ok
mvmoe_table7_greedy_8fold_distance,am_split_tw_n50,am_split_tw,50,/root/autodl-tmp/cvrptw6_fixedlr_20260822_154648/outputs/am_split_tw_n50/am_split_tw_50/am_split_tw_n50_fixedlr_20260822_154648_20260822T155710/epoch-100.pt,R205,R2,50,25,False,333.333333333333,8,8,14,1248.061209863107,1248.06,False,14,1248.061209863107,1248.06,14,1248.061209863107,1248.06,True,,,,,,4,690.1,80.85222574454531,0.25955772399902344,ok
mvmoe_table7_greedy_8fold_distance,am_split_tw_n50,am_split_tw,50,/root/autodl-tmp/cvrptw6_fixedlr_20260822_154648/outputs/am_split_tw_n50/am_split_tw_50/am_split_tw_n50_fixedlr_20260822_154648_20260822T155710/epoch-100.pt,R206,R2,50,25,False,333.333333333333,8,8,11,1053.020393717494,1053.02,False,11,1053.020393717494,1053.02,11,1053.020393717494,1053.02,True,,,,,,4,632.4,66.5117637124438,0.21451330184936523,ok
mvmoe_table7_greedy_8fold_distance,am_split_tw_n50,am_split_tw,50,/root/autodl-tmp/cvrptw6_fixedlr_20260822_154648/outputs/am_split_tw_n50/am_split_tw_50/am_split_tw_n50_fixedlr_20260822_154648_20260822T155710/epoch-100.pt,R207,R2,50,25,False,333.333333333333,8,8,10,965.570028165370,965.57,False,10,965.570028165370,965.57,10,965.570028165370,965.57,True,,,,,,3,575.5,67.77932722247957,0.24699616432189941,ok
mvmoe_table7_greedy_8fold_distance,am_split_tw_n50,am_split_tw,50,/root/autodl-tmp/cvrptw6_fixedlr_20260822_154648/outputs/am_split_tw_n50/am_split_tw_50/am_split_tw_n50_fixedlr_20260822_154648_20260822T155710/epoch-100.pt,R208,R2,50,25,False,333.333333333333,8,8,3,733.455870361312,733.46,False,3,733.455870361312,733.46,3,733.455870361312,733.46,True,,,,,,2,487.7,50.39078744336936,0.26854968070983887,ok
mvmoe_table7_greedy_8fold_distance,am_split_tw_n50,am_split_tw,50,/root/autodl-tmp/cvrptw6_fixedlr_20260822_154648/outputs/am_split_tw_n50/am_split_tw_50/am_split_tw_n50_fixedlr_20260822_154648_20260822T155710/epoch-100.pt,R209,R2,50,25,False,333.333333333333,8,8,12,1058.767027690314,1058.77,False,12,1058.767027690314,1058.77,12,1058.767027690314,1058.77,True,,,,,,4,600.6,76.28488639532368,0.21616911888122559,ok
mvmoe_table7_greedy_8fold_distance,am_split_tw_n50,am_split_tw,50,/root/autodl-tmp/cvrptw6_fixedlr_20260822_154648/outputs/am_split_tw_n50/am_split_tw_50/am_split_tw_n50_fixedlr_20260822_154648_20260822T155710/epoch-100.pt,R210,R2,50,25,False,333.333333333333,8,8,12,1059.345105383448,1059.35,False,12,1059.345105383448,1059.35,12,1059.345105383448,1059.35,True,,,,,,4,645.6,64.08691223411518,0.21669483184814453,ok
mvmoe_table7_greedy_8fold_distance,am_split_tw_n50,am_split_tw,50,/root/autodl-tmp/cvrptw6_fixedlr_20260822_154648/outputs/am_split_tw_n50/am_split_tw_50/am_split_tw_n50_fixedlr_20260822_154648_20260822T155710/epoch-100.pt,R211,R2,50,25,False,333.333333333333,8,8,8,836.632066312425,836.63,False,8,836.632066312425,836.63,8,836.632066312425,836.63,True,,,,,,3,535.5,56.23381257001391,0.22475481033325195,ok
mvmoe_table7_greedy_8fold_distance,am_split_tw_n50,am_split_tw,50,/root/autodl-tmp/cvrptw6_fixedlr_20260822_154648/outputs/am_split_tw_n50/am_split_tw_50/am_split_tw_n50_fixedlr_20260822_154648_20260822T155710/epoch-100.pt,RC101,RC1,50,25,False,95.000000000000,8,8,18,1589.372943598367,1589.37,False,18,1589.372943598367,1589.37,18,1589.372943598367,1589.37,True,,,,,,8,944.0,68.36577792355578,0.2528679370880127,ok
mvmoe_table7_greedy_8fold_distance,am_split_tw_n50,am_split_tw,50,/root/autodl-tmp/cvrptw6_fixedlr_20260822_154648/outputs/am_split_tw_n50/am_split_tw_50/am_split_tw_n50_fixedlr_20260822_154648_20260822T155710/epoch-100.pt,RC102,RC1,50,25,False,95.000000000000,8,8,16,1469.581650213345,1469.58,False,16,1469.581650213345,1469.58,16,1469.581650213345,1469.58,True,,,,,,7,822.5,78.67254105937332,0.21091437339782715,ok
mvmoe_table7_greedy_8fold_distance,am_split_tw_n50,am_split_tw,50,/root/autodl-tmp/cvrptw6_fixedlr_20260822_154648/outputs/am_split_tw_n50/am_split_tw_50/am_split_tw_n50_fixedlr_20260822_154648_20260822T155710/epoch-100.pt,RC103,RC1,50,25,False,95.000000000000,8,8,13,1208.938872947580,1208.94,False,13,1208.938872947580,1208.94,13,1208.938872947580,1208.94,True,,,,,,6,710.9,70.05751483296947,0.21808528900146484,ok
mvmoe_table7_greedy_8fold_distance,am_split_tw_n50,am_split_tw,50,/root/autodl-tmp/cvrptw6_fixedlr_20260822_154648/outputs/am_split_tw_n50/am_split_tw_50/am_split_tw_n50_fixedlr_20260822_154648_20260822T155710/epoch-100.pt,RC104,RC1,50,25,False,95.000000000000,8,8,8,759.924524593505,759.92,False,8,759.924524593505,759.92,8,759.924524593505,759.92,True,,,,,,5,545.8,39.23131634179273,0.2217848300933838,ok
mvmoe_table7_greedy_8fold_distance,am_split_tw_n50,am_split_tw,50,/root/autodl-tmp/cvrptw6_fixedlr_20260822_154648/outputs/am_split_tw_n50/am_split_tw_50/am_split_tw_n50_fixedlr_20260822_154648_20260822T155710/epoch-100.pt,RC105,RC1,50,25,False,95.000000000000,8,8,16,1494.529619961922,1494.53,False,16,1494.529619961922,1494.53,16,1494.529619961922,1494.53,True,,,,,,8,855.3,74.73747456587415,0.26945042610168457,ok
mvmoe_table7_greedy_8fold_distance,am_split_tw_n50,am_split_tw,50,/root/autodl-tmp/cvrptw6_fixedlr_20260822_154648/outputs/am_split_tw_n50/am_split_tw_50/am_split_tw_n50_fixedlr_20260822_154648_20260822T155710/epoch-100.pt,RC106,RC1,50,25,False,95.000000000000,8,8,13,1242.145119964208,1242.15,False,13,1242.145119964208,1242.15,13,1242.145119964208,1242.15,True,,,,,,6,723.2,71.75679203044912,0.23397350311279297,ok
mvmoe_table7_greedy_8fold_distance,am_split_tw_n50,am_split_tw,50,/root/autodl-tmp/cvrptw6_fixedlr_20260822_154648/outputs/am_split_tw_n50/am_split_tw_50/am_split_tw_n50_fixedlr_20260822_154648_20260822T155710/epoch-100.pt,RC107,RC1,50,25,False,95.000000000000,8,8,11,1031.452289662109,1031.45,False,11,1031.452289662109,1031.45,11,1031.452289662109,1031.45,True,,,,,,6,642.7,60.487364192019506,0.2261037826538086,ok
mvmoe_table7_greedy_8fold_distance,am_split_tw_n50,am_split_tw,50,/root/autodl-tmp/cvrptw6_fixedlr_20260822_154648/outputs/am_split_tw_n50/am_split_tw_50/am_split_tw_n50_fixedlr_20260822_154648_20260822T155710/epoch-100.pt,RC108,RC1,50,25,False,95.000000000000,8,8,8,790.559468759346,790.56,False,8,790.559468759346,790.56,8,790.559468759346,790.56,True,,,,,,6,598.1,32.17847663590468,0.3191041946411133,ok
mvmoe_table7_greedy_8fold_distance,am_split_tw_n50,am_split_tw,50,/root/autodl-tmp/cvrptw6_fixedlr_20260822_154648/outputs/am_split_tw_n50/am_split_tw_50/am_split_tw_n50_fixedlr_20260822_154648_20260822T155710/epoch-100.pt,RC201,RC2,50,25,False,320.000000000000,8,8,16,1559.472308758845,1559.47,False,16,1559.472308758845,1559.47,16,1559.472308758845,1559.47,True,,,,,,5,684.8,127.72668060146692,0.22884225845336914,ok
mvmoe_table7_greedy_8fold_distance,am_split_tw_n50,am_split_tw,50,/root/autodl-tmp/cvrptw6_fixedlr_20260822_154648/outputs/am_split_tw_n50/am_split_tw_50/am_split_tw_n50_fixedlr_20260822_154648_20260822T155710/epoch-100.pt,RC202,RC2,50,25,False,320.000000000000,8,8,12,1189.432996062706,1189.43,False,12,1189.432996062706,1189.43,12,1189.432996062706,1189.43,True,,,,,,5,613.6,93.84501239613853,0.2572593688964844,ok
mvmoe_table7_greedy_8fold_distance,am_split_tw_n50,am_split_tw,50,/root/autodl-tmp/cvrptw6_fixedlr_20260822_154648/outputs/am_split_tw_n50/am_split_tw_50/am_split_tw_n50_fixedlr_20260822_154648_20260822T155710/epoch-100.pt,RC203,RC2,50,25,False,320.000000000000,8,8,11,1079.695451215935,1079.70,False,11,1079.695451215935,1079.70,11,1079.695451215935,1079.70,True,,,,,,4,555.3,94.43462114459479,0.2996244430541992,ok
mvmoe_table7_greedy_8fold_distance,am_split_tw_n50,am_split_tw,50,/root/autodl-tmp/cvrptw6_fixedlr_20260822_154648/outputs/am_split_tw_n50/am_split_tw_50/am_split_tw_n50_fixedlr_20260822_154648_20260822T155710/epoch-100.pt,RC204,RC2,50,25,False,320.000000000000,8,8,5,641.218966193735,641.22,False,5,641.218966193735,641.22,5,641.218966193735,641.22,True,,,,,,3,444.2,44.35366190763956,0.3283812999725342,ok
mvmoe_table7_greedy_8fold_distance,am_split_tw_n50,am_split_tw,50,/root/autodl-tmp/cvrptw6_fixedlr_20260822_154648/outputs/am_split_tw_n50/am_split_tw_50/am_split_tw_n50_fixedlr_20260822_154648_20260822T155710/epoch-100.pt,RC205,RC2,50,25,False,320.000000000000,8,8,13,1390.951728450998,1390.95,False,13,1390.951728450998,1390.95,13,1390.951728450998,1390.95,True,,,,,,5,630.2,120.71592009695296,0.24972891807556152,ok
mvmoe_table7_greedy_8fold_distance,am_split_tw_n50,am_split_tw,50,/root/autodl-tmp/cvrptw6_fixedlr_20260822_154648/outputs/am_split_tw_n50/am_split_tw_50/am_split_tw_n50_fixedlr_20260822_154648_20260822T155710/epoch-100.pt,RC206,RC2,50,25,False,320.000000000000,8,8,12,1317.570551772878,1317.57,False,12,1317.570551772878,1317.57,12,1317.570551772878,1317.57,True,,,,,,5,610.0,115.99517242178334,0.24904990196228027,ok
mvmoe_table7_greedy_8fold_distance,am_split_tw_n50,am_split_tw,50,/root/autodl-tmp/cvrptw6_fixedlr_20260822_154648/outputs/am_split_tw_n50/am_split_tw_50/am_split_tw_n50_fixedlr_20260822_154648_20260822T155710/epoch-100.pt,RC207,RC2,50,25,False,320.000000000000,8,8,10,1109.091422387940,1109.09,False,10,1109.091422387940,1109.09,10,1109.091422387940,1109.09,True,,,,,,4,558.6,98.54841073897964,0.24750137329101562,ok
mvmoe_table7_greedy_8fold_distance,am_split_tw_n50,am_split_tw,50,/root/autodl-tmp/cvrptw6_fixedlr_20260822_154648/outputs/am_split_tw_n50/am_split_tw_50/am_split_tw_n50_fixedlr_20260822_154648_20260822T155710/epoch-100.pt,RC208,RC2,50,25,False,320.000000000000,8,8,4,609.339501290648,609.34,False,4,609.339501290648,609.34,4,609.339501290648,609.34,True,,,,,,3,476.7,27.824523031392552,0.2523002624511719,ok
mvmoe_table7_greedy_8fold_distance,pomo_tw_n100,pomo_tw,100,/root/autodl-tmp/cvrptw6_fixedlr_20260822_154648/outputs/pomo_tw_n100_resume1000_attempt1/checkpoint-2000.pt,C101,C1,100,25,False,412.000000000000,800,800,21,1863.796551441779,1863.80,False,21,1863.796551441779,1863.80,21,1863.796551441779,1863.80,True,10,828.94,11,,124.84094764901907,,,,0.7474098205566406,ok
mvmoe_table7_greedy_8fold_distance,pomo_tw_n100,pomo_tw,100,/root/autodl-tmp/cvrptw6_fixedlr_20260822_154648/outputs/pomo_tw_n100_resume1000_attempt1/checkpoint-2000.pt,C102,C1,100,25,False,412.000000000000,800,800,16,1721.329720210856,1721.33,False,16,1721.329720210856,1721.33,16,1721.329720210856,1721.33,True,10,828.94,6,,107.65432000034448,,,,0.7224409580230713,ok
mvmoe_table7_greedy_8fold_distance,pomo_tw_n100,pomo_tw,100,/root/autodl-tmp/cvrptw6_fixedlr_20260822_154648/outputs/pomo_tw_n100_resume1000_attempt1/checkpoint-2000.pt,C103,C1,100,25,False,412.000000000000,800,799,16,2068.651472493329,2068.65,False,16,2068.651472493329,2068.65,16,2068.651472493329,2068.65,True,10,828.06,6,,149.81903153072594,,,,0.7671709060668945,ok
mvmoe_table7_greedy_8fold_distance,pomo_tw_n100,pomo_tw,100,/root/autodl-tmp/cvrptw6_fixedlr_20260822_154648/outputs/pomo_tw_n100_resume1000_attempt1/checkpoint-2000.pt,C104,C1,100,25,False,412.000000000000,800,770,11,1629.032287348824,1629.03,False,11,1629.032287348824,1629.03,11,1629.032287348824,1629.03,True,10,824.78,1,,97.51112870690658,,,,0.6693563461303711,ok
mvmoe_table7_greedy_8fold_distance,pomo_tw_n100,pomo_tw,100,/root/autodl-tmp/cvrptw6_fixedlr_20260822_154648/outputs/pomo_tw_n100_resume1000_attempt1/checkpoint-2000.pt,C105,C1,100,25,False,412.000000000000,800,800,15,1773.205374410491,1773.21,False,15,1773.205374410491,1773.21,15,1773.205374410491,1773.21,True,10,828.94,5,,113.91239105490028,,,,0.6376218795776367,ok
mvmoe_table7_greedy_8fold_distance,pomo_tw_n100,pomo_tw,100,/root/autodl-tmp/cvrptw6_fixedlr_20260822_154648/outputs/pomo_tw_n100_resume1000_attempt1/checkpoint-2000.pt,C106,C1,100,25,False,412.000000000000,800,800,18,2133.801470572734,2133.80,False,18,2133.801470572734,2133.80,18,2133.801470572734,2133.80,True,10,828.94,8,,157.413259171078,,,,0.7482976913452148,ok
mvmoe_table7_greedy_8fold_distance,pomo_tw_n100,pomo_tw,100,/root/autodl-tmp/cvrptw6_fixedlr_20260822_154648/outputs/pomo_tw_n100_resume1000_attempt1/checkpoint-2000.pt,C107,C1,100,25,False,412.000000000000,800,800,18,1498.064573695166,1498.06,False,18,1498.064573695166,1498.06,18,1498.064573695166,1498.06,True,10,828.94,8,,80.72050735821234,,,,0.6289708614349365,ok
mvmoe_table7_greedy_8fold_distance,pomo_tw_n100,pomo_tw,100,/root/autodl-tmp/cvrptw6_fixedlr_20260822_154648/outputs/pomo_tw_n100_resume1000_attempt1/checkpoint-2000.pt,C108,C1,100,25,False,412.000000000000,800,799,17,1695.577036256711,1695.58,False,17,1695.577036256711,1695.58,17,1695.577036256711,1695.58,True,10,828.94,7,,104.5476194002836,,,,0.6615278720855713,ok
mvmoe_table7_greedy_8fold_distance,pomo_tw_n100,pomo_tw,100,/root/autodl-tmp/cvrptw6_fixedlr_20260822_154648/outputs/pomo_tw_n100_resume1000_attempt1/checkpoint-2000.pt,C109,C1,100,25,False,412.000000000000,800,798,14,1343.710849909965,1343.71,False,14,1343.710849909965,1343.71,14,1343.710849909965,1343.71,True,10,828.94,4,,62.099892623104815,,,,0.7766156196594238,ok
mvmoe_table7_greedy_8fold_distance,pomo_tw_n100,pomo_tw,100,/root/autodl-tmp/cvrptw6_fixedlr_20260822_154648/outputs/pomo_tw_n100_resume1000_attempt1/checkpoint-2000.pt,C201,C2,100,25,False,1130.000000000000,800,800,16,2238.334894956450,2238.33,False,16,2238.334894956450,2238.33,16,2238.334894956450,2238.33,True,3,591.56,13,,278.3783377774782,,,,0.6644976139068604,ok
mvmoe_table7_greedy_8fold_distance,pomo_tw_n100,pomo_tw,100,/root/autodl-tmp/cvrptw6_fixedlr_20260822_154648/outputs/pomo_tw_n100_resume1000_attempt1/checkpoint-2000.pt,C202,C2,100,25,False,1130.000000000000,800,800,8,1651.503146146745,1651.50,False,8,1651.503146146745,1651.50,8,1651.503146146745,1651.50,True,3,591.56,5,,179.17762292020177,,,,0.6467444896697998,ok
mvmoe_table7_greedy_8fold_distance,pomo_tw_n100,pomo_tw,100,/root/autodl-tmp/cvrptw6_fixedlr_20260822_154648/outputs/pomo_tw_n100_resume1000_attempt1/checkpoint-2000.pt,C203,C2,100,25,False,1130.000000000000,800,800,11,2021.499353299551,2021.50,False,11,2021.499353299551,2021.50,11,2021.499353299551,2021.50,True,3,591.17,8,,241.94890696407995,,,,0.7026362419128418,ok
mvmoe_table7_greedy_8fold_distance,pomo_tw_n100,pomo_tw,100,/root/autodl-tmp/cvrptw6_fixedlr_20260822_154648/outputs/pomo_tw_n100_resume1000_attempt1/checkpoint-2000.pt,C204,C2,100,25,False,1130.000000000000,800,800,7,1832.608310265646,1832.61,False,7,1832.608310265646,1832.61,7,1832.608310265646,1832.61,True,3,590.6,4,,210.29602273377012,,,,0.6556367874145508,ok
mvmoe_table7_greedy_8fold_distance,pomo_tw_n100,pomo_tw,100,/root/autodl-tmp/cvrptw6_fixedlr_20260822_154648/outputs/pomo_tw_n100_resume1000_attempt1/checkpoint-2000.pt,C205,C2,100,25,False,1130.000000000000,800,800,14,1741.163659782783,1741.16,False,14,1741.163659782783,1741.16,14,1741.163659782783,1741.16,True,3,588.88,11,,195.67376371803812,,,,0.7181742191314697,ok
mvmoe_table7_greedy_8fold_distance,pomo_tw_n100,pomo_tw,100,/root/autodl-tmp/cvrptw6_fixedlr_20260822_154648/outputs/pomo_tw_n100_resume1000_attempt1/checkpoint-2000.pt,C206,C2,100,25,False,1130.000000000000,800,800,10,1746.688653872444,1746.69,False,10,1746.688653872444,1746.69,10,1746.688653872444,1746.69,True,3,588.49,7,,196.80855305484275,,,,0.707970380783081,ok
mvmoe_table7_greedy_8fold_distance,pomo_tw_n100,pomo_tw,100,/root/autodl-tmp/cvrptw6_fixedlr_20260822_154648/outputs/pomo_tw_n100_resume1000_attempt1/checkpoint-2000.pt,C207,C2,100,25,False,1130.000000000000,800,800,6,1800.156672491808,1800.16,False,6,1800.156672491808,1800.16,6,1800.156672491808,1800.16,True,3,588.29,3,,205.99817649319348,,,,0.6061713695526123,ok
mvmoe_table7_greedy_8fold_distance,pomo_tw_n100,pomo_tw,100,/root/autodl-tmp/cvrptw6_fixedlr_20260822_154648/outputs/pomo_tw_n100_resume1000_attempt1/checkpoint-2000.pt,C208,C2,100,25,False,1130.000000000000,800,800,6,1472.817175730752,1472.82,False,6,1472.817175730752,1472.82,6,1472.817175730752,1472.82,True,3,588.32,3,,150.34287050087565,,,,0.5949976444244385,ok
mvmoe_table7_greedy_8fold_distance,pomo_tw_n100,pomo_tw,100,/root/autodl-tmp/cvrptw6_fixedlr_20260822_154648/outputs/pomo_tw_n100_resume1000_attempt1/checkpoint-2000.pt,R101,R1,100,25,False,77.000000000000,800,800,23,1733.883234922125,1733.88,False,23,1733.883234922125,1733.88,23,1733.883234922125,1733.88,True,19,1650.8,4,,5.032907373523417,,,,0.6640431880950928,ok
mvmoe_table7_greedy_8fold_distance,pomo_tw_n100,pomo_tw,100,/root/autodl-tmp/cvrptw6_fixedlr_20260822_154648/outputs/pomo_tw_n100_resume1000_attempt1/checkpoint-2000.pt,R102,R1,100,25,False,77.000000000000,800,800,19,1558.980959906114,1558.98,False,19,1558.980959906114,1558.98,19,1558.980959906114,1558.98,True,17,1486.12,2,,4.9027642388309145,,,,0.6955761909484863,ok
mvmoe_table7_greedy_8fold_distance,pomo_tw_n100,pomo_tw,100,/root/autodl-tmp/cvrptw6_fixedlr_20260822_154648/outputs/pomo_tw_n100_resume1000_attempt1/checkpoint-2000.pt,R103,R1,100,25,False,77.000000000000,800,800,16,1361.660154548382,1361.66,False,16,1361.660154548382,1361.66,16,1361.660154548382,1361.66,True,13,1292.68,3,,5.336212716865853,,,,0.570683479309082,ok
mvmoe_table7_greedy_8fold_distance,pomo_tw_n100,pomo_tw,100,/root/autodl-tmp/cvrptw6_fixedlr_20260822_154648/outputs/pomo_tw_n100_resume1000_attempt1/checkpoint-2000.pt,R104,R1,100,25,False,77.000000000000,800,800,13,1097.932563876141,1097.93,False,13,1097.932563876141,1097.93,13,1097.932563876141,1097.93,True,9,1007.31,4,,8.996492030868444,,,,0.5725133419036865,ok
mvmoe_table7_greedy_8fold_distance,pomo_tw_n100,pomo_tw,100,/root/autodl-tmp/cvrptw6_fixedlr_20260822_154648/outputs/pomo_tw_n100_resume1000_attempt1/checkpoint-2000.pt,R105,R1,100,25,False,77.000000000000,800,800,18,1475.411930133781,1475.41,False,18,1475.411930133781,1475.41,18,1475.411930133781,1475.41,True,14,1377.11,4,,7.1382772715165315,,,,0.5718822479248047,ok
mvmoe_table7_greedy_8fold_distance,pomo_tw_n100,pomo_tw,100,/root/autodl-tmp/cvrptw6_fixedlr_20260822_154648/outputs/pomo_tw_n100_resume1000_attempt1/checkpoint-2000.pt,R106,R1,100,25,False,77.000000000000,800,800,15,1368.983663553171,1368.98,False,15,1368.983663553171,1368.98,15,1368.983663553171,1368.98,True,12,1252.03,3,,9.341123100338736,,,,0.7608504295349121,ok
mvmoe_table7_greedy_8fold_distance,pomo_tw_n100,pomo_tw,100,/root/autodl-tmp/cvrptw6_fixedlr_20260822_154648/outputs/pomo_tw_n100_resume1000_attempt1/checkpoint-2000.pt,R107,R1,100,25,False,77.000000000000,800,800,13,1216.529855114826,1216.53,False,13,1216.529855114826,1216.53,13,1216.529855114826,1216.53,True,10,1104.66,3,,10.1270848147689,,,,0.5617995262145996,ok
mvmoe_table7_greedy_8fold_distance,pomo_tw_n100,pomo_tw,100,/root/autodl-tmp/cvrptw6_fixedlr_20260822_154648/outputs/pomo_tw_n100_resume1000_attempt1/checkpoint-2000.pt,R108,R1,100,25,False,77.000000000000,800,800,13,1089.028621914661,1089.03,False,13,1089.028621914661,1089.03,13,1089.028621914661,1089.03,True,9,960.88,4,,13.336589575666187,,,,0.5707998275756836,ok
mvmoe_table7_greedy_8fold_distance,pomo_tw_n100,pomo_tw,100,/root/autodl-tmp/cvrptw6_fixedlr_20260822_154648/outputs/pomo_tw_n100_resume1000_attempt1/checkpoint-2000.pt,R109,R1,100,25,False,77.000000000000,800,800,15,1254.817620044772,1254.82,False,15,1254.817620044772,1254.82,15,1254.817620044772,1254.82,True,11,1194.73,4,,5.029389070733298,,,,0.5738990306854248,ok
mvmoe_table7_greedy_8fold_distance,pomo_tw_n100,pomo_tw,100,/root/autodl-tmp/cvrptw6_fixedlr_20260822_154648/outputs/pomo_tw_n100_resume1000_attempt1/checkpoint-2000.pt,R110,R1,100,25,False,77.000000000000,800,800,13,1168.554716008587,1168.55,False,13,1168.554716008587,1168.55,13,1168.554716008587,1168.55,True,10,1118.84,3,,4.443416038806864,,,,0.7535464763641357,ok
mvmoe_table7_greedy_8fold_distance,pomo_tw_n100,pomo_tw,100,/root/autodl-tmp/cvrptw6_fixedlr_20260822_154648/outputs/pomo_tw_n100_resume1000_attempt1/checkpoint-2000.pt,R111,R1,100,25,False,77.000000000000,800,800,13,1166.186137352845,1166.19,False,13,1166.186137352845,1166.19,13,1166.186137352845,1166.19,True,10,1096.73,3,,6.333020648003193,,,,0.5646052360534668,ok
mvmoe_table7_greedy_8fold_distance,pomo_tw_n100,pomo_tw,100,/root/autodl-tmp/cvrptw6_fixedlr_20260822_154648/outputs/pomo_tw_n100_resume1000_attempt1/checkpoint-2000.pt,R112,R1,100,25,False,77.000000000000,800,800,11,1068.660472760170,1068.66,False,11,1068.660472760170,1068.66,11,1068.660472760170,1068.66,True,9,982.14,2,,8.80938285378566,,,,0.5700960159301758,ok
mvmoe_table7_greedy_8fold_distance,pomo_tw_n100,pomo_tw,100,/root/autodl-tmp/cvrptw6_fixedlr_20260822_154648/outputs/pomo_tw_n100_resume1000_attempt1/checkpoint-2000.pt,R201,R2,100,25,False,333.333333333333,800,800,13,2114.890715570295,2114.89,False,13,2114.890715570295,2114.89,13,2114.890715570295,2114.89,True,4,1252.37,9,,68.87107768233787,,,,0.6568267345428467,ok
mvmoe_table7_greedy_8fold_distance,pomo_tw_n100,pomo_tw,100,/root/autodl-tmp/cvrptw6_fixedlr_20260822_154648/outputs/pomo_tw_n100_resume1000_attempt1/checkpoint-2000.pt,R202,R2,100,25,False,333.333333333333,800,800,15,2002.416256928652,2002.42,False,15,2002.416256928652,2002.42,15,2002.416256928652,2002.42,True,3,1191.7,12,,68.0302305050476,,,,0.7092156410217285,ok
mvmoe_table7_greedy_8fold_distance,pomo_tw_n100,pomo_tw,100,/root/autodl-tmp/cvrptw6_fixedlr_20260822_154648/outputs/pomo_tw_n100_resume1000_attempt1/checkpoint-2000.pt,R203,R2,100,25,False,333.333333333333,800,800,14,1708.635107522559,1708.64,False,14,1708.635107522559,1708.64,14,1708.635107522559,1708.64,True,3,939.5,11,,81.86642975226816,,,,0.6156938076019287,ok
mvmoe_table7_greedy_8fold_distance,pomo_tw_n100,pomo_tw,100,/root/autodl-tmp/cvrptw6_fixedlr_20260822_154648/outputs/pomo_tw_n100_resume1000_attempt1/checkpoint-2000.pt,R204,R2,100,25,False,333.333333333333,800,800,8,1304.989968879139,1304.99,False,8,1304.989968879139,1304.99,8,1304.989968879139,1304.99,True,2,825.52,6,,58.08096337813006,,,,0.6828324794769287,ok
mvmoe_table7_greedy_8fold_distance,pomo_tw_n100,pomo_tw,100,/root/autodl-tmp/cvrptw6_fixedlr_20260822_154648/outputs/pomo_tw_n100_resume1000_attempt1/checkpoint-2000.pt,R205,R2,100,25,False,333.333333333333,800,800,10,1558.164535684291,1558.16,False,10,1558.164535684291,1558.16,10,1558.164535684291,1558.16,True,3,994.43,7,,56.68921248195357,,,,0.638206958770752,ok
mvmoe_table7_greedy_8fold_distance,pomo_tw_n100,pomo_tw,100,/root/autodl-tmp/cvrptw6_fixedlr_20260822_154648/outputs/pomo_tw_n100_resume1000_attempt1/checkpoint-2000.pt,R206,R2,100,25,False,333.333333333333,800,800,8,1505.558457103349,1505.56,False,8,1505.558457103349,1505.56,8,1505.558457103349,1505.56,True,3,906.14,5,,66.15075563415688,,,,0.745586633682251,ok
mvmoe_table7_greedy_8fold_distance,pomo_tw_n100,pomo_tw,100,/root/autodl-tmp/cvrptw6_fixedlr_20260822_154648/outputs/pomo_tw_n100_resume1000_attempt1/checkpoint-2000.pt,R207,R2,100,25,False,333.333333333333,800,800,10,1587.298789033478,1587.30,False,10,1587.298789033478,1587.30,10,1587.298789033478,1587.30,True,2,890.61,8,,78.22602362801652,,,,0.6183528900146484,ok
mvmoe_table7_greedy_8fold_distance,pomo_tw_n100,pomo_tw,100,/root/autodl-tmp/cvrptw6_fixedlr_20260822_154648/outputs/pomo_tw_n100_resume1000_attempt1/checkpoint-2000.pt,R208,R2,100,25,False,333.333333333333,800,800,9,1518.618061411094,1518.62,False,9,1518.618061411094,1518.62,9,1518.618061411094,1518.62,True,2,726.82,7,,108.94004862429398,,,,0.6837260723114014,ok
mvmoe_table7_greedy_8fold_distance,pomo_tw_n100,pomo_tw,100,/root/autodl-tmp/cvrptw6_fixedlr_20260822_154648/outputs/pomo_tw_n100_resume1000_attempt1/checkpoint-2000.pt,R209,R2,100,25,False,333.333333333333,800,800,10,1652.096197338649,1652.10,False,10,1652.096197338649,1652.10,10,1652.096197338649,1652.10,True,3,909.16,7,,81.71677123263767,,,,0.7828273773193359,ok
mvmoe_table7_greedy_8fold_distance,pomo_tw_n100,pomo_tw,100,/root/autodl-tmp/cvrptw6_fixedlr_20260822_154648/outputs/pomo_tw_n100_resume1000_attempt1/checkpoint-2000.pt,R210,R2,100,25,False,333.333333333333,800,800,10,1725.834096977600,1725.83,False,10,1725.834096977600,1725.83,10,1725.834096977600,1725.83,True,3,939.37,7,,83.72250518726375,,,,0.6707117557525635,ok
mvmoe_table7_greedy_8fold_distance,pomo_tw_n100,pomo_tw,100,/root/autodl-tmp/cvrptw6_fixedlr_20260822_154648/outputs/pomo_tw_n100_resume1000_attempt1/checkpoint-2000.pt,R211,R2,100,25,False,333.333333333333,800,800,15,1529.136677278230,1529.14,False,15,1529.136677278230,1529.14,15,1529.136677278230,1529.14,True,2,885.71,13,,72.64529894414991,,,,0.753859281539917,ok
mvmoe_table7_greedy_8fold_distance,pomo_tw_n100,pomo_tw,100,/root/autodl-tmp/cvrptw6_fixedlr_20260822_154648/outputs/pomo_tw_n100_resume1000_attempt1/checkpoint-2000.pt,RC101,RC1,100,25,False,95.000000000000,800,800,18,1810.982617849995,1810.98,False,18,1810.982617849995,1810.98,18,1810.982617849995,1810.98,True,14,1696.95,4,,6.719857264503665,,,,0.7256083488464355,ok
mvmoe_table7_greedy_8fold_distance,pomo_tw_n100,pomo_tw,100,/root/autodl-tmp/cvrptw6_fixedlr_20260822_154648/outputs/pomo_tw_n100_resume1000_attempt1/checkpoint-2000.pt,RC102,RC1,100,25,False,95.000000000000,800,800,16,1589.770103882738,1589.77,False,16,1589.770103882738,1589.77,16,1589.770103882738,1589.77,True,12,1554.75,4,,2.2524588443632663,,,,0.5923304557800293,ok
mvmoe_table7_greedy_8fold_distance,pomo_tw_n100,pomo_tw,100,/root/autodl-tmp/cvrptw6_fixedlr_20260822_154648/outputs/pomo_tw_n100_resume1000_attempt1/checkpoint-2000.pt,RC103,RC1,100,25,False,95.000000000000,800,800,13,1411.030456261924,1411.03,False,13,1411.030456261924,1411.03,13,1411.030456261924,1411.03,True,11,1261.67,2,,11.838314001436537,,,,0.6165308952331543,ok
mvmoe_table7_greedy_8fold_distance,pomo_tw_n100,pomo_tw,100,/root/autodl-tmp/cvrptw6_fixedlr_20260822_154648/outputs/pomo_tw_n100_resume1000_attempt1/checkpoint-2000.pt,RC104,RC1,100,25,False,95.000000000000,800,780,12,1270.189350954883,1270.19,False,12,1270.189350954883,1270.19,12,1270.189350954883,1270.19,True,10,1135.48,2,,11.863648056758631,,,,0.6105961799621582,ok
mvmoe_table7_greedy_8fold_distance,pomo_tw_n100,pomo_tw,100,/root/autodl-tmp/cvrptw6_fixedlr_20260822_154648/outputs/pomo_tw_n100_resume1000_attempt1/checkpoint-2000.pt,RC105,RC1,100,25,False,95.000000000000,800,800,16,1635.104319047264,1635.10,False,16,1635.104319047264,1635.10,16,1635.104319047264,1635.10,True,13,1629.44,3,,0.3476236650176696,,,,0.7039620876312256,ok
mvmoe_table7_greedy_8fold_distance,pomo_tw_n100,pomo_tw,100,/root/autodl-tmp/cvrptw6_fixedlr_20260822_154648/outputs/pomo_tw_n100_resume1000_attempt1/checkpoint-2000.pt,RC106,RC1,100,25,False,95.000000000000,800,800,13,1500.308961306135,1500.31,False,13,1500.308961306135,1500.31,13,1500.308961306135,1500.31,True,11,1424.73,2,,5.3047918767861555,,,,0.6196146011352539,ok
mvmoe_table7_greedy_8fold_distance,pomo_tw_n100,pomo_tw,100,/root/autodl-tmp/cvrptw6_fixedlr_20260822_154648/outputs/pomo_tw_n100_resume1000_attempt1/checkpoint-2000.pt,RC107,RC1,100,25,False,95.000000000000,800,790,13,1356.637067659297,1356.64,False,13,1356.637067659297,1356.64,13,1356.637067659297,1356.64,True,11,1230.48,2,,10.252671125032276,,,,0.6160268783569336,ok
mvmoe_table7_greedy_8fold_distance,pomo_tw_n100,pomo_tw,100,/root/autodl-tmp/cvrptw6_fixedlr_20260822_154648/outputs/pomo_tw_n100_resume1000_attempt1/checkpoint-2000.pt,RC108,RC1,100,25,False,95.000000000000,800,799,11,1256.348130922619,1256.35,False,11,1256.348130922619,1256.35,11,1256.348130922619,1256.35,True,10,1139.82,1,,10.223380088313904,,,,0.5744149684906006,ok
mvmoe_table7_greedy_8fold_distance,pomo_tw_n100,pomo_tw,100,/root/autodl-tmp/cvrptw6_fixedlr_20260822_154648/outputs/pomo_tw_n100_resume1000_attempt1/checkpoint-2000.pt,RC201,RC2,100,25,False,320.000000000000,800,800,12,2056.536430459845,2056.54,False,12,2056.536430459845,2056.54,12,2056.536430459845,2056.54,True,4,1406.94,8,,46.17086943720735,,,,0.7134506702423096,ok
mvmoe_table7_greedy_8fold_distance,pomo_tw_n100,pomo_tw,100,/root/autodl-tmp/cvrptw6_fixedlr_20260822_154648/outputs/pomo_tw_n100_resume1000_attempt1/checkpoint-2000.pt,RC202,RC2,100,25,False,320.000000000000,800,800,25,2725.773540262237,2725.77,False,25,2725.773540262237,2725.77,25,2725.773540262237,2725.77,True,3,1365.65,22,,99.59532385766755,,,,0.6961393356323242,ok
mvmoe_table7_greedy_8fold_distance,pomo_tw_n100,pomo_tw,100,/root/autodl-tmp/cvrptw6_fixedlr_20260822_154648/outputs/pomo_tw_n100_resume1000_attempt1/checkpoint-2000.pt,RC203,RC2,100,25,False,320.000000000000,800,800,11,1780.290336639231,1780.29,False,11,1780.290336639231,1780.29,11,1780.290336639231,1780.29,True,3,1049.62,8,,69.61284432835036,,,,0.6521403789520264,ok
mvmoe_table7_greedy_8fold_distance,pomo_tw_n100,pomo_tw,100,/root/autodl-tmp/cvrptw6_fixedlr_20260822_154648/outputs/pomo_tw_n100_resume1000_attempt1/checkpoint-2000.pt,RC204,RC2,100,25,False,320.000000000000,800,800,8,1613.798272197967,1613.80,False,8,1613.798272197967,1613.80,8,1613.798272197967,1613.80,True,3,798.46,5,,102.11385319214077,,,,0.7081551551818848,ok
mvmoe_table7_greedy_8fold_distance,pomo_tw_n100,pomo_tw,100,/root/autodl-tmp/cvrptw6_fixedlr_20260822_154648/outputs/pomo_tw_n100_resume1000_attempt1/checkpoint-2000.pt,RC205,RC2,100,25,False,320.000000000000,800,800,16,2080.001337464628,2080.00,False,16,2080.001337464628,2080.00,16,2080.001337464628,2080.00,True,4,1297.65,12,,60.289857624523414,,,,0.6674816608428955,ok
mvmoe_table7_greedy_8fold_distance,pomo_tw_n100,pomo_tw,100,/root/autodl-tmp/cvrptw6_fixedlr_20260822_154648/outputs/pomo_tw_n100_resume1000_attempt1/checkpoint-2000.pt,RC206,RC2,100,25,False,320.000000000000,800,800,16,2076.763643499185,2076.76,False,16,2076.763643499185,2076.76,16,2076.763643499185,2076.76,True,3,1146.32,13,,81.1678801293867,,,,0.7635293006896973,ok
mvmoe_table7_greedy_8fold_distance,pomo_tw_n100,pomo_tw,100,/root/autodl-tmp/cvrptw6_fixedlr_20260822_154648/outputs/pomo_tw_n100_resume1000_attempt1/checkpoint-2000.pt,RC207,RC2,100,25,False,320.000000000000,800,800,18,2253.288889380190,2253.29,False,18,2253.288889380190,2253.29,18,2253.288889380190,2253.29,True,3,1061.14,15,,112.34605135799139,,,,0.6937642097473145,ok
mvmoe_table7_greedy_8fold_distance,pomo_tw_n100,pomo_tw,100,/root/autodl-tmp/cvrptw6_fixedlr_20260822_154648/outputs/pomo_tw_n100_resume1000_attempt1/checkpoint-2000.pt,RC208,RC2,100,25,False,320.000000000000,800,800,9,1785.875993367641,1785.88,False,9,1785.875993367641,1785.88,9,1785.875993367641,1785.88,True,3,828.14,6,,115.64904404661547,,,,0.7927453517913818,ok
mvmoe_table7_greedy_8fold_distance,pomo_split_tw_n100,pomo_split_tw,100,/root/autodl-tmp/cvrptw6_fixedlr_20260822_154648/outputs/pomo_split_tw_n100_resume1600_attempt1/checkpoint-2000.pt,C101,C1,100,25,False,412.000000000000,800,800,37,2105.461912268584,2105.46,True,37,2105.461912268584,2105.46,37,2105.461912268584,2105.46,True,10,828.94,27,,153.99448841515476,,,,42.52777409553528,ok
mvmoe_table7_greedy_8fold_distance,pomo_split_tw_n100,pomo_split_tw,100,/root/autodl-tmp/cvrptw6_fixedlr_20260822_154648/outputs/pomo_split_tw_n100_resume1600_attempt1/checkpoint-2000.pt,C102,C1,100,25,False,412.000000000000,800,800,28,1805.733392753782,1805.73,True,28,1805.733392753782,1805.73,28,1805.733392753782,1805.73,True,10,828.94,18,,117.83644084659714,,,,45.77556562423706,ok
mvmoe_table7_greedy_8fold_distance,pomo_split_tw_n100,pomo_split_tw,100,/root/autodl-tmp/cvrptw6_fixedlr_20260822_154648/outputs/pomo_split_tw_n100_resume1600_attempt1/checkpoint-2000.pt,C103,C1,100,25,False,412.000000000000,800,800,22,1375.872841565705,1375.87,False,22,1375.872841565705,1375.87,22,1375.872841565705,1375.87,True,10,828.06,12,,66.15617727769789,,,,47.634509325027466,ok
mvmoe_table7_greedy_8fold_distance,pomo_split_tw_n100,pomo_split_tw,100,/root/autodl-tmp/cvrptw6_fixedlr_20260822_154648/outputs/pomo_split_tw_n100_resume1600_attempt1/checkpoint-2000.pt,C104,C1,100,25,False,412.000000000000,800,800,16,1133.462407798810,1133.46,False,16,1133.462407798810,1133.46,16,1133.462407798810,1133.46,True,10,824.78,6,,37.42602970474676,,,,50.81364178657532,ok
mvmoe_table7_greedy_8fold_distance,pomo_split_tw_n100,pomo_split_tw,100,/root/autodl-tmp/cvrptw6_fixedlr_20260822_154648/outputs/pomo_split_tw_n100_resume1600_attempt1/checkpoint-2000.pt,C105,C1,100,25,False,412.000000000000,800,800,36,2081.449108177985,2081.45,True,36,2081.449108177985,2081.45,36,2081.449108177985,2081.45,True,10,828.94,26,,151.09767995005484,,,,44.65243911743164,ok
mvmoe_table7_greedy_8fold_distance,pomo_split_tw_n100,pomo_split_tw,100,/root/autodl-tmp/cvrptw6_fixedlr_20260822_154648/outputs/pomo_split_tw_n100_resume1600_attempt1/checkpoint-2000.pt,C106,C1,100,25,False,412.000000000000,800,800,30,1750.165227500465,1750.17,True,30,1750.165227500465,1750.17,30,1750.165227500465,1750.17,True,10,828.94,20,,111.13292005458354,,,,44.755778074264526,ok
mvmoe_table7_greedy_8fold_distance,pomo_split_tw_n100,pomo_split_tw,100,/root/autodl-tmp/cvrptw6_fixedlr_20260822_154648/outputs/pomo_split_tw_n100_resume1600_attempt1/checkpoint-2000.pt,C107,C1,100,25,False,412.000000000000,800,800,33,1912.173890983825,1912.17,True,33,1912.173890983825,1912.17,33,1912.173890983825,1912.17,True,10,828.94,23,,130.6769960411881,,,,43.73869562149048,ok
mvmoe_table7_greedy_8fold_distance,pomo_split_tw_n100,pomo_split_tw,100,/root/autodl-tmp/cvrptw6_fixedlr_20260822_154648/outputs/pomo_split_tw_n100_resume1600_attempt1/checkpoint-2000.pt,C108,C1,100,25,False,412.000000000000,800,800,22,1377.514780141336,1377.51,False,22,1377.514780141336,1377.51,22,1377.514780141336,1377.51,True,10,828.94,12,,66.17786331234299,,,,45.47940444946289,ok
mvmoe_table7_greedy_8fold_distance,pomo_split_tw_n100,pomo_split_tw,100,/root/autodl-tmp/cvrptw6_fixedlr_20260822_154648/outputs/pomo_split_tw_n100_resume1600_attempt1/checkpoint-2000.pt,C109,C1,100,25,False,412.000000000000,800,800,19,1256.145065323662,1256.15,False,19,1256.145065323662,1256.15,19,1256.145065323662,1256.15,True,10,828.94,9,,51.53630725066494,,,,46.12023377418518,ok
mvmoe_table7_greedy_8fold_distance,pomo_split_tw_n100,pomo_split_tw,100,/root/autodl-tmp/cvrptw6_fixedlr_20260822_154648/outputs/pomo_split_tw_n100_resume1600_attempt1/checkpoint-2000.pt,C201,C2,100,25,False,1130.000000000000,800,800,24,1769.308867827263,1769.31,False,24,1769.308867827263,1769.31,24,1769.308867827263,1769.31,True,3,591.56,21,,199.09203932437333,,,,43.57950305938721,ok
mvmoe_table7_greedy_8fold_distance,pomo_split_tw_n100,pomo_split_tw,100,/root/autodl-tmp/cvrptw6_fixedlr_20260822_154648/outputs/pomo_split_tw_n100_resume1600_attempt1/checkpoint-2000.pt,C202,C2,100,25,False,1130.000000000000,800,800,21,1588.668404284238,1588.67,False,21,1588.668404284238,1588.67,21,1588.668404284238,1588.67,True,3,591.56,18,,168.5557516201633,,,,46.52029347419739,ok
mvmoe_table7_greedy_8fold_distance,pomo_split_tw_n100,pomo_split_tw,100,/root/autodl-tmp/cvrptw6_fixedlr_20260822_154648/outputs/pomo_split_tw_n100_resume1600_attempt1/checkpoint-2000.pt,C203,C2,100,25,False,1130.000000000000,800,800,16,1325.324298638459,1325.32,False,16,1325.324298638459,1325.32,16,1325.324298638459,1325.32,True,3,591.17,13,,124.18666350431504,,,,48.03391170501709,ok
mvmoe_table7_greedy_8fold_distance,pomo_split_tw_n100,pomo_split_tw,100,/root/autodl-tmp/cvrptw6_fixedlr_20260822_154648/outputs/pomo_split_tw_n100_resume1600_attempt1/checkpoint-2000.pt,C204,C2,100,25,False,1130.000000000000,800,800,10,952.252105898798,952.25,False,10,952.252105898798,952.25,10,952.252105898798,952.25,True,3,590.6,7,,61.23469453078196,,,,57.335469007492065,ok
mvmoe_table7_greedy_8fold_distance,pomo_split_tw_n100,pomo_split_tw,100,/root/autodl-tmp/cvrptw6_fixedlr_20260822_154648/outputs/pomo_split_tw_n100_resume1600_attempt1/checkpoint-2000.pt,C205,C2,100,25,False,1130.000000000000,800,800,11,1167.898901456047,1167.90,False,11,1167.898901456047,1167.90,11,1167.898901456047,1167.90,True,3,588.88,8,,98.32544855591064,,,,45.90955591201782,ok
mvmoe_table7_greedy_8fold_distance,pomo_split_tw_n100,pomo_split_tw,100,/root/autodl-tmp/cvrptw6_fixedlr_20260822_154648/outputs/pomo_split_tw_n100_resume1600_attempt1/checkpoint-2000.pt,C206,C2,100,25,False,1130.000000000000,800,800,13,1105.675974065231,1105.68,False,13,1105.675974065231,1105.68,13,1105.675974065231,1105.68,True,3,588.49,10,,87.88356200873945,,,,47.544682264328,ok
mvmoe_table7_greedy_8fold_distance,pomo_split_tw_n100,pomo_split_tw,100,/root/autodl-tmp/cvrptw6_fixedlr_20260822_154648/outputs/pomo_split_tw_n100_resume1600_attempt1/checkpoint-2000.pt,C207,C2,100,25,False,1130.000000000000,800,800,12,1022.811357820961,1022.81,False,12,1022.811357820961,1022.81,12,1022.811357820961,1022.81,True,3,588.29,9,,73.8617616857266,,,,49.89164710044861,ok
mvmoe_table7_greedy_8fold_distance,pomo_split_tw_n100,pomo_split_tw,100,/root/autodl-tmp/cvrptw6_fixedlr_20260822_154648/outputs/pomo_split_tw_n100_resume1600_attempt1/checkpoint-2000.pt,C208,C2,100,25,False,1130.000000000000,800,800,10,973.895649690322,973.90,False,10,973.895649690322,973.90,10,973.895649690322,973.90,True,3,588.32,7,,65.53842291445508,,,,48.82124423980713,ok
mvmoe_table7_greedy_8fold_distance,pomo_split_tw_n100,pomo_split_tw,100,/root/autodl-tmp/cvrptw6_fixedlr_20260822_154648/outputs/pomo_split_tw_n100_resume1600_attempt1/checkpoint-2000.pt,R101,R1,100,25,False,77.000000000000,800,800,50,2806.729490919095,2806.73,True,50,2806.729490919095,2806.73,50,2806.729490919095,2806.73,True,19,1650.8,31,,70.02238253689694,,,,42.53140425682068,ok
mvmoe_table7_greedy_8fold_distance,pomo_split_tw_n100,pomo_split_tw,100,/root/autodl-tmp/cvrptw6_fixedlr_20260822_154648/outputs/pomo_split_tw_n100_resume1600_attempt1/checkpoint-2000.pt,R102,R1,100,25,False,77.000000000000,800,800,39,2411.181069225864,2411.18,True,39,2411.181069225864,2411.18,39,2411.181069225864,2411.18,True,17,1486.12,22,,62.24672766841603,,,,42.98782753944397,ok
mvmoe_table7_greedy_8fold_distance,pomo_split_tw_n100,pomo_split_tw,100,/root/autodl-tmp/cvrptw6_fixedlr_20260822_154648/outputs/pomo_split_tw_n100_resume1600_attempt1/checkpoint-2000.pt,R103,R1,100,25,False,77.000000000000,800,800,28,1901.620199894140,1901.62,True,28,1901.620199894140,1901.62,28,1901.620199894140,1901.62,True,13,1292.68,15,,47.10680136570068,,,,45.457756757736206,ok
mvmoe_table7_greedy_8fold_distance,pomo_split_tw_n100,pomo_split_tw,100,/root/autodl-tmp/cvrptw6_fixedlr_20260822_154648/outputs/pomo_split_tw_n100_resume1600_attempt1/checkpoint-2000.pt,R104,R1,100,25,False,77.000000000000,800,800,17,1318.416361094657,1318.42,False,17,1318.416361094657,1318.42,17,1318.416361094657,1318.42,True,9,1007.31,8,,30.88486772638583,,,,49.8022027015686,ok
mvmoe_table7_greedy_8fold_distance,pomo_split_tw_n100,pomo_split_tw,100,/root/autodl-tmp/cvrptw6_fixedlr_20260822_154648/outputs/pomo_split_tw_n100_resume1600_attempt1/checkpoint-2000.pt,R105,R1,100,25,False,77.000000000000,800,800,39,2306.639653690073,2306.64,True,39,2306.639653690073,2306.64,39,2306.639653690073,2306.64,True,14,1377.11,25,,67.49857699748557,,,,42.953540325164795,ok
mvmoe_table7_greedy_8fold_distance,pomo_split_tw_n100,pomo_split_tw,100,/root/autodl-tmp/cvrptw6_fixedlr_20260822_154648/outputs/pomo_split_tw_n100_resume1600_attempt1/checkpoint-2000.pt,R106,R1,100,25,False,77.000000000000,800,800,30,1999.664564176257,1999.66,True,30,1999.664564176257,1999.66,30,1999.664564176257,1999.66,True,12,1252.03,18,,59.713789939239255,,,,43.542484521865845,ok
mvmoe_table7_greedy_8fold_distance,pomo_split_tw_n100,pomo_split_tw,100,/root/autodl-tmp/cvrptw6_fixedlr_20260822_154648/outputs/pomo_split_tw_n100_resume1600_attempt1/checkpoint-2000.pt,R107,R1,100,25,False,77.000000000000,800,800,24,1681.618467824414,1681.62,False,24,1681.618467824414,1681.62,24,1681.618467824414,1681.62,True,10,1104.66,14,,52.22950661963086,,,,47.16036081314087,ok
mvmoe_table7_greedy_8fold_distance,pomo_split_tw_n100,pomo_split_tw,100,/root/autodl-tmp/cvrptw6_fixedlr_20260822_154648/outputs/pomo_split_tw_n100_resume1600_attempt1/checkpoint-2000.pt,R108,R1,100,25,False,77.000000000000,800,800,16,1271.991662053257,1271.99,False,16,1271.991662053257,1271.99,16,1271.991662053257,1271.99,True,9,960.88,7,,32.37778516081685,,,,50.8723669052124,ok
mvmoe_table7_greedy_8fold_distance,pomo_split_tw_n100,pomo_split_tw,100,/root/autodl-tmp/cvrptw6_fixedlr_20260822_154648/outputs/pomo_split_tw_n100_resume1600_attempt1/checkpoint-2000.pt,R109,R1,100,25,False,77.000000000000,800,800,27,1812.879847351293,1812.88,True,27,1812.879847351293,1812.88,27,1812.879847351293,1812.88,True,11,1194.73,16,,51.739710842725394,,,,44.19842886924744,ok
mvmoe_table7_greedy_8fold_distance,pomo_split_tw_n100,pomo_split_tw,100,/root/autodl-tmp/cvrptw6_fixedlr_20260822_154648/outputs/pomo_split_tw_n100_resume1600_attempt1/checkpoint-2000.pt,R110,R1,100,25,False,77.000000000000,800,800,23,1551.724575301757,1551.72,False,23,1551.724575301757,1551.72,23,1551.724575301757,1551.72,True,10,1118.84,13,,38.690480792763644,,,,47.99519443511963,ok
mvmoe_table7_greedy_8fold_distance,pomo_split_tw_n100,pomo_split_tw,100,/root/autodl-tmp/cvrptw6_fixedlr_20260822_154648/outputs/pomo_split_tw_n100_resume1600_attempt1/checkpoint-2000.pt,R111,R1,100,25,False,77.000000000000,800,800,22,1590.832258039156,1590.83,False,22,1590.832258039156,1590.83,22,1590.832258039156,1590.83,True,10,1096.73,12,,45.05231534098241,,,,45.00331258773804,ok
mvmoe_table7_greedy_8fold_distance,pomo_split_tw_n100,pomo_split_tw,100,/root/autodl-tmp/cvrptw6_fixedlr_20260822_154648/outputs/pomo_split_tw_n100_resume1600_attempt1/checkpoint-2000.pt,R112,R1,100,25,False,77.000000000000,800,800,13,1165.815428409642,1165.82,False,13,1165.815428409642,1165.82,13,1165.815428409642,1165.82,True,9,982.14,4,,18.70155256986198,,,,53.20897960662842,ok
mvmoe_table7_greedy_8fold_distance,pomo_split_tw_n100,pomo_split_tw,100,/root/autodl-tmp/cvrptw6_fixedlr_20260822_154648/outputs/pomo_split_tw_n100_resume1600_attempt1/checkpoint-2000.pt,R201,R2,100,25,False,333.333333333333,800,800,33,2057.747526832303,2057.75,True,33,2057.747526832303,2057.75,33,2057.747526832303,2057.75,True,4,1252.37,29,,64.3082736597254,,,,43.213311433792114,ok
mvmoe_table7_greedy_8fold_distance,pomo_split_tw_n100,pomo_split_tw,100,/root/autodl-tmp/cvrptw6_fixedlr_20260822_154648/outputs/pomo_split_tw_n100_resume1600_attempt1/checkpoint-2000.pt,R202,R2,100,25,False,333.333333333333,800,800,24,1714.605233753384,1714.61,False,24,1714.605233753384,1714.61,24,1714.605233753384,1714.61,True,3,1191.7,21,,43.878932093092594,,,,46.67000484466553,ok
mvmoe_table7_greedy_8fold_distance,pomo_split_tw_n100,pomo_split_tw,100,/root/autodl-tmp/cvrptw6_fixedlr_20260822_154648/outputs/pomo_split_tw_n100_resume1600_attempt1/checkpoint-2000.pt,R203,R2,100,25,False,333.333333333333,800,800,18,1406.029079428366,1406.03,False,18,1406.029079428366,1406.03,18,1406.029079428366,1406.03,True,3,939.5,15,,49.65716651712254,,,,48.15048885345459,ok
mvmoe_table7_greedy_8fold_distance,pomo_split_tw_n100,pomo_split_tw,100,/root/autodl-tmp/cvrptw6_fixedlr_20260822_154648/outputs/pomo_split_tw_n100_resume1600_attempt1/checkpoint-2000.pt,R204,R2,100,25,False,333.333333333333,800,800,8,920.769587929293,920.77,False,8,920.769587929293,920.77,8,920.769587929293,920.77,True,2,825.52,6,,11.53813207787733,,,,60.13267970085144,ok
mvmoe_table7_greedy_8fold_distance,pomo_split_tw_n100,pomo_split_tw,100,/root/autodl-tmp/cvrptw6_fixedlr_20260822_154648/outputs/pomo_split_tw_n100_resume1600_attempt1/checkpoint-2000.pt,R205,R2,100,25,False,333.333333333333,800,800,24,1685.624582025942,1685.62,False,24,1685.624582025942,1685.62,24,1685.624582025942,1685.62,True,3,994.43,21,,69.50661002040786,,,,44.37130331993103,ok
mvmoe_table7_greedy_8fold_distance,pomo_split_tw_n100,pomo_split_tw,100,/root/autodl-tmp/cvrptw6_fixedlr_20260822_154648/outputs/pomo_split_tw_n100_resume1600_attempt1/checkpoint-2000.pt,R206,R2,100,25,False,333.333333333333,800,800,20,1469.656628697757,1469.66,False,20,1469.656628697757,1469.66,20,1469.656628697757,1469.66,True,3,906.14,17,,62.18869365636185,,,,46.7554247379303,ok
mvmoe_table7_greedy_8fold_distance,pomo_split_tw_n100,pomo_split_tw,100,/root/autodl-tmp/cvrptw6_fixedlr_20260822_154648/outputs/pomo_split_tw_n100_resume1600_attempt1/checkpoint-2000.pt,R207,R2,100,25,False,333.333333333333,800,800,14,1264.535925192011,1264.54,False,14,1264.535925192011,1264.54,14,1264.535925192011,1264.54,True,2,890.61,12,,41.985372406778616,,,,51.20907473564148,ok
mvmoe_table7_greedy_8fold_distance,pomo_split_tw_n100,pomo_split_tw,100,/root/autodl-tmp/cvrptw6_fixedlr_20260822_154648/outputs/pomo_split_tw_n100_resume1600_attempt1/checkpoint-2000.pt,R208,R2,100,25,False,333.333333333333,800,800,6,883.039151099314,883.04,False,6,883.039151099314,883.04,6,883.039151099314,883.04,True,2,726.82,4,,21.493512987990634,,,,65.8733389377594,ok
mvmoe_table7_greedy_8fold_distance,pomo_split_tw_n100,pomo_split_tw,100,/root/autodl-tmp/cvrptw6_fixedlr_20260822_154648/outputs/pomo_split_tw_n100_resume1600_attempt1/checkpoint-2000.pt,R209,R2,100,25,False,333.333333333333,800,800,19,1419.138679219422,1419.14,False,19,1419.138679219422,1419.14,19,1419.138679219422,1419.14,True,3,909.16,16,,56.093391616373545,,,,46.034751176834106,ok
mvmoe_table7_greedy_8fold_distance,pomo_split_tw_n100,pomo_split_tw,100,/root/autodl-tmp/cvrptw6_fixedlr_20260822_154648/outputs/pomo_split_tw_n100_resume1600_attempt1/checkpoint-2000.pt,R210,R2,100,25,False,333.333333333333,800,800,19,1478.829344014315,1478.83,False,19,1478.829344014315,1478.83,19,1478.829344014315,1478.83,True,3,939.37,16,,57.42778074819456,,,,47.97331118583679,ok
mvmoe_table7_greedy_8fold_distance,pomo_split_tw_n100,pomo_split_tw,100,/root/autodl-tmp/cvrptw6_fixedlr_20260822_154648/outputs/pomo_split_tw_n100_resume1600_attempt1/checkpoint-2000.pt,R211,R2,100,25,False,333.333333333333,800,800,10,983.883675648698,983.88,False,10,983.883675648698,983.88,10,983.883675648698,983.88,True,2,885.71,8,,11.084178303135074,,,,57.51445245742798,ok
mvmoe_table7_greedy_8fold_distance,pomo_split_tw_n100,pomo_split_tw,100,/root/autodl-tmp/cvrptw6_fixedlr_20260822_154648/outputs/pomo_split_tw_n100_resume1600_attempt1/checkpoint-2000.pt,RC101,RC1,100,25,False,95.000000000000,800,800,38,2836.790518121828,2836.79,True,38,2836.790518121828,2836.79,38,2836.790518121828,2836.79,True,14,1696.95,24,,67.16995304056262,,,,43.398656606674194,ok
mvmoe_table7_greedy_8fold_distance,pomo_split_tw_n100,pomo_split_tw,100,/root/autodl-tmp/cvrptw6_fixedlr_20260822_154648/outputs/pomo_split_tw_n100_resume1600_attempt1/checkpoint-2000.pt,RC102,RC1,100,25,False,95.000000000000,800,800,33,2524.033987299854,2524.03,True,33,2524.033987299854,2524.03,33,2524.033987299854,2524.03,True,12,1554.75,21,,62.34339844347026,,,,44.306089639663696,ok
mvmoe_table7_greedy_8fold_distance,pomo_split_tw_n100,pomo_split_tw,100,/root/autodl-tmp/cvrptw6_fixedlr_20260822_154648/outputs/pomo_split_tw_n100_resume1600_attempt1/checkpoint-2000.pt,RC103,RC1,100,25,False,95.000000000000,800,800,25,2001.400814661411,2001.40,False,25,2001.400814661411,2001.40,25,2001.400814661411,2001.40,True,11,1261.67,14,,58.631085359992,,,,47.180702209472656,ok
mvmoe_table7_greedy_8fold_distance,pomo_split_tw_n100,pomo_split_tw,100,/root/autodl-tmp/cvrptw6_fixedlr_20260822_154648/outputs/pomo_split_tw_n100_resume1600_attempt1/checkpoint-2000.pt,RC104,RC1,100,25,False,95.000000000000,800,800,17,1519.684867385414,1519.68,False,17,1519.684867385414,1519.68,17,1519.684867385414,1519.68,True,10,1135.48,7,,33.83633946748639,,,,50.957852363586426,ok
mvmoe_table7_greedy_8fold_distance,pomo_split_tw_n100,pomo_split_tw,100,/root/autodl-tmp/cvrptw6_fixedlr_20260822_154648/outputs/pomo_split_tw_n100_resume1600_attempt1/checkpoint-2000.pt,RC105,RC1,100,25,False,95.000000000000,800,800,35,2654.478023876475,2654.48,True,35,2654.478023876475,2654.48,35,2654.478023876475,2654.48,True,13,1629.44,22,,62.90738068762732,,,,43.804014444351196,ok
mvmoe_table7_greedy_8fold_distance,pomo_split_tw_n100,pomo_split_tw,100,/root/autodl-tmp/cvrptw6_fixedlr_20260822_154648/outputs/pomo_split_tw_n100_resume1600_attempt1/checkpoint-2000.pt,RC106,RC1,100,25,False,95.000000000000,800,800,26,2158.776948990428,2158.78,True,26,2158.776948990428,2158.78,26,2158.776948990428,2158.78,True,11,1424.73,15,,51.52182862650661,,,,45.42254710197449,ok
mvmoe_table7_greedy_8fold_distance,pomo_split_tw_n100,pomo_split_tw,100,/root/autodl-tmp/cvrptw6_fixedlr_20260822_154648/outputs/pomo_split_tw_n100_resume1600_attempt1/checkpoint-2000.pt,RC107,RC1,100,25,False,95.000000000000,800,800,20,1722.965368002594,1722.97,False,20,1722.965368002594,1722.97,20,1722.965368002594,1722.97,True,11,1230.48,9,,40.0238417530227,,,,46.55549764633179,ok
mvmoe_table7_greedy_8fold_distance,pomo_split_tw_n100,pomo_split_tw,100,/root/autodl-tmp/cvrptw6_fixedlr_20260822_154648/outputs/pomo_split_tw_n100_resume1600_attempt1/checkpoint-2000.pt,RC108,RC1,100,25,False,95.000000000000,800,800,16,1411.387297894933,1411.39,False,16,1411.387297894933,1411.39,16,1411.387297894933,1411.39,True,10,1139.82,6,,23.825454711703035,,,,51.56673765182495,ok
mvmoe_table7_greedy_8fold_distance,pomo_split_tw_n100,pomo_split_tw,100,/root/autodl-tmp/cvrptw6_fixedlr_20260822_154648/outputs/pomo_split_tw_n100_resume1600_attempt1/checkpoint-2000.pt,RC201,RC2,100,25,False,320.000000000000,800,800,32,2516.371102991671,2516.37,True,32,2516.371102991671,2516.37,32,2516.371102991671,2516.37,True,4,1406.94,28,,78.85418731372135,,,,41.73822021484375,ok
mvmoe_table7_greedy_8fold_distance,pomo_split_tw_n100,pomo_split_tw,100,/root/autodl-tmp/cvrptw6_fixedlr_20260822_154648/outputs/pomo_split_tw_n100_resume1600_attempt1/checkpoint-2000.pt,RC202,RC2,100,25,False,320.000000000000,800,800,25,1995.376421925044,1995.38,False,25,1995.376421925044,1995.38,25,1995.376421925044,1995.38,True,3,1365.65,22,,46.11184578223149,,,,44.77531814575195,ok
mvmoe_table7_greedy_8fold_distance,pomo_split_tw_n100,pomo_split_tw,100,/root/autodl-tmp/cvrptw6_fixedlr_20260822_154648/outputs/pomo_split_tw_n100_resume1600_attempt1/checkpoint-2000.pt,RC203,RC2,100,25,False,320.000000000000,800,800,18,1589.312689030862,1589.31,False,18,1589.312689030862,1589.31,18,1589.312689030862,1589.31,True,3,1049.62,15,,51.41791210446273,,,,49.56537342071533,ok
mvmoe_table7_greedy_8fold_distance,pomo_split_tw_n100,pomo_split_tw,100,/root/autodl-tmp/cvrptw6_fixedlr_20260822_154648/outputs/pomo_split_tw_n100_resume1600_attempt1/checkpoint-2000.pt,RC204,RC2,100,25,False,320.000000000000,800,800,10,1016.867019940852,1016.87,False,10,1016.867019940852,1016.87,10,1016.867019940852,1016.87,True,3,798.46,7,,27.353533043715597,,,,60.12760853767395,ok
mvmoe_table7_greedy_8fold_distance,pomo_split_tw_n100,pomo_split_tw,100,/root/autodl-tmp/cvrptw6_fixedlr_20260822_154648/outputs/pomo_split_tw_n100_resume1600_attempt1/checkpoint-2000.pt,RC205,RC2,100,25,False,320.000000000000,800,800,29,2374.898968003463,2374.90,True,29,2374.898968003463,2374.90,29,2374.898968003463,2374.90,True,4,1297.65,25,,83.01537147947927,,,,43.395732164382935,ok
mvmoe_table7_greedy_8fold_distance,pomo_split_tw_n100,pomo_split_tw,100,/root/autodl-tmp/cvrptw6_fixedlr_20260822_154648/outputs/pomo_split_tw_n100_resume1600_attempt1/checkpoint-2000.pt,RC206,RC2,100,25,False,320.000000000000,800,800,24,2125.572012159360,2125.57,False,24,2125.572012159360,2125.57,24,2125.572012159360,2125.57,True,3,1146.32,21,,85.42571115913188,,,,43.75302577018738,ok
mvmoe_table7_greedy_8fold_distance,pomo_split_tw_n100,pomo_split_tw,100,/root/autodl-tmp/cvrptw6_fixedlr_20260822_154648/outputs/pomo_split_tw_n100_resume1600_attempt1/checkpoint-2000.pt,RC207,RC2,100,25,False,320.000000000000,800,800,18,1645.284211217765,1645.28,False,18,1645.284211217765,1645.28,18,1645.284211217765,1645.28,True,3,1061.14,15,,55.048741091445464,,,,46.46783900260925,ok
mvmoe_table7_greedy_8fold_distance,pomo_split_tw_n100,pomo_split_tw,100,/root/autodl-tmp/cvrptw6_fixedlr_20260822_154648/outputs/pomo_split_tw_n100_resume1600_attempt1/checkpoint-2000.pt,RC208,RC2,100,25,False,320.000000000000,800,800,7,927.557413658429,927.56,False,7,927.557413658429,927.56,7,927.557413658429,927.56,True,3,828.14,4,,12.004904201998324,,,,62.74101901054382,ok
mvmoe_table7_greedy_8fold_distance,am_tw_n100_historical,am_tw,100,/root/autodl-tmp/tw4_official_resume_20260817_131657/outputs/am_tw_standard_fix_resume80_port37047/cvrptw_100/am_tw_official_standard_fix_resume80_port37047_20260819T142203/epoch-100.pt,C101,C1,100,25,False,412.000000000000,8,8,12,1332.897998739071,1332.90,False,12,1332.897998739071,1332.90,12,1332.897998739071,1332.90,True,10,828.94,2,,60.79547358543088,,,,0.6341698169708252,ok
mvmoe_table7_greedy_8fold_distance,am_tw_n100_historical,am_tw,100,/root/autodl-tmp/tw4_official_resume_20260817_131657/outputs/am_tw_standard_fix_resume80_port37047/cvrptw_100/am_tw_official_standard_fix_resume80_port37047_20260819T142203/epoch-100.pt,C102,C1,100,25,False,412.000000000000,8,8,16,1859.908066518163,1859.91,False,16,1859.908066518163,1859.91,16,1859.908066518163,1859.91,True,10,828.94,6,,124.37185640916863,,,,0.7164521217346191,ok
mvmoe_table7_greedy_8fold_distance,am_tw_n100_historical,am_tw,100,/root/autodl-tmp/tw4_official_resume_20260817_131657/outputs/am_tw_standard_fix_resume80_port37047/cvrptw_100/am_tw_official_standard_fix_resume80_port37047_20260819T142203/epoch-100.pt,C103,C1,100,25,False,412.000000000000,8,8,11,2229.284794896642,2229.28,False,11,2229.284794896642,2229.28,11,2229.284794896642,2229.28,True,10,828.06,1,,169.2177855344591,,,,0.6048250198364258,ok
mvmoe_table7_greedy_8fold_distance,am_tw_n100_historical,am_tw,100,/root/autodl-tmp/tw4_official_resume_20260817_131657/outputs/am_tw_standard_fix_resume80_port37047/cvrptw_100/am_tw_official_standard_fix_resume80_port37047_20260819T142203/epoch-100.pt,C104,C1,100,25,False,412.000000000000,8,8,12,2149.286070093840,2149.29,False,12,2149.286070093840,2149.29,12,2149.286070093840,2149.29,True,10,824.78,2,,160.58901405148532,,,,0.6687233448028564,ok
mvmoe_table7_greedy_8fold_distance,am_tw_n100_historical,am_tw,100,/root/autodl-tmp/tw4_official_resume_20260817_131657/outputs/am_tw_standard_fix_resume80_port37047/cvrptw_100/am_tw_official_standard_fix_resume80_port37047_20260819T142203/epoch-100.pt,C105,C1,100,25,False,412.000000000000,8,8,13,1704.357412699281,1704.36,False,13,1704.357412699281,1704.36,13,1704.357412699281,1704.36,True,10,828.94,3,,105.60684883095044,,,,0.6304526329040527,ok
mvmoe_table7_greedy_8fold_distance,am_tw_n100_historical,am_tw,100,/root/autodl-tmp/tw4_official_resume_20260817_131657/outputs/am_tw_standard_fix_resume80_port37047/cvrptw_100/am_tw_official_standard_fix_resume80_port37047_20260819T142203/epoch-100.pt,C106,C1,100,25,False,412.000000000000,8,8,13,2118.242610746769,2118.24,False,13,2118.242610746769,2118.24,13,2118.242610746769,2118.24,True,10,828.94,3,,155.5363006667272,,,,0.6501264572143555,ok
mvmoe_table7_greedy_8fold_distance,am_tw_n100_historical,am_tw,100,/root/autodl-tmp/tw4_official_resume_20260817_131657/outputs/am_tw_standard_fix_resume80_port37047/cvrptw_100/am_tw_official_standard_fix_resume80_port37047_20260819T142203/epoch-100.pt,C107,C1,100,25,False,412.000000000000,8,8,14,1572.640571140470,1572.64,False,14,1572.640571140470,1572.64,14,1572.640571140470,1572.64,True,10,828.94,4,,89.7170568606256,,,,0.6412885189056396,ok
mvmoe_table7_greedy_8fold_distance,am_tw_n100_historical,am_tw,100,/root/autodl-tmp/tw4_official_resume_20260817_131657/outputs/am_tw_standard_fix_resume80_port37047/cvrptw_100/am_tw_official_standard_fix_resume80_port37047_20260819T142203/epoch-100.pt,C108,C1,100,25,False,412.000000000000,8,8,11,1988.493499724211,1988.49,False,11,1988.493499724211,1988.49,11,1988.493499724211,1988.49,True,10,828.94,1,,139.88388782351083,,,,0.6494770050048828,ok
mvmoe_table7_greedy_8fold_distance,am_tw_n100_historical,am_tw,100,/root/autodl-tmp/tw4_official_resume_20260817_131657/outputs/am_tw_standard_fix_resume80_port37047/cvrptw_100/am_tw_official_standard_fix_resume80_port37047_20260819T142203/epoch-100.pt,C109,C1,100,25,False,412.000000000000,8,8,17,1971.051664625563,1971.05,False,17,1971.051664625563,1971.05,17,1971.051664625563,1971.05,True,10,828.94,7,,137.77977472743058,,,,0.5601019859313965,ok
mvmoe_table7_greedy_8fold_distance,am_tw_n100_historical,am_tw,100,/root/autodl-tmp/tw4_official_resume_20260817_131657/outputs/am_tw_standard_fix_resume80_port37047/cvrptw_100/am_tw_official_standard_fix_resume80_port37047_20260819T142203/epoch-100.pt,C201,C2,100,25,False,1130.000000000000,8,8,4,845.393271463679,845.39,False,4,845.393271463679,845.39,4,845.393271463679,845.39,True,3,591.56,1,,42.90913372501165,,,,0.5311257839202881,ok
mvmoe_table7_greedy_8fold_distance,am_tw_n100_historical,am_tw,100,/root/autodl-tmp/tw4_official_resume_20260817_131657/outputs/am_tw_standard_fix_resume80_port37047/cvrptw_100/am_tw_official_standard_fix_resume80_port37047_20260819T142203/epoch-100.pt,C202,C2,100,25,False,1130.000000000000,8,8,5,2071.475140181808,2071.48,False,5,2071.475140181808,2071.48,5,2071.475140181808,2071.48,True,3,591.56,2,,250.1716039255204,,,,0.5881073474884033,ok
mvmoe_table7_greedy_8fold_distance,am_tw_n100_historical,am_tw,100,/root/autodl-tmp/tw4_official_resume_20260817_131657/outputs/am_tw_standard_fix_resume80_port37047/cvrptw_100/am_tw_official_standard_fix_resume80_port37047_20260819T142203/epoch-100.pt,C203,C2,100,25,False,1130.000000000000,8,8,5,2284.104985858035,2284.10,False,5,2284.104985858035,2284.10,5,2284.104985858035,2284.10,True,3,591.17,2,,286.37024643639467,,,,0.5985605716705322,ok
mvmoe_table7_greedy_8fold_distance,am_tw_n100_historical,am_tw,100,/root/autodl-tmp/tw4_official_resume_20260817_131657/outputs/am_tw_standard_fix_resume80_port37047/cvrptw_100/am_tw_official_standard_fix_resume80_port37047_20260819T142203/epoch-100.pt,C204,C2,100,25,False,1130.000000000000,8,8,5,2009.380166834704,2009.38,False,5,2009.380166834704,2009.38,5,2009.380166834704,2009.38,True,3,590.6,2,,240.22691615894067,,,,0.6357853412628174,ok
mvmoe_table7_greedy_8fold_distance,am_tw_n100_historical,am_tw,100,/root/autodl-tmp/tw4_official_resume_20260817_131657/outputs/am_tw_standard_fix_resume80_port37047/cvrptw_100/am_tw_official_standard_fix_resume80_port37047_20260819T142203/epoch-100.pt,C205,C2,100,25,False,1130.000000000000,8,8,4,893.122661075807,893.12,False,4,893.122661075807,893.12,4,893.122661075807,893.12,True,3,588.88,1,,51.664627950653205,,,,0.5419771671295166,ok
mvmoe_table7_greedy_8fold_distance,am_tw_n100_historical,am_tw,100,/root/autodl-tmp/tw4_official_resume_20260817_131657/outputs/am_tw_standard_fix_resume80_port37047/cvrptw_100/am_tw_official_standard_fix_resume80_port37047_20260819T142203/epoch-100.pt,C206,C2,100,25,False,1130.000000000000,8,8,6,1923.099705788810,1923.10,False,6,1923.099705788810,1923.10,6,1923.099705788810,1923.10,True,3,588.49,3,,226.7854518834322,,,,0.53432297706604,ok
mvmoe_table7_greedy_8fold_distance,am_tw_n100_historical,am_tw,100,/root/autodl-tmp/tw4_official_resume_20260817_131657/outputs/am_tw_standard_fix_resume80_port37047/cvrptw_100/am_tw_official_standard_fix_resume80_port37047_20260819T142203/epoch-100.pt,C207,C2,100,25,False,1130.000000000000,8,8,5,1128.069469758906,1128.07,False,5,1128.069469758906,1128.07,5,1128.069469758906,1128.07,True,3,588.29,2,,91.75397673917725,,,,0.6046321392059326,ok
mvmoe_table7_greedy_8fold_distance,am_tw_n100_historical,am_tw,100,/root/autodl-tmp/tw4_official_resume_20260817_131657/outputs/am_tw_standard_fix_resume80_port37047/cvrptw_100/am_tw_official_standard_fix_resume80_port37047_20260819T142203/epoch-100.pt,C208,C2,100,25,False,1130.000000000000,8,8,4,1152.454549578153,1152.45,False,4,1152.454549578153,1152.45,4,1152.454549578153,1152.45,True,3,588.32,1,,95.88906540286791,,,,0.5394420623779297,ok
mvmoe_table7_greedy_8fold_distance,am_tw_n100_historical,am_tw,100,/root/autodl-tmp/tw4_official_resume_20260817_131657/outputs/am_tw_standard_fix_resume80_port37047/cvrptw_100/am_tw_official_standard_fix_resume80_port37047_20260819T142203/epoch-100.pt,R101,R1,100,25,False,77.000000000000,8,8,22,1874.702546055609,1874.70,False,22,1874.702546055609,1874.70,22,1874.702546055609,1874.70,True,19,1650.8,3,,13.563275142694984,,,,0.5186717510223389,ok
mvmoe_table7_greedy_8fold_distance,am_tw_n100_historical,am_tw,100,/root/autodl-tmp/tw4_official_resume_20260817_131657/outputs/am_tw_standard_fix_resume80_port37047/cvrptw_100/am_tw_official_standard_fix_resume80_port37047_20260819T142203/epoch-100.pt,R102,R1,100,25,False,77.000000000000,8,8,20,1716.911441164438,1716.91,False,20,1716.911441164438,1716.91,20,1716.911441164438,1716.91,True,17,1486.12,3,,15.529798479560084,,,,0.4761629104614258,ok
mvmoe_table7_greedy_8fold_distance,am_tw_n100_historical,am_tw,100,/root/autodl-tmp/tw4_official_resume_20260817_131657/outputs/am_tw_standard_fix_resume80_port37047/cvrptw_100/am_tw_official_standard_fix_resume80_port37047_20260819T142203/epoch-100.pt,R103,R1,100,25,False,77.000000000000,8,8,16,1426.346973330095,1426.35,False,16,1426.346973330095,1426.35,16,1426.346973330095,1426.35,True,13,1292.68,3,,10.340298707344033,,,,0.5756936073303223,ok
mvmoe_table7_greedy_8fold_distance,am_tw_n100_historical,am_tw,100,/root/autodl-tmp/tw4_official_resume_20260817_131657/outputs/am_tw_standard_fix_resume80_port37047/cvrptw_100/am_tw_official_standard_fix_resume80_port37047_20260819T142203/epoch-100.pt,R104,R1,100,25,False,77.000000000000,8,8,13,1237.603244412067,1237.60,False,13,1237.603244412067,1237.60,13,1237.603244412067,1237.60,True,9,1007.31,4,,22.862201746440245,,,,0.43504953384399414,ok
mvmoe_table7_greedy_8fold_distance,am_tw_n100_historical,am_tw,100,/root/autodl-tmp/tw4_official_resume_20260817_131657/outputs/am_tw_standard_fix_resume80_port37047/cvrptw_100/am_tw_official_standard_fix_resume80_port37047_20260819T142203/epoch-100.pt,R105,R1,100,25,False,77.000000000000,8,8,17,1650.517712824399,1650.52,False,17,1650.517712824399,1650.52,17,1650.517712824399,1650.52,True,14,1377.11,3,,19.8537308438977,,,,0.4570798873901367,ok
mvmoe_table7_greedy_8fold_distance,am_tw_n100_historical,am_tw,100,/root/autodl-tmp/tw4_official_resume_20260817_131657/outputs/am_tw_standard_fix_resume80_port37047/cvrptw_100/am_tw_official_standard_fix_resume80_port37047_20260819T142203/epoch-100.pt,R106,R1,100,25,False,77.000000000000,8,8,15,1479.440871173573,1479.44,False,15,1479.440871173573,1479.44,15,1479.440871173573,1479.44,True,12,1252.03,3,,18.163372377145357,,,,0.43518519401550293,ok
mvmoe_table7_greedy_8fold_distance,am_tw_n100_historical,am_tw,100,/root/autodl-tmp/tw4_official_resume_20260817_131657/outputs/am_tw_standard_fix_resume80_port37047/cvrptw_100/am_tw_official_standard_fix_resume80_port37047_20260819T142203/epoch-100.pt,R107,R1,100,25,False,77.000000000000,8,8,14,1329.416062423831,1329.42,False,14,1329.416062423831,1329.42,14,1329.416062423831,1329.42,True,10,1104.66,4,,20.34617551317424,,,,0.46405935287475586,ok
mvmoe_table7_greedy_8fold_distance,am_tw_n100_historical,am_tw,100,/root/autodl-tmp/tw4_official_resume_20260817_131657/outputs/am_tw_standard_fix_resume80_port37047/cvrptw_100/am_tw_official_standard_fix_resume80_port37047_20260819T142203/epoch-100.pt,R108,R1,100,25,False,77.000000000000,8,8,12,1187.942589552245,1187.94,False,12,1187.942589552245,1187.94,12,1187.942589552245,1187.94,True,9,960.88,3,,23.630691611048725,,,,0.41615843772888184,ok
mvmoe_table7_greedy_8fold_distance,am_tw_n100_historical,am_tw,100,/root/autodl-tmp/tw4_official_resume_20260817_131657/outputs/am_tw_standard_fix_resume80_port37047/cvrptw_100/am_tw_official_standard_fix_resume80_port37047_20260819T142203/epoch-100.pt,R109,R1,100,25,False,77.000000000000,8,8,14,1404.239030412490,1404.24,False,14,1404.239030412490,1404.24,14,1404.239030412490,1404.24,True,11,1194.73,3,,17.53609856724864,,,,0.42667460441589355,ok
mvmoe_table7_greedy_8fold_distance,am_tw_n100_historical,am_tw,100,/root/autodl-tmp/tw4_official_resume_20260817_131657/outputs/am_tw_standard_fix_resume80_port37047/cvrptw_100/am_tw_official_standard_fix_resume80_port37047_20260819T142203/epoch-100.pt,R110,R1,100,25,False,77.000000000000,8,8,13,1288.501256977378,1288.50,False,13,1288.501256977378,1288.50,13,1288.501256977378,1288.50,True,10,1118.84,3,,15.16403212053364,,,,0.42908287048339844,ok
mvmoe_table7_greedy_8fold_distance,am_tw_n100_historical,am_tw,100,/root/autodl-tmp/tw4_official_resume_20260817_131657/outputs/am_tw_standard_fix_resume80_port37047/cvrptw_100/am_tw_official_standard_fix_resume80_port37047_20260819T142203/epoch-100.pt,R111,R1,100,25,False,77.000000000000,8,8,13,1303.856359591074,1303.86,False,13,1303.856359591074,1303.86,13,1303.856359591074,1303.86,True,10,1096.73,3,,18.885811420411006,,,,0.4278244972229004,ok
mvmoe_table7_greedy_8fold_distance,am_tw_n100_historical,am_tw,100,/root/autodl-tmp/tw4_official_resume_20260817_131657/outputs/am_tw_standard_fix_resume80_port37047/cvrptw_100/am_tw_official_standard_fix_resume80_port37047_20260819T142203/epoch-100.pt,R112,R1,100,25,False,77.000000000000,8,8,11,1149.553139239159,1149.55,False,11,1149.553139239159,1149.55,11,1149.553139239159,1149.55,True,9,982.14,2,,17.04575103744469,,,,0.41997528076171875,ok
mvmoe_table7_greedy_8fold_distance,am_tw_n100_historical,am_tw,100,/root/autodl-tmp/tw4_official_resume_20260817_131657/outputs/am_tw_standard_fix_resume80_port37047/cvrptw_100/am_tw_official_standard_fix_resume80_port37047_20260819T142203/epoch-100.pt,R201,R2,100,25,False,333.333333333333,8,8,7,2008.120990560175,2008.12,False,7,2008.120990560175,2008.12,7,2008.120990560175,2008.12,True,4,1252.37,3,,60.34566386612381,,,,0.47940731048583984,ok
mvmoe_table7_greedy_8fold_distance,am_tw_n100_historical,am_tw,100,/root/autodl-tmp/tw4_official_resume_20260817_131657/outputs/am_tw_standard_fix_resume80_port37047/cvrptw_100/am_tw_official_standard_fix_resume80_port37047_20260819T142203/epoch-100.pt,R202,R2,100,25,False,333.333333333333,8,8,6,2062.217306286310,2062.22,False,6,2062.217306286310,2062.22,6,2062.217306286310,2062.22,True,3,1191.7,3,,73.04836001395567,,,,0.47151899337768555,ok
mvmoe_table7_greedy_8fold_distance,am_tw_n100_historical,am_tw,100,/root/autodl-tmp/tw4_official_resume_20260817_131657/outputs/am_tw_standard_fix_resume80_port37047/cvrptw_100/am_tw_official_standard_fix_resume80_port37047_20260819T142203/epoch-100.pt,R203,R2,100,25,False,333.333333333333,8,8,4,1935.115032986113,1935.12,False,4,1935.115032986113,1935.12,4,1935.115032986113,1935.12,True,3,939.5,1,,105.97286141416848,,,,0.4344956874847412,ok
mvmoe_table7_greedy_8fold_distance,am_tw_n100_historical,am_tw,100,/root/autodl-tmp/tw4_official_resume_20260817_131657/outputs/am_tw_standard_fix_resume80_port37047/cvrptw_100/am_tw_official_standard_fix_resume80_port37047_20260819T142203/epoch-100.pt,R204,R2,100,25,False,333.333333333333,8,8,5,1626.038591061416,1626.04,False,5,1626.038591061416,1626.04,5,1626.038591061416,1626.04,True,2,825.52,3,,96.97143510289467,,,,0.48070502281188965,ok
mvmoe_table7_greedy_8fold_distance,am_tw_n100_historical,am_tw,100,/root/autodl-tmp/tw4_official_resume_20260817_131657/outputs/am_tw_standard_fix_resume80_port37047/cvrptw_100/am_tw_official_standard_fix_resume80_port37047_20260819T142203/epoch-100.pt,R205,R2,100,25,False,333.333333333333,8,8,5,1805.893311967684,1805.89,False,5,1805.893311967684,1805.89,5,1805.893311967684,1805.89,True,3,994.43,2,,81.60084791968107,,,,0.47162866592407227,ok
mvmoe_table7_greedy_8fold_distance,am_tw_n100_historical,am_tw,100,/root/autodl-tmp/tw4_official_resume_20260817_131657/outputs/am_tw_standard_fix_resume80_port37047/cvrptw_100/am_tw_official_standard_fix_resume80_port37047_20260819T142203/epoch-100.pt,R206,R2,100,25,False,333.333333333333,8,8,5,1784.280608470928,1784.28,False,5,1784.280608470928,1784.28,5,1784.280608470928,1784.28,True,3,906.14,2,,96.91003691161723,,,,0.5105271339416504,ok
mvmoe_table7_greedy_8fold_distance,am_tw_n100_historical,am_tw,100,/root/autodl-tmp/tw4_official_resume_20260817_131657/outputs/am_tw_standard_fix_resume80_port37047/cvrptw_100/am_tw_official_standard_fix_resume80_port37047_20260819T142203/epoch-100.pt,R207,R2,100,25,False,333.333333333333,8,8,5,1793.465427482927,1793.47,False,5,1793.465427482927,1793.47,5,1793.465427482927,1793.47,True,2,890.61,3,,101.37494834809031,,,,0.4700474739074707,ok
mvmoe_table7_greedy_8fold_distance,am_tw_n100_historical,am_tw,100,/root/autodl-tmp/tw4_official_resume_20260817_131657/outputs/am_tw_standard_fix_resume80_port37047/cvrptw_100/am_tw_official_standard_fix_resume80_port37047_20260819T142203/epoch-100.pt,R208,R2,100,25,False,333.333333333333,8,8,4,1548.371728411730,1548.37,False,4,1548.371728411730,1548.37,4,1548.371728411730,1548.37,True,2,726.82,2,,113.03372615114199,,,,0.4574165344238281,ok
mvmoe_table7_greedy_8fold_distance,am_tw_n100_historical,am_tw,100,/root/autodl-tmp/tw4_official_resume_20260817_131657/outputs/am_tw_standard_fix_resume80_port37047/cvrptw_100/am_tw_official_standard_fix_resume80_port37047_20260819T142203/epoch-100.pt,R209,R2,100,25,False,333.333333333333,8,8,5,1847.613822873784,1847.61,False,5,1847.613822873784,1847.61,5,1847.613822873784,1847.61,True,3,909.16,2,,103.22207563836768,,,,0.5014505386352539,ok
mvmoe_table7_greedy_8fold_distance,am_tw_n100_historical,am_tw,100,/root/autodl-tmp/tw4_official_resume_20260817_131657/outputs/am_tw_standard_fix_resume80_port37047/cvrptw_100/am_tw_official_standard_fix_resume80_port37047_20260819T142203/epoch-100.pt,R210,R2,100,25,False,333.333333333333,8,8,5,1778.175290656585,1778.18,False,5,1778.175290656585,1778.18,5,1778.175290656585,1778.18,True,3,939.37,2,,89.29445167043713,,,,0.5751326084136963,ok
mvmoe_table7_greedy_8fold_distance,am_tw_n100_historical,am_tw,100,/root/autodl-tmp/tw4_official_resume_20260817_131657/outputs/am_tw_standard_fix_resume80_port37047/cvrptw_100/am_tw_official_standard_fix_resume80_port37047_20260819T142203/epoch-100.pt,R211,R2,100,25,False,333.333333333333,8,8,4,1539.468300954693,1539.47,False,4,1539.468300954693,1539.47,4,1539.468300954693,1539.47,True,2,885.71,2,,73.81177822929553,,,,0.5303709506988525,ok
mvmoe_table7_greedy_8fold_distance,am_tw_n100_historical,am_tw,100,/root/autodl-tmp/tw4_official_resume_20260817_131657/outputs/am_tw_standard_fix_resume80_port37047/cvrptw_100/am_tw_official_standard_fix_resume80_port37047_20260819T142203/epoch-100.pt,RC101,RC1,100,25,False,95.000000000000,8,8,17,1908.089586672043,1908.09,False,17,1908.089586672043,1908.09,17,1908.089586672043,1908.09,True,14,1696.95,3,,12.44229863414026,,,,0.4471464157104492,ok
mvmoe_table7_greedy_8fold_distance,am_tw_n100_historical,am_tw,100,/root/autodl-tmp/tw4_official_resume_20260817_131657/outputs/am_tw_standard_fix_resume80_port37047/cvrptw_100/am_tw_official_standard_fix_resume80_port37047_20260819T142203/epoch-100.pt,RC102,RC1,100,25,False,95.000000000000,8,8,16,1793.170078621051,1793.17,False,16,1793.170078621051,1793.17,16,1793.170078621051,1793.17,True,12,1554.75,4,,15.334946365721215,,,,0.4480900764465332,ok
mvmoe_table7_greedy_8fold_distance,am_tw_n100_historical,am_tw,100,/root/autodl-tmp/tw4_official_resume_20260817_131657/outputs/am_tw_standard_fix_resume80_port37047/cvrptw_100/am_tw_official_standard_fix_resume80_port37047_20260819T142203/epoch-100.pt,RC103,RC1,100,25,False,95.000000000000,8,8,13,1557.886451432624,1557.89,False,13,1557.886451432624,1557.89,13,1557.886451432624,1557.89,True,11,1261.67,2,,23.478124345718303,,,,0.43918943405151367,ok
mvmoe_table7_greedy_8fold_distance,am_tw_n100_historical,am_tw,100,/root/autodl-tmp/tw4_official_resume_20260817_131657/outputs/am_tw_standard_fix_resume80_port37047/cvrptw_100/am_tw_official_standard_fix_resume80_port37047_20260819T142203/epoch-100.pt,RC104,RC1,100,25,False,95.000000000000,8,8,13,1475.968930546580,1475.97,False,13,1475.968930546580,1475.97,13,1475.968930546580,1475.97,True,10,1135.48,3,,29.986343268624715,,,,0.4228944778442383,ok
mvmoe_table7_greedy_8fold_distance,am_tw_n100_historical,am_tw,100,/root/autodl-tmp/tw4_official_resume_20260817_131657/outputs/am_tw_standard_fix_resume80_port37047/cvrptw_100/am_tw_official_standard_fix_resume80_port37047_20260819T142203/epoch-100.pt,RC105,RC1,100,25,False,95.000000000000,8,8,18,1944.715950846185,1944.72,False,18,1944.715950846185,1944.72,18,1944.715950846185,1944.72,True,13,1629.44,5,,19.348730290540598,,,,0.44597673416137695,ok
mvmoe_table7_greedy_8fold_distance,am_tw_n100_historical,am_tw,100,/root/autodl-tmp/tw4_official_resume_20260817_131657/outputs/am_tw_standard_fix_resume80_port37047/cvrptw_100/am_tw_official_standard_fix_resume80_port37047_20260819T142203/epoch-100.pt,RC106,RC1,100,25,False,95.000000000000,8,8,14,1677.765267231774,1677.77,False,14,1677.765267231774,1677.77,14,1677.765267231774,1677.77,True,11,1424.73,3,,17.760225953814,,,,0.42906618118286133,ok
mvmoe_table7_greedy_8fold_distance,am_tw_n100_historical,am_tw,100,/root/autodl-tmp/tw4_official_resume_20260817_131657/outputs/am_tw_standard_fix_resume80_port37047/cvrptw_100/am_tw_official_standard_fix_resume80_port37047_20260819T142203/epoch-100.pt,RC107,RC1,100,25,False,95.000000000000,8,8,13,1578.729539642324,1578.73,False,13,1578.729539642324,1578.73,13,1578.729539642324,1578.73,True,11,1230.48,2,,28.301926048560233,,,,0.41834020614624023,ok
mvmoe_table7_greedy_8fold_distance,am_tw_n100_historical,am_tw,100,/root/autodl-tmp/tw4_official_resume_20260817_131657/outputs/am_tw_standard_fix_resume80_port37047/cvrptw_100/am_tw_official_standard_fix_resume80_port37047_20260819T142203/epoch-100.pt,RC108,RC1,100,25,False,95.000000000000,8,8,12,1397.516590807287,1397.52,False,12,1397.516590807287,1397.52,12,1397.516590807287,1397.52,True,10,1139.82,2,,22.60853387440886,,,,0.42069363594055176,ok
mvmoe_table7_greedy_8fold_distance,am_tw_n100_historical,am_tw,100,/root/autodl-tmp/tw4_official_resume_20260817_131657/outputs/am_tw_standard_fix_resume80_port37047/cvrptw_100/am_tw_official_standard_fix_resume80_port37047_20260819T142203/epoch-100.pt,RC201,RC2,100,25,False,320.000000000000,8,8,7,2151.760189742486,2151.76,False,7,2151.760189742486,2151.76,7,2151.760189742486,2151.76,True,4,1406.94,3,,52.93901586012809,,,,0.45735859870910645,ok
mvmoe_table7_greedy_8fold_distance,am_tw_n100_historical,am_tw,100,/root/autodl-tmp/tw4_official_resume_20260817_131657/outputs/am_tw_standard_fix_resume80_port37047/cvrptw_100/am_tw_official_standard_fix_resume80_port37047_20260819T142203/epoch-100.pt,RC202,RC2,100,25,False,320.000000000000,8,8,5,2102.369234514773,2102.37,False,5,2102.369234514773,2102.37,5,2102.369234514773,2102.37,True,3,1365.65,2,,53.946416322979736,,,,0.42317676544189453,ok
mvmoe_table7_greedy_8fold_distance,am_tw_n100_historical,am_tw,100,/root/autodl-tmp/tw4_official_resume_20260817_131657/outputs/am_tw_standard_fix_resume80_port37047/cvrptw_100/am_tw_official_standard_fix_resume80_port37047_20260819T142203/epoch-100.pt,RC203,RC2,100,25,False,320.000000000000,8,8,5,1795.025652638315,1795.03,False,5,1795.025652638315,1795.03,5,1795.025652638315,1795.03,True,3,1049.62,2,,71.01671582461421,,,,0.44606614112854004,ok
mvmoe_table7_greedy_8fold_distance,am_tw_n100_historical,am_tw,100,/root/autodl-tmp/tw4_official_resume_20260817_131657/outputs/am_tw_standard_fix_resume80_port37047/cvrptw_100/am_tw_official_standard_fix_resume80_port37047_20260819T142203/epoch-100.pt,RC204,RC2,100,25,False,320.000000000000,8,8,5,1573.304674959604,1573.30,False,5,1573.304674959604,1573.30,5,1573.304674959604,1573.30,True,3,798.46,2,,97.04239097257272,,,,0.4391458034515381,ok
mvmoe_table7_greedy_8fold_distance,am_tw_n100_historical,am_tw,100,/root/autodl-tmp/tw4_official_resume_20260817_131657/outputs/am_tw_standard_fix_resume80_port37047/cvrptw_100/am_tw_official_standard_fix_resume80_port37047_20260819T142203/epoch-100.pt,RC205,RC2,100,25,False,320.000000000000,8,8,7,2370.724771423739,2370.72,False,7,2370.724771423739,2370.72,7,2370.724771423739,2370.72,True,4,1297.65,3,,82.6936979481169,,,,0.4398081302642822,ok
mvmoe_table7_greedy_8fold_distance,am_tw_n100_historical,am_tw,100,/root/autodl-tmp/tw4_official_resume_20260817_131657/outputs/am_tw_standard_fix_resume80_port37047/cvrptw_100/am_tw_official_standard_fix_resume80_port37047_20260819T142203/epoch-100.pt,RC206,RC2,100,25,False,320.000000000000,8,8,12,1974.354995980898,1974.35,False,12,1974.354995980898,1974.35,12,1974.354995980898,1974.35,True,3,1146.32,9,,72.2341925449175,,,,0.43015098571777344,ok
mvmoe_table7_greedy_8fold_distance,am_tw_n100_historical,am_tw,100,/root/autodl-tmp/tw4_official_resume_20260817_131657/outputs/am_tw_standard_fix_resume80_port37047/cvrptw_100/am_tw_official_standard_fix_resume80_port37047_20260819T142203/epoch-100.pt,RC207,RC2,100,25,False,320.000000000000,8,8,5,1990.977092900227,1990.98,False,5,1990.977092900227,1990.98,5,1990.977092900227,1990.98,True,3,1061.14,2,,87.62624092016384,,,,0.4215409755706787,ok
mvmoe_table7_greedy_8fold_distance,am_tw_n100_historical,am_tw,100,/root/autodl-tmp/tw4_official_resume_20260817_131657/outputs/am_tw_standard_fix_resume80_port37047/cvrptw_100/am_tw_official_standard_fix_resume80_port37047_20260819T142203/epoch-100.pt,RC208,RC2,100,25,False,320.000000000000,8,8,4,1665.545024610575,1665.55,False,4,1665.545024610575,1665.55,4,1665.545024610575,1665.55,True,3,828.14,1,,101.11877516006659,,,,0.4338645935058594,ok
mvmoe_table7_greedy_8fold_distance,am_split_tw_n100_historical,am_split_tw,100,/root/autodl-tmp/tw4_official_resume_20260817_131657/outputs/am_split_tw_standard_fix_fresh/am_split_tw_100/am_split_tw_official_standard_fix_fresh_20260817_1541_20260817T154251/epoch-100.pt,C101,C1,100,25,False,412.000000000000,8,8,48,3092.280064236072,3092.28,True,48,3092.280064236072,3092.28,48,3092.280064236072,3092.28,True,10,828.94,38,,273.04027604363057,,,,0.6144921779632568,ok
mvmoe_table7_greedy_8fold_distance,am_split_tw_n100_historical,am_split_tw,100,/root/autodl-tmp/tw4_official_resume_20260817_131657/outputs/am_split_tw_standard_fix_fresh/am_split_tw_100/am_split_tw_official_standard_fix_fresh_20260817_1541_20260817T154251/epoch-100.pt,C102,C1,100,25,False,412.000000000000,8,8,39,2671.485044820756,2671.49,True,39,2671.485044820756,2671.49,39,2671.485044820756,2671.49,True,10,828.94,29,,222.2772510460052,,,,0.6316707134246826,ok
mvmoe_table7_greedy_8fold_distance,am_split_tw_n100_historical,am_split_tw,100,/root/autodl-tmp/tw4_official_resume_20260817_131657/outputs/am_split_tw_standard_fix_fresh/am_split_tw_100/am_split_tw_official_standard_fix_fresh_20260817_1541_20260817T154251/epoch-100.pt,C103,C1,100,25,False,412.000000000000,8,8,27,1893.712542574182,1893.71,True,27,1893.712542574182,1893.71,27,1893.712542574182,1893.71,True,10,828.06,17,,128.69267233946601,,,,0.6868879795074463,ok
mvmoe_table7_greedy_8fold_distance,am_split_tw_n100_historical,am_split_tw,100,/root/autodl-tmp/tw4_official_resume_20260817_131657/outputs/am_split_tw_standard_fix_fresh/am_split_tw_100/am_split_tw_official_standard_fix_fresh_20260817_1541_20260817T154251/epoch-100.pt,C104,C1,100,25,False,412.000000000000,8,8,18,1482.151630434431,1482.15,False,18,1482.151630434431,1482.15,18,1482.151630434431,1482.15,True,10,824.78,8,,79.70266379330623,,,,0.7426705360412598,ok
mvmoe_table7_greedy_8fold_distance,am_split_tw_n100_historical,am_split_tw,100,/root/autodl-tmp/tw4_official_resume_20260817_131657/outputs/am_split_tw_standard_fix_fresh/am_split_tw_100/am_split_tw_official_standard_fix_fresh_20260817_1541_20260817T154251/epoch-100.pt,C105,C1,100,25,False,412.000000000000,8,8,44,2872.797795788812,2872.80,True,44,2872.797795788812,2872.80,44,2872.797795788812,2872.80,True,10,828.94,34,,246.5628146535108,,,,0.6628036499023438,ok
mvmoe_table7_greedy_8fold_distance,am_split_tw_n100_historical,am_split_tw,100,/root/autodl-tmp/tw4_official_resume_20260817_131657/outputs/am_split_tw_standard_fix_fresh/am_split_tw_100/am_split_tw_official_standard_fix_fresh_20260817_1541_20260817T154251/epoch-100.pt,C106,C1,100,25,False,412.000000000000,8,8,39,2540.199400289304,2540.20,True,39,2540.199400289304,2540.20,39,2540.199400289304,2540.20,True,10,828.94,29,,206.43947695723506,,,,0.8520030975341797,ok
mvmoe_table7_greedy_8fold_distance,am_split_tw_n100_historical,am_split_tw,100,/root/autodl-tmp/tw4_official_resume_20260817_131657/outputs/am_split_tw_standard_fix_fresh/am_split_tw_100/am_split_tw_official_standard_fix_fresh_20260817_1541_20260817T154251/epoch-100.pt,C107,C1,100,25,False,412.000000000000,8,8,43,2804.740699502896,2804.74,True,43,2804.740699502896,2804.74,43,2804.740699502896,2804.74,True,10,828.94,33,,238.35267926543486,,,,0.6823358535766602,ok
mvmoe_table7_greedy_8fold_distance,am_split_tw_n100_historical,am_split_tw,100,/root/autodl-tmp/tw4_official_resume_20260817_131657/outputs/am_split_tw_standard_fix_fresh/am_split_tw_100/am_split_tw_official_standard_fix_fresh_20260817_1541_20260817T154251/epoch-100.pt,C108,C1,100,25,False,412.000000000000,8,8,32,2247.408647586801,2247.41,True,32,2247.408647586801,2247.41,32,2247.408647586801,2247.41,True,10,828.94,22,,171.11837377696827,,,,0.7045519351959229,ok
mvmoe_table7_greedy_8fold_distance,am_split_tw_n100_historical,am_split_tw,100,/root/autodl-tmp/tw4_official_resume_20260817_131657/outputs/am_split_tw_standard_fix_fresh/am_split_tw_100/am_split_tw_official_standard_fix_fresh_20260817_1541_20260817T154251/epoch-100.pt,C109,C1,100,25,False,412.000000000000,8,8,27,1984.302444572540,1984.30,True,27,1984.302444572540,1984.30,27,1984.302444572540,1984.30,True,10,828.94,17,,139.37829572376043,,,,0.746258020401001,ok
mvmoe_table7_greedy_8fold_distance,am_split_tw_n100_historical,am_split_tw,100,/root/autodl-tmp/tw4_official_resume_20260817_131657/outputs/am_split_tw_standard_fix_fresh/am_split_tw_100/am_split_tw_official_standard_fix_fresh_20260817_1541_20260817T154251/epoch-100.pt,C201,C2,100,25,False,1130.000000000000,8,8,45,3456.096246300245,3456.10,True,45,3456.096246300245,3456.10,45,3456.096246300245,3456.10,True,3,591.56,42,,484.23426977825505,,,,0.7644548416137695,ok
mvmoe_table7_greedy_8fold_distance,am_split_tw_n100_historical,am_split_tw,100,/root/autodl-tmp/tw4_official_resume_20260817_131657/outputs/am_split_tw_standard_fix_fresh/am_split_tw_100/am_split_tw_official_standard_fix_fresh_20260817_1541_20260817T154251/epoch-100.pt,C202,C2,100,25,False,1130.000000000000,8,8,37,3030.625471069093,3030.63,True,37,3030.625471069093,3030.63,37,3030.625471069093,3030.63,True,3,591.56,34,,412.3107497243041,,,,0.7249472141265869,ok
mvmoe_table7_greedy_8fold_distance,am_split_tw_n100_historical,am_split_tw,100,/root/autodl-tmp/tw4_official_resume_20260817_131657/outputs/am_split_tw_standard_fix_fresh/am_split_tw_100/am_split_tw_official_standard_fix_fresh_20260817_1541_20260817T154251/epoch-100.pt,C203,C2,100,25,False,1130.000000000000,8,8,27,2428.757178786261,2428.76,True,27,2428.757178786261,2428.76,27,2428.757178786261,2428.76,True,3,591.17,24,,310.839044401147,,,,0.7410290241241455,ok
mvmoe_table7_greedy_8fold_distance,am_split_tw_n100_historical,am_split_tw,100,/root/autodl-tmp/tw4_official_resume_20260817_131657/outputs/am_split_tw_standard_fix_fresh/am_split_tw_100/am_split_tw_official_standard_fix_fresh_20260817_1541_20260817T154251/epoch-100.pt,C204,C2,100,25,False,1130.000000000000,8,8,11,1822.384328712224,1822.38,False,11,1822.384328712224,1822.38,11,1822.384328712224,1822.38,True,3,590.6,8,,208.5649049631263,,,,0.7731032371520996,ok
mvmoe_table7_greedy_8fold_distance,am_split_tw_n100_historical,am_split_tw,100,/root/autodl-tmp/tw4_official_resume_20260817_131657/outputs/am_split_tw_standard_fix_fresh/am_split_tw_100/am_split_tw_official_standard_fix_fresh_20260817_1541_20260817T154251/epoch-100.pt,C205,C2,100,25,False,1130.000000000000,8,8,35,2850.680515013126,2850.68,True,35,2850.680515013126,2850.68,35,2850.680515013126,2850.68,True,3,588.88,32,,384.08513024947797,,,,0.6625661849975586,ok
mvmoe_table7_greedy_8fold_distance,am_split_tw_n100_historical,am_split_tw,100,/root/autodl-tmp/tw4_official_resume_20260817_131657/outputs/am_split_tw_standard_fix_fresh/am_split_tw_100/am_split_tw_official_standard_fix_fresh_20260817_1541_20260817T154251/epoch-100.pt,C206,C2,100,25,False,1130.000000000000,8,8,29,2579.731712948526,2579.73,True,29,2579.731712948526,2579.73,29,2579.731712948526,2579.73,True,3,588.49,26,,338.3645793383959,,,,0.6561319828033447,ok
mvmoe_table7_greedy_8fold_distance,am_split_tw_n100_historical,am_split_tw,100,/root/autodl-tmp/tw4_official_resume_20260817_131657/outputs/am_split_tw_standard_fix_fresh/am_split_tw_100/am_split_tw_official_standard_fix_fresh_20260817_1541_20260817T154251/epoch-100.pt,C207,C2,100,25,False,1130.000000000000,8,8,25,2472.921382273565,2472.92,False,25,2472.921382273565,2472.92,25,2472.921382273565,2472.92,True,3,588.29,22,,320.3575417351247,,,,0.6790628433227539,ok
mvmoe_table7_greedy_8fold_distance,am_split_tw_n100_historical,am_split_tw,100,/root/autodl-tmp/tw4_official_resume_20260817_131657/outputs/am_split_tw_standard_fix_fresh/am_split_tw_100/am_split_tw_official_standard_fix_fresh_20260817_1541_20260817T154251/epoch-100.pt,C208,C2,100,25,False,1130.000000000000,8,8,24,2395.248720809644,2395.25,False,24,2395.248720809644,2395.25,24,2395.248720809644,2395.25,True,3,588.32,21,,307.1336552912775,,,,0.7461888790130615,ok
mvmoe_table7_greedy_8fold_distance,am_split_tw_n100_historical,am_split_tw,100,/root/autodl-tmp/tw4_official_resume_20260817_131657/outputs/am_split_tw_standard_fix_fresh/am_split_tw_100/am_split_tw_official_standard_fix_fresh_20260817_1541_20260817T154251/epoch-100.pt,R101,R1,100,25,False,77.000000000000,8,8,51,2868.073002840030,2868.07,True,51,2868.073002840030,2868.07,51,2868.073002840030,2868.07,True,19,1650.8,32,,73.73836944754242,,,,0.6279430389404297,ok
mvmoe_table7_greedy_8fold_distance,am_split_tw_n100_historical,am_split_tw,100,/root/autodl-tmp/tw4_official_resume_20260817_131657/outputs/am_split_tw_standard_fix_fresh/am_split_tw_100/am_split_tw_official_standard_fix_fresh_20260817_1541_20260817T154251/epoch-100.pt,R102,R1,100,25,False,77.000000000000,8,8,41,2491.639170931694,2491.64,True,41,2491.639170931694,2491.64,41,2491.639170931694,2491.64,True,17,1486.12,24,,67.6606983912264,,,,0.6429610252380371,ok
mvmoe_table7_greedy_8fold_distance,am_split_tw_n100_historical,am_split_tw,100,/root/autodl-tmp/tw4_official_resume_20260817_131657/outputs/am_split_tw_standard_fix_fresh/am_split_tw_100/am_split_tw_official_standard_fix_fresh_20260817_1541_20260817T154251/epoch-100.pt,R103,R1,100,25,False,77.000000000000,8,8,28,1874.665834599579,1874.67,True,28,1874.665834599579,1874.67,28,1874.665834599579,1874.67,True,13,1292.68,15,,45.02164763124508,,,,0.6750075817108154,ok
mvmoe_table7_greedy_8fold_distance,am_split_tw_n100_historical,am_split_tw,100,/root/autodl-tmp/tw4_official_resume_20260817_131657/outputs/am_split_tw_standard_fix_fresh/am_split_tw_100/am_split_tw_official_standard_fix_fresh_20260817_1541_20260817T154251/epoch-100.pt,R104,R1,100,25,False,77.000000000000,8,8,19,1393.437181839180,1393.44,False,19,1393.437181839180,1393.44,19,1393.437181839180,1393.44,True,9,1007.31,10,,38.33250755370047,,,,0.7131674289703369,ok
mvmoe_table7_greedy_8fold_distance,am_split_tw_n100_historical,am_split_tw,100,/root/autodl-tmp/tw4_official_resume_20260817_131657/outputs/am_split_tw_standard_fix_fresh/am_split_tw_100/am_split_tw_official_standard_fix_fresh_20260817_1541_20260817T154251/epoch-100.pt,R105,R1,100,25,False,77.000000000000,8,8,38,2340.985464501006,2340.99,True,38,2340.985464501006,2340.99,38,2340.985464501006,2340.99,True,14,1377.11,24,,69.99262691440815,,,,0.6547601222991943,ok
mvmoe_table7_greedy_8fold_distance,am_split_tw_n100_historical,am_split_tw,100,/root/autodl-tmp/tw4_official_resume_20260817_131657/outputs/am_split_tw_standard_fix_fresh/am_split_tw_100/am_split_tw_official_standard_fix_fresh_20260817_1541_20260817T154251/epoch-100.pt,R106,R1,100,25,False,77.000000000000,8,8,32,2096.776023854004,2096.78,True,32,2096.776023854004,2096.78,32,2096.776023854004,2096.78,True,12,1252.03,20,,67.47011044895123,,,,0.6470139026641846,ok
mvmoe_table7_greedy_8fold_distance,am_split_tw_n100_historical,am_split_tw,100,/root/autodl-tmp/tw4_official_resume_20260817_131657/outputs/am_split_tw_standard_fix_fresh/am_split_tw_100/am_split_tw_official_standard_fix_fresh_20260817_1541_20260817T154251/epoch-100.pt,R107,R1,100,25,False,77.000000000000,8,8,25,1733.225846849500,1733.23,False,25,1733.225846849500,1733.23,25,1733.225846849500,1733.23,True,10,1104.66,15,,56.901295136014724,,,,0.6712188720703125,ok
mvmoe_table7_greedy_8fold_distance,am_split_tw_n100_historical,am_split_tw,100,/root/autodl-tmp/tw4_official_resume_20260817_131657/outputs/am_split_tw_standard_fix_fresh/am_split_tw_100/am_split_tw_official_standard_fix_fresh_20260817_1541_20260817T154251/epoch-100.pt,R108,R1,100,25,False,77.000000000000,8,8,16,1290.924658427428,1290.92,False,16,1290.924658427428,1290.92,16,1290.924658427428,1290.92,True,9,960.88,7,,34.348166100598185,,,,0.7200727462768555,ok
mvmoe_table7_greedy_8fold_distance,am_split_tw_n100_historical,am_split_tw,100,/root/autodl-tmp/tw4_official_resume_20260817_131657/outputs/am_split_tw_standard_fix_fresh/am_split_tw_100/am_split_tw_official_standard_fix_fresh_20260817_1541_20260817T154251/epoch-100.pt,R109,R1,100,25,False,77.000000000000,8,8,31,1912.794271329813,1912.79,True,31,1912.794271329813,1912.79,31,1912.794271329813,1912.79,True,11,1194.73,20,,60.10264003831932,,,,0.678706169128418,ok
mvmoe_table7_greedy_8fold_distance,am_split_tw_n100_historical,am_split_tw,100,/root/autodl-tmp/tw4_official_resume_20260817_131657/outputs/am_split_tw_standard_fix_fresh/am_split_tw_100/am_split_tw_official_standard_fix_fresh_20260817_1541_20260817T154251/epoch-100.pt,R110,R1,100,25,False,77.000000000000,8,8,22,1613.484074370981,1613.48,False,22,1613.484074370981,1613.48,22,1613.484074370981,1613.48,True,10,1118.84,12,,44.2104388805353,,,,0.6499321460723877,ok
mvmoe_table7_greedy_8fold_distance,am_split_tw_n100_historical,am_split_tw,100,/root/autodl-tmp/tw4_official_resume_20260817_131657/outputs/am_split_tw_standard_fix_fresh/am_split_tw_100/am_split_tw_official_standard_fix_fresh_20260817_1541_20260817T154251/epoch-100.pt,R111,R1,100,25,False,77.000000000000,8,8,21,1584.638819521608,1584.64,False,21,1584.638819521608,1584.64,21,1584.638819521608,1584.64,True,10,1096.73,11,,44.48759672130857,,,,0.7434144020080566,ok
mvmoe_table7_greedy_8fold_distance,am_split_tw_n100_historical,am_split_tw,100,/root/autodl-tmp/tw4_official_resume_20260817_131657/outputs/am_split_tw_standard_fix_fresh/am_split_tw_100/am_split_tw_official_standard_fix_fresh_20260817_1541_20260817T154251/epoch-100.pt,R112,R1,100,25,False,77.000000000000,8,8,16,1254.032684666299,1254.03,False,16,1254.032684666299,1254.03,16,1254.032684666299,1254.03,True,9,982.14,7,,27.683699336784905,,,,0.7226016521453857,ok
mvmoe_table7_greedy_8fold_distance,am_split_tw_n100_historical,am_split_tw,100,/root/autodl-tmp/tw4_official_resume_20260817_131657/outputs/am_split_tw_standard_fix_fresh/am_split_tw_100/am_split_tw_official_standard_fix_fresh_20260817_1541_20260817T154251/epoch-100.pt,R201,R2,100,25,False,333.333333333333,8,8,41,2527.668651460802,2527.67,True,41,2527.668651460802,2527.67,41,2527.668651460802,2527.67,True,4,1252.37,37,,101.83082088047479,,,,0.6904456615447998,ok
mvmoe_table7_greedy_8fold_distance,am_split_tw_n100_historical,am_split_tw,100,/root/autodl-tmp/tw4_official_resume_20260817_131657/outputs/am_split_tw_standard_fix_fresh/am_split_tw_100/am_split_tw_official_standard_fix_fresh_20260817_1541_20260817T154251/epoch-100.pt,R202,R2,100,25,False,333.333333333333,8,8,30,2222.119298229994,2222.12,True,30,2222.119298229994,2222.12,30,2222.119298229994,2222.12,True,3,1191.7,27,,86.46633366031669,,,,0.6447286605834961,ok
mvmoe_table7_greedy_8fold_distance,am_split_tw_n100_historical,am_split_tw,100,/root/autodl-tmp/tw4_official_resume_20260817_131657/outputs/am_split_tw_standard_fix_fresh/am_split_tw_100/am_split_tw_official_standard_fix_fresh_20260817_1541_20260817T154251/epoch-100.pt,R203,R2,100,25,False,333.333333333333,8,8,21,1786.310225585215,1786.31,False,21,1786.310225585215,1786.31,21,1786.310225585215,1786.31,True,3,939.5,18,,90.13413790156625,,,,0.6768374443054199,ok
mvmoe_table7_greedy_8fold_distance,am_split_tw_n100_historical,am_split_tw,100,/root/autodl-tmp/tw4_official_resume_20260817_131657/outputs/am_split_tw_standard_fix_fresh/am_split_tw_100/am_split_tw_official_standard_fix_fresh_20260817_1541_20260817T154251/epoch-100.pt,R204,R2,100,25,False,333.333333333333,8,8,13,1335.388714860047,1335.39,False,13,1335.388714860047,1335.39,13,1335.388714860047,1335.39,True,2,825.52,11,,61.76333884824681,,,,0.7532403469085693,ok
mvmoe_table7_greedy_8fold_distance,am_split_tw_n100_historical,am_split_tw,100,/root/autodl-tmp/tw4_official_resume_20260817_131657/outputs/am_split_tw_standard_fix_fresh/am_split_tw_100/am_split_tw_official_standard_fix_fresh_20260817_1541_20260817T154251/epoch-100.pt,R205,R2,100,25,False,333.333333333333,8,8,31,2143.654444301181,2143.65,True,31,2143.654444301181,2143.65,31,2143.654444301181,2143.65,True,3,994.43,28,,115.56614787377502,,,,0.6298923492431641,ok
mvmoe_table7_greedy_8fold_distance,am_split_tw_n100_historical,am_split_tw,100,/root/autodl-tmp/tw4_official_resume_20260817_131657/outputs/am_split_tw_standard_fix_fresh/am_split_tw_100/am_split_tw_official_standard_fix_fresh_20260817_1541_20260817T154251/epoch-100.pt,R206,R2,100,25,False,333.333333333333,8,8,23,1860.866350687750,1860.87,False,23,1860.866350687750,1860.87,23,1860.866350687750,1860.87,True,3,906.14,20,,105.3619033138091,,,,0.6669721603393555,ok
mvmoe_table7_greedy_8fold_distance,am_split_tw_n100_historical,am_split_tw,100,/root/autodl-tmp/tw4_official_resume_20260817_131657/outputs/am_split_tw_standard_fix_fresh/am_split_tw_100/am_split_tw_official_standard_fix_fresh_20260817_1541_20260817T154251/epoch-100.pt,R207,R2,100,25,False,333.333333333333,8,8,16,1527.070605441819,1527.07,False,16,1527.070605441819,1527.07,16,1527.070605441819,1527.07,True,2,890.61,14,,71.46344701292588,,,,0.7020258903503418,ok
mvmoe_table7_greedy_8fold_distance,am_split_tw_n100_historical,am_split_tw,100,/root/autodl-tmp/tw4_official_resume_20260817_131657/outputs/am_split_tw_standard_fix_fresh/am_split_tw_100/am_split_tw_official_standard_fix_fresh_20260817_1541_20260817T154251/epoch-100.pt,R208,R2,100,25,False,333.333333333333,8,8,9,1209.765549015363,1209.77,False,9,1209.765549015363,1209.77,9,1209.765549015363,1209.77,True,2,726.82,7,,66.44637585858436,,,,0.8471975326538086,ok
mvmoe_table7_greedy_8fold_distance,am_split_tw_n100_historical,am_split_tw,100,/root/autodl-tmp/tw4_official_resume_20260817_131657/outputs/am_split_tw_standard_fix_fresh/am_split_tw_100/am_split_tw_official_standard_fix_fresh_20260817_1541_20260817T154251/epoch-100.pt,R209,R2,100,25,False,333.333333333333,8,8,24,1827.778262497772,1827.78,False,24,1827.778262497772,1827.78,24,1827.778262497772,1827.78,True,3,909.16,21,,101.04032980968937,,,,0.6875669956207275,ok
mvmoe_table7_greedy_8fold_distance,am_split_tw_n100_historical,am_split_tw,100,/root/autodl-tmp/tw4_official_resume_20260817_131657/outputs/am_split_tw_standard_fix_fresh/am_split_tw_100/am_split_tw_official_standard_fix_fresh_20260817_1541_20260817T154251/epoch-100.pt,R210,R2,100,25,False,333.333333333333,8,8,22,1773.732894458333,1773.73,False,22,1773.732894458333,1773.73,22,1773.732894458333,1773.73,True,3,939.37,19,,88.82153937834224,,,,0.6655430793762207,ok
mvmoe_table7_greedy_8fold_distance,am_split_tw_n100_historical,am_split_tw,100,/root/autodl-tmp/tw4_official_resume_20260817_131657/outputs/am_split_tw_standard_fix_fresh/am_split_tw_100/am_split_tw_official_standard_fix_fresh_20260817_1541_20260817T154251/epoch-100.pt,R211,R2,100,25,False,333.333333333333,8,8,12,1353.493795220893,1353.49,False,12,1353.493795220893,1353.49,12,1353.493795220893,1353.49,True,2,885.71,10,,52.814555014721904,,,,0.764897346496582,ok
mvmoe_table7_greedy_8fold_distance,am_split_tw_n100_historical,am_split_tw,100,/root/autodl-tmp/tw4_official_resume_20260817_131657/outputs/am_split_tw_standard_fix_fresh/am_split_tw_100/am_split_tw_official_standard_fix_fresh_20260817_1541_20260817T154251/epoch-100.pt,RC101,RC1,100,25,False,95.000000000000,8,8,42,3009.894098252794,3009.89,True,42,3009.894098252794,3009.89,42,3009.894098252794,3009.89,True,14,1696.95,28,,77.3708181297501,,,,0.6216585636138916,ok
mvmoe_table7_greedy_8fold_distance,am_split_tw_n100_historical,am_split_tw,100,/root/autodl-tmp/tw4_official_resume_20260817_131657/outputs/am_split_tw_standard_fix_fresh/am_split_tw_100/am_split_tw_official_standard_fix_fresh_20260817_1541_20260817T154251/epoch-100.pt,RC102,RC1,100,25,False,95.000000000000,8,8,35,2643.399291857624,2643.40,True,35,2643.399291857624,2643.40,35,2643.399291857624,2643.40,True,12,1554.75,23,,70.0208581352387,,,,0.6505265235900879,ok
mvmoe_table7_greedy_8fold_distance,am_split_tw_n100_historical,am_split_tw,100,/root/autodl-tmp/tw4_official_resume_20260817_131657/outputs/am_split_tw_standard_fix_fresh/am_split_tw_100/am_split_tw_official_standard_fix_fresh_20260817_1541_20260817T154251/epoch-100.pt,RC103,RC1,100,25,False,95.000000000000,8,8,26,2077.339243224110,2077.34,True,26,2077.339243224110,2077.34,26,2077.339243224110,2077.34,True,11,1261.67,15,,64.64996736263126,,,,0.6357870101928711,ok
mvmoe_table7_greedy_8fold_distance,am_split_tw_n100_historical,am_split_tw,100,/root/autodl-tmp/tw4_official_resume_20260817_131657/outputs/am_split_tw_standard_fix_fresh/am_split_tw_100/am_split_tw_official_standard_fix_fresh_20260817_1541_20260817T154251/epoch-100.pt,RC104,RC1,100,25,False,95.000000000000,8,8,18,1606.144038551793,1606.14,False,18,1606.144038551793,1606.14,18,1606.144038551793,1606.14,True,10,1135.48,8,,41.45066743155258,,,,0.687150239944458,ok
mvmoe_table7_greedy_8fold_distance,am_split_tw_n100_historical,am_split_tw,100,/root/autodl-tmp/tw4_official_resume_20260817_131657/outputs/am_split_tw_standard_fix_fresh/am_split_tw_100/am_split_tw_official_standard_fix_fresh_20260817_1541_20260817T154251/epoch-100.pt,RC105,RC1,100,25,False,95.000000000000,8,8,36,2680.101495627889,2680.10,True,36,2680.101495627889,2680.10,36,2680.101495627889,2680.10,True,13,1629.44,23,,64.47991307614203,,,,0.6397864818572998,ok
mvmoe_table7_greedy_8fold_distance,am_split_tw_n100_historical,am_split_tw,100,/root/autodl-tmp/tw4_official_resume_20260817_131657/outputs/am_split_tw_standard_fix_fresh/am_split_tw_100/am_split_tw_official_standard_fix_fresh_20260817_1541_20260817T154251/epoch-100.pt,RC106,RC1,100,25,False,95.000000000000,8,8,28,2282.217774179011,2282.22,True,28,2282.217774179011,2282.22,28,2282.217774179011,2282.22,True,11,1424.73,17,,60.1859843043251,,,,0.6262624263763428,ok
mvmoe_table7_greedy_8fold_distance,am_split_tw_n100_historical,am_split_tw,100,/root/autodl-tmp/tw4_official_resume_20260817_131657/outputs/am_split_tw_standard_fix_fresh/am_split_tw_100/am_split_tw_official_standard_fix_fresh_20260817_1541_20260817T154251/epoch-100.pt,RC107,RC1,100,25,False,95.000000000000,8,8,23,1848.358180315146,1848.36,False,23,1848.358180315146,1848.36,23,1848.358180315146,1848.36,True,11,1230.48,12,,50.21440253520139,,,,0.6618373394012451,ok
mvmoe_table7_greedy_8fold_distance,am_split_tw_n100_historical,am_split_tw,100,/root/autodl-tmp/tw4_official_resume_20260817_131657/outputs/am_split_tw_standard_fix_fresh/am_split_tw_100/am_split_tw_official_standard_fix_fresh_20260817_1541_20260817T154251/epoch-100.pt,RC108,RC1,100,25,False,95.000000000000,8,8,16,1454.015198679678,1454.02,False,16,1454.015198679678,1454.02,16,1454.015198679678,1454.02,True,10,1139.82,6,,27.56533476160078,,,,0.7171359062194824,ok
mvmoe_table7_greedy_8fold_distance,am_split_tw_n100_historical,am_split_tw,100,/root/autodl-tmp/tw4_official_resume_20260817_131657/outputs/am_split_tw_standard_fix_fresh/am_split_tw_100/am_split_tw_official_standard_fix_fresh_20260817_1541_20260817T154251/epoch-100.pt,RC201,RC2,100,25,False,320.000000000000,8,8,37,2934.243900863063,2934.24,True,37,2934.243900863063,2934.24,37,2934.243900863063,2934.24,True,4,1406.94,33,,108.55501306829453,,,,0.6185691356658936,ok
mvmoe_table7_greedy_8fold_distance,am_split_tw_n100_historical,am_split_tw,100,/root/autodl-tmp/tw4_official_resume_20260817_131657/outputs/am_split_tw_standard_fix_fresh/am_split_tw_100/am_split_tw_official_standard_fix_fresh_20260817_1541_20260817T154251/epoch-100.pt,RC202,RC2,100,25,False,320.000000000000,8,8,28,2485.575394650442,2485.58,True,28,2485.575394650442,2485.58,28,2485.575394650442,2485.58,True,3,1365.65,25,,82.00676561713779,,,,0.638282060623169,ok
mvmoe_table7_greedy_8fold_distance,am_split_tw_n100_historical,am_split_tw,100,/root/autodl-tmp/tw4_official_resume_20260817_131657/outputs/am_split_tw_standard_fix_fresh/am_split_tw_100/am_split_tw_official_standard_fix_fresh_20260817_1541_20260817T154251/epoch-100.pt,RC203,RC2,100,25,False,320.000000000000,8,8,22,1949.372377145310,1949.37,False,22,1949.372377145310,1949.37,22,1949.372377145310,1949.37,True,3,1049.62,19,,85.72172568599208,,,,0.6834962368011475,ok
mvmoe_table7_greedy_8fold_distance,am_split_tw_n100_historical,am_split_tw,100,/root/autodl-tmp/tw4_official_resume_20260817_131657/outputs/am_split_tw_standard_fix_fresh/am_split_tw_100/am_split_tw_official_standard_fix_fresh_20260817_1541_20260817T154251/epoch-100.pt,RC204,RC2,100,25,False,320.000000000000,8,8,10,1305.497201758401,1305.50,False,10,1305.497201758401,1305.50,10,1305.497201758401,1305.50,True,3,798.46,7,,63.501891360669426,,,,0.8851640224456787,ok
mvmoe_table7_greedy_8fold_distance,am_split_tw_n100_historical,am_split_tw,100,/root/autodl-tmp/tw4_official_resume_20260817_131657/outputs/am_split_tw_standard_fix_fresh/am_split_tw_100/am_split_tw_official_standard_fix_fresh_20260817_1541_20260817T154251/epoch-100.pt,RC205,RC2,100,25,False,320.000000000000,8,8,31,2647.740621686739,2647.74,True,31,2647.740621686739,2647.74,31,2647.740621686739,2647.74,True,4,1297.65,27,,104.041199220648,,,,0.6266477108001709,ok
mvmoe_table7_greedy_8fold_distance,am_split_tw_n100_historical,am_split_tw,100,/root/autodl-tmp/tw4_official_resume_20260817_131657/outputs/am_split_tw_standard_fix_fresh/am_split_tw_100/am_split_tw_official_standard_fix_fresh_20260817_1541_20260817T154251/epoch-100.pt,RC206,RC2,100,25,False,320.000000000000,8,8,29,2547.470471111708,2547.47,True,29,2547.470471111708,2547.47,29,2547.470471111708,2547.47,True,3,1146.32,26,,122.23030838785924,,,,0.6377053260803223,ok
mvmoe_table7_greedy_8fold_distance,am_split_tw_n100_historical,am_split_tw,100,/root/autodl-tmp/tw4_official_resume_20260817_131657/outputs/am_split_tw_standard_fix_fresh/am_split_tw_100/am_split_tw_official_standard_fix_fresh_20260817_1541_20260817T154251/epoch-100.pt,RC207,RC2,100,25,False,320.000000000000,8,8,17,2007.790933477977,2007.79,False,17,2007.790933477977,2007.79,17,2007.790933477977,2007.79,True,3,1061.14,14,,89.2107482026855,,,,0.6648204326629639,ok
mvmoe_table7_greedy_8fold_distance,am_split_tw_n100_historical,am_split_tw,100,/root/autodl-tmp/tw4_official_resume_20260817_131657/outputs/am_split_tw_standard_fix_fresh/am_split_tw_100/am_split_tw_official_standard_fix_fresh_20260817_1541_20260817T154251/epoch-100.pt,RC208,RC2,100,25,False,320.000000000000,8,8,11,1253.260358215813,1253.26,False,11,1253.260358215813,1253.26,11,1253.260358215813,1253.26,True,3,828.14,8,,51.33435870937439,,,,0.7718169689178467,ok
