There are 1270403 (1.27 million) parameters in this neural network
Epoch    1/5000: score=13.238905 loss=-2.193943 valid=1.0000 routes=11.021 grad=4.7811 seconds=26.1
Epoch    2/5000: score=12.765031 loss=-1.405846 valid=1.0000 routes=10.583 grad=3.2732 seconds=26.3
Epoch    3/5000: score=12.043172 loss=-1.122788 valid=1.0000 routes=10.113 grad=3.1102 seconds=27.3
Epoch    4/5000: score=12.207071 loss=-1.019382 valid=1.0000 routes=10.261 grad=3.3538 seconds=26.3
Epoch    5/5000: score=12.374114 loss=-0.965892 valid=1.0000 routes=10.272 grad=3.6407 seconds=26.2
Epoch    6/5000: score=11.630234 loss=-0.892766 valid=1.0000 routes=9.293 grad=3.3335 seconds=25.9
Epoch    7/5000: score=12.193338 loss=-0.850756 valid=1.0000 routes=10.240 grad=3.7022 seconds=24.3
Epoch    8/5000: score=12.224862 loss=-0.848145 valid=1.0000 routes=9.812 grad=3.7349 seconds=26.9
Epoch    9/5000: score=12.145593 loss=-0.788128 valid=1.0000 routes=10.311 grad=3.8379 seconds=27.5
Epoch   10/5000: score=11.766086 loss=-0.735026 valid=1.0000 routes=9.776 grad=3.4424 seconds=26.1
Epoch   11/5000: score=12.337637 loss=-0.730071 valid=1.0000 routes=10.273 grad=3.9337 seconds=25.8
Epoch   12/5000: score=12.099885 loss=-0.679791 valid=1.0000 routes=10.074 grad=3.4337 seconds=25.8
Epoch   13/5000: score=11.993087 loss=-0.655204 valid=1.0000 routes=9.938 grad=3.3589 seconds=26.8
Epoch   14/5000: score=11.889304 loss=-0.628739 valid=1.0000 routes=9.861 grad=3.2942 seconds=27.0
Epoch   15/5000: score=12.181775 loss=-0.618116 valid=1.0000 routes=10.139 grad=3.2992 seconds=26.4
Epoch   16/5000: score=11.834767 loss=-0.591098 valid=1.0000 routes=10.302 grad=3.2953 seconds=25.9
Epoch   17/5000: score=11.440962 loss=-0.571101 valid=1.0000 routes=9.473 grad=3.0789 seconds=25.4
Epoch   18/5000: score=12.290294 loss=-0.562847 valid=1.0000 routes=9.917 grad=3.2763 seconds=26.0
Epoch   19/5000: score=11.477691 loss=-0.516785 valid=1.0000 routes=9.478 grad=2.9764 seconds=27.4
Epoch   20/5000: score=11.393429 loss=-0.516679 valid=1.0000 routes=10.034 grad=2.9486 seconds=24.8
Epoch   21/5000: score=11.515433 loss=-0.500265 valid=1.0000 routes=9.690 grad=2.9591 seconds=25.2
Epoch   22/5000: score=11.852522 loss=-0.494213 valid=1.0000 routes=10.172 grad=2.9897 seconds=26.1
Epoch   23/5000: score=11.944465 loss=-0.479420 valid=1.0000 routes=10.204 grad=2.9663 seconds=26.2
Epoch   24/5000: score=11.226991 loss=-0.465187 valid=1.0000 routes=9.758 grad=2.8390 seconds=27.6
>> Invalid instances, Re-generating ...
Epoch   25/5000: score=12.194237 loss=-0.466067 valid=1.0000 routes=10.335 grad=3.0210 seconds=24.5
Epoch   26/5000: score=11.577331 loss=-0.456169 valid=1.0000 routes=9.259 grad=2.7977 seconds=23.8
Epoch   27/5000: score=11.731718 loss=-0.452310 valid=1.0000 routes=9.493 grad=2.9165 seconds=23.6
Epoch   28/5000: score=11.468764 loss=-0.433782 valid=1.0000 routes=9.960 grad=2.8251 seconds=24.6
Epoch   29/5000: score=11.398105 loss=-0.434293 valid=1.0000 routes=10.063 grad=2.6864 seconds=26.1
Epoch   30/5000: score=11.714116 loss=-0.451620 valid=1.0000 routes=9.541 grad=2.8852 seconds=25.1
Epoch   31/5000: score=11.977555 loss=-0.419927 valid=1.0000 routes=9.928 grad=2.7739 seconds=25.5
Epoch   32/5000: score=12.076713 loss=-0.402805 valid=1.0000 routes=9.654 grad=2.7194 seconds=26.2
Epoch   33/5000: score=12.012879 loss=-0.409773 valid=1.0000 routes=9.996 grad=2.8027 seconds=26.3
Epoch   34/5000: score=11.133243 loss=-0.409113 valid=1.0000 routes=9.453 grad=2.5320 seconds=27.5
Epoch   35/5000: score=11.138128 loss=-0.391949 valid=1.0000 routes=8.967 grad=2.4271 seconds=27.4
Epoch   36/5000: score=11.277729 loss=-0.407336 valid=1.0000 routes=9.663 grad=2.5731 seconds=24.5
Epoch   37/5000: score=11.526269 loss=-0.397448 valid=1.0000 routes=10.001 grad=2.5785 seconds=25.2
Epoch   38/5000: score=11.416082 loss=-0.379872 valid=1.0000 routes=9.687 grad=2.5340 seconds=26.0
Epoch   39/5000: score=11.982709 loss=-0.397155 valid=1.0000 routes=10.078 grad=2.7138 seconds=26.7
Epoch   40/5000: score=11.993224 loss=-0.389103 valid=1.0000 routes=10.146 grad=2.6773 seconds=27.4
Epoch   41/5000: score=11.718382 loss=-0.386313 valid=1.0000 routes=10.161 grad=2.6569 seconds=26.6
Epoch   42/5000: score=11.917081 loss=-0.388391 valid=1.0000 routes=9.660 grad=2.7248 seconds=25.9
Epoch   43/5000: score=11.597412 loss=-0.380814 valid=1.0000 routes=9.903 grad=2.6244 seconds=26.2
Epoch   44/5000: score=11.652648 loss=-0.370793 valid=1.0000 routes=10.259 grad=2.5279 seconds=25.1
Epoch   45/5000: score=11.568702 loss=-0.367294 valid=1.0000 routes=9.876 grad=2.5449 seconds=26.8
Epoch   46/5000: score=11.464428 loss=-0.367222 valid=1.0000 routes=9.977 grad=2.4318 seconds=27.0
Epoch   47/5000: score=11.879159 loss=-0.378614 valid=1.0000 routes=9.624 grad=2.5233 seconds=26.0
Epoch   48/5000: score=12.057137 loss=-0.378329 valid=1.0000 routes=10.442 grad=2.6723 seconds=26.5
Epoch   49/5000: score=11.400588 loss=-0.361132 valid=1.0000 routes=9.865 grad=2.5060 seconds=26.0
Epoch   50/5000: score=11.199475 loss=-0.353816 valid=1.0000 routes=9.339 grad=2.3064 seconds=26.7
Epoch   51/5000: score=11.721439 loss=-0.369785 valid=1.0000 routes=10.008 grad=2.5826 seconds=25.3
Epoch   52/5000: score=11.372145 loss=-0.357869 valid=1.0000 routes=10.115 grad=2.3941 seconds=25.7
Epoch   53/5000: score=11.522964 loss=-0.370506 valid=1.0000 routes=9.658 grad=2.4633 seconds=24.0
Epoch   54/5000: score=12.163741 loss=-0.360520 valid=1.0000 routes=10.346 grad=2.6413 seconds=25.2
>> Invalid instances, Re-generating ...
Epoch   55/5000: score=11.677076 loss=-0.355856 valid=1.0000 routes=9.975 grad=2.5252 seconds=27.3
Epoch   56/5000: score=11.483932 loss=-0.348787 valid=1.0000 routes=9.876 grad=2.4120 seconds=27.6
Epoch   57/5000: score=11.741225 loss=-0.341954 valid=1.0000 routes=9.534 grad=2.4248 seconds=26.1
Epoch   58/5000: score=11.397398 loss=-0.339744 valid=1.0000 routes=9.842 grad=2.3332 seconds=26.2
Epoch   59/5000: score=11.241304 loss=-0.336721 valid=1.0000 routes=9.140 grad=2.2212 seconds=26.2
Epoch   60/5000: score=11.320244 loss=-0.332497 valid=1.0000 routes=10.008 grad=2.3174 seconds=27.2
Epoch   61/5000: score=10.986924 loss=-0.328196 valid=1.0000 routes=9.042 grad=2.1517 seconds=27.3
Epoch   62/5000: score=11.389294 loss=-0.333405 valid=1.0000 routes=9.660 grad=2.2918 seconds=25.4
Epoch   63/5000: score=11.607383 loss=-0.347634 valid=1.0000 routes=9.870 grad=2.4245 seconds=26.2
Epoch   64/5000: score=11.585175 loss=-0.338032 valid=1.0000 routes=10.025 grad=2.4528 seconds=26.0
Epoch   65/5000: score=11.828231 loss=-0.335103 valid=1.0000 routes=9.862 grad=2.4171 seconds=26.4
Epoch   66/5000: score=11.459290 loss=-0.343646 valid=1.0000 routes=9.841 grad=2.4758 seconds=27.2
Epoch   67/5000: score=11.589506 loss=-0.338220 valid=1.0000 routes=9.354 grad=2.4042 seconds=26.4
Epoch   68/5000: score=11.199778 loss=-0.322417 valid=1.0000 routes=9.581 grad=2.2445 seconds=26.1
Epoch   69/5000: score=11.966220 loss=-0.348783 valid=1.0000 routes=10.477 grad=2.5984 seconds=26.3
Epoch   70/5000: score=11.469528 loss=-0.323740 valid=1.0000 routes=9.853 grad=2.3060 seconds=27.3
Epoch   71/5000: score=11.264044 loss=-0.321390 valid=1.0000 routes=9.836 grad=2.2440 seconds=28.1
Epoch   72/5000: score=11.267766 loss=-0.315180 valid=1.0000 routes=9.739 grad=2.1743 seconds=25.9
Epoch   73/5000: score=11.901546 loss=-0.323880 valid=1.0000 routes=10.345 grad=2.4133 seconds=25.8
Epoch   74/5000: score=11.559595 loss=-0.326496 valid=1.0000 routes=9.814 grad=2.3130 seconds=26.1
Epoch   75/5000: score=11.808968 loss=-0.315860 valid=1.0000 routes=10.634 grad=2.4270 seconds=27.0
Epoch   76/5000: score=12.016431 loss=-0.324693 valid=1.0000 routes=10.422 grad=2.4297 seconds=26.6
Epoch   77/5000: score=11.529681 loss=-0.320115 valid=1.0000 routes=10.011 grad=2.3827 seconds=26.1
Epoch   78/5000: score=10.813997 loss=-0.304181 valid=1.0000 routes=9.478 grad=2.1329 seconds=25.6
Epoch   79/5000: score=12.083088 loss=-0.329080 valid=1.0000 routes=9.708 grad=2.4693 seconds=23.6
Epoch   80/5000: score=12.560565 loss=-0.333346 valid=1.0000 routes=10.659 grad=2.6556 seconds=26.2
Epoch   81/5000: score=11.263770 loss=-0.302140 valid=1.0000 routes=9.334 grad=2.1091 seconds=27.6
Epoch   82/5000: score=11.545110 loss=-0.305368 valid=1.0000 routes=9.682 grad=2.2148 seconds=26.1
Epoch   83/5000: score=11.441561 loss=-0.316217 valid=1.0000 routes=9.972 grad=2.2827 seconds=25.5
Epoch   84/5000: score=11.675029 loss=-0.311369 valid=1.0000 routes=9.910 grad=2.3269 seconds=26.2
Epoch   85/5000: score=11.928031 loss=-0.323980 valid=1.0000 routes=10.131 grad=2.3763 seconds=26.7
Epoch   86/5000: score=11.464828 loss=-0.315328 valid=1.0000 routes=9.819 grad=2.3278 seconds=28.1
Epoch   87/5000: score=11.760004 loss=-0.302157 valid=1.0000 routes=10.021 grad=2.3194 seconds=26.2
Epoch   88/5000: score=11.483325 loss=-0.304228 valid=1.0000 routes=9.897 grad=2.2826 seconds=26.2
Epoch   89/5000: score=11.794999 loss=-0.301474 valid=1.0000 routes=9.714 grad=2.3680 seconds=26.3
Epoch   90/5000: score=11.490389 loss=-0.299483 valid=1.0000 routes=9.525 grad=2.2397 seconds=27.4
Epoch   91/5000: score=11.770083 loss=-0.301977 valid=1.0000 routes=10.219 grad=2.2683 seconds=27.6
Epoch   92/5000: score=11.314575 loss=-0.283173 valid=1.0000 routes=9.744 grad=2.1955 seconds=25.7
Epoch   93/5000: score=11.662913 loss=-0.307010 valid=1.0000 routes=10.053 grad=2.3736 seconds=26.0
Epoch   94/5000: score=11.659893 loss=-0.301564 valid=1.0000 routes=10.084 grad=2.3272 seconds=26.1
Epoch   95/5000: score=11.326610 loss=-0.285762 valid=1.0000 routes=10.018 grad=2.2402 seconds=27.6
Epoch   96/5000: score=11.496720 loss=-0.292252 valid=1.0000 routes=9.742 grad=2.1756 seconds=27.7
Epoch   97/5000: score=11.318610 loss=-0.300603 valid=1.0000 routes=9.217 grad=2.1933 seconds=26.4
Epoch   98/5000: score=11.706501 loss=-0.289495 valid=1.0000 routes=10.450 grad=2.2398 seconds=24.8
Epoch   99/5000: score=12.111558 loss=-0.295079 valid=1.0000 routes=10.324 grad=2.4022 seconds=25.6
Epoch  100/5000: score=12.037001 loss=-0.300170 valid=1.0000 routes=10.251 grad=2.4320 seconds=27.8
Epoch  101/5000: score=11.916196 loss=-0.292724 valid=1.0000 routes=10.237 grad=2.3623 seconds=27.2
Epoch  102/5000: score=11.404901 loss=-0.291950 valid=1.0000 routes=9.396 grad=2.2851 seconds=26.5
Epoch  103/5000: score=11.634820 loss=-0.296578 valid=1.0000 routes=9.718 grad=2.2924 seconds=26.1
Epoch  104/5000: score=11.385389 loss=-0.279716 valid=1.0000 routes=10.208 grad=2.1572 seconds=26.1
Epoch  105/5000: score=11.693496 loss=-0.294293 valid=1.0000 routes=10.048 grad=2.3280 seconds=27.3
Epoch  106/5000: score=11.513967 loss=-0.295098 valid=1.0000 routes=9.575 grad=2.2310 seconds=27.1
Epoch  107/5000: score=11.266458 loss=-0.298995 valid=1.0000 routes=9.653 grad=2.2326 seconds=26.3
Epoch  108/5000: score=12.222299 loss=-0.289485 valid=1.0000 routes=10.546 grad=2.4124 seconds=26.3
Epoch  109/5000: score=11.637396 loss=-0.288069 valid=1.0000 routes=10.151 grad=2.3292 seconds=26.4
Epoch  110/5000: score=11.904754 loss=-0.289481 valid=1.0000 routes=10.021 grad=2.3045 seconds=27.8
Epoch  111/5000: score=11.719586 loss=-0.283408 valid=1.0000 routes=9.599 grad=2.2538 seconds=27.7
Epoch  112/5000: score=11.758466 loss=-0.277690 valid=1.0000 routes=9.809 grad=2.2917 seconds=26.5
Epoch  113/5000: score=11.425617 loss=-0.273743 valid=1.0000 routes=10.065 grad=2.1509 seconds=25.9
Epoch  114/5000: score=11.054770 loss=-0.258823 valid=1.0000 routes=9.889 grad=1.9616 seconds=26.6
Epoch  115/5000: score=11.791038 loss=-0.282029 valid=1.0000 routes=9.945 grad=2.3172 seconds=27.5
Epoch  116/5000: score=11.431438 loss=-0.283651 valid=1.0000 routes=9.663 grad=2.2638 seconds=27.1
Epoch  117/5000: score=11.180226 loss=-0.274653 valid=1.0000 routes=9.474 grad=2.1180 seconds=27.0
Epoch  118/5000: score=11.919177 loss=-0.287359 valid=1.0000 routes=10.138 grad=2.3276 seconds=26.2
Epoch  119/5000: score=12.276190 loss=-0.279643 valid=1.0000 routes=10.564 grad=2.3938 seconds=26.6
Epoch  120/5000: score=11.430208 loss=-0.278123 valid=1.0000 routes=9.373 grad=2.1132 seconds=27.5
Epoch  121/5000: score=11.861181 loss=-0.278718 valid=1.0000 routes=9.799 grad=2.2492 seconds=26.8
Epoch  122/5000: score=11.816011 loss=-0.287641 valid=1.0000 routes=9.923 grad=2.3072 seconds=24.8
Epoch  123/5000: score=11.481438 loss=-0.271681 valid=1.0000 routes=9.973 grad=2.2264 seconds=26.0
Epoch  124/5000: score=11.752474 loss=-0.280816 valid=1.0000 routes=9.597 grad=2.1987 seconds=26.5
Epoch  125/5000: score=11.924118 loss=-0.279211 valid=1.0000 routes=10.170 grad=2.4223 seconds=26.6
Epoch  126/5000: score=11.935241 loss=-0.279365 valid=1.0000 routes=10.302 grad=2.2849 seconds=26.8
Epoch  127/5000: score=11.829595 loss=-0.269513 valid=1.0000 routes=10.194 grad=2.2386 seconds=26.2
Epoch  128/5000: score=11.307536 loss=-0.263786 valid=1.0000 routes=10.293 grad=2.1305 seconds=26.2
Epoch  129/5000: score=11.325409 loss=-0.271480 valid=1.0000 routes=9.528 grad=2.1531 seconds=26.9
Epoch  130/5000: score=11.784367 loss=-0.276270 valid=1.0000 routes=10.042 grad=2.2436 seconds=27.1
Epoch  131/5000: score=11.920607 loss=-0.271704 valid=1.0000 routes=9.994 grad=2.2673 seconds=26.6
Epoch  132/5000: score=11.480036 loss=-0.261240 valid=1.0000 routes=9.616 grad=2.1457 seconds=25.3
Epoch  133/5000: score=11.792221 loss=-0.271604 valid=1.0000 routes=9.671 grad=2.2236 seconds=25.6
Epoch  134/5000: score=12.273373 loss=-0.272916 valid=1.0000 routes=10.474 grad=2.3837 seconds=24.7
Epoch  135/5000: score=11.247727 loss=-0.257254 valid=1.0000 routes=9.414 grad=1.9953 seconds=26.3
Epoch  136/5000: score=11.236494 loss=-0.252419 valid=1.0000 routes=10.012 grad=2.0350 seconds=26.7
Epoch  137/5000: score=11.335768 loss=-0.275091 valid=1.0000 routes=9.683 grad=2.1492 seconds=25.9
Epoch  138/5000: score=11.823807 loss=-0.264059 valid=1.0000 routes=9.819 grad=2.1348 seconds=26.1
Epoch  139/5000: score=11.552290 loss=-0.274403 valid=1.0000 routes=9.647 grad=2.1363 seconds=26.1
Epoch  140/5000: score=11.901288 loss=-0.271528 valid=1.0000 routes=9.893 grad=2.2652 seconds=27.4
Epoch  141/5000: score=11.344054 loss=-0.264165 valid=1.0000 routes=9.207 grad=2.1177 seconds=27.4
Epoch  142/5000: score=11.742517 loss=-0.267268 valid=1.0000 routes=10.810 grad=2.2658 seconds=26.0
Epoch  143/5000: score=10.843463 loss=-0.256039 valid=1.0000 routes=9.868 grad=1.9847 seconds=26.3
Epoch  144/5000: score=11.375373 loss=-0.258925 valid=1.0000 routes=9.546 grad=2.0967 seconds=26.4
Epoch  145/5000: score=11.413245 loss=-0.266172 valid=1.0000 routes=9.554 grad=2.1012 seconds=27.3
Epoch  146/5000: score=11.582126 loss=-0.261227 valid=1.0000 routes=9.685 grad=2.1490 seconds=27.3
Epoch  147/5000: score=11.534060 loss=-0.251360 valid=1.0000 routes=9.734 grad=2.1604 seconds=24.9
Epoch  148/5000: score=12.008214 loss=-0.270817 valid=1.0000 routes=9.973 grad=2.2615 seconds=25.6
Epoch  149/5000: score=11.188986 loss=-0.247128 valid=1.0000 routes=9.833 grad=2.0995 seconds=26.4
Epoch  150/5000: score=11.425497 loss=-0.257528 valid=1.0000 routes=9.783 grad=2.1555 seconds=27.3
Epoch  151/5000: score=11.645246 loss=-0.266605 valid=1.0000 routes=10.253 grad=2.2685 seconds=27.6
Epoch  152/5000: score=11.159101 loss=-0.259989 valid=1.0000 routes=9.533 grad=2.1163 seconds=26.9
Epoch  153/5000: score=11.671860 loss=-0.252294 valid=1.0000 routes=10.143 grad=2.1379 seconds=25.9
Epoch  154/5000: score=11.335561 loss=-0.253693 valid=1.0000 routes=9.802 grad=2.1315 seconds=26.2
Epoch  155/5000: score=11.749441 loss=-0.257065 valid=1.0000 routes=10.230 grad=2.1673 seconds=26.2
Epoch  156/5000: score=11.894051 loss=-0.258764 valid=1.0000 routes=9.483 grad=2.1607 seconds=25.5
Epoch  157/5000: score=11.345774 loss=-0.250563 valid=1.0000 routes=10.027 grad=2.1016 seconds=23.8
Epoch  158/5000: score=11.307654 loss=-0.257780 valid=1.0000 routes=9.708 grad=2.0819 seconds=23.1
Epoch  159/5000: score=11.149505 loss=-0.255613 valid=1.0000 routes=9.228 grad=2.0490 seconds=24.9
Epoch  160/5000: score=11.858942 loss=-0.254224 valid=1.0000 routes=9.863 grad=2.2641 seconds=26.6
Epoch  161/5000: score=11.183155 loss=-0.247325 valid=1.0000 routes=9.520 grad=2.0348 seconds=27.6
Epoch  162/5000: score=11.147452 loss=-0.250678 valid=1.0000 routes=9.774 grad=1.9903 seconds=27.0
Epoch  163/5000: score=11.357719 loss=-0.249509 valid=1.0000 routes=9.521 grad=2.0525 seconds=26.2
Epoch  164/5000: score=11.585141 loss=-0.254841 valid=1.0000 routes=9.687 grad=2.1291 seconds=26.1
Epoch  165/5000: score=11.562813 loss=-0.265614 valid=1.0000 routes=10.274 grad=2.2432 seconds=26.8
Epoch  166/5000: score=11.424630 loss=-0.252911 valid=1.0000 routes=9.281 grad=2.0737 seconds=27.4
Epoch  167/5000: score=11.358800 loss=-0.254473 valid=1.0000 routes=9.641 grad=2.0731 seconds=26.8
Epoch  168/5000: score=12.024205 loss=-0.261325 valid=1.0000 routes=10.386 grad=2.2469 seconds=26.4
Epoch  169/5000: score=11.319898 loss=-0.246549 valid=1.0000 routes=9.852 grad=2.0231 seconds=24.7
Epoch  170/5000: score=11.576477 loss=-0.251387 valid=1.0000 routes=10.092 grad=2.1283 seconds=23.5
Epoch  171/5000: score=11.813569 loss=-0.260518 valid=1.0000 routes=10.148 grad=2.2208 seconds=27.5
Epoch  172/5000: score=11.582424 loss=-0.238998 valid=1.0000 routes=9.956 grad=2.0605 seconds=27.0
Epoch  173/5000: score=11.262717 loss=-0.248671 valid=1.0000 routes=9.594 grad=2.0481 seconds=25.6
Epoch  174/5000: score=11.261884 loss=-0.236077 valid=1.0000 routes=10.069 grad=2.0433 seconds=24.6
Epoch  175/5000: score=11.558476 loss=-0.248906 valid=1.0000 routes=10.190 grad=2.1643 seconds=26.1
Epoch  176/5000: score=11.287864 loss=-0.249455 valid=1.0000 routes=9.389 grad=1.9987 seconds=27.1
Epoch  177/5000: score=11.793665 loss=-0.258755 valid=1.0000 routes=9.662 grad=2.1904 seconds=27.5
Epoch  178/5000: score=11.288726 loss=-0.260244 valid=1.0000 routes=9.356 grad=2.0823 seconds=26.3
Epoch  179/5000: score=11.498787 loss=-0.244842 valid=1.0000 routes=10.059 grad=2.1557 seconds=26.3
Epoch  180/5000: score=11.158578 loss=-0.247787 valid=1.0000 routes=9.773 grad=2.0364 seconds=25.3
Epoch  181/5000: score=11.457456 loss=-0.240318 valid=1.0000 routes=9.863 grad=2.0536 seconds=26.3
Epoch  182/5000: score=12.041399 loss=-0.256680 valid=1.0000 routes=10.156 grad=2.3117 seconds=27.6
Epoch  183/5000: score=11.700800 loss=-0.248407 valid=1.0000 routes=9.695 grad=2.1328 seconds=26.4
Epoch  184/5000: score=11.152003 loss=-0.245140 valid=1.0000 routes=10.135 grad=2.0582 seconds=26.2
Epoch  185/5000: score=11.032611 loss=-0.251324 valid=1.0000 routes=9.222 grad=2.0184 seconds=26.2
Epoch  186/5000: score=11.506397 loss=-0.248335 valid=1.0000 routes=9.323 grad=2.0248 seconds=26.0
Epoch  187/5000: score=11.192436 loss=-0.246054 valid=1.0000 routes=9.363 grad=1.9577 seconds=26.2
Epoch  188/5000: score=11.565109 loss=-0.238946 valid=1.0000 routes=10.181 grad=2.1117 seconds=25.2
Epoch  189/5000: score=11.601171 loss=-0.245616 valid=1.0000 routes=9.636 grad=2.1301 seconds=25.4
Epoch  190/5000: score=11.898775 loss=-0.256345 valid=1.0000 routes=10.153 grad=2.2237 seconds=25.1
Epoch  191/5000: score=11.351549 loss=-0.243887 valid=1.0000 routes=9.602 grad=2.0329 seconds=25.9
Epoch  192/5000: score=11.603406 loss=-0.238125 valid=1.0000 routes=10.216 grad=2.1266 seconds=27.1
Epoch  193/5000: score=11.385924 loss=-0.235014 valid=1.0000 routes=9.921 grad=2.0222 seconds=26.6
Epoch  194/5000: score=11.756690 loss=-0.233268 valid=1.0000 routes=10.188 grad=2.1451 seconds=25.1
Epoch  195/5000: score=11.777494 loss=-0.245588 valid=1.0000 routes=9.926 grad=2.1949 seconds=26.8
Epoch  196/5000: score=11.551411 loss=-0.248677 valid=1.0000 routes=9.510 grad=2.1245 seconds=26.2
Epoch  197/5000: score=11.999403 loss=-0.236071 valid=1.0000 routes=10.048 grad=2.0943 seconds=27.5
Epoch  198/5000: score=11.085895 loss=-0.240098 valid=1.0000 routes=9.249 grad=1.9798 seconds=26.9
Epoch  199/5000: score=11.773630 loss=-0.239567 valid=1.0000 routes=10.236 grad=2.1501 seconds=23.7
Epoch  200/5000: score=11.720874 loss=-0.246400 valid=1.0000 routes=9.938 grad=2.1580 seconds=26.1
Epoch  201/5000: score=11.029090 loss=-0.224739 valid=1.0000 routes=9.857 grad=1.9049 seconds=25.3
Epoch  202/5000: score=11.038000 loss=-0.243198 valid=1.0000 routes=9.249 grad=2.0234 seconds=26.4
Epoch  203/5000: score=11.267844 loss=-0.243881 valid=1.0000 routes=9.685 grad=2.0646 seconds=26.7
Epoch  204/5000: score=12.196435 loss=-0.245319 valid=1.0000 routes=10.332 grad=2.2483 seconds=26.2
Epoch  205/5000: score=11.782264 loss=-0.248305 valid=1.0000 routes=9.794 grad=2.1848 seconds=26.2
Epoch  206/5000: score=11.677999 loss=-0.245042 valid=1.0000 routes=9.988 grad=2.1566 seconds=24.9
Epoch  207/5000: score=11.696286 loss=-0.236224 valid=1.0000 routes=9.977 grad=2.1220 seconds=24.9
Epoch  208/5000: score=11.662185 loss=-0.235154 valid=1.0000 routes=9.771 grad=2.1396 seconds=26.9
Epoch  209/5000: score=11.397618 loss=-0.235447 valid=1.0000 routes=9.851 grad=2.0780 seconds=25.7
Epoch  210/5000: score=11.495242 loss=-0.233599 valid=1.0000 routes=9.858 grad=2.1188 seconds=26.0
Epoch  211/5000: score=11.441809 loss=-0.239709 valid=1.0000 routes=9.523 grad=2.0934 seconds=24.1
Epoch  212/5000: score=12.015485 loss=-0.237982 valid=1.0000 routes=9.874 grad=2.1992 seconds=26.5
Epoch  213/5000: score=11.377163 loss=-0.231269 valid=1.0000 routes=9.734 grad=2.0004 seconds=27.6
Epoch  214/5000: score=11.801764 loss=-0.228728 valid=1.0000 routes=10.242 grad=2.1426 seconds=26.3
Epoch  215/5000: score=11.445327 loss=-0.239455 valid=1.0000 routes=9.706 grad=2.0973 seconds=26.1
Epoch  216/5000: score=11.269265 loss=-0.237545 valid=1.0000 routes=9.393 grad=2.0460 seconds=26.2
Epoch  217/5000: score=11.792116 loss=-0.227725 valid=1.0000 routes=9.895 grad=2.1108 seconds=26.7
Epoch  218/5000: score=11.220444 loss=-0.223852 valid=1.0000 routes=9.669 grad=1.9682 seconds=27.3
Epoch  219/5000: score=11.775408 loss=-0.231220 valid=1.0000 routes=9.851 grad=2.1286 seconds=25.6
Epoch  220/5000: score=11.365922 loss=-0.226975 valid=1.0000 routes=9.611 grad=2.0428 seconds=25.4
Epoch  221/5000: score=11.569842 loss=-0.229210 valid=1.0000 routes=9.932 grad=2.1007 seconds=26.6
Epoch  222/5000: score=11.773616 loss=-0.237790 valid=1.0000 routes=10.266 grad=2.1462 seconds=26.6
Epoch  223/5000: score=11.452094 loss=-0.233741 valid=1.0000 routes=9.640 grad=2.1141 seconds=27.8
Epoch  224/5000: score=11.523639 loss=-0.227957 valid=1.0000 routes=10.123 grad=2.1438 seconds=26.8
Epoch  225/5000: score=11.360422 loss=-0.222283 valid=1.0000 routes=9.693 grad=2.0234 seconds=26.2
Epoch  226/5000: score=11.709285 loss=-0.229836 valid=1.0000 routes=10.569 grad=2.1886 seconds=26.3
Epoch  227/5000: score=11.448498 loss=-0.232356 valid=1.0000 routes=9.519 grad=2.0746 seconds=26.8
Epoch  228/5000: score=11.384892 loss=-0.229368 valid=1.0000 routes=9.400 grad=2.0309 seconds=27.5
Epoch  229/5000: score=11.302479 loss=-0.225863 valid=1.0000 routes=9.868 grad=2.0756 seconds=26.6
Epoch  230/5000: score=11.323547 loss=-0.219262 valid=1.0000 routes=9.393 grad=1.9760 seconds=26.2
Epoch  231/5000: score=11.726369 loss=-0.223308 valid=1.0000 routes=9.918 grad=2.1234 seconds=26.2
Epoch  232/5000: score=12.070206 loss=-0.226897 valid=1.0000 routes=10.581 grad=2.2337 seconds=27.5
Epoch  233/5000: score=11.211464 loss=-0.230445 valid=1.0000 routes=9.321 grad=2.0643 seconds=27.8
Epoch  234/5000: score=11.603148 loss=-0.225902 valid=1.0000 routes=9.995 grad=2.0781 seconds=26.3
Epoch  235/5000: score=11.588560 loss=-0.233204 valid=1.0000 routes=9.869 grad=2.1726 seconds=25.4
Epoch  236/5000: score=12.185054 loss=-0.238044 valid=1.0000 routes=10.138 grad=2.2167 seconds=26.1
Epoch  237/5000: score=11.373245 loss=-0.226811 valid=1.0000 routes=9.806 grad=2.1152 seconds=26.9
Epoch  238/5000: score=11.459248 loss=-0.225204 valid=1.0000 routes=9.372 grad=2.0526 seconds=27.1
Epoch  239/5000: score=10.905697 loss=-0.223487 valid=1.0000 routes=9.179 grad=1.9485 seconds=26.3
Epoch  240/5000: score=11.433548 loss=-0.225764 valid=1.0000 routes=9.768 grad=2.0178 seconds=25.1
Epoch  241/5000: score=11.893173 loss=-0.237195 valid=1.0000 routes=10.461 grad=2.2622 seconds=25.3
Epoch  242/5000: score=11.735230 loss=-0.228005 valid=1.0000 routes=9.883 grad=2.1305 seconds=27.5
Epoch  243/5000: score=11.373942 loss=-0.223496 valid=1.0000 routes=9.496 grad=1.9627 seconds=27.4
Epoch  244/5000: score=11.432601 loss=-0.223204 valid=1.0000 routes=9.546 grad=1.9925 seconds=26.2
Epoch  245/5000: score=11.372194 loss=-0.227047 valid=1.0000 routes=10.187 grad=2.0810 seconds=26.4
Epoch  246/5000: score=12.155605 loss=-0.233100 valid=1.0000 routes=10.216 grad=2.2150 seconds=26.1
Epoch  247/5000: score=11.259956 loss=-0.222312 valid=1.0000 routes=9.924 grad=2.0293 seconds=27.7
Epoch  248/5000: score=11.326924 loss=-0.219856 valid=1.0000 routes=9.567 grad=1.9838 seconds=27.5
Epoch  249/5000: score=11.438214 loss=-0.225187 valid=1.0000 routes=9.631 grad=2.0721 seconds=26.1
Epoch  250/5000: score=11.570300 loss=-0.226108 valid=1.0000 routes=9.600 grad=2.0852 seconds=26.5
Epoch  251/5000: score=11.190008 loss=-0.219929 valid=1.0000 routes=9.407 grad=2.0035 seconds=26.0
Epoch  252/5000: score=11.668321 loss=-0.227605 valid=1.0000 routes=10.026 grad=2.0936 seconds=27.2
Epoch  253/5000: score=11.642390 loss=-0.225225 valid=1.0000 routes=10.258 grad=2.1386 seconds=27.5
Epoch  254/5000: score=11.775111 loss=-0.223542 valid=1.0000 routes=10.537 grad=2.1732 seconds=26.2
Epoch  255/5000: score=12.362060 loss=-0.233073 valid=1.0000 routes=10.787 grad=2.3534 seconds=27.0
Epoch  256/5000: score=11.900250 loss=-0.225503 valid=1.0000 routes=10.134 grad=2.1409 seconds=26.3
Epoch  257/5000: score=11.160251 loss=-0.212509 valid=1.0000 routes=9.316 grad=1.9174 seconds=27.5
Epoch  258/5000: score=11.772099 loss=-0.230208 valid=1.0000 routes=10.077 grad=2.1627 seconds=27.3
Epoch  259/5000: score=11.809046 loss=-0.225694 valid=1.0000 routes=10.428 grad=2.1870 seconds=26.0
Epoch  260/5000: score=11.775099 loss=-0.227245 valid=1.0000 routes=10.367 grad=2.1767 seconds=26.0
Epoch  261/5000: score=11.476204 loss=-0.216027 valid=1.0000 routes=9.850 grad=2.0308 seconds=26.6
Epoch  262/5000: score=11.142071 loss=-0.228604 valid=1.0000 routes=9.235 grad=1.9621 seconds=27.5
Epoch  263/5000: score=11.483300 loss=-0.219816 valid=1.0000 routes=9.807 grad=2.0552 seconds=25.0
Epoch  264/5000: score=11.771248 loss=-0.223016 valid=1.0000 routes=9.659 grad=2.1443 seconds=21.7
Epoch  265/5000: score=12.038584 loss=-0.218947 valid=1.0000 routes=10.016 grad=2.1471 seconds=22.5
Epoch  266/5000: score=10.842531 loss=-0.209018 valid=1.0000 routes=9.770 grad=1.8998 seconds=24.8
Epoch  267/5000: score=11.760236 loss=-0.217147 valid=1.0000 routes=10.328 grad=2.1649 seconds=26.7
Epoch  268/5000: score=11.546663 loss=-0.206710 valid=1.0000 routes=10.198 grad=2.0610 seconds=26.8
Epoch  269/5000: score=11.464143 loss=-0.214602 valid=1.0000 routes=9.860 grad=2.0581 seconds=26.4
Epoch  270/5000: score=11.954624 loss=-0.231309 valid=1.0000 routes=10.310 grad=2.1859 seconds=26.2
Epoch  271/5000: score=11.990451 loss=-0.218609 valid=1.0000 routes=11.026 grad=2.1598 seconds=26.0
Epoch  272/5000: score=11.624875 loss=-0.217672 valid=1.0000 routes=9.882 grad=2.0841 seconds=27.4
Epoch  273/5000: score=11.026577 loss=-0.206208 valid=1.0000 routes=9.754 grad=1.9193 seconds=26.9
Epoch  274/5000: score=11.457501 loss=-0.216133 valid=1.0000 routes=10.173 grad=2.0235 seconds=26.3
Epoch  275/5000: score=11.312363 loss=-0.219642 valid=1.0000 routes=9.784 grad=1.9599 seconds=24.5
Epoch  276/5000: score=11.543838 loss=-0.219119 valid=1.0000 routes=9.524 grad=2.0826 seconds=24.9
Epoch  277/5000: score=11.697600 loss=-0.221768 valid=1.0000 routes=9.657 grad=2.0851 seconds=26.0
Epoch  278/5000: score=11.750679 loss=-0.223119 valid=1.0000 routes=9.955 grad=2.1532 seconds=27.1
Epoch  279/5000: score=11.202289 loss=-0.214715 valid=1.0000 routes=9.726 grad=1.9146 seconds=26.0
Epoch  280/5000: score=11.070760 loss=-0.216763 valid=1.0000 routes=9.391 grad=1.9608 seconds=25.9
Epoch  281/5000: score=11.474356 loss=-0.212618 valid=1.0000 routes=9.717 grad=1.9953 seconds=25.3
Epoch  282/5000: score=11.583986 loss=-0.220773 valid=1.0000 routes=9.521 grad=2.0610 seconds=27.4
Epoch  283/5000: score=11.644783 loss=-0.228842 valid=1.0000 routes=9.326 grad=2.0942 seconds=27.4
>> Invalid instances, Re-generating ...
Epoch  284/5000: score=11.506310 loss=-0.214343 valid=1.0000 routes=9.615 grad=2.0383 seconds=26.1
Epoch  285/5000: score=11.155842 loss=-0.217657 valid=1.0000 routes=9.655 grad=2.0312 seconds=26.3
Epoch  286/5000: score=11.329869 loss=-0.209771 valid=1.0000 routes=9.808 grad=1.9681 seconds=25.3
Epoch  287/5000: score=11.933576 loss=-0.222494 valid=1.0000 routes=9.928 grad=2.1919 seconds=27.6
Epoch  288/5000: score=11.958418 loss=-0.212291 valid=1.0000 routes=10.115 grad=2.1550 seconds=27.7
Epoch  289/5000: score=11.540974 loss=-0.206772 valid=1.0000 routes=10.015 grad=1.9973 seconds=26.0
Epoch  290/5000: score=11.473241 loss=-0.211896 valid=1.0000 routes=10.019 grad=2.0709 seconds=26.1
Epoch  291/5000: score=11.716116 loss=-0.214952 valid=1.0000 routes=10.042 grad=2.0811 seconds=26.3
Epoch  292/5000: score=11.033839 loss=-0.211546 valid=1.0000 routes=9.438 grad=1.9240 seconds=27.4
Epoch  293/5000: score=11.910009 loss=-0.215056 valid=1.0000 routes=10.419 grad=2.1831 seconds=27.5
Epoch  294/5000: score=11.450446 loss=-0.217241 valid=1.0000 routes=10.269 grad=2.0939 seconds=26.2
Epoch  295/5000: score=10.892726 loss=-0.213854 valid=1.0000 routes=9.141 grad=1.8882 seconds=26.3
Epoch  296/5000: score=11.747153 loss=-0.215526 valid=1.0000 routes=10.156 grad=2.1297 seconds=26.3
Epoch  297/5000: score=11.129671 loss=-0.212073 valid=1.0000 routes=9.655 grad=1.9130 seconds=27.1
Epoch  298/5000: score=11.695588 loss=-0.206210 valid=1.0000 routes=10.321 grad=2.0981 seconds=27.0
Epoch  299/5000: score=12.614391 loss=-0.224999 valid=1.0000 routes=10.421 grad=2.3274 seconds=25.7
Epoch  300/5000: score=12.003737 loss=-0.217192 valid=1.0000 routes=10.220 grad=2.1819 seconds=26.2
Epoch  301/5000: score=11.199844 loss=-0.215716 valid=1.0000 routes=9.913 grad=2.0142 seconds=26.7
Epoch  302/5000: score=11.110477 loss=-0.210101 valid=1.0000 routes=9.587 grad=1.9571 seconds=26.9
Epoch  303/5000: score=11.623491 loss=-0.219859 valid=1.0000 routes=10.143 grad=2.1243 seconds=27.0
Epoch  304/5000: score=11.529946 loss=-0.219459 valid=1.0000 routes=9.954 grad=2.0470 seconds=25.5
Epoch  305/5000: score=11.939398 loss=-0.216341 valid=1.0000 routes=10.151 grad=2.1182 seconds=25.3
Epoch  306/5000: score=11.205605 loss=-0.214520 valid=1.0000 routes=9.315 grad=1.9632 seconds=26.6
Epoch  307/5000: score=11.726008 loss=-0.210903 valid=1.0000 routes=9.631 grad=2.1423 seconds=27.1
Epoch  308/5000: score=11.520901 loss=-0.212391 valid=1.0000 routes=10.119 grad=2.0377 seconds=27.1
Epoch  309/5000: score=10.970284 loss=-0.206070 valid=1.0000 routes=9.477 grad=1.8921 seconds=26.4
Epoch  310/5000: score=10.850094 loss=-0.202719 valid=1.0000 routes=9.598 grad=1.9178 seconds=26.2
Epoch  311/5000: score=12.131197 loss=-0.222770 valid=1.0000 routes=10.144 grad=2.2363 seconds=26.7
Epoch  312/5000: score=11.565464 loss=-0.205359 valid=1.0000 routes=10.351 grad=2.0755 seconds=27.2
Epoch  313/5000: score=11.256256 loss=-0.205126 valid=1.0000 routes=9.892 grad=1.9947 seconds=27.0
Epoch  314/5000: score=11.650404 loss=-0.211994 valid=1.0000 routes=10.173 grad=2.1534 seconds=25.5
Epoch  315/5000: score=11.398502 loss=-0.212654 valid=1.0000 routes=9.793 grad=1.9849 seconds=26.4
Epoch  316/5000: score=11.470801 loss=-0.212014 valid=1.0000 routes=10.126 grad=2.1079 seconds=27.0
Epoch  317/5000: score=11.175112 loss=-0.209058 valid=1.0000 routes=9.561 grad=2.0036 seconds=27.8
Epoch  318/5000: score=11.367136 loss=-0.207244 valid=1.0000 routes=9.603 grad=1.9534 seconds=26.4
Epoch  319/5000: score=11.470991 loss=-0.212969 valid=1.0000 routes=9.897 grad=2.0510 seconds=25.7
Epoch  320/5000: score=11.613815 loss=-0.214231 valid=1.0000 routes=10.496 grad=2.0778 seconds=25.3
Epoch  321/5000: score=11.771009 loss=-0.220387 valid=1.0000 routes=10.169 grad=2.1433 seconds=25.8
Epoch  322/5000: score=10.974570 loss=-0.206681 valid=1.0000 routes=9.430 grad=1.8794 seconds=27.3
Epoch  323/5000: score=11.435285 loss=-0.204752 valid=1.0000 routes=9.629 grad=1.9814 seconds=26.9
Epoch  324/5000: score=11.115527 loss=-0.204261 valid=1.0000 routes=9.413 grad=1.9352 seconds=26.7
Epoch  325/5000: score=11.543409 loss=-0.213939 valid=1.0000 routes=10.574 grad=2.1618 seconds=26.0
Epoch  326/5000: score=11.224374 loss=-0.208638 valid=1.0000 routes=9.959 grad=1.9820 seconds=26.7
Epoch  327/5000: score=11.941353 loss=-0.212105 valid=1.0000 routes=9.995 grad=2.1211 seconds=27.5
Epoch  328/5000: score=11.071108 loss=-0.195606 valid=1.0000 routes=9.796 grad=1.8364 seconds=26.1
Epoch  329/5000: score=11.059357 loss=-0.214466 valid=1.0000 routes=9.341 grad=1.9597 seconds=25.6
Epoch  330/5000: score=11.692758 loss=-0.214945 valid=1.0000 routes=9.516 grad=2.1203 seconds=24.3
Epoch  331/5000: score=11.637142 loss=-0.226366 valid=1.0000 routes=10.308 grad=2.1371 seconds=26.3
Epoch  332/5000: score=11.291406 loss=-0.211349 valid=1.0000 routes=9.759 grad=1.9908 seconds=27.8
Epoch  333/5000: score=11.780035 loss=-0.221295 valid=1.0000 routes=10.470 grad=2.1036 seconds=26.8
Epoch  334/5000: score=11.671677 loss=-0.206324 valid=1.0000 routes=9.900 grad=1.9631 seconds=25.9
Epoch  335/5000: score=11.314186 loss=-0.214250 valid=1.0000 routes=10.075 grad=2.0209 seconds=26.3
Epoch  336/5000: score=11.286166 loss=-0.204196 valid=1.0000 routes=9.529 grad=1.8523 seconds=26.5
Epoch  337/5000: score=11.721306 loss=-0.208972 valid=1.0000 routes=10.620 grad=2.1620 seconds=27.7
>> Invalid instances, Re-generating ...
Epoch  338/5000: score=11.698748 loss=-0.200922 valid=1.0000 routes=10.242 grad=1.9865 seconds=26.5
Epoch  339/5000: score=11.328857 loss=-0.199875 valid=1.0000 routes=9.990 grad=1.9509 seconds=26.1
Epoch  340/5000: score=11.735519 loss=-0.200936 valid=1.0000 routes=10.389 grad=2.0958 seconds=26.3
Epoch  341/5000: score=11.096188 loss=-0.197154 valid=1.0000 routes=9.648 grad=1.9089 seconds=26.4
Epoch  342/5000: score=11.177739 loss=-0.202505 valid=1.0000 routes=9.776 grad=1.9414 seconds=27.4
Epoch  343/5000: score=12.084488 loss=-0.224569 valid=1.0000 routes=10.236 grad=2.2272 seconds=26.5
Epoch  344/5000: score=11.342197 loss=-0.201106 valid=1.0000 routes=10.750 grad=2.0065 seconds=26.1
Epoch  345/5000: score=11.566696 loss=-0.210675 valid=1.0000 routes=9.720 grad=2.0824 seconds=26.5
Epoch  346/5000: score=11.294027 loss=-0.211638 valid=1.0000 routes=9.526 grad=2.0069 seconds=27.1
Epoch  347/5000: score=11.634006 loss=-0.207804 valid=1.0000 routes=10.263 grad=2.1274 seconds=26.3
Epoch  348/5000: score=11.325748 loss=-0.208757 valid=1.0000 routes=9.288 grad=1.9754 seconds=25.6
Epoch  349/5000: score=11.978299 loss=-0.208891 valid=1.0000 routes=9.791 grad=2.1930 seconds=26.4
Epoch  350/5000: score=11.971614 loss=-0.201881 valid=1.0000 routes=10.442 grad=2.1517 seconds=26.2
Epoch  351/5000: score=11.461107 loss=-0.208938 valid=1.0000 routes=10.024 grad=2.0306 seconds=27.1
Epoch  352/5000: score=11.894712 loss=-0.205259 valid=1.0000 routes=9.941 grad=2.1117 seconds=27.6
Epoch  353/5000: score=11.324386 loss=-0.201920 valid=1.0000 routes=9.994 grad=2.0478 seconds=26.5
Epoch  354/5000: score=11.194727 loss=-0.208310 valid=1.0000 routes=9.998 grad=2.0320 seconds=25.0
Epoch  355/5000: score=11.628071 loss=-0.212998 valid=1.0000 routes=9.884 grad=2.0814 seconds=26.3
Epoch  356/5000: score=10.913042 loss=-0.201601 valid=1.0000 routes=9.523 grad=1.9070 seconds=27.2
Epoch  357/5000: score=11.487783 loss=-0.213649 valid=1.0000 routes=9.385 grad=2.0318 seconds=27.1
Epoch  358/5000: score=12.098577 loss=-0.211731 valid=1.0000 routes=10.759 grad=2.2474 seconds=26.3
Epoch  359/5000: score=11.445599 loss=-0.199671 valid=1.0000 routes=9.588 grad=1.9683 seconds=26.1
Epoch  360/5000: score=11.480345 loss=-0.213737 valid=1.0000 routes=9.591 grad=2.0477 seconds=26.4
Epoch  361/5000: score=11.251025 loss=-0.203845 valid=1.0000 routes=10.137 grad=1.9558 seconds=27.2
Epoch  362/5000: score=11.324572 loss=-0.203681 valid=1.0000 routes=9.784 grad=1.9919 seconds=27.4
Epoch  363/5000: score=11.266270 loss=-0.199349 valid=1.0000 routes=9.997 grad=1.9261 seconds=25.3
Epoch  364/5000: score=11.235804 loss=-0.203557 valid=1.0000 routes=10.024 grad=2.0003 seconds=23.8
Epoch  365/5000: score=11.904884 loss=-0.201273 valid=1.0000 routes=10.082 grad=2.1254 seconds=24.2
Epoch  366/5000: score=11.520891 loss=-0.207658 valid=1.0000 routes=9.590 grad=1.9985 seconds=26.3
Epoch  367/5000: score=11.512945 loss=-0.201403 valid=1.0000 routes=9.896 grad=2.0039 seconds=27.5
Epoch  368/5000: score=11.210072 loss=-0.206053 valid=1.0000 routes=9.699 grad=2.0063 seconds=26.7
Epoch  369/5000: score=11.024696 loss=-0.199646 valid=1.0000 routes=9.975 grad=1.9181 seconds=26.2
Epoch  370/5000: score=11.548574 loss=-0.209808 valid=1.0000 routes=10.072 grad=2.0879 seconds=26.2
Epoch  371/5000: score=11.891240 loss=-0.214380 valid=1.0000 routes=10.147 grad=2.1045 seconds=26.1
Epoch  372/5000: score=10.970349 loss=-0.198913 valid=1.0000 routes=9.397 grad=1.8459 seconds=27.5
Epoch  373/5000: score=11.649631 loss=-0.205847 valid=1.0000 routes=10.530 grad=2.0580 seconds=26.1
Epoch  374/5000: score=11.659193 loss=-0.202531 valid=1.0000 routes=10.174 grad=2.0306 seconds=26.1
Epoch  375/5000: score=11.922086 loss=-0.201897 valid=1.0000 routes=9.946 grad=2.2016 seconds=26.2
Epoch  376/5000: score=11.392866 loss=-0.197636 valid=1.0000 routes=9.895 grad=1.9884 seconds=24.7
Epoch  377/5000: score=11.709524 loss=-0.206239 valid=1.0000 routes=10.415 grad=2.0856 seconds=26.8
Epoch  378/5000: score=11.254164 loss=-0.207402 valid=1.0000 routes=9.487 grad=1.9590 seconds=25.6
Epoch  379/5000: score=11.479813 loss=-0.195732 valid=1.0000 routes=9.766 grad=1.9507 seconds=25.8
Epoch  380/5000: score=11.440198 loss=-0.192768 valid=1.0000 routes=10.006 grad=1.9811 seconds=26.3
Epoch  381/5000: score=11.373478 loss=-0.204301 valid=1.0000 routes=9.520 grad=2.0407 seconds=26.9
Epoch  382/5000: score=11.839511 loss=-0.200238 valid=1.0000 routes=10.167 grad=2.0817 seconds=27.6
Epoch  383/5000: score=12.040911 loss=-0.205150 valid=1.0000 routes=10.867 grad=2.2173 seconds=27.0
Epoch  384/5000: score=11.182832 loss=-0.202960 valid=1.0000 routes=9.662 grad=1.9018 seconds=26.8
Epoch  385/5000: score=11.431759 loss=-0.199857 valid=1.0000 routes=9.985 grad=1.9625 seconds=26.3
Epoch  386/5000: score=11.275642 loss=-0.205808 valid=1.0000 routes=9.848 grad=1.9601 seconds=26.9
Epoch  387/5000: score=11.069509 loss=-0.203714 valid=1.0000 routes=9.581 grad=1.9015 seconds=27.1
Epoch  388/5000: score=11.542951 loss=-0.198453 valid=1.0000 routes=9.639 grad=2.0027 seconds=26.5
Epoch  389/5000: score=11.210519 loss=-0.201143 valid=1.0000 routes=9.879 grad=1.9630 seconds=26.2
Epoch  390/5000: score=10.977252 loss=-0.195542 valid=1.0000 routes=9.815 grad=1.8557 seconds=24.7
Epoch  391/5000: score=11.102709 loss=-0.212655 valid=1.0000 routes=9.204 grad=2.0230 seconds=26.6
Epoch  392/5000: score=11.775376 loss=-0.206532 valid=1.0000 routes=10.354 grad=2.1094 seconds=27.1
Epoch  393/5000: score=11.852527 loss=-0.205273 valid=1.0000 routes=10.379 grad=2.1368 seconds=26.2
Epoch  394/5000: score=11.317303 loss=-0.195885 valid=1.0000 routes=9.707 grad=1.9375 seconds=25.9
Epoch  395/5000: score=11.327214 loss=-0.205777 valid=1.0000 routes=9.600 grad=1.9639 seconds=25.1
Epoch  396/5000: score=11.348795 loss=-0.199814 valid=1.0000 routes=9.741 grad=1.9773 seconds=26.6
Epoch  397/5000: score=11.646834 loss=-0.205034 valid=1.0000 routes=9.795 grad=2.0384 seconds=28.1
Epoch  398/5000: score=11.629269 loss=-0.199056 valid=1.0000 routes=9.833 grad=2.0073 seconds=26.3
Epoch  399/5000: score=11.101489 loss=-0.198075 valid=1.0000 routes=9.224 grad=1.8818 seconds=26.6
Epoch  400/5000: score=11.269285 loss=-0.198448 valid=1.0000 routes=9.595 grad=1.9636 seconds=26.0
Epoch  401/5000: score=11.375585 loss=-0.203296 valid=1.0000 routes=9.851 grad=1.9862 seconds=26.5
Epoch  402/5000: score=11.326851 loss=-0.198950 valid=1.0000 routes=10.298 grad=2.0046 seconds=27.7
Epoch  403/5000: score=11.389900 loss=-0.196267 valid=1.0000 routes=10.082 grad=2.0216 seconds=25.8
Epoch  404/5000: score=11.385703 loss=-0.195850 valid=1.0000 routes=9.982 grad=2.0047 seconds=26.2
Epoch  405/5000: score=11.757194 loss=-0.208335 valid=1.0000 routes=9.866 grad=2.1129 seconds=26.2
Epoch  406/5000: score=11.998919 loss=-0.207773 valid=1.0000 routes=9.586 grad=2.1310 seconds=27.3
Epoch  407/5000: score=11.873731 loss=-0.203271 valid=1.0000 routes=10.309 grad=2.0994 seconds=26.4
Epoch  408/5000: score=11.528146 loss=-0.194221 valid=1.0000 routes=9.948 grad=1.9997 seconds=24.5
Epoch  409/5000: score=11.503625 loss=-0.204331 valid=1.0000 routes=9.881 grad=1.9863 seconds=25.4
Epoch  410/5000: score=10.944237 loss=-0.198335 valid=1.0000 routes=9.190 grad=1.8798 seconds=25.4
Epoch  411/5000: score=11.346788 loss=-0.203793 valid=1.0000 routes=9.867 grad=2.0373 seconds=27.1
Epoch  412/5000: score=11.387054 loss=-0.194840 valid=1.0000 routes=10.268 grad=1.9578 seconds=27.7
Epoch  413/5000: score=11.529718 loss=-0.198531 valid=1.0000 routes=10.035 grad=2.0378 seconds=25.8
Epoch  414/5000: score=11.749457 loss=-0.208889 valid=1.0000 routes=10.424 grad=2.0882 seconds=24.3
Epoch  415/5000: score=11.501349 loss=-0.195980 valid=1.0000 routes=10.233 grad=2.0353 seconds=24.7
Epoch  416/5000: score=11.516936 loss=-0.204543 valid=1.0000 routes=10.090 grad=2.0263 seconds=26.8
Epoch  417/5000: score=11.611066 loss=-0.210838 valid=1.0000 routes=9.678 grad=2.0432 seconds=27.6
Epoch  418/5000: score=11.531637 loss=-0.198323 valid=1.0000 routes=10.345 grad=2.0323 seconds=26.2
Epoch  419/5000: score=10.950196 loss=-0.196490 valid=1.0000 routes=9.562 grad=1.8022 seconds=25.9
Epoch  420/5000: score=11.387094 loss=-0.196997 valid=1.0000 routes=9.870 grad=1.9270 seconds=25.1
Epoch  421/5000: score=11.757325 loss=-0.207605 valid=1.0000 routes=9.757 grad=2.0961 seconds=25.7
Epoch  422/5000: score=11.304841 loss=-0.205202 valid=1.0000 routes=9.716 grad=1.9989 seconds=26.7
Epoch  423/5000: score=11.170024 loss=-0.203260 valid=1.0000 routes=9.580 grad=1.9876 seconds=26.2
Epoch  424/5000: score=11.813480 loss=-0.201294 valid=1.0000 routes=10.018 grad=2.1267 seconds=26.1
Epoch  425/5000: score=11.518514 loss=-0.205449 valid=1.0000 routes=9.666 grad=1.9892 seconds=26.2
Epoch  426/5000: score=11.404191 loss=-0.201868 valid=1.0000 routes=9.618 grad=1.9867 seconds=25.7
Epoch  427/5000: score=10.950149 loss=-0.205117 valid=1.0000 routes=9.293 grad=1.8831 seconds=26.8
Epoch  428/5000: score=12.154876 loss=-0.207988 valid=1.0000 routes=10.446 grad=2.2206 seconds=26.1
Epoch  429/5000: score=11.265875 loss=-0.206820 valid=1.0000 routes=9.484 grad=1.9570 seconds=25.5
Epoch  430/5000: score=11.369671 loss=-0.200881 valid=1.0000 routes=10.110 grad=1.9850 seconds=25.7
Epoch  431/5000: score=11.583436 loss=-0.198901 valid=1.0000 routes=10.206 grad=2.0176 seconds=26.3
Epoch  432/5000: score=11.199495 loss=-0.207649 valid=1.0000 routes=9.935 grad=2.0348 seconds=28.0
Epoch  433/5000: score=11.447467 loss=-0.198915 valid=1.0000 routes=10.157 grad=2.0316 seconds=26.8
Epoch  434/5000: score=11.634495 loss=-0.206836 valid=1.0000 routes=9.934 grad=2.0648 seconds=26.4
Epoch  435/5000: score=11.307470 loss=-0.196644 valid=1.0000 routes=9.581 grad=1.9258 seconds=23.9
Epoch  436/5000: score=11.528918 loss=-0.192496 valid=1.0000 routes=10.067 grad=1.9647 seconds=26.2
Epoch  437/5000: score=11.250235 loss=-0.188473 valid=1.0000 routes=10.151 grad=1.8874 seconds=27.5
Epoch  438/5000: score=10.980144 loss=-0.192619 valid=1.0000 routes=8.909 grad=1.7845 seconds=27.2
Epoch  439/5000: score=11.283968 loss=-0.203030 valid=1.0000 routes=10.058 grad=2.0412 seconds=26.3
Epoch  440/5000: score=12.379452 loss=-0.208354 valid=1.0000 routes=10.638 grad=2.2787 seconds=25.4
Epoch  441/5000: score=11.480244 loss=-0.196132 valid=1.0000 routes=10.298 grad=2.0256 seconds=25.5
Epoch  442/5000: score=11.210142 loss=-0.195406 valid=1.0000 routes=9.736 grad=1.9220 seconds=26.8
Epoch  443/5000: score=11.716962 loss=-0.207641 valid=1.0000 routes=9.879 grad=2.0905 seconds=26.7
Epoch  444/5000: score=11.333361 loss=-0.196429 valid=1.0000 routes=10.079 grad=1.9480 seconds=26.4
Epoch  445/5000: score=11.310330 loss=-0.193180 valid=1.0000 routes=10.043 grad=1.9933 seconds=25.7
Epoch  446/5000: score=11.515663 loss=-0.194359 valid=1.0000 routes=10.175 grad=2.0103 seconds=25.9
Epoch  447/5000: score=11.444876 loss=-0.205284 valid=1.0000 routes=10.106 grad=2.1025 seconds=27.1
Epoch  448/5000: score=11.735925 loss=-0.204239 valid=1.0000 routes=9.739 grad=2.0609 seconds=27.4
Epoch  449/5000: score=11.874903 loss=-0.208198 valid=1.0000 routes=9.780 grad=2.1192 seconds=25.1
Epoch  450/5000: score=11.531421 loss=-0.186023 valid=1.0000 routes=10.012 grad=1.9894 seconds=23.8
Epoch  451/5000: score=11.464969 loss=-0.191965 valid=1.0000 routes=9.738 grad=1.9782 seconds=23.8
Epoch  452/5000: score=11.793314 loss=-0.200722 valid=1.0000 routes=10.095 grad=2.1169 seconds=25.6
Epoch  453/5000: score=11.587074 loss=-0.205553 valid=1.0000 routes=9.533 grad=2.0852 seconds=25.8
Epoch  454/5000: score=11.969217 loss=-0.204406 valid=1.0000 routes=10.539 grad=2.1694 seconds=25.8
Epoch  455/5000: score=11.437187 loss=-0.205142 valid=1.0000 routes=10.016 grad=2.0032 seconds=26.1
Epoch  456/5000: score=11.476539 loss=-0.196430 valid=1.0000 routes=9.967 grad=2.0388 seconds=25.9
Epoch  457/5000: score=11.448342 loss=-0.193489 valid=1.0000 routes=10.158 grad=2.0294 seconds=24.5
Epoch  458/5000: score=11.688012 loss=-0.191588 valid=1.0000 routes=10.065 grad=1.9234 seconds=27.1
Epoch  459/5000: score=11.538337 loss=-0.197718 valid=1.0000 routes=10.318 grad=2.0314 seconds=26.7
Epoch  460/5000: score=11.445497 loss=-0.198236 valid=1.0000 routes=9.202 grad=1.9652 seconds=26.2
Epoch  461/5000: score=11.688897 loss=-0.194479 valid=1.0000 routes=9.959 grad=2.0547 seconds=24.6
Epoch  462/5000: score=11.038894 loss=-0.198452 valid=1.0000 routes=9.770 grad=1.9724 seconds=24.6
Epoch  463/5000: score=11.342609 loss=-0.205937 valid=1.0000 routes=9.453 grad=1.9603 seconds=27.7
Epoch  464/5000: score=11.356068 loss=-0.208190 valid=1.0000 routes=9.248 grad=1.9580 seconds=27.4
Epoch  465/5000: score=11.800324 loss=-0.203245 valid=1.0000 routes=9.885 grad=2.0287 seconds=25.7
Epoch  466/5000: score=11.573408 loss=-0.189638 valid=1.0000 routes=10.375 grad=2.0931 seconds=26.3
Epoch  467/5000: score=11.721147 loss=-0.205159 valid=1.0000 routes=10.001 grad=2.1387 seconds=26.8
Epoch  468/5000: score=11.984059 loss=-0.197793 valid=1.0000 routes=10.612 grad=2.1603 seconds=27.9
Epoch  469/5000: score=11.633631 loss=-0.191280 valid=1.0000 routes=10.440 grad=2.0912 seconds=27.3
Epoch  470/5000: score=12.636237 loss=-0.211079 valid=1.0000 routes=10.570 grad=2.2730 seconds=26.1
Epoch  471/5000: score=12.072697 loss=-0.195503 valid=1.0000 routes=10.026 grad=2.1115 seconds=26.2
Epoch  472/5000: score=11.420510 loss=-0.191175 valid=1.0000 routes=9.768 grad=1.9049 seconds=26.2
Epoch  473/5000: score=11.453281 loss=-0.184881 valid=1.0000 routes=9.682 grad=1.9033 seconds=26.5
Epoch  474/5000: score=11.310923 loss=-0.184765 valid=1.0000 routes=9.738 grad=1.8469 seconds=27.5
Epoch  475/5000: score=11.523873 loss=-0.202476 valid=1.0000 routes=9.484 grad=1.9922 seconds=26.3
Epoch  476/5000: score=11.687379 loss=-0.195108 valid=1.0000 routes=9.845 grad=2.0891 seconds=26.6
Epoch  477/5000: score=11.461244 loss=-0.206331 valid=1.0000 routes=9.583 grad=2.0679 seconds=26.5
Epoch  478/5000: score=10.800094 loss=-0.190638 valid=1.0000 routes=8.674 grad=1.7647 seconds=27.4
Epoch  479/5000: score=11.399797 loss=-0.195109 valid=1.0000 routes=10.051 grad=2.0263 seconds=27.6
Epoch  480/5000: score=11.768378 loss=-0.190128 valid=1.0000 routes=10.235 grad=2.0256 seconds=26.2
Epoch  481/5000: score=12.207215 loss=-0.193833 valid=1.0000 routes=10.780 grad=2.1583 seconds=26.0
Epoch  482/5000: score=10.945472 loss=-0.188233 valid=1.0000 routes=9.904 grad=1.8774 seconds=24.1
Epoch  483/5000: score=11.259649 loss=-0.190734 valid=1.0000 routes=9.197 grad=1.8804 seconds=26.3
Epoch  484/5000: score=11.148688 loss=-0.185660 valid=1.0000 routes=10.007 grad=1.9629 seconds=27.6
Epoch  485/5000: score=11.771900 loss=-0.190185 valid=1.0000 routes=10.691 grad=2.1313 seconds=26.3
Epoch  486/5000: score=11.685360 loss=-0.205064 valid=1.0000 routes=10.188 grad=2.0721 seconds=25.1
Epoch  487/5000: score=11.665909 loss=-0.207573 valid=1.0000 routes=10.163 grad=2.1202 seconds=24.4
Epoch  488/5000: score=11.410027 loss=-0.193546 valid=1.0000 routes=10.080 grad=2.0172 seconds=25.1
Epoch  489/5000: score=11.348364 loss=-0.199679 valid=1.0000 routes=9.847 grad=1.9165 seconds=27.4
Epoch  490/5000: score=11.790468 loss=-0.194172 valid=1.0000 routes=10.065 grad=2.1123 seconds=26.8
Epoch  491/5000: score=11.207147 loss=-0.199848 valid=1.0000 routes=9.512 grad=1.9119 seconds=26.4
Epoch  492/5000: score=11.540590 loss=-0.185455 valid=1.0000 routes=10.422 grad=1.9603 seconds=26.1
Epoch  493/5000: score=11.645768 loss=-0.201881 valid=1.0000 routes=10.037 grad=2.0713 seconds=26.7
Epoch  494/5000: score=11.657612 loss=-0.196244 valid=1.0000 routes=10.054 grad=2.0496 seconds=27.6
Epoch  495/5000: score=11.324565 loss=-0.201565 valid=1.0000 routes=9.741 grad=2.0028 seconds=27.1
Epoch  496/5000: score=11.817561 loss=-0.205323 valid=1.0000 routes=10.016 grad=2.1130 seconds=26.5
Epoch  497/5000: score=11.671948 loss=-0.198337 valid=1.0000 routes=10.125 grad=2.0643 seconds=26.0
Epoch  498/5000: score=11.779322 loss=-0.200495 valid=1.0000 routes=9.527 grad=2.0461 seconds=26.4
Epoch  499/5000: score=11.726923 loss=-0.186104 valid=1.0000 routes=10.683 grad=2.0851 seconds=27.4
Epoch  500/5000: score=11.249242 loss=-0.198045 valid=1.0000 routes=9.542 grad=1.9253 seconds=27.3
Epoch  501/5000: score=11.685764 loss=-0.194700 valid=1.0000 routes=10.435 grad=2.1038 seconds=26.1
Epoch  502/5000: score=11.153909 loss=-0.182730 valid=1.0000 routes=9.844 grad=1.8717 seconds=26.3
Epoch  503/5000: score=11.995174 loss=-0.198453 valid=1.0000 routes=10.603 grad=2.1620 seconds=26.6
Epoch  504/5000: score=11.651757 loss=-0.197531 valid=1.0000 routes=9.790 grad=2.0126 seconds=27.8
Epoch  505/5000: score=12.077260 loss=-0.206208 valid=1.0000 routes=10.014 grad=2.1159 seconds=26.9
Epoch  506/5000: score=11.178755 loss=-0.203280 valid=1.0000 routes=9.476 grad=1.9598 seconds=26.2
Epoch  507/5000: score=11.676041 loss=-0.190549 valid=1.0000 routes=10.522 grad=2.0706 seconds=26.3
Epoch  508/5000: score=11.522750 loss=-0.191919 valid=1.0000 routes=10.340 grad=2.0173 seconds=26.4
Epoch  509/5000: score=11.474812 loss=-0.192797 valid=1.0000 routes=10.228 grad=1.9548 seconds=27.4
Epoch  510/5000: score=11.549991 loss=-0.188423 valid=1.0000 routes=10.505 grad=2.0455 seconds=26.9
Epoch  511/5000: score=11.755089 loss=-0.191221 valid=1.0000 routes=9.978 grad=2.0912 seconds=24.7
Epoch  512/5000: score=11.788685 loss=-0.190832 valid=1.0000 routes=10.707 grad=2.0688 seconds=25.3
Epoch  513/5000: score=11.641085 loss=-0.196707 valid=1.0000 routes=9.814 grad=2.0577 seconds=23.7
Epoch  514/5000: score=11.419796 loss=-0.194412 valid=1.0000 routes=9.716 grad=2.0507 seconds=26.9
Epoch  515/5000: score=11.755825 loss=-0.189435 valid=1.0000 routes=9.948 grad=2.0014 seconds=26.3
Epoch  516/5000: score=11.461350 loss=-0.189940 valid=1.0000 routes=9.862 grad=1.9452 seconds=25.0
Epoch  517/5000: score=10.815677 loss=-0.191187 valid=1.0000 routes=9.524 grad=1.8761 seconds=25.1
Epoch  518/5000: score=11.604548 loss=-0.193210 valid=1.0000 routes=10.245 grad=2.0405 seconds=24.2
Epoch  519/5000: score=11.582836 loss=-0.193870 valid=1.0000 routes=9.918 grad=1.9918 seconds=27.2
Epoch  520/5000: score=11.808020 loss=-0.195445 valid=1.0000 routes=9.880 grad=2.0940 seconds=27.7
Epoch  521/5000: score=11.274633 loss=-0.195626 valid=1.0000 routes=9.506 grad=1.9985 seconds=27.0
Epoch  522/5000: score=11.633227 loss=-0.197941 valid=1.0000 routes=9.541 grad=2.0030 seconds=26.1
Epoch  523/5000: score=11.525088 loss=-0.191726 valid=1.0000 routes=10.619 grad=2.0714 seconds=26.6
Epoch  524/5000: score=11.698949 loss=-0.188491 valid=1.0000 routes=9.909 grad=2.0141 seconds=26.8
Epoch  525/5000: score=11.832167 loss=-0.196571 valid=1.0000 routes=10.224 grad=2.1327 seconds=27.5
Epoch  526/5000: score=11.043561 loss=-0.189903 valid=1.0000 routes=10.112 grad=1.9852 seconds=26.6
Epoch  527/5000: score=11.354064 loss=-0.196909 valid=1.0000 routes=9.804 grad=1.9979 seconds=26.3
Epoch  528/5000: score=11.422757 loss=-0.192195 valid=1.0000 routes=9.532 grad=1.9937 seconds=26.3
Epoch  529/5000: score=11.477871 loss=-0.177999 valid=1.0000 routes=9.960 grad=1.9106 seconds=24.7
Epoch  530/5000: score=11.776266 loss=-0.202014 valid=1.0000 routes=9.200 grad=2.0280 seconds=27.2
Epoch  531/5000: score=11.898929 loss=-0.188083 valid=1.0000 routes=10.503 grad=2.0902 seconds=26.5
Epoch  532/5000: score=12.033805 loss=-0.196497 valid=1.0000 routes=10.336 grad=2.1786 seconds=24.8
Epoch  533/5000: score=11.565749 loss=-0.195088 valid=1.0000 routes=9.991 grad=2.0264 seconds=26.1
Epoch  534/5000: score=11.014607 loss=-0.190262 valid=1.0000 routes=9.778 grad=1.8913 seconds=25.8
Epoch  535/5000: score=11.316517 loss=-0.201346 valid=1.0000 routes=9.663 grad=1.9903 seconds=26.9
Epoch  536/5000: score=11.701307 loss=-0.195944 valid=1.0000 routes=10.231 grad=2.0639 seconds=25.7
Epoch  537/5000: score=11.386168 loss=-0.196133 valid=1.0000 routes=9.417 grad=1.9706 seconds=25.4
Epoch  538/5000: score=11.358730 loss=-0.189013 valid=1.0000 routes=9.821 grad=1.9167 seconds=26.0
Epoch  539/5000: score=11.382346 loss=-0.197172 valid=1.0000 routes=10.046 grad=2.0311 seconds=25.1
Epoch  540/5000: score=11.502636 loss=-0.190013 valid=1.0000 routes=9.600 grad=1.9178 seconds=26.0
Epoch  541/5000: score=11.682995 loss=-0.193994 valid=1.0000 routes=9.918 grad=2.0815 seconds=26.9
Epoch  542/5000: score=11.657879 loss=-0.194750 valid=1.0000 routes=9.510 grad=2.0082 seconds=26.2
Epoch  543/5000: score=11.245430 loss=-0.187679 valid=1.0000 routes=10.202 grad=1.9824 seconds=26.2
Epoch  544/5000: score=11.663723 loss=-0.195294 valid=1.0000 routes=9.810 grad=2.0391 seconds=26.2
Epoch  545/5000: score=11.317256 loss=-0.187767 valid=1.0000 routes=9.365 grad=1.9174 seconds=26.1
Epoch  546/5000: score=11.718228 loss=-0.190456 valid=1.0000 routes=10.306 grad=2.0340 seconds=26.5
Epoch  547/5000: score=11.385637 loss=-0.196224 valid=1.0000 routes=9.485 grad=1.9275 seconds=26.5
Epoch  548/5000: score=11.997798 loss=-0.190102 valid=1.0000 routes=10.908 grad=2.1595 seconds=26.3
Epoch  549/5000: score=11.045316 loss=-0.190701 valid=1.0000 routes=9.295 grad=1.8859 seconds=26.2
Epoch  550/5000: score=11.957553 loss=-0.198044 valid=1.0000 routes=10.459 grad=2.1482 seconds=27.3
Epoch  551/5000: score=12.059514 loss=-0.200892 valid=1.0000 routes=10.255 grad=2.1663 seconds=27.4
Epoch  552/5000: score=11.690608 loss=-0.193145 valid=1.0000 routes=9.962 grad=2.0445 seconds=26.3
Epoch  553/5000: score=11.306323 loss=-0.190089 valid=1.0000 routes=10.049 grad=1.9925 seconds=26.5
Epoch  554/5000: score=11.473692 loss=-0.197202 valid=1.0000 routes=10.029 grad=2.0499 seconds=26.2
Epoch  555/5000: score=11.354492 loss=-0.193980 valid=1.0000 routes=9.762 grad=1.9922 seconds=27.8
Epoch  556/5000: score=11.117713 loss=-0.184289 valid=1.0000 routes=9.398 grad=1.8991 seconds=27.7
Epoch  557/5000: score=11.528810 loss=-0.197300 valid=1.0000 routes=10.566 grad=2.0748 seconds=26.2
Epoch  558/5000: score=11.232741 loss=-0.190998 valid=1.0000 routes=9.842 grad=1.9358 seconds=26.3
Epoch  559/5000: score=11.321557 loss=-0.195574 valid=1.0000 routes=9.271 grad=1.8991 seconds=26.3
Epoch  560/5000: score=12.244751 loss=-0.205145 valid=1.0000 routes=10.510 grad=2.2106 seconds=27.0
Epoch  561/5000: score=11.218164 loss=-0.189431 valid=1.0000 routes=9.859 grad=1.9302 seconds=27.0
Epoch  562/5000: score=11.006189 loss=-0.181484 valid=1.0000 routes=9.633 grad=1.8440 seconds=26.7
Epoch  563/5000: score=11.208019 loss=-0.184152 valid=1.0000 routes=10.029 grad=1.9132 seconds=26.3
Epoch  564/5000: score=10.939493 loss=-0.183917 valid=1.0000 routes=9.987 grad=1.8623 seconds=25.0
Epoch  565/5000: score=11.635650 loss=-0.192527 valid=1.0000 routes=10.372 grad=2.0737 seconds=26.7
Epoch  566/5000: score=11.576216 loss=-0.195098 valid=1.0000 routes=9.965 grad=2.0253 seconds=27.3
Epoch  567/5000: score=11.595683 loss=-0.185214 valid=1.0000 routes=10.197 grad=1.9824 seconds=25.4
Epoch  568/5000: score=11.856522 loss=-0.196542 valid=1.0000 routes=10.537 grad=2.1308 seconds=24.6
Epoch  569/5000: score=11.559201 loss=-0.195348 valid=1.0000 routes=9.686 grad=2.0101 seconds=24.5
Epoch  570/5000: score=11.685146 loss=-0.188650 valid=1.0000 routes=9.843 grad=1.9589 seconds=25.4
Epoch  571/5000: score=11.224949 loss=-0.190322 valid=1.0000 routes=9.698 grad=2.0262 seconds=27.7
Epoch  572/5000: score=11.044401 loss=-0.190446 valid=1.0000 routes=8.950 grad=1.7944 seconds=26.4
Epoch  573/5000: score=11.252734 loss=-0.181937 valid=1.0000 routes=9.926 grad=1.8739 seconds=25.0
Epoch  574/5000: score=10.935197 loss=-0.188099 valid=1.0000 routes=9.710 grad=1.9240 seconds=27.5
Epoch  575/5000: score=11.092602 loss=-0.181389 valid=1.0000 routes=9.711 grad=1.8593 seconds=26.7
Epoch  576/5000: score=11.643335 loss=-0.195943 valid=1.0000 routes=10.085 grad=2.0696 seconds=27.6
Epoch  577/5000: score=11.453509 loss=-0.193656 valid=1.0000 routes=10.087 grad=2.0175 seconds=26.7
Epoch  578/5000: score=11.842053 loss=-0.198388 valid=1.0000 routes=10.202 grad=2.1364 seconds=26.2
Epoch  579/5000: score=10.735647 loss=-0.186068 valid=1.0000 routes=9.334 grad=1.8182 seconds=27.7
Epoch  580/5000: score=11.003805 loss=-0.190378 valid=1.0000 routes=9.987 grad=1.9987 seconds=25.6
Epoch  581/5000: score=12.059669 loss=-0.197882 valid=1.0000 routes=10.039 grad=2.1620 seconds=27.1
Epoch  582/5000: score=11.732707 loss=-0.197879 valid=1.0000 routes=10.192 grad=2.0731 seconds=28.1
Epoch  583/5000: score=11.869084 loss=-0.191303 valid=1.0000 routes=9.972 grad=2.0712 seconds=26.3
Epoch  584/5000: score=11.133187 loss=-0.193952 valid=1.0000 routes=8.978 grad=1.8865 seconds=26.3
Epoch  585/5000: score=11.027004 loss=-0.188425 valid=1.0000 routes=9.798 grad=1.9415 seconds=26.5
Epoch  586/5000: score=12.178378 loss=-0.193656 valid=1.0000 routes=11.046 grad=2.2078 seconds=27.4
Epoch  587/5000: score=11.265871 loss=-0.180361 valid=1.0000 routes=9.625 grad=1.9401 seconds=27.5
Epoch  588/5000: score=11.262268 loss=-0.189022 valid=1.0000 routes=9.599 grad=1.8646 seconds=29.1
Epoch  589/5000: score=11.641902 loss=-0.196789 valid=1.0000 routes=9.809 grad=2.0807 seconds=25.0
Epoch  590/5000: score=10.949445 loss=-0.185243 valid=1.0000 routes=9.188 grad=1.7967 seconds=23.8
Epoch  591/5000: score=11.480019 loss=-0.184227 valid=1.0000 routes=9.917 grad=2.0064 seconds=26.8
Epoch  592/5000: score=11.446814 loss=-0.190105 valid=1.0000 routes=9.708 grad=1.9661 seconds=26.1
Epoch  593/5000: score=11.420938 loss=-0.177000 valid=1.0000 routes=10.095 grad=1.9349 seconds=25.5
Epoch  594/5000: score=11.765870 loss=-0.188627 valid=1.0000 routes=10.229 grad=1.9887 seconds=25.8
Epoch  595/5000: score=11.431524 loss=-0.188677 valid=1.0000 routes=10.175 grad=2.0123 seconds=26.2
Epoch  596/5000: score=12.159410 loss=-0.196939 valid=1.0000 routes=10.438 grad=2.2422 seconds=27.5
Epoch  597/5000: score=11.466295 loss=-0.192192 valid=1.0000 routes=9.850 grad=1.9888 seconds=27.6
Epoch  598/5000: score=11.553765 loss=-0.189179 valid=1.0000 routes=10.043 grad=2.0300 seconds=26.3
Epoch  599/5000: score=11.211757 loss=-0.183549 valid=1.0000 routes=9.570 grad=1.9408 seconds=26.3
Epoch  600/5000: score=11.827524 loss=-0.198548 valid=1.0000 routes=9.365 grad=2.0471 seconds=26.3
Epoch  601/5000: score=11.541739 loss=-0.179166 valid=1.0000 routes=9.744 grad=1.9717 seconds=27.6
Epoch  602/5000: score=11.544417 loss=-0.190608 valid=1.0000 routes=9.566 grad=1.9391 seconds=27.6
Epoch  603/5000: score=11.604090 loss=-0.183651 valid=1.0000 routes=9.901 grad=1.9189 seconds=28.1
Epoch  604/5000: score=11.818179 loss=-0.189973 valid=1.0000 routes=9.876 grad=2.0361 seconds=25.9
Epoch  605/5000: score=11.600807 loss=-0.182684 valid=1.0000 routes=9.756 grad=1.9330 seconds=25.9
Epoch  606/5000: score=11.428404 loss=-0.189811 valid=1.0000 routes=9.496 grad=1.9459 seconds=27.1
Epoch  607/5000: score=11.340386 loss=-0.183454 valid=1.0000 routes=10.486 grad=2.0052 seconds=28.9
Epoch  608/5000: score=11.872751 loss=-0.184901 valid=1.0000 routes=10.475 grad=2.0511 seconds=26.1
Epoch  609/5000: score=11.353527 loss=-0.189541 valid=1.0000 routes=9.860 grad=2.0103 seconds=26.1
Epoch  610/5000: score=11.270212 loss=-0.195965 valid=1.0000 routes=9.572 grad=1.9806 seconds=27.1
Epoch  611/5000: score=11.506973 loss=-0.191322 valid=1.0000 routes=9.823 grad=1.9883 seconds=29.6
Epoch  612/5000: score=11.728988 loss=-0.186199 valid=1.0000 routes=9.983 grad=2.0165 seconds=27.3
Epoch  613/5000: score=12.210419 loss=-0.193397 valid=1.0000 routes=10.035 grad=2.1462 seconds=26.2
Epoch  614/5000: score=11.306899 loss=-0.189211 valid=1.0000 routes=9.752 grad=1.9317 seconds=26.4
Epoch  615/5000: score=11.414799 loss=-0.195302 valid=1.0000 routes=9.704 grad=1.9244 seconds=25.1
>> Invalid instances, Re-generating ...
Epoch  616/5000: score=11.155088 loss=-0.186745 valid=1.0000 routes=9.610 grad=1.9750 seconds=26.2
Epoch  617/5000: score=11.844814 loss=-0.196102 valid=1.0000 routes=9.683 grad=2.0611 seconds=26.3
Epoch  618/5000: score=11.557919 loss=-0.182275 valid=1.0000 routes=9.465 grad=1.9640 seconds=26.5
Epoch  619/5000: score=11.493888 loss=-0.190381 valid=1.0000 routes=9.244 grad=1.9326 seconds=26.5
Epoch  620/5000: score=10.954540 loss=-0.182790 valid=1.0000 routes=9.422 grad=1.8373 seconds=26.2
Epoch  621/5000: score=11.929003 loss=-0.196962 valid=1.0000 routes=10.576 grad=2.1937 seconds=26.6
Epoch  622/5000: score=11.265789 loss=-0.176671 valid=1.0000 routes=10.148 grad=1.9868 seconds=27.4
Epoch  623/5000: score=11.664426 loss=-0.201203 valid=1.0000 routes=9.582 grad=2.0883 seconds=26.9
Epoch  624/5000: score=11.632274 loss=-0.188371 valid=1.0000 routes=9.763 grad=1.9716 seconds=26.1
Epoch  625/5000: score=11.653427 loss=-0.188205 valid=1.0000 routes=10.066 grad=2.0524 seconds=26.3
Epoch  626/5000: score=11.161571 loss=-0.186833 valid=1.0000 routes=9.208 grad=1.9101 seconds=26.7
Epoch  627/5000: score=11.831228 loss=-0.186353 valid=1.0000 routes=10.005 grad=2.0333 seconds=27.6
Epoch  628/5000: score=11.531645 loss=-0.186664 valid=1.0000 routes=10.264 grad=2.0110 seconds=26.7
Epoch  629/5000: score=12.205477 loss=-0.188367 valid=1.0000 routes=10.027 grad=2.1530 seconds=26.3
Epoch  630/5000: score=11.298224 loss=-0.190819 valid=1.0000 routes=9.453 grad=1.9728 seconds=26.5
Epoch  631/5000: score=11.458732 loss=-0.191284 valid=1.0000 routes=10.239 grad=2.0374 seconds=26.7
Epoch  632/5000: score=11.609353 loss=-0.179507 valid=1.0000 routes=10.659 grad=2.0323 seconds=27.2
Epoch  633/5000: score=11.489160 loss=-0.189114 valid=1.0000 routes=9.648 grad=1.9954 seconds=26.9
Epoch  634/5000: score=11.010371 loss=-0.189007 valid=1.0000 routes=8.663 grad=1.8143 seconds=26.4
Epoch  635/5000: score=11.995482 loss=-0.187022 valid=1.0000 routes=10.407 grad=2.0679 seconds=26.3
Epoch  636/5000: score=11.176017 loss=-0.182465 valid=1.0000 routes=9.539 grad=1.8776 seconds=26.7
Epoch  637/5000: score=11.546197 loss=-0.188300 valid=1.0000 routes=9.756 grad=2.0487 seconds=27.3
Epoch  638/5000: score=11.808197 loss=-0.195407 valid=1.0000 routes=10.486 grad=2.1488 seconds=24.1
Epoch  639/5000: score=11.702737 loss=-0.184688 valid=1.0000 routes=9.711 grad=2.0296 seconds=25.1
Epoch  640/5000: score=11.690518 loss=-0.185993 valid=1.0000 routes=9.867 grad=2.0469 seconds=25.3
Epoch  641/5000: score=11.502535 loss=-0.186411 valid=1.0000 routes=10.171 grad=2.0847 seconds=26.0
Epoch  642/5000: score=11.644903 loss=-0.182624 valid=1.0000 routes=10.177 grad=2.1277 seconds=27.3
Epoch  643/5000: score=11.485556 loss=-0.186052 valid=1.0000 routes=9.796 grad=2.0200 seconds=27.5
Epoch  644/5000: score=11.388173 loss=-0.182766 valid=1.0000 routes=10.148 grad=2.0355 seconds=26.3
Epoch  645/5000: score=11.555855 loss=-0.187710 valid=1.0000 routes=10.009 grad=1.9732 seconds=26.2
Epoch  646/5000: score=11.713532 loss=-0.191248 valid=1.0000 routes=9.973 grad=2.0368 seconds=25.3
Epoch  647/5000: score=11.061272 loss=-0.185214 valid=1.0000 routes=10.036 grad=1.9259 seconds=25.8
Epoch  648/5000: score=11.477899 loss=-0.182621 valid=1.0000 routes=9.899 grad=1.9490 seconds=27.1
Epoch  649/5000: score=11.740680 loss=-0.191747 valid=1.0000 routes=10.572 grad=2.1014 seconds=26.1
Epoch  650/5000: score=11.564934 loss=-0.182499 valid=1.0000 routes=10.515 grad=2.1324 seconds=26.4
Epoch  651/5000: score=11.308164 loss=-0.179086 valid=1.0000 routes=9.313 grad=1.8805 seconds=26.5
>> Invalid instances, Re-generating ...
Epoch  652/5000: score=11.320302 loss=-0.178977 valid=1.0000 routes=9.362 grad=1.8759 seconds=27.1
Epoch  653/5000: score=11.274299 loss=-0.185975 valid=1.0000 routes=9.595 grad=1.9759 seconds=27.3
Epoch  654/5000: score=12.607060 loss=-0.193948 valid=1.0000 routes=10.328 grad=2.2819 seconds=26.2
Epoch  655/5000: score=11.460376 loss=-0.178400 valid=1.0000 routes=9.760 grad=1.9115 seconds=26.1
Epoch  656/5000: score=11.246125 loss=-0.180771 valid=1.0000 routes=9.614 grad=1.9078 seconds=26.3
Epoch  657/5000: score=11.696879 loss=-0.190328 valid=1.0000 routes=10.410 grad=2.0793 seconds=26.9
Epoch  658/5000: score=11.259102 loss=-0.183277 valid=1.0000 routes=9.464 grad=1.8857 seconds=27.3
Epoch  659/5000: score=11.432172 loss=-0.180705 valid=1.0000 routes=10.172 grad=1.9867 seconds=26.7
Epoch  660/5000: score=11.137605 loss=-0.183894 valid=1.0000 routes=10.184 grad=1.9197 seconds=24.1
Epoch  661/5000: score=11.017075 loss=-0.185372 valid=1.0000 routes=9.083 grad=1.8840 seconds=23.9
Epoch  662/5000: score=11.403782 loss=-0.179084 valid=1.0000 routes=9.979 grad=1.9152 seconds=24.5
Epoch  663/5000: score=11.373917 loss=-0.177433 valid=1.0000 routes=10.064 grad=1.9366 seconds=26.6
Epoch  664/5000: score=11.169741 loss=-0.183544 valid=1.0000 routes=9.311 grad=1.8590 seconds=26.8
Epoch  665/5000: score=11.464393 loss=-0.189325 valid=1.0000 routes=9.793 grad=1.9955 seconds=25.2
Epoch  666/5000: score=11.547418 loss=-0.181720 valid=1.0000 routes=10.105 grad=2.0229 seconds=24.6
Epoch  667/5000: score=11.466214 loss=-0.176921 valid=1.0000 routes=10.037 grad=1.9484 seconds=26.4
Epoch  668/5000: score=11.971186 loss=-0.183639 valid=1.0000 routes=10.349 grad=2.1067 seconds=26.5
Epoch  669/5000: score=11.463630 loss=-0.179805 valid=1.0000 routes=10.521 grad=1.9664 seconds=25.7
Epoch  670/5000: score=11.810374 loss=-0.180681 valid=1.0000 routes=10.295 grad=2.0574 seconds=25.6
Epoch  671/5000: score=11.135367 loss=-0.185386 valid=1.0000 routes=9.897 grad=1.9648 seconds=26.5
Epoch  672/5000: score=11.350578 loss=-0.179315 valid=1.0000 routes=9.773 grad=1.9215 seconds=27.2
Epoch  673/5000: score=11.522449 loss=-0.184012 valid=1.0000 routes=10.171 grad=2.0582 seconds=27.3
Epoch  674/5000: score=11.169077 loss=-0.175762 valid=1.0000 routes=9.918 grad=1.8949 seconds=27.4
Epoch  675/5000: score=11.054218 loss=-0.186821 valid=1.0000 routes=9.265 grad=1.8992 seconds=26.2
Epoch  676/5000: score=11.482784 loss=-0.189871 valid=1.0000 routes=9.720 grad=1.9786 seconds=24.3
Epoch  677/5000: score=11.790870 loss=-0.188508 valid=1.0000 routes=10.486 grad=2.1180 seconds=27.3
Epoch  678/5000: score=11.934121 loss=-0.171627 valid=1.0000 routes=11.079 grad=2.1119 seconds=27.3
Epoch  679/5000: score=11.037805 loss=-0.181609 valid=1.0000 routes=9.402 grad=1.8146 seconds=27.7
Epoch  680/5000: score=11.954033 loss=-0.179941 valid=1.0000 routes=9.954 grad=2.0317 seconds=25.9
Epoch  681/5000: score=11.088870 loss=-0.183802 valid=1.0000 routes=9.365 grad=1.8521 seconds=28.9
Epoch  682/5000: score=11.381233 loss=-0.178691 valid=1.0000 routes=9.955 grad=1.9269 seconds=26.5
Epoch  683/5000: score=11.401931 loss=-0.187166 valid=1.0000 routes=9.528 grad=1.9397 seconds=27.7
Epoch  684/5000: score=12.040958 loss=-0.182698 valid=1.0000 routes=9.849 grad=2.0292 seconds=27.2
Epoch  685/5000: score=11.721937 loss=-0.181865 valid=1.0000 routes=10.522 grad=2.1116 seconds=26.2
Epoch  686/5000: score=11.142631 loss=-0.175947 valid=1.0000 routes=9.907 grad=1.8442 seconds=25.9
Epoch  687/5000: score=11.326567 loss=-0.181863 valid=1.0000 routes=10.066 grad=1.9371 seconds=26.8
Epoch  688/5000: score=11.885044 loss=-0.185024 valid=1.0000 routes=10.393 grad=2.0845 seconds=27.4
Epoch  689/5000: score=11.713120 loss=-0.185591 valid=1.0000 routes=9.814 grad=2.0602 seconds=27.2
Epoch  690/5000: score=11.724654 loss=-0.181100 valid=1.0000 routes=10.115 grad=2.0401 seconds=27.8
Epoch  691/5000: score=11.403691 loss=-0.181717 valid=1.0000 routes=9.414 grad=1.8733 seconds=26.4
Epoch  692/5000: score=11.432400 loss=-0.180515 valid=1.0000 routes=9.853 grad=1.9351 seconds=26.7
Epoch  693/5000: score=11.529180 loss=-0.184569 valid=1.0000 routes=9.771 grad=1.9435 seconds=27.2
Epoch  694/5000: score=11.062542 loss=-0.177279 valid=1.0000 routes=9.610 grad=1.8307 seconds=26.7
Epoch  695/5000: score=11.583121 loss=-0.184814 valid=1.0000 routes=9.832 grad=1.9686 seconds=26.1
Epoch  696/5000: score=11.645384 loss=-0.190076 valid=1.0000 routes=9.535 grad=2.0516 seconds=26.1
Epoch  697/5000: score=11.630421 loss=-0.189840 valid=1.0000 routes=9.676 grad=1.9367 seconds=24.5
Epoch  698/5000: score=11.547112 loss=-0.180527 valid=1.0000 routes=10.372 grad=1.9954 seconds=26.2
Epoch  699/5000: score=11.264392 loss=-0.184585 valid=1.0000 routes=9.378 grad=1.8982 seconds=27.0
Epoch  700/5000: score=11.480578 loss=-0.181744 valid=1.0000 routes=10.297 grad=2.0210 seconds=26.0
Epoch  701/5000: score=11.408247 loss=-0.179330 valid=1.0000 routes=9.885 grad=1.9152 seconds=26.2
Epoch  702/5000: score=11.200974 loss=-0.172138 valid=1.0000 routes=9.996 grad=1.8914 seconds=26.6
Epoch  703/5000: score=11.911710 loss=-0.181901 valid=1.0000 routes=10.493 grad=2.0601 seconds=27.3
>> Invalid instances, Re-generating ...
Epoch  704/5000: score=11.630684 loss=-0.189123 valid=1.0000 routes=9.498 grad=1.9756 seconds=26.7
Epoch  705/5000: score=12.222091 loss=-0.182667 valid=1.0000 routes=10.695 grad=2.1503 seconds=25.9
Epoch  706/5000: score=11.265969 loss=-0.185270 valid=1.0000 routes=9.506 grad=1.9179 seconds=26.5
Epoch  707/5000: score=12.046507 loss=-0.182294 valid=1.0000 routes=10.275 grad=2.0368 seconds=27.1
Epoch  708/5000: score=11.560853 loss=-0.184808 valid=1.0000 routes=10.023 grad=2.0096 seconds=26.4
Epoch  709/5000: score=11.817559 loss=-0.182155 valid=1.0000 routes=10.280 grad=2.0610 seconds=27.2
Epoch  710/5000: score=11.351511 loss=-0.186224 valid=1.0000 routes=9.948 grad=2.0201 seconds=24.8
Epoch  711/5000: score=11.776756 loss=-0.193163 valid=1.0000 routes=9.818 grad=2.0882 seconds=27.0
Epoch  712/5000: score=11.712819 loss=-0.185019 valid=1.0000 routes=10.299 grad=2.0428 seconds=26.9
Epoch  713/5000: score=11.218166 loss=-0.180229 valid=1.0000 routes=9.608 grad=1.9498 seconds=27.0
Epoch  714/5000: score=11.433526 loss=-0.173985 valid=1.0000 routes=9.777 grad=1.9455 seconds=27.0
Epoch  715/5000: score=11.096933 loss=-0.173280 valid=1.0000 routes=9.569 grad=1.7812 seconds=26.0
Epoch  716/5000: score=11.312162 loss=-0.180571 valid=1.0000 routes=9.773 grad=1.8733 seconds=28.0
Epoch  717/5000: score=11.251591 loss=-0.180239 valid=1.0000 routes=9.371 grad=1.8915 seconds=27.3
Epoch  718/5000: score=10.939504 loss=-0.173356 valid=1.0000 routes=9.784 grad=1.8174 seconds=27.4
Epoch  719/5000: score=11.788838 loss=-0.181611 valid=1.0000 routes=9.981 grad=2.0936 seconds=26.5
Epoch  720/5000: score=11.743434 loss=-0.177478 valid=1.0000 routes=9.882 grad=2.0002 seconds=26.1
Epoch  721/5000: score=11.574767 loss=-0.180563 valid=1.0000 routes=10.123 grad=2.0422 seconds=25.8
Epoch  722/5000: score=11.833622 loss=-0.180413 valid=1.0000 routes=9.825 grad=1.9568 seconds=26.5
Epoch  723/5000: score=11.819391 loss=-0.181382 valid=1.0000 routes=10.290 grad=2.0525 seconds=27.4
Epoch  724/5000: score=11.720944 loss=-0.186559 valid=1.0000 routes=10.101 grad=2.0581 seconds=26.7
Epoch  725/5000: score=11.839965 loss=-0.182931 valid=1.0000 routes=10.130 grad=2.0685 seconds=25.6
Epoch  726/5000: score=12.258489 loss=-0.192386 valid=1.0000 routes=10.503 grad=2.1841 seconds=26.6
Epoch  727/5000: score=11.890743 loss=-0.188893 valid=1.0000 routes=10.221 grad=2.0955 seconds=26.6
>> Invalid instances, Re-generating ...
Epoch  728/5000: score=11.063946 loss=-0.180019 valid=1.0000 routes=9.513 grad=1.8596 seconds=28.4
Epoch  729/5000: score=11.330003 loss=-0.181391 valid=1.0000 routes=10.358 grad=2.0072 seconds=27.3
Epoch  730/5000: score=11.240779 loss=-0.180506 valid=1.0000 routes=10.013 grad=1.9837 seconds=27.1
Epoch  731/5000: score=10.735060 loss=-0.179096 valid=1.0000 routes=9.170 grad=1.8450 seconds=26.8
Epoch  732/5000: score=11.287961 loss=-0.184329 valid=1.0000 routes=9.824 grad=1.9619 seconds=26.3
Epoch  733/5000: score=11.229370 loss=-0.178748 valid=1.0000 routes=10.061 grad=1.9073 seconds=26.7
Epoch  734/5000: score=11.015831 loss=-0.188981 valid=1.0000 routes=9.340 grad=1.8879 seconds=27.0
Epoch  735/5000: score=11.142415 loss=-0.178304 valid=1.0000 routes=9.933 grad=1.9304 seconds=26.2
Epoch  736/5000: score=11.759918 loss=-0.182976 valid=1.0000 routes=9.644 grad=1.9970 seconds=26.2
Epoch  737/5000: score=11.357346 loss=-0.180627 valid=1.0000 routes=9.452 grad=1.9501 seconds=26.6
Epoch  738/5000: score=11.390999 loss=-0.170496 valid=1.0000 routes=10.284 grad=1.9603 seconds=27.8
Epoch  739/5000: score=11.629243 loss=-0.180507 valid=1.0000 routes=9.461 grad=1.9507 seconds=25.7
Epoch  740/5000: score=11.099198 loss=-0.174918 valid=1.0000 routes=9.588 grad=1.8419 seconds=25.4
Epoch  741/5000: score=11.399202 loss=-0.183081 valid=1.0000 routes=9.963 grad=1.9929 seconds=24.3
Epoch  742/5000: score=11.525477 loss=-0.185957 valid=1.0000 routes=9.893 grad=2.0200 seconds=24.6
Epoch  743/5000: score=11.277512 loss=-0.185521 valid=1.0000 routes=9.338 grad=1.8914 seconds=27.5
Epoch  744/5000: score=11.876688 loss=-0.188420 valid=1.0000 routes=10.245 grad=2.0955 seconds=27.1
Epoch  745/5000: score=11.494091 loss=-0.176140 valid=1.0000 routes=9.697 grad=1.9518 seconds=26.1
Epoch  746/5000: score=11.812609 loss=-0.181833 valid=1.0000 routes=10.480 grad=2.0897 seconds=25.3
Epoch  747/5000: score=11.396888 loss=-0.186932 valid=1.0000 routes=9.934 grad=2.0094 seconds=27.2
Epoch  748/5000: score=11.434491 loss=-0.182324 valid=1.0000 routes=9.729 grad=2.0192 seconds=28.0
Epoch  749/5000: score=11.609008 loss=-0.175314 valid=1.0000 routes=9.879 grad=1.9651 seconds=27.3
Epoch  750/5000: score=11.503983 loss=-0.177813 valid=1.0000 routes=9.846 grad=1.9677 seconds=25.9
Epoch  751/5000: score=11.469673 loss=-0.177496 valid=1.0000 routes=10.147 grad=1.9492 seconds=26.0
Epoch  752/5000: score=11.191365 loss=-0.182759 valid=1.0000 routes=9.411 grad=1.8929 seconds=26.0
Epoch  753/5000: score=12.115085 loss=-0.173154 valid=1.0000 routes=10.483 grad=2.0954 seconds=26.2
Epoch  754/5000: score=11.273143 loss=-0.166767 valid=1.0000 routes=10.023 grad=1.8470 seconds=26.7
Epoch  755/5000: score=11.297129 loss=-0.183834 valid=1.0000 routes=10.123 grad=1.9635 seconds=25.3
Epoch  756/5000: score=11.514145 loss=-0.183359 valid=1.0000 routes=10.079 grad=2.0266 seconds=24.7
Epoch  757/5000: score=11.747119 loss=-0.175650 valid=1.0000 routes=10.308 grad=2.0482 seconds=24.7
Epoch  758/5000: score=11.976702 loss=-0.176087 valid=1.0000 routes=10.110 grad=2.0744 seconds=27.2
Epoch  759/5000: score=11.747376 loss=-0.175123 valid=1.0000 routes=10.212 grad=2.0506 seconds=27.4
Epoch  760/5000: score=11.626078 loss=-0.180731 valid=1.0000 routes=9.982 grad=1.9895 seconds=25.8
Epoch  761/5000: score=11.845055 loss=-0.183970 valid=1.0000 routes=10.398 grad=2.0843 seconds=24.3
Epoch  762/5000: score=11.839772 loss=-0.187863 valid=1.0000 routes=9.904 grad=2.1572 seconds=26.6
Epoch  763/5000: score=10.985842 loss=-0.180843 valid=1.0000 routes=9.341 grad=1.8377 seconds=27.0
Epoch  764/5000: score=10.972111 loss=-0.171083 valid=1.0000 routes=9.843 grad=1.8581 seconds=27.4
Epoch  765/5000: score=11.416621 loss=-0.180102 valid=1.0000 routes=9.404 grad=1.8577 seconds=26.3
Epoch  766/5000: score=11.329145 loss=-0.180045 valid=1.0000 routes=9.515 grad=1.8943 seconds=26.2
Epoch  767/5000: score=10.752389 loss=-0.181145 valid=1.0000 routes=9.338 grad=1.8134 seconds=25.6
Epoch  768/5000: score=11.249947 loss=-0.180932 valid=1.0000 routes=9.651 grad=1.9193 seconds=26.6
Epoch  769/5000: score=11.666426 loss=-0.189823 valid=1.0000 routes=10.124 grad=2.0990 seconds=27.6
Epoch  770/5000: score=11.080107 loss=-0.174758 valid=1.0000 routes=9.659 grad=1.8472 seconds=29.9
Epoch  771/5000: score=11.003940 loss=-0.177645 valid=1.0000 routes=10.002 grad=1.8717 seconds=26.3
Epoch  772/5000: score=11.336549 loss=-0.182770 valid=1.0000 routes=9.683 grad=1.9789 seconds=27.8
Epoch  773/5000: score=11.978097 loss=-0.190938 valid=1.0000 routes=9.812 grad=2.1181 seconds=28.4
Epoch  774/5000: score=11.635791 loss=-0.181343 valid=1.0000 routes=10.332 grad=2.0380 seconds=27.6
Epoch  775/5000: score=11.080856 loss=-0.183158 valid=1.0000 routes=9.120 grad=1.8787 seconds=27.8
Epoch  776/5000: score=11.422419 loss=-0.182967 valid=1.0000 routes=9.280 grad=1.8747 seconds=26.1
Epoch  777/5000: score=11.471908 loss=-0.180945 valid=1.0000 routes=9.759 grad=1.9825 seconds=25.0
Epoch  778/5000: score=11.933894 loss=-0.183653 valid=1.0000 routes=10.276 grad=2.0919 seconds=26.6
Epoch  779/5000: score=11.688926 loss=-0.178196 valid=1.0000 routes=10.002 grad=2.0826 seconds=26.2
Epoch  780/5000: score=11.454339 loss=-0.171462 valid=1.0000 routes=10.283 grad=1.9975 seconds=25.3
Epoch  781/5000: score=11.507662 loss=-0.169600 valid=1.0000 routes=10.067 grad=1.9697 seconds=25.6
Epoch  782/5000: score=11.868404 loss=-0.177052 valid=1.0000 routes=10.036 grad=2.0538 seconds=26.2
Epoch  783/5000: score=11.396134 loss=-0.185172 valid=1.0000 routes=9.733 grad=1.9153 seconds=26.8
Epoch  784/5000: score=11.367976 loss=-0.174842 valid=1.0000 routes=9.677 grad=1.8568 seconds=26.4
Epoch  785/5000: score=11.691179 loss=-0.172112 valid=1.0000 routes=10.106 grad=2.0104 seconds=26.0
Epoch  786/5000: score=11.176327 loss=-0.172572 valid=1.0000 routes=10.059 grad=1.9630 seconds=26.5
Epoch  787/5000: score=11.561591 loss=-0.181217 valid=1.0000 routes=9.938 grad=1.9890 seconds=28.2
Epoch  788/5000: score=12.143962 loss=-0.181261 valid=1.0000 routes=10.227 grad=2.1364 seconds=27.5
Epoch  789/5000: score=11.278511 loss=-0.165744 valid=1.0000 routes=9.872 grad=1.8690 seconds=26.8
Epoch  790/5000: score=11.043351 loss=-0.180960 valid=1.0000 routes=9.015 grad=1.9136 seconds=26.6
Epoch  791/5000: score=11.615771 loss=-0.176840 valid=1.0000 routes=9.818 grad=2.0155 seconds=25.3
Epoch  792/5000: score=11.687262 loss=-0.175641 valid=1.0000 routes=10.494 grad=2.0735 seconds=24.8
Epoch  793/5000: score=12.124351 loss=-0.187147 valid=1.0000 routes=10.493 grad=2.1753 seconds=27.3
Epoch  794/5000: score=11.749290 loss=-0.170114 valid=1.0000 routes=9.887 grad=1.9248 seconds=26.7
Epoch  795/5000: score=11.707194 loss=-0.190818 valid=1.0000 routes=9.508 grad=2.0347 seconds=27.4
Epoch  796/5000: score=11.202745 loss=-0.179897 valid=1.0000 routes=9.687 grad=1.9205 seconds=28.9
Epoch  797/5000: score=11.719495 loss=-0.184495 valid=1.0000 routes=10.395 grad=2.1155 seconds=26.0
Epoch  798/5000: score=11.706460 loss=-0.175537 valid=1.0000 routes=9.894 grad=1.9692 seconds=27.6
Epoch  799/5000: score=11.429888 loss=-0.171987 valid=1.0000 routes=9.528 grad=1.8843 seconds=27.7
Epoch  800/5000: score=11.483865 loss=-0.176191 valid=1.0000 routes=10.056 grad=2.0197 seconds=26.5
Epoch  801/5000: score=11.307645 loss=-0.175092 valid=1.0000 routes=10.049 grad=1.9736 seconds=26.1
Epoch  802/5000: score=12.288235 loss=-0.183664 valid=1.0000 routes=10.144 grad=2.1934 seconds=26.9
Epoch  803/5000: score=11.178325 loss=-0.173885 valid=1.0000 routes=9.474 grad=1.8549 seconds=27.2
Epoch  804/5000: score=11.206326 loss=-0.175474 valid=1.0000 routes=9.352 grad=1.8207 seconds=27.0
Epoch  805/5000: score=11.709829 loss=-0.182737 valid=1.0000 routes=9.687 grad=2.0866 seconds=26.9
Epoch  806/5000: score=12.193296 loss=-0.179134 valid=1.0000 routes=10.462 grad=2.0671 seconds=26.1
Epoch  807/5000: score=11.398441 loss=-0.175760 valid=1.0000 routes=9.445 grad=1.8832 seconds=28.7
Epoch  808/5000: score=11.901947 loss=-0.182943 valid=1.0000 routes=10.209 grad=2.1082 seconds=29.6
Epoch  809/5000: score=11.757869 loss=-0.182435 valid=1.0000 routes=9.971 grad=2.0894 seconds=28.2
Epoch  810/5000: score=11.694358 loss=-0.167800 valid=1.0000 routes=9.774 grad=1.9467 seconds=26.5
Epoch  811/5000: score=11.531664 loss=-0.168495 valid=1.0000 routes=10.237 grad=1.9851 seconds=26.2
Epoch  812/5000: score=11.161232 loss=-0.160565 valid=1.0000 routes=9.865 grad=1.7793 seconds=29.0
Epoch  813/5000: score=11.722723 loss=-0.172458 valid=1.0000 routes=10.386 grad=2.0281 seconds=27.4
Epoch  814/5000: score=11.051782 loss=-0.163923 valid=1.0000 routes=9.854 grad=1.8393 seconds=27.7
Epoch  815/5000: score=11.718281 loss=-0.175874 valid=1.0000 routes=9.754 grad=2.0216 seconds=26.9
Epoch  816/5000: score=11.800874 loss=-0.169525 valid=1.0000 routes=10.082 grad=1.9813 seconds=24.2
Epoch  817/5000: score=11.427661 loss=-0.175604 valid=1.0000 routes=9.892 grad=1.9880 seconds=27.1
Epoch  818/5000: score=11.524917 loss=-0.173617 valid=1.0000 routes=10.138 grad=1.9247 seconds=28.2
Epoch  819/5000: score=11.704288 loss=-0.172534 valid=1.0000 routes=9.731 grad=1.9750 seconds=26.5
Epoch  820/5000: score=11.305197 loss=-0.187147 valid=1.0000 routes=9.340 grad=1.9397 seconds=26.4
Epoch  821/5000: score=11.481407 loss=-0.180286 valid=1.0000 routes=10.146 grad=2.0451 seconds=26.2
Epoch  822/5000: score=11.838939 loss=-0.178278 valid=1.0000 routes=9.703 grad=1.9922 seconds=27.1
Epoch  823/5000: score=11.683118 loss=-0.181823 valid=1.0000 routes=9.895 grad=1.9879 seconds=28.0
Epoch  824/5000: score=11.316905 loss=-0.179730 valid=1.0000 routes=9.698 grad=1.9479 seconds=26.4
Epoch  825/5000: score=11.063721 loss=-0.183230 valid=1.0000 routes=9.013 grad=1.8443 seconds=26.3
Epoch  826/5000: score=11.577240 loss=-0.178254 valid=1.0000 routes=10.324 grad=2.0359 seconds=26.5
Epoch  827/5000: score=11.168854 loss=-0.181471 valid=1.0000 routes=9.739 grad=1.8729 seconds=27.4
Epoch  828/5000: score=11.555086 loss=-0.174226 valid=1.0000 routes=9.794 grad=1.9541 seconds=27.1
Epoch  829/5000: score=11.512308 loss=-0.179585 valid=1.0000 routes=9.567 grad=1.9826 seconds=26.4
Epoch  830/5000: score=11.084681 loss=-0.175309 valid=1.0000 routes=9.260 grad=1.8453 seconds=26.5
Epoch  831/5000: score=11.745190 loss=-0.177776 valid=1.0000 routes=10.077 grad=2.0628 seconds=27.1
Epoch  832/5000: score=11.964502 loss=-0.184183 valid=1.0000 routes=10.396 grad=2.1424 seconds=26.9
Epoch  833/5000: score=11.334807 loss=-0.177989 valid=1.0000 routes=9.938 grad=1.9530 seconds=27.4
Epoch  834/5000: score=11.088033 loss=-0.173426 valid=1.0000 routes=9.655 grad=1.9021 seconds=25.8
Epoch  835/5000: score=11.141770 loss=-0.173908 valid=1.0000 routes=9.995 grad=1.8353 seconds=25.4
Epoch  836/5000: score=10.882879 loss=-0.175117 valid=1.0000 routes=9.442 grad=1.8017 seconds=25.4
Epoch  837/5000: score=11.736763 loss=-0.167197 valid=1.0000 routes=10.095 grad=1.9579 seconds=26.3
Epoch  838/5000: score=11.205346 loss=-0.174502 valid=1.0000 routes=9.058 grad=1.8254 seconds=27.3
Epoch  839/5000: score=11.287166 loss=-0.171723 valid=1.0000 routes=9.622 grad=1.8592 seconds=23.8
Epoch  840/5000: score=11.669918 loss=-0.177382 valid=1.0000 routes=9.364 grad=1.9909 seconds=25.5
Epoch  841/5000: score=11.676716 loss=-0.183562 valid=1.0000 routes=9.945 grad=2.0460 seconds=25.4
Epoch  842/5000: score=11.454843 loss=-0.176318 valid=1.0000 routes=9.778 grad=1.9965 seconds=26.2
Epoch  843/5000: score=11.096779 loss=-0.169999 valid=1.0000 routes=9.876 grad=1.8610 seconds=27.4
Epoch  844/5000: score=11.399477 loss=-0.182683 valid=1.0000 routes=9.529 grad=1.9106 seconds=26.5
Epoch  845/5000: score=11.337813 loss=-0.167555 valid=1.0000 routes=10.095 grad=1.9334 seconds=26.9
Epoch  846/5000: score=10.724252 loss=-0.168374 valid=1.0000 routes=8.912 grad=1.7288 seconds=26.6
Epoch  847/5000: score=11.803645 loss=-0.174739 valid=1.0000 routes=10.209 grad=2.0248 seconds=27.3
Epoch  848/5000: score=11.121796 loss=-0.174090 valid=1.0000 routes=9.514 grad=1.8664 seconds=27.4
Epoch  849/5000: score=11.573410 loss=-0.172496 valid=1.0000 routes=10.226 grad=1.9738 seconds=25.5
Epoch  850/5000: score=11.258495 loss=-0.171805 valid=1.0000 routes=9.749 grad=1.8785 seconds=26.3
Epoch  851/5000: score=11.250507 loss=-0.176552 valid=1.0000 routes=9.898 grad=1.9428 seconds=26.2
Epoch  852/5000: score=10.987608 loss=-0.173589 valid=1.0000 routes=9.275 grad=1.8013 seconds=27.5
Epoch  853/5000: score=11.689715 loss=-0.173609 valid=1.0000 routes=10.286 grad=1.9938 seconds=27.4
Epoch  854/5000: score=11.181366 loss=-0.175530 valid=1.0000 routes=9.393 grad=1.8666 seconds=26.7
Epoch  855/5000: score=11.873607 loss=-0.171323 valid=1.0000 routes=10.228 grad=2.0437 seconds=27.5
Epoch  856/5000: score=11.163985 loss=-0.162502 valid=1.0000 routes=9.736 grad=1.8221 seconds=26.3
Epoch  857/5000: score=11.405775 loss=-0.173372 valid=1.0000 routes=9.889 grad=1.9643 seconds=27.4
Epoch  858/5000: score=11.681003 loss=-0.176170 valid=1.0000 routes=9.732 grad=2.0181 seconds=27.6
Epoch  859/5000: score=11.519933 loss=-0.174785 valid=1.0000 routes=9.710 grad=1.9861 seconds=27.2
Epoch  860/5000: score=11.659240 loss=-0.170532 valid=1.0000 routes=9.896 grad=1.9646 seconds=25.5
Epoch  861/5000: score=12.034514 loss=-0.172117 valid=1.0000 routes=10.620 grad=2.1372 seconds=26.1
Epoch  862/5000: score=11.463672 loss=-0.170973 valid=1.0000 routes=10.032 grad=1.9437 seconds=27.6
Epoch  863/5000: score=11.591602 loss=-0.179913 valid=1.0000 routes=9.847 grad=2.0003 seconds=27.5
Epoch  864/5000: score=11.394860 loss=-0.169427 valid=1.0000 routes=9.828 grad=1.9140 seconds=26.2
Epoch  865/5000: score=11.318257 loss=-0.170415 valid=1.0000 routes=9.703 grad=1.8890 seconds=26.6
Epoch  866/5000: score=11.240937 loss=-0.168204 valid=1.0000 routes=9.878 grad=1.8513 seconds=26.4
Epoch  867/5000: score=11.516590 loss=-0.190091 valid=1.0000 routes=10.173 grad=2.0648 seconds=27.8
Epoch  868/5000: score=11.449551 loss=-0.173533 valid=1.0000 routes=9.812 grad=1.9671 seconds=27.3
Epoch  869/5000: score=11.519423 loss=-0.164766 valid=1.0000 routes=10.521 grad=1.9636 seconds=26.1
Epoch  870/5000: score=11.579807 loss=-0.174663 valid=1.0000 routes=9.676 grad=1.9544 seconds=26.3
Epoch  871/5000: score=11.222431 loss=-0.176470 valid=1.0000 routes=9.413 grad=1.9088 seconds=26.4
Epoch  872/5000: score=11.685695 loss=-0.167170 valid=1.0000 routes=9.945 grad=1.9795 seconds=27.3
Epoch  873/5000: score=11.582965 loss=-0.179727 valid=1.0000 routes=9.985 grad=2.0477 seconds=27.5
Epoch  874/5000: score=11.667619 loss=-0.170889 valid=1.0000 routes=10.419 grad=1.9498 seconds=26.1
Epoch  875/5000: score=11.480922 loss=-0.161356 valid=1.0000 routes=9.913 grad=1.9189 seconds=24.9
Epoch  876/5000: score=10.967284 loss=-0.170485 valid=1.0000 routes=9.601 grad=1.8452 seconds=26.1
Epoch  877/5000: score=11.338896 loss=-0.165713 valid=1.0000 routes=9.969 grad=1.9622 seconds=27.3
Epoch  878/5000: score=11.586556 loss=-0.171244 valid=1.0000 routes=9.992 grad=2.0052 seconds=26.6
Epoch  879/5000: score=11.858040 loss=-0.170580 valid=1.0000 routes=10.070 grad=2.0167 seconds=26.7
Epoch  880/5000: score=11.490612 loss=-0.171471 valid=1.0000 routes=9.747 grad=1.9480 seconds=26.1
Epoch  881/5000: score=11.338009 loss=-0.165736 valid=1.0000 routes=9.984 grad=1.8902 seconds=27.1
Epoch  882/5000: score=11.951210 loss=-0.177063 valid=1.0000 routes=10.163 grad=2.0880 seconds=27.7
Epoch  883/5000: score=11.795412 loss=-0.167828 valid=1.0000 routes=10.206 grad=1.9647 seconds=31.0
Epoch  884/5000: score=11.139390 loss=-0.167438 valid=1.0000 routes=9.535 grad=1.8142 seconds=30.5
Epoch  885/5000: score=11.905706 loss=-0.172493 valid=1.0000 routes=10.116 grad=2.0212 seconds=26.1
Epoch  886/5000: score=10.953031 loss=-0.159699 valid=1.0000 routes=9.397 grad=1.7747 seconds=26.9
Epoch  887/5000: score=11.488984 loss=-0.165477 valid=1.0000 routes=9.919 grad=1.9625 seconds=27.6
Epoch  888/5000: score=11.810634 loss=-0.168488 valid=1.0000 routes=10.558 grad=2.0445 seconds=26.7
Epoch  889/5000: score=11.413581 loss=-0.182814 valid=1.0000 routes=9.552 grad=1.9959 seconds=26.8
Epoch  890/5000: score=11.587360 loss=-0.169086 valid=1.0000 routes=9.987 grad=1.9359 seconds=26.2
Epoch  891/5000: score=11.591557 loss=-0.175269 valid=1.0000 routes=9.677 grad=1.9551 seconds=26.9
Epoch  892/5000: score=11.447614 loss=-0.173769 valid=1.0000 routes=9.740 grad=1.9125 seconds=27.6
Epoch  893/5000: score=11.515214 loss=-0.168336 valid=1.0000 routes=9.485 grad=1.8784 seconds=26.7
Epoch  894/5000: score=11.307452 loss=-0.171989 valid=1.0000 routes=10.058 grad=1.9164 seconds=26.1
>> Invalid instances, Re-generating ...
Epoch  895/5000: score=11.279698 loss=-0.169006 valid=1.0000 routes=9.631 grad=1.9052 seconds=26.2
Epoch  896/5000: score=11.442882 loss=-0.163275 valid=1.0000 routes=9.561 grad=1.8418 seconds=26.4
Epoch  897/5000: score=11.668126 loss=-0.173543 valid=1.0000 routes=10.020 grad=1.9537 seconds=27.9
Epoch  898/5000: score=11.550698 loss=-0.163173 valid=1.0000 routes=10.208 grad=1.9808 seconds=26.5
Epoch  899/5000: score=11.868154 loss=-0.165823 valid=1.0000 routes=9.830 grad=1.9700 seconds=26.2
Epoch  900/5000: score=11.643925 loss=-0.175472 valid=1.0000 routes=9.612 grad=1.9832 seconds=26.6
Epoch  901/5000: score=11.835907 loss=-0.166360 valid=1.0000 routes=10.038 grad=2.0503 seconds=27.2
Epoch  902/5000: score=11.317162 loss=-0.165205 valid=1.0000 routes=9.970 grad=1.9420 seconds=27.8
Epoch  903/5000: score=11.561814 loss=-0.174782 valid=1.0000 routes=9.870 grad=1.9939 seconds=25.2
Epoch  904/5000: score=11.925530 loss=-0.183059 valid=1.0000 routes=10.134 grad=2.0926 seconds=25.9
Epoch  905/5000: score=11.435642 loss=-0.177017 valid=1.0000 routes=9.476 grad=1.9177 seconds=26.6
Epoch  906/5000: score=10.650915 loss=-0.172322 valid=1.0000 routes=9.204 grad=1.7318 seconds=27.3
Epoch  907/5000: score=11.699940 loss=-0.176244 valid=1.0000 routes=9.816 grad=2.0289 seconds=27.6
Epoch  908/5000: score=11.322739 loss=-0.178563 valid=1.0000 routes=9.805 grad=1.9255 seconds=26.3
Epoch  909/5000: score=11.407622 loss=-0.177031 valid=1.0000 routes=9.592 grad=1.9020 seconds=26.3
Epoch  910/5000: score=11.542357 loss=-0.174849 valid=1.0000 routes=9.925 grad=1.9920 seconds=26.2
Epoch  911/5000: score=11.728055 loss=-0.177948 valid=1.0000 routes=10.017 grad=2.0278 seconds=27.2
Epoch  912/5000: score=11.556440 loss=-0.169333 valid=1.0000 routes=10.027 grad=2.0095 seconds=27.4
Epoch  913/5000: score=10.948337 loss=-0.174282 valid=1.0000 routes=9.374 grad=1.8167 seconds=26.5
Epoch  914/5000: score=11.857547 loss=-0.171694 valid=1.0000 routes=10.227 grad=2.0153 seconds=26.1
Epoch  915/5000: score=11.430607 loss=-0.173035 valid=1.0000 routes=9.895 grad=1.9489 seconds=26.2
Epoch  916/5000: score=11.231586 loss=-0.167702 valid=1.0000 routes=10.030 grad=1.9522 seconds=27.0
Epoch  917/5000: score=11.008080 loss=-0.169701 valid=1.0000 routes=9.451 grad=1.8035 seconds=27.4
Epoch  918/5000: score=11.598380 loss=-0.173239 valid=1.0000 routes=10.232 grad=2.0252 seconds=26.0
Epoch  919/5000: score=11.371410 loss=-0.171670 valid=1.0000 routes=9.852 grad=1.9351 seconds=26.1
Epoch  920/5000: score=11.794299 loss=-0.169047 valid=1.0000 routes=9.955 grad=1.9938 seconds=25.1
Epoch  921/5000: score=10.934107 loss=-0.165787 valid=1.0000 routes=9.617 grad=1.7938 seconds=26.1
Epoch  922/5000: score=11.705685 loss=-0.174732 valid=1.0000 routes=10.332 grad=2.0529 seconds=27.2
Epoch  923/5000: score=11.377082 loss=-0.180736 valid=1.0000 routes=9.565 grad=1.9886 seconds=26.2
Epoch  924/5000: score=11.297883 loss=-0.167642 valid=1.0000 routes=9.605 grad=1.8289 seconds=26.0
Epoch  925/5000: score=11.163833 loss=-0.158805 valid=1.0000 routes=9.687 grad=1.8145 seconds=25.9
Epoch  926/5000: score=11.728071 loss=-0.183126 valid=1.0000 routes=9.879 grad=2.0547 seconds=27.4
Epoch  927/5000: score=11.518205 loss=-0.169058 valid=1.0000 routes=10.261 grad=2.0078 seconds=27.4
Epoch  928/5000: score=11.484156 loss=-0.174084 valid=1.0000 routes=9.954 grad=1.9923 seconds=26.3
Epoch  929/5000: score=11.805953 loss=-0.165335 valid=1.0000 routes=9.996 grad=1.9896 seconds=25.5
Epoch  930/5000: score=11.306631 loss=-0.173007 valid=1.0000 routes=9.624 grad=1.9455 seconds=24.0
Epoch  931/5000: score=11.249825 loss=-0.171148 valid=1.0000 routes=10.124 grad=1.9621 seconds=27.2
Epoch  932/5000: score=11.691107 loss=-0.173114 valid=1.0000 routes=9.816 grad=2.0172 seconds=27.3
Epoch  933/5000: score=11.654166 loss=-0.175143 valid=1.0000 routes=9.713 grad=1.9519 seconds=27.2
Epoch  934/5000: score=11.659298 loss=-0.173511 valid=1.0000 routes=10.455 grad=2.0561 seconds=26.1
Epoch  935/5000: score=11.573213 loss=-0.172112 valid=1.0000 routes=10.243 grad=2.0007 seconds=25.6
Epoch  936/5000: score=11.271634 loss=-0.163806 valid=1.0000 routes=9.601 grad=1.8490 seconds=26.4
Epoch  937/5000: score=11.907838 loss=-0.173596 valid=1.0000 routes=10.209 grad=2.0692 seconds=27.6
Epoch  938/5000: score=11.986553 loss=-0.172838 valid=1.0000 routes=10.452 grad=2.0735 seconds=27.3
Epoch  939/5000: score=11.341245 loss=-0.162718 valid=1.0000 routes=10.083 grad=1.8886 seconds=26.2
Epoch  940/5000: score=11.892840 loss=-0.173140 valid=1.0000 routes=10.195 grad=2.0604 seconds=26.1
Epoch  941/5000: score=11.883770 loss=-0.168498 valid=1.0000 routes=9.732 grad=1.9884 seconds=27.2
Epoch  942/5000: score=11.448188 loss=-0.169345 valid=1.0000 routes=9.815 grad=1.9613 seconds=26.4
Epoch  943/5000: score=11.765154 loss=-0.174630 valid=1.0000 routes=10.150 grad=1.9603 seconds=25.9
Epoch  944/5000: score=10.824534 loss=-0.170927 valid=1.0000 routes=9.533 grad=1.8378 seconds=26.0
Epoch  945/5000: score=11.451762 loss=-0.169128 valid=1.0000 routes=9.860 grad=1.9507 seconds=24.7
Epoch  946/5000: score=11.512703 loss=-0.166723 valid=1.0000 routes=10.323 grad=1.9542 seconds=27.1
Epoch  947/5000: score=11.525171 loss=-0.175139 valid=1.0000 routes=9.817 grad=1.9610 seconds=26.3
Epoch  948/5000: score=11.548662 loss=-0.168377 valid=1.0000 routes=10.322 grad=1.9976 seconds=25.1
Epoch  949/5000: score=11.375370 loss=-0.166637 valid=1.0000 routes=9.824 grad=1.9107 seconds=23.6
Epoch  950/5000: score=10.866447 loss=-0.168795 valid=1.0000 routes=9.436 grad=1.8379 seconds=23.7
Epoch  951/5000: score=11.924300 loss=-0.161041 valid=1.0000 routes=10.533 grad=1.9989 seconds=25.0
Epoch  952/5000: score=11.781174 loss=-0.170091 valid=1.0000 routes=10.292 grad=2.1032 seconds=26.9
Epoch  953/5000: score=11.602825 loss=-0.169301 valid=1.0000 routes=10.261 grad=2.0358 seconds=27.0
Epoch  954/5000: score=11.627581 loss=-0.172312 valid=1.0000 routes=10.147 grad=2.0096 seconds=26.3
Epoch  955/5000: score=11.482515 loss=-0.164146 valid=1.0000 routes=9.830 grad=1.9174 seconds=26.1
Epoch  956/5000: score=11.219487 loss=-0.169082 valid=1.0000 routes=10.052 grad=1.8880 seconds=26.9
Epoch  957/5000: score=11.674291 loss=-0.174002 valid=1.0000 routes=10.010 grad=2.0230 seconds=27.0
Epoch  958/5000: score=11.501243 loss=-0.172182 valid=1.0000 routes=9.173 grad=1.8818 seconds=26.6
Epoch  959/5000: score=11.110471 loss=-0.173297 valid=1.0000 routes=9.735 grad=1.8789 seconds=26.1
Epoch  960/5000: score=11.679487 loss=-0.171709 valid=1.0000 routes=10.141 grad=1.9563 seconds=26.0
Epoch  961/5000: score=12.012027 loss=-0.169861 valid=1.0000 routes=10.118 grad=2.0103 seconds=27.0
Epoch  962/5000: score=11.574765 loss=-0.159960 valid=1.0000 routes=10.539 grad=1.9405 seconds=27.4
Epoch  963/5000: score=11.899657 loss=-0.174549 valid=1.0000 routes=10.182 grad=2.1115 seconds=26.8
Epoch  964/5000: score=11.623082 loss=-0.180168 valid=1.0000 routes=9.624 grad=2.0601 seconds=26.4
Epoch  965/5000: score=11.992969 loss=-0.162441 valid=1.0000 routes=11.006 grad=2.0711 seconds=26.0
Epoch  966/5000: score=11.270684 loss=-0.162041 valid=1.0000 routes=9.891 grad=1.8508 seconds=25.9
Epoch  967/5000: score=11.230737 loss=-0.164552 valid=1.0000 routes=10.357 grad=1.9416 seconds=26.1
Epoch  968/5000: score=12.229102 loss=-0.165916 valid=1.0000 routes=10.487 grad=2.1239 seconds=26.0
Epoch  969/5000: score=11.121302 loss=-0.168577 valid=1.0000 routes=9.590 grad=1.8317 seconds=25.5
Epoch  970/5000: score=11.739756 loss=-0.176605 valid=1.0000 routes=10.169 grad=2.0823 seconds=24.3
Epoch  971/5000: score=11.186183 loss=-0.168803 valid=1.0000 routes=9.443 grad=1.8856 seconds=25.5
Epoch  972/5000: score=11.608261 loss=-0.167521 valid=1.0000 routes=9.896 grad=1.9199 seconds=25.6
Epoch  973/5000: score=11.254936 loss=-0.166030 valid=1.0000 routes=9.364 grad=1.8749 seconds=26.5
Epoch  974/5000: score=11.514293 loss=-0.156599 valid=1.0000 routes=10.227 grad=1.9259 seconds=26.0
Epoch  975/5000: score=11.661399 loss=-0.158086 valid=1.0000 routes=10.249 grad=1.9643 seconds=25.2
Epoch  976/5000: score=11.405414 loss=-0.163368 valid=1.0000 routes=9.484 grad=1.8434 seconds=24.8
Epoch  977/5000: score=11.560920 loss=-0.168405 valid=1.0000 routes=9.683 grad=1.9321 seconds=27.1
Epoch  978/5000: score=11.832436 loss=-0.168203 valid=1.0000 routes=9.533 grad=1.9181 seconds=27.4
Epoch  979/5000: score=11.487066 loss=-0.158808 valid=1.0000 routes=10.460 grad=1.9422 seconds=25.9
Epoch  980/5000: score=11.361495 loss=-0.162108 valid=1.0000 routes=10.110 grad=1.8966 seconds=26.2
Epoch  981/5000: score=11.418835 loss=-0.172976 valid=1.0000 routes=9.215 grad=1.9126 seconds=25.7
Epoch  982/5000: score=11.498542 loss=-0.167042 valid=1.0000 routes=9.192 grad=1.8737 seconds=27.1
Epoch  983/5000: score=10.987828 loss=-0.163856 valid=1.0000 routes=9.434 grad=1.7812 seconds=27.3
Epoch  984/5000: score=11.404234 loss=-0.162784 valid=1.0000 routes=9.843 grad=1.8717 seconds=26.0
Epoch  985/5000: score=11.304329 loss=-0.170417 valid=1.0000 routes=9.743 grad=1.9694 seconds=24.4
Epoch  986/5000: score=11.637900 loss=-0.164537 valid=1.0000 routes=9.913 grad=1.8676 seconds=25.1
Epoch  987/5000: score=11.515142 loss=-0.171515 valid=1.0000 routes=9.697 grad=1.9626 seconds=28.0
Epoch  988/5000: score=11.490318 loss=-0.170827 valid=1.0000 routes=9.883 grad=1.9659 seconds=27.9
Epoch  989/5000: score=11.871723 loss=-0.173822 valid=1.0000 routes=9.929 grad=2.0292 seconds=26.2
Epoch  990/5000: score=11.184164 loss=-0.173635 valid=1.0000 routes=9.772 grad=1.9364 seconds=26.3
Epoch  991/5000: score=11.633037 loss=-0.167377 valid=1.0000 routes=9.923 grad=1.9601 seconds=25.5
Epoch  992/5000: score=11.534141 loss=-0.166308 valid=1.0000 routes=10.282 grad=1.9921 seconds=26.7
Epoch  993/5000: score=11.972884 loss=-0.172598 valid=1.0000 routes=10.533 grad=2.0637 seconds=27.5
Epoch  994/5000: score=11.701514 loss=-0.157784 valid=1.0000 routes=10.050 grad=1.9128 seconds=26.1
Epoch  995/5000: score=11.665791 loss=-0.159231 valid=1.0000 routes=10.783 grad=2.0084 seconds=26.0
Epoch  996/5000: score=11.438726 loss=-0.161440 valid=1.0000 routes=10.346 grad=1.9534 seconds=26.1
Epoch  997/5000: score=11.408127 loss=-0.154391 valid=1.0000 routes=10.389 grad=1.8625 seconds=26.9
Epoch  998/5000: score=11.177177 loss=-0.169743 valid=1.0000 routes=9.058 grad=1.8279 seconds=27.3
Epoch  999/5000: score=10.709048 loss=-0.161792 valid=1.0000 routes=9.381 grad=1.7879 seconds=26.0
Epoch 1000/5000: score=11.050067 loss=-0.161571 valid=1.0000 routes=9.280 grad=1.7798 seconds=25.2
Epoch 1001/5000: score=11.409439 loss=-0.165480 valid=1.0000 routes=9.443 grad=1.8788 seconds=28.1
Epoch 1002/5000: score=11.510765 loss=-0.172273 valid=1.0000 routes=9.839 grad=1.9832 seconds=27.2
Epoch 1003/5000: score=10.846918 loss=-0.168346 valid=1.0000 routes=9.191 grad=1.7969 seconds=27.7
Epoch 1004/5000: score=11.306776 loss=-0.163228 valid=1.0000 routes=9.878 grad=1.9028 seconds=26.8
Epoch 1005/5000: score=11.251123 loss=-0.178942 valid=1.0000 routes=9.840 grad=1.9836 seconds=28.1
Epoch 1006/5000: score=11.688730 loss=-0.182267 valid=1.0000 routes=9.601 grad=2.0289 seconds=26.3
>> Invalid instances, Re-generating ...
Epoch 1007/5000: score=11.225693 loss=-0.164492 valid=1.0000 routes=9.729 grad=1.8373 seconds=27.4
Epoch 1008/5000: score=11.569905 loss=-0.167144 valid=1.0000 routes=10.018 grad=1.9602 seconds=27.2
Epoch 1009/5000: score=11.970289 loss=-0.165108 valid=1.0000 routes=10.221 grad=2.0674 seconds=26.8
Epoch 1010/5000: score=11.780655 loss=-0.176626 valid=1.0000 routes=10.396 grad=2.0888 seconds=26.2
Epoch 1011/5000: score=11.314893 loss=-0.170745 valid=1.0000 routes=9.762 grad=1.8890 seconds=27.5
Epoch 1012/5000: score=10.930772 loss=-0.159410 valid=1.0000 routes=9.610 grad=1.7604 seconds=28.7
Epoch 1013/5000: score=11.734633 loss=-0.172098 valid=1.0000 routes=10.076 grad=2.0367 seconds=27.3
Epoch 1014/5000: score=11.121831 loss=-0.168432 valid=1.0000 routes=9.423 grad=1.8716 seconds=25.2
Epoch 1015/5000: score=11.507971 loss=-0.165254 valid=1.0000 routes=9.592 grad=1.8714 seconds=24.8
Epoch 1016/5000: score=11.416278 loss=-0.174848 valid=1.0000 routes=9.699 grad=1.9260 seconds=25.1
Epoch 1017/5000: score=12.060715 loss=-0.169684 valid=1.0000 routes=10.129 grad=2.0468 seconds=25.1
Epoch 1018/5000: score=11.592613 loss=-0.166562 valid=1.0000 routes=10.450 grad=2.0022 seconds=26.0
Epoch 1019/5000: score=11.336730 loss=-0.162958 valid=1.0000 routes=9.753 grad=1.8716 seconds=26.5
Epoch 1020/5000: score=11.250967 loss=-0.173496 valid=1.0000 routes=10.199 grad=1.9401 seconds=27.5
Epoch 1021/5000: score=11.553016 loss=-0.172143 valid=1.0000 routes=10.222 grad=2.0034 seconds=27.7
Epoch 1022/5000: score=11.186298 loss=-0.155157 valid=1.0000 routes=10.067 grad=1.8878 seconds=27.6
Epoch 1023/5000: score=11.250628 loss=-0.166979 valid=1.0000 routes=9.843 grad=1.8664 seconds=28.1
Epoch 1024/5000: score=11.531235 loss=-0.167890 valid=1.0000 routes=9.842 grad=1.9317 seconds=27.9
Epoch 1025/5000: score=11.246889 loss=-0.175530 valid=1.0000 routes=9.480 grad=1.9333 seconds=27.9
Epoch 1026/5000: score=11.315212 loss=-0.161934 valid=1.0000 routes=10.198 grad=1.8774 seconds=27.4
Epoch 1027/5000: score=11.472506 loss=-0.167762 valid=1.0000 routes=9.973 grad=1.9849 seconds=27.7
Epoch 1028/5000: score=11.465050 loss=-0.162931 valid=1.0000 routes=9.681 grad=1.8715 seconds=27.7
Epoch 1029/5000: score=10.883910 loss=-0.165844 valid=1.0000 routes=9.562 grad=1.8039 seconds=27.3
Epoch 1030/5000: score=10.807593 loss=-0.165391 valid=1.0000 routes=9.399 grad=1.8217 seconds=27.7
Epoch 1031/5000: score=11.834034 loss=-0.174399 valid=1.0000 routes=10.391 grad=2.0567 seconds=27.6
Epoch 1032/5000: score=11.902811 loss=-0.160989 valid=1.0000 routes=10.297 grad=1.9845 seconds=28.3
Epoch 1033/5000: score=11.508859 loss=-0.161724 valid=1.0000 routes=10.062 grad=1.9263 seconds=28.4
Epoch 1034/5000: score=11.135625 loss=-0.157871 valid=1.0000 routes=9.501 grad=1.8406 seconds=27.7
Epoch 1035/5000: score=11.188564 loss=-0.166859 valid=1.0000 routes=9.539 grad=1.8333 seconds=27.3
Epoch 1036/5000: score=11.630525 loss=-0.163160 valid=1.0000 routes=9.911 grad=1.9861 seconds=27.6
Epoch 1037/5000: score=10.798965 loss=-0.160691 valid=1.0000 routes=9.170 grad=1.6542 seconds=28.4
Epoch 1038/5000: score=11.594950 loss=-0.163481 valid=1.0000 routes=9.679 grad=1.9556 seconds=28.0
Epoch 1039/5000: score=11.284932 loss=-0.168538 valid=1.0000 routes=10.426 grad=1.9953 seconds=27.6
Epoch 1040/5000: score=11.067765 loss=-0.167463 valid=1.0000 routes=9.136 grad=1.8507 seconds=28.4
Epoch 1041/5000: score=12.002599 loss=-0.167063 valid=1.0000 routes=10.409 grad=2.0841 seconds=28.0
Epoch 1042/5000: score=11.484968 loss=-0.158151 valid=1.0000 routes=10.082 grad=1.8444 seconds=28.8
Epoch 1043/5000: score=11.056590 loss=-0.155404 valid=1.0000 routes=9.776 grad=1.8096 seconds=28.7
Epoch 1044/5000: score=11.683251 loss=-0.164576 valid=1.0000 routes=9.828 grad=1.9914 seconds=28.0
Epoch 1045/5000: score=11.422249 loss=-0.170174 valid=1.0000 routes=9.192 grad=1.9297 seconds=28.2
Epoch 1046/5000: score=12.110656 loss=-0.165857 valid=1.0000 routes=10.585 grad=2.0899 seconds=27.9
Epoch 1047/5000: score=11.917797 loss=-0.166076 valid=1.0000 routes=10.072 grad=2.0350 seconds=28.8
Epoch 1048/5000: score=11.235576 loss=-0.156114 valid=1.0000 routes=9.355 grad=1.7696 seconds=28.8
Epoch 1049/5000: score=11.345205 loss=-0.161711 valid=1.0000 routes=9.561 grad=1.8543 seconds=28.1
Epoch 1050/5000: score=11.653396 loss=-0.166058 valid=1.0000 routes=9.751 grad=1.9901 seconds=27.8
Epoch 1051/5000: score=11.973826 loss=-0.168182 valid=1.0000 routes=10.332 grad=2.0369 seconds=27.2
Epoch 1052/5000: score=11.480126 loss=-0.168277 valid=1.0000 routes=9.605 grad=1.9082 seconds=28.9
Epoch 1053/5000: score=11.357070 loss=-0.158782 valid=1.0000 routes=9.623 grad=1.8224 seconds=28.4
Epoch 1054/5000: score=11.696493 loss=-0.166892 valid=1.0000 routes=9.598 grad=1.9667 seconds=27.3
Epoch 1055/5000: score=11.175549 loss=-0.161088 valid=1.0000 routes=9.692 grad=1.7598 seconds=28.0
Epoch 1056/5000: score=11.636769 loss=-0.164991 valid=1.0000 routes=10.288 grad=2.0229 seconds=28.2
Epoch 1057/5000: score=11.162841 loss=-0.170985 valid=1.0000 routes=9.529 grad=1.8603 seconds=28.6
Epoch 1058/5000: score=10.956358 loss=-0.157665 valid=1.0000 routes=9.623 grad=1.7754 seconds=28.9
Epoch 1059/5000: score=11.675986 loss=-0.179491 valid=1.0000 routes=9.659 grad=2.0116 seconds=28.0
Epoch 1060/5000: score=11.339725 loss=-0.161561 valid=1.0000 routes=9.684 grad=1.8944 seconds=28.0
Epoch 1061/5000: score=12.107339 loss=-0.173589 valid=1.0000 routes=9.999 grad=2.1096 seconds=28.4
Epoch 1062/5000: score=11.119869 loss=-0.175922 valid=1.0000 routes=9.221 grad=1.8367 seconds=28.7
Epoch 1063/5000: score=11.643125 loss=-0.157218 valid=1.0000 routes=10.221 grad=1.9590 seconds=28.7
Epoch 1064/5000: score=11.391451 loss=-0.165385 valid=1.0000 routes=9.897 grad=1.9175 seconds=28.7
Epoch 1065/5000: score=11.404270 loss=-0.174740 valid=1.0000 routes=9.824 grad=1.9315 seconds=28.4
Epoch 1066/5000: score=11.168006 loss=-0.166522 valid=1.0000 routes=9.932 grad=1.8864 seconds=28.0
Epoch 1067/5000: score=11.640298 loss=-0.164026 valid=1.0000 routes=10.171 grad=2.0235 seconds=28.1
Epoch 1068/5000: score=11.688038 loss=-0.160202 valid=1.0000 routes=9.841 grad=1.9262 seconds=28.7
Epoch 1069/5000: score=11.375655 loss=-0.161524 valid=1.0000 routes=10.195 grad=1.9171 seconds=28.3
Epoch 1070/5000: score=11.512593 loss=-0.157268 valid=1.0000 routes=10.037 grad=1.9468 seconds=28.2
Epoch 1071/5000: score=11.868313 loss=-0.171039 valid=1.0000 routes=10.381 grad=2.0240 seconds=27.7
Epoch 1072/5000: score=11.079470 loss=-0.164700 valid=1.0000 routes=9.671 grad=1.7854 seconds=27.8
Epoch 1073/5000: score=11.410726 loss=-0.165613 valid=1.0000 routes=9.913 grad=1.9261 seconds=28.2
Epoch 1074/5000: score=11.492157 loss=-0.157355 valid=1.0000 routes=9.829 grad=1.8798 seconds=28.3
Epoch 1075/5000: score=11.455631 loss=-0.164209 valid=1.0000 routes=10.440 grad=2.0097 seconds=26.9
Epoch 1076/5000: score=11.783377 loss=-0.164538 valid=1.0000 routes=9.606 grad=1.9824 seconds=28.1
Epoch 1077/5000: score=12.065525 loss=-0.163973 valid=1.0000 routes=10.423 grad=2.0443 seconds=27.2
Epoch 1078/5000: score=10.953450 loss=-0.163104 valid=1.0000 routes=9.537 grad=1.8134 seconds=28.7
Epoch 1079/5000: score=11.175768 loss=-0.169417 valid=1.0000 routes=9.454 grad=1.8738 seconds=29.2
Epoch 1080/5000: score=11.402956 loss=-0.167987 valid=1.0000 routes=9.400 grad=1.8864 seconds=27.8
Epoch 1081/5000: score=11.008846 loss=-0.163511 valid=1.0000 routes=9.317 grad=1.8577 seconds=27.5
Epoch 1082/5000: score=11.829770 loss=-0.170180 valid=1.0000 routes=9.929 grad=2.0174 seconds=27.9
Epoch 1083/5000: score=11.516593 loss=-0.163716 valid=1.0000 routes=9.995 grad=2.0296 seconds=28.0
Epoch 1084/5000: score=11.333590 loss=-0.164395 valid=1.0000 routes=9.745 grad=1.8522 seconds=28.1
Epoch 1085/5000: score=11.173126 loss=-0.164760 valid=1.0000 routes=9.717 grad=1.8715 seconds=28.2
Epoch 1086/5000: score=11.860278 loss=-0.154101 valid=1.0000 routes=10.181 grad=1.9471 seconds=27.4
Epoch 1087/5000: score=11.855375 loss=-0.169594 valid=1.0000 routes=9.457 grad=1.9544 seconds=27.9
Epoch 1088/5000: score=11.789132 loss=-0.160853 valid=1.0000 routes=9.777 grad=1.9378 seconds=28.3
Epoch 1089/5000: score=11.262381 loss=-0.152427 valid=1.0000 routes=10.007 grad=1.7801 seconds=28.1
Epoch 1090/5000: score=11.924326 loss=-0.164563 valid=1.0000 routes=9.594 grad=1.9483 seconds=28.7
Epoch 1091/5000: score=11.266378 loss=-0.159369 valid=1.0000 routes=9.777 grad=1.8206 seconds=28.2
Epoch 1092/5000: score=11.325409 loss=-0.158790 valid=1.0000 routes=9.869 grad=1.8764 seconds=27.3
Epoch 1093/5000: score=11.420289 loss=-0.167141 valid=1.0000 routes=10.083 grad=1.9445 seconds=28.3
Epoch 1094/5000: score=11.427786 loss=-0.159290 valid=1.0000 routes=10.075 grad=1.9505 seconds=26.7
Epoch 1095/5000: score=11.865334 loss=-0.160947 valid=1.0000 routes=10.281 grad=2.0128 seconds=27.5
Epoch 1096/5000: score=11.175670 loss=-0.151786 valid=1.0000 routes=10.369 grad=1.8678 seconds=27.8
Epoch 1097/5000: score=11.126913 loss=-0.166111 valid=1.0000 routes=9.508 grad=1.8534 seconds=28.3
Epoch 1098/5000: score=11.586246 loss=-0.165669 valid=1.0000 routes=9.986 grad=1.9842 seconds=27.8
Epoch 1099/5000: score=11.353774 loss=-0.166911 valid=1.0000 routes=9.538 grad=1.8972 seconds=27.2
Epoch 1100/5000: score=11.641671 loss=-0.172027 valid=1.0000 routes=9.681 grad=1.9731 seconds=28.2
Epoch 1101/5000: score=11.664745 loss=-0.170424 valid=1.0000 routes=10.275 grad=2.0157 seconds=27.7
Epoch 1102/5000: score=10.911891 loss=-0.162033 valid=1.0000 routes=9.715 grad=1.8503 seconds=27.7
Epoch 1103/5000: score=11.401992 loss=-0.171930 valid=1.0000 routes=10.105 grad=1.9753 seconds=27.5
Epoch 1104/5000: score=11.643607 loss=-0.159788 valid=1.0000 routes=10.266 grad=1.9428 seconds=28.0
Epoch 1105/5000: score=11.508180 loss=-0.162104 valid=1.0000 routes=9.765 grad=1.8932 seconds=28.4
Epoch 1106/5000: score=11.769481 loss=-0.167287 valid=1.0000 routes=9.914 grad=2.0362 seconds=28.8
Epoch 1107/5000: score=11.495852 loss=-0.164372 valid=1.0000 routes=9.753 grad=1.8719 seconds=25.6
Epoch 1108/5000: score=11.753585 loss=-0.158601 valid=1.0000 routes=10.009 grad=1.9708 seconds=26.7
Epoch 1109/5000: score=11.490665 loss=-0.160551 valid=1.0000 routes=10.241 grad=1.9372 seconds=27.4
Epoch 1110/5000: score=11.191955 loss=-0.157677 valid=1.0000 routes=9.432 grad=1.7753 seconds=27.8
Epoch 1111/5000: score=11.654044 loss=-0.157313 valid=1.0000 routes=10.323 grad=2.0077 seconds=28.1
Epoch 1112/5000: score=11.194215 loss=-0.171653 valid=1.0000 routes=9.784 grad=1.9178 seconds=27.8
Epoch 1113/5000: score=11.462247 loss=-0.168461 valid=1.0000 routes=9.393 grad=1.8745 seconds=26.3
Epoch 1114/5000: score=11.517272 loss=-0.176879 valid=1.0000 routes=9.822 grad=1.9467 seconds=27.4
Epoch 1115/5000: score=11.082846 loss=-0.162978 valid=1.0000 routes=9.932 grad=1.8684 seconds=27.1
Epoch 1116/5000: score=11.866377 loss=-0.164946 valid=1.0000 routes=10.494 grad=2.0272 seconds=28.3
Epoch 1117/5000: score=11.739963 loss=-0.162798 valid=1.0000 routes=10.096 grad=2.0283 seconds=27.0
Epoch 1118/5000: score=11.841754 loss=-0.157898 valid=1.0000 routes=10.197 grad=1.9572 seconds=27.7
Epoch 1119/5000: score=11.020340 loss=-0.167909 valid=1.0000 routes=9.567 grad=1.8992 seconds=27.7
Epoch 1120/5000: score=11.118072 loss=-0.164510 valid=1.0000 routes=9.784 grad=1.8648 seconds=26.9
Epoch 1121/5000: score=11.622935 loss=-0.169359 valid=1.0000 routes=10.229 grad=1.9697 seconds=27.5
Epoch 1122/5000: score=11.305991 loss=-0.154475 valid=1.0000 routes=9.906 grad=1.8365 seconds=27.0
Epoch 1123/5000: score=11.748533 loss=-0.160584 valid=1.0000 routes=10.219 grad=2.0039 seconds=27.5
Epoch 1124/5000: score=11.597668 loss=-0.159406 valid=1.0000 routes=10.218 grad=2.0119 seconds=27.1
Epoch 1125/5000: score=11.166962 loss=-0.162472 valid=1.0000 routes=9.967 grad=1.8350 seconds=26.8
Epoch 1126/5000: score=10.999180 loss=-0.167054 valid=1.0000 routes=9.208 grad=1.8295 seconds=26.8
Epoch 1127/5000: score=11.296676 loss=-0.156630 valid=1.0000 routes=9.569 grad=1.7990 seconds=28.2
Epoch 1128/5000: score=11.932359 loss=-0.170595 valid=1.0000 routes=10.112 grad=2.0492 seconds=26.6
Epoch 1129/5000: score=11.572035 loss=-0.165963 valid=1.0000 routes=9.871 grad=1.9482 seconds=26.5
Epoch 1130/5000: score=11.274115 loss=-0.161485 valid=1.0000 routes=9.530 grad=1.8792 seconds=26.0
Epoch 1131/5000: score=11.595252 loss=-0.162300 valid=1.0000 routes=10.101 grad=1.8946 seconds=25.7
Epoch 1132/5000: score=11.467270 loss=-0.158770 valid=1.0000 routes=9.765 grad=1.8792 seconds=25.6
Epoch 1133/5000: score=11.518377 loss=-0.164388 valid=1.0000 routes=10.065 grad=1.9043 seconds=26.5
Epoch 1134/5000: score=11.117419 loss=-0.163466 valid=1.0000 routes=9.297 grad=1.8270 seconds=26.6
Epoch 1135/5000: score=11.597289 loss=-0.170157 valid=1.0000 routes=9.829 grad=1.9530 seconds=28.1
Epoch 1136/5000: score=11.742429 loss=-0.165935 valid=1.0000 routes=10.427 grad=2.0282 seconds=25.3
Epoch 1137/5000: score=11.483491 loss=-0.163015 valid=1.0000 routes=10.505 grad=1.9549 seconds=26.4
Epoch 1138/5000: score=11.173096 loss=-0.165722 valid=1.0000 routes=9.898 grad=1.9080 seconds=26.5
Epoch 1139/5000: score=11.502541 loss=-0.159529 valid=1.0000 routes=9.745 grad=1.8918 seconds=27.9
Epoch 1140/5000: score=11.076678 loss=-0.172130 valid=1.0000 routes=9.614 grad=1.8364 seconds=27.5
Epoch 1141/5000: score=11.545335 loss=-0.165494 valid=1.0000 routes=9.602 grad=1.9053 seconds=26.5
Epoch 1142/5000: score=11.695505 loss=-0.172587 valid=1.0000 routes=9.903 grad=2.0255 seconds=27.1
Epoch 1143/5000: score=11.151239 loss=-0.163124 valid=1.0000 routes=9.628 grad=1.8441 seconds=28.1
Epoch 1144/5000: score=11.615094 loss=-0.164685 valid=1.0000 routes=10.064 grad=1.9677 seconds=28.2
Epoch 1145/5000: score=11.632674 loss=-0.163816 valid=1.0000 routes=10.296 grad=2.0049 seconds=26.6
Epoch 1146/5000: score=11.027489 loss=-0.158417 valid=1.0000 routes=9.675 grad=1.7838 seconds=26.6
Epoch 1147/5000: score=11.556963 loss=-0.159692 valid=1.0000 routes=9.954 grad=1.8894 seconds=27.4
Epoch 1148/5000: score=11.610498 loss=-0.165464 valid=1.0000 routes=10.308 grad=2.0279 seconds=26.6
Epoch 1149/5000: score=11.817114 loss=-0.158880 valid=1.0000 routes=10.516 grad=1.9493 seconds=26.7
Epoch 1150/5000: score=11.151911 loss=-0.164516 valid=1.0000 routes=9.809 grad=1.8684 seconds=25.6
Epoch 1151/5000: score=11.625883 loss=-0.167475 valid=1.0000 routes=10.010 grad=1.9641 seconds=25.3
Epoch 1152/5000: score=11.327088 loss=-0.161045 valid=1.0000 routes=9.790 grad=1.8881 seconds=27.2
Epoch 1153/5000: score=11.549106 loss=-0.160598 valid=1.0000 routes=10.263 grad=1.9135 seconds=26.2
Epoch 1154/5000: score=11.187031 loss=-0.161108 valid=1.0000 routes=9.644 grad=1.8276 seconds=27.5
Epoch 1155/5000: score=11.364352 loss=-0.167862 valid=1.0000 routes=9.614 grad=1.8977 seconds=28.3
Epoch 1156/5000: score=11.279680 loss=-0.159732 valid=1.0000 routes=9.584 grad=1.8647 seconds=26.3
Epoch 1157/5000: score=11.111107 loss=-0.160559 valid=1.0000 routes=9.793 grad=1.8487 seconds=25.5
Epoch 1158/5000: score=11.543117 loss=-0.161358 valid=1.0000 routes=10.281 grad=1.9675 seconds=27.5
Epoch 1159/5000: score=11.463425 loss=-0.158055 valid=1.0000 routes=10.314 grad=1.9993 seconds=27.3
Epoch 1160/5000: score=11.703202 loss=-0.160358 valid=1.0000 routes=10.652 grad=2.0274 seconds=27.5
Epoch 1161/5000: score=11.494388 loss=-0.166378 valid=1.0000 routes=10.002 grad=1.9246 seconds=25.5
Epoch 1162/5000: score=11.062837 loss=-0.167079 valid=1.0000 routes=9.688 grad=1.8629 seconds=26.2
Epoch 1163/5000: score=11.649908 loss=-0.167040 valid=1.0000 routes=10.594 grad=2.0539 seconds=25.4
Epoch 1164/5000: score=11.628782 loss=-0.170478 valid=1.0000 routes=9.951 grad=1.9780 seconds=26.1
Epoch 1165/5000: score=11.313203 loss=-0.162000 valid=1.0000 routes=9.638 grad=1.8075 seconds=26.5
Epoch 1166/5000: score=11.720681 loss=-0.162245 valid=1.0000 routes=10.036 grad=1.9660 seconds=27.9
Epoch 1167/5000: score=11.602427 loss=-0.166882 valid=1.0000 routes=10.201 grad=1.9724 seconds=25.9
Epoch 1168/5000: score=11.106823 loss=-0.167931 valid=1.0000 routes=9.751 grad=1.9094 seconds=27.1
>> Invalid instances, Re-generating ...
Epoch 1169/5000: score=11.398471 loss=-0.168118 valid=1.0000 routes=10.280 grad=1.9839 seconds=27.5
Epoch 1170/5000: score=11.547495 loss=-0.172344 valid=1.0000 routes=9.539 grad=1.9770 seconds=27.5
Epoch 1171/5000: score=11.237496 loss=-0.163700 valid=1.0000 routes=9.527 grad=1.8864 seconds=27.5
Epoch 1172/5000: score=11.394141 loss=-0.160119 valid=1.0000 routes=9.880 grad=1.8949 seconds=26.5
Epoch 1173/5000: score=11.410991 loss=-0.159188 valid=1.0000 routes=9.899 grad=1.8864 seconds=27.0
Epoch 1174/5000: score=11.311970 loss=-0.163335 valid=1.0000 routes=10.152 grad=1.9372 seconds=25.4
Epoch 1175/5000: score=11.279926 loss=-0.157857 valid=1.0000 routes=10.003 grad=1.8630 seconds=26.4
Epoch 1176/5000: score=11.401984 loss=-0.155936 valid=1.0000 routes=9.721 grad=1.8126 seconds=28.7
Epoch 1177/5000: score=11.402256 loss=-0.152878 valid=1.0000 routes=9.840 grad=1.8362 seconds=28.0
Epoch 1178/5000: score=10.808885 loss=-0.161925 valid=1.0000 routes=9.358 grad=1.7651 seconds=27.6
Epoch 1179/5000: score=11.303168 loss=-0.161970 valid=1.0000 routes=9.970 grad=1.8816 seconds=27.2
Epoch 1180/5000: score=11.194994 loss=-0.169618 valid=1.0000 routes=9.674 grad=1.8797 seconds=28.4
Epoch 1181/5000: score=11.298485 loss=-0.159228 valid=1.0000 routes=9.307 grad=1.7874 seconds=27.4
Epoch 1182/5000: score=10.651578 loss=-0.165715 valid=1.0000 routes=9.207 grad=1.7759 seconds=27.5
Epoch 1183/5000: score=11.999577 loss=-0.178801 valid=1.0000 routes=10.100 grad=2.1374 seconds=26.7
Epoch 1184/5000: score=11.522090 loss=-0.159763 valid=1.0000 routes=10.210 grad=1.9836 seconds=27.9
Epoch 1185/5000: score=11.143135 loss=-0.163981 valid=1.0000 routes=9.173 grad=1.7993 seconds=27.0
Epoch 1186/5000: score=11.713938 loss=-0.160534 valid=1.0000 routes=9.765 grad=1.9231 seconds=25.8
Epoch 1187/5000: score=11.763963 loss=-0.153902 valid=1.0000 routes=10.568 grad=2.0122 seconds=25.8
Epoch 1188/5000: score=11.717595 loss=-0.156260 valid=1.0000 routes=10.192 grad=1.9274 seconds=26.0
Epoch 1189/5000: score=11.792888 loss=-0.161904 valid=1.0000 routes=10.191 grad=1.9803 seconds=26.6
Epoch 1190/5000: score=11.438011 loss=-0.168155 valid=1.0000 routes=10.023 grad=1.9474 seconds=25.8
Epoch 1191/5000: score=11.536663 loss=-0.171865 valid=1.0000 routes=10.107 grad=1.9870 seconds=25.0
Epoch 1192/5000: score=11.342168 loss=-0.153313 valid=1.0000 routes=9.941 grad=1.8588 seconds=25.7
Epoch 1193/5000: score=11.196951 loss=-0.155352 valid=1.0000 routes=9.855 grad=1.8314 seconds=26.2
Epoch 1194/5000: score=11.630247 loss=-0.166349 valid=1.0000 routes=10.066 grad=1.9758 seconds=25.5
Epoch 1195/5000: score=10.806981 loss=-0.160125 valid=1.0000 routes=8.844 grad=1.7010 seconds=27.1
Epoch 1196/5000: score=11.709357 loss=-0.170716 valid=1.0000 routes=10.082 grad=2.0259 seconds=26.5
Epoch 1197/5000: score=12.117936 loss=-0.169051 valid=1.0000 routes=10.742 grad=2.0835 seconds=26.9
Epoch 1198/5000: score=11.659531 loss=-0.166179 valid=1.0000 routes=10.023 grad=1.9750 seconds=26.9
Epoch 1199/5000: score=12.010250 loss=-0.158036 valid=1.0000 routes=10.986 grad=2.0559 seconds=25.6
Epoch 1200/5000: score=11.890976 loss=-0.163810 valid=1.0000 routes=10.369 grad=2.0858 seconds=25.5
Epoch 1201/5000: score=11.316035 loss=-0.158343 valid=1.0000 routes=9.803 grad=1.8658 seconds=25.8
Epoch 1202/5000: score=11.031594 loss=-0.170376 valid=1.0000 routes=8.983 grad=1.8027 seconds=27.5
Epoch 1203/5000: score=11.666775 loss=-0.171973 valid=1.0000 routes=9.495 grad=1.9769 seconds=25.5
Epoch 1204/5000: score=11.622380 loss=-0.165533 valid=1.0000 routes=9.923 grad=1.9627 seconds=26.9
Epoch 1205/5000: score=11.444431 loss=-0.166128 valid=1.0000 routes=10.019 grad=1.8863 seconds=25.6
Epoch 1206/5000: score=11.709317 loss=-0.165935 valid=1.0000 routes=9.629 grad=1.9397 seconds=25.5
Epoch 1207/5000: score=11.265801 loss=-0.155597 valid=1.0000 routes=10.101 grad=1.8127 seconds=26.4
Epoch 1208/5000: score=11.538369 loss=-0.164333 valid=1.0000 routes=10.062 grad=1.9512 seconds=25.5
Epoch 1209/5000: score=11.511621 loss=-0.159084 valid=1.0000 routes=10.046 grad=1.9173 seconds=26.7
Epoch 1210/5000: score=12.295534 loss=-0.167097 valid=1.0000 routes=10.441 grad=2.1767 seconds=27.4
Epoch 1211/5000: score=11.546155 loss=-0.158170 valid=1.0000 routes=10.122 grad=1.9415 seconds=25.8
Epoch 1212/5000: score=11.549150 loss=-0.165982 valid=1.0000 routes=9.573 grad=1.9410 seconds=25.3
Epoch 1213/5000: score=11.563667 loss=-0.157840 valid=1.0000 routes=9.927 grad=1.9242 seconds=25.5
Epoch 1214/5000: score=11.351727 loss=-0.153629 valid=1.0000 routes=10.084 grad=1.8589 seconds=26.7
Epoch 1215/5000: score=11.704441 loss=-0.155822 valid=1.0000 routes=9.652 grad=1.9023 seconds=26.4
Epoch 1216/5000: score=12.008607 loss=-0.172825 valid=1.0000 routes=9.714 grad=2.0852 seconds=26.0
Epoch 1217/5000: score=11.164645 loss=-0.158965 valid=1.0000 routes=9.974 grad=1.8406 seconds=26.0
Epoch 1218/5000: score=11.925881 loss=-0.164267 valid=1.0000 routes=9.951 grad=1.9865 seconds=25.6
Epoch 1219/5000: score=11.603006 loss=-0.163201 valid=1.0000 routes=9.920 grad=2.0212 seconds=26.1
Epoch 1220/5000: score=11.335299 loss=-0.159618 valid=1.0000 routes=9.403 grad=1.8134 seconds=25.5
Epoch 1221/5000: score=11.692599 loss=-0.151344 valid=1.0000 routes=10.717 grad=1.9468 seconds=25.4
Epoch 1222/5000: score=11.220866 loss=-0.157196 valid=1.0000 routes=10.125 grad=1.9165 seconds=26.4
Epoch 1223/5000: score=11.058726 loss=-0.161493 valid=1.0000 routes=9.336 grad=1.8238 seconds=25.4
Epoch 1224/5000: score=11.740860 loss=-0.170539 valid=1.0000 routes=10.240 grad=2.0727 seconds=24.9
Epoch 1225/5000: score=11.296354 loss=-0.160291 valid=1.0000 routes=9.697 grad=1.8649 seconds=25.9
Epoch 1226/5000: score=11.751328 loss=-0.162316 valid=1.0000 routes=10.135 grad=1.9709 seconds=26.3
Epoch 1227/5000: score=11.605283 loss=-0.163685 valid=1.0000 routes=10.321 grad=1.9297 seconds=26.1
Epoch 1228/5000: score=12.110263 loss=-0.159162 valid=1.0000 routes=10.398 grad=2.0942 seconds=25.4
Epoch 1229/5000: score=11.461396 loss=-0.155721 valid=1.0000 routes=9.905 grad=1.9129 seconds=26.3
Epoch 1230/5000: score=11.471188 loss=-0.157011 valid=1.0000 routes=10.131 grad=1.8886 seconds=25.0
Epoch 1231/5000: score=11.260457 loss=-0.158600 valid=1.0000 routes=9.972 grad=1.9150 seconds=26.3
Epoch 1232/5000: score=10.877302 loss=-0.159837 valid=1.0000 routes=9.255 grad=1.7076 seconds=25.8
Epoch 1233/5000: score=11.712866 loss=-0.153729 valid=1.0000 routes=10.312 grad=1.9755 seconds=25.2
Epoch 1234/5000: score=10.897848 loss=-0.152612 valid=1.0000 routes=9.754 grad=1.7450 seconds=25.3
Epoch 1235/5000: score=11.331217 loss=-0.158178 valid=1.0000 routes=9.717 grad=1.8946 seconds=25.7
Epoch 1236/5000: score=11.821731 loss=-0.157555 valid=1.0000 routes=10.341 grad=2.0354 seconds=24.9
Epoch 1237/5000: score=11.640565 loss=-0.158666 valid=1.0000 routes=10.042 grad=1.9307 seconds=24.6
Epoch 1238/5000: score=10.951339 loss=-0.148351 valid=1.0000 routes=9.471 grad=1.7543 seconds=25.6
Epoch 1239/5000: score=11.191658 loss=-0.154889 valid=1.0000 routes=9.569 grad=1.8732 seconds=25.0
Epoch 1240/5000: score=11.360821 loss=-0.156784 valid=1.0000 routes=10.198 grad=1.8936 seconds=25.2
Epoch 1241/5000: score=11.471653 loss=-0.159663 valid=1.0000 routes=9.892 grad=1.9338 seconds=24.7
Epoch 1242/5000: score=11.492082 loss=-0.168695 valid=1.0000 routes=9.417 grad=1.9482 seconds=25.2
Epoch 1243/5000: score=11.408631 loss=-0.159719 valid=1.0000 routes=9.671 grad=1.8557 seconds=25.4
Epoch 1244/5000: score=11.263246 loss=-0.157381 valid=1.0000 routes=9.902 grad=1.8473 seconds=25.9
Epoch 1245/5000: score=11.849898 loss=-0.163820 valid=1.0000 routes=10.240 grad=2.0421 seconds=25.2
Epoch 1246/5000: score=11.353071 loss=-0.168081 valid=1.0000 routes=9.759 grad=1.8876 seconds=25.1
Epoch 1247/5000: score=11.302510 loss=-0.167017 valid=1.0000 routes=9.793 grad=1.9041 seconds=25.1
Epoch 1248/5000: score=11.045576 loss=-0.158473 valid=1.0000 routes=10.142 grad=1.8841 seconds=24.9
Epoch 1249/5000: score=11.272240 loss=-0.149124 valid=1.0000 routes=10.240 grad=1.8225 seconds=24.4
Epoch 1250/5000: score=11.451391 loss=-0.165605 valid=1.0000 routes=9.601 grad=1.8830 seconds=25.0
Epoch 1251/5000: score=12.069636 loss=-0.165754 valid=1.0000 routes=10.071 grad=1.9751 seconds=24.8
Epoch 1252/5000: score=11.368988 loss=-0.161164 valid=1.0000 routes=9.579 grad=1.9062 seconds=24.3
Epoch 1253/5000: score=11.603356 loss=-0.162823 valid=1.0000 routes=9.800 grad=1.9308 seconds=24.8
Epoch 1254/5000: score=11.856483 loss=-0.158312 valid=1.0000 routes=9.775 grad=1.9567 seconds=26.0
Epoch 1255/5000: score=11.212498 loss=-0.157112 valid=1.0000 routes=9.929 grad=1.8320 seconds=25.7
Epoch 1256/5000: score=11.703795 loss=-0.166505 valid=1.0000 routes=9.949 grad=2.0075 seconds=25.8
Epoch 1257/5000: score=11.539715 loss=-0.155205 valid=1.0000 routes=10.207 grad=1.9584 seconds=24.3
Epoch 1258/5000: score=11.239482 loss=-0.160597 valid=1.0000 routes=9.613 grad=1.8564 seconds=24.3
Epoch 1259/5000: score=11.591550 loss=-0.162817 valid=1.0000 routes=9.869 grad=1.9832 seconds=26.0
Epoch 1260/5000: score=11.291855 loss=-0.155958 valid=1.0000 routes=10.419 grad=1.9152 seconds=25.0
Epoch 1261/5000: score=11.882419 loss=-0.155858 valid=1.0000 routes=10.180 grad=1.9660 seconds=24.7
Epoch 1262/5000: score=11.403325 loss=-0.154965 valid=1.0000 routes=10.356 grad=1.9346 seconds=25.2
Epoch 1263/5000: score=11.177792 loss=-0.164120 valid=1.0000 routes=9.668 grad=1.8803 seconds=24.8
Epoch 1264/5000: score=11.128107 loss=-0.158073 valid=1.0000 routes=9.839 grad=1.8281 seconds=25.8
Epoch 1265/5000: score=11.463790 loss=-0.166112 valid=1.0000 routes=9.902 grad=1.9208 seconds=25.9
Epoch 1266/5000: score=11.626443 loss=-0.159052 valid=1.0000 routes=10.078 grad=1.9192 seconds=24.6
Epoch 1267/5000: score=11.388010 loss=-0.164437 valid=1.0000 routes=9.887 grad=1.9351 seconds=24.8
Epoch 1268/5000: score=11.762495 loss=-0.163701 valid=1.0000 routes=9.880 grad=1.9731 seconds=24.7
Epoch 1269/5000: score=11.635050 loss=-0.150348 valid=1.0000 routes=10.584 grad=2.0052 seconds=25.9
Epoch 1270/5000: score=12.015430 loss=-0.166634 valid=1.0000 routes=10.595 grad=2.1524 seconds=24.3
Epoch 1271/5000: score=11.697490 loss=-0.163060 valid=1.0000 routes=10.189 grad=2.0144 seconds=24.7
Epoch 1272/5000: score=11.017371 loss=-0.162299 valid=1.0000 routes=9.697 grad=1.7760 seconds=24.2
Epoch 1273/5000: score=11.448196 loss=-0.158778 valid=1.0000 routes=9.573 grad=1.8303 seconds=25.1
Epoch 1274/5000: score=11.175603 loss=-0.166371 valid=1.0000 routes=9.481 grad=1.8091 seconds=26.8
Epoch 1275/5000: score=10.951311 loss=-0.155195 valid=1.0000 routes=9.673 grad=1.7552 seconds=24.0
Epoch 1276/5000: score=11.568595 loss=-0.163919 valid=1.0000 routes=9.573 grad=1.9156 seconds=24.3
Epoch 1277/5000: score=11.126942 loss=-0.164437 valid=1.0000 routes=9.655 grad=1.8217 seconds=25.1
Epoch 1278/5000: score=11.657811 loss=-0.162770 valid=1.0000 routes=9.539 grad=1.8923 seconds=24.7
Epoch 1279/5000: score=11.359062 loss=-0.146584 valid=1.0000 routes=9.631 grad=1.7509 seconds=25.8
Epoch 1280/5000: score=11.071772 loss=-0.154255 valid=1.0000 routes=9.615 grad=1.7559 seconds=24.4
Epoch 1281/5000: score=11.592450 loss=-0.163407 valid=1.0000 routes=10.214 grad=2.0570 seconds=24.3
Epoch 1282/5000: score=12.026453 loss=-0.168623 valid=1.0000 routes=10.440 grad=2.0070 seconds=24.8
Epoch 1283/5000: score=11.460427 loss=-0.163460 valid=1.0000 routes=9.993 grad=1.9170 seconds=24.6
Epoch 1284/5000: score=11.067262 loss=-0.158548 valid=1.0000 routes=9.850 grad=1.8312 seconds=25.2
Epoch 1285/5000: score=11.886259 loss=-0.156283 valid=1.0000 routes=10.679 grad=2.0168 seconds=26.0
Epoch 1286/5000: score=11.179535 loss=-0.156875 valid=1.0000 routes=9.653 grad=1.8643 seconds=24.3
Epoch 1287/5000: score=11.441595 loss=-0.163401 valid=1.0000 routes=9.780 grad=1.9276 seconds=24.3
Epoch 1288/5000: score=11.309428 loss=-0.158400 valid=1.0000 routes=9.554 grad=1.7940 seconds=24.2
Epoch 1289/5000: score=11.760119 loss=-0.159499 valid=1.0000 routes=10.282 grad=2.0038 seconds=24.0
Epoch 1290/5000: score=11.170979 loss=-0.162588 valid=1.0000 routes=9.417 grad=1.8164 seconds=26.0
Epoch 1291/5000: score=11.237160 loss=-0.157229 valid=1.0000 routes=9.533 grad=1.8228 seconds=25.1
Epoch 1292/5000: score=11.025853 loss=-0.156883 valid=1.0000 routes=10.230 grad=1.8859 seconds=24.0
>> Invalid instances, Re-generating ...
Epoch 1293/5000: score=11.403303 loss=-0.158049 valid=1.0000 routes=9.873 grad=1.8692 seconds=23.9
Epoch 1294/5000: score=11.432619 loss=-0.157379 valid=1.0000 routes=9.514 grad=1.8220 seconds=24.4
Epoch 1295/5000: score=11.363457 loss=-0.158119 valid=1.0000 routes=9.496 grad=1.8190 seconds=25.5
Epoch 1296/5000: score=11.043141 loss=-0.160876 valid=1.0000 routes=9.214 grad=1.7704 seconds=25.2
Epoch 1297/5000: score=11.763821 loss=-0.164210 valid=1.0000 routes=10.229 grad=2.0443 seconds=25.0
Epoch 1298/5000: score=10.955510 loss=-0.147899 valid=1.0000 routes=10.310 grad=1.7826 seconds=24.7
Epoch 1299/5000: score=11.953940 loss=-0.164011 valid=1.0000 routes=10.565 grad=2.0616 seconds=25.0
Epoch 1300/5000: score=11.155698 loss=-0.154790 valid=1.0000 routes=9.382 grad=1.7902 seconds=24.5
Epoch 1301/5000: score=11.641264 loss=-0.165671 valid=1.0000 routes=10.144 grad=1.9730 seconds=24.3
Epoch 1302/5000: score=11.027355 loss=-0.159937 valid=1.0000 routes=9.573 grad=1.7989 seconds=25.6
Epoch 1303/5000: score=11.143540 loss=-0.160297 valid=1.0000 routes=9.454 grad=1.8528 seconds=25.0
Epoch 1304/5000: score=11.602459 loss=-0.162725 valid=1.0000 routes=9.619 grad=1.8585 seconds=24.1
Epoch 1305/5000: score=11.368705 loss=-0.160152 valid=1.0000 routes=9.979 grad=1.8810 seconds=24.0
Epoch 1306/5000: score=11.075652 loss=-0.166758 valid=1.0000 routes=9.285 grad=1.8392 seconds=24.2
Epoch 1307/5000: score=11.391449 loss=-0.159293 valid=1.0000 routes=10.591 grad=1.9257 seconds=25.0
Epoch 1308/5000: score=11.771575 loss=-0.159292 valid=1.0000 routes=9.576 grad=1.9166 seconds=25.1
Epoch 1309/5000: score=11.328533 loss=-0.160796 valid=1.0000 routes=9.591 grad=1.8386 seconds=24.6
Epoch 1310/5000: score=11.794264 loss=-0.160740 valid=1.0000 routes=10.468 grad=2.0420 seconds=24.0
Epoch 1311/5000: score=11.053432 loss=-0.151518 valid=1.0000 routes=9.331 grad=1.7608 seconds=24.6
Epoch 1312/5000: score=11.108280 loss=-0.155582 valid=1.0000 routes=9.701 grad=1.7801 seconds=24.5
Epoch 1313/5000: score=11.055394 loss=-0.149156 valid=1.0000 routes=9.586 grad=1.7492 seconds=25.2
Epoch 1314/5000: score=11.215949 loss=-0.159984 valid=1.0000 routes=9.997 grad=1.9141 seconds=24.3
Epoch 1315/5000: score=11.279310 loss=-0.155937 valid=1.0000 routes=9.357 grad=1.8005 seconds=24.4
Epoch 1316/5000: score=11.944351 loss=-0.162598 valid=1.0000 routes=9.836 grad=1.9922 seconds=25.9
Epoch 1317/5000: score=11.371484 loss=-0.152940 valid=1.0000 routes=10.259 grad=1.9162 seconds=26.9
Epoch 1318/5000: score=11.466117 loss=-0.147966 valid=1.0000 routes=10.387 grad=1.8765 seconds=25.6
Epoch 1319/5000: score=11.717566 loss=-0.156638 valid=1.0000 routes=10.238 grad=1.9452 seconds=27.1
Epoch 1320/5000: score=11.491933 loss=-0.159604 valid=1.0000 routes=9.958 grad=1.9252 seconds=25.2
Epoch 1321/5000: score=11.497982 loss=-0.164164 valid=1.0000 routes=9.258 grad=1.8978 seconds=26.1
Epoch 1322/5000: score=10.817973 loss=-0.160453 valid=1.0000 routes=9.014 grad=1.7456 seconds=26.1
Epoch 1323/5000: score=11.507591 loss=-0.156489 valid=1.0000 routes=10.046 grad=1.9293 seconds=27.5
Epoch 1324/5000: score=11.437451 loss=-0.161817 valid=1.0000 routes=9.810 grad=1.9259 seconds=27.6
Epoch 1325/5000: score=11.265106 loss=-0.149856 valid=1.0000 routes=9.812 grad=1.8205 seconds=27.0
Epoch 1326/5000: score=10.918957 loss=-0.158570 valid=1.0000 routes=8.721 grad=1.6809 seconds=26.2
Epoch 1327/5000: score=11.350900 loss=-0.159823 valid=1.0000 routes=9.674 grad=1.8555 seconds=26.3
Epoch 1328/5000: score=11.082348 loss=-0.156968 valid=1.0000 routes=9.368 grad=1.7631 seconds=26.5
Epoch 1329/5000: score=11.707279 loss=-0.162552 valid=1.0000 routes=10.145 grad=2.0009 seconds=27.3
Epoch 1330/5000: score=11.747056 loss=-0.157207 valid=1.0000 routes=10.123 grad=1.9961 seconds=27.9
Epoch 1331/5000: score=12.030120 loss=-0.156838 valid=1.0000 routes=10.344 grad=2.0382 seconds=26.0
Epoch 1332/5000: score=11.575929 loss=-0.165647 valid=1.0000 routes=9.713 grad=1.9763 seconds=25.2
Epoch 1333/5000: score=11.159614 loss=-0.160082 valid=1.0000 routes=9.531 grad=1.8124 seconds=27.2
Epoch 1334/5000: score=11.343195 loss=-0.161287 valid=1.0000 routes=9.930 grad=1.8742 seconds=27.5
Epoch 1335/5000: score=12.085805 loss=-0.158483 valid=1.0000 routes=10.565 grad=2.0442 seconds=26.1
Epoch 1336/5000: score=11.845776 loss=-0.159145 valid=1.0000 routes=10.020 grad=1.9667 seconds=26.9
Epoch 1337/5000: score=11.295840 loss=-0.154765 valid=1.0000 routes=9.481 grad=1.7984 seconds=27.9
Epoch 1338/5000: score=11.996232 loss=-0.158222 valid=1.0000 routes=9.812 grad=1.9596 seconds=27.4
Epoch 1339/5000: score=11.436602 loss=-0.160183 valid=1.0000 routes=9.419 grad=1.8672 seconds=27.1
Epoch 1340/5000: score=11.624113 loss=-0.154470 valid=1.0000 routes=9.934 grad=1.9515 seconds=24.7
Epoch 1341/5000: score=11.738229 loss=-0.158838 valid=1.0000 routes=10.565 grad=2.0233 seconds=23.7
Epoch 1342/5000: score=11.633332 loss=-0.165903 valid=1.0000 routes=10.244 grad=1.9780 seconds=26.3
Epoch 1343/5000: score=11.408712 loss=-0.163004 valid=1.0000 routes=9.405 grad=1.8634 seconds=27.9
Epoch 1344/5000: score=11.590992 loss=-0.154556 valid=1.0000 routes=10.310 grad=1.9354 seconds=27.2
Epoch 1345/5000: score=11.324589 loss=-0.151492 valid=1.0000 routes=10.005 grad=1.8436 seconds=26.9
Epoch 1346/5000: score=11.202146 loss=-0.152258 valid=1.0000 routes=9.077 grad=1.7721 seconds=26.9
Epoch 1347/5000: score=11.251496 loss=-0.148686 valid=1.0000 routes=10.241 grad=1.9060 seconds=26.4
Epoch 1348/5000: score=11.438537 loss=-0.151457 valid=1.0000 routes=9.948 grad=1.8881 seconds=27.1
Epoch 1349/5000: score=11.220328 loss=-0.150967 valid=1.0000 routes=10.109 grad=1.8400 seconds=26.9
Epoch 1350/5000: score=11.280647 loss=-0.150369 valid=1.0000 routes=10.067 grad=1.8233 seconds=26.1
Epoch 1351/5000: score=11.145290 loss=-0.149683 valid=1.0000 routes=10.416 grad=1.9037 seconds=26.6
Epoch 1352/5000: score=11.321595 loss=-0.157708 valid=1.0000 routes=9.775 grad=1.9038 seconds=26.6
Epoch 1353/5000: score=11.216120 loss=-0.156588 valid=1.0000 routes=10.556 grad=1.9545 seconds=27.4
Epoch 1354/5000: score=11.159044 loss=-0.166527 valid=1.0000 routes=9.634 grad=1.8388 seconds=26.8
Epoch 1355/5000: score=11.183680 loss=-0.151671 valid=1.0000 routes=9.689 grad=1.7679 seconds=25.6
Epoch 1356/5000: score=11.517458 loss=-0.155263 valid=1.0000 routes=10.417 grad=1.9271 seconds=26.0
Epoch 1357/5000: score=11.395046 loss=-0.162039 valid=1.0000 routes=9.748 grad=1.8293 seconds=26.3
Epoch 1358/5000: score=11.609686 loss=-0.166072 valid=1.0000 routes=9.956 grad=1.9425 seconds=27.4
Epoch 1359/5000: score=11.047604 loss=-0.163538 valid=1.0000 routes=9.781 grad=1.8394 seconds=27.2
Epoch 1360/5000: score=11.332070 loss=-0.157835 valid=1.0000 routes=9.752 grad=1.8512 seconds=26.0
Epoch 1361/5000: score=11.393441 loss=-0.157725 valid=1.0000 routes=9.923 grad=1.9068 seconds=26.1
Epoch 1362/5000: score=11.965033 loss=-0.162847 valid=1.0000 routes=10.320 grad=2.0937 seconds=26.6
Epoch 1363/5000: score=11.348507 loss=-0.150710 valid=1.0000 routes=9.979 grad=1.8134 seconds=27.1
Epoch 1364/5000: score=10.948554 loss=-0.150495 valid=1.0000 routes=9.642 grad=1.7343 seconds=26.8
Epoch 1365/5000: score=10.824953 loss=-0.147644 valid=1.0000 routes=9.628 grad=1.7381 seconds=24.8
Epoch 1366/5000: score=11.151321 loss=-0.162086 valid=1.0000 routes=9.148 grad=1.7856 seconds=24.9
Epoch 1367/5000: score=11.660062 loss=-0.151784 valid=1.0000 routes=10.713 grad=1.9922 seconds=26.4
Epoch 1368/5000: score=11.662877 loss=-0.159946 valid=1.0000 routes=9.896 grad=1.9418 seconds=27.1
Epoch 1369/5000: score=10.724956 loss=-0.159991 valid=1.0000 routes=9.508 grad=1.7585 seconds=28.4
Epoch 1370/5000: score=11.203216 loss=-0.163781 valid=1.0000 routes=9.961 grad=1.9008 seconds=25.8
Epoch 1371/5000: score=11.235706 loss=-0.156688 valid=1.0000 routes=9.530 grad=1.8028 seconds=26.1
Epoch 1372/5000: score=11.072734 loss=-0.158900 valid=1.0000 routes=9.536 grad=1.8185 seconds=26.4
Epoch 1373/5000: score=11.569072 loss=-0.152129 valid=1.0000 routes=10.668 grad=1.9669 seconds=27.0
Epoch 1374/5000: score=11.665338 loss=-0.153385 valid=1.0000 routes=10.168 grad=1.9792 seconds=27.3
Epoch 1375/5000: score=11.606443 loss=-0.152675 valid=1.0000 routes=10.430 grad=1.9494 seconds=26.3
Epoch 1376/5000: score=11.387460 loss=-0.157913 valid=1.0000 routes=9.776 grad=1.8767 seconds=25.9
Epoch 1377/5000: score=11.720562 loss=-0.169592 valid=1.0000 routes=9.627 grad=1.9688 seconds=25.5
Epoch 1378/5000: score=11.453703 loss=-0.151117 valid=1.0000 routes=9.941 grad=1.8920 seconds=27.5
Epoch 1379/5000: score=11.246217 loss=-0.161755 valid=1.0000 routes=9.749 grad=1.8342 seconds=26.5
Epoch 1380/5000: score=12.023232 loss=-0.159889 valid=1.0000 routes=10.094 grad=2.0109 seconds=26.1
Epoch 1381/5000: score=11.255908 loss=-0.149900 valid=1.0000 routes=9.880 grad=1.7982 seconds=25.7
Epoch 1382/5000: score=11.475866 loss=-0.160347 valid=1.0000 routes=9.846 grad=1.8753 seconds=25.6
Epoch 1383/5000: score=11.571077 loss=-0.159030 valid=1.0000 routes=10.067 grad=1.9199 seconds=27.5
Epoch 1384/5000: score=11.005650 loss=-0.161934 valid=1.0000 routes=9.481 grad=1.8238 seconds=26.7
Epoch 1385/5000: score=11.075156 loss=-0.157292 valid=1.0000 routes=9.776 grad=1.8153 seconds=25.1
Epoch 1386/5000: score=11.218637 loss=-0.156982 valid=1.0000 routes=9.732 grad=1.8387 seconds=25.0
Epoch 1387/5000: score=11.447529 loss=-0.156383 valid=1.0000 routes=9.870 grad=1.9209 seconds=28.4
Epoch 1388/5000: score=11.090757 loss=-0.167126 valid=1.0000 routes=9.559 grad=1.8461 seconds=26.8
Epoch 1389/5000: score=11.592138 loss=-0.165019 valid=1.0000 routes=10.028 grad=1.9800 seconds=25.6
Epoch 1390/5000: score=11.200020 loss=-0.159434 valid=1.0000 routes=9.338 grad=1.8032 seconds=25.5
Epoch 1391/5000: score=11.541136 loss=-0.154559 valid=1.0000 routes=9.990 grad=1.9566 seconds=26.0
Epoch 1392/5000: score=11.395577 loss=-0.165909 valid=1.0000 routes=10.259 grad=1.9237 seconds=26.6
Epoch 1393/5000: score=11.780208 loss=-0.164150 valid=1.0000 routes=10.168 grad=1.9912 seconds=27.6
Epoch 1394/5000: score=11.347941 loss=-0.166853 valid=1.0000 routes=9.229 grad=1.8677 seconds=28.1
Epoch 1395/5000: score=11.688934 loss=-0.161971 valid=1.0000 routes=10.445 grad=1.9947 seconds=27.4
Epoch 1396/5000: score=11.200862 loss=-0.166618 valid=1.0000 routes=9.250 grad=1.8240 seconds=26.4
Epoch 1397/5000: score=11.500730 loss=-0.151291 valid=1.0000 routes=10.439 grad=1.9442 seconds=26.5
Epoch 1398/5000: score=11.510365 loss=-0.157928 valid=1.0000 routes=10.295 grad=1.9403 seconds=27.3
Epoch 1399/5000: score=11.727033 loss=-0.156966 valid=1.0000 routes=10.072 grad=1.9623 seconds=24.6
Epoch 1400/5000: score=11.467374 loss=-0.150652 valid=1.0000 routes=10.102 grad=1.8739 seconds=23.8
Epoch 1401/5000: score=11.080976 loss=-0.155613 valid=1.0000 routes=9.977 grad=1.8519 seconds=25.7
Epoch 1402/5000: score=12.225920 loss=-0.171743 valid=1.0000 routes=10.489 grad=2.1629 seconds=26.6
Epoch 1403/5000: score=11.573099 loss=-0.157707 valid=1.0000 routes=9.577 grad=1.8846 seconds=27.2
Epoch 1404/5000: score=11.673715 loss=-0.165398 valid=1.0000 routes=10.016 grad=2.0035 seconds=26.4
Epoch 1405/5000: score=10.971113 loss=-0.157775 valid=1.0000 routes=9.640 grad=1.7880 seconds=26.0
Epoch 1406/5000: score=11.256910 loss=-0.153488 valid=1.0000 routes=9.809 grad=1.8558 seconds=24.8
Epoch 1407/5000: score=11.476771 loss=-0.153899 valid=1.0000 routes=9.906 grad=1.8545 seconds=25.9
Epoch 1408/5000: score=11.227475 loss=-0.147076 valid=1.0000 routes=9.863 grad=1.7595 seconds=26.7
Epoch 1409/5000: score=11.654257 loss=-0.157906 valid=1.0000 routes=10.515 grad=1.9801 seconds=25.7
Epoch 1410/5000: score=11.470989 loss=-0.162880 valid=1.0000 routes=9.539 grad=1.8546 seconds=25.9
Epoch 1411/5000: score=11.987000 loss=-0.160094 valid=1.0000 routes=10.212 grad=1.9523 seconds=27.3
Epoch 1412/5000: score=11.646612 loss=-0.156520 valid=1.0000 routes=10.024 grad=1.9441 seconds=26.8
Epoch 1413/5000: score=11.641962 loss=-0.159201 valid=1.0000 routes=9.782 grad=1.9282 seconds=27.1
Epoch 1414/5000: score=11.262492 loss=-0.157925 valid=1.0000 routes=9.808 grad=1.8817 seconds=28.4
Epoch 1415/5000: score=11.391301 loss=-0.157867 valid=1.0000 routes=10.088 grad=1.9157 seconds=26.5
Epoch 1416/5000: score=11.766050 loss=-0.165489 valid=1.0000 routes=10.114 grad=2.0116 seconds=29.9
Epoch 1417/5000: score=11.797178 loss=-0.163279 valid=1.0000 routes=10.161 grad=2.0278 seconds=25.9
Epoch 1418/5000: score=11.386035 loss=-0.152149 valid=1.0000 routes=9.400 grad=1.8479 seconds=26.7
Epoch 1419/5000: score=11.278903 loss=-0.160221 valid=1.0000 routes=9.783 grad=1.9063 seconds=26.9
Epoch 1420/5000: score=11.233331 loss=-0.159637 valid=1.0000 routes=9.614 grad=1.8485 seconds=26.4
Epoch 1421/5000: score=11.240800 loss=-0.157097 valid=1.0000 routes=10.157 grad=1.8805 seconds=25.2
Epoch 1422/5000: score=11.482051 loss=-0.160070 valid=1.0000 routes=9.566 grad=1.8733 seconds=26.3
Epoch 1423/5000: score=11.295818 loss=-0.156887 valid=1.0000 routes=9.533 grad=1.8044 seconds=27.3
Epoch 1424/5000: score=11.797387 loss=-0.161463 valid=1.0000 routes=9.846 grad=1.9805 seconds=26.2
Epoch 1425/5000: score=11.827652 loss=-0.167561 valid=1.0000 routes=9.754 grad=1.9699 seconds=26.2
Epoch 1426/5000: score=11.403467 loss=-0.162301 valid=1.0000 routes=10.324 grad=1.9394 seconds=27.3
Epoch 1427/5000: score=11.832487 loss=-0.156906 valid=1.0000 routes=9.856 grad=1.9273 seconds=27.1
Epoch 1428/5000: score=11.478223 loss=-0.156687 valid=1.0000 routes=9.415 grad=1.8378 seconds=27.1
Epoch 1429/5000: score=11.263769 loss=-0.152716 valid=1.0000 routes=9.792 grad=1.8508 seconds=26.3
Epoch 1430/5000: score=11.573641 loss=-0.156964 valid=1.0000 routes=9.988 grad=1.8962 seconds=26.5
Epoch 1431/5000: score=11.626870 loss=-0.155012 valid=1.0000 routes=10.356 grad=2.0118 seconds=26.0
Epoch 1432/5000: score=11.663398 loss=-0.160408 valid=1.0000 routes=10.159 grad=1.9833 seconds=27.3
Epoch 1433/5000: score=11.431091 loss=-0.152944 valid=1.0000 routes=9.885 grad=1.8488 seconds=26.4
>> Invalid instances, Re-generating ...
Epoch 1434/5000: score=11.839416 loss=-0.160813 valid=1.0000 routes=9.878 grad=1.9066 seconds=26.1
Epoch 1435/5000: score=11.268274 loss=-0.148821 valid=1.0000 routes=9.928 grad=1.8329 seconds=26.3
Epoch 1436/5000: score=11.228555 loss=-0.149374 valid=1.0000 routes=10.036 grad=1.8061 seconds=26.0
Epoch 1437/5000: score=11.661320 loss=-0.160550 valid=1.0000 routes=9.697 grad=1.9087 seconds=27.1
Epoch 1438/5000: score=10.923606 loss=-0.150607 valid=1.0000 routes=9.113 grad=1.6808 seconds=27.1
Epoch 1439/5000: score=11.109115 loss=-0.153017 valid=1.0000 routes=9.843 grad=1.8177 seconds=30.2
Epoch 1440/5000: score=11.086520 loss=-0.154360 valid=1.0000 routes=10.311 grad=1.7981 seconds=26.0
Epoch 1441/5000: score=11.501983 loss=-0.160387 valid=1.0000 routes=9.579 grad=1.9484 seconds=26.4
Epoch 1442/5000: score=11.383094 loss=-0.142409 valid=1.0000 routes=10.485 grad=1.8710 seconds=27.1
Epoch 1443/5000: score=11.142850 loss=-0.153900 valid=1.0000 routes=9.619 grad=1.7939 seconds=27.6
Epoch 1444/5000: score=11.673759 loss=-0.161101 valid=1.0000 routes=9.803 grad=1.9388 seconds=26.7
Epoch 1445/5000: score=11.515934 loss=-0.170460 valid=1.0000 routes=9.704 grad=2.0056 seconds=26.9
Epoch 1446/5000: score=10.927496 loss=-0.149549 valid=1.0000 routes=9.641 grad=1.7432 seconds=25.3
Epoch 1447/5000: score=11.233765 loss=-0.148489 valid=1.0000 routes=9.774 grad=1.7880 seconds=27.1
Epoch 1448/5000: score=11.611926 loss=-0.163866 valid=1.0000 routes=9.837 grad=1.9943 seconds=27.0
Epoch 1449/5000: score=11.354011 loss=-0.158797 valid=1.0000 routes=10.153 grad=1.8974 seconds=26.2
Epoch 1450/5000: score=11.354421 loss=-0.152552 valid=1.0000 routes=9.327 grad=1.7792 seconds=28.4
Epoch 1451/5000: score=11.375425 loss=-0.158398 valid=1.0000 routes=9.936 grad=1.8706 seconds=26.5
Epoch 1452/5000: score=11.277840 loss=-0.148035 valid=1.0000 routes=9.893 grad=1.7577 seconds=27.0
Epoch 1453/5000: score=11.503831 loss=-0.153646 valid=1.0000 routes=10.183 grad=1.9612 seconds=28.0
Epoch 1454/5000: score=11.251582 loss=-0.154757 valid=1.0000 routes=9.751 grad=1.8929 seconds=26.4
Epoch 1455/5000: score=11.494388 loss=-0.152517 valid=1.0000 routes=9.880 grad=1.8818 seconds=26.2
Epoch 1456/5000: score=11.769292 loss=-0.155592 valid=1.0000 routes=9.867 grad=1.9443 seconds=26.7
Epoch 1457/5000: score=11.610825 loss=-0.150011 valid=1.0000 routes=10.229 grad=1.9890 seconds=27.4
Epoch 1458/5000: score=11.474360 loss=-0.160649 valid=1.0000 routes=9.977 grad=1.9705 seconds=26.4
Epoch 1459/5000: score=11.203040 loss=-0.145573 valid=1.0000 routes=9.873 grad=1.8103 seconds=25.9
Epoch 1460/5000: score=11.143542 loss=-0.149270 valid=1.0000 routes=10.105 grad=1.8187 seconds=27.1
Epoch 1461/5000: score=11.312597 loss=-0.148880 valid=1.0000 routes=10.082 grad=1.8566 seconds=27.0
Epoch 1462/5000: score=11.820598 loss=-0.162642 valid=1.0000 routes=10.641 grad=2.0814 seconds=27.0
Epoch 1463/5000: score=11.530190 loss=-0.163704 valid=1.0000 routes=9.373 grad=1.9020 seconds=25.8
Epoch 1464/5000: score=11.602846 loss=-0.153517 valid=1.0000 routes=9.825 grad=1.9051 seconds=24.2
Epoch 1465/5000: score=11.826155 loss=-0.158277 valid=1.0000 routes=9.731 grad=1.9324 seconds=25.7
Epoch 1466/5000: score=11.463411 loss=-0.148906 valid=1.0000 routes=9.850 grad=1.8446 seconds=25.5
Epoch 1467/5000: score=11.417547 loss=-0.146874 valid=1.0000 routes=9.711 grad=1.8310 seconds=29.9
Epoch 1468/5000: score=11.220503 loss=-0.155617 valid=1.0000 routes=9.655 grad=1.8209 seconds=27.7
Epoch 1469/5000: score=11.792274 loss=-0.157586 valid=1.0000 routes=10.136 grad=1.9244 seconds=26.1
Epoch 1470/5000: score=10.925253 loss=-0.151086 valid=1.0000 routes=9.207 grad=1.7065 seconds=26.7
Epoch 1471/5000: score=11.447812 loss=-0.151051 valid=1.0000 routes=9.786 grad=1.8536 seconds=30.1
Epoch 1472/5000: score=11.467991 loss=-0.150108 valid=1.0000 routes=9.854 grad=1.9142 seconds=27.2
Epoch 1473/5000: score=11.412622 loss=-0.156254 valid=1.0000 routes=10.149 grad=1.9061 seconds=26.5
Epoch 1474/5000: score=11.104144 loss=-0.146991 valid=1.0000 routes=9.799 grad=1.7927 seconds=26.6
Epoch 1475/5000: score=11.878696 loss=-0.162800 valid=1.0000 routes=10.154 grad=2.0014 seconds=26.9
Epoch 1476/5000: score=11.035506 loss=-0.155417 valid=1.0000 routes=9.663 grad=1.7887 seconds=27.4
Epoch 1477/5000: score=11.416830 loss=-0.151858 valid=1.0000 routes=9.937 grad=1.8557 seconds=27.4
Epoch 1478/5000: score=11.761122 loss=-0.157973 valid=1.0000 routes=9.695 grad=1.9477 seconds=25.0
Epoch 1479/5000: score=11.508681 loss=-0.152913 valid=1.0000 routes=9.989 grad=1.9418 seconds=25.1
Epoch 1480/5000: score=11.674347 loss=-0.159297 valid=1.0000 routes=10.090 grad=1.9691 seconds=27.5
Epoch 1481/5000: score=11.269503 loss=-0.150260 valid=1.0000 routes=9.820 grad=1.8038 seconds=27.1
Epoch 1482/5000: score=11.711765 loss=-0.152308 valid=1.0000 routes=10.132 grad=1.9077 seconds=27.4
Epoch 1483/5000: score=11.226981 loss=-0.151298 valid=1.0000 routes=9.510 grad=1.7272 seconds=29.8
Epoch 1484/5000: score=11.685451 loss=-0.157994 valid=1.0000 routes=10.090 grad=1.9306 seconds=27.4
Epoch 1485/5000: score=11.510623 loss=-0.157170 valid=1.0000 routes=10.031 grad=1.8651 seconds=26.1
Epoch 1486/5000: score=11.285252 loss=-0.154079 valid=1.0000 routes=10.037 grad=1.8703 seconds=27.6
Epoch 1487/5000: score=11.613494 loss=-0.153476 valid=1.0000 routes=9.948 grad=1.8876 seconds=27.1
Epoch 1488/5000: score=11.528213 loss=-0.155280 valid=1.0000 routes=10.213 grad=1.9368 seconds=28.9
Epoch 1489/5000: score=11.830364 loss=-0.156515 valid=1.0000 routes=9.445 grad=1.9541 seconds=26.1
Epoch 1490/5000: score=11.785626 loss=-0.161227 valid=1.0000 routes=9.838 grad=1.9492 seconds=24.9
Epoch 1491/5000: score=11.685310 loss=-0.154113 valid=1.0000 routes=10.252 grad=1.9538 seconds=26.8
Epoch 1492/5000: score=11.547736 loss=-0.151104 valid=1.0000 routes=10.107 grad=1.8688 seconds=26.7
Epoch 1493/5000: score=11.197899 loss=-0.146685 valid=1.0000 routes=9.793 grad=1.8199 seconds=25.4
Epoch 1494/5000: score=11.495721 loss=-0.160154 valid=1.0000 routes=9.898 grad=1.9273 seconds=26.4
Epoch 1495/5000: score=10.786017 loss=-0.154321 valid=1.0000 routes=9.523 grad=1.7223 seconds=26.4
Epoch 1496/5000: score=11.597181 loss=-0.153694 valid=1.0000 routes=10.021 grad=1.8383 seconds=27.0
Epoch 1497/5000: score=11.066420 loss=-0.157529 valid=1.0000 routes=9.738 grad=1.8259 seconds=26.9
Epoch 1498/5000: score=11.514356 loss=-0.161386 valid=1.0000 routes=9.993 grad=1.9522 seconds=26.1
Epoch 1499/5000: score=11.479005 loss=-0.154144 valid=1.0000 routes=10.066 grad=1.9091 seconds=25.9
Epoch 1500/5000: score=11.283875 loss=-0.164606 valid=1.0000 routes=9.623 grad=1.8870 seconds=26.6
Epoch 1501/5000: score=11.202456 loss=-0.166420 valid=1.0000 routes=9.130 grad=1.8320 seconds=27.8
Epoch 1502/5000: score=11.433788 loss=-0.162095 valid=1.0000 routes=9.986 grad=1.9249 seconds=27.0
Epoch 1503/5000: score=11.337509 loss=-0.152732 valid=1.0000 routes=10.115 grad=1.9168 seconds=28.9
Epoch 1504/5000: score=11.557724 loss=-0.161832 valid=1.0000 routes=9.962 grad=1.9620 seconds=26.0
Epoch 1505/5000: score=11.471232 loss=-0.156528 valid=1.0000 routes=10.062 grad=1.9212 seconds=26.2
Epoch 1506/5000: score=11.627665 loss=-0.163126 valid=1.0000 routes=9.816 grad=1.9845 seconds=27.0
Epoch 1507/5000: score=11.210808 loss=-0.147942 valid=1.0000 routes=9.930 grad=1.7868 seconds=27.7
Epoch 1508/5000: score=11.707348 loss=-0.158466 valid=1.0000 routes=10.107 grad=1.9569 seconds=26.6
Epoch 1509/5000: score=11.697898 loss=-0.161348 valid=1.0000 routes=10.110 grad=1.9414 seconds=26.1
Epoch 1510/5000: score=11.441098 loss=-0.168093 valid=1.0000 routes=9.502 grad=1.9505 seconds=27.0
Epoch 1511/5000: score=11.221734 loss=-0.163343 valid=1.0000 routes=9.956 grad=1.8856 seconds=26.7
Epoch 1512/5000: score=12.140696 loss=-0.153445 valid=1.0000 routes=10.409 grad=2.0859 seconds=27.4
Epoch 1513/5000: score=12.066602 loss=-0.161242 valid=1.0000 routes=10.094 grad=2.0396 seconds=26.2
Epoch 1514/5000: score=11.572241 loss=-0.153883 valid=1.0000 routes=10.008 grad=1.9396 seconds=25.0
Epoch 1515/5000: score=11.080358 loss=-0.151877 valid=1.0000 routes=9.348 grad=1.7047 seconds=24.6
Epoch 1516/5000: score=11.517642 loss=-0.161544 valid=1.0000 routes=9.822 grad=1.9387 seconds=27.5
Epoch 1517/5000: score=11.683235 loss=-0.159040 valid=1.0000 routes=9.667 grad=1.9153 seconds=26.2
Epoch 1518/5000: score=11.725364 loss=-0.151935 valid=1.0000 routes=9.678 grad=1.8531 seconds=25.4
Epoch 1519/5000: score=10.906350 loss=-0.157670 valid=1.0000 routes=9.435 grad=1.7728 seconds=26.5
Epoch 1520/5000: score=11.241045 loss=-0.155039 valid=1.0000 routes=9.601 grad=1.7900 seconds=26.7
Epoch 1521/5000: score=11.537432 loss=-0.160839 valid=1.0000 routes=9.878 grad=1.9036 seconds=27.2
Epoch 1522/5000: score=11.716336 loss=-0.153111 valid=1.0000 routes=10.298 grad=1.8958 seconds=27.0
Epoch 1523/5000: score=11.861392 loss=-0.161275 valid=1.0000 routes=10.321 grad=2.0192 seconds=26.1
Epoch 1524/5000: score=11.736098 loss=-0.161247 valid=1.0000 routes=9.985 grad=1.9644 seconds=26.0
Epoch 1525/5000: score=11.766181 loss=-0.144432 valid=1.0000 routes=10.768 grad=1.9673 seconds=26.3
Epoch 1526/5000: score=11.480390 loss=-0.160024 valid=1.0000 routes=10.265 grad=1.9638 seconds=26.9
Epoch 1527/5000: score=11.860574 loss=-0.155152 valid=1.0000 routes=10.332 grad=1.9406 seconds=26.3
Epoch 1528/5000: score=11.570745 loss=-0.155927 valid=1.0000 routes=9.921 grad=1.9111 seconds=26.1
Epoch 1529/5000: score=11.178119 loss=-0.157011 valid=1.0000 routes=9.824 grad=1.8582 seconds=26.1
Epoch 1530/5000: score=11.677791 loss=-0.143373 valid=1.0000 routes=9.745 grad=1.7917 seconds=27.8
Epoch 1531/5000: score=11.184920 loss=-0.150244 valid=1.0000 routes=9.615 grad=1.8297 seconds=27.5
Epoch 1532/5000: score=11.551064 loss=-0.161119 valid=1.0000 routes=9.747 grad=1.9402 seconds=26.5
Epoch 1533/5000: score=11.335174 loss=-0.144246 valid=1.0000 routes=9.781 grad=1.7604 seconds=27.8
Epoch 1534/5000: score=11.241561 loss=-0.151512 valid=1.0000 routes=9.696 grad=1.8207 seconds=26.3
Epoch 1535/5000: score=11.205113 loss=-0.161823 valid=1.0000 routes=9.341 grad=1.7876 seconds=27.1
Epoch 1536/5000: score=11.597321 loss=-0.158545 valid=1.0000 routes=9.967 grad=1.9594 seconds=27.0
Epoch 1537/5000: score=11.063627 loss=-0.162296 valid=1.0000 routes=10.151 grad=1.8335 seconds=24.9
Epoch 1538/5000: score=11.058645 loss=-0.157328 valid=1.0000 routes=9.305 grad=1.7497 seconds=26.6
Epoch 1539/5000: score=10.751106 loss=-0.147365 valid=1.0000 routes=9.079 grad=1.6303 seconds=26.1
Epoch 1540/5000: score=11.906675 loss=-0.160563 valid=1.0000 routes=10.396 grad=2.0542 seconds=26.9
Epoch 1541/5000: score=11.480341 loss=-0.154537 valid=1.0000 routes=9.913 grad=1.9438 seconds=27.5
Epoch 1542/5000: score=12.034825 loss=-0.160013 valid=1.0000 routes=10.114 grad=2.0439 seconds=26.7
Epoch 1543/5000: score=11.621625 loss=-0.148792 valid=1.0000 routes=10.318 grad=1.8875 seconds=26.1
Epoch 1544/5000: score=11.418400 loss=-0.152092 valid=1.0000 routes=9.904 grad=1.9195 seconds=26.1
Epoch 1545/5000: score=11.448303 loss=-0.153258 valid=1.0000 routes=10.434 grad=1.9321 seconds=26.8
Epoch 1546/5000: score=11.895804 loss=-0.158825 valid=1.0000 routes=10.539 grad=2.0381 seconds=27.4
Epoch 1547/5000: score=11.125519 loss=-0.152137 valid=1.0000 routes=9.552 grad=1.7674 seconds=27.2
Epoch 1548/5000: score=11.710217 loss=-0.159834 valid=1.0000 routes=9.603 grad=1.9102 seconds=26.2
Epoch 1549/5000: score=12.150337 loss=-0.153697 valid=1.0000 routes=10.112 grad=2.0449 seconds=27.0
Epoch 1550/5000: score=11.725846 loss=-0.154819 valid=1.0000 routes=9.797 grad=1.8916 seconds=27.4
Epoch 1551/5000: score=11.816088 loss=-0.140384 valid=1.0000 routes=10.442 grad=2.0007 seconds=27.1
Epoch 1552/5000: score=11.302852 loss=-0.158406 valid=1.0000 routes=9.892 grad=1.8808 seconds=26.4
Epoch 1553/5000: score=11.497651 loss=-0.157900 valid=1.0000 routes=10.126 grad=1.9094 seconds=27.6
Epoch 1554/5000: score=11.779918 loss=-0.159326 valid=1.0000 routes=9.757 grad=1.9677 seconds=26.4
Epoch 1555/5000: score=11.213167 loss=-0.147665 valid=1.0000 routes=9.541 grad=1.7443 seconds=30.1
Epoch 1556/5000: score=11.980210 loss=-0.161281 valid=1.0000 routes=9.902 grad=1.9685 seconds=27.0
Epoch 1557/5000: score=11.418515 loss=-0.163647 valid=1.0000 routes=9.827 grad=1.9703 seconds=24.7
Epoch 1558/5000: score=11.625523 loss=-0.160538 valid=1.0000 routes=9.735 grad=1.9378 seconds=26.0
Epoch 1559/5000: score=11.388776 loss=-0.154780 valid=1.0000 routes=9.874 grad=1.8892 seconds=25.9
Epoch 1560/5000: score=11.426947 loss=-0.154148 valid=1.0000 routes=9.583 grad=1.8662 seconds=27.2
Epoch 1561/5000: score=11.278569 loss=-0.147979 valid=1.0000 routes=9.749 grad=1.8486 seconds=27.4
Epoch 1562/5000: score=11.637491 loss=-0.159662 valid=1.0000 routes=10.285 grad=1.9715 seconds=29.6
Epoch 1563/5000: score=12.019030 loss=-0.164268 valid=1.0000 routes=10.189 grad=2.0576 seconds=26.0
Epoch 1564/5000: score=11.914913 loss=-0.160923 valid=1.0000 routes=10.234 grad=1.9655 seconds=26.4
Epoch 1565/5000: score=11.681155 loss=-0.147082 valid=1.0000 routes=10.530 grad=1.9524 seconds=27.6
Epoch 1566/5000: score=11.712652 loss=-0.147278 valid=1.0000 routes=10.072 grad=1.9398 seconds=28.1
Epoch 1567/5000: score=11.208085 loss=-0.152418 valid=1.0000 routes=9.082 grad=1.7666 seconds=25.5
Epoch 1568/5000: score=11.060769 loss=-0.150357 valid=1.0000 routes=9.635 grad=1.8154 seconds=26.1
Epoch 1569/5000: score=11.556961 loss=-0.159797 valid=1.0000 routes=9.973 grad=1.9906 seconds=27.3
Epoch 1570/5000: score=11.580602 loss=-0.149929 valid=1.0000 routes=9.811 grad=1.9074 seconds=27.5
Epoch 1571/5000: score=11.616351 loss=-0.159010 valid=1.0000 routes=9.944 grad=1.9408 seconds=26.6
Epoch 1572/5000: score=11.389257 loss=-0.144286 valid=1.0000 routes=9.946 grad=1.8143 seconds=24.6
Epoch 1573/5000: score=11.238189 loss=-0.148034 valid=1.0000 routes=9.343 grad=1.8052 seconds=25.2
Epoch 1574/5000: score=11.563653 loss=-0.160780 valid=1.0000 routes=10.054 grad=1.9704 seconds=27.2
Epoch 1575/5000: score=11.290205 loss=-0.159485 valid=1.0000 routes=9.473 grad=1.8680 seconds=27.4
Epoch 1576/5000: score=11.041455 loss=-0.154817 valid=1.0000 routes=10.136 grad=1.8174 seconds=28.0
Epoch 1577/5000: score=11.240663 loss=-0.155000 valid=1.0000 routes=9.816 grad=1.8867 seconds=26.0
Epoch 1578/5000: score=11.596947 loss=-0.149963 valid=1.0000 routes=10.083 grad=1.9080 seconds=25.0
Epoch 1579/5000: score=11.381889 loss=-0.154292 valid=1.0000 routes=10.398 grad=1.8919 seconds=29.4
Epoch 1580/5000: score=11.443517 loss=-0.152355 valid=1.0000 routes=9.554 grad=1.7480 seconds=27.0
Epoch 1581/5000: score=11.543551 loss=-0.156516 valid=1.0000 routes=9.652 grad=1.8788 seconds=26.3
Epoch 1582/5000: score=11.637845 loss=-0.150175 valid=1.0000 routes=9.716 grad=1.8657 seconds=26.0
Epoch 1583/5000: score=11.956412 loss=-0.152536 valid=1.0000 routes=10.435 grad=2.0292 seconds=24.6
Epoch 1584/5000: score=11.628724 loss=-0.148963 valid=1.0000 routes=9.780 grad=1.8907 seconds=27.4
Epoch 1585/5000: score=11.604011 loss=-0.148305 valid=1.0000 routes=10.049 grad=1.8833 seconds=27.3
Epoch 1586/5000: score=11.172928 loss=-0.151366 valid=1.0000 routes=9.834 grad=1.8208 seconds=27.1
Epoch 1587/5000: score=11.073170 loss=-0.146480 valid=1.0000 routes=9.410 grad=1.7388 seconds=26.2
Epoch 1588/5000: score=11.358898 loss=-0.151148 valid=1.0000 routes=9.721 grad=1.8297 seconds=24.8
Epoch 1589/5000: score=11.931666 loss=-0.153099 valid=1.0000 routes=10.500 grad=2.0263 seconds=28.0
Epoch 1590/5000: score=11.335870 loss=-0.153058 valid=1.0000 routes=9.377 grad=1.7935 seconds=27.5
Epoch 1591/5000: score=11.547128 loss=-0.151917 valid=1.0000 routes=9.823 grad=1.8647 seconds=27.9
Epoch 1592/5000: score=11.273149 loss=-0.160661 valid=1.0000 routes=9.490 grad=1.8963 seconds=24.5
Epoch 1593/5000: score=11.554281 loss=-0.156540 valid=1.0000 routes=9.817 grad=1.9448 seconds=26.8
Epoch 1594/5000: score=11.193164 loss=-0.150864 valid=1.0000 routes=10.015 grad=1.8137 seconds=27.2
Epoch 1595/5000: score=10.763220 loss=-0.156703 valid=1.0000 routes=9.254 grad=1.7224 seconds=26.4
Epoch 1596/5000: score=11.840716 loss=-0.144256 valid=1.0000 routes=10.508 grad=1.9948 seconds=27.0
Epoch 1597/5000: score=11.636403 loss=-0.162750 valid=1.0000 routes=9.811 grad=2.0161 seconds=24.2
Epoch 1598/5000: score=11.270462 loss=-0.140984 valid=1.0000 routes=9.889 grad=1.8098 seconds=26.3
Epoch 1599/5000: score=11.608925 loss=-0.147384 valid=1.0000 routes=9.664 grad=1.8563 seconds=27.3
Epoch 1600/5000: score=11.729361 loss=-0.156162 valid=1.0000 routes=9.787 grad=1.9335 seconds=27.2
Epoch 1601/5000: score=11.538936 loss=-0.162013 valid=1.0000 routes=10.263 grad=1.9976 seconds=26.2
Epoch 1602/5000: score=11.691281 loss=-0.169950 valid=1.0000 routes=9.517 grad=1.9972 seconds=26.0
Epoch 1603/5000: score=11.663642 loss=-0.154958 valid=1.0000 routes=10.140 grad=1.8753 seconds=27.1
Epoch 1604/5000: score=11.472882 loss=-0.149544 valid=1.0000 routes=9.596 grad=1.8179 seconds=26.0
Epoch 1605/5000: score=11.565513 loss=-0.147497 valid=1.0000 routes=10.222 grad=1.9071 seconds=23.6
Epoch 1606/5000: score=11.669956 loss=-0.156473 valid=1.0000 routes=9.837 grad=1.8844 seconds=24.6
Epoch 1607/5000: score=11.144689 loss=-0.155842 valid=1.0000 routes=9.916 grad=1.7834 seconds=24.6
Epoch 1608/5000: score=11.419641 loss=-0.155164 valid=1.0000 routes=10.047 grad=1.9042 seconds=26.5
Epoch 1609/5000: score=11.426548 loss=-0.147888 valid=1.0000 routes=10.767 grad=1.8766 seconds=27.1
Epoch 1610/5000: score=11.671426 loss=-0.153285 valid=1.0000 routes=10.290 grad=1.9618 seconds=26.1
Epoch 1611/5000: score=11.210371 loss=-0.152758 valid=1.0000 routes=9.644 grad=1.7881 seconds=26.0
Epoch 1612/5000: score=11.403605 loss=-0.151273 valid=1.0000 routes=9.562 grad=1.8231 seconds=26.0
Epoch 1613/5000: score=11.875289 loss=-0.156197 valid=1.0000 routes=10.388 grad=1.9619 seconds=27.5
Epoch 1614/5000: score=10.948294 loss=-0.147185 valid=1.0000 routes=9.593 grad=1.7488 seconds=27.2
Epoch 1615/5000: score=11.777594 loss=-0.155394 valid=1.0000 routes=10.127 grad=1.9662 seconds=26.3
Epoch 1616/5000: score=11.102123 loss=-0.144910 valid=1.0000 routes=9.426 grad=1.7087 seconds=26.9
Epoch 1617/5000: score=11.265406 loss=-0.147900 valid=1.0000 routes=10.024 grad=1.8044 seconds=26.1
Epoch 1618/5000: score=11.144595 loss=-0.151856 valid=1.0000 routes=9.969 grad=1.8244 seconds=26.0
Epoch 1619/5000: score=11.979157 loss=-0.154591 valid=1.0000 routes=10.116 grad=2.0200 seconds=26.5
Epoch 1620/5000: score=11.644986 loss=-0.159960 valid=1.0000 routes=9.576 grad=1.8745 seconds=26.2
Epoch 1621/5000: score=11.698534 loss=-0.153004 valid=1.0000 routes=10.180 grad=1.9085 seconds=26.3
Epoch 1622/5000: score=11.551632 loss=-0.152021 valid=1.0000 routes=10.190 grad=1.9288 seconds=26.4
Epoch 1623/5000: score=11.697282 loss=-0.151786 valid=1.0000 routes=10.158 grad=1.8790 seconds=27.1
Epoch 1624/5000: score=10.950700 loss=-0.159716 valid=1.0000 routes=9.111 grad=1.8048 seconds=26.8
Epoch 1625/5000: score=11.138030 loss=-0.152023 valid=1.0000 routes=9.910 grad=1.8216 seconds=27.1
Epoch 1626/5000: score=11.329550 loss=-0.148555 valid=1.0000 routes=9.431 grad=1.7673 seconds=25.4
Epoch 1627/5000: score=11.283490 loss=-0.160156 valid=1.0000 routes=9.592 grad=1.8219 seconds=28.0
Epoch 1628/5000: score=11.526331 loss=-0.156841 valid=1.0000 routes=10.041 grad=1.9304 seconds=27.5
Epoch 1629/5000: score=11.286331 loss=-0.149588 valid=1.0000 routes=10.007 grad=1.8285 seconds=27.4
Epoch 1630/5000: score=10.836788 loss=-0.150747 valid=1.0000 routes=9.746 grad=1.7478 seconds=25.4
Epoch 1631/5000: score=11.413731 loss=-0.146860 valid=1.0000 routes=9.779 grad=1.8294 seconds=27.0
Epoch 1632/5000: score=11.413683 loss=-0.158462 valid=1.0000 routes=9.935 grad=1.9219 seconds=27.9
Epoch 1633/5000: score=11.644683 loss=-0.153930 valid=1.0000 routes=9.803 grad=1.9051 seconds=27.3
Epoch 1634/5000: score=11.250377 loss=-0.155521 valid=1.0000 routes=9.482 grad=1.7710 seconds=26.0
Epoch 1635/5000: score=11.290346 loss=-0.152409 valid=1.0000 routes=10.070 grad=1.8311 seconds=25.8
Epoch 1636/5000: score=11.617942 loss=-0.156661 valid=1.0000 routes=9.789 grad=1.9279 seconds=26.0
Epoch 1637/5000: score=11.266013 loss=-0.157579 valid=1.0000 routes=9.898 grad=1.8338 seconds=27.6
Epoch 1638/5000: score=11.676519 loss=-0.147652 valid=1.0000 routes=10.062 grad=1.9131 seconds=26.8
Epoch 1639/5000: score=10.841432 loss=-0.160583 valid=1.0000 routes=9.069 grad=1.7638 seconds=27.7
Epoch 1640/5000: score=11.897689 loss=-0.150960 valid=1.0000 routes=10.700 grad=1.9176 seconds=26.6
Epoch 1641/5000: score=11.758110 loss=-0.150875 valid=1.0000 routes=10.448 grad=1.9444 seconds=24.6
Epoch 1642/5000: score=11.614006 loss=-0.156718 valid=1.0000 routes=9.591 grad=1.8630 seconds=27.1
Epoch 1643/5000: score=11.287610 loss=-0.154576 valid=1.0000 routes=9.903 grad=1.8816 seconds=28.0
Epoch 1644/5000: score=11.927366 loss=-0.149646 valid=1.0000 routes=10.438 grad=1.9945 seconds=26.2
Epoch 1645/5000: score=11.163750 loss=-0.152437 valid=1.0000 routes=9.904 grad=1.8418 seconds=26.3
Epoch 1646/5000: score=11.946250 loss=-0.152280 valid=1.0000 routes=10.357 grad=1.9830 seconds=25.1
Epoch 1647/5000: score=11.283934 loss=-0.151328 valid=1.0000 routes=9.700 grad=1.8749 seconds=27.4
Epoch 1648/5000: score=11.662518 loss=-0.146266 valid=1.0000 routes=10.585 grad=1.9702 seconds=27.9
Epoch 1649/5000: score=11.305938 loss=-0.150465 valid=1.0000 routes=9.792 grad=1.8399 seconds=26.4
Epoch 1650/5000: score=11.677602 loss=-0.155467 valid=1.0000 routes=10.431 grad=1.9881 seconds=26.0
Epoch 1651/5000: score=11.894092 loss=-0.158922 valid=1.0000 routes=10.123 grad=2.0039 seconds=27.3
Epoch 1652/5000: score=12.055083 loss=-0.154335 valid=1.0000 routes=10.005 grad=1.9876 seconds=27.6
Epoch 1653/5000: score=11.715091 loss=-0.157408 valid=1.0000 routes=10.264 grad=1.9298 seconds=26.9
Epoch 1654/5000: score=11.383448 loss=-0.148466 valid=1.0000 routes=9.576 grad=1.8670 seconds=26.2
Epoch 1655/5000: score=11.405529 loss=-0.155874 valid=1.0000 routes=9.683 grad=1.8847 seconds=25.0
Epoch 1656/5000: score=11.477799 loss=-0.149614 valid=1.0000 routes=9.849 grad=1.8301 seconds=27.0
Epoch 1657/5000: score=11.544333 loss=-0.150505 valid=1.0000 routes=9.905 grad=1.8629 seconds=27.0
Epoch 1658/5000: score=11.833392 loss=-0.153373 valid=1.0000 routes=10.134 grad=1.9534 seconds=27.5
Epoch 1659/5000: score=10.854308 loss=-0.138204 valid=1.0000 routes=9.556 grad=1.5991 seconds=25.8
Epoch 1660/5000: score=11.596884 loss=-0.150013 valid=1.0000 routes=9.850 grad=1.9142 seconds=26.4
Epoch 1661/5000: score=11.479817 loss=-0.147582 valid=1.0000 routes=9.764 grad=1.8039 seconds=27.7
Epoch 1662/5000: score=11.294453 loss=-0.146088 valid=1.0000 routes=10.102 grad=1.8266 seconds=26.7
Epoch 1663/5000: score=11.434951 loss=-0.151384 valid=1.0000 routes=10.479 grad=1.9180 seconds=24.9
Epoch 1664/5000: score=11.396211 loss=-0.161858 valid=1.0000 routes=9.647 grad=1.8779 seconds=26.2
Epoch 1665/5000: score=11.005520 loss=-0.145431 valid=1.0000 routes=9.442 grad=1.7274 seconds=26.8
Epoch 1666/5000: score=11.024110 loss=-0.147905 valid=1.0000 routes=9.692 grad=1.7355 seconds=28.4
Epoch 1667/5000: score=11.548441 loss=-0.157680 valid=1.0000 routes=10.125 grad=1.9621 seconds=28.1
Epoch 1668/5000: score=11.595088 loss=-0.158282 valid=1.0000 routes=9.461 grad=1.8693 seconds=26.6
Epoch 1669/5000: score=11.488502 loss=-0.149491 valid=1.0000 routes=9.945 grad=1.8747 seconds=26.4
Epoch 1670/5000: score=11.165657 loss=-0.167664 valid=1.0000 routes=9.420 grad=1.8821 seconds=26.1
Epoch 1671/5000: score=11.627027 loss=-0.151233 valid=1.0000 routes=9.512 grad=1.8206 seconds=27.1
Epoch 1672/5000: score=11.095708 loss=-0.143777 valid=1.0000 routes=9.634 grad=1.7145 seconds=26.3
Epoch 1673/5000: score=10.988672 loss=-0.148258 valid=1.0000 routes=9.738 grad=1.8115 seconds=25.3
Epoch 1674/5000: score=11.399433 loss=-0.158296 valid=1.0000 routes=9.474 grad=1.8322 seconds=26.2
Epoch 1675/5000: score=11.854172 loss=-0.158969 valid=1.0000 routes=9.894 grad=1.9420 seconds=27.0
Epoch 1676/5000: score=11.761357 loss=-0.158499 valid=1.0000 routes=9.725 grad=1.9219 seconds=27.2
Epoch 1677/5000: score=11.400109 loss=-0.148225 valid=1.0000 routes=10.137 grad=1.8807 seconds=26.8
Epoch 1678/5000: score=11.644497 loss=-0.153556 valid=1.0000 routes=9.893 grad=1.8528 seconds=25.6
Epoch 1679/5000: score=11.268934 loss=-0.152291 valid=1.0000 routes=9.446 grad=1.7784 seconds=26.0
Epoch 1680/5000: score=11.474893 loss=-0.147602 valid=1.0000 routes=10.134 grad=1.9320 seconds=26.0
Epoch 1681/5000: score=11.481626 loss=-0.156213 valid=1.0000 routes=10.006 grad=1.9123 seconds=27.1
Epoch 1682/5000: score=11.933803 loss=-0.160987 valid=1.0000 routes=10.570 grad=2.0855 seconds=26.0
Epoch 1683/5000: score=11.550770 loss=-0.147294 valid=1.0000 routes=10.348 grad=1.8897 seconds=25.1
Epoch 1684/5000: score=11.595395 loss=-0.150311 valid=1.0000 routes=9.844 grad=1.8627 seconds=26.9
Epoch 1685/5000: score=11.904968 loss=-0.162817 valid=1.0000 routes=9.929 grad=2.0286 seconds=27.0
Epoch 1686/5000: score=11.924464 loss=-0.154311 valid=1.0000 routes=10.504 grad=2.0982 seconds=27.0
Epoch 1687/5000: score=11.845758 loss=-0.147118 valid=1.0000 routes=10.283 grad=1.9116 seconds=25.8
Epoch 1688/5000: score=11.947874 loss=-0.151933 valid=1.0000 routes=9.993 grad=2.0299 seconds=26.2
Epoch 1689/5000: score=12.084024 loss=-0.152462 valid=1.0000 routes=10.325 grad=2.0191 seconds=26.4
Epoch 1690/5000: score=11.944740 loss=-0.151088 valid=1.0000 routes=10.171 grad=1.9446 seconds=26.9
Epoch 1691/5000: score=11.473744 loss=-0.143076 valid=1.0000 routes=9.603 grad=1.7417 seconds=26.4
Epoch 1692/5000: score=11.269071 loss=-0.145839 valid=1.0000 routes=9.727 grad=1.7917 seconds=26.7
Epoch 1693/5000: score=11.264586 loss=-0.157095 valid=1.0000 routes=9.870 grad=1.8694 seconds=26.8
Epoch 1694/5000: score=10.956277 loss=-0.144244 valid=1.0000 routes=9.285 grad=1.6587 seconds=27.5
Epoch 1695/5000: score=11.259615 loss=-0.148651 valid=1.0000 routes=9.914 grad=1.8207 seconds=29.9
Epoch 1696/5000: score=11.420545 loss=-0.154041 valid=1.0000 routes=10.315 grad=1.9536 seconds=26.7
Epoch 1697/5000: score=12.263242 loss=-0.162904 valid=1.0000 routes=10.278 grad=2.1384 seconds=26.0
Epoch 1698/5000: score=11.563814 loss=-0.155230 valid=1.0000 routes=10.085 grad=1.8756 seconds=26.1
Epoch 1699/5000: score=11.687793 loss=-0.154012 valid=1.0000 routes=10.078 grad=1.9344 seconds=27.2
Epoch 1700/5000: score=11.617672 loss=-0.153204 valid=1.0000 routes=10.132 grad=1.9204 seconds=27.4
Epoch 1701/5000: score=12.208776 loss=-0.150445 valid=1.0000 routes=10.349 grad=2.0418 seconds=26.8
Epoch 1702/5000: score=12.026765 loss=-0.157461 valid=1.0000 routes=10.214 grad=1.9712 seconds=24.1
Epoch 1703/5000: score=11.453981 loss=-0.154025 valid=1.0000 routes=10.025 grad=1.9001 seconds=25.9
Epoch 1704/5000: score=11.729314 loss=-0.169080 valid=1.0000 routes=9.929 grad=2.0556 seconds=27.4
Epoch 1705/5000: score=11.367878 loss=-0.155244 valid=1.0000 routes=9.663 grad=1.8200 seconds=27.7
Epoch 1706/5000: score=11.748853 loss=-0.151067 valid=1.0000 routes=9.923 grad=1.8625 seconds=28.1
Epoch 1707/5000: score=11.493864 loss=-0.143192 valid=1.0000 routes=10.380 grad=1.8513 seconds=24.9
Epoch 1708/5000: score=11.541097 loss=-0.156944 valid=1.0000 routes=9.467 grad=1.8735 seconds=25.6
Epoch 1709/5000: score=11.251474 loss=-0.156099 valid=1.0000 routes=9.743 grad=1.8230 seconds=27.7
Epoch 1710/5000: score=11.776340 loss=-0.146936 valid=1.0000 routes=10.537 grad=1.9780 seconds=27.5
Epoch 1711/5000: score=10.977953 loss=-0.154151 valid=1.0000 routes=9.279 grad=1.7244 seconds=26.3
Epoch 1712/5000: score=11.798265 loss=-0.156270 valid=1.0000 routes=10.254 grad=1.9782 seconds=25.3
Epoch 1713/5000: score=11.704772 loss=-0.153309 valid=1.0000 routes=9.789 grad=1.9214 seconds=24.5
Epoch 1714/5000: score=11.621170 loss=-0.148503 valid=1.0000 routes=9.864 grad=1.8551 seconds=26.2
Epoch 1715/5000: score=11.862064 loss=-0.155203 valid=1.0000 routes=10.453 grad=1.9489 seconds=25.7
Epoch 1716/5000: score=11.829781 loss=-0.152106 valid=1.0000 routes=9.959 grad=1.9422 seconds=25.9
Epoch 1717/5000: score=10.840622 loss=-0.153531 valid=1.0000 routes=9.460 grad=1.7084 seconds=26.6
Epoch 1718/5000: score=11.514072 loss=-0.146007 valid=1.0000 routes=10.653 grad=1.9228 seconds=29.5
Epoch 1719/5000: score=10.793108 loss=-0.156735 valid=1.0000 routes=9.005 grad=1.7234 seconds=27.4
Epoch 1720/5000: score=11.989427 loss=-0.162904 valid=1.0000 routes=10.774 grad=2.0896 seconds=27.6
Epoch 1721/5000: score=11.376340 loss=-0.161204 valid=1.0000 routes=10.109 grad=1.8989 seconds=26.6
>> Invalid instances, Re-generating ...
Epoch 1722/5000: score=11.418815 loss=-0.151588 valid=1.0000 routes=9.880 grad=1.8501 seconds=23.7
Epoch 1723/5000: score=11.491031 loss=-0.153606 valid=1.0000 routes=10.181 grad=1.8994 seconds=25.8
Epoch 1724/5000: score=11.686962 loss=-0.145751 valid=1.0000 routes=10.280 grad=1.9146 seconds=27.3
Epoch 1725/5000: score=11.078168 loss=-0.137403 valid=1.0000 routes=9.876 grad=1.7285 seconds=27.6
Epoch 1726/5000: score=11.671044 loss=-0.152423 valid=1.0000 routes=9.804 grad=1.8743 seconds=24.9
Epoch 1727/5000: score=11.714451 loss=-0.158744 valid=1.0000 routes=10.207 grad=1.9446 seconds=26.3
Epoch 1728/5000: score=11.449350 loss=-0.159910 valid=1.0000 routes=10.120 grad=1.9209 seconds=27.3
Epoch 1729/5000: score=11.270077 loss=-0.152344 valid=1.0000 routes=9.626 grad=1.7688 seconds=28.7
Epoch 1730/5000: score=11.225793 loss=-0.146539 valid=1.0000 routes=9.490 grad=1.7769 seconds=28.7
Epoch 1731/5000: score=11.239615 loss=-0.156871 valid=1.0000 routes=9.701 grad=1.8128 seconds=27.5
Epoch 1732/5000: score=11.260125 loss=-0.157777 valid=1.0000 routes=9.647 grad=1.7912 seconds=28.0
Epoch 1733/5000: score=11.593449 loss=-0.144699 valid=1.0000 routes=10.170 grad=1.8331 seconds=27.1
Epoch 1734/5000: score=11.352362 loss=-0.149585 valid=1.0000 routes=9.964 grad=1.8540 seconds=26.4
Epoch 1735/5000: score=11.097088 loss=-0.156743 valid=1.0000 routes=9.591 grad=1.8492 seconds=27.9
Epoch 1736/5000: score=11.234913 loss=-0.157725 valid=1.0000 routes=9.555 grad=1.8594 seconds=26.0
Epoch 1737/5000: score=12.418292 loss=-0.170240 valid=1.0000 routes=10.788 grad=2.1741 seconds=26.5
Epoch 1738/5000: score=11.556840 loss=-0.148506 valid=1.0000 routes=9.616 grad=1.7985 seconds=27.3
Epoch 1739/5000: score=11.385778 loss=-0.156160 valid=1.0000 routes=9.567 grad=1.8112 seconds=26.4
Epoch 1740/5000: score=11.352221 loss=-0.150254 valid=1.0000 routes=9.950 grad=1.8687 seconds=25.6
Epoch 1741/5000: score=11.060711 loss=-0.147956 valid=1.0000 routes=9.465 grad=1.6794 seconds=23.9
Epoch 1742/5000: score=11.667526 loss=-0.158602 valid=1.0000 routes=9.698 grad=1.8937 seconds=25.7
Epoch 1743/5000: score=11.499453 loss=-0.153242 valid=1.0000 routes=9.763 grad=1.8111 seconds=26.7
Epoch 1744/5000: score=11.139680 loss=-0.153561 valid=1.0000 routes=9.405 grad=1.7887 seconds=28.7
Epoch 1745/5000: score=11.063928 loss=-0.155984 valid=1.0000 routes=9.577 grad=1.7803 seconds=25.6
Epoch 1746/5000: score=11.891961 loss=-0.154677 valid=1.0000 routes=10.615 grad=2.0478 seconds=24.7
Epoch 1747/5000: score=11.528882 loss=-0.150937 valid=1.0000 routes=10.195 grad=1.8647 seconds=27.2
Epoch 1748/5000: score=11.245178 loss=-0.156343 valid=1.0000 routes=9.885 grad=1.8107 seconds=27.7
Epoch 1749/5000: score=11.538889 loss=-0.156002 valid=1.0000 routes=10.022 grad=1.9606 seconds=28.6
Epoch 1750/5000: score=11.450035 loss=-0.165037 valid=1.0000 routes=9.739 grad=1.9094 seconds=26.4
Epoch 1751/5000: score=11.158450 loss=-0.159392 valid=1.0000 routes=9.416 grad=1.8418 seconds=26.6
Epoch 1752/5000: score=11.345152 loss=-0.159940 valid=1.0000 routes=9.564 grad=1.8728 seconds=28.8
Epoch 1753/5000: score=11.434402 loss=-0.140033 valid=1.0000 routes=10.091 grad=1.8318 seconds=27.2
Epoch 1754/5000: score=11.238634 loss=-0.148156 valid=1.0000 routes=9.715 grad=1.8087 seconds=27.2
Epoch 1755/5000: score=11.361479 loss=-0.147539 valid=1.0000 routes=10.237 grad=1.8836 seconds=26.2
Epoch 1756/5000: score=11.660404 loss=-0.155056 valid=1.0000 routes=9.931 grad=1.8998 seconds=26.8
Epoch 1757/5000: score=11.782307 loss=-0.161407 valid=1.0000 routes=10.057 grad=1.9552 seconds=27.2
Epoch 1758/5000: score=11.561973 loss=-0.150645 valid=1.0000 routes=9.711 grad=1.8350 seconds=24.1
Epoch 1759/5000: score=11.648187 loss=-0.145784 valid=1.0000 routes=10.280 grad=1.9305 seconds=26.0
Epoch 1760/5000: score=11.951488 loss=-0.159543 valid=1.0000 routes=10.895 grad=2.1636 seconds=26.4
>> Invalid instances, Re-generating ...
Epoch 1761/5000: score=11.395656 loss=-0.161735 valid=1.0000 routes=10.027 grad=1.9209 seconds=27.0
Epoch 1762/5000: score=11.761685 loss=-0.149068 valid=1.0000 routes=9.782 grad=1.8836 seconds=27.3
Epoch 1763/5000: score=11.279909 loss=-0.160792 valid=1.0000 routes=9.456 grad=1.8513 seconds=26.4
Epoch 1764/5000: score=11.900895 loss=-0.153093 valid=1.0000 routes=10.231 grad=1.9975 seconds=26.8
Epoch 1765/5000: score=11.902416 loss=-0.157894 valid=1.0000 routes=9.970 grad=2.0013 seconds=24.4
Epoch 1766/5000: score=10.859765 loss=-0.151542 valid=1.0000 routes=9.456 grad=1.7344 seconds=26.5
Epoch 1767/5000: score=11.822883 loss=-0.151693 valid=1.0000 routes=10.509 grad=1.9721 seconds=27.3
Epoch 1768/5000: score=11.745290 loss=-0.144646 valid=1.0000 routes=10.553 grad=1.9504 seconds=27.6
Epoch 1769/5000: score=11.080313 loss=-0.151073 valid=1.0000 routes=9.687 grad=1.7940 seconds=26.1
Epoch 1770/5000: score=10.637083 loss=-0.156152 valid=1.0000 routes=8.943 grad=1.6567 seconds=27.7
Epoch 1771/5000: score=11.472666 loss=-0.156442 valid=1.0000 routes=9.934 grad=1.8687 seconds=28.0
Epoch 1772/5000: score=11.398828 loss=-0.137300 valid=1.0000 routes=10.195 grad=1.8093 seconds=27.6
Epoch 1773/5000: score=11.600579 loss=-0.143488 valid=1.0000 routes=10.066 grad=1.8683 seconds=26.9
Epoch 1774/5000: score=11.729815 loss=-0.154150 valid=1.0000 routes=10.077 grad=1.9615 seconds=26.1
Epoch 1775/5000: score=11.518693 loss=-0.153683 valid=1.0000 routes=9.975 grad=1.8866 seconds=26.4
Epoch 1776/5000: score=11.310694 loss=-0.147477 valid=1.0000 routes=9.479 grad=1.7865 seconds=27.2
Epoch 1777/5000: score=11.452982 loss=-0.140437 valid=1.0000 routes=10.077 grad=1.8399 seconds=28.3
Epoch 1778/5000: score=11.607613 loss=-0.158181 valid=1.0000 routes=9.732 grad=1.9404 seconds=25.4
Epoch 1779/5000: score=11.650144 loss=-0.153596 valid=1.0000 routes=10.051 grad=1.9062 seconds=26.0
Epoch 1780/5000: score=11.586568 loss=-0.148167 valid=1.0000 routes=10.460 grad=1.8925 seconds=26.4
Epoch 1781/5000: score=11.624330 loss=-0.151148 valid=1.0000 routes=10.175 grad=1.9524 seconds=27.3
Epoch 1782/5000: score=11.353317 loss=-0.153771 valid=1.0000 routes=9.853 grad=1.8794 seconds=26.7
Epoch 1783/5000: score=11.248701 loss=-0.146386 valid=1.0000 routes=9.758 grad=1.7509 seconds=24.8
>> Invalid instances, Re-generating ...
Epoch 1784/5000: score=11.315410 loss=-0.153771 valid=1.0000 routes=9.407 grad=1.8495 seconds=26.1
Epoch 1785/5000: score=11.808315 loss=-0.158766 valid=1.0000 routes=9.729 grad=1.9532 seconds=27.0
Epoch 1786/5000: score=11.425764 loss=-0.151432 valid=1.0000 routes=9.919 grad=1.8465 seconds=27.3
Epoch 1787/5000: score=11.836499 loss=-0.148643 valid=1.0000 routes=10.290 grad=1.9406 seconds=27.2
Epoch 1788/5000: score=11.572041 loss=-0.156649 valid=1.0000 routes=10.412 grad=1.9069 seconds=27.6
Epoch 1789/5000: score=11.780880 loss=-0.146019 valid=1.0000 routes=9.899 grad=1.8526 seconds=28.2
Epoch 1790/5000: score=11.708522 loss=-0.144753 valid=1.0000 routes=10.248 grad=1.8803 seconds=27.0
Epoch 1791/5000: score=11.960480 loss=-0.151198 valid=1.0000 routes=10.420 grad=1.9267 seconds=26.8
Epoch 1792/5000: score=11.327556 loss=-0.157275 valid=1.0000 routes=9.833 grad=1.8249 seconds=24.4
Epoch 1793/5000: score=11.905107 loss=-0.155740 valid=1.0000 routes=10.196 grad=1.9531 seconds=24.4
Epoch 1794/5000: score=11.679995 loss=-0.145524 valid=1.0000 routes=10.035 grad=1.9150 seconds=25.3
Epoch 1795/5000: score=11.238270 loss=-0.148273 valid=1.0000 routes=9.400 grad=1.7274 seconds=25.1
Epoch 1796/5000: score=11.991140 loss=-0.155353 valid=1.0000 routes=10.730 grad=2.0730 seconds=26.1
Epoch 1797/5000: score=11.542901 loss=-0.156475 valid=1.0000 routes=10.042 grad=1.9207 seconds=27.3
Epoch 1798/5000: score=10.891124 loss=-0.154147 valid=1.0000 routes=9.168 grad=1.7010 seconds=25.7
Epoch 1799/5000: score=11.777315 loss=-0.154203 valid=1.0000 routes=10.348 grad=2.0116 seconds=26.0
Epoch 1800/5000: score=11.472437 loss=-0.146841 valid=1.0000 routes=9.716 grad=1.8125 seconds=27.1
Epoch 1801/5000: score=10.697973 loss=-0.157643 valid=1.0000 routes=9.312 grad=1.7353 seconds=26.9
Epoch 1802/5000: score=11.236409 loss=-0.156515 valid=1.0000 routes=10.169 grad=1.8969 seconds=27.9
Epoch 1803/5000: score=11.246394 loss=-0.159217 valid=1.0000 routes=9.769 grad=1.8803 seconds=27.2
Epoch 1804/5000: score=11.443985 loss=-0.147665 valid=1.0000 routes=10.010 grad=1.8358 seconds=26.9
Epoch 1805/5000: score=11.538610 loss=-0.161545 valid=1.0000 routes=9.802 grad=1.9414 seconds=28.2
Epoch 1806/5000: score=11.352057 loss=-0.158465 valid=1.0000 routes=9.726 grad=1.8437 seconds=26.4
Epoch 1807/5000: score=11.428613 loss=-0.153349 valid=1.0000 routes=9.808 grad=1.7987 seconds=26.1
Epoch 1808/5000: score=11.594733 loss=-0.148382 valid=1.0000 routes=10.668 grad=1.9454 seconds=25.6
Epoch 1809/5000: score=11.681382 loss=-0.154062 valid=1.0000 routes=10.186 grad=1.9842 seconds=26.6
Epoch 1810/5000: score=11.565526 loss=-0.159858 valid=1.0000 routes=9.685 grad=1.9219 seconds=27.6
Epoch 1811/5000: score=11.348745 loss=-0.156437 valid=1.0000 routes=10.051 grad=1.9155 seconds=31.1
Epoch 1812/5000: score=11.847394 loss=-0.155022 valid=1.0000 routes=9.949 grad=1.9426 seconds=29.1
Epoch 1813/5000: score=11.859841 loss=-0.149577 valid=1.0000 routes=9.878 grad=1.8917 seconds=24.0
Epoch 1814/5000: score=11.222062 loss=-0.155050 valid=1.0000 routes=9.631 grad=1.8248 seconds=27.4
Epoch 1815/5000: score=11.020392 loss=-0.151558 valid=1.0000 routes=9.620 grad=1.7737 seconds=27.5
Epoch 1816/5000: score=11.672236 loss=-0.156323 valid=1.0000 routes=9.684 grad=1.9298 seconds=26.1
Epoch 1817/5000: score=11.478607 loss=-0.155915 valid=1.0000 routes=9.893 grad=1.8821 seconds=25.4
Epoch 1818/5000: score=11.258168 loss=-0.149986 valid=1.0000 routes=9.893 grad=1.8536 seconds=26.1
Epoch 1819/5000: score=11.992620 loss=-0.159095 valid=1.0000 routes=10.497 grad=2.0239 seconds=26.9
Epoch 1820/5000: score=11.226482 loss=-0.147502 valid=1.0000 routes=9.712 grad=1.7960 seconds=26.2
Epoch 1821/5000: score=11.591238 loss=-0.160661 valid=1.0000 routes=9.851 grad=1.8781 seconds=24.9
Epoch 1822/5000: score=11.140899 loss=-0.152245 valid=1.0000 routes=9.916 grad=1.8084 seconds=26.1
Epoch 1823/5000: score=11.510985 loss=-0.157317 valid=1.0000 routes=9.795 grad=1.8658 seconds=26.3
Epoch 1824/5000: score=11.732782 loss=-0.150454 valid=1.0000 routes=10.203 grad=1.9224 seconds=27.2
Epoch 1825/5000: score=11.708341 loss=-0.146685 valid=1.0000 routes=10.239 grad=1.8860 seconds=26.4
Epoch 1826/5000: score=11.413119 loss=-0.151759 valid=1.0000 routes=9.336 grad=1.8164 seconds=26.0
Epoch 1827/5000: score=11.129252 loss=-0.139822 valid=1.0000 routes=9.894 grad=1.7647 seconds=25.9
Epoch 1828/5000: score=11.468746 loss=-0.145812 valid=1.0000 routes=9.861 grad=1.8274 seconds=27.0
Epoch 1829/5000: score=11.205600 loss=-0.155300 valid=1.0000 routes=9.664 grad=1.8444 seconds=29.1
Epoch 1830/5000: score=11.700517 loss=-0.145466 valid=1.0000 routes=10.397 grad=1.8565 seconds=25.9
Epoch 1831/5000: score=11.763226 loss=-0.156878 valid=1.0000 routes=9.780 grad=1.9208 seconds=26.0
Epoch 1832/5000: score=11.648390 loss=-0.147588 valid=1.0000 routes=10.249 grad=1.9230 seconds=27.1
Epoch 1833/5000: score=11.720643 loss=-0.135089 valid=1.0000 routes=10.297 grad=1.8368 seconds=26.0
Epoch 1834/5000: score=11.632056 loss=-0.152841 valid=1.0000 routes=9.788 grad=1.8914 seconds=26.2
Epoch 1835/5000: score=11.399591 loss=-0.146702 valid=1.0000 routes=10.153 grad=1.8137 seconds=25.8
Epoch 1836/5000: score=12.019959 loss=-0.144640 valid=1.0000 routes=10.402 grad=1.9575 seconds=28.6
Epoch 1837/5000: score=11.595401 loss=-0.145745 valid=1.0000 routes=10.808 grad=1.8726 seconds=27.9
Epoch 1838/5000: score=11.870261 loss=-0.161735 valid=1.0000 routes=10.137 grad=2.0325 seconds=29.0
Epoch 1839/5000: score=11.776061 loss=-0.158470 valid=1.0000 routes=9.681 grad=1.9265 seconds=27.1
Epoch 1840/5000: score=11.166333 loss=-0.158602 valid=1.0000 routes=9.503 grad=1.8280 seconds=26.3
Epoch 1841/5000: score=11.665469 loss=-0.153327 valid=1.0000 routes=9.903 grad=1.8676 seconds=25.9
Epoch 1842/5000: score=11.375290 loss=-0.148291 valid=1.0000 routes=9.710 grad=1.8076 seconds=27.4
Epoch 1843/5000: score=11.615990 loss=-0.153302 valid=1.0000 routes=10.473 grad=1.9160 seconds=27.4
Epoch 1844/5000: score=11.462750 loss=-0.143744 valid=1.0000 routes=9.763 grad=1.8285 seconds=27.2
Epoch 1845/5000: score=11.320419 loss=-0.155117 valid=1.0000 routes=9.576 grad=1.8283 seconds=27.4
Epoch 1846/5000: score=10.937772 loss=-0.154796 valid=1.0000 routes=9.492 grad=1.7627 seconds=25.7
Epoch 1847/5000: score=11.611009 loss=-0.157335 valid=1.0000 routes=9.843 grad=1.8701 seconds=27.6
Epoch 1848/5000: score=11.627297 loss=-0.146864 valid=1.0000 routes=10.409 grad=1.9302 seconds=27.3
Epoch 1849/5000: score=10.899531 loss=-0.154795 valid=1.0000 routes=9.815 grad=1.7767 seconds=28.4
Epoch 1850/5000: score=11.576231 loss=-0.150635 valid=1.0000 routes=9.550 grad=1.8263 seconds=26.0
Epoch 1851/5000: score=11.739851 loss=-0.153413 valid=1.0000 routes=10.099 grad=1.9274 seconds=27.9
Epoch 1852/5000: score=11.640491 loss=-0.152708 valid=1.0000 routes=10.390 grad=1.9589 seconds=27.1
Epoch 1853/5000: score=11.520750 loss=-0.156541 valid=1.0000 routes=9.424 grad=1.7881 seconds=27.0
Epoch 1854/5000: score=11.539754 loss=-0.151253 valid=1.0000 routes=9.940 grad=1.9013 seconds=26.3
Epoch 1855/5000: score=11.216672 loss=-0.150066 valid=1.0000 routes=10.055 grad=1.8186 seconds=28.0
Epoch 1856/5000: score=11.394468 loss=-0.164824 valid=1.0000 routes=9.710 grad=1.9076 seconds=27.3
Epoch 1857/5000: score=11.353040 loss=-0.154311 valid=1.0000 routes=10.065 grad=1.8532 seconds=27.3
Epoch 1858/5000: score=11.272542 loss=-0.159070 valid=1.0000 routes=9.532 grad=1.8322 seconds=27.8
Epoch 1859/5000: score=11.233635 loss=-0.149661 valid=1.0000 routes=10.100 grad=1.8050 seconds=26.5
Epoch 1860/5000: score=10.995461 loss=-0.143836 valid=1.0000 routes=9.736 grad=1.7272 seconds=25.5
Epoch 1861/5000: score=11.130902 loss=-0.140426 valid=1.0000 routes=9.654 grad=1.7928 seconds=25.4
Epoch 1862/5000: score=11.236582 loss=-0.148006 valid=1.0000 routes=9.679 grad=1.7698 seconds=27.1
Epoch 1863/5000: score=11.300405 loss=-0.156480 valid=1.0000 routes=9.660 grad=1.8074 seconds=26.7
Epoch 1864/5000: score=11.294992 loss=-0.156816 valid=1.0000 routes=9.415 grad=1.8223 seconds=26.4
Epoch 1865/5000: score=10.876138 loss=-0.160123 valid=1.0000 routes=9.119 grad=1.6976 seconds=26.3
Epoch 1866/5000: score=11.433356 loss=-0.146710 valid=1.0000 routes=9.805 grad=1.8028 seconds=26.4
Epoch 1867/5000: score=11.683603 loss=-0.149924 valid=1.0000 routes=10.076 grad=1.9008 seconds=27.1
Epoch 1868/5000: score=11.050569 loss=-0.151946 valid=1.0000 routes=9.719 grad=1.7848 seconds=26.6
Epoch 1869/5000: score=11.043527 loss=-0.155224 valid=1.0000 routes=9.792 grad=1.8101 seconds=25.2
Epoch 1870/5000: score=11.438449 loss=-0.154592 valid=1.0000 routes=9.640 grad=1.8672 seconds=26.2
Epoch 1871/5000: score=11.211315 loss=-0.151572 valid=1.0000 routes=9.677 grad=1.7690 seconds=27.3
Epoch 1872/5000: score=11.721665 loss=-0.150933 valid=1.0000 routes=9.647 grad=1.8766 seconds=27.3
Epoch 1873/5000: score=11.053528 loss=-0.148040 valid=1.0000 routes=9.392 grad=1.7361 seconds=26.2
Epoch 1874/5000: score=11.482215 loss=-0.157294 valid=1.0000 routes=10.019 grad=1.9410 seconds=26.3
Epoch 1875/5000: score=11.733660 loss=-0.150038 valid=1.0000 routes=9.909 grad=1.9430 seconds=25.8
Epoch 1876/5000: score=11.652859 loss=-0.148608 valid=1.0000 routes=10.508 grad=1.9008 seconds=27.3
Epoch 1877/5000: score=11.302242 loss=-0.152139 valid=1.0000 routes=9.648 grad=1.8213 seconds=27.0
Epoch 1878/5000: score=11.002754 loss=-0.152561 valid=1.0000 routes=9.331 grad=1.7682 seconds=26.2
Epoch 1879/5000: score=11.768122 loss=-0.153467 valid=1.0000 routes=10.347 grad=2.0311 seconds=25.5
Epoch 1880/5000: score=11.259288 loss=-0.165450 valid=1.0000 routes=9.418 grad=1.8814 seconds=24.7
Epoch 1881/5000: score=11.384692 loss=-0.158599 valid=1.0000 routes=9.307 grad=1.8318 seconds=27.1
Epoch 1882/5000: score=11.418730 loss=-0.154624 valid=1.0000 routes=9.831 grad=1.8665 seconds=26.9
Epoch 1883/5000: score=11.247137 loss=-0.156879 valid=1.0000 routes=9.669 grad=1.8586 seconds=27.4
Epoch 1884/5000: score=11.618457 loss=-0.149867 valid=1.0000 routes=10.280 grad=1.9343 seconds=27.5
Epoch 1885/5000: score=11.003198 loss=-0.147234 valid=1.0000 routes=10.145 grad=1.7746 seconds=25.5
Epoch 1886/5000: score=11.464503 loss=-0.146220 valid=1.0000 routes=9.981 grad=1.8191 seconds=27.2
Epoch 1887/5000: score=11.260325 loss=-0.150824 valid=1.0000 routes=9.222 grad=1.7686 seconds=28.2
Epoch 1888/5000: score=11.523101 loss=-0.160432 valid=1.0000 routes=9.991 grad=1.9359 seconds=26.2
Epoch 1889/5000: score=12.173763 loss=-0.150179 valid=1.0000 routes=10.678 grad=2.0299 seconds=26.1
Epoch 1890/5000: score=11.106480 loss=-0.156366 valid=1.0000 routes=9.300 grad=1.7670 seconds=27.4
Epoch 1891/5000: score=11.743169 loss=-0.150348 valid=1.0000 routes=10.276 grad=1.9672 seconds=26.9
Epoch 1892/5000: score=11.828219 loss=-0.156844 valid=1.0000 routes=9.762 grad=1.9787 seconds=26.4
Epoch 1893/5000: score=11.541788 loss=-0.147078 valid=1.0000 routes=9.833 grad=1.8412 seconds=28.7
Epoch 1894/5000: score=12.343635 loss=-0.152884 valid=1.0000 routes=10.925 grad=2.1450 seconds=26.6
Epoch 1895/5000: score=11.407028 loss=-0.150635 valid=1.0000 routes=9.883 grad=1.7616 seconds=27.1
Epoch 1896/5000: score=11.650726 loss=-0.147118 valid=1.0000 routes=10.279 grad=1.8751 seconds=26.3
Epoch 1897/5000: score=11.481660 loss=-0.138719 valid=1.0000 routes=9.905 grad=1.8263 seconds=26.0
Epoch 1898/5000: score=11.192087 loss=-0.142515 valid=1.0000 routes=10.003 grad=1.7962 seconds=26.0
Epoch 1899/5000: score=11.447032 loss=-0.151984 valid=1.0000 routes=9.890 grad=1.9301 seconds=27.1
Epoch 1900/5000: score=11.785528 loss=-0.147984 valid=1.0000 routes=10.192 grad=1.9447 seconds=27.3
Epoch 1901/5000: score=11.143034 loss=-0.157492 valid=1.0000 routes=9.478 grad=1.7679 seconds=28.4
Epoch 1902/5000: score=11.876035 loss=-0.149775 valid=1.0000 routes=10.479 grad=2.0192 seconds=25.4
Epoch 1903/5000: score=11.438160 loss=-0.146798 valid=1.0000 routes=9.836 grad=1.7919 seconds=25.8
Epoch 1904/5000: score=11.517335 loss=-0.156474 valid=1.0000 routes=9.829 grad=1.9000 seconds=27.5
Epoch 1905/5000: score=11.248431 loss=-0.155283 valid=1.0000 routes=9.379 grad=1.7857 seconds=27.3
Epoch 1906/5000: score=10.912239 loss=-0.157984 valid=1.0000 routes=9.186 grad=1.7493 seconds=26.8
Epoch 1907/5000: score=11.823124 loss=-0.153328 valid=1.0000 routes=10.141 grad=1.9613 seconds=26.1
Epoch 1908/5000: score=11.214185 loss=-0.145171 valid=1.0000 routes=9.609 grad=1.8045 seconds=26.2
Epoch 1909/5000: score=11.479768 loss=-0.155099 valid=1.0000 routes=10.295 grad=1.9306 seconds=26.9
Epoch 1910/5000: score=11.141301 loss=-0.151380 valid=1.0000 routes=10.178 grad=1.8063 seconds=25.5
Epoch 1911/5000: score=10.821644 loss=-0.152574 valid=1.0000 routes=9.991 grad=1.7880 seconds=30.1
Epoch 1912/5000: score=11.508287 loss=-0.157350 valid=1.0000 routes=9.789 grad=1.9069 seconds=26.9
Epoch 1913/5000: score=11.239485 loss=-0.154847 valid=1.0000 routes=10.114 grad=1.8525 seconds=27.5
Epoch 1914/5000: score=11.749663 loss=-0.160732 valid=1.0000 routes=10.017 grad=1.9377 seconds=26.6
Epoch 1915/5000: score=11.944799 loss=-0.152844 valid=1.0000 routes=10.024 grad=1.9370 seconds=24.8
Epoch 1916/5000: score=11.044534 loss=-0.156025 valid=1.0000 routes=9.652 grad=1.7967 seconds=25.7
Epoch 1917/5000: score=11.106138 loss=-0.145422 valid=1.0000 routes=9.981 grad=1.7716 seconds=26.9
Epoch 1918/5000: score=11.899837 loss=-0.164266 valid=1.0000 routes=10.682 grad=2.0686 seconds=27.2
Epoch 1919/5000: score=11.337046 loss=-0.156999 valid=1.0000 routes=9.841 grad=1.8441 seconds=25.3
Epoch 1920/5000: score=11.667391 loss=-0.156565 valid=1.0000 routes=9.723 grad=1.9209 seconds=26.7
Epoch 1921/5000: score=12.176885 loss=-0.152710 valid=1.0000 routes=10.422 grad=1.9892 seconds=26.1
Epoch 1922/5000: score=11.178322 loss=-0.145916 valid=1.0000 routes=9.882 grad=1.7924 seconds=27.1
Epoch 1923/5000: score=11.449146 loss=-0.153345 valid=1.0000 routes=9.537 grad=1.8945 seconds=26.8
Epoch 1924/5000: score=11.439249 loss=-0.143867 valid=1.0000 routes=9.681 grad=1.8568 seconds=22.9
Epoch 1925/5000: score=11.305686 loss=-0.142875 valid=1.0000 routes=9.777 grad=1.7740 seconds=23.0
Epoch 1926/5000: score=11.757735 loss=-0.150530 valid=1.0000 routes=10.438 grad=2.0183 seconds=24.6
Epoch 1927/5000: score=11.129105 loss=-0.154418 valid=1.0000 routes=10.257 grad=1.8464 seconds=25.1
Epoch 1928/5000: score=11.616043 loss=-0.138480 valid=1.0000 routes=10.292 grad=1.8746 seconds=27.0
Epoch 1929/5000: score=11.602361 loss=-0.152264 valid=1.0000 routes=10.195 grad=1.8352 seconds=25.9
Epoch 1930/5000: score=11.338087 loss=-0.160978 valid=1.0000 routes=10.196 grad=1.9105 seconds=26.2
Epoch 1931/5000: score=11.422262 loss=-0.156831 valid=1.0000 routes=9.916 grad=1.8720 seconds=30.0
Epoch 1932/5000: score=11.448427 loss=-0.149040 valid=1.0000 routes=10.120 grad=1.8410 seconds=27.2
Epoch 1933/5000: score=11.061703 loss=-0.154683 valid=1.0000 routes=9.660 grad=1.7691 seconds=26.9
Epoch 1934/5000: score=11.507673 loss=-0.156546 valid=1.0000 routes=9.638 grad=1.9240 seconds=26.2
Epoch 1935/5000: score=11.616317 loss=-0.157495 valid=1.0000 routes=10.083 grad=1.9137 seconds=26.1
Epoch 1936/5000: score=11.654786 loss=-0.148031 valid=1.0000 routes=10.358 grad=1.9439 seconds=27.3
Epoch 1937/5000: score=11.119119 loss=-0.148054 valid=1.0000 routes=9.785 grad=1.7715 seconds=26.7
Epoch 1938/5000: score=11.303606 loss=-0.146135 valid=1.0000 routes=9.657 grad=1.7854 seconds=28.1
Epoch 1939/5000: score=11.128950 loss=-0.158342 valid=1.0000 routes=9.570 grad=1.7972 seconds=25.3
Epoch 1940/5000: score=11.584290 loss=-0.152288 valid=1.0000 routes=9.772 grad=1.8454 seconds=23.7
Epoch 1941/5000: score=11.715211 loss=-0.149535 valid=1.0000 routes=10.050 grad=1.9467 seconds=26.2
Epoch 1942/5000: score=12.346183 loss=-0.141529 valid=1.0000 routes=10.605 grad=2.0437 seconds=26.7
Epoch 1943/5000: score=11.816693 loss=-0.151232 valid=1.0000 routes=9.648 grad=1.9154 seconds=24.2
Epoch 1944/5000: score=11.217947 loss=-0.150353 valid=1.0000 routes=9.328 grad=1.7615 seconds=23.5
Epoch 1945/5000: score=11.225926 loss=-0.139799 valid=1.0000 routes=9.967 grad=1.7372 seconds=23.9
Epoch 1946/5000: score=10.876821 loss=-0.157400 valid=1.0000 routes=9.018 grad=1.7659 seconds=25.7
Epoch 1947/5000: score=11.659658 loss=-0.145780 valid=1.0000 routes=10.359 grad=1.8898 seconds=26.9
Epoch 1948/5000: score=11.557715 loss=-0.152062 valid=1.0000 routes=10.175 grad=1.8680 seconds=26.8
Epoch 1949/5000: score=11.674352 loss=-0.149457 valid=1.0000 routes=10.277 grad=1.9233 seconds=26.1
Epoch 1950/5000: score=11.708839 loss=-0.153251 valid=1.0000 routes=9.861 grad=1.9256 seconds=23.7
Epoch 1951/5000: score=11.382415 loss=-0.145262 valid=1.0000 routes=10.099 grad=1.8334 seconds=27.4
Epoch 1952/5000: score=11.368076 loss=-0.142347 valid=1.0000 routes=9.895 grad=1.7794 seconds=26.8
Epoch 1953/5000: score=10.915718 loss=-0.144179 valid=1.0000 routes=9.482 grad=1.6580 seconds=26.0
Epoch 1954/5000: score=11.301770 loss=-0.152955 valid=1.0000 routes=9.734 grad=1.8190 seconds=27.0
Epoch 1955/5000: score=11.215205 loss=-0.148130 valid=1.0000 routes=10.206 grad=1.8517 seconds=27.0
Epoch 1956/5000: score=12.024216 loss=-0.155233 valid=1.0000 routes=10.471 grad=2.0143 seconds=27.3
Epoch 1957/5000: score=10.821838 loss=-0.150558 valid=1.0000 routes=9.316 grad=1.6703 seconds=28.2
Epoch 1958/5000: score=11.327556 loss=-0.160009 valid=1.0000 routes=9.790 grad=1.8587 seconds=25.1
Epoch 1959/5000: score=11.604093 loss=-0.140050 valid=1.0000 routes=10.047 grad=1.8563 seconds=24.7
Epoch 1960/5000: score=11.423695 loss=-0.154661 valid=1.0000 routes=10.033 grad=1.8367 seconds=26.5
Epoch 1961/5000: score=10.878068 loss=-0.156823 valid=1.0000 routes=9.360 grad=1.7379 seconds=27.5
Epoch 1962/5000: score=10.806561 loss=-0.152872 valid=1.0000 routes=9.432 grad=1.6705 seconds=25.3
Epoch 1963/5000: score=11.130020 loss=-0.147669 valid=1.0000 routes=9.746 grad=1.7195 seconds=27.6
Epoch 1964/5000: score=11.325750 loss=-0.157325 valid=1.0000 routes=9.890 grad=1.8703 seconds=26.3
Epoch 1965/5000: score=11.400423 loss=-0.145124 valid=1.0000 routes=9.582 grad=1.7485 seconds=27.2
Epoch 1966/5000: score=11.502525 loss=-0.149945 valid=1.0000 routes=9.877 grad=1.8725 seconds=27.5
Epoch 1967/5000: score=11.691176 loss=-0.141629 valid=1.0000 routes=10.631 grad=1.8788 seconds=27.2
Epoch 1968/5000: score=11.255436 loss=-0.157883 valid=1.0000 routes=8.996 grad=1.6975 seconds=26.8
Epoch 1969/5000: score=11.696081 loss=-0.153112 valid=1.0000 routes=10.179 grad=1.8920 seconds=27.0
Epoch 1970/5000: score=11.095064 loss=-0.146022 valid=1.0000 routes=9.411 grad=1.7533 seconds=27.7
Epoch 1971/5000: score=11.467057 loss=-0.147321 valid=1.0000 routes=9.880 grad=1.7992 seconds=28.5
Epoch 1972/5000: score=11.532806 loss=-0.151142 valid=1.0000 routes=10.460 grad=1.9072 seconds=25.3
Epoch 1973/5000: score=11.690239 loss=-0.151302 valid=1.0000 routes=9.809 grad=1.9099 seconds=26.1
Epoch 1974/5000: score=11.568840 loss=-0.152270 valid=1.0000 routes=10.324 grad=1.9315 seconds=27.4
Epoch 1975/5000: score=11.062497 loss=-0.152548 valid=1.0000 routes=9.790 grad=1.7519 seconds=27.0
Epoch 1976/5000: score=11.775394 loss=-0.158778 valid=1.0000 routes=9.835 grad=1.9662 seconds=27.7
Epoch 1977/5000: score=12.029107 loss=-0.139826 valid=1.0000 routes=10.686 grad=2.0202 seconds=26.0
Epoch 1978/5000: score=11.703492 loss=-0.145086 valid=1.0000 routes=10.674 grad=2.0268 seconds=28.0
Epoch 1979/5000: score=11.048220 loss=-0.151614 valid=1.0000 routes=9.565 grad=1.7756 seconds=27.6
Epoch 1980/5000: score=11.754257 loss=-0.164142 valid=1.0000 routes=10.034 grad=2.0450 seconds=27.9
Epoch 1981/5000: score=11.477291 loss=-0.147669 valid=1.0000 routes=10.379 grad=1.9051 seconds=26.2
Epoch 1982/5000: score=11.114216 loss=-0.157193 valid=1.0000 routes=9.238 grad=1.7781 seconds=26.1
Epoch 1983/5000: score=11.429024 loss=-0.149868 valid=1.0000 routes=10.135 grad=1.8285 seconds=26.4
Epoch 1984/5000: score=11.780352 loss=-0.155671 valid=1.0000 routes=10.133 grad=1.9881 seconds=27.1
Epoch 1985/5000: score=11.186299 loss=-0.152121 valid=1.0000 routes=9.704 grad=1.8216 seconds=26.0
Epoch 1986/5000: score=11.498627 loss=-0.154332 valid=1.0000 routes=9.961 grad=1.9179 seconds=25.9
Epoch 1987/5000: score=11.428938 loss=-0.147660 valid=1.0000 routes=10.227 grad=1.8603 seconds=26.6
Epoch 1988/5000: score=11.388925 loss=-0.154879 valid=1.0000 routes=9.597 grad=1.7829 seconds=27.4
Epoch 1989/5000: score=11.214777 loss=-0.146099 valid=1.0000 routes=9.938 grad=1.7837 seconds=26.9
Epoch 1990/5000: score=11.222980 loss=-0.137983 valid=1.0000 routes=9.438 grad=1.6850 seconds=24.2
Epoch 1991/5000: score=11.828423 loss=-0.156738 valid=1.0000 routes=9.822 grad=1.9557 seconds=24.3
Epoch 1992/5000: score=11.803745 loss=-0.153040 valid=1.0000 routes=10.235 grad=1.9542 seconds=26.4
Epoch 1993/5000: score=11.309732 loss=-0.151898 valid=1.0000 routes=9.730 grad=1.8255 seconds=27.1
Epoch 1994/5000: score=11.115862 loss=-0.147502 valid=1.0000 routes=10.387 grad=1.8796 seconds=26.5
Epoch 1995/5000: score=11.358479 loss=-0.153426 valid=1.0000 routes=9.462 grad=1.8520 seconds=25.6
Epoch 1996/5000: score=10.949156 loss=-0.150793 valid=1.0000 routes=9.526 grad=1.7816 seconds=25.1
Epoch 1997/5000: score=11.697279 loss=-0.143073 valid=1.0000 routes=10.300 grad=1.9149 seconds=26.4
Epoch 1998/5000: score=11.303857 loss=-0.141260 valid=1.0000 routes=9.450 grad=1.7873 seconds=27.2
Epoch 1999/5000: score=11.375578 loss=-0.139918 valid=1.0000 routes=9.894 grad=1.8190 seconds=25.8
Epoch 2000/5000: score=11.521857 loss=-0.151758 valid=1.0000 routes=9.928 grad=1.8865 seconds=24.5
Epoch 2001/5000: score=11.573019 loss=-0.146676 valid=1.0000 routes=10.368 grad=1.8838 seconds=24.1
Epoch 2002/5000: score=11.352492 loss=-0.148619 valid=1.0000 routes=9.788 grad=1.7971 seconds=26.9
Epoch 2003/5000: score=11.366539 loss=-0.156678 valid=1.0000 routes=9.872 grad=1.8460 seconds=27.4
Epoch 2004/5000: score=11.149044 loss=-0.143012 valid=1.0000 routes=10.134 grad=1.8163 seconds=26.0
Epoch 2005/5000: score=11.537337 loss=-0.150990 valid=1.0000 routes=9.734 grad=1.8179 seconds=26.0
Epoch 2006/5000: score=11.801258 loss=-0.154946 valid=1.0000 routes=10.149 grad=1.8992 seconds=25.9
Epoch 2007/5000: score=10.907435 loss=-0.142375 valid=1.0000 routes=9.708 grad=1.6749 seconds=26.0
Epoch 2008/5000: score=11.537722 loss=-0.146742 valid=1.0000 routes=9.940 grad=1.8418 seconds=25.9
Epoch 2009/5000: score=12.041541 loss=-0.143990 valid=1.0000 routes=10.754 grad=2.0180 seconds=25.3
Epoch 2010/5000: score=12.041787 loss=-0.145194 valid=1.0000 routes=10.807 grad=2.0125 seconds=24.3
Epoch 2011/5000: score=11.031379 loss=-0.153035 valid=1.0000 routes=9.015 grad=1.6876 seconds=26.0
Epoch 2012/5000: score=11.467794 loss=-0.158010 valid=1.0000 routes=9.486 grad=1.8424 seconds=27.2
Epoch 2013/5000: score=11.109253 loss=-0.150712 valid=1.0000 routes=9.428 grad=1.6722 seconds=25.1
Epoch 2014/5000: score=11.690905 loss=-0.147351 valid=1.0000 routes=9.995 grad=1.9270 seconds=24.3
Epoch 2015/5000: score=11.177780 loss=-0.153436 valid=1.0000 routes=9.446 grad=1.7978 seconds=26.3
Epoch 2016/5000: score=11.060238 loss=-0.145048 valid=1.0000 routes=9.368 grad=1.6927 seconds=27.0
Epoch 2017/5000: score=11.296382 loss=-0.149210 valid=1.0000 routes=10.109 grad=1.8181 seconds=27.3
Epoch 2018/5000: score=11.692555 loss=-0.147931 valid=1.0000 routes=10.124 grad=1.8807 seconds=26.4
Epoch 2019/5000: score=11.673669 loss=-0.157541 valid=1.0000 routes=9.980 grad=1.9236 seconds=26.3
Epoch 2020/5000: score=11.322762 loss=-0.151751 valid=1.0000 routes=9.627 grad=1.8591 seconds=26.1
Epoch 2021/5000: score=11.882300 loss=-0.160266 valid=1.0000 routes=10.066 grad=1.9443 seconds=27.5
Epoch 2022/5000: score=11.284445 loss=-0.157733 valid=1.0000 routes=9.726 grad=1.8121 seconds=27.2
Epoch 2023/5000: score=10.988126 loss=-0.155143 valid=1.0000 routes=9.221 grad=1.7864 seconds=26.4
Epoch 2024/5000: score=11.671504 loss=-0.145268 valid=1.0000 routes=10.114 grad=1.9209 seconds=25.8
Epoch 2025/5000: score=11.167756 loss=-0.152360 valid=1.0000 routes=9.752 grad=1.7775 seconds=24.7
Epoch 2026/5000: score=11.203917 loss=-0.152508 valid=1.0000 routes=9.527 grad=1.7635 seconds=27.0
Epoch 2027/5000: score=11.081929 loss=-0.161414 valid=1.0000 routes=9.112 grad=1.7196 seconds=27.0
Epoch 2028/5000: score=11.057419 loss=-0.151296 valid=1.0000 routes=9.410 grad=1.7490 seconds=26.4
Epoch 2029/5000: score=11.598723 loss=-0.145497 valid=1.0000 routes=9.748 grad=1.7598 seconds=25.8
Epoch 2030/5000: score=11.140452 loss=-0.146559 valid=1.0000 routes=9.834 grad=1.8052 seconds=25.5
Epoch 2031/5000: score=11.700755 loss=-0.150017 valid=1.0000 routes=9.932 grad=1.8736 seconds=27.1
Epoch 2032/5000: score=11.205324 loss=-0.144065 valid=1.0000 routes=9.627 grad=1.7722 seconds=26.3
Epoch 2033/5000: score=11.343349 loss=-0.145592 valid=1.0000 routes=9.770 grad=1.8170 seconds=25.9
Epoch 2034/5000: score=11.169029 loss=-0.158686 valid=1.0000 routes=9.457 grad=1.7820 seconds=24.7
Epoch 2035/5000: score=11.307916 loss=-0.148870 valid=1.0000 routes=10.235 grad=1.8566 seconds=26.9
Epoch 2036/5000: score=11.329394 loss=-0.147439 valid=1.0000 routes=9.902 grad=1.8199 seconds=27.5
Epoch 2037/5000: score=11.281671 loss=-0.158469 valid=1.0000 routes=9.661 grad=1.8317 seconds=25.6
Epoch 2038/5000: score=11.765275 loss=-0.159784 valid=1.0000 routes=10.045 grad=1.9044 seconds=25.0
Epoch 2039/5000: score=11.782488 loss=-0.147268 valid=1.0000 routes=10.642 grad=1.9796 seconds=25.0
Epoch 2040/5000: score=11.179768 loss=-0.153760 valid=1.0000 routes=9.515 grad=1.7617 seconds=25.5
Epoch 2041/5000: score=11.314186 loss=-0.139905 valid=1.0000 routes=10.224 grad=1.7885 seconds=26.8
Epoch 2042/5000: score=11.896795 loss=-0.155543 valid=1.0000 routes=10.187 grad=1.9930 seconds=26.2
Epoch 2043/5000: score=11.278847 loss=-0.146968 valid=1.0000 routes=9.513 grad=1.7582 seconds=26.3
Epoch 2044/5000: score=11.808643 loss=-0.147114 valid=1.0000 routes=10.108 grad=1.9160 seconds=26.6
Epoch 2045/5000: score=11.331252 loss=-0.157022 valid=1.0000 routes=9.640 grad=1.8699 seconds=27.4
Epoch 2046/5000: score=11.068831 loss=-0.146885 valid=1.0000 routes=9.475 grad=1.7273 seconds=28.3
Epoch 2047/5000: score=11.191665 loss=-0.145696 valid=1.0000 routes=9.944 grad=1.7201 seconds=25.9
Epoch 2048/5000: score=10.999871 loss=-0.143733 valid=1.0000 routes=9.351 grad=1.6889 seconds=27.5
Epoch 2049/5000: score=11.010118 loss=-0.141980 valid=1.0000 routes=9.837 grad=1.7129 seconds=27.2
Epoch 2050/5000: score=11.213558 loss=-0.158057 valid=1.0000 routes=9.508 grad=1.7767 seconds=27.4
Epoch 2051/5000: score=11.813049 loss=-0.147299 valid=1.0000 routes=10.486 grad=1.9446 seconds=27.3
Epoch 2052/5000: score=11.745748 loss=-0.157618 valid=1.0000 routes=9.876 grad=1.9940 seconds=26.0
Epoch 2053/5000: score=11.577363 loss=-0.149474 valid=1.0000 routes=9.666 grad=1.8400 seconds=25.4
Epoch 2054/5000: score=11.164786 loss=-0.149779 valid=1.0000 routes=9.604 grad=1.7533 seconds=27.1
Epoch 2055/5000: score=11.780179 loss=-0.149753 valid=1.0000 routes=10.497 grad=1.9667 seconds=26.4
Epoch 2056/5000: score=11.542046 loss=-0.150833 valid=1.0000 routes=9.569 grad=1.8409 seconds=24.6
Epoch 2057/5000: score=11.775906 loss=-0.153530 valid=1.0000 routes=10.047 grad=1.9280 seconds=25.8
Epoch 2058/5000: score=11.582819 loss=-0.147243 valid=1.0000 routes=10.241 grad=1.8659 seconds=26.6
Epoch 2059/5000: score=11.409160 loss=-0.154424 valid=1.0000 routes=9.687 grad=1.8859 seconds=27.6
Epoch 2060/5000: score=11.685676 loss=-0.151962 valid=1.0000 routes=9.973 grad=1.9031 seconds=26.4
Epoch 2061/5000: score=11.700813 loss=-0.155838 valid=1.0000 routes=9.984 grad=1.8867 seconds=26.1
Epoch 2062/5000: score=11.410097 loss=-0.145651 valid=1.0000 routes=9.722 grad=1.7805 seconds=26.0
Epoch 2063/5000: score=11.558420 loss=-0.148255 valid=1.0000 routes=9.713 grad=1.8312 seconds=26.6
Epoch 2064/5000: score=11.467936 loss=-0.147354 valid=1.0000 routes=10.239 grad=1.8353 seconds=26.1
Epoch 2065/5000: score=11.246765 loss=-0.146648 valid=1.0000 routes=10.036 grad=1.8090 seconds=25.8
Epoch 2066/5000: score=11.345596 loss=-0.154199 valid=1.0000 routes=9.563 grad=1.8462 seconds=25.0
Epoch 2067/5000: score=11.714479 loss=-0.152622 valid=1.0000 routes=10.206 grad=1.9809 seconds=26.6
Epoch 2068/5000: score=11.053126 loss=-0.152501 valid=1.0000 routes=9.649 grad=1.7700 seconds=27.5
Epoch 2069/5000: score=11.801401 loss=-0.147263 valid=1.0000 routes=10.349 grad=1.9244 seconds=26.9
Epoch 2070/5000: score=11.680612 loss=-0.153716 valid=1.0000 routes=9.943 grad=1.9255 seconds=26.4
Epoch 2071/5000: score=11.142757 loss=-0.146930 valid=1.0000 routes=9.674 grad=1.7634 seconds=26.1
Epoch 2072/5000: score=11.923586 loss=-0.146157 valid=1.0000 routes=10.885 grad=2.0045 seconds=27.1
Epoch 2073/5000: score=11.338126 loss=-0.143593 valid=1.0000 routes=9.753 grad=1.7679 seconds=27.4
Epoch 2074/5000: score=11.679372 loss=-0.145203 valid=1.0000 routes=10.448 grad=1.8877 seconds=25.6
Epoch 2075/5000: score=10.755163 loss=-0.144786 valid=1.0000 routes=9.413 grad=1.6635 seconds=25.6
Epoch 2076/5000: score=11.470293 loss=-0.151037 valid=1.0000 routes=9.816 grad=1.8353 seconds=30.1
Epoch 2077/5000: score=11.623655 loss=-0.162362 valid=1.0000 routes=9.803 grad=1.9332 seconds=27.5
Epoch 2078/5000: score=11.830718 loss=-0.152876 valid=1.0000 routes=9.996 grad=1.8870 seconds=27.0
Epoch 2079/5000: score=11.812815 loss=-0.154730 valid=1.0000 routes=10.456 grad=1.9852 seconds=27.4
Epoch 2080/5000: score=11.959409 loss=-0.156899 valid=1.0000 routes=10.252 grad=1.9749 seconds=24.7
Epoch 2081/5000: score=11.111243 loss=-0.144480 valid=1.0000 routes=10.038 grad=1.7894 seconds=25.1
Epoch 2082/5000: score=11.612617 loss=-0.155025 valid=1.0000 routes=10.019 grad=1.9791 seconds=25.0
Epoch 2083/5000: score=11.643710 loss=-0.146913 valid=1.0000 routes=10.094 grad=1.8688 seconds=26.2
Epoch 2084/5000: score=11.152373 loss=-0.150552 valid=1.0000 routes=9.950 grad=1.7402 seconds=26.0
Epoch 2085/5000: score=11.459833 loss=-0.154739 valid=1.0000 routes=9.820 grad=1.8591 seconds=26.1
Epoch 2086/5000: score=11.639074 loss=-0.151962 valid=1.0000 routes=9.997 grad=1.8542 seconds=25.9
Epoch 2087/5000: score=11.707548 loss=-0.150807 valid=1.0000 routes=10.353 grad=1.9244 seconds=26.4
Epoch 2088/5000: score=11.201347 loss=-0.149223 valid=1.0000 routes=9.551 grad=1.7313 seconds=26.6
Epoch 2089/5000: score=11.464302 loss=-0.157403 valid=1.0000 routes=9.694 grad=1.8715 seconds=25.4
Epoch 2090/5000: score=11.311631 loss=-0.155032 valid=1.0000 routes=9.425 grad=1.7533 seconds=25.3
Epoch 2091/5000: score=11.738705 loss=-0.143308 valid=1.0000 routes=10.237 grad=1.9111 seconds=25.4
Epoch 2092/5000: score=11.830815 loss=-0.144931 valid=1.0000 routes=10.519 grad=1.9831 seconds=26.4
Epoch 2093/5000: score=11.538374 loss=-0.161505 valid=1.0000 routes=9.731 grad=1.9224 seconds=25.5
Epoch 2094/5000: score=11.476406 loss=-0.159018 valid=1.0000 routes=9.734 grad=1.9018 seconds=24.9
Epoch 2095/5000: score=11.036152 loss=-0.155664 valid=1.0000 routes=9.401 grad=1.7732 seconds=26.4
Epoch 2096/5000: score=11.673805 loss=-0.155202 valid=1.0000 routes=9.736 grad=1.8620 seconds=27.5
Epoch 2097/5000: score=10.900998 loss=-0.149132 valid=1.0000 routes=9.376 grad=1.7520 seconds=27.3
Epoch 2098/5000: score=11.483385 loss=-0.147573 valid=1.0000 routes=9.894 grad=1.8157 seconds=26.2
Epoch 2099/5000: score=11.517266 loss=-0.143908 valid=1.0000 routes=10.304 grad=1.8849 seconds=27.3
Epoch 2100/5000: score=11.215218 loss=-0.147888 valid=1.0000 routes=9.818 grad=1.8196 seconds=25.7
Epoch 2101/5000: score=11.705236 loss=-0.155269 valid=1.0000 routes=10.095 grad=1.9108 seconds=27.3
Epoch 2102/5000: score=11.942417 loss=-0.144064 valid=1.0000 routes=11.151 grad=2.0386 seconds=26.3
Epoch 2103/5000: score=11.323617 loss=-0.147363 valid=1.0000 routes=9.473 grad=1.7592 seconds=26.1
Epoch 2104/5000: score=11.892759 loss=-0.142982 valid=1.0000 routes=10.243 grad=1.9281 seconds=26.1
Epoch 2105/5000: score=10.992195 loss=-0.142810 valid=1.0000 routes=9.333 grad=1.6863 seconds=27.3
Epoch 2106/5000: score=11.410275 loss=-0.148383 valid=1.0000 routes=10.024 grad=1.8918 seconds=27.9
Epoch 2107/5000: score=11.255999 loss=-0.149365 valid=1.0000 routes=9.897 grad=1.8148 seconds=28.8
Epoch 2108/5000: score=11.335020 loss=-0.150368 valid=1.0000 routes=9.746 grad=1.8294 seconds=26.1
Epoch 2109/5000: score=11.502948 loss=-0.150252 valid=1.0000 routes=10.004 grad=1.8811 seconds=24.5
Epoch 2110/5000: score=11.764133 loss=-0.154608 valid=1.0000 routes=9.963 grad=1.9568 seconds=27.5
Epoch 2111/5000: score=11.257010 loss=-0.143357 valid=1.0000 routes=9.483 grad=1.7025 seconds=26.6
Epoch 2112/5000: score=11.806590 loss=-0.154714 valid=1.0000 routes=9.899 grad=1.9606 seconds=26.5
Epoch 2113/5000: score=11.501426 loss=-0.152786 valid=1.0000 routes=10.358 grad=1.9185 seconds=26.1
Epoch 2114/5000: score=11.264674 loss=-0.141599 valid=1.0000 routes=10.002 grad=1.7792 seconds=27.0
Epoch 2115/5000: score=11.604083 loss=-0.142064 valid=1.0000 routes=10.039 grad=1.8397 seconds=26.5
Epoch 2116/5000: score=11.788007 loss=-0.153812 valid=1.0000 routes=10.497 grad=2.0500 seconds=26.0
Epoch 2117/5000: score=11.630696 loss=-0.151495 valid=1.0000 routes=10.091 grad=1.8921 seconds=25.3
Epoch 2118/5000: score=12.146117 loss=-0.143499 valid=1.0000 routes=10.763 grad=2.0286 seconds=26.0
Epoch 2119/5000: score=11.309077 loss=-0.143799 valid=1.0000 routes=9.875 grad=1.7450 seconds=27.0
Epoch 2120/5000: score=11.620366 loss=-0.142116 valid=1.0000 routes=9.929 grad=1.8007 seconds=27.2
Epoch 2121/5000: score=11.274925 loss=-0.150996 valid=1.0000 routes=10.035 grad=1.8568 seconds=25.9
Epoch 2122/5000: score=11.705670 loss=-0.150875 valid=1.0000 routes=10.065 grad=1.9605 seconds=25.3
Epoch 2123/5000: score=11.721852 loss=-0.147590 valid=1.0000 routes=9.993 grad=1.8674 seconds=26.2
Epoch 2124/5000: score=11.737178 loss=-0.149641 valid=1.0000 routes=10.335 grad=1.9145 seconds=27.5
Epoch 2125/5000: score=12.012771 loss=-0.149230 valid=1.0000 routes=10.721 grad=2.0126 seconds=27.1
Epoch 2126/5000: score=10.708174 loss=-0.150895 valid=1.0000 routes=9.286 grad=1.6210 seconds=26.5
Epoch 2127/5000: score=11.432868 loss=-0.149307 valid=1.0000 routes=9.627 grad=1.8088 seconds=25.8
Epoch 2128/5000: score=11.445272 loss=-0.147272 valid=1.0000 routes=9.898 grad=1.8173 seconds=24.9
Epoch 2129/5000: score=12.035006 loss=-0.151198 valid=1.0000 routes=10.234 grad=1.9638 seconds=26.4
Epoch 2130/5000: score=11.234248 loss=-0.144327 valid=1.0000 routes=10.418 grad=1.8126 seconds=26.6
Epoch 2131/5000: score=10.977324 loss=-0.151204 valid=1.0000 routes=9.504 grad=1.7284 seconds=26.0
Epoch 2132/5000: score=11.342830 loss=-0.154623 valid=1.0000 routes=9.826 grad=1.8187 seconds=26.0
Epoch 2133/5000: score=11.625021 loss=-0.149528 valid=1.0000 routes=10.278 grad=1.9144 seconds=28.5
Epoch 2134/5000: score=11.044990 loss=-0.150148 valid=1.0000 routes=9.485 grad=1.6985 seconds=27.4
Epoch 2135/5000: score=10.825347 loss=-0.146627 valid=1.0000 routes=9.344 grad=1.6841 seconds=26.2
Epoch 2136/5000: score=11.730667 loss=-0.151040 valid=1.0000 routes=10.393 grad=1.9233 seconds=26.0
Epoch 2137/5000: score=11.442247 loss=-0.142940 valid=1.0000 routes=10.120 grad=1.8502 seconds=24.3
Epoch 2138/5000: score=11.542148 loss=-0.149431 valid=1.0000 routes=9.633 grad=1.8286 seconds=25.4
Epoch 2139/5000: score=11.331552 loss=-0.143241 valid=1.0000 routes=10.280 grad=1.8588 seconds=27.2
Epoch 2140/5000: score=11.390592 loss=-0.151713 valid=1.0000 routes=9.834 grad=1.8732 seconds=25.3
Epoch 2141/5000: score=11.246653 loss=-0.149872 valid=1.0000 routes=9.865 grad=1.8674 seconds=25.1
Epoch 2142/5000: score=11.051302 loss=-0.149818 valid=1.0000 routes=9.245 grad=1.7029 seconds=25.5
Epoch 2143/5000: score=11.037725 loss=-0.136514 valid=1.0000 routes=9.917 grad=1.7329 seconds=27.8
Epoch 2144/5000: score=11.653083 loss=-0.140186 valid=1.0000 routes=10.023 grad=1.8433 seconds=26.6
Epoch 2145/5000: score=11.161146 loss=-0.148579 valid=1.0000 routes=10.243 grad=1.7991 seconds=26.0
Epoch 2146/5000: score=11.247140 loss=-0.156636 valid=1.0000 routes=9.683 grad=1.8238 seconds=24.8
Epoch 2147/5000: score=12.092489 loss=-0.144958 valid=1.0000 routes=10.660 grad=1.9872 seconds=24.2
Epoch 2148/5000: score=11.139840 loss=-0.154846 valid=1.0000 routes=9.759 grad=1.8140 seconds=27.1
Epoch 2149/5000: score=11.817456 loss=-0.150033 valid=1.0000 routes=10.019 grad=1.9430 seconds=28.1
Epoch 2150/5000: score=11.556513 loss=-0.148891 valid=1.0000 routes=9.891 grad=1.8220 seconds=25.9
Epoch 2151/5000: score=11.056537 loss=-0.146336 valid=1.0000 routes=9.816 grad=1.7819 seconds=26.3
Epoch 2152/5000: score=11.433077 loss=-0.151838 valid=1.0000 routes=10.291 grad=1.8917 seconds=27.2
Epoch 2153/5000: score=11.033649 loss=-0.143328 valid=1.0000 routes=9.597 grad=1.7073 seconds=27.4
Epoch 2154/5000: score=11.333889 loss=-0.142171 valid=1.0000 routes=9.773 grad=1.7953 seconds=26.4
Epoch 2155/5000: score=11.059445 loss=-0.145823 valid=1.0000 routes=9.816 grad=1.7904 seconds=26.2
Epoch 2156/5000: score=11.303410 loss=-0.150736 valid=1.0000 routes=10.024 grad=1.8195 seconds=26.3
Epoch 2157/5000: score=11.519372 loss=-0.148982 valid=1.0000 routes=9.501 grad=1.8039 seconds=27.3
Epoch 2158/5000: score=11.284745 loss=-0.148535 valid=1.0000 routes=9.666 grad=1.7931 seconds=26.7
>> Invalid instances, Re-generating ...
Epoch 2159/5000: score=11.557224 loss=-0.145083 valid=1.0000 routes=10.108 grad=1.8933 seconds=27.5
Epoch 2160/5000: score=11.083078 loss=-0.146667 valid=1.0000 routes=9.785 grad=1.8219 seconds=26.4
Epoch 2161/5000: score=11.853244 loss=-0.162922 valid=1.0000 routes=9.949 grad=1.9641 seconds=26.3
Epoch 2162/5000: score=11.341711 loss=-0.140639 valid=1.0000 routes=10.146 grad=1.8284 seconds=26.5
Epoch 2163/5000: score=11.483760 loss=-0.146475 valid=1.0000 routes=9.976 grad=1.8319 seconds=24.7
Epoch 2164/5000: score=11.009928 loss=-0.148104 valid=1.0000 routes=10.013 grad=1.7885 seconds=23.7
Epoch 2165/5000: score=10.733740 loss=-0.148381 valid=1.0000 routes=9.341 grad=1.6963 seconds=24.0
Epoch 2166/5000: score=11.053087 loss=-0.153651 valid=1.0000 routes=9.226 grad=1.7124 seconds=25.6
Epoch 2167/5000: score=11.529292 loss=-0.161814 valid=1.0000 routes=9.517 grad=1.9055 seconds=27.5
Epoch 2168/5000: score=11.211669 loss=-0.158328 valid=1.0000 routes=9.110 grad=1.7363 seconds=24.5
Epoch 2169/5000: score=11.417630 loss=-0.154453 valid=1.0000 routes=10.057 grad=1.8659 seconds=25.1
Epoch 2170/5000: score=11.345932 loss=-0.153807 valid=1.0000 routes=9.217 grad=1.7732 seconds=26.3
Epoch 2171/5000: score=11.771751 loss=-0.152313 valid=1.0000 routes=10.222 grad=1.9465 seconds=27.4
Epoch 2172/5000: score=11.823206 loss=-0.147069 valid=1.0000 routes=10.665 grad=1.9593 seconds=27.0
Epoch 2173/5000: score=11.550450 loss=-0.144133 valid=1.0000 routes=10.158 grad=1.8438 seconds=26.1
Epoch 2174/5000: score=11.767770 loss=-0.145319 valid=1.0000 routes=10.353 grad=1.9087 seconds=27.5
Epoch 2175/5000: score=11.832196 loss=-0.149624 valid=1.0000 routes=10.852 grad=2.0072 seconds=26.4
Epoch 2176/5000: score=11.734256 loss=-0.157089 valid=1.0000 routes=9.946 grad=1.9393 seconds=27.3
Epoch 2177/5000: score=12.188489 loss=-0.150764 valid=1.0000 routes=10.364 grad=1.9939 seconds=26.9
Epoch 2178/5000: score=11.325837 loss=-0.141885 valid=1.0000 routes=10.104 grad=1.8714 seconds=26.5
Epoch 2179/5000: score=11.490254 loss=-0.154930 valid=1.0000 routes=9.969 grad=1.9021 seconds=26.6
Epoch 2180/5000: score=11.671260 loss=-0.153774 valid=1.0000 routes=10.175 grad=1.8888 seconds=27.1
Epoch 2181/5000: score=11.529662 loss=-0.143326 valid=1.0000 routes=10.194 grad=1.7989 seconds=27.2
Epoch 2182/5000: score=11.124336 loss=-0.142282 valid=1.0000 routes=9.324 grad=1.7115 seconds=26.2
Epoch 2183/5000: score=11.550589 loss=-0.154857 valid=1.0000 routes=9.843 grad=1.9064 seconds=26.2
Epoch 2184/5000: score=11.472219 loss=-0.155720 valid=1.0000 routes=9.889 grad=1.8774 seconds=26.3
Epoch 2185/5000: score=11.432098 loss=-0.151667 valid=1.0000 routes=9.957 grad=1.8374 seconds=27.3
Epoch 2186/5000: score=11.230548 loss=-0.149181 valid=1.0000 routes=9.624 grad=1.7717 seconds=27.3
Epoch 2187/5000: score=11.374507 loss=-0.149880 valid=1.0000 routes=9.892 grad=1.9152 seconds=26.2
Epoch 2188/5000: score=11.365159 loss=-0.161386 valid=1.0000 routes=9.878 grad=1.8550 seconds=25.0
Epoch 2189/5000: score=11.993691 loss=-0.156006 valid=1.0000 routes=10.319 grad=2.0513 seconds=26.9
Epoch 2190/5000: score=12.041406 loss=-0.152193 valid=1.0000 routes=10.668 grad=2.0297 seconds=27.3
Epoch 2191/5000: score=11.480194 loss=-0.150078 valid=1.0000 routes=10.022 grad=1.8240 seconds=26.6
Epoch 2192/5000: score=12.117206 loss=-0.150346 valid=1.0000 routes=10.356 grad=1.9545 seconds=25.9
Epoch 2193/5000: score=11.190366 loss=-0.132930 valid=1.0000 routes=10.083 grad=1.7296 seconds=25.8
Epoch 2194/5000: score=11.394308 loss=-0.145881 valid=1.0000 routes=10.081 grad=1.8629 seconds=27.1
Epoch 2195/5000: score=11.492429 loss=-0.141016 valid=1.0000 routes=10.154 grad=1.7885 seconds=26.4
Epoch 2196/5000: score=11.363406 loss=-0.158482 valid=1.0000 routes=9.225 grad=1.8345 seconds=26.6
Epoch 2197/5000: score=11.457139 loss=-0.146715 valid=1.0000 routes=10.319 grad=1.9053 seconds=25.1
Epoch 2198/5000: score=11.435874 loss=-0.146003 valid=1.0000 routes=9.883 grad=1.8141 seconds=26.2
Epoch 2199/5000: score=11.494172 loss=-0.156328 valid=1.0000 routes=9.982 grad=1.9014 seconds=27.3
Epoch 2200/5000: score=11.777340 loss=-0.150758 valid=1.0000 routes=10.350 grad=1.9753 seconds=26.2
Epoch 2201/5000: score=12.010557 loss=-0.152401 valid=1.0000 routes=10.215 grad=1.9997 seconds=24.3
Epoch 2202/5000: score=10.951067 loss=-0.150066 valid=1.0000 routes=9.745 grad=1.7448 seconds=24.5
Epoch 2203/5000: score=11.638721 loss=-0.147769 valid=1.0000 routes=10.245 grad=1.8770 seconds=25.8
Epoch 2204/5000: score=11.159289 loss=-0.153738 valid=1.0000 routes=9.742 grad=1.7846 seconds=26.7
Epoch 2205/5000: score=10.882588 loss=-0.151680 valid=1.0000 routes=9.370 grad=1.6982 seconds=24.9
Epoch 2206/5000: score=11.855818 loss=-0.154249 valid=1.0000 routes=10.178 grad=1.9251 seconds=25.2
Epoch 2207/5000: score=11.426758 loss=-0.156181 valid=1.0000 routes=9.907 grad=1.8947 seconds=25.2
Epoch 2208/5000: score=11.543500 loss=-0.151528 valid=1.0000 routes=9.750 grad=1.8181 seconds=27.1
Epoch 2209/5000: score=11.150078 loss=-0.143154 valid=1.0000 routes=9.841 grad=1.7351 seconds=27.0
Epoch 2210/5000: score=11.261562 loss=-0.147453 valid=1.0000 routes=10.134 grad=1.8743 seconds=24.7
Epoch 2211/5000: score=11.993570 loss=-0.147940 valid=1.0000 routes=10.398 grad=1.9957 seconds=25.6
Epoch 2212/5000: score=11.054853 loss=-0.150767 valid=1.0000 routes=9.554 grad=1.7599 seconds=26.7
Epoch 2213/5000: score=11.707546 loss=-0.149095 valid=1.0000 routes=10.307 grad=1.9175 seconds=27.2
Epoch 2214/5000: score=11.089189 loss=-0.146322 valid=1.0000 routes=10.062 grad=1.7669 seconds=26.7
Epoch 2215/5000: score=11.850079 loss=-0.153259 valid=1.0000 routes=10.283 grad=1.9723 seconds=26.7
Epoch 2216/5000: score=11.589984 loss=-0.155523 valid=1.0000 routes=9.575 grad=1.8241 seconds=26.1
Epoch 2217/5000: score=11.594689 loss=-0.149104 valid=1.0000 routes=10.281 grad=1.9267 seconds=26.6
Epoch 2218/5000: score=11.053237 loss=-0.146400 valid=1.0000 routes=9.990 grad=1.7392 seconds=27.3
Epoch 2219/5000: score=11.564137 loss=-0.155782 valid=1.0000 routes=10.234 grad=1.8607 seconds=26.1
Epoch 2220/5000: score=11.461257 loss=-0.149685 valid=1.0000 routes=10.296 grad=1.9516 seconds=26.1
Epoch 2221/5000: score=11.477620 loss=-0.150238 valid=1.0000 routes=9.716 grad=1.8864 seconds=26.4
Epoch 2222/5000: score=11.028835 loss=-0.144389 valid=1.0000 routes=9.875 grad=1.7558 seconds=27.4
Epoch 2223/5000: score=11.304749 loss=-0.148558 valid=1.0000 routes=9.708 grad=1.8029 seconds=26.4
Epoch 2224/5000: score=11.237674 loss=-0.147214 valid=1.0000 routes=9.966 grad=1.8092 seconds=24.5
Epoch 2225/5000: score=11.526756 loss=-0.146470 valid=1.0000 routes=9.884 grad=1.8562 seconds=25.1
Epoch 2226/5000: score=11.731355 loss=-0.149924 valid=1.0000 routes=10.100 grad=1.8784 seconds=27.0
Epoch 2227/5000: score=11.750025 loss=-0.145516 valid=1.0000 routes=10.552 grad=1.9332 seconds=26.2
Epoch 2228/5000: score=11.371084 loss=-0.157400 valid=1.0000 routes=10.150 grad=1.8622 seconds=25.1
Epoch 2229/5000: score=11.299455 loss=-0.147105 valid=1.0000 routes=10.081 grad=1.8047 seconds=25.7
Epoch 2230/5000: score=11.440444 loss=-0.146726 valid=1.0000 routes=10.248 grad=1.8527 seconds=26.3
Epoch 2231/5000: score=11.128793 loss=-0.145854 valid=1.0000 routes=9.624 grad=1.8072 seconds=27.3
Epoch 2232/5000: score=11.388841 loss=-0.141463 valid=1.0000 routes=9.786 grad=1.7854 seconds=26.3
Epoch 2233/5000: score=11.248282 loss=-0.138580 valid=1.0000 routes=10.088 grad=1.7375 seconds=23.0
Epoch 2234/5000: score=11.270337 loss=-0.145845 valid=1.0000 routes=10.021 grad=1.7873 seconds=24.5
Epoch 2235/5000: score=11.065997 loss=-0.147948 valid=1.0000 routes=9.566 grad=1.7384 seconds=25.8
Epoch 2236/5000: score=11.176467 loss=-0.144684 valid=1.0000 routes=9.749 grad=1.7530 seconds=26.5
Epoch 2237/5000: score=11.479243 loss=-0.163448 valid=1.0000 routes=9.656 grad=1.9111 seconds=27.0
Epoch 2238/5000: score=11.307985 loss=-0.147181 valid=1.0000 routes=9.854 grad=1.7761 seconds=26.2
Epoch 2239/5000: score=11.605268 loss=-0.147049 valid=1.0000 routes=9.913 grad=1.8770 seconds=24.5
Epoch 2240/5000: score=11.206501 loss=-0.148820 valid=1.0000 routes=9.989 grad=1.7794 seconds=24.9
Epoch 2241/5000: score=11.277660 loss=-0.144027 valid=1.0000 routes=9.830 grad=1.7656 seconds=27.0
Epoch 2242/5000: score=11.304926 loss=-0.139877 valid=1.0000 routes=10.337 grad=1.8219 seconds=24.4
Epoch 2243/5000: score=11.793137 loss=-0.145460 valid=1.0000 routes=10.425 grad=1.9714 seconds=25.9
Epoch 2244/5000: score=11.775796 loss=-0.145280 valid=1.0000 routes=9.775 grad=1.8525 seconds=26.3
Epoch 2245/5000: score=11.675497 loss=-0.141101 valid=1.0000 routes=10.077 grad=1.8745 seconds=27.1
Epoch 2246/5000: score=11.436205 loss=-0.145429 valid=1.0000 routes=10.268 grad=1.8652 seconds=26.7
Epoch 2247/5000: score=11.257939 loss=-0.140533 valid=1.0000 routes=10.090 grad=1.7923 seconds=26.0
Epoch 2248/5000: score=11.126024 loss=-0.158083 valid=1.0000 routes=9.682 grad=1.8481 seconds=26.3
Epoch 2249/5000: score=11.589704 loss=-0.143158 valid=1.0000 routes=10.347 grad=1.8538 seconds=26.2
Epoch 2250/5000: score=11.325829 loss=-0.148845 valid=1.0000 routes=9.679 grad=1.7960 seconds=27.7
Epoch 2251/5000: score=11.460016 loss=-0.151803 valid=1.0000 routes=9.577 grad=1.8077 seconds=26.1
Epoch 2252/5000: score=11.734202 loss=-0.150904 valid=1.0000 routes=9.779 grad=1.8644 seconds=25.7
Epoch 2253/5000: score=11.814309 loss=-0.148302 valid=1.0000 routes=9.949 grad=1.9248 seconds=26.7
Epoch 2254/5000: score=11.396969 loss=-0.144235 valid=1.0000 routes=10.167 grad=1.8246 seconds=28.8
Epoch 2255/5000: score=11.615515 loss=-0.154536 valid=1.0000 routes=9.841 grad=1.8863 seconds=27.0
Epoch 2256/5000: score=11.648983 loss=-0.141453 valid=1.0000 routes=10.086 grad=1.8819 seconds=26.1
Epoch 2257/5000: score=11.372739 loss=-0.146730 valid=1.0000 routes=9.774 grad=1.7728 seconds=26.4
Epoch 2258/5000: score=11.597816 loss=-0.146249 valid=1.0000 routes=10.582 grad=1.9312 seconds=27.3
Epoch 2259/5000: score=10.683722 loss=-0.156434 valid=1.0000 routes=9.012 grad=1.6966 seconds=27.5
Epoch 2260/5000: score=11.089405 loss=-0.155737 valid=1.0000 routes=9.141 grad=1.7540 seconds=25.2
Epoch 2261/5000: score=11.554046 loss=-0.146057 valid=1.0000 routes=10.237 grad=1.8731 seconds=25.9
Epoch 2262/5000: score=11.485821 loss=-0.148331 valid=1.0000 routes=9.930 grad=1.8024 seconds=26.3
Epoch 2263/5000: score=11.532179 loss=-0.148126 valid=1.0000 routes=10.167 grad=1.8255 seconds=27.1
Epoch 2264/5000: score=11.306503 loss=-0.145530 valid=1.0000 routes=9.817 grad=1.7461 seconds=26.6
Epoch 2265/5000: score=11.059365 loss=-0.152693 valid=1.0000 routes=9.776 grad=1.7366 seconds=25.9
Epoch 2266/5000: score=11.890346 loss=-0.143534 valid=1.0000 routes=10.059 grad=1.8906 seconds=26.3
Epoch 2267/5000: score=11.090805 loss=-0.154585 valid=1.0000 routes=9.587 grad=1.7765 seconds=27.3
Epoch 2268/5000: score=11.402317 loss=-0.150757 valid=1.0000 routes=10.137 grad=1.8585 seconds=27.4
Epoch 2269/5000: score=11.801234 loss=-0.154647 valid=1.0000 routes=9.721 grad=1.9015 seconds=26.2
Epoch 2270/5000: score=11.225111 loss=-0.145311 valid=1.0000 routes=9.731 grad=1.7782 seconds=25.6
Epoch 2271/5000: score=11.594967 loss=-0.164404 valid=1.0000 routes=9.602 grad=1.8591 seconds=26.2
Epoch 2272/5000: score=11.475925 loss=-0.155417 valid=1.0000 routes=9.583 grad=1.8635 seconds=26.8
Epoch 2273/5000: score=11.190573 loss=-0.145111 valid=1.0000 routes=9.879 grad=1.7535 seconds=27.3
Epoch 2274/5000: score=11.407273 loss=-0.146471 valid=1.0000 routes=9.928 grad=1.8533 seconds=26.2
Epoch 2275/5000: score=11.239605 loss=-0.150719 valid=1.0000 routes=9.553 grad=1.7898 seconds=26.2
Epoch 2276/5000: score=11.720416 loss=-0.146071 valid=1.0000 routes=10.134 grad=1.9323 seconds=26.0
Epoch 2277/5000: score=11.652867 loss=-0.158161 valid=1.0000 routes=10.150 grad=1.8968 seconds=26.9
Epoch 2278/5000: score=11.393376 loss=-0.152689 valid=1.0000 routes=10.103 grad=1.8154 seconds=26.1
Epoch 2279/5000: score=11.406993 loss=-0.146493 valid=1.0000 routes=10.040 grad=1.8176 seconds=25.3
Epoch 2280/5000: score=11.284688 loss=-0.154006 valid=1.0000 routes=9.556 grad=1.8474 seconds=26.6
Epoch 2281/5000: score=11.302121 loss=-0.148163 valid=1.0000 routes=9.785 grad=1.8158 seconds=27.7
Epoch 2282/5000: score=12.300723 loss=-0.155832 valid=1.0000 routes=10.616 grad=2.0838 seconds=27.0
Epoch 2283/5000: score=11.609756 loss=-0.151458 valid=1.0000 routes=9.665 grad=1.8445 seconds=26.2
Epoch 2284/5000: score=11.006105 loss=-0.145334 valid=1.0000 routes=9.376 grad=1.6922 seconds=25.9
Epoch 2285/5000: score=11.208036 loss=-0.144314 valid=1.0000 routes=9.754 grad=1.7850 seconds=25.6
Epoch 2286/5000: score=10.890869 loss=-0.140460 valid=1.0000 routes=9.666 grad=1.6684 seconds=26.8
Epoch 2287/5000: score=11.517801 loss=-0.149761 valid=1.0000 routes=10.475 grad=1.9047 seconds=26.2
Epoch 2288/5000: score=11.832526 loss=-0.148854 valid=1.0000 routes=10.160 grad=1.9244 seconds=26.1
Epoch 2289/5000: score=11.117675 loss=-0.156723 valid=1.0000 routes=9.388 grad=1.8164 seconds=26.8
Epoch 2290/5000: score=10.923535 loss=-0.156312 valid=1.0000 routes=8.732 grad=1.6767 seconds=27.5
Epoch 2291/5000: score=11.584012 loss=-0.152089 valid=1.0000 routes=9.286 grad=1.7826 seconds=26.6
Epoch 2292/5000: score=11.526139 loss=-0.151815 valid=1.0000 routes=9.890 grad=1.8189 seconds=24.9
Epoch 2293/5000: score=11.540149 loss=-0.151439 valid=1.0000 routes=9.713 grad=1.8307 seconds=25.0
Epoch 2294/5000: score=12.007882 loss=-0.146503 valid=1.0000 routes=10.033 grad=1.9101 seconds=25.6
Epoch 2295/5000: score=11.303967 loss=-0.151652 valid=1.0000 routes=9.284 grad=1.7578 seconds=25.7
Epoch 2296/5000: score=11.262483 loss=-0.149708 valid=1.0000 routes=9.934 grad=1.7672 seconds=26.3
Epoch 2297/5000: score=11.343756 loss=-0.148818 valid=1.0000 routes=9.530 grad=1.7961 seconds=26.3
Epoch 2298/5000: score=11.547692 loss=-0.149939 valid=1.0000 routes=10.142 grad=1.9029 seconds=25.9
Epoch 2299/5000: score=11.204362 loss=-0.151162 valid=1.0000 routes=9.160 grad=1.7249 seconds=27.4
Epoch 2300/5000: score=11.069797 loss=-0.145231 valid=1.0000 routes=9.460 grad=1.6843 seconds=26.9
Epoch 2301/5000: score=11.695441 loss=-0.145661 valid=1.0000 routes=10.598 grad=1.9385 seconds=24.6
Epoch 2302/5000: score=11.414242 loss=-0.148870 valid=1.0000 routes=9.955 grad=1.8203 seconds=24.2
Epoch 2303/5000: score=11.633357 loss=-0.137009 valid=1.0000 routes=10.548 grad=1.8299 seconds=24.2
Epoch 2304/5000: score=11.248974 loss=-0.141265 valid=1.0000 routes=9.865 grad=1.8463 seconds=26.7
Epoch 2305/5000: score=11.379075 loss=-0.149873 valid=1.0000 routes=9.787 grad=1.8160 seconds=26.5
Epoch 2306/5000: score=11.560342 loss=-0.144217 valid=1.0000 routes=10.333 grad=1.8089 seconds=25.3
Epoch 2307/5000: score=11.035691 loss=-0.142215 valid=1.0000 routes=9.595 grad=1.7305 seconds=24.8
Epoch 2308/5000: score=11.483605 loss=-0.150816 valid=1.0000 routes=10.220 grad=1.8961 seconds=25.0
Epoch 2309/5000: score=11.331963 loss=-0.141347 valid=1.0000 routes=9.638 grad=1.7026 seconds=26.3
Epoch 2310/5000: score=11.574536 loss=-0.149607 valid=1.0000 routes=10.088 grad=1.8870 seconds=25.8
Epoch 2311/5000: score=10.894874 loss=-0.150878 valid=1.0000 routes=9.320 grad=1.6956 seconds=25.4
Epoch 2312/5000: score=11.022422 loss=-0.150119 valid=1.0000 routes=9.547 grad=1.7566 seconds=24.8
Epoch 2313/5000: score=10.986529 loss=-0.140443 valid=1.0000 routes=9.104 grad=1.6380 seconds=27.2
Epoch 2314/5000: score=11.400034 loss=-0.164121 valid=1.0000 routes=9.505 grad=1.8572 seconds=26.2
Epoch 2315/5000: score=11.834605 loss=-0.147984 valid=1.0000 routes=9.991 grad=1.9020 seconds=24.4
>> Invalid instances, Re-generating ...
Epoch 2316/5000: score=11.790030 loss=-0.150313 valid=1.0000 routes=10.252 grad=1.9205 seconds=24.5
Epoch 2317/5000: score=11.383572 loss=-0.149315 valid=1.0000 routes=9.796 grad=1.8426 seconds=26.2
Epoch 2318/5000: score=11.109811 loss=-0.148245 valid=1.0000 routes=9.648 grad=1.7673 seconds=26.8
Epoch 2319/5000: score=11.638688 loss=-0.148513 valid=1.0000 routes=10.197 grad=1.9180 seconds=26.8
Epoch 2320/5000: score=11.989635 loss=-0.149356 valid=1.0000 routes=10.635 grad=1.9603 seconds=26.1
Epoch 2321/5000: score=11.327546 loss=-0.156222 valid=1.0000 routes=9.679 grad=1.8439 seconds=26.0
Epoch 2322/5000: score=11.760538 loss=-0.154411 valid=1.0000 routes=10.068 grad=1.8996 seconds=26.5
Epoch 2323/5000: score=11.670229 loss=-0.149170 valid=1.0000 routes=10.054 grad=1.9077 seconds=27.2
Epoch 2324/5000: score=11.065363 loss=-0.151304 valid=1.0000 routes=9.350 grad=1.7819 seconds=26.2
Epoch 2325/5000: score=10.995635 loss=-0.148908 valid=1.0000 routes=9.817 grad=1.7590 seconds=25.8
Epoch 2326/5000: score=11.569501 loss=-0.154310 valid=1.0000 routes=10.075 grad=1.8900 seconds=25.4
Epoch 2327/5000: score=11.374770 loss=-0.145875 valid=1.0000 routes=9.893 grad=1.8478 seconds=26.8
Epoch 2328/5000: score=11.184469 loss=-0.140594 valid=1.0000 routes=10.001 grad=1.7162 seconds=26.5
Epoch 2329/5000: score=10.914846 loss=-0.143743 valid=1.0000 routes=9.120 grad=1.6247 seconds=26.4
Epoch 2330/5000: score=11.389445 loss=-0.156172 valid=1.0000 routes=9.801 grad=1.8490 seconds=26.3
Epoch 2331/5000: score=11.463676 loss=-0.150568 valid=1.0000 routes=10.136 grad=1.8976 seconds=26.5
Epoch 2332/5000: score=11.318158 loss=-0.150269 valid=1.0000 routes=9.894 grad=1.8322 seconds=26.8
Epoch 2333/5000: score=11.412146 loss=-0.151389 valid=1.0000 routes=9.615 grad=1.8824 seconds=26.3
>> Invalid instances, Re-generating ...
Epoch 2334/5000: score=11.795371 loss=-0.152668 valid=1.0000 routes=10.177 grad=1.9471 seconds=26.2
Epoch 2335/5000: score=11.480133 loss=-0.143195 valid=1.0000 routes=9.700 grad=1.7825 seconds=26.0
Epoch 2336/5000: score=11.423656 loss=-0.158189 valid=1.0000 routes=9.929 grad=1.9441 seconds=26.4
Epoch 2337/5000: score=11.272991 loss=-0.143252 valid=1.0000 routes=9.880 grad=1.7829 seconds=26.4
Epoch 2338/5000: score=11.296112 loss=-0.158586 valid=1.0000 routes=9.205 grad=1.8317 seconds=23.2
Epoch 2339/5000: score=10.899552 loss=-0.138876 valid=1.0000 routes=9.644 grad=1.6781 seconds=24.6
Epoch 2340/5000: score=11.037409 loss=-0.139466 valid=1.0000 routes=9.977 grad=1.7310 seconds=24.8
Epoch 2341/5000: score=12.012534 loss=-0.158960 valid=1.0000 routes=10.498 grad=2.0075 seconds=27.1
Epoch 2342/5000: score=11.369225 loss=-0.140253 valid=1.0000 routes=10.889 grad=1.8080 seconds=26.8
Epoch 2343/5000: score=11.542799 loss=-0.146019 valid=1.0000 routes=9.975 grad=1.8454 seconds=26.2
Epoch 2344/5000: score=11.797042 loss=-0.145824 valid=1.0000 routes=10.442 grad=1.9170 seconds=25.9
Epoch 2345/5000: score=11.582110 loss=-0.152097 valid=1.0000 routes=10.095 grad=1.9257 seconds=26.7
Epoch 2346/5000: score=12.029447 loss=-0.146765 valid=1.0000 routes=10.348 grad=2.0029 seconds=27.1
Epoch 2347/5000: score=11.129736 loss=-0.147473 valid=1.0000 routes=9.865 grad=1.7565 seconds=26.9
Epoch 2348/5000: score=11.151380 loss=-0.144000 valid=1.0000 routes=9.644 grad=1.7496 seconds=26.0
Epoch 2349/5000: score=11.791909 loss=-0.145750 valid=1.0000 routes=9.990 grad=1.8771 seconds=25.8
>> Invalid instances, Re-generating ...
Epoch 2350/5000: score=11.367638 loss=-0.144376 valid=1.0000 routes=9.861 grad=1.7942 seconds=25.8
Epoch 2351/5000: score=11.852102 loss=-0.145151 valid=1.0000 routes=10.012 grad=1.8752 seconds=26.1
Epoch 2352/5000: score=11.692914 loss=-0.142068 valid=1.0000 routes=10.036 grad=1.8844 seconds=25.7
Epoch 2353/5000: score=11.240539 loss=-0.151615 valid=1.0000 routes=9.324 grad=1.8082 seconds=25.5
Epoch 2354/5000: score=11.036821 loss=-0.130301 valid=1.0000 routes=10.269 grad=1.7134 seconds=25.2
Epoch 2355/5000: score=11.217421 loss=-0.153089 valid=1.0000 routes=9.289 grad=1.7893 seconds=27.3
Epoch 2356/5000: score=11.683383 loss=-0.147188 valid=1.0000 routes=10.007 grad=1.8755 seconds=27.2
Epoch 2357/5000: score=11.663149 loss=-0.146586 valid=1.0000 routes=10.361 grad=1.9330 seconds=26.0
Epoch 2358/5000: score=11.452404 loss=-0.154684 valid=1.0000 routes=9.477 grad=1.8468 seconds=25.9
Epoch 2359/5000: score=11.580485 loss=-0.148112 valid=1.0000 routes=9.867 grad=1.8179 seconds=25.6
Epoch 2360/5000: score=11.536173 loss=-0.145859 valid=1.0000 routes=10.092 grad=1.8519 seconds=27.3
Epoch 2361/5000: score=11.470962 loss=-0.147093 valid=1.0000 routes=9.783 grad=1.8061 seconds=27.1
Epoch 2362/5000: score=10.815847 loss=-0.144407 valid=1.0000 routes=9.538 grad=1.7164 seconds=26.4
Epoch 2363/5000: score=11.597126 loss=-0.136540 valid=1.0000 routes=10.694 grad=1.8262 seconds=26.6
Epoch 2364/5000: score=11.319795 loss=-0.141700 valid=1.0000 routes=9.732 grad=1.7297 seconds=26.8
Epoch 2365/5000: score=11.358381 loss=-0.139700 valid=1.0000 routes=9.814 grad=1.7423 seconds=27.6
Epoch 2366/5000: score=11.293722 loss=-0.137497 valid=1.0000 routes=9.752 grad=1.7673 seconds=28.0
Epoch 2367/5000: score=11.482732 loss=-0.144072 valid=1.0000 routes=10.066 grad=1.8624 seconds=25.9
Epoch 2368/5000: score=11.702712 loss=-0.144263 valid=1.0000 routes=10.318 grad=1.9228 seconds=26.1
Epoch 2369/5000: score=11.659509 loss=-0.143211 valid=1.0000 routes=9.896 grad=1.8407 seconds=26.8
Epoch 2370/5000: score=11.853326 loss=-0.155947 valid=1.0000 routes=10.249 grad=2.0029 seconds=27.2
Epoch 2371/5000: score=11.596690 loss=-0.160205 valid=1.0000 routes=9.510 grad=1.9155 seconds=25.1
Epoch 2372/5000: score=11.214001 loss=-0.142289 valid=1.0000 routes=9.770 grad=1.6803 seconds=24.6
Epoch 2373/5000: score=11.160184 loss=-0.146661 valid=1.0000 routes=9.698 grad=1.7835 seconds=26.5
Epoch 2374/5000: score=11.354742 loss=-0.144853 valid=1.0000 routes=9.920 grad=1.7406 seconds=27.1
Epoch 2375/5000: score=11.271326 loss=-0.151921 valid=1.0000 routes=9.119 grad=1.7841 seconds=27.1
Epoch 2376/5000: score=11.343739 loss=-0.153208 valid=1.0000 routes=9.656 grad=1.8229 seconds=26.3
Epoch 2377/5000: score=11.868945 loss=-0.145697 valid=1.0000 routes=9.842 grad=1.8886 seconds=26.4
Epoch 2378/5000: score=11.668399 loss=-0.142032 valid=1.0000 routes=10.660 grad=1.9316 seconds=26.9
Epoch 2379/5000: score=11.441550 loss=-0.152151 valid=1.0000 routes=9.790 grad=1.8539 seconds=27.5
Epoch 2380/5000: score=11.025759 loss=-0.139945 valid=1.0000 routes=9.743 grad=1.6790 seconds=25.9
Epoch 2381/5000: score=11.096849 loss=-0.136627 valid=1.0000 routes=9.729 grad=1.6506 seconds=25.2
Epoch 2382/5000: score=11.649176 loss=-0.146321 valid=1.0000 routes=10.225 grad=1.8779 seconds=25.3
Epoch 2383/5000: score=12.264392 loss=-0.145022 valid=1.0000 routes=10.322 grad=1.9850 seconds=26.1
>> Invalid instances, Re-generating ...
Epoch 2384/5000: score=11.590035 loss=-0.141414 valid=1.0000 routes=10.598 grad=1.8953 seconds=27.0
Epoch 2385/5000: score=11.363444 loss=-0.154250 valid=1.0000 routes=9.659 grad=1.8571 seconds=25.9
Epoch 2386/5000: score=11.172231 loss=-0.149627 valid=1.0000 routes=9.728 grad=1.7951 seconds=24.9
Epoch 2387/5000: score=11.544048 loss=-0.150661 valid=1.0000 routes=9.913 grad=1.8498 seconds=24.9
Epoch 2388/5000: score=11.014398 loss=-0.141826 valid=1.0000 routes=9.631 grad=1.6895 seconds=27.2
Epoch 2389/5000: score=10.992085 loss=-0.141790 valid=1.0000 routes=9.546 grad=1.6525 seconds=26.8
Epoch 2390/5000: score=11.379537 loss=-0.138071 valid=1.0000 routes=9.944 grad=1.7866 seconds=25.0
Epoch 2391/5000: score=11.135997 loss=-0.154704 valid=1.0000 routes=9.437 grad=1.7970 seconds=26.3
Epoch 2392/5000: score=11.772790 loss=-0.144106 valid=1.0000 routes=10.161 grad=1.9024 seconds=26.1
Epoch 2393/5000: score=11.076543 loss=-0.142442 valid=1.0000 routes=9.508 grad=1.6782 seconds=27.9
Epoch 2394/5000: score=11.516705 loss=-0.145841 valid=1.0000 routes=10.111 grad=1.8740 seconds=27.3
Epoch 2395/5000: score=11.022511 loss=-0.145988 valid=1.0000 routes=9.457 grad=1.7076 seconds=26.1
Epoch 2396/5000: score=11.212927 loss=-0.155255 valid=1.0000 routes=9.428 grad=1.8095 seconds=26.4
Epoch 2397/5000: score=10.947275 loss=-0.149671 valid=1.0000 routes=9.617 grad=1.7614 seconds=26.4
Epoch 2398/5000: score=11.222182 loss=-0.158742 valid=1.0000 routes=9.389 grad=1.8689 seconds=27.3
Epoch 2399/5000: score=11.716306 loss=-0.141737 valid=1.0000 routes=10.108 grad=1.8208 seconds=27.4
Epoch 2400/5000: score=11.855669 loss=-0.154470 valid=1.0000 routes=10.000 grad=1.9807 seconds=26.6
Epoch 2401/5000: score=11.763315 loss=-0.149740 valid=1.0000 routes=10.737 grad=2.0229 seconds=26.8
Epoch 2402/5000: score=11.267348 loss=-0.146576 valid=1.0000 routes=9.895 grad=1.8457 seconds=26.4
Epoch 2403/5000: score=11.429565 loss=-0.153811 valid=1.0000 routes=10.344 grad=1.9213 seconds=27.4
Epoch 2404/5000: score=11.452077 loss=-0.151825 valid=1.0000 routes=9.903 grad=1.8327 seconds=27.4
Epoch 2405/5000: score=11.114317 loss=-0.157729 valid=1.0000 routes=9.510 grad=1.7932 seconds=26.4
Epoch 2406/5000: score=11.400411 loss=-0.147713 valid=1.0000 routes=9.988 grad=1.7862 seconds=24.3
Epoch 2407/5000: score=11.505136 loss=-0.152172 valid=1.0000 routes=9.270 grad=1.7513 seconds=25.6
Epoch 2408/5000: score=11.390701 loss=-0.146529 valid=1.0000 routes=9.815 grad=1.8122 seconds=26.1
Epoch 2409/5000: score=12.116116 loss=-0.152145 valid=1.0000 routes=10.263 grad=2.0373 seconds=26.5
Epoch 2410/5000: score=10.486981 loss=-0.140098 valid=1.0000 routes=9.453 grad=1.5773 seconds=25.7
Epoch 2411/5000: score=11.765626 loss=-0.146921 valid=1.0000 routes=9.797 grad=1.8632 seconds=26.0
Epoch 2412/5000: score=11.746994 loss=-0.142975 valid=1.0000 routes=10.527 grad=1.9209 seconds=26.3
Epoch 2413/5000: score=11.430183 loss=-0.152115 valid=1.0000 routes=9.584 grad=1.8191 seconds=26.8
Epoch 2414/5000: score=11.753147 loss=-0.149581 valid=1.0000 routes=10.023 grad=1.8774 seconds=27.4
Epoch 2415/5000: score=11.411432 loss=-0.146129 valid=1.0000 routes=9.878 grad=1.7977 seconds=26.6
Epoch 2416/5000: score=11.523831 loss=-0.146842 valid=1.0000 routes=9.780 grad=1.8219 seconds=25.9
Epoch 2417/5000: score=11.767335 loss=-0.155409 valid=1.0000 routes=9.843 grad=1.8806 seconds=25.7
Epoch 2418/5000: score=11.677120 loss=-0.155209 valid=1.0000 routes=9.947 grad=1.9235 seconds=26.6
Epoch 2419/5000: score=11.331853 loss=-0.158287 valid=1.0000 routes=9.722 grad=1.8078 seconds=27.5
Epoch 2420/5000: score=11.512511 loss=-0.147964 valid=1.0000 routes=9.959 grad=1.8192 seconds=26.6
Epoch 2421/5000: score=11.131462 loss=-0.144359 valid=1.0000 routes=9.521 grad=1.7506 seconds=26.3
Epoch 2422/5000: score=11.790060 loss=-0.139966 valid=1.0000 routes=10.173 grad=1.8590 seconds=26.2
Epoch 2423/5000: score=11.471538 loss=-0.151472 valid=1.0000 routes=10.021 grad=1.8936 seconds=26.6
Epoch 2424/5000: score=10.859978 loss=-0.143566 valid=1.0000 routes=9.360 grad=1.6463 seconds=27.2
Epoch 2425/5000: score=11.172757 loss=-0.143162 valid=1.0000 routes=9.475 grad=1.7224 seconds=27.5
Epoch 2426/5000: score=11.827618 loss=-0.151987 valid=1.0000 routes=10.789 grad=1.9888 seconds=26.3
Epoch 2427/5000: score=11.177459 loss=-0.139406 valid=1.0000 routes=9.938 grad=1.7391 seconds=26.4
Epoch 2428/5000: score=11.707806 loss=-0.150611 valid=1.0000 routes=9.806 grad=1.8234 seconds=26.1
Epoch 2429/5000: score=10.951654 loss=-0.149792 valid=1.0000 routes=9.592 grad=1.7506 seconds=27.0
Epoch 2430/5000: score=11.178386 loss=-0.140077 valid=1.0000 routes=10.020 grad=1.7510 seconds=27.0
Epoch 2431/5000: score=11.454920 loss=-0.142472 valid=1.0000 routes=9.917 grad=1.7958 seconds=26.2
Epoch 2432/5000: score=12.492018 loss=-0.157856 valid=1.0000 routes=10.549 grad=2.0602 seconds=26.5
Epoch 2433/5000: score=11.365147 loss=-0.146935 valid=1.0000 routes=10.177 grad=1.8160 seconds=26.7
Epoch 2434/5000: score=11.398595 loss=-0.144046 valid=1.0000 routes=9.473 grad=1.7353 seconds=27.0
Epoch 2435/5000: score=11.381416 loss=-0.146818 valid=1.0000 routes=9.773 grad=1.8153 seconds=27.2
Epoch 2436/5000: score=11.000964 loss=-0.144025 valid=1.0000 routes=9.449 grad=1.7176 seconds=26.3
Epoch 2437/5000: score=11.080556 loss=-0.144232 valid=1.0000 routes=10.015 grad=1.7768 seconds=26.4
Epoch 2438/5000: score=11.074732 loss=-0.151681 valid=1.0000 routes=9.775 grad=1.7692 seconds=26.4
Epoch 2439/5000: score=11.205668 loss=-0.163186 valid=1.0000 routes=9.485 grad=1.8535 seconds=27.2
Epoch 2440/5000: score=11.636511 loss=-0.152460 valid=1.0000 routes=10.050 grad=1.8969 seconds=27.8
Epoch 2441/5000: score=11.319424 loss=-0.142676 valid=1.0000 routes=9.956 grad=1.7457 seconds=26.2
Epoch 2442/5000: score=11.328019 loss=-0.156101 valid=1.0000 routes=9.871 grad=1.7944 seconds=25.1
Epoch 2443/5000: score=11.470954 loss=-0.143414 valid=1.0000 routes=10.436 grad=1.8687 seconds=23.1
Epoch 2444/5000: score=10.923351 loss=-0.136772 valid=1.0000 routes=9.731 grad=1.7153 seconds=24.2
Epoch 2445/5000: score=11.312460 loss=-0.147339 valid=1.0000 routes=9.710 grad=1.8419 seconds=27.2
Epoch 2446/5000: score=11.144309 loss=-0.142774 valid=1.0000 routes=9.775 grad=1.7090 seconds=26.9
Epoch 2447/5000: score=11.969854 loss=-0.147191 valid=1.0000 routes=10.024 grad=1.9698 seconds=26.5
Epoch 2448/5000: score=11.392287 loss=-0.149884 valid=1.0000 routes=9.834 grad=1.8724 seconds=26.5
Epoch 2449/5000: score=11.491235 loss=-0.150639 valid=1.0000 routes=9.625 grad=1.8679 seconds=27.2
Epoch 2450/5000: score=11.009376 loss=-0.156100 valid=1.0000 routes=9.450 grad=1.7468 seconds=27.8
Epoch 2451/5000: score=12.337347 loss=-0.156028 valid=1.0000 routes=10.811 grad=2.0934 seconds=27.4
Epoch 2452/5000: score=11.385756 loss=-0.158050 valid=1.0000 routes=9.629 grad=1.8841 seconds=26.5
Epoch 2453/5000: score=11.206048 loss=-0.139280 valid=1.0000 routes=9.997 grad=1.7405 seconds=26.1
Epoch 2454/5000: score=11.122859 loss=-0.141796 valid=1.0000 routes=10.288 grad=1.8112 seconds=26.2
Epoch 2455/5000: score=11.886254 loss=-0.148982 valid=1.0000 routes=10.197 grad=1.9175 seconds=27.0
Epoch 2456/5000: score=11.307971 loss=-0.155593 valid=1.0000 routes=9.817 grad=1.8434 seconds=27.2
Epoch 2457/5000: score=11.081308 loss=-0.149226 valid=1.0000 routes=9.446 grad=1.7089 seconds=26.8
Epoch 2458/5000: score=11.295355 loss=-0.142275 valid=1.0000 routes=9.672 grad=1.7187 seconds=26.5
Epoch 2459/5000: score=11.505467 loss=-0.144975 valid=1.0000 routes=9.579 grad=1.7808 seconds=26.4
Epoch 2460/5000: score=10.935022 loss=-0.145324 valid=1.0000 routes=9.428 grad=1.6875 seconds=27.6
Epoch 2461/5000: score=12.322518 loss=-0.146229 valid=1.0000 routes=10.661 grad=2.0301 seconds=28.4
Epoch 2462/5000: score=11.692073 loss=-0.144856 valid=1.0000 routes=9.856 grad=1.8446 seconds=26.9
Epoch 2463/5000: score=11.796572 loss=-0.151511 valid=1.0000 routes=10.267 grad=1.9225 seconds=26.5
Epoch 2464/5000: score=11.582032 loss=-0.145834 valid=1.0000 routes=9.778 grad=1.8342 seconds=26.7
Epoch 2465/5000: score=11.095798 loss=-0.152019 valid=1.0000 routes=9.913 grad=1.7908 seconds=27.0
Epoch 2466/5000: score=11.322357 loss=-0.147629 valid=1.0000 routes=10.052 grad=1.8255 seconds=26.7
Epoch 2467/5000: score=11.744665 loss=-0.145359 valid=1.0000 routes=10.287 grad=1.9234 seconds=27.0
Epoch 2468/5000: score=11.826367 loss=-0.155798 valid=1.0000 routes=9.920 grad=2.0094 seconds=26.6
>> Invalid instances, Re-generating ...
Epoch 2469/5000: score=11.442951 loss=-0.157210 valid=1.0000 routes=9.272 grad=1.8014 seconds=26.6
Epoch 2470/5000: score=11.428974 loss=-0.154374 valid=1.0000 routes=9.817 grad=1.8353 seconds=26.9
Epoch 2471/5000: score=11.201125 loss=-0.150564 valid=1.0000 routes=9.598 grad=1.7477 seconds=27.6
Epoch 2472/5000: score=11.525673 loss=-0.145599 valid=1.0000 routes=10.581 grad=1.9101 seconds=27.7
Epoch 2473/5000: score=11.288787 loss=-0.148392 valid=1.0000 routes=9.947 grad=1.7768 seconds=26.7
Epoch 2474/5000: score=11.758644 loss=-0.156841 valid=1.0000 routes=9.895 grad=1.8837 seconds=26.3
Epoch 2475/5000: score=12.106576 loss=-0.150341 valid=1.0000 routes=10.286 grad=1.9692 seconds=25.7
Epoch 2476/5000: score=10.972172 loss=-0.135299 valid=1.0000 routes=9.875 grad=1.6790 seconds=27.4
Epoch 2477/5000: score=11.692397 loss=-0.151281 valid=1.0000 routes=9.961 grad=1.8839 seconds=27.4
Epoch 2478/5000: score=11.461332 loss=-0.141006 valid=1.0000 routes=9.930 grad=1.8877 seconds=26.3
Epoch 2479/5000: score=11.095434 loss=-0.136419 valid=1.0000 routes=10.175 grad=1.7448 seconds=26.2
Epoch 2480/5000: score=11.647042 loss=-0.152997 valid=1.0000 routes=9.788 grad=1.9080 seconds=26.0
Epoch 2481/5000: score=11.488790 loss=-0.142800 valid=1.0000 routes=10.179 grad=1.8593 seconds=26.6
Epoch 2482/5000: score=11.306525 loss=-0.151910 valid=1.0000 routes=9.645 grad=1.7903 seconds=27.4
Epoch 2483/5000: score=11.444508 loss=-0.144410 valid=1.0000 routes=10.141 grad=1.8381 seconds=27.3
Epoch 2484/5000: score=10.960406 loss=-0.145180 valid=1.0000 routes=9.699 grad=1.7282 seconds=25.8
Epoch 2485/5000: score=11.551077 loss=-0.143947 valid=1.0000 routes=9.765 grad=1.8444 seconds=26.1
Epoch 2486/5000: score=10.577648 loss=-0.137206 valid=1.0000 routes=9.503 grad=1.6331 seconds=26.7
Epoch 2487/5000: score=11.660263 loss=-0.150953 valid=1.0000 routes=9.766 grad=1.9026 seconds=27.4
Epoch 2488/5000: score=11.367683 loss=-0.140219 valid=1.0000 routes=9.737 grad=1.7072 seconds=27.1
Epoch 2489/5000: score=11.270979 loss=-0.138420 valid=1.0000 routes=9.940 grad=1.8054 seconds=26.1
Epoch 2490/5000: score=11.116731 loss=-0.153671 valid=1.0000 routes=9.710 grad=1.8087 seconds=26.1
Epoch 2491/5000: score=11.146943 loss=-0.152367 valid=1.0000 routes=9.921 grad=1.8333 seconds=27.2
Epoch 2492/5000: score=11.089021 loss=-0.146771 valid=1.0000 routes=9.727 grad=1.7716 seconds=27.5
Epoch 2493/5000: score=12.092541 loss=-0.142134 valid=1.0000 routes=10.478 grad=1.9842 seconds=26.6
Epoch 2494/5000: score=11.098369 loss=-0.139580 valid=1.0000 routes=9.906 grad=1.7405 seconds=26.3
Epoch 2495/5000: score=11.635760 loss=-0.165860 valid=1.0000 routes=9.693 grad=1.9350 seconds=26.3
Epoch 2496/5000: score=11.977832 loss=-0.155330 valid=1.0000 routes=9.911 grad=1.9370 seconds=26.8
Epoch 2497/5000: score=11.097563 loss=-0.151409 valid=1.0000 routes=9.393 grad=1.7300 seconds=27.1
Epoch 2498/5000: score=11.320303 loss=-0.156552 valid=1.0000 routes=9.537 grad=1.8058 seconds=26.2
Epoch 2499/5000: score=11.666790 loss=-0.146761 valid=1.0000 routes=10.117 grad=1.9088 seconds=26.3
Epoch 2500/5000: score=11.848223 loss=-0.149424 valid=1.0000 routes=10.590 grad=1.9726 seconds=26.4
>> Invalid instances, Re-generating ...
Epoch 2501/5000: score=11.502742 loss=-0.146346 valid=1.0000 routes=9.946 grad=1.8595 seconds=26.6
Epoch 2502/5000: score=11.394614 loss=-0.145763 valid=1.0000 routes=9.957 grad=1.8030 seconds=27.3
Epoch 2503/5000: score=11.207023 loss=-0.143902 valid=1.0000 routes=9.732 grad=1.7526 seconds=26.9
Epoch 2504/5000: score=11.513386 loss=-0.150181 valid=1.0000 routes=9.894 grad=1.8969 seconds=26.6
Epoch 2505/5000: score=11.382118 loss=-0.147522 valid=1.0000 routes=9.817 grad=1.8104 seconds=26.2
Epoch 2506/5000: score=11.295025 loss=-0.149327 valid=1.0000 routes=9.739 grad=1.8026 seconds=26.5
Epoch 2507/5000: score=11.464943 loss=-0.146010 valid=1.0000 routes=9.930 grad=1.7960 seconds=27.3
Epoch 2508/5000: score=11.392138 loss=-0.148860 valid=1.0000 routes=9.561 grad=1.7403 seconds=26.8
Epoch 2509/5000: score=11.099147 loss=-0.144747 valid=1.0000 routes=9.955 grad=1.7777 seconds=26.2
Epoch 2510/5000: score=11.687991 loss=-0.145773 valid=1.0000 routes=10.327 grad=1.8540 seconds=26.1
Epoch 2511/5000: score=11.343941 loss=-0.145622 valid=1.0000 routes=9.513 grad=1.7471 seconds=26.3
Epoch 2512/5000: score=11.463424 loss=-0.142979 valid=1.0000 routes=10.409 grad=1.8329 seconds=27.6
Epoch 2513/5000: score=11.123794 loss=-0.148558 valid=1.0000 routes=9.360 grad=1.6711 seconds=26.9
Epoch 2514/5000: score=11.486246 loss=-0.144211 valid=1.0000 routes=10.147 grad=1.8120 seconds=25.2
Epoch 2515/5000: score=11.562751 loss=-0.150064 valid=1.0000 routes=10.074 grad=1.8565 seconds=25.7
Epoch 2516/5000: score=11.207576 loss=-0.152021 valid=1.0000 routes=9.863 grad=1.7555 seconds=26.1
Epoch 2517/5000: score=11.540413 loss=-0.154238 valid=1.0000 routes=9.994 grad=1.8984 seconds=27.1
Epoch 2518/5000: score=11.051752 loss=-0.143890 valid=1.0000 routes=9.488 grad=1.6869 seconds=27.2
Epoch 2519/5000: score=10.861256 loss=-0.138456 valid=1.0000 routes=9.050 grad=1.6440 seconds=26.1
Epoch 2520/5000: score=11.385238 loss=-0.147047 valid=1.0000 routes=9.413 grad=1.7730 seconds=26.2
Epoch 2521/5000: score=11.413987 loss=-0.147209 valid=1.0000 routes=9.749 grad=1.8403 seconds=25.7
Epoch 2522/5000: score=11.732823 loss=-0.149151 valid=1.0000 routes=10.212 grad=1.9445 seconds=27.4
Epoch 2523/5000: score=11.182613 loss=-0.145207 valid=1.0000 routes=9.841 grad=1.8088 seconds=26.5
Epoch 2524/5000: score=11.770178 loss=-0.152540 valid=1.0000 routes=9.806 grad=1.9189 seconds=25.8
Epoch 2525/5000: score=10.902255 loss=-0.145662 valid=1.0000 routes=9.421 grad=1.7354 seconds=26.1
Epoch 2526/5000: score=11.348587 loss=-0.146850 valid=1.0000 routes=9.460 grad=1.7589 seconds=26.3
Epoch 2527/5000: score=11.160330 loss=-0.146801 valid=1.0000 routes=10.077 grad=1.7815 seconds=27.8
Epoch 2528/5000: score=11.161599 loss=-0.149859 valid=1.0000 routes=9.813 grad=1.7794 seconds=27.8
Epoch 2529/5000: score=11.968430 loss=-0.143619 valid=1.0000 routes=10.513 grad=1.9574 seconds=26.0
Epoch 2530/5000: score=12.042401 loss=-0.153388 valid=1.0000 routes=10.297 grad=1.9562 seconds=24.3
Epoch 2531/5000: score=10.809005 loss=-0.145502 valid=1.0000 routes=9.480 grad=1.7077 seconds=24.3
Epoch 2532/5000: score=11.260951 loss=-0.151521 valid=1.0000 routes=9.711 grad=1.7989 seconds=27.2
Epoch 2533/5000: score=11.383785 loss=-0.151079 valid=1.0000 routes=9.752 grad=1.8545 seconds=27.3
Epoch 2534/5000: score=11.223143 loss=-0.149508 valid=1.0000 routes=9.592 grad=1.7935 seconds=26.3
Epoch 2535/5000: score=11.535545 loss=-0.146573 valid=1.0000 routes=9.931 grad=1.8587 seconds=26.2
Epoch 2536/5000: score=11.199472 loss=-0.152738 valid=1.0000 routes=9.234 grad=1.7533 seconds=26.7
Epoch 2537/5000: score=11.569920 loss=-0.151163 valid=1.0000 routes=9.700 grad=1.8089 seconds=28.1
Epoch 2538/5000: score=11.578221 loss=-0.142478 valid=1.0000 routes=9.770 grad=1.8242 seconds=27.1
Epoch 2539/5000: score=11.522174 loss=-0.154206 valid=1.0000 routes=9.641 grad=1.8221 seconds=26.2
Epoch 2540/5000: score=11.806165 loss=-0.144465 valid=1.0000 routes=10.027 grad=1.8292 seconds=26.3
Epoch 2541/5000: score=11.326885 loss=-0.159123 valid=1.0000 routes=9.714 grad=1.8386 seconds=26.4
Epoch 2542/5000: score=11.820918 loss=-0.143616 valid=1.0000 routes=10.063 grad=1.8664 seconds=27.2
>> Invalid instances, Re-generating ...
Epoch 2543/5000: score=11.441041 loss=-0.140868 valid=1.0000 routes=10.020 grad=1.8438 seconds=27.4
Epoch 2544/5000: score=11.567579 loss=-0.149626 valid=1.0000 routes=9.814 grad=1.8588 seconds=26.9
Epoch 2545/5000: score=11.192816 loss=-0.150645 valid=1.0000 routes=9.474 grad=1.7362 seconds=26.5
Epoch 2546/5000: score=11.326568 loss=-0.146957 valid=1.0000 routes=10.054 grad=1.8244 seconds=26.6
Epoch 2547/5000: score=11.125912 loss=-0.149250 valid=1.0000 routes=9.502 grad=1.7348 seconds=27.6
Epoch 2548/5000: score=11.933003 loss=-0.139586 valid=1.0000 routes=10.290 grad=1.8616 seconds=26.2
Epoch 2549/5000: score=11.578722 loss=-0.151844 valid=1.0000 routes=9.429 grad=1.8336 seconds=26.4
Epoch 2550/5000: score=11.749703 loss=-0.139241 valid=1.0000 routes=10.321 grad=1.8209 seconds=26.0
Epoch 2551/5000: score=11.136807 loss=-0.149908 valid=1.0000 routes=10.261 grad=1.8169 seconds=26.5
Epoch 2552/5000: score=10.777978 loss=-0.151933 valid=1.0000 routes=9.887 grad=1.7523 seconds=27.9
Epoch 2553/5000: score=11.189434 loss=-0.151163 valid=1.0000 routes=9.327 grad=1.6974 seconds=27.1
Epoch 2554/5000: score=11.276027 loss=-0.145361 valid=1.0000 routes=9.464 grad=1.6568 seconds=26.3
Epoch 2555/5000: score=11.094446 loss=-0.144004 valid=1.0000 routes=10.321 grad=1.7610 seconds=26.2
Epoch 2556/5000: score=11.523957 loss=-0.141236 valid=1.0000 routes=10.116 grad=1.7949 seconds=26.4
Epoch 2557/5000: score=11.438428 loss=-0.144019 valid=1.0000 routes=9.531 grad=1.7700 seconds=27.3
Epoch 2558/5000: score=11.305889 loss=-0.147761 valid=1.0000 routes=10.010 grad=1.8112 seconds=26.7
Epoch 2559/5000: score=11.256187 loss=-0.139865 valid=1.0000 routes=10.193 grad=1.7235 seconds=24.7
Epoch 2560/5000: score=12.011396 loss=-0.154714 valid=1.0000 routes=10.399 grad=1.9801 seconds=25.9
Epoch 2561/5000: score=11.426847 loss=-0.153413 valid=1.0000 routes=9.586 grad=1.8412 seconds=26.8
Epoch 2562/5000: score=11.043507 loss=-0.137814 valid=1.0000 routes=9.911 grad=1.6704 seconds=27.4
Epoch 2563/5000: score=11.638326 loss=-0.146652 valid=1.0000 routes=10.275 grad=1.8857 seconds=26.6
Epoch 2564/5000: score=11.797179 loss=-0.146212 valid=1.0000 routes=9.761 grad=1.8832 seconds=24.7
Epoch 2565/5000: score=11.771106 loss=-0.149657 valid=1.0000 routes=10.171 grad=1.9099 seconds=26.2
Epoch 2566/5000: score=10.980624 loss=-0.142928 valid=1.0000 routes=9.584 grad=1.6753 seconds=26.4
Epoch 2567/5000: score=11.159063 loss=-0.147574 valid=1.0000 routes=9.641 grad=1.7583 seconds=27.0
Epoch 2568/5000: score=11.441974 loss=-0.142573 valid=1.0000 routes=10.091 grad=1.8131 seconds=27.1
Epoch 2569/5000: score=11.251723 loss=-0.148289 valid=1.0000 routes=9.860 grad=1.7769 seconds=25.3
Epoch 2570/5000: score=11.334254 loss=-0.153299 valid=1.0000 routes=9.442 grad=1.7841 seconds=26.4
Epoch 2571/5000: score=11.597516 loss=-0.152379 valid=1.0000 routes=9.283 grad=1.7916 seconds=26.0
Epoch 2572/5000: score=11.084792 loss=-0.146921 valid=1.0000 routes=9.445 grad=1.7295 seconds=27.3
Epoch 2573/5000: score=11.202953 loss=-0.156642 valid=1.0000 routes=9.375 grad=1.8009 seconds=27.3
Epoch 2574/5000: score=11.505199 loss=-0.142075 valid=1.0000 routes=10.548 grad=1.8809 seconds=25.4
Epoch 2575/5000: score=11.861382 loss=-0.153962 valid=1.0000 routes=10.243 grad=1.9745 seconds=25.8
Epoch 2576/5000: score=11.313865 loss=-0.148079 valid=1.0000 routes=9.493 grad=1.7516 seconds=25.2
Epoch 2577/5000: score=11.358449 loss=-0.140849 valid=1.0000 routes=9.817 grad=1.7287 seconds=26.0
Epoch 2578/5000: score=11.518641 loss=-0.139465 valid=1.0000 routes=10.366 grad=1.8236 seconds=27.2
Epoch 2579/5000: score=11.407104 loss=-0.136341 valid=1.0000 routes=10.243 grad=1.8094 seconds=26.5
Epoch 2580/5000: score=10.801848 loss=-0.142133 valid=1.0000 routes=9.839 grad=1.6919 seconds=26.7
Epoch 2581/5000: score=11.288853 loss=-0.148527 valid=1.0000 routes=9.798 grad=1.7737 seconds=26.1
Epoch 2582/5000: score=11.099147 loss=-0.151194 valid=1.0000 routes=9.538 grad=1.7837 seconds=27.7
Epoch 2583/5000: score=11.428556 loss=-0.146641 valid=1.0000 routes=9.555 grad=1.7732 seconds=26.8
Epoch 2584/5000: score=11.764253 loss=-0.148738 valid=1.0000 routes=10.466 grad=1.9265 seconds=26.0
Epoch 2585/5000: score=11.865420 loss=-0.136326 valid=1.0000 routes=10.822 grad=1.9275 seconds=25.1
Epoch 2586/5000: score=11.218729 loss=-0.150840 valid=1.0000 routes=9.585 grad=1.8150 seconds=25.6
Epoch 2587/5000: score=10.920894 loss=-0.139135 valid=1.0000 routes=9.265 grad=1.6291 seconds=27.4
Epoch 2588/5000: score=11.642364 loss=-0.149332 valid=1.0000 routes=9.546 grad=1.7899 seconds=26.8
Epoch 2589/5000: score=11.515611 loss=-0.147960 valid=1.0000 routes=9.767 grad=1.8223 seconds=27.0
Epoch 2590/5000: score=11.741821 loss=-0.145870 valid=1.0000 routes=9.967 grad=1.8731 seconds=27.5
Epoch 2591/5000: score=10.382419 loss=-0.141343 valid=1.0000 routes=9.302 grad=1.5953 seconds=26.9
Epoch 2592/5000: score=11.199815 loss=-0.144238 valid=1.0000 routes=9.450 grad=1.7188 seconds=26.7
Epoch 2593/5000: score=10.873203 loss=-0.143362 valid=1.0000 routes=9.617 grad=1.7686 seconds=26.3
Epoch 2594/5000: score=11.318275 loss=-0.147753 valid=1.0000 routes=9.874 grad=1.7443 seconds=26.8
Epoch 2595/5000: score=11.545106 loss=-0.157270 valid=1.0000 routes=9.691 grad=1.8579 seconds=27.5
Epoch 2596/5000: score=11.821670 loss=-0.147550 valid=1.0000 routes=10.321 grad=1.9283 seconds=26.5
Epoch 2597/5000: score=11.641147 loss=-0.139370 valid=1.0000 routes=9.952 grad=1.8150 seconds=26.1
Epoch 2598/5000: score=11.170498 loss=-0.139926 valid=1.0000 routes=10.093 grad=1.7681 seconds=26.1
Epoch 2599/5000: score=11.453699 loss=-0.158754 valid=1.0000 routes=9.520 grad=1.8441 seconds=26.1
Epoch 2600/5000: score=11.388465 loss=-0.144009 valid=1.0000 routes=9.833 grad=1.7668 seconds=27.8
Epoch 2601/5000: score=11.887619 loss=-0.151888 valid=1.0000 routes=9.771 grad=1.9037 seconds=26.8
Epoch 2602/5000: score=11.249103 loss=-0.145102 valid=1.0000 routes=9.294 grad=1.6785 seconds=26.2
Epoch 2603/5000: score=11.682939 loss=-0.155672 valid=1.0000 routes=9.664 grad=1.8971 seconds=25.2
Epoch 2604/5000: score=11.246897 loss=-0.156808 valid=1.0000 routes=9.610 grad=1.8191 seconds=26.3
Epoch 2605/5000: score=11.251140 loss=-0.139654 valid=1.0000 routes=9.913 grad=1.7231 seconds=26.1
Epoch 2606/5000: score=11.687567 loss=-0.151951 valid=1.0000 routes=10.054 grad=1.8773 seconds=25.5
Epoch 2607/5000: score=11.121595 loss=-0.140862 valid=1.0000 routes=9.596 grad=1.6769 seconds=25.7
Epoch 2608/5000: score=11.427145 loss=-0.139124 valid=1.0000 routes=9.762 grad=1.7536 seconds=26.1
Epoch 2609/5000: score=11.676860 loss=-0.154756 valid=1.0000 routes=10.269 grad=1.9020 seconds=26.3
Epoch 2610/5000: score=11.050490 loss=-0.146773 valid=1.0000 routes=10.336 grad=1.7565 seconds=27.2
Epoch 2611/5000: score=11.558601 loss=-0.150351 valid=1.0000 routes=9.381 grad=1.8042 seconds=27.6
Epoch 2612/5000: score=11.245009 loss=-0.145640 valid=1.0000 routes=9.788 grad=1.7850 seconds=26.3
Epoch 2613/5000: score=12.137394 loss=-0.150117 valid=1.0000 routes=10.460 grad=2.0315 seconds=26.3
Epoch 2614/5000: score=11.506191 loss=-0.137141 valid=1.0000 routes=10.175 grad=1.8575 seconds=25.4
Epoch 2615/5000: score=11.314464 loss=-0.136581 valid=1.0000 routes=10.260 grad=1.7820 seconds=26.3
Epoch 2616/5000: score=10.880594 loss=-0.152207 valid=1.0000 routes=9.244 grad=1.7182 seconds=27.4
Epoch 2617/5000: score=11.434714 loss=-0.149697 valid=1.0000 routes=10.230 grad=1.8392 seconds=26.3
Epoch 2618/5000: score=11.106388 loss=-0.137957 valid=1.0000 routes=10.035 grad=1.7360 seconds=26.2
Epoch 2619/5000: score=11.229022 loss=-0.145586 valid=1.0000 routes=9.097 grad=1.6724 seconds=26.5
Epoch 2620/5000: score=11.445852 loss=-0.146525 valid=1.0000 routes=9.797 grad=1.7452 seconds=26.5
Epoch 2621/5000: score=11.893091 loss=-0.142331 valid=1.0000 routes=10.419 grad=1.8782 seconds=27.1
Epoch 2622/5000: score=11.564096 loss=-0.145349 valid=1.0000 routes=9.868 grad=1.8717 seconds=26.3
Epoch 2623/5000: score=11.440237 loss=-0.139599 valid=1.0000 routes=10.132 grad=1.8257 seconds=25.8
Epoch 2624/5000: score=11.121683 loss=-0.151833 valid=1.0000 routes=9.341 grad=1.7494 seconds=24.4
Epoch 2625/5000: score=11.171432 loss=-0.129100 valid=1.0000 routes=10.515 grad=1.6859 seconds=25.6
Epoch 2626/5000: score=11.644724 loss=-0.144456 valid=1.0000 routes=9.937 grad=1.8492 seconds=27.0
Epoch 2627/5000: score=11.030438 loss=-0.142137 valid=1.0000 routes=9.479 grad=1.6893 seconds=25.4
Epoch 2628/5000: score=11.833273 loss=-0.138510 valid=1.0000 routes=9.970 grad=1.8292 seconds=23.0
Epoch 2629/5000: score=11.360065 loss=-0.146582 valid=1.0000 routes=9.771 grad=1.7889 seconds=24.0
Epoch 2630/5000: score=11.597200 loss=-0.145300 valid=1.0000 routes=10.720 grad=1.8848 seconds=25.1
Epoch 2631/5000: score=11.254430 loss=-0.147606 valid=1.0000 routes=9.538 grad=1.7668 seconds=26.4
Epoch 2632/5000: score=11.306692 loss=-0.143802 valid=1.0000 routes=9.898 grad=1.8035 seconds=28.1
Epoch 2633/5000: score=11.466229 loss=-0.149518 valid=1.0000 routes=10.480 grad=1.8644 seconds=27.3
Epoch 2634/5000: score=11.516975 loss=-0.144591 valid=1.0000 routes=9.658 grad=1.8190 seconds=26.4
Epoch 2635/5000: score=11.513400 loss=-0.146288 valid=1.0000 routes=10.230 grad=1.8719 seconds=26.7
Epoch 2636/5000: score=11.558577 loss=-0.147224 valid=1.0000 routes=10.006 grad=1.8736 seconds=26.7
Epoch 2637/5000: score=11.082005 loss=-0.160771 valid=1.0000 routes=9.439 grad=1.8369 seconds=28.1
Epoch 2638/5000: score=11.071584 loss=-0.155988 valid=1.0000 routes=9.139 grad=1.7466 seconds=26.8
Epoch 2639/5000: score=11.364621 loss=-0.146899 valid=1.0000 routes=9.673 grad=1.7527 seconds=26.6
Epoch 2640/5000: score=11.079295 loss=-0.139357 valid=1.0000 routes=9.750 grad=1.7698 seconds=26.4
Epoch 2641/5000: score=11.215125 loss=-0.143250 valid=1.0000 routes=9.319 grad=1.7307 seconds=27.1
Epoch 2642/5000: score=11.477130 loss=-0.155035 valid=1.0000 routes=9.530 grad=1.8698 seconds=27.8
Epoch 2643/5000: score=11.136777 loss=-0.145905 valid=1.0000 routes=9.485 grad=1.6783 seconds=27.0
Epoch 2644/5000: score=10.809161 loss=-0.139162 valid=1.0000 routes=9.704 grad=1.6561 seconds=26.3
Epoch 2645/5000: score=11.601280 loss=-0.143436 valid=1.0000 routes=9.781 grad=1.8478 seconds=26.3
Epoch 2646/5000: score=11.098186 loss=-0.138572 valid=1.0000 routes=9.917 grad=1.7715 seconds=26.7
Epoch 2647/5000: score=11.049414 loss=-0.132565 valid=1.0000 routes=9.494 grad=1.6384 seconds=27.8
Epoch 2648/5000: score=10.891706 loss=-0.148151 valid=1.0000 routes=9.423 grad=1.6824 seconds=26.9
Epoch 2649/5000: score=11.525207 loss=-0.144135 valid=1.0000 routes=10.111 grad=1.9074 seconds=26.2
Epoch 2650/5000: score=11.498671 loss=-0.141172 valid=1.0000 routes=9.570 grad=1.7851 seconds=26.2
Epoch 2651/5000: score=11.213849 loss=-0.158409 valid=1.0000 routes=9.718 grad=1.8845 seconds=26.7
Epoch 2652/5000: score=11.561780 loss=-0.147990 valid=1.0000 routes=9.586 grad=1.8476 seconds=27.2
Epoch 2653/5000: score=11.377351 loss=-0.145103 valid=1.0000 routes=9.729 grad=1.7183 seconds=27.0
Epoch 2654/5000: score=11.617851 loss=-0.143025 valid=1.0000 routes=10.242 grad=1.8296 seconds=26.3
Epoch 2655/5000: score=11.519292 loss=-0.140792 valid=1.0000 routes=9.925 grad=1.7628 seconds=26.5
Epoch 2656/5000: score=11.237666 loss=-0.144821 valid=1.0000 routes=9.426 grad=1.7597 seconds=26.3
Epoch 2657/5000: score=11.539617 loss=-0.154717 valid=1.0000 routes=9.392 grad=1.8429 seconds=27.4
Epoch 2658/5000: score=11.760474 loss=-0.153463 valid=1.0000 routes=10.303 grad=1.9481 seconds=27.6
Epoch 2659/5000: score=11.876145 loss=-0.144243 valid=1.0000 routes=10.179 grad=1.8925 seconds=26.5
Epoch 2660/5000: score=11.607359 loss=-0.140285 valid=1.0000 routes=10.270 grad=1.9013 seconds=26.1
Epoch 2661/5000: score=11.296889 loss=-0.147036 valid=1.0000 routes=9.818 grad=1.8195 seconds=26.4
Epoch 2662/5000: score=11.575234 loss=-0.152259 valid=1.0000 routes=9.835 grad=1.8402 seconds=27.3
Epoch 2663/5000: score=11.281458 loss=-0.139292 valid=1.0000 routes=9.818 grad=1.7244 seconds=27.4
Epoch 2664/5000: score=11.250242 loss=-0.144715 valid=1.0000 routes=10.017 grad=1.8390 seconds=26.6
Epoch 2665/5000: score=11.366931 loss=-0.150625 valid=1.0000 routes=9.548 grad=1.7560 seconds=26.2
Epoch 2666/5000: score=11.713942 loss=-0.146071 valid=1.0000 routes=9.978 grad=1.8712 seconds=26.1
Epoch 2667/5000: score=11.570108 loss=-0.144019 valid=1.0000 routes=10.104 grad=1.8550 seconds=26.9
Epoch 2668/5000: score=12.004827 loss=-0.147705 valid=1.0000 routes=10.246 grad=1.9028 seconds=27.6
Epoch 2669/5000: score=11.425287 loss=-0.140665 valid=1.0000 routes=9.730 grad=1.7446 seconds=26.1
Epoch 2670/5000: score=10.920825 loss=-0.150077 valid=1.0000 routes=9.102 grad=1.6661 seconds=26.4
Epoch 2671/5000: score=11.110576 loss=-0.142181 valid=1.0000 routes=9.419 grad=1.6867 seconds=26.6
Epoch 2672/5000: score=11.628937 loss=-0.139366 valid=1.0000 routes=10.768 grad=1.8952 seconds=26.4
Epoch 2673/5000: score=11.150520 loss=-0.146660 valid=1.0000 routes=9.570 grad=1.7386 seconds=27.4
Epoch 2674/5000: score=10.899921 loss=-0.145850 valid=1.0000 routes=9.711 grad=1.7066 seconds=26.6
Epoch 2675/5000: score=11.000627 loss=-0.153534 valid=1.0000 routes=9.182 grad=1.7420 seconds=26.7
Epoch 2676/5000: score=11.397283 loss=-0.146946 valid=1.0000 routes=9.928 grad=1.7671 seconds=26.2
Epoch 2677/5000: score=10.259531 loss=-0.146070 valid=1.0000 routes=8.859 grad=1.5812 seconds=27.0
Epoch 2678/5000: score=11.669099 loss=-0.145709 valid=1.0000 routes=10.087 grad=1.8634 seconds=27.6
Epoch 2679/5000: score=11.798151 loss=-0.159653 valid=1.0000 routes=9.951 grad=1.9226 seconds=27.4
Epoch 2680/5000: score=11.043315 loss=-0.143516 valid=1.0000 routes=10.190 grad=1.7247 seconds=26.4
Epoch 2681/5000: score=11.056602 loss=-0.150038 valid=1.0000 routes=9.597 grad=1.7227 seconds=26.2
Epoch 2682/5000: score=11.057988 loss=-0.144737 valid=1.0000 routes=9.645 grad=1.7452 seconds=26.5
Epoch 2683/5000: score=10.553318 loss=-0.145488 valid=1.0000 routes=9.442 grad=1.6303 seconds=27.7
Epoch 2684/5000: score=11.448452 loss=-0.142050 valid=1.0000 routes=9.891 grad=1.8585 seconds=27.1
Epoch 2685/5000: score=11.419424 loss=-0.151252 valid=1.0000 routes=10.127 grad=1.7979 seconds=26.3
Epoch 2686/5000: score=12.290382 loss=-0.147446 valid=1.0000 routes=10.362 grad=2.0573 seconds=26.3
Epoch 2687/5000: score=11.529121 loss=-0.141906 valid=1.0000 routes=10.378 grad=1.8664 seconds=26.7
Epoch 2688/5000: score=11.173323 loss=-0.144705 valid=1.0000 routes=9.950 grad=1.7786 seconds=26.5
Epoch 2689/5000: score=10.861595 loss=-0.150043 valid=1.0000 routes=9.330 grad=1.7207 seconds=26.2
Epoch 2690/5000: score=11.689236 loss=-0.142706 valid=1.0000 routes=9.786 grad=1.8013 seconds=24.7
Epoch 2691/5000: score=10.876701 loss=-0.141666 valid=1.0000 routes=9.792 grad=1.7021 seconds=26.3
Epoch 2692/5000: score=11.441671 loss=-0.158167 valid=1.0000 routes=9.571 grad=1.8747 seconds=26.5
Epoch 2693/5000: score=11.647923 loss=-0.136312 valid=1.0000 routes=10.383 grad=1.8416 seconds=26.7
Epoch 2694/5000: score=12.116685 loss=-0.143153 valid=1.0000 routes=10.577 grad=1.9321 seconds=27.1
Epoch 2695/5000: score=11.920109 loss=-0.156840 valid=1.0000 routes=10.281 grad=2.0235 seconds=26.7
Epoch 2696/5000: score=10.807738 loss=-0.142326 valid=1.0000 routes=9.556 grad=1.6848 seconds=26.7
Epoch 2697/5000: score=11.310926 loss=-0.159296 valid=1.0000 routes=9.097 grad=1.7817 seconds=26.6
Epoch 2698/5000: score=12.077231 loss=-0.156334 valid=1.0000 routes=10.708 grad=2.0149 seconds=27.0
Epoch 2699/5000: score=11.210436 loss=-0.149359 valid=1.0000 routes=9.446 grad=1.7996 seconds=27.9
Epoch 2700/5000: score=11.144900 loss=-0.159597 valid=1.0000 routes=9.365 grad=1.8125 seconds=27.0
Epoch 2701/5000: score=11.413890 loss=-0.144826 valid=1.0000 routes=10.000 grad=1.8363 seconds=26.5
Epoch 2702/5000: score=11.411038 loss=-0.135737 valid=1.0000 routes=10.010 grad=1.7422 seconds=26.2
Epoch 2703/5000: score=11.619244 loss=-0.151403 valid=1.0000 routes=10.425 grad=1.9236 seconds=26.9
Epoch 2704/5000: score=10.982680 loss=-0.141231 valid=1.0000 routes=10.087 grad=1.7256 seconds=27.4
Epoch 2705/5000: score=11.234817 loss=-0.150926 valid=1.0000 routes=9.594 grad=1.7866 seconds=26.8
Epoch 2706/5000: score=11.040789 loss=-0.152148 valid=1.0000 routes=9.915 grad=1.7626 seconds=26.4
Epoch 2707/5000: score=11.574954 loss=-0.139812 valid=1.0000 routes=10.694 grad=1.8705 seconds=26.2
Epoch 2708/5000: score=11.512709 loss=-0.140047 valid=1.0000 routes=10.142 grad=1.8239 seconds=26.6
Epoch 2709/5000: score=11.370403 loss=-0.148501 valid=1.0000 routes=9.863 grad=1.8304 seconds=27.3
Epoch 2710/5000: score=11.356440 loss=-0.153010 valid=1.0000 routes=10.073 grad=1.8269 seconds=25.2
Epoch 2711/5000: score=11.613291 loss=-0.145675 valid=1.0000 routes=9.939 grad=1.8930 seconds=24.4
Epoch 2712/5000: score=11.699785 loss=-0.149481 valid=1.0000 routes=9.839 grad=1.8741 seconds=26.4
Epoch 2713/5000: score=11.076400 loss=-0.139254 valid=1.0000 routes=9.743 grad=1.6317 seconds=25.8
Epoch 2714/5000: score=10.959661 loss=-0.144639 valid=1.0000 routes=9.450 grad=1.7032 seconds=27.4
Epoch 2715/5000: score=11.176637 loss=-0.150894 valid=1.0000 routes=9.368 grad=1.7389 seconds=27.7
Epoch 2716/5000: score=11.782775 loss=-0.151337 valid=1.0000 routes=9.942 grad=1.8736 seconds=26.4
Epoch 2717/5000: score=11.065283 loss=-0.140936 valid=1.0000 routes=9.916 grad=1.7162 seconds=26.3
Epoch 2718/5000: score=11.131825 loss=-0.149506 valid=1.0000 routes=9.618 grad=1.7323 seconds=26.7
Epoch 2719/5000: score=11.770884 loss=-0.143355 valid=1.0000 routes=10.551 grad=1.9160 seconds=27.6
Epoch 2720/5000: score=11.525378 loss=-0.146680 valid=1.0000 routes=9.872 grad=1.8523 seconds=27.9
Epoch 2721/5000: score=11.299397 loss=-0.146327 valid=1.0000 routes=9.586 grad=1.7609 seconds=26.7
Epoch 2722/5000: score=11.531460 loss=-0.145246 valid=1.0000 routes=10.185 grad=1.8540 seconds=27.0
Epoch 2723/5000: score=11.202909 loss=-0.139217 valid=1.0000 routes=10.226 grad=1.7604 seconds=26.2
Epoch 2724/5000: score=10.817718 loss=-0.145368 valid=1.0000 routes=9.243 grad=1.6311 seconds=27.2
Epoch 2725/5000: score=11.608246 loss=-0.141792 valid=1.0000 routes=10.551 grad=1.8561 seconds=27.3
Epoch 2726/5000: score=11.432040 loss=-0.144223 valid=1.0000 routes=9.725 grad=1.7732 seconds=25.7
Epoch 2727/5000: score=11.791806 loss=-0.144520 valid=1.0000 routes=9.980 grad=1.8215 seconds=26.3
Epoch 2728/5000: score=11.322456 loss=-0.148069 valid=1.0000 routes=9.488 grad=1.7000 seconds=26.4
Epoch 2729/5000: score=11.595752 loss=-0.136777 valid=1.0000 routes=9.819 grad=1.7928 seconds=26.7
Epoch 2730/5000: score=11.844598 loss=-0.148893 valid=1.0000 routes=9.985 grad=1.9229 seconds=27.6
Epoch 2731/5000: score=11.791259 loss=-0.150849 valid=1.0000 routes=10.019 grad=1.8924 seconds=27.0
Epoch 2732/5000: score=12.104527 loss=-0.154557 valid=1.0000 routes=10.189 grad=1.9366 seconds=26.6
Epoch 2733/5000: score=11.607105 loss=-0.148927 valid=1.0000 routes=9.994 grad=1.8738 seconds=26.5
Epoch 2734/5000: score=11.770960 loss=-0.145501 valid=1.0000 routes=10.209 grad=1.8901 seconds=26.9
Epoch 2735/5000: score=11.561652 loss=-0.138566 valid=1.0000 routes=9.769 grad=1.8000 seconds=28.2
Epoch 2736/5000: score=11.026965 loss=-0.138109 valid=1.0000 routes=9.827 grad=1.6912 seconds=26.7
Epoch 2737/5000: score=11.019368 loss=-0.141699 valid=1.0000 routes=9.518 grad=1.6812 seconds=26.3
Epoch 2738/5000: score=11.631737 loss=-0.138981 valid=1.0000 routes=10.160 grad=1.8280 seconds=26.3
Epoch 2739/5000: score=11.223913 loss=-0.144494 valid=1.0000 routes=9.954 grad=1.7807 seconds=27.0
Epoch 2740/5000: score=11.298949 loss=-0.145366 valid=1.0000 routes=10.298 grad=1.8156 seconds=27.5
Epoch 2741/5000: score=11.788020 loss=-0.143540 valid=1.0000 routes=9.793 grad=1.8004 seconds=26.7
Epoch 2742/5000: score=11.272625 loss=-0.153026 valid=1.0000 routes=9.101 grad=1.7045 seconds=26.4
Epoch 2743/5000: score=11.394969 loss=-0.144550 valid=1.0000 routes=9.766 grad=1.7713 seconds=26.6
Epoch 2744/5000: score=11.906865 loss=-0.150739 valid=1.0000 routes=10.355 grad=1.9900 seconds=27.2
Epoch 2745/5000: score=11.697700 loss=-0.146547 valid=1.0000 routes=10.193 grad=1.8052 seconds=27.7
Epoch 2746/5000: score=11.034788 loss=-0.141838 valid=1.0000 routes=9.365 grad=1.6504 seconds=26.8
Epoch 2747/5000: score=11.338478 loss=-0.139230 valid=1.0000 routes=9.874 grad=1.7606 seconds=26.3
Epoch 2748/5000: score=11.429350 loss=-0.140383 valid=1.0000 routes=9.741 grad=1.7718 seconds=26.3
Epoch 2749/5000: score=10.910250 loss=-0.142808 valid=1.0000 routes=9.389 grad=1.6519 seconds=27.1
Epoch 2750/5000: score=11.041165 loss=-0.133683 valid=1.0000 routes=9.521 grad=1.6669 seconds=27.9
Epoch 2751/5000: score=11.221337 loss=-0.137213 valid=1.0000 routes=9.970 grad=1.7647 seconds=27.1
Epoch 2752/5000: score=11.143056 loss=-0.137777 valid=1.0000 routes=9.523 grad=1.6260 seconds=25.0
Epoch 2753/5000: score=11.556312 loss=-0.133439 valid=1.0000 routes=10.594 grad=1.8084 seconds=25.8
Epoch 2754/5000: score=11.842236 loss=-0.151658 valid=1.0000 routes=9.748 grad=1.8950 seconds=25.0
Epoch 2755/5000: score=11.057925 loss=-0.144593 valid=1.0000 routes=9.609 grad=1.7217 seconds=27.4
Epoch 2756/5000: score=11.094689 loss=-0.142500 valid=1.0000 routes=9.469 grad=1.6937 seconds=27.2
Epoch 2757/5000: score=11.563546 loss=-0.139923 valid=1.0000 routes=10.565 grad=1.9093 seconds=26.2
Epoch 2758/5000: score=11.727005 loss=-0.145364 valid=1.0000 routes=9.781 grad=1.8775 seconds=26.3
Epoch 2759/5000: score=11.880731 loss=-0.146458 valid=1.0000 routes=9.882 grad=1.9041 seconds=26.8
Epoch 2760/5000: score=11.264066 loss=-0.138257 valid=1.0000 routes=10.024 grad=1.7695 seconds=27.5
Epoch 2761/5000: score=11.783072 loss=-0.149358 valid=1.0000 routes=9.322 grad=1.8187 seconds=26.9
Epoch 2762/5000: score=11.387605 loss=-0.145481 valid=1.0000 routes=9.807 grad=1.7756 seconds=26.2
Epoch 2763/5000: score=11.333841 loss=-0.145012 valid=1.0000 routes=9.753 grad=1.7933 seconds=26.3
Epoch 2764/5000: score=11.573182 loss=-0.135068 valid=1.0000 routes=10.636 grad=1.8334 seconds=26.5
Epoch 2765/5000: score=11.196164 loss=-0.142503 valid=1.0000 routes=9.236 grad=1.6836 seconds=27.6
Epoch 2766/5000: score=11.600550 loss=-0.139048 valid=1.0000 routes=9.980 grad=1.8205 seconds=26.9
Epoch 2767/5000: score=11.471067 loss=-0.138654 valid=1.0000 routes=10.038 grad=1.8063 seconds=26.8
Epoch 2768/5000: score=11.530671 loss=-0.145507 valid=1.0000 routes=10.139 grad=1.8258 seconds=26.5
Epoch 2769/5000: score=11.872323 loss=-0.153031 valid=1.0000 routes=10.176 grad=1.9169 seconds=26.7
Epoch 2770/5000: score=11.074288 loss=-0.145179 valid=1.0000 routes=9.699 grad=1.7386 seconds=27.3
Epoch 2771/5000: score=11.215799 loss=-0.138580 valid=1.0000 routes=10.203 grad=1.7697 seconds=26.8
Epoch 2772/5000: score=11.086016 loss=-0.142593 valid=1.0000 routes=9.750 grad=1.7609 seconds=26.2
Epoch 2773/5000: score=11.001150 loss=-0.135371 valid=1.0000 routes=9.855 grad=1.6550 seconds=26.2
Epoch 2774/5000: score=11.629317 loss=-0.152405 valid=1.0000 routes=9.729 grad=1.8701 seconds=26.7
Epoch 2775/5000: score=11.648352 loss=-0.142414 valid=1.0000 routes=10.198 grad=1.8845 seconds=28.3
Epoch 2776/5000: score=11.358014 loss=-0.147090 valid=1.0000 routes=9.781 grad=1.8482 seconds=27.3
Epoch 2777/5000: score=11.013709 loss=-0.148681 valid=1.0000 routes=9.371 grad=1.7210 seconds=26.8
Epoch 2778/5000: score=11.096966 loss=-0.144477 valid=1.0000 routes=9.523 grad=1.6919 seconds=27.3
Epoch 2779/5000: score=11.394868 loss=-0.146660 valid=1.0000 routes=9.985 grad=1.7937 seconds=27.6
Epoch 2780/5000: score=11.346091 loss=-0.143776 valid=1.0000 routes=10.044 grad=1.8424 seconds=27.5
Epoch 2781/5000: score=11.846508 loss=-0.146490 valid=1.0000 routes=10.248 grad=1.9645 seconds=27.1
Epoch 2782/5000: score=11.389616 loss=-0.139243 valid=1.0000 routes=9.795 grad=1.7274 seconds=26.2
Epoch 2783/5000: score=11.730797 loss=-0.134887 valid=1.0000 routes=10.341 grad=1.8829 seconds=26.5
Epoch 2784/5000: score=11.595536 loss=-0.143145 valid=1.0000 routes=9.894 grad=1.8267 seconds=26.3
Epoch 2785/5000: score=11.176175 loss=-0.141872 valid=1.0000 routes=9.792 grad=1.7195 seconds=27.4
Epoch 2786/5000: score=11.385866 loss=-0.153034 valid=1.0000 routes=9.560 grad=1.8664 seconds=26.8
Epoch 2787/5000: score=11.093167 loss=-0.137657 valid=1.0000 routes=9.905 grad=1.7228 seconds=25.2
Epoch 2788/5000: score=12.098633 loss=-0.144655 valid=1.0000 routes=10.663 grad=1.9933 seconds=26.0
Epoch 2789/5000: score=11.644861 loss=-0.140876 valid=1.0000 routes=10.091 grad=1.7978 seconds=26.4
Epoch 2790/5000: score=11.319921 loss=-0.145794 valid=1.0000 routes=9.846 grad=1.8148 seconds=27.7
Epoch 2791/5000: score=11.147445 loss=-0.141629 valid=1.0000 routes=9.787 grad=1.7508 seconds=27.2
Epoch 2792/5000: score=11.577084 loss=-0.141025 valid=1.0000 routes=9.964 grad=1.8306 seconds=26.7
Epoch 2793/5000: score=11.426038 loss=-0.149514 valid=1.0000 routes=9.820 grad=1.8220 seconds=26.6
Epoch 2794/5000: score=10.953404 loss=-0.141651 valid=1.0000 routes=9.544 grad=1.6600 seconds=26.7
Epoch 2795/5000: score=11.565531 loss=-0.144931 valid=1.0000 routes=10.210 grad=1.8552 seconds=27.4
Epoch 2796/5000: score=11.470314 loss=-0.144394 valid=1.0000 routes=10.030 grad=1.8271 seconds=26.7
Epoch 2797/5000: score=11.481790 loss=-0.151435 valid=1.0000 routes=9.701 grad=1.7773 seconds=26.1
Epoch 2798/5000: score=11.424528 loss=-0.135015 valid=1.0000 routes=9.896 grad=1.7722 seconds=26.1
Epoch 2799/5000: score=10.849800 loss=-0.147206 valid=1.0000 routes=9.109 grad=1.6464 seconds=26.2
Epoch 2800/5000: score=11.521595 loss=-0.153280 valid=1.0000 routes=9.638 grad=1.8316 seconds=27.5
Epoch 2801/5000: score=11.617380 loss=-0.144099 valid=1.0000 routes=10.059 grad=1.8406 seconds=27.1
Epoch 2802/5000: score=11.362703 loss=-0.143012 valid=1.0000 routes=9.774 grad=1.8007 seconds=26.3
Epoch 2803/5000: score=11.528319 loss=-0.146415 valid=1.0000 routes=9.864 grad=1.8308 seconds=26.2
Epoch 2804/5000: score=11.468719 loss=-0.145812 valid=1.0000 routes=10.034 grad=1.8585 seconds=25.3
Epoch 2805/5000: score=11.591610 loss=-0.139376 valid=1.0000 routes=10.169 grad=1.8254 seconds=27.0
Epoch 2806/5000: score=12.096764 loss=-0.140173 valid=1.0000 routes=10.512 grad=1.9577 seconds=26.4
Epoch 2807/5000: score=11.477691 loss=-0.151150 valid=1.0000 routes=9.778 grad=1.8567 seconds=26.3
Epoch 2808/5000: score=11.323525 loss=-0.140784 valid=1.0000 routes=9.942 grad=1.7544 seconds=26.2
Epoch 2809/5000: score=11.556259 loss=-0.149918 valid=1.0000 routes=9.779 grad=1.8121 seconds=26.4
Epoch 2810/5000: score=11.290897 loss=-0.151923 valid=1.0000 routes=9.522 grad=1.7400 seconds=27.9
Epoch 2811/5000: score=11.344469 loss=-0.151057 valid=1.0000 routes=10.211 grad=1.8618 seconds=27.4
Epoch 2812/5000: score=11.862342 loss=-0.143200 valid=1.0000 routes=9.862 grad=1.8491 seconds=26.4
Epoch 2813/5000: score=11.566351 loss=-0.147288 valid=1.0000 routes=9.785 grad=1.8059 seconds=26.2
Epoch 2814/5000: score=11.609979 loss=-0.143124 valid=1.0000 routes=10.553 grad=1.8709 seconds=26.4
Epoch 2815/5000: score=11.869586 loss=-0.145368 valid=1.0000 routes=10.508 grad=1.9422 seconds=27.5
Epoch 2816/5000: score=11.975980 loss=-0.140094 valid=1.0000 routes=10.956 grad=2.0165 seconds=27.1
Epoch 2817/5000: score=11.564580 loss=-0.135226 valid=1.0000 routes=10.109 grad=1.8343 seconds=26.2
Epoch 2818/5000: score=11.293784 loss=-0.143667 valid=1.0000 routes=9.897 grad=1.8178 seconds=26.4
Epoch 2819/5000: score=11.433962 loss=-0.146613 valid=1.0000 routes=10.272 grad=1.8241 seconds=26.0
Epoch 2820/5000: score=11.482546 loss=-0.146495 valid=1.0000 routes=10.189 grad=1.8874 seconds=27.3
Epoch 2821/5000: score=11.279152 loss=-0.150022 valid=1.0000 routes=9.916 grad=1.8427 seconds=27.3
Epoch 2822/5000: score=11.562627 loss=-0.143750 valid=1.0000 routes=10.224 grad=1.8490 seconds=26.5
Epoch 2823/5000: score=11.407896 loss=-0.150180 valid=1.0000 routes=9.704 grad=1.8463 seconds=26.3
Epoch 2824/5000: score=11.018006 loss=-0.143814 valid=1.0000 routes=9.525 grad=1.7290 seconds=25.4
Epoch 2825/5000: score=12.086216 loss=-0.154282 valid=1.0000 routes=10.399 grad=1.9742 seconds=27.6
Epoch 2826/5000: score=11.580489 loss=-0.149625 valid=1.0000 routes=9.684 grad=1.8243 seconds=27.4
Epoch 2827/5000: score=11.589770 loss=-0.149099 valid=1.0000 routes=10.132 grad=1.8054 seconds=26.4
Epoch 2828/5000: score=11.434402 loss=-0.147476 valid=1.0000 routes=10.018 grad=1.7617 seconds=26.3
Epoch 2829/5000: score=11.068554 loss=-0.142682 valid=1.0000 routes=9.555 grad=1.6595 seconds=26.2
Epoch 2830/5000: score=11.142203 loss=-0.148164 valid=1.0000 routes=9.824 grad=1.7158 seconds=28.0
Epoch 2831/5000: score=11.827623 loss=-0.153420 valid=1.0000 routes=10.227 grad=1.9394 seconds=27.3
Epoch 2832/5000: score=11.541322 loss=-0.145447 valid=1.0000 routes=10.056 grad=1.7937 seconds=26.2
Epoch 2833/5000: score=11.915134 loss=-0.154490 valid=1.0000 routes=9.986 grad=1.9456 seconds=26.4
Epoch 2834/5000: score=11.378498 loss=-0.139546 valid=1.0000 routes=10.079 grad=1.7462 seconds=26.0
Epoch 2835/5000: score=10.812259 loss=-0.141476 valid=1.0000 routes=9.444 grad=1.6436 seconds=27.4
Epoch 2836/5000: score=11.061755 loss=-0.141007 valid=1.0000 routes=9.640 grad=1.7252 seconds=27.3
Epoch 2837/5000: score=11.268212 loss=-0.135706 valid=1.0000 routes=10.070 grad=1.7252 seconds=26.1
Epoch 2838/5000: score=11.576276 loss=-0.144211 valid=1.0000 routes=9.858 grad=1.7905 seconds=26.5
Epoch 2839/5000: score=11.408018 loss=-0.145716 valid=1.0000 routes=10.039 grad=1.7757 seconds=26.1
Epoch 2840/5000: score=11.252272 loss=-0.145689 valid=1.0000 routes=9.679 grad=1.7387 seconds=26.9
Epoch 2841/5000: score=11.634909 loss=-0.140256 valid=1.0000 routes=10.294 grad=1.8957 seconds=27.2
Epoch 2842/5000: score=11.343584 loss=-0.141410 valid=1.0000 routes=9.688 grad=1.7673 seconds=26.0
>> Invalid instances, Re-generating ...
Epoch 2843/5000: score=11.353811 loss=-0.150966 valid=1.0000 routes=9.983 grad=1.8562 seconds=26.2
Epoch 2844/5000: score=10.911448 loss=-0.145346 valid=1.0000 routes=9.708 grad=1.6638 seconds=26.2
Epoch 2845/5000: score=11.288987 loss=-0.148242 valid=1.0000 routes=9.615 grad=1.7270 seconds=27.2
Epoch 2846/5000: score=11.600004 loss=-0.147689 valid=1.0000 routes=9.601 grad=1.7960 seconds=27.4
Epoch 2847/5000: score=11.837083 loss=-0.148928 valid=1.0000 routes=10.103 grad=1.8349 seconds=26.1
Epoch 2848/5000: score=11.007061 loss=-0.143254 valid=1.0000 routes=9.463 grad=1.7135 seconds=26.4
Epoch 2849/5000: score=11.095947 loss=-0.146794 valid=1.0000 routes=9.484 grad=1.7505 seconds=26.5
Epoch 2850/5000: score=11.376017 loss=-0.155705 valid=1.0000 routes=9.357 grad=1.8260 seconds=27.7
Epoch 2851/5000: score=11.725535 loss=-0.146470 valid=1.0000 routes=10.487 grad=1.9519 seconds=27.6
Epoch 2852/5000: score=11.653136 loss=-0.147267 valid=1.0000 routes=9.580 grad=1.7750 seconds=26.0
Epoch 2853/5000: score=11.748067 loss=-0.163747 valid=1.0000 routes=10.024 grad=1.9357 seconds=26.5
Epoch 2854/5000: score=11.591761 loss=-0.136956 valid=1.0000 routes=10.437 grad=1.8308 seconds=26.3
Epoch 2855/5000: score=11.156586 loss=-0.148338 valid=1.0000 routes=9.101 grad=1.7019 seconds=27.4
Epoch 2856/5000: score=11.346520 loss=-0.152495 valid=1.0000 routes=9.682 grad=1.7715 seconds=27.4
Epoch 2857/5000: score=11.222390 loss=-0.146919 valid=1.0000 routes=9.432 grad=1.6997 seconds=25.2
Epoch 2858/5000: score=11.168185 loss=-0.135791 valid=1.0000 routes=9.966 grad=1.7089 seconds=26.4
Epoch 2859/5000: score=10.981654 loss=-0.146212 valid=1.0000 routes=9.844 grad=1.6914 seconds=26.3
Epoch 2860/5000: score=10.810829 loss=-0.144775 valid=1.0000 routes=9.281 grad=1.6395 seconds=26.8
Epoch 2861/5000: score=11.275287 loss=-0.142486 valid=1.0000 routes=9.548 grad=1.7288 seconds=27.7
Epoch 2862/5000: score=11.164969 loss=-0.139396 valid=1.0000 routes=9.453 grad=1.7058 seconds=26.9
Epoch 2863/5000: score=11.973607 loss=-0.148766 valid=1.0000 routes=9.807 grad=1.8939 seconds=26.5
Epoch 2864/5000: score=11.245710 loss=-0.142776 valid=1.0000 routes=10.028 grad=1.7998 seconds=26.2
Epoch 2865/5000: score=11.439701 loss=-0.142875 valid=1.0000 routes=10.380 grad=1.8124 seconds=27.0
Epoch 2866/5000: score=11.492068 loss=-0.145469 valid=1.0000 routes=9.999 grad=1.8344 seconds=27.7
Epoch 2867/5000: score=11.292304 loss=-0.149839 valid=1.0000 routes=9.917 grad=1.7733 seconds=26.3
Epoch 2868/5000: score=11.238698 loss=-0.154498 valid=1.0000 routes=9.553 grad=1.8061 seconds=26.3
Epoch 2869/5000: score=11.323109 loss=-0.153248 valid=1.0000 routes=9.635 grad=1.8543 seconds=26.3
Epoch 2870/5000: score=11.814957 loss=-0.147141 valid=1.0000 routes=10.276 grad=1.9689 seconds=27.5
Epoch 2871/5000: score=11.172588 loss=-0.142208 valid=1.0000 routes=9.862 grad=1.7625 seconds=27.6
Epoch 2872/5000: score=11.365004 loss=-0.145947 valid=1.0000 routes=10.010 grad=1.7616 seconds=26.7
Epoch 2873/5000: score=11.614455 loss=-0.139308 valid=1.0000 routes=10.400 grad=1.8503 seconds=25.6
Epoch 2874/5000: score=11.676496 loss=-0.159817 valid=1.0000 routes=9.425 grad=1.9074 seconds=26.0
Epoch 2875/5000: score=11.315885 loss=-0.144292 valid=1.0000 routes=9.722 grad=1.7869 seconds=27.0
Epoch 2876/5000: score=10.997487 loss=-0.143985 valid=1.0000 routes=9.637 grad=1.7128 seconds=27.5
Epoch 2877/5000: score=11.162308 loss=-0.135535 valid=1.0000 routes=10.132 grad=1.7609 seconds=26.3
Epoch 2878/5000: score=11.207606 loss=-0.140509 valid=1.0000 routes=10.086 grad=1.7318 seconds=26.6
Epoch 2879/5000: score=11.642574 loss=-0.142180 valid=1.0000 routes=10.267 grad=1.8773 seconds=26.5
Epoch 2880/5000: score=11.787189 loss=-0.141335 valid=1.0000 routes=10.422 grad=1.8280 seconds=26.8
Epoch 2881/5000: score=11.411327 loss=-0.141086 valid=1.0000 routes=10.168 grad=1.8025 seconds=27.1
Epoch 2882/5000: score=11.687189 loss=-0.153763 valid=1.0000 routes=9.507 grad=1.8033 seconds=26.5
Epoch 2883/5000: score=10.674568 loss=-0.143290 valid=1.0000 routes=9.231 grad=1.6105 seconds=26.4
Epoch 2884/5000: score=11.569916 loss=-0.143528 valid=1.0000 routes=10.470 grad=1.8587 seconds=26.3
Epoch 2885/5000: score=11.336561 loss=-0.150967 valid=1.0000 routes=9.619 grad=1.7983 seconds=27.2
>> Invalid instances, Re-generating ...
Epoch 2886/5000: score=11.082620 loss=-0.138231 valid=1.0000 routes=9.882 grad=1.7547 seconds=27.9
Epoch 2887/5000: score=11.804479 loss=-0.153828 valid=1.0000 routes=10.326 grad=1.9259 seconds=26.4
Epoch 2888/5000: score=10.953956 loss=-0.142502 valid=1.0000 routes=9.360 grad=1.6691 seconds=26.1
Epoch 2889/5000: score=11.237760 loss=-0.140103 valid=1.0000 routes=9.713 grad=1.7343 seconds=26.1
Epoch 2890/5000: score=12.072850 loss=-0.155692 valid=1.0000 routes=10.681 grad=2.0026 seconds=26.8
Epoch 2891/5000: score=11.529229 loss=-0.142287 valid=1.0000 routes=10.164 grad=1.8061 seconds=27.3
Epoch 2892/5000: score=11.340701 loss=-0.133124 valid=1.0000 routes=10.228 grad=1.8067 seconds=27.1
Epoch 2893/5000: score=11.881672 loss=-0.142101 valid=1.0000 routes=10.703 grad=1.9611 seconds=26.0
Epoch 2894/5000: score=11.630900 loss=-0.141394 valid=1.0000 routes=10.095 grad=1.8489 seconds=26.3
Epoch 2895/5000: score=11.435026 loss=-0.137373 valid=1.0000 routes=10.330 grad=1.7477 seconds=26.7
Epoch 2896/5000: score=10.887243 loss=-0.138279 valid=1.0000 routes=9.295 grad=1.6028 seconds=27.4
Epoch 2897/5000: score=11.123701 loss=-0.145422 valid=1.0000 routes=9.790 grad=1.7499 seconds=26.4
Epoch 2898/5000: score=11.287069 loss=-0.139945 valid=1.0000 routes=9.607 grad=1.6959 seconds=25.9
Epoch 2899/5000: score=11.680858 loss=-0.146407 valid=1.0000 routes=9.626 grad=1.8055 seconds=25.9
Epoch 2900/5000: score=11.668400 loss=-0.138337 valid=1.0000 routes=10.292 grad=1.8299 seconds=26.2
Epoch 2901/5000: score=11.424573 loss=-0.152345 valid=1.0000 routes=10.053 grad=1.8632 seconds=27.5
Epoch 2902/5000: score=11.299245 loss=-0.146968 valid=1.0000 routes=9.807 grad=1.8035 seconds=26.7
Epoch 2903/5000: score=11.099526 loss=-0.149296 valid=1.0000 routes=9.373 grad=1.6781 seconds=25.8
Epoch 2904/5000: score=11.621857 loss=-0.145576 valid=1.0000 routes=10.219 grad=1.9201 seconds=26.0
Epoch 2905/5000: score=11.747541 loss=-0.152336 valid=1.0000 routes=10.214 grad=1.8901 seconds=26.6
Epoch 2906/5000: score=11.076738 loss=-0.141796 valid=1.0000 routes=10.388 grad=1.7319 seconds=27.1
Epoch 2907/5000: score=11.772112 loss=-0.148211 valid=1.0000 routes=9.776 grad=1.8822 seconds=26.4
Epoch 2908/5000: score=11.954704 loss=-0.146412 valid=1.0000 routes=10.464 grad=1.9713 seconds=26.1
Epoch 2909/5000: score=11.248266 loss=-0.139457 valid=1.0000 routes=9.613 grad=1.7560 seconds=26.1
Epoch 2910/5000: score=11.543532 loss=-0.147078 valid=1.0000 routes=10.173 grad=1.9023 seconds=27.1
Epoch 2911/5000: score=11.382413 loss=-0.142300 valid=1.0000 routes=9.992 grad=1.7709 seconds=27.4
Epoch 2912/5000: score=11.460639 loss=-0.144011 valid=1.0000 routes=10.131 grad=1.8021 seconds=26.3
Epoch 2913/5000: score=11.965185 loss=-0.141854 valid=1.0000 routes=9.955 grad=1.8790 seconds=25.1
Epoch 2914/5000: score=11.663377 loss=-0.153225 valid=1.0000 routes=10.313 grad=1.9317 seconds=26.0
Epoch 2915/5000: score=11.755444 loss=-0.143169 valid=1.0000 routes=9.888 grad=1.8234 seconds=26.5
Epoch 2916/5000: score=11.609272 loss=-0.140456 valid=1.0000 routes=9.823 grad=1.7699 seconds=27.3
Epoch 2917/5000: score=11.255460 loss=-0.145326 valid=1.0000 routes=9.889 grad=1.7663 seconds=26.5
Epoch 2918/5000: score=11.628874 loss=-0.147272 valid=1.0000 routes=10.138 grad=1.8461 seconds=26.5
Epoch 2919/5000: score=11.144786 loss=-0.136162 valid=1.0000 routes=9.675 grad=1.6977 seconds=26.0
Epoch 2920/5000: score=10.870585 loss=-0.138658 valid=1.0000 routes=9.043 grad=1.5929 seconds=26.5
Epoch 2921/5000: score=11.065390 loss=-0.148405 valid=1.0000 routes=9.397 grad=1.7151 seconds=26.9
Epoch 2922/5000: score=11.273709 loss=-0.147782 valid=1.0000 routes=9.339 grad=1.7595 seconds=26.9
Epoch 2923/5000: score=10.998897 loss=-0.148951 valid=1.0000 routes=9.461 grad=1.7120 seconds=26.5
Epoch 2924/5000: score=11.201346 loss=-0.142955 valid=1.0000 routes=9.413 grad=1.7330 seconds=26.3
Epoch 2925/5000: score=11.235278 loss=-0.143444 valid=1.0000 routes=9.602 grad=1.7090 seconds=26.5
Epoch 2926/5000: score=11.318758 loss=-0.149520 valid=1.0000 routes=9.512 grad=1.7538 seconds=27.9
Epoch 2927/5000: score=11.543048 loss=-0.141402 valid=1.0000 routes=10.054 grad=1.8445 seconds=26.9
Epoch 2928/5000: score=11.149604 loss=-0.134510 valid=1.0000 routes=9.925 grad=1.7153 seconds=26.2
Epoch 2929/5000: score=11.744862 loss=-0.139033 valid=1.0000 routes=10.441 grad=1.8080 seconds=26.1
Epoch 2930/5000: score=11.552031 loss=-0.150534 valid=1.0000 routes=9.826 grad=1.8276 seconds=26.5
Epoch 2931/5000: score=11.472603 loss=-0.137397 valid=1.0000 routes=9.616 grad=1.7148 seconds=26.8
Epoch 2932/5000: score=11.737308 loss=-0.144309 valid=1.0000 routes=10.636 grad=1.9359 seconds=25.4
Epoch 2933/5000: score=11.520422 loss=-0.144163 valid=1.0000 routes=10.561 grad=1.8804 seconds=25.4
Epoch 2934/5000: score=11.693538 loss=-0.146267 valid=1.0000 routes=10.370 grad=1.8578 seconds=26.3
Epoch 2935/5000: score=10.851325 loss=-0.147909 valid=1.0000 routes=9.447 grad=1.6685 seconds=25.7
Epoch 2936/5000: score=11.336923 loss=-0.140815 valid=1.0000 routes=9.501 grad=1.7780 seconds=26.2
Epoch 2937/5000: score=12.017599 loss=-0.145057 valid=1.0000 routes=9.764 grad=1.8843 seconds=27.0
Epoch 2938/5000: score=12.001777 loss=-0.139675 valid=1.0000 routes=10.372 grad=1.9065 seconds=26.1
Epoch 2939/5000: score=11.105057 loss=-0.138790 valid=1.0000 routes=9.982 grad=1.7555 seconds=26.4
Epoch 2940/5000: score=11.107551 loss=-0.135267 valid=1.0000 routes=9.767 grad=1.6758 seconds=26.1
Epoch 2941/5000: score=11.653406 loss=-0.142688 valid=1.0000 routes=10.417 grad=1.8993 seconds=27.3
Epoch 2942/5000: score=11.709330 loss=-0.146127 valid=1.0000 routes=9.769 grad=1.8111 seconds=28.0
Epoch 2943/5000: score=11.365334 loss=-0.145143 valid=1.0000 routes=9.648 grad=1.7522 seconds=26.4
Epoch 2944/5000: score=11.616164 loss=-0.141247 valid=1.0000 routes=10.075 grad=1.8364 seconds=26.7
Epoch 2945/5000: score=11.716423 loss=-0.144522 valid=1.0000 routes=10.085 grad=1.8367 seconds=26.3
Epoch 2946/5000: score=11.173904 loss=-0.141674 valid=1.0000 routes=9.891 grad=1.7477 seconds=27.4
Epoch 2947/5000: score=11.893037 loss=-0.147148 valid=1.0000 routes=10.430 grad=1.9132 seconds=27.3
Epoch 2948/5000: score=11.373020 loss=-0.135808 valid=1.0000 routes=9.781 grad=1.6845 seconds=25.8
Epoch 2949/5000: score=11.387292 loss=-0.132356 valid=1.0000 routes=9.922 grad=1.7050 seconds=25.8
Epoch 2950/5000: score=11.376462 loss=-0.140476 valid=1.0000 routes=9.772 grad=1.7192 seconds=26.3
Epoch 2951/5000: score=11.278064 loss=-0.144932 valid=1.0000 routes=10.007 grad=1.7850 seconds=27.0
Epoch 2952/5000: score=11.455245 loss=-0.144844 valid=1.0000 routes=9.794 grad=1.7348 seconds=27.4
Epoch 2953/5000: score=11.087186 loss=-0.142598 valid=1.0000 routes=9.786 grad=1.7437 seconds=26.3
Epoch 2954/5000: score=11.509955 loss=-0.142624 valid=1.0000 routes=9.909 grad=1.7778 seconds=26.2
Epoch 2955/5000: score=11.520006 loss=-0.138196 valid=1.0000 routes=9.838 grad=1.7260 seconds=26.0
Epoch 2956/5000: score=11.782006 loss=-0.135216 valid=1.0000 routes=10.607 grad=1.8724 seconds=26.9
Epoch 2957/5000: score=11.411559 loss=-0.143553 valid=1.0000 routes=9.753 grad=1.7777 seconds=27.1
Epoch 2958/5000: score=11.243305 loss=-0.139790 valid=1.0000 routes=9.670 grad=1.6971 seconds=25.0
Epoch 2959/5000: score=10.511158 loss=-0.140368 valid=1.0000 routes=9.128 grad=1.5653 seconds=26.1
Epoch 2960/5000: score=11.085407 loss=-0.148547 valid=1.0000 routes=9.606 grad=1.7437 seconds=26.4
Epoch 2961/5000: score=11.517055 loss=-0.156384 valid=1.0000 routes=10.047 grad=1.8546 seconds=26.9
Epoch 2962/5000: score=10.888276 loss=-0.149702 valid=1.0000 routes=9.580 grad=1.7307 seconds=27.6
Epoch 2963/5000: score=11.164789 loss=-0.140945 valid=1.0000 routes=9.893 grad=1.7011 seconds=26.2
Epoch 2964/5000: score=10.851865 loss=-0.133086 valid=1.0000 routes=9.701 grad=1.6548 seconds=26.1
Epoch 2965/5000: score=10.591028 loss=-0.139115 valid=1.0000 routes=8.904 grad=1.5553 seconds=26.5
Epoch 2966/5000: score=11.928772 loss=-0.147367 valid=1.0000 routes=9.969 grad=1.9000 seconds=27.6
Epoch 2967/5000: score=11.243912 loss=-0.148798 valid=1.0000 routes=9.211 grad=1.7675 seconds=27.5
Epoch 2968/5000: score=11.274722 loss=-0.146488 valid=1.0000 routes=9.624 grad=1.7953 seconds=26.4
Epoch 2969/5000: score=11.826355 loss=-0.149959 valid=1.0000 routes=10.451 grad=1.9685 seconds=26.4
Epoch 2970/5000: score=11.693096 loss=-0.148198 valid=1.0000 routes=9.729 grad=1.8341 seconds=26.1
Epoch 2971/5000: score=11.211010 loss=-0.158934 valid=1.0000 routes=9.833 grad=1.8131 seconds=26.7
Epoch 2972/5000: score=11.343499 loss=-0.151742 valid=1.0000 routes=9.213 grad=1.6805 seconds=27.5
Epoch 2973/5000: score=10.550443 loss=-0.144001 valid=1.0000 routes=9.119 grad=1.5601 seconds=26.6
Epoch 2974/5000: score=11.284137 loss=-0.142759 valid=1.0000 routes=10.179 grad=1.8401 seconds=26.4
Epoch 2975/5000: score=11.379750 loss=-0.145031 valid=1.0000 routes=10.123 grad=1.7748 seconds=26.3
Epoch 2976/5000: score=11.924405 loss=-0.146764 valid=1.0000 routes=10.620 grad=1.9402 seconds=27.0
Epoch 2977/5000: score=11.539463 loss=-0.151740 valid=1.0000 routes=9.797 grad=1.8451 seconds=27.3
Epoch 2978/5000: score=11.545302 loss=-0.147089 valid=1.0000 routes=9.430 grad=1.7633 seconds=26.4
Epoch 2979/5000: score=11.548087 loss=-0.147253 valid=1.0000 routes=9.879 grad=1.8268 seconds=26.1
Epoch 2980/5000: score=11.303769 loss=-0.136253 valid=1.0000 routes=9.849 grad=1.7307 seconds=26.3
Epoch 2981/5000: score=12.174071 loss=-0.152460 valid=1.0000 routes=10.508 grad=2.0244 seconds=27.0
Epoch 2982/5000: score=11.831156 loss=-0.139655 valid=1.0000 routes=10.804 grad=1.9026 seconds=27.4
Epoch 2983/5000: score=11.724206 loss=-0.157221 valid=1.0000 routes=9.699 grad=1.9229 seconds=26.5
Epoch 2984/5000: score=11.709963 loss=-0.140636 valid=1.0000 routes=10.214 grad=1.8104 seconds=25.9
Epoch 2985/5000: score=11.765336 loss=-0.143479 valid=1.0000 routes=10.358 grad=1.8674 seconds=26.2
Epoch 2986/5000: score=11.576725 loss=-0.143126 valid=1.0000 routes=10.070 grad=1.7827 seconds=27.0
Epoch 2987/5000: score=11.447116 loss=-0.135551 valid=1.0000 routes=9.626 grad=1.7489 seconds=27.7
Epoch 2988/5000: score=11.242599 loss=-0.146463 valid=1.0000 routes=9.539 grad=1.7351 seconds=26.7
Epoch 2989/5000: score=11.910812 loss=-0.154206 valid=1.0000 routes=9.990 grad=1.8708 seconds=26.4
Epoch 2990/5000: score=11.574282 loss=-0.141025 valid=1.0000 routes=9.874 grad=1.7436 seconds=26.2
Epoch 2991/5000: score=10.966927 loss=-0.131218 valid=1.0000 routes=9.960 grad=1.6746 seconds=27.0
Epoch 2992/5000: score=11.879095 loss=-0.143612 valid=1.0000 routes=9.737 grad=1.8693 seconds=28.0
Epoch 2993/5000: score=10.876565 loss=-0.151059 valid=1.0000 routes=9.117 grad=1.5960 seconds=26.6
Epoch 2994/5000: score=11.312387 loss=-0.147462 valid=1.0000 routes=9.311 grad=1.6868 seconds=26.2
Epoch 2995/5000: score=11.593044 loss=-0.148953 valid=1.0000 routes=10.545 grad=1.9210 seconds=26.2
Epoch 2996/5000: score=11.223005 loss=-0.136178 valid=1.0000 routes=10.253 grad=1.7308 seconds=26.6
Epoch 2997/5000: score=11.529133 loss=-0.148922 valid=1.0000 routes=10.064 grad=1.8570 seconds=28.1
Epoch 2998/5000: score=11.133287 loss=-0.146018 valid=1.0000 routes=10.245 grad=1.7686 seconds=26.8
Epoch 2999/5000: score=11.215995 loss=-0.150263 valid=1.0000 routes=9.451 grad=1.6990 seconds=26.5
Epoch 3000/5000: score=11.017341 loss=-0.142522 valid=1.0000 routes=9.481 grad=1.6630 seconds=26.6
Epoch 3001/5000: score=11.957664 loss=-0.148926 valid=1.0000 routes=10.732 grad=1.9880 seconds=26.8
Epoch 3002/5000: score=11.099153 loss=-0.143360 valid=1.0000 routes=9.038 grad=1.6521 seconds=27.5
Epoch 3003/5000: score=11.621269 loss=-0.142351 valid=1.0000 routes=10.542 grad=1.9056 seconds=26.5
Epoch 3004/5000: score=10.977015 loss=-0.148675 valid=1.0000 routes=10.194 grad=1.7852 seconds=26.5
Epoch 3005/5000: score=11.404390 loss=-0.142719 valid=1.0000 routes=9.746 grad=1.7713 seconds=26.4
Epoch 3006/5000: score=11.034726 loss=-0.146517 valid=1.0000 routes=9.591 grad=1.7042 seconds=26.8
Epoch 3007/5000: score=12.018544 loss=-0.146117 valid=1.0000 routes=10.433 grad=1.9642 seconds=27.3
Epoch 3008/5000: score=11.125525 loss=-0.137169 valid=1.0000 routes=9.969 grad=1.6843 seconds=26.5
Epoch 3009/5000: score=10.900073 loss=-0.134470 valid=1.0000 routes=9.529 grad=1.5899 seconds=26.0
Epoch 3010/5000: score=11.696610 loss=-0.145454 valid=1.0000 routes=9.975 grad=1.9197 seconds=26.5
Epoch 3011/5000: score=11.280756 loss=-0.145914 valid=1.0000 routes=9.973 grad=1.8179 seconds=26.9
Epoch 3012/5000: score=11.961065 loss=-0.153322 valid=1.0000 routes=9.921 grad=1.9491 seconds=27.8
Epoch 3013/5000: score=11.541105 loss=-0.145080 valid=1.0000 routes=9.883 grad=1.7772 seconds=26.7
Epoch 3014/5000: score=11.794968 loss=-0.148980 valid=1.0000 routes=10.308 grad=1.8786 seconds=26.1
Epoch 3015/5000: score=11.177729 loss=-0.140015 valid=1.0000 routes=9.782 grad=1.6989 seconds=26.3
Epoch 3016/5000: score=11.590325 loss=-0.144045 valid=1.0000 routes=9.716 grad=1.7750 seconds=26.8
Epoch 3017/5000: score=11.122099 loss=-0.142943 valid=1.0000 routes=9.583 grad=1.6886 seconds=27.3
Epoch 3018/5000: score=11.585655 loss=-0.148553 valid=1.0000 routes=9.729 grad=1.7846 seconds=26.4
Epoch 3019/5000: score=11.120267 loss=-0.135345 valid=1.0000 routes=9.829 grad=1.6999 seconds=26.1
Epoch 3020/5000: score=11.354539 loss=-0.147243 valid=1.0000 routes=10.088 grad=1.8003 seconds=26.9
Epoch 3021/5000: score=11.554506 loss=-0.149264 valid=1.0000 routes=9.868 grad=1.8141 seconds=27.1
Epoch 3022/5000: score=11.322387 loss=-0.146484 valid=1.0000 routes=10.182 grad=1.8269 seconds=27.5
Epoch 3023/5000: score=11.287944 loss=-0.145717 valid=1.0000 routes=9.913 grad=1.7894 seconds=26.6
Epoch 3024/5000: score=11.951371 loss=-0.141030 valid=1.0000 routes=10.701 grad=1.9392 seconds=26.2
Epoch 3025/5000: score=11.198879 loss=-0.143899 valid=1.0000 routes=9.977 grad=1.7727 seconds=26.3
Epoch 3026/5000: score=11.258527 loss=-0.149422 valid=1.0000 routes=9.931 grad=1.7538 seconds=26.9
Epoch 3027/5000: score=11.260114 loss=-0.146965 valid=1.0000 routes=9.302 grad=1.7576 seconds=27.6
Epoch 3028/5000: score=11.330358 loss=-0.135614 valid=1.0000 routes=10.153 grad=1.7379 seconds=27.0
Epoch 3029/5000: score=11.334317 loss=-0.140431 valid=1.0000 routes=10.027 grad=1.7584 seconds=26.5
Epoch 3030/5000: score=11.486936 loss=-0.139721 valid=1.0000 routes=10.598 grad=1.8290 seconds=26.4
Epoch 3031/5000: score=11.560093 loss=-0.146783 valid=1.0000 routes=9.920 grad=1.7618 seconds=26.2
Epoch 3032/5000: score=11.444918 loss=-0.151661 valid=1.0000 routes=9.918 grad=1.8266 seconds=27.2
Epoch 3033/5000: score=11.087879 loss=-0.143202 valid=1.0000 routes=10.035 grad=1.7300 seconds=26.5
Epoch 3034/5000: score=11.796057 loss=-0.142797 valid=1.0000 routes=10.536 grad=1.8855 seconds=25.4
Epoch 3035/5000: score=11.237874 loss=-0.139469 valid=1.0000 routes=10.144 grad=1.7589 seconds=26.1
Epoch 3036/5000: score=11.373614 loss=-0.148191 valid=1.0000 routes=9.778 grad=1.8304 seconds=26.6
Epoch 3037/5000: score=11.199246 loss=-0.139446 valid=1.0000 routes=10.314 grad=1.7879 seconds=27.6
Epoch 3038/5000: score=11.622856 loss=-0.148607 valid=1.0000 routes=9.654 grad=1.7579 seconds=26.8
Epoch 3039/5000: score=11.415028 loss=-0.141925 valid=1.0000 routes=10.078 grad=1.7580 seconds=26.2
Epoch 3040/5000: score=11.444731 loss=-0.151565 valid=1.0000 routes=9.825 grad=1.7893 seconds=26.0
Epoch 3041/5000: score=11.486727 loss=-0.146742 valid=1.0000 routes=9.808 grad=1.7955 seconds=26.4
Epoch 3042/5000: score=12.188523 loss=-0.146015 valid=1.0000 routes=10.537 grad=1.9500 seconds=27.1
Epoch 3043/5000: score=10.659157 loss=-0.145822 valid=1.0000 routes=9.192 grad=1.5745 seconds=26.8
Epoch 3044/5000: score=11.454816 loss=-0.144548 valid=1.0000 routes=10.062 grad=1.8576 seconds=26.9
Epoch 3045/5000: score=11.465664 loss=-0.140452 valid=1.0000 routes=9.800 grad=1.7822 seconds=26.2
Epoch 3046/5000: score=11.800518 loss=-0.149261 valid=1.0000 routes=9.877 grad=1.9017 seconds=26.3
Epoch 3047/5000: score=10.961819 loss=-0.139727 valid=1.0000 routes=10.028 grad=1.7135 seconds=27.3
Epoch 3048/5000: score=11.473025 loss=-0.144273 valid=1.0000 routes=10.021 grad=1.8110 seconds=27.3
Epoch 3049/5000: score=11.028098 loss=-0.136412 valid=1.0000 routes=9.595 grad=1.6364 seconds=26.4
Epoch 3050/5000: score=11.027977 loss=-0.146390 valid=1.0000 routes=9.186 grad=1.6359 seconds=26.2
Epoch 3051/5000: score=11.521981 loss=-0.144623 valid=1.0000 routes=9.708 grad=1.7747 seconds=26.5
Epoch 3052/5000: score=11.331390 loss=-0.144438 valid=1.0000 routes=10.133 grad=1.8108 seconds=27.7
Epoch 3053/5000: score=11.490723 loss=-0.144172 valid=1.0000 routes=9.831 grad=1.8030 seconds=27.1
Epoch 3054/5000: score=11.519949 loss=-0.149005 valid=1.0000 routes=9.950 grad=1.8657 seconds=25.4
Epoch 3055/5000: score=11.269151 loss=-0.138225 valid=1.0000 routes=10.140 grad=1.7722 seconds=25.9
Epoch 3056/5000: score=11.652818 loss=-0.146863 valid=1.0000 routes=10.239 grad=1.9113 seconds=26.4
Epoch 3057/5000: score=11.557442 loss=-0.155337 valid=1.0000 routes=9.746 grad=1.8459 seconds=27.4
Epoch 3058/5000: score=11.810486 loss=-0.144535 valid=1.0000 routes=10.299 grad=1.8817 seconds=26.8
Epoch 3059/5000: score=11.698130 loss=-0.152785 valid=1.0000 routes=9.922 grad=1.8571 seconds=26.5
Epoch 3060/5000: score=11.007911 loss=-0.142854 valid=1.0000 routes=9.535 grad=1.6423 seconds=26.2
Epoch 3061/5000: score=11.843136 loss=-0.143578 valid=1.0000 routes=10.348 grad=1.8667 seconds=26.7
Epoch 3062/5000: score=11.764555 loss=-0.142013 valid=1.0000 routes=10.223 grad=1.8889 seconds=27.5
Epoch 3063/5000: score=11.698430 loss=-0.146906 valid=1.0000 routes=10.447 grad=1.8878 seconds=27.6
Epoch 3064/5000: score=11.562618 loss=-0.148614 valid=1.0000 routes=9.966 grad=1.8554 seconds=26.3
Epoch 3065/5000: score=11.118625 loss=-0.141030 valid=1.0000 routes=9.945 grad=1.6802 seconds=25.7
Epoch 3066/5000: score=12.054691 loss=-0.142227 valid=1.0000 routes=10.257 grad=1.9250 seconds=26.1
Epoch 3067/5000: score=11.101081 loss=-0.144352 valid=1.0000 routes=9.629 grad=1.7422 seconds=27.4
Epoch 3068/5000: score=11.411996 loss=-0.154564 valid=1.0000 routes=9.818 grad=1.8268 seconds=27.0
Epoch 3069/5000: score=11.962838 loss=-0.154482 valid=1.0000 routes=10.010 grad=1.9144 seconds=26.6
Epoch 3070/5000: score=11.472014 loss=-0.145581 valid=1.0000 routes=9.540 grad=1.7183 seconds=26.2
Epoch 3071/5000: score=11.345933 loss=-0.154393 valid=1.0000 routes=9.310 grad=1.7558 seconds=26.8
Epoch 3072/5000: score=10.675008 loss=-0.132678 valid=1.0000 routes=9.314 grad=1.4798 seconds=27.4
Epoch 3073/5000: score=11.638614 loss=-0.145703 valid=1.0000 routes=10.439 grad=1.8994 seconds=26.9
Epoch 3074/5000: score=11.180790 loss=-0.145191 valid=1.0000 routes=10.290 grad=1.7777 seconds=26.5
Epoch 3075/5000: score=11.829166 loss=-0.137670 valid=1.0000 routes=10.241 grad=1.8136 seconds=26.2
Epoch 3076/5000: score=11.140744 loss=-0.140597 valid=1.0000 routes=9.692 grad=1.6810 seconds=26.5
Epoch 3077/5000: score=11.191307 loss=-0.148740 valid=1.0000 routes=10.198 grad=1.8159 seconds=28.2
Epoch 3078/5000: score=11.271562 loss=-0.146946 valid=1.0000 routes=9.701 grad=1.7185 seconds=27.0
Epoch 3079/5000: score=11.905667 loss=-0.146170 valid=1.0000 routes=10.604 grad=1.9849 seconds=26.4
Epoch 3080/5000: score=11.660355 loss=-0.146544 valid=1.0000 routes=10.232 grad=1.9071 seconds=26.2
Epoch 3081/5000: score=11.312827 loss=-0.132208 valid=1.0000 routes=10.294 grad=1.7830 seconds=26.4
Epoch 3082/5000: score=11.443438 loss=-0.148054 valid=1.0000 routes=9.974 grad=1.8513 seconds=27.3
Epoch 3083/5000: score=11.892090 loss=-0.144602 valid=1.0000 routes=10.211 grad=1.8479 seconds=26.9
Epoch 3084/5000: score=11.396227 loss=-0.142624 valid=1.0000 routes=9.910 grad=1.7988 seconds=26.3
Epoch 3085/5000: score=11.645700 loss=-0.141284 valid=1.0000 routes=9.619 grad=1.7654 seconds=26.2
Epoch 3086/5000: score=11.091371 loss=-0.141049 valid=1.0000 routes=9.961 grad=1.7726 seconds=26.5
Epoch 3087/5000: score=11.405302 loss=-0.157243 valid=1.0000 routes=9.694 grad=1.8958 seconds=27.9
Epoch 3088/5000: score=11.131595 loss=-0.145995 valid=1.0000 routes=9.619 grad=1.6824 seconds=27.0
Epoch 3089/5000: score=11.531113 loss=-0.137763 valid=1.0000 routes=10.158 grad=1.8289 seconds=26.3
Epoch 3090/5000: score=11.415526 loss=-0.152248 valid=1.0000 routes=9.648 grad=1.7701 seconds=26.4
Epoch 3091/5000: score=11.958127 loss=-0.142983 valid=1.0000 routes=10.218 grad=1.8965 seconds=26.6
Epoch 3092/5000: score=11.704009 loss=-0.151556 valid=1.0000 routes=10.182 grad=1.9099 seconds=27.8
Epoch 3093/5000: score=11.298988 loss=-0.141810 valid=1.0000 routes=10.122 grad=1.7661 seconds=27.2
Epoch 3094/5000: score=11.468962 loss=-0.150620 valid=1.0000 routes=9.776 grad=1.8240 seconds=26.4
Epoch 3095/5000: score=11.285403 loss=-0.135685 valid=1.0000 routes=10.457 grad=1.8148 seconds=26.0
Epoch 3096/5000: score=11.717369 loss=-0.142470 valid=1.0000 routes=9.899 grad=1.8553 seconds=26.0
Epoch 3097/5000: score=11.922775 loss=-0.143580 valid=1.0000 routes=10.264 grad=1.9033 seconds=27.2
Epoch 3098/5000: score=11.583291 loss=-0.151799 valid=1.0000 routes=10.005 grad=1.8623 seconds=27.2
Epoch 3099/5000: score=11.450215 loss=-0.143751 valid=1.0000 routes=9.879 grad=1.7927 seconds=26.5
Epoch 3100/5000: score=11.292827 loss=-0.141707 valid=1.0000 routes=9.933 grad=1.7420 seconds=26.3
Epoch 3101/5000: score=11.412501 loss=-0.147913 valid=1.0000 routes=9.928 grad=1.7867 seconds=27.1
Epoch 3102/5000: score=11.479033 loss=-0.143275 valid=1.0000 routes=10.094 grad=1.8099 seconds=27.5
Epoch 3103/5000: score=11.779557 loss=-0.143813 valid=1.0000 routes=10.413 grad=1.8638 seconds=27.0
Epoch 3104/5000: score=11.077908 loss=-0.145748 valid=1.0000 routes=9.823 grad=1.7646 seconds=26.3
Epoch 3105/5000: score=11.372861 loss=-0.149400 valid=1.0000 routes=9.547 grad=1.6942 seconds=26.3
Epoch 3106/5000: score=11.156539 loss=-0.142706 valid=1.0000 routes=9.687 grad=1.7162 seconds=26.5
Epoch 3107/5000: score=11.213372 loss=-0.144215 valid=1.0000 routes=9.979 grad=1.7360 seconds=27.3
Epoch 3108/5000: score=11.136128 loss=-0.139152 valid=1.0000 routes=9.881 grad=1.7166 seconds=26.9
Epoch 3109/5000: score=11.589689 loss=-0.143262 valid=1.0000 routes=9.962 grad=1.8298 seconds=24.9
Epoch 3110/5000: score=11.626095 loss=-0.136379 valid=1.0000 routes=10.179 grad=1.7578 seconds=25.8
Epoch 3111/5000: score=11.178027 loss=-0.137246 valid=1.0000 routes=10.416 grad=1.7630 seconds=26.2
Epoch 3112/5000: score=11.551822 loss=-0.150975 valid=1.0000 routes=9.674 grad=1.8322 seconds=27.4
Epoch 3113/5000: score=11.481852 loss=-0.143745 valid=1.0000 routes=9.677 grad=1.7363 seconds=26.7
Epoch 3114/5000: score=11.796739 loss=-0.152753 valid=1.0000 routes=10.037 grad=1.9465 seconds=26.2
Epoch 3115/5000: score=11.397072 loss=-0.144597 valid=1.0000 routes=9.681 grad=1.7462 seconds=26.0
Epoch 3116/5000: score=11.571992 loss=-0.144296 valid=1.0000 routes=10.134 grad=1.7837 seconds=26.3
Epoch 3117/5000: score=11.436677 loss=-0.142595 valid=1.0000 routes=9.918 grad=1.7846 seconds=28.0
Epoch 3118/5000: score=11.727166 loss=-0.142669 valid=1.0000 routes=10.345 grad=1.8528 seconds=27.1
Epoch 3119/5000: score=11.361767 loss=-0.132399 valid=1.0000 routes=10.478 grad=1.7945 seconds=26.4
Epoch 3120/5000: score=11.165562 loss=-0.146830 valid=1.0000 routes=9.652 grad=1.7630 seconds=26.5
Epoch 3121/5000: score=11.643886 loss=-0.141378 valid=1.0000 routes=10.560 grad=1.8616 seconds=26.6
Epoch 3122/5000: score=11.402086 loss=-0.146961 valid=1.0000 routes=9.573 grad=1.7070 seconds=27.1
Epoch 3123/5000: score=11.506332 loss=-0.145620 valid=1.0000 routes=10.036 grad=1.8131 seconds=27.3
Epoch 3124/5000: score=11.417528 loss=-0.150025 valid=1.0000 routes=9.591 grad=1.8148 seconds=26.5
Epoch 3125/5000: score=11.041375 loss=-0.146392 valid=1.0000 routes=9.656 grad=1.7367 seconds=26.7
Epoch 3126/5000: score=11.699108 loss=-0.138294 valid=1.0000 routes=10.387 grad=1.8277 seconds=26.1
Epoch 3127/5000: score=11.324180 loss=-0.148963 valid=1.0000 routes=9.348 grad=1.7453 seconds=27.5
Epoch 3128/5000: score=11.668503 loss=-0.153017 valid=1.0000 routes=10.080 grad=1.9176 seconds=27.4
Epoch 3129/5000: score=10.713551 loss=-0.150565 valid=1.0000 routes=9.146 grad=1.6374 seconds=26.6
Epoch 3130/5000: score=11.388784 loss=-0.139258 valid=1.0000 routes=9.918 grad=1.7719 seconds=26.4
Epoch 3131/5000: score=11.854550 loss=-0.147356 valid=1.0000 routes=9.983 grad=1.8669 seconds=26.4
Epoch 3132/5000: score=10.939344 loss=-0.142837 valid=1.0000 routes=10.021 grad=1.7053 seconds=27.3
Epoch 3133/5000: score=11.780607 loss=-0.146402 valid=1.0000 routes=9.942 grad=1.8377 seconds=27.1
Epoch 3134/5000: score=11.688570 loss=-0.137421 valid=1.0000 routes=10.231 grad=1.8077 seconds=26.3
Epoch 3135/5000: score=12.015563 loss=-0.144317 valid=1.0000 routes=10.073 grad=1.8646 seconds=26.2
Epoch 3136/5000: score=11.380076 loss=-0.137102 valid=1.0000 routes=9.513 grad=1.7182 seconds=25.8
Epoch 3137/5000: score=11.508204 loss=-0.139661 valid=1.0000 routes=9.592 grad=1.7285 seconds=27.0
Epoch 3138/5000: score=11.643411 loss=-0.140211 valid=1.0000 routes=10.302 grad=1.8300 seconds=26.7
Epoch 3139/5000: score=11.240285 loss=-0.145302 valid=1.0000 routes=9.409 grad=1.7340 seconds=25.9
Epoch 3140/5000: score=11.696630 loss=-0.141332 valid=1.0000 routes=9.868 grad=1.7883 seconds=24.5
Epoch 3141/5000: score=11.400487 loss=-0.143942 valid=1.0000 routes=10.256 grad=1.8193 seconds=26.3
Epoch 3142/5000: score=11.265978 loss=-0.138848 valid=1.0000 routes=10.433 grad=1.7617 seconds=27.4
Epoch 3143/5000: score=11.036641 loss=-0.147357 valid=1.0000 routes=9.367 grad=1.7109 seconds=27.3
Epoch 3144/5000: score=11.236531 loss=-0.136812 valid=1.0000 routes=10.071 grad=1.7234 seconds=26.4
Epoch 3145/5000: score=11.322862 loss=-0.149378 valid=1.0000 routes=9.858 grad=1.8512 seconds=26.7
Epoch 3146/5000: score=11.318355 loss=-0.147428 valid=1.0000 routes=10.150 grad=1.8374 seconds=26.4
Epoch 3147/5000: score=10.857434 loss=-0.142281 valid=1.0000 routes=9.567 grad=1.6418 seconds=27.8
Epoch 3148/5000: score=10.993744 loss=-0.150968 valid=1.0000 routes=9.511 grad=1.7223 seconds=27.3
Epoch 3149/5000: score=11.259857 loss=-0.147101 valid=1.0000 routes=10.039 grad=1.7164 seconds=26.4
Epoch 3150/5000: score=11.553380 loss=-0.145914 valid=1.0000 routes=10.162 grad=1.8116 seconds=26.4
Epoch 3151/5000: score=11.553941 loss=-0.147633 valid=1.0000 routes=10.131 grad=1.8555 seconds=26.3
Epoch 3152/5000: score=11.499581 loss=-0.150121 valid=1.0000 routes=9.691 grad=1.7975 seconds=27.7
Epoch 3153/5000: score=11.154902 loss=-0.152181 valid=1.0000 routes=9.982 grad=1.8195 seconds=27.3
Epoch 3154/5000: score=11.404074 loss=-0.146248 valid=1.0000 routes=9.283 grad=1.7132 seconds=26.3
Epoch 3155/5000: score=11.220884 loss=-0.141856 valid=1.0000 routes=10.587 grad=1.8412 seconds=26.4
Epoch 3156/5000: score=11.294189 loss=-0.135700 valid=1.0000 routes=9.612 grad=1.6711 seconds=26.3
Epoch 3157/5000: score=11.537877 loss=-0.149990 valid=1.0000 routes=9.945 grad=1.9233 seconds=27.5
Epoch 3158/5000: score=11.145726 loss=-0.141244 valid=1.0000 routes=9.502 grad=1.7001 seconds=27.1
Epoch 3159/5000: score=11.683478 loss=-0.143672 valid=1.0000 routes=10.065 grad=1.8325 seconds=26.2
Epoch 3160/5000: score=11.375602 loss=-0.146310 valid=1.0000 routes=9.877 grad=1.8021 seconds=26.0
Epoch 3161/5000: score=11.517334 loss=-0.152454 valid=1.0000 routes=9.916 grad=1.8648 seconds=26.3
Epoch 3162/5000: score=10.817008 loss=-0.143014 valid=1.0000 routes=9.572 grad=1.6138 seconds=27.0
Epoch 3163/5000: score=11.380961 loss=-0.143483 valid=1.0000 routes=9.932 grad=1.7668 seconds=26.6
Epoch 3164/5000: score=11.396609 loss=-0.153218 valid=1.0000 routes=9.309 grad=1.7889 seconds=26.2
Epoch 3165/5000: score=10.932579 loss=-0.141372 valid=1.0000 routes=9.870 grad=1.7165 seconds=26.5
Epoch 3166/5000: score=11.243577 loss=-0.146448 valid=1.0000 routes=9.743 grad=1.7468 seconds=27.4
Epoch 3167/5000: score=11.323175 loss=-0.155866 valid=1.0000 routes=9.835 grad=1.8369 seconds=27.2
Epoch 3168/5000: score=11.360380 loss=-0.145024 valid=1.0000 routes=9.848 grad=1.7354 seconds=26.5
Epoch 3169/5000: score=11.549012 loss=-0.154745 valid=1.0000 routes=9.365 grad=1.8246 seconds=26.3
Epoch 3170/5000: score=11.503386 loss=-0.143154 valid=1.0000 routes=9.844 grad=1.7744 seconds=26.2
Epoch 3171/5000: score=11.777881 loss=-0.140654 valid=1.0000 routes=10.711 grad=1.8853 seconds=26.2
Epoch 3172/5000: score=11.235333 loss=-0.147065 valid=1.0000 routes=9.864 grad=1.7363 seconds=27.3
Epoch 3173/5000: score=10.907811 loss=-0.136909 valid=1.0000 routes=9.972 grad=1.6299 seconds=27.3
Epoch 3174/5000: score=12.457730 loss=-0.141243 valid=1.0000 routes=10.389 grad=2.0021 seconds=26.1
Epoch 3175/5000: score=11.462585 loss=-0.148031 valid=1.0000 routes=9.564 grad=1.8136 seconds=26.3
Epoch 3176/5000: score=11.600218 loss=-0.145724 valid=1.0000 routes=10.271 grad=1.8441 seconds=26.0
Epoch 3177/5000: score=11.256386 loss=-0.147418 valid=1.0000 routes=10.200 grad=1.8075 seconds=26.8
Epoch 3178/5000: score=11.857389 loss=-0.151680 valid=1.0000 routes=10.101 grad=1.9095 seconds=27.3
Epoch 3179/5000: score=11.386809 loss=-0.155891 valid=1.0000 routes=9.742 grad=1.8052 seconds=26.4
Epoch 3180/5000: score=11.515146 loss=-0.150057 valid=1.0000 routes=9.985 grad=1.8666 seconds=26.5
Epoch 3181/5000: score=11.324111 loss=-0.144658 valid=1.0000 routes=9.817 grad=1.7531 seconds=26.0
Epoch 3182/5000: score=11.221092 loss=-0.142668 valid=1.0000 routes=9.802 grad=1.7727 seconds=27.2
Epoch 3183/5000: score=11.167976 loss=-0.136405 valid=1.0000 routes=9.909 grad=1.6729 seconds=26.9
Epoch 3184/5000: score=11.622258 loss=-0.143841 valid=1.0000 routes=9.876 grad=1.7941 seconds=26.1
Epoch 3185/5000: score=11.542739 loss=-0.139004 valid=1.0000 routes=10.470 grad=1.8044 seconds=25.8
Epoch 3186/5000: score=11.458996 loss=-0.143236 valid=1.0000 routes=10.142 grad=1.8298 seconds=26.3
Epoch 3187/5000: score=11.117866 loss=-0.144846 valid=1.0000 routes=9.450 grad=1.7498 seconds=27.0
Epoch 3188/5000: score=11.291397 loss=-0.146557 valid=1.0000 routes=9.714 grad=1.8158 seconds=28.1
Epoch 3189/5000: score=11.601641 loss=-0.142868 valid=1.0000 routes=10.157 grad=1.7802 seconds=26.4
Epoch 3190/5000: score=10.654229 loss=-0.148963 valid=1.0000 routes=9.101 grad=1.6134 seconds=26.5
Epoch 3191/5000: score=11.593673 loss=-0.141861 valid=1.0000 routes=10.197 grad=1.8626 seconds=26.4
Epoch 3192/5000: score=11.708298 loss=-0.146038 valid=1.0000 routes=9.937 grad=1.8315 seconds=27.0
Epoch 3193/5000: score=11.535834 loss=-0.154068 valid=1.0000 routes=9.690 grad=1.8289 seconds=27.2
Epoch 3194/5000: score=11.045618 loss=-0.139284 valid=1.0000 routes=9.744 grad=1.6928 seconds=25.2
Epoch 3195/5000: score=11.871285 loss=-0.146962 valid=1.0000 routes=10.342 grad=1.9197 seconds=26.2
Epoch 3196/5000: score=11.315196 loss=-0.152463 valid=1.0000 routes=9.850 grad=1.7816 seconds=26.5
Epoch 3197/5000: score=11.369938 loss=-0.149965 valid=1.0000 routes=9.534 grad=1.7839 seconds=26.9
Epoch 3198/5000: score=11.762829 loss=-0.145083 valid=1.0000 routes=10.242 grad=1.8723 seconds=27.6
Epoch 3199/5000: score=12.029140 loss=-0.148880 valid=1.0000 routes=10.028 grad=1.9720 seconds=26.5
Epoch 3200/5000: score=11.379123 loss=-0.147994 valid=1.0000 routes=9.964 grad=1.8031 seconds=26.4
Epoch 3201/5000: score=11.221704 loss=-0.149766 valid=1.0000 routes=9.899 grad=1.7937 seconds=26.6
Epoch 3202/5000: score=10.665363 loss=-0.141529 valid=1.0000 routes=9.428 grad=1.6381 seconds=27.2
Epoch 3203/5000: score=10.963514 loss=-0.138368 valid=1.0000 routes=9.277 grad=1.6226 seconds=27.0
Epoch 3204/5000: score=10.968996 loss=-0.136375 valid=1.0000 routes=9.196 grad=1.6577 seconds=26.8
Epoch 3205/5000: score=11.604251 loss=-0.143702 valid=1.0000 routes=10.182 grad=1.8210 seconds=26.0
Epoch 3206/5000: score=11.361677 loss=-0.144264 valid=1.0000 routes=9.871 grad=1.7772 seconds=26.2
Epoch 3207/5000: score=11.408766 loss=-0.146517 valid=1.0000 routes=10.064 grad=1.8202 seconds=26.9
Epoch 3208/5000: score=11.019723 loss=-0.144682 valid=1.0000 routes=10.040 grad=1.7785 seconds=27.3
Epoch 3209/5000: score=11.320477 loss=-0.146493 valid=1.0000 routes=9.872 grad=1.7882 seconds=26.8
Epoch 3210/5000: score=11.612875 loss=-0.135469 valid=1.0000 routes=10.773 grad=1.8669 seconds=26.2
Epoch 3211/5000: score=11.350952 loss=-0.144726 valid=1.0000 routes=9.999 grad=1.7892 seconds=26.8
Epoch 3212/5000: score=10.959586 loss=-0.144177 valid=1.0000 routes=9.618 grad=1.6584 seconds=27.3
Epoch 3213/5000: score=11.601409 loss=-0.145744 valid=1.0000 routes=10.409 grad=1.9275 seconds=27.4
Epoch 3214/5000: score=11.279425 loss=-0.150229 valid=1.0000 routes=9.579 grad=1.7660 seconds=26.5
Epoch 3215/5000: score=11.245894 loss=-0.140813 valid=1.0000 routes=10.015 grad=1.7693 seconds=26.2
Epoch 3216/5000: score=11.276650 loss=-0.145417 valid=1.0000 routes=9.422 grad=1.7738 seconds=26.9
Epoch 3217/5000: score=11.437598 loss=-0.146204 valid=1.0000 routes=9.923 grad=1.8446 seconds=27.5
Epoch 3218/5000: score=11.169847 loss=-0.145550 valid=1.0000 routes=10.099 grad=1.8151 seconds=27.8
Epoch 3219/5000: score=11.738836 loss=-0.153776 valid=1.0000 routes=10.005 grad=1.8475 seconds=26.2
Epoch 3220/5000: score=11.113411 loss=-0.129640 valid=1.0000 routes=10.116 grad=1.6904 seconds=26.6
Epoch 3221/5000: score=11.476585 loss=-0.145517 valid=1.0000 routes=10.312 grad=1.8480 seconds=26.3
Epoch 3222/5000: score=11.552567 loss=-0.141964 valid=1.0000 routes=9.595 grad=1.7436 seconds=27.4
Epoch 3223/5000: score=11.352029 loss=-0.143791 valid=1.0000 routes=9.817 grad=1.8114 seconds=27.3
Epoch 3224/5000: score=11.474847 loss=-0.149054 valid=1.0000 routes=10.082 grad=1.8858 seconds=26.3
Epoch 3225/5000: score=11.313925 loss=-0.147908 valid=1.0000 routes=9.567 grad=1.7519 seconds=26.1
Epoch 3226/5000: score=11.244272 loss=-0.142515 valid=1.0000 routes=10.008 grad=1.7414 seconds=26.5
Epoch 3227/5000: score=11.326711 loss=-0.155565 valid=1.0000 routes=9.521 grad=1.7609 seconds=27.9
Epoch 3228/5000: score=11.249863 loss=-0.147851 valid=1.0000 routes=10.277 grad=1.8494 seconds=27.4
Epoch 3229/5000: score=11.481016 loss=-0.151544 valid=1.0000 routes=9.534 grad=1.7825 seconds=26.0
Epoch 3230/5000: score=11.928734 loss=-0.137905 valid=1.0000 routes=10.429 grad=1.8967 seconds=25.8
Epoch 3231/5000: score=11.791961 loss=-0.142572 valid=1.0000 routes=9.694 grad=1.8636 seconds=26.0
Epoch 3232/5000: score=11.841265 loss=-0.150953 valid=1.0000 routes=9.896 grad=1.8820 seconds=27.0
Epoch 3233/5000: score=11.617225 loss=-0.137665 valid=1.0000 routes=10.220 grad=1.7843 seconds=26.2
Epoch 3234/5000: score=11.736207 loss=-0.138473 valid=1.0000 routes=10.426 grad=1.8516 seconds=25.9
Epoch 3235/5000: score=11.407808 loss=-0.151197 valid=1.0000 routes=9.999 grad=1.8337 seconds=26.5
Epoch 3236/5000: score=11.174121 loss=-0.145741 valid=1.0000 routes=9.615 grad=1.6942 seconds=26.8
Epoch 3237/5000: score=11.451097 loss=-0.149646 valid=1.0000 routes=9.635 grad=1.7850 seconds=27.3
Epoch 3238/5000: score=11.544797 loss=-0.132657 valid=1.0000 routes=10.277 grad=1.8120 seconds=27.4
Epoch 3239/5000: score=10.869308 loss=-0.144213 valid=1.0000 routes=9.521 grad=1.6320 seconds=26.3
Epoch 3240/5000: score=12.057083 loss=-0.141628 valid=1.0000 routes=9.749 grad=1.8295 seconds=25.5
Epoch 3241/5000: score=11.436794 loss=-0.135172 valid=1.0000 routes=9.774 grad=1.7203 seconds=26.2
Epoch 3242/5000: score=11.579123 loss=-0.145742 valid=1.0000 routes=10.076 grad=1.8576 seconds=27.0
Epoch 3243/5000: score=11.024519 loss=-0.135522 valid=1.0000 routes=10.296 grad=1.6988 seconds=27.4
Epoch 3244/5000: score=11.444415 loss=-0.144040 valid=1.0000 routes=9.868 grad=1.7947 seconds=27.0
Epoch 3245/5000: score=11.453504 loss=-0.152503 valid=1.0000 routes=9.906 grad=1.8647 seconds=26.3
Epoch 3246/5000: score=11.993017 loss=-0.155890 valid=1.0000 routes=10.197 grad=1.9015 seconds=26.4
Epoch 3247/5000: score=11.148089 loss=-0.137912 valid=1.0000 routes=10.099 grad=1.7362 seconds=26.7
Epoch 3248/5000: score=11.266347 loss=-0.138006 valid=1.0000 routes=9.896 grad=1.6999 seconds=27.6
Epoch 3249/5000: score=11.520987 loss=-0.143625 valid=1.0000 routes=10.090 grad=1.8372 seconds=26.7
Epoch 3250/5000: score=11.024607 loss=-0.145198 valid=1.0000 routes=9.866 grad=1.7592 seconds=26.3
Epoch 3251/5000: score=11.392459 loss=-0.144317 valid=1.0000 routes=9.925 grad=1.7867 seconds=25.8
Epoch 3252/5000: score=11.532783 loss=-0.145147 valid=1.0000 routes=10.505 grad=1.8384 seconds=26.5
Epoch 3253/5000: score=11.367486 loss=-0.140389 valid=1.0000 routes=9.790 grad=1.7587 seconds=27.2
Epoch 3254/5000: score=11.349945 loss=-0.133600 valid=1.0000 routes=9.911 grad=1.7120 seconds=26.7
Epoch 3255/5000: score=11.031493 loss=-0.140938 valid=1.0000 routes=9.973 grad=1.6959 seconds=26.1
Epoch 3256/5000: score=11.211181 loss=-0.148865 valid=1.0000 routes=9.533 grad=1.7202 seconds=26.3
Epoch 3257/5000: score=11.517561 loss=-0.150946 valid=1.0000 routes=10.028 grad=1.8718 seconds=26.7
Epoch 3258/5000: score=11.990077 loss=-0.152509 valid=1.0000 routes=10.452 grad=1.9232 seconds=27.4
Epoch 3259/5000: score=11.875344 loss=-0.147361 valid=1.0000 routes=10.390 grad=1.9287 seconds=27.2
Epoch 3260/5000: score=11.706248 loss=-0.154454 valid=1.0000 routes=9.392 grad=1.8252 seconds=26.6
Epoch 3261/5000: score=11.216856 loss=-0.149787 valid=1.0000 routes=9.355 grad=1.7063 seconds=26.1
Epoch 3262/5000: score=11.698919 loss=-0.144530 valid=1.0000 routes=10.299 grad=1.8705 seconds=26.3
Epoch 3263/5000: score=11.606775 loss=-0.141646 valid=1.0000 routes=10.315 grad=1.8491 seconds=27.4
Epoch 3264/5000: score=11.313923 loss=-0.140574 valid=1.0000 routes=9.687 grad=1.6892 seconds=26.7
Epoch 3265/5000: score=11.221637 loss=-0.145119 valid=1.0000 routes=9.729 grad=1.7412 seconds=26.4
Epoch 3266/5000: score=11.329108 loss=-0.144298 valid=1.0000 routes=9.591 grad=1.6991 seconds=26.3
Epoch 3267/5000: score=11.235451 loss=-0.137586 valid=1.0000 routes=9.665 grad=1.7028 seconds=26.4
Epoch 3268/5000: score=11.809720 loss=-0.143210 valid=1.0000 routes=10.025 grad=1.8517 seconds=28.0
Epoch 3269/5000: score=11.593108 loss=-0.144872 valid=1.0000 routes=9.873 grad=1.7930 seconds=27.0
Epoch 3270/5000: score=11.182406 loss=-0.133386 valid=1.0000 routes=9.640 grad=1.6714 seconds=26.2
Epoch 3271/5000: score=11.030415 loss=-0.133152 valid=1.0000 routes=10.122 grad=1.6979 seconds=26.1
Epoch 3272/5000: score=11.819188 loss=-0.139331 valid=1.0000 routes=10.100 grad=1.8733 seconds=26.1
Epoch 3273/5000: score=11.970300 loss=-0.138395 valid=1.0000 routes=10.683 grad=1.9350 seconds=27.3
Epoch 3274/5000: score=10.971076 loss=-0.139430 valid=1.0000 routes=9.851 grad=1.6662 seconds=27.0
Epoch 3275/5000: score=11.177138 loss=-0.137713 valid=1.0000 routes=10.113 grad=1.6981 seconds=26.2
Epoch 3276/5000: score=10.927610 loss=-0.135715 valid=1.0000 routes=10.003 grad=1.6503 seconds=26.3
Epoch 3277/5000: score=11.111257 loss=-0.149670 valid=1.0000 routes=9.135 grad=1.7248 seconds=26.4
Epoch 3278/5000: score=11.068279 loss=-0.145620 valid=1.0000 routes=9.153 grad=1.6908 seconds=27.6
Epoch 3279/5000: score=11.408427 loss=-0.146090 valid=1.0000 routes=10.012 grad=1.7942 seconds=27.1
Epoch 3280/5000: score=11.732590 loss=-0.146592 valid=1.0000 routes=10.370 grad=1.8928 seconds=26.5
Epoch 3281/5000: score=11.517777 loss=-0.136603 valid=1.0000 routes=9.787 grad=1.7387 seconds=24.3
Epoch 3282/5000: score=11.455622 loss=-0.148355 valid=1.0000 routes=9.647 grad=1.7485 seconds=25.5
Epoch 3283/5000: score=11.008308 loss=-0.142738 valid=1.0000 routes=9.856 grad=1.6810 seconds=27.1
Epoch 3284/5000: score=11.158909 loss=-0.144539 valid=1.0000 routes=10.130 grad=1.7411 seconds=27.8
Epoch 3285/5000: score=11.840150 loss=-0.147317 valid=1.0000 routes=10.648 grad=1.8830 seconds=26.0
Epoch 3286/5000: score=11.772004 loss=-0.143829 valid=1.0000 routes=10.397 grad=1.8937 seconds=26.2
Epoch 3287/5000: score=11.458120 loss=-0.142549 valid=1.0000 routes=9.768 grad=1.7636 seconds=26.2
Epoch 3288/5000: score=10.893130 loss=-0.138807 valid=1.0000 routes=9.946 grad=1.6387 seconds=27.6
Epoch 3289/5000: score=11.628905 loss=-0.136588 valid=1.0000 routes=9.532 grad=1.7682 seconds=27.3
Epoch 3290/5000: score=11.676251 loss=-0.142176 valid=1.0000 routes=10.360 grad=1.8792 seconds=26.0
Epoch 3291/5000: score=11.911813 loss=-0.147583 valid=1.0000 routes=10.256 grad=1.9467 seconds=26.0
Epoch 3292/5000: score=11.961920 loss=-0.144215 valid=1.0000 routes=10.422 grad=1.9245 seconds=26.4
Epoch 3293/5000: score=11.198723 loss=-0.139938 valid=1.0000 routes=9.220 grad=1.6402 seconds=27.1
Epoch 3294/5000: score=11.505226 loss=-0.139721 valid=1.0000 routes=9.750 grad=1.7496 seconds=27.3
Epoch 3295/5000: score=11.847718 loss=-0.148989 valid=1.0000 routes=10.298 grad=1.9342 seconds=25.7
Epoch 3296/5000: score=10.714412 loss=-0.138780 valid=1.0000 routes=9.518 grad=1.6127 seconds=26.3
Epoch 3297/5000: score=12.114510 loss=-0.150509 valid=1.0000 routes=9.838 grad=1.8587 seconds=27.5
Epoch 3298/5000: score=11.726246 loss=-0.152223 valid=1.0000 routes=9.768 grad=1.8718 seconds=27.3
Epoch 3299/5000: score=11.698064 loss=-0.141705 valid=1.0000 routes=10.045 grad=1.8256 seconds=26.8
Epoch 3300/5000: score=11.758588 loss=-0.151090 valid=1.0000 routes=10.001 grad=1.8527 seconds=26.5
Epoch 3301/5000: score=11.541221 loss=-0.146357 valid=1.0000 routes=9.880 grad=1.7695 seconds=26.4
Epoch 3302/5000: score=11.182382 loss=-0.137364 valid=1.0000 routes=9.614 grad=1.7095 seconds=26.2
Epoch 3303/5000: score=11.604774 loss=-0.146479 valid=1.0000 routes=10.544 grad=1.9224 seconds=27.4
Epoch 3304/5000: score=11.742681 loss=-0.144801 valid=1.0000 routes=10.324 grad=1.9023 seconds=27.4
Epoch 3305/5000: score=11.549934 loss=-0.140608 valid=1.0000 routes=10.167 grad=1.7946 seconds=26.1
Epoch 3306/5000: score=11.736814 loss=-0.143720 valid=1.0000 routes=10.239 grad=1.8577 seconds=26.1
Epoch 3307/5000: score=11.679525 loss=-0.147180 valid=1.0000 routes=10.095 grad=1.8697 seconds=26.4
Epoch 3308/5000: score=11.186301 loss=-0.138407 valid=1.0000 routes=9.541 grad=1.6416 seconds=28.0
Epoch 3309/5000: score=11.256818 loss=-0.141382 valid=1.0000 routes=9.895 grad=1.7569 seconds=27.2
Epoch 3310/5000: score=11.588645 loss=-0.143599 valid=1.0000 routes=10.000 grad=1.8479 seconds=26.6
Epoch 3311/5000: score=11.090423 loss=-0.135128 valid=1.0000 routes=10.209 grad=1.7256 seconds=26.3
Epoch 3312/5000: score=11.088544 loss=-0.145571 valid=1.0000 routes=9.603 grad=1.7621 seconds=26.6
Epoch 3313/5000: score=11.695564 loss=-0.152746 valid=1.0000 routes=9.547 grad=1.8706 seconds=27.6
Epoch 3314/5000: score=11.972101 loss=-0.134981 valid=1.0000 routes=10.537 grad=1.9268 seconds=27.5
Epoch 3315/5000: score=11.440443 loss=-0.147250 valid=1.0000 routes=9.881 grad=1.8091 seconds=26.4
Epoch 3316/5000: score=11.518109 loss=-0.136474 valid=1.0000 routes=10.030 grad=1.7614 seconds=26.3
Epoch 3317/5000: score=11.807933 loss=-0.141578 valid=1.0000 routes=10.268 grad=1.8118 seconds=26.3
Epoch 3318/5000: score=11.223602 loss=-0.144749 valid=1.0000 routes=9.286 grad=1.6799 seconds=27.7
Epoch 3319/5000: score=11.492546 loss=-0.144837 valid=1.0000 routes=9.800 grad=1.7731 seconds=26.4
Epoch 3320/5000: score=10.832011 loss=-0.139619 valid=1.0000 routes=9.090 grad=1.6045 seconds=26.0
Epoch 3321/5000: score=11.075960 loss=-0.141655 valid=1.0000 routes=9.612 grad=1.7249 seconds=26.1
Epoch 3322/5000: score=11.812578 loss=-0.142336 valid=1.0000 routes=10.228 grad=1.8739 seconds=26.5
Epoch 3323/5000: score=11.237499 loss=-0.140029 valid=1.0000 routes=9.770 grad=1.6618 seconds=27.5
Epoch 3324/5000: score=11.298220 loss=-0.141629 valid=1.0000 routes=9.859 grad=1.7811 seconds=27.0
Epoch 3325/5000: score=11.146758 loss=-0.146400 valid=1.0000 routes=9.452 grad=1.7173 seconds=26.5
Epoch 3326/5000: score=10.965153 loss=-0.156701 valid=1.0000 routes=9.281 grad=1.7075 seconds=26.2
Epoch 3327/5000: score=11.338198 loss=-0.141875 valid=1.0000 routes=10.077 grad=1.7575 seconds=26.5
Epoch 3328/5000: score=11.095278 loss=-0.149177 valid=1.0000 routes=9.383 grad=1.7252 seconds=27.6
Epoch 3329/5000: score=11.087163 loss=-0.138071 valid=1.0000 routes=9.670 grad=1.7181 seconds=27.2
Epoch 3330/5000: score=11.289890 loss=-0.143096 valid=1.0000 routes=10.190 grad=1.7360 seconds=26.4
Epoch 3331/5000: score=11.269429 loss=-0.143488 valid=1.0000 routes=9.951 grad=1.7793 seconds=26.4
Epoch 3332/5000: score=11.600562 loss=-0.136092 valid=1.0000 routes=9.588 grad=1.7258 seconds=26.8
Epoch 3333/5000: score=11.114765 loss=-0.138753 valid=1.0000 routes=9.508 grad=1.6622 seconds=27.5
Epoch 3334/5000: score=11.558347 loss=-0.146432 valid=1.0000 routes=10.333 grad=1.9356 seconds=26.7
Epoch 3335/5000: score=11.416360 loss=-0.135293 valid=1.0000 routes=10.020 grad=1.7254 seconds=26.2
Epoch 3336/5000: score=11.238541 loss=-0.145533 valid=1.0000 routes=9.413 grad=1.7008 seconds=26.1
Epoch 3337/5000: score=11.273796 loss=-0.145821 valid=1.0000 routes=9.649 grad=1.7645 seconds=26.9
Epoch 3338/5000: score=11.366482 loss=-0.136838 valid=1.0000 routes=10.159 grad=1.7738 seconds=27.2
Epoch 3339/5000: score=11.217395 loss=-0.139689 valid=1.0000 routes=9.625 grad=1.7469 seconds=26.9
Epoch 3340/5000: score=10.991983 loss=-0.136204 valid=1.0000 routes=9.661 grad=1.6507 seconds=26.6
Epoch 3341/5000: score=11.844397 loss=-0.145887 valid=1.0000 routes=10.060 grad=1.8823 seconds=26.4
Epoch 3342/5000: score=11.663852 loss=-0.136120 valid=1.0000 routes=10.494 grad=1.8164 seconds=26.6
Epoch 3343/5000: score=11.131600 loss=-0.142153 valid=1.0000 routes=9.749 grad=1.7441 seconds=27.7
Epoch 3344/5000: score=11.279121 loss=-0.139880 valid=1.0000 routes=9.397 grad=1.6953 seconds=26.5
Epoch 3345/5000: score=11.194927 loss=-0.140724 valid=1.0000 routes=9.815 grad=1.7623 seconds=26.2
Epoch 3346/5000: score=11.053398 loss=-0.139012 valid=1.0000 routes=9.573 grad=1.6724 seconds=26.3
Epoch 3347/5000: score=11.730516 loss=-0.146210 valid=1.0000 routes=10.079 grad=1.8785 seconds=26.3
Epoch 3348/5000: score=11.574767 loss=-0.141943 valid=1.0000 routes=10.443 grad=1.9233 seconds=27.8
Epoch 3349/5000: score=11.811150 loss=-0.141569 valid=1.0000 routes=10.112 grad=1.8777 seconds=26.6
Epoch 3350/5000: score=11.782031 loss=-0.147619 valid=1.0000 routes=10.068 grad=1.8969 seconds=26.5
Epoch 3351/5000: score=11.153187 loss=-0.148307 valid=1.0000 routes=9.190 grad=1.7358 seconds=26.7
Epoch 3352/5000: score=11.471477 loss=-0.129878 valid=1.0000 routes=10.474 grad=1.7699 seconds=26.7
Epoch 3353/5000: score=11.623763 loss=-0.142868 valid=1.0000 routes=9.875 grad=1.8404 seconds=27.8
Epoch 3354/5000: score=11.581280 loss=-0.135773 valid=1.0000 routes=9.927 grad=1.7697 seconds=29.4
Epoch 3355/5000: score=11.617084 loss=-0.141424 valid=1.0000 routes=9.955 grad=1.8528 seconds=26.5
Epoch 3356/5000: score=11.246323 loss=-0.133314 valid=1.0000 routes=9.873 grad=1.6760 seconds=25.9
Epoch 3357/5000: score=11.541330 loss=-0.146864 valid=1.0000 routes=9.953 grad=1.8396 seconds=26.6
Epoch 3358/5000: score=11.094990 loss=-0.141236 valid=1.0000 routes=9.890 grad=1.7780 seconds=27.0
Epoch 3359/5000: score=11.499754 loss=-0.138402 valid=1.0000 routes=10.148 grad=1.8063 seconds=26.0
Epoch 3360/5000: score=11.507893 loss=-0.146792 valid=1.0000 routes=9.945 grad=1.8090 seconds=26.0
Epoch 3361/5000: score=11.054069 loss=-0.139085 valid=1.0000 routes=9.810 grad=1.6985 seconds=26.0
Epoch 3362/5000: score=11.416684 loss=-0.143520 valid=1.0000 routes=10.214 grad=1.7829 seconds=26.2
Epoch 3363/5000: score=10.988588 loss=-0.143061 valid=1.0000 routes=9.549 grad=1.7492 seconds=27.5
Epoch 3364/5000: score=11.748757 loss=-0.153924 valid=1.0000 routes=9.968 grad=1.9197 seconds=26.8
Epoch 3365/5000: score=11.085109 loss=-0.154552 valid=1.0000 routes=9.470 grad=1.7900 seconds=27.4
Epoch 3366/5000: score=11.622551 loss=-0.137579 valid=1.0000 routes=10.122 grad=1.7654 seconds=26.1
Epoch 3367/5000: score=11.358322 loss=-0.144102 valid=1.0000 routes=9.824 grad=1.7447 seconds=26.6
Epoch 3368/5000: score=11.540006 loss=-0.141102 valid=1.0000 routes=9.808 grad=1.7820 seconds=27.5
Epoch 3369/5000: score=11.146939 loss=-0.151647 valid=1.0000 routes=9.763 grad=1.8105 seconds=26.7
Epoch 3370/5000: score=11.323181 loss=-0.150028 valid=1.0000 routes=9.651 grad=1.7651 seconds=23.8
Epoch 3371/5000: score=11.172400 loss=-0.135888 valid=1.0000 routes=9.900 grad=1.6827 seconds=24.0
Epoch 3372/5000: score=11.687951 loss=-0.144645 valid=1.0000 routes=10.233 grad=1.8710 seconds=23.7
Epoch 3373/5000: score=11.506206 loss=-0.145627 valid=1.0000 routes=9.951 grad=1.7896 seconds=26.2
Epoch 3374/5000: score=11.440869 loss=-0.140820 valid=1.0000 routes=9.944 grad=1.7748 seconds=27.2
Epoch 3375/5000: score=11.278724 loss=-0.145047 valid=1.0000 routes=10.030 grad=1.8394 seconds=26.3
Epoch 3376/5000: score=11.098158 loss=-0.137091 valid=1.0000 routes=10.074 grad=1.7369 seconds=26.4
Epoch 3377/5000: score=11.451446 loss=-0.150430 valid=1.0000 routes=9.194 grad=1.7632 seconds=26.3
Epoch 3378/5000: score=11.387941 loss=-0.139208 valid=1.0000 routes=10.460 grad=1.8042 seconds=27.0
Epoch 3379/5000: score=11.095879 loss=-0.139421 valid=1.0000 routes=10.169 grad=1.7030 seconds=27.8
Epoch 3380/5000: score=11.689534 loss=-0.160028 valid=1.0000 routes=9.883 grad=1.8921 seconds=26.3
Epoch 3381/5000: score=11.546617 loss=-0.143778 valid=1.0000 routes=9.832 grad=1.7475 seconds=25.9
Epoch 3382/5000: score=11.457699 loss=-0.141662 valid=1.0000 routes=9.850 grad=1.7418 seconds=25.8
Epoch 3383/5000: score=11.600890 loss=-0.146999 valid=1.0000 routes=9.647 grad=1.7759 seconds=26.4
Epoch 3384/5000: score=11.302651 loss=-0.142731 valid=1.0000 routes=9.584 grad=1.6708 seconds=27.3
Epoch 3385/5000: score=11.771752 loss=-0.140493 valid=1.0000 routes=9.997 grad=1.8356 seconds=26.4
Epoch 3386/5000: score=11.432801 loss=-0.137147 valid=1.0000 routes=10.022 grad=1.8026 seconds=26.0
Epoch 3387/5000: score=11.312684 loss=-0.136600 valid=1.0000 routes=9.732 grad=1.7590 seconds=27.3
Epoch 3388/5000: score=11.223589 loss=-0.127748 valid=1.0000 routes=10.070 grad=1.6831 seconds=26.4
Epoch 3389/5000: score=11.263043 loss=-0.146810 valid=1.0000 routes=9.938 grad=1.8060 seconds=27.2
Epoch 3390/5000: score=11.619575 loss=-0.141124 valid=1.0000 routes=9.744 grad=1.8195 seconds=26.6
Epoch 3391/5000: score=11.262670 loss=-0.150316 valid=1.0000 routes=9.646 grad=1.7468 seconds=26.3
Epoch 3392/5000: score=11.276798 loss=-0.144397 valid=1.0000 routes=9.498 grad=1.7145 seconds=26.1
Epoch 3393/5000: score=10.706095 loss=-0.142217 valid=1.0000 routes=9.780 grad=1.6618 seconds=26.7
Epoch 3394/5000: score=11.372755 loss=-0.138891 valid=1.0000 routes=9.725 grad=1.7141 seconds=27.3
Epoch 3395/5000: score=11.140014 loss=-0.148893 valid=1.0000 routes=9.643 grad=1.7931 seconds=26.8
Epoch 3396/5000: score=11.767898 loss=-0.143752 valid=1.0000 routes=10.196 grad=1.8770 seconds=26.1
Epoch 3397/5000: score=11.093462 loss=-0.141778 valid=1.0000 routes=9.724 grad=1.6808 seconds=24.9
Epoch 3398/5000: score=10.957596 loss=-0.142029 valid=1.0000 routes=9.550 grad=1.7083 seconds=26.0
Epoch 3399/5000: score=11.318457 loss=-0.136718 valid=1.0000 routes=10.545 grad=1.8009 seconds=26.9
Epoch 3400/5000: score=11.161138 loss=-0.138844 valid=1.0000 routes=9.389 grad=1.6654 seconds=27.3
Epoch 3401/5000: score=11.091635 loss=-0.139955 valid=1.0000 routes=9.809 grad=1.6944 seconds=27.2
Epoch 3402/5000: score=11.705400 loss=-0.150574 valid=1.0000 routes=10.173 grad=1.9073 seconds=26.2
Epoch 3403/5000: score=11.555832 loss=-0.140351 valid=1.0000 routes=10.033 grad=1.7748 seconds=25.5
Epoch 3404/5000: score=11.833967 loss=-0.138641 valid=1.0000 routes=10.242 grad=1.8962 seconds=27.7
Epoch 3405/5000: score=11.561909 loss=-0.149650 valid=1.0000 routes=9.666 grad=1.8212 seconds=27.1
Epoch 3406/5000: score=11.149187 loss=-0.139933 valid=1.0000 routes=10.030 grad=1.7567 seconds=26.1
Epoch 3407/5000: score=11.095293 loss=-0.140181 valid=1.0000 routes=9.766 grad=1.6911 seconds=26.2
Epoch 3408/5000: score=11.217360 loss=-0.129361 valid=1.0000 routes=10.531 grad=1.7509 seconds=26.1
Epoch 3409/5000: score=10.779512 loss=-0.129428 valid=1.0000 routes=9.770 grad=1.5791 seconds=27.0
Epoch 3410/5000: score=11.237299 loss=-0.141132 valid=1.0000 routes=10.022 grad=1.7893 seconds=26.9
>> Invalid instances, Re-generating ...
Epoch 3411/5000: score=11.230229 loss=-0.147104 valid=1.0000 routes=9.745 grad=1.7674 seconds=26.3
Epoch 3412/5000: score=11.315278 loss=-0.139754 valid=1.0000 routes=9.505 grad=1.7038 seconds=26.2
Epoch 3413/5000: score=11.806803 loss=-0.143924 valid=1.0000 routes=10.461 grad=1.8737 seconds=26.1
Epoch 3414/5000: score=11.885003 loss=-0.146514 valid=1.0000 routes=10.167 grad=1.9004 seconds=27.1
Epoch 3415/5000: score=11.405217 loss=-0.144163 valid=1.0000 routes=9.894 grad=1.8170 seconds=27.7
Epoch 3416/5000: score=11.238948 loss=-0.136018 valid=1.0000 routes=9.893 grad=1.7161 seconds=26.3
Epoch 3417/5000: score=11.287051 loss=-0.145969 valid=1.0000 routes=9.712 grad=1.7675 seconds=26.6
Epoch 3418/5000: score=11.623394 loss=-0.147291 valid=1.0000 routes=10.046 grad=1.8263 seconds=26.0
Epoch 3419/5000: score=11.712845 loss=-0.143153 valid=1.0000 routes=10.551 grad=1.8962 seconds=26.7
Epoch 3420/5000: score=11.785477 loss=-0.146519 valid=1.0000 routes=10.384 grad=1.8772 seconds=27.0
Epoch 3421/5000: score=11.533895 loss=-0.145231 valid=1.0000 routes=9.969 grad=1.7951 seconds=26.5
Epoch 3422/5000: score=11.159867 loss=-0.138649 valid=1.0000 routes=10.051 grad=1.7314 seconds=26.2
Epoch 3423/5000: score=11.499123 loss=-0.141452 valid=1.0000 routes=9.975 grad=1.7903 seconds=26.6
Epoch 3424/5000: score=11.373868 loss=-0.137679 valid=1.0000 routes=9.543 grad=1.6896 seconds=26.6
Epoch 3425/5000: score=11.516904 loss=-0.138315 valid=1.0000 routes=10.587 grad=1.8623 seconds=27.2
Epoch 3426/5000: score=11.507710 loss=-0.144073 valid=1.0000 routes=9.789 grad=1.8101 seconds=26.4
Epoch 3427/5000: score=11.760007 loss=-0.146695 valid=1.0000 routes=10.026 grad=1.8664 seconds=26.6
Epoch 3428/5000: score=11.398065 loss=-0.147088 valid=1.0000 routes=9.800 grad=1.7791 seconds=26.6
Epoch 3429/5000: score=11.631688 loss=-0.142402 valid=1.0000 routes=9.898 grad=1.8012 seconds=26.5
Epoch 3430/5000: score=10.944464 loss=-0.147145 valid=1.0000 routes=9.403 grad=1.7106 seconds=27.5
Epoch 3431/5000: score=11.358254 loss=-0.144202 valid=1.0000 routes=10.000 grad=1.7761 seconds=28.4
Epoch 3432/5000: score=11.293784 loss=-0.143507 valid=1.0000 routes=9.517 grad=1.7048 seconds=24.4
Epoch 3433/5000: score=11.642901 loss=-0.146706 valid=1.0000 routes=10.049 grad=1.8999 seconds=26.2
Epoch 3434/5000: score=11.350763 loss=-0.136178 valid=1.0000 routes=10.305 grad=1.7731 seconds=26.5
Epoch 3435/5000: score=11.563437 loss=-0.143139 valid=1.0000 routes=9.686 grad=1.7877 seconds=27.7
Epoch 3436/5000: score=11.832266 loss=-0.137184 valid=1.0000 routes=10.529 grad=1.8787 seconds=26.3
Epoch 3437/5000: score=11.723183 loss=-0.137017 valid=1.0000 routes=11.003 grad=1.9457 seconds=25.9
Epoch 3438/5000: score=11.658777 loss=-0.149739 valid=1.0000 routes=9.957 grad=1.8795 seconds=26.1
Epoch 3439/5000: score=10.983475 loss=-0.139365 valid=1.0000 routes=9.266 grad=1.5975 seconds=25.8
Epoch 3440/5000: score=11.037702 loss=-0.142847 valid=1.0000 routes=9.194 grad=1.6920 seconds=27.0
Epoch 3441/5000: score=12.009553 loss=-0.138454 valid=1.0000 routes=11.132 grad=2.0305 seconds=26.8
Epoch 3442/5000: score=11.196478 loss=-0.146525 valid=1.0000 routes=9.257 grad=1.7110 seconds=26.3
Epoch 3443/5000: score=11.239478 loss=-0.141788 valid=1.0000 routes=9.942 grad=1.7683 seconds=26.3
Epoch 3444/5000: score=11.765752 loss=-0.142834 valid=1.0000 routes=9.782 grad=1.8970 seconds=27.0
Epoch 3445/5000: score=10.889904 loss=-0.146637 valid=1.0000 routes=9.393 grad=1.6581 seconds=27.3
Epoch 3446/5000: score=11.310848 loss=-0.141878 valid=1.0000 routes=9.730 grad=1.7735 seconds=26.6
Epoch 3447/5000: score=11.292835 loss=-0.140364 valid=1.0000 routes=9.821 grad=1.6916 seconds=26.2
Epoch 3448/5000: score=11.686928 loss=-0.149391 valid=1.0000 routes=9.974 grad=1.8568 seconds=26.3
Epoch 3449/5000: score=12.187783 loss=-0.141551 valid=1.0000 routes=10.315 grad=1.9184 seconds=26.3
Epoch 3450/5000: score=11.204343 loss=-0.137242 valid=1.0000 routes=10.278 grad=1.7698 seconds=27.1
Epoch 3451/5000: score=10.923932 loss=-0.138428 valid=1.0000 routes=10.286 grad=1.7002 seconds=27.0
Epoch 3452/5000: score=11.153802 loss=-0.150893 valid=1.0000 routes=9.630 grad=1.7212 seconds=26.3
Epoch 3453/5000: score=11.079090 loss=-0.143111 valid=1.0000 routes=9.460 grad=1.6755 seconds=26.4
Epoch 3454/5000: score=11.343966 loss=-0.136632 valid=1.0000 routes=10.435 grad=1.8063 seconds=26.6
Epoch 3455/5000: score=11.795085 loss=-0.148917 valid=1.0000 routes=9.900 grad=1.8978 seconds=27.3
Epoch 3456/5000: score=11.439717 loss=-0.150274 valid=1.0000 routes=9.890 grad=1.8315 seconds=26.8
Epoch 3457/5000: score=10.607631 loss=-0.139639 valid=1.0000 routes=9.675 grad=1.5902 seconds=26.3
Epoch 3458/5000: score=11.030962 loss=-0.144406 valid=1.0000 routes=9.392 grad=1.6868 seconds=26.9
Epoch 3459/5000: score=11.752521 loss=-0.144376 valid=1.0000 routes=10.211 grad=1.8658 seconds=26.9
Epoch 3460/5000: score=10.878334 loss=-0.141078 valid=1.0000 routes=9.682 grad=1.7229 seconds=27.3
Epoch 3461/5000: score=11.431846 loss=-0.141473 valid=1.0000 routes=9.992 grad=1.8035 seconds=26.0
Epoch 3462/5000: score=11.123014 loss=-0.134028 valid=1.0000 routes=9.813 grad=1.6760 seconds=26.0
Epoch 3463/5000: score=11.605872 loss=-0.144235 valid=1.0000 routes=10.685 grad=1.8921 seconds=26.0
Epoch 3464/5000: score=11.731795 loss=-0.145584 valid=1.0000 routes=9.864 grad=1.8122 seconds=27.6
Epoch 3465/5000: score=11.611403 loss=-0.140078 valid=1.0000 routes=10.085 grad=1.8004 seconds=26.0
Epoch 3466/5000: score=11.477201 loss=-0.144092 valid=1.0000 routes=10.159 grad=1.7765 seconds=28.4
Epoch 3467/5000: score=11.760630 loss=-0.151668 valid=1.0000 routes=9.945 grad=1.8627 seconds=26.6
Epoch 3468/5000: score=11.270456 loss=-0.144484 valid=1.0000 routes=9.442 grad=1.7436 seconds=26.6
Epoch 3469/5000: score=10.537125 loss=-0.142395 valid=1.0000 routes=9.066 grad=1.5861 seconds=27.8
Epoch 3470/5000: score=11.325041 loss=-0.143158 valid=1.0000 routes=9.799 grad=1.7395 seconds=29.9
Epoch 3471/5000: score=11.934190 loss=-0.150413 valid=1.0000 routes=10.414 grad=1.9760 seconds=28.4
Epoch 3472/5000: score=11.583733 loss=-0.150747 valid=1.0000 routes=10.049 grad=1.8453 seconds=28.3
Epoch 3473/5000: score=11.172801 loss=-0.140836 valid=1.0000 routes=10.072 grad=1.7372 seconds=27.5
Epoch 3474/5000: score=11.315722 loss=-0.141663 valid=1.0000 routes=9.959 grad=1.7733 seconds=26.5
Epoch 3475/5000: score=11.323717 loss=-0.145367 valid=1.0000 routes=9.388 grad=1.7146 seconds=27.6
Epoch 3476/5000: score=11.531322 loss=-0.139326 valid=1.0000 routes=10.369 grad=1.9005 seconds=26.5
Epoch 3477/5000: score=11.962903 loss=-0.143714 valid=1.0000 routes=10.444 grad=1.9784 seconds=27.5
Epoch 3478/5000: score=11.565253 loss=-0.136145 valid=1.0000 routes=10.191 grad=1.8265 seconds=26.3
Epoch 3479/5000: score=11.471890 loss=-0.135061 valid=1.0000 routes=10.217 grad=1.7904 seconds=26.4
Epoch 3480/5000: score=11.257667 loss=-0.141721 valid=1.0000 routes=10.192 grad=1.7879 seconds=27.2
Epoch 3481/5000: score=11.468485 loss=-0.141934 valid=1.0000 routes=9.997 grad=1.8204 seconds=26.7
Epoch 3482/5000: score=11.511862 loss=-0.144282 valid=1.0000 routes=9.839 grad=1.8749 seconds=26.3
Epoch 3483/5000: score=11.628745 loss=-0.141819 valid=1.0000 routes=10.151 grad=1.8325 seconds=26.5
Epoch 3484/5000: score=11.270400 loss=-0.136138 valid=1.0000 routes=9.966 grad=1.7337 seconds=26.3
Epoch 3485/5000: score=10.990916 loss=-0.133937 valid=1.0000 routes=9.953 grad=1.7130 seconds=26.7
Epoch 3486/5000: score=11.848357 loss=-0.145385 valid=1.0000 routes=10.428 grad=1.9123 seconds=26.9
Epoch 3487/5000: score=10.900297 loss=-0.141169 valid=1.0000 routes=9.642 grad=1.6646 seconds=26.3
Epoch 3488/5000: score=11.357364 loss=-0.137143 valid=1.0000 routes=9.612 grad=1.6838 seconds=25.9
Epoch 3489/5000: score=11.306241 loss=-0.138784 valid=1.0000 routes=9.953 grad=1.7379 seconds=26.3
Epoch 3490/5000: score=11.367011 loss=-0.148467 valid=1.0000 routes=9.623 grad=1.7671 seconds=27.3
Epoch 3491/5000: score=11.732476 loss=-0.145059 valid=1.0000 routes=9.956 grad=1.8711 seconds=27.3
Epoch 3492/5000: score=11.220829 loss=-0.134925 valid=1.0000 routes=10.360 grad=1.7727 seconds=26.3
Epoch 3493/5000: score=11.671270 loss=-0.153736 valid=1.0000 routes=9.699 grad=1.9060 seconds=26.5
Epoch 3494/5000: score=11.273987 loss=-0.142034 valid=1.0000 routes=10.079 grad=1.7892 seconds=26.5
Epoch 3495/5000: score=11.517562 loss=-0.136586 valid=1.0000 routes=10.425 grad=1.7793 seconds=27.0
Epoch 3496/5000: score=11.606953 loss=-0.140941 valid=1.0000 routes=9.905 grad=1.7742 seconds=26.9
Epoch 3497/5000: score=11.281485 loss=-0.151980 valid=1.0000 routes=9.336 grad=1.7561 seconds=26.7
Epoch 3498/5000: score=11.336774 loss=-0.144731 valid=1.0000 routes=9.666 grad=1.7948 seconds=26.4
Epoch 3499/5000: score=11.264712 loss=-0.141131 valid=1.0000 routes=9.917 grad=1.7280 seconds=26.3
Epoch 3500/5000: score=11.140128 loss=-0.145326 valid=1.0000 routes=9.541 grad=1.7329 seconds=27.1
Epoch 3501/5000: score=11.490568 loss=-0.153056 valid=1.0000 routes=9.774 grad=1.8704 seconds=26.9
Epoch 3502/5000: score=11.894346 loss=-0.141340 valid=1.0000 routes=10.316 grad=1.8409 seconds=24.8
Epoch 3503/5000: score=11.768253 loss=-0.151300 valid=1.0000 routes=9.917 grad=1.8952 seconds=25.4
Epoch 3504/5000: score=11.813616 loss=-0.148822 valid=1.0000 routes=9.873 grad=1.8322 seconds=26.0
Epoch 3505/5000: score=11.776957 loss=-0.139491 valid=1.0000 routes=10.357 grad=1.8780 seconds=27.9
Epoch 3506/5000: score=12.013394 loss=-0.138007 valid=1.0000 routes=10.899 grad=1.9409 seconds=27.0
Epoch 3507/5000: score=11.204190 loss=-0.144784 valid=1.0000 routes=9.490 grad=1.7783 seconds=26.4
Epoch 3508/5000: score=11.356714 loss=-0.140341 valid=1.0000 routes=10.099 grad=1.7855 seconds=26.2
Epoch 3509/5000: score=11.722228 loss=-0.142920 valid=1.0000 routes=10.120 grad=1.8518 seconds=26.3
Epoch 3510/5000: score=11.249571 loss=-0.139740 valid=1.0000 routes=9.570 grad=1.6765 seconds=27.1
Epoch 3511/5000: score=10.972449 loss=-0.137769 valid=1.0000 routes=9.758 grad=1.6870 seconds=26.9
Epoch 3512/5000: score=11.396496 loss=-0.142422 valid=1.0000 routes=9.911 grad=1.8399 seconds=26.1
Epoch 3513/5000: score=11.493046 loss=-0.141001 valid=1.0000 routes=9.757 grad=1.7456 seconds=26.4
Epoch 3514/5000: score=11.752213 loss=-0.143038 valid=1.0000 routes=9.961 grad=1.8470 seconds=27.4
Epoch 3515/5000: score=11.082360 loss=-0.146132 valid=1.0000 routes=9.619 grad=1.6954 seconds=27.3
Epoch 3516/5000: score=11.632037 loss=-0.132090 valid=1.0000 routes=10.146 grad=1.7724 seconds=26.3
Epoch 3517/5000: score=11.350735 loss=-0.139220 valid=1.0000 routes=9.470 grad=1.6910 seconds=24.2
Epoch 3518/5000: score=11.649123 loss=-0.144964 valid=1.0000 routes=10.114 grad=1.8563 seconds=25.5
Epoch 3519/5000: score=11.281718 loss=-0.152827 valid=1.0000 routes=9.374 grad=1.7714 seconds=26.4
Epoch 3520/5000: score=11.206883 loss=-0.141663 valid=1.0000 routes=9.510 grad=1.6991 seconds=27.2
Epoch 3521/5000: score=11.338681 loss=-0.138579 valid=1.0000 routes=9.731 grad=1.7307 seconds=27.1
Epoch 3522/5000: score=11.903481 loss=-0.145999 valid=1.0000 routes=9.840 grad=1.7992 seconds=26.5
Epoch 3523/5000: score=11.260417 loss=-0.147282 valid=1.0000 routes=10.069 grad=1.7891 seconds=26.3
Epoch 3524/5000: score=11.243101 loss=-0.141668 valid=1.0000 routes=10.131 grad=1.7767 seconds=24.4
Epoch 3525/5000: score=11.219531 loss=-0.144801 valid=1.0000 routes=10.003 grad=1.7727 seconds=30.4
Epoch 3526/5000: score=11.188884 loss=-0.140064 valid=1.0000 routes=9.781 grad=1.7531 seconds=27.1
Epoch 3527/5000: score=11.321727 loss=-0.135366 valid=1.0000 routes=10.163 grad=1.7293 seconds=26.4
Epoch 3528/5000: score=11.427660 loss=-0.143815 valid=1.0000 routes=9.721 grad=1.7726 seconds=28.0
Epoch 3529/5000: score=11.687536 loss=-0.136826 valid=1.0000 routes=9.994 grad=1.7896 seconds=26.4
Epoch 3530/5000: score=11.286238 loss=-0.135307 valid=1.0000 routes=10.224 grad=1.7417 seconds=27.4
Epoch 3531/5000: score=11.431371 loss=-0.134959 valid=1.0000 routes=10.278 grad=1.7894 seconds=26.6
Epoch 3532/5000: score=11.370655 loss=-0.134090 valid=1.0000 routes=9.939 grad=1.7635 seconds=26.3
Epoch 3533/5000: score=11.346604 loss=-0.143037 valid=1.0000 routes=9.691 grad=1.7467 seconds=26.1
Epoch 3534/5000: score=11.759697 loss=-0.140469 valid=1.0000 routes=10.508 grad=1.8962 seconds=26.7
Epoch 3535/5000: score=11.347671 loss=-0.140091 valid=1.0000 routes=10.045 grad=1.7411 seconds=27.2
Epoch 3536/5000: score=11.291494 loss=-0.141046 valid=1.0000 routes=10.201 grad=1.7820 seconds=26.7
Epoch 3537/5000: score=11.191737 loss=-0.131809 valid=1.0000 routes=10.102 grad=1.7073 seconds=26.0
Epoch 3538/5000: score=11.283388 loss=-0.144742 valid=1.0000 routes=9.350 grad=1.7214 seconds=27.9
Epoch 3539/5000: score=11.749653 loss=-0.129174 valid=1.0000 routes=10.400 grad=1.8280 seconds=26.3
Epoch 3540/5000: score=11.089087 loss=-0.156121 valid=1.0000 routes=9.217 grad=1.7931 seconds=27.7
Epoch 3541/5000: score=11.484150 loss=-0.142181 valid=1.0000 routes=10.271 grad=1.8097 seconds=27.8
Epoch 3542/5000: score=11.183859 loss=-0.145133 valid=1.0000 routes=10.091 grad=1.8504 seconds=25.7
Epoch 3543/5000: score=11.484897 loss=-0.136884 valid=1.0000 routes=9.896 grad=1.7360 seconds=25.3
Epoch 3544/5000: score=11.928105 loss=-0.145747 valid=1.0000 routes=9.987 grad=1.9005 seconds=27.1
Epoch 3545/5000: score=10.968895 loss=-0.130778 valid=1.0000 routes=9.718 grad=1.5886 seconds=27.1
Epoch 3546/5000: score=11.727261 loss=-0.137373 valid=1.0000 routes=10.357 grad=1.8041 seconds=26.4
Epoch 3547/5000: score=11.336989 loss=-0.144447 valid=1.0000 routes=9.687 grad=1.7594 seconds=26.1
Epoch 3548/5000: score=11.218669 loss=-0.134539 valid=1.0000 routes=9.719 grad=1.6524 seconds=26.1
Epoch 3549/5000: score=10.833015 loss=-0.139539 valid=1.0000 routes=9.863 grad=1.6571 seconds=27.5
Epoch 3550/5000: score=11.219152 loss=-0.137010 valid=1.0000 routes=9.942 grad=1.7282 seconds=27.5
Epoch 3551/5000: score=11.152325 loss=-0.138153 valid=1.0000 routes=9.917 grad=1.7158 seconds=26.0
Epoch 3552/5000: score=11.597187 loss=-0.140591 valid=1.0000 routes=9.993 grad=1.7954 seconds=25.4
Epoch 3553/5000: score=11.560487 loss=-0.144151 valid=1.0000 routes=9.737 grad=1.8263 seconds=25.6
Epoch 3554/5000: score=11.292232 loss=-0.133330 valid=1.0000 routes=10.272 grad=1.7410 seconds=26.9
Epoch 3555/5000: score=11.407473 loss=-0.150350 valid=1.0000 routes=9.824 grad=1.8645 seconds=27.0
Epoch 3556/5000: score=11.373315 loss=-0.147573 valid=1.0000 routes=10.031 grad=1.8280 seconds=25.3
Epoch 3557/5000: score=11.316996 loss=-0.143061 valid=1.0000 routes=9.442 grad=1.6658 seconds=25.2
Epoch 3558/5000: score=11.085883 loss=-0.148403 valid=1.0000 routes=9.809 grad=1.8049 seconds=26.3
Epoch 3559/5000: score=11.494974 loss=-0.145974 valid=1.0000 routes=9.964 grad=1.7813 seconds=27.4
Epoch 3560/5000: score=11.322559 loss=-0.144439 valid=1.0000 routes=9.488 grad=1.7545 seconds=26.6
Epoch 3561/5000: score=11.949525 loss=-0.141682 valid=1.0000 routes=10.391 grad=1.8730 seconds=25.6
Epoch 3562/5000: score=11.546801 loss=-0.147727 valid=1.0000 routes=9.774 grad=1.8066 seconds=25.6
Epoch 3563/5000: score=10.798507 loss=-0.145773 valid=1.0000 routes=9.503 grad=1.6988 seconds=25.7
Epoch 3564/5000: score=11.461421 loss=-0.142037 valid=1.0000 routes=10.512 grad=1.8152 seconds=27.3
Epoch 3565/5000: score=11.560201 loss=-0.143606 valid=1.0000 routes=9.764 grad=1.8090 seconds=26.6
Epoch 3566/5000: score=11.431369 loss=-0.135721 valid=1.0000 routes=10.180 grad=1.8050 seconds=25.9
Epoch 3567/5000: score=11.189933 loss=-0.146218 valid=1.0000 routes=9.563 grad=1.7255 seconds=26.4
Epoch 3568/5000: score=11.198942 loss=-0.138454 valid=1.0000 routes=9.795 grad=1.7045 seconds=26.5
Epoch 3569/5000: score=11.734949 loss=-0.136485 valid=1.0000 routes=10.117 grad=1.8291 seconds=28.6
Epoch 3570/5000: score=11.354374 loss=-0.139646 valid=1.0000 routes=10.077 grad=1.7401 seconds=26.8
Epoch 3571/5000: score=11.810270 loss=-0.149748 valid=1.0000 routes=9.881 grad=1.8922 seconds=27.7
Epoch 3572/5000: score=11.171596 loss=-0.136333 valid=1.0000 routes=10.265 grad=1.7611 seconds=25.3
Epoch 3573/5000: score=11.448601 loss=-0.144774 valid=1.0000 routes=9.751 grad=1.7696 seconds=25.9
Epoch 3574/5000: score=11.564988 loss=-0.144069 valid=1.0000 routes=9.822 grad=1.8185 seconds=26.3
Epoch 3575/5000: score=11.325968 loss=-0.146323 valid=1.0000 routes=9.808 grad=1.7771 seconds=26.1
Epoch 3576/5000: score=11.550397 loss=-0.145763 valid=1.0000 routes=10.268 grad=1.8364 seconds=25.9
Epoch 3577/5000: score=11.141644 loss=-0.137887 valid=1.0000 routes=9.682 grad=1.6645 seconds=25.9
Epoch 3578/5000: score=11.720738 loss=-0.138100 valid=1.0000 routes=10.746 grad=1.9405 seconds=27.1
Epoch 3579/5000: score=11.584405 loss=-0.147876 valid=1.0000 routes=9.815 grad=1.8372 seconds=27.3
Epoch 3580/5000: score=11.962398 loss=-0.150321 valid=1.0000 routes=10.135 grad=1.9143 seconds=24.8
Epoch 3581/5000: score=11.644343 loss=-0.146271 valid=1.0000 routes=9.994 grad=1.8868 seconds=25.3
Epoch 3582/5000: score=11.736141 loss=-0.144897 valid=1.0000 routes=10.148 grad=1.8004 seconds=26.3
Epoch 3583/5000: score=11.194514 loss=-0.147681 valid=1.0000 routes=9.493 grad=1.7361 seconds=27.2
Epoch 3584/5000: score=11.283196 loss=-0.144780 valid=1.0000 routes=9.816 grad=1.7575 seconds=27.2
Epoch 3585/5000: score=11.112754 loss=-0.134439 valid=1.0000 routes=9.883 grad=1.7333 seconds=25.9
Epoch 3586/5000: score=11.675442 loss=-0.147750 valid=1.0000 routes=9.985 grad=1.8102 seconds=26.3
Epoch 3587/5000: score=11.567606 loss=-0.142913 valid=1.0000 routes=10.140 grad=1.7787 seconds=25.8
Epoch 3588/5000: score=11.283294 loss=-0.141174 valid=1.0000 routes=9.518 grad=1.7035 seconds=27.2
Epoch 3589/5000: score=10.824432 loss=-0.138945 valid=1.0000 routes=9.630 grad=1.6094 seconds=27.1
Epoch 3590/5000: score=11.230866 loss=-0.143079 valid=1.0000 routes=9.499 grad=1.7148 seconds=26.2
Epoch 3591/5000: score=11.688512 loss=-0.138412 valid=1.0000 routes=10.284 grad=1.8425 seconds=25.8
Epoch 3592/5000: score=11.153657 loss=-0.136027 valid=1.0000 routes=10.389 grad=1.7635 seconds=26.1
Epoch 3593/5000: score=11.182348 loss=-0.146828 valid=1.0000 routes=9.387 grad=1.7138 seconds=27.4
Epoch 3594/5000: score=11.654730 loss=-0.144287 valid=1.0000 routes=9.641 grad=1.8159 seconds=27.2
Epoch 3595/5000: score=11.228072 loss=-0.139853 valid=1.0000 routes=9.414 grad=1.6466 seconds=25.8
Epoch 3596/5000: score=11.679868 loss=-0.135854 valid=1.0000 routes=10.375 grad=1.7876 seconds=25.7
Epoch 3597/5000: score=11.693302 loss=-0.141924 valid=1.0000 routes=10.196 grad=1.8787 seconds=26.2
Epoch 3598/5000: score=11.667450 loss=-0.138720 valid=1.0000 routes=10.614 grad=1.8590 seconds=26.4
Epoch 3599/5000: score=11.627292 loss=-0.131585 valid=1.0000 routes=10.500 grad=1.8722 seconds=25.6
Epoch 3600/5000: score=11.038876 loss=-0.144817 valid=1.0000 routes=9.382 grad=1.7269 seconds=26.0
Epoch 3601/5000: score=11.918003 loss=-0.140815 valid=1.0000 routes=10.120 grad=1.8733 seconds=25.7
Epoch 3602/5000: score=11.005049 loss=-0.139390 valid=1.0000 routes=9.952 grad=1.6903 seconds=26.4
Epoch 3603/5000: score=11.313440 loss=-0.141009 valid=1.0000 routes=9.941 grad=1.7780 seconds=27.1
Epoch 3604/5000: score=11.428103 loss=-0.142416 valid=1.0000 routes=9.748 grad=1.7530 seconds=25.3
Epoch 3605/5000: score=11.490541 loss=-0.148368 valid=1.0000 routes=9.577 grad=1.8411 seconds=25.0
Epoch 3606/5000: score=10.824870 loss=-0.146054 valid=1.0000 routes=9.334 grad=1.6273 seconds=24.9
Epoch 3607/5000: score=11.064494 loss=-0.144224 valid=1.0000 routes=9.571 grad=1.7459 seconds=26.7
Epoch 3608/5000: score=11.901140 loss=-0.142606 valid=1.0000 routes=10.481 grad=1.8801 seconds=27.3
Epoch 3609/5000: score=11.362847 loss=-0.142127 valid=1.0000 routes=9.639 grad=1.7285 seconds=25.7
Epoch 3610/5000: score=11.263320 loss=-0.142145 valid=1.0000 routes=9.743 grad=1.7313 seconds=24.5
Epoch 3611/5000: score=11.764992 loss=-0.151531 valid=1.0000 routes=9.759 grad=1.8560 seconds=26.1
Epoch 3612/5000: score=11.504473 loss=-0.138977 valid=1.0000 routes=10.317 grad=1.8311 seconds=26.7
Epoch 3613/5000: score=11.600572 loss=-0.139326 valid=1.0000 routes=10.618 grad=1.9135 seconds=26.7
Epoch 3614/5000: score=11.278115 loss=-0.139536 valid=1.0000 routes=10.129 grad=1.7748 seconds=26.4
Epoch 3615/5000: score=11.193537 loss=-0.137932 valid=1.0000 routes=9.785 grad=1.7219 seconds=26.1
Epoch 3616/5000: score=11.617279 loss=-0.133419 valid=1.0000 routes=10.712 grad=1.8018 seconds=25.8
Epoch 3617/5000: score=11.668779 loss=-0.140147 valid=1.0000 routes=9.984 grad=1.8063 seconds=26.0
Epoch 3618/5000: score=11.804517 loss=-0.135753 valid=1.0000 routes=9.894 grad=1.8140 seconds=27.4
Epoch 3619/5000: score=11.651535 loss=-0.140190 valid=1.0000 routes=10.152 grad=1.8268 seconds=26.6
Epoch 3620/5000: score=11.264648 loss=-0.137222 valid=1.0000 routes=10.105 grad=1.7670 seconds=26.2
Epoch 3621/5000: score=11.543581 loss=-0.140338 valid=1.0000 routes=10.232 grad=1.8357 seconds=26.4
Epoch 3622/5000: score=11.549663 loss=-0.141037 valid=1.0000 routes=10.039 grad=1.7877 seconds=26.7
Epoch 3623/5000: score=12.028912 loss=-0.141830 valid=1.0000 routes=10.395 grad=1.9040 seconds=27.2
Epoch 3624/5000: score=11.591106 loss=-0.145805 valid=1.0000 routes=9.726 grad=1.8168 seconds=26.5
Epoch 3625/5000: score=11.532936 loss=-0.139709 valid=1.0000 routes=10.272 grad=1.8057 seconds=26.0
Epoch 3626/5000: score=11.484225 loss=-0.143888 valid=1.0000 routes=9.801 grad=1.7848 seconds=26.1
Epoch 3627/5000: score=10.796976 loss=-0.141216 valid=1.0000 routes=9.228 grad=1.6303 seconds=25.2
Epoch 3628/5000: score=11.013730 loss=-0.137638 valid=1.0000 routes=9.287 grad=1.6455 seconds=27.2
Epoch 3629/5000: score=11.197440 loss=-0.137182 valid=1.0000 routes=9.269 grad=1.6854 seconds=26.6
Epoch 3630/5000: score=11.501900 loss=-0.146550 valid=1.0000 routes=10.428 grad=1.8968 seconds=26.2
Epoch 3631/5000: score=11.926869 loss=-0.140073 valid=1.0000 routes=10.095 grad=1.8744 seconds=26.3
Epoch 3632/5000: score=11.492452 loss=-0.131981 valid=1.0000 routes=10.179 grad=1.7346 seconds=26.6
Epoch 3633/5000: score=11.050106 loss=-0.139134 valid=1.0000 routes=10.191 grad=1.7535 seconds=27.5
Epoch 3634/5000: score=11.382033 loss=-0.144385 valid=1.0000 routes=9.822 grad=1.7652 seconds=26.4
Epoch 3635/5000: score=10.751455 loss=-0.137203 valid=1.0000 routes=9.418 grad=1.5918 seconds=25.8
Epoch 3636/5000: score=11.090937 loss=-0.146711 valid=1.0000 routes=9.196 grad=1.6759 seconds=26.4
Epoch 3637/5000: score=11.396920 loss=-0.143501 valid=1.0000 routes=10.037 grad=1.7767 seconds=27.4
Epoch 3638/5000: score=11.166028 loss=-0.137532 valid=1.0000 routes=10.104 grad=1.6889 seconds=27.2
Epoch 3639/5000: score=11.521150 loss=-0.152665 valid=1.0000 routes=9.600 grad=1.8356 seconds=26.8
Epoch 3640/5000: score=11.833029 loss=-0.135320 valid=1.0000 routes=9.977 grad=1.8395 seconds=26.2
Epoch 3641/5000: score=11.371900 loss=-0.139024 valid=1.0000 routes=9.773 grad=1.7622 seconds=26.2
Epoch 3642/5000: score=11.445108 loss=-0.135206 valid=1.0000 routes=10.258 grad=1.7879 seconds=26.9
Epoch 3643/5000: score=11.229048 loss=-0.137389 valid=1.0000 routes=9.493 grad=1.7043 seconds=27.4
Epoch 3644/5000: score=11.261611 loss=-0.136838 valid=1.0000 routes=9.869 grad=1.7163 seconds=26.5
Epoch 3645/5000: score=11.513066 loss=-0.140984 valid=1.0000 routes=9.908 grad=1.8230 seconds=24.7
Epoch 3646/5000: score=11.756612 loss=-0.143727 valid=1.0000 routes=10.377 grad=1.8834 seconds=25.6
Epoch 3647/5000: score=11.564764 loss=-0.138365 valid=1.0000 routes=9.681 grad=1.7614 seconds=26.5
Epoch 3648/5000: score=11.404036 loss=-0.133920 valid=1.0000 routes=10.607 grad=1.7792 seconds=27.1
Epoch 3649/5000: score=11.190640 loss=-0.138644 valid=1.0000 routes=9.712 grad=1.7093 seconds=26.4
Epoch 3650/5000: score=11.734946 loss=-0.145471 valid=1.0000 routes=9.826 grad=1.8373 seconds=26.1
Epoch 3651/5000: score=11.570120 loss=-0.151052 valid=1.0000 routes=9.637 grad=1.8229 seconds=26.4
Epoch 3652/5000: score=11.195791 loss=-0.137172 valid=1.0000 routes=9.990 grad=1.7740 seconds=26.8
Epoch 3653/5000: score=10.788231 loss=-0.150395 valid=1.0000 routes=8.688 grad=1.6444 seconds=27.6
Epoch 3654/5000: score=11.480709 loss=-0.144078 valid=1.0000 routes=10.227 grad=1.8406 seconds=26.5
Epoch 3655/5000: score=11.442705 loss=-0.134871 valid=1.0000 routes=10.620 grad=1.7864 seconds=24.5
Epoch 3656/5000: score=11.720505 loss=-0.136592 valid=1.0000 routes=10.444 grad=1.8441 seconds=25.8
Epoch 3657/5000: score=11.092600 loss=-0.135352 valid=1.0000 routes=9.508 grad=1.6675 seconds=26.6
Epoch 3658/5000: score=11.106902 loss=-0.138075 valid=1.0000 routes=9.456 grad=1.7318 seconds=27.7
Epoch 3659/5000: score=10.963676 loss=-0.141505 valid=1.0000 routes=9.624 grad=1.6907 seconds=25.8
Epoch 3660/5000: score=11.512308 loss=-0.143655 valid=1.0000 routes=10.068 grad=1.8499 seconds=23.8
Epoch 3661/5000: score=11.404090 loss=-0.135479 valid=1.0000 routes=10.049 grad=1.7684 seconds=25.7
Epoch 3662/5000: score=11.392168 loss=-0.137357 valid=1.0000 routes=10.096 grad=1.7434 seconds=26.6
Epoch 3663/5000: score=11.075265 loss=-0.143453 valid=1.0000 routes=9.568 grad=1.6926 seconds=27.4
Epoch 3664/5000: score=11.537653 loss=-0.144241 valid=1.0000 routes=9.845 grad=1.8219 seconds=26.6
Epoch 3665/5000: score=11.581506 loss=-0.143313 valid=1.0000 routes=9.402 grad=1.7514 seconds=26.1
Epoch 3666/5000: score=11.179447 loss=-0.140062 valid=1.0000 routes=9.910 grad=1.8213 seconds=26.4
Epoch 3667/5000: score=11.283575 loss=-0.138879 valid=1.0000 routes=9.829 grad=1.7450 seconds=25.6
Epoch 3668/5000: score=11.287719 loss=-0.133288 valid=1.0000 routes=9.947 grad=1.7364 seconds=27.0
Epoch 3669/5000: score=10.964353 loss=-0.142021 valid=1.0000 routes=9.434 grad=1.6866 seconds=26.6
>> Invalid instances, Re-generating ...
Epoch 3670/5000: score=11.646092 loss=-0.137957 valid=1.0000 routes=10.387 grad=1.8367 seconds=26.4
Epoch 3671/5000: score=11.466610 loss=-0.138416 valid=1.0000 routes=10.154 grad=1.8334 seconds=26.6
Epoch 3672/5000: score=11.349297 loss=-0.140141 valid=1.0000 routes=9.726 grad=1.7378 seconds=26.8
Epoch 3673/5000: score=11.560262 loss=-0.141503 valid=1.0000 routes=10.111 grad=1.8788 seconds=27.4
Epoch 3674/5000: score=11.761093 loss=-0.133516 valid=1.0000 routes=10.142 grad=1.8223 seconds=26.5
Epoch 3675/5000: score=11.361723 loss=-0.147954 valid=1.0000 routes=9.797 grad=1.8183 seconds=24.1
Epoch 3676/5000: score=11.288135 loss=-0.138432 valid=1.0000 routes=9.520 grad=1.7040 seconds=25.2
Epoch 3677/5000: score=11.142349 loss=-0.143436 valid=1.0000 routes=9.603 grad=1.7050 seconds=25.7
Epoch 3678/5000: score=11.584337 loss=-0.139088 valid=1.0000 routes=10.126 grad=1.8338 seconds=27.2
Epoch 3679/5000: score=11.805981 loss=-0.143195 valid=1.0000 routes=10.433 grad=1.9324 seconds=26.5
Epoch 3680/5000: score=11.113199 loss=-0.137735 valid=1.0000 routes=9.750 grad=1.7208 seconds=26.0
Epoch 3681/5000: score=11.383419 loss=-0.147598 valid=1.0000 routes=9.560 grad=1.8369 seconds=26.1
Epoch 3682/5000: score=11.451827 loss=-0.140459 valid=1.0000 routes=10.222 grad=1.8087 seconds=26.5
Epoch 3683/5000: score=11.132759 loss=-0.142391 valid=1.0000 routes=9.880 grad=1.7110 seconds=25.6
Epoch 3684/5000: score=11.179346 loss=-0.139391 valid=1.0000 routes=9.831 grad=1.6745 seconds=26.2
Epoch 3685/5000: score=11.386863 loss=-0.144708 valid=1.0000 routes=9.682 grad=1.7766 seconds=26.2
Epoch 3686/5000: score=11.555610 loss=-0.144935 valid=1.0000 routes=9.837 grad=1.8224 seconds=26.0
Epoch 3687/5000: score=11.712222 loss=-0.144869 valid=1.0000 routes=10.120 grad=1.9230 seconds=26.1
Epoch 3688/5000: score=11.822310 loss=-0.139838 valid=1.0000 routes=10.040 grad=1.7928 seconds=26.8
Epoch 3689/5000: score=11.170179 loss=-0.137013 valid=1.0000 routes=10.452 grad=1.8430 seconds=26.8
Epoch 3690/5000: score=11.645902 loss=-0.153010 valid=1.0000 routes=9.976 grad=1.9338 seconds=26.2
Epoch 3691/5000: score=10.861154 loss=-0.135130 valid=1.0000 routes=9.465 grad=1.5989 seconds=25.0
Epoch 3692/5000: score=11.344169 loss=-0.137558 valid=1.0000 routes=9.922 grad=1.7718 seconds=26.2
Epoch 3693/5000: score=11.519063 loss=-0.140454 valid=1.0000 routes=10.063 grad=1.8081 seconds=27.4
Epoch 3694/5000: score=11.130388 loss=-0.129213 valid=1.0000 routes=9.797 grad=1.6482 seconds=26.7
Epoch 3695/5000: score=11.754896 loss=-0.141751 valid=1.0000 routes=10.556 grad=1.9330 seconds=26.2
Epoch 3696/5000: score=11.566541 loss=-0.143639 valid=1.0000 routes=10.371 grad=1.8689 seconds=26.0
Epoch 3697/5000: score=11.895173 loss=-0.152282 valid=1.0000 routes=10.390 grad=1.9806 seconds=26.7
Epoch 3698/5000: score=11.267260 loss=-0.142489 valid=1.0000 routes=9.979 grad=1.8168 seconds=28.2
Epoch 3699/5000: score=11.606367 loss=-0.140149 valid=1.0000 routes=9.715 grad=1.8538 seconds=27.0
Epoch 3700/5000: score=11.405399 loss=-0.143514 valid=1.0000 routes=9.932 grad=1.7517 seconds=26.2
Epoch 3701/5000: score=11.623851 loss=-0.144629 valid=1.0000 routes=9.597 grad=1.7957 seconds=25.9
Epoch 3702/5000: score=11.616678 loss=-0.143276 valid=1.0000 routes=9.979 grad=1.8677 seconds=26.2
Epoch 3703/5000: score=11.535765 loss=-0.143752 valid=1.0000 routes=9.627 grad=1.8081 seconds=27.4
Epoch 3704/5000: score=11.830119 loss=-0.138294 valid=1.0000 routes=10.389 grad=1.9176 seconds=27.1
Epoch 3705/5000: score=11.468103 loss=-0.142468 valid=1.0000 routes=10.104 grad=1.8244 seconds=26.8
Epoch 3706/5000: score=11.906422 loss=-0.137390 valid=1.0000 routes=10.416 grad=1.8942 seconds=26.2
Epoch 3707/5000: score=11.460638 loss=-0.131492 valid=1.0000 routes=10.759 grad=1.8539 seconds=26.7
Epoch 3708/5000: score=11.870381 loss=-0.141586 valid=1.0000 routes=9.983 grad=1.9089 seconds=27.6
Epoch 3709/5000: score=10.846649 loss=-0.146019 valid=1.0000 routes=9.159 grad=1.6774 seconds=27.0
Epoch 3710/5000: score=11.498313 loss=-0.132631 valid=1.0000 routes=10.668 grad=1.8763 seconds=25.1
Epoch 3711/5000: score=11.248502 loss=-0.142987 valid=1.0000 routes=9.354 grad=1.7416 seconds=23.7
Epoch 3712/5000: score=11.483577 loss=-0.141305 valid=1.0000 routes=9.922 grad=1.8212 seconds=25.9
Epoch 3713/5000: score=11.133560 loss=-0.135686 valid=1.0000 routes=9.518 grad=1.6807 seconds=27.4
Epoch 3714/5000: score=11.339538 loss=-0.147532 valid=1.0000 routes=9.559 grad=1.7941 seconds=26.0
Epoch 3715/5000: score=11.448500 loss=-0.142888 valid=1.0000 routes=9.781 grad=1.7944 seconds=25.3
Epoch 3716/5000: score=10.463638 loss=-0.131172 valid=1.0000 routes=9.461 grad=1.5413 seconds=25.0
Epoch 3717/5000: score=11.382135 loss=-0.138521 valid=1.0000 routes=9.837 grad=1.8104 seconds=26.4
Epoch 3718/5000: score=11.323869 loss=-0.131493 valid=1.0000 routes=9.528 grad=1.6632 seconds=26.1
Epoch 3719/5000: score=10.862382 loss=-0.135473 valid=1.0000 routes=9.601 grad=1.6366 seconds=26.5
Epoch 3720/5000: score=11.467745 loss=-0.137536 valid=1.0000 routes=9.891 grad=1.8065 seconds=25.9
Epoch 3721/5000: score=11.440257 loss=-0.138991 valid=1.0000 routes=10.061 grad=1.7891 seconds=26.0
Epoch 3722/5000: score=10.770412 loss=-0.143757 valid=1.0000 routes=9.266 grad=1.6574 seconds=26.2
Epoch 3723/5000: score=11.269270 loss=-0.134830 valid=1.0000 routes=9.961 grad=1.7785 seconds=28.1
>> Invalid instances, Re-generating ...
Epoch 3724/5000: score=11.997269 loss=-0.134286 valid=1.0000 routes=10.333 grad=1.8680 seconds=26.3
Epoch 3725/5000: score=11.702523 loss=-0.155955 valid=1.0000 routes=9.786 grad=1.9343 seconds=26.2
Epoch 3726/5000: score=11.810565 loss=-0.140463 valid=1.0000 routes=10.807 grad=1.9667 seconds=26.2
Epoch 3727/5000: score=11.835481 loss=-0.137766 valid=1.0000 routes=10.706 grad=1.8913 seconds=26.6
Epoch 3728/5000: score=11.197323 loss=-0.141876 valid=1.0000 routes=9.662 grad=1.7463 seconds=27.1
Epoch 3729/5000: score=11.362405 loss=-0.135171 valid=1.0000 routes=9.961 grad=1.7422 seconds=26.5
Epoch 3730/5000: score=11.773445 loss=-0.153408 valid=1.0000 routes=9.497 grad=1.8775 seconds=26.0
Epoch 3731/5000: score=10.902036 loss=-0.134976 valid=1.0000 routes=9.977 grad=1.6709 seconds=25.9
Epoch 3732/5000: score=11.155243 loss=-0.139747 valid=1.0000 routes=9.998 grad=1.7991 seconds=26.9
Epoch 3733/5000: score=11.682008 loss=-0.133317 valid=1.0000 routes=10.247 grad=1.8200 seconds=29.4
Epoch 3734/5000: score=11.224295 loss=-0.145354 valid=1.0000 routes=9.523 grad=1.7666 seconds=26.3
Epoch 3735/5000: score=11.696966 loss=-0.134039 valid=1.0000 routes=10.587 grad=1.8370 seconds=26.0
Epoch 3736/5000: score=11.170713 loss=-0.146373 valid=1.0000 routes=9.566 grad=1.8249 seconds=26.3
Epoch 3737/5000: score=11.244025 loss=-0.140466 valid=1.0000 routes=9.980 grad=1.7912 seconds=27.8
Epoch 3738/5000: score=11.309443 loss=-0.135573 valid=1.0000 routes=9.915 grad=1.7359 seconds=27.1
Epoch 3739/5000: score=11.487066 loss=-0.131129 valid=1.0000 routes=10.114 grad=1.8443 seconds=26.2
Epoch 3740/5000: score=11.109686 loss=-0.133208 valid=1.0000 routes=9.761 grad=1.7106 seconds=26.0
Epoch 3741/5000: score=11.437192 loss=-0.136220 valid=1.0000 routes=10.051 grad=1.8168 seconds=26.0
Epoch 3742/5000: score=11.535200 loss=-0.135989 valid=1.0000 routes=9.980 grad=1.8259 seconds=27.1
Epoch 3743/5000: score=11.345586 loss=-0.141607 valid=1.0000 routes=9.773 grad=1.7919 seconds=27.1
Epoch 3744/5000: score=11.885315 loss=-0.143536 valid=1.0000 routes=10.337 grad=1.8978 seconds=26.2
Epoch 3745/5000: score=11.809097 loss=-0.130171 valid=1.0000 routes=10.697 grad=1.8502 seconds=26.3
Epoch 3746/5000: score=11.564304 loss=-0.131293 valid=1.0000 routes=9.915 grad=1.7503 seconds=26.2
Epoch 3747/5000: score=11.292727 loss=-0.143313 valid=1.0000 routes=9.817 grad=1.7817 seconds=27.4
Epoch 3748/5000: score=11.708645 loss=-0.146517 valid=1.0000 routes=9.911 grad=1.8982 seconds=27.0
Epoch 3749/5000: score=11.452812 loss=-0.141329 valid=1.0000 routes=10.029 grad=1.7996 seconds=27.1
Epoch 3750/5000: score=10.825682 loss=-0.128504 valid=1.0000 routes=9.401 grad=1.5016 seconds=26.0
Epoch 3751/5000: score=11.485032 loss=-0.140945 valid=1.0000 routes=9.659 grad=1.7446 seconds=26.6
Epoch 3752/5000: score=11.943532 loss=-0.137035 valid=1.0000 routes=10.169 grad=1.8441 seconds=27.2
Epoch 3753/5000: score=11.394706 loss=-0.138810 valid=1.0000 routes=10.012 grad=1.7841 seconds=27.1
Epoch 3754/5000: score=11.359033 loss=-0.140539 valid=1.0000 routes=9.766 grad=1.7429 seconds=26.8
Epoch 3755/5000: score=11.886153 loss=-0.135562 valid=1.0000 routes=10.382 grad=1.8828 seconds=26.0
Epoch 3756/5000: score=10.466194 loss=-0.136510 valid=1.0000 routes=9.284 grad=1.6368 seconds=27.1
Epoch 3757/5000: score=11.756725 loss=-0.137688 valid=1.0000 routes=10.202 grad=1.8394 seconds=27.3
Epoch 3758/5000: score=11.492156 loss=-0.140405 valid=1.0000 routes=9.682 grad=1.8218 seconds=26.3
Epoch 3759/5000: score=11.208816 loss=-0.141700 valid=1.0000 routes=9.510 grad=1.6881 seconds=26.3
Epoch 3760/5000: score=11.461536 loss=-0.144115 valid=1.0000 routes=10.068 grad=1.8101 seconds=25.9
Epoch 3761/5000: score=11.394992 loss=-0.142448 valid=1.0000 routes=9.050 grad=1.6598 seconds=27.6
Epoch 3762/5000: score=11.553144 loss=-0.140234 valid=1.0000 routes=9.850 grad=1.7819 seconds=27.2
Epoch 3763/5000: score=10.888254 loss=-0.143880 valid=1.0000 routes=9.335 grad=1.7049 seconds=25.9
Epoch 3764/5000: score=11.331420 loss=-0.128515 valid=1.0000 routes=10.339 grad=1.7747 seconds=25.4
Epoch 3765/5000: score=11.230320 loss=-0.136336 valid=1.0000 routes=9.481 grad=1.6991 seconds=24.4
Epoch 3766/5000: score=11.111916 loss=-0.156644 valid=1.0000 routes=8.944 grad=1.7376 seconds=26.8
Epoch 3767/5000: score=11.184636 loss=-0.132876 valid=1.0000 routes=9.605 grad=1.7197 seconds=27.2
Epoch 3768/5000: score=11.628767 loss=-0.143106 valid=1.0000 routes=10.323 grad=1.8558 seconds=26.0
Epoch 3769/5000: score=11.012038 loss=-0.135308 valid=1.0000 routes=9.452 grad=1.6837 seconds=26.3
Epoch 3770/5000: score=11.226216 loss=-0.146990 valid=1.0000 routes=9.657 grad=1.7916 seconds=26.7
Epoch 3771/5000: score=11.128876 loss=-0.138548 valid=1.0000 routes=9.670 grad=1.7216 seconds=27.5
Epoch 3772/5000: score=11.811711 loss=-0.131521 valid=1.0000 routes=10.428 grad=1.8349 seconds=26.7
Epoch 3773/5000: score=11.936909 loss=-0.141797 valid=1.0000 routes=10.206 grad=1.9038 seconds=26.3
Epoch 3774/5000: score=11.386701 loss=-0.143602 valid=1.0000 routes=9.845 grad=1.8047 seconds=27.2
Epoch 3775/5000: score=11.112486 loss=-0.146295 valid=1.0000 routes=9.654 grad=1.7647 seconds=26.8
Epoch 3776/5000: score=11.179564 loss=-0.133739 valid=1.0000 routes=10.107 grad=1.7280 seconds=26.9
Epoch 3777/5000: score=11.592975 loss=-0.132425 valid=1.0000 routes=9.844 grad=1.7378 seconds=26.0
Epoch 3778/5000: score=11.574259 loss=-0.143665 valid=1.0000 routes=10.478 grad=1.8795 seconds=26.1
Epoch 3779/5000: score=11.643779 loss=-0.137164 valid=1.0000 routes=9.930 grad=1.7974 seconds=25.9
Epoch 3780/5000: score=11.280542 loss=-0.140608 valid=1.0000 routes=9.591 grad=1.7293 seconds=26.7
Epoch 3781/5000: score=10.739337 loss=-0.139708 valid=1.0000 routes=9.051 grad=1.6187 seconds=27.0
Epoch 3782/5000: score=10.749861 loss=-0.142878 valid=1.0000 routes=9.279 grad=1.6243 seconds=26.7
Epoch 3783/5000: score=11.512607 loss=-0.134211 valid=1.0000 routes=9.780 grad=1.7447 seconds=26.0
Epoch 3784/5000: score=11.501690 loss=-0.136905 valid=1.0000 routes=10.198 grad=1.8375 seconds=26.0
Epoch 3785/5000: score=11.108972 loss=-0.131567 valid=1.0000 routes=9.703 grad=1.6583 seconds=27.1
Epoch 3786/5000: score=11.124153 loss=-0.143993 valid=1.0000 routes=9.841 grad=1.7748 seconds=27.6
Epoch 3787/5000: score=11.393105 loss=-0.145202 valid=1.0000 routes=10.020 grad=1.8120 seconds=28.5
Epoch 3788/5000: score=11.757238 loss=-0.136716 valid=1.0000 routes=9.989 grad=1.7913 seconds=26.1
Epoch 3789/5000: score=11.352749 loss=-0.137208 valid=1.0000 routes=9.890 grad=1.7902 seconds=26.3
Epoch 3790/5000: score=11.542391 loss=-0.135759 valid=1.0000 routes=10.619 grad=1.9186 seconds=28.2
Epoch 3791/5000: score=12.126073 loss=-0.136317 valid=1.0000 routes=10.673 grad=1.9923 seconds=27.9
Epoch 3792/5000: score=10.860180 loss=-0.140114 valid=1.0000 routes=9.374 grad=1.6639 seconds=26.1
Epoch 3793/5000: score=11.400807 loss=-0.144981 valid=1.0000 routes=9.914 grad=1.7927 seconds=26.3
Epoch 3794/5000: score=11.941392 loss=-0.135299 valid=1.0000 routes=10.736 grad=1.8959 seconds=25.9
Epoch 3795/5000: score=11.609834 loss=-0.139530 valid=1.0000 routes=10.012 grad=1.7802 seconds=26.3
Epoch 3796/5000: score=11.276087 loss=-0.139246 valid=1.0000 routes=9.826 grad=1.7340 seconds=27.0
Epoch 3797/5000: score=11.279063 loss=-0.130794 valid=1.0000 routes=9.847 grad=1.6856 seconds=27.2
Epoch 3798/5000: score=11.395833 loss=-0.139269 valid=1.0000 routes=9.941 grad=1.7488 seconds=25.7
Epoch 3799/5000: score=11.432564 loss=-0.136739 valid=1.0000 routes=10.241 grad=1.8000 seconds=23.5
Epoch 3800/5000: score=11.084095 loss=-0.136203 valid=1.0000 routes=9.944 grad=1.7017 seconds=26.1
Epoch 3801/5000: score=11.383691 loss=-0.134695 valid=1.0000 routes=9.973 grad=1.7519 seconds=27.7
Epoch 3802/5000: score=11.998089 loss=-0.139940 valid=1.0000 routes=10.392 grad=1.9417 seconds=26.2
Epoch 3803/5000: score=11.580183 loss=-0.143347 valid=1.0000 routes=9.985 grad=1.8694 seconds=26.0
Epoch 3804/5000: score=10.883912 loss=-0.145005 valid=1.0000 routes=9.159 grad=1.6362 seconds=24.9
Epoch 3805/5000: score=11.346343 loss=-0.139194 valid=1.0000 routes=9.555 grad=1.7715 seconds=27.1
Epoch 3806/5000: score=11.319958 loss=-0.137739 valid=1.0000 routes=9.641 grad=1.7188 seconds=26.2
Epoch 3807/5000: score=11.182311 loss=-0.139425 valid=1.0000 routes=9.919 grad=1.7684 seconds=25.9
Epoch 3808/5000: score=11.091277 loss=-0.137295 valid=1.0000 routes=9.261 grad=1.6759 seconds=25.9
Epoch 3809/5000: score=11.900936 loss=-0.148372 valid=1.0000 routes=9.702 grad=1.8692 seconds=26.8
Epoch 3810/5000: score=11.306170 loss=-0.134115 valid=1.0000 routes=9.719 grad=1.7054 seconds=27.2
Epoch 3811/5000: score=11.210485 loss=-0.134994 valid=1.0000 routes=10.276 grad=1.7429 seconds=26.4
Epoch 3812/5000: score=11.793587 loss=-0.142100 valid=1.0000 routes=10.072 grad=1.8740 seconds=25.8
Epoch 3813/5000: score=11.739933 loss=-0.144379 valid=1.0000 routes=9.887 grad=1.8975 seconds=24.4
Epoch 3814/5000: score=11.246271 loss=-0.138570 valid=1.0000 routes=9.486 grad=1.7034 seconds=25.3
Epoch 3815/5000: score=11.162192 loss=-0.141349 valid=1.0000 routes=9.943 grad=1.7696 seconds=27.3
Epoch 3816/5000: score=11.756793 loss=-0.138232 valid=1.0000 routes=10.234 grad=1.8727 seconds=26.5
Epoch 3817/5000: score=11.005193 loss=-0.151828 valid=1.0000 routes=9.219 grad=1.7681 seconds=26.0
Epoch 3818/5000: score=11.233823 loss=-0.142013 valid=1.0000 routes=9.648 grad=1.7519 seconds=25.0
Epoch 3819/5000: score=10.662878 loss=-0.141155 valid=1.0000 routes=9.288 grad=1.6441 seconds=24.9
Epoch 3820/5000: score=11.463689 loss=-0.146347 valid=1.0000 routes=9.995 grad=1.8020 seconds=27.1
Epoch 3821/5000: score=11.410045 loss=-0.135795 valid=1.0000 routes=9.982 grad=1.7631 seconds=26.3
Epoch 3822/5000: score=11.656078 loss=-0.139140 valid=1.0000 routes=10.366 grad=1.8688 seconds=25.1
Epoch 3823/5000: score=11.131542 loss=-0.134599 valid=1.0000 routes=9.682 grad=1.6724 seconds=24.8
Epoch 3824/5000: score=11.130520 loss=-0.137008 valid=1.0000 routes=9.879 grad=1.7091 seconds=26.6
Epoch 3825/5000: score=11.661676 loss=-0.139819 valid=1.0000 routes=9.664 grad=1.7731 seconds=27.7
Epoch 3826/5000: score=11.011895 loss=-0.136225 valid=1.0000 routes=10.114 grad=1.7229 seconds=26.7
Epoch 3827/5000: score=10.706290 loss=-0.136813 valid=1.0000 routes=9.530 grad=1.6673 seconds=26.0
Epoch 3828/5000: score=11.553892 loss=-0.130442 valid=1.0000 routes=10.166 grad=1.8134 seconds=23.5
Epoch 3829/5000: score=11.370709 loss=-0.147066 valid=1.0000 routes=9.682 grad=1.8252 seconds=26.8
Epoch 3830/5000: score=11.649210 loss=-0.144193 valid=1.0000 routes=10.358 grad=1.9114 seconds=27.0
Epoch 3831/5000: score=10.977216 loss=-0.134163 valid=1.0000 routes=10.047 grad=1.7143 seconds=25.8
Epoch 3832/5000: score=11.012027 loss=-0.138185 valid=1.0000 routes=9.503 grad=1.6995 seconds=23.7
Epoch 3833/5000: score=10.819701 loss=-0.133245 valid=1.0000 routes=9.748 grad=1.6660 seconds=25.2
Epoch 3834/5000: score=11.437574 loss=-0.140589 valid=1.0000 routes=9.364 grad=1.7552 seconds=27.0
Epoch 3835/5000: score=11.144550 loss=-0.145896 valid=1.0000 routes=9.636 grad=1.7571 seconds=27.3
Epoch 3836/5000: score=11.940412 loss=-0.137288 valid=1.0000 routes=10.079 grad=1.9063 seconds=26.3
Epoch 3837/5000: score=11.780576 loss=-0.133832 valid=1.0000 routes=10.140 grad=1.7921 seconds=25.8
Epoch 3838/5000: score=11.694877 loss=-0.139425 valid=1.0000 routes=9.947 grad=1.8126 seconds=26.1
Epoch 3839/5000: score=11.104267 loss=-0.143241 valid=1.0000 routes=9.444 grad=1.7173 seconds=26.8
Epoch 3840/5000: score=11.173438 loss=-0.142774 valid=1.0000 routes=9.434 grad=1.7335 seconds=27.7
Epoch 3841/5000: score=11.147985 loss=-0.146636 valid=1.0000 routes=9.297 grad=1.7325 seconds=26.5
Epoch 3842/5000: score=11.848767 loss=-0.139292 valid=1.0000 routes=10.365 grad=1.8845 seconds=26.1
Epoch 3843/5000: score=11.244832 loss=-0.143875 valid=1.0000 routes=9.093 grad=1.6973 seconds=26.1
Epoch 3844/5000: score=11.309805 loss=-0.142302 valid=1.0000 routes=9.630 grad=1.7379 seconds=27.3
Epoch 3845/5000: score=11.867914 loss=-0.146118 valid=1.0000 routes=10.022 grad=1.8966 seconds=27.1
Epoch 3846/5000: score=11.193139 loss=-0.145310 valid=1.0000 routes=9.566 grad=1.7139 seconds=25.6
Epoch 3847/5000: score=11.526985 loss=-0.148017 valid=1.0000 routes=9.474 grad=1.8006 seconds=25.1
Epoch 3848/5000: score=11.210098 loss=-0.143081 valid=1.0000 routes=9.674 grad=1.7367 seconds=26.0
Epoch 3849/5000: score=10.898588 loss=-0.133303 valid=1.0000 routes=9.652 grad=1.6676 seconds=27.5
Epoch 3850/5000: score=11.234864 loss=-0.135725 valid=1.0000 routes=9.959 grad=1.7785 seconds=27.0
Epoch 3851/5000: score=11.975791 loss=-0.149381 valid=1.0000 routes=10.313 grad=1.9462 seconds=26.4
Epoch 3852/5000: score=11.062598 loss=-0.127388 valid=1.0000 routes=9.999 grad=1.6679 seconds=26.2
Epoch 3853/5000: score=11.278105 loss=-0.146058 valid=1.0000 routes=9.427 grad=1.7392 seconds=26.9
Epoch 3854/5000: score=11.659382 loss=-0.141793 valid=1.0000 routes=10.443 grad=1.8687 seconds=27.3
Epoch 3855/5000: score=11.204399 loss=-0.143470 valid=1.0000 routes=9.440 grad=1.7060 seconds=27.0
Epoch 3856/5000: score=11.225784 loss=-0.144362 valid=1.0000 routes=9.708 grad=1.7577 seconds=28.0
Epoch 3857/5000: score=11.468838 loss=-0.129292 valid=1.0000 routes=9.959 grad=1.7160 seconds=26.6
Epoch 3858/5000: score=11.510402 loss=-0.131042 valid=1.0000 routes=10.253 grad=1.8277 seconds=25.2
Epoch 3859/5000: score=11.490205 loss=-0.131916 valid=1.0000 routes=10.128 grad=1.8040 seconds=27.3
Epoch 3860/5000: score=10.864494 loss=-0.139175 valid=1.0000 routes=9.570 grad=1.6945 seconds=26.9
Epoch 3861/5000: score=10.820837 loss=-0.136782 valid=1.0000 routes=9.898 grad=1.7294 seconds=26.3
Epoch 3862/5000: score=11.307425 loss=-0.144676 valid=1.0000 routes=9.252 grad=1.7107 seconds=26.2
Epoch 3863/5000: score=11.443992 loss=-0.139271 valid=1.0000 routes=9.689 grad=1.7800 seconds=26.4
Epoch 3864/5000: score=11.162098 loss=-0.141893 valid=1.0000 routes=9.758 grad=1.7441 seconds=27.5
Epoch 3865/5000: score=11.751326 loss=-0.142198 valid=1.0000 routes=10.242 grad=1.8925 seconds=27.1
Epoch 3866/5000: score=12.113659 loss=-0.139528 valid=1.0000 routes=10.295 grad=1.9120 seconds=24.8
Epoch 3867/5000: score=11.566911 loss=-0.142600 valid=1.0000 routes=9.950 grad=1.7940 seconds=25.6
Epoch 3868/5000: score=11.870496 loss=-0.140325 valid=1.0000 routes=10.400 grad=1.9306 seconds=26.5
Epoch 3869/5000: score=11.288218 loss=-0.138235 valid=1.0000 routes=9.774 grad=1.7193 seconds=27.7
Epoch 3870/5000: score=11.082262 loss=-0.135908 valid=1.0000 routes=9.941 grad=1.7184 seconds=26.8
Epoch 3871/5000: score=11.364116 loss=-0.143392 valid=1.0000 routes=9.628 grad=1.7542 seconds=26.2
Epoch 3872/5000: score=11.468448 loss=-0.135637 valid=1.0000 routes=9.688 grad=1.7163 seconds=24.7
Epoch 3873/5000: score=11.910272 loss=-0.142758 valid=1.0000 routes=9.883 grad=1.8566 seconds=24.4
Epoch 3874/5000: score=11.783377 loss=-0.144939 valid=1.0000 routes=10.227 grad=1.9501 seconds=27.1
Epoch 3875/5000: score=11.318137 loss=-0.144395 valid=1.0000 routes=9.712 grad=1.7832 seconds=27.1
Epoch 3876/5000: score=11.086770 loss=-0.131102 valid=1.0000 routes=9.516 grad=1.6444 seconds=26.3
Epoch 3877/5000: score=11.471528 loss=-0.134438 valid=1.0000 routes=9.767 grad=1.7407 seconds=26.4
Epoch 3878/5000: score=11.647985 loss=-0.133997 valid=1.0000 routes=9.502 grad=1.7712 seconds=26.1
Epoch 3879/5000: score=11.556453 loss=-0.133137 valid=1.0000 routes=9.966 grad=1.7864 seconds=27.2
Epoch 3880/5000: score=11.245549 loss=-0.144071 valid=1.0000 routes=9.852 grad=1.8123 seconds=27.5
Epoch 3881/5000: score=11.687552 loss=-0.140813 valid=1.0000 routes=10.051 grad=1.7694 seconds=26.5
Epoch 3882/5000: score=11.513576 loss=-0.135083 valid=1.0000 routes=9.855 grad=1.7321 seconds=26.1
Epoch 3883/5000: score=11.766040 loss=-0.130774 valid=1.0000 routes=10.275 grad=1.8635 seconds=26.3
Epoch 3884/5000: score=11.294264 loss=-0.143246 valid=1.0000 routes=9.721 grad=1.8086 seconds=27.2
Epoch 3885/5000: score=11.027070 loss=-0.138436 valid=1.0000 routes=9.413 grad=1.6890 seconds=26.8
Epoch 3886/5000: score=11.180941 loss=-0.136922 valid=1.0000 routes=9.336 grad=1.6207 seconds=25.9
Epoch 3887/5000: score=10.951666 loss=-0.144185 valid=1.0000 routes=9.153 grad=1.6172 seconds=26.1
Epoch 3888/5000: score=11.531870 loss=-0.137105 valid=1.0000 routes=9.593 grad=1.7373 seconds=26.3
Epoch 3889/5000: score=11.324416 loss=-0.137926 valid=1.0000 routes=10.317 grad=1.8437 seconds=25.6
Epoch 3890/5000: score=11.365636 loss=-0.138996 valid=1.0000 routes=10.120 grad=1.8574 seconds=26.6
Epoch 3891/5000: score=11.429295 loss=-0.144535 valid=1.0000 routes=9.759 grad=1.8050 seconds=25.8
Epoch 3892/5000: score=10.975211 loss=-0.129899 valid=1.0000 routes=9.746 grad=1.5608 seconds=26.1
Epoch 3893/5000: score=11.278006 loss=-0.136579 valid=1.0000 routes=9.648 grad=1.7116 seconds=25.2
Epoch 3894/5000: score=11.394241 loss=-0.138394 valid=1.0000 routes=9.637 grad=1.7457 seconds=27.2
Epoch 3895/5000: score=11.302319 loss=-0.126535 valid=1.0000 routes=10.400 grad=1.7184 seconds=27.5
Epoch 3896/5000: score=11.604772 loss=-0.134079 valid=1.0000 routes=9.907 grad=1.7782 seconds=26.8
Epoch 3897/5000: score=11.449787 loss=-0.134822 valid=1.0000 routes=9.629 grad=1.6887 seconds=26.1
Epoch 3898/5000: score=11.182603 loss=-0.140106 valid=1.0000 routes=9.980 grad=1.7453 seconds=26.3
Epoch 3899/5000: score=11.378949 loss=-0.131252 valid=1.0000 routes=9.868 grad=1.7557 seconds=27.3
Epoch 3900/5000: score=11.098828 loss=-0.140532 valid=1.0000 routes=9.793 grad=1.7633 seconds=26.7
Epoch 3901/5000: score=11.190321 loss=-0.142303 valid=1.0000 routes=9.255 grad=1.7008 seconds=26.1
Epoch 3902/5000: score=11.637041 loss=-0.131225 valid=1.0000 routes=10.305 grad=1.8591 seconds=26.0
Epoch 3903/5000: score=11.546640 loss=-0.133372 valid=1.0000 routes=10.186 grad=1.8455 seconds=26.3
Epoch 3904/5000: score=11.365512 loss=-0.129389 valid=1.0000 routes=10.093 grad=1.7676 seconds=27.6
Epoch 3905/5000: score=11.261459 loss=-0.141105 valid=1.0000 routes=9.562 grad=1.7602 seconds=27.5
Epoch 3906/5000: score=11.766445 loss=-0.138368 valid=1.0000 routes=10.027 grad=1.8410 seconds=26.2
Epoch 3907/5000: score=11.690166 loss=-0.141763 valid=1.0000 routes=9.752 grad=1.8491 seconds=26.4
Epoch 3908/5000: score=11.294122 loss=-0.141865 valid=1.0000 routes=9.903 grad=1.7380 seconds=26.1
Epoch 3909/5000: score=11.024867 loss=-0.135258 valid=1.0000 routes=9.740 grad=1.7223 seconds=27.0
Epoch 3910/5000: score=11.592931 loss=-0.142373 valid=1.0000 routes=9.794 grad=1.7992 seconds=26.6
Epoch 3911/5000: score=11.138684 loss=-0.137522 valid=1.0000 routes=10.050 grad=1.8124 seconds=24.5
Epoch 3912/5000: score=10.995486 loss=-0.138126 valid=1.0000 routes=9.242 grad=1.6242 seconds=23.6
Epoch 3913/5000: score=11.228869 loss=-0.144189 valid=1.0000 routes=9.704 grad=1.7984 seconds=23.5
Epoch 3914/5000: score=11.139503 loss=-0.142732 valid=1.0000 routes=9.695 grad=1.7283 seconds=26.9
Epoch 3915/5000: score=11.414928 loss=-0.131252 valid=1.0000 routes=10.286 grad=1.7388 seconds=27.0
Epoch 3916/5000: score=11.118784 loss=-0.137402 valid=1.0000 routes=10.067 grad=1.7578 seconds=26.0
Epoch 3917/5000: score=11.365300 loss=-0.142110 valid=1.0000 routes=9.645 grad=1.7983 seconds=26.0
Epoch 3918/5000: score=12.072937 loss=-0.150734 valid=1.0000 routes=9.974 grad=1.9771 seconds=25.9
Epoch 3919/5000: score=10.900994 loss=-0.137917 valid=1.0000 routes=9.349 grad=1.6565 seconds=27.2
Epoch 3920/5000: score=12.040087 loss=-0.139578 valid=1.0000 routes=10.518 grad=1.9824 seconds=27.2
Epoch 3921/5000: score=11.685282 loss=-0.141650 valid=1.0000 routes=10.076 grad=1.8912 seconds=26.1
Epoch 3922/5000: score=11.635946 loss=-0.139825 valid=1.0000 routes=10.150 grad=1.8201 seconds=26.0
Epoch 3923/5000: score=11.287031 loss=-0.135958 valid=1.0000 routes=9.777 grad=1.7077 seconds=24.7
Epoch 3924/5000: score=11.840508 loss=-0.142211 valid=1.0000 routes=9.625 grad=1.8212 seconds=26.5
Epoch 3925/5000: score=11.143500 loss=-0.138052 valid=1.0000 routes=9.931 grad=1.7261 seconds=26.6
Epoch 3926/5000: score=11.332998 loss=-0.136467 valid=1.0000 routes=9.264 grad=1.6737 seconds=23.8
Epoch 3927/5000: score=11.600343 loss=-0.145390 valid=1.0000 routes=9.529 grad=1.8525 seconds=24.8
Epoch 3928/5000: score=11.299745 loss=-0.142451 valid=1.0000 routes=9.515 grad=1.7406 seconds=25.2
Epoch 3929/5000: score=11.755494 loss=-0.139393 valid=1.0000 routes=10.225 grad=1.8048 seconds=26.0
Epoch 3930/5000: score=11.427772 loss=-0.132439 valid=1.0000 routes=9.573 grad=1.7193 seconds=27.0
Epoch 3931/5000: score=11.112202 loss=-0.126346 valid=1.0000 routes=9.834 grad=1.6269 seconds=26.2
Epoch 3932/5000: score=11.049135 loss=-0.128800 valid=1.0000 routes=9.759 grad=1.6474 seconds=26.0
Epoch 3933/5000: score=11.113983 loss=-0.122108 valid=1.0000 routes=10.151 grad=1.7044 seconds=26.0
Epoch 3934/5000: score=11.016255 loss=-0.142478 valid=1.0000 routes=9.622 grad=1.7868 seconds=27.0
Epoch 3935/5000: score=11.090524 loss=-0.128915 valid=1.0000 routes=9.784 grad=1.6538 seconds=27.2
Epoch 3936/5000: score=10.780593 loss=-0.141289 valid=1.0000 routes=9.341 grad=1.6300 seconds=26.8
Epoch 3937/5000: score=11.051941 loss=-0.134831 valid=1.0000 routes=9.276 grad=1.6153 seconds=26.0
Epoch 3938/5000: score=10.813330 loss=-0.132520 valid=1.0000 routes=9.928 grad=1.6867 seconds=25.7
Epoch 3939/5000: score=11.085468 loss=-0.145369 valid=1.0000 routes=9.860 grad=1.7939 seconds=26.8
Epoch 3940/5000: score=11.317577 loss=-0.140553 valid=1.0000 routes=9.599 grad=1.7459 seconds=27.3
Epoch 3941/5000: score=11.361032 loss=-0.127400 valid=1.0000 routes=9.814 grad=1.6699 seconds=26.5
Epoch 3942/5000: score=11.459467 loss=-0.141150 valid=1.0000 routes=9.951 grad=1.8515 seconds=26.2
Epoch 3943/5000: score=11.683542 loss=-0.133686 valid=1.0000 routes=10.084 grad=1.7737 seconds=26.1
Epoch 3944/5000: score=11.726808 loss=-0.137418 valid=1.0000 routes=10.678 grad=1.8945 seconds=26.7
Epoch 3945/5000: score=11.427562 loss=-0.143986 valid=1.0000 routes=9.972 grad=1.8570 seconds=27.6
Epoch 3946/5000: score=11.328234 loss=-0.142377 valid=1.0000 routes=10.221 grad=1.8720 seconds=26.5
Epoch 3947/5000: score=11.121363 loss=-0.145902 valid=1.0000 routes=9.242 grad=1.7431 seconds=23.8
Epoch 3948/5000: score=11.599147 loss=-0.143441 valid=1.0000 routes=9.711 grad=1.8462 seconds=24.8
Epoch 3949/5000: score=11.651358 loss=-0.140992 valid=1.0000 routes=10.182 grad=1.8550 seconds=26.4
Epoch 3950/5000: score=11.379570 loss=-0.141630 valid=1.0000 routes=9.520 grad=1.7074 seconds=27.4
Epoch 3951/5000: score=11.502960 loss=-0.133361 valid=1.0000 routes=10.303 grad=1.7919 seconds=27.0
Epoch 3952/5000: score=11.168280 loss=-0.134978 valid=1.0000 routes=10.056 grad=1.7427 seconds=26.4
Epoch 3953/5000: score=11.467653 loss=-0.140732 valid=1.0000 routes=9.866 grad=1.7887 seconds=26.3
Epoch 3954/5000: score=11.007440 loss=-0.136584 valid=1.0000 routes=9.377 grad=1.6155 seconds=26.7
Epoch 3955/5000: score=11.268183 loss=-0.137630 valid=1.0000 routes=9.736 grad=1.7130 seconds=27.2
Epoch 3956/5000: score=11.336061 loss=-0.140696 valid=1.0000 routes=9.681 grad=1.6911 seconds=27.3
Epoch 3957/5000: score=10.934733 loss=-0.129220 valid=1.0000 routes=9.594 grad=1.6425 seconds=26.3
Epoch 3958/5000: score=11.470674 loss=-0.144866 valid=1.0000 routes=10.320 grad=1.8428 seconds=26.5
Epoch 3959/5000: score=11.015430 loss=-0.140806 valid=1.0000 routes=9.823 grad=1.7660 seconds=25.5
Epoch 3960/5000: score=11.667314 loss=-0.143094 valid=1.0000 routes=9.527 grad=1.8100 seconds=26.2
Epoch 3961/5000: score=11.016128 loss=-0.128071 valid=1.0000 routes=9.683 grad=1.6441 seconds=27.4
Epoch 3962/5000: score=11.605109 loss=-0.138089 valid=1.0000 routes=10.022 grad=1.8143 seconds=26.6
Epoch 3963/5000: score=10.844686 loss=-0.128210 valid=1.0000 routes=9.285 grad=1.5531 seconds=26.2
Epoch 3964/5000: score=11.956990 loss=-0.142498 valid=1.0000 routes=10.145 grad=1.9112 seconds=26.3
Epoch 3965/5000: score=11.366691 loss=-0.140078 valid=1.0000 routes=9.379 grad=1.6922 seconds=26.8
Epoch 3966/5000: score=11.482052 loss=-0.145958 valid=1.0000 routes=9.777 grad=1.8376 seconds=27.5
Epoch 3967/5000: score=11.241541 loss=-0.134371 valid=1.0000 routes=9.820 grad=1.6676 seconds=26.5
Epoch 3968/5000: score=11.426259 loss=-0.138207 valid=1.0000 routes=10.225 grad=1.8312 seconds=26.6
Epoch 3969/5000: score=11.449441 loss=-0.132781 valid=1.0000 routes=9.620 grad=1.7457 seconds=26.3
Epoch 3970/5000: score=11.340398 loss=-0.143936 valid=1.0000 routes=9.531 grad=1.7731 seconds=26.7
Epoch 3971/5000: score=12.103004 loss=-0.133095 valid=1.0000 routes=10.550 grad=1.9132 seconds=26.9
Epoch 3972/5000: score=11.304944 loss=-0.141578 valid=1.0000 routes=9.618 grad=1.7504 seconds=26.7
Epoch 3973/5000: score=11.354627 loss=-0.147989 valid=1.0000 routes=9.141 grad=1.7082 seconds=25.3
Epoch 3974/5000: score=11.409970 loss=-0.134356 valid=1.0000 routes=9.957 grad=1.7756 seconds=23.4
Epoch 3975/5000: score=11.763218 loss=-0.137343 valid=1.0000 routes=10.104 grad=1.8288 seconds=24.4
Epoch 3976/5000: score=11.323166 loss=-0.127292 valid=1.0000 routes=9.987 grad=1.6790 seconds=27.0
Epoch 3977/5000: score=11.379376 loss=-0.137898 valid=1.0000 routes=9.626 grad=1.7666 seconds=26.8
Epoch 3978/5000: score=11.193413 loss=-0.139861 valid=1.0000 routes=9.619 grad=1.7175 seconds=25.8
Epoch 3979/5000: score=11.591648 loss=-0.144359 valid=1.0000 routes=10.047 grad=1.8857 seconds=25.8
Epoch 3980/5000: score=11.755383 loss=-0.139505 valid=1.0000 routes=10.270 grad=1.8573 seconds=24.8
Epoch 3981/5000: score=11.354889 loss=-0.136260 valid=1.0000 routes=9.891 grad=1.7517 seconds=26.2
Epoch 3982/5000: score=11.143675 loss=-0.132275 valid=1.0000 routes=9.877 grad=1.7200 seconds=27.6
Epoch 3983/5000: score=11.294457 loss=-0.138660 valid=1.0000 routes=9.807 grad=1.7883 seconds=27.2
Epoch 3984/5000: score=11.531908 loss=-0.135821 valid=1.0000 routes=10.439 grad=1.8517 seconds=26.9
Epoch 3985/5000: score=11.529267 loss=-0.144379 valid=1.0000 routes=9.842 grad=1.8273 seconds=26.7
Epoch 3986/5000: score=11.639727 loss=-0.143691 valid=1.0000 routes=10.257 grad=1.9228 seconds=27.5
Epoch 3987/5000: score=11.501724 loss=-0.139219 valid=1.0000 routes=9.769 grad=1.7365 seconds=28.7
Epoch 3988/5000: score=11.091703 loss=-0.138453 valid=1.0000 routes=9.402 grad=1.7174 seconds=27.0
Epoch 3989/5000: score=11.981798 loss=-0.137971 valid=1.0000 routes=10.677 grad=1.9554 seconds=26.2
Epoch 3990/5000: score=11.452661 loss=-0.132794 valid=1.0000 routes=10.210 grad=1.7969 seconds=25.8
Epoch 3991/5000: score=11.302606 loss=-0.139795 valid=1.0000 routes=9.535 grad=1.7442 seconds=26.9
Epoch 3992/5000: score=11.679357 loss=-0.135100 valid=1.0000 routes=9.816 grad=1.8238 seconds=28.1
Epoch 3993/5000: score=11.114849 loss=-0.139923 valid=1.0000 routes=9.336 grad=1.7162 seconds=27.3
Epoch 3994/5000: score=11.496797 loss=-0.135639 valid=1.0000 routes=9.803 grad=1.7681 seconds=25.9
Epoch 3995/5000: score=11.142302 loss=-0.139462 valid=1.0000 routes=9.161 grad=1.6498 seconds=23.9
Epoch 3996/5000: score=11.647436 loss=-0.137468 valid=1.0000 routes=10.037 grad=1.8054 seconds=24.7
Epoch 3997/5000: score=11.530386 loss=-0.129535 valid=1.0000 routes=9.990 grad=1.7580 seconds=26.9
Epoch 3998/5000: score=11.040611 loss=-0.138479 valid=1.0000 routes=9.755 grad=1.7481 seconds=27.9
Epoch 3999/5000: score=11.652510 loss=-0.141064 valid=1.0000 routes=9.788 grad=1.8360 seconds=27.1
Epoch 4000/5000: score=11.414625 loss=-0.133932 valid=1.0000 routes=9.915 grad=1.7709 seconds=26.8
Epoch 4001/5000: score=11.429443 loss=-0.134502 valid=1.0000 routes=10.053 grad=1.7926 seconds=26.4
Epoch 4002/5000: score=11.324807 loss=-0.147518 valid=1.0000 routes=9.733 grad=1.7861 seconds=26.8
Epoch 4003/5000: score=11.474676 loss=-0.146008 valid=1.0000 routes=9.474 grad=1.7523 seconds=27.8
Epoch 4004/5000: score=11.078941 loss=-0.131946 valid=1.0000 routes=10.079 grad=1.6495 seconds=27.1
Epoch 4005/5000: score=11.536082 loss=-0.135330 valid=1.0000 routes=9.769 grad=1.8146 seconds=26.5
Epoch 4006/5000: score=10.806834 loss=-0.141617 valid=1.0000 routes=9.434 grad=1.6645 seconds=26.3
Epoch 4007/5000: score=10.886598 loss=-0.139181 valid=1.0000 routes=9.400 grad=1.6692 seconds=26.5
Epoch 4008/5000: score=11.131017 loss=-0.130603 valid=1.0000 routes=9.705 grad=1.7068 seconds=27.4
Epoch 4009/5000: score=10.852021 loss=-0.135652 valid=1.0000 routes=9.592 grad=1.6669 seconds=27.1
Epoch 4010/5000: score=11.718449 loss=-0.133804 valid=1.0000 routes=10.286 grad=1.8260 seconds=26.1
Epoch 4011/5000: score=11.662842 loss=-0.146367 valid=1.0000 routes=9.831 grad=1.8324 seconds=26.0
Epoch 4012/5000: score=11.755300 loss=-0.138819 valid=1.0000 routes=9.856 grad=1.8667 seconds=26.4
Epoch 4013/5000: score=11.404208 loss=-0.135977 valid=1.0000 routes=10.039 grad=1.7888 seconds=26.5
Epoch 4014/5000: score=11.049675 loss=-0.133753 valid=1.0000 routes=9.460 grad=1.6509 seconds=27.6
Epoch 4015/5000: score=11.209040 loss=-0.136371 valid=1.0000 routes=9.572 grad=1.6713 seconds=27.1
Epoch 4016/5000: score=10.946741 loss=-0.135867 valid=1.0000 routes=9.429 grad=1.6450 seconds=26.9
Epoch 4017/5000: score=10.925624 loss=-0.130243 valid=1.0000 routes=10.086 grad=1.7025 seconds=26.3
Epoch 4018/5000: score=11.486725 loss=-0.136862 valid=1.0000 routes=10.189 grad=1.8079 seconds=26.2
Epoch 4019/5000: score=11.497051 loss=-0.133310 valid=1.0000 routes=10.139 grad=1.7794 seconds=27.3
Epoch 4020/5000: score=11.441272 loss=-0.138168 valid=1.0000 routes=10.080 grad=1.8172 seconds=27.3
Epoch 4021/5000: score=11.170555 loss=-0.144368 valid=1.0000 routes=9.412 grad=1.7391 seconds=26.5
Epoch 4022/5000: score=11.280295 loss=-0.138393 valid=1.0000 routes=9.084 grad=1.6451 seconds=26.5
Epoch 4023/5000: score=11.214287 loss=-0.139877 valid=1.0000 routes=9.518 grad=1.7355 seconds=26.1
Epoch 4024/5000: score=10.948094 loss=-0.143727 valid=1.0000 routes=9.360 grad=1.7050 seconds=27.3
Epoch 4025/5000: score=11.507377 loss=-0.135311 valid=1.0000 routes=10.316 grad=1.7769 seconds=27.4
Epoch 4026/5000: score=11.644852 loss=-0.152344 valid=1.0000 routes=9.651 grad=1.8206 seconds=26.9
Epoch 4027/5000: score=11.706743 loss=-0.143082 valid=1.0000 routes=10.438 grad=1.9020 seconds=26.5
Epoch 4028/5000: score=11.915330 loss=-0.145103 valid=1.0000 routes=10.197 grad=1.9295 seconds=26.4
Epoch 4029/5000: score=10.990902 loss=-0.134534 valid=1.0000 routes=9.663 grad=1.6962 seconds=27.0
Epoch 4030/5000: score=11.031165 loss=-0.127847 valid=1.0000 routes=9.780 grad=1.6410 seconds=27.7
Epoch 4031/5000: score=11.184628 loss=-0.135434 valid=1.0000 routes=9.777 grad=1.7464 seconds=26.9
Epoch 4032/5000: score=11.239987 loss=-0.139251 valid=1.0000 routes=9.838 grad=1.7779 seconds=29.3
Epoch 4033/5000: score=10.708557 loss=-0.152505 valid=1.0000 routes=8.739 grad=1.6325 seconds=26.9
Epoch 4034/5000: score=11.636173 loss=-0.136499 valid=1.0000 routes=9.941 grad=1.7928 seconds=26.4
Epoch 4035/5000: score=11.631386 loss=-0.130683 valid=1.0000 routes=10.085 grad=1.7535 seconds=28.0
Epoch 4036/5000: score=11.082958 loss=-0.128308 valid=1.0000 routes=9.947 grad=1.6903 seconds=27.0
Epoch 4037/5000: score=11.296400 loss=-0.134088 valid=1.0000 routes=9.573 grad=1.7383 seconds=29.3
Epoch 4038/5000: score=11.583400 loss=-0.139382 valid=1.0000 routes=10.006 grad=1.8417 seconds=28.2
Epoch 4039/5000: score=11.361065 loss=-0.132212 valid=1.0000 routes=9.762 grad=1.7793 seconds=26.5
Epoch 4040/5000: score=11.169370 loss=-0.138605 valid=1.0000 routes=9.666 grad=1.7310 seconds=27.2
Epoch 4041/5000: score=11.263265 loss=-0.141496 valid=1.0000 routes=9.534 grad=1.7647 seconds=27.6
Epoch 4042/5000: score=11.135255 loss=-0.129378 valid=1.0000 routes=10.055 grad=1.7163 seconds=26.5
Epoch 4043/5000: score=11.273979 loss=-0.151210 valid=1.0000 routes=9.297 grad=1.7689 seconds=28.7
Epoch 4044/5000: score=11.668738 loss=-0.146676 valid=1.0000 routes=9.624 grad=1.8301 seconds=25.7
Epoch 4045/5000: score=11.168420 loss=-0.137178 valid=1.0000 routes=9.817 grad=1.6946 seconds=27.3
Epoch 4046/5000: score=11.190011 loss=-0.134652 valid=1.0000 routes=9.986 grad=1.7531 seconds=28.8
Epoch 4047/5000: score=12.030491 loss=-0.141710 valid=1.0000 routes=10.561 grad=2.0182 seconds=26.5
Epoch 4048/5000: score=11.353517 loss=-0.131245 valid=1.0000 routes=10.394 grad=1.8134 seconds=26.7
Epoch 4049/5000: score=11.241438 loss=-0.141638 valid=1.0000 routes=9.625 grad=1.7304 seconds=30.1
Epoch 4050/5000: score=11.312741 loss=-0.141145 valid=1.0000 routes=9.753 grad=1.7693 seconds=27.7
Epoch 4051/5000: score=11.424540 loss=-0.142516 valid=1.0000 routes=9.547 grad=1.8444 seconds=29.0
Epoch 4052/5000: score=10.784151 loss=-0.133425 valid=1.0000 routes=9.544 grad=1.6281 seconds=26.7
Epoch 4053/5000: score=11.188142 loss=-0.133299 valid=1.0000 routes=10.180 grad=1.7393 seconds=26.5
Epoch 4054/5000: score=11.348793 loss=-0.140386 valid=1.0000 routes=9.681 grad=1.7451 seconds=25.5
Epoch 4055/5000: score=11.341486 loss=-0.142261 valid=1.0000 routes=9.547 grad=1.7951 seconds=26.5
Epoch 4056/5000: score=10.846493 loss=-0.138662 valid=1.0000 routes=9.463 grad=1.6840 seconds=27.3
Epoch 4057/5000: score=11.709712 loss=-0.139251 valid=1.0000 routes=9.716 grad=1.8814 seconds=26.7
Epoch 4058/5000: score=11.390056 loss=-0.128287 valid=1.0000 routes=9.681 grad=1.7062 seconds=26.1
Epoch 4059/5000: score=11.808093 loss=-0.142350 valid=1.0000 routes=9.732 grad=1.9113 seconds=27.2
>> Invalid instances, Re-generating ...
Epoch 4060/5000: score=11.516176 loss=-0.139811 valid=1.0000 routes=9.871 grad=1.7758 seconds=27.1
Epoch 4061/5000: score=11.544074 loss=-0.138366 valid=1.0000 routes=9.831 grad=1.8202 seconds=27.5
Epoch 4062/5000: score=11.659742 loss=-0.131945 valid=1.0000 routes=10.164 grad=1.7984 seconds=26.4
Epoch 4063/5000: score=11.420591 loss=-0.128733 valid=1.0000 routes=10.646 grad=1.7945 seconds=26.5
Epoch 4064/5000: score=11.685582 loss=-0.142696 valid=1.0000 routes=10.270 grad=1.8929 seconds=26.5
Epoch 4065/5000: score=11.714383 loss=-0.141074 valid=1.0000 routes=9.521 grad=1.8074 seconds=26.9
Epoch 4066/5000: score=11.403492 loss=-0.134540 valid=1.0000 routes=10.354 grad=1.8108 seconds=27.3
Epoch 4067/5000: score=10.561623 loss=-0.142377 valid=1.0000 routes=8.849 grad=1.5916 seconds=27.0
Epoch 4068/5000: score=11.352770 loss=-0.139154 valid=1.0000 routes=9.737 grad=1.7583 seconds=26.6
Epoch 4069/5000: score=10.810299 loss=-0.132485 valid=1.0000 routes=9.246 grad=1.5783 seconds=27.4
Epoch 4070/5000: score=11.337118 loss=-0.137210 valid=1.0000 routes=9.881 grad=1.7569 seconds=26.7
Epoch 4071/5000: score=11.595553 loss=-0.135627 valid=1.0000 routes=9.677 grad=1.7726 seconds=27.9
Epoch 4072/5000: score=11.723682 loss=-0.138520 valid=1.0000 routes=10.008 grad=1.8276 seconds=27.1
Epoch 4073/5000: score=11.642447 loss=-0.143537 valid=1.0000 routes=10.513 grad=1.9371 seconds=26.3
Epoch 4074/5000: score=11.127801 loss=-0.131535 valid=1.0000 routes=10.068 grad=1.6755 seconds=26.3
Epoch 4075/5000: score=11.203649 loss=-0.134863 valid=1.0000 routes=9.717 grad=1.6895 seconds=26.5
Epoch 4076/5000: score=11.682049 loss=-0.127927 valid=1.0000 routes=10.229 grad=1.7848 seconds=27.1
Epoch 4077/5000: score=11.228032 loss=-0.138824 valid=1.0000 routes=9.735 grad=1.7607 seconds=26.9
Epoch 4078/5000: score=11.772135 loss=-0.138673 valid=1.0000 routes=10.004 grad=1.8330 seconds=26.4
Epoch 4079/5000: score=11.738966 loss=-0.147758 valid=1.0000 routes=10.218 grad=1.9407 seconds=26.6
Epoch 4080/5000: score=10.699719 loss=-0.143855 valid=1.0000 routes=8.506 grad=1.5800 seconds=26.9
Epoch 4081/5000: score=11.240922 loss=-0.137237 valid=1.0000 routes=9.746 grad=1.7637 seconds=27.5
Epoch 4082/5000: score=11.689855 loss=-0.143157 valid=1.0000 routes=9.858 grad=1.8578 seconds=26.9
Epoch 4083/5000: score=11.652676 loss=-0.139493 valid=1.0000 routes=9.907 grad=1.8966 seconds=26.8
Epoch 4084/5000: score=11.633682 loss=-0.137818 valid=1.0000 routes=9.998 grad=1.9018 seconds=26.3
Epoch 4085/5000: score=11.911019 loss=-0.138412 valid=1.0000 routes=10.313 grad=1.9144 seconds=26.6
Epoch 4086/5000: score=10.762357 loss=-0.127928 valid=1.0000 routes=9.113 grad=1.5220 seconds=27.3
Epoch 4087/5000: score=10.755049 loss=-0.132971 valid=1.0000 routes=9.186 grad=1.5640 seconds=27.2
Epoch 4088/5000: score=11.900096 loss=-0.136573 valid=1.0000 routes=10.116 grad=1.8886 seconds=26.5
Epoch 4089/5000: score=11.550497 loss=-0.133881 valid=1.0000 routes=10.035 grad=1.8238 seconds=26.3
Epoch 4090/5000: score=11.460786 loss=-0.134996 valid=1.0000 routes=9.778 grad=1.7791 seconds=26.7
Epoch 4091/5000: score=11.693822 loss=-0.138940 valid=1.0000 routes=10.217 grad=1.8535 seconds=28.1
Epoch 4092/5000: score=11.284061 loss=-0.138793 valid=1.0000 routes=9.772 grad=1.7279 seconds=27.1
Epoch 4093/5000: score=11.489454 loss=-0.133485 valid=1.0000 routes=9.918 grad=1.8048 seconds=27.8
Epoch 4094/5000: score=11.620657 loss=-0.142092 valid=1.0000 routes=9.648 grad=1.7921 seconds=26.3
Epoch 4095/5000: score=11.343105 loss=-0.137782 valid=1.0000 routes=9.434 grad=1.7275 seconds=26.8
Epoch 4096/5000: score=11.227231 loss=-0.138309 valid=1.0000 routes=9.781 grad=1.7594 seconds=27.6
Epoch 4097/5000: score=11.548290 loss=-0.130991 valid=1.0000 routes=10.276 grad=1.8208 seconds=27.2
Epoch 4098/5000: score=11.385742 loss=-0.131811 valid=1.0000 routes=10.275 grad=1.8406 seconds=26.9
Epoch 4099/5000: score=11.542355 loss=-0.144003 valid=1.0000 routes=9.984 grad=1.8974 seconds=26.4
Epoch 4100/5000: score=11.326014 loss=-0.141226 valid=1.0000 routes=9.885 grad=1.8191 seconds=26.5
Epoch 4101/5000: score=11.450031 loss=-0.141378 valid=1.0000 routes=9.992 grad=1.8192 seconds=28.0
Epoch 4102/5000: score=11.123526 loss=-0.134535 valid=1.0000 routes=9.541 grad=1.7007 seconds=27.4
>> Invalid instances, Re-generating ...
Epoch 4103/5000: score=11.459608 loss=-0.137610 valid=1.0000 routes=9.960 grad=1.7951 seconds=26.5
Epoch 4104/5000: score=11.282985 loss=-0.134819 valid=1.0000 routes=9.348 grad=1.6823 seconds=26.3
Epoch 4105/5000: score=11.446305 loss=-0.130951 valid=1.0000 routes=9.532 grad=1.6860 seconds=25.1
Epoch 4106/5000: score=11.019957 loss=-0.135900 valid=1.0000 routes=9.484 grad=1.6502 seconds=26.9
Epoch 4107/5000: score=11.473531 loss=-0.133864 valid=1.0000 routes=9.512 grad=1.7568 seconds=27.4
Epoch 4108/5000: score=11.570314 loss=-0.139240 valid=1.0000 routes=9.981 grad=1.8358 seconds=26.2
Epoch 4109/5000: score=11.401177 loss=-0.136911 valid=1.0000 routes=9.940 grad=1.8227 seconds=26.3
Epoch 4110/5000: score=11.579033 loss=-0.137629 valid=1.0000 routes=9.518 grad=1.7791 seconds=26.0
Epoch 4111/5000: score=11.386255 loss=-0.130795 valid=1.0000 routes=10.112 grad=1.7580 seconds=27.5
Epoch 4112/5000: score=11.541489 loss=-0.137170 valid=1.0000 routes=10.319 grad=1.8303 seconds=27.9
Epoch 4113/5000: score=11.295125 loss=-0.137645 valid=1.0000 routes=9.599 grad=1.7648 seconds=26.3
Epoch 4114/5000: score=11.678625 loss=-0.135927 valid=1.0000 routes=9.952 grad=1.8675 seconds=26.3
Epoch 4115/5000: score=11.174362 loss=-0.136577 valid=1.0000 routes=9.450 grad=1.7003 seconds=26.4
Epoch 4116/5000: score=10.855616 loss=-0.127003 valid=1.0000 routes=9.321 grad=1.5724 seconds=27.2
Epoch 4117/5000: score=11.215288 loss=-0.135732 valid=1.0000 routes=9.707 grad=1.7470 seconds=27.6
Epoch 4118/5000: score=11.314235 loss=-0.127366 valid=1.0000 routes=10.024 grad=1.7624 seconds=26.0
Epoch 4119/5000: score=11.617016 loss=-0.145602 valid=1.0000 routes=9.901 grad=1.9082 seconds=26.4
Epoch 4120/5000: score=11.405126 loss=-0.138108 valid=1.0000 routes=9.967 grad=1.8128 seconds=26.1
Epoch 4121/5000: score=11.360180 loss=-0.134076 valid=1.0000 routes=9.914 grad=1.7656 seconds=27.0
Epoch 4122/5000: score=11.118300 loss=-0.138128 valid=1.0000 routes=9.438 grad=1.7192 seconds=27.9
>> Invalid instances, Re-generating ...
Epoch 4123/5000: score=11.229387 loss=-0.145239 valid=1.0000 routes=9.600 grad=1.7503 seconds=29.1
Epoch 4124/5000: score=11.272120 loss=-0.144309 valid=1.0000 routes=9.234 grad=1.8192 seconds=27.8
Epoch 4125/5000: score=11.278717 loss=-0.139334 valid=1.0000 routes=10.228 grad=1.8180 seconds=26.4
Epoch 4126/5000: score=11.502341 loss=-0.151457 valid=1.0000 routes=9.168 grad=1.8224 seconds=27.5
Epoch 4127/5000: score=10.872174 loss=-0.132894 valid=1.0000 routes=9.742 grad=1.6582 seconds=27.6
Epoch 4128/5000: score=11.232198 loss=-0.136803 valid=1.0000 routes=9.396 grad=1.7453 seconds=26.1
Epoch 4129/5000: score=11.502998 loss=-0.139489 valid=1.0000 routes=9.911 grad=1.8310 seconds=26.1
Epoch 4130/5000: score=11.380898 loss=-0.132667 valid=1.0000 routes=9.980 grad=1.7288 seconds=25.8
Epoch 4131/5000: score=11.688286 loss=-0.137761 valid=1.0000 routes=10.549 grad=1.9236 seconds=27.1
Epoch 4132/5000: score=11.620069 loss=-0.128952 valid=1.0000 routes=10.308 grad=1.8522 seconds=27.0
Epoch 4133/5000: score=11.411854 loss=-0.129996 valid=1.0000 routes=10.333 grad=1.8492 seconds=25.9
Epoch 4134/5000: score=11.309564 loss=-0.145851 valid=1.0000 routes=9.418 grad=1.7749 seconds=26.2
Epoch 4135/5000: score=11.512401 loss=-0.137468 valid=1.0000 routes=9.485 grad=1.6983 seconds=27.6
Epoch 4136/5000: score=11.357561 loss=-0.141709 valid=1.0000 routes=9.476 grad=1.7514 seconds=27.7
Epoch 4137/5000: score=11.647480 loss=-0.125768 valid=1.0000 routes=9.458 grad=1.7137 seconds=27.1
Epoch 4138/5000: score=11.323906 loss=-0.131462 valid=1.0000 routes=9.901 grad=1.7460 seconds=26.2
Epoch 4139/5000: score=10.931665 loss=-0.124879 valid=1.0000 routes=9.984 grad=1.6362 seconds=25.9
Epoch 4140/5000: score=11.399468 loss=-0.136760 valid=1.0000 routes=9.695 grad=1.7934 seconds=27.3
Epoch 4141/5000: score=11.420695 loss=-0.132912 valid=1.0000 routes=10.195 grad=1.8184 seconds=30.0
Epoch 4142/5000: score=11.144046 loss=-0.135592 valid=1.0000 routes=9.100 grad=1.6720 seconds=33.9
Epoch 4143/5000: score=11.364545 loss=-0.130548 valid=1.0000 routes=9.896 grad=1.7336 seconds=26.4
Epoch 4144/5000: score=10.796889 loss=-0.129286 valid=1.0000 routes=9.739 grad=1.6255 seconds=26.0
Epoch 4145/5000: score=11.364961 loss=-0.136026 valid=1.0000 routes=10.029 grad=1.7829 seconds=26.1
Epoch 4146/5000: score=11.255519 loss=-0.128910 valid=1.0000 routes=9.949 grad=1.7522 seconds=27.0
Epoch 4147/5000: score=11.769448 loss=-0.127448 valid=1.0000 routes=10.517 grad=1.8794 seconds=27.2
Epoch 4148/5000: score=11.360356 loss=-0.126761 valid=1.0000 routes=10.026 grad=1.7098 seconds=26.5
Epoch 4149/5000: score=10.651037 loss=-0.123328 valid=1.0000 routes=9.545 grad=1.5698 seconds=28.4
Epoch 4150/5000: score=11.258315 loss=-0.128627 valid=1.0000 routes=9.827 grad=1.7407 seconds=26.9
Epoch 4151/5000: score=11.138330 loss=-0.132711 valid=1.0000 routes=10.131 grad=1.7827 seconds=27.8
Epoch 4152/5000: score=11.317713 loss=-0.136783 valid=1.0000 routes=9.783 grad=1.7948 seconds=27.0
Epoch 4153/5000: score=11.527721 loss=-0.127663 valid=1.0000 routes=10.044 grad=1.7651 seconds=27.4
Epoch 4154/5000: score=11.481162 loss=-0.130798 valid=1.0000 routes=9.717 grad=1.6538 seconds=26.0
Epoch 4155/5000: score=11.054175 loss=-0.127430 valid=1.0000 routes=9.369 grad=1.6344 seconds=26.7
Epoch 4156/5000: score=11.369460 loss=-0.138537 valid=1.0000 routes=9.465 grad=1.7588 seconds=27.3
Epoch 4157/5000: score=11.372827 loss=-0.138417 valid=1.0000 routes=10.063 grad=1.8477 seconds=26.4
Epoch 4158/5000: score=11.509658 loss=-0.130722 valid=1.0000 routes=10.065 grad=1.7631 seconds=25.6
Epoch 4159/5000: score=11.618835 loss=-0.135647 valid=1.0000 routes=10.105 grad=1.8041 seconds=26.4
Epoch 4160/5000: score=11.409531 loss=-0.136537 valid=1.0000 routes=10.084 grad=1.7778 seconds=26.9
Epoch 4161/5000: score=11.581290 loss=-0.134483 valid=1.0000 routes=10.153 grad=1.8201 seconds=27.3
Epoch 4162/5000: score=11.178134 loss=-0.127373 valid=1.0000 routes=9.595 grad=1.6567 seconds=26.2
Epoch 4163/5000: score=12.044190 loss=-0.132550 valid=1.0000 routes=10.116 grad=1.9152 seconds=26.3
Epoch 4164/5000: score=11.956023 loss=-0.126625 valid=1.0000 routes=10.464 grad=1.8764 seconds=26.0
Epoch 4165/5000: score=11.570732 loss=-0.138935 valid=1.0000 routes=9.675 grad=1.8037 seconds=27.2
Epoch 4166/5000: score=11.411939 loss=-0.134760 valid=1.0000 routes=9.660 grad=1.7733 seconds=27.8
Epoch 4167/5000: score=11.296111 loss=-0.128421 valid=1.0000 routes=9.737 grad=1.6536 seconds=26.3
Epoch 4168/5000: score=11.418246 loss=-0.128842 valid=1.0000 routes=9.679 grad=1.6987 seconds=26.1
>> Invalid instances, Re-generating ...
Epoch 4169/5000: score=11.628712 loss=-0.128166 valid=1.0000 routes=10.406 grad=1.8255 seconds=26.0
Epoch 4170/5000: score=11.319000 loss=-0.132003 valid=1.0000 routes=9.751 grad=1.7185 seconds=27.2
Epoch 4171/5000: score=11.508174 loss=-0.124319 valid=1.0000 routes=10.000 grad=1.7613 seconds=27.0
Epoch 4172/5000: score=11.675805 loss=-0.130633 valid=1.0000 routes=9.849 grad=1.8097 seconds=26.1
Epoch 4173/5000: score=10.977573 loss=-0.141433 valid=1.0000 routes=9.181 grad=1.6315 seconds=24.7
Epoch 4174/5000: score=10.874807 loss=-0.132451 valid=1.0000 routes=9.505 grad=1.6599 seconds=26.0
Epoch 4175/5000: score=12.109930 loss=-0.130684 valid=1.0000 routes=10.263 grad=1.9153 seconds=27.2
Epoch 4176/5000: score=10.433930 loss=-0.139176 valid=1.0000 routes=8.718 grad=1.5570 seconds=27.7
Epoch 4177/5000: score=11.187576 loss=-0.142780 valid=1.0000 routes=9.439 grad=1.7889 seconds=26.4
Epoch 4178/5000: score=10.942103 loss=-0.128617 valid=1.0000 routes=9.725 grad=1.7175 seconds=26.3
Epoch 4179/5000: score=11.517913 loss=-0.131051 valid=1.0000 routes=10.211 grad=1.8714 seconds=26.6
Epoch 4180/5000: score=11.941425 loss=-0.134388 valid=1.0000 routes=10.149 grad=1.8408 seconds=27.4
Epoch 4181/5000: score=11.743026 loss=-0.136060 valid=1.0000 routes=9.967 grad=1.8832 seconds=27.0
Epoch 4182/5000: score=11.417540 loss=-0.132373 valid=1.0000 routes=9.764 grad=1.7144 seconds=27.5
Epoch 4183/5000: score=11.392136 loss=-0.128742 valid=1.0000 routes=9.967 grad=1.7299 seconds=26.4
Epoch 4184/5000: score=11.366292 loss=-0.130675 valid=1.0000 routes=10.235 grad=1.8276 seconds=26.7
Epoch 4185/5000: score=11.412999 loss=-0.129789 valid=1.0000 routes=10.137 grad=1.7202 seconds=27.0
Epoch 4186/5000: score=12.132255 loss=-0.136113 valid=1.0000 routes=10.296 grad=1.9274 seconds=27.3
Epoch 4187/5000: score=10.924301 loss=-0.132790 valid=1.0000 routes=9.423 grad=1.6202 seconds=26.4
Epoch 4188/5000: score=11.431659 loss=-0.132288 valid=1.0000 routes=9.902 grad=1.7210 seconds=26.8
Epoch 4189/5000: score=10.648884 loss=-0.127424 valid=1.0000 routes=9.138 grad=1.4989 seconds=27.0
Epoch 4190/5000: score=11.318187 loss=-0.128133 valid=1.0000 routes=9.844 grad=1.7788 seconds=27.5
Epoch 4191/5000: score=11.430945 loss=-0.133889 valid=1.0000 routes=9.952 grad=1.8188 seconds=26.6
Epoch 4192/5000: score=11.194721 loss=-0.138328 valid=1.0000 routes=9.330 grad=1.7155 seconds=27.1
Epoch 4193/5000: score=11.387748 loss=-0.127779 valid=1.0000 routes=10.212 grad=1.7516 seconds=26.4
Epoch 4194/5000: score=11.346883 loss=-0.127556 valid=1.0000 routes=10.228 grad=1.7777 seconds=27.4
Epoch 4195/5000: score=11.260395 loss=-0.134271 valid=1.0000 routes=9.819 grad=1.7663 seconds=27.5
Epoch 4196/5000: score=11.572668 loss=-0.137841 valid=1.0000 routes=10.312 grad=1.8860 seconds=26.8
Epoch 4197/5000: score=11.095141 loss=-0.124730 valid=1.0000 routes=9.848 grad=1.6558 seconds=25.9
Epoch 4198/5000: score=11.401817 loss=-0.129008 valid=1.0000 routes=9.857 grad=1.7523 seconds=26.6
Epoch 4199/5000: score=11.238117 loss=-0.133656 valid=1.0000 routes=9.836 grad=1.7346 seconds=27.9
Epoch 4200/5000: score=11.064956 loss=-0.132527 valid=1.0000 routes=9.744 grad=1.6738 seconds=27.0
Epoch 4201/5000: score=11.479272 loss=-0.133817 valid=1.0000 routes=9.863 grad=1.7346 seconds=26.3
Epoch 4202/5000: score=11.122572 loss=-0.130598 valid=1.0000 routes=9.695 grad=1.6967 seconds=26.9
Epoch 4203/5000: score=11.505064 loss=-0.132692 valid=1.0000 routes=9.890 grad=1.7824 seconds=27.0
Epoch 4204/5000: score=11.384300 loss=-0.131019 valid=1.0000 routes=9.832 grad=1.7759 seconds=26.6
Epoch 4205/5000: score=11.375722 loss=-0.146757 valid=1.0000 routes=9.659 grad=1.7506 seconds=26.3
Epoch 4206/5000: score=11.117475 loss=-0.136048 valid=1.0000 routes=9.516 grad=1.6885 seconds=26.0
Epoch 4207/5000: score=11.753155 loss=-0.132023 valid=1.0000 routes=10.155 grad=1.8242 seconds=26.2
Epoch 4208/5000: score=11.192871 loss=-0.130880 valid=1.0000 routes=9.832 grad=1.7337 seconds=26.7
Epoch 4209/5000: score=11.595755 loss=-0.131332 valid=1.0000 routes=10.044 grad=1.8178 seconds=27.5
Epoch 4210/5000: score=11.783682 loss=-0.135621 valid=1.0000 routes=10.075 grad=1.8841 seconds=28.5
Epoch 4211/5000: score=11.191203 loss=-0.133158 valid=1.0000 routes=9.269 grad=1.6577 seconds=26.3
Epoch 4212/5000: score=11.265887 loss=-0.129229 valid=1.0000 routes=9.987 grad=1.7516 seconds=26.2
Epoch 4213/5000: score=11.297607 loss=-0.136609 valid=1.0000 routes=9.651 grad=1.7510 seconds=27.1
Epoch 4214/5000: score=12.035351 loss=-0.135429 valid=1.0000 routes=10.120 grad=1.9176 seconds=26.2
Epoch 4215/5000: score=11.350185 loss=-0.135519 valid=1.0000 routes=9.552 grad=1.7584 seconds=24.4
Epoch 4216/5000: score=11.347563 loss=-0.144763 valid=1.0000 routes=9.838 grad=1.8165 seconds=26.0
Epoch 4217/5000: score=11.861449 loss=-0.137753 valid=1.0000 routes=10.134 grad=1.9299 seconds=25.9
Epoch 4218/5000: score=11.281956 loss=-0.130712 valid=1.0000 routes=9.854 grad=1.7771 seconds=27.2
Epoch 4219/5000: score=11.989356 loss=-0.132250 valid=1.0000 routes=10.619 grad=1.8884 seconds=27.0
Epoch 4220/5000: score=11.285169 loss=-0.139657 valid=1.0000 routes=9.344 grad=1.7357 seconds=26.8
Epoch 4221/5000: score=11.436150 loss=-0.132782 valid=1.0000 routes=9.651 grad=1.7181 seconds=26.1
Epoch 4222/5000: score=11.580329 loss=-0.133038 valid=1.0000 routes=9.833 grad=1.7730 seconds=26.5
Epoch 4223/5000: score=11.252247 loss=-0.130019 valid=1.0000 routes=9.700 grad=1.6668 seconds=27.5
Epoch 4224/5000: score=11.647047 loss=-0.130133 valid=1.0000 routes=10.124 grad=1.8152 seconds=26.5
Epoch 4225/5000: score=10.921474 loss=-0.128486 valid=1.0000 routes=9.370 grad=1.6601 seconds=26.3
Epoch 4226/5000: score=11.797356 loss=-0.132629 valid=1.0000 routes=10.037 grad=1.8824 seconds=25.1
Epoch 4227/5000: score=11.241209 loss=-0.125676 valid=1.0000 routes=9.680 grad=1.6716 seconds=26.6
Epoch 4228/5000: score=11.032397 loss=-0.143145 valid=1.0000 routes=9.264 grad=1.7171 seconds=27.8
Epoch 4229/5000: score=11.379693 loss=-0.135888 valid=1.0000 routes=9.614 grad=1.7396 seconds=28.3
Epoch 4230/5000: score=11.242747 loss=-0.131823 valid=1.0000 routes=9.267 grad=1.6733 seconds=27.9
Epoch 4231/5000: score=11.337092 loss=-0.130759 valid=1.0000 routes=10.016 grad=1.7828 seconds=26.2
Epoch 4232/5000: score=11.527622 loss=-0.129181 valid=1.0000 routes=9.934 grad=1.7613 seconds=26.9
Epoch 4233/5000: score=11.728523 loss=-0.137056 valid=1.0000 routes=10.116 grad=1.8742 seconds=27.5
Epoch 4234/5000: score=11.469747 loss=-0.136022 valid=1.0000 routes=9.370 grad=1.7314 seconds=26.1
Epoch 4235/5000: score=11.261443 loss=-0.125177 valid=1.0000 routes=9.737 grad=1.6437 seconds=26.2
Epoch 4236/5000: score=11.310513 loss=-0.122875 valid=1.0000 routes=10.161 grad=1.7053 seconds=26.6
Epoch 4237/5000: score=11.248962 loss=-0.138824 valid=1.0000 routes=9.877 grad=1.7867 seconds=27.6
Epoch 4238/5000: score=11.246039 loss=-0.133521 valid=1.0000 routes=9.509 grad=1.7139 seconds=27.4
Epoch 4239/5000: score=11.474513 loss=-0.141528 valid=1.0000 routes=10.218 grad=1.8977 seconds=26.6
Epoch 4240/5000: score=11.272155 loss=-0.138077 valid=1.0000 routes=10.191 grad=1.7945 seconds=26.4
Epoch 4241/5000: score=11.327230 loss=-0.137878 valid=1.0000 routes=9.994 grad=1.7793 seconds=26.6
Epoch 4242/5000: score=11.828322 loss=-0.135930 valid=1.0000 routes=10.529 grad=1.9118 seconds=27.6
Epoch 4243/5000: score=11.212524 loss=-0.126205 valid=1.0000 routes=10.252 grad=1.7378 seconds=28.6
Epoch 4244/5000: score=11.862232 loss=-0.142371 valid=1.0000 routes=10.013 grad=1.8644 seconds=27.9
Epoch 4245/5000: score=11.525471 loss=-0.141390 valid=1.0000 routes=9.867 grad=1.8509 seconds=26.3
Epoch 4246/5000: score=10.974935 loss=-0.138725 valid=1.0000 routes=9.601 grad=1.6834 seconds=27.1
Epoch 4247/5000: score=11.637889 loss=-0.143083 valid=1.0000 routes=9.589 grad=1.7904 seconds=27.8
Epoch 4248/5000: score=11.024133 loss=-0.136338 valid=1.0000 routes=9.502 grad=1.6348 seconds=28.1
Epoch 4249/5000: score=11.435136 loss=-0.134656 valid=1.0000 routes=9.901 grad=1.7622 seconds=26.1
Epoch 4250/5000: score=11.284381 loss=-0.131860 valid=1.0000 routes=9.699 grad=1.7103 seconds=26.4
Epoch 4251/5000: score=11.493096 loss=-0.138802 valid=1.0000 routes=10.043 grad=1.8893 seconds=27.2
Epoch 4252/5000: score=11.093679 loss=-0.133183 valid=1.0000 routes=9.663 grad=1.7219 seconds=26.7
>> Invalid instances, Re-generating ...
Epoch 4253/5000: score=11.582388 loss=-0.144324 valid=1.0000 routes=9.730 grad=1.8918 seconds=26.1
Epoch 4254/5000: score=11.953321 loss=-0.141922 valid=1.0000 routes=10.324 grad=1.9312 seconds=28.0
Epoch 4255/5000: score=11.485632 loss=-0.129807 valid=1.0000 routes=9.931 grad=1.8001 seconds=27.2
Epoch 4256/5000: score=11.927464 loss=-0.134106 valid=1.0000 routes=9.771 grad=1.7986 seconds=27.4
Epoch 4257/5000: score=11.031686 loss=-0.137798 valid=1.0000 routes=9.570 grad=1.7608 seconds=26.9
Epoch 4258/5000: score=10.781509 loss=-0.132654 valid=1.0000 routes=9.834 grad=1.6881 seconds=26.3
Epoch 4259/5000: score=11.644186 loss=-0.132616 valid=1.0000 routes=10.294 grad=1.8371 seconds=25.9
Epoch 4260/5000: score=10.740026 loss=-0.132649 valid=1.0000 routes=9.603 grad=1.6505 seconds=27.1
Epoch 4261/5000: score=11.450940 loss=-0.128832 valid=1.0000 routes=9.930 grad=1.7876 seconds=27.3
Epoch 4262/5000: score=11.319899 loss=-0.126220 valid=1.0000 routes=10.150 grad=1.7427 seconds=27.8
Epoch 4263/5000: score=11.625716 loss=-0.137673 valid=1.0000 routes=9.379 grad=1.7630 seconds=25.6
Epoch 4264/5000: score=11.277086 loss=-0.144766 valid=1.0000 routes=9.560 grad=1.7916 seconds=26.5
Epoch 4265/5000: score=11.670928 loss=-0.130081 valid=1.0000 routes=10.569 grad=1.8471 seconds=27.3
Epoch 4266/5000: score=10.899087 loss=-0.131528 valid=1.0000 routes=9.474 grad=1.6169 seconds=27.3
Epoch 4267/5000: score=11.869875 loss=-0.133173 valid=1.0000 routes=10.366 grad=1.9081 seconds=29.1
Epoch 4268/5000: score=11.102118 loss=-0.134901 valid=1.0000 routes=9.675 grad=1.7297 seconds=26.3
Epoch 4269/5000: score=11.059087 loss=-0.132685 valid=1.0000 routes=10.132 grad=1.7326 seconds=27.1
Epoch 4270/5000: score=11.986201 loss=-0.136922 valid=1.0000 routes=10.885 grad=2.0197 seconds=27.5
Epoch 4271/5000: score=11.626599 loss=-0.130951 valid=1.0000 routes=10.184 grad=1.8856 seconds=29.8
Epoch 4272/5000: score=11.231904 loss=-0.134660 valid=1.0000 routes=10.201 grad=1.7797 seconds=25.9
Epoch 4273/5000: score=11.600666 loss=-0.130857 valid=1.0000 routes=10.699 grad=1.8578 seconds=27.5
Epoch 4274/5000: score=11.435008 loss=-0.137063 valid=1.0000 routes=9.956 grad=1.7835 seconds=27.9
Epoch 4275/5000: score=11.400452 loss=-0.133435 valid=1.0000 routes=9.876 grad=1.7208 seconds=26.9
Epoch 4276/5000: score=11.119674 loss=-0.131006 valid=1.0000 routes=9.528 grad=1.6679 seconds=28.2
Epoch 4277/5000: score=12.015834 loss=-0.129829 valid=1.0000 routes=10.423 grad=1.9427 seconds=26.1
Epoch 4278/5000: score=11.269635 loss=-0.133639 valid=1.0000 routes=9.751 grad=1.7405 seconds=27.3
Epoch 4279/5000: score=11.119032 loss=-0.128466 valid=1.0000 routes=9.854 grad=1.7528 seconds=27.9
Epoch 4280/5000: score=10.974513 loss=-0.133484 valid=1.0000 routes=9.673 grad=1.7457 seconds=27.1
Epoch 4281/5000: score=11.040411 loss=-0.127682 valid=1.0000 routes=10.062 grad=1.7590 seconds=26.9
Epoch 4282/5000: score=11.390886 loss=-0.140695 valid=1.0000 routes=9.547 grad=1.7883 seconds=26.3
Epoch 4283/5000: score=11.597554 loss=-0.126445 valid=1.0000 routes=9.946 grad=1.7915 seconds=27.4
Epoch 4284/5000: score=11.506608 loss=-0.135771 valid=1.0000 routes=9.660 grad=1.7736 seconds=28.0
Epoch 4285/5000: score=11.304502 loss=-0.129359 valid=1.0000 routes=10.024 grad=1.7117 seconds=26.0
Epoch 4286/5000: score=11.379837 loss=-0.135790 valid=1.0000 routes=9.533 grad=1.7108 seconds=24.6
Epoch 4287/5000: score=11.391615 loss=-0.129211 valid=1.0000 routes=9.497 grad=1.6751 seconds=26.1
Epoch 4288/5000: score=11.375036 loss=-0.129933 valid=1.0000 routes=10.015 grad=1.7591 seconds=26.9
Epoch 4289/5000: score=11.435351 loss=-0.134919 valid=1.0000 routes=9.432 grad=1.7177 seconds=26.8
Epoch 4290/5000: score=11.526768 loss=-0.134758 valid=1.0000 routes=9.877 grad=1.8123 seconds=26.1
Epoch 4291/5000: score=11.969350 loss=-0.134294 valid=1.0000 routes=10.213 grad=1.8926 seconds=26.0
Epoch 4292/5000: score=11.877124 loss=-0.129484 valid=1.0000 routes=10.672 grad=1.9553 seconds=26.6
Epoch 4293/5000: score=11.316300 loss=-0.133175 valid=1.0000 routes=9.347 grad=1.7093 seconds=27.4
Epoch 4294/5000: score=11.549610 loss=-0.129930 valid=1.0000 routes=10.158 grad=1.8326 seconds=26.7
Epoch 4295/5000: score=10.901746 loss=-0.133811 valid=1.0000 routes=9.702 grad=1.7074 seconds=26.2
Epoch 4296/5000: score=11.298772 loss=-0.135005 valid=1.0000 routes=9.423 grad=1.7124 seconds=26.3
Epoch 4297/5000: score=10.967170 loss=-0.131002 valid=1.0000 routes=9.371 grad=1.6083 seconds=27.7
Epoch 4298/5000: score=11.489631 loss=-0.138040 valid=1.0000 routes=9.700 grad=1.7870 seconds=26.9
Epoch 4299/5000: score=11.314401 loss=-0.130316 valid=1.0000 routes=9.745 grad=1.6746 seconds=26.1
Epoch 4300/5000: score=11.359038 loss=-0.138381 valid=1.0000 routes=10.161 grad=1.7898 seconds=26.1
Epoch 4301/5000: score=11.627295 loss=-0.143077 valid=1.0000 routes=10.095 grad=1.9364 seconds=26.0
Epoch 4302/5000: score=11.603845 loss=-0.135633 valid=1.0000 routes=10.150 grad=1.9018 seconds=27.7
Epoch 4303/5000: score=11.703602 loss=-0.126949 valid=1.0000 routes=10.074 grad=1.7888 seconds=26.6
Epoch 4304/5000: score=11.451203 loss=-0.127817 valid=1.0000 routes=9.856 grad=1.7957 seconds=26.2
Epoch 4305/5000: score=10.951997 loss=-0.136155 valid=1.0000 routes=8.995 grad=1.6364 seconds=26.4
Epoch 4306/5000: score=11.871573 loss=-0.142831 valid=1.0000 routes=10.200 grad=1.9795 seconds=27.1
Epoch 4307/5000: score=11.366812 loss=-0.122640 valid=1.0000 routes=9.694 grad=1.6992 seconds=27.1
Epoch 4308/5000: score=11.329516 loss=-0.134654 valid=1.0000 routes=9.877 grad=1.8076 seconds=26.4
Epoch 4309/5000: score=11.735662 loss=-0.129350 valid=1.0000 routes=10.103 grad=1.8606 seconds=25.9
Epoch 4310/5000: score=11.366679 loss=-0.131984 valid=1.0000 routes=9.717 grad=1.7924 seconds=26.3
Epoch 4311/5000: score=11.068516 loss=-0.139137 valid=1.0000 routes=9.325 grad=1.7698 seconds=27.6
Epoch 4312/5000: score=11.657406 loss=-0.129867 valid=1.0000 routes=10.184 grad=1.8358 seconds=26.8
Epoch 4313/5000: score=11.436803 loss=-0.132616 valid=1.0000 routes=9.934 grad=1.7881 seconds=26.0
Epoch 4314/5000: score=11.294531 loss=-0.133651 valid=1.0000 routes=10.204 grad=1.8055 seconds=26.7
Epoch 4315/5000: score=11.112934 loss=-0.129333 valid=1.0000 routes=9.577 grad=1.6247 seconds=25.9
Epoch 4316/5000: score=11.494152 loss=-0.132450 valid=1.0000 routes=9.390 grad=1.7408 seconds=27.8
Epoch 4317/5000: score=11.802703 loss=-0.131956 valid=1.0000 routes=10.590 grad=1.8874 seconds=26.1
Epoch 4318/5000: score=11.786285 loss=-0.135075 valid=1.0000 routes=10.234 grad=1.9136 seconds=25.9
Epoch 4319/5000: score=11.461928 loss=-0.133917 valid=1.0000 routes=9.894 grad=1.8017 seconds=26.6
Epoch 4320/5000: score=11.725418 loss=-0.128462 valid=1.0000 routes=10.202 grad=1.8008 seconds=24.9
Epoch 4321/5000: score=11.373113 loss=-0.125386 valid=1.0000 routes=10.626 grad=1.8534 seconds=27.4
Epoch 4322/5000: score=11.335456 loss=-0.140864 valid=1.0000 routes=9.212 grad=1.7432 seconds=31.2
Epoch 4323/5000: score=11.621949 loss=-0.139317 valid=1.0000 routes=10.112 grad=1.7867 seconds=27.9
Epoch 4324/5000: score=11.424492 loss=-0.133118 valid=1.0000 routes=10.004 grad=1.7464 seconds=26.3
Epoch 4325/5000: score=11.120701 loss=-0.137470 valid=1.0000 routes=9.416 grad=1.7463 seconds=27.2
Epoch 4326/5000: score=11.282608 loss=-0.132524 valid=1.0000 routes=9.646 grad=1.6857 seconds=29.4
Epoch 4327/5000: score=11.345291 loss=-0.128459 valid=1.0000 routes=9.734 grad=1.7096 seconds=25.5
Epoch 4328/5000: score=12.076240 loss=-0.132927 valid=1.0000 routes=10.331 grad=1.9000 seconds=26.0
Epoch 4329/5000: score=11.337697 loss=-0.133541 valid=1.0000 routes=9.788 grad=1.7611 seconds=26.8
Epoch 4330/5000: score=11.601527 loss=-0.136807 valid=1.0000 routes=10.014 grad=1.7888 seconds=27.2
Epoch 4331/5000: score=11.051876 loss=-0.127321 valid=1.0000 routes=9.911 grad=1.6419 seconds=26.4
Epoch 4332/5000: score=11.698856 loss=-0.134771 valid=1.0000 routes=10.264 grad=1.9098 seconds=24.8
Epoch 4333/5000: score=11.073007 loss=-0.130350 valid=1.0000 routes=9.921 grad=1.7094 seconds=25.6
Epoch 4334/5000: score=11.356741 loss=-0.128624 valid=1.0000 routes=9.827 grad=1.7222 seconds=27.5
Epoch 4335/5000: score=11.245158 loss=-0.129325 valid=1.0000 routes=10.051 grad=1.7949 seconds=28.9
Epoch 4336/5000: score=11.494094 loss=-0.129856 valid=1.0000 routes=10.238 grad=1.8323 seconds=26.2
Epoch 4337/5000: score=11.341676 loss=-0.132045 valid=1.0000 routes=9.855 grad=1.7275 seconds=24.6
Epoch 4338/5000: score=11.098449 loss=-0.146453 valid=1.0000 routes=9.086 grad=1.7252 seconds=26.1
Epoch 4339/5000: score=11.574954 loss=-0.129399 valid=1.0000 routes=10.276 grad=1.8079 seconds=27.0
Epoch 4340/5000: score=11.373943 loss=-0.133920 valid=1.0000 routes=9.710 grad=1.7572 seconds=28.0
Epoch 4341/5000: score=11.221974 loss=-0.132323 valid=1.0000 routes=9.718 grad=1.7781 seconds=26.5
Epoch 4342/5000: score=11.477172 loss=-0.134978 valid=1.0000 routes=9.850 grad=1.7835 seconds=26.1
Epoch 4343/5000: score=11.003267 loss=-0.125433 valid=1.0000 routes=9.057 grad=1.5451 seconds=26.3
Epoch 4344/5000: score=11.529845 loss=-0.136551 valid=1.0000 routes=9.958 grad=1.8222 seconds=26.1
Epoch 4345/5000: score=11.190580 loss=-0.138538 valid=1.0000 routes=9.713 grad=1.7040 seconds=27.4
Epoch 4346/5000: score=11.267719 loss=-0.133781 valid=1.0000 routes=9.358 grad=1.6688 seconds=26.1
Epoch 4347/5000: score=11.296055 loss=-0.132622 valid=1.0000 routes=10.064 grad=1.7463 seconds=27.4
Epoch 4348/5000: score=11.569556 loss=-0.134753 valid=1.0000 routes=10.154 grad=1.8247 seconds=27.5
Epoch 4349/5000: score=11.544285 loss=-0.138343 valid=1.0000 routes=10.129 grad=1.8875 seconds=27.4
Epoch 4350/5000: score=11.189941 loss=-0.138886 valid=1.0000 routes=9.705 grad=1.8278 seconds=26.9
Epoch 4351/5000: score=11.404457 loss=-0.131939 valid=1.0000 routes=10.615 grad=1.8310 seconds=26.1
Epoch 4352/5000: score=11.524289 loss=-0.139559 valid=1.0000 routes=9.885 grad=1.8274 seconds=26.6
Epoch 4353/5000: score=11.460416 loss=-0.133958 valid=1.0000 routes=10.214 grad=1.8377 seconds=27.6
Epoch 4354/5000: score=11.644669 loss=-0.139824 valid=1.0000 routes=9.872 grad=1.8450 seconds=29.2
Epoch 4355/5000: score=11.424962 loss=-0.143573 valid=1.0000 routes=9.139 grad=1.7805 seconds=26.3
Epoch 4356/5000: score=11.248631 loss=-0.130029 valid=1.0000 routes=9.278 grad=1.6098 seconds=26.1
Epoch 4357/5000: score=11.023858 loss=-0.139394 valid=1.0000 routes=9.358 grad=1.6558 seconds=27.5
Epoch 4358/5000: score=12.006480 loss=-0.132179 valid=1.0000 routes=10.701 grad=1.9307 seconds=27.6
Epoch 4359/5000: score=11.378226 loss=-0.134677 valid=1.0000 routes=9.711 grad=1.7355 seconds=24.5
Epoch 4360/5000: score=11.495339 loss=-0.139294 valid=1.0000 routes=9.867 grad=1.8270 seconds=23.5
Epoch 4361/5000: score=11.293208 loss=-0.123302 valid=1.0000 routes=9.631 grad=1.7027 seconds=25.0
Epoch 4362/5000: score=10.982998 loss=-0.128413 valid=1.0000 routes=9.643 grad=1.7113 seconds=26.9
Epoch 4363/5000: score=10.887380 loss=-0.126315 valid=1.0000 routes=9.875 grad=1.6694 seconds=27.2
Epoch 4364/5000: score=11.853928 loss=-0.140326 valid=1.0000 routes=9.739 grad=1.8911 seconds=26.9
Epoch 4365/5000: score=10.946720 loss=-0.132819 valid=1.0000 routes=9.186 grad=1.6055 seconds=26.6
Epoch 4366/5000: score=11.215749 loss=-0.135058 valid=1.0000 routes=9.810 grad=1.7727 seconds=26.7
Epoch 4367/5000: score=11.381835 loss=-0.137236 valid=1.0000 routes=9.447 grad=1.7019 seconds=27.4
Epoch 4368/5000: score=11.539739 loss=-0.137023 valid=1.0000 routes=9.808 grad=1.8066 seconds=26.9
Epoch 4369/5000: score=11.651668 loss=-0.131786 valid=1.0000 routes=10.161 grad=1.8434 seconds=26.2
Epoch 4370/5000: score=12.013487 loss=-0.126358 valid=1.0000 routes=9.789 grad=1.7922 seconds=25.3
Epoch 4371/5000: score=11.182133 loss=-0.144660 valid=1.0000 routes=9.345 grad=1.7282 seconds=26.8
Epoch 4372/5000: score=11.600084 loss=-0.130084 valid=1.0000 routes=10.218 grad=1.7698 seconds=27.0
Epoch 4373/5000: score=11.418697 loss=-0.120127 valid=1.0000 routes=10.222 grad=1.7547 seconds=26.0
Epoch 4374/5000: score=11.142115 loss=-0.133947 valid=1.0000 routes=9.808 grad=1.7367 seconds=26.7
Epoch 4375/5000: score=11.448703 loss=-0.127749 valid=1.0000 routes=10.367 grad=1.7755 seconds=26.2
Epoch 4376/5000: score=11.481919 loss=-0.130253 valid=1.0000 routes=9.956 grad=1.7754 seconds=26.1
Epoch 4377/5000: score=11.520214 loss=-0.141317 valid=1.0000 routes=9.424 grad=1.7949 seconds=26.5
Epoch 4378/5000: score=11.481451 loss=-0.140804 valid=1.0000 routes=9.677 grad=1.8281 seconds=24.7
Epoch 4379/5000: score=11.953518 loss=-0.141903 valid=1.0000 routes=10.087 grad=1.9087 seconds=24.1
Epoch 4380/5000: score=11.364802 loss=-0.126144 valid=1.0000 routes=9.800 grad=1.6943 seconds=24.5
Epoch 4381/5000: score=11.591409 loss=-0.137354 valid=1.0000 routes=9.934 grad=1.8521 seconds=26.4
Epoch 4382/5000: score=11.484373 loss=-0.133048 valid=1.0000 routes=10.030 grad=1.7551 seconds=27.0
Epoch 4383/5000: score=11.086403 loss=-0.125734 valid=1.0000 routes=9.940 grad=1.6820 seconds=26.0
Epoch 4384/5000: score=11.216964 loss=-0.129775 valid=1.0000 routes=10.290 grad=1.7929 seconds=26.0
Epoch 4385/5000: score=11.135941 loss=-0.124161 valid=1.0000 routes=10.601 grad=1.7479 seconds=26.6
Epoch 4386/5000: score=11.154436 loss=-0.133676 valid=1.0000 routes=9.833 grad=1.7328 seconds=27.7
Epoch 4387/5000: score=11.043009 loss=-0.138966 valid=1.0000 routes=10.012 grad=1.7853 seconds=26.9
Epoch 4388/5000: score=11.117942 loss=-0.125362 valid=1.0000 routes=9.953 grad=1.6844 seconds=26.1
Epoch 4389/5000: score=11.429931 loss=-0.130850 valid=1.0000 routes=9.766 grad=1.7222 seconds=28.2
Epoch 4390/5000: score=11.301165 loss=-0.134192 valid=1.0000 routes=9.706 grad=1.7047 seconds=27.2
Epoch 4391/5000: score=11.027193 loss=-0.120847 valid=1.0000 routes=10.232 grad=1.7336 seconds=27.6
Epoch 4392/5000: score=11.943325 loss=-0.134567 valid=1.0000 routes=10.365 grad=1.9053 seconds=26.2
Epoch 4393/5000: score=11.653355 loss=-0.129884 valid=1.0000 routes=10.042 grad=1.7894 seconds=25.6
Epoch 4394/5000: score=11.069917 loss=-0.131035 valid=1.0000 routes=9.310 grad=1.6503 seconds=26.0
Epoch 4395/5000: score=11.740877 loss=-0.134144 valid=1.0000 routes=9.957 grad=1.8467 seconds=27.3
Epoch 4396/5000: score=11.209513 loss=-0.132535 valid=1.0000 routes=9.859 grad=1.7491 seconds=26.9
Epoch 4397/5000: score=11.849811 loss=-0.128407 valid=1.0000 routes=10.531 grad=1.8668 seconds=25.9
Epoch 4398/5000: score=11.315491 loss=-0.123397 valid=1.0000 routes=10.258 grad=1.7463 seconds=26.0
Epoch 4399/5000: score=11.202389 loss=-0.126133 valid=1.0000 routes=9.945 grad=1.7155 seconds=26.6
Epoch 4400/5000: score=11.204732 loss=-0.134376 valid=1.0000 routes=9.256 grad=1.6700 seconds=27.1
Epoch 4401/5000: score=11.376113 loss=-0.144844 valid=1.0000 routes=9.862 grad=1.8472 seconds=28.5
Epoch 4402/5000: score=11.104436 loss=-0.127323 valid=1.0000 routes=9.709 grad=1.6078 seconds=27.9
Epoch 4403/5000: score=11.034081 loss=-0.132613 valid=1.0000 routes=9.835 grad=1.6724 seconds=25.7
Epoch 4404/5000: score=11.522015 loss=-0.144424 valid=1.0000 routes=9.487 grad=1.7863 seconds=27.8
Epoch 4405/5000: score=11.337911 loss=-0.127711 valid=1.0000 routes=10.264 grad=1.7715 seconds=26.9
Epoch 4406/5000: score=11.159914 loss=-0.125307 valid=1.0000 routes=9.270 grad=1.6008 seconds=26.2
Epoch 4407/5000: score=12.001981 loss=-0.142251 valid=1.0000 routes=10.340 grad=1.9324 seconds=25.5
Epoch 4408/5000: score=11.299538 loss=-0.134129 valid=1.0000 routes=9.939 grad=1.7885 seconds=26.4
Epoch 4409/5000: score=11.755170 loss=-0.144200 valid=1.0000 routes=10.341 grad=1.8461 seconds=27.3
Epoch 4410/5000: score=11.036003 loss=-0.124959 valid=1.0000 routes=10.229 grad=1.6732 seconds=26.4
Epoch 4411/5000: score=11.619134 loss=-0.129500 valid=1.0000 routes=10.034 grad=1.7901 seconds=26.5
Epoch 4412/5000: score=11.470631 loss=-0.129837 valid=1.0000 routes=9.698 grad=1.6923 seconds=26.0
Epoch 4413/5000: score=10.762843 loss=-0.135943 valid=1.0000 routes=9.440 grad=1.6243 seconds=27.1
Epoch 4414/5000: score=11.301060 loss=-0.133260 valid=1.0000 routes=9.397 grad=1.6919 seconds=27.2
Epoch 4415/5000: score=11.684385 loss=-0.130998 valid=1.0000 routes=10.186 grad=1.8520 seconds=26.3
Epoch 4416/5000: score=11.804485 loss=-0.134587 valid=1.0000 routes=10.266 grad=1.8968 seconds=25.4
Epoch 4417/5000: score=11.470682 loss=-0.133312 valid=1.0000 routes=10.139 grad=1.8364 seconds=24.6
Epoch 4418/5000: score=11.963235 loss=-0.139631 valid=1.0000 routes=10.678 grad=1.9385 seconds=25.1
Epoch 4419/5000: score=11.546087 loss=-0.135518 valid=1.0000 routes=10.186 grad=1.8791 seconds=27.2
Epoch 4420/5000: score=11.330692 loss=-0.136771 valid=1.0000 routes=9.748 grad=1.7763 seconds=26.5
Epoch 4421/5000: score=11.730506 loss=-0.125280 valid=1.0000 routes=10.409 grad=1.7654 seconds=26.1
Epoch 4422/5000: score=10.827624 loss=-0.126311 valid=1.0000 routes=9.108 grad=1.5168 seconds=26.1
Epoch 4423/5000: score=11.607112 loss=-0.130491 valid=1.0000 routes=10.298 grad=1.8133 seconds=26.8
Epoch 4424/5000: score=11.324472 loss=-0.131011 valid=1.0000 routes=9.583 grad=1.7040 seconds=27.4
Epoch 4425/5000: score=11.783227 loss=-0.132207 valid=1.0000 routes=10.022 grad=1.8329 seconds=27.4
Epoch 4426/5000: score=11.900951 loss=-0.137032 valid=1.0000 routes=9.956 grad=1.9194 seconds=26.3
Epoch 4427/5000: score=11.754595 loss=-0.127831 valid=1.0000 routes=10.532 grad=1.8565 seconds=26.2
Epoch 4428/5000: score=11.341560 loss=-0.141545 valid=1.0000 routes=9.730 grad=1.8110 seconds=27.5
Epoch 4429/5000: score=11.108572 loss=-0.126061 valid=1.0000 routes=9.733 grad=1.6979 seconds=27.2
Epoch 4430/5000: score=11.390239 loss=-0.137835 valid=1.0000 routes=9.491 grad=1.7789 seconds=28.0
Epoch 4431/5000: score=11.241173 loss=-0.137300 valid=1.0000 routes=10.054 grad=1.8257 seconds=26.4
Epoch 4432/5000: score=11.783580 loss=-0.129638 valid=1.0000 routes=10.755 grad=1.9384 seconds=26.5
Epoch 4433/5000: score=11.632258 loss=-0.134242 valid=1.0000 routes=9.887 grad=1.7590 seconds=26.8
Epoch 4434/5000: score=11.130201 loss=-0.137820 valid=1.0000 routes=9.803 grad=1.7929 seconds=26.9
Epoch 4435/5000: score=11.778394 loss=-0.133091 valid=1.0000 routes=10.278 grad=1.8527 seconds=25.8
Epoch 4436/5000: score=11.705589 loss=-0.120854 valid=1.0000 routes=10.050 grad=1.7721 seconds=26.0
Epoch 4437/5000: score=11.633093 loss=-0.144477 valid=1.0000 routes=10.171 grad=1.9173 seconds=27.1
Epoch 4438/5000: score=11.986773 loss=-0.132819 valid=1.0000 routes=10.549 grad=1.9014 seconds=27.3
Epoch 4439/5000: score=11.432078 loss=-0.126885 valid=1.0000 routes=9.852 grad=1.7090 seconds=29.4
Epoch 4440/5000: score=11.291292 loss=-0.129770 valid=1.0000 routes=9.841 grad=1.6997 seconds=28.1
Epoch 4441/5000: score=11.083797 loss=-0.126074 valid=1.0000 routes=9.920 grad=1.6581 seconds=26.5
Epoch 4442/5000: score=10.889714 loss=-0.124707 valid=1.0000 routes=9.624 grad=1.6454 seconds=28.0
Epoch 4443/5000: score=10.923130 loss=-0.131714 valid=1.0000 routes=9.713 grad=1.6706 seconds=27.7
Epoch 4444/5000: score=11.326295 loss=-0.134277 valid=1.0000 routes=9.401 grad=1.6996 seconds=29.2
Epoch 4445/5000: score=10.943149 loss=-0.132888 valid=1.0000 routes=9.931 grad=1.7557 seconds=25.9
Epoch 4446/5000: score=11.529889 loss=-0.128603 valid=1.0000 routes=10.488 grad=1.8424 seconds=26.2
Epoch 4447/5000: score=11.311652 loss=-0.125273 valid=1.0000 routes=9.560 grad=1.6806 seconds=31.3
Epoch 4448/5000: score=11.196768 loss=-0.126692 valid=1.0000 routes=9.985 grad=1.7449 seconds=27.0
Epoch 4449/5000: score=11.621979 loss=-0.131795 valid=1.0000 routes=9.671 grad=1.7656 seconds=26.4
Epoch 4450/5000: score=11.697407 loss=-0.140732 valid=1.0000 routes=9.968 grad=1.8564 seconds=26.0
Epoch 4451/5000: score=10.833670 loss=-0.129176 valid=1.0000 routes=9.234 grad=1.6151 seconds=27.1
Epoch 4452/5000: score=11.194628 loss=-0.136164 valid=1.0000 routes=9.645 grad=1.7928 seconds=28.9
Epoch 4453/5000: score=11.411580 loss=-0.138254 valid=1.0000 routes=9.834 grad=1.8227 seconds=27.1
Epoch 4454/5000: score=11.338199 loss=-0.133057 valid=1.0000 routes=10.138 grad=1.7756 seconds=28.6
Epoch 4455/5000: score=11.309974 loss=-0.133450 valid=1.0000 routes=9.879 grad=1.7671 seconds=25.4
Epoch 4456/5000: score=10.979993 loss=-0.135093 valid=1.0000 routes=9.376 grad=1.6384 seconds=26.9
Epoch 4457/5000: score=11.350200 loss=-0.140169 valid=1.0000 routes=9.382 grad=1.7428 seconds=27.6
Epoch 4458/5000: score=11.725780 loss=-0.125193 valid=1.0000 routes=11.408 grad=1.9268 seconds=26.0
Epoch 4459/5000: score=11.364133 loss=-0.135489 valid=1.0000 routes=9.800 grad=1.7580 seconds=26.0
Epoch 4460/5000: score=11.205701 loss=-0.133964 valid=1.0000 routes=10.003 grad=1.7488 seconds=26.2
Epoch 4461/5000: score=11.509019 loss=-0.123476 valid=1.0000 routes=10.093 grad=1.7808 seconds=27.6
Epoch 4462/5000: score=11.624816 loss=-0.143504 valid=1.0000 routes=9.580 grad=1.8488 seconds=27.6
Epoch 4463/5000: score=11.447366 loss=-0.132809 valid=1.0000 routes=9.663 grad=1.7550 seconds=25.9
Epoch 4464/5000: score=10.824658 loss=-0.131277 valid=1.0000 routes=9.364 grad=1.5841 seconds=26.0
Epoch 4465/5000: score=10.729721 loss=-0.122428 valid=1.0000 routes=9.793 grad=1.5744 seconds=26.1
Epoch 4466/5000: score=11.409297 loss=-0.132556 valid=1.0000 routes=9.579 grad=1.7506 seconds=27.1
Epoch 4467/5000: score=11.756978 loss=-0.132917 valid=1.0000 routes=10.090 grad=1.8331 seconds=27.0
Epoch 4468/5000: score=11.970042 loss=-0.135988 valid=1.0000 routes=10.232 grad=1.9078 seconds=25.3
Epoch 4469/5000: score=11.839885 loss=-0.130262 valid=1.0000 routes=9.785 grad=1.7680 seconds=26.8
Epoch 4470/5000: score=11.448336 loss=-0.123347 valid=1.0000 routes=9.640 grad=1.7224 seconds=26.0
Epoch 4471/5000: score=11.473390 loss=-0.125266 valid=1.0000 routes=10.481 grad=1.7855 seconds=26.7
Epoch 4472/5000: score=11.378008 loss=-0.143764 valid=1.0000 routes=9.323 grad=1.8154 seconds=27.5
>> Invalid instances, Re-generating ...
Epoch 4473/5000: score=11.414736 loss=-0.129797 valid=1.0000 routes=10.195 grad=1.7432 seconds=26.1
Epoch 4474/5000: score=11.260362 loss=-0.135379 valid=1.0000 routes=9.644 grad=1.7636 seconds=26.0
Epoch 4475/5000: score=11.453574 loss=-0.136425 valid=1.0000 routes=9.599 grad=1.7619 seconds=26.9
Epoch 4476/5000: score=11.633422 loss=-0.129187 valid=1.0000 routes=9.828 grad=1.7340 seconds=26.6
Epoch 4477/5000: score=11.686686 loss=-0.140331 valid=1.0000 routes=10.116 grad=1.8989 seconds=27.4
Epoch 4478/5000: score=11.215830 loss=-0.139103 valid=1.0000 routes=10.080 grad=1.7414 seconds=26.9
Epoch 4479/5000: score=10.968625 loss=-0.130930 valid=1.0000 routes=9.218 grad=1.6194 seconds=26.2
Epoch 4480/5000: score=11.481375 loss=-0.143192 valid=1.0000 routes=9.696 grad=1.8474 seconds=26.9
Epoch 4481/5000: score=11.708867 loss=-0.136082 valid=1.0000 routes=9.663 grad=1.7710 seconds=27.3
Epoch 4482/5000: score=11.431895 loss=-0.147255 valid=1.0000 routes=9.548 grad=1.8449 seconds=28.1
Epoch 4483/5000: score=11.779685 loss=-0.136892 valid=1.0000 routes=10.273 grad=1.8550 seconds=26.2
Epoch 4484/5000: score=11.708981 loss=-0.126640 valid=1.0000 routes=10.063 grad=1.7526 seconds=28.4
Epoch 4485/5000: score=11.163354 loss=-0.125837 valid=1.0000 routes=9.929 grad=1.6664 seconds=27.8
Epoch 4486/5000: score=11.677340 loss=-0.123374 valid=1.0000 routes=10.565 grad=1.8312 seconds=27.3
Epoch 4487/5000: score=11.490211 loss=-0.131493 valid=1.0000 routes=9.987 grad=1.7523 seconds=27.9
Epoch 4488/5000: score=11.876591 loss=-0.134685 valid=1.0000 routes=10.056 grad=1.8146 seconds=26.1
Epoch 4489/5000: score=11.405446 loss=-0.132818 valid=1.0000 routes=10.021 grad=1.8147 seconds=26.7
Epoch 4490/5000: score=10.939456 loss=-0.128408 valid=1.0000 routes=9.769 grad=1.6335 seconds=27.6
Epoch 4491/5000: score=11.179632 loss=-0.130367 valid=1.0000 routes=9.513 grad=1.6834 seconds=27.6
Epoch 4492/5000: score=11.486174 loss=-0.125517 valid=1.0000 routes=10.104 grad=1.7212 seconds=26.2
Epoch 4493/5000: score=11.374802 loss=-0.133464 valid=1.0000 routes=9.703 grad=1.7452 seconds=27.8
Epoch 4494/5000: score=11.145485 loss=-0.129915 valid=1.0000 routes=10.256 grad=1.7645 seconds=27.5
Epoch 4495/5000: score=11.582012 loss=-0.135862 valid=1.0000 routes=9.771 grad=1.7959 seconds=29.6
Epoch 4496/5000: score=11.618291 loss=-0.131843 valid=1.0000 routes=10.016 grad=1.7723 seconds=27.1
Epoch 4497/5000: score=11.353808 loss=-0.131664 valid=1.0000 routes=10.040 grad=1.7508 seconds=25.9
Epoch 4498/5000: score=11.255869 loss=-0.129060 valid=1.0000 routes=10.087 grad=1.7112 seconds=26.0
Epoch 4499/5000: score=12.069463 loss=-0.134697 valid=1.0000 routes=10.140 grad=1.9253 seconds=26.8
Epoch 4500/5000: score=11.257234 loss=-0.128975 valid=1.0000 routes=10.039 grad=1.7188 seconds=27.0
Epoch 4501/5000: score=11.455329 loss=-0.129862 valid=1.0000 routes=9.931 grad=1.7990 seconds=26.5
Epoch 4502/5000: score=11.634444 loss=-0.128635 valid=1.0000 routes=9.988 grad=1.7712 seconds=24.8
Epoch 4503/5000: score=11.470327 loss=-0.125757 valid=1.0000 routes=9.712 grad=1.7587 seconds=25.7
Epoch 4504/5000: score=11.305990 loss=-0.129040 valid=1.0000 routes=9.335 grad=1.7328 seconds=31.5
Epoch 4505/5000: score=11.345725 loss=-0.112131 valid=1.0000 routes=10.221 grad=1.7229 seconds=27.3
Epoch 4506/5000: score=11.195741 loss=-0.129419 valid=1.0000 routes=9.343 grad=1.6927 seconds=26.3
Epoch 4507/5000: score=11.614973 loss=-0.115571 valid=1.0000 routes=10.209 grad=1.7560 seconds=26.3
Epoch 4508/5000: score=10.922342 loss=-0.118854 valid=1.0000 routes=9.430 grad=1.6290 seconds=27.3
Epoch 4509/5000: score=11.495865 loss=-0.124248 valid=1.0000 routes=9.894 grad=1.7964 seconds=27.9
Epoch 4510/5000: score=10.975575 loss=-0.127695 valid=1.0000 routes=9.329 grad=1.6719 seconds=28.4
Epoch 4511/5000: score=11.196217 loss=-0.119473 valid=1.0000 routes=9.662 grad=1.6749 seconds=27.3
Epoch 4512/5000: score=10.728803 loss=-0.119865 valid=1.0000 routes=9.253 grad=1.5974 seconds=26.1
Epoch 4513/5000: score=11.464752 loss=-0.121810 valid=1.0000 routes=10.081 grad=1.7957 seconds=26.2
Epoch 4514/5000: score=12.121630 loss=-0.127498 valid=1.0000 routes=10.433 grad=1.9840 seconds=27.4
Epoch 4515/5000: score=11.047294 loss=-0.116896 valid=1.0000 routes=9.315 grad=1.6207 seconds=28.9
Epoch 4516/5000: score=11.707032 loss=-0.121829 valid=1.0000 routes=10.155 grad=1.8466 seconds=25.4
Epoch 4517/5000: score=12.030856 loss=-0.121654 valid=1.0000 routes=10.245 grad=1.8897 seconds=26.1
Epoch 4518/5000: score=11.047824 loss=-0.115044 valid=1.0000 routes=9.720 grad=1.6060 seconds=26.9
Epoch 4519/5000: score=10.946730 loss=-0.110883 valid=1.0000 routes=9.675 grad=1.6324 seconds=28.0
Epoch 4520/5000: score=10.945459 loss=-0.117756 valid=1.0000 routes=9.608 grad=1.6261 seconds=26.8
Epoch 4521/5000: score=10.990931 loss=-0.121769 valid=1.0000 routes=9.727 grad=1.7257 seconds=26.4
Epoch 4522/5000: score=11.494343 loss=-0.115951 valid=1.0000 routes=10.184 grad=1.7975 seconds=29.9
Epoch 4523/5000: score=10.976175 loss=-0.114564 valid=1.0000 routes=9.282 grad=1.6229 seconds=27.2
Epoch 4524/5000: score=11.285178 loss=-0.134466 valid=1.0000 routes=9.156 grad=1.8040 seconds=27.6
Epoch 4525/5000: score=11.417751 loss=-0.124625 valid=1.0000 routes=9.690 grad=1.7135 seconds=27.7
Epoch 4526/5000: score=11.761555 loss=-0.126677 valid=1.0000 routes=10.205 grad=1.8657 seconds=26.3
Epoch 4527/5000: score=11.075730 loss=-0.123853 valid=1.0000 routes=9.729 grad=1.7395 seconds=25.4
Epoch 4528/5000: score=11.481847 loss=-0.124148 valid=1.0000 routes=9.827 grad=1.7694 seconds=28.1
Epoch 4529/5000: score=10.823484 loss=-0.110788 valid=1.0000 routes=9.522 grad=1.4955 seconds=26.4
Epoch 4530/5000: score=11.652533 loss=-0.121529 valid=1.0000 routes=10.311 grad=1.8344 seconds=26.0
Epoch 4531/5000: score=11.098964 loss=-0.113607 valid=1.0000 routes=9.426 grad=1.6051 seconds=26.0
Epoch 4532/5000: score=10.920033 loss=-0.113250 valid=1.0000 routes=9.533 grad=1.5482 seconds=26.5
Epoch 4533/5000: score=11.733638 loss=-0.124891 valid=1.0000 routes=9.430 grad=1.7937 seconds=27.8
Epoch 4534/5000: score=11.320302 loss=-0.115689 valid=1.0000 routes=10.000 grad=1.7633 seconds=26.5
Epoch 4535/5000: score=11.638921 loss=-0.122076 valid=1.0000 routes=10.065 grad=1.8194 seconds=25.9
Epoch 4536/5000: score=11.184282 loss=-0.115429 valid=1.0000 routes=9.822 grad=1.6674 seconds=26.4
Epoch 4537/5000: score=11.545349 loss=-0.127563 valid=1.0000 routes=9.455 grad=1.8175 seconds=31.1
Epoch 4538/5000: score=11.865150 loss=-0.124367 valid=1.0000 routes=9.930 grad=1.8561 seconds=27.7
Epoch 4539/5000: score=11.057268 loss=-0.113175 valid=1.0000 routes=10.024 grad=1.6543 seconds=25.7
Epoch 4540/5000: score=11.033742 loss=-0.112812 valid=1.0000 routes=9.514 grad=1.5659 seconds=25.6
Epoch 4541/5000: score=10.710027 loss=-0.122532 valid=1.0000 routes=9.342 grad=1.6341 seconds=26.5
Epoch 4542/5000: score=12.132618 loss=-0.119985 valid=1.0000 routes=10.572 grad=1.9655 seconds=27.4
Epoch 4543/5000: score=11.375684 loss=-0.119345 valid=1.0000 routes=9.693 grad=1.7454 seconds=27.1
Epoch 4544/5000: score=11.560852 loss=-0.121246 valid=1.0000 routes=10.114 grad=1.7937 seconds=25.8
Epoch 4545/5000: score=11.868931 loss=-0.127962 valid=1.0000 routes=9.897 grad=1.8833 seconds=26.0
Epoch 4546/5000: score=12.210692 loss=-0.119353 valid=1.0000 routes=10.333 grad=1.9201 seconds=26.3
Epoch 4547/5000: score=11.006283 loss=-0.114350 valid=1.0000 routes=9.809 grad=1.6925 seconds=27.2
Epoch 4548/5000: score=11.711058 loss=-0.116820 valid=1.0000 routes=10.063 grad=1.7878 seconds=27.2
Epoch 4549/5000: score=11.524525 loss=-0.118359 valid=1.0000 routes=9.804 grad=1.7211 seconds=28.7
Epoch 4550/5000: score=11.384461 loss=-0.116651 valid=1.0000 routes=9.729 grad=1.7248 seconds=26.2
Epoch 4551/5000: score=11.315964 loss=-0.114962 valid=1.0000 routes=10.022 grad=1.7109 seconds=27.0
Epoch 4552/5000: score=11.589803 loss=-0.119760 valid=1.0000 routes=10.271 grad=1.8859 seconds=27.2
Epoch 4553/5000: score=11.358792 loss=-0.116303 valid=1.0000 routes=9.926 grad=1.7570 seconds=26.9
Epoch 4554/5000: score=11.604097 loss=-0.115651 valid=1.0000 routes=10.173 grad=1.8053 seconds=26.3
Epoch 4555/5000: score=11.198182 loss=-0.120403 valid=1.0000 routes=9.699 grad=1.6944 seconds=26.1
Epoch 4556/5000: score=11.515275 loss=-0.121743 valid=1.0000 routes=10.199 grad=1.8562 seconds=26.8
Epoch 4557/5000: score=11.494793 loss=-0.111370 valid=1.0000 routes=10.018 grad=1.7412 seconds=27.4
Epoch 4558/5000: score=10.949406 loss=-0.115230 valid=1.0000 routes=9.501 grad=1.6473 seconds=26.4
Epoch 4559/5000: score=11.043969 loss=-0.120585 valid=1.0000 routes=9.346 grad=1.6644 seconds=26.1
Epoch 4560/5000: score=11.284358 loss=-0.120910 valid=1.0000 routes=9.734 grad=1.7099 seconds=26.0
Epoch 4561/5000: score=11.493071 loss=-0.109773 valid=1.0000 routes=10.172 grad=1.7463 seconds=26.5
Epoch 4562/5000: score=11.616936 loss=-0.118759 valid=1.0000 routes=9.756 grad=1.7879 seconds=27.7
Epoch 4563/5000: score=11.246663 loss=-0.118782 valid=1.0000 routes=9.584 grad=1.6893 seconds=26.2
Epoch 4564/5000: score=11.021689 loss=-0.108479 valid=1.0000 routes=10.243 grad=1.6032 seconds=26.0
Epoch 4565/5000: score=11.565611 loss=-0.119370 valid=1.0000 routes=9.985 grad=1.7573 seconds=25.2
Epoch 4566/5000: score=11.123923 loss=-0.126334 valid=1.0000 routes=9.401 grad=1.7676 seconds=26.8
Epoch 4567/5000: score=11.701085 loss=-0.115818 valid=1.0000 routes=10.093 grad=1.7738 seconds=27.2
Epoch 4568/5000: score=11.938436 loss=-0.122756 valid=1.0000 routes=10.334 grad=1.9248 seconds=28.7
Epoch 4569/5000: score=11.473875 loss=-0.117825 valid=1.0000 routes=9.964 grad=1.7718 seconds=26.2
Epoch 4570/5000: score=11.211747 loss=-0.113307 valid=1.0000 routes=9.941 grad=1.7104 seconds=25.7
Epoch 4571/5000: score=11.178747 loss=-0.119892 valid=1.0000 routes=9.917 grad=1.7392 seconds=27.3
Epoch 4572/5000: score=11.815054 loss=-0.125544 valid=1.0000 routes=10.157 grad=1.8926 seconds=30.7
Epoch 4573/5000: score=11.042341 loss=-0.113694 valid=1.0000 routes=9.889 grad=1.7359 seconds=25.2
Epoch 4574/5000: score=11.370978 loss=-0.123373 valid=1.0000 routes=10.085 grad=1.8535 seconds=26.0
Epoch 4575/5000: score=10.979702 loss=-0.112210 valid=1.0000 routes=9.615 grad=1.6855 seconds=26.6
Epoch 4576/5000: score=11.238206 loss=-0.118596 valid=1.0000 routes=10.048 grad=1.8048 seconds=27.4
Epoch 4577/5000: score=11.252167 loss=-0.119905 valid=1.0000 routes=9.677 grad=1.7621 seconds=33.3
Epoch 4578/5000: score=11.321702 loss=-0.109882 valid=1.0000 routes=10.566 grad=1.7878 seconds=26.0
Epoch 4579/5000: score=11.331594 loss=-0.114885 valid=1.0000 routes=10.108 grad=1.7078 seconds=27.3
Epoch 4580/5000: score=11.738731 loss=-0.120253 valid=1.0000 routes=9.957 grad=1.8919 seconds=28.4
Epoch 4581/5000: score=11.772130 loss=-0.114792 valid=1.0000 routes=10.547 grad=1.9080 seconds=31.1
Epoch 4582/5000: score=11.776444 loss=-0.115808 valid=1.0000 routes=10.169 grad=1.8772 seconds=26.8
Epoch 4583/5000: score=11.849463 loss=-0.116296 valid=1.0000 routes=10.106 grad=1.8633 seconds=26.0
Epoch 4584/5000: score=11.180920 loss=-0.113233 valid=1.0000 routes=9.910 grad=1.6573 seconds=26.0
Epoch 4585/5000: score=11.172879 loss=-0.119053 valid=1.0000 routes=9.922 grad=1.7612 seconds=26.5
Epoch 4586/5000: score=11.895327 loss=-0.112579 valid=1.0000 routes=10.684 grad=1.9165 seconds=26.8
Epoch 4587/5000: score=11.778306 loss=-0.111213 valid=1.0000 routes=10.447 grad=1.8592 seconds=29.1
Epoch 4588/5000: score=11.505084 loss=-0.129489 valid=1.0000 routes=9.516 grad=1.8404 seconds=27.1
Epoch 4589/5000: score=11.829680 loss=-0.117074 valid=1.0000 routes=10.184 grad=1.8609 seconds=26.1
Epoch 4590/5000: score=11.567821 loss=-0.120670 valid=1.0000 routes=9.754 grad=1.7690 seconds=29.3
Epoch 4591/5000: score=11.516104 loss=-0.114429 valid=1.0000 routes=10.406 grad=1.8079 seconds=27.8
Epoch 4592/5000: score=11.315587 loss=-0.123284 valid=1.0000 routes=9.375 grad=1.7172 seconds=26.7
Epoch 4593/5000: score=11.576269 loss=-0.114723 valid=1.0000 routes=10.962 grad=1.8613 seconds=27.6
Epoch 4594/5000: score=11.446626 loss=-0.122144 valid=1.0000 routes=9.826 grad=1.7989 seconds=26.7
Epoch 4595/5000: score=10.760125 loss=-0.123225 valid=1.0000 routes=9.492 grad=1.7337 seconds=29.4
>> Invalid instances, Re-generating ...
Epoch 4596/5000: score=11.225514 loss=-0.120600 valid=1.0000 routes=9.853 grad=1.7522 seconds=27.8
Epoch 4597/5000: score=11.101604 loss=-0.124159 valid=1.0000 routes=9.283 grad=1.7125 seconds=27.1
Epoch 4598/5000: score=11.426538 loss=-0.122394 valid=1.0000 routes=9.648 grad=1.7827 seconds=26.6
Epoch 4599/5000: score=11.578872 loss=-0.112860 valid=1.0000 routes=10.674 grad=1.8688 seconds=27.1
Epoch 4600/5000: score=11.110700 loss=-0.119049 valid=1.0000 routes=9.803 grad=1.7072 seconds=28.0
Epoch 4601/5000: score=11.483586 loss=-0.120945 valid=1.0000 routes=10.155 grad=1.8400 seconds=26.4
Epoch 4602/5000: score=11.166935 loss=-0.123860 valid=1.0000 routes=9.366 grad=1.7242 seconds=26.6
Epoch 4603/5000: score=11.350917 loss=-0.110238 valid=1.0000 routes=10.005 grad=1.7451 seconds=25.9
Epoch 4604/5000: score=11.672167 loss=-0.114761 valid=1.0000 routes=10.137 grad=1.8163 seconds=27.1
Epoch 4605/5000: score=11.551574 loss=-0.121958 valid=1.0000 routes=9.931 grad=1.8679 seconds=27.3
Epoch 4606/5000: score=11.724945 loss=-0.120709 valid=1.0000 routes=9.911 grad=1.8325 seconds=26.0
>> Invalid instances, Re-generating ...
Epoch 4607/5000: score=11.190703 loss=-0.108842 valid=1.0000 routes=9.949 grad=1.7124 seconds=26.6
Epoch 4608/5000: score=11.647699 loss=-0.118865 valid=1.0000 routes=9.884 grad=1.8758 seconds=26.1
Epoch 4609/5000: score=11.429256 loss=-0.118593 valid=1.0000 routes=9.739 grad=1.7198 seconds=31.3
Epoch 4610/5000: score=11.038301 loss=-0.122003 valid=1.0000 routes=9.962 grad=1.7624 seconds=31.9
Epoch 4611/5000: score=11.310343 loss=-0.117987 valid=1.0000 routes=9.892 grad=1.7452 seconds=27.5
Epoch 4612/5000: score=10.530909 loss=-0.109543 valid=1.0000 routes=9.562 grad=1.5472 seconds=26.6
Epoch 4613/5000: score=11.943196 loss=-0.119124 valid=1.0000 routes=10.229 grad=1.8921 seconds=27.6
Epoch 4614/5000: score=11.214161 loss=-0.114537 valid=1.0000 routes=9.822 grad=1.6948 seconds=27.6
Epoch 4615/5000: score=11.112365 loss=-0.120569 valid=1.0000 routes=9.855 grad=1.7739 seconds=26.8
Epoch 4616/5000: score=11.722594 loss=-0.122391 valid=1.0000 routes=10.271 grad=1.9370 seconds=28.3
Epoch 4617/5000: score=11.170343 loss=-0.119840 valid=1.0000 routes=9.535 grad=1.7357 seconds=26.2
Epoch 4618/5000: score=11.110386 loss=-0.116647 valid=1.0000 routes=10.043 grad=1.7801 seconds=27.1
Epoch 4619/5000: score=11.060566 loss=-0.128927 valid=1.0000 routes=9.766 grad=1.7952 seconds=27.5
Epoch 4620/5000: score=11.314142 loss=-0.118151 valid=1.0000 routes=9.750 grad=1.6890 seconds=26.4
Epoch 4621/5000: score=11.615725 loss=-0.123139 valid=1.0000 routes=9.915 grad=1.8784 seconds=26.2
Epoch 4622/5000: score=11.741241 loss=-0.122713 valid=1.0000 routes=10.134 grad=1.8896 seconds=26.1
Epoch 4623/5000: score=11.449391 loss=-0.122388 valid=1.0000 routes=10.172 grad=1.8300 seconds=27.6
Epoch 4624/5000: score=10.897797 loss=-0.110853 valid=1.0000 routes=9.549 grad=1.6070 seconds=27.8
Epoch 4625/5000: score=11.629985 loss=-0.116394 valid=1.0000 routes=10.051 grad=1.8195 seconds=28.0
Epoch 4626/5000: score=10.889354 loss=-0.113839 valid=1.0000 routes=9.405 grad=1.6591 seconds=26.8
Epoch 4627/5000: score=11.008183 loss=-0.118179 valid=1.0000 routes=9.779 grad=1.7016 seconds=24.1
Epoch 4628/5000: score=11.487028 loss=-0.115556 valid=1.0000 routes=10.094 grad=1.7542 seconds=27.9
Epoch 4629/5000: score=11.145690 loss=-0.115929 valid=1.0000 routes=9.800 grad=1.7475 seconds=27.1
Epoch 4630/5000: score=10.927440 loss=-0.119188 valid=1.0000 routes=9.670 grad=1.7105 seconds=28.5
Epoch 4631/5000: score=11.203151 loss=-0.120426 valid=1.0000 routes=9.368 grad=1.6890 seconds=28.9
Epoch 4632/5000: score=11.212922 loss=-0.113137 valid=1.0000 routes=9.757 grad=1.7057 seconds=26.4
Epoch 4633/5000: score=11.045685 loss=-0.121587 valid=1.0000 routes=9.369 grad=1.7283 seconds=27.5
Epoch 4634/5000: score=11.496482 loss=-0.117244 valid=1.0000 routes=10.131 grad=1.8386 seconds=26.7
Epoch 4635/5000: score=11.052970 loss=-0.129284 valid=1.0000 routes=8.948 grad=1.6648 seconds=26.6
Epoch 4636/5000: score=11.416002 loss=-0.119693 valid=1.0000 routes=9.695 grad=1.7626 seconds=26.3
Epoch 4637/5000: score=11.232811 loss=-0.111854 valid=1.0000 routes=9.805 grad=1.7076 seconds=26.3
Epoch 4638/5000: score=11.805475 loss=-0.112672 valid=1.0000 routes=10.504 grad=1.9056 seconds=26.9
Epoch 4639/5000: score=10.712088 loss=-0.112273 valid=1.0000 routes=10.122 grad=1.6590 seconds=26.6
Epoch 4640/5000: score=11.406809 loss=-0.121657 valid=1.0000 routes=9.591 grad=1.7871 seconds=26.3
Epoch 4641/5000: score=11.072345 loss=-0.123680 valid=1.0000 routes=9.320 grad=1.6951 seconds=30.1
Epoch 4642/5000: score=10.900438 loss=-0.121718 valid=1.0000 routes=9.421 grad=1.6783 seconds=28.9
Epoch 4643/5000: score=11.598857 loss=-0.123184 valid=1.0000 routes=9.698 grad=1.7957 seconds=27.0
Epoch 4644/5000: score=11.475070 loss=-0.115115 valid=1.0000 routes=10.107 grad=1.7784 seconds=26.5
Epoch 4645/5000: score=11.213253 loss=-0.126814 valid=1.0000 routes=9.151 grad=1.7231 seconds=26.3
Epoch 4646/5000: score=11.312663 loss=-0.118418 valid=1.0000 routes=10.179 grad=1.8215 seconds=26.3
Epoch 4647/5000: score=11.205792 loss=-0.116575 valid=1.0000 routes=9.821 grad=1.7404 seconds=27.4
Epoch 4648/5000: score=10.977490 loss=-0.120105 valid=1.0000 routes=9.560 grad=1.7136 seconds=26.9
Epoch 4649/5000: score=11.497428 loss=-0.120428 valid=1.0000 routes=9.852 grad=1.8227 seconds=26.1
Epoch 4650/5000: score=11.424301 loss=-0.120484 valid=1.0000 routes=9.956 grad=1.8639 seconds=29.1
Epoch 4651/5000: score=11.349229 loss=-0.122680 valid=1.0000 routes=9.488 grad=1.7463 seconds=28.9
Epoch 4652/5000: score=11.720737 loss=-0.117449 valid=1.0000 routes=9.797 grad=1.8249 seconds=28.6
Epoch 4653/5000: score=11.201473 loss=-0.126086 valid=1.0000 routes=9.419 grad=1.7334 seconds=26.7
Epoch 4654/5000: score=11.332574 loss=-0.119757 valid=1.0000 routes=9.960 grad=1.7659 seconds=26.4
Epoch 4655/5000: score=11.123948 loss=-0.119596 valid=1.0000 routes=9.065 grad=1.6391 seconds=26.2
Epoch 4656/5000: score=11.517235 loss=-0.119508 valid=1.0000 routes=10.044 grad=1.7888 seconds=27.1
Epoch 4657/5000: score=11.576930 loss=-0.117057 valid=1.0000 routes=10.236 grad=1.8393 seconds=27.1
Epoch 4658/5000: score=11.659054 loss=-0.114457 valid=1.0000 routes=10.812 grad=1.8880 seconds=26.0
Epoch 4659/5000: score=11.715512 loss=-0.119811 valid=1.0000 routes=10.598 grad=1.9288 seconds=24.3
Epoch 4660/5000: score=11.235630 loss=-0.112775 valid=1.0000 routes=9.957 grad=1.7636 seconds=26.4
Epoch 4661/5000: score=11.592250 loss=-0.117006 valid=1.0000 routes=10.035 grad=1.8863 seconds=27.2
Epoch 4662/5000: score=11.068336 loss=-0.121964 valid=1.0000 routes=9.164 grad=1.6728 seconds=27.3
Epoch 4663/5000: score=11.125849 loss=-0.124461 valid=1.0000 routes=9.032 grad=1.6816 seconds=28.8
>> Invalid instances, Re-generating ...
Epoch 4664/5000: score=11.358351 loss=-0.121400 valid=1.0000 routes=9.981 grad=1.7954 seconds=26.3
Epoch 4665/5000: score=11.140990 loss=-0.115002 valid=1.0000 routes=9.521 grad=1.6779 seconds=26.0
Epoch 4666/5000: score=11.390309 loss=-0.120291 valid=1.0000 routes=10.104 grad=1.8375 seconds=27.4
Epoch 4667/5000: score=11.927967 loss=-0.120007 valid=1.0000 routes=10.427 grad=1.9467 seconds=26.8
Epoch 4668/5000: score=11.312671 loss=-0.122223 valid=1.0000 routes=9.693 grad=1.7615 seconds=25.2
Epoch 4669/5000: score=11.074919 loss=-0.112720 valid=1.0000 routes=9.710 grad=1.6823 seconds=26.2
Epoch 4670/5000: score=11.222750 loss=-0.122886 valid=1.0000 routes=9.882 grad=1.7414 seconds=25.9
Epoch 4671/5000: score=11.201296 loss=-0.118596 valid=1.0000 routes=9.722 grad=1.7927 seconds=27.6
Epoch 4672/5000: score=10.992016 loss=-0.122276 valid=1.0000 routes=9.788 grad=1.7045 seconds=27.0
Epoch 4673/5000: score=11.806886 loss=-0.115744 valid=1.0000 routes=10.188 grad=1.8843 seconds=27.5
Epoch 4674/5000: score=11.140039 loss=-0.115321 valid=1.0000 routes=9.666 grad=1.7469 seconds=27.7
Epoch 4675/5000: score=11.610021 loss=-0.112264 valid=1.0000 routes=10.493 grad=1.7965 seconds=26.8
Epoch 4676/5000: score=12.018196 loss=-0.125482 valid=1.0000 routes=9.992 grad=2.0322 seconds=27.3
Epoch 4677/5000: score=10.837100 loss=-0.116104 valid=1.0000 routes=9.619 grad=1.6816 seconds=27.6
Epoch 4678/5000: score=11.098922 loss=-0.120256 valid=1.0000 routes=9.401 grad=1.7455 seconds=27.8
Epoch 4679/5000: score=11.162314 loss=-0.119301 valid=1.0000 routes=9.408 grad=1.7434 seconds=31.3
Epoch 4680/5000: score=11.457592 loss=-0.117076 valid=1.0000 routes=10.050 grad=1.8362 seconds=26.7
Epoch 4681/5000: score=11.541268 loss=-0.114585 valid=1.0000 routes=10.058 grad=1.7823 seconds=26.3
Epoch 4682/5000: score=10.864988 loss=-0.118822 valid=1.0000 routes=9.758 grad=1.6764 seconds=26.5
Epoch 4683/5000: score=11.315926 loss=-0.123192 valid=1.0000 routes=9.533 grad=1.7504 seconds=26.6
Epoch 4684/5000: score=10.615128 loss=-0.111047 valid=1.0000 routes=9.378 grad=1.6043 seconds=29.1
Epoch 4685/5000: score=10.857393 loss=-0.121053 valid=1.0000 routes=9.036 grad=1.5684 seconds=27.0
Epoch 4686/5000: score=11.181376 loss=-0.126467 valid=1.0000 routes=9.704 grad=1.7706 seconds=27.0
Epoch 4687/5000: score=11.412149 loss=-0.121129 valid=1.0000 routes=9.537 grad=1.8147 seconds=26.3
Epoch 4688/5000: score=11.492610 loss=-0.120236 valid=1.0000 routes=9.537 grad=1.7736 seconds=26.0
Epoch 4689/5000: score=11.899498 loss=-0.129964 valid=1.0000 routes=10.062 grad=1.9666 seconds=26.8
Epoch 4690/5000: score=10.900230 loss=-0.120938 valid=1.0000 routes=9.573 grad=1.7201 seconds=27.6
>> Invalid instances, Re-generating ...
Epoch 4691/5000: score=10.977979 loss=-0.121802 valid=1.0000 routes=9.424 grad=1.7181 seconds=29.8
Epoch 4692/5000: score=11.485819 loss=-0.116402 valid=1.0000 routes=10.127 grad=1.7892 seconds=27.6
Epoch 4693/5000: score=11.153891 loss=-0.124176 valid=1.0000 routes=9.612 grad=1.7260 seconds=25.2
Epoch 4694/5000: score=11.293660 loss=-0.112705 valid=1.0000 routes=10.124 grad=1.7868 seconds=26.7
Epoch 4695/5000: score=11.550822 loss=-0.116166 valid=1.0000 routes=10.440 grad=1.8483 seconds=27.3
Epoch 4696/5000: score=11.220681 loss=-0.121104 valid=1.0000 routes=9.833 grad=1.7940 seconds=26.3
Epoch 4697/5000: score=10.963282 loss=-0.117704 valid=1.0000 routes=9.707 grad=1.7034 seconds=25.4
Epoch 4698/5000: score=11.533431 loss=-0.119600 valid=1.0000 routes=9.762 grad=1.7970 seconds=26.0
Epoch 4699/5000: score=11.213769 loss=-0.126887 valid=1.0000 routes=10.081 grad=1.8361 seconds=27.7
Epoch 4700/5000: score=11.110342 loss=-0.108191 valid=1.0000 routes=9.768 grad=1.6794 seconds=27.6
Epoch 4701/5000: score=11.540896 loss=-0.120006 valid=1.0000 routes=9.811 grad=1.8129 seconds=26.4
Epoch 4702/5000: score=11.316192 loss=-0.121240 valid=1.0000 routes=9.768 grad=1.8013 seconds=28.7
Epoch 4703/5000: score=11.826808 loss=-0.123001 valid=1.0000 routes=9.892 grad=1.8900 seconds=26.3
Epoch 4704/5000: score=11.039856 loss=-0.117496 valid=1.0000 routes=9.434 grad=1.7047 seconds=27.4
Epoch 4705/5000: score=11.085127 loss=-0.117338 valid=1.0000 routes=9.717 grad=1.7306 seconds=26.9
Epoch 4706/5000: score=11.235468 loss=-0.114341 valid=1.0000 routes=9.854 grad=1.7103 seconds=26.0
Epoch 4707/5000: score=11.379741 loss=-0.116290 valid=1.0000 routes=9.781 grad=1.7478 seconds=27.1
Epoch 4708/5000: score=11.552742 loss=-0.118996 valid=1.0000 routes=10.281 grad=1.8249 seconds=27.3
Epoch 4709/5000: score=11.866470 loss=-0.117521 valid=1.0000 routes=10.657 grad=1.9612 seconds=27.7
Epoch 4710/5000: score=11.131414 loss=-0.114129 valid=1.0000 routes=9.464 grad=1.6652 seconds=26.7
Epoch 4711/5000: score=11.562667 loss=-0.112548 valid=1.0000 routes=10.074 grad=1.7691 seconds=28.3
Epoch 4712/5000: score=11.536803 loss=-0.120539 valid=1.0000 routes=9.765 grad=1.8406 seconds=26.2
Epoch 4713/5000: score=11.527353 loss=-0.111644 valid=1.0000 routes=10.134 grad=1.8110 seconds=27.3
Epoch 4714/5000: score=11.180330 loss=-0.118714 valid=1.0000 routes=9.813 grad=1.7811 seconds=27.5
Epoch 4715/5000: score=11.507737 loss=-0.117344 valid=1.0000 routes=10.059 grad=1.7873 seconds=26.4
Epoch 4716/5000: score=11.360542 loss=-0.123291 valid=1.0000 routes=9.540 grad=1.8236 seconds=28.7
Epoch 4717/5000: score=11.513207 loss=-0.125665 valid=1.0000 routes=9.606 grad=1.8436 seconds=27.2
Epoch 4718/5000: score=11.464271 loss=-0.118161 valid=1.0000 routes=9.932 grad=1.8345 seconds=26.8
Epoch 4719/5000: score=11.181632 loss=-0.115191 valid=1.0000 routes=10.066 grad=1.7820 seconds=26.6
Epoch 4720/5000: score=11.508075 loss=-0.116540 valid=1.0000 routes=9.909 grad=1.8444 seconds=23.8
Epoch 4721/5000: score=11.815300 loss=-0.122282 valid=1.0000 routes=10.124 grad=1.8939 seconds=25.7
Epoch 4722/5000: score=11.590185 loss=-0.112901 valid=1.0000 routes=10.195 grad=1.8508 seconds=25.5
Epoch 4723/5000: score=11.255209 loss=-0.121991 valid=1.0000 routes=9.440 grad=1.7514 seconds=27.2
Epoch 4724/5000: score=11.379591 loss=-0.112718 valid=1.0000 routes=10.008 grad=1.7838 seconds=27.0
Epoch 4725/5000: score=11.589377 loss=-0.118092 valid=1.0000 routes=9.379 grad=1.7378 seconds=25.7
Epoch 4726/5000: score=11.652572 loss=-0.110721 valid=1.0000 routes=10.292 grad=1.8129 seconds=26.0
Epoch 4727/5000: score=11.725191 loss=-0.119750 valid=1.0000 routes=9.872 grad=1.9042 seconds=26.5
Epoch 4728/5000: score=11.769909 loss=-0.118869 valid=1.0000 routes=9.863 grad=1.8955 seconds=27.0
Epoch 4729/5000: score=11.188059 loss=-0.115193 valid=1.0000 routes=9.923 grad=1.7626 seconds=25.9
Epoch 4730/5000: score=11.517288 loss=-0.109356 valid=1.0000 routes=10.323 grad=1.8195 seconds=25.5
Epoch 4731/5000: score=11.441478 loss=-0.120020 valid=1.0000 routes=9.346 grad=1.8147 seconds=25.5
Epoch 4732/5000: score=10.830173 loss=-0.107510 valid=1.0000 routes=10.459 grad=1.7547 seconds=24.3
Epoch 4733/5000: score=11.159328 loss=-0.112267 valid=1.0000 routes=10.043 grad=1.7651 seconds=26.4
Epoch 4734/5000: score=11.395838 loss=-0.112866 valid=1.0000 routes=10.193 grad=1.7982 seconds=26.4
Epoch 4735/5000: score=11.231304 loss=-0.126857 valid=1.0000 routes=9.591 grad=1.8119 seconds=25.8
Epoch 4736/5000: score=11.648705 loss=-0.115504 valid=1.0000 routes=10.053 grad=1.8980 seconds=25.8
Epoch 4737/5000: score=11.249837 loss=-0.116223 valid=1.0000 routes=9.821 grad=1.7088 seconds=25.4
>> Invalid instances, Re-generating ...
Epoch 4738/5000: score=11.554245 loss=-0.115296 valid=1.0000 routes=10.110 grad=1.8038 seconds=26.9
Epoch 4739/5000: score=11.423218 loss=-0.111947 valid=1.0000 routes=10.111 grad=1.8015 seconds=26.5
>> Invalid instances, Re-generating ...
Epoch 4740/5000: score=11.363338 loss=-0.122308 valid=1.0000 routes=9.893 grad=1.8238 seconds=26.6
Epoch 4741/5000: score=11.491489 loss=-0.121268 valid=1.0000 routes=9.956 grad=1.8287 seconds=26.2
Epoch 4742/5000: score=11.410121 loss=-0.118643 valid=1.0000 routes=10.155 grad=1.7855 seconds=26.8
Epoch 4743/5000: score=11.415289 loss=-0.127782 valid=1.0000 routes=9.647 grad=1.8933 seconds=27.6
Epoch 4744/5000: score=10.968795 loss=-0.126745 valid=1.0000 routes=9.801 grad=1.7681 seconds=26.6
Epoch 4745/5000: score=10.452962 loss=-0.120234 valid=1.0000 routes=9.210 grad=1.6025 seconds=26.3
Epoch 4746/5000: score=11.198728 loss=-0.123944 valid=1.0000 routes=9.512 grad=1.7795 seconds=26.1
Epoch 4747/5000: score=11.875924 loss=-0.127280 valid=1.0000 routes=9.813 grad=1.9607 seconds=27.4
Epoch 4748/5000: score=11.262357 loss=-0.111239 valid=1.0000 routes=9.860 grad=1.7294 seconds=27.2
Epoch 4749/5000: score=11.652911 loss=-0.134540 valid=1.0000 routes=9.659 grad=1.9734 seconds=26.5
Epoch 4750/5000: score=10.881391 loss=-0.124976 valid=1.0000 routes=9.137 grad=1.7230 seconds=26.4
Epoch 4751/5000: score=10.891139 loss=-0.111802 valid=1.0000 routes=9.893 grad=1.6693 seconds=26.2
Epoch 4752/5000: score=11.147783 loss=-0.121693 valid=1.0000 routes=9.176 grad=1.6591 seconds=26.8
Epoch 4753/5000: score=11.429115 loss=-0.116599 valid=1.0000 routes=9.698 grad=1.7622 seconds=26.7
Epoch 4754/5000: score=11.603603 loss=-0.116537 valid=1.0000 routes=9.877 grad=1.8549 seconds=26.2
Epoch 4755/5000: score=11.292563 loss=-0.118077 valid=1.0000 routes=9.563 grad=1.7037 seconds=26.4
Epoch 4756/5000: score=11.163706 loss=-0.115504 valid=1.0000 routes=9.514 grad=1.7143 seconds=26.7
Epoch 4757/5000: score=11.531488 loss=-0.111442 valid=1.0000 routes=9.747 grad=1.7417 seconds=27.2
Epoch 4758/5000: score=11.650456 loss=-0.115067 valid=1.0000 routes=10.002 grad=1.8402 seconds=26.6
Epoch 4759/5000: score=11.268399 loss=-0.121618 valid=1.0000 routes=9.793 grad=1.7824 seconds=26.2
Epoch 4760/5000: score=11.322243 loss=-0.115933 valid=1.0000 routes=9.919 grad=1.7678 seconds=26.0
Epoch 4761/5000: score=11.412252 loss=-0.128554 valid=1.0000 routes=9.581 grad=1.9004 seconds=26.6
Epoch 4762/5000: score=11.201275 loss=-0.132613 valid=1.0000 routes=9.284 grad=1.8629 seconds=27.2
Epoch 4763/5000: score=11.084289 loss=-0.114557 valid=1.0000 routes=9.768 grad=1.6581 seconds=26.4
Epoch 4764/5000: score=11.137104 loss=-0.115566 valid=1.0000 routes=9.681 grad=1.7298 seconds=26.2
Epoch 4765/5000: score=11.541991 loss=-0.115114 valid=1.0000 routes=10.534 grad=1.8634 seconds=26.2
Epoch 4766/5000: score=11.325548 loss=-0.112731 valid=1.0000 routes=9.799 grad=1.7983 seconds=26.5
Epoch 4767/5000: score=11.155268 loss=-0.122581 valid=1.0000 routes=9.683 grad=1.7735 seconds=27.8
Epoch 4768/5000: score=11.397695 loss=-0.116610 valid=1.0000 routes=9.900 grad=1.8259 seconds=26.5
Epoch 4769/5000: score=10.919228 loss=-0.120822 valid=1.0000 routes=9.206 grad=1.6913 seconds=26.2
Epoch 4770/5000: score=10.986562 loss=-0.109285 valid=1.0000 routes=9.573 grad=1.6303 seconds=26.0
Epoch 4771/5000: score=11.242821 loss=-0.119485 valid=1.0000 routes=9.718 grad=1.7882 seconds=26.7
Epoch 4772/5000: score=11.658343 loss=-0.124889 valid=1.0000 routes=10.007 grad=1.9231 seconds=27.5
Epoch 4773/5000: score=11.383393 loss=-0.128925 valid=1.0000 routes=9.550 grad=1.8635 seconds=26.5
Epoch 4774/5000: score=11.113778 loss=-0.116060 valid=1.0000 routes=9.975 grad=1.7718 seconds=26.3
Epoch 4775/5000: score=11.550849 loss=-0.123434 valid=1.0000 routes=9.963 grad=1.8235 seconds=26.0
Epoch 4776/5000: score=11.543586 loss=-0.115607 valid=1.0000 routes=10.340 grad=1.8676 seconds=27.1
Epoch 4777/5000: score=11.412754 loss=-0.114441 valid=1.0000 routes=10.149 grad=1.8100 seconds=27.2
Epoch 4778/5000: score=10.984781 loss=-0.119262 valid=1.0000 routes=9.159 grad=1.6603 seconds=27.5
Epoch 4779/5000: score=11.764031 loss=-0.123978 valid=1.0000 routes=9.750 grad=1.8812 seconds=28.7
Epoch 4780/5000: score=11.055848 loss=-0.109012 valid=1.0000 routes=10.127 grad=1.7319 seconds=25.6
Epoch 4781/5000: score=11.676516 loss=-0.116183 valid=1.0000 routes=10.261 grad=1.9093 seconds=29.0
Epoch 4782/5000: score=11.866050 loss=-0.113700 valid=1.0000 routes=10.331 grad=1.8587 seconds=28.6
Epoch 4783/5000: score=11.626837 loss=-0.113907 valid=1.0000 routes=9.881 grad=1.8116 seconds=26.0
Epoch 4784/5000: score=11.191067 loss=-0.120538 valid=1.0000 routes=9.303 grad=1.7222 seconds=25.6
Epoch 4785/5000: score=11.386892 loss=-0.118355 valid=1.0000 routes=9.711 grad=1.7345 seconds=26.6
Epoch 4786/5000: score=11.364420 loss=-0.109095 valid=1.0000 routes=10.434 grad=1.7962 seconds=25.8
Epoch 4787/5000: score=11.160055 loss=-0.115036 valid=1.0000 routes=9.866 grad=1.7632 seconds=25.8
Epoch 4788/5000: score=11.724817 loss=-0.115562 valid=1.0000 routes=10.172 grad=1.9120 seconds=26.1
Epoch 4789/5000: score=11.433043 loss=-0.119174 valid=1.0000 routes=9.914 grad=1.8672 seconds=26.2
Epoch 4790/5000: score=11.545585 loss=-0.127703 valid=1.0000 routes=9.829 grad=1.9005 seconds=26.9
Epoch 4791/5000: score=10.926611 loss=-0.111948 valid=1.0000 routes=9.573 grad=1.6684 seconds=27.2
Epoch 4792/5000: score=11.203655 loss=-0.111964 valid=1.0000 routes=10.135 grad=1.8057 seconds=26.3
Epoch 4793/5000: score=11.269209 loss=-0.117708 valid=1.0000 routes=9.919 grad=1.7881 seconds=26.0
Epoch 4794/5000: score=11.609189 loss=-0.115166 valid=1.0000 routes=10.053 grad=1.8693 seconds=25.3
Epoch 4795/5000: score=11.037823 loss=-0.114120 valid=1.0000 routes=9.734 grad=1.7531 seconds=27.3
Epoch 4796/5000: score=11.291277 loss=-0.116871 valid=1.0000 routes=9.782 grad=1.8105 seconds=27.2
Epoch 4797/5000: score=11.496349 loss=-0.121985 valid=1.0000 routes=9.996 grad=1.8877 seconds=26.1
Epoch 4798/5000: score=11.686082 loss=-0.119170 valid=1.0000 routes=9.925 grad=1.8528 seconds=25.5
Epoch 4799/5000: score=11.750578 loss=-0.121019 valid=1.0000 routes=9.814 grad=1.9145 seconds=26.0
Epoch 4800/5000: score=11.223863 loss=-0.109308 valid=1.0000 routes=10.078 grad=1.7434 seconds=27.1
Epoch 4801/5000: score=11.634026 loss=-0.116625 valid=1.0000 routes=10.473 grad=1.9649 seconds=26.8
Epoch 4802/5000: score=11.563147 loss=-0.118008 valid=1.0000 routes=10.077 grad=1.8715 seconds=25.8
Epoch 4803/5000: score=11.747801 loss=-0.113348 valid=1.0000 routes=10.145 grad=1.8929 seconds=26.1
Epoch 4804/5000: score=11.577120 loss=-0.114658 valid=1.0000 routes=9.964 grad=1.7997 seconds=25.9
Epoch 4805/5000: score=11.612691 loss=-0.122822 valid=1.0000 routes=9.816 grad=1.8734 seconds=27.4
Epoch 4806/5000: score=11.056511 loss=-0.112364 valid=1.0000 routes=9.909 grad=1.7304 seconds=28.0
Epoch 4807/5000: score=10.430605 loss=-0.115948 valid=1.0000 routes=8.888 grad=1.5232 seconds=27.2
Epoch 4808/5000: score=11.155008 loss=-0.116667 valid=1.0000 routes=9.554 grad=1.7083 seconds=24.8
Epoch 4809/5000: score=11.907160 loss=-0.117435 valid=1.0000 routes=10.162 grad=1.9333 seconds=25.8
Epoch 4810/5000: score=11.346511 loss=-0.113069 valid=1.0000 routes=9.722 grad=1.7294 seconds=27.0
Epoch 4811/5000: score=10.966640 loss=-0.116038 valid=1.0000 routes=9.687 grad=1.7178 seconds=27.3
Epoch 4812/5000: score=11.040834 loss=-0.125309 valid=1.0000 routes=9.465 grad=1.8253 seconds=26.4
Epoch 4813/5000: score=11.302493 loss=-0.117137 valid=1.0000 routes=9.432 grad=1.7049 seconds=27.3
Epoch 4814/5000: score=11.879150 loss=-0.122843 valid=1.0000 routes=10.044 grad=1.9480 seconds=27.3
Epoch 4815/5000: score=11.429520 loss=-0.122030 valid=1.0000 routes=10.209 grad=1.8319 seconds=29.1
Epoch 4816/5000: score=11.597564 loss=-0.127177 valid=1.0000 routes=9.536 grad=1.8867 seconds=27.7
Epoch 4817/5000: score=11.423983 loss=-0.115005 valid=1.0000 routes=10.123 grad=1.7978 seconds=26.0
Epoch 4818/5000: score=10.555048 loss=-0.126952 valid=1.0000 routes=8.936 grad=1.6404 seconds=26.4
Epoch 4819/5000: score=11.063853 loss=-0.124661 valid=1.0000 routes=9.324 grad=1.7494 seconds=26.3
Epoch 4820/5000: score=11.429843 loss=-0.114059 valid=1.0000 routes=9.853 grad=1.7376 seconds=26.5
Epoch 4821/5000: score=11.520215 loss=-0.120721 valid=1.0000 routes=9.133 grad=1.7213 seconds=29.1
>> Invalid instances, Re-generating ...
Epoch 4822/5000: score=11.333638 loss=-0.117514 valid=1.0000 routes=9.893 grad=1.8084 seconds=26.0
Epoch 4823/5000: score=11.130373 loss=-0.123196 valid=1.0000 routes=9.425 grad=1.7254 seconds=26.1
Epoch 4824/5000: score=11.323560 loss=-0.126015 valid=1.0000 routes=9.621 grad=1.8297 seconds=28.6
Epoch 4825/5000: score=11.335390 loss=-0.109365 valid=1.0000 routes=10.294 grad=1.8393 seconds=29.0
Epoch 4826/5000: score=11.388705 loss=-0.117880 valid=1.0000 routes=9.714 grad=1.8064 seconds=26.1
Epoch 4827/5000: score=11.603759 loss=-0.113972 valid=1.0000 routes=10.098 grad=1.8341 seconds=26.4
Epoch 4828/5000: score=11.267454 loss=-0.116604 valid=1.0000 routes=10.075 grad=1.8486 seconds=26.1
Epoch 4829/5000: score=12.014065 loss=-0.121500 valid=1.0000 routes=10.306 grad=2.0043 seconds=26.8
Epoch 4830/5000: score=11.602933 loss=-0.119852 valid=1.0000 routes=10.186 grad=1.9176 seconds=26.5
Epoch 4831/5000: score=11.718839 loss=-0.117639 valid=1.0000 routes=10.018 grad=1.8785 seconds=25.9
Epoch 4832/5000: score=11.664064 loss=-0.119790 valid=1.0000 routes=9.809 grad=1.9028 seconds=26.1
Epoch 4833/5000: score=11.632970 loss=-0.112302 valid=1.0000 routes=10.247 grad=1.8530 seconds=26.2
Epoch 4834/5000: score=11.454083 loss=-0.112684 valid=1.0000 routes=10.313 grad=1.8514 seconds=27.0
Epoch 4835/5000: score=11.366309 loss=-0.115306 valid=1.0000 routes=10.077 grad=1.8340 seconds=26.9
Epoch 4836/5000: score=11.642615 loss=-0.120636 valid=1.0000 routes=9.685 grad=1.8767 seconds=26.2
Epoch 4837/5000: score=10.910429 loss=-0.121908 valid=1.0000 routes=9.225 grad=1.6664 seconds=26.2
Epoch 4838/5000: score=11.151350 loss=-0.116900 valid=1.0000 routes=9.839 grad=1.7921 seconds=28.1
Epoch 4839/5000: score=11.818485 loss=-0.122620 valid=1.0000 routes=10.152 grad=1.9222 seconds=27.4
Epoch 4840/5000: score=11.075173 loss=-0.113923 valid=1.0000 routes=9.475 grad=1.6552 seconds=26.7
Epoch 4841/5000: score=10.917136 loss=-0.119058 valid=1.0000 routes=9.253 grad=1.7009 seconds=26.4
Epoch 4842/5000: score=11.093286 loss=-0.109273 valid=1.0000 routes=9.908 grad=1.7425 seconds=26.1
Epoch 4843/5000: score=11.433252 loss=-0.124994 valid=1.0000 routes=9.627 grad=1.8785 seconds=26.2
Epoch 4844/5000: score=11.240266 loss=-0.110438 valid=1.0000 routes=9.855 grad=1.7315 seconds=27.2
Epoch 4845/5000: score=11.949787 loss=-0.119735 valid=1.0000 routes=10.641 grad=1.9827 seconds=26.5
Epoch 4846/5000: score=11.335505 loss=-0.111001 valid=1.0000 routes=10.087 grad=1.8032 seconds=26.1
Epoch 4847/5000: score=11.238644 loss=-0.113796 valid=1.0000 routes=9.782 grad=1.8018 seconds=26.1
Epoch 4848/5000: score=11.336458 loss=-0.113796 valid=1.0000 routes=9.891 grad=1.7633 seconds=27.0
Epoch 4849/5000: score=11.332975 loss=-0.114778 valid=1.0000 routes=9.653 grad=1.7982 seconds=29.3
Epoch 4850/5000: score=11.317155 loss=-0.115927 valid=1.0000 routes=9.784 grad=1.7618 seconds=27.1
Epoch 4851/5000: score=11.005854 loss=-0.119224 valid=1.0000 routes=9.487 grad=1.6968 seconds=27.8
Epoch 4852/5000: score=11.584055 loss=-0.123327 valid=1.0000 routes=9.875 grad=1.8781 seconds=26.2
Epoch 4853/5000: score=11.402289 loss=-0.119153 valid=1.0000 routes=9.748 grad=1.7926 seconds=26.6
Epoch 4854/5000: score=11.335090 loss=-0.117047 valid=1.0000 routes=9.810 grad=1.7807 seconds=26.3
Epoch 4855/5000: score=11.579996 loss=-0.123043 valid=1.0000 routes=9.493 grad=1.9113 seconds=26.0
Epoch 4856/5000: score=11.433530 loss=-0.116547 valid=1.0000 routes=9.745 grad=1.8354 seconds=25.1
Epoch 4857/5000: score=11.281575 loss=-0.119803 valid=1.0000 routes=9.318 grad=1.7712 seconds=27.1
Epoch 4858/5000: score=11.144117 loss=-0.112090 valid=1.0000 routes=9.715 grad=1.7021 seconds=26.9
Epoch 4859/5000: score=11.155760 loss=-0.118846 valid=1.0000 routes=9.815 grad=1.8060 seconds=27.0
Epoch 4860/5000: score=11.349958 loss=-0.117911 valid=1.0000 routes=9.579 grad=1.7928 seconds=25.2
Epoch 4861/5000: score=11.368015 loss=-0.130834 valid=1.0000 routes=9.296 grad=1.8736 seconds=26.3
Epoch 4862/5000: score=11.064622 loss=-0.118243 valid=1.0000 routes=9.524 grad=1.6975 seconds=26.4
Epoch 4863/5000: score=11.705150 loss=-0.118593 valid=1.0000 routes=10.288 grad=1.9091 seconds=27.1
Epoch 4864/5000: score=11.269596 loss=-0.121566 valid=1.0000 routes=9.914 grad=1.8486 seconds=27.6
Epoch 4865/5000: score=10.857739 loss=-0.112246 valid=1.0000 routes=9.802 grad=1.6973 seconds=26.2
Epoch 4866/5000: score=10.853557 loss=-0.122824 valid=1.0000 routes=9.385 grad=1.7374 seconds=26.2
Epoch 4867/5000: score=11.759799 loss=-0.121049 valid=1.0000 routes=10.110 grad=1.9303 seconds=27.3
Epoch 4868/5000: score=11.175106 loss=-0.117837 valid=1.0000 routes=10.308 grad=1.8399 seconds=27.6
Epoch 4869/5000: score=11.420102 loss=-0.120389 valid=1.0000 routes=10.309 grad=1.9378 seconds=26.6
Epoch 4870/5000: score=11.245042 loss=-0.122240 valid=1.0000 routes=9.402 grad=1.7867 seconds=26.3
Epoch 4871/5000: score=12.280068 loss=-0.120226 valid=1.0000 routes=10.523 grad=2.0203 seconds=26.4
Epoch 4872/5000: score=11.217325 loss=-0.114815 valid=1.0000 routes=10.027 grad=1.8058 seconds=26.8
Epoch 4873/5000: score=11.211476 loss=-0.122571 valid=1.0000 routes=9.456 grad=1.7572 seconds=27.3
Epoch 4874/5000: score=10.859547 loss=-0.112130 valid=1.0000 routes=10.138 grad=1.7272 seconds=26.0
Epoch 4875/5000: score=11.607406 loss=-0.118643 valid=1.0000 routes=10.317 grad=1.8948 seconds=26.4
Epoch 4876/5000: score=11.784494 loss=-0.124939 valid=1.0000 routes=9.845 grad=1.8804 seconds=26.3
Epoch 4877/5000: score=11.492941 loss=-0.121754 valid=1.0000 routes=9.872 grad=1.8783 seconds=27.3
Epoch 4878/5000: score=11.623292 loss=-0.115611 valid=1.0000 routes=10.313 grad=1.8484 seconds=26.4
Epoch 4879/5000: score=10.937932 loss=-0.111988 valid=1.0000 routes=9.691 grad=1.6375 seconds=25.7
Epoch 4880/5000: score=10.930599 loss=-0.115000 valid=1.0000 routes=9.537 grad=1.6834 seconds=24.3
Epoch 4881/5000: score=11.127642 loss=-0.122064 valid=1.0000 routes=9.555 grad=1.7555 seconds=25.9
Epoch 4882/5000: score=11.362444 loss=-0.118205 valid=1.0000 routes=9.912 grad=1.8293 seconds=27.2
Epoch 4883/5000: score=11.172880 loss=-0.113466 valid=1.0000 routes=9.598 grad=1.7394 seconds=27.2
Epoch 4884/5000: score=11.240690 loss=-0.113328 valid=1.0000 routes=10.029 grad=1.8284 seconds=26.0
Epoch 4885/5000: score=11.606589 loss=-0.116310 valid=1.0000 routes=10.197 grad=1.8936 seconds=25.9
Epoch 4886/5000: score=10.880648 loss=-0.124368 valid=1.0000 routes=9.467 grad=1.7582 seconds=25.5
Epoch 4887/5000: score=11.526795 loss=-0.117752 valid=1.0000 routes=9.638 grad=1.8884 seconds=26.6
Epoch 4888/5000: score=11.421193 loss=-0.119838 valid=1.0000 routes=9.924 grad=1.8305 seconds=26.6
Epoch 4889/5000: score=11.426918 loss=-0.120362 valid=1.0000 routes=10.132 grad=1.8388 seconds=26.1
Epoch 4890/5000: score=11.271131 loss=-0.120036 valid=1.0000 routes=9.601 grad=1.8285 seconds=26.1
Epoch 4891/5000: score=11.343188 loss=-0.123423 valid=1.0000 routes=9.483 grad=1.7857 seconds=26.7
Epoch 4892/5000: score=11.376036 loss=-0.123565 valid=1.0000 routes=9.319 grad=1.7844 seconds=27.4
Epoch 4893/5000: score=11.596656 loss=-0.113956 valid=1.0000 routes=10.344 grad=1.8855 seconds=26.6
Epoch 4894/5000: score=10.855815 loss=-0.113603 valid=1.0000 routes=9.537 grad=1.6358 seconds=26.3
Epoch 4895/5000: score=11.958198 loss=-0.120056 valid=1.0000 routes=10.573 grad=2.0467 seconds=26.0
Epoch 4896/5000: score=10.877094 loss=-0.118184 valid=1.0000 routes=9.262 grad=1.6544 seconds=26.7
Epoch 4897/5000: score=11.025439 loss=-0.125665 valid=1.0000 routes=9.094 grad=1.7512 seconds=27.5
Epoch 4898/5000: score=12.215760 loss=-0.122612 valid=1.0000 routes=10.287 grad=1.9977 seconds=26.3
Epoch 4899/5000: score=11.176324 loss=-0.118027 valid=1.0000 routes=9.654 grad=1.7937 seconds=26.4
Epoch 4900/5000: score=11.260273 loss=-0.122027 valid=1.0000 routes=9.764 grad=1.8315 seconds=26.3
Epoch 4901/5000: score=11.757152 loss=-0.125034 valid=1.0000 routes=10.156 grad=1.9893 seconds=27.3
Epoch 4902/5000: score=10.818220 loss=-0.120566 valid=1.0000 routes=9.071 grad=1.6656 seconds=27.4
Epoch 4903/5000: score=11.724172 loss=-0.121471 valid=1.0000 routes=9.901 grad=1.8555 seconds=27.3
Epoch 4904/5000: score=11.586778 loss=-0.121241 valid=1.0000 routes=10.005 grad=1.8884 seconds=26.2
Epoch 4905/5000: score=11.647647 loss=-0.127086 valid=1.0000 routes=9.706 grad=1.8696 seconds=26.5
Epoch 4906/5000: score=11.052669 loss=-0.113956 valid=1.0000 routes=9.690 grad=1.6615 seconds=27.4
Epoch 4907/5000: score=11.662736 loss=-0.122330 valid=1.0000 routes=9.981 grad=1.8848 seconds=27.5
Epoch 4908/5000: score=10.934704 loss=-0.118948 valid=1.0000 routes=9.638 grad=1.7502 seconds=26.2
Epoch 4909/5000: score=12.031062 loss=-0.114240 valid=1.0000 routes=10.502 grad=2.0065 seconds=25.9
Epoch 4910/5000: score=11.831928 loss=-0.124920 valid=1.0000 routes=9.835 grad=1.9352 seconds=24.3
Epoch 4911/5000: score=11.486845 loss=-0.113609 valid=1.0000 routes=9.619 grad=1.7600 seconds=27.0
Epoch 4912/5000: score=10.846998 loss=-0.113075 valid=1.0000 routes=9.627 grad=1.6963 seconds=26.8
Epoch 4913/5000: score=10.898551 loss=-0.107875 valid=1.0000 routes=9.718 grad=1.6333 seconds=25.4
Epoch 4914/5000: score=11.722351 loss=-0.112090 valid=1.0000 routes=10.310 grad=1.9169 seconds=24.8
Epoch 4915/5000: score=11.446085 loss=-0.115734 valid=1.0000 routes=9.942 grad=1.8551 seconds=26.4
Epoch 4916/5000: score=11.492557 loss=-0.121980 valid=1.0000 routes=9.909 grad=1.8629 seconds=27.0
Epoch 4917/5000: score=10.901093 loss=-0.111853 valid=1.0000 routes=9.484 grad=1.6544 seconds=26.5
Epoch 4918/5000: score=11.057608 loss=-0.118272 valid=1.0000 routes=9.596 grad=1.7236 seconds=25.3
Epoch 4919/5000: score=11.347529 loss=-0.116314 valid=1.0000 routes=9.741 grad=1.7778 seconds=25.5
Epoch 4920/5000: score=11.623870 loss=-0.116113 valid=1.0000 routes=9.760 grad=1.8147 seconds=26.5
Epoch 4921/5000: score=11.615936 loss=-0.118753 valid=1.0000 routes=9.966 grad=1.8936 seconds=27.1
Epoch 4922/5000: score=11.737234 loss=-0.109548 valid=1.0000 routes=10.700 grad=1.9098 seconds=26.6
Epoch 4923/5000: score=11.073542 loss=-0.112065 valid=1.0000 routes=10.022 grad=1.7845 seconds=27.0
Epoch 4924/5000: score=11.530219 loss=-0.126583 valid=1.0000 routes=9.630 grad=1.9535 seconds=26.6
Epoch 4925/5000: score=11.418586 loss=-0.111169 valid=1.0000 routes=10.079 grad=1.8058 seconds=26.8
Epoch 4926/5000: score=11.636111 loss=-0.120881 valid=1.0000 routes=10.024 grad=1.9473 seconds=27.5
Epoch 4927/5000: score=10.887425 loss=-0.116196 valid=1.0000 routes=9.677 grad=1.7006 seconds=28.5
Epoch 4928/5000: score=11.587749 loss=-0.116037 valid=1.0000 routes=10.067 grad=1.8902 seconds=26.0
Epoch 4929/5000: score=11.228148 loss=-0.121945 valid=1.0000 routes=9.396 grad=1.7549 seconds=25.7
Epoch 4930/5000: score=11.494877 loss=-0.120332 valid=1.0000 routes=9.346 grad=1.7878 seconds=27.0
Epoch 4931/5000: score=11.837659 loss=-0.121443 valid=1.0000 routes=10.082 grad=1.9675 seconds=27.2
Epoch 4932/5000: score=11.232918 loss=-0.121188 valid=1.0000 routes=9.588 grad=1.7391 seconds=26.0
Epoch 4933/5000: score=11.167480 loss=-0.119206 valid=1.0000 routes=9.310 grad=1.6997 seconds=24.1
Epoch 4934/5000: score=11.433314 loss=-0.112880 valid=1.0000 routes=10.035 grad=1.8240 seconds=23.8
Epoch 4935/5000: score=11.409252 loss=-0.121559 valid=1.0000 routes=9.753 grad=1.8542 seconds=26.9
Epoch 4936/5000: score=11.517539 loss=-0.120185 valid=1.0000 routes=10.138 grad=1.9046 seconds=27.1
Epoch 4937/5000: score=11.128686 loss=-0.114560 valid=1.0000 routes=10.028 grad=1.7967 seconds=25.5
Epoch 4938/5000: score=11.072990 loss=-0.115918 valid=1.0000 routes=9.985 grad=1.7807 seconds=26.0
Epoch 4939/5000: score=11.200665 loss=-0.122274 valid=1.0000 routes=9.613 grad=1.8164 seconds=26.2
Epoch 4940/5000: score=10.942366 loss=-0.120847 valid=1.0000 routes=9.286 grad=1.6935 seconds=27.4
Epoch 4941/5000: score=11.506454 loss=-0.121215 valid=1.0000 routes=9.458 grad=1.8173 seconds=27.2
Epoch 4942/5000: score=11.889857 loss=-0.118212 valid=1.0000 routes=9.503 grad=1.9158 seconds=26.1
Epoch 4943/5000: score=11.379031 loss=-0.116178 valid=1.0000 routes=9.983 grad=1.8408 seconds=26.2
Epoch 4944/5000: score=11.129415 loss=-0.117334 valid=1.0000 routes=9.797 grad=1.7653 seconds=26.4
Epoch 4945/5000: score=11.443489 loss=-0.117813 valid=1.0000 routes=10.052 grad=1.8811 seconds=27.4
Epoch 4946/5000: score=11.504586 loss=-0.111411 valid=1.0000 routes=10.154 grad=1.8218 seconds=27.5
Epoch 4947/5000: score=11.395747 loss=-0.116863 valid=1.0000 routes=10.387 grad=1.8536 seconds=26.1
Epoch 4948/5000: score=11.867554 loss=-0.117828 valid=1.0000 routes=10.244 grad=1.9265 seconds=26.0
Epoch 4949/5000: score=11.137722 loss=-0.109422 valid=1.0000 routes=9.852 grad=1.7915 seconds=26.6
Epoch 4950/5000: score=11.380824 loss=-0.114094 valid=1.0000 routes=10.714 grad=1.9092 seconds=27.3
Epoch 4951/5000: score=11.457793 loss=-0.120975 valid=1.0000 routes=10.067 grad=1.9164 seconds=26.9
Epoch 4952/5000: score=11.310903 loss=-0.108173 valid=1.0000 routes=10.002 grad=1.7347 seconds=26.0
Epoch 4953/5000: score=12.007898 loss=-0.116341 valid=1.0000 routes=10.513 grad=1.9665 seconds=26.1
Epoch 4954/5000: score=11.497275 loss=-0.116159 valid=1.0000 routes=10.026 grad=1.8942 seconds=26.1
Epoch 4955/5000: score=11.190068 loss=-0.116624 valid=1.0000 routes=9.747 grad=1.7819 seconds=26.5
Epoch 4956/5000: score=11.287832 loss=-0.119430 valid=1.0000 routes=9.921 grad=1.8686 seconds=27.1
Epoch 4957/5000: score=10.999897 loss=-0.109901 valid=1.0000 routes=9.948 grad=1.7260 seconds=26.2
Epoch 4958/5000: score=11.044632 loss=-0.119640 valid=1.0000 routes=9.700 grad=1.8249 seconds=26.5
Epoch 4959/5000: score=11.822205 loss=-0.117210 valid=1.0000 routes=10.179 grad=1.9683 seconds=26.2
Epoch 4960/5000: score=11.761888 loss=-0.115997 valid=1.0000 routes=10.264 grad=1.9047 seconds=27.1
Epoch 4961/5000: score=11.634127 loss=-0.121388 valid=1.0000 routes=10.089 grad=1.9524 seconds=26.4
Epoch 4962/5000: score=11.343816 loss=-0.121046 valid=1.0000 routes=9.162 grad=1.7931 seconds=26.0
Epoch 4963/5000: score=11.426604 loss=-0.114317 valid=1.0000 routes=10.136 grad=1.8831 seconds=26.1
Epoch 4964/5000: score=11.417315 loss=-0.119973 valid=1.0000 routes=9.850 grad=1.9042 seconds=27.5
Epoch 4965/5000: score=10.957595 loss=-0.118806 valid=1.0000 routes=9.490 grad=1.7125 seconds=27.9
Epoch 4966/5000: score=11.064724 loss=-0.124507 valid=1.0000 routes=9.455 grad=1.8132 seconds=26.4
Epoch 4967/5000: score=11.272710 loss=-0.124894 valid=1.0000 routes=9.524 grad=1.8647 seconds=26.5
Epoch 4968/5000: score=10.695800 loss=-0.111103 valid=1.0000 routes=9.927 grad=1.6591 seconds=25.9
Epoch 4969/5000: score=11.107456 loss=-0.112068 valid=1.0000 routes=9.591 grad=1.7344 seconds=27.0
Epoch 4970/5000: score=11.504529 loss=-0.124082 valid=1.0000 routes=9.873 grad=1.9201 seconds=27.4
>> Invalid instances, Re-generating ...
Epoch 4971/5000: score=11.289510 loss=-0.117227 valid=1.0000 routes=10.332 grad=1.8308 seconds=25.9
Epoch 4972/5000: score=11.218649 loss=-0.115487 valid=1.0000 routes=10.185 grad=1.8794 seconds=26.1
Epoch 4973/5000: score=11.118961 loss=-0.117227 valid=1.0000 routes=10.149 grad=1.8486 seconds=26.5
Epoch 4974/5000: score=10.999657 loss=-0.121612 valid=1.0000 routes=9.143 grad=1.7614 seconds=26.0
Epoch 4975/5000: score=10.824114 loss=-0.117240 valid=1.0000 routes=9.234 grad=1.6800 seconds=26.1
Epoch 4976/5000: score=11.892001 loss=-0.120887 valid=1.0000 routes=10.219 grad=2.0137 seconds=25.9
Epoch 4977/5000: score=11.674004 loss=-0.111101 valid=1.0000 routes=10.268 grad=1.9033 seconds=25.9
Epoch 4978/5000: score=11.160500 loss=-0.113009 valid=1.0000 routes=9.877 grad=1.7799 seconds=26.8
Epoch 4979/5000: score=11.237602 loss=-0.117314 valid=1.0000 routes=9.910 grad=1.8600 seconds=27.1
Epoch 4980/5000: score=10.865206 loss=-0.113798 valid=1.0000 routes=9.658 grad=1.7463 seconds=26.5
Epoch 4981/5000: score=11.774732 loss=-0.114602 valid=1.0000 routes=10.325 grad=1.9090 seconds=25.9
Epoch 4982/5000: score=11.962883 loss=-0.109393 valid=1.0000 routes=10.560 grad=1.9325 seconds=25.3
Epoch 4983/5000: score=11.512821 loss=-0.120717 valid=1.0000 routes=9.859 grad=1.9026 seconds=26.0
Epoch 4984/5000: score=11.421580 loss=-0.114599 valid=1.0000 routes=9.500 grad=1.7966 seconds=27.1
Epoch 4985/5000: score=10.944655 loss=-0.111639 valid=1.0000 routes=9.616 grad=1.7168 seconds=26.7
Epoch 4986/5000: score=11.175832 loss=-0.123729 valid=1.0000 routes=9.348 grad=1.8133 seconds=26.6
Epoch 4987/5000: score=11.501972 loss=-0.116160 valid=1.0000 routes=9.632 grad=1.8299 seconds=26.1
Epoch 4988/5000: score=10.679290 loss=-0.118052 valid=1.0000 routes=9.091 grad=1.6375 seconds=27.2
Epoch 4989/5000: score=11.365940 loss=-0.118987 valid=1.0000 routes=9.947 grad=1.8639 seconds=27.3
Epoch 4990/5000: score=10.810903 loss=-0.119620 valid=1.0000 routes=9.176 grad=1.7198 seconds=26.2
Epoch 4991/5000: score=10.972803 loss=-0.117075 valid=1.0000 routes=9.934 grad=1.7676 seconds=26.0
Epoch 4992/5000: score=11.447743 loss=-0.119407 valid=1.0000 routes=10.124 grad=1.9180 seconds=26.1
Epoch 4993/5000: score=11.287863 loss=-0.120490 valid=1.0000 routes=9.899 grad=1.9005 seconds=27.0
Epoch 4994/5000: score=11.201457 loss=-0.115044 valid=1.0000 routes=9.842 grad=1.7715 seconds=27.6
Epoch 4995/5000: score=11.405672 loss=-0.111513 valid=1.0000 routes=10.145 grad=1.8549 seconds=26.0
Epoch 4996/5000: score=11.476332 loss=-0.121596 valid=1.0000 routes=9.668 grad=1.8974 seconds=26.2
Epoch 4997/5000: score=11.319925 loss=-0.114909 valid=1.0000 routes=9.911 grad=1.7858 seconds=26.5
Epoch 4998/5000: score=11.367528 loss=-0.113037 valid=1.0000 routes=9.669 grad=1.7777 seconds=27.2
Epoch 4999/5000: score=11.277511 loss=-0.111576 valid=1.0000 routes=9.943 grad=1.7749 seconds=26.8
Epoch 5000/5000: score=11.485218 loss=-0.124789 valid=1.0000 routes=9.825 grad=1.9025 seconds=26.3
