problem,instance,status,cost,vehicles
CVRP,0,ok,14.9210221772,12
CVRP,1,ok,20.3234739866,11
CVRP,2,ok,18.4477168780,11
CVRP,3,ok,16.2991534608,10
CVRP,4,ok,14.1101547430,11
CVRP,5,ok,14.8561016165,11
CVRP,6,ok,15.9002507848,11
CVRP,7,ok,14.5090662828,13
CVRP,8,ok,17.1360021994,10
CVRP,9,ok,18.9945201357,10
CVRP,10,ok,17.0533675392,11
CVRP,11,ok,16.7431918651,11
CVRP,12,ok,19.5050442585,11
CVRP,13,ok,15.4939422528,11
CVRP,14,ok,14.3237246141,12
CVRP,15,ok,15.8573445371,11
CVRP,16,ok,14.0702330658,10
CVRP,17,ok,16.5457493749,10
CVRP,18,ok,17.2883034867,12
CVRP,19,ok,17.3597318768,11
CVRP,20,ok,15.2561306796,11
CVRP,21,ok,15.5214070423,11
CVRP,22,ok,17.8692520801,10
CVRP,23,ok,14.1171415994,10
CVRP,24,ok,18.1458813129,11
CVRP,25,ok,17.1007303407,10
CVRP,26,ok,15.8456715004,12
CVRP,27,ok,16.1569457301,12
CVRP,28,ok,16.2088826568,11
CVRP,29,ok,14.9357439916,12
CVRP,30,ok,14.9268480916,11
CVRP,31,ok,18.5284337302,11
CVRP,32,ok,15.9189112753,11
CVRP,33,ok,18.8028261777,12
CVRP,34,ok,18.9932958814,12
CVRP,35,ok,16.1551590534,12
CVRP,36,ok,14.4291824774,11
CVRP,37,ok,14.3892320700,10
CVRP,38,ok,19.4709861497,12
CVRP,39,ok,17.2125157047,12
CVRP,40,ok,17.8985434133,11
CVRP,41,ok,15.6776828597,11
CVRP,42,ok,17.9739823235,12
CVRP,43,ok,18.5885657489,11
CVRP,44,ok,17.5174285266,12
CVRP,45,ok,17.0862391337,11
CVRP,46,ok,17.1631032467,11
CVRP,47,ok,16.9521972298,11
CVRP,48,ok,17.3482689450,11
CVRP,49,ok,15.5027655836,12
CVRP,50,ok,15.6802051249,11
CVRP,51,ok,14.9341489157,11
CVRP,52,ok,16.2376486383,12
CVRP,53,ok,15.3837210949,12
CVRP,54,ok,17.6258933381,10
CVRP,55,ok,16.1699112883,11
CVRP,56,ok,19.3804246145,12
CVRP,57,ok,17.1975962905,11
CVRP,58,ok,14.1602627431,11
CVRP,59,ok,18.2567902323,12
CVRP,60,ok,14.7123954904,11
CVRP,61,ok,18.6782499903,11
CVRP,62,ok,16.6940439323,10
CVRP,63,ok,14.8353447141,11
CVRP,64,ok,17.3779978243,10
CVRP,65,ok,17.4358203506,12
CVRP,66,ok,14.9353566013,11
CVRP,67,ok,17.6390206578,10
CVRP,68,ok,16.0804377524,12
CVRP,69,ok,16.7220125087,11
CVRP,70,ok,16.4967716756,11
CVRP,71,ok,17.6354228028,11
CVRP,72,ok,16.9146700578,12
CVRP,73,ok,18.2678852320,10
CVRP,74,ok,16.8009263928,11
CVRP,75,ok,17.0360601207,11
CVRP,76,ok,13.0716451748,11
CVRP,77,ok,13.3745568737,11
CVRP,78,ok,15.5285258271,11
CVRP,79,ok,18.1561996630,12
CVRP,80,ok,19.9111482130,11
CVRP,81,ok,14.4664960046,12
CVRP,82,ok,16.6961919852,11
CVRP,83,ok,17.1073583554,10
CVRP,84,ok,17.5786056905,12
CVRP,85,ok,18.7826991315,11
CVRP,86,ok,16.2384548574,11
CVRP,87,ok,15.8587178154,12
CVRP,88,ok,19.2318368271,11
CVRP,89,ok,18.2448240581,11
CVRP,90,ok,15.0918745783,11
CVRP,91,ok,15.7521583985,11
CVRP,92,ok,14.4944394091,11
CVRP,93,ok,18.4923000516,12
CVRP,94,ok,18.3634206215,11
CVRP,95,ok,15.2099059193,11
CVRP,96,ok,17.9181728071,9
CVRP,97,ok,16.0513088630,12
CVRP,98,ok,14.2677487557,11
CVRP,99,ok,19.4535674461,11
CVRP,100,ok,14.4994777421,11
CVRP,101,ok,16.0778533077,10
CVRP,102,ok,20.4670394813,11
CVRP,103,ok,14.1245375712,11
CVRP,104,ok,13.8824245206,11
CVRP,105,ok,13.7812936272,11
CVRP,106,ok,15.1022673647,11
CVRP,107,ok,17.0764068165,10
CVRP,108,ok,13.7913113455,11
CVRP,109,ok,17.9131351832,11
CVRP,110,ok,19.2337959941,11
CVRP,111,ok,16.1763254724,11
CVRP,112,ok,15.4823677520,10
CVRP,113,ok,21.2329837972,12
CVRP,114,ok,19.2971836086,11
CVRP,115,ok,15.6806027372,10
CVRP,116,ok,18.4762882415,12
CVRP,117,ok,19.2366341658,11
CVRP,118,ok,14.3481634852,11
CVRP,119,ok,16.8252322171,11
CVRP,120,ok,13.7118846235,12
CVRP,121,ok,16.6628072706,12
CVRP,122,ok,18.5353260395,11
CVRP,123,ok,15.3950448163,10
CVRP,124,ok,18.1685659977,11
CVRP,125,ok,18.5846559096,11
CVRP,126,ok,16.7040387392,12
CVRP,127,ok,14.3613939374,10
CVRP,128,ok,17.2959532233,12
CVRP,129,ok,18.1011023702,10
CVRP,130,ok,15.1631921868,11
CVRP,131,ok,16.8215163049,10
CVRP,132,ok,15.0718560596,11
CVRP,133,ok,20.8534271617,12
CVRP,134,ok,15.4855672324,11
CVRP,135,ok,17.7465731187,10
CVRP,136,ok,15.5654111445,11
CVRP,137,ok,14.8222096698,12
CVRP,138,ok,15.2401979402,10
CVRP,139,ok,13.5532505010,10
CVRP,140,ok,16.7105865014,11
CVRP,141,ok,20.0555012346,11
CVRP,142,ok,19.1790990140,11
CVRP,143,ok,15.9311399080,12
CVRP,144,ok,15.7379527416,10
CVRP,145,ok,17.3712738263,11
CVRP,146,ok,19.9602672420,12
CVRP,147,ok,14.7168407076,11
CVRP,148,ok,17.8263781689,10
CVRP,149,ok,21.1217916683,11
CVRP,150,ok,18.8596634477,10
CVRP,151,ok,19.2110704775,12
CVRP,152,ok,18.8147599066,11
CVRP,153,ok,18.5601949012,12
CVRP,154,ok,18.4585917113,11
CVRP,155,ok,16.5702212873,12
CVRP,156,ok,16.8059242723,11
CVRP,157,ok,18.5077481227,11
CVRP,158,ok,17.4233467605,11
CVRP,159,ok,19.7615159913,10
CVRP,160,ok,16.1215658009,11
CVRP,161,ok,14.8121147904,11
CVRP,162,ok,16.5297281420,12
CVRP,163,ok,16.1016704131,11
CVRP,164,ok,16.8208482301,13
CVRP,165,ok,14.0492560159,11
CVRP,166,ok,15.3603118985,12
CVRP,167,ok,14.2188551366,11
CVRP,168,ok,15.7236372130,11
CVRP,169,ok,16.9679941461,12
CVRP,170,ok,16.7089561449,12
CVRP,171,ok,14.5607527369,12
CVRP,172,ok,18.0749468558,11
CVRP,173,ok,17.3121773521,12
CVRP,174,ok,17.3145161073,12
CVRP,175,ok,18.4004614125,12
CVRP,176,ok,18.8460632143,11
CVRP,177,ok,16.1641103194,12
CVRP,178,ok,15.8185118767,11
CVRP,179,ok,17.5114799853,12
CVRP,180,ok,13.6869788519,11
CVRP,181,ok,16.5565655404,12
CVRP,182,ok,17.0452152044,12
CVRP,183,ok,14.9766640123,11
CVRP,184,ok,19.2423124301,11
CVRP,185,ok,15.2421466033,11
CVRP,186,ok,15.8070916153,12
CVRP,187,ok,14.2006758459,12
CVRP,188,ok,17.9563380658,10
CVRP,189,ok,14.7619821597,11
CVRP,190,ok,17.3399182254,12
CVRP,191,ok,15.3008573479,11
CVRP,192,ok,17.3806260800,11
CVRP,193,ok,15.0545661447,9
CVRP,194,ok,16.1058006601,12
CVRP,195,ok,16.1908559436,11
CVRP,196,ok,19.3860485645,11
CVRP,197,ok,15.3231562130,11
CVRP,198,ok,18.2525413488,11
CVRP,199,ok,16.7636783764,10
CVRP,200,ok,15.0691429850,10
CVRP,201,ok,14.0693434823,11
CVRP,202,ok,14.4767189971,11
CVRP,203,ok,17.7630412640,11
CVRP,204,ok,15.5998255710,11
CVRP,205,ok,13.9947660276,11
CVRP,206,ok,18.0838505587,11
CVRP,207,ok,14.6286704076,11
CVRP,208,ok,14.6822118265,11
CVRP,209,ok,16.2826976697,10
CVRP,210,ok,14.2611269812,11
CVRP,211,ok,14.7508843094,12
CVRP,212,ok,16.2217648410,11
CVRP,213,ok,16.1999033613,12
CVRP,214,ok,15.9486745309,12
CVRP,215,ok,16.8099655850,11
CVRP,216,ok,14.2526279289,12
CVRP,217,ok,14.1829891892,11
CVRP,218,ok,19.1994865496,11
CVRP,219,ok,15.6341251366,11
CVRP,220,ok,17.3668946475,11
CVRP,221,ok,18.6256774949,12
CVRP,222,ok,18.6816492233,11
CVRP,223,ok,17.0412804390,10
CVRP,224,ok,17.4529845756,11
CVRP,225,ok,13.4855126582,12
CVRP,226,ok,15.2577154193,11
CVRP,227,ok,17.8531887455,11
CVRP,228,ok,17.5642848084,11
CVRP,229,ok,16.5506531546,11
CVRP,230,ok,14.8431389337,11
CVRP,231,ok,17.0731661956,11
CVRP,232,ok,15.4702794367,11
CVRP,233,ok,16.4584056478,11
CVRP,234,ok,14.7751516903,12
CVRP,235,ok,16.6312429500,11
CVRP,236,ok,16.9423000685,13
CVRP,237,ok,16.8944797985,10
CVRP,238,ok,16.5584176302,11
CVRP,239,ok,17.7478034988,11
CVRP,240,ok,13.9884225593,11
CVRP,241,ok,16.1782459733,11
CVRP,242,ok,18.4496000168,10
CVRP,243,ok,17.7736110190,12
CVRP,244,ok,14.3913036127,12
CVRP,245,ok,15.6729235840,12
CVRP,246,ok,14.7526944492,12
CVRP,247,ok,15.5327437472,11
CVRP,248,ok,19.0701777708,12
CVRP,249,ok,15.9690011826,11
CVRP,250,ok,15.6876324149,11
CVRP,251,ok,17.9467988476,11
CVRP,252,ok,14.1303598069,12
CVRP,253,ok,15.5022512763,12
CVRP,254,ok,15.5575493805,11
CVRP,255,ok,17.0336054203,10
CVRP,256,ok,15.3387957398,11
CVRP,257,ok,13.4235233633,10
CVRP,258,ok,16.9716357735,11
CVRP,259,ok,16.9732941225,11
CVRP,260,ok,13.7694210744,11
CVRP,261,ok,12.9002014347,10
CVRP,262,ok,15.8823373860,11
CVRP,263,ok,14.4746681688,12
CVRP,264,ok,18.1724158791,11
CVRP,265,ok,14.8749701939,11
CVRP,266,ok,20.5773298210,11
CVRP,267,ok,18.0644504457,10
CVRP,268,ok,13.7393516058,11
CVRP,269,ok,14.7400643519,11
CVRP,270,ok,19.9879694163,12
CVRP,271,ok,14.7900084822,10
CVRP,272,ok,18.5350284814,11
CVRP,273,ok,14.3016329602,10
CVRP,274,ok,15.0339196978,11
CVRP,275,ok,17.0382917813,10
CVRP,276,ok,21.5312507623,12
CVRP,277,ok,13.1228807029,11
CVRP,278,ok,16.9827697828,11
CVRP,279,ok,15.2532977694,11
CVRP,280,ok,15.2872089850,11
CVRP,281,ok,17.4871687615,11
CVRP,282,ok,18.2611410687,12
CVRP,283,ok,15.3701468335,11
CVRP,284,ok,16.9919488423,10
CVRP,285,ok,17.5378913752,12
CVRP,286,ok,20.5345062485,11
CVRP,287,ok,17.2798679422,11
CVRP,288,ok,14.3516511722,11
CVRP,289,ok,16.5835086431,11
CVRP,290,ok,16.8244946839,11
CVRP,291,ok,20.5864276972,11
CVRP,292,ok,15.2705869102,10
CVRP,293,ok,13.4906496763,11
CVRP,294,ok,16.0177755605,10
CVRP,295,ok,17.2060272075,10
CVRP,296,ok,13.6098251132,10
CVRP,297,ok,14.2143943880,11
CVRP,298,ok,15.1124583940,11
CVRP,299,ok,14.3306405123,11
CVRP,300,ok,15.9271190757,10
CVRP,301,ok,15.7534610478,10
CVRP,302,ok,14.8195600272,12
CVRP,303,ok,14.6507639060,11
CVRP,304,ok,17.7394778484,12
CVRP,305,ok,14.0845132285,11
CVRP,306,ok,16.7385832521,11
CVRP,307,ok,14.0855591316,11
CVRP,308,ok,15.5349583739,11
CVRP,309,ok,16.7789119459,11
CVRP,310,ok,17.8410122949,10
CVRP,311,ok,14.3539366256,10
CVRP,312,ok,20.3361658785,12
CVRP,313,ok,14.3324691740,11
CVRP,314,ok,18.3841592079,10
CVRP,315,ok,18.5080634883,11
CVRP,316,ok,16.3805282472,11
CVRP,317,ok,18.5810425242,12
CVRP,318,ok,15.9487903999,11
CVRP,319,ok,17.8343752630,12
CVRP,320,ok,17.7681126529,11
CVRP,321,ok,20.0662289263,11
CVRP,322,ok,16.0535008888,11
CVRP,323,ok,18.8224819791,10
CVRP,324,ok,19.0340333059,11
CVRP,325,ok,15.2445155224,11
CVRP,326,ok,17.3678182976,11
CVRP,327,ok,16.6583354742,11
CVRP,328,ok,17.4727567159,11
CVRP,329,ok,18.4062505738,11
CVRP,330,ok,20.1751068984,12
CVRP,331,ok,18.5136633237,12
CVRP,332,ok,16.8721267832,10
CVRP,333,ok,14.1849161266,12
CVRP,334,ok,16.0492814887,12
CVRP,335,ok,16.1196823177,12
CVRP,336,ok,16.4707601195,11
CVRP,337,ok,18.3140321575,11
CVRP,338,ok,15.4596381403,11
CVRP,339,ok,14.4820243268,11
CVRP,340,ok,16.4343317670,11
CVRP,341,ok,17.7989384796,11
CVRP,342,ok,15.3565287448,10
CVRP,343,ok,15.1877154405,11
CVRP,344,ok,18.8173474347,12
CVRP,345,ok,14.3042040851,11
CVRP,346,ok,16.0070749094,12
CVRP,347,ok,19.9475731267,11
CVRP,348,ok,14.5115121729,11
CVRP,349,ok,15.2239654765,11
CVRP,350,ok,16.1741028182,11
CVRP,351,ok,17.9040876631,12
CVRP,352,ok,15.6159746662,13
CVRP,353,ok,16.4838969499,12
CVRP,354,ok,16.2181979759,10
CVRP,355,ok,19.6143597567,12
CVRP,356,ok,20.2570582590,12
CVRP,357,ok,17.1257101594,11
CVRP,358,ok,17.5635524645,11
CVRP,359,ok,14.3910804672,11
CVRP,360,ok,13.7093444676,11
CVRP,361,ok,13.8060845676,11
CVRP,362,ok,19.5271139498,11
CVRP,363,ok,14.4280568431,11
CVRP,364,ok,13.7164856488,10
CVRP,365,ok,18.1911624606,10
CVRP,366,ok,16.8901798250,10
CVRP,367,ok,14.9705733958,11
CVRP,368,ok,16.7469016630,11
CVRP,369,ok,13.2424802201,10
CVRP,370,ok,17.5370271408,10
CVRP,371,ok,20.1032098457,11
CVRP,372,ok,14.8265843060,10
CVRP,373,ok,15.8512190878,12
CVRP,374,ok,17.3055777139,10
CVRP,375,ok,15.7032598170,12
CVRP,376,ok,18.0856246665,11
CVRP,377,ok,17.1723729528,11
CVRP,378,ok,18.1798580874,11
CVRP,379,ok,15.2297809312,11
CVRP,380,ok,14.7777148309,10
CVRP,381,ok,17.2956874235,10
CVRP,382,ok,14.4193974383,11
CVRP,383,ok,16.3771437857,11
CVRP,384,ok,15.3449413896,12
CVRP,385,ok,21.7445875182,11
CVRP,386,ok,17.4653685562,11
CVRP,387,ok,14.3051928839,12
CVRP,388,ok,14.6755691105,11
CVRP,389,ok,16.3313001907,10
CVRP,390,ok,15.0091213910,12
CVRP,391,ok,17.4778127204,10
CVRP,392,ok,18.1772278393,12
CVRP,393,ok,16.9708813106,12
CVRP,394,ok,17.7282763402,12
CVRP,395,ok,14.1129197437,10
CVRP,396,ok,14.6729575635,11
CVRP,397,ok,15.3799375842,12
CVRP,398,ok,18.2573574479,11
CVRP,399,ok,19.9389197213,12
CVRP,400,ok,18.1480674948,10
CVRP,401,ok,15.5813216743,12
CVRP,402,ok,17.2789891847,11
CVRP,403,ok,15.1041020469,11
CVRP,404,ok,14.4394112317,13
CVRP,405,ok,17.4195804747,11
CVRP,406,ok,15.3185041746,12
CVRP,407,ok,16.6163640146,11
CVRP,408,ok,17.6303224525,11
CVRP,409,ok,15.3563616703,12
CVRP,410,ok,17.4711119723,11
CVRP,411,ok,15.0041870574,11
CVRP,412,ok,16.3624122464,12
CVRP,413,ok,14.4242988953,11
CVRP,414,ok,20.0224640075,11
CVRP,415,ok,14.7509782832,10
CVRP,416,ok,18.2843453931,12
CVRP,417,ok,14.8512988720,11
CVRP,418,ok,16.9944660638,10
CVRP,419,ok,14.1767125442,11
CVRP,420,ok,13.6939834058,10
CVRP,421,ok,19.8434671022,10
CVRP,422,ok,16.4072696781,10
CVRP,423,ok,15.5402222485,11
CVRP,424,ok,16.8345466842,11
CVRP,425,ok,15.0933017273,11
CVRP,426,ok,12.7327950562,10
CVRP,427,ok,16.3630919661,11
CVRP,428,ok,15.1890332236,10
CVRP,429,ok,13.6952089384,11
CVRP,430,ok,19.0246187392,11
CVRP,431,ok,15.7963561593,11
CVRP,432,ok,18.3740935224,11
CVRP,433,ok,17.7405039566,11
CVRP,434,ok,15.3349246518,11
CVRP,435,ok,21.4841002274,11
CVRP,436,ok,19.0652356679,12
CVRP,437,ok,14.9228486238,9
CVRP,438,ok,14.3423705841,11
CVRP,439,ok,17.0299804329,11
CVRP,440,ok,21.3330914451,12
CVRP,441,ok,19.1574258171,10
CVRP,442,ok,17.2849499564,11
CVRP,443,ok,13.2315655000,11
CVRP,444,ok,15.7125005817,11
CVRP,445,ok,18.2404393962,11
CVRP,446,ok,18.4692284210,11
CVRP,447,ok,15.3059517357,11
CVRP,448,ok,17.8905588104,10
CVRP,449,ok,17.5750741380,12
CVRP,450,ok,16.0767439815,11
CVRP,451,ok,13.5221868519,10
CVRP,452,ok,18.0214963055,11
CVRP,453,ok,17.5965142554,12
CVRP,454,ok,18.1288725372,11
CVRP,455,ok,16.3061710845,11
CVRP,456,ok,16.6384141416,11
CVRP,457,ok,15.8649137956,10
CVRP,458,ok,16.4978207128,11
CVRP,459,ok,17.3707405508,11
CVRP,460,ok,16.5928048320,11
CVRP,461,ok,18.3913813536,11
CVRP,462,ok,14.6893950589,12
CVRP,463,ok,15.2667027327,10
CVRP,464,ok,19.3360874513,11
CVRP,465,ok,15.6084176176,12
CVRP,466,ok,18.8957508627,11
CVRP,467,ok,15.7069621090,12
CVRP,468,ok,14.8760299701,12
CVRP,469,ok,14.8910850177,10
CVRP,470,ok,18.7722998815,11
CVRP,471,ok,13.4852295323,11
CVRP,472,ok,17.3916922866,11
CVRP,473,ok,14.5142638783,11
CVRP,474,ok,15.0539588816,10
CVRP,475,ok,13.6309101599,11
CVRP,476,ok,14.3700535581,12
CVRP,477,ok,15.7961808553,12
CVRP,478,ok,18.1878961226,11
CVRP,479,ok,16.2361114619,11
CVRP,480,ok,16.2326522638,11
CVRP,481,ok,14.7262880292,11
CVRP,482,ok,17.4466612579,12
CVRP,483,ok,18.2928991967,10
CVRP,484,ok,19.2992248510,11
CVRP,485,ok,16.9554199217,10
CVRP,486,ok,14.3754872351,10
CVRP,487,ok,18.8990951214,12
CVRP,488,ok,14.0049016283,11
CVRP,489,ok,21.3205192942,11
CVRP,490,ok,16.7612767718,10
CVRP,491,ok,19.9390395399,11
CVRP,492,ok,17.1260884566,12
CVRP,493,ok,13.9803492548,12
CVRP,494,ok,17.4340200134,10
CVRP,495,ok,15.3046940228,11
CVRP,496,ok,14.6272029278,11
CVRP,497,ok,16.4919270212,12
CVRP,498,ok,19.0409028796,11
CVRP,499,ok,18.2338610641,11
CVRP,500,ok,17.8620931069,11
CVRP,501,ok,18.4520447238,12
CVRP,502,ok,15.6014458094,11
CVRP,503,ok,14.2819921034,12
CVRP,504,ok,14.7358889403,13
CVRP,505,ok,14.9952633551,12
CVRP,506,ok,16.6777930282,10
CVRP,507,ok,14.5501909100,11
CVRP,508,ok,21.5106946378,11
CVRP,509,ok,16.0254152981,12
CVRP,510,ok,16.1998584805,10
CVRP,511,ok,17.0073335356,12
CVRP,512,ok,16.9004073462,10
CVRP,513,ok,14.4398714548,11
CVRP,514,ok,13.7816491098,10
CVRP,515,ok,19.3383975262,11
CVRP,516,ok,13.7959199406,11
CVRP,517,ok,17.1254447702,10
CVRP,518,ok,16.3461975643,11
CVRP,519,ok,18.0233028420,11
CVRP,520,ok,17.7251588335,12
CVRP,521,ok,17.2999616727,13
CVRP,522,ok,14.4983294454,11
CVRP,523,ok,18.6661492066,11
CVRP,524,ok,15.1063178279,12
CVRP,525,ok,18.6355985575,12
CVRP,526,ok,15.1431169578,11
CVRP,527,ok,15.5423780616,11
CVRP,528,ok,14.3791344976,10
CVRP,529,ok,17.8102290913,10
CVRP,530,ok,17.0741271270,12
CVRP,531,ok,14.2148223537,10
CVRP,532,ok,14.1889707253,11
CVRP,533,ok,19.3249169008,12
CVRP,534,ok,15.2674175848,11
CVRP,535,ok,14.6750735664,12
CVRP,536,ok,16.2522970588,11
CVRP,537,ok,14.3334965274,11
CVRP,538,ok,20.9033979076,11
CVRP,539,ok,13.6016020691,11
CVRP,540,ok,18.2719549490,11
CVRP,541,ok,18.6482601372,11
CVRP,542,ok,13.8269994873,10
CVRP,543,ok,14.4323417066,11
CVRP,544,ok,17.5561819305,11
CVRP,545,ok,15.1375040209,11
CVRP,546,ok,14.2565500661,11
CVRP,547,ok,16.6663170048,12
CVRP,548,ok,18.4134764391,11
CVRP,549,ok,20.8233155982,11
CVRP,550,ok,14.7030823862,12
CVRP,551,ok,17.1913028730,11
CVRP,552,ok,19.9154605891,12
CVRP,553,ok,23.8570125269,12
CVRP,554,ok,15.2897439415,12
CVRP,555,ok,17.3557249707,11
CVRP,556,ok,17.1165316588,10
CVRP,557,ok,16.8773362438,12
CVRP,558,ok,15.1864077123,11
CVRP,559,ok,16.2219792945,11
CVRP,560,ok,14.2943398180,12
CVRP,561,ok,14.8025187507,11
CVRP,562,ok,14.3788167292,11
CVRP,563,ok,16.4832379476,9
CVRP,564,ok,16.2558475287,11
CVRP,565,ok,14.8414397579,12
CVRP,566,ok,18.1990464002,12
CVRP,567,ok,17.3609398752,11
CVRP,568,ok,18.5403505643,12
CVRP,569,ok,16.4672434431,12
CVRP,570,ok,17.9449901462,11
CVRP,571,ok,16.0500803622,11
CVRP,572,ok,18.5926540581,11
CVRP,573,ok,14.4342507834,11
CVRP,574,ok,17.1916555391,11
CVRP,575,ok,15.3947810005,13
CVRP,576,ok,13.4886368534,11
CVRP,577,ok,15.4053918710,11
CVRP,578,ok,16.4099092496,11
CVRP,579,ok,14.4466181479,11
CVRP,580,ok,13.7791772129,11
CVRP,581,ok,14.8215184625,12
CVRP,582,ok,17.7950329971,12
CVRP,583,ok,14.8320906620,11
CVRP,584,ok,20.1687328025,10
CVRP,585,ok,16.4400884751,13
CVRP,586,ok,18.0838466847,11
CVRP,587,ok,17.7834999387,11
CVRP,588,ok,17.9399999969,12
CVRP,589,ok,17.9625351067,11
CVRP,590,ok,18.0719327669,12
CVRP,591,ok,16.6501068731,10
CVRP,592,ok,16.5337503987,10
CVRP,593,ok,18.8335404764,10
CVRP,594,ok,15.4777366623,10
CVRP,595,ok,16.3703948745,12
CVRP,596,ok,18.4584290119,10
CVRP,597,ok,15.1581191151,12
CVRP,598,ok,16.8999776550,12
CVRP,599,ok,14.5716759763,10
CVRP,600,ok,18.0625172652,10
CVRP,601,ok,16.2815850978,11
CVRP,602,ok,14.5203968190,10
CVRP,603,ok,18.3256047568,11
CVRP,604,ok,16.5874421330,10
CVRP,605,ok,13.9336289289,10
CVRP,606,ok,18.8812924946,11
CVRP,607,ok,14.7657080360,11
CVRP,608,ok,15.5419744034,11
CVRP,609,ok,18.9109310778,11
CVRP,610,ok,19.0264006212,11
CVRP,611,ok,17.7510840188,12
CVRP,612,ok,16.9618416549,11
CVRP,613,ok,18.9188484864,11
CVRP,614,ok,14.7207834003,11
CVRP,615,ok,15.7325362786,11
CVRP,616,ok,17.3820972002,11
CVRP,617,ok,15.9620133331,12
CVRP,618,ok,17.9691555364,11
CVRP,619,ok,22.0118029740,12
CVRP,620,ok,15.6422596402,11
CVRP,621,ok,19.3327985265,11
CVRP,622,ok,14.9101256082,12
CVRP,623,ok,15.7930862434,12
CVRP,624,ok,17.1944253905,11
CVRP,625,ok,15.2561497019,11
CVRP,626,ok,16.0844551323,11
CVRP,627,ok,18.5613297864,11
CVRP,628,ok,17.6942846148,11
CVRP,629,ok,17.5678360330,11
CVRP,630,ok,16.5305108645,11
CVRP,631,ok,18.2130909847,11
CVRP,632,ok,17.5011873231,11
CVRP,633,ok,18.4893830674,11
CVRP,634,ok,14.3331434108,10
CVRP,635,ok,14.5773257868,12
CVRP,636,ok,14.9747528528,9
CVRP,637,ok,14.9624950425,11
CVRP,638,ok,18.6740853045,12
CVRP,639,ok,17.0339027495,11
CVRP,640,ok,16.4228162747,11
CVRP,641,ok,19.7937776064,11
CVRP,642,ok,19.2952395562,12
CVRP,643,ok,18.2774461976,11
CVRP,644,ok,17.0494482676,10
CVRP,645,ok,18.2356170903,11
CVRP,646,ok,18.3157757341,12
CVRP,647,ok,16.9073177713,11
CVRP,648,ok,20.0726646520,11
CVRP,649,ok,14.9248685042,12
CVRP,650,ok,20.2195935875,11
CVRP,651,ok,18.3389277305,11
CVRP,652,ok,14.2597085036,10
CVRP,653,ok,16.9778644773,11
CVRP,654,ok,16.3356066928,11
CVRP,655,ok,12.9935502414,10
CVRP,656,ok,18.9929257974,11
CVRP,657,ok,15.0649663160,11
CVRP,658,ok,16.2140921213,11
CVRP,659,ok,16.4690146591,14
CVRP,660,ok,15.1216592679,11
CVRP,661,ok,12.8954382675,10
CVRP,662,ok,16.5785748437,14
CVRP,663,ok,15.5723835007,12
CVRP,664,ok,17.7774247001,10
CVRP,665,ok,17.0446111782,11
CVRP,666,ok,20.4924378040,11
CVRP,667,ok,15.8267850838,12
CVRP,668,ok,15.4555665224,11
CVRP,669,ok,14.6003773384,11
CVRP,670,ok,15.6278751757,10
CVRP,671,ok,18.1926032806,10
CVRP,672,ok,14.3931412511,11
CVRP,673,ok,15.3730026143,12
CVRP,674,ok,18.9214617368,12
CVRP,675,ok,17.2909462815,11
CVRP,676,ok,14.4969246818,11
CVRP,677,ok,18.5966980255,11
CVRP,678,ok,18.3024103129,11
CVRP,679,ok,16.6042548008,11
CVRP,680,ok,16.1398683646,11
CVRP,681,ok,15.6929256350,11
CVRP,682,ok,17.7969206050,12
CVRP,683,ok,14.5515909993,11
CVRP,684,ok,15.7836137537,12
CVRP,685,ok,14.4379482948,11
CVRP,686,ok,18.0815447605,10
CVRP,687,ok,18.0088149918,11
CVRP,688,ok,13.2280397103,10
CVRP,689,ok,14.9871847045,12
CVRP,690,ok,19.0431383892,10
CVRP,691,ok,15.4443667397,11
CVRP,692,ok,13.8343455634,11
CVRP,693,ok,14.8133551415,11
CVRP,694,ok,15.4148432959,11
CVRP,695,ok,21.4958484263,11
CVRP,696,ok,16.7317138081,11
CVRP,697,ok,13.7999804071,11
CVRP,698,ok,18.2230312215,11
CVRP,699,ok,17.7580455521,11
CVRP,700,ok,18.1149491285,12
CVRP,701,ok,17.2078801039,11
CVRP,702,ok,16.9820593029,12
CVRP,703,ok,17.4128334650,11
CVRP,704,ok,17.1573814750,10
CVRP,705,ok,20.5377520694,11
CVRP,706,ok,15.9969946804,11
CVRP,707,ok,15.6254117149,12
CVRP,708,ok,15.4667849757,11
CVRP,709,ok,20.3205802044,11
CVRP,710,ok,14.5976400992,11
CVRP,711,ok,15.6706315525,10
CVRP,712,ok,14.4630419271,12
CVRP,713,ok,14.9173069257,11
CVRP,714,ok,18.6994507209,12
CVRP,715,ok,16.0484964237,11
CVRP,716,ok,16.1941569245,11
CVRP,717,ok,18.1703022559,12
CVRP,718,ok,15.4898472530,12
CVRP,719,ok,17.3938455459,11
CVRP,720,ok,21.1376352940,11
CVRP,721,ok,14.2084642878,10
CVRP,722,ok,13.4221447973,10
CVRP,723,ok,15.1377742023,12
CVRP,724,ok,17.1228953567,10
CVRP,725,ok,13.8663227940,11
CVRP,726,ok,15.9027640457,11
CVRP,727,ok,18.3169951473,10
CVRP,728,ok,19.4876045389,12
CVRP,729,ok,17.8571902106,12
CVRP,730,ok,18.3364647053,11
CVRP,731,ok,12.7998726322,9
CVRP,732,ok,14.5176838212,11
CVRP,733,ok,16.5709255088,11
CVRP,734,ok,14.3694187795,11
CVRP,735,ok,17.8833253075,12
CVRP,736,ok,18.2604630339,11
CVRP,737,ok,16.6849280210,11
CVRP,738,ok,21.2696322225,11
CVRP,739,ok,15.2127975174,11
CVRP,740,ok,16.2271989209,11
CVRP,741,ok,16.4582712537,11
CVRP,742,ok,21.0075096893,11
CVRP,743,ok,13.6809006725,12
CVRP,744,ok,19.7686595604,10
CVRP,745,ok,18.3480844314,11
CVRP,746,ok,17.8918593827,11
CVRP,747,ok,17.4174324788,12
CVRP,748,ok,14.9918012664,11
CVRP,749,ok,17.0420926133,11
CVRP,750,ok,18.8696772055,12
CVRP,751,ok,15.0368510128,10
CVRP,752,ok,14.9414988989,11
CVRP,753,ok,17.2575777082,12
CVRP,754,ok,13.8517826752,11
CVRP,755,ok,16.6880211847,13
CVRP,756,ok,18.5280383235,11
CVRP,757,ok,15.5351115307,11
CVRP,758,ok,16.3704433988,12
CVRP,759,ok,14.5715359155,12
CVRP,760,ok,20.2582813329,11
CVRP,761,ok,16.7637663551,11
CVRP,762,ok,16.3493847182,10
CVRP,763,ok,16.3395496120,11
CVRP,764,ok,16.9264553583,11
CVRP,765,ok,15.5470476463,11
CVRP,766,ok,15.9079476306,12
CVRP,767,ok,16.0293832091,11
CVRP,768,ok,18.3661647436,11
CVRP,769,ok,19.0185480028,12
CVRP,770,ok,14.6090176009,11
CVRP,771,ok,21.7380961260,11
CVRP,772,ok,18.4219946453,11
CVRP,773,ok,21.2778645950,11
CVRP,774,ok,18.7215683315,11
CVRP,775,ok,16.8316599355,12
CVRP,776,ok,12.5029722061,10
CVRP,777,ok,18.8099657029,11
CVRP,778,ok,14.7144876566,11
CVRP,779,ok,19.7568030737,11
CVRP,780,ok,15.1034068638,11
CVRP,781,ok,15.6681956461,10
CVRP,782,ok,17.1567984850,12
CVRP,783,ok,15.9009837125,12
CVRP,784,ok,18.8671268228,10
CVRP,785,ok,20.1860017255,11
CVRP,786,ok,17.5355271234,12
CVRP,787,ok,15.5370494618,11
CVRP,788,ok,15.7514319930,12
CVRP,789,ok,14.5392810788,10
CVRP,790,ok,17.7098123867,11
CVRP,791,ok,15.5512850027,11
CVRP,792,ok,15.6954114542,12
CVRP,793,ok,14.1407221648,13
CVRP,794,ok,20.9718866665,11
CVRP,795,ok,15.7656121262,11
CVRP,796,ok,17.5140470958,12
CVRP,797,ok,15.0003574781,11
CVRP,798,ok,17.1073300603,11
CVRP,799,ok,16.5887523020,11
CVRP,800,ok,15.0549508763,11
CVRP,801,ok,18.4575100942,12
CVRP,802,ok,15.2812050288,10
CVRP,803,ok,16.9189834320,11
CVRP,804,ok,14.4438782932,12
CVRP,805,ok,19.1386145161,12
CVRP,806,ok,16.3566525887,10
CVRP,807,ok,17.5155144667,12
CVRP,808,ok,14.4414941311,12
CVRP,809,ok,19.1032329117,10
CVRP,810,ok,16.5915326599,11
CVRP,811,ok,19.4363550705,12
CVRP,812,ok,20.5958895859,11
CVRP,813,ok,21.6643556805,12
CVRP,814,ok,17.1930532123,11
CVRP,815,ok,16.1391440192,12
CVRP,816,ok,17.4046099232,11
CVRP,817,ok,15.1821852976,12
CVRP,818,ok,15.1002259205,11
CVRP,819,ok,13.6644624376,11
CVRP,820,ok,15.0443700339,11
CVRP,821,ok,13.7892336839,11
CVRP,822,ok,15.4805774217,11
CVRP,823,ok,19.1869658523,11
CVRP,824,ok,19.9781325249,11
CVRP,825,ok,14.6977803897,12
CVRP,826,ok,16.1267926949,10
CVRP,827,ok,20.3920849117,11
CVRP,828,ok,16.7441795553,12
CVRP,829,ok,15.9680989037,11
CVRP,830,ok,15.8675591279,11
CVRP,831,ok,17.4172609308,11
CVRP,832,ok,17.5340877227,10
CVRP,833,ok,19.7886328148,11
CVRP,834,ok,17.5003437637,10
CVRP,835,ok,14.4984157031,11
CVRP,836,ok,16.6439971503,11
CVRP,837,ok,18.6192160370,12
CVRP,838,ok,18.5855428428,12
CVRP,839,ok,18.5905026051,12
CVRP,840,ok,16.9895120669,11
CVRP,841,ok,13.5983139392,11
CVRP,842,ok,14.3892009011,12
CVRP,843,ok,19.6446029466,12
CVRP,844,ok,14.2857069818,11
CVRP,845,ok,18.2252742935,10
CVRP,846,ok,15.0365328436,12
CVRP,847,ok,15.1371254056,11
CVRP,848,ok,20.8446212667,11
CVRP,849,ok,18.8160652269,11
CVRP,850,ok,19.7999259216,10
CVRP,851,ok,17.3551900918,11
CVRP,852,ok,17.8423993061,11
CVRP,853,ok,19.2205977838,11
CVRP,854,ok,14.5162605269,13
CVRP,855,ok,15.3318443444,11
CVRP,856,ok,16.9816327494,10
CVRP,857,ok,16.7247076529,10
CVRP,858,ok,13.3827410565,10
CVRP,859,ok,16.3683873029,11
CVRP,860,ok,16.7271615357,11
CVRP,861,ok,18.9985043291,11
CVRP,862,ok,20.3715453373,11
CVRP,863,ok,17.2087614710,10
CVRP,864,ok,15.2057039596,11
CVRP,865,ok,18.6010808867,11
CVRP,866,ok,16.1978921479,10
CVRP,867,ok,14.1711446348,11
CVRP,868,ok,14.1629828312,11
CVRP,869,ok,15.0813646828,12
CVRP,870,ok,19.6194705432,11
CVRP,871,ok,16.8152722760,10
CVRP,872,ok,18.7085619751,11
CVRP,873,ok,16.7713137840,12
CVRP,874,ok,19.5713529461,11
CVRP,875,ok,19.2462372563,11
CVRP,876,ok,21.2623487199,12
CVRP,877,ok,16.2339737561,12
CVRP,878,ok,16.4706836813,12
CVRP,879,ok,13.5429241783,11
CVRP,880,ok,16.0482973688,11
CVRP,881,ok,14.7417367132,12
CVRP,882,ok,14.5837696533,13
CVRP,883,ok,16.6126802562,12
CVRP,884,ok,18.4041540383,11
CVRP,885,ok,17.9781473579,12
CVRP,886,ok,18.6662312987,12
CVRP,887,ok,14.7323089015,10
CVRP,888,ok,19.7392756990,12
CVRP,889,ok,15.5118553212,11
CVRP,890,ok,16.5616584221,12
CVRP,891,ok,14.3956005921,9
CVRP,892,ok,13.9555050911,11
CVRP,893,ok,16.3457718989,10
CVRP,894,ok,18.8683917315,12
CVRP,895,ok,16.4111366061,11
CVRP,896,ok,19.4070361314,11
CVRP,897,ok,14.1849212491,11
CVRP,898,ok,16.1637812868,12
CVRP,899,ok,15.8431278501,12
CVRP,900,ok,14.8689117273,11
CVRP,901,ok,15.1784679134,10
CVRP,902,ok,19.8198004538,11
CVRP,903,ok,14.1057308335,12
CVRP,904,ok,19.8822707983,11
CVRP,905,ok,19.0194303639,11
CVRP,906,ok,15.7465093076,11
CVRP,907,ok,20.2017608375,11
CVRP,908,ok,19.4594635951,12
CVRP,909,ok,16.5210118830,11
CVRP,910,ok,14.3396987763,10
CVRP,911,ok,20.6260678908,11
CVRP,912,ok,19.7392740234,11
CVRP,913,ok,19.9524778045,11
CVRP,914,ok,15.6883007098,10
CVRP,915,ok,17.6975910160,11
CVRP,916,ok,15.4880366052,11
CVRP,917,ok,15.4409692339,11
CVRP,918,ok,14.9007943087,12
CVRP,919,ok,16.1608658616,11
CVRP,920,ok,16.8108860547,12
CVRP,921,ok,20.6648824336,12
CVRP,922,ok,15.4354550231,11
CVRP,923,ok,15.3546733531,11
CVRP,924,ok,16.6123513515,11
CVRP,925,ok,19.1015285153,11
CVRP,926,ok,20.0494650307,11
CVRP,927,ok,16.8233370370,11
CVRP,928,ok,14.6665042967,11
CVRP,929,ok,19.2081477326,11
CVRP,930,ok,15.2285359322,11
CVRP,931,ok,16.7917626156,11
CVRP,932,ok,15.9498502547,12
CVRP,933,ok,17.7999376788,10
CVRP,934,ok,16.9110621977,11
CVRP,935,ok,14.7283287748,12
CVRP,936,ok,18.3959615149,11
CVRP,937,ok,16.5970049003,11
CVRP,938,ok,20.9532243779,12
CVRP,939,ok,16.3689761793,12
CVRP,940,ok,16.4085274129,12
CVRP,941,ok,16.1120518280,10
CVRP,942,ok,14.0961392545,12
CVRP,943,ok,14.9982209944,11
CVRP,944,ok,17.5870688189,11
CVRP,945,ok,16.4802826087,11
CVRP,946,ok,13.5695166832,12
CVRP,947,ok,13.9042465800,11
CVRP,948,ok,18.7846765580,11
CVRP,949,ok,15.7223159427,12
CVRP,950,ok,18.9904017186,12
CVRP,951,ok,16.9077900563,10
CVRP,952,ok,18.2881746567,11
CVRP,953,ok,15.9649027511,10
CVRP,954,ok,17.3290711836,11
CVRP,955,ok,18.9429012228,11
CVRP,956,ok,16.1635103224,11
CVRP,957,ok,20.9184467051,12
CVRP,958,ok,17.0546347050,10
CVRP,959,ok,19.1026196048,11
CVRP,960,ok,17.8715079441,11
CVRP,961,ok,17.3834879191,11
CVRP,962,ok,17.0355702905,11
CVRP,963,ok,14.4981953604,11
CVRP,964,ok,19.2349528684,11
CVRP,965,ok,16.5871285070,10
CVRP,966,ok,13.5287843435,10
CVRP,967,ok,18.8285844082,11
CVRP,968,ok,17.8695686185,11
CVRP,969,ok,20.5474728925,11
CVRP,970,ok,20.6596473275,11
CVRP,971,ok,15.3625757696,11
CVRP,972,ok,20.0801265519,12
CVRP,973,ok,13.7901015332,10
CVRP,974,ok,15.0873374276,11
CVRP,975,ok,13.5777984309,10
CVRP,976,ok,19.9257139284,11
CVRP,977,ok,16.9810706547,11
CVRP,978,ok,19.8997060552,11
CVRP,979,ok,15.7758460230,12
CVRP,980,ok,18.4083319981,12
CVRP,981,ok,14.2648418730,11
CVRP,982,ok,16.1815311972,12
CVRP,983,ok,19.2849537209,11
CVRP,984,ok,16.0601153375,11
CVRP,985,ok,18.7323503403,11
CVRP,986,ok,18.1222112710,12
CVRP,987,ok,16.5773862536,11
CVRP,988,ok,17.9635727156,10
CVRP,989,ok,19.9904062264,10
CVRP,990,ok,13.8433895746,11
CVRP,991,ok,18.9391390981,12
CVRP,992,ok,14.6295431448,11
CVRP,993,ok,19.6470563860,11
CVRP,994,ok,15.6974012270,10
CVRP,995,ok,17.2663025540,11
CVRP,996,ok,17.9028431135,11
CVRP,997,ok,17.2286939137,12
CVRP,998,ok,14.6592143322,11
CVRP,999,ok,17.4748824973,11
OVRP,0,ok,10.7214296506,11
OVRP,1,ok,13.0021311631,12
OVRP,2,ok,10.6606234706,13
OVRP,3,ok,12.1875746374,13
OVRP,4,ok,10.9756405997,12
OVRP,5,ok,13.2257032764,14
OVRP,6,ok,11.9387875353,12
OVRP,7,ok,11.8638800179,10
OVRP,8,ok,11.3797330940,16
OVRP,9,ok,10.7614569381,14
OVRP,10,ok,11.1437850503,12
OVRP,11,ok,12.3032294556,12
OVRP,12,ok,12.1187673821,13
OVRP,13,ok,10.6753362165,13
OVRP,14,ok,12.4155792771,14
OVRP,15,ok,12.1238840037,11
OVRP,16,ok,9.9750916693,11
OVRP,17,ok,10.8360456401,12
OVRP,18,ok,10.2290440984,14
OVRP,19,ok,12.1800659027,11
OVRP,20,ok,11.2753059160,13
OVRP,21,ok,10.2457717083,12
OVRP,22,ok,10.5924993784,14
OVRP,23,ok,11.7308226580,13
OVRP,24,ok,11.9812073959,12
OVRP,25,ok,11.1614015210,13
OVRP,26,ok,10.2018439103,13
OVRP,27,ok,11.9950145580,15
OVRP,28,ok,10.0531843031,13
OVRP,29,ok,10.3011100737,12
OVRP,30,ok,11.4305951283,13
OVRP,31,ok,10.3752910040,13
OVRP,32,ok,11.5415973692,11
OVRP,33,ok,9.7303748708,15
OVRP,34,ok,12.1308847140,11
OVRP,35,ok,11.9956041072,11
OVRP,36,ok,9.6387928513,12
OVRP,37,ok,10.7773164677,11
OVRP,38,ok,12.2450499589,12
OVRP,39,ok,10.6746136132,13
OVRP,40,ok,10.8223948064,13
OVRP,41,ok,12.3128403456,14
OVRP,42,ok,10.6012610357,11
OVRP,43,ok,11.5204539926,13
OVRP,44,ok,11.2833995334,12
OVRP,45,ok,12.5461014313,11
OVRP,46,ok,11.2009912452,13
OVRP,47,ok,11.3545079441,12
OVRP,48,ok,11.7652616062,14
OVRP,49,ok,11.2200760452,12
OVRP,50,ok,12.1382067126,13
OVRP,51,ok,11.9738253536,13
OVRP,52,ok,9.8851041313,15
OVRP,53,ok,11.1069452759,12
OVRP,54,ok,11.5681947810,12
OVRP,55,ok,11.4178996990,14
OVRP,56,ok,10.5170298457,12
OVRP,57,ok,11.1765670270,13
OVRP,58,ok,10.3682248790,12
OVRP,59,ok,12.9859201951,11
OVRP,60,ok,9.8506239784,12
OVRP,61,ok,9.8377632474,13
OVRP,62,ok,10.5305514477,14
OVRP,63,ok,11.6650981804,12
OVRP,64,ok,13.3541790317,12
OVRP,65,ok,11.9669315662,13
OVRP,66,ok,11.6412664165,13
OVRP,67,ok,10.6715945599,14
OVRP,68,ok,11.9196514989,13
OVRP,69,ok,13.4527981361,12
OVRP,70,ok,11.7126063162,13
OVRP,71,ok,9.6740514826,12
OVRP,72,ok,11.7283683165,12
OVRP,73,ok,12.9503658145,13
OVRP,74,ok,11.7780337860,11
OVRP,75,ok,11.2867626515,12
OVRP,76,ok,10.8723983935,12
OVRP,77,ok,12.3564573825,14
OVRP,78,ok,12.2481954027,13
OVRP,79,ok,11.3855896025,14
OVRP,80,ok,11.2215818471,12
OVRP,81,ok,11.6341278208,13
OVRP,82,ok,11.4611008362,13
OVRP,83,ok,10.7239037356,13
OVRP,84,ok,9.2841088056,13
OVRP,85,ok,10.7861623091,13
OVRP,86,ok,13.4933074856,12
OVRP,87,ok,12.8634475566,13
OVRP,88,ok,10.5668221076,12
OVRP,89,ok,10.6146072146,11
OVRP,90,ok,11.7550505150,14
OVRP,91,ok,11.9787724421,11
OVRP,92,ok,10.9994226979,12
OVRP,93,ok,10.7145390792,13
OVRP,94,ok,12.1033374841,13
OVRP,95,ok,11.9461558190,11
OVRP,96,ok,12.6752140407,12
OVRP,97,ok,11.3502616119,12
OVRP,98,ok,10.4534763003,12
OVRP,99,ok,10.4058699219,14
OVRP,100,ok,11.0223651441,13
OVRP,101,ok,10.5610617253,12
OVRP,102,ok,10.2563306797,12
OVRP,103,ok,9.2832029015,11
OVRP,104,ok,12.1838669954,14
OVRP,105,ok,10.1722639593,12
OVRP,106,ok,10.9673147942,12
OVRP,107,ok,10.2194435394,14
OVRP,108,ok,11.3346875735,14
OVRP,109,ok,12.3285662007,14
OVRP,110,ok,9.7286877871,11
OVRP,111,ok,10.5004161167,11
OVRP,112,ok,13.6878972055,12
OVRP,113,ok,12.3820831045,14
OVRP,114,ok,11.1131966953,12
OVRP,115,ok,12.8781696880,11
OVRP,116,ok,12.5291035885,11
OVRP,117,ok,12.9095508006,11
OVRP,118,ok,11.3415188076,12
OVRP,119,ok,13.0074596614,14
OVRP,120,ok,11.4591648226,13
OVRP,121,ok,10.4609954216,13
OVRP,122,ok,11.7352624211,13
OVRP,123,ok,12.3252344102,15
OVRP,124,ok,12.0726913033,13
OVRP,125,ok,11.2995919817,13
OVRP,126,ok,11.0324318274,13
OVRP,127,ok,11.2502210413,11
OVRP,128,ok,12.0719702643,13
OVRP,129,ok,12.1682458432,14
OVRP,130,ok,11.4603523083,13
OVRP,131,ok,10.3434747257,14
OVRP,132,ok,9.8846926766,14
OVRP,133,ok,10.5728103627,11
OVRP,134,ok,11.4955886746,12
OVRP,135,ok,10.1959556487,14
OVRP,136,ok,11.7039878951,12
OVRP,137,ok,10.5932419979,12
OVRP,138,ok,12.1239393859,13
OVRP,139,ok,12.6874137008,12
OVRP,140,ok,12.7753746791,13
OVRP,141,ok,11.8225561691,13
OVRP,142,ok,10.1828745073,13
OVRP,143,ok,10.3202949875,12
OVRP,144,ok,12.0234015363,12
OVRP,145,ok,11.4928548213,12
OVRP,146,ok,12.6842277467,13
OVRP,147,ok,9.9603777233,12
OVRP,148,ok,12.5662390560,14
OVRP,149,ok,10.8703582821,14
OVRP,150,ok,13.6041293540,13
OVRP,151,ok,10.2985088450,12
OVRP,152,ok,11.4282930276,12
OVRP,153,ok,11.0468028777,12
OVRP,154,ok,11.6278516282,12
OVRP,155,ok,9.1849658586,13
OVRP,156,ok,12.1948177548,11
OVRP,157,ok,9.5337003997,15
OVRP,158,ok,11.9775774624,14
OVRP,159,ok,12.2511612737,12
OVRP,160,ok,10.2415348745,13
OVRP,161,ok,10.5756735977,12
OVRP,162,ok,11.6293433012,13
OVRP,163,ok,9.7289810907,12
OVRP,164,ok,10.8756703207,11
OVRP,165,ok,11.9807612961,13
OVRP,166,ok,11.3986852249,15
OVRP,167,ok,11.3688300881,12
OVRP,168,ok,10.1196494173,11
OVRP,169,ok,13.2203330338,13
OVRP,170,ok,11.7890030826,11
OVRP,171,ok,9.8950846983,12
OVRP,172,ok,12.1996384296,12
OVRP,173,ok,12.0275396394,15
OVRP,174,ok,12.3224550137,13
OVRP,175,ok,12.9189550059,12
OVRP,176,ok,11.4602097864,12
OVRP,177,ok,11.0234892898,12
OVRP,178,ok,10.4366660812,13
OVRP,179,ok,10.4540529331,12
OVRP,180,ok,13.0076495635,13
OVRP,181,ok,12.0996405169,12
OVRP,182,ok,11.7598142764,14
OVRP,183,ok,10.2355069561,14
OVRP,184,ok,13.4624161847,12
OVRP,185,ok,11.0476183264,13
OVRP,186,ok,10.6453075439,15
OVRP,187,ok,11.6941504034,14
OVRP,188,ok,10.9006420348,14
OVRP,189,ok,11.4481445690,13
OVRP,190,ok,10.4181242288,11
OVRP,191,ok,11.9866114121,10
OVRP,192,ok,10.7704234233,13
OVRP,193,ok,9.9036907093,13
OVRP,194,ok,13.1237436819,11
OVRP,195,ok,12.5406671702,13
OVRP,196,ok,11.3383476084,12
OVRP,197,ok,10.5954206332,13
OVRP,198,ok,13.7076886777,12
OVRP,199,ok,11.1521898989,11
OVRP,200,ok,11.8203125927,13
OVRP,201,ok,10.2113860129,13
OVRP,202,ok,10.9503328469,13
OVRP,203,ok,9.9473341680,13
OVRP,204,ok,10.5397609093,12
OVRP,205,ok,14.6324931047,14
OVRP,206,ok,11.5928306816,12
OVRP,207,ok,11.3135693639,12
OVRP,208,ok,10.7701857928,14
OVRP,209,ok,10.7432147736,13
OVRP,210,ok,11.2800732713,12
OVRP,211,ok,9.8459885294,13
OVRP,212,ok,10.0786825891,13
OVRP,213,ok,12.2687067147,12
OVRP,214,ok,10.2908470543,13
OVRP,215,ok,11.2550317337,12
OVRP,216,ok,10.8055194182,12
OVRP,217,ok,10.4632249646,14
OVRP,218,ok,12.5314198405,13
OVRP,219,ok,11.0792050446,14
OVRP,220,ok,10.4020661110,13
OVRP,221,ok,11.4999586999,15
OVRP,222,ok,12.8003509651,14
OVRP,223,ok,10.5974447721,12
OVRP,224,ok,9.6786552461,13
OVRP,225,ok,10.0131787418,15
OVRP,226,ok,9.9268463345,12
OVRP,227,ok,10.4165559804,15
OVRP,228,ok,11.7831620266,12
OVRP,229,ok,9.7907891206,13
OVRP,230,ok,10.2355486841,12
OVRP,231,ok,10.8715151063,10
OVRP,232,ok,11.5122818108,14
OVRP,233,ok,10.3895874019,13
OVRP,234,ok,11.3302671379,12
OVRP,235,ok,13.2249779438,12
OVRP,236,ok,11.7118619699,10
OVRP,237,ok,10.3399427803,14
OVRP,238,ok,11.1892335160,14
OVRP,239,ok,11.5599696288,14
OVRP,240,ok,10.8070366684,13
OVRP,241,ok,12.4894338911,13
OVRP,242,ok,10.7032030375,12
OVRP,243,ok,11.0681331688,12
OVRP,244,ok,12.0124548994,12
OVRP,245,ok,10.6128570725,11
OVRP,246,ok,13.1140903570,13
OVRP,247,ok,13.1078053582,12
OVRP,248,ok,12.3256163650,15
OVRP,249,ok,10.3758660163,12
OVRP,250,ok,10.9809238661,12
OVRP,251,ok,12.5526649503,14
OVRP,252,ok,9.6530071073,13
OVRP,253,ok,11.1417913812,14
OVRP,254,ok,11.7502281883,14
OVRP,255,ok,10.9125588659,14
OVRP,256,ok,11.9608102683,11
OVRP,257,ok,10.9613642138,12
OVRP,258,ok,10.8386683212,14
OVRP,259,ok,9.5227095405,13
OVRP,260,ok,10.1729251068,12
OVRP,261,ok,10.7122504977,15
OVRP,262,ok,13.2776437283,11
OVRP,263,ok,11.8909317736,14
OVRP,264,ok,10.7087373556,14
OVRP,265,ok,11.2077083808,14
OVRP,266,ok,10.7459243062,13
OVRP,267,ok,10.8572720335,13
OVRP,268,ok,9.8694413538,14
OVRP,269,ok,10.1328614803,12
OVRP,270,ok,10.5072387344,15
OVRP,271,ok,9.7878549768,13
OVRP,272,ok,10.0167256699,12
OVRP,273,ok,10.8035469588,13
OVRP,274,ok,13.0044192123,12
OVRP,275,ok,12.5099464107,12
OVRP,276,ok,11.7118330924,12
OVRP,277,ok,11.9503319143,12
OVRP,278,ok,10.4561189265,16
OVRP,279,ok,11.5035259431,14
OVRP,280,ok,12.3235520360,13
OVRP,281,ok,11.5559830620,13
OVRP,282,ok,11.8499039361,11
OVRP,283,ok,11.0362067369,14
OVRP,284,ok,12.1769684720,13
OVRP,285,ok,12.1718106112,13
OVRP,286,ok,10.4951647031,11
OVRP,287,ok,10.4856360017,13
OVRP,288,ok,10.1372612811,13
OVRP,289,ok,10.1002567667,14
OVRP,290,ok,12.8816687363,12
OVRP,291,ok,9.7167482095,12
OVRP,292,ok,11.2695605223,13
OVRP,293,ok,11.6876133520,13
OVRP,294,ok,11.6759420367,12
OVRP,295,ok,12.2493700501,13
OVRP,296,ok,11.3440515813,12
OVRP,297,ok,11.3691792690,13
OVRP,298,ok,9.6873083536,15
OVRP,299,ok,11.2410044885,12
OVRP,300,ok,11.0932298703,12
OVRP,301,ok,9.7932020747,11
OVRP,302,ok,10.8395476670,15
OVRP,303,ok,11.5372251385,14
OVRP,304,ok,9.9880556441,12
OVRP,305,ok,10.7919601795,14
OVRP,306,ok,10.8091170258,14
OVRP,307,ok,10.0220835221,13
OVRP,308,ok,11.7268576245,11
OVRP,309,ok,12.1219070422,13
OVRP,310,ok,11.3376865351,14
OVRP,311,ok,11.5586346409,13
OVRP,312,ok,10.7012144338,13
OVRP,313,ok,9.8126529546,13
OVRP,314,ok,10.4128194265,13
OVRP,315,ok,11.2167683644,12
OVRP,316,ok,12.4473283043,12
OVRP,317,ok,13.2756530052,13
OVRP,318,ok,11.7179354579,12
OVRP,319,ok,11.6720100997,11
OVRP,320,ok,11.6381103898,12
OVRP,321,ok,10.4835012446,12
OVRP,322,ok,11.9258507939,12
OVRP,323,ok,11.7601050950,12
OVRP,324,ok,10.1861199014,13
OVRP,325,ok,11.1311807624,14
OVRP,326,ok,9.5818023613,14
OVRP,327,ok,12.9956974180,13
OVRP,328,ok,11.6211615470,14
OVRP,329,ok,11.1253469251,11
OVRP,330,ok,11.1943556587,15
OVRP,331,ok,10.8015303457,11
OVRP,332,ok,12.7197055145,11
OVRP,333,ok,11.0884066838,14
OVRP,334,ok,11.5461279189,12
OVRP,335,ok,11.3466101929,12
OVRP,336,ok,10.9442383076,13
OVRP,337,ok,14.0823494086,12
OVRP,338,ok,11.7066039084,14
OVRP,339,ok,10.8881672609,14
OVRP,340,ok,10.5800382117,12
OVRP,341,ok,11.4323066227,11
OVRP,342,ok,12.1351737227,12
OVRP,343,ok,13.4662099725,12
OVRP,344,ok,10.4385819875,12
OVRP,345,ok,12.2794217336,12
OVRP,346,ok,10.8012685501,11
OVRP,347,ok,12.1398944089,13
OVRP,348,ok,10.6999338484,13
OVRP,349,ok,9.6253114675,13
OVRP,350,ok,10.4508847629,11
OVRP,351,ok,10.3178414732,13
OVRP,352,ok,10.3561801361,14
OVRP,353,ok,10.2752711459,12
OVRP,354,ok,10.3927182619,13
OVRP,355,ok,12.4066461564,14
OVRP,356,ok,11.2200163128,13
OVRP,357,ok,11.7688245822,10
OVRP,358,ok,13.1406654553,12
OVRP,359,ok,12.1405010318,14
OVRP,360,ok,10.6988920523,12
OVRP,361,ok,10.1035691743,13
OVRP,362,ok,9.8481397799,12
OVRP,363,ok,11.4312240790,12
OVRP,364,ok,11.0483868704,13
OVRP,365,ok,9.5736596083,12
OVRP,366,ok,9.8434428195,13
OVRP,367,ok,9.8921892597,13
OVRP,368,ok,11.3266468814,14
OVRP,369,ok,10.2817921841,13
OVRP,370,ok,12.3643181380,11
OVRP,371,ok,11.2601521199,14
OVRP,372,ok,12.7338130144,12
OVRP,373,ok,12.9232183172,14
OVRP,374,ok,10.0544165144,11
OVRP,375,ok,10.1908670003,13
OVRP,376,ok,12.3926331604,13
OVRP,377,ok,11.0798229269,14
OVRP,378,ok,11.0470456912,13
OVRP,379,ok,11.6815180135,12
OVRP,380,ok,11.3743456513,15
OVRP,381,ok,10.5919534238,12
OVRP,382,ok,12.2304110149,13
OVRP,383,ok,11.0576218055,13
OVRP,384,ok,10.3070751287,12
OVRP,385,ok,12.4222823324,12
OVRP,386,ok,9.8978016153,13
OVRP,387,ok,13.0317454948,13
OVRP,388,ok,9.5133912591,12
OVRP,389,ok,10.9578320129,14
OVRP,390,ok,10.7621338816,13
OVRP,391,ok,11.9226451621,12
OVRP,392,ok,12.3705487947,12
OVRP,393,ok,11.6358954077,14
OVRP,394,ok,12.2414166208,13
OVRP,395,ok,11.0079493933,13
OVRP,396,ok,11.5118877031,12
OVRP,397,ok,11.1734333034,15
OVRP,398,ok,10.5302518819,13
OVRP,399,ok,10.8289917175,14
OVRP,400,ok,10.6926887868,13
OVRP,401,ok,9.8371099826,13
OVRP,402,ok,10.9820026696,15
OVRP,403,ok,13.0149019181,14
OVRP,404,ok,10.3093515799,12
OVRP,405,ok,12.9283747848,12
OVRP,406,ok,10.5258755312,13
OVRP,407,ok,10.5765365870,15
OVRP,408,ok,11.4392582004,14
OVRP,409,ok,12.0279098018,12
OVRP,410,ok,11.4261979101,14
OVRP,411,ok,11.2060701089,13
OVRP,412,ok,12.2878766460,12
OVRP,413,ok,10.5109891316,12
OVRP,414,ok,9.9635166843,14
OVRP,415,ok,10.8709276482,10
OVRP,416,ok,10.3029242448,14
OVRP,417,ok,12.7582979400,13
OVRP,418,ok,9.8761962012,13
OVRP,419,ok,9.8121003631,13
OVRP,420,ok,11.5524262689,13
OVRP,421,ok,12.1239679462,15
OVRP,422,ok,11.2627956834,13
OVRP,423,ok,11.9015622763,13
OVRP,424,ok,10.9102858824,14
OVRP,425,ok,10.7779899662,13
OVRP,426,ok,10.5900428155,11
OVRP,427,ok,10.4255353219,13
OVRP,428,ok,12.7023226842,12
OVRP,429,ok,11.6100679599,12
OVRP,430,ok,10.1797305945,11
OVRP,431,ok,11.8029416304,13
OVRP,432,ok,11.3305958146,12
OVRP,433,ok,9.7278584645,12
OVRP,434,ok,11.7919647009,11
OVRP,435,ok,12.3523736175,13
OVRP,436,ok,12.1189728682,12
OVRP,437,ok,11.7357216809,11
OVRP,438,ok,12.6557213314,14
OVRP,439,ok,11.6262686166,14
OVRP,440,ok,11.7987867577,12
OVRP,441,ok,10.7882146925,13
OVRP,442,ok,10.6367393197,14
OVRP,443,ok,12.0754226453,12
OVRP,444,ok,12.1051973622,13
OVRP,445,ok,11.4609600231,14
OVRP,446,ok,13.1725077982,11
OVRP,447,ok,12.1402583002,14
OVRP,448,ok,10.5164171841,12
OVRP,449,ok,12.7762735855,13
OVRP,450,ok,11.9614269850,13
OVRP,451,ok,13.5637833602,12
OVRP,452,ok,12.1632021940,11
OVRP,453,ok,11.1190569257,13
OVRP,454,ok,9.4039384792,14
OVRP,455,ok,10.8450093511,13
OVRP,456,ok,10.7951259985,13
OVRP,457,ok,11.1023445592,12
OVRP,458,ok,10.7726896117,11
OVRP,459,ok,11.5392093356,12
OVRP,460,ok,12.8520010457,11
OVRP,461,ok,11.1249759278,13
OVRP,462,ok,12.1871676651,15
OVRP,463,ok,12.5028565355,11
OVRP,464,ok,10.0129686242,12
OVRP,465,ok,12.5963890545,14
OVRP,466,ok,11.3050008404,13
OVRP,467,ok,12.1648555962,15
OVRP,468,ok,12.7080517145,11
OVRP,469,ok,10.6353942994,14
OVRP,470,ok,10.6585663528,13
OVRP,471,ok,13.2455981466,13
OVRP,472,ok,9.8696746822,11
OVRP,473,ok,11.1091564157,12
OVRP,474,ok,10.3566053615,13
OVRP,475,ok,11.0305782845,14
OVRP,476,ok,10.1411579675,14
OVRP,477,ok,10.9786033353,14
OVRP,478,ok,11.0332987697,13
OVRP,479,ok,12.8641450368,13
OVRP,480,ok,13.0247142375,13
OVRP,481,ok,11.3781303169,14
OVRP,482,ok,10.4721466439,13
OVRP,483,ok,11.1053918760,14
OVRP,484,ok,10.1021521137,12
OVRP,485,ok,11.8496949250,12
OVRP,486,ok,12.8943062981,12
OVRP,487,ok,11.2147183039,13
OVRP,488,ok,9.4960323869,13
OVRP,489,ok,10.8465273524,15
OVRP,490,ok,10.6000436118,12
OVRP,491,ok,12.7389287913,12
OVRP,492,ok,10.7946092325,13
OVRP,493,ok,10.2073324914,12
OVRP,494,ok,13.8694103744,12
OVRP,495,ok,12.1731019417,13
OVRP,496,ok,10.5330662535,12
OVRP,497,ok,12.3484620203,13
OVRP,498,ok,11.3211307967,15
OVRP,499,ok,11.9114179625,14
OVRP,500,ok,9.7284103794,15
OVRP,501,ok,9.6328188583,12
OVRP,502,ok,10.7237163537,14
OVRP,503,ok,12.9579630643,12
OVRP,504,ok,9.9648509780,13
OVRP,505,ok,11.6214269846,11
OVRP,506,ok,12.2838911173,12
OVRP,507,ok,10.5701211190,12
OVRP,508,ok,12.2988470799,12
OVRP,509,ok,10.1521707586,14
OVRP,510,ok,11.5584652267,14
OVRP,511,ok,11.2250093652,13
OVRP,512,ok,11.5150557096,12
OVRP,513,ok,10.8743292569,12
OVRP,514,ok,9.6286327618,13
OVRP,515,ok,10.7447316210,12
OVRP,516,ok,10.0558643890,13
OVRP,517,ok,11.9252281270,15
OVRP,518,ok,11.9477483595,14
OVRP,519,ok,13.4660126078,13
OVRP,520,ok,11.9300827726,13
OVRP,521,ok,11.3782384067,14
OVRP,522,ok,11.6018050261,13
OVRP,523,ok,9.8736668057,12
OVRP,524,ok,10.6852538654,12
OVRP,525,ok,10.7810530632,12
OVRP,526,ok,10.1621461587,11
OVRP,527,ok,12.1190303715,14
OVRP,528,ok,11.1582662867,12
OVRP,529,ok,10.1485950833,13
OVRP,530,ok,11.3633170170,11
OVRP,531,ok,12.0878475319,15
OVRP,532,ok,11.5097766325,14
OVRP,533,ok,13.4330280214,12
OVRP,534,ok,11.2185632162,13
OVRP,535,ok,13.5609694852,10
OVRP,536,ok,12.7857858262,12
OVRP,537,ok,10.3811334659,13
OVRP,538,ok,9.7758110573,14
OVRP,539,ok,9.8399279310,14
OVRP,540,ok,9.5520742639,11
OVRP,541,ok,12.0575253219,12
OVRP,542,ok,13.1225918802,13
OVRP,543,ok,10.9182786005,13
OVRP,544,ok,12.0886435190,14
OVRP,545,ok,11.3948079627,15
OVRP,546,ok,11.1430409216,12
OVRP,547,ok,11.1504956389,12
OVRP,548,ok,12.2789154607,13
OVRP,549,ok,11.5973439049,13
OVRP,550,ok,12.2986931082,13
OVRP,551,ok,10.4704671581,14
OVRP,552,ok,9.4004222620,13
OVRP,553,ok,12.5913226475,13
OVRP,554,ok,11.8124529242,12
OVRP,555,ok,12.8376707990,14
OVRP,556,ok,11.1244386354,12
OVRP,557,ok,10.4120121189,13
OVRP,558,ok,13.2386767530,14
OVRP,559,ok,12.8002973883,14
OVRP,560,ok,12.1625762318,11
OVRP,561,ok,11.2096781883,13
OVRP,562,ok,10.2806681443,13
OVRP,563,ok,12.6913382718,13
OVRP,564,ok,12.5381626877,13
OVRP,565,ok,9.8290708992,12
OVRP,566,ok,10.3888617305,14
OVRP,567,ok,10.9757936742,13
OVRP,568,ok,11.4360252261,13
OVRP,569,ok,10.8091605195,10
OVRP,570,ok,11.5761425138,12
OVRP,571,ok,11.6866294520,13
OVRP,572,ok,10.9268052662,12
OVRP,573,ok,10.4439216394,13
OVRP,574,ok,12.0113767196,12
OVRP,575,ok,10.4443376758,12
OVRP,576,ok,12.0475215470,12
OVRP,577,ok,10.1927994384,12
OVRP,578,ok,14.0800525374,13
OVRP,579,ok,12.1491839216,13
OVRP,580,ok,11.7502629713,11
OVRP,581,ok,11.8564754162,14
OVRP,582,ok,11.4004648348,11
OVRP,583,ok,12.4165057358,14
OVRP,584,ok,11.3576765126,14
OVRP,585,ok,12.6822010485,14
OVRP,586,ok,10.7234790661,13
OVRP,587,ok,10.4458577677,12
OVRP,588,ok,10.5117728601,12
OVRP,589,ok,10.8673425920,12
OVRP,590,ok,11.4654839218,12
OVRP,591,ok,12.2034219729,13
OVRP,592,ok,10.8435424931,14
OVRP,593,ok,11.0193318490,12
OVRP,594,ok,10.7093724705,11
OVRP,595,ok,10.0224105564,14
OVRP,596,ok,10.2346628839,13
OVRP,597,ok,10.8497366715,12
OVRP,598,ok,10.8500059114,13
OVRP,599,ok,10.5859315999,12
OVRP,600,ok,12.0363877769,13
OVRP,601,ok,12.2050044647,12
OVRP,602,ok,12.5828937551,13
OVRP,603,ok,10.6875667746,14
OVRP,604,ok,10.0058106130,13
OVRP,605,ok,11.7104900280,14
OVRP,606,ok,9.7452198963,12
OVRP,607,ok,11.0970348669,14
OVRP,608,ok,9.6812144069,10
OVRP,609,ok,10.0841114205,13
OVRP,610,ok,10.9327758832,14
OVRP,611,ok,10.5832864383,14
OVRP,612,ok,11.0217198657,14
OVRP,613,ok,11.5259389162,13
OVRP,614,ok,13.6580867803,11
OVRP,615,ok,11.8475307009,13
OVRP,616,ok,10.4947206437,13
OVRP,617,ok,11.1809374469,13
OVRP,618,ok,9.9307196920,14
OVRP,619,ok,10.7084892669,12
OVRP,620,ok,10.4481250464,12
OVRP,621,ok,9.9574825411,15
OVRP,622,ok,11.1556084548,11
OVRP,623,ok,10.7556470161,12
OVRP,624,ok,11.9777843145,13
OVRP,625,ok,10.0310217638,13
OVRP,626,ok,12.1701453305,11
OVRP,627,ok,10.5708633646,12
OVRP,628,ok,10.8189698505,14
OVRP,629,ok,13.2558525954,12
OVRP,630,ok,13.4485773497,13
OVRP,631,ok,11.1211344993,11
OVRP,632,ok,11.0414172517,13
OVRP,633,ok,11.1764618666,15
OVRP,634,ok,11.4626201850,12
OVRP,635,ok,12.4171049070,14
OVRP,636,ok,12.7258805448,11
OVRP,637,ok,10.6181149190,15
OVRP,638,ok,11.1886086208,11
OVRP,639,ok,12.2206194265,13
OVRP,640,ok,10.5370680438,11
OVRP,641,ok,10.4166663254,12
OVRP,642,ok,11.4064620206,14
OVRP,643,ok,13.0473672201,12
OVRP,644,ok,10.4229645980,14
OVRP,645,ok,12.1587707747,13
OVRP,646,ok,13.6110239090,13
OVRP,647,ok,12.3509116243,13
OVRP,648,ok,10.8181142490,12
OVRP,649,ok,11.4820682264,12
OVRP,650,ok,12.5369307210,12
OVRP,651,ok,13.3992157290,12
OVRP,652,ok,11.4878649691,14
OVRP,653,ok,10.5946340758,13
OVRP,654,ok,11.3294097227,13
OVRP,655,ok,12.2728501318,13
OVRP,656,ok,11.1748121673,12
OVRP,657,ok,12.2023481585,12
OVRP,658,ok,12.8549920160,11
OVRP,659,ok,13.6870021191,11
OVRP,660,ok,12.0018981239,12
OVRP,661,ok,10.8880573948,13
OVRP,662,ok,11.6574190285,13
OVRP,663,ok,11.2513559113,14
OVRP,664,ok,12.5000281274,13
OVRP,665,ok,11.3137906291,12
OVRP,666,ok,12.2590821968,11
OVRP,667,ok,12.3593845887,12
OVRP,668,ok,12.1536206120,14
OVRP,669,ok,10.0258395321,13
OVRP,670,ok,9.5642490072,12
OVRP,671,ok,13.5581563649,12
OVRP,672,ok,12.1397829545,12
OVRP,673,ok,10.8271940469,15
OVRP,674,ok,13.4716689717,15
OVRP,675,ok,10.3149226865,15
OVRP,676,ok,12.1277018450,13
OVRP,677,ok,11.1238984145,13
OVRP,678,ok,11.0371229973,13
OVRP,679,ok,9.9946363243,12
OVRP,680,ok,11.9381046791,13
OVRP,681,ok,10.8909066089,14
OVRP,682,ok,12.0683449015,12
OVRP,683,ok,11.8313056312,14
OVRP,684,ok,13.0825617244,12
OVRP,685,ok,13.4655911415,11
OVRP,686,ok,12.0323961303,13
OVRP,687,ok,9.9274513739,15
OVRP,688,ok,11.5945583634,10
OVRP,689,ok,10.2568270188,15
OVRP,690,ok,11.2019293612,14
OVRP,691,ok,10.2576718932,14
OVRP,692,ok,10.6546647962,14
OVRP,693,ok,9.9436369454,13
OVRP,694,ok,10.3830679184,15
OVRP,695,ok,10.0837075509,13
OVRP,696,ok,11.7210578088,12
OVRP,697,ok,11.5307326850,11
OVRP,698,ok,11.9303050774,13
OVRP,699,ok,10.2487685513,12
OVRP,700,ok,9.6869536722,13
OVRP,701,ok,12.6491693438,10
OVRP,702,ok,11.7810255865,12
OVRP,703,ok,9.9292748648,14
OVRP,704,ok,13.0401049078,12
OVRP,705,ok,11.3436135092,12
OVRP,706,ok,10.0018342077,12
OVRP,707,ok,11.0197026773,12
OVRP,708,ok,11.1700976286,13
OVRP,709,ok,11.4061394483,11
OVRP,710,ok,10.4691123058,12
OVRP,711,ok,10.4794939507,14
OVRP,712,ok,9.7006894132,11
OVRP,713,ok,10.9838113909,11
OVRP,714,ok,10.6073017229,15
OVRP,715,ok,10.9930379680,13
OVRP,716,ok,9.3841155447,11
OVRP,717,ok,12.2220622639,11
OVRP,718,ok,10.7732382835,12
OVRP,719,ok,9.6647124138,13
OVRP,720,ok,11.5507056397,15
OVRP,721,ok,12.9872553943,14
OVRP,722,ok,10.9456954877,15
OVRP,723,ok,11.0145165939,14
OVRP,724,ok,12.8882557037,13
OVRP,725,ok,10.1361758212,15
OVRP,726,ok,10.4602357216,12
OVRP,727,ok,10.6710889204,14
OVRP,728,ok,10.2791512337,14
OVRP,729,ok,11.5719009684,12
OVRP,730,ok,10.9158627704,12
OVRP,731,ok,14.1178945018,13
OVRP,732,ok,10.6541117067,13
OVRP,733,ok,12.6884817797,15
OVRP,734,ok,11.0009758112,13
OVRP,735,ok,10.9433925115,13
OVRP,736,ok,11.5834809896,15
OVRP,737,ok,12.2301202364,13
OVRP,738,ok,10.1579824192,11
OVRP,739,ok,11.6970848294,12
OVRP,740,ok,11.8588048507,13
OVRP,741,ok,11.2302710850,13
OVRP,742,ok,10.8953465704,13
OVRP,743,ok,11.5151767070,12
OVRP,744,ok,12.2160556497,11
OVRP,745,ok,9.9194349051,12
OVRP,746,ok,12.1060163591,11
OVRP,747,ok,11.3231825402,11
OVRP,748,ok,9.7924703733,12
OVRP,749,ok,12.1039557924,13
OVRP,750,ok,12.2563256139,11
OVRP,751,ok,10.7231717332,13
OVRP,752,ok,9.7178591615,12
OVRP,753,ok,11.2564041619,11
OVRP,754,ok,12.4043174002,11
OVRP,755,ok,11.9152674617,13
OVRP,756,ok,11.9428524387,14
OVRP,757,ok,12.1661806620,12
OVRP,758,ok,11.5330228046,13
OVRP,759,ok,12.1331837722,12
OVRP,760,ok,10.8812371062,14
OVRP,761,ok,12.4476970142,13
OVRP,762,ok,11.5884308577,11
OVRP,763,ok,11.8218974857,12
OVRP,764,ok,12.4695792023,12
OVRP,765,ok,10.1975765039,13
OVRP,766,ok,11.0469302808,12
OVRP,767,ok,10.6890204292,13
OVRP,768,ok,11.7393613993,12
OVRP,769,ok,12.7793427619,11
OVRP,770,ok,10.9097440523,13
OVRP,771,ok,10.5202376513,13
OVRP,772,ok,9.9882945420,15
OVRP,773,ok,11.1045545756,13
OVRP,774,ok,11.3840195832,10
OVRP,775,ok,11.7689484611,12
OVRP,776,ok,10.6337149104,12
OVRP,777,ok,11.9471468237,12
OVRP,778,ok,12.1163384508,15
OVRP,779,ok,11.2498041849,12
OVRP,780,ok,10.5899387363,11
OVRP,781,ok,10.9013044799,12
OVRP,782,ok,11.8372690370,12
OVRP,783,ok,11.2194243935,14
OVRP,784,ok,12.6817648197,14
OVRP,785,ok,11.4436403690,12
OVRP,786,ok,9.5573954018,11
OVRP,787,ok,11.5960605739,14
OVRP,788,ok,11.2591247905,15
OVRP,789,ok,10.7444185011,12
OVRP,790,ok,9.8568984492,12
OVRP,791,ok,10.1101300390,13
OVRP,792,ok,11.1500133664,14
OVRP,793,ok,11.7565518562,13
OVRP,794,ok,10.8934892577,14
OVRP,795,ok,10.4266485909,13
OVRP,796,ok,9.4851496894,14
OVRP,797,ok,10.5672551157,14
OVRP,798,ok,11.1795784893,14
OVRP,799,ok,12.6246471518,13
OVRP,800,ok,10.6490006407,12
OVRP,801,ok,11.5357567721,13
OVRP,802,ok,10.8866414525,12
OVRP,803,ok,11.5248135816,13
OVRP,804,ok,12.0354566939,12
OVRP,805,ok,10.0171424920,13
OVRP,806,ok,12.4816110633,14
OVRP,807,ok,10.4237827655,13
OVRP,808,ok,11.2432283060,12
OVRP,809,ok,9.6965341931,12
OVRP,810,ok,11.0776632133,16
OVRP,811,ok,10.5635668548,12
OVRP,812,ok,13.1328662485,14
OVRP,813,ok,10.6184491971,12
OVRP,814,ok,10.4498570698,13
OVRP,815,ok,9.9229555011,14
OVRP,816,ok,13.7889570261,14
OVRP,817,ok,10.4699577235,14
OVRP,818,ok,11.1199993137,14
OVRP,819,ok,11.1145708130,11
OVRP,820,ok,12.7595439962,13
OVRP,821,ok,9.6715361005,12
OVRP,822,ok,10.3019155048,12
OVRP,823,ok,11.8961826587,12
OVRP,824,ok,12.1073642791,12
OVRP,825,ok,12.3837949897,12
OVRP,826,ok,9.5846116443,13
OVRP,827,ok,12.3703779760,13
OVRP,828,ok,12.0759479415,12
OVRP,829,ok,11.8596017111,14
OVRP,830,ok,12.2739447036,13
OVRP,831,ok,10.0406351784,13
OVRP,832,ok,9.5292193745,14
OVRP,833,ok,11.3329768409,13
OVRP,834,ok,10.8869995017,12
OVRP,835,ok,10.4929908157,13
OVRP,836,ok,11.5187497473,12
OVRP,837,ok,12.9957917137,14
OVRP,838,ok,10.3890333014,12
OVRP,839,ok,10.6347981939,13
OVRP,840,ok,13.4912280902,12
OVRP,841,ok,12.3938080553,14
OVRP,842,ok,11.1240389983,15
OVRP,843,ok,10.0459886975,12
OVRP,844,ok,10.8500413170,12
OVRP,845,ok,10.9851693073,14
OVRP,846,ok,12.3814267677,14
OVRP,847,ok,12.5223054202,12
OVRP,848,ok,10.1522022322,13
OVRP,849,ok,11.1224398068,13
OVRP,850,ok,11.0763920524,14
OVRP,851,ok,12.7609797744,11
OVRP,852,ok,11.0665979005,14
OVRP,853,ok,11.4890076985,11
OVRP,854,ok,11.7674361940,12
OVRP,855,ok,9.5782106928,14
OVRP,856,ok,11.5371182657,13
OVRP,857,ok,11.8229864505,14
OVRP,858,ok,11.2704909342,13
OVRP,859,ok,12.0318115811,12
OVRP,860,ok,12.2717138277,14
OVRP,861,ok,10.3977417775,12
OVRP,862,ok,10.1557765678,14
OVRP,863,ok,9.9852095852,13
OVRP,864,ok,10.8746039211,13
OVRP,865,ok,11.2495563975,12
OVRP,866,ok,12.3201012200,12
OVRP,867,ok,9.5597358220,13
OVRP,868,ok,9.9789129518,12
OVRP,869,ok,12.3099384551,14
OVRP,870,ok,11.5275723432,13
OVRP,871,ok,11.1920164998,12
OVRP,872,ok,12.0460385360,12
OVRP,873,ok,10.0939745320,13
OVRP,874,ok,10.9048515823,14
OVRP,875,ok,11.0990888594,12
OVRP,876,ok,10.7066181550,13
OVRP,877,ok,10.5739746647,13
OVRP,878,ok,11.4839459517,14
OVRP,879,ok,10.7378307420,13
OVRP,880,ok,12.0310948027,14
OVRP,881,ok,11.7012733435,11
OVRP,882,ok,11.6096181243,13
OVRP,883,ok,9.4497752750,12
OVRP,884,ok,13.0147877440,11
OVRP,885,ok,12.5451192254,12
OVRP,886,ok,10.4364353914,12
OVRP,887,ok,9.2714085452,15
OVRP,888,ok,11.2557246362,15
OVRP,889,ok,12.5883727466,13
OVRP,890,ok,9.8157822768,14
OVRP,891,ok,11.7015033229,13
OVRP,892,ok,10.6906088950,12
OVRP,893,ok,11.7117511614,13
OVRP,894,ok,11.5065336507,12
OVRP,895,ok,12.2560025308,13
OVRP,896,ok,10.4867273924,11
OVRP,897,ok,12.9804316118,13
OVRP,898,ok,10.3029858107,15
OVRP,899,ok,10.9210522603,12
OVRP,900,ok,9.6982821986,13
OVRP,901,ok,11.5932391707,11
OVRP,902,ok,11.2756207437,14
OVRP,903,ok,11.0812252192,13
OVRP,904,ok,12.8705228747,11
OVRP,905,ok,11.2384782681,12
OVRP,906,ok,10.2710497402,12
OVRP,907,ok,9.8504443956,12
OVRP,908,ok,10.4591499143,14
OVRP,909,ok,11.2565740756,15
OVRP,910,ok,10.4553799239,13
OVRP,911,ok,11.0626692621,12
OVRP,912,ok,9.9484597799,11
OVRP,913,ok,11.9714426415,12
OVRP,914,ok,11.3066273245,12
OVRP,915,ok,10.1688872906,14
OVRP,916,ok,11.4408488316,13
OVRP,917,ok,9.9019432628,12
OVRP,918,ok,11.6839962335,12
OVRP,919,ok,10.4825974062,13
OVRP,920,ok,11.2548341472,13
OVRP,921,ok,10.4280894175,14
OVRP,922,ok,9.7597112227,13
OVRP,923,ok,9.9970438838,13
OVRP,924,ok,10.2807192574,12
OVRP,925,ok,10.2083522584,13
OVRP,926,ok,10.5933580638,12
OVRP,927,ok,11.9824716383,13
OVRP,928,ok,11.3025642649,12
OVRP,929,ok,12.1420519323,13
OVRP,930,ok,11.3492998554,14
OVRP,931,ok,10.2934438658,11
OVRP,932,ok,11.8925739987,13
OVRP,933,ok,11.4776908115,14
OVRP,934,ok,11.7619825152,13
OVRP,935,ok,11.0073311986,14
OVRP,936,ok,11.9984229546,12
OVRP,937,ok,10.8715219078,13
OVRP,938,ok,11.3039377241,13
OVRP,939,ok,9.7919370569,13
OVRP,940,ok,12.5625297713,12
OVRP,941,ok,10.5982157441,10
OVRP,942,ok,11.8444677490,14
OVRP,943,ok,10.9902541612,12
OVRP,944,ok,11.2855520600,12
OVRP,945,ok,12.0843202136,14
OVRP,946,ok,9.8265380418,14
OVRP,947,ok,10.0736954015,13
OVRP,948,ok,10.3964305460,11
OVRP,949,ok,11.5652629396,13
OVRP,950,ok,10.2112462311,12
OVRP,951,ok,11.7747619864,12
OVRP,952,ok,11.6252517708,13
OVRP,953,ok,9.9574625300,12
OVRP,954,ok,11.5548241736,13
OVRP,955,ok,13.2202270727,12
OVRP,956,ok,10.8947953855,13
OVRP,957,ok,12.9233901611,14
OVRP,958,ok,12.2089361766,13
OVRP,959,ok,11.1650324638,14
OVRP,960,ok,11.1673191659,14
OVRP,961,ok,12.0810402784,11
OVRP,962,ok,11.3541684683,12
OVRP,963,ok,9.6569456684,12
OVRP,964,ok,11.7887718339,14
OVRP,965,ok,10.7211724298,13
OVRP,966,ok,9.4777681362,12
OVRP,967,ok,11.5359366763,12
OVRP,968,ok,12.6021689881,14
OVRP,969,ok,14.8132415477,12
OVRP,970,ok,12.1451287126,12
OVRP,971,ok,11.2366809075,12
OVRP,972,ok,10.7015588115,12
OVRP,973,ok,12.5909730460,13
OVRP,974,ok,11.7989399739,13
OVRP,975,ok,10.9782142964,12
OVRP,976,ok,9.7652693166,14
OVRP,977,ok,10.8891051815,13
OVRP,978,ok,10.3799498427,14
OVRP,979,ok,11.3068981875,13
OVRP,980,ok,9.7767733680,12
OVRP,981,ok,10.5783229018,13
OVRP,982,ok,10.3570572336,15
OVRP,983,ok,10.4518195992,14
OVRP,984,ok,11.5961801028,14
OVRP,985,ok,11.5108723599,13
OVRP,986,ok,9.8247686803,12
OVRP,987,ok,12.1212051425,13
OVRP,988,ok,11.5871083383,11
OVRP,989,ok,11.5660551424,13
OVRP,990,ok,12.3969994310,15
OVRP,991,ok,10.3659261481,15
OVRP,992,ok,11.6057763249,13
OVRP,993,ok,11.4371568109,15
OVRP,994,ok,11.4674295639,12
OVRP,995,ok,12.0988707028,12
OVRP,996,ok,11.2844622349,13
OVRP,997,ok,10.7468461396,14
OVRP,998,ok,11.3319383359,13
OVRP,999,ok,10.4617014537,11
VRPB,0,ok,12.6414657351,8
VRPB,1,ok,11.3644695544,7
VRPB,2,ok,13.9466280194,7
VRPB,3,ok,11.3498663175,7
VRPB,4,ok,10.1560452681,6
VRPB,5,ok,14.1850339862,7
VRPB,6,ok,10.4990935353,6
VRPB,7,ok,13.0525495844,6
VRPB,8,ok,15.0795268353,7
VRPB,9,ok,12.6022783217,6
VRPB,10,ok,12.1055805741,7
VRPB,11,ok,14.5560479939,7
VRPB,12,ok,11.0744215268,6
VRPB,13,ok,14.3673635410,6
VRPB,14,ok,14.6887559322,6
VRPB,15,ok,10.9655684994,7
VRPB,16,ok,12.9247957320,7
VRPB,17,ok,13.8755690714,8
VRPB,18,ok,13.5824455552,8
VRPB,19,ok,10.9314967824,7
VRPB,20,ok,10.6411969459,6
VRPB,21,ok,12.7425344513,7
VRPB,22,ok,11.6484049350,7
VRPB,23,ok,12.8065744438,6
VRPB,24,ok,13.0336316971,6
VRPB,25,ok,12.1496429227,6
VRPB,26,ok,11.1300097310,7
VRPB,27,ok,13.6096326542,6
VRPB,28,ok,11.4937300173,7
VRPB,29,ok,11.7665926872,6
VRPB,30,ok,11.5295358020,7
VRPB,31,ok,12.6210417244,6
VRPB,32,ok,12.0893816099,6
VRPB,33,ok,13.8133290283,7
VRPB,34,ok,12.5372770639,7
VRPB,35,ok,13.5268520214,7
VRPB,36,ok,15.0622019856,6
VRPB,37,ok,11.9748034166,7
VRPB,38,ok,13.4494985423,8
VRPB,39,ok,12.7378802346,7
VRPB,40,ok,12.8835820321,6
VRPB,41,ok,11.8330453794,6
VRPB,42,ok,12.5186526569,6
VRPB,43,ok,15.9789937631,7
VRPB,44,ok,10.8833421165,6
VRPB,45,ok,11.8855586621,7
VRPB,46,ok,14.2315242579,6
VRPB,47,ok,14.6008542095,8
VRPB,48,ok,11.7976077837,7
VRPB,49,ok,13.7491231956,7
VRPB,50,ok,11.9932419020,7
VRPB,51,ok,11.0914717140,7
VRPB,52,ok,11.2336853222,7
VRPB,53,ok,12.4520245215,7
VRPB,54,ok,11.3984327972,6
VRPB,55,ok,13.0789881983,7
VRPB,56,ok,12.5672870947,6
VRPB,57,ok,11.1550302422,6
VRPB,58,ok,12.6199898753,8
VRPB,59,ok,12.8123114626,7
VRPB,60,ok,11.7063320185,7
VRPB,61,ok,13.7855094183,7
VRPB,62,ok,13.6727089233,6
VRPB,63,ok,14.0448527458,7
VRPB,64,ok,13.2016469270,7
VRPB,65,ok,13.4243870163,8
VRPB,66,ok,12.7935041865,6
VRPB,67,ok,13.0528452446,7
VRPB,68,ok,15.8115842076,7
VRPB,69,ok,12.4227727249,6
VRPB,70,ok,11.5695868867,6
VRPB,71,ok,13.4069247129,7
VRPB,72,ok,11.6967491371,7
VRPB,73,ok,11.6474668569,7
VRPB,74,ok,11.4760954622,6
VRPB,75,ok,14.3146490162,7
VRPB,76,ok,15.4312302335,7
VRPB,77,ok,12.1801527632,6
VRPB,78,ok,14.8740695034,7
VRPB,79,ok,14.1465334773,7
VRPB,80,ok,12.9900939172,6
VRPB,81,ok,11.2133330978,6
VRPB,82,ok,13.8784463708,7
VRPB,83,ok,12.0825494814,8
VRPB,84,ok,13.3335452749,6
VRPB,85,ok,14.1167978506,6
VRPB,86,ok,13.9839137629,6
VRPB,87,ok,12.8094200137,8
VRPB,88,ok,10.5901076317,6
VRPB,89,ok,11.1500345224,7
VRPB,90,ok,13.5451004627,8
VRPB,91,ok,10.8545247300,8
VRPB,92,ok,13.1474387855,6
VRPB,93,ok,11.3423513694,6
VRPB,94,ok,11.5541426673,7
VRPB,95,ok,11.5034812908,8
VRPB,96,ok,15.6528446200,7
VRPB,97,ok,11.3054269469,7
VRPB,98,ok,11.5159340094,6
VRPB,99,ok,12.0365133497,7
VRPB,100,ok,12.9814174493,7
VRPB,101,ok,12.2054403212,9
VRPB,102,ok,11.1488086268,7
VRPB,103,ok,13.6734906192,7
VRPB,104,ok,10.8804484828,7
VRPB,105,ok,12.8086639423,8
VRPB,106,ok,11.7711019249,7
VRPB,107,ok,13.0316233885,7
VRPB,108,ok,13.5381632634,7
VRPB,109,ok,14.2670396273,7
VRPB,110,ok,13.6327629708,7
VRPB,111,ok,11.6898054715,8
VRPB,112,ok,14.5370094360,7
VRPB,113,ok,10.7320989378,6
VRPB,114,ok,11.2342133203,7
VRPB,115,ok,12.0078575471,7
VRPB,116,ok,11.4854179687,7
VRPB,117,ok,12.6592911247,7
VRPB,118,ok,15.7421778985,7
VRPB,119,ok,11.6686501808,7
VRPB,120,ok,11.7099487580,6
VRPB,121,ok,12.6869560052,7
VRPB,122,ok,14.1499470506,9
VRPB,123,ok,10.4768889896,7
VRPB,124,ok,12.7037686366,7
VRPB,125,ok,15.2431593479,8
VRPB,126,ok,15.2639803708,8
VRPB,127,ok,12.6598810791,7
VRPB,128,ok,12.3500623172,7
VRPB,129,ok,14.4492605615,7
VRPB,130,ok,12.5829385574,6
VRPB,131,ok,12.3606279279,6
VRPB,132,ok,15.8619359358,7
VRPB,133,ok,12.7376091281,8
VRPB,134,ok,11.8433097333,6
VRPB,135,ok,11.8170178484,7
VRPB,136,ok,13.2239355226,7
VRPB,137,ok,11.2311042966,6
VRPB,138,ok,11.4643019730,6
VRPB,139,ok,13.7813949912,8
VRPB,140,ok,10.7325718999,6
VRPB,141,ok,11.7439897908,8
VRPB,142,ok,13.4597530783,7
VRPB,143,ok,12.7392517041,7
VRPB,144,ok,12.8210384869,6
VRPB,145,ok,16.5725786154,8
VRPB,146,ok,14.1393150574,7
VRPB,147,ok,12.2181063028,6
VRPB,148,ok,11.8909107322,7
VRPB,149,ok,14.2109377506,7
VRPB,150,ok,11.1901878335,7
VRPB,151,ok,14.7732091641,7
VRPB,152,ok,13.2600808922,7
VRPB,153,ok,13.5689136003,8
VRPB,154,ok,13.4086465159,7
VRPB,155,ok,12.8614657572,7
VRPB,156,ok,11.8308492570,7
VRPB,157,ok,12.1877403631,7
VRPB,158,ok,11.5511046794,8
VRPB,159,ok,13.3807053296,8
VRPB,160,ok,12.7716379605,7
VRPB,161,ok,10.8807164460,7
VRPB,162,ok,13.7919739986,7
VRPB,163,ok,11.8355371474,6
VRPB,164,ok,11.6542256049,7
VRPB,165,ok,14.6350680864,7
VRPB,166,ok,13.2229186911,6
VRPB,167,ok,11.6116541716,7
VRPB,168,ok,11.1507466243,7
VRPB,169,ok,16.3243670793,7
VRPB,170,ok,12.3685988772,6
VRPB,171,ok,13.9955197785,6
VRPB,172,ok,12.1820452340,6
VRPB,173,ok,13.7209286074,7
VRPB,174,ok,11.1588963226,6
VRPB,175,ok,10.9448812586,6
VRPB,176,ok,13.8368262291,7
VRPB,177,ok,12.5368706838,7
VRPB,178,ok,12.6642835512,7
VRPB,179,ok,12.8137792951,7
VRPB,180,ok,11.3694456723,8
VRPB,181,ok,13.5379296013,6
VRPB,182,ok,11.1353635050,6
VRPB,183,ok,13.9449052431,6
VRPB,184,ok,16.0326516664,8
VRPB,185,ok,11.5114408310,7
VRPB,186,ok,12.7870510774,7
VRPB,187,ok,11.8356386403,7
VRPB,188,ok,12.4396780226,7
VRPB,189,ok,13.4382367473,8
VRPB,190,ok,13.3204908473,7
VRPB,191,ok,11.7189019764,7
VRPB,192,ok,13.4359499219,7
VRPB,193,ok,14.3622072655,6
VRPB,194,ok,12.1017250327,6
VRPB,195,ok,16.4564588577,7
VRPB,196,ok,15.0854313921,7
VRPB,197,ok,12.2831925452,7
VRPB,198,ok,11.7957111103,7
VRPB,199,ok,12.8442101483,7
VRPB,200,ok,13.7717421404,6
VRPB,201,ok,12.0127033884,8
VRPB,202,ok,13.2748628455,8
VRPB,203,ok,13.4771065689,7
VRPB,204,ok,13.7304465339,8
VRPB,205,ok,12.2605262652,6
VRPB,206,ok,13.0801885178,6
VRPB,207,ok,13.6027212460,7
VRPB,208,ok,14.3807962548,7
VRPB,209,ok,13.2367264536,7
VRPB,210,ok,13.2660253081,8
VRPB,211,ok,11.7948131208,6
VRPB,212,ok,14.3823376253,7
VRPB,213,ok,17.4527089259,9
VRPB,214,ok,13.8352830716,6
VRPB,215,ok,11.7575606127,7
VRPB,216,ok,12.4496643730,7
VRPB,217,ok,14.9426054166,7
VRPB,218,ok,14.2914551048,6
VRPB,219,ok,14.1925395492,7
VRPB,220,ok,14.1443744832,6
VRPB,221,ok,14.6008908279,6
VRPB,222,ok,10.3363688401,6
VRPB,223,ok,15.1540610639,7
VRPB,224,ok,11.6811095752,7
VRPB,225,ok,11.3080627986,7
VRPB,226,ok,13.7164231639,7
VRPB,227,ok,13.4258286510,7
VRPB,228,ok,14.6113592170,8
VRPB,229,ok,12.3100717932,7
VRPB,230,ok,13.5663901430,6
VRPB,231,ok,14.2139937784,7
VRPB,232,ok,12.1333416253,7
VRPB,233,ok,13.6115684634,7
VRPB,234,ok,14.6876953302,8
VRPB,235,ok,13.9538137981,7
VRPB,236,ok,14.0332989417,7
VRPB,237,ok,14.0859992240,8
VRPB,238,ok,10.2777144376,6
VRPB,239,ok,14.5034146859,7
VRPB,240,ok,11.4594843848,7
VRPB,241,ok,11.3839656906,8
VRPB,242,ok,11.1104008981,6
VRPB,243,ok,11.8035481021,8
VRPB,244,ok,12.5041081079,8
VRPB,245,ok,13.2644577436,6
VRPB,246,ok,13.2367214603,7
VRPB,247,ok,14.7769359848,7
VRPB,248,ok,13.1701410003,7
VRPB,249,ok,14.7984985502,6
VRPB,250,ok,12.6039126793,7
VRPB,251,ok,11.9212541865,7
VRPB,252,ok,11.4179622307,6
VRPB,253,ok,10.6874178761,7
VRPB,254,ok,13.3808044914,6
VRPB,255,ok,12.3723299144,6
VRPB,256,ok,10.5613508539,7
VRPB,257,ok,12.6577222592,7
VRPB,258,ok,12.7973019513,7
VRPB,259,ok,12.1380577682,7
VRPB,260,ok,13.7448855876,7
VRPB,261,ok,13.4998128424,7
VRPB,262,ok,13.0399655456,6
VRPB,263,ok,14.0398627530,6
VRPB,264,ok,12.2921738714,7
VRPB,265,ok,14.0807689725,7
VRPB,266,ok,13.1959313507,7
VRPB,267,ok,9.8857438210,5
VRPB,268,ok,12.7716085431,8
VRPB,269,ok,14.0681406928,7
VRPB,270,ok,15.2674078455,7
VRPB,271,ok,11.4936113603,7
VRPB,272,ok,12.2586989112,7
VRPB,273,ok,13.5443545607,6
VRPB,274,ok,12.0642787827,6
VRPB,275,ok,13.3331389918,7
VRPB,276,ok,11.9509317458,7
VRPB,277,ok,14.4149886938,8
VRPB,278,ok,14.4006174447,8
VRPB,279,ok,13.8534293503,7
VRPB,280,ok,13.9734461740,8
VRPB,281,ok,10.9836064120,7
VRPB,282,ok,15.5479823192,7
VRPB,283,ok,12.9160778478,8
VRPB,284,ok,10.8817724523,8
VRPB,285,ok,15.9139412900,8
VRPB,286,ok,14.3512086171,8
VRPB,287,ok,13.5351210087,6
VRPB,288,ok,11.3154541153,7
VRPB,289,ok,11.7087847863,8
VRPB,290,ok,11.9083537115,7
VRPB,291,ok,12.6907818476,7
VRPB,292,ok,11.8746928102,7
VRPB,293,ok,10.8819043909,7
VRPB,294,ok,12.8008285044,7
VRPB,295,ok,13.6654897960,6
VRPB,296,ok,11.1405067531,6
VRPB,297,ok,12.8226675285,6
VRPB,298,ok,13.5636398493,6
VRPB,299,ok,12.6867438828,7
VRPB,300,ok,13.5526104338,7
VRPB,301,ok,13.1235896152,7
VRPB,302,ok,10.4198393169,6
VRPB,303,ok,11.1017946323,7
VRPB,304,ok,14.9714670118,6
VRPB,305,ok,11.2204856292,7
VRPB,306,ok,14.4355438560,6
VRPB,307,ok,13.5409446090,7
VRPB,308,ok,12.4743624633,7
VRPB,309,ok,15.5357993825,7
VRPB,310,ok,12.1523105293,6
VRPB,311,ok,12.0705811131,7
VRPB,312,ok,13.7334836035,7
VRPB,313,ok,12.1192100655,8
VRPB,314,ok,13.5665859019,7
VRPB,315,ok,15.6683457347,7
VRPB,316,ok,11.7596162300,7
VRPB,317,ok,11.2671582751,7
VRPB,318,ok,11.8680488576,7
VRPB,319,ok,13.2126696093,7
VRPB,320,ok,10.6550599456,7
VRPB,321,ok,14.6473236776,7
VRPB,322,ok,11.4417250133,7
VRPB,323,ok,12.5867936978,7
VRPB,324,ok,11.5310899938,6
VRPB,325,ok,11.8803102402,7
VRPB,326,ok,13.1496844276,7
VRPB,327,ok,13.7233970861,6
VRPB,328,ok,12.5046673761,7
VRPB,329,ok,13.9068181366,7
VRPB,330,ok,11.2374177843,6
VRPB,331,ok,12.8418925715,7
VRPB,332,ok,12.4523517432,7
VRPB,333,ok,11.3357288025,6
VRPB,334,ok,13.6227081899,7
VRPB,335,ok,14.7787568394,7
VRPB,336,ok,11.7737720475,7
VRPB,337,ok,15.3317130677,8
VRPB,338,ok,12.2827849765,7
VRPB,339,ok,13.3027586184,7
VRPB,340,ok,11.7214294802,7
VRPB,341,ok,12.0781100266,6
VRPB,342,ok,13.6072959657,7
VRPB,343,ok,11.1472495475,7
VRPB,344,ok,11.7570399542,7
VRPB,345,ok,11.1477972756,6
VRPB,346,ok,11.9162461270,7
VRPB,347,ok,13.6036244967,7
VRPB,348,ok,11.3569946887,7
VRPB,349,ok,13.3561501094,6
VRPB,350,ok,14.9493464980,6
VRPB,351,ok,11.3071081542,7
VRPB,352,ok,11.2648199605,7
VRPB,353,ok,12.1259446689,7
VRPB,354,ok,13.2390114760,8
VRPB,355,ok,12.4230939629,6
VRPB,356,ok,11.9660419344,7
VRPB,357,ok,12.6810392827,7
VRPB,358,ok,13.1860611935,6
VRPB,359,ok,14.2220034634,7
VRPB,360,ok,12.6519634801,7
VRPB,361,ok,12.9187767657,6
VRPB,362,ok,11.0314486823,6
VRPB,363,ok,10.2964153141,8
VRPB,364,ok,13.6342490291,6
VRPB,365,ok,12.8051680500,7
VRPB,366,ok,13.2911807578,7
VRPB,367,ok,12.3100644089,7
VRPB,368,ok,13.1163928249,7
VRPB,369,ok,15.0942827703,8
VRPB,370,ok,13.0312229484,6
VRPB,371,ok,12.5549167946,7
VRPB,372,ok,12.1144957901,6
VRPB,373,ok,10.4564061519,5
VRPB,374,ok,14.0699801792,8
VRPB,375,ok,12.0584310008,7
VRPB,376,ok,11.0931779827,7
VRPB,377,ok,13.1668984232,8
VRPB,378,ok,11.7557087639,7
VRPB,379,ok,10.2569356662,5
VRPB,380,ok,10.5721110786,7
VRPB,381,ok,12.9810318731,8
VRPB,382,ok,12.0996420120,6
VRPB,383,ok,12.6532221957,6
VRPB,384,ok,10.9575400084,6
VRPB,385,ok,12.1270890585,7
VRPB,386,ok,14.3152246823,8
VRPB,387,ok,10.6416025643,7
VRPB,388,ok,12.7404482914,8
VRPB,389,ok,11.6675424964,7
VRPB,390,ok,13.1814201396,6
VRPB,391,ok,12.5336388494,6
VRPB,392,ok,12.9371795072,6
VRPB,393,ok,12.3688162705,6
VRPB,394,ok,13.8372029413,7
VRPB,395,ok,11.6884276938,7
VRPB,396,ok,14.8305330553,8
VRPB,397,ok,11.2070751795,7
VRPB,398,ok,13.2540595788,7
VRPB,399,ok,13.0801560748,7
VRPB,400,ok,12.6073828622,8
VRPB,401,ok,10.8737312121,6
VRPB,402,ok,14.6420211023,7
VRPB,403,ok,12.5680258899,6
VRPB,404,ok,12.1452733912,6
VRPB,405,ok,12.7579006103,7
VRPB,406,ok,13.1486349968,7
VRPB,407,ok,11.9593731732,6
VRPB,408,ok,12.2263424918,7
VRPB,409,ok,13.6923728201,8
VRPB,410,ok,12.4166018277,7
VRPB,411,ok,10.7835365437,7
VRPB,412,ok,14.9238726526,8
VRPB,413,ok,11.7184479101,7
VRPB,414,ok,12.3205551537,7
VRPB,415,ok,11.1638551866,7
VRPB,416,ok,12.6640471220,7
VRPB,417,ok,13.8800748947,7
VRPB,418,ok,12.9081919088,8
VRPB,419,ok,12.6913717592,7
VRPB,420,ok,13.4848643191,7
VRPB,421,ok,13.4780829411,8
VRPB,422,ok,11.8369116438,7
VRPB,423,ok,13.8531408904,7
VRPB,424,ok,13.0948916184,6
VRPB,425,ok,14.0953207985,7
VRPB,426,ok,11.7904045894,6
VRPB,427,ok,11.7858962077,7
VRPB,428,ok,12.5590673143,7
VRPB,429,ok,12.8151503080,8
VRPB,430,ok,11.6354288693,6
VRPB,431,ok,10.4651845525,6
VRPB,432,ok,11.4764469794,7
VRPB,433,ok,12.0341712166,7
VRPB,434,ok,11.6899548280,6
VRPB,435,ok,10.5074132299,7
VRPB,436,ok,11.7558235240,7
VRPB,437,ok,10.6210277378,6
VRPB,438,ok,13.3113890906,7
VRPB,439,ok,11.9873471371,7
VRPB,440,ok,13.1088655284,7
VRPB,441,ok,10.9895030436,6
VRPB,442,ok,11.9114571306,7
VRPB,443,ok,12.2477641644,6
VRPB,444,ok,11.3699025369,8
VRPB,445,ok,11.5591599356,6
VRPB,446,ok,14.4267969646,7
VRPB,447,ok,14.8179813477,6
VRPB,448,ok,12.0995634431,7
VRPB,449,ok,11.6583746669,7
VRPB,450,ok,11.7220739092,7
VRPB,451,ok,11.1944540825,8
VRPB,452,ok,12.9027731270,7
VRPB,453,ok,12.1441838254,7
VRPB,454,ok,11.3207337775,7
VRPB,455,ok,13.5509305797,7
VRPB,456,ok,11.9714186523,6
VRPB,457,ok,11.4600881094,7
VRPB,458,ok,12.9728338364,7
VRPB,459,ok,11.5632023396,6
VRPB,460,ok,13.0201242618,7
VRPB,461,ok,11.8891956918,8
VRPB,462,ok,13.6067770785,6
VRPB,463,ok,13.4021784129,8
VRPB,464,ok,12.3353126977,7
VRPB,465,ok,12.0386164528,7
VRPB,466,ok,12.1771291101,7
VRPB,467,ok,12.7540510229,6
VRPB,468,ok,12.1282558224,7
VRPB,469,ok,13.6741016477,7
VRPB,470,ok,10.5749837769,6
VRPB,471,ok,13.2829102556,7
VRPB,472,ok,13.4114059205,6
VRPB,473,ok,13.4698661583,8
VRPB,474,ok,11.2796609403,7
VRPB,475,ok,11.3332497958,7
VRPB,476,ok,10.7085454432,6
VRPB,477,ok,10.3799148334,7
VRPB,478,ok,12.7378109834,7
VRPB,479,ok,12.5037757868,7
VRPB,480,ok,11.2105037997,7
VRPB,481,ok,11.4352325848,7
VRPB,482,ok,13.5434911313,8
VRPB,483,ok,11.9940382961,8
VRPB,484,ok,12.3205938573,6
VRPB,485,ok,12.6428398662,7
VRPB,486,ok,11.5202980892,6
VRPB,487,ok,11.6390432822,6
VRPB,488,ok,15.4926309432,8
VRPB,489,ok,13.6857771769,7
VRPB,490,ok,13.5538414521,6
VRPB,491,ok,12.3512294727,7
VRPB,492,ok,11.5028780586,8
VRPB,493,ok,13.6887265446,7
VRPB,494,ok,14.3406151465,8
VRPB,495,ok,12.8633998670,7
VRPB,496,ok,11.9748088020,7
VRPB,497,ok,13.4604806119,7
VRPB,498,ok,14.4389239228,7
VRPB,499,ok,15.2132048442,7
VRPB,500,ok,11.0038761165,7
VRPB,501,ok,11.9475209439,6
VRPB,502,ok,10.9447212953,7
VRPB,503,ok,10.8229821488,5
VRPB,504,ok,12.1725355780,6
VRPB,505,ok,12.8665633244,8
VRPB,506,ok,13.7633558069,7
VRPB,507,ok,11.9201490546,6
VRPB,508,ok,11.5337067583,5
VRPB,509,ok,12.6740033082,8
VRPB,510,ok,14.1076712912,7
VRPB,511,ok,14.1151213673,7
VRPB,512,ok,14.3020308607,8
VRPB,513,ok,13.8564170504,7
VRPB,514,ok,14.3818020202,7
VRPB,515,ok,12.5961038343,7
VRPB,516,ok,12.4005438739,7
VRPB,517,ok,12.7976030706,7
VRPB,518,ok,14.0413107074,7
VRPB,519,ok,11.6810920014,7
VRPB,520,ok,13.4407388504,7
VRPB,521,ok,11.4039822379,6
VRPB,522,ok,10.0785232222,6
VRPB,523,ok,13.2410947266,6
VRPB,524,ok,12.0371435163,7
VRPB,525,ok,11.9403583517,8
VRPB,526,ok,12.5825854374,8
VRPB,527,ok,11.2136636007,7
VRPB,528,ok,11.0305122543,7
VRPB,529,ok,11.4534899684,6
VRPB,530,ok,14.9288873933,9
VRPB,531,ok,12.3578997304,7
VRPB,532,ok,11.8810499247,8
VRPB,533,ok,15.2443147510,6
VRPB,534,ok,10.3884390130,6
VRPB,535,ok,10.8392366456,6
VRPB,536,ok,11.0085600283,7
VRPB,537,ok,13.1088886400,7
VRPB,538,ok,12.7135084825,6
VRPB,539,ok,13.4273643421,7
VRPB,540,ok,14.8307505339,8
VRPB,541,ok,12.8789146476,6
VRPB,542,ok,11.2873893835,6
VRPB,543,ok,12.0922528537,7
VRPB,544,ok,11.2895287132,7
VRPB,545,ok,10.2132304035,6
VRPB,546,ok,13.5891018271,6
VRPB,547,ok,11.2884390125,7
VRPB,548,ok,12.6698460215,7
VRPB,549,ok,10.6591613559,6
VRPB,550,ok,13.1717456438,7
VRPB,551,ok,11.4572021772,6
VRPB,552,ok,12.0445047928,7
VRPB,553,ok,13.4323683530,7
VRPB,554,ok,14.2527993689,6
VRPB,555,ok,11.5687511718,7
VRPB,556,ok,11.5495871992,6
VRPB,557,ok,14.1972929974,7
VRPB,558,ok,14.4169355176,7
VRPB,559,ok,12.2543379924,6
VRPB,560,ok,13.2113452789,6
VRPB,561,ok,13.0071087164,6
VRPB,562,ok,13.8857510270,6
VRPB,563,ok,12.2294383619,7
VRPB,564,ok,11.7767566139,7
VRPB,565,ok,14.5854671515,7
VRPB,566,ok,10.7119448347,7
VRPB,567,ok,11.6463121633,6
VRPB,568,ok,12.8938696736,6
VRPB,569,ok,12.6423532881,7
VRPB,570,ok,12.5681175165,7
VRPB,571,ok,11.3708656468,6
VRPB,572,ok,11.7805721273,7
VRPB,573,ok,11.2318603319,7
VRPB,574,ok,14.8340831227,7
VRPB,575,ok,12.2161685413,8
VRPB,576,ok,14.6011020815,8
VRPB,577,ok,12.2517911780,7
VRPB,578,ok,11.0527510226,8
VRPB,579,ok,11.9591592516,7
VRPB,580,ok,13.9676247414,8
VRPB,581,ok,11.5244436553,7
VRPB,582,ok,13.2601681851,8
VRPB,583,ok,12.1349250035,7
VRPB,584,ok,14.2041331154,7
VRPB,585,ok,12.1417296701,8
VRPB,586,ok,11.2187872073,7
VRPB,587,ok,12.7007947495,7
VRPB,588,ok,14.2657271038,7
VRPB,589,ok,12.3418103801,7
VRPB,590,ok,12.6764887927,7
VRPB,591,ok,13.4695504803,6
VRPB,592,ok,12.0985653568,8
VRPB,593,ok,13.1916594748,7
VRPB,594,ok,12.9589480003,7
VRPB,595,ok,12.1480643409,7
VRPB,596,ok,12.6869875141,7
VRPB,597,ok,11.0424427986,6
VRPB,598,ok,14.0083161361,7
VRPB,599,ok,12.1695141718,7
VRPB,600,ok,13.1629361244,7
VRPB,601,ok,12.8972359639,7
VRPB,602,ok,12.6133978283,7
VRPB,603,ok,12.0077958643,8
VRPB,604,ok,13.5651428236,8
VRPB,605,ok,10.4437810779,6
VRPB,606,ok,12.3319894532,9
VRPB,607,ok,12.2949076084,8
VRPB,608,ok,14.2388564150,7
VRPB,609,ok,12.5303607369,7
VRPB,610,ok,10.6415086108,6
VRPB,611,ok,15.0870997029,7
VRPB,612,ok,10.4270125164,6
VRPB,613,ok,13.3365381045,6
VRPB,614,ok,12.6125349506,6
VRPB,615,ok,15.5999996609,7
VRPB,616,ok,12.7097652094,6
VRPB,617,ok,13.5590446364,8
VRPB,618,ok,12.1603831462,7
VRPB,619,ok,11.9179676868,7
VRPB,620,ok,11.9645693506,7
VRPB,621,ok,10.5498956151,6
VRPB,622,ok,13.5735193605,8
VRPB,623,ok,13.0923309983,7
VRPB,624,ok,12.6327531992,7
VRPB,625,ok,10.0560058486,5
VRPB,626,ok,12.7864223746,7
VRPB,627,ok,11.8479694587,7
VRPB,628,ok,13.5495527376,7
VRPB,629,ok,13.6547349519,8
VRPB,630,ok,12.2173129359,7
VRPB,631,ok,11.1716337460,6
VRPB,632,ok,10.3923025684,6
VRPB,633,ok,10.6507509279,6
VRPB,634,ok,11.6075956406,7
VRPB,635,ok,13.7198031956,7
VRPB,636,ok,11.8660431265,6
VRPB,637,ok,11.9029722323,8
VRPB,638,ok,11.7486509761,6
VRPB,639,ok,10.9662377894,6
VRPB,640,ok,11.8479358111,7
VRPB,641,ok,14.2371464368,7
VRPB,642,ok,12.2574582473,6
VRPB,643,ok,10.7880639543,6
VRPB,644,ok,12.8506752014,6
VRPB,645,ok,10.9516332472,7
VRPB,646,ok,11.1686051374,6
VRPB,647,ok,10.1712040586,6
VRPB,648,ok,10.9211142481,6
VRPB,649,ok,12.0936068061,6
VRPB,650,ok,10.9607131076,6
VRPB,651,ok,12.2218780094,7
VRPB,652,ok,14.0526233994,6
VRPB,653,ok,13.0946886832,6
VRPB,654,ok,14.1465333234,7
VRPB,655,ok,11.2607308491,8
VRPB,656,ok,15.7517859547,8
VRPB,657,ok,11.9632413639,7
VRPB,658,ok,12.8156016956,7
VRPB,659,ok,11.7957861637,6
VRPB,660,ok,11.2409662061,7
VRPB,661,ok,12.9712364684,7
VRPB,662,ok,12.0275207678,7
VRPB,663,ok,11.8719324222,6
VRPB,664,ok,10.9079144271,7
VRPB,665,ok,11.8305828175,8
VRPB,666,ok,13.5488198422,7
VRPB,667,ok,12.0103007319,7
VRPB,668,ok,12.2525739708,7
VRPB,669,ok,12.4064350212,7
VRPB,670,ok,12.8366349108,7
VRPB,671,ok,11.6176153912,7
VRPB,672,ok,11.6116487156,7
VRPB,673,ok,14.0611125967,7
VRPB,674,ok,12.1133140334,6
VRPB,675,ok,11.1122925579,6
VRPB,676,ok,11.2246044781,7
VRPB,677,ok,11.1110296451,6
VRPB,678,ok,12.1057309193,7
VRPB,679,ok,13.5078222369,6
VRPB,680,ok,12.8907251296,7
VRPB,681,ok,14.1923935674,7
VRPB,682,ok,11.6438454721,6
VRPB,683,ok,13.3287674676,7
VRPB,684,ok,13.3540612606,8
VRPB,685,ok,10.8072324219,6
VRPB,686,ok,15.2046960036,7
VRPB,687,ok,14.3774566300,7
VRPB,688,ok,11.3527527211,8
VRPB,689,ok,14.2158530957,7
VRPB,690,ok,11.3468107625,7
VRPB,691,ok,12.7035087130,7
VRPB,692,ok,13.0743042382,7
VRPB,693,ok,13.5902071352,7
VRPB,694,ok,12.6637950326,7
VRPB,695,ok,13.5224453800,6
VRPB,696,ok,13.2942266809,7
VRPB,697,ok,14.4292141253,7
VRPB,698,ok,14.4003960717,8
VRPB,699,ok,12.5005588023,7
VRPB,700,ok,13.3937979924,8
VRPB,701,ok,10.0875845911,6
VRPB,702,ok,14.2763268546,7
VRPB,703,ok,12.3613452010,7
VRPB,704,ok,11.9914475882,7
VRPB,705,ok,13.5725493089,7
VRPB,706,ok,14.0220999453,6
VRPB,707,ok,11.7636142669,7
VRPB,708,ok,12.6157317441,7
VRPB,709,ok,13.7852367288,6
VRPB,710,ok,13.5640224747,7
VRPB,711,ok,12.6148755007,8
VRPB,712,ok,10.8389398875,7
VRPB,713,ok,13.6371483788,8
VRPB,714,ok,13.7990081793,7
VRPB,715,ok,12.1512969617,7
VRPB,716,ok,12.3094416292,6
VRPB,717,ok,13.9207430055,7
VRPB,718,ok,13.1853133660,6
VRPB,719,ok,11.2866998804,7
VRPB,720,ok,12.5229016086,7
VRPB,721,ok,11.3104244739,7
VRPB,722,ok,13.8068312651,7
VRPB,723,ok,10.1271425295,5
VRPB,724,ok,14.0740014669,6
VRPB,725,ok,13.1308358313,6
VRPB,726,ok,13.6364690904,6
VRPB,727,ok,14.6946142452,7
VRPB,728,ok,10.1961965811,8
VRPB,729,ok,13.4795110305,7
VRPB,730,ok,13.3920347509,7
VRPB,731,ok,12.1579112961,9
VRPB,732,ok,12.0543114540,7
VRPB,733,ok,11.1546200998,6
VRPB,734,ok,10.8426095188,6
VRPB,735,ok,11.8722411912,6
VRPB,736,ok,11.6256977052,7
VRPB,737,ok,12.5145693693,7
VRPB,738,ok,12.1138650992,6
VRPB,739,ok,10.3641856128,7
VRPB,740,ok,11.9122562393,6
VRPB,741,ok,12.0961284149,6
VRPB,742,ok,14.6924586281,7
VRPB,743,ok,11.5786009903,7
VRPB,744,ok,14.3287484645,7
VRPB,745,ok,13.5504465252,7
VRPB,746,ok,12.6126847225,7
VRPB,747,ok,13.6411327447,7
VRPB,748,ok,11.7773414040,6
VRPB,749,ok,12.8808660148,7
VRPB,750,ok,12.9807431805,6
VRPB,751,ok,11.3888261699,7
VRPB,752,ok,10.9241617330,7
VRPB,753,ok,15.0795665161,7
VRPB,754,ok,12.6562424291,7
VRPB,755,ok,15.5463472881,7
VRPB,756,ok,12.2482536594,8
VRPB,757,ok,12.7522445431,7
VRPB,758,ok,10.8722427184,7
VRPB,759,ok,13.0590809996,6
VRPB,760,ok,12.6405201053,8
VRPB,761,ok,11.2295153095,6
VRPB,762,ok,12.0679669747,7
VRPB,763,ok,10.9242844287,6
VRPB,764,ok,13.7379957683,7
VRPB,765,ok,13.0600837216,7
VRPB,766,ok,11.7962580555,7
VRPB,767,ok,11.8295921552,7
VRPB,768,ok,14.5858460764,7
VRPB,769,ok,11.9903693327,8
VRPB,770,ok,11.2748061804,7
VRPB,771,ok,13.3067182268,7
VRPB,772,ok,14.6434427316,8
VRPB,773,ok,14.1704643599,7
VRPB,774,ok,13.9121045057,6
VRPB,775,ok,14.7417634250,7
VRPB,776,ok,13.3305664556,7
VRPB,777,ok,12.9516236536,7
VRPB,778,ok,11.1882284643,6
VRPB,779,ok,12.4893243229,6
VRPB,780,ok,12.0211349584,7
VRPB,781,ok,14.9387467683,6
VRPB,782,ok,13.1364410426,8
VRPB,783,ok,14.4488665077,8
VRPB,784,ok,11.1439153224,6
VRPB,785,ok,13.3413305386,6
VRPB,786,ok,9.8010150548,6
VRPB,787,ok,12.1117133009,7
VRPB,788,ok,11.0706657309,6
VRPB,789,ok,10.6879433826,7
VRPB,790,ok,12.0320870932,7
VRPB,791,ok,10.1221335127,6
VRPB,792,ok,11.7609229123,6
VRPB,793,ok,11.5679483853,7
VRPB,794,ok,12.1893913738,7
VRPB,795,ok,12.7748841745,7
VRPB,796,ok,12.0791665166,6
VRPB,797,ok,10.8492726529,5
VRPB,798,ok,12.7021938389,7
VRPB,799,ok,13.4650354447,7
VRPB,800,ok,11.8156583587,7
VRPB,801,ok,12.0269870695,7
VRPB,802,ok,14.2443456816,7
VRPB,803,ok,11.7279775036,7
VRPB,804,ok,11.2133752155,7
VRPB,805,ok,11.1804722441,7
VRPB,806,ok,12.2725697556,7
VRPB,807,ok,11.7860648948,8
VRPB,808,ok,10.7390682167,7
VRPB,809,ok,11.3729088067,7
VRPB,810,ok,15.2712530563,7
VRPB,811,ok,12.2117628730,6
VRPB,812,ok,11.9729336081,6
VRPB,813,ok,12.2387221693,7
VRPB,814,ok,13.1304328332,7
VRPB,815,ok,11.7069761779,7
VRPB,816,ok,14.3256399490,7
VRPB,817,ok,12.8032350530,8
VRPB,818,ok,12.6831999678,6
VRPB,819,ok,12.3927074828,7
VRPB,820,ok,13.1726163414,7
VRPB,821,ok,13.7914065557,8
VRPB,822,ok,11.9645221851,7
VRPB,823,ok,11.8115464527,6
VRPB,824,ok,12.4871731838,5
VRPB,825,ok,12.7100969200,6
VRPB,826,ok,12.1052364125,7
VRPB,827,ok,13.6613541159,7
VRPB,828,ok,14.4834841875,6
VRPB,829,ok,11.5782070185,6
VRPB,830,ok,11.3549290906,7
VRPB,831,ok,13.7693005023,6
VRPB,832,ok,12.2489838688,7
VRPB,833,ok,13.5364465625,7
VRPB,834,ok,12.0017037188,7
VRPB,835,ok,12.2016075634,7
VRPB,836,ok,12.1946673162,8
VRPB,837,ok,13.7715657430,8
VRPB,838,ok,11.6924810136,7
VRPB,839,ok,11.0213286188,7
VRPB,840,ok,12.6019943674,7
VRPB,841,ok,15.3841441830,8
VRPB,842,ok,13.5637303165,6
VRPB,843,ok,12.3277332153,6
VRPB,844,ok,12.4363604380,7
VRPB,845,ok,13.9894689937,7
VRPB,846,ok,14.3357747452,7
VRPB,847,ok,12.2213113799,6
VRPB,848,ok,13.6088163379,7
VRPB,849,ok,11.2991648684,7
VRPB,850,ok,11.7401400257,6
VRPB,851,ok,12.7519513040,8
VRPB,852,ok,10.9172706111,6
VRPB,853,ok,12.8270929200,7
VRPB,854,ok,13.4040940705,7
VRPB,855,ok,15.1003971000,7
VRPB,856,ok,12.0430766652,7
VRPB,857,ok,14.7000309718,6
VRPB,858,ok,10.3188324499,7
VRPB,859,ok,11.9851706372,7
VRPB,860,ok,14.1606861027,7
VRPB,861,ok,12.9432606327,6
VRPB,862,ok,14.4517226818,8
VRPB,863,ok,13.2305400618,7
VRPB,864,ok,13.1779992558,7
VRPB,865,ok,12.0901361992,6
VRPB,866,ok,11.4064529554,7
VRPB,867,ok,13.2156035490,6
VRPB,868,ok,12.6744879784,7
VRPB,869,ok,12.0105599486,7
VRPB,870,ok,13.7487961766,7
VRPB,871,ok,11.7162345624,8
VRPB,872,ok,10.2763020840,7
VRPB,873,ok,10.7324298100,6
VRPB,874,ok,11.9865807933,5
VRPB,875,ok,15.4846616798,7
VRPB,876,ok,13.8625461935,7
VRPB,877,ok,12.4251893143,7
VRPB,878,ok,12.5231452094,6
VRPB,879,ok,12.8728278503,7
VRPB,880,ok,12.6302778191,6
VRPB,881,ok,10.8047487080,8
VRPB,882,ok,11.4135082991,7
VRPB,883,ok,12.9218249860,7
VRPB,884,ok,13.1563211299,7
VRPB,885,ok,11.3155369973,6
VRPB,886,ok,15.1452450314,8
VRPB,887,ok,12.6903280562,7
VRPB,888,ok,14.6379174595,7
VRPB,889,ok,12.5147670737,8
VRPB,890,ok,14.6031588401,7
VRPB,891,ok,11.5515445770,6
VRPB,892,ok,12.2200580308,6
VRPB,893,ok,12.3706434969,7
VRPB,894,ok,12.7793018337,6
VRPB,895,ok,14.2603570038,8
VRPB,896,ok,11.3670173926,7
VRPB,897,ok,12.5551722157,7
VRPB,898,ok,11.7561550166,7
VRPB,899,ok,12.5247624299,8
VRPB,900,ok,14.5333486096,7
VRPB,901,ok,14.1843731378,7
VRPB,902,ok,11.5111456121,7
VRPB,903,ok,13.1982363684,7
VRPB,904,ok,10.2222290587,6
VRPB,905,ok,13.0684078443,7
VRPB,906,ok,12.8257045858,6
VRPB,907,ok,14.2813161620,7
VRPB,908,ok,13.8718527784,7
VRPB,909,ok,12.6290899730,6
VRPB,910,ok,11.9017672843,6
VRPB,911,ok,14.3827282336,7
VRPB,912,ok,12.9760694059,7
VRPB,913,ok,13.2416689699,6
VRPB,914,ok,12.8204750585,7
VRPB,915,ok,11.3191904955,7
VRPB,916,ok,12.2365593222,6
VRPB,917,ok,12.9023672613,7
VRPB,918,ok,11.1739422767,8
VRPB,919,ok,14.0079546486,7
VRPB,920,ok,12.0854156478,6
VRPB,921,ok,12.9833820900,7
VRPB,922,ok,10.5737110125,6
VRPB,923,ok,13.5016801370,6
VRPB,924,ok,14.1904445041,7
VRPB,925,ok,11.4647275691,7
VRPB,926,ok,12.7457627267,6
VRPB,927,ok,10.9339204774,6
VRPB,928,ok,11.7957602556,5
VRPB,929,ok,12.3770868693,7
VRPB,930,ok,13.6975220385,7
VRPB,931,ok,10.9316185487,7
VRPB,932,ok,13.3607443552,7
VRPB,933,ok,13.6785652691,6
VRPB,934,ok,13.6696844995,8
VRPB,935,ok,14.3221184411,7
VRPB,936,ok,13.7518175257,7
VRPB,937,ok,13.6018146558,8
VRPB,938,ok,11.7856760699,8
VRPB,939,ok,14.7480395935,7
VRPB,940,ok,11.3825601869,7
VRPB,941,ok,11.7827068488,6
VRPB,942,ok,11.1518420425,7
VRPB,943,ok,16.7231125685,8
VRPB,944,ok,10.7348977637,7
VRPB,945,ok,12.7464526993,6
VRPB,946,ok,12.4126692240,7
VRPB,947,ok,16.3397262598,7
VRPB,948,ok,12.2355872988,7
VRPB,949,ok,10.7828735244,6
VRPB,950,ok,12.2767202427,7
VRPB,951,ok,12.0071826773,8
VRPB,952,ok,11.0603741607,6
VRPB,953,ok,10.7750847601,6
VRPB,954,ok,12.4119831378,7
VRPB,955,ok,11.2906837740,6
VRPB,956,ok,12.9268571871,8
VRPB,957,ok,10.7582461265,6
VRPB,958,ok,13.9506440650,7
VRPB,959,ok,12.7554886297,6
VRPB,960,ok,12.0673018371,7
VRPB,961,ok,12.8291995106,7
VRPB,962,ok,11.2788322050,7
VRPB,963,ok,14.1152952946,8
VRPB,964,ok,10.7185807034,7
VRPB,965,ok,12.6115840151,7
VRPB,966,ok,11.7848811707,7
VRPB,967,ok,11.0083530302,7
VRPB,968,ok,12.6919148439,6
VRPB,969,ok,10.8084391087,7
VRPB,970,ok,13.0309430968,8
VRPB,971,ok,11.6286327860,7
VRPB,972,ok,12.1316733963,7
VRPB,973,ok,14.8698316434,6
VRPB,974,ok,14.9203355201,7
VRPB,975,ok,12.8057689452,6
VRPB,976,ok,11.8861957399,7
VRPB,977,ok,12.4725589187,6
VRPB,978,ok,12.2288174891,7
VRPB,979,ok,15.3724732022,7
VRPB,980,ok,10.3568906262,6
VRPB,981,ok,12.5132516350,7
VRPB,982,ok,13.7065193347,7
VRPB,983,ok,14.0648406385,8
VRPB,984,ok,11.0805053976,7
VRPB,985,ok,13.3917255749,6
VRPB,986,ok,10.6710580308,6
VRPB,987,ok,11.3841546118,5
VRPB,988,ok,11.5631665300,6
VRPB,989,ok,13.8804273104,7
VRPB,990,ok,13.1401357069,7
VRPB,991,ok,12.7723266422,6
VRPB,992,ok,11.1471625653,6
VRPB,993,ok,11.0576450083,7
VRPB,994,ok,13.4246163423,7
VRPB,995,ok,11.1158701984,6
VRPB,996,ok,11.9252170878,7
VRPB,997,ok,15.0382462397,7
VRPB,998,ok,12.7940318429,6
VRPB,999,ok,14.7912370711,8
VRPL,0,ok,16.5885640992,12
VRPL,1,ok,15.6055943380,12
VRPL,2,ok,17.7401778891,11
VRPL,3,ok,13.7875320270,10
VRPL,4,ok,16.9027094697,10
VRPL,5,ok,19.4254329382,11
VRPL,6,ok,16.2101465119,11
VRPL,7,ok,13.7807702290,11
VRPL,8,ok,13.9485322118,11
VRPL,9,ok,16.1603378214,11
VRPL,10,ok,14.7939571127,10
VRPL,11,ok,14.1043022659,11
VRPL,12,ok,21.3712521043,12
VRPL,13,ok,17.0936602533,10
VRPL,14,ok,15.2410973990,12
VRPL,15,ok,17.6184596751,10
VRPL,16,ok,21.3901016218,11
VRPL,17,ok,19.4980124041,12
VRPL,18,ok,17.4430618384,11
VRPL,19,ok,14.2679857528,11
VRPL,20,ok,18.0024264586,11
VRPL,21,ok,18.4608910247,11
VRPL,22,ok,15.7630621557,12
VRPL,23,ok,16.0769930057,11
VRPL,24,ok,14.9900310807,11
VRPL,25,ok,17.4820784312,11
VRPL,26,ok,15.5556097402,10
VRPL,27,ok,18.1249753375,11
VRPL,28,ok,17.2875092358,12
VRPL,29,ok,16.0784274547,11
VRPL,30,ok,16.6549266781,11
VRPL,31,ok,16.4238758813,11
VRPL,32,ok,15.7003261001,12
VRPL,33,ok,16.9791200415,11
VRPL,34,ok,21.9405270212,11
VRPL,35,ok,18.1635863726,11
VRPL,36,ok,15.1463835209,11
VRPL,37,ok,15.3821422417,11
VRPL,38,ok,14.6293376354,13
VRPL,39,ok,18.8885326045,11
VRPL,40,ok,17.5325221087,11
VRPL,41,ok,15.5570917396,11
VRPL,42,ok,15.5289026060,11
VRPL,43,ok,14.3644974809,12
VRPL,44,ok,14.9017323377,11
VRPL,45,ok,19.1264456533,12
VRPL,46,ok,18.6026923907,11
VRPL,47,ok,16.1743904054,10
VRPL,48,ok,17.8012583846,11
VRPL,49,ok,17.8612298596,10
VRPL,50,ok,14.1373789213,10
VRPL,51,ok,16.9070201671,11
VRPL,52,ok,19.1692431799,12
VRPL,53,ok,16.5382680760,12
VRPL,54,ok,14.9658012948,11
VRPL,55,ok,19.7990020732,11
VRPL,56,ok,13.7682245184,11
VRPL,57,ok,18.1473489243,10
VRPL,58,ok,17.8703729371,10
VRPL,59,ok,15.2756358377,11
VRPL,60,ok,16.2648258335,11
VRPL,61,ok,17.0758865896,11
VRPL,62,ok,15.9076670399,11
VRPL,63,ok,15.2381529036,13
VRPL,64,ok,14.9440824546,9
VRPL,65,ok,17.3517785252,11
VRPL,66,ok,19.4561410733,11
VRPL,67,ok,18.7983634964,11
VRPL,68,ok,15.3870031191,11
VRPL,69,ok,20.1842730782,12
VRPL,70,ok,18.8727697446,11
VRPL,71,ok,14.1996966563,11
VRPL,72,ok,17.2621460552,11
VRPL,73,ok,15.7378660076,12
VRPL,74,ok,16.8268741032,11
VRPL,75,ok,15.3475182139,11
VRPL,76,ok,16.5482138457,12
VRPL,77,ok,14.6267584899,12
VRPL,78,ok,18.6156105713,10
VRPL,79,ok,18.4292840654,11
VRPL,80,ok,14.2315741834,11
VRPL,81,ok,17.8708738490,12
VRPL,82,ok,17.5777138893,11
VRPL,83,ok,15.8269204249,12
VRPL,84,ok,17.8315169449,11
VRPL,85,ok,19.7208187134,10
VRPL,86,ok,14.7559823205,10
VRPL,87,ok,16.7135375708,12
VRPL,88,ok,15.0640944149,11
VRPL,89,ok,13.9175452935,12
VRPL,90,ok,14.7385095119,12
VRPL,91,ok,19.1520107383,12
VRPL,92,ok,14.9227390004,11
VRPL,93,ok,17.3751786067,10
VRPL,94,ok,19.0796016408,11
VRPL,95,ok,14.1259497869,10
VRPL,96,ok,17.5773088338,12
VRPL,97,ok,17.8257521457,11
VRPL,98,ok,18.7129095723,13
VRPL,99,ok,21.6417647003,10
VRPL,100,ok,16.8274385992,12
VRPL,101,ok,14.9970946647,9
VRPL,102,ok,16.5737047713,10
VRPL,103,ok,15.7059178130,11
VRPL,104,ok,16.1904160363,13
VRPL,105,ok,19.5406749745,10
VRPL,106,ok,13.5974259225,11
VRPL,107,ok,14.8963167661,11
VRPL,108,ok,19.4650809486,11
VRPL,109,ok,17.4173572702,11
VRPL,110,ok,18.6543549288,11
VRPL,111,ok,15.3683137662,12
VRPL,112,ok,16.2802975543,11
VRPL,113,ok,15.2020833728,10
VRPL,114,ok,16.7202540223,11
VRPL,115,ok,15.9242780813,12
VRPL,116,ok,21.6459115438,12
VRPL,117,ok,15.5690277832,11
VRPL,118,ok,19.8691977694,11
VRPL,119,ok,16.8644181727,11
VRPL,120,ok,14.4666646587,10
VRPL,121,ok,15.0027020396,12
VRPL,122,ok,14.4253132961,11
VRPL,123,ok,16.9057908768,10
VRPL,124,ok,17.9095533912,11
VRPL,125,ok,14.5775454346,11
VRPL,126,ok,18.5718956449,10
VRPL,127,ok,16.2450910735,11
VRPL,128,ok,17.5390264579,11
VRPL,129,ok,14.6142002216,12
VRPL,130,ok,16.0741666728,11
VRPL,131,ok,16.8259130914,11
VRPL,132,ok,17.8530512022,12
VRPL,133,ok,16.8657059654,11
VRPL,134,ok,18.4911173888,11
VRPL,135,ok,14.4526393251,11
VRPL,136,ok,17.5234605078,10
VRPL,137,ok,17.3820168732,13
VRPL,138,ok,16.5421724442,12
VRPL,139,ok,19.6063181259,11
VRPL,140,ok,17.2888798462,12
VRPL,141,ok,16.6633794757,11
VRPL,142,ok,16.1161385578,11
VRPL,143,ok,19.5037596914,11
VRPL,144,ok,20.2685320474,11
VRPL,145,ok,20.6974086801,12
VRPL,146,ok,15.4364104638,10
VRPL,147,ok,17.1376726245,12
VRPL,148,ok,21.0476717221,11
VRPL,149,ok,18.6524582197,11
VRPL,150,ok,13.1120874528,9
VRPL,151,ok,19.3745304949,11
VRPL,152,ok,13.2873975697,11
VRPL,153,ok,16.8638418761,11
VRPL,154,ok,14.5393962313,11
VRPL,155,ok,17.0345915637,10
VRPL,156,ok,13.2938941110,11
VRPL,157,ok,15.4127644418,11
VRPL,158,ok,14.3833543860,11
VRPL,159,ok,16.0935161551,11
VRPL,160,ok,16.4461017369,11
VRPL,161,ok,14.3387191758,10
VRPL,162,ok,17.8343692914,11
VRPL,163,ok,15.8633391713,11
VRPL,164,ok,16.8933460703,12
VRPL,165,ok,15.6111035465,10
VRPL,166,ok,14.8509924063,11
VRPL,167,ok,16.7055849922,11
VRPL,168,ok,17.4954599945,11
VRPL,169,ok,21.2360457106,12
VRPL,170,ok,16.4465073734,11
VRPL,171,ok,16.0047337640,12
VRPL,172,ok,15.6688815287,10
VRPL,173,ok,15.5100365899,11
VRPL,174,ok,18.7882957795,12
VRPL,175,ok,16.4374547687,13
VRPL,176,ok,15.0188447739,11
VRPL,177,ok,14.2292051915,11
VRPL,178,ok,13.3738054365,11
VRPL,179,ok,19.4904042714,12
VRPL,180,ok,21.5638611138,11
VRPL,181,ok,14.3601389996,12
VRPL,182,ok,14.0728698967,12
VRPL,183,ok,20.9126591462,11
VRPL,184,ok,17.8009192289,12
VRPL,185,ok,13.6641159164,10
VRPL,186,ok,18.1619529103,11
VRPL,187,ok,16.2834730829,12
VRPL,188,ok,16.6023828227,11
VRPL,189,ok,19.7554919750,11
VRPL,190,ok,16.5501203742,10
VRPL,191,ok,15.2393869613,12
VRPL,192,ok,17.1274194567,12
VRPL,193,ok,24.2681405991,13
VRPL,194,ok,17.7364270762,11
VRPL,195,ok,15.1897225932,11
VRPL,196,ok,17.9933517107,10
VRPL,197,ok,13.7461124471,11
VRPL,198,ok,18.4043758185,11
VRPL,199,ok,15.0614569450,12
VRPL,200,ok,18.5198308792,10
VRPL,201,ok,17.4871977237,12
VRPL,202,ok,15.6218748658,10
VRPL,203,ok,14.9253349785,11
VRPL,204,ok,13.6087373557,10
VRPL,205,ok,15.2855761151,11
VRPL,206,ok,14.5483390375,12
VRPL,207,ok,16.1586452341,11
VRPL,208,ok,17.5935698992,12
VRPL,209,ok,15.4242654993,11
VRPL,210,ok,16.7964521586,10
VRPL,211,ok,16.2916611860,12
VRPL,212,ok,17.2567374240,12
VRPL,213,ok,17.8797431552,11
VRPL,214,ok,14.5994612033,11
VRPL,215,ok,17.7484582979,12
VRPL,216,ok,16.9662260454,11
VRPL,217,ok,18.2074102809,11
VRPL,218,ok,14.5514125036,10
VRPL,219,ok,16.4698696293,12
VRPL,220,ok,17.4774982453,12
VRPL,221,ok,14.7381296229,11
VRPL,222,ok,13.7802949550,11
VRPL,223,ok,17.4652292653,10
VRPL,224,ok,15.4227362461,10
VRPL,225,ok,15.4703916448,11
VRPL,226,ok,17.4360757849,11
VRPL,227,ok,19.2394448577,12
VRPL,228,ok,14.1531075415,13
VRPL,229,ok,15.5959350703,10
VRPL,230,ok,17.9534023268,12
VRPL,231,ok,16.0434679194,11
VRPL,232,ok,14.6039918487,11
VRPL,233,ok,15.1892007822,10
VRPL,234,ok,16.1347173934,13
VRPL,235,ok,13.2154093983,11
VRPL,236,ok,14.4533969341,12
VRPL,237,ok,18.3642021451,12
VRPL,238,ok,14.5663111826,11
VRPL,239,ok,13.8061897145,10
VRPL,240,ok,17.8112497225,11
VRPL,241,ok,15.1696146302,11
VRPL,242,ok,15.9659383073,10
VRPL,243,ok,18.2925841257,11
VRPL,244,ok,19.5845514743,10
VRPL,245,ok,19.5475229492,11
VRPL,246,ok,18.2548527443,11
VRPL,247,ok,17.0824197246,11
VRPL,248,ok,14.0366076571,12
VRPL,249,ok,17.5777859509,11
VRPL,250,ok,16.2485059180,10
VRPL,251,ok,17.3799634505,12
VRPL,252,ok,15.7203463408,12
VRPL,253,ok,13.9696707424,10
VRPL,254,ok,17.6844755666,12
VRPL,255,ok,16.3669035675,11
VRPL,256,ok,16.6616928258,11
VRPL,257,ok,21.1328132569,12
VRPL,258,ok,16.5931805727,11
VRPL,259,ok,16.9893604516,11
VRPL,260,ok,17.5544495259,10
VRPL,261,ok,16.7591981135,10
VRPL,262,ok,17.1254367035,10
VRPL,263,ok,16.8640519521,12
VRPL,264,ok,16.2330095123,10
VRPL,265,ok,18.2100849395,12
VRPL,266,ok,17.9270639019,12
VRPL,267,ok,20.4772445532,11
VRPL,268,ok,17.9406371604,12
VRPL,269,ok,15.8657199693,10
VRPL,270,ok,17.6612673222,11
VRPL,271,ok,15.9563364095,11
VRPL,272,ok,16.9627560775,11
VRPL,273,ok,17.7874099046,10
VRPL,274,ok,15.1313743187,11
VRPL,275,ok,19.9410616630,10
VRPL,276,ok,15.7850754231,10
VRPL,277,ok,18.3792754478,11
VRPL,278,ok,17.8517238602,11
VRPL,279,ok,15.5648100951,10
VRPL,280,ok,16.2251726318,11
VRPL,281,ok,17.8681193820,11
VRPL,282,ok,14.6401004731,11
VRPL,283,ok,16.0436422735,12
VRPL,284,ok,17.5007461433,11
VRPL,285,ok,15.9757275606,10
VRPL,286,ok,21.5406547239,11
VRPL,287,ok,18.0572903441,11
VRPL,288,ok,18.1512560765,11
VRPL,289,ok,14.0358808144,11
VRPL,290,ok,14.5902663270,11
VRPL,291,ok,17.8369430212,12
VRPL,292,ok,17.1381950440,12
VRPL,293,ok,13.8955864385,11
VRPL,294,ok,17.2191343944,10
VRPL,295,ok,20.6368870565,12
VRPL,296,ok,17.8563140767,12
VRPL,297,ok,15.3884393960,11
VRPL,298,ok,18.7640366548,12
VRPL,299,ok,14.3987447762,11
VRPL,300,ok,19.9289251086,11
VRPL,301,ok,21.0240949891,11
VRPL,302,ok,14.1924212448,11
VRPL,303,ok,17.6369561702,10
VRPL,304,ok,14.6471052943,11
VRPL,305,ok,19.5285014189,11
VRPL,306,ok,15.0617758809,11
VRPL,307,ok,14.1945102521,12
VRPL,308,ok,19.1604482713,12
VRPL,309,ok,14.6856669788,10
VRPL,310,ok,18.9308660276,12
VRPL,311,ok,18.8809775973,11
VRPL,312,ok,17.6521167447,11
VRPL,313,ok,15.4921503308,11
VRPL,314,ok,15.2880213751,12
VRPL,315,ok,18.1549108450,11
VRPL,316,ok,15.5446681849,11
VRPL,317,ok,17.6766089484,11
VRPL,318,ok,17.5538868721,11
VRPL,319,ok,17.8556133995,12
VRPL,320,ok,15.4020733470,11
VRPL,321,ok,15.3485031361,11
VRPL,322,ok,15.0658059116,12
VRPL,323,ok,14.3968747788,12
VRPL,324,ok,19.9829870653,12
VRPL,325,ok,16.2283153348,11
VRPL,326,ok,13.8282743532,10
VRPL,327,ok,15.6893862241,12
VRPL,328,ok,13.7708615491,11
VRPL,329,ok,18.6356147608,12
VRPL,330,ok,14.2609343757,11
VRPL,331,ok,15.9210686550,12
VRPL,332,ok,16.9379184942,11
VRPL,333,ok,14.6629333550,12
VRPL,334,ok,18.6234368150,11
VRPL,335,ok,12.9162921999,11
VRPL,336,ok,16.7025795043,11
VRPL,337,ok,16.7046086919,11
VRPL,338,ok,14.4629668915,12
VRPL,339,ok,16.5723574287,11
VRPL,340,ok,15.8609638966,11
VRPL,341,ok,21.4305413577,11
VRPL,342,ok,20.6487673320,11
VRPL,343,ok,14.8461306245,11
VRPL,344,ok,18.2647391685,11
VRPL,345,ok,14.9139957906,11
VRPL,346,ok,17.1339550522,12
VRPL,347,ok,20.8336135544,11
VRPL,348,ok,18.1608603195,11
VRPL,349,ok,19.4977451143,12
VRPL,350,ok,16.5255237303,11
VRPL,351,ok,15.1286219673,13
VRPL,352,ok,18.3166962875,11
VRPL,353,ok,17.6319049155,11
VRPL,354,ok,16.7892258822,12
VRPL,355,ok,16.9739059921,10
VRPL,356,ok,17.3195871751,12
VRPL,357,ok,16.6649447165,11
VRPL,358,ok,15.4987233043,12
VRPL,359,ok,17.1081070344,12
VRPL,360,ok,17.6569866036,11
VRPL,361,ok,17.7202809365,11
VRPL,362,ok,19.8751597564,12
VRPL,363,ok,18.9259808829,11
VRPL,364,ok,17.5420944514,11
VRPL,365,ok,19.2522041193,12
VRPL,366,ok,19.0929580614,11
VRPL,367,ok,20.0902020006,11
VRPL,368,ok,14.8285198201,12
VRPL,369,ok,16.4373995180,12
VRPL,370,ok,13.5326104270,10
VRPL,371,ok,15.9622251966,11
VRPL,372,ok,13.8883483281,11
VRPL,373,ok,18.9929294437,11
VRPL,374,ok,14.4925206525,12
VRPL,375,ok,13.8352580416,11
VRPL,376,ok,15.0387609924,12
VRPL,377,ok,16.3908885447,11
VRPL,378,ok,14.2736784028,11
VRPL,379,ok,15.7383554952,10
VRPL,380,ok,18.5513264221,11
VRPL,381,ok,14.1196201491,12
VRPL,382,ok,15.5926576689,11
VRPL,383,ok,15.5267985628,11
VRPL,384,ok,16.5744374639,11
VRPL,385,ok,18.4334800153,11
VRPL,386,ok,13.3501361655,11
VRPL,387,ok,16.3667392007,11
VRPL,388,ok,19.6553626986,11
VRPL,389,ok,17.5506113873,12
VRPL,390,ok,14.6566073193,10
VRPL,391,ok,16.8862591085,11
VRPL,392,ok,18.0488104242,11
VRPL,393,ok,13.9515606164,11
VRPL,394,ok,17.7134311345,11
VRPL,395,ok,18.7737404232,11
VRPL,396,ok,14.4845924478,11
VRPL,397,ok,19.2543563285,11
VRPL,398,ok,19.8514454594,12
VRPL,399,ok,19.3009942524,10
VRPL,400,ok,13.9512568301,11
VRPL,401,ok,15.7818322576,12
VRPL,402,ok,17.9878204404,11
VRPL,403,ok,18.1029531075,12
VRPL,404,ok,16.9110360241,12
VRPL,405,ok,14.7124477592,12
VRPL,406,ok,15.0563853299,12
VRPL,407,ok,19.5733886881,10
VRPL,408,ok,14.0515990015,11
VRPL,409,ok,15.6044147600,11
VRPL,410,ok,16.0670562530,11
VRPL,411,ok,13.6411248778,11
VRPL,412,ok,17.5284119721,12
VRPL,413,ok,16.9090606062,12
VRPL,414,ok,15.5986160658,10
VRPL,415,ok,15.7449176562,11
VRPL,416,ok,17.5499005431,12
VRPL,417,ok,15.5242139324,11
VRPL,418,ok,16.5561374474,10
VRPL,419,ok,16.6597226092,11
VRPL,420,ok,19.5647233604,11
VRPL,421,ok,20.1111377664,12
VRPL,422,ok,14.8151361145,11
VRPL,423,ok,15.9006686025,11
VRPL,424,ok,17.9813526636,12
VRPL,425,ok,14.9689425610,10
VRPL,426,ok,20.4947479872,12
VRPL,427,ok,18.0901322032,11
VRPL,428,ok,19.4772264644,11
VRPL,429,ok,18.5793598547,11
VRPL,430,ok,16.3125276692,11
VRPL,431,ok,15.6726168844,11
VRPL,432,ok,15.6956302306,10
VRPL,433,ok,15.5148805766,11
VRPL,434,ok,16.6526103900,11
VRPL,435,ok,14.4034516405,11
VRPL,436,ok,15.4960393428,11
VRPL,437,ok,15.4650724465,12
VRPL,438,ok,16.1336126987,11
VRPL,439,ok,17.5833623781,11
VRPL,440,ok,16.9567852175,11
VRPL,441,ok,14.4454462578,11
VRPL,442,ok,18.3848388369,11
VRPL,443,ok,21.5318434844,12
VRPL,444,ok,17.7576423825,12
VRPL,445,ok,15.1054055682,12
VRPL,446,ok,15.6058463884,12
VRPL,447,ok,15.6541573534,11
VRPL,448,ok,16.4592127739,11
VRPL,449,ok,18.3396707265,10
VRPL,450,ok,14.5362950297,12
VRPL,451,ok,20.9033390436,11
VRPL,452,ok,14.8323574219,11
VRPL,453,ok,13.8387528726,11
VRPL,454,ok,15.9465527215,10
VRPL,455,ok,14.7351812902,11
VRPL,456,ok,16.6778991717,12
VRPL,457,ok,15.4202846903,11
VRPL,458,ok,16.5822839302,11
VRPL,459,ok,18.5534143845,11
VRPL,460,ok,14.4287961695,11
VRPL,461,ok,17.4162388202,11
VRPL,462,ok,17.0562048469,11
VRPL,463,ok,14.0955218174,11
VRPL,464,ok,16.6660419027,12
VRPL,465,ok,16.1778241705,12
VRPL,466,ok,16.0262538385,11
VRPL,467,ok,16.7224767107,13
VRPL,468,ok,17.2995999349,11
VRPL,469,ok,15.2566007361,13
VRPL,470,ok,18.2323003035,11
VRPL,471,ok,18.5704944591,11
VRPL,472,ok,16.8630807360,10
VRPL,473,ok,15.0617603220,11
VRPL,474,ok,14.0320929830,12
VRPL,475,ok,16.0646142165,11
VRPL,476,ok,16.5787973364,11
VRPL,477,ok,16.5803768234,10
VRPL,478,ok,13.6890190053,12
VRPL,479,ok,17.4796892088,11
VRPL,480,ok,16.1987948875,11
VRPL,481,ok,14.1494382109,11
VRPL,482,ok,17.6946697639,10
VRPL,483,ok,17.4722159291,11
VRPL,484,ok,14.6588435534,12
VRPL,485,ok,19.9105434372,10
VRPL,486,ok,14.1576799449,11
VRPL,487,ok,18.9945499126,11
VRPL,488,ok,14.0339390523,12
VRPL,489,ok,18.6205780646,12
VRPL,490,ok,18.7451563290,11
VRPL,491,ok,15.6660565183,11
VRPL,492,ok,15.3090702975,11
VRPL,493,ok,16.2686461496,12
VRPL,494,ok,16.1879616122,11
VRPL,495,ok,16.2193125827,12
VRPL,496,ok,19.0036959899,11
VRPL,497,ok,16.8708169673,11
VRPL,498,ok,14.5193027774,12
VRPL,499,ok,16.1178512501,12
VRPL,500,ok,17.8837446459,10
VRPL,501,ok,18.1169416066,10
VRPL,502,ok,17.4229896062,11
VRPL,503,ok,14.4936848161,10
VRPL,504,ok,16.6591344137,12
VRPL,505,ok,17.8865027950,11
VRPL,506,ok,15.8181010781,11
VRPL,507,ok,16.8240574856,11
VRPL,508,ok,15.1694074624,11
VRPL,509,ok,14.8697900080,11
VRPL,510,ok,18.3281809288,11
VRPL,511,ok,16.0013915881,12
VRPL,512,ok,15.5486246579,10
VRPL,513,ok,18.6705704751,10
VRPL,514,ok,18.8957048648,11
VRPL,515,ok,18.4803593830,10
VRPL,516,ok,20.1343747751,10
VRPL,517,ok,15.1839632265,11
VRPL,518,ok,17.6909064798,11
VRPL,519,ok,16.1560612429,11
VRPL,520,ok,17.1298664178,12
VRPL,521,ok,17.0197693147,11
VRPL,522,ok,16.1693510293,11
VRPL,523,ok,14.8596661071,11
VRPL,524,ok,16.3022265725,11
VRPL,525,ok,15.9188923831,11
VRPL,526,ok,14.4951377360,11
VRPL,527,ok,16.7481417322,11
VRPL,528,ok,14.6417125196,12
VRPL,529,ok,15.8064888750,10
VRPL,530,ok,14.3151220981,11
VRPL,531,ok,14.8620784876,10
VRPL,532,ok,17.6857125719,11
VRPL,533,ok,18.3035250129,12
VRPL,534,ok,17.5702735655,10
VRPL,535,ok,16.6552068784,11
VRPL,536,ok,17.2492959228,10
VRPL,537,ok,16.7944296392,12
VRPL,538,ok,18.8043114776,12
VRPL,539,ok,19.2897050871,11
VRPL,540,ok,16.7716538828,12
VRPL,541,ok,16.6777554500,11
VRPL,542,ok,16.7281362569,10
VRPL,543,ok,15.2795573525,10
VRPL,544,ok,18.6799357986,11
VRPL,545,ok,15.6132313289,12
VRPL,546,ok,19.6391540794,12
VRPL,547,ok,16.5377023301,11
VRPL,548,ok,17.5698266268,11
VRPL,549,ok,20.9172680576,12
VRPL,550,ok,18.8767544761,11
VRPL,551,ok,16.2323579329,11
VRPL,552,ok,16.9471376420,11
VRPL,553,ok,13.2551753467,11
VRPL,554,ok,14.4440065347,11
VRPL,555,ok,14.9149786153,11
VRPL,556,ok,13.6809362444,11
VRPL,557,ok,18.7410991166,11
VRPL,558,ok,15.2664597160,12
VRPL,559,ok,19.0418983241,11
VRPL,560,ok,19.3301442861,11
VRPL,561,ok,14.2128679659,11
VRPL,562,ok,18.1499817323,11
VRPL,563,ok,14.6185676742,11
VRPL,564,ok,16.6251190057,11
VRPL,565,ok,17.7148616907,11
VRPL,566,ok,15.4752427724,12
VRPL,567,ok,14.1358982443,10
VRPL,568,ok,17.7195249553,12
VRPL,569,ok,16.7516481545,9
VRPL,570,ok,16.5945508891,11
VRPL,571,ok,20.4673275345,12
VRPL,572,ok,18.5035935034,11
VRPL,573,ok,17.0591969157,12
VRPL,574,ok,14.8587548915,10
VRPL,575,ok,15.1175727314,11
VRPL,576,ok,14.7719630748,11
VRPL,577,ok,18.0970042166,11
VRPL,578,ok,17.2445520808,11
VRPL,579,ok,16.0355525256,12
VRPL,580,ok,17.1912079052,10
VRPL,581,ok,17.0339238431,12
VRPL,582,ok,14.7895518550,11
VRPL,583,ok,13.7531707088,10
VRPL,584,ok,14.6298834844,10
VRPL,585,ok,18.1187997591,10
VRPL,586,ok,17.5332409732,11
VRPL,587,ok,14.2955187420,11
VRPL,588,ok,16.6109175115,11
VRPL,589,ok,14.8665707299,10
VRPL,590,ok,14.4275465464,11
VRPL,591,ok,17.8640932588,10
VRPL,592,ok,13.8912924902,11
VRPL,593,ok,17.5644587322,11
VRPL,594,ok,15.9719828315,12
VRPL,595,ok,17.4139411437,11
VRPL,596,ok,13.9054486020,11
VRPL,597,ok,16.5949801517,12
VRPL,598,ok,15.7560679928,12
VRPL,599,ok,17.1394575898,11
VRPL,600,ok,18.4262314779,11
VRPL,601,ok,19.8929816173,11
VRPL,602,ok,17.6729881797,12
VRPL,603,ok,17.0200133574,10
VRPL,604,ok,14.9217834762,12
VRPL,605,ok,14.1801986679,10
VRPL,606,ok,18.8609512518,12
VRPL,607,ok,15.7596542954,11
VRPL,608,ok,18.4622575468,11
VRPL,609,ok,17.1551124352,11
VRPL,610,ok,19.1696379942,12
VRPL,611,ok,18.1222448912,12
VRPL,612,ok,16.0389192396,11
VRPL,613,ok,17.2568583894,12
VRPL,614,ok,19.8031120801,10
VRPL,615,ok,19.7436092675,12
VRPL,616,ok,17.8878737264,12
VRPL,617,ok,21.0608412155,12
VRPL,618,ok,17.2021289481,11
VRPL,619,ok,18.4157545257,12
VRPL,620,ok,15.0175287333,11
VRPL,621,ok,17.2270845575,13
VRPL,622,ok,17.3971270118,11
VRPL,623,ok,17.4531055973,10
VRPL,624,ok,19.1572715500,10
VRPL,625,ok,15.1207932961,11
VRPL,626,ok,14.9804370146,11
VRPL,627,ok,17.7457818376,10
VRPL,628,ok,16.8161769585,11
VRPL,629,ok,18.5248533176,11
VRPL,630,ok,15.5009512423,11
VRPL,631,ok,18.6998697130,10
VRPL,632,ok,21.0435860889,12
VRPL,633,ok,14.5993910488,12
VRPL,634,ok,19.1622292512,11
VRPL,635,ok,17.6101089104,11
VRPL,636,ok,18.7596293314,11
VRPL,637,ok,17.8635053647,10
VRPL,638,ok,14.0792856521,11
VRPL,639,ok,18.6599687778,11
VRPL,640,ok,21.1239215453,12
VRPL,641,ok,15.4279621763,11
VRPL,642,ok,16.2782625927,12
VRPL,643,ok,15.2586526734,11
VRPL,644,ok,17.6710977891,11
VRPL,645,ok,15.3925587280,11
VRPL,646,ok,16.6217313765,12
VRPL,647,ok,18.7671039137,12
VRPL,648,ok,16.7351470415,11
VRPL,649,ok,17.4658520325,12
VRPL,650,ok,17.7939041681,11
VRPL,651,ok,16.2157319968,11
VRPL,652,ok,18.3310905424,11
VRPL,653,ok,21.1150224090,11
VRPL,654,ok,14.3801983924,11
VRPL,655,ok,16.8329418056,10
VRPL,656,ok,14.8495670455,11
VRPL,657,ok,17.4233019625,13
VRPL,658,ok,19.1100952055,11
VRPL,659,ok,16.8607649720,11
VRPL,660,ok,16.4087942536,12
VRPL,661,ok,16.9987679458,11
VRPL,662,ok,14.5273135219,13
VRPL,663,ok,14.1449372125,12
VRPL,664,ok,14.4215723931,11
VRPL,665,ok,15.3217357462,11
VRPL,666,ok,19.4941499915,12
VRPL,667,ok,17.6379118326,11
VRPL,668,ok,13.4941511448,12
VRPL,669,ok,14.1774786329,12
VRPL,670,ok,18.9586526596,10
VRPL,671,ok,15.6551907547,11
VRPL,672,ok,18.2996619096,11
VRPL,673,ok,16.0679076693,13
VRPL,674,ok,18.0083685364,12
VRPL,675,ok,13.3801245006,11
VRPL,676,ok,19.8308359305,11
VRPL,677,ok,16.6985067224,11
VRPL,678,ok,15.0396680751,11
VRPL,679,ok,14.2759263846,12
VRPL,680,ok,17.2562458101,11
VRPL,681,ok,19.1521499559,11
VRPL,682,ok,16.1127604967,12
VRPL,683,ok,14.6313293319,11
VRPL,684,ok,16.8580526443,12
VRPL,685,ok,14.9207060112,12
VRPL,686,ok,20.2288437539,10
VRPL,687,ok,19.0257396435,12
VRPL,688,ok,17.1410521742,11
VRPL,689,ok,17.7363457046,12
VRPL,690,ok,15.7452907521,11
VRPL,691,ok,14.0045891073,11
VRPL,692,ok,16.4846427063,11
VRPL,693,ok,16.1149121042,11
VRPL,694,ok,16.8340620556,11
VRPL,695,ok,17.2016601762,12
VRPL,696,ok,18.6880096380,12
VRPL,697,ok,19.4920581886,11
VRPL,698,ok,18.9025597801,11
VRPL,699,ok,14.8330801449,12
VRPL,700,ok,14.0649950350,11
VRPL,701,ok,14.1136327574,11
VRPL,702,ok,17.3226139973,12
VRPL,703,ok,14.1496575668,11
VRPL,704,ok,15.5967743859,11
VRPL,705,ok,19.1578990272,12
VRPL,706,ok,19.0709945463,11
VRPL,707,ok,18.5993975674,12
VRPL,708,ok,18.2155601737,11
VRPL,709,ok,16.4640821161,12
VRPL,710,ok,13.6409076320,10
VRPL,711,ok,13.6407553298,11
VRPL,712,ok,18.8322628222,12
VRPL,713,ok,14.6883080834,12
VRPL,714,ok,15.2402409783,12
VRPL,715,ok,15.9412029365,12
VRPL,716,ok,18.8269434116,12
VRPL,717,ok,18.0189873357,12
VRPL,718,ok,14.1398536150,11
VRPL,719,ok,14.7943002270,12
VRPL,720,ok,13.7422579867,11
VRPL,721,ok,16.7281229786,12
VRPL,722,ok,14.0005436512,11
VRPL,723,ok,16.7321611548,11
VRPL,724,ok,18.9135635466,12
VRPL,725,ok,16.9589189726,11
VRPL,726,ok,18.3469661274,11
VRPL,727,ok,15.3931158510,12
VRPL,728,ok,18.9251568059,11
VRPL,729,ok,17.1636026969,11
VRPL,730,ok,14.9525428109,11
VRPL,731,ok,14.5301208290,11
VRPL,732,ok,14.5755432723,12
VRPL,733,ok,22.4050710786,12
VRPL,734,ok,17.3814021474,12
VRPL,735,ok,19.4371933274,12
VRPL,736,ok,16.6597685553,13
VRPL,737,ok,14.8348553628,12
VRPL,738,ok,15.3170358429,12
VRPL,739,ok,16.5732897152,11
VRPL,740,ok,15.1689173617,12
VRPL,741,ok,14.6328252090,11
VRPL,742,ok,15.3758989859,10
VRPL,743,ok,13.4179286782,10
VRPL,744,ok,16.4861326695,12
VRPL,745,ok,16.6790284395,12
VRPL,746,ok,19.4190064823,11
VRPL,747,ok,15.1240006845,11
VRPL,748,ok,18.2676107172,12
VRPL,749,ok,18.3850961223,10
VRPL,750,ok,14.5052878138,10
VRPL,751,ok,20.5814474473,12
VRPL,752,ok,19.4308748739,11
VRPL,753,ok,15.3103759035,11
VRPL,754,ok,18.8157272914,11
VRPL,755,ok,17.3338014711,11
VRPL,756,ok,20.5792134706,12
VRPL,757,ok,15.6703304868,11
VRPL,758,ok,15.4696101953,11
VRPL,759,ok,19.3003461737,11
VRPL,760,ok,21.2217904318,12
VRPL,761,ok,15.3111031951,11
VRPL,762,ok,19.1746394402,11
VRPL,763,ok,20.6324501391,12
VRPL,764,ok,16.4046354633,11
VRPL,765,ok,18.7418546691,10
VRPL,766,ok,19.2477190603,12
VRPL,767,ok,18.0800184895,11
VRPL,768,ok,18.6424177270,11
VRPL,769,ok,16.2634805851,11
VRPL,770,ok,14.2681085394,11
VRPL,771,ok,13.1055610254,11
VRPL,772,ok,15.6027371218,10
VRPL,773,ok,13.4756382810,11
VRPL,774,ok,14.6775359087,12
VRPL,775,ok,17.2168082553,11
VRPL,776,ok,19.8244243281,12
VRPL,777,ok,16.0075078060,10
VRPL,778,ok,16.8491209837,11
VRPL,779,ok,18.9137895992,12
VRPL,780,ok,14.2620307437,11
VRPL,781,ok,16.6785140549,10
VRPL,782,ok,15.1904953204,11
VRPL,783,ok,18.3511110642,12
VRPL,784,ok,19.5263076857,12
VRPL,785,ok,17.4153776488,11
VRPL,786,ok,15.0168023772,12
VRPL,787,ok,14.0760544294,12
VRPL,788,ok,15.7198460397,11
VRPL,789,ok,13.6076660168,10
VRPL,790,ok,16.5545570357,10
VRPL,791,ok,14.5100895432,11
VRPL,792,ok,16.8681520736,11
VRPL,793,ok,16.1696525252,11
VRPL,794,ok,17.9235483935,13
VRPL,795,ok,16.5428515666,11
VRPL,796,ok,16.9901865089,12
VRPL,797,ok,19.6768028556,11
VRPL,798,ok,14.9990496257,11
VRPL,799,ok,15.2681874128,11
VRPL,800,ok,14.2288865458,11
VRPL,801,ok,15.5498016131,11
VRPL,802,ok,14.7178073569,11
VRPL,803,ok,15.3336121671,11
VRPL,804,ok,13.9082042360,10
VRPL,805,ok,19.1103126737,12
VRPL,806,ok,17.4372689239,11
VRPL,807,ok,17.0833954960,11
VRPL,808,ok,20.6198730209,12
VRPL,809,ok,16.1581237240,11
VRPL,810,ok,15.7840353316,12
VRPL,811,ok,18.2819496803,12
VRPL,812,ok,16.1751471917,10
VRPL,813,ok,16.8931440353,11
VRPL,814,ok,21.3047076175,12
VRPL,815,ok,18.3327241932,10
VRPL,816,ok,16.1617099128,13
VRPL,817,ok,14.6542269901,10
VRPL,818,ok,17.7928539192,10
VRPL,819,ok,16.0880640939,11
VRPL,820,ok,15.5380737328,11
VRPL,821,ok,15.4621242825,11
VRPL,822,ok,14.2462053532,11
VRPL,823,ok,16.1304288567,12
VRPL,824,ok,17.0725926599,11
VRPL,825,ok,14.2507505535,12
VRPL,826,ok,18.8244082445,11
VRPL,827,ok,15.2331210071,10
VRPL,828,ok,17.3992131222,11
VRPL,829,ok,15.5255950149,12
VRPL,830,ok,17.7131397303,10
VRPL,831,ok,13.8582635769,11
VRPL,832,ok,16.9015793502,10
VRPL,833,ok,13.6010159918,11
VRPL,834,ok,17.7635040973,12
VRPL,835,ok,14.8934740833,11
VRPL,836,ok,17.7920509167,11
VRPL,837,ok,20.0325369234,10
VRPL,838,ok,17.7410415646,11
VRPL,839,ok,17.4970272439,10
VRPL,840,ok,16.5227794835,12
VRPL,841,ok,19.7305482902,11
VRPL,842,ok,14.4291377353,11
VRPL,843,ok,16.8631140900,10
VRPL,844,ok,17.0742286761,10
VRPL,845,ok,15.6848428609,12
VRPL,846,ok,15.4506448525,10
VRPL,847,ok,16.4429244920,11
VRPL,848,ok,15.3593946978,10
VRPL,849,ok,14.5984689875,11
VRPL,850,ok,16.8088559642,11
VRPL,851,ok,18.5194440722,11
VRPL,852,ok,16.2794118516,11
VRPL,853,ok,18.5658441283,11
VRPL,854,ok,14.6598119080,12
VRPL,855,ok,15.4740867928,12
VRPL,856,ok,14.6297085924,12
VRPL,857,ok,15.2085564138,10
VRPL,858,ok,19.3949338235,11
VRPL,859,ok,15.5421073481,11
VRPL,860,ok,17.2124576903,11
VRPL,861,ok,19.0469814656,12
VRPL,862,ok,17.0770900469,11
VRPL,863,ok,18.0849286622,10
VRPL,864,ok,17.0838159695,11
VRPL,865,ok,16.0569002514,11
VRPL,866,ok,16.6683159300,11
VRPL,867,ok,13.0053295081,12
VRPL,868,ok,15.0170073197,12
VRPL,869,ok,15.7811073003,11
VRPL,870,ok,15.8455836273,11
VRPL,871,ok,17.7424531674,12
VRPL,872,ok,17.6692244383,11
VRPL,873,ok,15.5560970388,11
VRPL,874,ok,21.0560706897,12
VRPL,875,ok,14.3727123449,11
VRPL,876,ok,16.3941509718,11
VRPL,877,ok,17.1887721412,11
VRPL,878,ok,14.7793884022,11
VRPL,879,ok,14.8019775996,11
VRPL,880,ok,19.9880857167,11
VRPL,881,ok,15.8633897879,11
VRPL,882,ok,14.2687039043,11
VRPL,883,ok,14.4312815678,11
VRPL,884,ok,17.0065945834,11
VRPL,885,ok,16.9715735320,13
VRPL,886,ok,17.7970540190,11
VRPL,887,ok,14.6079819884,11
VRPL,888,ok,13.9447096660,11
VRPL,889,ok,16.6035785630,11
VRPL,890,ok,13.9810634201,12
VRPL,891,ok,17.5881592617,11
VRPL,892,ok,13.3044655423,12
VRPL,893,ok,17.4237997174,11
VRPL,894,ok,16.0699519201,11
VRPL,895,ok,15.1177589259,13
VRPL,896,ok,16.3694090871,11
VRPL,897,ok,18.7437177720,12
VRPL,898,ok,13.7791279099,11
VRPL,899,ok,15.3869890748,11
VRPL,900,ok,17.9268592797,11
VRPL,901,ok,15.9378613957,12
VRPL,902,ok,16.7409749832,11
VRPL,903,ok,19.1262017380,11
VRPL,904,ok,14.6085192402,11
VRPL,905,ok,16.9500382265,11
VRPL,906,ok,17.3662295531,11
VRPL,907,ok,14.4600733158,12
VRPL,908,ok,19.3104296575,11
VRPL,909,ok,15.3037125668,12
VRPL,910,ok,16.5285973757,11
VRPL,911,ok,19.8943453371,11
VRPL,912,ok,17.9694831466,11
VRPL,913,ok,19.2442160991,12
VRPL,914,ok,16.8853011600,12
VRPL,915,ok,15.4841484987,12
VRPL,916,ok,17.8717468696,11
VRPL,917,ok,15.2500720146,11
VRPL,918,ok,13.7637840018,12
VRPL,919,ok,17.3951050150,10
VRPL,920,ok,15.8665075876,12
VRPL,921,ok,21.8488232213,11
VRPL,922,ok,18.3670958635,10
VRPL,923,ok,14.6642292172,11
VRPL,924,ok,17.2554750013,10
VRPL,925,ok,18.8557884376,12
VRPL,926,ok,19.1405590836,12
VRPL,927,ok,20.3430298251,11
VRPL,928,ok,17.7084153049,12
VRPL,929,ok,19.3714800185,12
VRPL,930,ok,16.6002274345,12
VRPL,931,ok,18.3892381237,11
VRPL,932,ok,19.6008677927,11
VRPL,933,ok,17.0794153842,11
VRPL,934,ok,14.0950520690,11
VRPL,935,ok,13.8940379330,11
VRPL,936,ok,16.5138200988,12
VRPL,937,ok,16.7420377385,12
VRPL,938,ok,19.2925649353,11
VRPL,939,ok,16.0779171645,11
VRPL,940,ok,15.2588689824,10
VRPL,941,ok,14.0979820322,10
VRPL,942,ok,15.5578799218,10
VRPL,943,ok,17.2137553768,11
VRPL,944,ok,19.8352121139,12
VRPL,945,ok,17.3990702584,11
VRPL,946,ok,16.0244787112,11
VRPL,947,ok,19.4201507537,12
VRPL,948,ok,17.0475801903,12
VRPL,949,ok,15.7306033668,11
VRPL,950,ok,15.0023533268,11
VRPL,951,ok,15.6431176915,10
VRPL,952,ok,14.1089490800,12
VRPL,953,ok,20.1354347194,12
VRPL,954,ok,14.5562526009,11
VRPL,955,ok,13.8435633561,10
VRPL,956,ok,16.1392819175,11
VRPL,957,ok,19.1074599404,11
VRPL,958,ok,17.2121717328,11
VRPL,959,ok,18.9268802963,10
VRPL,960,ok,19.2582784203,12
VRPL,961,ok,14.5192687784,12
VRPL,962,ok,17.6474330690,10
VRPL,963,ok,18.3441863117,11
VRPL,964,ok,18.7174868628,11
VRPL,965,ok,17.1751757711,11
VRPL,966,ok,14.7417898860,11
VRPL,967,ok,17.4278651453,12
VRPL,968,ok,14.9437432445,12
VRPL,969,ok,16.0700903885,11
VRPL,970,ok,18.0095965438,11
VRPL,971,ok,20.2180911573,11
VRPL,972,ok,17.4128457710,11
VRPL,973,ok,17.0962652178,12
VRPL,974,ok,19.7921736384,11
VRPL,975,ok,12.6698099810,10
VRPL,976,ok,17.4412640726,10
VRPL,977,ok,16.7323379064,10
VRPL,978,ok,19.0057898761,11
VRPL,979,ok,20.8999019281,12
VRPL,980,ok,19.8685331498,12
VRPL,981,ok,15.0025177646,11
VRPL,982,ok,16.2066219407,11
VRPL,983,ok,17.4248883591,12
VRPL,984,ok,16.3752029525,11
VRPL,985,ok,16.9535441079,12
VRPL,986,ok,19.6565449127,11
VRPL,987,ok,16.8493927312,11
VRPL,988,ok,18.2614108574,11
VRPL,989,ok,18.0892877920,11
VRPL,990,ok,17.1679946402,12
VRPL,991,ok,19.0087335395,12
VRPL,992,ok,17.0604681574,11
VRPL,993,ok,17.5213908035,11
VRPL,994,ok,15.8273336916,12
VRPL,995,ok,15.2183639063,10
VRPL,996,ok,15.9997626910,11
VRPL,997,ok,20.9646812995,11
VRPL,998,ok,14.9511935174,11
VRPL,999,ok,19.8486835091,11
VRPTW,0,ok,31.7235976982,28
VRPTW,1,ok,36.9583258509,27
VRPTW,2,ok,36.3302757773,27
VRPTW,3,ok,33.5931020231,29
VRPTW,4,ok,37.3709644439,30
VRPTW,5,ok,31.6365618657,25
VRPTW,6,ok,28.0729987277,30
VRPTW,7,ok,48.4716157810,31
VRPTW,8,ok,25.8250632566,26
VRPTW,9,ok,45.4253030070,32
VRPTW,10,ok,32.8409622953,28
VRPTW,11,ok,32.3750228936,28
VRPTW,12,ok,25.9552305998,28
VRPTW,13,ok,28.8940723323,30
VRPTW,14,ok,30.2289465086,27
VRPTW,15,ok,40.6814991275,30
VRPTW,16,ok,32.9937935607,28
VRPTW,17,ok,36.6735509242,29
VRPTW,18,ok,44.0751663677,27
VRPTW,19,ok,34.9115236262,27
VRPTW,20,ok,38.4950848977,27
VRPTW,21,ok,33.7692769988,28
VRPTW,22,ok,30.3197485742,29
VRPTW,23,ok,38.9786095141,27
VRPTW,24,ok,35.0746531705,27
VRPTW,25,ok,36.6495694993,26
VRPTW,26,ok,41.5902280095,27
VRPTW,27,ok,29.1397038621,27
VRPTW,28,ok,31.4215802266,30
VRPTW,29,ok,34.6146739754,28
VRPTW,30,ok,37.9765972561,28
VRPTW,31,ok,30.0007857442,28
VRPTW,32,ok,36.1439243193,29
VRPTW,33,ok,28.5190888330,28
VRPTW,34,ok,27.2550784852,29
VRPTW,35,ok,36.4547891184,30
VRPTW,36,ok,26.9977253883,27
VRPTW,37,ok,24.8355351054,25
VRPTW,38,ok,28.7620781984,29
VRPTW,39,ok,36.5327386545,28
VRPTW,40,ok,35.4756084251,28
VRPTW,41,ok,42.3873156794,30
VRPTW,42,ok,37.3055644804,30
VRPTW,43,ok,34.4429409257,29
VRPTW,44,ok,35.4603319546,29
VRPTW,45,ok,28.2772237781,31
VRPTW,46,ok,32.7485414200,26
VRPTW,47,ok,29.2546868198,27
VRPTW,48,ok,26.9085763720,27
VRPTW,49,ok,27.0083507865,25
VRPTW,50,ok,34.6769958711,26
VRPTW,51,ok,28.7481077255,26
VRPTW,52,ok,42.1956657533,28
VRPTW,53,ok,37.3868771773,26
VRPTW,54,ok,27.5196942653,28
VRPTW,55,ok,40.6570690258,28
VRPTW,56,ok,34.3805096936,27
VRPTW,57,ok,46.0323229049,31
VRPTW,58,ok,36.0708518305,30
VRPTW,59,ok,38.3507169326,28
VRPTW,60,ok,29.4801731673,26
VRPTW,61,ok,32.0511770303,26
VRPTW,62,ok,34.5862082611,26
VRPTW,63,ok,37.5272893944,29
VRPTW,64,ok,40.9935141839,28
VRPTW,65,ok,47.5227908346,29
VRPTW,66,ok,27.5787293389,28
VRPTW,67,ok,25.4432414401,26
VRPTW,68,ok,39.9629296323,29
VRPTW,69,ok,48.3760339872,29
VRPTW,70,ok,27.7600535890,29
VRPTW,71,ok,29.9595587463,28
VRPTW,72,ok,34.7668259553,28
VRPTW,73,ok,29.8699262295,29
VRPTW,74,ok,27.2969205486,26
VRPTW,75,ok,33.9198733486,29
VRPTW,76,ok,44.8335137385,32
VRPTW,77,ok,28.6532721650,29
VRPTW,78,ok,32.4419182244,29
VRPTW,79,ok,45.8528254010,29
VRPTW,80,ok,28.0696580134,27
VRPTW,81,ok,30.4879351148,28
VRPTW,82,ok,41.6417740774,28
VRPTW,83,ok,26.6766158585,28
VRPTW,84,ok,29.6714724641,25
VRPTW,85,ok,24.7623041617,28
VRPTW,86,ok,34.3867209039,26
VRPTW,87,ok,53.4636831348,31
VRPTW,88,ok,43.2269669353,30
VRPTW,89,ok,33.7866735189,28
VRPTW,90,ok,37.1216322172,27
VRPTW,91,ok,27.1986239299,27
VRPTW,92,ok,36.9999479707,27
VRPTW,93,ok,37.9853433179,32
VRPTW,94,ok,36.2762088913,27
VRPTW,95,ok,41.8508769475,32
VRPTW,96,ok,29.5945822814,27
VRPTW,97,ok,27.1557590783,29
VRPTW,98,ok,39.3345617052,29
VRPTW,99,ok,31.2063470581,27
VRPTW,100,ok,33.9717202368,27
VRPTW,101,ok,31.3429353127,27
VRPTW,102,ok,28.1110671715,29
VRPTW,103,ok,27.1610756164,28
VRPTW,104,ok,26.7048442055,29
VRPTW,105,ok,32.9664030439,27
VRPTW,106,ok,35.6225897763,28
VRPTW,107,ok,35.4996817872,29
VRPTW,108,ok,39.1847870483,29
VRPTW,109,ok,49.3573412741,32
VRPTW,110,ok,47.4099393426,32
VRPTW,111,ok,25.8486885125,25
VRPTW,112,ok,35.0856626525,28
VRPTW,113,ok,37.7242422746,29
VRPTW,114,ok,23.6257899949,28
VRPTW,115,ok,30.4188244772,29
VRPTW,116,ok,35.6576502600,31
VRPTW,117,ok,27.8930500775,29
VRPTW,118,ok,35.5364795272,26
VRPTW,119,ok,27.4003635714,26
VRPTW,120,ok,27.7558302910,30
VRPTW,121,ok,26.5073056873,26
VRPTW,122,ok,31.6912068405,26
VRPTW,123,ok,28.9110659840,29
VRPTW,124,ok,31.0080883272,28
VRPTW,125,ok,28.1456974320,28
VRPTW,126,ok,33.0920996763,31
VRPTW,127,ok,29.7279214798,30
VRPTW,128,ok,36.1954240882,29
VRPTW,129,ok,34.2485852989,28
VRPTW,130,ok,31.4969442016,28
VRPTW,131,ok,31.7422016165,27
VRPTW,132,ok,33.0767872600,26
VRPTW,133,ok,51.4305529647,32
VRPTW,134,ok,40.1982605029,29
VRPTW,135,ok,39.4455852247,30
VRPTW,136,ok,28.7184803432,27
VRPTW,137,ok,28.2849575522,27
VRPTW,138,ok,30.9442109393,29
VRPTW,139,ok,37.5982943463,30
VRPTW,140,ok,35.5751102946,29
VRPTW,141,ok,27.5691971881,28
VRPTW,142,ok,33.7465551067,32
VRPTW,143,ok,37.5570825691,29
VRPTW,144,ok,35.6109431590,27
VRPTW,145,ok,32.9530776335,27
VRPTW,146,ok,46.7118790367,30
VRPTW,147,ok,31.0822639066,30
VRPTW,148,ok,34.5994936376,30
VRPTW,149,ok,36.5177065668,28
VRPTW,150,ok,44.6517387709,30
VRPTW,151,ok,26.0048232052,27
VRPTW,152,ok,28.4192898133,26
VRPTW,153,ok,25.2229599066,25
VRPTW,154,ok,38.8023635315,27
VRPTW,155,ok,39.3115483971,27
VRPTW,156,ok,25.0577176680,27
VRPTW,157,ok,53.0109004555,32
VRPTW,158,ok,30.3622342953,27
VRPTW,159,ok,49.6236458189,31
VRPTW,160,ok,46.2487511121,31
VRPTW,161,ok,25.6393918835,27
VRPTW,162,ok,40.6129312517,32
VRPTW,163,ok,28.6863963153,26
VRPTW,164,ok,28.0618098708,27
VRPTW,165,ok,31.6246915005,29
VRPTW,166,ok,39.5647058868,27
VRPTW,167,ok,59.5689052015,34
VRPTW,168,ok,29.9891932699,32
VRPTW,169,ok,36.5726257964,29
VRPTW,170,ok,47.4413194954,30
VRPTW,171,ok,26.1555448908,27
VRPTW,172,ok,34.3036491080,27
VRPTW,173,ok,26.5109108359,28
VRPTW,174,ok,33.1806810792,26
VRPTW,175,ok,34.9774352713,28
VRPTW,176,ok,31.2538208111,27
VRPTW,177,ok,31.9055415844,26
VRPTW,178,ok,43.3552631653,27
VRPTW,179,ok,39.6190697779,30
VRPTW,180,ok,52.2171281936,30
VRPTW,181,ok,26.0697883561,26
VRPTW,182,ok,39.9771025776,27
VRPTW,183,ok,30.9631321965,28
VRPTW,184,ok,41.4656658756,29
VRPTW,185,ok,29.5872047134,27
VRPTW,186,ok,43.7983796391,29
VRPTW,187,ok,42.0631288314,30
VRPTW,188,ok,33.3608762832,29
VRPTW,189,ok,40.4393683091,27
VRPTW,190,ok,32.5867342194,27
VRPTW,191,ok,28.9952066767,26
VRPTW,192,ok,34.4618927189,27
VRPTW,193,ok,39.2491699477,28
VRPTW,194,ok,39.7343601235,32
VRPTW,195,ok,43.7195516204,30
VRPTW,196,ok,38.1493739848,29
VRPTW,197,ok,29.3424254823,27
VRPTW,198,ok,29.4292632828,28
VRPTW,199,ok,29.8042400767,25
VRPTW,200,ok,36.0205255302,30
VRPTW,201,ok,29.8761218604,28
VRPTW,202,ok,28.2991729950,29
VRPTW,203,ok,34.0670613527,29
VRPTW,204,ok,38.0413149785,28
VRPTW,205,ok,37.4548065701,29
VRPTW,206,ok,30.8980135729,28
VRPTW,207,ok,36.8601669016,27
VRPTW,208,ok,39.6042840477,29
VRPTW,209,ok,40.9283892938,28
VRPTW,210,ok,28.1519280569,29
VRPTW,211,ok,27.7833089370,26
VRPTW,212,ok,26.4257752536,27
VRPTW,213,ok,36.2085002604,29
VRPTW,214,ok,33.4072542561,28
VRPTW,215,ok,28.5033848440,27
VRPTW,216,ok,30.7139047557,25
VRPTW,217,ok,33.8285102372,27
VRPTW,218,ok,38.3297248692,26
VRPTW,219,ok,38.2166802028,31
VRPTW,220,ok,33.0937397536,27
VRPTW,221,ok,28.3547992604,27
VRPTW,222,ok,47.5642709490,31
VRPTW,223,ok,38.2830939771,29
VRPTW,224,ok,49.5584514125,30
VRPTW,225,ok,36.0630982435,29
VRPTW,226,ok,33.3259626967,30
VRPTW,227,ok,28.2432006271,25
VRPTW,228,ok,32.2533779311,28
VRPTW,229,ok,30.0303812120,28
VRPTW,230,ok,30.2210953029,27
VRPTW,231,ok,36.4438928522,27
VRPTW,232,ok,29.0165656475,28
VRPTW,233,ok,29.9340279716,25
VRPTW,234,ok,34.3896030344,29
VRPTW,235,ok,33.4405329736,28
VRPTW,236,ok,28.2462896116,26
VRPTW,237,ok,32.6737390550,25
VRPTW,238,ok,35.1617120562,27
VRPTW,239,ok,29.7024620097,26
VRPTW,240,ok,30.2349899172,25
VRPTW,241,ok,36.3242493975,27
VRPTW,242,ok,26.5597935199,25
VRPTW,243,ok,42.8637859780,28
VRPTW,244,ok,29.7632806918,28
VRPTW,245,ok,41.4495071169,29
VRPTW,246,ok,46.4555381193,28
VRPTW,247,ok,24.3134895633,26
VRPTW,248,ok,29.0956100018,27
VRPTW,249,ok,32.7647406870,26
VRPTW,250,ok,32.0033278557,29
VRPTW,251,ok,41.4263019874,29
VRPTW,252,ok,25.0558772121,24
VRPTW,253,ok,24.9918264253,25
VRPTW,254,ok,24.8799672694,27
VRPTW,255,ok,35.1193729452,27
VRPTW,256,ok,41.9896620830,30
VRPTW,257,ok,26.2991026891,27
VRPTW,258,ok,29.5026421019,25
VRPTW,259,ok,40.3527977860,27
VRPTW,260,ok,43.5489781505,29
VRPTW,261,ok,38.0147163959,30
VRPTW,262,ok,32.4772629185,28
VRPTW,263,ok,42.5030943206,30
VRPTW,264,ok,31.5809232719,28
VRPTW,265,ok,27.3606970237,29
VRPTW,266,ok,29.8968486871,30
VRPTW,267,ok,25.7703336411,27
VRPTW,268,ok,31.1451010619,30
VRPTW,269,ok,31.4506776508,27
VRPTW,270,ok,26.8670047802,28
VRPTW,271,ok,30.6056412423,29
VRPTW,272,ok,35.6430251458,29
VRPTW,273,ok,33.4791195507,26
VRPTW,274,ok,39.2775340005,28
VRPTW,275,ok,37.1664425456,29
VRPTW,276,ok,34.3654132694,30
VRPTW,277,ok,39.0605641093,31
VRPTW,278,ok,27.4904266519,27
VRPTW,279,ok,35.9298170934,26
VRPTW,280,ok,33.5419561465,29
VRPTW,281,ok,39.2763424186,28
VRPTW,282,ok,38.6082925636,27
VRPTW,283,ok,27.9778270129,28
VRPTW,284,ok,32.2018839381,28
VRPTW,285,ok,26.7900696343,28
VRPTW,286,ok,31.8912225397,29
VRPTW,287,ok,35.3730442836,29
VRPTW,288,ok,32.7630207222,29
VRPTW,289,ok,27.4101557386,29
VRPTW,290,ok,47.9921019295,31
VRPTW,291,ok,41.5669279402,27
VRPTW,292,ok,24.5536163330,28
VRPTW,293,ok,35.1691980720,29
VRPTW,294,ok,30.6395837439,24
VRPTW,295,ok,44.0758952971,28
VRPTW,296,ok,37.0944389588,27
VRPTW,297,ok,32.4595679380,26
VRPTW,298,ok,32.5274264546,27
VRPTW,299,ok,27.3687498744,28
VRPTW,300,ok,27.2823843834,27
VRPTW,301,ok,30.5970330146,28
VRPTW,302,ok,27.9325849141,28
VRPTW,303,ok,30.3204873211,27
VRPTW,304,ok,33.3508173367,30
VRPTW,305,ok,33.7173502083,29
VRPTW,306,ok,27.1580625413,23
VRPTW,307,ok,35.1953422505,30
VRPTW,308,ok,32.5680955425,27
VRPTW,309,ok,39.1583908009,28
VRPTW,310,ok,32.9032001726,28
VRPTW,311,ok,35.8957282034,30
VRPTW,312,ok,28.4875888849,29
VRPTW,313,ok,34.2424418605,27
VRPTW,314,ok,51.6226301635,30
VRPTW,315,ok,36.6104498008,27
VRPTW,316,ok,28.8938731324,29
VRPTW,317,ok,25.4546730502,28
VRPTW,318,ok,37.2445480499,29
VRPTW,319,ok,27.5173953384,26
VRPTW,320,ok,27.9666448796,27
VRPTW,321,ok,30.0313650409,26
VRPTW,322,ok,31.4739454399,29
VRPTW,323,ok,26.7502563602,25
VRPTW,324,ok,34.9174480067,30
VRPTW,325,ok,23.8843994538,27
VRPTW,326,ok,38.7679484703,28
VRPTW,327,ok,30.9157143433,27
VRPTW,328,ok,32.0507646952,27
VRPTW,329,ok,24.8572849804,26
VRPTW,330,ok,27.6782441007,29
VRPTW,331,ok,31.6872639927,28
VRPTW,332,ok,36.8526145342,28
VRPTW,333,ok,31.8894349273,26
VRPTW,334,ok,45.4619529620,30
VRPTW,335,ok,33.5231825960,29
VRPTW,336,ok,33.5063165077,30
VRPTW,337,ok,25.2178322407,25
VRPTW,338,ok,30.8507272893,27
VRPTW,339,ok,29.9615015981,27
VRPTW,340,ok,26.5818120317,29
VRPTW,341,ok,28.3983246053,26
VRPTW,342,ok,36.4192944437,27
VRPTW,343,ok,41.4652857978,29
VRPTW,344,ok,40.3618959612,30
VRPTW,345,ok,44.1306034891,31
VRPTW,346,ok,27.7669079774,31
VRPTW,347,ok,49.2965649335,33
VRPTW,348,ok,30.1269415624,29
VRPTW,349,ok,27.9334617972,25
VRPTW,350,ok,36.2186613222,27
VRPTW,351,ok,42.4950622965,30
VRPTW,352,ok,40.5473965726,29
VRPTW,353,ok,37.5294096099,26
VRPTW,354,ok,39.9362169864,30
VRPTW,355,ok,38.7722495935,30
VRPTW,356,ok,33.6194899820,28
VRPTW,357,ok,43.7210887954,29
VRPTW,358,ok,37.1923059779,29
VRPTW,359,ok,24.7924005407,24
VRPTW,360,ok,25.5217636136,25
VRPTW,361,ok,30.1243678879,28
VRPTW,362,ok,37.1264739337,29
VRPTW,363,ok,39.9006188138,28
VRPTW,364,ok,39.9864833665,30
VRPTW,365,ok,28.8156325551,28
VRPTW,366,ok,45.8572056689,32
VRPTW,367,ok,33.0505045838,27
VRPTW,368,ok,35.7766128308,29
VRPTW,369,ok,32.3750951948,30
VRPTW,370,ok,39.6116315608,31
VRPTW,371,ok,26.9274747814,27
VRPTW,372,ok,39.6247988178,30
VRPTW,373,ok,25.3771047802,26
VRPTW,374,ok,40.2232416928,29
VRPTW,375,ok,33.3381434604,28
VRPTW,376,ok,43.4374850221,28
VRPTW,377,ok,32.0660132902,26
VRPTW,378,ok,41.0850529479,27
VRPTW,379,ok,39.5528525879,30
VRPTW,380,ok,30.5087845568,28
VRPTW,381,ok,45.2730869386,28
VRPTW,382,ok,38.0532115587,29
VRPTW,383,ok,26.7854161067,28
VRPTW,384,ok,26.9983155442,27
VRPTW,385,ok,27.7284553128,28
VRPTW,386,ok,38.4255304856,29
VRPTW,387,ok,25.1908356751,25
VRPTW,388,ok,36.2492301026,28
VRPTW,389,ok,38.4608080488,27
VRPTW,390,ok,34.9624211918,27
VRPTW,391,ok,30.9011949095,28
VRPTW,392,ok,33.4388002022,28
VRPTW,393,ok,43.4254888319,31
VRPTW,394,ok,44.8675009361,29
VRPTW,395,ok,27.9665530543,27
VRPTW,396,ok,43.1607665728,31
VRPTW,397,ok,31.7074132794,29
VRPTW,398,ok,34.7454085177,27
VRPTW,399,ok,36.3306581622,27
VRPTW,400,ok,42.0206725444,28
VRPTW,401,ok,27.9078535660,29
VRPTW,402,ok,39.7487024299,28
VRPTW,403,ok,38.3609575917,29
VRPTW,404,ok,32.3165281967,29
VRPTW,405,ok,32.7714330150,29
VRPTW,406,ok,49.4329041057,28
VRPTW,407,ok,26.9734522684,26
VRPTW,408,ok,40.7395864888,29
VRPTW,409,ok,27.9348433156,28
VRPTW,410,ok,33.5705552060,26
VRPTW,411,ok,49.7531001948,30
VRPTW,412,ok,32.4268683252,30
VRPTW,413,ok,43.0338694188,31
VRPTW,414,ok,25.6625651369,26
VRPTW,415,ok,37.5530942891,28
VRPTW,416,ok,36.8280752494,28
VRPTW,417,ok,36.0849798078,32
VRPTW,418,ok,26.1908154649,26
VRPTW,419,ok,32.9587352835,30
VRPTW,420,ok,29.2320819354,28
VRPTW,421,ok,35.7332330487,29
VRPTW,422,ok,41.1491842784,31
VRPTW,423,ok,34.1542606992,27
VRPTW,424,ok,26.1359900818,27
VRPTW,425,ok,30.7120145523,28
VRPTW,426,ok,33.4124948547,30
VRPTW,427,ok,26.8183831893,26
VRPTW,428,ok,32.8792484216,29
VRPTW,429,ok,26.2622778353,27
VRPTW,430,ok,29.9838459663,30
VRPTW,431,ok,38.3377115219,29
VRPTW,432,ok,32.3135187649,26
VRPTW,433,ok,36.7162705792,27
VRPTW,434,ok,39.2797739435,31
VRPTW,435,ok,36.6673921312,26
VRPTW,436,ok,37.6863966224,28
VRPTW,437,ok,36.5882465768,29
VRPTW,438,ok,42.4961295705,31
VRPTW,439,ok,33.4237289026,29
VRPTW,440,ok,40.5174623494,29
VRPTW,441,ok,48.4760839259,30
VRPTW,442,ok,41.1068719340,29
VRPTW,443,ok,39.4230567936,29
VRPTW,444,ok,28.1264283834,29
VRPTW,445,ok,35.1493511071,28
VRPTW,446,ok,27.5642772548,27
VRPTW,447,ok,36.0254820238,27
VRPTW,448,ok,33.3165657100,27
VRPTW,449,ok,32.3733467177,27
VRPTW,450,ok,29.5193781984,30
VRPTW,451,ok,26.2859953550,27
VRPTW,452,ok,34.9074764105,28
VRPTW,453,ok,35.5768922409,29
VRPTW,454,ok,38.1866246130,29
VRPTW,455,ok,35.4561003107,28
VRPTW,456,ok,32.3950102393,28
VRPTW,457,ok,30.6521841604,28
VRPTW,458,ok,31.0450656140,27
VRPTW,459,ok,43.6128459653,30
VRPTW,460,ok,37.6467295243,27
VRPTW,461,ok,31.9062366476,29
VRPTW,462,ok,29.0153047045,27
VRPTW,463,ok,30.7043458785,29
VRPTW,464,ok,31.9834836095,28
VRPTW,465,ok,38.5031653929,26
VRPTW,466,ok,40.7575277669,30
VRPTW,467,ok,42.7118937910,29
VRPTW,468,ok,29.8151980058,29
VRPTW,469,ok,32.3381323603,26
VRPTW,470,ok,28.9840922561,26
VRPTW,471,ok,36.2676556073,27
VRPTW,472,ok,29.9110286582,29
VRPTW,473,ok,34.6105841397,25
VRPTW,474,ok,27.5992151248,27
VRPTW,475,ok,35.3601709495,30
VRPTW,476,ok,34.0346049238,30
VRPTW,477,ok,48.6733008763,31
VRPTW,478,ok,32.8627632756,28
VRPTW,479,ok,29.6636794729,28
VRPTW,480,ok,32.3239655164,26
VRPTW,481,ok,30.6444480475,29
VRPTW,482,ok,39.7229227341,26
VRPTW,483,ok,26.5995962428,26
VRPTW,484,ok,36.8552974976,26
VRPTW,485,ok,32.6587488984,27
VRPTW,486,ok,33.0058739444,27
VRPTW,487,ok,26.8759830980,28
VRPTW,488,ok,31.8993241300,27
VRPTW,489,ok,26.9330991323,27
VRPTW,490,ok,29.3420726939,26
VRPTW,491,ok,37.4145102101,30
VRPTW,492,ok,36.7194925298,29
VRPTW,493,ok,26.0433177135,29
VRPTW,494,ok,33.8682592257,27
VRPTW,495,ok,35.3709154899,28
VRPTW,496,ok,25.8337956767,28
VRPTW,497,ok,25.0222566887,27
VRPTW,498,ok,32.7205628807,30
VRPTW,499,ok,40.0120138158,27
VRPTW,500,ok,36.0962280518,29
VRPTW,501,ok,35.3388625140,28
VRPTW,502,ok,32.3826520652,28
VRPTW,503,ok,36.0234307117,29
VRPTW,504,ok,26.8590544284,25
VRPTW,505,ok,28.2899261135,24
VRPTW,506,ok,42.6406973126,30
VRPTW,507,ok,31.1728065949,26
VRPTW,508,ok,27.4855793454,28
VRPTW,509,ok,39.8420767094,30
VRPTW,510,ok,33.6523603664,27
VRPTW,511,ok,39.9550053014,29
VRPTW,512,ok,45.7284778323,30
VRPTW,513,ok,31.3133230018,27
VRPTW,514,ok,31.5683745946,28
VRPTW,515,ok,39.4551084138,29
VRPTW,516,ok,29.6893462867,28
VRPTW,517,ok,30.9214910542,32
VRPTW,518,ok,36.7882564970,28
VRPTW,519,ok,29.5637875520,26
VRPTW,520,ok,36.9072660086,28
VRPTW,521,ok,43.9999645385,28
VRPTW,522,ok,32.9337117795,30
VRPTW,523,ok,24.6355001721,25
VRPTW,524,ok,32.2402514142,26
VRPTW,525,ok,51.6928953259,32
VRPTW,526,ok,29.6142803111,29
VRPTW,527,ok,24.4857708914,26
VRPTW,528,ok,26.4454755210,28
VRPTW,529,ok,38.0123030729,30
VRPTW,530,ok,34.4668187258,28
VRPTW,531,ok,31.5965672227,29
VRPTW,532,ok,31.9669346383,27
VRPTW,533,ok,28.0734604655,27
VRPTW,534,ok,26.7872464846,29
VRPTW,535,ok,36.3892155328,27
VRPTW,536,ok,27.4222267711,29
VRPTW,537,ok,32.9805308590,27
VRPTW,538,ok,62.5841161754,37
VRPTW,539,ok,31.0139661897,26
VRPTW,540,ok,28.5068687071,25
VRPTW,541,ok,30.5604362653,28
VRPTW,542,ok,29.4025828386,29
VRPTW,543,ok,33.7729788436,28
VRPTW,544,ok,41.1121881579,27
VRPTW,545,ok,47.1769321116,28
VRPTW,546,ok,35.7852079968,28
VRPTW,547,ok,42.9314960732,29
VRPTW,548,ok,35.3374606534,29
VRPTW,549,ok,31.4489925296,28
VRPTW,550,ok,37.7296237265,30
VRPTW,551,ok,26.9770319838,29
VRPTW,552,ok,35.1603809683,28
VRPTW,553,ok,33.4785197730,27
VRPTW,554,ok,39.8403452851,28
VRPTW,555,ok,34.0733413332,28
VRPTW,556,ok,27.5120527141,28
VRPTW,557,ok,30.7100099521,26
VRPTW,558,ok,37.0335740748,27
VRPTW,559,ok,30.7043006903,27
VRPTW,560,ok,34.3795082257,28
VRPTW,561,ok,42.5955121728,28
VRPTW,562,ok,31.2192026373,26
VRPTW,563,ok,25.1097440621,26
VRPTW,564,ok,28.7507531120,26
VRPTW,565,ok,35.2161930834,28
VRPTW,566,ok,37.5111469152,28
VRPTW,567,ok,29.4474703722,25
VRPTW,568,ok,26.8005739344,29
VRPTW,569,ok,34.7517409838,30
VRPTW,570,ok,42.5087541750,28
VRPTW,571,ok,30.2396036543,27
VRPTW,572,ok,31.3671531403,27
VRPTW,573,ok,37.3392977035,28
VRPTW,574,ok,31.1581906761,26
VRPTW,575,ok,58.8313474964,34
VRPTW,576,ok,43.1722727688,28
VRPTW,577,ok,34.1829087393,29
VRPTW,578,ok,30.8507865893,29
VRPTW,579,ok,36.8947336961,28
VRPTW,580,ok,28.4356576855,28
VRPTW,581,ok,36.6582108288,28
VRPTW,582,ok,37.5299175873,28
VRPTW,583,ok,31.9931851585,28
VRPTW,584,ok,41.5756744901,30
VRPTW,585,ok,28.0757668862,27
VRPTW,586,ok,29.6269941930,28
VRPTW,587,ok,41.1795454023,29
VRPTW,588,ok,40.4967636411,32
VRPTW,589,ok,28.6433752905,25
VRPTW,590,ok,36.6055009736,29
VRPTW,591,ok,44.0408495333,30
VRPTW,592,ok,36.7494514881,27
VRPTW,593,ok,28.6357075855,30
VRPTW,594,ok,38.3322124382,28
VRPTW,595,ok,33.6732062329,28
VRPTW,596,ok,29.8739864357,27
VRPTW,597,ok,31.9134638257,29
VRPTW,598,ok,58.0635663174,34
VRPTW,599,ok,28.3447460138,29
VRPTW,600,ok,41.2913403990,27
VRPTW,601,ok,37.4236768499,30
VRPTW,602,ok,28.5566064021,28
VRPTW,603,ok,31.4812282640,27
VRPTW,604,ok,30.6627871292,29
VRPTW,605,ok,29.5408278961,30
VRPTW,606,ok,29.8031297792,29
VRPTW,607,ok,40.3547159419,28
VRPTW,608,ok,28.0219037813,26
VRPTW,609,ok,30.7921574308,28
VRPTW,610,ok,30.7288231207,30
VRPTW,611,ok,28.1043650630,29
VRPTW,612,ok,33.0549683224,29
VRPTW,613,ok,30.9801138028,28
VRPTW,614,ok,27.3425639413,29
VRPTW,615,ok,28.0376084699,28
VRPTW,616,ok,32.8881393851,28
VRPTW,617,ok,28.0326415603,28
VRPTW,618,ok,30.7775404438,27
VRPTW,619,ok,41.5537954484,30
VRPTW,620,ok,24.5021095747,24
VRPTW,621,ok,36.2005894781,29
VRPTW,622,ok,29.1583473682,29
VRPTW,623,ok,25.8842260882,28
VRPTW,624,ok,27.2062951381,28
VRPTW,625,ok,29.3162838980,29
VRPTW,626,ok,25.2323390975,29
VRPTW,627,ok,33.1958516613,27
VRPTW,628,ok,38.8183220194,29
VRPTW,629,ok,37.4487850178,26
VRPTW,630,ok,38.3280252580,27
VRPTW,631,ok,29.6048521687,24
VRPTW,632,ok,32.2771324462,29
VRPTW,633,ok,23.3197562698,28
VRPTW,634,ok,35.5263704915,27
VRPTW,635,ok,35.0493322041,28
VRPTW,636,ok,26.3023131353,28
VRPTW,637,ok,35.4700880989,28
VRPTW,638,ok,32.2026262246,28
VRPTW,639,ok,38.9550643243,28
VRPTW,640,ok,36.0494236737,27
VRPTW,641,ok,33.2335890606,27
VRPTW,642,ok,37.9479700130,28
VRPTW,643,ok,32.4471785354,29
VRPTW,644,ok,29.2081229566,29
VRPTW,645,ok,30.7168604502,30
VRPTW,646,ok,42.1999915910,28
VRPTW,647,ok,30.0121218374,27
VRPTW,648,ok,43.9423777661,28
VRPTW,649,ok,31.4355963027,27
VRPTW,650,ok,42.4022174061,30
VRPTW,651,ok,29.8696573449,28
VRPTW,652,ok,24.7644552720,26
VRPTW,653,ok,30.1179632334,28
VRPTW,654,ok,27.2897645393,29
VRPTW,655,ok,32.9278356350,26
VRPTW,656,ok,29.4717021304,28
VRPTW,657,ok,34.1949288524,30
VRPTW,658,ok,33.5345894477,30
VRPTW,659,ok,28.6913797994,25
VRPTW,660,ok,37.9454968358,29
VRPTW,661,ok,45.2154397068,32
VRPTW,662,ok,35.9542664987,29
VRPTW,663,ok,29.8404616841,25
VRPTW,664,ok,41.6412960901,32
VRPTW,665,ok,27.0541248525,27
VRPTW,666,ok,34.4440641998,27
VRPTW,667,ok,23.4337162196,24
VRPTW,668,ok,26.7962719892,26
VRPTW,669,ok,46.4295709413,29
VRPTW,670,ok,40.9702994308,33
VRPTW,671,ok,39.6605048310,31
VRPTW,672,ok,28.5550791129,27
VRPTW,673,ok,33.4983227071,28
VRPTW,674,ok,34.0850691552,28
VRPTW,675,ok,29.9984716513,28
VRPTW,676,ok,36.6085146840,28
VRPTW,677,ok,25.9525449346,27
VRPTW,678,ok,33.1417341209,27
VRPTW,679,ok,51.8438028121,32
VRPTW,680,ok,34.2517556134,26
VRPTW,681,ok,45.6836265367,31
VRPTW,682,ok,39.1597413644,27
VRPTW,683,ok,34.4649685438,28
VRPTW,684,ok,45.4375927900,30
VRPTW,685,ok,31.7092541048,25
VRPTW,686,ok,49.3943482912,29
VRPTW,687,ok,35.4253137979,29
VRPTW,688,ok,26.8333709090,24
VRPTW,689,ok,27.3095589326,25
VRPTW,690,ok,40.4916146808,30
VRPTW,691,ok,37.8282511579,26
VRPTW,692,ok,25.6015055322,25
VRPTW,693,ok,39.5438794930,30
VRPTW,694,ok,42.4493466183,30
VRPTW,695,ok,35.8586285309,28
VRPTW,696,ok,28.1366154315,28
VRPTW,697,ok,25.2304685973,30
VRPTW,698,ok,27.3484103641,26
VRPTW,699,ok,43.1989342819,30
VRPTW,700,ok,43.9671985811,30
VRPTW,701,ok,25.3414913455,29
VRPTW,702,ok,35.3979813810,26
VRPTW,703,ok,47.7501089640,29
VRPTW,704,ok,39.8447523693,30
VRPTW,705,ok,30.0497011406,27
VRPTW,706,ok,33.5949805824,26
VRPTW,707,ok,26.3932184170,26
VRPTW,708,ok,41.3104624084,29
VRPTW,709,ok,28.2481654758,27
VRPTW,710,ok,53.8461934305,31
VRPTW,711,ok,27.4625959611,27
VRPTW,712,ok,42.2437252024,30
VRPTW,713,ok,32.3556620340,27
VRPTW,714,ok,28.7905094242,28
VRPTW,715,ok,33.3083754392,27
VRPTW,716,ok,34.0445143774,29
VRPTW,717,ok,28.6575322848,28
VRPTW,718,ok,32.5125695751,29
VRPTW,719,ok,27.1260218185,24
VRPTW,720,ok,35.2483593109,28
VRPTW,721,ok,38.2688237139,27
VRPTW,722,ok,37.0111874291,29
VRPTW,723,ok,25.8915048478,28
VRPTW,724,ok,37.3014969068,28
VRPTW,725,ok,32.0480948875,28
VRPTW,726,ok,26.9264783312,25
VRPTW,727,ok,45.9867875751,31
VRPTW,728,ok,30.2230266787,27
VRPTW,729,ok,26.4428700326,28
VRPTW,730,ok,28.7179568033,29
VRPTW,731,ok,38.7339332048,29
VRPTW,732,ok,29.4041331216,29
VRPTW,733,ok,40.4087726230,28
VRPTW,734,ok,32.0725900128,26
VRPTW,735,ok,34.2662308234,31
VRPTW,736,ok,34.3393251620,26
VRPTW,737,ok,30.5478917133,31
VRPTW,738,ok,31.4546668659,27
VRPTW,739,ok,48.5239093740,30
VRPTW,740,ok,31.0719816243,26
VRPTW,741,ok,33.3293321910,28
VRPTW,742,ok,26.1492552146,29
VRPTW,743,ok,30.6210310919,29
VRPTW,744,ok,27.3299124794,28
VRPTW,745,ok,31.5892954121,28
VRPTW,746,ok,41.0503687268,29
VRPTW,747,ok,31.5455368421,29
VRPTW,748,ok,27.2662429287,29
VRPTW,749,ok,32.0691454079,29
VRPTW,750,ok,53.5150432931,31
VRPTW,751,ok,28.1586429435,26
VRPTW,752,ok,42.9006752289,28
VRPTW,753,ok,34.4835961559,26
VRPTW,754,ok,27.9026461694,27
VRPTW,755,ok,47.5489619179,29
VRPTW,756,ok,27.6725163797,27
VRPTW,757,ok,35.0181889499,25
VRPTW,758,ok,40.1480194789,29
VRPTW,759,ok,34.2172264739,28
VRPTW,760,ok,34.5249215089,28
VRPTW,761,ok,36.4664514053,29
VRPTW,762,ok,30.3039215294,26
VRPTW,763,ok,28.3831405175,26
VRPTW,764,ok,28.8077650754,28
VRPTW,765,ok,30.0819946266,26
VRPTW,766,ok,30.3449658187,29
VRPTW,767,ok,30.2691781896,28
VRPTW,768,ok,25.7356198141,27
VRPTW,769,ok,30.6539144287,27
VRPTW,770,ok,35.2915132854,26
VRPTW,771,ok,32.6497656012,28
VRPTW,772,ok,35.5071737729,28
VRPTW,773,ok,36.3284116508,29
VRPTW,774,ok,38.9927002850,29
VRPTW,775,ok,28.8744618850,28
VRPTW,776,ok,35.2606157685,27
VRPTW,777,ok,31.1128596692,28
VRPTW,778,ok,37.0586836689,27
VRPTW,779,ok,33.1758129024,30
VRPTW,780,ok,31.5367908828,29
VRPTW,781,ok,38.0284013336,30
VRPTW,782,ok,33.6663361809,28
VRPTW,783,ok,28.1541138696,27
VRPTW,784,ok,36.9435906297,29
VRPTW,785,ok,37.7521304602,30
VRPTW,786,ok,29.6594689683,25
VRPTW,787,ok,26.5207127435,27
VRPTW,788,ok,27.4712286293,26
VRPTW,789,ok,36.6290470294,30
VRPTW,790,ok,34.2920428746,29
VRPTW,791,ok,28.2288218153,28
VRPTW,792,ok,30.1139536197,29
VRPTW,793,ok,31.5287814686,30
VRPTW,794,ok,28.9282326495,26
VRPTW,795,ok,39.8428758969,29
VRPTW,796,ok,25.0393263987,27
VRPTW,797,ok,40.2454177870,30
VRPTW,798,ok,39.0411571531,30
VRPTW,799,ok,31.8071273489,29
VRPTW,800,ok,28.0335319243,27
VRPTW,801,ok,27.7883139394,26
VRPTW,802,ok,30.2292382317,29
VRPTW,803,ok,26.9756903987,27
VRPTW,804,ok,46.9101440839,31
VRPTW,805,ok,32.1055042654,26
VRPTW,806,ok,40.5464357634,30
VRPTW,807,ok,36.7703633053,30
VRPTW,808,ok,26.5839609272,28
VRPTW,809,ok,36.8139796521,29
VRPTW,810,ok,25.7374273093,25
VRPTW,811,ok,33.3912420025,28
VRPTW,812,ok,33.8355588851,29
VRPTW,813,ok,38.3695916127,28
VRPTW,814,ok,35.2094506477,31
VRPTW,815,ok,35.1656945652,28
VRPTW,816,ok,35.2247282426,29
VRPTW,817,ok,40.4431557459,27
VRPTW,818,ok,39.9776403441,31
VRPTW,819,ok,26.2916585012,26
VRPTW,820,ok,36.0995220678,28
VRPTW,821,ok,28.6828895852,26
VRPTW,822,ok,42.2932281729,30
VRPTW,823,ok,26.3881794199,27
VRPTW,824,ok,32.2196961851,26
VRPTW,825,ok,41.1113120768,26
VRPTW,826,ok,38.9226895448,28
VRPTW,827,ok,35.0025084089,27
VRPTW,828,ok,29.9726154067,28
VRPTW,829,ok,27.0891117227,27
VRPTW,830,ok,35.4901642733,28
VRPTW,831,ok,40.9752102039,29
VRPTW,832,ok,29.2243395963,27
VRPTW,833,ok,26.6618915517,28
VRPTW,834,ok,35.4907586433,28
VRPTW,835,ok,51.6885104221,29
VRPTW,836,ok,32.0606345580,27
VRPTW,837,ok,28.5455843610,30
VRPTW,838,ok,37.4168714236,27
VRPTW,839,ok,34.4175640488,32
VRPTW,840,ok,29.6539371363,26
VRPTW,841,ok,36.7156009002,26
VRPTW,842,ok,28.2324785650,28
VRPTW,843,ok,38.3117669848,29
VRPTW,844,ok,31.2188318887,31
VRPTW,845,ok,24.7069620461,25
VRPTW,846,ok,26.9325999814,27
VRPTW,847,ok,34.9462087487,29
VRPTW,848,ok,37.5751808209,27
VRPTW,849,ok,32.0987603617,26
VRPTW,850,ok,36.5117816708,28
VRPTW,851,ok,29.2097410011,28
VRPTW,852,ok,30.4918383957,26
VRPTW,853,ok,32.9329968646,30
VRPTW,854,ok,34.0289181602,29
VRPTW,855,ok,34.1959806118,28
VRPTW,856,ok,28.9648425300,25
VRPTW,857,ok,29.0767680125,30
VRPTW,858,ok,32.5954222755,30
VRPTW,859,ok,46.5910500686,30
VRPTW,860,ok,42.1417106578,29
VRPTW,861,ok,31.2452919538,31
VRPTW,862,ok,31.1169635996,28
VRPTW,863,ok,39.0629681343,27
VRPTW,864,ok,32.3904470967,28
VRPTW,865,ok,52.2782011492,33
VRPTW,866,ok,42.2797165709,28
VRPTW,867,ok,29.6143817977,27
VRPTW,868,ok,38.7463215394,27
VRPTW,869,ok,30.5796652914,29
VRPTW,870,ok,27.4762642307,27
VRPTW,871,ok,40.0279124305,29
VRPTW,872,ok,37.9159950064,32
VRPTW,873,ok,34.8398224594,28
VRPTW,874,ok,35.3829470378,27
VRPTW,875,ok,28.2923075439,28
VRPTW,876,ok,27.6726441401,26
VRPTW,877,ok,33.2643336368,28
VRPTW,878,ok,41.7867681096,30
VRPTW,879,ok,28.5752320909,27
VRPTW,880,ok,37.1438566690,28
VRPTW,881,ok,26.7386987936,28
VRPTW,882,ok,27.2877968127,28
VRPTW,883,ok,34.4053955966,29
VRPTW,884,ok,27.8562207034,28
VRPTW,885,ok,33.1685486483,29
VRPTW,886,ok,29.7701258381,28
VRPTW,887,ok,35.3615849820,28
VRPTW,888,ok,31.4938307513,29
VRPTW,889,ok,26.9557090034,27
VRPTW,890,ok,41.2518979635,31
VRPTW,891,ok,33.9062797367,27
VRPTW,892,ok,34.2535498673,28
VRPTW,893,ok,24.8705775417,26
VRPTW,894,ok,33.7132306069,29
VRPTW,895,ok,29.7336267297,29
VRPTW,896,ok,31.8010691187,28
VRPTW,897,ok,38.5671075075,28
VRPTW,898,ok,32.2933665558,30
VRPTW,899,ok,40.3603505880,28
VRPTW,900,ok,45.2776613792,30
VRPTW,901,ok,35.7050487040,30
VRPTW,902,ok,29.4057634115,32
VRPTW,903,ok,43.9712250609,29
VRPTW,904,ok,32.8679445972,29
VRPTW,905,ok,29.8565653441,26
VRPTW,906,ok,24.1947389801,26
VRPTW,907,ok,31.1923739986,29
VRPTW,908,ok,36.8942037961,30
VRPTW,909,ok,41.5687934166,28
VRPTW,910,ok,33.7348512546,26
VRPTW,911,ok,38.8582552360,29
VRPTW,912,ok,37.2488756392,29
VRPTW,913,ok,24.6309399423,29
VRPTW,914,ok,28.1817245177,27
VRPTW,915,ok,34.9402547037,28
VRPTW,916,ok,35.6811377193,27
VRPTW,917,ok,34.9800134916,28
VRPTW,918,ok,26.3258929106,29
VRPTW,919,ok,49.3725500760,28
VRPTW,920,ok,37.5879221540,31
VRPTW,921,ok,39.5819809030,30
VRPTW,922,ok,44.5061105968,30
VRPTW,923,ok,26.8617594688,25
VRPTW,924,ok,48.8196428871,30
VRPTW,925,ok,45.7878788079,29
VRPTW,926,ok,45.4231887347,31
VRPTW,927,ok,37.8184926112,29
VRPTW,928,ok,32.4881624542,24
VRPTW,929,ok,32.7345774060,28
VRPTW,930,ok,26.2916306737,27
VRPTW,931,ok,31.6580127928,29
VRPTW,932,ok,32.5013893876,30
VRPTW,933,ok,27.5274703971,28
VRPTW,934,ok,25.9799105172,25
VRPTW,935,ok,28.8381106999,28
VRPTW,936,ok,31.8295267722,26
VRPTW,937,ok,30.6499737407,28
VRPTW,938,ok,27.4812020917,26
VRPTW,939,ok,31.6069903480,23
VRPTW,940,ok,40.4780941476,31
VRPTW,941,ok,35.9479816606,28
VRPTW,942,ok,38.9592321978,30
VRPTW,943,ok,30.7947451645,26
VRPTW,944,ok,38.7572691460,29
VRPTW,945,ok,28.8847833125,28
VRPTW,946,ok,33.5915759438,28
VRPTW,947,ok,40.1046882707,29
VRPTW,948,ok,34.6927655862,28
VRPTW,949,ok,41.1635642902,29
VRPTW,950,ok,41.4451584603,27
VRPTW,951,ok,28.2845318172,30
VRPTW,952,ok,27.5731389057,26
VRPTW,953,ok,36.3617228052,30
VRPTW,954,ok,35.1523907260,28
VRPTW,955,ok,22.5148734833,24
VRPTW,956,ok,34.8921081430,29
VRPTW,957,ok,32.2827638634,27
VRPTW,958,ok,29.5138427080,29
VRPTW,959,ok,30.8258182572,28
VRPTW,960,ok,32.3790691042,28
VRPTW,961,ok,26.1316442252,26
VRPTW,962,ok,32.3148147262,28
VRPTW,963,ok,29.5745893318,28
VRPTW,964,ok,29.5220244565,24
VRPTW,965,ok,46.8291511894,31
VRPTW,966,ok,33.5098711020,28
VRPTW,967,ok,38.7387381618,28
VRPTW,968,ok,27.1533614906,27
VRPTW,969,ok,36.5238947161,28
VRPTW,970,ok,36.7783669516,28
VRPTW,971,ok,33.5152653820,29
VRPTW,972,ok,28.5761970298,28
VRPTW,973,ok,46.7733966089,31
VRPTW,974,ok,33.8422699838,29
VRPTW,975,ok,33.0867105475,29
VRPTW,976,ok,27.3446427335,25
VRPTW,977,ok,31.5126745734,28
VRPTW,978,ok,34.9419819395,27
VRPTW,979,ok,28.7121115612,26
VRPTW,980,ok,43.7258364553,28
VRPTW,981,ok,35.6072834078,30
VRPTW,982,ok,38.0850702147,27
VRPTW,983,ok,26.7850117296,26
VRPTW,984,ok,25.6315381282,26
VRPTW,985,ok,42.6112547894,30
VRPTW,986,ok,41.1959022916,30
VRPTW,987,ok,41.9197855532,28
VRPTW,988,ok,32.4538495529,27
VRPTW,989,ok,35.5070525986,29
VRPTW,990,ok,37.1157686903,28
VRPTW,991,ok,26.8027307734,27
VRPTW,992,ok,32.9151138675,27
VRPTW,993,ok,32.5633791681,29
VRPTW,994,ok,26.0979805671,27
VRPTW,995,ok,40.1072817275,29
VRPTW,996,ok,29.4505362248,27
VRPTW,997,ok,31.3137932683,27
VRPTW,998,ok,35.6330538735,29
VRPTW,999,ok,34.9447871276,29
OVRPTW,0,ok,17.6573873115,28
OVRPTW,1,ok,16.6949997249,27
OVRPTW,2,ok,17.6863137218,33
OVRPTW,3,ok,17.9429540609,29
OVRPTW,4,ok,18.7088559858,28
OVRPTW,5,ok,17.7165329993,30
OVRPTW,6,ok,17.8194565328,26
OVRPTW,7,ok,23.9674872194,28
OVRPTW,8,ok,24.0110515791,29
OVRPTW,9,ok,19.2568472604,31
OVRPTW,10,ok,18.3810127569,30
OVRPTW,11,ok,24.0736886675,27
OVRPTW,12,ok,15.7067709735,27
OVRPTW,13,ok,18.1379442120,28
OVRPTW,14,ok,20.6419092892,30
OVRPTW,15,ok,18.0780162393,25
OVRPTW,16,ok,16.5498514216,31
OVRPTW,17,ok,16.7875784101,27
OVRPTW,18,ok,18.9925616575,29
OVRPTW,19,ok,20.5510293811,30
OVRPTW,20,ok,14.3735248472,24
OVRPTW,21,ok,16.9063686857,32
OVRPTW,22,ok,17.1094752315,30
OVRPTW,23,ok,16.4742282041,25
OVRPTW,24,ok,17.0089974283,28
OVRPTW,25,ok,19.8415228647,25
OVRPTW,26,ok,18.8577427995,32
OVRPTW,27,ok,22.3774884330,28
OVRPTW,28,ok,19.7763828378,29
OVRPTW,29,ok,16.7287923015,29
OVRPTW,30,ok,19.4804378489,25
OVRPTW,31,ok,15.8707851699,28
OVRPTW,32,ok,21.6987960035,28
OVRPTW,33,ok,20.8205088432,29
OVRPTW,34,ok,15.3172091653,27
OVRPTW,35,ok,18.3843385267,28
OVRPTW,36,ok,18.6091862034,25
OVRPTW,37,ok,18.9507484630,32
OVRPTW,38,ok,19.3696872481,31
OVRPTW,39,ok,20.6411315325,32
OVRPTW,40,ok,16.8229887653,25
OVRPTW,41,ok,17.1880408124,30
OVRPTW,42,ok,14.8564145509,28
OVRPTW,43,ok,19.4877239298,27
OVRPTW,44,ok,20.2853857338,29
OVRPTW,45,ok,20.6148778813,26
OVRPTW,46,ok,16.0954899870,31
OVRPTW,47,ok,20.8624591672,28
OVRPTW,48,ok,18.7721222149,28
OVRPTW,49,ok,18.6289658393,30
OVRPTW,50,ok,17.3734621304,26
OVRPTW,51,ok,19.2302807707,28
OVRPTW,52,ok,22.0873910769,32
OVRPTW,53,ok,22.6780043426,28
OVRPTW,54,ok,15.6478037571,29
OVRPTW,55,ok,22.3032579944,28
OVRPTW,56,ok,16.6827745917,28
OVRPTW,57,ok,16.7354576073,24
OVRPTW,58,ok,16.3723344200,30
OVRPTW,59,ok,15.0807545831,28
OVRPTW,60,ok,17.5001308491,29
OVRPTW,61,ok,21.9988646739,29
OVRPTW,62,ok,23.2420605080,27
OVRPTW,63,ok,15.9244182466,28
OVRPTW,64,ok,16.6939828211,31
OVRPTW,65,ok,15.2558597644,26
OVRPTW,66,ok,17.0232384688,27
OVRPTW,67,ok,15.4097460452,29
OVRPTW,68,ok,22.9951262095,28
OVRPTW,69,ok,18.4708743974,27
OVRPTW,70,ok,18.4932985338,28
OVRPTW,71,ok,23.1628274604,29
OVRPTW,72,ok,14.7136676089,27
OVRPTW,73,ok,21.9917534356,28
OVRPTW,74,ok,21.8844715501,29
OVRPTW,75,ok,16.7481551483,27
OVRPTW,76,ok,20.8067308491,28
OVRPTW,77,ok,17.5301046360,30
OVRPTW,78,ok,22.2762417509,27
OVRPTW,79,ok,20.3239600353,32
OVRPTW,80,ok,22.8500077866,25
OVRPTW,81,ok,16.5337079153,29
OVRPTW,82,ok,18.1946273993,30
OVRPTW,83,ok,17.0309576259,32
OVRPTW,84,ok,23.5800982395,28
OVRPTW,85,ok,18.0366587512,28
OVRPTW,86,ok,15.2415691866,28
OVRPTW,87,ok,18.7744616220,32
OVRPTW,88,ok,19.0359635969,25
OVRPTW,89,ok,24.4821931547,28
OVRPTW,90,ok,15.8216556238,29
OVRPTW,91,ok,20.9342957708,28
OVRPTW,92,ok,20.0988302474,30
OVRPTW,93,ok,17.6530098089,28
OVRPTW,94,ok,19.3530251269,27
OVRPTW,95,ok,20.2223725604,23
OVRPTW,96,ok,20.6229165353,28
OVRPTW,97,ok,21.7195540589,29
OVRPTW,98,ok,17.7153281260,29
OVRPTW,99,ok,15.5424304667,32
OVRPTW,100,ok,17.3520293282,29
OVRPTW,101,ok,15.5704765233,30
OVRPTW,102,ok,14.2505387891,26
OVRPTW,103,ok,21.4230906838,29
OVRPTW,104,ok,22.6432118620,28
OVRPTW,105,ok,14.7940730001,26
OVRPTW,106,ok,17.9136122933,27
OVRPTW,107,ok,19.1988088430,32
OVRPTW,108,ok,19.8466648587,32
OVRPTW,109,ok,18.1127274887,28
OVRPTW,110,ok,16.9800754480,28
OVRPTW,111,ok,21.0436318525,29
OVRPTW,112,ok,20.5595487066,28
OVRPTW,113,ok,17.3910562914,30
OVRPTW,114,ok,16.3895140389,32
OVRPTW,115,ok,15.5309576226,25
OVRPTW,116,ok,20.6477315758,25
OVRPTW,117,ok,16.0151564681,28
OVRPTW,118,ok,23.0745172741,30
OVRPTW,119,ok,15.1036069414,27
OVRPTW,120,ok,16.0440588177,29
OVRPTW,121,ok,14.7355112735,24
OVRPTW,122,ok,16.6421107859,29
OVRPTW,123,ok,21.4334398850,28
OVRPTW,124,ok,22.0235377218,28
OVRPTW,125,ok,19.5133381470,29
OVRPTW,126,ok,22.3711896206,25
OVRPTW,127,ok,18.4352697285,28
OVRPTW,128,ok,17.1922109292,27
OVRPTW,129,ok,16.7500156730,30
OVRPTW,130,ok,18.4257918595,27
OVRPTW,131,ok,24.3891291035,30
OVRPTW,132,ok,18.7748785356,29
OVRPTW,133,ok,16.2279097407,29
OVRPTW,134,ok,21.9222634821,27
OVRPTW,135,ok,15.9204275020,29
OVRPTW,136,ok,15.5369023991,29
OVRPTW,137,ok,19.3979137139,28
OVRPTW,138,ok,15.4194139747,28
OVRPTW,139,ok,18.8568337206,30
OVRPTW,140,ok,22.1287575934,26
OVRPTW,141,ok,17.9162514555,29
OVRPTW,142,ok,22.4038051629,29
OVRPTW,143,ok,15.3686212512,27
OVRPTW,144,ok,21.3854049042,27
OVRPTW,145,ok,21.7744951699,31
OVRPTW,146,ok,16.2005153708,28
OVRPTW,147,ok,17.9040241763,28
OVRPTW,148,ok,16.0448925776,30
OVRPTW,149,ok,16.0813594517,26
OVRPTW,150,ok,16.4357583510,30
OVRPTW,151,ok,16.5721706258,30
OVRPTW,152,ok,22.1687993695,27
OVRPTW,153,ok,22.6705161972,29
OVRPTW,154,ok,22.9895371326,27
OVRPTW,155,ok,15.3817399989,29
OVRPTW,156,ok,16.8066562344,26
OVRPTW,157,ok,20.2806838388,30
OVRPTW,158,ok,20.4425547961,28
OVRPTW,159,ok,15.5713647050,29
OVRPTW,160,ok,18.1642142047,29
OVRPTW,161,ok,24.0829588978,30
OVRPTW,162,ok,15.8888715923,27
OVRPTW,163,ok,20.5872793718,30
OVRPTW,164,ok,24.0478299585,32
OVRPTW,165,ok,25.7143170652,30
OVRPTW,166,ok,18.2773240451,28
OVRPTW,167,ok,14.9678589835,26
OVRPTW,168,ok,24.4453101307,30
OVRPTW,169,ok,20.9455344909,32
OVRPTW,170,ok,16.4185221222,25
OVRPTW,171,ok,20.5487245896,29
OVRPTW,172,ok,16.6339359783,28
OVRPTW,173,ok,14.9500438462,29
OVRPTW,174,ok,15.2758790138,28
OVRPTW,175,ok,22.5603745879,26
OVRPTW,176,ok,19.4283268633,28
OVRPTW,177,ok,19.0807389298,27
OVRPTW,178,ok,18.6746472677,29
OVRPTW,179,ok,17.0198719862,26
OVRPTW,180,ok,20.5170578483,31
OVRPTW,181,ok,21.4064021849,28
OVRPTW,182,ok,19.2566471312,28
OVRPTW,183,ok,22.8937403167,28
OVRPTW,184,ok,18.1601913586,28
OVRPTW,185,ok,19.9785620320,28
OVRPTW,186,ok,15.4334435782,28
OVRPTW,187,ok,15.7907672813,28
OVRPTW,188,ok,20.0036048184,29
OVRPTW,189,ok,15.5678602285,29
OVRPTW,190,ok,25.5990124011,30
OVRPTW,191,ok,20.8630654283,26
OVRPTW,192,ok,17.0404352910,29
OVRPTW,193,ok,23.7968072842,29
OVRPTW,194,ok,18.8244188809,31
OVRPTW,195,ok,25.7177774460,28
OVRPTW,196,ok,19.5569557154,30
OVRPTW,197,ok,16.3909654772,28
OVRPTW,198,ok,20.6925196075,30
OVRPTW,199,ok,18.1765196373,24
OVRPTW,200,ok,17.4537729140,25
OVRPTW,201,ok,21.0735016302,30
OVRPTW,202,ok,19.4499399330,29
OVRPTW,203,ok,20.2132077404,27
OVRPTW,204,ok,26.1888079378,29
OVRPTW,205,ok,16.1457186947,30
OVRPTW,206,ok,18.5085218174,28
OVRPTW,207,ok,18.9233574600,29
OVRPTW,208,ok,22.3506126347,30
OVRPTW,209,ok,16.3821980233,30
OVRPTW,210,ok,18.1055502982,29
OVRPTW,211,ok,20.6463314746,28
OVRPTW,212,ok,20.0848548153,30
OVRPTW,213,ok,18.4761656997,27
OVRPTW,214,ok,16.5479506431,29
OVRPTW,215,ok,21.4207254980,28
OVRPTW,216,ok,17.0110503767,30
OVRPTW,217,ok,18.2355939858,27
OVRPTW,218,ok,20.6191420413,26
OVRPTW,219,ok,20.3703133296,30
OVRPTW,220,ok,21.7287941465,29
OVRPTW,221,ok,25.5888328167,29
OVRPTW,222,ok,19.1609251657,29
OVRPTW,223,ok,20.7685586360,32
OVRPTW,224,ok,22.1597405971,31
OVRPTW,225,ok,20.4271810258,29
OVRPTW,226,ok,21.6336532421,30
OVRPTW,227,ok,18.3762129812,29
OVRPTW,228,ok,22.6624295247,27
OVRPTW,229,ok,17.5671300296,27
OVRPTW,230,ok,19.8849078464,30
OVRPTW,231,ok,17.8019221303,30
OVRPTW,232,ok,19.4081741839,29
OVRPTW,233,ok,16.3427764726,26
OVRPTW,234,ok,22.6247417726,29
OVRPTW,235,ok,17.1835213057,29
OVRPTW,236,ok,18.0245513398,30
OVRPTW,237,ok,16.3483912178,32
OVRPTW,238,ok,17.2277468575,28
OVRPTW,239,ok,17.2646491157,25
OVRPTW,240,ok,14.5180996302,29
OVRPTW,241,ok,20.3010744047,25
OVRPTW,242,ok,16.6888557688,27
OVRPTW,243,ok,17.2800444533,27
OVRPTW,244,ok,17.6714135280,30
OVRPTW,245,ok,19.7782879959,30
OVRPTW,246,ok,18.4272078689,28
OVRPTW,247,ok,14.7797277740,27
OVRPTW,248,ok,19.3010375941,28
OVRPTW,249,ok,20.9376749144,28
OVRPTW,250,ok,20.8064155807,25
OVRPTW,251,ok,20.6066723276,26
OVRPTW,252,ok,19.1874378255,28
OVRPTW,253,ok,19.1766816208,30
OVRPTW,254,ok,15.7936928626,27
OVRPTW,255,ok,16.8612871329,24
OVRPTW,256,ok,16.4525487361,30
OVRPTW,257,ok,18.9015248464,29
OVRPTW,258,ok,15.9273359070,29
OVRPTW,259,ok,15.4651612771,27
OVRPTW,260,ok,15.8415703992,29
OVRPTW,261,ok,14.4864713693,24
OVRPTW,262,ok,21.8527111060,29
OVRPTW,263,ok,18.9046647217,29
OVRPTW,264,ok,19.3051110418,29
OVRPTW,265,ok,18.7209937566,25
OVRPTW,266,ok,19.2037124330,27
OVRPTW,267,ok,19.9353536886,27
OVRPTW,268,ok,15.8130629139,29
OVRPTW,269,ok,19.0444247462,27
OVRPTW,270,ok,16.3008283068,27
OVRPTW,271,ok,20.5274293757,28
OVRPTW,272,ok,16.9578639686,29
OVRPTW,273,ok,22.0286813082,28
OVRPTW,274,ok,15.6733694635,31
OVRPTW,275,ok,16.2755496319,27
OVRPTW,276,ok,15.6344831228,28
OVRPTW,277,ok,18.4722036667,28
OVRPTW,278,ok,15.3348499843,29
OVRPTW,279,ok,19.0684860519,26
OVRPTW,280,ok,18.1943337712,30
OVRPTW,281,ok,20.9247183594,27
OVRPTW,282,ok,18.5458316524,29
OVRPTW,283,ok,14.9801006177,31
OVRPTW,284,ok,18.0472706509,30
OVRPTW,285,ok,22.0058280462,29
OVRPTW,286,ok,16.2072858732,27
OVRPTW,287,ok,15.7802715733,30
OVRPTW,288,ok,16.6399552272,31
OVRPTW,289,ok,21.0640283101,29
OVRPTW,290,ok,16.2703448953,27
OVRPTW,291,ok,19.2850704943,26
OVRPTW,292,ok,22.4690598912,28
OVRPTW,293,ok,18.7379358767,26
OVRPTW,294,ok,17.4264845094,33
OVRPTW,295,ok,19.6314015478,28
OVRPTW,296,ok,20.1510432115,27
OVRPTW,297,ok,16.0001982241,27
OVRPTW,298,ok,17.4718177436,31
OVRPTW,299,ok,20.6351724432,25
OVRPTW,300,ok,18.7544770751,30
OVRPTW,301,ok,15.5365040370,27
OVRPTW,302,ok,16.4578125467,28
OVRPTW,303,ok,17.2184437575,25
OVRPTW,304,ok,22.4076962839,28
OVRPTW,305,ok,17.2304488912,25
OVRPTW,306,ok,15.9042711799,28
OVRPTW,307,ok,15.0437147906,30
OVRPTW,308,ok,18.0469585896,28
OVRPTW,309,ok,24.5408673195,28
OVRPTW,310,ok,22.2302731300,30
OVRPTW,311,ok,16.1054236670,28
OVRPTW,312,ok,22.5582068406,30
OVRPTW,313,ok,16.4920753517,26
OVRPTW,314,ok,21.0003134120,30
OVRPTW,315,ok,19.1297949589,28
OVRPTW,316,ok,19.1846423239,30
OVRPTW,317,ok,15.6704196296,29
OVRPTW,318,ok,17.6424777665,25
OVRPTW,319,ok,20.5672703958,27
OVRPTW,320,ok,24.5484803491,32
OVRPTW,321,ok,16.5812155493,29
OVRPTW,322,ok,16.8370009362,29
OVRPTW,323,ok,21.5937600157,32
OVRPTW,324,ok,23.0093491299,28
OVRPTW,325,ok,17.7718669502,32
OVRPTW,326,ok,19.7193511498,30
OVRPTW,327,ok,14.8076068821,27
OVRPTW,328,ok,19.1054518188,33
OVRPTW,329,ok,18.2552856960,29
OVRPTW,330,ok,20.1510291347,27
OVRPTW,331,ok,16.3614783821,29
OVRPTW,332,ok,14.9315996200,26
OVRPTW,333,ok,20.7600309390,32
OVRPTW,334,ok,18.9981265682,27
OVRPTW,335,ok,16.2077568051,27
OVRPTW,336,ok,19.4135751799,29
OVRPTW,337,ok,16.9630463450,29
OVRPTW,338,ok,18.9104519202,33
OVRPTW,339,ok,16.8858804544,29
OVRPTW,340,ok,24.0639554907,31
OVRPTW,341,ok,20.6967194096,28
OVRPTW,342,ok,20.0279309742,28
OVRPTW,343,ok,15.3069421199,27
OVRPTW,344,ok,16.3381066520,29
OVRPTW,345,ok,20.1523113192,29
OVRPTW,346,ok,23.4661778604,27
OVRPTW,347,ok,19.2167530268,30
OVRPTW,348,ok,21.6272846623,29
OVRPTW,349,ok,20.8823242597,30
OVRPTW,350,ok,15.7053924337,31
OVRPTW,351,ok,17.1523428296,29
OVRPTW,352,ok,20.3093817404,25
OVRPTW,353,ok,20.5649416970,27
OVRPTW,354,ok,15.4893928479,27
OVRPTW,355,ok,19.9102352482,28
OVRPTW,356,ok,15.1866241571,27
OVRPTW,357,ok,17.1745747531,30
OVRPTW,358,ok,16.7018085747,28
OVRPTW,359,ok,17.0074678832,29
OVRPTW,360,ok,18.8139432219,29
OVRPTW,361,ok,18.4972498053,30
OVRPTW,362,ok,19.8758159379,30
OVRPTW,363,ok,14.2980569641,26
OVRPTW,364,ok,15.3425800843,28
OVRPTW,365,ok,21.4494317313,25
OVRPTW,366,ok,21.8677652868,27
OVRPTW,367,ok,17.6044971520,28
OVRPTW,368,ok,21.1989612781,28
OVRPTW,369,ok,20.5205101210,28
OVRPTW,370,ok,16.9788473496,26
OVRPTW,371,ok,19.6964415356,30
OVRPTW,372,ok,21.4843374178,29
OVRPTW,373,ok,19.6229429560,29
OVRPTW,374,ok,15.5043968431,32
OVRPTW,375,ok,15.3133500765,28
OVRPTW,376,ok,21.2918075747,28
OVRPTW,377,ok,23.4387936657,31
OVRPTW,378,ok,19.9565864753,27
OVRPTW,379,ok,21.7626755169,29
OVRPTW,380,ok,20.8780391009,26
OVRPTW,381,ok,25.3792573399,27
OVRPTW,382,ok,18.2059819001,32
OVRPTW,383,ok,15.9563510188,29
OVRPTW,384,ok,21.6457769166,28
OVRPTW,385,ok,17.1375726852,26
OVRPTW,386,ok,16.0027969933,27
OVRPTW,387,ok,14.9787683149,29
OVRPTW,388,ok,19.1095265374,30
OVRPTW,389,ok,19.8616173251,25
OVRPTW,390,ok,15.3538168970,28
OVRPTW,391,ok,22.1134131485,29
OVRPTW,392,ok,18.8734376216,27
OVRPTW,393,ok,19.9120497154,28
OVRPTW,394,ok,22.7797983201,26
OVRPTW,395,ok,21.9323792231,30
OVRPTW,396,ok,17.2969004670,25
OVRPTW,397,ok,19.4634938726,28
OVRPTW,398,ok,21.4771483264,31
OVRPTW,399,ok,18.7644723180,30
OVRPTW,400,ok,16.9415322720,29
OVRPTW,401,ok,18.2666089275,30
OVRPTW,402,ok,20.3923382992,31
OVRPTW,403,ok,24.7318055145,30
OVRPTW,404,ok,21.1192298795,29
OVRPTW,405,ok,21.9148398357,28
OVRPTW,406,ok,19.6039664854,26
OVRPTW,407,ok,15.0763172406,29
OVRPTW,408,ok,21.7288712531,28
OVRPTW,409,ok,17.6429720784,30
OVRPTW,410,ok,17.9913638311,32
OVRPTW,411,ok,17.2802639553,31
OVRPTW,412,ok,16.6568420467,34
OVRPTW,413,ok,20.9694528037,27
OVRPTW,414,ok,15.4144034823,26
OVRPTW,415,ok,16.1225489032,27
OVRPTW,416,ok,17.4200152779,29
OVRPTW,417,ok,19.2012180671,31
OVRPTW,418,ok,18.8283152818,30
OVRPTW,419,ok,15.4542096507,29
OVRPTW,420,ok,16.4012394270,27
OVRPTW,421,ok,21.7551328615,30
OVRPTW,422,ok,19.9159768933,28
OVRPTW,423,ok,17.5453965617,32
OVRPTW,424,ok,26.0273035908,31
OVRPTW,425,ok,15.0137627952,26
OVRPTW,426,ok,19.7661995478,27
OVRPTW,427,ok,19.7594596101,31
OVRPTW,428,ok,17.5644079587,25
OVRPTW,429,ok,18.1203044237,30
OVRPTW,430,ok,20.3242637460,29
OVRPTW,431,ok,20.8197015459,30
OVRPTW,432,ok,19.5668512313,30
OVRPTW,433,ok,18.7810277452,29
OVRPTW,434,ok,16.9607422928,26
OVRPTW,435,ok,18.0228278013,29
OVRPTW,436,ok,20.7054918972,30
OVRPTW,437,ok,15.3428304667,31
OVRPTW,438,ok,21.9392453541,32
OVRPTW,439,ok,17.8821963912,29
OVRPTW,440,ok,15.3461847365,30
OVRPTW,441,ok,17.5201951549,28
OVRPTW,442,ok,19.3067655606,29
OVRPTW,443,ok,17.5254053434,27
OVRPTW,444,ok,18.9391707096,29
OVRPTW,445,ok,18.1799905196,27
OVRPTW,446,ok,16.7885096990,32
OVRPTW,447,ok,18.2704567901,27
OVRPTW,448,ok,21.7762909041,27
OVRPTW,449,ok,15.8618601159,29
OVRPTW,450,ok,15.5385482428,28
OVRPTW,451,ok,15.6358949305,31
OVRPTW,452,ok,18.5227909826,31
OVRPTW,453,ok,14.1333940490,33
OVRPTW,454,ok,21.7136075528,27
OVRPTW,455,ok,18.2511501843,28
OVRPTW,456,ok,17.4626834018,29
OVRPTW,457,ok,18.1076762157,30
OVRPTW,458,ok,16.4464375562,26
OVRPTW,459,ok,22.0509466099,31
OVRPTW,460,ok,16.7664629611,31
OVRPTW,461,ok,24.5433418877,28
OVRPTW,462,ok,15.9648590331,27
OVRPTW,463,ok,20.1464945775,27
OVRPTW,464,ok,23.5260059131,29
OVRPTW,465,ok,18.5370017121,26
OVRPTW,466,ok,17.4684316488,28
OVRPTW,467,ok,22.1406112609,30
OVRPTW,468,ok,20.7451687541,26
OVRPTW,469,ok,19.1463979272,30
OVRPTW,470,ok,17.5666779495,25
OVRPTW,471,ok,16.5302094773,26
OVRPTW,472,ok,18.8915148158,29
OVRPTW,473,ok,27.2670287658,31
OVRPTW,474,ok,16.1358781569,29
OVRPTW,475,ok,19.4994954891,29
OVRPTW,476,ok,21.7177850259,29
OVRPTW,477,ok,15.6339143184,28
OVRPTW,478,ok,17.7447107838,27
OVRPTW,479,ok,17.3986891224,29
OVRPTW,480,ok,17.3480765140,30
OVRPTW,481,ok,16.1525242574,27
OVRPTW,482,ok,16.9999481993,29
OVRPTW,483,ok,15.9852645801,27
OVRPTW,484,ok,20.2820061485,29
OVRPTW,485,ok,16.5127355622,27
OVRPTW,486,ok,15.3468726351,29
OVRPTW,487,ok,15.7308607628,28
OVRPTW,488,ok,20.7586681736,27
OVRPTW,489,ok,21.7333000480,28
OVRPTW,490,ok,17.2507030275,34
OVRPTW,491,ok,19.7716257897,27
OVRPTW,492,ok,18.6078932057,31
OVRPTW,493,ok,22.1909107451,32
OVRPTW,494,ok,21.3923722547,31
OVRPTW,495,ok,23.8696247648,31
OVRPTW,496,ok,20.5480961146,30
OVRPTW,497,ok,21.9475934707,30
OVRPTW,498,ok,16.4335079598,28
OVRPTW,499,ok,22.9604570881,28
OVRPTW,500,ok,19.6846362218,27
OVRPTW,501,ok,17.6458967251,30
OVRPTW,502,ok,16.0990924378,27
OVRPTW,503,ok,20.7226684560,27
OVRPTW,504,ok,16.6143063818,29
OVRPTW,505,ok,15.0429260087,27
OVRPTW,506,ok,21.0649737318,32
OVRPTW,507,ok,17.5862380507,27
OVRPTW,508,ok,18.9886843709,28
OVRPTW,509,ok,15.6865646688,28
OVRPTW,510,ok,19.0719118738,28
OVRPTW,511,ok,22.8784580177,31
OVRPTW,512,ok,17.1137028359,31
OVRPTW,513,ok,18.9894931574,28
OVRPTW,514,ok,18.4063663408,27
OVRPTW,515,ok,17.3088405749,27
OVRPTW,516,ok,19.1476512194,27
OVRPTW,517,ok,20.6507917450,28
OVRPTW,518,ok,19.2732946036,29
OVRPTW,519,ok,16.5885842794,31
OVRPTW,520,ok,20.9408774816,28
OVRPTW,521,ok,16.6945549279,30
OVRPTW,522,ok,18.1955024687,30
OVRPTW,523,ok,16.9441844285,26
OVRPTW,524,ok,16.9377167760,31
OVRPTW,525,ok,20.3813501155,30
OVRPTW,526,ok,19.6382238827,27
OVRPTW,527,ok,19.1979340895,30
OVRPTW,528,ok,15.1341154262,26
OVRPTW,529,ok,20.1545768262,27
OVRPTW,530,ok,18.3783878936,32
OVRPTW,531,ok,20.7503340768,30
OVRPTW,532,ok,19.4938609799,28
OVRPTW,533,ok,20.1253835917,26
OVRPTW,534,ok,18.5404196661,25
OVRPTW,535,ok,17.3275173800,30
OVRPTW,536,ok,16.2758764647,30
OVRPTW,537,ok,20.3617686169,28
OVRPTW,538,ok,19.9920590471,30
OVRPTW,539,ok,19.2316127079,26
OVRPTW,540,ok,18.5630772779,27
OVRPTW,541,ok,21.2982938604,30
OVRPTW,542,ok,15.5708745928,28
OVRPTW,543,ok,15.4676969749,32
OVRPTW,544,ok,25.7926263383,27
OVRPTW,545,ok,19.9070241216,28
OVRPTW,546,ok,24.9704181064,28
OVRPTW,547,ok,16.6452852492,29
OVRPTW,548,ok,19.0329274897,30
OVRPTW,549,ok,18.4661458439,24
OVRPTW,550,ok,20.0397044648,26
OVRPTW,551,ok,14.8526326963,27
OVRPTW,552,ok,21.5270066149,31
OVRPTW,553,ok,24.7508718688,27
OVRPTW,554,ok,19.0554319958,27
OVRPTW,555,ok,17.9188710394,26
OVRPTW,556,ok,14.7452446544,27
OVRPTW,557,ok,18.4604210613,30
OVRPTW,558,ok,16.8982809782,30
OVRPTW,559,ok,19.3399999384,29
OVRPTW,560,ok,25.5533351635,28
OVRPTW,561,ok,14.4028721610,28
OVRPTW,562,ok,16.0100598233,29
OVRPTW,563,ok,22.7217251165,30
OVRPTW,564,ok,15.9079647304,26
OVRPTW,565,ok,20.3647477654,29
OVRPTW,566,ok,17.6556637647,30
OVRPTW,567,ok,18.4103101435,29
OVRPTW,568,ok,15.8111169782,28
OVRPTW,569,ok,20.6614278437,28
OVRPTW,570,ok,23.9623011797,27
OVRPTW,571,ok,21.8380801999,31
OVRPTW,572,ok,19.9785485984,31
OVRPTW,573,ok,16.1919916473,29
OVRPTW,574,ok,21.2898516473,27
OVRPTW,575,ok,16.5551150476,24
OVRPTW,576,ok,15.2169278454,26
OVRPTW,577,ok,16.6173576426,26
OVRPTW,578,ok,20.6388155399,29
OVRPTW,579,ok,16.1898705650,25
OVRPTW,580,ok,19.7982025692,29
OVRPTW,581,ok,18.0094994557,27
OVRPTW,582,ok,17.0821048319,29
OVRPTW,583,ok,15.8842138145,26
OVRPTW,584,ok,19.0166946239,27
OVRPTW,585,ok,15.7623432153,29
OVRPTW,586,ok,22.0230077686,25
OVRPTW,587,ok,23.5470153871,29
OVRPTW,588,ok,21.2711706657,29
OVRPTW,589,ok,14.7891013321,28
OVRPTW,590,ok,20.3371243077,29
OVRPTW,591,ok,20.6691975321,32
OVRPTW,592,ok,18.8040802534,29
OVRPTW,593,ok,19.7315195119,26
OVRPTW,594,ok,18.3912919779,30
OVRPTW,595,ok,22.8133778151,30
OVRPTW,596,ok,16.3113531038,29
OVRPTW,597,ok,15.8802876210,27
OVRPTW,598,ok,16.5614774174,28
OVRPTW,599,ok,15.5641672302,29
OVRPTW,600,ok,20.1714038924,30
OVRPTW,601,ok,16.0046534518,29
OVRPTW,602,ok,14.6405222700,26
OVRPTW,603,ok,20.6178080786,30
OVRPTW,604,ok,19.2969706376,28
OVRPTW,605,ok,16.0975093186,33
OVRPTW,606,ok,18.8523660053,27
OVRPTW,607,ok,19.2534502688,29
OVRPTW,608,ok,19.2237024375,32
OVRPTW,609,ok,20.1953333959,28
OVRPTW,610,ok,18.8230398113,30
OVRPTW,611,ok,17.5723152299,27
OVRPTW,612,ok,19.7345279910,32
OVRPTW,613,ok,23.6047319827,28
OVRPTW,614,ok,16.1181087459,29
OVRPTW,615,ok,22.8772308910,27
OVRPTW,616,ok,19.3332850802,27
OVRPTW,617,ok,16.7672653123,29
OVRPTW,618,ok,17.4736425934,30
OVRPTW,619,ok,15.4028823521,29
OVRPTW,620,ok,19.6540356554,27
OVRPTW,621,ok,16.3524499441,30
OVRPTW,622,ok,18.7629669969,29
OVRPTW,623,ok,21.3159388752,30
OVRPTW,624,ok,18.6909484571,28
OVRPTW,625,ok,16.5208830054,27
OVRPTW,626,ok,20.7553250618,27
OVRPTW,627,ok,17.5817125525,30
OVRPTW,628,ok,19.7463208807,29
OVRPTW,629,ok,20.7767298706,30
OVRPTW,630,ok,17.7824042247,31
OVRPTW,631,ok,16.7267590139,26
OVRPTW,632,ok,15.6754219758,25
OVRPTW,633,ok,22.0626115711,27
OVRPTW,634,ok,20.9182141171,31
OVRPTW,635,ok,19.6514495811,30
OVRPTW,636,ok,16.8289572104,30
OVRPTW,637,ok,16.5333719339,26
OVRPTW,638,ok,17.4020499482,32
OVRPTW,639,ok,25.6043009216,32
OVRPTW,640,ok,16.5989349782,26
OVRPTW,641,ok,17.0887791453,29
OVRPTW,642,ok,18.2194534256,31
OVRPTW,643,ok,20.3526706395,27
OVRPTW,644,ok,18.7488943408,30
OVRPTW,645,ok,16.1854201765,30
OVRPTW,646,ok,17.4268225885,33
OVRPTW,647,ok,21.1587300486,28
OVRPTW,648,ok,16.2017598958,32
OVRPTW,649,ok,16.8809822325,27
OVRPTW,650,ok,19.7016490584,33
OVRPTW,651,ok,15.8996111930,26
OVRPTW,652,ok,17.9824541221,29
OVRPTW,653,ok,23.5929771548,31
OVRPTW,654,ok,17.3900682000,27
OVRPTW,655,ok,16.6333859092,28
OVRPTW,656,ok,19.7467073645,26
OVRPTW,657,ok,17.5258035376,31
OVRPTW,658,ok,15.6904595125,29
OVRPTW,659,ok,18.8504935276,27
OVRPTW,660,ok,16.2356476439,25
OVRPTW,661,ok,17.8788929856,28
OVRPTW,662,ok,21.5288540507,29
OVRPTW,663,ok,17.7368468081,29
OVRPTW,664,ok,21.8244388976,29
OVRPTW,665,ok,24.9306584885,28
OVRPTW,666,ok,20.7371308072,28
OVRPTW,667,ok,19.7733250401,25
OVRPTW,668,ok,18.7459563477,27
OVRPTW,669,ok,21.1741089744,29
OVRPTW,670,ok,20.3299429387,28
OVRPTW,671,ok,15.4689645745,31
OVRPTW,672,ok,18.9712731980,30
OVRPTW,673,ok,17.5097730532,29
OVRPTW,674,ok,19.8945611749,26
OVRPTW,675,ok,16.5835637196,26
OVRPTW,676,ok,20.1966599531,29
OVRPTW,677,ok,20.1873395855,26
OVRPTW,678,ok,14.9644392480,29
OVRPTW,679,ok,19.6261191419,29
OVRPTW,680,ok,19.5901805878,29
OVRPTW,681,ok,21.6711747231,32
OVRPTW,682,ok,17.1296142551,26
OVRPTW,683,ok,17.4183608697,27
OVRPTW,684,ok,20.4944197501,27
OVRPTW,685,ok,20.1069500012,30
OVRPTW,686,ok,15.1531466048,26
OVRPTW,687,ok,17.0835119241,25
OVRPTW,688,ok,21.8622933536,30
OVRPTW,689,ok,15.4666282608,28
OVRPTW,690,ok,16.0631445543,30
OVRPTW,691,ok,17.7323849926,28
OVRPTW,692,ok,23.6457004653,32
OVRPTW,693,ok,20.2572444657,30
OVRPTW,694,ok,22.8481797338,28
OVRPTW,695,ok,24.5521670405,30
OVRPTW,696,ok,17.6754150257,28
OVRPTW,697,ok,17.0397162975,33
OVRPTW,698,ok,20.0705644138,29
OVRPTW,699,ok,23.1087717105,32
OVRPTW,700,ok,19.9906679105,28
OVRPTW,701,ok,14.7275916439,27
OVRPTW,702,ok,15.9726238480,30
OVRPTW,703,ok,21.4497517723,29
OVRPTW,704,ok,17.8696168678,28
OVRPTW,705,ok,18.7482822189,28
OVRPTW,706,ok,21.1188127457,29
OVRPTW,707,ok,17.5479365651,26
OVRPTW,708,ok,16.3388220451,27
OVRPTW,709,ok,15.0751107866,28
OVRPTW,710,ok,16.3374891023,27
OVRPTW,711,ok,16.3244282796,32
OVRPTW,712,ok,20.3725828612,29
OVRPTW,713,ok,19.3933404372,31
OVRPTW,714,ok,16.7677817952,26
OVRPTW,715,ok,19.3227320801,29
OVRPTW,716,ok,16.1380384655,30
OVRPTW,717,ok,17.4307658988,26
OVRPTW,718,ok,16.6306652344,30
OVRPTW,719,ok,16.2713353606,29
OVRPTW,720,ok,23.9562181091,30
OVRPTW,721,ok,19.2487758316,30
OVRPTW,722,ok,24.8360711209,28
OVRPTW,723,ok,23.0629080896,30
OVRPTW,724,ok,17.5649383038,33
OVRPTW,725,ok,16.8506148695,26
OVRPTW,726,ok,17.7021120372,28
OVRPTW,727,ok,21.7507280738,28
OVRPTW,728,ok,17.3261995651,31
OVRPTW,729,ok,19.0001636273,28
OVRPTW,730,ok,18.5828852804,25
OVRPTW,731,ok,23.8105315218,31
OVRPTW,732,ok,20.3973097369,26
OVRPTW,733,ok,15.5851682647,29
OVRPTW,734,ok,15.4912025639,28
OVRPTW,735,ok,24.5677011807,26
OVRPTW,736,ok,17.6074073333,32
OVRPTW,737,ok,21.5449164666,28
OVRPTW,738,ok,14.8395348890,29
OVRPTW,739,ok,20.6287814864,29
OVRPTW,740,ok,25.3196483638,27
OVRPTW,741,ok,24.7687271974,28
OVRPTW,742,ok,17.9102196046,28
OVRPTW,743,ok,17.8888739630,30
OVRPTW,744,ok,19.4266588031,28
OVRPTW,745,ok,16.4662496738,31
OVRPTW,746,ok,18.8309800829,29
OVRPTW,747,ok,15.6846792782,27
OVRPTW,748,ok,16.1286824308,31
OVRPTW,749,ok,16.6473052523,29
OVRPTW,750,ok,15.7086501505,28
OVRPTW,751,ok,19.5633590191,26
OVRPTW,752,ok,16.5129290887,29
OVRPTW,753,ok,17.4910139483,29
OVRPTW,754,ok,19.6920871482,30
OVRPTW,755,ok,21.0500944440,24
OVRPTW,756,ok,18.3158709459,29
OVRPTW,757,ok,17.2720088173,26
OVRPTW,758,ok,18.3103095321,32
OVRPTW,759,ok,16.7162869654,28
OVRPTW,760,ok,17.0172937896,27
OVRPTW,761,ok,24.0267340143,31
OVRPTW,762,ok,21.6141689336,27
OVRPTW,763,ok,20.4355457803,32
OVRPTW,764,ok,17.2687711552,29
OVRPTW,765,ok,20.0212971458,31
OVRPTW,766,ok,14.3655470006,24
OVRPTW,767,ok,21.7437622074,28
OVRPTW,768,ok,18.2849793975,28
OVRPTW,769,ok,17.1892669268,27
OVRPTW,770,ok,14.1021741671,26
OVRPTW,771,ok,15.5686031425,29
OVRPTW,772,ok,21.0465618304,29
OVRPTW,773,ok,22.7676877031,27
OVRPTW,774,ok,18.6208783551,27
OVRPTW,775,ok,21.5149955971,31
OVRPTW,776,ok,19.2501744495,29
OVRPTW,777,ok,19.6491152196,27
OVRPTW,778,ok,17.1413743602,32
OVRPTW,779,ok,23.7332575192,26
OVRPTW,780,ok,18.0117801355,30
OVRPTW,781,ok,17.4010816121,29
OVRPTW,782,ok,22.9749674857,28
OVRPTW,783,ok,17.4681127884,29
OVRPTW,784,ok,20.3470929687,31
OVRPTW,785,ok,21.1031392271,33
OVRPTW,786,ok,16.9090542600,28
OVRPTW,787,ok,16.3467233394,29
OVRPTW,788,ok,21.1162879052,28
OVRPTW,789,ok,17.7420612140,26
OVRPTW,790,ok,16.9424448805,30
OVRPTW,791,ok,17.4467820183,26
OVRPTW,792,ok,18.9436025940,28
OVRPTW,793,ok,18.3456718154,28
OVRPTW,794,ok,19.5097594132,30
OVRPTW,795,ok,18.1498267890,27
OVRPTW,796,ok,18.4334524002,31
OVRPTW,797,ok,19.2029722229,29
OVRPTW,798,ok,17.0794065751,30
OVRPTW,799,ok,22.2997013564,27
OVRPTW,800,ok,18.0938141678,29
OVRPTW,801,ok,19.4774200717,29
OVRPTW,802,ok,19.7261207692,31
OVRPTW,803,ok,19.1373823425,28
OVRPTW,804,ok,18.8115928945,30
OVRPTW,805,ok,17.1889615846,26
OVRPTW,806,ok,19.4349902840,27
OVRPTW,807,ok,17.8672772703,35
OVRPTW,808,ok,18.6241096027,29
OVRPTW,809,ok,20.5466152306,27
OVRPTW,810,ok,18.9225348077,31
OVRPTW,811,ok,18.3483173049,29
OVRPTW,812,ok,18.1256922553,26
OVRPTW,813,ok,18.5129228777,28
OVRPTW,814,ok,16.2423152696,28
OVRPTW,815,ok,14.8175206674,29
OVRPTW,816,ok,20.1407692610,29
OVRPTW,817,ok,19.6423583579,29
OVRPTW,818,ok,22.3990498906,31
OVRPTW,819,ok,15.9787152068,30
OVRPTW,820,ok,16.2034412403,27
OVRPTW,821,ok,17.0756901745,31
OVRPTW,822,ok,23.0085745417,31
OVRPTW,823,ok,19.9363316772,27
OVRPTW,824,ok,17.8728503674,26
OVRPTW,825,ok,19.6252064383,30
OVRPTW,826,ok,24.8579683433,28
OVRPTW,827,ok,18.9581383702,29
OVRPTW,828,ok,21.4721769907,27
OVRPTW,829,ok,17.8218401910,33
OVRPTW,830,ok,20.7490831490,29
OVRPTW,831,ok,17.4172290288,31
OVRPTW,832,ok,17.2259606252,29
OVRPTW,833,ok,17.3266639999,29
OVRPTW,834,ok,16.1782911172,28
OVRPTW,835,ok,23.2121811478,29
OVRPTW,836,ok,21.1947749220,30
OVRPTW,837,ok,17.3506388584,30
OVRPTW,838,ok,20.0446345975,28
OVRPTW,839,ok,20.8133918297,29
OVRPTW,840,ok,18.3145451585,31
OVRPTW,841,ok,21.7492864093,29
OVRPTW,842,ok,18.1117189589,29
OVRPTW,843,ok,19.9369047864,29
OVRPTW,844,ok,20.4184457648,29
OVRPTW,845,ok,16.1632563845,26
OVRPTW,846,ok,19.0150274933,26
OVRPTW,847,ok,21.3856090893,27
OVRPTW,848,ok,17.1000682650,30
OVRPTW,849,ok,19.8451296481,29
OVRPTW,850,ok,16.8450310924,29
OVRPTW,851,ok,18.6444722070,29
OVRPTW,852,ok,18.2471673134,31
OVRPTW,853,ok,16.1655105790,28
OVRPTW,854,ok,20.2645820765,28
OVRPTW,855,ok,19.6510362767,27
OVRPTW,856,ok,17.4088460588,27
OVRPTW,857,ok,19.6976702794,27
OVRPTW,858,ok,18.4899539944,30
OVRPTW,859,ok,16.9792549503,31
OVRPTW,860,ok,22.8634747214,31
OVRPTW,861,ok,20.5918986937,28
OVRPTW,862,ok,16.7763350886,27
OVRPTW,863,ok,15.9025941929,28
OVRPTW,864,ok,21.2750353369,30
OVRPTW,865,ok,16.9738346832,30
OVRPTW,866,ok,14.8565125910,27
OVRPTW,867,ok,16.9950450113,28
OVRPTW,868,ok,23.3895614008,28
OVRPTW,869,ok,17.8898230218,29
OVRPTW,870,ok,17.9978248675,29
OVRPTW,871,ok,15.8951848442,31
OVRPTW,872,ok,20.8841269744,29
OVRPTW,873,ok,20.6161984688,29
OVRPTW,874,ok,20.2381217062,27
OVRPTW,875,ok,20.2299846701,30
OVRPTW,876,ok,20.0782655646,27
OVRPTW,877,ok,18.3478337291,28
OVRPTW,878,ok,18.8929993182,28
OVRPTW,879,ok,23.8250815527,28
OVRPTW,880,ok,18.0144920708,27
OVRPTW,881,ok,24.2348550140,27
OVRPTW,882,ok,20.2072755574,27
OVRPTW,883,ok,17.3231905848,27
OVRPTW,884,ok,16.4525529232,29
OVRPTW,885,ok,15.8129589376,31
OVRPTW,886,ok,19.1295400053,28
OVRPTW,887,ok,17.3551002616,29
OVRPTW,888,ok,16.8317795938,25
OVRPTW,889,ok,19.2422340600,30
OVRPTW,890,ok,21.9861869989,31
OVRPTW,891,ok,16.5425545322,29
OVRPTW,892,ok,17.5769401893,25
OVRPTW,893,ok,19.1525583605,28
OVRPTW,894,ok,22.2363235528,30
OVRPTW,895,ok,19.9478537859,28
OVRPTW,896,ok,17.2661527161,30
OVRPTW,897,ok,18.8525937246,31
OVRPTW,898,ok,18.0884808006,29
OVRPTW,899,ok,15.5198989237,25
OVRPTW,900,ok,19.2544610513,28
OVRPTW,901,ok,22.7957068494,26
OVRPTW,902,ok,15.2485213232,30
OVRPTW,903,ok,22.9186709219,29
OVRPTW,904,ok,18.4651604572,29
OVRPTW,905,ok,21.1780687699,30
OVRPTW,906,ok,21.2057448731,30
OVRPTW,907,ok,18.3969372571,28
OVRPTW,908,ok,21.4578929100,29
OVRPTW,909,ok,18.9665359426,28
OVRPTW,910,ok,18.5530645012,29
OVRPTW,911,ok,18.0327458095,29
OVRPTW,912,ok,16.6701680072,32
OVRPTW,913,ok,17.3534073520,31
OVRPTW,914,ok,20.8106036650,30
OVRPTW,915,ok,21.5319703085,30
OVRPTW,916,ok,16.1675064796,29
OVRPTW,917,ok,24.5810738844,31
OVRPTW,918,ok,18.8763475402,31
OVRPTW,919,ok,16.5009263850,27
OVRPTW,920,ok,16.4029578750,30
OVRPTW,921,ok,21.0965520706,27
OVRPTW,922,ok,16.3555956619,31
OVRPTW,923,ok,15.7083315201,28
OVRPTW,924,ok,16.4234542204,29
OVRPTW,925,ok,19.3163406268,27
OVRPTW,926,ok,22.3386519078,30
OVRPTW,927,ok,20.2317693408,32
OVRPTW,928,ok,18.3273369148,29
OVRPTW,929,ok,16.4991822931,30
OVRPTW,930,ok,18.4727654735,30
OVRPTW,931,ok,17.7961520309,29
OVRPTW,932,ok,19.9789820251,27
OVRPTW,933,ok,21.3219469155,31
OVRPTW,934,ok,23.3378431730,29
OVRPTW,935,ok,17.1526012636,30
OVRPTW,936,ok,17.1435620773,29
OVRPTW,937,ok,20.2806685428,31
OVRPTW,938,ok,21.0490711088,29
OVRPTW,939,ok,21.3400269165,32
OVRPTW,940,ok,15.6754633325,29
OVRPTW,941,ok,22.2963410007,26
OVRPTW,942,ok,19.9169884830,26
OVRPTW,943,ok,17.3115549358,30
OVRPTW,944,ok,21.0068049034,29
OVRPTW,945,ok,20.3829978160,31
OVRPTW,946,ok,18.5013387979,29
OVRPTW,947,ok,17.0647707058,28
OVRPTW,948,ok,23.4168308941,26
OVRPTW,949,ok,21.3931707326,31
OVRPTW,950,ok,19.6317931917,27
OVRPTW,951,ok,16.8260059822,31
OVRPTW,952,ok,22.6279907669,28
OVRPTW,953,ok,17.9581677890,28
OVRPTW,954,ok,19.1751014249,29
OVRPTW,955,ok,17.3339499280,30
OVRPTW,956,ok,15.8050873563,27
OVRPTW,957,ok,20.6109057600,25
OVRPTW,958,ok,20.8407045455,33
OVRPTW,959,ok,14.9113465544,27
OVRPTW,960,ok,16.5472278726,27
OVRPTW,961,ok,20.4439389519,30
OVRPTW,962,ok,22.2046729020,27
OVRPTW,963,ok,18.1377550460,28
OVRPTW,964,ok,24.4749985950,29
OVRPTW,965,ok,19.3196672610,28
OVRPTW,966,ok,16.7756509688,25
OVRPTW,967,ok,19.3822145072,32
OVRPTW,968,ok,25.6559108290,30
OVRPTW,969,ok,22.6721538667,28
OVRPTW,970,ok,19.5154459134,30
OVRPTW,971,ok,15.1227884918,31
OVRPTW,972,ok,18.3828769457,28
OVRPTW,973,ok,17.2697459467,29
OVRPTW,974,ok,19.5876142373,27
OVRPTW,975,ok,21.2503541727,26
OVRPTW,976,ok,19.2949546219,28
OVRPTW,977,ok,18.4766307570,30
OVRPTW,978,ok,21.9277952260,30
OVRPTW,979,ok,25.3181393051,28
OVRPTW,980,ok,18.8671758138,28
OVRPTW,981,ok,24.1088751936,27
OVRPTW,982,ok,20.7422789250,27
OVRPTW,983,ok,19.3521747245,30
OVRPTW,984,ok,16.6965145915,28
OVRPTW,985,ok,15.5446003532,28
OVRPTW,986,ok,20.0222665939,28
OVRPTW,987,ok,20.4051490399,27
OVRPTW,988,ok,18.2210087615,28
OVRPTW,989,ok,15.8091736234,28
OVRPTW,990,ok,19.0423252701,30
OVRPTW,991,ok,16.2876655763,28
OVRPTW,992,ok,16.0746721941,28
OVRPTW,993,ok,16.6045009258,28
OVRPTW,994,ok,17.3816526846,27
OVRPTW,995,ok,23.5997022563,26
OVRPTW,996,ok,20.2397978646,26
OVRPTW,997,ok,17.4347057118,28
OVRPTW,998,ok,17.1835182400,30
OVRPTW,999,ok,15.9401524275,29
OVRPB,0,ok,10.1485140316,10
OVRPB,1,ok,9.5170883793,7
OVRPB,2,ok,10.8981253577,7
OVRPB,3,ok,9.5510513883,6
OVRPB,4,ok,9.7803100513,9
OVRPB,5,ok,8.8090888890,9
OVRPB,6,ok,9.1226384885,7
OVRPB,7,ok,9.3692114571,8
OVRPB,8,ok,9.4577783455,10
OVRPB,9,ok,10.2160786908,9
OVRPB,10,ok,9.8582025835,9
OVRPB,11,ok,8.9716583516,8
OVRPB,12,ok,9.1511097799,7
OVRPB,13,ok,9.5508389539,8
OVRPB,14,ok,9.1621529962,8
OVRPB,15,ok,9.5257563031,8
OVRPB,16,ok,9.2935237330,10
OVRPB,17,ok,9.7580077219,7
OVRPB,18,ok,10.3231169249,6
OVRPB,19,ok,9.9898084698,8
OVRPB,20,ok,9.4336190184,7
OVRPB,21,ok,10.4478774212,8
OVRPB,22,ok,9.9095181024,9
OVRPB,23,ok,10.4620702302,7
OVRPB,24,ok,10.1416832846,8
OVRPB,25,ok,9.6963038144,7
OVRPB,26,ok,10.0538277185,7
OVRPB,27,ok,9.8064763937,8
OVRPB,28,ok,9.5056886994,6
OVRPB,29,ok,8.9093810003,8
OVRPB,30,ok,8.6728780266,7
OVRPB,31,ok,9.9040887246,7
OVRPB,32,ok,10.3823817649,8
OVRPB,33,ok,9.8074182712,7
OVRPB,34,ok,10.1580105241,9
OVRPB,35,ok,8.2181235082,9
OVRPB,36,ok,9.6879679146,8
OVRPB,37,ok,9.4107969392,11
OVRPB,38,ok,10.0392908782,8
OVRPB,39,ok,11.0636816517,9
OVRPB,40,ok,10.7810804491,8
OVRPB,41,ok,9.1418162382,6
OVRPB,42,ok,8.4146845573,9
OVRPB,43,ok,8.6150288917,8
OVRPB,44,ok,8.7283839043,7
OVRPB,45,ok,10.2955816917,7
OVRPB,46,ok,9.6643336528,6
OVRPB,47,ok,8.8802653722,9
OVRPB,48,ok,9.8320016662,8
OVRPB,49,ok,9.2005150117,7
OVRPB,50,ok,11.0683643168,9
OVRPB,51,ok,11.6006231005,8
OVRPB,52,ok,9.2774727179,8
OVRPB,53,ok,8.8533077736,7
OVRPB,54,ok,9.5202553017,7
OVRPB,55,ok,8.4020262054,7
OVRPB,56,ok,9.2279364894,8
OVRPB,57,ok,9.2665940899,9
OVRPB,58,ok,8.9413226138,8
OVRPB,59,ok,10.8089956532,7
OVRPB,60,ok,9.4129582381,8
OVRPB,61,ok,8.9860875740,8
OVRPB,62,ok,10.1969632310,8
OVRPB,63,ok,9.5366143059,7
OVRPB,64,ok,9.1651085710,9
OVRPB,65,ok,11.3953462893,8
OVRPB,66,ok,9.5783028736,7
OVRPB,67,ok,10.0848830853,9
OVRPB,68,ok,9.1413543572,10
OVRPB,69,ok,9.3686602503,7
OVRPB,70,ok,9.5604294897,8
OVRPB,71,ok,9.1830010291,8
OVRPB,72,ok,10.5292645416,8
OVRPB,73,ok,9.8899330800,7
OVRPB,74,ok,9.3617585803,8
OVRPB,75,ok,9.3255864218,7
OVRPB,76,ok,9.5761513835,8
OVRPB,77,ok,8.9829612144,10
OVRPB,78,ok,8.9055270548,9
OVRPB,79,ok,9.0143085853,7
OVRPB,80,ok,9.7252378109,7
OVRPB,81,ok,9.6533626989,10
OVRPB,82,ok,10.3857590058,8
OVRPB,83,ok,8.8885308427,7
OVRPB,84,ok,9.9456726027,9
OVRPB,85,ok,10.0358537679,10
OVRPB,86,ok,9.3786821112,10
OVRPB,87,ok,11.0066960586,7
OVRPB,88,ok,9.5897434812,8
OVRPB,89,ok,9.4591227440,9
OVRPB,90,ok,10.3822810073,8
OVRPB,91,ok,9.2468612700,7
OVRPB,92,ok,10.7089800154,6
OVRPB,93,ok,8.9433106716,9
OVRPB,94,ok,8.3422986958,6
OVRPB,95,ok,9.3167794019,8
OVRPB,96,ok,10.1353569107,7
OVRPB,97,ok,10.9828335329,7
OVRPB,98,ok,10.3128740907,9
OVRPB,99,ok,8.9110733413,9
OVRPB,100,ok,9.9578553532,7
OVRPB,101,ok,10.2664696451,8
OVRPB,102,ok,9.5773524538,8
OVRPB,103,ok,10.2055600549,8
OVRPB,104,ok,9.0495508487,7
OVRPB,105,ok,9.3264604596,7
OVRPB,106,ok,12.0181440448,7
OVRPB,107,ok,10.0006948218,9
OVRPB,108,ok,9.1706240954,9
OVRPB,109,ok,9.7646415968,9
OVRPB,110,ok,10.5275763272,6
OVRPB,111,ok,9.4614786339,7
OVRPB,112,ok,9.9957349725,7
OVRPB,113,ok,9.7849526738,8
OVRPB,114,ok,9.4225011501,11
OVRPB,115,ok,10.3248362540,7
OVRPB,116,ok,9.3152839961,8
OVRPB,117,ok,10.7291959518,8
OVRPB,118,ok,9.3452313903,9
OVRPB,119,ok,8.7813719824,6
OVRPB,120,ok,9.6383231784,7
OVRPB,121,ok,10.2483287828,7
OVRPB,122,ok,9.0369196901,7
OVRPB,123,ok,9.8061516659,9
OVRPB,124,ok,10.7392861668,9
OVRPB,125,ok,9.0806174245,8
OVRPB,126,ok,10.4880774074,7
OVRPB,127,ok,8.7328107112,8
OVRPB,128,ok,10.2100044608,7
OVRPB,129,ok,9.4344095690,9
OVRPB,130,ok,9.1069291976,9
OVRPB,131,ok,9.7680929224,8
OVRPB,132,ok,9.7953445343,8
OVRPB,133,ok,8.6519634562,8
OVRPB,134,ok,9.7477756627,8
OVRPB,135,ok,9.3126945339,9
OVRPB,136,ok,8.6888905638,6
OVRPB,137,ok,10.2056848085,7
OVRPB,138,ok,11.0743691216,8
OVRPB,139,ok,10.0423718645,8
OVRPB,140,ok,8.8420635471,7
OVRPB,141,ok,10.1123654965,10
OVRPB,142,ok,8.7959620035,7
OVRPB,143,ok,9.9849493175,6
OVRPB,144,ok,8.8073775416,8
OVRPB,145,ok,9.4517942905,7
OVRPB,146,ok,9.6770539097,7
OVRPB,147,ok,10.0776326664,7
OVRPB,148,ok,9.1545510360,10
OVRPB,149,ok,10.7744006715,7
OVRPB,150,ok,8.9931046454,8
OVRPB,151,ok,10.5383915845,8
OVRPB,152,ok,10.3345095382,10
OVRPB,153,ok,9.2240292960,9
OVRPB,154,ok,9.6366966561,7
OVRPB,155,ok,9.8372011248,8
OVRPB,156,ok,8.6234900551,7
OVRPB,157,ok,10.1530262784,7
OVRPB,158,ok,9.8972051046,7
OVRPB,159,ok,10.2475352808,9
OVRPB,160,ok,9.6283232250,8
OVRPB,161,ok,9.6623142508,10
OVRPB,162,ok,10.4848734556,7
OVRPB,163,ok,9.3753594886,7
OVRPB,164,ok,9.4057818341,7
OVRPB,165,ok,9.0547812739,8
OVRPB,166,ok,9.5127173891,9
OVRPB,167,ok,10.3099010152,7
OVRPB,168,ok,10.5036566558,6
OVRPB,169,ok,10.6808609272,7
OVRPB,170,ok,9.3074503278,7
OVRPB,171,ok,10.4672916125,8
OVRPB,172,ok,10.8179277653,8
OVRPB,173,ok,10.4429970887,9
OVRPB,174,ok,10.0804379843,7
OVRPB,175,ok,9.9744852868,10
OVRPB,176,ok,10.1943285754,8
OVRPB,177,ok,9.9108704972,8
OVRPB,178,ok,9.0360223541,9
OVRPB,179,ok,9.5061514728,8
OVRPB,180,ok,9.6879268973,8
OVRPB,181,ok,9.0569179700,7
OVRPB,182,ok,9.5012256341,8
OVRPB,183,ok,9.5761338198,7
OVRPB,184,ok,9.4940362486,7
OVRPB,185,ok,9.0613735270,8
OVRPB,186,ok,11.3822482170,9
OVRPB,187,ok,9.1365404003,8
OVRPB,188,ok,11.1623381273,7
OVRPB,189,ok,9.8515333272,10
OVRPB,190,ok,9.8318902720,6
OVRPB,191,ok,9.4604830106,9
OVRPB,192,ok,9.9153133286,10
OVRPB,193,ok,10.3669883691,10
OVRPB,194,ok,9.8328043943,7
OVRPB,195,ok,9.3073813207,7
OVRPB,196,ok,8.9990225006,7
OVRPB,197,ok,10.4817539229,8
OVRPB,198,ok,10.6372103626,8
OVRPB,199,ok,10.8379800381,9
OVRPB,200,ok,9.3633700231,7
OVRPB,201,ok,9.7736644356,9
OVRPB,202,ok,10.0591830644,6
OVRPB,203,ok,9.7331181585,8
OVRPB,204,ok,9.4074387360,7
OVRPB,205,ok,9.1278126685,8
OVRPB,206,ok,10.1478616888,7
OVRPB,207,ok,9.6068638838,8
OVRPB,208,ok,9.8188644624,7
OVRPB,209,ok,9.4254034119,7
OVRPB,210,ok,10.3521187310,9
OVRPB,211,ok,9.8174638883,7
OVRPB,212,ok,10.5250000270,7
OVRPB,213,ok,9.1849639558,9
OVRPB,214,ok,9.6359998128,7
OVRPB,215,ok,9.8932181101,9
OVRPB,216,ok,9.7650306161,7
OVRPB,217,ok,9.1952139437,8
OVRPB,218,ok,9.0660175798,8
OVRPB,219,ok,10.1902885350,10
OVRPB,220,ok,9.8051000522,8
OVRPB,221,ok,10.8714991591,7
OVRPB,222,ok,9.7961855002,8
OVRPB,223,ok,8.6637566025,8
OVRPB,224,ok,10.1932499058,8
OVRPB,225,ok,9.9820261620,8
OVRPB,226,ok,9.4538299333,7
OVRPB,227,ok,9.2612863435,8
OVRPB,228,ok,9.8366138423,8
OVRPB,229,ok,12.1174600643,8
OVRPB,230,ok,10.6785549889,10
OVRPB,231,ok,8.9607820495,8
OVRPB,232,ok,10.3451809748,7
OVRPB,233,ok,10.3585861926,7
OVRPB,234,ok,9.9037933710,7
OVRPB,235,ok,8.7702820299,8
OVRPB,236,ok,8.9213791910,8
OVRPB,237,ok,10.0809842032,7
OVRPB,238,ok,8.7988286802,8
OVRPB,239,ok,9.7106728217,8
OVRPB,240,ok,8.8879088698,7
OVRPB,241,ok,9.2420352199,8
OVRPB,242,ok,9.1578434765,8
OVRPB,243,ok,9.1229883755,9
OVRPB,244,ok,9.8309012811,7
OVRPB,245,ok,10.4281887313,7
OVRPB,246,ok,10.2953369041,7
OVRPB,247,ok,10.2848815177,6
OVRPB,248,ok,10.3550077865,7
OVRPB,249,ok,8.9748705691,8
OVRPB,250,ok,9.9960669243,7
OVRPB,251,ok,9.7588897404,7
OVRPB,252,ok,10.1384332238,7
OVRPB,253,ok,10.2379723910,7
OVRPB,254,ok,9.6311011133,8
OVRPB,255,ok,9.4938742526,8
OVRPB,256,ok,10.7023800950,7
OVRPB,257,ok,10.2765014030,8
OVRPB,258,ok,9.0578716633,8
OVRPB,259,ok,10.0035926362,9
OVRPB,260,ok,9.9320885922,9
OVRPB,261,ok,10.4266752818,9
OVRPB,262,ok,8.7091698207,7
OVRPB,263,ok,9.7787834817,6
OVRPB,264,ok,10.3315256832,9
OVRPB,265,ok,9.7124444990,8
OVRPB,266,ok,9.1136631567,7
OVRPB,267,ok,9.1663335308,7
OVRPB,268,ok,9.8431203640,9
OVRPB,269,ok,9.7335698132,9
OVRPB,270,ok,9.6487257292,6
OVRPB,271,ok,9.0963128452,8
OVRPB,272,ok,10.4201910738,10
OVRPB,273,ok,10.0181187028,8
OVRPB,274,ok,8.6648007038,8
OVRPB,275,ok,8.9384894602,10
OVRPB,276,ok,10.1150011193,7
OVRPB,277,ok,9.1281389017,8
OVRPB,278,ok,10.2154920427,8
OVRPB,279,ok,8.9638734529,9
OVRPB,280,ok,9.0905175670,8
OVRPB,281,ok,11.3153803292,8
OVRPB,282,ok,8.8580104589,7
OVRPB,283,ok,10.8987010101,7
OVRPB,284,ok,9.8802498754,11
OVRPB,285,ok,9.7988994242,9
OVRPB,286,ok,8.9129278273,8
OVRPB,287,ok,9.0628037543,10
OVRPB,288,ok,9.2150415525,9
OVRPB,289,ok,10.7025096686,10
OVRPB,290,ok,10.8789181281,10
OVRPB,291,ok,10.2011651165,8
OVRPB,292,ok,9.0246676691,7
OVRPB,293,ok,9.0180320614,8
OVRPB,294,ok,8.6232808339,8
OVRPB,295,ok,9.5869949836,10
OVRPB,296,ok,9.2282552917,8
OVRPB,297,ok,9.2849238269,8
OVRPB,298,ok,9.5423853092,9
OVRPB,299,ok,9.7763626267,9
OVRPB,300,ok,10.0875263753,7
OVRPB,301,ok,10.2803738436,10
OVRPB,302,ok,9.5649136862,8
OVRPB,303,ok,10.4015325672,7
OVRPB,304,ok,9.2467533634,8
OVRPB,305,ok,9.4281447721,9
OVRPB,306,ok,9.4725209195,7
OVRPB,307,ok,9.4720096923,8
OVRPB,308,ok,10.1737517720,10
OVRPB,309,ok,11.2693477013,7
OVRPB,310,ok,9.5867032973,9
OVRPB,311,ok,9.6995738414,9
OVRPB,312,ok,9.3704696468,8
OVRPB,313,ok,10.5886328105,8
OVRPB,314,ok,9.1859509947,9
OVRPB,315,ok,9.8575640202,7
OVRPB,316,ok,9.1241689057,8
OVRPB,317,ok,9.0188710192,6
OVRPB,318,ok,10.1955198330,9
OVRPB,319,ok,9.8792063585,7
OVRPB,320,ok,10.1646160833,7
OVRPB,321,ok,9.7033989618,8
OVRPB,322,ok,9.3362018460,10
OVRPB,323,ok,9.3922971986,9
OVRPB,324,ok,10.0539773658,7
OVRPB,325,ok,8.1339346590,9
OVRPB,326,ok,9.2175170628,6
OVRPB,327,ok,10.6185105833,9
OVRPB,328,ok,9.4893857580,10
OVRPB,329,ok,9.5707100011,8
OVRPB,330,ok,8.6683591500,7
OVRPB,331,ok,8.8585955267,7
OVRPB,332,ok,9.8071303341,8
OVRPB,333,ok,9.1064668218,8
OVRPB,334,ok,10.4760183615,9
OVRPB,335,ok,9.3013274215,8
OVRPB,336,ok,9.6397046472,8
OVRPB,337,ok,9.9273998675,9
OVRPB,338,ok,10.4014730927,8
OVRPB,339,ok,9.9008157301,8
OVRPB,340,ok,10.3571239120,7
OVRPB,341,ok,10.2569336050,10
OVRPB,342,ok,9.2812513442,9
OVRPB,343,ok,8.7609420987,8
OVRPB,344,ok,10.2501615422,9
OVRPB,345,ok,8.8177540425,9
OVRPB,346,ok,9.6718140229,7
OVRPB,347,ok,9.5592745243,9
OVRPB,348,ok,9.4106511120,8
OVRPB,349,ok,9.7818953764,8
OVRPB,350,ok,10.6171964218,7
OVRPB,351,ok,9.5896371768,6
OVRPB,352,ok,10.3068427405,9
OVRPB,353,ok,10.3657701520,8
OVRPB,354,ok,11.7416996259,7
OVRPB,355,ok,9.1081979258,6
OVRPB,356,ok,9.3739431714,8
OVRPB,357,ok,9.2386548059,8
OVRPB,358,ok,10.0884613342,8
OVRPB,359,ok,9.5485523362,10
OVRPB,360,ok,10.8231023387,9
OVRPB,361,ok,9.4989108042,9
OVRPB,362,ok,9.8297174782,7
OVRPB,363,ok,9.7930787820,10
OVRPB,364,ok,10.3975647856,8
OVRPB,365,ok,9.7548975170,9
OVRPB,366,ok,11.2510301427,9
OVRPB,367,ok,9.5914612973,7
OVRPB,368,ok,9.8529883067,9
OVRPB,369,ok,10.0429823891,9
OVRPB,370,ok,10.5385475084,6
OVRPB,371,ok,10.6761755876,7
OVRPB,372,ok,8.7646838817,8
OVRPB,373,ok,10.6525733785,9
OVRPB,374,ok,8.9658534609,9
OVRPB,375,ok,10.2416592392,8
OVRPB,376,ok,9.6658612744,10
OVRPB,377,ok,10.4468997215,9
OVRPB,378,ok,10.5438395229,10
OVRPB,379,ok,10.1454623619,8
OVRPB,380,ok,9.5690770279,8
OVRPB,381,ok,8.8043530965,8
OVRPB,382,ok,10.9643475847,8
OVRPB,383,ok,8.8827272838,5
OVRPB,384,ok,10.2064943326,9
OVRPB,385,ok,10.1483339127,7
OVRPB,386,ok,10.0523134506,8
OVRPB,387,ok,11.1112641920,9
OVRPB,388,ok,10.1722631592,11
OVRPB,389,ok,9.3334169959,9
OVRPB,390,ok,10.1934349639,7
OVRPB,391,ok,9.7875621863,7
OVRPB,392,ok,9.2686339804,9
OVRPB,393,ok,8.8263014866,8
OVRPB,394,ok,9.8463141369,8
OVRPB,395,ok,11.3648677816,9
OVRPB,396,ok,9.3758878406,8
OVRPB,397,ok,10.4771157909,9
OVRPB,398,ok,9.7092236303,8
OVRPB,399,ok,9.7406471442,7
OVRPB,400,ok,9.5765532855,7
OVRPB,401,ok,10.4649014047,8
OVRPB,402,ok,9.3113898075,8
OVRPB,403,ok,9.6920578819,9
OVRPB,404,ok,10.0215982248,9
OVRPB,405,ok,9.8564571151,9
OVRPB,406,ok,9.0048520486,7
OVRPB,407,ok,10.2216606319,10
OVRPB,408,ok,9.8490418788,8
OVRPB,409,ok,11.0172387291,7
OVRPB,410,ok,10.3189274883,6
OVRPB,411,ok,9.0350674835,10
OVRPB,412,ok,10.2079133679,8
OVRPB,413,ok,10.6657119211,7
OVRPB,414,ok,9.2843913590,8
OVRPB,415,ok,9.1937754967,7
OVRPB,416,ok,9.3052599570,7
OVRPB,417,ok,8.9862494708,7
OVRPB,418,ok,9.9688425253,7
OVRPB,419,ok,8.9672788163,8
OVRPB,420,ok,9.5917435854,9
OVRPB,421,ok,9.3007938753,8
OVRPB,422,ok,9.4903473483,7
OVRPB,423,ok,9.5514049392,8
OVRPB,424,ok,10.2195306295,7
OVRPB,425,ok,10.1836497663,8
OVRPB,426,ok,9.4913225866,8
OVRPB,427,ok,8.8352837734,9
OVRPB,428,ok,10.0801907470,9
OVRPB,429,ok,8.6743806266,11
OVRPB,430,ok,9.4830996612,7
OVRPB,431,ok,9.4568997483,9
OVRPB,432,ok,9.8754351291,8
OVRPB,433,ok,9.5729206269,7
OVRPB,434,ok,9.8423572636,8
OVRPB,435,ok,8.9823742520,8
OVRPB,436,ok,9.4284672289,7
OVRPB,437,ok,10.5741692737,7
OVRPB,438,ok,10.0891367348,7
OVRPB,439,ok,9.3582087140,8
OVRPB,440,ok,9.5481042409,8
OVRPB,441,ok,9.2001540710,9
OVRPB,442,ok,9.0881991141,10
OVRPB,443,ok,9.7931230631,9
OVRPB,444,ok,10.9500166019,9
OVRPB,445,ok,9.7237216336,7
OVRPB,446,ok,11.2138161650,9
OVRPB,447,ok,11.0895520204,8
OVRPB,448,ok,9.3758640020,7
OVRPB,449,ok,9.0410148044,7
OVRPB,450,ok,10.2932852694,8
OVRPB,451,ok,10.7787410193,10
OVRPB,452,ok,8.7934348567,7
OVRPB,453,ok,8.8297486290,8
OVRPB,454,ok,8.7456293233,7
OVRPB,455,ok,9.7285167230,7
OVRPB,456,ok,8.9905980794,9
OVRPB,457,ok,10.9228849550,8
OVRPB,458,ok,9.6481610909,9
OVRPB,459,ok,9.5193752866,8
OVRPB,460,ok,9.4559197534,9
OVRPB,461,ok,10.1402437431,8
OVRPB,462,ok,9.7488235616,7
OVRPB,463,ok,9.6031872009,7
OVRPB,464,ok,9.6136144925,9
OVRPB,465,ok,10.7176266508,8
OVRPB,466,ok,10.5194030002,8
OVRPB,467,ok,9.5095959941,8
OVRPB,468,ok,10.1671051322,8
OVRPB,469,ok,8.5616842786,8
OVRPB,470,ok,8.9915003768,8
OVRPB,471,ok,9.5724962880,8
OVRPB,472,ok,10.1113969797,7
OVRPB,473,ok,9.6480553981,8
OVRPB,474,ok,9.3604865309,6
OVRPB,475,ok,8.2927908302,11
OVRPB,476,ok,9.9301801820,8
OVRPB,477,ok,8.9338560203,8
OVRPB,478,ok,9.0705658508,6
OVRPB,479,ok,9.4535970074,8
OVRPB,480,ok,9.9769413688,10
OVRPB,481,ok,8.6025080148,6
OVRPB,482,ok,9.3147149935,7
OVRPB,483,ok,8.5952410528,8
OVRPB,484,ok,9.1296291546,8
OVRPB,485,ok,8.5813745311,6
OVRPB,486,ok,10.3075092946,8
OVRPB,487,ok,9.0556212757,8
OVRPB,488,ok,10.0477635651,8
OVRPB,489,ok,9.1581570644,7
OVRPB,490,ok,9.3087482758,8
OVRPB,491,ok,10.0126866994,8
OVRPB,492,ok,9.2958440019,8
OVRPB,493,ok,8.7321533235,9
OVRPB,494,ok,10.0195414731,9
OVRPB,495,ok,10.3673585865,6
OVRPB,496,ok,10.7444234401,8
OVRPB,497,ok,10.1656885975,9
OVRPB,498,ok,9.6317437181,7
OVRPB,499,ok,10.3638017531,7
OVRPB,500,ok,10.9898083230,8
OVRPB,501,ok,8.7853866972,9
OVRPB,502,ok,8.6116270842,8
OVRPB,503,ok,10.2855702735,8
OVRPB,504,ok,9.9274438018,7
OVRPB,505,ok,9.5942836592,9
OVRPB,506,ok,10.2388020151,9
OVRPB,507,ok,9.7439786987,9
OVRPB,508,ok,8.9294472903,8
OVRPB,509,ok,9.2129678932,9
OVRPB,510,ok,9.4571476470,10
OVRPB,511,ok,10.2800745203,9
OVRPB,512,ok,10.4450434491,9
OVRPB,513,ok,9.5595750161,8
OVRPB,514,ok,9.7483304360,7
OVRPB,515,ok,9.3879487872,8
OVRPB,516,ok,10.4430390826,8
OVRPB,517,ok,10.4717222622,9
OVRPB,518,ok,9.5101195454,9
OVRPB,519,ok,9.9394572997,8
OVRPB,520,ok,9.8009113961,11
OVRPB,521,ok,9.1984275220,7
OVRPB,522,ok,9.6022936090,9
OVRPB,523,ok,10.5436227758,7
OVRPB,524,ok,9.2226746277,9
OVRPB,525,ok,10.4983837300,7
OVRPB,526,ok,9.3905144020,11
OVRPB,527,ok,8.9315465861,8
OVRPB,528,ok,9.9867837091,8
OVRPB,529,ok,8.7913781056,6
OVRPB,530,ok,9.1139048438,8
OVRPB,531,ok,9.4381342692,8
OVRPB,532,ok,10.8410423142,8
OVRPB,533,ok,10.1166008386,9
OVRPB,534,ok,9.0099141955,8
OVRPB,535,ok,11.3278821223,7
OVRPB,536,ok,9.3181581557,9
OVRPB,537,ok,9.8384494358,8
OVRPB,538,ok,10.2385624773,8
OVRPB,539,ok,8.8091509401,8
OVRPB,540,ok,9.5410038104,10
OVRPB,541,ok,9.8015188768,8
OVRPB,542,ok,10.1101848898,7
OVRPB,543,ok,9.0501616130,6
OVRPB,544,ok,9.2214336815,7
OVRPB,545,ok,9.2369475629,9
OVRPB,546,ok,8.9919668805,7
OVRPB,547,ok,10.2588036123,10
OVRPB,548,ok,10.9704444753,9
OVRPB,549,ok,9.0178330739,9
OVRPB,550,ok,9.9964903119,8
OVRPB,551,ok,10.6537730756,8
OVRPB,552,ok,9.7204281945,8
OVRPB,553,ok,11.4572380710,9
OVRPB,554,ok,10.9419557457,6
OVRPB,555,ok,9.8798517256,9
OVRPB,556,ok,8.9873254104,10
OVRPB,557,ok,9.2604269960,9
OVRPB,558,ok,9.1106688429,10
OVRPB,559,ok,10.4456708663,8
OVRPB,560,ok,9.7231900942,7
OVRPB,561,ok,9.7284782651,9
OVRPB,562,ok,8.8595774522,8
OVRPB,563,ok,10.2626110896,7
OVRPB,564,ok,10.3906399884,8
OVRPB,565,ok,10.1951338432,8
OVRPB,566,ok,9.5159914348,7
OVRPB,567,ok,9.4540761924,8
OVRPB,568,ok,9.2621438887,9
OVRPB,569,ok,10.9530816822,7
OVRPB,570,ok,9.2444058120,9
OVRPB,571,ok,8.8240293018,9
OVRPB,572,ok,9.0106605329,6
OVRPB,573,ok,9.4284149315,8
OVRPB,574,ok,9.9028252655,8
OVRPB,575,ok,9.0794289470,9
OVRPB,576,ok,8.5899858684,8
OVRPB,577,ok,9.7377738652,8
OVRPB,578,ok,9.1318772589,8
OVRPB,579,ok,9.5266887788,8
OVRPB,580,ok,9.4469473537,9
OVRPB,581,ok,9.6821321785,6
OVRPB,582,ok,9.5584935680,7
OVRPB,583,ok,10.2909673595,8
OVRPB,584,ok,9.2548983836,6
OVRPB,585,ok,9.4233530941,8
OVRPB,586,ok,10.3035755709,8
OVRPB,587,ok,9.4392839649,9
OVRPB,588,ok,10.4443077587,10
OVRPB,589,ok,10.6804170801,9
OVRPB,590,ok,8.9701207211,7
OVRPB,591,ok,11.5168162520,9
OVRPB,592,ok,9.7473590122,6
OVRPB,593,ok,11.2893203554,10
OVRPB,594,ok,9.5435130028,8
OVRPB,595,ok,9.2758850277,7
OVRPB,596,ok,8.4012143339,8
OVRPB,597,ok,9.5385705296,7
OVRPB,598,ok,9.5717512113,9
OVRPB,599,ok,10.1755559800,8
OVRPB,600,ok,9.7422215549,7
OVRPB,601,ok,9.6056828270,8
OVRPB,602,ok,9.4361519080,6
OVRPB,603,ok,8.8811875675,9
OVRPB,604,ok,9.8610565825,8
OVRPB,605,ok,10.2576099692,8
OVRPB,606,ok,9.8874634563,7
OVRPB,607,ok,9.6464333766,9
OVRPB,608,ok,9.3768344169,9
OVRPB,609,ok,9.5920369014,7
OVRPB,610,ok,10.0230706054,10
OVRPB,611,ok,10.0688511937,7
OVRPB,612,ok,9.4866094213,8
OVRPB,613,ok,9.7469451837,9
OVRPB,614,ok,10.6599855642,9
OVRPB,615,ok,9.7540960343,9
OVRPB,616,ok,10.2959462325,9
OVRPB,617,ok,9.0976762315,8
OVRPB,618,ok,9.3714865293,9
OVRPB,619,ok,9.9940592280,7
OVRPB,620,ok,10.1506996853,9
OVRPB,621,ok,9.8205230968,7
OVRPB,622,ok,8.9252945233,8
OVRPB,623,ok,9.0466044626,8
OVRPB,624,ok,10.1191075778,10
OVRPB,625,ok,10.4933679050,8
OVRPB,626,ok,9.0612467909,6
OVRPB,627,ok,10.0430747230,8
OVRPB,628,ok,10.0264728537,7
OVRPB,629,ok,10.0268013583,7
OVRPB,630,ok,10.6561475978,10
OVRPB,631,ok,9.6154502618,7
OVRPB,632,ok,10.6950749093,10
OVRPB,633,ok,10.1539807215,8
OVRPB,634,ok,9.7047896435,8
OVRPB,635,ok,10.1314903655,7
OVRPB,636,ok,10.5130494870,7
OVRPB,637,ok,8.8798356041,8
OVRPB,638,ok,10.8856742702,7
OVRPB,639,ok,9.0376098887,7
OVRPB,640,ok,9.6298107904,7
OVRPB,641,ok,9.5487548177,8
OVRPB,642,ok,10.2319900739,9
OVRPB,643,ok,9.6339229758,7
OVRPB,644,ok,10.3974249417,8
OVRPB,645,ok,9.7051706688,9
OVRPB,646,ok,10.1605001551,9
OVRPB,647,ok,8.3031170387,8
OVRPB,648,ok,9.5389928489,9
OVRPB,649,ok,10.5801977287,8
OVRPB,650,ok,10.3174746801,7
OVRPB,651,ok,9.1930841526,8
OVRPB,652,ok,9.7640836515,6
OVRPB,653,ok,8.7269250720,8
OVRPB,654,ok,9.2345440794,9
OVRPB,655,ok,9.5217755843,7
OVRPB,656,ok,10.3998775667,7
OVRPB,657,ok,8.7201413600,8
OVRPB,658,ok,9.7311173197,7
OVRPB,659,ok,10.6862528294,7
OVRPB,660,ok,9.6116226777,7
OVRPB,661,ok,9.7512875822,9
OVRPB,662,ok,9.4689940772,7
OVRPB,663,ok,9.9726214131,8
OVRPB,664,ok,9.5934233078,10
OVRPB,665,ok,11.1208325556,10
OVRPB,666,ok,8.8659895236,10
OVRPB,667,ok,10.1989175138,8
OVRPB,668,ok,8.9641081447,10
OVRPB,669,ok,8.5164077868,10
OVRPB,670,ok,9.1695020018,7
OVRPB,671,ok,9.6384223986,8
OVRPB,672,ok,10.5079960677,9
OVRPB,673,ok,8.9896304398,8
OVRPB,674,ok,10.0493540141,7
OVRPB,675,ok,9.4498992526,8
OVRPB,676,ok,9.5975823137,7
OVRPB,677,ok,10.7749128616,8
OVRPB,678,ok,10.3623092602,8
OVRPB,679,ok,9.3234414281,9
OVRPB,680,ok,10.7056788163,10
OVRPB,681,ok,10.0599841785,7
OVRPB,682,ok,9.9369279147,9
OVRPB,683,ok,8.4324432348,8
OVRPB,684,ok,9.4213600360,9
OVRPB,685,ok,9.6931068854,10
OVRPB,686,ok,9.6277096280,9
OVRPB,687,ok,10.5391445976,8
OVRPB,688,ok,10.0295026042,6
OVRPB,689,ok,10.0289387566,8
OVRPB,690,ok,9.8387078162,7
OVRPB,691,ok,9.9730500543,8
OVRPB,692,ok,9.7206386596,9
OVRPB,693,ok,9.5438316271,8
OVRPB,694,ok,10.6065621250,9
OVRPB,695,ok,8.6553515250,6
OVRPB,696,ok,9.8873176593,8
OVRPB,697,ok,9.4505922644,9
OVRPB,698,ok,9.5351196674,8
OVRPB,699,ok,9.3428027752,9
OVRPB,700,ok,9.7802534296,9
OVRPB,701,ok,9.4981039149,9
OVRPB,702,ok,8.6031623141,11
OVRPB,703,ok,8.9335496614,8
OVRPB,704,ok,9.5039584763,10
OVRPB,705,ok,11.1869236528,10
OVRPB,706,ok,9.9985601026,9
OVRPB,707,ok,9.7773588938,8
OVRPB,708,ok,8.9877782423,8
OVRPB,709,ok,10.0140915814,6
OVRPB,710,ok,10.3733032604,8
OVRPB,711,ok,9.2612462361,8
OVRPB,712,ok,10.3577510811,9
OVRPB,713,ok,9.2475845603,6
OVRPB,714,ok,8.6217836365,8
OVRPB,715,ok,9.6358959737,7
OVRPB,716,ok,9.3242899741,9
OVRPB,717,ok,9.4034258372,8
OVRPB,718,ok,10.0355520676,8
OVRPB,719,ok,8.9654680753,8
OVRPB,720,ok,8.2183377952,9
OVRPB,721,ok,9.7688133783,7
OVRPB,722,ok,11.0032221948,8
OVRPB,723,ok,9.5723062642,9
OVRPB,724,ok,9.9385675136,9
OVRPB,725,ok,10.1763703398,10
OVRPB,726,ok,9.6481256390,7
OVRPB,727,ok,10.5461255715,7
OVRPB,728,ok,9.2888976965,8
OVRPB,729,ok,9.5271596234,8
OVRPB,730,ok,9.6417495757,7
OVRPB,731,ok,10.1573154986,9
OVRPB,732,ok,9.4154928096,9
OVRPB,733,ok,9.3166155200,8
OVRPB,734,ok,10.6373779933,10
OVRPB,735,ok,10.8742719940,7
OVRPB,736,ok,9.2701886005,6
OVRPB,737,ok,9.1040995899,8
OVRPB,738,ok,9.1955109432,7
OVRPB,739,ok,9.2345824000,8
OVRPB,740,ok,9.4046150721,7
OVRPB,741,ok,9.8809520330,10
OVRPB,742,ok,9.5668358848,8
OVRPB,743,ok,10.0152552583,7
OVRPB,744,ok,9.1799366624,9
OVRPB,745,ok,10.8283777509,9
OVRPB,746,ok,9.9919403908,9
OVRPB,747,ok,10.2779982992,9
OVRPB,748,ok,9.3007303799,9
OVRPB,749,ok,9.8772000552,7
OVRPB,750,ok,10.2593799921,11
OVRPB,751,ok,10.0872012892,9
OVRPB,752,ok,9.8380080317,7
OVRPB,753,ok,9.5637739033,8
OVRPB,754,ok,9.0455461022,6
OVRPB,755,ok,11.8600994155,8
OVRPB,756,ok,8.8414671718,8
OVRPB,757,ok,9.9767290734,9
OVRPB,758,ok,9.5247602040,8
OVRPB,759,ok,9.2747979519,6
OVRPB,760,ok,9.3273962699,9
OVRPB,761,ok,9.9238123952,7
OVRPB,762,ok,9.9966468142,7
OVRPB,763,ok,9.6997704441,7
OVRPB,764,ok,9.5413956834,9
OVRPB,765,ok,9.5029321903,9
OVRPB,766,ok,9.9198621217,8
OVRPB,767,ok,10.1030421110,8
OVRPB,768,ok,10.6496347641,9
OVRPB,769,ok,8.7715827966,9
OVRPB,770,ok,9.4448839170,8
OVRPB,771,ok,9.5373454508,7
OVRPB,772,ok,9.6451574302,7
OVRPB,773,ok,10.2273787394,9
OVRPB,774,ok,11.2804844142,6
OVRPB,775,ok,9.8588869856,7
OVRPB,776,ok,9.5252805363,9
OVRPB,777,ok,8.8549690765,7
OVRPB,778,ok,10.4705135446,9
OVRPB,779,ok,11.3648455712,7
OVRPB,780,ok,9.3780469431,7
OVRPB,781,ok,10.1115022677,7
OVRPB,782,ok,9.6694629197,10
OVRPB,783,ok,10.4582335004,7
OVRPB,784,ok,10.5239299924,8
OVRPB,785,ok,9.3936979054,6
OVRPB,786,ok,10.1468814373,7
OVRPB,787,ok,9.4755485320,8
OVRPB,788,ok,9.5329826081,8
OVRPB,789,ok,11.3091356641,9
OVRPB,790,ok,11.3643469269,7
OVRPB,791,ok,9.5772976167,8
OVRPB,792,ok,10.4360882106,6
OVRPB,793,ok,9.2317226106,9
OVRPB,794,ok,9.9556580611,8
OVRPB,795,ok,9.1324736658,9
OVRPB,796,ok,10.8218429633,8
OVRPB,797,ok,9.9112661588,8
OVRPB,798,ok,9.5809174535,7
OVRPB,799,ok,9.0109484023,7
OVRPB,800,ok,10.3342023847,8
OVRPB,801,ok,9.5723380827,8
OVRPB,802,ok,10.8326947634,8
OVRPB,803,ok,8.8968583514,7
OVRPB,804,ok,8.7756483085,9
OVRPB,805,ok,9.6730211066,7
OVRPB,806,ok,10.0574235449,8
OVRPB,807,ok,9.7700464403,7
OVRPB,808,ok,9.4203095897,8
OVRPB,809,ok,10.5837716456,8
OVRPB,810,ok,9.8941490764,8
OVRPB,811,ok,11.2740988532,7
OVRPB,812,ok,8.6095470204,7
OVRPB,813,ok,9.2040520746,7
OVRPB,814,ok,10.0835793663,8
OVRPB,815,ok,9.2099340610,7
OVRPB,816,ok,9.0233182330,8
OVRPB,817,ok,10.3423619986,8
OVRPB,818,ok,9.5788808152,7
OVRPB,819,ok,9.0275691628,8
OVRPB,820,ok,9.8830342068,10
OVRPB,821,ok,9.0733448779,8
OVRPB,822,ok,9.4514846608,7
OVRPB,823,ok,10.0006869181,7
OVRPB,824,ok,9.4395578860,8
OVRPB,825,ok,9.9311134024,7
OVRPB,826,ok,9.5991468084,9
OVRPB,827,ok,11.5330615981,7
OVRPB,828,ok,11.2325508380,7
OVRPB,829,ok,8.5514685700,9
OVRPB,830,ok,10.2612631585,9
OVRPB,831,ok,10.8109881575,9
OVRPB,832,ok,9.4221066029,6
OVRPB,833,ok,9.9826704114,8
OVRPB,834,ok,9.5618749208,10
OVRPB,835,ok,10.1511772730,9
OVRPB,836,ok,9.0189902569,9
OVRPB,837,ok,10.2258763977,8
OVRPB,838,ok,10.2163005566,8
OVRPB,839,ok,10.1030460863,8
OVRPB,840,ok,9.1932272903,7
OVRPB,841,ok,10.5987945675,7
OVRPB,842,ok,9.1740922873,6
OVRPB,843,ok,9.2043911199,7
OVRPB,844,ok,10.2381374308,9
OVRPB,845,ok,10.0504708067,9
OVRPB,846,ok,9.0058128378,7
OVRPB,847,ok,9.9551416419,7
OVRPB,848,ok,9.3230494838,7
OVRPB,849,ok,9.5140895757,8
OVRPB,850,ok,9.3923871841,8
OVRPB,851,ok,9.9687497802,9
OVRPB,852,ok,9.3995308714,8
OVRPB,853,ok,9.2930379143,7
OVRPB,854,ok,9.4880128238,8
OVRPB,855,ok,8.3855532185,9
OVRPB,856,ok,8.7488387414,8
OVRPB,857,ok,10.0500990673,8
OVRPB,858,ok,9.5655222662,7
OVRPB,859,ok,9.0894591301,8
OVRPB,860,ok,10.2588579051,8
OVRPB,861,ok,8.8923656826,7
OVRPB,862,ok,9.4687649219,8
OVRPB,863,ok,9.9210343810,8
OVRPB,864,ok,9.3756728440,7
OVRPB,865,ok,9.8751748703,8
OVRPB,866,ok,10.4356835213,10
OVRPB,867,ok,10.5116864431,8
OVRPB,868,ok,9.0606848406,8
OVRPB,869,ok,10.4434698710,8
OVRPB,870,ok,10.4021190257,7
OVRPB,871,ok,9.4902793300,9
OVRPB,872,ok,10.3432224214,7
OVRPB,873,ok,9.9956799043,7
OVRPB,874,ok,9.2602453289,9
OVRPB,875,ok,10.0631776405,6
OVRPB,876,ok,11.3614779022,7
OVRPB,877,ok,10.4790707236,7
OVRPB,878,ok,10.1630919808,6
OVRPB,879,ok,10.5979920390,6
OVRPB,880,ok,9.3921517019,9
OVRPB,881,ok,10.5273278486,7
OVRPB,882,ok,8.9332724328,7
OVRPB,883,ok,10.0838561259,10
OVRPB,884,ok,9.9795793410,7
OVRPB,885,ok,10.8685221497,8
OVRPB,886,ok,9.1721404814,7
OVRPB,887,ok,10.5356668611,11
OVRPB,888,ok,9.0308814744,8
OVRPB,889,ok,9.4971645418,6
OVRPB,890,ok,9.0838724546,8
OVRPB,891,ok,9.8981833418,10
OVRPB,892,ok,10.8425194927,8
OVRPB,893,ok,10.3933017932,8
OVRPB,894,ok,10.4147876364,9
OVRPB,895,ok,9.9430293554,10
OVRPB,896,ok,8.9564732286,6
OVRPB,897,ok,9.4152216107,9
OVRPB,898,ok,10.7313283164,11
OVRPB,899,ok,10.0285907088,8
OVRPB,900,ok,10.3870675812,8
OVRPB,901,ok,9.0774709711,8
OVRPB,902,ok,9.2435655804,6
OVRPB,903,ok,9.3021159856,6
OVRPB,904,ok,9.0485744501,7
OVRPB,905,ok,8.9990522408,8
OVRPB,906,ok,8.9971868521,9
OVRPB,907,ok,10.9648305337,7
OVRPB,908,ok,9.2300286300,6
OVRPB,909,ok,9.9183930134,9
OVRPB,910,ok,10.2570398163,7
OVRPB,911,ok,10.7045029294,9
OVRPB,912,ok,9.7985392086,7
OVRPB,913,ok,9.9046671227,6
OVRPB,914,ok,9.2140435749,10
OVRPB,915,ok,8.9591437903,8
OVRPB,916,ok,9.0499549829,9
OVRPB,917,ok,9.4547294376,7
OVRPB,918,ok,9.9304672304,8
OVRPB,919,ok,8.8356549904,9
OVRPB,920,ok,10.2638625869,8
OVRPB,921,ok,9.0348197415,8
OVRPB,922,ok,9.3542078362,8
OVRPB,923,ok,9.3209534276,8
OVRPB,924,ok,10.6670179361,7
OVRPB,925,ok,9.3068208871,6
OVRPB,926,ok,10.1886852335,8
OVRPB,927,ok,8.7620885824,8
OVRPB,928,ok,9.4960556576,10
OVRPB,929,ok,10.2825504492,10
OVRPB,930,ok,10.5806148587,6
OVRPB,931,ok,10.0401689179,8
OVRPB,932,ok,9.2270104234,7
OVRPB,933,ok,9.6322239626,7
OVRPB,934,ok,9.0004910152,8
OVRPB,935,ok,10.3316381907,6
OVRPB,936,ok,9.2398531222,10
OVRPB,937,ok,9.2532210987,7
OVRPB,938,ok,9.5339367627,9
OVRPB,939,ok,9.9412400706,7
OVRPB,940,ok,9.7268240383,9
OVRPB,941,ok,9.9329264480,7
OVRPB,942,ok,11.0807447366,8
OVRPB,943,ok,9.0029895097,7
OVRPB,944,ok,8.7636061323,8
OVRPB,945,ok,9.7947307485,8
OVRPB,946,ok,9.8190838123,7
OVRPB,947,ok,9.4600451434,10
OVRPB,948,ok,8.8904699111,7
OVRPB,949,ok,10.9072101769,8
OVRPB,950,ok,8.7250061639,7
OVRPB,951,ok,9.2762011894,8
OVRPB,952,ok,8.5455613958,8
OVRPB,953,ok,10.5164837711,7
OVRPB,954,ok,9.4402045021,8
OVRPB,955,ok,9.6844614655,7
OVRPB,956,ok,9.7821468529,7
OVRPB,957,ok,10.0141986757,10
OVRPB,958,ok,10.0703146054,7
OVRPB,959,ok,10.4195117950,11
OVRPB,960,ok,8.9908388415,6
OVRPB,961,ok,9.9934965336,7
OVRPB,962,ok,11.0183698196,8
OVRPB,963,ok,9.2870570150,9
OVRPB,964,ok,9.5754063496,7
OVRPB,965,ok,9.5163852963,6
OVRPB,966,ok,10.6653391232,8
OVRPB,967,ok,11.1913126717,8
OVRPB,968,ok,9.7208123090,7
OVRPB,969,ok,10.1640157282,9
OVRPB,970,ok,9.7847564072,8
OVRPB,971,ok,9.8828660723,8
OVRPB,972,ok,10.5378063358,7
OVRPB,973,ok,10.2158469286,7
OVRPB,974,ok,9.8749884037,9
OVRPB,975,ok,10.3043890038,7
OVRPB,976,ok,9.8389829439,9
OVRPB,977,ok,10.9379963350,8
OVRPB,978,ok,9.6425230048,8
OVRPB,979,ok,9.6409960363,8
OVRPB,980,ok,10.9809165635,8
OVRPB,981,ok,10.0357773305,9
OVRPB,982,ok,9.7808928545,7
OVRPB,983,ok,9.0825872160,8
OVRPB,984,ok,9.4241229100,6
OVRPB,985,ok,11.2322036898,9
OVRPB,986,ok,9.4636882627,9
OVRPB,987,ok,9.8412261550,9
OVRPB,988,ok,9.8884260944,8
OVRPB,989,ok,9.0644198680,7
OVRPB,990,ok,9.7917127143,8
OVRPB,991,ok,9.9887149725,8
OVRPB,992,ok,11.7798330997,7
OVRPB,993,ok,8.8890239356,9
OVRPB,994,ok,10.2139773699,9
OVRPB,995,ok,9.6848247875,12
OVRPB,996,ok,10.1382604588,9
OVRPB,997,ok,10.2404652445,8
OVRPB,998,ok,10.5048688758,8
OVRPB,999,ok,10.4803935696,9
OVRPL,0,ok,12.5715067422,12
OVRPL,1,ok,13.9468742529,13
OVRPL,2,ok,9.6887968731,13
OVRPL,3,ok,10.6009861505,16
OVRPL,4,ok,12.4468642148,12
OVRPL,5,ok,11.8885035764,14
OVRPL,6,ok,13.0795938286,12
OVRPL,7,ok,9.4841204055,12
OVRPL,8,ok,9.9738660421,14
OVRPL,9,ok,11.0080462175,12
OVRPL,10,ok,10.4339139038,13
OVRPL,11,ok,10.4970784411,12
OVRPL,12,ok,11.7081144025,11
OVRPL,13,ok,10.4083414950,14
OVRPL,14,ok,10.8975590096,13
OVRPL,15,ok,10.1758017718,12
OVRPL,16,ok,9.8810257959,14
OVRPL,17,ok,12.2552077748,11
OVRPL,18,ok,11.3380396220,14
OVRPL,19,ok,11.8768813186,10
OVRPL,20,ok,12.1270653791,12
OVRPL,21,ok,12.6961515209,16
OVRPL,22,ok,12.7639334415,12
OVRPL,23,ok,12.8751417593,13
OVRPL,24,ok,10.7804249726,12
OVRPL,25,ok,10.4161132236,13
OVRPL,26,ok,10.4985900626,14
OVRPL,27,ok,10.0946466478,12
OVRPL,28,ok,10.6019855532,15
OVRPL,29,ok,9.9347242812,13
OVRPL,30,ok,10.1602474019,12
OVRPL,31,ok,10.5526277513,12
OVRPL,32,ok,12.7050751651,11
OVRPL,33,ok,11.5166619049,13
OVRPL,34,ok,12.1766750982,12
OVRPL,35,ok,11.3706355038,11
OVRPL,36,ok,9.6632202858,13
OVRPL,37,ok,12.7866833818,12
OVRPL,38,ok,12.1948582744,13
OVRPL,39,ok,10.5504956009,13
OVRPL,40,ok,11.0213430206,12
OVRPL,41,ok,11.6815242008,14
OVRPL,42,ok,10.3983743591,12
OVRPL,43,ok,11.9143183081,14
OVRPL,44,ok,10.3268525273,12
OVRPL,45,ok,13.4790852586,13
OVRPL,46,ok,12.0204861845,12
OVRPL,47,ok,10.5436062652,12
OVRPL,48,ok,10.6794214031,15
OVRPL,49,ok,11.9347202559,13
OVRPL,50,ok,9.5733843740,14
OVRPL,51,ok,10.9356912212,12
OVRPL,52,ok,10.5523978750,15
OVRPL,53,ok,10.5003443023,12
OVRPL,54,ok,12.7221127541,12
OVRPL,55,ok,10.2958627097,13
OVRPL,56,ok,10.3821885589,12
OVRPL,57,ok,11.5029025332,12
OVRPL,58,ok,10.9403374828,11
OVRPL,59,ok,11.2304033520,15
OVRPL,60,ok,12.7039507484,14
OVRPL,61,ok,10.2941231920,12
OVRPL,62,ok,10.9216017122,13
OVRPL,63,ok,10.7645029680,12
OVRPL,64,ok,10.7248254170,13
OVRPL,65,ok,12.5169947762,13
OVRPL,66,ok,11.8261486469,12
OVRPL,67,ok,12.7675154119,13
OVRPL,68,ok,11.2459201965,14
OVRPL,69,ok,11.7528484616,14
OVRPL,70,ok,10.7013851004,12
OVRPL,71,ok,10.8452222202,14
OVRPL,72,ok,10.3724014613,13
OVRPL,73,ok,11.8067560283,12
OVRPL,74,ok,10.4902941911,13
OVRPL,75,ok,10.6560255699,11
OVRPL,76,ok,11.2597179515,15
OVRPL,77,ok,9.1514395300,12
OVRPL,78,ok,12.3390832311,13
OVRPL,79,ok,13.4542861068,13
OVRPL,80,ok,12.8455559159,14
OVRPL,81,ok,9.7346787538,12
OVRPL,82,ok,11.4874995561,12
OVRPL,83,ok,11.1921789901,13
OVRPL,84,ok,10.4229345912,14
OVRPL,85,ok,10.2409309681,14
OVRPL,86,ok,9.6742698280,12
OVRPL,87,ok,10.7689128388,14
OVRPL,88,ok,11.0541952449,11
OVRPL,89,ok,10.7550988891,12
OVRPL,90,ok,13.1300564601,14
OVRPL,91,ok,10.9715506163,13
OVRPL,92,ok,12.4762843589,14
OVRPL,93,ok,10.7702516132,14
OVRPL,94,ok,9.6787080023,12
OVRPL,95,ok,10.4603697936,13
OVRPL,96,ok,12.5568250768,10
OVRPL,97,ok,10.5429632244,13
OVRPL,98,ok,12.5891148731,12
OVRPL,99,ok,12.9682806831,15
OVRPL,100,ok,11.7214033007,12
OVRPL,101,ok,12.0359946069,12
OVRPL,102,ok,12.4658051104,12
OVRPL,103,ok,10.4644840841,12
OVRPL,104,ok,12.4179991597,12
OVRPL,105,ok,13.4539798206,14
OVRPL,106,ok,10.3869785652,11
OVRPL,107,ok,9.8116482491,12
OVRPL,108,ok,11.4102083210,12
OVRPL,109,ok,10.6841897998,13
OVRPL,110,ok,9.4163821148,10
OVRPL,111,ok,12.9530119444,12
OVRPL,112,ok,10.6034590260,13
OVRPL,113,ok,10.1370614312,13
OVRPL,114,ok,11.3577488798,13
OVRPL,115,ok,12.0710283500,13
OVRPL,116,ok,13.1974605611,12
OVRPL,117,ok,9.5398572931,12
OVRPL,118,ok,11.3487586222,13
OVRPL,119,ok,10.6995012384,13
OVRPL,120,ok,11.5677674347,13
OVRPL,121,ok,10.6477196752,12
OVRPL,122,ok,12.0394715252,11
OVRPL,123,ok,12.8744251144,13
OVRPL,124,ok,10.9915545272,12
OVRPL,125,ok,12.3055038074,16
OVRPL,126,ok,11.6762011684,14
OVRPL,127,ok,11.3911907378,15
OVRPL,128,ok,9.7385733545,13
OVRPL,129,ok,9.9185761602,12
OVRPL,130,ok,12.3245833458,13
OVRPL,131,ok,12.3626375490,13
OVRPL,132,ok,9.8610597906,12
OVRPL,133,ok,10.5412614834,13
OVRPL,134,ok,13.7778854817,12
OVRPL,135,ok,10.8401418187,14
OVRPL,136,ok,12.2197653308,12
OVRPL,137,ok,10.9139076607,12
OVRPL,138,ok,10.2896866695,11
OVRPL,139,ok,11.2082907149,13
OVRPL,140,ok,12.5833009684,12
OVRPL,141,ok,12.4429230285,12
OVRPL,142,ok,11.5120582300,15
OVRPL,143,ok,12.0254968264,11
OVRPL,144,ok,13.0056610597,13
OVRPL,145,ok,10.0790146976,13
OVRPL,146,ok,12.3982976623,13
OVRPL,147,ok,9.3816072591,14
OVRPL,148,ok,11.7474868053,13
OVRPL,149,ok,10.4659986514,13
OVRPL,150,ok,11.5055070841,12
OVRPL,151,ok,11.1572327087,13
OVRPL,152,ok,11.1800217745,12
OVRPL,153,ok,11.1524511289,12
OVRPL,154,ok,12.2253026263,11
OVRPL,155,ok,10.2235560335,14
OVRPL,156,ok,10.5264398640,13
OVRPL,157,ok,11.0136284602,13
OVRPL,158,ok,10.4804802385,13
OVRPL,159,ok,10.5416533547,11
OVRPL,160,ok,11.1224589531,12
OVRPL,161,ok,9.5494981762,14
OVRPL,162,ok,11.3066208550,11
OVRPL,163,ok,12.4160402416,13
OVRPL,164,ok,11.3367510896,11
OVRPL,165,ok,10.6010836825,13
OVRPL,166,ok,10.3786971354,14
OVRPL,167,ok,12.1932592081,14
OVRPL,168,ok,11.9567286295,14
OVRPL,169,ok,10.8642672363,12
OVRPL,170,ok,9.6589628360,13
OVRPL,171,ok,10.8218972104,15
OVRPL,172,ok,10.7166320829,11
OVRPL,173,ok,11.3648468995,14
OVRPL,174,ok,11.6955215351,14
OVRPL,175,ok,10.7066701095,12
OVRPL,176,ok,12.3530110290,12
OVRPL,177,ok,11.2524152978,14
OVRPL,178,ok,11.2688352259,12
OVRPL,179,ok,11.0463553072,12
OVRPL,180,ok,10.5742008357,13
OVRPL,181,ok,10.9424835396,13
OVRPL,182,ok,10.4137591969,12
OVRPL,183,ok,11.8621707481,12
OVRPL,184,ok,10.1454298800,15
OVRPL,185,ok,12.2542317092,13
OVRPL,186,ok,11.2296903007,13
OVRPL,187,ok,10.0866547544,14
OVRPL,188,ok,11.3184793593,13
OVRPL,189,ok,10.1514301838,13
OVRPL,190,ok,9.9801204178,13
OVRPL,191,ok,10.2218820515,12
OVRPL,192,ok,12.2599650443,12
OVRPL,193,ok,10.6156221146,14
OVRPL,194,ok,9.8569749375,14
OVRPL,195,ok,10.8428896149,13
OVRPL,196,ok,10.7472456564,12
OVRPL,197,ok,10.3109534792,13
OVRPL,198,ok,10.4460870932,12
OVRPL,199,ok,12.8213418459,13
OVRPL,200,ok,10.8845009297,12
OVRPL,201,ok,12.0714698750,12
OVRPL,202,ok,11.4146094676,13
OVRPL,203,ok,11.6709207499,11
OVRPL,204,ok,11.1387650346,13
OVRPL,205,ok,11.6734889098,14
OVRPL,206,ok,11.3214505914,15
OVRPL,207,ok,13.0002560472,13
OVRPL,208,ok,10.5357773338,12
OVRPL,209,ok,10.6847093635,11
OVRPL,210,ok,12.4595594830,15
OVRPL,211,ok,9.9444050473,14
OVRPL,212,ok,12.7171469101,13
OVRPL,213,ok,12.8122864002,13
OVRPL,214,ok,10.4203080156,14
OVRPL,215,ok,11.0956009045,13
OVRPL,216,ok,10.5618648778,14
OVRPL,217,ok,12.7799440458,12
OVRPL,218,ok,11.3102548316,11
OVRPL,219,ok,9.3914555485,12
OVRPL,220,ok,9.7732923897,13
OVRPL,221,ok,12.3995236315,12
OVRPL,222,ok,11.0473748722,13
OVRPL,223,ok,10.2462925872,13
OVRPL,224,ok,11.2114023122,12
OVRPL,225,ok,12.7667932096,11
OVRPL,226,ok,12.1083425229,12
OVRPL,227,ok,10.0872017318,13
OVRPL,228,ok,12.1228036963,13
OVRPL,229,ok,11.9268360500,11
OVRPL,230,ok,10.9009602493,13
OVRPL,231,ok,11.2596822222,13
OVRPL,232,ok,11.5126653684,14
OVRPL,233,ok,12.9804778161,13
OVRPL,234,ok,10.0034311620,13
OVRPL,235,ok,11.1019853054,12
OVRPL,236,ok,11.2740069518,14
OVRPL,237,ok,12.5089872441,13
OVRPL,238,ok,12.3899348529,10
OVRPL,239,ok,10.5428439836,12
OVRPL,240,ok,11.6069072095,11
OVRPL,241,ok,10.2595463808,13
OVRPL,242,ok,11.1607854490,15
OVRPL,243,ok,11.9101287452,12
OVRPL,244,ok,13.0501337485,13
OVRPL,245,ok,11.6970878623,12
OVRPL,246,ok,10.8999491054,10
OVRPL,247,ok,11.6492179387,11
OVRPL,248,ok,12.2659411685,12
OVRPL,249,ok,10.7541214366,15
OVRPL,250,ok,11.0357637756,12
OVRPL,251,ok,10.1276272406,13
OVRPL,252,ok,10.2634764053,12
OVRPL,253,ok,13.1543203011,15
OVRPL,254,ok,9.9342006498,12
OVRPL,255,ok,13.5380816358,11
OVRPL,256,ok,11.1126278138,13
OVRPL,257,ok,10.3191016922,12
OVRPL,258,ok,10.6850034485,12
OVRPL,259,ok,11.1757888895,15
OVRPL,260,ok,12.0622865834,12
OVRPL,261,ok,10.4254083619,13
OVRPL,262,ok,11.3925846673,13
OVRPL,263,ok,10.9914434952,11
OVRPL,264,ok,12.4702897490,13
OVRPL,265,ok,11.2254089718,13
OVRPL,266,ok,11.3269860312,13
OVRPL,267,ok,11.6201740906,14
OVRPL,268,ok,11.1618421027,12
OVRPL,269,ok,11.3321440472,12
OVRPL,270,ok,10.0273081606,13
OVRPL,271,ok,9.7181202597,12
OVRPL,272,ok,12.8784608112,14
OVRPL,273,ok,12.4284335799,11
OVRPL,274,ok,12.6379248288,13
OVRPL,275,ok,10.3870534398,14
OVRPL,276,ok,10.3420851006,13
OVRPL,277,ok,12.2850195965,12
OVRPL,278,ok,11.8894246165,11
OVRPL,279,ok,9.7143771919,12
OVRPL,280,ok,11.0266826747,11
OVRPL,281,ok,12.3249666510,15
OVRPL,282,ok,10.8254004956,12
OVRPL,283,ok,10.9716558976,12
OVRPL,284,ok,10.4151585490,12
OVRPL,285,ok,11.0298658650,13
OVRPL,286,ok,12.8599615341,15
OVRPL,287,ok,11.4963860288,13
OVRPL,288,ok,11.1282029771,13
OVRPL,289,ok,12.3600258966,12
OVRPL,290,ok,13.2922317971,12
OVRPL,291,ok,11.9472868548,10
OVRPL,292,ok,12.9723636604,13
OVRPL,293,ok,12.0250629097,12
OVRPL,294,ok,11.3409292306,13
OVRPL,295,ok,13.6946940257,15
OVRPL,296,ok,9.8664347384,15
OVRPL,297,ok,10.4429802233,13
OVRPL,298,ok,10.0691274187,14
OVRPL,299,ok,11.5389484158,14
OVRPL,300,ok,10.8401607769,12
OVRPL,301,ok,10.9305670947,13
OVRPL,302,ok,11.3068098839,14
OVRPL,303,ok,9.3389865292,14
OVRPL,304,ok,12.8106095282,12
OVRPL,305,ok,12.9171041248,12
OVRPL,306,ok,12.7166705869,11
OVRPL,307,ok,9.9424339214,13
OVRPL,308,ok,9.5764420248,12
OVRPL,309,ok,10.8806793705,13
OVRPL,310,ok,11.2177564300,14
OVRPL,311,ok,11.1134795270,14
OVRPL,312,ok,10.3195625805,16
OVRPL,313,ok,12.1475444201,13
OVRPL,314,ok,10.6993409579,14
OVRPL,315,ok,12.2684322494,11
OVRPL,316,ok,12.0968003216,13
OVRPL,317,ok,12.5031813689,13
OVRPL,318,ok,10.6707786945,15
OVRPL,319,ok,12.2161113845,13
OVRPL,320,ok,11.3929533862,14
OVRPL,321,ok,9.7519727165,13
OVRPL,322,ok,11.2129740516,14
OVRPL,323,ok,10.0446010253,12
OVRPL,324,ok,11.5630870380,11
OVRPL,325,ok,10.7001506372,14
OVRPL,326,ok,13.1334694399,15
OVRPL,327,ok,9.9020361797,12
OVRPL,328,ok,11.2336563767,14
OVRPL,329,ok,11.4384034102,12
OVRPL,330,ok,11.3725673819,15
OVRPL,331,ok,12.2621004955,12
OVRPL,332,ok,12.5491641497,12
OVRPL,333,ok,11.6263181046,12
OVRPL,334,ok,10.5120218227,14
OVRPL,335,ok,9.9518518151,13
OVRPL,336,ok,11.2344830788,12
OVRPL,337,ok,12.3469978948,13
OVRPL,338,ok,10.2978071877,13
OVRPL,339,ok,11.2962247477,12
OVRPL,340,ok,10.9861041940,13
OVRPL,341,ok,11.4622540844,11
OVRPL,342,ok,10.5164406422,13
OVRPL,343,ok,10.2660070755,14
OVRPL,344,ok,9.8076693760,12
OVRPL,345,ok,10.9051730079,12
OVRPL,346,ok,13.4872498110,12
OVRPL,347,ok,11.3110373689,15
OVRPL,348,ok,9.8229567788,13
OVRPL,349,ok,10.1193128068,11
OVRPL,350,ok,10.3044379962,12
OVRPL,351,ok,12.6937402966,13
OVRPL,352,ok,10.4099662590,12
OVRPL,353,ok,13.4177373519,12
OVRPL,354,ok,13.4602394353,12
OVRPL,355,ok,11.4867131552,12
OVRPL,356,ok,10.5733569484,11
OVRPL,357,ok,10.7660743777,12
OVRPL,358,ok,11.8903988154,14
OVRPL,359,ok,9.8949532600,14
OVRPL,360,ok,9.9481457126,13
OVRPL,361,ok,11.1920153691,15
OVRPL,362,ok,12.3362343370,12
OVRPL,363,ok,10.7335790882,14
OVRPL,364,ok,12.1644316478,14
OVRPL,365,ok,11.7418004983,13
OVRPL,366,ok,11.3807287615,14
OVRPL,367,ok,10.8743091288,12
OVRPL,368,ok,10.7360545155,12
OVRPL,369,ok,12.6123998722,11
OVRPL,370,ok,10.2385599445,17
OVRPL,371,ok,11.7571607666,14
OVRPL,372,ok,12.1650510815,13
OVRPL,373,ok,10.0734825258,13
OVRPL,374,ok,11.5345332223,14
OVRPL,375,ok,11.3374362416,14
OVRPL,376,ok,11.6922722106,13
OVRPL,377,ok,13.3228196264,14
OVRPL,378,ok,13.6353554871,12
OVRPL,379,ok,10.8980930455,12
OVRPL,380,ok,10.2695223962,11
OVRPL,381,ok,10.2770422707,13
OVRPL,382,ok,12.3907108600,13
OVRPL,383,ok,12.2758744429,11
OVRPL,384,ok,11.5116795420,11
OVRPL,385,ok,10.8284389592,11
OVRPL,386,ok,10.5898825727,14
OVRPL,387,ok,12.3453174700,13
OVRPL,388,ok,12.9184174304,11
OVRPL,389,ok,12.7576990516,13
OVRPL,390,ok,13.3623235943,12
OVRPL,391,ok,10.6569297766,13
OVRPL,392,ok,10.1376582688,12
OVRPL,393,ok,12.2438094768,11
OVRPL,394,ok,10.6382551811,13
OVRPL,395,ok,10.7377538590,13
OVRPL,396,ok,12.4032624567,11
OVRPL,397,ok,11.9440443702,13
OVRPL,398,ok,11.5570071725,12
OVRPL,399,ok,10.4432260640,13
OVRPL,400,ok,13.1697529688,13
OVRPL,401,ok,12.3056954181,13
OVRPL,402,ok,11.2656113707,12
OVRPL,403,ok,12.0189836446,12
OVRPL,404,ok,10.9790857055,12
OVRPL,405,ok,11.5988647739,12
OVRPL,406,ok,11.1698457968,11
OVRPL,407,ok,12.9982362698,14
OVRPL,408,ok,10.7693091907,13
OVRPL,409,ok,9.7377533180,12
OVRPL,410,ok,11.9105152625,12
OVRPL,411,ok,10.4129267514,14
OVRPL,412,ok,13.4205169380,12
OVRPL,413,ok,11.7518881065,12
OVRPL,414,ok,12.1678644269,13
OVRPL,415,ok,10.3984072210,12
OVRPL,416,ok,9.6572997959,14
OVRPL,417,ok,10.8514336715,14
OVRPL,418,ok,11.4280602043,13
OVRPL,419,ok,11.3195657772,15
OVRPL,420,ok,10.7373483879,14
OVRPL,421,ok,10.7382839476,12
OVRPL,422,ok,11.7801851262,14
OVRPL,423,ok,11.5752102762,14
OVRPL,424,ok,11.4675214776,15
OVRPL,425,ok,10.8126189416,14
OVRPL,426,ok,9.8997100005,12
OVRPL,427,ok,10.5500547217,11
OVRPL,428,ok,11.9420787521,14
OVRPL,429,ok,11.1063654449,13
OVRPL,430,ok,11.4464950992,14
OVRPL,431,ok,11.9966006141,12
OVRPL,432,ok,11.9649567913,13
OVRPL,433,ok,11.1969080646,13
OVRPL,434,ok,11.1345391984,12
OVRPL,435,ok,10.0659191762,13
OVRPL,436,ok,10.4587650163,12
OVRPL,437,ok,9.8503278881,12
OVRPL,438,ok,11.9456507605,16
OVRPL,439,ok,11.2074201503,13
OVRPL,440,ok,12.6047772750,15
OVRPL,441,ok,10.1033490513,14
OVRPL,442,ok,12.6480408328,11
OVRPL,443,ok,9.9913801827,13
OVRPL,444,ok,10.9963464101,13
OVRPL,445,ok,12.9382420507,12
OVRPL,446,ok,11.4177656128,14
OVRPL,447,ok,12.8814552667,12
OVRPL,448,ok,11.5571824470,14
OVRPL,449,ok,10.3944442647,14
OVRPL,450,ok,11.9958768859,13
OVRPL,451,ok,9.8489319992,12
OVRPL,452,ok,11.2771766127,12
OVRPL,453,ok,11.9682724648,11
OVRPL,454,ok,10.9572338605,14
OVRPL,455,ok,12.1969999201,12
OVRPL,456,ok,10.3915750961,14
OVRPL,457,ok,13.5079621919,12
OVRPL,458,ok,10.1984007568,13
OVRPL,459,ok,10.5209168693,13
OVRPL,460,ok,10.8710535820,14
OVRPL,461,ok,13.4027224474,14
OVRPL,462,ok,11.7853808320,14
OVRPL,463,ok,12.2621301048,13
OVRPL,464,ok,12.4885249853,10
OVRPL,465,ok,11.6006007252,12
OVRPL,466,ok,11.2588992356,12
OVRPL,467,ok,10.1154725681,11
OVRPL,468,ok,12.6300611752,13
OVRPL,469,ok,11.0941522460,13
OVRPL,470,ok,10.6266882780,12
OVRPL,471,ok,10.6358873680,13
OVRPL,472,ok,12.6109331966,13
OVRPL,473,ok,10.2119262312,12
OVRPL,474,ok,10.0560740815,14
OVRPL,475,ok,13.2466288776,11
OVRPL,476,ok,11.5830558147,13
OVRPL,477,ok,11.2639301379,12
OVRPL,478,ok,10.0593703715,12
OVRPL,479,ok,12.2946729091,13
OVRPL,480,ok,11.2342806132,12
OVRPL,481,ok,10.6243631350,12
OVRPL,482,ok,9.9418630224,12
OVRPL,483,ok,9.8143912912,13
OVRPL,484,ok,12.6800424087,12
OVRPL,485,ok,13.8124298505,11
OVRPL,486,ok,10.4437289854,12
OVRPL,487,ok,10.9366622421,12
OVRPL,488,ok,10.7142366710,12
OVRPL,489,ok,10.9100658260,14
OVRPL,490,ok,10.2993938129,13
OVRPL,491,ok,11.7906333477,12
OVRPL,492,ok,9.7463826075,12
OVRPL,493,ok,10.7022875974,12
OVRPL,494,ok,10.4249229622,14
OVRPL,495,ok,10.2870982004,14
OVRPL,496,ok,11.5273341770,14
OVRPL,497,ok,12.3008696582,13
OVRPL,498,ok,10.7174802630,12
OVRPL,499,ok,10.7340172590,15
OVRPL,500,ok,10.6451089568,11
OVRPL,501,ok,12.0064873693,12
OVRPL,502,ok,12.9964721669,11
OVRPL,503,ok,11.8225260404,13
OVRPL,504,ok,10.5725374089,12
OVRPL,505,ok,11.1799533714,12
OVRPL,506,ok,11.4774881573,12
OVRPL,507,ok,12.4447162323,12
OVRPL,508,ok,12.6465132675,10
OVRPL,509,ok,11.7830634380,12
OVRPL,510,ok,12.3311530088,13
OVRPL,511,ok,12.6407293939,13
OVRPL,512,ok,10.1144394295,12
OVRPL,513,ok,11.3115198754,12
OVRPL,514,ok,11.0462395297,14
OVRPL,515,ok,10.7778901896,14
OVRPL,516,ok,10.2414961985,14
OVRPL,517,ok,10.9730655180,14
OVRPL,518,ok,10.1601982382,12
OVRPL,519,ok,10.9843248004,11
OVRPL,520,ok,12.3891597610,11
OVRPL,521,ok,10.4494104894,12
OVRPL,522,ok,10.1005770202,13
OVRPL,523,ok,11.6940993625,13
OVRPL,524,ok,13.2597745084,11
OVRPL,525,ok,11.1704112624,14
OVRPL,526,ok,10.9405068253,15
OVRPL,527,ok,11.2575134947,13
OVRPL,528,ok,11.6728067260,13
OVRPL,529,ok,11.2158249754,12
OVRPL,530,ok,10.1370504616,14
OVRPL,531,ok,11.1829266890,12
OVRPL,532,ok,10.8648058137,12
OVRPL,533,ok,10.8680564830,13
OVRPL,534,ok,12.4426349276,12
OVRPL,535,ok,11.1264105156,13
OVRPL,536,ok,9.9464587920,14
OVRPL,537,ok,10.9528657568,12
OVRPL,538,ok,12.6937692682,14
OVRPL,539,ok,14.2544636220,11
OVRPL,540,ok,10.5422872548,13
OVRPL,541,ok,11.0877714152,13
OVRPL,542,ok,9.5107032612,13
OVRPL,543,ok,11.2924865094,12
OVRPL,544,ok,12.0236660679,12
OVRPL,545,ok,13.7474897765,14
OVRPL,546,ok,12.7903276861,13
OVRPL,547,ok,10.0030769251,11
OVRPL,548,ok,11.3781734639,12
OVRPL,549,ok,10.6722660031,13
OVRPL,550,ok,11.6306086144,13
OVRPL,551,ok,9.6878650484,13
OVRPL,552,ok,10.3547177090,13
OVRPL,553,ok,10.7262960148,14
OVRPL,554,ok,11.8105918803,12
OVRPL,555,ok,11.4745646378,11
OVRPL,556,ok,12.0400882725,13
OVRPL,557,ok,9.9810629752,12
OVRPL,558,ok,10.7133074897,13
OVRPL,559,ok,11.1939758329,13
OVRPL,560,ok,10.4118868077,11
OVRPL,561,ok,11.4543064472,10
OVRPL,562,ok,11.7591248533,12
OVRPL,563,ok,11.4695460121,14
OVRPL,564,ok,9.5925757195,13
OVRPL,565,ok,10.9665348626,13
OVRPL,566,ok,9.9117558635,11
OVRPL,567,ok,11.4102347183,14
OVRPL,568,ok,11.0987660533,15
OVRPL,569,ok,11.9615818912,14
OVRPL,570,ok,10.9622830697,13
OVRPL,571,ok,9.8498836376,13
OVRPL,572,ok,11.9999095562,16
OVRPL,573,ok,11.2492001726,13
OVRPL,574,ok,11.1007814663,14
OVRPL,575,ok,10.1567098027,14
OVRPL,576,ok,11.7755235585,13
OVRPL,577,ok,10.3784996216,16
OVRPL,578,ok,11.9577959323,13
OVRPL,579,ok,10.4470006781,12
OVRPL,580,ok,11.8461229314,13
OVRPL,581,ok,10.2264234439,13
OVRPL,582,ok,10.4533311052,13
OVRPL,583,ok,9.9895617052,12
OVRPL,584,ok,13.0647031454,11
OVRPL,585,ok,11.0528403606,12
OVRPL,586,ok,10.6255299284,14
OVRPL,587,ok,12.7749192817,12
OVRPL,588,ok,10.5963419788,13
OVRPL,589,ok,11.6337629287,11
OVRPL,590,ok,11.2589359793,12
OVRPL,591,ok,10.0116024351,13
OVRPL,592,ok,10.7809350143,14
OVRPL,593,ok,11.3686097898,12
OVRPL,594,ok,10.6554843485,13
OVRPL,595,ok,11.4256664838,12
OVRPL,596,ok,10.5914997859,14
OVRPL,597,ok,11.6044707346,14
OVRPL,598,ok,10.0241517459,12
OVRPL,599,ok,11.2722177233,13
OVRPL,600,ok,11.2114196342,12
OVRPL,601,ok,11.7357089218,12
OVRPL,602,ok,12.3089770712,11
OVRPL,603,ok,10.5586426092,14
OVRPL,604,ok,10.9744363880,12
OVRPL,605,ok,13.1703760667,12
OVRPL,606,ok,9.5654015566,13
OVRPL,607,ok,11.3492144710,14
OVRPL,608,ok,11.3914338795,14
OVRPL,609,ok,13.6343784063,14
OVRPL,610,ok,10.5317989119,13
OVRPL,611,ok,12.1898114167,12
OVRPL,612,ok,10.3430585331,13
OVRPL,613,ok,10.8328995519,13
OVRPL,614,ok,12.0237214218,14
OVRPL,615,ok,10.1081639705,12
OVRPL,616,ok,11.9200808061,12
OVRPL,617,ok,12.4845872208,13
OVRPL,618,ok,10.8285942180,13
OVRPL,619,ok,10.1849584769,12
OVRPL,620,ok,10.8318629318,13
OVRPL,621,ok,10.5213242009,13
OVRPL,622,ok,9.8548168518,14
OVRPL,623,ok,9.5504554371,11
OVRPL,624,ok,11.5413873190,14
OVRPL,625,ok,11.6555288552,13
OVRPL,626,ok,9.5227562260,14
OVRPL,627,ok,10.2095774129,14
OVRPL,628,ok,11.0156924407,13
OVRPL,629,ok,9.6454652322,11
OVRPL,630,ok,10.4706571855,14
OVRPL,631,ok,11.1502437799,13
OVRPL,632,ok,12.2303106851,13
OVRPL,633,ok,12.3919805339,14
OVRPL,634,ok,10.2557112324,15
OVRPL,635,ok,12.8853987349,12
OVRPL,636,ok,11.2666916684,12
OVRPL,637,ok,10.8670668757,14
OVRPL,638,ok,11.7457538913,15
OVRPL,639,ok,11.1487120923,13
OVRPL,640,ok,10.9844621125,16
OVRPL,641,ok,10.9687748629,12
OVRPL,642,ok,12.2550258999,13
OVRPL,643,ok,10.0759295380,12
OVRPL,644,ok,11.2392614290,12
OVRPL,645,ok,11.1118507721,13
OVRPL,646,ok,11.0922855420,14
OVRPL,647,ok,11.8132720490,13
OVRPL,648,ok,11.6061447070,13
OVRPL,649,ok,11.4260226361,11
OVRPL,650,ok,11.3092955826,13
OVRPL,651,ok,10.5502475560,11
OVRPL,652,ok,10.2231078943,14
OVRPL,653,ok,11.3932683494,13
OVRPL,654,ok,11.0283969816,14
OVRPL,655,ok,11.0750325945,12
OVRPL,656,ok,10.2165585122,12
OVRPL,657,ok,11.4527327745,12
OVRPL,658,ok,10.8623993935,12
OVRPL,659,ok,12.7018687811,12
OVRPL,660,ok,12.4876787180,12
OVRPL,661,ok,11.1116162082,12
OVRPL,662,ok,11.7080053976,15
OVRPL,663,ok,10.1704401525,16
OVRPL,664,ok,12.8626284607,13
OVRPL,665,ok,10.6958710791,11
OVRPL,666,ok,12.0027920726,12
OVRPL,667,ok,9.5351718449,11
OVRPL,668,ok,11.5311248513,12
OVRPL,669,ok,10.6898450495,12
OVRPL,670,ok,11.3013354784,12
OVRPL,671,ok,11.9703530002,12
OVRPL,672,ok,11.7780125442,12
OVRPL,673,ok,11.2157659250,13
OVRPL,674,ok,10.9248781584,12
OVRPL,675,ok,10.7289075521,11
OVRPL,676,ok,9.3995680861,10
OVRPL,677,ok,10.2279438501,12
OVRPL,678,ok,11.1881070451,12
OVRPL,679,ok,11.5534440946,12
OVRPL,680,ok,11.8089111472,12
OVRPL,681,ok,10.4740217552,13
OVRPL,682,ok,11.5531504971,13
OVRPL,683,ok,10.2985030842,12
OVRPL,684,ok,11.1995209681,12
OVRPL,685,ok,10.4675175439,12
OVRPL,686,ok,12.2282926735,12
OVRPL,687,ok,10.9723772323,11
OVRPL,688,ok,11.0085636503,13
OVRPL,689,ok,11.1789906351,12
OVRPL,690,ok,11.0311021536,14
OVRPL,691,ok,12.1139897478,14
OVRPL,692,ok,9.6027563741,12
OVRPL,693,ok,11.2355038950,13
OVRPL,694,ok,10.3832577249,13
OVRPL,695,ok,10.0871524586,13
OVRPL,696,ok,11.4247424957,13
OVRPL,697,ok,11.6906614474,12
OVRPL,698,ok,9.7509960347,12
OVRPL,699,ok,11.1373339439,12
OVRPL,700,ok,12.0238891628,14
OVRPL,701,ok,11.3228731952,13
OVRPL,702,ok,10.9122263544,12
OVRPL,703,ok,10.7676323172,12
OVRPL,704,ok,11.9486638845,12
OVRPL,705,ok,12.1837776202,14
OVRPL,706,ok,11.8773254463,12
OVRPL,707,ok,10.7145100458,12
OVRPL,708,ok,12.9616153283,13
OVRPL,709,ok,10.7942117971,12
OVRPL,710,ok,10.1715694934,13
OVRPL,711,ok,12.0999322605,15
OVRPL,712,ok,12.9448507643,12
OVRPL,713,ok,10.4690547749,13
OVRPL,714,ok,11.4338581821,12
OVRPL,715,ok,10.8489297742,13
OVRPL,716,ok,12.0060659158,14
OVRPL,717,ok,10.5558979528,12
OVRPL,718,ok,11.9886759855,12
OVRPL,719,ok,11.5973815342,11
OVRPL,720,ok,10.4024232271,14
OVRPL,721,ok,12.5542250620,14
OVRPL,722,ok,11.4250048536,14
OVRPL,723,ok,14.1099342136,13
OVRPL,724,ok,10.1446018957,15
OVRPL,725,ok,10.3461856556,14
OVRPL,726,ok,10.4323055035,13
OVRPL,727,ok,12.3428887976,12
OVRPL,728,ok,9.9355963188,16
OVRPL,729,ok,12.2320752332,13
OVRPL,730,ok,13.2733777402,11
OVRPL,731,ok,11.4161646432,12
OVRPL,732,ok,11.4590322311,12
OVRPL,733,ok,9.7847223136,14
OVRPL,734,ok,13.1207959404,13
OVRPL,735,ok,9.7920708510,11
OVRPL,736,ok,13.6232689657,13
OVRPL,737,ok,9.8527221212,15
OVRPL,738,ok,10.6400388740,10
OVRPL,739,ok,10.6225507666,13
OVRPL,740,ok,11.6269774574,14
OVRPL,741,ok,9.8931481860,12
OVRPL,742,ok,12.9051639898,12
OVRPL,743,ok,12.1828741418,12
OVRPL,744,ok,12.4046169119,12
OVRPL,745,ok,10.3943187637,14
OVRPL,746,ok,12.1413421588,13
OVRPL,747,ok,10.5859111254,14
OVRPL,748,ok,11.3460832683,12
OVRPL,749,ok,12.5832479575,13
OVRPL,750,ok,13.0789853895,13
OVRPL,751,ok,12.3419523222,12
OVRPL,752,ok,11.1077719071,14
OVRPL,753,ok,12.1042099089,13
OVRPL,754,ok,10.3086848372,13
OVRPL,755,ok,10.6597938357,13
OVRPL,756,ok,11.0257197139,13
OVRPL,757,ok,11.9638717779,12
OVRPL,758,ok,11.7214475348,15
OVRPL,759,ok,10.9076878126,12
OVRPL,760,ok,9.9378260273,16
OVRPL,761,ok,10.8260770275,14
OVRPL,762,ok,12.7401936356,14
OVRPL,763,ok,10.9666541080,12
OVRPL,764,ok,11.6471442881,13
OVRPL,765,ok,9.7880632930,12
OVRPL,766,ok,10.0315247089,12
OVRPL,767,ok,10.6747868440,13
OVRPL,768,ok,11.5515937199,13
OVRPL,769,ok,12.6251108351,11
OVRPL,770,ok,10.3924097737,12
OVRPL,771,ok,12.1675555048,14
OVRPL,772,ok,12.1475375860,14
OVRPL,773,ok,10.7152617744,13
OVRPL,774,ok,10.4098402584,13
OVRPL,775,ok,11.2001386493,13
OVRPL,776,ok,10.5499909127,13
OVRPL,777,ok,11.0035830169,12
OVRPL,778,ok,9.6129496286,11
OVRPL,779,ok,11.4019960620,11
OVRPL,780,ok,12.8980370829,12
OVRPL,781,ok,12.1374650595,12
OVRPL,782,ok,10.4746925250,12
OVRPL,783,ok,11.8846624890,15
OVRPL,784,ok,10.6267571572,13
OVRPL,785,ok,13.0704393160,13
OVRPL,786,ok,12.5909895210,11
OVRPL,787,ok,12.1377590761,16
OVRPL,788,ok,10.8104513118,11
OVRPL,789,ok,11.7043734635,13
OVRPL,790,ok,10.0400497312,14
OVRPL,791,ok,12.8260398517,13
OVRPL,792,ok,9.7144686844,14
OVRPL,793,ok,11.3183672158,13
OVRPL,794,ok,10.3453502161,11
OVRPL,795,ok,11.1592594628,13
OVRPL,796,ok,10.2874011358,13
OVRPL,797,ok,12.6655339432,12
OVRPL,798,ok,10.4193397147,12
OVRPL,799,ok,11.8206212798,12
OVRPL,800,ok,12.0255314607,13
OVRPL,801,ok,10.2128738298,12
OVRPL,802,ok,10.6691325034,12
OVRPL,803,ok,10.5164701358,14
OVRPL,804,ok,12.1157591375,12
OVRPL,805,ok,11.2126148943,14
OVRPL,806,ok,10.4281572344,13
OVRPL,807,ok,10.6280975272,12
OVRPL,808,ok,11.2714748899,12
OVRPL,809,ok,9.9849416398,12
OVRPL,810,ok,10.6834500612,13
OVRPL,811,ok,9.8003995359,12
OVRPL,812,ok,11.6073989083,11
OVRPL,813,ok,11.4153592922,11
OVRPL,814,ok,11.4487489929,11
OVRPL,815,ok,11.3557189144,12
OVRPL,816,ok,9.8085497649,13
OVRPL,817,ok,10.9542481744,13
OVRPL,818,ok,12.3352496777,14
OVRPL,819,ok,11.5103143684,14
OVRPL,820,ok,9.9610042658,13
OVRPL,821,ok,11.9887502219,13
OVRPL,822,ok,12.1655987080,14
OVRPL,823,ok,11.0346168328,13
OVRPL,824,ok,10.3880628915,15
OVRPL,825,ok,11.7853234340,13
OVRPL,826,ok,13.2715251664,12
OVRPL,827,ok,9.7833473586,13
OVRPL,828,ok,11.4052274785,13
OVRPL,829,ok,11.5173686477,15
OVRPL,830,ok,11.3279438573,13
OVRPL,831,ok,11.2593150017,15
OVRPL,832,ok,9.1914960823,11
OVRPL,833,ok,9.9423222473,13
OVRPL,834,ok,11.9207435422,14
OVRPL,835,ok,10.3185173325,14
OVRPL,836,ok,9.9902486961,12
OVRPL,837,ok,11.0852011259,16
OVRPL,838,ok,10.8124046887,12
OVRPL,839,ok,10.8657934866,13
OVRPL,840,ok,10.1614730230,12
OVRPL,841,ok,10.8084632483,12
OVRPL,842,ok,11.7548527390,13
OVRPL,843,ok,11.2233753848,13
OVRPL,844,ok,11.1239088826,14
OVRPL,845,ok,11.9277129225,13
OVRPL,846,ok,10.7013436503,11
OVRPL,847,ok,11.2035106022,13
OVRPL,848,ok,10.3786981303,12
OVRPL,849,ok,11.0554005314,13
OVRPL,850,ok,11.7814680110,13
OVRPL,851,ok,10.0318905462,14
OVRPL,852,ok,10.5928316941,15
OVRPL,853,ok,12.2042830424,14
OVRPL,854,ok,10.4814734593,15
OVRPL,855,ok,10.1265768051,14
OVRPL,856,ok,10.7055876509,12
OVRPL,857,ok,11.3473252895,15
OVRPL,858,ok,10.4506354902,13
OVRPL,859,ok,11.7807861924,12
OVRPL,860,ok,10.5342154188,13
OVRPL,861,ok,12.8388870778,11
OVRPL,862,ok,10.8170232437,14
OVRPL,863,ok,11.2084756163,12
OVRPL,864,ok,11.4851390641,15
OVRPL,865,ok,10.8607561466,12
OVRPL,866,ok,10.6508551030,14
OVRPL,867,ok,12.2427713016,16
OVRPL,868,ok,11.6037307438,12
OVRPL,869,ok,11.1193333789,12
OVRPL,870,ok,10.9376497467,15
OVRPL,871,ok,11.7644863187,12
OVRPL,872,ok,11.4355776384,12
OVRPL,873,ok,9.6103139770,14
OVRPL,874,ok,10.2606735118,13
OVRPL,875,ok,11.8641127655,12
OVRPL,876,ok,10.5849739233,11
OVRPL,877,ok,11.5840236349,14
OVRPL,878,ok,10.3736131093,12
OVRPL,879,ok,10.9831278774,14
OVRPL,880,ok,9.9369831350,13
OVRPL,881,ok,9.7975625452,12
OVRPL,882,ok,12.3697007296,13
OVRPL,883,ok,11.8177151285,13
OVRPL,884,ok,11.8492885894,13
OVRPL,885,ok,11.3743882178,12
OVRPL,886,ok,12.2639224313,13
OVRPL,887,ok,11.0864664629,12
OVRPL,888,ok,11.5008956708,13
OVRPL,889,ok,10.6292195005,14
OVRPL,890,ok,13.1894925598,13
OVRPL,891,ok,11.6581725540,13
OVRPL,892,ok,11.3143959814,14
OVRPL,893,ok,10.7623899626,15
OVRPL,894,ok,9.6383668958,13
OVRPL,895,ok,10.8168979499,14
OVRPL,896,ok,11.7303341251,13
OVRPL,897,ok,9.9716320467,13
OVRPL,898,ok,10.5897273754,13
OVRPL,899,ok,11.2076657953,11
OVRPL,900,ok,11.7675928424,14
OVRPL,901,ok,11.9922816599,13
OVRPL,902,ok,10.5279153757,13
OVRPL,903,ok,11.4340463984,14
OVRPL,904,ok,12.5137797100,14
OVRPL,905,ok,10.7893937345,12
OVRPL,906,ok,10.0814499547,12
OVRPL,907,ok,12.3417033010,11
OVRPL,908,ok,9.6959849783,13
OVRPL,909,ok,10.7060789843,11
OVRPL,910,ok,11.6473135266,12
OVRPL,911,ok,9.6945764355,13
OVRPL,912,ok,11.1427268776,13
OVRPL,913,ok,12.0481605078,13
OVRPL,914,ok,12.4873635632,12
OVRPL,915,ok,13.2746436937,12
OVRPL,916,ok,10.3735530530,13
OVRPL,917,ok,12.0009837146,15
OVRPL,918,ok,10.6083873110,11
OVRPL,919,ok,10.8060933397,13
OVRPL,920,ok,11.2450116023,12
OVRPL,921,ok,11.8552995037,13
OVRPL,922,ok,11.2257902806,12
OVRPL,923,ok,11.0348345800,12
OVRPL,924,ok,11.2745836596,13
OVRPL,925,ok,11.1119237929,15
OVRPL,926,ok,10.7882415875,11
OVRPL,927,ok,12.1500323796,11
OVRPL,928,ok,11.3000017699,14
OVRPL,929,ok,10.0158965344,13
OVRPL,930,ok,12.1484257741,12
OVRPL,931,ok,11.7303779454,12
OVRPL,932,ok,10.5700042275,16
OVRPL,933,ok,11.0326136546,14
OVRPL,934,ok,10.8326388663,12
OVRPL,935,ok,11.5381114508,13
OVRPL,936,ok,12.0516711261,15
OVRPL,937,ok,11.6774314887,13
OVRPL,938,ok,12.4559351928,12
OVRPL,939,ok,10.7473462736,13
OVRPL,940,ok,12.4958728738,12
OVRPL,941,ok,12.3465616182,14
OVRPL,942,ok,11.0568053938,12
OVRPL,943,ok,11.7528670745,14
OVRPL,944,ok,12.4104650595,13
OVRPL,945,ok,10.8278387066,13
OVRPL,946,ok,12.3243671437,13
OVRPL,947,ok,9.9886571938,12
OVRPL,948,ok,11.4642545631,13
OVRPL,949,ok,9.5696076874,12
OVRPL,950,ok,12.6752012069,15
OVRPL,951,ok,12.8504870049,13
OVRPL,952,ok,13.5367110078,15
OVRPL,953,ok,11.0653989497,13
OVRPL,954,ok,11.9481692131,13
OVRPL,955,ok,9.6878354840,13
OVRPL,956,ok,11.6639466475,14
OVRPL,957,ok,11.3240945576,14
OVRPL,958,ok,10.9188041429,11
OVRPL,959,ok,10.9408923688,12
OVRPL,960,ok,9.6758611985,14
OVRPL,961,ok,12.0465342655,13
OVRPL,962,ok,10.4728661526,11
OVRPL,963,ok,12.8778780476,13
OVRPL,964,ok,11.5962252230,11
OVRPL,965,ok,11.5793888608,11
OVRPL,966,ok,10.8870573160,12
OVRPL,967,ok,10.4126002887,14
OVRPL,968,ok,10.4096135651,13
OVRPL,969,ok,10.7271671403,14
OVRPL,970,ok,11.7438858065,11
OVRPL,971,ok,9.9880571494,13
OVRPL,972,ok,11.7566096873,13
OVRPL,973,ok,10.6120818435,13
OVRPL,974,ok,10.8029109673,14
OVRPL,975,ok,10.5249478934,14
OVRPL,976,ok,9.8408493358,15
OVRPL,977,ok,10.5750281552,12
OVRPL,978,ok,11.6684032912,13
OVRPL,979,ok,10.3255120871,11
OVRPL,980,ok,9.9393095054,13
OVRPL,981,ok,10.1477853030,12
OVRPL,982,ok,11.5578525700,13
OVRPL,983,ok,10.1145871867,11
OVRPL,984,ok,12.0764003753,14
OVRPL,985,ok,9.4555744697,13
OVRPL,986,ok,12.5772622919,14
OVRPL,987,ok,12.3110229712,15
OVRPL,988,ok,13.1183216138,13
OVRPL,989,ok,11.3453993819,14
OVRPL,990,ok,11.1902784172,14
OVRPL,991,ok,11.6120186926,13
OVRPL,992,ok,10.9537682107,13
OVRPL,993,ok,12.4982259556,12
OVRPL,994,ok,11.3939415342,12
OVRPL,995,ok,9.9139558695,12
OVRPL,996,ok,11.6449054583,12
OVRPL,997,ok,10.5050282554,13
OVRPL,998,ok,11.1096186572,13
OVRPL,999,ok,11.0896705183,13
VRPBL,0,ok,11.9059042120,6
VRPBL,1,ok,12.7672559083,7
VRPBL,2,ok,11.8110398355,6
VRPBL,3,ok,12.2635265934,7
VRPBL,4,ok,13.5442709931,7
VRPBL,5,ok,13.5887579618,6
VRPBL,6,ok,10.8370545295,7
VRPBL,7,ok,9.8767192549,6
VRPBL,8,ok,11.5082832105,7
VRPBL,9,ok,11.8867347776,6
VRPBL,10,ok,10.8287535634,6
VRPBL,11,ok,11.4878279091,6
VRPBL,12,ok,10.6215155510,6
VRPBL,13,ok,14.5331742736,7
VRPBL,14,ok,12.7210848060,6
VRPBL,15,ok,14.4745263488,7
VRPBL,16,ok,12.6028262036,7
VRPBL,17,ok,11.1608764346,6
VRPBL,18,ok,11.2488523018,7
VRPBL,19,ok,11.0557361315,8
VRPBL,20,ok,14.7705598849,7
VRPBL,21,ok,13.1900129858,7
VRPBL,22,ok,11.3256219125,7
VRPBL,23,ok,10.7558515030,6
VRPBL,24,ok,11.1656367155,7
VRPBL,25,ok,11.1159167810,6
VRPBL,26,ok,13.1522241530,7
VRPBL,27,ok,15.2808312747,7
VRPBL,28,ok,11.9575124636,8
VRPBL,29,ok,11.7037828951,7
VRPBL,30,ok,11.8090686350,6
VRPBL,31,ok,13.1772850775,6
VRPBL,32,ok,13.1648684465,7
VRPBL,33,ok,13.2590162781,7
VRPBL,34,ok,11.7002508815,7
VRPBL,35,ok,11.1453410914,7
VRPBL,36,ok,11.6492453749,7
VRPBL,37,ok,12.3184660253,7
VRPBL,38,ok,11.4031377121,7
VRPBL,39,ok,14.2247747869,8
VRPBL,40,ok,12.2035831405,7
VRPBL,41,ok,11.7763085840,7
VRPBL,42,ok,12.2945301918,7
VRPBL,43,ok,13.5447201882,8
VRPBL,44,ok,13.9444835081,6
VRPBL,45,ok,12.9187510326,6
VRPBL,46,ok,11.6796097297,6
VRPBL,47,ok,11.4184204378,7
VRPBL,48,ok,14.3316024855,6
VRPBL,49,ok,13.3233067046,8
VRPBL,50,ok,14.0876253261,7
VRPBL,51,ok,14.4538292331,6
VRPBL,52,ok,13.6782644593,7
VRPBL,53,ok,11.4320464405,6
VRPBL,54,ok,11.7697392072,8
VRPBL,55,ok,13.4785624618,6
VRPBL,56,ok,11.4360629466,7
VRPBL,57,ok,14.2885892168,7
VRPBL,58,ok,11.9638319796,7
VRPBL,59,ok,12.5596413852,6
VRPBL,60,ok,11.9922842139,6
VRPBL,61,ok,12.0764657133,6
VRPBL,62,ok,11.8726800195,7
VRPBL,63,ok,12.4116812816,7
VRPBL,64,ok,13.5329341799,7
VRPBL,65,ok,13.2210396829,7
VRPBL,66,ok,11.7785862139,6
VRPBL,67,ok,12.4443619980,6
VRPBL,68,ok,14.1614722226,7
VRPBL,69,ok,11.0274838433,7
VRPBL,70,ok,16.2153758364,7
VRPBL,71,ok,11.8270601966,6
VRPBL,72,ok,10.1582238588,6
VRPBL,73,ok,14.2099625162,6
VRPBL,74,ok,14.1594847178,6
VRPBL,75,ok,12.2421713587,7
VRPBL,76,ok,14.3042403089,8
VRPBL,77,ok,11.7453573998,7
VRPBL,78,ok,10.6790924652,6
VRPBL,79,ok,11.4455291607,7
VRPBL,80,ok,12.4168408536,6
VRPBL,81,ok,13.4083308427,7
VRPBL,82,ok,12.8037107075,7
VRPBL,83,ok,13.0201770715,9
VRPBL,84,ok,12.4752584989,7
VRPBL,85,ok,11.9878665969,7
VRPBL,86,ok,10.9772128169,7
VRPBL,87,ok,13.0971374629,7
VRPBL,88,ok,11.2302937519,7
VRPBL,89,ok,13.9229249042,7
VRPBL,90,ok,10.7918607323,6
VRPBL,91,ok,12.9344121568,7
VRPBL,92,ok,12.4705757536,6
VRPBL,93,ok,11.3983298419,7
VRPBL,94,ok,11.1312274204,7
VRPBL,95,ok,11.0369097299,7
VRPBL,96,ok,11.2484214540,7
VRPBL,97,ok,12.4544784180,7
VRPBL,98,ok,12.0263214944,9
VRPBL,99,ok,12.5911442179,7
VRPBL,100,ok,11.4781377358,7
VRPBL,101,ok,10.9104630140,8
VRPBL,102,ok,13.0086780585,6
VRPBL,103,ok,12.6462333655,8
VRPBL,104,ok,12.9479725552,8
VRPBL,105,ok,12.4338376665,7
VRPBL,106,ok,11.1591922311,7
VRPBL,107,ok,11.3890423067,8
VRPBL,108,ok,13.2917366365,7
VRPBL,109,ok,13.3999220142,7
VRPBL,110,ok,15.7830174612,7
VRPBL,111,ok,12.1067751474,6
VRPBL,112,ok,14.5105636453,7
VRPBL,113,ok,13.0638552795,7
VRPBL,114,ok,12.3542138971,7
VRPBL,115,ok,10.4116773823,8
VRPBL,116,ok,12.8514541848,7
VRPBL,117,ok,12.6387894256,8
VRPBL,118,ok,16.5627243601,7
VRPBL,119,ok,12.0679400706,6
VRPBL,120,ok,14.2791536772,8
VRPBL,121,ok,13.7960030828,7
VRPBL,122,ok,13.3276771662,7
VRPBL,123,ok,12.6107897193,8
VRPBL,124,ok,12.7394129151,7
VRPBL,125,ok,14.1986056403,8
VRPBL,126,ok,11.4506208047,6
VRPBL,127,ok,11.5288946780,6
VRPBL,128,ok,13.8542687829,6
VRPBL,129,ok,11.6098029859,7
VRPBL,130,ok,11.3465015981,7
VRPBL,131,ok,10.6695833745,7
VRPBL,132,ok,11.8351870818,7
VRPBL,133,ok,14.4355633190,6
VRPBL,134,ok,12.6237742877,8
VRPBL,135,ok,12.1936607619,7
VRPBL,136,ok,11.4694348346,7
VRPBL,137,ok,13.0367649137,7
VRPBL,138,ok,11.4646233480,6
VRPBL,139,ok,10.9413468927,6
VRPBL,140,ok,13.7577316724,8
VRPBL,141,ok,11.7832828662,6
VRPBL,142,ok,11.7785181039,6
VRPBL,143,ok,11.1665287191,7
VRPBL,144,ok,11.7269834752,7
VRPBL,145,ok,13.7310096616,7
VRPBL,146,ok,11.2249840051,7
VRPBL,147,ok,10.5102643021,8
VRPBL,148,ok,12.9290776029,6
VRPBL,149,ok,11.9943449810,7
VRPBL,150,ok,11.9987486526,8
VRPBL,151,ok,14.0477456081,6
VRPBL,152,ok,14.8243581915,7
VRPBL,153,ok,12.9157162289,7
VRPBL,154,ok,12.9666654769,7
VRPBL,155,ok,10.1597543245,7
VRPBL,156,ok,12.6792366171,7
VRPBL,157,ok,12.8785956003,6
VRPBL,158,ok,13.5542778217,7
VRPBL,159,ok,11.7024741670,7
VRPBL,160,ok,12.7394174993,6
VRPBL,161,ok,14.1502870879,6
VRPBL,162,ok,17.9622385828,8
VRPBL,163,ok,13.1489220992,7
VRPBL,164,ok,12.9849704154,7
VRPBL,165,ok,13.8712083557,7
VRPBL,166,ok,13.0162222286,7
VRPBL,167,ok,13.4052266943,6
VRPBL,168,ok,11.8168533778,7
VRPBL,169,ok,11.6563882367,7
VRPBL,170,ok,13.6985061975,8
VRPBL,171,ok,10.6148559896,6
VRPBL,172,ok,10.9933823061,6
VRPBL,173,ok,10.9170475730,5
VRPBL,174,ok,10.7168490512,6
VRPBL,175,ok,10.2164799620,6
VRPBL,176,ok,10.6293446644,6
VRPBL,177,ok,11.5094659651,6
VRPBL,178,ok,13.6417925427,8
VRPBL,179,ok,12.0440452773,7
VRPBL,180,ok,12.2298453917,7
VRPBL,181,ok,15.1190187515,7
VRPBL,182,ok,11.8885254825,6
VRPBL,183,ok,13.4687815288,7
VRPBL,184,ok,13.7670081625,7
VRPBL,185,ok,11.2997108958,6
VRPBL,186,ok,10.8461412202,6
VRPBL,187,ok,12.2156783119,7
VRPBL,188,ok,11.8538577091,7
VRPBL,189,ok,11.6119568165,8
VRPBL,190,ok,15.3935352416,6
VRPBL,191,ok,13.6292406687,7
VRPBL,192,ok,11.8256685764,7
VRPBL,193,ok,12.1719323107,7
VRPBL,194,ok,13.4518931926,7
VRPBL,195,ok,11.3816653705,7
VRPBL,196,ok,11.8420526496,7
VRPBL,197,ok,12.0384113000,7
VRPBL,198,ok,11.5522488546,7
VRPBL,199,ok,12.4478125229,6
VRPBL,200,ok,13.4219663356,6
VRPBL,201,ok,10.8304974024,7
VRPBL,202,ok,13.2689193299,7
VRPBL,203,ok,15.0005745633,7
VRPBL,204,ok,11.5499405340,6
VRPBL,205,ok,12.0226990519,6
VRPBL,206,ok,10.6310857445,6
VRPBL,207,ok,11.0369707573,7
VRPBL,208,ok,11.0054758363,6
VRPBL,209,ok,12.7099430074,6
VRPBL,210,ok,11.9291581176,7
VRPBL,211,ok,14.1080386454,6
VRPBL,212,ok,13.4239496626,7
VRPBL,213,ok,16.2279131871,7
VRPBL,214,ok,10.7440019714,7
VRPBL,215,ok,14.2462376036,8
VRPBL,216,ok,12.7499119464,6
VRPBL,217,ok,14.7998649281,7
VRPBL,218,ok,13.1261380031,7
VRPBL,219,ok,11.5058291943,6
VRPBL,220,ok,11.1948647294,6
VRPBL,221,ok,12.4262223728,6
VRPBL,222,ok,14.0922961090,7
VRPBL,223,ok,11.6807412906,6
VRPBL,224,ok,15.6954053925,8
VRPBL,225,ok,11.4663190456,6
VRPBL,226,ok,12.5473382268,6
VRPBL,227,ok,13.5236029007,6
VRPBL,228,ok,13.5112231001,6
VRPBL,229,ok,11.8291284413,6
VRPBL,230,ok,13.0519911832,8
VRPBL,231,ok,12.5938226705,6
VRPBL,232,ok,12.7451918627,7
VRPBL,233,ok,13.5250925109,7
VRPBL,234,ok,12.7284585281,8
VRPBL,235,ok,12.8604086992,7
VRPBL,236,ok,11.9508477421,7
VRPBL,237,ok,13.5448224199,7
VRPBL,238,ok,10.6386351245,6
VRPBL,239,ok,12.6500802431,8
VRPBL,240,ok,11.9713133834,7
VRPBL,241,ok,17.4059450969,8
VRPBL,242,ok,12.8732404903,7
VRPBL,243,ok,10.2842868282,7
VRPBL,244,ok,11.2953407403,6
VRPBL,245,ok,11.5418064971,7
VRPBL,246,ok,11.1697040604,6
VRPBL,247,ok,13.2678524120,7
VRPBL,248,ok,13.2844743029,7
VRPBL,249,ok,13.9570815008,7
VRPBL,250,ok,12.2779220137,6
VRPBL,251,ok,12.9976113216,7
VRPBL,252,ok,13.1653703642,7
VRPBL,253,ok,11.0602680478,6
VRPBL,254,ok,10.7841322750,7
VRPBL,255,ok,11.8117556128,7
VRPBL,256,ok,11.2043636632,6
VRPBL,257,ok,16.1566792765,8
VRPBL,258,ok,12.8428364875,7
VRPBL,259,ok,12.0175370128,8
VRPBL,260,ok,13.7571163302,7
VRPBL,261,ok,11.5847108570,9
VRPBL,262,ok,12.6572305797,7
VRPBL,263,ok,14.3762143132,7
VRPBL,264,ok,11.9762643003,7
VRPBL,265,ok,12.7282934406,7
VRPBL,266,ok,10.2242636805,7
VRPBL,267,ok,13.1017378667,8
VRPBL,268,ok,12.0594299289,7
VRPBL,269,ok,11.2303701628,7
VRPBL,270,ok,13.0862602950,7
VRPBL,271,ok,14.1308506887,8
VRPBL,272,ok,11.9149704318,7
VRPBL,273,ok,10.3340698004,7
VRPBL,274,ok,11.7326019045,6
VRPBL,275,ok,11.9646143378,8
VRPBL,276,ok,13.6359125704,7
VRPBL,277,ok,14.7447480579,8
VRPBL,278,ok,13.8823703211,7
VRPBL,279,ok,12.3175008769,7
VRPBL,280,ok,11.2802697389,7
VRPBL,281,ok,13.7633662479,7
VRPBL,282,ok,11.2429871270,6
VRPBL,283,ok,10.4622790104,7
VRPBL,284,ok,11.8023891301,7
VRPBL,285,ok,11.9941622402,7
VRPBL,286,ok,12.2550453663,7
VRPBL,287,ok,11.2219461867,7
VRPBL,288,ok,14.1534351549,7
VRPBL,289,ok,10.9793470838,7
VRPBL,290,ok,12.6274324715,7
VRPBL,291,ok,13.5276116585,7
VRPBL,292,ok,15.3630960551,8
VRPBL,293,ok,11.7227076070,7
VRPBL,294,ok,10.2895739464,6
VRPBL,295,ok,11.7283831242,7
VRPBL,296,ok,10.6510613538,7
VRPBL,297,ok,13.3104690803,8
VRPBL,298,ok,15.2796443412,7
VRPBL,299,ok,12.2433336760,7
VRPBL,300,ok,13.0044209165,7
VRPBL,301,ok,11.7033739037,7
VRPBL,302,ok,13.5519843585,7
VRPBL,303,ok,11.9398174351,8
VRPBL,304,ok,11.9018318092,7
VRPBL,305,ok,11.0946256269,7
VRPBL,306,ok,10.9600170338,6
VRPBL,307,ok,12.2012934649,6
VRPBL,308,ok,14.0096999591,6
VRPBL,309,ok,15.8035871936,7
VRPBL,310,ok,14.9913913597,8
VRPBL,311,ok,12.8758174476,7
VRPBL,312,ok,12.8417073723,7
VRPBL,313,ok,11.5362571689,9
VRPBL,314,ok,11.7847049753,7
VRPBL,315,ok,11.1546177515,7
VRPBL,316,ok,12.6209776778,7
VRPBL,317,ok,12.7846861187,7
VRPBL,318,ok,13.8413187790,7
VRPBL,319,ok,13.0423242773,7
VRPBL,320,ok,11.6562041760,6
VRPBL,321,ok,11.0634540248,7
VRPBL,322,ok,14.6134228799,6
VRPBL,323,ok,10.9331631797,6
VRPBL,324,ok,12.8662308848,6
VRPBL,325,ok,13.5982205798,8
VRPBL,326,ok,11.3343977020,7
VRPBL,327,ok,11.8594269376,7
VRPBL,328,ok,12.7047142254,8
VRPBL,329,ok,13.6909363061,8
VRPBL,330,ok,13.7072856956,7
VRPBL,331,ok,14.8834707161,7
VRPBL,332,ok,12.3258981466,8
VRPBL,333,ok,12.0427527910,7
VRPBL,334,ok,12.6508760226,6
VRPBL,335,ok,10.7153838164,8
VRPBL,336,ok,14.4224012830,7
VRPBL,337,ok,11.2357798233,8
VRPBL,338,ok,14.7306308922,8
VRPBL,339,ok,12.7148899707,7
VRPBL,340,ok,14.7480465271,7
VRPBL,341,ok,12.6426360830,7
VRPBL,342,ok,13.6831093956,7
VRPBL,343,ok,14.1633625216,6
VRPBL,344,ok,9.8948674226,6
VRPBL,345,ok,11.2167839225,7
VRPBL,346,ok,12.6984627270,7
VRPBL,347,ok,14.6501991245,8
VRPBL,348,ok,12.1851761239,6
VRPBL,349,ok,12.9195211277,7
VRPBL,350,ok,17.1748701345,8
VRPBL,351,ok,13.3471497904,7
VRPBL,352,ok,11.6786669430,7
VRPBL,353,ok,11.6200484730,7
VRPBL,354,ok,13.5283445366,6
VRPBL,355,ok,11.5100965796,7
VRPBL,356,ok,13.3267552506,8
VRPBL,357,ok,13.1876027758,7
VRPBL,358,ok,12.6640345409,7
VRPBL,359,ok,14.1605822245,7
VRPBL,360,ok,10.0669361374,6
VRPBL,361,ok,11.3009788121,7
VRPBL,362,ok,12.8118227837,6
VRPBL,363,ok,11.1106702405,7
VRPBL,364,ok,13.0387322323,7
VRPBL,365,ok,11.4018682087,7
VRPBL,366,ok,11.2295037620,7
VRPBL,367,ok,10.4997813772,6
VRPBL,368,ok,14.0848310780,5
VRPBL,369,ok,13.4843028902,7
VRPBL,370,ok,14.7882933810,7
VRPBL,371,ok,11.6665007235,7
VRPBL,372,ok,14.8314164758,7
VRPBL,373,ok,12.0015677691,7
VRPBL,374,ok,12.9226411207,6
VRPBL,375,ok,13.0073946830,8
VRPBL,376,ok,14.0110356449,7
VRPBL,377,ok,14.5019373599,7
VRPBL,378,ok,13.2149191446,7
VRPBL,379,ok,13.9715949705,7
VRPBL,380,ok,11.6782361416,7
VRPBL,381,ok,12.5290967378,7
VRPBL,382,ok,11.7109146630,6
VRPBL,383,ok,11.4601901351,7
VRPBL,384,ok,11.2716287553,7
VRPBL,385,ok,12.3302462101,7
VRPBL,386,ok,15.8617089322,7
VRPBL,387,ok,15.0820210525,7
VRPBL,388,ok,15.1385158069,7
VRPBL,389,ok,16.9261848766,8
VRPBL,390,ok,13.1272319247,7
VRPBL,391,ok,13.2032091058,7
VRPBL,392,ok,14.6646324544,8
VRPBL,393,ok,13.1334932917,6
VRPBL,394,ok,13.3964363927,8
VRPBL,395,ok,12.1011974467,8
VRPBL,396,ok,12.7220626908,7
VRPBL,397,ok,11.6742807567,6
VRPBL,398,ok,12.1235770309,7
VRPBL,399,ok,13.7024088888,7
VRPBL,400,ok,13.9206616588,7
VRPBL,401,ok,12.0782172434,6
VRPBL,402,ok,14.4253331921,7
VRPBL,403,ok,12.9770161686,8
VRPBL,404,ok,14.6186978452,8
VRPBL,405,ok,12.6758109476,7
VRPBL,406,ok,12.3232078994,7
VRPBL,407,ok,10.8715423849,6
VRPBL,408,ok,11.8226599508,6
VRPBL,409,ok,11.5552436932,6
VRPBL,410,ok,12.4018016190,7
VRPBL,411,ok,14.0262812377,6
VRPBL,412,ok,11.8389081508,7
VRPBL,413,ok,12.6515542999,7
VRPBL,414,ok,10.2960597991,7
VRPBL,415,ok,14.3026985396,7
VRPBL,416,ok,13.8929097361,7
VRPBL,417,ok,12.7334372281,8
VRPBL,418,ok,13.2898275517,6
VRPBL,419,ok,11.0947456145,7
VRPBL,420,ok,14.0487099571,7
VRPBL,421,ok,13.4046701166,6
VRPBL,422,ok,12.9216975154,8
VRPBL,423,ok,13.8442366081,7
VRPBL,424,ok,14.5350177383,8
VRPBL,425,ok,11.5509261216,6
VRPBL,426,ok,10.0948691633,6
VRPBL,427,ok,11.1134373091,7
VRPBL,428,ok,15.4784131679,7
VRPBL,429,ok,11.7693319170,7
VRPBL,430,ok,13.2495504976,6
VRPBL,431,ok,11.3869673408,6
VRPBL,432,ok,11.6829608365,8
VRPBL,433,ok,13.9211828401,7
VRPBL,434,ok,12.5204674169,7
VRPBL,435,ok,11.4797828883,7
VRPBL,436,ok,10.5936174446,7
VRPBL,437,ok,13.1996285306,7
VRPBL,438,ok,11.4263334711,8
VRPBL,439,ok,14.6266885743,7
VRPBL,440,ok,10.6601267214,7
VRPBL,441,ok,14.4344032095,6
VRPBL,442,ok,11.5155102138,7
VRPBL,443,ok,13.9041626420,6
VRPBL,444,ok,11.3910124743,7
VRPBL,445,ok,13.6316812454,7
VRPBL,446,ok,12.5030618740,7
VRPBL,447,ok,14.0183668403,7
VRPBL,448,ok,13.3272643083,7
VRPBL,449,ok,13.0039724984,7
VRPBL,450,ok,10.6947734645,7
VRPBL,451,ok,11.3057256351,6
VRPBL,452,ok,11.9045086711,7
VRPBL,453,ok,11.9961475554,6
VRPBL,454,ok,12.5485573739,8
VRPBL,455,ok,12.9221253220,7
VRPBL,456,ok,12.1652119114,6
VRPBL,457,ok,11.3115550544,7
VRPBL,458,ok,12.1399514454,7
VRPBL,459,ok,10.9669551764,7
VRPBL,460,ok,10.2230933540,7
VRPBL,461,ok,14.0813876948,7
VRPBL,462,ok,10.3872737780,5
VRPBL,463,ok,13.0286229198,8
VRPBL,464,ok,12.5639166389,8
VRPBL,465,ok,11.1038998733,6
VRPBL,466,ok,13.7178963082,7
VRPBL,467,ok,12.0204211847,8
VRPBL,468,ok,13.1656397864,6
VRPBL,469,ok,17.1225689048,8
VRPBL,470,ok,13.5770731923,6
VRPBL,471,ok,13.4781579189,7
VRPBL,472,ok,11.9347659870,7
VRPBL,473,ok,15.5221267799,7
VRPBL,474,ok,11.0390895653,7
VRPBL,475,ok,13.1455757133,8
VRPBL,476,ok,13.9522310429,8
VRPBL,477,ok,11.8900939544,6
VRPBL,478,ok,10.2130551573,6
VRPBL,479,ok,12.0353922941,7
VRPBL,480,ok,11.5553562800,7
VRPBL,481,ok,11.9333468755,6
VRPBL,482,ok,13.0946809138,6
VRPBL,483,ok,12.2412466196,7
VRPBL,484,ok,11.5001043027,7
VRPBL,485,ok,14.4980637984,7
VRPBL,486,ok,13.9959620632,8
VRPBL,487,ok,13.9724263042,8
VRPBL,488,ok,14.0329192755,6
VRPBL,489,ok,11.3148634498,7
VRPBL,490,ok,13.5818972899,7
VRPBL,491,ok,11.2989602562,7
VRPBL,492,ok,12.0924221980,8
VRPBL,493,ok,10.6508062837,8
VRPBL,494,ok,13.5173499015,6
VRPBL,495,ok,13.6602410522,7
VRPBL,496,ok,12.0720705055,6
VRPBL,497,ok,11.9539774023,7
VRPBL,498,ok,12.6398496976,7
VRPBL,499,ok,12.7148920796,7
VRPBL,500,ok,12.9500626362,7
VRPBL,501,ok,14.3040613873,6
VRPBL,502,ok,12.3888657094,7
VRPBL,503,ok,12.6556945062,7
VRPBL,504,ok,15.4700273694,7
VRPBL,505,ok,15.5998967191,7
VRPBL,506,ok,15.0846806382,7
VRPBL,507,ok,13.4851672195,7
VRPBL,508,ok,11.4846266556,7
VRPBL,509,ok,10.3815550862,6
VRPBL,510,ok,14.2247852571,7
VRPBL,511,ok,13.6960700362,7
VRPBL,512,ok,10.6579537801,6
VRPBL,513,ok,14.3461109573,7
VRPBL,514,ok,11.2927037666,8
VRPBL,515,ok,11.8149197045,7
VRPBL,516,ok,13.3607708426,7
VRPBL,517,ok,14.3230953541,7
VRPBL,518,ok,14.0381642267,7
VRPBL,519,ok,11.7287347445,6
VRPBL,520,ok,12.2153165403,7
VRPBL,521,ok,10.8470586223,6
VRPBL,522,ok,10.8972909262,7
VRPBL,523,ok,12.2513546202,7
VRPBL,524,ok,11.7931632279,6
VRPBL,525,ok,11.1120616451,7
VRPBL,526,ok,12.1237039356,7
VRPBL,527,ok,12.6567130070,8
VRPBL,528,ok,11.9098574329,6
VRPBL,529,ok,12.2872572259,6
VRPBL,530,ok,11.1273215343,7
VRPBL,531,ok,12.9294853799,6
VRPBL,532,ok,12.2438315132,6
VRPBL,533,ok,13.6562363232,8
VRPBL,534,ok,13.7486944976,7
VRPBL,535,ok,12.9355559435,7
VRPBL,536,ok,14.0918957367,7
VRPBL,537,ok,12.9775051310,7
VRPBL,538,ok,11.2126251780,6
VRPBL,539,ok,14.9699807707,7
VRPBL,540,ok,11.3154354348,7
VRPBL,541,ok,12.1625676523,7
VRPBL,542,ok,12.4690286560,7
VRPBL,543,ok,12.2018938873,7
VRPBL,544,ok,9.8342226034,6
VRPBL,545,ok,10.5469488320,5
VRPBL,546,ok,13.9956319792,7
VRPBL,547,ok,12.4006750171,7
VRPBL,548,ok,12.0926289430,7
VRPBL,549,ok,11.0265528464,7
VRPBL,550,ok,12.2783975533,7
VRPBL,551,ok,11.0415423491,7
VRPBL,552,ok,13.1026925755,7
VRPBL,553,ok,14.5420360158,6
VRPBL,554,ok,11.9363631048,7
VRPBL,555,ok,11.9307454045,6
VRPBL,556,ok,11.7246869080,7
VRPBL,557,ok,13.1026912491,7
VRPBL,558,ok,12.5055848330,7
VRPBL,559,ok,11.0300019091,7
VRPBL,560,ok,13.9951619400,7
VRPBL,561,ok,11.4644277450,8
VRPBL,562,ok,13.0188569141,6
VRPBL,563,ok,13.9799232377,7
VRPBL,564,ok,13.7475695753,7
VRPBL,565,ok,12.5696864272,6
VRPBL,566,ok,11.8995372016,6
VRPBL,567,ok,11.5877464509,6
VRPBL,568,ok,14.6840929162,8
VRPBL,569,ok,12.8301020154,7
VRPBL,570,ok,11.1102542411,6
VRPBL,571,ok,11.3515488409,7
VRPBL,572,ok,11.8909349899,8
VRPBL,573,ok,14.8396780397,7
VRPBL,574,ok,12.1954720339,7
VRPBL,575,ok,12.3011948083,7
VRPBL,576,ok,10.4038138994,7
VRPBL,577,ok,12.9280945307,7
VRPBL,578,ok,14.3714021299,7
VRPBL,579,ok,13.7464679486,7
VRPBL,580,ok,11.4457463671,8
VRPBL,581,ok,10.7886121138,6
VRPBL,582,ok,13.9576677249,8
VRPBL,583,ok,11.0780003922,7
VRPBL,584,ok,14.6301077461,8
VRPBL,585,ok,12.8702553424,7
VRPBL,586,ok,11.1194666481,7
VRPBL,587,ok,10.5722257675,6
VRPBL,588,ok,11.3995259402,8
VRPBL,589,ok,12.6377663612,7
VRPBL,590,ok,14.7284466378,7
VRPBL,591,ok,12.7872673005,7
VRPBL,592,ok,10.1992832686,7
VRPBL,593,ok,12.5192200184,7
VRPBL,594,ok,14.1394416607,7
VRPBL,595,ok,12.6175520209,7
VRPBL,596,ok,12.0911705209,7
VRPBL,597,ok,10.3547835830,6
VRPBL,598,ok,13.4216687782,7
VRPBL,599,ok,11.2697611296,7
VRPBL,600,ok,10.7308592958,6
VRPBL,601,ok,11.3682401468,6
VRPBL,602,ok,13.3592596546,9
VRPBL,603,ok,13.3856847537,9
VRPBL,604,ok,11.7916496835,6
VRPBL,605,ok,12.2875357332,7
VRPBL,606,ok,14.8606769020,7
VRPBL,607,ok,14.3154313541,7
VRPBL,608,ok,11.6882101641,6
VRPBL,609,ok,13.1428560535,7
VRPBL,610,ok,11.2626212372,8
VRPBL,611,ok,14.6067851724,6
VRPBL,612,ok,11.8492453925,6
VRPBL,613,ok,10.7802207541,6
VRPBL,614,ok,11.8144755539,6
VRPBL,615,ok,13.1237159708,7
VRPBL,616,ok,13.4306922614,6
VRPBL,617,ok,10.9297109939,7
VRPBL,618,ok,10.9573319463,6
VRPBL,619,ok,13.6283680512,7
VRPBL,620,ok,10.7330701663,7
VRPBL,621,ok,10.8578724257,7
VRPBL,622,ok,13.7218114350,6
VRPBL,623,ok,11.6301185447,6
VRPBL,624,ok,10.0740193740,6
VRPBL,625,ok,11.8568801089,6
VRPBL,626,ok,11.0605313601,7
VRPBL,627,ok,12.3998913165,6
VRPBL,628,ok,14.0369005294,8
VRPBL,629,ok,13.9719019543,7
VRPBL,630,ok,14.2093360476,7
VRPBL,631,ok,14.8846026181,7
VRPBL,632,ok,12.6394260458,7
VRPBL,633,ok,11.1299262237,6
VRPBL,634,ok,12.8301203944,7
VRPBL,635,ok,13.2654343156,6
VRPBL,636,ok,12.4828113078,7
VRPBL,637,ok,11.8669923907,6
VRPBL,638,ok,12.8836197298,7
VRPBL,639,ok,11.1469040871,7
VRPBL,640,ok,13.8109254929,7
VRPBL,641,ok,10.2733464402,6
VRPBL,642,ok,13.1625489275,7
VRPBL,643,ok,10.2095669074,6
VRPBL,644,ok,12.4331742581,7
VRPBL,645,ok,11.4424238109,7
VRPBL,646,ok,15.0291728610,8
VRPBL,647,ok,14.3329228183,7
VRPBL,648,ok,11.6480836342,7
VRPBL,649,ok,13.7880880375,6
VRPBL,650,ok,10.4934093141,6
VRPBL,651,ok,12.2608670982,6
VRPBL,652,ok,13.1997652065,8
VRPBL,653,ok,11.6981709269,7
VRPBL,654,ok,13.3801779537,7
VRPBL,655,ok,12.7259004278,6
VRPBL,656,ok,12.3594594016,7
VRPBL,657,ok,13.0926727767,7
VRPBL,658,ok,12.3340185914,7
VRPBL,659,ok,13.3635889851,7
VRPBL,660,ok,15.6362536874,7
VRPBL,661,ok,13.5553852634,7
VRPBL,662,ok,11.4983697488,6
VRPBL,663,ok,13.4357802883,6
VRPBL,664,ok,12.7583977657,7
VRPBL,665,ok,13.2490944388,7
VRPBL,666,ok,13.1771733062,8
VRPBL,667,ok,11.6864725624,7
VRPBL,668,ok,11.7937438421,6
VRPBL,669,ok,12.2271681699,7
VRPBL,670,ok,13.9837682903,7
VRPBL,671,ok,12.0918282549,7
VRPBL,672,ok,12.5915453112,7
VRPBL,673,ok,13.0201125552,7
VRPBL,674,ok,11.3146787391,7
VRPBL,675,ok,12.2550050192,6
VRPBL,676,ok,12.4312657586,7
VRPBL,677,ok,11.9607413392,7
VRPBL,678,ok,13.4722504443,7
VRPBL,679,ok,13.9700744195,7
VRPBL,680,ok,15.6412690585,8
VRPBL,681,ok,11.6932120227,7
VRPBL,682,ok,11.5153198592,7
VRPBL,683,ok,13.6369202403,8
VRPBL,684,ok,11.6112454468,7
VRPBL,685,ok,11.9021441276,6
VRPBL,686,ok,14.0069856577,6
VRPBL,687,ok,13.4873434284,6
VRPBL,688,ok,10.7981163447,6
VRPBL,689,ok,12.1130378118,7
VRPBL,690,ok,10.8162770596,6
VRPBL,691,ok,11.7434164112,6
VRPBL,692,ok,10.5290308065,7
VRPBL,693,ok,11.7820964158,8
VRPBL,694,ok,14.6032643362,8
VRPBL,695,ok,13.7510653535,7
VRPBL,696,ok,10.7622688363,7
VRPBL,697,ok,12.6909902187,8
VRPBL,698,ok,14.0516717038,6
VRPBL,699,ok,11.6755261120,6
VRPBL,700,ok,13.3224135319,7
VRPBL,701,ok,11.1242115067,6
VRPBL,702,ok,11.2644277463,7
VRPBL,703,ok,11.1984323385,7
VRPBL,704,ok,11.6959536755,7
VRPBL,705,ok,12.5072636449,7
VRPBL,706,ok,12.0473185360,7
VRPBL,707,ok,11.7545287043,7
VRPBL,708,ok,12.3169434114,6
VRPBL,709,ok,14.6950282628,7
VRPBL,710,ok,12.8463196782,7
VRPBL,711,ok,11.5472175690,7
VRPBL,712,ok,11.5181558485,8
VRPBL,713,ok,12.7044273801,8
VRPBL,714,ok,13.7456041590,7
VRPBL,715,ok,12.7869013274,7
VRPBL,716,ok,12.8960625255,6
VRPBL,717,ok,11.7881713146,6
VRPBL,718,ok,12.5375092879,8
VRPBL,719,ok,11.0928474196,6
VRPBL,720,ok,11.2392023448,7
VRPBL,721,ok,13.0288647776,6
VRPBL,722,ok,12.5456672306,6
VRPBL,723,ok,13.8739668084,8
VRPBL,724,ok,10.4243902892,7
VRPBL,725,ok,14.9826339766,7
VRPBL,726,ok,13.2282381784,6
VRPBL,727,ok,12.2545660125,6
VRPBL,728,ok,11.5720905145,7
VRPBL,729,ok,10.5522003829,7
VRPBL,730,ok,10.6879549858,6
VRPBL,731,ok,11.4690426154,7
VRPBL,732,ok,13.7666048434,8
VRPBL,733,ok,13.1883393941,7
VRPBL,734,ok,13.2266299324,7
VRPBL,735,ok,12.3842449630,6
VRPBL,736,ok,12.3181039553,7
VRPBL,737,ok,11.9573111403,6
VRPBL,738,ok,12.6508905377,8
VRPBL,739,ok,12.3091589536,7
VRPBL,740,ok,11.6923747867,7
VRPBL,741,ok,13.8567612561,6
VRPBL,742,ok,15.0328466309,7
VRPBL,743,ok,12.8890790349,7
VRPBL,744,ok,11.4061840418,8
VRPBL,745,ok,12.5538246383,7
VRPBL,746,ok,11.0182377161,7
VRPBL,747,ok,15.4168766832,8
VRPBL,748,ok,11.4318516118,7
VRPBL,749,ok,12.1144192832,7
VRPBL,750,ok,14.7534110816,7
VRPBL,751,ok,10.4732570563,6
VRPBL,752,ok,13.8291628865,7
VRPBL,753,ok,13.6801020122,7
VRPBL,754,ok,13.3811294612,8
VRPBL,755,ok,11.0751246837,6
VRPBL,756,ok,11.4276676814,6
VRPBL,757,ok,11.6937400008,6
VRPBL,758,ok,12.7614785678,7
VRPBL,759,ok,11.7441703627,7
VRPBL,760,ok,12.0193946665,6
VRPBL,761,ok,10.4753384818,7
VRPBL,762,ok,12.6220623019,7
VRPBL,763,ok,15.8618941521,7
VRPBL,764,ok,12.0589754377,7
VRPBL,765,ok,13.9230417909,6
VRPBL,766,ok,13.3003681151,7
VRPBL,767,ok,11.9194150114,7
VRPBL,768,ok,11.8272437127,7
VRPBL,769,ok,13.1039598295,7
VRPBL,770,ok,14.3290423950,7
VRPBL,771,ok,12.4855572361,7
VRPBL,772,ok,15.0231881644,7
VRPBL,773,ok,10.8761920068,7
VRPBL,774,ok,11.3586638586,8
VRPBL,775,ok,16.1478672441,8
VRPBL,776,ok,11.3219767006,6
VRPBL,777,ok,12.4073843525,7
VRPBL,778,ok,13.5899521782,8
VRPBL,779,ok,11.3124099317,6
VRPBL,780,ok,11.5603996042,7
VRPBL,781,ok,13.0138272340,6
VRPBL,782,ok,11.7596339555,7
VRPBL,783,ok,12.0934614534,6
VRPBL,784,ok,13.5766554256,7
VRPBL,785,ok,15.8479819434,8
VRPBL,786,ok,13.9501169372,6
VRPBL,787,ok,13.5140131960,6
VRPBL,788,ok,12.6910218877,6
VRPBL,789,ok,11.9507774547,7
VRPBL,790,ok,12.5497273119,8
VRPBL,791,ok,14.0355119365,7
VRPBL,792,ok,12.9845916580,7
VRPBL,793,ok,11.9399641568,7
VRPBL,794,ok,11.8636030635,7
VRPBL,795,ok,10.4170634327,6
VRPBL,796,ok,12.2817610589,8
VRPBL,797,ok,11.6329707048,7
VRPBL,798,ok,11.4789911302,7
VRPBL,799,ok,14.6644089285,6
VRPBL,800,ok,13.1052588402,8
VRPBL,801,ok,12.0620577071,7
VRPBL,802,ok,11.9465435339,8
VRPBL,803,ok,10.9694847728,7
VRPBL,804,ok,12.0764702107,7
VRPBL,805,ok,13.0439182836,7
VRPBL,806,ok,13.1051936496,7
VRPBL,807,ok,12.0050034018,6
VRPBL,808,ok,11.6015983832,7
VRPBL,809,ok,13.6250831326,7
VRPBL,810,ok,14.8332547180,7
VRPBL,811,ok,15.2135206483,8
VRPBL,812,ok,11.0666235954,6
VRPBL,813,ok,11.2529562352,7
VRPBL,814,ok,13.9440626863,7
VRPBL,815,ok,13.0296696275,7
VRPBL,816,ok,10.7721505162,7
VRPBL,817,ok,11.8587524174,6
VRPBL,818,ok,12.1451640410,6
VRPBL,819,ok,13.5407240035,6
VRPBL,820,ok,13.3646072080,6
VRPBL,821,ok,12.6740879027,8
VRPBL,822,ok,11.8574953445,7
VRPBL,823,ok,12.5750804064,7
VRPBL,824,ok,11.2736355222,7
VRPBL,825,ok,12.3706249824,7
VRPBL,826,ok,13.1849297162,6
VRPBL,827,ok,16.0830662782,7
VRPBL,828,ok,11.4154631653,7
VRPBL,829,ok,14.4317783346,8
VRPBL,830,ok,11.5447788393,6
VRPBL,831,ok,13.5613436802,8
VRPBL,832,ok,12.4543026484,8
VRPBL,833,ok,10.9037736460,7
VRPBL,834,ok,12.6934174922,7
VRPBL,835,ok,14.2160667214,7
VRPBL,836,ok,11.7855346926,6
VRPBL,837,ok,15.5037001156,8
VRPBL,838,ok,14.2120927495,6
VRPBL,839,ok,12.4567359383,7
VRPBL,840,ok,11.3589618002,7
VRPBL,841,ok,14.1241748463,6
VRPBL,842,ok,15.6373833349,7
VRPBL,843,ok,12.8420818356,6
VRPBL,844,ok,11.6026319987,6
VRPBL,845,ok,12.4306858761,7
VRPBL,846,ok,11.1235322417,7
VRPBL,847,ok,14.1303614125,7
VRPBL,848,ok,12.5708011112,7
VRPBL,849,ok,11.1508041825,7
VRPBL,850,ok,11.3479873434,7
VRPBL,851,ok,12.1131823265,7
VRPBL,852,ok,13.2451196072,7
VRPBL,853,ok,11.6569796687,7
VRPBL,854,ok,12.3629036528,7
VRPBL,855,ok,12.9549014829,8
VRPBL,856,ok,11.4169332709,7
VRPBL,857,ok,12.3309184061,6
VRPBL,858,ok,12.4862916932,7
VRPBL,859,ok,12.4064180739,7
VRPBL,860,ok,13.5454377610,7
VRPBL,861,ok,12.4460367929,8
VRPBL,862,ok,12.5842816616,8
VRPBL,863,ok,12.1240094783,7
VRPBL,864,ok,11.7456249645,7
VRPBL,865,ok,15.3947465924,7
VRPBL,866,ok,14.8850625697,7
VRPBL,867,ok,11.9228281804,6
VRPBL,868,ok,13.4880492171,6
VRPBL,869,ok,11.5437883221,7
VRPBL,870,ok,10.3442635593,6
VRPBL,871,ok,11.5611124520,7
VRPBL,872,ok,13.4396733188,7
VRPBL,873,ok,13.9915339666,7
VRPBL,874,ok,13.9890312168,7
VRPBL,875,ok,13.4439990922,7
VRPBL,876,ok,12.0031347443,5
VRPBL,877,ok,11.6991131807,6
VRPBL,878,ok,12.5089795755,8
VRPBL,879,ok,14.3971955847,7
VRPBL,880,ok,13.6094594514,7
VRPBL,881,ok,12.4234156968,6
VRPBL,882,ok,11.4712595727,8
VRPBL,883,ok,14.2932946695,7
VRPBL,884,ok,14.7530713960,7
VRPBL,885,ok,13.2494571031,7
VRPBL,886,ok,14.5907723344,7
VRPBL,887,ok,11.0899977460,7
VRPBL,888,ok,13.1061759169,6
VRPBL,889,ok,11.5260175702,7
VRPBL,890,ok,11.6614025157,7
VRPBL,891,ok,11.2349702638,5
VRPBL,892,ok,12.8039510193,7
VRPBL,893,ok,11.0275273704,6
VRPBL,894,ok,11.6204445457,7
VRPBL,895,ok,14.4483319322,7
VRPBL,896,ok,12.7709152115,7
VRPBL,897,ok,14.2884975117,7
VRPBL,898,ok,14.0429309515,8
VRPBL,899,ok,11.7372370500,7
VRPBL,900,ok,12.0113496224,6
VRPBL,901,ok,12.0315538415,7
VRPBL,902,ok,14.8288992523,7
VRPBL,903,ok,13.6860417484,7
VRPBL,904,ok,12.4352906401,7
VRPBL,905,ok,13.7183772653,7
VRPBL,906,ok,13.9513405886,7
VRPBL,907,ok,12.7314705033,6
VRPBL,908,ok,12.8630638871,7
VRPBL,909,ok,12.9809439183,7
VRPBL,910,ok,13.4599047389,7
VRPBL,911,ok,13.4645165548,7
VRPBL,912,ok,12.1733740615,7
VRPBL,913,ok,11.8966474327,7
VRPBL,914,ok,14.6923043048,7
VRPBL,915,ok,11.8755274896,7
VRPBL,916,ok,10.8589967291,7
VRPBL,917,ok,10.2005016645,6
VRPBL,918,ok,14.0458157821,7
VRPBL,919,ok,13.0769148132,8
VRPBL,920,ok,12.5283789902,7
VRPBL,921,ok,12.4443916759,7
VRPBL,922,ok,11.8708809116,6
VRPBL,923,ok,13.2699210215,7
VRPBL,924,ok,12.6828116273,7
VRPBL,925,ok,12.0011713049,6
VRPBL,926,ok,13.5557754222,6
VRPBL,927,ok,10.7929055947,7
VRPBL,928,ok,12.6705907625,8
VRPBL,929,ok,13.0210117163,8
VRPBL,930,ok,11.7234868100,8
VRPBL,931,ok,10.9819459138,7
VRPBL,932,ok,10.4032316230,7
VRPBL,933,ok,11.2334785110,7
VRPBL,934,ok,12.7605179103,7
VRPBL,935,ok,11.7147110675,8
VRPBL,936,ok,14.6604337456,7
VRPBL,937,ok,12.0018774437,6
VRPBL,938,ok,10.2181849661,6
VRPBL,939,ok,11.5846678604,7
VRPBL,940,ok,13.9481729857,7
VRPBL,941,ok,14.9336737054,7
VRPBL,942,ok,12.9003328811,6
VRPBL,943,ok,12.0917479203,6
VRPBL,944,ok,15.1451595390,7
VRPBL,945,ok,13.4841462889,9
VRPBL,946,ok,11.2633534768,7
VRPBL,947,ok,13.5301899751,6
VRPBL,948,ok,11.3069223327,7
VRPBL,949,ok,13.3948379573,8
VRPBL,950,ok,12.1339577734,7
VRPBL,951,ok,13.7682764919,7
VRPBL,952,ok,12.3542754085,6
VRPBL,953,ok,11.1764823043,7
VRPBL,954,ok,12.3741575928,6
VRPBL,955,ok,12.0004823417,6
VRPBL,956,ok,11.5678159797,7
VRPBL,957,ok,13.3537478670,7
VRPBL,958,ok,11.9817964434,8
VRPBL,959,ok,11.4914856475,7
VRPBL,960,ok,13.2974236221,7
VRPBL,961,ok,11.4495439749,6
VRPBL,962,ok,10.6331889573,6
VRPBL,963,ok,13.7173603085,8
VRPBL,964,ok,16.0262822322,8
VRPBL,965,ok,13.1794388153,7
VRPBL,966,ok,12.9767471769,6
VRPBL,967,ok,13.4733024042,6
VRPBL,968,ok,12.6526429065,6
VRPBL,969,ok,12.2241928594,7
VRPBL,970,ok,13.1111940445,6
VRPBL,971,ok,11.3342344023,7
VRPBL,972,ok,11.0925848145,7
VRPBL,973,ok,12.1323262983,6
VRPBL,974,ok,12.0957466427,7
VRPBL,975,ok,14.1280071466,7
VRPBL,976,ok,13.0086499181,7
VRPBL,977,ok,10.5349671100,6
VRPBL,978,ok,14.2153224056,6
VRPBL,979,ok,11.1864432350,8
VRPBL,980,ok,13.2488739519,8
VRPBL,981,ok,12.7908015501,7
VRPBL,982,ok,13.3828134004,7
VRPBL,983,ok,13.3763446231,7
VRPBL,984,ok,13.6876004526,7
VRPBL,985,ok,12.3198480222,7
VRPBL,986,ok,11.5115997527,7
VRPBL,987,ok,12.8908560866,6
VRPBL,988,ok,11.0972600709,7
VRPBL,989,ok,12.2191662853,7
VRPBL,990,ok,12.5367118897,6
VRPBL,991,ok,11.9912724664,7
VRPBL,992,ok,14.6101664856,8
VRPBL,993,ok,11.1725525496,9
VRPBL,994,ok,11.2838288512,6
VRPBL,995,ok,11.6494797644,7
VRPBL,996,ok,11.7757660141,6
VRPBL,997,ok,14.9473374007,7
VRPBL,998,ok,13.3918383821,8
VRPBL,999,ok,13.8024669511,6
VRPBTW,0,no_feasible_candidate,,
VRPBTW,1,no_feasible_candidate,,
VRPBTW,2,no_feasible_candidate,,
VRPBTW,3,no_feasible_candidate,,
VRPBTW,4,no_feasible_candidate,,
VRPBTW,5,no_feasible_candidate,,
VRPBTW,6,no_feasible_candidate,,
VRPBTW,7,no_feasible_candidate,,
VRPBTW,8,no_feasible_candidate,,
VRPBTW,9,no_feasible_candidate,,
VRPBTW,10,no_feasible_candidate,,
VRPBTW,11,no_feasible_candidate,,
VRPBTW,12,no_feasible_candidate,,
VRPBTW,13,no_feasible_candidate,,
VRPBTW,14,no_feasible_candidate,,
VRPBTW,15,no_feasible_candidate,,
VRPBTW,16,no_feasible_candidate,,
VRPBTW,17,no_feasible_candidate,,
VRPBTW,18,no_feasible_candidate,,
VRPBTW,19,no_feasible_candidate,,
VRPBTW,20,no_feasible_candidate,,
VRPBTW,21,no_feasible_candidate,,
VRPBTW,22,no_feasible_candidate,,
VRPBTW,23,no_feasible_candidate,,
VRPBTW,24,no_feasible_candidate,,
VRPBTW,25,no_feasible_candidate,,
VRPBTW,26,no_feasible_candidate,,
VRPBTW,27,no_feasible_candidate,,
VRPBTW,28,no_feasible_candidate,,
VRPBTW,29,no_feasible_candidate,,
VRPBTW,30,no_feasible_candidate,,
VRPBTW,31,no_feasible_candidate,,
VRPBTW,32,no_feasible_candidate,,
VRPBTW,33,no_feasible_candidate,,
VRPBTW,34,no_feasible_candidate,,
VRPBTW,35,no_feasible_candidate,,
VRPBTW,36,no_feasible_candidate,,
VRPBTW,37,no_feasible_candidate,,
VRPBTW,38,no_feasible_candidate,,
VRPBTW,39,no_feasible_candidate,,
VRPBTW,40,no_feasible_candidate,,
VRPBTW,41,no_feasible_candidate,,
VRPBTW,42,no_feasible_candidate,,
VRPBTW,43,no_feasible_candidate,,
VRPBTW,44,no_feasible_candidate,,
VRPBTW,45,no_feasible_candidate,,
VRPBTW,46,no_feasible_candidate,,
VRPBTW,47,no_feasible_candidate,,
VRPBTW,48,no_feasible_candidate,,
VRPBTW,49,no_feasible_candidate,,
VRPBTW,50,no_feasible_candidate,,
VRPBTW,51,no_feasible_candidate,,
VRPBTW,52,no_feasible_candidate,,
VRPBTW,53,no_feasible_candidate,,
VRPBTW,54,no_feasible_candidate,,
VRPBTW,55,no_feasible_candidate,,
VRPBTW,56,no_feasible_candidate,,
VRPBTW,57,no_feasible_candidate,,
VRPBTW,58,no_feasible_candidate,,
VRPBTW,59,no_feasible_candidate,,
VRPBTW,60,ok,41.7852162074,34
VRPBTW,61,no_feasible_candidate,,
VRPBTW,62,no_feasible_candidate,,
VRPBTW,63,no_feasible_candidate,,
VRPBTW,64,no_feasible_candidate,,
VRPBTW,65,no_feasible_candidate,,
VRPBTW,66,no_feasible_candidate,,
VRPBTW,67,no_feasible_candidate,,
VRPBTW,68,no_feasible_candidate,,
VRPBTW,69,no_feasible_candidate,,
VRPBTW,70,no_feasible_candidate,,
VRPBTW,71,no_feasible_candidate,,
VRPBTW,72,no_feasible_candidate,,
VRPBTW,73,no_feasible_candidate,,
VRPBTW,74,no_feasible_candidate,,
VRPBTW,75,no_feasible_candidate,,
VRPBTW,76,no_feasible_candidate,,
VRPBTW,77,no_feasible_candidate,,
VRPBTW,78,no_feasible_candidate,,
VRPBTW,79,no_feasible_candidate,,
VRPBTW,80,no_feasible_candidate,,
VRPBTW,81,no_feasible_candidate,,
VRPBTW,82,no_feasible_candidate,,
VRPBTW,83,no_feasible_candidate,,
VRPBTW,84,no_feasible_candidate,,
VRPBTW,85,no_feasible_candidate,,
VRPBTW,86,no_feasible_candidate,,
VRPBTW,87,no_feasible_candidate,,
VRPBTW,88,no_feasible_candidate,,
VRPBTW,89,no_feasible_candidate,,
VRPBTW,90,no_feasible_candidate,,
VRPBTW,91,no_feasible_candidate,,
VRPBTW,92,no_feasible_candidate,,
VRPBTW,93,no_feasible_candidate,,
VRPBTW,94,no_feasible_candidate,,
VRPBTW,95,no_feasible_candidate,,
VRPBTW,96,no_feasible_candidate,,
VRPBTW,97,no_feasible_candidate,,
VRPBTW,98,no_feasible_candidate,,
VRPBTW,99,no_feasible_candidate,,
VRPBTW,100,no_feasible_candidate,,
VRPBTW,101,no_feasible_candidate,,
VRPBTW,102,no_feasible_candidate,,
VRPBTW,103,no_feasible_candidate,,
VRPBTW,104,no_feasible_candidate,,
VRPBTW,105,no_feasible_candidate,,
VRPBTW,106,no_feasible_candidate,,
VRPBTW,107,no_feasible_candidate,,
VRPBTW,108,no_feasible_candidate,,
VRPBTW,109,no_feasible_candidate,,
VRPBTW,110,no_feasible_candidate,,
VRPBTW,111,no_feasible_candidate,,
VRPBTW,112,no_feasible_candidate,,
VRPBTW,113,no_feasible_candidate,,
VRPBTW,114,no_feasible_candidate,,
VRPBTW,115,no_feasible_candidate,,
VRPBTW,116,ok,34.3671287190,31
VRPBTW,117,no_feasible_candidate,,
VRPBTW,118,no_feasible_candidate,,
VRPBTW,119,no_feasible_candidate,,
VRPBTW,120,no_feasible_candidate,,
VRPBTW,121,no_feasible_candidate,,
VRPBTW,122,no_feasible_candidate,,
VRPBTW,123,no_feasible_candidate,,
VRPBTW,124,no_feasible_candidate,,
VRPBTW,125,no_feasible_candidate,,
VRPBTW,126,no_feasible_candidate,,
VRPBTW,127,no_feasible_candidate,,
VRPBTW,128,no_feasible_candidate,,
VRPBTW,129,no_feasible_candidate,,
VRPBTW,130,no_feasible_candidate,,
VRPBTW,131,no_feasible_candidate,,
VRPBTW,132,no_feasible_candidate,,
VRPBTW,133,no_feasible_candidate,,
VRPBTW,134,no_feasible_candidate,,
VRPBTW,135,no_feasible_candidate,,
VRPBTW,136,no_feasible_candidate,,
VRPBTW,137,no_feasible_candidate,,
VRPBTW,138,no_feasible_candidate,,
VRPBTW,139,no_feasible_candidate,,
VRPBTW,140,no_feasible_candidate,,
VRPBTW,141,ok,53.3883085635,32
VRPBTW,142,no_feasible_candidate,,
VRPBTW,143,no_feasible_candidate,,
VRPBTW,144,no_feasible_candidate,,
VRPBTW,145,no_feasible_candidate,,
VRPBTW,146,no_feasible_candidate,,
VRPBTW,147,no_feasible_candidate,,
VRPBTW,148,no_feasible_candidate,,
VRPBTW,149,no_feasible_candidate,,
VRPBTW,150,no_feasible_candidate,,
VRPBTW,151,no_feasible_candidate,,
VRPBTW,152,no_feasible_candidate,,
VRPBTW,153,no_feasible_candidate,,
VRPBTW,154,no_feasible_candidate,,
VRPBTW,155,no_feasible_candidate,,
VRPBTW,156,no_feasible_candidate,,
VRPBTW,157,no_feasible_candidate,,
VRPBTW,158,no_feasible_candidate,,
VRPBTW,159,no_feasible_candidate,,
VRPBTW,160,no_feasible_candidate,,
VRPBTW,161,no_feasible_candidate,,
VRPBTW,162,no_feasible_candidate,,
VRPBTW,163,no_feasible_candidate,,
VRPBTW,164,no_feasible_candidate,,
VRPBTW,165,no_feasible_candidate,,
VRPBTW,166,no_feasible_candidate,,
VRPBTW,167,no_feasible_candidate,,
VRPBTW,168,no_feasible_candidate,,
VRPBTW,169,no_feasible_candidate,,
VRPBTW,170,no_feasible_candidate,,
VRPBTW,171,no_feasible_candidate,,
VRPBTW,172,no_feasible_candidate,,
VRPBTW,173,no_feasible_candidate,,
VRPBTW,174,no_feasible_candidate,,
VRPBTW,175,no_feasible_candidate,,
VRPBTW,176,no_feasible_candidate,,
VRPBTW,177,no_feasible_candidate,,
VRPBTW,178,no_feasible_candidate,,
VRPBTW,179,no_feasible_candidate,,
VRPBTW,180,no_feasible_candidate,,
VRPBTW,181,no_feasible_candidate,,
VRPBTW,182,no_feasible_candidate,,
VRPBTW,183,no_feasible_candidate,,
VRPBTW,184,no_feasible_candidate,,
VRPBTW,185,no_feasible_candidate,,
VRPBTW,186,no_feasible_candidate,,
VRPBTW,187,no_feasible_candidate,,
VRPBTW,188,no_feasible_candidate,,
VRPBTW,189,no_feasible_candidate,,
VRPBTW,190,no_feasible_candidate,,
VRPBTW,191,no_feasible_candidate,,
VRPBTW,192,no_feasible_candidate,,
VRPBTW,193,no_feasible_candidate,,
VRPBTW,194,no_feasible_candidate,,
VRPBTW,195,no_feasible_candidate,,
VRPBTW,196,no_feasible_candidate,,
VRPBTW,197,no_feasible_candidate,,
VRPBTW,198,no_feasible_candidate,,
VRPBTW,199,no_feasible_candidate,,
VRPBTW,200,no_feasible_candidate,,
VRPBTW,201,ok,38.8227603578,33
VRPBTW,202,no_feasible_candidate,,
VRPBTW,203,no_feasible_candidate,,
VRPBTW,204,no_feasible_candidate,,
VRPBTW,205,no_feasible_candidate,,
VRPBTW,206,no_feasible_candidate,,
VRPBTW,207,no_feasible_candidate,,
VRPBTW,208,no_feasible_candidate,,
VRPBTW,209,no_feasible_candidate,,
VRPBTW,210,no_feasible_candidate,,
VRPBTW,211,no_feasible_candidate,,
VRPBTW,212,no_feasible_candidate,,
VRPBTW,213,no_feasible_candidate,,
VRPBTW,214,no_feasible_candidate,,
VRPBTW,215,no_feasible_candidate,,
VRPBTW,216,no_feasible_candidate,,
VRPBTW,217,no_feasible_candidate,,
VRPBTW,218,no_feasible_candidate,,
VRPBTW,219,no_feasible_candidate,,
VRPBTW,220,no_feasible_candidate,,
VRPBTW,221,no_feasible_candidate,,
VRPBTW,222,no_feasible_candidate,,
VRPBTW,223,no_feasible_candidate,,
VRPBTW,224,no_feasible_candidate,,
VRPBTW,225,no_feasible_candidate,,
VRPBTW,226,no_feasible_candidate,,
VRPBTW,227,no_feasible_candidate,,
VRPBTW,228,no_feasible_candidate,,
VRPBTW,229,no_feasible_candidate,,
VRPBTW,230,no_feasible_candidate,,
VRPBTW,231,no_feasible_candidate,,
VRPBTW,232,no_feasible_candidate,,
VRPBTW,233,no_feasible_candidate,,
VRPBTW,234,no_feasible_candidate,,
VRPBTW,235,no_feasible_candidate,,
VRPBTW,236,no_feasible_candidate,,
VRPBTW,237,no_feasible_candidate,,
VRPBTW,238,no_feasible_candidate,,
VRPBTW,239,no_feasible_candidate,,
VRPBTW,240,no_feasible_candidate,,
VRPBTW,241,no_feasible_candidate,,
VRPBTW,242,no_feasible_candidate,,
VRPBTW,243,no_feasible_candidate,,
VRPBTW,244,no_feasible_candidate,,
VRPBTW,245,no_feasible_candidate,,
VRPBTW,246,no_feasible_candidate,,
VRPBTW,247,no_feasible_candidate,,
VRPBTW,248,no_feasible_candidate,,
VRPBTW,249,no_feasible_candidate,,
VRPBTW,250,no_feasible_candidate,,
VRPBTW,251,no_feasible_candidate,,
VRPBTW,252,no_feasible_candidate,,
VRPBTW,253,no_feasible_candidate,,
VRPBTW,254,no_feasible_candidate,,
VRPBTW,255,no_feasible_candidate,,
VRPBTW,256,no_feasible_candidate,,
VRPBTW,257,no_feasible_candidate,,
VRPBTW,258,no_feasible_candidate,,
VRPBTW,259,no_feasible_candidate,,
VRPBTW,260,no_feasible_candidate,,
VRPBTW,261,no_feasible_candidate,,
VRPBTW,262,no_feasible_candidate,,
VRPBTW,263,no_feasible_candidate,,
VRPBTW,264,no_feasible_candidate,,
VRPBTW,265,no_feasible_candidate,,
VRPBTW,266,no_feasible_candidate,,
VRPBTW,267,no_feasible_candidate,,
VRPBTW,268,no_feasible_candidate,,
VRPBTW,269,no_feasible_candidate,,
VRPBTW,270,no_feasible_candidate,,
VRPBTW,271,no_feasible_candidate,,
VRPBTW,272,no_feasible_candidate,,
VRPBTW,273,no_feasible_candidate,,
VRPBTW,274,no_feasible_candidate,,
VRPBTW,275,no_feasible_candidate,,
VRPBTW,276,no_feasible_candidate,,
VRPBTW,277,no_feasible_candidate,,
VRPBTW,278,no_feasible_candidate,,
VRPBTW,279,no_feasible_candidate,,
VRPBTW,280,no_feasible_candidate,,
VRPBTW,281,no_feasible_candidate,,
VRPBTW,282,no_feasible_candidate,,
VRPBTW,283,no_feasible_candidate,,
VRPBTW,284,no_feasible_candidate,,
VRPBTW,285,no_feasible_candidate,,
VRPBTW,286,no_feasible_candidate,,
VRPBTW,287,no_feasible_candidate,,
VRPBTW,288,no_feasible_candidate,,
VRPBTW,289,no_feasible_candidate,,
VRPBTW,290,no_feasible_candidate,,
VRPBTW,291,no_feasible_candidate,,
VRPBTW,292,no_feasible_candidate,,
VRPBTW,293,no_feasible_candidate,,
VRPBTW,294,no_feasible_candidate,,
VRPBTW,295,no_feasible_candidate,,
VRPBTW,296,no_feasible_candidate,,
VRPBTW,297,no_feasible_candidate,,
VRPBTW,298,no_feasible_candidate,,
VRPBTW,299,no_feasible_candidate,,
VRPBTW,300,no_feasible_candidate,,
VRPBTW,301,no_feasible_candidate,,
VRPBTW,302,no_feasible_candidate,,
VRPBTW,303,no_feasible_candidate,,
VRPBTW,304,no_feasible_candidate,,
VRPBTW,305,no_feasible_candidate,,
VRPBTW,306,no_feasible_candidate,,
VRPBTW,307,no_feasible_candidate,,
VRPBTW,308,no_feasible_candidate,,
VRPBTW,309,no_feasible_candidate,,
VRPBTW,310,no_feasible_candidate,,
VRPBTW,311,no_feasible_candidate,,
VRPBTW,312,no_feasible_candidate,,
VRPBTW,313,no_feasible_candidate,,
VRPBTW,314,no_feasible_candidate,,
VRPBTW,315,no_feasible_candidate,,
VRPBTW,316,no_feasible_candidate,,
VRPBTW,317,no_feasible_candidate,,
VRPBTW,318,no_feasible_candidate,,
VRPBTW,319,no_feasible_candidate,,
VRPBTW,320,no_feasible_candidate,,
VRPBTW,321,no_feasible_candidate,,
VRPBTW,322,no_feasible_candidate,,
VRPBTW,323,no_feasible_candidate,,
VRPBTW,324,no_feasible_candidate,,
VRPBTW,325,no_feasible_candidate,,
VRPBTW,326,no_feasible_candidate,,
VRPBTW,327,no_feasible_candidate,,
VRPBTW,328,no_feasible_candidate,,
VRPBTW,329,no_feasible_candidate,,
VRPBTW,330,no_feasible_candidate,,
VRPBTW,331,no_feasible_candidate,,
VRPBTW,332,no_feasible_candidate,,
VRPBTW,333,no_feasible_candidate,,
VRPBTW,334,no_feasible_candidate,,
VRPBTW,335,no_feasible_candidate,,
VRPBTW,336,no_feasible_candidate,,
VRPBTW,337,no_feasible_candidate,,
VRPBTW,338,no_feasible_candidate,,
VRPBTW,339,no_feasible_candidate,,
VRPBTW,340,no_feasible_candidate,,
VRPBTW,341,no_feasible_candidate,,
VRPBTW,342,no_feasible_candidate,,
VRPBTW,343,no_feasible_candidate,,
VRPBTW,344,no_feasible_candidate,,
VRPBTW,345,no_feasible_candidate,,
VRPBTW,346,no_feasible_candidate,,
VRPBTW,347,no_feasible_candidate,,
VRPBTW,348,no_feasible_candidate,,
VRPBTW,349,no_feasible_candidate,,
VRPBTW,350,no_feasible_candidate,,
VRPBTW,351,no_feasible_candidate,,
VRPBTW,352,no_feasible_candidate,,
VRPBTW,353,no_feasible_candidate,,
VRPBTW,354,no_feasible_candidate,,
VRPBTW,355,no_feasible_candidate,,
VRPBTW,356,no_feasible_candidate,,
VRPBTW,357,no_feasible_candidate,,
VRPBTW,358,no_feasible_candidate,,
VRPBTW,359,no_feasible_candidate,,
VRPBTW,360,no_feasible_candidate,,
VRPBTW,361,no_feasible_candidate,,
VRPBTW,362,no_feasible_candidate,,
VRPBTW,363,no_feasible_candidate,,
VRPBTW,364,no_feasible_candidate,,
VRPBTW,365,no_feasible_candidate,,
VRPBTW,366,no_feasible_candidate,,
VRPBTW,367,no_feasible_candidate,,
VRPBTW,368,no_feasible_candidate,,
VRPBTW,369,no_feasible_candidate,,
VRPBTW,370,no_feasible_candidate,,
VRPBTW,371,no_feasible_candidate,,
VRPBTW,372,no_feasible_candidate,,
VRPBTW,373,no_feasible_candidate,,
VRPBTW,374,ok,39.1686215131,34
VRPBTW,375,no_feasible_candidate,,
VRPBTW,376,no_feasible_candidate,,
VRPBTW,377,no_feasible_candidate,,
VRPBTW,378,no_feasible_candidate,,
VRPBTW,379,no_feasible_candidate,,
VRPBTW,380,no_feasible_candidate,,
VRPBTW,381,no_feasible_candidate,,
VRPBTW,382,no_feasible_candidate,,
VRPBTW,383,no_feasible_candidate,,
VRPBTW,384,no_feasible_candidate,,
VRPBTW,385,no_feasible_candidate,,
VRPBTW,386,no_feasible_candidate,,
VRPBTW,387,no_feasible_candidate,,
VRPBTW,388,no_feasible_candidate,,
VRPBTW,389,no_feasible_candidate,,
VRPBTW,390,no_feasible_candidate,,
VRPBTW,391,no_feasible_candidate,,
VRPBTW,392,no_feasible_candidate,,
VRPBTW,393,no_feasible_candidate,,
VRPBTW,394,no_feasible_candidate,,
VRPBTW,395,no_feasible_candidate,,
VRPBTW,396,no_feasible_candidate,,
VRPBTW,397,no_feasible_candidate,,
VRPBTW,398,no_feasible_candidate,,
VRPBTW,399,no_feasible_candidate,,
VRPBTW,400,no_feasible_candidate,,
VRPBTW,401,no_feasible_candidate,,
VRPBTW,402,no_feasible_candidate,,
VRPBTW,403,no_feasible_candidate,,
VRPBTW,404,no_feasible_candidate,,
VRPBTW,405,no_feasible_candidate,,
VRPBTW,406,no_feasible_candidate,,
VRPBTW,407,no_feasible_candidate,,
VRPBTW,408,no_feasible_candidate,,
VRPBTW,409,no_feasible_candidate,,
VRPBTW,410,no_feasible_candidate,,
VRPBTW,411,no_feasible_candidate,,
VRPBTW,412,no_feasible_candidate,,
VRPBTW,413,no_feasible_candidate,,
VRPBTW,414,no_feasible_candidate,,
VRPBTW,415,no_feasible_candidate,,
VRPBTW,416,no_feasible_candidate,,
VRPBTW,417,no_feasible_candidate,,
VRPBTW,418,no_feasible_candidate,,
VRPBTW,419,no_feasible_candidate,,
VRPBTW,420,no_feasible_candidate,,
VRPBTW,421,no_feasible_candidate,,
VRPBTW,422,no_feasible_candidate,,
VRPBTW,423,no_feasible_candidate,,
VRPBTW,424,no_feasible_candidate,,
VRPBTW,425,no_feasible_candidate,,
VRPBTW,426,no_feasible_candidate,,
VRPBTW,427,no_feasible_candidate,,
VRPBTW,428,ok,41.6984256109,32
VRPBTW,429,no_feasible_candidate,,
VRPBTW,430,no_feasible_candidate,,
VRPBTW,431,no_feasible_candidate,,
VRPBTW,432,no_feasible_candidate,,
VRPBTW,433,no_feasible_candidate,,
VRPBTW,434,no_feasible_candidate,,
VRPBTW,435,no_feasible_candidate,,
VRPBTW,436,no_feasible_candidate,,
VRPBTW,437,no_feasible_candidate,,
VRPBTW,438,no_feasible_candidate,,
VRPBTW,439,no_feasible_candidate,,
VRPBTW,440,no_feasible_candidate,,
VRPBTW,441,no_feasible_candidate,,
VRPBTW,442,no_feasible_candidate,,
VRPBTW,443,no_feasible_candidate,,
VRPBTW,444,no_feasible_candidate,,
VRPBTW,445,no_feasible_candidate,,
VRPBTW,446,no_feasible_candidate,,
VRPBTW,447,no_feasible_candidate,,
VRPBTW,448,no_feasible_candidate,,
VRPBTW,449,no_feasible_candidate,,
VRPBTW,450,no_feasible_candidate,,
VRPBTW,451,no_feasible_candidate,,
VRPBTW,452,no_feasible_candidate,,
VRPBTW,453,no_feasible_candidate,,
VRPBTW,454,no_feasible_candidate,,
VRPBTW,455,no_feasible_candidate,,
VRPBTW,456,no_feasible_candidate,,
VRPBTW,457,no_feasible_candidate,,
VRPBTW,458,no_feasible_candidate,,
VRPBTW,459,no_feasible_candidate,,
VRPBTW,460,no_feasible_candidate,,
VRPBTW,461,no_feasible_candidate,,
VRPBTW,462,no_feasible_candidate,,
VRPBTW,463,no_feasible_candidate,,
VRPBTW,464,no_feasible_candidate,,
VRPBTW,465,no_feasible_candidate,,
VRPBTW,466,no_feasible_candidate,,
VRPBTW,467,no_feasible_candidate,,
VRPBTW,468,no_feasible_candidate,,
VRPBTW,469,no_feasible_candidate,,
VRPBTW,470,no_feasible_candidate,,
VRPBTW,471,no_feasible_candidate,,
VRPBTW,472,no_feasible_candidate,,
VRPBTW,473,no_feasible_candidate,,
VRPBTW,474,no_feasible_candidate,,
VRPBTW,475,no_feasible_candidate,,
VRPBTW,476,no_feasible_candidate,,
VRPBTW,477,no_feasible_candidate,,
VRPBTW,478,no_feasible_candidate,,
VRPBTW,479,no_feasible_candidate,,
VRPBTW,480,no_feasible_candidate,,
VRPBTW,481,no_feasible_candidate,,
VRPBTW,482,no_feasible_candidate,,
VRPBTW,483,no_feasible_candidate,,
VRPBTW,484,no_feasible_candidate,,
VRPBTW,485,no_feasible_candidate,,
VRPBTW,486,no_feasible_candidate,,
VRPBTW,487,no_feasible_candidate,,
VRPBTW,488,no_feasible_candidate,,
VRPBTW,489,no_feasible_candidate,,
VRPBTW,490,no_feasible_candidate,,
VRPBTW,491,no_feasible_candidate,,
VRPBTW,492,no_feasible_candidate,,
VRPBTW,493,no_feasible_candidate,,
VRPBTW,494,no_feasible_candidate,,
VRPBTW,495,no_feasible_candidate,,
VRPBTW,496,no_feasible_candidate,,
VRPBTW,497,no_feasible_candidate,,
VRPBTW,498,no_feasible_candidate,,
VRPBTW,499,no_feasible_candidate,,
VRPBTW,500,no_feasible_candidate,,
VRPBTW,501,no_feasible_candidate,,
VRPBTW,502,no_feasible_candidate,,
VRPBTW,503,no_feasible_candidate,,
VRPBTW,504,no_feasible_candidate,,
VRPBTW,505,no_feasible_candidate,,
VRPBTW,506,no_feasible_candidate,,
VRPBTW,507,no_feasible_candidate,,
VRPBTW,508,no_feasible_candidate,,
VRPBTW,509,no_feasible_candidate,,
VRPBTW,510,no_feasible_candidate,,
VRPBTW,511,no_feasible_candidate,,
VRPBTW,512,no_feasible_candidate,,
VRPBTW,513,no_feasible_candidate,,
VRPBTW,514,no_feasible_candidate,,
VRPBTW,515,no_feasible_candidate,,
VRPBTW,516,no_feasible_candidate,,
VRPBTW,517,no_feasible_candidate,,
VRPBTW,518,no_feasible_candidate,,
VRPBTW,519,no_feasible_candidate,,
VRPBTW,520,no_feasible_candidate,,
VRPBTW,521,no_feasible_candidate,,
VRPBTW,522,no_feasible_candidate,,
VRPBTW,523,no_feasible_candidate,,
VRPBTW,524,no_feasible_candidate,,
VRPBTW,525,no_feasible_candidate,,
VRPBTW,526,no_feasible_candidate,,
VRPBTW,527,no_feasible_candidate,,
VRPBTW,528,no_feasible_candidate,,
VRPBTW,529,no_feasible_candidate,,
VRPBTW,530,no_feasible_candidate,,
VRPBTW,531,no_feasible_candidate,,
VRPBTW,532,no_feasible_candidate,,
VRPBTW,533,no_feasible_candidate,,
VRPBTW,534,no_feasible_candidate,,
VRPBTW,535,no_feasible_candidate,,
VRPBTW,536,no_feasible_candidate,,
VRPBTW,537,no_feasible_candidate,,
VRPBTW,538,no_feasible_candidate,,
VRPBTW,539,no_feasible_candidate,,
VRPBTW,540,no_feasible_candidate,,
VRPBTW,541,no_feasible_candidate,,
VRPBTW,542,no_feasible_candidate,,
VRPBTW,543,no_feasible_candidate,,
VRPBTW,544,no_feasible_candidate,,
VRPBTW,545,no_feasible_candidate,,
VRPBTW,546,no_feasible_candidate,,
VRPBTW,547,no_feasible_candidate,,
VRPBTW,548,no_feasible_candidate,,
VRPBTW,549,no_feasible_candidate,,
VRPBTW,550,no_feasible_candidate,,
VRPBTW,551,no_feasible_candidate,,
VRPBTW,552,no_feasible_candidate,,
VRPBTW,553,no_feasible_candidate,,
VRPBTW,554,no_feasible_candidate,,
VRPBTW,555,no_feasible_candidate,,
VRPBTW,556,no_feasible_candidate,,
VRPBTW,557,no_feasible_candidate,,
VRPBTW,558,no_feasible_candidate,,
VRPBTW,559,no_feasible_candidate,,
VRPBTW,560,no_feasible_candidate,,
VRPBTW,561,no_feasible_candidate,,
VRPBTW,562,no_feasible_candidate,,
VRPBTW,563,no_feasible_candidate,,
VRPBTW,564,no_feasible_candidate,,
VRPBTW,565,no_feasible_candidate,,
VRPBTW,566,no_feasible_candidate,,
VRPBTW,567,no_feasible_candidate,,
VRPBTW,568,no_feasible_candidate,,
VRPBTW,569,no_feasible_candidate,,
VRPBTW,570,no_feasible_candidate,,
VRPBTW,571,no_feasible_candidate,,
VRPBTW,572,no_feasible_candidate,,
VRPBTW,573,no_feasible_candidate,,
VRPBTW,574,no_feasible_candidate,,
VRPBTW,575,no_feasible_candidate,,
VRPBTW,576,no_feasible_candidate,,
VRPBTW,577,no_feasible_candidate,,
VRPBTW,578,no_feasible_candidate,,
VRPBTW,579,no_feasible_candidate,,
VRPBTW,580,no_feasible_candidate,,
VRPBTW,581,no_feasible_candidate,,
VRPBTW,582,no_feasible_candidate,,
VRPBTW,583,no_feasible_candidate,,
VRPBTW,584,no_feasible_candidate,,
VRPBTW,585,no_feasible_candidate,,
VRPBTW,586,no_feasible_candidate,,
VRPBTW,587,no_feasible_candidate,,
VRPBTW,588,no_feasible_candidate,,
VRPBTW,589,no_feasible_candidate,,
VRPBTW,590,no_feasible_candidate,,
VRPBTW,591,no_feasible_candidate,,
VRPBTW,592,no_feasible_candidate,,
VRPBTW,593,no_feasible_candidate,,
VRPBTW,594,no_feasible_candidate,,
VRPBTW,595,no_feasible_candidate,,
VRPBTW,596,no_feasible_candidate,,
VRPBTW,597,no_feasible_candidate,,
VRPBTW,598,no_feasible_candidate,,
VRPBTW,599,no_feasible_candidate,,
VRPBTW,600,no_feasible_candidate,,
VRPBTW,601,no_feasible_candidate,,
VRPBTW,602,no_feasible_candidate,,
VRPBTW,603,no_feasible_candidate,,
VRPBTW,604,no_feasible_candidate,,
VRPBTW,605,no_feasible_candidate,,
VRPBTW,606,no_feasible_candidate,,
VRPBTW,607,no_feasible_candidate,,
VRPBTW,608,no_feasible_candidate,,
VRPBTW,609,no_feasible_candidate,,
VRPBTW,610,no_feasible_candidate,,
VRPBTW,611,no_feasible_candidate,,
VRPBTW,612,no_feasible_candidate,,
VRPBTW,613,no_feasible_candidate,,
VRPBTW,614,no_feasible_candidate,,
VRPBTW,615,no_feasible_candidate,,
VRPBTW,616,no_feasible_candidate,,
VRPBTW,617,no_feasible_candidate,,
VRPBTW,618,no_feasible_candidate,,
VRPBTW,619,no_feasible_candidate,,
VRPBTW,620,no_feasible_candidate,,
VRPBTW,621,no_feasible_candidate,,
VRPBTW,622,no_feasible_candidate,,
VRPBTW,623,no_feasible_candidate,,
VRPBTW,624,no_feasible_candidate,,
VRPBTW,625,no_feasible_candidate,,
VRPBTW,626,no_feasible_candidate,,
VRPBTW,627,no_feasible_candidate,,
VRPBTW,628,no_feasible_candidate,,
VRPBTW,629,no_feasible_candidate,,
VRPBTW,630,no_feasible_candidate,,
VRPBTW,631,no_feasible_candidate,,
VRPBTW,632,no_feasible_candidate,,
VRPBTW,633,no_feasible_candidate,,
VRPBTW,634,no_feasible_candidate,,
VRPBTW,635,no_feasible_candidate,,
VRPBTW,636,no_feasible_candidate,,
VRPBTW,637,no_feasible_candidate,,
VRPBTW,638,no_feasible_candidate,,
VRPBTW,639,no_feasible_candidate,,
VRPBTW,640,no_feasible_candidate,,
VRPBTW,641,no_feasible_candidate,,
VRPBTW,642,no_feasible_candidate,,
VRPBTW,643,no_feasible_candidate,,
VRPBTW,644,no_feasible_candidate,,
VRPBTW,645,no_feasible_candidate,,
VRPBTW,646,no_feasible_candidate,,
VRPBTW,647,no_feasible_candidate,,
VRPBTW,648,no_feasible_candidate,,
VRPBTW,649,no_feasible_candidate,,
VRPBTW,650,no_feasible_candidate,,
VRPBTW,651,no_feasible_candidate,,
VRPBTW,652,no_feasible_candidate,,
VRPBTW,653,no_feasible_candidate,,
VRPBTW,654,no_feasible_candidate,,
VRPBTW,655,no_feasible_candidate,,
VRPBTW,656,no_feasible_candidate,,
VRPBTW,657,no_feasible_candidate,,
VRPBTW,658,no_feasible_candidate,,
VRPBTW,659,no_feasible_candidate,,
VRPBTW,660,no_feasible_candidate,,
VRPBTW,661,no_feasible_candidate,,
VRPBTW,662,no_feasible_candidate,,
VRPBTW,663,no_feasible_candidate,,
VRPBTW,664,no_feasible_candidate,,
VRPBTW,665,no_feasible_candidate,,
VRPBTW,666,no_feasible_candidate,,
VRPBTW,667,no_feasible_candidate,,
VRPBTW,668,no_feasible_candidate,,
VRPBTW,669,no_feasible_candidate,,
VRPBTW,670,no_feasible_candidate,,
VRPBTW,671,no_feasible_candidate,,
VRPBTW,672,no_feasible_candidate,,
VRPBTW,673,no_feasible_candidate,,
VRPBTW,674,no_feasible_candidate,,
VRPBTW,675,no_feasible_candidate,,
VRPBTW,676,no_feasible_candidate,,
VRPBTW,677,no_feasible_candidate,,
VRPBTW,678,no_feasible_candidate,,
VRPBTW,679,no_feasible_candidate,,
VRPBTW,680,no_feasible_candidate,,
VRPBTW,681,no_feasible_candidate,,
VRPBTW,682,no_feasible_candidate,,
VRPBTW,683,no_feasible_candidate,,
VRPBTW,684,no_feasible_candidate,,
VRPBTW,685,no_feasible_candidate,,
VRPBTW,686,no_feasible_candidate,,
VRPBTW,687,no_feasible_candidate,,
VRPBTW,688,no_feasible_candidate,,
VRPBTW,689,no_feasible_candidate,,
VRPBTW,690,no_feasible_candidate,,
VRPBTW,691,no_feasible_candidate,,
VRPBTW,692,no_feasible_candidate,,
VRPBTW,693,no_feasible_candidate,,
VRPBTW,694,no_feasible_candidate,,
VRPBTW,695,no_feasible_candidate,,
VRPBTW,696,no_feasible_candidate,,
VRPBTW,697,no_feasible_candidate,,
VRPBTW,698,no_feasible_candidate,,
VRPBTW,699,no_feasible_candidate,,
VRPBTW,700,no_feasible_candidate,,
VRPBTW,701,no_feasible_candidate,,
VRPBTW,702,no_feasible_candidate,,
VRPBTW,703,no_feasible_candidate,,
VRPBTW,704,no_feasible_candidate,,
VRPBTW,705,no_feasible_candidate,,
VRPBTW,706,no_feasible_candidate,,
VRPBTW,707,no_feasible_candidate,,
VRPBTW,708,no_feasible_candidate,,
VRPBTW,709,no_feasible_candidate,,
VRPBTW,710,no_feasible_candidate,,
VRPBTW,711,no_feasible_candidate,,
VRPBTW,712,no_feasible_candidate,,
VRPBTW,713,no_feasible_candidate,,
VRPBTW,714,no_feasible_candidate,,
VRPBTW,715,no_feasible_candidate,,
VRPBTW,716,no_feasible_candidate,,
VRPBTW,717,no_feasible_candidate,,
VRPBTW,718,no_feasible_candidate,,
VRPBTW,719,no_feasible_candidate,,
VRPBTW,720,no_feasible_candidate,,
VRPBTW,721,no_feasible_candidate,,
VRPBTW,722,no_feasible_candidate,,
VRPBTW,723,no_feasible_candidate,,
VRPBTW,724,no_feasible_candidate,,
VRPBTW,725,no_feasible_candidate,,
VRPBTW,726,no_feasible_candidate,,
VRPBTW,727,no_feasible_candidate,,
VRPBTW,728,no_feasible_candidate,,
VRPBTW,729,no_feasible_candidate,,
VRPBTW,730,no_feasible_candidate,,
VRPBTW,731,no_feasible_candidate,,
VRPBTW,732,no_feasible_candidate,,
VRPBTW,733,no_feasible_candidate,,
VRPBTW,734,no_feasible_candidate,,
VRPBTW,735,no_feasible_candidate,,
VRPBTW,736,no_feasible_candidate,,
VRPBTW,737,no_feasible_candidate,,
VRPBTW,738,no_feasible_candidate,,
VRPBTW,739,no_feasible_candidate,,
VRPBTW,740,no_feasible_candidate,,
VRPBTW,741,no_feasible_candidate,,
VRPBTW,742,no_feasible_candidate,,
VRPBTW,743,no_feasible_candidate,,
VRPBTW,744,no_feasible_candidate,,
VRPBTW,745,no_feasible_candidate,,
VRPBTW,746,no_feasible_candidate,,
VRPBTW,747,no_feasible_candidate,,
VRPBTW,748,no_feasible_candidate,,
VRPBTW,749,no_feasible_candidate,,
VRPBTW,750,no_feasible_candidate,,
VRPBTW,751,no_feasible_candidate,,
VRPBTW,752,no_feasible_candidate,,
VRPBTW,753,no_feasible_candidate,,
VRPBTW,754,no_feasible_candidate,,
VRPBTW,755,no_feasible_candidate,,
VRPBTW,756,no_feasible_candidate,,
VRPBTW,757,no_feasible_candidate,,
VRPBTW,758,no_feasible_candidate,,
VRPBTW,759,no_feasible_candidate,,
VRPBTW,760,no_feasible_candidate,,
VRPBTW,761,no_feasible_candidate,,
VRPBTW,762,no_feasible_candidate,,
VRPBTW,763,no_feasible_candidate,,
VRPBTW,764,no_feasible_candidate,,
VRPBTW,765,no_feasible_candidate,,
VRPBTW,766,no_feasible_candidate,,
VRPBTW,767,no_feasible_candidate,,
VRPBTW,768,no_feasible_candidate,,
VRPBTW,769,no_feasible_candidate,,
VRPBTW,770,no_feasible_candidate,,
VRPBTW,771,no_feasible_candidate,,
VRPBTW,772,no_feasible_candidate,,
VRPBTW,773,no_feasible_candidate,,
VRPBTW,774,no_feasible_candidate,,
VRPBTW,775,no_feasible_candidate,,
VRPBTW,776,no_feasible_candidate,,
VRPBTW,777,no_feasible_candidate,,
VRPBTW,778,no_feasible_candidate,,
VRPBTW,779,no_feasible_candidate,,
VRPBTW,780,no_feasible_candidate,,
VRPBTW,781,no_feasible_candidate,,
VRPBTW,782,no_feasible_candidate,,
VRPBTW,783,no_feasible_candidate,,
VRPBTW,784,no_feasible_candidate,,
VRPBTW,785,no_feasible_candidate,,
VRPBTW,786,no_feasible_candidate,,
VRPBTW,787,no_feasible_candidate,,
VRPBTW,788,no_feasible_candidate,,
VRPBTW,789,no_feasible_candidate,,
VRPBTW,790,no_feasible_candidate,,
VRPBTW,791,no_feasible_candidate,,
VRPBTW,792,no_feasible_candidate,,
VRPBTW,793,no_feasible_candidate,,
VRPBTW,794,no_feasible_candidate,,
VRPBTW,795,no_feasible_candidate,,
VRPBTW,796,no_feasible_candidate,,
VRPBTW,797,no_feasible_candidate,,
VRPBTW,798,no_feasible_candidate,,
VRPBTW,799,no_feasible_candidate,,
VRPBTW,800,no_feasible_candidate,,
VRPBTW,801,no_feasible_candidate,,
VRPBTW,802,no_feasible_candidate,,
VRPBTW,803,no_feasible_candidate,,
VRPBTW,804,no_feasible_candidate,,
VRPBTW,805,no_feasible_candidate,,
VRPBTW,806,no_feasible_candidate,,
VRPBTW,807,no_feasible_candidate,,
VRPBTW,808,no_feasible_candidate,,
VRPBTW,809,no_feasible_candidate,,
VRPBTW,810,no_feasible_candidate,,
VRPBTW,811,no_feasible_candidate,,
VRPBTW,812,no_feasible_candidate,,
VRPBTW,813,no_feasible_candidate,,
VRPBTW,814,no_feasible_candidate,,
VRPBTW,815,no_feasible_candidate,,
VRPBTW,816,no_feasible_candidate,,
VRPBTW,817,no_feasible_candidate,,
VRPBTW,818,no_feasible_candidate,,
VRPBTW,819,no_feasible_candidate,,
VRPBTW,820,no_feasible_candidate,,
VRPBTW,821,no_feasible_candidate,,
VRPBTW,822,no_feasible_candidate,,
VRPBTW,823,no_feasible_candidate,,
VRPBTW,824,no_feasible_candidate,,
VRPBTW,825,no_feasible_candidate,,
VRPBTW,826,no_feasible_candidate,,
VRPBTW,827,no_feasible_candidate,,
VRPBTW,828,no_feasible_candidate,,
VRPBTW,829,no_feasible_candidate,,
VRPBTW,830,no_feasible_candidate,,
VRPBTW,831,no_feasible_candidate,,
VRPBTW,832,no_feasible_candidate,,
VRPBTW,833,no_feasible_candidate,,
VRPBTW,834,no_feasible_candidate,,
VRPBTW,835,no_feasible_candidate,,
VRPBTW,836,no_feasible_candidate,,
VRPBTW,837,no_feasible_candidate,,
VRPBTW,838,no_feasible_candidate,,
VRPBTW,839,no_feasible_candidate,,
VRPBTW,840,no_feasible_candidate,,
VRPBTW,841,no_feasible_candidate,,
VRPBTW,842,no_feasible_candidate,,
VRPBTW,843,no_feasible_candidate,,
VRPBTW,844,no_feasible_candidate,,
VRPBTW,845,no_feasible_candidate,,
VRPBTW,846,no_feasible_candidate,,
VRPBTW,847,no_feasible_candidate,,
VRPBTW,848,no_feasible_candidate,,
VRPBTW,849,no_feasible_candidate,,
VRPBTW,850,no_feasible_candidate,,
VRPBTW,851,no_feasible_candidate,,
VRPBTW,852,no_feasible_candidate,,
VRPBTW,853,no_feasible_candidate,,
VRPBTW,854,no_feasible_candidate,,
VRPBTW,855,no_feasible_candidate,,
VRPBTW,856,no_feasible_candidate,,
VRPBTW,857,no_feasible_candidate,,
VRPBTW,858,no_feasible_candidate,,
VRPBTW,859,no_feasible_candidate,,
VRPBTW,860,no_feasible_candidate,,
VRPBTW,861,no_feasible_candidate,,
VRPBTW,862,no_feasible_candidate,,
VRPBTW,863,no_feasible_candidate,,
VRPBTW,864,no_feasible_candidate,,
VRPBTW,865,no_feasible_candidate,,
VRPBTW,866,no_feasible_candidate,,
VRPBTW,867,no_feasible_candidate,,
VRPBTW,868,no_feasible_candidate,,
VRPBTW,869,no_feasible_candidate,,
VRPBTW,870,no_feasible_candidate,,
VRPBTW,871,no_feasible_candidate,,
VRPBTW,872,no_feasible_candidate,,
VRPBTW,873,no_feasible_candidate,,
VRPBTW,874,no_feasible_candidate,,
VRPBTW,875,no_feasible_candidate,,
VRPBTW,876,no_feasible_candidate,,
VRPBTW,877,no_feasible_candidate,,
VRPBTW,878,no_feasible_candidate,,
VRPBTW,879,no_feasible_candidate,,
VRPBTW,880,no_feasible_candidate,,
VRPBTW,881,no_feasible_candidate,,
VRPBTW,882,no_feasible_candidate,,
VRPBTW,883,no_feasible_candidate,,
VRPBTW,884,no_feasible_candidate,,
VRPBTW,885,no_feasible_candidate,,
VRPBTW,886,no_feasible_candidate,,
VRPBTW,887,no_feasible_candidate,,
VRPBTW,888,no_feasible_candidate,,
VRPBTW,889,no_feasible_candidate,,
VRPBTW,890,no_feasible_candidate,,
VRPBTW,891,no_feasible_candidate,,
VRPBTW,892,no_feasible_candidate,,
VRPBTW,893,no_feasible_candidate,,
VRPBTW,894,no_feasible_candidate,,
VRPBTW,895,no_feasible_candidate,,
VRPBTW,896,no_feasible_candidate,,
VRPBTW,897,no_feasible_candidate,,
VRPBTW,898,no_feasible_candidate,,
VRPBTW,899,no_feasible_candidate,,
VRPBTW,900,no_feasible_candidate,,
VRPBTW,901,no_feasible_candidate,,
VRPBTW,902,no_feasible_candidate,,
VRPBTW,903,no_feasible_candidate,,
VRPBTW,904,no_feasible_candidate,,
VRPBTW,905,no_feasible_candidate,,
VRPBTW,906,no_feasible_candidate,,
VRPBTW,907,no_feasible_candidate,,
VRPBTW,908,no_feasible_candidate,,
VRPBTW,909,no_feasible_candidate,,
VRPBTW,910,no_feasible_candidate,,
VRPBTW,911,no_feasible_candidate,,
VRPBTW,912,no_feasible_candidate,,
VRPBTW,913,no_feasible_candidate,,
VRPBTW,914,no_feasible_candidate,,
VRPBTW,915,no_feasible_candidate,,
VRPBTW,916,no_feasible_candidate,,
VRPBTW,917,no_feasible_candidate,,
VRPBTW,918,no_feasible_candidate,,
VRPBTW,919,no_feasible_candidate,,
VRPBTW,920,no_feasible_candidate,,
VRPBTW,921,no_feasible_candidate,,
VRPBTW,922,no_feasible_candidate,,
VRPBTW,923,no_feasible_candidate,,
VRPBTW,924,no_feasible_candidate,,
VRPBTW,925,no_feasible_candidate,,
VRPBTW,926,no_feasible_candidate,,
VRPBTW,927,no_feasible_candidate,,
VRPBTW,928,no_feasible_candidate,,
VRPBTW,929,no_feasible_candidate,,
VRPBTW,930,no_feasible_candidate,,
VRPBTW,931,no_feasible_candidate,,
VRPBTW,932,no_feasible_candidate,,
VRPBTW,933,no_feasible_candidate,,
VRPBTW,934,no_feasible_candidate,,
VRPBTW,935,no_feasible_candidate,,
VRPBTW,936,no_feasible_candidate,,
VRPBTW,937,no_feasible_candidate,,
VRPBTW,938,no_feasible_candidate,,
VRPBTW,939,no_feasible_candidate,,
VRPBTW,940,no_feasible_candidate,,
VRPBTW,941,no_feasible_candidate,,
VRPBTW,942,no_feasible_candidate,,
VRPBTW,943,no_feasible_candidate,,
VRPBTW,944,no_feasible_candidate,,
VRPBTW,945,no_feasible_candidate,,
VRPBTW,946,no_feasible_candidate,,
VRPBTW,947,no_feasible_candidate,,
VRPBTW,948,no_feasible_candidate,,
VRPBTW,949,no_feasible_candidate,,
VRPBTW,950,no_feasible_candidate,,
VRPBTW,951,no_feasible_candidate,,
VRPBTW,952,no_feasible_candidate,,
VRPBTW,953,no_feasible_candidate,,
VRPBTW,954,no_feasible_candidate,,
VRPBTW,955,no_feasible_candidate,,
VRPBTW,956,no_feasible_candidate,,
VRPBTW,957,no_feasible_candidate,,
VRPBTW,958,no_feasible_candidate,,
VRPBTW,959,no_feasible_candidate,,
VRPBTW,960,no_feasible_candidate,,
VRPBTW,961,no_feasible_candidate,,
VRPBTW,962,no_feasible_candidate,,
VRPBTW,963,no_feasible_candidate,,
VRPBTW,964,no_feasible_candidate,,
VRPBTW,965,no_feasible_candidate,,
VRPBTW,966,no_feasible_candidate,,
VRPBTW,967,no_feasible_candidate,,
VRPBTW,968,no_feasible_candidate,,
VRPBTW,969,no_feasible_candidate,,
VRPBTW,970,no_feasible_candidate,,
VRPBTW,971,no_feasible_candidate,,
VRPBTW,972,no_feasible_candidate,,
VRPBTW,973,no_feasible_candidate,,
VRPBTW,974,no_feasible_candidate,,
VRPBTW,975,no_feasible_candidate,,
VRPBTW,976,no_feasible_candidate,,
VRPBTW,977,no_feasible_candidate,,
VRPBTW,978,no_feasible_candidate,,
VRPBTW,979,no_feasible_candidate,,
VRPBTW,980,no_feasible_candidate,,
VRPBTW,981,no_feasible_candidate,,
VRPBTW,982,no_feasible_candidate,,
VRPBTW,983,no_feasible_candidate,,
VRPBTW,984,no_feasible_candidate,,
VRPBTW,985,no_feasible_candidate,,
VRPBTW,986,no_feasible_candidate,,
VRPBTW,987,no_feasible_candidate,,
VRPBTW,988,no_feasible_candidate,,
VRPBTW,989,no_feasible_candidate,,
VRPBTW,990,no_feasible_candidate,,
VRPBTW,991,no_feasible_candidate,,
VRPBTW,992,no_feasible_candidate,,
VRPBTW,993,no_feasible_candidate,,
VRPBTW,994,no_feasible_candidate,,
VRPBTW,995,no_feasible_candidate,,
VRPBTW,996,no_feasible_candidate,,
VRPBTW,997,no_feasible_candidate,,
VRPBTW,998,no_feasible_candidate,,
VRPBTW,999,no_feasible_candidate,,
VRPLTW,0,ok,30.7451379829,26
VRPLTW,1,ok,33.5395394872,28
VRPLTW,2,ok,28.0388771307,28
VRPLTW,3,ok,36.1106166843,31
VRPLTW,4,ok,32.7032156607,28
VRPLTW,5,ok,34.5171154443,29
VRPLTW,6,ok,33.0156269053,28
VRPLTW,7,ok,31.9148913577,28
VRPLTW,8,ok,35.0038243918,27
VRPLTW,9,ok,45.8395685855,28
VRPLTW,10,ok,24.7237833951,27
VRPLTW,11,ok,33.1453056276,28
VRPLTW,12,ok,25.9533088016,25
VRPLTW,13,ok,30.6958121535,28
VRPLTW,14,ok,45.8736347755,32
VRPLTW,15,ok,33.7626532768,30
VRPLTW,16,ok,30.7424961548,29
VRPLTW,17,ok,27.5572759859,27
VRPLTW,18,ok,34.5444734033,30
VRPLTW,19,ok,30.7919968554,29
VRPLTW,20,ok,26.0974190732,27
VRPLTW,21,ok,30.5059784125,29
VRPLTW,22,ok,47.0713195806,29
VRPLTW,23,ok,35.2999522741,30
VRPLTW,24,ok,43.8696471474,30
VRPLTW,25,ok,27.9718338340,28
VRPLTW,26,ok,29.3499928913,30
VRPLTW,27,ok,42.8166798379,28
VRPLTW,28,ok,36.3486268950,30
VRPLTW,29,ok,28.9311040280,27
VRPLTW,30,ok,34.8909987662,28
VRPLTW,31,ok,39.2856349821,31
VRPLTW,32,ok,50.2355909566,30
VRPLTW,33,ok,37.0023084740,28
VRPLTW,34,ok,27.8882039815,27
VRPLTW,35,ok,34.1547782289,27
VRPLTW,36,ok,23.7950533384,25
VRPLTW,37,ok,28.9276698047,30
VRPLTW,38,ok,41.6243775762,29
VRPLTW,39,ok,24.9971678836,27
VRPLTW,40,ok,26.1067800417,25
VRPLTW,41,ok,30.9766973325,27
VRPLTW,42,ok,34.7907671949,28
VRPLTW,43,ok,23.9178364987,27
VRPLTW,44,ok,30.9227475454,26
VRPLTW,45,ok,29.5225666899,27
VRPLTW,46,ok,29.8347909588,26
VRPLTW,47,ok,41.3353629808,31
VRPLTW,48,ok,40.4464612819,26
VRPLTW,49,ok,31.4893357881,28
VRPLTW,50,ok,37.1781462652,29
VRPLTW,51,ok,36.8328172422,26
VRPLTW,52,ok,33.8027520842,30
VRPLTW,53,ok,28.4650850703,28
VRPLTW,54,ok,32.1840362278,27
VRPLTW,55,ok,32.5865931439,28
VRPLTW,56,ok,25.0917361454,27
VRPLTW,57,ok,35.3356770517,29
VRPLTW,58,ok,33.3439793205,29
VRPLTW,59,ok,26.5645358943,25
VRPLTW,60,ok,30.0344179078,28
VRPLTW,61,ok,32.5908606511,27
VRPLTW,62,ok,40.1742282583,29
VRPLTW,63,ok,27.8514918797,31
VRPLTW,64,ok,35.5235638832,28
VRPLTW,65,ok,38.6152685984,28
VRPLTW,66,ok,36.8481456486,30
VRPLTW,67,ok,36.8141248590,29
VRPLTW,68,ok,35.7332887970,27
VRPLTW,69,ok,29.6042056586,27
VRPLTW,70,ok,52.5356402964,31
VRPLTW,71,ok,29.6523868164,30
VRPLTW,72,ok,33.5342786264,29
VRPLTW,73,ok,30.4103701667,27
VRPLTW,74,ok,26.9504765663,28
VRPLTW,75,ok,33.9757018303,28
VRPLTW,76,ok,30.4102242336,28
VRPLTW,77,ok,33.6345821482,29
VRPLTW,78,ok,32.4468695413,30
VRPLTW,79,ok,50.5080071980,30
VRPLTW,80,ok,28.8529882006,29
VRPLTW,81,ok,29.1844561341,28
VRPLTW,82,ok,42.0178268010,30
VRPLTW,83,ok,24.5199035451,26
VRPLTW,84,ok,29.8730741618,28
VRPLTW,85,ok,24.8957501419,27
VRPLTW,86,ok,34.0286720456,28
VRPLTW,87,ok,26.7991981884,27
VRPLTW,88,ok,29.6873295290,29
VRPLTW,89,ok,33.1958829750,27
VRPLTW,90,ok,35.9237584712,27
VRPLTW,91,ok,30.0588063050,29
VRPLTW,92,ok,41.1674875026,29
VRPLTW,93,ok,30.0765720336,25
VRPLTW,94,ok,27.7696232594,27
VRPLTW,95,ok,33.3462505209,27
VRPLTW,96,ok,28.3645321597,29
VRPLTW,97,ok,28.1279912881,29
VRPLTW,98,ok,46.3623007258,29
VRPLTW,99,ok,26.2358448468,26
VRPLTW,100,ok,26.5328731442,23
VRPLTW,101,ok,37.9800354151,28
VRPLTW,102,ok,32.7203678452,28
VRPLTW,103,ok,32.6288174856,28
VRPLTW,104,ok,27.3609644517,31
VRPLTW,105,ok,28.1542631840,29
VRPLTW,106,ok,30.0085648621,28
VRPLTW,107,ok,28.6293712394,26
VRPLTW,108,ok,27.8585252445,28
VRPLTW,109,ok,36.3799359283,29
VRPLTW,110,ok,35.6316533176,30
VRPLTW,111,ok,29.0470649280,25
VRPLTW,112,ok,39.4571611779,29
VRPLTW,113,ok,25.8478287610,29
VRPLTW,114,ok,35.9117748290,29
VRPLTW,115,ok,23.0746366295,25
VRPLTW,116,ok,34.4840373937,26
VRPLTW,117,ok,28.6509835601,29
VRPLTW,118,ok,42.0845080394,27
VRPLTW,119,ok,28.9042824883,26
VRPLTW,120,ok,39.4079811175,29
VRPLTW,121,ok,30.5624006162,26
VRPLTW,122,ok,41.2624101693,28
VRPLTW,123,ok,32.8909364095,29
VRPLTW,124,ok,26.4459257945,27
VRPLTW,125,ok,31.7091138612,28
VRPLTW,126,ok,25.8341576887,26
VRPLTW,127,ok,28.9883494973,27
VRPLTW,128,ok,26.4346338985,28
VRPLTW,129,ok,34.1924992054,27
VRPLTW,130,ok,29.4035495858,26
VRPLTW,131,ok,30.3333293824,31
VRPLTW,132,ok,37.3896596536,27
VRPLTW,133,ok,25.2758311226,25
VRPLTW,134,ok,33.2807324105,30
VRPLTW,135,ok,37.6563972745,30
VRPLTW,136,ok,33.8871502428,27
VRPLTW,137,ok,28.5675529053,28
VRPLTW,138,ok,27.7379064198,28
VRPLTW,139,ok,25.0958616791,25
VRPLTW,140,ok,29.5138716735,28
VRPLTW,141,ok,39.5284892112,29
VRPLTW,142,ok,54.3780524667,31
VRPLTW,143,ok,28.7368573271,27
VRPLTW,144,ok,34.6187283499,31
VRPLTW,145,ok,36.0516299884,27
VRPLTW,146,ok,33.9574830989,29
VRPLTW,147,ok,27.2876703228,27
VRPLTW,148,ok,57.5588536000,31
VRPLTW,149,ok,34.0032481269,27
VRPLTW,150,ok,36.3231833744,28
VRPLTW,151,ok,29.7933545801,27
VRPLTW,152,ok,48.1555666274,30
VRPLTW,153,ok,56.1057343081,32
VRPLTW,154,ok,26.8463322698,28
VRPLTW,155,ok,34.8858448602,27
VRPLTW,156,ok,29.6033984830,29
VRPLTW,157,ok,26.4233051365,28
VRPLTW,158,ok,34.9583585004,26
VRPLTW,159,ok,34.7379962114,28
VRPLTW,160,ok,25.7952673422,28
VRPLTW,161,ok,26.9208956159,27
VRPLTW,162,ok,29.9956745037,28
VRPLTW,163,ok,46.5766180682,30
VRPLTW,164,ok,29.6153867242,29
VRPLTW,165,ok,33.2455116198,27
VRPLTW,166,ok,32.9888850514,28
VRPLTW,167,ok,30.0341717638,29
VRPLTW,168,ok,24.8325433172,26
VRPLTW,169,ok,35.9555532695,29
VRPLTW,170,ok,38.3310701287,30
VRPLTW,171,ok,24.5196231260,26
VRPLTW,172,ok,28.2471690472,30
VRPLTW,173,ok,35.4656435653,30
VRPLTW,174,ok,30.6300078535,27
VRPLTW,175,ok,36.6313028308,28
VRPLTW,176,ok,29.1585237876,29
VRPLTW,177,ok,27.4499148725,28
VRPLTW,178,ok,37.4191879164,29
VRPLTW,179,ok,28.2559099751,26
VRPLTW,180,ok,32.6134427926,28
VRPLTW,181,ok,55.0643222404,31
VRPLTW,182,ok,42.1329342270,28
VRPLTW,183,ok,37.5587988373,28
VRPLTW,184,ok,30.6187234984,28
VRPLTW,185,ok,43.7243499060,28
VRPLTW,186,ok,44.1619474650,31
VRPLTW,187,ok,31.5244744592,26
VRPLTW,188,ok,39.7391463231,30
VRPLTW,189,ok,29.2306750270,28
VRPLTW,190,ok,24.3635701549,25
VRPLTW,191,ok,44.3424463816,27
VRPLTW,192,ok,42.2389165631,28
VRPLTW,193,ok,37.9648232905,29
VRPLTW,194,ok,33.5944144511,29
VRPLTW,195,ok,33.8295595605,25
VRPLTW,196,ok,33.8203174474,27
VRPLTW,197,ok,39.4723772838,30
VRPLTW,198,ok,33.5363252488,27
VRPLTW,199,ok,27.7676491816,26
VRPLTW,200,ok,47.0311468798,33
VRPLTW,201,ok,33.8380455281,28
VRPLTW,202,ok,30.7750225565,28
VRPLTW,203,ok,35.6744267398,28
VRPLTW,204,ok,35.7361499538,28
VRPLTW,205,ok,25.8921173962,25
VRPLTW,206,ok,29.1197984335,27
VRPLTW,207,ok,39.7487696416,30
VRPLTW,208,ok,46.9534862822,30
VRPLTW,209,ok,41.9808102058,29
VRPLTW,210,ok,33.8815469843,29
VRPLTW,211,ok,30.2617607821,31
VRPLTW,212,ok,38.3109119271,30
VRPLTW,213,ok,37.7109962504,28
VRPLTW,214,ok,38.4067065120,28
VRPLTW,215,ok,35.1144477517,29
VRPLTW,216,ok,35.6392506639,29
VRPLTW,217,ok,31.6415734956,29
VRPLTW,218,ok,33.7475783224,27
VRPLTW,219,ok,26.5835625892,26
VRPLTW,220,ok,39.1228432454,28
VRPLTW,221,ok,30.3745989481,27
VRPLTW,222,ok,35.1348435894,28
VRPLTW,223,ok,32.1024892536,26
VRPLTW,224,ok,24.1208505434,25
VRPLTW,225,ok,30.3767176139,27
VRPLTW,226,ok,31.1811118083,29
VRPLTW,227,ok,38.7270692992,29
VRPLTW,228,ok,29.6143293176,27
VRPLTW,229,ok,27.5017674041,25
VRPLTW,230,ok,37.7514572340,28
VRPLTW,231,ok,42.2892186880,29
VRPLTW,232,ok,32.3952143717,29
VRPLTW,233,ok,30.8468026657,28
VRPLTW,234,ok,43.7453565417,29
VRPLTW,235,ok,40.5643505017,28
VRPLTW,236,ok,59.9124048326,35
VRPLTW,237,ok,28.5709255764,25
VRPLTW,238,ok,39.9992034538,28
VRPLTW,239,ok,32.3726677156,28
VRPLTW,240,ok,29.9819397036,29
VRPLTW,241,ok,45.0310972223,28
VRPLTW,242,ok,28.1604295149,26
VRPLTW,243,ok,33.2115924336,27
VRPLTW,244,ok,36.2366401486,29
VRPLTW,245,ok,35.1947228671,27
VRPLTW,246,ok,34.3954583239,29
VRPLTW,247,ok,28.7525487915,29
VRPLTW,248,ok,39.1006225455,30
VRPLTW,249,ok,37.9060434971,31
VRPLTW,250,ok,55.7973635531,33
VRPLTW,251,ok,39.6890825481,29
VRPLTW,252,ok,31.0940007047,29
VRPLTW,253,ok,37.0853648865,29
VRPLTW,254,ok,27.9108743683,28
VRPLTW,255,ok,37.2009764920,26
VRPLTW,256,ok,40.7823699670,29
VRPLTW,257,ok,47.0141024890,31
VRPLTW,258,ok,40.8120537750,28
VRPLTW,259,ok,31.3594695059,29
VRPLTW,260,ok,38.8273771470,27
VRPLTW,261,ok,30.7902571462,29
VRPLTW,262,ok,36.1386622418,32
VRPLTW,263,ok,30.1714058255,27
VRPLTW,264,ok,55.1782568130,32
VRPLTW,265,ok,39.0363924462,30
VRPLTW,266,ok,29.7837679377,28
VRPLTW,267,ok,31.6686348132,28
VRPLTW,268,ok,53.0840016595,31
VRPLTW,269,ok,34.0617987457,25
VRPLTW,270,ok,33.6989532111,27
VRPLTW,271,ok,33.4806249641,26
VRPLTW,272,ok,28.7378644596,30
VRPLTW,273,ok,33.0777019532,28
VRPLTW,274,ok,28.0430033230,27
VRPLTW,275,ok,29.9945839978,27
VRPLTW,276,ok,29.2409460367,26
VRPLTW,277,ok,51.8904003809,30
VRPLTW,278,ok,26.1227829951,25
VRPLTW,279,ok,43.6744518448,29
VRPLTW,280,ok,28.0291806665,29
VRPLTW,281,ok,27.2547984228,28
VRPLTW,282,ok,37.6201131624,30
VRPLTW,283,ok,42.2425665223,29
VRPLTW,284,ok,44.5821926057,30
VRPLTW,285,ok,45.0523205538,29
VRPLTW,286,ok,47.1732260763,29
VRPLTW,287,ok,31.0366636541,27
VRPLTW,288,ok,39.3416323666,30
VRPLTW,289,ok,26.1005641856,25
VRPLTW,290,ok,46.1377210774,31
VRPLTW,291,ok,38.1965236444,29
VRPLTW,292,ok,32.1933750894,28
VRPLTW,293,ok,26.5745387538,28
VRPLTW,294,ok,31.1314330763,27
VRPLTW,295,ok,26.9276476365,28
VRPLTW,296,ok,26.1447372171,26
VRPLTW,297,ok,43.8168219154,30
VRPLTW,298,ok,36.8047853826,29
VRPLTW,299,ok,26.6366719607,24
VRPLTW,300,ok,25.7151875120,25
VRPLTW,301,ok,34.7361983180,28
VRPLTW,302,ok,30.9700431600,27
VRPLTW,303,ok,26.4764547175,27
VRPLTW,304,ok,30.6608296945,26
VRPLTW,305,ok,37.8279263399,29
VRPLTW,306,ok,37.2421162189,29
VRPLTW,307,ok,25.9928264058,27
VRPLTW,308,ok,38.3253235443,27
VRPLTW,309,ok,33.7926698752,27
VRPLTW,310,ok,28.1631716730,27
VRPLTW,311,ok,35.1363248546,28
VRPLTW,312,ok,30.2437995348,26
VRPLTW,313,ok,39.6974830685,28
VRPLTW,314,ok,28.3210255775,27
VRPLTW,315,ok,30.0547773604,27
VRPLTW,316,ok,39.8823218545,28
VRPLTW,317,ok,27.8429817456,25
VRPLTW,318,ok,33.2349199446,29
VRPLTW,319,ok,28.3132132707,29
VRPLTW,320,ok,31.0031947831,31
VRPLTW,321,ok,49.0110806333,32
VRPLTW,322,ok,40.8150025293,30
VRPLTW,323,ok,28.2220383622,30
VRPLTW,324,ok,33.4786291219,29
VRPLTW,325,ok,39.6655933147,30
VRPLTW,326,ok,26.0137884795,26
VRPLTW,327,ok,33.8331031600,29
VRPLTW,328,ok,33.5431376713,30
VRPLTW,329,ok,44.6924392820,33
VRPLTW,330,ok,41.1071511682,30
VRPLTW,331,ok,34.4224248777,28
VRPLTW,332,ok,38.7853273617,30
VRPLTW,333,ok,26.8279953292,27
VRPLTW,334,ok,32.7995153484,28
VRPLTW,335,ok,41.3691357255,28
VRPLTW,336,ok,32.8999858876,29
VRPLTW,337,ok,46.3154321353,29
VRPLTW,338,ok,30.1594821469,29
VRPLTW,339,ok,34.7758814809,32
VRPLTW,340,ok,25.4081838921,26
VRPLTW,341,ok,37.6950357303,28
VRPLTW,342,ok,39.6601529671,28
VRPLTW,343,ok,36.4856667981,28
VRPLTW,344,ok,60.6333249318,32
VRPLTW,345,ok,29.0850844672,32
VRPLTW,346,ok,42.2594171048,30
VRPLTW,347,ok,28.6140534354,24
VRPLTW,348,ok,40.9894647835,30
VRPLTW,349,ok,28.2777365263,28
VRPLTW,350,ok,28.0947963855,28
VRPLTW,351,ok,28.8061007715,26
VRPLTW,352,ok,43.3101388497,30
VRPLTW,353,ok,35.5602849525,28
VRPLTW,354,ok,34.9627323979,30
VRPLTW,355,ok,36.1556133046,29
VRPLTW,356,ok,36.8116287448,28
VRPLTW,357,ok,34.7941869286,30
VRPLTW,358,ok,41.6947975300,29
VRPLTW,359,ok,35.3155089575,30
VRPLTW,360,ok,32.8390005685,26
VRPLTW,361,ok,42.6057617011,31
VRPLTW,362,ok,35.9162076937,28
VRPLTW,363,ok,28.6562351493,28
VRPLTW,364,ok,26.2627184280,26
VRPLTW,365,ok,33.5697880353,27
VRPLTW,366,ok,36.1582173698,28
VRPLTW,367,ok,39.9805400028,29
VRPLTW,368,ok,33.7099564326,28
VRPLTW,369,ok,33.2158756247,29
VRPLTW,370,ok,30.6378205071,26
VRPLTW,371,ok,41.4704679205,30
VRPLTW,372,ok,34.1197573063,28
VRPLTW,373,ok,35.1173178740,27
VRPLTW,374,ok,45.3540903633,31
VRPLTW,375,ok,27.3903086391,27
VRPLTW,376,ok,32.6003545364,27
VRPLTW,377,ok,30.8726994013,30
VRPLTW,378,ok,40.4919725893,28
VRPLTW,379,ok,25.8539995033,27
VRPLTW,380,ok,33.8563287550,28
VRPLTW,381,ok,37.0403499981,27
VRPLTW,382,ok,38.4279119411,28
VRPLTW,383,ok,32.2984659985,31
VRPLTW,384,ok,35.9133264834,26
VRPLTW,385,ok,38.2744378834,28
VRPLTW,386,ok,28.4493391180,25
VRPLTW,387,ok,35.0006920167,30
VRPLTW,388,ok,26.1809230525,28
VRPLTW,389,ok,41.9332104867,30
VRPLTW,390,ok,30.6323481531,28
VRPLTW,391,ok,28.7176113883,26
VRPLTW,392,ok,36.6598166244,28
VRPLTW,393,ok,28.2363098776,29
VRPLTW,394,ok,38.3983948004,29
VRPLTW,395,ok,31.9735978294,28
VRPLTW,396,ok,52.0502960995,34
VRPLTW,397,ok,48.9864131379,30
VRPLTW,398,ok,33.6145144101,28
VRPLTW,399,ok,37.4030243178,28
VRPLTW,400,ok,28.7801999405,28
VRPLTW,401,ok,45.4786458125,29
VRPLTW,402,ok,36.1808484210,28
VRPLTW,403,ok,52.1757810921,31
VRPLTW,404,ok,44.8679913171,30
VRPLTW,405,ok,34.6520334970,28
VRPLTW,406,ok,29.2621083978,31
VRPLTW,407,ok,29.0978624713,31
VRPLTW,408,ok,28.7846496401,29
VRPLTW,409,ok,30.3182648233,28
VRPLTW,410,ok,32.3575634707,29
VRPLTW,411,ok,33.7238725605,27
VRPLTW,412,ok,27.5659663534,29
VRPLTW,413,ok,30.0034808536,28
VRPLTW,414,ok,23.3528107063,28
VRPLTW,415,ok,25.0400622250,27
VRPLTW,416,ok,26.3695000053,27
VRPLTW,417,ok,30.3707682147,30
VRPLTW,418,ok,27.7103267729,28
VRPLTW,419,ok,28.8167983427,26
VRPLTW,420,ok,41.2958431662,29
VRPLTW,421,ok,25.5045679328,27
VRPLTW,422,ok,42.6813484501,29
VRPLTW,423,ok,27.0581562357,26
VRPLTW,424,ok,47.8197917904,30
VRPLTW,425,ok,26.8968316675,26
VRPLTW,426,ok,30.8474798998,25
VRPLTW,427,ok,31.4302053090,25
VRPLTW,428,ok,28.7223844070,27
VRPLTW,429,ok,44.3483942299,32
VRPLTW,430,ok,28.3769279710,27
VRPLTW,431,ok,35.3136026337,26
VRPLTW,432,ok,36.1339533325,26
VRPLTW,433,ok,28.3860611573,29
VRPLTW,434,ok,33.9435348045,27
VRPLTW,435,ok,44.8316949489,28
VRPLTW,436,ok,26.2526606858,25
VRPLTW,437,ok,33.9688070694,30
VRPLTW,438,ok,36.7889400424,28
VRPLTW,439,ok,41.9467236667,32
VRPLTW,440,ok,48.1787053251,30
VRPLTW,441,ok,29.4091109283,29
VRPLTW,442,ok,25.9585524524,29
VRPLTW,443,ok,23.9707743775,25
VRPLTW,444,ok,30.6146617333,27
VRPLTW,445,ok,40.3963139804,30
VRPLTW,446,ok,32.5936159550,30
VRPLTW,447,ok,37.9061642798,29
VRPLTW,448,ok,34.1588651542,30
VRPLTW,449,ok,37.2147059461,27
VRPLTW,450,ok,36.3529083913,26
VRPLTW,451,ok,34.1551405591,30
VRPLTW,452,ok,35.1309581681,30
VRPLTW,453,ok,36.7711123790,29
VRPLTW,454,ok,37.1332063616,29
VRPLTW,455,ok,36.5755111055,27
VRPLTW,456,ok,28.0602748888,26
VRPLTW,457,ok,32.8714292667,28
VRPLTW,458,ok,29.4666190998,27
VRPLTW,459,ok,36.6439769538,26
VRPLTW,460,ok,37.6510113816,28
VRPLTW,461,ok,38.4961644233,28
VRPLTW,462,ok,31.8054519439,27
VRPLTW,463,ok,38.6576698580,29
VRPLTW,464,ok,28.9950141488,26
VRPLTW,465,ok,28.6960482418,28
VRPLTW,466,ok,31.7978860363,24
VRPLTW,467,ok,31.2386054718,27
VRPLTW,468,ok,39.9883286408,30
VRPLTW,469,ok,46.6056651196,29
VRPLTW,470,ok,35.0286259995,28
VRPLTW,471,ok,35.2421011458,28
VRPLTW,472,ok,33.1957732562,26
VRPLTW,473,ok,29.3364714898,25
VRPLTW,474,ok,24.6186348915,28
VRPLTW,475,ok,30.6309581919,30
VRPLTW,476,ok,42.2531772914,30
VRPLTW,477,ok,31.0526553912,29
VRPLTW,478,ok,26.8211561663,25
VRPLTW,479,ok,28.4174944843,27
VRPLTW,480,ok,27.9349848399,27
VRPLTW,481,ok,31.4671069817,26
VRPLTW,482,ok,26.7609807548,25
VRPLTW,483,ok,40.2896959131,28
VRPLTW,484,ok,33.8488429994,28
VRPLTW,485,ok,27.4659606682,28
VRPLTW,486,ok,36.8303739378,27
VRPLTW,487,ok,34.1482110867,26
VRPLTW,488,ok,31.6564282711,28
VRPLTW,489,ok,35.1929863664,29
VRPLTW,490,ok,31.3191239240,29
VRPLTW,491,ok,29.6612655397,29
VRPLTW,492,ok,33.8860511135,27
VRPLTW,493,ok,27.8787028079,28
VRPLTW,494,ok,29.1431450138,28
VRPLTW,495,ok,33.7217397316,27
VRPLTW,496,ok,43.8726000030,29
VRPLTW,497,ok,32.3732102580,27
VRPLTW,498,ok,28.1756555719,27
VRPLTW,499,ok,29.2008151725,26
VRPLTW,500,ok,32.6108806477,26
VRPLTW,501,ok,40.4102328013,28
VRPLTW,502,ok,41.9726233694,28
VRPLTW,503,ok,32.0201117117,30
VRPLTW,504,ok,32.5387436775,28
VRPLTW,505,ok,28.1489652225,27
VRPLTW,506,ok,33.4177310044,29
VRPLTW,507,ok,43.9555390909,29
VRPLTW,508,ok,44.2905556361,30
VRPLTW,509,ok,32.8881172262,27
VRPLTW,510,ok,27.3350598193,27
VRPLTW,511,ok,27.8715389001,27
VRPLTW,512,ok,27.0930959631,26
VRPLTW,513,ok,28.7439482939,29
VRPLTW,514,ok,32.0321070322,30
VRPLTW,515,ok,34.4567934099,29
VRPLTW,516,ok,31.2519000628,27
VRPLTW,517,ok,49.9252537393,30
VRPLTW,518,ok,26.7454304392,25
VRPLTW,519,ok,29.6401855645,29
VRPLTW,520,ok,35.0529171789,29
VRPLTW,521,ok,47.3158287495,29
VRPLTW,522,ok,25.9154577649,27
VRPLTW,523,ok,29.2242283967,30
VRPLTW,524,ok,53.6030709303,32
VRPLTW,525,ok,46.2900516512,30
VRPLTW,526,ok,38.4051171047,29
VRPLTW,527,ok,39.9415240372,29
VRPLTW,528,ok,30.1792867775,27
VRPLTW,529,ok,31.4997989528,27
VRPLTW,530,ok,23.8653958766,25
VRPLTW,531,ok,26.5859830304,28
VRPLTW,532,ok,38.6932368647,28
VRPLTW,533,ok,29.3090981080,27
VRPLTW,534,ok,36.6053469783,30
VRPLTW,535,ok,50.9818407760,29
VRPLTW,536,ok,29.4920122033,26
VRPLTW,537,ok,37.8395345476,28
VRPLTW,538,ok,35.0723404309,28
VRPLTW,539,ok,34.7342586155,29
VRPLTW,540,ok,38.4285076070,28
VRPLTW,541,ok,42.0444315003,27
VRPLTW,542,ok,32.1846138299,25
VRPLTW,543,ok,33.1725961547,28
VRPLTW,544,ok,35.0018686651,29
VRPLTW,545,ok,39.0335895342,30
VRPLTW,546,ok,25.7752400821,27
VRPLTW,547,ok,28.6322594351,29
VRPLTW,548,ok,25.7027224038,27
VRPLTW,549,ok,46.8281898044,30
VRPLTW,550,ok,29.8511588789,28
VRPLTW,551,ok,38.7640833800,31
VRPLTW,552,ok,29.4537591477,26
VRPLTW,553,ok,31.1207507117,30
VRPLTW,554,ok,29.2183133473,27
VRPLTW,555,ok,30.0096729653,25
VRPLTW,556,ok,39.8878717194,30
VRPLTW,557,ok,30.9824604844,28
VRPLTW,558,ok,24.3014191967,26
VRPLTW,559,ok,45.7744746819,30
VRPLTW,560,ok,38.1052635018,31
VRPLTW,561,ok,28.2396008968,26
VRPLTW,562,ok,28.8885227049,28
VRPLTW,563,ok,58.7316564976,33
VRPLTW,564,ok,35.6311252638,28
VRPLTW,565,ok,36.1638881836,32
VRPLTW,566,ok,34.8237907523,29
VRPLTW,567,ok,48.0290197014,33
VRPLTW,568,ok,26.4046961323,27
VRPLTW,569,ok,31.6225921456,28
VRPLTW,570,ok,34.1065249801,30
VRPLTW,571,ok,38.5569324713,31
VRPLTW,572,ok,30.8685682040,29
VRPLTW,573,ok,33.8696392540,25
VRPLTW,574,ok,31.9780489742,28
VRPLTW,575,ok,28.9437937980,27
VRPLTW,576,ok,40.9073159690,30
VRPLTW,577,ok,33.6759835689,27
VRPLTW,578,ok,47.8854139073,29
VRPLTW,579,ok,40.9213258568,27
VRPLTW,580,ok,41.6196673308,31
VRPLTW,581,ok,26.0854341981,26
VRPLTW,582,ok,37.8503568083,29
VRPLTW,583,ok,29.4389402790,28
VRPLTW,584,ok,30.4174481571,27
VRPLTW,585,ok,34.4363197906,28
VRPLTW,586,ok,47.8079309506,29
VRPLTW,587,ok,30.9025824273,27
VRPLTW,588,ok,36.9133463668,26
VRPLTW,589,ok,31.2104363767,27
VRPLTW,590,ok,31.0035441201,25
VRPLTW,591,ok,34.2658436545,28
VRPLTW,592,ok,31.5198967355,28
VRPLTW,593,ok,43.2029852722,28
VRPLTW,594,ok,35.8030606956,30
VRPLTW,595,ok,26.0592919479,27
VRPLTW,596,ok,33.8808811552,30
VRPLTW,597,ok,38.4239938021,27
VRPLTW,598,ok,44.9162271336,29
VRPLTW,599,ok,34.4636147573,27
VRPLTW,600,ok,33.9922364238,26
VRPLTW,601,ok,25.8488578971,26
VRPLTW,602,ok,37.0505367778,28
VRPLTW,603,ok,25.0753318175,26
VRPLTW,604,ok,27.0715748975,25
VRPLTW,605,ok,32.9923037907,28
VRPLTW,606,ok,39.6049547447,29
VRPLTW,607,ok,32.6548899012,27
VRPLTW,608,ok,31.4802463977,29
VRPLTW,609,ok,41.0509453702,29
VRPLTW,610,ok,32.9991450524,30
VRPLTW,611,ok,44.9377614233,30
VRPLTW,612,ok,47.3441795412,31
VRPLTW,613,ok,37.0448404903,30
VRPLTW,614,ok,31.9111828252,28
VRPLTW,615,ok,45.5389352617,30
VRPLTW,616,ok,29.4961914629,30
VRPLTW,617,ok,35.8749028859,25
VRPLTW,618,ok,39.1434274837,30
VRPLTW,619,ok,32.1763244614,28
VRPLTW,620,ok,26.4553909616,26
VRPLTW,621,ok,42.7868718885,28
VRPLTW,622,ok,41.5971438744,31
VRPLTW,623,ok,32.3709752207,29
VRPLTW,624,ok,28.9479963400,29
VRPLTW,625,ok,35.3221725441,25
VRPLTW,626,ok,28.5868935505,26
VRPLTW,627,ok,41.8940998718,32
VRPLTW,628,ok,44.5750247315,30
VRPLTW,629,ok,30.7952990315,25
VRPLTW,630,ok,29.4934585409,25
VRPLTW,631,ok,36.8271481103,26
VRPLTW,632,ok,35.1153573340,26
VRPLTW,633,ok,33.5283440478,27
VRPLTW,634,ok,35.2952294572,30
VRPLTW,635,ok,41.0070777101,29
VRPLTW,636,ok,40.8103996423,30
VRPLTW,637,ok,30.8191036869,28
VRPLTW,638,ok,31.0293592448,25
VRPLTW,639,ok,33.3374060029,28
VRPLTW,640,ok,34.1696137755,28
VRPLTW,641,ok,26.9090610021,28
VRPLTW,642,ok,25.7868221166,26
VRPLTW,643,ok,37.9325791304,30
VRPLTW,644,ok,46.7597369372,30
VRPLTW,645,ok,33.8760145616,30
VRPLTW,646,ok,34.3503020554,27
VRPLTW,647,ok,31.9452294209,31
VRPLTW,648,ok,28.8015643684,30
VRPLTW,649,ok,28.4052372026,29
VRPLTW,650,ok,30.1621491316,26
VRPLTW,651,ok,27.3522386410,29
VRPLTW,652,ok,27.4580821651,27
VRPLTW,653,ok,43.5746902034,28
VRPLTW,654,ok,36.4936177159,28
VRPLTW,655,ok,38.3857005163,30
VRPLTW,656,ok,26.6908979223,30
VRPLTW,657,ok,32.1852359414,30
VRPLTW,658,ok,33.7673188958,28
VRPLTW,659,ok,34.6407514698,28
VRPLTW,660,ok,34.0907615751,28
VRPLTW,661,ok,28.8365808533,26
VRPLTW,662,ok,27.5608974747,30
VRPLTW,663,ok,27.7587802726,28
VRPLTW,664,ok,26.3378946035,25
VRPLTW,665,ok,24.4273853175,23
VRPLTW,666,ok,25.9813976329,24
VRPLTW,667,ok,32.3476700334,27
VRPLTW,668,ok,26.3193548333,28
VRPLTW,669,ok,35.7847761439,30
VRPLTW,670,ok,26.6354904130,26
VRPLTW,671,ok,32.0136450988,25
VRPLTW,672,ok,40.6797031679,31
VRPLTW,673,ok,31.7600651390,27
VRPLTW,674,ok,24.6790162190,26
VRPLTW,675,ok,27.0185052381,25
VRPLTW,676,ok,26.1835301697,28
VRPLTW,677,ok,26.1432941532,27
VRPLTW,678,ok,26.1728905726,28
VRPLTW,679,ok,33.7102137637,30
VRPLTW,680,ok,29.0383711899,28
VRPLTW,681,ok,42.1973518896,28
VRPLTW,682,ok,41.8347429319,31
VRPLTW,683,ok,36.9278074771,26
VRPLTW,684,ok,34.2029122532,28
VRPLTW,685,ok,25.9729140373,29
VRPLTW,686,ok,30.1544726824,26
VRPLTW,687,ok,40.0419004999,28
VRPLTW,688,ok,26.8062190427,29
VRPLTW,689,ok,28.5829417814,29
VRPLTW,690,ok,39.2266839288,31
VRPLTW,691,ok,26.5314758812,27
VRPLTW,692,ok,30.8553484652,28
VRPLTW,693,ok,38.6704797208,29
VRPLTW,694,ok,26.9962292175,26
VRPLTW,695,ok,38.2321373906,29
VRPLTW,696,ok,25.6254431984,27
VRPLTW,697,ok,42.4796244806,29
VRPLTW,698,ok,31.1047154647,26
VRPLTW,699,ok,24.7653439111,27
VRPLTW,700,ok,38.8156270189,28
VRPLTW,701,ok,27.5634541269,27
VRPLTW,702,ok,28.3273293155,28
VRPLTW,703,ok,35.4068223590,27
VRPLTW,704,ok,25.0713401940,25
VRPLTW,705,ok,27.7830029494,30
VRPLTW,706,ok,26.6046420556,28
VRPLTW,707,ok,32.0018682079,30
VRPLTW,708,ok,35.6244802244,26
VRPLTW,709,ok,29.7450009932,29
VRPLTW,710,ok,31.9216038325,29
VRPLTW,711,ok,34.0896116237,29
VRPLTW,712,ok,29.3815917728,27
VRPLTW,713,ok,45.8409034161,30
VRPLTW,714,ok,28.0527669950,26
VRPLTW,715,ok,27.6582424371,26
VRPLTW,716,ok,34.4929075664,27
VRPLTW,717,ok,31.5610315247,25
VRPLTW,718,ok,31.7876959166,27
VRPLTW,719,ok,27.6350217595,28
VRPLTW,720,ok,33.1492078962,29
VRPLTW,721,ok,35.3518467919,28
VRPLTW,722,ok,26.3206145476,23
VRPLTW,723,ok,31.9250233581,27
VRPLTW,724,ok,37.0182559356,27
VRPLTW,725,ok,29.8630706218,29
VRPLTW,726,ok,26.9034868877,24
VRPLTW,727,ok,31.3276046648,24
VRPLTW,728,ok,40.7032339263,26
VRPLTW,729,ok,32.0572001898,28
VRPLTW,730,ok,34.4441489128,28
VRPLTW,731,ok,37.5803602831,28
VRPLTW,732,ok,36.2798625815,29
VRPLTW,733,ok,29.0719197651,28
VRPLTW,734,ok,34.4263198707,30
VRPLTW,735,ok,31.7650985491,27
VRPLTW,736,ok,26.9101758399,28
VRPLTW,737,ok,36.0780579415,28
VRPLTW,738,ok,37.6739091473,28
VRPLTW,739,ok,25.5828774257,29
VRPLTW,740,ok,44.0645202589,32
VRPLTW,741,ok,36.2483464003,28
VRPLTW,742,ok,32.9156496408,29
VRPLTW,743,ok,30.4590293949,27
VRPLTW,744,ok,37.1439561242,27
VRPLTW,745,ok,35.6900165230,26
VRPLTW,746,ok,42.0914989590,29
VRPLTW,747,ok,40.5162894673,27
VRPLTW,748,ok,35.4472365223,28
VRPLTW,749,ok,42.8417686492,27
VRPLTW,750,ok,26.0767594709,28
VRPLTW,751,ok,28.1860024152,27
VRPLTW,752,ok,42.9653486269,29
VRPLTW,753,ok,30.2393139555,28
VRPLTW,754,ok,27.4126679130,28
VRPLTW,755,ok,36.8348385247,29
VRPLTW,756,ok,36.7702345614,30
VRPLTW,757,ok,39.9717821845,30
VRPLTW,758,ok,37.2762316403,27
VRPLTW,759,ok,31.4365726377,31
VRPLTW,760,ok,31.4075593734,26
VRPLTW,761,ok,51.8698649131,32
VRPLTW,762,ok,34.2505362349,30
VRPLTW,763,ok,44.1588632589,30
VRPLTW,764,ok,32.3803190072,30
VRPLTW,765,ok,26.9272505805,29
VRPLTW,766,ok,28.5331432058,28
VRPLTW,767,ok,41.1115223337,32
VRPLTW,768,ok,33.8818351734,28
VRPLTW,769,ok,35.2918249035,28
VRPLTW,770,ok,32.7194613870,30
VRPLTW,771,ok,33.2443314054,29
VRPLTW,772,ok,31.2880123887,31
VRPLTW,773,ok,29.4891029529,26
VRPLTW,774,ok,36.4325001369,27
VRPLTW,775,ok,37.8237081086,27
VRPLTW,776,ok,33.8692950498,27
VRPLTW,777,ok,45.5512327105,31
VRPLTW,778,ok,33.3325937762,28
VRPLTW,779,ok,30.3963832990,27
VRPLTW,780,ok,26.4006244746,27
VRPLTW,781,ok,29.9444644380,29
VRPLTW,782,ok,41.5620609483,29
VRPLTW,783,ok,23.8751858867,26
VRPLTW,784,ok,36.6123648906,28
VRPLTW,785,ok,32.0663329362,32
VRPLTW,786,ok,43.1465346066,30
VRPLTW,787,ok,35.0420026161,28
VRPLTW,788,ok,32.4655171494,30
VRPLTW,789,ok,45.4353040232,30
VRPLTW,790,ok,33.1903991700,31
VRPLTW,791,ok,39.9794693617,30
VRPLTW,792,ok,33.2412443030,26
VRPLTW,793,ok,33.2210532506,27
VRPLTW,794,ok,37.0245948200,28
VRPLTW,795,ok,32.3088093589,28
VRPLTW,796,ok,31.2891999557,27
VRPLTW,797,ok,37.1616894895,29
VRPLTW,798,ok,39.2317860082,30
VRPLTW,799,ok,47.1858665117,29
VRPLTW,800,ok,32.2363437486,28
VRPLTW,801,ok,36.9127060926,28
VRPLTW,802,ok,29.5542336699,26
VRPLTW,803,ok,26.1321790020,29
VRPLTW,804,ok,48.9702699850,29
VRPLTW,805,ok,29.7056079043,29
VRPLTW,806,ok,37.6675941888,28
VRPLTW,807,ok,32.8813614054,27
VRPLTW,808,ok,33.4319585950,29
VRPLTW,809,ok,41.2576383986,29
VRPLTW,810,ok,36.3527208161,26
VRPLTW,811,ok,39.9178055100,28
VRPLTW,812,ok,32.5272940969,28
VRPLTW,813,ok,26.9388823410,28
VRPLTW,814,ok,32.6736884187,27
VRPLTW,815,ok,27.5051985398,25
VRPLTW,816,ok,26.6757951218,29
VRPLTW,817,ok,30.2212478653,26
VRPLTW,818,ok,31.0629986224,28
VRPLTW,819,ok,25.1154963319,26
VRPLTW,820,ok,42.6714635841,29
VRPLTW,821,ok,27.8049676493,28
VRPLTW,822,ok,32.5833558276,28
VRPLTW,823,ok,49.7482774862,31
VRPLTW,824,ok,30.9726884575,26
VRPLTW,825,ok,26.6982931572,26
VRPLTW,826,ok,34.6795107885,32
VRPLTW,827,ok,26.1538125989,27
VRPLTW,828,ok,30.3635962209,27
VRPLTW,829,ok,35.4568012039,29
VRPLTW,830,ok,27.3010003759,28
VRPLTW,831,ok,35.7267917479,29
VRPLTW,832,ok,50.9158589787,32
VRPLTW,833,ok,26.7138770225,31
VRPLTW,834,ok,32.9885416196,30
VRPLTW,835,ok,29.2674033705,30
VRPLTW,836,ok,36.0618662929,26
VRPLTW,837,ok,35.0085137487,30
VRPLTW,838,ok,43.7872245128,29
VRPLTW,839,ok,46.0684968007,30
VRPLTW,840,ok,42.7416115989,27
VRPLTW,841,ok,43.8769048379,30
VRPLTW,842,ok,28.5299266470,26
VRPLTW,843,ok,26.5644932735,28
VRPLTW,844,ok,34.2580536335,27
VRPLTW,845,ok,26.6025418126,28
VRPLTW,846,ok,26.6595816306,29
VRPLTW,847,ok,26.9837229912,28
VRPLTW,848,ok,41.6914892566,27
VRPLTW,849,ok,38.7497793339,28
VRPLTW,850,ok,36.2683558395,27
VRPLTW,851,ok,28.0004783225,28
VRPLTW,852,ok,40.7941494881,31
VRPLTW,853,ok,35.7753702124,30
VRPLTW,854,ok,30.0050578350,28
VRPLTW,855,ok,30.9883215065,25
VRPLTW,856,ok,36.3991598106,32
VRPLTW,857,ok,27.4857472927,28
VRPLTW,858,ok,35.5841820088,25
VRPLTW,859,ok,26.0564064797,26
VRPLTW,860,ok,37.4338036715,27
VRPLTW,861,ok,25.0090476296,26
VRPLTW,862,ok,33.4638063093,28
VRPLTW,863,ok,38.0674119738,27
VRPLTW,864,ok,33.1337811669,28
VRPLTW,865,ok,30.4861004773,28
VRPLTW,866,ok,27.6838419176,29
VRPLTW,867,ok,44.6685529073,29
VRPLTW,868,ok,34.9290259195,28
VRPLTW,869,ok,27.3709907745,25
VRPLTW,870,ok,43.4912332472,30
VRPLTW,871,ok,34.3481760740,28
VRPLTW,872,ok,32.7079683149,28
VRPLTW,873,ok,33.9880932731,28
VRPLTW,874,ok,31.9543244406,28
VRPLTW,875,ok,40.1252228031,29
VRPLTW,876,ok,39.4992034366,28
VRPLTW,877,ok,26.3112012760,28
VRPLTW,878,ok,31.8364423517,28
VRPLTW,879,ok,36.7120695145,28
VRPLTW,880,ok,30.7866518471,28
VRPLTW,881,ok,30.9684923729,27
VRPLTW,882,ok,35.3117579198,31
VRPLTW,883,ok,44.5624217177,30
VRPLTW,884,ok,27.3452957323,29
VRPLTW,885,ok,45.9585377539,30
VRPLTW,886,ok,32.5831382470,26
VRPLTW,887,ok,33.7159890271,27
VRPLTW,888,ok,44.2823400545,27
VRPLTW,889,ok,27.5854156148,26
VRPLTW,890,ok,51.4890546702,30
VRPLTW,891,ok,25.5967050471,25
VRPLTW,892,ok,26.0917938971,28
VRPLTW,893,ok,43.8118953056,31
VRPLTW,894,ok,33.1999360782,29
VRPLTW,895,ok,41.4260918606,29
VRPLTW,896,ok,27.0721853142,27
VRPLTW,897,ok,31.6500938100,28
VRPLTW,898,ok,35.2225057803,25
VRPLTW,899,ok,53.2875794277,31
VRPLTW,900,ok,27.9658938154,25
VRPLTW,901,ok,35.3996085997,28
VRPLTW,902,ok,36.9661734093,28
VRPLTW,903,ok,40.9672036054,30
VRPLTW,904,ok,25.3710366916,27
VRPLTW,905,ok,36.0593509074,29
VRPLTW,906,ok,29.9100348759,27
VRPLTW,907,ok,42.9504323704,30
VRPLTW,908,ok,33.1042607831,29
VRPLTW,909,ok,28.3860096909,27
VRPLTW,910,ok,36.5055310861,28
VRPLTW,911,ok,36.0334416972,27
VRPLTW,912,ok,33.2250703386,28
VRPLTW,913,ok,30.1024900012,29
VRPLTW,914,ok,35.6307319305,28
VRPLTW,915,ok,37.2692966340,28
VRPLTW,916,ok,43.5562527165,31
VRPLTW,917,ok,27.6257889176,25
VRPLTW,918,ok,25.2555277164,27
VRPLTW,919,ok,29.3325307657,27
VRPLTW,920,ok,33.3171269473,30
VRPLTW,921,ok,42.9205415304,30
VRPLTW,922,ok,46.6756734058,29
VRPLTW,923,ok,38.2586476094,28
VRPLTW,924,ok,49.8177354490,29
VRPLTW,925,ok,39.1491147386,30
VRPLTW,926,ok,34.3070599296,29
VRPLTW,927,ok,41.1929791605,30
VRPLTW,928,ok,35.9082896908,26
VRPLTW,929,ok,26.9668163567,29
VRPLTW,930,ok,36.1747654251,28
VRPLTW,931,ok,32.2487792100,29
VRPLTW,932,ok,28.8052601720,29
VRPLTW,933,ok,37.6728139664,28
VRPLTW,934,ok,38.1216863375,29
VRPLTW,935,ok,39.6229262340,30
VRPLTW,936,ok,32.4118189037,24
VRPLTW,937,ok,26.6768030485,25
VRPLTW,938,ok,40.2096533576,30
VRPLTW,939,ok,41.5275866406,28
VRPLTW,940,ok,36.9277389925,30
VRPLTW,941,ok,34.5544368108,29
VRPLTW,942,ok,29.7996288800,29
VRPLTW,943,ok,37.3406013037,27
VRPLTW,944,ok,40.4259110858,30
VRPLTW,945,ok,33.5132206860,27
VRPLTW,946,ok,27.3704147107,29
VRPLTW,947,ok,25.5864063120,26
VRPLTW,948,ok,34.5823599601,26
VRPLTW,949,ok,32.4932580385,31
VRPLTW,950,ok,28.7614555176,29
VRPLTW,951,ok,30.2918742200,25
VRPLTW,952,ok,27.4460137436,29
VRPLTW,953,ok,42.8861247170,29
VRPLTW,954,ok,30.5282239727,27
VRPLTW,955,ok,28.3186236149,30
VRPLTW,956,ok,33.7505537177,26
VRPLTW,957,ok,27.6705932247,28
VRPLTW,958,ok,30.1947523827,31
VRPLTW,959,ok,48.7379552453,31
VRPLTW,960,ok,29.8546557449,28
VRPLTW,961,ok,40.1974885359,29
VRPLTW,962,ok,34.7744780043,28
VRPLTW,963,ok,26.7600731818,27
VRPLTW,964,ok,36.1687584015,29
VRPLTW,965,ok,31.5605638183,31
VRPLTW,966,ok,31.6797360905,29
VRPLTW,967,ok,28.4918749754,30
VRPLTW,968,ok,35.9161462794,29
VRPLTW,969,ok,27.0611041638,28
VRPLTW,970,ok,27.8104640247,25
VRPLTW,971,ok,30.1065032245,26
VRPLTW,972,ok,35.8947581430,27
VRPLTW,973,ok,25.6164964774,25
VRPLTW,974,ok,28.7551905665,30
VRPLTW,975,ok,39.4360747754,28
VRPLTW,976,ok,34.2476737481,28
VRPLTW,977,ok,40.8087478702,29
VRPLTW,978,ok,31.9587620985,28
VRPLTW,979,ok,30.8506461546,26
VRPLTW,980,ok,30.3419784821,30
VRPLTW,981,ok,34.4252617020,26
VRPLTW,982,ok,36.7157720294,29
VRPLTW,983,ok,33.0240056932,27
VRPLTW,984,ok,37.2578174089,30
VRPLTW,985,ok,33.7824137595,26
VRPLTW,986,ok,29.9885446836,27
VRPLTW,987,ok,31.2967106890,29
VRPLTW,988,ok,30.2741706965,27
VRPLTW,989,ok,31.0519276150,26
VRPLTW,990,ok,32.4596076487,29
VRPLTW,991,ok,37.0307729803,27
VRPLTW,992,ok,33.5512159031,29
VRPLTW,993,ok,32.3321230041,28
VRPLTW,994,ok,37.6968194387,32
VRPLTW,995,ok,38.1413272757,30
VRPLTW,996,ok,32.3506590635,26
VRPLTW,997,ok,43.2870464078,30
VRPLTW,998,ok,33.9143203892,28
VRPLTW,999,ok,24.2335168279,24
OVRPBL,0,ok,9.7141335589,7
OVRPBL,1,ok,9.7748329139,9
OVRPBL,2,ok,9.0014182034,10
OVRPBL,3,ok,10.1806871694,8
OVRPBL,4,ok,10.2059846779,7
OVRPBL,5,ok,9.5630190561,9
OVRPBL,6,ok,9.4418119782,7
OVRPBL,7,ok,8.6213429315,8
OVRPBL,8,ok,9.3209893566,9
OVRPBL,9,ok,9.9318318605,8
OVRPBL,10,ok,8.9519687372,9
OVRPBL,11,ok,9.3692980469,8
OVRPBL,12,ok,10.5054340581,8
OVRPBL,13,ok,10.7604779364,6
OVRPBL,14,ok,10.4981526424,10
OVRPBL,15,ok,10.3101272558,7
OVRPBL,16,ok,9.0919774977,10
OVRPBL,17,ok,9.1707772038,7
OVRPBL,18,ok,10.6222530831,8
OVRPBL,19,ok,9.2160380353,6
OVRPBL,20,ok,9.2757717434,7
OVRPBL,21,ok,9.8354172952,8
OVRPBL,22,ok,9.6970033037,8
OVRPBL,23,ok,9.6535582563,8
OVRPBL,24,ok,9.8576597932,7
OVRPBL,25,ok,10.4015577739,7
OVRPBL,26,ok,10.0052550923,9
OVRPBL,27,ok,8.9339166283,7
OVRPBL,28,ok,10.4776598483,8
OVRPBL,29,ok,10.8071173181,8
OVRPBL,30,ok,9.8190492521,8
OVRPBL,31,ok,9.3410687297,9
OVRPBL,32,ok,9.4170470842,9
OVRPBL,33,ok,9.4610286458,7
OVRPBL,34,ok,10.3792873692,8
OVRPBL,35,ok,9.1540645518,8
OVRPBL,36,ok,9.5294126629,8
OVRPBL,37,ok,10.9162960820,7
OVRPBL,38,ok,8.9654638157,8
OVRPBL,39,ok,8.6240064716,7
OVRPBL,40,ok,9.2142286757,7
OVRPBL,41,ok,10.5019244502,8
OVRPBL,42,ok,9.9653078091,9
OVRPBL,43,ok,8.7868037788,8
OVRPBL,44,ok,9.2808534432,8
OVRPBL,45,ok,10.7477055028,9
OVRPBL,46,ok,9.6624055786,9
OVRPBL,47,ok,9.1217076026,6
OVRPBL,48,ok,9.7070772917,7
OVRPBL,49,ok,9.8157745804,9
OVRPBL,50,ok,10.2624436153,8
OVRPBL,51,ok,10.3707800082,7
OVRPBL,52,ok,10.4277700347,8
OVRPBL,53,ok,9.8780274457,8
OVRPBL,54,ok,9.2405202135,7
OVRPBL,55,ok,9.6631636606,8
OVRPBL,56,ok,8.9011147890,6
OVRPBL,57,ok,9.1786862593,7
OVRPBL,58,ok,8.9958506849,8
OVRPBL,59,ok,9.7392786552,7
OVRPBL,60,ok,9.2795539472,11
OVRPBL,61,ok,9.8053565761,9
OVRPBL,62,ok,8.9063275775,8
OVRPBL,63,ok,10.3173997133,8
OVRPBL,64,ok,10.1056245721,7
OVRPBL,65,ok,8.7881822261,6
OVRPBL,66,ok,8.8967186281,7
OVRPBL,67,ok,8.7585870302,8
OVRPBL,68,ok,9.3529134230,6
OVRPBL,69,ok,10.5949551440,7
OVRPBL,70,ok,9.8329924375,8
OVRPBL,71,ok,8.6615656041,7
OVRPBL,72,ok,8.3432933839,10
OVRPBL,73,ok,9.4582167522,7
OVRPBL,74,ok,8.9108192914,8
OVRPBL,75,ok,8.7760054145,6
OVRPBL,76,ok,8.6181089306,10
OVRPBL,77,ok,9.1826832367,7
OVRPBL,78,ok,9.4391308927,8
OVRPBL,79,ok,9.0585783637,9
OVRPBL,80,ok,9.5219377209,7
OVRPBL,81,ok,9.4344970188,7
OVRPBL,82,ok,9.9591034018,8
OVRPBL,83,ok,9.8924684065,8
OVRPBL,84,ok,8.5506038449,9
OVRPBL,85,ok,9.5000377142,8
OVRPBL,86,ok,10.7370438504,9
OVRPBL,87,ok,9.6423640307,7
OVRPBL,88,ok,11.2193735681,8
OVRPBL,89,ok,8.5696489005,8
OVRPBL,90,ok,9.4727755982,9
OVRPBL,91,ok,9.6263546558,7
OVRPBL,92,ok,9.7152315684,7
OVRPBL,93,ok,10.2291103812,8
OVRPBL,94,ok,9.2033395567,7
OVRPBL,95,ok,9.2949328439,9
OVRPBL,96,ok,9.9334943003,10
OVRPBL,97,ok,9.3499332575,8
OVRPBL,98,ok,11.6766581287,8
OVRPBL,99,ok,9.2963600385,6
OVRPBL,100,ok,10.7622021263,7
OVRPBL,101,ok,8.9246671598,6
OVRPBL,102,ok,9.1441022666,8
OVRPBL,103,ok,10.5980629285,10
OVRPBL,104,ok,9.4245517723,9
OVRPBL,105,ok,10.8462448499,7
OVRPBL,106,ok,11.2695504304,8
OVRPBL,107,ok,10.4943116015,9
OVRPBL,108,ok,10.1222702281,8
OVRPBL,109,ok,9.5753122395,8
OVRPBL,110,ok,9.7236054328,8
OVRPBL,111,ok,10.4873118943,7
OVRPBL,112,ok,9.5870209069,8
OVRPBL,113,ok,11.0934853491,7
OVRPBL,114,ok,10.2510104906,8
OVRPBL,115,ok,9.8511883825,9
OVRPBL,116,ok,9.1605598668,8
OVRPBL,117,ok,9.6523241255,8
OVRPBL,118,ok,8.9694482299,9
OVRPBL,119,ok,10.0250663098,7
OVRPBL,120,ok,9.1248975486,10
OVRPBL,121,ok,9.7918374743,8
OVRPBL,122,ok,10.1314661504,9
OVRPBL,123,ok,10.4456662288,9
OVRPBL,124,ok,10.5728821263,7
OVRPBL,125,ok,10.9035692925,8
OVRPBL,126,ok,9.9440750164,8
OVRPBL,127,ok,9.4182736583,7
OVRPBL,128,ok,9.6529118917,9
OVRPBL,129,ok,9.5261520272,8
OVRPBL,130,ok,9.1665919350,8
OVRPBL,131,ok,10.6304035133,7
OVRPBL,132,ok,10.1108997825,9
OVRPBL,133,ok,10.0107237254,9
OVRPBL,134,ok,10.1299145289,7
OVRPBL,135,ok,9.3408189108,6
OVRPBL,136,ok,9.1452820566,6
OVRPBL,137,ok,9.4592960410,8
OVRPBL,138,ok,9.9095897844,8
OVRPBL,139,ok,9.6050061681,9
OVRPBL,140,ok,9.1828844706,7
OVRPBL,141,ok,9.8312212279,8
OVRPBL,142,ok,9.7428795780,7
OVRPBL,143,ok,9.0651490501,10
OVRPBL,144,ok,9.0077503044,9
OVRPBL,145,ok,9.0293822682,9
OVRPBL,146,ok,11.2492483368,8
OVRPBL,147,ok,10.5659797761,7
OVRPBL,148,ok,9.4085187909,7
OVRPBL,149,ok,10.5434695544,7
OVRPBL,150,ok,9.1132670414,9
OVRPBL,151,ok,10.0073312980,9
OVRPBL,152,ok,9.7382992282,9
OVRPBL,153,ok,9.0582174497,7
OVRPBL,154,ok,10.0031085848,9
OVRPBL,155,ok,10.0509729541,6
OVRPBL,156,ok,8.7914544971,7
OVRPBL,157,ok,9.7923420542,9
OVRPBL,158,ok,9.0802221465,8
OVRPBL,159,ok,10.6780736621,7
OVRPBL,160,ok,9.3202577628,7
OVRPBL,161,ok,9.4501945627,7
OVRPBL,162,ok,9.6984398821,8
OVRPBL,163,ok,9.3416529721,7
OVRPBL,164,ok,9.2850126627,8
OVRPBL,165,ok,9.7791095091,7
OVRPBL,166,ok,9.1257710374,6
OVRPBL,167,ok,10.3582982738,7
OVRPBL,168,ok,10.3958963157,11
OVRPBL,169,ok,9.7707747729,8
OVRPBL,170,ok,9.4660444320,8
OVRPBL,171,ok,9.5150417433,9
OVRPBL,172,ok,9.9734108246,7
OVRPBL,173,ok,9.0591568082,7
OVRPBL,174,ok,8.9721454084,10
OVRPBL,175,ok,8.6825169379,7
OVRPBL,176,ok,10.4396999623,8
OVRPBL,177,ok,11.1903338327,9
OVRPBL,178,ok,8.6314118384,9
OVRPBL,179,ok,9.3500758489,10
OVRPBL,180,ok,9.6232737732,6
OVRPBL,181,ok,9.8608416276,8
OVRPBL,182,ok,9.4588656985,6
OVRPBL,183,ok,10.3999213880,9
OVRPBL,184,ok,10.6437899405,9
OVRPBL,185,ok,8.9764724496,6
OVRPBL,186,ok,9.2701951299,9
OVRPBL,187,ok,10.4065397251,7
OVRPBL,188,ok,8.5062682370,7
OVRPBL,189,ok,9.0472699382,8
OVRPBL,190,ok,10.9883210092,7
OVRPBL,191,ok,9.8246948734,9
OVRPBL,192,ok,10.3522893539,8
OVRPBL,193,ok,10.5908284403,9
OVRPBL,194,ok,9.5510359898,9
OVRPBL,195,ok,10.0622473125,7
OVRPBL,196,ok,9.5784719203,8
OVRPBL,197,ok,9.3569444899,6
OVRPBL,198,ok,9.4703866542,8
OVRPBL,199,ok,9.4974243552,12
OVRPBL,200,ok,9.4804587126,8
OVRPBL,201,ok,10.1874278934,8
OVRPBL,202,ok,10.0886023227,9
OVRPBL,203,ok,11.2747632925,7
OVRPBL,204,ok,10.1886852472,9
OVRPBL,205,ok,9.3832934703,8
OVRPBL,206,ok,9.3093385839,7
OVRPBL,207,ok,9.0451676146,7
OVRPBL,208,ok,9.7242905279,7
OVRPBL,209,ok,10.9730567077,9
OVRPBL,210,ok,9.8833417396,7
OVRPBL,211,ok,10.1790729817,7
OVRPBL,212,ok,9.1520110630,8
OVRPBL,213,ok,9.9682741826,7
OVRPBL,214,ok,9.7046878402,9
OVRPBL,215,ok,10.9211865748,6
OVRPBL,216,ok,9.1269835287,8
OVRPBL,217,ok,9.4444294069,7
OVRPBL,218,ok,8.3945210367,8
OVRPBL,219,ok,8.8121895133,7
OVRPBL,220,ok,9.6904101443,7
OVRPBL,221,ok,9.6753629784,8
OVRPBL,222,ok,10.5221327694,7
OVRPBL,223,ok,8.3269524723,9
OVRPBL,224,ok,9.0454008638,7
OVRPBL,225,ok,10.7366718891,9
OVRPBL,226,ok,9.9713493923,6
OVRPBL,227,ok,9.4411637964,8
OVRPBL,228,ok,10.5189337946,8
OVRPBL,229,ok,10.0391273206,8
OVRPBL,230,ok,9.1983050785,8
OVRPBL,231,ok,9.1222465977,9
OVRPBL,232,ok,10.2256608652,10
OVRPBL,233,ok,9.3770226093,7
OVRPBL,234,ok,8.8715150399,9
OVRPBL,235,ok,9.4339924617,8
OVRPBL,236,ok,9.5632915200,9
OVRPBL,237,ok,9.8193322874,8
OVRPBL,238,ok,9.6004429795,6
OVRPBL,239,ok,9.7635113100,7
OVRPBL,240,ok,8.5009318234,8
OVRPBL,241,ok,9.6475447104,8
OVRPBL,242,ok,9.7253400327,7
OVRPBL,243,ok,9.9552164354,9
OVRPBL,244,ok,9.5229162647,9
OVRPBL,245,ok,10.4282017243,7
OVRPBL,246,ok,9.9130843279,6
OVRPBL,247,ok,10.6742563954,10
OVRPBL,248,ok,10.6102037955,8
OVRPBL,249,ok,9.8494115994,8
OVRPBL,250,ok,10.2715813379,7
OVRPBL,251,ok,9.4851759647,9
OVRPBL,252,ok,9.1430931887,8
OVRPBL,253,ok,8.9882475264,6
OVRPBL,254,ok,9.1782423706,10
OVRPBL,255,ok,10.1042113505,8
OVRPBL,256,ok,9.6231268068,9
OVRPBL,257,ok,9.2429614619,9
OVRPBL,258,ok,9.9756332063,10
OVRPBL,259,ok,9.7914608879,8
OVRPBL,260,ok,9.1995556452,7
OVRPBL,261,ok,10.4498678843,6
OVRPBL,262,ok,9.7749713705,9
OVRPBL,263,ok,9.8906948579,7
OVRPBL,264,ok,9.4519237562,11
OVRPBL,265,ok,10.9040906928,9
OVRPBL,266,ok,10.0330341455,9
OVRPBL,267,ok,8.8649689485,8
OVRPBL,268,ok,10.9271428750,8
OVRPBL,269,ok,9.2530622651,8
OVRPBL,270,ok,8.4447448673,8
OVRPBL,271,ok,9.1175791398,9
OVRPBL,272,ok,10.5606505054,8
OVRPBL,273,ok,9.1867490293,10
OVRPBL,274,ok,9.2315144779,8
OVRPBL,275,ok,9.3188243706,6
OVRPBL,276,ok,9.6980099679,9
OVRPBL,277,ok,8.4250024234,9
OVRPBL,278,ok,9.0103695832,11
OVRPBL,279,ok,9.4889124566,8
OVRPBL,280,ok,8.3047163850,8
OVRPBL,281,ok,8.9627183561,6
OVRPBL,282,ok,9.2621634793,10
OVRPBL,283,ok,9.6338278720,8
OVRPBL,284,ok,9.7187506805,7
OVRPBL,285,ok,9.8637231137,8
OVRPBL,286,ok,11.3433461638,7
OVRPBL,287,ok,10.9361956090,7
OVRPBL,288,ok,9.7293493458,7
OVRPBL,289,ok,9.6966544278,8
OVRPBL,290,ok,8.6955774820,8
OVRPBL,291,ok,10.1031638928,8
OVRPBL,292,ok,9.8343048157,9
OVRPBL,293,ok,10.7645173096,8
OVRPBL,294,ok,8.7005304771,7
OVRPBL,295,ok,10.4059019642,8
OVRPBL,296,ok,11.4622330792,8
OVRPBL,297,ok,10.2455989348,8
OVRPBL,298,ok,9.5628544039,8
OVRPBL,299,ok,8.6563526473,7
OVRPBL,300,ok,9.7076826035,9
OVRPBL,301,ok,10.2183930491,8
OVRPBL,302,ok,10.2401084754,8
OVRPBL,303,ok,9.8412153242,7
OVRPBL,304,ok,8.9091339719,9
OVRPBL,305,ok,11.0471310699,8
OVRPBL,306,ok,9.1926140988,8
OVRPBL,307,ok,10.9319124221,8
OVRPBL,308,ok,10.2417061911,8
OVRPBL,309,ok,9.5144470774,7
OVRPBL,310,ok,10.5222755906,9
OVRPBL,311,ok,10.2162787848,10
OVRPBL,312,ok,9.8975121525,7
OVRPBL,313,ok,9.2452832581,8
OVRPBL,314,ok,9.8853241804,9
OVRPBL,315,ok,10.3341466158,11
OVRPBL,316,ok,11.2675775784,9
OVRPBL,317,ok,9.9737870350,7
OVRPBL,318,ok,9.2399107212,9
OVRPBL,319,ok,10.6130840591,8
OVRPBL,320,ok,8.4118536840,8
OVRPBL,321,ok,10.5429416440,9
OVRPBL,322,ok,10.0615649074,7
OVRPBL,323,ok,8.9142854214,6
OVRPBL,324,ok,9.4455984517,8
OVRPBL,325,ok,10.3492694586,8
OVRPBL,326,ok,9.2580964395,6
OVRPBL,327,ok,9.6416777923,8
OVRPBL,328,ok,10.2549313666,6
OVRPBL,329,ok,9.8221521840,8
OVRPBL,330,ok,9.7323198386,7
OVRPBL,331,ok,9.3702959010,10
OVRPBL,332,ok,9.3924853561,7
OVRPBL,333,ok,9.8455355915,8
OVRPBL,334,ok,9.7894759285,10
OVRPBL,335,ok,8.7284329256,6
OVRPBL,336,ok,9.5720424681,10
OVRPBL,337,ok,9.6826727209,6
OVRPBL,338,ok,9.5489007717,7
OVRPBL,339,ok,9.7908459745,8
OVRPBL,340,ok,11.1104619441,9
OVRPBL,341,ok,9.3431226321,8
OVRPBL,342,ok,11.9746273206,7
OVRPBL,343,ok,9.3104781006,8
OVRPBL,344,ok,9.6019304205,7
OVRPBL,345,ok,9.2582107371,9
OVRPBL,346,ok,9.1965650872,8
OVRPBL,347,ok,9.7743638073,8
OVRPBL,348,ok,9.3352910278,8
OVRPBL,349,ok,10.7984808524,8
OVRPBL,350,ok,10.0373600479,8
OVRPBL,351,ok,9.0804420995,7
OVRPBL,352,ok,9.9464006809,6
OVRPBL,353,ok,10.2678097348,7
OVRPBL,354,ok,10.3429423907,8
OVRPBL,355,ok,9.6929586513,7
OVRPBL,356,ok,9.1654779992,8
OVRPBL,357,ok,8.5861056288,7
OVRPBL,358,ok,9.6228255768,9
OVRPBL,359,ok,9.9565457606,9
OVRPBL,360,ok,10.3595285621,8
OVRPBL,361,ok,10.7493615410,9
OVRPBL,362,ok,9.9432669935,9
OVRPBL,363,ok,9.1450362002,7
OVRPBL,364,ok,9.5824908407,8
OVRPBL,365,ok,10.0769835275,8
OVRPBL,366,ok,9.1703743784,8
OVRPBL,367,ok,10.1945664391,7
OVRPBL,368,ok,9.1199142079,7
OVRPBL,369,ok,9.5910484991,9
OVRPBL,370,ok,9.6893654433,7
OVRPBL,371,ok,8.9160507498,8
OVRPBL,372,ok,10.5566054698,6
OVRPBL,373,ok,8.7079286946,6
OVRPBL,374,ok,9.5644757794,8
OVRPBL,375,ok,8.5047217136,7
OVRPBL,376,ok,11.9701278705,8
OVRPBL,377,ok,9.7537352852,8
OVRPBL,378,ok,10.0248208100,8
OVRPBL,379,ok,9.6888021124,9
OVRPBL,380,ok,9.5296591518,9
OVRPBL,381,ok,9.3662673493,9
OVRPBL,382,ok,9.1946777001,8
OVRPBL,383,ok,9.6832953260,8
OVRPBL,384,ok,10.4008125337,6
OVRPBL,385,ok,9.8588563411,8
OVRPBL,386,ok,9.5559264387,7
OVRPBL,387,ok,10.2134020139,9
OVRPBL,388,ok,10.8808503407,7
OVRPBL,389,ok,9.2487050825,8
OVRPBL,390,ok,10.0375467850,10
OVRPBL,391,ok,9.5030371479,8
OVRPBL,392,ok,10.8960882736,8
OVRPBL,393,ok,8.9668410646,9
OVRPBL,394,ok,9.9631792820,6
OVRPBL,395,ok,8.7250039083,7
OVRPBL,396,ok,11.0196603339,9
OVRPBL,397,ok,10.3430687104,7
OVRPBL,398,ok,10.3638501604,9
OVRPBL,399,ok,10.2691061999,7
OVRPBL,400,ok,9.3704862577,7
OVRPBL,401,ok,10.0285695658,9
OVRPBL,402,ok,9.1836519853,9
OVRPBL,403,ok,9.5908662729,9
OVRPBL,404,ok,9.6536180799,7
OVRPBL,405,ok,9.4644711900,9
OVRPBL,406,ok,9.1332353783,6
OVRPBL,407,ok,9.8735691495,9
OVRPBL,408,ok,9.1666353127,7
OVRPBL,409,ok,8.4834483546,8
OVRPBL,410,ok,9.1881358067,7
OVRPBL,411,ok,10.1926073141,7
OVRPBL,412,ok,10.5409545727,7
OVRPBL,413,ok,10.4498187501,9
OVRPBL,414,ok,9.8597657725,8
OVRPBL,415,ok,10.4592543579,8
OVRPBL,416,ok,9.6617051624,8
OVRPBL,417,ok,9.9373245985,8
OVRPBL,418,ok,9.5120562774,8
OVRPBL,419,ok,9.1248429377,9
OVRPBL,420,ok,9.0801262086,9
OVRPBL,421,ok,8.8557934837,8
OVRPBL,422,ok,9.6487245975,8
OVRPBL,423,ok,9.3427515983,9
OVRPBL,424,ok,9.3366944000,7
OVRPBL,425,ok,9.6897568096,8
OVRPBL,426,ok,9.6608544156,7
OVRPBL,427,ok,8.5239993351,8
OVRPBL,428,ok,9.9071472068,9
OVRPBL,429,ok,10.0485984793,8
OVRPBL,430,ok,8.8624260153,10
OVRPBL,431,ok,9.1020604078,8
OVRPBL,432,ok,8.6052070239,7
OVRPBL,433,ok,9.9949362551,9
OVRPBL,434,ok,12.0062809263,7
OVRPBL,435,ok,11.4530604558,8
OVRPBL,436,ok,9.9158074101,7
OVRPBL,437,ok,10.1647629997,7
OVRPBL,438,ok,10.3292040155,8
OVRPBL,439,ok,9.6837568211,9
OVRPBL,440,ok,9.3811830276,7
OVRPBL,441,ok,8.9140431035,6
OVRPBL,442,ok,9.3054411931,10
OVRPBL,443,ok,9.1493344918,7
OVRPBL,444,ok,9.4083442766,7
OVRPBL,445,ok,9.6673003347,8
OVRPBL,446,ok,10.3212723150,8
OVRPBL,447,ok,9.3949617014,9
OVRPBL,448,ok,10.4168967197,7
OVRPBL,449,ok,9.4945549788,9
OVRPBL,450,ok,10.2142254711,8
OVRPBL,451,ok,10.3028716628,10
OVRPBL,452,ok,9.6268031052,9
OVRPBL,453,ok,9.2206632669,8
OVRPBL,454,ok,9.4892842913,8
OVRPBL,455,ok,10.3361152083,7
OVRPBL,456,ok,10.0552503938,8
OVRPBL,457,ok,10.1457003453,7
OVRPBL,458,ok,9.1976771723,7
OVRPBL,459,ok,9.5737799500,8
OVRPBL,460,ok,9.2319038567,8
OVRPBL,461,ok,8.9660111793,7
OVRPBL,462,ok,9.4024180176,9
OVRPBL,463,ok,10.2547884917,7
OVRPBL,464,ok,9.8734822636,6
OVRPBL,465,ok,11.3836629372,7
OVRPBL,466,ok,10.1037615549,9
OVRPBL,467,ok,10.8188552024,8
OVRPBL,468,ok,8.5195622721,10
OVRPBL,469,ok,10.1366184063,8
OVRPBL,470,ok,9.5761177369,8
OVRPBL,471,ok,9.9577283619,7
OVRPBL,472,ok,9.3378517245,10
OVRPBL,473,ok,9.6867058914,9
OVRPBL,474,ok,8.8939474374,8
OVRPBL,475,ok,8.9104580997,8
OVRPBL,476,ok,9.4351582241,8
OVRPBL,477,ok,8.7233822598,7
OVRPBL,478,ok,10.1509451827,7
OVRPBL,479,ok,8.6803736844,9
OVRPBL,480,ok,9.2538577267,6
OVRPBL,481,ok,9.5307193818,7
OVRPBL,482,ok,10.7257351696,7
OVRPBL,483,ok,8.8140195437,8
OVRPBL,484,ok,9.2766467444,9
OVRPBL,485,ok,11.0524475992,8
OVRPBL,486,ok,9.8174624967,9
OVRPBL,487,ok,10.5677234782,10
OVRPBL,488,ok,10.8263677956,7
OVRPBL,489,ok,9.9788396747,10
OVRPBL,490,ok,9.2942293156,6
OVRPBL,491,ok,11.7775444823,9
OVRPBL,492,ok,10.4113894342,7
OVRPBL,493,ok,9.4160356128,8
OVRPBL,494,ok,9.1570528687,9
OVRPBL,495,ok,9.3377491158,6
OVRPBL,496,ok,9.2615442527,7
OVRPBL,497,ok,9.9670303821,8
OVRPBL,498,ok,9.9773899028,8
OVRPBL,499,ok,10.1635576321,9
OVRPBL,500,ok,9.7013038185,7
OVRPBL,501,ok,10.0319416125,8
OVRPBL,502,ok,10.4603957400,8
OVRPBL,503,ok,9.3622364657,7
OVRPBL,504,ok,9.4103435130,6
OVRPBL,505,ok,8.7697164725,7
OVRPBL,506,ok,9.6328835120,8
OVRPBL,507,ok,10.0223680051,7
OVRPBL,508,ok,10.8315752334,7
OVRPBL,509,ok,9.5297573158,9
OVRPBL,510,ok,8.9341402510,9
OVRPBL,511,ok,8.9486659450,9
OVRPBL,512,ok,9.5558602863,8
OVRPBL,513,ok,9.3733016182,7
OVRPBL,514,ok,10.6618542465,8
OVRPBL,515,ok,9.3573487085,7
OVRPBL,516,ok,9.2593963519,7
OVRPBL,517,ok,10.7182741567,6
OVRPBL,518,ok,9.7400227203,9
OVRPBL,519,ok,9.2398203597,8
OVRPBL,520,ok,9.7280282184,10
OVRPBL,521,ok,9.5817720980,7
OVRPBL,522,ok,9.1857534184,6
OVRPBL,523,ok,9.3945245881,9
OVRPBL,524,ok,9.2957257391,7
OVRPBL,525,ok,10.2807814678,7
OVRPBL,526,ok,9.5815839952,8
OVRPBL,527,ok,10.5738422011,8
OVRPBL,528,ok,9.6794819845,10
OVRPBL,529,ok,9.9980095357,7
OVRPBL,530,ok,9.2987244417,8
OVRPBL,531,ok,10.1895516263,8
OVRPBL,532,ok,8.9233840872,7
OVRPBL,533,ok,10.0430631644,6
OVRPBL,534,ok,9.2211933587,9
OVRPBL,535,ok,9.5214700285,6
OVRPBL,536,ok,9.4377437030,8
OVRPBL,537,ok,11.4032036935,8
OVRPBL,538,ok,11.3868703787,9
OVRPBL,539,ok,10.4042092699,9
OVRPBL,540,ok,10.0961277787,7
OVRPBL,541,ok,9.8808717041,8
OVRPBL,542,ok,10.2346075051,8
OVRPBL,543,ok,9.4630134756,8
OVRPBL,544,ok,8.6008004115,6
OVRPBL,545,ok,9.6487222275,5
OVRPBL,546,ok,9.9214383233,8
OVRPBL,547,ok,9.5428328647,8
OVRPBL,548,ok,9.1688601576,9
OVRPBL,549,ok,9.1807904917,8
OVRPBL,550,ok,9.3574897537,9
OVRPBL,551,ok,9.2362325197,8
OVRPBL,552,ok,10.4303834018,8
OVRPBL,553,ok,9.7630742237,11
OVRPBL,554,ok,9.2168020214,8
OVRPBL,555,ok,10.4259745351,7
OVRPBL,556,ok,10.4264181320,6
OVRPBL,557,ok,9.7039408287,7
OVRPBL,558,ok,9.7291295532,8
OVRPBL,559,ok,9.0804470867,8
OVRPBL,560,ok,8.3484802303,7
OVRPBL,561,ok,9.2381180895,8
OVRPBL,562,ok,9.4868206386,9
OVRPBL,563,ok,9.8593751764,9
OVRPBL,564,ok,9.0424487864,8
OVRPBL,565,ok,9.1753698602,7
OVRPBL,566,ok,8.8896546855,10
OVRPBL,567,ok,9.9127414889,8
OVRPBL,568,ok,10.1146888724,9
OVRPBL,569,ok,10.1089765960,6
OVRPBL,570,ok,9.8504888338,6
OVRPBL,571,ok,10.2954448887,9
OVRPBL,572,ok,9.4696113320,8
OVRPBL,573,ok,10.2436147299,7
OVRPBL,574,ok,9.9721206829,9
OVRPBL,575,ok,9.5998540091,9
OVRPBL,576,ok,8.3772881085,10
OVRPBL,577,ok,8.8306021685,9
OVRPBL,578,ok,10.5423253632,8
OVRPBL,579,ok,10.0630127557,9
OVRPBL,580,ok,9.8535426962,6
OVRPBL,581,ok,10.0714945330,7
OVRPBL,582,ok,10.1646649081,8
OVRPBL,583,ok,9.8874347408,8
OVRPBL,584,ok,9.3080879841,7
OVRPBL,585,ok,9.8581665907,8
OVRPBL,586,ok,9.7475492789,8
OVRPBL,587,ok,10.1385136940,7
OVRPBL,588,ok,8.4559245617,9
OVRPBL,589,ok,9.9668598824,7
OVRPBL,590,ok,9.7834344742,8
OVRPBL,591,ok,9.3905568154,10
OVRPBL,592,ok,10.6791337088,8
OVRPBL,593,ok,10.3535297421,9
OVRPBL,594,ok,9.5017213095,9
OVRPBL,595,ok,9.9772737826,11
OVRPBL,596,ok,11.4402132430,10
OVRPBL,597,ok,9.4415141173,8
OVRPBL,598,ok,8.3160097603,8
OVRPBL,599,ok,9.6511531981,8
OVRPBL,600,ok,10.5761170787,7
OVRPBL,601,ok,9.3571741769,9
OVRPBL,602,ok,9.4249614045,7
OVRPBL,603,ok,10.9271409074,8
OVRPBL,604,ok,10.0758832524,9
OVRPBL,605,ok,10.4976829428,9
OVRPBL,606,ok,10.7504381293,8
OVRPBL,607,ok,10.2447652807,9
OVRPBL,608,ok,8.7248984287,6
OVRPBL,609,ok,11.2857845703,8
OVRPBL,610,ok,8.8497523298,10
OVRPBL,611,ok,10.1371233588,6
OVRPBL,612,ok,9.5942318142,9
OVRPBL,613,ok,10.8112891795,8
OVRPBL,614,ok,9.3007898638,8
OVRPBL,615,ok,9.9279374530,8
OVRPBL,616,ok,10.0148761978,9
OVRPBL,617,ok,10.5058481976,7
OVRPBL,618,ok,8.4503571451,9
OVRPBL,619,ok,10.0304814528,10
OVRPBL,620,ok,10.8525615895,7
OVRPBL,621,ok,9.3767213969,8
OVRPBL,622,ok,10.2658466629,9
OVRPBL,623,ok,10.9659212889,8
OVRPBL,624,ok,10.8902120809,8
OVRPBL,625,ok,9.6768502700,8
OVRPBL,626,ok,9.6919980649,7
OVRPBL,627,ok,9.6527100954,9
OVRPBL,628,ok,9.1898533590,8
OVRPBL,629,ok,10.0484587196,8
OVRPBL,630,ok,9.9629709009,7
OVRPBL,631,ok,10.1253991409,8
OVRPBL,632,ok,10.4393406230,8
OVRPBL,633,ok,10.9851981651,8
OVRPBL,634,ok,10.0363088127,7
OVRPBL,635,ok,9.6501618275,8
OVRPBL,636,ok,8.9604540573,10
OVRPBL,637,ok,10.8393005645,8
OVRPBL,638,ok,9.2791515494,9
OVRPBL,639,ok,8.9954430368,9
OVRPBL,640,ok,10.4103669954,7
OVRPBL,641,ok,9.3963785752,7
OVRPBL,642,ok,10.1019527708,9
OVRPBL,643,ok,9.7991455556,6
OVRPBL,644,ok,9.9577905082,9
OVRPBL,645,ok,10.3160055532,8
OVRPBL,646,ok,9.3050556650,8
OVRPBL,647,ok,11.1979606234,7
OVRPBL,648,ok,10.1834914686,7
OVRPBL,649,ok,9.0356367182,9
OVRPBL,650,ok,8.2434718196,8
OVRPBL,651,ok,9.5070192132,8
OVRPBL,652,ok,9.0760435415,8
OVRPBL,653,ok,9.7614317844,7
OVRPBL,654,ok,10.0633117684,10
OVRPBL,655,ok,9.5750384930,8
OVRPBL,656,ok,9.7704985152,7
OVRPBL,657,ok,10.1265695401,9
OVRPBL,658,ok,8.8220933802,7
OVRPBL,659,ok,9.9375166224,8
OVRPBL,660,ok,10.1139763007,7
OVRPBL,661,ok,10.1993515088,7
OVRPBL,662,ok,11.6016175054,7
OVRPBL,663,ok,11.2397499646,8
OVRPBL,664,ok,8.9404546799,9
OVRPBL,665,ok,8.7134833612,8
OVRPBL,666,ok,10.0226582011,7
OVRPBL,667,ok,9.4699005118,7
OVRPBL,668,ok,9.7691721024,9
OVRPBL,669,ok,10.2752581736,6
OVRPBL,670,ok,9.1324992084,8
OVRPBL,671,ok,9.4863689275,7
OVRPBL,672,ok,8.9767290591,8
OVRPBL,673,ok,9.2986749380,9
OVRPBL,674,ok,8.7205712681,8
OVRPBL,675,ok,10.6052481201,10
OVRPBL,676,ok,9.9593744474,10
OVRPBL,677,ok,10.0146394387,7
OVRPBL,678,ok,10.4966659995,7
OVRPBL,679,ok,10.6448459508,8
OVRPBL,680,ok,8.6942848155,8
OVRPBL,681,ok,8.9273259780,8
OVRPBL,682,ok,11.3676718735,7
OVRPBL,683,ok,10.5131663907,7
OVRPBL,684,ok,8.9379899095,6
OVRPBL,685,ok,10.3641301915,9
OVRPBL,686,ok,8.7695191366,9
OVRPBL,687,ok,9.8389815717,8
OVRPBL,688,ok,10.1475604552,7
OVRPBL,689,ok,9.4271756819,7
OVRPBL,690,ok,9.8868325629,7
OVRPBL,691,ok,9.1732547270,8
OVRPBL,692,ok,9.1320721757,6
OVRPBL,693,ok,9.1131099055,8
OVRPBL,694,ok,9.4779861270,8
OVRPBL,695,ok,10.2749155061,8
OVRPBL,696,ok,9.7767325185,8
OVRPBL,697,ok,9.3407523662,8
OVRPBL,698,ok,10.3897886689,7
OVRPBL,699,ok,11.0548046750,8
OVRPBL,700,ok,10.3258324490,9
OVRPBL,701,ok,9.4018589787,8
OVRPBL,702,ok,8.9760832849,9
OVRPBL,703,ok,10.2095853784,8
OVRPBL,704,ok,10.3819667708,8
OVRPBL,705,ok,10.1078909478,8
OVRPBL,706,ok,9.3105098197,8
OVRPBL,707,ok,8.5979693883,9
OVRPBL,708,ok,9.7332495511,8
OVRPBL,709,ok,10.6730370152,9
OVRPBL,710,ok,10.2813241237,8
OVRPBL,711,ok,8.8205996581,7
OVRPBL,712,ok,9.5638223551,9
OVRPBL,713,ok,9.7144628219,8
OVRPBL,714,ok,10.3423610340,8
OVRPBL,715,ok,10.2828931560,9
OVRPBL,716,ok,9.5311699117,7
OVRPBL,717,ok,10.3385402641,7
OVRPBL,718,ok,9.1756227897,8
OVRPBL,719,ok,9.7923014025,8
OVRPBL,720,ok,11.0525346462,7
OVRPBL,721,ok,10.6114932712,8
OVRPBL,722,ok,9.3155612327,8
OVRPBL,723,ok,9.4936741648,7
OVRPBL,724,ok,9.5614625313,7
OVRPBL,725,ok,10.1724884930,7
OVRPBL,726,ok,9.4091368313,9
OVRPBL,727,ok,9.7366555953,9
OVRPBL,728,ok,10.1516222788,9
OVRPBL,729,ok,9.2560922161,8
OVRPBL,730,ok,10.7149396917,8
OVRPBL,731,ok,8.9561214407,7
OVRPBL,732,ok,10.5432533647,9
OVRPBL,733,ok,10.7063639813,9
OVRPBL,734,ok,9.6440223369,7
OVRPBL,735,ok,9.3343891009,6
OVRPBL,736,ok,10.7203619683,8
OVRPBL,737,ok,8.7675248734,9
OVRPBL,738,ok,10.2726218284,7
OVRPBL,739,ok,8.6844352381,8
OVRPBL,740,ok,9.2131920466,7
OVRPBL,741,ok,9.5722495758,7
OVRPBL,742,ok,9.8968431605,9
OVRPBL,743,ok,10.3783404795,9
OVRPBL,744,ok,10.2477792099,10
OVRPBL,745,ok,9.1830149792,9
OVRPBL,746,ok,10.9969005887,9
OVRPBL,747,ok,8.8210610091,9
OVRPBL,748,ok,9.6567687175,10
OVRPBL,749,ok,8.5671016035,9
OVRPBL,750,ok,9.7177043527,9
OVRPBL,751,ok,8.7185526904,7
OVRPBL,752,ok,10.2988406723,7
OVRPBL,753,ok,8.9455103326,9
OVRPBL,754,ok,10.0222573232,8
OVRPBL,755,ok,9.0664248072,9
OVRPBL,756,ok,10.1150692694,8
OVRPBL,757,ok,8.9818001043,7
OVRPBL,758,ok,8.5121147823,8
OVRPBL,759,ok,9.8250421750,9
OVRPBL,760,ok,9.0669150248,8
OVRPBL,761,ok,11.0010463588,7
OVRPBL,762,ok,10.1956340341,8
OVRPBL,763,ok,9.9863477597,10
OVRPBL,764,ok,9.6807573960,8
OVRPBL,765,ok,9.9904878685,8
OVRPBL,766,ok,9.3467881454,8
OVRPBL,767,ok,9.7694002580,7
OVRPBL,768,ok,9.3303920633,7
OVRPBL,769,ok,9.9463791289,7
OVRPBL,770,ok,9.4063671599,12
OVRPBL,771,ok,10.7661928624,9
OVRPBL,772,ok,10.4384585041,8
OVRPBL,773,ok,9.4088460562,8
OVRPBL,774,ok,9.6371873343,7
OVRPBL,775,ok,9.6864408059,6
OVRPBL,776,ok,9.5143129874,9
OVRPBL,777,ok,8.8221141348,7
OVRPBL,778,ok,10.5636548283,8
OVRPBL,779,ok,10.5326727637,8
OVRPBL,780,ok,11.7670263283,7
OVRPBL,781,ok,10.0006897161,7
OVRPBL,782,ok,10.0046431830,9
OVRPBL,783,ok,8.9462786099,9
OVRPBL,784,ok,9.5310329379,7
OVRPBL,785,ok,9.3794691410,7
OVRPBL,786,ok,10.3165192122,9
OVRPBL,787,ok,9.4904575933,8
OVRPBL,788,ok,10.9983988355,9
OVRPBL,789,ok,10.3789483504,7
OVRPBL,790,ok,8.8872968791,8
OVRPBL,791,ok,10.5052194176,8
OVRPBL,792,ok,9.9418725623,9
OVRPBL,793,ok,9.1366246566,6
OVRPBL,794,ok,10.4510173322,8
OVRPBL,795,ok,9.8379587742,9
OVRPBL,796,ok,9.0280955895,7
OVRPBL,797,ok,8.2674333028,8
OVRPBL,798,ok,9.8940066647,8
OVRPBL,799,ok,9.9521347657,7
OVRPBL,800,ok,10.7521960996,7
OVRPBL,801,ok,9.3731670943,7
OVRPBL,802,ok,10.9563853089,7
OVRPBL,803,ok,9.7891018719,8
OVRPBL,804,ok,9.4120424232,8
OVRPBL,805,ok,9.3460407578,9
OVRPBL,806,ok,9.0190999727,7
OVRPBL,807,ok,9.3799830403,7
OVRPBL,808,ok,10.0396313173,8
OVRPBL,809,ok,9.4698967538,9
OVRPBL,810,ok,9.2793239663,9
OVRPBL,811,ok,8.9860608681,9
OVRPBL,812,ok,9.7513073253,6
OVRPBL,813,ok,9.9907171486,8
OVRPBL,814,ok,9.3472904232,7
OVRPBL,815,ok,9.6671137944,8
OVRPBL,816,ok,9.7347198800,7
OVRPBL,817,ok,8.9636630089,8
OVRPBL,818,ok,10.0928741833,7
OVRPBL,819,ok,10.6995224484,6
OVRPBL,820,ok,9.0404002774,8
OVRPBL,821,ok,9.7880822006,7
OVRPBL,822,ok,9.6225433263,8
OVRPBL,823,ok,10.0940752031,8
OVRPBL,824,ok,9.8878516878,8
OVRPBL,825,ok,9.5936261036,10
OVRPBL,826,ok,9.6788349192,7
OVRPBL,827,ok,11.2538414517,7
OVRPBL,828,ok,10.7757281733,7
OVRPBL,829,ok,9.7389191459,9
OVRPBL,830,ok,9.2788493579,8
OVRPBL,831,ok,10.7000561668,7
OVRPBL,832,ok,9.9410388528,8
OVRPBL,833,ok,9.7226967824,7
OVRPBL,834,ok,9.2115716343,7
OVRPBL,835,ok,8.8185974523,9
OVRPBL,836,ok,9.2473903410,11
OVRPBL,837,ok,10.0527194488,9
OVRPBL,838,ok,10.2140292078,10
OVRPBL,839,ok,9.2493813383,7
OVRPBL,840,ok,9.1224004876,8
OVRPBL,841,ok,8.7248604685,7
OVRPBL,842,ok,9.1205379448,9
OVRPBL,843,ok,12.0670191080,7
OVRPBL,844,ok,10.2589349555,7
OVRPBL,845,ok,10.9905600543,8
OVRPBL,846,ok,8.7749755537,8
OVRPBL,847,ok,9.3221786712,8
OVRPBL,848,ok,9.4648445105,7
OVRPBL,849,ok,9.5178224228,8
OVRPBL,850,ok,9.8464465191,8
OVRPBL,851,ok,10.3892538542,9
OVRPBL,852,ok,10.5342938737,8
OVRPBL,853,ok,10.3185580887,8
OVRPBL,854,ok,9.5805732871,9
OVRPBL,855,ok,9.5237735333,10
OVRPBL,856,ok,9.9486609626,7
OVRPBL,857,ok,9.2331371629,7
OVRPBL,858,ok,9.0392402049,7
OVRPBL,859,ok,9.7017732736,7
OVRPBL,860,ok,10.3778860040,10
OVRPBL,861,ok,9.9660707305,7
OVRPBL,862,ok,10.1097481509,6
OVRPBL,863,ok,9.4377149790,7
OVRPBL,864,ok,8.8972720229,7
OVRPBL,865,ok,9.4857234182,7
OVRPBL,866,ok,10.5090186790,7
OVRPBL,867,ok,9.0079605794,7
OVRPBL,868,ok,10.8447609599,9
OVRPBL,869,ok,10.1641279025,9
OVRPBL,870,ok,10.6704336948,9
OVRPBL,871,ok,8.5881304051,9
OVRPBL,872,ok,8.8664715031,9
OVRPBL,873,ok,8.6565546669,7
OVRPBL,874,ok,9.6363490876,7
OVRPBL,875,ok,10.6122489864,8
OVRPBL,876,ok,8.4183424125,7
OVRPBL,877,ok,9.5662476920,7
OVRPBL,878,ok,8.6291614328,6
OVRPBL,879,ok,9.8696655106,7
OVRPBL,880,ok,9.1626286499,10
OVRPBL,881,ok,10.8640269806,8
OVRPBL,882,ok,9.3658489475,8
OVRPBL,883,ok,10.8302918792,9
OVRPBL,884,ok,9.8314910974,7
OVRPBL,885,ok,10.0123200328,8
OVRPBL,886,ok,9.5461154271,8
OVRPBL,887,ok,10.3024407517,8
OVRPBL,888,ok,9.0892653419,8
OVRPBL,889,ok,9.0203662407,8
OVRPBL,890,ok,10.5174732804,8
OVRPBL,891,ok,9.5769249868,8
OVRPBL,892,ok,10.0473037226,7
OVRPBL,893,ok,9.5175370876,8
OVRPBL,894,ok,8.9105491141,7
OVRPBL,895,ok,9.0428429157,7
OVRPBL,896,ok,10.1872803455,7
OVRPBL,897,ok,9.4657705646,8
OVRPBL,898,ok,9.3187507156,7
OVRPBL,899,ok,9.6385345963,7
OVRPBL,900,ok,9.6947318298,10
OVRPBL,901,ok,9.2591450997,7
OVRPBL,902,ok,9.5362437254,8
OVRPBL,903,ok,9.5644745914,9
OVRPBL,904,ok,9.5119205548,7
OVRPBL,905,ok,9.7454728949,8
OVRPBL,906,ok,9.0404971471,8
OVRPBL,907,ok,10.3340937499,7
OVRPBL,908,ok,8.6225838415,8
OVRPBL,909,ok,9.3809005142,8
OVRPBL,910,ok,9.4871573220,8
OVRPBL,911,ok,11.4063109911,8
OVRPBL,912,ok,10.0493825938,8
OVRPBL,913,ok,9.8277986699,10
OVRPBL,914,ok,9.3468684389,9
OVRPBL,915,ok,9.3749054203,8
OVRPBL,916,ok,9.7930931034,6
OVRPBL,917,ok,8.1612273680,9
OVRPBL,918,ok,8.5695870717,8
OVRPBL,919,ok,9.4576763356,7
OVRPBL,920,ok,9.9172809728,8
OVRPBL,921,ok,9.5606982508,9
OVRPBL,922,ok,9.3216884901,8
OVRPBL,923,ok,9.9714695704,7
OVRPBL,924,ok,10.1927077358,8
OVRPBL,925,ok,9.7661562845,10
OVRPBL,926,ok,8.7759095475,7
OVRPBL,927,ok,9.7604419174,8
OVRPBL,928,ok,9.4316826982,8
OVRPBL,929,ok,9.3942038059,9
OVRPBL,930,ok,10.7008980344,11
OVRPBL,931,ok,9.3122646217,8
OVRPBL,932,ok,9.2970409750,7
OVRPBL,933,ok,10.4804723428,8
OVRPBL,934,ok,9.8632290318,9
OVRPBL,935,ok,9.7768054302,8
OVRPBL,936,ok,10.2884400539,7
OVRPBL,937,ok,10.6614262614,9
OVRPBL,938,ok,11.1355335240,9
OVRPBL,939,ok,10.3719929714,8
OVRPBL,940,ok,9.0134960131,8
OVRPBL,941,ok,9.7020577334,8
OVRPBL,942,ok,9.5698614071,9
OVRPBL,943,ok,8.9610894453,8
OVRPBL,944,ok,9.2688904446,8
OVRPBL,945,ok,9.8656459685,8
OVRPBL,946,ok,9.6262692850,10
OVRPBL,947,ok,9.1294707114,9
OVRPBL,948,ok,9.0642807412,7
OVRPBL,949,ok,9.9629806273,7
OVRPBL,950,ok,9.1064847647,6
OVRPBL,951,ok,9.9955760220,7
OVRPBL,952,ok,9.8426867708,7
OVRPBL,953,ok,10.2940919717,6
OVRPBL,954,ok,9.9869693117,6
OVRPBL,955,ok,10.3829322304,8
OVRPBL,956,ok,8.5996627898,9
OVRPBL,957,ok,8.5109146996,8
OVRPBL,958,ok,10.3582370745,8
OVRPBL,959,ok,9.4724676521,7
OVRPBL,960,ok,11.0324211876,7
OVRPBL,961,ok,9.4197432962,7
OVRPBL,962,ok,9.4330702738,8
OVRPBL,963,ok,10.6062331561,7
OVRPBL,964,ok,9.6965437409,7
OVRPBL,965,ok,8.9280196313,7
OVRPBL,966,ok,9.0930730507,8
OVRPBL,967,ok,8.4674057080,8
OVRPBL,968,ok,10.0402364238,7
OVRPBL,969,ok,8.9112631275,8
OVRPBL,970,ok,10.0209052625,9
OVRPBL,971,ok,9.7163110255,8
OVRPBL,972,ok,9.4399424403,8
OVRPBL,973,ok,8.5507890871,9
OVRPBL,974,ok,10.6000021899,8
OVRPBL,975,ok,10.3157874662,10
OVRPBL,976,ok,10.1361621331,8
OVRPBL,977,ok,11.0844740908,7
OVRPBL,978,ok,10.6582698152,7
OVRPBL,979,ok,10.7083243107,8
OVRPBL,980,ok,9.0654864804,10
OVRPBL,981,ok,8.7929853338,7
OVRPBL,982,ok,9.5755587505,7
OVRPBL,983,ok,9.7426436317,9
OVRPBL,984,ok,8.3465897635,7
OVRPBL,985,ok,10.0475606546,7
OVRPBL,986,ok,10.1915221973,8
OVRPBL,987,ok,10.8751923154,7
OVRPBL,988,ok,9.8568411884,8
OVRPBL,989,ok,10.4072923030,7
OVRPBL,990,ok,9.2910927147,8
OVRPBL,991,ok,9.1592433873,7
OVRPBL,992,ok,10.1124406662,7
OVRPBL,993,ok,9.3371269198,8
OVRPBL,994,ok,9.7746344899,8
OVRPBL,995,ok,9.2424813212,10
OVRPBL,996,ok,9.7617643955,8
OVRPBL,997,ok,9.8752263945,7
OVRPBL,998,ok,10.9283032406,9
OVRPBL,999,ok,10.3740620741,7
OVRPBTW,0,no_feasible_candidate,,
OVRPBTW,1,no_feasible_candidate,,
OVRPBTW,2,no_feasible_candidate,,
OVRPBTW,3,no_feasible_candidate,,
OVRPBTW,4,no_feasible_candidate,,
OVRPBTW,5,no_feasible_candidate,,
OVRPBTW,6,no_feasible_candidate,,
OVRPBTW,7,no_feasible_candidate,,
OVRPBTW,8,no_feasible_candidate,,
OVRPBTW,9,no_feasible_candidate,,
OVRPBTW,10,no_feasible_candidate,,
OVRPBTW,11,no_feasible_candidate,,
OVRPBTW,12,no_feasible_candidate,,
OVRPBTW,13,no_feasible_candidate,,
OVRPBTW,14,no_feasible_candidate,,
OVRPBTW,15,no_feasible_candidate,,
OVRPBTW,16,no_feasible_candidate,,
OVRPBTW,17,no_feasible_candidate,,
OVRPBTW,18,no_feasible_candidate,,
OVRPBTW,19,no_feasible_candidate,,
OVRPBTW,20,no_feasible_candidate,,
OVRPBTW,21,no_feasible_candidate,,
OVRPBTW,22,no_feasible_candidate,,
OVRPBTW,23,no_feasible_candidate,,
OVRPBTW,24,no_feasible_candidate,,
OVRPBTW,25,no_feasible_candidate,,
OVRPBTW,26,no_feasible_candidate,,
OVRPBTW,27,no_feasible_candidate,,
OVRPBTW,28,no_feasible_candidate,,
OVRPBTW,29,no_feasible_candidate,,
OVRPBTW,30,no_feasible_candidate,,
OVRPBTW,31,no_feasible_candidate,,
OVRPBTW,32,no_feasible_candidate,,
OVRPBTW,33,no_feasible_candidate,,
OVRPBTW,34,no_feasible_candidate,,
OVRPBTW,35,no_feasible_candidate,,
OVRPBTW,36,no_feasible_candidate,,
OVRPBTW,37,no_feasible_candidate,,
OVRPBTW,38,no_feasible_candidate,,
OVRPBTW,39,no_feasible_candidate,,
OVRPBTW,40,no_feasible_candidate,,
OVRPBTW,41,no_feasible_candidate,,
OVRPBTW,42,no_feasible_candidate,,
OVRPBTW,43,no_feasible_candidate,,
OVRPBTW,44,no_feasible_candidate,,
OVRPBTW,45,no_feasible_candidate,,
OVRPBTW,46,no_feasible_candidate,,
OVRPBTW,47,no_feasible_candidate,,
OVRPBTW,48,no_feasible_candidate,,
OVRPBTW,49,no_feasible_candidate,,
OVRPBTW,50,no_feasible_candidate,,
OVRPBTW,51,no_feasible_candidate,,
OVRPBTW,52,no_feasible_candidate,,
OVRPBTW,53,no_feasible_candidate,,
OVRPBTW,54,no_feasible_candidate,,
OVRPBTW,55,no_feasible_candidate,,
OVRPBTW,56,no_feasible_candidate,,
OVRPBTW,57,no_feasible_candidate,,
OVRPBTW,58,no_feasible_candidate,,
OVRPBTW,59,no_feasible_candidate,,
OVRPBTW,60,no_feasible_candidate,,
OVRPBTW,61,no_feasible_candidate,,
OVRPBTW,62,no_feasible_candidate,,
OVRPBTW,63,no_feasible_candidate,,
OVRPBTW,64,no_feasible_candidate,,
OVRPBTW,65,no_feasible_candidate,,
OVRPBTW,66,no_feasible_candidate,,
OVRPBTW,67,ok,18.7171118192,30
OVRPBTW,68,no_feasible_candidate,,
OVRPBTW,69,no_feasible_candidate,,
OVRPBTW,70,no_feasible_candidate,,
OVRPBTW,71,no_feasible_candidate,,
OVRPBTW,72,no_feasible_candidate,,
OVRPBTW,73,no_feasible_candidate,,
OVRPBTW,74,no_feasible_candidate,,
OVRPBTW,75,no_feasible_candidate,,
OVRPBTW,76,no_feasible_candidate,,
OVRPBTW,77,no_feasible_candidate,,
OVRPBTW,78,no_feasible_candidate,,
OVRPBTW,79,no_feasible_candidate,,
OVRPBTW,80,no_feasible_candidate,,
OVRPBTW,81,no_feasible_candidate,,
OVRPBTW,82,no_feasible_candidate,,
OVRPBTW,83,no_feasible_candidate,,
OVRPBTW,84,no_feasible_candidate,,
OVRPBTW,85,no_feasible_candidate,,
OVRPBTW,86,no_feasible_candidate,,
OVRPBTW,87,no_feasible_candidate,,
OVRPBTW,88,no_feasible_candidate,,
OVRPBTW,89,no_feasible_candidate,,
OVRPBTW,90,no_feasible_candidate,,
OVRPBTW,91,no_feasible_candidate,,
OVRPBTW,92,no_feasible_candidate,,
OVRPBTW,93,no_feasible_candidate,,
OVRPBTW,94,no_feasible_candidate,,
OVRPBTW,95,no_feasible_candidate,,
OVRPBTW,96,no_feasible_candidate,,
OVRPBTW,97,no_feasible_candidate,,
OVRPBTW,98,no_feasible_candidate,,
OVRPBTW,99,no_feasible_candidate,,
OVRPBTW,100,no_feasible_candidate,,
OVRPBTW,101,no_feasible_candidate,,
OVRPBTW,102,no_feasible_candidate,,
OVRPBTW,103,no_feasible_candidate,,
OVRPBTW,104,no_feasible_candidate,,
OVRPBTW,105,no_feasible_candidate,,
OVRPBTW,106,no_feasible_candidate,,
OVRPBTW,107,no_feasible_candidate,,
OVRPBTW,108,no_feasible_candidate,,
OVRPBTW,109,no_feasible_candidate,,
OVRPBTW,110,no_feasible_candidate,,
OVRPBTW,111,no_feasible_candidate,,
OVRPBTW,112,no_feasible_candidate,,
OVRPBTW,113,no_feasible_candidate,,
OVRPBTW,114,no_feasible_candidate,,
OVRPBTW,115,no_feasible_candidate,,
OVRPBTW,116,no_feasible_candidate,,
OVRPBTW,117,no_feasible_candidate,,
OVRPBTW,118,no_feasible_candidate,,
OVRPBTW,119,no_feasible_candidate,,
OVRPBTW,120,no_feasible_candidate,,
OVRPBTW,121,no_feasible_candidate,,
OVRPBTW,122,no_feasible_candidate,,
OVRPBTW,123,no_feasible_candidate,,
OVRPBTW,124,no_feasible_candidate,,
OVRPBTW,125,no_feasible_candidate,,
OVRPBTW,126,no_feasible_candidate,,
OVRPBTW,127,no_feasible_candidate,,
OVRPBTW,128,no_feasible_candidate,,
OVRPBTW,129,no_feasible_candidate,,
OVRPBTW,130,no_feasible_candidate,,
OVRPBTW,131,no_feasible_candidate,,
OVRPBTW,132,no_feasible_candidate,,
OVRPBTW,133,no_feasible_candidate,,
OVRPBTW,134,no_feasible_candidate,,
OVRPBTW,135,no_feasible_candidate,,
OVRPBTW,136,no_feasible_candidate,,
OVRPBTW,137,no_feasible_candidate,,
OVRPBTW,138,no_feasible_candidate,,
OVRPBTW,139,no_feasible_candidate,,
OVRPBTW,140,no_feasible_candidate,,
OVRPBTW,141,no_feasible_candidate,,
OVRPBTW,142,no_feasible_candidate,,
OVRPBTW,143,no_feasible_candidate,,
OVRPBTW,144,no_feasible_candidate,,
OVRPBTW,145,no_feasible_candidate,,
OVRPBTW,146,no_feasible_candidate,,
OVRPBTW,147,no_feasible_candidate,,
OVRPBTW,148,no_feasible_candidate,,
OVRPBTW,149,no_feasible_candidate,,
OVRPBTW,150,no_feasible_candidate,,
OVRPBTW,151,no_feasible_candidate,,
OVRPBTW,152,no_feasible_candidate,,
OVRPBTW,153,no_feasible_candidate,,
OVRPBTW,154,no_feasible_candidate,,
OVRPBTW,155,no_feasible_candidate,,
OVRPBTW,156,no_feasible_candidate,,
OVRPBTW,157,no_feasible_candidate,,
OVRPBTW,158,no_feasible_candidate,,
OVRPBTW,159,no_feasible_candidate,,
OVRPBTW,160,no_feasible_candidate,,
OVRPBTW,161,no_feasible_candidate,,
OVRPBTW,162,no_feasible_candidate,,
OVRPBTW,163,no_feasible_candidate,,
OVRPBTW,164,no_feasible_candidate,,
OVRPBTW,165,no_feasible_candidate,,
OVRPBTW,166,no_feasible_candidate,,
OVRPBTW,167,no_feasible_candidate,,
OVRPBTW,168,no_feasible_candidate,,
OVRPBTW,169,no_feasible_candidate,,
OVRPBTW,170,no_feasible_candidate,,
OVRPBTW,171,no_feasible_candidate,,
OVRPBTW,172,no_feasible_candidate,,
OVRPBTW,173,no_feasible_candidate,,
OVRPBTW,174,no_feasible_candidate,,
OVRPBTW,175,no_feasible_candidate,,
OVRPBTW,176,no_feasible_candidate,,
OVRPBTW,177,no_feasible_candidate,,
OVRPBTW,178,no_feasible_candidate,,
OVRPBTW,179,no_feasible_candidate,,
OVRPBTW,180,no_feasible_candidate,,
OVRPBTW,181,no_feasible_candidate,,
OVRPBTW,182,no_feasible_candidate,,
OVRPBTW,183,no_feasible_candidate,,
OVRPBTW,184,no_feasible_candidate,,
OVRPBTW,185,no_feasible_candidate,,
OVRPBTW,186,no_feasible_candidate,,
OVRPBTW,187,no_feasible_candidate,,
OVRPBTW,188,no_feasible_candidate,,
OVRPBTW,189,no_feasible_candidate,,
OVRPBTW,190,no_feasible_candidate,,
OVRPBTW,191,no_feasible_candidate,,
OVRPBTW,192,no_feasible_candidate,,
OVRPBTW,193,no_feasible_candidate,,
OVRPBTW,194,no_feasible_candidate,,
OVRPBTW,195,no_feasible_candidate,,
OVRPBTW,196,no_feasible_candidate,,
OVRPBTW,197,no_feasible_candidate,,
OVRPBTW,198,no_feasible_candidate,,
OVRPBTW,199,no_feasible_candidate,,
OVRPBTW,200,no_feasible_candidate,,
OVRPBTW,201,no_feasible_candidate,,
OVRPBTW,202,no_feasible_candidate,,
OVRPBTW,203,no_feasible_candidate,,
OVRPBTW,204,no_feasible_candidate,,
OVRPBTW,205,no_feasible_candidate,,
OVRPBTW,206,no_feasible_candidate,,
OVRPBTW,207,no_feasible_candidate,,
OVRPBTW,208,no_feasible_candidate,,
OVRPBTW,209,no_feasible_candidate,,
OVRPBTW,210,no_feasible_candidate,,
OVRPBTW,211,no_feasible_candidate,,
OVRPBTW,212,no_feasible_candidate,,
OVRPBTW,213,no_feasible_candidate,,
OVRPBTW,214,no_feasible_candidate,,
OVRPBTW,215,no_feasible_candidate,,
OVRPBTW,216,no_feasible_candidate,,
OVRPBTW,217,no_feasible_candidate,,
OVRPBTW,218,no_feasible_candidate,,
OVRPBTW,219,no_feasible_candidate,,
OVRPBTW,220,no_feasible_candidate,,
OVRPBTW,221,no_feasible_candidate,,
OVRPBTW,222,no_feasible_candidate,,
OVRPBTW,223,no_feasible_candidate,,
OVRPBTW,224,no_feasible_candidate,,
OVRPBTW,225,no_feasible_candidate,,
OVRPBTW,226,no_feasible_candidate,,
OVRPBTW,227,no_feasible_candidate,,
OVRPBTW,228,no_feasible_candidate,,
OVRPBTW,229,no_feasible_candidate,,
OVRPBTW,230,no_feasible_candidate,,
OVRPBTW,231,no_feasible_candidate,,
OVRPBTW,232,no_feasible_candidate,,
OVRPBTW,233,no_feasible_candidate,,
OVRPBTW,234,no_feasible_candidate,,
OVRPBTW,235,no_feasible_candidate,,
OVRPBTW,236,no_feasible_candidate,,
OVRPBTW,237,no_feasible_candidate,,
OVRPBTW,238,no_feasible_candidate,,
OVRPBTW,239,no_feasible_candidate,,
OVRPBTW,240,no_feasible_candidate,,
OVRPBTW,241,no_feasible_candidate,,
OVRPBTW,242,no_feasible_candidate,,
OVRPBTW,243,no_feasible_candidate,,
OVRPBTW,244,no_feasible_candidate,,
OVRPBTW,245,no_feasible_candidate,,
OVRPBTW,246,no_feasible_candidate,,
OVRPBTW,247,no_feasible_candidate,,
OVRPBTW,248,no_feasible_candidate,,
OVRPBTW,249,no_feasible_candidate,,
OVRPBTW,250,no_feasible_candidate,,
OVRPBTW,251,no_feasible_candidate,,
OVRPBTW,252,no_feasible_candidate,,
OVRPBTW,253,no_feasible_candidate,,
OVRPBTW,254,no_feasible_candidate,,
OVRPBTW,255,no_feasible_candidate,,
OVRPBTW,256,no_feasible_candidate,,
OVRPBTW,257,no_feasible_candidate,,
OVRPBTW,258,no_feasible_candidate,,
OVRPBTW,259,no_feasible_candidate,,
OVRPBTW,260,no_feasible_candidate,,
OVRPBTW,261,no_feasible_candidate,,
OVRPBTW,262,no_feasible_candidate,,
OVRPBTW,263,no_feasible_candidate,,
OVRPBTW,264,no_feasible_candidate,,
OVRPBTW,265,no_feasible_candidate,,
OVRPBTW,266,no_feasible_candidate,,
OVRPBTW,267,no_feasible_candidate,,
OVRPBTW,268,no_feasible_candidate,,
OVRPBTW,269,no_feasible_candidate,,
OVRPBTW,270,no_feasible_candidate,,
OVRPBTW,271,no_feasible_candidate,,
OVRPBTW,272,no_feasible_candidate,,
OVRPBTW,273,no_feasible_candidate,,
OVRPBTW,274,no_feasible_candidate,,
OVRPBTW,275,no_feasible_candidate,,
OVRPBTW,276,no_feasible_candidate,,
OVRPBTW,277,no_feasible_candidate,,
OVRPBTW,278,no_feasible_candidate,,
OVRPBTW,279,no_feasible_candidate,,
OVRPBTW,280,no_feasible_candidate,,
OVRPBTW,281,no_feasible_candidate,,
OVRPBTW,282,no_feasible_candidate,,
OVRPBTW,283,no_feasible_candidate,,
OVRPBTW,284,no_feasible_candidate,,
OVRPBTW,285,no_feasible_candidate,,
OVRPBTW,286,no_feasible_candidate,,
OVRPBTW,287,no_feasible_candidate,,
OVRPBTW,288,no_feasible_candidate,,
OVRPBTW,289,no_feasible_candidate,,
OVRPBTW,290,no_feasible_candidate,,
OVRPBTW,291,no_feasible_candidate,,
OVRPBTW,292,no_feasible_candidate,,
OVRPBTW,293,no_feasible_candidate,,
OVRPBTW,294,no_feasible_candidate,,
OVRPBTW,295,no_feasible_candidate,,
OVRPBTW,296,no_feasible_candidate,,
OVRPBTW,297,no_feasible_candidate,,
OVRPBTW,298,no_feasible_candidate,,
OVRPBTW,299,no_feasible_candidate,,
OVRPBTW,300,no_feasible_candidate,,
OVRPBTW,301,no_feasible_candidate,,
OVRPBTW,302,no_feasible_candidate,,
OVRPBTW,303,no_feasible_candidate,,
OVRPBTW,304,no_feasible_candidate,,
OVRPBTW,305,no_feasible_candidate,,
OVRPBTW,306,no_feasible_candidate,,
OVRPBTW,307,no_feasible_candidate,,
OVRPBTW,308,no_feasible_candidate,,
OVRPBTW,309,no_feasible_candidate,,
OVRPBTW,310,no_feasible_candidate,,
OVRPBTW,311,no_feasible_candidate,,
OVRPBTW,312,no_feasible_candidate,,
OVRPBTW,313,no_feasible_candidate,,
OVRPBTW,314,no_feasible_candidate,,
OVRPBTW,315,no_feasible_candidate,,
OVRPBTW,316,no_feasible_candidate,,
OVRPBTW,317,no_feasible_candidate,,
OVRPBTW,318,no_feasible_candidate,,
OVRPBTW,319,no_feasible_candidate,,
OVRPBTW,320,no_feasible_candidate,,
OVRPBTW,321,no_feasible_candidate,,
OVRPBTW,322,no_feasible_candidate,,
OVRPBTW,323,no_feasible_candidate,,
OVRPBTW,324,no_feasible_candidate,,
OVRPBTW,325,no_feasible_candidate,,
OVRPBTW,326,no_feasible_candidate,,
OVRPBTW,327,no_feasible_candidate,,
OVRPBTW,328,no_feasible_candidate,,
OVRPBTW,329,no_feasible_candidate,,
OVRPBTW,330,no_feasible_candidate,,
OVRPBTW,331,no_feasible_candidate,,
OVRPBTW,332,no_feasible_candidate,,
OVRPBTW,333,no_feasible_candidate,,
OVRPBTW,334,no_feasible_candidate,,
OVRPBTW,335,no_feasible_candidate,,
OVRPBTW,336,no_feasible_candidate,,
OVRPBTW,337,no_feasible_candidate,,
OVRPBTW,338,no_feasible_candidate,,
OVRPBTW,339,no_feasible_candidate,,
OVRPBTW,340,no_feasible_candidate,,
OVRPBTW,341,no_feasible_candidate,,
OVRPBTW,342,no_feasible_candidate,,
OVRPBTW,343,no_feasible_candidate,,
OVRPBTW,344,no_feasible_candidate,,
OVRPBTW,345,no_feasible_candidate,,
OVRPBTW,346,no_feasible_candidate,,
OVRPBTW,347,ok,25.3986574506,30
OVRPBTW,348,no_feasible_candidate,,
OVRPBTW,349,no_feasible_candidate,,
OVRPBTW,350,no_feasible_candidate,,
OVRPBTW,351,no_feasible_candidate,,
OVRPBTW,352,no_feasible_candidate,,
OVRPBTW,353,no_feasible_candidate,,
OVRPBTW,354,no_feasible_candidate,,
OVRPBTW,355,no_feasible_candidate,,
OVRPBTW,356,no_feasible_candidate,,
OVRPBTW,357,no_feasible_candidate,,
OVRPBTW,358,no_feasible_candidate,,
OVRPBTW,359,no_feasible_candidate,,
OVRPBTW,360,no_feasible_candidate,,
OVRPBTW,361,no_feasible_candidate,,
OVRPBTW,362,no_feasible_candidate,,
OVRPBTW,363,no_feasible_candidate,,
OVRPBTW,364,no_feasible_candidate,,
OVRPBTW,365,no_feasible_candidate,,
OVRPBTW,366,no_feasible_candidate,,
OVRPBTW,367,no_feasible_candidate,,
OVRPBTW,368,no_feasible_candidate,,
OVRPBTW,369,no_feasible_candidate,,
OVRPBTW,370,no_feasible_candidate,,
OVRPBTW,371,no_feasible_candidate,,
OVRPBTW,372,no_feasible_candidate,,
OVRPBTW,373,no_feasible_candidate,,
OVRPBTW,374,no_feasible_candidate,,
OVRPBTW,375,no_feasible_candidate,,
OVRPBTW,376,no_feasible_candidate,,
OVRPBTW,377,no_feasible_candidate,,
OVRPBTW,378,no_feasible_candidate,,
OVRPBTW,379,no_feasible_candidate,,
OVRPBTW,380,no_feasible_candidate,,
OVRPBTW,381,no_feasible_candidate,,
OVRPBTW,382,no_feasible_candidate,,
OVRPBTW,383,no_feasible_candidate,,
OVRPBTW,384,no_feasible_candidate,,
OVRPBTW,385,no_feasible_candidate,,
OVRPBTW,386,no_feasible_candidate,,
OVRPBTW,387,no_feasible_candidate,,
OVRPBTW,388,no_feasible_candidate,,
OVRPBTW,389,no_feasible_candidate,,
OVRPBTW,390,no_feasible_candidate,,
OVRPBTW,391,no_feasible_candidate,,
OVRPBTW,392,no_feasible_candidate,,
OVRPBTW,393,no_feasible_candidate,,
OVRPBTW,394,no_feasible_candidate,,
OVRPBTW,395,no_feasible_candidate,,
OVRPBTW,396,ok,23.0217552910,35
OVRPBTW,397,no_feasible_candidate,,
OVRPBTW,398,no_feasible_candidate,,
OVRPBTW,399,no_feasible_candidate,,
OVRPBTW,400,no_feasible_candidate,,
OVRPBTW,401,no_feasible_candidate,,
OVRPBTW,402,no_feasible_candidate,,
OVRPBTW,403,no_feasible_candidate,,
OVRPBTW,404,no_feasible_candidate,,
OVRPBTW,405,no_feasible_candidate,,
OVRPBTW,406,no_feasible_candidate,,
OVRPBTW,407,no_feasible_candidate,,
OVRPBTW,408,no_feasible_candidate,,
OVRPBTW,409,no_feasible_candidate,,
OVRPBTW,410,no_feasible_candidate,,
OVRPBTW,411,no_feasible_candidate,,
OVRPBTW,412,no_feasible_candidate,,
OVRPBTW,413,no_feasible_candidate,,
OVRPBTW,414,no_feasible_candidate,,
OVRPBTW,415,no_feasible_candidate,,
OVRPBTW,416,no_feasible_candidate,,
OVRPBTW,417,no_feasible_candidate,,
OVRPBTW,418,no_feasible_candidate,,
OVRPBTW,419,no_feasible_candidate,,
OVRPBTW,420,no_feasible_candidate,,
OVRPBTW,421,ok,18.2857373007,26
OVRPBTW,422,no_feasible_candidate,,
OVRPBTW,423,no_feasible_candidate,,
OVRPBTW,424,no_feasible_candidate,,
OVRPBTW,425,no_feasible_candidate,,
OVRPBTW,426,no_feasible_candidate,,
OVRPBTW,427,no_feasible_candidate,,
OVRPBTW,428,no_feasible_candidate,,
OVRPBTW,429,no_feasible_candidate,,
OVRPBTW,430,no_feasible_candidate,,
OVRPBTW,431,no_feasible_candidate,,
OVRPBTW,432,no_feasible_candidate,,
OVRPBTW,433,no_feasible_candidate,,
OVRPBTW,434,no_feasible_candidate,,
OVRPBTW,435,no_feasible_candidate,,
OVRPBTW,436,no_feasible_candidate,,
OVRPBTW,437,no_feasible_candidate,,
OVRPBTW,438,no_feasible_candidate,,
OVRPBTW,439,no_feasible_candidate,,
OVRPBTW,440,no_feasible_candidate,,
OVRPBTW,441,no_feasible_candidate,,
OVRPBTW,442,no_feasible_candidate,,
OVRPBTW,443,ok,17.6648214552,27
OVRPBTW,444,no_feasible_candidate,,
OVRPBTW,445,no_feasible_candidate,,
OVRPBTW,446,no_feasible_candidate,,
OVRPBTW,447,no_feasible_candidate,,
OVRPBTW,448,no_feasible_candidate,,
OVRPBTW,449,no_feasible_candidate,,
OVRPBTW,450,no_feasible_candidate,,
OVRPBTW,451,no_feasible_candidate,,
OVRPBTW,452,no_feasible_candidate,,
OVRPBTW,453,no_feasible_candidate,,
OVRPBTW,454,no_feasible_candidate,,
OVRPBTW,455,no_feasible_candidate,,
OVRPBTW,456,no_feasible_candidate,,
OVRPBTW,457,no_feasible_candidate,,
OVRPBTW,458,no_feasible_candidate,,
OVRPBTW,459,no_feasible_candidate,,
OVRPBTW,460,ok,27.1439345176,30
OVRPBTW,461,no_feasible_candidate,,
OVRPBTW,462,no_feasible_candidate,,
OVRPBTW,463,no_feasible_candidate,,
OVRPBTW,464,no_feasible_candidate,,
OVRPBTW,465,no_feasible_candidate,,
OVRPBTW,466,no_feasible_candidate,,
OVRPBTW,467,no_feasible_candidate,,
OVRPBTW,468,no_feasible_candidate,,
OVRPBTW,469,no_feasible_candidate,,
OVRPBTW,470,no_feasible_candidate,,
OVRPBTW,471,no_feasible_candidate,,
OVRPBTW,472,no_feasible_candidate,,
OVRPBTW,473,no_feasible_candidate,,
OVRPBTW,474,no_feasible_candidate,,
OVRPBTW,475,no_feasible_candidate,,
OVRPBTW,476,no_feasible_candidate,,
OVRPBTW,477,no_feasible_candidate,,
OVRPBTW,478,no_feasible_candidate,,
OVRPBTW,479,no_feasible_candidate,,
OVRPBTW,480,no_feasible_candidate,,
OVRPBTW,481,no_feasible_candidate,,
OVRPBTW,482,no_feasible_candidate,,
OVRPBTW,483,no_feasible_candidate,,
OVRPBTW,484,no_feasible_candidate,,
OVRPBTW,485,no_feasible_candidate,,
OVRPBTW,486,no_feasible_candidate,,
OVRPBTW,487,no_feasible_candidate,,
OVRPBTW,488,no_feasible_candidate,,
OVRPBTW,489,no_feasible_candidate,,
OVRPBTW,490,no_feasible_candidate,,
OVRPBTW,491,no_feasible_candidate,,
OVRPBTW,492,no_feasible_candidate,,
OVRPBTW,493,no_feasible_candidate,,
OVRPBTW,494,no_feasible_candidate,,
OVRPBTW,495,no_feasible_candidate,,
OVRPBTW,496,no_feasible_candidate,,
OVRPBTW,497,no_feasible_candidate,,
OVRPBTW,498,no_feasible_candidate,,
OVRPBTW,499,no_feasible_candidate,,
OVRPBTW,500,no_feasible_candidate,,
OVRPBTW,501,no_feasible_candidate,,
OVRPBTW,502,no_feasible_candidate,,
OVRPBTW,503,no_feasible_candidate,,
OVRPBTW,504,no_feasible_candidate,,
OVRPBTW,505,no_feasible_candidate,,
OVRPBTW,506,no_feasible_candidate,,
OVRPBTW,507,no_feasible_candidate,,
OVRPBTW,508,no_feasible_candidate,,
OVRPBTW,509,no_feasible_candidate,,
OVRPBTW,510,no_feasible_candidate,,
OVRPBTW,511,no_feasible_candidate,,
OVRPBTW,512,no_feasible_candidate,,
OVRPBTW,513,no_feasible_candidate,,
OVRPBTW,514,no_feasible_candidate,,
OVRPBTW,515,no_feasible_candidate,,
OVRPBTW,516,no_feasible_candidate,,
OVRPBTW,517,no_feasible_candidate,,
OVRPBTW,518,no_feasible_candidate,,
OVRPBTW,519,no_feasible_candidate,,
OVRPBTW,520,no_feasible_candidate,,
OVRPBTW,521,no_feasible_candidate,,
OVRPBTW,522,no_feasible_candidate,,
OVRPBTW,523,no_feasible_candidate,,
OVRPBTW,524,no_feasible_candidate,,
OVRPBTW,525,no_feasible_candidate,,
OVRPBTW,526,no_feasible_candidate,,
OVRPBTW,527,no_feasible_candidate,,
OVRPBTW,528,no_feasible_candidate,,
OVRPBTW,529,no_feasible_candidate,,
OVRPBTW,530,no_feasible_candidate,,
OVRPBTW,531,no_feasible_candidate,,
OVRPBTW,532,no_feasible_candidate,,
OVRPBTW,533,no_feasible_candidate,,
OVRPBTW,534,no_feasible_candidate,,
OVRPBTW,535,no_feasible_candidate,,
OVRPBTW,536,no_feasible_candidate,,
OVRPBTW,537,no_feasible_candidate,,
OVRPBTW,538,no_feasible_candidate,,
OVRPBTW,539,no_feasible_candidate,,
OVRPBTW,540,no_feasible_candidate,,
OVRPBTW,541,no_feasible_candidate,,
OVRPBTW,542,no_feasible_candidate,,
OVRPBTW,543,no_feasible_candidate,,
OVRPBTW,544,no_feasible_candidate,,
OVRPBTW,545,no_feasible_candidate,,
OVRPBTW,546,no_feasible_candidate,,
OVRPBTW,547,no_feasible_candidate,,
OVRPBTW,548,no_feasible_candidate,,
OVRPBTW,549,ok,22.0305746674,30
OVRPBTW,550,no_feasible_candidate,,
OVRPBTW,551,no_feasible_candidate,,
OVRPBTW,552,no_feasible_candidate,,
OVRPBTW,553,no_feasible_candidate,,
OVRPBTW,554,no_feasible_candidate,,
OVRPBTW,555,no_feasible_candidate,,
OVRPBTW,556,no_feasible_candidate,,
OVRPBTW,557,no_feasible_candidate,,
OVRPBTW,558,no_feasible_candidate,,
OVRPBTW,559,no_feasible_candidate,,
OVRPBTW,560,no_feasible_candidate,,
OVRPBTW,561,no_feasible_candidate,,
OVRPBTW,562,no_feasible_candidate,,
OVRPBTW,563,no_feasible_candidate,,
OVRPBTW,564,no_feasible_candidate,,
OVRPBTW,565,no_feasible_candidate,,
OVRPBTW,566,no_feasible_candidate,,
OVRPBTW,567,no_feasible_candidate,,
OVRPBTW,568,no_feasible_candidate,,
OVRPBTW,569,no_feasible_candidate,,
OVRPBTW,570,no_feasible_candidate,,
OVRPBTW,571,no_feasible_candidate,,
OVRPBTW,572,no_feasible_candidate,,
OVRPBTW,573,no_feasible_candidate,,
OVRPBTW,574,no_feasible_candidate,,
OVRPBTW,575,no_feasible_candidate,,
OVRPBTW,576,no_feasible_candidate,,
OVRPBTW,577,no_feasible_candidate,,
OVRPBTW,578,no_feasible_candidate,,
OVRPBTW,579,no_feasible_candidate,,
OVRPBTW,580,no_feasible_candidate,,
OVRPBTW,581,no_feasible_candidate,,
OVRPBTW,582,no_feasible_candidate,,
OVRPBTW,583,no_feasible_candidate,,
OVRPBTW,584,no_feasible_candidate,,
OVRPBTW,585,no_feasible_candidate,,
OVRPBTW,586,no_feasible_candidate,,
OVRPBTW,587,no_feasible_candidate,,
OVRPBTW,588,no_feasible_candidate,,
OVRPBTW,589,no_feasible_candidate,,
OVRPBTW,590,no_feasible_candidate,,
OVRPBTW,591,no_feasible_candidate,,
OVRPBTW,592,no_feasible_candidate,,
OVRPBTW,593,no_feasible_candidate,,
OVRPBTW,594,no_feasible_candidate,,
OVRPBTW,595,no_feasible_candidate,,
OVRPBTW,596,no_feasible_candidate,,
OVRPBTW,597,no_feasible_candidate,,
OVRPBTW,598,no_feasible_candidate,,
OVRPBTW,599,no_feasible_candidate,,
OVRPBTW,600,no_feasible_candidate,,
OVRPBTW,601,no_feasible_candidate,,
OVRPBTW,602,no_feasible_candidate,,
OVRPBTW,603,no_feasible_candidate,,
OVRPBTW,604,no_feasible_candidate,,
OVRPBTW,605,no_feasible_candidate,,
OVRPBTW,606,no_feasible_candidate,,
OVRPBTW,607,no_feasible_candidate,,
OVRPBTW,608,no_feasible_candidate,,
OVRPBTW,609,no_feasible_candidate,,
OVRPBTW,610,no_feasible_candidate,,
OVRPBTW,611,no_feasible_candidate,,
OVRPBTW,612,no_feasible_candidate,,
OVRPBTW,613,no_feasible_candidate,,
OVRPBTW,614,no_feasible_candidate,,
OVRPBTW,615,no_feasible_candidate,,
OVRPBTW,616,no_feasible_candidate,,
OVRPBTW,617,no_feasible_candidate,,
OVRPBTW,618,no_feasible_candidate,,
OVRPBTW,619,no_feasible_candidate,,
OVRPBTW,620,no_feasible_candidate,,
OVRPBTW,621,no_feasible_candidate,,
OVRPBTW,622,no_feasible_candidate,,
OVRPBTW,623,no_feasible_candidate,,
OVRPBTW,624,no_feasible_candidate,,
OVRPBTW,625,no_feasible_candidate,,
OVRPBTW,626,no_feasible_candidate,,
OVRPBTW,627,no_feasible_candidate,,
OVRPBTW,628,no_feasible_candidate,,
OVRPBTW,629,no_feasible_candidate,,
OVRPBTW,630,no_feasible_candidate,,
OVRPBTW,631,no_feasible_candidate,,
OVRPBTW,632,no_feasible_candidate,,
OVRPBTW,633,no_feasible_candidate,,
OVRPBTW,634,no_feasible_candidate,,
OVRPBTW,635,no_feasible_candidate,,
OVRPBTW,636,no_feasible_candidate,,
OVRPBTW,637,no_feasible_candidate,,
OVRPBTW,638,no_feasible_candidate,,
OVRPBTW,639,no_feasible_candidate,,
OVRPBTW,640,no_feasible_candidate,,
OVRPBTW,641,no_feasible_candidate,,
OVRPBTW,642,no_feasible_candidate,,
OVRPBTW,643,no_feasible_candidate,,
OVRPBTW,644,no_feasible_candidate,,
OVRPBTW,645,no_feasible_candidate,,
OVRPBTW,646,no_feasible_candidate,,
OVRPBTW,647,no_feasible_candidate,,
OVRPBTW,648,no_feasible_candidate,,
OVRPBTW,649,no_feasible_candidate,,
OVRPBTW,650,no_feasible_candidate,,
OVRPBTW,651,no_feasible_candidate,,
OVRPBTW,652,no_feasible_candidate,,
OVRPBTW,653,no_feasible_candidate,,
OVRPBTW,654,no_feasible_candidate,,
OVRPBTW,655,no_feasible_candidate,,
OVRPBTW,656,no_feasible_candidate,,
OVRPBTW,657,no_feasible_candidate,,
OVRPBTW,658,no_feasible_candidate,,
OVRPBTW,659,no_feasible_candidate,,
OVRPBTW,660,no_feasible_candidate,,
OVRPBTW,661,no_feasible_candidate,,
OVRPBTW,662,no_feasible_candidate,,
OVRPBTW,663,no_feasible_candidate,,
OVRPBTW,664,no_feasible_candidate,,
OVRPBTW,665,no_feasible_candidate,,
OVRPBTW,666,no_feasible_candidate,,
OVRPBTW,667,no_feasible_candidate,,
OVRPBTW,668,no_feasible_candidate,,
OVRPBTW,669,no_feasible_candidate,,
OVRPBTW,670,no_feasible_candidate,,
OVRPBTW,671,no_feasible_candidate,,
OVRPBTW,672,no_feasible_candidate,,
OVRPBTW,673,no_feasible_candidate,,
OVRPBTW,674,no_feasible_candidate,,
OVRPBTW,675,no_feasible_candidate,,
OVRPBTW,676,no_feasible_candidate,,
OVRPBTW,677,no_feasible_candidate,,
OVRPBTW,678,no_feasible_candidate,,
OVRPBTW,679,no_feasible_candidate,,
OVRPBTW,680,no_feasible_candidate,,
OVRPBTW,681,no_feasible_candidate,,
OVRPBTW,682,no_feasible_candidate,,
OVRPBTW,683,no_feasible_candidate,,
OVRPBTW,684,no_feasible_candidate,,
OVRPBTW,685,no_feasible_candidate,,
OVRPBTW,686,no_feasible_candidate,,
OVRPBTW,687,no_feasible_candidate,,
OVRPBTW,688,no_feasible_candidate,,
OVRPBTW,689,no_feasible_candidate,,
OVRPBTW,690,no_feasible_candidate,,
OVRPBTW,691,ok,18.8487155556,31
OVRPBTW,692,no_feasible_candidate,,
OVRPBTW,693,no_feasible_candidate,,
OVRPBTW,694,no_feasible_candidate,,
OVRPBTW,695,no_feasible_candidate,,
OVRPBTW,696,no_feasible_candidate,,
OVRPBTW,697,no_feasible_candidate,,
OVRPBTW,698,no_feasible_candidate,,
OVRPBTW,699,no_feasible_candidate,,
OVRPBTW,700,no_feasible_candidate,,
OVRPBTW,701,no_feasible_candidate,,
OVRPBTW,702,no_feasible_candidate,,
OVRPBTW,703,no_feasible_candidate,,
OVRPBTW,704,no_feasible_candidate,,
OVRPBTW,705,no_feasible_candidate,,
OVRPBTW,706,no_feasible_candidate,,
OVRPBTW,707,no_feasible_candidate,,
OVRPBTW,708,no_feasible_candidate,,
OVRPBTW,709,no_feasible_candidate,,
OVRPBTW,710,no_feasible_candidate,,
OVRPBTW,711,no_feasible_candidate,,
OVRPBTW,712,no_feasible_candidate,,
OVRPBTW,713,no_feasible_candidate,,
OVRPBTW,714,no_feasible_candidate,,
OVRPBTW,715,no_feasible_candidate,,
OVRPBTW,716,no_feasible_candidate,,
OVRPBTW,717,no_feasible_candidate,,
OVRPBTW,718,no_feasible_candidate,,
OVRPBTW,719,no_feasible_candidate,,
OVRPBTW,720,no_feasible_candidate,,
OVRPBTW,721,no_feasible_candidate,,
OVRPBTW,722,no_feasible_candidate,,
OVRPBTW,723,no_feasible_candidate,,
OVRPBTW,724,no_feasible_candidate,,
OVRPBTW,725,no_feasible_candidate,,
OVRPBTW,726,no_feasible_candidate,,
OVRPBTW,727,no_feasible_candidate,,
OVRPBTW,728,no_feasible_candidate,,
OVRPBTW,729,no_feasible_candidate,,
OVRPBTW,730,no_feasible_candidate,,
OVRPBTW,731,no_feasible_candidate,,
OVRPBTW,732,no_feasible_candidate,,
OVRPBTW,733,no_feasible_candidate,,
OVRPBTW,734,no_feasible_candidate,,
OVRPBTW,735,no_feasible_candidate,,
OVRPBTW,736,no_feasible_candidate,,
OVRPBTW,737,no_feasible_candidate,,
OVRPBTW,738,no_feasible_candidate,,
OVRPBTW,739,no_feasible_candidate,,
OVRPBTW,740,no_feasible_candidate,,
OVRPBTW,741,no_feasible_candidate,,
OVRPBTW,742,no_feasible_candidate,,
OVRPBTW,743,no_feasible_candidate,,
OVRPBTW,744,no_feasible_candidate,,
OVRPBTW,745,no_feasible_candidate,,
OVRPBTW,746,no_feasible_candidate,,
OVRPBTW,747,no_feasible_candidate,,
OVRPBTW,748,no_feasible_candidate,,
OVRPBTW,749,no_feasible_candidate,,
OVRPBTW,750,no_feasible_candidate,,
OVRPBTW,751,no_feasible_candidate,,
OVRPBTW,752,no_feasible_candidate,,
OVRPBTW,753,no_feasible_candidate,,
OVRPBTW,754,no_feasible_candidate,,
OVRPBTW,755,no_feasible_candidate,,
OVRPBTW,756,no_feasible_candidate,,
OVRPBTW,757,no_feasible_candidate,,
OVRPBTW,758,no_feasible_candidate,,
OVRPBTW,759,no_feasible_candidate,,
OVRPBTW,760,no_feasible_candidate,,
OVRPBTW,761,no_feasible_candidate,,
OVRPBTW,762,no_feasible_candidate,,
OVRPBTW,763,no_feasible_candidate,,
OVRPBTW,764,ok,25.6285171736,34
OVRPBTW,765,no_feasible_candidate,,
OVRPBTW,766,no_feasible_candidate,,
OVRPBTW,767,no_feasible_candidate,,
OVRPBTW,768,no_feasible_candidate,,
OVRPBTW,769,no_feasible_candidate,,
OVRPBTW,770,no_feasible_candidate,,
OVRPBTW,771,no_feasible_candidate,,
OVRPBTW,772,no_feasible_candidate,,
OVRPBTW,773,no_feasible_candidate,,
OVRPBTW,774,no_feasible_candidate,,
OVRPBTW,775,no_feasible_candidate,,
OVRPBTW,776,no_feasible_candidate,,
OVRPBTW,777,no_feasible_candidate,,
OVRPBTW,778,no_feasible_candidate,,
OVRPBTW,779,no_feasible_candidate,,
OVRPBTW,780,no_feasible_candidate,,
OVRPBTW,781,no_feasible_candidate,,
OVRPBTW,782,no_feasible_candidate,,
OVRPBTW,783,no_feasible_candidate,,
OVRPBTW,784,no_feasible_candidate,,
OVRPBTW,785,no_feasible_candidate,,
OVRPBTW,786,no_feasible_candidate,,
OVRPBTW,787,no_feasible_candidate,,
OVRPBTW,788,no_feasible_candidate,,
OVRPBTW,789,no_feasible_candidate,,
OVRPBTW,790,no_feasible_candidate,,
OVRPBTW,791,no_feasible_candidate,,
OVRPBTW,792,no_feasible_candidate,,
OVRPBTW,793,no_feasible_candidate,,
OVRPBTW,794,no_feasible_candidate,,
OVRPBTW,795,no_feasible_candidate,,
OVRPBTW,796,no_feasible_candidate,,
OVRPBTW,797,no_feasible_candidate,,
OVRPBTW,798,no_feasible_candidate,,
OVRPBTW,799,no_feasible_candidate,,
OVRPBTW,800,no_feasible_candidate,,
OVRPBTW,801,no_feasible_candidate,,
OVRPBTW,802,no_feasible_candidate,,
OVRPBTW,803,no_feasible_candidate,,
OVRPBTW,804,no_feasible_candidate,,
OVRPBTW,805,no_feasible_candidate,,
OVRPBTW,806,no_feasible_candidate,,
OVRPBTW,807,no_feasible_candidate,,
OVRPBTW,808,no_feasible_candidate,,
OVRPBTW,809,no_feasible_candidate,,
OVRPBTW,810,no_feasible_candidate,,
OVRPBTW,811,no_feasible_candidate,,
OVRPBTW,812,no_feasible_candidate,,
OVRPBTW,813,no_feasible_candidate,,
OVRPBTW,814,no_feasible_candidate,,
OVRPBTW,815,no_feasible_candidate,,
OVRPBTW,816,no_feasible_candidate,,
OVRPBTW,817,no_feasible_candidate,,
OVRPBTW,818,no_feasible_candidate,,
OVRPBTW,819,no_feasible_candidate,,
OVRPBTW,820,no_feasible_candidate,,
OVRPBTW,821,no_feasible_candidate,,
OVRPBTW,822,no_feasible_candidate,,
OVRPBTW,823,no_feasible_candidate,,
OVRPBTW,824,no_feasible_candidate,,
OVRPBTW,825,no_feasible_candidate,,
OVRPBTW,826,no_feasible_candidate,,
OVRPBTW,827,no_feasible_candidate,,
OVRPBTW,828,no_feasible_candidate,,
OVRPBTW,829,no_feasible_candidate,,
OVRPBTW,830,no_feasible_candidate,,
OVRPBTW,831,no_feasible_candidate,,
OVRPBTW,832,no_feasible_candidate,,
OVRPBTW,833,no_feasible_candidate,,
OVRPBTW,834,no_feasible_candidate,,
OVRPBTW,835,no_feasible_candidate,,
OVRPBTW,836,no_feasible_candidate,,
OVRPBTW,837,no_feasible_candidate,,
OVRPBTW,838,no_feasible_candidate,,
OVRPBTW,839,no_feasible_candidate,,
OVRPBTW,840,no_feasible_candidate,,
OVRPBTW,841,no_feasible_candidate,,
OVRPBTW,842,no_feasible_candidate,,
OVRPBTW,843,no_feasible_candidate,,
OVRPBTW,844,no_feasible_candidate,,
OVRPBTW,845,no_feasible_candidate,,
OVRPBTW,846,no_feasible_candidate,,
OVRPBTW,847,no_feasible_candidate,,
OVRPBTW,848,no_feasible_candidate,,
OVRPBTW,849,no_feasible_candidate,,
OVRPBTW,850,no_feasible_candidate,,
OVRPBTW,851,no_feasible_candidate,,
OVRPBTW,852,no_feasible_candidate,,
OVRPBTW,853,no_feasible_candidate,,
OVRPBTW,854,no_feasible_candidate,,
OVRPBTW,855,no_feasible_candidate,,
OVRPBTW,856,no_feasible_candidate,,
OVRPBTW,857,no_feasible_candidate,,
OVRPBTW,858,no_feasible_candidate,,
OVRPBTW,859,no_feasible_candidate,,
OVRPBTW,860,no_feasible_candidate,,
OVRPBTW,861,no_feasible_candidate,,
OVRPBTW,862,no_feasible_candidate,,
OVRPBTW,863,no_feasible_candidate,,
OVRPBTW,864,no_feasible_candidate,,
OVRPBTW,865,no_feasible_candidate,,
OVRPBTW,866,no_feasible_candidate,,
OVRPBTW,867,no_feasible_candidate,,
OVRPBTW,868,no_feasible_candidate,,
OVRPBTW,869,no_feasible_candidate,,
OVRPBTW,870,no_feasible_candidate,,
OVRPBTW,871,no_feasible_candidate,,
OVRPBTW,872,no_feasible_candidate,,
OVRPBTW,873,no_feasible_candidate,,
OVRPBTW,874,no_feasible_candidate,,
OVRPBTW,875,no_feasible_candidate,,
OVRPBTW,876,no_feasible_candidate,,
OVRPBTW,877,no_feasible_candidate,,
OVRPBTW,878,no_feasible_candidate,,
OVRPBTW,879,no_feasible_candidate,,
OVRPBTW,880,no_feasible_candidate,,
OVRPBTW,881,no_feasible_candidate,,
OVRPBTW,882,no_feasible_candidate,,
OVRPBTW,883,no_feasible_candidate,,
OVRPBTW,884,no_feasible_candidate,,
OVRPBTW,885,no_feasible_candidate,,
OVRPBTW,886,no_feasible_candidate,,
OVRPBTW,887,no_feasible_candidate,,
OVRPBTW,888,no_feasible_candidate,,
OVRPBTW,889,no_feasible_candidate,,
OVRPBTW,890,no_feasible_candidate,,
OVRPBTW,891,no_feasible_candidate,,
OVRPBTW,892,no_feasible_candidate,,
OVRPBTW,893,no_feasible_candidate,,
OVRPBTW,894,no_feasible_candidate,,
OVRPBTW,895,no_feasible_candidate,,
OVRPBTW,896,no_feasible_candidate,,
OVRPBTW,897,no_feasible_candidate,,
OVRPBTW,898,no_feasible_candidate,,
OVRPBTW,899,no_feasible_candidate,,
OVRPBTW,900,no_feasible_candidate,,
OVRPBTW,901,no_feasible_candidate,,
OVRPBTW,902,no_feasible_candidate,,
OVRPBTW,903,no_feasible_candidate,,
OVRPBTW,904,no_feasible_candidate,,
OVRPBTW,905,no_feasible_candidate,,
OVRPBTW,906,no_feasible_candidate,,
OVRPBTW,907,no_feasible_candidate,,
OVRPBTW,908,no_feasible_candidate,,
OVRPBTW,909,no_feasible_candidate,,
OVRPBTW,910,no_feasible_candidate,,
OVRPBTW,911,no_feasible_candidate,,
OVRPBTW,912,no_feasible_candidate,,
OVRPBTW,913,no_feasible_candidate,,
OVRPBTW,914,no_feasible_candidate,,
OVRPBTW,915,no_feasible_candidate,,
OVRPBTW,916,no_feasible_candidate,,
OVRPBTW,917,no_feasible_candidate,,
OVRPBTW,918,no_feasible_candidate,,
OVRPBTW,919,no_feasible_candidate,,
OVRPBTW,920,no_feasible_candidate,,
OVRPBTW,921,no_feasible_candidate,,
OVRPBTW,922,no_feasible_candidate,,
OVRPBTW,923,no_feasible_candidate,,
OVRPBTW,924,no_feasible_candidate,,
OVRPBTW,925,no_feasible_candidate,,
OVRPBTW,926,no_feasible_candidate,,
OVRPBTW,927,no_feasible_candidate,,
OVRPBTW,928,no_feasible_candidate,,
OVRPBTW,929,no_feasible_candidate,,
OVRPBTW,930,no_feasible_candidate,,
OVRPBTW,931,no_feasible_candidate,,
OVRPBTW,932,no_feasible_candidate,,
OVRPBTW,933,no_feasible_candidate,,
OVRPBTW,934,no_feasible_candidate,,
OVRPBTW,935,ok,19.0023389911,32
OVRPBTW,936,no_feasible_candidate,,
OVRPBTW,937,no_feasible_candidate,,
OVRPBTW,938,no_feasible_candidate,,
OVRPBTW,939,no_feasible_candidate,,
OVRPBTW,940,no_feasible_candidate,,
OVRPBTW,941,no_feasible_candidate,,
OVRPBTW,942,no_feasible_candidate,,
OVRPBTW,943,no_feasible_candidate,,
OVRPBTW,944,no_feasible_candidate,,
OVRPBTW,945,no_feasible_candidate,,
OVRPBTW,946,no_feasible_candidate,,
OVRPBTW,947,no_feasible_candidate,,
OVRPBTW,948,no_feasible_candidate,,
OVRPBTW,949,no_feasible_candidate,,
OVRPBTW,950,no_feasible_candidate,,
OVRPBTW,951,no_feasible_candidate,,
OVRPBTW,952,no_feasible_candidate,,
OVRPBTW,953,no_feasible_candidate,,
OVRPBTW,954,no_feasible_candidate,,
OVRPBTW,955,no_feasible_candidate,,
OVRPBTW,956,no_feasible_candidate,,
OVRPBTW,957,no_feasible_candidate,,
OVRPBTW,958,no_feasible_candidate,,
OVRPBTW,959,no_feasible_candidate,,
OVRPBTW,960,no_feasible_candidate,,
OVRPBTW,961,no_feasible_candidate,,
OVRPBTW,962,no_feasible_candidate,,
OVRPBTW,963,no_feasible_candidate,,
OVRPBTW,964,no_feasible_candidate,,
OVRPBTW,965,no_feasible_candidate,,
OVRPBTW,966,no_feasible_candidate,,
OVRPBTW,967,no_feasible_candidate,,
OVRPBTW,968,no_feasible_candidate,,
OVRPBTW,969,no_feasible_candidate,,
OVRPBTW,970,ok,18.5664457436,30
OVRPBTW,971,no_feasible_candidate,,
OVRPBTW,972,no_feasible_candidate,,
OVRPBTW,973,no_feasible_candidate,,
OVRPBTW,974,no_feasible_candidate,,
OVRPBTW,975,no_feasible_candidate,,
OVRPBTW,976,no_feasible_candidate,,
OVRPBTW,977,no_feasible_candidate,,
OVRPBTW,978,no_feasible_candidate,,
OVRPBTW,979,no_feasible_candidate,,
OVRPBTW,980,no_feasible_candidate,,
OVRPBTW,981,no_feasible_candidate,,
OVRPBTW,982,no_feasible_candidate,,
OVRPBTW,983,no_feasible_candidate,,
OVRPBTW,984,no_feasible_candidate,,
OVRPBTW,985,no_feasible_candidate,,
OVRPBTW,986,no_feasible_candidate,,
OVRPBTW,987,no_feasible_candidate,,
OVRPBTW,988,no_feasible_candidate,,
OVRPBTW,989,no_feasible_candidate,,
OVRPBTW,990,no_feasible_candidate,,
OVRPBTW,991,no_feasible_candidate,,
OVRPBTW,992,no_feasible_candidate,,
OVRPBTW,993,no_feasible_candidate,,
OVRPBTW,994,no_feasible_candidate,,
OVRPBTW,995,no_feasible_candidate,,
OVRPBTW,996,no_feasible_candidate,,
OVRPBTW,997,no_feasible_candidate,,
OVRPBTW,998,no_feasible_candidate,,
OVRPBTW,999,no_feasible_candidate,,
OVRPLTW,0,ok,19.4554363221,26
OVRPLTW,1,ok,18.3573994657,30
OVRPLTW,2,ok,22.9635635579,25
OVRPLTW,3,ok,16.6053439573,30
OVRPLTW,4,ok,16.1107225324,28
OVRPLTW,5,ok,15.3749527963,26
OVRPLTW,6,ok,17.4333398622,25
OVRPLTW,7,ok,21.7233341798,28
OVRPLTW,8,ok,19.5469252880,32
OVRPLTW,9,ok,17.1242819256,25
OVRPLTW,10,ok,19.5944932892,30
OVRPLTW,11,ok,17.8268844569,29
OVRPLTW,12,ok,17.5500949886,27
OVRPLTW,13,ok,18.1939696823,30
OVRPLTW,14,ok,21.8880658718,31
OVRPLTW,15,ok,15.2771710002,29
OVRPLTW,16,ok,19.8004299643,28
OVRPLTW,17,ok,18.5506291697,30
OVRPLTW,18,ok,20.4975639229,30
OVRPLTW,19,ok,24.1120200575,31
OVRPLTW,20,ok,23.0312265989,29
OVRPLTW,21,ok,19.2348937740,26
OVRPLTW,22,ok,16.3322560902,23
OVRPLTW,23,ok,14.4822669026,28
OVRPLTW,24,ok,17.2460944004,28
OVRPLTW,25,ok,22.7757089937,28
OVRPLTW,26,ok,15.5791651408,29
OVRPLTW,27,ok,19.1520476015,28
OVRPLTW,28,ok,24.2331768494,32
OVRPLTW,29,ok,15.3973690871,29
OVRPLTW,30,ok,16.1145253905,28
OVRPLTW,31,ok,16.2904631428,26
OVRPLTW,32,ok,16.0504957616,29
OVRPLTW,33,ok,19.9604953323,28
OVRPLTW,34,ok,19.7849837079,26
OVRPLTW,35,ok,19.2699772874,32
OVRPLTW,36,ok,17.0936699872,29
OVRPLTW,37,ok,16.3301275549,28
OVRPLTW,38,ok,21.0755653440,32
OVRPLTW,39,ok,15.5870822302,28
OVRPLTW,40,ok,19.0549716156,30
OVRPLTW,41,ok,20.4564099299,30
OVRPLTW,42,ok,16.7040523346,32
OVRPLTW,43,ok,15.7036969917,27
OVRPLTW,44,ok,17.5667947698,29
OVRPLTW,45,ok,19.1693616860,33
OVRPLTW,46,ok,18.9938136511,30
OVRPLTW,47,ok,21.5556741120,26
OVRPLTW,48,ok,16.4042382368,28
OVRPLTW,49,ok,16.6286468774,31
OVRPLTW,50,ok,16.6263000955,29
OVRPLTW,51,ok,17.0048701571,27
OVRPLTW,52,ok,16.8805721382,31
OVRPLTW,53,ok,19.0420181388,30
OVRPLTW,54,ok,14.8660864242,28
OVRPLTW,55,ok,23.2396051539,29
OVRPLTW,56,ok,16.4457265741,26
OVRPLTW,57,ok,20.1393233182,28
OVRPLTW,58,ok,18.3547089702,30
OVRPLTW,59,ok,19.6383353203,29
OVRPLTW,60,ok,16.4063006094,28
OVRPLTW,61,ok,19.3548073347,28
OVRPLTW,62,ok,21.2898695863,31
OVRPLTW,63,ok,18.7670821167,32
OVRPLTW,64,ok,18.9463167032,28
OVRPLTW,65,ok,16.3426843365,29
OVRPLTW,66,ok,19.1178941487,28
OVRPLTW,67,ok,16.7743308295,31
OVRPLTW,68,ok,16.3747563437,26
OVRPLTW,69,ok,16.7341969756,28
OVRPLTW,70,ok,16.1210216742,29
OVRPLTW,71,ok,15.0696619388,28
OVRPLTW,72,ok,15.4684796293,32
OVRPLTW,73,ok,21.2584277910,27
OVRPLTW,74,ok,25.2769424310,28
OVRPLTW,75,ok,19.8551371675,31
OVRPLTW,76,ok,14.9894625708,27
OVRPLTW,77,ok,18.6398197816,28
OVRPLTW,78,ok,16.4963227949,27
OVRPLTW,79,ok,19.0879646997,28
OVRPLTW,80,ok,21.3312737399,28
OVRPLTW,81,ok,17.5159175028,27
OVRPLTW,82,ok,18.9413967140,29
OVRPLTW,83,ok,18.1341907650,29
OVRPLTW,84,ok,16.6330834397,24
OVRPLTW,85,ok,21.3126274175,25
OVRPLTW,86,ok,15.9010147614,28
OVRPLTW,87,ok,16.4202823787,27
OVRPLTW,88,ok,19.9344934966,26
OVRPLTW,89,ok,19.3236442276,30
OVRPLTW,90,ok,20.4416957483,28
OVRPLTW,91,ok,20.0296214490,26
OVRPLTW,92,ok,15.4644897248,27
OVRPLTW,93,ok,16.7484081843,33
OVRPLTW,94,ok,16.2027183661,28
OVRPLTW,95,ok,23.8240102957,27
OVRPLTW,96,ok,16.2422012130,31
OVRPLTW,97,ok,20.0355187221,30
OVRPLTW,98,ok,18.5854787934,27
OVRPLTW,99,ok,16.7759035174,30
OVRPLTW,100,ok,22.8799439678,28
OVRPLTW,101,ok,24.1709134110,29
OVRPLTW,102,ok,17.6699796936,28
OVRPLTW,103,ok,22.6289746890,27
OVRPLTW,104,ok,18.3039230767,29
OVRPLTW,105,ok,19.0770674434,28
OVRPLTW,106,ok,19.8344766032,26
OVRPLTW,107,ok,20.6425551732,27
OVRPLTW,108,ok,18.2295449001,30
OVRPLTW,109,ok,15.7994182019,30
OVRPLTW,110,ok,16.5876030540,24
OVRPLTW,111,ok,18.4484339724,34
OVRPLTW,112,ok,17.3308738555,28
OVRPLTW,113,ok,24.0961555433,31
OVRPLTW,114,ok,15.8114372910,27
OVRPLTW,115,ok,19.0252473729,27
OVRPLTW,116,ok,16.9579113657,27
OVRPLTW,117,ok,23.1523526722,28
OVRPLTW,118,ok,15.9088407996,29
OVRPLTW,119,ok,20.4078928550,26
OVRPLTW,120,ok,21.0044346969,32
OVRPLTW,121,ok,16.5595309910,27
OVRPLTW,122,ok,23.3027573843,27
OVRPLTW,123,ok,17.0998843389,25
OVRPLTW,124,ok,17.6197454325,31
OVRPLTW,125,ok,22.9778819334,31
OVRPLTW,126,ok,17.1431839022,31
OVRPLTW,127,ok,15.9569084189,28
OVRPLTW,128,ok,20.0834690130,26
OVRPLTW,129,ok,17.8950340014,29
OVRPLTW,130,ok,19.2369328072,28
OVRPLTW,131,ok,21.6835806233,27
OVRPLTW,132,ok,19.7847946261,29
OVRPLTW,133,ok,14.1240057158,29
OVRPLTW,134,ok,16.2321666913,27
OVRPLTW,135,ok,16.8176621007,27
OVRPLTW,136,ok,19.8152909111,26
OVRPLTW,137,ok,19.8493209889,26
OVRPLTW,138,ok,21.2097596654,28
OVRPLTW,139,ok,20.5778708271,31
OVRPLTW,140,ok,16.6255864084,32
OVRPLTW,141,ok,18.9907980028,27
OVRPLTW,142,ok,23.1436284746,26
OVRPLTW,143,ok,19.4827816093,26
OVRPLTW,144,ok,17.0843815833,24
OVRPLTW,145,ok,19.5581551436,27
OVRPLTW,146,ok,22.6297355086,27
OVRPLTW,147,ok,22.4997159038,27
OVRPLTW,148,ok,17.5630207491,27
OVRPLTW,149,ok,17.1477406610,29
OVRPLTW,150,ok,20.4748387102,28
OVRPLTW,151,ok,16.1534972449,31
OVRPLTW,152,ok,19.6195008784,29
OVRPLTW,153,ok,18.1334237723,30
OVRPLTW,154,ok,21.1866670738,28
OVRPLTW,155,ok,18.0560849049,26
OVRPLTW,156,ok,16.6860183226,31
OVRPLTW,157,ok,16.3183790547,29
OVRPLTW,158,ok,19.7431206770,28
OVRPLTW,159,ok,17.9229595196,30
OVRPLTW,160,ok,20.1867238530,29
OVRPLTW,161,ok,21.2161870529,28
OVRPLTW,162,ok,16.8988793200,29
OVRPLTW,163,ok,17.9342257313,29
OVRPLTW,164,ok,16.4419053555,28
OVRPLTW,165,ok,15.5600486584,32
OVRPLTW,166,ok,18.9761447898,31
OVRPLTW,167,ok,18.7743982650,28
OVRPLTW,168,ok,17.7838984082,27
OVRPLTW,169,ok,15.4820965182,29
OVRPLTW,170,ok,16.5691614541,28
OVRPLTW,171,ok,17.3688396841,30
OVRPLTW,172,ok,15.6897760923,30
OVRPLTW,173,ok,19.3439265964,31
OVRPLTW,174,ok,19.5835321112,30
OVRPLTW,175,ok,18.9052052218,28
OVRPLTW,176,ok,17.0131792453,27
OVRPLTW,177,ok,19.1094416421,31
OVRPLTW,178,ok,17.7826317389,28
OVRPLTW,179,ok,17.1039313950,28
OVRPLTW,180,ok,16.2089348059,27
OVRPLTW,181,ok,18.4644572113,27
OVRPLTW,182,ok,21.4178166143,30
OVRPLTW,183,ok,17.0286863510,30
OVRPLTW,184,ok,17.8665243381,25
OVRPLTW,185,ok,19.4946927932,29
OVRPLTW,186,ok,24.7137203080,28
OVRPLTW,187,ok,21.7467113498,27
OVRPLTW,188,ok,20.2911174153,30
OVRPLTW,189,ok,16.8293277052,31
OVRPLTW,190,ok,19.0256630480,30
OVRPLTW,191,ok,16.4307568964,29
OVRPLTW,192,ok,16.7865372785,30
OVRPLTW,193,ok,17.8200066763,30
OVRPLTW,194,ok,17.7029779502,29
OVRPLTW,195,ok,23.6437410006,27
OVRPLTW,196,ok,15.5564297020,28
OVRPLTW,197,ok,19.5948662449,28
OVRPLTW,198,ok,17.3722733722,28
OVRPLTW,199,ok,18.8507802692,27
OVRPLTW,200,ok,20.0886448619,30
OVRPLTW,201,ok,17.7975860674,30
OVRPLTW,202,ok,14.4324658238,29
OVRPLTW,203,ok,17.4142611666,27
OVRPLTW,204,ok,20.2498066967,28
OVRPLTW,205,ok,15.7056661872,28
OVRPLTW,206,ok,21.2912962760,28
OVRPLTW,207,ok,18.3379623324,27
OVRPLTW,208,ok,16.7375653328,26
OVRPLTW,209,ok,15.8199554431,29
OVRPLTW,210,ok,19.5923343827,29
OVRPLTW,211,ok,16.9544489638,31
OVRPLTW,212,ok,26.1449761981,32
OVRPLTW,213,ok,18.2675393254,28
OVRPLTW,214,ok,16.5975570181,28
OVRPLTW,215,ok,18.1496005130,28
OVRPLTW,216,ok,15.3281372835,29
OVRPLTW,217,ok,21.3498429733,28
OVRPLTW,218,ok,17.1153034031,27
OVRPLTW,219,ok,21.0573156044,30
OVRPLTW,220,ok,19.2958781315,28
OVRPLTW,221,ok,18.9389364486,29
OVRPLTW,222,ok,20.9381158034,28
OVRPLTW,223,ok,17.3485620363,30
OVRPLTW,224,ok,15.6349571722,30
OVRPLTW,225,ok,15.5203033420,27
OVRPLTW,226,ok,21.3004695124,29
OVRPLTW,227,ok,24.7670038764,28
OVRPLTW,228,ok,17.5128575704,27
OVRPLTW,229,ok,15.9976845729,27
OVRPLTW,230,ok,16.8840676082,27
OVRPLTW,231,ok,21.5435872248,30
OVRPLTW,232,ok,22.2831114298,29
OVRPLTW,233,ok,22.4813955108,32
OVRPLTW,234,ok,17.3100276474,29
OVRPLTW,235,ok,17.3664721033,31
OVRPLTW,236,ok,15.8745738224,31
OVRPLTW,237,ok,15.7375498845,31
OVRPLTW,238,ok,21.0592802920,27
OVRPLTW,239,ok,16.9303038654,30
OVRPLTW,240,ok,15.2369137276,31
OVRPLTW,241,ok,17.8652916333,31
OVRPLTW,242,ok,19.3215084449,32
OVRPLTW,243,ok,20.5998675479,30
OVRPLTW,244,ok,18.5789203617,28
OVRPLTW,245,ok,18.0544602738,26
OVRPLTW,246,ok,24.2313587428,27
OVRPLTW,247,ok,17.8037510384,26
OVRPLTW,248,ok,19.7121388153,30
OVRPLTW,249,ok,22.1360780233,27
OVRPLTW,250,ok,19.6666126739,28
OVRPLTW,251,ok,17.2851298627,28
OVRPLTW,252,ok,19.7754733559,30
OVRPLTW,253,ok,18.4845402736,27
OVRPLTW,254,ok,18.0796931225,29
OVRPLTW,255,ok,16.8386669289,32
OVRPLTW,256,ok,16.6634817678,30
OVRPLTW,257,ok,24.5537953838,32
OVRPLTW,258,ok,16.8071345650,28
OVRPLTW,259,ok,19.0448366857,28
OVRPLTW,260,ok,15.8487800404,30
OVRPLTW,261,ok,17.0839111443,29
OVRPLTW,262,ok,14.9654974170,28
OVRPLTW,263,ok,22.5467143178,29
OVRPLTW,264,ok,17.2935563401,27
OVRPLTW,265,ok,17.4649985403,27
OVRPLTW,266,ok,18.2206771797,28
OVRPLTW,267,ok,22.3636895262,26
OVRPLTW,268,ok,17.9778434238,27
OVRPLTW,269,ok,20.7496307491,29
OVRPLTW,270,ok,19.4912114730,29
OVRPLTW,271,ok,16.4341997495,30
OVRPLTW,272,ok,18.6466938280,27
OVRPLTW,273,ok,15.8548640264,29
OVRPLTW,274,ok,16.9755883280,27
OVRPLTW,275,ok,18.8770725447,29
OVRPLTW,276,ok,20.4003284363,28
OVRPLTW,277,ok,20.9906719514,28
OVRPLTW,278,ok,22.0123718235,29
OVRPLTW,279,ok,18.6283800411,30
OVRPLTW,280,ok,20.7999247412,29
OVRPLTW,281,ok,20.5523792119,26
OVRPLTW,282,ok,15.9698088955,29
OVRPLTW,283,ok,25.3531651238,32
OVRPLTW,284,ok,15.4403910899,27
OVRPLTW,285,ok,16.6334194653,27
OVRPLTW,286,ok,14.1987966847,29
OVRPLTW,287,ok,18.3006019414,26
OVRPLTW,288,ok,16.8283683936,26
OVRPLTW,289,ok,18.4629129628,34
OVRPLTW,290,ok,21.5796638417,28
OVRPLTW,291,ok,15.3947316953,25
OVRPLTW,292,ok,15.9166478737,28
OVRPLTW,293,ok,21.3014978261,30
OVRPLTW,294,ok,17.3379425277,28
OVRPLTW,295,ok,14.8998116157,33
OVRPLTW,296,ok,17.8438336194,26
OVRPLTW,297,ok,24.3049106521,27
OVRPLTW,298,ok,19.5403432235,27
OVRPLTW,299,ok,18.3585953684,29
OVRPLTW,300,ok,20.1239525546,28
OVRPLTW,301,ok,19.7707828602,28
OVRPLTW,302,ok,18.8161997676,30
OVRPLTW,303,ok,18.4588042367,26
OVRPLTW,304,ok,20.4770889621,27
OVRPLTW,305,ok,17.4356671236,26
OVRPLTW,306,ok,24.4516075208,32
OVRPLTW,307,ok,18.2701328575,31
OVRPLTW,308,ok,18.1850404941,32
OVRPLTW,309,ok,17.9023940857,27
OVRPLTW,310,ok,20.3955295206,28
OVRPLTW,311,ok,17.1905724776,32
OVRPLTW,312,ok,15.4259272658,30
OVRPLTW,313,ok,18.2633491996,26
OVRPLTW,314,ok,19.6527498072,25
OVRPLTW,315,ok,17.6596728319,29
OVRPLTW,316,ok,19.4082808456,30
OVRPLTW,317,ok,20.2962485748,29
OVRPLTW,318,ok,16.2100492214,28
OVRPLTW,319,ok,17.8493585118,28
OVRPLTW,320,ok,22.4597436861,28
OVRPLTW,321,ok,22.7459325697,29
OVRPLTW,322,ok,19.4221529348,29
OVRPLTW,323,ok,23.3272636933,27
OVRPLTW,324,ok,17.7720344530,28
OVRPLTW,325,ok,18.7451912324,27
OVRPLTW,326,ok,22.3643141119,28
OVRPLTW,327,ok,16.4772896358,30
OVRPLTW,328,ok,19.0334267350,29
OVRPLTW,329,ok,21.0959032125,30
OVRPLTW,330,ok,18.7241735492,25
OVRPLTW,331,ok,15.7435570810,30
OVRPLTW,332,ok,19.5337383285,29
OVRPLTW,333,ok,18.5352147305,27
OVRPLTW,334,ok,15.3719332192,32
OVRPLTW,335,ok,16.7178569216,28
OVRPLTW,336,ok,20.1013355677,31
OVRPLTW,337,ok,20.2850026445,29
OVRPLTW,338,ok,22.2402077358,31
OVRPLTW,339,ok,19.9327101906,31
OVRPLTW,340,ok,18.0689134186,28
OVRPLTW,341,ok,16.7987806861,29
OVRPLTW,342,ok,20.5833770197,24
OVRPLTW,343,ok,20.8781162560,26
OVRPLTW,344,ok,15.2760855612,28
OVRPLTW,345,ok,20.9397119196,27
OVRPLTW,346,ok,19.7364502601,26
OVRPLTW,347,ok,14.8791493944,29
OVRPLTW,348,ok,15.8144898262,29
OVRPLTW,349,ok,19.7910677239,28
OVRPLTW,350,ok,21.1900588839,29
OVRPLTW,351,ok,23.1660163403,27
OVRPLTW,352,ok,19.3485123031,26
OVRPLTW,353,ok,18.4146877015,31
OVRPLTW,354,ok,24.0528159772,30
OVRPLTW,355,ok,21.1940768869,26
OVRPLTW,356,ok,16.0118641246,28
OVRPLTW,357,ok,17.6280187046,28
OVRPLTW,358,ok,17.5230654044,27
OVRPLTW,359,ok,19.1198798096,30
OVRPLTW,360,ok,20.2468894916,26
OVRPLTW,361,ok,18.9521571086,26
OVRPLTW,362,ok,17.9720119471,27
OVRPLTW,363,ok,21.7656158561,31
OVRPLTW,364,ok,16.6321936600,27
OVRPLTW,365,ok,16.8101502942,29
OVRPLTW,366,ok,18.8410348454,28
OVRPLTW,367,ok,20.5392811138,28
OVRPLTW,368,ok,20.6296080844,28
OVRPLTW,369,ok,17.0064974255,29
OVRPLTW,370,ok,22.9454616389,29
OVRPLTW,371,ok,18.5654952799,28
OVRPLTW,372,ok,19.7521655090,31
OVRPLTW,373,ok,20.9127659359,28
OVRPLTW,374,ok,16.1915624697,28
OVRPLTW,375,ok,16.9861372741,28
OVRPLTW,376,ok,23.2593583759,30
OVRPLTW,377,ok,14.2168943351,25
OVRPLTW,378,ok,16.1345589269,30
OVRPLTW,379,ok,18.0455938838,25
OVRPLTW,380,ok,19.7432572665,28
OVRPLTW,381,ok,18.6693535520,27
OVRPLTW,382,ok,15.0956260355,24
OVRPLTW,383,ok,17.3945069969,31
OVRPLTW,384,ok,20.7255393393,32
OVRPLTW,385,ok,16.9292126857,29
OVRPLTW,386,ok,17.2053065304,30
OVRPLTW,387,ok,19.4017099831,31
OVRPLTW,388,ok,21.4354804036,30
OVRPLTW,389,ok,15.2905923668,29
OVRPLTW,390,ok,17.8079916007,25
OVRPLTW,391,ok,19.6548990606,28
OVRPLTW,392,ok,14.5645921218,25
OVRPLTW,393,ok,17.8081842274,32
OVRPLTW,394,ok,20.0720757927,28
OVRPLTW,395,ok,17.0777217098,32
OVRPLTW,396,ok,18.9924348590,30
OVRPLTW,397,ok,21.9194144222,32
OVRPLTW,398,ok,21.5042599666,28
OVRPLTW,399,ok,16.5032405239,27
OVRPLTW,400,ok,19.6570896973,29
OVRPLTW,401,ok,20.4150576372,29
OVRPLTW,402,ok,16.3509503957,28
OVRPLTW,403,ok,17.5090566380,28
OVRPLTW,404,ok,17.9652294359,28
OVRPLTW,405,ok,16.9886633025,30
OVRPLTW,406,ok,20.0508106250,27
OVRPLTW,407,ok,22.0659248925,32
OVRPLTW,408,ok,21.3150113800,31
OVRPLTW,409,ok,18.3793833322,29
OVRPLTW,410,ok,19.0913567083,27
OVRPLTW,411,ok,23.7313859532,29
OVRPLTW,412,ok,14.0706882685,28
OVRPLTW,413,ok,21.9198619125,28
OVRPLTW,414,ok,16.9836802489,31
OVRPLTW,415,ok,22.5167745376,29
OVRPLTW,416,ok,15.3806658152,31
OVRPLTW,417,ok,17.7095511341,25
OVRPLTW,418,ok,17.9156806841,29
OVRPLTW,419,ok,19.8236342036,31
OVRPLTW,420,ok,19.3389579192,25
OVRPLTW,421,ok,17.2472852380,27
OVRPLTW,422,ok,20.7042090224,29
OVRPLTW,423,ok,17.0529664029,25
OVRPLTW,424,ok,16.1533346733,31
OVRPLTW,425,ok,18.3317356517,29
OVRPLTW,426,ok,23.8554918063,28
OVRPLTW,427,ok,15.9666400923,29
OVRPLTW,428,ok,19.0850484851,27
OVRPLTW,429,ok,22.8739444690,29
OVRPLTW,430,ok,20.0905138139,26
OVRPLTW,431,ok,17.8547695755,32
OVRPLTW,432,ok,20.3240861065,28
OVRPLTW,433,ok,20.3362538597,28
OVRPLTW,434,ok,21.2158390285,27
OVRPLTW,435,ok,19.9651014820,28
OVRPLTW,436,ok,18.1725619527,29
OVRPLTW,437,ok,17.0642666159,33
OVRPLTW,438,ok,17.8634446519,27
OVRPLTW,439,ok,18.6770880547,29
OVRPLTW,440,ok,15.8247790643,29
OVRPLTW,441,ok,16.8940753838,30
OVRPLTW,442,ok,16.7266867323,31
OVRPLTW,443,ok,21.3685494600,28
OVRPLTW,444,ok,16.5722411566,25
OVRPLTW,445,ok,15.5511968201,29
OVRPLTW,446,ok,18.7768100400,29
OVRPLTW,447,ok,21.6177525470,28
OVRPLTW,448,ok,20.7339349776,28
OVRPLTW,449,ok,17.3073680343,28
OVRPLTW,450,ok,20.0904188388,29
OVRPLTW,451,ok,17.2662371173,32
OVRPLTW,452,ok,23.6283590950,30
OVRPLTW,453,ok,22.2241118429,26
OVRPLTW,454,ok,15.8598638292,26
OVRPLTW,455,ok,15.6979718163,30
OVRPLTW,456,ok,17.4818048726,27
OVRPLTW,457,ok,22.7906304639,28
OVRPLTW,458,ok,17.7257597664,28
OVRPLTW,459,ok,16.5352947869,28
OVRPLTW,460,ok,20.0804929064,29
OVRPLTW,461,ok,16.6277272120,30
OVRPLTW,462,ok,20.6724224445,30
OVRPLTW,463,ok,21.1101978085,28
OVRPLTW,464,ok,16.8031051640,30
OVRPLTW,465,ok,18.8137732254,30
OVRPLTW,466,ok,20.2180557215,27
OVRPLTW,467,ok,17.2861159823,27
OVRPLTW,468,ok,16.6157502355,29
OVRPLTW,469,ok,17.8115060462,30
OVRPLTW,470,ok,18.7929060961,27
OVRPLTW,471,ok,16.2302568344,26
OVRPLTW,472,ok,16.3907942317,29
OVRPLTW,473,ok,17.1186900012,27
OVRPLTW,474,ok,16.8731909038,26
OVRPLTW,475,ok,21.6240416380,29
OVRPLTW,476,ok,16.8288657773,30
OVRPLTW,477,ok,16.9039656711,27
OVRPLTW,478,ok,21.3109652527,28
OVRPLTW,479,ok,22.1728354306,31
OVRPLTW,480,ok,15.6152107686,30
OVRPLTW,481,ok,20.1450512940,30
OVRPLTW,482,ok,16.7873025058,25
OVRPLTW,483,ok,20.7378667823,30
OVRPLTW,484,ok,17.5572354455,28
OVRPLTW,485,ok,19.8010104112,26
OVRPLTW,486,ok,16.1485616288,31
OVRPLTW,487,ok,18.6184503270,32
OVRPLTW,488,ok,18.2839567582,30
OVRPLTW,489,ok,15.5784661852,29
OVRPLTW,490,ok,20.5798528348,30
OVRPLTW,491,ok,18.5938173160,29
OVRPLTW,492,ok,22.8113899571,31
OVRPLTW,493,ok,21.2749228850,29
OVRPLTW,494,ok,19.2151581744,32
OVRPLTW,495,ok,16.2254228417,30
OVRPLTW,496,ok,20.8084673590,32
OVRPLTW,497,ok,19.3548624609,26
OVRPLTW,498,ok,22.9311423847,27
OVRPLTW,499,ok,16.9733630128,32
OVRPLTW,500,ok,18.3991393346,26
OVRPLTW,501,ok,19.0482362349,27
OVRPLTW,502,ok,15.8797770297,27
OVRPLTW,503,ok,17.7493800824,29
OVRPLTW,504,ok,19.4728638270,24
OVRPLTW,505,ok,17.6840667296,29
OVRPLTW,506,ok,16.8077003672,30
OVRPLTW,507,ok,17.5335799763,26
OVRPLTW,508,ok,22.4474330851,29
OVRPLTW,509,ok,20.1704430850,32
OVRPLTW,510,ok,20.4422951779,30
OVRPLTW,511,ok,25.4028934105,28
OVRPLTW,512,ok,15.6328135483,27
OVRPLTW,513,ok,16.1031187129,24
OVRPLTW,514,ok,21.6495948519,26
OVRPLTW,515,ok,14.9906886976,26
OVRPLTW,516,ok,19.2217935062,31
OVRPLTW,517,ok,17.3016162776,24
OVRPLTW,518,ok,15.6064974391,28
OVRPLTW,519,ok,24.4798945173,28
OVRPLTW,520,ok,16.1658529712,27
OVRPLTW,521,ok,18.3746097913,30
OVRPLTW,522,ok,18.0857543137,27
OVRPLTW,523,ok,19.6552377420,27
OVRPLTW,524,ok,17.1375046237,30
OVRPLTW,525,ok,18.5712354513,30
OVRPLTW,526,ok,14.5149597141,26
OVRPLTW,527,ok,23.1199647494,28
OVRPLTW,528,ok,18.9027249415,29
OVRPLTW,529,ok,18.9184571937,31
OVRPLTW,530,ok,16.6564934132,25
OVRPLTW,531,ok,19.4379268155,29
OVRPLTW,532,ok,15.8885108990,29
OVRPLTW,533,ok,17.7311875114,30
OVRPLTW,534,ok,19.3273034146,25
OVRPLTW,535,ok,16.5342236712,32
OVRPLTW,536,ok,20.7595159547,28
OVRPLTW,537,ok,26.7045497288,30
OVRPLTW,538,ok,19.5885063930,30
OVRPLTW,539,ok,18.7756835409,28
OVRPLTW,540,ok,18.0479787354,26
OVRPLTW,541,ok,16.4792938014,26
OVRPLTW,542,ok,23.8481318563,28
OVRPLTW,543,ok,18.3147893749,26
OVRPLTW,544,ok,19.7431004837,31
OVRPLTW,545,ok,23.4320969356,32
OVRPLTW,546,ok,22.9181094809,29
OVRPLTW,547,ok,17.8789519718,29
OVRPLTW,548,ok,22.9094327658,27
OVRPLTW,549,ok,18.2790420691,27
OVRPLTW,550,ok,18.3968721776,29
OVRPLTW,551,ok,16.9830707364,29
OVRPLTW,552,ok,19.1008185375,32
OVRPLTW,553,ok,16.0731921171,30
OVRPLTW,554,ok,17.9979520933,26
OVRPLTW,555,ok,18.4098679681,28
OVRPLTW,556,ok,20.2017559391,29
OVRPLTW,557,ok,18.3349867485,31
OVRPLTW,558,ok,17.6401315792,32
OVRPLTW,559,ok,14.9425859891,29
OVRPLTW,560,ok,24.0721429344,31
OVRPLTW,561,ok,22.5345418695,32
OVRPLTW,562,ok,16.0566048340,30
OVRPLTW,563,ok,17.7340026290,29
OVRPLTW,564,ok,21.7311377671,31
OVRPLTW,565,ok,19.7231881454,25
OVRPLTW,566,ok,14.9202775914,28
OVRPLTW,567,ok,15.5971500076,30
OVRPLTW,568,ok,20.0724114729,30
OVRPLTW,569,ok,21.6064534052,28
OVRPLTW,570,ok,22.4458624376,30
OVRPLTW,571,ok,19.6075871768,28
OVRPLTW,572,ok,16.1018591486,30
OVRPLTW,573,ok,17.3838598751,28
OVRPLTW,574,ok,18.7671084754,25
OVRPLTW,575,ok,21.3744573883,28
OVRPLTW,576,ok,19.3784484601,27
OVRPLTW,577,ok,16.3448120110,29
OVRPLTW,578,ok,20.6405162214,27
OVRPLTW,579,ok,20.6703647639,30
OVRPLTW,580,ok,21.7128661119,27
OVRPLTW,581,ok,24.5270033299,27
OVRPLTW,582,ok,21.8472053478,28
OVRPLTW,583,ok,16.0714514065,28
OVRPLTW,584,ok,17.9731412827,30
OVRPLTW,585,ok,16.9131006786,27
OVRPLTW,586,ok,18.7649229986,27
OVRPLTW,587,ok,24.6514300775,30
OVRPLTW,588,ok,15.4455360347,31
OVRPLTW,589,ok,19.6040497687,26
OVRPLTW,590,ok,17.4959117566,28
OVRPLTW,591,ok,19.3421506796,31
OVRPLTW,592,ok,19.8762905923,27
OVRPLTW,593,ok,17.5902449297,28
OVRPLTW,594,ok,17.9978105764,29
OVRPLTW,595,ok,18.9994667607,30
OVRPLTW,596,ok,18.3434545914,33
OVRPLTW,597,ok,16.2064254467,29
OVRPLTW,598,ok,21.0455204786,30
OVRPLTW,599,ok,16.0679450426,28
OVRPLTW,600,ok,18.4515398521,29
OVRPLTW,601,ok,16.0986914450,32
OVRPLTW,602,ok,15.0240831152,29
OVRPLTW,603,ok,17.1584754646,28
OVRPLTW,604,ok,19.0342503559,28
OVRPLTW,605,ok,19.9172124529,27
OVRPLTW,606,ok,16.4846106081,26
OVRPLTW,607,ok,17.1191042943,28
OVRPLTW,608,ok,20.0123407339,29
OVRPLTW,609,ok,19.5479910484,27
OVRPLTW,610,ok,17.0265489965,30
OVRPLTW,611,ok,18.1092373043,27
OVRPLTW,612,ok,19.8707371844,33
OVRPLTW,613,ok,17.4434423545,25
OVRPLTW,614,ok,20.7873722723,29
OVRPLTW,615,ok,21.1864604057,29
OVRPLTW,616,ok,16.4015336412,27
OVRPLTW,617,ok,22.5738516608,30
OVRPLTW,618,ok,21.5442840620,30
OVRPLTW,619,ok,19.0480570166,29
OVRPLTW,620,ok,20.5627213355,28
OVRPLTW,621,ok,23.8170607104,28
OVRPLTW,622,ok,19.3801924800,28
OVRPLTW,623,ok,18.3516846429,29
OVRPLTW,624,ok,17.1061651330,28
OVRPLTW,625,ok,15.9718853204,29
OVRPLTW,626,ok,19.1432655727,24
OVRPLTW,627,ok,20.3333481341,30
OVRPLTW,628,ok,19.8192657382,28
OVRPLTW,629,ok,17.5152469682,29
OVRPLTW,630,ok,21.8791562660,28
OVRPLTW,631,ok,17.0994288883,26
OVRPLTW,632,ok,20.0103637577,29
OVRPLTW,633,ok,16.6957589305,28
OVRPLTW,634,ok,17.5486575514,30
OVRPLTW,635,ok,22.6709177240,32
OVRPLTW,636,ok,19.2503567062,32
OVRPLTW,637,ok,17.2727419764,26
OVRPLTW,638,ok,19.5426034879,30
OVRPLTW,639,ok,17.6755051537,27
OVRPLTW,640,ok,15.0431724009,30
OVRPLTW,641,ok,16.7269521199,30
OVRPLTW,642,ok,20.9005301605,30
OVRPLTW,643,ok,18.7153546158,29
OVRPLTW,644,ok,18.8332388391,28
OVRPLTW,645,ok,17.6886889304,29
OVRPLTW,646,ok,17.0978821270,32
OVRPLTW,647,ok,21.8430872705,29
OVRPLTW,648,ok,21.0609850636,28
OVRPLTW,649,ok,23.6193227109,28
OVRPLTW,650,ok,15.8479922010,31
OVRPLTW,651,ok,19.4962823185,28
OVRPLTW,652,ok,18.0037248631,28
OVRPLTW,653,ok,16.6427856693,30
OVRPLTW,654,ok,16.4361551394,30
OVRPLTW,655,ok,18.6296887475,27
OVRPLTW,656,ok,18.9613858526,25
OVRPLTW,657,ok,22.6734057006,27
OVRPLTW,658,ok,16.1887307576,28
OVRPLTW,659,ok,24.9799364777,31
OVRPLTW,660,ok,17.1891110505,28
OVRPLTW,661,ok,19.2348510393,30
OVRPLTW,662,ok,17.5824522882,28
OVRPLTW,663,ok,17.8634146705,28
OVRPLTW,664,ok,21.4414636582,29
OVRPLTW,665,ok,20.8016474101,27
OVRPLTW,666,ok,15.3205930516,27
OVRPLTW,667,ok,18.3940755041,31
OVRPLTW,668,ok,20.2054377595,28
OVRPLTW,669,ok,15.6465211704,26
OVRPLTW,670,ok,16.3102163577,29
OVRPLTW,671,ok,18.9316942619,30
OVRPLTW,672,ok,19.3720500894,28
OVRPLTW,673,ok,16.7221695716,31
OVRPLTW,674,ok,18.0736125583,30
OVRPLTW,675,ok,22.1970907017,27
OVRPLTW,676,ok,19.6750062470,28
OVRPLTW,677,ok,15.8723195159,27
OVRPLTW,678,ok,20.1454058682,26
OVRPLTW,679,ok,19.4897604329,27
OVRPLTW,680,ok,17.9538612569,30
OVRPLTW,681,ok,21.2434052912,28
OVRPLTW,682,ok,16.5526107372,29
OVRPLTW,683,ok,18.0336614375,27
OVRPLTW,684,ok,17.5340150814,30
OVRPLTW,685,ok,16.8855149091,30
OVRPLTW,686,ok,16.8390691532,30
OVRPLTW,687,ok,19.0985155189,30
OVRPLTW,688,ok,18.7914403524,29
OVRPLTW,689,ok,16.4873457126,27
OVRPLTW,690,ok,18.3590289643,28
OVRPLTW,691,ok,21.5298078283,30
OVRPLTW,692,ok,19.1459697052,30
OVRPLTW,693,ok,16.5663629452,29
OVRPLTW,694,ok,19.9272196467,28
OVRPLTW,695,ok,19.7128112915,27
OVRPLTW,696,ok,16.5831011065,27
OVRPLTW,697,ok,17.7773948321,28
OVRPLTW,698,ok,15.5597168805,29
OVRPLTW,699,ok,20.7321141185,32
OVRPLTW,700,ok,19.1932654263,31
OVRPLTW,701,ok,17.4628559994,26
OVRPLTW,702,ok,20.5934603200,28
OVRPLTW,703,ok,19.1755835455,29
OVRPLTW,704,ok,13.8442650417,25
OVRPLTW,705,ok,20.0237407376,26
OVRPLTW,706,ok,20.8332369613,28
OVRPLTW,707,ok,17.1517560687,26
OVRPLTW,708,ok,16.9922157589,30
OVRPLTW,709,ok,14.9580539728,25
OVRPLTW,710,ok,24.0008270660,27
OVRPLTW,711,ok,17.0880564273,26
OVRPLTW,712,ok,15.3612206285,28
OVRPLTW,713,ok,14.9706305401,28
OVRPLTW,714,ok,17.4601001465,27
OVRPLTW,715,ok,21.7320978238,34
OVRPLTW,716,ok,15.7269006013,29
OVRPLTW,717,ok,15.6597735059,30
OVRPLTW,718,ok,24.5214216093,31
OVRPLTW,719,ok,19.6650900045,25
OVRPLTW,720,ok,19.3863949367,28
OVRPLTW,721,ok,15.9812635621,33
OVRPLTW,722,ok,20.1758936309,26
OVRPLTW,723,ok,19.2951339314,28
OVRPLTW,724,ok,15.8284941718,29
OVRPLTW,725,ok,19.0751602504,28
OVRPLTW,726,ok,18.2918218350,26
OVRPLTW,727,ok,19.6793314275,30
OVRPLTW,728,ok,17.2970124728,29
OVRPLTW,729,ok,17.2581192361,29
OVRPLTW,730,ok,23.4693959503,24
OVRPLTW,731,ok,18.9494373749,29
OVRPLTW,732,ok,22.0760967583,27
OVRPLTW,733,ok,16.9021513155,33
OVRPLTW,734,ok,15.5409302775,26
OVRPLTW,735,ok,16.4247308748,28
OVRPLTW,736,ok,19.8632715260,31
OVRPLTW,737,ok,18.3235315690,27
OVRPLTW,738,ok,21.2068680130,29
OVRPLTW,739,ok,16.6631105114,26
OVRPLTW,740,ok,18.2172281534,28
OVRPLTW,741,ok,20.2761793951,26
OVRPLTW,742,ok,20.1678565388,28
OVRPLTW,743,ok,15.3434999627,27
OVRPLTW,744,ok,15.0713966003,30
OVRPLTW,745,ok,20.5942971565,30
OVRPLTW,746,ok,19.6018569522,28
OVRPLTW,747,ok,18.2673715675,31
OVRPLTW,748,ok,18.6352790243,32
OVRPLTW,749,ok,16.7227068870,28
OVRPLTW,750,ok,15.3963185440,29
OVRPLTW,751,ok,19.7719216922,30
OVRPLTW,752,ok,18.7785985472,28
OVRPLTW,753,ok,23.2543803823,27
OVRPLTW,754,ok,17.1260237739,30
OVRPLTW,755,ok,21.7352945027,32
OVRPLTW,756,ok,18.5606642675,30
OVRPLTW,757,ok,16.5350301776,29
OVRPLTW,758,ok,21.4553315290,31
OVRPLTW,759,ok,17.9328562663,26
OVRPLTW,760,ok,15.9384585647,28
OVRPLTW,761,ok,20.8613701242,27
OVRPLTW,762,ok,16.7540409235,27
OVRPLTW,763,ok,16.8951693886,28
OVRPLTW,764,ok,26.2826532519,29
OVRPLTW,765,ok,18.3806162903,27
OVRPLTW,766,ok,21.3655223509,27
OVRPLTW,767,ok,15.5844514741,28
OVRPLTW,768,ok,19.4128409930,26
OVRPLTW,769,ok,19.4577458262,29
OVRPLTW,770,ok,19.9473095640,32
OVRPLTW,771,ok,17.0745182439,28
OVRPLTW,772,ok,20.7620712543,28
OVRPLTW,773,ok,22.0451491787,29
OVRPLTW,774,ok,16.5933121801,28
OVRPLTW,775,ok,18.8879672469,30
OVRPLTW,776,ok,18.5820648731,27
OVRPLTW,777,ok,18.7735812374,24
OVRPLTW,778,ok,21.8113611989,27
OVRPLTW,779,ok,15.8494109821,29
OVRPLTW,780,ok,23.0941507991,32
OVRPLTW,781,ok,19.7360623222,31
OVRPLTW,782,ok,23.0089008277,29
OVRPLTW,783,ok,22.3408976321,33
OVRPLTW,784,ok,17.2326807101,28
OVRPLTW,785,ok,19.6919455504,29
OVRPLTW,786,ok,16.4238586242,29
OVRPLTW,787,ok,20.1616026954,28
OVRPLTW,788,ok,15.8858434549,30
OVRPLTW,789,ok,16.3789676428,28
OVRPLTW,790,ok,17.0995819660,28
OVRPLTW,791,ok,20.2811808330,30
OVRPLTW,792,ok,20.3416859501,27
OVRPLTW,793,ok,18.0783578027,29
OVRPLTW,794,ok,21.1386090893,30
OVRPLTW,795,ok,19.2038386019,29
OVRPLTW,796,ok,16.8802977277,29
OVRPLTW,797,ok,16.6532574455,29
OVRPLTW,798,ok,16.4857113164,27
OVRPLTW,799,ok,19.1684007765,27
OVRPLTW,800,ok,18.1651871087,27
OVRPLTW,801,ok,20.9535365470,29
OVRPLTW,802,ok,15.2466109802,27
OVRPLTW,803,ok,18.5965224889,30
OVRPLTW,804,ok,22.3483458513,30
OVRPLTW,805,ok,21.4776803187,28
OVRPLTW,806,ok,16.1672853563,28
OVRPLTW,807,ok,17.7997114121,32
OVRPLTW,808,ok,15.6098420927,31
OVRPLTW,809,ok,22.2074141842,31
OVRPLTW,810,ok,16.7978168931,30
OVRPLTW,811,ok,22.2595583123,27
OVRPLTW,812,ok,17.0115939072,29
OVRPLTW,813,ok,19.1936742332,30
OVRPLTW,814,ok,18.0459241421,27
OVRPLTW,815,ok,20.6037070052,28
OVRPLTW,816,ok,15.3272336218,29
OVRPLTW,817,ok,18.6068002579,28
OVRPLTW,818,ok,22.8591411156,27
OVRPLTW,819,ok,20.4566783118,28
OVRPLTW,820,ok,18.8222599422,27
OVRPLTW,821,ok,17.5665124673,27
OVRPLTW,822,ok,20.8411876441,30
OVRPLTW,823,ok,20.6879383383,29
OVRPLTW,824,ok,16.5045481241,28
OVRPLTW,825,ok,20.4684750301,30
OVRPLTW,826,ok,20.8641375803,30
OVRPLTW,827,ok,18.8088138254,26
OVRPLTW,828,ok,18.7863891983,28
OVRPLTW,829,ok,17.1575021892,28
OVRPLTW,830,ok,18.9894132586,26
OVRPLTW,831,ok,24.4308005960,28
OVRPLTW,832,ok,16.6052889416,28
OVRPLTW,833,ok,20.0399109655,30
OVRPLTW,834,ok,17.0229676202,31
OVRPLTW,835,ok,20.3626580399,28
OVRPLTW,836,ok,14.8041794651,29
OVRPLTW,837,ok,21.5230132482,29
OVRPLTW,838,ok,19.4476278882,27
OVRPLTW,839,ok,14.0330298291,27
OVRPLTW,840,ok,15.1300957671,26
OVRPLTW,841,ok,15.7935766124,31
OVRPLTW,842,ok,22.6332861435,31
OVRPLTW,843,ok,16.2162588567,29
OVRPLTW,844,ok,15.1921258161,27
OVRPLTW,845,ok,20.6774651777,31
OVRPLTW,846,ok,19.5804020491,28
OVRPLTW,847,ok,17.3858604457,28
OVRPLTW,848,ok,19.1345827004,31
OVRPLTW,849,ok,25.2675061934,28
OVRPLTW,850,ok,18.1117344217,28
OVRPLTW,851,ok,16.1436742697,31
OVRPLTW,852,ok,17.8714083442,26
OVRPLTW,853,ok,20.2376962887,28
OVRPLTW,854,ok,16.8892761840,31
OVRPLTW,855,ok,19.5061441263,27
OVRPLTW,856,ok,19.8396649205,29
OVRPLTW,857,ok,18.4218005152,27
OVRPLTW,858,ok,20.3196144264,26
OVRPLTW,859,ok,21.4827938340,30
OVRPLTW,860,ok,17.8253080600,28
OVRPLTW,861,ok,15.5382646101,27
OVRPLTW,862,ok,19.6009343158,30
OVRPLTW,863,ok,17.5133091736,30
OVRPLTW,864,ok,17.0499933629,26
OVRPLTW,865,ok,17.6953625030,30
OVRPLTW,866,ok,16.6630912923,28
OVRPLTW,867,ok,16.4029773930,26
OVRPLTW,868,ok,17.6764265556,28
OVRPLTW,869,ok,18.6936117321,28
OVRPLTW,870,ok,22.3300066967,31
OVRPLTW,871,ok,21.2845510689,30
OVRPLTW,872,ok,23.2699080352,26
OVRPLTW,873,ok,19.6313108968,28
OVRPLTW,874,ok,19.8333786360,28
OVRPLTW,875,ok,16.9589242132,28
OVRPLTW,876,ok,17.7670964665,32
OVRPLTW,877,ok,20.4850301572,27
OVRPLTW,878,ok,18.2735659791,31
OVRPLTW,879,ok,15.9780223260,29
OVRPLTW,880,ok,19.8410970826,29
OVRPLTW,881,ok,16.2248812161,29
OVRPLTW,882,ok,18.4634255884,29
OVRPLTW,883,ok,20.3126844834,30
OVRPLTW,884,ok,16.1099036821,29
OVRPLTW,885,ok,24.4261792059,27
OVRPLTW,886,ok,21.4853608076,28
OVRPLTW,887,ok,16.5656046422,29
OVRPLTW,888,ok,19.2554693142,26
OVRPLTW,889,ok,19.3992325912,27
OVRPLTW,890,ok,21.2529742810,27
OVRPLTW,891,ok,20.2202478714,28
OVRPLTW,892,ok,18.2729748014,27
OVRPLTW,893,ok,19.6050066594,26
OVRPLTW,894,ok,25.2055316709,28
OVRPLTW,895,ok,16.0445244051,25
OVRPLTW,896,ok,18.2195008690,30
OVRPLTW,897,ok,21.1608115380,28
OVRPLTW,898,ok,20.7255358768,29
OVRPLTW,899,ok,15.5111136433,29
OVRPLTW,900,ok,18.9540657706,26
OVRPLTW,901,ok,18.2169688019,29
OVRPLTW,902,ok,17.1107079315,27
OVRPLTW,903,ok,18.4248784785,29
OVRPLTW,904,ok,14.9521770740,29
OVRPLTW,905,ok,20.6855682744,28
OVRPLTW,906,ok,19.0791686382,30
OVRPLTW,907,ok,15.8719859503,32
OVRPLTW,908,ok,17.5829755726,26
OVRPLTW,909,ok,20.3455415879,29
OVRPLTW,910,ok,16.8678833541,31
OVRPLTW,911,ok,16.4601711576,27
OVRPLTW,912,ok,19.0886181267,30
OVRPLTW,913,ok,18.2778743916,30
OVRPLTW,914,ok,16.0451044137,31
OVRPLTW,915,ok,18.5881841950,30
OVRPLTW,916,ok,15.1150871743,29
OVRPLTW,917,ok,16.1483808084,30
OVRPLTW,918,ok,21.9369287887,28
OVRPLTW,919,ok,16.0964973429,29
OVRPLTW,920,ok,17.3888153574,30
OVRPLTW,921,ok,17.5809110272,28
OVRPLTW,922,ok,21.4826664301,29
OVRPLTW,923,ok,19.5886773903,29
OVRPLTW,924,ok,20.1074746861,30
OVRPLTW,925,ok,16.3110159334,29
OVRPLTW,926,ok,17.8262333898,28
OVRPLTW,927,ok,18.6876076451,29
OVRPLTW,928,ok,16.6964039626,29
OVRPLTW,929,ok,15.9549983632,29
OVRPLTW,930,ok,18.7212169153,29
OVRPLTW,931,ok,16.6874083188,29
OVRPLTW,932,ok,18.8768528473,25
OVRPLTW,933,ok,17.0482509737,26
OVRPLTW,934,ok,19.7351306144,28
OVRPLTW,935,ok,17.6670117661,28
OVRPLTW,936,ok,21.0884479272,28
OVRPLTW,937,ok,19.1400429263,31
OVRPLTW,938,ok,17.0302834850,30
OVRPLTW,939,ok,17.5787986096,31
OVRPLTW,940,ok,18.7166966952,28
OVRPLTW,941,ok,15.4255007302,30
OVRPLTW,942,ok,18.8192826102,29
OVRPLTW,943,ok,17.9773447293,29
OVRPLTW,944,ok,23.2776771398,27
OVRPLTW,945,ok,16.9805106672,27
OVRPLTW,946,ok,19.2797280552,31
OVRPLTW,947,ok,18.6733516841,26
OVRPLTW,948,ok,20.9356947792,31
OVRPLTW,949,ok,16.5484287686,27
OVRPLTW,950,ok,17.8155444603,27
OVRPLTW,951,ok,23.8845790019,29
OVRPLTW,952,ok,24.6788273450,30
OVRPLTW,953,ok,18.9394875619,29
OVRPLTW,954,ok,15.9346534370,32
OVRPLTW,955,ok,21.6298538091,29
OVRPLTW,956,ok,16.6099034259,30
OVRPLTW,957,ok,17.5445133215,31
OVRPLTW,958,ok,16.2235212721,30
OVRPLTW,959,ok,17.9237565205,27
OVRPLTW,960,ok,15.6282800567,29
OVRPLTW,961,ok,16.8236041110,28
OVRPLTW,962,ok,19.3315468843,29
OVRPLTW,963,ok,19.7366923289,31
OVRPLTW,964,ok,23.8963345984,29
OVRPLTW,965,ok,16.7237226339,31
OVRPLTW,966,ok,19.9738343378,30
OVRPLTW,967,ok,16.7812552661,32
OVRPLTW,968,ok,18.7945353004,25
OVRPLTW,969,ok,22.0504038163,26
OVRPLTW,970,ok,14.6153408945,28
OVRPLTW,971,ok,20.8727306691,28
OVRPLTW,972,ok,24.0807829565,28
OVRPLTW,973,ok,18.9463844313,26
OVRPLTW,974,ok,18.5655035346,28
OVRPLTW,975,ok,17.3993939695,28
OVRPLTW,976,ok,19.2188961382,28
OVRPLTW,977,ok,15.0420520922,24
OVRPLTW,978,ok,15.7755134664,27
OVRPLTW,979,ok,21.9179413964,29
OVRPLTW,980,ok,17.9636264691,32
OVRPLTW,981,ok,16.0426184126,28
OVRPLTW,982,ok,17.4108321970,26
OVRPLTW,983,ok,21.7962345444,29
OVRPLTW,984,ok,20.3021680459,29
OVRPLTW,985,ok,16.0470530602,27
OVRPLTW,986,ok,16.6396304565,28
OVRPLTW,987,ok,17.9283921261,30
OVRPLTW,988,ok,22.4969269786,30
OVRPLTW,989,ok,19.4082681898,29
OVRPLTW,990,ok,16.8532207109,28
OVRPLTW,991,ok,17.5063814573,30
OVRPLTW,992,ok,17.0078997503,29
OVRPLTW,993,ok,18.3907397192,30
OVRPLTW,994,ok,22.0275916196,28
OVRPLTW,995,ok,16.3608959215,29
OVRPLTW,996,ok,20.1183358611,28
OVRPLTW,997,ok,18.4296862006,29
OVRPLTW,998,ok,23.6780691442,27
OVRPLTW,999,ok,19.1735204657,29
VRPBLTW,0,no_feasible_candidate,,
VRPBLTW,1,no_feasible_candidate,,
VRPBLTW,2,no_feasible_candidate,,
VRPBLTW,3,no_feasible_candidate,,
VRPBLTW,4,no_feasible_candidate,,
VRPBLTW,5,no_feasible_candidate,,
VRPBLTW,6,no_feasible_candidate,,
VRPBLTW,7,no_feasible_candidate,,
VRPBLTW,8,no_feasible_candidate,,
VRPBLTW,9,no_feasible_candidate,,
VRPBLTW,10,no_feasible_candidate,,
VRPBLTW,11,no_feasible_candidate,,
VRPBLTW,12,no_feasible_candidate,,
VRPBLTW,13,no_feasible_candidate,,
VRPBLTW,14,no_feasible_candidate,,
VRPBLTW,15,no_feasible_candidate,,
VRPBLTW,16,no_feasible_candidate,,
VRPBLTW,17,no_feasible_candidate,,
VRPBLTW,18,no_feasible_candidate,,
VRPBLTW,19,no_feasible_candidate,,
VRPBLTW,20,no_feasible_candidate,,
VRPBLTW,21,no_feasible_candidate,,
VRPBLTW,22,no_feasible_candidate,,
VRPBLTW,23,no_feasible_candidate,,
VRPBLTW,24,no_feasible_candidate,,
VRPBLTW,25,no_feasible_candidate,,
VRPBLTW,26,no_feasible_candidate,,
VRPBLTW,27,no_feasible_candidate,,
VRPBLTW,28,no_feasible_candidate,,
VRPBLTW,29,no_feasible_candidate,,
VRPBLTW,30,no_feasible_candidate,,
VRPBLTW,31,no_feasible_candidate,,
VRPBLTW,32,no_feasible_candidate,,
VRPBLTW,33,no_feasible_candidate,,
VRPBLTW,34,no_feasible_candidate,,
VRPBLTW,35,no_feasible_candidate,,
VRPBLTW,36,no_feasible_candidate,,
VRPBLTW,37,no_feasible_candidate,,
VRPBLTW,38,no_feasible_candidate,,
VRPBLTW,39,no_feasible_candidate,,
VRPBLTW,40,no_feasible_candidate,,
VRPBLTW,41,no_feasible_candidate,,
VRPBLTW,42,no_feasible_candidate,,
VRPBLTW,43,no_feasible_candidate,,
VRPBLTW,44,no_feasible_candidate,,
VRPBLTW,45,no_feasible_candidate,,
VRPBLTW,46,no_feasible_candidate,,
VRPBLTW,47,no_feasible_candidate,,
VRPBLTW,48,no_feasible_candidate,,
VRPBLTW,49,no_feasible_candidate,,
VRPBLTW,50,no_feasible_candidate,,
VRPBLTW,51,no_feasible_candidate,,
VRPBLTW,52,no_feasible_candidate,,
VRPBLTW,53,no_feasible_candidate,,
VRPBLTW,54,no_feasible_candidate,,
VRPBLTW,55,no_feasible_candidate,,
VRPBLTW,56,no_feasible_candidate,,
VRPBLTW,57,no_feasible_candidate,,
VRPBLTW,58,no_feasible_candidate,,
VRPBLTW,59,no_feasible_candidate,,
VRPBLTW,60,no_feasible_candidate,,
VRPBLTW,61,no_feasible_candidate,,
VRPBLTW,62,no_feasible_candidate,,
VRPBLTW,63,no_feasible_candidate,,
VRPBLTW,64,no_feasible_candidate,,
VRPBLTW,65,no_feasible_candidate,,
VRPBLTW,66,no_feasible_candidate,,
VRPBLTW,67,no_feasible_candidate,,
VRPBLTW,68,no_feasible_candidate,,
VRPBLTW,69,no_feasible_candidate,,
VRPBLTW,70,no_feasible_candidate,,
VRPBLTW,71,no_feasible_candidate,,
VRPBLTW,72,no_feasible_candidate,,
VRPBLTW,73,no_feasible_candidate,,
VRPBLTW,74,no_feasible_candidate,,
VRPBLTW,75,no_feasible_candidate,,
VRPBLTW,76,no_feasible_candidate,,
VRPBLTW,77,no_feasible_candidate,,
VRPBLTW,78,no_feasible_candidate,,
VRPBLTW,79,no_feasible_candidate,,
VRPBLTW,80,no_feasible_candidate,,
VRPBLTW,81,no_feasible_candidate,,
VRPBLTW,82,no_feasible_candidate,,
VRPBLTW,83,no_feasible_candidate,,
VRPBLTW,84,no_feasible_candidate,,
VRPBLTW,85,no_feasible_candidate,,
VRPBLTW,86,no_feasible_candidate,,
VRPBLTW,87,no_feasible_candidate,,
VRPBLTW,88,no_feasible_candidate,,
VRPBLTW,89,no_feasible_candidate,,
VRPBLTW,90,no_feasible_candidate,,
VRPBLTW,91,no_feasible_candidate,,
VRPBLTW,92,no_feasible_candidate,,
VRPBLTW,93,no_feasible_candidate,,
VRPBLTW,94,no_feasible_candidate,,
VRPBLTW,95,no_feasible_candidate,,
VRPBLTW,96,no_feasible_candidate,,
VRPBLTW,97,no_feasible_candidate,,
VRPBLTW,98,no_feasible_candidate,,
VRPBLTW,99,no_feasible_candidate,,
VRPBLTW,100,no_feasible_candidate,,
VRPBLTW,101,no_feasible_candidate,,
VRPBLTW,102,no_feasible_candidate,,
VRPBLTW,103,no_feasible_candidate,,
VRPBLTW,104,no_feasible_candidate,,
VRPBLTW,105,no_feasible_candidate,,
VRPBLTW,106,no_feasible_candidate,,
VRPBLTW,107,no_feasible_candidate,,
VRPBLTW,108,no_feasible_candidate,,
VRPBLTW,109,no_feasible_candidate,,
VRPBLTW,110,no_feasible_candidate,,
VRPBLTW,111,no_feasible_candidate,,
VRPBLTW,112,no_feasible_candidate,,
VRPBLTW,113,no_feasible_candidate,,
VRPBLTW,114,no_feasible_candidate,,
VRPBLTW,115,no_feasible_candidate,,
VRPBLTW,116,no_feasible_candidate,,
VRPBLTW,117,no_feasible_candidate,,
VRPBLTW,118,no_feasible_candidate,,
VRPBLTW,119,no_feasible_candidate,,
VRPBLTW,120,no_feasible_candidate,,
VRPBLTW,121,no_feasible_candidate,,
VRPBLTW,122,no_feasible_candidate,,
VRPBLTW,123,no_feasible_candidate,,
VRPBLTW,124,no_feasible_candidate,,
VRPBLTW,125,no_feasible_candidate,,
VRPBLTW,126,no_feasible_candidate,,
VRPBLTW,127,no_feasible_candidate,,
VRPBLTW,128,no_feasible_candidate,,
VRPBLTW,129,no_feasible_candidate,,
VRPBLTW,130,no_feasible_candidate,,
VRPBLTW,131,no_feasible_candidate,,
VRPBLTW,132,no_feasible_candidate,,
VRPBLTW,133,no_feasible_candidate,,
VRPBLTW,134,ok,32.3368684218,29
VRPBLTW,135,no_feasible_candidate,,
VRPBLTW,136,no_feasible_candidate,,
VRPBLTW,137,no_feasible_candidate,,
VRPBLTW,138,no_feasible_candidate,,
VRPBLTW,139,no_feasible_candidate,,
VRPBLTW,140,no_feasible_candidate,,
VRPBLTW,141,no_feasible_candidate,,
VRPBLTW,142,no_feasible_candidate,,
VRPBLTW,143,no_feasible_candidate,,
VRPBLTW,144,no_feasible_candidate,,
VRPBLTW,145,no_feasible_candidate,,
VRPBLTW,146,no_feasible_candidate,,
VRPBLTW,147,ok,37.3957428783,25
VRPBLTW,148,no_feasible_candidate,,
VRPBLTW,149,no_feasible_candidate,,
VRPBLTW,150,no_feasible_candidate,,
VRPBLTW,151,no_feasible_candidate,,
VRPBLTW,152,no_feasible_candidate,,
VRPBLTW,153,no_feasible_candidate,,
VRPBLTW,154,no_feasible_candidate,,
VRPBLTW,155,no_feasible_candidate,,
VRPBLTW,156,no_feasible_candidate,,
VRPBLTW,157,no_feasible_candidate,,
VRPBLTW,158,no_feasible_candidate,,
VRPBLTW,159,no_feasible_candidate,,
VRPBLTW,160,no_feasible_candidate,,
VRPBLTW,161,ok,39.8948883150,30
VRPBLTW,162,no_feasible_candidate,,
VRPBLTW,163,no_feasible_candidate,,
VRPBLTW,164,no_feasible_candidate,,
VRPBLTW,165,no_feasible_candidate,,
VRPBLTW,166,no_feasible_candidate,,
VRPBLTW,167,no_feasible_candidate,,
VRPBLTW,168,no_feasible_candidate,,
VRPBLTW,169,no_feasible_candidate,,
VRPBLTW,170,no_feasible_candidate,,
VRPBLTW,171,no_feasible_candidate,,
VRPBLTW,172,no_feasible_candidate,,
VRPBLTW,173,no_feasible_candidate,,
VRPBLTW,174,no_feasible_candidate,,
VRPBLTW,175,no_feasible_candidate,,
VRPBLTW,176,no_feasible_candidate,,
VRPBLTW,177,no_feasible_candidate,,
VRPBLTW,178,no_feasible_candidate,,
VRPBLTW,179,no_feasible_candidate,,
VRPBLTW,180,no_feasible_candidate,,
VRPBLTW,181,no_feasible_candidate,,
VRPBLTW,182,no_feasible_candidate,,
VRPBLTW,183,no_feasible_candidate,,
VRPBLTW,184,no_feasible_candidate,,
VRPBLTW,185,no_feasible_candidate,,
VRPBLTW,186,no_feasible_candidate,,
VRPBLTW,187,no_feasible_candidate,,
VRPBLTW,188,no_feasible_candidate,,
VRPBLTW,189,no_feasible_candidate,,
VRPBLTW,190,no_feasible_candidate,,
VRPBLTW,191,no_feasible_candidate,,
VRPBLTW,192,no_feasible_candidate,,
VRPBLTW,193,no_feasible_candidate,,
VRPBLTW,194,no_feasible_candidate,,
VRPBLTW,195,no_feasible_candidate,,
VRPBLTW,196,no_feasible_candidate,,
VRPBLTW,197,no_feasible_candidate,,
VRPBLTW,198,no_feasible_candidate,,
VRPBLTW,199,no_feasible_candidate,,
VRPBLTW,200,no_feasible_candidate,,
VRPBLTW,201,no_feasible_candidate,,
VRPBLTW,202,no_feasible_candidate,,
VRPBLTW,203,no_feasible_candidate,,
VRPBLTW,204,no_feasible_candidate,,
VRPBLTW,205,no_feasible_candidate,,
VRPBLTW,206,no_feasible_candidate,,
VRPBLTW,207,no_feasible_candidate,,
VRPBLTW,208,no_feasible_candidate,,
VRPBLTW,209,no_feasible_candidate,,
VRPBLTW,210,no_feasible_candidate,,
VRPBLTW,211,no_feasible_candidate,,
VRPBLTW,212,ok,35.5500011625,28
VRPBLTW,213,no_feasible_candidate,,
VRPBLTW,214,no_feasible_candidate,,
VRPBLTW,215,no_feasible_candidate,,
VRPBLTW,216,no_feasible_candidate,,
VRPBLTW,217,no_feasible_candidate,,
VRPBLTW,218,no_feasible_candidate,,
VRPBLTW,219,no_feasible_candidate,,
VRPBLTW,220,no_feasible_candidate,,
VRPBLTW,221,no_feasible_candidate,,
VRPBLTW,222,no_feasible_candidate,,
VRPBLTW,223,no_feasible_candidate,,
VRPBLTW,224,no_feasible_candidate,,
VRPBLTW,225,no_feasible_candidate,,
VRPBLTW,226,no_feasible_candidate,,
VRPBLTW,227,no_feasible_candidate,,
VRPBLTW,228,no_feasible_candidate,,
VRPBLTW,229,no_feasible_candidate,,
VRPBLTW,230,no_feasible_candidate,,
VRPBLTW,231,no_feasible_candidate,,
VRPBLTW,232,no_feasible_candidate,,
VRPBLTW,233,no_feasible_candidate,,
VRPBLTW,234,no_feasible_candidate,,
VRPBLTW,235,no_feasible_candidate,,
VRPBLTW,236,no_feasible_candidate,,
VRPBLTW,237,no_feasible_candidate,,
VRPBLTW,238,no_feasible_candidate,,
VRPBLTW,239,no_feasible_candidate,,
VRPBLTW,240,no_feasible_candidate,,
VRPBLTW,241,no_feasible_candidate,,
VRPBLTW,242,no_feasible_candidate,,
VRPBLTW,243,no_feasible_candidate,,
VRPBLTW,244,no_feasible_candidate,,
VRPBLTW,245,no_feasible_candidate,,
VRPBLTW,246,no_feasible_candidate,,
VRPBLTW,247,no_feasible_candidate,,
VRPBLTW,248,no_feasible_candidate,,
VRPBLTW,249,no_feasible_candidate,,
VRPBLTW,250,no_feasible_candidate,,
VRPBLTW,251,no_feasible_candidate,,
VRPBLTW,252,no_feasible_candidate,,
VRPBLTW,253,no_feasible_candidate,,
VRPBLTW,254,ok,47.4035923883,33
VRPBLTW,255,no_feasible_candidate,,
VRPBLTW,256,no_feasible_candidate,,
VRPBLTW,257,no_feasible_candidate,,
VRPBLTW,258,no_feasible_candidate,,
VRPBLTW,259,no_feasible_candidate,,
VRPBLTW,260,no_feasible_candidate,,
VRPBLTW,261,no_feasible_candidate,,
VRPBLTW,262,no_feasible_candidate,,
VRPBLTW,263,no_feasible_candidate,,
VRPBLTW,264,no_feasible_candidate,,
VRPBLTW,265,no_feasible_candidate,,
VRPBLTW,266,no_feasible_candidate,,
VRPBLTW,267,no_feasible_candidate,,
VRPBLTW,268,no_feasible_candidate,,
VRPBLTW,269,no_feasible_candidate,,
VRPBLTW,270,no_feasible_candidate,,
VRPBLTW,271,no_feasible_candidate,,
VRPBLTW,272,no_feasible_candidate,,
VRPBLTW,273,no_feasible_candidate,,
VRPBLTW,274,no_feasible_candidate,,
VRPBLTW,275,no_feasible_candidate,,
VRPBLTW,276,no_feasible_candidate,,
VRPBLTW,277,no_feasible_candidate,,
VRPBLTW,278,no_feasible_candidate,,
VRPBLTW,279,no_feasible_candidate,,
VRPBLTW,280,no_feasible_candidate,,
VRPBLTW,281,no_feasible_candidate,,
VRPBLTW,282,no_feasible_candidate,,
VRPBLTW,283,no_feasible_candidate,,
VRPBLTW,284,no_feasible_candidate,,
VRPBLTW,285,no_feasible_candidate,,
VRPBLTW,286,no_feasible_candidate,,
VRPBLTW,287,no_feasible_candidate,,
VRPBLTW,288,no_feasible_candidate,,
VRPBLTW,289,no_feasible_candidate,,
VRPBLTW,290,no_feasible_candidate,,
VRPBLTW,291,no_feasible_candidate,,
VRPBLTW,292,no_feasible_candidate,,
VRPBLTW,293,no_feasible_candidate,,
VRPBLTW,294,no_feasible_candidate,,
VRPBLTW,295,no_feasible_candidate,,
VRPBLTW,296,no_feasible_candidate,,
VRPBLTW,297,no_feasible_candidate,,
VRPBLTW,298,no_feasible_candidate,,
VRPBLTW,299,no_feasible_candidate,,
VRPBLTW,300,no_feasible_candidate,,
VRPBLTW,301,no_feasible_candidate,,
VRPBLTW,302,no_feasible_candidate,,
VRPBLTW,303,no_feasible_candidate,,
VRPBLTW,304,no_feasible_candidate,,
VRPBLTW,305,no_feasible_candidate,,
VRPBLTW,306,no_feasible_candidate,,
VRPBLTW,307,no_feasible_candidate,,
VRPBLTW,308,no_feasible_candidate,,
VRPBLTW,309,no_feasible_candidate,,
VRPBLTW,310,no_feasible_candidate,,
VRPBLTW,311,no_feasible_candidate,,
VRPBLTW,312,no_feasible_candidate,,
VRPBLTW,313,no_feasible_candidate,,
VRPBLTW,314,no_feasible_candidate,,
VRPBLTW,315,no_feasible_candidate,,
VRPBLTW,316,no_feasible_candidate,,
VRPBLTW,317,no_feasible_candidate,,
VRPBLTW,318,no_feasible_candidate,,
VRPBLTW,319,no_feasible_candidate,,
VRPBLTW,320,no_feasible_candidate,,
VRPBLTW,321,no_feasible_candidate,,
VRPBLTW,322,no_feasible_candidate,,
VRPBLTW,323,no_feasible_candidate,,
VRPBLTW,324,no_feasible_candidate,,
VRPBLTW,325,no_feasible_candidate,,
VRPBLTW,326,no_feasible_candidate,,
VRPBLTW,327,no_feasible_candidate,,
VRPBLTW,328,no_feasible_candidate,,
VRPBLTW,329,no_feasible_candidate,,
VRPBLTW,330,no_feasible_candidate,,
VRPBLTW,331,no_feasible_candidate,,
VRPBLTW,332,no_feasible_candidate,,
VRPBLTW,333,no_feasible_candidate,,
VRPBLTW,334,no_feasible_candidate,,
VRPBLTW,335,no_feasible_candidate,,
VRPBLTW,336,no_feasible_candidate,,
VRPBLTW,337,no_feasible_candidate,,
VRPBLTW,338,no_feasible_candidate,,
VRPBLTW,339,no_feasible_candidate,,
VRPBLTW,340,no_feasible_candidate,,
VRPBLTW,341,no_feasible_candidate,,
VRPBLTW,342,no_feasible_candidate,,
VRPBLTW,343,no_feasible_candidate,,
VRPBLTW,344,no_feasible_candidate,,
VRPBLTW,345,no_feasible_candidate,,
VRPBLTW,346,no_feasible_candidate,,
VRPBLTW,347,no_feasible_candidate,,
VRPBLTW,348,no_feasible_candidate,,
VRPBLTW,349,no_feasible_candidate,,
VRPBLTW,350,no_feasible_candidate,,
VRPBLTW,351,no_feasible_candidate,,
VRPBLTW,352,no_feasible_candidate,,
VRPBLTW,353,no_feasible_candidate,,
VRPBLTW,354,no_feasible_candidate,,
VRPBLTW,355,no_feasible_candidate,,
VRPBLTW,356,no_feasible_candidate,,
VRPBLTW,357,no_feasible_candidate,,
VRPBLTW,358,no_feasible_candidate,,
VRPBLTW,359,no_feasible_candidate,,
VRPBLTW,360,no_feasible_candidate,,
VRPBLTW,361,no_feasible_candidate,,
VRPBLTW,362,no_feasible_candidate,,
VRPBLTW,363,no_feasible_candidate,,
VRPBLTW,364,no_feasible_candidate,,
VRPBLTW,365,no_feasible_candidate,,
VRPBLTW,366,no_feasible_candidate,,
VRPBLTW,367,no_feasible_candidate,,
VRPBLTW,368,no_feasible_candidate,,
VRPBLTW,369,no_feasible_candidate,,
VRPBLTW,370,no_feasible_candidate,,
VRPBLTW,371,no_feasible_candidate,,
VRPBLTW,372,no_feasible_candidate,,
VRPBLTW,373,no_feasible_candidate,,
VRPBLTW,374,no_feasible_candidate,,
VRPBLTW,375,no_feasible_candidate,,
VRPBLTW,376,no_feasible_candidate,,
VRPBLTW,377,no_feasible_candidate,,
VRPBLTW,378,no_feasible_candidate,,
VRPBLTW,379,no_feasible_candidate,,
VRPBLTW,380,no_feasible_candidate,,
VRPBLTW,381,no_feasible_candidate,,
VRPBLTW,382,no_feasible_candidate,,
VRPBLTW,383,no_feasible_candidate,,
VRPBLTW,384,no_feasible_candidate,,
VRPBLTW,385,no_feasible_candidate,,
VRPBLTW,386,no_feasible_candidate,,
VRPBLTW,387,no_feasible_candidate,,
VRPBLTW,388,no_feasible_candidate,,
VRPBLTW,389,no_feasible_candidate,,
VRPBLTW,390,no_feasible_candidate,,
VRPBLTW,391,no_feasible_candidate,,
VRPBLTW,392,no_feasible_candidate,,
VRPBLTW,393,no_feasible_candidate,,
VRPBLTW,394,no_feasible_candidate,,
VRPBLTW,395,no_feasible_candidate,,
VRPBLTW,396,no_feasible_candidate,,
VRPBLTW,397,no_feasible_candidate,,
VRPBLTW,398,no_feasible_candidate,,
VRPBLTW,399,no_feasible_candidate,,
VRPBLTW,400,no_feasible_candidate,,
VRPBLTW,401,no_feasible_candidate,,
VRPBLTW,402,no_feasible_candidate,,
VRPBLTW,403,no_feasible_candidate,,
VRPBLTW,404,no_feasible_candidate,,
VRPBLTW,405,ok,44.2248422499,31
VRPBLTW,406,no_feasible_candidate,,
VRPBLTW,407,no_feasible_candidate,,
VRPBLTW,408,no_feasible_candidate,,
VRPBLTW,409,no_feasible_candidate,,
VRPBLTW,410,no_feasible_candidate,,
VRPBLTW,411,no_feasible_candidate,,
VRPBLTW,412,no_feasible_candidate,,
VRPBLTW,413,no_feasible_candidate,,
VRPBLTW,414,no_feasible_candidate,,
VRPBLTW,415,no_feasible_candidate,,
VRPBLTW,416,no_feasible_candidate,,
VRPBLTW,417,no_feasible_candidate,,
VRPBLTW,418,no_feasible_candidate,,
VRPBLTW,419,no_feasible_candidate,,
VRPBLTW,420,no_feasible_candidate,,
VRPBLTW,421,no_feasible_candidate,,
VRPBLTW,422,no_feasible_candidate,,
VRPBLTW,423,no_feasible_candidate,,
VRPBLTW,424,no_feasible_candidate,,
VRPBLTW,425,no_feasible_candidate,,
VRPBLTW,426,no_feasible_candidate,,
VRPBLTW,427,no_feasible_candidate,,
VRPBLTW,428,no_feasible_candidate,,
VRPBLTW,429,no_feasible_candidate,,
VRPBLTW,430,no_feasible_candidate,,
VRPBLTW,431,no_feasible_candidate,,
VRPBLTW,432,no_feasible_candidate,,
VRPBLTW,433,no_feasible_candidate,,
VRPBLTW,434,no_feasible_candidate,,
VRPBLTW,435,no_feasible_candidate,,
VRPBLTW,436,no_feasible_candidate,,
VRPBLTW,437,no_feasible_candidate,,
VRPBLTW,438,no_feasible_candidate,,
VRPBLTW,439,no_feasible_candidate,,
VRPBLTW,440,no_feasible_candidate,,
VRPBLTW,441,no_feasible_candidate,,
VRPBLTW,442,no_feasible_candidate,,
VRPBLTW,443,no_feasible_candidate,,
VRPBLTW,444,no_feasible_candidate,,
VRPBLTW,445,no_feasible_candidate,,
VRPBLTW,446,no_feasible_candidate,,
VRPBLTW,447,no_feasible_candidate,,
VRPBLTW,448,no_feasible_candidate,,
VRPBLTW,449,no_feasible_candidate,,
VRPBLTW,450,no_feasible_candidate,,
VRPBLTW,451,no_feasible_candidate,,
VRPBLTW,452,no_feasible_candidate,,
VRPBLTW,453,no_feasible_candidate,,
VRPBLTW,454,no_feasible_candidate,,
VRPBLTW,455,no_feasible_candidate,,
VRPBLTW,456,no_feasible_candidate,,
VRPBLTW,457,no_feasible_candidate,,
VRPBLTW,458,no_feasible_candidate,,
VRPBLTW,459,no_feasible_candidate,,
VRPBLTW,460,no_feasible_candidate,,
VRPBLTW,461,no_feasible_candidate,,
VRPBLTW,462,no_feasible_candidate,,
VRPBLTW,463,no_feasible_candidate,,
VRPBLTW,464,no_feasible_candidate,,
VRPBLTW,465,no_feasible_candidate,,
VRPBLTW,466,no_feasible_candidate,,
VRPBLTW,467,no_feasible_candidate,,
VRPBLTW,468,no_feasible_candidate,,
VRPBLTW,469,no_feasible_candidate,,
VRPBLTW,470,no_feasible_candidate,,
VRPBLTW,471,no_feasible_candidate,,
VRPBLTW,472,no_feasible_candidate,,
VRPBLTW,473,no_feasible_candidate,,
VRPBLTW,474,no_feasible_candidate,,
VRPBLTW,475,no_feasible_candidate,,
VRPBLTW,476,no_feasible_candidate,,
VRPBLTW,477,no_feasible_candidate,,
VRPBLTW,478,no_feasible_candidate,,
VRPBLTW,479,no_feasible_candidate,,
VRPBLTW,480,no_feasible_candidate,,
VRPBLTW,481,no_feasible_candidate,,
VRPBLTW,482,no_feasible_candidate,,
VRPBLTW,483,no_feasible_candidate,,
VRPBLTW,484,no_feasible_candidate,,
VRPBLTW,485,no_feasible_candidate,,
VRPBLTW,486,no_feasible_candidate,,
VRPBLTW,487,no_feasible_candidate,,
VRPBLTW,488,no_feasible_candidate,,
VRPBLTW,489,no_feasible_candidate,,
VRPBLTW,490,no_feasible_candidate,,
VRPBLTW,491,no_feasible_candidate,,
VRPBLTW,492,no_feasible_candidate,,
VRPBLTW,493,no_feasible_candidate,,
VRPBLTW,494,no_feasible_candidate,,
VRPBLTW,495,no_feasible_candidate,,
VRPBLTW,496,no_feasible_candidate,,
VRPBLTW,497,no_feasible_candidate,,
VRPBLTW,498,no_feasible_candidate,,
VRPBLTW,499,no_feasible_candidate,,
VRPBLTW,500,no_feasible_candidate,,
VRPBLTW,501,no_feasible_candidate,,
VRPBLTW,502,no_feasible_candidate,,
VRPBLTW,503,no_feasible_candidate,,
VRPBLTW,504,no_feasible_candidate,,
VRPBLTW,505,no_feasible_candidate,,
VRPBLTW,506,no_feasible_candidate,,
VRPBLTW,507,no_feasible_candidate,,
VRPBLTW,508,no_feasible_candidate,,
VRPBLTW,509,no_feasible_candidate,,
VRPBLTW,510,no_feasible_candidate,,
VRPBLTW,511,no_feasible_candidate,,
VRPBLTW,512,no_feasible_candidate,,
VRPBLTW,513,no_feasible_candidate,,
VRPBLTW,514,no_feasible_candidate,,
VRPBLTW,515,no_feasible_candidate,,
VRPBLTW,516,no_feasible_candidate,,
VRPBLTW,517,no_feasible_candidate,,
VRPBLTW,518,no_feasible_candidate,,
VRPBLTW,519,no_feasible_candidate,,
VRPBLTW,520,no_feasible_candidate,,
VRPBLTW,521,no_feasible_candidate,,
VRPBLTW,522,no_feasible_candidate,,
VRPBLTW,523,no_feasible_candidate,,
VRPBLTW,524,no_feasible_candidate,,
VRPBLTW,525,no_feasible_candidate,,
VRPBLTW,526,no_feasible_candidate,,
VRPBLTW,527,no_feasible_candidate,,
VRPBLTW,528,no_feasible_candidate,,
VRPBLTW,529,no_feasible_candidate,,
VRPBLTW,530,no_feasible_candidate,,
VRPBLTW,531,no_feasible_candidate,,
VRPBLTW,532,no_feasible_candidate,,
VRPBLTW,533,no_feasible_candidate,,
VRPBLTW,534,no_feasible_candidate,,
VRPBLTW,535,no_feasible_candidate,,
VRPBLTW,536,no_feasible_candidate,,
VRPBLTW,537,no_feasible_candidate,,
VRPBLTW,538,no_feasible_candidate,,
VRPBLTW,539,no_feasible_candidate,,
VRPBLTW,540,no_feasible_candidate,,
VRPBLTW,541,no_feasible_candidate,,
VRPBLTW,542,no_feasible_candidate,,
VRPBLTW,543,no_feasible_candidate,,
VRPBLTW,544,no_feasible_candidate,,
VRPBLTW,545,no_feasible_candidate,,
VRPBLTW,546,no_feasible_candidate,,
VRPBLTW,547,no_feasible_candidate,,
VRPBLTW,548,no_feasible_candidate,,
VRPBLTW,549,no_feasible_candidate,,
VRPBLTW,550,no_feasible_candidate,,
VRPBLTW,551,no_feasible_candidate,,
VRPBLTW,552,no_feasible_candidate,,
VRPBLTW,553,no_feasible_candidate,,
VRPBLTW,554,no_feasible_candidate,,
VRPBLTW,555,no_feasible_candidate,,
VRPBLTW,556,no_feasible_candidate,,
VRPBLTW,557,no_feasible_candidate,,
VRPBLTW,558,no_feasible_candidate,,
VRPBLTW,559,no_feasible_candidate,,
VRPBLTW,560,no_feasible_candidate,,
VRPBLTW,561,no_feasible_candidate,,
VRPBLTW,562,no_feasible_candidate,,
VRPBLTW,563,no_feasible_candidate,,
VRPBLTW,564,no_feasible_candidate,,
VRPBLTW,565,no_feasible_candidate,,
VRPBLTW,566,no_feasible_candidate,,
VRPBLTW,567,no_feasible_candidate,,
VRPBLTW,568,no_feasible_candidate,,
VRPBLTW,569,no_feasible_candidate,,
VRPBLTW,570,no_feasible_candidate,,
VRPBLTW,571,no_feasible_candidate,,
VRPBLTW,572,no_feasible_candidate,,
VRPBLTW,573,no_feasible_candidate,,
VRPBLTW,574,no_feasible_candidate,,
VRPBLTW,575,no_feasible_candidate,,
VRPBLTW,576,no_feasible_candidate,,
VRPBLTW,577,no_feasible_candidate,,
VRPBLTW,578,no_feasible_candidate,,
VRPBLTW,579,no_feasible_candidate,,
VRPBLTW,580,no_feasible_candidate,,
VRPBLTW,581,no_feasible_candidate,,
VRPBLTW,582,no_feasible_candidate,,
VRPBLTW,583,no_feasible_candidate,,
VRPBLTW,584,no_feasible_candidate,,
VRPBLTW,585,no_feasible_candidate,,
VRPBLTW,586,no_feasible_candidate,,
VRPBLTW,587,no_feasible_candidate,,
VRPBLTW,588,no_feasible_candidate,,
VRPBLTW,589,no_feasible_candidate,,
VRPBLTW,590,no_feasible_candidate,,
VRPBLTW,591,no_feasible_candidate,,
VRPBLTW,592,no_feasible_candidate,,
VRPBLTW,593,no_feasible_candidate,,
VRPBLTW,594,no_feasible_candidate,,
VRPBLTW,595,no_feasible_candidate,,
VRPBLTW,596,no_feasible_candidate,,
VRPBLTW,597,no_feasible_candidate,,
VRPBLTW,598,no_feasible_candidate,,
VRPBLTW,599,no_feasible_candidate,,
VRPBLTW,600,no_feasible_candidate,,
VRPBLTW,601,no_feasible_candidate,,
VRPBLTW,602,no_feasible_candidate,,
VRPBLTW,603,no_feasible_candidate,,
VRPBLTW,604,no_feasible_candidate,,
VRPBLTW,605,no_feasible_candidate,,
VRPBLTW,606,no_feasible_candidate,,
VRPBLTW,607,no_feasible_candidate,,
VRPBLTW,608,no_feasible_candidate,,
VRPBLTW,609,no_feasible_candidate,,
VRPBLTW,610,no_feasible_candidate,,
VRPBLTW,611,no_feasible_candidate,,
VRPBLTW,612,no_feasible_candidate,,
VRPBLTW,613,no_feasible_candidate,,
VRPBLTW,614,no_feasible_candidate,,
VRPBLTW,615,no_feasible_candidate,,
VRPBLTW,616,no_feasible_candidate,,
VRPBLTW,617,no_feasible_candidate,,
VRPBLTW,618,no_feasible_candidate,,
VRPBLTW,619,no_feasible_candidate,,
VRPBLTW,620,no_feasible_candidate,,
VRPBLTW,621,no_feasible_candidate,,
VRPBLTW,622,no_feasible_candidate,,
VRPBLTW,623,no_feasible_candidate,,
VRPBLTW,624,no_feasible_candidate,,
VRPBLTW,625,no_feasible_candidate,,
VRPBLTW,626,no_feasible_candidate,,
VRPBLTW,627,no_feasible_candidate,,
VRPBLTW,628,no_feasible_candidate,,
VRPBLTW,629,no_feasible_candidate,,
VRPBLTW,630,no_feasible_candidate,,
VRPBLTW,631,no_feasible_candidate,,
VRPBLTW,632,no_feasible_candidate,,
VRPBLTW,633,no_feasible_candidate,,
VRPBLTW,634,no_feasible_candidate,,
VRPBLTW,635,no_feasible_candidate,,
VRPBLTW,636,no_feasible_candidate,,
VRPBLTW,637,no_feasible_candidate,,
VRPBLTW,638,no_feasible_candidate,,
VRPBLTW,639,no_feasible_candidate,,
VRPBLTW,640,no_feasible_candidate,,
VRPBLTW,641,no_feasible_candidate,,
VRPBLTW,642,no_feasible_candidate,,
VRPBLTW,643,no_feasible_candidate,,
VRPBLTW,644,no_feasible_candidate,,
VRPBLTW,645,no_feasible_candidate,,
VRPBLTW,646,no_feasible_candidate,,
VRPBLTW,647,no_feasible_candidate,,
VRPBLTW,648,no_feasible_candidate,,
VRPBLTW,649,no_feasible_candidate,,
VRPBLTW,650,no_feasible_candidate,,
VRPBLTW,651,no_feasible_candidate,,
VRPBLTW,652,no_feasible_candidate,,
VRPBLTW,653,no_feasible_candidate,,
VRPBLTW,654,no_feasible_candidate,,
VRPBLTW,655,no_feasible_candidate,,
VRPBLTW,656,no_feasible_candidate,,
VRPBLTW,657,no_feasible_candidate,,
VRPBLTW,658,no_feasible_candidate,,
VRPBLTW,659,no_feasible_candidate,,
VRPBLTW,660,no_feasible_candidate,,
VRPBLTW,661,no_feasible_candidate,,
VRPBLTW,662,no_feasible_candidate,,
VRPBLTW,663,no_feasible_candidate,,
VRPBLTW,664,no_feasible_candidate,,
VRPBLTW,665,no_feasible_candidate,,
VRPBLTW,666,no_feasible_candidate,,
VRPBLTW,667,no_feasible_candidate,,
VRPBLTW,668,no_feasible_candidate,,
VRPBLTW,669,no_feasible_candidate,,
VRPBLTW,670,no_feasible_candidate,,
VRPBLTW,671,no_feasible_candidate,,
VRPBLTW,672,no_feasible_candidate,,
VRPBLTW,673,no_feasible_candidate,,
VRPBLTW,674,no_feasible_candidate,,
VRPBLTW,675,no_feasible_candidate,,
VRPBLTW,676,no_feasible_candidate,,
VRPBLTW,677,no_feasible_candidate,,
VRPBLTW,678,no_feasible_candidate,,
VRPBLTW,679,no_feasible_candidate,,
VRPBLTW,680,no_feasible_candidate,,
VRPBLTW,681,no_feasible_candidate,,
VRPBLTW,682,no_feasible_candidate,,
VRPBLTW,683,no_feasible_candidate,,
VRPBLTW,684,no_feasible_candidate,,
VRPBLTW,685,no_feasible_candidate,,
VRPBLTW,686,no_feasible_candidate,,
VRPBLTW,687,no_feasible_candidate,,
VRPBLTW,688,no_feasible_candidate,,
VRPBLTW,689,no_feasible_candidate,,
VRPBLTW,690,no_feasible_candidate,,
VRPBLTW,691,no_feasible_candidate,,
VRPBLTW,692,no_feasible_candidate,,
VRPBLTW,693,no_feasible_candidate,,
VRPBLTW,694,no_feasible_candidate,,
VRPBLTW,695,no_feasible_candidate,,
VRPBLTW,696,no_feasible_candidate,,
VRPBLTW,697,no_feasible_candidate,,
VRPBLTW,698,no_feasible_candidate,,
VRPBLTW,699,no_feasible_candidate,,
VRPBLTW,700,no_feasible_candidate,,
VRPBLTW,701,no_feasible_candidate,,
VRPBLTW,702,no_feasible_candidate,,
VRPBLTW,703,no_feasible_candidate,,
VRPBLTW,704,no_feasible_candidate,,
VRPBLTW,705,no_feasible_candidate,,
VRPBLTW,706,no_feasible_candidate,,
VRPBLTW,707,no_feasible_candidate,,
VRPBLTW,708,no_feasible_candidate,,
VRPBLTW,709,ok,38.3105026937,30
VRPBLTW,710,no_feasible_candidate,,
VRPBLTW,711,no_feasible_candidate,,
VRPBLTW,712,no_feasible_candidate,,
VRPBLTW,713,no_feasible_candidate,,
VRPBLTW,714,no_feasible_candidate,,
VRPBLTW,715,no_feasible_candidate,,
VRPBLTW,716,no_feasible_candidate,,
VRPBLTW,717,no_feasible_candidate,,
VRPBLTW,718,no_feasible_candidate,,
VRPBLTW,719,no_feasible_candidate,,
VRPBLTW,720,no_feasible_candidate,,
VRPBLTW,721,no_feasible_candidate,,
VRPBLTW,722,no_feasible_candidate,,
VRPBLTW,723,no_feasible_candidate,,
VRPBLTW,724,no_feasible_candidate,,
VRPBLTW,725,no_feasible_candidate,,
VRPBLTW,726,no_feasible_candidate,,
VRPBLTW,727,no_feasible_candidate,,
VRPBLTW,728,no_feasible_candidate,,
VRPBLTW,729,no_feasible_candidate,,
VRPBLTW,730,no_feasible_candidate,,
VRPBLTW,731,no_feasible_candidate,,
VRPBLTW,732,no_feasible_candidate,,
VRPBLTW,733,no_feasible_candidate,,
VRPBLTW,734,no_feasible_candidate,,
VRPBLTW,735,no_feasible_candidate,,
VRPBLTW,736,no_feasible_candidate,,
VRPBLTW,737,no_feasible_candidate,,
VRPBLTW,738,no_feasible_candidate,,
VRPBLTW,739,no_feasible_candidate,,
VRPBLTW,740,no_feasible_candidate,,
VRPBLTW,741,no_feasible_candidate,,
VRPBLTW,742,no_feasible_candidate,,
VRPBLTW,743,no_feasible_candidate,,
VRPBLTW,744,no_feasible_candidate,,
VRPBLTW,745,no_feasible_candidate,,
VRPBLTW,746,no_feasible_candidate,,
VRPBLTW,747,no_feasible_candidate,,
VRPBLTW,748,no_feasible_candidate,,
VRPBLTW,749,no_feasible_candidate,,
VRPBLTW,750,no_feasible_candidate,,
VRPBLTW,751,no_feasible_candidate,,
VRPBLTW,752,no_feasible_candidate,,
VRPBLTW,753,no_feasible_candidate,,
VRPBLTW,754,no_feasible_candidate,,
VRPBLTW,755,no_feasible_candidate,,
VRPBLTW,756,no_feasible_candidate,,
VRPBLTW,757,no_feasible_candidate,,
VRPBLTW,758,no_feasible_candidate,,
VRPBLTW,759,no_feasible_candidate,,
VRPBLTW,760,no_feasible_candidate,,
VRPBLTW,761,no_feasible_candidate,,
VRPBLTW,762,no_feasible_candidate,,
VRPBLTW,763,no_feasible_candidate,,
VRPBLTW,764,no_feasible_candidate,,
VRPBLTW,765,no_feasible_candidate,,
VRPBLTW,766,no_feasible_candidate,,
VRPBLTW,767,no_feasible_candidate,,
VRPBLTW,768,no_feasible_candidate,,
VRPBLTW,769,no_feasible_candidate,,
VRPBLTW,770,no_feasible_candidate,,
VRPBLTW,771,no_feasible_candidate,,
VRPBLTW,772,no_feasible_candidate,,
VRPBLTW,773,no_feasible_candidate,,
VRPBLTW,774,no_feasible_candidate,,
VRPBLTW,775,no_feasible_candidate,,
VRPBLTW,776,no_feasible_candidate,,
VRPBLTW,777,no_feasible_candidate,,
VRPBLTW,778,no_feasible_candidate,,
VRPBLTW,779,no_feasible_candidate,,
VRPBLTW,780,no_feasible_candidate,,
VRPBLTW,781,no_feasible_candidate,,
VRPBLTW,782,no_feasible_candidate,,
VRPBLTW,783,no_feasible_candidate,,
VRPBLTW,784,no_feasible_candidate,,
VRPBLTW,785,no_feasible_candidate,,
VRPBLTW,786,no_feasible_candidate,,
VRPBLTW,787,no_feasible_candidate,,
VRPBLTW,788,no_feasible_candidate,,
VRPBLTW,789,no_feasible_candidate,,
VRPBLTW,790,no_feasible_candidate,,
VRPBLTW,791,no_feasible_candidate,,
VRPBLTW,792,no_feasible_candidate,,
VRPBLTW,793,no_feasible_candidate,,
VRPBLTW,794,no_feasible_candidate,,
VRPBLTW,795,no_feasible_candidate,,
VRPBLTW,796,no_feasible_candidate,,
VRPBLTW,797,no_feasible_candidate,,
VRPBLTW,798,no_feasible_candidate,,
VRPBLTW,799,no_feasible_candidate,,
VRPBLTW,800,no_feasible_candidate,,
VRPBLTW,801,no_feasible_candidate,,
VRPBLTW,802,no_feasible_candidate,,
VRPBLTW,803,no_feasible_candidate,,
VRPBLTW,804,no_feasible_candidate,,
VRPBLTW,805,no_feasible_candidate,,
VRPBLTW,806,no_feasible_candidate,,
VRPBLTW,807,no_feasible_candidate,,
VRPBLTW,808,no_feasible_candidate,,
VRPBLTW,809,no_feasible_candidate,,
VRPBLTW,810,no_feasible_candidate,,
VRPBLTW,811,no_feasible_candidate,,
VRPBLTW,812,no_feasible_candidate,,
VRPBLTW,813,no_feasible_candidate,,
VRPBLTW,814,no_feasible_candidate,,
VRPBLTW,815,no_feasible_candidate,,
VRPBLTW,816,no_feasible_candidate,,
VRPBLTW,817,no_feasible_candidate,,
VRPBLTW,818,no_feasible_candidate,,
VRPBLTW,819,no_feasible_candidate,,
VRPBLTW,820,no_feasible_candidate,,
VRPBLTW,821,no_feasible_candidate,,
VRPBLTW,822,no_feasible_candidate,,
VRPBLTW,823,no_feasible_candidate,,
VRPBLTW,824,no_feasible_candidate,,
VRPBLTW,825,no_feasible_candidate,,
VRPBLTW,826,no_feasible_candidate,,
VRPBLTW,827,no_feasible_candidate,,
VRPBLTW,828,no_feasible_candidate,,
VRPBLTW,829,no_feasible_candidate,,
VRPBLTW,830,no_feasible_candidate,,
VRPBLTW,831,no_feasible_candidate,,
VRPBLTW,832,no_feasible_candidate,,
VRPBLTW,833,no_feasible_candidate,,
VRPBLTW,834,no_feasible_candidate,,
VRPBLTW,835,no_feasible_candidate,,
VRPBLTW,836,no_feasible_candidate,,
VRPBLTW,837,no_feasible_candidate,,
VRPBLTW,838,no_feasible_candidate,,
VRPBLTW,839,no_feasible_candidate,,
VRPBLTW,840,no_feasible_candidate,,
VRPBLTW,841,no_feasible_candidate,,
VRPBLTW,842,no_feasible_candidate,,
VRPBLTW,843,no_feasible_candidate,,
VRPBLTW,844,no_feasible_candidate,,
VRPBLTW,845,no_feasible_candidate,,
VRPBLTW,846,no_feasible_candidate,,
VRPBLTW,847,no_feasible_candidate,,
VRPBLTW,848,no_feasible_candidate,,
VRPBLTW,849,no_feasible_candidate,,
VRPBLTW,850,no_feasible_candidate,,
VRPBLTW,851,no_feasible_candidate,,
VRPBLTW,852,no_feasible_candidate,,
VRPBLTW,853,no_feasible_candidate,,
VRPBLTW,854,no_feasible_candidate,,
VRPBLTW,855,no_feasible_candidate,,
VRPBLTW,856,no_feasible_candidate,,
VRPBLTW,857,no_feasible_candidate,,
VRPBLTW,858,no_feasible_candidate,,
VRPBLTW,859,no_feasible_candidate,,
VRPBLTW,860,no_feasible_candidate,,
VRPBLTW,861,no_feasible_candidate,,
VRPBLTW,862,no_feasible_candidate,,
VRPBLTW,863,no_feasible_candidate,,
VRPBLTW,864,no_feasible_candidate,,
VRPBLTW,865,no_feasible_candidate,,
VRPBLTW,866,no_feasible_candidate,,
VRPBLTW,867,ok,47.8861155037,35
VRPBLTW,868,no_feasible_candidate,,
VRPBLTW,869,no_feasible_candidate,,
VRPBLTW,870,no_feasible_candidate,,
VRPBLTW,871,no_feasible_candidate,,
VRPBLTW,872,no_feasible_candidate,,
VRPBLTW,873,no_feasible_candidate,,
VRPBLTW,874,no_feasible_candidate,,
VRPBLTW,875,no_feasible_candidate,,
VRPBLTW,876,no_feasible_candidate,,
VRPBLTW,877,no_feasible_candidate,,
VRPBLTW,878,no_feasible_candidate,,
VRPBLTW,879,no_feasible_candidate,,
VRPBLTW,880,no_feasible_candidate,,
VRPBLTW,881,no_feasible_candidate,,
VRPBLTW,882,no_feasible_candidate,,
VRPBLTW,883,no_feasible_candidate,,
VRPBLTW,884,no_feasible_candidate,,
VRPBLTW,885,no_feasible_candidate,,
VRPBLTW,886,no_feasible_candidate,,
VRPBLTW,887,no_feasible_candidate,,
VRPBLTW,888,no_feasible_candidate,,
VRPBLTW,889,no_feasible_candidate,,
VRPBLTW,890,no_feasible_candidate,,
VRPBLTW,891,no_feasible_candidate,,
VRPBLTW,892,no_feasible_candidate,,
VRPBLTW,893,no_feasible_candidate,,
VRPBLTW,894,no_feasible_candidate,,
VRPBLTW,895,no_feasible_candidate,,
VRPBLTW,896,no_feasible_candidate,,
VRPBLTW,897,no_feasible_candidate,,
VRPBLTW,898,no_feasible_candidate,,
VRPBLTW,899,no_feasible_candidate,,
VRPBLTW,900,no_feasible_candidate,,
VRPBLTW,901,no_feasible_candidate,,
VRPBLTW,902,no_feasible_candidate,,
VRPBLTW,903,no_feasible_candidate,,
VRPBLTW,904,no_feasible_candidate,,
VRPBLTW,905,no_feasible_candidate,,
VRPBLTW,906,no_feasible_candidate,,
VRPBLTW,907,no_feasible_candidate,,
VRPBLTW,908,no_feasible_candidate,,
VRPBLTW,909,no_feasible_candidate,,
VRPBLTW,910,no_feasible_candidate,,
VRPBLTW,911,no_feasible_candidate,,
VRPBLTW,912,no_feasible_candidate,,
VRPBLTW,913,no_feasible_candidate,,
VRPBLTW,914,no_feasible_candidate,,
VRPBLTW,915,no_feasible_candidate,,
VRPBLTW,916,no_feasible_candidate,,
VRPBLTW,917,no_feasible_candidate,,
VRPBLTW,918,no_feasible_candidate,,
VRPBLTW,919,no_feasible_candidate,,
VRPBLTW,920,no_feasible_candidate,,
VRPBLTW,921,no_feasible_candidate,,
VRPBLTW,922,no_feasible_candidate,,
VRPBLTW,923,no_feasible_candidate,,
VRPBLTW,924,no_feasible_candidate,,
VRPBLTW,925,no_feasible_candidate,,
VRPBLTW,926,no_feasible_candidate,,
VRPBLTW,927,no_feasible_candidate,,
VRPBLTW,928,no_feasible_candidate,,
VRPBLTW,929,no_feasible_candidate,,
VRPBLTW,930,no_feasible_candidate,,
VRPBLTW,931,no_feasible_candidate,,
VRPBLTW,932,no_feasible_candidate,,
VRPBLTW,933,no_feasible_candidate,,
VRPBLTW,934,no_feasible_candidate,,
VRPBLTW,935,no_feasible_candidate,,
VRPBLTW,936,no_feasible_candidate,,
VRPBLTW,937,no_feasible_candidate,,
VRPBLTW,938,no_feasible_candidate,,
VRPBLTW,939,no_feasible_candidate,,
VRPBLTW,940,no_feasible_candidate,,
VRPBLTW,941,no_feasible_candidate,,
VRPBLTW,942,no_feasible_candidate,,
VRPBLTW,943,no_feasible_candidate,,
VRPBLTW,944,no_feasible_candidate,,
VRPBLTW,945,no_feasible_candidate,,
VRPBLTW,946,no_feasible_candidate,,
VRPBLTW,947,no_feasible_candidate,,
VRPBLTW,948,no_feasible_candidate,,
VRPBLTW,949,no_feasible_candidate,,
VRPBLTW,950,no_feasible_candidate,,
VRPBLTW,951,no_feasible_candidate,,
VRPBLTW,952,no_feasible_candidate,,
VRPBLTW,953,no_feasible_candidate,,
VRPBLTW,954,no_feasible_candidate,,
VRPBLTW,955,no_feasible_candidate,,
VRPBLTW,956,no_feasible_candidate,,
VRPBLTW,957,no_feasible_candidate,,
VRPBLTW,958,no_feasible_candidate,,
VRPBLTW,959,no_feasible_candidate,,
VRPBLTW,960,no_feasible_candidate,,
VRPBLTW,961,no_feasible_candidate,,
VRPBLTW,962,no_feasible_candidate,,
VRPBLTW,963,no_feasible_candidate,,
VRPBLTW,964,no_feasible_candidate,,
VRPBLTW,965,no_feasible_candidate,,
VRPBLTW,966,no_feasible_candidate,,
VRPBLTW,967,no_feasible_candidate,,
VRPBLTW,968,no_feasible_candidate,,
VRPBLTW,969,no_feasible_candidate,,
VRPBLTW,970,no_feasible_candidate,,
VRPBLTW,971,no_feasible_candidate,,
VRPBLTW,972,no_feasible_candidate,,
VRPBLTW,973,no_feasible_candidate,,
VRPBLTW,974,no_feasible_candidate,,
VRPBLTW,975,no_feasible_candidate,,
VRPBLTW,976,no_feasible_candidate,,
VRPBLTW,977,no_feasible_candidate,,
VRPBLTW,978,no_feasible_candidate,,
VRPBLTW,979,no_feasible_candidate,,
VRPBLTW,980,no_feasible_candidate,,
VRPBLTW,981,no_feasible_candidate,,
VRPBLTW,982,no_feasible_candidate,,
VRPBLTW,983,no_feasible_candidate,,
VRPBLTW,984,no_feasible_candidate,,
VRPBLTW,985,no_feasible_candidate,,
VRPBLTW,986,no_feasible_candidate,,
VRPBLTW,987,no_feasible_candidate,,
VRPBLTW,988,no_feasible_candidate,,
VRPBLTW,989,no_feasible_candidate,,
VRPBLTW,990,no_feasible_candidate,,
VRPBLTW,991,no_feasible_candidate,,
VRPBLTW,992,no_feasible_candidate,,
VRPBLTW,993,no_feasible_candidate,,
VRPBLTW,994,no_feasible_candidate,,
VRPBLTW,995,no_feasible_candidate,,
VRPBLTW,996,no_feasible_candidate,,
VRPBLTW,997,no_feasible_candidate,,
VRPBLTW,998,no_feasible_candidate,,
VRPBLTW,999,no_feasible_candidate,,
OVRPBLTW,0,no_feasible_candidate,,
OVRPBLTW,1,no_feasible_candidate,,
OVRPBLTW,2,no_feasible_candidate,,
OVRPBLTW,3,no_feasible_candidate,,
OVRPBLTW,4,no_feasible_candidate,,
OVRPBLTW,5,no_feasible_candidate,,
OVRPBLTW,6,no_feasible_candidate,,
OVRPBLTW,7,no_feasible_candidate,,
OVRPBLTW,8,no_feasible_candidate,,
OVRPBLTW,9,no_feasible_candidate,,
OVRPBLTW,10,no_feasible_candidate,,
OVRPBLTW,11,no_feasible_candidate,,
OVRPBLTW,12,no_feasible_candidate,,
OVRPBLTW,13,no_feasible_candidate,,
OVRPBLTW,14,no_feasible_candidate,,
OVRPBLTW,15,no_feasible_candidate,,
OVRPBLTW,16,no_feasible_candidate,,
OVRPBLTW,17,no_feasible_candidate,,
OVRPBLTW,18,no_feasible_candidate,,
OVRPBLTW,19,no_feasible_candidate,,
OVRPBLTW,20,no_feasible_candidate,,
OVRPBLTW,21,no_feasible_candidate,,
OVRPBLTW,22,no_feasible_candidate,,
OVRPBLTW,23,no_feasible_candidate,,
OVRPBLTW,24,no_feasible_candidate,,
OVRPBLTW,25,no_feasible_candidate,,
OVRPBLTW,26,no_feasible_candidate,,
OVRPBLTW,27,no_feasible_candidate,,
OVRPBLTW,28,no_feasible_candidate,,
OVRPBLTW,29,no_feasible_candidate,,
OVRPBLTW,30,no_feasible_candidate,,
OVRPBLTW,31,no_feasible_candidate,,
OVRPBLTW,32,no_feasible_candidate,,
OVRPBLTW,33,no_feasible_candidate,,
OVRPBLTW,34,no_feasible_candidate,,
OVRPBLTW,35,no_feasible_candidate,,
OVRPBLTW,36,no_feasible_candidate,,
OVRPBLTW,37,no_feasible_candidate,,
OVRPBLTW,38,no_feasible_candidate,,
OVRPBLTW,39,no_feasible_candidate,,
OVRPBLTW,40,no_feasible_candidate,,
OVRPBLTW,41,no_feasible_candidate,,
OVRPBLTW,42,no_feasible_candidate,,
OVRPBLTW,43,no_feasible_candidate,,
OVRPBLTW,44,no_feasible_candidate,,
OVRPBLTW,45,no_feasible_candidate,,
OVRPBLTW,46,no_feasible_candidate,,
OVRPBLTW,47,no_feasible_candidate,,
OVRPBLTW,48,no_feasible_candidate,,
OVRPBLTW,49,no_feasible_candidate,,
OVRPBLTW,50,no_feasible_candidate,,
OVRPBLTW,51,no_feasible_candidate,,
OVRPBLTW,52,no_feasible_candidate,,
OVRPBLTW,53,no_feasible_candidate,,
OVRPBLTW,54,no_feasible_candidate,,
OVRPBLTW,55,no_feasible_candidate,,
OVRPBLTW,56,ok,22.5287673340,29
OVRPBLTW,57,no_feasible_candidate,,
OVRPBLTW,58,no_feasible_candidate,,
OVRPBLTW,59,no_feasible_candidate,,
OVRPBLTW,60,no_feasible_candidate,,
OVRPBLTW,61,no_feasible_candidate,,
OVRPBLTW,62,no_feasible_candidate,,
OVRPBLTW,63,no_feasible_candidate,,
OVRPBLTW,64,no_feasible_candidate,,
OVRPBLTW,65,no_feasible_candidate,,
OVRPBLTW,66,no_feasible_candidate,,
OVRPBLTW,67,no_feasible_candidate,,
OVRPBLTW,68,no_feasible_candidate,,
OVRPBLTW,69,no_feasible_candidate,,
OVRPBLTW,70,no_feasible_candidate,,
OVRPBLTW,71,no_feasible_candidate,,
OVRPBLTW,72,no_feasible_candidate,,
OVRPBLTW,73,no_feasible_candidate,,
OVRPBLTW,74,no_feasible_candidate,,
OVRPBLTW,75,no_feasible_candidate,,
OVRPBLTW,76,no_feasible_candidate,,
OVRPBLTW,77,no_feasible_candidate,,
OVRPBLTW,78,no_feasible_candidate,,
OVRPBLTW,79,no_feasible_candidate,,
OVRPBLTW,80,no_feasible_candidate,,
OVRPBLTW,81,no_feasible_candidate,,
OVRPBLTW,82,no_feasible_candidate,,
OVRPBLTW,83,no_feasible_candidate,,
OVRPBLTW,84,no_feasible_candidate,,
OVRPBLTW,85,no_feasible_candidate,,
OVRPBLTW,86,no_feasible_candidate,,
OVRPBLTW,87,no_feasible_candidate,,
OVRPBLTW,88,no_feasible_candidate,,
OVRPBLTW,89,no_feasible_candidate,,
OVRPBLTW,90,no_feasible_candidate,,
OVRPBLTW,91,no_feasible_candidate,,
OVRPBLTW,92,no_feasible_candidate,,
OVRPBLTW,93,no_feasible_candidate,,
OVRPBLTW,94,no_feasible_candidate,,
OVRPBLTW,95,no_feasible_candidate,,
OVRPBLTW,96,no_feasible_candidate,,
OVRPBLTW,97,no_feasible_candidate,,
OVRPBLTW,98,no_feasible_candidate,,
OVRPBLTW,99,no_feasible_candidate,,
OVRPBLTW,100,no_feasible_candidate,,
OVRPBLTW,101,no_feasible_candidate,,
OVRPBLTW,102,no_feasible_candidate,,
OVRPBLTW,103,no_feasible_candidate,,
OVRPBLTW,104,no_feasible_candidate,,
OVRPBLTW,105,no_feasible_candidate,,
OVRPBLTW,106,no_feasible_candidate,,
OVRPBLTW,107,no_feasible_candidate,,
OVRPBLTW,108,no_feasible_candidate,,
OVRPBLTW,109,no_feasible_candidate,,
OVRPBLTW,110,no_feasible_candidate,,
OVRPBLTW,111,no_feasible_candidate,,
OVRPBLTW,112,no_feasible_candidate,,
OVRPBLTW,113,no_feasible_candidate,,
OVRPBLTW,114,no_feasible_candidate,,
OVRPBLTW,115,no_feasible_candidate,,
OVRPBLTW,116,no_feasible_candidate,,
OVRPBLTW,117,no_feasible_candidate,,
OVRPBLTW,118,no_feasible_candidate,,
OVRPBLTW,119,no_feasible_candidate,,
OVRPBLTW,120,no_feasible_candidate,,
OVRPBLTW,121,no_feasible_candidate,,
OVRPBLTW,122,no_feasible_candidate,,
OVRPBLTW,123,no_feasible_candidate,,
OVRPBLTW,124,no_feasible_candidate,,
OVRPBLTW,125,no_feasible_candidate,,
OVRPBLTW,126,no_feasible_candidate,,
OVRPBLTW,127,no_feasible_candidate,,
OVRPBLTW,128,no_feasible_candidate,,
OVRPBLTW,129,no_feasible_candidate,,
OVRPBLTW,130,no_feasible_candidate,,
OVRPBLTW,131,no_feasible_candidate,,
OVRPBLTW,132,no_feasible_candidate,,
OVRPBLTW,133,no_feasible_candidate,,
OVRPBLTW,134,no_feasible_candidate,,
OVRPBLTW,135,no_feasible_candidate,,
OVRPBLTW,136,no_feasible_candidate,,
OVRPBLTW,137,no_feasible_candidate,,
OVRPBLTW,138,no_feasible_candidate,,
OVRPBLTW,139,no_feasible_candidate,,
OVRPBLTW,140,no_feasible_candidate,,
OVRPBLTW,141,no_feasible_candidate,,
OVRPBLTW,142,no_feasible_candidate,,
OVRPBLTW,143,ok,25.5457757173,29
OVRPBLTW,144,no_feasible_candidate,,
OVRPBLTW,145,no_feasible_candidate,,
OVRPBLTW,146,no_feasible_candidate,,
OVRPBLTW,147,no_feasible_candidate,,
OVRPBLTW,148,no_feasible_candidate,,
OVRPBLTW,149,no_feasible_candidate,,
OVRPBLTW,150,no_feasible_candidate,,
OVRPBLTW,151,no_feasible_candidate,,
OVRPBLTW,152,no_feasible_candidate,,
OVRPBLTW,153,no_feasible_candidate,,
OVRPBLTW,154,no_feasible_candidate,,
OVRPBLTW,155,no_feasible_candidate,,
OVRPBLTW,156,no_feasible_candidate,,
OVRPBLTW,157,no_feasible_candidate,,
OVRPBLTW,158,no_feasible_candidate,,
OVRPBLTW,159,no_feasible_candidate,,
OVRPBLTW,160,no_feasible_candidate,,
OVRPBLTW,161,no_feasible_candidate,,
OVRPBLTW,162,no_feasible_candidate,,
OVRPBLTW,163,no_feasible_candidate,,
OVRPBLTW,164,no_feasible_candidate,,
OVRPBLTW,165,no_feasible_candidate,,
OVRPBLTW,166,no_feasible_candidate,,
OVRPBLTW,167,no_feasible_candidate,,
OVRPBLTW,168,no_feasible_candidate,,
OVRPBLTW,169,no_feasible_candidate,,
OVRPBLTW,170,no_feasible_candidate,,
OVRPBLTW,171,no_feasible_candidate,,
OVRPBLTW,172,no_feasible_candidate,,
OVRPBLTW,173,no_feasible_candidate,,
OVRPBLTW,174,no_feasible_candidate,,
OVRPBLTW,175,no_feasible_candidate,,
OVRPBLTW,176,no_feasible_candidate,,
OVRPBLTW,177,no_feasible_candidate,,
OVRPBLTW,178,no_feasible_candidate,,
OVRPBLTW,179,no_feasible_candidate,,
OVRPBLTW,180,no_feasible_candidate,,
OVRPBLTW,181,no_feasible_candidate,,
OVRPBLTW,182,no_feasible_candidate,,
OVRPBLTW,183,no_feasible_candidate,,
OVRPBLTW,184,no_feasible_candidate,,
OVRPBLTW,185,no_feasible_candidate,,
OVRPBLTW,186,no_feasible_candidate,,
OVRPBLTW,187,no_feasible_candidate,,
OVRPBLTW,188,no_feasible_candidate,,
OVRPBLTW,189,no_feasible_candidate,,
OVRPBLTW,190,no_feasible_candidate,,
OVRPBLTW,191,no_feasible_candidate,,
OVRPBLTW,192,no_feasible_candidate,,
OVRPBLTW,193,no_feasible_candidate,,
OVRPBLTW,194,ok,23.0831110440,29
OVRPBLTW,195,no_feasible_candidate,,
OVRPBLTW,196,no_feasible_candidate,,
OVRPBLTW,197,no_feasible_candidate,,
OVRPBLTW,198,no_feasible_candidate,,
OVRPBLTW,199,no_feasible_candidate,,
OVRPBLTW,200,no_feasible_candidate,,
OVRPBLTW,201,no_feasible_candidate,,
OVRPBLTW,202,no_feasible_candidate,,
OVRPBLTW,203,no_feasible_candidate,,
OVRPBLTW,204,no_feasible_candidate,,
OVRPBLTW,205,no_feasible_candidate,,
OVRPBLTW,206,no_feasible_candidate,,
OVRPBLTW,207,no_feasible_candidate,,
OVRPBLTW,208,no_feasible_candidate,,
OVRPBLTW,209,no_feasible_candidate,,
OVRPBLTW,210,no_feasible_candidate,,
OVRPBLTW,211,no_feasible_candidate,,
OVRPBLTW,212,no_feasible_candidate,,
OVRPBLTW,213,no_feasible_candidate,,
OVRPBLTW,214,no_feasible_candidate,,
OVRPBLTW,215,no_feasible_candidate,,
OVRPBLTW,216,no_feasible_candidate,,
OVRPBLTW,217,no_feasible_candidate,,
OVRPBLTW,218,no_feasible_candidate,,
OVRPBLTW,219,no_feasible_candidate,,
OVRPBLTW,220,no_feasible_candidate,,
OVRPBLTW,221,no_feasible_candidate,,
OVRPBLTW,222,no_feasible_candidate,,
OVRPBLTW,223,no_feasible_candidate,,
OVRPBLTW,224,no_feasible_candidate,,
OVRPBLTW,225,no_feasible_candidate,,
OVRPBLTW,226,no_feasible_candidate,,
OVRPBLTW,227,no_feasible_candidate,,
OVRPBLTW,228,no_feasible_candidate,,
OVRPBLTW,229,no_feasible_candidate,,
OVRPBLTW,230,no_feasible_candidate,,
OVRPBLTW,231,no_feasible_candidate,,
OVRPBLTW,232,no_feasible_candidate,,
OVRPBLTW,233,no_feasible_candidate,,
OVRPBLTW,234,no_feasible_candidate,,
OVRPBLTW,235,no_feasible_candidate,,
OVRPBLTW,236,no_feasible_candidate,,
OVRPBLTW,237,no_feasible_candidate,,
OVRPBLTW,238,no_feasible_candidate,,
OVRPBLTW,239,no_feasible_candidate,,
OVRPBLTW,240,no_feasible_candidate,,
OVRPBLTW,241,no_feasible_candidate,,
OVRPBLTW,242,no_feasible_candidate,,
OVRPBLTW,243,no_feasible_candidate,,
OVRPBLTW,244,no_feasible_candidate,,
OVRPBLTW,245,no_feasible_candidate,,
OVRPBLTW,246,no_feasible_candidate,,
OVRPBLTW,247,no_feasible_candidate,,
OVRPBLTW,248,no_feasible_candidate,,
OVRPBLTW,249,no_feasible_candidate,,
OVRPBLTW,250,no_feasible_candidate,,
OVRPBLTW,251,no_feasible_candidate,,
OVRPBLTW,252,no_feasible_candidate,,
OVRPBLTW,253,no_feasible_candidate,,
OVRPBLTW,254,no_feasible_candidate,,
OVRPBLTW,255,no_feasible_candidate,,
OVRPBLTW,256,no_feasible_candidate,,
OVRPBLTW,257,no_feasible_candidate,,
OVRPBLTW,258,no_feasible_candidate,,
OVRPBLTW,259,ok,21.2570908951,29
OVRPBLTW,260,no_feasible_candidate,,
OVRPBLTW,261,no_feasible_candidate,,
OVRPBLTW,262,no_feasible_candidate,,
OVRPBLTW,263,no_feasible_candidate,,
OVRPBLTW,264,no_feasible_candidate,,
OVRPBLTW,265,no_feasible_candidate,,
OVRPBLTW,266,no_feasible_candidate,,
OVRPBLTW,267,no_feasible_candidate,,
OVRPBLTW,268,no_feasible_candidate,,
OVRPBLTW,269,no_feasible_candidate,,
OVRPBLTW,270,no_feasible_candidate,,
OVRPBLTW,271,no_feasible_candidate,,
OVRPBLTW,272,no_feasible_candidate,,
OVRPBLTW,273,no_feasible_candidate,,
OVRPBLTW,274,no_feasible_candidate,,
OVRPBLTW,275,no_feasible_candidate,,
OVRPBLTW,276,no_feasible_candidate,,
OVRPBLTW,277,no_feasible_candidate,,
OVRPBLTW,278,no_feasible_candidate,,
OVRPBLTW,279,no_feasible_candidate,,
OVRPBLTW,280,no_feasible_candidate,,
OVRPBLTW,281,no_feasible_candidate,,
OVRPBLTW,282,no_feasible_candidate,,
OVRPBLTW,283,no_feasible_candidate,,
OVRPBLTW,284,no_feasible_candidate,,
OVRPBLTW,285,no_feasible_candidate,,
OVRPBLTW,286,no_feasible_candidate,,
OVRPBLTW,287,no_feasible_candidate,,
OVRPBLTW,288,no_feasible_candidate,,
OVRPBLTW,289,no_feasible_candidate,,
OVRPBLTW,290,no_feasible_candidate,,
OVRPBLTW,291,no_feasible_candidate,,
OVRPBLTW,292,no_feasible_candidate,,
OVRPBLTW,293,no_feasible_candidate,,
OVRPBLTW,294,no_feasible_candidate,,
OVRPBLTW,295,no_feasible_candidate,,
OVRPBLTW,296,no_feasible_candidate,,
OVRPBLTW,297,no_feasible_candidate,,
OVRPBLTW,298,no_feasible_candidate,,
OVRPBLTW,299,no_feasible_candidate,,
OVRPBLTW,300,no_feasible_candidate,,
OVRPBLTW,301,no_feasible_candidate,,
OVRPBLTW,302,no_feasible_candidate,,
OVRPBLTW,303,no_feasible_candidate,,
OVRPBLTW,304,no_feasible_candidate,,
OVRPBLTW,305,no_feasible_candidate,,
OVRPBLTW,306,no_feasible_candidate,,
OVRPBLTW,307,no_feasible_candidate,,
OVRPBLTW,308,no_feasible_candidate,,
OVRPBLTW,309,no_feasible_candidate,,
OVRPBLTW,310,no_feasible_candidate,,
OVRPBLTW,311,no_feasible_candidate,,
OVRPBLTW,312,no_feasible_candidate,,
OVRPBLTW,313,no_feasible_candidate,,
OVRPBLTW,314,no_feasible_candidate,,
OVRPBLTW,315,no_feasible_candidate,,
OVRPBLTW,316,no_feasible_candidate,,
OVRPBLTW,317,no_feasible_candidate,,
OVRPBLTW,318,no_feasible_candidate,,
OVRPBLTW,319,no_feasible_candidate,,
OVRPBLTW,320,ok,21.7433881279,32
OVRPBLTW,321,no_feasible_candidate,,
OVRPBLTW,322,no_feasible_candidate,,
OVRPBLTW,323,no_feasible_candidate,,
OVRPBLTW,324,no_feasible_candidate,,
OVRPBLTW,325,no_feasible_candidate,,
OVRPBLTW,326,no_feasible_candidate,,
OVRPBLTW,327,no_feasible_candidate,,
OVRPBLTW,328,no_feasible_candidate,,
OVRPBLTW,329,no_feasible_candidate,,
OVRPBLTW,330,no_feasible_candidate,,
OVRPBLTW,331,no_feasible_candidate,,
OVRPBLTW,332,no_feasible_candidate,,
OVRPBLTW,333,no_feasible_candidate,,
OVRPBLTW,334,no_feasible_candidate,,
OVRPBLTW,335,no_feasible_candidate,,
OVRPBLTW,336,no_feasible_candidate,,
OVRPBLTW,337,no_feasible_candidate,,
OVRPBLTW,338,no_feasible_candidate,,
OVRPBLTW,339,no_feasible_candidate,,
OVRPBLTW,340,no_feasible_candidate,,
OVRPBLTW,341,no_feasible_candidate,,
OVRPBLTW,342,no_feasible_candidate,,
OVRPBLTW,343,no_feasible_candidate,,
OVRPBLTW,344,no_feasible_candidate,,
OVRPBLTW,345,no_feasible_candidate,,
OVRPBLTW,346,no_feasible_candidate,,
OVRPBLTW,347,no_feasible_candidate,,
OVRPBLTW,348,no_feasible_candidate,,
OVRPBLTW,349,no_feasible_candidate,,
OVRPBLTW,350,no_feasible_candidate,,
OVRPBLTW,351,no_feasible_candidate,,
OVRPBLTW,352,no_feasible_candidate,,
OVRPBLTW,353,no_feasible_candidate,,
OVRPBLTW,354,no_feasible_candidate,,
OVRPBLTW,355,no_feasible_candidate,,
OVRPBLTW,356,no_feasible_candidate,,
OVRPBLTW,357,no_feasible_candidate,,
OVRPBLTW,358,no_feasible_candidate,,
OVRPBLTW,359,no_feasible_candidate,,
OVRPBLTW,360,no_feasible_candidate,,
OVRPBLTW,361,no_feasible_candidate,,
OVRPBLTW,362,no_feasible_candidate,,
OVRPBLTW,363,no_feasible_candidate,,
OVRPBLTW,364,no_feasible_candidate,,
OVRPBLTW,365,no_feasible_candidate,,
OVRPBLTW,366,no_feasible_candidate,,
OVRPBLTW,367,no_feasible_candidate,,
OVRPBLTW,368,no_feasible_candidate,,
OVRPBLTW,369,no_feasible_candidate,,
OVRPBLTW,370,no_feasible_candidate,,
OVRPBLTW,371,no_feasible_candidate,,
OVRPBLTW,372,no_feasible_candidate,,
OVRPBLTW,373,no_feasible_candidate,,
OVRPBLTW,374,no_feasible_candidate,,
OVRPBLTW,375,no_feasible_candidate,,
OVRPBLTW,376,no_feasible_candidate,,
OVRPBLTW,377,no_feasible_candidate,,
OVRPBLTW,378,no_feasible_candidate,,
OVRPBLTW,379,no_feasible_candidate,,
OVRPBLTW,380,no_feasible_candidate,,
OVRPBLTW,381,no_feasible_candidate,,
OVRPBLTW,382,no_feasible_candidate,,
OVRPBLTW,383,no_feasible_candidate,,
OVRPBLTW,384,no_feasible_candidate,,
OVRPBLTW,385,no_feasible_candidate,,
OVRPBLTW,386,no_feasible_candidate,,
OVRPBLTW,387,no_feasible_candidate,,
OVRPBLTW,388,no_feasible_candidate,,
OVRPBLTW,389,no_feasible_candidate,,
OVRPBLTW,390,no_feasible_candidate,,
OVRPBLTW,391,no_feasible_candidate,,
OVRPBLTW,392,no_feasible_candidate,,
OVRPBLTW,393,no_feasible_candidate,,
OVRPBLTW,394,no_feasible_candidate,,
OVRPBLTW,395,no_feasible_candidate,,
OVRPBLTW,396,no_feasible_candidate,,
OVRPBLTW,397,no_feasible_candidate,,
OVRPBLTW,398,no_feasible_candidate,,
OVRPBLTW,399,no_feasible_candidate,,
OVRPBLTW,400,no_feasible_candidate,,
OVRPBLTW,401,no_feasible_candidate,,
OVRPBLTW,402,no_feasible_candidate,,
OVRPBLTW,403,no_feasible_candidate,,
OVRPBLTW,404,no_feasible_candidate,,
OVRPBLTW,405,no_feasible_candidate,,
OVRPBLTW,406,no_feasible_candidate,,
OVRPBLTW,407,no_feasible_candidate,,
OVRPBLTW,408,no_feasible_candidate,,
OVRPBLTW,409,no_feasible_candidate,,
OVRPBLTW,410,no_feasible_candidate,,
OVRPBLTW,411,no_feasible_candidate,,
OVRPBLTW,412,no_feasible_candidate,,
OVRPBLTW,413,no_feasible_candidate,,
OVRPBLTW,414,no_feasible_candidate,,
OVRPBLTW,415,no_feasible_candidate,,
OVRPBLTW,416,no_feasible_candidate,,
OVRPBLTW,417,no_feasible_candidate,,
OVRPBLTW,418,no_feasible_candidate,,
OVRPBLTW,419,no_feasible_candidate,,
OVRPBLTW,420,no_feasible_candidate,,
OVRPBLTW,421,no_feasible_candidate,,
OVRPBLTW,422,no_feasible_candidate,,
OVRPBLTW,423,no_feasible_candidate,,
OVRPBLTW,424,no_feasible_candidate,,
OVRPBLTW,425,no_feasible_candidate,,
OVRPBLTW,426,no_feasible_candidate,,
OVRPBLTW,427,no_feasible_candidate,,
OVRPBLTW,428,no_feasible_candidate,,
OVRPBLTW,429,no_feasible_candidate,,
OVRPBLTW,430,no_feasible_candidate,,
OVRPBLTW,431,no_feasible_candidate,,
OVRPBLTW,432,no_feasible_candidate,,
OVRPBLTW,433,no_feasible_candidate,,
OVRPBLTW,434,no_feasible_candidate,,
OVRPBLTW,435,no_feasible_candidate,,
OVRPBLTW,436,no_feasible_candidate,,
OVRPBLTW,437,no_feasible_candidate,,
OVRPBLTW,438,no_feasible_candidate,,
OVRPBLTW,439,no_feasible_candidate,,
OVRPBLTW,440,no_feasible_candidate,,
OVRPBLTW,441,no_feasible_candidate,,
OVRPBLTW,442,no_feasible_candidate,,
OVRPBLTW,443,no_feasible_candidate,,
OVRPBLTW,444,no_feasible_candidate,,
OVRPBLTW,445,no_feasible_candidate,,
OVRPBLTW,446,no_feasible_candidate,,
OVRPBLTW,447,no_feasible_candidate,,
OVRPBLTW,448,no_feasible_candidate,,
OVRPBLTW,449,no_feasible_candidate,,
OVRPBLTW,450,no_feasible_candidate,,
OVRPBLTW,451,no_feasible_candidate,,
OVRPBLTW,452,no_feasible_candidate,,
OVRPBLTW,453,no_feasible_candidate,,
OVRPBLTW,454,no_feasible_candidate,,
OVRPBLTW,455,no_feasible_candidate,,
OVRPBLTW,456,no_feasible_candidate,,
OVRPBLTW,457,no_feasible_candidate,,
OVRPBLTW,458,no_feasible_candidate,,
OVRPBLTW,459,no_feasible_candidate,,
OVRPBLTW,460,no_feasible_candidate,,
OVRPBLTW,461,no_feasible_candidate,,
OVRPBLTW,462,no_feasible_candidate,,
OVRPBLTW,463,no_feasible_candidate,,
OVRPBLTW,464,no_feasible_candidate,,
OVRPBLTW,465,no_feasible_candidate,,
OVRPBLTW,466,no_feasible_candidate,,
OVRPBLTW,467,no_feasible_candidate,,
OVRPBLTW,468,no_feasible_candidate,,
OVRPBLTW,469,no_feasible_candidate,,
OVRPBLTW,470,no_feasible_candidate,,
OVRPBLTW,471,no_feasible_candidate,,
OVRPBLTW,472,no_feasible_candidate,,
OVRPBLTW,473,ok,21.8640604007,33
OVRPBLTW,474,no_feasible_candidate,,
OVRPBLTW,475,no_feasible_candidate,,
OVRPBLTW,476,no_feasible_candidate,,
OVRPBLTW,477,no_feasible_candidate,,
OVRPBLTW,478,no_feasible_candidate,,
OVRPBLTW,479,no_feasible_candidate,,
OVRPBLTW,480,no_feasible_candidate,,
OVRPBLTW,481,no_feasible_candidate,,
OVRPBLTW,482,no_feasible_candidate,,
OVRPBLTW,483,no_feasible_candidate,,
OVRPBLTW,484,no_feasible_candidate,,
OVRPBLTW,485,no_feasible_candidate,,
OVRPBLTW,486,no_feasible_candidate,,
OVRPBLTW,487,no_feasible_candidate,,
OVRPBLTW,488,no_feasible_candidate,,
OVRPBLTW,489,no_feasible_candidate,,
OVRPBLTW,490,no_feasible_candidate,,
OVRPBLTW,491,no_feasible_candidate,,
OVRPBLTW,492,no_feasible_candidate,,
OVRPBLTW,493,no_feasible_candidate,,
OVRPBLTW,494,no_feasible_candidate,,
OVRPBLTW,495,no_feasible_candidate,,
OVRPBLTW,496,no_feasible_candidate,,
OVRPBLTW,497,no_feasible_candidate,,
OVRPBLTW,498,no_feasible_candidate,,
OVRPBLTW,499,no_feasible_candidate,,
OVRPBLTW,500,no_feasible_candidate,,
OVRPBLTW,501,no_feasible_candidate,,
OVRPBLTW,502,no_feasible_candidate,,
OVRPBLTW,503,no_feasible_candidate,,
OVRPBLTW,504,no_feasible_candidate,,
OVRPBLTW,505,no_feasible_candidate,,
OVRPBLTW,506,no_feasible_candidate,,
OVRPBLTW,507,no_feasible_candidate,,
OVRPBLTW,508,no_feasible_candidate,,
OVRPBLTW,509,no_feasible_candidate,,
OVRPBLTW,510,no_feasible_candidate,,
OVRPBLTW,511,no_feasible_candidate,,
OVRPBLTW,512,no_feasible_candidate,,
OVRPBLTW,513,no_feasible_candidate,,
OVRPBLTW,514,no_feasible_candidate,,
OVRPBLTW,515,no_feasible_candidate,,
OVRPBLTW,516,no_feasible_candidate,,
OVRPBLTW,517,no_feasible_candidate,,
OVRPBLTW,518,no_feasible_candidate,,
OVRPBLTW,519,no_feasible_candidate,,
OVRPBLTW,520,no_feasible_candidate,,
OVRPBLTW,521,no_feasible_candidate,,
OVRPBLTW,522,no_feasible_candidate,,
OVRPBLTW,523,no_feasible_candidate,,
OVRPBLTW,524,no_feasible_candidate,,
OVRPBLTW,525,no_feasible_candidate,,
OVRPBLTW,526,no_feasible_candidate,,
OVRPBLTW,527,no_feasible_candidate,,
OVRPBLTW,528,no_feasible_candidate,,
OVRPBLTW,529,no_feasible_candidate,,
OVRPBLTW,530,no_feasible_candidate,,
OVRPBLTW,531,no_feasible_candidate,,
OVRPBLTW,532,no_feasible_candidate,,
OVRPBLTW,533,no_feasible_candidate,,
OVRPBLTW,534,no_feasible_candidate,,
OVRPBLTW,535,no_feasible_candidate,,
OVRPBLTW,536,no_feasible_candidate,,
OVRPBLTW,537,no_feasible_candidate,,
OVRPBLTW,538,no_feasible_candidate,,
OVRPBLTW,539,no_feasible_candidate,,
OVRPBLTW,540,no_feasible_candidate,,
OVRPBLTW,541,no_feasible_candidate,,
OVRPBLTW,542,no_feasible_candidate,,
OVRPBLTW,543,no_feasible_candidate,,
OVRPBLTW,544,no_feasible_candidate,,
OVRPBLTW,545,no_feasible_candidate,,
OVRPBLTW,546,no_feasible_candidate,,
OVRPBLTW,547,no_feasible_candidate,,
OVRPBLTW,548,no_feasible_candidate,,
OVRPBLTW,549,no_feasible_candidate,,
OVRPBLTW,550,no_feasible_candidate,,
OVRPBLTW,551,no_feasible_candidate,,
OVRPBLTW,552,no_feasible_candidate,,
OVRPBLTW,553,no_feasible_candidate,,
OVRPBLTW,554,no_feasible_candidate,,
OVRPBLTW,555,no_feasible_candidate,,
OVRPBLTW,556,no_feasible_candidate,,
OVRPBLTW,557,no_feasible_candidate,,
OVRPBLTW,558,no_feasible_candidate,,
OVRPBLTW,559,no_feasible_candidate,,
OVRPBLTW,560,no_feasible_candidate,,
OVRPBLTW,561,no_feasible_candidate,,
OVRPBLTW,562,no_feasible_candidate,,
OVRPBLTW,563,no_feasible_candidate,,
OVRPBLTW,564,no_feasible_candidate,,
OVRPBLTW,565,no_feasible_candidate,,
OVRPBLTW,566,no_feasible_candidate,,
OVRPBLTW,567,no_feasible_candidate,,
OVRPBLTW,568,no_feasible_candidate,,
OVRPBLTW,569,no_feasible_candidate,,
OVRPBLTW,570,no_feasible_candidate,,
OVRPBLTW,571,no_feasible_candidate,,
OVRPBLTW,572,no_feasible_candidate,,
OVRPBLTW,573,ok,22.5782412498,33
OVRPBLTW,574,no_feasible_candidate,,
OVRPBLTW,575,no_feasible_candidate,,
OVRPBLTW,576,no_feasible_candidate,,
OVRPBLTW,577,no_feasible_candidate,,
OVRPBLTW,578,no_feasible_candidate,,
OVRPBLTW,579,no_feasible_candidate,,
OVRPBLTW,580,no_feasible_candidate,,
OVRPBLTW,581,no_feasible_candidate,,
OVRPBLTW,582,no_feasible_candidate,,
OVRPBLTW,583,no_feasible_candidate,,
OVRPBLTW,584,no_feasible_candidate,,
OVRPBLTW,585,no_feasible_candidate,,
OVRPBLTW,586,no_feasible_candidate,,
OVRPBLTW,587,no_feasible_candidate,,
OVRPBLTW,588,no_feasible_candidate,,
OVRPBLTW,589,no_feasible_candidate,,
OVRPBLTW,590,no_feasible_candidate,,
OVRPBLTW,591,no_feasible_candidate,,
OVRPBLTW,592,no_feasible_candidate,,
OVRPBLTW,593,no_feasible_candidate,,
OVRPBLTW,594,no_feasible_candidate,,
OVRPBLTW,595,no_feasible_candidate,,
OVRPBLTW,596,no_feasible_candidate,,
OVRPBLTW,597,no_feasible_candidate,,
OVRPBLTW,598,no_feasible_candidate,,
OVRPBLTW,599,no_feasible_candidate,,
OVRPBLTW,600,no_feasible_candidate,,
OVRPBLTW,601,no_feasible_candidate,,
OVRPBLTW,602,no_feasible_candidate,,
OVRPBLTW,603,no_feasible_candidate,,
OVRPBLTW,604,no_feasible_candidate,,
OVRPBLTW,605,no_feasible_candidate,,
OVRPBLTW,606,no_feasible_candidate,,
OVRPBLTW,607,no_feasible_candidate,,
OVRPBLTW,608,no_feasible_candidate,,
OVRPBLTW,609,no_feasible_candidate,,
OVRPBLTW,610,no_feasible_candidate,,
OVRPBLTW,611,no_feasible_candidate,,
OVRPBLTW,612,no_feasible_candidate,,
OVRPBLTW,613,no_feasible_candidate,,
OVRPBLTW,614,no_feasible_candidate,,
OVRPBLTW,615,no_feasible_candidate,,
OVRPBLTW,616,no_feasible_candidate,,
OVRPBLTW,617,no_feasible_candidate,,
OVRPBLTW,618,no_feasible_candidate,,
OVRPBLTW,619,no_feasible_candidate,,
OVRPBLTW,620,no_feasible_candidate,,
OVRPBLTW,621,no_feasible_candidate,,
OVRPBLTW,622,no_feasible_candidate,,
OVRPBLTW,623,ok,20.3244164815,30
OVRPBLTW,624,no_feasible_candidate,,
OVRPBLTW,625,no_feasible_candidate,,
OVRPBLTW,626,no_feasible_candidate,,
OVRPBLTW,627,no_feasible_candidate,,
OVRPBLTW,628,no_feasible_candidate,,
OVRPBLTW,629,no_feasible_candidate,,
OVRPBLTW,630,no_feasible_candidate,,
OVRPBLTW,631,no_feasible_candidate,,
OVRPBLTW,632,no_feasible_candidate,,
OVRPBLTW,633,no_feasible_candidate,,
OVRPBLTW,634,no_feasible_candidate,,
OVRPBLTW,635,no_feasible_candidate,,
OVRPBLTW,636,no_feasible_candidate,,
OVRPBLTW,637,no_feasible_candidate,,
OVRPBLTW,638,no_feasible_candidate,,
OVRPBLTW,639,no_feasible_candidate,,
OVRPBLTW,640,no_feasible_candidate,,
OVRPBLTW,641,no_feasible_candidate,,
OVRPBLTW,642,no_feasible_candidate,,
OVRPBLTW,643,no_feasible_candidate,,
OVRPBLTW,644,no_feasible_candidate,,
OVRPBLTW,645,no_feasible_candidate,,
OVRPBLTW,646,no_feasible_candidate,,
OVRPBLTW,647,no_feasible_candidate,,
OVRPBLTW,648,no_feasible_candidate,,
OVRPBLTW,649,no_feasible_candidate,,
OVRPBLTW,650,no_feasible_candidate,,
OVRPBLTW,651,no_feasible_candidate,,
OVRPBLTW,652,no_feasible_candidate,,
OVRPBLTW,653,no_feasible_candidate,,
OVRPBLTW,654,no_feasible_candidate,,
OVRPBLTW,655,no_feasible_candidate,,
OVRPBLTW,656,no_feasible_candidate,,
OVRPBLTW,657,no_feasible_candidate,,
OVRPBLTW,658,no_feasible_candidate,,
OVRPBLTW,659,no_feasible_candidate,,
OVRPBLTW,660,no_feasible_candidate,,
OVRPBLTW,661,no_feasible_candidate,,
OVRPBLTW,662,no_feasible_candidate,,
OVRPBLTW,663,no_feasible_candidate,,
OVRPBLTW,664,no_feasible_candidate,,
OVRPBLTW,665,no_feasible_candidate,,
OVRPBLTW,666,no_feasible_candidate,,
OVRPBLTW,667,no_feasible_candidate,,
OVRPBLTW,668,no_feasible_candidate,,
OVRPBLTW,669,no_feasible_candidate,,
OVRPBLTW,670,no_feasible_candidate,,
OVRPBLTW,671,no_feasible_candidate,,
OVRPBLTW,672,no_feasible_candidate,,
OVRPBLTW,673,no_feasible_candidate,,
OVRPBLTW,674,no_feasible_candidate,,
OVRPBLTW,675,no_feasible_candidate,,
OVRPBLTW,676,no_feasible_candidate,,
OVRPBLTW,677,no_feasible_candidate,,
OVRPBLTW,678,no_feasible_candidate,,
OVRPBLTW,679,no_feasible_candidate,,
OVRPBLTW,680,no_feasible_candidate,,
OVRPBLTW,681,no_feasible_candidate,,
OVRPBLTW,682,no_feasible_candidate,,
OVRPBLTW,683,no_feasible_candidate,,
OVRPBLTW,684,no_feasible_candidate,,
OVRPBLTW,685,no_feasible_candidate,,
OVRPBLTW,686,no_feasible_candidate,,
OVRPBLTW,687,no_feasible_candidate,,
OVRPBLTW,688,no_feasible_candidate,,
OVRPBLTW,689,no_feasible_candidate,,
OVRPBLTW,690,no_feasible_candidate,,
OVRPBLTW,691,no_feasible_candidate,,
OVRPBLTW,692,no_feasible_candidate,,
OVRPBLTW,693,no_feasible_candidate,,
OVRPBLTW,694,no_feasible_candidate,,
OVRPBLTW,695,no_feasible_candidate,,
OVRPBLTW,696,no_feasible_candidate,,
OVRPBLTW,697,no_feasible_candidate,,
OVRPBLTW,698,no_feasible_candidate,,
OVRPBLTW,699,no_feasible_candidate,,
OVRPBLTW,700,no_feasible_candidate,,
OVRPBLTW,701,no_feasible_candidate,,
OVRPBLTW,702,no_feasible_candidate,,
OVRPBLTW,703,no_feasible_candidate,,
OVRPBLTW,704,no_feasible_candidate,,
OVRPBLTW,705,no_feasible_candidate,,
OVRPBLTW,706,no_feasible_candidate,,
OVRPBLTW,707,no_feasible_candidate,,
OVRPBLTW,708,no_feasible_candidate,,
OVRPBLTW,709,no_feasible_candidate,,
OVRPBLTW,710,ok,27.9410319351,31
OVRPBLTW,711,no_feasible_candidate,,
OVRPBLTW,712,no_feasible_candidate,,
OVRPBLTW,713,no_feasible_candidate,,
OVRPBLTW,714,no_feasible_candidate,,
OVRPBLTW,715,no_feasible_candidate,,
OVRPBLTW,716,no_feasible_candidate,,
OVRPBLTW,717,no_feasible_candidate,,
OVRPBLTW,718,no_feasible_candidate,,
OVRPBLTW,719,no_feasible_candidate,,
OVRPBLTW,720,no_feasible_candidate,,
OVRPBLTW,721,no_feasible_candidate,,
OVRPBLTW,722,no_feasible_candidate,,
OVRPBLTW,723,no_feasible_candidate,,
OVRPBLTW,724,no_feasible_candidate,,
OVRPBLTW,725,no_feasible_candidate,,
OVRPBLTW,726,no_feasible_candidate,,
OVRPBLTW,727,no_feasible_candidate,,
OVRPBLTW,728,no_feasible_candidate,,
OVRPBLTW,729,no_feasible_candidate,,
OVRPBLTW,730,no_feasible_candidate,,
OVRPBLTW,731,no_feasible_candidate,,
OVRPBLTW,732,no_feasible_candidate,,
OVRPBLTW,733,no_feasible_candidate,,
OVRPBLTW,734,no_feasible_candidate,,
OVRPBLTW,735,no_feasible_candidate,,
OVRPBLTW,736,no_feasible_candidate,,
OVRPBLTW,737,no_feasible_candidate,,
OVRPBLTW,738,no_feasible_candidate,,
OVRPBLTW,739,no_feasible_candidate,,
OVRPBLTW,740,no_feasible_candidate,,
OVRPBLTW,741,no_feasible_candidate,,
OVRPBLTW,742,no_feasible_candidate,,
OVRPBLTW,743,no_feasible_candidate,,
OVRPBLTW,744,no_feasible_candidate,,
OVRPBLTW,745,no_feasible_candidate,,
OVRPBLTW,746,no_feasible_candidate,,
OVRPBLTW,747,no_feasible_candidate,,
OVRPBLTW,748,no_feasible_candidate,,
OVRPBLTW,749,no_feasible_candidate,,
OVRPBLTW,750,no_feasible_candidate,,
OVRPBLTW,751,no_feasible_candidate,,
OVRPBLTW,752,no_feasible_candidate,,
OVRPBLTW,753,no_feasible_candidate,,
OVRPBLTW,754,no_feasible_candidate,,
OVRPBLTW,755,no_feasible_candidate,,
OVRPBLTW,756,no_feasible_candidate,,
OVRPBLTW,757,no_feasible_candidate,,
OVRPBLTW,758,no_feasible_candidate,,
OVRPBLTW,759,no_feasible_candidate,,
OVRPBLTW,760,no_feasible_candidate,,
OVRPBLTW,761,no_feasible_candidate,,
OVRPBLTW,762,no_feasible_candidate,,
OVRPBLTW,763,no_feasible_candidate,,
OVRPBLTW,764,no_feasible_candidate,,
OVRPBLTW,765,no_feasible_candidate,,
OVRPBLTW,766,no_feasible_candidate,,
OVRPBLTW,767,no_feasible_candidate,,
OVRPBLTW,768,no_feasible_candidate,,
OVRPBLTW,769,no_feasible_candidate,,
OVRPBLTW,770,no_feasible_candidate,,
OVRPBLTW,771,no_feasible_candidate,,
OVRPBLTW,772,no_feasible_candidate,,
OVRPBLTW,773,no_feasible_candidate,,
OVRPBLTW,774,no_feasible_candidate,,
OVRPBLTW,775,no_feasible_candidate,,
OVRPBLTW,776,no_feasible_candidate,,
OVRPBLTW,777,no_feasible_candidate,,
OVRPBLTW,778,no_feasible_candidate,,
OVRPBLTW,779,no_feasible_candidate,,
OVRPBLTW,780,no_feasible_candidate,,
OVRPBLTW,781,no_feasible_candidate,,
OVRPBLTW,782,no_feasible_candidate,,
OVRPBLTW,783,no_feasible_candidate,,
OVRPBLTW,784,no_feasible_candidate,,
OVRPBLTW,785,no_feasible_candidate,,
OVRPBLTW,786,no_feasible_candidate,,
OVRPBLTW,787,no_feasible_candidate,,
OVRPBLTW,788,no_feasible_candidate,,
OVRPBLTW,789,no_feasible_candidate,,
OVRPBLTW,790,no_feasible_candidate,,
OVRPBLTW,791,no_feasible_candidate,,
OVRPBLTW,792,no_feasible_candidate,,
OVRPBLTW,793,no_feasible_candidate,,
OVRPBLTW,794,no_feasible_candidate,,
OVRPBLTW,795,no_feasible_candidate,,
OVRPBLTW,796,no_feasible_candidate,,
OVRPBLTW,797,no_feasible_candidate,,
OVRPBLTW,798,no_feasible_candidate,,
OVRPBLTW,799,no_feasible_candidate,,
OVRPBLTW,800,no_feasible_candidate,,
OVRPBLTW,801,no_feasible_candidate,,
OVRPBLTW,802,no_feasible_candidate,,
OVRPBLTW,803,no_feasible_candidate,,
OVRPBLTW,804,no_feasible_candidate,,
OVRPBLTW,805,no_feasible_candidate,,
OVRPBLTW,806,no_feasible_candidate,,
OVRPBLTW,807,no_feasible_candidate,,
OVRPBLTW,808,no_feasible_candidate,,
OVRPBLTW,809,no_feasible_candidate,,
OVRPBLTW,810,no_feasible_candidate,,
OVRPBLTW,811,no_feasible_candidate,,
OVRPBLTW,812,no_feasible_candidate,,
OVRPBLTW,813,no_feasible_candidate,,
OVRPBLTW,814,no_feasible_candidate,,
OVRPBLTW,815,no_feasible_candidate,,
OVRPBLTW,816,no_feasible_candidate,,
OVRPBLTW,817,no_feasible_candidate,,
OVRPBLTW,818,no_feasible_candidate,,
OVRPBLTW,819,no_feasible_candidate,,
OVRPBLTW,820,no_feasible_candidate,,
OVRPBLTW,821,no_feasible_candidate,,
OVRPBLTW,822,no_feasible_candidate,,
OVRPBLTW,823,no_feasible_candidate,,
OVRPBLTW,824,no_feasible_candidate,,
OVRPBLTW,825,no_feasible_candidate,,
OVRPBLTW,826,no_feasible_candidate,,
OVRPBLTW,827,no_feasible_candidate,,
OVRPBLTW,828,no_feasible_candidate,,
OVRPBLTW,829,no_feasible_candidate,,
OVRPBLTW,830,no_feasible_candidate,,
OVRPBLTW,831,no_feasible_candidate,,
OVRPBLTW,832,no_feasible_candidate,,
OVRPBLTW,833,no_feasible_candidate,,
OVRPBLTW,834,no_feasible_candidate,,
OVRPBLTW,835,no_feasible_candidate,,
OVRPBLTW,836,no_feasible_candidate,,
OVRPBLTW,837,no_feasible_candidate,,
OVRPBLTW,838,no_feasible_candidate,,
OVRPBLTW,839,no_feasible_candidate,,
OVRPBLTW,840,no_feasible_candidate,,
OVRPBLTW,841,no_feasible_candidate,,
OVRPBLTW,842,no_feasible_candidate,,
OVRPBLTW,843,no_feasible_candidate,,
OVRPBLTW,844,no_feasible_candidate,,
OVRPBLTW,845,no_feasible_candidate,,
OVRPBLTW,846,no_feasible_candidate,,
OVRPBLTW,847,no_feasible_candidate,,
OVRPBLTW,848,no_feasible_candidate,,
OVRPBLTW,849,no_feasible_candidate,,
OVRPBLTW,850,no_feasible_candidate,,
OVRPBLTW,851,no_feasible_candidate,,
OVRPBLTW,852,no_feasible_candidate,,
OVRPBLTW,853,no_feasible_candidate,,
OVRPBLTW,854,no_feasible_candidate,,
OVRPBLTW,855,no_feasible_candidate,,
OVRPBLTW,856,no_feasible_candidate,,
OVRPBLTW,857,no_feasible_candidate,,
OVRPBLTW,858,no_feasible_candidate,,
OVRPBLTW,859,no_feasible_candidate,,
OVRPBLTW,860,no_feasible_candidate,,
OVRPBLTW,861,no_feasible_candidate,,
OVRPBLTW,862,no_feasible_candidate,,
OVRPBLTW,863,no_feasible_candidate,,
OVRPBLTW,864,no_feasible_candidate,,
OVRPBLTW,865,no_feasible_candidate,,
OVRPBLTW,866,no_feasible_candidate,,
OVRPBLTW,867,no_feasible_candidate,,
OVRPBLTW,868,no_feasible_candidate,,
OVRPBLTW,869,no_feasible_candidate,,
OVRPBLTW,870,no_feasible_candidate,,
OVRPBLTW,871,no_feasible_candidate,,
OVRPBLTW,872,no_feasible_candidate,,
OVRPBLTW,873,no_feasible_candidate,,
OVRPBLTW,874,no_feasible_candidate,,
OVRPBLTW,875,no_feasible_candidate,,
OVRPBLTW,876,no_feasible_candidate,,
OVRPBLTW,877,no_feasible_candidate,,
OVRPBLTW,878,no_feasible_candidate,,
OVRPBLTW,879,no_feasible_candidate,,
OVRPBLTW,880,no_feasible_candidate,,
OVRPBLTW,881,no_feasible_candidate,,
OVRPBLTW,882,no_feasible_candidate,,
OVRPBLTW,883,no_feasible_candidate,,
OVRPBLTW,884,no_feasible_candidate,,
OVRPBLTW,885,no_feasible_candidate,,
OVRPBLTW,886,no_feasible_candidate,,
OVRPBLTW,887,no_feasible_candidate,,
OVRPBLTW,888,no_feasible_candidate,,
OVRPBLTW,889,no_feasible_candidate,,
OVRPBLTW,890,no_feasible_candidate,,
OVRPBLTW,891,no_feasible_candidate,,
OVRPBLTW,892,no_feasible_candidate,,
OVRPBLTW,893,no_feasible_candidate,,
OVRPBLTW,894,no_feasible_candidate,,
OVRPBLTW,895,no_feasible_candidate,,
OVRPBLTW,896,no_feasible_candidate,,
OVRPBLTW,897,no_feasible_candidate,,
OVRPBLTW,898,no_feasible_candidate,,
OVRPBLTW,899,no_feasible_candidate,,
OVRPBLTW,900,no_feasible_candidate,,
OVRPBLTW,901,no_feasible_candidate,,
OVRPBLTW,902,no_feasible_candidate,,
OVRPBLTW,903,no_feasible_candidate,,
OVRPBLTW,904,no_feasible_candidate,,
OVRPBLTW,905,no_feasible_candidate,,
OVRPBLTW,906,no_feasible_candidate,,
OVRPBLTW,907,no_feasible_candidate,,
OVRPBLTW,908,no_feasible_candidate,,
OVRPBLTW,909,no_feasible_candidate,,
OVRPBLTW,910,no_feasible_candidate,,
OVRPBLTW,911,no_feasible_candidate,,
OVRPBLTW,912,no_feasible_candidate,,
OVRPBLTW,913,no_feasible_candidate,,
OVRPBLTW,914,no_feasible_candidate,,
OVRPBLTW,915,no_feasible_candidate,,
OVRPBLTW,916,no_feasible_candidate,,
OVRPBLTW,917,no_feasible_candidate,,
OVRPBLTW,918,no_feasible_candidate,,
OVRPBLTW,919,no_feasible_candidate,,
OVRPBLTW,920,no_feasible_candidate,,
OVRPBLTW,921,no_feasible_candidate,,
OVRPBLTW,922,no_feasible_candidate,,
OVRPBLTW,923,no_feasible_candidate,,
OVRPBLTW,924,no_feasible_candidate,,
OVRPBLTW,925,no_feasible_candidate,,
OVRPBLTW,926,no_feasible_candidate,,
OVRPBLTW,927,no_feasible_candidate,,
OVRPBLTW,928,no_feasible_candidate,,
OVRPBLTW,929,no_feasible_candidate,,
OVRPBLTW,930,no_feasible_candidate,,
OVRPBLTW,931,no_feasible_candidate,,
OVRPBLTW,932,no_feasible_candidate,,
OVRPBLTW,933,no_feasible_candidate,,
OVRPBLTW,934,no_feasible_candidate,,
OVRPBLTW,935,no_feasible_candidate,,
OVRPBLTW,936,no_feasible_candidate,,
OVRPBLTW,937,no_feasible_candidate,,
OVRPBLTW,938,no_feasible_candidate,,
OVRPBLTW,939,no_feasible_candidate,,
OVRPBLTW,940,no_feasible_candidate,,
OVRPBLTW,941,no_feasible_candidate,,
OVRPBLTW,942,no_feasible_candidate,,
OVRPBLTW,943,no_feasible_candidate,,
OVRPBLTW,944,no_feasible_candidate,,
OVRPBLTW,945,no_feasible_candidate,,
OVRPBLTW,946,no_feasible_candidate,,
OVRPBLTW,947,no_feasible_candidate,,
OVRPBLTW,948,no_feasible_candidate,,
OVRPBLTW,949,no_feasible_candidate,,
OVRPBLTW,950,no_feasible_candidate,,
OVRPBLTW,951,no_feasible_candidate,,
OVRPBLTW,952,no_feasible_candidate,,
OVRPBLTW,953,no_feasible_candidate,,
OVRPBLTW,954,no_feasible_candidate,,
OVRPBLTW,955,no_feasible_candidate,,
OVRPBLTW,956,no_feasible_candidate,,
OVRPBLTW,957,no_feasible_candidate,,
OVRPBLTW,958,no_feasible_candidate,,
OVRPBLTW,959,no_feasible_candidate,,
OVRPBLTW,960,no_feasible_candidate,,
OVRPBLTW,961,no_feasible_candidate,,
OVRPBLTW,962,no_feasible_candidate,,
OVRPBLTW,963,no_feasible_candidate,,
OVRPBLTW,964,no_feasible_candidate,,
OVRPBLTW,965,no_feasible_candidate,,
OVRPBLTW,966,no_feasible_candidate,,
OVRPBLTW,967,no_feasible_candidate,,
OVRPBLTW,968,no_feasible_candidate,,
OVRPBLTW,969,no_feasible_candidate,,
OVRPBLTW,970,no_feasible_candidate,,
OVRPBLTW,971,no_feasible_candidate,,
OVRPBLTW,972,no_feasible_candidate,,
OVRPBLTW,973,no_feasible_candidate,,
OVRPBLTW,974,no_feasible_candidate,,
OVRPBLTW,975,no_feasible_candidate,,
OVRPBLTW,976,no_feasible_candidate,,
OVRPBLTW,977,no_feasible_candidate,,
OVRPBLTW,978,no_feasible_candidate,,
OVRPBLTW,979,no_feasible_candidate,,
OVRPBLTW,980,no_feasible_candidate,,
OVRPBLTW,981,no_feasible_candidate,,
OVRPBLTW,982,no_feasible_candidate,,
OVRPBLTW,983,no_feasible_candidate,,
OVRPBLTW,984,no_feasible_candidate,,
OVRPBLTW,985,no_feasible_candidate,,
OVRPBLTW,986,ok,20.7786606470,34
OVRPBLTW,987,no_feasible_candidate,,
OVRPBLTW,988,no_feasible_candidate,,
OVRPBLTW,989,no_feasible_candidate,,
OVRPBLTW,990,no_feasible_candidate,,
OVRPBLTW,991,no_feasible_candidate,,
OVRPBLTW,992,no_feasible_candidate,,
OVRPBLTW,993,no_feasible_candidate,,
OVRPBLTW,994,no_feasible_candidate,,
OVRPBLTW,995,no_feasible_candidate,,
OVRPBLTW,996,no_feasible_candidate,,
OVRPBLTW,997,no_feasible_candidate,,
OVRPBLTW,998,no_feasible_candidate,,
OVRPBLTW,999,no_feasible_candidate,,
