problem,instance,status,cost,vehicles
CVRP,0,ok,10.6580843431,8
CVRP,1,ok,13.0905994217,7
CVRP,2,ok,13.7514393041,7
CVRP,3,ok,10.0177685743,7
CVRP,4,ok,10.4429905325,7
CVRP,5,ok,9.4562638321,7
CVRP,6,ok,9.5146915542,6
CVRP,7,ok,7.7763687575,6
CVRP,8,ok,12.1120633454,6
CVRP,9,ok,11.7156199645,8
CVRP,10,ok,11.4795176680,8
CVRP,11,ok,11.5004372264,7
CVRP,12,ok,12.3820186087,7
CVRP,13,ok,10.8262425407,8
CVRP,14,ok,9.6177879550,8
CVRP,15,ok,10.8613711372,8
CVRP,16,ok,9.2355405686,6
CVRP,17,ok,11.7969765758,7
CVRP,18,ok,10.3214235804,7
CVRP,19,ok,10.5491681042,7
CVRP,20,ok,10.1123866276,8
CVRP,21,ok,10.2946547406,7
CVRP,22,ok,13.3627554352,7
CVRP,23,ok,9.6844283509,6
CVRP,24,ok,11.3410317185,7
CVRP,25,ok,11.4106913549,7
CVRP,26,ok,8.9081223731,6
CVRP,27,ok,11.6083892248,7
CVRP,28,ok,10.0345602120,7
CVRP,29,ok,9.2022833785,6
CVRP,30,ok,9.2453145302,6
CVRP,31,ok,12.7377610526,7
CVRP,32,ok,10.9649029551,7
CVRP,33,ok,10.9647015600,7
CVRP,34,ok,10.5726783617,6
CVRP,35,ok,10.1961038935,6
CVRP,36,ok,9.3925522148,8
CVRP,37,ok,10.1703569536,8
CVRP,38,ok,11.8892585722,7
CVRP,39,ok,11.6012048386,8
CVRP,40,ok,11.5196001172,7
CVRP,41,ok,11.1594949060,6
CVRP,42,ok,10.8619003509,7
CVRP,43,ok,11.8799184046,7
CVRP,44,ok,11.2656242412,7
CVRP,45,ok,11.5203576528,6
CVRP,46,ok,10.7293341490,7
CVRP,47,ok,10.2241242738,7
CVRP,48,ok,11.8285218295,7
CVRP,49,ok,10.5142455927,7
CVRP,50,ok,8.6982092592,6
CVRP,51,ok,10.2210950651,7
CVRP,52,ok,11.5085376280,8
CVRP,53,ok,9.7526231102,8
CVRP,54,ok,12.5778864002,7
CVRP,55,ok,12.0984883218,8
CVRP,56,ok,11.5601762620,7
CVRP,57,ok,11.3151924790,7
CVRP,58,ok,9.5423770773,8
CVRP,59,ok,11.6125553965,7
CVRP,60,ok,8.7661558852,7
CVRP,61,ok,12.4056125678,8
CVRP,62,ok,10.5831805887,6
CVRP,63,ok,9.6441650116,7
CVRP,64,ok,11.6042354152,7
CVRP,65,ok,9.8808805900,7
CVRP,66,ok,11.4824768062,8
CVRP,67,ok,11.5144322769,7
CVRP,68,ok,11.2608474550,8
CVRP,69,ok,10.9694688851,7
CVRP,70,ok,9.9196459799,8
CVRP,71,ok,11.5676344889,8
CVRP,72,ok,10.0142924702,7
CVRP,73,ok,14.0542960490,7
CVRP,74,ok,9.3753784925,6
CVRP,75,ok,9.6818249423,7
CVRP,76,ok,10.2304247762,9
CVRP,77,ok,10.1528023472,9
CVRP,78,ok,9.9331387266,7
CVRP,79,ok,11.6348483538,8
CVRP,80,ok,11.4087400209,6
CVRP,81,ok,9.2885526714,7
CVRP,82,ok,11.6800527114,7
CVRP,83,ok,11.9962186459,7
CVRP,84,ok,12.9195688052,7
CVRP,85,ok,12.2488739284,7
CVRP,86,ok,10.8428005637,7
CVRP,87,ok,10.8488498835,8
CVRP,88,ok,13.8208107974,8
CVRP,89,ok,12.5446822289,8
CVRP,90,ok,9.7772392928,7
CVRP,91,ok,11.1751231703,7
CVRP,92,ok,9.1670488492,7
CVRP,93,ok,11.0586754801,7
CVRP,94,ok,10.7881379686,7
CVRP,95,ok,11.2370718022,8
CVRP,96,ok,12.0350408275,7
CVRP,97,ok,12.2357776550,8
CVRP,98,ok,10.3746509788,9
CVRP,99,ok,12.6238984537,7
CVRP,100,ok,9.7679209631,7
CVRP,101,ok,11.1450320752,7
CVRP,102,ok,13.0080872588,8
CVRP,103,ok,8.7940164687,7
CVRP,104,ok,10.0609634009,8
CVRP,105,ok,9.0717144981,7
CVRP,106,ok,11.2773029451,8
CVRP,107,ok,11.1912938653,7
CVRP,108,ok,8.1405130275,6
CVRP,109,ok,12.5429338753,8
CVRP,110,ok,11.9830007510,8
CVRP,111,ok,11.1353921892,7
CVRP,112,ok,10.2774095064,7
CVRP,113,ok,12.8179861979,8
CVRP,114,ok,12.3601947749,7
CVRP,115,ok,9.4194237515,7
CVRP,116,ok,10.7051167405,6
CVRP,117,ok,12.9326960238,7
CVRP,118,ok,10.6261622375,9
CVRP,119,ok,10.6292875111,7
CVRP,120,ok,8.6902809055,7
CVRP,121,ok,10.7167643188,7
CVRP,122,ok,10.8765923738,8
CVRP,123,ok,10.6139573576,7
CVRP,124,ok,12.5839460719,7
CVRP,125,ok,11.0978295146,7
CVRP,126,ok,10.0511881229,8
CVRP,127,ok,10.4664993889,7
CVRP,128,ok,11.9126353806,7
CVRP,129,ok,10.6487719078,7
CVRP,130,ok,11.2163129488,8
CVRP,131,ok,12.8947157137,8
CVRP,132,ok,9.8289630654,8
CVRP,133,ok,11.9802515046,7
CVRP,134,ok,9.9722807892,7
CVRP,135,ok,10.6394946833,6
CVRP,136,ok,10.5437117811,8
CVRP,137,ok,11.1771147632,8
CVRP,138,ok,9.6958468179,7
CVRP,139,ok,9.5168788719,8
CVRP,140,ok,10.7253428263,7
CVRP,141,ok,12.6648694736,7
CVRP,142,ok,12.9606953409,7
CVRP,143,ok,9.9277602960,7
CVRP,144,ok,11.1888632384,8
CVRP,145,ok,11.0399480926,7
CVRP,146,ok,11.5950215573,7
CVRP,147,ok,8.5363996413,7
CVRP,148,ok,11.7266214836,7
CVRP,149,ok,13.9530152661,7
CVRP,150,ok,12.0424509700,7
CVRP,151,ok,11.7835270763,7
CVRP,152,ok,11.7534206095,6
CVRP,153,ok,10.5563712618,6
CVRP,154,ok,11.8125059499,7
CVRP,155,ok,10.1567558065,7
CVRP,156,ok,11.8932472620,7
CVRP,157,ok,10.7008747256,7
CVRP,158,ok,10.8493415004,8
CVRP,159,ok,14.4119990558,7
CVRP,160,ok,10.4873248879,8
CVRP,161,ok,8.8797793023,7
CVRP,162,ok,11.0582109917,7
CVRP,163,ok,10.6734328669,7
CVRP,164,ok,10.2640748557,7
CVRP,165,ok,9.0110711923,7
CVRP,166,ok,9.8072138233,7
CVRP,167,ok,9.8712015983,7
CVRP,168,ok,10.6634663349,8
CVRP,169,ok,12.1920346820,8
CVRP,170,ok,10.4209824822,7
CVRP,171,ok,9.3382231137,8
CVRP,172,ok,11.6797893569,6
CVRP,173,ok,12.1614583097,7
CVRP,174,ok,12.9629595171,8
CVRP,175,ok,9.9448209628,6
CVRP,176,ok,11.2284299397,7
CVRP,177,ok,10.8023248309,7
CVRP,178,ok,10.2328891016,7
CVRP,179,ok,11.8043970791,7
CVRP,180,ok,8.7637764760,8
CVRP,181,ok,9.4737817893,7
CVRP,182,ok,11.3354581333,8
CVRP,183,ok,11.2895788236,7
CVRP,184,ok,13.8925158574,7
CVRP,185,ok,9.7798185905,6
CVRP,186,ok,12.3550183651,7
CVRP,187,ok,9.3882095987,8
CVRP,188,ok,13.7486600464,8
CVRP,189,ok,10.5837246980,7
CVRP,190,ok,9.5502917763,6
CVRP,191,ok,11.4354639208,8
CVRP,192,ok,9.0817688758,6
CVRP,193,ok,9.9402213808,6
CVRP,194,ok,11.0661138814,7
CVRP,195,ok,9.8383612134,8
CVRP,196,ok,11.4576009833,7
CVRP,197,ok,9.6147032881,6
CVRP,198,ok,12.4267595441,8
CVRP,199,ok,11.6176082290,7
CVRP,200,ok,10.1914094851,7
CVRP,201,ok,8.8129819286,9
CVRP,202,ok,10.3708878151,7
CVRP,203,ok,10.2232367022,7
CVRP,204,ok,10.1083117200,7
CVRP,205,ok,9.0785542262,7
CVRP,206,ok,12.0846798784,7
CVRP,207,ok,9.6838345226,7
CVRP,208,ok,10.4066566235,7
CVRP,209,ok,10.1341980454,7
CVRP,210,ok,9.1374359787,7
CVRP,211,ok,9.8160753286,8
CVRP,212,ok,10.9427411307,8
CVRP,213,ok,9.8642006717,7
CVRP,214,ok,10.7146410211,7
CVRP,215,ok,9.5702312929,6
CVRP,216,ok,9.6267900315,8
CVRP,217,ok,8.8140370421,7
CVRP,218,ok,13.0406190496,7
CVRP,219,ok,8.4500848854,7
CVRP,220,ok,9.9337864609,6
CVRP,221,ok,10.9915238045,7
CVRP,222,ok,12.0768845178,7
CVRP,223,ok,14.5419594432,8
CVRP,224,ok,12.1845021936,6
CVRP,225,ok,9.7806075442,7
CVRP,226,ok,9.2293774464,7
CVRP,227,ok,13.3437878236,9
CVRP,228,ok,11.1937515119,7
CVRP,229,ok,12.4060061781,8
CVRP,230,ok,9.9157892000,7
CVRP,231,ok,11.3184105408,7
CVRP,232,ok,11.1016378982,8
CVRP,233,ok,12.4279544706,8
CVRP,234,ok,8.6358402545,7
CVRP,235,ok,10.1459813147,7
CVRP,236,ok,10.1770385417,7
CVRP,237,ok,12.7286346056,8
CVRP,238,ok,10.7280163789,7
CVRP,239,ok,11.0785256634,7
CVRP,240,ok,8.4889357654,7
CVRP,241,ok,10.7705980011,8
CVRP,242,ok,12.2737658257,8
CVRP,243,ok,11.5671880604,7
CVRP,244,ok,9.6821814437,8
CVRP,245,ok,11.0734179084,7
CVRP,246,ok,10.2464055835,7
CVRP,247,ok,9.3465344412,6
CVRP,248,ok,11.3042440828,7
CVRP,249,ok,11.0517792696,7
CVRP,250,ok,9.2681176928,7
CVRP,251,ok,10.7537206844,7
CVRP,252,ok,9.6318089171,8
CVRP,253,ok,10.8854536918,8
CVRP,254,ok,10.2976482730,7
CVRP,255,ok,11.1481486056,7
CVRP,256,ok,10.6830105855,8
CVRP,257,ok,9.5474214429,7
CVRP,258,ok,9.7118299429,6
CVRP,259,ok,11.5344719878,7
CVRP,260,ok,8.1988667778,7
CVRP,261,ok,8.5181295759,7
CVRP,262,ok,9.5380694621,6
CVRP,263,ok,9.7336431122,8
CVRP,264,ok,11.1050150218,7
CVRP,265,ok,8.5830171637,8
CVRP,266,ok,13.9104201820,7
CVRP,267,ok,11.7028831388,7
CVRP,268,ok,9.9355670703,8
CVRP,269,ok,10.4189311194,7
CVRP,270,ok,10.8190529757,6
CVRP,271,ok,10.4486448523,8
CVRP,272,ok,13.0544733351,7
CVRP,273,ok,9.5339616533,7
CVRP,274,ok,9.4497577147,7
CVRP,275,ok,10.0861099395,7
CVRP,276,ok,12.0879193565,7
CVRP,277,ok,8.8224087883,6
CVRP,278,ok,11.8012859111,8
CVRP,279,ok,7.9639025684,6
CVRP,280,ok,8.9591945963,7
CVRP,281,ok,10.3446591678,7
CVRP,282,ok,11.0054861599,7
CVRP,283,ok,10.2137140593,8
CVRP,284,ok,12.8208775162,7
CVRP,285,ok,10.5024331475,7
CVRP,286,ok,13.0066899414,7
CVRP,287,ok,12.9420536257,7
CVRP,288,ok,9.1637033148,6
CVRP,289,ok,10.3912611905,7
CVRP,290,ok,11.1892719897,7
CVRP,291,ok,13.9807344571,8
CVRP,292,ok,11.0868833107,8
CVRP,293,ok,9.0264509587,7
CVRP,294,ok,10.5102349542,8
CVRP,295,ok,11.4907958321,7
CVRP,296,ok,9.4753565929,6
CVRP,297,ok,8.9056356735,6
CVRP,298,ok,10.4555456439,8
CVRP,299,ok,9.3147640595,7
CVRP,300,ok,11.8577099832,7
CVRP,301,ok,9.3541479242,7
CVRP,302,ok,10.1086762979,7
CVRP,303,ok,10.5605964162,6
CVRP,304,ok,10.5322221813,7
CVRP,305,ok,9.4213816642,7
CVRP,306,ok,12.4658039052,7
CVRP,307,ok,9.7380646359,7
CVRP,308,ok,10.1524994258,7
CVRP,309,ok,11.3700021534,7
CVRP,310,ok,11.9744669299,7
CVRP,311,ok,10.6838250261,8
CVRP,312,ok,12.6342068518,8
CVRP,313,ok,8.9290840691,7
CVRP,314,ok,13.7952008933,7
CVRP,315,ok,13.4120172521,7
CVRP,316,ok,10.6448352083,7
CVRP,317,ok,11.7114993727,7
CVRP,318,ok,10.5824302884,7
CVRP,319,ok,9.8962635868,6
CVRP,320,ok,10.2122207003,7
CVRP,321,ok,10.8308365034,7
CVRP,322,ok,11.1869279555,7
CVRP,323,ok,11.9477065746,6
CVRP,324,ok,12.8964243549,8
CVRP,325,ok,9.2338176515,7
CVRP,326,ok,10.7885112558,7
CVRP,327,ok,11.6909544618,7
CVRP,328,ok,12.1708637954,8
CVRP,329,ok,12.6538109059,7
CVRP,330,ok,12.9228872170,7
CVRP,331,ok,12.9048611521,7
CVRP,332,ok,12.6628881705,8
CVRP,333,ok,8.7400714802,8
CVRP,334,ok,10.4565245132,7
CVRP,335,ok,9.6243256978,7
CVRP,336,ok,10.4225377843,7
CVRP,337,ok,11.1654035127,8
CVRP,338,ok,11.9604418944,8
CVRP,339,ok,10.2753694980,7
CVRP,340,ok,11.1790252023,7
CVRP,341,ok,12.2401123341,8
CVRP,342,ok,10.9597921186,8
CVRP,343,ok,9.5923891185,7
CVRP,344,ok,11.1731179583,7
CVRP,345,ok,9.8352234961,8
CVRP,346,ok,10.8223999255,7
CVRP,347,ok,12.9392972700,8
CVRP,348,ok,9.5530698090,7
CVRP,349,ok,10.0758961522,7
CVRP,350,ok,11.7546836035,8
CVRP,351,ok,10.0510683126,7
CVRP,352,ok,10.9746194553,8
CVRP,353,ok,9.8341587399,7
CVRP,354,ok,11.9137026959,7
CVRP,355,ok,10.2592385415,7
CVRP,356,ok,12.3392720711,7
CVRP,357,ok,12.0898840200,8
CVRP,358,ok,12.0545725474,7
CVRP,359,ok,9.9166077416,7
CVRP,360,ok,8.9190626672,8
CVRP,361,ok,9.6917991392,7
CVRP,362,ok,14.7920072685,9
CVRP,363,ok,10.0244828873,7
CVRP,364,ok,11.4634976356,7
CVRP,365,ok,12.1202750986,7
CVRP,366,ok,10.9604533177,7
CVRP,367,ok,9.7220164306,7
CVRP,368,ok,11.5838840603,8
CVRP,369,ok,8.7954263381,7
CVRP,370,ok,9.9195070312,6
CVRP,371,ok,12.3338976549,7
CVRP,372,ok,9.8838972588,7
CVRP,373,ok,10.0797712493,8
CVRP,374,ok,12.6052016680,7
CVRP,375,ok,11.0243503299,7
CVRP,376,ok,12.1321680273,7
CVRP,377,ok,10.2947048808,6
CVRP,378,ok,13.3848671013,8
CVRP,379,ok,9.4197651845,6
CVRP,380,ok,10.8776414009,9
CVRP,381,ok,11.8557295220,8
CVRP,382,ok,9.6421112291,6
CVRP,383,ok,10.6940861770,6
CVRP,384,ok,9.9736737712,7
CVRP,385,ok,12.0204901074,7
CVRP,386,ok,11.2961451494,6
CVRP,387,ok,8.1476040610,6
CVRP,388,ok,9.7395354089,7
CVRP,389,ok,10.2319584694,7
CVRP,390,ok,9.1097553530,7
CVRP,391,ok,12.6209279908,7
CVRP,392,ok,13.1920197488,8
CVRP,393,ok,9.8266129101,7
CVRP,394,ok,11.0564441501,6
CVRP,395,ok,10.9694986274,7
CVRP,396,ok,9.1598302555,6
CVRP,397,ok,9.9281734049,8
CVRP,398,ok,11.6127606785,7
CVRP,399,ok,11.2259737775,6
CVRP,400,ok,12.2164347615,7
CVRP,401,ok,9.8128706459,6
CVRP,402,ok,10.0504974177,7
CVRP,403,ok,10.7138382932,7
CVRP,404,ok,9.6692248599,8
CVRP,405,ok,11.9048503688,7
CVRP,406,ok,10.1945805543,8
CVRP,407,ok,11.4118808584,8
CVRP,408,ok,12.9805968392,7
CVRP,409,ok,10.0166945889,7
CVRP,410,ok,11.0803454678,7
CVRP,411,ok,9.8183394089,7
CVRP,412,ok,10.0008481779,7
CVRP,413,ok,9.0949556054,7
CVRP,414,ok,13.4526471544,7
CVRP,415,ok,10.0682031019,7
CVRP,416,ok,10.9884065553,6
CVRP,417,ok,9.2943250725,8
CVRP,418,ok,11.7099032700,7
CVRP,419,ok,10.5207179551,7
CVRP,420,ok,9.4021749231,7
CVRP,421,ok,13.5873827787,7
CVRP,422,ok,11.5963033589,8
CVRP,423,ok,10.0436795042,7
CVRP,424,ok,11.5880924804,7
CVRP,425,ok,8.6525832758,8
CVRP,426,ok,9.7339455221,8
CVRP,427,ok,12.2018736621,8
CVRP,428,ok,9.5416106901,7
CVRP,429,ok,10.0839376730,8
CVRP,430,ok,11.5554920125,7
CVRP,431,ok,9.8394811454,7
CVRP,432,ok,10.4578479865,7
CVRP,433,ok,11.3293984838,7
CVRP,434,ok,10.2392328186,7
CVRP,435,ok,11.8493432803,6
CVRP,436,ok,11.1775562890,7
CVRP,437,ok,11.0212114644,7
CVRP,438,ok,9.4686819345,7
CVRP,439,ok,12.1405730141,7
CVRP,440,ok,11.8820248214,7
CVRP,441,ok,13.6341376079,7
CVRP,442,ok,12.4773520146,7
CVRP,443,ok,10.0616470995,8
CVRP,444,ok,10.5996653569,7
CVRP,445,ok,11.8922094198,8
CVRP,446,ok,11.0365538989,6
CVRP,447,ok,11.1914701987,7
CVRP,448,ok,11.1316616380,6
CVRP,449,ok,11.8168714372,8
CVRP,450,ok,11.5558795887,7
CVRP,451,ok,9.9091877354,7
CVRP,452,ok,11.0413037211,7
CVRP,453,ok,11.4143825793,7
CVRP,454,ok,10.6335533815,7
CVRP,455,ok,10.7099651198,7
CVRP,456,ok,12.4568602292,8
CVRP,457,ok,9.3862060812,6
CVRP,458,ok,11.0879709815,7
CVRP,459,ok,11.1798149199,7
CVRP,460,ok,11.5581163215,7
CVRP,461,ok,12.2602238050,6
CVRP,462,ok,9.7263497941,7
CVRP,463,ok,9.8200266553,7
CVRP,464,ok,11.5186183167,7
CVRP,465,ok,9.1467228090,7
CVRP,466,ok,9.7665220230,6
CVRP,467,ok,10.8235942849,8
CVRP,468,ok,9.1965458928,7
CVRP,469,ok,10.2727577197,8
CVRP,470,ok,11.5666808701,7
CVRP,471,ok,9.1161636894,7
CVRP,472,ok,11.4883967369,7
CVRP,473,ok,10.2338234547,8
CVRP,474,ok,10.4953650048,7
CVRP,475,ok,8.4969997768,6
CVRP,476,ok,9.8846419010,7
CVRP,477,ok,10.1665998037,7
CVRP,478,ok,11.7163562339,7
CVRP,479,ok,10.8714088171,8
CVRP,480,ok,10.4082070963,8
CVRP,481,ok,9.8922433206,7
CVRP,482,ok,11.0726615368,7
CVRP,483,ok,14.0213877942,7
CVRP,484,ok,10.8995852751,8
CVRP,485,ok,11.0180216996,6
CVRP,486,ok,9.2147193741,7
CVRP,487,ok,10.5435864480,7
CVRP,488,ok,9.0917490898,8
CVRP,489,ok,13.3087546620,7
CVRP,490,ok,11.5029792094,8
CVRP,491,ok,13.4121185614,7
CVRP,492,ok,10.4637964175,6
CVRP,493,ok,9.6425582918,8
CVRP,494,ok,12.0947809603,7
CVRP,495,ok,9.9849570883,8
CVRP,496,ok,9.9953269266,8
CVRP,497,ok,9.5028782613,7
CVRP,498,ok,11.4778427141,7
CVRP,499,ok,11.4962632293,7
CVRP,500,ok,10.7530825545,7
CVRP,501,ok,10.1124466237,7
CVRP,502,ok,10.6442888853,7
CVRP,503,ok,10.1637560700,8
CVRP,504,ok,9.7034229992,7
CVRP,505,ok,9.5614764690,8
CVRP,506,ok,12.3248902042,7
CVRP,507,ok,9.2099165392,7
CVRP,508,ok,14.7147847639,8
CVRP,509,ok,10.0277744449,7
CVRP,510,ok,10.0856584433,7
CVRP,511,ok,10.1848255069,6
CVRP,512,ok,11.6592085083,7
CVRP,513,ok,10.4295784195,8
CVRP,514,ok,9.0417319096,7
CVRP,515,ok,12.3613495705,8
CVRP,516,ok,9.9089618577,7
CVRP,517,ok,11.6887593615,7
CVRP,518,ok,10.9791029290,7
CVRP,519,ok,10.9985985869,7
CVRP,520,ok,12.1176891094,7
CVRP,521,ok,9.7124041874,8
CVRP,522,ok,9.3157837831,7
CVRP,523,ok,11.1942744237,6
CVRP,524,ok,9.9266533431,7
CVRP,525,ok,12.2474527552,7
CVRP,526,ok,9.2311657830,7
CVRP,527,ok,11.4285872246,8
CVRP,528,ok,9.8605839692,7
CVRP,529,ok,12.9160999835,7
CVRP,530,ok,10.1320215710,7
CVRP,531,ok,10.4315677849,8
CVRP,532,ok,10.0123494033,7
CVRP,533,ok,10.6433686932,7
CVRP,534,ok,10.2178223192,7
CVRP,535,ok,9.2940954173,7
CVRP,536,ok,9.9996326327,7
CVRP,537,ok,8.9731522664,7
CVRP,538,ok,12.9173471953,7
CVRP,539,ok,8.7308046020,6
CVRP,540,ok,12.3910009883,8
CVRP,541,ok,12.8324043758,8
CVRP,542,ok,8.7360014957,6
CVRP,543,ok,9.7629534357,7
CVRP,544,ok,12.4224764123,9
CVRP,545,ok,9.1780272117,7
CVRP,546,ok,9.1479039846,7
CVRP,547,ok,10.8143576827,6
CVRP,548,ok,9.9619697877,6
CVRP,549,ok,15.1341743131,8
CVRP,550,ok,10.0687367738,7
CVRP,551,ok,10.2599052628,6
CVRP,552,ok,13.8603575008,8
CVRP,553,ok,15.2407483138,7
CVRP,554,ok,9.7093356994,6
CVRP,555,ok,11.4587998633,6
CVRP,556,ok,10.6326744187,6
CVRP,557,ok,11.4287099824,8
CVRP,558,ok,10.3457716158,7
CVRP,559,ok,12.2249709982,8
CVRP,560,ok,9.8047107328,7
CVRP,561,ok,10.9447926680,8
CVRP,562,ok,10.0715419377,7
CVRP,563,ok,11.6305329579,7
CVRP,564,ok,11.5979353660,8
CVRP,565,ok,9.0564401886,8
CVRP,566,ok,10.9090984612,6
CVRP,567,ok,11.4774944867,8
CVRP,568,ok,11.0782951403,7
CVRP,569,ok,8.7249317758,6
CVRP,570,ok,11.1286482747,7
CVRP,571,ok,11.9656789230,7
CVRP,572,ok,13.1085738890,7
CVRP,573,ok,10.1122157282,7
CVRP,574,ok,11.0505287285,7
CVRP,575,ok,8.6800036994,7
CVRP,576,ok,9.5752408493,7
CVRP,577,ok,9.6898617449,7
CVRP,578,ok,10.7961791552,7
CVRP,579,ok,9.5210895434,7
CVRP,580,ok,9.0061263006,7
CVRP,581,ok,10.1032028279,8
CVRP,582,ok,11.3472073070,7
CVRP,583,ok,9.7388698429,7
CVRP,584,ok,13.5932330280,7
CVRP,585,ok,9.8767601065,6
CVRP,586,ok,12.1367365301,8
CVRP,587,ok,11.2428636321,7
CVRP,588,ok,11.1055857631,7
CVRP,589,ok,10.5163436025,7
CVRP,590,ok,10.4282429320,7
CVRP,591,ok,11.2138789451,7
CVRP,592,ok,10.9539345407,7
CVRP,593,ok,10.3910313849,6
CVRP,594,ok,10.5370128470,7
CVRP,595,ok,9.8908537493,7
CVRP,596,ok,10.0312154663,6
CVRP,597,ok,10.4819261206,7
CVRP,598,ok,11.5020276654,7
CVRP,599,ok,9.9430058501,7
CVRP,600,ok,12.7457060060,7
CVRP,601,ok,9.6268335450,7
CVRP,602,ok,8.8434259144,7
CVRP,603,ok,10.7845778663,6
CVRP,604,ok,12.5975579520,7
CVRP,605,ok,9.8050491351,7
CVRP,606,ok,13.2780904893,7
CVRP,607,ok,10.3852643824,7
CVRP,608,ok,10.0506947389,8
CVRP,609,ok,11.0206047132,7
CVRP,610,ok,12.1592002646,7
CVRP,611,ok,10.6050483751,7
CVRP,612,ok,10.2600664191,7
CVRP,613,ok,11.4527059418,7
CVRP,614,ok,9.4898032986,6
CVRP,615,ok,10.2272192555,7
CVRP,616,ok,12.0431311823,8
CVRP,617,ok,9.2217139160,7
CVRP,618,ok,10.9133008212,6
CVRP,619,ok,13.5324352924,7
CVRP,620,ok,10.9013546162,7
CVRP,621,ok,10.9308053474,6
CVRP,622,ok,9.1546239664,7
CVRP,623,ok,9.7840136677,7
CVRP,624,ok,10.4110429037,7
CVRP,625,ok,11.9778367318,8
CVRP,626,ok,9.6443391323,6
CVRP,627,ok,11.7352589330,8
CVRP,628,ok,11.5918622766,6
CVRP,629,ok,12.1457020473,6
CVRP,630,ok,11.3561578297,6
CVRP,631,ok,11.4423357454,7
CVRP,632,ok,11.6868593167,7
CVRP,633,ok,11.3379996445,7
CVRP,634,ok,10.2353990345,7
CVRP,635,ok,10.1364266671,8
CVRP,636,ok,10.4390110223,7
CVRP,637,ok,9.7131048064,8
CVRP,638,ok,12.5179128665,7
CVRP,639,ok,12.2502221170,8
CVRP,640,ok,10.6051030125,7
CVRP,641,ok,12.1855249815,7
CVRP,642,ok,11.5453619115,7
CVRP,643,ok,11.6270818809,7
CVRP,644,ok,11.5548102575,7
CVRP,645,ok,11.6713033264,7
CVRP,646,ok,10.8651959983,6
CVRP,647,ok,11.9031209301,8
CVRP,648,ok,12.2797847871,8
CVRP,649,ok,9.5297953910,7
CVRP,650,ok,13.5231836255,7
CVRP,651,ok,11.9557965713,8
CVRP,652,ok,11.4350386983,8
CVRP,653,ok,10.3592306181,7
CVRP,654,ok,10.0353151371,7
CVRP,655,ok,8.7840627706,7
CVRP,656,ok,12.0883794712,7
CVRP,657,ok,9.9709381065,7
CVRP,658,ok,9.0112590250,6
CVRP,659,ok,10.1191086857,8
CVRP,660,ok,9.6901027849,7
CVRP,661,ok,9.6319811765,9
CVRP,662,ok,9.6291654750,7
CVRP,663,ok,11.3327005954,7
CVRP,664,ok,12.2728825897,7
CVRP,665,ok,10.4178846704,6
CVRP,666,ok,13.9410144259,7
CVRP,667,ok,10.6026357493,7
CVRP,668,ok,9.7509294677,7
CVRP,669,ok,8.6118432909,7
CVRP,670,ok,12.3536454808,8
CVRP,671,ok,12.2260128965,7
CVRP,672,ok,9.0781265672,6
CVRP,673,ok,10.4894576255,7
CVRP,674,ok,13.0517163801,8
CVRP,675,ok,11.4663973764,7
CVRP,676,ok,9.4275565723,6
CVRP,677,ok,10.7090739400,7
CVRP,678,ok,10.1162886242,7
CVRP,679,ok,11.0509099168,8
CVRP,680,ok,10.4333408149,7
CVRP,681,ok,10.3044282768,7
CVRP,682,ok,11.2299423192,7
CVRP,683,ok,10.1636330009,8
CVRP,684,ok,10.5289698305,7
CVRP,685,ok,8.6680181399,6
CVRP,686,ok,10.7446864211,7
CVRP,687,ok,11.3967553722,8
CVRP,688,ok,9.0403572452,8
CVRP,689,ok,9.5283578380,8
CVRP,690,ok,12.2956290302,7
CVRP,691,ok,9.1273708586,6
CVRP,692,ok,10.0269457277,8
CVRP,693,ok,11.6730307463,8
CVRP,694,ok,10.5893761612,7
CVRP,695,ok,12.2681119340,6
CVRP,696,ok,10.5530035843,7
CVRP,697,ok,7.5631476144,6
CVRP,698,ok,11.9100507169,7
CVRP,699,ok,12.1545522582,7
CVRP,700,ok,11.4494177858,7
CVRP,701,ok,10.9065259000,7
CVRP,702,ok,10.9338658012,7
CVRP,703,ok,11.7220718307,8
CVRP,704,ok,12.3465573837,8
CVRP,705,ok,14.1977713356,8
CVRP,706,ok,11.4368698895,8
CVRP,707,ok,9.8846159725,7
CVRP,708,ok,9.4574838397,6
CVRP,709,ok,13.5762913589,8
CVRP,710,ok,9.4619876274,7
CVRP,711,ok,11.1967671473,7
CVRP,712,ok,9.7255169617,7
CVRP,713,ok,10.0628052289,8
CVRP,714,ok,10.1241269786,7
CVRP,715,ok,10.9395356165,8
CVRP,716,ok,10.4519609586,7
CVRP,717,ok,13.1039098257,8
CVRP,718,ok,9.8706644806,8
CVRP,719,ok,10.4228646855,7
CVRP,720,ok,12.0914709448,6
CVRP,721,ok,11.1623605806,7
CVRP,722,ok,8.8201241754,7
CVRP,723,ok,9.7970817939,7
CVRP,724,ok,10.8514694213,7
CVRP,725,ok,9.2680625785,7
CVRP,726,ok,10.5849568730,7
CVRP,727,ok,12.8839255965,7
CVRP,728,ok,10.2717150620,7
CVRP,729,ok,10.4763007256,6
CVRP,730,ok,11.7912715476,7
CVRP,731,ok,9.5267100477,7
CVRP,732,ok,8.6133530080,7
CVRP,733,ok,9.9173982861,6
CVRP,734,ok,9.6609050972,8
CVRP,735,ok,10.0444033668,7
CVRP,736,ok,12.3642363259,7
CVRP,737,ok,10.8774390715,8
CVRP,738,ok,11.5423453710,6
CVRP,739,ok,10.1026831225,6
CVRP,740,ok,10.0025989588,7
CVRP,741,ok,10.2260987294,6
CVRP,742,ok,13.2872484942,8
CVRP,743,ok,8.9635249771,6
CVRP,744,ok,13.7071058460,7
CVRP,745,ok,10.9807495445,6
CVRP,746,ok,11.9313540651,8
CVRP,747,ok,10.0703949865,7
CVRP,748,ok,7.9875621048,6
CVRP,749,ok,11.3857804457,7
CVRP,750,ok,11.7418492738,8
CVRP,751,ok,10.3364634481,7
CVRP,752,ok,10.1015206082,7
CVRP,753,ok,11.4181971610,8
CVRP,754,ok,9.4319849701,6
CVRP,755,ok,10.1809835673,7
CVRP,756,ok,12.8978983631,7
CVRP,757,ok,10.3252487037,7
CVRP,758,ok,10.8794136870,7
CVRP,759,ok,9.2284724262,7
CVRP,760,ok,12.8414197488,7
CVRP,761,ok,9.4708655282,6
CVRP,762,ok,10.6428799551,8
CVRP,763,ok,11.0757196285,7
CVRP,764,ok,9.5281482301,7
CVRP,765,ok,10.2179259878,7
CVRP,766,ok,10.3944819399,8
CVRP,767,ok,8.9688148433,6
CVRP,768,ok,11.4898596202,6
CVRP,769,ok,12.8214923350,8
CVRP,770,ok,10.4266973336,7
CVRP,771,ok,16.5645054137,8
CVRP,772,ok,11.3144449367,7
CVRP,773,ok,15.0579708178,7
CVRP,774,ok,11.6830549941,7
CVRP,775,ok,10.8638580957,8
CVRP,776,ok,9.6780792100,7
CVRP,777,ok,11.4474283927,7
CVRP,778,ok,8.5809768533,7
CVRP,779,ok,11.3020351340,6
CVRP,780,ok,10.0486569368,8
CVRP,781,ok,12.6265900296,8
CVRP,782,ok,9.9205036191,6
CVRP,783,ok,9.4728091211,7
CVRP,784,ok,13.1334022773,7
CVRP,785,ok,13.8899342709,8
CVRP,786,ok,11.8975585763,8
CVRP,787,ok,10.6171824080,7
CVRP,788,ok,10.5120061639,9
CVRP,789,ok,8.4895382538,6
CVRP,790,ok,11.6459300416,7
CVRP,791,ok,9.2136616463,6
CVRP,792,ok,10.0621958141,8
CVRP,793,ok,9.0183950498,7
CVRP,794,ok,14.8606799505,7
CVRP,795,ok,10.0997097035,8
CVRP,796,ok,10.1186196812,7
CVRP,797,ok,11.7602839061,8
CVRP,798,ok,11.7183837339,8
CVRP,799,ok,11.5666433926,7
CVRP,800,ok,10.1960608090,8
CVRP,801,ok,10.2317781961,6
CVRP,802,ok,10.3718469834,7
CVRP,803,ok,10.6845327588,7
CVRP,804,ok,8.9477503998,8
CVRP,805,ok,12.2359526943,8
CVRP,806,ok,11.5240710888,7
CVRP,807,ok,10.2048463859,6
CVRP,808,ok,10.1592794462,8
CVRP,809,ok,13.2832547795,7
CVRP,810,ok,9.7084683679,7
CVRP,811,ok,12.6231069708,7
CVRP,812,ok,14.7000996469,8
CVRP,813,ok,12.8449377979,7
CVRP,814,ok,12.0399387019,6
CVRP,815,ok,8.9201629789,7
CVRP,816,ok,11.5889462774,7
CVRP,817,ok,8.6251973231,7
CVRP,818,ok,9.1796229362,7
CVRP,819,ok,9.4519354697,8
CVRP,820,ok,9.3629988715,7
CVRP,821,ok,9.1012291612,8
CVRP,822,ok,10.1462148573,7
CVRP,823,ok,12.1824047641,7
CVRP,824,ok,12.6443625688,7
CVRP,825,ok,11.3113113925,8
CVRP,826,ok,9.7427778649,7
CVRP,827,ok,13.2743594344,7
CVRP,828,ok,10.2255923950,7
CVRP,829,ok,11.2939347210,7
CVRP,830,ok,10.0972638175,7
CVRP,831,ok,10.3590768018,7
CVRP,832,ok,13.0052322488,8
CVRP,833,ok,13.5001127893,8
CVRP,834,ok,12.4163735722,7
CVRP,835,ok,10.4724553365,7
CVRP,836,ok,11.9653057602,7
CVRP,837,ok,10.7443224738,7
CVRP,838,ok,11.3881035109,7
CVRP,839,ok,10.3645082757,6
CVRP,840,ok,9.8659591442,6
CVRP,841,ok,9.4130442820,7
CVRP,842,ok,8.7189658142,6
CVRP,843,ok,11.1479272045,7
CVRP,844,ok,9.4903186096,7
CVRP,845,ok,12.2685205525,7
CVRP,846,ok,9.6250835314,8
CVRP,847,ok,9.5084227573,6
CVRP,848,ok,13.7318647681,7
CVRP,849,ok,13.1456793801,7
CVRP,850,ok,15.0801037030,8
CVRP,851,ok,10.7612157249,6
CVRP,852,ok,11.4114458419,7
CVRP,853,ok,10.8250896793,6
CVRP,854,ok,9.4809658177,7
CVRP,855,ok,10.5848510200,7
CVRP,856,ok,10.2840432743,7
CVRP,857,ok,10.5082407291,6
CVRP,858,ok,8.8756635722,6
CVRP,859,ok,11.3829794088,8
CVRP,860,ok,11.6757012722,7
CVRP,861,ok,13.2889373167,7
CVRP,862,ok,13.2987110442,6
CVRP,863,ok,12.1195154273,8
CVRP,864,ok,9.6953423626,7
CVRP,865,ok,12.3661131901,8
CVRP,866,ok,12.0849294593,8
CVRP,867,ok,9.5160415130,7
CVRP,868,ok,8.8155484864,7
CVRP,869,ok,9.9233072099,8
CVRP,870,ok,13.1300445209,7
CVRP,871,ok,11.9036596166,7
CVRP,872,ok,12.0913722685,7
CVRP,873,ok,11.0022572198,8
CVRP,874,ok,10.4888722827,6
CVRP,875,ok,10.1177951154,6
CVRP,876,ok,11.8846200080,7
CVRP,877,ok,9.0554408724,7
CVRP,878,ok,10.4631650208,7
CVRP,879,ok,9.4921085202,8
CVRP,880,ok,12.1327931150,8
CVRP,881,ok,9.5697994104,9
CVRP,882,ok,9.2008227860,7
CVRP,883,ok,9.8793211114,6
CVRP,884,ok,11.9132773635,7
CVRP,885,ok,12.2322521351,7
CVRP,886,ok,9.6486792056,7
CVRP,887,ok,8.9550757396,7
CVRP,888,ok,11.4617865583,6
CVRP,889,ok,9.2937363458,7
CVRP,890,ok,10.8061756788,7
CVRP,891,ok,10.6542930884,7
CVRP,892,ok,9.3075180611,7
CVRP,893,ok,12.2507994669,7
CVRP,894,ok,11.9283144894,7
CVRP,895,ok,10.1290610513,7
CVRP,896,ok,12.0183909150,8
CVRP,897,ok,9.5545903523,6
CVRP,898,ok,10.3111205462,7
CVRP,899,ok,10.0586974337,8
CVRP,900,ok,9.0586379859,7
CVRP,901,ok,11.1820753369,7
CVRP,902,ok,11.5462580387,7
CVRP,903,ok,8.6464541944,6
CVRP,904,ok,12.4577114596,8
CVRP,905,ok,12.7441656033,7
CVRP,906,ok,10.7920365151,8
CVRP,907,ok,13.1492918517,7
CVRP,908,ok,14.2223159948,8
CVRP,909,ok,11.8751868545,8
CVRP,910,ok,10.9245698619,8
CVRP,911,ok,11.9865756020,6
CVRP,912,ok,13.1489985528,7
CVRP,913,ok,12.7721039503,7
CVRP,914,ok,9.5104278891,7
CVRP,915,ok,11.2853362454,7
CVRP,916,ok,10.6506274587,7
CVRP,917,ok,11.2946800601,8
CVRP,918,ok,10.5879562556,7
CVRP,919,ok,8.7572401227,7
CVRP,920,ok,11.2848765759,7
CVRP,921,ok,12.6471062839,7
CVRP,922,ok,9.4358588571,7
CVRP,923,ok,11.2494423596,7
CVRP,924,ok,12.2524075594,8
CVRP,925,ok,10.2951027729,7
CVRP,926,ok,12.7385476658,7
CVRP,927,ok,11.0693634349,6
CVRP,928,ok,9.5751116606,7
CVRP,929,ok,13.1264000178,8
CVRP,930,ok,9.6126902440,7
CVRP,931,ok,10.9794677187,7
CVRP,932,ok,10.3040643066,7
CVRP,933,ok,12.1939997156,7
CVRP,934,ok,10.7849820216,8
CVRP,935,ok,10.0671471229,8
CVRP,936,ok,13.2718377197,7
CVRP,937,ok,11.7465914135,8
CVRP,938,ok,12.8497057575,6
CVRP,939,ok,10.0961635786,7
CVRP,940,ok,11.3366031422,7
CVRP,941,ok,12.4979794361,7
CVRP,942,ok,8.6716838371,7
CVRP,943,ok,8.0922586138,7
CVRP,944,ok,11.6334797686,6
CVRP,945,ok,11.8535609295,7
CVRP,946,ok,9.8295740635,8
CVRP,947,ok,9.6292101392,7
CVRP,948,ok,11.1462825788,6
CVRP,949,ok,10.5361199820,7
CVRP,950,ok,11.3078545893,8
CVRP,951,ok,11.1004036190,7
CVRP,952,ok,13.2110305356,8
CVRP,953,ok,11.7059548824,7
CVRP,954,ok,10.4811432823,8
CVRP,955,ok,12.4496163854,8
CVRP,956,ok,11.5489047083,7
CVRP,957,ok,11.5717446658,7
CVRP,958,ok,10.4299870626,7
CVRP,959,ok,11.1354912631,7
CVRP,960,ok,12.2801117111,7
CVRP,961,ok,9.5381556010,7
CVRP,962,ok,10.6667862781,7
CVRP,963,ok,9.2646207806,7
CVRP,964,ok,12.6306112095,7
CVRP,965,ok,13.1325552607,7
CVRP,966,ok,9.1764361003,7
CVRP,967,ok,10.4402398207,7
CVRP,968,ok,12.3645672767,7
CVRP,969,ok,12.5107960092,7
CVRP,970,ok,12.1617116398,7
CVRP,971,ok,10.5386353708,7
CVRP,972,ok,12.2566875457,6
CVRP,973,ok,8.3323974260,7
CVRP,974,ok,10.7645213800,8
CVRP,975,ok,9.6653232189,8
CVRP,976,ok,13.0788938346,7
CVRP,977,ok,10.4727892349,7
CVRP,978,ok,12.2861173286,7
CVRP,979,ok,9.9597159672,7
CVRP,980,ok,11.0641552075,7
CVRP,981,ok,8.6166422972,7
CVRP,982,ok,9.9975028612,7
CVRP,983,ok,12.3680823651,7
CVRP,984,ok,11.5142779446,7
CVRP,985,ok,12.8159889778,8
CVRP,986,ok,11.5163032375,7
CVRP,987,ok,10.2271355994,7
CVRP,988,ok,11.8493782424,7
CVRP,989,ok,11.1129878355,6
CVRP,990,ok,9.4174059367,8
CVRP,991,ok,11.3903572659,7
CVRP,992,ok,10.0309909834,8
CVRP,993,ok,12.4243202119,7
CVRP,994,ok,10.8853185463,8
CVRP,995,ok,12.8094565912,7
CVRP,996,ok,12.4604542513,7
CVRP,997,ok,10.9314248413,7
CVRP,998,ok,9.4922434137,8
CVRP,999,ok,11.2733754308,7
OVRP,0,ok,7.5693434121,9
OVRP,1,ok,8.5627178556,6
OVRP,2,ok,7.1129083889,10
OVRP,3,ok,8.0955540829,10
OVRP,4,ok,6.9327931900,11
OVRP,5,ok,8.1296058189,9
OVRP,6,ok,8.3350870532,9
OVRP,7,ok,8.2753388011,9
OVRP,8,ok,6.9333865693,10
OVRP,9,ok,6.8600882103,9
OVRP,10,ok,7.5178209984,10
OVRP,11,ok,6.7163617240,9
OVRP,12,ok,7.8537821963,8
OVRP,13,ok,6.9409256703,9
OVRP,14,ok,7.8015831523,8
OVRP,15,ok,8.1147731539,9
OVRP,16,ok,7.0875214564,8
OVRP,17,ok,6.6268351258,9
OVRP,18,ok,6.9420495255,8
OVRP,19,ok,7.6108680286,9
OVRP,20,ok,7.8973030910,8
OVRP,21,ok,7.3837308087,7
OVRP,22,ok,6.1159506356,8
OVRP,23,ok,7.9708647543,9
OVRP,24,ok,8.0703378460,7
OVRP,25,ok,6.6637855621,9
OVRP,26,ok,6.4785232714,9
OVRP,27,ok,6.9811711098,8
OVRP,28,ok,6.7751124388,10
OVRP,29,ok,5.9375113147,8
OVRP,30,ok,7.1012548105,11
OVRP,31,ok,7.0838901727,9
OVRP,32,ok,8.4786665758,8
OVRP,33,ok,6.7729603140,8
OVRP,34,ok,7.3187590064,8
OVRP,35,ok,7.8992019025,8
OVRP,36,ok,6.4769971068,10
OVRP,37,ok,6.8643803361,9
OVRP,38,ok,7.3139065180,8
OVRP,39,ok,8.0124315887,10
OVRP,40,ok,6.2525807439,8
OVRP,41,ok,7.2720191323,9
OVRP,42,ok,6.1478638478,11
OVRP,43,ok,7.6873443702,10
OVRP,44,ok,6.9507096748,9
OVRP,45,ok,7.7938530191,8
OVRP,46,ok,7.4170079243,9
OVRP,47,ok,7.0789772206,9
OVRP,48,ok,7.7093212664,8
OVRP,49,ok,7.1657552864,8
OVRP,50,ok,7.7875839297,9
OVRP,51,ok,7.3802436881,8
OVRP,52,ok,6.9230301596,10
OVRP,53,ok,7.2397364329,9
OVRP,54,ok,7.8463687589,8
OVRP,55,ok,8.6764785503,9
OVRP,56,ok,7.4824055175,8
OVRP,57,ok,6.9851061627,8
OVRP,58,ok,6.8013448004,9
OVRP,59,ok,7.6707010181,7
OVRP,60,ok,6.1445126162,9
OVRP,61,ok,6.3083673591,9
OVRP,62,ok,6.6980656867,8
OVRP,63,ok,7.4059052683,8
OVRP,64,ok,8.7638165679,8
OVRP,65,ok,7.5905993662,8
OVRP,66,ok,8.0328113284,10
OVRP,67,ok,6.4215219789,9
OVRP,68,ok,8.2073458333,8
OVRP,69,ok,7.3018237680,7
OVRP,70,ok,6.9667143367,9
OVRP,71,ok,5.9902237536,8
OVRP,72,ok,7.7272589784,7
OVRP,73,ok,8.2861719861,7
OVRP,74,ok,7.2322105602,9
OVRP,75,ok,7.4583506320,8
OVRP,76,ok,7.5447216736,10
OVRP,77,ok,7.2619747786,8
OVRP,78,ok,6.7361694175,8
OVRP,79,ok,6.8902548133,9
OVRP,80,ok,7.8683505983,10
OVRP,81,ok,7.7293826167,9
OVRP,82,ok,7.6205423430,10
OVRP,83,ok,6.4218131635,7
OVRP,84,ok,7.0003773435,8
OVRP,85,ok,6.5744970203,7
OVRP,86,ok,7.6221172428,8
OVRP,87,ok,7.7277167312,8
OVRP,88,ok,7.2487544215,9
OVRP,89,ok,7.8605939734,10
OVRP,90,ok,7.2616687737,8
OVRP,91,ok,8.2531750991,8
OVRP,92,ok,7.7272108179,7
OVRP,93,ok,7.0739556633,8
OVRP,94,ok,7.7447405291,8
OVRP,95,ok,7.5885979591,9
OVRP,96,ok,8.6982858787,7
OVRP,97,ok,8.6933232855,9
OVRP,98,ok,6.1096244152,7
OVRP,99,ok,5.8647952905,9
OVRP,100,ok,7.4212491796,8
OVRP,101,ok,7.0737411540,10
OVRP,102,ok,7.1903642171,8
OVRP,103,ok,6.6262243264,9
OVRP,104,ok,7.9562369896,8
OVRP,105,ok,6.9030104448,9
OVRP,106,ok,7.5903846413,9
OVRP,107,ok,6.6510802046,10
OVRP,108,ok,6.4096885872,9
OVRP,109,ok,7.7584566319,8
OVRP,110,ok,5.8195004882,9
OVRP,111,ok,7.1137595957,9
OVRP,112,ok,8.7076051402,7
OVRP,113,ok,7.4711300378,7
OVRP,114,ok,7.2494969011,8
OVRP,115,ok,7.2389331483,7
OVRP,116,ok,8.1493788321,7
OVRP,117,ok,7.7747344303,9
OVRP,118,ok,8.2835108140,8
OVRP,119,ok,6.7883367313,7
OVRP,120,ok,8.1674507430,11
OVRP,121,ok,6.8429960379,10
OVRP,122,ok,7.6191193128,7
OVRP,123,ok,7.6810865000,9
OVRP,124,ok,7.6689657902,9
OVRP,125,ok,6.9069732428,7
OVRP,126,ok,6.6909770944,7
OVRP,127,ok,7.0187324164,7
OVRP,128,ok,7.5743057799,8
OVRP,129,ok,8.1439449584,9
OVRP,130,ok,7.9172226355,10
OVRP,131,ok,7.0153459743,11
OVRP,132,ok,6.7533292807,10
OVRP,133,ok,7.2024576830,9
OVRP,134,ok,7.3223465908,8
OVRP,135,ok,7.0214864994,10
OVRP,136,ok,6.6809223748,9
OVRP,137,ok,6.8254725338,10
OVRP,138,ok,7.9829070730,9
OVRP,139,ok,8.8900904093,8
OVRP,140,ok,8.0760320483,7
OVRP,141,ok,7.6861412939,9
OVRP,142,ok,5.8392514159,8
OVRP,143,ok,7.3386076487,7
OVRP,144,ok,8.0020612217,9
OVRP,145,ok,7.7245685910,8
OVRP,146,ok,8.1197556027,8
OVRP,147,ok,6.2770293578,8
OVRP,148,ok,8.2905677856,8
OVRP,149,ok,6.7438966350,9
OVRP,150,ok,8.5193930319,8
OVRP,151,ok,7.3560687562,9
OVRP,152,ok,7.1771173777,7
OVRP,153,ok,7.5002360444,8
OVRP,154,ok,7.7800392575,9
OVRP,155,ok,6.3916053015,11
OVRP,156,ok,8.8187590636,9
OVRP,157,ok,5.5016950233,10
OVRP,158,ok,7.1240407369,9
OVRP,159,ok,7.6831332210,8
OVRP,160,ok,6.7672651651,9
OVRP,161,ok,6.1258994569,7
OVRP,162,ok,7.4685119755,9
OVRP,163,ok,7.0668777045,10
OVRP,164,ok,7.1108798987,9
OVRP,165,ok,8.1609941023,11
OVRP,166,ok,7.3183290142,7
OVRP,167,ok,7.2468108077,8
OVRP,168,ok,6.2435322911,8
OVRP,169,ok,7.8403085184,7
OVRP,170,ok,7.7130522951,8
OVRP,171,ok,7.5037115218,9
OVRP,172,ok,6.8282785581,9
OVRP,173,ok,7.9875530260,8
OVRP,174,ok,7.4663416309,9
OVRP,175,ok,6.9894952873,7
OVRP,176,ok,8.0270346675,10
OVRP,177,ok,6.9149824755,8
OVRP,178,ok,6.1789371367,8
OVRP,179,ok,7.0858638399,10
OVRP,180,ok,7.6561164868,8
OVRP,181,ok,8.0687313246,8
OVRP,182,ok,7.6904406563,7
OVRP,183,ok,6.0821745007,10
OVRP,184,ok,7.4557226486,8
OVRP,185,ok,5.7584479760,10
OVRP,186,ok,6.0526236663,7
OVRP,187,ok,7.6387467988,9
OVRP,188,ok,6.8470370016,8
OVRP,189,ok,7.6933530559,8
OVRP,190,ok,6.7027545235,8
OVRP,191,ok,8.9096491084,8
OVRP,192,ok,6.4707492194,10
OVRP,193,ok,6.3126677060,8
OVRP,194,ok,8.1076011130,8
OVRP,195,ok,8.2041718650,8
OVRP,196,ok,7.9610157912,9
OVRP,197,ok,6.7194838224,9
OVRP,198,ok,7.8708702192,7
OVRP,199,ok,7.1063255910,7
OVRP,200,ok,7.3670596332,8
OVRP,201,ok,6.1518002843,9
OVRP,202,ok,6.9250130010,7
OVRP,203,ok,6.2043685922,9
OVRP,204,ok,6.6519748422,8
OVRP,205,ok,8.4851238687,7
OVRP,206,ok,7.6261004855,9
OVRP,207,ok,7.8976600763,8
OVRP,208,ok,6.9836477168,9
OVRP,209,ok,6.3904836746,9
OVRP,210,ok,7.5655999285,9
OVRP,211,ok,6.4254705563,6
OVRP,212,ok,6.5302913989,8
OVRP,213,ok,8.0544870031,7
OVRP,214,ok,7.1845954177,9
OVRP,215,ok,8.0750368182,8
OVRP,216,ok,7.2630632744,9
OVRP,217,ok,7.4556528454,9
OVRP,218,ok,7.9449786872,8
OVRP,219,ok,6.9626214437,12
OVRP,220,ok,6.8171472592,10
OVRP,221,ok,7.6445696337,9
OVRP,222,ok,8.4530856909,9
OVRP,223,ok,7.5611653463,9
OVRP,224,ok,6.9547370697,9
OVRP,225,ok,6.7847010218,10
OVRP,226,ok,6.3866728638,11
OVRP,227,ok,7.2286219857,9
OVRP,228,ok,7.4960793981,8
OVRP,229,ok,7.0708042784,9
OVRP,230,ok,7.0802485336,11
OVRP,231,ok,7.9449527317,8
OVRP,232,ok,7.7360130916,9
OVRP,233,ok,6.7686891379,9
OVRP,234,ok,7.3496863417,8
OVRP,235,ok,7.7605695359,7
OVRP,236,ok,8.3601910445,7
OVRP,237,ok,6.6800861749,8
OVRP,238,ok,8.4721042316,10
OVRP,239,ok,7.6764187687,9
OVRP,240,ok,6.1773771249,8
OVRP,241,ok,7.7255381330,9
OVRP,242,ok,6.4053499098,9
OVRP,243,ok,7.2684564723,6
OVRP,244,ok,7.3213927601,9
OVRP,245,ok,7.6524171714,10
OVRP,246,ok,8.3049348476,8
OVRP,247,ok,8.1227960061,9
OVRP,248,ok,7.9066776990,7
OVRP,249,ok,7.1092609402,9
OVRP,250,ok,6.4147101302,7
OVRP,251,ok,7.4764403147,9
OVRP,252,ok,7.5645903459,8
OVRP,253,ok,7.5720298563,8
OVRP,254,ok,7.2858859988,10
OVRP,255,ok,6.4990453752,9
OVRP,256,ok,7.7965089780,9
OVRP,257,ok,6.5216363633,8
OVRP,258,ok,6.6141151230,7
OVRP,259,ok,6.4589121984,7
OVRP,260,ok,6.0897802702,8
OVRP,261,ok,6.4663174997,9
OVRP,262,ok,8.7328042348,8
OVRP,263,ok,6.6929991331,9
OVRP,264,ok,6.8689591507,8
OVRP,265,ok,7.1698038275,7
OVRP,266,ok,6.6568439709,9
OVRP,267,ok,6.9850355478,8
OVRP,268,ok,6.2059833178,8
OVRP,269,ok,6.6229005698,8
OVRP,270,ok,6.7404858351,8
OVRP,271,ok,6.6371935991,9
OVRP,272,ok,6.2791774450,7
OVRP,273,ok,6.2229852596,7
OVRP,274,ok,8.0350275199,9
OVRP,275,ok,8.0499638618,7
OVRP,276,ok,7.8217287147,9
OVRP,277,ok,7.5171794823,8
OVRP,278,ok,6.6149503479,9
OVRP,279,ok,7.4380439928,9
OVRP,280,ok,7.2866380963,9
OVRP,281,ok,6.7142464181,8
OVRP,282,ok,8.3826088851,9
OVRP,283,ok,6.5938722611,10
OVRP,284,ok,8.1144407033,10
OVRP,285,ok,8.3256467182,9
OVRP,286,ok,6.8933945819,9
OVRP,287,ok,5.9069764920,8
OVRP,288,ok,6.9082096851,8
OVRP,289,ok,6.5584573583,9
OVRP,290,ok,8.9880691321,8
OVRP,291,ok,6.2167549128,8
OVRP,292,ok,7.7711301044,8
OVRP,293,ok,8.6424789896,8
OVRP,294,ok,7.2780481976,7
OVRP,295,ok,8.5224686601,8
OVRP,296,ok,7.1983472899,7
OVRP,297,ok,8.7341597460,9
OVRP,298,ok,7.2560296736,9
OVRP,299,ok,7.0563699727,7
OVRP,300,ok,7.1114001615,10
OVRP,301,ok,6.7231782361,9
OVRP,302,ok,7.5501480786,10
OVRP,303,ok,6.8773366836,8
OVRP,304,ok,7.0206781638,8
OVRP,305,ok,6.7141646911,8
OVRP,306,ok,8.1503067805,8
OVRP,307,ok,6.1518230112,9
OVRP,308,ok,7.9274123481,7
OVRP,309,ok,6.5954251574,8
OVRP,310,ok,7.0679608687,8
OVRP,311,ok,6.9598416211,8
OVRP,312,ok,6.9404589073,9
OVRP,313,ok,6.2039046819,9
OVRP,314,ok,5.8321032120,8
OVRP,315,ok,7.3362972363,10
OVRP,316,ok,8.1099622214,9
OVRP,317,ok,8.7856699182,8
OVRP,318,ok,8.7231713548,10
OVRP,319,ok,7.5621528075,9
OVRP,320,ok,7.1602618481,7
OVRP,321,ok,6.7939561558,10
OVRP,322,ok,7.1281940673,8
OVRP,323,ok,6.7832640362,7
OVRP,324,ok,6.6056686773,10
OVRP,325,ok,8.0345250876,10
OVRP,326,ok,6.4843725875,8
OVRP,327,ok,8.2257285426,8
OVRP,328,ok,6.7817150060,9
OVRP,329,ok,6.9118810191,7
OVRP,330,ok,7.1552188046,8
OVRP,331,ok,6.6685557430,10
OVRP,332,ok,8.1360755408,9
OVRP,333,ok,7.2313499071,8
OVRP,334,ok,7.0230098076,9
OVRP,335,ok,7.7866259169,8
OVRP,336,ok,7.1493041195,10
OVRP,337,ok,8.6028215125,7
OVRP,338,ok,6.9655038373,9
OVRP,339,ok,7.4451835994,10
OVRP,340,ok,7.4522648054,9
OVRP,341,ok,7.6317730990,8
OVRP,342,ok,7.2178547642,8
OVRP,343,ok,7.6030800926,8
OVRP,344,ok,6.7616218528,9
OVRP,345,ok,8.6279893191,9
OVRP,346,ok,7.4193807670,9
OVRP,347,ok,7.7157414221,7
OVRP,348,ok,7.6211927813,10
OVRP,349,ok,6.6129828880,10
OVRP,350,ok,7.2804254308,8
OVRP,351,ok,6.1464440399,9
OVRP,352,ok,6.5290671200,9
OVRP,353,ok,6.2578964284,8
OVRP,354,ok,7.5724826043,9
OVRP,355,ok,7.7912221625,8
OVRP,356,ok,7.3616190980,7
OVRP,357,ok,7.9561712221,10
OVRP,358,ok,7.8351589261,7
OVRP,359,ok,6.9617385681,9
OVRP,360,ok,6.4441401825,9
OVRP,361,ok,6.9555882085,9
OVRP,362,ok,6.4203810403,9
OVRP,363,ok,7.3327319027,9
OVRP,364,ok,8.0018563922,9
OVRP,365,ok,7.1648994484,10
OVRP,366,ok,6.4051513961,10
OVRP,367,ok,5.8500254722,7
OVRP,368,ok,7.2759525720,9
OVRP,369,ok,6.6938947528,10
OVRP,370,ok,8.1772442414,7
OVRP,371,ok,7.1907283417,8
OVRP,372,ok,8.2191520250,8
OVRP,373,ok,7.2257578860,7
OVRP,374,ok,7.4627316735,10
OVRP,375,ok,6.7957645964,8
OVRP,376,ok,7.3373818900,6
OVRP,377,ok,6.8668598335,9
OVRP,378,ok,7.2764230506,8
OVRP,379,ok,7.8495096650,9
OVRP,380,ok,6.8307090962,9
OVRP,381,ok,7.3210369720,9
OVRP,382,ok,7.3051612007,8
OVRP,383,ok,7.2925912283,10
OVRP,384,ok,6.4643348184,8
OVRP,385,ok,7.6711619581,8
OVRP,386,ok,5.7913913685,8
OVRP,387,ok,8.3810734555,9
OVRP,388,ok,6.9770568022,9
OVRP,389,ok,6.5274324960,9
OVRP,390,ok,6.6833766553,8
OVRP,391,ok,8.4176816490,9
OVRP,392,ok,7.2631510916,7
OVRP,393,ok,7.9674924645,9
OVRP,394,ok,7.1681003632,7
OVRP,395,ok,7.5431236667,7
OVRP,396,ok,7.5513919291,9
OVRP,397,ok,7.2563326483,8
OVRP,398,ok,7.3825005914,10
OVRP,399,ok,7.6554991427,8
OVRP,400,ok,7.1304744470,9
OVRP,401,ok,7.0769435827,9
OVRP,402,ok,6.7732252726,9
OVRP,403,ok,7.2685811960,8
OVRP,404,ok,6.1268568193,8
OVRP,405,ok,7.5222418463,8
OVRP,406,ok,6.0908598644,9
OVRP,407,ok,6.4597720946,9
OVRP,408,ok,6.5855940323,8
OVRP,409,ok,6.8752114569,8
OVRP,410,ok,8.2617476523,9
OVRP,411,ok,7.4493105805,9
OVRP,412,ok,7.5088686573,7
OVRP,413,ok,7.1870726475,9
OVRP,414,ok,6.0912842050,8
OVRP,415,ok,7.1849242704,8
OVRP,416,ok,7.2438286310,8
OVRP,417,ok,8.0113436846,7
OVRP,418,ok,6.7953989538,8
OVRP,419,ok,6.4602003897,8
OVRP,420,ok,7.9230989299,8
OVRP,421,ok,8.0912718203,8
OVRP,422,ok,6.6026839602,8
OVRP,423,ok,7.8756611781,9
OVRP,424,ok,6.6376842586,10
OVRP,425,ok,7.0401961126,8
OVRP,426,ok,6.6122772703,7
OVRP,427,ok,6.7690883799,8
OVRP,428,ok,8.6909941922,8
OVRP,429,ok,7.9347170221,8
OVRP,430,ok,6.4958370727,10
OVRP,431,ok,7.6350131339,9
OVRP,432,ok,6.9156972899,9
OVRP,433,ok,6.1895070009,8
OVRP,434,ok,7.3807133358,8
OVRP,435,ok,7.9651669649,11
OVRP,436,ok,6.8730522881,9
OVRP,437,ok,8.2343334573,9
OVRP,438,ok,8.5027089480,9
OVRP,439,ok,7.1610948805,10
OVRP,440,ok,7.3978245522,9
OVRP,441,ok,7.4780688275,11
OVRP,442,ok,6.5786967353,8
OVRP,443,ok,6.8438982991,9
OVRP,444,ok,7.5687888757,9
OVRP,445,ok,7.4110356401,9
OVRP,446,ok,8.1413356020,8
OVRP,447,ok,7.8236874422,9
OVRP,448,ok,6.7183149175,8
OVRP,449,ok,6.8371243011,8
OVRP,450,ok,7.5773428920,7
OVRP,451,ok,7.4026176307,8
OVRP,452,ok,8.0841087051,9
OVRP,453,ok,6.5306534887,8
OVRP,454,ok,6.5580179022,8
OVRP,455,ok,5.9821968985,8
OVRP,456,ok,7.4865392390,10
OVRP,457,ok,7.2662584829,12
OVRP,458,ok,6.9255348433,10
OVRP,459,ok,7.7827595612,10
OVRP,460,ok,8.2805198732,8
OVRP,461,ok,6.0827711092,8
OVRP,462,ok,7.2611651695,9
OVRP,463,ok,7.1991746728,7
OVRP,464,ok,7.3854483704,8
OVRP,465,ok,7.8191543122,9
OVRP,466,ok,6.9921874022,8
OVRP,467,ok,8.8392952953,9
OVRP,468,ok,7.9204338607,8
OVRP,469,ok,7.1294777226,8
OVRP,470,ok,6.8789087969,9
OVRP,471,ok,9.5362656900,10
OVRP,472,ok,6.7805404819,9
OVRP,473,ok,6.8157721660,9
OVRP,474,ok,6.9404128665,8
OVRP,475,ok,6.2973538706,10
OVRP,476,ok,6.5055920884,10
OVRP,477,ok,6.8412742770,8
OVRP,478,ok,6.3003906878,9
OVRP,479,ok,7.2965746886,8
OVRP,480,ok,7.1830251250,8
OVRP,481,ok,6.8024841623,8
OVRP,482,ok,6.3886900862,9
OVRP,483,ok,6.8851195684,9
OVRP,484,ok,5.9746573035,8
OVRP,485,ok,8.1212898543,8
OVRP,486,ok,7.6558406189,9
OVRP,487,ok,7.9064992087,10
OVRP,488,ok,6.7240978569,8
OVRP,489,ok,6.6777975970,9
OVRP,490,ok,7.2629248606,7
OVRP,491,ok,7.9272014118,8
OVRP,492,ok,7.2927433463,10
OVRP,493,ok,7.2675630224,7
OVRP,494,ok,9.5896574545,8
OVRP,495,ok,8.0630776684,8
OVRP,496,ok,6.0948564580,7
OVRP,497,ok,7.5763964886,7
OVRP,498,ok,6.8345910396,9
OVRP,499,ok,6.9998242413,8
OVRP,500,ok,6.4112147561,9
OVRP,501,ok,7.1611017367,8
OVRP,502,ok,6.5881121999,9
OVRP,503,ok,8.4902789504,7
OVRP,504,ok,6.3502689761,9
OVRP,505,ok,7.8892758885,8
OVRP,506,ok,8.1329977795,8
OVRP,507,ok,6.5180810330,8
OVRP,508,ok,7.9358070555,9
OVRP,509,ok,6.7805203262,8
OVRP,510,ok,7.4457967306,9
OVRP,511,ok,7.9051284821,10
OVRP,512,ok,6.3415818268,8
OVRP,513,ok,7.3655814510,7
OVRP,514,ok,5.8792867271,8
OVRP,515,ok,7.2322671788,10
OVRP,516,ok,6.4519654574,10
OVRP,517,ok,8.4609953133,9
OVRP,518,ok,7.0413222428,8
OVRP,519,ok,9.0876322447,7
OVRP,520,ok,7.9276887027,7
OVRP,521,ok,6.8765742495,8
OVRP,522,ok,7.7789932400,7
OVRP,523,ok,6.6997972318,10
OVRP,524,ok,7.0401437421,10
OVRP,525,ok,6.8078896038,8
OVRP,526,ok,7.3045078520,10
OVRP,527,ok,7.9381580194,8
OVRP,528,ok,7.8080815005,8
OVRP,529,ok,6.4255233694,9
OVRP,530,ok,6.7157386392,8
OVRP,531,ok,8.3469698149,7
OVRP,532,ok,7.1131300757,9
OVRP,533,ok,9.1452129032,9
OVRP,534,ok,7.4635736639,10
OVRP,535,ok,9.0094028046,8
OVRP,536,ok,8.7096872259,9
OVRP,537,ok,7.0197545715,9
OVRP,538,ok,6.9950244957,9
OVRP,539,ok,7.0212312514,9
OVRP,540,ok,6.2873430998,8
OVRP,541,ok,7.6072982853,8
OVRP,542,ok,7.9842596808,9
OVRP,543,ok,6.8097931475,10
OVRP,544,ok,8.7388629766,10
OVRP,545,ok,7.0961175378,8
OVRP,546,ok,6.6325651186,10
OVRP,547,ok,6.9133861727,9
OVRP,548,ok,8.1455036696,8
OVRP,549,ok,8.0661240944,8
OVRP,550,ok,7.1259839230,7
OVRP,551,ok,6.8192317363,10
OVRP,552,ok,6.7505148768,8
OVRP,553,ok,7.7447052177,7
OVRP,554,ok,7.9688620957,8
OVRP,555,ok,7.4679000122,10
OVRP,556,ok,7.5258336431,8
OVRP,557,ok,6.6987129407,8
OVRP,558,ok,8.1266646166,8
OVRP,559,ok,7.7048393893,7
OVRP,560,ok,7.0541278871,7
OVRP,561,ok,7.1344616761,9
OVRP,562,ok,6.3663848260,7
OVRP,563,ok,7.5624318535,8
OVRP,564,ok,9.2135102593,9
OVRP,565,ok,6.9651915574,9
OVRP,566,ok,6.7064182264,8
OVRP,567,ok,7.8789583680,10
OVRP,568,ok,7.0529529399,7
OVRP,569,ok,6.9826276509,9
OVRP,570,ok,7.0634858899,10
OVRP,571,ok,6.8991895673,7
OVRP,572,ok,7.8614910997,9
OVRP,573,ok,6.9205116950,9
OVRP,574,ok,7.5916479640,9
OVRP,575,ok,6.5137172904,8
OVRP,576,ok,7.7659605626,7
OVRP,577,ok,6.8812896244,10
OVRP,578,ok,8.6687005310,8
OVRP,579,ok,7.2611176480,7
OVRP,580,ok,7.3037664036,7
OVRP,581,ok,6.3590696882,8
OVRP,582,ok,6.9140767524,9
OVRP,583,ok,8.2375852345,8
OVRP,584,ok,6.9684120996,9
OVRP,585,ok,7.3459555585,9
OVRP,586,ok,7.0281000232,9
OVRP,587,ok,6.5003133717,8
OVRP,588,ok,6.4151477224,8
OVRP,589,ok,6.7538868776,9
OVRP,590,ok,8.0134745955,8
OVRP,591,ok,7.0865059061,7
OVRP,592,ok,7.2996673898,9
OVRP,593,ok,7.8796396041,9
OVRP,594,ok,6.8310860753,9
OVRP,595,ok,6.2415457369,8
OVRP,596,ok,6.6874060074,10
OVRP,597,ok,7.1653013003,10
OVRP,598,ok,7.3240291953,9
OVRP,599,ok,6.8698767594,8
OVRP,600,ok,7.1846166272,9
OVRP,601,ok,7.0142928050,7
OVRP,602,ok,8.2084691081,8
OVRP,603,ok,6.7805531234,10
OVRP,604,ok,6.4797090560,8
OVRP,605,ok,7.5794522415,8
OVRP,606,ok,6.8729451062,9
OVRP,607,ok,6.6810249305,9
OVRP,608,ok,6.4907482749,9
OVRP,609,ok,6.5722623294,9
OVRP,610,ok,7.1900684277,11
OVRP,611,ok,6.7112098106,10
OVRP,612,ok,6.1462930765,9
OVRP,613,ok,8.7765725611,8
OVRP,614,ok,9.0465706931,7
OVRP,615,ok,7.8043437278,9
OVRP,616,ok,7.3758533709,8
OVRP,617,ok,7.2458738824,7
OVRP,618,ok,6.3159383380,7
OVRP,619,ok,6.9072349260,9
OVRP,620,ok,7.3244130399,9
OVRP,621,ok,6.7294695494,8
OVRP,622,ok,7.9464721989,10
OVRP,623,ok,7.7252925830,9
OVRP,624,ok,7.1248774719,8
OVRP,625,ok,6.4262900097,8
OVRP,626,ok,8.1371543570,8
OVRP,627,ok,7.0863521616,9
OVRP,628,ok,6.5187869002,9
OVRP,629,ok,8.1859174049,9
OVRP,630,ok,7.5864840086,8
OVRP,631,ok,7.6577570162,11
OVRP,632,ok,6.4941780421,8
OVRP,633,ok,6.9321387003,11
OVRP,634,ok,7.7988617738,9
OVRP,635,ok,8.5780818137,10
OVRP,636,ok,7.8839167070,8
OVRP,637,ok,7.1947545165,11
OVRP,638,ok,7.7647895246,10
OVRP,639,ok,7.4646738879,8
OVRP,640,ok,6.3471429620,8
OVRP,641,ok,6.1752136600,10
OVRP,642,ok,8.2133240949,10
OVRP,643,ok,6.9888346059,9
OVRP,644,ok,6.4636873064,9
OVRP,645,ok,7.5309218476,8
OVRP,646,ok,8.0090600338,10
OVRP,647,ok,7.7030582104,7
OVRP,648,ok,6.5956696403,7
OVRP,649,ok,8.3361730043,9
OVRP,650,ok,7.7073869480,7
OVRP,651,ok,9.0158777834,9
OVRP,652,ok,6.7456646638,8
OVRP,653,ok,6.8902720930,10
OVRP,654,ok,8.1347209885,9
OVRP,655,ok,7.6899948251,9
OVRP,656,ok,6.5371474391,9
OVRP,657,ok,7.5457618611,8
OVRP,658,ok,7.3883358769,8
OVRP,659,ok,8.8152690443,6
OVRP,660,ok,7.6581257824,7
OVRP,661,ok,6.8466834315,9
OVRP,662,ok,7.8901258788,7
OVRP,663,ok,7.2662434099,8
OVRP,664,ok,7.5858311998,8
OVRP,665,ok,6.9115214311,9
OVRP,666,ok,7.9860978345,8
OVRP,667,ok,8.0643451211,9
OVRP,668,ok,7.1989477110,9
OVRP,669,ok,6.5229038826,8
OVRP,670,ok,6.1944632431,7
OVRP,671,ok,7.9916927516,8
OVRP,672,ok,7.3910611102,8
OVRP,673,ok,6.6499768163,7
OVRP,674,ok,8.1892965374,9
OVRP,675,ok,6.5063417604,9
OVRP,676,ok,7.4543685449,8
OVRP,677,ok,7.8589294187,9
OVRP,678,ok,7.6893263352,9
OVRP,679,ok,6.5686204387,8
OVRP,680,ok,7.3756645150,9
OVRP,681,ok,6.3085907653,8
OVRP,682,ok,8.1921623776,9
OVRP,683,ok,7.3623496961,9
OVRP,684,ok,8.6148666247,8
OVRP,685,ok,9.4793933179,8
OVRP,686,ok,7.3455653237,10
OVRP,687,ok,6.7116494767,10
OVRP,688,ok,8.4077118344,9
OVRP,689,ok,6.0047792521,8
OVRP,690,ok,7.0992052850,9
OVRP,691,ok,6.0908013454,8
OVRP,692,ok,7.4379064825,9
OVRP,693,ok,6.7316322470,9
OVRP,694,ok,6.1418850851,8
OVRP,695,ok,6.4257626930,10
OVRP,696,ok,8.0275892906,8
OVRP,697,ok,7.6375150100,8
OVRP,698,ok,7.2697270811,9
OVRP,699,ok,6.4526958526,9
OVRP,700,ok,6.2233451219,8
OVRP,701,ok,8.1696426481,7
OVRP,702,ok,8.1409242166,7
OVRP,703,ok,6.5717047890,7
OVRP,704,ok,8.3495962122,9
OVRP,705,ok,6.7171981238,10
OVRP,706,ok,7.1628021121,9
OVRP,707,ok,6.2315113254,8
OVRP,708,ok,7.2695571063,9
OVRP,709,ok,8.0521166821,9
OVRP,710,ok,6.8305404960,7
OVRP,711,ok,7.0816981112,9
OVRP,712,ok,6.0694375518,9
OVRP,713,ok,6.6402698663,9
OVRP,714,ok,6.4652788080,9
OVRP,715,ok,7.2572933429,8
OVRP,716,ok,6.4694162810,10
OVRP,717,ok,7.8198440004,8
OVRP,718,ok,7.1772593958,8
OVRP,719,ok,6.6633410716,9
OVRP,720,ok,7.5448897740,7
OVRP,721,ok,8.2717249212,8
OVRP,722,ok,7.4223783617,8
OVRP,723,ok,7.1198938881,9
OVRP,724,ok,8.0438170511,8
OVRP,725,ok,6.5453069081,8
OVRP,726,ok,6.4348528172,9
OVRP,727,ok,6.4247645371,8
OVRP,728,ok,6.8945748760,8
OVRP,729,ok,7.6981053335,8
OVRP,730,ok,6.4812332936,8
OVRP,731,ok,8.4786923353,8
OVRP,732,ok,6.3779894886,8
OVRP,733,ok,8.0457971577,8
OVRP,734,ok,7.1322452765,10
OVRP,735,ok,7.2056948432,8
OVRP,736,ok,8.0824354669,9
OVRP,737,ok,7.8304579688,8
OVRP,738,ok,6.6394406080,9
OVRP,739,ok,7.8963808086,12
OVRP,740,ok,7.2345317398,8
OVRP,741,ok,6.7284934778,10
OVRP,742,ok,7.1149012783,7
OVRP,743,ok,7.4196180098,7
OVRP,744,ok,7.4418480741,8
OVRP,745,ok,6.9456400376,9
OVRP,746,ok,8.2445635673,8
OVRP,747,ok,8.0785828245,9
OVRP,748,ok,6.6302261406,10
OVRP,749,ok,6.5838771331,9
OVRP,750,ok,8.1740855714,7
OVRP,751,ok,6.6606276151,10
OVRP,752,ok,5.8415949121,10
OVRP,753,ok,7.8231587188,9
OVRP,754,ok,7.9325447846,9
OVRP,755,ok,8.8151710862,9
OVRP,756,ok,8.3190379294,9
OVRP,757,ok,8.0100911612,7
OVRP,758,ok,7.1297976184,9
OVRP,759,ok,8.2235728077,8
OVRP,760,ok,7.0291245109,8
OVRP,761,ok,7.6913563436,9
OVRP,762,ok,7.9948401142,9
OVRP,763,ok,7.5551565777,9
OVRP,764,ok,7.1917989024,10
OVRP,765,ok,7.4129198219,9
OVRP,766,ok,6.7107845265,8
OVRP,767,ok,6.7374472362,9
OVRP,768,ok,7.4378765861,7
OVRP,769,ok,7.5731106160,9
OVRP,770,ok,7.1163314670,8
OVRP,771,ok,5.5946103341,10
OVRP,772,ok,5.7971426355,10
OVRP,773,ok,7.3492970630,8
OVRP,774,ok,7.3600353904,7
OVRP,775,ok,7.7770092416,9
OVRP,776,ok,6.7080523772,9
OVRP,777,ok,7.8366236528,9
OVRP,778,ok,6.8306251748,7
OVRP,779,ok,6.4705316962,9
OVRP,780,ok,7.6858143252,10
OVRP,781,ok,7.1200612632,10
OVRP,782,ok,7.1762185446,7
OVRP,783,ok,6.4128138564,7
OVRP,784,ok,8.6472256064,7
OVRP,785,ok,6.9741283387,8
OVRP,786,ok,5.9340146225,8
OVRP,787,ok,6.8843699577,9
OVRP,788,ok,6.6624299415,9
OVRP,789,ok,7.2706564307,8
OVRP,790,ok,6.6140837401,8
OVRP,791,ok,6.0787053878,7
OVRP,792,ok,7.9806059321,8
OVRP,793,ok,7.6528376337,7
OVRP,794,ok,6.5520174881,8
OVRP,795,ok,6.0150327944,9
OVRP,796,ok,6.4659084818,8
OVRP,797,ok,6.5937575791,8
OVRP,798,ok,7.8839929106,8
OVRP,799,ok,7.6906519028,9
OVRP,800,ok,6.3170920130,8
OVRP,801,ok,7.8419411745,11
OVRP,802,ok,6.4411012885,6
OVRP,803,ok,7.6512454153,7
OVRP,804,ok,7.5930569055,9
OVRP,805,ok,7.0409919408,8
OVRP,806,ok,8.6493809245,8
OVRP,807,ok,7.3260913862,8
OVRP,808,ok,8.4103541451,9
OVRP,809,ok,7.0175605427,9
OVRP,810,ok,7.3985813759,9
OVRP,811,ok,6.7756307232,7
OVRP,812,ok,7.6163641968,7
OVRP,813,ok,6.5859407604,9
OVRP,814,ok,6.4139469641,8
OVRP,815,ok,6.4605503163,9
OVRP,816,ok,8.5962316807,8
OVRP,817,ok,7.1211583084,9
OVRP,818,ok,6.4875283688,9
OVRP,819,ok,6.6379390296,9
OVRP,820,ok,6.8818661659,8
OVRP,821,ok,5.8268986890,11
OVRP,822,ok,7.0517888801,9
OVRP,823,ok,7.2593833014,9
OVRP,824,ok,8.3910750509,7
OVRP,825,ok,7.7027979876,8
OVRP,826,ok,6.8278270341,7
OVRP,827,ok,7.9578509122,8
OVRP,828,ok,7.7435617085,9
OVRP,829,ok,6.8438227616,7
OVRP,830,ok,8.6446184348,8
OVRP,831,ok,6.6477541123,10
OVRP,832,ok,5.4444933862,8
OVRP,833,ok,7.6721465571,7
OVRP,834,ok,7.2900538715,7
OVRP,835,ok,6.2749072993,9
OVRP,836,ok,7.1643439905,9
OVRP,837,ok,8.6743292534,10
OVRP,838,ok,7.2028749023,8
OVRP,839,ok,5.6783757119,8
OVRP,840,ok,9.2153816655,8
OVRP,841,ok,7.2208394067,8
OVRP,842,ok,6.9476304969,8
OVRP,843,ok,7.4010861606,11
OVRP,844,ok,7.0825601785,8
OVRP,845,ok,6.9131813181,9
OVRP,846,ok,7.3017810620,9
OVRP,847,ok,8.5274299112,8
OVRP,848,ok,7.5665018082,8
OVRP,849,ok,6.8594477334,9
OVRP,850,ok,6.0974011170,8
OVRP,851,ok,8.7977618090,8
OVRP,852,ok,8.1926522633,8
OVRP,853,ok,8.0545368168,7
OVRP,854,ok,7.7880309559,9
OVRP,855,ok,6.7040831492,9
OVRP,856,ok,7.1655348597,7
OVRP,857,ok,7.3911886953,8
OVRP,858,ok,6.9213183422,9
OVRP,859,ok,7.7164809953,9
OVRP,860,ok,7.7774464582,7
OVRP,861,ok,6.7290449873,8
OVRP,862,ok,5.4221179705,8
OVRP,863,ok,6.9131436922,8
OVRP,864,ok,6.8362577572,11
OVRP,865,ok,8.3950211624,8
OVRP,866,ok,7.1227699204,8
OVRP,867,ok,5.9831048320,8
OVRP,868,ok,7.3346378345,9
OVRP,869,ok,7.3068473595,10
OVRP,870,ok,7.1993723304,9
OVRP,871,ok,6.9213615607,9
OVRP,872,ok,7.2823289596,9
OVRP,873,ok,6.9396962270,10
OVRP,874,ok,6.5298208246,8
OVRP,875,ok,7.1187393677,9
OVRP,876,ok,6.4598908216,9
OVRP,877,ok,6.3098641177,9
OVRP,878,ok,6.9929001294,9
OVRP,879,ok,7.5164019620,9
OVRP,880,ok,6.9542953431,9
OVRP,881,ok,7.9082063030,9
OVRP,882,ok,8.1779449124,9
OVRP,883,ok,6.6549058648,7
OVRP,884,ok,8.7489397840,8
OVRP,885,ok,8.1839935432,8
OVRP,886,ok,6.8680596769,9
OVRP,887,ok,6.3367773804,10
OVRP,888,ok,6.5513564962,7
OVRP,889,ok,8.1874738622,11
OVRP,890,ok,6.4434271968,9
OVRP,891,ok,7.7574556234,9
OVRP,892,ok,8.0039153112,9
OVRP,893,ok,7.6345778099,9
OVRP,894,ok,6.7837679129,8
OVRP,895,ok,8.4766090929,8
OVRP,896,ok,6.7656357712,9
OVRP,897,ok,7.7348270100,10
OVRP,898,ok,7.2082758180,9
OVRP,899,ok,6.7030033375,7
OVRP,900,ok,6.8891759528,9
OVRP,901,ok,7.5320076239,9
OVRP,902,ok,6.9695415717,8
OVRP,903,ok,7.2553276035,8
OVRP,904,ok,8.9226721444,8
OVRP,905,ok,6.7708153361,8
OVRP,906,ok,6.4110370222,8
OVRP,907,ok,6.0842178565,9
OVRP,908,ok,7.0233678217,9
OVRP,909,ok,7.2623352048,9
OVRP,910,ok,6.3693845126,8
OVRP,911,ok,6.9888359415,7
OVRP,912,ok,7.0912270865,10
OVRP,913,ok,7.5208480421,8
OVRP,914,ok,8.2134197852,8
OVRP,915,ok,6.2462337211,8
OVRP,916,ok,7.0941752841,7
OVRP,917,ok,6.5027416857,8
OVRP,918,ok,8.0004104455,9
OVRP,919,ok,6.4676429159,9
OVRP,920,ok,7.0355100313,8
OVRP,921,ok,6.4313349090,9
OVRP,922,ok,5.9051586070,8
OVRP,923,ok,6.9128514043,8
OVRP,924,ok,7.4304004085,9
OVRP,925,ok,6.1745617194,9
OVRP,926,ok,6.6468169451,8
OVRP,927,ok,8.1364782633,8
OVRP,928,ok,7.1333090901,9
OVRP,929,ok,8.0600180062,8
OVRP,930,ok,6.3942963602,7
OVRP,931,ok,6.2403665627,7
OVRP,932,ok,7.2308622756,8
OVRP,933,ok,6.5607832909,9
OVRP,934,ok,8.3926036029,10
OVRP,935,ok,6.7126070520,9
OVRP,936,ok,6.8619435354,9
OVRP,937,ok,6.4498372104,8
OVRP,938,ok,7.9976555469,8
OVRP,939,ok,6.0950704252,9
OVRP,940,ok,7.7206827097,10
OVRP,941,ok,6.8968403237,9
OVRP,942,ok,7.5206397249,8
OVRP,943,ok,6.9112030696,9
OVRP,944,ok,6.9730077896,8
OVRP,945,ok,8.1731789670,9
OVRP,946,ok,6.7556768824,8
OVRP,947,ok,6.4848177295,8
OVRP,948,ok,7.1407386488,9
OVRP,949,ok,6.9472685384,9
OVRP,950,ok,6.8021587943,8
OVRP,951,ok,7.7012625288,7
OVRP,952,ok,7.5228029025,8
OVRP,953,ok,6.4420303715,9
OVRP,954,ok,7.0831545234,8
OVRP,955,ok,8.1970004826,9
OVRP,956,ok,7.7106086875,8
OVRP,957,ok,7.3826401044,8
OVRP,958,ok,8.1829367616,9
OVRP,959,ok,6.7889218254,8
OVRP,960,ok,7.6036610120,10
OVRP,961,ok,8.4711722096,10
OVRP,962,ok,8.3945706842,9
OVRP,963,ok,5.9956793039,7
OVRP,964,ok,7.4569238682,9
OVRP,965,ok,7.8517191700,9
OVRP,966,ok,6.2437439134,8
OVRP,967,ok,7.1466047573,9
OVRP,968,ok,8.5941958508,9
OVRP,969,ok,8.3871853512,8
OVRP,970,ok,8.1988871685,10
OVRP,971,ok,7.0496163502,9
OVRP,972,ok,6.7739402129,10
OVRP,973,ok,7.8963552061,8
OVRP,974,ok,7.1231845242,10
OVRP,975,ok,6.4298688141,9
OVRP,976,ok,5.4431225153,8
OVRP,977,ok,7.6303699208,8
OVRP,978,ok,6.5100756151,7
OVRP,979,ok,6.5213518944,8
OVRP,980,ok,6.6913260684,9
OVRP,981,ok,7.1387629854,11
OVRP,982,ok,6.7770199230,9
OVRP,983,ok,8.3244173579,8
OVRP,984,ok,8.0967274805,8
OVRP,985,ok,7.3820629714,7
OVRP,986,ok,6.6324988710,8
OVRP,987,ok,7.5213891974,9
OVRP,988,ok,7.3488713084,7
OVRP,989,ok,6.9934169137,9
OVRP,990,ok,7.1485673777,9
OVRP,991,ok,6.6036066418,8
OVRP,992,ok,7.5902484643,9
OVRP,993,ok,6.7631252255,8
OVRP,994,ok,7.8212278598,9
OVRP,995,ok,7.1396883537,7
OVRP,996,ok,7.2715632948,9
OVRP,997,ok,6.7915094691,10
OVRP,998,ok,7.8490009478,8
OVRP,999,ok,6.3130825876,8
VRPB,0,ok,7.4440525557,4
VRPB,1,ok,7.2165218020,4
VRPB,2,ok,7.7150790680,4
VRPB,3,ok,7.4861652436,5
VRPB,4,ok,7.7090894154,5
VRPB,5,ok,7.7134464972,3
VRPB,6,ok,7.5162502598,4
VRPB,7,ok,8.2304676294,5
VRPB,8,ok,8.4461094088,4
VRPB,9,ok,8.8326611448,4
VRPB,10,ok,8.5237701549,5
VRPB,11,ok,9.0468877007,5
VRPB,12,ok,8.2890792827,5
VRPB,13,ok,7.8351369241,3
VRPB,14,ok,8.0705511471,4
VRPB,15,ok,7.3949982915,4
VRPB,16,ok,8.6828121446,5
VRPB,17,ok,8.8288723037,4
VRPB,18,ok,8.2383142363,5
VRPB,19,ok,7.4716154151,5
VRPB,20,ok,8.0410493820,5
VRPB,21,ok,8.9109889393,4
VRPB,22,ok,7.6802617961,4
VRPB,23,ok,9.8179386056,5
VRPB,24,ok,9.4688860794,4
VRPB,25,ok,9.0367593865,5
VRPB,26,ok,7.3464206744,4
VRPB,27,ok,7.9067562382,5
VRPB,28,ok,8.5900594954,5
VRPB,29,ok,8.3345942225,5
VRPB,30,ok,7.5388756051,4
VRPB,31,ok,6.8747143648,3
VRPB,32,ok,8.6798571621,5
VRPB,33,ok,8.2243576807,4
VRPB,34,ok,9.2504276012,5
VRPB,35,ok,7.1520171827,4
VRPB,36,ok,10.0280265527,4
VRPB,37,ok,8.6081611511,5
VRPB,38,ok,9.0318824061,4
VRPB,39,ok,7.0952477369,4
VRPB,40,ok,8.6534461286,4
VRPB,41,ok,8.8995133565,6
VRPB,42,ok,8.1309800909,4
VRPB,43,ok,10.4908936436,4
VRPB,44,ok,8.9314551911,5
VRPB,45,ok,7.8867876456,5
VRPB,46,ok,10.0604273222,4
VRPB,47,ok,7.7584352691,5
VRPB,48,ok,7.8090845301,5
VRPB,49,ok,8.9317315339,5
VRPB,50,ok,7.6791696894,4
VRPB,51,ok,7.1287164334,4
VRPB,52,ok,7.7929673565,4
VRPB,53,ok,8.3976691717,4
VRPB,54,ok,8.6978488201,6
VRPB,55,ok,7.9906629237,4
VRPB,56,ok,8.1488655328,4
VRPB,57,ok,7.6720236667,4
VRPB,58,ok,8.1945216615,7
VRPB,59,ok,7.5339093167,4
VRPB,60,ok,6.9209526942,4
VRPB,61,ok,9.6611636987,5
VRPB,62,ok,8.4609401395,4
VRPB,63,ok,10.2219354744,5
VRPB,64,ok,8.6884836465,4
VRPB,65,ok,6.7136464875,4
VRPB,66,ok,9.5384707238,5
VRPB,67,ok,9.1469553013,5
VRPB,68,ok,10.6469816381,5
VRPB,69,ok,8.7586575332,5
VRPB,70,ok,8.2491707377,4
VRPB,71,ok,7.9175492139,4
VRPB,72,ok,6.8920754132,4
VRPB,73,ok,7.6316540077,4
VRPB,74,ok,8.5944802967,5
VRPB,75,ok,9.2239954735,4
VRPB,76,ok,8.5570117518,4
VRPB,77,ok,7.6677605730,4
VRPB,78,ok,9.2998381807,4
VRPB,79,ok,9.6608934617,4
VRPB,80,ok,8.9479684513,4
VRPB,81,ok,8.0808921074,5
VRPB,82,ok,10.2593411063,5
VRPB,83,ok,8.3223991462,5
VRPB,84,ok,8.4397559348,5
VRPB,85,ok,8.7268237383,4
VRPB,86,ok,8.6675818264,5
VRPB,87,ok,7.8640344508,5
VRPB,88,ok,7.6250399974,4
VRPB,89,ok,7.1949207100,4
VRPB,90,ok,7.9049664397,5
VRPB,91,ok,6.8247667302,4
VRPB,92,ok,7.9320529826,4
VRPB,93,ok,8.5548643696,4
VRPB,94,ok,9.1765119038,5
VRPB,95,ok,8.2876814520,4
VRPB,96,ok,10.0599500073,5
VRPB,97,ok,6.9468218582,4
VRPB,98,ok,8.2218715229,4
VRPB,99,ok,7.0128761218,4
VRPB,100,ok,7.1429240710,4
VRPB,101,ok,8.4741110902,4
VRPB,102,ok,7.9844657028,4
VRPB,103,ok,7.2565114583,3
VRPB,104,ok,7.3099128105,4
VRPB,105,ok,7.8811338766,5
VRPB,106,ok,8.4899962213,5
VRPB,107,ok,9.3165615117,4
VRPB,108,ok,8.9503414428,4
VRPB,109,ok,9.0915232901,4
VRPB,110,ok,8.2985303559,4
VRPB,111,ok,8.8576897793,5
VRPB,112,ok,9.7121562027,4
VRPB,113,ok,6.6403935092,4
VRPB,114,ok,7.6226970456,4
VRPB,115,ok,8.1131555798,5
VRPB,116,ok,7.9005429353,4
VRPB,117,ok,7.7602206494,4
VRPB,118,ok,8.9046868231,4
VRPB,119,ok,6.9442524353,5
VRPB,120,ok,8.8738589794,5
VRPB,121,ok,7.8439931812,3
VRPB,122,ok,8.4003589968,5
VRPB,123,ok,7.6429814977,4
VRPB,124,ok,8.2818402507,4
VRPB,125,ok,9.5574171543,4
VRPB,126,ok,8.9000344037,4
VRPB,127,ok,9.5037564509,4
VRPB,128,ok,9.7530223378,5
VRPB,129,ok,8.8025847761,5
VRPB,130,ok,9.2807929717,5
VRPB,131,ok,8.7872040939,4
VRPB,132,ok,9.6238932342,4
VRPB,133,ok,7.9632929351,4
VRPB,134,ok,9.1026197643,4
VRPB,135,ok,8.0546206662,5
VRPB,136,ok,8.2651336649,4
VRPB,137,ok,7.8833028890,5
VRPB,138,ok,8.5709553644,5
VRPB,139,ok,9.4290583675,5
VRPB,140,ok,8.2950912742,5
VRPB,141,ok,7.5804907199,4
VRPB,142,ok,8.5400757965,4
VRPB,143,ok,8.7841787035,4
VRPB,144,ok,9.4071753819,4
VRPB,145,ok,10.2116265920,5
VRPB,146,ok,8.5884676442,4
VRPB,147,ok,10.1140931416,5
VRPB,148,ok,7.2353011671,3
VRPB,149,ok,7.3972113795,4
VRPB,150,ok,8.6612718054,5
VRPB,151,ok,9.2405027444,4
VRPB,152,ok,8.1560800309,5
VRPB,153,ok,8.7930264541,5
VRPB,154,ok,8.1538399743,4
VRPB,155,ok,7.9479473184,4
VRPB,156,ok,7.9059965347,5
VRPB,157,ok,8.2759972971,4
VRPB,158,ok,8.3764062140,5
VRPB,159,ok,9.1781828943,5
VRPB,160,ok,7.7033578837,4
VRPB,161,ok,7.1183702201,4
VRPB,162,ok,8.5185605512,5
VRPB,163,ok,8.4631791549,4
VRPB,164,ok,7.6902929420,5
VRPB,165,ok,8.9353628404,4
VRPB,166,ok,9.9863312923,5
VRPB,167,ok,7.0219937295,5
VRPB,168,ok,7.7869910506,5
VRPB,169,ok,9.0903236341,4
VRPB,170,ok,9.2508854739,5
VRPB,171,ok,9.3103452170,5
VRPB,172,ok,8.5736930081,5
VRPB,173,ok,8.6771498749,5
VRPB,174,ok,7.6552932975,5
VRPB,175,ok,8.9230629736,4
VRPB,176,ok,8.4476125643,4
VRPB,177,ok,9.8665478321,6
VRPB,178,ok,7.5278440661,5
VRPB,179,ok,7.7167715299,4
VRPB,180,ok,8.4478477359,5
VRPB,181,ok,10.0432015891,4
VRPB,182,ok,7.2205122386,5
VRPB,183,ok,8.7503856717,4
VRPB,184,ok,8.1578915767,5
VRPB,185,ok,8.0101195436,5
VRPB,186,ok,10.6402328134,5
VRPB,187,ok,7.6649461837,4
VRPB,188,ok,9.7036036603,5
VRPB,189,ok,8.7339354038,4
VRPB,190,ok,8.0069970161,3
VRPB,191,ok,7.5479628399,4
VRPB,192,ok,8.2359631748,3
VRPB,193,ok,9.3806884083,4
VRPB,194,ok,8.1066729231,5
VRPB,195,ok,9.4673531005,4
VRPB,196,ok,11.4141180550,6
VRPB,197,ok,8.2474421473,5
VRPB,198,ok,8.4361952227,5
VRPB,199,ok,9.5147541848,5
VRPB,200,ok,8.8165168894,5
VRPB,201,ok,7.4436624498,5
VRPB,202,ok,7.3506771057,4
VRPB,203,ok,8.9905144965,5
VRPB,204,ok,7.4904196341,4
VRPB,205,ok,8.9993340123,4
VRPB,206,ok,7.8018836198,5
VRPB,207,ok,8.1677498209,4
VRPB,208,ok,8.6538095729,4
VRPB,209,ok,9.8266385121,5
VRPB,210,ok,7.7572556400,4
VRPB,211,ok,7.6515952155,4
VRPB,212,ok,9.8905545233,4
VRPB,213,ok,9.1231626396,4
VRPB,214,ok,9.0407168443,4
VRPB,215,ok,7.6554323829,4
VRPB,216,ok,9.0050655219,5
VRPB,217,ok,8.4619923978,4
VRPB,218,ok,10.8637205522,5
VRPB,219,ok,8.9197961257,4
VRPB,220,ok,9.6555379998,5
VRPB,221,ok,8.2286251917,3
VRPB,222,ok,6.6748221528,4
VRPB,223,ok,8.9575020057,5
VRPB,224,ok,8.2338129406,5
VRPB,225,ok,7.7471389009,5
VRPB,226,ok,10.2965152000,5
VRPB,227,ok,9.8514644853,5
VRPB,228,ok,8.9260116862,4
VRPB,229,ok,7.8596278745,5
VRPB,230,ok,9.2979436522,5
VRPB,231,ok,10.0138551833,4
VRPB,232,ok,8.6038179404,5
VRPB,233,ok,8.1514265648,4
VRPB,234,ok,9.0357863852,4
VRPB,235,ok,8.0236845340,4
VRPB,236,ok,9.2339774770,4
VRPB,237,ok,8.1227311939,4
VRPB,238,ok,7.4936796756,6
VRPB,239,ok,10.1844537017,5
VRPB,240,ok,7.9191177045,5
VRPB,241,ok,7.0327398731,3
VRPB,242,ok,7.6873312537,4
VRPB,243,ok,7.2063752810,5
VRPB,244,ok,9.0044600256,4
VRPB,245,ok,9.4107479239,5
VRPB,246,ok,9.0201007288,4
VRPB,247,ok,8.1937483274,4
VRPB,248,ok,9.2371728637,4
VRPB,249,ok,9.1987345432,4
VRPB,250,ok,7.5374300127,5
VRPB,251,ok,8.0072868652,4
VRPB,252,ok,8.2795134687,4
VRPB,253,ok,6.8003321804,4
VRPB,254,ok,7.7263713024,4
VRPB,255,ok,7.5497664371,4
VRPB,256,ok,7.9264836860,5
VRPB,257,ok,7.3906558618,4
VRPB,258,ok,8.0092999884,4
VRPB,259,ok,7.9895960037,4
VRPB,260,ok,8.9779614894,4
VRPB,261,ok,7.3850390099,4
VRPB,262,ok,9.0408763432,5
VRPB,263,ok,9.8249835078,4
VRPB,264,ok,7.8413560995,5
VRPB,265,ok,8.7940138597,4
VRPB,266,ok,8.4854496457,4
VRPB,267,ok,8.7559195988,4
VRPB,268,ok,8.1894044259,5
VRPB,269,ok,9.1207096539,5
VRPB,270,ok,9.4978178776,4
VRPB,271,ok,7.5842749182,4
VRPB,272,ok,8.0450997536,4
VRPB,273,ok,10.5938753885,5
VRPB,274,ok,8.3105599314,4
VRPB,275,ok,7.9923955008,4
VRPB,276,ok,7.6177513287,4
VRPB,277,ok,8.3659255491,4
VRPB,278,ok,9.1387733168,4
VRPB,279,ok,10.4896471505,5
VRPB,280,ok,8.2977964319,4
VRPB,281,ok,7.7722393975,4
VRPB,282,ok,9.1800815070,5
VRPB,283,ok,6.9274800709,3
VRPB,284,ok,7.3544674974,5
VRPB,285,ok,8.1951873155,4
VRPB,286,ok,8.9696985429,4
VRPB,287,ok,11.2425611158,5
VRPB,288,ok,7.8301985887,5
VRPB,289,ok,9.1625010318,6
VRPB,290,ok,7.9972317541,4
VRPB,291,ok,7.5218182950,4
VRPB,292,ok,8.2606172111,4
VRPB,293,ok,8.1571171690,5
VRPB,294,ok,7.4668954222,5
VRPB,295,ok,8.8795281022,4
VRPB,296,ok,8.3039576082,4
VRPB,297,ok,7.8460099303,5
VRPB,298,ok,8.4779063236,4
VRPB,299,ok,8.9290286175,4
VRPB,300,ok,9.3524873689,5
VRPB,301,ok,8.3895350904,4
VRPB,302,ok,7.3737527367,4
VRPB,303,ok,8.0370806205,5
VRPB,304,ok,9.9769701191,4
VRPB,305,ok,8.0648380212,5
VRPB,306,ok,8.5561456642,5
VRPB,307,ok,7.9031868415,4
VRPB,308,ok,8.5572596511,5
VRPB,309,ok,8.9572883586,4
VRPB,310,ok,8.1985470640,4
VRPB,311,ok,8.1986038784,4
VRPB,312,ok,8.4205604855,4
VRPB,313,ok,8.1970510642,5
VRPB,314,ok,10.3071946319,4
VRPB,315,ok,8.8312663627,4
VRPB,316,ok,7.9319149742,5
VRPB,317,ok,7.3757044791,4
VRPB,318,ok,8.0342926161,4
VRPB,319,ok,8.8581604381,4
VRPB,320,ok,8.2148277882,6
VRPB,321,ok,8.6493305118,5
VRPB,322,ok,7.5871477908,4
VRPB,323,ok,7.8807261046,4
VRPB,324,ok,7.9073676482,4
VRPB,325,ok,7.1602722207,4
VRPB,326,ok,8.3053190177,4
VRPB,327,ok,8.1363596612,4
VRPB,328,ok,6.9399906647,4
VRPB,329,ok,8.0930798352,4
VRPB,330,ok,7.0314574417,5
VRPB,331,ok,9.6283531601,5
VRPB,332,ok,7.6094919892,4
VRPB,333,ok,9.0743453331,5
VRPB,334,ok,9.8200051301,6
VRPB,335,ok,8.5458742118,4
VRPB,336,ok,7.8039861812,4
VRPB,337,ok,8.0767108933,4
VRPB,338,ok,9.3472574000,5
VRPB,339,ok,9.2990701028,4
VRPB,340,ok,8.5146030765,5
VRPB,341,ok,7.7385964739,4
VRPB,342,ok,8.9654797135,4
VRPB,343,ok,7.8024842460,4
VRPB,344,ok,8.1313943202,4
VRPB,345,ok,8.3889965655,5
VRPB,346,ok,9.6039297016,5
VRPB,347,ok,9.1832864427,5
VRPB,348,ok,8.3169526530,4
VRPB,349,ok,7.8790996017,4
VRPB,350,ok,9.8079139384,4
VRPB,351,ok,6.9834744756,4
VRPB,352,ok,8.9445343319,5
VRPB,353,ok,8.1248854429,5
VRPB,354,ok,8.3844496583,5
VRPB,355,ok,9.8357204426,5
VRPB,356,ok,7.7764057647,4
VRPB,357,ok,7.7755023618,4
VRPB,358,ok,7.1153087324,3
VRPB,359,ok,9.5582413626,4
VRPB,360,ok,8.5792302417,4
VRPB,361,ok,10.7432871691,7
VRPB,362,ok,7.7732704781,4
VRPB,363,ok,7.7353747311,5
VRPB,364,ok,9.2753925286,4
VRPB,365,ok,8.6020590650,5
VRPB,366,ok,7.9385273310,4
VRPB,367,ok,8.4243059357,5
VRPB,368,ok,9.2898362366,4
VRPB,369,ok,9.6826798357,4
VRPB,370,ok,8.4547912645,4
VRPB,371,ok,7.6319379102,4
VRPB,372,ok,7.9934130989,4
VRPB,373,ok,7.9014363075,4
VRPB,374,ok,7.8456739894,4
VRPB,375,ok,8.5422692708,5
VRPB,376,ok,7.9714995377,5
VRPB,377,ok,9.1879093412,5
VRPB,378,ok,6.8573451448,4
VRPB,379,ok,8.6426789979,6
VRPB,380,ok,7.4180521347,5
VRPB,381,ok,8.2967211226,4
VRPB,382,ok,8.9801333717,4
VRPB,383,ok,7.7082777741,4
VRPB,384,ok,8.2092559889,4
VRPB,385,ok,8.3552323368,4
VRPB,386,ok,8.6134360016,4
VRPB,387,ok,8.1606769384,4
VRPB,388,ok,7.7236592334,4
VRPB,389,ok,7.5939559114,4
VRPB,390,ok,8.9043068139,4
VRPB,391,ok,8.9443230657,6
VRPB,392,ok,7.9214992286,4
VRPB,393,ok,8.0564872302,4
VRPB,394,ok,7.9270287977,4
VRPB,395,ok,7.5063335237,5
VRPB,396,ok,10.1512431710,5
VRPB,397,ok,6.8892961453,4
VRPB,398,ok,9.5585732463,4
VRPB,399,ok,8.1688424854,5
VRPB,400,ok,8.6347315575,5
VRPB,401,ok,7.4109334910,4
VRPB,402,ok,9.4112781070,5
VRPB,403,ok,8.5337491757,4
VRPB,404,ok,8.8755069277,4
VRPB,405,ok,9.0216766402,5
VRPB,406,ok,8.9930665400,4
VRPB,407,ok,8.0594798833,4
VRPB,408,ok,8.2547677564,4
VRPB,409,ok,7.8069490913,4
VRPB,410,ok,6.9258227349,4
VRPB,411,ok,7.5025771706,4
VRPB,412,ok,7.5133219621,4
VRPB,413,ok,7.4866639278,4
VRPB,414,ok,7.8194154970,4
VRPB,415,ok,7.0968144395,4
VRPB,416,ok,9.2008477986,5
VRPB,417,ok,9.6755363995,6
VRPB,418,ok,8.5770265500,4
VRPB,419,ok,8.1906796193,4
VRPB,420,ok,7.8178862203,4
VRPB,421,ok,7.0146137390,3
VRPB,422,ok,7.6420487953,4
VRPB,423,ok,9.0874732071,5
VRPB,424,ok,8.6396600505,5
VRPB,425,ok,6.4742207894,3
VRPB,426,ok,8.8168491088,4
VRPB,427,ok,8.3405983272,4
VRPB,428,ok,8.6333003592,5
VRPB,429,ok,8.5118424908,4
VRPB,430,ok,8.1011086152,4
VRPB,431,ok,7.6488306539,4
VRPB,432,ok,7.7358749108,4
VRPB,433,ok,7.2459986875,4
VRPB,434,ok,8.5639680019,4
VRPB,435,ok,7.3928265147,4
VRPB,436,ok,7.9384226325,5
VRPB,437,ok,7.7825099593,5
VRPB,438,ok,8.7817606440,5
VRPB,439,ok,8.6930572886,6
VRPB,440,ok,8.6394301966,5
VRPB,441,ok,8.1836521249,5
VRPB,442,ok,7.1066596961,4
VRPB,443,ok,8.8293874314,4
VRPB,444,ok,6.8497340000,4
VRPB,445,ok,8.3500515274,6
VRPB,446,ok,9.6827362698,5
VRPB,447,ok,8.1626395120,4
VRPB,448,ok,7.5650574449,4
VRPB,449,ok,7.7263121933,4
VRPB,450,ok,8.8493057721,5
VRPB,451,ok,7.2117247815,5
VRPB,452,ok,9.0517649993,4
VRPB,453,ok,8.2499698121,5
VRPB,454,ok,7.7489102121,4
VRPB,455,ok,9.1136837929,5
VRPB,456,ok,7.2571801653,3
VRPB,457,ok,7.9064188641,5
VRPB,458,ok,8.2298516718,4
VRPB,459,ok,9.3115897627,5
VRPB,460,ok,7.9081943098,4
VRPB,461,ok,7.4914253821,4
VRPB,462,ok,7.0848801795,4
VRPB,463,ok,8.3368877184,3
VRPB,464,ok,8.2784811036,4
VRPB,465,ok,9.5213892657,5
VRPB,466,ok,8.4309452765,5
VRPB,467,ok,9.0399960572,5
VRPB,468,ok,9.7927814944,5
VRPB,469,ok,8.6207886501,4
VRPB,470,ok,7.9615387828,4
VRPB,471,ok,9.0572647540,5
VRPB,472,ok,8.8358481869,4
VRPB,473,ok,8.0534154811,4
VRPB,474,ok,7.9027325330,4
VRPB,475,ok,7.5936217916,4
VRPB,476,ok,8.0380968997,6
VRPB,477,ok,7.4331116413,3
VRPB,478,ok,7.2895624411,5
VRPB,479,ok,8.4019533198,5
VRPB,480,ok,9.8312358468,5
VRPB,481,ok,7.1287586589,5
VRPB,482,ok,8.8615098585,4
VRPB,483,ok,8.8403009345,5
VRPB,484,ok,7.4308577546,4
VRPB,485,ok,8.9211058293,6
VRPB,486,ok,8.3470522599,4
VRPB,487,ok,8.2735180994,4
VRPB,488,ok,9.3728236243,5
VRPB,489,ok,7.6950907901,4
VRPB,490,ok,8.7845866275,4
VRPB,491,ok,8.2238219387,4
VRPB,492,ok,7.4964979813,4
VRPB,493,ok,8.8041836550,4
VRPB,494,ok,8.7406537933,5
VRPB,495,ok,8.0480700745,4
VRPB,496,ok,8.0513434241,5
VRPB,497,ok,9.2393100739,5
VRPB,498,ok,7.1188791961,4
VRPB,499,ok,8.9651016283,4
VRPB,500,ok,7.6183626070,5
VRPB,501,ok,7.6506411554,4
VRPB,502,ok,8.4790271420,5
VRPB,503,ok,7.0813428108,5
VRPB,504,ok,8.1146370217,4
VRPB,505,ok,7.5080058394,4
VRPB,506,ok,8.0175863766,4
VRPB,507,ok,9.5001968123,5
VRPB,508,ok,8.8568980961,4
VRPB,509,ok,8.2267004861,4
VRPB,510,ok,8.7009476478,4
VRPB,511,ok,8.5440736625,6
VRPB,512,ok,9.8747808693,5
VRPB,513,ok,8.2736077520,4
VRPB,514,ok,10.0616182745,6
VRPB,515,ok,9.1689259751,4
VRPB,516,ok,9.7351055257,6
VRPB,517,ok,8.0929092087,4
VRPB,518,ok,7.9150716251,4
VRPB,519,ok,7.8598079591,5
VRPB,520,ok,9.0937550854,4
VRPB,521,ok,7.7015089340,4
VRPB,522,ok,8.0291443328,5
VRPB,523,ok,9.9805432498,5
VRPB,524,ok,7.2404515747,4
VRPB,525,ok,7.5245801969,5
VRPB,526,ok,9.1018582832,4
VRPB,527,ok,7.3532853029,4
VRPB,528,ok,8.6352936261,5
VRPB,529,ok,7.5439412790,4
VRPB,530,ok,8.4609260479,4
VRPB,531,ok,9.1059147403,5
VRPB,532,ok,7.2162909523,4
VRPB,533,ok,8.9788438658,4
VRPB,534,ok,7.9966171411,4
VRPB,535,ok,7.4147222100,4
VRPB,536,ok,7.7725238841,5
VRPB,537,ok,7.8524161526,4
VRPB,538,ok,10.0930266684,5
VRPB,539,ok,8.4649641623,4
VRPB,540,ok,10.2163880426,5
VRPB,541,ok,7.9801711138,4
VRPB,542,ok,8.1175299906,5
VRPB,543,ok,8.9263608729,5
VRPB,544,ok,7.9363358874,6
VRPB,545,ok,7.0223805345,4
VRPB,546,ok,8.6663706534,5
VRPB,547,ok,7.2144798044,4
VRPB,548,ok,7.5904302734,6
VRPB,549,ok,7.5840467031,5
VRPB,550,ok,10.5658196026,5
VRPB,551,ok,7.5162987561,4
VRPB,552,ok,7.7625525538,4
VRPB,553,ok,9.0200379534,4
VRPB,554,ok,9.6920151833,4
VRPB,555,ok,6.8361414974,5
VRPB,556,ok,8.5751407101,5
VRPB,557,ok,10.1065956818,5
VRPB,558,ok,8.8630604948,5
VRPB,559,ok,7.0717331457,4
VRPB,560,ok,10.9372327335,5
VRPB,561,ok,10.3092006910,5
VRPB,562,ok,9.3605766622,5
VRPB,563,ok,7.9508261925,5
VRPB,564,ok,8.5349288671,4
VRPB,565,ok,8.8915619132,4
VRPB,566,ok,7.6219461642,4
VRPB,567,ok,8.5647462716,4
VRPB,568,ok,7.9321650190,5
VRPB,569,ok,8.8035800884,6
VRPB,570,ok,7.3419349694,4
VRPB,571,ok,8.6136304780,5
VRPB,572,ok,8.2073509317,4
VRPB,573,ok,7.7330443410,5
VRPB,574,ok,10.1173938513,5
VRPB,575,ok,8.3905408088,5
VRPB,576,ok,7.5942656470,5
VRPB,577,ok,7.2494352989,4
VRPB,578,ok,7.6441123834,4
VRPB,579,ok,6.8722185718,4
VRPB,580,ok,9.3111674200,5
VRPB,581,ok,7.0446724788,4
VRPB,582,ok,8.8872386323,5
VRPB,583,ok,8.4134192360,4
VRPB,584,ok,9.8252758034,5
VRPB,585,ok,7.9973575391,5
VRPB,586,ok,6.9315513956,4
VRPB,587,ok,8.6201341435,5
VRPB,588,ok,8.6145800904,4
VRPB,589,ok,8.8795199984,5
VRPB,590,ok,9.0297013850,4
VRPB,591,ok,9.8039018404,5
VRPB,592,ok,8.1312891522,5
VRPB,593,ok,9.8032844191,4
VRPB,594,ok,7.8217848932,4
VRPB,595,ok,8.5400675743,5
VRPB,596,ok,7.4274837510,4
VRPB,597,ok,8.1898917618,4
VRPB,598,ok,7.5941121928,4
VRPB,599,ok,8.9897667209,4
VRPB,600,ok,10.6323498687,5
VRPB,601,ok,7.9039382276,4
VRPB,602,ok,7.8224255361,4
VRPB,603,ok,7.2674607186,4
VRPB,604,ok,9.7263928320,5
VRPB,605,ok,6.8545650698,4
VRPB,606,ok,7.4002173794,4
VRPB,607,ok,8.3878664828,5
VRPB,608,ok,7.7296619275,4
VRPB,609,ok,10.1233380841,4
VRPB,610,ok,9.3092788754,4
VRPB,611,ok,9.3754066750,5
VRPB,612,ok,6.4044586918,3
VRPB,613,ok,9.8485216575,5
VRPB,614,ok,7.7454966054,4
VRPB,615,ok,9.2061061155,4
VRPB,616,ok,8.8184464142,4
VRPB,617,ok,10.2395725185,5
VRPB,618,ok,8.2528924557,4
VRPB,619,ok,9.0230944117,5
VRPB,620,ok,7.6051381823,4
VRPB,621,ok,8.9379078246,5
VRPB,622,ok,10.0576275441,5
VRPB,623,ok,8.4305223200,4
VRPB,624,ok,7.8489347518,4
VRPB,625,ok,7.9924456425,4
VRPB,626,ok,9.6646108117,6
VRPB,627,ok,7.8339026694,5
VRPB,628,ok,8.3576230796,4
VRPB,629,ok,8.2804251645,5
VRPB,630,ok,7.7241764414,4
VRPB,631,ok,7.2341583985,4
VRPB,632,ok,7.7356323013,5
VRPB,633,ok,8.1353511287,5
VRPB,634,ok,7.9084107432,4
VRPB,635,ok,9.4200043141,4
VRPB,636,ok,7.6236364099,4
VRPB,637,ok,8.2369501078,5
VRPB,638,ok,7.9902712103,4
VRPB,639,ok,8.7766863495,4
VRPB,640,ok,8.0095233330,4
VRPB,641,ok,8.3304356476,4
VRPB,642,ok,9.1802405501,5
VRPB,643,ok,7.3277760041,4
VRPB,644,ok,8.9758565662,4
VRPB,645,ok,8.1513225159,5
VRPB,646,ok,7.9360182977,5
VRPB,647,ok,7.7729285259,4
VRPB,648,ok,7.8540772265,6
VRPB,649,ok,8.8963683457,5
VRPB,650,ok,6.8615406402,4
VRPB,651,ok,7.6526509825,5
VRPB,652,ok,10.0328495011,4
VRPB,653,ok,7.0352216812,3
VRPB,654,ok,9.0259161369,5
VRPB,655,ok,8.6471278827,5
VRPB,656,ok,8.9413400259,4
VRPB,657,ok,8.2100403556,4
VRPB,658,ok,7.5997021905,5
VRPB,659,ok,8.8266736638,4
VRPB,660,ok,7.8301439482,5
VRPB,661,ok,9.2086765247,5
VRPB,662,ok,6.3922353189,4
VRPB,663,ok,9.1686009588,5
VRPB,664,ok,7.3799479160,4
VRPB,665,ok,8.0287429617,5
VRPB,666,ok,8.8097002335,4
VRPB,667,ok,9.9375114011,5
VRPB,668,ok,8.4105824818,4
VRPB,669,ok,8.6619302276,4
VRPB,670,ok,9.1443808921,5
VRPB,671,ok,7.5344430984,5
VRPB,672,ok,8.5670428157,5
VRPB,673,ok,9.1651981085,4
VRPB,674,ok,7.5177374948,5
VRPB,675,ok,7.5903856165,4
VRPB,676,ok,6.7063125009,4
VRPB,677,ok,7.7848834271,5
VRPB,678,ok,8.5582601542,4
VRPB,679,ok,8.7867280230,4
VRPB,680,ok,8.1544912520,4
VRPB,681,ok,7.7960685855,3
VRPB,682,ok,8.0936743126,5
VRPB,683,ok,8.3462605273,4
VRPB,684,ok,7.6218026559,3
VRPB,685,ok,8.9262343605,5
VRPB,686,ok,8.3171132231,4
VRPB,687,ok,10.1304929305,5
VRPB,688,ok,7.3709241124,4
VRPB,689,ok,8.1974910939,4
VRPB,690,ok,7.0159267559,4
VRPB,691,ok,9.0050857975,4
VRPB,692,ok,8.7590144573,5
VRPB,693,ok,7.5695762154,3
VRPB,694,ok,8.2550843639,5
VRPB,695,ok,9.8781617865,4
VRPB,696,ok,8.8098203299,5
VRPB,697,ok,8.6690033726,4
VRPB,698,ok,7.6817675607,3
VRPB,699,ok,7.3230502688,4
VRPB,700,ok,7.7074493718,4
VRPB,701,ok,8.1748338189,5
VRPB,702,ok,8.4126795769,4
VRPB,703,ok,8.2709402440,4
VRPB,704,ok,8.4627247823,5
VRPB,705,ok,8.4376037598,5
VRPB,706,ok,8.2635105019,4
VRPB,707,ok,8.6964557907,6
VRPB,708,ok,9.8260575526,6
VRPB,709,ok,7.9467121653,4
VRPB,710,ok,9.0635787438,5
VRPB,711,ok,8.2303780148,5
VRPB,712,ok,8.1694479603,5
VRPB,713,ok,8.6784155448,5
VRPB,714,ok,9.4800406181,5
VRPB,715,ok,8.5121545454,4
VRPB,716,ok,8.6649040456,5
VRPB,717,ok,8.7721530557,4
VRPB,718,ok,7.8772522603,4
VRPB,719,ok,9.1167295426,5
VRPB,720,ok,7.6114997440,4
VRPB,721,ok,9.6589226622,5
VRPB,722,ok,10.6492227231,6
VRPB,723,ok,7.1696334797,4
VRPB,724,ok,8.0626058799,4
VRPB,725,ok,7.8251515587,4
VRPB,726,ok,9.6687149470,5
VRPB,727,ok,10.6332619713,5
VRPB,728,ok,7.9959516711,4
VRPB,729,ok,9.4010748745,5
VRPB,730,ok,8.3229115543,4
VRPB,731,ok,7.3752186355,4
VRPB,732,ok,8.0242736651,3
VRPB,733,ok,8.0246010164,4
VRPB,734,ok,8.0139248824,4
VRPB,735,ok,8.2784235889,5
VRPB,736,ok,8.6071234218,5
VRPB,737,ok,7.5143282228,5
VRPB,738,ok,8.6031871018,5
VRPB,739,ok,7.2234798736,3
VRPB,740,ok,7.8882734607,4
VRPB,741,ok,7.4403315575,4
VRPB,742,ok,8.7534861920,4
VRPB,743,ok,8.1741581889,6
VRPB,744,ok,9.0835554442,5
VRPB,745,ok,7.2439339866,4
VRPB,746,ok,9.7369157254,5
VRPB,747,ok,8.9797284982,6
VRPB,748,ok,8.6054004194,4
VRPB,749,ok,7.4854799277,3
VRPB,750,ok,8.7542059217,4
VRPB,751,ok,7.7087448792,5
VRPB,752,ok,7.4505624003,4
VRPB,753,ok,10.7590615423,5
VRPB,754,ok,9.3627199568,5
VRPB,755,ok,10.1681134097,5
VRPB,756,ok,8.2612797816,5
VRPB,757,ok,7.6288908924,4
VRPB,758,ok,7.4738269529,5
VRPB,759,ok,10.4437359453,5
VRPB,760,ok,8.5348117720,5
VRPB,761,ok,8.1800994002,4
VRPB,762,ok,8.3772770790,5
VRPB,763,ok,6.7428655259,3
VRPB,764,ok,7.9406315669,4
VRPB,765,ok,8.4673015638,4
VRPB,766,ok,8.2890071804,5
VRPB,767,ok,7.9056377842,5
VRPB,768,ok,7.8090744471,4
VRPB,769,ok,7.9172664262,4
VRPB,770,ok,6.9487633919,4
VRPB,771,ok,8.9257139845,4
VRPB,772,ok,8.7513521467,4
VRPB,773,ok,7.7920447989,4
VRPB,774,ok,9.3926644376,5
VRPB,775,ok,8.8643937520,5
VRPB,776,ok,7.8797657770,3
VRPB,777,ok,8.0372942389,4
VRPB,778,ok,7.4065610499,5
VRPB,779,ok,10.2662359082,6
VRPB,780,ok,8.2596031410,4
VRPB,781,ok,9.8756359734,5
VRPB,782,ok,9.1060887610,5
VRPB,783,ok,8.3435177975,5
VRPB,784,ok,7.5266779875,4
VRPB,785,ok,9.5661111974,5
VRPB,786,ok,7.5945113530,5
VRPB,787,ok,8.1805794668,5
VRPB,788,ok,7.1244363801,4
VRPB,789,ok,8.2665706150,5
VRPB,790,ok,8.1541066349,5
VRPB,791,ok,7.7388576571,5
VRPB,792,ok,8.1643954328,5
VRPB,793,ok,7.3662407872,5
VRPB,794,ok,8.2905215669,5
VRPB,795,ok,8.0644317518,4
VRPB,796,ok,7.9832925867,4
VRPB,797,ok,7.9201507077,4
VRPB,798,ok,8.4363404266,5
VRPB,799,ok,9.0863254930,4
VRPB,800,ok,9.4218494473,4
VRPB,801,ok,8.3978155713,5
VRPB,802,ok,8.2293531284,4
VRPB,803,ok,7.2977256276,4
VRPB,804,ok,8.3818955732,5
VRPB,805,ok,7.3063709041,4
VRPB,806,ok,8.8222150736,5
VRPB,807,ok,7.8410469461,4
VRPB,808,ok,7.0828136677,4
VRPB,809,ok,8.2033023068,5
VRPB,810,ok,10.4010597681,5
VRPB,811,ok,9.3929011216,5
VRPB,812,ok,8.2768581001,5
VRPB,813,ok,8.9559813513,5
VRPB,814,ok,9.5661872889,6
VRPB,815,ok,7.9178589480,5
VRPB,816,ok,8.4071585631,4
VRPB,817,ok,8.2274978498,4
VRPB,818,ok,8.3110909133,4
VRPB,819,ok,8.0220594427,5
VRPB,820,ok,9.0072597168,5
VRPB,821,ok,7.5226291891,5
VRPB,822,ok,8.4097455876,5
VRPB,823,ok,7.2316092724,4
VRPB,824,ok,9.3460407665,4
VRPB,825,ok,8.3830187978,4
VRPB,826,ok,8.6588546143,4
VRPB,827,ok,8.3447120264,4
VRPB,828,ok,9.5242467348,4
VRPB,829,ok,8.6741845642,5
VRPB,830,ok,8.0342335872,4
VRPB,831,ok,7.7802030018,3
VRPB,832,ok,8.1298947418,4
VRPB,833,ok,9.2614405840,4
VRPB,834,ok,8.8041678567,4
VRPB,835,ok,7.9471350909,5
VRPB,836,ok,7.3921459333,4
VRPB,837,ok,7.8406289159,4
VRPB,838,ok,7.7412727765,4
VRPB,839,ok,6.9405193940,4
VRPB,840,ok,8.8128866890,5
VRPB,841,ok,9.9943172974,5
VRPB,842,ok,11.0245238012,5
VRPB,843,ok,7.6451036106,4
VRPB,844,ok,7.6266396702,5
VRPB,845,ok,9.3666211356,5
VRPB,846,ok,8.6555130688,5
VRPB,847,ok,9.6848970752,6
VRPB,848,ok,9.7622733485,4
VRPB,849,ok,9.0820473166,5
VRPB,850,ok,8.6494111785,4
VRPB,851,ok,8.3883573389,5
VRPB,852,ok,6.8128164899,4
VRPB,853,ok,7.6748303268,4
VRPB,854,ok,8.3642580449,5
VRPB,855,ok,9.1786890576,4
VRPB,856,ok,8.4659207673,4
VRPB,857,ok,10.0716710190,5
VRPB,858,ok,7.9014311780,4
VRPB,859,ok,7.0759908447,4
VRPB,860,ok,8.6761013765,4
VRPB,861,ok,8.1107161510,4
VRPB,862,ok,9.3618647280,4
VRPB,863,ok,9.5464328150,5
VRPB,864,ok,8.6229323273,4
VRPB,865,ok,9.7043707927,5
VRPB,866,ok,7.1206581229,4
VRPB,867,ok,8.8647442492,5
VRPB,868,ok,7.3448021913,4
VRPB,869,ok,8.3891434732,4
VRPB,870,ok,9.2522669677,5
VRPB,871,ok,7.3966844837,5
VRPB,872,ok,8.6157022846,5
VRPB,873,ok,7.5916800405,4
VRPB,874,ok,8.7453143303,5
VRPB,875,ok,11.0089482983,5
VRPB,876,ok,9.9539612713,5
VRPB,877,ok,8.7429567406,4
VRPB,878,ok,10.4092442171,5
VRPB,879,ok,7.8342404793,5
VRPB,880,ok,7.9116049671,5
VRPB,881,ok,7.4448675868,4
VRPB,882,ok,7.5235244308,4
VRPB,883,ok,8.1169970763,4
VRPB,884,ok,7.6573949449,4
VRPB,885,ok,7.6154898856,5
VRPB,886,ok,10.5863387335,5
VRPB,887,ok,10.2856659067,6
VRPB,888,ok,8.4245512712,4
VRPB,889,ok,8.8221794082,4
VRPB,890,ok,9.4853139676,4
VRPB,891,ok,7.2318897882,3
VRPB,892,ok,9.4497370257,5
VRPB,893,ok,7.8514071733,5
VRPB,894,ok,8.0729622057,4
VRPB,895,ok,8.7427936245,4
VRPB,896,ok,8.9985611079,5
VRPB,897,ok,9.0573421559,5
VRPB,898,ok,8.8070729016,5
VRPB,899,ok,9.1509606769,5
VRPB,900,ok,8.0932745154,5
VRPB,901,ok,9.7047441149,4
VRPB,902,ok,6.6520795461,4
VRPB,903,ok,7.4515841107,4
VRPB,904,ok,7.6999552566,5
VRPB,905,ok,8.9749711677,4
VRPB,906,ok,8.9235661250,4
VRPB,907,ok,8.9428531330,5
VRPB,908,ok,10.7093357675,5
VRPB,909,ok,7.1335265376,4
VRPB,910,ok,7.5439263486,4
VRPB,911,ok,9.1462310489,5
VRPB,912,ok,9.0161025062,4
VRPB,913,ok,11.2201630488,5
VRPB,914,ok,8.0039162763,5
VRPB,915,ok,6.9959417046,5
VRPB,916,ok,7.8713535128,4
VRPB,917,ok,8.2657575648,3
VRPB,918,ok,7.6938726123,4
VRPB,919,ok,9.5822496521,4
VRPB,920,ok,8.7257057792,4
VRPB,921,ok,7.7480663263,4
VRPB,922,ok,7.6494868504,5
VRPB,923,ok,9.5949597967,5
VRPB,924,ok,7.7941784146,4
VRPB,925,ok,7.5002098730,5
VRPB,926,ok,8.7387029087,5
VRPB,927,ok,8.5005719009,4
VRPB,928,ok,9.3571756017,4
VRPB,929,ok,8.2094690191,5
VRPB,930,ok,8.7403651805,5
VRPB,931,ok,8.5186365448,5
VRPB,932,ok,8.1828957225,5
VRPB,933,ok,9.6354962507,5
VRPB,934,ok,7.8769339873,4
VRPB,935,ok,10.0255834419,5
VRPB,936,ok,8.5201150317,4
VRPB,937,ok,7.9135632648,4
VRPB,938,ok,7.1399073663,4
VRPB,939,ok,9.3479450126,5
VRPB,940,ok,8.3212204794,5
VRPB,941,ok,8.2339156777,5
VRPB,942,ok,7.1482308256,5
VRPB,943,ok,10.9709584006,5
VRPB,944,ok,6.6988735233,4
VRPB,945,ok,7.8537264529,3
VRPB,946,ok,8.7778120435,4
VRPB,947,ok,10.5582712697,5
VRPB,948,ok,8.6518813371,5
VRPB,949,ok,7.8031271410,4
VRPB,950,ok,8.1017499037,4
VRPB,951,ok,7.2797515277,4
VRPB,952,ok,7.4154999382,5
VRPB,953,ok,7.0704541636,5
VRPB,954,ok,8.9728073582,4
VRPB,955,ok,7.9178539726,4
VRPB,956,ok,9.6282489478,5
VRPB,957,ok,8.1097221522,4
VRPB,958,ok,9.9059745086,6
VRPB,959,ok,7.9091206015,4
VRPB,960,ok,9.2700104683,5
VRPB,961,ok,9.6184770987,5
VRPB,962,ok,7.7347850311,4
VRPB,963,ok,8.5426163368,4
VRPB,964,ok,7.1806759728,4
VRPB,965,ok,9.1183904511,4
VRPB,966,ok,7.6711423640,4
VRPB,967,ok,7.6477703799,4
VRPB,968,ok,7.8790153236,4
VRPB,969,ok,7.6061010494,4
VRPB,970,ok,8.3580884058,4
VRPB,971,ok,7.6328083281,4
VRPB,972,ok,8.5175475527,4
VRPB,973,ok,9.0961128802,4
VRPB,974,ok,8.2901406190,4
VRPB,975,ok,10.2339433373,5
VRPB,976,ok,7.8373182087,5
VRPB,977,ok,8.7906303685,4
VRPB,978,ok,7.8900553772,4
VRPB,979,ok,10.4543030789,5
VRPB,980,ok,7.8353009183,4
VRPB,981,ok,7.9187543234,4
VRPB,982,ok,8.3160265753,4
VRPB,983,ok,7.4254950683,4
VRPB,984,ok,8.2691910632,5
VRPB,985,ok,9.8185813823,4
VRPB,986,ok,7.0652947286,3
VRPB,987,ok,7.2584777699,5
VRPB,988,ok,8.2642578137,4
VRPB,989,ok,8.3900833333,4
VRPB,990,ok,8.6773742145,5
VRPB,991,ok,8.2560216306,4
VRPB,992,ok,6.8705705841,3
VRPB,993,ok,7.4197922101,4
VRPB,994,ok,8.8780767930,5
VRPB,995,ok,7.6959740165,5
VRPB,996,ok,8.4688850398,5
VRPB,997,ok,9.1365856527,5
VRPB,998,ok,9.7243458571,5
VRPB,999,ok,9.2151816110,5
VRPL,0,ok,10.3374937776,7
VRPL,1,ok,9.6547369037,7
VRPL,2,ok,10.6416751158,7
VRPL,3,ok,10.1782683826,8
VRPL,4,ok,11.3552221828,8
VRPL,5,ok,14.0682662286,8
VRPL,6,ok,12.0715685418,8
VRPL,7,ok,9.3134149015,7
VRPL,8,ok,9.8913524374,7
VRPL,9,ok,10.4359383807,6
VRPL,10,ok,9.7991258630,7
VRPL,11,ok,10.1848439495,7
VRPL,12,ok,11.8341459023,6
VRPL,13,ok,12.2047124851,7
VRPL,14,ok,9.7714340311,8
VRPL,15,ok,10.8495239831,7
VRPL,16,ok,12.8895403054,7
VRPL,17,ok,13.2046588061,7
VRPL,18,ok,11.8237728756,7
VRPL,19,ok,8.5636950041,7
VRPL,20,ok,12.5295052992,7
VRPL,21,ok,10.8112857391,7
VRPL,22,ok,10.6259579619,7
VRPL,23,ok,10.7208298569,8
VRPL,24,ok,9.0202550335,7
VRPL,25,ok,10.6218352854,7
VRPL,26,ok,10.5223362485,7
VRPL,27,ok,11.0593394117,8
VRPL,28,ok,11.1556813735,8
VRPL,29,ok,10.4258253841,7
VRPL,30,ok,11.5281909292,8
VRPL,31,ok,10.9194111687,7
VRPL,32,ok,9.5826791677,6
VRPL,33,ok,11.1695008850,7
VRPL,34,ok,13.3305876947,7
VRPL,35,ok,11.6470165694,7
VRPL,36,ok,11.7749594274,8
VRPL,37,ok,10.3692060386,8
VRPL,38,ok,9.2954222389,7
VRPL,39,ok,12.2064405298,6
VRPL,40,ok,10.2169332111,7
VRPL,41,ok,10.0191562343,7
VRPL,42,ok,9.5616601403,7
VRPL,43,ok,9.0063932864,8
VRPL,44,ok,10.0684292084,9
VRPL,45,ok,10.9438601857,7
VRPL,46,ok,11.4267808058,6
VRPL,47,ok,13.1356702684,8
VRPL,48,ok,12.5972175676,7
VRPL,49,ok,12.2990868784,7
VRPL,50,ok,9.9664265147,7
VRPL,51,ok,10.9903613170,8
VRPL,52,ok,11.4754195669,7
VRPL,53,ok,12.7838750210,7
VRPL,54,ok,10.1835876674,9
VRPL,55,ok,12.6849185583,8
VRPL,56,ok,8.9933621512,7
VRPL,57,ok,10.4447071167,7
VRPL,58,ok,10.8372747272,6
VRPL,59,ok,10.1893277147,8
VRPL,60,ok,10.0953520213,8
VRPL,61,ok,11.6728012580,7
VRPL,62,ok,9.9055811354,7
VRPL,63,ok,10.1184860104,7
VRPL,64,ok,10.6898071481,7
VRPL,65,ok,11.9681326083,7
VRPL,66,ok,11.4876143166,7
VRPL,67,ok,12.7784563155,7
VRPL,68,ok,9.1107543307,7
VRPL,69,ok,13.0128474957,7
VRPL,70,ok,12.8634385185,7
VRPL,71,ok,9.0937040010,7
VRPL,72,ok,11.4996781290,7
VRPL,73,ok,9.3648673716,8
VRPL,74,ok,10.7351493654,8
VRPL,75,ok,11.0939361328,7
VRPL,76,ok,9.8388911597,7
VRPL,77,ok,8.2559124593,6
VRPL,78,ok,13.0991717581,8
VRPL,79,ok,12.5986643388,7
VRPL,80,ok,9.5916659435,8
VRPL,81,ok,10.2351076765,8
VRPL,82,ok,10.2723076595,7
VRPL,83,ok,10.6015256477,7
VRPL,84,ok,11.0555090589,8
VRPL,85,ok,12.4595416942,7
VRPL,86,ok,11.2238899668,8
VRPL,87,ok,12.1785555848,8
VRPL,88,ok,9.9469700396,7
VRPL,89,ok,10.0783961665,8
VRPL,90,ok,9.6110729796,7
VRPL,91,ok,12.7595573384,8
VRPL,92,ok,9.7274036815,7
VRPL,93,ok,11.7455008802,7
VRPL,94,ok,10.4395556566,7
VRPL,95,ok,10.1894224912,8
VRPL,96,ok,11.6852061931,8
VRPL,97,ok,11.1705718817,6
VRPL,98,ok,10.9254087426,6
VRPL,99,ok,14.6342309524,7
VRPL,100,ok,10.6529322071,7
VRPL,101,ok,10.3386415325,7
VRPL,102,ok,12.1864580820,7
VRPL,103,ok,9.8301518772,6
VRPL,104,ok,10.5414584173,8
VRPL,105,ok,10.6892444294,6
VRPL,106,ok,8.6376408834,7
VRPL,107,ok,9.6267576453,7
VRPL,108,ok,13.2420754703,7
VRPL,109,ok,12.7784620150,8
VRPL,110,ok,11.8875524312,8
VRPL,111,ok,9.9974718001,7
VRPL,112,ok,11.3341899571,7
VRPL,113,ok,10.0364047740,7
VRPL,114,ok,11.1675846388,6
VRPL,115,ok,11.3436103863,8
VRPL,116,ok,13.7327299758,8
VRPL,117,ok,10.2844851715,7
VRPL,118,ok,12.0159094417,7
VRPL,119,ok,12.0532823423,7
VRPL,120,ok,11.2258177432,8
VRPL,121,ok,9.7625725468,6
VRPL,122,ok,10.0647032690,8
VRPL,123,ok,10.9688385169,7
VRPL,124,ok,10.9898262922,8
VRPL,125,ok,7.6517442578,6
VRPL,126,ok,12.3898628689,7
VRPL,127,ok,10.3653443688,7
VRPL,128,ok,12.4544330162,7
VRPL,129,ok,10.0372081147,8
VRPL,130,ok,10.8807749509,7
VRPL,131,ok,10.5606536271,6
VRPL,132,ok,9.9528989140,6
VRPL,133,ok,11.6739591771,7
VRPL,134,ok,10.9693937541,8
VRPL,135,ok,9.7714927292,7
VRPL,136,ok,13.6312979295,7
VRPL,137,ok,11.0760150992,8
VRPL,138,ok,10.0704121904,8
VRPL,139,ok,12.1197508129,7
VRPL,140,ok,9.9921417687,7
VRPL,141,ok,11.9678188013,8
VRPL,142,ok,10.5829356068,8
VRPL,143,ok,11.6695115422,7
VRPL,144,ok,13.4377748772,8
VRPL,145,ok,12.0959751113,8
VRPL,146,ok,10.9097423671,7
VRPL,147,ok,9.6235173422,6
VRPL,148,ok,15.4998159012,7
VRPL,149,ok,11.4572668268,7
VRPL,150,ok,8.3809133365,7
VRPL,151,ok,11.2471481789,6
VRPL,152,ok,9.5897971336,7
VRPL,153,ok,10.7350392004,8
VRPL,154,ok,10.9305557820,8
VRPL,155,ok,10.6765930462,6
VRPL,156,ok,10.2234099466,7
VRPL,157,ok,10.1773196069,6
VRPL,158,ok,9.2408849317,8
VRPL,159,ok,10.5779048334,7
VRPL,160,ok,11.1357010989,7
VRPL,161,ok,10.4818033538,8
VRPL,162,ok,10.5333732477,7
VRPL,163,ok,11.1764487627,7
VRPL,164,ok,9.5930938626,6
VRPL,165,ok,10.6790592100,7
VRPL,166,ok,9.7403260199,7
VRPL,167,ok,10.6434670478,7
VRPL,168,ok,10.1495696883,6
VRPL,169,ok,13.2436122141,6
VRPL,170,ok,11.8937464408,8
VRPL,171,ok,9.4797542131,7
VRPL,172,ok,11.0686243689,6
VRPL,173,ok,9.4584651718,7
VRPL,174,ok,12.1537537126,7
VRPL,175,ok,10.2144224507,8
VRPL,176,ok,9.6857194557,7
VRPL,177,ok,9.0215922485,7
VRPL,178,ok,9.6317105693,7
VRPL,179,ok,11.7500341202,8
VRPL,180,ok,14.6014555716,8
VRPL,181,ok,8.1979395513,6
VRPL,182,ok,9.6978591735,8
VRPL,183,ok,14.0620928532,7
VRPL,184,ok,12.1344561209,9
VRPL,185,ok,10.3532032115,7
VRPL,186,ok,11.6189494937,7
VRPL,187,ok,11.1752889905,8
VRPL,188,ok,10.2954685778,7
VRPL,189,ok,12.6195952506,6
VRPL,190,ok,11.7082394903,7
VRPL,191,ok,9.5751357329,7
VRPL,192,ok,11.0295205298,7
VRPL,193,ok,13.9555826985,7
VRPL,194,ok,12.3321501959,7
VRPL,195,ok,9.6853644154,7
VRPL,196,ok,10.8472031276,6
VRPL,197,ok,10.1177639234,7
VRPL,198,ok,13.3033781049,7
VRPL,199,ok,10.9150089385,7
VRPL,200,ok,13.9660855011,8
VRPL,201,ok,12.1281465972,8
VRPL,202,ok,9.2522002701,6
VRPL,203,ok,9.7251817258,7
VRPL,204,ok,10.4821197185,7
VRPL,205,ok,9.1933436039,7
VRPL,206,ok,8.8887870751,7
VRPL,207,ok,10.9892802914,7
VRPL,208,ok,11.7958689621,7
VRPL,209,ok,10.9234860032,6
VRPL,210,ok,11.7950249473,7
VRPL,211,ok,10.4668500096,7
VRPL,212,ok,10.6547921564,6
VRPL,213,ok,10.4278445788,7
VRPL,214,ok,8.6487124556,7
VRPL,215,ok,10.8882062092,6
VRPL,216,ok,10.2000206819,8
VRPL,217,ok,12.5028249386,7
VRPL,218,ok,11.0473660833,7
VRPL,219,ok,9.8846249489,7
VRPL,220,ok,11.7059420783,8
VRPL,221,ok,9.8413011267,8
VRPL,222,ok,9.2553559813,8
VRPL,223,ok,12.0790305172,8
VRPL,224,ok,10.2257041792,7
VRPL,225,ok,9.3788616541,8
VRPL,226,ok,11.6546522521,8
VRPL,227,ok,14.6109273787,8
VRPL,228,ok,9.0025753099,8
VRPL,229,ok,10.6409302425,7
VRPL,230,ok,12.1001586506,8
VRPL,231,ok,11.6156809705,8
VRPL,232,ok,9.4568542084,7
VRPL,233,ok,10.6058069876,7
VRPL,234,ok,9.9628710028,8
VRPL,235,ok,9.2153707773,8
VRPL,236,ok,10.1680639356,7
VRPL,237,ok,11.3075298078,8
VRPL,238,ok,11.1333982228,7
VRPL,239,ok,9.1505826735,8
VRPL,240,ok,11.4841071087,8
VRPL,241,ok,8.6617464046,7
VRPL,242,ok,11.2071474793,7
VRPL,243,ok,12.1434121999,8
VRPL,244,ok,13.3756581607,7
VRPL,245,ok,12.8619742239,7
VRPL,246,ok,11.6243047983,8
VRPL,247,ok,10.7590137772,8
VRPL,248,ok,9.7371663081,8
VRPL,249,ok,11.2025428558,7
VRPL,250,ok,11.1224941800,6
VRPL,251,ok,9.2617919355,7
VRPL,252,ok,9.5342838213,7
VRPL,253,ok,9.6229469398,7
VRPL,254,ok,10.6404619555,7
VRPL,255,ok,12.2983262023,8
VRPL,256,ok,10.7423705401,7
VRPL,257,ok,12.3463406615,7
VRPL,258,ok,10.1572407556,7
VRPL,259,ok,10.6639333482,7
VRPL,260,ok,10.0347907739,6
VRPL,261,ok,9.7468616071,7
VRPL,262,ok,11.3626504692,7
VRPL,263,ok,10.8548722516,8
VRPL,264,ok,10.9644785753,7
VRPL,265,ok,10.8414090229,7
VRPL,266,ok,11.1363880160,7
VRPL,267,ok,15.2499017819,8
VRPL,268,ok,11.3895193433,7
VRPL,269,ok,9.6640303757,7
VRPL,270,ok,11.6380361035,7
VRPL,271,ok,9.2071991084,8
VRPL,272,ok,10.5379040339,7
VRPL,273,ok,12.6774519343,6
VRPL,274,ok,10.4065425758,6
VRPL,275,ok,13.7242880041,7
VRPL,276,ok,10.0256078592,7
VRPL,277,ok,12.1075047794,8
VRPL,278,ok,11.4849048968,7
VRPL,279,ok,10.7387540317,8
VRPL,280,ok,9.3186080770,7
VRPL,281,ok,10.2555353544,7
VRPL,282,ok,8.8363676977,7
VRPL,283,ok,9.0796063484,7
VRPL,284,ok,12.1759253439,7
VRPL,285,ok,11.2877972817,7
VRPL,286,ok,13.6671182981,8
VRPL,287,ok,11.7101652628,7
VRPL,288,ok,11.7376846504,7
VRPL,289,ok,8.5085994264,7
VRPL,290,ok,11.7069209997,9
VRPL,291,ok,11.0826607927,7
VRPL,292,ok,11.8059087422,8
VRPL,293,ok,9.0229133156,7
VRPL,294,ok,11.6717525020,6
VRPL,295,ok,12.0918392747,6
VRPL,296,ok,10.7508414213,7
VRPL,297,ok,11.1344307348,7
VRPL,298,ok,10.1047938298,6
VRPL,299,ok,9.5225590613,8
VRPL,300,ok,11.7129057668,7
VRPL,301,ok,12.8419033060,7
VRPL,302,ok,9.5324119297,7
VRPL,303,ok,10.7075150167,7
VRPL,304,ok,9.7237099197,7
VRPL,305,ok,13.6840039902,7
VRPL,306,ok,9.8510609948,6
VRPL,307,ok,8.2803339288,6
VRPL,308,ok,12.2716089528,7
VRPL,309,ok,10.8135201473,7
VRPL,310,ok,12.6578702144,7
VRPL,311,ok,12.5722122519,7
VRPL,312,ok,11.6042814867,8
VRPL,313,ok,10.9145193647,7
VRPL,314,ok,11.1214032198,9
VRPL,315,ok,11.1511445773,6
VRPL,316,ok,11.9808561235,7
VRPL,317,ok,10.8868662838,7
VRPL,318,ok,10.3131596468,7
VRPL,319,ok,10.4975557749,7
VRPL,320,ok,10.5053429094,7
VRPL,321,ok,8.5870290613,6
VRPL,322,ok,9.1231477191,8
VRPL,323,ok,8.6819069192,6
VRPL,324,ok,12.4585380424,8
VRPL,325,ok,11.7657854942,7
VRPL,326,ok,9.4580202024,8
VRPL,327,ok,9.8245901388,7
VRPL,328,ok,10.9137935280,8
VRPL,329,ok,11.9910501425,8
VRPL,330,ok,9.7637722326,7
VRPL,331,ok,10.4216778036,7
VRPL,332,ok,10.6908537944,7
VRPL,333,ok,10.4384935375,8
VRPL,334,ok,11.4085587182,7
VRPL,335,ok,10.3223592405,9
VRPL,336,ok,10.6998873887,8
VRPL,337,ok,10.4024953213,6
VRPL,338,ok,9.5771405622,7
VRPL,339,ok,11.2888650035,8
VRPL,340,ok,11.2053562808,8
VRPL,341,ok,12.6938253644,6
VRPL,342,ok,13.0635865130,6
VRPL,343,ok,10.7229318321,8
VRPL,344,ok,11.5313536975,6
VRPL,345,ok,10.3881539495,7
VRPL,346,ok,10.8350968767,7
VRPL,347,ok,11.5415125984,7
VRPL,348,ok,10.7221348265,7
VRPL,349,ok,11.0181594659,7
VRPL,350,ok,10.7661734647,7
VRPL,351,ok,9.1907203903,7
VRPL,352,ok,12.5148020273,8
VRPL,353,ok,13.5407568886,8
VRPL,354,ok,10.7195994495,7
VRPL,355,ok,11.4020628517,7
VRPL,356,ok,10.7389653188,6
VRPL,357,ok,9.8154660643,8
VRPL,358,ok,9.2344209755,6
VRPL,359,ok,9.9832542634,7
VRPL,360,ok,12.1788918893,7
VRPL,361,ok,9.9361974552,6
VRPL,362,ok,12.1372626199,8
VRPL,363,ok,11.8654995785,7
VRPL,364,ok,10.2092479026,7
VRPL,365,ok,13.1973201565,7
VRPL,366,ok,12.1254201880,7
VRPL,367,ok,12.7834367805,7
VRPL,368,ok,9.2262754847,8
VRPL,369,ok,10.7043489189,8
VRPL,370,ok,9.4912037473,7
VRPL,371,ok,10.5655741147,6
VRPL,372,ok,9.1342657065,7
VRPL,373,ok,12.5506345006,7
VRPL,374,ok,8.9601735909,7
VRPL,375,ok,10.1105513452,8
VRPL,376,ok,10.8673827671,8
VRPL,377,ok,11.5127919371,8
VRPL,378,ok,11.2671742236,7
VRPL,379,ok,10.0304909970,7
VRPL,380,ok,11.2175894133,7
VRPL,381,ok,8.4975605713,7
VRPL,382,ok,9.6214014743,7
VRPL,383,ok,10.0310569139,7
VRPL,384,ok,9.6516280486,6
VRPL,385,ok,13.4669393840,9
VRPL,386,ok,9.1399189932,7
VRPL,387,ok,10.6293689396,7
VRPL,388,ok,13.1990086091,7
VRPL,389,ok,11.8897646335,7
VRPL,390,ok,8.9597105907,7
VRPL,391,ok,11.8262045852,7
VRPL,392,ok,11.0282516641,7
VRPL,393,ok,9.6886510087,8
VRPL,394,ok,10.9737637333,7
VRPL,395,ok,11.5561908915,7
VRPL,396,ok,10.1066012986,7
VRPL,397,ok,11.4300713031,7
VRPL,398,ok,12.1381729747,7
VRPL,399,ok,12.7426847912,8
VRPL,400,ok,9.3123899828,7
VRPL,401,ok,9.4199232155,7
VRPL,402,ok,12.4000709642,7
VRPL,403,ok,12.2744301166,7
VRPL,404,ok,10.9821949545,7
VRPL,405,ok,9.9778561945,7
VRPL,406,ok,9.7072261586,7
VRPL,407,ok,13.2614518488,7
VRPL,408,ok,8.7524130304,7
VRPL,409,ok,10.9671867675,8
VRPL,410,ok,10.7752914950,7
VRPL,411,ok,10.2031491406,7
VRPL,412,ok,12.4073022635,8
VRPL,413,ok,10.1223353186,6
VRPL,414,ok,11.6329927466,8
VRPL,415,ok,10.3798720179,8
VRPL,416,ok,11.4138249069,8
VRPL,417,ok,10.4935325598,7
VRPL,418,ok,11.7192076343,7
VRPL,419,ok,10.9324497127,7
VRPL,420,ok,12.1272556517,8
VRPL,421,ok,11.7790855572,7
VRPL,422,ok,9.7459523098,7
VRPL,423,ok,10.6539291140,7
VRPL,424,ok,10.1376542771,7
VRPL,425,ok,9.8819037351,7
VRPL,426,ok,12.6013003556,8
VRPL,427,ok,11.7741926661,7
VRPL,428,ok,12.3764707661,7
VRPL,429,ok,13.7849398179,8
VRPL,430,ok,9.7310540817,8
VRPL,431,ok,10.5368489717,8
VRPL,432,ok,11.8366976684,7
VRPL,433,ok,11.4416386087,7
VRPL,434,ok,11.9940293019,7
VRPL,435,ok,8.9223075244,8
VRPL,436,ok,11.3183577201,7
VRPL,437,ok,9.8591024478,7
VRPL,438,ok,9.4917117612,7
VRPL,439,ok,11.2692270876,8
VRPL,440,ok,12.0501089480,7
VRPL,441,ok,8.7213146931,6
VRPL,442,ok,13.2670598985,7
VRPL,443,ok,13.0168052246,7
VRPL,444,ok,11.6643836064,7
VRPL,445,ok,9.0402182214,8
VRPL,446,ok,8.1968195675,6
VRPL,447,ok,10.2704020855,8
VRPL,448,ok,10.3384210434,7
VRPL,449,ok,12.2198712562,7
VRPL,450,ok,8.6738155943,8
VRPL,451,ok,13.7844117116,7
VRPL,452,ok,9.9127268155,7
VRPL,453,ok,10.2721808179,8
VRPL,454,ok,10.3613715107,7
VRPL,455,ok,11.2473154863,7
VRPL,456,ok,12.0026853492,8
VRPL,457,ok,10.6954931279,8
VRPL,458,ok,12.0715604953,7
VRPL,459,ok,14.3624178455,8
VRPL,460,ok,9.6948381026,8
VRPL,461,ok,11.5099275313,7
VRPL,462,ok,9.7141445312,6
VRPL,463,ok,9.1797358703,8
VRPL,464,ok,10.5183713690,6
VRPL,465,ok,12.0376409049,7
VRPL,466,ok,10.0928276895,7
VRPL,467,ok,10.3006124771,7
VRPL,468,ok,10.2184039628,7
VRPL,469,ok,9.9391101283,8
VRPL,470,ok,13.0195972623,8
VRPL,471,ok,11.9176843316,8
VRPL,472,ok,10.1808361683,7
VRPL,473,ok,9.1879747920,8
VRPL,474,ok,9.8151300831,8
VRPL,475,ok,9.8191805164,6
VRPL,476,ok,11.6349944877,7
VRPL,477,ok,10.6441001878,7
VRPL,478,ok,9.5593854692,7
VRPL,479,ok,11.7117752405,7
VRPL,480,ok,11.8416600001,8
VRPL,481,ok,9.5453193539,7
VRPL,482,ok,13.3868295423,9
VRPL,483,ok,10.1003028487,7
VRPL,484,ok,9.4972155835,7
VRPL,485,ok,13.9192699314,8
VRPL,486,ok,8.8337120734,6
VRPL,487,ok,13.2925570750,7
VRPL,488,ok,8.9045477542,7
VRPL,489,ok,10.9975004205,8
VRPL,490,ok,11.4800112487,6
VRPL,491,ok,10.6025960356,7
VRPL,492,ok,8.8294152097,6
VRPL,493,ok,10.5055113817,7
VRPL,494,ok,10.9089443384,7
VRPL,495,ok,9.7877672114,8
VRPL,496,ok,11.7968624184,6
VRPL,497,ok,13.4830298353,8
VRPL,498,ok,9.6544158305,7
VRPL,499,ok,10.6100933481,9
VRPL,500,ok,12.0011367714,7
VRPL,501,ok,13.7312133202,9
VRPL,502,ok,10.9355743830,7
VRPL,503,ok,9.1464224878,8
VRPL,504,ok,10.5677144661,7
VRPL,505,ok,11.6671521753,6
VRPL,506,ok,10.7373163809,7
VRPL,507,ok,11.4675200509,7
VRPL,508,ok,9.6520126408,7
VRPL,509,ok,9.5292384737,7
VRPL,510,ok,10.6045469755,7
VRPL,511,ok,10.9786701821,7
VRPL,512,ok,9.8309163389,7
VRPL,513,ok,12.2329489722,7
VRPL,514,ok,11.7705658427,7
VRPL,515,ok,11.0857130263,6
VRPL,516,ok,12.2172037360,7
VRPL,517,ok,10.6560265286,8
VRPL,518,ok,12.4819002064,8
VRPL,519,ok,10.6194016817,6
VRPL,520,ok,10.6658808855,7
VRPL,521,ok,12.0148684113,7
VRPL,522,ok,11.0788748128,7
VRPL,523,ok,9.4493865983,7
VRPL,524,ok,12.6274630947,8
VRPL,525,ok,11.6755456651,8
VRPL,526,ok,9.5675649747,8
VRPL,527,ok,11.6409647377,8
VRPL,528,ok,10.6524895995,8
VRPL,529,ok,12.1534326823,7
VRPL,530,ok,9.2478155464,7
VRPL,531,ok,9.1517813058,7
VRPL,532,ok,12.8344978952,7
VRPL,533,ok,10.4231640152,7
VRPL,534,ok,11.5872875174,7
VRPL,535,ok,11.0347508731,7
VRPL,536,ok,12.0852373559,7
VRPL,537,ok,10.9446450829,8
VRPL,538,ok,13.7311586976,8
VRPL,539,ok,11.3495027911,7
VRPL,540,ok,11.1659920826,8
VRPL,541,ok,13.0545045313,8
VRPL,542,ok,11.9654236006,6
VRPL,543,ok,8.9041055877,7
VRPL,544,ok,12.4877726949,7
VRPL,545,ok,9.9877432048,7
VRPL,546,ok,10.9170400274,7
VRPL,547,ok,10.2386941749,7
VRPL,548,ok,11.3474741941,6
VRPL,549,ok,13.0114546232,7
VRPL,550,ok,13.4987429203,8
VRPL,551,ok,11.5083992313,7
VRPL,552,ok,10.9888184498,7
VRPL,553,ok,8.3636146865,6
VRPL,554,ok,9.7975243846,7
VRPL,555,ok,9.5072604662,7
VRPL,556,ok,9.1572881293,8
VRPL,557,ok,14.3809258597,7
VRPL,558,ok,8.8496716189,6
VRPL,559,ok,12.9923780234,7
VRPL,560,ok,13.7827370177,8
VRPL,561,ok,9.3823123055,7
VRPL,562,ok,11.9324603070,7
VRPL,563,ok,9.5064795497,7
VRPL,564,ok,12.0686998087,7
VRPL,565,ok,11.3348420465,7
VRPL,566,ok,10.3498996836,7
VRPL,567,ok,10.1854363924,8
VRPL,568,ok,11.1716543758,6
VRPL,569,ok,11.5413510420,7
VRPL,570,ok,11.7309383096,7
VRPL,571,ok,12.8814428170,7
VRPL,572,ok,12.3785577692,7
VRPL,573,ok,10.1570611595,7
VRPL,574,ok,10.6621422579,7
VRPL,575,ok,9.8486958349,8
VRPL,576,ok,11.4486122765,8
VRPL,577,ok,11.2815834124,8
VRPL,578,ok,10.1571328124,6
VRPL,579,ok,10.2183203286,7
VRPL,580,ok,10.7002547310,6
VRPL,581,ok,11.6102342178,7
VRPL,582,ok,9.2430174987,7
VRPL,583,ok,9.6418650742,7
VRPL,584,ok,9.7931447069,7
VRPL,585,ok,12.1954294660,7
VRPL,586,ok,11.1121732675,7
VRPL,587,ok,8.9223807573,6
VRPL,588,ok,10.5568215489,7
VRPL,589,ok,9.3620193498,7
VRPL,590,ok,11.0356816132,7
VRPL,591,ok,11.4513387597,7
VRPL,592,ok,9.5282176447,8
VRPL,593,ok,10.6159711894,6
VRPL,594,ok,8.8983220969,7
VRPL,595,ok,11.9917403945,7
VRPL,596,ok,8.7317426481,6
VRPL,597,ok,9.6025861360,7
VRPL,598,ok,10.5206066688,8
VRPL,599,ok,11.4603421537,7
VRPL,600,ok,12.0514198096,7
VRPL,601,ok,13.1900412580,8
VRPL,602,ok,10.1089363424,7
VRPL,603,ok,12.4851601814,8
VRPL,604,ok,8.5818067837,6
VRPL,605,ok,11.3211639462,8
VRPL,606,ok,11.1892540895,8
VRPL,607,ok,9.7118004410,6
VRPL,608,ok,12.3817428057,8
VRPL,609,ok,10.8977169357,7
VRPL,610,ok,11.1047155929,7
VRPL,611,ok,13.2004846353,8
VRPL,612,ok,9.4103056814,7
VRPL,613,ok,10.4241371576,7
VRPL,614,ok,13.0941755686,8
VRPL,615,ok,12.0603179525,8
VRPL,616,ok,9.9180656644,7
VRPL,617,ok,13.5288039932,7
VRPL,618,ok,9.8476986169,7
VRPL,619,ok,12.8635840397,8
VRPL,620,ok,9.1423556926,7
VRPL,621,ok,10.3408109439,7
VRPL,622,ok,10.8849898903,6
VRPL,623,ok,12.3222221701,7
VRPL,624,ok,13.2071204576,7
VRPL,625,ok,9.9870467359,7
VRPL,626,ok,9.3153220246,7
VRPL,627,ok,12.6729346438,6
VRPL,628,ok,10.1674728337,8
VRPL,629,ok,11.6925358569,7
VRPL,630,ok,10.6137994917,9
VRPL,631,ok,11.5499537895,7
VRPL,632,ok,13.9969904180,9
VRPL,633,ok,9.2565303124,8
VRPL,634,ok,12.7036373633,7
VRPL,635,ok,10.5812304421,6
VRPL,636,ok,10.9343003099,7
VRPL,637,ok,11.5244253122,7
VRPL,638,ok,8.8783992779,7
VRPL,639,ok,10.0679783565,6
VRPL,640,ok,13.3275777701,8
VRPL,641,ok,10.8038584864,8
VRPL,642,ok,11.9754491195,8
VRPL,643,ok,9.3085259714,7
VRPL,644,ok,12.2770866018,6
VRPL,645,ok,10.2401913642,7
VRPL,646,ok,11.7283096843,7
VRPL,647,ok,12.9791935719,7
VRPL,648,ok,10.4570436205,7
VRPL,649,ok,12.1319025422,7
VRPL,650,ok,12.9873053396,7
VRPL,651,ok,10.1847928629,6
VRPL,652,ok,12.5733910463,7
VRPL,653,ok,13.2993586955,7
VRPL,654,ok,8.7081338585,7
VRPL,655,ok,11.3856559667,7
VRPL,656,ok,9.1954544403,7
VRPL,657,ok,11.2455000470,8
VRPL,658,ok,12.1013337767,7
VRPL,659,ok,11.1794095356,7
VRPL,660,ok,9.7813103061,7
VRPL,661,ok,11.1009106757,7
VRPL,662,ok,10.0500883964,8
VRPL,663,ok,10.1352385168,8
VRPL,664,ok,11.8538797792,8
VRPL,665,ok,11.5358023770,9
VRPL,666,ok,11.8059981514,8
VRPL,667,ok,11.7868820563,7
VRPL,668,ok,9.2387014204,7
VRPL,669,ok,9.9001024818,7
VRPL,670,ok,9.6089797868,6
VRPL,671,ok,10.2856919089,7
VRPL,672,ok,11.3835966577,7
VRPL,673,ok,9.0769227159,7
VRPL,674,ok,9.9884648128,6
VRPL,675,ok,9.1385431662,7
VRPL,676,ok,13.2533059541,8
VRPL,677,ok,12.8886932037,8
VRPL,678,ok,10.2606971430,8
VRPL,679,ok,9.2884324776,7
VRPL,680,ok,10.2233271251,6
VRPL,681,ok,12.5712543186,7
VRPL,682,ok,10.0405886653,7
VRPL,683,ok,9.9393286868,7
VRPL,684,ok,10.9825227149,8
VRPL,685,ok,10.6582573011,7
VRPL,686,ok,11.9106244951,6
VRPL,687,ok,12.8350426140,8
VRPL,688,ok,11.0902911503,7
VRPL,689,ok,11.9139327547,7
VRPL,690,ok,9.6495713735,8
VRPL,691,ok,9.1833273205,7
VRPL,692,ok,11.2829190920,7
VRPL,693,ok,11.5774335794,7
VRPL,694,ok,10.5461463037,6
VRPL,695,ok,10.3828799293,7
VRPL,696,ok,11.5930976773,7
VRPL,697,ok,12.7847369404,7
VRPL,698,ok,11.8611717448,7
VRPL,699,ok,10.0851314740,7
VRPL,700,ok,10.2938019375,8
VRPL,701,ok,9.8784329413,8
VRPL,702,ok,10.8871916446,7
VRPL,703,ok,8.4394941042,7
VRPL,704,ok,10.1162255044,7
VRPL,705,ok,12.8109611698,9
VRPL,706,ok,12.7848774471,8
VRPL,707,ok,11.3378025971,7
VRPL,708,ok,12.6555452454,7
VRPL,709,ok,12.0569443565,8
VRPL,710,ok,9.0832969804,6
VRPL,711,ok,8.9785787240,7
VRPL,712,ok,12.6251733621,7
VRPL,713,ok,10.1214298261,8
VRPL,714,ok,11.5852060365,8
VRPL,715,ok,11.9959099039,7
VRPL,716,ok,12.7948066818,8
VRPL,717,ok,13.1334973220,8
VRPL,718,ok,10.7241411365,8
VRPL,719,ok,8.6882383427,6
VRPL,720,ok,9.4484769181,7
VRPL,721,ok,10.9212805041,8
VRPL,722,ok,10.4139105362,7
VRPL,723,ok,11.4370061738,7
VRPL,724,ok,10.1819683045,7
VRPL,725,ok,10.9069087768,7
VRPL,726,ok,11.4441092343,6
VRPL,727,ok,8.7744078400,7
VRPL,728,ok,11.8204174424,8
VRPL,729,ok,10.1914309584,6
VRPL,730,ok,10.4403032833,7
VRPL,731,ok,9.4954834072,9
VRPL,732,ok,10.3159906332,8
VRPL,733,ok,14.7405336820,7
VRPL,734,ok,11.8914678654,7
VRPL,735,ok,12.6437917376,8
VRPL,736,ok,11.9317924503,8
VRPL,737,ok,9.2920208250,8
VRPL,738,ok,10.7541360821,7
VRPL,739,ok,11.6803301166,7
VRPL,740,ok,11.0207939068,7
VRPL,741,ok,8.5587934977,7
VRPL,742,ok,10.3217494626,7
VRPL,743,ok,8.4425736083,6
VRPL,744,ok,10.4174457225,7
VRPL,745,ok,11.2183748956,7
VRPL,746,ok,13.5030632720,7
VRPL,747,ok,9.0673581221,7
VRPL,748,ok,12.2045394109,7
VRPL,749,ok,11.3819827696,7
VRPL,750,ok,9.7721879704,6
VRPL,751,ok,13.0784314452,7
VRPL,752,ok,11.5500721969,6
VRPL,753,ok,10.3374872638,7
VRPL,754,ok,10.9302568370,7
VRPL,755,ok,10.3349746713,7
VRPL,756,ok,11.7072006812,7
VRPL,757,ok,9.3747026204,6
VRPL,758,ok,10.3044025350,6
VRPL,759,ok,11.0399990790,7
VRPL,760,ok,13.1975468509,7
VRPL,761,ok,11.0145054747,7
VRPL,762,ok,12.8740534213,8
VRPL,763,ok,12.3254008203,8
VRPL,764,ok,11.1405825247,7
VRPL,765,ok,13.5832415818,9
VRPL,766,ok,10.9955212030,7
VRPL,767,ok,11.8717317324,7
VRPL,768,ok,12.5919752510,8
VRPL,769,ok,10.9310871456,8
VRPL,770,ok,10.4666101396,8
VRPL,771,ok,8.8051380064,7
VRPL,772,ok,11.0267080660,6
VRPL,773,ok,8.5345989328,7
VRPL,774,ok,9.0274375285,7
VRPL,775,ok,11.7734583710,8
VRPL,776,ok,12.7746368422,7
VRPL,777,ok,10.5530669024,7
VRPL,778,ok,11.3420785867,7
VRPL,779,ok,11.1953758114,7
VRPL,780,ok,9.1106384988,7
VRPL,781,ok,11.4659167302,7
VRPL,782,ok,9.5207103307,7
VRPL,783,ok,12.6169941959,7
VRPL,784,ok,10.3331109278,7
VRPL,785,ok,11.5724459524,7
VRPL,786,ok,10.3704158693,7
VRPL,787,ok,10.2768311861,8
VRPL,788,ok,10.4767725364,7
VRPL,789,ok,10.2279191328,8
VRPL,790,ok,11.3231838111,8
VRPL,791,ok,9.5111960127,7
VRPL,792,ok,11.1859944755,7
VRPL,793,ok,10.5328974869,7
VRPL,794,ok,11.5185732483,7
VRPL,795,ok,12.3899678581,9
VRPL,796,ok,10.1788757075,7
VRPL,797,ok,11.2226219938,7
VRPL,798,ok,10.7879141697,8
VRPL,799,ok,10.2954164329,7
VRPL,800,ok,10.6365378663,8
VRPL,801,ok,11.8369692950,7
VRPL,802,ok,10.5129244222,7
VRPL,803,ok,9.5484124119,8
VRPL,804,ok,9.1495297744,7
VRPL,805,ok,13.7830307469,8
VRPL,806,ok,10.1994319352,6
VRPL,807,ok,10.7834667102,7
VRPL,808,ok,10.8603151898,7
VRPL,809,ok,10.1259846276,7
VRPL,810,ok,8.8814999529,7
VRPL,811,ok,12.5259649826,7
VRPL,812,ok,10.4788726571,8
VRPL,813,ok,11.9455592624,7
VRPL,814,ok,12.2296430476,6
VRPL,815,ok,11.2945145793,6
VRPL,816,ok,9.6768138362,7
VRPL,817,ok,9.8967467512,7
VRPL,818,ok,13.0908755635,8
VRPL,819,ok,10.2447912903,6
VRPL,820,ok,11.3853496450,7
VRPL,821,ok,10.9729828815,7
VRPL,822,ok,9.9075142014,6
VRPL,823,ok,10.4008487536,7
VRPL,824,ok,10.9655737300,7
VRPL,825,ok,9.9082149706,7
VRPL,826,ok,15.1162417093,10
VRPL,827,ok,9.6587780445,8
VRPL,828,ok,10.9982331305,7
VRPL,829,ok,10.1190145926,7
VRPL,830,ok,12.5084079362,7
VRPL,831,ok,12.3844340616,9
VRPL,832,ok,10.7103755677,6
VRPL,833,ok,10.4385199652,8
VRPL,834,ok,11.7886948072,7
VRPL,835,ok,8.9693754491,7
VRPL,836,ok,12.4326024942,8
VRPL,837,ok,13.1932433432,7
VRPL,838,ok,11.5195248146,8
VRPL,839,ok,11.2343986638,7
VRPL,840,ok,10.5564587424,8
VRPL,841,ok,11.4991393756,6
VRPL,842,ok,9.7675427530,7
VRPL,843,ok,11.4745584552,7
VRPL,844,ok,11.1035785430,7
VRPL,845,ok,11.5536006574,8
VRPL,846,ok,10.0408288346,7
VRPL,847,ok,11.8604942130,8
VRPL,848,ok,10.0664691881,7
VRPL,849,ok,8.9591134796,9
VRPL,850,ok,11.2860852515,7
VRPL,851,ok,11.9023607636,6
VRPL,852,ok,10.1677244504,7
VRPL,853,ok,13.7332547501,8
VRPL,854,ok,8.7066877069,6
VRPL,855,ok,9.4675387848,8
VRPL,856,ok,9.4965801854,7
VRPL,857,ok,11.2793395642,8
VRPL,858,ok,12.6396403498,7
VRPL,859,ok,9.4763632247,7
VRPL,860,ok,11.3370456572,6
VRPL,861,ok,11.0840073215,6
VRPL,862,ok,10.2581132685,7
VRPL,863,ok,13.1367016913,7
VRPL,864,ok,9.5156792825,7
VRPL,865,ok,9.1281976976,6
VRPL,866,ok,10.0868317975,7
VRPL,867,ok,8.9962251040,7
VRPL,868,ok,8.0547776355,7
VRPL,869,ok,10.3418178979,7
VRPL,870,ok,9.4944427847,7
VRPL,871,ok,11.1500798514,8
VRPL,872,ok,11.9050694214,7
VRPL,873,ok,10.2548029391,8
VRPL,874,ok,12.1252680891,7
VRPL,875,ok,8.7356205213,7
VRPL,876,ok,11.7242024574,8
VRPL,877,ok,12.5820269384,9
VRPL,878,ok,10.3676395929,8
VRPL,879,ok,10.6718656824,7
VRPL,880,ok,12.7909043732,7
VRPL,881,ok,10.0581962398,8
VRPL,882,ok,9.1062245609,7
VRPL,883,ok,8.8814760459,8
VRPL,884,ok,13.2885746711,8
VRPL,885,ok,9.5121188108,7
VRPL,886,ok,10.9852147071,7
VRPL,887,ok,9.2297490503,7
VRPL,888,ok,8.9541159854,7
VRPL,889,ok,10.9569778178,8
VRPL,890,ok,9.2455643519,7
VRPL,891,ok,12.6562309711,7
VRPL,892,ok,9.0649933745,7
VRPL,893,ok,12.3989769711,8
VRPL,894,ok,10.7732057209,7
VRPL,895,ok,10.5757338636,8
VRPL,896,ok,10.9039525813,8
VRPL,897,ok,11.4407631110,8
VRPL,898,ok,8.9840282273,8
VRPL,899,ok,10.7229210273,7
VRPL,900,ok,10.4427885112,7
VRPL,901,ok,9.2913442186,7
VRPL,902,ok,9.8131804414,6
VRPL,903,ok,10.8159176781,7
VRPL,904,ok,9.1835093478,7
VRPL,905,ok,11.0891965920,8
VRPL,906,ok,11.6801682608,7
VRPL,907,ok,9.2313892787,7
VRPL,908,ok,13.0012410712,7
VRPL,909,ok,10.3989979397,8
VRPL,910,ok,11.0545034197,7
VRPL,911,ok,11.9228703505,6
VRPL,912,ok,11.5685509097,7
VRPL,913,ok,12.3778235871,8
VRPL,914,ok,12.1274570648,7
VRPL,915,ok,9.4688628369,6
VRPL,916,ok,12.6818039539,8
VRPL,917,ok,10.1569527846,6
VRPL,918,ok,9.1042158157,7
VRPL,919,ok,10.7269278087,7
VRPL,920,ok,10.4285965876,7
VRPL,921,ok,15.6011275723,8
VRPL,922,ok,11.0528803390,7
VRPL,923,ok,10.0449043538,8
VRPL,924,ok,11.1227711921,7
VRPL,925,ok,13.2901883232,8
VRPL,926,ok,12.4195693427,7
VRPL,927,ok,15.0549487990,8
VRPL,928,ok,11.4088953067,7
VRPL,929,ok,13.9681742251,7
VRPL,930,ok,10.3559570076,7
VRPL,931,ok,11.6179990298,8
VRPL,932,ok,11.5131823759,6
VRPL,933,ok,12.2877746938,8
VRPL,934,ok,9.6617394523,7
VRPL,935,ok,9.2066584823,7
VRPL,936,ok,11.3590499901,7
VRPL,937,ok,11.1358443528,8
VRPL,938,ok,12.5192485081,7
VRPL,939,ok,11.8585119763,8
VRPL,940,ok,10.2390631190,8
VRPL,941,ok,11.5184535212,8
VRPL,942,ok,9.1359255356,7
VRPL,943,ok,12.0587910578,8
VRPL,944,ok,12.8002669368,7
VRPL,945,ok,10.7460803268,7
VRPL,946,ok,10.1746703763,7
VRPL,947,ok,11.5554127688,7
VRPL,948,ok,12.4880717439,8
VRPL,949,ok,10.2596894670,7
VRPL,950,ok,9.6624679649,8
VRPL,951,ok,9.9325342722,7
VRPL,952,ok,8.4244734094,6
VRPL,953,ok,13.2286931524,7
VRPL,954,ok,9.7335354139,8
VRPL,955,ok,9.8295149003,7
VRPL,956,ok,9.8784857933,8
VRPL,957,ok,11.4941893769,7
VRPL,958,ok,11.5790399667,7
VRPL,959,ok,12.8438377102,7
VRPL,960,ok,12.8132653250,7
VRPL,961,ok,9.4490512645,7
VRPL,962,ok,11.1529005841,6
VRPL,963,ok,12.5664109794,7
VRPL,964,ok,10.8500800373,6
VRPL,965,ok,12.9476817366,8
VRPL,966,ok,11.0491161719,8
VRPL,967,ok,10.6485207895,8
VRPL,968,ok,10.6032206023,7
VRPL,969,ok,10.9386525537,7
VRPL,970,ok,10.0637495511,7
VRPL,971,ok,13.9844256610,7
VRPL,972,ok,11.5151885687,7
VRPL,973,ok,10.8520238015,7
VRPL,974,ok,11.6011337064,7
VRPL,975,ok,9.4887503230,8
VRPL,976,ok,11.0731637494,7
VRPL,977,ok,10.4561579165,8
VRPL,978,ok,12.4053750617,6
VRPL,979,ok,12.8971670821,7
VRPL,980,ok,12.2405877247,7
VRPL,981,ok,10.0339277228,7
VRPL,982,ok,10.5301198828,7
VRPL,983,ok,11.8436288325,8
VRPL,984,ok,13.8947757016,7
VRPL,985,ok,11.2034232732,8
VRPL,986,ok,12.2905577866,7
VRPL,987,ok,10.7745652366,7
VRPL,988,ok,9.8400250810,6
VRPL,989,ok,11.0187336974,7
VRPL,990,ok,10.7860109798,7
VRPL,991,ok,13.0134192633,8
VRPL,992,ok,11.3745553548,6
VRPL,993,ok,12.0272107168,7
VRPL,994,ok,10.7920622511,7
VRPL,995,ok,11.3255360527,7
VRPL,996,ok,10.5622650738,7
VRPL,997,ok,11.9706062741,8
VRPL,998,ok,9.7707263853,7
VRPL,999,ok,11.3309085246,7
VRPTW,0,ok,17.7942103587,14
VRPTW,1,ok,18.2492764570,15
VRPTW,2,ok,16.8377950126,15
VRPTW,3,ok,16.7985760679,14
VRPTW,4,ok,24.6588204621,16
VRPTW,5,ok,18.3695769568,15
VRPTW,6,ok,15.3940239284,15
VRPTW,7,ok,23.8420160695,15
VRPTW,8,ok,13.6459772903,14
VRPTW,9,ok,24.8930051709,16
VRPTW,10,ok,18.1522077873,17
VRPTW,11,ok,14.8813507894,15
VRPTW,12,ok,14.2314272824,15
VRPTW,13,ok,14.3292675354,14
VRPTW,14,ok,16.2278002577,15
VRPTW,15,ok,22.3983326996,15
VRPTW,16,ok,17.2686208372,14
VRPTW,17,ok,21.3767533858,16
VRPTW,18,ok,21.1494948680,16
VRPTW,19,ok,17.7633546830,14
VRPTW,20,ok,19.8323096016,15
VRPTW,21,ok,19.0918789454,13
VRPTW,22,ok,16.3286884824,15
VRPTW,23,ok,21.2551504864,15
VRPTW,24,ok,20.4387696164,14
VRPTW,25,ok,17.9258235599,14
VRPTW,26,ok,24.8335412567,16
VRPTW,27,ok,15.0955841406,15
VRPTW,28,ok,17.6552123599,15
VRPTW,29,ok,21.0959394657,15
VRPTW,30,ok,23.1847207191,14
VRPTW,31,ok,15.5426448910,16
VRPTW,32,ok,19.9958687285,15
VRPTW,33,ok,15.2368233946,15
VRPTW,34,ok,14.1523821568,14
VRPTW,35,ok,21.0986297171,17
VRPTW,36,ok,16.7966188400,14
VRPTW,37,ok,14.6604897001,14
VRPTW,38,ok,16.0655027517,16
VRPTW,39,ok,20.6005823001,16
VRPTW,40,ok,21.7723181144,15
VRPTW,41,ok,24.0728235104,15
VRPTW,42,ok,17.0124257818,13
VRPTW,43,ok,15.5964531719,14
VRPTW,44,ok,17.5599909081,13
VRPTW,45,ok,15.1299038502,14
VRPTW,46,ok,21.0572623776,15
VRPTW,47,ok,18.2420576639,16
VRPTW,48,ok,14.1692236200,14
VRPTW,49,ok,14.8970498294,14
VRPTW,50,ok,20.0914458616,13
VRPTW,51,ok,15.3476948669,14
VRPTW,52,ok,22.8667791806,16
VRPTW,53,ok,18.6187773114,15
VRPTW,54,ok,13.0379958723,14
VRPTW,55,ok,23.1506242180,15
VRPTW,56,ok,21.3613128501,16
VRPTW,57,ok,23.8856183794,18
VRPTW,58,ok,20.4323140549,16
VRPTW,59,ok,21.6686069950,16
VRPTW,60,ok,16.8626271566,14
VRPTW,61,ok,20.7012462651,16
VRPTW,62,ok,23.0810235877,15
VRPTW,63,ok,19.4112378119,16
VRPTW,64,ok,20.8947193649,15
VRPTW,65,ok,23.3645511081,15
VRPTW,66,ok,16.0395759491,15
VRPTW,67,ok,14.7150368079,15
VRPTW,68,ok,26.0098155115,16
VRPTW,69,ok,25.1291683564,16
VRPTW,70,ok,16.5006844542,14
VRPTW,71,ok,14.2227407323,14
VRPTW,72,ok,17.5635546336,16
VRPTW,73,ok,16.9119947747,15
VRPTW,74,ok,12.9852599258,14
VRPTW,75,ok,21.8562616975,15
VRPTW,76,ok,22.9166546954,14
VRPTW,77,ok,16.5075859155,17
VRPTW,78,ok,17.0438135553,13
VRPTW,79,ok,24.6563253636,15
VRPTW,80,ok,14.9464431701,14
VRPTW,81,ok,17.9525925408,16
VRPTW,82,ok,21.3838375149,16
VRPTW,83,ok,15.9198462326,15
VRPTW,84,ok,16.4688950324,16
VRPTW,85,ok,12.5588250585,14
VRPTW,86,ok,18.3736958341,15
VRPTW,87,ok,28.5574055117,16
VRPTW,88,ok,29.3543952619,18
VRPTW,89,ok,17.7726140925,14
VRPTW,90,ok,25.1889300497,17
VRPTW,91,ok,14.9342404902,15
VRPTW,92,ok,20.0859856776,14
VRPTW,93,ok,17.8705790449,14
VRPTW,94,ok,19.5750100258,14
VRPTW,95,ok,15.6976783889,13
VRPTW,96,ok,15.8218126615,14
VRPTW,97,ok,16.7465710154,15
VRPTW,98,ok,20.5030217709,15
VRPTW,99,ok,17.9745414521,13
VRPTW,100,ok,15.6028122941,13
VRPTW,101,ok,16.4714469936,15
VRPTW,102,ok,16.3607821080,16
VRPTW,103,ok,14.8897191664,15
VRPTW,104,ok,14.7745738953,15
VRPTW,105,ok,18.9648933132,15
VRPTW,106,ok,18.9037904989,14
VRPTW,107,ok,19.1585153283,15
VRPTW,108,ok,22.1456908023,14
VRPTW,109,ok,25.0746332399,15
VRPTW,110,ok,22.5899421936,14
VRPTW,111,ok,14.3272464512,15
VRPTW,112,ok,20.5640483774,16
VRPTW,113,ok,21.0093965154,14
VRPTW,114,ok,14.7304457627,15
VRPTW,115,ok,15.2325020340,13
VRPTW,116,ok,18.1759536595,13
VRPTW,117,ok,13.4236060258,14
VRPTW,118,ok,17.1698604177,13
VRPTW,119,ok,15.8373442276,14
VRPTW,120,ok,13.5015847114,14
VRPTW,121,ok,14.9078354855,13
VRPTW,122,ok,16.5829642018,14
VRPTW,123,ok,16.8973142357,16
VRPTW,124,ok,19.9301895172,15
VRPTW,125,ok,13.8196557793,14
VRPTW,126,ok,17.9168907369,15
VRPTW,127,ok,14.3436949396,13
VRPTW,128,ok,21.7292967635,16
VRPTW,129,ok,24.0278284125,17
VRPTW,130,ok,18.7575269138,15
VRPTW,131,ok,17.5819731254,17
VRPTW,132,ok,19.0451998498,15
VRPTW,133,ok,23.9159512933,16
VRPTW,134,ok,17.5962231444,15
VRPTW,135,ok,17.7040381810,13
VRPTW,136,ok,18.5399880198,16
VRPTW,137,ok,16.5411864354,15
VRPTW,138,ok,14.5842865030,14
VRPTW,139,ok,25.4715680952,16
VRPTW,140,ok,17.8872258780,14
VRPTW,141,ok,17.5078736185,14
VRPTW,142,ok,21.8601994789,18
VRPTW,143,ok,17.5764237806,14
VRPTW,144,ok,25.2306019432,17
VRPTW,145,ok,18.5328187624,15
VRPTW,146,ok,27.5436583300,16
VRPTW,147,ok,16.9057431971,15
VRPTW,148,ok,19.3749033074,16
VRPTW,149,ok,18.1465399630,14
VRPTW,150,ok,22.9293579213,16
VRPTW,151,ok,15.8721784616,15
VRPTW,152,ok,15.9161970966,15
VRPTW,153,ok,13.9017785767,14
VRPTW,154,ok,20.8922143734,14
VRPTW,155,ok,23.5578553841,16
VRPTW,156,ok,14.3863164992,14
VRPTW,157,ok,25.0079665411,17
VRPTW,158,ok,17.5539839967,14
VRPTW,159,ok,24.6904536663,15
VRPTW,160,ok,19.6326380609,14
VRPTW,161,ok,14.1007574007,13
VRPTW,162,ok,21.7826751422,15
VRPTW,163,ok,16.2640244313,13
VRPTW,164,ok,18.5802475814,16
VRPTW,165,ok,19.4867358591,16
VRPTW,166,ok,20.1989631794,15
VRPTW,167,ok,32.2692723137,18
VRPTW,168,ok,15.7516054280,14
VRPTW,169,ok,18.4682326040,15
VRPTW,170,ok,30.1391061121,18
VRPTW,171,ok,14.3915280679,15
VRPTW,172,ok,21.3496888419,16
VRPTW,173,ok,14.9686967679,15
VRPTW,174,ok,17.4489545962,14
VRPTW,175,ok,19.2402196338,14
VRPTW,176,ok,17.5729711857,15
VRPTW,177,ok,21.7780823866,14
VRPTW,178,ok,25.3699847997,16
VRPTW,179,ok,19.9833801040,15
VRPTW,180,ok,30.4650072725,16
VRPTW,181,ok,15.5076228648,15
VRPTW,182,ok,20.1680329812,15
VRPTW,183,ok,17.1937745131,16
VRPTW,184,ok,21.2801115586,15
VRPTW,185,ok,16.9138982384,17
VRPTW,186,ok,26.5932671034,18
VRPTW,187,ok,21.5090684532,14
VRPTW,188,ok,19.0493512392,14
VRPTW,189,ok,24.0053102957,15
VRPTW,190,ok,18.1573140143,14
VRPTW,191,ok,17.9984873810,16
VRPTW,192,ok,22.3685455568,15
VRPTW,193,ok,19.1319328263,13
VRPTW,194,ok,20.2637759883,16
VRPTW,195,ok,21.1329390405,14
VRPTW,196,ok,19.4366392422,14
VRPTW,197,ok,16.1328157142,15
VRPTW,198,ok,14.8428868671,15
VRPTW,199,ok,15.9941752917,14
VRPTW,200,ok,18.0393109492,15
VRPTW,201,ok,13.5582758678,13
VRPTW,202,ok,14.4690975985,14
VRPTW,203,ok,23.0901253356,17
VRPTW,204,ok,21.1497562323,15
VRPTW,205,ok,17.8686604103,13
VRPTW,206,ok,13.8848364307,13
VRPTW,207,ok,24.4841349370,17
VRPTW,208,ok,16.7271258065,14
VRPTW,209,ok,24.8837419886,15
VRPTW,210,ok,14.8584652344,14
VRPTW,211,ok,14.9064969172,14
VRPTW,212,ok,12.7867285239,14
VRPTW,213,ok,18.1408712570,15
VRPTW,214,ok,17.6474936754,14
VRPTW,215,ok,15.6487345755,15
VRPTW,216,ok,18.9073454704,13
VRPTW,217,ok,18.9834301684,14
VRPTW,218,ok,19.9663904092,15
VRPTW,219,ok,18.6530268345,15
VRPTW,220,ok,17.4801020506,13
VRPTW,221,ok,14.5830526722,14
VRPTW,222,ok,30.4418622918,18
VRPTW,223,ok,20.6304794702,15
VRPTW,224,ok,26.4164845856,15
VRPTW,225,ok,18.4557505875,15
VRPTW,226,ok,16.2833707056,12
VRPTW,227,ok,17.2740839100,15
VRPTW,228,ok,15.5186358106,13
VRPTW,229,ok,19.3393423448,16
VRPTW,230,ok,19.1425677097,17
VRPTW,231,ok,20.5009025964,16
VRPTW,232,ok,15.9451300048,17
VRPTW,233,ok,19.2450019966,17
VRPTW,234,ok,18.2114145307,13
VRPTW,235,ok,16.5806886390,13
VRPTW,236,ok,14.9783688455,14
VRPTW,237,ok,19.1347746778,16
VRPTW,238,ok,20.2832777178,14
VRPTW,239,ok,16.5783839784,16
VRPTW,240,ok,20.4092437358,14
VRPTW,241,ok,21.6577073702,17
VRPTW,242,ok,14.2685132367,13
VRPTW,243,ok,20.7641974354,15
VRPTW,244,ok,16.7751398607,14
VRPTW,245,ok,19.3723833525,13
VRPTW,246,ok,28.6578904156,17
VRPTW,247,ok,14.9455440408,13
VRPTW,248,ok,14.1211766775,15
VRPTW,249,ok,20.7826891542,14
VRPTW,250,ok,15.7966828601,13
VRPTW,251,ok,25.0310177046,16
VRPTW,252,ok,15.4454707880,14
VRPTW,253,ok,14.0357866182,14
VRPTW,254,ok,14.3499014677,15
VRPTW,255,ok,18.6128552963,16
VRPTW,256,ok,23.6361408307,16
VRPTW,257,ok,13.2900579353,13
VRPTW,258,ok,16.8396263572,14
VRPTW,259,ok,23.1776499653,16
VRPTW,260,ok,18.4639711410,13
VRPTW,261,ok,19.0102324512,15
VRPTW,262,ok,17.6415846919,16
VRPTW,263,ok,21.1958789383,15
VRPTW,264,ok,16.8487563931,14
VRPTW,265,ok,14.2289855208,14
VRPTW,266,ok,15.5559835241,15
VRPTW,267,ok,15.7185970523,15
VRPTW,268,ok,15.8664255365,14
VRPTW,269,ok,19.3421695611,14
VRPTW,270,ok,15.4854053261,15
VRPTW,271,ok,17.1704689805,15
VRPTW,272,ok,18.8124878503,14
VRPTW,273,ok,19.8923275867,16
VRPTW,274,ok,18.0165734307,14
VRPTW,275,ok,21.4297085675,15
VRPTW,276,ok,18.5122184775,14
VRPTW,277,ok,24.3102842996,16
VRPTW,278,ok,14.6747288168,15
VRPTW,279,ok,19.9357457253,14
VRPTW,280,ok,18.4049715388,15
VRPTW,281,ok,20.1005784107,15
VRPTW,282,ok,21.2690670766,14
VRPTW,283,ok,14.4034666756,14
VRPTW,284,ok,18.8494475235,16
VRPTW,285,ok,16.1438062266,16
VRPTW,286,ok,17.7728996956,14
VRPTW,287,ok,20.1792381380,15
VRPTW,288,ok,17.1585979768,15
VRPTW,289,ok,16.9565584844,16
VRPTW,290,ok,22.9334031800,15
VRPTW,291,ok,17.9796089346,12
VRPTW,292,ok,14.6762973993,16
VRPTW,293,ok,18.9196898470,15
VRPTW,294,ok,15.1908201476,14
VRPTW,295,ok,26.1209686991,17
VRPTW,296,ok,19.7995541766,14
VRPTW,297,ok,16.6060852109,12
VRPTW,298,ok,17.4945856407,15
VRPTW,299,ok,15.7327313459,16
VRPTW,300,ok,16.3143573633,14
VRPTW,301,ok,15.2622488963,14
VRPTW,302,ok,15.5532402094,15
VRPTW,303,ok,16.7811448176,14
VRPTW,304,ok,18.4741327629,14
VRPTW,305,ok,19.1105678771,16
VRPTW,306,ok,19.1106437021,15
VRPTW,307,ok,18.9959789119,14
VRPTW,308,ok,16.7543820019,14
VRPTW,309,ok,21.8592505363,15
VRPTW,310,ok,17.5588353291,13
VRPTW,311,ok,18.3667840232,15
VRPTW,312,ok,12.8473614130,15
VRPTW,313,ok,21.6696062913,17
VRPTW,314,ok,32.3236790668,17
VRPTW,315,ok,19.4498545523,13
VRPTW,316,ok,14.8407938619,15
VRPTW,317,ok,15.7598827005,17
VRPTW,318,ok,19.0084669002,16
VRPTW,319,ok,12.6911037747,11
VRPTW,320,ok,16.6732117767,14
VRPTW,321,ok,16.2361135665,16
VRPTW,322,ok,15.2359646296,15
VRPTW,323,ok,17.0232299970,16
VRPTW,324,ok,16.6166820489,14
VRPTW,325,ok,15.1296199748,14
VRPTW,326,ok,22.0423684876,15
VRPTW,327,ok,18.6484410169,14
VRPTW,328,ok,15.3260218690,14
VRPTW,329,ok,12.6533168406,13
VRPTW,330,ok,14.5260285028,16
VRPTW,331,ok,16.8139096483,13
VRPTW,332,ok,20.0032470529,14
VRPTW,333,ok,17.3204362150,15
VRPTW,334,ok,28.9516894728,17
VRPTW,335,ok,17.2614259735,14
VRPTW,336,ok,18.5241406417,14
VRPTW,337,ok,14.6595670593,15
VRPTW,338,ok,18.2742484902,15
VRPTW,339,ok,19.0783103063,15
VRPTW,340,ok,14.5601764535,15
VRPTW,341,ok,16.2408129632,15
VRPTW,342,ok,18.7720872586,15
VRPTW,343,ok,23.9607043346,16
VRPTW,344,ok,23.5517847117,14
VRPTW,345,ok,21.8704941719,16
VRPTW,346,ok,16.2403950790,15
VRPTW,347,ok,20.8351525085,15
VRPTW,348,ok,15.4702252341,14
VRPTW,349,ok,16.4008357669,15
VRPTW,350,ok,18.8964090645,15
VRPTW,351,ok,22.0262485240,13
VRPTW,352,ok,21.9880061359,17
VRPTW,353,ok,20.8490502388,17
VRPTW,354,ok,25.7193789325,19
VRPTW,355,ok,20.3042909469,15
VRPTW,356,ok,16.6842440850,15
VRPTW,357,ok,25.2305114135,15
VRPTW,358,ok,19.9245853349,16
VRPTW,359,ok,17.8735987582,16
VRPTW,360,ok,13.2367431905,14
VRPTW,361,ok,17.0767751390,16
VRPTW,362,ok,19.1919390545,14
VRPTW,363,ok,18.7167139925,13
VRPTW,364,ok,24.1804518784,15
VRPTW,365,ok,15.0638959318,15
VRPTW,366,ok,25.5055849395,17
VRPTW,367,ok,18.0412149260,15
VRPTW,368,ok,22.4157396456,15
VRPTW,369,ok,18.5136174188,15
VRPTW,370,ok,19.5866424267,14
VRPTW,371,ok,18.5332606645,17
VRPTW,372,ok,22.1948865807,15
VRPTW,373,ok,14.8509710536,14
VRPTW,374,ok,21.8470575750,15
VRPTW,375,ok,15.3703432893,13
VRPTW,376,ok,21.1294894514,14
VRPTW,377,ok,18.7823298329,15
VRPTW,378,ok,21.4968802301,14
VRPTW,379,ok,20.0724811610,15
VRPTW,380,ok,16.2157051914,16
VRPTW,381,ok,25.9666867074,15
VRPTW,382,ok,20.7167808941,14
VRPTW,383,ok,14.8258401646,14
VRPTW,384,ok,16.2370609610,14
VRPTW,385,ok,13.9422372723,15
VRPTW,386,ok,21.2522751748,15
VRPTW,387,ok,14.8616807231,14
VRPTW,388,ok,18.5183259531,14
VRPTW,389,ok,19.9501616999,15
VRPTW,390,ok,17.8508879661,14
VRPTW,391,ok,17.1093721087,15
VRPTW,392,ok,16.7544086176,14
VRPTW,393,ok,25.1601106402,16
VRPTW,394,ok,22.1012157135,15
VRPTW,395,ok,13.6586947474,13
VRPTW,396,ok,22.3473394553,15
VRPTW,397,ok,19.5682162392,16
VRPTW,398,ok,18.1892886889,16
VRPTW,399,ok,21.2700273251,17
VRPTW,400,ok,23.4005777684,16
VRPTW,401,ok,15.5751788404,14
VRPTW,402,ok,22.9096415494,16
VRPTW,403,ok,22.4135119215,13
VRPTW,404,ok,15.8729374693,14
VRPTW,405,ok,16.7603535181,13
VRPTW,406,ok,27.4696536279,16
VRPTW,407,ok,14.1191656195,14
VRPTW,408,ok,24.3102852458,17
VRPTW,409,ok,15.5876268938,14
VRPTW,410,ok,19.2477839810,15
VRPTW,411,ok,31.0100866584,19
VRPTW,412,ok,15.7557312087,16
VRPTW,413,ok,24.4206634809,16
VRPTW,414,ok,14.2553003917,14
VRPTW,415,ok,23.3172508521,16
VRPTW,416,ok,20.8640728720,17
VRPTW,417,ok,17.7012975434,14
VRPTW,418,ok,14.1761473268,13
VRPTW,419,ok,17.2371417690,14
VRPTW,420,ok,14.5824507010,15
VRPTW,421,ok,19.7710578425,14
VRPTW,422,ok,19.4974353389,13
VRPTW,423,ok,21.6038154991,15
VRPTW,424,ok,16.3908450495,17
VRPTW,425,ok,16.9507898417,16
VRPTW,426,ok,17.2041718920,14
VRPTW,427,ok,18.2292871541,16
VRPTW,428,ok,17.4878224939,15
VRPTW,429,ok,16.7388956627,15
VRPTW,430,ok,16.1980008820,16
VRPTW,431,ok,18.4872187049,13
VRPTW,432,ok,18.8426864958,14
VRPTW,433,ok,17.5675681884,15
VRPTW,434,ok,21.8988345642,17
VRPTW,435,ok,21.5667872349,15
VRPTW,436,ok,21.9255611901,14
VRPTW,437,ok,18.7270384309,15
VRPTW,438,ok,21.7836468729,16
VRPTW,439,ok,16.0505658124,12
VRPTW,440,ok,21.4380748388,16
VRPTW,441,ok,23.4935041580,16
VRPTW,442,ok,22.1491466754,15
VRPTW,443,ok,24.9473858983,14
VRPTW,444,ok,15.2753545999,14
VRPTW,445,ok,19.4831484316,14
VRPTW,446,ok,14.8171456335,14
VRPTW,447,ok,18.8328384664,13
VRPTW,448,ok,15.8291299621,13
VRPTW,449,ok,16.2671620574,14
VRPTW,450,ok,17.8084081366,16
VRPTW,451,ok,14.7671764044,13
VRPTW,452,ok,20.7496594075,16
VRPTW,453,ok,20.1678095382,16
VRPTW,454,ok,21.4189024509,15
VRPTW,455,ok,19.3390256404,15
VRPTW,456,ok,16.5494402605,14
VRPTW,457,ok,14.7754110879,13
VRPTW,458,ok,16.2254081291,13
VRPTW,459,ok,22.1531336422,14
VRPTW,460,ok,21.4981734513,15
VRPTW,461,ok,14.8475083712,15
VRPTW,462,ok,18.1866065155,15
VRPTW,463,ok,14.8504304178,15
VRPTW,464,ok,17.9843343068,15
VRPTW,465,ok,20.6362551613,15
VRPTW,466,ok,18.5646138111,15
VRPTW,467,ok,20.9161701798,15
VRPTW,468,ok,18.6405568106,16
VRPTW,469,ok,18.0598091022,14
VRPTW,470,ok,18.0154549097,14
VRPTW,471,ok,19.8572693570,16
VRPTW,472,ok,17.4115658755,14
VRPTW,473,ok,19.4679182094,14
VRPTW,474,ok,16.4019195324,15
VRPTW,475,ok,19.5686154404,16
VRPTW,476,ok,18.4261809441,15
VRPTW,477,ok,31.0634451975,19
VRPTW,478,ok,17.4392338808,15
VRPTW,479,ok,15.5348174471,15
VRPTW,480,ok,18.5676015172,15
VRPTW,481,ok,15.8068978454,14
VRPTW,482,ok,21.2292681938,15
VRPTW,483,ok,13.7582196645,13
VRPTW,484,ok,21.3340682703,15
VRPTW,485,ok,21.4976868029,16
VRPTW,486,ok,17.9939328499,14
VRPTW,487,ok,15.4537732030,14
VRPTW,488,ok,18.8189679273,13
VRPTW,489,ok,16.2423637225,14
VRPTW,490,ok,15.6198388606,15
VRPTW,491,ok,22.7572895473,15
VRPTW,492,ok,18.1630277209,14
VRPTW,493,ok,15.7367189813,15
VRPTW,494,ok,19.3914515010,16
VRPTW,495,ok,19.6514929097,17
VRPTW,496,ok,16.8175554390,17
VRPTW,497,ok,13.3807187077,12
VRPTW,498,ok,19.6278434401,16
VRPTW,499,ok,19.5409797171,14
VRPTW,500,ok,20.0890507859,14
VRPTW,501,ok,17.5274200474,16
VRPTW,502,ok,18.5749227093,15
VRPTW,503,ok,17.7891906425,16
VRPTW,504,ok,16.3581929004,14
VRPTW,505,ok,15.8719538015,13
VRPTW,506,ok,21.1328490359,15
VRPTW,507,ok,16.8748282748,13
VRPTW,508,ok,13.9380736427,16
VRPTW,509,ok,19.8554194591,14
VRPTW,510,ok,19.8894089890,15
VRPTW,511,ok,22.2081331713,16
VRPTW,512,ok,23.2639467988,15
VRPTW,513,ok,20.1155003001,18
VRPTW,514,ok,16.0733758457,14
VRPTW,515,ok,24.0093183313,16
VRPTW,516,ok,17.7773575629,14
VRPTW,517,ok,17.6699909422,14
VRPTW,518,ok,20.6978090123,15
VRPTW,519,ok,18.0565227670,14
VRPTW,520,ok,17.8632731360,15
VRPTW,521,ok,25.2257459128,17
VRPTW,522,ok,18.8628197270,13
VRPTW,523,ok,17.4206366688,14
VRPTW,524,ok,18.1256982107,14
VRPTW,525,ok,28.5251361564,17
VRPTW,526,ok,14.7988079027,14
VRPTW,527,ok,14.8135007261,14
VRPTW,528,ok,16.1073736773,15
VRPTW,529,ok,19.9081857898,15
VRPTW,530,ok,19.1639890203,15
VRPTW,531,ok,15.7203001671,14
VRPTW,532,ok,14.6631686214,13
VRPTW,533,ok,15.6907890185,14
VRPTW,534,ok,15.1548922311,13
VRPTW,535,ok,18.9830225434,14
VRPTW,536,ok,16.0307176265,15
VRPTW,537,ok,18.7894134412,14
VRPTW,538,ok,24.6802546855,16
VRPTW,539,ok,18.8962875596,15
VRPTW,540,ok,18.5050627041,15
VRPTW,541,ok,13.4951402733,11
VRPTW,542,ok,15.0362516489,13
VRPTW,543,ok,16.6876806876,15
VRPTW,544,ok,23.3708983870,15
VRPTW,545,ok,24.3162816546,16
VRPTW,546,ok,19.8145371957,14
VRPTW,547,ok,20.7672367917,15
VRPTW,548,ok,16.7461068370,14
VRPTW,549,ok,17.4178885631,14
VRPTW,550,ok,18.6463281593,15
VRPTW,551,ok,15.1660260085,14
VRPTW,552,ok,22.7230160799,16
VRPTW,553,ok,16.5703078972,13
VRPTW,554,ok,22.6959750826,15
VRPTW,555,ok,17.5816683974,16
VRPTW,556,ok,16.3656544087,15
VRPTW,557,ok,14.1595276318,12
VRPTW,558,ok,21.7390789745,15
VRPTW,559,ok,16.2447539481,13
VRPTW,560,ok,19.0153290062,14
VRPTW,561,ok,25.1379809381,15
VRPTW,562,ok,19.9290630940,16
VRPTW,563,ok,15.8840390931,15
VRPTW,564,ok,13.8781695209,13
VRPTW,565,ok,20.9308589274,13
VRPTW,566,ok,18.2203313585,14
VRPTW,567,ok,17.7225594618,15
VRPTW,568,ok,14.8316975451,14
VRPTW,569,ok,20.3442347492,16
VRPTW,570,ok,24.1485430507,16
VRPTW,571,ok,15.9482674092,15
VRPTW,572,ok,17.9509977329,16
VRPTW,573,ok,19.8266874098,14
VRPTW,574,ok,15.3668061879,13
VRPTW,575,ok,25.5645670614,16
VRPTW,576,ok,22.4261420328,16
VRPTW,577,ok,18.8776981991,16
VRPTW,578,ok,17.9813782103,16
VRPTW,579,ok,17.9618635979,15
VRPTW,580,ok,16.5962378118,15
VRPTW,581,ok,22.1930438798,14
VRPTW,582,ok,18.1784378104,15
VRPTW,583,ok,17.4899098770,15
VRPTW,584,ok,21.5754332655,15
VRPTW,585,ok,14.5089416275,14
VRPTW,586,ok,19.3607088571,16
VRPTW,587,ok,21.4648449144,16
VRPTW,588,ok,17.7863142689,13
VRPTW,589,ok,15.6751545374,15
VRPTW,590,ok,17.9893881794,14
VRPTW,591,ok,23.1945905040,15
VRPTW,592,ok,21.3619430670,14
VRPTW,593,ok,14.1894063283,13
VRPTW,594,ok,20.3466045771,14
VRPTW,595,ok,17.6958649985,14
VRPTW,596,ok,16.1837333115,15
VRPTW,597,ok,18.3169420222,13
VRPTW,598,ok,28.3165698163,17
VRPTW,599,ok,13.9658170768,14
VRPTW,600,ok,25.2080406829,16
VRPTW,601,ok,21.3298757541,15
VRPTW,602,ok,15.5694125583,15
VRPTW,603,ok,17.7255905838,16
VRPTW,604,ok,15.4173740083,15
VRPTW,605,ok,14.1171262763,14
VRPTW,606,ok,16.6522536543,15
VRPTW,607,ok,21.1798651351,15
VRPTW,608,ok,16.8453628240,15
VRPTW,609,ok,20.2477164316,16
VRPTW,610,ok,14.8561681888,12
VRPTW,611,ok,14.9514897114,14
VRPTW,612,ok,15.1809720900,14
VRPTW,613,ok,15.1629842428,12
VRPTW,614,ok,15.2808420924,15
VRPTW,615,ok,16.4937500808,16
VRPTW,616,ok,16.3766212797,14
VRPTW,617,ok,15.7390576567,15
VRPTW,618,ok,17.2067423307,16
VRPTW,619,ok,22.0496194401,15
VRPTW,620,ok,16.4486551345,15
VRPTW,621,ok,21.7038692350,15
VRPTW,622,ok,15.8950395648,14
VRPTW,623,ok,13.0206167156,15
VRPTW,624,ok,13.6421664511,16
VRPTW,625,ok,15.1188581038,13
VRPTW,626,ok,13.5752250572,14
VRPTW,627,ok,19.0095791000,16
VRPTW,628,ok,20.3702447632,16
VRPTW,629,ok,21.6447930037,17
VRPTW,630,ok,25.2391214835,18
VRPTW,631,ok,18.0380156609,17
VRPTW,632,ok,20.0382273684,15
VRPTW,633,ok,15.0313700372,15
VRPTW,634,ok,20.3338509870,14
VRPTW,635,ok,16.4369458715,15
VRPTW,636,ok,14.7470639415,14
VRPTW,637,ok,20.8845607225,15
VRPTW,638,ok,18.7384111686,14
VRPTW,639,ok,21.0526760626,15
VRPTW,640,ok,21.0656616144,16
VRPTW,641,ok,20.1879299508,14
VRPTW,642,ok,20.6495771482,15
VRPTW,643,ok,17.2681638552,15
VRPTW,644,ok,13.0359003761,14
VRPTW,645,ok,15.5405772326,12
VRPTW,646,ok,20.4642948780,15
VRPTW,647,ok,14.9625159678,13
VRPTW,648,ok,20.7211072331,14
VRPTW,649,ok,18.5342531001,15
VRPTW,650,ok,18.7028472559,15
VRPTW,651,ok,15.1354108636,15
VRPTW,652,ok,15.7724717205,16
VRPTW,653,ok,18.2007395863,15
VRPTW,654,ok,14.0068139843,15
VRPTW,655,ok,16.8910018631,13
VRPTW,656,ok,17.8517336276,17
VRPTW,657,ok,16.8336881793,14
VRPTW,658,ok,15.4024188664,13
VRPTW,659,ok,16.7116919942,14
VRPTW,660,ok,19.7408511017,14
VRPTW,661,ok,23.9463635935,16
VRPTW,662,ok,17.2898662929,15
VRPTW,663,ok,18.8687421721,17
VRPTW,664,ok,26.4530248500,16
VRPTW,665,ok,15.9550636801,16
VRPTW,666,ok,19.5719377580,15
VRPTW,667,ok,14.9395021687,14
VRPTW,668,ok,14.8912601400,14
VRPTW,669,ok,22.5044058401,14
VRPTW,670,ok,21.0510075212,14
VRPTW,671,ok,18.5970560003,13
VRPTW,672,ok,17.2347160456,14
VRPTW,673,ok,18.4658110625,14
VRPTW,674,ok,19.3083588509,15
VRPTW,675,ok,19.4718190248,14
VRPTW,676,ok,22.1485477736,15
VRPTW,677,ok,15.7666765165,15
VRPTW,678,ok,18.7235205281,17
VRPTW,679,ok,25.2291060253,15
VRPTW,680,ok,18.3999181947,14
VRPTW,681,ok,25.9356718688,15
VRPTW,682,ok,20.6252064723,15
VRPTW,683,ok,19.3017724872,16
VRPTW,684,ok,24.6717786410,16
VRPTW,685,ok,18.3915829491,14
VRPTW,686,ok,23.8411331896,15
VRPTW,687,ok,19.1050754203,13
VRPTW,688,ok,14.6813545467,13
VRPTW,689,ok,14.4457338405,14
VRPTW,690,ok,18.8050703291,15
VRPTW,691,ok,19.7450660023,16
VRPTW,692,ok,14.6890145093,14
VRPTW,693,ok,20.8722688281,17
VRPTW,694,ok,18.5103550634,14
VRPTW,695,ok,24.0645432362,17
VRPTW,696,ok,18.4944548513,15
VRPTW,697,ok,14.2429414776,12
VRPTW,698,ok,19.7883345746,17
VRPTW,699,ok,25.2234673366,16
VRPTW,700,ok,27.2084754339,16
VRPTW,701,ok,12.5490085594,14
VRPTW,702,ok,22.1016988751,14
VRPTW,703,ok,25.1235677316,16
VRPTW,704,ok,20.9502672738,14
VRPTW,705,ok,20.6311955215,17
VRPTW,706,ok,17.2738863105,14
VRPTW,707,ok,16.7554001718,15
VRPTW,708,ok,20.0741197176,14
VRPTW,709,ok,13.5500187693,13
VRPTW,710,ok,29.1026434810,17
VRPTW,711,ok,17.7124952578,15
VRPTW,712,ok,21.6857382893,15
VRPTW,713,ok,17.6001006517,14
VRPTW,714,ok,15.3601240179,15
VRPTW,715,ok,18.9278289643,14
VRPTW,716,ok,18.5977429379,14
VRPTW,717,ok,16.7725666510,15
VRPTW,718,ok,13.2526083189,14
VRPTW,719,ok,16.3687911882,16
VRPTW,720,ok,19.1547657484,15
VRPTW,721,ok,18.8766592572,15
VRPTW,722,ok,18.2948559089,14
VRPTW,723,ok,13.0910935447,13
VRPTW,724,ok,19.4101192091,17
VRPTW,725,ok,17.6301880073,14
VRPTW,726,ok,15.2363126315,14
VRPTW,727,ok,23.9524587579,15
VRPTW,728,ok,19.3131657056,14
VRPTW,729,ok,16.3866678488,15
VRPTW,730,ok,14.6142072319,15
VRPTW,731,ok,18.7767972171,14
VRPTW,732,ok,16.0779548557,15
VRPTW,733,ok,21.5258779405,15
VRPTW,734,ok,18.3642147515,15
VRPTW,735,ok,16.4765340083,12
VRPTW,736,ok,19.2302085466,17
VRPTW,737,ok,14.5571553410,13
VRPTW,738,ok,18.5310967646,15
VRPTW,739,ok,25.0355245943,16
VRPTW,740,ok,19.4662628973,15
VRPTW,741,ok,17.5251317065,14
VRPTW,742,ok,15.9508873370,15
VRPTW,743,ok,16.9047435968,14
VRPTW,744,ok,16.3853905160,16
VRPTW,745,ok,17.5718487960,14
VRPTW,746,ok,22.2056918394,15
VRPTW,747,ok,18.1042197056,14
VRPTW,748,ok,14.3895830044,15
VRPTW,749,ok,18.7244403071,16
VRPTW,750,ok,24.5430538353,14
VRPTW,751,ok,15.1788446072,14
VRPTW,752,ok,21.2159646707,15
VRPTW,753,ok,17.3662672767,15
VRPTW,754,ok,14.1226263072,14
VRPTW,755,ok,24.2222667449,17
VRPTW,756,ok,14.9617095523,15
VRPTW,757,ok,19.0884461756,15
VRPTW,758,ok,21.5498271727,15
VRPTW,759,ok,18.6168012376,14
VRPTW,760,ok,18.3157722824,14
VRPTW,761,ok,20.0262634073,14
VRPTW,762,ok,17.9036908887,15
VRPTW,763,ok,16.6010453234,15
VRPTW,764,ok,13.3788466350,12
VRPTW,765,ok,14.9274174014,12
VRPTW,766,ok,16.3298972771,17
VRPTW,767,ok,16.2539043238,16
VRPTW,768,ok,15.7948616442,15
VRPTW,769,ok,17.8777141184,16
VRPTW,770,ok,22.1992898603,16
VRPTW,771,ok,19.6414041864,16
VRPTW,772,ok,16.3315561636,13
VRPTW,773,ok,19.9354988088,15
VRPTW,774,ok,20.7072619653,15
VRPTW,775,ok,15.1995938056,14
VRPTW,776,ok,21.4799079672,15
VRPTW,777,ok,16.4308620681,14
VRPTW,778,ok,20.2913724980,14
VRPTW,779,ok,20.0881247514,17
VRPTW,780,ok,19.1616952735,18
VRPTW,781,ok,20.2193060127,14
VRPTW,782,ok,16.2114853420,16
VRPTW,783,ok,15.2333874535,13
VRPTW,784,ok,22.4420005200,17
VRPTW,785,ok,19.1297076179,16
VRPTW,786,ok,18.6276192430,14
VRPTW,787,ok,15.7701073655,16
VRPTW,788,ok,16.6790419198,15
VRPTW,789,ok,19.2489534630,14
VRPTW,790,ok,16.3576249969,13
VRPTW,791,ok,13.4124404737,13
VRPTW,792,ok,16.6097590860,13
VRPTW,793,ok,16.2448232213,13
VRPTW,794,ok,18.4317505766,15
VRPTW,795,ok,26.3300957681,18
VRPTW,796,ok,13.7945242381,14
VRPTW,797,ok,20.9105214120,14
VRPTW,798,ok,24.0493455814,15
VRPTW,799,ok,15.6401834524,13
VRPTW,800,ok,17.6474719257,17
VRPTW,801,ok,15.8118901117,15
VRPTW,802,ok,17.8710183977,15
VRPTW,803,ok,14.8412856790,15
VRPTW,804,ok,21.4726938240,15
VRPTW,805,ok,19.6568130285,16
VRPTW,806,ok,26.0028400151,16
VRPTW,807,ok,22.4263406807,14
VRPTW,808,ok,15.9278272375,16
VRPTW,809,ok,20.4155988731,15
VRPTW,810,ok,14.9295502229,14
VRPTW,811,ok,19.8853487245,15
VRPTW,812,ok,17.3000784806,14
VRPTW,813,ok,19.2419664999,15
VRPTW,814,ok,18.2009978997,15
VRPTW,815,ok,21.4295918541,15
VRPTW,816,ok,18.3447471285,14
VRPTW,817,ok,24.1852487090,16
VRPTW,818,ok,17.7898762586,12
VRPTW,819,ok,17.7947880110,17
VRPTW,820,ok,18.3652493393,14
VRPTW,821,ok,12.5097492309,13
VRPTW,822,ok,22.7929667595,17
VRPTW,823,ok,15.0140970270,15
VRPTW,824,ok,19.1283349336,15
VRPTW,825,ok,25.2720449105,17
VRPTW,826,ok,19.3186998488,14
VRPTW,827,ok,18.7256356285,14
VRPTW,828,ok,18.6772306523,15
VRPTW,829,ok,14.2398733263,14
VRPTW,830,ok,17.5451237443,14
VRPTW,831,ok,23.0364485924,15
VRPTW,832,ok,15.6085218982,15
VRPTW,833,ok,15.8275042080,16
VRPTW,834,ok,18.5792038872,13
VRPTW,835,ok,26.4465817164,15
VRPTW,836,ok,18.3088136716,15
VRPTW,837,ok,14.2625202961,13
VRPTW,838,ok,21.2083386789,16
VRPTW,839,ok,18.5278216386,15
VRPTW,840,ok,17.5641360203,15
VRPTW,841,ok,20.0540227714,17
VRPTW,842,ok,16.1770157720,16
VRPTW,843,ok,19.3808952858,15
VRPTW,844,ok,19.9769677619,15
VRPTW,845,ok,15.3210244987,16
VRPTW,846,ok,14.1233561555,13
VRPTW,847,ok,19.9044366526,15
VRPTW,848,ok,23.5884509100,17
VRPTW,849,ok,17.3592887449,14
VRPTW,850,ok,20.9034262726,15
VRPTW,851,ok,15.0738846935,16
VRPTW,852,ok,20.1632468698,15
VRPTW,853,ok,18.0274099401,15
VRPTW,854,ok,20.6409230766,17
VRPTW,855,ok,20.7699744693,17
VRPTW,856,ok,14.1009959625,12
VRPTW,857,ok,13.8914648861,14
VRPTW,858,ok,19.1171879757,15
VRPTW,859,ok,24.6027492013,16
VRPTW,860,ok,21.2486209447,15
VRPTW,861,ok,18.6261461010,15
VRPTW,862,ok,17.2626080876,15
VRPTW,863,ok,22.6346574029,17
VRPTW,864,ok,18.6990681714,15
VRPTW,865,ok,26.6865976265,16
VRPTW,866,ok,28.2854180347,17
VRPTW,867,ok,18.8623451175,15
VRPTW,868,ok,19.5100509796,14
VRPTW,869,ok,14.8001308959,14
VRPTW,870,ok,15.6039460824,13
VRPTW,871,ok,17.9417524705,13
VRPTW,872,ok,21.4481125002,15
VRPTW,873,ok,17.0453134753,12
VRPTW,874,ok,19.1462787477,14
VRPTW,875,ok,14.9819817365,14
VRPTW,876,ok,16.3457281062,14
VRPTW,877,ok,15.6800527245,14
VRPTW,878,ok,23.6405150299,18
VRPTW,879,ok,15.9333467579,14
VRPTW,880,ok,18.1622668695,14
VRPTW,881,ok,13.2293607224,13
VRPTW,882,ok,16.6487436758,15
VRPTW,883,ok,20.2987441107,15
VRPTW,884,ok,16.6125724829,15
VRPTW,885,ok,16.1899304484,16
VRPTW,886,ok,16.1202642029,13
VRPTW,887,ok,20.7198718830,15
VRPTW,888,ok,18.7295476172,16
VRPTW,889,ok,14.5819848423,16
VRPTW,890,ok,23.5281814724,17
VRPTW,891,ok,20.8652819682,15
VRPTW,892,ok,16.9015229446,14
VRPTW,893,ok,14.2086204081,14
VRPTW,894,ok,18.3750206403,16
VRPTW,895,ok,15.7959663564,16
VRPTW,896,ok,14.2745998174,13
VRPTW,897,ok,18.7967367379,14
VRPTW,898,ok,17.1741197291,14
VRPTW,899,ok,22.6028257951,16
VRPTW,900,ok,24.3820555052,17
VRPTW,901,ok,19.9411312048,15
VRPTW,902,ok,14.5212177494,15
VRPTW,903,ok,25.0864651447,16
VRPTW,904,ok,16.8315244435,16
VRPTW,905,ok,18.4262172017,15
VRPTW,906,ok,15.2505166930,14
VRPTW,907,ok,16.3431713717,16
VRPTW,908,ok,20.3293970981,13
VRPTW,909,ok,22.5322344013,16
VRPTW,910,ok,19.6734999637,14
VRPTW,911,ok,21.7492356173,15
VRPTW,912,ok,18.6568409054,15
VRPTW,913,ok,15.0135995486,14
VRPTW,914,ok,14.4576931274,12
VRPTW,915,ok,22.5299587186,14
VRPTW,916,ok,19.3603914629,14
VRPTW,917,ok,16.5354777358,13
VRPTW,918,ok,15.2683300713,14
VRPTW,919,ok,25.1553756779,16
VRPTW,920,ok,19.5070574801,17
VRPTW,921,ok,20.9192122329,15
VRPTW,922,ok,21.3395185503,15
VRPTW,923,ok,14.8640666938,15
VRPTW,924,ok,23.7599751091,15
VRPTW,925,ok,23.0400897790,16
VRPTW,926,ok,24.4966737577,17
VRPTW,927,ok,20.1449824051,15
VRPTW,928,ok,18.2064670354,14
VRPTW,929,ok,17.5808034254,15
VRPTW,930,ok,15.0921676236,14
VRPTW,931,ok,19.0588962629,14
VRPTW,932,ok,17.3834753368,17
VRPTW,933,ok,15.5316221943,13
VRPTW,934,ok,13.4985222716,15
VRPTW,935,ok,17.2555451274,15
VRPTW,936,ok,21.9482633083,16
VRPTW,937,ok,19.2933913582,19
VRPTW,938,ok,17.6367024928,16
VRPTW,939,ok,20.3802577961,14
VRPTW,940,ok,22.7806198271,16
VRPTW,941,ok,18.9220024064,14
VRPTW,942,ok,20.5503494578,16
VRPTW,943,ok,18.1066799547,16
VRPTW,944,ok,20.7850097136,14
VRPTW,945,ok,16.4323742784,14
VRPTW,946,ok,17.9030420283,15
VRPTW,947,ok,23.5242543547,15
VRPTW,948,ok,21.1949276056,15
VRPTW,949,ok,20.2245856677,15
VRPTW,950,ok,23.6270483562,16
VRPTW,951,ok,15.0668821612,13
VRPTW,952,ok,14.8662331231,13
VRPTW,953,ok,22.1861843216,16
VRPTW,954,ok,20.5528953496,15
VRPTW,955,ok,12.7120614946,12
VRPTW,956,ok,17.4837861405,15
VRPTW,957,ok,20.0078089404,16
VRPTW,958,ok,15.5354287436,16
VRPTW,959,ok,16.7686531665,16
VRPTW,960,ok,17.2571729571,16
VRPTW,961,ok,15.8551784393,15
VRPTW,962,ok,18.4657649802,16
VRPTW,963,ok,20.4323998059,16
VRPTW,964,ok,16.2186189735,13
VRPTW,965,ok,25.1029028200,16
VRPTW,966,ok,18.1473459092,15
VRPTW,967,ok,20.7761618133,15
VRPTW,968,ok,17.3903939738,16
VRPTW,969,ok,18.1804662952,15
VRPTW,970,ok,19.1488157579,15
VRPTW,971,ok,17.2830588167,13
VRPTW,972,ok,15.1692433398,13
VRPTW,973,ok,30.5559829472,18
VRPTW,974,ok,18.3163062612,17
VRPTW,975,ok,18.8341383269,13
VRPTW,976,ok,15.8908584565,13
VRPTW,977,ok,16.0795340198,14
VRPTW,978,ok,18.3540274323,14
VRPTW,979,ok,16.7104125285,14
VRPTW,980,ok,21.8040853134,15
VRPTW,981,ok,18.0130313231,15
VRPTW,982,ok,21.1401462154,15
VRPTW,983,ok,14.9242853715,14
VRPTW,984,ok,15.8170213064,15
VRPTW,985,ok,22.9489499564,17
VRPTW,986,ok,26.9576294724,17
VRPTW,987,ok,22.9312841110,15
VRPTW,988,ok,19.7764678417,14
VRPTW,989,ok,17.9459671573,14
VRPTW,990,ok,18.4845229301,14
VRPTW,991,ok,15.8044182821,17
VRPTW,992,ok,21.5281091035,15
VRPTW,993,ok,19.3458265673,15
VRPTW,994,ok,14.1187063945,15
VRPTW,995,ok,20.5911685748,16
VRPTW,996,ok,15.0860419157,16
VRPTW,997,ok,17.2942366422,13
VRPTW,998,ok,22.0716945791,15
VRPTW,999,ok,18.4391732896,15
OVRPTW,0,ok,9.5991989297,17
OVRPTW,1,ok,10.3808311459,17
OVRPTW,2,ok,9.4251883205,17
OVRPTW,3,ok,9.9252949735,14
OVRPTW,4,ok,11.1657912876,17
OVRPTW,5,ok,10.3686710831,16
OVRPTW,6,ok,10.5712297751,15
OVRPTW,7,ok,12.8157169938,16
OVRPTW,8,ok,12.9703473554,15
OVRPTW,9,ok,10.8708755896,16
OVRPTW,10,ok,9.5532273461,17
OVRPTW,11,ok,11.5026474177,14
OVRPTW,12,ok,8.7437836583,13
OVRPTW,13,ok,10.8254980656,14
OVRPTW,14,ok,12.1219791387,16
OVRPTW,15,ok,11.0322827410,16
OVRPTW,16,ok,8.8975645849,15
OVRPTW,17,ok,8.4943071530,14
OVRPTW,18,ok,9.7942188576,15
OVRPTW,19,ok,10.4512084707,15
OVRPTW,20,ok,8.6751598504,16
OVRPTW,21,ok,9.2658262311,17
OVRPTW,22,ok,8.6994934381,15
OVRPTW,23,ok,8.8073890820,16
OVRPTW,24,ok,10.2926619024,13
OVRPTW,25,ok,11.1191359390,15
OVRPTW,26,ok,9.4884837593,15
OVRPTW,27,ok,12.1326884230,15
OVRPTW,28,ok,10.5372938944,14
OVRPTW,29,ok,10.2791047020,18
OVRPTW,30,ok,10.7769463943,16
OVRPTW,31,ok,9.1000343285,17
OVRPTW,32,ok,12.8751769251,16
OVRPTW,33,ok,12.6966878639,16
OVRPTW,34,ok,9.6641079209,16
OVRPTW,35,ok,10.1858684301,17
OVRPTW,36,ok,11.3442268450,14
OVRPTW,37,ok,10.1524096899,16
OVRPTW,38,ok,8.7113169242,16
OVRPTW,39,ok,11.2610258759,17
OVRPTW,40,ok,8.6569952847,14
OVRPTW,41,ok,10.6974051892,15
OVRPTW,42,ok,10.4637825774,19
OVRPTW,43,ok,12.5647562831,15
OVRPTW,44,ok,12.4494798111,19
OVRPTW,45,ok,11.9972442034,16
OVRPTW,46,ok,8.5990981773,15
OVRPTW,47,ok,11.4922899131,13
OVRPTW,48,ok,10.3221497533,15
OVRPTW,49,ok,8.8656298097,16
OVRPTW,50,ok,9.7021105840,15
OVRPTW,51,ok,11.3953658962,15
OVRPTW,52,ok,11.7428022233,13
OVRPTW,53,ok,12.1625844847,15
OVRPTW,54,ok,8.5843175080,15
OVRPTW,55,ok,12.6960414386,15
OVRPTW,56,ok,9.0346552000,15
OVRPTW,57,ok,10.3633452333,16
OVRPTW,58,ok,9.8625176009,18
OVRPTW,59,ok,9.0647836973,16
OVRPTW,60,ok,8.1777601722,14
OVRPTW,61,ok,13.4841805916,17
OVRPTW,62,ok,12.8017949924,17
OVRPTW,63,ok,10.5305668059,18
OVRPTW,64,ok,9.2449755101,16
OVRPTW,65,ok,9.1258002971,14
OVRPTW,66,ok,9.5678969660,20
OVRPTW,67,ok,10.0171998467,17
OVRPTW,68,ok,13.0093369189,16
OVRPTW,69,ok,9.1072931405,13
OVRPTW,70,ok,11.5638994908,17
OVRPTW,71,ok,12.9995107826,16
OVRPTW,72,ok,8.7497055966,16
OVRPTW,73,ok,12.8177609867,15
OVRPTW,74,ok,12.4653098260,16
OVRPTW,75,ok,10.1720979742,17
OVRPTW,76,ok,11.3682023982,18
OVRPTW,77,ok,10.9444095793,15
OVRPTW,78,ok,13.4355813614,16
OVRPTW,79,ok,9.4082674851,17
OVRPTW,80,ok,13.1117095494,14
OVRPTW,81,ok,8.9868737101,14
OVRPTW,82,ok,10.2342983540,16
OVRPTW,83,ok,9.1652518951,16
OVRPTW,84,ok,13.8238975379,14
OVRPTW,85,ok,11.0901281985,16
OVRPTW,86,ok,9.6392704865,16
OVRPTW,87,ok,10.4309679961,14
OVRPTW,88,ok,10.9138341716,18
OVRPTW,89,ok,12.1889693183,12
OVRPTW,90,ok,8.2848091315,15
OVRPTW,91,ok,12.4803002285,17
OVRPTW,92,ok,12.9861734488,18
OVRPTW,93,ok,10.9931584359,15
OVRPTW,94,ok,11.1131926769,16
OVRPTW,95,ok,11.0530333241,14
OVRPTW,96,ok,13.1801948801,15
OVRPTW,97,ok,12.0865030186,16
OVRPTW,98,ok,9.0867844780,15
OVRPTW,99,ok,9.5817812296,17
OVRPTW,100,ok,8.0329592143,15
OVRPTW,101,ok,8.6699056273,13
OVRPTW,102,ok,9.8724801702,19
OVRPTW,103,ok,10.3469579376,14
OVRPTW,104,ok,13.6524702261,15
OVRPTW,105,ok,9.4256531952,17
OVRPTW,106,ok,10.2266859676,14
OVRPTW,107,ok,10.9026688665,16
OVRPTW,108,ok,11.0356656572,14
OVRPTW,109,ok,9.4016721892,15
OVRPTW,110,ok,10.4096191315,17
OVRPTW,111,ok,11.8682101045,17
OVRPTW,112,ok,12.3443162292,15
OVRPTW,113,ok,9.6981538875,17
OVRPTW,114,ok,9.3432784286,16
OVRPTW,115,ok,8.8226402539,16
OVRPTW,116,ok,12.8892641728,18
OVRPTW,117,ok,9.0093024731,18
OVRPTW,118,ok,12.4425234207,15
OVRPTW,119,ok,9.4439418586,17
OVRPTW,120,ok,10.1591883584,16
OVRPTW,121,ok,9.1671392213,17
OVRPTW,122,ok,10.3302603550,16
OVRPTW,123,ok,10.7531050340,18
OVRPTW,124,ok,11.5508832728,16
OVRPTW,125,ok,10.5444945312,16
OVRPTW,126,ok,12.0248744304,16
OVRPTW,127,ok,9.9808079475,13
OVRPTW,128,ok,10.0346060305,14
OVRPTW,129,ok,9.9038440589,15
OVRPTW,130,ok,9.6091302381,15
OVRPTW,131,ok,12.5427946298,15
OVRPTW,132,ok,10.8594538394,14
OVRPTW,133,ok,9.8389097979,18
OVRPTW,134,ok,10.8014961780,17
OVRPTW,135,ok,9.2124402859,13
OVRPTW,136,ok,9.8174065171,20
OVRPTW,137,ok,9.7019614070,16
OVRPTW,138,ok,9.1723255057,15
OVRPTW,139,ok,10.4950727321,16
OVRPTW,140,ok,13.2293155676,15
OVRPTW,141,ok,10.0712239590,16
OVRPTW,142,ok,12.6163999408,15
OVRPTW,143,ok,8.9046310505,17
OVRPTW,144,ok,12.7471897298,13
OVRPTW,145,ok,11.0041381357,16
OVRPTW,146,ok,9.3517080328,14
OVRPTW,147,ok,10.3250486499,16
OVRPTW,148,ok,9.0471081478,16
OVRPTW,149,ok,11.0561284316,16
OVRPTW,150,ok,9.7124141428,16
OVRPTW,151,ok,10.4522529440,19
OVRPTW,152,ok,14.0279081821,16
OVRPTW,153,ok,10.1643768552,12
OVRPTW,154,ok,11.8487358471,17
OVRPTW,155,ok,9.4902534287,15
OVRPTW,156,ok,8.7850461446,14
OVRPTW,157,ok,11.0560817194,19
OVRPTW,158,ok,13.3134798462,20
OVRPTW,159,ok,9.4520867163,17
OVRPTW,160,ok,10.1398475932,16
OVRPTW,161,ok,13.4312782133,14
OVRPTW,162,ok,10.5751628571,17
OVRPTW,163,ok,11.9991148656,16
OVRPTW,164,ok,11.6356247929,15
OVRPTW,165,ok,13.7245169092,15
OVRPTW,166,ok,10.7520417644,18
OVRPTW,167,ok,9.4142001417,16
OVRPTW,168,ok,13.1343437086,16
OVRPTW,169,ok,9.7191432257,13
OVRPTW,170,ok,9.7633084923,13
OVRPTW,171,ok,10.4669650125,15
OVRPTW,172,ok,8.2294340968,16
OVRPTW,173,ok,9.1178549102,17
OVRPTW,174,ok,9.3443268370,17
OVRPTW,175,ok,12.3436887677,17
OVRPTW,176,ok,11.1941576165,15
OVRPTW,177,ok,12.0228062503,15
OVRPTW,178,ok,11.6252290684,16
OVRPTW,179,ok,9.7994391705,15
OVRPTW,180,ok,12.4408166942,17
OVRPTW,181,ok,11.1195836032,17
OVRPTW,182,ok,10.4857967947,17
OVRPTW,183,ok,12.3125066765,15
OVRPTW,184,ok,11.4826643001,17
OVRPTW,185,ok,10.7603143434,16
OVRPTW,186,ok,8.2015316168,14
OVRPTW,187,ok,8.7146792496,18
OVRPTW,188,ok,10.3713994867,16
OVRPTW,189,ok,8.6059419199,15
OVRPTW,190,ok,12.2777491177,14
OVRPTW,191,ok,12.0903294487,15
OVRPTW,192,ok,8.7965554415,15
OVRPTW,193,ok,12.6734226097,15
OVRPTW,194,ok,10.5610437456,16
OVRPTW,195,ok,13.6563963736,14
OVRPTW,196,ok,12.3230609069,15
OVRPTW,197,ok,9.3408964032,15
OVRPTW,198,ok,10.8469512821,15
OVRPTW,199,ok,12.5096299918,17
OVRPTW,200,ok,9.7994078634,14
OVRPTW,201,ok,11.5620728152,17
OVRPTW,202,ok,10.5350869476,15
OVRPTW,203,ok,9.0553972909,13
OVRPTW,204,ok,12.1735812257,14
OVRPTW,205,ok,9.4174409372,14
OVRPTW,206,ok,10.3613548702,16
OVRPTW,207,ok,10.7832104816,18
OVRPTW,208,ok,10.5227454365,15
OVRPTW,209,ok,11.1361868120,18
OVRPTW,210,ok,9.7337743941,15
OVRPTW,211,ok,12.5117027777,14
OVRPTW,212,ok,11.7655080068,14
OVRPTW,213,ok,10.6164268639,14
OVRPTW,214,ok,9.4729794291,20
OVRPTW,215,ok,12.6998243388,16
OVRPTW,216,ok,9.3093855801,16
OVRPTW,217,ok,11.9038696183,16
OVRPTW,218,ok,13.8549952247,16
OVRPTW,219,ok,10.2345881621,14
OVRPTW,220,ok,11.4855382467,17
OVRPTW,221,ok,12.5302304839,14
OVRPTW,222,ok,12.0682429547,17
OVRPTW,223,ok,9.7044653773,15
OVRPTW,224,ok,10.6467274535,15
OVRPTW,225,ok,12.2589726280,16
OVRPTW,226,ok,11.0693294251,13
OVRPTW,227,ok,10.9165847413,17
OVRPTW,228,ok,10.7654748843,13
OVRPTW,229,ok,10.4425603679,15
OVRPTW,230,ok,10.7992281280,16
OVRPTW,231,ok,8.9249825471,16
OVRPTW,232,ok,10.4966322984,15
OVRPTW,233,ok,9.4201624207,15
OVRPTW,234,ok,12.7863935528,16
OVRPTW,235,ok,9.1460088934,15
OVRPTW,236,ok,10.1587910403,14
OVRPTW,237,ok,8.1609236664,16
OVRPTW,238,ok,8.5122995810,15
OVRPTW,239,ok,10.0744651807,16
OVRPTW,240,ok,9.3832676562,18
OVRPTW,241,ok,11.4754795209,15
OVRPTW,242,ok,8.4630570167,14
OVRPTW,243,ok,9.5840205022,14
OVRPTW,244,ok,9.3982742695,14
OVRPTW,245,ok,9.3746287240,20
OVRPTW,246,ok,9.7395331392,16
OVRPTW,247,ok,9.6647153422,16
OVRPTW,248,ok,10.1924631791,15
OVRPTW,249,ok,11.4005711775,15
OVRPTW,250,ok,10.6045570970,16
OVRPTW,251,ok,11.8256376435,14
OVRPTW,252,ok,8.8815731108,14
OVRPTW,253,ok,10.7762984010,15
OVRPTW,254,ok,8.7483952865,15
OVRPTW,255,ok,10.4489021121,15
OVRPTW,256,ok,8.3257355651,14
OVRPTW,257,ok,9.7798042877,15
OVRPTW,258,ok,9.2548856094,18
OVRPTW,259,ok,8.6542116547,16
OVRPTW,260,ok,9.0682538581,17
OVRPTW,261,ok,9.8649155872,17
OVRPTW,262,ok,11.5574988963,16
OVRPTW,263,ok,10.4009584849,16
OVRPTW,264,ok,10.0223951454,14
OVRPTW,265,ok,10.9183571981,16
OVRPTW,266,ok,9.8930645965,15
OVRPTW,267,ok,10.8375756459,14
OVRPTW,268,ok,9.3052729883,15
OVRPTW,269,ok,9.5767481615,14
OVRPTW,270,ok,9.7058638468,17
OVRPTW,271,ok,9.4005349797,16
OVRPTW,272,ok,9.2937981958,15
OVRPTW,273,ok,12.8651978363,17
OVRPTW,274,ok,8.4497450428,15
OVRPTW,275,ok,10.2283065504,16
OVRPTW,276,ok,8.8657704022,14
OVRPTW,277,ok,10.1261192246,13
OVRPTW,278,ok,8.6791958717,14
OVRPTW,279,ok,10.8416111684,15
OVRPTW,280,ok,10.6679181248,14
OVRPTW,281,ok,10.7097315019,14
OVRPTW,282,ok,8.8465908583,12
OVRPTW,283,ok,8.8670952074,16
OVRPTW,284,ok,10.4986950908,15
OVRPTW,285,ok,12.1101096459,14
OVRPTW,286,ok,8.4746736266,14
OVRPTW,287,ok,8.7032957860,15
OVRPTW,288,ok,9.5403687968,18
OVRPTW,289,ok,10.0259121905,15
OVRPTW,290,ok,7.9773739361,16
OVRPTW,291,ok,11.6651410986,15
OVRPTW,292,ok,13.4494407149,17
OVRPTW,293,ok,8.7183899403,13
OVRPTW,294,ok,8.4979930766,15
OVRPTW,295,ok,9.7648015828,16
OVRPTW,296,ok,11.6354174767,15
OVRPTW,297,ok,9.8594158303,17
OVRPTW,298,ok,8.4014450376,15
OVRPTW,299,ok,11.5859154346,15
OVRPTW,300,ok,11.0455833130,18
OVRPTW,301,ok,9.9479586711,19
OVRPTW,302,ok,9.4717442566,16
OVRPTW,303,ok,9.3047238906,15
OVRPTW,304,ok,12.9849253688,14
OVRPTW,305,ok,10.2924544332,15
OVRPTW,306,ok,9.2910247565,16
OVRPTW,307,ok,8.5281959053,15
OVRPTW,308,ok,9.3675328156,18
OVRPTW,309,ok,13.5352649542,15
OVRPTW,310,ok,11.6287664500,16
OVRPTW,311,ok,8.8777770782,12
OVRPTW,312,ok,12.7723344581,15
OVRPTW,313,ok,9.9366102360,16
OVRPTW,314,ok,12.3385355287,16
OVRPTW,315,ok,11.8393492693,14
OVRPTW,316,ok,11.2797221019,20
OVRPTW,317,ok,8.4718461997,14
OVRPTW,318,ok,10.4423008605,15
OVRPTW,319,ok,10.4821609736,15
OVRPTW,320,ok,11.2450978454,14
OVRPTW,321,ok,9.9304326662,15
OVRPTW,322,ok,8.6543493303,16
OVRPTW,323,ok,11.3436948074,18
OVRPTW,324,ok,11.1996773828,14
OVRPTW,325,ok,9.2610210001,18
OVRPTW,326,ok,11.3253108281,14
OVRPTW,327,ok,8.8145936939,16
OVRPTW,328,ok,10.9905976249,17
OVRPTW,329,ok,9.8387197032,16
OVRPTW,330,ok,10.9914778253,17
OVRPTW,331,ok,9.2489331964,18
OVRPTW,332,ok,10.4493459736,15
OVRPTW,333,ok,11.3900656221,18
OVRPTW,334,ok,11.0887824469,18
OVRPTW,335,ok,9.4379011977,16
OVRPTW,336,ok,10.7263755650,15
OVRPTW,337,ok,9.9034659533,16
OVRPTW,338,ok,10.0714354000,13
OVRPTW,339,ok,8.5984610614,15
OVRPTW,340,ok,12.5192068256,16
OVRPTW,341,ok,10.0464833289,14
OVRPTW,342,ok,14.0000875928,17
OVRPTW,343,ok,9.4262349748,20
OVRPTW,344,ok,9.3655661595,15
OVRPTW,345,ok,12.3907251423,15
OVRPTW,346,ok,13.4679384228,13
OVRPTW,347,ok,9.6014237332,16
OVRPTW,348,ok,11.4077900827,14
OVRPTW,349,ok,9.6519107041,16
OVRPTW,350,ok,9.6729932001,17
OVRPTW,351,ok,9.9746542438,15
OVRPTW,352,ok,11.9853805276,15
OVRPTW,353,ok,10.9352699388,13
OVRPTW,354,ok,8.8883001916,14
OVRPTW,355,ok,10.2491970311,13
OVRPTW,356,ok,8.9286436713,16
OVRPTW,357,ok,9.7401560261,14
OVRPTW,358,ok,9.0167731343,15
OVRPTW,359,ok,8.3544154291,14
OVRPTW,360,ok,12.1057956067,18
OVRPTW,361,ok,10.7666870282,15
OVRPTW,362,ok,10.9719608204,17
OVRPTW,363,ok,9.2511667323,17
OVRPTW,364,ok,9.3774821131,13
OVRPTW,365,ok,13.0910691364,16
OVRPTW,366,ok,10.8496850451,14
OVRPTW,367,ok,8.7561474847,15
OVRPTW,368,ok,11.3071428935,15
OVRPTW,369,ok,11.3875168343,15
OVRPTW,370,ok,9.9670826096,17
OVRPTW,371,ok,10.2315266931,16
OVRPTW,372,ok,10.5519516265,15
OVRPTW,373,ok,11.8920214737,16
OVRPTW,374,ok,8.7590728385,17
OVRPTW,375,ok,8.6442736539,18
OVRPTW,376,ok,10.3077297581,13
OVRPTW,377,ok,12.6201653211,14
OVRPTW,378,ok,11.6108882621,13
OVRPTW,379,ok,11.0299715845,15
OVRPTW,380,ok,12.3309839765,15
OVRPTW,381,ok,13.7500512431,15
OVRPTW,382,ok,10.0276276051,18
OVRPTW,383,ok,8.6117728074,16
OVRPTW,384,ok,11.8715788126,17
OVRPTW,385,ok,8.9105164238,14
OVRPTW,386,ok,9.0314537348,15
OVRPTW,387,ok,9.5699879429,17
OVRPTW,388,ok,11.5649876379,16
OVRPTW,389,ok,10.9800584107,15
OVRPTW,390,ok,9.6440007633,17
OVRPTW,391,ok,11.7668860229,15
OVRPTW,392,ok,11.0873067997,16
OVRPTW,393,ok,9.4265956039,15
OVRPTW,394,ok,12.7784776835,14
OVRPTW,395,ok,11.9783803163,15
OVRPTW,396,ok,10.7861915946,17
OVRPTW,397,ok,11.9966220169,18
OVRPTW,398,ok,12.3490785220,17
OVRPTW,399,ok,9.9990941134,15
OVRPTW,400,ok,10.0059857036,16
OVRPTW,401,ok,11.0384847700,17
OVRPTW,402,ok,11.5997184305,14
OVRPTW,403,ok,12.1207714764,17
OVRPTW,404,ok,11.1588900778,15
OVRPTW,405,ok,12.2031037490,16
OVRPTW,406,ok,10.3629192846,14
OVRPTW,407,ok,9.2836744140,17
OVRPTW,408,ok,13.5644912977,15
OVRPTW,409,ok,9.8514259421,15
OVRPTW,410,ok,9.0123835888,16
OVRPTW,411,ok,8.8858012227,16
OVRPTW,412,ok,9.2542458457,15
OVRPTW,413,ok,12.3274725899,16
OVRPTW,414,ok,10.3637693232,19
OVRPTW,415,ok,10.8673152209,14
OVRPTW,416,ok,10.9887191449,13
OVRPTW,417,ok,11.0474915937,18
OVRPTW,418,ok,8.8672927362,16
OVRPTW,419,ok,9.9377156997,17
OVRPTW,420,ok,10.2028929617,15
OVRPTW,421,ok,13.2871408581,16
OVRPTW,422,ok,10.9029551892,15
OVRPTW,423,ok,10.4285389746,14
OVRPTW,424,ok,13.8103251127,15
OVRPTW,425,ok,10.1206389245,15
OVRPTW,426,ok,9.3709500099,13
OVRPTW,427,ok,10.7510741828,15
OVRPTW,428,ok,10.4805090114,16
OVRPTW,429,ok,11.8655245173,16
OVRPTW,430,ok,9.7982557261,17
OVRPTW,431,ok,11.1835670500,16
OVRPTW,432,ok,10.3502297288,17
OVRPTW,433,ok,9.3498414216,14
OVRPTW,434,ok,8.6782833697,16
OVRPTW,435,ok,9.4070573241,11
OVRPTW,436,ok,10.6416817256,14
OVRPTW,437,ok,8.7735161323,16
OVRPTW,438,ok,11.2206464543,16
OVRPTW,439,ok,9.4230589827,16
OVRPTW,440,ok,9.1288045040,15
OVRPTW,441,ok,10.5620426199,15
OVRPTW,442,ok,10.6122298865,16
OVRPTW,443,ok,10.9999026085,16
OVRPTW,444,ok,10.2175726452,12
OVRPTW,445,ok,12.3324291853,19
OVRPTW,446,ok,8.9887340332,15
OVRPTW,447,ok,10.4290271821,18
OVRPTW,448,ok,10.6707914349,16
OVRPTW,449,ok,9.8554220532,18
OVRPTW,450,ok,9.2318758839,16
OVRPTW,451,ok,8.8326698003,14
OVRPTW,452,ok,10.8734741704,16
OVRPTW,453,ok,8.8735319259,16
OVRPTW,454,ok,11.9530124228,15
OVRPTW,455,ok,11.1583858118,17
OVRPTW,456,ok,10.0134789105,17
OVRPTW,457,ok,9.9167444861,16
OVRPTW,458,ok,9.5507979707,17
OVRPTW,459,ok,11.0451349146,15
OVRPTW,460,ok,8.8907909632,15
OVRPTW,461,ok,14.2044370719,16
OVRPTW,462,ok,9.2706600006,16
OVRPTW,463,ok,12.0087602559,15
OVRPTW,464,ok,12.3558547491,15
OVRPTW,465,ok,10.5383575532,15
OVRPTW,466,ok,10.9578945181,17
OVRPTW,467,ok,11.3863696808,12
OVRPTW,468,ok,12.0835108816,17
OVRPTW,469,ok,10.1386569653,14
OVRPTW,470,ok,9.3770522006,16
OVRPTW,471,ok,8.8516452969,16
OVRPTW,472,ok,10.5329124450,16
OVRPTW,473,ok,13.2863337212,14
OVRPTW,474,ok,10.9876878108,17
OVRPTW,475,ok,10.5753976363,16
OVRPTW,476,ok,10.5577068773,13
OVRPTW,477,ok,9.5864008515,15
OVRPTW,478,ok,10.4262687371,15
OVRPTW,479,ok,9.9678179777,14
OVRPTW,480,ok,8.8490028008,15
OVRPTW,481,ok,9.8618692367,16
OVRPTW,482,ok,9.6066743631,16
OVRPTW,483,ok,9.1256050291,14
OVRPTW,484,ok,11.0552307736,15
OVRPTW,485,ok,9.6043531794,15
OVRPTW,486,ok,9.0573888450,16
OVRPTW,487,ok,9.3139708948,17
OVRPTW,488,ok,11.6925284987,15
OVRPTW,489,ok,13.7666234354,20
OVRPTW,490,ok,9.3599020026,16
OVRPTW,491,ok,11.9850719589,15
OVRPTW,492,ok,9.1280491153,16
OVRPTW,493,ok,13.7719950000,16
OVRPTW,494,ok,10.4416128355,16
OVRPTW,495,ok,11.5450069932,15
OVRPTW,496,ok,11.3989721974,16
OVRPTW,497,ok,11.9730642669,14
OVRPTW,498,ok,9.3565272465,14
OVRPTW,499,ok,12.2809707337,18
OVRPTW,500,ok,11.7340053972,15
OVRPTW,501,ok,9.2824953299,14
OVRPTW,502,ok,9.2136238492,17
OVRPTW,503,ok,10.8363092050,15
OVRPTW,504,ok,10.3769882390,17
OVRPTW,505,ok,9.0240492454,18
OVRPTW,506,ok,10.8194973531,15
OVRPTW,507,ok,11.3175510219,16
OVRPTW,508,ok,11.1762075563,16
OVRPTW,509,ok,10.4416141537,16
OVRPTW,510,ok,11.5194840762,16
OVRPTW,511,ok,10.8009735504,14
OVRPTW,512,ok,9.7969396938,15
OVRPTW,513,ok,10.7234131841,18
OVRPTW,514,ok,11.2598607803,15
OVRPTW,515,ok,9.3222605266,15
OVRPTW,516,ok,10.7998921111,16
OVRPTW,517,ok,10.3106339856,14
OVRPTW,518,ok,11.2003053014,14
OVRPTW,519,ok,8.8035427575,15
OVRPTW,520,ok,11.6781258794,16
OVRPTW,521,ok,8.1466154258,16
OVRPTW,522,ok,10.4200889272,15
OVRPTW,523,ok,10.3756895366,15
OVRPTW,524,ok,8.6438599053,16
OVRPTW,525,ok,11.4882890721,15
OVRPTW,526,ok,11.3530691864,16
OVRPTW,527,ok,10.8810465662,17
OVRPTW,528,ok,9.8109483585,17
OVRPTW,529,ok,10.4178861712,16
OVRPTW,530,ok,9.2300764395,14
OVRPTW,531,ok,12.1303549874,18
OVRPTW,532,ok,10.2402457636,15
OVRPTW,533,ok,9.6275977660,15
OVRPTW,534,ok,11.7533484667,13
OVRPTW,535,ok,10.8055030764,15
OVRPTW,536,ok,10.5151722641,18
OVRPTW,537,ok,9.2091052238,15
OVRPTW,538,ok,10.3601186037,15
OVRPTW,539,ok,11.2027147614,15
OVRPTW,540,ok,11.3414734504,15
OVRPTW,541,ok,12.1294628508,18
OVRPTW,542,ok,9.5532513384,16
OVRPTW,543,ok,8.7406031219,15
OVRPTW,544,ok,12.0739823227,14
OVRPTW,545,ok,11.4789709438,15
OVRPTW,546,ok,13.5957852018,16
OVRPTW,547,ok,8.4792477762,14
OVRPTW,548,ok,8.6930183375,15
OVRPTW,549,ok,11.5355892165,14
OVRPTW,550,ok,10.8829710843,14
OVRPTW,551,ok,8.4438797921,15
OVRPTW,552,ok,12.3935102458,18
OVRPTW,553,ok,14.3066016616,16
OVRPTW,554,ok,10.2027065432,15
OVRPTW,555,ok,10.1763541255,17
OVRPTW,556,ok,8.4927118409,15
OVRPTW,557,ok,10.1171003058,16
OVRPTW,558,ok,9.7574670789,15
OVRPTW,559,ok,10.1969149568,15
OVRPTW,560,ok,15.1064405549,17
OVRPTW,561,ok,9.2947942863,18
OVRPTW,562,ok,8.8858061537,13
OVRPTW,563,ok,13.2042212257,17
OVRPTW,564,ok,12.4166405058,19
OVRPTW,565,ok,9.6486425479,15
OVRPTW,566,ok,9.1548589244,15
OVRPTW,567,ok,11.6755162645,18
OVRPTW,568,ok,8.4579555246,16
OVRPTW,569,ok,10.0381738531,13
OVRPTW,570,ok,15.1945744540,17
OVRPTW,571,ok,11.1244285122,16
OVRPTW,572,ok,9.4700728019,14
OVRPTW,573,ok,9.5242838422,16
OVRPTW,574,ok,12.9892258139,18
OVRPTW,575,ok,10.1540027682,16
OVRPTW,576,ok,8.7302388176,16
OVRPTW,577,ok,10.6622161674,17
OVRPTW,578,ok,10.7940454366,15
OVRPTW,579,ok,9.2315504220,15
OVRPTW,580,ok,11.2690924271,15
OVRPTW,581,ok,10.1197975152,16
OVRPTW,582,ok,9.2544251947,15
OVRPTW,583,ok,9.6148328131,16
OVRPTW,584,ok,10.3122267719,14
OVRPTW,585,ok,9.8841783500,15
OVRPTW,586,ok,13.9104776246,16
OVRPTW,587,ok,13.3375075133,16
OVRPTW,588,ok,13.5850832642,18
OVRPTW,589,ok,9.1537411805,16
OVRPTW,590,ok,11.4018871167,15
OVRPTW,591,ok,11.2920702612,16
OVRPTW,592,ok,9.2489879319,15
OVRPTW,593,ok,11.2676618302,15
OVRPTW,594,ok,10.9533373136,17
OVRPTW,595,ok,10.4184365236,14
OVRPTW,596,ok,8.4042598685,16
OVRPTW,597,ok,10.0340319111,16
OVRPTW,598,ok,8.2115342211,15
OVRPTW,599,ok,8.8302707195,15
OVRPTW,600,ok,12.4033679333,16
OVRPTW,601,ok,10.2736158319,15
OVRPTW,602,ok,9.1529721351,18
OVRPTW,603,ok,10.7240194015,19
OVRPTW,604,ok,10.4179246438,15
OVRPTW,605,ok,8.3815599818,16
OVRPTW,606,ok,9.7672542076,13
OVRPTW,607,ok,10.0220681559,16
OVRPTW,608,ok,9.8301881944,16
OVRPTW,609,ok,11.0602452585,15
OVRPTW,610,ok,9.1337464604,14
OVRPTW,611,ok,11.3344085886,16
OVRPTW,612,ok,11.2204269787,15
OVRPTW,613,ok,11.7521611361,15
OVRPTW,614,ok,8.9952682258,14
OVRPTW,615,ok,13.2640454320,16
OVRPTW,616,ok,12.0587254708,17
OVRPTW,617,ok,9.8731988205,17
OVRPTW,618,ok,10.4569556153,16
OVRPTW,619,ok,8.1703717670,15
OVRPTW,620,ok,11.2217105266,15
OVRPTW,621,ok,9.2717779975,15
OVRPTW,622,ok,10.4227716251,15
OVRPTW,623,ok,12.4818920882,17
OVRPTW,624,ok,12.2783230625,15
OVRPTW,625,ok,10.1687073405,17
OVRPTW,626,ok,10.7048633313,12
OVRPTW,627,ok,9.3035949910,16
OVRPTW,628,ok,11.3870145929,16
OVRPTW,629,ok,11.2084633628,14
OVRPTW,630,ok,9.6919846925,17
OVRPTW,631,ok,10.2886127582,16
OVRPTW,632,ok,9.2671465285,16
OVRPTW,633,ok,13.3510310880,17
OVRPTW,634,ok,10.6985808264,15
OVRPTW,635,ok,10.7578068496,13
OVRPTW,636,ok,8.7982155042,15
OVRPTW,637,ok,10.4498908630,15
OVRPTW,638,ok,9.7746147639,16
OVRPTW,639,ok,13.0682324165,16
OVRPTW,640,ok,7.9183617610,13
OVRPTW,641,ok,9.5564372596,18
OVRPTW,642,ok,9.8542788285,16
OVRPTW,643,ok,10.0753446336,13
OVRPTW,644,ok,10.6657317686,16
OVRPTW,645,ok,7.4830811236,12
OVRPTW,646,ok,10.6313652309,19
OVRPTW,647,ok,11.2558287300,17
OVRPTW,648,ok,8.9643322396,17
OVRPTW,649,ok,11.0416760561,17
OVRPTW,650,ok,9.7485102198,15
OVRPTW,651,ok,8.8599823448,17
OVRPTW,652,ok,9.7647224367,16
OVRPTW,653,ok,10.4465383829,16
OVRPTW,654,ok,10.2013350331,15
OVRPTW,655,ok,9.0975701681,16
OVRPTW,656,ok,12.1254561496,14
OVRPTW,657,ok,11.2776800409,18
OVRPTW,658,ok,10.3347076757,17
OVRPTW,659,ok,10.8915600089,14
OVRPTW,660,ok,10.6258865224,19
OVRPTW,661,ok,9.6974440091,14
OVRPTW,662,ok,11.4648287274,14
OVRPTW,663,ok,10.0244014482,17
OVRPTW,664,ok,11.6819718988,13
OVRPTW,665,ok,12.4828224322,15
OVRPTW,666,ok,13.0739305536,19
OVRPTW,667,ok,9.9930959821,15
OVRPTW,668,ok,9.8144184971,17
OVRPTW,669,ok,12.6524549139,15
OVRPTW,670,ok,10.6510477233,14
OVRPTW,671,ok,9.5263215845,17
OVRPTW,672,ok,10.0962892450,14
OVRPTW,673,ok,10.6795782653,17
OVRPTW,674,ok,11.0962526661,14
OVRPTW,675,ok,11.5917860358,16
OVRPTW,676,ok,11.4896717714,15
OVRPTW,677,ok,12.6782374513,17
OVRPTW,678,ok,9.5333945681,15
OVRPTW,679,ok,10.5885183976,15
OVRPTW,680,ok,12.0881237744,15
OVRPTW,681,ok,10.6443063122,15
OVRPTW,682,ok,11.1160783598,16
OVRPTW,683,ok,10.7362141630,15
OVRPTW,684,ok,12.7229567358,17
OVRPTW,685,ok,10.3909503775,15
OVRPTW,686,ok,8.8591051911,14
OVRPTW,687,ok,10.6293805668,15
OVRPTW,688,ok,12.5875192634,17
OVRPTW,689,ok,8.2175385715,15
OVRPTW,690,ok,8.4742750307,14
OVRPTW,691,ok,11.0088931433,16
OVRPTW,692,ok,10.3414752579,16
OVRPTW,693,ok,11.4834245516,16
OVRPTW,694,ok,11.6560554127,14
OVRPTW,695,ok,13.2122821406,17
OVRPTW,696,ok,10.3703088602,15
OVRPTW,697,ok,10.6731036539,17
OVRPTW,698,ok,12.5967679386,15
OVRPTW,699,ok,11.6590707000,15
OVRPTW,700,ok,12.6029848131,13
OVRPTW,701,ok,10.0327340301,16
OVRPTW,702,ok,10.2859095200,16
OVRPTW,703,ok,11.9943709529,14
OVRPTW,704,ok,10.5517289800,14
OVRPTW,705,ok,9.8621446992,14
OVRPTW,706,ok,11.2963967313,14
OVRPTW,707,ok,10.4999103665,16
OVRPTW,708,ok,8.1128905970,15
OVRPTW,709,ok,9.2866779163,16
OVRPTW,710,ok,10.1747946643,15
OVRPTW,711,ok,8.8014251230,16
OVRPTW,712,ok,10.8551297748,16
OVRPTW,713,ok,10.1110859890,16
OVRPTW,714,ok,9.7510092297,16
OVRPTW,715,ok,10.4256959440,13
OVRPTW,716,ok,9.7195002597,17
OVRPTW,717,ok,10.3959719837,17
OVRPTW,718,ok,8.5061833720,15
OVRPTW,719,ok,9.8488874273,17
OVRPTW,720,ok,11.4774043967,13
OVRPTW,721,ok,10.9961736643,16
OVRPTW,722,ok,14.8918033517,14
OVRPTW,723,ok,11.6454107429,14
OVRPTW,724,ok,9.2789943957,17
OVRPTW,725,ok,9.8667056889,17
OVRPTW,726,ok,10.6828747857,16
OVRPTW,727,ok,13.0113826938,16
OVRPTW,728,ok,9.2484643451,15
OVRPTW,729,ok,11.2393625548,16
OVRPTW,730,ok,10.4333658674,14
OVRPTW,731,ok,12.7880284823,15
OVRPTW,732,ok,9.5217869692,16
OVRPTW,733,ok,9.4833516236,15
OVRPTW,734,ok,9.2202094549,16
OVRPTW,735,ok,13.3714194186,14
OVRPTW,736,ok,8.4539622707,14
OVRPTW,737,ok,12.4364545521,15
OVRPTW,738,ok,8.4534601480,15
OVRPTW,739,ok,13.3425291810,15
OVRPTW,740,ok,12.9440983072,17
OVRPTW,741,ok,11.2990852706,15
OVRPTW,742,ok,9.3800221632,13
OVRPTW,743,ok,9.8114535788,16
OVRPTW,744,ok,10.3150976193,18
OVRPTW,745,ok,9.1713829104,17
OVRPTW,746,ok,9.9468867889,16
OVRPTW,747,ok,9.0118511993,15
OVRPTW,748,ok,9.1398218201,17
OVRPTW,749,ok,8.9811362043,14
OVRPTW,750,ok,7.4248402241,14
OVRPTW,751,ok,11.3476087379,15
OVRPTW,752,ok,9.4818064748,17
OVRPTW,753,ok,8.5908293737,16
OVRPTW,754,ok,11.7280825756,16
OVRPTW,755,ok,12.5432828041,16
OVRPTW,756,ok,10.1607001472,16
OVRPTW,757,ok,9.5256874096,17
OVRPTW,758,ok,10.9979027320,16
OVRPTW,759,ok,9.7675385889,15
OVRPTW,760,ok,11.5090064599,17
OVRPTW,761,ok,11.4934505693,16
OVRPTW,762,ok,11.9967786730,17
OVRPTW,763,ok,11.0546193306,17
OVRPTW,764,ok,9.1725584228,17
OVRPTW,765,ok,11.4349298153,14
OVRPTW,766,ok,9.8214865306,18
OVRPTW,767,ok,12.5376181443,17
OVRPTW,768,ok,9.9287446222,15
OVRPTW,769,ok,10.4105881914,18
OVRPTW,770,ok,8.4346662523,16
OVRPTW,771,ok,8.7417474596,18
OVRPTW,772,ok,10.1451392004,16
OVRPTW,773,ok,13.4848423296,15
OVRPTW,774,ok,9.0057345379,15
OVRPTW,775,ok,10.6248429390,15
OVRPTW,776,ok,11.0113896751,14
OVRPTW,777,ok,10.2500306677,14
OVRPTW,778,ok,8.7593829551,17
OVRPTW,779,ok,11.9078401915,14
OVRPTW,780,ok,9.7817480411,14
OVRPTW,781,ok,10.8172543010,13
OVRPTW,782,ok,11.4011579032,17
OVRPTW,783,ok,10.2844751974,16
OVRPTW,784,ok,9.8860456063,15
OVRPTW,785,ok,11.1109216685,15
OVRPTW,786,ok,11.2738794416,17
OVRPTW,787,ok,8.9606784943,14
OVRPTW,788,ok,11.3470972818,14
OVRPTW,789,ok,9.0594407415,14
OVRPTW,790,ok,10.0879771525,17
OVRPTW,791,ok,11.0005313527,18
OVRPTW,792,ok,11.2250595817,15
OVRPTW,793,ok,10.1922136202,17
OVRPTW,794,ok,11.1482464759,18
OVRPTW,795,ok,11.3220223814,15
OVRPTW,796,ok,10.8687786922,16
OVRPTW,797,ok,9.6368379080,16
OVRPTW,798,ok,9.4335056280,13
OVRPTW,799,ok,11.9700659977,16
OVRPTW,800,ok,10.1270598552,14
OVRPTW,801,ok,9.8305493368,16
OVRPTW,802,ok,11.4280288454,17
OVRPTW,803,ok,9.4918998870,14
OVRPTW,804,ok,10.3331503543,17
OVRPTW,805,ok,9.4891380153,15
OVRPTW,806,ok,11.5036192548,16
OVRPTW,807,ok,9.6961855324,16
OVRPTW,808,ok,10.9177950791,14
OVRPTW,809,ok,10.6592447916,16
OVRPTW,810,ok,11.2807128887,17
OVRPTW,811,ok,11.8766300339,17
OVRPTW,812,ok,10.2501635700,15
OVRPTW,813,ok,10.2151643187,15
OVRPTW,814,ok,8.5678800870,16
OVRPTW,815,ok,9.0608098425,14
OVRPTW,816,ok,10.5215497913,16
OVRPTW,817,ok,10.5059247992,16
OVRPTW,818,ok,11.9577128114,14
OVRPTW,819,ok,9.0688773655,14
OVRPTW,820,ok,9.2244600458,19
OVRPTW,821,ok,10.9490978312,17
OVRPTW,822,ok,12.0342756274,13
OVRPTW,823,ok,11.3023462552,17
OVRPTW,824,ok,11.8215514448,16
OVRPTW,825,ok,10.9199058378,18
OVRPTW,826,ok,13.3410635444,15
OVRPTW,827,ok,9.6850660200,16
OVRPTW,828,ok,11.1603162668,16
OVRPTW,829,ok,9.1493910905,16
OVRPTW,830,ok,10.9377251143,15
OVRPTW,831,ok,9.4561782257,15
OVRPTW,832,ok,9.1191462177,15
OVRPTW,833,ok,9.8503041845,16
OVRPTW,834,ok,10.0575936142,14
OVRPTW,835,ok,13.7517594574,17
OVRPTW,836,ok,11.6367330108,16
OVRPTW,837,ok,10.1970983311,18
OVRPTW,838,ok,12.2377169369,14
OVRPTW,839,ok,9.9288836586,15
OVRPTW,840,ok,9.3241829095,15
OVRPTW,841,ok,11.3995970738,14
OVRPTW,842,ok,9.4529182437,15
OVRPTW,843,ok,10.7356688153,14
OVRPTW,844,ok,12.3905532791,15
OVRPTW,845,ok,8.2164681114,15
OVRPTW,846,ok,10.0629107734,13
OVRPTW,847,ok,13.2796912279,16
OVRPTW,848,ok,10.7430272231,18
OVRPTW,849,ok,11.7520434468,19
OVRPTW,850,ok,8.8654432710,15
OVRPTW,851,ok,9.7202834744,14
OVRPTW,852,ok,9.5548999002,17
OVRPTW,853,ok,9.3221554091,16
OVRPTW,854,ok,11.7119598135,14
OVRPTW,855,ok,12.2885303957,15
OVRPTW,856,ok,9.7590325560,16
OVRPTW,857,ok,10.4148693974,15
OVRPTW,858,ok,9.3285820669,14
OVRPTW,859,ok,9.1562434717,15
OVRPTW,860,ok,14.6535212664,16
OVRPTW,861,ok,10.1309612736,16
OVRPTW,862,ok,10.0906104317,17
OVRPTW,863,ok,8.5972651452,15
OVRPTW,864,ok,11.8345400648,18
OVRPTW,865,ok,9.7426759167,16
OVRPTW,866,ok,8.8211706445,15
OVRPTW,867,ok,9.8679689631,16
OVRPTW,868,ok,12.9730553256,17
OVRPTW,869,ok,9.8382105935,16
OVRPTW,870,ok,9.8573503121,13
OVRPTW,871,ok,7.8890917695,13
OVRPTW,872,ok,11.0892380695,17
OVRPTW,873,ok,11.0037845164,16
OVRPTW,874,ok,12.8235753351,16
OVRPTW,875,ok,8.9511104069,15
OVRPTW,876,ok,12.0437269843,14
OVRPTW,877,ok,9.2394634684,15
OVRPTW,878,ok,10.3275430037,14
OVRPTW,879,ok,13.9854231580,17
OVRPTW,880,ok,11.3128042926,18
OVRPTW,881,ok,14.3556298688,16
OVRPTW,882,ok,11.0651674089,17
OVRPTW,883,ok,10.5402972774,15
OVRPTW,884,ok,8.9674049041,16
OVRPTW,885,ok,8.7924682592,13
OVRPTW,886,ok,9.8275917125,15
OVRPTW,887,ok,10.0808621609,17
OVRPTW,888,ok,8.9059142785,14
OVRPTW,889,ok,10.8742894025,15
OVRPTW,890,ok,10.7302186602,14
OVRPTW,891,ok,8.8449208790,14
OVRPTW,892,ok,10.7085762334,15
OVRPTW,893,ok,10.6593771445,15
OVRPTW,894,ok,12.0683929765,15
OVRPTW,895,ok,11.6763248728,16
OVRPTW,896,ok,9.1207683269,14
OVRPTW,897,ok,10.1145961597,15
OVRPTW,898,ok,11.1049968522,15
OVRPTW,899,ok,9.2201860794,16
OVRPTW,900,ok,11.0500007680,17
OVRPTW,901,ok,15.0984695460,17
OVRPTW,902,ok,8.9026906313,16
OVRPTW,903,ok,11.8484386986,14
OVRPTW,904,ok,10.6744011931,17
OVRPTW,905,ok,13.3090208756,18
OVRPTW,906,ok,9.9344670532,16
OVRPTW,907,ok,9.5252947504,17
OVRPTW,908,ok,12.1375347377,15
OVRPTW,909,ok,9.1758090133,15
OVRPTW,910,ok,9.3556417233,15
OVRPTW,911,ok,8.7512414251,14
OVRPTW,912,ok,8.9272637169,14
OVRPTW,913,ok,9.9467441745,17
OVRPTW,914,ok,10.4122333252,16
OVRPTW,915,ok,14.7631366972,16
OVRPTW,916,ok,9.3392953086,15
OVRPTW,917,ok,11.5853072892,15
OVRPTW,918,ok,9.9398469200,15
OVRPTW,919,ok,11.9357837847,17
OVRPTW,920,ok,8.8466867919,17
OVRPTW,921,ok,10.8092770268,16
OVRPTW,922,ok,9.8696072542,19
OVRPTW,923,ok,9.9003333295,15
OVRPTW,924,ok,8.9831331040,16
OVRPTW,925,ok,10.9686191426,14
OVRPTW,926,ok,12.6661298540,14
OVRPTW,927,ok,10.7197828861,16
OVRPTW,928,ok,11.0388055492,18
OVRPTW,929,ok,9.0897514381,17
OVRPTW,930,ok,9.8958462139,14
OVRPTW,931,ok,8.5297255196,14
OVRPTW,932,ok,11.0681971985,15
OVRPTW,933,ok,12.6170977557,17
OVRPTW,934,ok,10.9867610391,14
OVRPTW,935,ok,10.3712206349,16
OVRPTW,936,ok,10.9154531949,17
OVRPTW,937,ok,10.1883470532,15
OVRPTW,938,ok,12.5629685330,16
OVRPTW,939,ok,11.0745405190,15
OVRPTW,940,ok,8.7832300915,17
OVRPTW,941,ok,13.4819992504,16
OVRPTW,942,ok,11.5496507970,16
OVRPTW,943,ok,9.4722552186,15
OVRPTW,944,ok,11.5481797972,16
OVRPTW,945,ok,9.6595747379,16
OVRPTW,946,ok,10.4976523507,17
OVRPTW,947,ok,9.5735391623,17
OVRPTW,948,ok,12.5807658506,13
OVRPTW,949,ok,11.8156644739,18
OVRPTW,950,ok,10.4382859991,17
OVRPTW,951,ok,10.3701254576,16
OVRPTW,952,ok,12.2083353370,15
OVRPTW,953,ok,9.5922694033,14
OVRPTW,954,ok,11.4698480624,15
OVRPTW,955,ok,9.3801112084,15
OVRPTW,956,ok,9.3889514221,16
OVRPTW,957,ok,11.8961127663,15
OVRPTW,958,ok,10.2449913184,17
OVRPTW,959,ok,9.4191650767,16
OVRPTW,960,ok,8.6493058783,14
OVRPTW,961,ok,12.1851342841,16
OVRPTW,962,ok,11.4423084259,13
OVRPTW,963,ok,8.8331364374,15
OVRPTW,964,ok,13.3512039087,14
OVRPTW,965,ok,12.3113448214,15
OVRPTW,966,ok,11.0405838836,16
OVRPTW,967,ok,10.8420999405,15
OVRPTW,968,ok,13.6417925932,14
OVRPTW,969,ok,14.3817618694,16
OVRPTW,970,ok,9.8995850109,15
OVRPTW,971,ok,8.5605698446,16
OVRPTW,972,ok,9.3008667844,15
OVRPTW,973,ok,9.9652934241,15
OVRPTW,974,ok,10.3044987315,13
OVRPTW,975,ok,11.5078880496,15
OVRPTW,976,ok,11.0628955468,17
OVRPTW,977,ok,10.1106033327,16
OVRPTW,978,ok,13.6657222101,16
OVRPTW,979,ok,12.9065361847,15
OVRPTW,980,ok,11.6203477141,18
OVRPTW,981,ok,13.0246298819,16
OVRPTW,982,ok,11.8189443484,17
OVRPTW,983,ok,10.0913131665,16
OVRPTW,984,ok,9.0646691079,16
OVRPTW,985,ok,9.8866094696,17
OVRPTW,986,ok,11.6636099266,15
OVRPTW,987,ok,11.1412407406,15
OVRPTW,988,ok,9.3160074476,16
OVRPTW,989,ok,9.6398562360,21
OVRPTW,990,ok,11.1412012587,20
OVRPTW,991,ok,9.8336954479,19
OVRPTW,992,ok,9.5446617763,19
OVRPTW,993,ok,9.1927639874,16
OVRPTW,994,ok,9.7145216128,16
OVRPTW,995,ok,12.0628568687,14
OVRPTW,996,ok,10.7221882323,16
OVRPTW,997,ok,9.8348412423,17
OVRPTW,998,ok,10.3187135866,14
OVRPTW,999,ok,9.8853208565,13
OVRPB,0,ok,6.6491763338,6
OVRPB,1,ok,6.3873309944,6
OVRPB,2,ok,6.6866468348,6
OVRPB,3,ok,7.0905022453,5
OVRPB,4,ok,5.8126736991,5
OVRPB,5,ok,6.3104965947,5
OVRPB,6,ok,6.7777138830,7
OVRPB,7,ok,6.5207263048,5
OVRPB,8,ok,6.6486467648,6
OVRPB,9,ok,5.9723748240,4
OVRPB,10,ok,6.8478647997,5
OVRPB,11,ok,7.0579198724,6
OVRPB,12,ok,6.6799117938,4
OVRPB,13,ok,6.8046195691,5
OVRPB,14,ok,6.5079910465,5
OVRPB,15,ok,6.0544732884,6
OVRPB,16,ok,6.4750965631,5
OVRPB,17,ok,6.7805733957,7
OVRPB,18,ok,6.6459499363,5
OVRPB,19,ok,6.8684027075,6
OVRPB,20,ok,5.6833057055,5
OVRPB,21,ok,6.3825715723,6
OVRPB,22,ok,6.2273379523,6
OVRPB,23,ok,7.4457272752,6
OVRPB,24,ok,6.4208215685,4
OVRPB,25,ok,7.1596148428,5
OVRPB,26,ok,6.8875924065,5
OVRPB,27,ok,6.1882635214,6
OVRPB,28,ok,6.8311128175,6
OVRPB,29,ok,6.6007261056,7
OVRPB,30,ok,5.9523918787,6
OVRPB,31,ok,6.2963099917,7
OVRPB,32,ok,7.4567027125,6
OVRPB,33,ok,5.5951195992,6
OVRPB,34,ok,7.2040007374,7
OVRPB,35,ok,5.5746140299,7
OVRPB,36,ok,6.3394607612,5
OVRPB,37,ok,6.1071335010,7
OVRPB,38,ok,6.8688183472,5
OVRPB,39,ok,7.0604592364,6
OVRPB,40,ok,6.3920074256,5
OVRPB,41,ok,6.3645486937,7
OVRPB,42,ok,6.0741786062,5
OVRPB,43,ok,6.1876311135,7
OVRPB,44,ok,5.3503417073,5
OVRPB,45,ok,7.1256641116,7
OVRPB,46,ok,5.6936658697,6
OVRPB,47,ok,5.9844521968,6
OVRPB,48,ok,6.2528256493,6
OVRPB,49,ok,6.6490804359,7
OVRPB,50,ok,6.5816386235,5
OVRPB,51,ok,7.2127683514,4
OVRPB,52,ok,6.0251899974,5
OVRPB,53,ok,5.7782138090,8
OVRPB,54,ok,6.0352913502,5
OVRPB,55,ok,6.4768994282,6
OVRPB,56,ok,5.5541523639,6
OVRPB,57,ok,6.0410359330,5
OVRPB,58,ok,6.1225866060,6
OVRPB,59,ok,7.6680197814,7
OVRPB,60,ok,6.5490371251,5
OVRPB,61,ok,6.5700610425,6
OVRPB,62,ok,6.8965109868,5
OVRPB,63,ok,6.3471051969,6
OVRPB,64,ok,6.2512633402,6
OVRPB,65,ok,6.6509146599,4
OVRPB,66,ok,6.3177829006,4
OVRPB,67,ok,6.2389199818,5
OVRPB,68,ok,6.6547200167,6
OVRPB,69,ok,6.6139000269,5
OVRPB,70,ok,6.1401149100,5
OVRPB,71,ok,5.9561234311,6
OVRPB,72,ok,7.8105482276,5
OVRPB,73,ok,6.6996146480,6
OVRPB,74,ok,7.0084310678,7
OVRPB,75,ok,6.2792189971,6
OVRPB,76,ok,6.0889915226,4
OVRPB,77,ok,5.8332405533,6
OVRPB,78,ok,6.6390297581,5
OVRPB,79,ok,6.3835981752,6
OVRPB,80,ok,6.5094074856,6
OVRPB,81,ok,6.8977440493,5
OVRPB,82,ok,6.9408937860,7
OVRPB,83,ok,5.8860089595,5
OVRPB,84,ok,6.4678034665,4
OVRPB,85,ok,6.7734293304,8
OVRPB,86,ok,6.6415283880,6
OVRPB,87,ok,7.6521382445,5
OVRPB,88,ok,6.5998131728,7
OVRPB,89,ok,6.2297051576,7
OVRPB,90,ok,6.7269876791,6
OVRPB,91,ok,5.5748267414,6
OVRPB,92,ok,7.4377678929,6
OVRPB,93,ok,6.0073507461,6
OVRPB,94,ok,6.3877982241,7
OVRPB,95,ok,6.0090398133,5
OVRPB,96,ok,7.5762551483,6
OVRPB,97,ok,6.7486587904,4
OVRPB,98,ok,6.9443189360,5
OVRPB,99,ok,5.9410340083,5
OVRPB,100,ok,7.3960323908,7
OVRPB,101,ok,7.3608229072,6
OVRPB,102,ok,6.5726707981,5
OVRPB,103,ok,6.5654533782,5
OVRPB,104,ok,5.2203144111,6
OVRPB,105,ok,6.6600560271,5
OVRPB,106,ok,6.1937938286,4
OVRPB,107,ok,7.6438155164,6
OVRPB,108,ok,6.6172947891,6
OVRPB,109,ok,6.5469709788,4
OVRPB,110,ok,7.7381558108,5
OVRPB,111,ok,7.5666376076,9
OVRPB,112,ok,6.8211696532,5
OVRPB,113,ok,6.6201316367,6
OVRPB,114,ok,5.6700377281,4
OVRPB,115,ok,6.2042495333,5
OVRPB,116,ok,6.3019703054,9
OVRPB,117,ok,6.8205240604,6
OVRPB,118,ok,6.6470102481,4
OVRPB,119,ok,6.1253006442,6
OVRPB,120,ok,6.1413758077,7
OVRPB,121,ok,6.5382544316,6
OVRPB,122,ok,6.5734016024,7
OVRPB,123,ok,6.4355153295,6
OVRPB,124,ok,7.1074378372,5
OVRPB,125,ok,6.8125141041,6
OVRPB,126,ok,6.1769594710,5
OVRPB,127,ok,5.7649516286,5
OVRPB,128,ok,7.2797887554,6
OVRPB,129,ok,6.1208130267,6
OVRPB,130,ok,7.0546546869,6
OVRPB,131,ok,7.1952693602,6
OVRPB,132,ok,7.3202253176,5
OVRPB,133,ok,5.8347057001,5
OVRPB,134,ok,6.0696722918,5
OVRPB,135,ok,6.2804554075,6
OVRPB,136,ok,5.9243611053,5
OVRPB,137,ok,6.0713001397,6
OVRPB,138,ok,6.3263971318,6
OVRPB,139,ok,6.4237929118,6
OVRPB,140,ok,6.3589932068,5
OVRPB,141,ok,6.3106397944,6
OVRPB,142,ok,6.4655228883,7
OVRPB,143,ok,7.2915227325,5
OVRPB,144,ok,5.4997252227,6
OVRPB,145,ok,7.0565473844,4
OVRPB,146,ok,6.6792645636,8
OVRPB,147,ok,6.4109848433,6
OVRPB,148,ok,6.3312211721,7
OVRPB,149,ok,7.1024603604,5
OVRPB,150,ok,6.5218924864,4
OVRPB,151,ok,8.1064564547,5
OVRPB,152,ok,6.7826880571,7
OVRPB,153,ok,5.8639501899,7
OVRPB,154,ok,6.4152923933,6
OVRPB,155,ok,6.3888065372,5
OVRPB,156,ok,5.4346895356,5
OVRPB,157,ok,5.9148714182,6
OVRPB,158,ok,6.1688099955,6
OVRPB,159,ok,6.9952168014,6
OVRPB,160,ok,6.9040538124,5
OVRPB,161,ok,6.5930642940,5
OVRPB,162,ok,6.5161984220,4
OVRPB,163,ok,6.0093068924,4
OVRPB,164,ok,6.4877510636,5
OVRPB,165,ok,5.7639115714,5
OVRPB,166,ok,6.1033034892,5
OVRPB,167,ok,6.2966715028,6
OVRPB,168,ok,6.0760109905,6
OVRPB,169,ok,6.1656776651,5
OVRPB,170,ok,6.0937830841,6
OVRPB,171,ok,7.6966141078,6
OVRPB,172,ok,6.2871140902,6
OVRPB,173,ok,6.3875892320,5
OVRPB,174,ok,6.6087314896,5
OVRPB,175,ok,6.3254545723,6
OVRPB,176,ok,6.1504805540,5
OVRPB,177,ok,6.2310672476,6
OVRPB,178,ok,6.6039238651,6
OVRPB,179,ok,6.1932881998,5
OVRPB,180,ok,6.2144695223,4
OVRPB,181,ok,6.1965671037,7
OVRPB,182,ok,5.9380469308,5
OVRPB,183,ok,6.7977634525,7
OVRPB,184,ok,6.3477850251,6
OVRPB,185,ok,6.0628374573,6
OVRPB,186,ok,7.4289269893,6
OVRPB,187,ok,5.5917015989,4
OVRPB,188,ok,6.6215363218,5
OVRPB,189,ok,6.7692584096,7
OVRPB,190,ok,7.3840413394,7
OVRPB,191,ok,6.5169778755,7
OVRPB,192,ok,5.8467851253,7
OVRPB,193,ok,6.7459025809,6
OVRPB,194,ok,6.0275306014,5
OVRPB,195,ok,6.8167996184,6
OVRPB,196,ok,6.2816212967,6
OVRPB,197,ok,6.7653858154,5
OVRPB,198,ok,7.3194696226,6
OVRPB,199,ok,6.8091420579,5
OVRPB,200,ok,6.7655386010,4
OVRPB,201,ok,6.9279397825,6
OVRPB,202,ok,6.8553388931,6
OVRPB,203,ok,5.9858534791,4
OVRPB,204,ok,6.6196508567,5
OVRPB,205,ok,6.0657361431,7
OVRPB,206,ok,6.3671215824,6
OVRPB,207,ok,6.9568678318,4
OVRPB,208,ok,6.3579743235,4
OVRPB,209,ok,6.2649972469,5
OVRPB,210,ok,6.2486574612,5
OVRPB,211,ok,6.6638710682,6
OVRPB,212,ok,7.0343005274,4
OVRPB,213,ok,6.1221796606,5
OVRPB,214,ok,6.9256155270,6
OVRPB,215,ok,6.1323571227,9
OVRPB,216,ok,7.1478935529,6
OVRPB,217,ok,5.9470307794,6
OVRPB,218,ok,6.3802811091,6
OVRPB,219,ok,7.1782777905,5
OVRPB,220,ok,6.7656969433,5
OVRPB,221,ok,6.3794930695,6
OVRPB,222,ok,5.9259205295,5
OVRPB,223,ok,5.9934069894,8
OVRPB,224,ok,6.8416819226,5
OVRPB,225,ok,6.4147208022,5
OVRPB,226,ok,7.4487368723,7
OVRPB,227,ok,6.2945204007,5
OVRPB,228,ok,6.4945181495,3
OVRPB,229,ok,8.1124605092,5
OVRPB,230,ok,6.6362436895,5
OVRPB,231,ok,5.7453344265,5
OVRPB,232,ok,6.6577676473,5
OVRPB,233,ok,7.1559760467,4
OVRPB,234,ok,6.3602498806,7
OVRPB,235,ok,5.9456287300,6
OVRPB,236,ok,6.2117082438,7
OVRPB,237,ok,7.4274311845,5
OVRPB,238,ok,6.4205631434,6
OVRPB,239,ok,5.9470600756,5
OVRPB,240,ok,6.3047002335,7
OVRPB,241,ok,6.3584226282,7
OVRPB,242,ok,6.5650399789,6
OVRPB,243,ok,6.6384402958,6
OVRPB,244,ok,7.2743086504,7
OVRPB,245,ok,6.8956470711,6
OVRPB,246,ok,7.0757073968,5
OVRPB,247,ok,6.7603447807,6
OVRPB,248,ok,7.1805460012,5
OVRPB,249,ok,6.0315826046,6
OVRPB,250,ok,6.6441541168,5
OVRPB,251,ok,6.3465932754,5
OVRPB,252,ok,7.7341021583,6
OVRPB,253,ok,6.0740847398,6
OVRPB,254,ok,6.6062842389,5
OVRPB,255,ok,5.8700469560,7
OVRPB,256,ok,8.0903458381,6
OVRPB,257,ok,5.8826094056,7
OVRPB,258,ok,6.3107009562,7
OVRPB,259,ok,6.1319455398,4
OVRPB,260,ok,7.1891416329,5
OVRPB,261,ok,7.7499308958,5
OVRPB,262,ok,5.9439091711,5
OVRPB,263,ok,7.5482107652,4
OVRPB,264,ok,6.1034630660,6
OVRPB,265,ok,6.1780532895,6
OVRPB,266,ok,6.1941530769,5
OVRPB,267,ok,5.8000740468,4
OVRPB,268,ok,6.1342151053,5
OVRPB,269,ok,6.2329795479,6
OVRPB,270,ok,6.5514371168,6
OVRPB,271,ok,6.6665895551,9
OVRPB,272,ok,6.9334037917,5
OVRPB,273,ok,6.9626404200,6
OVRPB,274,ok,6.0282842735,5
OVRPB,275,ok,6.3974066559,6
OVRPB,276,ok,6.4483655666,5
OVRPB,277,ok,6.4759858281,5
OVRPB,278,ok,7.7313243886,4
OVRPB,279,ok,6.6552815142,4
OVRPB,280,ok,6.0254125459,8
OVRPB,281,ok,7.5492682708,3
OVRPB,282,ok,5.8627339209,5
OVRPB,283,ok,6.5149113850,6
OVRPB,284,ok,5.7878878353,5
OVRPB,285,ok,5.9703947288,7
OVRPB,286,ok,6.4712799315,6
OVRPB,287,ok,6.7868647213,6
OVRPB,288,ok,6.2745397392,5
OVRPB,289,ok,7.6024263092,5
OVRPB,290,ok,6.4110206504,5
OVRPB,291,ok,7.4335091133,6
OVRPB,292,ok,6.7499030276,4
OVRPB,293,ok,6.5150240100,5
OVRPB,294,ok,6.4957290609,7
OVRPB,295,ok,6.3949366328,6
OVRPB,296,ok,6.7505908789,8
OVRPB,297,ok,6.1461458229,4
OVRPB,298,ok,6.2645060642,5
OVRPB,299,ok,5.6885638366,6
OVRPB,300,ok,6.5178707367,6
OVRPB,301,ok,6.9595742868,6
OVRPB,302,ok,6.1918215822,6
OVRPB,303,ok,5.8330802481,6
OVRPB,304,ok,6.2350455157,5
OVRPB,305,ok,7.3579667788,6
OVRPB,306,ok,6.6513556126,5
OVRPB,307,ok,6.4357537401,7
OVRPB,308,ok,6.7163010356,4
OVRPB,309,ok,6.9617625716,8
OVRPB,310,ok,6.2935149242,4
OVRPB,311,ok,6.8253463139,6
OVRPB,312,ok,5.5697051738,6
OVRPB,313,ok,6.4757581485,5
OVRPB,314,ok,5.9250077744,5
OVRPB,315,ok,7.5533059547,7
OVRPB,316,ok,5.7902775260,7
OVRPB,317,ok,6.9264185299,6
OVRPB,318,ok,6.1848726405,6
OVRPB,319,ok,6.8555767537,4
OVRPB,320,ok,6.9650863173,5
OVRPB,321,ok,6.0368757292,5
OVRPB,322,ok,6.8817668467,6
OVRPB,323,ok,6.3086004321,6
OVRPB,324,ok,6.2512967129,6
OVRPB,325,ok,5.4857596276,5
OVRPB,326,ok,7.0444683108,6
OVRPB,327,ok,6.5968593044,4
OVRPB,328,ok,6.7520166501,5
OVRPB,329,ok,5.9222882621,6
OVRPB,330,ok,6.1785308249,7
OVRPB,331,ok,6.2449296716,5
OVRPB,332,ok,6.3775639868,5
OVRPB,333,ok,6.4701229644,6
OVRPB,334,ok,6.1153466387,5
OVRPB,335,ok,5.4099397965,5
OVRPB,336,ok,6.5645362168,5
OVRPB,337,ok,7.1836494929,6
OVRPB,338,ok,6.1668144512,7
OVRPB,339,ok,6.8342980885,5
OVRPB,340,ok,6.9416866913,8
OVRPB,341,ok,6.0128199851,5
OVRPB,342,ok,6.2017886598,6
OVRPB,343,ok,6.1788157466,5
OVRPB,344,ok,6.4648088280,5
OVRPB,345,ok,6.7919308300,7
OVRPB,346,ok,6.5698013020,4
OVRPB,347,ok,5.7831608470,7
OVRPB,348,ok,6.7236651011,6
OVRPB,349,ok,7.2305172995,7
OVRPB,350,ok,6.8777977850,4
OVRPB,351,ok,6.6225519400,6
OVRPB,352,ok,6.8992453226,5
OVRPB,353,ok,6.4636482097,6
OVRPB,354,ok,6.6170312820,8
OVRPB,355,ok,6.7009680814,7
OVRPB,356,ok,5.6898776105,4
OVRPB,357,ok,7.0167963979,4
OVRPB,358,ok,6.5476051491,5
OVRPB,359,ok,7.3202812784,7
OVRPB,360,ok,6.5961671572,5
OVRPB,361,ok,7.5618320813,6
OVRPB,362,ok,6.0647623497,4
OVRPB,363,ok,6.8462707962,5
OVRPB,364,ok,6.1822087554,6
OVRPB,365,ok,6.3960277198,6
OVRPB,366,ok,6.7410465349,7
OVRPB,367,ok,6.3473561077,9
OVRPB,368,ok,6.7486379287,6
OVRPB,369,ok,6.2271191362,5
OVRPB,370,ok,7.7511225955,6
OVRPB,371,ok,6.3616156714,5
OVRPB,372,ok,6.2962599927,7
OVRPB,373,ok,6.3315601948,5
OVRPB,374,ok,6.0949048989,7
OVRPB,375,ok,7.7130365153,8
OVRPB,376,ok,6.0322201592,5
OVRPB,377,ok,6.5788293885,6
OVRPB,378,ok,7.5498047752,7
OVRPB,379,ok,7.1085103243,7
OVRPB,380,ok,6.5130840913,7
OVRPB,381,ok,5.4314468754,5
OVRPB,382,ok,7.8344222386,5
OVRPB,383,ok,5.6843644951,5
OVRPB,384,ok,6.1492363741,6
OVRPB,385,ok,7.1900160058,6
OVRPB,386,ok,6.4242501808,4
OVRPB,387,ok,7.8385803197,6
OVRPB,388,ok,6.0256623731,6
OVRPB,389,ok,6.0000580039,3
OVRPB,390,ok,7.7044122894,6
OVRPB,391,ok,6.3600536848,5
OVRPB,392,ok,5.7301146950,5
OVRPB,393,ok,6.2816308672,7
OVRPB,394,ok,6.3296786714,5
OVRPB,395,ok,7.6134822345,4
OVRPB,396,ok,6.2953827577,6
OVRPB,397,ok,7.3423707482,6
OVRPB,398,ok,6.9214130060,6
OVRPB,399,ok,5.9879201182,4
OVRPB,400,ok,6.2397737137,4
OVRPB,401,ok,6.9045714533,5
OVRPB,402,ok,6.7007374752,6
OVRPB,403,ok,6.1606521265,5
OVRPB,404,ok,6.2987289232,5
OVRPB,405,ok,6.4767389852,7
OVRPB,406,ok,6.6463769299,6
OVRPB,407,ok,7.1747504488,6
OVRPB,408,ok,6.6930502892,6
OVRPB,409,ok,7.4037898395,4
OVRPB,410,ok,6.4372817125,4
OVRPB,411,ok,6.7689377031,6
OVRPB,412,ok,6.9792122807,7
OVRPB,413,ok,7.2595387017,5
OVRPB,414,ok,5.8282742335,4
OVRPB,415,ok,6.0284361339,5
OVRPB,416,ok,6.5246374764,4
OVRPB,417,ok,6.6657230614,5
OVRPB,418,ok,6.6326596247,5
OVRPB,419,ok,5.9752404514,5
OVRPB,420,ok,6.7461090012,6
OVRPB,421,ok,6.9197610403,7
OVRPB,422,ok,6.6866878029,4
OVRPB,423,ok,5.7570632885,5
OVRPB,424,ok,6.3787076695,6
OVRPB,425,ok,6.7733303312,5
OVRPB,426,ok,5.9896097813,6
OVRPB,427,ok,6.8698008277,4
OVRPB,428,ok,6.0692185679,6
OVRPB,429,ok,6.4398122864,6
OVRPB,430,ok,5.9303452051,6
OVRPB,431,ok,5.8012699243,6
OVRPB,432,ok,6.8771201574,5
OVRPB,433,ok,6.9022981415,6
OVRPB,434,ok,6.6632615482,6
OVRPB,435,ok,6.1471859240,6
OVRPB,436,ok,7.1359023480,7
OVRPB,437,ok,7.0385692726,4
OVRPB,438,ok,6.7442986955,5
OVRPB,439,ok,5.8042282792,5
OVRPB,440,ok,5.6075118093,4
OVRPB,441,ok,5.7658322464,6
OVRPB,442,ok,6.3912239826,6
OVRPB,443,ok,6.6236446815,5
OVRPB,444,ok,6.6542613644,5
OVRPB,445,ok,5.9775756236,5
OVRPB,446,ok,7.0620709439,6
OVRPB,447,ok,6.2884552072,5
OVRPB,448,ok,6.9109922572,4
OVRPB,449,ok,6.1068023229,6
OVRPB,450,ok,6.7690496242,6
OVRPB,451,ok,5.9835588818,5
OVRPB,452,ok,5.5388269052,7
OVRPB,453,ok,5.3546319154,5
OVRPB,454,ok,6.9650078278,6
OVRPB,455,ok,6.3729686891,4
OVRPB,456,ok,6.0125488903,6
OVRPB,457,ok,7.2387600592,5
OVRPB,458,ok,6.4914171295,5
OVRPB,459,ok,6.9815408837,6
OVRPB,460,ok,6.3409619990,5
OVRPB,461,ok,6.6335984020,7
OVRPB,462,ok,6.8347612943,6
OVRPB,463,ok,6.8853046258,7
OVRPB,464,ok,5.7734307157,5
OVRPB,465,ok,6.8241645106,5
OVRPB,466,ok,6.2595660171,6
OVRPB,467,ok,5.6089655399,5
OVRPB,468,ok,6.8726906384,6
OVRPB,469,ok,5.4745370852,5
OVRPB,470,ok,5.9663950280,5
OVRPB,471,ok,6.6395164650,6
OVRPB,472,ok,6.2432829192,5
OVRPB,473,ok,5.9840065551,5
OVRPB,474,ok,6.2921745014,5
OVRPB,475,ok,5.6618991023,5
OVRPB,476,ok,6.9444138275,7
OVRPB,477,ok,6.2320719284,5
OVRPB,478,ok,6.0985816537,6
OVRPB,479,ok,6.0066453289,5
OVRPB,480,ok,6.3110585294,4
OVRPB,481,ok,6.3443959180,6
OVRPB,482,ok,6.0126374223,5
OVRPB,483,ok,6.4216598173,4
OVRPB,484,ok,6.2959354643,6
OVRPB,485,ok,6.0997274734,7
OVRPB,486,ok,6.8405322614,5
OVRPB,487,ok,5.7953890676,6
OVRPB,488,ok,7.0078817775,6
OVRPB,489,ok,6.6637484601,7
OVRPB,490,ok,6.1255689231,4
OVRPB,491,ok,6.9513692914,7
OVRPB,492,ok,6.6090351365,5
OVRPB,493,ok,6.1904644345,7
OVRPB,494,ok,6.6013534086,5
OVRPB,495,ok,7.2630572482,4
OVRPB,496,ok,7.1161115360,6
OVRPB,497,ok,7.2281297985,5
OVRPB,498,ok,7.5029752107,5
OVRPB,499,ok,6.6046431123,5
OVRPB,500,ok,6.6410770027,6
OVRPB,501,ok,6.4015377165,6
OVRPB,502,ok,6.7479450207,7
OVRPB,503,ok,6.2008861136,7
OVRPB,504,ok,5.7971467333,5
OVRPB,505,ok,6.2820735474,7
OVRPB,506,ok,6.8571808802,5
OVRPB,507,ok,6.6594899894,5
OVRPB,508,ok,6.1122153304,5
OVRPB,509,ok,6.3721621115,6
OVRPB,510,ok,6.5038222761,4
OVRPB,511,ok,7.4736233176,6
OVRPB,512,ok,6.7798904581,4
OVRPB,513,ok,6.5643806373,5
OVRPB,514,ok,6.3761446721,5
OVRPB,515,ok,6.2334695594,7
OVRPB,516,ok,6.4681409202,4
OVRPB,517,ok,7.7875934292,7
OVRPB,518,ok,6.4283012185,4
OVRPB,519,ok,6.7567148568,5
OVRPB,520,ok,6.5172909682,6
OVRPB,521,ok,6.4417282920,6
OVRPB,522,ok,5.8952849762,6
OVRPB,523,ok,6.5420392939,5
OVRPB,524,ok,6.2359970640,6
OVRPB,525,ok,7.5799198537,5
OVRPB,526,ok,6.4482682527,4
OVRPB,527,ok,6.3144400827,8
OVRPB,528,ok,7.0732974454,6
OVRPB,529,ok,5.9211328843,4
OVRPB,530,ok,6.3000361946,6
OVRPB,531,ok,6.6940706455,6
OVRPB,532,ok,6.7886641131,5
OVRPB,533,ok,6.6480812740,6
OVRPB,534,ok,6.4735980253,8
OVRPB,535,ok,7.4762609008,5
OVRPB,536,ok,6.3710173729,7
OVRPB,537,ok,6.8160207844,6
OVRPB,538,ok,6.4976217622,4
OVRPB,539,ok,6.2093896490,6
OVRPB,540,ok,6.0687123715,6
OVRPB,541,ok,6.2034920325,4
OVRPB,542,ok,6.9310024102,7
OVRPB,543,ok,6.8281359372,6
OVRPB,544,ok,6.9437905884,7
OVRPB,545,ok,6.2665934928,7
OVRPB,546,ok,6.7604473654,6
OVRPB,547,ok,6.5690235550,6
OVRPB,548,ok,6.7471401481,5
OVRPB,549,ok,6.0939857038,6
OVRPB,550,ok,6.5499699266,4
OVRPB,551,ok,7.4776260974,6
OVRPB,552,ok,6.7315937405,6
OVRPB,553,ok,7.3290841543,6
OVRPB,554,ok,7.6002149093,4
OVRPB,555,ok,5.9609814505,4
OVRPB,556,ok,6.5022631274,6
OVRPB,557,ok,7.0732153664,6
OVRPB,558,ok,5.9062745309,5
OVRPB,559,ok,6.2196525783,5
OVRPB,560,ok,6.2185200505,6
OVRPB,561,ok,6.8474641473,4
OVRPB,562,ok,7.3048197727,6
OVRPB,563,ok,6.8705714747,6
OVRPB,564,ok,6.9502824165,4
OVRPB,565,ok,7.4978534279,6
OVRPB,566,ok,6.0951290101,4
OVRPB,567,ok,5.6536326084,4
OVRPB,568,ok,7.1090715494,5
OVRPB,569,ok,6.9478677664,6
OVRPB,570,ok,5.8964918283,6
OVRPB,571,ok,5.9177031618,7
OVRPB,572,ok,6.2182928229,4
OVRPB,573,ok,6.3467852362,7
OVRPB,574,ok,6.7947629059,6
OVRPB,575,ok,6.0064549204,6
OVRPB,576,ok,6.2697269095,6
OVRPB,577,ok,6.2806370744,5
OVRPB,578,ok,7.0706335877,7
OVRPB,579,ok,6.7534567528,8
OVRPB,580,ok,6.5609277479,6
OVRPB,581,ok,6.2729234409,6
OVRPB,582,ok,6.1623020509,7
OVRPB,583,ok,6.5730098317,6
OVRPB,584,ok,5.9960904186,6
OVRPB,585,ok,5.8335234088,6
OVRPB,586,ok,6.7843555192,5
OVRPB,587,ok,6.0782001486,5
OVRPB,588,ok,7.1549530208,5
OVRPB,589,ok,7.2996077879,5
OVRPB,590,ok,6.0534534046,9
OVRPB,591,ok,7.2800859419,4
OVRPB,592,ok,6.3495526947,6
OVRPB,593,ok,7.3738199875,7
OVRPB,594,ok,6.8941232282,7
OVRPB,595,ok,6.1766408429,5
OVRPB,596,ok,6.3600671554,7
OVRPB,597,ok,5.9182357403,6
OVRPB,598,ok,6.4612295792,5
OVRPB,599,ok,6.5553633428,6
OVRPB,600,ok,6.1295207894,5
OVRPB,601,ok,6.6710388614,7
OVRPB,602,ok,6.3723797899,5
OVRPB,603,ok,5.6021541849,5
OVRPB,604,ok,6.5964372003,7
OVRPB,605,ok,7.7906272513,6
OVRPB,606,ok,6.6154948698,4
OVRPB,607,ok,5.7228153353,6
OVRPB,608,ok,5.9143895585,5
OVRPB,609,ok,6.6357981592,6
OVRPB,610,ok,6.9229864179,5
OVRPB,611,ok,6.4419356735,6
OVRPB,612,ok,6.0806688671,6
OVRPB,613,ok,6.2167542431,6
OVRPB,614,ok,6.4500897766,5
OVRPB,615,ok,6.6565329570,6
OVRPB,616,ok,5.8906433319,5
OVRPB,617,ok,6.5108008396,6
OVRPB,618,ok,6.0449797353,5
OVRPB,619,ok,6.7252748013,5
OVRPB,620,ok,5.9347436847,5
OVRPB,621,ok,6.7650350579,5
OVRPB,622,ok,6.2343094506,6
OVRPB,623,ok,5.2451566413,5
OVRPB,624,ok,6.6531725880,8
OVRPB,625,ok,7.1195292546,7
OVRPB,626,ok,6.1137706744,5
OVRPB,627,ok,6.3994729053,5
OVRPB,628,ok,7.1746281034,6
OVRPB,629,ok,6.4509715195,5
OVRPB,630,ok,7.5830407845,6
OVRPB,631,ok,6.4279236929,7
OVRPB,632,ok,6.3682156365,6
OVRPB,633,ok,7.1243340939,5
OVRPB,634,ok,6.4452476639,7
OVRPB,635,ok,7.2233205244,4
OVRPB,636,ok,6.5504638521,6
OVRPB,637,ok,6.2766100169,5
OVRPB,638,ok,6.8728836436,6
OVRPB,639,ok,7.0154708408,5
OVRPB,640,ok,6.8643400146,7
OVRPB,641,ok,6.8826061725,6
OVRPB,642,ok,6.9794127654,6
OVRPB,643,ok,7.2057915638,8
OVRPB,644,ok,7.4179852061,7
OVRPB,645,ok,6.7315905653,7
OVRPB,646,ok,6.2479054400,9
OVRPB,647,ok,6.3539782026,5
OVRPB,648,ok,6.0928889751,6
OVRPB,649,ok,7.2773191847,6
OVRPB,650,ok,6.9234076471,5
OVRPB,651,ok,5.6032074709,7
OVRPB,652,ok,6.7391515323,4
OVRPB,653,ok,5.9933188867,5
OVRPB,654,ok,6.1802772633,5
OVRPB,655,ok,6.8584726338,4
OVRPB,656,ok,7.8104053321,5
OVRPB,657,ok,6.1225123901,4
OVRPB,658,ok,6.0906507822,7
OVRPB,659,ok,6.5532718049,4
OVRPB,660,ok,6.1634813408,8
OVRPB,661,ok,6.1567156996,7
OVRPB,662,ok,6.7346919969,8
OVRPB,663,ok,5.6029073537,4
OVRPB,664,ok,5.7793862691,6
OVRPB,665,ok,6.8241271903,5
OVRPB,666,ok,6.4516040770,5
OVRPB,667,ok,6.3487423503,4
OVRPB,668,ok,6.1468058410,5
OVRPB,669,ok,6.1979113860,5
OVRPB,670,ok,6.1696796090,6
OVRPB,671,ok,6.8658445949,6
OVRPB,672,ok,5.9222301390,5
OVRPB,673,ok,6.4240729836,7
OVRPB,674,ok,7.5243705287,7
OVRPB,675,ok,6.5243510438,5
OVRPB,676,ok,6.8283652095,5
OVRPB,677,ok,7.4246166941,6
OVRPB,678,ok,6.2860215079,6
OVRPB,679,ok,5.6658527150,4
OVRPB,680,ok,7.6205673679,5
OVRPB,681,ok,6.7288567640,5
OVRPB,682,ok,6.7664559152,5
OVRPB,683,ok,6.4557150549,5
OVRPB,684,ok,6.8178571173,5
OVRPB,685,ok,6.9722724942,6
OVRPB,686,ok,6.2444584354,7
OVRPB,687,ok,7.1350726752,5
OVRPB,688,ok,7.6398355167,5
OVRPB,689,ok,6.6426108370,6
OVRPB,690,ok,7.3267785963,5
OVRPB,691,ok,6.1608543257,6
OVRPB,692,ok,6.2970127725,6
OVRPB,693,ok,6.3472844030,6
OVRPB,694,ok,6.4900781323,7
OVRPB,695,ok,7.3224630466,5
OVRPB,696,ok,6.1457936869,4
OVRPB,697,ok,6.1358525776,4
OVRPB,698,ok,7.1686480686,7
OVRPB,699,ok,5.8767844242,4
OVRPB,700,ok,5.7786829465,6
OVRPB,701,ok,7.5442086850,7
OVRPB,702,ok,5.7193166847,7
OVRPB,703,ok,7.4463311408,4
OVRPB,704,ok,6.9456810583,5
OVRPB,705,ok,7.0300178779,4
OVRPB,706,ok,6.8871216632,5
OVRPB,707,ok,7.5699745543,6
OVRPB,708,ok,7.3582982647,8
OVRPB,709,ok,6.5337282900,4
OVRPB,710,ok,6.1643122829,7
OVRPB,711,ok,5.8896792102,8
OVRPB,712,ok,6.6018670779,5
OVRPB,713,ok,6.0124534892,5
OVRPB,714,ok,6.6780045205,6
OVRPB,715,ok,6.8389700575,6
OVRPB,716,ok,6.0922663646,5
OVRPB,717,ok,6.9018817442,5
OVRPB,718,ok,6.9210622055,7
OVRPB,719,ok,6.4380375261,4
OVRPB,720,ok,5.8206899309,7
OVRPB,721,ok,6.3422510638,6
OVRPB,722,ok,6.8228728946,5
OVRPB,723,ok,5.8511597649,5
OVRPB,724,ok,6.3666792866,6
OVRPB,725,ok,6.6314007191,5
OVRPB,726,ok,6.6637205576,5
OVRPB,727,ok,6.7768216052,5
OVRPB,728,ok,6.8642893735,5
OVRPB,729,ok,6.5900186262,5
OVRPB,730,ok,7.7143863878,6
OVRPB,731,ok,6.5026539141,8
OVRPB,732,ok,7.0574836783,7
OVRPB,733,ok,5.9736679097,4
OVRPB,734,ok,6.7475703485,4
OVRPB,735,ok,7.3076317909,5
OVRPB,736,ok,7.0856047904,6
OVRPB,737,ok,6.0922864455,4
OVRPB,738,ok,6.0618809608,5
OVRPB,739,ok,6.5547253506,6
OVRPB,740,ok,6.3021663573,6
OVRPB,741,ok,6.8122059465,5
OVRPB,742,ok,6.8323195371,7
OVRPB,743,ok,6.9971583796,5
OVRPB,744,ok,6.3148482533,5
OVRPB,745,ok,6.8347625822,6
OVRPB,746,ok,6.5771820351,4
OVRPB,747,ok,6.7062003553,6
OVRPB,748,ok,6.2825785288,5
OVRPB,749,ok,7.1034514247,5
OVRPB,750,ok,7.3870323888,6
OVRPB,751,ok,6.6623860335,6
OVRPB,752,ok,6.7027616265,6
OVRPB,753,ok,6.2625024534,5
OVRPB,754,ok,6.3455352237,6
OVRPB,755,ok,6.8557742226,6
OVRPB,756,ok,5.8251785351,4
OVRPB,757,ok,7.0596429518,5
OVRPB,758,ok,6.3057485804,7
OVRPB,759,ok,6.4340321478,5
OVRPB,760,ok,6.0056279199,5
OVRPB,761,ok,6.6062093899,6
OVRPB,762,ok,7.0184054271,5
OVRPB,763,ok,6.9764295811,7
OVRPB,764,ok,6.8471773869,5
OVRPB,765,ok,6.8462448319,6
OVRPB,766,ok,5.8696083602,6
OVRPB,767,ok,6.5362764727,7
OVRPB,768,ok,6.8095663271,4
OVRPB,769,ok,6.8726758557,7
OVRPB,770,ok,6.5090096279,6
OVRPB,771,ok,6.7375467243,6
OVRPB,772,ok,7.0728150445,6
OVRPB,773,ok,6.3813415417,4
OVRPB,774,ok,6.8802968622,5
OVRPB,775,ok,6.6530894176,5
OVRPB,776,ok,6.9969007704,5
OVRPB,777,ok,6.0893058963,6
OVRPB,778,ok,7.0276738359,5
OVRPB,779,ok,7.6028687669,5
OVRPB,780,ok,6.1726233109,6
OVRPB,781,ok,6.5257486428,5
OVRPB,782,ok,6.9157454324,6
OVRPB,783,ok,6.7893927344,6
OVRPB,784,ok,6.8740329150,7
OVRPB,785,ok,5.9249505164,5
OVRPB,786,ok,7.1606097240,6
OVRPB,787,ok,5.7141169135,6
OVRPB,788,ok,6.1586989165,4
OVRPB,789,ok,6.8847679558,7
OVRPB,790,ok,6.7284049870,5
OVRPB,791,ok,6.0824134836,6
OVRPB,792,ok,6.9308726033,4
OVRPB,793,ok,6.7588703354,6
OVRPB,794,ok,6.4171225430,7
OVRPB,795,ok,6.4768532416,4
OVRPB,796,ok,6.5260125345,8
OVRPB,797,ok,6.5531509935,6
OVRPB,798,ok,6.5587972409,5
OVRPB,799,ok,6.3269919107,6
OVRPB,800,ok,6.1355854461,8
OVRPB,801,ok,6.5807843189,6
OVRPB,802,ok,7.2693514370,6
OVRPB,803,ok,6.6354697769,5
OVRPB,804,ok,5.9799495783,5
OVRPB,805,ok,5.8545256793,6
OVRPB,806,ok,6.8872362073,5
OVRPB,807,ok,6.6772431058,5
OVRPB,808,ok,6.5105325681,5
OVRPB,809,ok,7.1287908415,5
OVRPB,810,ok,5.8978370842,5
OVRPB,811,ok,6.9088060386,7
OVRPB,812,ok,5.1825618407,5
OVRPB,813,ok,5.9355424358,5
OVRPB,814,ok,6.1899020703,5
OVRPB,815,ok,6.0988245786,5
OVRPB,816,ok,6.8975074510,5
OVRPB,817,ok,7.1037216766,6
OVRPB,818,ok,7.1286213797,4
OVRPB,819,ok,6.0266502578,5
OVRPB,820,ok,6.3835241323,8
OVRPB,821,ok,6.3154271074,5
OVRPB,822,ok,5.6062611692,6
OVRPB,823,ok,7.2198739143,5
OVRPB,824,ok,6.9949636900,5
OVRPB,825,ok,7.0837911581,6
OVRPB,826,ok,6.5134768038,5
OVRPB,827,ok,7.1919689951,4
OVRPB,828,ok,7.0383348640,6
OVRPB,829,ok,6.2825695183,5
OVRPB,830,ok,6.7597351844,5
OVRPB,831,ok,6.3558691574,5
OVRPB,832,ok,7.3295081513,5
OVRPB,833,ok,6.2393077368,7
OVRPB,834,ok,5.8620826131,4
OVRPB,835,ok,6.4329548617,5
OVRPB,836,ok,6.0805499426,5
OVRPB,837,ok,7.5977517171,6
OVRPB,838,ok,7.7366278022,5
OVRPB,839,ok,6.3853709885,7
OVRPB,840,ok,6.2075616899,4
OVRPB,841,ok,7.1838372417,5
OVRPB,842,ok,6.1442690609,4
OVRPB,843,ok,6.3749030412,6
OVRPB,844,ok,6.4279471880,4
OVRPB,845,ok,6.5190512148,3
OVRPB,846,ok,6.0410810469,5
OVRPB,847,ok,6.6310117191,6
OVRPB,848,ok,6.6177136029,5
OVRPB,849,ok,5.8891175409,5
OVRPB,850,ok,5.8048461532,6
OVRPB,851,ok,6.0179615925,6
OVRPB,852,ok,6.5087176214,6
OVRPB,853,ok,6.6294463853,8
OVRPB,854,ok,6.1863982974,4
OVRPB,855,ok,6.5476737598,6
OVRPB,856,ok,6.5379041572,7
OVRPB,857,ok,6.4511884177,5
OVRPB,858,ok,6.1736454219,6
OVRPB,859,ok,5.9655094283,5
OVRPB,860,ok,7.6344381975,7
OVRPB,861,ok,6.3234796141,8
OVRPB,862,ok,6.4256334104,5
OVRPB,863,ok,6.1166095919,4
OVRPB,864,ok,6.4806161607,7
OVRPB,865,ok,7.1935813334,7
OVRPB,866,ok,6.8157530983,5
OVRPB,867,ok,6.5868242479,6
OVRPB,868,ok,6.4341620013,6
OVRPB,869,ok,6.8741248605,6
OVRPB,870,ok,6.8195892640,6
OVRPB,871,ok,6.0639673094,6
OVRPB,872,ok,7.0701146916,6
OVRPB,873,ok,6.4391991850,7
OVRPB,874,ok,6.7509598963,5
OVRPB,875,ok,6.4866117286,6
OVRPB,876,ok,7.6592306590,5
OVRPB,877,ok,7.0578567335,6
OVRPB,878,ok,6.7278322456,6
OVRPB,879,ok,6.7291313284,5
OVRPB,880,ok,7.0135377010,5
OVRPB,881,ok,6.1063383229,4
OVRPB,882,ok,5.6368296271,5
OVRPB,883,ok,6.5698870703,5
OVRPB,884,ok,7.2395147671,4
OVRPB,885,ok,6.9560670737,5
OVRPB,886,ok,6.1930190426,6
OVRPB,887,ok,6.4261799243,5
OVRPB,888,ok,5.8827545847,5
OVRPB,889,ok,5.7372978897,5
OVRPB,890,ok,6.0551489639,6
OVRPB,891,ok,6.8668284368,6
OVRPB,892,ok,7.7327853191,8
OVRPB,893,ok,6.7340028934,6
OVRPB,894,ok,6.3193796706,5
OVRPB,895,ok,6.3987451907,5
OVRPB,896,ok,6.1306886240,5
OVRPB,897,ok,6.7509869869,5
OVRPB,898,ok,5.7725210948,6
OVRPB,899,ok,6.3183200099,5
OVRPB,900,ok,6.0556718401,5
OVRPB,901,ok,6.1516853892,7
OVRPB,902,ok,6.2070823589,5
OVRPB,903,ok,5.9217400169,5
OVRPB,904,ok,6.3746367277,6
OVRPB,905,ok,6.7244333526,8
OVRPB,906,ok,6.0493792924,6
OVRPB,907,ok,7.9532816097,6
OVRPB,908,ok,6.4959455333,4
OVRPB,909,ok,5.9942879723,5
OVRPB,910,ok,6.5706939064,5
OVRPB,911,ok,6.5935525725,5
OVRPB,912,ok,6.3409514311,6
OVRPB,913,ok,6.7653928114,5
OVRPB,914,ok,6.0874285734,6
OVRPB,915,ok,5.4446833228,4
OVRPB,916,ok,6.6933400759,6
OVRPB,917,ok,5.9619731332,7
OVRPB,918,ok,6.0860793371,6
OVRPB,919,ok,6.1521864701,6
OVRPB,920,ok,6.1896834515,4
OVRPB,921,ok,6.0160091898,6
OVRPB,922,ok,6.2033739497,4
OVRPB,923,ok,6.6693418660,5
OVRPB,924,ok,7.3507483801,5
OVRPB,925,ok,5.9411884712,5
OVRPB,926,ok,6.3045583578,7
OVRPB,927,ok,5.6788646433,4
OVRPB,928,ok,6.4591425418,4
OVRPB,929,ok,6.3336280079,5
OVRPB,930,ok,6.5611930308,7
OVRPB,931,ok,6.5763416949,8
OVRPB,932,ok,5.7430364636,5
OVRPB,933,ok,7.0642350800,5
OVRPB,934,ok,6.1825641314,5
OVRPB,935,ok,6.6603056752,5
OVRPB,936,ok,6.0738775427,7
OVRPB,937,ok,6.5028933613,7
OVRPB,938,ok,5.8298946880,6
OVRPB,939,ok,6.3812879952,6
OVRPB,940,ok,7.0880853915,6
OVRPB,941,ok,5.8524414197,4
OVRPB,942,ok,6.9377173774,5
OVRPB,943,ok,4.9122552686,5
OVRPB,944,ok,6.0078732101,5
OVRPB,945,ok,5.8657697052,4
OVRPB,946,ok,7.1682379252,5
OVRPB,947,ok,5.8686504483,5
OVRPB,948,ok,5.8768337585,4
OVRPB,949,ok,6.4959344541,5
OVRPB,950,ok,5.7927842931,6
OVRPB,951,ok,7.0178117994,5
OVRPB,952,ok,5.8667381684,5
OVRPB,953,ok,7.1469782289,5
OVRPB,954,ok,6.2836389838,5
OVRPB,955,ok,6.8577859422,5
OVRPB,956,ok,7.2659737073,5
OVRPB,957,ok,6.9301956662,6
OVRPB,958,ok,6.8035423201,6
OVRPB,959,ok,6.1582513292,6
OVRPB,960,ok,6.4147696284,6
OVRPB,961,ok,5.7740364335,5
OVRPB,962,ok,7.8491410611,5
OVRPB,963,ok,6.7039878909,6
OVRPB,964,ok,5.4221254611,6
OVRPB,965,ok,6.2802454591,6
OVRPB,966,ok,7.1470972132,4
OVRPB,967,ok,6.2622125007,7
OVRPB,968,ok,6.4285669654,6
OVRPB,969,ok,6.7656277870,7
OVRPB,970,ok,6.5166730941,6
OVRPB,971,ok,5.7444160033,5
OVRPB,972,ok,6.0028287020,4
OVRPB,973,ok,6.5796706881,7
OVRPB,974,ok,7.1199918916,7
OVRPB,975,ok,6.4654151078,6
OVRPB,976,ok,6.5616755576,6
OVRPB,977,ok,6.9627700143,5
OVRPB,978,ok,6.5992067282,7
OVRPB,979,ok,6.4428604146,6
OVRPB,980,ok,7.4512100089,4
OVRPB,981,ok,6.0940958252,5
OVRPB,982,ok,5.6375020817,5
OVRPB,983,ok,6.2197046426,7
OVRPB,984,ok,6.2969100259,5
OVRPB,985,ok,7.6412374868,5
OVRPB,986,ok,6.0313383599,6
OVRPB,987,ok,6.4886865655,6
OVRPB,988,ok,6.8020002408,6
OVRPB,989,ok,6.1037675653,7
OVRPB,990,ok,6.2183347823,7
OVRPB,991,ok,6.4755118096,7
OVRPB,992,ok,7.7923651984,5
OVRPB,993,ok,6.2947958087,6
OVRPB,994,ok,7.0143165056,7
OVRPB,995,ok,7.4087116681,4
OVRPB,996,ok,6.2626593640,4
OVRPB,997,ok,6.2144371242,6
OVRPB,998,ok,7.3977788634,5
OVRPB,999,ok,6.5852559560,6
OVRPL,0,ok,7.9978111010,9
OVRPL,1,ok,8.3092894334,9
OVRPL,2,ok,6.5152696668,8
OVRPL,3,ok,6.7248706599,10
OVRPL,4,ok,8.1301421455,8
OVRPL,5,ok,6.3100249466,7
OVRPL,6,ok,7.4687484997,8
OVRPL,7,ok,6.9029673373,9
OVRPL,8,ok,7.5353825029,10
OVRPL,9,ok,6.7627609782,8
OVRPL,10,ok,7.3121127098,7
OVRPL,11,ok,6.5387085715,9
OVRPL,12,ok,6.8055956808,9
OVRPL,13,ok,6.4944038135,8
OVRPL,14,ok,6.7131800376,9
OVRPL,15,ok,6.2805498186,9
OVRPL,16,ok,6.5980099008,7
OVRPL,17,ok,8.2323782767,8
OVRPL,18,ok,7.0078457926,7
OVRPL,19,ok,8.1955708746,10
OVRPL,20,ok,8.1581244514,8
OVRPL,21,ok,7.9079830635,8
OVRPL,22,ok,8.4289765214,8
OVRPL,23,ok,8.1029608662,9
OVRPL,24,ok,7.2169733321,7
OVRPL,25,ok,6.7377546878,8
OVRPL,26,ok,7.1462974751,10
OVRPL,27,ok,6.6684140220,9
OVRPL,28,ok,7.6251699421,8
OVRPL,29,ok,6.4917822341,8
OVRPL,30,ok,6.5524849438,9
OVRPL,31,ok,7.2275218545,9
OVRPL,32,ok,9.0804347353,8
OVRPL,33,ok,8.2445288087,9
OVRPL,34,ok,7.3409336133,10
OVRPL,35,ok,7.6722238588,8
OVRPL,36,ok,6.6687343696,7
OVRPL,37,ok,9.0334801782,8
OVRPL,38,ok,8.0885042312,10
OVRPL,39,ok,6.9261136089,8
OVRPL,40,ok,6.9278794643,9
OVRPL,41,ok,7.1639111585,7
OVRPL,42,ok,7.0770544756,11
OVRPL,43,ok,7.9081446747,7
OVRPL,44,ok,6.4089815076,9
OVRPL,45,ok,8.6590692379,9
OVRPL,46,ok,7.9996008494,9
OVRPL,47,ok,7.4985587330,9
OVRPL,48,ok,7.4001303336,8
OVRPL,49,ok,6.5179355649,8
OVRPL,50,ok,6.7430323113,9
OVRPL,51,ok,8.0056936720,9
OVRPL,52,ok,6.1574287728,8
OVRPL,53,ok,6.6547257183,10
OVRPL,54,ok,7.8863505641,10
OVRPL,55,ok,6.5687145847,8
OVRPL,56,ok,6.8541249005,9
OVRPL,57,ok,8.1361874368,8
OVRPL,58,ok,7.3079595143,8
OVRPL,59,ok,7.2241397652,8
OVRPL,60,ok,7.6098035418,8
OVRPL,61,ok,6.4763381039,9
OVRPL,62,ok,7.9676706834,9
OVRPL,63,ok,6.5682747294,9
OVRPL,64,ok,7.2705459755,8
OVRPL,65,ok,7.7954039035,9
OVRPL,66,ok,7.8951551803,8
OVRPL,67,ok,6.7697390088,7
OVRPL,68,ok,7.0619424301,7
OVRPL,69,ok,6.7702381191,8
OVRPL,70,ok,7.0982870134,9
OVRPL,71,ok,7.0460715191,8
OVRPL,72,ok,6.2835599980,9
OVRPL,73,ok,7.6551079644,7
OVRPL,74,ok,6.8915653863,9
OVRPL,75,ok,7.6446553114,8
OVRPL,76,ok,6.6269922976,7
OVRPL,77,ok,5.9220522475,9
OVRPL,78,ok,8.3291928734,7
OVRPL,79,ok,8.1737069743,7
OVRPL,80,ok,8.1236850896,8
OVRPL,81,ok,6.4663868552,7
OVRPL,82,ok,7.5952165859,7
OVRPL,83,ok,7.1547087862,8
OVRPL,84,ok,6.7508745933,8
OVRPL,85,ok,7.1556305106,9
OVRPL,86,ok,6.4181776999,8
OVRPL,87,ok,6.6492051378,8
OVRPL,88,ok,6.3040902838,8
OVRPL,89,ok,6.6212452023,8
OVRPL,90,ok,8.1884299552,7
OVRPL,91,ok,7.0611766764,8
OVRPL,92,ok,7.0842197936,9
OVRPL,93,ok,7.2090825737,9
OVRPL,94,ok,6.4019445073,10
OVRPL,95,ok,6.9227100891,10
OVRPL,96,ok,8.1718442555,8
OVRPL,97,ok,6.9854351914,10
OVRPL,98,ok,8.2273028601,8
OVRPL,99,ok,8.0337514618,7
OVRPL,100,ok,7.2700447380,8
OVRPL,101,ok,7.2786984444,10
OVRPL,102,ok,7.2862882047,9
OVRPL,103,ok,6.2424019872,7
OVRPL,104,ok,8.7307475604,9
OVRPL,105,ok,8.1121172653,8
OVRPL,106,ok,6.9486359091,8
OVRPL,107,ok,5.9616863590,9
OVRPL,108,ok,7.8511247308,8
OVRPL,109,ok,7.4192980667,9
OVRPL,110,ok,6.0053371368,7
OVRPL,111,ok,7.5103316880,9
OVRPL,112,ok,6.1776269299,8
OVRPL,113,ok,6.2522724723,7
OVRPL,114,ok,6.6948472416,10
OVRPL,115,ok,7.0600358299,10
OVRPL,116,ok,8.3739212636,8
OVRPL,117,ok,6.3822777631,8
OVRPL,118,ok,7.4209734967,8
OVRPL,119,ok,6.9883949188,8
OVRPL,120,ok,7.7507315402,9
OVRPL,121,ok,6.7922986935,8
OVRPL,122,ok,7.9885551541,8
OVRPL,123,ok,7.5285248008,9
OVRPL,124,ok,6.8222530913,9
OVRPL,125,ok,7.8879420968,10
OVRPL,126,ok,6.8732220865,9
OVRPL,127,ok,6.6843048543,8
OVRPL,128,ok,6.0459452281,8
OVRPL,129,ok,6.5475516866,8
OVRPL,130,ok,7.2585611208,8
OVRPL,131,ok,8.2478492596,10
OVRPL,132,ok,6.3119503353,7
OVRPL,133,ok,7.2805403971,9
OVRPL,134,ok,7.7149410459,7
OVRPL,135,ok,6.8297129132,9
OVRPL,136,ok,8.0648349984,8
OVRPL,137,ok,7.3160087954,9
OVRPL,138,ok,7.5408161552,9
OVRPL,139,ok,7.1715699846,10
OVRPL,140,ok,8.7639914197,7
OVRPL,141,ok,7.2435978445,8
OVRPL,142,ok,8.1081983727,11
OVRPL,143,ok,7.8718877846,8
OVRPL,144,ok,9.0924213301,9
OVRPL,145,ok,6.9367526054,8
OVRPL,146,ok,8.0025722308,8
OVRPL,147,ok,6.2803376224,9
OVRPL,148,ok,7.4434378655,8
OVRPL,149,ok,6.6093192316,8
OVRPL,150,ok,6.8856916084,10
OVRPL,151,ok,7.3329148494,8
OVRPL,152,ok,7.9251147840,9
OVRPL,153,ok,7.1056796110,8
OVRPL,154,ok,6.7042604447,7
OVRPL,155,ok,6.0556283954,10
OVRPL,156,ok,6.6047379295,9
OVRPL,157,ok,7.0049258141,9
OVRPL,158,ok,6.9420822329,8
OVRPL,159,ok,7.2983323988,10
OVRPL,160,ok,7.2865111873,9
OVRPL,161,ok,7.2341455760,10
OVRPL,162,ok,8.0367500822,8
OVRPL,163,ok,6.7157241630,9
OVRPL,164,ok,6.5435704512,9
OVRPL,165,ok,6.3625709346,8
OVRPL,166,ok,7.2175224109,8
OVRPL,167,ok,7.8002396561,10
OVRPL,168,ok,7.7708719655,8
OVRPL,169,ok,7.7654288992,8
OVRPL,170,ok,6.2144453616,8
OVRPL,171,ok,7.1301983191,8
OVRPL,172,ok,7.2809887382,9
OVRPL,173,ok,7.7160066515,7
OVRPL,174,ok,6.5673935731,9
OVRPL,175,ok,7.7882571154,9
OVRPL,176,ok,8.1699256873,8
OVRPL,177,ok,8.0333058919,9
OVRPL,178,ok,7.3443350096,9
OVRPL,179,ok,7.2155263438,8
OVRPL,180,ok,6.8992089293,8
OVRPL,181,ok,6.7947312208,8
OVRPL,182,ok,6.7380579459,8
OVRPL,183,ok,8.2289033375,8
OVRPL,184,ok,6.3831842247,9
OVRPL,185,ok,8.1653919734,8
OVRPL,186,ok,7.0914156604,8
OVRPL,187,ok,6.9414510883,9
OVRPL,188,ok,6.4396310935,8
OVRPL,189,ok,6.0103604770,8
OVRPL,190,ok,6.6910365460,9
OVRPL,191,ok,6.2829455617,9
OVRPL,192,ok,7.5987726759,9
OVRPL,193,ok,6.6114123424,9
OVRPL,194,ok,6.0898974506,9
OVRPL,195,ok,6.5227240872,10
OVRPL,196,ok,7.1789034059,10
OVRPL,197,ok,7.3093193389,11
OVRPL,198,ok,6.7941722880,8
OVRPL,199,ok,8.8761109902,10
OVRPL,200,ok,7.4920240439,9
OVRPL,201,ok,7.1544359886,7
OVRPL,202,ok,7.5212921488,7
OVRPL,203,ok,8.0317596922,8
OVRPL,204,ok,7.8879040422,10
OVRPL,205,ok,7.3996049102,7
OVRPL,206,ok,7.3063338316,9
OVRPL,207,ok,9.0624200080,8
OVRPL,208,ok,7.1043588994,9
OVRPL,209,ok,7.0452017377,10
OVRPL,210,ok,7.4025469487,7
OVRPL,211,ok,6.4250561261,8
OVRPL,212,ok,8.2166818343,8
OVRPL,213,ok,8.0096091560,8
OVRPL,214,ok,6.7254027132,9
OVRPL,215,ok,6.6371227491,8
OVRPL,216,ok,6.7232801818,8
OVRPL,217,ok,8.1677194647,8
OVRPL,218,ok,7.8783537960,9
OVRPL,219,ok,6.0282442921,8
OVRPL,220,ok,6.1962694573,10
OVRPL,221,ok,7.5609092798,8
OVRPL,222,ok,7.0951194439,8
OVRPL,223,ok,6.8107470345,9
OVRPL,224,ok,7.5747054496,9
OVRPL,225,ok,7.9618895760,7
OVRPL,226,ok,7.4032913458,10
OVRPL,227,ok,6.4820041342,10
OVRPL,228,ok,7.4265147464,7
OVRPL,229,ok,7.7064321721,8
OVRPL,230,ok,7.1259741173,8
OVRPL,231,ok,7.0437973348,8
OVRPL,232,ok,6.7583738193,9
OVRPL,233,ok,8.7735461793,7
OVRPL,234,ok,5.8978668172,7
OVRPL,235,ok,6.7729888118,8
OVRPL,236,ok,7.1388399171,8
OVRPL,237,ok,8.6092273773,8
OVRPL,238,ok,8.2322142413,8
OVRPL,239,ok,7.2183274531,7
OVRPL,240,ok,8.1368212975,9
OVRPL,241,ok,6.3317699375,8
OVRPL,242,ok,7.1432700742,8
OVRPL,243,ok,7.2834247681,9
OVRPL,244,ok,7.9822661228,9
OVRPL,245,ok,7.2445500063,7
OVRPL,246,ok,6.9408286274,9
OVRPL,247,ok,7.2800541283,8
OVRPL,248,ok,7.8774119728,8
OVRPL,249,ok,7.2686933049,9
OVRPL,250,ok,7.3892482712,8
OVRPL,251,ok,7.0340948576,9
OVRPL,252,ok,6.7736481677,9
OVRPL,253,ok,7.7190430452,9
OVRPL,254,ok,6.2480239320,7
OVRPL,255,ok,8.4454656460,8
OVRPL,256,ok,7.1043105966,9
OVRPL,257,ok,7.9364223281,11
OVRPL,258,ok,7.6596646983,11
OVRPL,259,ok,8.1668377842,7
OVRPL,260,ok,7.2071616630,9
OVRPL,261,ok,7.2675190310,8
OVRPL,262,ok,7.4845321064,9
OVRPL,263,ok,7.0964163730,9
OVRPL,264,ok,8.3019492708,8
OVRPL,265,ok,7.2883616601,8
OVRPL,266,ok,7.1365899717,8
OVRPL,267,ok,7.2230900871,9
OVRPL,268,ok,6.8259246079,7
OVRPL,269,ok,6.8421471639,10
OVRPL,270,ok,7.0315206032,11
OVRPL,271,ok,6.6510069334,8
OVRPL,272,ok,7.7672689536,9
OVRPL,273,ok,8.2416901319,8
OVRPL,274,ok,7.8097229359,10
OVRPL,275,ok,7.2747442664,9
OVRPL,276,ok,6.2284806082,8
OVRPL,277,ok,9.1168062309,8
OVRPL,278,ok,7.9410977378,7
OVRPL,279,ok,6.1406426302,8
OVRPL,280,ok,7.0818399023,8
OVRPL,281,ok,7.4914664085,7
OVRPL,282,ok,7.3489963688,10
OVRPL,283,ok,6.5390763874,7
OVRPL,284,ok,6.7356149203,8
OVRPL,285,ok,7.2482662503,11
OVRPL,286,ok,8.2599863583,9
OVRPL,287,ok,6.2660150918,7
OVRPL,288,ok,7.1450765988,8
OVRPL,289,ok,8.2802277392,8
OVRPL,290,ok,8.3863981103,8
OVRPL,291,ok,7.5341405427,9
OVRPL,292,ok,8.3697818248,8
OVRPL,293,ok,8.0836258019,9
OVRPL,294,ok,7.5127633233,11
OVRPL,295,ok,7.3302038110,6
OVRPL,296,ok,6.6039691534,9
OVRPL,297,ok,6.6944943557,9
OVRPL,298,ok,6.8943973996,9
OVRPL,299,ok,6.9025612432,7
OVRPL,300,ok,6.5413711995,9
OVRPL,301,ok,6.6302160533,7
OVRPL,302,ok,7.3723145422,7
OVRPL,303,ok,6.6312731392,10
OVRPL,304,ok,8.0387194386,7
OVRPL,305,ok,8.0849876554,8
OVRPL,306,ok,8.0552023184,8
OVRPL,307,ok,7.2185510977,8
OVRPL,308,ok,6.1558879390,10
OVRPL,309,ok,7.6023298958,9
OVRPL,310,ok,6.7367116589,8
OVRPL,311,ok,7.0490199549,8
OVRPL,312,ok,6.6186078289,9
OVRPL,313,ok,7.5711951530,8
OVRPL,314,ok,6.9425574163,8
OVRPL,315,ok,7.9270718317,9
OVRPL,316,ok,7.0429225174,10
OVRPL,317,ok,7.3832379279,7
OVRPL,318,ok,6.3958946828,7
OVRPL,319,ok,7.6823775061,9
OVRPL,320,ok,7.8805452584,8
OVRPL,321,ok,6.5806754891,9
OVRPL,322,ok,6.9393384185,7
OVRPL,323,ok,6.2727649678,8
OVRPL,324,ok,8.0109557160,9
OVRPL,325,ok,6.4320102457,8
OVRPL,326,ok,8.8305994223,8
OVRPL,327,ok,7.1877028722,8
OVRPL,328,ok,7.3604147970,9
OVRPL,329,ok,8.0300259569,8
OVRPL,330,ok,7.5634784953,9
OVRPL,331,ok,8.2795419433,8
OVRPL,332,ok,7.9594526815,8
OVRPL,333,ok,7.5915376697,8
OVRPL,334,ok,7.2063977589,8
OVRPL,335,ok,6.7720096059,9
OVRPL,336,ok,6.3859738664,8
OVRPL,337,ok,8.1905156032,9
OVRPL,338,ok,6.8052398978,7
OVRPL,339,ok,6.4587835509,8
OVRPL,340,ok,7.1492321647,8
OVRPL,341,ok,8.0166209330,9
OVRPL,342,ok,6.5295382114,9
OVRPL,343,ok,8.1313428814,9
OVRPL,344,ok,6.8382496119,9
OVRPL,345,ok,7.1755002747,9
OVRPL,346,ok,8.9537072188,7
OVRPL,347,ok,7.1604630499,9
OVRPL,348,ok,6.4111311794,8
OVRPL,349,ok,6.8193421932,9
OVRPL,350,ok,6.5612467011,9
OVRPL,351,ok,8.1892828933,9
OVRPL,352,ok,6.6143388800,10
OVRPL,353,ok,8.7033732896,8
OVRPL,354,ok,8.3192935724,8
OVRPL,355,ok,7.1339772891,7
OVRPL,356,ok,6.2421957899,7
OVRPL,357,ok,7.0465661692,9
OVRPL,358,ok,7.3755320392,9
OVRPL,359,ok,6.2972164933,9
OVRPL,360,ok,6.1969520341,8
OVRPL,361,ok,6.9209760182,7
OVRPL,362,ok,7.4703628529,8
OVRPL,363,ok,6.3072979024,9
OVRPL,364,ok,7.7103373431,9
OVRPL,365,ok,7.2523682118,9
OVRPL,366,ok,6.8027419343,8
OVRPL,367,ok,7.5374150676,8
OVRPL,368,ok,6.9723734489,9
OVRPL,369,ok,8.2347421395,9
OVRPL,370,ok,6.8779453663,9
OVRPL,371,ok,7.1962694572,10
OVRPL,372,ok,7.2811510004,10
OVRPL,373,ok,6.4835244800,8
OVRPL,374,ok,7.3269302883,9
OVRPL,375,ok,6.9399301733,8
OVRPL,376,ok,5.8003544442,7
OVRPL,377,ok,9.4271594170,8
OVRPL,378,ok,8.4288883655,9
OVRPL,379,ok,6.6476723308,10
OVRPL,380,ok,6.3785252239,9
OVRPL,381,ok,6.3471250334,9
OVRPL,382,ok,8.2088807978,9
OVRPL,383,ok,7.7914993100,8
OVRPL,384,ok,7.2104927822,9
OVRPL,385,ok,7.6105317422,9
OVRPL,386,ok,6.9108568679,9
OVRPL,387,ok,7.7715525389,8
OVRPL,388,ok,7.8127235474,9
OVRPL,389,ok,8.0623664806,7
OVRPL,390,ok,8.1638588344,8
OVRPL,391,ok,6.6970095696,8
OVRPL,392,ok,6.7361326426,8
OVRPL,393,ok,7.5655060181,9
OVRPL,394,ok,6.7116798993,9
OVRPL,395,ok,7.0980633241,9
OVRPL,396,ok,8.4079370985,12
OVRPL,397,ok,7.8866352666,9
OVRPL,398,ok,8.4165903505,8
OVRPL,399,ok,6.5913263015,7
OVRPL,400,ok,8.0207986572,7
OVRPL,401,ok,7.5953031776,7
OVRPL,402,ok,7.0595341689,9
OVRPL,403,ok,8.7084766233,8
OVRPL,404,ok,7.5737156448,10
OVRPL,405,ok,7.2427977396,9
OVRPL,406,ok,7.5063513318,8
OVRPL,407,ok,7.6405882885,8
OVRPL,408,ok,6.6741521786,11
OVRPL,409,ok,6.0395446686,6
OVRPL,410,ok,7.6706009909,8
OVRPL,411,ok,7.2149586914,10
OVRPL,412,ok,8.2232243525,7
OVRPL,413,ok,7.5229188856,8
OVRPL,414,ok,8.1945019404,8
OVRPL,415,ok,6.1809361181,8
OVRPL,416,ok,6.6582548517,10
OVRPL,417,ok,6.0077174092,7
OVRPL,418,ok,8.5683243576,9
OVRPL,419,ok,7.2702846644,9
OVRPL,420,ok,6.9339371189,9
OVRPL,421,ok,7.5045008277,9
OVRPL,422,ok,6.8078993534,8
OVRPL,423,ok,7.9033945916,8
OVRPL,424,ok,7.7241636681,9
OVRPL,425,ok,6.7643567356,7
OVRPL,426,ok,6.5519210132,9
OVRPL,427,ok,7.1754258247,9
OVRPL,428,ok,7.7399447546,8
OVRPL,429,ok,7.4424263523,8
OVRPL,430,ok,7.5391858146,7
OVRPL,431,ok,7.7660421663,8
OVRPL,432,ok,7.5051644013,8
OVRPL,433,ok,7.3315972324,9
OVRPL,434,ok,6.8835576800,7
OVRPL,435,ok,6.6613366184,9
OVRPL,436,ok,6.7776396493,10
OVRPL,437,ok,6.5860262997,9
OVRPL,438,ok,7.4348738783,8
OVRPL,439,ok,7.8057643544,9
OVRPL,440,ok,7.3696001775,7
OVRPL,441,ok,5.9823623488,10
OVRPL,442,ok,8.3223410063,9
OVRPL,443,ok,6.7873381113,9
OVRPL,444,ok,7.8938155735,9
OVRPL,445,ok,8.5421534227,9
OVRPL,446,ok,7.0762086608,8
OVRPL,447,ok,8.2543777401,8
OVRPL,448,ok,7.2043374314,8
OVRPL,449,ok,7.1026032545,9
OVRPL,450,ok,7.1967353375,9
OVRPL,451,ok,6.9204856540,8
OVRPL,452,ok,7.4992977648,11
OVRPL,453,ok,7.7392269325,9
OVRPL,454,ok,7.3224072933,11
OVRPL,455,ok,7.9931398219,9
OVRPL,456,ok,6.0434336979,8
OVRPL,457,ok,8.5015843149,8
OVRPL,458,ok,6.5889839508,8
OVRPL,459,ok,6.3764538931,9
OVRPL,460,ok,6.2145852818,11
OVRPL,461,ok,8.1057865907,7
OVRPL,462,ok,7.5919099520,8
OVRPL,463,ok,8.6853385448,8
OVRPL,464,ok,8.6940405778,9
OVRPL,465,ok,6.7695124359,7
OVRPL,466,ok,7.7665324476,8
OVRPL,467,ok,6.6678189648,9
OVRPL,468,ok,7.8548436152,11
OVRPL,469,ok,6.3298980543,8
OVRPL,470,ok,6.7434929209,9
OVRPL,471,ok,6.1052602763,9
OVRPL,472,ok,7.8295463458,9
OVRPL,473,ok,6.7377192252,9
OVRPL,474,ok,6.5122809312,8
OVRPL,475,ok,8.3605914936,8
OVRPL,476,ok,6.8712279824,8
OVRPL,477,ok,7.7114766323,7
OVRPL,478,ok,6.2316081413,9
OVRPL,479,ok,6.8504257067,7
OVRPL,480,ok,6.7187441682,8
OVRPL,481,ok,6.3672887063,10
OVRPL,482,ok,6.4726976696,9
OVRPL,483,ok,7.3020463564,9
OVRPL,484,ok,8.4913513225,9
OVRPL,485,ok,8.6687551747,9
OVRPL,486,ok,6.8795882291,9
OVRPL,487,ok,7.0768282466,10
OVRPL,488,ok,7.5528471260,9
OVRPL,489,ok,7.3322426938,8
OVRPL,490,ok,7.2420060376,9
OVRPL,491,ok,7.3184408475,11
OVRPL,492,ok,6.2382877049,8
OVRPL,493,ok,7.8249256468,10
OVRPL,494,ok,6.7560643797,10
OVRPL,495,ok,7.2339180753,7
OVRPL,496,ok,7.4114868871,9
OVRPL,497,ok,7.8695906082,9
OVRPL,498,ok,7.2409036780,10
OVRPL,499,ok,7.6780305252,8
OVRPL,500,ok,7.0912870687,8
OVRPL,501,ok,7.7253902940,9
OVRPL,502,ok,8.9430282032,8
OVRPL,503,ok,7.5539948320,10
OVRPL,504,ok,6.7327743453,8
OVRPL,505,ok,6.6591119738,9
OVRPL,506,ok,7.3533171716,9
OVRPL,507,ok,7.9007832682,7
OVRPL,508,ok,7.6481394484,8
OVRPL,509,ok,8.3227794015,9
OVRPL,510,ok,7.4472330615,7
OVRPL,511,ok,7.7147374430,9
OVRPL,512,ok,6.9194730365,8
OVRPL,513,ok,6.7757501926,9
OVRPL,514,ok,6.3795251469,9
OVRPL,515,ok,6.3504778384,9
OVRPL,516,ok,6.1616682577,9
OVRPL,517,ok,5.6562584848,6
OVRPL,518,ok,5.7034258975,7
OVRPL,519,ok,7.5207291007,7
OVRPL,520,ok,7.4361335499,8
OVRPL,521,ok,7.0469406087,8
OVRPL,522,ok,6.2371565306,8
OVRPL,523,ok,8.0751352736,9
OVRPL,524,ok,7.6211642217,8
OVRPL,525,ok,6.8465024975,7
OVRPL,526,ok,7.1981802597,8
OVRPL,527,ok,6.4091774416,8
OVRPL,528,ok,7.7167022996,7
OVRPL,529,ok,7.1610151354,9
OVRPL,530,ok,5.8397211002,7
OVRPL,531,ok,7.9724395556,7
OVRPL,532,ok,6.1984267404,9
OVRPL,533,ok,6.2577873555,9
OVRPL,534,ok,7.5811550648,7
OVRPL,535,ok,6.3835669548,8
OVRPL,536,ok,6.4542779799,9
OVRPL,537,ok,7.2450543864,7
OVRPL,538,ok,7.5469789257,10
OVRPL,539,ok,8.3269737934,7
OVRPL,540,ok,7.2151996132,10
OVRPL,541,ok,6.4633249963,8
OVRPL,542,ok,6.5817389298,9
OVRPL,543,ok,7.6731421186,8
OVRPL,544,ok,7.7565645893,9
OVRPL,545,ok,9.4233757449,9
OVRPL,546,ok,8.4359402854,9
OVRPL,547,ok,6.9510566980,10
OVRPL,548,ok,7.6586587968,9
OVRPL,549,ok,6.7950994357,8
OVRPL,550,ok,7.4515123783,10
OVRPL,551,ok,6.3170761076,8
OVRPL,552,ok,7.3705342533,12
OVRPL,553,ok,6.9433199359,9
OVRPL,554,ok,7.6487132145,8
OVRPL,555,ok,6.4255276396,7
OVRPL,556,ok,7.3344775214,8
OVRPL,557,ok,6.3514929284,10
OVRPL,558,ok,6.5237275848,7
OVRPL,559,ok,6.9937411828,8
OVRPL,560,ok,7.4510416971,11
OVRPL,561,ok,8.4751674266,8
OVRPL,562,ok,7.2088401767,8
OVRPL,563,ok,6.9374912253,9
OVRPL,564,ok,7.4668096381,10
OVRPL,565,ok,7.3582841981,9
OVRPL,566,ok,6.2724193890,10
OVRPL,567,ok,7.4094504558,9
OVRPL,568,ok,7.2147304412,9
OVRPL,569,ok,8.0257177492,9
OVRPL,570,ok,6.9582318786,10
OVRPL,571,ok,6.8297941331,8
OVRPL,572,ok,6.9367693473,8
OVRPL,573,ok,7.3719364480,9
OVRPL,574,ok,6.8479278856,8
OVRPL,575,ok,6.8737870129,10
OVRPL,576,ok,7.8645897792,8
OVRPL,577,ok,6.4240532491,8
OVRPL,578,ok,7.3414456206,10
OVRPL,579,ok,6.8202835489,7
OVRPL,580,ok,8.6179827629,8
OVRPL,581,ok,6.4279274676,9
OVRPL,582,ok,6.6812930581,7
OVRPL,583,ok,6.4840886157,8
OVRPL,584,ok,8.5030187802,8
OVRPL,585,ok,7.7842885218,8
OVRPL,586,ok,6.3939016039,8
OVRPL,587,ok,8.9400013208,8
OVRPL,588,ok,7.0930694734,9
OVRPL,589,ok,7.4299560013,8
OVRPL,590,ok,6.4563879415,9
OVRPL,591,ok,6.3972044473,10
OVRPL,592,ok,7.1028763184,10
OVRPL,593,ok,7.8015649877,8
OVRPL,594,ok,7.0246104622,10
OVRPL,595,ok,7.8396316022,7
OVRPL,596,ok,5.7424651566,8
OVRPL,597,ok,7.5632374013,9
OVRPL,598,ok,6.6434153263,9
OVRPL,599,ok,7.2695610628,9
OVRPL,600,ok,6.6609183470,7
OVRPL,601,ok,8.0769001398,9
OVRPL,602,ok,8.5304778159,9
OVRPL,603,ok,6.9476468633,9
OVRPL,604,ok,7.0297116740,8
OVRPL,605,ok,7.3492217593,8
OVRPL,606,ok,5.8169016665,10
OVRPL,607,ok,6.6366147903,10
OVRPL,608,ok,7.1661526140,8
OVRPL,609,ok,8.8852548737,8
OVRPL,610,ok,6.9033516499,7
OVRPL,611,ok,7.3113639858,8
OVRPL,612,ok,7.2426173791,9
OVRPL,613,ok,6.6444159061,10
OVRPL,614,ok,6.7741479048,9
OVRPL,615,ok,6.1077284975,9
OVRPL,616,ok,6.7751124754,8
OVRPL,617,ok,8.3324661513,10
OVRPL,618,ok,6.6511633540,8
OVRPL,619,ok,7.2464156341,9
OVRPL,620,ok,6.2974000384,8
OVRPL,621,ok,6.5570973474,9
OVRPL,622,ok,7.7508885575,12
OVRPL,623,ok,7.1229289068,9
OVRPL,624,ok,7.2076102115,8
OVRPL,625,ok,8.0317389240,8
OVRPL,626,ok,6.0742320914,8
OVRPL,627,ok,6.3950950208,8
OVRPL,628,ok,6.9064930518,9
OVRPL,629,ok,6.7367762041,9
OVRPL,630,ok,6.9989851113,8
OVRPL,631,ok,6.6124140105,8
OVRPL,632,ok,7.8571740788,8
OVRPL,633,ok,8.9333084544,10
OVRPL,634,ok,7.1820051036,9
OVRPL,635,ok,9.1707101901,7
OVRPL,636,ok,7.6590895523,8
OVRPL,637,ok,6.8449629136,8
OVRPL,638,ok,7.1714085055,9
OVRPL,639,ok,6.9984962406,9
OVRPL,640,ok,6.4820580037,7
OVRPL,641,ok,7.0987583666,10
OVRPL,642,ok,7.8910085262,6
OVRPL,643,ok,6.1522384394,9
OVRPL,644,ok,7.2044435051,9
OVRPL,645,ok,7.5939261448,10
OVRPL,646,ok,6.6150363273,9
OVRPL,647,ok,6.7414021418,7
OVRPL,648,ok,6.7843958934,10
OVRPL,649,ok,7.2164103692,8
OVRPL,650,ok,6.5111446922,9
OVRPL,651,ok,7.0120417294,9
OVRPL,652,ok,6.9120150708,8
OVRPL,653,ok,7.0658972635,10
OVRPL,654,ok,7.1944281033,9
OVRPL,655,ok,7.0657459893,7
OVRPL,656,ok,6.0741340085,7
OVRPL,657,ok,7.1669560417,12
OVRPL,658,ok,6.9750450808,9
OVRPL,659,ok,7.9959892671,8
OVRPL,660,ok,7.5329394807,8
OVRPL,661,ok,6.9855884572,8
OVRPL,662,ok,7.5279054633,8
OVRPL,663,ok,6.4705262674,8
OVRPL,664,ok,9.4514527745,8
OVRPL,665,ok,6.4896905749,8
OVRPL,666,ok,6.6514101613,9
OVRPL,667,ok,6.4134787072,9
OVRPL,668,ok,7.3335309665,7
OVRPL,669,ok,6.9232473378,9
OVRPL,670,ok,7.4039511514,9
OVRPL,671,ok,7.6900226731,9
OVRPL,672,ok,7.5796533128,8
OVRPL,673,ok,7.5517762456,9
OVRPL,674,ok,7.3945567539,8
OVRPL,675,ok,7.4804076111,8
OVRPL,676,ok,6.8732722929,7
OVRPL,677,ok,6.7118741208,10
OVRPL,678,ok,6.5477946179,8
OVRPL,679,ok,7.7896609717,8
OVRPL,680,ok,6.9688217165,8
OVRPL,681,ok,6.0099170020,9
OVRPL,682,ok,7.7073628628,9
OVRPL,683,ok,7.0336663108,9
OVRPL,684,ok,7.1782852179,9
OVRPL,685,ok,7.3168210099,8
OVRPL,686,ok,6.9789231869,9
OVRPL,687,ok,6.4049611438,7
OVRPL,688,ok,6.7811727811,8
OVRPL,689,ok,8.2469388665,9
OVRPL,690,ok,6.7934131243,8
OVRPL,691,ok,7.9451821092,8
OVRPL,692,ok,6.5584234097,9
OVRPL,693,ok,6.2420024351,8
OVRPL,694,ok,6.9939232822,8
OVRPL,695,ok,6.9571068588,9
OVRPL,696,ok,6.7936914439,8
OVRPL,697,ok,7.0062878167,8
OVRPL,698,ok,6.9547918682,8
OVRPL,699,ok,7.7772647845,9
OVRPL,700,ok,7.2407379078,8
OVRPL,701,ok,7.5544445260,9
OVRPL,702,ok,7.0740776905,7
OVRPL,703,ok,6.8632855806,10
OVRPL,704,ok,8.8073629924,8
OVRPL,705,ok,8.1542813683,8
OVRPL,706,ok,7.6546788473,7
OVRPL,707,ok,6.5314098924,8
OVRPL,708,ok,7.0876098531,7
OVRPL,709,ok,7.5132795037,9
OVRPL,710,ok,6.3352871505,9
OVRPL,711,ok,7.5779353954,8
OVRPL,712,ok,8.3031934333,8
OVRPL,713,ok,6.7410863484,9
OVRPL,714,ok,7.1500009233,8
OVRPL,715,ok,6.6196913948,9
OVRPL,716,ok,8.0021496446,9
OVRPL,717,ok,7.0553052644,11
OVRPL,718,ok,7.6051781935,9
OVRPL,719,ok,7.2924693028,10
OVRPL,720,ok,7.7215195407,10
OVRPL,721,ok,8.8947995956,11
OVRPL,722,ok,7.5962121713,8
OVRPL,723,ok,8.4064465389,8
OVRPL,724,ok,6.4103932529,9
OVRPL,725,ok,7.9214157955,9
OVRPL,726,ok,7.0472925082,9
OVRPL,727,ok,6.8967016753,9
OVRPL,728,ok,6.6241382538,9
OVRPL,729,ok,8.2550895403,9
OVRPL,730,ok,8.8835702096,8
OVRPL,731,ok,6.6382199648,7
OVRPL,732,ok,7.0009794184,8
OVRPL,733,ok,6.2877968781,8
OVRPL,734,ok,7.6546818916,8
OVRPL,735,ok,5.9959236122,8
OVRPL,736,ok,8.3611131323,8
OVRPL,737,ok,6.1947088416,7
OVRPL,738,ok,7.3858094148,10
OVRPL,739,ok,7.2686076025,10
OVRPL,740,ok,7.9615521787,8
OVRPL,741,ok,6.3581428673,8
OVRPL,742,ok,7.6370588340,7
OVRPL,743,ok,7.2534672230,8
OVRPL,744,ok,7.5454285681,8
OVRPL,745,ok,6.7524520066,8
OVRPL,746,ok,7.5641630763,9
OVRPL,747,ok,6.5188127526,8
OVRPL,748,ok,6.8676898177,8
OVRPL,749,ok,8.0768907209,10
OVRPL,750,ok,7.6921839898,8
OVRPL,751,ok,8.2902833821,9
OVRPL,752,ok,7.4183167232,9
OVRPL,753,ok,7.1775321072,9
OVRPL,754,ok,7.2223409573,9
OVRPL,755,ok,6.9349229032,10
OVRPL,756,ok,6.2849125767,8
OVRPL,757,ok,7.7406601229,8
OVRPL,758,ok,7.6353724436,8
OVRPL,759,ok,7.8805070952,8
OVRPL,760,ok,7.1937350356,9
OVRPL,761,ok,7.6232192279,8
OVRPL,762,ok,8.0168342849,8
OVRPL,763,ok,7.7622826337,10
OVRPL,764,ok,7.6981411556,10
OVRPL,765,ok,6.4521586705,9
OVRPL,766,ok,5.7136780800,8
OVRPL,767,ok,6.8179641208,8
OVRPL,768,ok,7.0096586302,9
OVRPL,769,ok,7.6691534855,7
OVRPL,770,ok,7.4351638762,9
OVRPL,771,ok,6.8150457025,9
OVRPL,772,ok,7.3730955636,9
OVRPL,773,ok,7.4405487166,9
OVRPL,774,ok,6.9874080421,9
OVRPL,775,ok,7.3365967440,10
OVRPL,776,ok,6.9105739561,9
OVRPL,777,ok,7.3288226663,8
OVRPL,778,ok,6.2696220899,8
OVRPL,779,ok,7.4861186267,10
OVRPL,780,ok,7.9392541311,9
OVRPL,781,ok,8.1535024239,8
OVRPL,782,ok,7.0694447904,8
OVRPL,783,ok,8.0397156440,8
OVRPL,784,ok,7.6354931624,9
OVRPL,785,ok,8.8413274471,8
OVRPL,786,ok,7.8911183410,8
OVRPL,787,ok,7.2327191474,9
OVRPL,788,ok,6.8433305884,8
OVRPL,789,ok,7.4673591915,8
OVRPL,790,ok,5.7876433819,9
OVRPL,791,ok,7.7795780063,9
OVRPL,792,ok,6.6174877468,9
OVRPL,793,ok,7.3420241322,8
OVRPL,794,ok,6.5884260975,9
OVRPL,795,ok,8.1418858535,9
OVRPL,796,ok,6.1859097221,10
OVRPL,797,ok,7.4084629266,9
OVRPL,798,ok,6.6745119927,8
OVRPL,799,ok,7.1367142555,9
OVRPL,800,ok,8.2803732377,8
OVRPL,801,ok,7.3949021842,9
OVRPL,802,ok,6.4964455863,10
OVRPL,803,ok,7.2096245946,10
OVRPL,804,ok,8.4825651642,9
OVRPL,805,ok,7.1626531545,9
OVRPL,806,ok,6.7668404799,9
OVRPL,807,ok,7.2662930346,8
OVRPL,808,ok,7.4720555465,9
OVRPL,809,ok,6.0967984255,9
OVRPL,810,ok,6.6415442033,10
OVRPL,811,ok,6.1199446325,9
OVRPL,812,ok,7.2651077600,6
OVRPL,813,ok,7.7436310985,10
OVRPL,814,ok,6.6938697846,11
OVRPL,815,ok,7.5038741889,9
OVRPL,816,ok,7.9158974220,8
OVRPL,817,ok,7.1184124019,8
OVRPL,818,ok,7.6858206496,9
OVRPL,819,ok,7.7540435395,9
OVRPL,820,ok,6.4399652438,8
OVRPL,821,ok,8.5529615534,7
OVRPL,822,ok,7.9289503493,8
OVRPL,823,ok,7.4437912204,9
OVRPL,824,ok,6.4430249028,9
OVRPL,825,ok,7.6403766434,9
OVRPL,826,ok,8.2367757103,8
OVRPL,827,ok,7.1108261208,9
OVRPL,828,ok,7.7937812168,8
OVRPL,829,ok,7.5053472433,10
OVRPL,830,ok,6.3716380164,9
OVRPL,831,ok,6.8525706058,8
OVRPL,832,ok,6.4175136125,9
OVRPL,833,ok,6.6259515979,8
OVRPL,834,ok,7.4876425528,8
OVRPL,835,ok,6.6204469258,9
OVRPL,836,ok,6.8614774691,9
OVRPL,837,ok,6.2580573163,9
OVRPL,838,ok,6.6417994509,7
OVRPL,839,ok,8.0335656790,9
OVRPL,840,ok,6.1668487953,9
OVRPL,841,ok,6.8510761844,9
OVRPL,842,ok,6.8247115240,10
OVRPL,843,ok,7.5680083828,7
OVRPL,844,ok,7.2141753662,9
OVRPL,845,ok,7.5387763175,7
OVRPL,846,ok,6.4384477526,8
OVRPL,847,ok,7.2386078625,8
OVRPL,848,ok,6.9254854055,9
OVRPL,849,ok,7.3237397744,8
OVRPL,850,ok,6.4633247914,9
OVRPL,851,ok,6.5127647326,10
OVRPL,852,ok,6.6747700755,8
OVRPL,853,ok,7.0297358219,8
OVRPL,854,ok,6.1565291928,7
OVRPL,855,ok,7.4798398398,9
OVRPL,856,ok,6.8220943998,9
OVRPL,857,ok,7.4564223261,9
OVRPL,858,ok,6.5948439953,9
OVRPL,859,ok,7.3396774491,7
OVRPL,860,ok,6.5552563419,8
OVRPL,861,ok,8.8405534002,7
OVRPL,862,ok,7.1690978039,8
OVRPL,863,ok,8.1523805246,10
OVRPL,864,ok,7.4037793337,11
OVRPL,865,ok,7.1030472656,9
OVRPL,866,ok,6.6547625417,8
OVRPL,867,ok,7.6351999980,7
OVRPL,868,ok,8.4223903423,9
OVRPL,869,ok,7.9498800728,7
OVRPL,870,ok,7.0077009538,9
OVRPL,871,ok,7.1175942485,9
OVRPL,872,ok,7.2284225733,8
OVRPL,873,ok,6.0964584409,7
OVRPL,874,ok,7.3185602198,8
OVRPL,875,ok,7.4743474368,8
OVRPL,876,ok,6.9884619479,8
OVRPL,877,ok,7.8749601821,10
OVRPL,878,ok,6.1248867438,9
OVRPL,879,ok,7.0347609467,10
OVRPL,880,ok,7.0448794190,12
OVRPL,881,ok,6.8931174617,8
OVRPL,882,ok,7.5078990719,9
OVRPL,883,ok,8.0939822685,9
OVRPL,884,ok,7.9307020788,8
OVRPL,885,ok,7.3479411840,8
OVRPL,886,ok,6.8544182762,9
OVRPL,887,ok,7.9429003442,8
OVRPL,888,ok,6.6064048955,6
OVRPL,889,ok,6.4032960607,9
OVRPL,890,ok,8.0059605578,9
OVRPL,891,ok,6.5991908001,10
OVRPL,892,ok,6.4639497326,8
OVRPL,893,ok,6.1356167503,8
OVRPL,894,ok,6.7289607289,9
OVRPL,895,ok,6.6976636270,9
OVRPL,896,ok,7.1169490999,8
OVRPL,897,ok,6.1140493367,8
OVRPL,898,ok,6.5313952876,8
OVRPL,899,ok,6.9623932588,8
OVRPL,900,ok,8.3594857627,9
OVRPL,901,ok,7.7304217181,7
OVRPL,902,ok,6.7593383626,8
OVRPL,903,ok,7.2357312853,8
OVRPL,904,ok,8.1915717688,9
OVRPL,905,ok,7.5112052657,10
OVRPL,906,ok,7.0366969620,9
OVRPL,907,ok,8.5898647811,9
OVRPL,908,ok,6.1589786822,8
OVRPL,909,ok,7.3042064249,8
OVRPL,910,ok,7.9965262735,9
OVRPL,911,ok,6.6533737045,9
OVRPL,912,ok,6.2875500864,8
OVRPL,913,ok,7.3266298393,9
OVRPL,914,ok,8.9386195565,9
OVRPL,915,ok,8.3914870962,9
OVRPL,916,ok,6.7995688698,7
OVRPL,917,ok,8.0983298478,9
OVRPL,918,ok,7.1199660609,11
OVRPL,919,ok,7.2587127138,8
OVRPL,920,ok,7.3198619747,9
OVRPL,921,ok,8.5433160669,10
OVRPL,922,ok,7.0547474201,9
OVRPL,923,ok,7.0074767749,9
OVRPL,924,ok,6.5506868325,8
OVRPL,925,ok,6.4900702190,9
OVRPL,926,ok,7.1174803368,7
OVRPL,927,ok,7.8320997254,7
OVRPL,928,ok,6.3698523117,8
OVRPL,929,ok,6.3960026268,9
OVRPL,930,ok,6.9117394881,7
OVRPL,931,ok,7.0662328392,11
OVRPL,932,ok,6.1802604838,8
OVRPL,933,ok,6.5516937321,8
OVRPL,934,ok,7.6287523276,9
OVRPL,935,ok,7.0835897405,7
OVRPL,936,ok,6.8044731211,8
OVRPL,937,ok,6.9445541779,9
OVRPL,938,ok,7.9398526598,7
OVRPL,939,ok,6.9876499471,8
OVRPL,940,ok,7.9529030522,8
OVRPL,941,ok,6.9673080564,8
OVRPL,942,ok,6.6448101331,9
OVRPL,943,ok,7.7057505809,8
OVRPL,944,ok,6.7292035522,7
OVRPL,945,ok,7.3729683099,10
OVRPL,946,ok,6.9600224159,8
OVRPL,947,ok,6.9247150146,7
OVRPL,948,ok,7.1194155322,8
OVRPL,949,ok,5.9069857481,8
OVRPL,950,ok,8.3892730680,9
OVRPL,951,ok,7.6868248684,8
OVRPL,952,ok,8.2919241992,8
OVRPL,953,ok,7.6964675852,8
OVRPL,954,ok,8.2873531617,9
OVRPL,955,ok,6.1033089650,7
OVRPL,956,ok,7.6513757038,8
OVRPL,957,ok,6.5650895092,8
OVRPL,958,ok,6.6777574977,7
OVRPL,959,ok,6.8860061611,10
OVRPL,960,ok,5.8856709141,7
OVRPL,961,ok,8.0744693850,8
OVRPL,962,ok,6.8552779874,8
OVRPL,963,ok,7.8897452263,9
OVRPL,964,ok,6.9792476379,8
OVRPL,965,ok,7.1645930966,8
OVRPL,966,ok,7.7468885810,10
OVRPL,967,ok,7.2166787599,9
OVRPL,968,ok,6.8829933920,9
OVRPL,969,ok,6.9654045580,9
OVRPL,970,ok,7.1937536579,9
OVRPL,971,ok,6.8185031223,11
OVRPL,972,ok,8.0778038494,8
OVRPL,973,ok,7.4135282489,10
OVRPL,974,ok,7.8830850949,7
OVRPL,975,ok,6.7411638247,8
OVRPL,976,ok,6.3858295602,10
OVRPL,977,ok,7.6092549924,10
OVRPL,978,ok,7.7034287513,9
OVRPL,979,ok,6.5188989292,8
OVRPL,980,ok,6.0482623654,9
OVRPL,981,ok,7.2061371760,9
OVRPL,982,ok,7.2711977388,9
OVRPL,983,ok,6.5580712977,7
OVRPL,984,ok,7.5198111560,7
OVRPL,985,ok,7.3808279437,10
OVRPL,986,ok,7.4995798330,9
OVRPL,987,ok,7.1783820781,8
OVRPL,988,ok,7.6573877403,9
OVRPL,989,ok,7.1062758457,9
OVRPL,990,ok,6.7877953594,8
OVRPL,991,ok,7.9656240218,9
OVRPL,992,ok,7.0409824674,8
OVRPL,993,ok,7.1137416686,7
OVRPL,994,ok,7.2454235222,8
OVRPL,995,ok,6.2465075670,9
OVRPL,996,ok,7.5874827838,8
OVRPL,997,ok,6.6596278740,9
OVRPL,998,ok,8.2680178516,10
OVRPL,999,ok,6.2210596560,9
VRPBL,0,ok,7.4428052161,4
VRPBL,1,ok,7.2519455450,5
VRPBL,2,ok,9.7439742778,6
VRPBL,3,ok,9.6419288552,6
VRPBL,4,ok,8.6516191710,4
VRPBL,5,ok,9.4592755740,5
VRPBL,6,ok,8.0034790830,4
VRPBL,7,ok,7.7597267389,5
VRPBL,8,ok,7.1885960275,4
VRPBL,9,ok,8.5268074199,5
VRPBL,10,ok,8.4961582936,6
VRPBL,11,ok,7.4395773622,5
VRPBL,12,ok,8.6287620766,5
VRPBL,13,ok,9.0073546380,4
VRPBL,14,ok,8.1036583410,4
VRPBL,15,ok,9.2090940152,4
VRPBL,16,ok,8.7347883371,5
VRPBL,17,ok,7.1319345829,5
VRPBL,18,ok,7.3224782693,4
VRPBL,19,ok,8.3960081654,5
VRPBL,20,ok,10.2261057129,5
VRPBL,21,ok,8.4913911394,5
VRPBL,22,ok,8.2098661679,5
VRPBL,23,ok,6.8245509763,4
VRPBL,24,ok,8.5973807029,5
VRPBL,25,ok,7.3858546489,4
VRPBL,26,ok,9.9824533244,5
VRPBL,27,ok,8.5024187519,4
VRPBL,28,ok,7.9587503498,5
VRPBL,29,ok,7.0446231469,4
VRPBL,30,ok,7.6034738602,4
VRPBL,31,ok,8.8427987553,4
VRPBL,32,ok,8.2846589326,5
VRPBL,33,ok,7.9648134735,4
VRPBL,34,ok,8.6595895140,5
VRPBL,35,ok,8.7008451170,5
VRPBL,36,ok,8.5479274612,5
VRPBL,37,ok,8.4366681676,4
VRPBL,38,ok,7.3216734312,4
VRPBL,39,ok,7.7198342393,4
VRPBL,40,ok,8.7857798692,5
VRPBL,41,ok,8.3644480359,6
VRPBL,42,ok,7.9943602017,4
VRPBL,43,ok,8.0115619407,4
VRPBL,44,ok,9.9692228619,5
VRPBL,45,ok,9.7052354894,5
VRPBL,46,ok,8.7809159544,5
VRPBL,47,ok,7.4306693469,4
VRPBL,48,ok,8.3375452111,4
VRPBL,49,ok,7.4955397867,4
VRPBL,50,ok,7.8820352053,5
VRPBL,51,ok,9.5319438851,5
VRPBL,52,ok,8.9450268629,4
VRPBL,53,ok,8.5191878565,5
VRPBL,54,ok,7.8104485827,4
VRPBL,55,ok,9.1614788845,5
VRPBL,56,ok,9.2511709846,5
VRPBL,57,ok,9.2846694705,5
VRPBL,58,ok,8.1789010221,5
VRPBL,59,ok,9.4645221614,5
VRPBL,60,ok,8.5339623623,4
VRPBL,61,ok,8.6439408060,4
VRPBL,62,ok,9.6837423369,5
VRPBL,63,ok,9.4917149479,4
VRPBL,64,ok,7.7412938615,4
VRPBL,65,ok,9.2013782533,5
VRPBL,66,ok,8.4761984831,5
VRPBL,67,ok,8.4226886825,5
VRPBL,68,ok,9.2956109700,4
VRPBL,69,ok,7.7877953270,5
VRPBL,70,ok,11.1178952042,5
VRPBL,71,ok,9.3624880792,5
VRPBL,72,ok,7.3741403906,5
VRPBL,73,ok,10.2518160438,5
VRPBL,74,ok,9.5279281662,4
VRPBL,75,ok,7.6684201699,5
VRPBL,76,ok,9.1688782051,5
VRPBL,77,ok,8.3535229182,4
VRPBL,78,ok,7.8714487764,5
VRPBL,79,ok,8.9538292859,5
VRPBL,80,ok,7.6842832111,5
VRPBL,81,ok,8.6264709889,4
VRPBL,82,ok,9.3512126706,4
VRPBL,83,ok,7.7250257161,4
VRPBL,84,ok,8.0841693689,5
VRPBL,85,ok,7.9073977230,4
VRPBL,86,ok,7.8317702100,4
VRPBL,87,ok,8.3276487606,4
VRPBL,88,ok,7.7221669534,6
VRPBL,89,ok,8.4567051016,4
VRPBL,90,ok,8.1154200324,4
VRPBL,91,ok,8.1414070641,4
VRPBL,92,ok,8.7156413408,4
VRPBL,93,ok,7.4303892650,5
VRPBL,94,ok,7.8779328223,4
VRPBL,95,ok,7.1032824571,5
VRPBL,96,ok,7.7050681317,5
VRPBL,97,ok,7.7353452345,5
VRPBL,98,ok,8.6433720943,5
VRPBL,99,ok,7.6581402594,5
VRPBL,100,ok,8.7780849402,5
VRPBL,101,ok,7.0233733812,5
VRPBL,102,ok,8.7909136212,4
VRPBL,103,ok,8.5152454136,5
VRPBL,104,ok,8.1432350887,4
VRPBL,105,ok,8.8844572645,4
VRPBL,106,ok,7.3583671214,4
VRPBL,107,ok,7.4500219754,4
VRPBL,108,ok,8.2182409168,4
VRPBL,109,ok,11.1501069828,5
VRPBL,110,ok,8.7777677145,4
VRPBL,111,ok,8.1308877693,4
VRPBL,112,ok,10.2682784286,5
VRPBL,113,ok,8.1298129567,4
VRPBL,114,ok,8.2199505000,5
VRPBL,115,ok,7.8787550148,5
VRPBL,116,ok,8.6174357571,5
VRPBL,117,ok,8.3230033020,4
VRPBL,118,ok,12.9297717255,6
VRPBL,119,ok,7.6518693858,4
VRPBL,120,ok,8.0127576228,4
VRPBL,121,ok,7.5437386678,4
VRPBL,122,ok,8.0050254347,5
VRPBL,123,ok,8.3150296174,4
VRPBL,124,ok,7.5658614785,4
VRPBL,125,ok,9.2573738646,4
VRPBL,126,ok,8.1582194686,4
VRPBL,127,ok,7.9346038934,5
VRPBL,128,ok,10.6863990700,5
VRPBL,129,ok,7.8865737828,4
VRPBL,130,ok,7.7258303232,5
VRPBL,131,ok,8.0712144838,5
VRPBL,132,ok,7.4800911090,4
VRPBL,133,ok,10.7911288716,5
VRPBL,134,ok,7.2136511600,4
VRPBL,135,ok,8.1299666396,5
VRPBL,136,ok,7.2205884887,4
VRPBL,137,ok,8.7591890574,5
VRPBL,138,ok,7.8250654549,4
VRPBL,139,ok,7.9524176727,4
VRPBL,140,ok,8.7719223189,5
VRPBL,141,ok,9.0536065791,5
VRPBL,142,ok,7.3936616498,4
VRPBL,143,ok,7.5220445448,4
VRPBL,144,ok,7.8731093797,5
VRPBL,145,ok,8.6941622500,4
VRPBL,146,ok,7.7225456390,4
VRPBL,147,ok,7.6700997202,5
VRPBL,148,ok,8.8364383546,5
VRPBL,149,ok,8.9887391251,5
VRPBL,150,ok,7.0297995055,4
VRPBL,151,ok,9.4883642359,4
VRPBL,152,ok,9.6931869730,4
VRPBL,153,ok,8.2939782417,4
VRPBL,154,ok,9.7616109092,5
VRPBL,155,ok,8.3155022279,5
VRPBL,156,ok,8.9680950303,5
VRPBL,157,ok,7.8665180047,4
VRPBL,158,ok,7.0794808300,4
VRPBL,159,ok,7.1993856540,4
VRPBL,160,ok,8.3937846288,4
VRPBL,161,ok,9.7380557755,5
VRPBL,162,ok,11.6128473740,5
VRPBL,163,ok,8.8203997604,5
VRPBL,164,ok,9.0783596321,4
VRPBL,165,ok,10.1209498627,4
VRPBL,166,ok,7.5190561729,3
VRPBL,167,ok,8.6143141254,4
VRPBL,168,ok,8.6540000089,4
VRPBL,169,ok,8.2909879600,5
VRPBL,170,ok,9.4338214432,4
VRPBL,171,ok,7.1514849575,4
VRPBL,172,ok,7.0346072287,5
VRPBL,173,ok,9.4296952304,5
VRPBL,174,ok,8.4475792960,6
VRPBL,175,ok,7.4255285690,5
VRPBL,176,ok,6.9088312644,4
VRPBL,177,ok,8.1349803846,4
VRPBL,178,ok,9.2557998727,4
VRPBL,179,ok,7.9087271884,4
VRPBL,180,ok,8.9764562694,5
VRPBL,181,ok,9.6871058614,4
VRPBL,182,ok,8.1166011315,4
VRPBL,183,ok,8.4099006046,3
VRPBL,184,ok,9.7079632916,5
VRPBL,185,ok,6.6210846900,3
VRPBL,186,ok,7.0849288278,5
VRPBL,187,ok,8.4247350422,5
VRPBL,188,ok,8.0586145861,5
VRPBL,189,ok,7.9900589305,5
VRPBL,190,ok,11.2870652782,4
VRPBL,191,ok,11.3445028970,6
VRPBL,192,ok,8.9703509728,5
VRPBL,193,ok,8.0082892120,4
VRPBL,194,ok,9.2088653402,4
VRPBL,195,ok,8.1721327083,4
VRPBL,196,ok,6.7839599513,4
VRPBL,197,ok,9.0437978432,4
VRPBL,198,ok,8.4927371114,5
VRPBL,199,ok,9.0311851727,5
VRPBL,200,ok,9.5623473204,5
VRPBL,201,ok,7.8044156245,5
VRPBL,202,ok,9.0637449085,5
VRPBL,203,ok,10.1751414570,5
VRPBL,204,ok,7.7527075752,5
VRPBL,205,ok,8.4421535388,5
VRPBL,206,ok,7.8631540344,4
VRPBL,207,ok,8.3496301555,4
VRPBL,208,ok,8.1557376429,5
VRPBL,209,ok,8.9684019394,5
VRPBL,210,ok,8.0140043972,4
VRPBL,211,ok,8.7048777226,5
VRPBL,212,ok,9.5178751203,4
VRPBL,213,ok,10.0832083631,5
VRPBL,214,ok,6.8123056372,4
VRPBL,215,ok,8.5032203712,5
VRPBL,216,ok,8.6601122868,5
VRPBL,217,ok,10.4443301092,4
VRPBL,218,ok,9.2234733970,5
VRPBL,219,ok,7.8087349054,5
VRPBL,220,ok,7.7386066662,4
VRPBL,221,ok,8.8032806429,4
VRPBL,222,ok,7.7108007646,4
VRPBL,223,ok,9.2243359316,5
VRPBL,224,ok,8.0072556642,4
VRPBL,225,ok,7.6146862202,4
VRPBL,226,ok,8.7727995994,4
VRPBL,227,ok,8.9764646783,4
VRPBL,228,ok,7.1634058281,5
VRPBL,229,ok,8.4832150855,4
VRPBL,230,ok,8.4378625297,4
VRPBL,231,ok,8.1821235133,4
VRPBL,232,ok,8.1004852170,4
VRPBL,233,ok,7.4979988971,3
VRPBL,234,ok,8.9959887119,5
VRPBL,235,ok,6.5424111770,4
VRPBL,236,ok,6.4243456879,4
VRPBL,237,ok,8.6116952358,4
VRPBL,238,ok,7.0256789307,4
VRPBL,239,ok,8.4126541538,4
VRPBL,240,ok,7.9461296519,4
VRPBL,241,ok,9.5430184096,4
VRPBL,242,ok,8.4604934603,4
VRPBL,243,ok,7.5687069732,5
VRPBL,244,ok,7.8430472393,5
VRPBL,245,ok,8.2044223133,4
VRPBL,246,ok,8.1520701839,5
VRPBL,247,ok,9.7667791309,5
VRPBL,248,ok,8.4639883122,5
VRPBL,249,ok,9.8254012750,5
VRPBL,250,ok,8.7132451510,5
VRPBL,251,ok,7.8355577852,4
VRPBL,252,ok,9.0997788744,5
VRPBL,253,ok,9.2879795098,5
VRPBL,254,ok,7.1903500622,4
VRPBL,255,ok,7.9123606531,4
VRPBL,256,ok,7.4795845959,4
VRPBL,257,ok,8.7341798943,4
VRPBL,258,ok,7.6043145524,4
VRPBL,259,ok,7.7601837812,4
VRPBL,260,ok,9.8197850964,5
VRPBL,261,ok,7.5302682070,4
VRPBL,262,ok,9.8649316135,4
VRPBL,263,ok,9.4971259640,5
VRPBL,264,ok,7.2539477977,5
VRPBL,265,ok,7.9673725297,5
VRPBL,266,ok,6.8510513809,4
VRPBL,267,ok,8.9410724270,5
VRPBL,268,ok,7.7084015294,5
VRPBL,269,ok,7.0375687692,4
VRPBL,270,ok,8.2121749837,4
VRPBL,271,ok,9.7886001736,5
VRPBL,272,ok,8.8370214124,5
VRPBL,273,ok,7.7763992454,4
VRPBL,274,ok,8.2800462318,4
VRPBL,275,ok,8.1220907124,5
VRPBL,276,ok,9.5703005588,5
VRPBL,277,ok,6.9650669101,4
VRPBL,278,ok,7.5953725742,4
VRPBL,279,ok,7.4396718636,5
VRPBL,280,ok,8.5693616742,5
VRPBL,281,ok,8.2122223071,5
VRPBL,282,ok,7.7348037427,4
VRPBL,283,ok,7.6783574190,5
VRPBL,284,ok,7.5775777160,4
VRPBL,285,ok,7.3269968578,4
VRPBL,286,ok,8.7880518730,6
VRPBL,287,ok,7.3394072046,4
VRPBL,288,ok,7.9404908093,5
VRPBL,289,ok,6.9435024126,4
VRPBL,290,ok,8.7596626225,4
VRPBL,291,ok,9.5803565769,5
VRPBL,292,ok,9.5984665008,4
VRPBL,293,ok,7.5349916833,5
VRPBL,294,ok,7.6284485046,4
VRPBL,295,ok,8.3663630115,5
VRPBL,296,ok,8.2668487298,6
VRPBL,297,ok,8.7535193146,4
VRPBL,298,ok,9.9054410696,4
VRPBL,299,ok,7.3824756732,4
VRPBL,300,ok,9.9918854806,5
VRPBL,301,ok,7.1464655951,3
VRPBL,302,ok,8.2623964495,4
VRPBL,303,ok,8.3018378760,4
VRPBL,304,ok,7.7389603748,4
VRPBL,305,ok,8.0602269865,4
VRPBL,306,ok,7.3258452698,4
VRPBL,307,ok,7.7987405202,4
VRPBL,308,ok,9.0311962307,5
VRPBL,309,ok,9.5464074327,4
VRPBL,310,ok,9.0061067065,5
VRPBL,311,ok,8.7808866921,4
VRPBL,312,ok,7.8234163580,4
VRPBL,313,ok,7.6182449700,5
VRPBL,314,ok,6.5884223878,5
VRPBL,315,ok,7.5058045693,4
VRPBL,316,ok,8.2911680073,4
VRPBL,317,ok,8.4052641716,5
VRPBL,318,ok,8.7638657469,5
VRPBL,319,ok,8.7461969355,5
VRPBL,320,ok,7.5488677697,4
VRPBL,321,ok,7.7732940664,4
VRPBL,322,ok,8.9753725106,4
VRPBL,323,ok,7.3055344370,4
VRPBL,324,ok,9.6010160635,5
VRPBL,325,ok,8.6750201594,4
VRPBL,326,ok,7.7274029739,4
VRPBL,327,ok,8.5110727711,4
VRPBL,328,ok,9.2506888533,5
VRPBL,329,ok,7.8734390506,4
VRPBL,330,ok,7.8042694059,4
VRPBL,331,ok,10.8336286151,5
VRPBL,332,ok,8.9174622242,6
VRPBL,333,ok,7.2078910657,3
VRPBL,334,ok,9.6331454770,6
VRPBL,335,ok,8.2959676912,5
VRPBL,336,ok,10.8738094020,5
VRPBL,337,ok,7.9387620539,5
VRPBL,338,ok,10.0006715917,5
VRPBL,339,ok,9.5962068975,4
VRPBL,340,ok,7.7268794943,4
VRPBL,341,ok,9.6645252023,5
VRPBL,342,ok,8.2881468853,4
VRPBL,343,ok,10.2213205726,5
VRPBL,344,ok,7.5736975560,5
VRPBL,345,ok,6.9007774882,4
VRPBL,346,ok,7.5388116878,5
VRPBL,347,ok,9.5246252074,5
VRPBL,348,ok,8.3250023224,5
VRPBL,349,ok,7.8919523301,3
VRPBL,350,ok,11.7569692066,5
VRPBL,351,ok,9.4446202664,5
VRPBL,352,ok,7.9387151706,4
VRPBL,353,ok,7.8732048199,5
VRPBL,354,ok,8.3172374847,4
VRPBL,355,ok,8.1542834479,5
VRPBL,356,ok,7.8220337446,3
VRPBL,357,ok,8.7826449373,4
VRPBL,358,ok,10.2680707881,5
VRPBL,359,ok,8.8009679610,4
VRPBL,360,ok,7.8789905083,4
VRPBL,361,ok,7.8884660665,4
VRPBL,362,ok,10.4054679563,5
VRPBL,363,ok,7.4582881172,4
VRPBL,364,ok,8.9644430651,5
VRPBL,365,ok,7.2981689231,4
VRPBL,366,ok,7.2531340570,5
VRPBL,367,ok,8.0787575865,4
VRPBL,368,ok,9.6868166845,5
VRPBL,369,ok,8.8288299650,5
VRPBL,370,ok,10.5541565899,5
VRPBL,371,ok,8.2412026922,5
VRPBL,372,ok,9.2469427308,5
VRPBL,373,ok,7.2616778132,4
VRPBL,374,ok,10.2526084727,5
VRPBL,375,ok,7.5514777451,4
VRPBL,376,ok,8.6115951836,4
VRPBL,377,ok,10.4322049895,6
VRPBL,378,ok,7.6898245144,4
VRPBL,379,ok,8.8152286178,5
VRPBL,380,ok,7.5182423170,5
VRPBL,381,ok,8.4783494361,5
VRPBL,382,ok,8.3578639259,4
VRPBL,383,ok,7.0081416280,4
VRPBL,384,ok,7.8635537134,6
VRPBL,385,ok,6.9086918202,3
VRPBL,386,ok,10.3403466623,5
VRPBL,387,ok,10.5495206887,5
VRPBL,388,ok,9.5735333556,5
VRPBL,389,ok,9.1905977247,4
VRPBL,390,ok,8.3626445623,5
VRPBL,391,ok,8.6496495920,4
VRPBL,392,ok,7.4699681723,4
VRPBL,393,ok,10.5869105367,4
VRPBL,394,ok,9.0469799428,4
VRPBL,395,ok,7.8230550030,4
VRPBL,396,ok,8.8785582452,5
VRPBL,397,ok,8.2094828433,4
VRPBL,398,ok,8.3993886335,5
VRPBL,399,ok,8.1353998636,4
VRPBL,400,ok,9.6649795868,5
VRPBL,401,ok,8.5523317313,5
VRPBL,402,ok,9.0855070971,4
VRPBL,403,ok,9.3249182192,4
VRPBL,404,ok,8.7648681633,5
VRPBL,405,ok,9.8253954490,6
VRPBL,406,ok,9.7382763973,5
VRPBL,407,ok,6.8511608723,3
VRPBL,408,ok,7.1095354363,4
VRPBL,409,ok,8.5584289128,4
VRPBL,410,ok,9.6080153418,5
VRPBL,411,ok,9.4100087752,4
VRPBL,412,ok,7.3615130218,5
VRPBL,413,ok,8.6017544738,4
VRPBL,414,ok,7.1312998676,3
VRPBL,415,ok,9.3164986606,5
VRPBL,416,ok,9.9160613643,5
VRPBL,417,ok,8.2268468488,5
VRPBL,418,ok,8.6762020779,4
VRPBL,419,ok,8.4837839090,5
VRPBL,420,ok,7.9805813010,4
VRPBL,421,ok,8.3500218992,5
VRPBL,422,ok,8.1989262300,4
VRPBL,423,ok,7.3396275776,3
VRPBL,424,ok,9.7536756366,5
VRPBL,425,ok,8.9512444609,4
VRPBL,426,ok,8.1078630874,5
VRPBL,427,ok,7.8522029575,5
VRPBL,428,ok,10.8194001275,4
VRPBL,429,ok,8.8915410201,6
VRPBL,430,ok,9.0605091564,5
VRPBL,431,ok,8.1791118303,5
VRPBL,432,ok,7.3849610294,5
VRPBL,433,ok,7.9818849890,4
VRPBL,434,ok,8.0557895584,5
VRPBL,435,ok,7.1959164431,4
VRPBL,436,ok,7.5697498058,5
VRPBL,437,ok,7.0399323786,4
VRPBL,438,ok,7.7769758873,5
VRPBL,439,ok,8.7583895586,4
VRPBL,440,ok,6.8195432109,4
VRPBL,441,ok,10.1448898174,5
VRPBL,442,ok,6.9279191937,4
VRPBL,443,ok,9.3378095022,5
VRPBL,444,ok,8.1651395035,4
VRPBL,445,ok,9.1247877683,4
VRPBL,446,ok,8.1614031505,5
VRPBL,447,ok,8.2760688441,4
VRPBL,448,ok,8.3072852102,4
VRPBL,449,ok,9.7108631805,5
VRPBL,450,ok,7.4446569707,4
VRPBL,451,ok,7.9555164575,5
VRPBL,452,ok,7.8212840881,4
VRPBL,453,ok,9.2338287898,5
VRPBL,454,ok,9.5215771196,4
VRPBL,455,ok,8.5337575587,4
VRPBL,456,ok,8.4371421905,4
VRPBL,457,ok,8.2532971124,4
VRPBL,458,ok,8.3914403764,5
VRPBL,459,ok,7.6121232288,5
VRPBL,460,ok,8.2021299143,5
VRPBL,461,ok,8.8916031948,5
VRPBL,462,ok,7.6560287197,4
VRPBL,463,ok,8.0412830795,4
VRPBL,464,ok,8.7461341986,4
VRPBL,465,ok,8.1923705081,5
VRPBL,466,ok,10.0809769389,5
VRPBL,467,ok,8.0488845100,4
VRPBL,468,ok,9.2496977090,5
VRPBL,469,ok,9.1824435790,4
VRPBL,470,ok,10.1550445061,5
VRPBL,471,ok,10.3132270465,5
VRPBL,472,ok,7.5897548666,4
VRPBL,473,ok,9.1235756723,4
VRPBL,474,ok,8.1352622369,5
VRPBL,475,ok,8.6807552789,4
VRPBL,476,ok,8.9831578627,5
VRPBL,477,ok,7.8995288845,4
VRPBL,478,ok,7.6364242373,5
VRPBL,479,ok,7.8917609856,4
VRPBL,480,ok,7.3443103175,4
VRPBL,481,ok,8.4405798023,5
VRPBL,482,ok,8.8379871875,4
VRPBL,483,ok,7.6678062657,4
VRPBL,484,ok,7.5364750261,5
VRPBL,485,ok,10.0118420500,4
VRPBL,486,ok,9.1724224087,4
VRPBL,487,ok,8.5420937492,4
VRPBL,488,ok,10.2186989092,5
VRPBL,489,ok,7.6054898306,5
VRPBL,490,ok,8.3296509873,4
VRPBL,491,ok,7.0810016131,4
VRPBL,492,ok,7.8609495994,4
VRPBL,493,ok,7.5255250838,5
VRPBL,494,ok,9.3778304375,5
VRPBL,495,ok,8.4831519329,3
VRPBL,496,ok,8.0078861301,4
VRPBL,497,ok,8.0225681019,4
VRPBL,498,ok,7.7758539965,5
VRPBL,499,ok,8.4677772275,5
VRPBL,500,ok,8.8221589941,4
VRPBL,501,ok,9.7688788944,4
VRPBL,502,ok,8.2664872962,5
VRPBL,503,ok,8.7551406778,4
VRPBL,504,ok,10.6031092055,5
VRPBL,505,ok,10.5977536055,5
VRPBL,506,ok,9.4436756338,4
VRPBL,507,ok,7.4954812077,4
VRPBL,508,ok,8.2941805528,5
VRPBL,509,ok,6.9948991922,4
VRPBL,510,ok,9.7206543054,5
VRPBL,511,ok,7.5362312477,3
VRPBL,512,ok,7.5037738959,4
VRPBL,513,ok,8.6992867693,4
VRPBL,514,ok,6.9728196554,4
VRPBL,515,ok,7.1550617879,5
VRPBL,516,ok,8.9570071094,4
VRPBL,517,ok,10.5989445514,5
VRPBL,518,ok,9.3300355478,4
VRPBL,519,ok,8.0382792392,5
VRPBL,520,ok,8.1101639389,4
VRPBL,521,ok,8.0030229747,5
VRPBL,522,ok,7.7361101369,5
VRPBL,523,ok,8.8229315278,4
VRPBL,524,ok,7.7975965229,4
VRPBL,525,ok,7.4563901581,5
VRPBL,526,ok,8.0505472630,4
VRPBL,527,ok,9.2411558714,5
VRPBL,528,ok,10.0127546475,5
VRPBL,529,ok,7.9488896826,4
VRPBL,530,ok,8.0987263747,5
VRPBL,531,ok,7.6013917100,4
VRPBL,532,ok,7.2339490144,3
VRPBL,533,ok,8.0676558606,5
VRPBL,534,ok,9.7124172704,5
VRPBL,535,ok,8.8992710494,5
VRPBL,536,ok,9.0101397391,5
VRPBL,537,ok,7.4867532031,4
VRPBL,538,ok,8.1031884659,5
VRPBL,539,ok,8.2175283419,4
VRPBL,540,ok,8.2757520507,4
VRPBL,541,ok,7.8182808531,4
VRPBL,542,ok,8.7070696827,4
VRPBL,543,ok,8.3532280434,4
VRPBL,544,ok,6.4770517835,3
VRPBL,545,ok,7.5095509305,5
VRPBL,546,ok,9.1927600288,4
VRPBL,547,ok,8.7514606196,4
VRPBL,548,ok,6.6490255134,4
VRPBL,549,ok,7.1880037055,4
VRPBL,550,ok,8.3568332687,5
VRPBL,551,ok,7.9781390727,5
VRPBL,552,ok,8.6826110245,4
VRPBL,553,ok,10.3946969331,5
VRPBL,554,ok,8.8413978702,4
VRPBL,555,ok,9.1856031468,5
VRPBL,556,ok,7.1560481994,4
VRPBL,557,ok,8.5892224217,4
VRPBL,558,ok,8.5851351727,5
VRPBL,559,ok,7.2632109178,4
VRPBL,560,ok,10.1639695847,5
VRPBL,561,ok,7.9440504969,5
VRPBL,562,ok,9.1095086932,4
VRPBL,563,ok,9.3729477260,5
VRPBL,564,ok,8.5661593987,4
VRPBL,565,ok,8.3791194211,4
VRPBL,566,ok,8.0291358039,4
VRPBL,567,ok,7.5314590562,4
VRPBL,568,ok,8.8994403884,4
VRPBL,569,ok,8.2381457710,5
VRPBL,570,ok,8.1017272453,5
VRPBL,571,ok,8.9589151269,5
VRPBL,572,ok,8.5614498872,5
VRPBL,573,ok,8.3854722707,5
VRPBL,574,ok,7.0642916359,4
VRPBL,575,ok,8.0141106647,4
VRPBL,576,ok,8.1448132716,5
VRPBL,577,ok,8.3846291160,5
VRPBL,578,ok,8.9620266945,4
VRPBL,579,ok,8.0653608489,4
VRPBL,580,ok,8.3747235268,5
VRPBL,581,ok,7.9627483479,5
VRPBL,582,ok,7.8691626270,4
VRPBL,583,ok,7.3543938118,4
VRPBL,584,ok,8.0070623131,4
VRPBL,585,ok,7.1867821417,4
VRPBL,586,ok,8.2526275441,5
VRPBL,587,ok,7.9680091148,4
VRPBL,588,ok,7.6173126681,4
VRPBL,589,ok,8.0999612833,4
VRPBL,590,ok,9.2189301197,5
VRPBL,591,ok,7.3675782680,4
VRPBL,592,ok,7.6227330921,4
VRPBL,593,ok,8.2308992895,4
VRPBL,594,ok,9.0686516788,4
VRPBL,595,ok,8.4427102692,5
VRPBL,596,ok,8.8291935953,5
VRPBL,597,ok,7.7857634079,4
VRPBL,598,ok,9.3719555170,5
VRPBL,599,ok,7.7787626993,5
VRPBL,600,ok,7.5026624478,4
VRPBL,601,ok,8.0659369473,5
VRPBL,602,ok,8.6334835915,4
VRPBL,603,ok,8.0029661703,4
VRPBL,604,ok,9.1581567087,4
VRPBL,605,ok,8.8727766085,4
VRPBL,606,ok,9.9828936125,5
VRPBL,607,ok,8.7335390668,5
VRPBL,608,ok,8.2862234750,5
VRPBL,609,ok,8.1185116313,4
VRPBL,610,ok,8.0114684256,6
VRPBL,611,ok,9.6543226562,5
VRPBL,612,ok,7.9949309264,4
VRPBL,613,ok,8.0082376318,5
VRPBL,614,ok,8.9075070933,4
VRPBL,615,ok,9.0840529765,5
VRPBL,616,ok,8.6025929940,5
VRPBL,617,ok,8.4033329561,6
VRPBL,618,ok,8.2305582568,4
VRPBL,619,ok,8.3728342969,4
VRPBL,620,ok,8.2509732987,5
VRPBL,621,ok,7.1900473357,4
VRPBL,622,ok,7.3874522524,3
VRPBL,623,ok,8.2961956342,5
VRPBL,624,ok,6.7699509305,4
VRPBL,625,ok,7.3967263728,5
VRPBL,626,ok,6.8712433179,5
VRPBL,627,ok,10.4291642350,5
VRPBL,628,ok,8.4925568714,5
VRPBL,629,ok,8.5356687099,4
VRPBL,630,ok,11.0785255883,5
VRPBL,631,ok,8.4258170713,4
VRPBL,632,ok,7.9301716835,4
VRPBL,633,ok,6.5352111627,3
VRPBL,634,ok,7.8414670137,4
VRPBL,635,ok,10.0765834004,4
VRPBL,636,ok,8.9007528877,4
VRPBL,637,ok,9.0929351933,4
VRPBL,638,ok,8.8354387482,5
VRPBL,639,ok,7.8712653521,5
VRPBL,640,ok,9.4567756286,4
VRPBL,641,ok,7.0120031219,4
VRPBL,642,ok,9.1635071329,6
VRPBL,643,ok,7.4476435408,4
VRPBL,644,ok,9.5425894241,5
VRPBL,645,ok,7.9970603125,4
VRPBL,646,ok,8.3666459386,4
VRPBL,647,ok,9.0951451776,5
VRPBL,648,ok,7.6786297817,5
VRPBL,649,ok,8.6855765489,4
VRPBL,650,ok,8.3649136304,5
VRPBL,651,ok,9.2438230377,4
VRPBL,652,ok,8.4740675160,4
VRPBL,653,ok,8.1534215046,4
VRPBL,654,ok,8.4451073763,4
VRPBL,655,ok,7.6791949108,3
VRPBL,656,ok,7.4921594475,4
VRPBL,657,ok,9.5292516940,4
VRPBL,658,ok,9.2483937812,5
VRPBL,659,ok,8.3462094744,4
VRPBL,660,ok,11.0980939702,5
VRPBL,661,ok,9.3446002052,4
VRPBL,662,ok,7.7214184925,5
VRPBL,663,ok,9.7680571140,5
VRPBL,664,ok,8.1990322549,4
VRPBL,665,ok,8.3461715882,5
VRPBL,666,ok,9.0376564538,5
VRPBL,667,ok,8.3194875811,4
VRPBL,668,ok,7.7861804370,5
VRPBL,669,ok,7.3453986262,3
VRPBL,670,ok,7.7830710704,4
VRPBL,671,ok,7.4267322574,3
VRPBL,672,ok,9.4609003959,5
VRPBL,673,ok,8.5699199157,5
VRPBL,674,ok,7.6626856580,4
VRPBL,675,ok,7.1595498813,3
VRPBL,676,ok,8.7093991287,5
VRPBL,677,ok,6.8902342208,5
VRPBL,678,ok,8.5164240799,4
VRPBL,679,ok,8.3523502643,4
VRPBL,680,ok,8.9898912417,4
VRPBL,681,ok,6.8543042153,3
VRPBL,682,ok,8.9512429342,5
VRPBL,683,ok,7.6858868167,4
VRPBL,684,ok,7.5792196546,4
VRPBL,685,ok,7.7062616869,4
VRPBL,686,ok,8.7837721770,4
VRPBL,687,ok,9.0865086295,4
VRPBL,688,ok,7.5711699117,5
VRPBL,689,ok,8.2132685413,6
VRPBL,690,ok,7.7120194581,4
VRPBL,691,ok,7.4040412237,5
VRPBL,692,ok,7.7827347485,6
VRPBL,693,ok,8.3958542396,5
VRPBL,694,ok,9.4534003477,5
VRPBL,695,ok,7.8771211720,4
VRPBL,696,ok,8.2233746474,5
VRPBL,697,ok,7.6236907978,4
VRPBL,698,ok,9.1038399379,4
VRPBL,699,ok,9.9502861251,6
VRPBL,700,ok,8.8638524499,5
VRPBL,701,ok,8.9141694733,5
VRPBL,702,ok,7.5759688975,5
VRPBL,703,ok,7.8852581219,5
VRPBL,704,ok,7.2559722777,4
VRPBL,705,ok,7.7897435070,4
VRPBL,706,ok,8.3918612045,6
VRPBL,707,ok,8.6155334247,5
VRPBL,708,ok,9.3010276366,4
VRPBL,709,ok,9.6447931408,5
VRPBL,710,ok,8.1982549452,4
VRPBL,711,ok,7.5053117598,4
VRPBL,712,ok,8.0386614501,5
VRPBL,713,ok,7.9425837007,4
VRPBL,714,ok,9.0601511484,4
VRPBL,715,ok,9.5368294120,5
VRPBL,716,ok,8.4789298413,4
VRPBL,717,ok,7.1954389056,5
VRPBL,718,ok,7.1694399073,4
VRPBL,719,ok,7.4402417144,4
VRPBL,720,ok,6.9774283734,4
VRPBL,721,ok,9.5103759149,5
VRPBL,722,ok,9.5484369336,5
VRPBL,723,ok,8.2833711977,4
VRPBL,724,ok,7.8519355742,4
VRPBL,725,ok,8.7323081009,5
VRPBL,726,ok,9.7074591699,5
VRPBL,727,ok,8.7122489645,5
VRPBL,728,ok,7.0919572394,5
VRPBL,729,ok,8.6357965256,5
VRPBL,730,ok,7.6696952568,5
VRPBL,731,ok,8.1659151392,5
VRPBL,732,ok,9.5741710469,5
VRPBL,733,ok,8.2809143778,6
VRPBL,734,ok,8.4314820712,4
VRPBL,735,ok,8.0328435198,4
VRPBL,736,ok,7.5163102952,4
VRPBL,737,ok,8.0405606862,4
VRPBL,738,ok,7.8029246433,4
VRPBL,739,ok,7.8905745462,4
VRPBL,740,ok,8.3351787951,5
VRPBL,741,ok,8.7070797335,4
VRPBL,742,ok,9.6804838149,4
VRPBL,743,ok,9.5364790195,4
VRPBL,744,ok,7.6788289985,5
VRPBL,745,ok,8.4585273817,4
VRPBL,746,ok,7.5636188097,5
VRPBL,747,ok,9.7180278163,5
VRPBL,748,ok,7.0914191761,4
VRPBL,749,ok,8.8890254232,5
VRPBL,750,ok,9.8273369456,4
VRPBL,751,ok,7.4601537295,6
VRPBL,752,ok,8.2611052237,3
VRPBL,753,ok,9.9976706574,5
VRPBL,754,ok,8.6230486062,5
VRPBL,755,ok,7.6455063719,4
VRPBL,756,ok,8.0077335932,5
VRPBL,757,ok,8.3106971263,5
VRPBL,758,ok,9.6066608184,5
VRPBL,759,ok,7.9062240941,4
VRPBL,760,ok,8.9969013849,5
VRPBL,761,ok,7.5919311971,5
VRPBL,762,ok,8.5987346975,4
VRPBL,763,ok,9.2987021592,4
VRPBL,764,ok,7.9168722124,4
VRPBL,765,ok,9.3152065863,5
VRPBL,766,ok,10.0111525240,4
VRPBL,767,ok,7.5749885215,4
VRPBL,768,ok,7.9296308638,4
VRPBL,769,ok,7.7760867225,4
VRPBL,770,ok,9.7444716412,5
VRPBL,771,ok,7.7934578866,4
VRPBL,772,ok,8.4624093329,4
VRPBL,773,ok,8.4651471817,5
VRPBL,774,ok,6.6976546732,4
VRPBL,775,ok,9.5187800273,6
VRPBL,776,ok,7.8266470917,5
VRPBL,777,ok,7.9938867142,5
VRPBL,778,ok,8.4607191018,5
VRPBL,779,ok,8.4718051795,5
VRPBL,780,ok,6.8786584034,4
VRPBL,781,ok,8.9422632175,4
VRPBL,782,ok,8.0965306007,5
VRPBL,783,ok,8.1799609540,4
VRPBL,784,ok,8.8161524254,4
VRPBL,785,ok,9.4112473466,4
VRPBL,786,ok,9.5047279367,5
VRPBL,787,ok,10.0441718689,5
VRPBL,788,ok,9.6352731549,5
VRPBL,789,ok,9.3590338016,5
VRPBL,790,ok,8.4825736830,5
VRPBL,791,ok,9.5778745770,5
VRPBL,792,ok,9.1207870131,4
VRPBL,793,ok,8.1381101264,4
VRPBL,794,ok,7.5553409041,4
VRPBL,795,ok,7.9793344907,5
VRPBL,796,ok,8.2518966943,4
VRPBL,797,ok,8.4046374883,5
VRPBL,798,ok,8.4437294864,5
VRPBL,799,ok,10.1679441001,5
VRPBL,800,ok,8.2315433557,4
VRPBL,801,ok,7.2975819898,4
VRPBL,802,ok,7.5707575159,4
VRPBL,803,ok,7.3659219830,4
VRPBL,804,ok,8.9416335526,5
VRPBL,805,ok,7.4429983985,5
VRPBL,806,ok,8.6261038556,5
VRPBL,807,ok,9.0310255137,5
VRPBL,808,ok,7.4683141042,4
VRPBL,809,ok,9.5431252410,5
VRPBL,810,ok,9.9510930299,5
VRPBL,811,ok,10.6882516607,5
VRPBL,812,ok,7.8795696603,4
VRPBL,813,ok,8.6063457410,5
VRPBL,814,ok,7.5151655894,5
VRPBL,815,ok,8.9939300585,5
VRPBL,816,ok,6.9905281300,5
VRPBL,817,ok,8.3942359386,4
VRPBL,818,ok,6.9693760964,4
VRPBL,819,ok,8.8206936177,5
VRPBL,820,ok,10.2086049218,5
VRPBL,821,ok,8.8443582166,5
VRPBL,822,ok,8.8749546890,5
VRPBL,823,ok,7.9015836839,4
VRPBL,824,ok,8.1301749215,4
VRPBL,825,ok,8.1755116509,5
VRPBL,826,ok,8.3307795003,4
VRPBL,827,ok,9.5271911214,4
VRPBL,828,ok,6.7885490337,4
VRPBL,829,ok,9.1080182387,5
VRPBL,830,ok,7.5444662321,3
VRPBL,831,ok,8.3574978258,3
VRPBL,832,ok,7.5892530167,4
VRPBL,833,ok,6.8618334252,5
VRPBL,834,ok,7.9992439066,5
VRPBL,835,ok,9.1062525791,4
VRPBL,836,ok,7.9257046470,4
VRPBL,837,ok,9.7657573321,4
VRPBL,838,ok,9.2772966285,4
VRPBL,839,ok,8.4439917442,4
VRPBL,840,ok,7.1920329570,4
VRPBL,841,ok,10.9099799495,5
VRPBL,842,ok,8.9008622547,4
VRPBL,843,ok,9.5869509565,5
VRPBL,844,ok,7.8041381763,5
VRPBL,845,ok,10.0292272568,5
VRPBL,846,ok,8.8938925340,5
VRPBL,847,ok,8.5837838130,4
VRPBL,848,ok,8.5224715491,5
VRPBL,849,ok,7.9472849364,4
VRPBL,850,ok,7.7134850022,5
VRPBL,851,ok,8.1521440085,4
VRPBL,852,ok,8.1527858788,4
VRPBL,853,ok,6.7403653824,3
VRPBL,854,ok,7.5472983984,4
VRPBL,855,ok,8.3249130274,5
VRPBL,856,ok,7.7070190529,5
VRPBL,857,ok,8.5420159749,5
VRPBL,858,ok,8.5504875942,4
VRPBL,859,ok,7.1426509840,4
VRPBL,860,ok,7.6527376885,5
VRPBL,861,ok,7.6831767425,4
VRPBL,862,ok,8.0742558760,4
VRPBL,863,ok,7.7099014703,4
VRPBL,864,ok,7.3970099707,5
VRPBL,865,ok,10.6277912164,4
VRPBL,866,ok,9.7992466631,4
VRPBL,867,ok,9.4612421041,5
VRPBL,868,ok,8.5067990672,5
VRPBL,869,ok,7.6875940516,4
VRPBL,870,ok,7.2889504759,4
VRPBL,871,ok,7.6421704721,4
VRPBL,872,ok,8.5236719999,5
VRPBL,873,ok,8.2084595300,4
VRPBL,874,ok,8.4338434609,4
VRPBL,875,ok,8.3535764509,4
VRPBL,876,ok,7.6471766317,4
VRPBL,877,ok,8.6164156526,4
VRPBL,878,ok,8.0908019318,5
VRPBL,879,ok,8.9185985542,4
VRPBL,880,ok,9.6282430351,5
VRPBL,881,ok,8.0018831672,4
VRPBL,882,ok,6.7718080228,5
VRPBL,883,ok,11.7998068371,5
VRPBL,884,ok,9.9389406736,5
VRPBL,885,ok,8.9168859642,5
VRPBL,886,ok,8.3247177461,5
VRPBL,887,ok,7.8926236864,5
VRPBL,888,ok,7.8373264623,4
VRPBL,889,ok,8.3583086104,6
VRPBL,890,ok,8.0964728441,5
VRPBL,891,ok,7.3763931720,4
VRPBL,892,ok,7.9550375781,4
VRPBL,893,ok,9.0023990331,5
VRPBL,894,ok,7.8301937692,4
VRPBL,895,ok,9.9937377683,5
VRPBL,896,ok,8.7142761111,4
VRPBL,897,ok,8.1865525832,4
VRPBL,898,ok,8.5841497423,4
VRPBL,899,ok,10.1904172158,4
VRPBL,900,ok,9.6060379214,5
VRPBL,901,ok,7.7448839783,5
VRPBL,902,ok,9.1102718165,5
VRPBL,903,ok,8.5878806855,4
VRPBL,904,ok,7.3609339912,4
VRPBL,905,ok,7.8117385663,4
VRPBL,906,ok,9.5201946633,5
VRPBL,907,ok,7.8517998099,4
VRPBL,908,ok,8.9717491224,4
VRPBL,909,ok,8.1228739944,4
VRPBL,910,ok,7.6956523417,4
VRPBL,911,ok,10.4798937273,5
VRPBL,912,ok,7.8815417862,5
VRPBL,913,ok,7.7489281216,5
VRPBL,914,ok,9.4696267350,5
VRPBL,915,ok,7.4054298728,5
VRPBL,916,ok,6.5946544663,4
VRPBL,917,ok,8.0084118134,5
VRPBL,918,ok,9.0165611120,5
VRPBL,919,ok,7.5404421299,4
VRPBL,920,ok,8.0953759062,4
VRPBL,921,ok,8.9587209898,5
VRPBL,922,ok,9.2343144632,5
VRPBL,923,ok,7.3714173646,4
VRPBL,924,ok,8.4754832014,5
VRPBL,925,ok,10.0068989770,6
VRPBL,926,ok,8.0426037830,4
VRPBL,927,ok,7.8688334068,5
VRPBL,928,ok,7.2835617108,4
VRPBL,929,ok,9.4919508317,5
VRPBL,930,ok,7.8222803621,5
VRPBL,931,ok,7.7833059917,5
VRPBL,932,ok,7.5156387144,4
VRPBL,933,ok,7.9626848643,4
VRPBL,934,ok,8.3770839652,5
VRPBL,935,ok,6.9447094852,4
VRPBL,936,ok,10.1893548470,5
VRPBL,937,ok,7.7276077531,4
VRPBL,938,ok,7.8239442914,5
VRPBL,939,ok,7.3465032252,4
VRPBL,940,ok,9.2571230574,4
VRPBL,941,ok,10.1240226890,6
VRPBL,942,ok,8.3272756934,4
VRPBL,943,ok,8.7505986423,5
VRPBL,944,ok,8.1130671768,4
VRPBL,945,ok,7.8457955412,4
VRPBL,946,ok,8.6017267401,4
VRPBL,947,ok,9.0195449831,4
VRPBL,948,ok,7.4590862574,4
VRPBL,949,ok,9.6093026298,5
VRPBL,950,ok,8.7454715208,5
VRPBL,951,ok,8.7099828309,4
VRPBL,952,ok,8.3531824298,4
VRPBL,953,ok,7.9656193407,4
VRPBL,954,ok,8.3680927638,4
VRPBL,955,ok,8.1000693153,4
VRPBL,956,ok,7.9697800746,5
VRPBL,957,ok,8.8256119484,4
VRPBL,958,ok,7.9957851896,5
VRPBL,959,ok,8.0628355843,5
VRPBL,960,ok,8.8516590947,5
VRPBL,961,ok,8.1551632449,4
VRPBL,962,ok,8.0397294860,4
VRPBL,963,ok,9.2591760605,5
VRPBL,964,ok,9.5086221041,4
VRPBL,965,ok,8.3227697133,4
VRPBL,966,ok,8.4390087847,5
VRPBL,967,ok,10.5105310384,5
VRPBL,968,ok,9.3576926558,5
VRPBL,969,ok,9.0583117266,5
VRPBL,970,ok,9.1097317720,5
VRPBL,971,ok,7.3717355132,4
VRPBL,972,ok,7.3869529236,5
VRPBL,973,ok,6.5716674465,4
VRPBL,974,ok,8.8431324966,5
VRPBL,975,ok,9.7360038075,4
VRPBL,976,ok,7.7658187495,4
VRPBL,977,ok,7.7751441307,4
VRPBL,978,ok,8.3913513536,4
VRPBL,979,ok,8.2531893117,4
VRPBL,980,ok,7.9672660178,4
VRPBL,981,ok,9.4252545444,4
VRPBL,982,ok,7.4250416270,4
VRPBL,983,ok,8.2570038752,5
VRPBL,984,ok,9.1795635004,4
VRPBL,985,ok,7.7804184985,4
VRPBL,986,ok,7.6359840176,5
VRPBL,987,ok,8.6879748488,5
VRPBL,988,ok,7.8793941389,5
VRPBL,989,ok,8.8887890459,5
VRPBL,990,ok,9.8046891115,5
VRPBL,991,ok,9.4197885552,6
VRPBL,992,ok,8.7861606263,5
VRPBL,993,ok,7.6086661015,5
VRPBL,994,ok,9.2674221900,5
VRPBL,995,ok,6.5243844733,4
VRPBL,996,ok,8.4094065020,5
VRPBL,997,ok,10.9554599054,5
VRPBL,998,ok,7.6099211520,4
VRPBL,999,ok,7.8667144639,4
VRPBTW,0,no_feasible_candidate,,
VRPBTW,1,no_feasible_candidate,,
VRPBTW,2,no_feasible_candidate,,
VRPBTW,3,no_feasible_candidate,,
VRPBTW,4,no_feasible_candidate,,
VRPBTW,5,no_feasible_candidate,,
VRPBTW,6,no_feasible_candidate,,
VRPBTW,7,no_feasible_candidate,,
VRPBTW,8,no_feasible_candidate,,
VRPBTW,9,no_feasible_candidate,,
VRPBTW,10,no_feasible_candidate,,
VRPBTW,11,no_feasible_candidate,,
VRPBTW,12,no_feasible_candidate,,
VRPBTW,13,no_feasible_candidate,,
VRPBTW,14,no_feasible_candidate,,
VRPBTW,15,no_feasible_candidate,,
VRPBTW,16,no_feasible_candidate,,
VRPBTW,17,ok,28.2499312125,16
VRPBTW,18,ok,20.8850680622,17
VRPBTW,19,no_feasible_candidate,,
VRPBTW,20,no_feasible_candidate,,
VRPBTW,21,no_feasible_candidate,,
VRPBTW,22,no_feasible_candidate,,
VRPBTW,23,no_feasible_candidate,,
VRPBTW,24,no_feasible_candidate,,
VRPBTW,25,no_feasible_candidate,,
VRPBTW,26,no_feasible_candidate,,
VRPBTW,27,ok,20.4331407841,16
VRPBTW,28,no_feasible_candidate,,
VRPBTW,29,no_feasible_candidate,,
VRPBTW,30,no_feasible_candidate,,
VRPBTW,31,no_feasible_candidate,,
VRPBTW,32,no_feasible_candidate,,
VRPBTW,33,no_feasible_candidate,,
VRPBTW,34,no_feasible_candidate,,
VRPBTW,35,no_feasible_candidate,,
VRPBTW,36,no_feasible_candidate,,
VRPBTW,37,no_feasible_candidate,,
VRPBTW,38,no_feasible_candidate,,
VRPBTW,39,no_feasible_candidate,,
VRPBTW,40,no_feasible_candidate,,
VRPBTW,41,no_feasible_candidate,,
VRPBTW,42,no_feasible_candidate,,
VRPBTW,43,ok,27.1086642100,16
VRPBTW,44,no_feasible_candidate,,
VRPBTW,45,no_feasible_candidate,,
VRPBTW,46,no_feasible_candidate,,
VRPBTW,47,no_feasible_candidate,,
VRPBTW,48,no_feasible_candidate,,
VRPBTW,49,ok,22.7071925035,18
VRPBTW,50,no_feasible_candidate,,
VRPBTW,51,no_feasible_candidate,,
VRPBTW,52,no_feasible_candidate,,
VRPBTW,53,no_feasible_candidate,,
VRPBTW,54,no_feasible_candidate,,
VRPBTW,55,no_feasible_candidate,,
VRPBTW,56,no_feasible_candidate,,
VRPBTW,57,no_feasible_candidate,,
VRPBTW,58,ok,23.4555572532,16
VRPBTW,59,no_feasible_candidate,,
VRPBTW,60,no_feasible_candidate,,
VRPBTW,61,no_feasible_candidate,,
VRPBTW,62,no_feasible_candidate,,
VRPBTW,63,no_feasible_candidate,,
VRPBTW,64,no_feasible_candidate,,
VRPBTW,65,ok,24.6254505182,20
VRPBTW,66,no_feasible_candidate,,
VRPBTW,67,no_feasible_candidate,,
VRPBTW,68,no_feasible_candidate,,
VRPBTW,69,no_feasible_candidate,,
VRPBTW,70,no_feasible_candidate,,
VRPBTW,71,no_feasible_candidate,,
VRPBTW,72,no_feasible_candidate,,
VRPBTW,73,no_feasible_candidate,,
VRPBTW,74,no_feasible_candidate,,
VRPBTW,75,ok,17.9589457478,16
VRPBTW,76,no_feasible_candidate,,
VRPBTW,77,no_feasible_candidate,,
VRPBTW,78,no_feasible_candidate,,
VRPBTW,79,no_feasible_candidate,,
VRPBTW,80,no_feasible_candidate,,
VRPBTW,81,ok,23.2150823581,18
VRPBTW,82,no_feasible_candidate,,
VRPBTW,83,no_feasible_candidate,,
VRPBTW,84,no_feasible_candidate,,
VRPBTW,85,no_feasible_candidate,,
VRPBTW,86,no_feasible_candidate,,
VRPBTW,87,ok,20.5756499780,14
VRPBTW,88,no_feasible_candidate,,
VRPBTW,89,no_feasible_candidate,,
VRPBTW,90,no_feasible_candidate,,
VRPBTW,91,ok,20.8721715181,18
VRPBTW,92,no_feasible_candidate,,
VRPBTW,93,no_feasible_candidate,,
VRPBTW,94,no_feasible_candidate,,
VRPBTW,95,no_feasible_candidate,,
VRPBTW,96,no_feasible_candidate,,
VRPBTW,97,no_feasible_candidate,,
VRPBTW,98,no_feasible_candidate,,
VRPBTW,99,no_feasible_candidate,,
VRPBTW,100,ok,31.5766956024,20
VRPBTW,101,ok,21.3244017592,19
VRPBTW,102,ok,21.5152113469,19
VRPBTW,103,no_feasible_candidate,,
VRPBTW,104,no_feasible_candidate,,
VRPBTW,105,no_feasible_candidate,,
VRPBTW,106,no_feasible_candidate,,
VRPBTW,107,ok,15.5103311002,16
VRPBTW,108,no_feasible_candidate,,
VRPBTW,109,no_feasible_candidate,,
VRPBTW,110,no_feasible_candidate,,
VRPBTW,111,no_feasible_candidate,,
VRPBTW,112,no_feasible_candidate,,
VRPBTW,113,ok,26.3442500801,19
VRPBTW,114,no_feasible_candidate,,
VRPBTW,115,no_feasible_candidate,,
VRPBTW,116,ok,19.1140275108,17
VRPBTW,117,no_feasible_candidate,,
VRPBTW,118,no_feasible_candidate,,
VRPBTW,119,no_feasible_candidate,,
VRPBTW,120,no_feasible_candidate,,
VRPBTW,121,no_feasible_candidate,,
VRPBTW,122,no_feasible_candidate,,
VRPBTW,123,no_feasible_candidate,,
VRPBTW,124,no_feasible_candidate,,
VRPBTW,125,no_feasible_candidate,,
VRPBTW,126,no_feasible_candidate,,
VRPBTW,127,no_feasible_candidate,,
VRPBTW,128,no_feasible_candidate,,
VRPBTW,129,no_feasible_candidate,,
VRPBTW,130,no_feasible_candidate,,
VRPBTW,131,no_feasible_candidate,,
VRPBTW,132,ok,24.2235963059,16
VRPBTW,133,no_feasible_candidate,,
VRPBTW,134,no_feasible_candidate,,
VRPBTW,135,no_feasible_candidate,,
VRPBTW,136,no_feasible_candidate,,
VRPBTW,137,no_feasible_candidate,,
VRPBTW,138,no_feasible_candidate,,
VRPBTW,139,no_feasible_candidate,,
VRPBTW,140,no_feasible_candidate,,
VRPBTW,141,no_feasible_candidate,,
VRPBTW,142,no_feasible_candidate,,
VRPBTW,143,ok,19.4496239808,14
VRPBTW,144,no_feasible_candidate,,
VRPBTW,145,no_feasible_candidate,,
VRPBTW,146,no_feasible_candidate,,
VRPBTW,147,no_feasible_candidate,,
VRPBTW,148,no_feasible_candidate,,
VRPBTW,149,no_feasible_candidate,,
VRPBTW,150,no_feasible_candidate,,
VRPBTW,151,no_feasible_candidate,,
VRPBTW,152,no_feasible_candidate,,
VRPBTW,153,no_feasible_candidate,,
VRPBTW,154,no_feasible_candidate,,
VRPBTW,155,no_feasible_candidate,,
VRPBTW,156,no_feasible_candidate,,
VRPBTW,157,ok,21.7779467693,16
VRPBTW,158,no_feasible_candidate,,
VRPBTW,159,no_feasible_candidate,,
VRPBTW,160,no_feasible_candidate,,
VRPBTW,161,no_feasible_candidate,,
VRPBTW,162,no_feasible_candidate,,
VRPBTW,163,no_feasible_candidate,,
VRPBTW,164,no_feasible_candidate,,
VRPBTW,165,no_feasible_candidate,,
VRPBTW,166,no_feasible_candidate,,
VRPBTW,167,no_feasible_candidate,,
VRPBTW,168,no_feasible_candidate,,
VRPBTW,169,no_feasible_candidate,,
VRPBTW,170,no_feasible_candidate,,
VRPBTW,171,no_feasible_candidate,,
VRPBTW,172,no_feasible_candidate,,
VRPBTW,173,no_feasible_candidate,,
VRPBTW,174,no_feasible_candidate,,
VRPBTW,175,no_feasible_candidate,,
VRPBTW,176,no_feasible_candidate,,
VRPBTW,177,no_feasible_candidate,,
VRPBTW,178,no_feasible_candidate,,
VRPBTW,179,no_feasible_candidate,,
VRPBTW,180,no_feasible_candidate,,
VRPBTW,181,ok,20.3149125166,16
VRPBTW,182,no_feasible_candidate,,
VRPBTW,183,no_feasible_candidate,,
VRPBTW,184,no_feasible_candidate,,
VRPBTW,185,ok,24.0971694064,15
VRPBTW,186,no_feasible_candidate,,
VRPBTW,187,no_feasible_candidate,,
VRPBTW,188,no_feasible_candidate,,
VRPBTW,189,no_feasible_candidate,,
VRPBTW,190,no_feasible_candidate,,
VRPBTW,191,no_feasible_candidate,,
VRPBTW,192,no_feasible_candidate,,
VRPBTW,193,no_feasible_candidate,,
VRPBTW,194,no_feasible_candidate,,
VRPBTW,195,no_feasible_candidate,,
VRPBTW,196,no_feasible_candidate,,
VRPBTW,197,no_feasible_candidate,,
VRPBTW,198,no_feasible_candidate,,
VRPBTW,199,ok,16.1453622035,16
VRPBTW,200,no_feasible_candidate,,
VRPBTW,201,no_feasible_candidate,,
VRPBTW,202,no_feasible_candidate,,
VRPBTW,203,no_feasible_candidate,,
VRPBTW,204,ok,22.6609269098,17
VRPBTW,205,no_feasible_candidate,,
VRPBTW,206,no_feasible_candidate,,
VRPBTW,207,no_feasible_candidate,,
VRPBTW,208,no_feasible_candidate,,
VRPBTW,209,ok,21.0499065704,16
VRPBTW,210,no_feasible_candidate,,
VRPBTW,211,no_feasible_candidate,,
VRPBTW,212,no_feasible_candidate,,
VRPBTW,213,no_feasible_candidate,,
VRPBTW,214,no_feasible_candidate,,
VRPBTW,215,no_feasible_candidate,,
VRPBTW,216,no_feasible_candidate,,
VRPBTW,217,no_feasible_candidate,,
VRPBTW,218,no_feasible_candidate,,
VRPBTW,219,no_feasible_candidate,,
VRPBTW,220,no_feasible_candidate,,
VRPBTW,221,no_feasible_candidate,,
VRPBTW,222,no_feasible_candidate,,
VRPBTW,223,no_feasible_candidate,,
VRPBTW,224,no_feasible_candidate,,
VRPBTW,225,no_feasible_candidate,,
VRPBTW,226,no_feasible_candidate,,
VRPBTW,227,no_feasible_candidate,,
VRPBTW,228,no_feasible_candidate,,
VRPBTW,229,no_feasible_candidate,,
VRPBTW,230,no_feasible_candidate,,
VRPBTW,231,no_feasible_candidate,,
VRPBTW,232,no_feasible_candidate,,
VRPBTW,233,ok,14.6579923668,14
VRPBTW,234,no_feasible_candidate,,
VRPBTW,235,ok,17.2510498574,16
VRPBTW,236,no_feasible_candidate,,
VRPBTW,237,no_feasible_candidate,,
VRPBTW,238,ok,18.2096146779,18
VRPBTW,239,no_feasible_candidate,,
VRPBTW,240,no_feasible_candidate,,
VRPBTW,241,no_feasible_candidate,,
VRPBTW,242,no_feasible_candidate,,
VRPBTW,243,no_feasible_candidate,,
VRPBTW,244,ok,29.8902648964,20
VRPBTW,245,no_feasible_candidate,,
VRPBTW,246,no_feasible_candidate,,
VRPBTW,247,no_feasible_candidate,,
VRPBTW,248,no_feasible_candidate,,
VRPBTW,249,no_feasible_candidate,,
VRPBTW,250,no_feasible_candidate,,
VRPBTW,251,no_feasible_candidate,,
VRPBTW,252,ok,28.9513865718,18
VRPBTW,253,no_feasible_candidate,,
VRPBTW,254,no_feasible_candidate,,
VRPBTW,255,no_feasible_candidate,,
VRPBTW,256,no_feasible_candidate,,
VRPBTW,257,no_feasible_candidate,,
VRPBTW,258,ok,29.8056358510,18
VRPBTW,259,no_feasible_candidate,,
VRPBTW,260,no_feasible_candidate,,
VRPBTW,261,no_feasible_candidate,,
VRPBTW,262,no_feasible_candidate,,
VRPBTW,263,no_feasible_candidate,,
VRPBTW,264,ok,20.5621483279,18
VRPBTW,265,ok,16.4233376197,15
VRPBTW,266,no_feasible_candidate,,
VRPBTW,267,no_feasible_candidate,,
VRPBTW,268,no_feasible_candidate,,
VRPBTW,269,no_feasible_candidate,,
VRPBTW,270,ok,26.1101410798,17
VRPBTW,271,no_feasible_candidate,,
VRPBTW,272,no_feasible_candidate,,
VRPBTW,273,ok,21.9122123014,18
VRPBTW,274,no_feasible_candidate,,
VRPBTW,275,ok,21.0399226600,16
VRPBTW,276,no_feasible_candidate,,
VRPBTW,277,ok,17.0349590008,16
VRPBTW,278,no_feasible_candidate,,
VRPBTW,279,no_feasible_candidate,,
VRPBTW,280,no_feasible_candidate,,
VRPBTW,281,ok,19.8594632918,18
VRPBTW,282,no_feasible_candidate,,
VRPBTW,283,no_feasible_candidate,,
VRPBTW,284,no_feasible_candidate,,
VRPBTW,285,no_feasible_candidate,,
VRPBTW,286,no_feasible_candidate,,
VRPBTW,287,no_feasible_candidate,,
VRPBTW,288,no_feasible_candidate,,
VRPBTW,289,no_feasible_candidate,,
VRPBTW,290,no_feasible_candidate,,
VRPBTW,291,no_feasible_candidate,,
VRPBTW,292,no_feasible_candidate,,
VRPBTW,293,no_feasible_candidate,,
VRPBTW,294,no_feasible_candidate,,
VRPBTW,295,ok,21.6311476605,18
VRPBTW,296,no_feasible_candidate,,
VRPBTW,297,no_feasible_candidate,,
VRPBTW,298,no_feasible_candidate,,
VRPBTW,299,no_feasible_candidate,,
VRPBTW,300,ok,23.6439918991,17
VRPBTW,301,no_feasible_candidate,,
VRPBTW,302,no_feasible_candidate,,
VRPBTW,303,no_feasible_candidate,,
VRPBTW,304,ok,16.6916192024,16
VRPBTW,305,no_feasible_candidate,,
VRPBTW,306,ok,19.5699276920,19
VRPBTW,307,no_feasible_candidate,,
VRPBTW,308,no_feasible_candidate,,
VRPBTW,309,ok,21.8819638297,16
VRPBTW,310,no_feasible_candidate,,
VRPBTW,311,no_feasible_candidate,,
VRPBTW,312,no_feasible_candidate,,
VRPBTW,313,no_feasible_candidate,,
VRPBTW,314,no_feasible_candidate,,
VRPBTW,315,no_feasible_candidate,,
VRPBTW,316,no_feasible_candidate,,
VRPBTW,317,no_feasible_candidate,,
VRPBTW,318,no_feasible_candidate,,
VRPBTW,319,ok,23.9505263704,18
VRPBTW,320,ok,24.3526108101,16
VRPBTW,321,no_feasible_candidate,,
VRPBTW,322,no_feasible_candidate,,
VRPBTW,323,no_feasible_candidate,,
VRPBTW,324,ok,20.5852016466,18
VRPBTW,325,no_feasible_candidate,,
VRPBTW,326,no_feasible_candidate,,
VRPBTW,327,no_feasible_candidate,,
VRPBTW,328,no_feasible_candidate,,
VRPBTW,329,no_feasible_candidate,,
VRPBTW,330,no_feasible_candidate,,
VRPBTW,331,no_feasible_candidate,,
VRPBTW,332,ok,19.7870375566,14
VRPBTW,333,no_feasible_candidate,,
VRPBTW,334,no_feasible_candidate,,
VRPBTW,335,no_feasible_candidate,,
VRPBTW,336,no_feasible_candidate,,
VRPBTW,337,no_feasible_candidate,,
VRPBTW,338,no_feasible_candidate,,
VRPBTW,339,no_feasible_candidate,,
VRPBTW,340,no_feasible_candidate,,
VRPBTW,341,no_feasible_candidate,,
VRPBTW,342,no_feasible_candidate,,
VRPBTW,343,no_feasible_candidate,,
VRPBTW,344,no_feasible_candidate,,
VRPBTW,345,no_feasible_candidate,,
VRPBTW,346,no_feasible_candidate,,
VRPBTW,347,no_feasible_candidate,,
VRPBTW,348,no_feasible_candidate,,
VRPBTW,349,no_feasible_candidate,,
VRPBTW,350,no_feasible_candidate,,
VRPBTW,351,no_feasible_candidate,,
VRPBTW,352,no_feasible_candidate,,
VRPBTW,353,ok,20.6122151992,16
VRPBTW,354,no_feasible_candidate,,
VRPBTW,355,no_feasible_candidate,,
VRPBTW,356,ok,17.8002061950,16
VRPBTW,357,no_feasible_candidate,,
VRPBTW,358,no_feasible_candidate,,
VRPBTW,359,no_feasible_candidate,,
VRPBTW,360,no_feasible_candidate,,
VRPBTW,361,no_feasible_candidate,,
VRPBTW,362,no_feasible_candidate,,
VRPBTW,363,no_feasible_candidate,,
VRPBTW,364,ok,22.8536582618,17
VRPBTW,365,no_feasible_candidate,,
VRPBTW,366,no_feasible_candidate,,
VRPBTW,367,no_feasible_candidate,,
VRPBTW,368,no_feasible_candidate,,
VRPBTW,369,no_feasible_candidate,,
VRPBTW,370,no_feasible_candidate,,
VRPBTW,371,no_feasible_candidate,,
VRPBTW,372,no_feasible_candidate,,
VRPBTW,373,ok,19.8335013276,19
VRPBTW,374,no_feasible_candidate,,
VRPBTW,375,no_feasible_candidate,,
VRPBTW,376,no_feasible_candidate,,
VRPBTW,377,no_feasible_candidate,,
VRPBTW,378,no_feasible_candidate,,
VRPBTW,379,no_feasible_candidate,,
VRPBTW,380,no_feasible_candidate,,
VRPBTW,381,no_feasible_candidate,,
VRPBTW,382,no_feasible_candidate,,
VRPBTW,383,ok,32.1260436953,20
VRPBTW,384,no_feasible_candidate,,
VRPBTW,385,no_feasible_candidate,,
VRPBTW,386,no_feasible_candidate,,
VRPBTW,387,no_feasible_candidate,,
VRPBTW,388,no_feasible_candidate,,
VRPBTW,389,no_feasible_candidate,,
VRPBTW,390,no_feasible_candidate,,
VRPBTW,391,no_feasible_candidate,,
VRPBTW,392,no_feasible_candidate,,
VRPBTW,393,no_feasible_candidate,,
VRPBTW,394,no_feasible_candidate,,
VRPBTW,395,no_feasible_candidate,,
VRPBTW,396,no_feasible_candidate,,
VRPBTW,397,no_feasible_candidate,,
VRPBTW,398,no_feasible_candidate,,
VRPBTW,399,no_feasible_candidate,,
VRPBTW,400,no_feasible_candidate,,
VRPBTW,401,no_feasible_candidate,,
VRPBTW,402,no_feasible_candidate,,
VRPBTW,403,no_feasible_candidate,,
VRPBTW,404,ok,18.4318385064,15
VRPBTW,405,no_feasible_candidate,,
VRPBTW,406,no_feasible_candidate,,
VRPBTW,407,no_feasible_candidate,,
VRPBTW,408,no_feasible_candidate,,
VRPBTW,409,no_feasible_candidate,,
VRPBTW,410,no_feasible_candidate,,
VRPBTW,411,no_feasible_candidate,,
VRPBTW,412,no_feasible_candidate,,
VRPBTW,413,no_feasible_candidate,,
VRPBTW,414,ok,20.9142673852,18
VRPBTW,415,no_feasible_candidate,,
VRPBTW,416,no_feasible_candidate,,
VRPBTW,417,no_feasible_candidate,,
VRPBTW,418,no_feasible_candidate,,
VRPBTW,419,no_feasible_candidate,,
VRPBTW,420,no_feasible_candidate,,
VRPBTW,421,no_feasible_candidate,,
VRPBTW,422,no_feasible_candidate,,
VRPBTW,423,no_feasible_candidate,,
VRPBTW,424,no_feasible_candidate,,
VRPBTW,425,no_feasible_candidate,,
VRPBTW,426,ok,26.3285857393,17
VRPBTW,427,no_feasible_candidate,,
VRPBTW,428,no_feasible_candidate,,
VRPBTW,429,no_feasible_candidate,,
VRPBTW,430,no_feasible_candidate,,
VRPBTW,431,no_feasible_candidate,,
VRPBTW,432,ok,20.0500256149,16
VRPBTW,433,no_feasible_candidate,,
VRPBTW,434,ok,19.7964856418,16
VRPBTW,435,no_feasible_candidate,,
VRPBTW,436,no_feasible_candidate,,
VRPBTW,437,no_feasible_candidate,,
VRPBTW,438,no_feasible_candidate,,
VRPBTW,439,no_feasible_candidate,,
VRPBTW,440,no_feasible_candidate,,
VRPBTW,441,no_feasible_candidate,,
VRPBTW,442,no_feasible_candidate,,
VRPBTW,443,no_feasible_candidate,,
VRPBTW,444,ok,16.3933257527,16
VRPBTW,445,ok,19.8963736297,15
VRPBTW,446,ok,19.1103994945,16
VRPBTW,447,no_feasible_candidate,,
VRPBTW,448,no_feasible_candidate,,
VRPBTW,449,no_feasible_candidate,,
VRPBTW,450,no_feasible_candidate,,
VRPBTW,451,no_feasible_candidate,,
VRPBTW,452,no_feasible_candidate,,
VRPBTW,453,ok,21.1447104482,17
VRPBTW,454,no_feasible_candidate,,
VRPBTW,455,ok,22.8355691135,17
VRPBTW,456,no_feasible_candidate,,
VRPBTW,457,no_feasible_candidate,,
VRPBTW,458,ok,27.8426650485,19
VRPBTW,459,no_feasible_candidate,,
VRPBTW,460,no_feasible_candidate,,
VRPBTW,461,no_feasible_candidate,,
VRPBTW,462,no_feasible_candidate,,
VRPBTW,463,no_feasible_candidate,,
VRPBTW,464,ok,19.1931008315,15
VRPBTW,465,no_feasible_candidate,,
VRPBTW,466,no_feasible_candidate,,
VRPBTW,467,ok,26.5620646355,17
VRPBTW,468,no_feasible_candidate,,
VRPBTW,469,no_feasible_candidate,,
VRPBTW,470,no_feasible_candidate,,
VRPBTW,471,no_feasible_candidate,,
VRPBTW,472,ok,27.4799998848,19
VRPBTW,473,no_feasible_candidate,,
VRPBTW,474,no_feasible_candidate,,
VRPBTW,475,no_feasible_candidate,,
VRPBTW,476,no_feasible_candidate,,
VRPBTW,477,no_feasible_candidate,,
VRPBTW,478,ok,22.0691772639,16
VRPBTW,479,no_feasible_candidate,,
VRPBTW,480,ok,25.2180512117,17
VRPBTW,481,no_feasible_candidate,,
VRPBTW,482,no_feasible_candidate,,
VRPBTW,483,no_feasible_candidate,,
VRPBTW,484,no_feasible_candidate,,
VRPBTW,485,no_feasible_candidate,,
VRPBTW,486,no_feasible_candidate,,
VRPBTW,487,ok,16.0002954880,15
VRPBTW,488,ok,18.2857595034,17
VRPBTW,489,no_feasible_candidate,,
VRPBTW,490,no_feasible_candidate,,
VRPBTW,491,no_feasible_candidate,,
VRPBTW,492,ok,23.4656478199,18
VRPBTW,493,no_feasible_candidate,,
VRPBTW,494,no_feasible_candidate,,
VRPBTW,495,no_feasible_candidate,,
VRPBTW,496,no_feasible_candidate,,
VRPBTW,497,no_feasible_candidate,,
VRPBTW,498,ok,26.4567338801,19
VRPBTW,499,no_feasible_candidate,,
VRPBTW,500,no_feasible_candidate,,
VRPBTW,501,no_feasible_candidate,,
VRPBTW,502,no_feasible_candidate,,
VRPBTW,503,no_feasible_candidate,,
VRPBTW,504,no_feasible_candidate,,
VRPBTW,505,no_feasible_candidate,,
VRPBTW,506,no_feasible_candidate,,
VRPBTW,507,no_feasible_candidate,,
VRPBTW,508,no_feasible_candidate,,
VRPBTW,509,ok,16.0720164362,15
VRPBTW,510,no_feasible_candidate,,
VRPBTW,511,no_feasible_candidate,,
VRPBTW,512,no_feasible_candidate,,
VRPBTW,513,no_feasible_candidate,,
VRPBTW,514,no_feasible_candidate,,
VRPBTW,515,no_feasible_candidate,,
VRPBTW,516,no_feasible_candidate,,
VRPBTW,517,no_feasible_candidate,,
VRPBTW,518,no_feasible_candidate,,
VRPBTW,519,no_feasible_candidate,,
VRPBTW,520,no_feasible_candidate,,
VRPBTW,521,no_feasible_candidate,,
VRPBTW,522,no_feasible_candidate,,
VRPBTW,523,no_feasible_candidate,,
VRPBTW,524,no_feasible_candidate,,
VRPBTW,525,no_feasible_candidate,,
VRPBTW,526,ok,22.9987577387,17
VRPBTW,527,no_feasible_candidate,,
VRPBTW,528,ok,20.3053953266,16
VRPBTW,529,no_feasible_candidate,,
VRPBTW,530,no_feasible_candidate,,
VRPBTW,531,no_feasible_candidate,,
VRPBTW,532,no_feasible_candidate,,
VRPBTW,533,no_feasible_candidate,,
VRPBTW,534,no_feasible_candidate,,
VRPBTW,535,no_feasible_candidate,,
VRPBTW,536,no_feasible_candidate,,
VRPBTW,537,no_feasible_candidate,,
VRPBTW,538,no_feasible_candidate,,
VRPBTW,539,no_feasible_candidate,,
VRPBTW,540,no_feasible_candidate,,
VRPBTW,541,no_feasible_candidate,,
VRPBTW,542,no_feasible_candidate,,
VRPBTW,543,no_feasible_candidate,,
VRPBTW,544,no_feasible_candidate,,
VRPBTW,545,ok,22.8098033333,17
VRPBTW,546,no_feasible_candidate,,
VRPBTW,547,no_feasible_candidate,,
VRPBTW,548,no_feasible_candidate,,
VRPBTW,549,ok,27.7147743041,18
VRPBTW,550,ok,23.2217492646,18
VRPBTW,551,no_feasible_candidate,,
VRPBTW,552,no_feasible_candidate,,
VRPBTW,553,no_feasible_candidate,,
VRPBTW,554,ok,19.5551901048,16
VRPBTW,555,ok,29.0129828566,18
VRPBTW,556,ok,28.4888076050,19
VRPBTW,557,ok,33.7538730127,19
VRPBTW,558,no_feasible_candidate,,
VRPBTW,559,ok,18.1294427983,18
VRPBTW,560,no_feasible_candidate,,
VRPBTW,561,no_feasible_candidate,,
VRPBTW,562,no_feasible_candidate,,
VRPBTW,563,no_feasible_candidate,,
VRPBTW,564,no_feasible_candidate,,
VRPBTW,565,no_feasible_candidate,,
VRPBTW,566,no_feasible_candidate,,
VRPBTW,567,no_feasible_candidate,,
VRPBTW,568,no_feasible_candidate,,
VRPBTW,569,ok,20.5390405159,17
VRPBTW,570,no_feasible_candidate,,
VRPBTW,571,no_feasible_candidate,,
VRPBTW,572,no_feasible_candidate,,
VRPBTW,573,no_feasible_candidate,,
VRPBTW,574,no_feasible_candidate,,
VRPBTW,575,no_feasible_candidate,,
VRPBTW,576,no_feasible_candidate,,
VRPBTW,577,no_feasible_candidate,,
VRPBTW,578,no_feasible_candidate,,
VRPBTW,579,no_feasible_candidate,,
VRPBTW,580,no_feasible_candidate,,
VRPBTW,581,no_feasible_candidate,,
VRPBTW,582,no_feasible_candidate,,
VRPBTW,583,no_feasible_candidate,,
VRPBTW,584,no_feasible_candidate,,
VRPBTW,585,no_feasible_candidate,,
VRPBTW,586,no_feasible_candidate,,
VRPBTW,587,no_feasible_candidate,,
VRPBTW,588,ok,25.8582448748,16
VRPBTW,589,no_feasible_candidate,,
VRPBTW,590,no_feasible_candidate,,
VRPBTW,591,no_feasible_candidate,,
VRPBTW,592,no_feasible_candidate,,
VRPBTW,593,no_feasible_candidate,,
VRPBTW,594,ok,17.0908500030,15
VRPBTW,595,no_feasible_candidate,,
VRPBTW,596,ok,17.8429551723,16
VRPBTW,597,ok,18.4847545814,17
VRPBTW,598,ok,20.6039399713,15
VRPBTW,599,no_feasible_candidate,,
VRPBTW,600,no_feasible_candidate,,
VRPBTW,601,no_feasible_candidate,,
VRPBTW,602,no_feasible_candidate,,
VRPBTW,603,no_feasible_candidate,,
VRPBTW,604,no_feasible_candidate,,
VRPBTW,605,no_feasible_candidate,,
VRPBTW,606,no_feasible_candidate,,
VRPBTW,607,no_feasible_candidate,,
VRPBTW,608,no_feasible_candidate,,
VRPBTW,609,no_feasible_candidate,,
VRPBTW,610,no_feasible_candidate,,
VRPBTW,611,no_feasible_candidate,,
VRPBTW,612,no_feasible_candidate,,
VRPBTW,613,no_feasible_candidate,,
VRPBTW,614,ok,21.6450824224,17
VRPBTW,615,ok,21.8314328880,18
VRPBTW,616,no_feasible_candidate,,
VRPBTW,617,no_feasible_candidate,,
VRPBTW,618,no_feasible_candidate,,
VRPBTW,619,ok,25.1118570634,19
VRPBTW,620,no_feasible_candidate,,
VRPBTW,621,no_feasible_candidate,,
VRPBTW,622,ok,25.1487310268,18
VRPBTW,623,no_feasible_candidate,,
VRPBTW,624,no_feasible_candidate,,
VRPBTW,625,no_feasible_candidate,,
VRPBTW,626,no_feasible_candidate,,
VRPBTW,627,no_feasible_candidate,,
VRPBTW,628,no_feasible_candidate,,
VRPBTW,629,no_feasible_candidate,,
VRPBTW,630,no_feasible_candidate,,
VRPBTW,631,no_feasible_candidate,,
VRPBTW,632,no_feasible_candidate,,
VRPBTW,633,no_feasible_candidate,,
VRPBTW,634,no_feasible_candidate,,
VRPBTW,635,no_feasible_candidate,,
VRPBTW,636,no_feasible_candidate,,
VRPBTW,637,no_feasible_candidate,,
VRPBTW,638,no_feasible_candidate,,
VRPBTW,639,no_feasible_candidate,,
VRPBTW,640,no_feasible_candidate,,
VRPBTW,641,ok,16.7634633330,18
VRPBTW,642,no_feasible_candidate,,
VRPBTW,643,no_feasible_candidate,,
VRPBTW,644,no_feasible_candidate,,
VRPBTW,645,ok,16.9030777989,17
VRPBTW,646,no_feasible_candidate,,
VRPBTW,647,no_feasible_candidate,,
VRPBTW,648,no_feasible_candidate,,
VRPBTW,649,no_feasible_candidate,,
VRPBTW,650,no_feasible_candidate,,
VRPBTW,651,no_feasible_candidate,,
VRPBTW,652,ok,28.3191209819,18
VRPBTW,653,no_feasible_candidate,,
VRPBTW,654,no_feasible_candidate,,
VRPBTW,655,no_feasible_candidate,,
VRPBTW,656,no_feasible_candidate,,
VRPBTW,657,no_feasible_candidate,,
VRPBTW,658,no_feasible_candidate,,
VRPBTW,659,ok,26.4066862638,17
VRPBTW,660,no_feasible_candidate,,
VRPBTW,661,no_feasible_candidate,,
VRPBTW,662,no_feasible_candidate,,
VRPBTW,663,no_feasible_candidate,,
VRPBTW,664,no_feasible_candidate,,
VRPBTW,665,no_feasible_candidate,,
VRPBTW,666,ok,14.8344042431,15
VRPBTW,667,ok,24.1635863839,18
VRPBTW,668,no_feasible_candidate,,
VRPBTW,669,no_feasible_candidate,,
VRPBTW,670,no_feasible_candidate,,
VRPBTW,671,ok,16.2187944803,16
VRPBTW,672,no_feasible_candidate,,
VRPBTW,673,no_feasible_candidate,,
VRPBTW,674,no_feasible_candidate,,
VRPBTW,675,no_feasible_candidate,,
VRPBTW,676,no_feasible_candidate,,
VRPBTW,677,ok,21.0437389677,18
VRPBTW,678,no_feasible_candidate,,
VRPBTW,679,no_feasible_candidate,,
VRPBTW,680,no_feasible_candidate,,
VRPBTW,681,no_feasible_candidate,,
VRPBTW,682,no_feasible_candidate,,
VRPBTW,683,no_feasible_candidate,,
VRPBTW,684,no_feasible_candidate,,
VRPBTW,685,no_feasible_candidate,,
VRPBTW,686,no_feasible_candidate,,
VRPBTW,687,no_feasible_candidate,,
VRPBTW,688,no_feasible_candidate,,
VRPBTW,689,ok,20.4836325961,16
VRPBTW,690,no_feasible_candidate,,
VRPBTW,691,no_feasible_candidate,,
VRPBTW,692,no_feasible_candidate,,
VRPBTW,693,ok,19.2593344501,16
VRPBTW,694,no_feasible_candidate,,
VRPBTW,695,no_feasible_candidate,,
VRPBTW,696,ok,16.3456186284,15
VRPBTW,697,no_feasible_candidate,,
VRPBTW,698,ok,19.0182213019,15
VRPBTW,699,no_feasible_candidate,,
VRPBTW,700,no_feasible_candidate,,
VRPBTW,701,no_feasible_candidate,,
VRPBTW,702,no_feasible_candidate,,
VRPBTW,703,no_feasible_candidate,,
VRPBTW,704,no_feasible_candidate,,
VRPBTW,705,no_feasible_candidate,,
VRPBTW,706,no_feasible_candidate,,
VRPBTW,707,no_feasible_candidate,,
VRPBTW,708,no_feasible_candidate,,
VRPBTW,709,no_feasible_candidate,,
VRPBTW,710,no_feasible_candidate,,
VRPBTW,711,no_feasible_candidate,,
VRPBTW,712,no_feasible_candidate,,
VRPBTW,713,no_feasible_candidate,,
VRPBTW,714,no_feasible_candidate,,
VRPBTW,715,no_feasible_candidate,,
VRPBTW,716,ok,15.2723270420,14
VRPBTW,717,no_feasible_candidate,,
VRPBTW,718,no_feasible_candidate,,
VRPBTW,719,ok,18.8361087610,16
VRPBTW,720,no_feasible_candidate,,
VRPBTW,721,no_feasible_candidate,,
VRPBTW,722,no_feasible_candidate,,
VRPBTW,723,no_feasible_candidate,,
VRPBTW,724,ok,23.1107167905,17
VRPBTW,725,ok,20.9597144626,17
VRPBTW,726,no_feasible_candidate,,
VRPBTW,727,ok,18.5924132962,16
VRPBTW,728,no_feasible_candidate,,
VRPBTW,729,ok,24.5382959107,17
VRPBTW,730,no_feasible_candidate,,
VRPBTW,731,ok,19.5898527496,15
VRPBTW,732,no_feasible_candidate,,
VRPBTW,733,no_feasible_candidate,,
VRPBTW,734,no_feasible_candidate,,
VRPBTW,735,ok,24.1926770303,20
VRPBTW,736,no_feasible_candidate,,
VRPBTW,737,no_feasible_candidate,,
VRPBTW,738,no_feasible_candidate,,
VRPBTW,739,no_feasible_candidate,,
VRPBTW,740,no_feasible_candidate,,
VRPBTW,741,ok,25.0674657236,19
VRPBTW,742,no_feasible_candidate,,
VRPBTW,743,no_feasible_candidate,,
VRPBTW,744,no_feasible_candidate,,
VRPBTW,745,no_feasible_candidate,,
VRPBTW,746,no_feasible_candidate,,
VRPBTW,747,no_feasible_candidate,,
VRPBTW,748,no_feasible_candidate,,
VRPBTW,749,ok,22.9906848960,17
VRPBTW,750,ok,28.0340196697,17
VRPBTW,751,no_feasible_candidate,,
VRPBTW,752,no_feasible_candidate,,
VRPBTW,753,no_feasible_candidate,,
VRPBTW,754,ok,22.5259212006,16
VRPBTW,755,ok,15.6955663826,15
VRPBTW,756,no_feasible_candidate,,
VRPBTW,757,ok,18.5604457305,15
VRPBTW,758,no_feasible_candidate,,
VRPBTW,759,no_feasible_candidate,,
VRPBTW,760,no_feasible_candidate,,
VRPBTW,761,ok,19.1817754764,17
VRPBTW,762,ok,20.2964933863,16
VRPBTW,763,ok,25.6425495504,18
VRPBTW,764,no_feasible_candidate,,
VRPBTW,765,no_feasible_candidate,,
VRPBTW,766,ok,25.2804374496,18
VRPBTW,767,no_feasible_candidate,,
VRPBTW,768,no_feasible_candidate,,
VRPBTW,769,no_feasible_candidate,,
VRPBTW,770,no_feasible_candidate,,
VRPBTW,771,no_feasible_candidate,,
VRPBTW,772,ok,14.9176068910,13
VRPBTW,773,ok,20.7324073482,19
VRPBTW,774,ok,29.0490205884,20
VRPBTW,775,ok,15.8333076045,16
VRPBTW,776,no_feasible_candidate,,
VRPBTW,777,no_feasible_candidate,,
VRPBTW,778,ok,18.5583513733,14
VRPBTW,779,ok,15.1261641166,15
VRPBTW,780,ok,26.5113539289,18
VRPBTW,781,no_feasible_candidate,,
VRPBTW,782,no_feasible_candidate,,
VRPBTW,783,no_feasible_candidate,,
VRPBTW,784,no_feasible_candidate,,
VRPBTW,785,ok,27.6977508012,20
VRPBTW,786,no_feasible_candidate,,
VRPBTW,787,no_feasible_candidate,,
VRPBTW,788,no_feasible_candidate,,
VRPBTW,789,no_feasible_candidate,,
VRPBTW,790,no_feasible_candidate,,
VRPBTW,791,no_feasible_candidate,,
VRPBTW,792,no_feasible_candidate,,
VRPBTW,793,no_feasible_candidate,,
VRPBTW,794,no_feasible_candidate,,
VRPBTW,795,no_feasible_candidate,,
VRPBTW,796,no_feasible_candidate,,
VRPBTW,797,ok,23.3647895283,18
VRPBTW,798,no_feasible_candidate,,
VRPBTW,799,no_feasible_candidate,,
VRPBTW,800,ok,15.1064278295,13
VRPBTW,801,no_feasible_candidate,,
VRPBTW,802,no_feasible_candidate,,
VRPBTW,803,no_feasible_candidate,,
VRPBTW,804,no_feasible_candidate,,
VRPBTW,805,no_feasible_candidate,,
VRPBTW,806,no_feasible_candidate,,
VRPBTW,807,ok,26.2771176583,17
VRPBTW,808,no_feasible_candidate,,
VRPBTW,809,no_feasible_candidate,,
VRPBTW,810,ok,25.6696052734,19
VRPBTW,811,ok,21.8651343759,17
VRPBTW,812,no_feasible_candidate,,
VRPBTW,813,no_feasible_candidate,,
VRPBTW,814,no_feasible_candidate,,
VRPBTW,815,no_feasible_candidate,,
VRPBTW,816,no_feasible_candidate,,
VRPBTW,817,ok,24.8868621888,17
VRPBTW,818,ok,22.5430218995,18
VRPBTW,819,no_feasible_candidate,,
VRPBTW,820,ok,15.9605519610,16
VRPBTW,821,no_feasible_candidate,,
VRPBTW,822,no_feasible_candidate,,
VRPBTW,823,no_feasible_candidate,,
VRPBTW,824,ok,24.6224698934,17
VRPBTW,825,no_feasible_candidate,,
VRPBTW,826,no_feasible_candidate,,
VRPBTW,827,no_feasible_candidate,,
VRPBTW,828,no_feasible_candidate,,
VRPBTW,829,no_feasible_candidate,,
VRPBTW,830,no_feasible_candidate,,
VRPBTW,831,no_feasible_candidate,,
VRPBTW,832,no_feasible_candidate,,
VRPBTW,833,no_feasible_candidate,,
VRPBTW,834,no_feasible_candidate,,
VRPBTW,835,no_feasible_candidate,,
VRPBTW,836,ok,19.2011338529,16
VRPBTW,837,no_feasible_candidate,,
VRPBTW,838,ok,15.2006412226,14
VRPBTW,839,ok,22.3669404897,17
VRPBTW,840,ok,19.7292634683,18
VRPBTW,841,no_feasible_candidate,,
VRPBTW,842,no_feasible_candidate,,
VRPBTW,843,no_feasible_candidate,,
VRPBTW,844,no_feasible_candidate,,
VRPBTW,845,ok,25.4561404715,19
VRPBTW,846,no_feasible_candidate,,
VRPBTW,847,no_feasible_candidate,,
VRPBTW,848,no_feasible_candidate,,
VRPBTW,849,no_feasible_candidate,,
VRPBTW,850,no_feasible_candidate,,
VRPBTW,851,no_feasible_candidate,,
VRPBTW,852,no_feasible_candidate,,
VRPBTW,853,no_feasible_candidate,,
VRPBTW,854,no_feasible_candidate,,
VRPBTW,855,no_feasible_candidate,,
VRPBTW,856,no_feasible_candidate,,
VRPBTW,857,ok,17.5730442047,15
VRPBTW,858,no_feasible_candidate,,
VRPBTW,859,no_feasible_candidate,,
VRPBTW,860,no_feasible_candidate,,
VRPBTW,861,no_feasible_candidate,,
VRPBTW,862,no_feasible_candidate,,
VRPBTW,863,no_feasible_candidate,,
VRPBTW,864,no_feasible_candidate,,
VRPBTW,865,no_feasible_candidate,,
VRPBTW,866,no_feasible_candidate,,
VRPBTW,867,no_feasible_candidate,,
VRPBTW,868,no_feasible_candidate,,
VRPBTW,869,no_feasible_candidate,,
VRPBTW,870,no_feasible_candidate,,
VRPBTW,871,no_feasible_candidate,,
VRPBTW,872,no_feasible_candidate,,
VRPBTW,873,no_feasible_candidate,,
VRPBTW,874,no_feasible_candidate,,
VRPBTW,875,no_feasible_candidate,,
VRPBTW,876,no_feasible_candidate,,
VRPBTW,877,no_feasible_candidate,,
VRPBTW,878,no_feasible_candidate,,
VRPBTW,879,ok,20.1127425598,15
VRPBTW,880,no_feasible_candidate,,
VRPBTW,881,no_feasible_candidate,,
VRPBTW,882,no_feasible_candidate,,
VRPBTW,883,no_feasible_candidate,,
VRPBTW,884,no_feasible_candidate,,
VRPBTW,885,no_feasible_candidate,,
VRPBTW,886,no_feasible_candidate,,
VRPBTW,887,no_feasible_candidate,,
VRPBTW,888,no_feasible_candidate,,
VRPBTW,889,ok,21.1283553092,16
VRPBTW,890,ok,20.8611980568,16
VRPBTW,891,no_feasible_candidate,,
VRPBTW,892,ok,29.2274431985,19
VRPBTW,893,no_feasible_candidate,,
VRPBTW,894,no_feasible_candidate,,
VRPBTW,895,no_feasible_candidate,,
VRPBTW,896,no_feasible_candidate,,
VRPBTW,897,no_feasible_candidate,,
VRPBTW,898,no_feasible_candidate,,
VRPBTW,899,ok,20.2727964257,14
VRPBTW,900,no_feasible_candidate,,
VRPBTW,901,no_feasible_candidate,,
VRPBTW,902,no_feasible_candidate,,
VRPBTW,903,no_feasible_candidate,,
VRPBTW,904,ok,19.0720168558,14
VRPBTW,905,ok,21.4868497181,16
VRPBTW,906,ok,19.3944008061,17
VRPBTW,907,no_feasible_candidate,,
VRPBTW,908,no_feasible_candidate,,
VRPBTW,909,no_feasible_candidate,,
VRPBTW,910,no_feasible_candidate,,
VRPBTW,911,no_feasible_candidate,,
VRPBTW,912,no_feasible_candidate,,
VRPBTW,913,no_feasible_candidate,,
VRPBTW,914,no_feasible_candidate,,
VRPBTW,915,no_feasible_candidate,,
VRPBTW,916,no_feasible_candidate,,
VRPBTW,917,no_feasible_candidate,,
VRPBTW,918,no_feasible_candidate,,
VRPBTW,919,no_feasible_candidate,,
VRPBTW,920,no_feasible_candidate,,
VRPBTW,921,no_feasible_candidate,,
VRPBTW,922,no_feasible_candidate,,
VRPBTW,923,no_feasible_candidate,,
VRPBTW,924,no_feasible_candidate,,
VRPBTW,925,no_feasible_candidate,,
VRPBTW,926,no_feasible_candidate,,
VRPBTW,927,no_feasible_candidate,,
VRPBTW,928,no_feasible_candidate,,
VRPBTW,929,no_feasible_candidate,,
VRPBTW,930,no_feasible_candidate,,
VRPBTW,931,no_feasible_candidate,,
VRPBTW,932,no_feasible_candidate,,
VRPBTW,933,no_feasible_candidate,,
VRPBTW,934,no_feasible_candidate,,
VRPBTW,935,no_feasible_candidate,,
VRPBTW,936,no_feasible_candidate,,
VRPBTW,937,no_feasible_candidate,,
VRPBTW,938,no_feasible_candidate,,
VRPBTW,939,no_feasible_candidate,,
VRPBTW,940,no_feasible_candidate,,
VRPBTW,941,no_feasible_candidate,,
VRPBTW,942,no_feasible_candidate,,
VRPBTW,943,ok,19.4416855539,16
VRPBTW,944,no_feasible_candidate,,
VRPBTW,945,no_feasible_candidate,,
VRPBTW,946,no_feasible_candidate,,
VRPBTW,947,no_feasible_candidate,,
VRPBTW,948,ok,27.4099391870,18
VRPBTW,949,no_feasible_candidate,,
VRPBTW,950,no_feasible_candidate,,
VRPBTW,951,no_feasible_candidate,,
VRPBTW,952,no_feasible_candidate,,
VRPBTW,953,no_feasible_candidate,,
VRPBTW,954,no_feasible_candidate,,
VRPBTW,955,no_feasible_candidate,,
VRPBTW,956,no_feasible_candidate,,
VRPBTW,957,no_feasible_candidate,,
VRPBTW,958,ok,26.8108555856,17
VRPBTW,959,no_feasible_candidate,,
VRPBTW,960,no_feasible_candidate,,
VRPBTW,961,no_feasible_candidate,,
VRPBTW,962,no_feasible_candidate,,
VRPBTW,963,no_feasible_candidate,,
VRPBTW,964,no_feasible_candidate,,
VRPBTW,965,no_feasible_candidate,,
VRPBTW,966,ok,25.2316167942,17
VRPBTW,967,no_feasible_candidate,,
VRPBTW,968,no_feasible_candidate,,
VRPBTW,969,no_feasible_candidate,,
VRPBTW,970,no_feasible_candidate,,
VRPBTW,971,no_feasible_candidate,,
VRPBTW,972,no_feasible_candidate,,
VRPBTW,973,no_feasible_candidate,,
VRPBTW,974,no_feasible_candidate,,
VRPBTW,975,no_feasible_candidate,,
VRPBTW,976,no_feasible_candidate,,
VRPBTW,977,no_feasible_candidate,,
VRPBTW,978,no_feasible_candidate,,
VRPBTW,979,no_feasible_candidate,,
VRPBTW,980,no_feasible_candidate,,
VRPBTW,981,ok,21.0455505707,18
VRPBTW,982,ok,23.4207024850,19
VRPBTW,983,no_feasible_candidate,,
VRPBTW,984,ok,18.6609014786,15
VRPBTW,985,no_feasible_candidate,,
VRPBTW,986,no_feasible_candidate,,
VRPBTW,987,no_feasible_candidate,,
VRPBTW,988,no_feasible_candidate,,
VRPBTW,989,ok,26.4084684294,21
VRPBTW,990,no_feasible_candidate,,
VRPBTW,991,ok,18.7839171653,18
VRPBTW,992,no_feasible_candidate,,
VRPBTW,993,no_feasible_candidate,,
VRPBTW,994,no_feasible_candidate,,
VRPBTW,995,no_feasible_candidate,,
VRPBTW,996,no_feasible_candidate,,
VRPBTW,997,no_feasible_candidate,,
VRPBTW,998,no_feasible_candidate,,
VRPBTW,999,no_feasible_candidate,,
VRPLTW,0,ok,15.6643593480,14
VRPLTW,1,ok,16.6338516805,14
VRPLTW,2,ok,14.6577164224,14
VRPLTW,3,ok,16.3600104387,14
VRPLTW,4,ok,21.2434930823,16
VRPLTW,5,ok,16.4697735347,14
VRPLTW,6,ok,19.4004694689,16
VRPLTW,7,ok,18.6796596875,16
VRPLTW,8,ok,16.7937467533,13
VRPLTW,9,ok,23.1440623826,15
VRPLTW,10,ok,15.0242958552,15
VRPLTW,11,ok,18.5170695802,16
VRPLTW,12,ok,14.5038727740,15
VRPLTW,13,ok,17.1721695564,15
VRPLTW,14,ok,23.7165980757,15
VRPLTW,15,ok,18.8692259529,17
VRPLTW,16,ok,12.5993643005,13
VRPLTW,17,ok,16.2102331142,17
VRPLTW,18,ok,16.1209242098,13
VRPLTW,19,ok,18.9414480999,16
VRPLTW,20,ok,14.3430000327,13
VRPLTW,21,ok,14.3254702648,12
VRPLTW,22,ok,24.4462449726,15
VRPLTW,23,ok,19.2950186942,14
VRPLTW,24,ok,24.7180820931,16
VRPLTW,25,ok,14.3325461812,12
VRPLTW,26,ok,17.2764941773,15
VRPLTW,27,ok,21.2398165386,15
VRPLTW,28,ok,19.3177224317,14
VRPLTW,29,ok,15.0780651849,15
VRPLTW,30,ok,19.2617500508,16
VRPLTW,31,ok,21.9688081968,15
VRPLTW,32,ok,27.6829923804,17
VRPLTW,33,ok,22.4540318075,18
VRPLTW,34,ok,15.7266096860,15
VRPLTW,35,ok,17.9310002192,15
VRPLTW,36,ok,14.1268793514,13
VRPLTW,37,ok,14.7467823290,14
VRPLTW,38,ok,22.5770851585,16
VRPLTW,39,ok,15.3008754271,17
VRPLTW,40,ok,16.0113160966,15
VRPLTW,41,ok,17.2096352538,14
VRPLTW,42,ok,19.4881515653,15
VRPLTW,43,ok,15.1319258807,15
VRPLTW,44,ok,18.3537499610,15
VRPLTW,45,ok,15.1412147123,14
VRPLTW,46,ok,15.1282912600,13
VRPLTW,47,ok,19.9153055222,15
VRPLTW,48,ok,20.2877112360,14
VRPLTW,49,ok,16.6920175702,16
VRPLTW,50,ok,20.5371729243,15
VRPLTW,51,ok,24.2267111906,15
VRPLTW,52,ok,19.1710724946,16
VRPLTW,53,ok,17.7216698577,16
VRPLTW,54,ok,17.4098510450,15
VRPLTW,55,ok,18.9801136871,16
VRPLTW,56,ok,15.9130318236,16
VRPLTW,57,ok,20.6576216281,17
VRPLTW,58,ok,18.2057604628,16
VRPLTW,59,ok,13.9227238695,13
VRPLTW,60,ok,16.8810735688,16
VRPLTW,61,ok,18.8392010461,14
VRPLTW,62,ok,21.0229238334,14
VRPLTW,63,ok,17.2200858173,18
VRPLTW,64,ok,19.8327735578,15
VRPLTW,65,ok,20.0904240137,16
VRPLTW,66,ok,20.2980991179,17
VRPLTW,67,ok,20.4196200163,15
VRPLTW,68,ok,19.5668633718,15
VRPLTW,69,ok,15.6239831312,15
VRPLTW,70,ok,26.4780920767,16
VRPLTW,71,ok,13.9420837735,13
VRPLTW,72,ok,18.0343243665,15
VRPLTW,73,ok,16.7684445123,14
VRPLTW,74,ok,14.6499079055,15
VRPLTW,75,ok,18.6473503687,15
VRPLTW,76,ok,16.0048656251,15
VRPLTW,77,ok,21.6851315639,17
VRPLTW,78,ok,16.1812109392,15
VRPLTW,79,ok,25.4121663526,16
VRPLTW,80,ok,14.4754951793,15
VRPLTW,81,ok,15.1403079275,14
VRPLTW,82,ok,24.7742633886,17
VRPLTW,83,ok,13.9544548193,13
VRPLTW,84,ok,16.4588189422,16
VRPLTW,85,ok,14.2064719179,14
VRPLTW,86,ok,19.0523400797,16
VRPLTW,87,ok,14.1211567948,16
VRPLTW,88,ok,13.3922819852,13
VRPLTW,89,ok,17.7288276119,14
VRPLTW,90,ok,20.5049193139,15
VRPLTW,91,ok,18.2346251560,17
VRPLTW,92,ok,19.5751101580,16
VRPLTW,93,ok,17.5209514010,15
VRPLTW,94,ok,16.7735906353,15
VRPLTW,95,ok,18.4945198723,15
VRPLTW,96,ok,14.5297635065,13
VRPLTW,97,ok,17.1962398836,17
VRPLTW,98,ok,28.3051764463,16
VRPLTW,99,ok,14.1823618409,15
VRPLTW,100,ok,15.9524476070,14
VRPLTW,101,ok,23.0902957366,16
VRPLTW,102,ok,17.1000066608,14
VRPLTW,103,ok,16.0821748257,14
VRPLTW,104,ok,15.4192981774,16
VRPLTW,105,ok,14.6041342400,13
VRPLTW,106,ok,17.5883418054,15
VRPLTW,107,ok,16.5624812742,14
VRPLTW,108,ok,15.6986253462,15
VRPLTW,109,ok,18.3471047815,14
VRPLTW,110,ok,18.8398147536,17
VRPLTW,111,ok,16.1553255586,15
VRPLTW,112,ok,21.3869447960,16
VRPLTW,113,ok,14.4716889421,13
VRPLTW,114,ok,19.9558912721,16
VRPLTW,115,ok,14.9578392833,14
VRPLTW,116,ok,20.1457241605,15
VRPLTW,117,ok,15.4715060927,16
VRPLTW,118,ok,25.6683089252,16
VRPLTW,119,ok,15.7827135802,14
VRPLTW,120,ok,21.5726045243,14
VRPLTW,121,ok,14.8094867591,12
VRPLTW,122,ok,22.2304181520,15
VRPLTW,123,ok,16.9550876015,13
VRPLTW,124,ok,14.0142938295,13
VRPLTW,125,ok,18.5852340869,16
VRPLTW,126,ok,17.3542195798,17
VRPLTW,127,ok,16.5656375859,15
VRPLTW,128,ok,14.5167823893,13
VRPLTW,129,ok,18.9839432704,15
VRPLTW,130,ok,15.7114602839,14
VRPLTW,131,ok,16.0140362285,18
VRPLTW,132,ok,21.0991912789,13
VRPLTW,133,ok,15.4164698469,15
VRPLTW,134,ok,17.6079315763,13
VRPLTW,135,ok,18.4132402959,14
VRPLTW,136,ok,19.9046723817,16
VRPLTW,137,ok,17.6052416365,15
VRPLTW,138,ok,13.1706690738,14
VRPLTW,139,ok,16.5488101651,15
VRPLTW,140,ok,15.9979396136,14
VRPLTW,141,ok,20.9351789418,16
VRPLTW,142,ok,31.4773013177,19
VRPLTW,143,ok,18.6660481622,16
VRPLTW,144,ok,19.1905931559,15
VRPLTW,145,ok,19.3503907387,14
VRPLTW,146,ok,20.8559573377,15
VRPLTW,147,ok,14.6553222376,14
VRPLTW,148,ok,27.3571856607,17
VRPLTW,149,ok,18.9438536238,16
VRPLTW,150,ok,18.1715505620,16
VRPLTW,151,ok,13.6799267738,15
VRPLTW,152,ok,25.9570766086,16
VRPLTW,153,ok,28.1064210598,15
VRPLTW,154,ok,13.2075251792,13
VRPLTW,155,ok,17.0639263717,15
VRPLTW,156,ok,16.3713852076,14
VRPLTW,157,ok,14.0314964005,14
VRPLTW,158,ok,18.5791453895,14
VRPLTW,159,ok,18.8177949256,16
VRPLTW,160,ok,14.0418971250,15
VRPLTW,161,ok,16.5268483951,15
VRPLTW,162,ok,17.7671142139,14
VRPLTW,163,ok,26.6828278558,18
VRPLTW,164,ok,15.1706302572,17
VRPLTW,165,ok,18.5158191081,16
VRPLTW,166,ok,15.8746281674,14
VRPLTW,167,ok,15.7120712412,15
VRPLTW,168,ok,14.3941000252,13
VRPLTW,169,ok,19.2386496926,15
VRPLTW,170,ok,19.9940954058,16
VRPLTW,171,ok,14.0479567846,15
VRPLTW,172,ok,18.7288396424,17
VRPLTW,173,ok,18.2966149039,13
VRPLTW,174,ok,16.3222731198,15
VRPLTW,175,ok,22.4203474463,16
VRPLTW,176,ok,16.9305860471,14
VRPLTW,177,ok,14.6892463926,14
VRPLTW,178,ok,18.4574273817,14
VRPLTW,179,ok,17.1985500275,13
VRPLTW,180,ok,20.1674678183,16
VRPLTW,181,ok,23.4029704075,15
VRPLTW,182,ok,23.1100089066,15
VRPLTW,183,ok,19.4326171011,15
VRPLTW,184,ok,15.7869571551,14
VRPLTW,185,ok,26.6121216355,17
VRPLTW,186,ok,22.8240502038,14
VRPLTW,187,ok,17.5286661295,15
VRPLTW,188,ok,20.9994027235,14
VRPLTW,189,ok,15.6658588302,13
VRPLTW,190,ok,14.7452856948,14
VRPLTW,191,ok,22.0323903190,18
VRPLTW,192,ok,23.2090421932,15
VRPLTW,193,ok,17.3289720175,14
VRPLTW,194,ok,18.2706228801,15
VRPLTW,195,ok,17.8856056379,15
VRPLTW,196,ok,21.4160733424,15
VRPLTW,197,ok,21.3787398371,15
VRPLTW,198,ok,17.8013362428,13
VRPLTW,199,ok,15.8315962928,14
VRPLTW,200,ok,23.1334335904,14
VRPLTW,201,ok,18.0866292939,15
VRPLTW,202,ok,17.7829221679,17
VRPLTW,203,ok,19.4769607573,14
VRPLTW,204,ok,18.8017081070,18
VRPLTW,205,ok,16.6437330312,14
VRPLTW,206,ok,15.7614977085,14
VRPLTW,207,ok,20.5849308214,14
VRPLTW,208,ok,24.0564647858,16
VRPLTW,209,ok,21.3688862576,16
VRPLTW,210,ok,18.3684737292,15
VRPLTW,211,ok,15.8659717794,14
VRPLTW,212,ok,18.7985735903,12
VRPLTW,213,ok,19.8665804368,14
VRPLTW,214,ok,20.6412307081,14
VRPLTW,215,ok,19.3415931774,14
VRPLTW,216,ok,17.4590777613,14
VRPLTW,217,ok,17.3673231209,15
VRPLTW,218,ok,20.6944086349,15
VRPLTW,219,ok,14.2319758071,14
VRPLTW,220,ok,21.9632808089,17
VRPLTW,221,ok,15.3655302350,13
VRPLTW,222,ok,18.5569006535,14
VRPLTW,223,ok,17.7168309813,14
VRPLTW,224,ok,15.3727156509,15
VRPLTW,225,ok,15.7067090489,14
VRPLTW,226,ok,16.2862935954,16
VRPLTW,227,ok,19.9339012746,15
VRPLTW,228,ok,16.9413901794,16
VRPLTW,229,ok,16.3377562199,16
VRPLTW,230,ok,20.6034325701,13
VRPLTW,231,ok,24.4182744018,17
VRPLTW,232,ok,18.8063553797,13
VRPLTW,233,ok,18.4301758200,15
VRPLTW,234,ok,27.5695222642,18
VRPLTW,235,ok,21.5554179937,15
VRPLTW,236,ok,28.0743530047,15
VRPLTW,237,ok,15.5177985469,15
VRPLTW,238,ok,19.8542725039,14
VRPLTW,239,ok,17.8617198971,15
VRPLTW,240,ok,18.2444377243,16
VRPLTW,241,ok,25.5020060672,16
VRPLTW,242,ok,13.8255423343,13
VRPLTW,243,ok,16.2531782360,14
VRPLTW,244,ok,19.6553488883,14
VRPLTW,245,ok,23.5530947781,16
VRPLTW,246,ok,18.6811495406,15
VRPLTW,247,ok,13.8190656482,14
VRPLTW,248,ok,22.4397783952,17
VRPLTW,249,ok,19.1829791770,15
VRPLTW,250,ok,25.7490755877,16
VRPLTW,251,ok,22.4017093538,16
VRPLTW,252,ok,14.7987493137,15
VRPLTW,253,ok,19.9366775554,14
VRPLTW,254,ok,14.3254116338,13
VRPLTW,255,ok,19.0741399419,16
VRPLTW,256,ok,23.5320213501,16
VRPLTW,257,ok,23.9177835766,15
VRPLTW,258,ok,23.9776115288,16
VRPLTW,259,ok,13.8116310187,15
VRPLTW,260,ok,23.8351239059,15
VRPLTW,261,ok,16.5333909376,16
VRPLTW,262,ok,19.2541286000,14
VRPLTW,263,ok,18.8459524642,17
VRPLTW,264,ok,27.8139454291,16
VRPLTW,265,ok,21.5209370716,16
VRPLTW,266,ok,16.7102124274,14
VRPLTW,267,ok,15.9129014465,16
VRPLTW,268,ok,33.9248581663,20
VRPLTW,269,ok,19.1447350555,14
VRPLTW,270,ok,20.4611133854,15
VRPLTW,271,ok,19.0509762020,13
VRPLTW,272,ok,14.0734766590,14
VRPLTW,273,ok,15.3826049656,14
VRPLTW,274,ok,15.6466682130,15
VRPLTW,275,ok,15.1761489376,15
VRPLTW,276,ok,19.1696849375,18
VRPLTW,277,ok,26.6096815684,16
VRPLTW,278,ok,12.3689387157,15
VRPLTW,279,ok,21.9994198503,15
VRPLTW,280,ok,16.5455168042,14
VRPLTW,281,ok,15.7182889578,17
VRPLTW,282,ok,20.6261621664,15
VRPLTW,283,ok,17.5847191390,12
VRPLTW,284,ok,21.8564047809,14
VRPLTW,285,ok,19.3267123757,13
VRPLTW,286,ok,26.2144772518,16
VRPLTW,287,ok,15.3615604183,13
VRPLTW,288,ok,23.2580292101,16
VRPLTW,289,ok,15.6176224084,14
VRPLTW,290,ok,26.4965928058,15
VRPLTW,291,ok,17.2319471991,13
VRPLTW,292,ok,19.6712420799,16
VRPLTW,293,ok,12.4574154255,12
VRPLTW,294,ok,19.9251420400,14
VRPLTW,295,ok,15.1428711292,16
VRPLTW,296,ok,17.0154467572,14
VRPLTW,297,ok,23.5339136851,17
VRPLTW,298,ok,22.7841847174,16
VRPLTW,299,ok,15.5887650666,15
VRPLTW,300,ok,15.9205961054,15
VRPLTW,301,ok,16.9748169303,14
VRPLTW,302,ok,19.6317449822,16
VRPLTW,303,ok,15.8208829285,15
VRPLTW,304,ok,18.6309022203,15
VRPLTW,305,ok,19.0344034745,14
VRPLTW,306,ok,25.7137619416,16
VRPLTW,307,ok,14.9820187970,14
VRPLTW,308,ok,18.1615963603,14
VRPLTW,309,ok,19.5887785683,15
VRPLTW,310,ok,16.5505712105,16
VRPLTW,311,ok,20.0078210041,17
VRPLTW,312,ok,16.1942949688,15
VRPLTW,313,ok,22.6758700911,16
VRPLTW,314,ok,17.4468685527,14
VRPLTW,315,ok,15.2821071038,14
VRPLTW,316,ok,18.3163349331,13
VRPLTW,317,ok,14.2540301239,15
VRPLTW,318,ok,16.3563499664,16
VRPLTW,319,ok,15.5666040112,14
VRPLTW,320,ok,16.7893907074,16
VRPLTW,321,ok,25.1420882219,16
VRPLTW,322,ok,20.2629892788,14
VRPLTW,323,ok,14.7830730419,14
VRPLTW,324,ok,16.0598885372,14
VRPLTW,325,ok,22.1012878674,15
VRPLTW,326,ok,13.6907104191,15
VRPLTW,327,ok,20.8183810507,16
VRPLTW,328,ok,18.5586924007,15
VRPLTW,329,ok,20.4143824132,15
VRPLTW,330,ok,18.1831402606,13
VRPLTW,331,ok,19.7559945319,15
VRPLTW,332,ok,22.1328109225,15
VRPLTW,333,ok,15.7218738786,15
VRPLTW,334,ok,19.0836961022,17
VRPLTW,335,ok,23.3056610826,16
VRPLTW,336,ok,15.8873104410,14
VRPLTW,337,ok,25.5417214848,16
VRPLTW,338,ok,16.0591449336,15
VRPLTW,339,ok,18.1852969265,16
VRPLTW,340,ok,16.3689066586,18
VRPLTW,341,ok,21.4138529668,15
VRPLTW,342,ok,19.7757012353,15
VRPLTW,343,ok,22.1909071148,15
VRPLTW,344,ok,21.7300654225,16
VRPLTW,345,ok,16.8795832903,16
VRPLTW,346,ok,20.8219982051,15
VRPLTW,347,ok,15.2391649105,14
VRPLTW,348,ok,21.1001494735,15
VRPLTW,349,ok,14.5172388511,15
VRPLTW,350,ok,16.2270862265,15
VRPLTW,351,ok,15.2301096965,14
VRPLTW,352,ok,22.8626374090,13
VRPLTW,353,ok,17.7290113962,13
VRPLTW,354,ok,22.5570193457,16
VRPLTW,355,ok,17.6477660421,14
VRPLTW,356,ok,22.2631688096,15
VRPLTW,357,ok,18.2285133317,13
VRPLTW,358,ok,20.5565277896,13
VRPLTW,359,ok,18.6504188264,14
VRPLTW,360,ok,18.7676293739,15
VRPLTW,361,ok,21.9532195349,15
VRPLTW,362,ok,20.3996552568,16
VRPLTW,363,ok,16.0382708547,12
VRPLTW,364,ok,14.6707701137,14
VRPLTW,365,ok,19.8880877291,15
VRPLTW,366,ok,19.4905943594,16
VRPLTW,367,ok,21.2918997671,15
VRPLTW,368,ok,19.9349226230,16
VRPLTW,369,ok,17.4517467066,14
VRPLTW,370,ok,17.1201287491,13
VRPLTW,371,ok,19.8094927252,14
VRPLTW,372,ok,18.0242911471,15
VRPLTW,373,ok,17.4259704473,15
VRPLTW,374,ok,22.0986985769,15
VRPLTW,375,ok,15.1748170113,14
VRPLTW,376,ok,18.1621139973,15
VRPLTW,377,ok,16.5845144963,15
VRPLTW,378,ok,22.0283504706,16
VRPLTW,379,ok,14.8542519241,16
VRPLTW,380,ok,21.1643030471,14
VRPLTW,381,ok,18.7816322282,14
VRPLTW,382,ok,20.0103381187,15
VRPLTW,383,ok,16.3241842772,15
VRPLTW,384,ok,20.8950069993,15
VRPLTW,385,ok,21.6055407930,16
VRPLTW,386,ok,16.2203938195,17
VRPLTW,387,ok,18.9105760614,14
VRPLTW,388,ok,14.4521767124,16
VRPLTW,389,ok,17.6805107450,15
VRPLTW,390,ok,16.6898480478,14
VRPLTW,391,ok,14.5124098292,12
VRPLTW,392,ok,21.7908357047,16
VRPLTW,393,ok,15.5474423122,14
VRPLTW,394,ok,22.7035995707,17
VRPLTW,395,ok,15.4679533055,14
VRPLTW,396,ok,20.7161054139,12
VRPLTW,397,ok,27.9504208781,18
VRPLTW,398,ok,16.0812529391,15
VRPLTW,399,ok,16.7510328515,14
VRPLTW,400,ok,18.0473735596,17
VRPLTW,401,ok,22.8404913430,16
VRPLTW,402,ok,17.4887505715,16
VRPLTW,403,ok,27.8683265870,16
VRPLTW,404,ok,22.3304322550,15
VRPLTW,405,ok,17.4133675176,16
VRPLTW,406,ok,18.7642837746,16
VRPLTW,407,ok,17.9512144579,16
VRPLTW,408,ok,15.3234404722,14
VRPLTW,409,ok,18.2153909414,14
VRPLTW,410,ok,17.8479147942,14
VRPLTW,411,ok,18.9836027352,16
VRPLTW,412,ok,16.9234866235,16
VRPLTW,413,ok,12.8275001962,10
VRPLTW,414,ok,15.0385131292,14
VRPLTW,415,ok,15.0646212087,16
VRPLTW,416,ok,15.2140346037,15
VRPLTW,417,ok,15.2819362793,14
VRPLTW,418,ok,16.4556826842,16
VRPLTW,419,ok,14.6940411296,15
VRPLTW,420,ok,23.5747315010,16
VRPLTW,421,ok,14.1343273681,14
VRPLTW,422,ok,23.6321650150,14
VRPLTW,423,ok,15.1388266863,16
VRPLTW,424,ok,27.1767653240,15
VRPLTW,425,ok,14.9208733517,15
VRPLTW,426,ok,17.2929373256,14
VRPLTW,427,ok,20.1986695644,15
VRPLTW,428,ok,17.5336915217,15
VRPLTW,429,ok,21.8476476630,15
VRPLTW,430,ok,15.4826501238,16
VRPLTW,431,ok,20.5190065604,15
VRPLTW,432,ok,24.1556786116,16
VRPLTW,433,ok,15.6836790646,14
VRPLTW,434,ok,21.4697554718,15
VRPLTW,435,ok,22.9539968748,17
VRPLTW,436,ok,16.1750121404,16
VRPLTW,437,ok,18.0426140637,14
VRPLTW,438,ok,20.3237276769,14
VRPLTW,439,ok,19.2699098210,14
VRPLTW,440,ok,25.2478895177,15
VRPLTW,441,ok,14.0321774104,13
VRPLTW,442,ok,15.8377470069,15
VRPLTW,443,ok,14.0990109483,14
VRPLTW,444,ok,15.6998715179,14
VRPLTW,445,ok,21.4760437586,14
VRPLTW,446,ok,16.2169216735,14
VRPLTW,447,ok,18.9091771940,14
VRPLTW,448,ok,18.9152492451,13
VRPLTW,449,ok,22.3701700751,15
VRPLTW,450,ok,21.7625649119,16
VRPLTW,451,ok,19.1254218966,14
VRPLTW,452,ok,19.1988370630,14
VRPLTW,453,ok,19.2156944659,14
VRPLTW,454,ok,18.5564937549,15
VRPLTW,455,ok,22.6170151211,17
VRPLTW,456,ok,15.1166402226,13
VRPLTW,457,ok,19.1911410874,15
VRPLTW,458,ok,17.1795615733,14
VRPLTW,459,ok,23.7203283627,17
VRPLTW,460,ok,19.5259327897,14
VRPLTW,461,ok,19.6908252799,14
VRPLTW,462,ok,15.5657017691,14
VRPLTW,463,ok,20.0827986646,15
VRPLTW,464,ok,17.6950954120,14
VRPLTW,465,ok,15.8126858518,16
VRPLTW,466,ok,18.3280907672,15
VRPLTW,467,ok,17.9643676052,15
VRPLTW,468,ok,18.0199997213,14
VRPLTW,469,ok,22.0549578126,15
VRPLTW,470,ok,18.5121116819,15
VRPLTW,471,ok,19.5191493078,14
VRPLTW,472,ok,20.4575455089,15
VRPLTW,473,ok,18.6543896229,15
VRPLTW,474,ok,14.5298632565,13
VRPLTW,475,ok,13.9175109307,12
VRPLTW,476,ok,19.6187498152,14
VRPLTW,477,ok,15.1719504576,15
VRPLTW,478,ok,17.7206103339,15
VRPLTW,479,ok,16.2466107058,16
VRPLTW,480,ok,15.7068465818,16
VRPLTW,481,ok,17.5709289802,15
VRPLTW,482,ok,13.8136013837,13
VRPLTW,483,ok,21.0391535163,14
VRPLTW,484,ok,17.8154413534,14
VRPLTW,485,ok,14.8843592859,12
VRPLTW,486,ok,20.2734610910,15
VRPLTW,487,ok,15.2571074983,12
VRPLTW,488,ok,17.0247727110,13
VRPLTW,489,ok,20.2239816080,15
VRPLTW,490,ok,16.8752742043,14
VRPLTW,491,ok,15.6553408664,14
VRPLTW,492,ok,19.2614279979,16
VRPLTW,493,ok,15.8785026530,16
VRPLTW,494,ok,18.6876135093,15
VRPLTW,495,ok,17.9643603820,13
VRPLTW,496,ok,21.1061146226,15
VRPLTW,497,ok,20.9701969902,13
VRPLTW,498,ok,16.7541080983,17
VRPLTW,499,ok,18.4114687679,16
VRPLTW,500,ok,17.8212068488,15
VRPLTW,501,ok,20.5717608540,15
VRPLTW,502,ok,25.9632112943,17
VRPLTW,503,ok,14.7631446452,13
VRPLTW,504,ok,18.5529812217,14
VRPLTW,505,ok,16.8914622734,15
VRPLTW,506,ok,19.5278868226,15
VRPLTW,507,ok,20.4764170249,14
VRPLTW,508,ok,18.6004997939,15
VRPLTW,509,ok,17.3239825017,15
VRPLTW,510,ok,16.1455665971,14
VRPLTW,511,ok,14.5112425859,13
VRPLTW,512,ok,16.7715245946,13
VRPLTW,513,ok,15.4028259611,14
VRPLTW,514,ok,16.9961763470,14
VRPLTW,515,ok,19.9275027248,16
VRPLTW,516,ok,19.4520261946,15
VRPLTW,517,ok,27.4327838691,17
VRPLTW,518,ok,16.3254797670,13
VRPLTW,519,ok,14.8275499453,14
VRPLTW,520,ok,17.4704755237,15
VRPLTW,521,ok,27.9901315133,16
VRPLTW,522,ok,15.4984573912,14
VRPLTW,523,ok,14.4589818235,14
VRPLTW,524,ok,25.3678867951,16
VRPLTW,525,ok,27.4477504866,16
VRPLTW,526,ok,16.4269468684,13
VRPLTW,527,ok,23.1618148910,17
VRPLTW,528,ok,16.7274686380,15
VRPLTW,529,ok,17.7823206779,14
VRPLTW,530,ok,14.5789127219,15
VRPLTW,531,ok,15.1488518256,13
VRPLTW,532,ok,23.1819306701,17
VRPLTW,533,ok,16.1148739017,15
VRPLTW,534,ok,20.7589571097,15
VRPLTW,535,ok,27.5039527620,15
VRPLTW,536,ok,16.0878578626,16
VRPLTW,537,ok,18.6963464545,15
VRPLTW,538,ok,22.1740562920,16
VRPLTW,539,ok,19.7356077055,15
VRPLTW,540,ok,21.8015709166,16
VRPLTW,541,ok,21.9961051575,16
VRPLTW,542,ok,16.0684325993,13
VRPLTW,543,ok,14.7313503088,13
VRPLTW,544,ok,18.3405510497,14
VRPLTW,545,ok,23.6234069967,16
VRPLTW,546,ok,16.2619063226,16
VRPLTW,547,ok,15.7754919916,17
VRPLTW,548,ok,16.5849262092,16
VRPLTW,549,ok,22.4488752542,16
VRPLTW,550,ok,17.3588996381,15
VRPLTW,551,ok,20.3215649386,16
VRPLTW,552,ok,16.3016194877,13
VRPLTW,553,ok,16.7802499315,16
VRPLTW,554,ok,15.3682028360,14
VRPLTW,555,ok,18.9687427329,15
VRPLTW,556,ok,16.3077037449,12
VRPLTW,557,ok,17.6219580983,14
VRPLTW,558,ok,14.5921049825,14
VRPLTW,559,ok,25.2623232738,15
VRPLTW,560,ok,18.6292483256,16
VRPLTW,561,ok,16.0092905698,13
VRPLTW,562,ok,14.3868203504,13
VRPLTW,563,ok,31.7658437771,19
VRPLTW,564,ok,22.0246504419,16
VRPLTW,565,ok,19.3840445294,15
VRPLTW,566,ok,19.3846101270,14
VRPLTW,567,ok,29.2272484748,17
VRPLTW,568,ok,17.2960653771,16
VRPLTW,569,ok,16.7218962578,16
VRPLTW,570,ok,20.3400370475,15
VRPLTW,571,ok,20.7544977071,14
VRPLTW,572,ok,15.4413739984,15
VRPLTW,573,ok,20.1712046258,15
VRPLTW,574,ok,15.9324798939,16
VRPLTW,575,ok,15.8376227761,16
VRPLTW,576,ok,22.6489329442,17
VRPLTW,577,ok,21.4933805388,17
VRPLTW,578,ok,33.2176904498,18
VRPLTW,579,ok,21.9923202228,15
VRPLTW,580,ok,21.3010791215,14
VRPLTW,581,ok,14.7494069444,15
VRPLTW,582,ok,21.4753707830,15
VRPLTW,583,ok,15.4865945069,15
VRPLTW,584,ok,17.4084718269,15
VRPLTW,585,ok,18.3147776849,15
VRPLTW,586,ok,26.9694001479,17
VRPLTW,587,ok,18.3047604325,14
VRPLTW,588,ok,19.6734197158,16
VRPLTW,589,ok,16.4979079086,14
VRPLTW,590,ok,15.5735536317,14
VRPLTW,591,ok,18.3692794940,14
VRPLTW,592,ok,16.6261307894,14
VRPLTW,593,ok,22.7878626728,15
VRPLTW,594,ok,19.3185332849,14
VRPLTW,595,ok,14.1409473518,14
VRPLTW,596,ok,20.2352900355,15
VRPLTW,597,ok,19.6008303161,15
VRPLTW,598,ok,27.2922270354,16
VRPLTW,599,ok,20.0377800339,16
VRPLTW,600,ok,19.2573171469,14
VRPLTW,601,ok,13.7897854098,14
VRPLTW,602,ok,19.8846579835,14
VRPLTW,603,ok,14.9614474782,15
VRPLTW,604,ok,14.3618474249,14
VRPLTW,605,ok,17.9024590448,13
VRPLTW,606,ok,17.4346464052,15
VRPLTW,607,ok,16.4135944017,15
VRPLTW,608,ok,16.7280177693,14
VRPLTW,609,ok,19.9399567798,15
VRPLTW,610,ok,18.8941095323,18
VRPLTW,611,ok,23.0837375773,16
VRPLTW,612,ok,21.5171631756,15
VRPLTW,613,ok,19.9226703124,14
VRPLTW,614,ok,14.4865558592,15
VRPLTW,615,ok,22.2304963558,17
VRPLTW,616,ok,15.3025977730,14
VRPLTW,617,ok,19.6761157284,14
VRPLTW,618,ok,19.4305083908,14
VRPLTW,619,ok,19.4196937657,15
VRPLTW,620,ok,15.5478836789,13
VRPLTW,621,ok,23.5253687806,15
VRPLTW,622,ok,23.4051324401,15
VRPLTW,623,ok,15.8022691275,14
VRPLTW,624,ok,16.9438298299,14
VRPLTW,625,ok,19.4429956853,15
VRPLTW,626,ok,16.2442968154,16
VRPLTW,627,ok,21.8637311977,16
VRPLTW,628,ok,22.7668367111,15
VRPLTW,629,ok,17.2582741411,13
VRPLTW,630,ok,18.5070203056,16
VRPLTW,631,ok,23.0526850061,15
VRPLTW,632,ok,20.9270431043,14
VRPLTW,633,ok,21.2035997605,15
VRPLTW,634,ok,18.0855166930,17
VRPLTW,635,ok,19.7590540963,14
VRPLTW,636,ok,22.6036551959,16
VRPLTW,637,ok,16.5906772991,16
VRPLTW,638,ok,18.0932598292,15
VRPLTW,639,ok,19.6281779998,17
VRPLTW,640,ok,20.0848049552,16
VRPLTW,641,ok,15.6366247867,15
VRPLTW,642,ok,14.8251053527,16
VRPLTW,643,ok,23.1908827714,17
VRPLTW,644,ok,22.5707141235,14
VRPLTW,645,ok,19.1104773692,16
VRPLTW,646,ok,22.3207711874,16
VRPLTW,647,ok,19.7673727330,16
VRPLTW,648,ok,16.6920751143,16
VRPLTW,649,ok,17.1248247485,15
VRPLTW,650,ok,17.7887207762,16
VRPLTW,651,ok,12.8786376711,14
VRPLTW,652,ok,14.9008367969,14
VRPLTW,653,ok,24.2454466568,15
VRPLTW,654,ok,20.0399681968,13
VRPLTW,655,ok,19.3388250650,15
VRPLTW,656,ok,14.4670027813,15
VRPLTW,657,ok,17.7691532142,16
VRPLTW,658,ok,18.1246185255,15
VRPLTW,659,ok,17.6519021154,13
VRPLTW,660,ok,16.8017648806,14
VRPLTW,661,ok,16.7289345136,16
VRPLTW,662,ok,13.8345006754,12
VRPLTW,663,ok,15.5449651550,15
VRPLTW,664,ok,16.3620366271,16
VRPLTW,665,ok,13.5167093123,12
VRPLTW,666,ok,15.7990505520,13
VRPLTW,667,ok,16.7140348247,13
VRPLTW,668,ok,14.1862471812,14
VRPLTW,669,ok,17.4313074551,15
VRPLTW,670,ok,13.7542556722,13
VRPLTW,671,ok,19.4353674578,15
VRPLTW,672,ok,22.4762224245,15
VRPLTW,673,ok,18.1293392661,14
VRPLTW,674,ok,13.6442467744,13
VRPLTW,675,ok,17.5003480256,14
VRPLTW,676,ok,14.7015357382,14
VRPLTW,677,ok,17.4223320089,15
VRPLTW,678,ok,15.0711855295,14
VRPLTW,679,ok,17.7029462438,14
VRPLTW,680,ok,13.0824883164,14
VRPLTW,681,ok,24.5104281532,16
VRPLTW,682,ok,20.4548901788,14
VRPLTW,683,ok,19.0570136174,15
VRPLTW,684,ok,20.7667824508,14
VRPLTW,685,ok,14.4143226182,14
VRPLTW,686,ok,16.7854315366,14
VRPLTW,687,ok,21.6640882287,15
VRPLTW,688,ok,16.2519744119,16
VRPLTW,689,ok,17.2752567106,16
VRPLTW,690,ok,20.8150069288,17
VRPLTW,691,ok,14.9517819831,14
VRPLTW,692,ok,16.8876090647,15
VRPLTW,693,ok,18.4493936503,14
VRPLTW,694,ok,13.3510224765,12
VRPLTW,695,ok,18.8739198031,13
VRPLTW,696,ok,14.6816011346,16
VRPLTW,697,ok,22.1922129796,15
VRPLTW,698,ok,18.4003839613,16
VRPLTW,699,ok,13.6953471072,13
VRPLTW,700,ok,19.5264058833,14
VRPLTW,701,ok,15.1368293026,16
VRPLTW,702,ok,13.9950158283,14
VRPLTW,703,ok,21.0575877885,15
VRPLTW,704,ok,16.8092891374,15
VRPLTW,705,ok,13.7112466310,13
VRPLTW,706,ok,14.4892619639,16
VRPLTW,707,ok,19.2424105221,15
VRPLTW,708,ok,25.1192754677,18
VRPLTW,709,ok,15.7919627593,14
VRPLTW,710,ok,15.1737299517,13
VRPLTW,711,ok,18.0137174528,15
VRPLTW,712,ok,15.1368866677,13
VRPLTW,713,ok,24.1501944272,15
VRPLTW,714,ok,17.1779026719,16
VRPLTW,715,ok,15.8019200101,16
VRPLTW,716,ok,19.6171165264,14
VRPLTW,717,ok,16.8363512638,15
VRPLTW,718,ok,17.2166320030,14
VRPLTW,719,ok,16.4505329252,17
VRPLTW,720,ok,17.5164628516,13
VRPLTW,721,ok,19.7449875126,15
VRPLTW,722,ok,18.0365730672,14
VRPLTW,723,ok,18.9042377416,17
VRPLTW,724,ok,20.3817065588,15
VRPLTW,725,ok,16.8464443461,14
VRPLTW,726,ok,16.6858228507,15
VRPLTW,727,ok,16.2070857561,16
VRPLTW,728,ok,21.5404950514,17
VRPLTW,729,ok,17.6716089124,13
VRPLTW,730,ok,17.7221603287,13
VRPLTW,731,ok,17.4706801815,14
VRPLTW,732,ok,16.3512425148,13
VRPLTW,733,ok,15.1362462827,12
VRPLTW,734,ok,16.1872120087,15
VRPLTW,735,ok,17.9322781028,14
VRPLTW,736,ok,13.6671666191,15
VRPLTW,737,ok,17.1948487161,14
VRPLTW,738,ok,19.4012073211,15
VRPLTW,739,ok,13.2021160070,13
VRPLTW,740,ok,20.5736992955,13
VRPLTW,741,ok,17.0299525131,13
VRPLTW,742,ok,20.2184272555,15
VRPLTW,743,ok,17.8988855630,16
VRPLTW,744,ok,22.3728724807,14
VRPLTW,745,ok,24.0051452827,17
VRPLTW,746,ok,25.0967030871,17
VRPLTW,747,ok,23.2100092437,15
VRPLTW,748,ok,23.2034037837,15
VRPLTW,749,ok,23.2692902660,15
VRPLTW,750,ok,14.3023594655,14
VRPLTW,751,ok,14.7824255808,14
VRPLTW,752,ok,21.6230010856,16
VRPLTW,753,ok,15.5074479525,15
VRPLTW,754,ok,15.6574033291,15
VRPLTW,755,ok,19.9225945897,14
VRPLTW,756,ok,22.1738770962,14
VRPLTW,757,ok,19.8437494087,16
VRPLTW,758,ok,17.4245117329,14
VRPLTW,759,ok,16.8071709875,15
VRPLTW,760,ok,18.3407852911,14
VRPLTW,761,ok,25.0471702274,15
VRPLTW,762,ok,18.6355102820,15
VRPLTW,763,ok,20.4140904689,13
VRPLTW,764,ok,17.6522397540,15
VRPLTW,765,ok,14.9503020464,16
VRPLTW,766,ok,13.7586227388,13
VRPLTW,767,ok,20.6420437208,15
VRPLTW,768,ok,16.9958704128,13
VRPLTW,769,ok,19.7780913939,14
VRPLTW,770,ok,19.7011552841,15
VRPLTW,771,ok,15.8078546802,14
VRPLTW,772,ok,15.8210217938,15
VRPLTW,773,ok,18.8779041031,16
VRPLTW,774,ok,16.7775391250,15
VRPLTW,775,ok,23.5625621312,16
VRPLTW,776,ok,21.7560034056,15
VRPLTW,777,ok,24.3367649706,16
VRPLTW,778,ok,19.1543726488,15
VRPLTW,779,ok,16.7699498959,14
VRPLTW,780,ok,11.7959611091,14
VRPLTW,781,ok,16.0797791021,15
VRPLTW,782,ok,21.7541783227,14
VRPLTW,783,ok,15.8770068220,14
VRPLTW,784,ok,16.7178609998,14
VRPLTW,785,ok,15.1138064554,13
VRPLTW,786,ok,22.8535321414,17
VRPLTW,787,ok,16.6361149335,13
VRPLTW,788,ok,15.2776566956,16
VRPLTW,789,ok,26.7667370921,16
VRPLTW,790,ok,17.2482981148,14
VRPLTW,791,ok,21.2174299866,15
VRPLTW,792,ok,18.7640338401,15
VRPLTW,793,ok,18.0730832807,17
VRPLTW,794,ok,22.4697262102,15
VRPLTW,795,ok,19.1646137012,14
VRPLTW,796,ok,18.2735199730,14
VRPLTW,797,ok,20.5878398930,15
VRPLTW,798,ok,22.5838564476,15
VRPLTW,799,ok,23.2681918466,16
VRPLTW,800,ok,18.7720380073,15
VRPLTW,801,ok,18.3492789824,14
VRPLTW,802,ok,16.8703163608,15
VRPLTW,803,ok,14.2413020534,14
VRPLTW,804,ok,25.3577343620,15
VRPLTW,805,ok,15.9233155139,15
VRPLTW,806,ok,21.1409569300,16
VRPLTW,807,ok,20.3986596697,17
VRPLTW,808,ok,16.7860181583,15
VRPLTW,809,ok,20.7152983008,15
VRPLTW,810,ok,21.6958067164,14
VRPLTW,811,ok,20.5092716463,14
VRPLTW,812,ok,17.8419743494,15
VRPLTW,813,ok,15.3384256596,16
VRPLTW,814,ok,20.6456536324,15
VRPLTW,815,ok,17.7895994034,14
VRPLTW,816,ok,14.2297557326,15
VRPLTW,817,ok,15.7738323959,14
VRPLTW,818,ok,18.7294067782,17
VRPLTW,819,ok,15.8657479813,16
VRPLTW,820,ok,22.4392096531,15
VRPLTW,821,ok,14.3861383447,14
VRPLTW,822,ok,18.6237460961,14
VRPLTW,823,ok,26.9220328633,17
VRPLTW,824,ok,18.6472848650,15
VRPLTW,825,ok,14.0587320698,12
VRPLTW,826,ok,17.4090568254,14
VRPLTW,827,ok,14.5751434448,16
VRPLTW,828,ok,15.2036814886,14
VRPLTW,829,ok,20.9656020754,15
VRPLTW,830,ok,14.0111054232,13
VRPLTW,831,ok,19.1778526360,14
VRPLTW,832,ok,30.7301838639,17
VRPLTW,833,ok,13.2307550842,13
VRPLTW,834,ok,17.8096954487,14
VRPLTW,835,ok,16.2860777457,16
VRPLTW,836,ok,22.0002715765,16
VRPLTW,837,ok,18.8259223071,14
VRPLTW,838,ok,21.3863679523,15
VRPLTW,839,ok,24.5380628961,14
VRPLTW,840,ok,22.0094184976,14
VRPLTW,841,ok,21.4560679568,16
VRPLTW,842,ok,14.4917220936,13
VRPLTW,843,ok,18.6647425618,15
VRPLTW,844,ok,20.2731328808,15
VRPLTW,845,ok,15.7019279287,15
VRPLTW,846,ok,14.9914998477,15
VRPLTW,847,ok,14.8580129284,13
VRPLTW,848,ok,22.4329954227,14
VRPLTW,849,ok,19.0848269465,14
VRPLTW,850,ok,20.4690521736,15
VRPLTW,851,ok,14.8990160076,14
VRPLTW,852,ok,21.5861875258,13
VRPLTW,853,ok,17.0856998889,14
VRPLTW,854,ok,16.5003328216,16
VRPLTW,855,ok,15.2487075690,14
VRPLTW,856,ok,19.1972288502,14
VRPLTW,857,ok,16.2685598580,14
VRPLTW,858,ok,20.8776390414,15
VRPLTW,859,ok,14.7945377675,15
VRPLTW,860,ok,20.9182066886,15
VRPLTW,861,ok,16.2075905696,15
VRPLTW,862,ok,18.1918701478,16
VRPLTW,863,ok,20.4713081324,15
VRPLTW,864,ok,18.8556408651,15
VRPLTW,865,ok,17.0753409060,13
VRPLTW,866,ok,14.6006379603,13
VRPLTW,867,ok,25.6265734461,16
VRPLTW,868,ok,18.4364106788,15
VRPLTW,869,ok,15.1574226255,16
VRPLTW,870,ok,19.1405044053,15
VRPLTW,871,ok,17.2841347328,15
VRPLTW,872,ok,19.0311339999,16
VRPLTW,873,ok,17.0970958262,14
VRPLTW,874,ok,20.1853860967,17
VRPLTW,875,ok,20.5249213859,14
VRPLTW,876,ok,21.9230458391,15
VRPLTW,877,ok,16.7715705077,16
VRPLTW,878,ok,17.2267361780,16
VRPLTW,879,ok,21.1898333552,17
VRPLTW,880,ok,15.3730635313,15
VRPLTW,881,ok,15.4359394822,14
VRPLTW,882,ok,17.9218225255,15
VRPLTW,883,ok,23.4020649802,15
VRPLTW,884,ok,15.1815513107,14
VRPLTW,885,ok,26.3355257315,15
VRPLTW,886,ok,18.9968116128,15
VRPLTW,887,ok,16.1579052771,13
VRPLTW,888,ok,25.9117349152,16
VRPLTW,889,ok,16.4566004869,14
VRPLTW,890,ok,29.7100370922,16
VRPLTW,891,ok,15.0614189880,15
VRPLTW,892,ok,14.5043425416,16
VRPLTW,893,ok,21.6381190161,15
VRPLTW,894,ok,16.5831048420,13
VRPLTW,895,ok,27.5205271898,17
VRPLTW,896,ok,15.9139697094,14
VRPLTW,897,ok,16.3389852769,15
VRPLTW,898,ok,20.9180037367,16
VRPLTW,899,ok,28.9391336731,17
VRPLTW,900,ok,16.0833914163,16
VRPLTW,901,ok,17.9966425155,15
VRPLTW,902,ok,19.8612615794,15
VRPLTW,903,ok,21.2474156357,16
VRPLTW,904,ok,14.8864328975,14
VRPLTW,905,ok,20.0747095645,15
VRPLTW,906,ok,16.4939935461,17
VRPLTW,907,ok,22.7668578939,16
VRPLTW,908,ok,21.4991770559,13
VRPLTW,909,ok,16.0292788224,16
VRPLTW,910,ok,21.7639190936,16
VRPLTW,911,ok,18.0357112096,14
VRPLTW,912,ok,16.7332482957,13
VRPLTW,913,ok,19.4343270630,16
VRPLTW,914,ok,19.1245175559,14
VRPLTW,915,ok,21.0200204687,16
VRPLTW,916,ok,25.7230167931,17
VRPLTW,917,ok,15.8547022210,13
VRPLTW,918,ok,15.0956966854,15
VRPLTW,919,ok,16.1955871667,13
VRPLTW,920,ok,15.9597763120,12
VRPLTW,921,ok,22.5951467316,15
VRPLTW,922,ok,22.7517611696,14
VRPLTW,923,ok,21.3074572211,15
VRPLTW,924,ok,31.5211416461,17
VRPLTW,925,ok,21.3750803937,15
VRPLTW,926,ok,17.9930399128,14
VRPLTW,927,ok,25.0520600638,16
VRPLTW,928,ok,18.8228192062,14
VRPLTW,929,ok,14.7558734542,14
VRPLTW,930,ok,21.0464701692,16
VRPLTW,931,ok,16.9188545198,15
VRPLTW,932,ok,14.8338744316,14
VRPLTW,933,ok,20.0334180121,14
VRPLTW,934,ok,17.8558136798,14
VRPLTW,935,ok,21.9694137853,14
VRPLTW,936,ok,20.9184621162,16
VRPLTW,937,ok,16.1829338841,12
VRPLTW,938,ok,20.6974893403,15
VRPLTW,939,ok,19.3217503025,14
VRPLTW,940,ok,19.3205429989,15
VRPLTW,941,ok,20.6602165122,15
VRPLTW,942,ok,16.5137786613,15
VRPLTW,943,ok,20.0246606400,16
VRPLTW,944,ok,23.6451383462,15
VRPLTW,945,ok,17.8224670119,12
VRPLTW,946,ok,14.3982252023,13
VRPLTW,947,ok,13.4659648918,13
VRPLTW,948,ok,18.5280286445,14
VRPLTW,949,ok,14.5845707341,12
VRPLTW,950,ok,19.0043306955,16
VRPLTW,951,ok,17.2621839673,15
VRPLTW,952,ok,14.6929029297,14
VRPLTW,953,ok,18.5712522648,14
VRPLTW,954,ok,16.1416953786,16
VRPLTW,955,ok,15.1902755211,15
VRPLTW,956,ok,17.1012128670,13
VRPLTW,957,ok,18.3617624045,15
VRPLTW,958,ok,14.1664144050,14
VRPLTW,959,ok,27.0640762412,16
VRPLTW,960,ok,17.4465797361,15
VRPLTW,961,ok,19.6996723580,15
VRPLTW,962,ok,18.5641981820,15
VRPLTW,963,ok,14.4835398585,13
VRPLTW,964,ok,19.9275226091,15
VRPLTW,965,ok,15.1978425011,13
VRPLTW,966,ok,14.3925320457,14
VRPLTW,967,ok,14.4200122034,14
VRPLTW,968,ok,18.9893915287,15
VRPLTW,969,ok,15.1857752662,15
VRPLTW,970,ok,15.8543165669,14
VRPLTW,971,ok,18.4313020597,14
VRPLTW,972,ok,17.3536786185,14
VRPLTW,973,ok,16.1133836285,16
VRPLTW,974,ok,15.6304635658,14
VRPLTW,975,ok,20.8522630885,13
VRPLTW,976,ok,19.3946659742,16
VRPLTW,977,ok,20.4498472798,15
VRPLTW,978,ok,19.8305002074,15
VRPLTW,979,ok,18.1096762315,14
VRPLTW,980,ok,16.0715071705,15
VRPLTW,981,ok,16.0845899192,15
VRPLTW,982,ok,24.7953522179,18
VRPLTW,983,ok,15.9824288627,13
VRPLTW,984,ok,18.5595335300,15
VRPLTW,985,ok,17.7682593973,15
VRPLTW,986,ok,16.3621449398,15
VRPLTW,987,ok,17.8041396952,16
VRPLTW,988,ok,18.1336297467,15
VRPLTW,989,ok,18.2482356195,16
VRPLTW,990,ok,17.8097346293,14
VRPLTW,991,ok,18.6083090572,13
VRPLTW,992,ok,21.3766835131,16
VRPLTW,993,ok,19.4920896957,17
VRPLTW,994,ok,16.4198712046,12
VRPLTW,995,ok,19.4503956242,14
VRPLTW,996,ok,17.3703257910,15
VRPLTW,997,ok,23.8455655435,16
VRPLTW,998,ok,18.2087114274,15
VRPLTW,999,ok,16.3099867249,16
OVRPBL,0,ok,6.9252853970,5
OVRPBL,1,ok,6.3419716696,4
OVRPBL,2,ok,5.9935583934,5
OVRPBL,3,ok,6.7431350053,7
OVRPBL,4,ok,6.3050257380,8
OVRPBL,5,ok,5.7848722451,6
OVRPBL,6,ok,6.2080465165,4
OVRPBL,7,ok,5.7648190256,5
OVRPBL,8,ok,6.3767260862,5
OVRPBL,9,ok,6.3788877311,7
OVRPBL,10,ok,5.7165080089,6
OVRPBL,11,ok,6.8356364679,6
OVRPBL,12,ok,7.5741445782,8
OVRPBL,13,ok,6.5394190904,5
OVRPBL,14,ok,6.5660217149,6
OVRPBL,15,ok,5.7239824947,6
OVRPBL,16,ok,6.0380501045,6
OVRPBL,17,ok,6.7400099662,7
OVRPBL,18,ok,6.8589013819,7
OVRPBL,19,ok,6.1709604159,6
OVRPBL,20,ok,6.2253864153,7
OVRPBL,21,ok,6.9261870863,5
OVRPBL,22,ok,6.3845330548,6
OVRPBL,23,ok,6.1779397353,6
OVRPBL,24,ok,6.0083635473,5
OVRPBL,25,ok,6.9770628741,7
OVRPBL,26,ok,6.8532561195,5
OVRPBL,27,ok,5.4765708420,6
OVRPBL,28,ok,6.8412386240,7
OVRPBL,29,ok,7.1929413162,5
OVRPBL,30,ok,6.8457993750,6
OVRPBL,31,ok,6.3059187052,4
OVRPBL,32,ok,5.8832438050,6
OVRPBL,33,ok,6.0925388512,7
OVRPBL,34,ok,7.7696015934,6
OVRPBL,35,ok,6.7859998093,6
OVRPBL,36,ok,6.9665181059,4
OVRPBL,37,ok,7.0051796337,5
OVRPBL,38,ok,6.2972149353,5
OVRPBL,39,ok,5.7650258284,7
OVRPBL,40,ok,6.0053951193,5
OVRPBL,41,ok,6.9549022877,6
OVRPBL,42,ok,6.4295273117,6
OVRPBL,43,ok,6.5784805762,6
OVRPBL,44,ok,6.6907157678,6
OVRPBL,45,ok,6.3147712853,7
OVRPBL,46,ok,6.2022731302,5
OVRPBL,47,ok,6.8562035486,5
OVRPBL,48,ok,6.4186638385,6
OVRPBL,49,ok,6.9418183394,8
OVRPBL,50,ok,7.7308870087,5
OVRPBL,51,ok,6.1314035291,4
OVRPBL,52,ok,6.1663871503,5
OVRPBL,53,ok,5.4275046788,5
OVRPBL,54,ok,6.0049506393,6
OVRPBL,55,ok,5.6081701979,6
OVRPBL,56,ok,6.1745511974,6
OVRPBL,57,ok,6.6063701381,7
OVRPBL,58,ok,5.9089571594,6
OVRPBL,59,ok,6.8532499314,5
OVRPBL,60,ok,6.6647558759,5
OVRPBL,61,ok,6.5201327783,6
OVRPBL,62,ok,6.0723116704,6
OVRPBL,63,ok,6.8733368827,7
OVRPBL,64,ok,6.8383367498,5
OVRPBL,65,ok,6.2615639901,6
OVRPBL,66,ok,6.8849768524,6
OVRPBL,67,ok,6.3311512987,5
OVRPBL,68,ok,7.1615526799,5
OVRPBL,69,ok,6.3432196842,5
OVRPBL,70,ok,5.8877535582,6
OVRPBL,71,ok,6.2436463833,7
OVRPBL,72,ok,5.5869557026,5
OVRPBL,73,ok,6.1178868883,4
OVRPBL,74,ok,6.3735404634,5
OVRPBL,75,ok,7.1266969774,5
OVRPBL,76,ok,6.1793524662,6
OVRPBL,77,ok,6.6107623030,5
OVRPBL,78,ok,5.9476651334,6
OVRPBL,79,ok,6.1039946293,5
OVRPBL,80,ok,6.6214856555,7
OVRPBL,81,ok,6.9927050038,7
OVRPBL,82,ok,6.9681252538,6
OVRPBL,83,ok,7.0172495255,5
OVRPBL,84,ok,6.8806571190,7
OVRPBL,85,ok,6.6287722299,7
OVRPBL,86,ok,6.9771377508,5
OVRPBL,87,ok,7.1286270880,7
OVRPBL,88,ok,7.5287289385,6
OVRPBL,89,ok,5.8992224958,5
OVRPBL,90,ok,5.6179442888,6
OVRPBL,91,ok,6.4792942921,7
OVRPBL,92,ok,7.0805547565,7
OVRPBL,93,ok,6.0556968426,7
OVRPBL,94,ok,6.1932062979,7
OVRPBL,95,ok,6.3786479559,4
OVRPBL,96,ok,6.7057888350,8
OVRPBL,97,ok,6.1983407708,5
OVRPBL,98,ok,7.9544557771,5
OVRPBL,99,ok,6.8562615359,4
OVRPBL,100,ok,7.2470921235,5
OVRPBL,101,ok,6.6577478428,6
OVRPBL,102,ok,6.3061704852,7
OVRPBL,103,ok,7.6383576701,5
OVRPBL,104,ok,6.2777715948,6
OVRPBL,105,ok,6.8409141448,6
OVRPBL,106,ok,6.7863842604,5
OVRPBL,107,ok,7.1493585478,5
OVRPBL,108,ok,6.9562258912,7
OVRPBL,109,ok,5.5343647593,5
OVRPBL,110,ok,6.3231860084,5
OVRPBL,111,ok,6.4309496614,6
OVRPBL,112,ok,5.5251495161,7
OVRPBL,113,ok,6.8718399080,7
OVRPBL,114,ok,6.5916721081,4
OVRPBL,115,ok,6.7466415121,6
OVRPBL,116,ok,6.7490284866,7
OVRPBL,117,ok,6.3789457831,5
OVRPBL,118,ok,5.9124948954,5
OVRPBL,119,ok,6.5758275234,5
OVRPBL,120,ok,6.1654866043,4
OVRPBL,121,ok,7.0388174627,6
OVRPBL,122,ok,6.8554389111,6
OVRPBL,123,ok,6.5015605630,6
OVRPBL,124,ok,6.5036437342,5
OVRPBL,125,ok,6.6456983883,5
OVRPBL,126,ok,6.4047962476,5
OVRPBL,127,ok,5.6291758321,6
OVRPBL,128,ok,6.3986367656,5
OVRPBL,129,ok,6.2798879569,4
OVRPBL,130,ok,7.2740590617,6
OVRPBL,131,ok,6.4869310099,6
OVRPBL,132,ok,6.5930196307,5
OVRPBL,133,ok,6.7964803265,6
OVRPBL,134,ok,6.7196661750,4
OVRPBL,135,ok,6.5286077707,5
OVRPBL,136,ok,6.4585135929,5
OVRPBL,137,ok,6.2710586617,5
OVRPBL,138,ok,7.0533547925,8
OVRPBL,139,ok,6.6303080032,5
OVRPBL,140,ok,6.1907583802,6
OVRPBL,141,ok,6.2128433332,5
OVRPBL,142,ok,5.8559083860,5
OVRPBL,143,ok,5.5098582240,6
OVRPBL,144,ok,6.2597134949,7
OVRPBL,145,ok,6.2755245431,7
OVRPBL,146,ok,7.5879382731,5
OVRPBL,147,ok,7.7153642609,5
OVRPBL,148,ok,6.2975448566,7
OVRPBL,149,ok,6.1904511433,5
OVRPBL,150,ok,5.3918876368,6
OVRPBL,151,ok,5.6715099296,5
OVRPBL,152,ok,6.0647298302,5
OVRPBL,153,ok,5.8468745302,5
OVRPBL,154,ok,6.2071240549,4
OVRPBL,155,ok,6.3630996909,6
OVRPBL,156,ok,6.5449905036,7
OVRPBL,157,ok,6.2851517023,6
OVRPBL,158,ok,5.8666789656,6
OVRPBL,159,ok,6.9748975606,5
OVRPBL,160,ok,6.4807964102,7
OVRPBL,161,ok,6.0335810494,7
OVRPBL,162,ok,6.1483982770,6
OVRPBL,163,ok,6.4491018558,5
OVRPBL,164,ok,5.9080890119,4
OVRPBL,165,ok,7.3222763515,5
OVRPBL,166,ok,6.0210233612,4
OVRPBL,167,ok,7.7116913984,5
OVRPBL,168,ok,6.6413816861,6
OVRPBL,169,ok,6.6438127766,5
OVRPBL,170,ok,6.5440015346,5
OVRPBL,171,ok,6.6876800301,5
OVRPBL,172,ok,6.2210971694,6
OVRPBL,173,ok,6.5438981273,9
OVRPBL,174,ok,5.8566277337,5
OVRPBL,175,ok,6.6102196437,6
OVRPBL,176,ok,6.1879673890,5
OVRPBL,177,ok,6.4616929271,5
OVRPBL,178,ok,5.8243937298,6
OVRPBL,179,ok,5.6766728497,6
OVRPBL,180,ok,6.0439968706,4
OVRPBL,181,ok,6.6455240988,6
OVRPBL,182,ok,6.5478909275,5
OVRPBL,183,ok,7.5936913869,5
OVRPBL,184,ok,7.2932354835,5
OVRPBL,185,ok,6.5891239668,7
OVRPBL,186,ok,6.0100416936,8
OVRPBL,187,ok,6.5463005535,7
OVRPBL,188,ok,7.0169536069,7
OVRPBL,189,ok,5.9747432717,6
OVRPBL,190,ok,7.2546860284,4
OVRPBL,191,ok,6.3521138799,4
OVRPBL,192,ok,5.7639238024,5
OVRPBL,193,ok,6.4349678960,6
OVRPBL,194,ok,6.6012016001,5
OVRPBL,195,ok,6.8225726039,6
OVRPBL,196,ok,6.5499652438,6
OVRPBL,197,ok,6.0309734897,7
OVRPBL,198,ok,6.1478725306,5
OVRPBL,199,ok,6.2706757953,5
OVRPBL,200,ok,6.1306205397,5
OVRPBL,201,ok,6.3367991375,4
OVRPBL,202,ok,6.5980019954,5
OVRPBL,203,ok,6.6830624046,5
OVRPBL,204,ok,6.5671051588,6
OVRPBL,205,ok,6.3197000997,5
OVRPBL,206,ok,6.2265569490,5
OVRPBL,207,ok,6.0930719342,6
OVRPBL,208,ok,6.2230430417,5
OVRPBL,209,ok,7.1012937756,6
OVRPBL,210,ok,6.7844085403,5
OVRPBL,211,ok,6.5128879373,4
OVRPBL,212,ok,6.5149818645,6
OVRPBL,213,ok,6.6041832206,4
OVRPBL,214,ok,6.2368672064,5
OVRPBL,215,ok,8.0563919740,5
OVRPBL,216,ok,6.0430413920,6
OVRPBL,217,ok,6.9676612076,5
OVRPBL,218,ok,5.9301974439,6
OVRPBL,219,ok,5.9390614421,9
OVRPBL,220,ok,7.7195333949,7
OVRPBL,221,ok,6.6917009871,8
OVRPBL,222,ok,7.2636040268,5
OVRPBL,223,ok,6.4922379111,5
OVRPBL,224,ok,5.9144201866,6
OVRPBL,225,ok,7.2991540483,5
OVRPBL,226,ok,6.9915234601,8
OVRPBL,227,ok,6.3779293941,6
OVRPBL,228,ok,7.3583676335,6
OVRPBL,229,ok,6.2059694800,7
OVRPBL,230,ok,6.5780852613,7
OVRPBL,231,ok,6.8237301958,6
OVRPBL,232,ok,6.2109815115,6
OVRPBL,233,ok,6.6420762281,8
OVRPBL,234,ok,6.7216386871,5
OVRPBL,235,ok,6.3435950468,5
OVRPBL,236,ok,6.8097446110,5
OVRPBL,237,ok,6.4608659152,6
OVRPBL,238,ok,6.3714941650,4
OVRPBL,239,ok,6.2312063813,6
OVRPBL,240,ok,6.2760871109,6
OVRPBL,241,ok,6.7257263558,4
OVRPBL,242,ok,6.2424527011,4
OVRPBL,243,ok,5.9859173015,6
OVRPBL,244,ok,6.2409379093,7
OVRPBL,245,ok,6.1385846809,6
OVRPBL,246,ok,7.1105613929,5
OVRPBL,247,ok,7.1130070860,5
OVRPBL,248,ok,6.1787255715,6
OVRPBL,249,ok,6.6954856506,5
OVRPBL,250,ok,6.5828477076,6
OVRPBL,251,ok,5.9996464603,5
OVRPBL,252,ok,5.9445336084,6
OVRPBL,253,ok,5.6471088478,7
OVRPBL,254,ok,5.8568876583,4
OVRPBL,255,ok,6.2227592328,4
OVRPBL,256,ok,6.3155752095,5
OVRPBL,257,ok,6.9198425301,6
OVRPBL,258,ok,6.3895216747,7
OVRPBL,259,ok,6.8527770409,6
OVRPBL,260,ok,6.0124432795,5
OVRPBL,261,ok,6.8268703682,4
OVRPBL,262,ok,6.4521724639,5
OVRPBL,263,ok,6.7540124030,6
OVRPBL,264,ok,5.6899849484,5
OVRPBL,265,ok,7.6110606794,5
OVRPBL,266,ok,7.1833850284,6
OVRPBL,267,ok,6.4287912731,6
OVRPBL,268,ok,7.2550346226,7
OVRPBL,269,ok,6.5604890315,5
OVRPBL,270,ok,6.4938794357,6
OVRPBL,271,ok,6.3322569103,5
OVRPBL,272,ok,6.7817824646,5
OVRPBL,273,ok,6.1124235330,5
OVRPBL,274,ok,7.2130314255,4
OVRPBL,275,ok,5.6308845654,5
OVRPBL,276,ok,5.7356819216,5
OVRPBL,277,ok,6.3193125668,5
OVRPBL,278,ok,5.1802092348,7
OVRPBL,279,ok,5.5863768071,5
OVRPBL,280,ok,6.0527339463,4
OVRPBL,281,ok,6.4358250977,5
OVRPBL,282,ok,6.8172251084,7
OVRPBL,283,ok,6.7479013301,5
OVRPBL,284,ok,6.7804065526,5
OVRPBL,285,ok,6.4964817273,7
OVRPBL,286,ok,7.4377333111,7
OVRPBL,287,ok,7.5583219089,6
OVRPBL,288,ok,6.0274610880,6
OVRPBL,289,ok,6.3416874596,5
OVRPBL,290,ok,6.4559232844,6
OVRPBL,291,ok,6.3854251997,7
OVRPBL,292,ok,6.4693440096,5
OVRPBL,293,ok,6.3911576887,5
OVRPBL,294,ok,6.6889257194,8
OVRPBL,295,ok,6.6461509055,5
OVRPBL,296,ok,6.2438569039,6
OVRPBL,297,ok,6.4697265508,6
OVRPBL,298,ok,7.0261593223,5
OVRPBL,299,ok,6.4038169624,7
OVRPBL,300,ok,6.7898058288,4
OVRPBL,301,ok,6.3450170585,5
OVRPBL,302,ok,8.2835677345,5
OVRPBL,303,ok,5.9333818810,6
OVRPBL,304,ok,6.8956747553,6
OVRPBL,305,ok,6.4682795841,5
OVRPBL,306,ok,5.8988204630,5
OVRPBL,307,ok,7.5764484319,6
OVRPBL,308,ok,5.6745046137,6
OVRPBL,309,ok,6.3464719432,7
OVRPBL,310,ok,7.2108187764,5
OVRPBL,311,ok,6.7825349068,7
OVRPBL,312,ok,5.9291740623,6
OVRPBL,313,ok,6.0964895630,7
OVRPBL,314,ok,6.8297890063,7
OVRPBL,315,ok,7.6591155544,5
OVRPBL,316,ok,6.8696986887,5
OVRPBL,317,ok,6.2840430479,5
OVRPBL,318,ok,6.1907427865,6
OVRPBL,319,ok,6.2802964507,4
OVRPBL,320,ok,5.9261065052,8
OVRPBL,321,ok,6.2495712935,6
OVRPBL,322,ok,5.7133608645,6
OVRPBL,323,ok,5.8307622394,4
OVRPBL,324,ok,5.9264874106,6
OVRPBL,325,ok,6.2695650197,6
OVRPBL,326,ok,6.3802140875,6
OVRPBL,327,ok,5.7126763093,4
OVRPBL,328,ok,7.1677304306,4
OVRPBL,329,ok,6.7712014145,5
OVRPBL,330,ok,7.3074917275,5
OVRPBL,331,ok,5.7934906574,5
OVRPBL,332,ok,6.2395969040,7
OVRPBL,333,ok,6.5092251875,8
OVRPBL,334,ok,7.0347112867,4
OVRPBL,335,ok,6.4291607185,8
OVRPBL,336,ok,5.3890265041,6
OVRPBL,337,ok,6.6662714621,7
OVRPBL,338,ok,6.5842816792,7
OVRPBL,339,ok,5.9230057515,5
OVRPBL,340,ok,7.2031546321,6
OVRPBL,341,ok,5.8738457262,6
OVRPBL,342,ok,7.8479628312,4
OVRPBL,343,ok,6.0070615456,6
OVRPBL,344,ok,6.9678102419,5
OVRPBL,345,ok,6.3262919994,6
OVRPBL,346,ok,6.2161209375,6
OVRPBL,347,ok,6.3367072361,5
OVRPBL,348,ok,6.9524676441,5
OVRPBL,349,ok,6.5250192426,5
OVRPBL,350,ok,5.8654049891,4
OVRPBL,351,ok,5.4994160142,6
OVRPBL,352,ok,6.2722288943,7
OVRPBL,353,ok,6.8430034828,7
OVRPBL,354,ok,6.7500398102,9
OVRPBL,355,ok,6.9511436966,7
OVRPBL,356,ok,5.7404948662,5
OVRPBL,357,ok,5.7892530426,7
OVRPBL,358,ok,6.7106130630,5
OVRPBL,359,ok,5.2916168475,5
OVRPBL,360,ok,5.6282458565,5
OVRPBL,361,ok,6.7939375572,5
OVRPBL,362,ok,6.9643189741,4
OVRPBL,363,ok,6.3059501362,7
OVRPBL,364,ok,6.7667214328,5
OVRPBL,365,ok,6.8592103061,6
OVRPBL,366,ok,6.2672393094,8
OVRPBL,367,ok,7.2951432511,7
OVRPBL,368,ok,6.1057318453,6
OVRPBL,369,ok,6.8361172950,6
OVRPBL,370,ok,6.1007031277,5
OVRPBL,371,ok,6.4851548325,6
OVRPBL,372,ok,6.7207857252,6
OVRPBL,373,ok,6.2974075596,7
OVRPBL,374,ok,6.1817147099,5
OVRPBL,375,ok,6.5376406035,6
OVRPBL,376,ok,6.5818259976,6
OVRPBL,377,ok,6.1601783854,5
OVRPBL,378,ok,5.9931060718,5
OVRPBL,379,ok,7.3225570960,5
OVRPBL,380,ok,6.7517984515,7
OVRPBL,381,ok,5.8598067395,5
OVRPBL,382,ok,5.9829146760,4
OVRPBL,383,ok,5.9098425219,5
OVRPBL,384,ok,7.0797896348,5
OVRPBL,385,ok,6.5978798179,5
OVRPBL,386,ok,6.8756566134,5
OVRPBL,387,ok,6.7029689268,4
OVRPBL,388,ok,7.9048596620,5
OVRPBL,389,ok,6.5263578244,6
OVRPBL,390,ok,7.4841672821,6
OVRPBL,391,ok,5.4365153674,6
OVRPBL,392,ok,7.4717569739,4
OVRPBL,393,ok,6.1871015942,6
OVRPBL,394,ok,6.7549038298,5
OVRPBL,395,ok,6.4958819040,7
OVRPBL,396,ok,7.8060254296,6
OVRPBL,397,ok,6.0663949445,6
OVRPBL,398,ok,6.7511387924,6
OVRPBL,399,ok,6.5197991003,6
OVRPBL,400,ok,5.8116634324,6
OVRPBL,401,ok,6.3086570975,6
OVRPBL,402,ok,6.6781474542,5
OVRPBL,403,ok,6.0795912701,4
OVRPBL,404,ok,7.4545773485,5
OVRPBL,405,ok,5.8188142741,6
OVRPBL,406,ok,6.5472240543,6
OVRPBL,407,ok,5.9679531076,5
OVRPBL,408,ok,6.0458405375,5
OVRPBL,409,ok,5.7063759547,6
OVRPBL,410,ok,6.5876085644,7
OVRPBL,411,ok,7.8691270637,6
OVRPBL,412,ok,6.4190433689,7
OVRPBL,413,ok,7.4832945231,9
OVRPBL,414,ok,7.0585109295,5
OVRPBL,415,ok,7.6484144671,5
OVRPBL,416,ok,6.9184297688,8
OVRPBL,417,ok,6.8620199077,6
OVRPBL,418,ok,6.6390660827,5
OVRPBL,419,ok,7.3849276622,6
OVRPBL,420,ok,6.4566692710,4
OVRPBL,421,ok,6.1232165717,6
OVRPBL,422,ok,6.9755897013,7
OVRPBL,423,ok,6.1716752990,6
OVRPBL,424,ok,6.4619004377,5
OVRPBL,425,ok,6.2276417574,5
OVRPBL,426,ok,6.3953802046,5
OVRPBL,427,ok,6.1222820274,6
OVRPBL,428,ok,7.9341564331,6
OVRPBL,429,ok,6.0425151639,3
OVRPBL,430,ok,6.2286115597,4
OVRPBL,431,ok,6.4550111083,6
OVRPBL,432,ok,5.7050953581,4
OVRPBL,433,ok,6.0685348827,5
OVRPBL,434,ok,6.6587984359,6
OVRPBL,435,ok,7.1767989136,5
OVRPBL,436,ok,6.4071997570,5
OVRPBL,437,ok,5.6044320004,6
OVRPBL,438,ok,7.1046559901,6
OVRPBL,439,ok,6.3835010153,7
OVRPBL,440,ok,6.8839385410,6
OVRPBL,441,ok,5.6991727013,6
OVRPBL,442,ok,6.4915135189,7
OVRPBL,443,ok,6.9283731847,7
OVRPBL,444,ok,6.2107076825,5
OVRPBL,445,ok,6.6025963552,8
OVRPBL,446,ok,6.5289563089,6
OVRPBL,447,ok,5.8215456301,8
OVRPBL,448,ok,7.2260518640,5
OVRPBL,449,ok,6.8121887454,4
OVRPBL,450,ok,5.5106609515,6
OVRPBL,451,ok,6.6473083613,6
OVRPBL,452,ok,6.8855526186,6
OVRPBL,453,ok,6.7444465774,6
OVRPBL,454,ok,6.5896840179,7
OVRPBL,455,ok,6.1299734846,5
OVRPBL,456,ok,6.4986423241,7
OVRPBL,457,ok,7.0437893265,4
OVRPBL,458,ok,6.1135303907,5
OVRPBL,459,ok,5.9959557708,6
OVRPBL,460,ok,5.4579332704,7
OVRPBL,461,ok,6.3359108191,6
OVRPBL,462,ok,5.7789871861,5
OVRPBL,463,ok,6.1555216855,5
OVRPBL,464,ok,6.7602355478,9
OVRPBL,465,ok,6.9441496780,6
OVRPBL,466,ok,6.0433195085,8
OVRPBL,467,ok,6.6572020167,4
OVRPBL,468,ok,6.5533205044,4
OVRPBL,469,ok,6.0561087948,5
OVRPBL,470,ok,5.9958032472,6
OVRPBL,471,ok,6.5026120281,5
OVRPBL,472,ok,5.9169888843,4
OVRPBL,473,ok,6.1373513779,5
OVRPBL,474,ok,6.1856729246,7
OVRPBL,475,ok,5.7782331732,8
OVRPBL,476,ok,6.5015865948,6
OVRPBL,477,ok,6.3534115372,6
OVRPBL,478,ok,7.0904519625,8
OVRPBL,479,ok,5.6868117835,6
OVRPBL,480,ok,6.0563336855,6
OVRPBL,481,ok,6.6640297296,5
OVRPBL,482,ok,6.9974896184,6
OVRPBL,483,ok,6.1744787132,8
OVRPBL,484,ok,7.2846101730,6
OVRPBL,485,ok,6.1834721239,5
OVRPBL,486,ok,6.3825115157,4
OVRPBL,487,ok,7.2442406943,5
OVRPBL,488,ok,7.1263297644,5
OVRPBL,489,ok,6.1628141538,4
OVRPBL,490,ok,6.5848710081,6
OVRPBL,491,ok,6.7066806308,5
OVRPBL,492,ok,6.9716643466,6
OVRPBL,493,ok,6.1828474815,5
OVRPBL,494,ok,6.2951204464,5
OVRPBL,495,ok,6.4626484300,6
OVRPBL,496,ok,6.2303887722,7
OVRPBL,497,ok,6.3356446660,6
OVRPBL,498,ok,6.1765043573,7
OVRPBL,499,ok,6.6906504685,5
OVRPBL,500,ok,6.5117828990,8
OVRPBL,501,ok,6.8871832968,5
OVRPBL,502,ok,6.9491410835,4
OVRPBL,503,ok,6.6342125479,6
OVRPBL,504,ok,6.2178566746,6
OVRPBL,505,ok,6.0363841797,4
OVRPBL,506,ok,6.4380367680,6
OVRPBL,507,ok,6.8851970963,6
OVRPBL,508,ok,8.7304068337,7
OVRPBL,509,ok,6.8262295591,5
OVRPBL,510,ok,6.2610280667,5
OVRPBL,511,ok,6.3412070045,5
OVRPBL,512,ok,7.1938133393,7
OVRPBL,513,ok,6.7342063064,5
OVRPBL,514,ok,6.2688672722,5
OVRPBL,515,ok,5.7998916100,5
OVRPBL,516,ok,5.0529592778,7
OVRPBL,517,ok,7.7338837982,5
OVRPBL,518,ok,6.1273914838,4
OVRPBL,519,ok,5.9618313525,6
OVRPBL,520,ok,6.3710130622,7
OVRPBL,521,ok,6.5748999764,4
OVRPBL,522,ok,6.4824307116,5
OVRPBL,523,ok,5.7943452892,5
OVRPBL,524,ok,6.1615018717,4
OVRPBL,525,ok,5.5588899412,8
OVRPBL,526,ok,6.0503299947,5
OVRPBL,527,ok,7.0038430454,5
OVRPBL,528,ok,6.5624355507,7
OVRPBL,529,ok,6.9655113160,5
OVRPBL,530,ok,6.5056848781,4
OVRPBL,531,ok,7.1826969775,6
OVRPBL,532,ok,6.5087448922,5
OVRPBL,533,ok,7.0661782776,5
OVRPBL,534,ok,5.7584625937,6
OVRPBL,535,ok,6.5746840323,5
OVRPBL,536,ok,5.9002805681,5
OVRPBL,537,ok,6.2159609886,5
OVRPBL,538,ok,6.7310846245,6
OVRPBL,539,ok,6.4359434313,5
OVRPBL,540,ok,6.9936301394,7
OVRPBL,541,ok,5.9142484288,6
OVRPBL,542,ok,7.6988766576,5
OVRPBL,543,ok,6.8951692679,5
OVRPBL,544,ok,5.9039175917,6
OVRPBL,545,ok,6.6342797968,5
OVRPBL,546,ok,6.8703185065,7
OVRPBL,547,ok,5.5952568677,5
OVRPBL,548,ok,6.1107662202,5
OVRPBL,549,ok,5.6168798642,4
OVRPBL,550,ok,6.3055870971,4
OVRPBL,551,ok,6.4614273630,6
OVRPBL,552,ok,6.5100192467,6
OVRPBL,553,ok,6.7245093937,4
OVRPBL,554,ok,5.6627786371,5
OVRPBL,555,ok,6.2489113534,6
OVRPBL,556,ok,6.3799458076,4
OVRPBL,557,ok,6.8404449582,8
OVRPBL,558,ok,6.6800148618,6
OVRPBL,559,ok,5.4975545397,4
OVRPBL,560,ok,5.5704195040,4
OVRPBL,561,ok,6.5618334882,5
OVRPBL,562,ok,5.6609307726,6
OVRPBL,563,ok,6.3018714650,6
OVRPBL,564,ok,5.8273944561,6
OVRPBL,565,ok,6.4967598388,5
OVRPBL,566,ok,5.7819580985,5
OVRPBL,567,ok,7.2501471503,7
OVRPBL,568,ok,5.9771178645,6
OVRPBL,569,ok,6.3465476629,6
OVRPBL,570,ok,6.9962172086,5
OVRPBL,571,ok,6.7809397474,5
OVRPBL,572,ok,6.9002209356,6
OVRPBL,573,ok,7.4146043978,5
OVRPBL,574,ok,6.4065174082,8
OVRPBL,575,ok,6.1985075624,6
OVRPBL,576,ok,6.0772957969,5
OVRPBL,577,ok,6.6858185595,5
OVRPBL,578,ok,6.8365215503,5
OVRPBL,579,ok,7.3487181810,4
OVRPBL,580,ok,6.8226063640,6
OVRPBL,581,ok,6.4790014252,6
OVRPBL,582,ok,6.5436175269,6
OVRPBL,583,ok,7.1701304656,5
OVRPBL,584,ok,6.7052055703,6
OVRPBL,585,ok,7.0377283812,5
OVRPBL,586,ok,6.5443377124,5
OVRPBL,587,ok,6.6326197434,5
OVRPBL,588,ok,5.5179130144,6
OVRPBL,589,ok,7.0953551373,5
OVRPBL,590,ok,7.5438450417,5
OVRPBL,591,ok,7.0612121173,8
OVRPBL,592,ok,7.2066162144,6
OVRPBL,593,ok,6.1973572317,5
OVRPBL,594,ok,6.0335136163,5
OVRPBL,595,ok,6.8967679955,7
OVRPBL,596,ok,6.3479171631,5
OVRPBL,597,ok,6.8320018642,6
OVRPBL,598,ok,6.0476467971,5
OVRPBL,599,ok,6.9018180538,5
OVRPBL,600,ok,6.7921641454,5
OVRPBL,601,ok,5.7661822563,6
OVRPBL,602,ok,6.7632204251,5
OVRPBL,603,ok,6.7330835910,8
OVRPBL,604,ok,6.9780392873,5
OVRPBL,605,ok,6.2676165939,6
OVRPBL,606,ok,7.1501982201,6
OVRPBL,607,ok,6.4192173504,5
OVRPBL,608,ok,5.8031866054,5
OVRPBL,609,ok,6.4300007753,4
OVRPBL,610,ok,6.2149268603,6
OVRPBL,611,ok,6.7626029001,4
OVRPBL,612,ok,6.3652533049,6
OVRPBL,613,ok,6.6450998674,5
OVRPBL,614,ok,6.5023640413,5
OVRPBL,615,ok,5.8711060436,5
OVRPBL,616,ok,7.0674919185,4
OVRPBL,617,ok,7.0937267646,6
OVRPBL,618,ok,6.0678836344,7
OVRPBL,619,ok,6.4960308719,6
OVRPBL,620,ok,7.2509117984,6
OVRPBL,621,ok,6.2672577958,6
OVRPBL,622,ok,7.8616675318,5
OVRPBL,623,ok,7.1656054649,6
OVRPBL,624,ok,7.4475694491,6
OVRPBL,625,ok,6.5337398659,5
OVRPBL,626,ok,6.6588461336,6
OVRPBL,627,ok,6.6229987782,5
OVRPBL,628,ok,6.8697379815,5
OVRPBL,629,ok,5.5634974164,8
OVRPBL,630,ok,5.6345906299,5
OVRPBL,631,ok,6.2635016096,5
OVRPBL,632,ok,6.6946584083,4
OVRPBL,633,ok,7.4727153215,6
OVRPBL,634,ok,7.3214543888,5
OVRPBL,635,ok,7.4000751955,6
OVRPBL,636,ok,7.0589849134,6
OVRPBL,637,ok,6.9406533213,4
OVRPBL,638,ok,5.9336764408,5
OVRPBL,639,ok,6.7218097816,5
OVRPBL,640,ok,6.8478648680,5
OVRPBL,641,ok,6.9945767975,6
OVRPBL,642,ok,6.0522693676,6
OVRPBL,643,ok,5.7122866741,4
OVRPBL,644,ok,6.9231375124,5
OVRPBL,645,ok,5.9742115532,6
OVRPBL,646,ok,6.0192665731,4
OVRPBL,647,ok,7.0882690428,5
OVRPBL,648,ok,6.3474296618,7
OVRPBL,649,ok,6.4454267296,7
OVRPBL,650,ok,6.0779265461,5
OVRPBL,651,ok,6.6675142073,6
OVRPBL,652,ok,6.1290591368,7
OVRPBL,653,ok,6.6187404804,5
OVRPBL,654,ok,6.1922589535,7
OVRPBL,655,ok,5.8706535427,5
OVRPBL,656,ok,5.6826984431,5
OVRPBL,657,ok,7.3948951546,7
OVRPBL,658,ok,7.3237086151,6
OVRPBL,659,ok,6.3372530575,4
OVRPBL,660,ok,6.3463802895,6
OVRPBL,661,ok,7.0109545944,6
OVRPBL,662,ok,6.9437485591,4
OVRPBL,663,ok,6.4084265778,4
OVRPBL,664,ok,6.1820604111,4
OVRPBL,665,ok,6.4660606712,4
OVRPBL,666,ok,6.6384671757,4
OVRPBL,667,ok,7.3432330034,5
OVRPBL,668,ok,7.4875930236,6
OVRPBL,669,ok,6.5538630298,5
OVRPBL,670,ok,6.7636069260,5
OVRPBL,671,ok,6.3863486418,5
OVRPBL,672,ok,6.5233891735,6
OVRPBL,673,ok,6.2631880430,5
OVRPBL,674,ok,5.6088775339,5
OVRPBL,675,ok,6.2846556067,4
OVRPBL,676,ok,6.4733552428,5
OVRPBL,677,ok,5.9721085112,6
OVRPBL,678,ok,5.9767167844,4
OVRPBL,679,ok,7.1198000315,5
OVRPBL,680,ok,6.3346250119,5
OVRPBL,681,ok,6.3270103305,6
OVRPBL,682,ok,6.7491947491,5
OVRPBL,683,ok,6.0647065815,5
OVRPBL,684,ok,6.6145130221,8
OVRPBL,685,ok,6.7356946737,5
OVRPBL,686,ok,6.6771166983,4
OVRPBL,687,ok,6.6904600390,4
OVRPBL,688,ok,7.5582491199,7
OVRPBL,689,ok,6.5798410646,6
OVRPBL,690,ok,6.9593223898,6
OVRPBL,691,ok,5.9227254655,4
OVRPBL,692,ok,6.2628075567,7
OVRPBL,693,ok,6.2986159973,6
OVRPBL,694,ok,5.7598692070,5
OVRPBL,695,ok,6.0789496740,7
OVRPBL,696,ok,6.1284903394,7
OVRPBL,697,ok,6.5615510720,5
OVRPBL,698,ok,7.8712852950,8
OVRPBL,699,ok,7.6095703349,6
OVRPBL,700,ok,6.1394948710,5
OVRPBL,701,ok,6.7104485942,6
OVRPBL,702,ok,6.2496483382,7
OVRPBL,703,ok,6.6543536656,4
OVRPBL,704,ok,6.4568031758,5
OVRPBL,705,ok,6.8489053236,7
OVRPBL,706,ok,6.7066526890,5
OVRPBL,707,ok,5.5908299116,6
OVRPBL,708,ok,6.2443719505,8
OVRPBL,709,ok,6.5187336684,6
OVRPBL,710,ok,6.4798235752,5
OVRPBL,711,ok,6.7656279581,8
OVRPBL,712,ok,6.2087861904,4
OVRPBL,713,ok,7.1989430792,5
OVRPBL,714,ok,6.1287584541,6
OVRPBL,715,ok,7.2192939717,5
OVRPBL,716,ok,6.9760426131,6
OVRPBL,717,ok,7.2304727254,7
OVRPBL,718,ok,6.5332904490,7
OVRPBL,719,ok,6.6504543007,8
OVRPBL,720,ok,7.5693250011,5
OVRPBL,721,ok,6.6905872231,6
OVRPBL,722,ok,5.5244026016,6
OVRPBL,723,ok,6.1624467249,6
OVRPBL,724,ok,6.4965223233,7
OVRPBL,725,ok,7.1486417607,7
OVRPBL,726,ok,6.2146215997,5
OVRPBL,727,ok,6.1813982260,5
OVRPBL,728,ok,6.5588065849,5
OVRPBL,729,ok,6.6751032029,5
OVRPBL,730,ok,6.9912474246,5
OVRPBL,731,ok,6.2316375606,6
OVRPBL,732,ok,6.6131508037,7
OVRPBL,733,ok,6.4098970464,7
OVRPBL,734,ok,7.9096758096,7
OVRPBL,735,ok,6.0268606071,5
OVRPBL,736,ok,6.1425622377,6
OVRPBL,737,ok,6.9699485137,4
OVRPBL,738,ok,6.5221579955,6
OVRPBL,739,ok,6.3675073263,5
OVRPBL,740,ok,6.0678288082,6
OVRPBL,741,ok,6.2376358253,5
OVRPBL,742,ok,6.9801685194,5
OVRPBL,743,ok,6.6090816174,5
OVRPBL,744,ok,7.3085131977,5
OVRPBL,745,ok,7.0185770372,5
OVRPBL,746,ok,6.7782710638,5
OVRPBL,747,ok,5.9162150361,5
OVRPBL,748,ok,6.1511194277,5
OVRPBL,749,ok,6.3337628328,6
OVRPBL,750,ok,6.2786276167,5
OVRPBL,751,ok,6.4133983333,5
OVRPBL,752,ok,6.6284143571,6
OVRPBL,753,ok,6.1471456585,8
OVRPBL,754,ok,6.2130099098,5
OVRPBL,755,ok,6.2074505792,4
OVRPBL,756,ok,7.2530616735,4
OVRPBL,757,ok,6.6935792119,6
OVRPBL,758,ok,5.3524483390,5
OVRPBL,759,ok,6.2526648049,6
OVRPBL,760,ok,6.2928866004,6
OVRPBL,761,ok,7.8473525050,6
OVRPBL,762,ok,7.4605099632,5
OVRPBL,763,ok,5.8665767179,6
OVRPBL,764,ok,6.4642212010,6
OVRPBL,765,ok,6.8870595058,6
OVRPBL,766,ok,6.6933539593,7
OVRPBL,767,ok,6.4671650244,5
OVRPBL,768,ok,6.4102643703,5
OVRPBL,769,ok,7.1216586538,6
OVRPBL,770,ok,5.5289012536,7
OVRPBL,771,ok,6.7008880488,6
OVRPBL,772,ok,7.1020755041,6
OVRPBL,773,ok,6.5409959809,5
OVRPBL,774,ok,6.9639500192,4
OVRPBL,775,ok,6.0876318468,5
OVRPBL,776,ok,6.8070847872,7
OVRPBL,777,ok,5.9739229507,5
OVRPBL,778,ok,6.7513676733,5
OVRPBL,779,ok,7.1429576670,5
OVRPBL,780,ok,6.7766760569,6
OVRPBL,781,ok,6.9246367099,6
OVRPBL,782,ok,6.8565583916,6
OVRPBL,783,ok,5.9470067990,6
OVRPBL,784,ok,5.7067491292,6
OVRPBL,785,ok,6.5377230439,4
OVRPBL,786,ok,6.3799342050,6
OVRPBL,787,ok,6.6832164159,5
OVRPBL,788,ok,7.1369163306,4
OVRPBL,789,ok,6.2706455332,5
OVRPBL,790,ok,5.9780866704,5
OVRPBL,791,ok,7.1631580891,5
OVRPBL,792,ok,7.1227627301,5
OVRPBL,793,ok,6.0672607119,7
OVRPBL,794,ok,7.0263026788,7
OVRPBL,795,ok,6.5011200565,5
OVRPBL,796,ok,6.2028218382,6
OVRPBL,797,ok,6.2543002654,7
OVRPBL,798,ok,6.3858513254,5
OVRPBL,799,ok,6.0401450112,5
OVRPBL,800,ok,7.0927660693,7
OVRPBL,801,ok,6.5065823918,7
OVRPBL,802,ok,7.2951710865,4
OVRPBL,803,ok,6.8601547377,5
OVRPBL,804,ok,6.5509894522,7
OVRPBL,805,ok,6.5732759326,7
OVRPBL,806,ok,6.6342818150,7
OVRPBL,807,ok,6.3284253413,5
OVRPBL,808,ok,6.3668463812,4
OVRPBL,809,ok,6.1624406944,8
OVRPBL,810,ok,7.1972005126,6
OVRPBL,811,ok,5.7560977477,6
OVRPBL,812,ok,7.0485902226,5
OVRPBL,813,ok,6.3736040535,4
OVRPBL,814,ok,6.9141242276,7
OVRPBL,815,ok,6.4768355749,7
OVRPBL,816,ok,6.2129128186,6
OVRPBL,817,ok,5.9129293966,5
OVRPBL,818,ok,6.8757521563,6
OVRPBL,819,ok,6.3825836058,4
OVRPBL,820,ok,6.4138496503,5
OVRPBL,821,ok,6.6948801892,5
OVRPBL,822,ok,6.3244790291,7
OVRPBL,823,ok,5.7878146960,4
OVRPBL,824,ok,6.0479478183,4
OVRPBL,825,ok,6.1304805105,7
OVRPBL,826,ok,6.8739427199,5
OVRPBL,827,ok,6.1414765390,6
OVRPBL,828,ok,6.7182353728,6
OVRPBL,829,ok,6.4553211612,5
OVRPBL,830,ok,6.6271137975,6
OVRPBL,831,ok,7.2498406791,5
OVRPBL,832,ok,6.6755748203,6
OVRPBL,833,ok,5.8474642512,4
OVRPBL,834,ok,5.7630932171,5
OVRPBL,835,ok,6.9913549671,6
OVRPBL,836,ok,6.7061244119,5
OVRPBL,837,ok,7.4360464517,7
OVRPBL,838,ok,6.3197260345,5
OVRPBL,839,ok,6.4037205977,7
OVRPBL,840,ok,6.7128114850,7
OVRPBL,841,ok,5.9616183270,5
OVRPBL,842,ok,5.5892887723,7
OVRPBL,843,ok,6.9800728175,6
OVRPBL,844,ok,7.0725092301,5
OVRPBL,845,ok,6.1104940493,5
OVRPBL,846,ok,5.9176629154,5
OVRPBL,847,ok,6.3501904866,5
OVRPBL,848,ok,6.9073644646,5
OVRPBL,849,ok,7.2592287566,6
OVRPBL,850,ok,6.3235353535,7
OVRPBL,851,ok,6.8352650355,5
OVRPBL,852,ok,7.1976003360,5
OVRPBL,853,ok,6.3087166892,6
OVRPBL,854,ok,6.3597654386,6
OVRPBL,855,ok,6.8171224276,5
OVRPBL,856,ok,6.7918006091,6
OVRPBL,857,ok,6.5367883793,5
OVRPBL,858,ok,6.4416087650,5
OVRPBL,859,ok,6.1070025085,5
OVRPBL,860,ok,7.4747253166,8
OVRPBL,861,ok,7.2377679580,7
OVRPBL,862,ok,6.0937510136,4
OVRPBL,863,ok,6.1305982801,7
OVRPBL,864,ok,6.4528800022,6
OVRPBL,865,ok,5.9880155526,6
OVRPBL,866,ok,7.4608770366,5
OVRPBL,867,ok,6.8264371902,6
OVRPBL,868,ok,6.7855281378,5
OVRPBL,869,ok,7.9596943019,6
OVRPBL,870,ok,6.9044985414,6
OVRPBL,871,ok,6.3534365056,6
OVRPBL,872,ok,6.4406441694,8
OVRPBL,873,ok,6.1812696649,6
OVRPBL,874,ok,7.3540110614,7
OVRPBL,875,ok,7.2328363771,6
OVRPBL,876,ok,5.7132918018,7
OVRPBL,877,ok,6.9733455139,6
OVRPBL,878,ok,6.6778455723,5
OVRPBL,879,ok,7.3413239505,6
OVRPBL,880,ok,5.8958135895,5
OVRPBL,881,ok,6.4024759192,6
OVRPBL,882,ok,6.6447637222,7
OVRPBL,883,ok,7.4512565400,6
OVRPBL,884,ok,6.3355898021,7
OVRPBL,885,ok,5.8949960435,4
OVRPBL,886,ok,6.1559640390,7
OVRPBL,887,ok,5.9956155978,7
OVRPBL,888,ok,5.7822816763,6
OVRPBL,889,ok,6.2110573301,7
OVRPBL,890,ok,6.8229987222,6
OVRPBL,891,ok,6.8373111757,8
OVRPBL,892,ok,7.1859439587,6
OVRPBL,893,ok,7.6054134580,6
OVRPBL,894,ok,6.1387460504,9
OVRPBL,895,ok,5.6008444808,7
OVRPBL,896,ok,6.5618591897,4
OVRPBL,897,ok,6.1378923204,7
OVRPBL,898,ok,6.4361670786,5
OVRPBL,899,ok,6.2632481823,3
OVRPBL,900,ok,5.8266387875,5
OVRPBL,901,ok,6.4804553780,4
OVRPBL,902,ok,6.4818753040,6
OVRPBL,903,ok,6.8378589133,6
OVRPBL,904,ok,6.3462898269,7
OVRPBL,905,ok,6.5968358744,6
OVRPBL,906,ok,6.3905031734,7
OVRPBL,907,ok,6.5412200419,7
OVRPBL,908,ok,5.3817056412,4
OVRPBL,909,ok,6.1866400340,5
OVRPBL,910,ok,5.9851230697,5
OVRPBL,911,ok,7.4593072009,5
OVRPBL,912,ok,6.7839457027,7
OVRPBL,913,ok,5.7695535584,5
OVRPBL,914,ok,5.9980321740,5
OVRPBL,915,ok,6.3440224217,6
OVRPBL,916,ok,6.7827754009,4
OVRPBL,917,ok,6.5848488459,5
OVRPBL,918,ok,5.9862415175,7
OVRPBL,919,ok,6.2430341887,5
OVRPBL,920,ok,6.8001374087,4
OVRPBL,921,ok,6.3276819046,6
OVRPBL,922,ok,6.2500730154,5
OVRPBL,923,ok,6.2127733026,6
OVRPBL,924,ok,6.7114314293,5
OVRPBL,925,ok,7.0008123683,7
OVRPBL,926,ok,6.1904908272,6
OVRPBL,927,ok,5.8285070151,5
OVRPBL,928,ok,6.1278273264,6
OVRPBL,929,ok,7.3478125125,8
OVRPBL,930,ok,6.8282658185,5
OVRPBL,931,ok,6.5442497707,6
OVRPBL,932,ok,5.9286645855,6
OVRPBL,933,ok,6.9195071066,5
OVRPBL,934,ok,6.3544385178,6
OVRPBL,935,ok,6.1912343725,6
OVRPBL,936,ok,6.4340853344,6
OVRPBL,937,ok,6.5866557364,5
OVRPBL,938,ok,7.2361607983,4
OVRPBL,939,ok,7.1632891042,6
OVRPBL,940,ok,6.0125766922,6
OVRPBL,941,ok,6.4979781525,6
OVRPBL,942,ok,5.8196751161,5
OVRPBL,943,ok,7.0576522321,5
OVRPBL,944,ok,6.2808084233,6
OVRPBL,945,ok,6.5253671606,6
OVRPBL,946,ok,6.0168762660,6
OVRPBL,947,ok,5.8612167286,5
OVRPBL,948,ok,6.0582221528,8
OVRPBL,949,ok,6.3823323134,7
OVRPBL,950,ok,6.6715550884,7
OVRPBL,951,ok,7.4007144435,6
OVRPBL,952,ok,6.6253503798,6
OVRPBL,953,ok,8.0674483435,7
OVRPBL,954,ok,6.6395366639,5
OVRPBL,955,ok,6.5650633271,6
OVRPBL,956,ok,6.0330422602,5
OVRPBL,957,ok,5.9947929206,6
OVRPBL,958,ok,6.7984965967,4
OVRPBL,959,ok,6.5562558481,4
OVRPBL,960,ok,6.6720931996,5
OVRPBL,961,ok,7.5055975394,7
OVRPBL,962,ok,5.8889035375,4
OVRPBL,963,ok,6.3900580826,7
OVRPBL,964,ok,5.9834184375,7
OVRPBL,965,ok,5.8612699019,7
OVRPBL,966,ok,6.4129614958,7
OVRPBL,967,ok,5.9361218929,4
OVRPBL,968,ok,6.0317879977,4
OVRPBL,969,ok,5.9830712313,4
OVRPBL,970,ok,6.6388184069,6
OVRPBL,971,ok,6.4256705118,4
OVRPBL,972,ok,6.5905826273,6
OVRPBL,973,ok,6.5996393630,6
OVRPBL,974,ok,6.3237102560,4
OVRPBL,975,ok,6.9286319540,5
OVRPBL,976,ok,6.1515994818,6
OVRPBL,977,ok,7.7703176389,5
OVRPBL,978,ok,6.9840624623,5
OVRPBL,979,ok,6.6201020035,6
OVRPBL,980,ok,6.0228770780,8
OVRPBL,981,ok,6.2818384293,5
OVRPBL,982,ok,6.6368797357,4
OVRPBL,983,ok,6.3975110701,6
OVRPBL,984,ok,6.5318119777,6
OVRPBL,985,ok,6.8108140492,5
OVRPBL,986,ok,6.2855906112,4
OVRPBL,987,ok,7.4464317447,7
OVRPBL,988,ok,6.4412447618,8
OVRPBL,989,ok,6.4288528127,6
OVRPBL,990,ok,6.1619151779,5
OVRPBL,991,ok,6.6853076410,6
OVRPBL,992,ok,7.0832401076,6
OVRPBL,993,ok,5.9997441464,7
OVRPBL,994,ok,6.4352526921,5
OVRPBL,995,ok,6.2710675251,4
OVRPBL,996,ok,6.9348374515,6
OVRPBL,997,ok,6.4274949414,7
OVRPBL,998,ok,7.2081105656,7
OVRPBL,999,ok,7.3024692950,5
OVRPBTW,0,no_feasible_candidate,,
OVRPBTW,1,ok,11.5255249436,15
OVRPBTW,2,no_feasible_candidate,,
OVRPBTW,3,no_feasible_candidate,,
OVRPBTW,4,no_feasible_candidate,,
OVRPBTW,5,no_feasible_candidate,,
OVRPBTW,6,no_feasible_candidate,,
OVRPBTW,7,no_feasible_candidate,,
OVRPBTW,8,no_feasible_candidate,,
OVRPBTW,9,no_feasible_candidate,,
OVRPBTW,10,no_feasible_candidate,,
OVRPBTW,11,no_feasible_candidate,,
OVRPBTW,12,no_feasible_candidate,,
OVRPBTW,13,ok,11.9412767763,17
OVRPBTW,14,no_feasible_candidate,,
OVRPBTW,15,no_feasible_candidate,,
OVRPBTW,16,ok,12.3695701093,17
OVRPBTW,17,no_feasible_candidate,,
OVRPBTW,18,no_feasible_candidate,,
OVRPBTW,19,ok,11.3220672717,16
OVRPBTW,20,no_feasible_candidate,,
OVRPBTW,21,no_feasible_candidate,,
OVRPBTW,22,no_feasible_candidate,,
OVRPBTW,23,no_feasible_candidate,,
OVRPBTW,24,no_feasible_candidate,,
OVRPBTW,25,no_feasible_candidate,,
OVRPBTW,26,ok,8.6829760345,18
OVRPBTW,27,no_feasible_candidate,,
OVRPBTW,28,ok,16.0950235860,18
OVRPBTW,29,no_feasible_candidate,,
OVRPBTW,30,no_feasible_candidate,,
OVRPBTW,31,no_feasible_candidate,,
OVRPBTW,32,no_feasible_candidate,,
OVRPBTW,33,no_feasible_candidate,,
OVRPBTW,34,ok,11.6048073025,19
OVRPBTW,35,no_feasible_candidate,,
OVRPBTW,36,no_feasible_candidate,,
OVRPBTW,37,no_feasible_candidate,,
OVRPBTW,38,no_feasible_candidate,,
OVRPBTW,39,no_feasible_candidate,,
OVRPBTW,40,no_feasible_candidate,,
OVRPBTW,41,no_feasible_candidate,,
OVRPBTW,42,no_feasible_candidate,,
OVRPBTW,43,no_feasible_candidate,,
OVRPBTW,44,ok,11.1771015736,14
OVRPBTW,45,no_feasible_candidate,,
OVRPBTW,46,no_feasible_candidate,,
OVRPBTW,47,no_feasible_candidate,,
OVRPBTW,48,no_feasible_candidate,,
OVRPBTW,49,no_feasible_candidate,,
OVRPBTW,50,no_feasible_candidate,,
OVRPBTW,51,no_feasible_candidate,,
OVRPBTW,52,no_feasible_candidate,,
OVRPBTW,53,ok,11.6092160523,16
OVRPBTW,54,ok,11.4751719203,16
OVRPBTW,55,no_feasible_candidate,,
OVRPBTW,56,no_feasible_candidate,,
OVRPBTW,57,no_feasible_candidate,,
OVRPBTW,58,no_feasible_candidate,,
OVRPBTW,59,no_feasible_candidate,,
OVRPBTW,60,no_feasible_candidate,,
OVRPBTW,61,ok,12.1874620352,18
OVRPBTW,62,no_feasible_candidate,,
OVRPBTW,63,no_feasible_candidate,,
OVRPBTW,64,no_feasible_candidate,,
OVRPBTW,65,no_feasible_candidate,,
OVRPBTW,66,no_feasible_candidate,,
OVRPBTW,67,no_feasible_candidate,,
OVRPBTW,68,ok,12.0631949412,16
OVRPBTW,69,no_feasible_candidate,,
OVRPBTW,70,no_feasible_candidate,,
OVRPBTW,71,no_feasible_candidate,,
OVRPBTW,72,ok,12.1315152235,15
OVRPBTW,73,no_feasible_candidate,,
OVRPBTW,74,no_feasible_candidate,,
OVRPBTW,75,ok,14.0882003301,17
OVRPBTW,76,ok,9.4523824099,16
OVRPBTW,77,no_feasible_candidate,,
OVRPBTW,78,no_feasible_candidate,,
OVRPBTW,79,no_feasible_candidate,,
OVRPBTW,80,no_feasible_candidate,,
OVRPBTW,81,no_feasible_candidate,,
OVRPBTW,82,no_feasible_candidate,,
OVRPBTW,83,no_feasible_candidate,,
OVRPBTW,84,no_feasible_candidate,,
OVRPBTW,85,no_feasible_candidate,,
OVRPBTW,86,no_feasible_candidate,,
OVRPBTW,87,no_feasible_candidate,,
OVRPBTW,88,no_feasible_candidate,,
OVRPBTW,89,no_feasible_candidate,,
OVRPBTW,90,no_feasible_candidate,,
OVRPBTW,91,ok,11.3480778257,14
OVRPBTW,92,no_feasible_candidate,,
OVRPBTW,93,ok,15.6607873552,17
OVRPBTW,94,ok,13.3479534483,19
OVRPBTW,95,no_feasible_candidate,,
OVRPBTW,96,no_feasible_candidate,,
OVRPBTW,97,no_feasible_candidate,,
OVRPBTW,98,no_feasible_candidate,,
OVRPBTW,99,no_feasible_candidate,,
OVRPBTW,100,no_feasible_candidate,,
OVRPBTW,101,ok,9.4733585702,16
OVRPBTW,102,no_feasible_candidate,,
OVRPBTW,103,ok,11.4004927684,21
OVRPBTW,104,no_feasible_candidate,,
OVRPBTW,105,no_feasible_candidate,,
OVRPBTW,106,no_feasible_candidate,,
OVRPBTW,107,ok,9.2756462471,14
OVRPBTW,108,ok,9.2935105742,16
OVRPBTW,109,no_feasible_candidate,,
OVRPBTW,110,no_feasible_candidate,,
OVRPBTW,111,no_feasible_candidate,,
OVRPBTW,112,no_feasible_candidate,,
OVRPBTW,113,no_feasible_candidate,,
OVRPBTW,114,no_feasible_candidate,,
OVRPBTW,115,no_feasible_candidate,,
OVRPBTW,116,no_feasible_candidate,,
OVRPBTW,117,no_feasible_candidate,,
OVRPBTW,118,no_feasible_candidate,,
OVRPBTW,119,no_feasible_candidate,,
OVRPBTW,120,no_feasible_candidate,,
OVRPBTW,121,no_feasible_candidate,,
OVRPBTW,122,no_feasible_candidate,,
OVRPBTW,123,ok,12.4049226640,17
OVRPBTW,124,no_feasible_candidate,,
OVRPBTW,125,no_feasible_candidate,,
OVRPBTW,126,no_feasible_candidate,,
OVRPBTW,127,no_feasible_candidate,,
OVRPBTW,128,no_feasible_candidate,,
OVRPBTW,129,no_feasible_candidate,,
OVRPBTW,130,no_feasible_candidate,,
OVRPBTW,131,no_feasible_candidate,,
OVRPBTW,132,ok,12.7480195081,15
OVRPBTW,133,ok,12.8891511285,21
OVRPBTW,134,ok,15.6129417249,20
OVRPBTW,135,no_feasible_candidate,,
OVRPBTW,136,no_feasible_candidate,,
OVRPBTW,137,ok,12.9645472090,17
OVRPBTW,138,ok,11.7739788344,17
OVRPBTW,139,ok,14.2505471286,19
OVRPBTW,140,no_feasible_candidate,,
OVRPBTW,141,no_feasible_candidate,,
OVRPBTW,142,ok,10.4364003892,20
OVRPBTW,143,ok,13.4037962673,17
OVRPBTW,144,no_feasible_candidate,,
OVRPBTW,145,no_feasible_candidate,,
OVRPBTW,146,no_feasible_candidate,,
OVRPBTW,147,no_feasible_candidate,,
OVRPBTW,148,no_feasible_candidate,,
OVRPBTW,149,no_feasible_candidate,,
OVRPBTW,150,no_feasible_candidate,,
OVRPBTW,151,no_feasible_candidate,,
OVRPBTW,152,ok,10.5711356153,16
OVRPBTW,153,ok,13.1232540991,17
OVRPBTW,154,no_feasible_candidate,,
OVRPBTW,155,no_feasible_candidate,,
OVRPBTW,156,ok,10.2432738003,17
OVRPBTW,157,no_feasible_candidate,,
OVRPBTW,158,no_feasible_candidate,,
OVRPBTW,159,no_feasible_candidate,,
OVRPBTW,160,no_feasible_candidate,,
OVRPBTW,161,no_feasible_candidate,,
OVRPBTW,162,no_feasible_candidate,,
OVRPBTW,163,no_feasible_candidate,,
OVRPBTW,164,ok,14.1411980080,16
OVRPBTW,165,ok,10.0551105300,14
OVRPBTW,166,no_feasible_candidate,,
OVRPBTW,167,no_feasible_candidate,,
OVRPBTW,168,no_feasible_candidate,,
OVRPBTW,169,no_feasible_candidate,,
OVRPBTW,170,no_feasible_candidate,,
OVRPBTW,171,ok,9.5057671241,14
OVRPBTW,172,no_feasible_candidate,,
OVRPBTW,173,no_feasible_candidate,,
OVRPBTW,174,no_feasible_candidate,,
OVRPBTW,175,no_feasible_candidate,,
OVRPBTW,176,no_feasible_candidate,,
OVRPBTW,177,no_feasible_candidate,,
OVRPBTW,178,no_feasible_candidate,,
OVRPBTW,179,ok,14.4115369372,18
OVRPBTW,180,no_feasible_candidate,,
OVRPBTW,181,ok,10.5650333547,16
OVRPBTW,182,ok,14.3506885614,19
OVRPBTW,183,ok,10.1478212155,17
OVRPBTW,184,no_feasible_candidate,,
OVRPBTW,185,no_feasible_candidate,,
OVRPBTW,186,no_feasible_candidate,,
OVRPBTW,187,no_feasible_candidate,,
OVRPBTW,188,ok,13.6898239341,14
OVRPBTW,189,no_feasible_candidate,,
OVRPBTW,190,no_feasible_candidate,,
OVRPBTW,191,no_feasible_candidate,,
OVRPBTW,192,no_feasible_candidate,,
OVRPBTW,193,no_feasible_candidate,,
OVRPBTW,194,no_feasible_candidate,,
OVRPBTW,195,no_feasible_candidate,,
OVRPBTW,196,no_feasible_candidate,,
OVRPBTW,197,no_feasible_candidate,,
OVRPBTW,198,no_feasible_candidate,,
OVRPBTW,199,no_feasible_candidate,,
OVRPBTW,200,no_feasible_candidate,,
OVRPBTW,201,no_feasible_candidate,,
OVRPBTW,202,ok,9.6250935412,15
OVRPBTW,203,no_feasible_candidate,,
OVRPBTW,204,no_feasible_candidate,,
OVRPBTW,205,no_feasible_candidate,,
OVRPBTW,206,no_feasible_candidate,,
OVRPBTW,207,ok,11.8423535449,21
OVRPBTW,208,no_feasible_candidate,,
OVRPBTW,209,no_feasible_candidate,,
OVRPBTW,210,no_feasible_candidate,,
OVRPBTW,211,no_feasible_candidate,,
OVRPBTW,212,ok,10.8100997773,21
OVRPBTW,213,ok,14.3069847467,17
OVRPBTW,214,no_feasible_candidate,,
OVRPBTW,215,no_feasible_candidate,,
OVRPBTW,216,no_feasible_candidate,,
OVRPBTW,217,no_feasible_candidate,,
OVRPBTW,218,no_feasible_candidate,,
OVRPBTW,219,no_feasible_candidate,,
OVRPBTW,220,no_feasible_candidate,,
OVRPBTW,221,no_feasible_candidate,,
OVRPBTW,222,no_feasible_candidate,,
OVRPBTW,223,ok,14.5802728841,19
OVRPBTW,224,ok,11.5992945688,20
OVRPBTW,225,no_feasible_candidate,,
OVRPBTW,226,ok,10.3979593651,20
OVRPBTW,227,no_feasible_candidate,,
OVRPBTW,228,no_feasible_candidate,,
OVRPBTW,229,no_feasible_candidate,,
OVRPBTW,230,ok,10.9497506000,16
OVRPBTW,231,no_feasible_candidate,,
OVRPBTW,232,no_feasible_candidate,,
OVRPBTW,233,no_feasible_candidate,,
OVRPBTW,234,ok,10.4365159744,18
OVRPBTW,235,no_feasible_candidate,,
OVRPBTW,236,no_feasible_candidate,,
OVRPBTW,237,no_feasible_candidate,,
OVRPBTW,238,no_feasible_candidate,,
OVRPBTW,239,no_feasible_candidate,,
OVRPBTW,240,no_feasible_candidate,,
OVRPBTW,241,no_feasible_candidate,,
OVRPBTW,242,no_feasible_candidate,,
OVRPBTW,243,ok,14.0200617615,17
OVRPBTW,244,no_feasible_candidate,,
OVRPBTW,245,no_feasible_candidate,,
OVRPBTW,246,no_feasible_candidate,,
OVRPBTW,247,no_feasible_candidate,,
OVRPBTW,248,no_feasible_candidate,,
OVRPBTW,249,no_feasible_candidate,,
OVRPBTW,250,no_feasible_candidate,,
OVRPBTW,251,no_feasible_candidate,,
OVRPBTW,252,no_feasible_candidate,,
OVRPBTW,253,no_feasible_candidate,,
OVRPBTW,254,no_feasible_candidate,,
OVRPBTW,255,no_feasible_candidate,,
OVRPBTW,256,no_feasible_candidate,,
OVRPBTW,257,no_feasible_candidate,,
OVRPBTW,258,ok,11.5350729966,18
OVRPBTW,259,no_feasible_candidate,,
OVRPBTW,260,no_feasible_candidate,,
OVRPBTW,261,no_feasible_candidate,,
OVRPBTW,262,ok,11.7478171656,15
OVRPBTW,263,no_feasible_candidate,,
OVRPBTW,264,no_feasible_candidate,,
OVRPBTW,265,no_feasible_candidate,,
OVRPBTW,266,no_feasible_candidate,,
OVRPBTW,267,ok,14.5289520087,17
OVRPBTW,268,no_feasible_candidate,,
OVRPBTW,269,no_feasible_candidate,,
OVRPBTW,270,ok,11.1693555471,14
OVRPBTW,271,no_feasible_candidate,,
OVRPBTW,272,no_feasible_candidate,,
OVRPBTW,273,no_feasible_candidate,,
OVRPBTW,274,no_feasible_candidate,,
OVRPBTW,275,no_feasible_candidate,,
OVRPBTW,276,no_feasible_candidate,,
OVRPBTW,277,no_feasible_candidate,,
OVRPBTW,278,no_feasible_candidate,,
OVRPBTW,279,no_feasible_candidate,,
OVRPBTW,280,ok,12.5406549617,17
OVRPBTW,281,no_feasible_candidate,,
OVRPBTW,282,no_feasible_candidate,,
OVRPBTW,283,no_feasible_candidate,,
OVRPBTW,284,no_feasible_candidate,,
OVRPBTW,285,no_feasible_candidate,,
OVRPBTW,286,no_feasible_candidate,,
OVRPBTW,287,no_feasible_candidate,,
OVRPBTW,288,ok,13.4721687274,19
OVRPBTW,289,no_feasible_candidate,,
OVRPBTW,290,no_feasible_candidate,,
OVRPBTW,291,no_feasible_candidate,,
OVRPBTW,292,no_feasible_candidate,,
OVRPBTW,293,no_feasible_candidate,,
OVRPBTW,294,no_feasible_candidate,,
OVRPBTW,295,no_feasible_candidate,,
OVRPBTW,296,ok,13.2048655391,19
OVRPBTW,297,no_feasible_candidate,,
OVRPBTW,298,no_feasible_candidate,,
OVRPBTW,299,no_feasible_candidate,,
OVRPBTW,300,no_feasible_candidate,,
OVRPBTW,301,no_feasible_candidate,,
OVRPBTW,302,no_feasible_candidate,,
OVRPBTW,303,ok,12.0704559190,17
OVRPBTW,304,no_feasible_candidate,,
OVRPBTW,305,no_feasible_candidate,,
OVRPBTW,306,no_feasible_candidate,,
OVRPBTW,307,no_feasible_candidate,,
OVRPBTW,308,no_feasible_candidate,,
OVRPBTW,309,ok,11.6265059099,16
OVRPBTW,310,no_feasible_candidate,,
OVRPBTW,311,no_feasible_candidate,,
OVRPBTW,312,no_feasible_candidate,,
OVRPBTW,313,ok,15.4636545298,18
OVRPBTW,314,no_feasible_candidate,,
OVRPBTW,315,ok,12.6632725099,14
OVRPBTW,316,no_feasible_candidate,,
OVRPBTW,317,no_feasible_candidate,,
OVRPBTW,318,no_feasible_candidate,,
OVRPBTW,319,no_feasible_candidate,,
OVRPBTW,320,no_feasible_candidate,,
OVRPBTW,321,no_feasible_candidate,,
OVRPBTW,322,no_feasible_candidate,,
OVRPBTW,323,no_feasible_candidate,,
OVRPBTW,324,no_feasible_candidate,,
OVRPBTW,325,no_feasible_candidate,,
OVRPBTW,326,no_feasible_candidate,,
OVRPBTW,327,no_feasible_candidate,,
OVRPBTW,328,no_feasible_candidate,,
OVRPBTW,329,no_feasible_candidate,,
OVRPBTW,330,no_feasible_candidate,,
OVRPBTW,331,no_feasible_candidate,,
OVRPBTW,332,no_feasible_candidate,,
OVRPBTW,333,no_feasible_candidate,,
OVRPBTW,334,no_feasible_candidate,,
OVRPBTW,335,no_feasible_candidate,,
OVRPBTW,336,no_feasible_candidate,,
OVRPBTW,337,no_feasible_candidate,,
OVRPBTW,338,no_feasible_candidate,,
OVRPBTW,339,no_feasible_candidate,,
OVRPBTW,340,no_feasible_candidate,,
OVRPBTW,341,no_feasible_candidate,,
OVRPBTW,342,no_feasible_candidate,,
OVRPBTW,343,no_feasible_candidate,,
OVRPBTW,344,no_feasible_candidate,,
OVRPBTW,345,no_feasible_candidate,,
OVRPBTW,346,ok,12.5429292339,18
OVRPBTW,347,no_feasible_candidate,,
OVRPBTW,348,no_feasible_candidate,,
OVRPBTW,349,no_feasible_candidate,,
OVRPBTW,350,no_feasible_candidate,,
OVRPBTW,351,no_feasible_candidate,,
OVRPBTW,352,no_feasible_candidate,,
OVRPBTW,353,no_feasible_candidate,,
OVRPBTW,354,no_feasible_candidate,,
OVRPBTW,355,no_feasible_candidate,,
OVRPBTW,356,no_feasible_candidate,,
OVRPBTW,357,no_feasible_candidate,,
OVRPBTW,358,no_feasible_candidate,,
OVRPBTW,359,no_feasible_candidate,,
OVRPBTW,360,no_feasible_candidate,,
OVRPBTW,361,ok,12.8281066686,15
OVRPBTW,362,no_feasible_candidate,,
OVRPBTW,363,no_feasible_candidate,,
OVRPBTW,364,ok,14.9967913066,17
OVRPBTW,365,no_feasible_candidate,,
OVRPBTW,366,no_feasible_candidate,,
OVRPBTW,367,ok,11.5673298589,17
OVRPBTW,368,no_feasible_candidate,,
OVRPBTW,369,no_feasible_candidate,,
OVRPBTW,370,ok,10.2664380655,15
OVRPBTW,371,no_feasible_candidate,,
OVRPBTW,372,no_feasible_candidate,,
OVRPBTW,373,no_feasible_candidate,,
OVRPBTW,374,no_feasible_candidate,,
OVRPBTW,375,no_feasible_candidate,,
OVRPBTW,376,no_feasible_candidate,,
OVRPBTW,377,ok,12.0762324085,16
OVRPBTW,378,no_feasible_candidate,,
OVRPBTW,379,no_feasible_candidate,,
OVRPBTW,380,ok,12.7599042908,16
OVRPBTW,381,ok,10.0479319686,16
OVRPBTW,382,no_feasible_candidate,,
OVRPBTW,383,no_feasible_candidate,,
OVRPBTW,384,no_feasible_candidate,,
OVRPBTW,385,no_feasible_candidate,,
OVRPBTW,386,no_feasible_candidate,,
OVRPBTW,387,no_feasible_candidate,,
OVRPBTW,388,ok,16.3978911155,18
OVRPBTW,389,no_feasible_candidate,,
OVRPBTW,390,no_feasible_candidate,,
OVRPBTW,391,no_feasible_candidate,,
OVRPBTW,392,ok,14.4792653334,17
OVRPBTW,393,ok,9.8928984373,14
OVRPBTW,394,no_feasible_candidate,,
OVRPBTW,395,no_feasible_candidate,,
OVRPBTW,396,no_feasible_candidate,,
OVRPBTW,397,ok,11.9776103726,15
OVRPBTW,398,no_feasible_candidate,,
OVRPBTW,399,no_feasible_candidate,,
OVRPBTW,400,ok,10.7953231292,19
OVRPBTW,401,no_feasible_candidate,,
OVRPBTW,402,no_feasible_candidate,,
OVRPBTW,403,no_feasible_candidate,,
OVRPBTW,404,ok,12.4786098714,18
OVRPBTW,405,no_feasible_candidate,,
OVRPBTW,406,no_feasible_candidate,,
OVRPBTW,407,no_feasible_candidate,,
OVRPBTW,408,no_feasible_candidate,,
OVRPBTW,409,no_feasible_candidate,,
OVRPBTW,410,ok,10.9499520355,17
OVRPBTW,411,no_feasible_candidate,,
OVRPBTW,412,ok,12.6017105416,16
OVRPBTW,413,ok,11.6520019185,20
OVRPBTW,414,no_feasible_candidate,,
OVRPBTW,415,no_feasible_candidate,,
OVRPBTW,416,no_feasible_candidate,,
OVRPBTW,417,no_feasible_candidate,,
OVRPBTW,418,ok,11.3052028531,16
OVRPBTW,419,no_feasible_candidate,,
OVRPBTW,420,no_feasible_candidate,,
OVRPBTW,421,no_feasible_candidate,,
OVRPBTW,422,ok,12.3833844253,16
OVRPBTW,423,no_feasible_candidate,,
OVRPBTW,424,no_feasible_candidate,,
OVRPBTW,425,ok,16.7873859374,18
OVRPBTW,426,no_feasible_candidate,,
OVRPBTW,427,no_feasible_candidate,,
OVRPBTW,428,ok,10.9804009376,14
OVRPBTW,429,ok,13.0565927206,17
OVRPBTW,430,no_feasible_candidate,,
OVRPBTW,431,no_feasible_candidate,,
OVRPBTW,432,no_feasible_candidate,,
OVRPBTW,433,no_feasible_candidate,,
OVRPBTW,434,no_feasible_candidate,,
OVRPBTW,435,no_feasible_candidate,,
OVRPBTW,436,no_feasible_candidate,,
OVRPBTW,437,no_feasible_candidate,,
OVRPBTW,438,ok,9.5665682267,20
OVRPBTW,439,no_feasible_candidate,,
OVRPBTW,440,no_feasible_candidate,,
OVRPBTW,441,no_feasible_candidate,,
OVRPBTW,442,ok,11.6127662053,17
OVRPBTW,443,no_feasible_candidate,,
OVRPBTW,444,ok,12.6041938091,18
OVRPBTW,445,no_feasible_candidate,,
OVRPBTW,446,ok,12.2072749104,20
OVRPBTW,447,ok,11.0613886698,15
OVRPBTW,448,ok,13.8967291022,19
OVRPBTW,449,no_feasible_candidate,,
OVRPBTW,450,no_feasible_candidate,,
OVRPBTW,451,no_feasible_candidate,,
OVRPBTW,452,no_feasible_candidate,,
OVRPBTW,453,no_feasible_candidate,,
OVRPBTW,454,ok,9.9460375529,15
OVRPBTW,455,ok,11.9203908552,16
OVRPBTW,456,no_feasible_candidate,,
OVRPBTW,457,no_feasible_candidate,,
OVRPBTW,458,no_feasible_candidate,,
OVRPBTW,459,no_feasible_candidate,,
OVRPBTW,460,no_feasible_candidate,,
OVRPBTW,461,no_feasible_candidate,,
OVRPBTW,462,ok,13.5582870532,18
OVRPBTW,463,ok,11.2426128704,20
OVRPBTW,464,ok,11.7317272458,16
OVRPBTW,465,no_feasible_candidate,,
OVRPBTW,466,no_feasible_candidate,,
OVRPBTW,467,no_feasible_candidate,,
OVRPBTW,468,no_feasible_candidate,,
OVRPBTW,469,no_feasible_candidate,,
OVRPBTW,470,no_feasible_candidate,,
OVRPBTW,471,no_feasible_candidate,,
OVRPBTW,472,ok,10.9289155459,21
OVRPBTW,473,no_feasible_candidate,,
OVRPBTW,474,ok,15.9849482152,18
OVRPBTW,475,no_feasible_candidate,,
OVRPBTW,476,ok,14.3197571601,17
OVRPBTW,477,ok,11.4839333127,18
OVRPBTW,478,no_feasible_candidate,,
OVRPBTW,479,no_feasible_candidate,,
OVRPBTW,480,no_feasible_candidate,,
OVRPBTW,481,ok,12.5402333281,17
OVRPBTW,482,no_feasible_candidate,,
OVRPBTW,483,no_feasible_candidate,,
OVRPBTW,484,no_feasible_candidate,,
OVRPBTW,485,no_feasible_candidate,,
OVRPBTW,486,no_feasible_candidate,,
OVRPBTW,487,no_feasible_candidate,,
OVRPBTW,488,no_feasible_candidate,,
OVRPBTW,489,no_feasible_candidate,,
OVRPBTW,490,ok,11.6768623551,20
OVRPBTW,491,no_feasible_candidate,,
OVRPBTW,492,no_feasible_candidate,,
OVRPBTW,493,ok,12.6104632571,16
OVRPBTW,494,no_feasible_candidate,,
OVRPBTW,495,no_feasible_candidate,,
OVRPBTW,496,no_feasible_candidate,,
OVRPBTW,497,no_feasible_candidate,,
OVRPBTW,498,no_feasible_candidate,,
OVRPBTW,499,no_feasible_candidate,,
OVRPBTW,500,no_feasible_candidate,,
OVRPBTW,501,ok,14.2660807559,23
OVRPBTW,502,no_feasible_candidate,,
OVRPBTW,503,no_feasible_candidate,,
OVRPBTW,504,no_feasible_candidate,,
OVRPBTW,505,no_feasible_candidate,,
OVRPBTW,506,no_feasible_candidate,,
OVRPBTW,507,no_feasible_candidate,,
OVRPBTW,508,no_feasible_candidate,,
OVRPBTW,509,no_feasible_candidate,,
OVRPBTW,510,no_feasible_candidate,,
OVRPBTW,511,no_feasible_candidate,,
OVRPBTW,512,no_feasible_candidate,,
OVRPBTW,513,no_feasible_candidate,,
OVRPBTW,514,ok,11.3945720635,14
OVRPBTW,515,no_feasible_candidate,,
OVRPBTW,516,no_feasible_candidate,,
OVRPBTW,517,no_feasible_candidate,,
OVRPBTW,518,no_feasible_candidate,,
OVRPBTW,519,ok,13.7131446602,19
OVRPBTW,520,no_feasible_candidate,,
OVRPBTW,521,no_feasible_candidate,,
OVRPBTW,522,no_feasible_candidate,,
OVRPBTW,523,no_feasible_candidate,,
OVRPBTW,524,no_feasible_candidate,,
OVRPBTW,525,no_feasible_candidate,,
OVRPBTW,526,no_feasible_candidate,,
OVRPBTW,527,ok,9.6574962820,14
OVRPBTW,528,no_feasible_candidate,,
OVRPBTW,529,no_feasible_candidate,,
OVRPBTW,530,ok,10.9331416822,17
OVRPBTW,531,ok,9.6987813621,20
OVRPBTW,532,no_feasible_candidate,,
OVRPBTW,533,no_feasible_candidate,,
OVRPBTW,534,no_feasible_candidate,,
OVRPBTW,535,ok,12.4526515132,19
OVRPBTW,536,no_feasible_candidate,,
OVRPBTW,537,no_feasible_candidate,,
OVRPBTW,538,ok,15.0483480707,18
OVRPBTW,539,no_feasible_candidate,,
OVRPBTW,540,no_feasible_candidate,,
OVRPBTW,541,no_feasible_candidate,,
OVRPBTW,542,no_feasible_candidate,,
OVRPBTW,543,no_feasible_candidate,,
OVRPBTW,544,no_feasible_candidate,,
OVRPBTW,545,ok,11.4532508615,16
OVRPBTW,546,no_feasible_candidate,,
OVRPBTW,547,ok,9.7603147363,20
OVRPBTW,548,no_feasible_candidate,,
OVRPBTW,549,no_feasible_candidate,,
OVRPBTW,550,no_feasible_candidate,,
OVRPBTW,551,no_feasible_candidate,,
OVRPBTW,552,no_feasible_candidate,,
OVRPBTW,553,no_feasible_candidate,,
OVRPBTW,554,no_feasible_candidate,,
OVRPBTW,555,no_feasible_candidate,,
OVRPBTW,556,no_feasible_candidate,,
OVRPBTW,557,ok,11.8589046517,21
OVRPBTW,558,ok,12.7244973100,18
OVRPBTW,559,no_feasible_candidate,,
OVRPBTW,560,no_feasible_candidate,,
OVRPBTW,561,no_feasible_candidate,,
OVRPBTW,562,no_feasible_candidate,,
OVRPBTW,563,no_feasible_candidate,,
OVRPBTW,564,no_feasible_candidate,,
OVRPBTW,565,no_feasible_candidate,,
OVRPBTW,566,ok,12.8322651201,17
OVRPBTW,567,no_feasible_candidate,,
OVRPBTW,568,ok,10.9352879107,15
OVRPBTW,569,no_feasible_candidate,,
OVRPBTW,570,no_feasible_candidate,,
OVRPBTW,571,no_feasible_candidate,,
OVRPBTW,572,no_feasible_candidate,,
OVRPBTW,573,no_feasible_candidate,,
OVRPBTW,574,no_feasible_candidate,,
OVRPBTW,575,no_feasible_candidate,,
OVRPBTW,576,no_feasible_candidate,,
OVRPBTW,577,no_feasible_candidate,,
OVRPBTW,578,no_feasible_candidate,,
OVRPBTW,579,no_feasible_candidate,,
OVRPBTW,580,ok,11.6323137568,18
OVRPBTW,581,no_feasible_candidate,,
OVRPBTW,582,ok,10.7054647075,21
OVRPBTW,583,no_feasible_candidate,,
OVRPBTW,584,no_feasible_candidate,,
OVRPBTW,585,ok,9.6772883928,18
OVRPBTW,586,no_feasible_candidate,,
OVRPBTW,587,no_feasible_candidate,,
OVRPBTW,588,no_feasible_candidate,,
OVRPBTW,589,no_feasible_candidate,,
OVRPBTW,590,no_feasible_candidate,,
OVRPBTW,591,no_feasible_candidate,,
OVRPBTW,592,no_feasible_candidate,,
OVRPBTW,593,no_feasible_candidate,,
OVRPBTW,594,no_feasible_candidate,,
OVRPBTW,595,no_feasible_candidate,,
OVRPBTW,596,ok,11.5069108795,17
OVRPBTW,597,no_feasible_candidate,,
OVRPBTW,598,no_feasible_candidate,,
OVRPBTW,599,no_feasible_candidate,,
OVRPBTW,600,no_feasible_candidate,,
OVRPBTW,601,ok,13.8033941051,18
OVRPBTW,602,no_feasible_candidate,,
OVRPBTW,603,ok,13.2168768382,15
OVRPBTW,604,no_feasible_candidate,,
OVRPBTW,605,no_feasible_candidate,,
OVRPBTW,606,no_feasible_candidate,,
OVRPBTW,607,no_feasible_candidate,,
OVRPBTW,608,no_feasible_candidate,,
OVRPBTW,609,no_feasible_candidate,,
OVRPBTW,610,ok,12.6261734913,19
OVRPBTW,611,no_feasible_candidate,,
OVRPBTW,612,no_feasible_candidate,,
OVRPBTW,613,no_feasible_candidate,,
OVRPBTW,614,ok,12.5338839934,20
OVRPBTW,615,no_feasible_candidate,,
OVRPBTW,616,no_feasible_candidate,,
OVRPBTW,617,ok,12.5131200035,18
OVRPBTW,618,no_feasible_candidate,,
OVRPBTW,619,no_feasible_candidate,,
OVRPBTW,620,no_feasible_candidate,,
OVRPBTW,621,no_feasible_candidate,,
OVRPBTW,622,no_feasible_candidate,,
OVRPBTW,623,no_feasible_candidate,,
OVRPBTW,624,no_feasible_candidate,,
OVRPBTW,625,no_feasible_candidate,,
OVRPBTW,626,no_feasible_candidate,,
OVRPBTW,627,no_feasible_candidate,,
OVRPBTW,628,no_feasible_candidate,,
OVRPBTW,629,no_feasible_candidate,,
OVRPBTW,630,no_feasible_candidate,,
OVRPBTW,631,no_feasible_candidate,,
OVRPBTW,632,no_feasible_candidate,,
OVRPBTW,633,no_feasible_candidate,,
OVRPBTW,634,ok,12.0145798985,18
OVRPBTW,635,no_feasible_candidate,,
OVRPBTW,636,no_feasible_candidate,,
OVRPBTW,637,ok,10.4622957647,18
OVRPBTW,638,no_feasible_candidate,,
OVRPBTW,639,no_feasible_candidate,,
OVRPBTW,640,no_feasible_candidate,,
OVRPBTW,641,no_feasible_candidate,,
OVRPBTW,642,no_feasible_candidate,,
OVRPBTW,643,no_feasible_candidate,,
OVRPBTW,644,no_feasible_candidate,,
OVRPBTW,645,no_feasible_candidate,,
OVRPBTW,646,no_feasible_candidate,,
OVRPBTW,647,ok,11.1500789584,17
OVRPBTW,648,no_feasible_candidate,,
OVRPBTW,649,no_feasible_candidate,,
OVRPBTW,650,no_feasible_candidate,,
OVRPBTW,651,no_feasible_candidate,,
OVRPBTW,652,ok,14.7619845038,15
OVRPBTW,653,no_feasible_candidate,,
OVRPBTW,654,no_feasible_candidate,,
OVRPBTW,655,ok,14.0709560567,16
OVRPBTW,656,no_feasible_candidate,,
OVRPBTW,657,ok,12.4153901756,19
OVRPBTW,658,no_feasible_candidate,,
OVRPBTW,659,no_feasible_candidate,,
OVRPBTW,660,no_feasible_candidate,,
OVRPBTW,661,no_feasible_candidate,,
OVRPBTW,662,no_feasible_candidate,,
OVRPBTW,663,no_feasible_candidate,,
OVRPBTW,664,no_feasible_candidate,,
OVRPBTW,665,no_feasible_candidate,,
OVRPBTW,666,no_feasible_candidate,,
OVRPBTW,667,no_feasible_candidate,,
OVRPBTW,668,no_feasible_candidate,,
OVRPBTW,669,ok,13.5965421478,16
OVRPBTW,670,no_feasible_candidate,,
OVRPBTW,671,no_feasible_candidate,,
OVRPBTW,672,no_feasible_candidate,,
OVRPBTW,673,no_feasible_candidate,,
OVRPBTW,674,ok,9.1294109695,13
OVRPBTW,675,no_feasible_candidate,,
OVRPBTW,676,no_feasible_candidate,,
OVRPBTW,677,ok,12.9986236923,17
OVRPBTW,678,no_feasible_candidate,,
OVRPBTW,679,no_feasible_candidate,,
OVRPBTW,680,no_feasible_candidate,,
OVRPBTW,681,no_feasible_candidate,,
OVRPBTW,682,no_feasible_candidate,,
OVRPBTW,683,no_feasible_candidate,,
OVRPBTW,684,no_feasible_candidate,,
OVRPBTW,685,ok,12.6058303076,17
OVRPBTW,686,no_feasible_candidate,,
OVRPBTW,687,no_feasible_candidate,,
OVRPBTW,688,ok,13.0941969456,17
OVRPBTW,689,no_feasible_candidate,,
OVRPBTW,690,ok,13.4647061498,19
OVRPBTW,691,no_feasible_candidate,,
OVRPBTW,692,ok,11.0610544204,21
OVRPBTW,693,no_feasible_candidate,,
OVRPBTW,694,no_feasible_candidate,,
OVRPBTW,695,no_feasible_candidate,,
OVRPBTW,696,no_feasible_candidate,,
OVRPBTW,697,no_feasible_candidate,,
OVRPBTW,698,no_feasible_candidate,,
OVRPBTW,699,ok,12.5573894256,18
OVRPBTW,700,no_feasible_candidate,,
OVRPBTW,701,no_feasible_candidate,,
OVRPBTW,702,no_feasible_candidate,,
OVRPBTW,703,no_feasible_candidate,,
OVRPBTW,704,no_feasible_candidate,,
OVRPBTW,705,no_feasible_candidate,,
OVRPBTW,706,no_feasible_candidate,,
OVRPBTW,707,no_feasible_candidate,,
OVRPBTW,708,no_feasible_candidate,,
OVRPBTW,709,no_feasible_candidate,,
OVRPBTW,710,no_feasible_candidate,,
OVRPBTW,711,no_feasible_candidate,,
OVRPBTW,712,ok,14.5541342611,17
OVRPBTW,713,no_feasible_candidate,,
OVRPBTW,714,no_feasible_candidate,,
OVRPBTW,715,no_feasible_candidate,,
OVRPBTW,716,no_feasible_candidate,,
OVRPBTW,717,no_feasible_candidate,,
OVRPBTW,718,no_feasible_candidate,,
OVRPBTW,719,no_feasible_candidate,,
OVRPBTW,720,no_feasible_candidate,,
OVRPBTW,721,ok,9.8563284657,16
OVRPBTW,722,no_feasible_candidate,,
OVRPBTW,723,no_feasible_candidate,,
OVRPBTW,724,no_feasible_candidate,,
OVRPBTW,725,no_feasible_candidate,,
OVRPBTW,726,ok,11.8611274114,17
OVRPBTW,727,no_feasible_candidate,,
OVRPBTW,728,ok,11.3566911946,15
OVRPBTW,729,no_feasible_candidate,,
OVRPBTW,730,no_feasible_candidate,,
OVRPBTW,731,no_feasible_candidate,,
OVRPBTW,732,ok,11.1282356801,16
OVRPBTW,733,no_feasible_candidate,,
OVRPBTW,734,no_feasible_candidate,,
OVRPBTW,735,no_feasible_candidate,,
OVRPBTW,736,no_feasible_candidate,,
OVRPBTW,737,ok,11.3073639025,17
OVRPBTW,738,no_feasible_candidate,,
OVRPBTW,739,ok,10.1295672534,17
OVRPBTW,740,no_feasible_candidate,,
OVRPBTW,741,no_feasible_candidate,,
OVRPBTW,742,no_feasible_candidate,,
OVRPBTW,743,no_feasible_candidate,,
OVRPBTW,744,no_feasible_candidate,,
OVRPBTW,745,no_feasible_candidate,,
OVRPBTW,746,no_feasible_candidate,,
OVRPBTW,747,ok,11.4337018846,17
OVRPBTW,748,ok,15.3452587875,19
OVRPBTW,749,no_feasible_candidate,,
OVRPBTW,750,no_feasible_candidate,,
OVRPBTW,751,no_feasible_candidate,,
OVRPBTW,752,no_feasible_candidate,,
OVRPBTW,753,ok,14.8372719054,17
OVRPBTW,754,no_feasible_candidate,,
OVRPBTW,755,ok,9.0413298820,19
OVRPBTW,756,no_feasible_candidate,,
OVRPBTW,757,no_feasible_candidate,,
OVRPBTW,758,no_feasible_candidate,,
OVRPBTW,759,no_feasible_candidate,,
OVRPBTW,760,no_feasible_candidate,,
OVRPBTW,761,no_feasible_candidate,,
OVRPBTW,762,ok,12.9549758535,14
OVRPBTW,763,no_feasible_candidate,,
OVRPBTW,764,no_feasible_candidate,,
OVRPBTW,765,no_feasible_candidate,,
OVRPBTW,766,no_feasible_candidate,,
OVRPBTW,767,no_feasible_candidate,,
OVRPBTW,768,no_feasible_candidate,,
OVRPBTW,769,no_feasible_candidate,,
OVRPBTW,770,no_feasible_candidate,,
OVRPBTW,771,no_feasible_candidate,,
OVRPBTW,772,no_feasible_candidate,,
OVRPBTW,773,no_feasible_candidate,,
OVRPBTW,774,no_feasible_candidate,,
OVRPBTW,775,no_feasible_candidate,,
OVRPBTW,776,no_feasible_candidate,,
OVRPBTW,777,no_feasible_candidate,,
OVRPBTW,778,no_feasible_candidate,,
OVRPBTW,779,no_feasible_candidate,,
OVRPBTW,780,no_feasible_candidate,,
OVRPBTW,781,no_feasible_candidate,,
OVRPBTW,782,no_feasible_candidate,,
OVRPBTW,783,no_feasible_candidate,,
OVRPBTW,784,no_feasible_candidate,,
OVRPBTW,785,no_feasible_candidate,,
OVRPBTW,786,no_feasible_candidate,,
OVRPBTW,787,no_feasible_candidate,,
OVRPBTW,788,ok,14.0422288464,20
OVRPBTW,789,no_feasible_candidate,,
OVRPBTW,790,no_feasible_candidate,,
OVRPBTW,791,ok,10.0088063734,16
OVRPBTW,792,no_feasible_candidate,,
OVRPBTW,793,no_feasible_candidate,,
OVRPBTW,794,ok,13.0644613899,19
OVRPBTW,795,no_feasible_candidate,,
OVRPBTW,796,no_feasible_candidate,,
OVRPBTW,797,ok,11.7847032208,19
OVRPBTW,798,ok,14.0312063407,20
OVRPBTW,799,ok,12.1543642692,16
OVRPBTW,800,no_feasible_candidate,,
OVRPBTW,801,ok,9.7745127719,15
OVRPBTW,802,no_feasible_candidate,,
OVRPBTW,803,ok,10.7673556856,17
OVRPBTW,804,no_feasible_candidate,,
OVRPBTW,805,no_feasible_candidate,,
OVRPBTW,806,no_feasible_candidate,,
OVRPBTW,807,no_feasible_candidate,,
OVRPBTW,808,no_feasible_candidate,,
OVRPBTW,809,no_feasible_candidate,,
OVRPBTW,810,no_feasible_candidate,,
OVRPBTW,811,no_feasible_candidate,,
OVRPBTW,812,no_feasible_candidate,,
OVRPBTW,813,no_feasible_candidate,,
OVRPBTW,814,ok,12.6615449773,19
OVRPBTW,815,no_feasible_candidate,,
OVRPBTW,816,ok,13.8417542680,16
OVRPBTW,817,no_feasible_candidate,,
OVRPBTW,818,no_feasible_candidate,,
OVRPBTW,819,ok,8.6066515287,16
OVRPBTW,820,no_feasible_candidate,,
OVRPBTW,821,no_feasible_candidate,,
OVRPBTW,822,no_feasible_candidate,,
OVRPBTW,823,no_feasible_candidate,,
OVRPBTW,824,no_feasible_candidate,,
OVRPBTW,825,ok,12.1600324002,18
OVRPBTW,826,no_feasible_candidate,,
OVRPBTW,827,no_feasible_candidate,,
OVRPBTW,828,no_feasible_candidate,,
OVRPBTW,829,no_feasible_candidate,,
OVRPBTW,830,no_feasible_candidate,,
OVRPBTW,831,no_feasible_candidate,,
OVRPBTW,832,no_feasible_candidate,,
OVRPBTW,833,no_feasible_candidate,,
OVRPBTW,834,ok,12.2461634297,16
OVRPBTW,835,no_feasible_candidate,,
OVRPBTW,836,no_feasible_candidate,,
OVRPBTW,837,no_feasible_candidate,,
OVRPBTW,838,no_feasible_candidate,,
OVRPBTW,839,no_feasible_candidate,,
OVRPBTW,840,no_feasible_candidate,,
OVRPBTW,841,no_feasible_candidate,,
OVRPBTW,842,no_feasible_candidate,,
OVRPBTW,843,no_feasible_candidate,,
OVRPBTW,844,no_feasible_candidate,,
OVRPBTW,845,ok,9.4907294101,16
OVRPBTW,846,ok,11.0775886501,14
OVRPBTW,847,no_feasible_candidate,,
OVRPBTW,848,ok,14.1323922042,19
OVRPBTW,849,no_feasible_candidate,,
OVRPBTW,850,no_feasible_candidate,,
OVRPBTW,851,no_feasible_candidate,,
OVRPBTW,852,no_feasible_candidate,,
OVRPBTW,853,no_feasible_candidate,,
OVRPBTW,854,no_feasible_candidate,,
OVRPBTW,855,no_feasible_candidate,,
OVRPBTW,856,no_feasible_candidate,,
OVRPBTW,857,ok,12.6834237931,16
OVRPBTW,858,no_feasible_candidate,,
OVRPBTW,859,no_feasible_candidate,,
OVRPBTW,860,no_feasible_candidate,,
OVRPBTW,861,no_feasible_candidate,,
OVRPBTW,862,no_feasible_candidate,,
OVRPBTW,863,ok,11.1262487444,18
OVRPBTW,864,ok,12.6705341741,17
OVRPBTW,865,no_feasible_candidate,,
OVRPBTW,866,no_feasible_candidate,,
OVRPBTW,867,no_feasible_candidate,,
OVRPBTW,868,no_feasible_candidate,,
OVRPBTW,869,no_feasible_candidate,,
OVRPBTW,870,no_feasible_candidate,,
OVRPBTW,871,no_feasible_candidate,,
OVRPBTW,872,no_feasible_candidate,,
OVRPBTW,873,no_feasible_candidate,,
OVRPBTW,874,ok,11.4869832496,18
OVRPBTW,875,no_feasible_candidate,,
OVRPBTW,876,ok,10.6580167956,15
OVRPBTW,877,no_feasible_candidate,,
OVRPBTW,878,ok,13.5942177194,16
OVRPBTW,879,no_feasible_candidate,,
OVRPBTW,880,no_feasible_candidate,,
OVRPBTW,881,no_feasible_candidate,,
OVRPBTW,882,no_feasible_candidate,,
OVRPBTW,883,no_feasible_candidate,,
OVRPBTW,884,no_feasible_candidate,,
OVRPBTW,885,no_feasible_candidate,,
OVRPBTW,886,no_feasible_candidate,,
OVRPBTW,887,ok,12.3617177661,17
OVRPBTW,888,no_feasible_candidate,,
OVRPBTW,889,no_feasible_candidate,,
OVRPBTW,890,no_feasible_candidate,,
OVRPBTW,891,no_feasible_candidate,,
OVRPBTW,892,no_feasible_candidate,,
OVRPBTW,893,no_feasible_candidate,,
OVRPBTW,894,no_feasible_candidate,,
OVRPBTW,895,no_feasible_candidate,,
OVRPBTW,896,no_feasible_candidate,,
OVRPBTW,897,no_feasible_candidate,,
OVRPBTW,898,no_feasible_candidate,,
OVRPBTW,899,ok,13.2004773019,15
OVRPBTW,900,no_feasible_candidate,,
OVRPBTW,901,no_feasible_candidate,,
OVRPBTW,902,no_feasible_candidate,,
OVRPBTW,903,no_feasible_candidate,,
OVRPBTW,904,no_feasible_candidate,,
OVRPBTW,905,no_feasible_candidate,,
OVRPBTW,906,no_feasible_candidate,,
OVRPBTW,907,no_feasible_candidate,,
OVRPBTW,908,ok,12.6346332119,17
OVRPBTW,909,no_feasible_candidate,,
OVRPBTW,910,no_feasible_candidate,,
OVRPBTW,911,no_feasible_candidate,,
OVRPBTW,912,ok,12.2997350140,19
OVRPBTW,913,no_feasible_candidate,,
OVRPBTW,914,no_feasible_candidate,,
OVRPBTW,915,no_feasible_candidate,,
OVRPBTW,916,no_feasible_candidate,,
OVRPBTW,917,no_feasible_candidate,,
OVRPBTW,918,no_feasible_candidate,,
OVRPBTW,919,no_feasible_candidate,,
OVRPBTW,920,no_feasible_candidate,,
OVRPBTW,921,no_feasible_candidate,,
OVRPBTW,922,no_feasible_candidate,,
OVRPBTW,923,no_feasible_candidate,,
OVRPBTW,924,no_feasible_candidate,,
OVRPBTW,925,no_feasible_candidate,,
OVRPBTW,926,no_feasible_candidate,,
OVRPBTW,927,ok,11.7179439714,17
OVRPBTW,928,no_feasible_candidate,,
OVRPBTW,929,no_feasible_candidate,,
OVRPBTW,930,no_feasible_candidate,,
OVRPBTW,931,no_feasible_candidate,,
OVRPBTW,932,no_feasible_candidate,,
OVRPBTW,933,no_feasible_candidate,,
OVRPBTW,934,ok,13.0072313507,18
OVRPBTW,935,no_feasible_candidate,,
OVRPBTW,936,no_feasible_candidate,,
OVRPBTW,937,no_feasible_candidate,,
OVRPBTW,938,ok,11.7964719315,17
OVRPBTW,939,no_feasible_candidate,,
OVRPBTW,940,ok,10.0832726425,16
OVRPBTW,941,no_feasible_candidate,,
OVRPBTW,942,ok,11.9199464909,18
OVRPBTW,943,no_feasible_candidate,,
OVRPBTW,944,no_feasible_candidate,,
OVRPBTW,945,no_feasible_candidate,,
OVRPBTW,946,no_feasible_candidate,,
OVRPBTW,947,no_feasible_candidate,,
OVRPBTW,948,no_feasible_candidate,,
OVRPBTW,949,no_feasible_candidate,,
OVRPBTW,950,no_feasible_candidate,,
OVRPBTW,951,no_feasible_candidate,,
OVRPBTW,952,no_feasible_candidate,,
OVRPBTW,953,no_feasible_candidate,,
OVRPBTW,954,no_feasible_candidate,,
OVRPBTW,955,no_feasible_candidate,,
OVRPBTW,956,no_feasible_candidate,,
OVRPBTW,957,ok,11.8841151216,15
OVRPBTW,958,no_feasible_candidate,,
OVRPBTW,959,no_feasible_candidate,,
OVRPBTW,960,no_feasible_candidate,,
OVRPBTW,961,no_feasible_candidate,,
OVRPBTW,962,no_feasible_candidate,,
OVRPBTW,963,no_feasible_candidate,,
OVRPBTW,964,no_feasible_candidate,,
OVRPBTW,965,no_feasible_candidate,,
OVRPBTW,966,no_feasible_candidate,,
OVRPBTW,967,ok,11.0523415801,19
OVRPBTW,968,no_feasible_candidate,,
OVRPBTW,969,no_feasible_candidate,,
OVRPBTW,970,no_feasible_candidate,,
OVRPBTW,971,no_feasible_candidate,,
OVRPBTW,972,no_feasible_candidate,,
OVRPBTW,973,ok,14.3307981953,20
OVRPBTW,974,no_feasible_candidate,,
OVRPBTW,975,no_feasible_candidate,,
OVRPBTW,976,no_feasible_candidate,,
OVRPBTW,977,ok,14.3936608894,17
OVRPBTW,978,ok,10.4329287813,15
OVRPBTW,979,no_feasible_candidate,,
OVRPBTW,980,ok,15.4829082641,18
OVRPBTW,981,ok,15.0109928158,16
OVRPBTW,982,no_feasible_candidate,,
OVRPBTW,983,ok,11.8290624496,20
OVRPBTW,984,ok,12.0165787074,16
OVRPBTW,985,ok,14.3165084764,19
OVRPBTW,986,no_feasible_candidate,,
OVRPBTW,987,no_feasible_candidate,,
OVRPBTW,988,no_feasible_candidate,,
OVRPBTW,989,no_feasible_candidate,,
OVRPBTW,990,no_feasible_candidate,,
OVRPBTW,991,no_feasible_candidate,,
OVRPBTW,992,no_feasible_candidate,,
OVRPBTW,993,no_feasible_candidate,,
OVRPBTW,994,no_feasible_candidate,,
OVRPBTW,995,no_feasible_candidate,,
OVRPBTW,996,ok,9.6554153302,14
OVRPBTW,997,no_feasible_candidate,,
OVRPBTW,998,no_feasible_candidate,,
OVRPBTW,999,no_feasible_candidate,,
OVRPLTW,0,ok,11.0940463796,16
OVRPLTW,1,ok,10.7897471758,18
OVRPLTW,2,ok,15.1070525562,16
OVRPLTW,3,ok,9.6225294632,14
OVRPLTW,4,ok,8.8740325805,17
OVRPLTW,5,ok,10.2447855923,16
OVRPLTW,6,ok,10.2904419041,17
OVRPLTW,7,ok,11.6071812806,16
OVRPLTW,8,ok,9.4183697147,16
OVRPLTW,9,ok,8.6682346952,15
OVRPLTW,10,ok,12.9389715700,16
OVRPLTW,11,ok,9.4574855968,16
OVRPLTW,12,ok,10.0719405459,16
OVRPLTW,13,ok,11.0701217474,18
OVRPLTW,14,ok,11.4433587244,14
OVRPLTW,15,ok,9.7954224607,16
OVRPLTW,16,ok,11.3816156173,16
OVRPLTW,17,ok,9.6077632180,14
OVRPLTW,18,ok,12.1334034656,18
OVRPLTW,19,ok,12.3988106821,15
OVRPLTW,20,ok,11.1875644866,16
OVRPLTW,21,ok,10.0674939717,13
OVRPLTW,22,ok,10.8943307778,13
OVRPLTW,23,ok,8.5325743736,14
OVRPLTW,24,ok,11.5535067793,18
OVRPLTW,25,ok,14.1480867884,16
OVRPLTW,26,ok,8.9079111343,16
OVRPLTW,27,ok,10.2181189721,17
OVRPLTW,28,ok,12.3223360526,15
OVRPLTW,29,ok,9.0674277585,16
OVRPLTW,30,ok,9.5876525936,16
OVRPLTW,31,ok,10.1563981335,17
OVRPLTW,32,ok,9.2177482042,16
OVRPLTW,33,ok,11.4854669442,15
OVRPLTW,34,ok,11.9536539294,17
OVRPLTW,35,ok,9.4026713795,17
OVRPLTW,36,ok,10.1207078905,15
OVRPLTW,37,ok,10.1467605961,15
OVRPLTW,38,ok,11.6909007523,13
OVRPLTW,39,ok,7.9428865218,15
OVRPLTW,40,ok,10.8102190859,16
OVRPLTW,41,ok,10.8374295717,17
OVRPLTW,42,ok,9.0934547373,14
OVRPLTW,43,ok,10.5392621541,16
OVRPLTW,44,ok,10.5432845184,17
OVRPLTW,45,ok,10.9627900108,16
OVRPLTW,46,ok,10.3076586085,15
OVRPLTW,47,ok,12.6493254885,17
OVRPLTW,48,ok,8.6485844617,15
OVRPLTW,49,ok,8.8205657261,15
OVRPLTW,50,ok,9.2435143667,17
OVRPLTW,51,ok,10.5285928211,17
OVRPLTW,52,ok,8.4985898637,16
OVRPLTW,53,ok,9.5182845131,14
OVRPLTW,54,ok,8.9348157102,18
OVRPLTW,55,ok,11.9145958613,17
OVRPLTW,56,ok,9.0076375577,14
OVRPLTW,57,ok,10.5269381989,14
OVRPLTW,58,ok,9.9261044251,17
OVRPLTW,59,ok,11.1058461932,17
OVRPLTW,60,ok,8.7443666427,17
OVRPLTW,61,ok,11.0042531656,15
OVRPLTW,62,ok,10.0566338281,16
OVRPLTW,63,ok,10.1613236989,19
OVRPLTW,64,ok,12.6997343041,15
OVRPLTW,65,ok,9.5342731834,15
OVRPLTW,66,ok,10.8587238299,14
OVRPLTW,67,ok,9.1800897710,14
OVRPLTW,68,ok,9.0467672628,14
OVRPLTW,69,ok,11.8493693302,17
OVRPLTW,70,ok,9.6631864785,14
OVRPLTW,71,ok,9.1490891065,16
OVRPLTW,72,ok,9.2592176322,17
OVRPLTW,73,ok,12.4389738226,14
OVRPLTW,74,ok,13.0594220120,14
OVRPLTW,75,ok,8.9001991113,15
OVRPLTW,76,ok,8.1566117953,15
OVRPLTW,77,ok,10.1825847146,16
OVRPLTW,78,ok,9.3809767955,17
OVRPLTW,79,ok,11.1761499801,16
OVRPLTW,80,ok,12.9048582698,16
OVRPLTW,81,ok,8.9428871398,15
OVRPLTW,82,ok,10.8779039343,17
OVRPLTW,83,ok,9.6104239244,14
OVRPLTW,84,ok,10.1259556030,17
OVRPLTW,85,ok,13.2649771793,14
OVRPLTW,86,ok,8.8376876392,17
OVRPLTW,87,ok,9.4111325507,13
OVRPLTW,88,ok,10.6508567589,16
OVRPLTW,89,ok,9.5577908168,13
OVRPLTW,90,ok,12.1772470017,15
OVRPLTW,91,ok,10.3926892017,15
OVRPLTW,92,ok,9.4605997817,16
OVRPLTW,93,ok,8.6954049952,18
OVRPLTW,94,ok,9.2333829532,19
OVRPLTW,95,ok,12.3451799907,16
OVRPLTW,96,ok,9.2315179290,14
OVRPLTW,97,ok,9.7159855840,15
OVRPLTW,98,ok,10.5847667600,17
OVRPLTW,99,ok,9.8880055670,16
OVRPLTW,100,ok,11.8007642990,13
OVRPLTW,101,ok,13.0808434687,13
OVRPLTW,102,ok,9.9946031327,16
OVRPLTW,103,ok,11.9907167202,14
OVRPLTW,104,ok,12.5098578248,16
OVRPLTW,105,ok,9.6721175713,16
OVRPLTW,106,ok,11.8088587568,14
OVRPLTW,107,ok,10.7180087775,16
OVRPLTW,108,ok,10.3675830310,14
OVRPLTW,109,ok,9.3218168778,15
OVRPLTW,110,ok,10.2606289482,15
OVRPLTW,111,ok,9.8571980294,16
OVRPLTW,112,ok,12.1566617668,17
OVRPLTW,113,ok,13.2644482206,16
OVRPLTW,114,ok,9.6678583621,18
OVRPLTW,115,ok,11.8957434804,15
OVRPLTW,116,ok,9.7018799717,16
OVRPLTW,117,ok,11.7587568294,15
OVRPLTW,118,ok,9.7472875177,18
OVRPLTW,119,ok,12.1211257720,16
OVRPLTW,120,ok,11.2745422732,16
OVRPLTW,121,ok,9.1077960188,15
OVRPLTW,122,ok,12.1374599062,14
OVRPLTW,123,ok,11.1634426233,17
OVRPLTW,124,ok,9.2600493121,13
OVRPLTW,125,ok,10.7849706663,17
OVRPLTW,126,ok,8.8398996891,18
OVRPLTW,127,ok,10.2200490992,15
OVRPLTW,128,ok,10.4586111791,13
OVRPLTW,129,ok,9.0095737212,13
OVRPLTW,130,ok,11.1153061808,13
OVRPLTW,131,ok,11.6808982087,15
OVRPLTW,132,ok,10.4019296843,14
OVRPLTW,133,ok,9.0405636626,16
OVRPLTW,134,ok,9.9650795200,18
OVRPLTW,135,ok,10.2935396088,14
OVRPLTW,136,ok,10.5368671051,15
OVRPLTW,137,ok,11.9674877391,16
OVRPLTW,138,ok,12.3153809622,14
OVRPLTW,139,ok,10.1950710630,16
OVRPLTW,140,ok,8.0211575639,14
OVRPLTW,141,ok,10.6549627041,14
OVRPLTW,142,ok,11.8728547304,13
OVRPLTW,143,ok,9.6989473144,16
OVRPLTW,144,ok,8.5401389675,15
OVRPLTW,145,ok,10.7727073989,15
OVRPLTW,146,ok,11.3841206628,13
OVRPLTW,147,ok,13.3030666011,17
OVRPLTW,148,ok,10.9474468092,16
OVRPLTW,149,ok,9.9860623919,14
OVRPLTW,150,ok,11.1639980102,18
OVRPLTW,151,ok,7.8384873644,15
OVRPLTW,152,ok,12.3942645624,15
OVRPLTW,153,ok,11.2765029173,15
OVRPLTW,154,ok,10.4515147404,14
OVRPLTW,155,ok,10.4308146174,19
OVRPLTW,156,ok,8.7626655176,16
OVRPLTW,157,ok,9.6034786848,16
OVRPLTW,158,ok,10.9655844045,14
OVRPLTW,159,ok,10.2035921295,18
OVRPLTW,160,ok,11.5539948801,15
OVRPLTW,161,ok,12.9206902986,17
OVRPLTW,162,ok,9.0716772725,14
OVRPLTW,163,ok,9.7302650975,16
OVRPLTW,164,ok,9.8487271908,16
OVRPLTW,165,ok,7.6552933003,14
OVRPLTW,166,ok,9.8222948042,17
OVRPLTW,167,ok,11.5302818028,15
OVRPLTW,168,ok,9.0569246693,15
OVRPLTW,169,ok,8.1120744461,17
OVRPLTW,170,ok,8.5560782199,14
OVRPLTW,171,ok,9.8287064366,15
OVRPLTW,172,ok,8.4547538441,16
OVRPLTW,173,ok,12.1623279299,19
OVRPLTW,174,ok,10.6748334806,16
OVRPLTW,175,ok,10.2786047516,17
OVRPLTW,176,ok,9.4013378565,15
OVRPLTW,177,ok,9.7092768841,16
OVRPLTW,178,ok,11.2886826018,16
OVRPLTW,179,ok,10.9339963149,16
OVRPLTW,180,ok,9.4604824112,17
OVRPLTW,181,ok,10.6543285508,15
OVRPLTW,182,ok,12.9556735849,16
OVRPLTW,183,ok,9.8422762494,16
OVRPLTW,184,ok,11.5844218404,15
OVRPLTW,185,ok,10.7251177454,15
OVRPLTW,186,ok,13.7259504486,15
OVRPLTW,187,ok,10.2232831563,15
OVRPLTW,188,ok,10.9082193995,16
OVRPLTW,189,ok,10.1864510711,18
OVRPLTW,190,ok,10.4126412149,14
OVRPLTW,191,ok,9.9419989333,15
OVRPLTW,192,ok,9.0898049342,14
OVRPLTW,193,ok,11.0200259656,17
OVRPLTW,194,ok,10.4931048800,14
OVRPLTW,195,ok,12.3356288666,16
OVRPLTW,196,ok,10.2096369756,17
OVRPLTW,197,ok,10.0309117447,15
OVRPLTW,198,ok,10.3966865054,15
OVRPLTW,199,ok,10.2928357125,15
OVRPLTW,200,ok,10.2893617638,13
OVRPLTW,201,ok,8.3464969745,16
OVRPLTW,202,ok,8.8709403067,16
OVRPLTW,203,ok,10.7158994063,18
OVRPLTW,204,ok,10.6483371802,15
OVRPLTW,205,ok,8.7279796013,14
OVRPLTW,206,ok,11.9477640349,15
OVRPLTW,207,ok,12.0496837575,18
OVRPLTW,208,ok,9.5109493149,17
OVRPLTW,209,ok,8.5887110244,16
OVRPLTW,210,ok,10.6208482421,17
OVRPLTW,211,ok,9.1491688644,16
OVRPLTW,212,ok,13.6806370100,14
OVRPLTW,213,ok,11.4169826985,17
OVRPLTW,214,ok,10.3969951410,16
OVRPLTW,215,ok,10.6946845338,14
OVRPLTW,216,ok,7.5638439279,11
OVRPLTW,217,ok,10.8387811772,13
OVRPLTW,218,ok,10.5116816052,16
OVRPLTW,219,ok,12.1620894822,16
OVRPLTW,220,ok,9.5963286221,15
OVRPLTW,221,ok,9.7483860198,16
OVRPLTW,222,ok,12.4760302674,18
OVRPLTW,223,ok,10.0127317804,18
OVRPLTW,224,ok,9.6596355927,17
OVRPLTW,225,ok,10.2405395032,18
OVRPLTW,226,ok,11.4129563912,17
OVRPLTW,227,ok,15.5152417132,17
OVRPLTW,228,ok,11.1009186720,14
OVRPLTW,229,ok,9.7317536012,15
OVRPLTW,230,ok,8.6025600715,14
OVRPLTW,231,ok,11.4252107532,16
OVRPLTW,232,ok,13.2618873550,17
OVRPLTW,233,ok,11.7356253936,15
OVRPLTW,234,ok,13.0703651113,20
OVRPLTW,235,ok,9.5656192724,15
OVRPLTW,236,ok,8.1815719160,14
OVRPLTW,237,ok,9.5740411139,15
OVRPLTW,238,ok,11.8222130279,17
OVRPLTW,239,ok,9.6634555283,14
OVRPLTW,240,ok,8.7264397746,15
OVRPLTW,241,ok,8.9616914123,17
OVRPLTW,242,ok,11.9284714427,17
OVRPLTW,243,ok,11.6958746665,15
OVRPLTW,244,ok,12.0747634921,17
OVRPLTW,245,ok,10.8623630387,14
OVRPLTW,246,ok,14.8671738702,18
OVRPLTW,247,ok,9.3720843922,14
OVRPLTW,248,ok,11.0462334601,16
OVRPLTW,249,ok,13.2400864240,14
OVRPLTW,250,ok,10.0647124545,16
OVRPLTW,251,ok,9.3410392552,17
OVRPLTW,252,ok,11.0893721801,16
OVRPLTW,253,ok,11.9708308226,19
OVRPLTW,254,ok,9.6864575419,16
OVRPLTW,255,ok,9.6550024848,15
OVRPLTW,256,ok,9.3290904528,15
OVRPLTW,257,ok,14.1418020504,14
OVRPLTW,258,ok,8.4584563042,16
OVRPLTW,259,ok,10.3900427960,14
OVRPLTW,260,ok,7.6204578004,15
OVRPLTW,261,ok,9.7691597204,16
OVRPLTW,262,ok,9.9109683689,17
OVRPLTW,263,ok,11.7805883595,16
OVRPLTW,264,ok,10.2511130974,17
OVRPLTW,265,ok,9.5963203873,15
OVRPLTW,266,ok,9.4719525768,14
OVRPLTW,267,ok,11.6929249576,13
OVRPLTW,268,ok,10.5878260138,17
OVRPLTW,269,ok,11.7465105872,16
OVRPLTW,270,ok,10.9437280395,16
OVRPLTW,271,ok,8.7703547037,15
OVRPLTW,272,ok,11.1144930633,14
OVRPLTW,273,ok,9.5393747037,16
OVRPLTW,274,ok,8.7904860030,15
OVRPLTW,275,ok,10.2519351740,14
OVRPLTW,276,ok,12.3158257414,17
OVRPLTW,277,ok,11.6371313050,15
OVRPLTW,278,ok,11.5647522337,20
OVRPLTW,279,ok,11.8615479137,16
OVRPLTW,280,ok,10.8539243556,12
OVRPLTW,281,ok,12.1813648890,14
OVRPLTW,282,ok,9.2786755004,15
OVRPLTW,283,ok,10.2337388665,13
OVRPLTW,284,ok,9.0451242500,15
OVRPLTW,285,ok,9.3601645604,14
OVRPLTW,286,ok,9.2177385337,16
OVRPLTW,287,ok,10.9753670569,16
OVRPLTW,288,ok,10.9484519886,20
OVRPLTW,289,ok,10.2781932686,16
OVRPLTW,290,ok,12.9781854236,15
OVRPLTW,291,ok,10.3914027793,16
OVRPLTW,292,ok,7.9347654660,13
OVRPLTW,293,ok,11.1177795152,17
OVRPLTW,294,ok,9.3851578633,13
OVRPLTW,295,ok,8.8009296332,15
OVRPLTW,296,ok,9.2864850305,17
OVRPLTW,297,ok,12.5227807698,13
OVRPLTW,298,ok,11.3876844840,16
OVRPLTW,299,ok,10.8603319672,18
OVRPLTW,300,ok,10.1243220859,15
OVRPLTW,301,ok,12.4439825399,18
OVRPLTW,302,ok,10.4200162694,17
OVRPLTW,303,ok,11.4906360690,15
OVRPLTW,304,ok,12.7922134428,14
OVRPLTW,305,ok,10.7370200029,14
OVRPLTW,306,ok,13.1730993455,15
OVRPLTW,307,ok,10.0025689658,16
OVRPLTW,308,ok,10.4293467007,15
OVRPLTW,309,ok,10.2646617583,13
OVRPLTW,310,ok,11.6345460397,15
OVRPLTW,311,ok,10.5410842556,16
OVRPLTW,312,ok,8.8052752517,16
OVRPLTW,313,ok,10.2418157419,16
OVRPLTW,314,ok,10.9949332305,14
OVRPLTW,315,ok,10.4319100260,14
OVRPLTW,316,ok,11.6909745391,15
OVRPLTW,317,ok,11.5214004623,15
OVRPLTW,318,ok,9.3362984782,17
OVRPLTW,319,ok,10.5102805293,16
OVRPLTW,320,ok,12.2686467617,14
OVRPLTW,321,ok,11.7801957716,15
OVRPLTW,322,ok,11.4043692474,15
OVRPLTW,323,ok,11.8206921720,15
OVRPLTW,324,ok,9.9810634793,19
OVRPLTW,325,ok,11.5355265115,15
OVRPLTW,326,ok,10.6204182323,14
OVRPLTW,327,ok,7.8433612563,13
OVRPLTW,328,ok,10.8937063819,16
OVRPLTW,329,ok,11.0212296123,16
OVRPLTW,330,ok,11.4644127282,14
OVRPLTW,331,ok,8.7156850065,17
OVRPLTW,332,ok,10.7821906395,15
OVRPLTW,333,ok,10.9891768850,19
OVRPLTW,334,ok,8.2153596108,16
OVRPLTW,335,ok,10.2544466594,15
OVRPLTW,336,ok,10.5736941434,16
OVRPLTW,337,ok,11.2866171614,15
OVRPLTW,338,ok,11.2869147186,17
OVRPLTW,339,ok,11.5153490177,17
OVRPLTW,340,ok,10.3863575588,15
OVRPLTW,341,ok,9.0349592244,13
OVRPLTW,342,ok,10.8102342111,17
OVRPLTW,343,ok,11.2387954432,17
OVRPLTW,344,ok,9.2735565178,18
OVRPLTW,345,ok,11.0103825515,13
OVRPLTW,346,ok,11.4930664809,14
OVRPLTW,347,ok,8.3765298512,15
OVRPLTW,348,ok,7.9147969351,15
OVRPLTW,349,ok,12.6741265183,15
OVRPLTW,350,ok,12.1514027952,16
OVRPLTW,351,ok,12.4380541282,16
OVRPLTW,352,ok,10.5568945286,15
OVRPLTW,353,ok,8.9078005705,16
OVRPLTW,354,ok,11.4142410739,15
OVRPLTW,355,ok,13.5544389654,16
OVRPLTW,356,ok,8.1172268979,16
OVRPLTW,357,ok,10.1684122486,16
OVRPLTW,358,ok,10.5026585729,14
OVRPLTW,359,ok,10.8205812121,17
OVRPLTW,360,ok,11.5910223612,15
OVRPLTW,361,ok,10.9889177559,17
OVRPLTW,362,ok,9.5752043949,13
OVRPLTW,363,ok,11.8964862947,15
OVRPLTW,364,ok,8.9925992281,14
OVRPLTW,365,ok,7.8070391423,14
OVRPLTW,366,ok,10.7442514591,14
OVRPLTW,367,ok,11.7011172743,17
OVRPLTW,368,ok,13.9172533818,15
OVRPLTW,369,ok,9.0385069181,14
OVRPLTW,370,ok,12.8788172986,17
OVRPLTW,371,ok,11.3841003807,16
OVRPLTW,372,ok,9.0313637716,13
OVRPLTW,373,ok,10.9340878633,14
OVRPLTW,374,ok,11.4764800958,15
OVRPLTW,375,ok,10.3233052140,17
OVRPLTW,376,ok,11.8894077485,16
OVRPLTW,377,ok,9.4889185851,18
OVRPLTW,378,ok,8.6421920545,15
OVRPLTW,379,ok,10.5457277416,18
OVRPLTW,380,ok,10.8477394640,18
OVRPLTW,381,ok,12.8453244735,19
OVRPLTW,382,ok,10.3679590991,15
OVRPLTW,383,ok,9.2459535762,15
OVRPLTW,384,ok,10.5197526737,14
OVRPLTW,385,ok,9.2777321762,16
OVRPLTW,386,ok,9.2247179709,18
OVRPLTW,387,ok,11.2129565935,15
OVRPLTW,388,ok,10.7984556559,15
OVRPLTW,389,ok,9.1002403664,17
OVRPLTW,390,ok,10.5226737568,16
OVRPLTW,391,ok,11.5777214335,15
OVRPLTW,392,ok,8.4945787208,19
OVRPLTW,393,ok,10.3426210402,16
OVRPLTW,394,ok,11.1373986267,14
OVRPLTW,395,ok,10.5541553397,18
OVRPLTW,396,ok,11.2962979470,14
OVRPLTW,397,ok,12.2936698984,17
OVRPLTW,398,ok,12.4665318924,16
OVRPLTW,399,ok,9.0883541030,15
OVRPLTW,400,ok,9.7848906604,14
OVRPLTW,401,ok,12.4066546510,18
OVRPLTW,402,ok,9.7293575108,14
OVRPLTW,403,ok,10.6105153334,14
OVRPLTW,404,ok,9.1587404721,16
OVRPLTW,405,ok,8.3697137651,14
OVRPLTW,406,ok,9.5532358692,16
OVRPLTW,407,ok,12.5441717852,16
OVRPLTW,408,ok,12.3884512596,16
OVRPLTW,409,ok,10.9181412412,15
OVRPLTW,410,ok,9.9609703538,17
OVRPLTW,411,ok,12.2956096255,15
OVRPLTW,412,ok,9.8927581106,16
OVRPLTW,413,ok,11.8689066395,16
OVRPLTW,414,ok,9.7010955624,13
OVRPLTW,415,ok,12.8295377793,14
OVRPLTW,416,ok,8.9879533712,16
OVRPLTW,417,ok,11.9389991419,17
OVRPLTW,418,ok,10.9490534016,18
OVRPLTW,419,ok,9.3843218555,14
OVRPLTW,420,ok,12.0400419549,19
OVRPLTW,421,ok,8.6669068237,14
OVRPLTW,422,ok,10.7691457755,18
OVRPLTW,423,ok,9.9710552913,15
OVRPLTW,424,ok,8.3292475412,16
OVRPLTW,425,ok,10.8646298537,16
OVRPLTW,426,ok,13.6890185204,17
OVRPLTW,427,ok,8.5705560215,14
OVRPLTW,428,ok,10.6978353635,14
OVRPLTW,429,ok,12.5597811043,14
OVRPLTW,430,ok,10.5811501870,15
OVRPLTW,431,ok,10.1145547503,15
OVRPLTW,432,ok,12.5473262161,18
OVRPLTW,433,ok,12.0399735673,17
OVRPLTW,434,ok,11.1160392778,17
OVRPLTW,435,ok,10.6415807703,14
OVRPLTW,436,ok,10.1895687167,16
OVRPLTW,437,ok,9.6188356796,17
OVRPLTW,438,ok,11.6852483253,17
OVRPLTW,439,ok,9.4952614867,15
OVRPLTW,440,ok,8.1712601781,15
OVRPLTW,441,ok,10.0625157215,14
OVRPLTW,442,ok,11.0598993941,17
OVRPLTW,443,ok,12.2289088342,16
OVRPLTW,444,ok,9.4333756633,14
OVRPLTW,445,ok,8.4587491830,14
OVRPLTW,446,ok,10.9899644639,16
OVRPLTW,447,ok,12.8985835025,14
OVRPLTW,448,ok,13.1685112151,16
OVRPLTW,449,ok,10.6804613395,16
OVRPLTW,450,ok,10.8066781150,14
OVRPLTW,451,ok,9.1398670381,13
OVRPLTW,452,ok,11.5630297845,15
OVRPLTW,453,ok,11.8197677365,17
OVRPLTW,454,ok,8.7576452256,15
OVRPLTW,455,ok,9.1115585325,15
OVRPLTW,456,ok,12.2302409452,15
OVRPLTW,457,ok,12.0532527363,17
OVRPLTW,458,ok,10.4816326223,16
OVRPLTW,459,ok,9.2126872391,18
OVRPLTW,460,ok,11.2708453702,16
OVRPLTW,461,ok,9.9255752290,15
OVRPLTW,462,ok,12.1239166302,16
OVRPLTW,463,ok,12.2459019951,18
OVRPLTW,464,ok,8.6860730664,14
OVRPLTW,465,ok,9.5301412351,14
OVRPLTW,466,ok,10.7100732295,15
OVRPLTW,467,ok,9.5350968145,15
OVRPLTW,468,ok,9.1445664382,17
OVRPLTW,469,ok,9.6373248666,14
OVRPLTW,470,ok,11.5165828217,15
OVRPLTW,471,ok,8.6177669224,15
OVRPLTW,472,ok,9.5773900021,16
OVRPLTW,473,ok,10.3557104109,16
OVRPLTW,474,ok,10.0562981530,14
OVRPLTW,475,ok,11.9776233932,17
OVRPLTW,476,ok,7.8311452323,14
OVRPLTW,477,ok,9.7297928168,16
OVRPLTW,478,ok,11.5476060074,16
OVRPLTW,479,ok,13.1450540559,17
OVRPLTW,480,ok,8.0463045307,18
OVRPLTW,481,ok,12.0647038428,16
OVRPLTW,482,ok,10.9276427843,16
OVRPLTW,483,ok,9.7093375951,14
OVRPLTW,484,ok,9.8115171564,15
OVRPLTW,485,ok,11.9939631831,16
OVRPLTW,486,ok,9.3178423712,14
OVRPLTW,487,ok,9.9996939959,13
OVRPLTW,488,ok,10.5313878392,15
OVRPLTW,489,ok,9.8607257361,14
OVRPLTW,490,ok,11.4704995694,15
OVRPLTW,491,ok,9.8835480213,14
OVRPLTW,492,ok,12.1638725754,15
OVRPLTW,493,ok,10.5890837220,13
OVRPLTW,494,ok,11.3437341082,14
OVRPLTW,495,ok,8.9394069830,15
OVRPLTW,496,ok,10.0291792383,15
OVRPLTW,497,ok,11.4971433331,15
OVRPLTW,498,ok,11.3728229844,13
OVRPLTW,499,ok,10.0121623841,16
OVRPLTW,500,ok,11.6934994905,16
OVRPLTW,501,ok,11.0865000063,20
OVRPLTW,502,ok,9.6868995280,16
OVRPLTW,503,ok,10.2864448940,16
OVRPLTW,504,ok,10.8982528815,17
OVRPLTW,505,ok,11.1315762073,18
OVRPLTW,506,ok,8.8728553303,15
OVRPLTW,507,ok,10.9302453845,15
OVRPLTW,508,ok,12.3495567591,14
OVRPLTW,509,ok,10.1317733405,15
OVRPLTW,510,ok,10.8676636265,16
OVRPLTW,511,ok,13.3442915959,16
OVRPLTW,512,ok,9.7607780907,15
OVRPLTW,513,ok,9.7521776498,16
OVRPLTW,514,ok,12.1637132202,15
OVRPLTW,515,ok,8.7455768041,15
OVRPLTW,516,ok,11.3172297100,14
OVRPLTW,517,ok,8.7458080918,16
OVRPLTW,518,ok,9.9174903866,18
OVRPLTW,519,ok,11.5629639751,17
OVRPLTW,520,ok,9.0399838905,13
OVRPLTW,521,ok,10.2548442781,19
OVRPLTW,522,ok,8.8629120696,13
OVRPLTW,523,ok,12.6003549980,14
OVRPLTW,524,ok,9.0530952416,17
OVRPLTW,525,ok,11.3563909082,16
OVRPLTW,526,ok,8.9783893689,18
OVRPLTW,527,ok,13.1512843495,19
OVRPLTW,528,ok,10.2872218144,16
OVRPLTW,529,ok,10.9264302427,18
OVRPLTW,530,ok,9.3562924302,15
OVRPLTW,531,ok,9.9418237365,15
OVRPLTW,532,ok,8.8852565254,18
OVRPLTW,533,ok,10.1964020231,19
OVRPLTW,534,ok,12.4647281280,18
OVRPLTW,535,ok,9.1977417743,14
OVRPLTW,536,ok,12.2488943205,17
OVRPLTW,537,ok,13.4007017971,15
OVRPLTW,538,ok,10.6067891629,16
OVRPLTW,539,ok,9.6270456762,14
OVRPLTW,540,ok,11.0378531276,16
OVRPLTW,541,ok,10.4848434723,15
OVRPLTW,542,ok,13.5056505471,16
OVRPLTW,543,ok,11.1911000813,22
OVRPLTW,544,ok,11.0782562528,17
OVRPLTW,545,ok,11.7031697867,17
OVRPLTW,546,ok,11.9624027665,14
OVRPLTW,547,ok,10.1155790058,15
OVRPLTW,548,ok,13.0019675167,16
OVRPLTW,549,ok,10.7414060255,17
OVRPLTW,550,ok,10.6217827359,14
OVRPLTW,551,ok,8.2883100875,15
OVRPLTW,552,ok,9.9535174725,16
OVRPLTW,553,ok,8.7396546053,16
OVRPLTW,554,ok,11.9548592197,15
OVRPLTW,555,ok,10.3561459092,18
OVRPLTW,556,ok,13.9509658291,16
OVRPLTW,557,ok,10.4096390958,16
OVRPLTW,558,ok,10.5530291538,15
OVRPLTW,559,ok,8.8851348552,15
OVRPLTW,560,ok,13.2390498604,15
OVRPLTW,561,ok,13.6311595976,18
OVRPLTW,562,ok,9.0036088226,16
OVRPLTW,563,ok,10.6582985760,17
OVRPLTW,564,ok,13.6691946192,17
OVRPLTW,565,ok,12.2215297440,16
OVRPLTW,566,ok,8.7829808572,13
OVRPLTW,567,ok,8.6424782870,14
OVRPLTW,568,ok,13.1258992747,15
OVRPLTW,569,ok,12.0419313785,15
OVRPLTW,570,ok,13.2107081973,15
OVRPLTW,571,ok,12.1293698855,14
OVRPLTW,572,ok,8.0890484717,12
OVRPLTW,573,ok,10.0210902461,13
OVRPLTW,574,ok,10.3881315039,16
OVRPLTW,575,ok,10.7391262868,14
OVRPLTW,576,ok,11.1092049546,16
OVRPLTW,577,ok,9.3684446261,17
OVRPLTW,578,ok,11.1676936159,14
OVRPLTW,579,ok,10.1645008948,15
OVRPLTW,580,ok,10.0524948804,14
OVRPLTW,581,ok,12.9203780609,15
OVRPLTW,582,ok,13.5563017698,18
OVRPLTW,583,ok,10.8890843590,18
OVRPLTW,584,ok,9.2323411814,15
OVRPLTW,585,ok,9.7933367264,14
OVRPLTW,586,ok,10.4641876917,16
OVRPLTW,587,ok,11.5491314635,14
OVRPLTW,588,ok,8.8783271009,16
OVRPLTW,589,ok,12.2122645385,18
OVRPLTW,590,ok,9.3916806467,16
OVRPLTW,591,ok,9.9173285929,14
OVRPLTW,592,ok,12.0964372252,15
OVRPLTW,593,ok,10.6809635378,14
OVRPLTW,594,ok,9.1318476478,16
OVRPLTW,595,ok,11.2636247975,15
OVRPLTW,596,ok,10.2889368659,17
OVRPLTW,597,ok,9.1383119892,15
OVRPLTW,598,ok,11.2892257901,17
OVRPLTW,599,ok,9.3545743263,17
OVRPLTW,600,ok,11.3577080817,16
OVRPLTW,601,ok,7.9119516210,13
OVRPLTW,602,ok,9.9269716566,17
OVRPLTW,603,ok,9.1592370237,17
OVRPLTW,604,ok,12.2174691678,16
OVRPLTW,605,ok,11.1873197927,15
OVRPLTW,606,ok,10.0364408344,17
OVRPLTW,607,ok,9.5147567482,17
OVRPLTW,608,ok,10.9607932870,17
OVRPLTW,609,ok,9.6404042434,14
OVRPLTW,610,ok,10.2470249208,17
OVRPLTW,611,ok,10.7347874453,15
OVRPLTW,612,ok,11.7950004828,18
OVRPLTW,613,ok,10.8163430189,15
OVRPLTW,614,ok,12.0542096653,15
OVRPLTW,615,ok,10.7555799038,15
OVRPLTW,616,ok,9.1333835624,15
OVRPLTW,617,ok,11.9511431771,14
OVRPLTW,618,ok,10.4300833825,17
OVRPLTW,619,ok,11.2141951151,18
OVRPLTW,620,ok,12.4995168423,18
OVRPLTW,621,ok,13.2502038708,16
OVRPLTW,622,ok,9.5532399266,13
OVRPLTW,623,ok,9.6387755345,14
OVRPLTW,624,ok,9.9912323758,16
OVRPLTW,625,ok,8.4523304919,16
OVRPLTW,626,ok,10.3951485487,13
OVRPLTW,627,ok,11.1541108449,17
OVRPLTW,628,ok,10.6132741943,16
OVRPLTW,629,ok,9.5426095983,18
OVRPLTW,630,ok,11.8492404770,14
OVRPLTW,631,ok,9.7781371310,17
OVRPLTW,632,ok,10.4319495956,14
OVRPLTW,633,ok,9.5442748685,15
OVRPLTW,634,ok,8.9809270447,14
OVRPLTW,635,ok,13.5623183079,17
OVRPLTW,636,ok,10.1264812305,15
OVRPLTW,637,ok,11.6493577494,15
OVRPLTW,638,ok,10.0835054069,15
OVRPLTW,639,ok,10.6225230353,14
OVRPLTW,640,ok,8.5017097416,14
OVRPLTW,641,ok,9.4215234831,16
OVRPLTW,642,ok,12.0641099889,16
OVRPLTW,643,ok,9.5801832468,17
OVRPLTW,644,ok,10.9484496296,16
OVRPLTW,645,ok,9.3780073787,16
OVRPLTW,646,ok,9.2460730666,18
OVRPLTW,647,ok,13.9004354732,16
OVRPLTW,648,ok,11.8903126596,19
OVRPLTW,649,ok,13.7596992231,17
OVRPLTW,650,ok,9.0960871216,15
OVRPLTW,651,ok,11.6983579112,15
OVRPLTW,652,ok,11.3318854512,16
OVRPLTW,653,ok,7.8518120740,16
OVRPLTW,654,ok,8.9690796463,20
OVRPLTW,655,ok,9.7954097171,15
OVRPLTW,656,ok,10.6516101177,15
OVRPLTW,657,ok,15.4239074099,16
OVRPLTW,658,ok,8.8720011624,15
OVRPLTW,659,ok,13.4553900238,15
OVRPLTW,660,ok,9.3970481005,16
OVRPLTW,661,ok,9.4173744494,14
OVRPLTW,662,ok,10.3391705896,13
OVRPLTW,663,ok,9.0046289496,14
OVRPLTW,664,ok,12.0767452749,13
OVRPLTW,665,ok,10.8192471451,14
OVRPLTW,666,ok,9.5392599730,15
OVRPLTW,667,ok,10.3675138599,16
OVRPLTW,668,ok,10.8665898658,16
OVRPLTW,669,ok,9.4472859825,17
OVRPLTW,670,ok,8.9072039056,17
OVRPLTW,671,ok,9.0640360626,13
OVRPLTW,672,ok,12.2746071278,17
OVRPLTW,673,ok,8.9735584135,17
OVRPLTW,674,ok,9.7123829982,17
OVRPLTW,675,ok,13.1117768239,16
OVRPLTW,676,ok,11.6994477394,17
OVRPLTW,677,ok,8.8071018009,16
OVRPLTW,678,ok,11.7794976549,15
OVRPLTW,679,ok,10.4772027157,14
OVRPLTW,680,ok,9.9133663530,16
OVRPLTW,681,ok,12.0595373512,14
OVRPLTW,682,ok,9.0608260431,17
OVRPLTW,683,ok,11.0840554865,15
OVRPLTW,684,ok,9.4362625425,16
OVRPLTW,685,ok,10.7946699252,15
OVRPLTW,686,ok,9.2172048013,15
OVRPLTW,687,ok,10.7212843411,19
OVRPLTW,688,ok,10.6371420569,16
OVRPLTW,689,ok,10.2268620531,18
OVRPLTW,690,ok,10.3917499723,14
OVRPLTW,691,ok,10.9305008693,16
OVRPLTW,692,ok,10.3431535313,15
OVRPLTW,693,ok,8.8912629895,16
OVRPLTW,694,ok,11.9711399276,17
OVRPLTW,695,ok,10.8089817067,16
OVRPLTW,696,ok,10.5625739222,16
OVRPLTW,697,ok,10.9970138592,15
OVRPLTW,698,ok,9.2201687553,17
OVRPLTW,699,ok,10.7980666646,17
OVRPLTW,700,ok,9.5423676662,16
OVRPLTW,701,ok,9.0140959020,15
OVRPLTW,702,ok,11.8907705330,15
OVRPLTW,703,ok,10.0076393114,14
OVRPLTW,704,ok,8.0309539169,14
OVRPLTW,705,ok,11.1796311407,15
OVRPLTW,706,ok,11.8146765049,14
OVRPLTW,707,ok,9.5610414974,14
OVRPLTW,708,ok,10.7472701950,15
OVRPLTW,709,ok,9.5519381002,15
OVRPLTW,710,ok,12.4929821956,16
OVRPLTW,711,ok,9.8953979080,15
OVRPLTW,712,ok,8.9747054140,18
OVRPLTW,713,ok,8.5556973929,17
OVRPLTW,714,ok,10.0769114857,16
OVRPLTW,715,ok,12.3360298257,18
OVRPLTW,716,ok,8.9787134439,15
OVRPLTW,717,ok,9.3626625656,19
OVRPLTW,718,ok,14.4426428478,17
OVRPLTW,719,ok,11.6139257086,16
OVRPLTW,720,ok,10.1257194174,14
OVRPLTW,721,ok,9.4025825855,15
OVRPLTW,722,ok,10.6098640745,14
OVRPLTW,723,ok,11.4770991472,16
OVRPLTW,724,ok,8.9154089744,15
OVRPLTW,725,ok,10.6067643974,17
OVRPLTW,726,ok,10.9648018888,16
OVRPLTW,727,ok,10.6824873277,15
OVRPLTW,728,ok,10.8454755529,18
OVRPLTW,729,ok,9.4730349610,14
OVRPLTW,730,ok,14.6145393154,15
OVRPLTW,731,ok,9.8199798787,14
OVRPLTW,732,ok,13.1563909278,18
OVRPLTW,733,ok,8.7748106608,14
OVRPLTW,734,ok,8.9688289294,14
OVRPLTW,735,ok,9.2912530091,17
OVRPLTW,736,ok,10.8890988556,15
OVRPLTW,737,ok,9.9551659441,15
OVRPLTW,738,ok,9.9967960084,15
OVRPLTW,739,ok,9.5658288943,16
OVRPLTW,740,ok,11.0053314560,16
OVRPLTW,741,ok,10.8151459955,15
OVRPLTW,742,ok,11.1112097653,17
OVRPLTW,743,ok,8.0144579281,16
OVRPLTW,744,ok,8.6798724082,15
OVRPLTW,745,ok,11.7112788334,14
OVRPLTW,746,ok,8.9170951540,16
OVRPLTW,747,ok,11.0590805136,15
OVRPLTW,748,ok,10.1906199908,16
OVRPLTW,749,ok,9.2662472226,16
OVRPLTW,750,ok,9.6768469167,15
OVRPLTW,751,ok,11.6613938313,16
OVRPLTW,752,ok,10.5921550919,14
OVRPLTW,753,ok,11.1029982992,16
OVRPLTW,754,ok,9.7246538568,16
OVRPLTW,755,ok,11.7788903579,16
OVRPLTW,756,ok,11.0146646132,15
OVRPLTW,757,ok,8.5603190956,17
OVRPLTW,758,ok,11.9929816092,15
OVRPLTW,759,ok,10.7256236780,16
OVRPLTW,760,ok,9.6912502870,17
OVRPLTW,761,ok,11.2122974620,16
OVRPLTW,762,ok,9.7414646244,15
OVRPLTW,763,ok,10.3349290728,16
OVRPLTW,764,ok,13.6941568356,15
OVRPLTW,765,ok,11.6344121429,15
OVRPLTW,766,ok,11.6682328607,13
OVRPLTW,767,ok,7.9783911383,14
OVRPLTW,768,ok,11.2465050746,14
OVRPLTW,769,ok,10.6494603062,16
OVRPLTW,770,ok,10.1862185655,15
OVRPLTW,771,ok,8.8664707952,14
OVRPLTW,772,ok,11.7594533057,14
OVRPLTW,773,ok,12.0921649104,14
OVRPLTW,774,ok,8.2544490079,17
OVRPLTW,775,ok,10.8199575939,18
OVRPLTW,776,ok,13.1119155344,17
OVRPLTW,777,ok,11.6390731820,15
OVRPLTW,778,ok,9.8504462435,15
OVRPLTW,779,ok,9.8382407629,18
OVRPLTW,780,ok,11.4743887253,13
OVRPLTW,781,ok,11.0791135964,15
OVRPLTW,782,ok,11.6450666906,14
OVRPLTW,783,ok,10.7651271695,16
OVRPLTW,784,ok,9.7077011037,16
OVRPLTW,785,ok,9.8995476131,14
OVRPLTW,786,ok,10.3245717556,15
OVRPLTW,787,ok,10.9149022309,14
OVRPLTW,788,ok,8.8522071130,14
OVRPLTW,789,ok,10.0569719629,16
OVRPLTW,790,ok,9.3693143310,14
OVRPLTW,791,ok,11.3561489097,17
OVRPLTW,792,ok,12.6505341778,14
OVRPLTW,793,ok,10.5689089527,17
OVRPLTW,794,ok,8.7674676441,13
OVRPLTW,795,ok,11.4329692968,16
OVRPLTW,796,ok,9.5228064971,15
OVRPLTW,797,ok,10.5275449844,17
OVRPLTW,798,ok,9.9141736128,17
OVRPLTW,799,ok,11.1265918618,17
OVRPLTW,800,ok,9.6103414086,16
OVRPLTW,801,ok,11.3719870878,14
OVRPLTW,802,ok,10.1817056531,16
OVRPLTW,803,ok,9.6528019403,15
OVRPLTW,804,ok,12.3212763412,14
OVRPLTW,805,ok,11.4895851003,15
OVRPLTW,806,ok,9.0093877377,14
OVRPLTW,807,ok,9.4234188521,16
OVRPLTW,808,ok,8.3897881647,15
OVRPLTW,809,ok,13.0342799692,16
OVRPLTW,810,ok,9.4820859138,14
OVRPLTW,811,ok,11.6564192671,15
OVRPLTW,812,ok,9.0968325430,15
OVRPLTW,813,ok,10.9258037894,16
OVRPLTW,814,ok,10.5332527108,16
OVRPLTW,815,ok,11.5492181829,15
OVRPLTW,816,ok,8.8448378919,16
OVRPLTW,817,ok,10.5307767627,15
OVRPLTW,818,ok,11.8900152404,15
OVRPLTW,819,ok,10.4919041740,17
OVRPLTW,820,ok,11.6604750124,15
OVRPLTW,821,ok,10.9050064100,16
OVRPLTW,822,ok,10.8730956950,15
OVRPLTW,823,ok,11.6041618710,17
OVRPLTW,824,ok,8.5547538296,15
OVRPLTW,825,ok,10.1357991560,16
OVRPLTW,826,ok,10.4252288637,14
OVRPLTW,827,ok,11.1756411221,15
OVRPLTW,828,ok,12.9042942273,18
OVRPLTW,829,ok,10.0325793321,14
OVRPLTW,830,ok,11.5083416912,14
OVRPLTW,831,ok,13.2698130486,13
OVRPLTW,832,ok,9.3344945121,16
OVRPLTW,833,ok,9.9133603942,15
OVRPLTW,834,ok,8.5278368883,11
OVRPLTW,835,ok,13.3182307063,17
OVRPLTW,836,ok,8.3292492819,16
OVRPLTW,837,ok,11.9355974531,13
OVRPLTW,838,ok,10.4310225142,15
OVRPLTW,839,ok,9.3813000974,17
OVRPLTW,840,ok,9.8713770591,15
OVRPLTW,841,ok,8.8454435797,17
OVRPLTW,842,ok,13.5681529355,19
OVRPLTW,843,ok,9.9043565537,18
OVRPLTW,844,ok,9.1277195930,17
OVRPLTW,845,ok,12.3542222440,15
OVRPLTW,846,ok,9.6490517696,13
OVRPLTW,847,ok,11.2028955423,17
OVRPLTW,848,ok,9.8162598116,16
OVRPLTW,849,ok,14.2148351978,15
OVRPLTW,850,ok,9.2695018934,16
OVRPLTW,851,ok,9.7774875261,15
OVRPLTW,852,ok,8.4148980867,15
OVRPLTW,853,ok,11.4555302219,17
OVRPLTW,854,ok,8.7857371677,14
OVRPLTW,855,ok,11.4836485545,14
OVRPLTW,856,ok,10.7837411305,15
OVRPLTW,857,ok,8.7842679610,14
OVRPLTW,858,ok,10.2007231879,14
OVRPLTW,859,ok,11.5504712589,15
OVRPLTW,860,ok,11.0998283161,17
OVRPLTW,861,ok,10.3601076282,16
OVRPLTW,862,ok,9.6326363333,15
OVRPLTW,863,ok,8.4407419211,15
OVRPLTW,864,ok,11.2881272320,17
OVRPLTW,865,ok,9.6126070411,17
OVRPLTW,866,ok,8.8617682104,15
OVRPLTW,867,ok,8.7648056632,15
OVRPLTW,868,ok,9.9082007824,16
OVRPLTW,869,ok,9.0855971660,17
OVRPLTW,870,ok,12.4913180121,14
OVRPLTW,871,ok,11.1223736874,16
OVRPLTW,872,ok,13.3525325404,14
OVRPLTW,873,ok,13.4257451629,18
OVRPLTW,874,ok,11.5537892921,18
OVRPLTW,875,ok,9.5843783634,13
OVRPLTW,876,ok,10.4228761361,14
OVRPLTW,877,ok,11.5904442665,14
OVRPLTW,878,ok,11.4087091953,18
OVRPLTW,879,ok,9.1949667663,17
OVRPLTW,880,ok,10.7296693793,14
OVRPLTW,881,ok,9.2190953839,14
OVRPLTW,882,ok,9.9730491550,16
OVRPLTW,883,ok,11.3784673505,14
OVRPLTW,884,ok,8.4693235852,15
OVRPLTW,885,ok,13.3570120073,15
OVRPLTW,886,ok,12.2684519273,15
OVRPLTW,887,ok,10.7677941979,17
OVRPLTW,888,ok,10.7999595701,14
OVRPLTW,889,ok,10.5997585756,14
OVRPLTW,890,ok,13.5990756511,17
OVRPLTW,891,ok,10.5351850307,15
OVRPLTW,892,ok,10.4227950717,15
OVRPLTW,893,ok,11.8726720582,14
OVRPLTW,894,ok,11.7371596842,13
OVRPLTW,895,ok,9.1574870790,15
OVRPLTW,896,ok,10.9764939259,15
OVRPLTW,897,ok,10.9484911816,14
OVRPLTW,898,ok,11.7597828927,17
OVRPLTW,899,ok,9.6127606062,17
OVRPLTW,900,ok,11.0364646419,16
OVRPLTW,901,ok,10.3791614223,17
OVRPLTW,902,ok,10.8212145924,16
OVRPLTW,903,ok,10.8660816439,18
OVRPLTW,904,ok,10.0589090821,15
OVRPLTW,905,ok,10.0814454415,14
OVRPLTW,906,ok,9.5596854013,16
OVRPLTW,907,ok,9.4969532622,16
OVRPLTW,908,ok,8.6085639011,15
OVRPLTW,909,ok,11.6905073961,16
OVRPLTW,910,ok,9.4632086455,15
OVRPLTW,911,ok,7.9181551511,13
OVRPLTW,912,ok,9.5211154470,14
OVRPLTW,913,ok,9.8922343942,15
OVRPLTW,914,ok,8.5664133881,14
OVRPLTW,915,ok,10.6266076255,16
OVRPLTW,916,ok,9.9205925336,17
OVRPLTW,917,ok,10.7278210370,18
OVRPLTW,918,ok,11.9733586604,16
OVRPLTW,919,ok,9.0649895540,17
OVRPLTW,920,ok,10.6488564097,17
OVRPLTW,921,ok,11.5682986681,18
OVRPLTW,922,ok,11.4011152310,15
OVRPLTW,923,ok,12.3603236250,15
OVRPLTW,924,ok,11.0329645600,16
OVRPLTW,925,ok,10.1351264120,19
OVRPLTW,926,ok,11.1496113408,16
OVRPLTW,927,ok,12.2398924933,19
OVRPLTW,928,ok,10.1631804670,17
OVRPLTW,929,ok,8.9429251959,15
OVRPLTW,930,ok,10.6830131245,16
OVRPLTW,931,ok,9.3778955191,15
OVRPLTW,932,ok,10.2163839451,16
OVRPLTW,933,ok,10.7949773119,18
OVRPLTW,934,ok,10.2112886584,16
OVRPLTW,935,ok,9.8054392513,14
OVRPLTW,936,ok,11.8633254944,14
OVRPLTW,937,ok,9.0163077045,14
OVRPLTW,938,ok,10.6268827678,16
OVRPLTW,939,ok,10.0629932201,17
OVRPLTW,940,ok,12.5622862632,19
OVRPLTW,941,ok,10.3276472152,16
OVRPLTW,942,ok,10.3465286850,15
OVRPLTW,943,ok,10.0669417469,16
OVRPLTW,944,ok,13.4323089117,18
OVRPLTW,945,ok,9.6614585336,16
OVRPLTW,946,ok,10.5177111792,18
OVRPLTW,947,ok,12.4880946142,17
OVRPLTW,948,ok,13.7899465782,17
OVRPLTW,949,ok,9.4679806944,16
OVRPLTW,950,ok,12.4259986899,17
OVRPLTW,951,ok,12.9727049560,15
OVRPLTW,952,ok,13.0786849683,16
OVRPLTW,953,ok,12.5153387514,14
OVRPLTW,954,ok,8.0480067876,16
OVRPLTW,955,ok,11.1559470466,15
OVRPLTW,956,ok,8.2307725103,16
OVRPLTW,957,ok,9.6730198218,13
OVRPLTW,958,ok,9.7678636898,16
OVRPLTW,959,ok,11.4453057745,16
OVRPLTW,960,ok,9.1691100670,16
OVRPLTW,961,ok,8.0882690572,17
OVRPLTW,962,ok,10.1933440643,15
OVRPLTW,963,ok,10.4609294626,14
OVRPLTW,964,ok,12.0006730897,17
OVRPLTW,965,ok,9.4041734829,15
OVRPLTW,966,ok,10.1365290726,17
OVRPLTW,967,ok,9.9422182183,16
OVRPLTW,968,ok,10.0210777138,15
OVRPLTW,969,ok,13.9229632064,15
OVRPLTW,970,ok,8.6725602441,17
OVRPLTW,971,ok,12.1324271954,15
OVRPLTW,972,ok,14.3074646325,15
OVRPLTW,973,ok,12.1948769479,16
OVRPLTW,974,ok,10.2309919078,15
OVRPLTW,975,ok,9.8811272731,16
OVRPLTW,976,ok,10.3394924786,15
OVRPLTW,977,ok,8.0621376185,17
OVRPLTW,978,ok,9.1425571549,16
OVRPLTW,979,ok,11.8738904221,15
OVRPLTW,980,ok,8.9335319210,15
OVRPLTW,981,ok,9.7178751025,16
OVRPLTW,982,ok,9.7752354638,15
OVRPLTW,983,ok,11.3472695940,15
OVRPLTW,984,ok,10.6092703573,15
OVRPLTW,985,ok,8.7602406420,15
OVRPLTW,986,ok,9.5182435344,16
OVRPLTW,987,ok,10.8766110358,16
OVRPLTW,988,ok,12.2207586394,14
OVRPLTW,989,ok,11.1467408347,15
OVRPLTW,990,ok,9.6882560345,16
OVRPLTW,991,ok,9.3530251921,15
OVRPLTW,992,ok,11.0401688228,16
OVRPLTW,993,ok,8.5490420501,13
OVRPLTW,994,ok,12.9825482732,15
OVRPLTW,995,ok,8.9843891505,16
OVRPLTW,996,ok,12.2433055684,16
OVRPLTW,997,ok,9.6050189522,14
OVRPLTW,998,ok,12.3811632359,16
OVRPLTW,999,ok,11.5330821144,16
VRPBLTW,0,no_feasible_candidate,,
VRPBLTW,1,ok,21.4007448447,17
VRPBLTW,2,no_feasible_candidate,,
VRPBLTW,3,ok,18.8854717748,15
VRPBLTW,4,no_feasible_candidate,,
VRPBLTW,5,no_feasible_candidate,,
VRPBLTW,6,no_feasible_candidate,,
VRPBLTW,7,no_feasible_candidate,,
VRPBLTW,8,no_feasible_candidate,,
VRPBLTW,9,no_feasible_candidate,,
VRPBLTW,10,ok,20.1859221333,15
VRPBLTW,11,no_feasible_candidate,,
VRPBLTW,12,no_feasible_candidate,,
VRPBLTW,13,no_feasible_candidate,,
VRPBLTW,14,no_feasible_candidate,,
VRPBLTW,15,no_feasible_candidate,,
VRPBLTW,16,no_feasible_candidate,,
VRPBLTW,17,no_feasible_candidate,,
VRPBLTW,18,no_feasible_candidate,,
VRPBLTW,19,no_feasible_candidate,,
VRPBLTW,20,no_feasible_candidate,,
VRPBLTW,21,ok,24.6161518120,17
VRPBLTW,22,no_feasible_candidate,,
VRPBLTW,23,no_feasible_candidate,,
VRPBLTW,24,no_feasible_candidate,,
VRPBLTW,25,no_feasible_candidate,,
VRPBLTW,26,ok,21.4058143154,18
VRPBLTW,27,no_feasible_candidate,,
VRPBLTW,28,no_feasible_candidate,,
VRPBLTW,29,no_feasible_candidate,,
VRPBLTW,30,no_feasible_candidate,,
VRPBLTW,31,no_feasible_candidate,,
VRPBLTW,32,no_feasible_candidate,,
VRPBLTW,33,no_feasible_candidate,,
VRPBLTW,34,no_feasible_candidate,,
VRPBLTW,35,no_feasible_candidate,,
VRPBLTW,36,ok,20.2027945389,17
VRPBLTW,37,no_feasible_candidate,,
VRPBLTW,38,no_feasible_candidate,,
VRPBLTW,39,no_feasible_candidate,,
VRPBLTW,40,ok,26.7569545475,16
VRPBLTW,41,no_feasible_candidate,,
VRPBLTW,42,no_feasible_candidate,,
VRPBLTW,43,ok,17.5501246530,17
VRPBLTW,44,no_feasible_candidate,,
VRPBLTW,45,no_feasible_candidate,,
VRPBLTW,46,no_feasible_candidate,,
VRPBLTW,47,no_feasible_candidate,,
VRPBLTW,48,no_feasible_candidate,,
VRPBLTW,49,no_feasible_candidate,,
VRPBLTW,50,no_feasible_candidate,,
VRPBLTW,51,no_feasible_candidate,,
VRPBLTW,52,ok,26.5285515149,20
VRPBLTW,53,no_feasible_candidate,,
VRPBLTW,54,ok,17.5015789108,17
VRPBLTW,55,no_feasible_candidate,,
VRPBLTW,56,no_feasible_candidate,,
VRPBLTW,57,ok,14.4063461190,14
VRPBLTW,58,no_feasible_candidate,,
VRPBLTW,59,no_feasible_candidate,,
VRPBLTW,60,no_feasible_candidate,,
VRPBLTW,61,no_feasible_candidate,,
VRPBLTW,62,ok,19.9132367074,20
VRPBLTW,63,no_feasible_candidate,,
VRPBLTW,64,no_feasible_candidate,,
VRPBLTW,65,no_feasible_candidate,,
VRPBLTW,66,no_feasible_candidate,,
VRPBLTW,67,no_feasible_candidate,,
VRPBLTW,68,no_feasible_candidate,,
VRPBLTW,69,no_feasible_candidate,,
VRPBLTW,70,no_feasible_candidate,,
VRPBLTW,71,no_feasible_candidate,,
VRPBLTW,72,no_feasible_candidate,,
VRPBLTW,73,no_feasible_candidate,,
VRPBLTW,74,no_feasible_candidate,,
VRPBLTW,75,no_feasible_candidate,,
VRPBLTW,76,no_feasible_candidate,,
VRPBLTW,77,ok,21.3739115881,19
VRPBLTW,78,ok,18.2199380300,14
VRPBLTW,79,ok,21.8043921185,16
VRPBLTW,80,no_feasible_candidate,,
VRPBLTW,81,no_feasible_candidate,,
VRPBLTW,82,no_feasible_candidate,,
VRPBLTW,83,ok,18.3695088262,17
VRPBLTW,84,no_feasible_candidate,,
VRPBLTW,85,no_feasible_candidate,,
VRPBLTW,86,ok,19.4911301918,17
VRPBLTW,87,no_feasible_candidate,,
VRPBLTW,88,no_feasible_candidate,,
VRPBLTW,89,ok,17.4333779868,14
VRPBLTW,90,no_feasible_candidate,,
VRPBLTW,91,no_feasible_candidate,,
VRPBLTW,92,no_feasible_candidate,,
VRPBLTW,93,ok,16.1329031026,15
VRPBLTW,94,ok,24.2437305097,17
VRPBLTW,95,no_feasible_candidate,,
VRPBLTW,96,no_feasible_candidate,,
VRPBLTW,97,no_feasible_candidate,,
VRPBLTW,98,ok,17.5269180054,13
VRPBLTW,99,no_feasible_candidate,,
VRPBLTW,100,no_feasible_candidate,,
VRPBLTW,101,no_feasible_candidate,,
VRPBLTW,102,ok,23.7564558484,18
VRPBLTW,103,no_feasible_candidate,,
VRPBLTW,104,no_feasible_candidate,,
VRPBLTW,105,no_feasible_candidate,,
VRPBLTW,106,no_feasible_candidate,,
VRPBLTW,107,ok,17.4774812010,17
VRPBLTW,108,no_feasible_candidate,,
VRPBLTW,109,no_feasible_candidate,,
VRPBLTW,110,no_feasible_candidate,,
VRPBLTW,111,no_feasible_candidate,,
VRPBLTW,112,no_feasible_candidate,,
VRPBLTW,113,no_feasible_candidate,,
VRPBLTW,114,no_feasible_candidate,,
VRPBLTW,115,no_feasible_candidate,,
VRPBLTW,116,no_feasible_candidate,,
VRPBLTW,117,no_feasible_candidate,,
VRPBLTW,118,ok,20.4333202355,18
VRPBLTW,119,no_feasible_candidate,,
VRPBLTW,120,no_feasible_candidate,,
VRPBLTW,121,no_feasible_candidate,,
VRPBLTW,122,no_feasible_candidate,,
VRPBLTW,123,no_feasible_candidate,,
VRPBLTW,124,no_feasible_candidate,,
VRPBLTW,125,no_feasible_candidate,,
VRPBLTW,126,no_feasible_candidate,,
VRPBLTW,127,no_feasible_candidate,,
VRPBLTW,128,no_feasible_candidate,,
VRPBLTW,129,ok,15.6686606130,16
VRPBLTW,130,no_feasible_candidate,,
VRPBLTW,131,no_feasible_candidate,,
VRPBLTW,132,ok,23.2500726342,17
VRPBLTW,133,no_feasible_candidate,,
VRPBLTW,134,no_feasible_candidate,,
VRPBLTW,135,no_feasible_candidate,,
VRPBLTW,136,no_feasible_candidate,,
VRPBLTW,137,no_feasible_candidate,,
VRPBLTW,138,no_feasible_candidate,,
VRPBLTW,139,no_feasible_candidate,,
VRPBLTW,140,no_feasible_candidate,,
VRPBLTW,141,no_feasible_candidate,,
VRPBLTW,142,no_feasible_candidate,,
VRPBLTW,143,ok,22.6253455122,16
VRPBLTW,144,no_feasible_candidate,,
VRPBLTW,145,no_feasible_candidate,,
VRPBLTW,146,no_feasible_candidate,,
VRPBLTW,147,no_feasible_candidate,,
VRPBLTW,148,no_feasible_candidate,,
VRPBLTW,149,no_feasible_candidate,,
VRPBLTW,150,no_feasible_candidate,,
VRPBLTW,151,no_feasible_candidate,,
VRPBLTW,152,no_feasible_candidate,,
VRPBLTW,153,ok,21.3810159790,15
VRPBLTW,154,ok,26.3954540035,17
VRPBLTW,155,no_feasible_candidate,,
VRPBLTW,156,no_feasible_candidate,,
VRPBLTW,157,no_feasible_candidate,,
VRPBLTW,158,no_feasible_candidate,,
VRPBLTW,159,no_feasible_candidate,,
VRPBLTW,160,no_feasible_candidate,,
VRPBLTW,161,no_feasible_candidate,,
VRPBLTW,162,no_feasible_candidate,,
VRPBLTW,163,no_feasible_candidate,,
VRPBLTW,164,no_feasible_candidate,,
VRPBLTW,165,no_feasible_candidate,,
VRPBLTW,166,no_feasible_candidate,,
VRPBLTW,167,ok,19.8877166019,16
VRPBLTW,168,no_feasible_candidate,,
VRPBLTW,169,ok,20.9973549829,16
VRPBLTW,170,ok,19.5971368703,18
VRPBLTW,171,no_feasible_candidate,,
VRPBLTW,172,no_feasible_candidate,,
VRPBLTW,173,no_feasible_candidate,,
VRPBLTW,174,no_feasible_candidate,,
VRPBLTW,175,no_feasible_candidate,,
VRPBLTW,176,no_feasible_candidate,,
VRPBLTW,177,no_feasible_candidate,,
VRPBLTW,178,no_feasible_candidate,,
VRPBLTW,179,no_feasible_candidate,,
VRPBLTW,180,ok,18.9083647420,15
VRPBLTW,181,no_feasible_candidate,,
VRPBLTW,182,no_feasible_candidate,,
VRPBLTW,183,no_feasible_candidate,,
VRPBLTW,184,no_feasible_candidate,,
VRPBLTW,185,no_feasible_candidate,,
VRPBLTW,186,no_feasible_candidate,,
VRPBLTW,187,no_feasible_candidate,,
VRPBLTW,188,no_feasible_candidate,,
VRPBLTW,189,no_feasible_candidate,,
VRPBLTW,190,no_feasible_candidate,,
VRPBLTW,191,ok,19.7091094833,17
VRPBLTW,192,no_feasible_candidate,,
VRPBLTW,193,no_feasible_candidate,,
VRPBLTW,194,no_feasible_candidate,,
VRPBLTW,195,ok,22.3320038324,16
VRPBLTW,196,ok,21.2044085790,17
VRPBLTW,197,ok,22.3977312788,15
VRPBLTW,198,no_feasible_candidate,,
VRPBLTW,199,no_feasible_candidate,,
VRPBLTW,200,no_feasible_candidate,,
VRPBLTW,201,ok,22.3178859874,17
VRPBLTW,202,no_feasible_candidate,,
VRPBLTW,203,no_feasible_candidate,,
VRPBLTW,204,ok,19.1347881659,16
VRPBLTW,205,no_feasible_candidate,,
VRPBLTW,206,no_feasible_candidate,,
VRPBLTW,207,no_feasible_candidate,,
VRPBLTW,208,no_feasible_candidate,,
VRPBLTW,209,no_feasible_candidate,,
VRPBLTW,210,no_feasible_candidate,,
VRPBLTW,211,no_feasible_candidate,,
VRPBLTW,212,no_feasible_candidate,,
VRPBLTW,213,no_feasible_candidate,,
VRPBLTW,214,ok,18.0050721054,16
VRPBLTW,215,no_feasible_candidate,,
VRPBLTW,216,no_feasible_candidate,,
VRPBLTW,217,ok,15.1498071054,14
VRPBLTW,218,no_feasible_candidate,,
VRPBLTW,219,no_feasible_candidate,,
VRPBLTW,220,ok,19.6521711422,16
VRPBLTW,221,no_feasible_candidate,,
VRPBLTW,222,ok,19.0330974221,18
VRPBLTW,223,no_feasible_candidate,,
VRPBLTW,224,no_feasible_candidate,,
VRPBLTW,225,no_feasible_candidate,,
VRPBLTW,226,ok,15.5067242781,17
VRPBLTW,227,ok,14.7672830720,14
VRPBLTW,228,no_feasible_candidate,,
VRPBLTW,229,no_feasible_candidate,,
VRPBLTW,230,no_feasible_candidate,,
VRPBLTW,231,no_feasible_candidate,,
VRPBLTW,232,no_feasible_candidate,,
VRPBLTW,233,no_feasible_candidate,,
VRPBLTW,234,no_feasible_candidate,,
VRPBLTW,235,ok,21.8230468908,16
VRPBLTW,236,no_feasible_candidate,,
VRPBLTW,237,no_feasible_candidate,,
VRPBLTW,238,no_feasible_candidate,,
VRPBLTW,239,no_feasible_candidate,,
VRPBLTW,240,ok,17.8510384468,17
VRPBLTW,241,ok,29.1703777551,18
VRPBLTW,242,no_feasible_candidate,,
VRPBLTW,243,no_feasible_candidate,,
VRPBLTW,244,no_feasible_candidate,,
VRPBLTW,245,ok,26.4427509995,18
VRPBLTW,246,ok,23.9126754787,18
VRPBLTW,247,no_feasible_candidate,,
VRPBLTW,248,no_feasible_candidate,,
VRPBLTW,249,no_feasible_candidate,,
VRPBLTW,250,no_feasible_candidate,,
VRPBLTW,251,ok,15.6595621836,14
VRPBLTW,252,ok,19.4527826013,15
VRPBLTW,253,no_feasible_candidate,,
VRPBLTW,254,no_feasible_candidate,,
VRPBLTW,255,ok,18.4758402675,15
VRPBLTW,256,ok,15.7627846496,14
VRPBLTW,257,no_feasible_candidate,,
VRPBLTW,258,no_feasible_candidate,,
VRPBLTW,259,no_feasible_candidate,,
VRPBLTW,260,no_feasible_candidate,,
VRPBLTW,261,no_feasible_candidate,,
VRPBLTW,262,no_feasible_candidate,,
VRPBLTW,263,no_feasible_candidate,,
VRPBLTW,264,ok,14.3802950454,16
VRPBLTW,265,no_feasible_candidate,,
VRPBLTW,266,no_feasible_candidate,,
VRPBLTW,267,no_feasible_candidate,,
VRPBLTW,268,no_feasible_candidate,,
VRPBLTW,269,no_feasible_candidate,,
VRPBLTW,270,no_feasible_candidate,,
VRPBLTW,271,no_feasible_candidate,,
VRPBLTW,272,no_feasible_candidate,,
VRPBLTW,273,no_feasible_candidate,,
VRPBLTW,274,no_feasible_candidate,,
VRPBLTW,275,no_feasible_candidate,,
VRPBLTW,276,no_feasible_candidate,,
VRPBLTW,277,no_feasible_candidate,,
VRPBLTW,278,no_feasible_candidate,,
VRPBLTW,279,no_feasible_candidate,,
VRPBLTW,280,no_feasible_candidate,,
VRPBLTW,281,no_feasible_candidate,,
VRPBLTW,282,no_feasible_candidate,,
VRPBLTW,283,no_feasible_candidate,,
VRPBLTW,284,no_feasible_candidate,,
VRPBLTW,285,no_feasible_candidate,,
VRPBLTW,286,no_feasible_candidate,,
VRPBLTW,287,ok,20.1770652740,17
VRPBLTW,288,no_feasible_candidate,,
VRPBLTW,289,no_feasible_candidate,,
VRPBLTW,290,no_feasible_candidate,,
VRPBLTW,291,no_feasible_candidate,,
VRPBLTW,292,no_feasible_candidate,,
VRPBLTW,293,no_feasible_candidate,,
VRPBLTW,294,no_feasible_candidate,,
VRPBLTW,295,no_feasible_candidate,,
VRPBLTW,296,ok,25.6967749664,19
VRPBLTW,297,no_feasible_candidate,,
VRPBLTW,298,no_feasible_candidate,,
VRPBLTW,299,no_feasible_candidate,,
VRPBLTW,300,ok,14.1202720122,16
VRPBLTW,301,no_feasible_candidate,,
VRPBLTW,302,no_feasible_candidate,,
VRPBLTW,303,no_feasible_candidate,,
VRPBLTW,304,no_feasible_candidate,,
VRPBLTW,305,no_feasible_candidate,,
VRPBLTW,306,no_feasible_candidate,,
VRPBLTW,307,no_feasible_candidate,,
VRPBLTW,308,no_feasible_candidate,,
VRPBLTW,309,no_feasible_candidate,,
VRPBLTW,310,ok,40.8188003051,23
VRPBLTW,311,no_feasible_candidate,,
VRPBLTW,312,no_feasible_candidate,,
VRPBLTW,313,no_feasible_candidate,,
VRPBLTW,314,no_feasible_candidate,,
VRPBLTW,315,ok,21.1148548871,17
VRPBLTW,316,no_feasible_candidate,,
VRPBLTW,317,no_feasible_candidate,,
VRPBLTW,318,no_feasible_candidate,,
VRPBLTW,319,no_feasible_candidate,,
VRPBLTW,320,no_feasible_candidate,,
VRPBLTW,321,no_feasible_candidate,,
VRPBLTW,322,no_feasible_candidate,,
VRPBLTW,323,no_feasible_candidate,,
VRPBLTW,324,ok,16.8936000492,16
VRPBLTW,325,no_feasible_candidate,,
VRPBLTW,326,no_feasible_candidate,,
VRPBLTW,327,no_feasible_candidate,,
VRPBLTW,328,ok,24.0049538122,16
VRPBLTW,329,no_feasible_candidate,,
VRPBLTW,330,no_feasible_candidate,,
VRPBLTW,331,no_feasible_candidate,,
VRPBLTW,332,no_feasible_candidate,,
VRPBLTW,333,no_feasible_candidate,,
VRPBLTW,334,no_feasible_candidate,,
VRPBLTW,335,ok,18.4414087045,15
VRPBLTW,336,no_feasible_candidate,,
VRPBLTW,337,no_feasible_candidate,,
VRPBLTW,338,no_feasible_candidate,,
VRPBLTW,339,no_feasible_candidate,,
VRPBLTW,340,no_feasible_candidate,,
VRPBLTW,341,no_feasible_candidate,,
VRPBLTW,342,no_feasible_candidate,,
VRPBLTW,343,no_feasible_candidate,,
VRPBLTW,344,no_feasible_candidate,,
VRPBLTW,345,no_feasible_candidate,,
VRPBLTW,346,no_feasible_candidate,,
VRPBLTW,347,ok,19.9776211374,14
VRPBLTW,348,no_feasible_candidate,,
VRPBLTW,349,no_feasible_candidate,,
VRPBLTW,350,no_feasible_candidate,,
VRPBLTW,351,no_feasible_candidate,,
VRPBLTW,352,no_feasible_candidate,,
VRPBLTW,353,no_feasible_candidate,,
VRPBLTW,354,ok,18.2825432790,17
VRPBLTW,355,no_feasible_candidate,,
VRPBLTW,356,ok,13.9071927443,14
VRPBLTW,357,no_feasible_candidate,,
VRPBLTW,358,no_feasible_candidate,,
VRPBLTW,359,ok,22.7390813663,18
VRPBLTW,360,ok,26.1912567997,17
VRPBLTW,361,no_feasible_candidate,,
VRPBLTW,362,no_feasible_candidate,,
VRPBLTW,363,ok,19.5664397111,16
VRPBLTW,364,no_feasible_candidate,,
VRPBLTW,365,no_feasible_candidate,,
VRPBLTW,366,ok,19.5691359000,16
VRPBLTW,367,no_feasible_candidate,,
VRPBLTW,368,no_feasible_candidate,,
VRPBLTW,369,no_feasible_candidate,,
VRPBLTW,370,ok,23.0297515539,16
VRPBLTW,371,no_feasible_candidate,,
VRPBLTW,372,no_feasible_candidate,,
VRPBLTW,373,ok,19.1060543437,17
VRPBLTW,374,ok,19.6963499799,16
VRPBLTW,375,no_feasible_candidate,,
VRPBLTW,376,no_feasible_candidate,,
VRPBLTW,377,ok,29.6581160531,18
VRPBLTW,378,no_feasible_candidate,,
VRPBLTW,379,no_feasible_candidate,,
VRPBLTW,380,no_feasible_candidate,,
VRPBLTW,381,ok,29.2770276347,17
VRPBLTW,382,ok,26.3218025794,18
VRPBLTW,383,no_feasible_candidate,,
VRPBLTW,384,no_feasible_candidate,,
VRPBLTW,385,no_feasible_candidate,,
VRPBLTW,386,no_feasible_candidate,,
VRPBLTW,387,no_feasible_candidate,,
VRPBLTW,388,ok,28.2615828300,20
VRPBLTW,389,ok,21.1099693600,15
VRPBLTW,390,no_feasible_candidate,,
VRPBLTW,391,no_feasible_candidate,,
VRPBLTW,392,no_feasible_candidate,,
VRPBLTW,393,no_feasible_candidate,,
VRPBLTW,394,no_feasible_candidate,,
VRPBLTW,395,ok,17.0048309070,16
VRPBLTW,396,no_feasible_candidate,,
VRPBLTW,397,no_feasible_candidate,,
VRPBLTW,398,ok,20.7238503273,16
VRPBLTW,399,no_feasible_candidate,,
VRPBLTW,400,no_feasible_candidate,,
VRPBLTW,401,no_feasible_candidate,,
VRPBLTW,402,no_feasible_candidate,,
VRPBLTW,403,no_feasible_candidate,,
VRPBLTW,404,no_feasible_candidate,,
VRPBLTW,405,no_feasible_candidate,,
VRPBLTW,406,no_feasible_candidate,,
VRPBLTW,407,ok,16.9561889610,16
VRPBLTW,408,no_feasible_candidate,,
VRPBLTW,409,ok,25.2427743105,16
VRPBLTW,410,no_feasible_candidate,,
VRPBLTW,411,no_feasible_candidate,,
VRPBLTW,412,no_feasible_candidate,,
VRPBLTW,413,no_feasible_candidate,,
VRPBLTW,414,ok,22.6523093153,18
VRPBLTW,415,ok,19.1074865545,16
VRPBLTW,416,no_feasible_candidate,,
VRPBLTW,417,no_feasible_candidate,,
VRPBLTW,418,no_feasible_candidate,,
VRPBLTW,419,no_feasible_candidate,,
VRPBLTW,420,no_feasible_candidate,,
VRPBLTW,421,no_feasible_candidate,,
VRPBLTW,422,no_feasible_candidate,,
VRPBLTW,423,no_feasible_candidate,,
VRPBLTW,424,no_feasible_candidate,,
VRPBLTW,425,no_feasible_candidate,,
VRPBLTW,426,ok,20.1773292613,18
VRPBLTW,427,no_feasible_candidate,,
VRPBLTW,428,no_feasible_candidate,,
VRPBLTW,429,no_feasible_candidate,,
VRPBLTW,430,no_feasible_candidate,,
VRPBLTW,431,no_feasible_candidate,,
VRPBLTW,432,no_feasible_candidate,,
VRPBLTW,433,no_feasible_candidate,,
VRPBLTW,434,no_feasible_candidate,,
VRPBLTW,435,no_feasible_candidate,,
VRPBLTW,436,no_feasible_candidate,,
VRPBLTW,437,no_feasible_candidate,,
VRPBLTW,438,no_feasible_candidate,,
VRPBLTW,439,no_feasible_candidate,,
VRPBLTW,440,no_feasible_candidate,,
VRPBLTW,441,no_feasible_candidate,,
VRPBLTW,442,ok,25.3541181032,18
VRPBLTW,443,no_feasible_candidate,,
VRPBLTW,444,no_feasible_candidate,,
VRPBLTW,445,no_feasible_candidate,,
VRPBLTW,446,ok,23.7390791344,18
VRPBLTW,447,no_feasible_candidate,,
VRPBLTW,448,no_feasible_candidate,,
VRPBLTW,449,no_feasible_candidate,,
VRPBLTW,450,no_feasible_candidate,,
VRPBLTW,451,no_feasible_candidate,,
VRPBLTW,452,no_feasible_candidate,,
VRPBLTW,453,no_feasible_candidate,,
VRPBLTW,454,no_feasible_candidate,,
VRPBLTW,455,no_feasible_candidate,,
VRPBLTW,456,no_feasible_candidate,,
VRPBLTW,457,no_feasible_candidate,,
VRPBLTW,458,no_feasible_candidate,,
VRPBLTW,459,no_feasible_candidate,,
VRPBLTW,460,no_feasible_candidate,,
VRPBLTW,461,no_feasible_candidate,,
VRPBLTW,462,no_feasible_candidate,,
VRPBLTW,463,no_feasible_candidate,,
VRPBLTW,464,no_feasible_candidate,,
VRPBLTW,465,no_feasible_candidate,,
VRPBLTW,466,ok,19.8313667284,14
VRPBLTW,467,no_feasible_candidate,,
VRPBLTW,468,no_feasible_candidate,,
VRPBLTW,469,no_feasible_candidate,,
VRPBLTW,470,ok,23.6944850620,18
VRPBLTW,471,no_feasible_candidate,,
VRPBLTW,472,no_feasible_candidate,,
VRPBLTW,473,no_feasible_candidate,,
VRPBLTW,474,no_feasible_candidate,,
VRPBLTW,475,no_feasible_candidate,,
VRPBLTW,476,no_feasible_candidate,,
VRPBLTW,477,no_feasible_candidate,,
VRPBLTW,478,ok,19.5792108915,15
VRPBLTW,479,no_feasible_candidate,,
VRPBLTW,480,no_feasible_candidate,,
VRPBLTW,481,no_feasible_candidate,,
VRPBLTW,482,no_feasible_candidate,,
VRPBLTW,483,no_feasible_candidate,,
VRPBLTW,484,ok,23.5643026156,17
VRPBLTW,485,no_feasible_candidate,,
VRPBLTW,486,no_feasible_candidate,,
VRPBLTW,487,no_feasible_candidate,,
VRPBLTW,488,no_feasible_candidate,,
VRPBLTW,489,no_feasible_candidate,,
VRPBLTW,490,no_feasible_candidate,,
VRPBLTW,491,no_feasible_candidate,,
VRPBLTW,492,no_feasible_candidate,,
VRPBLTW,493,no_feasible_candidate,,
VRPBLTW,494,no_feasible_candidate,,
VRPBLTW,495,no_feasible_candidate,,
VRPBLTW,496,no_feasible_candidate,,
VRPBLTW,497,no_feasible_candidate,,
VRPBLTW,498,ok,24.3954247404,16
VRPBLTW,499,no_feasible_candidate,,
VRPBLTW,500,ok,27.5431423146,17
VRPBLTW,501,no_feasible_candidate,,
VRPBLTW,502,no_feasible_candidate,,
VRPBLTW,503,no_feasible_candidate,,
VRPBLTW,504,no_feasible_candidate,,
VRPBLTW,505,no_feasible_candidate,,
VRPBLTW,506,no_feasible_candidate,,
VRPBLTW,507,no_feasible_candidate,,
VRPBLTW,508,no_feasible_candidate,,
VRPBLTW,509,ok,19.1862533730,14
VRPBLTW,510,no_feasible_candidate,,
VRPBLTW,511,ok,17.7748305109,17
VRPBLTW,512,no_feasible_candidate,,
VRPBLTW,513,no_feasible_candidate,,
VRPBLTW,514,no_feasible_candidate,,
VRPBLTW,515,no_feasible_candidate,,
VRPBLTW,516,no_feasible_candidate,,
VRPBLTW,517,no_feasible_candidate,,
VRPBLTW,518,no_feasible_candidate,,
VRPBLTW,519,no_feasible_candidate,,
VRPBLTW,520,no_feasible_candidate,,
VRPBLTW,521,no_feasible_candidate,,
VRPBLTW,522,no_feasible_candidate,,
VRPBLTW,523,no_feasible_candidate,,
VRPBLTW,524,ok,16.7133912907,15
VRPBLTW,525,no_feasible_candidate,,
VRPBLTW,526,no_feasible_candidate,,
VRPBLTW,527,ok,19.8224909097,16
VRPBLTW,528,no_feasible_candidate,,
VRPBLTW,529,no_feasible_candidate,,
VRPBLTW,530,no_feasible_candidate,,
VRPBLTW,531,ok,26.0971992235,21
VRPBLTW,532,no_feasible_candidate,,
VRPBLTW,533,no_feasible_candidate,,
VRPBLTW,534,no_feasible_candidate,,
VRPBLTW,535,no_feasible_candidate,,
VRPBLTW,536,no_feasible_candidate,,
VRPBLTW,537,no_feasible_candidate,,
VRPBLTW,538,ok,16.2630476220,14
VRPBLTW,539,ok,21.0137441654,18
VRPBLTW,540,no_feasible_candidate,,
VRPBLTW,541,no_feasible_candidate,,
VRPBLTW,542,no_feasible_candidate,,
VRPBLTW,543,no_feasible_candidate,,
VRPBLTW,544,no_feasible_candidate,,
VRPBLTW,545,no_feasible_candidate,,
VRPBLTW,546,no_feasible_candidate,,
VRPBLTW,547,ok,17.4505498387,15
VRPBLTW,548,no_feasible_candidate,,
VRPBLTW,549,no_feasible_candidate,,
VRPBLTW,550,no_feasible_candidate,,
VRPBLTW,551,no_feasible_candidate,,
VRPBLTW,552,no_feasible_candidate,,
VRPBLTW,553,no_feasible_candidate,,
VRPBLTW,554,no_feasible_candidate,,
VRPBLTW,555,no_feasible_candidate,,
VRPBLTW,556,no_feasible_candidate,,
VRPBLTW,557,ok,20.2145986672,15
VRPBLTW,558,no_feasible_candidate,,
VRPBLTW,559,no_feasible_candidate,,
VRPBLTW,560,no_feasible_candidate,,
VRPBLTW,561,no_feasible_candidate,,
VRPBLTW,562,ok,20.7485314961,17
VRPBLTW,563,no_feasible_candidate,,
VRPBLTW,564,no_feasible_candidate,,
VRPBLTW,565,no_feasible_candidate,,
VRPBLTW,566,no_feasible_candidate,,
VRPBLTW,567,no_feasible_candidate,,
VRPBLTW,568,no_feasible_candidate,,
VRPBLTW,569,no_feasible_candidate,,
VRPBLTW,570,no_feasible_candidate,,
VRPBLTW,571,no_feasible_candidate,,
VRPBLTW,572,ok,23.1059195400,18
VRPBLTW,573,no_feasible_candidate,,
VRPBLTW,574,no_feasible_candidate,,
VRPBLTW,575,ok,20.7690350075,16
VRPBLTW,576,ok,20.4237647570,16
VRPBLTW,577,no_feasible_candidate,,
VRPBLTW,578,no_feasible_candidate,,
VRPBLTW,579,no_feasible_candidate,,
VRPBLTW,580,no_feasible_candidate,,
VRPBLTW,581,no_feasible_candidate,,
VRPBLTW,582,no_feasible_candidate,,
VRPBLTW,583,no_feasible_candidate,,
VRPBLTW,584,no_feasible_candidate,,
VRPBLTW,585,no_feasible_candidate,,
VRPBLTW,586,no_feasible_candidate,,
VRPBLTW,587,no_feasible_candidate,,
VRPBLTW,588,ok,25.8932142781,17
VRPBLTW,589,no_feasible_candidate,,
VRPBLTW,590,no_feasible_candidate,,
VRPBLTW,591,no_feasible_candidate,,
VRPBLTW,592,no_feasible_candidate,,
VRPBLTW,593,no_feasible_candidate,,
VRPBLTW,594,no_feasible_candidate,,
VRPBLTW,595,no_feasible_candidate,,
VRPBLTW,596,no_feasible_candidate,,
VRPBLTW,597,no_feasible_candidate,,
VRPBLTW,598,no_feasible_candidate,,
VRPBLTW,599,ok,26.8696004241,19
VRPBLTW,600,no_feasible_candidate,,
VRPBLTW,601,no_feasible_candidate,,
VRPBLTW,602,no_feasible_candidate,,
VRPBLTW,603,no_feasible_candidate,,
VRPBLTW,604,no_feasible_candidate,,
VRPBLTW,605,no_feasible_candidate,,
VRPBLTW,606,no_feasible_candidate,,
VRPBLTW,607,no_feasible_candidate,,
VRPBLTW,608,no_feasible_candidate,,
VRPBLTW,609,no_feasible_candidate,,
VRPBLTW,610,no_feasible_candidate,,
VRPBLTW,611,no_feasible_candidate,,
VRPBLTW,612,ok,25.6754922801,16
VRPBLTW,613,no_feasible_candidate,,
VRPBLTW,614,no_feasible_candidate,,
VRPBLTW,615,no_feasible_candidate,,
VRPBLTW,616,no_feasible_candidate,,
VRPBLTW,617,ok,19.8927035257,15
VRPBLTW,618,no_feasible_candidate,,
VRPBLTW,619,no_feasible_candidate,,
VRPBLTW,620,no_feasible_candidate,,
VRPBLTW,621,ok,16.1893377187,17
VRPBLTW,622,no_feasible_candidate,,
VRPBLTW,623,no_feasible_candidate,,
VRPBLTW,624,ok,19.7226877129,18
VRPBLTW,625,no_feasible_candidate,,
VRPBLTW,626,ok,26.8210811407,19
VRPBLTW,627,no_feasible_candidate,,
VRPBLTW,628,no_feasible_candidate,,
VRPBLTW,629,no_feasible_candidate,,
VRPBLTW,630,no_feasible_candidate,,
VRPBLTW,631,ok,18.8434841930,17
VRPBLTW,632,ok,25.8681414281,18
VRPBLTW,633,no_feasible_candidate,,
VRPBLTW,634,no_feasible_candidate,,
VRPBLTW,635,ok,26.3074769344,18
VRPBLTW,636,no_feasible_candidate,,
VRPBLTW,637,no_feasible_candidate,,
VRPBLTW,638,ok,20.5085301197,16
VRPBLTW,639,no_feasible_candidate,,
VRPBLTW,640,no_feasible_candidate,,
VRPBLTW,641,no_feasible_candidate,,
VRPBLTW,642,ok,14.3233464657,14
VRPBLTW,643,no_feasible_candidate,,
VRPBLTW,644,no_feasible_candidate,,
VRPBLTW,645,no_feasible_candidate,,
VRPBLTW,646,ok,17.3742004360,14
VRPBLTW,647,ok,17.1039133000,14
VRPBLTW,648,no_feasible_candidate,,
VRPBLTW,649,no_feasible_candidate,,
VRPBLTW,650,no_feasible_candidate,,
VRPBLTW,651,no_feasible_candidate,,
VRPBLTW,652,no_feasible_candidate,,
VRPBLTW,653,no_feasible_candidate,,
VRPBLTW,654,no_feasible_candidate,,
VRPBLTW,655,no_feasible_candidate,,
VRPBLTW,656,no_feasible_candidate,,
VRPBLTW,657,no_feasible_candidate,,
VRPBLTW,658,no_feasible_candidate,,
VRPBLTW,659,no_feasible_candidate,,
VRPBLTW,660,no_feasible_candidate,,
VRPBLTW,661,no_feasible_candidate,,
VRPBLTW,662,no_feasible_candidate,,
VRPBLTW,663,no_feasible_candidate,,
VRPBLTW,664,no_feasible_candidate,,
VRPBLTW,665,no_feasible_candidate,,
VRPBLTW,666,no_feasible_candidate,,
VRPBLTW,667,no_feasible_candidate,,
VRPBLTW,668,ok,14.8273830179,14
VRPBLTW,669,no_feasible_candidate,,
VRPBLTW,670,no_feasible_candidate,,
VRPBLTW,671,ok,24.9941238610,18
VRPBLTW,672,no_feasible_candidate,,
VRPBLTW,673,no_feasible_candidate,,
VRPBLTW,674,no_feasible_candidate,,
VRPBLTW,675,no_feasible_candidate,,
VRPBLTW,676,no_feasible_candidate,,
VRPBLTW,677,no_feasible_candidate,,
VRPBLTW,678,no_feasible_candidate,,
VRPBLTW,679,no_feasible_candidate,,
VRPBLTW,680,no_feasible_candidate,,
VRPBLTW,681,no_feasible_candidate,,
VRPBLTW,682,no_feasible_candidate,,
VRPBLTW,683,no_feasible_candidate,,
VRPBLTW,684,no_feasible_candidate,,
VRPBLTW,685,no_feasible_candidate,,
VRPBLTW,686,no_feasible_candidate,,
VRPBLTW,687,no_feasible_candidate,,
VRPBLTW,688,no_feasible_candidate,,
VRPBLTW,689,no_feasible_candidate,,
VRPBLTW,690,no_feasible_candidate,,
VRPBLTW,691,no_feasible_candidate,,
VRPBLTW,692,no_feasible_candidate,,
VRPBLTW,693,no_feasible_candidate,,
VRPBLTW,694,no_feasible_candidate,,
VRPBLTW,695,no_feasible_candidate,,
VRPBLTW,696,ok,19.3061463074,15
VRPBLTW,697,no_feasible_candidate,,
VRPBLTW,698,no_feasible_candidate,,
VRPBLTW,699,no_feasible_candidate,,
VRPBLTW,700,no_feasible_candidate,,
VRPBLTW,701,no_feasible_candidate,,
VRPBLTW,702,no_feasible_candidate,,
VRPBLTW,703,no_feasible_candidate,,
VRPBLTW,704,no_feasible_candidate,,
VRPBLTW,705,ok,24.7947964106,17
VRPBLTW,706,no_feasible_candidate,,
VRPBLTW,707,no_feasible_candidate,,
VRPBLTW,708,no_feasible_candidate,,
VRPBLTW,709,no_feasible_candidate,,
VRPBLTW,710,no_feasible_candidate,,
VRPBLTW,711,no_feasible_candidate,,
VRPBLTW,712,no_feasible_candidate,,
VRPBLTW,713,ok,22.0720491582,17
VRPBLTW,714,no_feasible_candidate,,
VRPBLTW,715,no_feasible_candidate,,
VRPBLTW,716,ok,18.7820211105,16
VRPBLTW,717,no_feasible_candidate,,
VRPBLTW,718,no_feasible_candidate,,
VRPBLTW,719,ok,18.5126961092,18
VRPBLTW,720,no_feasible_candidate,,
VRPBLTW,721,no_feasible_candidate,,
VRPBLTW,722,no_feasible_candidate,,
VRPBLTW,723,no_feasible_candidate,,
VRPBLTW,724,no_feasible_candidate,,
VRPBLTW,725,no_feasible_candidate,,
VRPBLTW,726,no_feasible_candidate,,
VRPBLTW,727,no_feasible_candidate,,
VRPBLTW,728,no_feasible_candidate,,
VRPBLTW,729,no_feasible_candidate,,
VRPBLTW,730,no_feasible_candidate,,
VRPBLTW,731,no_feasible_candidate,,
VRPBLTW,732,no_feasible_candidate,,
VRPBLTW,733,no_feasible_candidate,,
VRPBLTW,734,no_feasible_candidate,,
VRPBLTW,735,no_feasible_candidate,,
VRPBLTW,736,ok,19.5640783794,17
VRPBLTW,737,no_feasible_candidate,,
VRPBLTW,738,no_feasible_candidate,,
VRPBLTW,739,no_feasible_candidate,,
VRPBLTW,740,no_feasible_candidate,,
VRPBLTW,741,ok,18.3357534929,18
VRPBLTW,742,no_feasible_candidate,,
VRPBLTW,743,no_feasible_candidate,,
VRPBLTW,744,no_feasible_candidate,,
VRPBLTW,745,ok,23.5957552892,17
VRPBLTW,746,no_feasible_candidate,,
VRPBLTW,747,no_feasible_candidate,,
VRPBLTW,748,no_feasible_candidate,,
VRPBLTW,749,no_feasible_candidate,,
VRPBLTW,750,no_feasible_candidate,,
VRPBLTW,751,no_feasible_candidate,,
VRPBLTW,752,no_feasible_candidate,,
VRPBLTW,753,no_feasible_candidate,,
VRPBLTW,754,no_feasible_candidate,,
VRPBLTW,755,no_feasible_candidate,,
VRPBLTW,756,no_feasible_candidate,,
VRPBLTW,757,ok,25.8920855961,19
VRPBLTW,758,no_feasible_candidate,,
VRPBLTW,759,no_feasible_candidate,,
VRPBLTW,760,no_feasible_candidate,,
VRPBLTW,761,no_feasible_candidate,,
VRPBLTW,762,no_feasible_candidate,,
VRPBLTW,763,no_feasible_candidate,,
VRPBLTW,764,no_feasible_candidate,,
VRPBLTW,765,no_feasible_candidate,,
VRPBLTW,766,no_feasible_candidate,,
VRPBLTW,767,no_feasible_candidate,,
VRPBLTW,768,no_feasible_candidate,,
VRPBLTW,769,no_feasible_candidate,,
VRPBLTW,770,no_feasible_candidate,,
VRPBLTW,771,no_feasible_candidate,,
VRPBLTW,772,no_feasible_candidate,,
VRPBLTW,773,no_feasible_candidate,,
VRPBLTW,774,no_feasible_candidate,,
VRPBLTW,775,no_feasible_candidate,,
VRPBLTW,776,no_feasible_candidate,,
VRPBLTW,777,no_feasible_candidate,,
VRPBLTW,778,no_feasible_candidate,,
VRPBLTW,779,ok,20.6376341903,17
VRPBLTW,780,no_feasible_candidate,,
VRPBLTW,781,no_feasible_candidate,,
VRPBLTW,782,ok,23.9992548717,17
VRPBLTW,783,no_feasible_candidate,,
VRPBLTW,784,no_feasible_candidate,,
VRPBLTW,785,no_feasible_candidate,,
VRPBLTW,786,ok,20.9912734632,17
VRPBLTW,787,no_feasible_candidate,,
VRPBLTW,788,no_feasible_candidate,,
VRPBLTW,789,no_feasible_candidate,,
VRPBLTW,790,ok,18.3171232426,18
VRPBLTW,791,no_feasible_candidate,,
VRPBLTW,792,no_feasible_candidate,,
VRPBLTW,793,no_feasible_candidate,,
VRPBLTW,794,no_feasible_candidate,,
VRPBLTW,795,no_feasible_candidate,,
VRPBLTW,796,no_feasible_candidate,,
VRPBLTW,797,no_feasible_candidate,,
VRPBLTW,798,no_feasible_candidate,,
VRPBLTW,799,no_feasible_candidate,,
VRPBLTW,800,no_feasible_candidate,,
VRPBLTW,801,no_feasible_candidate,,
VRPBLTW,802,ok,29.2260403014,17
VRPBLTW,803,no_feasible_candidate,,
VRPBLTW,804,ok,24.6286245128,18
VRPBLTW,805,no_feasible_candidate,,
VRPBLTW,806,no_feasible_candidate,,
VRPBLTW,807,ok,29.6545053594,20
VRPBLTW,808,no_feasible_candidate,,
VRPBLTW,809,no_feasible_candidate,,
VRPBLTW,810,no_feasible_candidate,,
VRPBLTW,811,no_feasible_candidate,,
VRPBLTW,812,no_feasible_candidate,,
VRPBLTW,813,no_feasible_candidate,,
VRPBLTW,814,no_feasible_candidate,,
VRPBLTW,815,ok,16.2439045923,16
VRPBLTW,816,no_feasible_candidate,,
VRPBLTW,817,no_feasible_candidate,,
VRPBLTW,818,no_feasible_candidate,,
VRPBLTW,819,no_feasible_candidate,,
VRPBLTW,820,no_feasible_candidate,,
VRPBLTW,821,ok,26.2545699023,17
VRPBLTW,822,no_feasible_candidate,,
VRPBLTW,823,no_feasible_candidate,,
VRPBLTW,824,no_feasible_candidate,,
VRPBLTW,825,no_feasible_candidate,,
VRPBLTW,826,no_feasible_candidate,,
VRPBLTW,827,ok,22.1858249098,17
VRPBLTW,828,ok,15.0887169057,14
VRPBLTW,829,no_feasible_candidate,,
VRPBLTW,830,no_feasible_candidate,,
VRPBLTW,831,no_feasible_candidate,,
VRPBLTW,832,no_feasible_candidate,,
VRPBLTW,833,no_feasible_candidate,,
VRPBLTW,834,no_feasible_candidate,,
VRPBLTW,835,no_feasible_candidate,,
VRPBLTW,836,no_feasible_candidate,,
VRPBLTW,837,no_feasible_candidate,,
VRPBLTW,838,no_feasible_candidate,,
VRPBLTW,839,no_feasible_candidate,,
VRPBLTW,840,ok,24.8119584403,17
VRPBLTW,841,ok,16.1476133938,13
VRPBLTW,842,no_feasible_candidate,,
VRPBLTW,843,no_feasible_candidate,,
VRPBLTW,844,no_feasible_candidate,,
VRPBLTW,845,no_feasible_candidate,,
VRPBLTW,846,no_feasible_candidate,,
VRPBLTW,847,no_feasible_candidate,,
VRPBLTW,848,ok,27.9908640359,19
VRPBLTW,849,no_feasible_candidate,,
VRPBLTW,850,no_feasible_candidate,,
VRPBLTW,851,no_feasible_candidate,,
VRPBLTW,852,no_feasible_candidate,,
VRPBLTW,853,no_feasible_candidate,,
VRPBLTW,854,no_feasible_candidate,,
VRPBLTW,855,no_feasible_candidate,,
VRPBLTW,856,no_feasible_candidate,,
VRPBLTW,857,no_feasible_candidate,,
VRPBLTW,858,no_feasible_candidate,,
VRPBLTW,859,no_feasible_candidate,,
VRPBLTW,860,no_feasible_candidate,,
VRPBLTW,861,ok,20.2751852586,17
VRPBLTW,862,no_feasible_candidate,,
VRPBLTW,863,no_feasible_candidate,,
VRPBLTW,864,no_feasible_candidate,,
VRPBLTW,865,no_feasible_candidate,,
VRPBLTW,866,no_feasible_candidate,,
VRPBLTW,867,no_feasible_candidate,,
VRPBLTW,868,no_feasible_candidate,,
VRPBLTW,869,no_feasible_candidate,,
VRPBLTW,870,ok,38.5295889791,22
VRPBLTW,871,no_feasible_candidate,,
VRPBLTW,872,no_feasible_candidate,,
VRPBLTW,873,no_feasible_candidate,,
VRPBLTW,874,no_feasible_candidate,,
VRPBLTW,875,no_feasible_candidate,,
VRPBLTW,876,no_feasible_candidate,,
VRPBLTW,877,no_feasible_candidate,,
VRPBLTW,878,no_feasible_candidate,,
VRPBLTW,879,no_feasible_candidate,,
VRPBLTW,880,ok,16.6410284977,16
VRPBLTW,881,no_feasible_candidate,,
VRPBLTW,882,no_feasible_candidate,,
VRPBLTW,883,ok,29.2646272500,20
VRPBLTW,884,no_feasible_candidate,,
VRPBLTW,885,no_feasible_candidate,,
VRPBLTW,886,no_feasible_candidate,,
VRPBLTW,887,no_feasible_candidate,,
VRPBLTW,888,no_feasible_candidate,,
VRPBLTW,889,ok,21.2867023476,16
VRPBLTW,890,ok,15.6512860468,16
VRPBLTW,891,no_feasible_candidate,,
VRPBLTW,892,ok,23.0573453964,19
VRPBLTW,893,no_feasible_candidate,,
VRPBLTW,894,no_feasible_candidate,,
VRPBLTW,895,no_feasible_candidate,,
VRPBLTW,896,no_feasible_candidate,,
VRPBLTW,897,no_feasible_candidate,,
VRPBLTW,898,no_feasible_candidate,,
VRPBLTW,899,ok,15.8190919317,15
VRPBLTW,900,no_feasible_candidate,,
VRPBLTW,901,no_feasible_candidate,,
VRPBLTW,902,no_feasible_candidate,,
VRPBLTW,903,no_feasible_candidate,,
VRPBLTW,904,no_feasible_candidate,,
VRPBLTW,905,no_feasible_candidate,,
VRPBLTW,906,no_feasible_candidate,,
VRPBLTW,907,no_feasible_candidate,,
VRPBLTW,908,no_feasible_candidate,,
VRPBLTW,909,no_feasible_candidate,,
VRPBLTW,910,no_feasible_candidate,,
VRPBLTW,911,no_feasible_candidate,,
VRPBLTW,912,no_feasible_candidate,,
VRPBLTW,913,no_feasible_candidate,,
VRPBLTW,914,no_feasible_candidate,,
VRPBLTW,915,no_feasible_candidate,,
VRPBLTW,916,no_feasible_candidate,,
VRPBLTW,917,no_feasible_candidate,,
VRPBLTW,918,no_feasible_candidate,,
VRPBLTW,919,no_feasible_candidate,,
VRPBLTW,920,no_feasible_candidate,,
VRPBLTW,921,no_feasible_candidate,,
VRPBLTW,922,no_feasible_candidate,,
VRPBLTW,923,no_feasible_candidate,,
VRPBLTW,924,no_feasible_candidate,,
VRPBLTW,925,no_feasible_candidate,,
VRPBLTW,926,no_feasible_candidate,,
VRPBLTW,927,ok,16.9461360072,14
VRPBLTW,928,no_feasible_candidate,,
VRPBLTW,929,ok,19.4230132002,17
VRPBLTW,930,no_feasible_candidate,,
VRPBLTW,931,no_feasible_candidate,,
VRPBLTW,932,ok,24.2092520983,18
VRPBLTW,933,no_feasible_candidate,,
VRPBLTW,934,ok,15.6236244317,17
VRPBLTW,935,no_feasible_candidate,,
VRPBLTW,936,no_feasible_candidate,,
VRPBLTW,937,no_feasible_candidate,,
VRPBLTW,938,no_feasible_candidate,,
VRPBLTW,939,no_feasible_candidate,,
VRPBLTW,940,no_feasible_candidate,,
VRPBLTW,941,no_feasible_candidate,,
VRPBLTW,942,no_feasible_candidate,,
VRPBLTW,943,no_feasible_candidate,,
VRPBLTW,944,ok,17.8503073346,16
VRPBLTW,945,no_feasible_candidate,,
VRPBLTW,946,no_feasible_candidate,,
VRPBLTW,947,no_feasible_candidate,,
VRPBLTW,948,no_feasible_candidate,,
VRPBLTW,949,no_feasible_candidate,,
VRPBLTW,950,no_feasible_candidate,,
VRPBLTW,951,no_feasible_candidate,,
VRPBLTW,952,no_feasible_candidate,,
VRPBLTW,953,no_feasible_candidate,,
VRPBLTW,954,no_feasible_candidate,,
VRPBLTW,955,no_feasible_candidate,,
VRPBLTW,956,no_feasible_candidate,,
VRPBLTW,957,ok,18.0781654825,17
VRPBLTW,958,ok,22.7042112048,18
VRPBLTW,959,ok,24.7688810872,17
VRPBLTW,960,no_feasible_candidate,,
VRPBLTW,961,no_feasible_candidate,,
VRPBLTW,962,ok,20.3677202376,18
VRPBLTW,963,no_feasible_candidate,,
VRPBLTW,964,no_feasible_candidate,,
VRPBLTW,965,no_feasible_candidate,,
VRPBLTW,966,ok,14.7565033748,14
VRPBLTW,967,no_feasible_candidate,,
VRPBLTW,968,no_feasible_candidate,,
VRPBLTW,969,no_feasible_candidate,,
VRPBLTW,970,no_feasible_candidate,,
VRPBLTW,971,no_feasible_candidate,,
VRPBLTW,972,no_feasible_candidate,,
VRPBLTW,973,no_feasible_candidate,,
VRPBLTW,974,no_feasible_candidate,,
VRPBLTW,975,no_feasible_candidate,,
VRPBLTW,976,no_feasible_candidate,,
VRPBLTW,977,ok,24.6152676993,19
VRPBLTW,978,no_feasible_candidate,,
VRPBLTW,979,no_feasible_candidate,,
VRPBLTW,980,no_feasible_candidate,,
VRPBLTW,981,no_feasible_candidate,,
VRPBLTW,982,no_feasible_candidate,,
VRPBLTW,983,ok,19.4112241457,17
VRPBLTW,984,ok,16.2274558509,14
VRPBLTW,985,no_feasible_candidate,,
VRPBLTW,986,ok,21.4938158655,17
VRPBLTW,987,no_feasible_candidate,,
VRPBLTW,988,no_feasible_candidate,,
VRPBLTW,989,ok,21.3662390438,17
VRPBLTW,990,ok,23.3264502373,17
VRPBLTW,991,no_feasible_candidate,,
VRPBLTW,992,no_feasible_candidate,,
VRPBLTW,993,no_feasible_candidate,,
VRPBLTW,994,no_feasible_candidate,,
VRPBLTW,995,no_feasible_candidate,,
VRPBLTW,996,no_feasible_candidate,,
VRPBLTW,997,no_feasible_candidate,,
VRPBLTW,998,no_feasible_candidate,,
VRPBLTW,999,no_feasible_candidate,,
OVRPBLTW,0,no_feasible_candidate,,
OVRPBLTW,1,no_feasible_candidate,,
OVRPBLTW,2,no_feasible_candidate,,
OVRPBLTW,3,ok,13.9764030350,19
OVRPBLTW,4,no_feasible_candidate,,
OVRPBLTW,5,no_feasible_candidate,,
OVRPBLTW,6,no_feasible_candidate,,
OVRPBLTW,7,no_feasible_candidate,,
OVRPBLTW,8,no_feasible_candidate,,
OVRPBLTW,9,ok,15.1392511059,16
OVRPBLTW,10,no_feasible_candidate,,
OVRPBLTW,11,no_feasible_candidate,,
OVRPBLTW,12,ok,13.2541282837,18
OVRPBLTW,13,no_feasible_candidate,,
OVRPBLTW,14,no_feasible_candidate,,
OVRPBLTW,15,no_feasible_candidate,,
OVRPBLTW,16,no_feasible_candidate,,
OVRPBLTW,17,no_feasible_candidate,,
OVRPBLTW,18,no_feasible_candidate,,
OVRPBLTW,19,no_feasible_candidate,,
OVRPBLTW,20,no_feasible_candidate,,
OVRPBLTW,21,no_feasible_candidate,,
OVRPBLTW,22,no_feasible_candidate,,
OVRPBLTW,23,no_feasible_candidate,,
OVRPBLTW,24,no_feasible_candidate,,
OVRPBLTW,25,no_feasible_candidate,,
OVRPBLTW,26,no_feasible_candidate,,
OVRPBLTW,27,no_feasible_candidate,,
OVRPBLTW,28,no_feasible_candidate,,
OVRPBLTW,29,no_feasible_candidate,,
OVRPBLTW,30,no_feasible_candidate,,
OVRPBLTW,31,no_feasible_candidate,,
OVRPBLTW,32,no_feasible_candidate,,
OVRPBLTW,33,no_feasible_candidate,,
OVRPBLTW,34,no_feasible_candidate,,
OVRPBLTW,35,no_feasible_candidate,,
OVRPBLTW,36,no_feasible_candidate,,
OVRPBLTW,37,no_feasible_candidate,,
OVRPBLTW,38,no_feasible_candidate,,
OVRPBLTW,39,no_feasible_candidate,,
OVRPBLTW,40,no_feasible_candidate,,
OVRPBLTW,41,no_feasible_candidate,,
OVRPBLTW,42,no_feasible_candidate,,
OVRPBLTW,43,no_feasible_candidate,,
OVRPBLTW,44,no_feasible_candidate,,
OVRPBLTW,45,no_feasible_candidate,,
OVRPBLTW,46,no_feasible_candidate,,
OVRPBLTW,47,no_feasible_candidate,,
OVRPBLTW,48,no_feasible_candidate,,
OVRPBLTW,49,no_feasible_candidate,,
OVRPBLTW,50,no_feasible_candidate,,
OVRPBLTW,51,no_feasible_candidate,,
OVRPBLTW,52,ok,11.7293666544,16
OVRPBLTW,53,no_feasible_candidate,,
OVRPBLTW,54,ok,13.4249490601,20
OVRPBLTW,55,no_feasible_candidate,,
OVRPBLTW,56,no_feasible_candidate,,
OVRPBLTW,57,no_feasible_candidate,,
OVRPBLTW,58,no_feasible_candidate,,
OVRPBLTW,59,no_feasible_candidate,,
OVRPBLTW,60,no_feasible_candidate,,
OVRPBLTW,61,no_feasible_candidate,,
OVRPBLTW,62,no_feasible_candidate,,
OVRPBLTW,63,no_feasible_candidate,,
OVRPBLTW,64,no_feasible_candidate,,
OVRPBLTW,65,no_feasible_candidate,,
OVRPBLTW,66,no_feasible_candidate,,
OVRPBLTW,67,no_feasible_candidate,,
OVRPBLTW,68,no_feasible_candidate,,
OVRPBLTW,69,no_feasible_candidate,,
OVRPBLTW,70,ok,11.2462027643,15
OVRPBLTW,71,ok,10.5064664715,16
OVRPBLTW,72,no_feasible_candidate,,
OVRPBLTW,73,no_feasible_candidate,,
OVRPBLTW,74,no_feasible_candidate,,
OVRPBLTW,75,no_feasible_candidate,,
OVRPBLTW,76,no_feasible_candidate,,
OVRPBLTW,77,no_feasible_candidate,,
OVRPBLTW,78,no_feasible_candidate,,
OVRPBLTW,79,no_feasible_candidate,,
OVRPBLTW,80,no_feasible_candidate,,
OVRPBLTW,81,ok,12.5052552553,17
OVRPBLTW,82,no_feasible_candidate,,
OVRPBLTW,83,ok,12.2220275632,15
OVRPBLTW,84,no_feasible_candidate,,
OVRPBLTW,85,no_feasible_candidate,,
OVRPBLTW,86,no_feasible_candidate,,
OVRPBLTW,87,no_feasible_candidate,,
OVRPBLTW,88,no_feasible_candidate,,
OVRPBLTW,89,no_feasible_candidate,,
OVRPBLTW,90,no_feasible_candidate,,
OVRPBLTW,91,ok,10.5769937952,18
OVRPBLTW,92,no_feasible_candidate,,
OVRPBLTW,93,no_feasible_candidate,,
OVRPBLTW,94,no_feasible_candidate,,
OVRPBLTW,95,no_feasible_candidate,,
OVRPBLTW,96,no_feasible_candidate,,
OVRPBLTW,97,no_feasible_candidate,,
OVRPBLTW,98,no_feasible_candidate,,
OVRPBLTW,99,ok,12.2768507716,14
OVRPBLTW,100,no_feasible_candidate,,
OVRPBLTW,101,ok,10.8035880032,13
OVRPBLTW,102,no_feasible_candidate,,
OVRPBLTW,103,no_feasible_candidate,,
OVRPBLTW,104,no_feasible_candidate,,
OVRPBLTW,105,no_feasible_candidate,,
OVRPBLTW,106,no_feasible_candidate,,
OVRPBLTW,107,ok,10.3752189670,16
OVRPBLTW,108,no_feasible_candidate,,
OVRPBLTW,109,ok,13.5406873109,16
OVRPBLTW,110,no_feasible_candidate,,
OVRPBLTW,111,no_feasible_candidate,,
OVRPBLTW,112,no_feasible_candidate,,
OVRPBLTW,113,no_feasible_candidate,,
OVRPBLTW,114,no_feasible_candidate,,
OVRPBLTW,115,no_feasible_candidate,,
OVRPBLTW,116,no_feasible_candidate,,
OVRPBLTW,117,no_feasible_candidate,,
OVRPBLTW,118,no_feasible_candidate,,
OVRPBLTW,119,ok,13.2220242261,19
OVRPBLTW,120,ok,13.8086634161,17
OVRPBLTW,121,no_feasible_candidate,,
OVRPBLTW,122,no_feasible_candidate,,
OVRPBLTW,123,ok,10.6001009387,14
OVRPBLTW,124,ok,12.7542937692,19
OVRPBLTW,125,no_feasible_candidate,,
OVRPBLTW,126,ok,8.5590971351,14
OVRPBLTW,127,no_feasible_candidate,,
OVRPBLTW,128,no_feasible_candidate,,
OVRPBLTW,129,no_feasible_candidate,,
OVRPBLTW,130,ok,12.4764441967,15
OVRPBLTW,131,no_feasible_candidate,,
OVRPBLTW,132,no_feasible_candidate,,
OVRPBLTW,133,no_feasible_candidate,,
OVRPBLTW,134,no_feasible_candidate,,
OVRPBLTW,135,ok,10.8019749720,18
OVRPBLTW,136,ok,12.8993612225,15
OVRPBLTW,137,no_feasible_candidate,,
OVRPBLTW,138,ok,12.3575741177,16
OVRPBLTW,139,ok,14.3996396263,18
OVRPBLTW,140,no_feasible_candidate,,
OVRPBLTW,141,no_feasible_candidate,,
OVRPBLTW,142,no_feasible_candidate,,
OVRPBLTW,143,ok,14.8063918207,17
OVRPBLTW,144,no_feasible_candidate,,
OVRPBLTW,145,no_feasible_candidate,,
OVRPBLTW,146,ok,11.1225494379,15
OVRPBLTW,147,ok,13.7531247640,18
OVRPBLTW,148,no_feasible_candidate,,
OVRPBLTW,149,no_feasible_candidate,,
OVRPBLTW,150,ok,13.5201266771,18
OVRPBLTW,151,no_feasible_candidate,,
OVRPBLTW,152,no_feasible_candidate,,
OVRPBLTW,153,no_feasible_candidate,,
OVRPBLTW,154,no_feasible_candidate,,
OVRPBLTW,155,ok,10.3587542117,16
OVRPBLTW,156,no_feasible_candidate,,
OVRPBLTW,157,no_feasible_candidate,,
OVRPBLTW,158,no_feasible_candidate,,
OVRPBLTW,159,ok,15.0855497153,18
OVRPBLTW,160,no_feasible_candidate,,
OVRPBLTW,161,no_feasible_candidate,,
OVRPBLTW,162,no_feasible_candidate,,
OVRPBLTW,163,no_feasible_candidate,,
OVRPBLTW,164,no_feasible_candidate,,
OVRPBLTW,165,no_feasible_candidate,,
OVRPBLTW,166,no_feasible_candidate,,
OVRPBLTW,167,no_feasible_candidate,,
OVRPBLTW,168,no_feasible_candidate,,
OVRPBLTW,169,no_feasible_candidate,,
OVRPBLTW,170,no_feasible_candidate,,
OVRPBLTW,171,no_feasible_candidate,,
OVRPBLTW,172,no_feasible_candidate,,
OVRPBLTW,173,no_feasible_candidate,,
OVRPBLTW,174,ok,11.8901486936,14
OVRPBLTW,175,no_feasible_candidate,,
OVRPBLTW,176,no_feasible_candidate,,
OVRPBLTW,177,no_feasible_candidate,,
OVRPBLTW,178,no_feasible_candidate,,
OVRPBLTW,179,no_feasible_candidate,,
OVRPBLTW,180,no_feasible_candidate,,
OVRPBLTW,181,no_feasible_candidate,,
OVRPBLTW,182,no_feasible_candidate,,
OVRPBLTW,183,ok,12.6041910278,16
OVRPBLTW,184,ok,14.0318314566,20
OVRPBLTW,185,no_feasible_candidate,,
OVRPBLTW,186,no_feasible_candidate,,
OVRPBLTW,187,no_feasible_candidate,,
OVRPBLTW,188,no_feasible_candidate,,
OVRPBLTW,189,no_feasible_candidate,,
OVRPBLTW,190,no_feasible_candidate,,
OVRPBLTW,191,no_feasible_candidate,,
OVRPBLTW,192,no_feasible_candidate,,
OVRPBLTW,193,no_feasible_candidate,,
OVRPBLTW,194,ok,15.6318636398,21
OVRPBLTW,195,no_feasible_candidate,,
OVRPBLTW,196,no_feasible_candidate,,
OVRPBLTW,197,ok,10.7286111660,20
OVRPBLTW,198,no_feasible_candidate,,
OVRPBLTW,199,no_feasible_candidate,,
OVRPBLTW,200,no_feasible_candidate,,
OVRPBLTW,201,ok,11.0717820837,17
OVRPBLTW,202,ok,8.6858904211,15
OVRPBLTW,203,no_feasible_candidate,,
OVRPBLTW,204,no_feasible_candidate,,
OVRPBLTW,205,no_feasible_candidate,,
OVRPBLTW,206,ok,14.5495578489,17
OVRPBLTW,207,no_feasible_candidate,,
OVRPBLTW,208,ok,13.0155529181,18
OVRPBLTW,209,no_feasible_candidate,,
OVRPBLTW,210,no_feasible_candidate,,
OVRPBLTW,211,no_feasible_candidate,,
OVRPBLTW,212,no_feasible_candidate,,
OVRPBLTW,213,no_feasible_candidate,,
OVRPBLTW,214,ok,10.8407876312,15
OVRPBLTW,215,no_feasible_candidate,,
OVRPBLTW,216,no_feasible_candidate,,
OVRPBLTW,217,ok,11.4745541773,18
OVRPBLTW,218,no_feasible_candidate,,
OVRPBLTW,219,ok,10.5939639396,19
OVRPBLTW,220,no_feasible_candidate,,
OVRPBLTW,221,no_feasible_candidate,,
OVRPBLTW,222,no_feasible_candidate,,
OVRPBLTW,223,no_feasible_candidate,,
OVRPBLTW,224,no_feasible_candidate,,
OVRPBLTW,225,no_feasible_candidate,,
OVRPBLTW,226,no_feasible_candidate,,
OVRPBLTW,227,no_feasible_candidate,,
OVRPBLTW,228,no_feasible_candidate,,
OVRPBLTW,229,no_feasible_candidate,,
OVRPBLTW,230,no_feasible_candidate,,
OVRPBLTW,231,no_feasible_candidate,,
OVRPBLTW,232,ok,16.5343466589,21
OVRPBLTW,233,no_feasible_candidate,,
OVRPBLTW,234,no_feasible_candidate,,
OVRPBLTW,235,no_feasible_candidate,,
OVRPBLTW,236,no_feasible_candidate,,
OVRPBLTW,237,no_feasible_candidate,,
OVRPBLTW,238,no_feasible_candidate,,
OVRPBLTW,239,ok,10.8582258629,13
OVRPBLTW,240,no_feasible_candidate,,
OVRPBLTW,241,ok,10.0290042312,17
OVRPBLTW,242,no_feasible_candidate,,
OVRPBLTW,243,no_feasible_candidate,,
OVRPBLTW,244,no_feasible_candidate,,
OVRPBLTW,245,no_feasible_candidate,,
OVRPBLTW,246,no_feasible_candidate,,
OVRPBLTW,247,no_feasible_candidate,,
OVRPBLTW,248,no_feasible_candidate,,
OVRPBLTW,249,ok,8.8349492096,15
OVRPBLTW,250,no_feasible_candidate,,
OVRPBLTW,251,no_feasible_candidate,,
OVRPBLTW,252,no_feasible_candidate,,
OVRPBLTW,253,no_feasible_candidate,,
OVRPBLTW,254,no_feasible_candidate,,
OVRPBLTW,255,no_feasible_candidate,,
OVRPBLTW,256,no_feasible_candidate,,
OVRPBLTW,257,no_feasible_candidate,,
OVRPBLTW,258,no_feasible_candidate,,
OVRPBLTW,259,no_feasible_candidate,,
OVRPBLTW,260,no_feasible_candidate,,
OVRPBLTW,261,no_feasible_candidate,,
OVRPBLTW,262,no_feasible_candidate,,
OVRPBLTW,263,ok,11.3215656135,19
OVRPBLTW,264,no_feasible_candidate,,
OVRPBLTW,265,ok,10.4585475777,17
OVRPBLTW,266,no_feasible_candidate,,
OVRPBLTW,267,no_feasible_candidate,,
OVRPBLTW,268,no_feasible_candidate,,
OVRPBLTW,269,no_feasible_candidate,,
OVRPBLTW,270,no_feasible_candidate,,
OVRPBLTW,271,no_feasible_candidate,,
OVRPBLTW,272,no_feasible_candidate,,
OVRPBLTW,273,no_feasible_candidate,,
OVRPBLTW,274,no_feasible_candidate,,
OVRPBLTW,275,no_feasible_candidate,,
OVRPBLTW,276,no_feasible_candidate,,
OVRPBLTW,277,no_feasible_candidate,,
OVRPBLTW,278,no_feasible_candidate,,
OVRPBLTW,279,no_feasible_candidate,,
OVRPBLTW,280,ok,13.7500882392,16
OVRPBLTW,281,no_feasible_candidate,,
OVRPBLTW,282,no_feasible_candidate,,
OVRPBLTW,283,no_feasible_candidate,,
OVRPBLTW,284,ok,14.5900947454,19
OVRPBLTW,285,no_feasible_candidate,,
OVRPBLTW,286,no_feasible_candidate,,
OVRPBLTW,287,ok,10.7503073358,17
OVRPBLTW,288,no_feasible_candidate,,
OVRPBLTW,289,no_feasible_candidate,,
OVRPBLTW,290,no_feasible_candidate,,
OVRPBLTW,291,ok,11.1078476594,18
OVRPBLTW,292,no_feasible_candidate,,
OVRPBLTW,293,no_feasible_candidate,,
OVRPBLTW,294,no_feasible_candidate,,
OVRPBLTW,295,no_feasible_candidate,,
OVRPBLTW,296,no_feasible_candidate,,
OVRPBLTW,297,ok,15.6241968572,18
OVRPBLTW,298,no_feasible_candidate,,
OVRPBLTW,299,no_feasible_candidate,,
OVRPBLTW,300,no_feasible_candidate,,
OVRPBLTW,301,no_feasible_candidate,,
OVRPBLTW,302,no_feasible_candidate,,
OVRPBLTW,303,no_feasible_candidate,,
OVRPBLTW,304,no_feasible_candidate,,
OVRPBLTW,305,no_feasible_candidate,,
OVRPBLTW,306,no_feasible_candidate,,
OVRPBLTW,307,no_feasible_candidate,,
OVRPBLTW,308,no_feasible_candidate,,
OVRPBLTW,309,no_feasible_candidate,,
OVRPBLTW,310,ok,12.9552159441,16
OVRPBLTW,311,ok,9.3172761539,15
OVRPBLTW,312,no_feasible_candidate,,
OVRPBLTW,313,no_feasible_candidate,,
OVRPBLTW,314,no_feasible_candidate,,
OVRPBLTW,315,ok,11.9818263474,16
OVRPBLTW,316,no_feasible_candidate,,
OVRPBLTW,317,no_feasible_candidate,,
OVRPBLTW,318,no_feasible_candidate,,
OVRPBLTW,319,no_feasible_candidate,,
OVRPBLTW,320,no_feasible_candidate,,
OVRPBLTW,321,no_feasible_candidate,,
OVRPBLTW,322,ok,9.7442594514,17
OVRPBLTW,323,no_feasible_candidate,,
OVRPBLTW,324,no_feasible_candidate,,
OVRPBLTW,325,no_feasible_candidate,,
OVRPBLTW,326,no_feasible_candidate,,
OVRPBLTW,327,no_feasible_candidate,,
OVRPBLTW,328,no_feasible_candidate,,
OVRPBLTW,329,no_feasible_candidate,,
OVRPBLTW,330,no_feasible_candidate,,
OVRPBLTW,331,no_feasible_candidate,,
OVRPBLTW,332,no_feasible_candidate,,
OVRPBLTW,333,no_feasible_candidate,,
OVRPBLTW,334,no_feasible_candidate,,
OVRPBLTW,335,no_feasible_candidate,,
OVRPBLTW,336,no_feasible_candidate,,
OVRPBLTW,337,ok,13.5491054855,18
OVRPBLTW,338,no_feasible_candidate,,
OVRPBLTW,339,ok,11.0220555445,16
OVRPBLTW,340,no_feasible_candidate,,
OVRPBLTW,341,no_feasible_candidate,,
OVRPBLTW,342,no_feasible_candidate,,
OVRPBLTW,343,no_feasible_candidate,,
OVRPBLTW,344,ok,11.0076162931,13
OVRPBLTW,345,no_feasible_candidate,,
OVRPBLTW,346,no_feasible_candidate,,
OVRPBLTW,347,ok,13.7471508727,21
OVRPBLTW,348,no_feasible_candidate,,
OVRPBLTW,349,no_feasible_candidate,,
OVRPBLTW,350,ok,13.1964611638,16
OVRPBLTW,351,no_feasible_candidate,,
OVRPBLTW,352,no_feasible_candidate,,
OVRPBLTW,353,no_feasible_candidate,,
OVRPBLTW,354,ok,13.0360778275,19
OVRPBLTW,355,no_feasible_candidate,,
OVRPBLTW,356,no_feasible_candidate,,
OVRPBLTW,357,no_feasible_candidate,,
OVRPBLTW,358,no_feasible_candidate,,
OVRPBLTW,359,no_feasible_candidate,,
OVRPBLTW,360,no_feasible_candidate,,
OVRPBLTW,361,no_feasible_candidate,,
OVRPBLTW,362,no_feasible_candidate,,
OVRPBLTW,363,no_feasible_candidate,,
OVRPBLTW,364,no_feasible_candidate,,
OVRPBLTW,365,no_feasible_candidate,,
OVRPBLTW,366,ok,14.2146775884,19
OVRPBLTW,367,ok,13.4551600420,17
OVRPBLTW,368,ok,9.3354990049,14
OVRPBLTW,369,ok,11.4373275034,17
OVRPBLTW,370,ok,11.2446501317,17
OVRPBLTW,371,no_feasible_candidate,,
OVRPBLTW,372,no_feasible_candidate,,
OVRPBLTW,373,ok,10.9946049997,16
OVRPBLTW,374,no_feasible_candidate,,
OVRPBLTW,375,no_feasible_candidate,,
OVRPBLTW,376,no_feasible_candidate,,
OVRPBLTW,377,no_feasible_candidate,,
OVRPBLTW,378,no_feasible_candidate,,
OVRPBLTW,379,no_feasible_candidate,,
OVRPBLTW,380,no_feasible_candidate,,
OVRPBLTW,381,ok,12.0020215947,17
OVRPBLTW,382,ok,14.4270579086,16
OVRPBLTW,383,no_feasible_candidate,,
OVRPBLTW,384,no_feasible_candidate,,
OVRPBLTW,385,no_feasible_candidate,,
OVRPBLTW,386,ok,11.4446065609,18
OVRPBLTW,387,no_feasible_candidate,,
OVRPBLTW,388,no_feasible_candidate,,
OVRPBLTW,389,no_feasible_candidate,,
OVRPBLTW,390,no_feasible_candidate,,
OVRPBLTW,391,no_feasible_candidate,,
OVRPBLTW,392,no_feasible_candidate,,
OVRPBLTW,393,no_feasible_candidate,,
OVRPBLTW,394,no_feasible_candidate,,
OVRPBLTW,395,no_feasible_candidate,,
OVRPBLTW,396,no_feasible_candidate,,
OVRPBLTW,397,ok,10.4811001405,16
OVRPBLTW,398,no_feasible_candidate,,
OVRPBLTW,399,no_feasible_candidate,,
OVRPBLTW,400,ok,12.1810194523,15
OVRPBLTW,401,no_feasible_candidate,,
OVRPBLTW,402,ok,10.3306029325,20
OVRPBLTW,403,no_feasible_candidate,,
OVRPBLTW,404,ok,9.6347516284,18
OVRPBLTW,405,ok,13.1647509283,15
OVRPBLTW,406,no_feasible_candidate,,
OVRPBLTW,407,no_feasible_candidate,,
OVRPBLTW,408,no_feasible_candidate,,
OVRPBLTW,409,no_feasible_candidate,,
OVRPBLTW,410,no_feasible_candidate,,
OVRPBLTW,411,no_feasible_candidate,,
OVRPBLTW,412,no_feasible_candidate,,
OVRPBLTW,413,no_feasible_candidate,,
OVRPBLTW,414,no_feasible_candidate,,
OVRPBLTW,415,ok,10.5990957269,16
OVRPBLTW,416,ok,16.8844304786,20
OVRPBLTW,417,no_feasible_candidate,,
OVRPBLTW,418,no_feasible_candidate,,
OVRPBLTW,419,no_feasible_candidate,,
OVRPBLTW,420,no_feasible_candidate,,
OVRPBLTW,421,no_feasible_candidate,,
OVRPBLTW,422,ok,11.9217637204,17
OVRPBLTW,423,no_feasible_candidate,,
OVRPBLTW,424,ok,11.1152989193,15
OVRPBLTW,425,no_feasible_candidate,,
OVRPBLTW,426,no_feasible_candidate,,
OVRPBLTW,427,no_feasible_candidate,,
OVRPBLTW,428,no_feasible_candidate,,
OVRPBLTW,429,no_feasible_candidate,,
OVRPBLTW,430,no_feasible_candidate,,
OVRPBLTW,431,no_feasible_candidate,,
OVRPBLTW,432,ok,12.7007185452,19
OVRPBLTW,433,ok,11.9644642088,18
OVRPBLTW,434,no_feasible_candidate,,
OVRPBLTW,435,no_feasible_candidate,,
OVRPBLTW,436,no_feasible_candidate,,
OVRPBLTW,437,ok,11.3774415104,19
OVRPBLTW,438,no_feasible_candidate,,
OVRPBLTW,439,ok,17.0950785173,19
OVRPBLTW,440,no_feasible_candidate,,
OVRPBLTW,441,no_feasible_candidate,,
OVRPBLTW,442,ok,11.4699372631,19
OVRPBLTW,443,no_feasible_candidate,,
OVRPBLTW,444,no_feasible_candidate,,
OVRPBLTW,445,ok,12.2700430099,15
OVRPBLTW,446,ok,9.6777284925,16
OVRPBLTW,447,no_feasible_candidate,,
OVRPBLTW,448,no_feasible_candidate,,
OVRPBLTW,449,no_feasible_candidate,,
OVRPBLTW,450,no_feasible_candidate,,
OVRPBLTW,451,no_feasible_candidate,,
OVRPBLTW,452,no_feasible_candidate,,
OVRPBLTW,453,no_feasible_candidate,,
OVRPBLTW,454,no_feasible_candidate,,
OVRPBLTW,455,no_feasible_candidate,,
OVRPBLTW,456,no_feasible_candidate,,
OVRPBLTW,457,no_feasible_candidate,,
OVRPBLTW,458,no_feasible_candidate,,
OVRPBLTW,459,no_feasible_candidate,,
OVRPBLTW,460,no_feasible_candidate,,
OVRPBLTW,461,no_feasible_candidate,,
OVRPBLTW,462,ok,11.3163005494,18
OVRPBLTW,463,no_feasible_candidate,,
OVRPBLTW,464,no_feasible_candidate,,
OVRPBLTW,465,no_feasible_candidate,,
OVRPBLTW,466,no_feasible_candidate,,
OVRPBLTW,467,no_feasible_candidate,,
OVRPBLTW,468,no_feasible_candidate,,
OVRPBLTW,469,no_feasible_candidate,,
OVRPBLTW,470,no_feasible_candidate,,
OVRPBLTW,471,ok,13.2237357600,17
OVRPBLTW,472,no_feasible_candidate,,
OVRPBLTW,473,no_feasible_candidate,,
OVRPBLTW,474,no_feasible_candidate,,
OVRPBLTW,475,ok,12.3908354780,16
OVRPBLTW,476,ok,14.0467880946,19
OVRPBLTW,477,no_feasible_candidate,,
OVRPBLTW,478,no_feasible_candidate,,
OVRPBLTW,479,no_feasible_candidate,,
OVRPBLTW,480,no_feasible_candidate,,
OVRPBLTW,481,no_feasible_candidate,,
OVRPBLTW,482,no_feasible_candidate,,
OVRPBLTW,483,no_feasible_candidate,,
OVRPBLTW,484,no_feasible_candidate,,
OVRPBLTW,485,no_feasible_candidate,,
OVRPBLTW,486,no_feasible_candidate,,
OVRPBLTW,487,ok,11.2372059192,17
OVRPBLTW,488,no_feasible_candidate,,
OVRPBLTW,489,no_feasible_candidate,,
OVRPBLTW,490,no_feasible_candidate,,
OVRPBLTW,491,no_feasible_candidate,,
OVRPBLTW,492,no_feasible_candidate,,
OVRPBLTW,493,no_feasible_candidate,,
OVRPBLTW,494,no_feasible_candidate,,
OVRPBLTW,495,no_feasible_candidate,,
OVRPBLTW,496,no_feasible_candidate,,
OVRPBLTW,497,no_feasible_candidate,,
OVRPBLTW,498,no_feasible_candidate,,
OVRPBLTW,499,no_feasible_candidate,,
OVRPBLTW,500,no_feasible_candidate,,
OVRPBLTW,501,no_feasible_candidate,,
OVRPBLTW,502,no_feasible_candidate,,
OVRPBLTW,503,no_feasible_candidate,,
OVRPBLTW,504,no_feasible_candidate,,
OVRPBLTW,505,no_feasible_candidate,,
OVRPBLTW,506,ok,10.1915528767,18
OVRPBLTW,507,no_feasible_candidate,,
OVRPBLTW,508,no_feasible_candidate,,
OVRPBLTW,509,ok,10.4439522376,17
OVRPBLTW,510,ok,9.9478214196,14
OVRPBLTW,511,no_feasible_candidate,,
OVRPBLTW,512,ok,10.3076043055,17
OVRPBLTW,513,ok,11.7003383515,18
OVRPBLTW,514,ok,11.4246785616,20
OVRPBLTW,515,no_feasible_candidate,,
OVRPBLTW,516,no_feasible_candidate,,
OVRPBLTW,517,no_feasible_candidate,,
OVRPBLTW,518,no_feasible_candidate,,
OVRPBLTW,519,no_feasible_candidate,,
OVRPBLTW,520,no_feasible_candidate,,
OVRPBLTW,521,no_feasible_candidate,,
OVRPBLTW,522,no_feasible_candidate,,
OVRPBLTW,523,no_feasible_candidate,,
OVRPBLTW,524,no_feasible_candidate,,
OVRPBLTW,525,no_feasible_candidate,,
OVRPBLTW,526,no_feasible_candidate,,
OVRPBLTW,527,ok,11.7629885788,14
OVRPBLTW,528,no_feasible_candidate,,
OVRPBLTW,529,ok,11.3092695503,18
OVRPBLTW,530,ok,14.4362907814,19
OVRPBLTW,531,no_feasible_candidate,,
OVRPBLTW,532,ok,10.7382928375,16
OVRPBLTW,533,ok,11.9592406942,17
OVRPBLTW,534,ok,10.9101219166,16
OVRPBLTW,535,ok,10.3613225731,17
OVRPBLTW,536,no_feasible_candidate,,
OVRPBLTW,537,no_feasible_candidate,,
OVRPBLTW,538,no_feasible_candidate,,
OVRPBLTW,539,no_feasible_candidate,,
OVRPBLTW,540,no_feasible_candidate,,
OVRPBLTW,541,no_feasible_candidate,,
OVRPBLTW,542,no_feasible_candidate,,
OVRPBLTW,543,no_feasible_candidate,,
OVRPBLTW,544,no_feasible_candidate,,
OVRPBLTW,545,no_feasible_candidate,,
OVRPBLTW,546,no_feasible_candidate,,
OVRPBLTW,547,ok,11.3078999829,17
OVRPBLTW,548,no_feasible_candidate,,
OVRPBLTW,549,no_feasible_candidate,,
OVRPBLTW,550,ok,10.5566938078,17
OVRPBLTW,551,ok,10.2637091461,14
OVRPBLTW,552,no_feasible_candidate,,
OVRPBLTW,553,no_feasible_candidate,,
OVRPBLTW,554,no_feasible_candidate,,
OVRPBLTW,555,no_feasible_candidate,,
OVRPBLTW,556,no_feasible_candidate,,
OVRPBLTW,557,no_feasible_candidate,,
OVRPBLTW,558,no_feasible_candidate,,
OVRPBLTW,559,no_feasible_candidate,,
OVRPBLTW,560,ok,12.1649552562,20
OVRPBLTW,561,ok,12.9279944726,23
OVRPBLTW,562,no_feasible_candidate,,
OVRPBLTW,563,no_feasible_candidate,,
OVRPBLTW,564,no_feasible_candidate,,
OVRPBLTW,565,no_feasible_candidate,,
OVRPBLTW,566,no_feasible_candidate,,
OVRPBLTW,567,no_feasible_candidate,,
OVRPBLTW,568,no_feasible_candidate,,
OVRPBLTW,569,ok,11.3713360448,12
OVRPBLTW,570,no_feasible_candidate,,
OVRPBLTW,571,ok,11.4656263437,16
OVRPBLTW,572,no_feasible_candidate,,
OVRPBLTW,573,no_feasible_candidate,,
OVRPBLTW,574,no_feasible_candidate,,
OVRPBLTW,575,no_feasible_candidate,,
OVRPBLTW,576,no_feasible_candidate,,
OVRPBLTW,577,no_feasible_candidate,,
OVRPBLTW,578,no_feasible_candidate,,
OVRPBLTW,579,no_feasible_candidate,,
OVRPBLTW,580,no_feasible_candidate,,
OVRPBLTW,581,no_feasible_candidate,,
OVRPBLTW,582,ok,13.3766044373,16
OVRPBLTW,583,ok,11.9941524356,16
OVRPBLTW,584,no_feasible_candidate,,
OVRPBLTW,585,no_feasible_candidate,,
OVRPBLTW,586,no_feasible_candidate,,
OVRPBLTW,587,no_feasible_candidate,,
OVRPBLTW,588,no_feasible_candidate,,
OVRPBLTW,589,no_feasible_candidate,,
OVRPBLTW,590,ok,10.9417284756,17
OVRPBLTW,591,no_feasible_candidate,,
OVRPBLTW,592,no_feasible_candidate,,
OVRPBLTW,593,no_feasible_candidate,,
OVRPBLTW,594,ok,13.4588193508,17
OVRPBLTW,595,no_feasible_candidate,,
OVRPBLTW,596,no_feasible_candidate,,
OVRPBLTW,597,no_feasible_candidate,,
OVRPBLTW,598,no_feasible_candidate,,
OVRPBLTW,599,no_feasible_candidate,,
OVRPBLTW,600,no_feasible_candidate,,
OVRPBLTW,601,ok,10.7210406810,16
OVRPBLTW,602,no_feasible_candidate,,
OVRPBLTW,603,ok,12.1673657851,15
OVRPBLTW,604,ok,12.8983989072,16
OVRPBLTW,605,ok,10.2653780589,16
OVRPBLTW,606,no_feasible_candidate,,
OVRPBLTW,607,no_feasible_candidate,,
OVRPBLTW,608,no_feasible_candidate,,
OVRPBLTW,609,ok,10.3149424866,16
OVRPBLTW,610,no_feasible_candidate,,
OVRPBLTW,611,ok,11.1207465795,18
OVRPBLTW,612,no_feasible_candidate,,
OVRPBLTW,613,ok,13.0827151517,18
OVRPBLTW,614,no_feasible_candidate,,
OVRPBLTW,615,no_feasible_candidate,,
OVRPBLTW,616,ok,15.2920826651,20
OVRPBLTW,617,no_feasible_candidate,,
OVRPBLTW,618,ok,11.9161319559,15
OVRPBLTW,619,no_feasible_candidate,,
OVRPBLTW,620,no_feasible_candidate,,
OVRPBLTW,621,no_feasible_candidate,,
OVRPBLTW,622,ok,11.1385188390,16
OVRPBLTW,623,ok,12.7426897094,19
OVRPBLTW,624,ok,16.1795596171,18
OVRPBLTW,625,no_feasible_candidate,,
OVRPBLTW,626,no_feasible_candidate,,
OVRPBLTW,627,ok,11.0667557491,15
OVRPBLTW,628,no_feasible_candidate,,
OVRPBLTW,629,no_feasible_candidate,,
OVRPBLTW,630,no_feasible_candidate,,
OVRPBLTW,631,no_feasible_candidate,,
OVRPBLTW,632,ok,11.0698919694,16
OVRPBLTW,633,no_feasible_candidate,,
OVRPBLTW,634,no_feasible_candidate,,
OVRPBLTW,635,no_feasible_candidate,,
OVRPBLTW,636,no_feasible_candidate,,
OVRPBLTW,637,ok,10.2779780380,17
OVRPBLTW,638,no_feasible_candidate,,
OVRPBLTW,639,no_feasible_candidate,,
OVRPBLTW,640,no_feasible_candidate,,
OVRPBLTW,641,no_feasible_candidate,,
OVRPBLTW,642,ok,16.3502608059,20
OVRPBLTW,643,no_feasible_candidate,,
OVRPBLTW,644,no_feasible_candidate,,
OVRPBLTW,645,no_feasible_candidate,,
OVRPBLTW,646,ok,13.0365165364,15
OVRPBLTW,647,no_feasible_candidate,,
OVRPBLTW,648,no_feasible_candidate,,
OVRPBLTW,649,no_feasible_candidate,,
OVRPBLTW,650,no_feasible_candidate,,
OVRPBLTW,651,no_feasible_candidate,,
OVRPBLTW,652,no_feasible_candidate,,
OVRPBLTW,653,no_feasible_candidate,,
OVRPBLTW,654,no_feasible_candidate,,
OVRPBLTW,655,no_feasible_candidate,,
OVRPBLTW,656,no_feasible_candidate,,
OVRPBLTW,657,no_feasible_candidate,,
OVRPBLTW,658,no_feasible_candidate,,
OVRPBLTW,659,no_feasible_candidate,,
OVRPBLTW,660,no_feasible_candidate,,
OVRPBLTW,661,no_feasible_candidate,,
OVRPBLTW,662,no_feasible_candidate,,
OVRPBLTW,663,no_feasible_candidate,,
OVRPBLTW,664,no_feasible_candidate,,
OVRPBLTW,665,no_feasible_candidate,,
OVRPBLTW,666,no_feasible_candidate,,
OVRPBLTW,667,ok,12.8723646551,18
OVRPBLTW,668,no_feasible_candidate,,
OVRPBLTW,669,no_feasible_candidate,,
OVRPBLTW,670,no_feasible_candidate,,
OVRPBLTW,671,no_feasible_candidate,,
OVRPBLTW,672,no_feasible_candidate,,
OVRPBLTW,673,no_feasible_candidate,,
OVRPBLTW,674,ok,13.0039144614,19
OVRPBLTW,675,no_feasible_candidate,,
OVRPBLTW,676,no_feasible_candidate,,
OVRPBLTW,677,no_feasible_candidate,,
OVRPBLTW,678,ok,13.9081865200,17
OVRPBLTW,679,no_feasible_candidate,,
OVRPBLTW,680,no_feasible_candidate,,
OVRPBLTW,681,no_feasible_candidate,,
OVRPBLTW,682,ok,11.9223858585,19
OVRPBLTW,683,no_feasible_candidate,,
OVRPBLTW,684,no_feasible_candidate,,
OVRPBLTW,685,ok,11.5474174054,20
OVRPBLTW,686,no_feasible_candidate,,
OVRPBLTW,687,no_feasible_candidate,,
OVRPBLTW,688,no_feasible_candidate,,
OVRPBLTW,689,ok,9.2965231198,15
OVRPBLTW,690,no_feasible_candidate,,
OVRPBLTW,691,no_feasible_candidate,,
OVRPBLTW,692,ok,9.4039544799,16
OVRPBLTW,693,no_feasible_candidate,,
OVRPBLTW,694,no_feasible_candidate,,
OVRPBLTW,695,no_feasible_candidate,,
OVRPBLTW,696,no_feasible_candidate,,
OVRPBLTW,697,no_feasible_candidate,,
OVRPBLTW,698,no_feasible_candidate,,
OVRPBLTW,699,no_feasible_candidate,,
OVRPBLTW,700,no_feasible_candidate,,
OVRPBLTW,701,ok,13.7160582198,18
OVRPBLTW,702,no_feasible_candidate,,
OVRPBLTW,703,no_feasible_candidate,,
OVRPBLTW,704,no_feasible_candidate,,
OVRPBLTW,705,no_feasible_candidate,,
OVRPBLTW,706,no_feasible_candidate,,
OVRPBLTW,707,ok,10.5780764377,18
OVRPBLTW,708,no_feasible_candidate,,
OVRPBLTW,709,no_feasible_candidate,,
OVRPBLTW,710,ok,17.2131865370,17
OVRPBLTW,711,no_feasible_candidate,,
OVRPBLTW,712,no_feasible_candidate,,
OVRPBLTW,713,no_feasible_candidate,,
OVRPBLTW,714,no_feasible_candidate,,
OVRPBLTW,715,no_feasible_candidate,,
OVRPBLTW,716,ok,11.7381821002,17
OVRPBLTW,717,no_feasible_candidate,,
OVRPBLTW,718,no_feasible_candidate,,
OVRPBLTW,719,ok,13.9309116810,20
OVRPBLTW,720,no_feasible_candidate,,
OVRPBLTW,721,no_feasible_candidate,,
OVRPBLTW,722,no_feasible_candidate,,
OVRPBLTW,723,ok,12.7131072591,15
OVRPBLTW,724,no_feasible_candidate,,
OVRPBLTW,725,no_feasible_candidate,,
OVRPBLTW,726,no_feasible_candidate,,
OVRPBLTW,727,no_feasible_candidate,,
OVRPBLTW,728,no_feasible_candidate,,
OVRPBLTW,729,no_feasible_candidate,,
OVRPBLTW,730,no_feasible_candidate,,
OVRPBLTW,731,no_feasible_candidate,,
OVRPBLTW,732,no_feasible_candidate,,
OVRPBLTW,733,no_feasible_candidate,,
OVRPBLTW,734,no_feasible_candidate,,
OVRPBLTW,735,ok,10.3532876923,16
OVRPBLTW,736,ok,10.5619187715,17
OVRPBLTW,737,no_feasible_candidate,,
OVRPBLTW,738,ok,14.1632996022,19
OVRPBLTW,739,ok,11.3678750353,18
OVRPBLTW,740,no_feasible_candidate,,
OVRPBLTW,741,no_feasible_candidate,,
OVRPBLTW,742,no_feasible_candidate,,
OVRPBLTW,743,no_feasible_candidate,,
OVRPBLTW,744,ok,10.7183958276,16
OVRPBLTW,745,no_feasible_candidate,,
OVRPBLTW,746,no_feasible_candidate,,
OVRPBLTW,747,no_feasible_candidate,,
OVRPBLTW,748,no_feasible_candidate,,
OVRPBLTW,749,no_feasible_candidate,,
OVRPBLTW,750,no_feasible_candidate,,
OVRPBLTW,751,no_feasible_candidate,,
OVRPBLTW,752,no_feasible_candidate,,
OVRPBLTW,753,no_feasible_candidate,,
OVRPBLTW,754,no_feasible_candidate,,
OVRPBLTW,755,no_feasible_candidate,,
OVRPBLTW,756,no_feasible_candidate,,
OVRPBLTW,757,no_feasible_candidate,,
OVRPBLTW,758,no_feasible_candidate,,
OVRPBLTW,759,no_feasible_candidate,,
OVRPBLTW,760,no_feasible_candidate,,
OVRPBLTW,761,no_feasible_candidate,,
OVRPBLTW,762,no_feasible_candidate,,
OVRPBLTW,763,no_feasible_candidate,,
OVRPBLTW,764,ok,14.8525753113,17
OVRPBLTW,765,no_feasible_candidate,,
OVRPBLTW,766,no_feasible_candidate,,
OVRPBLTW,767,no_feasible_candidate,,
OVRPBLTW,768,no_feasible_candidate,,
OVRPBLTW,769,no_feasible_candidate,,
OVRPBLTW,770,no_feasible_candidate,,
OVRPBLTW,771,ok,11.5199185367,16
OVRPBLTW,772,no_feasible_candidate,,
OVRPBLTW,773,no_feasible_candidate,,
OVRPBLTW,774,no_feasible_candidate,,
OVRPBLTW,775,no_feasible_candidate,,
OVRPBLTW,776,no_feasible_candidate,,
OVRPBLTW,777,no_feasible_candidate,,
OVRPBLTW,778,no_feasible_candidate,,
OVRPBLTW,779,no_feasible_candidate,,
OVRPBLTW,780,no_feasible_candidate,,
OVRPBLTW,781,no_feasible_candidate,,
OVRPBLTW,782,ok,13.3541350716,19
OVRPBLTW,783,no_feasible_candidate,,
OVRPBLTW,784,no_feasible_candidate,,
OVRPBLTW,785,no_feasible_candidate,,
OVRPBLTW,786,ok,13.3541528167,18
OVRPBLTW,787,no_feasible_candidate,,
OVRPBLTW,788,no_feasible_candidate,,
OVRPBLTW,789,no_feasible_candidate,,
OVRPBLTW,790,no_feasible_candidate,,
OVRPBLTW,791,no_feasible_candidate,,
OVRPBLTW,792,no_feasible_candidate,,
OVRPBLTW,793,no_feasible_candidate,,
OVRPBLTW,794,no_feasible_candidate,,
OVRPBLTW,795,ok,9.9906434848,14
OVRPBLTW,796,no_feasible_candidate,,
OVRPBLTW,797,no_feasible_candidate,,
OVRPBLTW,798,no_feasible_candidate,,
OVRPBLTW,799,ok,13.9019823962,18
OVRPBLTW,800,no_feasible_candidate,,
OVRPBLTW,801,ok,10.5098448222,20
OVRPBLTW,802,ok,9.9564947353,15
OVRPBLTW,803,ok,11.6216154598,16
OVRPBLTW,804,ok,10.9023063965,18
OVRPBLTW,805,ok,14.4045500379,15
OVRPBLTW,806,ok,11.9561633173,17
OVRPBLTW,807,ok,12.1634019994,17
OVRPBLTW,808,no_feasible_candidate,,
OVRPBLTW,809,no_feasible_candidate,,
OVRPBLTW,810,no_feasible_candidate,,
OVRPBLTW,811,no_feasible_candidate,,
OVRPBLTW,812,no_feasible_candidate,,
OVRPBLTW,813,no_feasible_candidate,,
OVRPBLTW,814,no_feasible_candidate,,
OVRPBLTW,815,no_feasible_candidate,,
OVRPBLTW,816,no_feasible_candidate,,
OVRPBLTW,817,no_feasible_candidate,,
OVRPBLTW,818,ok,12.4589894921,19
OVRPBLTW,819,no_feasible_candidate,,
OVRPBLTW,820,ok,10.7376442166,19
OVRPBLTW,821,no_feasible_candidate,,
OVRPBLTW,822,ok,10.7067934314,17
OVRPBLTW,823,no_feasible_candidate,,
OVRPBLTW,824,no_feasible_candidate,,
OVRPBLTW,825,no_feasible_candidate,,
OVRPBLTW,826,no_feasible_candidate,,
OVRPBLTW,827,ok,10.7536464590,18
OVRPBLTW,828,no_feasible_candidate,,
OVRPBLTW,829,no_feasible_candidate,,
OVRPBLTW,830,no_feasible_candidate,,
OVRPBLTW,831,no_feasible_candidate,,
OVRPBLTW,832,no_feasible_candidate,,
OVRPBLTW,833,no_feasible_candidate,,
OVRPBLTW,834,no_feasible_candidate,,
OVRPBLTW,835,no_feasible_candidate,,
OVRPBLTW,836,no_feasible_candidate,,
OVRPBLTW,837,no_feasible_candidate,,
OVRPBLTW,838,no_feasible_candidate,,
OVRPBLTW,839,no_feasible_candidate,,
OVRPBLTW,840,no_feasible_candidate,,
OVRPBLTW,841,no_feasible_candidate,,
OVRPBLTW,842,no_feasible_candidate,,
OVRPBLTW,843,no_feasible_candidate,,
OVRPBLTW,844,no_feasible_candidate,,
OVRPBLTW,845,no_feasible_candidate,,
OVRPBLTW,846,no_feasible_candidate,,
OVRPBLTW,847,ok,11.2168158605,18
OVRPBLTW,848,no_feasible_candidate,,
OVRPBLTW,849,ok,16.3567929975,19
OVRPBLTW,850,no_feasible_candidate,,
OVRPBLTW,851,no_feasible_candidate,,
OVRPBLTW,852,no_feasible_candidate,,
OVRPBLTW,853,ok,12.2930149885,15
OVRPBLTW,854,no_feasible_candidate,,
OVRPBLTW,855,no_feasible_candidate,,
OVRPBLTW,856,no_feasible_candidate,,
OVRPBLTW,857,no_feasible_candidate,,
OVRPBLTW,858,no_feasible_candidate,,
OVRPBLTW,859,no_feasible_candidate,,
OVRPBLTW,860,no_feasible_candidate,,
OVRPBLTW,861,no_feasible_candidate,,
OVRPBLTW,862,no_feasible_candidate,,
OVRPBLTW,863,no_feasible_candidate,,
OVRPBLTW,864,no_feasible_candidate,,
OVRPBLTW,865,no_feasible_candidate,,
OVRPBLTW,866,no_feasible_candidate,,
OVRPBLTW,867,no_feasible_candidate,,
OVRPBLTW,868,no_feasible_candidate,,
OVRPBLTW,869,no_feasible_candidate,,
OVRPBLTW,870,no_feasible_candidate,,
OVRPBLTW,871,no_feasible_candidate,,
OVRPBLTW,872,no_feasible_candidate,,
OVRPBLTW,873,no_feasible_candidate,,
OVRPBLTW,874,no_feasible_candidate,,
OVRPBLTW,875,no_feasible_candidate,,
OVRPBLTW,876,no_feasible_candidate,,
OVRPBLTW,877,no_feasible_candidate,,
OVRPBLTW,878,no_feasible_candidate,,
OVRPBLTW,879,no_feasible_candidate,,
OVRPBLTW,880,no_feasible_candidate,,
OVRPBLTW,881,no_feasible_candidate,,
OVRPBLTW,882,ok,9.4683386551,19
OVRPBLTW,883,no_feasible_candidate,,
OVRPBLTW,884,no_feasible_candidate,,
OVRPBLTW,885,no_feasible_candidate,,
OVRPBLTW,886,no_feasible_candidate,,
OVRPBLTW,887,no_feasible_candidate,,
OVRPBLTW,888,no_feasible_candidate,,
OVRPBLTW,889,no_feasible_candidate,,
OVRPBLTW,890,ok,11.3822182934,20
OVRPBLTW,891,no_feasible_candidate,,
OVRPBLTW,892,no_feasible_candidate,,
OVRPBLTW,893,ok,12.6283363146,19
OVRPBLTW,894,ok,13.9210843192,20
OVRPBLTW,895,no_feasible_candidate,,
OVRPBLTW,896,no_feasible_candidate,,
OVRPBLTW,897,no_feasible_candidate,,
OVRPBLTW,898,ok,10.6160088775,17
OVRPBLTW,899,no_feasible_candidate,,
OVRPBLTW,900,no_feasible_candidate,,
OVRPBLTW,901,ok,15.2880023695,17
OVRPBLTW,902,no_feasible_candidate,,
OVRPBLTW,903,no_feasible_candidate,,
OVRPBLTW,904,ok,12.6777381415,19
OVRPBLTW,905,no_feasible_candidate,,
OVRPBLTW,906,no_feasible_candidate,,
OVRPBLTW,907,no_feasible_candidate,,
OVRPBLTW,908,no_feasible_candidate,,
OVRPBLTW,909,ok,11.3919990788,14
OVRPBLTW,910,no_feasible_candidate,,
OVRPBLTW,911,no_feasible_candidate,,
OVRPBLTW,912,ok,10.8389058979,18
OVRPBLTW,913,no_feasible_candidate,,
OVRPBLTW,914,no_feasible_candidate,,
OVRPBLTW,915,no_feasible_candidate,,
OVRPBLTW,916,no_feasible_candidate,,
OVRPBLTW,917,no_feasible_candidate,,
OVRPBLTW,918,no_feasible_candidate,,
OVRPBLTW,919,no_feasible_candidate,,
OVRPBLTW,920,no_feasible_candidate,,
OVRPBLTW,921,ok,9.3390454114,17
OVRPBLTW,922,no_feasible_candidate,,
OVRPBLTW,923,ok,10.6112064836,14
OVRPBLTW,924,no_feasible_candidate,,
OVRPBLTW,925,ok,12.2207068027,20
OVRPBLTW,926,no_feasible_candidate,,
OVRPBLTW,927,no_feasible_candidate,,
OVRPBLTW,928,ok,9.2627182356,15
OVRPBLTW,929,no_feasible_candidate,,
OVRPBLTW,930,ok,11.2449019862,16
OVRPBLTW,931,ok,13.4686803954,16
OVRPBLTW,932,no_feasible_candidate,,
OVRPBLTW,933,no_feasible_candidate,,
OVRPBLTW,934,ok,16.2622293221,19
OVRPBLTW,935,no_feasible_candidate,,
OVRPBLTW,936,no_feasible_candidate,,
OVRPBLTW,937,no_feasible_candidate,,
OVRPBLTW,938,no_feasible_candidate,,
OVRPBLTW,939,no_feasible_candidate,,
OVRPBLTW,940,no_feasible_candidate,,
OVRPBLTW,941,no_feasible_candidate,,
OVRPBLTW,942,no_feasible_candidate,,
OVRPBLTW,943,ok,11.1938551579,18
OVRPBLTW,944,no_feasible_candidate,,
OVRPBLTW,945,no_feasible_candidate,,
OVRPBLTW,946,ok,10.9598408375,17
OVRPBLTW,947,no_feasible_candidate,,
OVRPBLTW,948,ok,15.5527753837,18
OVRPBLTW,949,no_feasible_candidate,,
OVRPBLTW,950,no_feasible_candidate,,
OVRPBLTW,951,no_feasible_candidate,,
OVRPBLTW,952,no_feasible_candidate,,
OVRPBLTW,953,no_feasible_candidate,,
OVRPBLTW,954,no_feasible_candidate,,
OVRPBLTW,955,no_feasible_candidate,,
OVRPBLTW,956,no_feasible_candidate,,
OVRPBLTW,957,no_feasible_candidate,,
OVRPBLTW,958,no_feasible_candidate,,
OVRPBLTW,959,no_feasible_candidate,,
OVRPBLTW,960,ok,10.9884920892,15
OVRPBLTW,961,no_feasible_candidate,,
OVRPBLTW,962,no_feasible_candidate,,
OVRPBLTW,963,no_feasible_candidate,,
OVRPBLTW,964,no_feasible_candidate,,
OVRPBLTW,965,ok,13.6838850273,19
OVRPBLTW,966,no_feasible_candidate,,
OVRPBLTW,967,no_feasible_candidate,,
OVRPBLTW,968,no_feasible_candidate,,
OVRPBLTW,969,no_feasible_candidate,,
OVRPBLTW,970,no_feasible_candidate,,
OVRPBLTW,971,no_feasible_candidate,,
OVRPBLTW,972,no_feasible_candidate,,
OVRPBLTW,973,ok,13.7691617982,17
OVRPBLTW,974,no_feasible_candidate,,
OVRPBLTW,975,no_feasible_candidate,,
OVRPBLTW,976,no_feasible_candidate,,
OVRPBLTW,977,no_feasible_candidate,,
OVRPBLTW,978,no_feasible_candidate,,
OVRPBLTW,979,no_feasible_candidate,,
OVRPBLTW,980,ok,12.3220071250,17
OVRPBLTW,981,no_feasible_candidate,,
OVRPBLTW,982,no_feasible_candidate,,
OVRPBLTW,983,no_feasible_candidate,,
OVRPBLTW,984,no_feasible_candidate,,
OVRPBLTW,985,no_feasible_candidate,,
OVRPBLTW,986,no_feasible_candidate,,
OVRPBLTW,987,no_feasible_candidate,,
OVRPBLTW,988,no_feasible_candidate,,
OVRPBLTW,989,no_feasible_candidate,,
OVRPBLTW,990,no_feasible_candidate,,
OVRPBLTW,991,no_feasible_candidate,,
OVRPBLTW,992,no_feasible_candidate,,
OVRPBLTW,993,no_feasible_candidate,,
OVRPBLTW,994,no_feasible_candidate,,
OVRPBLTW,995,no_feasible_candidate,,
OVRPBLTW,996,no_feasible_candidate,,
OVRPBLTW,997,ok,11.1709348422,16
OVRPBLTW,998,ok,14.0812613911,19
OVRPBLTW,999,no_feasible_candidate,,
