
*****************************************
Setting OMP_NUM_THREADS environment variable for each process to be 1 in default, to avoid your system being overloaded, please further tune the variable for optimal performance in your application as needed. 
*****************************************
There are 3682176 (3.68 million) parameters in this neural network
[rank0]:[W921 19:02:10.832516050 reducer.cpp:1457] Warning: find_unused_parameters=True was specified in DDP constructor, but did not find any unused parameters in the forward pass. This flag results in an extra traversal of the autograd graph every iteration,  which can adversely affect performance. If your model indeed never has any unused parameters in the forward pass, consider turning this flag off. Note that this warning may be a false positive if your model has flow control causing later iterations to have unused parameters. (function operator())
[rank1]:[W921 19:02:10.832716181 reducer.cpp:1457] Warning: find_unused_parameters=True was specified in DDP constructor, but did not find any unused parameters in the forward pass. This flag results in an extra traversal of the autograd graph every iteration,  which can adversely affect performance. If your model indeed never has any unused parameters in the forward pass, consider turning this flag off. Note that this warning may be a false positive if your model has flow control causing later iterations to have unused parameters. (function operator())
[rank2]:[W921 19:02:10.832834437 reducer.cpp:1457] Warning: find_unused_parameters=True was specified in DDP constructor, but did not find any unused parameters in the forward pass. This flag results in an extra traversal of the autograd graph every iteration,  which can adversely affect performance. If your model indeed never has any unused parameters in the forward pass, consider turning this flag off. Note that this warning may be a false positive if your model has flow control causing later iterations to have unused parameters. (function operator())
[rank3]:[W921 19:02:10.833756810 reducer.cpp:1457] Warning: find_unused_parameters=True was specified in DDP constructor, but did not find any unused parameters in the forward pass. This flag results in an extra traversal of the autograd graph every iteration,  which can adversely affect performance. If your model indeed never has any unused parameters in the forward pass, consider turning this flag off. Note that this warning may be a false positive if your model has flow control causing later iterations to have unused parameters. (function operator())
Epoch    1/5000: score=29.251847 loss=-5.577169 valid=1.0000 routes=23.152 grad=14.1128 seconds=44.6
Epoch    2/5000: score=22.213705 loss=-4.229287 valid=1.0000 routes=18.323 grad=7.2784 seconds=44.1
Epoch    3/5000: score=21.948806 loss=-3.433956 valid=1.0000 routes=18.821 grad=7.9780 seconds=44.0
Epoch    4/5000: score=22.452106 loss=-3.166462 valid=1.0000 routes=18.012 grad=7.9421 seconds=44.3
Epoch    5/5000: score=20.174565 loss=-2.771936 valid=1.0000 routes=17.284 grad=7.0783 seconds=44.3
Epoch    6/5000: score=20.115386 loss=-2.638191 valid=1.0000 routes=16.699 grad=7.7274 seconds=44.0
Epoch    7/5000: score=20.870659 loss=-2.561223 valid=1.0000 routes=16.644 grad=9.8092 seconds=44.0
Epoch    8/5000: score=20.002409 loss=-2.235863 valid=1.0000 routes=17.743 grad=7.5255 seconds=43.9
Epoch    9/5000: score=21.685344 loss=-2.197197 valid=1.0000 routes=17.536 grad=7.8005 seconds=43.9
Epoch   10/5000: score=19.864082 loss=-1.982051 valid=1.0000 routes=17.088 grad=7.6986 seconds=44.0
Epoch   11/5000: score=19.850870 loss=-1.941806 valid=1.0000 routes=15.341 grad=7.2138 seconds=43.9
Epoch   12/5000: score=18.569483 loss=-1.793246 valid=1.0000 routes=14.825 grad=7.3887 seconds=44.4
Epoch   13/5000: score=20.561314 loss=-1.844111 valid=1.0000 routes=16.780 grad=6.7325 seconds=44.8
Epoch   14/5000: score=19.740487 loss=-1.829492 valid=1.0000 routes=16.659 grad=7.7553 seconds=44.4
Epoch   15/5000: score=21.312942 loss=-1.949188 valid=1.0000 routes=16.561 grad=8.0744 seconds=44.2
Epoch   16/5000: score=18.671735 loss=-1.752214 valid=1.0000 routes=14.945 grad=6.5034 seconds=44.2
Epoch   17/5000: score=20.184739 loss=-1.807749 valid=1.0000 routes=16.854 grad=7.5885 seconds=43.9
Epoch   18/5000: score=19.380482 loss=-1.793808 valid=1.0000 routes=16.114 grad=6.8301 seconds=44.3
Epoch   19/5000: score=19.852396 loss=-1.824356 valid=1.0000 routes=16.235 grad=8.4342 seconds=44.0
Epoch   20/5000: score=18.306831 loss=-1.654348 valid=1.0000 routes=15.141 grad=7.8634 seconds=44.2
Epoch   21/5000: score=20.418133 loss=-1.786302 valid=1.0000 routes=16.805 grad=7.1770 seconds=44.0
Epoch   22/5000: score=19.560254 loss=-1.658908 valid=1.0000 routes=16.170 grad=6.2218 seconds=44.0
Epoch   23/5000: score=20.275784 loss=-1.697832 valid=1.0000 routes=16.456 grad=6.9174 seconds=44.4
Epoch   24/5000: score=18.858424 loss=-1.589106 valid=1.0000 routes=15.770 grad=6.1944 seconds=44.9
Epoch   25/5000: score=18.676119 loss=-1.579826 valid=1.0000 routes=14.937 grad=6.7637 seconds=45.2
Epoch   26/5000: score=20.342241 loss=-1.652299 valid=1.0000 routes=16.337 grad=8.2078 seconds=44.9
Epoch   27/5000: score=18.500827 loss=-1.452750 valid=1.0000 routes=15.791 grad=5.9625 seconds=44.1
Epoch   28/5000: score=19.070340 loss=-1.529692 valid=1.0000 routes=14.998 grad=7.3861 seconds=43.9
Epoch   29/5000: score=18.768826 loss=-1.464753 valid=1.0000 routes=15.205 grad=6.5425 seconds=44.0
Epoch   30/5000: score=20.315028 loss=-1.546848 valid=1.0000 routes=16.803 grad=7.6502 seconds=44.0
Epoch   31/5000: score=19.197699 loss=-1.451327 valid=1.0000 routes=16.238 grad=6.3863 seconds=44.1
Epoch   32/5000: score=18.777458 loss=-1.456099 valid=1.0000 routes=16.165 grad=7.4341 seconds=44.1
Epoch   33/5000: score=17.795093 loss=-1.335661 valid=1.0000 routes=14.775 grad=5.4400 seconds=44.1
Epoch   34/5000: score=18.661362 loss=-1.375593 valid=1.0000 routes=14.571 grad=5.8255 seconds=44.2
Epoch   35/5000: score=19.803280 loss=-1.425344 valid=1.0000 routes=16.042 grad=7.0138 seconds=44.4
Epoch   36/5000: score=19.339482 loss=-1.320710 valid=1.0000 routes=15.350 grad=6.0978 seconds=44.2
Epoch   37/5000: score=18.114425 loss=-1.240226 valid=1.0000 routes=14.893 grad=5.8652 seconds=44.5
Epoch   38/5000: score=18.325448 loss=-1.256324 valid=1.0000 routes=14.541 grad=6.0728 seconds=44.7
>> Invalid instances, Re-generating ...
Epoch   39/5000: score=18.619515 loss=-1.280618 valid=1.0000 routes=16.153 grad=7.3516 seconds=44.5
Epoch   40/5000: score=18.314264 loss=-1.227408 valid=1.0000 routes=16.158 grad=5.9385 seconds=44.4
Epoch   41/5000: score=18.539443 loss=-1.200786 valid=1.0000 routes=15.168 grad=6.0070 seconds=44.5
Epoch   42/5000: score=18.420954 loss=-1.200289 valid=1.0000 routes=15.291 grad=6.1997 seconds=45.0
Epoch   43/5000: score=18.651721 loss=-1.213224 valid=1.0000 routes=15.847 grad=5.8858 seconds=45.9
Epoch   44/5000: score=19.144763 loss=-1.258265 valid=1.0000 routes=15.176 grad=7.4328 seconds=45.0
Epoch   45/5000: score=18.377464 loss=-1.182672 valid=1.0000 routes=15.433 grad=6.0642 seconds=45.4
Epoch   46/5000: score=19.211242 loss=-1.195410 valid=1.0000 routes=17.214 grad=6.0208 seconds=45.5
Epoch   47/5000: score=16.995540 loss=-1.047869 valid=1.0000 routes=14.444 grad=4.5187 seconds=45.5
Epoch   48/5000: score=19.107460 loss=-1.172543 valid=1.0000 routes=15.055 grad=5.9727 seconds=45.0
Epoch   49/5000: score=19.126207 loss=-1.175816 valid=1.0000 routes=16.942 grad=6.1408 seconds=45.1
Epoch   50/5000: score=18.389217 loss=-1.076735 valid=1.0000 routes=14.920 grad=5.1782 seconds=44.7
Epoch   51/5000: score=18.450995 loss=-1.124405 valid=1.0000 routes=14.176 grad=6.1165 seconds=45.3
Epoch   52/5000: score=18.480430 loss=-1.094570 valid=1.0000 routes=14.548 grad=5.5043 seconds=45.3
Epoch   53/5000: score=18.615567 loss=-1.102618 valid=1.0000 routes=15.299 grad=5.7805 seconds=45.1
Epoch   54/5000: score=18.376943 loss=-1.108390 valid=1.0000 routes=14.797 grad=5.7243 seconds=45.4
Epoch   55/5000: score=18.183365 loss=-1.047948 valid=1.0000 routes=15.279 grad=5.2369 seconds=44.8
Epoch   56/5000: score=18.159023 loss=-1.035557 valid=1.0000 routes=15.389 grad=5.4935 seconds=44.4
Epoch   57/5000: score=17.809501 loss=-1.009306 valid=1.0000 routes=15.640 grad=5.1235 seconds=44.4
Epoch   58/5000: score=18.455702 loss=-1.059675 valid=1.0000 routes=15.030 grad=5.5391 seconds=44.4
Epoch   59/5000: score=18.237787 loss=-1.040142 valid=1.0000 routes=14.985 grad=5.3651 seconds=44.3
Epoch   60/5000: score=18.871448 loss=-1.059722 valid=1.0000 routes=14.783 grad=5.8693 seconds=45.0
Epoch   61/5000: score=19.261339 loss=-1.076299 valid=1.0000 routes=15.525 grad=5.9581 seconds=44.3
Epoch   62/5000: score=19.013848 loss=-1.049687 valid=1.0000 routes=15.002 grad=5.2288 seconds=44.5
Epoch   63/5000: score=18.060778 loss=-0.975846 valid=1.0000 routes=14.565 grad=4.8833 seconds=44.4
Epoch   64/5000: score=20.016777 loss=-1.115185 valid=1.0000 routes=15.793 grad=6.0315 seconds=44.5
Epoch   65/5000: score=18.665154 loss=-1.052891 valid=1.0000 routes=15.541 grad=5.8033 seconds=44.5
Epoch   66/5000: score=19.060365 loss=-1.005078 valid=1.0000 routes=14.911 grad=5.0390 seconds=44.2
Epoch   67/5000: score=16.765490 loss=-0.895351 valid=1.0000 routes=14.287 grad=3.9480 seconds=44.4
Epoch   68/5000: score=17.470543 loss=-0.934233 valid=1.0000 routes=14.307 grad=4.6365 seconds=44.3
Epoch   69/5000: score=18.049040 loss=-0.945252 valid=1.0000 routes=14.640 grad=4.7437 seconds=44.5
Epoch   70/5000: score=17.328519 loss=-0.902690 valid=1.0000 routes=13.815 grad=4.3142 seconds=44.4
Epoch   71/5000: score=16.745574 loss=-0.899524 valid=1.0000 routes=14.751 grad=4.8065 seconds=44.3
Epoch   72/5000: score=18.957656 loss=-1.017000 valid=1.0000 routes=15.442 grad=5.9825 seconds=44.6
Epoch   73/5000: score=17.456285 loss=-0.927034 valid=1.0000 routes=14.775 grad=4.9654 seconds=44.5
Epoch   74/5000: score=17.380750 loss=-0.881825 valid=1.0000 routes=14.772 grad=4.4287 seconds=44.1
Epoch   75/5000: score=18.677260 loss=-0.978036 valid=1.0000 routes=15.437 grad=5.6340 seconds=44.3
Epoch   76/5000: score=18.705322 loss=-0.976559 valid=1.0000 routes=15.575 grad=5.0899 seconds=44.4
Epoch   77/5000: score=18.654336 loss=-0.941112 valid=1.0000 routes=15.552 grad=4.8820 seconds=44.6
Epoch   78/5000: score=19.195555 loss=-0.999183 valid=1.0000 routes=15.641 grad=5.7589 seconds=44.8
Epoch   79/5000: score=18.891387 loss=-0.953054 valid=1.0000 routes=15.520 grad=5.2651 seconds=44.3
Epoch   80/5000: score=18.806830 loss=-0.983513 valid=1.0000 routes=15.040 grad=5.3521 seconds=44.4
Epoch   81/5000: score=19.171495 loss=-0.964923 valid=1.0000 routes=16.991 grad=5.3738 seconds=44.3
Epoch   82/5000: score=17.406322 loss=-0.871435 valid=1.0000 routes=13.769 grad=4.5943 seconds=44.4
Epoch   83/5000: score=19.337502 loss=-0.981091 valid=1.0000 routes=15.675 grad=5.4722 seconds=44.7
Epoch   84/5000: score=18.063451 loss=-0.917165 valid=1.0000 routes=14.058 grad=5.1910 seconds=44.5
Epoch   85/5000: score=18.828508 loss=-0.921108 valid=1.0000 routes=16.323 grad=5.1836 seconds=42.6
Epoch   86/5000: score=16.727929 loss=-0.833966 valid=1.0000 routes=14.560 grad=4.2676 seconds=42.8
Epoch   87/5000: score=19.126335 loss=-0.943545 valid=1.0000 routes=16.437 grad=5.2852 seconds=42.4
Epoch   88/5000: score=17.747942 loss=-0.858142 valid=1.0000 routes=15.061 grad=4.5733 seconds=42.8
Epoch   89/5000: score=18.903431 loss=-0.906421 valid=1.0000 routes=15.082 grad=5.3572 seconds=42.4
Epoch   90/5000: score=17.401097 loss=-0.836267 valid=1.0000 routes=14.534 grad=4.2768 seconds=42.7
Epoch   91/5000: score=18.834390 loss=-0.913980 valid=1.0000 routes=16.806 grad=5.0547 seconds=42.7
Epoch   92/5000: score=19.056399 loss=-0.924256 valid=1.0000 routes=15.718 grad=5.1252 seconds=43.0
Epoch   93/5000: score=18.367985 loss=-0.865068 valid=1.0000 routes=14.544 grad=4.9737 seconds=42.7
Epoch   94/5000: score=18.293239 loss=-0.863095 valid=1.0000 routes=15.271 grad=4.7834 seconds=42.4
Epoch   95/5000: score=18.807639 loss=-0.887179 valid=1.0000 routes=15.032 grad=4.9888 seconds=42.4
Epoch   96/5000: score=18.039705 loss=-0.825938 valid=1.0000 routes=15.112 grad=4.2932 seconds=42.3
Epoch   97/5000: score=17.940380 loss=-0.860082 valid=1.0000 routes=15.363 grad=4.7440 seconds=42.7
Epoch   98/5000: score=18.186896 loss=-0.842344 valid=1.0000 routes=14.713 grad=4.4870 seconds=42.5
Epoch   99/5000: score=17.231980 loss=-0.792924 valid=1.0000 routes=14.558 grad=4.3850 seconds=42.1
>> Invalid instances, Re-generating ...
Epoch  100/5000: score=17.488374 loss=-0.812875 valid=1.0000 routes=14.163 grad=4.2367 seconds=42.5
Epoch  101/5000: score=18.468603 loss=-0.873683 valid=1.0000 routes=16.010 grad=4.8823 seconds=42.5
Epoch  102/5000: score=18.044631 loss=-0.829889 valid=1.0000 routes=15.162 grad=4.5446 seconds=42.8
Epoch  103/5000: score=18.169994 loss=-0.816101 valid=1.0000 routes=15.229 grad=4.5359 seconds=42.6
Epoch  104/5000: score=16.779348 loss=-0.784645 valid=1.0000 routes=15.318 grad=4.1047 seconds=42.3
Epoch  105/5000: score=19.367251 loss=-0.874359 valid=1.0000 routes=15.375 grad=5.1407 seconds=42.9
Epoch  106/5000: score=18.874072 loss=-0.891336 valid=1.0000 routes=15.537 grad=5.2951 seconds=42.7
Epoch  107/5000: score=18.767099 loss=-0.864762 valid=1.0000 routes=15.423 grad=4.8066 seconds=42.8
Epoch  108/5000: score=19.332208 loss=-0.849501 valid=1.0000 routes=15.295 grad=4.7940 seconds=42.7
Epoch  109/5000: score=17.121930 loss=-0.782122 valid=1.0000 routes=14.432 grad=4.2890 seconds=42.6
Epoch  110/5000: score=18.014984 loss=-0.829123 valid=1.0000 routes=16.333 grad=4.7217 seconds=42.6
Epoch  111/5000: score=18.326005 loss=-0.816446 valid=1.0000 routes=14.724 grad=4.8841 seconds=43.5
Epoch  112/5000: score=17.567453 loss=-0.764293 valid=1.0000 routes=14.006 grad=4.0148 seconds=44.1
Epoch  113/5000: score=19.113764 loss=-0.836740 valid=1.0000 routes=15.325 grad=4.7836 seconds=44.0
Epoch  114/5000: score=18.098172 loss=-0.785876 valid=1.0000 routes=15.098 grad=4.2175 seconds=44.5
Epoch  115/5000: score=17.430903 loss=-0.768412 valid=1.0000 routes=15.001 grad=4.1428 seconds=44.9
Epoch  116/5000: score=18.070901 loss=-0.757280 valid=1.0000 routes=13.460 grad=3.8962 seconds=44.3
Epoch  117/5000: score=17.404983 loss=-0.750923 valid=1.0000 routes=14.096 grad=4.0778 seconds=42.5
Epoch  118/5000: score=17.424233 loss=-0.737587 valid=1.0000 routes=15.247 grad=4.2141 seconds=41.9
Epoch  119/5000: score=17.464387 loss=-0.751677 valid=1.0000 routes=15.732 grad=4.1950 seconds=42.2
Epoch  120/5000: score=17.717178 loss=-0.750161 valid=1.0000 routes=14.167 grad=4.0281 seconds=42.0
Epoch  121/5000: score=16.836236 loss=-0.695988 valid=1.0000 routes=13.720 grad=3.6223 seconds=42.0
Epoch  122/5000: score=17.960556 loss=-0.735664 valid=1.0000 routes=15.086 grad=3.9089 seconds=42.1
Epoch  123/5000: score=17.223523 loss=-0.706680 valid=1.0000 routes=13.855 grad=3.6303 seconds=42.0
Epoch  124/5000: score=17.093601 loss=-0.754684 valid=1.0000 routes=14.565 grad=4.3958 seconds=42.7
Epoch  125/5000: score=18.516140 loss=-0.797685 valid=1.0000 routes=15.278 grad=4.5551 seconds=44.7
Epoch  126/5000: score=18.412935 loss=-0.805588 valid=1.0000 routes=15.531 grad=4.6499 seconds=43.4
Epoch  127/5000: score=18.820326 loss=-0.780730 valid=1.0000 routes=15.698 grad=4.6336 seconds=43.1
Epoch  128/5000: score=17.609325 loss=-0.750742 valid=1.0000 routes=14.207 grad=4.0616 seconds=42.4
Epoch  129/5000: score=18.727795 loss=-0.776955 valid=1.0000 routes=15.582 grad=4.4267 seconds=42.5
Epoch  130/5000: score=18.201030 loss=-0.763632 valid=1.0000 routes=14.977 grad=4.2906 seconds=42.5
Epoch  131/5000: score=17.781458 loss=-0.782905 valid=1.0000 routes=15.209 grad=4.4691 seconds=43.0
Epoch  132/5000: score=17.845398 loss=-0.738194 valid=1.0000 routes=14.291 grad=4.0078 seconds=42.5
Epoch  133/5000: score=18.632620 loss=-0.799425 valid=1.0000 routes=14.646 grad=4.5314 seconds=43.3
Epoch  134/5000: score=17.445674 loss=-0.702822 valid=1.0000 routes=14.417 grad=3.5899 seconds=42.7
Epoch  135/5000: score=17.237694 loss=-0.706133 valid=1.0000 routes=14.465 grad=3.8117 seconds=42.6
Epoch  136/5000: score=19.786262 loss=-0.854690 valid=1.0000 routes=16.076 grad=5.2865 seconds=43.1
Epoch  137/5000: score=18.016234 loss=-0.750184 valid=1.0000 routes=15.450 grad=4.2000 seconds=42.8
Epoch  138/5000: score=17.925977 loss=-0.756510 valid=1.0000 routes=15.959 grad=4.4554 seconds=42.9
Epoch  139/5000: score=17.548322 loss=-0.719941 valid=1.0000 routes=14.582 grad=3.9760 seconds=42.8
Epoch  140/5000: score=17.353812 loss=-0.701167 valid=1.0000 routes=13.952 grad=3.7973 seconds=43.0
Epoch  141/5000: score=17.746094 loss=-0.719764 valid=1.0000 routes=15.353 grad=4.1805 seconds=43.2
Epoch  142/5000: score=17.966852 loss=-0.703322 valid=1.0000 routes=15.368 grad=3.9245 seconds=44.4
Epoch  143/5000: score=17.460197 loss=-0.694518 valid=1.0000 routes=14.998 grad=3.8391 seconds=43.0
Epoch  144/5000: score=19.029873 loss=-0.773933 valid=1.0000 routes=15.361 grad=4.6514 seconds=42.6
Epoch  145/5000: score=18.236107 loss=-0.745537 valid=1.0000 routes=16.324 grad=4.1807 seconds=43.3
Epoch  146/5000: score=18.342230 loss=-0.767370 valid=1.0000 routes=14.806 grad=4.3712 seconds=43.4
Epoch  147/5000: score=17.674785 loss=-0.721673 valid=1.0000 routes=14.946 grad=3.8658 seconds=42.8
Epoch  148/5000: score=17.604753 loss=-0.727722 valid=1.0000 routes=15.775 grad=4.4949 seconds=43.2
Epoch  149/5000: score=19.084090 loss=-0.788835 valid=1.0000 routes=16.281 grad=4.8524 seconds=42.7
Epoch  150/5000: score=18.835171 loss=-0.764605 valid=1.0000 routes=15.301 grad=4.8912 seconds=43.1
Epoch  151/5000: score=18.862844 loss=-0.774025 valid=1.0000 routes=16.397 grad=4.4777 seconds=43.3
Epoch  152/5000: score=18.118676 loss=-0.749152 valid=1.0000 routes=15.354 grad=4.1465 seconds=43.5
Epoch  153/5000: score=17.665371 loss=-0.714481 valid=1.0000 routes=14.983 grad=4.0334 seconds=43.6
>> Invalid instances, Re-generating ...
Epoch  154/5000: score=16.292333 loss=-0.648168 valid=1.0000 routes=14.395 grad=3.3653 seconds=43.1
Epoch  155/5000: score=17.386191 loss=-0.708326 valid=1.0000 routes=14.399 grad=3.8492 seconds=43.5
Epoch  156/5000: score=19.072414 loss=-0.765651 valid=1.0000 routes=15.664 grad=4.5198 seconds=43.0
Epoch  157/5000: score=18.599456 loss=-0.747266 valid=1.0000 routes=13.814 grad=4.2745 seconds=43.4
Epoch  158/5000: score=20.209179 loss=-0.818615 valid=1.0000 routes=15.912 grad=4.9664 seconds=43.5
Epoch  159/5000: score=19.162141 loss=-0.781545 valid=1.0000 routes=16.502 grad=4.7142 seconds=44.1
Epoch  160/5000: score=16.920001 loss=-0.657119 valid=1.0000 routes=13.816 grad=3.4796 seconds=43.4
Epoch  161/5000: score=18.211210 loss=-0.688289 valid=1.0000 routes=14.471 grad=3.8006 seconds=43.0
Epoch  162/5000: score=17.497874 loss=-0.681808 valid=1.0000 routes=14.494 grad=3.7624 seconds=44.0
Epoch  163/5000: score=18.724937 loss=-0.722655 valid=1.0000 routes=15.287 grad=4.1098 seconds=44.1
Epoch  164/5000: score=17.499441 loss=-0.715155 valid=1.0000 routes=14.154 grad=4.1409 seconds=44.2
Epoch  165/5000: score=18.065581 loss=-0.705793 valid=1.0000 routes=16.203 grad=4.2396 seconds=46.0
Epoch  166/5000: score=18.930314 loss=-0.727031 valid=1.0000 routes=15.821 grad=4.3635 seconds=44.2
Epoch  167/5000: score=17.104571 loss=-0.677105 valid=1.0000 routes=13.849 grad=3.8294 seconds=46.1
Epoch  168/5000: score=19.181412 loss=-0.743882 valid=1.0000 routes=15.591 grad=4.4258 seconds=45.6
Epoch  169/5000: score=17.851924 loss=-0.698103 valid=1.0000 routes=15.393 grad=3.9742 seconds=46.1
Epoch  170/5000: score=17.611708 loss=-0.687834 valid=1.0000 routes=14.946 grad=3.9321 seconds=46.1
Epoch  171/5000: score=18.644002 loss=-0.740236 valid=1.0000 routes=15.248 grad=4.3261 seconds=44.4
Epoch  172/5000: score=19.428995 loss=-0.752438 valid=1.0000 routes=16.328 grad=4.6512 seconds=43.1
Epoch  173/5000: score=16.517115 loss=-0.629926 valid=1.0000 routes=13.768 grad=3.2273 seconds=43.3
Epoch  174/5000: score=18.173265 loss=-0.702018 valid=1.0000 routes=15.731 grad=4.1586 seconds=43.4
Epoch  175/5000: score=17.993148 loss=-0.689458 valid=1.0000 routes=14.442 grad=4.1225 seconds=43.3
Epoch  176/5000: score=17.676175 loss=-0.689920 valid=1.0000 routes=13.656 grad=3.7731 seconds=43.4
Epoch  177/5000: score=18.499304 loss=-0.724687 valid=1.0000 routes=15.668 grad=4.1858 seconds=43.3
Epoch  178/5000: score=17.688172 loss=-0.672796 valid=1.0000 routes=13.960 grad=3.6310 seconds=43.6
Epoch  179/5000: score=18.653620 loss=-0.702625 valid=1.0000 routes=15.240 grad=3.9992 seconds=42.9
Epoch  180/5000: score=17.434439 loss=-0.720620 valid=1.0000 routes=14.712 grad=4.2645 seconds=43.5
Epoch  181/5000: score=18.781965 loss=-0.724418 valid=1.0000 routes=16.048 grad=4.3657 seconds=43.3
Epoch  182/5000: score=17.413099 loss=-0.692825 valid=1.0000 routes=14.966 grad=3.8409 seconds=43.2
Epoch  183/5000: score=17.385381 loss=-0.653390 valid=1.0000 routes=14.347 grad=3.5891 seconds=43.4
Epoch  184/5000: score=18.041738 loss=-0.740609 valid=1.0000 routes=15.149 grad=4.4627 seconds=43.7
Epoch  185/5000: score=18.338257 loss=-0.707440 valid=1.0000 routes=15.341 grad=4.2136 seconds=43.2
Epoch  186/5000: score=18.452991 loss=-0.725034 valid=1.0000 routes=14.843 grad=4.0994 seconds=43.5
Epoch  187/5000: score=17.741768 loss=-0.682542 valid=1.0000 routes=15.262 grad=3.8544 seconds=43.0
Epoch  188/5000: score=17.433118 loss=-0.685265 valid=1.0000 routes=15.435 grad=4.1683 seconds=43.9
Epoch  189/5000: score=17.764113 loss=-0.685632 valid=1.0000 routes=15.343 grad=4.0776 seconds=43.3
Epoch  190/5000: score=18.208740 loss=-0.673823 valid=1.0000 routes=15.143 grad=3.8964 seconds=43.7
Epoch  191/5000: score=17.656558 loss=-0.659042 valid=1.0000 routes=14.132 grad=3.6375 seconds=43.6
Epoch  192/5000: score=17.094720 loss=-0.636702 valid=1.0000 routes=13.369 grad=3.4173 seconds=43.7
Epoch  193/5000: score=18.160195 loss=-0.694994 valid=1.0000 routes=14.605 grad=4.2010 seconds=43.5
Epoch  194/5000: score=18.147411 loss=-0.687321 valid=1.0000 routes=15.879 grad=4.0471 seconds=42.9
Epoch  195/5000: score=18.070386 loss=-0.660247 valid=1.0000 routes=15.649 grad=3.8208 seconds=43.3
Epoch  196/5000: score=18.435707 loss=-0.693142 valid=1.0000 routes=15.360 grad=4.0928 seconds=43.3
Epoch  197/5000: score=19.788337 loss=-0.755829 valid=1.0000 routes=16.128 grad=4.5599 seconds=44.0
Epoch  198/5000: score=19.388429 loss=-0.751993 valid=1.0000 routes=15.835 grad=4.6199 seconds=42.9
Epoch  199/5000: score=17.903381 loss=-0.693943 valid=1.0000 routes=15.325 grad=4.1220 seconds=43.3
Epoch  200/5000: score=18.975683 loss=-0.705420 valid=1.0000 routes=14.853 grad=4.1339 seconds=43.1
Epoch  201/5000: score=17.658213 loss=-0.684479 valid=1.0000 routes=15.427 grad=3.9396 seconds=43.2
Epoch  202/5000: score=17.988929 loss=-0.672835 valid=1.0000 routes=14.770 grad=3.9825 seconds=43.1
Epoch  203/5000: score=17.418894 loss=-0.657182 valid=1.0000 routes=13.643 grad=3.8059 seconds=43.1
Epoch  204/5000: score=18.497884 loss=-0.702754 valid=1.0000 routes=15.095 grad=4.0506 seconds=43.2
Epoch  205/5000: score=17.871093 loss=-0.658574 valid=1.0000 routes=14.843 grad=3.8014 seconds=43.7
Epoch  206/5000: score=17.419105 loss=-0.649021 valid=1.0000 routes=15.651 grad=3.6815 seconds=43.2
Epoch  207/5000: score=17.253813 loss=-0.632737 valid=1.0000 routes=14.737 grad=3.5002 seconds=43.0
Epoch  208/5000: score=18.716477 loss=-0.718870 valid=1.0000 routes=15.765 grad=4.3710 seconds=43.2
Epoch  209/5000: score=18.629105 loss=-0.710436 valid=1.0000 routes=14.894 grad=4.1284 seconds=43.9
Epoch  210/5000: score=17.773274 loss=-0.648066 valid=1.0000 routes=14.039 grad=3.5472 seconds=44.0
>> Invalid instances, Re-generating ...
Epoch  211/5000: score=17.405064 loss=-0.644498 valid=1.0000 routes=14.708 grad=3.7185 seconds=44.5
Epoch  212/5000: score=17.443306 loss=-0.659817 valid=1.0000 routes=14.693 grad=3.9396 seconds=43.5
Epoch  213/5000: score=17.739063 loss=-0.681977 valid=1.0000 routes=14.644 grad=3.7835 seconds=44.0
Epoch  214/5000: score=18.318667 loss=-0.687541 valid=1.0000 routes=16.150 grad=4.2756 seconds=44.0
Epoch  215/5000: score=19.472517 loss=-0.748902 valid=1.0000 routes=15.797 grad=4.7081 seconds=43.3
Epoch  216/5000: score=18.195646 loss=-0.717393 valid=1.0000 routes=15.613 grad=4.7597 seconds=43.6
Epoch  217/5000: score=19.222548 loss=-0.731937 valid=1.0000 routes=16.437 grad=4.4220 seconds=42.7
Epoch  218/5000: score=18.818166 loss=-0.700158 valid=1.0000 routes=15.332 grad=4.1643 seconds=43.5
Epoch  219/5000: score=17.586467 loss=-0.625332 valid=1.0000 routes=13.681 grad=3.5476 seconds=44.3
Epoch  220/5000: score=17.830131 loss=-0.646120 valid=1.0000 routes=14.461 grad=3.7450 seconds=44.0
Epoch  221/5000: score=18.329168 loss=-0.675805 valid=1.0000 routes=15.119 grad=4.0963 seconds=42.5
Epoch  222/5000: score=17.693965 loss=-0.684199 valid=1.0000 routes=14.561 grad=4.1058 seconds=43.1
Epoch  223/5000: score=18.200776 loss=-0.664324 valid=1.0000 routes=14.402 grad=3.8886 seconds=42.9
Epoch  224/5000: score=17.941388 loss=-0.672857 valid=1.0000 routes=16.106 grad=4.1516 seconds=44.1
Epoch  225/5000: score=17.305872 loss=-0.630848 valid=1.0000 routes=14.672 grad=3.6801 seconds=43.1
Epoch  226/5000: score=17.309725 loss=-0.629211 valid=1.0000 routes=14.696 grad=3.5685 seconds=42.6
Epoch  227/5000: score=17.813993 loss=-0.651427 valid=1.0000 routes=15.816 grad=3.8717 seconds=42.9
Epoch  228/5000: score=18.818519 loss=-0.713163 valid=1.0000 routes=14.809 grad=4.4135 seconds=43.2
Epoch  229/5000: score=17.882060 loss=-0.679534 valid=1.0000 routes=15.005 grad=3.9709 seconds=43.3
Epoch  230/5000: score=17.911241 loss=-0.666141 valid=1.0000 routes=14.676 grad=3.9253 seconds=43.4
Epoch  231/5000: score=17.408734 loss=-0.621263 valid=1.0000 routes=13.851 grad=3.5479 seconds=43.3
Epoch  232/5000: score=16.628480 loss=-0.611701 valid=1.0000 routes=13.975 grad=3.3972 seconds=42.8
Epoch  233/5000: score=17.800861 loss=-0.656715 valid=1.0000 routes=15.037 grad=3.8129 seconds=42.5
Epoch  234/5000: score=19.167490 loss=-0.717021 valid=1.0000 routes=16.273 grad=4.6462 seconds=43.1
Epoch  235/5000: score=18.222829 loss=-0.661011 valid=1.0000 routes=14.698 grad=4.1715 seconds=42.4
>> Invalid instances, Re-generating ...
Epoch  236/5000: score=19.626379 loss=-0.751526 valid=1.0000 routes=17.076 grad=4.8593 seconds=43.4
Epoch  237/5000: score=17.560798 loss=-0.635873 valid=1.0000 routes=14.299 grad=3.7236 seconds=44.5
Epoch  238/5000: score=17.952716 loss=-0.649010 valid=1.0000 routes=14.234 grad=3.6663 seconds=42.9
Epoch  239/5000: score=18.867385 loss=-0.676331 valid=1.0000 routes=14.578 grad=3.9979 seconds=46.4
Epoch  240/5000: score=17.322884 loss=-0.600418 valid=1.0000 routes=14.325 grad=3.4264 seconds=45.2
Epoch  241/5000: score=19.384567 loss=-0.739639 valid=1.0000 routes=15.758 grad=4.5346 seconds=46.1
Epoch  242/5000: score=17.543625 loss=-0.628423 valid=1.0000 routes=13.958 grad=3.5632 seconds=46.7
Epoch  243/5000: score=18.393871 loss=-0.676013 valid=1.0000 routes=15.342 grad=4.2012 seconds=43.3
Epoch  244/5000: score=17.363528 loss=-0.666306 valid=1.0000 routes=14.837 grad=3.9237 seconds=43.3
Epoch  245/5000: score=17.831440 loss=-0.634954 valid=1.0000 routes=15.287 grad=3.8844 seconds=43.1
Epoch  246/5000: score=18.671585 loss=-0.655519 valid=1.0000 routes=14.993 grad=4.0348 seconds=43.3
Epoch  247/5000: score=17.744697 loss=-0.646553 valid=1.0000 routes=13.133 grad=4.0417 seconds=43.0
Epoch  248/5000: score=18.899035 loss=-0.705768 valid=1.0000 routes=16.788 grad=4.5030 seconds=43.6
Epoch  249/5000: score=18.768002 loss=-0.702553 valid=1.0000 routes=16.110 grad=4.4164 seconds=43.3
Epoch  250/5000: score=18.114630 loss=-0.643346 valid=1.0000 routes=14.470 grad=3.7952 seconds=43.5
Epoch  251/5000: score=18.444173 loss=-0.689148 valid=1.0000 routes=16.178 grad=4.4012 seconds=43.2
Epoch  252/5000: score=18.204108 loss=-0.648602 valid=1.0000 routes=15.293 grad=3.9247 seconds=43.1
Epoch  253/5000: score=18.180916 loss=-0.666482 valid=1.0000 routes=14.941 grad=3.9450 seconds=43.4
Epoch  254/5000: score=17.129567 loss=-0.627887 valid=1.0000 routes=15.695 grad=3.6762 seconds=43.0
Epoch  255/5000: score=17.882544 loss=-0.655800 valid=1.0000 routes=15.011 grad=4.0109 seconds=43.2
Epoch  256/5000: score=17.090172 loss=-0.614566 valid=1.0000 routes=14.002 grad=3.5597 seconds=42.8
Epoch  257/5000: score=18.732823 loss=-0.696819 valid=1.0000 routes=15.470 grad=4.1945 seconds=43.4
Epoch  258/5000: score=17.506086 loss=-0.624251 valid=1.0000 routes=14.377 grad=3.5419 seconds=43.0
Epoch  259/5000: score=17.935062 loss=-0.641360 valid=1.0000 routes=14.352 grad=4.2626 seconds=43.1
Epoch  260/5000: score=19.024487 loss=-0.687525 valid=1.0000 routes=15.489 grad=4.4063 seconds=43.0
Epoch  261/5000: score=17.376177 loss=-0.626345 valid=1.0000 routes=14.220 grad=3.6124 seconds=42.7
Epoch  262/5000: score=17.992168 loss=-0.642006 valid=1.0000 routes=14.838 grad=4.0631 seconds=43.1
Epoch  263/5000: score=17.700344 loss=-0.618091 valid=1.0000 routes=14.391 grad=3.5587 seconds=43.0
Epoch  264/5000: score=17.987882 loss=-0.612817 valid=1.0000 routes=14.947 grad=3.6283 seconds=43.1
Epoch  265/5000: score=18.814918 loss=-0.686739 valid=1.0000 routes=14.883 grad=4.1654 seconds=43.9
Epoch  266/5000: score=19.647178 loss=-0.694329 valid=1.0000 routes=16.381 grad=4.4610 seconds=43.5
Epoch  267/5000: score=17.059972 loss=-0.611975 valid=1.0000 routes=14.176 grad=3.5431 seconds=43.6
Epoch  268/5000: score=18.001724 loss=-0.619694 valid=1.0000 routes=14.348 grad=3.4989 seconds=44.2
Epoch  269/5000: score=17.502300 loss=-0.615416 valid=1.0000 routes=14.555 grad=3.6716 seconds=43.1
Epoch  270/5000: score=17.085022 loss=-0.605430 valid=1.0000 routes=15.009 grad=3.6519 seconds=42.8
Epoch  271/5000: score=17.621978 loss=-0.650515 valid=1.0000 routes=15.369 grad=4.0495 seconds=43.4
Epoch  272/5000: score=17.323712 loss=-0.623686 valid=1.0000 routes=14.348 grad=3.6109 seconds=43.1
Epoch  273/5000: score=18.554257 loss=-0.666561 valid=1.0000 routes=15.116 grad=4.2403 seconds=43.2
Epoch  274/5000: score=18.000603 loss=-0.652975 valid=1.0000 routes=15.001 grad=4.0529 seconds=43.8
Epoch  275/5000: score=17.685354 loss=-0.627246 valid=1.0000 routes=15.063 grad=3.9048 seconds=44.4
Epoch  276/5000: score=18.328181 loss=-0.637995 valid=1.0000 routes=14.547 grad=3.7289 seconds=44.2
Epoch  277/5000: score=17.338954 loss=-0.616231 valid=1.0000 routes=14.249 grad=3.5874 seconds=44.1
Epoch  278/5000: score=19.336561 loss=-0.683288 valid=1.0000 routes=15.117 grad=4.1944 seconds=44.2
Epoch  279/5000: score=17.008398 loss=-0.593933 valid=1.0000 routes=13.454 grad=3.3660 seconds=44.2
Epoch  280/5000: score=17.724260 loss=-0.632413 valid=1.0000 routes=14.562 grad=3.9277 seconds=44.1
Epoch  281/5000: score=16.996317 loss=-0.590609 valid=1.0000 routes=14.383 grad=3.4866 seconds=44.1
Epoch  282/5000: score=19.012842 loss=-0.712405 valid=1.0000 routes=16.941 grad=4.7459 seconds=43.2
Epoch  283/5000: score=17.374497 loss=-0.656656 valid=1.0000 routes=15.560 grad=4.1444 seconds=43.4
Epoch  284/5000: score=16.423270 loss=-0.571422 valid=1.0000 routes=14.177 grad=3.1828 seconds=43.1
Epoch  285/5000: score=17.379914 loss=-0.630156 valid=1.0000 routes=15.165 grad=3.7692 seconds=43.6
Epoch  286/5000: score=17.411252 loss=-0.631067 valid=1.0000 routes=14.247 grad=3.7681 seconds=43.4
Epoch  287/5000: score=17.772525 loss=-0.647377 valid=1.0000 routes=14.368 grad=4.1472 seconds=43.7
Epoch  288/5000: score=17.320920 loss=-0.596552 valid=1.0000 routes=14.712 grad=3.4287 seconds=43.6
Epoch  289/5000: score=17.107110 loss=-0.568667 valid=1.0000 routes=13.903 grad=3.3644 seconds=43.4
Epoch  290/5000: score=18.922836 loss=-0.676434 valid=1.0000 routes=15.204 grad=4.2332 seconds=43.8
Epoch  291/5000: score=17.274049 loss=-0.586014 valid=1.0000 routes=14.094 grad=3.4201 seconds=43.7
Epoch  292/5000: score=17.784012 loss=-0.646920 valid=1.0000 routes=14.786 grad=3.9537 seconds=44.3
Epoch  293/5000: score=18.559410 loss=-0.676129 valid=1.0000 routes=14.650 grad=4.3351 seconds=45.2
Epoch  294/5000: score=18.694849 loss=-0.679459 valid=1.0000 routes=15.661 grad=4.5449 seconds=45.8
Epoch  295/5000: score=17.198717 loss=-0.606475 valid=1.0000 routes=14.336 grad=3.7984 seconds=46.8
Epoch  296/5000: score=17.556116 loss=-0.621248 valid=1.0000 routes=14.986 grad=3.8975 seconds=46.4
>> Invalid instances, Re-generating ...
Epoch  297/5000: score=16.928916 loss=-0.628852 valid=1.0000 routes=15.112 grad=3.8962 seconds=45.4
Epoch  298/5000: score=17.874150 loss=-0.648124 valid=1.0000 routes=14.046 grad=3.9371 seconds=44.8
Epoch  299/5000: score=17.884880 loss=-0.650357 valid=1.0000 routes=15.231 grad=4.3620 seconds=44.7
Epoch  300/5000: score=18.058912 loss=-0.647060 valid=1.0000 routes=15.890 grad=4.1579 seconds=44.4
Epoch  301/5000: score=17.058298 loss=-0.604262 valid=1.0000 routes=13.659 grad=3.5619 seconds=45.0
Epoch  302/5000: score=17.110984 loss=-0.652651 valid=1.0000 routes=15.202 grad=4.1299 seconds=45.0
Epoch  303/5000: score=18.192626 loss=-0.621700 valid=1.0000 routes=14.795 grad=3.8747 seconds=44.8
>> Invalid instances, Re-generating ...
Epoch  304/5000: score=18.036201 loss=-0.645524 valid=1.0000 routes=15.612 grad=4.0358 seconds=44.8
Epoch  305/5000: score=17.239424 loss=-0.602545 valid=1.0000 routes=14.188 grad=3.5362 seconds=44.7
Epoch  306/5000: score=17.314098 loss=-0.620532 valid=1.0000 routes=14.775 grad=3.6458 seconds=44.5
Epoch  307/5000: score=18.560278 loss=-0.665486 valid=1.0000 routes=16.013 grad=4.3266 seconds=44.2
Epoch  308/5000: score=18.212179 loss=-0.645683 valid=1.0000 routes=15.350 grad=4.0166 seconds=44.2
Epoch  309/5000: score=18.628438 loss=-0.638011 valid=1.0000 routes=15.139 grad=4.0184 seconds=44.7
Epoch  310/5000: score=17.891888 loss=-0.605188 valid=1.0000 routes=13.653 grad=3.5668 seconds=44.3
Epoch  311/5000: score=17.501443 loss=-0.609884 valid=1.0000 routes=15.158 grad=3.6962 seconds=44.5
Epoch  312/5000: score=17.375963 loss=-0.609059 valid=1.0000 routes=15.026 grad=3.7360 seconds=44.7
>> Invalid instances, Re-generating ...
Epoch  313/5000: score=18.055291 loss=-0.633711 valid=1.0000 routes=14.887 grad=3.9047 seconds=44.3
Epoch  314/5000: score=16.745321 loss=-0.580792 valid=1.0000 routes=14.252 grad=3.4934 seconds=43.8
Epoch  315/5000: score=17.723203 loss=-0.606755 valid=1.0000 routes=14.729 grad=3.8065 seconds=43.7
Epoch  316/5000: score=16.454951 loss=-0.572929 valid=1.0000 routes=13.222 grad=3.4120 seconds=45.2
Epoch  317/5000: score=18.446346 loss=-0.656759 valid=1.0000 routes=14.831 grad=4.1328 seconds=46.8
Epoch  318/5000: score=17.948832 loss=-0.624265 valid=1.0000 routes=14.922 grad=4.0719 seconds=44.4
Epoch  319/5000: score=17.736746 loss=-0.630975 valid=1.0000 routes=15.072 grad=4.1100 seconds=44.1
Epoch  320/5000: score=16.525121 loss=-0.556901 valid=1.0000 routes=13.595 grad=3.2410 seconds=44.1
Epoch  321/5000: score=16.637002 loss=-0.590972 valid=1.0000 routes=15.308 grad=3.3874 seconds=44.2
Epoch  322/5000: score=17.525586 loss=-0.601611 valid=1.0000 routes=14.157 grad=3.6959 seconds=44.2
Epoch  323/5000: score=18.106159 loss=-0.624620 valid=1.0000 routes=15.632 grad=3.9512 seconds=43.7
Epoch  324/5000: score=17.012811 loss=-0.601613 valid=1.0000 routes=13.397 grad=3.5729 seconds=43.8
Epoch  325/5000: score=17.941711 loss=-0.606958 valid=1.0000 routes=14.610 grad=3.7486 seconds=43.4
Epoch  326/5000: score=17.663558 loss=-0.630115 valid=1.0000 routes=14.594 grad=3.8924 seconds=44.1
Epoch  327/5000: score=18.105735 loss=-0.644718 valid=1.0000 routes=15.975 grad=4.1683 seconds=43.4
Epoch  328/5000: score=17.434657 loss=-0.632070 valid=1.0000 routes=14.762 grad=3.9593 seconds=44.5
Epoch  329/5000: score=17.159818 loss=-0.593422 valid=1.0000 routes=13.275 grad=3.6433 seconds=44.0
Epoch  330/5000: score=18.005626 loss=-0.602598 valid=1.0000 routes=14.897 grad=3.8783 seconds=43.6
Epoch  331/5000: score=17.548704 loss=-0.592285 valid=1.0000 routes=14.533 grad=3.6439 seconds=43.7
Epoch  332/5000: score=17.324435 loss=-0.590744 valid=1.0000 routes=14.299 grad=3.7319 seconds=43.6
Epoch  333/5000: score=18.506413 loss=-0.631556 valid=1.0000 routes=15.702 grad=4.2497 seconds=43.9
Epoch  334/5000: score=18.142779 loss=-0.616440 valid=1.0000 routes=14.967 grad=3.8913 seconds=43.4
Epoch  335/5000: score=17.050209 loss=-0.584473 valid=1.0000 routes=14.887 grad=3.5572 seconds=43.7
Epoch  336/5000: score=17.647034 loss=-0.623802 valid=1.0000 routes=15.159 grad=4.0043 seconds=43.8
Epoch  337/5000: score=18.647383 loss=-0.638221 valid=1.0000 routes=15.257 grad=4.2284 seconds=43.6
Epoch  338/5000: score=18.112482 loss=-0.625699 valid=1.0000 routes=15.509 grad=3.9934 seconds=44.0
Epoch  339/5000: score=17.784775 loss=-0.640885 valid=1.0000 routes=15.503 grad=4.1467 seconds=44.2
Epoch  340/5000: score=18.171032 loss=-0.625349 valid=1.0000 routes=14.051 grad=3.8883 seconds=45.0
Epoch  341/5000: score=17.536604 loss=-0.612565 valid=1.0000 routes=15.861 grad=4.0242 seconds=43.9
Epoch  342/5000: score=17.854557 loss=-0.602275 valid=1.0000 routes=14.456 grad=3.5514 seconds=43.9
Epoch  343/5000: score=16.703767 loss=-0.574362 valid=1.0000 routes=13.769 grad=3.3487 seconds=44.6
Epoch  344/5000: score=17.662196 loss=-0.595123 valid=1.0000 routes=14.953 grad=3.6540 seconds=44.3
Epoch  345/5000: score=17.407975 loss=-0.619776 valid=1.0000 routes=14.545 grad=3.8563 seconds=45.0
Epoch  346/5000: score=17.205583 loss=-0.610849 valid=1.0000 routes=15.917 grad=3.8012 seconds=44.4
Epoch  347/5000: score=17.692074 loss=-0.625603 valid=1.0000 routes=15.640 grad=3.9049 seconds=45.1
Epoch  348/5000: score=17.674114 loss=-0.614809 valid=1.0000 routes=14.928 grad=4.0424 seconds=44.8
Epoch  349/5000: score=17.089245 loss=-0.573740 valid=1.0000 routes=13.956 grad=3.3954 seconds=44.4
Epoch  350/5000: score=17.644862 loss=-0.589551 valid=1.0000 routes=14.226 grad=3.8274 seconds=44.6
>> Invalid instances, Re-generating ...
Epoch  351/5000: score=18.521235 loss=-0.623678 valid=1.0000 routes=14.716 grad=3.9352 seconds=44.4
Epoch  352/5000: score=18.293190 loss=-0.646428 valid=1.0000 routes=14.673 grad=4.0367 seconds=44.7
Epoch  353/5000: score=16.750768 loss=-0.557583 valid=1.0000 routes=13.970 grad=3.2588 seconds=44.5
Epoch  354/5000: score=17.654224 loss=-0.610104 valid=1.0000 routes=14.292 grad=4.0864 seconds=44.9
Epoch  355/5000: score=17.801728 loss=-0.619555 valid=1.0000 routes=15.804 grad=4.1040 seconds=44.9
Epoch  356/5000: score=17.443188 loss=-0.608025 valid=1.0000 routes=13.871 grad=3.6188 seconds=44.9
Epoch  357/5000: score=16.042434 loss=-0.551531 valid=1.0000 routes=13.972 grad=3.2480 seconds=45.4
Epoch  358/5000: score=17.941274 loss=-0.604310 valid=1.0000 routes=15.156 grad=3.8847 seconds=44.8
Epoch  359/5000: score=17.978727 loss=-0.620671 valid=1.0000 routes=15.256 grad=4.0144 seconds=44.8
Epoch  360/5000: score=17.343530 loss=-0.590556 valid=1.0000 routes=14.598 grad=3.7166 seconds=44.7
Epoch  361/5000: score=18.095902 loss=-0.641863 valid=1.0000 routes=15.046 grad=4.0361 seconds=44.8
Epoch  362/5000: score=18.716188 loss=-0.666836 valid=1.0000 routes=15.711 grad=4.3397 seconds=44.9
Epoch  363/5000: score=18.268858 loss=-0.605039 valid=1.0000 routes=14.401 grad=3.9197 seconds=44.4
Epoch  364/5000: score=18.121381 loss=-0.608383 valid=1.0000 routes=14.851 grad=4.1222 seconds=44.7
Epoch  365/5000: score=16.930738 loss=-0.582775 valid=1.0000 routes=15.330 grad=3.7250 seconds=44.9
Epoch  366/5000: score=16.305558 loss=-0.570599 valid=1.0000 routes=14.192 grad=3.4380 seconds=45.0
Epoch  367/5000: score=16.602094 loss=-0.547819 valid=1.0000 routes=13.416 grad=3.2486 seconds=45.2
Epoch  368/5000: score=17.706049 loss=-0.615029 valid=1.0000 routes=14.762 grad=4.0569 seconds=44.5
Epoch  369/5000: score=17.515050 loss=-0.568803 valid=1.0000 routes=13.924 grad=3.4694 seconds=44.5
Epoch  370/5000: score=17.920493 loss=-0.603191 valid=1.0000 routes=14.477 grad=3.8083 seconds=44.5
Epoch  371/5000: score=16.908594 loss=-0.559334 valid=1.0000 routes=14.095 grad=3.4294 seconds=44.9
Epoch  372/5000: score=17.612880 loss=-0.581229 valid=1.0000 routes=14.646 grad=3.4885 seconds=44.6
Epoch  373/5000: score=17.745835 loss=-0.606722 valid=1.0000 routes=15.482 grad=3.8269 seconds=44.4
Epoch  374/5000: score=16.802702 loss=-0.581151 valid=1.0000 routes=13.761 grad=3.5557 seconds=45.0
Epoch  375/5000: score=18.050048 loss=-0.629659 valid=1.0000 routes=14.941 grad=4.0558 seconds=44.7
Epoch  376/5000: score=17.605269 loss=-0.596031 valid=1.0000 routes=14.471 grad=3.8004 seconds=44.8
Epoch  377/5000: score=18.690788 loss=-0.621477 valid=1.0000 routes=15.254 grad=4.2138 seconds=44.2
>> Invalid instances, Re-generating ...
Epoch  378/5000: score=17.794224 loss=-0.648979 valid=1.0000 routes=15.241 grad=4.3618 seconds=44.8
Epoch  379/5000: score=16.891632 loss=-0.557316 valid=1.0000 routes=13.690 grad=3.2119 seconds=44.5
Epoch  380/5000: score=18.727810 loss=-0.661433 valid=1.0000 routes=15.526 grad=4.3512 seconds=44.5
Epoch  381/5000: score=17.521385 loss=-0.607971 valid=1.0000 routes=14.771 grad=3.8198 seconds=44.5
Epoch  382/5000: score=17.994270 loss=-0.612031 valid=1.0000 routes=15.901 grad=3.9857 seconds=44.3
Epoch  383/5000: score=17.426647 loss=-0.602569 valid=1.0000 routes=15.551 grad=3.8567 seconds=44.3
Epoch  384/5000: score=17.038928 loss=-0.575475 valid=1.0000 routes=13.936 grad=3.5945 seconds=44.8
Epoch  385/5000: score=17.541646 loss=-0.601793 valid=1.0000 routes=14.810 grad=3.6863 seconds=44.8
Epoch  386/5000: score=18.847162 loss=-0.660076 valid=1.0000 routes=16.017 grad=4.4429 seconds=45.5
Epoch  387/5000: score=17.808084 loss=-0.589932 valid=1.0000 routes=14.134 grad=3.6012 seconds=44.5
Epoch  388/5000: score=17.425200 loss=-0.600372 valid=1.0000 routes=14.639 grad=3.8996 seconds=44.7
Epoch  389/5000: score=17.265953 loss=-0.593164 valid=1.0000 routes=14.403 grad=3.6321 seconds=44.8
Epoch  390/5000: score=18.823681 loss=-0.626367 valid=1.0000 routes=14.433 grad=4.0046 seconds=44.8
Epoch  391/5000: score=17.660034 loss=-0.592772 valid=1.0000 routes=15.566 grad=3.7181 seconds=44.6
Epoch  392/5000: score=18.099564 loss=-0.610445 valid=1.0000 routes=14.937 grad=3.7990 seconds=45.6
Epoch  393/5000: score=17.331938 loss=-0.591689 valid=1.0000 routes=14.070 grad=3.6965 seconds=45.6
Epoch  394/5000: score=17.249194 loss=-0.573952 valid=1.0000 routes=14.309 grad=3.4363 seconds=45.1
Epoch  395/5000: score=18.041685 loss=-0.630966 valid=1.0000 routes=14.941 grad=4.1796 seconds=45.1
Epoch  396/5000: score=18.159102 loss=-0.631131 valid=1.0000 routes=15.432 grad=4.0189 seconds=44.7
Epoch  397/5000: score=17.616339 loss=-0.616720 valid=1.0000 routes=14.360 grad=4.1654 seconds=44.7
Epoch  398/5000: score=17.676027 loss=-0.606161 valid=1.0000 routes=15.562 grad=3.8607 seconds=45.3
Epoch  399/5000: score=16.660886 loss=-0.550899 valid=1.0000 routes=13.945 grad=3.2479 seconds=45.5
Epoch  400/5000: score=16.445097 loss=-0.567050 valid=1.0000 routes=14.706 grad=3.4517 seconds=45.1
Epoch  401/5000: score=17.501951 loss=-0.607159 valid=1.0000 routes=14.111 grad=3.7443 seconds=45.0
Epoch  402/5000: score=17.105589 loss=-0.557531 valid=1.0000 routes=13.798 grad=3.4483 seconds=43.9
Epoch  403/5000: score=17.653254 loss=-0.600497 valid=1.0000 routes=14.687 grad=3.7585 seconds=44.1
Epoch  404/5000: score=16.862930 loss=-0.561661 valid=1.0000 routes=14.508 grad=3.3741 seconds=43.7
Epoch  405/5000: score=18.924765 loss=-0.651921 valid=1.0000 routes=15.218 grad=4.4257 seconds=44.2
Epoch  406/5000: score=18.383696 loss=-0.624574 valid=1.0000 routes=15.568 grad=4.2692 seconds=45.0
Epoch  407/5000: score=18.176466 loss=-0.585709 valid=1.0000 routes=13.951 grad=3.6675 seconds=44.2
Epoch  408/5000: score=18.602420 loss=-0.662663 valid=1.0000 routes=15.522 grad=4.7302 seconds=44.4
Epoch  409/5000: score=17.279995 loss=-0.590714 valid=1.0000 routes=14.648 grad=3.6961 seconds=44.3
Epoch  410/5000: score=17.887217 loss=-0.619325 valid=1.0000 routes=15.509 grad=4.0013 seconds=44.3
Epoch  411/5000: score=17.081914 loss=-0.561829 valid=1.0000 routes=14.114 grad=3.4069 seconds=44.4
Epoch  412/5000: score=18.846736 loss=-0.614462 valid=1.0000 routes=14.703 grad=4.0713 seconds=44.2
Epoch  413/5000: score=17.153096 loss=-0.557602 valid=1.0000 routes=14.373 grad=3.4328 seconds=44.0
Epoch  414/5000: score=17.312465 loss=-0.593923 valid=1.0000 routes=14.879 grad=3.7965 seconds=44.2
>> Invalid instances, Re-generating ...
Epoch  415/5000: score=17.412396 loss=-0.585904 valid=1.0000 routes=14.814 grad=3.7239 seconds=44.6
Epoch  416/5000: score=18.348426 loss=-0.603018 valid=1.0000 routes=15.504 grad=4.0148 seconds=44.2
Epoch  417/5000: score=17.698649 loss=-0.617639 valid=1.0000 routes=14.401 grad=3.9092 seconds=44.6
Epoch  418/5000: score=17.206604 loss=-0.596173 valid=1.0000 routes=14.396 grad=3.8020 seconds=44.1
Epoch  419/5000: score=17.053145 loss=-0.554727 valid=1.0000 routes=13.951 grad=3.3296 seconds=44.5
Epoch  420/5000: score=18.234447 loss=-0.608421 valid=1.0000 routes=14.256 grad=3.9523 seconds=45.1
Epoch  421/5000: score=18.795621 loss=-0.647092 valid=1.0000 routes=15.258 grad=4.3803 seconds=44.7
Epoch  422/5000: score=17.665491 loss=-0.607026 valid=1.0000 routes=15.057 grad=3.8790 seconds=44.3
Epoch  423/5000: score=16.848472 loss=-0.551056 valid=1.0000 routes=14.210 grad=3.3111 seconds=43.9
Epoch  424/5000: score=16.760292 loss=-0.578624 valid=1.0000 routes=15.033 grad=3.5849 seconds=44.2
Epoch  425/5000: score=19.153725 loss=-0.628225 valid=1.0000 routes=14.970 grad=4.3098 seconds=44.4
Epoch  426/5000: score=16.466807 loss=-0.583709 valid=1.0000 routes=14.961 grad=3.6392 seconds=44.2
Epoch  427/5000: score=18.549835 loss=-0.620992 valid=1.0000 routes=15.233 grad=4.0683 seconds=43.9
Epoch  428/5000: score=17.366827 loss=-0.593798 valid=1.0000 routes=14.332 grad=3.6804 seconds=44.0
Epoch  429/5000: score=16.952829 loss=-0.553411 valid=1.0000 routes=13.654 grad=3.3173 seconds=44.8
Epoch  430/5000: score=16.973704 loss=-0.576256 valid=1.0000 routes=14.373 grad=3.5829 seconds=44.1
Epoch  431/5000: score=18.298161 loss=-0.601534 valid=1.0000 routes=14.819 grad=3.9386 seconds=44.2
Epoch  432/5000: score=18.402175 loss=-0.600084 valid=1.0000 routes=14.834 grad=3.9193 seconds=44.0
Epoch  433/5000: score=16.604560 loss=-0.541640 valid=1.0000 routes=13.725 grad=3.2131 seconds=44.6
Epoch  434/5000: score=18.683380 loss=-0.624658 valid=1.0000 routes=15.181 grad=4.1192 seconds=44.6
Epoch  435/5000: score=17.258370 loss=-0.569125 valid=1.0000 routes=14.679 grad=3.5451 seconds=44.1
Epoch  436/5000: score=17.557892 loss=-0.571618 valid=1.0000 routes=14.628 grad=3.5226 seconds=44.0
Epoch  437/5000: score=17.528575 loss=-0.576882 valid=1.0000 routes=14.168 grad=3.7222 seconds=43.8
Epoch  438/5000: score=17.874722 loss=-0.586104 valid=1.0000 routes=14.729 grad=3.7113 seconds=44.2
Epoch  439/5000: score=17.074653 loss=-0.568482 valid=1.0000 routes=14.346 grad=3.5267 seconds=44.0
Epoch  440/5000: score=18.480876 loss=-0.641476 valid=1.0000 routes=16.048 grad=4.3179 seconds=44.0
Epoch  441/5000: score=17.615477 loss=-0.602576 valid=1.0000 routes=14.783 grad=3.7198 seconds=44.1
Epoch  442/5000: score=17.816107 loss=-0.604596 valid=1.0000 routes=14.836 grad=3.8501 seconds=44.0
Epoch  443/5000: score=17.599834 loss=-0.592827 valid=1.0000 routes=14.346 grad=3.8463 seconds=44.4
Epoch  444/5000: score=17.579012 loss=-0.582322 valid=1.0000 routes=15.275 grad=3.6888 seconds=44.1
Epoch  445/5000: score=17.569189 loss=-0.606134 valid=1.0000 routes=15.051 grad=4.1996 seconds=44.2
Epoch  446/5000: score=17.805444 loss=-0.575949 valid=1.0000 routes=13.865 grad=3.8821 seconds=44.0
Epoch  447/5000: score=16.452729 loss=-0.549988 valid=1.0000 routes=14.350 grad=3.3557 seconds=43.8
Epoch  448/5000: score=17.990812 loss=-0.616067 valid=1.0000 routes=16.000 grad=4.1704 seconds=44.3
Epoch  449/5000: score=17.552794 loss=-0.622249 valid=1.0000 routes=15.455 grad=3.9785 seconds=44.3
Epoch  450/5000: score=17.172709 loss=-0.603317 valid=1.0000 routes=14.200 grad=3.8254 seconds=44.4
Epoch  451/5000: score=17.764007 loss=-0.575913 valid=1.0000 routes=14.565 grad=3.7658 seconds=44.3
Epoch  452/5000: score=17.676517 loss=-0.596772 valid=1.0000 routes=14.394 grad=3.8261 seconds=44.4
Epoch  453/5000: score=17.091644 loss=-0.551858 valid=1.0000 routes=14.019 grad=3.3163 seconds=44.5
Epoch  454/5000: score=16.988689 loss=-0.563846 valid=1.0000 routes=13.671 grad=3.4389 seconds=44.4
Epoch  455/5000: score=17.670899 loss=-0.620520 valid=1.0000 routes=15.631 grad=4.1601 seconds=44.7
Epoch  456/5000: score=17.034036 loss=-0.571079 valid=1.0000 routes=13.765 grad=3.4407 seconds=44.4
Epoch  457/5000: score=17.454383 loss=-0.585817 valid=1.0000 routes=14.516 grad=3.6112 seconds=45.6
Epoch  458/5000: score=17.693908 loss=-0.586230 valid=1.0000 routes=14.259 grad=3.9717 seconds=44.9
Epoch  459/5000: score=18.361765 loss=-0.606065 valid=1.0000 routes=15.513 grad=4.1254 seconds=44.2
Epoch  460/5000: score=17.912503 loss=-0.601651 valid=1.0000 routes=15.497 grad=3.9483 seconds=44.5
Epoch  461/5000: score=18.638138 loss=-0.639046 valid=1.0000 routes=15.462 grad=4.4531 seconds=44.5
Epoch  462/5000: score=17.574901 loss=-0.586260 valid=1.0000 routes=14.078 grad=3.8143 seconds=44.4
Epoch  463/5000: score=16.750690 loss=-0.560681 valid=1.0000 routes=13.771 grad=3.4488 seconds=44.6
Epoch  464/5000: score=18.909901 loss=-0.628999 valid=1.0000 routes=16.201 grad=4.2012 seconds=44.3
Epoch  465/5000: score=16.452958 loss=-0.519586 valid=1.0000 routes=13.395 grad=3.1556 seconds=44.3
Epoch  466/5000: score=17.897441 loss=-0.603122 valid=1.0000 routes=14.818 grad=3.9908 seconds=44.0
Epoch  467/5000: score=17.450884 loss=-0.617156 valid=1.0000 routes=14.796 grad=3.8880 seconds=44.7
Epoch  468/5000: score=18.786068 loss=-0.612028 valid=1.0000 routes=14.921 grad=4.0426 seconds=44.5
Epoch  469/5000: score=18.386418 loss=-0.620786 valid=1.0000 routes=15.250 grad=4.0550 seconds=44.3
Epoch  470/5000: score=17.004932 loss=-0.571490 valid=1.0000 routes=14.360 grad=3.5888 seconds=44.2
Epoch  471/5000: score=17.583907 loss=-0.605080 valid=1.0000 routes=14.742 grad=4.0068 seconds=44.0
Epoch  472/5000: score=17.552116 loss=-0.593412 valid=1.0000 routes=14.121 grad=3.7507 seconds=44.2
Epoch  473/5000: score=17.344113 loss=-0.548219 valid=1.0000 routes=14.024 grad=3.3231 seconds=43.8
Epoch  474/5000: score=16.439403 loss=-0.539439 valid=1.0000 routes=13.720 grad=3.2893 seconds=44.0
Epoch  475/5000: score=16.796287 loss=-0.564626 valid=1.0000 routes=13.908 grad=3.4628 seconds=44.1
Epoch  476/5000: score=17.494697 loss=-0.577431 valid=1.0000 routes=14.510 grad=3.6933 seconds=43.9
Epoch  477/5000: score=17.672749 loss=-0.580398 valid=1.0000 routes=14.790 grad=3.6744 seconds=44.2
Epoch  478/5000: score=17.764805 loss=-0.609001 valid=1.0000 routes=15.120 grad=3.9489 seconds=44.4
>> Invalid instances, Re-generating ...
Epoch  479/5000: score=18.161622 loss=-0.628344 valid=1.0000 routes=15.722 grad=4.1503 seconds=44.4
Epoch  480/5000: score=18.352583 loss=-0.595760 valid=1.0000 routes=14.603 grad=3.8410 seconds=44.4
Epoch  481/5000: score=17.519763 loss=-0.597250 valid=1.0000 routes=14.832 grad=3.8626 seconds=44.5
Epoch  482/5000: score=17.483938 loss=-0.578135 valid=1.0000 routes=14.271 grad=3.7671 seconds=44.0
Epoch  483/5000: score=17.381244 loss=-0.570939 valid=1.0000 routes=14.226 grad=3.5946 seconds=44.4
Epoch  484/5000: score=17.205409 loss=-0.575828 valid=1.0000 routes=14.455 grad=3.6229 seconds=44.3
Epoch  485/5000: score=17.186097 loss=-0.563766 valid=1.0000 routes=14.185 grad=3.6451 seconds=44.1
Epoch  486/5000: score=18.161887 loss=-0.612334 valid=1.0000 routes=14.936 grad=3.8485 seconds=44.3
Epoch  487/5000: score=17.018808 loss=-0.586824 valid=1.0000 routes=15.640 grad=3.7972 seconds=44.4
Epoch  488/5000: score=19.026370 loss=-0.637766 valid=1.0000 routes=15.131 grad=4.4041 seconds=44.3
Epoch  489/5000: score=17.651432 loss=-0.562707 valid=1.0000 routes=14.759 grad=3.6233 seconds=44.2
Epoch  490/5000: score=18.321951 loss=-0.623076 valid=1.0000 routes=15.627 grad=4.0643 seconds=43.8
Epoch  491/5000: score=16.402337 loss=-0.567969 valid=1.0000 routes=14.409 grad=3.4761 seconds=43.9
Epoch  492/5000: score=17.605286 loss=-0.572005 valid=1.0000 routes=13.922 grad=3.4879 seconds=43.7
Epoch  493/5000: score=17.057200 loss=-0.565504 valid=1.0000 routes=14.733 grad=3.5922 seconds=43.9
Epoch  494/5000: score=16.440072 loss=-0.559583 valid=1.0000 routes=14.362 grad=3.4302 seconds=43.9
Epoch  495/5000: score=17.993338 loss=-0.598976 valid=1.0000 routes=14.427 grad=3.8910 seconds=44.2
Epoch  496/5000: score=17.168500 loss=-0.555541 valid=1.0000 routes=13.638 grad=3.4105 seconds=44.0
Epoch  497/5000: score=17.780198 loss=-0.580722 valid=1.0000 routes=14.307 grad=4.0174 seconds=45.3
Epoch  498/5000: score=16.643505 loss=-0.546223 valid=1.0000 routes=13.780 grad=3.2865 seconds=45.6
Epoch  499/5000: score=18.047931 loss=-0.610387 valid=1.0000 routes=14.957 grad=3.9653 seconds=45.4
Epoch  500/5000: score=17.990479 loss=-0.598228 valid=1.0000 routes=15.414 grad=4.0156 seconds=45.4
Epoch  501/5000: score=16.791625 loss=-0.555505 valid=1.0000 routes=14.024 grad=3.5302 seconds=45.3
Epoch  502/5000: score=18.196828 loss=-0.604043 valid=1.0000 routes=15.191 grad=3.9250 seconds=45.5
Epoch  503/5000: score=17.980872 loss=-0.619896 valid=1.0000 routes=15.826 grad=4.1836 seconds=46.1
Epoch  504/5000: score=18.476345 loss=-0.633549 valid=1.0000 routes=15.980 grad=4.2775 seconds=43.8
Epoch  505/5000: score=16.787030 loss=-0.559460 valid=1.0000 routes=15.438 grad=3.6193 seconds=43.7
Epoch  506/5000: score=19.172364 loss=-0.655663 valid=1.0000 routes=15.628 grad=4.5422 seconds=43.7
Epoch  507/5000: score=18.836701 loss=-0.650261 valid=1.0000 routes=15.799 grad=4.4372 seconds=43.9
Epoch  508/5000: score=18.247560 loss=-0.603292 valid=1.0000 routes=15.170 grad=3.9150 seconds=43.7
Epoch  509/5000: score=17.708071 loss=-0.568392 valid=1.0000 routes=14.530 grad=3.6615 seconds=43.5
Epoch  510/5000: score=17.243721 loss=-0.563538 valid=1.0000 routes=14.618 grad=3.5245 seconds=43.8
Epoch  511/5000: score=17.007175 loss=-0.540917 valid=1.0000 routes=13.807 grad=3.3269 seconds=43.3
Epoch  512/5000: score=17.827602 loss=-0.625730 valid=1.0000 routes=15.007 grad=4.1236 seconds=43.8
Epoch  513/5000: score=18.220698 loss=-0.597540 valid=1.0000 routes=15.089 grad=3.8481 seconds=43.9
Epoch  514/5000: score=17.895404 loss=-0.588509 valid=1.0000 routes=14.235 grad=3.9228 seconds=44.0
Epoch  515/5000: score=18.440565 loss=-0.653160 valid=1.0000 routes=17.116 grad=4.6382 seconds=44.0
Epoch  516/5000: score=18.403647 loss=-0.615013 valid=1.0000 routes=15.338 grad=4.0945 seconds=43.7
Epoch  517/5000: score=17.374988 loss=-0.580431 valid=1.0000 routes=15.158 grad=3.6753 seconds=43.9
Epoch  518/5000: score=17.193381 loss=-0.555404 valid=1.0000 routes=14.223 grad=3.4501 seconds=43.6
Epoch  519/5000: score=16.964837 loss=-0.576661 valid=1.0000 routes=14.705 grad=3.7374 seconds=45.2
Epoch  520/5000: score=17.174341 loss=-0.564287 valid=1.0000 routes=13.528 grad=3.4735 seconds=43.6
Epoch  521/5000: score=17.149924 loss=-0.557327 valid=1.0000 routes=14.261 grad=3.5149 seconds=43.5
Epoch  522/5000: score=17.579257 loss=-0.584759 valid=1.0000 routes=14.837 grad=3.6754 seconds=43.8
Epoch  523/5000: score=17.170512 loss=-0.573890 valid=1.0000 routes=14.428 grad=3.6772 seconds=43.7
Epoch  524/5000: score=18.023108 loss=-0.577632 valid=1.0000 routes=14.184 grad=3.7130 seconds=43.8
Epoch  525/5000: score=18.328366 loss=-0.603121 valid=1.0000 routes=14.646 grad=3.9890 seconds=43.3
Epoch  526/5000: score=18.262605 loss=-0.604530 valid=1.0000 routes=15.031 grad=4.1768 seconds=43.8
Epoch  527/5000: score=18.224300 loss=-0.600542 valid=1.0000 routes=15.268 grad=3.9859 seconds=43.7
Epoch  528/5000: score=16.663500 loss=-0.547764 valid=1.0000 routes=14.360 grad=3.4601 seconds=43.7
Epoch  529/5000: score=16.692279 loss=-0.570428 valid=1.0000 routes=14.324 grad=3.6570 seconds=43.9
Epoch  530/5000: score=17.909924 loss=-0.589927 valid=1.0000 routes=15.078 grad=3.9767 seconds=43.6
Epoch  531/5000: score=16.841544 loss=-0.583854 valid=1.0000 routes=15.109 grad=3.9420 seconds=44.0
Epoch  532/5000: score=17.494207 loss=-0.554375 valid=1.0000 routes=14.714 grad=3.6233 seconds=43.7
Epoch  533/5000: score=17.762995 loss=-0.603616 valid=1.0000 routes=15.239 grad=4.0674 seconds=44.0
Epoch  534/5000: score=17.947563 loss=-0.609118 valid=1.0000 routes=15.984 grad=3.9765 seconds=43.7
Epoch  535/5000: score=17.429881 loss=-0.565857 valid=1.0000 routes=14.247 grad=3.5560 seconds=43.9
Epoch  536/5000: score=18.221789 loss=-0.608010 valid=1.0000 routes=15.128 grad=4.1846 seconds=44.0
Epoch  537/5000: score=18.538578 loss=-0.610990 valid=1.0000 routes=15.236 grad=4.1579 seconds=43.8
Epoch  538/5000: score=17.898973 loss=-0.576053 valid=1.0000 routes=15.389 grad=3.7803 seconds=43.6
Epoch  539/5000: score=18.450030 loss=-0.640346 valid=1.0000 routes=17.542 grad=4.4754 seconds=43.5
Epoch  540/5000: score=17.026251 loss=-0.553593 valid=1.0000 routes=13.820 grad=3.3410 seconds=44.2
Epoch  541/5000: score=17.509538 loss=-0.568369 valid=1.0000 routes=15.007 grad=3.6836 seconds=43.7
Epoch  542/5000: score=16.834734 loss=-0.575600 valid=1.0000 routes=14.266 grad=3.5320 seconds=43.3
Epoch  543/5000: score=17.707040 loss=-0.593772 valid=1.0000 routes=15.711 grad=3.7751 seconds=43.6
Epoch  544/5000: score=17.636220 loss=-0.580029 valid=1.0000 routes=14.869 grad=3.7200 seconds=43.2
Epoch  545/5000: score=17.059541 loss=-0.579010 valid=1.0000 routes=14.731 grad=3.5971 seconds=43.5
Epoch  546/5000: score=17.084341 loss=-0.535959 valid=1.0000 routes=14.172 grad=3.1819 seconds=43.2
Epoch  547/5000: score=17.841246 loss=-0.586136 valid=1.0000 routes=14.807 grad=3.7330 seconds=43.7
Epoch  548/5000: score=17.403986 loss=-0.561047 valid=1.0000 routes=14.291 grad=3.5641 seconds=43.6
Epoch  549/5000: score=17.826413 loss=-0.593225 valid=1.0000 routes=14.422 grad=3.9286 seconds=43.2
Epoch  550/5000: score=18.035617 loss=-0.585952 valid=1.0000 routes=14.127 grad=3.8266 seconds=43.5
Epoch  551/5000: score=17.123602 loss=-0.528863 valid=1.0000 routes=14.456 grad=3.3215 seconds=43.3
Epoch  552/5000: score=17.745963 loss=-0.578385 valid=1.0000 routes=14.451 grad=3.7459 seconds=43.9
Epoch  553/5000: score=18.076427 loss=-0.594736 valid=1.0000 routes=15.083 grad=3.9170 seconds=43.5
Epoch  554/5000: score=17.225430 loss=-0.539270 valid=1.0000 routes=15.194 grad=3.5089 seconds=43.7
Epoch  555/5000: score=16.677868 loss=-0.539909 valid=1.0000 routes=13.142 grad=3.3088 seconds=43.5
Epoch  556/5000: score=16.940231 loss=-0.574370 valid=1.0000 routes=14.487 grad=3.6030 seconds=43.4
Epoch  557/5000: score=16.244030 loss=-0.532069 valid=1.0000 routes=14.275 grad=3.3675 seconds=43.6
Epoch  558/5000: score=17.904747 loss=-0.560494 valid=1.0000 routes=13.794 grad=3.5586 seconds=43.1
Epoch  559/5000: score=17.464489 loss=-0.560909 valid=1.0000 routes=14.236 grad=3.6376 seconds=44.0
Epoch  560/5000: score=18.457888 loss=-0.603612 valid=1.0000 routes=15.254 grad=4.3098 seconds=43.1
Epoch  561/5000: score=16.743107 loss=-0.519346 valid=1.0000 routes=13.565 grad=3.1870 seconds=43.5
Epoch  562/5000: score=18.159791 loss=-0.596965 valid=1.0000 routes=14.130 grad=4.1691 seconds=43.2
Epoch  563/5000: score=18.374669 loss=-0.601807 valid=1.0000 routes=14.584 grad=4.0332 seconds=43.1
Epoch  564/5000: score=17.340080 loss=-0.540753 valid=1.0000 routes=14.036 grad=3.4746 seconds=43.4
Epoch  565/5000: score=16.701811 loss=-0.532968 valid=1.0000 routes=13.741 grad=3.2732 seconds=43.7
Epoch  566/5000: score=16.513962 loss=-0.569060 valid=1.0000 routes=14.715 grad=3.6157 seconds=43.7
Epoch  567/5000: score=17.444246 loss=-0.574496 valid=1.0000 routes=14.545 grad=3.8181 seconds=43.4
Epoch  568/5000: score=16.997769 loss=-0.537873 valid=1.0000 routes=14.311 grad=3.3283 seconds=43.3
Epoch  569/5000: score=17.946562 loss=-0.588100 valid=1.0000 routes=14.781 grad=3.9349 seconds=43.2
Epoch  570/5000: score=18.527681 loss=-0.596877 valid=1.0000 routes=14.660 grad=3.9487 seconds=43.4
Epoch  571/5000: score=17.000082 loss=-0.538840 valid=1.0000 routes=14.402 grad=3.4854 seconds=43.8
Epoch  572/5000: score=19.288479 loss=-0.629796 valid=1.0000 routes=15.562 grad=4.4938 seconds=43.3
Epoch  573/5000: score=17.098493 loss=-0.537840 valid=1.0000 routes=14.998 grad=3.4230 seconds=43.5
Epoch  574/5000: score=17.630473 loss=-0.563405 valid=1.0000 routes=14.574 grad=3.6744 seconds=43.0
>> Invalid instances, Re-generating ...
Epoch  575/5000: score=17.833902 loss=-0.580480 valid=1.0000 routes=14.513 grad=3.8499 seconds=43.6
Epoch  576/5000: score=17.119741 loss=-0.578183 valid=1.0000 routes=14.961 grad=3.7072 seconds=43.4
Epoch  577/5000: score=18.248344 loss=-0.624042 valid=1.0000 routes=16.016 grad=4.3374 seconds=43.5
Epoch  578/5000: score=18.102117 loss=-0.566009 valid=1.0000 routes=15.019 grad=3.6919 seconds=43.5
Epoch  579/5000: score=16.364960 loss=-0.504141 valid=1.0000 routes=13.497 grad=2.9861 seconds=43.2
Epoch  580/5000: score=17.223733 loss=-0.575559 valid=1.0000 routes=14.914 grad=3.9006 seconds=43.6
Epoch  581/5000: score=16.815235 loss=-0.532243 valid=1.0000 routes=13.410 grad=3.3460 seconds=43.4
Epoch  582/5000: score=18.245829 loss=-0.601728 valid=1.0000 routes=15.736 grad=4.2099 seconds=43.5
Epoch  583/5000: score=18.456140 loss=-0.624615 valid=1.0000 routes=15.850 grad=4.2473 seconds=43.2
Epoch  584/5000: score=17.707256 loss=-0.582502 valid=1.0000 routes=15.134 grad=3.8053 seconds=43.3
Epoch  585/5000: score=16.248225 loss=-0.545601 valid=1.0000 routes=14.433 grad=3.3964 seconds=43.7
Epoch  586/5000: score=16.695684 loss=-0.530444 valid=1.0000 routes=13.842 grad=3.2758 seconds=43.3
Epoch  587/5000: score=16.380540 loss=-0.497567 valid=1.0000 routes=13.583 grad=3.0175 seconds=43.5
Epoch  588/5000: score=18.446365 loss=-0.636842 valid=1.0000 routes=15.898 grad=4.4973 seconds=43.2
Epoch  589/5000: score=17.705931 loss=-0.561403 valid=1.0000 routes=14.558 grad=3.7611 seconds=43.6
Epoch  590/5000: score=16.944540 loss=-0.557825 valid=1.0000 routes=14.294 grad=3.5854 seconds=44.2
>> Invalid instances, Re-generating ...
Epoch  591/5000: score=17.739993 loss=-0.594608 valid=1.0000 routes=15.548 grad=3.9921 seconds=43.4
Epoch  592/5000: score=17.489570 loss=-0.559278 valid=1.0000 routes=14.752 grad=3.7512 seconds=43.4
Epoch  593/5000: score=19.641040 loss=-0.663685 valid=1.0000 routes=16.037 grad=4.6798 seconds=43.1
Epoch  594/5000: score=18.809164 loss=-0.579543 valid=1.0000 routes=15.028 grad=3.9739 seconds=43.1
Epoch  595/5000: score=18.439680 loss=-0.608681 valid=1.0000 routes=15.584 grad=4.3210 seconds=43.3
Epoch  596/5000: score=18.028163 loss=-0.565753 valid=1.0000 routes=14.761 grad=3.7981 seconds=43.0
Epoch  597/5000: score=17.305151 loss=-0.566067 valid=1.0000 routes=14.528 grad=3.7129 seconds=43.4
Epoch  598/5000: score=16.770727 loss=-0.548833 valid=1.0000 routes=14.661 grad=3.4590 seconds=43.0
Epoch  599/5000: score=16.751009 loss=-0.556969 valid=1.0000 routes=14.478 grad=3.5487 seconds=43.4
Epoch  600/5000: score=16.563136 loss=-0.523469 valid=1.0000 routes=14.088 grad=3.2949 seconds=43.3
Epoch  601/5000: score=18.195780 loss=-0.596164 valid=1.0000 routes=15.007 grad=4.0566 seconds=43.5
Epoch  602/5000: score=17.834059 loss=-0.591678 valid=1.0000 routes=15.426 grad=4.0554 seconds=43.5
Epoch  603/5000: score=16.927987 loss=-0.528772 valid=1.0000 routes=13.847 grad=3.3054 seconds=43.1
Epoch  604/5000: score=17.949894 loss=-0.590776 valid=1.0000 routes=15.628 grad=3.9910 seconds=43.4
Epoch  605/5000: score=18.258274 loss=-0.595338 valid=1.0000 routes=15.286 grad=4.0419 seconds=43.0
Epoch  606/5000: score=17.718057 loss=-0.573299 valid=1.0000 routes=14.492 grad=3.6451 seconds=43.4
Epoch  607/5000: score=17.015133 loss=-0.527397 valid=1.0000 routes=13.313 grad=3.3396 seconds=43.3
Epoch  608/5000: score=17.338997 loss=-0.545180 valid=1.0000 routes=14.564 grad=3.6574 seconds=43.7
Epoch  609/5000: score=18.054651 loss=-0.574273 valid=1.0000 routes=14.236 grad=3.8832 seconds=43.7
Epoch  610/5000: score=17.707506 loss=-0.597059 valid=1.0000 routes=14.341 grad=3.9926 seconds=43.5
Epoch  611/5000: score=16.801230 loss=-0.525947 valid=1.0000 routes=14.332 grad=3.3297 seconds=43.5
>> Invalid instances, Re-generating ...
Epoch  612/5000: score=18.112326 loss=-0.588473 valid=1.0000 routes=15.595 grad=4.0774 seconds=43.4
Epoch  613/5000: score=16.391208 loss=-0.546297 valid=1.0000 routes=13.862 grad=3.7695 seconds=43.4
Epoch  614/5000: score=16.672318 loss=-0.533207 valid=1.0000 routes=14.229 grad=3.3320 seconds=43.3
Epoch  615/5000: score=16.201919 loss=-0.531563 valid=1.0000 routes=14.338 grad=3.3191 seconds=43.5
Epoch  616/5000: score=16.935578 loss=-0.547603 valid=1.0000 routes=14.236 grad=3.5462 seconds=43.6
Epoch  617/5000: score=18.482756 loss=-0.620359 valid=1.0000 routes=15.839 grad=4.3039 seconds=43.4
Epoch  618/5000: score=18.248904 loss=-0.581050 valid=1.0000 routes=14.461 grad=3.9954 seconds=43.6
Epoch  619/5000: score=18.024422 loss=-0.600699 valid=1.0000 routes=15.306 grad=4.2039 seconds=43.4
Epoch  620/5000: score=17.307272 loss=-0.583264 valid=1.0000 routes=15.335 grad=3.6787 seconds=43.3
Epoch  621/5000: score=16.886103 loss=-0.534796 valid=1.0000 routes=13.636 grad=3.3537 seconds=43.5
Epoch  622/5000: score=17.215435 loss=-0.583774 valid=1.0000 routes=15.406 grad=3.9250 seconds=43.5
Epoch  623/5000: score=18.459033 loss=-0.648062 valid=1.0000 routes=15.585 grad=4.5786 seconds=43.6
Epoch  624/5000: score=16.887373 loss=-0.552721 valid=1.0000 routes=14.652 grad=3.6382 seconds=43.3
Epoch  625/5000: score=17.408912 loss=-0.551622 valid=1.0000 routes=14.042 grad=3.4812 seconds=43.6
Epoch  626/5000: score=17.225815 loss=-0.585443 valid=1.0000 routes=15.187 grad=3.8465 seconds=43.4
Epoch  627/5000: score=18.886039 loss=-0.645555 valid=1.0000 routes=15.872 grad=4.5779 seconds=43.6
Epoch  628/5000: score=15.900406 loss=-0.523042 valid=1.0000 routes=14.099 grad=3.1598 seconds=43.4
Epoch  629/5000: score=17.367542 loss=-0.560997 valid=1.0000 routes=14.292 grad=3.6444 seconds=43.5
Epoch  630/5000: score=16.466201 loss=-0.546258 valid=1.0000 routes=14.141 grad=3.4618 seconds=43.8
Epoch  631/5000: score=16.914279 loss=-0.513799 valid=1.0000 routes=13.108 grad=3.1451 seconds=43.4
>> Invalid instances, Re-generating ...
Epoch  632/5000: score=17.477089 loss=-0.584757 valid=1.0000 routes=15.326 grad=3.8904 seconds=43.9
Epoch  633/5000: score=17.317295 loss=-0.554523 valid=1.0000 routes=14.303 grad=3.5828 seconds=45.2
Epoch  634/5000: score=17.784493 loss=-0.586986 valid=1.0000 routes=15.398 grad=4.0618 seconds=43.6
>> Invalid instances, Re-generating ...
Epoch  635/5000: score=17.506186 loss=-0.535942 valid=1.0000 routes=15.033 grad=3.6281 seconds=43.5
Epoch  636/5000: score=17.710561 loss=-0.587710 valid=1.0000 routes=15.645 grad=3.9320 seconds=43.2
Epoch  637/5000: score=18.282028 loss=-0.595409 valid=1.0000 routes=14.987 grad=4.0678 seconds=43.5
Epoch  638/5000: score=17.385948 loss=-0.563230 valid=1.0000 routes=15.110 grad=3.6716 seconds=43.2
Epoch  639/5000: score=17.011201 loss=-0.567048 valid=1.0000 routes=14.711 grad=3.6191 seconds=43.5
Epoch  640/5000: score=16.207399 loss=-0.506954 valid=1.0000 routes=13.461 grad=3.1971 seconds=43.4
Epoch  641/5000: score=16.852440 loss=-0.535766 valid=1.0000 routes=13.532 grad=3.3352 seconds=43.2
Epoch  642/5000: score=17.545086 loss=-0.580393 valid=1.0000 routes=15.198 grad=3.8423 seconds=43.2
Epoch  643/5000: score=16.603078 loss=-0.528607 valid=1.0000 routes=13.936 grad=3.3686 seconds=43.3
Epoch  644/5000: score=17.150993 loss=-0.554082 valid=1.0000 routes=13.982 grad=3.6528 seconds=43.8
Epoch  645/5000: score=17.916449 loss=-0.611053 valid=1.0000 routes=15.782 grad=4.2470 seconds=43.8
Epoch  646/5000: score=17.428431 loss=-0.586642 valid=1.0000 routes=15.302 grad=4.0296 seconds=43.7
Epoch  647/5000: score=16.662691 loss=-0.546657 valid=1.0000 routes=14.869 grad=3.4982 seconds=43.7
Epoch  648/5000: score=16.938357 loss=-0.556342 valid=1.0000 routes=14.628 grad=3.6455 seconds=43.5
Epoch  649/5000: score=17.792358 loss=-0.563473 valid=1.0000 routes=15.187 grad=3.8210 seconds=43.6
Epoch  650/5000: score=18.619594 loss=-0.580124 valid=1.0000 routes=14.936 grad=3.9980 seconds=43.4
Epoch  651/5000: score=16.975918 loss=-0.506511 valid=1.0000 routes=13.915 grad=3.1204 seconds=43.6
Epoch  652/5000: score=16.275692 loss=-0.522305 valid=1.0000 routes=14.319 grad=3.2129 seconds=43.3
Epoch  653/5000: score=17.335601 loss=-0.584574 valid=1.0000 routes=15.003 grad=3.8235 seconds=43.4
Epoch  654/5000: score=16.189749 loss=-0.512542 valid=1.0000 routes=13.421 grad=3.0644 seconds=43.6
Epoch  655/5000: score=17.363702 loss=-0.554044 valid=1.0000 routes=13.800 grad=3.6839 seconds=43.3
>> Invalid instances, Re-generating ...
Epoch  656/5000: score=18.300388 loss=-0.602977 valid=1.0000 routes=15.071 grad=4.3275 seconds=43.4
Epoch  657/5000: score=17.754641 loss=-0.579456 valid=1.0000 routes=15.460 grad=3.8683 seconds=42.9
Epoch  658/5000: score=17.243715 loss=-0.598330 valid=1.0000 routes=14.677 grad=4.0004 seconds=43.5
Epoch  659/5000: score=17.458545 loss=-0.533241 valid=1.0000 routes=14.486 grad=3.5188 seconds=43.4
Epoch  660/5000: score=17.307624 loss=-0.582390 valid=1.0000 routes=14.898 grad=3.8736 seconds=43.3
Epoch  661/5000: score=17.443487 loss=-0.571306 valid=1.0000 routes=15.303 grad=3.7465 seconds=43.2
Epoch  662/5000: score=17.868042 loss=-0.557443 valid=1.0000 routes=14.860 grad=3.6072 seconds=42.9
Epoch  663/5000: score=17.832288 loss=-0.566041 valid=1.0000 routes=15.088 grad=3.7461 seconds=43.3
Epoch  664/5000: score=17.454407 loss=-0.544219 valid=1.0000 routes=14.541 grad=3.4919 seconds=43.2
Epoch  665/5000: score=16.517154 loss=-0.541825 valid=1.0000 routes=14.526 grad=3.3991 seconds=43.3
Epoch  666/5000: score=18.609562 loss=-0.603392 valid=1.0000 routes=15.607 grad=4.1145 seconds=43.3
Epoch  667/5000: score=16.619825 loss=-0.504249 valid=1.0000 routes=13.612 grad=3.0289 seconds=42.8
Epoch  668/5000: score=16.947872 loss=-0.516691 valid=1.0000 routes=14.142 grad=3.3128 seconds=43.5
Epoch  669/5000: score=17.200497 loss=-0.606657 valid=1.0000 routes=15.982 grad=4.0910 seconds=43.2
Epoch  670/5000: score=19.001083 loss=-0.645143 valid=1.0000 routes=16.504 grad=4.6828 seconds=43.5
Epoch  671/5000: score=17.281832 loss=-0.533953 valid=1.0000 routes=14.674 grad=3.4217 seconds=43.3
Epoch  672/5000: score=17.552962 loss=-0.551422 valid=1.0000 routes=14.507 grad=3.5288 seconds=43.4
Epoch  673/5000: score=17.165748 loss=-0.551991 valid=1.0000 routes=14.847 grad=3.6126 seconds=43.8
Epoch  674/5000: score=17.331254 loss=-0.557312 valid=1.0000 routes=14.870 grad=3.6342 seconds=43.4
Epoch  675/5000: score=17.886964 loss=-0.605396 valid=1.0000 routes=15.496 grad=4.0870 seconds=43.7
Epoch  676/5000: score=16.556777 loss=-0.538602 valid=1.0000 routes=14.742 grad=3.4450 seconds=43.2
Epoch  677/5000: score=17.345223 loss=-0.565162 valid=1.0000 routes=15.006 grad=3.7387 seconds=43.6
Epoch  678/5000: score=16.482015 loss=-0.531157 valid=1.0000 routes=14.203 grad=3.3968 seconds=43.6
Epoch  679/5000: score=17.012259 loss=-0.547463 valid=1.0000 routes=14.536 grad=3.4427 seconds=43.3
Epoch  680/5000: score=17.597146 loss=-0.572562 valid=1.0000 routes=14.763 grad=3.7972 seconds=43.5
Epoch  681/5000: score=18.034815 loss=-0.590012 valid=1.0000 routes=15.028 grad=4.0536 seconds=43.2
Epoch  682/5000: score=18.749680 loss=-0.629653 valid=1.0000 routes=15.534 grad=4.4105 seconds=43.4
Epoch  683/5000: score=16.683939 loss=-0.530138 valid=1.0000 routes=14.625 grad=3.3869 seconds=43.4
Epoch  684/5000: score=17.019424 loss=-0.562828 valid=1.0000 routes=15.500 grad=3.7963 seconds=43.4
Epoch  685/5000: score=17.829435 loss=-0.569269 valid=1.0000 routes=14.255 grad=3.7154 seconds=43.6
Epoch  686/5000: score=17.336701 loss=-0.542424 valid=1.0000 routes=14.379 grad=3.4893 seconds=43.3
Epoch  687/5000: score=17.612961 loss=-0.584559 valid=1.0000 routes=15.509 grad=3.9502 seconds=43.6
Epoch  688/5000: score=17.114236 loss=-0.526696 valid=1.0000 routes=13.163 grad=3.2922 seconds=43.5
Epoch  689/5000: score=17.113782 loss=-0.586567 valid=1.0000 routes=15.015 grad=4.0528 seconds=43.7
Epoch  690/5000: score=18.091827 loss=-0.611224 valid=1.0000 routes=15.777 grad=4.1554 seconds=43.4
Epoch  691/5000: score=16.787770 loss=-0.540394 valid=1.0000 routes=13.566 grad=3.4059 seconds=43.3
Epoch  692/5000: score=17.059260 loss=-0.541839 valid=1.0000 routes=13.401 grad=3.5676 seconds=43.7
Epoch  693/5000: score=18.328244 loss=-0.598568 valid=1.0000 routes=14.681 grad=4.2990 seconds=43.3
Epoch  694/5000: score=19.307662 loss=-0.648187 valid=1.0000 routes=16.133 grad=4.8485 seconds=43.6
Epoch  695/5000: score=17.063480 loss=-0.523965 valid=1.0000 routes=13.983 grad=3.3660 seconds=43.4
Epoch  696/5000: score=17.844054 loss=-0.544786 valid=1.0000 routes=14.911 grad=3.7095 seconds=43.6
Epoch  697/5000: score=17.035856 loss=-0.552425 valid=1.0000 routes=15.141 grad=3.6550 seconds=43.6
Epoch  698/5000: score=18.356379 loss=-0.589560 valid=1.0000 routes=14.720 grad=4.0755 seconds=43.4
Epoch  699/5000: score=18.241025 loss=-0.606289 valid=1.0000 routes=14.961 grad=4.2165 seconds=43.6
Epoch  700/5000: score=17.107006 loss=-0.569320 valid=1.0000 routes=14.980 grad=3.7768 seconds=43.5
Epoch  701/5000: score=17.632252 loss=-0.544549 valid=1.0000 routes=14.274 grad=3.6247 seconds=43.3
Epoch  702/5000: score=16.759992 loss=-0.565338 valid=1.0000 routes=14.717 grad=3.6174 seconds=43.1
Epoch  703/5000: score=17.324539 loss=-0.566178 valid=1.0000 routes=15.351 grad=3.7504 seconds=43.5
Epoch  704/5000: score=17.314675 loss=-0.570670 valid=1.0000 routes=15.079 grad=3.9423 seconds=43.4
Epoch  705/5000: score=18.255058 loss=-0.555969 valid=1.0000 routes=14.005 grad=3.7439 seconds=43.1
Epoch  706/5000: score=16.377588 loss=-0.518580 valid=1.0000 routes=14.351 grad=3.2039 seconds=43.1
Epoch  707/5000: score=16.555151 loss=-0.523182 valid=1.0000 routes=14.386 grad=3.7076 seconds=43.2
Epoch  708/5000: score=16.530168 loss=-0.528362 valid=1.0000 routes=13.962 grad=3.5344 seconds=43.5
Epoch  709/5000: score=17.495014 loss=-0.559164 valid=1.0000 routes=14.050 grad=3.7999 seconds=43.2
Epoch  710/5000: score=17.994783 loss=-0.571070 valid=1.0000 routes=14.492 grad=4.1738 seconds=43.8
Epoch  711/5000: score=18.577732 loss=-0.616931 valid=1.0000 routes=15.527 grad=4.4399 seconds=43.6
Epoch  712/5000: score=17.051990 loss=-0.554233 valid=1.0000 routes=14.851 grad=3.5572 seconds=43.3
Epoch  713/5000: score=17.086369 loss=-0.552755 valid=1.0000 routes=14.290 grad=3.5802 seconds=43.7
Epoch  714/5000: score=19.031052 loss=-0.614263 valid=1.0000 routes=15.710 grad=4.3041 seconds=43.4
Epoch  715/5000: score=17.182788 loss=-0.547316 valid=1.0000 routes=13.534 grad=3.5720 seconds=43.6
Epoch  716/5000: score=16.637473 loss=-0.539646 valid=1.0000 routes=14.547 grad=3.5776 seconds=43.8
Epoch  717/5000: score=16.719984 loss=-0.543607 valid=1.0000 routes=14.846 grad=3.5322 seconds=43.4
Epoch  718/5000: score=17.296680 loss=-0.558432 valid=1.0000 routes=14.813 grad=3.7975 seconds=43.6
Epoch  719/5000: score=17.013025 loss=-0.540333 valid=1.0000 routes=14.422 grad=3.5400 seconds=43.3
Epoch  720/5000: score=16.802970 loss=-0.533042 valid=1.0000 routes=14.204 grad=3.4859 seconds=43.3
Epoch  721/5000: score=17.074914 loss=-0.549651 valid=1.0000 routes=15.322 grad=3.6025 seconds=43.1
Epoch  722/5000: score=16.368117 loss=-0.516186 valid=1.0000 routes=13.798 grad=3.2534 seconds=43.5
Epoch  723/5000: score=17.690521 loss=-0.597268 valid=1.0000 routes=15.774 grad=4.1603 seconds=43.8
Epoch  724/5000: score=17.605489 loss=-0.569778 valid=1.0000 routes=14.204 grad=3.7038 seconds=43.5
Epoch  725/5000: score=17.559251 loss=-0.551298 valid=1.0000 routes=14.737 grad=3.7245 seconds=43.3
Epoch  726/5000: score=18.766964 loss=-0.597234 valid=1.0000 routes=15.226 grad=4.1191 seconds=43.2
Epoch  727/5000: score=17.863715 loss=-0.550072 valid=1.0000 routes=14.780 grad=3.5760 seconds=43.6
Epoch  728/5000: score=17.164334 loss=-0.526889 valid=1.0000 routes=13.677 grad=3.3558 seconds=43.6
Epoch  729/5000: score=16.501059 loss=-0.510680 valid=1.0000 routes=13.999 grad=3.1557 seconds=43.6
Epoch  730/5000: score=17.393167 loss=-0.573632 valid=1.0000 routes=14.862 grad=3.8880 seconds=43.4
Epoch  731/5000: score=16.810671 loss=-0.545933 valid=1.0000 routes=13.700 grad=3.5164 seconds=43.4
Epoch  732/5000: score=16.402132 loss=-0.554180 valid=1.0000 routes=14.768 grad=3.5336 seconds=43.4
Epoch  733/5000: score=17.741630 loss=-0.576266 valid=1.0000 routes=15.095 grad=3.8495 seconds=43.3
Epoch  734/5000: score=16.885046 loss=-0.552496 valid=1.0000 routes=14.358 grad=3.6770 seconds=43.5
Epoch  735/5000: score=17.055501 loss=-0.541937 valid=1.0000 routes=15.019 grad=3.7136 seconds=43.6
Epoch  736/5000: score=19.012409 loss=-0.608042 valid=1.0000 routes=16.167 grad=4.3795 seconds=43.4
Epoch  737/5000: score=17.339178 loss=-0.536160 valid=1.0000 routes=13.810 grad=3.3422 seconds=43.4
Epoch  738/5000: score=17.199299 loss=-0.550022 valid=1.0000 routes=14.624 grad=3.6259 seconds=43.4
Epoch  739/5000: score=16.725258 loss=-0.513605 valid=1.0000 routes=13.693 grad=3.3350 seconds=43.4
Epoch  740/5000: score=17.404685 loss=-0.552405 valid=1.0000 routes=14.679 grad=3.6430 seconds=43.1
Epoch  741/5000: score=17.795457 loss=-0.589466 valid=1.0000 routes=15.366 grad=4.0156 seconds=43.3
Epoch  742/5000: score=18.045573 loss=-0.577920 valid=1.0000 routes=16.261 grad=4.0803 seconds=43.4
Epoch  743/5000: score=16.753757 loss=-0.543366 valid=1.0000 routes=14.581 grad=3.3715 seconds=43.0
Epoch  744/5000: score=18.716643 loss=-0.608954 valid=1.0000 routes=15.010 grad=4.2740 seconds=43.2
Epoch  745/5000: score=17.574876 loss=-0.594051 valid=1.0000 routes=14.553 grad=4.0170 seconds=43.0
Epoch  746/5000: score=16.883117 loss=-0.533925 valid=1.0000 routes=14.063 grad=3.5185 seconds=43.4
Epoch  747/5000: score=17.562531 loss=-0.559409 valid=1.0000 routes=14.760 grad=3.8000 seconds=43.4
Epoch  748/5000: score=18.476767 loss=-0.617281 valid=1.0000 routes=15.789 grad=4.4471 seconds=43.4
Epoch  749/5000: score=16.713975 loss=-0.544023 valid=1.0000 routes=14.765 grad=3.5002 seconds=43.5
Epoch  750/5000: score=17.251979 loss=-0.570436 valid=1.0000 routes=14.534 grad=3.8226 seconds=43.5
Epoch  751/5000: score=17.248517 loss=-0.534771 valid=1.0000 routes=13.808 grad=3.4929 seconds=43.5
Epoch  752/5000: score=16.028989 loss=-0.522559 valid=1.0000 routes=13.312 grad=3.1106 seconds=43.3
Epoch  753/5000: score=18.122326 loss=-0.589033 valid=1.0000 routes=15.394 grad=4.0597 seconds=43.4
Epoch  754/5000: score=17.547772 loss=-0.566036 valid=1.0000 routes=14.749 grad=3.6733 seconds=43.3
Epoch  755/5000: score=17.914660 loss=-0.565435 valid=1.0000 routes=14.800 grad=3.7412 seconds=43.4
Epoch  756/5000: score=16.839306 loss=-0.535297 valid=1.0000 routes=14.399 grad=3.3973 seconds=44.9
Epoch  757/5000: score=17.083418 loss=-0.550701 valid=1.0000 routes=13.738 grad=3.5861 seconds=43.7
Epoch  758/5000: score=18.450340 loss=-0.585620 valid=1.0000 routes=15.146 grad=4.1526 seconds=43.5
Epoch  759/5000: score=17.163616 loss=-0.548434 valid=1.0000 routes=14.930 grad=3.6632 seconds=43.3
Epoch  760/5000: score=18.241394 loss=-0.601491 valid=1.0000 routes=15.677 grad=4.1513 seconds=43.3
Epoch  761/5000: score=18.342204 loss=-0.613667 valid=1.0000 routes=15.787 grad=4.2655 seconds=43.5
Epoch  762/5000: score=16.441646 loss=-0.505507 valid=1.0000 routes=14.505 grad=3.1613 seconds=43.1
Epoch  763/5000: score=17.720030 loss=-0.563466 valid=1.0000 routes=14.940 grad=3.9828 seconds=43.5
Epoch  764/5000: score=16.726907 loss=-0.522880 valid=1.0000 routes=14.116 grad=3.3621 seconds=43.2
Epoch  765/5000: score=17.540709 loss=-0.547088 valid=1.0000 routes=15.124 grad=3.5887 seconds=43.3
Epoch  766/5000: score=17.096745 loss=-0.528096 valid=1.0000 routes=14.028 grad=3.6304 seconds=43.4
Epoch  767/5000: score=17.281580 loss=-0.572501 valid=1.0000 routes=15.393 grad=3.8295 seconds=43.3
Epoch  768/5000: score=16.819095 loss=-0.538080 valid=1.0000 routes=14.427 grad=3.4757 seconds=43.4
Epoch  769/5000: score=16.350804 loss=-0.518325 valid=1.0000 routes=13.951 grad=3.2563 seconds=43.2
Epoch  770/5000: score=17.368135 loss=-0.531046 valid=1.0000 routes=13.516 grad=3.4717 seconds=43.4
Epoch  771/5000: score=17.830979 loss=-0.570799 valid=1.0000 routes=15.050 grad=3.8341 seconds=43.2
Epoch  772/5000: score=17.366857 loss=-0.536554 valid=1.0000 routes=14.543 grad=3.6395 seconds=43.3
Epoch  773/5000: score=16.361025 loss=-0.547731 valid=1.0000 routes=14.408 grad=3.6056 seconds=43.3
Epoch  774/5000: score=16.761473 loss=-0.513547 valid=1.0000 routes=14.657 grad=3.1978 seconds=43.1
Epoch  775/5000: score=16.727387 loss=-0.542466 valid=1.0000 routes=14.596 grad=3.6473 seconds=44.6
Epoch  776/5000: score=16.081363 loss=-0.517958 valid=1.0000 routes=13.470 grad=3.4054 seconds=44.2
Epoch  777/5000: score=17.463358 loss=-0.548856 valid=1.0000 routes=13.966 grad=3.8013 seconds=43.7
Epoch  778/5000: score=17.382859 loss=-0.578739 valid=1.0000 routes=14.768 grad=3.9053 seconds=43.4
Epoch  779/5000: score=18.007146 loss=-0.574058 valid=1.0000 routes=15.646 grad=3.9997 seconds=43.4
Epoch  780/5000: score=18.124128 loss=-0.581011 valid=1.0000 routes=15.394 grad=4.0630 seconds=43.5
Epoch  781/5000: score=17.863478 loss=-0.587685 valid=1.0000 routes=15.279 grad=4.1289 seconds=43.2
Epoch  782/5000: score=15.799737 loss=-0.490825 valid=1.0000 routes=12.979 grad=2.9223 seconds=43.5
Epoch  783/5000: score=18.327013 loss=-0.591604 valid=1.0000 routes=15.575 grad=4.2117 seconds=43.4
Epoch  784/5000: score=17.361470 loss=-0.546582 valid=1.0000 routes=14.428 grad=3.7605 seconds=43.5
Epoch  785/5000: score=16.845977 loss=-0.535324 valid=1.0000 routes=14.017 grad=3.3791 seconds=44.6
Epoch  786/5000: score=16.656113 loss=-0.523756 valid=1.0000 routes=13.920 grad=3.3725 seconds=43.3
Epoch  787/5000: score=17.785217 loss=-0.574354 valid=1.0000 routes=15.048 grad=4.0373 seconds=43.6
Epoch  788/5000: score=17.421876 loss=-0.571123 valid=1.0000 routes=14.700 grad=3.8906 seconds=43.4
Epoch  789/5000: score=17.626085 loss=-0.534202 valid=1.0000 routes=14.145 grad=3.5386 seconds=43.4
Epoch  790/5000: score=18.107916 loss=-0.552431 valid=1.0000 routes=14.291 grad=3.8422 seconds=43.3
Epoch  791/5000: score=17.390136 loss=-0.546118 valid=1.0000 routes=14.867 grad=3.6105 seconds=43.5
Epoch  792/5000: score=16.328647 loss=-0.505306 valid=1.0000 routes=13.497 grad=3.0145 seconds=43.5
Epoch  793/5000: score=17.641895 loss=-0.550488 valid=1.0000 routes=14.324 grad=3.7652 seconds=43.5
Epoch  794/5000: score=17.178073 loss=-0.531484 valid=1.0000 routes=13.775 grad=3.5890 seconds=43.5
Epoch  795/5000: score=16.648267 loss=-0.548357 valid=1.0000 routes=14.766 grad=3.5580 seconds=43.3
Epoch  796/5000: score=16.704871 loss=-0.533507 valid=1.0000 routes=14.225 grad=3.4327 seconds=43.4
Epoch  797/5000: score=17.708185 loss=-0.583777 valid=1.0000 routes=15.196 grad=4.0437 seconds=44.4
Epoch  798/5000: score=16.768289 loss=-0.548833 valid=1.0000 routes=15.136 grad=3.5857 seconds=45.3
Epoch  799/5000: score=17.678043 loss=-0.563886 valid=1.0000 routes=14.877 grad=3.8669 seconds=45.3
Epoch  800/5000: score=17.193579 loss=-0.565150 valid=1.0000 routes=14.790 grad=3.8116 seconds=44.8
Epoch  801/5000: score=16.915743 loss=-0.556919 valid=1.0000 routes=14.811 grad=3.8671 seconds=45.1
Epoch  802/5000: score=17.812162 loss=-0.590908 valid=1.0000 routes=15.545 grad=4.0679 seconds=43.5
Epoch  803/5000: score=16.665924 loss=-0.532295 valid=1.0000 routes=14.116 grad=3.4340 seconds=43.5
Epoch  804/5000: score=17.172022 loss=-0.531642 valid=1.0000 routes=13.871 grad=3.5294 seconds=43.7
Epoch  805/5000: score=17.947979 loss=-0.570764 valid=1.0000 routes=14.711 grad=3.9780 seconds=43.5
Epoch  806/5000: score=18.142425 loss=-0.554240 valid=1.0000 routes=14.272 grad=3.6668 seconds=43.6
Epoch  807/5000: score=18.468094 loss=-0.571406 valid=1.0000 routes=14.528 grad=4.0397 seconds=43.4
Epoch  808/5000: score=17.235904 loss=-0.573305 valid=1.0000 routes=15.580 grad=3.9619 seconds=43.6
Epoch  809/5000: score=18.648539 loss=-0.574759 valid=1.0000 routes=14.845 grad=4.0097 seconds=43.4
Epoch  810/5000: score=17.274822 loss=-0.524595 valid=1.0000 routes=14.347 grad=3.5688 seconds=43.5
Epoch  811/5000: score=17.618816 loss=-0.538960 valid=1.0000 routes=14.758 grad=3.6821 seconds=43.6
Epoch  812/5000: score=18.289297 loss=-0.573628 valid=1.0000 routes=15.327 grad=4.0614 seconds=43.5
Epoch  813/5000: score=16.583178 loss=-0.509536 valid=1.0000 routes=13.610 grad=3.1636 seconds=43.6
Epoch  814/5000: score=16.736390 loss=-0.509653 valid=1.0000 routes=13.566 grad=3.3358 seconds=43.3
Epoch  815/5000: score=16.702554 loss=-0.537340 valid=1.0000 routes=14.005 grad=3.5805 seconds=43.4
Epoch  816/5000: score=17.592510 loss=-0.574738 valid=1.0000 routes=15.393 grad=4.0251 seconds=43.5
Epoch  817/5000: score=16.131552 loss=-0.514621 valid=1.0000 routes=13.986 grad=3.3360 seconds=43.2
Epoch  818/5000: score=17.280858 loss=-0.558375 valid=1.0000 routes=14.988 grad=3.7573 seconds=43.2
Epoch  819/5000: score=17.335304 loss=-0.537144 valid=1.0000 routes=14.826 grad=3.5946 seconds=43.0
Epoch  820/5000: score=17.463129 loss=-0.559209 valid=1.0000 routes=14.319 grad=3.7709 seconds=43.4
Epoch  821/5000: score=17.682354 loss=-0.591858 valid=1.0000 routes=16.043 grad=4.2564 seconds=43.2
Epoch  822/5000: score=17.863899 loss=-0.573258 valid=1.0000 routes=15.384 grad=4.0654 seconds=43.3
Epoch  823/5000: score=17.697055 loss=-0.526462 valid=1.0000 routes=14.877 grad=3.5644 seconds=43.3
Epoch  824/5000: score=17.578602 loss=-0.553233 valid=1.0000 routes=15.100 grad=3.9157 seconds=43.1
Epoch  825/5000: score=17.032194 loss=-0.554591 valid=1.0000 routes=14.661 grad=3.7299 seconds=43.4
Epoch  826/5000: score=16.844023 loss=-0.520874 valid=1.0000 routes=14.198 grad=3.3649 seconds=43.2
Epoch  827/5000: score=18.678363 loss=-0.587706 valid=1.0000 routes=15.520 grad=4.1925 seconds=43.4
Epoch  828/5000: score=17.401475 loss=-0.558433 valid=1.0000 routes=14.690 grad=3.8737 seconds=43.0
Epoch  829/5000: score=16.869423 loss=-0.510549 valid=1.0000 routes=13.875 grad=3.3253 seconds=43.4
Epoch  830/5000: score=18.647063 loss=-0.597798 valid=1.0000 routes=15.692 grad=4.3208 seconds=43.5
Epoch  831/5000: score=16.387531 loss=-0.513929 valid=1.0000 routes=14.014 grad=3.3382 seconds=43.0
Epoch  832/5000: score=16.760068 loss=-0.506316 valid=1.0000 routes=14.944 grad=3.3285 seconds=43.2
Epoch  833/5000: score=16.361818 loss=-0.515852 valid=1.0000 routes=13.838 grad=3.3769 seconds=43.0
Epoch  834/5000: score=17.157689 loss=-0.530557 valid=1.0000 routes=14.420 grad=3.5249 seconds=43.3
>> Invalid instances, Re-generating ...
Epoch  835/5000: score=17.544556 loss=-0.548713 valid=1.0000 routes=15.040 grad=3.6204 seconds=43.1
Epoch  836/5000: score=17.473460 loss=-0.523398 valid=1.0000 routes=13.636 grad=3.4685 seconds=43.0
Epoch  837/5000: score=17.640433 loss=-0.564647 valid=1.0000 routes=14.519 grad=3.8971 seconds=43.3
Epoch  838/5000: score=18.123230 loss=-0.578829 valid=1.0000 routes=15.220 grad=4.1623 seconds=42.8
Epoch  839/5000: score=15.594509 loss=-0.528614 valid=1.0000 routes=13.859 grad=3.6496 seconds=43.2
Epoch  840/5000: score=17.068892 loss=-0.550091 valid=1.0000 routes=14.025 grad=3.7259 seconds=42.9
Epoch  841/5000: score=17.369640 loss=-0.544134 valid=1.0000 routes=13.956 grad=3.6942 seconds=43.1
Epoch  842/5000: score=17.679609 loss=-0.560559 valid=1.0000 routes=15.016 grad=3.8239 seconds=42.9
Epoch  843/5000: score=17.046879 loss=-0.553582 valid=1.0000 routes=14.797 grad=3.7330 seconds=43.3
Epoch  844/5000: score=18.114670 loss=-0.562403 valid=1.0000 routes=14.192 grad=3.9094 seconds=43.2
Epoch  845/5000: score=16.919858 loss=-0.517792 valid=1.0000 routes=13.905 grad=3.4671 seconds=43.1
Epoch  846/5000: score=17.560998 loss=-0.539327 valid=1.0000 routes=14.400 grad=3.6741 seconds=43.3
Epoch  847/5000: score=16.816461 loss=-0.523309 valid=1.0000 routes=13.959 grad=3.5758 seconds=43.1
Epoch  848/5000: score=16.436693 loss=-0.508757 valid=1.0000 routes=13.678 grad=3.2822 seconds=43.3
Epoch  849/5000: score=17.521970 loss=-0.548973 valid=1.0000 routes=14.984 grad=3.7217 seconds=43.5
Epoch  850/5000: score=19.530669 loss=-0.624822 valid=1.0000 routes=15.949 grad=4.8447 seconds=43.5
Epoch  851/5000: score=17.021871 loss=-0.519803 valid=1.0000 routes=13.967 grad=3.5525 seconds=43.6
Epoch  852/5000: score=17.214011 loss=-0.520015 valid=1.0000 routes=13.760 grad=3.4862 seconds=43.4
Epoch  853/5000: score=16.999435 loss=-0.538320 valid=1.0000 routes=14.974 grad=3.6743 seconds=43.4
Epoch  854/5000: score=16.429180 loss=-0.534539 valid=1.0000 routes=14.268 grad=3.6095 seconds=43.6
Epoch  855/5000: score=17.471809 loss=-0.517457 valid=1.0000 routes=15.028 grad=3.5487 seconds=43.4
Epoch  856/5000: score=18.288533 loss=-0.579361 valid=1.0000 routes=15.585 grad=4.0756 seconds=43.7
Epoch  857/5000: score=16.355502 loss=-0.513631 valid=1.0000 routes=14.026 grad=3.3928 seconds=43.3
Epoch  858/5000: score=16.589471 loss=-0.526258 valid=1.0000 routes=14.645 grad=3.4731 seconds=43.5
Epoch  859/5000: score=16.941975 loss=-0.529307 valid=1.0000 routes=14.937 grad=3.4875 seconds=43.2
Epoch  860/5000: score=17.815058 loss=-0.574626 valid=1.0000 routes=14.903 grad=4.0396 seconds=43.4
Epoch  861/5000: score=17.808452 loss=-0.574541 valid=1.0000 routes=15.665 grad=4.0706 seconds=43.4
Epoch  862/5000: score=17.400925 loss=-0.550471 valid=1.0000 routes=14.259 grad=3.7684 seconds=43.5
Epoch  863/5000: score=16.808093 loss=-0.533776 valid=1.0000 routes=14.298 grad=3.5191 seconds=43.5
Epoch  864/5000: score=17.633831 loss=-0.527543 valid=1.0000 routes=14.030 grad=3.6352 seconds=43.6
Epoch  865/5000: score=16.720793 loss=-0.527995 valid=1.0000 routes=14.965 grad=3.4323 seconds=43.4
>> Invalid instances, Re-generating ...
Epoch  866/5000: score=18.007183 loss=-0.536590 valid=1.0000 routes=14.594 grad=3.7351 seconds=43.1
Epoch  867/5000: score=16.922691 loss=-0.499585 valid=1.0000 routes=13.928 grad=3.3128 seconds=43.0
Epoch  868/5000: score=17.190011 loss=-0.530617 valid=1.0000 routes=15.469 grad=3.5564 seconds=43.1
Epoch  869/5000: score=16.308643 loss=-0.479074 valid=1.0000 routes=14.039 grad=2.9523 seconds=43.2
Epoch  870/5000: score=16.184626 loss=-0.482637 valid=1.0000 routes=13.201 grad=3.0084 seconds=43.4
Epoch  871/5000: score=16.804773 loss=-0.529536 valid=1.0000 routes=13.890 grad=3.5788 seconds=43.4
Epoch  872/5000: score=16.789891 loss=-0.548886 valid=1.0000 routes=14.540 grad=3.6785 seconds=43.3
Epoch  873/5000: score=18.860934 loss=-0.618021 valid=1.0000 routes=16.149 grad=4.6030 seconds=43.3
>> Invalid instances, Re-generating ...
Epoch  874/5000: score=18.670629 loss=-0.604429 valid=1.0000 routes=15.908 grad=4.4269 seconds=43.4
Epoch  875/5000: score=17.343427 loss=-0.562745 valid=1.0000 routes=14.483 grad=3.8122 seconds=43.6
Epoch  876/5000: score=17.433586 loss=-0.534473 valid=1.0000 routes=15.015 grad=3.6585 seconds=43.3
Epoch  877/5000: score=16.452667 loss=-0.536109 valid=1.0000 routes=14.743 grad=3.5949 seconds=43.1
Epoch  878/5000: score=17.867193 loss=-0.544638 valid=1.0000 routes=14.873 grad=3.7347 seconds=43.2
Epoch  879/5000: score=16.884849 loss=-0.514704 valid=1.0000 routes=14.207 grad=3.3636 seconds=43.4
Epoch  880/5000: score=18.337461 loss=-0.574812 valid=1.0000 routes=15.267 grad=4.2932 seconds=43.5
Epoch  881/5000: score=16.930308 loss=-0.540126 valid=1.0000 routes=14.911 grad=3.7149 seconds=43.2
Epoch  882/5000: score=17.187497 loss=-0.518912 valid=1.0000 routes=14.450 grad=3.4846 seconds=43.2
Epoch  883/5000: score=16.558651 loss=-0.528048 valid=1.0000 routes=13.932 grad=3.5134 seconds=43.2
Epoch  884/5000: score=17.624620 loss=-0.549698 valid=1.0000 routes=15.438 grad=3.9716 seconds=43.3
Epoch  885/5000: score=17.775123 loss=-0.516890 valid=1.0000 routes=14.818 grad=3.6631 seconds=43.1
Epoch  886/5000: score=16.952496 loss=-0.550199 valid=1.0000 routes=15.071 grad=3.7267 seconds=43.2
Epoch  887/5000: score=16.875988 loss=-0.536116 valid=1.0000 routes=14.488 grad=3.5673 seconds=43.3
Epoch  888/5000: score=17.434523 loss=-0.574411 valid=1.0000 routes=15.089 grad=3.9036 seconds=43.7
Epoch  889/5000: score=17.444400 loss=-0.543995 valid=1.0000 routes=14.181 grad=3.7562 seconds=43.5
Epoch  890/5000: score=17.724086 loss=-0.556063 valid=1.0000 routes=14.763 grad=3.7235 seconds=43.2
Epoch  891/5000: score=18.555047 loss=-0.559939 valid=1.0000 routes=14.526 grad=4.0697 seconds=43.4
Epoch  892/5000: score=17.353945 loss=-0.520907 valid=1.0000 routes=14.090 grad=3.5542 seconds=43.2
Epoch  893/5000: score=18.292167 loss=-0.559735 valid=1.0000 routes=14.987 grad=4.0894 seconds=43.5
Epoch  894/5000: score=17.368443 loss=-0.544822 valid=1.0000 routes=14.992 grad=3.8393 seconds=43.4
Epoch  895/5000: score=16.954172 loss=-0.531843 valid=1.0000 routes=14.276 grad=3.7387 seconds=43.3
Epoch  896/5000: score=17.338756 loss=-0.520215 valid=1.0000 routes=14.209 grad=3.5815 seconds=43.5
Epoch  897/5000: score=17.237990 loss=-0.525146 valid=1.0000 routes=14.292 grad=3.5994 seconds=43.3
Epoch  898/5000: score=18.324467 loss=-0.564504 valid=1.0000 routes=15.250 grad=4.0257 seconds=43.6
Epoch  899/5000: score=17.647691 loss=-0.542662 valid=1.0000 routes=14.207 grad=3.8330 seconds=43.4
Epoch  900/5000: score=17.434100 loss=-0.523600 valid=1.0000 routes=13.872 grad=3.5426 seconds=43.4
Epoch  901/5000: score=17.603236 loss=-0.561815 valid=1.0000 routes=15.685 grad=4.0293 seconds=43.5
Epoch  902/5000: score=18.000218 loss=-0.557530 valid=1.0000 routes=15.114 grad=3.9125 seconds=43.2
Epoch  903/5000: score=17.627324 loss=-0.519523 valid=1.0000 routes=13.795 grad=3.5368 seconds=43.5
Epoch  904/5000: score=16.727828 loss=-0.533509 valid=1.0000 routes=14.861 grad=3.6467 seconds=43.9
Epoch  905/5000: score=17.497327 loss=-0.547545 valid=1.0000 routes=14.612 grad=4.0336 seconds=43.8
Epoch  906/5000: score=16.886201 loss=-0.542280 valid=1.0000 routes=15.018 grad=3.7798 seconds=43.2
Epoch  907/5000: score=17.155602 loss=-0.554072 valid=1.0000 routes=15.113 grad=3.8408 seconds=43.3
Epoch  908/5000: score=17.532656 loss=-0.536831 valid=1.0000 routes=14.497 grad=3.6589 seconds=43.5
Epoch  909/5000: score=17.033342 loss=-0.517559 valid=1.0000 routes=14.758 grad=3.4744 seconds=43.1
Epoch  910/5000: score=18.214001 loss=-0.555409 valid=1.0000 routes=15.275 grad=3.9378 seconds=43.4
Epoch  911/5000: score=17.465306 loss=-0.538342 valid=1.0000 routes=14.409 grad=3.7520 seconds=43.3
Epoch  912/5000: score=17.931085 loss=-0.567102 valid=1.0000 routes=16.142 grad=4.1446 seconds=43.5
Epoch  913/5000: score=16.504043 loss=-0.491436 valid=1.0000 routes=13.157 grad=3.3138 seconds=43.7
Epoch  914/5000: score=17.382982 loss=-0.514163 valid=1.0000 routes=13.837 grad=3.3546 seconds=43.4
Epoch  915/5000: score=18.218639 loss=-0.563337 valid=1.0000 routes=14.723 grad=4.1443 seconds=43.7
Epoch  916/5000: score=17.035522 loss=-0.516389 valid=1.0000 routes=14.473 grad=3.5176 seconds=43.2
Epoch  917/5000: score=16.947189 loss=-0.532908 valid=1.0000 routes=14.115 grad=3.7447 seconds=43.9
Epoch  918/5000: score=16.351665 loss=-0.518154 valid=1.0000 routes=14.334 grad=3.5095 seconds=43.4
Epoch  919/5000: score=17.478325 loss=-0.559501 valid=1.0000 routes=14.436 grad=3.9624 seconds=43.8
Epoch  920/5000: score=16.714757 loss=-0.506022 valid=1.0000 routes=14.059 grad=3.4710 seconds=43.5
Epoch  921/5000: score=16.935539 loss=-0.499862 valid=1.0000 routes=13.460 grad=3.3565 seconds=43.2
Epoch  922/5000: score=17.866211 loss=-0.526588 valid=1.0000 routes=14.004 grad=3.7851 seconds=43.6
Epoch  923/5000: score=17.804371 loss=-0.541243 valid=1.0000 routes=14.609 grad=3.8201 seconds=43.5
Epoch  924/5000: score=17.547052 loss=-0.523357 valid=1.0000 routes=14.389 grad=3.6089 seconds=43.7
Epoch  925/5000: score=16.901390 loss=-0.529563 valid=1.0000 routes=14.534 grad=3.6721 seconds=43.4
Epoch  926/5000: score=17.889803 loss=-0.554747 valid=1.0000 routes=15.637 grad=4.2112 seconds=43.5
Epoch  927/5000: score=17.151473 loss=-0.522761 valid=1.0000 routes=13.978 grad=3.7040 seconds=43.6
Epoch  928/5000: score=18.511560 loss=-0.589247 valid=1.0000 routes=15.479 grad=4.5206 seconds=43.6
Epoch  929/5000: score=17.711157 loss=-0.569129 valid=1.0000 routes=15.381 grad=4.1796 seconds=43.7
Epoch  930/5000: score=18.084650 loss=-0.560171 valid=1.0000 routes=15.452 grad=4.0027 seconds=43.3
Epoch  931/5000: score=16.685634 loss=-0.510206 valid=1.0000 routes=14.688 grad=3.5243 seconds=43.5
Epoch  932/5000: score=18.482328 loss=-0.579370 valid=1.0000 routes=15.934 grad=4.3305 seconds=43.7
Epoch  933/5000: score=19.145627 loss=-0.588795 valid=1.0000 routes=15.713 grad=4.4748 seconds=43.6
Epoch  934/5000: score=19.068642 loss=-0.578007 valid=1.0000 routes=15.337 grad=4.1751 seconds=44.0
Epoch  935/5000: score=18.509205 loss=-0.541392 valid=1.0000 routes=14.306 grad=3.9603 seconds=43.7
Epoch  936/5000: score=17.901046 loss=-0.532888 valid=1.0000 routes=14.960 grad=3.8883 seconds=43.9
Epoch  937/5000: score=17.181605 loss=-0.503672 valid=1.0000 routes=14.194 grad=3.4054 seconds=44.0
Epoch  938/5000: score=17.298192 loss=-0.533776 valid=1.0000 routes=14.662 grad=3.6613 seconds=43.9
>> Invalid instances, Re-generating ...
Epoch  939/5000: score=16.754817 loss=-0.483010 valid=1.0000 routes=13.839 grad=3.2358 seconds=43.8
Epoch  940/5000: score=17.898211 loss=-0.537901 valid=1.0000 routes=14.910 grad=3.8648 seconds=43.6
Epoch  941/5000: score=17.230996 loss=-0.533128 valid=1.0000 routes=14.917 grad=3.7485 seconds=43.8
Epoch  942/5000: score=16.889657 loss=-0.493868 valid=1.0000 routes=13.855 grad=3.3100 seconds=43.7
Epoch  943/5000: score=17.153212 loss=-0.530454 valid=1.0000 routes=13.941 grad=3.7293 seconds=44.1
Epoch  944/5000: score=17.614852 loss=-0.521726 valid=1.0000 routes=14.186 grad=3.8789 seconds=44.0
Epoch  945/5000: score=17.365607 loss=-0.527327 valid=1.0000 routes=13.912 grad=3.7627 seconds=43.9
Epoch  946/5000: score=18.080238 loss=-0.563993 valid=1.0000 routes=15.132 grad=4.1183 seconds=43.9
Epoch  947/5000: score=17.198195 loss=-0.547838 valid=1.0000 routes=14.203 grad=3.9269 seconds=43.8
Epoch  948/5000: score=17.277227 loss=-0.528255 valid=1.0000 routes=14.000 grad=3.6938 seconds=44.0
Epoch  949/5000: score=16.345250 loss=-0.483823 valid=1.0000 routes=13.240 grad=3.1935 seconds=43.7
Epoch  950/5000: score=16.018724 loss=-0.480132 valid=1.0000 routes=12.922 grad=3.0341 seconds=43.8
>> Invalid instances, Re-generating ...
Epoch  951/5000: score=18.148405 loss=-0.558459 valid=1.0000 routes=15.236 grad=4.0222 seconds=43.9
Epoch  952/5000: score=16.498165 loss=-0.519927 valid=1.0000 routes=14.547 grad=3.5832 seconds=43.6
Epoch  953/5000: score=17.993670 loss=-0.545302 valid=1.0000 routes=15.059 grad=3.8794 seconds=44.1
Epoch  954/5000: score=17.558876 loss=-0.542105 valid=1.0000 routes=15.091 grad=3.9910 seconds=43.8
Epoch  955/5000: score=18.433744 loss=-0.562626 valid=1.0000 routes=15.468 grad=4.2099 seconds=43.9
Epoch  956/5000: score=17.979808 loss=-0.557551 valid=1.0000 routes=15.627 grad=3.9992 seconds=43.9
Epoch  957/5000: score=15.893435 loss=-0.492810 valid=1.0000 routes=14.355 grad=3.2556 seconds=43.8
Epoch  958/5000: score=16.967284 loss=-0.519021 valid=1.0000 routes=14.318 grad=3.5751 seconds=43.9
Epoch  959/5000: score=17.350415 loss=-0.525609 valid=1.0000 routes=14.414 grad=3.7628 seconds=43.7
Epoch  960/5000: score=16.760728 loss=-0.474464 valid=1.0000 routes=13.301 grad=3.2050 seconds=43.9
Epoch  961/5000: score=16.898783 loss=-0.518978 valid=1.0000 routes=14.875 grad=3.6916 seconds=43.7
Epoch  962/5000: score=17.170288 loss=-0.552929 valid=1.0000 routes=14.686 grad=3.9739 seconds=43.7
Epoch  963/5000: score=16.983408 loss=-0.547295 valid=1.0000 routes=15.221 grad=3.9111 seconds=43.6
Epoch  964/5000: score=17.678667 loss=-0.559916 valid=1.0000 routes=15.598 grad=3.9173 seconds=43.3
Epoch  965/5000: score=16.579688 loss=-0.520744 valid=1.0000 routes=14.118 grad=3.4685 seconds=43.4
Epoch  966/5000: score=18.854442 loss=-0.575854 valid=1.0000 routes=15.609 grad=4.2314 seconds=43.5
Epoch  967/5000: score=17.566277 loss=-0.530441 valid=1.0000 routes=14.627 grad=3.7894 seconds=44.0
Epoch  968/5000: score=17.210783 loss=-0.549995 valid=1.0000 routes=15.149 grad=3.8594 seconds=43.9
Epoch  969/5000: score=16.807489 loss=-0.536386 valid=1.0000 routes=14.461 grad=3.5484 seconds=43.6
Epoch  970/5000: score=18.195179 loss=-0.578011 valid=1.0000 routes=15.684 grad=4.3218 seconds=43.7
Epoch  971/5000: score=16.480315 loss=-0.491663 valid=1.0000 routes=14.046 grad=3.3675 seconds=43.7
Epoch  972/5000: score=17.718134 loss=-0.529948 valid=1.0000 routes=15.283 grad=3.7230 seconds=44.9
Epoch  973/5000: score=17.192583 loss=-0.523537 valid=1.0000 routes=14.356 grad=3.6277 seconds=44.9
Epoch  974/5000: score=18.353181 loss=-0.582716 valid=1.0000 routes=14.781 grad=4.3809 seconds=44.0
Epoch  975/5000: score=16.000403 loss=-0.481741 valid=1.0000 routes=13.082 grad=3.1349 seconds=44.0
Epoch  976/5000: score=18.000681 loss=-0.554064 valid=1.0000 routes=15.464 grad=4.0773 seconds=43.6
Epoch  977/5000: score=17.552983 loss=-0.544729 valid=1.0000 routes=15.302 grad=3.8531 seconds=44.0
Epoch  978/5000: score=17.086304 loss=-0.511777 valid=1.0000 routes=14.639 grad=3.6475 seconds=43.9
Epoch  979/5000: score=17.683470 loss=-0.548031 valid=1.0000 routes=15.291 grad=4.0477 seconds=44.3
Epoch  980/5000: score=17.859085 loss=-0.549469 valid=1.0000 routes=14.647 grad=3.9537 seconds=45.1
Epoch  981/5000: score=16.689759 loss=-0.515837 valid=1.0000 routes=14.105 grad=3.5635 seconds=43.8
Epoch  982/5000: score=18.110188 loss=-0.548165 valid=1.0000 routes=14.791 grad=3.9341 seconds=43.8
Epoch  983/5000: score=16.832190 loss=-0.524345 valid=1.0000 routes=14.422 grad=3.6258 seconds=43.3
Epoch  984/5000: score=17.510888 loss=-0.538397 valid=1.0000 routes=14.342 grad=3.8484 seconds=43.7
Epoch  985/5000: score=16.525779 loss=-0.517128 valid=1.0000 routes=14.136 grad=3.5912 seconds=43.6
Epoch  986/5000: score=19.043499 loss=-0.592843 valid=1.0000 routes=15.720 grad=4.5397 seconds=43.2
Epoch  987/5000: score=17.780123 loss=-0.545134 valid=1.0000 routes=15.157 grad=3.9618 seconds=43.6
Epoch  988/5000: score=17.273819 loss=-0.510506 valid=1.0000 routes=13.766 grad=3.5606 seconds=43.1
Epoch  989/5000: score=18.049632 loss=-0.555760 valid=1.0000 routes=15.149 grad=4.1254 seconds=43.4
Epoch  990/5000: score=17.645534 loss=-0.537325 valid=1.0000 routes=13.986 grad=3.8334 seconds=43.0
Epoch  991/5000: score=17.999493 loss=-0.545771 valid=1.0000 routes=15.784 grad=3.9547 seconds=43.4
Epoch  992/5000: score=16.921029 loss=-0.538407 valid=1.0000 routes=14.845 grad=3.7848 seconds=43.5
Epoch  993/5000: score=17.399240 loss=-0.508755 valid=1.0000 routes=14.220 grad=3.4910 seconds=43.1
Epoch  994/5000: score=16.717591 loss=-0.519516 valid=1.0000 routes=14.442 grad=3.5950 seconds=43.2
Epoch  995/5000: score=17.528389 loss=-0.554015 valid=1.0000 routes=15.338 grad=4.1061 seconds=43.2
Epoch  996/5000: score=17.337151 loss=-0.514982 valid=1.0000 routes=14.532 grad=3.5759 seconds=43.3
Epoch  997/5000: score=17.027494 loss=-0.501780 valid=1.0000 routes=14.407 grad=3.4436 seconds=43.2
Epoch  998/5000: score=17.135064 loss=-0.532653 valid=1.0000 routes=15.207 grad=3.8812 seconds=43.5
Epoch  999/5000: score=19.006843 loss=-0.591028 valid=1.0000 routes=16.052 grad=4.4333 seconds=44.0
Epoch 1000/5000: score=16.558444 loss=-0.509286 valid=1.0000 routes=13.998 grad=3.4923 seconds=43.2
Epoch 1001/5000: score=17.503275 loss=-0.526270 valid=1.0000 routes=14.437 grad=3.6878 seconds=43.4
Epoch 1002/5000: score=18.381963 loss=-0.547129 valid=1.0000 routes=14.518 grad=4.0335 seconds=43.2
Epoch 1003/5000: score=18.591093 loss=-0.564151 valid=1.0000 routes=15.603 grad=4.3271 seconds=43.6
Epoch 1004/5000: score=17.952353 loss=-0.530036 valid=1.0000 routes=13.938 grad=3.8531 seconds=43.2
Epoch 1005/5000: score=16.491185 loss=-0.498359 valid=1.0000 routes=14.113 grad=3.3770 seconds=43.4
Epoch 1006/5000: score=16.814222 loss=-0.517914 valid=1.0000 routes=13.699 grad=3.5418 seconds=43.7
Epoch 1007/5000: score=17.260518 loss=-0.546659 valid=1.0000 routes=15.564 grad=3.9739 seconds=43.3
Epoch 1008/5000: score=17.607457 loss=-0.552699 valid=1.0000 routes=15.630 grad=3.9673 seconds=43.5
Epoch 1009/5000: score=17.338193 loss=-0.571883 valid=1.0000 routes=15.283 grad=4.2275 seconds=43.2
Epoch 1010/5000: score=16.782067 loss=-0.494463 valid=1.0000 routes=13.965 grad=3.3193 seconds=43.5
Epoch 1011/5000: score=16.776530 loss=-0.501153 valid=1.0000 routes=14.574 grad=3.4477 seconds=43.4
Epoch 1012/5000: score=18.456080 loss=-0.558047 valid=1.0000 routes=16.439 grad=4.1365 seconds=43.3
Epoch 1013/5000: score=16.717243 loss=-0.506588 valid=1.0000 routes=14.405 grad=3.4584 seconds=43.4
Epoch 1014/5000: score=18.855888 loss=-0.585020 valid=1.0000 routes=15.973 grad=4.4938 seconds=43.3
Epoch 1015/5000: score=17.573397 loss=-0.524972 valid=1.0000 routes=14.521 grad=3.7988 seconds=43.5
Epoch 1016/5000: score=17.723625 loss=-0.560928 valid=1.0000 routes=14.713 grad=4.1173 seconds=43.3
Epoch 1017/5000: score=17.358906 loss=-0.506597 valid=1.0000 routes=15.079 grad=3.6705 seconds=43.5
Epoch 1018/5000: score=18.081468 loss=-0.531178 valid=1.0000 routes=14.692 grad=3.8222 seconds=43.2
Epoch 1019/5000: score=17.695518 loss=-0.531069 valid=1.0000 routes=14.730 grad=3.8381 seconds=43.3
Epoch 1020/5000: score=17.478272 loss=-0.544407 valid=1.0000 routes=14.954 grad=3.8247 seconds=43.5
Epoch 1021/5000: score=17.007205 loss=-0.526926 valid=1.0000 routes=14.009 grad=3.8210 seconds=43.5
Epoch 1022/5000: score=17.643631 loss=-0.523831 valid=1.0000 routes=14.321 grad=3.9292 seconds=43.6
Epoch 1023/5000: score=17.960077 loss=-0.527154 valid=1.0000 routes=15.115 grad=3.8861 seconds=43.4
Epoch 1024/5000: score=16.347492 loss=-0.482771 valid=1.0000 routes=14.036 grad=3.3423 seconds=43.2
Epoch 1025/5000: score=17.581342 loss=-0.513567 valid=1.0000 routes=14.397 grad=3.6661 seconds=43.5
Epoch 1026/5000: score=17.575797 loss=-0.501216 valid=1.0000 routes=14.305 grad=3.5852 seconds=43.2
Epoch 1027/5000: score=16.144565 loss=-0.491523 valid=1.0000 routes=13.990 grad=3.2625 seconds=44.4
Epoch 1028/5000: score=17.050788 loss=-0.535546 valid=1.0000 routes=14.967 grad=4.0203 seconds=44.8
Epoch 1029/5000: score=17.400847 loss=-0.538452 valid=1.0000 routes=15.346 grad=3.9414 seconds=45.0
Epoch 1030/5000: score=17.497476 loss=-0.537335 valid=1.0000 routes=14.762 grad=3.8815 seconds=45.4
Epoch 1031/5000: score=16.763050 loss=-0.494945 valid=1.0000 routes=13.854 grad=3.4614 seconds=44.9
Epoch 1032/5000: score=18.272229 loss=-0.527194 valid=1.0000 routes=14.555 grad=3.8003 seconds=44.0
Epoch 1033/5000: score=17.770950 loss=-0.527354 valid=1.0000 routes=14.142 grad=3.8974 seconds=43.1
Epoch 1034/5000: score=17.308161 loss=-0.524595 valid=1.0000 routes=14.837 grad=3.7274 seconds=43.0
Epoch 1035/5000: score=17.157800 loss=-0.517763 valid=1.0000 routes=13.663 grad=3.6013 seconds=43.2
Epoch 1036/5000: score=17.090824 loss=-0.514320 valid=1.0000 routes=14.390 grad=3.6416 seconds=43.2
Epoch 1037/5000: score=17.427132 loss=-0.521664 valid=1.0000 routes=14.117 grad=3.6640 seconds=43.4
Epoch 1038/5000: score=18.061313 loss=-0.553160 valid=1.0000 routes=15.863 grad=4.0753 seconds=42.8
Epoch 1039/5000: score=16.850583 loss=-0.519760 valid=1.0000 routes=14.638 grad=3.5942 seconds=43.3
Epoch 1040/5000: score=17.852317 loss=-0.564044 valid=1.0000 routes=15.038 grad=4.2410 seconds=43.0
Epoch 1041/5000: score=17.901351 loss=-0.516694 valid=1.0000 routes=14.402 grad=3.7089 seconds=42.9
Epoch 1042/5000: score=17.706649 loss=-0.537197 valid=1.0000 routes=14.716 grad=4.0127 seconds=43.0
Epoch 1043/5000: score=17.048430 loss=-0.526608 valid=1.0000 routes=14.772 grad=3.8421 seconds=42.8
Epoch 1044/5000: score=17.791649 loss=-0.553597 valid=1.0000 routes=14.709 grad=4.1559 seconds=43.0
Epoch 1045/5000: score=16.113369 loss=-0.514427 valid=1.0000 routes=15.191 grad=3.5630 seconds=42.7
Epoch 1046/5000: score=15.831114 loss=-0.457064 valid=1.0000 routes=13.411 grad=2.9388 seconds=43.5
Epoch 1047/5000: score=17.222457 loss=-0.528252 valid=1.0000 routes=15.157 grad=3.8623 seconds=44.1
Epoch 1048/5000: score=17.940374 loss=-0.530408 valid=1.0000 routes=14.029 grad=3.9154 seconds=43.5
Epoch 1049/5000: score=17.407223 loss=-0.520286 valid=1.0000 routes=14.147 grad=3.7865 seconds=44.5
Epoch 1050/5000: score=17.033012 loss=-0.504633 valid=1.0000 routes=13.931 grad=3.6587 seconds=44.6
Epoch 1051/5000: score=17.815924 loss=-0.533949 valid=1.0000 routes=15.165 grad=3.9205 seconds=43.4
Epoch 1052/5000: score=17.750534 loss=-0.525728 valid=1.0000 routes=14.552 grad=3.8890 seconds=43.3
Epoch 1053/5000: score=17.226706 loss=-0.497890 valid=1.0000 routes=13.562 grad=3.4695 seconds=43.2
>> Invalid instances, Re-generating ...
Epoch 1054/5000: score=18.149439 loss=-0.523551 valid=1.0000 routes=14.145 grad=3.8473 seconds=43.4
Epoch 1055/5000: score=18.162446 loss=-0.564027 valid=1.0000 routes=16.319 grad=4.3316 seconds=43.3
Epoch 1056/5000: score=16.668692 loss=-0.502738 valid=1.0000 routes=13.929 grad=3.5334 seconds=43.4
Epoch 1057/5000: score=19.530586 loss=-0.589296 valid=1.0000 routes=16.244 grad=4.8926 seconds=43.4
Epoch 1058/5000: score=17.179995 loss=-0.493794 valid=1.0000 routes=13.726 grad=3.5799 seconds=43.1
Epoch 1059/5000: score=17.489485 loss=-0.530162 valid=1.0000 routes=15.537 grad=4.0165 seconds=43.3
Epoch 1060/5000: score=16.451501 loss=-0.505685 valid=1.0000 routes=14.681 grad=3.4967 seconds=44.1
Epoch 1061/5000: score=16.842083 loss=-0.504409 valid=1.0000 routes=14.117 grad=3.5522 seconds=43.1
Epoch 1062/5000: score=17.115909 loss=-0.538954 valid=1.0000 routes=14.973 grad=4.0332 seconds=43.3
Epoch 1063/5000: score=16.438471 loss=-0.477058 valid=1.0000 routes=12.949 grad=3.2313 seconds=44.8
Epoch 1064/5000: score=17.830614 loss=-0.532217 valid=1.0000 routes=14.848 grad=4.0084 seconds=45.1
Epoch 1065/5000: score=17.825200 loss=-0.537348 valid=1.0000 routes=15.270 grad=4.0641 seconds=45.1
Epoch 1066/5000: score=16.645727 loss=-0.491575 valid=1.0000 routes=13.473 grad=3.3780 seconds=43.5
Epoch 1067/5000: score=17.336463 loss=-0.514696 valid=1.0000 routes=14.383 grad=3.7124 seconds=43.3
Epoch 1068/5000: score=17.625838 loss=-0.512632 valid=1.0000 routes=14.374 grad=3.6616 seconds=43.4
Epoch 1069/5000: score=17.309233 loss=-0.514389 valid=1.0000 routes=14.628 grad=3.6391 seconds=44.2
Epoch 1070/5000: score=18.022097 loss=-0.573957 valid=1.0000 routes=15.652 grad=4.3833 seconds=43.5
Epoch 1071/5000: score=16.265992 loss=-0.493424 valid=1.0000 routes=13.902 grad=3.3879 seconds=43.3
Epoch 1072/5000: score=16.151909 loss=-0.495333 valid=1.0000 routes=13.821 grad=3.3771 seconds=43.3
Epoch 1073/5000: score=18.428326 loss=-0.517600 valid=1.0000 routes=14.687 grad=3.8607 seconds=43.3
Epoch 1074/5000: score=17.227812 loss=-0.511125 valid=1.0000 routes=14.262 grad=3.6182 seconds=43.4
Epoch 1075/5000: score=17.670825 loss=-0.541653 valid=1.0000 routes=14.600 grad=4.0976 seconds=43.8
Epoch 1076/5000: score=16.915553 loss=-0.503538 valid=1.0000 routes=14.012 grad=3.5554 seconds=43.3
Epoch 1077/5000: score=17.721573 loss=-0.500701 valid=1.0000 routes=13.766 grad=3.6973 seconds=43.5
Epoch 1078/5000: score=17.887410 loss=-0.585218 valid=1.0000 routes=15.552 grad=4.4872 seconds=43.1
Epoch 1079/5000: score=15.935340 loss=-0.504384 valid=1.0000 routes=14.371 grad=3.4904 seconds=43.5
Epoch 1080/5000: score=17.373790 loss=-0.506437 valid=1.0000 routes=14.761 grad=3.6805 seconds=43.4
Epoch 1081/5000: score=17.657160 loss=-0.520306 valid=1.0000 routes=13.791 grad=3.7784 seconds=43.2
Epoch 1082/5000: score=17.474133 loss=-0.531140 valid=1.0000 routes=14.237 grad=3.8531 seconds=43.4
Epoch 1083/5000: score=16.683563 loss=-0.485272 valid=1.0000 routes=13.731 grad=3.2938 seconds=43.0
Epoch 1084/5000: score=17.332331 loss=-0.498301 valid=1.0000 routes=14.628 grad=3.4179 seconds=43.3
Epoch 1085/5000: score=17.729641 loss=-0.524685 valid=1.0000 routes=15.422 grad=3.8788 seconds=43.4
Epoch 1086/5000: score=17.336249 loss=-0.530829 valid=1.0000 routes=15.019 grad=3.9176 seconds=43.4
Epoch 1087/5000: score=17.492255 loss=-0.485797 valid=1.0000 routes=13.443 grad=3.4344 seconds=43.5
Epoch 1088/5000: score=17.973757 loss=-0.550018 valid=1.0000 routes=15.624 grad=4.1691 seconds=43.4
Epoch 1089/5000: score=17.459264 loss=-0.529739 valid=1.0000 routes=15.405 grad=3.9732 seconds=43.5
Epoch 1090/5000: score=16.062609 loss=-0.462669 valid=1.0000 routes=13.383 grad=3.0843 seconds=43.4
Epoch 1091/5000: score=17.940278 loss=-0.516183 valid=1.0000 routes=14.375 grad=3.7915 seconds=43.5
Epoch 1092/5000: score=16.959787 loss=-0.512766 valid=1.0000 routes=14.516 grad=3.8598 seconds=43.2
Epoch 1093/5000: score=18.459836 loss=-0.589217 valid=1.0000 routes=15.642 grad=4.5346 seconds=43.6
Epoch 1094/5000: score=17.714087 loss=-0.533708 valid=1.0000 routes=14.086 grad=4.0769 seconds=43.6
Epoch 1095/5000: score=18.532281 loss=-0.571590 valid=1.0000 routes=16.023 grad=4.6277 seconds=43.5
Epoch 1096/5000: score=17.817387 loss=-0.535655 valid=1.0000 routes=14.890 grad=4.0078 seconds=43.6
Epoch 1097/5000: score=17.526570 loss=-0.507099 valid=1.0000 routes=14.343 grad=3.7733 seconds=43.2
Epoch 1098/5000: score=16.402240 loss=-0.511872 valid=1.0000 routes=14.615 grad=3.5787 seconds=44.0
Epoch 1099/5000: score=17.326783 loss=-0.540464 valid=1.0000 routes=14.660 grad=3.9127 seconds=43.7
Epoch 1100/5000: score=17.219941 loss=-0.509693 valid=1.0000 routes=14.145 grad=3.7403 seconds=44.9
Epoch 1101/5000: score=17.080637 loss=-0.531062 valid=1.0000 routes=15.114 grad=3.9206 seconds=44.0
Epoch 1102/5000: score=17.428156 loss=-0.522980 valid=1.0000 routes=14.366 grad=3.8335 seconds=44.9
Epoch 1103/5000: score=16.663344 loss=-0.494312 valid=1.0000 routes=14.219 grad=3.5933 seconds=43.9
Epoch 1104/5000: score=16.509130 loss=-0.466373 valid=1.0000 routes=13.931 grad=3.2305 seconds=43.4
Epoch 1105/5000: score=17.268811 loss=-0.498086 valid=1.0000 routes=14.017 grad=3.5908 seconds=43.7
Epoch 1106/5000: score=17.276013 loss=-0.554116 valid=1.0000 routes=15.271 grad=4.1464 seconds=43.7
Epoch 1107/5000: score=17.133099 loss=-0.537782 valid=1.0000 routes=15.243 grad=3.9000 seconds=43.2
Epoch 1108/5000: score=16.622123 loss=-0.484640 valid=1.0000 routes=14.166 grad=3.4174 seconds=43.4
Epoch 1109/5000: score=17.557669 loss=-0.538929 valid=1.0000 routes=14.819 grad=4.0462 seconds=43.4
Epoch 1110/5000: score=16.996665 loss=-0.489228 valid=1.0000 routes=13.430 grad=3.4140 seconds=44.4
Epoch 1111/5000: score=16.774256 loss=-0.493954 valid=1.0000 routes=14.092 grad=3.4611 seconds=43.9
Epoch 1112/5000: score=18.072162 loss=-0.541501 valid=1.0000 routes=15.004 grad=4.2166 seconds=43.7
Epoch 1113/5000: score=18.902175 loss=-0.566188 valid=1.0000 routes=15.786 grad=4.7840 seconds=43.8
Epoch 1114/5000: score=18.018795 loss=-0.522788 valid=1.0000 routes=14.449 grad=3.9409 seconds=43.6
Epoch 1115/5000: score=15.836483 loss=-0.489126 valid=1.0000 routes=14.223 grad=3.3899 seconds=43.6
Epoch 1116/5000: score=15.445651 loss=-0.453530 valid=1.0000 routes=13.695 grad=2.9163 seconds=42.9
Epoch 1117/5000: score=17.329362 loss=-0.519250 valid=1.0000 routes=14.577 grad=3.7858 seconds=43.3
Epoch 1118/5000: score=16.935033 loss=-0.514800 valid=1.0000 routes=14.728 grad=3.7573 seconds=43.3
>> Invalid instances, Re-generating ...
Epoch 1119/5000: score=17.014238 loss=-0.526813 valid=1.0000 routes=15.397 grad=3.7214 seconds=42.8
Epoch 1120/5000: score=16.016212 loss=-0.461772 valid=1.0000 routes=13.846 grad=3.0567 seconds=43.1
Epoch 1121/5000: score=17.115182 loss=-0.531188 valid=1.0000 routes=15.294 grad=4.0027 seconds=43.3
Epoch 1122/5000: score=17.166947 loss=-0.530329 valid=1.0000 routes=14.686 grad=3.8150 seconds=44.0
Epoch 1123/5000: score=17.547102 loss=-0.526692 valid=1.0000 routes=15.428 grad=4.0688 seconds=44.0
Epoch 1124/5000: score=16.928673 loss=-0.493785 valid=1.0000 routes=14.070 grad=3.4760 seconds=44.1
Epoch 1125/5000: score=18.121830 loss=-0.545615 valid=1.0000 routes=15.306 grad=4.2749 seconds=44.1
Epoch 1126/5000: score=16.422478 loss=-0.479556 valid=1.0000 routes=14.861 grad=3.3855 seconds=43.8
Epoch 1127/5000: score=18.308221 loss=-0.532062 valid=1.0000 routes=14.894 grad=4.1137 seconds=43.8
Epoch 1128/5000: score=17.932626 loss=-0.540045 valid=1.0000 routes=15.644 grad=4.1620 seconds=44.0
Epoch 1129/5000: score=17.699743 loss=-0.565602 valid=1.0000 routes=15.268 grad=4.4040 seconds=44.5
Epoch 1130/5000: score=17.470711 loss=-0.508488 valid=1.0000 routes=14.088 grad=3.7547 seconds=44.0
Epoch 1131/5000: score=17.387904 loss=-0.502940 valid=1.0000 routes=14.254 grad=3.6275 seconds=44.0
Epoch 1132/5000: score=18.263157 loss=-0.538713 valid=1.0000 routes=15.259 grad=4.2099 seconds=44.7
Epoch 1133/5000: score=16.476862 loss=-0.451556 valid=1.0000 routes=13.607 grad=3.1277 seconds=44.9
Epoch 1134/5000: score=16.766463 loss=-0.520251 valid=1.0000 routes=14.559 grad=3.8593 seconds=44.9
Epoch 1135/5000: score=17.366493 loss=-0.510320 valid=1.0000 routes=13.913 grad=3.7365 seconds=44.8
Epoch 1136/5000: score=15.917946 loss=-0.460997 valid=1.0000 routes=13.499 grad=3.0401 seconds=44.6
Epoch 1137/5000: score=16.971667 loss=-0.476845 valid=1.0000 routes=13.328 grad=3.2848 seconds=44.7
Epoch 1138/5000: score=17.159615 loss=-0.507058 valid=1.0000 routes=14.298 grad=3.6603 seconds=44.7
Epoch 1139/5000: score=17.313458 loss=-0.525004 valid=1.0000 routes=15.159 grad=3.8704 seconds=44.7
Epoch 1140/5000: score=16.686645 loss=-0.508088 valid=1.0000 routes=14.406 grad=3.6895 seconds=44.7
Epoch 1141/5000: score=15.662795 loss=-0.475012 valid=1.0000 routes=13.534 grad=3.1360 seconds=44.4
Epoch 1142/5000: score=16.241545 loss=-0.483499 valid=1.0000 routes=14.330 grad=3.3580 seconds=44.6
Epoch 1143/5000: score=17.602712 loss=-0.524946 valid=1.0000 routes=14.909 grad=4.1539 seconds=44.2
Epoch 1144/5000: score=17.444886 loss=-0.505701 valid=1.0000 routes=14.366 grad=3.8503 seconds=44.8
Epoch 1145/5000: score=17.110725 loss=-0.527107 valid=1.0000 routes=15.136 grad=3.9397 seconds=44.6
Epoch 1146/5000: score=18.066389 loss=-0.533438 valid=1.0000 routes=14.903 grad=4.0112 seconds=44.6
Epoch 1147/5000: score=16.481502 loss=-0.501561 valid=1.0000 routes=14.567 grad=3.6661 seconds=44.5
Epoch 1148/5000: score=17.676288 loss=-0.538008 valid=1.0000 routes=14.348 grad=4.1256 seconds=44.8
Epoch 1149/5000: score=17.172972 loss=-0.507495 valid=1.0000 routes=15.174 grad=3.6440 seconds=44.5
Epoch 1150/5000: score=15.571003 loss=-0.484132 valid=1.0000 routes=13.691 grad=3.2973 seconds=43.9
Epoch 1151/5000: score=16.233333 loss=-0.490165 valid=1.0000 routes=13.933 grad=3.3727 seconds=43.8
Epoch 1152/5000: score=16.215244 loss=-0.526612 valid=1.0000 routes=14.660 grad=3.9950 seconds=44.0
Epoch 1153/5000: score=17.736159 loss=-0.529572 valid=1.0000 routes=14.666 grad=4.0483 seconds=43.9
Epoch 1154/5000: score=18.685271 loss=-0.560527 valid=1.0000 routes=15.014 grad=4.4106 seconds=45.1
Epoch 1155/5000: score=18.360867 loss=-0.541350 valid=1.0000 routes=15.113 grad=4.2127 seconds=45.9
Epoch 1156/5000: score=17.510596 loss=-0.521119 valid=1.0000 routes=14.832 grad=3.8686 seconds=44.0
Epoch 1157/5000: score=17.140403 loss=-0.502320 valid=1.0000 routes=14.148 grad=3.8809 seconds=44.3
Epoch 1158/5000: score=17.365942 loss=-0.526948 valid=1.0000 routes=14.231 grad=3.7995 seconds=43.8
Epoch 1159/5000: score=18.266169 loss=-0.534561 valid=1.0000 routes=14.720 grad=4.2193 seconds=43.9
Epoch 1160/5000: score=16.361056 loss=-0.473321 valid=1.0000 routes=13.499 grad=3.3010 seconds=43.7
Epoch 1161/5000: score=16.704411 loss=-0.498913 valid=1.0000 routes=13.627 grad=3.5364 seconds=43.9
Epoch 1162/5000: score=17.008928 loss=-0.502629 valid=1.0000 routes=14.414 grad=3.7223 seconds=43.8
Epoch 1163/5000: score=17.428883 loss=-0.522509 valid=1.0000 routes=14.911 grad=3.9466 seconds=43.9
Epoch 1164/5000: score=18.276302 loss=-0.565500 valid=1.0000 routes=16.029 grad=4.3956 seconds=44.3
Epoch 1165/5000: score=17.846768 loss=-0.527135 valid=1.0000 routes=15.131 grad=4.0273 seconds=43.9
Epoch 1166/5000: score=17.255234 loss=-0.507379 valid=1.0000 routes=14.685 grad=3.7583 seconds=44.1
Epoch 1167/5000: score=16.267122 loss=-0.472363 valid=1.0000 routes=13.701 grad=3.2505 seconds=44.4
Epoch 1168/5000: score=16.914305 loss=-0.497444 valid=1.0000 routes=14.037 grad=3.5625 seconds=45.6
Epoch 1169/5000: score=17.368407 loss=-0.488217 valid=1.0000 routes=14.203 grad=3.5422 seconds=45.5
Epoch 1170/5000: score=16.464401 loss=-0.495002 valid=1.0000 routes=14.070 grad=3.5174 seconds=45.3
Epoch 1171/5000: score=18.041668 loss=-0.539327 valid=1.0000 routes=14.940 grad=4.0684 seconds=45.1
Epoch 1172/5000: score=16.293336 loss=-0.479136 valid=1.0000 routes=13.618 grad=3.3097 seconds=45.2
Epoch 1173/5000: score=17.268980 loss=-0.505101 valid=1.0000 routes=14.453 grad=3.6833 seconds=45.2
Epoch 1174/5000: score=16.743922 loss=-0.484141 valid=1.0000 routes=14.016 grad=3.4302 seconds=43.8
Epoch 1175/5000: score=17.490786 loss=-0.528592 valid=1.0000 routes=14.431 grad=4.0640 seconds=43.7
Epoch 1176/5000: score=17.955833 loss=-0.512588 valid=1.0000 routes=14.383 grad=3.9492 seconds=43.8
Epoch 1177/5000: score=15.970092 loss=-0.478844 valid=1.0000 routes=14.264 grad=3.3719 seconds=43.8
Epoch 1178/5000: score=17.351276 loss=-0.530008 valid=1.0000 routes=14.375 grad=3.9096 seconds=44.7
Epoch 1179/5000: score=17.552559 loss=-0.506249 valid=1.0000 routes=14.764 grad=3.8089 seconds=44.5
Epoch 1180/5000: score=17.778016 loss=-0.503284 valid=1.0000 routes=15.270 grad=3.7327 seconds=44.4
Epoch 1181/5000: score=17.165620 loss=-0.538407 valid=1.0000 routes=15.453 grad=4.0533 seconds=44.1
Epoch 1182/5000: score=17.227661 loss=-0.485091 valid=1.0000 routes=14.197 grad=3.6498 seconds=43.9
Epoch 1183/5000: score=17.330675 loss=-0.541911 valid=1.0000 routes=15.044 grad=4.0174 seconds=44.0
Epoch 1184/5000: score=19.091358 loss=-0.582611 valid=1.0000 routes=15.583 grad=4.6473 seconds=44.1
Epoch 1185/5000: score=18.221041 loss=-0.554028 valid=1.0000 routes=15.149 grad=4.3589 seconds=44.1
Epoch 1186/5000: score=16.676871 loss=-0.497723 valid=1.0000 routes=13.884 grad=3.6162 seconds=43.9
Epoch 1187/5000: score=16.794351 loss=-0.494076 valid=1.0000 routes=14.814 grad=3.6841 seconds=44.2
Epoch 1188/5000: score=17.438151 loss=-0.518479 valid=1.0000 routes=14.342 grad=3.9324 seconds=44.2
Epoch 1189/5000: score=17.565009 loss=-0.529454 valid=1.0000 routes=14.630 grad=4.1054 seconds=44.3
Epoch 1190/5000: score=16.914471 loss=-0.518481 valid=1.0000 routes=14.612 grad=3.8585 seconds=43.9
Epoch 1191/5000: score=16.894527 loss=-0.479850 valid=1.0000 routes=13.220 grad=3.4244 seconds=44.0
Epoch 1192/5000: score=18.173564 loss=-0.520052 valid=1.0000 routes=14.368 grad=4.0841 seconds=43.7
Epoch 1193/5000: score=17.230327 loss=-0.510007 valid=1.0000 routes=13.872 grad=3.7519 seconds=43.9
Epoch 1194/5000: score=16.620236 loss=-0.477600 valid=1.0000 routes=13.835 grad=3.4214 seconds=43.5
Epoch 1195/5000: score=18.396308 loss=-0.543468 valid=1.0000 routes=14.916 grad=4.2998 seconds=43.6
Epoch 1196/5000: score=17.571897 loss=-0.495137 valid=1.0000 routes=14.312 grad=3.7238 seconds=43.7
Epoch 1197/5000: score=17.469018 loss=-0.490518 valid=1.0000 routes=13.869 grad=3.6736 seconds=43.6
Epoch 1198/5000: score=17.706096 loss=-0.507796 valid=1.0000 routes=15.212 grad=3.8847 seconds=43.5
Epoch 1199/5000: score=17.527644 loss=-0.477491 valid=1.0000 routes=14.165 grad=3.5717 seconds=43.5
Epoch 1200/5000: score=17.642157 loss=-0.516349 valid=1.0000 routes=14.711 grad=3.9742 seconds=43.8
Epoch 1201/5000: score=17.190916 loss=-0.473915 valid=1.0000 routes=12.949 grad=3.4416 seconds=44.0
Epoch 1202/5000: score=17.279394 loss=-0.504271 valid=1.0000 routes=15.132 grad=3.8039 seconds=43.9
Epoch 1203/5000: score=17.482270 loss=-0.477946 valid=1.0000 routes=13.841 grad=3.6853 seconds=44.2
Epoch 1204/5000: score=17.445781 loss=-0.509807 valid=1.0000 routes=14.836 grad=3.9684 seconds=43.8
Epoch 1205/5000: score=16.928851 loss=-0.498739 valid=1.0000 routes=14.062 grad=3.7073 seconds=44.0
Epoch 1206/5000: score=16.687404 loss=-0.538110 valid=1.0000 routes=15.821 grad=4.0879 seconds=43.9
Epoch 1207/5000: score=18.467247 loss=-0.527411 valid=1.0000 routes=15.075 grad=4.2027 seconds=43.6
Epoch 1208/5000: score=17.155257 loss=-0.495856 valid=1.0000 routes=14.788 grad=3.6021 seconds=43.7
Epoch 1209/5000: score=17.355690 loss=-0.502422 valid=1.0000 routes=14.462 grad=3.8265 seconds=43.8
Epoch 1210/5000: score=16.939190 loss=-0.507956 valid=1.0000 routes=14.969 grad=3.8505 seconds=43.7
Epoch 1211/5000: score=17.145756 loss=-0.514494 valid=1.0000 routes=14.244 grad=3.9309 seconds=43.8
Epoch 1212/5000: score=17.488549 loss=-0.517203 valid=1.0000 routes=14.478 grad=3.8554 seconds=44.0
Epoch 1213/5000: score=16.893005 loss=-0.475788 valid=1.0000 routes=13.939 grad=3.5366 seconds=43.8
>> Invalid instances, Re-generating ...
Epoch 1214/5000: score=17.325980 loss=-0.505476 valid=1.0000 routes=14.923 grad=3.7788 seconds=43.8
Epoch 1215/5000: score=17.628262 loss=-0.516488 valid=1.0000 routes=14.153 grad=3.9163 seconds=43.7
Epoch 1216/5000: score=17.754079 loss=-0.503986 valid=1.0000 routes=14.397 grad=3.8469 seconds=44.1
Epoch 1217/5000: score=18.154502 loss=-0.523897 valid=1.0000 routes=14.923 grad=4.0141 seconds=44.1
Epoch 1218/5000: score=19.034967 loss=-0.532017 valid=1.0000 routes=14.752 grad=4.3880 seconds=43.9
Epoch 1219/5000: score=17.403016 loss=-0.526826 valid=1.0000 routes=15.195 grad=4.1348 seconds=44.2
Epoch 1220/5000: score=16.539438 loss=-0.484808 valid=1.0000 routes=13.550 grad=3.5573 seconds=43.7
Epoch 1221/5000: score=16.001904 loss=-0.453426 valid=1.0000 routes=13.280 grad=3.0966 seconds=43.7
Epoch 1222/5000: score=17.484748 loss=-0.505029 valid=1.0000 routes=14.551 grad=3.8848 seconds=43.6
Epoch 1223/5000: score=17.581667 loss=-0.516880 valid=1.0000 routes=14.803 grad=4.0701 seconds=43.9
>> Invalid instances, Re-generating ...
Epoch 1224/5000: score=16.118184 loss=-0.480944 valid=1.0000 routes=13.539 grad=3.4120 seconds=44.2
Epoch 1225/5000: score=18.497569 loss=-0.523396 valid=1.0000 routes=14.190 grad=4.2220 seconds=44.0
Epoch 1226/5000: score=17.549341 loss=-0.501358 valid=1.0000 routes=14.322 grad=3.9888 seconds=44.2
Epoch 1227/5000: score=17.107749 loss=-0.486190 valid=1.0000 routes=13.867 grad=3.5556 seconds=44.0
Epoch 1228/5000: score=17.274161 loss=-0.488576 valid=1.0000 routes=13.638 grad=3.5571 seconds=43.9
Epoch 1229/5000: score=17.446650 loss=-0.497230 valid=1.0000 routes=13.769 grad=3.6446 seconds=43.7
Epoch 1230/5000: score=17.479472 loss=-0.502758 valid=1.0000 routes=14.105 grad=3.8520 seconds=43.7
Epoch 1231/5000: score=17.318522 loss=-0.487586 valid=1.0000 routes=13.766 grad=3.6053 seconds=43.8
Epoch 1232/5000: score=15.769634 loss=-0.468716 valid=1.0000 routes=14.059 grad=3.2944 seconds=43.9
Epoch 1233/5000: score=17.646509 loss=-0.526931 valid=1.0000 routes=14.905 grad=4.1271 seconds=44.2
Epoch 1234/5000: score=17.930981 loss=-0.561004 valid=1.0000 routes=15.542 grad=4.3530 seconds=44.2
Epoch 1235/5000: score=16.485163 loss=-0.500847 valid=1.0000 routes=14.155 grad=3.7074 seconds=44.1
>> Invalid instances, Re-generating ...
Epoch 1236/5000: score=16.973000 loss=-0.513023 valid=1.0000 routes=15.155 grad=3.9199 seconds=44.3
Epoch 1237/5000: score=18.334711 loss=-0.545517 valid=1.0000 routes=15.030 grad=4.4095 seconds=44.0
Epoch 1238/5000: score=16.885633 loss=-0.492216 valid=1.0000 routes=13.283 grad=3.6389 seconds=44.4
Epoch 1239/5000: score=16.844595 loss=-0.489224 valid=1.0000 routes=13.816 grad=3.6909 seconds=44.3
Epoch 1240/5000: score=18.400576 loss=-0.520241 valid=1.0000 routes=14.916 grad=4.1009 seconds=44.1
Epoch 1241/5000: score=17.808772 loss=-0.492323 valid=1.0000 routes=14.487 grad=3.8392 seconds=44.1
Epoch 1242/5000: score=17.201588 loss=-0.515483 valid=1.0000 routes=14.816 grad=4.0399 seconds=44.2
Epoch 1243/5000: score=16.974266 loss=-0.507104 valid=1.0000 routes=13.974 grad=3.7085 seconds=44.3
Epoch 1244/5000: score=16.644074 loss=-0.468996 valid=1.0000 routes=13.361 grad=3.4887 seconds=43.9
Epoch 1245/5000: score=17.475923 loss=-0.486034 valid=1.0000 routes=15.210 grad=3.6598 seconds=44.1
Epoch 1246/5000: score=18.181652 loss=-0.510092 valid=1.0000 routes=13.994 grad=3.9978 seconds=44.3
Epoch 1247/5000: score=17.845350 loss=-0.516181 valid=1.0000 routes=14.691 grad=4.0126 seconds=44.2
Epoch 1248/5000: score=16.347771 loss=-0.500398 valid=1.0000 routes=14.886 grad=3.6761 seconds=44.3
Epoch 1249/5000: score=19.072209 loss=-0.532506 valid=1.0000 routes=14.725 grad=4.2814 seconds=44.2
Epoch 1250/5000: score=17.960684 loss=-0.536814 valid=1.0000 routes=14.641 grad=4.2548 seconds=44.4
Epoch 1251/5000: score=17.082223 loss=-0.496858 valid=1.0000 routes=13.948 grad=3.8158 seconds=44.0
Epoch 1252/5000: score=16.674781 loss=-0.474589 valid=1.0000 routes=13.632 grad=3.6285 seconds=44.0
Epoch 1253/5000: score=17.545038 loss=-0.536119 valid=1.0000 routes=15.130 grad=4.3738 seconds=43.8
Epoch 1254/5000: score=16.654744 loss=-0.502918 valid=1.0000 routes=14.624 grad=3.8657 seconds=43.6
Epoch 1255/5000: score=17.616857 loss=-0.534560 valid=1.0000 routes=15.377 grad=4.0500 seconds=43.6
Epoch 1256/5000: score=17.205593 loss=-0.524880 valid=1.0000 routes=15.500 grad=4.1190 seconds=43.7
Epoch 1257/5000: score=17.303668 loss=-0.507446 valid=1.0000 routes=14.242 grad=3.9551 seconds=43.9
Epoch 1258/5000: score=17.237564 loss=-0.500268 valid=1.0000 routes=14.094 grad=3.6937 seconds=44.0
Epoch 1259/5000: score=16.500219 loss=-0.442966 valid=1.0000 routes=13.246 grad=3.0808 seconds=43.9
Epoch 1260/5000: score=16.634906 loss=-0.460280 valid=1.0000 routes=12.578 grad=3.3501 seconds=44.3
Epoch 1261/5000: score=18.293261 loss=-0.521658 valid=1.0000 routes=15.525 grad=4.1886 seconds=44.0
Epoch 1262/5000: score=17.785023 loss=-0.514304 valid=1.0000 routes=14.854 grad=3.9919 seconds=44.0
Epoch 1263/5000: score=16.697187 loss=-0.481803 valid=1.0000 routes=14.658 grad=3.5699 seconds=44.0
Epoch 1264/5000: score=16.733570 loss=-0.471224 valid=1.0000 routes=13.310 grad=3.4818 seconds=43.9
Epoch 1265/5000: score=17.567735 loss=-0.517380 valid=1.0000 routes=14.500 grad=4.0573 seconds=44.3
Epoch 1266/5000: score=17.435758 loss=-0.518281 valid=1.0000 routes=14.360 grad=4.0937 seconds=44.0
Epoch 1267/5000: score=18.252410 loss=-0.556230 valid=1.0000 routes=15.559 grad=4.4490 seconds=43.9
Epoch 1268/5000: score=17.002673 loss=-0.506007 valid=1.0000 routes=14.784 grad=3.9104 seconds=43.8
>> Invalid instances, Re-generating ...
Epoch 1269/5000: score=17.551664 loss=-0.515814 valid=1.0000 routes=14.261 grad=3.9266 seconds=44.1
Epoch 1270/5000: score=17.384814 loss=-0.509653 valid=1.0000 routes=14.268 grad=4.0164 seconds=43.8
Epoch 1271/5000: score=18.289891 loss=-0.525204 valid=1.0000 routes=14.862 grad=4.1390 seconds=43.9
Epoch 1272/5000: score=17.049843 loss=-0.488620 valid=1.0000 routes=14.108 grad=3.6493 seconds=44.1
Epoch 1273/5000: score=17.254567 loss=-0.510794 valid=1.0000 routes=14.635 grad=3.8731 seconds=43.6
Epoch 1274/5000: score=17.058798 loss=-0.517587 valid=1.0000 routes=15.076 grad=3.9650 seconds=44.1
Epoch 1275/5000: score=17.003954 loss=-0.516859 valid=1.0000 routes=14.847 grad=4.0144 seconds=44.3
Epoch 1276/5000: score=18.028856 loss=-0.521686 valid=1.0000 routes=14.556 grad=4.1126 seconds=44.1
Epoch 1277/5000: score=17.469818 loss=-0.505485 valid=1.0000 routes=15.031 grad=3.8947 seconds=43.9
Epoch 1278/5000: score=16.851671 loss=-0.513628 valid=1.0000 routes=13.960 grad=3.8851 seconds=43.9
Epoch 1279/5000: score=16.715422 loss=-0.516105 valid=1.0000 routes=14.490 grad=3.9240 seconds=44.1
Epoch 1280/5000: score=17.165143 loss=-0.499578 valid=1.0000 routes=14.881 grad=3.7826 seconds=43.9
Epoch 1281/5000: score=17.419085 loss=-0.513704 valid=1.0000 routes=14.955 grad=3.9040 seconds=44.4
Epoch 1282/5000: score=17.975189 loss=-0.517866 valid=1.0000 routes=15.046 grad=4.1246 seconds=43.8
Epoch 1283/5000: score=17.816978 loss=-0.508837 valid=1.0000 routes=14.587 grad=4.2083 seconds=43.8
Epoch 1284/5000: score=16.787293 loss=-0.482473 valid=1.0000 routes=14.085 grad=3.5389 seconds=43.9
>> Invalid instances, Re-generating ...
Epoch 1285/5000: score=16.566747 loss=-0.485650 valid=1.0000 routes=14.560 grad=3.5728 seconds=43.5
Epoch 1286/5000: score=16.267716 loss=-0.485051 valid=1.0000 routes=14.836 grad=3.6811 seconds=43.8
Epoch 1287/5000: score=17.599672 loss=-0.520092 valid=1.0000 routes=14.559 grad=4.0327 seconds=43.9
Epoch 1288/5000: score=17.107750 loss=-0.492969 valid=1.0000 routes=14.634 grad=3.7702 seconds=43.8
Epoch 1289/5000: score=17.552079 loss=-0.533056 valid=1.0000 routes=15.812 grad=4.3343 seconds=44.2
Epoch 1290/5000: score=18.157090 loss=-0.508937 valid=1.0000 routes=14.896 grad=4.0461 seconds=43.7
Epoch 1291/5000: score=16.688850 loss=-0.510052 valid=1.0000 routes=14.931 grad=3.9982 seconds=44.2
Epoch 1292/5000: score=17.746652 loss=-0.537803 valid=1.0000 routes=14.998 grad=4.3549 seconds=44.2
Epoch 1293/5000: score=16.923166 loss=-0.471140 valid=1.0000 routes=13.611 grad=3.4984 seconds=43.6
Epoch 1294/5000: score=16.799225 loss=-0.477827 valid=1.0000 routes=13.987 grad=3.5783 seconds=44.8
Epoch 1295/5000: score=17.463964 loss=-0.470878 valid=1.0000 routes=14.231 grad=3.6905 seconds=43.6
Epoch 1296/5000: score=16.998612 loss=-0.467301 valid=1.0000 routes=13.731 grad=3.6299 seconds=43.8
Epoch 1297/5000: score=16.341355 loss=-0.486130 valid=1.0000 routes=13.711 grad=3.6793 seconds=43.9
Epoch 1298/5000: score=18.326543 loss=-0.533378 valid=1.0000 routes=14.762 grad=4.4562 seconds=44.1
Epoch 1299/5000: score=19.341397 loss=-0.566076 valid=1.0000 routes=15.201 grad=4.8334 seconds=44.3
Epoch 1300/5000: score=17.766120 loss=-0.495552 valid=1.0000 routes=14.366 grad=4.0711 seconds=43.9
Epoch 1301/5000: score=17.821261 loss=-0.515573 valid=1.0000 routes=14.770 grad=4.0943 seconds=44.2
Epoch 1302/5000: score=16.432362 loss=-0.490561 valid=1.0000 routes=14.696 grad=3.6786 seconds=43.8
Epoch 1303/5000: score=16.833926 loss=-0.473400 valid=1.0000 routes=13.959 grad=3.4213 seconds=43.8
Epoch 1304/5000: score=16.624036 loss=-0.494167 valid=1.0000 routes=13.993 grad=3.7877 seconds=44.1
Epoch 1305/5000: score=18.439629 loss=-0.546961 valid=1.0000 routes=15.291 grad=4.4887 seconds=43.9
Epoch 1306/5000: score=17.162100 loss=-0.486234 valid=1.0000 routes=15.170 grad=3.8832 seconds=44.1
Epoch 1307/5000: score=16.324779 loss=-0.474041 valid=1.0000 routes=13.119 grad=3.4289 seconds=43.8
Epoch 1308/5000: score=17.334919 loss=-0.500972 valid=1.0000 routes=14.550 grad=3.7952 seconds=43.7
Epoch 1309/5000: score=17.150731 loss=-0.514384 valid=1.0000 routes=15.142 grad=3.8594 seconds=43.7
Epoch 1310/5000: score=16.890181 loss=-0.506102 valid=1.0000 routes=15.044 grad=3.8930 seconds=43.8
Epoch 1311/5000: score=16.541824 loss=-0.475499 valid=1.0000 routes=14.397 grad=3.5976 seconds=43.9
Epoch 1312/5000: score=17.006382 loss=-0.501813 valid=1.0000 routes=14.415 grad=3.7810 seconds=43.7
Epoch 1313/5000: score=15.878429 loss=-0.474855 valid=1.0000 routes=13.330 grad=3.5473 seconds=44.3
Epoch 1314/5000: score=16.982099 loss=-0.465637 valid=1.0000 routes=13.546 grad=3.4608 seconds=43.8
Epoch 1315/5000: score=17.029452 loss=-0.485750 valid=1.0000 routes=14.728 grad=3.6984 seconds=44.2
Epoch 1316/5000: score=17.050257 loss=-0.502676 valid=1.0000 routes=14.701 grad=3.9021 seconds=44.1
Epoch 1317/5000: score=17.616108 loss=-0.488174 valid=1.0000 routes=14.661 grad=3.8036 seconds=44.3
Epoch 1318/5000: score=16.476324 loss=-0.487568 valid=1.0000 routes=14.975 grad=3.7249 seconds=44.0
Epoch 1319/5000: score=16.957128 loss=-0.460396 valid=1.0000 routes=13.359 grad=3.4096 seconds=43.8
Epoch 1320/5000: score=16.210946 loss=-0.479147 valid=1.0000 routes=13.381 grad=3.4284 seconds=44.1
Epoch 1321/5000: score=17.820351 loss=-0.513924 valid=1.0000 routes=14.618 grad=4.1431 seconds=43.9
Epoch 1322/5000: score=17.531070 loss=-0.500263 valid=1.0000 routes=14.363 grad=3.9914 seconds=44.0
Epoch 1323/5000: score=17.075589 loss=-0.493211 valid=1.0000 routes=14.414 grad=3.7756 seconds=44.2
Epoch 1324/5000: score=17.558567 loss=-0.509200 valid=1.0000 routes=14.992 grad=4.1426 seconds=44.0
Epoch 1325/5000: score=17.322217 loss=-0.493400 valid=1.0000 routes=14.873 grad=3.8912 seconds=44.2
Epoch 1326/5000: score=17.090771 loss=-0.496707 valid=1.0000 routes=14.743 grad=3.9168 seconds=44.1
Epoch 1327/5000: score=18.566903 loss=-0.550385 valid=1.0000 routes=15.838 grad=4.5398 seconds=44.0
Epoch 1328/5000: score=18.125130 loss=-0.523197 valid=1.0000 routes=15.315 grad=4.2598 seconds=44.6
Epoch 1329/5000: score=17.082457 loss=-0.504360 valid=1.0000 routes=15.129 grad=3.8483 seconds=43.9
Epoch 1330/5000: score=16.776612 loss=-0.503153 valid=1.0000 routes=15.057 grad=4.0872 seconds=43.9
Epoch 1331/5000: score=18.364851 loss=-0.528259 valid=1.0000 routes=15.379 grad=4.1736 seconds=43.8
Epoch 1332/5000: score=17.108261 loss=-0.502318 valid=1.0000 routes=14.311 grad=3.7368 seconds=44.0
Epoch 1333/5000: score=16.387548 loss=-0.485493 valid=1.0000 routes=14.227 grad=3.6711 seconds=44.0
Epoch 1334/5000: score=16.217850 loss=-0.465588 valid=1.0000 routes=13.829 grad=3.3597 seconds=43.7
Epoch 1335/5000: score=17.135137 loss=-0.486323 valid=1.0000 routes=14.892 grad=3.6892 seconds=43.7
Epoch 1336/5000: score=17.377175 loss=-0.504936 valid=1.0000 routes=14.840 grad=4.0581 seconds=43.7
Epoch 1337/5000: score=16.491516 loss=-0.473943 valid=1.0000 routes=14.475 grad=3.7635 seconds=44.3
Epoch 1338/5000: score=18.010928 loss=-0.504355 valid=1.0000 routes=14.605 grad=4.0182 seconds=44.4
Epoch 1339/5000: score=16.479077 loss=-0.471178 valid=1.0000 routes=14.236 grad=3.7451 seconds=44.5
Epoch 1340/5000: score=16.835682 loss=-0.489159 valid=1.0000 routes=14.840 grad=3.8633 seconds=44.8
Epoch 1341/5000: score=15.211260 loss=-0.421915 valid=1.0000 routes=12.269 grad=3.0230 seconds=43.9
Epoch 1342/5000: score=18.537764 loss=-0.542348 valid=1.0000 routes=14.709 grad=4.5045 seconds=43.8
Epoch 1343/5000: score=15.929520 loss=-0.451473 valid=1.0000 routes=14.206 grad=3.3009 seconds=43.9
Epoch 1344/5000: score=18.745336 loss=-0.538864 valid=1.0000 routes=15.368 grad=4.4162 seconds=43.7
Epoch 1345/5000: score=18.224139 loss=-0.522581 valid=1.0000 routes=15.143 grad=4.4465 seconds=43.8
Epoch 1346/5000: score=17.087912 loss=-0.513556 valid=1.0000 routes=15.921 grad=4.0625 seconds=43.8
Epoch 1347/5000: score=18.193532 loss=-0.522049 valid=1.0000 routes=15.631 grad=4.4195 seconds=43.8
Epoch 1348/5000: score=16.780657 loss=-0.475290 valid=1.0000 routes=14.119 grad=3.5549 seconds=44.0
Epoch 1349/5000: score=16.591202 loss=-0.456729 valid=1.0000 routes=14.009 grad=3.3898 seconds=44.5
Epoch 1350/5000: score=17.707749 loss=-0.491860 valid=1.0000 routes=14.687 grad=3.8013 seconds=43.4
Epoch 1351/5000: score=18.275305 loss=-0.518436 valid=1.0000 routes=14.544 grad=4.2167 seconds=44.6
Epoch 1352/5000: score=16.404125 loss=-0.464792 valid=1.0000 routes=13.614 grad=3.3928 seconds=43.7
Epoch 1353/5000: score=16.877953 loss=-0.471153 valid=1.0000 routes=13.776 grad=3.5819 seconds=43.8
Epoch 1354/5000: score=16.622459 loss=-0.466953 valid=1.0000 routes=14.304 grad=3.4792 seconds=44.1
Epoch 1355/5000: score=17.634351 loss=-0.493476 valid=1.0000 routes=14.730 grad=3.9341 seconds=43.8
Epoch 1356/5000: score=17.160109 loss=-0.512654 valid=1.0000 routes=14.734 grad=4.3104 seconds=44.0
Epoch 1357/5000: score=16.885637 loss=-0.468065 valid=1.0000 routes=13.497 grad=3.4931 seconds=43.9
Epoch 1358/5000: score=17.071594 loss=-0.479014 valid=1.0000 routes=14.294 grad=3.7148 seconds=43.9
Epoch 1359/5000: score=18.443113 loss=-0.495093 valid=1.0000 routes=14.322 grad=4.0766 seconds=44.1
Epoch 1360/5000: score=17.570864 loss=-0.508611 valid=1.0000 routes=15.366 grad=4.0801 seconds=44.0
Epoch 1361/5000: score=17.465463 loss=-0.507521 valid=1.0000 routes=14.436 grad=4.2195 seconds=43.9
Epoch 1362/5000: score=17.758016 loss=-0.519636 valid=1.0000 routes=15.429 grad=4.2228 seconds=44.5
Epoch 1363/5000: score=16.193141 loss=-0.484700 valid=1.0000 routes=14.178 grad=3.5025 seconds=44.0
Epoch 1364/5000: score=17.568370 loss=-0.506551 valid=1.0000 routes=14.908 grad=4.1462 seconds=44.2
Epoch 1365/5000: score=16.160673 loss=-0.440029 valid=1.0000 routes=13.891 grad=3.1203 seconds=43.5
Epoch 1366/5000: score=17.863176 loss=-0.530351 valid=1.0000 routes=15.561 grad=4.3876 seconds=43.8
Epoch 1367/5000: score=17.738235 loss=-0.509727 valid=1.0000 routes=15.427 grad=4.1992 seconds=43.6
Epoch 1368/5000: score=18.315138 loss=-0.530702 valid=1.0000 routes=15.072 grad=4.5082 seconds=44.1
Epoch 1369/5000: score=16.926598 loss=-0.486858 valid=1.0000 routes=13.969 grad=3.7144 seconds=44.0
Epoch 1370/5000: score=16.784031 loss=-0.483594 valid=1.0000 routes=14.562 grad=3.6959 seconds=43.7
Epoch 1371/5000: score=17.930386 loss=-0.506488 valid=1.0000 routes=14.844 grad=4.1554 seconds=44.3
Epoch 1372/5000: score=17.131479 loss=-0.459075 valid=1.0000 routes=13.930 grad=3.6880 seconds=44.9
Epoch 1373/5000: score=17.523405 loss=-0.480091 valid=1.0000 routes=14.167 grad=3.9239 seconds=44.0
Epoch 1374/5000: score=16.837379 loss=-0.473478 valid=1.0000 routes=14.259 grad=3.6392 seconds=44.1
Epoch 1375/5000: score=17.893136 loss=-0.500335 valid=1.0000 routes=14.424 grad=4.0163 seconds=44.1
Epoch 1376/5000: score=16.676428 loss=-0.476717 valid=1.0000 routes=14.121 grad=3.6490 seconds=44.2
Epoch 1377/5000: score=17.247758 loss=-0.473218 valid=1.0000 routes=13.700 grad=3.6548 seconds=43.9
Epoch 1378/5000: score=17.108615 loss=-0.497000 valid=1.0000 routes=14.704 grad=3.8898 seconds=44.0
Epoch 1379/5000: score=16.360563 loss=-0.446831 valid=1.0000 routes=14.128 grad=3.5154 seconds=44.0
Epoch 1380/5000: score=17.185088 loss=-0.482294 valid=1.0000 routes=13.275 grad=3.7838 seconds=44.0
Epoch 1381/5000: score=17.551242 loss=-0.502212 valid=1.0000 routes=14.749 grad=3.9508 seconds=43.9
Epoch 1382/5000: score=17.305909 loss=-0.513555 valid=1.0000 routes=15.506 grad=4.3081 seconds=44.2
Epoch 1383/5000: score=17.264551 loss=-0.456088 valid=1.0000 routes=12.984 grad=3.5394 seconds=44.4
Epoch 1384/5000: score=17.256143 loss=-0.461654 valid=1.0000 routes=13.533 grad=3.6671 seconds=44.1
Epoch 1385/5000: score=17.996329 loss=-0.503047 valid=1.0000 routes=14.723 grad=4.1903 seconds=44.4
Epoch 1386/5000: score=18.055512 loss=-0.527953 valid=1.0000 routes=15.683 grad=4.3669 seconds=44.1
Epoch 1387/5000: score=16.967090 loss=-0.465036 valid=1.0000 routes=14.399 grad=3.6008 seconds=43.7
Epoch 1388/5000: score=16.955888 loss=-0.476374 valid=1.0000 routes=14.490 grad=3.7930 seconds=44.0
Epoch 1389/5000: score=16.818094 loss=-0.448172 valid=1.0000 routes=13.288 grad=3.3860 seconds=43.6
Epoch 1390/5000: score=16.727906 loss=-0.480105 valid=1.0000 routes=14.445 grad=3.8797 seconds=43.6
Epoch 1391/5000: score=16.991292 loss=-0.495244 valid=1.0000 routes=15.114 grad=3.8102 seconds=44.1
Epoch 1392/5000: score=17.925629 loss=-0.519753 valid=1.0000 routes=14.399 grad=4.4243 seconds=44.4
Epoch 1393/5000: score=16.607703 loss=-0.476875 valid=1.0000 routes=14.692 grad=3.5244 seconds=44.3
Epoch 1394/5000: score=16.967712 loss=-0.481682 valid=1.0000 routes=14.040 grad=3.7695 seconds=44.0
Epoch 1395/5000: score=16.432042 loss=-0.492506 valid=1.0000 routes=15.131 grad=3.7304 seconds=44.4
Epoch 1396/5000: score=17.858515 loss=-0.499429 valid=1.0000 routes=14.738 grad=4.1811 seconds=43.9
Epoch 1397/5000: score=18.256976 loss=-0.506902 valid=1.0000 routes=15.569 grad=4.2152 seconds=43.7
Epoch 1398/5000: score=17.816547 loss=-0.484430 valid=1.0000 routes=14.517 grad=3.8743 seconds=43.4
Epoch 1399/5000: score=17.302949 loss=-0.477182 valid=1.0000 routes=13.601 grad=3.8003 seconds=43.5
Epoch 1400/5000: score=17.813197 loss=-0.512836 valid=1.0000 routes=15.011 grad=4.3139 seconds=43.3
Epoch 1401/5000: score=18.660542 loss=-0.527684 valid=1.0000 routes=15.833 grad=4.6350 seconds=43.7
Epoch 1402/5000: score=17.046004 loss=-0.492193 valid=1.0000 routes=14.584 grad=3.9042 seconds=43.2
Epoch 1403/5000: score=16.962163 loss=-0.478984 valid=1.0000 routes=13.490 grad=3.8346 seconds=43.4
Epoch 1404/5000: score=16.906250 loss=-0.457458 valid=1.0000 routes=13.869 grad=3.3627 seconds=43.0
Epoch 1405/5000: score=19.458091 loss=-0.550760 valid=1.0000 routes=16.181 grad=4.7501 seconds=43.0
Epoch 1406/5000: score=17.925081 loss=-0.510622 valid=1.0000 routes=15.202 grad=4.1465 seconds=43.3
Epoch 1407/5000: score=16.558664 loss=-0.477474 valid=1.0000 routes=13.705 grad=3.6279 seconds=43.9
Epoch 1408/5000: score=17.534870 loss=-0.492109 valid=1.0000 routes=15.151 grad=3.9755 seconds=43.9
>> Invalid instances, Re-generating ...
Epoch 1409/5000: score=17.955845 loss=-0.514767 valid=1.0000 routes=15.017 grad=4.3924 seconds=43.6
Epoch 1410/5000: score=17.511230 loss=-0.514622 valid=1.0000 routes=15.037 grad=4.2029 seconds=43.3
Epoch 1411/5000: score=16.406431 loss=-0.480654 valid=1.0000 routes=13.711 grad=3.7534 seconds=43.3
Epoch 1412/5000: score=18.308235 loss=-0.510349 valid=1.0000 routes=14.978 grad=4.3784 seconds=43.4
Epoch 1413/5000: score=17.073866 loss=-0.468719 valid=1.0000 routes=13.675 grad=3.7556 seconds=43.2
Epoch 1414/5000: score=17.266764 loss=-0.489456 valid=1.0000 routes=15.107 grad=3.9020 seconds=43.3
Epoch 1415/5000: score=17.822733 loss=-0.519024 valid=1.0000 routes=14.744 grad=4.1708 seconds=43.3
Epoch 1416/5000: score=17.182282 loss=-0.516532 valid=1.0000 routes=15.061 grad=4.1006 seconds=44.2
Epoch 1417/5000: score=16.503755 loss=-0.458576 valid=1.0000 routes=13.236 grad=3.4653 seconds=44.7
Epoch 1418/5000: score=17.658511 loss=-0.488806 valid=1.0000 routes=14.329 grad=4.0721 seconds=44.3
Epoch 1419/5000: score=16.284682 loss=-0.468916 valid=1.0000 routes=14.308 grad=3.6129 seconds=44.0
Epoch 1420/5000: score=16.558421 loss=-0.460015 valid=1.0000 routes=14.093 grad=3.5069 seconds=43.6
Epoch 1421/5000: score=16.919903 loss=-0.447213 valid=1.0000 routes=14.113 grad=3.3915 seconds=43.7
Epoch 1422/5000: score=16.409031 loss=-0.452119 valid=1.0000 routes=13.908 grad=3.5257 seconds=43.9
Epoch 1423/5000: score=17.685900 loss=-0.495427 valid=1.0000 routes=14.789 grad=3.9684 seconds=43.7
Epoch 1424/5000: score=16.135720 loss=-0.454098 valid=1.0000 routes=13.441 grad=3.3940 seconds=43.8
Epoch 1425/5000: score=17.535512 loss=-0.481391 valid=1.0000 routes=14.176 grad=3.8652 seconds=43.7
Epoch 1426/5000: score=16.690632 loss=-0.467693 valid=1.0000 routes=14.849 grad=3.8191 seconds=44.4
Epoch 1427/5000: score=16.278119 loss=-0.453604 valid=1.0000 routes=13.481 grad=3.4165 seconds=44.4
Epoch 1428/5000: score=18.369849 loss=-0.550518 valid=1.0000 routes=14.939 grad=4.5264 seconds=44.4
Epoch 1429/5000: score=17.085421 loss=-0.488542 valid=1.0000 routes=14.253 grad=3.8854 seconds=44.5
Epoch 1430/5000: score=17.612009 loss=-0.491151 valid=1.0000 routes=14.120 grad=4.0831 seconds=43.9
Epoch 1431/5000: score=17.185882 loss=-0.501546 valid=1.0000 routes=14.745 grad=4.0004 seconds=45.0
Epoch 1432/5000: score=18.039236 loss=-0.529064 valid=1.0000 routes=15.210 grad=4.4536 seconds=44.2
Epoch 1433/5000: score=16.597571 loss=-0.476144 valid=1.0000 routes=14.420 grad=3.7126 seconds=44.0
Epoch 1434/5000: score=17.980104 loss=-0.483308 valid=1.0000 routes=14.732 grad=3.9468 seconds=43.8
Epoch 1435/5000: score=17.963474 loss=-0.495996 valid=1.0000 routes=14.279 grad=4.0656 seconds=43.6
Epoch 1436/5000: score=17.549463 loss=-0.506003 valid=1.0000 routes=14.593 grad=4.1313 seconds=43.9
Epoch 1437/5000: score=18.222583 loss=-0.516588 valid=1.0000 routes=15.066 grad=4.4020 seconds=44.3
Epoch 1438/5000: score=16.429855 loss=-0.474412 valid=1.0000 routes=14.116 grad=3.7603 seconds=44.4
Epoch 1439/5000: score=18.216269 loss=-0.526976 valid=1.0000 routes=15.489 grad=4.4328 seconds=44.4
Epoch 1440/5000: score=17.672352 loss=-0.500628 valid=1.0000 routes=14.232 grad=4.0633 seconds=43.9
Epoch 1441/5000: score=17.584984 loss=-0.492679 valid=1.0000 routes=14.562 grad=4.0943 seconds=44.3
Epoch 1442/5000: score=18.281379 loss=-0.525777 valid=1.0000 routes=15.415 grad=4.3985 seconds=44.2
Epoch 1443/5000: score=18.311987 loss=-0.509391 valid=1.0000 routes=14.865 grad=4.1853 seconds=44.1
Epoch 1444/5000: score=17.221181 loss=-0.497133 valid=1.0000 routes=14.571 grad=3.9349 seconds=43.8
Epoch 1445/5000: score=19.076987 loss=-0.549817 valid=1.0000 routes=15.864 grad=4.8384 seconds=43.7
Epoch 1446/5000: score=16.080139 loss=-0.476552 valid=1.0000 routes=13.758 grad=3.7065 seconds=44.0
Epoch 1447/5000: score=17.199092 loss=-0.468793 valid=1.0000 routes=14.224 grad=3.6893 seconds=43.6
Epoch 1448/5000: score=16.882469 loss=-0.519311 valid=1.0000 routes=14.972 grad=4.3167 seconds=43.9
Epoch 1449/5000: score=16.285400 loss=-0.477666 valid=1.0000 routes=14.814 grad=3.7217 seconds=43.6
Epoch 1450/5000: score=17.285389 loss=-0.484885 valid=1.0000 routes=13.897 grad=3.8323 seconds=43.8
Epoch 1451/5000: score=16.532777 loss=-0.485932 valid=1.0000 routes=14.550 grad=3.7673 seconds=43.8
Epoch 1452/5000: score=15.803057 loss=-0.456084 valid=1.0000 routes=13.217 grad=3.4382 seconds=44.7
Epoch 1453/5000: score=15.960888 loss=-0.456489 valid=1.0000 routes=13.925 grad=3.3255 seconds=43.8
Epoch 1454/5000: score=16.954097 loss=-0.484130 valid=1.0000 routes=14.064 grad=3.9495 seconds=43.3
Epoch 1455/5000: score=17.125526 loss=-0.494431 valid=1.0000 routes=14.756 grad=4.0222 seconds=43.6
Epoch 1456/5000: score=17.432185 loss=-0.491727 valid=1.0000 routes=15.194 grad=4.0634 seconds=43.7
Epoch 1457/5000: score=16.393867 loss=-0.465855 valid=1.0000 routes=14.209 grad=3.5971 seconds=43.8
Epoch 1458/5000: score=15.877587 loss=-0.441042 valid=1.0000 routes=13.000 grad=3.3522 seconds=44.0
Epoch 1459/5000: score=17.182956 loss=-0.515262 valid=1.0000 routes=14.860 grad=4.1596 seconds=43.6
Epoch 1460/5000: score=17.329811 loss=-0.490830 valid=1.0000 routes=14.857 grad=4.1144 seconds=44.0
Epoch 1461/5000: score=16.631342 loss=-0.488887 valid=1.0000 routes=14.485 grad=3.7979 seconds=43.8
Epoch 1462/5000: score=17.700148 loss=-0.481238 valid=1.0000 routes=13.867 grad=3.8510 seconds=43.9
Epoch 1463/5000: score=17.159120 loss=-0.475279 valid=1.0000 routes=13.798 grad=3.6663 seconds=44.4
Epoch 1464/5000: score=16.934114 loss=-0.485066 valid=1.0000 routes=14.218 grad=4.0083 seconds=44.2
Epoch 1465/5000: score=16.724470 loss=-0.473902 valid=1.0000 routes=13.842 grad=4.0649 seconds=44.3
Epoch 1466/5000: score=17.008465 loss=-0.480070 valid=1.0000 routes=14.558 grad=3.7901 seconds=43.7
Epoch 1467/5000: score=18.331365 loss=-0.522553 valid=1.0000 routes=15.544 grad=4.4719 seconds=43.7
Epoch 1468/5000: score=16.696102 loss=-0.453257 valid=1.0000 routes=13.752 grad=3.5357 seconds=43.7
Epoch 1469/5000: score=17.217685 loss=-0.455521 valid=1.0000 routes=13.292 grad=3.5950 seconds=43.5
Epoch 1470/5000: score=16.449124 loss=-0.445992 valid=1.0000 routes=14.231 grad=3.4340 seconds=43.6
Epoch 1471/5000: score=16.333794 loss=-0.464483 valid=1.0000 routes=14.211 grad=3.6533 seconds=43.4
Epoch 1472/5000: score=16.752086 loss=-0.458163 valid=1.0000 routes=13.575 grad=3.5604 seconds=43.7
Epoch 1473/5000: score=17.291458 loss=-0.514908 valid=1.0000 routes=14.807 grad=4.3298 seconds=43.6
Epoch 1474/5000: score=17.274280 loss=-0.496147 valid=1.0000 routes=14.535 grad=3.8730 seconds=43.7
Epoch 1475/5000: score=17.861230 loss=-0.504481 valid=1.0000 routes=15.210 grad=4.1563 seconds=44.0
>> Invalid instances, Re-generating ...
Epoch 1476/5000: score=16.867587 loss=-0.448911 valid=1.0000 routes=13.705 grad=3.5431 seconds=43.8
Epoch 1477/5000: score=17.842136 loss=-0.482083 valid=1.0000 routes=14.139 grad=4.1194 seconds=44.1
Epoch 1478/5000: score=16.938225 loss=-0.482472 valid=1.0000 routes=14.553 grad=3.9766 seconds=43.5
Epoch 1479/5000: score=17.928627 loss=-0.493580 valid=1.0000 routes=14.334 grad=4.0802 seconds=43.9
Epoch 1480/5000: score=17.482462 loss=-0.470721 valid=1.0000 routes=14.426 grad=3.8452 seconds=43.9
Epoch 1481/5000: score=17.268476 loss=-0.486970 valid=1.0000 routes=14.453 grad=4.0473 seconds=44.1
Epoch 1482/5000: score=16.882616 loss=-0.485098 valid=1.0000 routes=14.784 grad=3.9463 seconds=43.7
Epoch 1483/5000: score=18.269692 loss=-0.520789 valid=1.0000 routes=15.295 grad=4.4698 seconds=43.6
Epoch 1484/5000: score=17.162225 loss=-0.489101 valid=1.0000 routes=14.485 grad=3.9383 seconds=43.8
Epoch 1485/5000: score=16.514858 loss=-0.475319 valid=1.0000 routes=14.127 grad=3.7774 seconds=43.7
Epoch 1486/5000: score=17.130331 loss=-0.507855 valid=1.0000 routes=14.339 grad=4.1634 seconds=44.2
Epoch 1487/5000: score=17.260850 loss=-0.480867 valid=1.0000 routes=14.397 grad=3.8732 seconds=43.8
Epoch 1488/5000: score=17.451423 loss=-0.490997 valid=1.0000 routes=14.627 grad=4.0144 seconds=43.8
Epoch 1489/5000: score=17.936747 loss=-0.474126 valid=1.0000 routes=13.989 grad=4.0392 seconds=43.7
Epoch 1490/5000: score=17.258037 loss=-0.476814 valid=1.0000 routes=14.530 grad=3.8763 seconds=43.4
Epoch 1491/5000: score=16.394976 loss=-0.476608 valid=1.0000 routes=14.794 grad=3.7770 seconds=43.7
Epoch 1492/5000: score=17.315095 loss=-0.502786 valid=1.0000 routes=15.073 grad=4.1918 seconds=43.8
Epoch 1493/5000: score=17.529273 loss=-0.453825 valid=1.0000 routes=13.639 grad=3.6920 seconds=43.8
Epoch 1494/5000: score=16.087277 loss=-0.489679 valid=1.0000 routes=13.626 grad=3.8003 seconds=44.4
Epoch 1495/5000: score=17.756304 loss=-0.494294 valid=1.0000 routes=14.789 grad=4.0484 seconds=44.5
Epoch 1496/5000: score=18.207552 loss=-0.507234 valid=1.0000 routes=14.983 grad=4.3370 seconds=44.2
Epoch 1497/5000: score=17.526511 loss=-0.487050 valid=1.0000 routes=14.886 grad=4.0014 seconds=44.2
Epoch 1498/5000: score=16.930779 loss=-0.488140 valid=1.0000 routes=15.661 grad=3.9426 seconds=43.6
Epoch 1499/5000: score=16.610298 loss=-0.453502 valid=1.0000 routes=13.715 grad=3.6062 seconds=44.1
Epoch 1500/5000: score=17.016532 loss=-0.505688 valid=1.0000 routes=15.182 grad=4.2710 seconds=44.0
Epoch 1501/5000: score=18.210318 loss=-0.531925 valid=1.0000 routes=14.821 grad=4.5399 seconds=44.3
Epoch 1502/5000: score=16.984276 loss=-0.486513 valid=1.0000 routes=14.890 grad=3.9360 seconds=43.7
Epoch 1503/5000: score=16.904186 loss=-0.490547 valid=1.0000 routes=14.504 grad=4.0953 seconds=45.5
Epoch 1504/5000: score=16.950901 loss=-0.479834 valid=1.0000 routes=14.653 grad=3.7805 seconds=45.4
Epoch 1505/5000: score=18.700827 loss=-0.522571 valid=1.0000 routes=15.693 grad=4.7312 seconds=43.6
Epoch 1506/5000: score=17.230222 loss=-0.469915 valid=1.0000 routes=13.688 grad=3.8366 seconds=43.7
Epoch 1507/5000: score=17.850817 loss=-0.496763 valid=1.0000 routes=15.082 grad=4.5582 seconds=43.6
Epoch 1508/5000: score=17.580953 loss=-0.525908 valid=1.0000 routes=14.698 grad=4.3628 seconds=43.7
Epoch 1509/5000: score=17.802755 loss=-0.499466 valid=1.0000 routes=15.716 grad=4.0946 seconds=44.1
Epoch 1510/5000: score=16.758708 loss=-0.453583 valid=1.0000 routes=13.282 grad=3.7133 seconds=43.7
Epoch 1511/5000: score=17.897162 loss=-0.487700 valid=1.0000 routes=14.614 grad=4.2830 seconds=44.1
Epoch 1512/5000: score=17.292146 loss=-0.493104 valid=1.0000 routes=14.756 grad=4.1029 seconds=43.7
>> Invalid instances, Re-generating ...
Epoch 1513/5000: score=17.411824 loss=-0.490191 valid=1.0000 routes=15.480 grad=4.1519 seconds=43.7
Epoch 1514/5000: score=16.984290 loss=-0.479968 valid=1.0000 routes=13.521 grad=3.9609 seconds=43.9
Epoch 1515/5000: score=18.432048 loss=-0.532616 valid=1.0000 routes=15.261 grad=4.7859 seconds=43.8
Epoch 1516/5000: score=16.101375 loss=-0.429419 valid=1.0000 routes=12.988 grad=3.1590 seconds=43.8
Epoch 1517/5000: score=15.900049 loss=-0.472296 valid=1.0000 routes=14.192 grad=3.7066 seconds=43.7
Epoch 1518/5000: score=16.425239 loss=-0.457254 valid=1.0000 routes=14.264 grad=3.5896 seconds=43.7
Epoch 1519/5000: score=18.004756 loss=-0.492089 valid=1.0000 routes=14.684 grad=4.2339 seconds=43.5
Epoch 1520/5000: score=16.642046 loss=-0.435120 valid=1.0000 routes=13.951 grad=3.3760 seconds=44.0
Epoch 1521/5000: score=16.824130 loss=-0.442434 valid=1.0000 routes=13.247 grad=3.3354 seconds=44.1
>> Invalid instances, Re-generating ...
Epoch 1522/5000: score=17.087703 loss=-0.451018 valid=1.0000 routes=14.412 grad=3.6242 seconds=43.6
Epoch 1523/5000: score=15.548374 loss=-0.445758 valid=1.0000 routes=13.058 grad=3.2936 seconds=43.9
Epoch 1524/5000: score=16.533601 loss=-0.455812 valid=1.0000 routes=13.743 grad=3.5030 seconds=43.6
Epoch 1525/5000: score=16.951118 loss=-0.466713 valid=1.0000 routes=14.115 grad=3.6415 seconds=44.0
Epoch 1526/5000: score=17.208285 loss=-0.478483 valid=1.0000 routes=14.587 grad=4.0266 seconds=43.8
Epoch 1527/5000: score=16.886382 loss=-0.486593 valid=1.0000 routes=15.100 grad=3.9946 seconds=43.7
Epoch 1528/5000: score=17.179728 loss=-0.483276 valid=1.0000 routes=14.100 grad=4.0121 seconds=43.8
Epoch 1529/5000: score=16.688039 loss=-0.455990 valid=1.0000 routes=13.539 grad=3.6876 seconds=43.8
Epoch 1530/5000: score=16.561902 loss=-0.439673 valid=1.0000 routes=14.187 grad=3.4487 seconds=43.9
Epoch 1531/5000: score=17.398173 loss=-0.473414 valid=1.0000 routes=14.750 grad=3.9641 seconds=44.0
Epoch 1532/5000: score=15.829163 loss=-0.453454 valid=1.0000 routes=14.568 grad=3.4771 seconds=44.1
Epoch 1533/5000: score=16.454596 loss=-0.470934 valid=1.0000 routes=14.385 grad=3.7590 seconds=44.0
Epoch 1534/5000: score=17.655548 loss=-0.473604 valid=1.0000 routes=14.202 grad=3.9568 seconds=44.1
Epoch 1535/5000: score=17.665948 loss=-0.490830 valid=1.0000 routes=14.356 grad=4.1313 seconds=44.1
Epoch 1536/5000: score=18.288317 loss=-0.519886 valid=1.0000 routes=14.358 grad=4.3732 seconds=43.9
Epoch 1537/5000: score=17.094162 loss=-0.471616 valid=1.0000 routes=14.155 grad=4.0275 seconds=43.8
Epoch 1538/5000: score=17.535363 loss=-0.497504 valid=1.0000 routes=15.465 grad=4.1112 seconds=44.0
Epoch 1539/5000: score=16.037178 loss=-0.440588 valid=1.0000 routes=12.933 grad=3.4526 seconds=44.0
Epoch 1540/5000: score=17.458344 loss=-0.484390 valid=1.0000 routes=13.984 grad=4.0342 seconds=44.1
Epoch 1541/5000: score=16.795984 loss=-0.453167 valid=1.0000 routes=13.677 grad=3.6343 seconds=43.8
Epoch 1542/5000: score=17.543809 loss=-0.486491 valid=1.0000 routes=14.174 grad=4.1362 seconds=44.0
Epoch 1543/5000: score=17.376340 loss=-0.481556 valid=1.0000 routes=13.711 grad=3.9411 seconds=44.0
Epoch 1544/5000: score=16.869707 loss=-0.468911 valid=1.0000 routes=14.168 grad=3.8343 seconds=44.2
Epoch 1545/5000: score=17.450749 loss=-0.503613 valid=1.0000 routes=15.252 grad=4.1727 seconds=44.6
Epoch 1546/5000: score=18.183564 loss=-0.495359 valid=1.0000 routes=14.801 grad=4.2265 seconds=44.0
Epoch 1547/5000: score=17.456359 loss=-0.498153 valid=1.0000 routes=14.844 grad=4.0207 seconds=43.9
Epoch 1548/5000: score=17.722748 loss=-0.503838 valid=1.0000 routes=14.127 grad=4.4565 seconds=43.8
Epoch 1549/5000: score=16.805664 loss=-0.493372 valid=1.0000 routes=15.326 grad=4.1119 seconds=43.7
Epoch 1550/5000: score=17.495556 loss=-0.483014 valid=1.0000 routes=14.685 grad=3.8940 seconds=43.9
Epoch 1551/5000: score=17.249813 loss=-0.480567 valid=1.0000 routes=14.407 grad=3.9637 seconds=43.4
Epoch 1552/5000: score=17.405803 loss=-0.478086 valid=1.0000 routes=14.899 grad=3.9905 seconds=43.6
Epoch 1553/5000: score=17.188273 loss=-0.504177 valid=1.0000 routes=14.723 grad=4.2447 seconds=43.6
Epoch 1554/5000: score=17.952735 loss=-0.478725 valid=1.0000 routes=14.185 grad=4.0864 seconds=43.8
>> Invalid instances, Re-generating ...
Epoch 1555/5000: score=17.644222 loss=-0.488097 valid=1.0000 routes=14.610 grad=4.0133 seconds=44.1
Epoch 1556/5000: score=16.551437 loss=-0.457726 valid=1.0000 routes=13.786 grad=3.6392 seconds=44.4
Epoch 1557/5000: score=16.972024 loss=-0.474183 valid=1.0000 routes=14.530 grad=3.9532 seconds=44.1
Epoch 1558/5000: score=17.094752 loss=-0.459388 valid=1.0000 routes=13.848 grad=3.6995 seconds=43.4
Epoch 1559/5000: score=17.523665 loss=-0.496505 valid=1.0000 routes=14.930 grad=4.1452 seconds=43.9
Epoch 1560/5000: score=17.391131 loss=-0.477034 valid=1.0000 routes=14.261 grad=4.0346 seconds=44.2
Epoch 1561/5000: score=17.930964 loss=-0.502869 valid=1.0000 routes=15.029 grad=4.1852 seconds=44.0
Epoch 1562/5000: score=15.535804 loss=-0.457484 valid=1.0000 routes=14.146 grad=3.5665 seconds=44.4
Epoch 1563/5000: score=18.677981 loss=-0.530063 valid=1.0000 routes=15.295 grad=4.7219 seconds=44.3
Epoch 1564/5000: score=15.870028 loss=-0.429490 valid=1.0000 routes=13.663 grad=3.2653 seconds=44.5
Epoch 1565/5000: score=18.354428 loss=-0.525266 valid=1.0000 routes=14.985 grad=4.6181 seconds=43.8
Epoch 1566/5000: score=17.814268 loss=-0.487542 valid=1.0000 routes=14.374 grad=4.1458 seconds=44.6
Epoch 1567/5000: score=16.162985 loss=-0.432543 valid=1.0000 routes=13.387 grad=3.2695 seconds=43.9
Epoch 1568/5000: score=17.818436 loss=-0.502131 valid=1.0000 routes=15.320 grad=4.2447 seconds=44.0
Epoch 1569/5000: score=15.945644 loss=-0.442289 valid=1.0000 routes=12.979 grad=3.3995 seconds=44.1
Epoch 1570/5000: score=16.846248 loss=-0.473812 valid=1.0000 routes=13.514 grad=3.9137 seconds=43.8
Epoch 1571/5000: score=18.117850 loss=-0.487299 valid=1.0000 routes=14.586 grad=4.2825 seconds=44.0
Epoch 1572/5000: score=16.649654 loss=-0.478483 valid=1.0000 routes=13.967 grad=3.8201 seconds=44.5
Epoch 1573/5000: score=18.064775 loss=-0.506437 valid=1.0000 routes=15.265 grad=4.3923 seconds=44.7
Epoch 1574/5000: score=16.986970 loss=-0.494443 valid=1.0000 routes=15.448 grad=4.0789 seconds=44.7
Epoch 1575/5000: score=18.829887 loss=-0.554720 valid=1.0000 routes=15.604 grad=4.8166 seconds=44.4
Epoch 1576/5000: score=17.155722 loss=-0.473726 valid=1.0000 routes=14.457 grad=3.8336 seconds=44.1
Epoch 1577/5000: score=17.614761 loss=-0.475485 valid=1.0000 routes=13.977 grad=3.9612 seconds=44.1
Epoch 1578/5000: score=18.154649 loss=-0.472951 valid=1.0000 routes=15.214 grad=4.1279 seconds=44.2
Epoch 1579/5000: score=16.722133 loss=-0.458873 valid=1.0000 routes=12.634 grad=3.5572 seconds=45.1
Epoch 1580/5000: score=18.083234 loss=-0.496224 valid=1.0000 routes=15.025 grad=4.5138 seconds=44.3
Epoch 1581/5000: score=17.442495 loss=-0.477711 valid=1.0000 routes=14.105 grad=4.1929 seconds=44.3
Epoch 1582/5000: score=16.409436 loss=-0.452614 valid=1.0000 routes=14.395 grad=3.6416 seconds=44.3
Epoch 1583/5000: score=17.820904 loss=-0.503998 valid=1.0000 routes=15.418 grad=4.3204 seconds=44.3
Epoch 1584/5000: score=17.442972 loss=-0.491800 valid=1.0000 routes=14.147 grad=4.3737 seconds=44.5
Epoch 1585/5000: score=17.551449 loss=-0.471180 valid=1.0000 routes=14.240 grad=3.9146 seconds=44.5
Epoch 1586/5000: score=17.650803 loss=-0.472328 valid=1.0000 routes=14.646 grad=4.0669 seconds=44.5
Epoch 1587/5000: score=17.931044 loss=-0.502639 valid=1.0000 routes=14.640 grad=4.4774 seconds=44.0
Epoch 1588/5000: score=16.292965 loss=-0.448893 valid=1.0000 routes=13.655 grad=3.4420 seconds=44.1
Epoch 1589/5000: score=16.816727 loss=-0.484293 valid=1.0000 routes=14.238 grad=3.9600 seconds=44.9
Epoch 1590/5000: score=17.692302 loss=-0.503626 valid=1.0000 routes=15.584 grad=4.3535 seconds=44.2
Epoch 1591/5000: score=16.960253 loss=-0.502176 valid=1.0000 routes=14.751 grad=4.1087 seconds=44.4
Epoch 1592/5000: score=16.832612 loss=-0.478236 valid=1.0000 routes=14.468 grad=3.9375 seconds=44.2
Epoch 1593/5000: score=18.065639 loss=-0.504993 valid=1.0000 routes=13.887 grad=4.3466 seconds=44.3
Epoch 1594/5000: score=18.848763 loss=-0.530978 valid=1.0000 routes=15.602 grad=4.7202 seconds=44.3
Epoch 1595/5000: score=15.998999 loss=-0.432954 valid=1.0000 routes=13.075 grad=3.2892 seconds=44.2
Epoch 1596/5000: score=17.099245 loss=-0.471702 valid=1.0000 routes=14.265 grad=3.7728 seconds=44.3
Epoch 1597/5000: score=16.518298 loss=-0.432917 valid=1.0000 routes=13.478 grad=3.4166 seconds=44.2
Epoch 1598/5000: score=16.945446 loss=-0.458204 valid=1.0000 routes=13.721 grad=3.8042 seconds=44.7
Epoch 1599/5000: score=17.620256 loss=-0.494793 valid=1.0000 routes=14.386 grad=4.2099 seconds=44.6
Epoch 1600/5000: score=17.759887 loss=-0.487355 valid=1.0000 routes=14.963 grad=4.1839 seconds=44.3
Epoch 1601/5000: score=19.174320 loss=-0.520914 valid=1.0000 routes=15.213 grad=4.8490 seconds=44.4
Epoch 1602/5000: score=17.702271 loss=-0.485452 valid=1.0000 routes=14.754 grad=4.0546 seconds=44.2
Epoch 1603/5000: score=16.571111 loss=-0.443635 valid=1.0000 routes=13.482 grad=3.5385 seconds=44.6
Epoch 1604/5000: score=16.445310 loss=-0.458949 valid=1.0000 routes=13.797 grad=3.7003 seconds=44.3
Epoch 1605/5000: score=18.435028 loss=-0.523392 valid=1.0000 routes=15.423 grad=4.6766 seconds=44.6
Epoch 1606/5000: score=17.081643 loss=-0.487626 valid=1.0000 routes=14.376 grad=3.8991 seconds=44.6
Epoch 1607/5000: score=17.823321 loss=-0.497828 valid=1.0000 routes=14.247 grad=4.3407 seconds=44.2
Epoch 1608/5000: score=17.278175 loss=-0.479527 valid=1.0000 routes=14.036 grad=4.0732 seconds=44.8
Epoch 1609/5000: score=16.923885 loss=-0.447109 valid=1.0000 routes=13.989 grad=3.5831 seconds=44.3
Epoch 1610/5000: score=19.157785 loss=-0.520469 valid=1.0000 routes=15.223 grad=4.6912 seconds=44.2
Epoch 1611/5000: score=16.859977 loss=-0.482299 valid=1.0000 routes=14.629 grad=3.8580 seconds=44.5
Epoch 1612/5000: score=16.962716 loss=-0.467133 valid=1.0000 routes=15.088 grad=4.0031 seconds=44.9
Epoch 1613/5000: score=16.563973 loss=-0.466434 valid=1.0000 routes=14.933 grad=3.8369 seconds=44.7
Epoch 1614/5000: score=17.143756 loss=-0.450783 valid=1.0000 routes=13.999 grad=3.6468 seconds=44.3
Epoch 1615/5000: score=18.152644 loss=-0.508234 valid=1.0000 routes=15.727 grad=4.4778 seconds=44.7
Epoch 1616/5000: score=16.865027 loss=-0.464090 valid=1.0000 routes=14.560 grad=3.9312 seconds=44.5
Epoch 1617/5000: score=16.188024 loss=-0.451283 valid=1.0000 routes=14.172 grad=3.6636 seconds=44.3
Epoch 1618/5000: score=17.015995 loss=-0.446424 valid=1.0000 routes=14.174 grad=3.8321 seconds=44.6
Epoch 1619/5000: score=17.838570 loss=-0.506755 valid=1.0000 routes=14.942 grad=4.5733 seconds=44.6
Epoch 1620/5000: score=18.349005 loss=-0.485606 valid=1.0000 routes=14.370 grad=4.1504 seconds=44.3
Epoch 1621/5000: score=17.080328 loss=-0.443030 valid=1.0000 routes=14.353 grad=3.6522 seconds=44.4
Epoch 1622/5000: score=16.784781 loss=-0.447633 valid=1.0000 routes=13.866 grad=3.6245 seconds=44.3
Epoch 1623/5000: score=16.556208 loss=-0.481262 valid=1.0000 routes=14.150 grad=4.1519 seconds=44.3
Epoch 1624/5000: score=18.048989 loss=-0.499101 valid=1.0000 routes=15.268 grad=4.5033 seconds=44.8
Epoch 1625/5000: score=18.091108 loss=-0.488724 valid=1.0000 routes=14.620 grad=4.2769 seconds=44.2
Epoch 1626/5000: score=16.201227 loss=-0.439402 valid=1.0000 routes=14.300 grad=3.3639 seconds=44.2
Epoch 1627/5000: score=17.606345 loss=-0.468171 valid=1.0000 routes=14.043 grad=3.8998 seconds=44.2
Epoch 1628/5000: score=16.951955 loss=-0.456795 valid=1.0000 routes=13.717 grad=3.7291 seconds=44.6
Epoch 1629/5000: score=16.933262 loss=-0.454512 valid=1.0000 routes=14.423 grad=3.9513 seconds=44.4
Epoch 1630/5000: score=17.020465 loss=-0.458403 valid=1.0000 routes=13.247 grad=3.8319 seconds=44.4
Epoch 1631/5000: score=17.210865 loss=-0.511380 valid=1.0000 routes=15.559 grad=4.3661 seconds=44.3
Epoch 1632/5000: score=18.672583 loss=-0.533590 valid=1.0000 routes=15.072 grad=4.7270 seconds=44.5
Epoch 1633/5000: score=17.204867 loss=-0.460580 valid=1.0000 routes=13.742 grad=3.9046 seconds=44.5
Epoch 1634/5000: score=17.278668 loss=-0.454910 valid=1.0000 routes=14.136 grad=3.8045 seconds=44.6
Epoch 1635/5000: score=17.786598 loss=-0.477406 valid=1.0000 routes=14.920 grad=4.1539 seconds=44.0
Epoch 1636/5000: score=17.523259 loss=-0.476660 valid=1.0000 routes=13.500 grad=4.0134 seconds=44.2
Epoch 1637/5000: score=17.019962 loss=-0.468354 valid=1.0000 routes=14.602 grad=3.9755 seconds=44.1
Epoch 1638/5000: score=16.429648 loss=-0.455362 valid=1.0000 routes=13.259 grad=3.8183 seconds=44.4
Epoch 1639/5000: score=16.212376 loss=-0.437525 valid=1.0000 routes=13.494 grad=3.4688 seconds=44.0
>> Invalid instances, Re-generating ...
Epoch 1640/5000: score=16.763087 loss=-0.461823 valid=1.0000 routes=13.644 grad=3.8582 seconds=44.3
Epoch 1641/5000: score=16.856685 loss=-0.470657 valid=1.0000 routes=15.121 grad=4.0429 seconds=44.1
Epoch 1642/5000: score=18.608656 loss=-0.506737 valid=1.0000 routes=15.383 grad=4.5110 seconds=43.9
Epoch 1643/5000: score=16.819585 loss=-0.469656 valid=1.0000 routes=14.600 grad=3.8181 seconds=44.0
Epoch 1644/5000: score=16.580941 loss=-0.417412 valid=1.0000 routes=13.208 grad=3.4357 seconds=43.8
Epoch 1645/5000: score=17.688294 loss=-0.476763 valid=1.0000 routes=14.863 grad=4.1527 seconds=44.4
Epoch 1646/5000: score=17.065526 loss=-0.450069 valid=1.0000 routes=13.677 grad=3.8396 seconds=43.7
Epoch 1647/5000: score=16.835496 loss=-0.482862 valid=1.0000 routes=14.600 grad=4.1881 seconds=44.7
Epoch 1648/5000: score=17.170424 loss=-0.451934 valid=1.0000 routes=13.029 grad=3.7441 seconds=44.4
Epoch 1649/5000: score=15.856788 loss=-0.430836 valid=1.0000 routes=13.302 grad=3.3632 seconds=44.6
Epoch 1650/5000: score=17.896598 loss=-0.492559 valid=1.0000 routes=15.252 grad=4.2916 seconds=44.4
Epoch 1651/5000: score=17.342837 loss=-0.483852 valid=1.0000 routes=14.441 grad=4.0689 seconds=44.2
Epoch 1652/5000: score=17.876194 loss=-0.502710 valid=1.0000 routes=14.649 grad=4.3877 seconds=44.2
Epoch 1653/5000: score=17.921024 loss=-0.508197 valid=1.0000 routes=15.298 grad=4.6210 seconds=44.4
Epoch 1654/5000: score=17.928541 loss=-0.517652 valid=1.0000 routes=15.273 grad=4.5075 seconds=44.3
Epoch 1655/5000: score=16.826965 loss=-0.477968 valid=1.0000 routes=14.565 grad=4.0562 seconds=44.3
Epoch 1656/5000: score=16.280604 loss=-0.449965 valid=1.0000 routes=13.747 grad=3.6852 seconds=44.0
Epoch 1657/5000: score=17.101750 loss=-0.441958 valid=1.0000 routes=13.207 grad=3.7028 seconds=44.4
Epoch 1658/5000: score=16.529166 loss=-0.462025 valid=1.0000 routes=14.880 grad=3.7943 seconds=44.2
Epoch 1659/5000: score=16.195238 loss=-0.428406 valid=1.0000 routes=14.168 grad=3.3896 seconds=43.7
Epoch 1660/5000: score=16.833038 loss=-0.472730 valid=1.0000 routes=14.704 grad=3.8468 seconds=43.8
>> Invalid instances, Re-generating ...
Epoch 1661/5000: score=15.967876 loss=-0.433543 valid=1.0000 routes=13.837 grad=3.4083 seconds=43.7
Epoch 1662/5000: score=17.869384 loss=-0.482719 valid=1.0000 routes=14.871 grad=4.1661 seconds=43.7
Epoch 1663/5000: score=17.354122 loss=-0.457759 valid=1.0000 routes=14.686 grad=3.8529 seconds=43.7
Epoch 1664/5000: score=17.298164 loss=-0.451172 valid=1.0000 routes=13.412 grad=3.8218 seconds=44.0
Epoch 1665/5000: score=16.239630 loss=-0.431082 valid=1.0000 routes=13.306 grad=3.4008 seconds=44.2
Epoch 1666/5000: score=16.568722 loss=-0.449524 valid=1.0000 routes=13.953 grad=3.7134 seconds=44.1
Epoch 1667/5000: score=17.441312 loss=-0.455173 valid=1.0000 routes=14.112 grad=3.9328 seconds=44.2
Epoch 1668/5000: score=17.555871 loss=-0.475771 valid=1.0000 routes=14.341 grad=4.0648 seconds=44.2
>> Invalid instances, Re-generating ...
Epoch 1669/5000: score=16.917815 loss=-0.449810 valid=1.0000 routes=13.281 grad=3.8312 seconds=44.2
Epoch 1670/5000: score=17.481544 loss=-0.440737 valid=1.0000 routes=13.895 grad=3.9645 seconds=44.2
Epoch 1671/5000: score=17.208976 loss=-0.472974 valid=1.0000 routes=14.135 grad=4.1204 seconds=44.5
Epoch 1672/5000: score=18.274603 loss=-0.519781 valid=1.0000 routes=15.366 grad=4.9938 seconds=44.3
Epoch 1673/5000: score=16.626010 loss=-0.443982 valid=1.0000 routes=13.610 grad=3.6605 seconds=44.1
Epoch 1674/5000: score=17.190905 loss=-0.467729 valid=1.0000 routes=14.618 grad=4.0898 seconds=45.1
Epoch 1675/5000: score=16.455692 loss=-0.472758 valid=1.0000 routes=14.704 grad=3.9081 seconds=44.3
Epoch 1676/5000: score=17.397487 loss=-0.493251 valid=1.0000 routes=14.778 grad=4.1777 seconds=44.4
Epoch 1677/5000: score=16.675298 loss=-0.418040 valid=1.0000 routes=12.848 grad=3.4539 seconds=44.3
Epoch 1678/5000: score=17.170210 loss=-0.484067 valid=1.0000 routes=14.909 grad=4.0185 seconds=44.5
Epoch 1679/5000: score=16.594251 loss=-0.470087 valid=1.0000 routes=14.522 grad=3.7630 seconds=45.0
Epoch 1680/5000: score=16.472331 loss=-0.436970 valid=1.0000 routes=13.396 grad=3.5065 seconds=44.5
Epoch 1681/5000: score=16.506526 loss=-0.443214 valid=1.0000 routes=13.089 grad=3.6319 seconds=45.0
Epoch 1682/5000: score=16.229783 loss=-0.458484 valid=1.0000 routes=14.376 grad=3.8927 seconds=44.5
Epoch 1683/5000: score=18.111686 loss=-0.475794 valid=1.0000 routes=14.699 grad=4.1847 seconds=44.1
Epoch 1684/5000: score=17.680421 loss=-0.485669 valid=1.0000 routes=15.038 grad=4.3177 seconds=44.8
Epoch 1685/5000: score=16.064354 loss=-0.436519 valid=1.0000 routes=13.650 grad=3.4229 seconds=44.0
Epoch 1686/5000: score=17.546870 loss=-0.467694 valid=1.0000 routes=14.190 grad=4.1054 seconds=44.2
Epoch 1687/5000: score=17.223645 loss=-0.483167 valid=1.0000 routes=15.283 grad=4.1606 seconds=44.4
Epoch 1688/5000: score=16.996807 loss=-0.475399 valid=1.0000 routes=14.798 grad=4.0868 seconds=43.9
Epoch 1689/5000: score=16.992536 loss=-0.454080 valid=1.0000 routes=14.370 grad=3.8012 seconds=44.0
Epoch 1690/5000: score=16.486546 loss=-0.454324 valid=1.0000 routes=14.286 grad=3.7584 seconds=44.0
Epoch 1691/5000: score=17.073058 loss=-0.459693 valid=1.0000 routes=13.897 grad=4.1040 seconds=44.4
Epoch 1692/5000: score=17.076899 loss=-0.454387 valid=1.0000 routes=13.701 grad=3.9442 seconds=45.0
Epoch 1693/5000: score=16.011500 loss=-0.429045 valid=1.0000 routes=13.603 grad=3.4147 seconds=44.1
Epoch 1694/5000: score=17.440251 loss=-0.469020 valid=1.0000 routes=14.629 grad=3.9214 seconds=44.2
Epoch 1695/5000: score=17.779163 loss=-0.493847 valid=1.0000 routes=15.374 grad=4.3537 seconds=44.1
Epoch 1696/5000: score=16.413522 loss=-0.447287 valid=1.0000 routes=14.291 grad=3.6879 seconds=44.3
Epoch 1697/5000: score=16.485313 loss=-0.436667 valid=1.0000 routes=13.005 grad=3.5286 seconds=44.1
Epoch 1698/5000: score=18.106709 loss=-0.494697 valid=1.0000 routes=15.166 grad=4.4403 seconds=44.0
Epoch 1699/5000: score=17.550733 loss=-0.485702 valid=1.0000 routes=14.522 grad=4.0821 seconds=44.3
Epoch 1700/5000: score=16.615350 loss=-0.440788 valid=1.0000 routes=14.040 grad=3.4978 seconds=44.0
Epoch 1701/5000: score=17.205556 loss=-0.461042 valid=1.0000 routes=14.768 grad=3.9067 seconds=44.4
Epoch 1702/5000: score=16.447917 loss=-0.453123 valid=1.0000 routes=14.221 grad=3.6347 seconds=44.2
Epoch 1703/5000: score=17.158381 loss=-0.462981 valid=1.0000 routes=14.340 grad=3.9715 seconds=44.0
Epoch 1704/5000: score=17.163066 loss=-0.486546 valid=1.0000 routes=13.935 grad=4.2968 seconds=44.2
Epoch 1705/5000: score=17.691441 loss=-0.480482 valid=1.0000 routes=14.558 grad=4.1592 seconds=43.9
Epoch 1706/5000: score=17.067476 loss=-0.462809 valid=1.0000 routes=14.710 grad=3.9158 seconds=44.4
Epoch 1707/5000: score=17.412706 loss=-0.481174 valid=1.0000 routes=13.633 grad=4.1338 seconds=44.2
Epoch 1708/5000: score=17.875180 loss=-0.494081 valid=1.0000 routes=15.303 grad=4.3509 seconds=44.0
Epoch 1709/5000: score=16.661879 loss=-0.469866 valid=1.0000 routes=13.550 grad=3.9138 seconds=44.1
Epoch 1710/5000: score=18.769638 loss=-0.527455 valid=1.0000 routes=15.243 grad=4.7713 seconds=43.9
Epoch 1711/5000: score=17.644843 loss=-0.479322 valid=1.0000 routes=15.426 grad=4.2702 seconds=44.5
Epoch 1712/5000: score=17.438706 loss=-0.468525 valid=1.0000 routes=14.540 grad=4.2181 seconds=44.1
Epoch 1713/5000: score=16.935562 loss=-0.469859 valid=1.0000 routes=14.616 grad=4.0792 seconds=44.4
Epoch 1714/5000: score=17.257930 loss=-0.460617 valid=1.0000 routes=14.103 grad=3.9241 seconds=44.3
Epoch 1715/5000: score=17.364415 loss=-0.477941 valid=1.0000 routes=14.607 grad=4.0777 seconds=44.5
Epoch 1716/5000: score=16.211508 loss=-0.451714 valid=1.0000 routes=14.396 grad=3.7381 seconds=44.4
Epoch 1717/5000: score=17.727038 loss=-0.472930 valid=1.0000 routes=13.959 grad=4.1353 seconds=44.2
Epoch 1718/5000: score=16.773438 loss=-0.461477 valid=1.0000 routes=14.240 grad=3.9813 seconds=44.0
Epoch 1719/5000: score=17.155854 loss=-0.452216 valid=1.0000 routes=14.420 grad=3.8262 seconds=44.0
Epoch 1720/5000: score=17.074694 loss=-0.446657 valid=1.0000 routes=13.494 grad=3.7332 seconds=44.3
Epoch 1721/5000: score=16.334979 loss=-0.465783 valid=1.0000 routes=15.124 grad=3.8572 seconds=44.3
Epoch 1722/5000: score=17.703504 loss=-0.482551 valid=1.0000 routes=14.553 grad=4.2204 seconds=43.8
Epoch 1723/5000: score=16.811600 loss=-0.493070 valid=1.0000 routes=14.560 grad=4.1130 seconds=44.3
Epoch 1724/5000: score=17.867199 loss=-0.484098 valid=1.0000 routes=14.649 grad=4.2015 seconds=44.1
Epoch 1725/5000: score=16.232375 loss=-0.454985 valid=1.0000 routes=14.024 grad=3.9246 seconds=44.4
Epoch 1726/5000: score=17.095366 loss=-0.481315 valid=1.0000 routes=15.318 grad=4.1893 seconds=44.9
Epoch 1727/5000: score=17.339946 loss=-0.493126 valid=1.0000 routes=15.065 grad=4.2593 seconds=44.3
Epoch 1728/5000: score=18.021776 loss=-0.478304 valid=1.0000 routes=14.379 grad=4.1888 seconds=44.4
Epoch 1729/5000: score=16.671337 loss=-0.454094 valid=1.0000 routes=13.804 grad=3.7512 seconds=43.9
Epoch 1730/5000: score=17.092392 loss=-0.464411 valid=1.0000 routes=14.328 grad=3.9624 seconds=43.7
Epoch 1731/5000: score=16.466711 loss=-0.450103 valid=1.0000 routes=13.094 grad=3.7415 seconds=43.9
Epoch 1732/5000: score=17.278227 loss=-0.485013 valid=1.0000 routes=14.487 grad=4.3414 seconds=43.8
Epoch 1733/5000: score=17.537957 loss=-0.463536 valid=1.0000 routes=14.203 grad=4.0831 seconds=43.9
Epoch 1734/5000: score=17.645981 loss=-0.478967 valid=1.0000 routes=14.510 grad=4.2204 seconds=44.1
Epoch 1735/5000: score=17.110627 loss=-0.494927 valid=1.0000 routes=14.767 grad=4.1825 seconds=44.1
Epoch 1736/5000: score=17.923693 loss=-0.486632 valid=1.0000 routes=15.038 grad=4.3393 seconds=43.8
Epoch 1737/5000: score=17.102199 loss=-0.455424 valid=1.0000 routes=14.935 grad=3.8614 seconds=44.5
Epoch 1738/5000: score=17.065044 loss=-0.452398 valid=1.0000 routes=14.252 grad=3.9404 seconds=44.5
Epoch 1739/5000: score=17.090487 loss=-0.467809 valid=1.0000 routes=14.553 grad=3.9911 seconds=43.9
Epoch 1740/5000: score=16.924161 loss=-0.470951 valid=1.0000 routes=14.298 grad=3.9480 seconds=43.8
Epoch 1741/5000: score=15.912154 loss=-0.427221 valid=1.0000 routes=13.641 grad=3.4011 seconds=43.5
Epoch 1742/5000: score=16.816212 loss=-0.457609 valid=1.0000 routes=13.916 grad=3.7866 seconds=43.7
Epoch 1743/5000: score=17.522063 loss=-0.495519 valid=1.0000 routes=15.130 grad=4.5731 seconds=43.4
Epoch 1744/5000: score=18.310570 loss=-0.512245 valid=1.0000 routes=15.533 grad=4.7865 seconds=43.6
Epoch 1745/5000: score=16.067002 loss=-0.426123 valid=1.0000 routes=13.589 grad=3.5313 seconds=43.5
Epoch 1746/5000: score=18.018874 loss=-0.482919 valid=1.0000 routes=15.009 grad=4.1408 seconds=43.3
Epoch 1747/5000: score=17.620217 loss=-0.470953 valid=1.0000 routes=13.919 grad=4.0342 seconds=43.7
Epoch 1748/5000: score=16.801560 loss=-0.456732 valid=1.0000 routes=14.051 grad=3.9118 seconds=43.3
Epoch 1749/5000: score=17.030070 loss=-0.471243 valid=1.0000 routes=14.188 grad=4.0644 seconds=44.8
Epoch 1750/5000: score=16.806502 loss=-0.446713 valid=1.0000 routes=13.991 grad=3.7216 seconds=43.8
Epoch 1751/5000: score=17.942831 loss=-0.499500 valid=1.0000 routes=15.461 grad=4.4172 seconds=43.7
Epoch 1752/5000: score=18.119941 loss=-0.520832 valid=1.0000 routes=14.963 grad=4.5879 seconds=43.6
Epoch 1753/5000: score=17.599189 loss=-0.471082 valid=1.0000 routes=14.684 grad=4.3231 seconds=43.6
Epoch 1754/5000: score=18.127092 loss=-0.476064 valid=1.0000 routes=14.409 grad=4.4512 seconds=43.9
Epoch 1755/5000: score=16.707227 loss=-0.454908 valid=1.0000 routes=14.534 grad=3.9180 seconds=43.7
Epoch 1756/5000: score=17.361454 loss=-0.458752 valid=1.0000 routes=14.316 grad=3.8958 seconds=43.5
Epoch 1757/5000: score=16.216733 loss=-0.425124 valid=1.0000 routes=13.995 grad=3.4211 seconds=43.4
Epoch 1758/5000: score=17.652808 loss=-0.478119 valid=1.0000 routes=14.767 grad=4.3559 seconds=43.7
Epoch 1759/5000: score=17.898393 loss=-0.467992 valid=1.0000 routes=14.524 grad=4.2330 seconds=43.9
Epoch 1760/5000: score=16.701548 loss=-0.438266 valid=1.0000 routes=13.646 grad=3.5113 seconds=43.6
Epoch 1761/5000: score=15.825900 loss=-0.442520 valid=1.0000 routes=13.573 grad=3.3699 seconds=43.5
Epoch 1762/5000: score=17.583663 loss=-0.464801 valid=1.0000 routes=14.000 grad=4.0695 seconds=43.6
Epoch 1763/5000: score=17.210127 loss=-0.467193 valid=1.0000 routes=15.053 grad=3.8782 seconds=43.6
Epoch 1764/5000: score=18.080460 loss=-0.507121 valid=1.0000 routes=15.550 grad=4.4813 seconds=44.2
Epoch 1765/5000: score=17.224625 loss=-0.495297 valid=1.0000 routes=14.736 grad=4.2877 seconds=44.1
Epoch 1766/5000: score=17.414240 loss=-0.467766 valid=1.0000 routes=14.076 grad=3.9673 seconds=43.9
Epoch 1767/5000: score=16.660724 loss=-0.469487 valid=1.0000 routes=14.171 grad=3.9195 seconds=44.0
Epoch 1768/5000: score=16.563482 loss=-0.426963 valid=1.0000 routes=14.044 grad=3.5224 seconds=43.6
Epoch 1769/5000: score=18.110341 loss=-0.491543 valid=1.0000 routes=14.609 grad=4.3732 seconds=43.9
Epoch 1770/5000: score=17.606495 loss=-0.454930 valid=1.0000 routes=14.145 grad=3.9861 seconds=43.7
Epoch 1771/5000: score=17.643523 loss=-0.495122 valid=1.0000 routes=14.621 grad=4.3999 seconds=43.7
Epoch 1772/5000: score=17.419253 loss=-0.489871 valid=1.0000 routes=15.125 grad=4.3657 seconds=43.9
Epoch 1773/5000: score=16.192855 loss=-0.390295 valid=1.0000 routes=12.892 grad=3.2512 seconds=44.0
Epoch 1774/5000: score=17.304986 loss=-0.429691 valid=1.0000 routes=13.432 grad=3.8716 seconds=43.9
Epoch 1775/5000: score=17.163115 loss=-0.469216 valid=1.0000 routes=14.028 grad=4.0437 seconds=43.7
Epoch 1776/5000: score=16.848151 loss=-0.459294 valid=1.0000 routes=14.590 grad=4.1394 seconds=43.7
Epoch 1777/5000: score=16.888639 loss=-0.460401 valid=1.0000 routes=14.585 grad=3.8419 seconds=43.6
Epoch 1778/5000: score=17.462113 loss=-0.467983 valid=1.0000 routes=14.031 grad=4.1157 seconds=43.9
Epoch 1779/5000: score=16.272843 loss=-0.438741 valid=1.0000 routes=13.725 grad=3.7367 seconds=44.1
Epoch 1780/5000: score=16.309697 loss=-0.423369 valid=1.0000 routes=13.799 grad=3.5518 seconds=43.6
Epoch 1781/5000: score=18.402205 loss=-0.487768 valid=1.0000 routes=14.766 grad=4.4647 seconds=44.8
Epoch 1782/5000: score=17.514042 loss=-0.472150 valid=1.0000 routes=15.134 grad=4.1628 seconds=43.7
Epoch 1783/5000: score=17.038658 loss=-0.467301 valid=1.0000 routes=14.151 grad=3.9299 seconds=45.2
Epoch 1784/5000: score=16.814672 loss=-0.447213 valid=1.0000 routes=14.363 grad=3.9935 seconds=44.0
Epoch 1785/5000: score=17.996380 loss=-0.491566 valid=1.0000 routes=14.593 grad=4.2597 seconds=43.9
Epoch 1786/5000: score=17.992979 loss=-0.500463 valid=1.0000 routes=14.938 grad=4.2656 seconds=44.0
Epoch 1787/5000: score=16.782744 loss=-0.438831 valid=1.0000 routes=13.490 grad=3.7495 seconds=44.2
Epoch 1788/5000: score=18.250801 loss=-0.483701 valid=1.0000 routes=14.532 grad=4.3782 seconds=44.3
Epoch 1789/5000: score=17.384381 loss=-0.474076 valid=1.0000 routes=14.363 grad=4.2390 seconds=44.3
Epoch 1790/5000: score=17.146888 loss=-0.468839 valid=1.0000 routes=13.998 grad=4.0444 seconds=44.3
Epoch 1791/5000: score=18.153877 loss=-0.499154 valid=1.0000 routes=15.574 grad=4.3666 seconds=44.4
Epoch 1792/5000: score=16.945068 loss=-0.471327 valid=1.0000 routes=13.982 grad=4.0368 seconds=44.7
Epoch 1793/5000: score=15.992037 loss=-0.435292 valid=1.0000 routes=13.030 grad=3.6639 seconds=44.7
Epoch 1794/5000: score=17.540778 loss=-0.477556 valid=1.0000 routes=15.059 grad=4.2667 seconds=44.4
Epoch 1795/5000: score=18.364383 loss=-0.500081 valid=1.0000 routes=14.844 grad=4.5079 seconds=44.4
Epoch 1796/5000: score=16.704000 loss=-0.454330 valid=1.0000 routes=14.326 grad=3.8536 seconds=43.8
Epoch 1797/5000: score=17.461450 loss=-0.467039 valid=1.0000 routes=14.584 grad=4.0162 seconds=43.7
Epoch 1798/5000: score=17.540321 loss=-0.469145 valid=1.0000 routes=14.150 grad=4.1438 seconds=43.8
Epoch 1799/5000: score=17.493215 loss=-0.459691 valid=1.0000 routes=14.108 grad=4.1756 seconds=43.6
Epoch 1800/5000: score=15.245285 loss=-0.411473 valid=1.0000 routes=13.446 grad=3.1951 seconds=44.1
Epoch 1801/5000: score=17.160375 loss=-0.453721 valid=1.0000 routes=13.692 grad=3.8581 seconds=43.9
Epoch 1802/5000: score=17.233741 loss=-0.471843 valid=1.0000 routes=13.717 grad=4.1949 seconds=44.5
Epoch 1803/5000: score=17.749857 loss=-0.485685 valid=1.0000 routes=14.901 grad=4.2835 seconds=44.0
Epoch 1804/5000: score=16.953002 loss=-0.451370 valid=1.0000 routes=13.832 grad=3.9542 seconds=43.9
Epoch 1805/5000: score=16.053540 loss=-0.452967 valid=1.0000 routes=14.329 grad=3.7566 seconds=44.1
Epoch 1806/5000: score=17.506520 loss=-0.469088 valid=1.0000 routes=14.174 grad=4.3545 seconds=43.9
Epoch 1807/5000: score=17.491786 loss=-0.458504 valid=1.0000 routes=14.342 grad=3.8274 seconds=43.4
Epoch 1808/5000: score=17.301304 loss=-0.470371 valid=1.0000 routes=14.599 grad=4.1918 seconds=43.7
Epoch 1809/5000: score=17.765927 loss=-0.468255 valid=1.0000 routes=14.127 grad=4.4328 seconds=42.8
Epoch 1810/5000: score=17.732507 loss=-0.479536 valid=1.0000 routes=14.576 grad=4.3666 seconds=43.0
Epoch 1811/5000: score=16.893014 loss=-0.471212 valid=1.0000 routes=14.146 grad=4.1440 seconds=43.0
Epoch 1812/5000: score=16.871638 loss=-0.447733 valid=1.0000 routes=13.828 grad=3.7976 seconds=43.0
Epoch 1813/5000: score=17.468771 loss=-0.484561 valid=1.0000 routes=14.857 grad=4.3711 seconds=43.1
Epoch 1814/5000: score=16.115807 loss=-0.439341 valid=1.0000 routes=13.665 grad=3.6169 seconds=43.0
Epoch 1815/5000: score=16.590273 loss=-0.451390 valid=1.0000 routes=14.386 grad=3.6533 seconds=42.9
Epoch 1816/5000: score=17.053756 loss=-0.445469 valid=1.0000 routes=14.224 grad=3.7170 seconds=42.9
>> Invalid instances, Re-generating ...
Epoch 1817/5000: score=18.466557 loss=-0.509257 valid=1.0000 routes=15.515 grad=4.6946 seconds=43.3
>> Invalid instances, Re-generating ...
Epoch 1818/5000: score=17.129976 loss=-0.469821 valid=1.0000 routes=13.957 grad=4.0993 seconds=43.1
Epoch 1819/5000: score=16.370028 loss=-0.448037 valid=1.0000 routes=13.963 grad=3.7557 seconds=43.3
Epoch 1820/5000: score=16.336080 loss=-0.484268 valid=1.0000 routes=14.489 grad=3.9747 seconds=43.0
Epoch 1821/5000: score=17.504757 loss=-0.480189 valid=1.0000 routes=15.101 grad=4.2707 seconds=42.6
Epoch 1822/5000: score=16.053697 loss=-0.416059 valid=1.0000 routes=13.076 grad=3.4019 seconds=43.0
Epoch 1823/5000: score=17.834298 loss=-0.468449 valid=1.0000 routes=14.679 grad=4.1673 seconds=42.7
Epoch 1824/5000: score=17.253980 loss=-0.484170 valid=1.0000 routes=14.521 grad=4.2553 seconds=43.0
Epoch 1825/5000: score=16.499136 loss=-0.464570 valid=1.0000 routes=14.871 grad=3.8175 seconds=42.7
Epoch 1826/5000: score=17.195248 loss=-0.468474 valid=1.0000 routes=14.280 grad=4.1300 seconds=42.9
Epoch 1827/5000: score=16.929225 loss=-0.434587 valid=1.0000 routes=13.613 grad=3.8815 seconds=43.3
Epoch 1828/5000: score=18.212098 loss=-0.510542 valid=1.0000 routes=15.714 grad=4.6670 seconds=43.4
Epoch 1829/5000: score=16.200682 loss=-0.424295 valid=1.0000 routes=13.565 grad=3.3953 seconds=43.4
Epoch 1830/5000: score=16.422146 loss=-0.453709 valid=1.0000 routes=13.915 grad=3.8088 seconds=43.2
Epoch 1831/5000: score=17.267441 loss=-0.457093 valid=1.0000 routes=14.321 grad=3.8797 seconds=43.4
Epoch 1832/5000: score=17.753367 loss=-0.501444 valid=1.0000 routes=15.764 grad=4.5557 seconds=43.3
Epoch 1833/5000: score=17.229209 loss=-0.472016 valid=1.0000 routes=14.036 grad=4.3828 seconds=43.3
Epoch 1834/5000: score=17.522843 loss=-0.476840 valid=1.0000 routes=14.335 grad=4.2068 seconds=43.4
Epoch 1835/5000: score=16.071245 loss=-0.417373 valid=1.0000 routes=13.080 grad=3.4848 seconds=43.2
Epoch 1836/5000: score=17.119537 loss=-0.453629 valid=1.0000 routes=14.252 grad=3.9781 seconds=42.9
Epoch 1837/5000: score=17.047598 loss=-0.433144 valid=1.0000 routes=13.964 grad=3.7229 seconds=42.7
Epoch 1838/5000: score=16.650257 loss=-0.459809 valid=1.0000 routes=15.045 grad=3.9594 seconds=43.2
Epoch 1839/5000: score=17.459548 loss=-0.469064 valid=1.0000 routes=14.557 grad=4.2337 seconds=43.9
Epoch 1840/5000: score=17.228282 loss=-0.462578 valid=1.0000 routes=13.952 grad=4.2571 seconds=43.1
Epoch 1841/5000: score=16.274975 loss=-0.432675 valid=1.0000 routes=14.256 grad=3.4611 seconds=42.9
Epoch 1842/5000: score=18.021243 loss=-0.478444 valid=1.0000 routes=14.735 grad=4.4728 seconds=42.7
Epoch 1843/5000: score=17.800196 loss=-0.505653 valid=1.0000 routes=15.271 grad=4.6160 seconds=43.2
Epoch 1844/5000: score=17.372566 loss=-0.477559 valid=1.0000 routes=14.549 grad=4.2419 seconds=43.0
Epoch 1845/5000: score=17.418108 loss=-0.484443 valid=1.0000 routes=15.125 grad=4.2298 seconds=43.2
Epoch 1846/5000: score=18.159980 loss=-0.476889 valid=1.0000 routes=14.252 grad=4.0655 seconds=43.2
Epoch 1847/5000: score=16.346448 loss=-0.435722 valid=1.0000 routes=13.050 grad=3.7216 seconds=43.1
Epoch 1848/5000: score=17.154678 loss=-0.468248 valid=1.0000 routes=14.576 grad=4.1668 seconds=43.4
Epoch 1849/5000: score=16.210620 loss=-0.445140 valid=1.0000 routes=13.515 grad=3.7515 seconds=43.7
Epoch 1850/5000: score=16.753063 loss=-0.467478 valid=1.0000 routes=15.314 grad=4.1953 seconds=43.4
Epoch 1851/5000: score=18.300641 loss=-0.491102 valid=1.0000 routes=14.722 grad=4.4132 seconds=43.5
Epoch 1852/5000: score=17.000910 loss=-0.456829 valid=1.0000 routes=13.963 grad=3.8728 seconds=43.5
Epoch 1853/5000: score=18.466463 loss=-0.500676 valid=1.0000 routes=15.164 grad=4.8181 seconds=43.4
Epoch 1854/5000: score=16.663946 loss=-0.437516 valid=1.0000 routes=13.894 grad=4.0292 seconds=42.6
Epoch 1855/5000: score=16.708482 loss=-0.457541 valid=1.0000 routes=14.620 grad=3.9024 seconds=42.9
Epoch 1856/5000: score=17.781355 loss=-0.491950 valid=1.0000 routes=14.835 grad=4.6229 seconds=42.8
Epoch 1857/5000: score=17.057370 loss=-0.455319 valid=1.0000 routes=15.124 grad=4.2362 seconds=43.2
Epoch 1858/5000: score=17.887830 loss=-0.503346 valid=1.0000 routes=14.766 grad=4.5127 seconds=43.5
Epoch 1859/5000: score=16.810682 loss=-0.444571 valid=1.0000 routes=14.190 grad=3.9397 seconds=43.0
Epoch 1860/5000: score=16.962585 loss=-0.447583 valid=1.0000 routes=14.032 grad=3.8310 seconds=43.1
Epoch 1861/5000: score=18.214288 loss=-0.508861 valid=1.0000 routes=14.920 grad=4.6532 seconds=42.8
Epoch 1862/5000: score=16.810129 loss=-0.446552 valid=1.0000 routes=14.133 grad=3.9861 seconds=43.0
Epoch 1863/5000: score=18.039824 loss=-0.490873 valid=1.0000 routes=14.812 grad=4.3949 seconds=43.2
Epoch 1864/5000: score=18.357871 loss=-0.509080 valid=1.0000 routes=15.569 grad=4.6887 seconds=43.1
Epoch 1865/5000: score=16.599526 loss=-0.447090 valid=1.0000 routes=14.284 grad=3.6906 seconds=42.8
Epoch 1866/5000: score=17.458803 loss=-0.487809 valid=1.0000 routes=15.182 grad=4.4150 seconds=43.0
Epoch 1867/5000: score=17.547268 loss=-0.469436 valid=1.0000 routes=14.348 grad=4.2486 seconds=43.2
Epoch 1868/5000: score=17.517461 loss=-0.492008 valid=1.0000 routes=15.028 grad=4.4206 seconds=43.3
Epoch 1869/5000: score=17.537986 loss=-0.461236 valid=1.0000 routes=14.382 grad=4.0571 seconds=43.2
Epoch 1870/5000: score=18.556327 loss=-0.494896 valid=1.0000 routes=14.257 grad=4.4486 seconds=43.0
Epoch 1871/5000: score=16.995735 loss=-0.471035 valid=1.0000 routes=14.046 grad=4.0686 seconds=44.0
Epoch 1872/5000: score=17.044899 loss=-0.457064 valid=1.0000 routes=14.393 grad=4.0613 seconds=43.5
Epoch 1873/5000: score=18.126030 loss=-0.483474 valid=1.0000 routes=14.798 grad=4.4559 seconds=43.4
Epoch 1874/5000: score=17.046741 loss=-0.456142 valid=1.0000 routes=14.668 grad=4.1110 seconds=43.8
Epoch 1875/5000: score=16.200493 loss=-0.433022 valid=1.0000 routes=13.569 grad=3.7050 seconds=43.2
Epoch 1876/5000: score=16.010655 loss=-0.446583 valid=1.0000 routes=14.027 grad=3.7609 seconds=43.7
Epoch 1877/5000: score=17.509303 loss=-0.473562 valid=1.0000 routes=14.946 grad=4.2907 seconds=43.3
Epoch 1878/5000: score=16.935599 loss=-0.449691 valid=1.0000 routes=13.723 grad=3.9392 seconds=43.6
Epoch 1879/5000: score=16.578099 loss=-0.433387 valid=1.0000 routes=14.611 grad=3.7462 seconds=43.2
Epoch 1880/5000: score=17.877082 loss=-0.483145 valid=1.0000 routes=15.193 grad=4.4109 seconds=43.5
Epoch 1881/5000: score=17.209213 loss=-0.449886 valid=1.0000 routes=13.610 grad=4.1375 seconds=43.7
Epoch 1882/5000: score=17.261428 loss=-0.466236 valid=1.0000 routes=14.933 grad=4.2180 seconds=43.8
Epoch 1883/5000: score=16.651443 loss=-0.456411 valid=1.0000 routes=14.477 grad=3.9620 seconds=43.7
Epoch 1884/5000: score=17.513354 loss=-0.491137 valid=1.0000 routes=15.245 grad=4.3655 seconds=44.3
Epoch 1885/5000: score=16.562566 loss=-0.424779 valid=1.0000 routes=13.754 grad=3.7735 seconds=44.2
Epoch 1886/5000: score=17.426697 loss=-0.480338 valid=1.0000 routes=14.969 grad=4.3850 seconds=44.4
Epoch 1887/5000: score=16.044203 loss=-0.451307 valid=1.0000 routes=13.697 grad=3.8156 seconds=44.9
Epoch 1888/5000: score=16.581814 loss=-0.449056 valid=1.0000 routes=14.067 grad=3.8804 seconds=44.0
Epoch 1889/5000: score=17.939932 loss=-0.491161 valid=1.0000 routes=15.842 grad=4.5067 seconds=43.2
Epoch 1890/5000: score=17.468873 loss=-0.449493 valid=1.0000 routes=14.501 grad=3.9094 seconds=43.9
Epoch 1891/5000: score=18.500254 loss=-0.527052 valid=1.0000 routes=15.453 grad=5.0889 seconds=44.2
Epoch 1892/5000: score=16.475463 loss=-0.445592 valid=1.0000 routes=14.327 grad=3.8908 seconds=42.8
Epoch 1893/5000: score=17.354091 loss=-0.486756 valid=1.0000 routes=15.038 grad=4.3168 seconds=43.3
Epoch 1894/5000: score=17.111020 loss=-0.474341 valid=1.0000 routes=14.337 grad=4.1192 seconds=43.2
Epoch 1895/5000: score=17.172809 loss=-0.463334 valid=1.0000 routes=14.904 grad=4.1211 seconds=43.6
Epoch 1896/5000: score=17.661369 loss=-0.474070 valid=1.0000 routes=14.484 grad=4.3968 seconds=43.4
Epoch 1897/5000: score=17.707132 loss=-0.463987 valid=1.0000 routes=14.677 grad=4.3157 seconds=43.2
Epoch 1898/5000: score=16.637728 loss=-0.450171 valid=1.0000 routes=13.834 grad=4.0601 seconds=43.3
Epoch 1899/5000: score=16.894342 loss=-0.466569 valid=1.0000 routes=15.300 grad=4.2045 seconds=43.4
Epoch 1900/5000: score=17.237781 loss=-0.461136 valid=1.0000 routes=14.324 grad=4.1150 seconds=43.4
Epoch 1901/5000: score=17.208981 loss=-0.468101 valid=1.0000 routes=14.307 grad=4.0814 seconds=43.3
Epoch 1902/5000: score=17.507501 loss=-0.476634 valid=1.0000 routes=14.307 grad=4.3711 seconds=43.1
Epoch 1903/5000: score=17.268678 loss=-0.433284 valid=1.0000 routes=13.283 grad=3.8392 seconds=43.1
Epoch 1904/5000: score=16.968057 loss=-0.448989 valid=1.0000 routes=13.799 grad=4.0121 seconds=43.0
Epoch 1905/5000: score=16.841450 loss=-0.460984 valid=1.0000 routes=13.838 grad=3.9402 seconds=43.0
Epoch 1906/5000: score=16.289182 loss=-0.435284 valid=1.0000 routes=14.275 grad=3.7378 seconds=42.7
Epoch 1907/5000: score=18.021309 loss=-0.487668 valid=1.0000 routes=15.265 grad=4.5554 seconds=42.9
Epoch 1908/5000: score=17.206036 loss=-0.455933 valid=1.0000 routes=14.397 grad=3.9295 seconds=42.9
Epoch 1909/5000: score=17.338362 loss=-0.467812 valid=1.0000 routes=14.471 grad=4.1194 seconds=43.0
Epoch 1910/5000: score=18.754847 loss=-0.487755 valid=1.0000 routes=15.137 grad=4.7157 seconds=43.0
Epoch 1911/5000: score=17.764285 loss=-0.487299 valid=1.0000 routes=15.987 grad=4.6218 seconds=43.2
Epoch 1912/5000: score=16.812306 loss=-0.444918 valid=1.0000 routes=14.303 grad=3.8326 seconds=42.8
>> Invalid instances, Re-generating ...
>> Invalid instances, Re-generating ...
Epoch 1913/5000: score=17.738083 loss=-0.479245 valid=1.0000 routes=15.156 grad=4.3527 seconds=43.1
Epoch 1914/5000: score=17.378778 loss=-0.464777 valid=1.0000 routes=14.034 grad=4.0963 seconds=43.2
Epoch 1915/5000: score=17.420377 loss=-0.460999 valid=1.0000 routes=14.332 grad=4.2495 seconds=42.9
Epoch 1916/5000: score=17.636956 loss=-0.478793 valid=1.0000 routes=13.716 grad=4.4349 seconds=42.9
Epoch 1917/5000: score=17.947535 loss=-0.490022 valid=1.0000 routes=15.932 grad=4.5341 seconds=43.2
Epoch 1918/5000: score=18.055397 loss=-0.494655 valid=1.0000 routes=15.846 grad=4.5219 seconds=42.7
Epoch 1919/5000: score=16.767310 loss=-0.441570 valid=1.0000 routes=14.165 grad=3.8140 seconds=42.8
Epoch 1920/5000: score=16.953141 loss=-0.459075 valid=1.0000 routes=14.433 grad=4.2058 seconds=42.8
Epoch 1921/5000: score=17.120811 loss=-0.475848 valid=1.0000 routes=14.775 grad=4.3216 seconds=43.0
Epoch 1922/5000: score=16.520453 loss=-0.460144 valid=1.0000 routes=15.209 grad=3.9929 seconds=43.1
Epoch 1923/5000: score=18.525335 loss=-0.495068 valid=1.0000 routes=15.142 grad=4.6131 seconds=42.5
Epoch 1924/5000: score=17.329836 loss=-0.470159 valid=1.0000 routes=14.763 grad=4.0098 seconds=43.0
Epoch 1925/5000: score=16.507312 loss=-0.444335 valid=1.0000 routes=14.297 grad=3.8134 seconds=43.1
Epoch 1926/5000: score=17.365026 loss=-0.452324 valid=1.0000 routes=14.071 grad=4.0712 seconds=42.8
Epoch 1927/5000: score=16.792789 loss=-0.486596 valid=1.0000 routes=14.131 grad=4.3340 seconds=43.3
Epoch 1928/5000: score=17.508504 loss=-0.471121 valid=1.0000 routes=15.028 grad=4.2163 seconds=42.5
Epoch 1929/5000: score=17.281124 loss=-0.453587 valid=1.0000 routes=13.398 grad=4.0576 seconds=43.0
Epoch 1930/5000: score=16.787100 loss=-0.454919 valid=1.0000 routes=14.261 grad=3.9483 seconds=42.8
Epoch 1931/5000: score=17.613026 loss=-0.456965 valid=1.0000 routes=14.363 grad=4.1341 seconds=46.8
Epoch 1932/5000: score=17.259765 loss=-0.481600 valid=1.0000 routes=14.959 grad=4.3060 seconds=47.1
Epoch 1933/5000: score=16.933702 loss=-0.442398 valid=1.0000 routes=13.830 grad=3.7708 seconds=46.0
Epoch 1934/5000: score=16.059212 loss=-0.423248 valid=1.0000 routes=13.292 grad=3.4994 seconds=49.2
Epoch 1935/5000: score=17.081482 loss=-0.463901 valid=1.0000 routes=14.682 grad=4.0667 seconds=51.0
>> Invalid instances, Re-generating ...
Epoch 1936/5000: score=18.222048 loss=-0.506546 valid=1.0000 routes=15.473 grad=4.7507 seconds=48.1
Epoch 1937/5000: score=17.599620 loss=-0.481228 valid=1.0000 routes=15.343 grad=4.3710 seconds=47.6
Epoch 1938/5000: score=16.134898 loss=-0.409539 valid=1.0000 routes=13.252 grad=3.3478 seconds=51.0
Epoch 1939/5000: score=17.348367 loss=-0.451394 valid=1.0000 routes=14.022 grad=4.1947 seconds=48.5
Epoch 1940/5000: score=16.785709 loss=-0.433244 valid=1.0000 routes=13.482 grad=3.7782 seconds=47.8
Epoch 1941/5000: score=17.038199 loss=-0.453010 valid=1.0000 routes=14.115 grad=4.1274 seconds=47.8
Epoch 1942/5000: score=18.318005 loss=-0.471631 valid=1.0000 routes=14.617 grad=4.4003 seconds=48.7
Epoch 1943/5000: score=17.329645 loss=-0.414409 valid=1.0000 routes=13.212 grad=3.5541 seconds=46.7
Epoch 1944/5000: score=17.546067 loss=-0.491388 valid=1.0000 routes=15.354 grad=4.5156 seconds=46.1
Epoch 1945/5000: score=17.425416 loss=-0.473642 valid=1.0000 routes=15.190 grad=4.0905 seconds=45.2
Epoch 1946/5000: score=17.005801 loss=-0.456734 valid=1.0000 routes=14.552 grad=4.0556 seconds=44.7
Epoch 1947/5000: score=17.309275 loss=-0.457566 valid=1.0000 routes=14.644 grad=4.1372 seconds=44.2
Epoch 1948/5000: score=16.880500 loss=-0.440195 valid=1.0000 routes=13.742 grad=3.9001 seconds=43.7
Epoch 1949/5000: score=17.178601 loss=-0.446727 valid=1.0000 routes=13.519 grad=4.0993 seconds=43.1
Epoch 1950/5000: score=16.949578 loss=-0.462785 valid=1.0000 routes=14.224 grad=4.1946 seconds=43.1
Epoch 1951/5000: score=17.754328 loss=-0.451930 valid=1.0000 routes=13.806 grad=4.1356 seconds=43.6
Epoch 1952/5000: score=15.738464 loss=-0.391856 valid=1.0000 routes=12.948 grad=3.3653 seconds=44.4
Epoch 1953/5000: score=16.742774 loss=-0.440384 valid=1.0000 routes=13.565 grad=3.9053 seconds=45.1
Epoch 1954/5000: score=16.887480 loss=-0.420516 valid=1.0000 routes=14.198 grad=3.7353 seconds=44.6
Epoch 1955/5000: score=16.697981 loss=-0.442650 valid=1.0000 routes=13.818 grad=3.8299 seconds=43.3
Epoch 1956/5000: score=16.627266 loss=-0.463088 valid=1.0000 routes=14.602 grad=4.0444 seconds=44.2
Epoch 1957/5000: score=16.994321 loss=-0.449965 valid=1.0000 routes=14.393 grad=4.1329 seconds=43.0
Epoch 1958/5000: score=17.367972 loss=-0.474692 valid=1.0000 routes=14.621 grad=4.2118 seconds=43.4
Epoch 1959/5000: score=17.220067 loss=-0.428058 valid=1.0000 routes=13.605 grad=3.7236 seconds=43.8
Epoch 1960/5000: score=17.534495 loss=-0.466300 valid=1.0000 routes=14.883 grad=4.1972 seconds=44.1
Epoch 1961/5000: score=17.478175 loss=-0.484026 valid=1.0000 routes=14.336 grad=4.2939 seconds=44.3
Epoch 1962/5000: score=18.096942 loss=-0.491506 valid=1.0000 routes=14.576 grad=4.4319 seconds=44.0
Epoch 1963/5000: score=17.097308 loss=-0.452119 valid=1.0000 routes=14.320 grad=4.0587 seconds=44.3
Epoch 1964/5000: score=16.654631 loss=-0.450152 valid=1.0000 routes=14.008 grad=3.9691 seconds=45.6
Epoch 1965/5000: score=17.889763 loss=-0.472769 valid=1.0000 routes=14.946 grad=4.4356 seconds=45.1
Epoch 1966/5000: score=18.292616 loss=-0.464042 valid=1.0000 routes=14.304 grad=4.6643 seconds=45.7
Epoch 1967/5000: score=16.027048 loss=-0.441263 valid=1.0000 routes=13.861 grad=3.8272 seconds=45.5
Epoch 1968/5000: score=16.629806 loss=-0.448124 valid=1.0000 routes=13.886 grad=3.8687 seconds=44.7
Epoch 1969/5000: score=17.593853 loss=-0.486815 valid=1.0000 routes=14.798 grad=4.5877 seconds=44.5
Epoch 1970/5000: score=16.907702 loss=-0.438886 valid=1.0000 routes=14.292 grad=3.9588 seconds=44.4
Epoch 1971/5000: score=17.814605 loss=-0.501435 valid=1.0000 routes=15.282 grad=4.7641 seconds=44.7
Epoch 1972/5000: score=17.765688 loss=-0.497062 valid=1.0000 routes=15.058 grad=4.4115 seconds=43.9
Epoch 1973/5000: score=17.475519 loss=-0.470117 valid=1.0000 routes=14.522 grad=4.1176 seconds=44.7
Epoch 1974/5000: score=17.563447 loss=-0.448246 valid=1.0000 routes=15.051 grad=3.8284 seconds=44.9
Epoch 1975/5000: score=17.932306 loss=-0.475125 valid=1.0000 routes=14.681 grad=4.4133 seconds=44.5
Epoch 1976/5000: score=17.521581 loss=-0.489968 valid=1.0000 routes=15.651 grad=4.3641 seconds=44.1
Epoch 1977/5000: score=16.899767 loss=-0.471581 valid=1.0000 routes=15.207 grad=4.0372 seconds=43.1
Epoch 1978/5000: score=17.287943 loss=-0.465395 valid=1.0000 routes=14.691 grad=4.4184 seconds=43.3
Epoch 1979/5000: score=16.806868 loss=-0.471718 valid=1.0000 routes=14.716 grad=4.1424 seconds=43.3
Epoch 1980/5000: score=17.089545 loss=-0.448472 valid=1.0000 routes=14.886 grad=3.9956 seconds=42.9
Epoch 1981/5000: score=16.988244 loss=-0.460285 valid=1.0000 routes=15.158 grad=4.0016 seconds=43.0
Epoch 1982/5000: score=17.334180 loss=-0.463076 valid=1.0000 routes=14.719 grad=4.1048 seconds=42.6
Epoch 1983/5000: score=16.417810 loss=-0.409774 valid=1.0000 routes=12.851 grad=3.4832 seconds=43.1
Epoch 1984/5000: score=15.686705 loss=-0.410797 valid=1.0000 routes=13.324 grad=3.3518 seconds=42.9
Epoch 1985/5000: score=16.225595 loss=-0.430449 valid=1.0000 routes=13.559 grad=3.7390 seconds=43.2
Epoch 1986/5000: score=16.865499 loss=-0.422157 valid=1.0000 routes=14.057 grad=3.7033 seconds=42.9
Epoch 1987/5000: score=16.014984 loss=-0.426822 valid=1.0000 routes=13.453 grad=3.5542 seconds=42.8
Epoch 1988/5000: score=16.716211 loss=-0.454659 valid=1.0000 routes=14.020 grad=3.8749 seconds=43.4
>> Invalid instances, Re-generating ...
Epoch 1989/5000: score=17.558765 loss=-0.445312 valid=1.0000 routes=14.064 grad=3.9816 seconds=43.4
Epoch 1990/5000: score=16.982927 loss=-0.443261 valid=1.0000 routes=13.534 grad=4.1838 seconds=44.7
Epoch 1991/5000: score=16.651782 loss=-0.425408 valid=1.0000 routes=13.538 grad=3.9439 seconds=44.1
Epoch 1992/5000: score=16.979769 loss=-0.453721 valid=1.0000 routes=14.171 grad=4.1867 seconds=43.7
Epoch 1993/5000: score=16.449805 loss=-0.448394 valid=1.0000 routes=13.897 grad=3.9472 seconds=43.8
Epoch 1994/5000: score=16.045665 loss=-0.417985 valid=1.0000 routes=12.984 grad=3.5256 seconds=43.6
Epoch 1995/5000: score=16.833548 loss=-0.457403 valid=1.0000 routes=14.959 grad=4.1628 seconds=43.8
Epoch 1996/5000: score=16.675567 loss=-0.461439 valid=1.0000 routes=14.780 grad=4.1403 seconds=43.7
Epoch 1997/5000: score=16.859330 loss=-0.443867 valid=1.0000 routes=14.299 grad=3.9517 seconds=43.8
Epoch 1998/5000: score=17.311300 loss=-0.459005 valid=1.0000 routes=14.138 grad=4.0960 seconds=43.8
Epoch 1999/5000: score=17.745305 loss=-0.485183 valid=1.0000 routes=14.356 grad=4.5089 seconds=43.9
Epoch 2000/5000: score=16.998745 loss=-0.421222 valid=1.0000 routes=13.515 grad=3.7736 seconds=44.6
Epoch 2001/5000: score=16.360104 loss=-0.431516 valid=1.0000 routes=14.085 grad=3.8322 seconds=43.8
Epoch 2002/5000: score=18.138505 loss=-0.489014 valid=1.0000 routes=14.810 grad=4.7735 seconds=43.2
Epoch 2003/5000: score=17.215960 loss=-0.465767 valid=1.0000 routes=14.682 grad=4.2258 seconds=43.2
Epoch 2004/5000: score=16.941261 loss=-0.441715 valid=1.0000 routes=14.479 grad=3.8368 seconds=42.7
Epoch 2005/5000: score=18.315892 loss=-0.485698 valid=1.0000 routes=14.807 grad=4.5645 seconds=43.0
Epoch 2006/5000: score=17.011302 loss=-0.459997 valid=1.0000 routes=14.208 grad=4.2227 seconds=42.8
Epoch 2007/5000: score=17.958793 loss=-0.501224 valid=1.0000 routes=15.219 grad=4.8670 seconds=42.9
Epoch 2008/5000: score=17.190380 loss=-0.462990 valid=1.0000 routes=14.645 grad=4.1212 seconds=43.0
Epoch 2009/5000: score=17.096574 loss=-0.448398 valid=1.0000 routes=14.064 grad=4.1933 seconds=43.0
Epoch 2010/5000: score=16.432110 loss=-0.423694 valid=1.0000 routes=13.446 grad=3.8201 seconds=43.1
Epoch 2011/5000: score=16.402981 loss=-0.426948 valid=1.0000 routes=14.358 grad=3.5597 seconds=42.9
Epoch 2012/5000: score=17.295910 loss=-0.460311 valid=1.0000 routes=14.480 grad=4.0704 seconds=43.2
Epoch 2013/5000: score=17.895710 loss=-0.484361 valid=1.0000 routes=14.941 grad=4.4610 seconds=43.4
Epoch 2014/5000: score=16.876113 loss=-0.457391 valid=1.0000 routes=13.962 grad=4.0610 seconds=43.3
Epoch 2015/5000: score=16.303831 loss=-0.410053 valid=1.0000 routes=13.392 grad=3.6412 seconds=43.3
Epoch 2016/5000: score=17.303386 loss=-0.458812 valid=1.0000 routes=14.749 grad=4.1883 seconds=43.0
Epoch 2017/5000: score=16.746777 loss=-0.411780 valid=1.0000 routes=13.207 grad=3.5238 seconds=43.1
Epoch 2018/5000: score=17.472526 loss=-0.464945 valid=1.0000 routes=14.255 grad=4.4204 seconds=42.9
Epoch 2019/5000: score=16.970945 loss=-0.439378 valid=1.0000 routes=13.837 grad=3.9154 seconds=43.3
Epoch 2020/5000: score=17.215454 loss=-0.461355 valid=1.0000 routes=14.647 grad=4.2770 seconds=43.3
Epoch 2021/5000: score=18.521735 loss=-0.472681 valid=1.0000 routes=14.703 grad=4.3330 seconds=42.6
Epoch 2022/5000: score=17.228312 loss=-0.437784 valid=1.0000 routes=14.345 grad=3.8635 seconds=43.1
Epoch 2023/5000: score=17.780055 loss=-0.505510 valid=1.0000 routes=15.955 grad=4.8430 seconds=43.5
Epoch 2024/5000: score=16.864139 loss=-0.439087 valid=1.0000 routes=14.044 grad=3.9503 seconds=43.2
Epoch 2025/5000: score=16.843762 loss=-0.447041 valid=1.0000 routes=14.018 grad=4.0227 seconds=43.3
Epoch 2026/5000: score=16.170888 loss=-0.442113 valid=1.0000 routes=14.532 grad=3.7703 seconds=42.7
Epoch 2027/5000: score=17.573891 loss=-0.477067 valid=1.0000 routes=15.144 grad=4.3181 seconds=43.1
Epoch 2028/5000: score=17.076309 loss=-0.459911 valid=1.0000 routes=14.312 grad=4.2394 seconds=43.0
>> Invalid instances, Re-generating ...
Epoch 2029/5000: score=17.331675 loss=-0.455932 valid=1.0000 routes=14.916 grad=4.2120 seconds=43.2
Epoch 2030/5000: score=16.807813 loss=-0.458697 valid=1.0000 routes=14.547 grad=4.2689 seconds=42.9
Epoch 2031/5000: score=16.614387 loss=-0.451363 valid=1.0000 routes=14.788 grad=3.9061 seconds=42.7
Epoch 2032/5000: score=16.932663 loss=-0.438420 valid=1.0000 routes=14.462 grad=3.7783 seconds=43.1
Epoch 2033/5000: score=16.734352 loss=-0.444036 valid=1.0000 routes=13.991 grad=3.7798 seconds=42.8
Epoch 2034/5000: score=16.964285 loss=-0.449976 valid=1.0000 routes=14.035 grad=4.2135 seconds=43.0
Epoch 2035/5000: score=17.050524 loss=-0.462609 valid=1.0000 routes=14.305 grad=4.1195 seconds=42.9
>> Invalid instances, Re-generating ...
Epoch 2036/5000: score=17.342076 loss=-0.465245 valid=1.0000 routes=13.667 grad=4.2476 seconds=43.4
Epoch 2037/5000: score=16.213075 loss=-0.440356 valid=1.0000 routes=14.058 grad=3.8985 seconds=44.4
Epoch 2038/5000: score=16.903766 loss=-0.451497 valid=1.0000 routes=14.526 grad=4.1253 seconds=42.9
Epoch 2039/5000: score=16.784888 loss=-0.436705 valid=1.0000 routes=14.794 grad=3.9396 seconds=43.1
Epoch 2040/5000: score=17.798806 loss=-0.492349 valid=1.0000 routes=15.845 grad=4.7052 seconds=42.7
Epoch 2041/5000: score=16.364570 loss=-0.429033 valid=1.0000 routes=13.087 grad=3.6597 seconds=43.1
Epoch 2042/5000: score=16.998247 loss=-0.439579 valid=1.0000 routes=14.468 grad=3.8063 seconds=42.9
Epoch 2043/5000: score=17.195267 loss=-0.436908 valid=1.0000 routes=13.801 grad=4.0023 seconds=43.1
Epoch 2044/5000: score=16.196106 loss=-0.427195 valid=1.0000 routes=13.864 grad=3.7222 seconds=43.2
Epoch 2045/5000: score=16.216765 loss=-0.431729 valid=1.0000 routes=13.897 grad=3.8942 seconds=42.7
Epoch 2046/5000: score=15.983975 loss=-0.427010 valid=1.0000 routes=14.179 grad=3.6752 seconds=43.4
Epoch 2047/5000: score=16.208510 loss=-0.428160 valid=1.0000 routes=13.524 grad=3.6877 seconds=43.5
Epoch 2048/5000: score=17.291109 loss=-0.479768 valid=1.0000 routes=15.468 grad=4.3844 seconds=43.2
Epoch 2049/5000: score=18.307893 loss=-0.487399 valid=1.0000 routes=14.497 grad=4.5892 seconds=43.2
Epoch 2050/5000: score=17.294682 loss=-0.457393 valid=1.0000 routes=14.499 grad=4.0336 seconds=42.5
Epoch 2051/5000: score=18.047454 loss=-0.461394 valid=1.0000 routes=14.980 grad=4.4868 seconds=42.9
Epoch 2052/5000: score=17.547816 loss=-0.457570 valid=1.0000 routes=14.992 grad=4.4629 seconds=42.7
Epoch 2053/5000: score=16.398204 loss=-0.443404 valid=1.0000 routes=13.792 grad=3.8145 seconds=43.1
Epoch 2054/5000: score=16.602983 loss=-0.435785 valid=1.0000 routes=13.891 grad=3.8865 seconds=42.9
Epoch 2055/5000: score=16.473591 loss=-0.442897 valid=1.0000 routes=14.235 grad=3.6830 seconds=42.6
>> Invalid instances, Re-generating ...
Epoch 2056/5000: score=17.323713 loss=-0.441395 valid=1.0000 routes=13.940 grad=3.8452 seconds=43.1
Epoch 2057/5000: score=16.518377 loss=-0.445256 valid=1.0000 routes=14.351 grad=3.8747 seconds=42.9
Epoch 2058/5000: score=17.564957 loss=-0.473112 valid=1.0000 routes=14.896 grad=4.3742 seconds=43.2
Epoch 2059/5000: score=16.950311 loss=-0.426622 valid=1.0000 routes=13.573 grad=3.7961 seconds=43.3
Epoch 2060/5000: score=16.010934 loss=-0.381750 valid=1.0000 routes=12.920 grad=3.1571 seconds=44.4
Epoch 2061/5000: score=16.048267 loss=-0.408310 valid=1.0000 routes=13.894 grad=3.4714 seconds=43.4
Epoch 2062/5000: score=17.720842 loss=-0.455614 valid=1.0000 routes=14.088 grad=4.2402 seconds=43.2
Epoch 2063/5000: score=17.069546 loss=-0.462585 valid=1.0000 routes=14.424 grad=4.1285 seconds=43.4
Epoch 2064/5000: score=16.866601 loss=-0.470059 valid=1.0000 routes=15.063 grad=4.2294 seconds=43.4
Epoch 2065/5000: score=17.011362 loss=-0.450312 valid=1.0000 routes=14.560 grad=4.0915 seconds=43.7
Epoch 2066/5000: score=16.301531 loss=-0.426952 valid=1.0000 routes=13.617 grad=3.7294 seconds=43.8
Epoch 2067/5000: score=17.342659 loss=-0.449584 valid=1.0000 routes=13.645 grad=4.1371 seconds=43.6
Epoch 2068/5000: score=17.626215 loss=-0.464890 valid=1.0000 routes=14.635 grad=4.3192 seconds=43.5
Epoch 2069/5000: score=17.161042 loss=-0.466239 valid=1.0000 routes=14.939 grad=4.2051 seconds=43.4
Epoch 2070/5000: score=17.202948 loss=-0.428769 valid=1.0000 routes=14.371 grad=3.9936 seconds=43.6
Epoch 2071/5000: score=17.685232 loss=-0.456237 valid=1.0000 routes=15.057 grad=4.1328 seconds=43.3
Epoch 2072/5000: score=16.663353 loss=-0.432763 valid=1.0000 routes=14.094 grad=3.9142 seconds=42.9
Epoch 2073/5000: score=16.604460 loss=-0.436631 valid=1.0000 routes=14.538 grad=3.9243 seconds=43.2
Epoch 2074/5000: score=17.359422 loss=-0.450057 valid=1.0000 routes=13.852 grad=4.1934 seconds=43.0
Epoch 2075/5000: score=17.472752 loss=-0.481216 valid=1.0000 routes=14.331 grad=4.4278 seconds=43.2
Epoch 2076/5000: score=16.258535 loss=-0.411415 valid=1.0000 routes=12.893 grad=3.6081 seconds=43.5
Epoch 2077/5000: score=18.051767 loss=-0.462824 valid=1.0000 routes=14.481 grad=4.4138 seconds=43.2
Epoch 2078/5000: score=17.509176 loss=-0.482499 valid=1.0000 routes=15.136 grad=4.5351 seconds=43.5
Epoch 2079/5000: score=17.675277 loss=-0.472211 valid=1.0000 routes=15.001 grad=4.4621 seconds=42.9
Epoch 2080/5000: score=17.774482 loss=-0.469521 valid=1.0000 routes=14.909 grad=4.3196 seconds=43.3
Epoch 2081/5000: score=17.764256 loss=-0.479178 valid=1.0000 routes=14.359 grad=4.4481 seconds=43.2
Epoch 2082/5000: score=16.871482 loss=-0.399871 valid=1.0000 routes=13.804 grad=3.5357 seconds=43.4
Epoch 2083/5000: score=17.289875 loss=-0.444328 valid=1.0000 routes=13.696 grad=4.0297 seconds=43.5
Epoch 2084/5000: score=16.867813 loss=-0.438380 valid=1.0000 routes=14.089 grad=4.2071 seconds=42.9
Epoch 2085/5000: score=16.992032 loss=-0.425848 valid=1.0000 routes=13.188 grad=3.8346 seconds=43.4
Epoch 2086/5000: score=17.368008 loss=-0.453804 valid=1.0000 routes=14.361 grad=4.0227 seconds=43.2
Epoch 2087/5000: score=17.727405 loss=-0.469350 valid=1.0000 routes=14.245 grad=4.4314 seconds=43.5
Epoch 2088/5000: score=18.105747 loss=-0.498245 valid=1.0000 routes=15.921 grad=4.7861 seconds=43.3
>> Invalid instances, Re-generating ...
Epoch 2089/5000: score=17.368924 loss=-0.450687 valid=1.0000 routes=14.399 grad=4.2609 seconds=43.1
Epoch 2090/5000: score=17.148667 loss=-0.437624 valid=1.0000 routes=13.651 grad=4.1014 seconds=43.2
Epoch 2091/5000: score=16.634440 loss=-0.424612 valid=1.0000 routes=14.383 grad=3.9625 seconds=43.1
Epoch 2092/5000: score=16.885110 loss=-0.420854 valid=1.0000 routes=13.443 grad=3.7883 seconds=43.2
Epoch 2093/5000: score=17.639455 loss=-0.450818 valid=1.0000 routes=14.407 grad=4.1982 seconds=43.4
Epoch 2094/5000: score=16.585241 loss=-0.418951 valid=1.0000 routes=12.796 grad=3.8245 seconds=43.0
Epoch 2095/5000: score=18.081312 loss=-0.472754 valid=1.0000 routes=14.709 grad=4.5085 seconds=43.3
Epoch 2096/5000: score=16.586485 loss=-0.401931 valid=1.0000 routes=13.664 grad=3.4624 seconds=42.7
Epoch 2097/5000: score=16.574304 loss=-0.442746 valid=1.0000 routes=14.586 grad=3.9942 seconds=42.9
Epoch 2098/5000: score=17.724335 loss=-0.472504 valid=1.0000 routes=14.771 grad=4.3416 seconds=42.7
Epoch 2099/5000: score=17.133008 loss=-0.475576 valid=1.0000 routes=15.008 grad=4.2797 seconds=42.7
Epoch 2100/5000: score=16.524488 loss=-0.435019 valid=1.0000 routes=13.322 grad=3.7904 seconds=43.1
Epoch 2101/5000: score=15.777241 loss=-0.422841 valid=1.0000 routes=14.012 grad=3.6660 seconds=42.8
Epoch 2102/5000: score=17.163849 loss=-0.419906 valid=1.0000 routes=13.945 grad=3.7828 seconds=42.8
Epoch 2103/5000: score=16.430974 loss=-0.429079 valid=1.0000 routes=14.063 grad=3.9397 seconds=42.7
Epoch 2104/5000: score=17.617005 loss=-0.472276 valid=1.0000 routes=14.780 grad=4.4607 seconds=42.8
Epoch 2105/5000: score=17.349992 loss=-0.456558 valid=1.0000 routes=13.733 grad=4.2387 seconds=43.2
Epoch 2106/5000: score=16.991748 loss=-0.434123 valid=1.0000 routes=14.195 grad=3.8313 seconds=44.1
Epoch 2107/5000: score=16.890356 loss=-0.455259 valid=1.0000 routes=13.938 grad=4.2210 seconds=43.4
Epoch 2108/5000: score=17.542210 loss=-0.461005 valid=1.0000 routes=14.547 grad=4.1568 seconds=42.6
Epoch 2109/5000: score=17.912656 loss=-0.477469 valid=1.0000 routes=14.235 grad=4.4674 seconds=42.9
Epoch 2110/5000: score=16.767664 loss=-0.426204 valid=1.0000 routes=13.902 grad=3.9355 seconds=42.8
Epoch 2111/5000: score=17.615664 loss=-0.453660 valid=1.0000 routes=13.848 grad=4.1996 seconds=43.0
Epoch 2112/5000: score=16.628668 loss=-0.430028 valid=1.0000 routes=14.685 grad=3.9199 seconds=42.7
Epoch 2113/5000: score=17.672089 loss=-0.492378 valid=1.0000 routes=15.355 grad=4.7231 seconds=42.9
Epoch 2114/5000: score=17.018158 loss=-0.442387 valid=1.0000 routes=14.076 grad=3.9830 seconds=42.9
Epoch 2115/5000: score=16.798953 loss=-0.446878 valid=1.0000 routes=14.015 grad=3.9695 seconds=42.8
Epoch 2116/5000: score=16.689029 loss=-0.424391 valid=1.0000 routes=13.805 grad=3.8170 seconds=44.0
>> Invalid instances, Re-generating ...
Epoch 2117/5000: score=17.796763 loss=-0.462603 valid=1.0000 routes=14.702 grad=4.5503 seconds=43.0
Epoch 2118/5000: score=16.361666 loss=-0.464270 valid=1.0000 routes=14.756 grad=4.1425 seconds=43.1
Epoch 2119/5000: score=16.553773 loss=-0.441425 valid=1.0000 routes=14.283 grad=3.8827 seconds=42.8
Epoch 2120/5000: score=17.655468 loss=-0.474952 valid=1.0000 routes=15.106 grad=4.3102 seconds=42.6
Epoch 2121/5000: score=17.874322 loss=-0.466000 valid=1.0000 routes=14.291 grad=4.4122 seconds=42.9
Epoch 2122/5000: score=16.737405 loss=-0.451201 valid=1.0000 routes=14.111 grad=4.2865 seconds=42.8
Epoch 2123/5000: score=16.670817 loss=-0.430172 valid=1.0000 routes=13.997 grad=3.8049 seconds=42.7
Epoch 2124/5000: score=17.490025 loss=-0.465375 valid=1.0000 routes=15.081 grad=4.2802 seconds=42.9
Epoch 2125/5000: score=16.701110 loss=-0.426100 valid=1.0000 routes=14.062 grad=3.7988 seconds=42.6
Epoch 2126/5000: score=17.016410 loss=-0.452250 valid=1.0000 routes=14.535 grad=3.9966 seconds=42.9
Epoch 2127/5000: score=17.985786 loss=-0.474279 valid=1.0000 routes=14.986 grad=4.3447 seconds=42.7
Epoch 2128/5000: score=18.222751 loss=-0.476180 valid=1.0000 routes=15.252 grad=4.6075 seconds=42.9
Epoch 2129/5000: score=16.045246 loss=-0.433931 valid=1.0000 routes=14.517 grad=3.6979 seconds=43.3
Epoch 2130/5000: score=16.861697 loss=-0.432002 valid=1.0000 routes=13.974 grad=3.7859 seconds=43.1
Epoch 2131/5000: score=16.747431 loss=-0.424690 valid=1.0000 routes=14.254 grad=3.9210 seconds=42.9
Epoch 2132/5000: score=17.271398 loss=-0.457755 valid=1.0000 routes=14.394 grad=4.2139 seconds=42.8
Epoch 2133/5000: score=16.992148 loss=-0.457026 valid=1.0000 routes=14.394 grad=4.1618 seconds=42.7
Epoch 2134/5000: score=16.701864 loss=-0.434239 valid=1.0000 routes=13.655 grad=3.8063 seconds=42.8
Epoch 2135/5000: score=16.658182 loss=-0.441898 valid=1.0000 routes=14.590 grad=3.8344 seconds=43.0
Epoch 2136/5000: score=17.507888 loss=-0.471205 valid=1.0000 routes=14.938 grad=4.6418 seconds=43.1
Epoch 2137/5000: score=17.337822 loss=-0.445873 valid=1.0000 routes=14.171 grad=4.1868 seconds=42.8
Epoch 2138/5000: score=17.427991 loss=-0.444216 valid=1.0000 routes=13.635 grad=3.9068 seconds=42.9
Epoch 2139/5000: score=17.812686 loss=-0.481571 valid=1.0000 routes=15.494 grad=4.5643 seconds=43.3
Epoch 2140/5000: score=18.427612 loss=-0.490102 valid=1.0000 routes=15.080 grad=4.7599 seconds=43.0
Epoch 2141/5000: score=17.378206 loss=-0.458934 valid=1.0000 routes=14.901 grad=4.0593 seconds=43.0
Epoch 2142/5000: score=16.067208 loss=-0.424256 valid=1.0000 routes=13.767 grad=3.7276 seconds=42.6
Epoch 2143/5000: score=15.916664 loss=-0.424933 valid=1.0000 routes=13.066 grad=3.8250 seconds=42.9
Epoch 2144/5000: score=17.340976 loss=-0.454725 valid=1.0000 routes=14.244 grad=4.2650 seconds=42.5
Epoch 2145/5000: score=16.849898 loss=-0.427751 valid=1.0000 routes=13.506 grad=3.8042 seconds=42.9
Epoch 2146/5000: score=17.441027 loss=-0.448489 valid=1.0000 routes=13.964 grad=4.4667 seconds=42.7
Epoch 2147/5000: score=16.613249 loss=-0.444805 valid=1.0000 routes=14.023 grad=3.9414 seconds=42.8
Epoch 2148/5000: score=16.072781 loss=-0.419658 valid=1.0000 routes=13.407 grad=3.6791 seconds=42.8
Epoch 2149/5000: score=17.630465 loss=-0.473663 valid=1.0000 routes=14.606 grad=4.4221 seconds=42.7
Epoch 2150/5000: score=17.232119 loss=-0.464158 valid=1.0000 routes=14.240 grad=4.6262 seconds=42.9
Epoch 2151/5000: score=17.969870 loss=-0.467770 valid=1.0000 routes=14.011 grad=4.4325 seconds=42.9
Epoch 2152/5000: score=16.356679 loss=-0.432088 valid=1.0000 routes=14.339 grad=3.6875 seconds=43.0
Epoch 2153/5000: score=18.010010 loss=-0.467424 valid=1.0000 routes=14.216 grad=4.5842 seconds=43.0
Epoch 2154/5000: score=16.785247 loss=-0.450066 valid=1.0000 routes=14.439 grad=4.2121 seconds=42.6
Epoch 2155/5000: score=15.280342 loss=-0.379447 valid=1.0000 routes=13.082 grad=3.3254 seconds=43.6
Epoch 2156/5000: score=17.171138 loss=-0.458448 valid=1.0000 routes=14.522 grad=4.2672 seconds=43.9
Epoch 2157/5000: score=17.678426 loss=-0.455541 valid=1.0000 routes=14.283 grad=4.3675 seconds=43.2
Epoch 2158/5000: score=17.881172 loss=-0.482820 valid=1.0000 routes=15.464 grad=4.5197 seconds=42.8
Epoch 2159/5000: score=17.207468 loss=-0.425228 valid=1.0000 routes=13.522 grad=3.7608 seconds=42.4
Epoch 2160/5000: score=17.869121 loss=-0.462568 valid=1.0000 routes=14.020 grad=4.7197 seconds=43.2
Epoch 2161/5000: score=17.785402 loss=-0.450876 valid=1.0000 routes=14.008 grad=4.2686 seconds=42.7
Epoch 2162/5000: score=18.266730 loss=-0.473645 valid=1.0000 routes=14.684 grad=4.4809 seconds=43.0
Epoch 2163/5000: score=16.609856 loss=-0.411819 valid=1.0000 routes=14.194 grad=3.8407 seconds=42.8
Epoch 2164/5000: score=16.947985 loss=-0.421770 valid=1.0000 routes=14.702 grad=3.8220 seconds=44.1
Epoch 2165/5000: score=17.472884 loss=-0.438734 valid=1.0000 routes=13.469 grad=4.2825 seconds=43.2
Epoch 2166/5000: score=17.491389 loss=-0.437366 valid=1.0000 routes=14.278 grad=4.1929 seconds=42.7
Epoch 2167/5000: score=17.406784 loss=-0.456386 valid=1.0000 routes=14.535 grad=4.2330 seconds=43.3
Epoch 2168/5000: score=17.157129 loss=-0.432477 valid=1.0000 routes=14.276 grad=4.0918 seconds=42.6
Epoch 2169/5000: score=16.632644 loss=-0.444976 valid=1.0000 routes=14.530 grad=4.0373 seconds=43.1
Epoch 2170/5000: score=16.610107 loss=-0.415500 valid=1.0000 routes=13.367 grad=3.6246 seconds=43.0
Epoch 2171/5000: score=17.617507 loss=-0.468829 valid=1.0000 routes=15.275 grad=4.4329 seconds=42.7
Epoch 2172/5000: score=16.274667 loss=-0.421926 valid=1.0000 routes=13.802 grad=3.7027 seconds=42.9
Epoch 2173/5000: score=17.082749 loss=-0.453249 valid=1.0000 routes=14.816 grad=4.3097 seconds=42.9
Epoch 2174/5000: score=17.585392 loss=-0.441923 valid=1.0000 routes=15.092 grad=4.2752 seconds=43.4
Epoch 2175/5000: score=16.774681 loss=-0.438941 valid=1.0000 routes=13.687 grad=4.1211 seconds=42.8
Epoch 2176/5000: score=17.948484 loss=-0.477967 valid=1.0000 routes=15.507 grad=4.5105 seconds=43.7
Epoch 2177/5000: score=17.422222 loss=-0.476278 valid=1.0000 routes=15.603 grad=4.4816 seconds=43.1
Epoch 2178/5000: score=16.228140 loss=-0.430306 valid=1.0000 routes=14.187 grad=3.8746 seconds=42.7
Epoch 2179/5000: score=16.531197 loss=-0.425201 valid=1.0000 routes=13.883 grad=3.8588 seconds=43.0
Epoch 2180/5000: score=16.801822 loss=-0.446979 valid=1.0000 routes=14.103 grad=4.0692 seconds=42.6
Epoch 2181/5000: score=16.198158 loss=-0.429970 valid=1.0000 routes=14.098 grad=3.6756 seconds=42.8
Epoch 2182/5000: score=18.315142 loss=-0.489363 valid=1.0000 routes=14.799 grad=4.7132 seconds=42.8
Epoch 2183/5000: score=16.751901 loss=-0.420436 valid=1.0000 routes=12.952 grad=3.6906 seconds=42.7
Epoch 2184/5000: score=17.142255 loss=-0.451244 valid=1.0000 routes=14.588 grad=4.1210 seconds=42.8
Epoch 2185/5000: score=17.260965 loss=-0.447816 valid=1.0000 routes=13.983 grad=4.1948 seconds=43.1
Epoch 2186/5000: score=17.602219 loss=-0.447141 valid=1.0000 routes=14.130 grad=4.4068 seconds=43.3
Epoch 2187/5000: score=17.001627 loss=-0.439701 valid=1.0000 routes=14.100 grad=4.0109 seconds=42.7
Epoch 2188/5000: score=17.763854 loss=-0.453578 valid=1.0000 routes=15.208 grad=4.3197 seconds=42.9
Epoch 2189/5000: score=16.652191 loss=-0.448196 valid=1.0000 routes=13.962 grad=4.1357 seconds=43.0
Epoch 2190/5000: score=15.832182 loss=-0.426671 valid=1.0000 routes=14.090 grad=3.5895 seconds=42.6
Epoch 2191/5000: score=16.791904 loss=-0.449118 valid=1.0000 routes=14.360 grad=4.2454 seconds=42.8
Epoch 2192/5000: score=17.304775 loss=-0.455352 valid=1.0000 routes=14.928 grad=4.3247 seconds=42.4
Epoch 2193/5000: score=16.545860 loss=-0.429435 valid=1.0000 routes=14.427 grad=3.6854 seconds=42.6
Epoch 2194/5000: score=18.216667 loss=-0.482824 valid=1.0000 routes=14.946 grad=4.5534 seconds=42.7
Epoch 2195/5000: score=17.582187 loss=-0.478606 valid=1.0000 routes=15.108 grad=4.5894 seconds=42.5
Epoch 2196/5000: score=16.719173 loss=-0.412210 valid=1.0000 routes=13.528 grad=3.9127 seconds=42.6
Epoch 2197/5000: score=18.018455 loss=-0.454811 valid=1.0000 routes=14.316 grad=4.3833 seconds=42.6
Epoch 2198/5000: score=17.169838 loss=-0.455440 valid=1.0000 routes=14.318 grad=4.2261 seconds=43.3
Epoch 2199/5000: score=17.235795 loss=-0.445046 valid=1.0000 routes=14.184 grad=4.0501 seconds=44.2
Epoch 2200/5000: score=17.062047 loss=-0.419615 valid=1.0000 routes=14.060 grad=3.8903 seconds=42.7
Epoch 2201/5000: score=16.892504 loss=-0.431668 valid=1.0000 routes=14.219 grad=4.0489 seconds=42.9
Epoch 2202/5000: score=18.340420 loss=-0.472078 valid=1.0000 routes=14.894 grad=4.5511 seconds=42.6
Epoch 2203/5000: score=16.715045 loss=-0.439813 valid=1.0000 routes=14.427 grad=4.0561 seconds=43.0
Epoch 2204/5000: score=17.160747 loss=-0.463999 valid=1.0000 routes=14.975 grad=4.4892 seconds=43.1
Epoch 2205/5000: score=15.812226 loss=-0.396041 valid=1.0000 routes=13.096 grad=3.3163 seconds=43.2
Epoch 2206/5000: score=17.726454 loss=-0.456730 valid=1.0000 routes=14.755 grad=4.3612 seconds=42.9
Epoch 2207/5000: score=17.103834 loss=-0.457500 valid=1.0000 routes=14.390 grad=4.1909 seconds=43.0
>> Invalid instances, Re-generating ...
Epoch 2208/5000: score=17.948335 loss=-0.476639 valid=1.0000 routes=15.354 grad=4.5307 seconds=43.2
Epoch 2209/5000: score=16.754998 loss=-0.458122 valid=1.0000 routes=14.528 grad=4.1747 seconds=43.7
Epoch 2210/5000: score=16.265147 loss=-0.422308 valid=1.0000 routes=13.438 grad=3.8712 seconds=43.1
Epoch 2211/5000: score=18.159619 loss=-0.463288 valid=1.0000 routes=14.352 grad=4.7304 seconds=43.0
Epoch 2212/5000: score=16.247323 loss=-0.417478 valid=1.0000 routes=13.339 grad=3.6891 seconds=43.1
Epoch 2213/5000: score=15.979233 loss=-0.413653 valid=1.0000 routes=13.129 grad=3.5960 seconds=43.3
Epoch 2214/5000: score=18.008423 loss=-0.462453 valid=1.0000 routes=14.815 grad=4.6082 seconds=43.2
Epoch 2215/5000: score=16.145499 loss=-0.427979 valid=1.0000 routes=14.313 grad=3.8117 seconds=43.0
Epoch 2216/5000: score=17.129202 loss=-0.443801 valid=1.0000 routes=14.835 grad=4.3092 seconds=42.7
Epoch 2217/5000: score=16.742482 loss=-0.415783 valid=1.0000 routes=14.005 grad=3.7813 seconds=43.0
Epoch 2218/5000: score=18.836015 loss=-0.524801 valid=1.0000 routes=16.497 grad=5.2702 seconds=43.1
Epoch 2219/5000: score=17.674340 loss=-0.472972 valid=1.0000 routes=14.390 grad=4.4437 seconds=42.9
Epoch 2220/5000: score=17.438904 loss=-0.460293 valid=1.0000 routes=14.825 grad=4.3377 seconds=43.1
Epoch 2221/5000: score=17.479459 loss=-0.458367 valid=1.0000 routes=15.090 grad=4.3240 seconds=42.6
Epoch 2222/5000: score=17.711331 loss=-0.450601 valid=1.0000 routes=14.230 grad=4.2887 seconds=43.4
Epoch 2223/5000: score=15.667065 loss=-0.418713 valid=1.0000 routes=13.660 grad=3.6108 seconds=43.0
Epoch 2224/5000: score=17.228091 loss=-0.447272 valid=1.0000 routes=14.485 grad=4.2574 seconds=42.8
Epoch 2225/5000: score=16.293420 loss=-0.431571 valid=1.0000 routes=13.918 grad=3.9721 seconds=42.9
Epoch 2226/5000: score=16.940892 loss=-0.449804 valid=1.0000 routes=14.255 grad=4.2081 seconds=42.6
Epoch 2227/5000: score=16.900198 loss=-0.447619 valid=1.0000 routes=14.615 grad=4.1009 seconds=42.9
Epoch 2228/5000: score=17.105936 loss=-0.434573 valid=1.0000 routes=14.239 grad=3.8626 seconds=42.6
Epoch 2229/5000: score=17.377063 loss=-0.460269 valid=1.0000 routes=14.861 grad=4.2393 seconds=42.8
Epoch 2230/5000: score=17.150704 loss=-0.445310 valid=1.0000 routes=14.579 grad=4.1830 seconds=43.0
Epoch 2231/5000: score=17.226230 loss=-0.462588 valid=1.0000 routes=14.550 grad=4.4096 seconds=42.5
Epoch 2232/5000: score=17.167391 loss=-0.453493 valid=1.0000 routes=14.601 grad=4.2441 seconds=43.1
Epoch 2233/5000: score=17.199920 loss=-0.458418 valid=1.0000 routes=14.292 grad=4.1595 seconds=43.8
Epoch 2234/5000: score=17.472970 loss=-0.473907 valid=1.0000 routes=15.153 grad=4.3026 seconds=45.0
Epoch 2235/5000: score=17.040379 loss=-0.448724 valid=1.0000 routes=14.763 grad=4.2104 seconds=44.4
Epoch 2236/5000: score=15.838537 loss=-0.417751 valid=1.0000 routes=13.711 grad=3.6810 seconds=43.4
Epoch 2237/5000: score=16.264189 loss=-0.407054 valid=1.0000 routes=13.450 grad=3.7567 seconds=43.1
Epoch 2238/5000: score=17.044404 loss=-0.434423 valid=1.0000 routes=14.443 grad=4.2264 seconds=42.8
Epoch 2239/5000: score=16.592037 loss=-0.400082 valid=1.0000 routes=13.416 grad=3.6628 seconds=43.1
Epoch 2240/5000: score=17.399057 loss=-0.446135 valid=1.0000 routes=14.518 grad=4.1687 seconds=43.0
Epoch 2241/5000: score=17.650802 loss=-0.458643 valid=1.0000 routes=14.383 grad=4.1517 seconds=42.8
Epoch 2242/5000: score=17.487837 loss=-0.449912 valid=1.0000 routes=14.806 grad=4.3519 seconds=43.1
Epoch 2243/5000: score=17.564569 loss=-0.445152 valid=1.0000 routes=13.502 grad=4.4749 seconds=43.7
Epoch 2244/5000: score=17.138877 loss=-0.451751 valid=1.0000 routes=14.741 grad=4.0872 seconds=43.1
Epoch 2245/5000: score=16.817942 loss=-0.439659 valid=1.0000 routes=13.968 grad=4.0164 seconds=44.3
Epoch 2246/5000: score=17.430206 loss=-0.442132 valid=1.0000 routes=13.820 grad=4.0186 seconds=42.7
Epoch 2247/5000: score=17.409455 loss=-0.432710 valid=1.0000 routes=14.505 grad=3.9657 seconds=42.7
Epoch 2248/5000: score=16.864354 loss=-0.449238 valid=1.0000 routes=15.354 grad=4.1686 seconds=42.7
Epoch 2249/5000: score=17.123600 loss=-0.422691 valid=1.0000 routes=14.050 grad=3.9213 seconds=42.8
Epoch 2250/5000: score=16.928313 loss=-0.429306 valid=1.0000 routes=14.057 grad=3.8866 seconds=42.5
Epoch 2251/5000: score=17.063332 loss=-0.442132 valid=1.0000 routes=14.669 grad=4.2930 seconds=42.9
Epoch 2252/5000: score=17.467784 loss=-0.422420 valid=1.0000 routes=14.216 grad=4.2356 seconds=42.7
Epoch 2253/5000: score=16.237339 loss=-0.423319 valid=1.0000 routes=13.814 grad=3.8000 seconds=42.7
Epoch 2254/5000: score=17.205015 loss=-0.425820 valid=1.0000 routes=13.361 grad=4.0677 seconds=42.9
Epoch 2255/5000: score=16.815394 loss=-0.426365 valid=1.0000 routes=13.655 grad=4.0510 seconds=43.5
Epoch 2256/5000: score=17.640836 loss=-0.457596 valid=1.0000 routes=15.127 grad=4.2699 seconds=42.7
Epoch 2257/5000: score=17.888950 loss=-0.461924 valid=1.0000 routes=14.873 grad=4.3957 seconds=43.5
Epoch 2258/5000: score=16.393069 loss=-0.443889 valid=1.0000 routes=14.783 grad=4.1653 seconds=42.7
Epoch 2259/5000: score=17.463792 loss=-0.473703 valid=1.0000 routes=15.342 grad=4.3624 seconds=42.9
Epoch 2260/5000: score=17.046985 loss=-0.471420 valid=1.0000 routes=14.928 grad=4.5763 seconds=42.5
Epoch 2261/5000: score=16.982857 loss=-0.458722 valid=1.0000 routes=14.933 grad=4.3056 seconds=42.9
Epoch 2262/5000: score=16.189742 loss=-0.415390 valid=1.0000 routes=13.436 grad=3.8067 seconds=42.5
Epoch 2263/5000: score=17.490107 loss=-0.461874 valid=1.0000 routes=14.132 grad=4.2764 seconds=42.8
Epoch 2264/5000: score=16.869516 loss=-0.441713 valid=1.0000 routes=14.241 grad=4.0944 seconds=42.9
Epoch 2265/5000: score=16.449370 loss=-0.413465 valid=1.0000 routes=13.921 grad=3.7046 seconds=42.7
Epoch 2266/5000: score=16.753801 loss=-0.427289 valid=1.0000 routes=13.864 grad=3.9686 seconds=43.2
Epoch 2267/5000: score=17.857134 loss=-0.460499 valid=1.0000 routes=14.561 grad=4.3593 seconds=42.9
Epoch 2268/5000: score=16.934351 loss=-0.421230 valid=1.0000 routes=13.111 grad=3.7847 seconds=43.1
Epoch 2269/5000: score=17.507220 loss=-0.458477 valid=1.0000 routes=14.397 grad=4.4044 seconds=42.7
Epoch 2270/5000: score=17.299909 loss=-0.475009 valid=1.0000 routes=14.293 grad=4.5039 seconds=42.7
Epoch 2271/5000: score=16.738550 loss=-0.444277 valid=1.0000 routes=14.501 grad=4.0908 seconds=42.8
Epoch 2272/5000: score=15.955450 loss=-0.415727 valid=1.0000 routes=13.923 grad=3.5639 seconds=42.5
Epoch 2273/5000: score=16.678757 loss=-0.436965 valid=1.0000 routes=14.120 grad=4.0129 seconds=43.0
Epoch 2274/5000: score=18.272908 loss=-0.500240 valid=1.0000 routes=15.171 grad=4.8159 seconds=42.6
Epoch 2275/5000: score=17.117084 loss=-0.444601 valid=1.0000 routes=14.669 grad=4.1599 seconds=42.7
Epoch 2276/5000: score=17.628190 loss=-0.477803 valid=1.0000 routes=15.120 grad=4.5132 seconds=42.7
Epoch 2277/5000: score=15.986694 loss=-0.411587 valid=1.0000 routes=13.357 grad=3.5634 seconds=42.8
Epoch 2278/5000: score=17.375434 loss=-0.454271 valid=1.0000 routes=15.641 grad=4.5340 seconds=43.5
Epoch 2279/5000: score=16.717472 loss=-0.423585 valid=1.0000 routes=13.471 grad=3.7723 seconds=43.0
Epoch 2280/5000: score=17.547307 loss=-0.439569 valid=1.0000 routes=14.085 grad=4.1849 seconds=43.6
Epoch 2281/5000: score=17.437823 loss=-0.477416 valid=1.0000 routes=15.006 grad=4.9078 seconds=43.3
Epoch 2282/5000: score=18.234120 loss=-0.492070 valid=1.0000 routes=15.248 grad=4.7526 seconds=43.3
Epoch 2283/5000: score=16.963002 loss=-0.427902 valid=1.0000 routes=14.709 grad=3.8290 seconds=43.2
Epoch 2284/5000: score=16.698974 loss=-0.441995 valid=1.0000 routes=14.959 grad=4.0675 seconds=42.8
>> Invalid instances, Re-generating ...
Epoch 2285/5000: score=16.800711 loss=-0.457921 valid=1.0000 routes=14.419 grad=4.1458 seconds=43.3
Epoch 2286/5000: score=17.545283 loss=-0.459674 valid=1.0000 routes=14.377 grad=4.5227 seconds=43.2
Epoch 2287/5000: score=17.034226 loss=-0.439775 valid=1.0000 routes=14.575 grad=4.0871 seconds=43.4
Epoch 2288/5000: score=17.520684 loss=-0.435986 valid=1.0000 routes=14.271 grad=4.1338 seconds=43.4
Epoch 2289/5000: score=16.027378 loss=-0.429309 valid=1.0000 routes=13.876 grad=3.8575 seconds=43.2
Epoch 2290/5000: score=17.349011 loss=-0.428889 valid=1.0000 routes=13.969 grad=4.0598 seconds=43.3
Epoch 2291/5000: score=17.347305 loss=-0.460758 valid=1.0000 routes=15.327 grad=4.3683 seconds=43.2
Epoch 2292/5000: score=16.779220 loss=-0.443006 valid=1.0000 routes=15.061 grad=4.1154 seconds=43.4
Epoch 2293/5000: score=16.913043 loss=-0.425265 valid=1.0000 routes=13.705 grad=3.9577 seconds=43.2
Epoch 2294/5000: score=17.338783 loss=-0.422964 valid=1.0000 routes=13.818 grad=4.0367 seconds=43.1
Epoch 2295/5000: score=16.957203 loss=-0.440278 valid=1.0000 routes=14.088 grad=4.0186 seconds=43.1
Epoch 2296/5000: score=16.710579 loss=-0.446909 valid=1.0000 routes=13.748 grad=4.3360 seconds=43.2
Epoch 2297/5000: score=16.352519 loss=-0.421870 valid=1.0000 routes=13.947 grad=3.9569 seconds=43.2
Epoch 2298/5000: score=16.622071 loss=-0.437310 valid=1.0000 routes=14.380 grad=3.9742 seconds=43.0
Epoch 2299/5000: score=16.523657 loss=-0.425188 valid=1.0000 routes=14.129 grad=3.8151 seconds=43.0
Epoch 2300/5000: score=17.122245 loss=-0.439625 valid=1.0000 routes=14.055 grad=4.2607 seconds=43.3
Epoch 2301/5000: score=17.496082 loss=-0.480458 valid=1.0000 routes=15.542 grad=4.5593 seconds=43.2
Epoch 2302/5000: score=16.851103 loss=-0.434430 valid=1.0000 routes=14.762 grad=4.1724 seconds=43.6
Epoch 2303/5000: score=17.038429 loss=-0.446449 valid=1.0000 routes=14.309 grad=4.1718 seconds=43.4
Epoch 2304/5000: score=17.252604 loss=-0.464976 valid=1.0000 routes=15.810 grad=4.5399 seconds=43.4
Epoch 2305/5000: score=16.972498 loss=-0.444377 valid=1.0000 routes=14.793 grad=4.0598 seconds=43.4
Epoch 2306/5000: score=17.382372 loss=-0.430468 valid=1.0000 routes=14.525 grad=4.0261 seconds=42.9
Epoch 2307/5000: score=17.791889 loss=-0.477702 valid=1.0000 routes=14.974 grad=4.6667 seconds=43.1
Epoch 2308/5000: score=16.608656 loss=-0.440727 valid=1.0000 routes=14.219 grad=4.1288 seconds=42.9
Epoch 2309/5000: score=16.649647 loss=-0.414906 valid=1.0000 routes=13.267 grad=3.8638 seconds=43.1
Epoch 2310/5000: score=16.744814 loss=-0.454273 valid=1.0000 routes=14.889 grad=4.3525 seconds=43.2
Epoch 2311/5000: score=17.028378 loss=-0.462705 valid=1.0000 routes=15.474 grad=4.4264 seconds=42.9
Epoch 2312/5000: score=17.492117 loss=-0.458315 valid=1.0000 routes=14.424 grad=4.1628 seconds=43.1
Epoch 2313/5000: score=17.609896 loss=-0.479439 valid=1.0000 routes=14.417 grad=4.5155 seconds=43.8
Epoch 2314/5000: score=16.178640 loss=-0.417575 valid=1.0000 routes=13.407 grad=3.5228 seconds=43.8
Epoch 2315/5000: score=17.059543 loss=-0.442041 valid=1.0000 routes=14.683 grad=4.0435 seconds=43.8
Epoch 2316/5000: score=18.123270 loss=-0.466984 valid=1.0000 routes=14.374 grad=4.6127 seconds=43.0
Epoch 2317/5000: score=17.051633 loss=-0.432770 valid=1.0000 routes=14.241 grad=4.0218 seconds=43.3
Epoch 2318/5000: score=17.391263 loss=-0.455849 valid=1.0000 routes=15.154 grad=4.3382 seconds=43.2
Epoch 2319/5000: score=17.504849 loss=-0.442567 valid=1.0000 routes=14.708 grad=4.3774 seconds=43.2
Epoch 2320/5000: score=17.265794 loss=-0.461524 valid=1.0000 routes=14.166 grad=4.5310 seconds=43.4
Epoch 2321/5000: score=15.713682 loss=-0.418471 valid=1.0000 routes=13.709 grad=3.6800 seconds=43.2
Epoch 2322/5000: score=17.614680 loss=-0.457755 valid=1.0000 routes=14.908 grad=4.3779 seconds=43.4
Epoch 2323/5000: score=16.313276 loss=-0.447850 valid=1.0000 routes=14.842 grad=4.0816 seconds=43.2
Epoch 2324/5000: score=18.094305 loss=-0.458358 valid=1.0000 routes=13.563 grad=4.6839 seconds=44.0
Epoch 2325/5000: score=16.930826 loss=-0.445716 valid=1.0000 routes=14.050 grad=4.4369 seconds=42.8
Epoch 2326/5000: score=16.988271 loss=-0.445790 valid=1.0000 routes=13.857 grad=4.1059 seconds=43.3
Epoch 2327/5000: score=16.729831 loss=-0.435160 valid=1.0000 routes=14.279 grad=3.9473 seconds=42.9
Epoch 2328/5000: score=17.382679 loss=-0.440154 valid=1.0000 routes=14.768 grad=4.3686 seconds=42.7
Epoch 2329/5000: score=16.746141 loss=-0.432035 valid=1.0000 routes=13.992 grad=3.9610 seconds=42.8
Epoch 2330/5000: score=16.477127 loss=-0.417039 valid=1.0000 routes=14.252 grad=3.8286 seconds=42.7
Epoch 2331/5000: score=16.937570 loss=-0.433514 valid=1.0000 routes=13.793 grad=4.0168 seconds=43.1
Epoch 2332/5000: score=16.979492 loss=-0.451603 valid=1.0000 routes=14.823 grad=4.1990 seconds=43.1
Epoch 2333/5000: score=16.805998 loss=-0.457146 valid=1.0000 routes=14.622 grad=4.2658 seconds=43.0
Epoch 2334/5000: score=16.923321 loss=-0.450262 valid=1.0000 routes=14.669 grad=4.1244 seconds=43.0
Epoch 2335/5000: score=16.807053 loss=-0.437506 valid=1.0000 routes=14.369 grad=3.9750 seconds=42.8
Epoch 2336/5000: score=16.521313 loss=-0.385071 valid=1.0000 routes=13.479 grad=3.5563 seconds=43.8
Epoch 2337/5000: score=17.882938 loss=-0.471060 valid=1.0000 routes=15.337 grad=4.5493 seconds=43.4
Epoch 2338/5000: score=17.323475 loss=-0.425289 valid=1.0000 routes=13.947 grad=4.0543 seconds=43.3
Epoch 2339/5000: score=16.605640 loss=-0.433802 valid=1.0000 routes=14.373 grad=3.9231 seconds=43.2
Epoch 2340/5000: score=15.722167 loss=-0.424082 valid=1.0000 routes=13.975 grad=3.5900 seconds=43.1
Epoch 2341/5000: score=15.902561 loss=-0.398961 valid=1.0000 routes=13.040 grad=3.4748 seconds=43.4
Epoch 2342/5000: score=17.840708 loss=-0.457592 valid=1.0000 routes=15.009 grad=4.7912 seconds=43.1
Epoch 2343/5000: score=16.535778 loss=-0.436118 valid=1.0000 routes=14.527 grad=4.0419 seconds=43.4
Epoch 2344/5000: score=17.195990 loss=-0.461694 valid=1.0000 routes=14.546 grad=4.5193 seconds=43.3
Epoch 2345/5000: score=16.055161 loss=-0.412700 valid=1.0000 routes=13.457 grad=3.8100 seconds=43.1
Epoch 2346/5000: score=16.466313 loss=-0.412081 valid=1.0000 routes=13.510 grad=3.7092 seconds=43.3
Epoch 2347/5000: score=17.285200 loss=-0.425062 valid=1.0000 routes=13.576 grad=4.1371 seconds=43.4
Epoch 2348/5000: score=15.144490 loss=-0.413990 valid=1.0000 routes=13.558 grad=3.6612 seconds=43.2
Epoch 2349/5000: score=16.290870 loss=-0.420711 valid=1.0000 routes=13.372 grad=3.8870 seconds=44.1
Epoch 2350/5000: score=17.981316 loss=-0.483355 valid=1.0000 routes=14.820 grad=4.8825 seconds=43.3
Epoch 2351/5000: score=17.789248 loss=-0.463403 valid=1.0000 routes=14.206 grad=4.4809 seconds=43.8
Epoch 2352/5000: score=16.736289 loss=-0.444788 valid=1.0000 routes=14.150 grad=4.0211 seconds=43.4
Epoch 2353/5000: score=17.623306 loss=-0.477262 valid=1.0000 routes=15.323 grad=4.6575 seconds=43.9
Epoch 2354/5000: score=16.243942 loss=-0.396124 valid=1.0000 routes=12.446 grad=3.4156 seconds=43.5
Epoch 2355/5000: score=17.003248 loss=-0.444828 valid=1.0000 routes=14.354 grad=4.2299 seconds=43.6
Epoch 2356/5000: score=18.071271 loss=-0.464619 valid=1.0000 routes=14.338 grad=4.9712 seconds=43.5
Epoch 2357/5000: score=16.810179 loss=-0.438063 valid=1.0000 routes=14.216 grad=4.1670 seconds=43.2
Epoch 2358/5000: score=16.886263 loss=-0.457585 valid=1.0000 routes=15.288 grad=4.3844 seconds=43.1
Epoch 2359/5000: score=18.119397 loss=-0.471477 valid=1.0000 routes=15.223 grad=4.6132 seconds=43.4
Epoch 2360/5000: score=17.541781 loss=-0.456349 valid=1.0000 routes=15.187 grad=4.5578 seconds=44.6
Epoch 2361/5000: score=17.651765 loss=-0.444011 valid=1.0000 routes=14.203 grad=4.3692 seconds=43.6
Epoch 2362/5000: score=17.238428 loss=-0.437571 valid=1.0000 routes=14.500 grad=4.1399 seconds=43.1
Epoch 2363/5000: score=17.791400 loss=-0.458572 valid=1.0000 routes=14.718 grad=4.4296 seconds=43.3
Epoch 2364/5000: score=16.876886 loss=-0.448667 valid=1.0000 routes=14.571 grad=4.2156 seconds=43.4
Epoch 2365/5000: score=17.266425 loss=-0.435942 valid=1.0000 routes=14.190 grad=4.1326 seconds=43.4
Epoch 2366/5000: score=18.100500 loss=-0.480821 valid=1.0000 routes=15.152 grad=4.7308 seconds=43.4
Epoch 2367/5000: score=15.956921 loss=-0.439341 valid=1.0000 routes=14.268 grad=3.9485 seconds=43.1
Epoch 2368/5000: score=16.854602 loss=-0.433484 valid=1.0000 routes=14.736 grad=3.9306 seconds=43.1
Epoch 2369/5000: score=17.181197 loss=-0.426900 valid=1.0000 routes=14.043 grad=4.0218 seconds=43.2
Epoch 2370/5000: score=16.585429 loss=-0.436894 valid=1.0000 routes=14.727 grad=3.9982 seconds=44.2
Epoch 2371/5000: score=16.844642 loss=-0.419045 valid=1.0000 routes=13.536 grad=3.9836 seconds=43.3
Epoch 2372/5000: score=17.020170 loss=-0.424038 valid=1.0000 routes=14.532 grad=4.0309 seconds=44.2
Epoch 2373/5000: score=17.664890 loss=-0.465689 valid=1.0000 routes=14.390 grad=4.9427 seconds=43.2
Epoch 2374/5000: score=16.426320 loss=-0.406652 valid=1.0000 routes=13.036 grad=3.7064 seconds=43.2
Epoch 2375/5000: score=16.343067 loss=-0.416519 valid=1.0000 routes=13.402 grad=3.7912 seconds=43.3
>> Invalid instances, Re-generating ...
Epoch 2376/5000: score=17.312179 loss=-0.449994 valid=1.0000 routes=14.855 grad=4.3364 seconds=43.1
Epoch 2377/5000: score=17.030537 loss=-0.452798 valid=1.0000 routes=14.066 grad=4.2142 seconds=43.2
Epoch 2378/5000: score=18.314650 loss=-0.489801 valid=1.0000 routes=15.598 grad=4.7349 seconds=43.0
Epoch 2379/5000: score=17.944172 loss=-0.461733 valid=1.0000 routes=15.016 grad=4.6527 seconds=43.1
Epoch 2380/5000: score=17.133772 loss=-0.441119 valid=1.0000 routes=14.428 grad=4.1124 seconds=43.2
Epoch 2381/5000: score=17.941097 loss=-0.458301 valid=1.0000 routes=14.951 grad=4.6264 seconds=43.5
Epoch 2382/5000: score=17.511841 loss=-0.460703 valid=1.0000 routes=15.166 grad=4.5406 seconds=43.5
Epoch 2383/5000: score=17.940836 loss=-0.474701 valid=1.0000 routes=15.804 grad=4.6923 seconds=43.6
Epoch 2384/5000: score=17.976525 loss=-0.483234 valid=1.0000 routes=15.102 grad=4.9036 seconds=43.2
Epoch 2385/5000: score=17.222316 loss=-0.460359 valid=1.0000 routes=14.625 grad=4.5458 seconds=43.2
Epoch 2386/5000: score=17.014010 loss=-0.436870 valid=1.0000 routes=14.585 grad=4.0705 seconds=42.9
Epoch 2387/5000: score=16.522467 loss=-0.420212 valid=1.0000 routes=13.939 grad=3.8057 seconds=43.2
Epoch 2388/5000: score=16.569033 loss=-0.413079 valid=1.0000 routes=12.956 grad=3.8519 seconds=43.2
Epoch 2389/5000: score=16.466556 loss=-0.412759 valid=1.0000 routes=13.105 grad=3.8388 seconds=43.2
Epoch 2390/5000: score=17.053129 loss=-0.434744 valid=1.0000 routes=13.918 grad=4.1060 seconds=43.1
Epoch 2391/5000: score=17.909196 loss=-0.466821 valid=1.0000 routes=13.756 grad=4.6804 seconds=43.2
Epoch 2392/5000: score=17.638650 loss=-0.464090 valid=1.0000 routes=14.916 grad=4.5772 seconds=43.3
Epoch 2393/5000: score=16.782650 loss=-0.425291 valid=1.0000 routes=14.069 grad=3.9202 seconds=43.3
Epoch 2394/5000: score=17.023061 loss=-0.425554 valid=1.0000 routes=14.141 grad=3.8847 seconds=43.2
Epoch 2395/5000: score=17.334301 loss=-0.437864 valid=1.0000 routes=14.682 grad=4.3473 seconds=43.4
Epoch 2396/5000: score=17.333919 loss=-0.439392 valid=1.0000 routes=13.809 grad=4.1721 seconds=43.2
Epoch 2397/5000: score=17.673616 loss=-0.438569 valid=1.0000 routes=14.604 grad=4.3447 seconds=43.9
Epoch 2398/5000: score=16.758248 loss=-0.420716 valid=1.0000 routes=14.226 grad=3.9052 seconds=43.7
Epoch 2399/5000: score=17.514331 loss=-0.444011 valid=1.0000 routes=14.829 grad=4.3465 seconds=44.2
Epoch 2400/5000: score=16.237446 loss=-0.431574 valid=1.0000 routes=14.524 grad=3.9702 seconds=44.2
Epoch 2401/5000: score=18.186339 loss=-0.461469 valid=1.0000 routes=15.392 grad=4.4917 seconds=43.8
Epoch 2402/5000: score=16.925797 loss=-0.441594 valid=1.0000 routes=13.954 grad=4.0025 seconds=44.0
Epoch 2403/5000: score=17.075658 loss=-0.455132 valid=1.0000 routes=14.406 grad=4.4883 seconds=43.9
Epoch 2404/5000: score=18.366248 loss=-0.479685 valid=1.0000 routes=15.068 grad=4.6950 seconds=44.3
Epoch 2405/5000: score=17.829969 loss=-0.463010 valid=1.0000 routes=14.710 grad=4.6874 seconds=44.2
Epoch 2406/5000: score=17.321530 loss=-0.455993 valid=1.0000 routes=14.726 grad=4.4521 seconds=45.1
Epoch 2407/5000: score=17.125352 loss=-0.418955 valid=1.0000 routes=14.283 grad=3.9288 seconds=44.8
Epoch 2408/5000: score=17.125722 loss=-0.452594 valid=1.0000 routes=14.350 grad=4.3524 seconds=44.2
Epoch 2409/5000: score=17.586580 loss=-0.436072 valid=1.0000 routes=13.794 grad=4.1105 seconds=43.9
Epoch 2410/5000: score=16.585028 loss=-0.418359 valid=1.0000 routes=14.358 grad=4.0485 seconds=43.8
Epoch 2411/5000: score=17.555975 loss=-0.447525 valid=1.0000 routes=14.164 grad=4.4676 seconds=43.7
Epoch 2412/5000: score=16.778072 loss=-0.445946 valid=1.0000 routes=14.974 grad=4.2401 seconds=43.5
Epoch 2413/5000: score=16.736613 loss=-0.394870 valid=1.0000 routes=13.221 grad=3.5852 seconds=43.4
Epoch 2414/5000: score=18.323684 loss=-0.469354 valid=1.0000 routes=14.478 grad=4.5923 seconds=43.4
Epoch 2415/5000: score=17.055149 loss=-0.432113 valid=1.0000 routes=14.477 grad=4.1082 seconds=44.7
Epoch 2416/5000: score=18.129792 loss=-0.466149 valid=1.0000 routes=13.978 grad=4.8639 seconds=43.9
Epoch 2417/5000: score=17.019241 loss=-0.417812 valid=1.0000 routes=14.242 grad=4.0313 seconds=43.0
Epoch 2418/5000: score=17.064779 loss=-0.452531 valid=1.0000 routes=15.003 grad=4.3183 seconds=42.7
Epoch 2419/5000: score=16.668175 loss=-0.422567 valid=1.0000 routes=14.105 grad=3.9981 seconds=42.9
Epoch 2420/5000: score=18.188692 loss=-0.457205 valid=1.0000 routes=14.583 grad=4.7257 seconds=42.9
Epoch 2421/5000: score=17.678221 loss=-0.437599 valid=1.0000 routes=14.198 grad=4.2904 seconds=42.8
Epoch 2422/5000: score=17.970659 loss=-0.480179 valid=1.0000 routes=14.440 grad=4.8815 seconds=42.8
Epoch 2423/5000: score=16.083399 loss=-0.440481 valid=1.0000 routes=14.001 grad=4.1155 seconds=42.6
Epoch 2424/5000: score=16.985194 loss=-0.423438 valid=1.0000 routes=14.092 grad=4.0567 seconds=42.8
Epoch 2425/5000: score=16.861739 loss=-0.415001 valid=1.0000 routes=13.438 grad=3.8951 seconds=42.9
Epoch 2426/5000: score=18.089158 loss=-0.448745 valid=1.0000 routes=15.740 grad=4.5432 seconds=42.6
Epoch 2427/5000: score=16.884812 loss=-0.436278 valid=1.0000 routes=15.131 grad=4.1509 seconds=43.1
Epoch 2428/5000: score=16.854431 loss=-0.412162 valid=1.0000 routes=14.218 grad=3.9776 seconds=42.8
Epoch 2429/5000: score=16.250270 loss=-0.423130 valid=1.0000 routes=14.554 grad=4.1020 seconds=44.3
Epoch 2430/5000: score=16.216465 loss=-0.409518 valid=1.0000 routes=13.308 grad=3.7794 seconds=43.1
Epoch 2431/5000: score=17.555579 loss=-0.467180 valid=1.0000 routes=14.064 grad=4.4908 seconds=43.2
Epoch 2432/5000: score=17.495739 loss=-0.470628 valid=1.0000 routes=14.960 grad=4.4857 seconds=43.0
Epoch 2433/5000: score=16.653088 loss=-0.418259 valid=1.0000 routes=14.173 grad=4.0275 seconds=42.9
Epoch 2434/5000: score=17.115196 loss=-0.443921 valid=1.0000 routes=14.120 grad=4.1101 seconds=43.1
Epoch 2435/5000: score=18.054596 loss=-0.488562 valid=1.0000 routes=14.747 grad=4.7556 seconds=42.9
Epoch 2436/5000: score=16.589312 loss=-0.432082 valid=1.0000 routes=14.649 grad=4.0268 seconds=42.9
Epoch 2437/5000: score=18.065286 loss=-0.448576 valid=1.0000 routes=14.397 grad=4.6058 seconds=42.9
Epoch 2438/5000: score=17.257836 loss=-0.450492 valid=1.0000 routes=15.249 grad=4.3529 seconds=43.1
Epoch 2439/5000: score=17.372564 loss=-0.460016 valid=1.0000 routes=15.426 grad=4.4850 seconds=44.1
Epoch 2440/5000: score=17.862380 loss=-0.456752 valid=1.0000 routes=14.319 grad=4.6049 seconds=43.2
Epoch 2441/5000: score=17.175989 loss=-0.431760 valid=1.0000 routes=14.347 grad=4.1881 seconds=43.5
Epoch 2442/5000: score=16.652505 loss=-0.426459 valid=1.0000 routes=14.322 grad=3.8120 seconds=42.9
Epoch 2443/5000: score=18.845653 loss=-0.484853 valid=1.0000 routes=15.163 grad=5.0124 seconds=43.3
Epoch 2444/5000: score=16.277923 loss=-0.421719 valid=1.0000 routes=14.111 grad=3.9148 seconds=43.3
Epoch 2445/5000: score=17.597126 loss=-0.450037 valid=1.0000 routes=14.991 grad=4.2982 seconds=43.4
Epoch 2446/5000: score=16.338768 loss=-0.429964 valid=1.0000 routes=13.938 grad=4.2985 seconds=43.3
Epoch 2447/5000: score=15.359467 loss=-0.396335 valid=1.0000 routes=13.829 grad=3.6766 seconds=42.9
Epoch 2448/5000: score=16.143530 loss=-0.391226 valid=1.0000 routes=13.262 grad=3.4627 seconds=43.2
Epoch 2449/5000: score=17.756785 loss=-0.464311 valid=1.0000 routes=14.932 grad=4.6733 seconds=43.5
Epoch 2450/5000: score=18.143652 loss=-0.467652 valid=1.0000 routes=15.212 grad=4.6967 seconds=43.2
Epoch 2451/5000: score=15.394106 loss=-0.376772 valid=1.0000 routes=13.011 grad=3.2451 seconds=42.9
Epoch 2452/5000: score=16.341376 loss=-0.419300 valid=1.0000 routes=14.760 grad=3.8377 seconds=43.0
Epoch 2453/5000: score=16.705322 loss=-0.450500 valid=1.0000 routes=14.889 grad=4.2705 seconds=43.1
Epoch 2454/5000: score=17.348540 loss=-0.439392 valid=1.0000 routes=13.380 grad=4.4927 seconds=43.1
Epoch 2455/5000: score=17.669043 loss=-0.455927 valid=1.0000 routes=14.982 grad=4.5657 seconds=42.7
Epoch 2456/5000: score=17.409688 loss=-0.450514 valid=1.0000 routes=14.552 grad=4.3848 seconds=42.7
Epoch 2457/5000: score=17.867014 loss=-0.457410 valid=1.0000 routes=14.675 grad=4.4071 seconds=42.8
Epoch 2458/5000: score=16.492074 loss=-0.410448 valid=1.0000 routes=13.645 grad=3.8424 seconds=43.0
Epoch 2459/5000: score=16.666690 loss=-0.429697 valid=1.0000 routes=14.401 grad=3.9398 seconds=42.8
Epoch 2460/5000: score=15.673795 loss=-0.389072 valid=1.0000 routes=13.626 grad=3.4503 seconds=42.9
Epoch 2461/5000: score=17.625238 loss=-0.458869 valid=1.0000 routes=14.071 grad=4.5237 seconds=42.8
Epoch 2462/5000: score=16.449688 loss=-0.421357 valid=1.0000 routes=14.153 grad=4.0237 seconds=43.1
Epoch 2463/5000: score=16.176276 loss=-0.401302 valid=1.0000 routes=13.514 grad=3.5737 seconds=43.3
Epoch 2464/5000: score=17.524035 loss=-0.463884 valid=1.0000 routes=15.987 grad=4.6032 seconds=43.3
Epoch 2465/5000: score=17.442562 loss=-0.465967 valid=1.0000 routes=14.581 grad=4.4458 seconds=43.1
Epoch 2466/5000: score=16.774142 loss=-0.435528 valid=1.0000 routes=14.269 grad=4.0825 seconds=43.1
Epoch 2467/5000: score=17.778895 loss=-0.457871 valid=1.0000 routes=14.004 grad=4.4337 seconds=43.0
Epoch 2468/5000: score=16.740734 loss=-0.430563 valid=1.0000 routes=13.444 grad=3.9653 seconds=43.3
Epoch 2469/5000: score=17.279882 loss=-0.438732 valid=1.0000 routes=14.266 grad=4.3224 seconds=43.0
Epoch 2470/5000: score=16.245813 loss=-0.389159 valid=1.0000 routes=13.330 grad=3.5834 seconds=42.9
Epoch 2471/5000: score=17.746443 loss=-0.452241 valid=1.0000 routes=14.851 grad=4.5524 seconds=43.0
Epoch 2472/5000: score=16.142735 loss=-0.413611 valid=1.0000 routes=13.956 grad=3.7804 seconds=43.0
Epoch 2473/5000: score=17.155328 loss=-0.436212 valid=1.0000 routes=14.179 grad=4.2488 seconds=43.2
Epoch 2474/5000: score=18.195143 loss=-0.472250 valid=1.0000 routes=15.272 grad=4.7657 seconds=43.5
Epoch 2475/5000: score=17.357679 loss=-0.443614 valid=1.0000 routes=14.576 grad=4.1512 seconds=43.5
Epoch 2476/5000: score=16.664237 loss=-0.426631 valid=1.0000 routes=14.026 grad=3.9597 seconds=43.3
Epoch 2477/5000: score=17.061419 loss=-0.440167 valid=1.0000 routes=14.503 grad=4.3752 seconds=43.4
Epoch 2478/5000: score=16.585994 loss=-0.422626 valid=1.0000 routes=13.975 grad=3.8953 seconds=43.5
Epoch 2479/5000: score=16.356932 loss=-0.429016 valid=1.0000 routes=14.130 grad=3.8891 seconds=43.2
Epoch 2480/5000: score=16.924810 loss=-0.427934 valid=1.0000 routes=15.009 grad=4.1369 seconds=43.4
Epoch 2481/5000: score=16.112666 loss=-0.400419 valid=1.0000 routes=13.996 grad=3.6149 seconds=42.9
Epoch 2482/5000: score=17.010690 loss=-0.437979 valid=1.0000 routes=15.315 grad=4.2132 seconds=43.4
Epoch 2483/5000: score=16.359396 loss=-0.409385 valid=1.0000 routes=13.657 grad=3.9049 seconds=43.4
Epoch 2484/5000: score=17.923344 loss=-0.458621 valid=1.0000 routes=14.771 grad=4.4547 seconds=43.0
Epoch 2485/5000: score=17.343188 loss=-0.434891 valid=1.0000 routes=14.015 grad=4.1044 seconds=43.7
Epoch 2486/5000: score=18.386132 loss=-0.448139 valid=1.0000 routes=14.738 grad=4.5421 seconds=42.7
Epoch 2487/5000: score=17.061649 loss=-0.433945 valid=1.0000 routes=13.988 grad=4.2232 seconds=43.4
Epoch 2488/5000: score=17.185131 loss=-0.437689 valid=1.0000 routes=13.967 grad=4.1777 seconds=42.9
Epoch 2489/5000: score=15.923508 loss=-0.410050 valid=1.0000 routes=13.627 grad=3.8226 seconds=43.0
Epoch 2490/5000: score=18.209518 loss=-0.450602 valid=1.0000 routes=14.718 grad=4.4731 seconds=42.9
Epoch 2491/5000: score=18.023979 loss=-0.454699 valid=1.0000 routes=14.161 grad=4.3539 seconds=42.9
Epoch 2492/5000: score=18.066082 loss=-0.457881 valid=1.0000 routes=14.261 grad=4.6245 seconds=43.3
Epoch 2493/5000: score=16.128347 loss=-0.403357 valid=1.0000 routes=14.013 grad=3.6115 seconds=42.7
Epoch 2494/5000: score=16.831736 loss=-0.438157 valid=1.0000 routes=14.834 grad=4.2312 seconds=43.2
Epoch 2495/5000: score=17.612572 loss=-0.445975 valid=1.0000 routes=14.432 grad=4.2098 seconds=42.9
Epoch 2496/5000: score=17.042288 loss=-0.454799 valid=1.0000 routes=14.447 grad=4.3944 seconds=42.9
Epoch 2497/5000: score=16.791498 loss=-0.450207 valid=1.0000 routes=14.509 grad=4.2405 seconds=43.5
Epoch 2498/5000: score=17.441363 loss=-0.449956 valid=1.0000 routes=14.779 grad=4.5837 seconds=43.0
Epoch 2499/5000: score=16.807890 loss=-0.434006 valid=1.0000 routes=14.456 grad=4.2086 seconds=43.5
Epoch 2500/5000: score=16.837286 loss=-0.406342 valid=1.0000 routes=13.115 grad=3.8126 seconds=43.2
Epoch 2501/5000: score=17.124219 loss=-0.458190 valid=1.0000 routes=14.519 grad=4.3669 seconds=43.1
Epoch 2502/5000: score=17.290892 loss=-0.442999 valid=1.0000 routes=13.915 grad=4.1734 seconds=43.3
Epoch 2503/5000: score=17.357217 loss=-0.442740 valid=1.0000 routes=15.055 grad=4.2848 seconds=43.1
Epoch 2504/5000: score=16.417688 loss=-0.444434 valid=1.0000 routes=14.849 grad=4.1523 seconds=43.4
Epoch 2505/5000: score=17.554779 loss=-0.438147 valid=1.0000 routes=14.993 grad=4.3717 seconds=42.9
Epoch 2506/5000: score=17.850568 loss=-0.442799 valid=1.0000 routes=14.350 grad=4.5559 seconds=43.0
Epoch 2507/5000: score=17.308851 loss=-0.456649 valid=1.0000 routes=14.965 grad=4.4920 seconds=43.1
Epoch 2508/5000: score=16.497647 loss=-0.439630 valid=1.0000 routes=14.744 grad=4.0781 seconds=43.6
Epoch 2509/5000: score=17.084060 loss=-0.436105 valid=1.0000 routes=14.330 grad=4.4216 seconds=43.1
Epoch 2510/5000: score=16.337177 loss=-0.435451 valid=1.0000 routes=13.968 grad=3.9855 seconds=43.6
Epoch 2511/5000: score=17.141584 loss=-0.410887 valid=1.0000 routes=13.848 grad=3.8432 seconds=43.6
Epoch 2512/5000: score=16.072424 loss=-0.431234 valid=1.0000 routes=14.506 grad=3.9531 seconds=43.3
Epoch 2513/5000: score=16.311886 loss=-0.427218 valid=1.0000 routes=13.908 grad=3.9147 seconds=43.3
Epoch 2514/5000: score=17.806589 loss=-0.446640 valid=1.0000 routes=14.807 grad=4.3788 seconds=43.6
Epoch 2515/5000: score=17.782586 loss=-0.457725 valid=1.0000 routes=14.929 grad=4.5747 seconds=43.3
Epoch 2516/5000: score=16.872488 loss=-0.420132 valid=1.0000 routes=14.208 grad=4.0244 seconds=43.5
Epoch 2517/5000: score=16.006188 loss=-0.403352 valid=1.0000 routes=12.874 grad=3.8080 seconds=43.9
Epoch 2518/5000: score=18.229289 loss=-0.469810 valid=1.0000 routes=15.652 grad=4.6801 seconds=43.5
Epoch 2519/5000: score=17.765772 loss=-0.431671 valid=1.0000 routes=13.721 grad=4.4672 seconds=43.6
Epoch 2520/5000: score=17.161286 loss=-0.434785 valid=1.0000 routes=14.843 grad=4.3981 seconds=43.6
Epoch 2521/5000: score=17.898998 loss=-0.472942 valid=1.0000 routes=15.770 grad=4.6678 seconds=44.0
Epoch 2522/5000: score=16.937325 loss=-0.446308 valid=1.0000 routes=14.735 grad=4.1632 seconds=44.9
Epoch 2523/5000: score=18.179033 loss=-0.485433 valid=1.0000 routes=14.978 grad=4.9097 seconds=43.7
Epoch 2524/5000: score=17.536679 loss=-0.474725 valid=1.0000 routes=15.242 grad=4.8733 seconds=43.7
Epoch 2525/5000: score=17.013248 loss=-0.433556 valid=1.0000 routes=13.833 grad=4.1610 seconds=43.5
>> Invalid instances, Re-generating ...
Epoch 2526/5000: score=17.317017 loss=-0.468690 valid=1.0000 routes=15.248 grad=4.5161 seconds=43.7
Epoch 2527/5000: score=16.113316 loss=-0.418364 valid=1.0000 routes=14.420 grad=3.9085 seconds=43.7
Epoch 2528/5000: score=17.068348 loss=-0.414145 valid=1.0000 routes=13.672 grad=4.0670 seconds=43.2
Epoch 2529/5000: score=17.081052 loss=-0.431755 valid=1.0000 routes=14.125 grad=4.1698 seconds=43.2
Epoch 2530/5000: score=16.981391 loss=-0.418845 valid=1.0000 routes=13.657 grad=4.0968 seconds=43.1
>> Invalid instances, Re-generating ...
Epoch 2531/5000: score=16.848388 loss=-0.416862 valid=1.0000 routes=13.859 grad=3.9752 seconds=43.6
Epoch 2532/5000: score=16.278591 loss=-0.407935 valid=1.0000 routes=13.468 grad=3.6666 seconds=43.5
Epoch 2533/5000: score=15.677090 loss=-0.392195 valid=1.0000 routes=13.639 grad=3.4227 seconds=43.9
Epoch 2534/5000: score=17.090785 loss=-0.436552 valid=1.0000 routes=14.396 grad=4.2536 seconds=43.2
Epoch 2535/5000: score=16.930562 loss=-0.422646 valid=1.0000 routes=13.965 grad=3.9137 seconds=43.0
Epoch 2536/5000: score=17.850215 loss=-0.444162 valid=1.0000 routes=14.199 grad=4.3713 seconds=43.5
Epoch 2537/5000: score=16.359775 loss=-0.415988 valid=1.0000 routes=13.673 grad=3.8820 seconds=43.6
Epoch 2538/5000: score=17.012052 loss=-0.434387 valid=1.0000 routes=14.197 grad=4.2331 seconds=42.8
Epoch 2539/5000: score=17.166614 loss=-0.427145 valid=1.0000 routes=13.499 grad=4.0432 seconds=43.5
Epoch 2540/5000: score=17.660098 loss=-0.445705 valid=1.0000 routes=14.641 grad=4.3618 seconds=42.8
Epoch 2541/5000: score=16.809671 loss=-0.416852 valid=1.0000 routes=13.943 grad=3.7770 seconds=43.2
Epoch 2542/5000: score=17.053216 loss=-0.405623 valid=1.0000 routes=13.598 grad=3.9831 seconds=43.4
Epoch 2543/5000: score=16.071212 loss=-0.414876 valid=1.0000 routes=13.731 grad=3.8624 seconds=43.6
Epoch 2544/5000: score=16.791943 loss=-0.432428 valid=1.0000 routes=15.138 grad=4.0881 seconds=43.3
Epoch 2545/5000: score=16.978240 loss=-0.447080 valid=1.0000 routes=14.198 grad=4.4989 seconds=43.2
Epoch 2546/5000: score=17.889150 loss=-0.459163 valid=1.0000 routes=14.736 grad=4.6814 seconds=43.2
Epoch 2547/5000: score=17.565620 loss=-0.432174 valid=1.0000 routes=14.566 grad=4.2912 seconds=42.8
Epoch 2548/5000: score=17.241672 loss=-0.435760 valid=1.0000 routes=14.531 grad=4.0962 seconds=42.8
Epoch 2549/5000: score=17.316751 loss=-0.439478 valid=1.0000 routes=15.144 grad=4.3385 seconds=42.6
Epoch 2550/5000: score=17.398783 loss=-0.454055 valid=1.0000 routes=13.967 grad=4.4726 seconds=42.9
Epoch 2551/5000: score=16.642897 loss=-0.454728 valid=1.0000 routes=15.086 grad=4.2691 seconds=43.0
Epoch 2552/5000: score=16.412606 loss=-0.403796 valid=1.0000 routes=14.194 grad=3.9094 seconds=42.9
Epoch 2553/5000: score=17.578113 loss=-0.437440 valid=1.0000 routes=14.919 grad=4.4103 seconds=43.2
Epoch 2554/5000: score=17.538365 loss=-0.432765 valid=1.0000 routes=14.722 grad=4.3376 seconds=43.2
Epoch 2555/5000: score=16.490708 loss=-0.417799 valid=1.0000 routes=13.496 grad=4.0261 seconds=43.0
Epoch 2556/5000: score=17.030782 loss=-0.443622 valid=1.0000 routes=14.387 grad=4.3318 seconds=44.0
Epoch 2557/5000: score=16.315981 loss=-0.417707 valid=1.0000 routes=13.570 grad=4.1067 seconds=42.9
Epoch 2558/5000: score=17.957758 loss=-0.468136 valid=1.0000 routes=15.332 grad=4.7375 seconds=42.9
Epoch 2559/5000: score=17.137629 loss=-0.422062 valid=1.0000 routes=13.697 grad=4.2616 seconds=42.8
Epoch 2560/5000: score=16.860974 loss=-0.418734 valid=1.0000 routes=14.564 grad=4.1694 seconds=43.1
Epoch 2561/5000: score=16.657977 loss=-0.437955 valid=1.0000 routes=14.375 grad=4.1316 seconds=43.0
Epoch 2562/5000: score=17.869201 loss=-0.455406 valid=1.0000 routes=14.325 grad=4.5675 seconds=42.9
Epoch 2563/5000: score=17.216843 loss=-0.438418 valid=1.0000 routes=14.244 grad=4.1279 seconds=42.7
Epoch 2564/5000: score=15.228243 loss=-0.390766 valid=1.0000 routes=13.066 grad=3.5122 seconds=42.5
Epoch 2565/5000: score=16.886684 loss=-0.410792 valid=1.0000 routes=14.033 grad=4.0690 seconds=43.4
Epoch 2566/5000: score=17.734472 loss=-0.452777 valid=1.0000 routes=14.697 grad=4.4418 seconds=43.1
Epoch 2567/5000: score=16.111021 loss=-0.412607 valid=1.0000 routes=14.516 grad=3.8310 seconds=43.6
Epoch 2568/5000: score=15.983278 loss=-0.432966 valid=1.0000 routes=14.151 grad=4.0051 seconds=42.8
Epoch 2569/5000: score=17.007798 loss=-0.424259 valid=1.0000 routes=14.048 grad=4.0933 seconds=42.5
Epoch 2570/5000: score=16.998477 loss=-0.400240 valid=1.0000 routes=13.951 grad=3.7820 seconds=42.7
Epoch 2571/5000: score=17.117473 loss=-0.421728 valid=1.0000 routes=14.010 grad=3.8854 seconds=42.5
Epoch 2572/5000: score=17.314960 loss=-0.426126 valid=1.0000 routes=13.810 grad=4.1207 seconds=42.7
Epoch 2573/5000: score=16.753488 loss=-0.409365 valid=1.0000 routes=13.806 grad=3.7805 seconds=42.4
Epoch 2574/5000: score=16.721057 loss=-0.420033 valid=1.0000 routes=13.902 grad=4.0178 seconds=42.6
Epoch 2575/5000: score=17.055679 loss=-0.410157 valid=1.0000 routes=13.730 grad=4.0261 seconds=42.9
Epoch 2576/5000: score=16.951980 loss=-0.424948 valid=1.0000 routes=13.492 grad=4.0714 seconds=42.6
Epoch 2577/5000: score=17.100403 loss=-0.443753 valid=1.0000 routes=14.260 grad=4.3289 seconds=43.0
Epoch 2578/5000: score=17.351925 loss=-0.440597 valid=1.0000 routes=15.223 grad=4.2555 seconds=42.7
Epoch 2579/5000: score=16.143553 loss=-0.432898 valid=1.0000 routes=14.851 grad=3.9034 seconds=43.2
Epoch 2580/5000: score=16.671302 loss=-0.432193 valid=1.0000 routes=15.059 grad=4.1379 seconds=42.8
Epoch 2581/5000: score=17.459007 loss=-0.477703 valid=1.0000 routes=15.133 grad=4.7452 seconds=42.6
Epoch 2582/5000: score=17.695148 loss=-0.433217 valid=1.0000 routes=14.276 grad=4.2998 seconds=42.7
Epoch 2583/5000: score=15.964847 loss=-0.396902 valid=1.0000 routes=13.564 grad=3.5898 seconds=42.3
Epoch 2584/5000: score=17.405124 loss=-0.417003 valid=1.0000 routes=13.705 grad=4.4507 seconds=42.7
Epoch 2585/5000: score=17.542443 loss=-0.464838 valid=1.0000 routes=15.533 grad=4.5674 seconds=42.9
Epoch 2586/5000: score=16.520961 loss=-0.432549 valid=1.0000 routes=14.278 grad=4.3107 seconds=42.6
Epoch 2587/5000: score=16.779686 loss=-0.420573 valid=1.0000 routes=13.526 grad=3.9378 seconds=42.7
Epoch 2588/5000: score=16.699001 loss=-0.409579 valid=1.0000 routes=13.984 grad=3.8841 seconds=42.2
Epoch 2589/5000: score=16.356770 loss=-0.405560 valid=1.0000 routes=13.472 grad=3.8157 seconds=43.1
Epoch 2590/5000: score=16.837963 loss=-0.414439 valid=1.0000 routes=14.206 grad=3.9886 seconds=42.7
Epoch 2591/5000: score=18.045644 loss=-0.443311 valid=1.0000 routes=14.384 grad=4.7198 seconds=42.6
Epoch 2592/5000: score=16.549278 loss=-0.416876 valid=1.0000 routes=13.168 grad=3.9284 seconds=43.0
Epoch 2593/5000: score=17.287132 loss=-0.435078 valid=1.0000 routes=15.068 grad=4.3145 seconds=42.2
Epoch 2594/5000: score=16.561996 loss=-0.422734 valid=1.0000 routes=13.734 grad=3.9609 seconds=42.9
Epoch 2595/5000: score=16.217774 loss=-0.410739 valid=1.0000 routes=13.297 grad=3.7710 seconds=42.7
Epoch 2596/5000: score=17.165399 loss=-0.429822 valid=1.0000 routes=14.233 grad=4.2761 seconds=42.8
Epoch 2597/5000: score=17.130152 loss=-0.443595 valid=1.0000 routes=15.240 grad=4.4596 seconds=42.7
Epoch 2598/5000: score=16.690081 loss=-0.413926 valid=1.0000 routes=13.987 grad=4.1726 seconds=42.7
Epoch 2599/5000: score=17.765556 loss=-0.434260 valid=1.0000 routes=14.140 grad=4.3247 seconds=42.8
Epoch 2600/5000: score=16.884359 loss=-0.433174 valid=1.0000 routes=14.192 grad=4.1811 seconds=42.7
Epoch 2601/5000: score=16.629356 loss=-0.406228 valid=1.0000 routes=13.578 grad=3.9565 seconds=43.1
Epoch 2602/5000: score=17.647174 loss=-0.457579 valid=1.0000 routes=14.965 grad=4.5114 seconds=42.9
Epoch 2603/5000: score=17.410233 loss=-0.446026 valid=1.0000 routes=15.152 grad=4.6331 seconds=43.1
Epoch 2604/5000: score=16.377654 loss=-0.390407 valid=1.0000 routes=13.216 grad=3.7292 seconds=42.9
Epoch 2605/5000: score=16.511026 loss=-0.417871 valid=1.0000 routes=13.345 grad=3.8976 seconds=42.6
Epoch 2606/5000: score=17.182797 loss=-0.438779 valid=1.0000 routes=15.246 grad=4.2174 seconds=43.1
Epoch 2607/5000: score=16.554593 loss=-0.411198 valid=1.0000 routes=13.965 grad=4.0999 seconds=42.7
Epoch 2608/5000: score=15.974273 loss=-0.417221 valid=1.0000 routes=13.914 grad=3.9382 seconds=43.0
Epoch 2609/5000: score=16.745662 loss=-0.410197 valid=1.0000 routes=14.231 grad=3.7532 seconds=42.6
Epoch 2610/5000: score=16.427708 loss=-0.420493 valid=1.0000 routes=14.293 grad=4.0682 seconds=42.9
Epoch 2611/5000: score=15.889751 loss=-0.417265 valid=1.0000 routes=13.720 grad=3.7771 seconds=43.1
Epoch 2612/5000: score=17.953916 loss=-0.449782 valid=1.0000 routes=14.811 grad=4.5653 seconds=42.9
Epoch 2613/5000: score=17.079503 loss=-0.412157 valid=1.0000 routes=13.585 grad=3.9428 seconds=43.1
Epoch 2614/5000: score=17.333473 loss=-0.427674 valid=1.0000 routes=13.679 grad=4.1037 seconds=43.2
Epoch 2615/5000: score=18.367107 loss=-0.447030 valid=1.0000 routes=14.739 grad=4.6620 seconds=42.9
Epoch 2616/5000: score=16.776627 loss=-0.421597 valid=1.0000 routes=14.236 grad=4.0486 seconds=43.1
Epoch 2617/5000: score=17.168110 loss=-0.441709 valid=1.0000 routes=14.781 grad=4.5445 seconds=42.6
Epoch 2618/5000: score=16.471877 loss=-0.421008 valid=1.0000 routes=13.998 grad=3.9469 seconds=42.9
Epoch 2619/5000: score=17.108522 loss=-0.437378 valid=1.0000 routes=15.937 grad=4.2931 seconds=42.5
Epoch 2620/5000: score=17.449694 loss=-0.424098 valid=1.0000 routes=14.170 grad=4.3144 seconds=43.5
Epoch 2621/5000: score=17.579430 loss=-0.445599 valid=1.0000 routes=15.086 grad=4.6060 seconds=42.8
Epoch 2622/5000: score=16.536468 loss=-0.407685 valid=1.0000 routes=13.778 grad=3.8554 seconds=42.5
Epoch 2623/5000: score=16.968535 loss=-0.448706 valid=1.0000 routes=14.818 grad=4.3996 seconds=42.8
Epoch 2624/5000: score=17.823814 loss=-0.424679 valid=1.0000 routes=13.369 grad=4.5370 seconds=43.1
Epoch 2625/5000: score=17.420092 loss=-0.429205 valid=1.0000 routes=13.992 grad=4.2686 seconds=43.4
Epoch 2626/5000: score=15.157190 loss=-0.387372 valid=1.0000 routes=12.968 grad=3.4954 seconds=43.0
Epoch 2627/5000: score=16.925654 loss=-0.429411 valid=1.0000 routes=13.171 grad=4.2518 seconds=43.0
Epoch 2628/5000: score=16.690732 loss=-0.424693 valid=1.0000 routes=14.260 grad=4.1173 seconds=42.9
Epoch 2629/5000: score=17.393488 loss=-0.434902 valid=1.0000 routes=14.774 grad=4.5558 seconds=42.6
Epoch 2630/5000: score=17.396823 loss=-0.440810 valid=1.0000 routes=14.253 grad=4.6777 seconds=43.1
Epoch 2631/5000: score=16.800616 loss=-0.431427 valid=1.0000 routes=13.445 grad=4.1657 seconds=42.8
Epoch 2632/5000: score=16.495284 loss=-0.410120 valid=1.0000 routes=14.214 grad=3.8874 seconds=42.9
Epoch 2633/5000: score=17.082523 loss=-0.431902 valid=1.0000 routes=14.339 grad=4.2565 seconds=42.8
Epoch 2634/5000: score=16.657632 loss=-0.394988 valid=1.0000 routes=13.218 grad=4.0757 seconds=42.8
Epoch 2635/5000: score=16.298616 loss=-0.388383 valid=1.0000 routes=13.265 grad=3.7342 seconds=43.3
Epoch 2636/5000: score=16.873264 loss=-0.404447 valid=1.0000 routes=14.140 grad=3.9832 seconds=42.8
Epoch 2637/5000: score=16.952636 loss=-0.430928 valid=1.0000 routes=14.268 grad=4.1773 seconds=43.0
Epoch 2638/5000: score=16.608038 loss=-0.399396 valid=1.0000 routes=13.061 grad=4.0227 seconds=42.8
Epoch 2639/5000: score=16.106930 loss=-0.410127 valid=1.0000 routes=13.753 grad=3.7745 seconds=43.0
Epoch 2640/5000: score=17.588223 loss=-0.442902 valid=1.0000 routes=14.693 grad=4.5135 seconds=43.0
Epoch 2641/5000: score=17.651593 loss=-0.446723 valid=1.0000 routes=14.531 grad=4.5572 seconds=42.7
Epoch 2642/5000: score=16.734261 loss=-0.435775 valid=1.0000 routes=14.765 grad=4.2827 seconds=42.8
Epoch 2643/5000: score=17.678369 loss=-0.449466 valid=1.0000 routes=14.475 grad=4.5382 seconds=42.7
Epoch 2644/5000: score=17.773005 loss=-0.465876 valid=1.0000 routes=14.797 grad=4.6480 seconds=43.0
Epoch 2645/5000: score=17.712526 loss=-0.451679 valid=1.0000 routes=14.721 grad=4.5486 seconds=43.0
Epoch 2646/5000: score=17.468590 loss=-0.449069 valid=1.0000 routes=14.052 grad=4.5502 seconds=42.8
Epoch 2647/5000: score=17.183274 loss=-0.427715 valid=1.0000 routes=14.123 grad=4.3238 seconds=43.2
Epoch 2648/5000: score=16.846483 loss=-0.422020 valid=1.0000 routes=13.525 grad=4.1274 seconds=43.1
Epoch 2649/5000: score=16.639958 loss=-0.406434 valid=1.0000 routes=14.183 grad=4.0274 seconds=43.0
Epoch 2650/5000: score=17.583425 loss=-0.461397 valid=1.0000 routes=15.313 grad=4.6459 seconds=42.8
Epoch 2651/5000: score=15.902301 loss=-0.404383 valid=1.0000 routes=13.461 grad=3.6619 seconds=42.8
Epoch 2652/5000: score=17.873019 loss=-0.462274 valid=1.0000 routes=15.453 grad=4.6810 seconds=43.0
Epoch 2653/5000: score=18.088203 loss=-0.455349 valid=1.0000 routes=14.748 grad=4.7864 seconds=42.8
Epoch 2654/5000: score=17.852739 loss=-0.437102 valid=1.0000 routes=14.415 grad=4.4333 seconds=43.1
Epoch 2655/5000: score=17.657482 loss=-0.433281 valid=1.0000 routes=14.191 grad=4.4075 seconds=42.7
Epoch 2656/5000: score=17.356949 loss=-0.441681 valid=1.0000 routes=14.691 grad=4.3840 seconds=43.0
Epoch 2657/5000: score=16.102089 loss=-0.392357 valid=1.0000 routes=13.450 grad=3.8166 seconds=42.8
Epoch 2658/5000: score=17.630744 loss=-0.418683 valid=1.0000 routes=14.015 grad=4.3688 seconds=43.2
Epoch 2659/5000: score=17.913849 loss=-0.439511 valid=1.0000 routes=14.210 grad=4.4840 seconds=43.2
Epoch 2660/5000: score=18.260484 loss=-0.475041 valid=1.0000 routes=14.980 grad=4.9230 seconds=43.1
Epoch 2661/5000: score=16.218960 loss=-0.372092 valid=1.0000 routes=12.688 grad=3.4610 seconds=43.0
Epoch 2662/5000: score=16.429049 loss=-0.406533 valid=1.0000 routes=13.757 grad=3.8873 seconds=43.1
Epoch 2663/5000: score=18.139541 loss=-0.459042 valid=1.0000 routes=14.910 grad=4.8569 seconds=43.1
Epoch 2664/5000: score=17.600197 loss=-0.467678 valid=1.0000 routes=15.238 grad=4.6052 seconds=43.2
Epoch 2665/5000: score=17.110325 loss=-0.432996 valid=1.0000 routes=14.884 grad=4.3711 seconds=42.6
Epoch 2666/5000: score=17.447764 loss=-0.448971 valid=1.0000 routes=15.052 grad=4.4362 seconds=43.0
Epoch 2667/5000: score=17.162697 loss=-0.444684 valid=1.0000 routes=14.516 grad=4.4508 seconds=42.8
Epoch 2668/5000: score=17.449911 loss=-0.422113 valid=1.0000 routes=14.383 grad=4.2885 seconds=43.0
Epoch 2669/5000: score=16.562367 loss=-0.416696 valid=1.0000 routes=13.199 grad=4.3172 seconds=43.1
Epoch 2670/5000: score=17.126177 loss=-0.446750 valid=1.0000 routes=14.979 grad=4.5086 seconds=43.1
Epoch 2671/5000: score=17.504387 loss=-0.431839 valid=1.0000 routes=14.777 grad=4.2760 seconds=42.9
Epoch 2672/5000: score=16.818532 loss=-0.428969 valid=1.0000 routes=14.442 grad=4.2780 seconds=42.8
Epoch 2673/5000: score=16.906059 loss=-0.419773 valid=1.0000 routes=14.412 grad=4.0053 seconds=43.0
Epoch 2674/5000: score=17.023081 loss=-0.414093 valid=1.0000 routes=13.685 grad=4.1327 seconds=42.9
Epoch 2675/5000: score=16.428473 loss=-0.392322 valid=1.0000 routes=12.878 grad=3.7615 seconds=42.9
Epoch 2676/5000: score=16.784375 loss=-0.433465 valid=1.0000 routes=14.920 grad=4.3298 seconds=42.9
Epoch 2677/5000: score=16.763524 loss=-0.430361 valid=1.0000 routes=14.698 grad=4.1845 seconds=42.9
Epoch 2678/5000: score=16.782882 loss=-0.432902 valid=1.0000 routes=14.453 grad=4.1573 seconds=43.1
Epoch 2679/5000: score=16.992704 loss=-0.427726 valid=1.0000 routes=14.231 grad=4.1103 seconds=42.8
Epoch 2680/5000: score=16.377914 loss=-0.418800 valid=1.0000 routes=14.572 grad=3.8578 seconds=43.0
Epoch 2681/5000: score=16.955050 loss=-0.421453 valid=1.0000 routes=14.421 grad=4.2729 seconds=42.9
Epoch 2682/5000: score=16.542850 loss=-0.427420 valid=1.0000 routes=14.888 grad=4.0814 seconds=42.8
Epoch 2683/5000: score=17.580594 loss=-0.438461 valid=1.0000 routes=14.569 grad=4.3399 seconds=44.1
Epoch 2684/5000: score=15.948961 loss=-0.425990 valid=1.0000 routes=14.602 grad=3.9437 seconds=43.0
Epoch 2685/5000: score=16.525256 loss=-0.419094 valid=1.0000 routes=14.605 grad=4.1343 seconds=43.2
Epoch 2686/5000: score=17.156309 loss=-0.427941 valid=1.0000 routes=14.591 grad=4.1513 seconds=42.8
Epoch 2687/5000: score=16.345348 loss=-0.415210 valid=1.0000 routes=13.635 grad=3.9607 seconds=43.0
Epoch 2688/5000: score=16.901296 loss=-0.442282 valid=1.0000 routes=15.074 grad=4.2498 seconds=43.0
Epoch 2689/5000: score=16.643464 loss=-0.456771 valid=1.0000 routes=15.060 grad=4.4569 seconds=42.9
Epoch 2690/5000: score=16.552788 loss=-0.416323 valid=1.0000 routes=13.905 grad=3.9586 seconds=43.2
Epoch 2691/5000: score=16.718110 loss=-0.421317 valid=1.0000 routes=14.679 grad=4.1730 seconds=42.9
Epoch 2692/5000: score=17.062651 loss=-0.408547 valid=1.0000 routes=13.859 grad=4.0388 seconds=43.0
Epoch 2693/5000: score=16.308897 loss=-0.424652 valid=1.0000 routes=13.706 grad=4.1450 seconds=43.9
Epoch 2694/5000: score=17.503960 loss=-0.453074 valid=1.0000 routes=15.649 grad=4.5565 seconds=42.9
Epoch 2695/5000: score=16.474088 loss=-0.421150 valid=1.0000 routes=14.411 grad=4.2982 seconds=43.1
Epoch 2696/5000: score=17.269380 loss=-0.424577 valid=1.0000 routes=14.054 grad=4.3915 seconds=42.7
Epoch 2697/5000: score=17.018652 loss=-0.411918 valid=1.0000 routes=14.316 grad=3.9739 seconds=42.9
Epoch 2698/5000: score=17.704153 loss=-0.448243 valid=1.0000 routes=14.699 grad=4.6705 seconds=43.1
Epoch 2699/5000: score=17.214723 loss=-0.441700 valid=1.0000 routes=14.144 grad=4.4343 seconds=42.9
Epoch 2700/5000: score=16.211828 loss=-0.423126 valid=1.0000 routes=13.743 grad=4.0142 seconds=43.1
Epoch 2701/5000: score=16.175021 loss=-0.397919 valid=1.0000 routes=14.022 grad=3.7185 seconds=42.7
Epoch 2702/5000: score=17.475907 loss=-0.433859 valid=1.0000 routes=14.575 grad=4.4055 seconds=43.0
Epoch 2703/5000: score=16.813642 loss=-0.416184 valid=1.0000 routes=13.916 grad=4.0274 seconds=42.9
Epoch 2704/5000: score=16.998035 loss=-0.426910 valid=1.0000 routes=13.831 grad=4.3406 seconds=43.1
Epoch 2705/5000: score=17.339978 loss=-0.458620 valid=1.0000 routes=14.898 grad=4.5363 seconds=43.2
Epoch 2706/5000: score=17.554669 loss=-0.460872 valid=1.0000 routes=14.640 grad=4.7402 seconds=42.9
Epoch 2707/5000: score=17.599004 loss=-0.454248 valid=1.0000 routes=14.777 grad=4.5661 seconds=43.0
Epoch 2708/5000: score=17.047025 loss=-0.411946 valid=1.0000 routes=14.188 grad=4.0693 seconds=42.7
Epoch 2709/5000: score=16.363313 loss=-0.406656 valid=1.0000 routes=14.140 grad=3.9462 seconds=42.9
Epoch 2710/5000: score=16.002463 loss=-0.393007 valid=1.0000 routes=13.582 grad=3.8318 seconds=42.7
Epoch 2711/5000: score=17.470951 loss=-0.425015 valid=1.0000 routes=14.776 grad=4.3167 seconds=42.4
Epoch 2712/5000: score=15.078940 loss=-0.376649 valid=1.0000 routes=13.402 grad=3.3135 seconds=42.9
Epoch 2713/5000: score=16.934645 loss=-0.424202 valid=1.0000 routes=13.799 grad=4.1546 seconds=42.6
Epoch 2714/5000: score=16.559222 loss=-0.407679 valid=1.0000 routes=13.644 grad=3.8147 seconds=43.1
Epoch 2715/5000: score=17.077870 loss=-0.416651 valid=1.0000 routes=14.361 grad=3.9950 seconds=42.6
Epoch 2716/5000: score=18.102638 loss=-0.467164 valid=1.0000 routes=15.585 grad=4.7903 seconds=42.9
Epoch 2717/5000: score=16.341417 loss=-0.436890 valid=1.0000 routes=14.410 grad=4.1073 seconds=43.2
Epoch 2718/5000: score=17.965975 loss=-0.431292 valid=1.0000 routes=14.843 grad=4.6593 seconds=42.8
Epoch 2719/5000: score=16.939033 loss=-0.435551 valid=1.0000 routes=13.791 grad=4.3983 seconds=43.1
Epoch 2720/5000: score=15.721645 loss=-0.390214 valid=1.0000 routes=14.053 grad=3.6249 seconds=42.5
Epoch 2721/5000: score=16.244513 loss=-0.438330 valid=1.0000 routes=14.575 grad=4.1830 seconds=43.1
Epoch 2722/5000: score=16.766032 loss=-0.433449 valid=1.0000 routes=14.067 grad=4.1945 seconds=43.1
Epoch 2723/5000: score=16.983009 loss=-0.416014 valid=1.0000 routes=14.028 grad=3.9533 seconds=42.6
Epoch 2724/5000: score=16.710609 loss=-0.392470 valid=1.0000 routes=13.648 grad=3.8226 seconds=43.3
Epoch 2725/5000: score=16.198689 loss=-0.391216 valid=1.0000 routes=13.342 grad=3.8154 seconds=42.3
Epoch 2726/5000: score=16.618010 loss=-0.431599 valid=1.0000 routes=14.532 grad=4.3918 seconds=43.0
Epoch 2727/5000: score=16.469243 loss=-0.400247 valid=1.0000 routes=13.874 grad=3.7438 seconds=42.7
Epoch 2728/5000: score=16.256437 loss=-0.413382 valid=1.0000 routes=15.109 grad=3.9386 seconds=42.9
Epoch 2729/5000: score=17.895805 loss=-0.485943 valid=1.0000 routes=15.832 grad=4.9088 seconds=42.7
Epoch 2730/5000: score=17.052424 loss=-0.429390 valid=1.0000 routes=13.980 grad=4.1927 seconds=43.2
Epoch 2731/5000: score=17.807577 loss=-0.446285 valid=1.0000 routes=14.801 grad=4.4072 seconds=42.9
Epoch 2732/5000: score=17.398812 loss=-0.448367 valid=1.0000 routes=14.784 grad=4.8060 seconds=42.7
Epoch 2733/5000: score=16.748652 loss=-0.427257 valid=1.0000 routes=14.698 grad=4.2883 seconds=42.9
Epoch 2734/5000: score=17.729524 loss=-0.446212 valid=1.0000 routes=14.794 grad=4.3855 seconds=42.9
Epoch 2735/5000: score=17.103578 loss=-0.413492 valid=1.0000 routes=13.928 grad=4.2814 seconds=42.4
Epoch 2736/5000: score=17.828616 loss=-0.448514 valid=1.0000 routes=14.265 grad=4.3400 seconds=42.7
Epoch 2737/5000: score=16.251652 loss=-0.398871 valid=1.0000 routes=13.138 grad=4.0569 seconds=42.5
Epoch 2738/5000: score=17.413517 loss=-0.438900 valid=1.0000 routes=14.719 grad=4.4415 seconds=42.8
Epoch 2739/5000: score=16.340809 loss=-0.411288 valid=1.0000 routes=14.472 grad=3.9814 seconds=42.6
Epoch 2740/5000: score=17.495284 loss=-0.424891 valid=1.0000 routes=14.166 grad=4.2912 seconds=43.0
Epoch 2741/5000: score=17.347205 loss=-0.411861 valid=1.0000 routes=13.971 grad=4.1126 seconds=42.8
Epoch 2742/5000: score=18.323043 loss=-0.453532 valid=1.0000 routes=15.130 grad=4.5796 seconds=42.4
Epoch 2743/5000: score=16.479198 loss=-0.403191 valid=1.0000 routes=13.995 grad=3.8961 seconds=42.6
Epoch 2744/5000: score=17.543080 loss=-0.465997 valid=1.0000 routes=14.886 grad=4.8103 seconds=42.4
Epoch 2745/5000: score=17.453124 loss=-0.425884 valid=1.0000 routes=14.396 grad=4.0796 seconds=42.3
Epoch 2746/5000: score=16.271260 loss=-0.398583 valid=1.0000 routes=13.605 grad=3.6999 seconds=42.6
Epoch 2747/5000: score=17.150750 loss=-0.436184 valid=1.0000 routes=14.351 grad=4.3432 seconds=42.5
Epoch 2748/5000: score=17.525297 loss=-0.445453 valid=1.0000 routes=14.675 grad=4.5112 seconds=43.0
Epoch 2749/5000: score=16.583923 loss=-0.412090 valid=1.0000 routes=13.916 grad=3.9875 seconds=42.3
Epoch 2750/5000: score=16.518454 loss=-0.415027 valid=1.0000 routes=13.851 grad=4.1527 seconds=42.9
Epoch 2751/5000: score=16.277554 loss=-0.405782 valid=1.0000 routes=13.594 grad=3.9593 seconds=42.9
Epoch 2752/5000: score=16.311431 loss=-0.428683 valid=1.0000 routes=14.650 grad=4.0712 seconds=42.8
Epoch 2753/5000: score=16.509756 loss=-0.414091 valid=1.0000 routes=14.092 grad=3.9543 seconds=44.2
Epoch 2754/5000: score=17.032469 loss=-0.427289 valid=1.0000 routes=14.153 grad=4.3321 seconds=42.6
Epoch 2755/5000: score=17.025672 loss=-0.424568 valid=1.0000 routes=13.957 grad=4.3719 seconds=42.8
Epoch 2756/5000: score=17.036994 loss=-0.413177 valid=1.0000 routes=13.536 grad=4.0619 seconds=42.6
Epoch 2757/5000: score=17.547068 loss=-0.453500 valid=1.0000 routes=15.199 grad=4.5734 seconds=42.9
Epoch 2758/5000: score=15.985903 loss=-0.395858 valid=1.0000 routes=13.436 grad=3.7218 seconds=42.8
Epoch 2759/5000: score=16.734386 loss=-0.412998 valid=1.0000 routes=14.296 grad=4.0917 seconds=42.6
>> Invalid instances, Re-generating ...
Epoch 2760/5000: score=17.219482 loss=-0.447327 valid=1.0000 routes=14.476 grad=4.5830 seconds=42.8
Epoch 2761/5000: score=17.007160 loss=-0.417936 valid=1.0000 routes=13.576 grad=4.3057 seconds=42.8
Epoch 2762/5000: score=16.525150 loss=-0.407787 valid=1.0000 routes=13.453 grad=3.9038 seconds=43.1
Epoch 2763/5000: score=17.738959 loss=-0.455337 valid=1.0000 routes=14.850 grad=4.7328 seconds=43.5
Epoch 2764/5000: score=16.789102 loss=-0.423533 valid=1.0000 routes=14.089 grad=4.0667 seconds=42.6
Epoch 2765/5000: score=16.940065 loss=-0.422650 valid=1.0000 routes=14.389 grad=4.3155 seconds=43.4
Epoch 2766/5000: score=17.079062 loss=-0.448638 valid=1.0000 routes=14.856 grad=4.3803 seconds=42.4
Epoch 2767/5000: score=17.698945 loss=-0.450255 valid=1.0000 routes=15.130 grad=4.6326 seconds=42.9
Epoch 2768/5000: score=17.336169 loss=-0.441052 valid=1.0000 routes=14.234 grad=4.3403 seconds=42.5
Epoch 2769/5000: score=16.872385 loss=-0.412297 valid=1.0000 routes=13.180 grad=4.0292 seconds=42.7
Epoch 2770/5000: score=16.483491 loss=-0.408384 valid=1.0000 routes=13.177 grad=4.0916 seconds=42.7
Epoch 2771/5000: score=16.948769 loss=-0.436848 valid=1.0000 routes=14.792 grad=4.4238 seconds=42.6
Epoch 2772/5000: score=17.911246 loss=-0.487080 valid=1.0000 routes=15.150 grad=4.8652 seconds=42.9
Epoch 2773/5000: score=17.322699 loss=-0.427562 valid=1.0000 routes=14.057 grad=4.1964 seconds=42.7
Epoch 2774/5000: score=16.705639 loss=-0.416087 valid=1.0000 routes=13.922 grad=4.0290 seconds=43.5
Epoch 2775/5000: score=16.427631 loss=-0.417582 valid=1.0000 routes=14.607 grad=4.1290 seconds=43.2
Epoch 2776/5000: score=17.293454 loss=-0.455324 valid=1.0000 routes=14.702 grad=4.6629 seconds=43.6
Epoch 2777/5000: score=17.032812 loss=-0.436211 valid=1.0000 routes=14.662 grad=4.3989 seconds=43.3
Epoch 2778/5000: score=16.162239 loss=-0.415901 valid=1.0000 routes=14.527 grad=3.9297 seconds=42.5
Epoch 2779/5000: score=17.073451 loss=-0.431601 valid=1.0000 routes=14.405 grad=4.1901 seconds=42.6
Epoch 2780/5000: score=17.327370 loss=-0.430940 valid=1.0000 routes=14.642 grad=4.2895 seconds=42.5
Epoch 2781/5000: score=17.206524 loss=-0.454408 valid=1.0000 routes=15.103 grad=4.3160 seconds=42.8
Epoch 2782/5000: score=17.890580 loss=-0.437368 valid=1.0000 routes=14.518 grad=4.3526 seconds=42.8
Epoch 2783/5000: score=15.587800 loss=-0.401183 valid=1.0000 routes=14.202 grad=4.0632 seconds=42.6
Epoch 2784/5000: score=17.657111 loss=-0.447119 valid=1.0000 routes=14.497 grad=4.5069 seconds=42.8
Epoch 2785/5000: score=17.571012 loss=-0.434035 valid=1.0000 routes=14.812 grad=4.4179 seconds=42.6
Epoch 2786/5000: score=18.263348 loss=-0.470528 valid=1.0000 routes=14.623 grad=5.0966 seconds=43.8
Epoch 2787/5000: score=17.631107 loss=-0.429243 valid=1.0000 routes=14.129 grad=4.2929 seconds=42.9
Epoch 2788/5000: score=16.334376 loss=-0.423210 valid=1.0000 routes=14.008 grad=4.0979 seconds=43.2
Epoch 2789/5000: score=17.617189 loss=-0.463200 valid=1.0000 routes=14.722 grad=4.5821 seconds=43.1
Epoch 2790/5000: score=16.859627 loss=-0.424340 valid=1.0000 routes=13.482 grad=4.0139 seconds=42.9
Epoch 2791/5000: score=16.610858 loss=-0.427380 valid=1.0000 routes=14.832 grad=4.2648 seconds=42.9
Epoch 2792/5000: score=16.344700 loss=-0.413732 valid=1.0000 routes=13.545 grad=3.9007 seconds=42.9
Epoch 2793/5000: score=16.194247 loss=-0.400642 valid=1.0000 routes=13.277 grad=3.9346 seconds=43.0
Epoch 2794/5000: score=17.155216 loss=-0.439811 valid=1.0000 routes=14.618 grad=4.2760 seconds=43.1
Epoch 2795/5000: score=17.133586 loss=-0.425645 valid=1.0000 routes=14.639 grad=4.4174 seconds=42.7
Epoch 2796/5000: score=17.254174 loss=-0.420141 valid=1.0000 routes=14.180 grad=4.3980 seconds=43.1
Epoch 2797/5000: score=17.219922 loss=-0.413964 valid=1.0000 routes=14.552 grad=4.1038 seconds=42.7
Epoch 2798/5000: score=16.016150 loss=-0.401614 valid=1.0000 routes=14.318 grad=3.9206 seconds=43.2
Epoch 2799/5000: score=16.990118 loss=-0.426441 valid=1.0000 routes=14.609 grad=4.0828 seconds=42.6
Epoch 2800/5000: score=17.358957 loss=-0.455643 valid=1.0000 routes=15.162 grad=4.5630 seconds=42.7
Epoch 2801/5000: score=16.712366 loss=-0.419429 valid=1.0000 routes=14.117 grad=4.2231 seconds=42.6
Epoch 2802/5000: score=17.380107 loss=-0.409272 valid=1.0000 routes=13.701 grad=4.3435 seconds=42.5
Epoch 2803/5000: score=17.011893 loss=-0.416419 valid=1.0000 routes=14.384 grad=4.1531 seconds=42.6
Epoch 2804/5000: score=18.010482 loss=-0.424138 valid=1.0000 routes=14.891 grad=4.4205 seconds=42.4
Epoch 2805/5000: score=17.239542 loss=-0.427611 valid=1.0000 routes=14.409 grad=4.2481 seconds=42.7
Epoch 2806/5000: score=17.812454 loss=-0.449001 valid=1.0000 routes=14.559 grad=4.6560 seconds=42.8
Epoch 2807/5000: score=17.446541 loss=-0.430457 valid=1.0000 routes=13.758 grad=4.3338 seconds=42.5
Epoch 2808/5000: score=17.146457 loss=-0.433633 valid=1.0000 routes=14.544 grad=4.4482 seconds=42.7
Epoch 2809/5000: score=16.672393 loss=-0.410731 valid=1.0000 routes=13.669 grad=4.1618 seconds=42.9
Epoch 2810/5000: score=17.162457 loss=-0.454157 valid=1.0000 routes=15.191 grad=4.6844 seconds=43.0
Epoch 2811/5000: score=16.419759 loss=-0.430903 valid=1.0000 routes=14.878 grad=4.1493 seconds=43.2
Epoch 2812/5000: score=17.339953 loss=-0.422660 valid=1.0000 routes=13.807 grad=4.2231 seconds=43.0
Epoch 2813/5000: score=17.751928 loss=-0.437704 valid=1.0000 routes=14.437 grad=4.5712 seconds=42.8
Epoch 2814/5000: score=16.827130 loss=-0.439263 valid=1.0000 routes=14.466 grad=4.3324 seconds=42.8
Epoch 2815/5000: score=18.042930 loss=-0.455334 valid=1.0000 routes=14.703 grad=4.6365 seconds=42.7
Epoch 2816/5000: score=17.282582 loss=-0.442162 valid=1.0000 routes=14.342 grad=4.4767 seconds=42.6
Epoch 2817/5000: score=17.306408 loss=-0.416588 valid=1.0000 routes=13.896 grad=4.3954 seconds=42.9
Epoch 2818/5000: score=17.117763 loss=-0.415222 valid=1.0000 routes=13.927 grad=4.1769 seconds=42.7
Epoch 2819/5000: score=17.582216 loss=-0.448703 valid=1.0000 routes=15.152 grad=4.5762 seconds=42.7
Epoch 2820/5000: score=15.874834 loss=-0.392328 valid=1.0000 routes=13.072 grad=3.7251 seconds=42.8
Epoch 2821/5000: score=16.496789 loss=-0.413121 valid=1.0000 routes=14.155 grad=4.0096 seconds=43.3
Epoch 2822/5000: score=16.774511 loss=-0.407726 valid=1.0000 routes=13.419 grad=3.9830 seconds=43.3
Epoch 2823/5000: score=16.172696 loss=-0.417606 valid=1.0000 routes=14.238 grad=4.1226 seconds=43.2
Epoch 2824/5000: score=17.287005 loss=-0.453648 valid=1.0000 routes=14.911 grad=4.5225 seconds=43.0
Epoch 2825/5000: score=17.143570 loss=-0.433810 valid=1.0000 routes=14.712 grad=4.3833 seconds=43.1
Epoch 2826/5000: score=17.083478 loss=-0.410509 valid=1.0000 routes=13.032 grad=4.1963 seconds=42.9
>> Invalid instances, Re-generating ...
Epoch 2827/5000: score=16.894808 loss=-0.411144 valid=1.0000 routes=13.638 grad=4.1777 seconds=43.1
Epoch 2828/5000: score=16.834694 loss=-0.396643 valid=1.0000 routes=13.918 grad=3.9847 seconds=42.8
Epoch 2829/5000: score=17.611395 loss=-0.451964 valid=1.0000 routes=14.718 grad=4.5932 seconds=43.0
Epoch 2830/5000: score=17.513358 loss=-0.432482 valid=1.0000 routes=13.787 grad=4.4611 seconds=43.1
Epoch 2831/5000: score=18.173614 loss=-0.464308 valid=1.0000 routes=14.561 grad=4.9939 seconds=43.1
Epoch 2832/5000: score=17.144992 loss=-0.419667 valid=1.0000 routes=13.523 grad=3.9743 seconds=43.2
Epoch 2833/5000: score=17.253808 loss=-0.437772 valid=1.0000 routes=14.557 grad=4.4008 seconds=43.1
Epoch 2834/5000: score=16.545533 loss=-0.432905 valid=1.0000 routes=15.042 grad=4.1689 seconds=43.3
Epoch 2835/5000: score=17.502734 loss=-0.434097 valid=1.0000 routes=14.186 grad=4.7987 seconds=43.2
Epoch 2836/5000: score=18.053540 loss=-0.439412 valid=1.0000 routes=14.514 grad=4.6479 seconds=42.5
Epoch 2837/5000: score=17.433481 loss=-0.428310 valid=1.0000 routes=13.811 grad=4.4755 seconds=42.8
Epoch 2838/5000: score=16.371093 loss=-0.403213 valid=1.0000 routes=13.639 grad=3.9219 seconds=42.5
Epoch 2839/5000: score=17.432940 loss=-0.446983 valid=1.0000 routes=14.787 grad=4.5219 seconds=42.8
Epoch 2840/5000: score=16.054297 loss=-0.384722 valid=1.0000 routes=13.204 grad=3.7668 seconds=42.8
Epoch 2841/5000: score=17.669637 loss=-0.431167 valid=1.0000 routes=14.422 grad=4.5331 seconds=42.8
Epoch 2842/5000: score=16.894596 loss=-0.422691 valid=1.0000 routes=14.591 grad=4.3939 seconds=42.8
Epoch 2843/5000: score=16.458077 loss=-0.413550 valid=1.0000 routes=14.270 grad=4.1005 seconds=42.7
Epoch 2844/5000: score=17.580274 loss=-0.470973 valid=1.0000 routes=15.080 grad=4.7089 seconds=43.3
>> Invalid instances, Re-generating ...
Epoch 2845/5000: score=18.123521 loss=-0.468256 valid=1.0000 routes=15.717 grad=4.8858 seconds=42.8
Epoch 2846/5000: score=17.181115 loss=-0.426052 valid=1.0000 routes=13.586 grad=4.2291 seconds=43.9
Epoch 2847/5000: score=17.142422 loss=-0.437896 valid=1.0000 routes=14.952 grad=4.2479 seconds=42.7
Epoch 2848/5000: score=16.794860 loss=-0.398693 valid=1.0000 routes=13.703 grad=4.0944 seconds=42.5
Epoch 2849/5000: score=17.027956 loss=-0.412375 valid=1.0000 routes=13.828 grad=4.2509 seconds=43.1
Epoch 2850/5000: score=17.751951 loss=-0.419468 valid=1.0000 routes=14.665 grad=4.5209 seconds=42.6
Epoch 2851/5000: score=17.381940 loss=-0.438691 valid=1.0000 routes=15.155 grad=4.4564 seconds=42.9
Epoch 2852/5000: score=16.323127 loss=-0.402808 valid=1.0000 routes=13.704 grad=3.9784 seconds=42.7
Epoch 2853/5000: score=16.732810 loss=-0.424908 valid=1.0000 routes=14.627 grad=4.1192 seconds=42.6
Epoch 2854/5000: score=16.793407 loss=-0.401655 valid=1.0000 routes=14.500 grad=4.1773 seconds=42.8
Epoch 2855/5000: score=17.012131 loss=-0.408995 valid=1.0000 routes=13.657 grad=4.1795 seconds=43.1
Epoch 2856/5000: score=17.495300 loss=-0.418857 valid=1.0000 routes=13.992 grad=4.1655 seconds=43.4
Epoch 2857/5000: score=16.869967 loss=-0.410979 valid=1.0000 routes=13.788 grad=4.2669 seconds=43.3
Epoch 2858/5000: score=15.622456 loss=-0.382631 valid=1.0000 routes=13.194 grad=3.6252 seconds=43.2
Epoch 2859/5000: score=16.655908 loss=-0.423095 valid=1.0000 routes=14.353 grad=4.1929 seconds=43.1
Epoch 2860/5000: score=16.444626 loss=-0.408154 valid=1.0000 routes=13.988 grad=3.9822 seconds=42.9
Epoch 2861/5000: score=16.459204 loss=-0.411634 valid=1.0000 routes=13.979 grad=3.9862 seconds=43.1
Epoch 2862/5000: score=16.479289 loss=-0.417065 valid=1.0000 routes=15.318 grad=3.8727 seconds=42.6
Epoch 2863/5000: score=17.250797 loss=-0.432788 valid=1.0000 routes=13.644 grad=4.4728 seconds=43.1
Epoch 2864/5000: score=16.481483 loss=-0.419583 valid=1.0000 routes=14.258 grad=4.3425 seconds=43.2
Epoch 2865/5000: score=17.295170 loss=-0.428933 valid=1.0000 routes=14.509 grad=4.4635 seconds=42.9
Epoch 2866/5000: score=16.617273 loss=-0.409861 valid=1.0000 routes=15.102 grad=4.1300 seconds=43.2
Epoch 2867/5000: score=16.557555 loss=-0.395661 valid=1.0000 routes=13.478 grad=3.7673 seconds=43.6
Epoch 2868/5000: score=17.021376 loss=-0.425506 valid=1.0000 routes=14.835 grad=4.3157 seconds=43.2
Epoch 2869/5000: score=16.741936 loss=-0.417910 valid=1.0000 routes=13.484 grad=4.2088 seconds=43.3
Epoch 2870/5000: score=18.771912 loss=-0.454881 valid=1.0000 routes=14.663 grad=4.7890 seconds=42.9
Epoch 2871/5000: score=16.191670 loss=-0.413640 valid=1.0000 routes=13.777 grad=4.0018 seconds=42.9
Epoch 2872/5000: score=16.892967 loss=-0.428666 valid=1.0000 routes=14.422 grad=4.2718 seconds=42.8
Epoch 2873/5000: score=16.690723 loss=-0.406353 valid=1.0000 routes=13.832 grad=4.0835 seconds=42.8
Epoch 2874/5000: score=16.264755 loss=-0.406033 valid=1.0000 routes=13.956 grad=3.8980 seconds=42.7
Epoch 2875/5000: score=16.961943 loss=-0.420395 valid=1.0000 routes=14.093 grad=4.2258 seconds=42.8
Epoch 2876/5000: score=15.914967 loss=-0.401292 valid=1.0000 routes=13.177 grad=3.9328 seconds=42.9
Epoch 2877/5000: score=17.005916 loss=-0.432454 valid=1.0000 routes=14.642 grad=4.2934 seconds=42.8
Epoch 2878/5000: score=17.925867 loss=-0.461902 valid=1.0000 routes=14.792 grad=5.2046 seconds=43.3
Epoch 2879/5000: score=16.524018 loss=-0.423169 valid=1.0000 routes=14.614 grad=4.2741 seconds=43.1
Epoch 2880/5000: score=17.266229 loss=-0.415225 valid=1.0000 routes=14.151 grad=4.1866 seconds=43.4
Epoch 2881/5000: score=16.023668 loss=-0.374000 valid=1.0000 routes=13.202 grad=3.5610 seconds=42.7
Epoch 2882/5000: score=18.740914 loss=-0.449886 valid=1.0000 routes=15.015 grad=4.8234 seconds=42.8
Epoch 2883/5000: score=16.934429 loss=-0.423903 valid=1.0000 routes=14.116 grad=4.2963 seconds=43.1
Epoch 2884/5000: score=15.765951 loss=-0.368159 valid=1.0000 routes=13.746 grad=3.5856 seconds=42.7
Epoch 2885/5000: score=17.070327 loss=-0.430690 valid=1.0000 routes=15.335 grad=4.2416 seconds=42.9
Epoch 2886/5000: score=16.885767 loss=-0.397957 valid=1.0000 routes=13.931 grad=4.1044 seconds=42.8
Epoch 2887/5000: score=18.136695 loss=-0.460893 valid=1.0000 routes=14.840 grad=4.9087 seconds=43.0
Epoch 2888/5000: score=16.280261 loss=-0.430807 valid=1.0000 routes=13.976 grad=4.3365 seconds=43.2
Epoch 2889/5000: score=16.680189 loss=-0.425223 valid=1.0000 routes=14.070 grad=4.4612 seconds=42.9
Epoch 2890/5000: score=16.373870 loss=-0.393621 valid=1.0000 routes=13.827 grad=3.7139 seconds=43.2
Epoch 2891/5000: score=17.783994 loss=-0.449177 valid=1.0000 routes=15.201 grad=4.6026 seconds=42.8
Epoch 2892/5000: score=16.687675 loss=-0.414488 valid=1.0000 routes=13.691 grad=3.9648 seconds=44.6
Epoch 2893/5000: score=16.848026 loss=-0.412936 valid=1.0000 routes=13.707 grad=4.0583 seconds=43.1
Epoch 2894/5000: score=17.749182 loss=-0.459894 valid=1.0000 routes=14.994 grad=4.7115 seconds=43.0
Epoch 2895/5000: score=16.552946 loss=-0.430541 valid=1.0000 routes=14.569 grad=4.1755 seconds=43.0
Epoch 2896/5000: score=18.470117 loss=-0.484335 valid=1.0000 routes=15.292 grad=5.1442 seconds=42.7
Epoch 2897/5000: score=17.437115 loss=-0.450399 valid=1.0000 routes=14.661 grad=4.5081 seconds=43.3
Epoch 2898/5000: score=16.746560 loss=-0.419014 valid=1.0000 routes=14.181 grad=4.0515 seconds=43.2
Epoch 2899/5000: score=16.809699 loss=-0.413420 valid=1.0000 routes=14.073 grad=4.0964 seconds=43.0
Epoch 2900/5000: score=15.990815 loss=-0.425238 valid=1.0000 routes=14.448 grad=4.3359 seconds=43.0
Epoch 2901/5000: score=16.852226 loss=-0.408665 valid=1.0000 routes=14.443 grad=4.1575 seconds=42.7
Epoch 2902/5000: score=16.347748 loss=-0.417947 valid=1.0000 routes=14.703 grad=3.9773 seconds=43.7
Epoch 2903/5000: score=16.679791 loss=-0.404488 valid=1.0000 routes=14.347 grad=4.2245 seconds=43.1
Epoch 2904/5000: score=17.775575 loss=-0.447093 valid=1.0000 routes=14.456 grad=4.6037 seconds=43.2
Epoch 2905/5000: score=17.108960 loss=-0.445075 valid=1.0000 routes=15.028 grad=4.4052 seconds=43.1
Epoch 2906/5000: score=17.688208 loss=-0.446502 valid=1.0000 routes=14.580 grad=4.6191 seconds=42.8
Epoch 2907/5000: score=17.525405 loss=-0.425858 valid=1.0000 routes=13.843 grad=4.2944 seconds=43.3
Epoch 2908/5000: score=16.132687 loss=-0.401720 valid=1.0000 routes=13.690 grad=3.7943 seconds=43.0
Epoch 2909/5000: score=17.873234 loss=-0.447304 valid=1.0000 routes=14.676 grad=4.7244 seconds=43.2
Epoch 2910/5000: score=16.801723 loss=-0.405008 valid=1.0000 routes=13.587 grad=3.9028 seconds=43.1
Epoch 2911/5000: score=18.361669 loss=-0.448635 valid=1.0000 routes=14.251 grad=4.8220 seconds=43.2
Epoch 2912/5000: score=18.515180 loss=-0.466606 valid=1.0000 routes=14.826 grad=5.0473 seconds=43.3
Epoch 2913/5000: score=16.047980 loss=-0.405988 valid=1.0000 routes=13.798 grad=4.1259 seconds=43.1
Epoch 2914/5000: score=16.363842 loss=-0.386084 valid=1.0000 routes=13.600 grad=3.7056 seconds=43.1
Epoch 2915/5000: score=17.189373 loss=-0.401089 valid=1.0000 routes=13.709 grad=4.3864 seconds=43.2
Epoch 2916/5000: score=17.204894 loss=-0.408010 valid=1.0000 routes=14.463 grad=4.0885 seconds=42.7
Epoch 2917/5000: score=16.843532 loss=-0.423372 valid=1.0000 routes=14.286 grad=4.2800 seconds=43.2
Epoch 2918/5000: score=17.295534 loss=-0.417924 valid=1.0000 routes=13.982 grad=4.6093 seconds=42.9
Epoch 2919/5000: score=16.961217 loss=-0.433788 valid=1.0000 routes=14.953 grad=4.3777 seconds=43.1
Epoch 2920/5000: score=16.777904 loss=-0.404123 valid=1.0000 routes=14.271 grad=3.9601 seconds=42.6
Epoch 2921/5000: score=16.218649 loss=-0.392265 valid=1.0000 routes=13.402 grad=3.6327 seconds=42.9
Epoch 2922/5000: score=16.594692 loss=-0.395552 valid=1.0000 routes=13.361 grad=3.8599 seconds=43.0
Epoch 2923/5000: score=17.310295 loss=-0.434463 valid=1.0000 routes=14.247 grad=4.2969 seconds=42.7
Epoch 2924/5000: score=17.251316 loss=-0.448674 valid=1.0000 routes=13.897 grad=4.5015 seconds=43.0
Epoch 2925/5000: score=16.350022 loss=-0.408311 valid=1.0000 routes=14.492 grad=4.0552 seconds=42.9
Epoch 2926/5000: score=16.797725 loss=-0.436215 valid=1.0000 routes=15.160 grad=4.4427 seconds=43.3
Epoch 2927/5000: score=17.494780 loss=-0.430814 valid=1.0000 routes=14.167 grad=4.5237 seconds=44.2
Epoch 2928/5000: score=17.242786 loss=-0.439539 valid=1.0000 routes=14.513 grad=4.6873 seconds=42.9
Epoch 2929/5000: score=16.261576 loss=-0.406689 valid=1.0000 routes=14.392 grad=3.9571 seconds=43.1
Epoch 2930/5000: score=16.912389 loss=-0.414462 valid=1.0000 routes=13.707 grad=4.3292 seconds=42.8
Epoch 2931/5000: score=17.795313 loss=-0.445670 valid=1.0000 routes=14.472 grad=4.5218 seconds=43.0
Epoch 2932/5000: score=17.543846 loss=-0.453078 valid=1.0000 routes=15.136 grad=4.7515 seconds=42.9
Epoch 2933/5000: score=16.082073 loss=-0.388988 valid=1.0000 routes=13.594 grad=4.1012 seconds=43.0
Epoch 2934/5000: score=16.418813 loss=-0.381243 valid=1.0000 routes=13.321 grad=3.6862 seconds=43.0
Epoch 2935/5000: score=16.482296 loss=-0.414461 valid=1.0000 routes=14.551 grad=4.1780 seconds=42.8
Epoch 2936/5000: score=17.790789 loss=-0.439201 valid=1.0000 routes=14.459 grad=4.6938 seconds=43.6
Epoch 2937/5000: score=17.395580 loss=-0.423276 valid=1.0000 routes=13.592 grad=4.4392 seconds=43.0
Epoch 2938/5000: score=17.030896 loss=-0.422921 valid=1.0000 routes=14.243 grad=4.1459 seconds=43.8
Epoch 2939/5000: score=17.185151 loss=-0.441480 valid=1.0000 routes=14.709 grad=4.4686 seconds=42.8
Epoch 2940/5000: score=17.342499 loss=-0.431556 valid=1.0000 routes=14.583 grad=4.3192 seconds=42.3
Epoch 2941/5000: score=17.593879 loss=-0.447187 valid=1.0000 routes=14.429 grad=4.6110 seconds=42.7
Epoch 2942/5000: score=16.893297 loss=-0.408383 valid=1.0000 routes=13.747 grad=4.1240 seconds=42.4
Epoch 2943/5000: score=16.294660 loss=-0.388827 valid=1.0000 routes=14.406 grad=3.8675 seconds=42.6
Epoch 2944/5000: score=17.846501 loss=-0.424562 valid=1.0000 routes=14.529 grad=4.4078 seconds=42.5
Epoch 2945/5000: score=17.741089 loss=-0.439434 valid=1.0000 routes=15.020 grad=4.4836 seconds=42.5
Epoch 2946/5000: score=17.287571 loss=-0.416340 valid=1.0000 routes=13.869 grad=4.2376 seconds=42.7
Epoch 2947/5000: score=16.434098 loss=-0.387679 valid=1.0000 routes=13.919 grad=3.8537 seconds=42.3
Epoch 2948/5000: score=16.666617 loss=-0.419591 valid=1.0000 routes=14.461 grad=4.1951 seconds=43.3
Epoch 2949/5000: score=18.502951 loss=-0.446843 valid=1.0000 routes=14.684 grad=4.8976 seconds=42.7
Epoch 2950/5000: score=16.876626 loss=-0.420537 valid=1.0000 routes=14.305 grad=4.3998 seconds=43.0
Epoch 2951/5000: score=16.656840 loss=-0.405298 valid=1.0000 routes=14.374 grad=4.0326 seconds=42.9
Epoch 2952/5000: score=16.302357 loss=-0.416929 valid=1.0000 routes=14.112 grad=4.0351 seconds=42.8
Epoch 2953/5000: score=17.542539 loss=-0.439203 valid=1.0000 routes=15.092 grad=4.4763 seconds=43.0
Epoch 2954/5000: score=18.016643 loss=-0.436930 valid=1.0000 routes=14.783 grad=4.7780 seconds=42.7
Epoch 2955/5000: score=16.625013 loss=-0.410780 valid=1.0000 routes=13.769 grad=4.0832 seconds=42.9
Epoch 2956/5000: score=16.560181 loss=-0.410462 valid=1.0000 routes=14.068 grad=4.1945 seconds=42.8
Epoch 2957/5000: score=18.048500 loss=-0.459363 valid=1.0000 routes=15.469 grad=4.9092 seconds=42.9
Epoch 2958/5000: score=17.012295 loss=-0.413641 valid=1.0000 routes=13.409 grad=4.1767 seconds=43.1
Epoch 2959/5000: score=17.333950 loss=-0.434888 valid=1.0000 routes=13.564 grad=4.3316 seconds=42.6
Epoch 2960/5000: score=17.868069 loss=-0.435344 valid=1.0000 routes=14.110 grad=4.5145 seconds=43.3
Epoch 2961/5000: score=17.659227 loss=-0.434563 valid=1.0000 routes=14.551 grad=4.7192 seconds=43.0
Epoch 2962/5000: score=17.214080 loss=-0.440522 valid=1.0000 routes=14.699 grad=4.7250 seconds=43.2
Epoch 2963/5000: score=17.703936 loss=-0.461426 valid=1.0000 routes=14.840 grad=4.6193 seconds=43.0
Epoch 2964/5000: score=16.105276 loss=-0.378991 valid=1.0000 routes=13.390 grad=3.5859 seconds=42.8
Epoch 2965/5000: score=18.105975 loss=-0.458500 valid=1.0000 routes=15.437 grad=4.8245 seconds=42.9
Epoch 2966/5000: score=16.555682 loss=-0.402889 valid=1.0000 routes=13.930 grad=4.2500 seconds=42.7
Epoch 2967/5000: score=16.888147 loss=-0.421753 valid=1.0000 routes=14.253 grad=4.4116 seconds=43.2
Epoch 2968/5000: score=16.054478 loss=-0.396424 valid=1.0000 routes=13.775 grad=3.8463 seconds=42.9
Epoch 2969/5000: score=17.620594 loss=-0.448466 valid=1.0000 routes=14.506 grad=4.7577 seconds=43.0
Epoch 2970/5000: score=16.619568 loss=-0.424985 valid=1.0000 routes=14.237 grad=4.1844 seconds=43.0
Epoch 2971/5000: score=15.934718 loss=-0.382168 valid=1.0000 routes=13.646 grad=3.5006 seconds=42.8
Epoch 2972/5000: score=17.621962 loss=-0.414576 valid=1.0000 routes=14.214 grad=4.1748 seconds=43.3
Epoch 2973/5000: score=16.971405 loss=-0.414590 valid=1.0000 routes=14.777 grad=4.2063 seconds=44.9
Epoch 2974/5000: score=15.856242 loss=-0.387718 valid=1.0000 routes=13.003 grad=3.6719 seconds=43.1
Epoch 2975/5000: score=16.579675 loss=-0.411788 valid=1.0000 routes=14.848 grad=4.4764 seconds=43.1
Epoch 2976/5000: score=17.136207 loss=-0.430735 valid=1.0000 routes=13.892 grad=4.2987 seconds=43.0
Epoch 2977/5000: score=17.674216 loss=-0.447479 valid=1.0000 routes=14.886 grad=4.6621 seconds=43.2
Epoch 2978/5000: score=17.632416 loss=-0.442877 valid=1.0000 routes=14.753 grad=4.5984 seconds=43.0
Epoch 2979/5000: score=16.247688 loss=-0.400772 valid=1.0000 routes=14.286 grad=3.8374 seconds=42.8
Epoch 2980/5000: score=16.674160 loss=-0.425195 valid=1.0000 routes=14.435 grad=4.2243 seconds=43.1
Epoch 2981/5000: score=17.114507 loss=-0.422803 valid=1.0000 routes=13.681 grad=4.3934 seconds=43.0
Epoch 2982/5000: score=16.495750 loss=-0.398288 valid=1.0000 routes=13.646 grad=4.2245 seconds=43.0
Epoch 2983/5000: score=16.890017 loss=-0.417503 valid=1.0000 routes=13.136 grad=4.0411 seconds=43.7
Epoch 2984/5000: score=16.525217 loss=-0.401339 valid=1.0000 routes=13.863 grad=3.9786 seconds=42.9
Epoch 2985/5000: score=17.461246 loss=-0.452434 valid=1.0000 routes=14.766 grad=4.6175 seconds=43.6
Epoch 2986/5000: score=17.184094 loss=-0.438695 valid=1.0000 routes=15.058 grad=4.4941 seconds=42.7
Epoch 2987/5000: score=16.314197 loss=-0.417779 valid=1.0000 routes=14.014 grad=4.1682 seconds=42.8
Epoch 2988/5000: score=16.509607 loss=-0.403792 valid=1.0000 routes=13.995 grad=3.9308 seconds=42.6
Epoch 2989/5000: score=17.875121 loss=-0.450784 valid=1.0000 routes=14.978 grad=4.7548 seconds=42.6
Epoch 2990/5000: score=17.453294 loss=-0.445305 valid=1.0000 routes=15.102 grad=4.4009 seconds=42.7
Epoch 2991/5000: score=16.858417 loss=-0.403877 valid=1.0000 routes=13.687 grad=4.1806 seconds=43.0
Epoch 2992/5000: score=17.433230 loss=-0.432042 valid=1.0000 routes=14.399 grad=4.7605 seconds=42.8
Epoch 2993/5000: score=16.945122 loss=-0.423922 valid=1.0000 routes=13.911 grad=4.3328 seconds=42.5
Epoch 2994/5000: score=17.065805 loss=-0.409578 valid=1.0000 routes=14.414 grad=4.2782 seconds=42.7
Epoch 2995/5000: score=16.613181 loss=-0.406955 valid=1.0000 routes=14.599 grad=3.8194 seconds=42.6
Epoch 2996/5000: score=17.171868 loss=-0.438232 valid=1.0000 routes=14.217 grad=4.4366 seconds=43.1
Epoch 2997/5000: score=17.078351 loss=-0.429875 valid=1.0000 routes=14.460 grad=4.1385 seconds=42.6
Epoch 2998/5000: score=18.098404 loss=-0.450756 valid=1.0000 routes=15.205 grad=4.9089 seconds=42.7
Epoch 2999/5000: score=17.260684 loss=-0.422233 valid=1.0000 routes=14.065 grad=4.2415 seconds=42.9
Epoch 3000/5000: score=16.842782 loss=-0.402819 valid=1.0000 routes=13.276 grad=3.9804 seconds=42.9
Epoch 3001/5000: score=17.297342 loss=-0.439288 valid=1.0000 routes=14.068 grad=4.6329 seconds=43.3
Epoch 3002/5000: score=16.580427 loss=-0.399308 valid=1.0000 routes=13.884 grad=3.9232 seconds=42.9
Epoch 3003/5000: score=16.493979 loss=-0.439451 valid=1.0000 routes=14.537 grad=4.2467 seconds=43.1
Epoch 3004/5000: score=18.105517 loss=-0.458993 valid=1.0000 routes=15.165 grad=4.8484 seconds=42.9
Epoch 3005/5000: score=18.337968 loss=-0.447769 valid=1.0000 routes=14.659 grad=4.8790 seconds=43.0
>> Invalid instances, Re-generating ...
Epoch 3006/5000: score=18.097799 loss=-0.455552 valid=1.0000 routes=14.574 grad=5.0675 seconds=43.7
Epoch 3007/5000: score=17.278871 loss=-0.431270 valid=1.0000 routes=14.306 grad=4.4397 seconds=43.0
Epoch 3008/5000: score=17.631237 loss=-0.456402 valid=1.0000 routes=14.646 grad=4.6053 seconds=43.3
Epoch 3009/5000: score=16.170136 loss=-0.401362 valid=1.0000 routes=13.788 grad=3.8661 seconds=43.0
Epoch 3010/5000: score=16.778734 loss=-0.397813 valid=1.0000 routes=13.323 grad=3.8086 seconds=43.0
Epoch 3011/5000: score=16.670334 loss=-0.417776 valid=1.0000 routes=14.536 grad=4.2624 seconds=43.2
Epoch 3012/5000: score=16.954366 loss=-0.427384 valid=1.0000 routes=13.830 grad=4.4155 seconds=43.0
Epoch 3013/5000: score=17.097796 loss=-0.432066 valid=1.0000 routes=14.363 grad=4.3383 seconds=42.9
Epoch 3014/5000: score=18.127823 loss=-0.453656 valid=1.0000 routes=14.354 grad=4.7870 seconds=42.9
Epoch 3015/5000: score=16.403620 loss=-0.375035 valid=1.0000 routes=13.120 grad=3.7852 seconds=43.1
Epoch 3016/5000: score=17.744529 loss=-0.413709 valid=1.0000 routes=14.128 grad=4.2897 seconds=43.1
Epoch 3017/5000: score=17.106152 loss=-0.418326 valid=1.0000 routes=14.019 grad=4.3402 seconds=42.9
Epoch 3018/5000: score=16.157627 loss=-0.393707 valid=1.0000 routes=13.584 grad=3.9475 seconds=43.2
Epoch 3019/5000: score=17.051516 loss=-0.412422 valid=1.0000 routes=14.278 grad=4.1529 seconds=43.0
Epoch 3020/5000: score=16.786350 loss=-0.419431 valid=1.0000 routes=13.688 grad=4.1289 seconds=43.2
Epoch 3021/5000: score=16.380678 loss=-0.387524 valid=1.0000 routes=13.692 grad=3.7498 seconds=43.0
Epoch 3022/5000: score=17.484190 loss=-0.444043 valid=1.0000 routes=14.724 grad=4.7563 seconds=43.0
Epoch 3023/5000: score=17.344003 loss=-0.424485 valid=1.0000 routes=14.204 grad=4.3086 seconds=43.1
Epoch 3024/5000: score=17.207009 loss=-0.420857 valid=1.0000 routes=14.428 grad=4.2791 seconds=42.8
Epoch 3025/5000: score=16.946772 loss=-0.422043 valid=1.0000 routes=14.939 grad=4.3683 seconds=43.1
Epoch 3026/5000: score=17.853724 loss=-0.444943 valid=1.0000 routes=14.801 grad=4.8373 seconds=43.0
Epoch 3027/5000: score=18.323590 loss=-0.457305 valid=1.0000 routes=14.860 grad=5.0271 seconds=42.9
Epoch 3028/5000: score=17.456142 loss=-0.447600 valid=1.0000 routes=14.734 grad=4.5987 seconds=42.9
Epoch 3029/5000: score=17.238879 loss=-0.426812 valid=1.0000 routes=14.265 grad=4.4432 seconds=43.3
Epoch 3030/5000: score=17.282090 loss=-0.441657 valid=1.0000 routes=15.481 grad=4.6082 seconds=43.4
Epoch 3031/5000: score=17.168543 loss=-0.426414 valid=1.0000 routes=15.089 grad=4.2771 seconds=44.3
Epoch 3032/5000: score=16.981238 loss=-0.454972 valid=1.0000 routes=15.138 grad=4.6773 seconds=43.3
Epoch 3033/5000: score=16.614781 loss=-0.387538 valid=1.0000 routes=13.480 grad=3.9342 seconds=43.0
Epoch 3034/5000: score=17.654173 loss=-0.439276 valid=1.0000 routes=15.101 grad=4.7048 seconds=42.9
Epoch 3035/5000: score=17.765951 loss=-0.441313 valid=1.0000 routes=14.453 grad=4.4934 seconds=43.2
Epoch 3036/5000: score=17.861488 loss=-0.461167 valid=1.0000 routes=15.033 grad=4.9108 seconds=42.9
Epoch 3037/5000: score=17.569540 loss=-0.417295 valid=1.0000 routes=14.600 grad=4.4422 seconds=42.8
Epoch 3038/5000: score=16.263266 loss=-0.419581 valid=1.0000 routes=13.718 grad=4.2182 seconds=42.4
Epoch 3039/5000: score=15.859293 loss=-0.396985 valid=1.0000 routes=14.127 grad=3.6816 seconds=42.5
Epoch 3040/5000: score=18.069134 loss=-0.429304 valid=1.0000 routes=14.488 grad=4.5272 seconds=42.8
Epoch 3041/5000: score=16.819792 loss=-0.365239 valid=1.0000 routes=13.409 grad=3.6424 seconds=43.1
Epoch 3042/5000: score=17.188387 loss=-0.430578 valid=1.0000 routes=14.832 grad=4.4170 seconds=42.7
Epoch 3043/5000: score=17.456787 loss=-0.433578 valid=1.0000 routes=14.441 grad=4.4990 seconds=42.6
Epoch 3044/5000: score=16.889532 loss=-0.419707 valid=1.0000 routes=13.676 grad=4.2213 seconds=42.8
Epoch 3045/5000: score=16.763608 loss=-0.390970 valid=1.0000 routes=13.334 grad=3.9472 seconds=42.8
Epoch 3046/5000: score=16.575986 loss=-0.424099 valid=1.0000 routes=14.755 grad=4.1762 seconds=42.7
Epoch 3047/5000: score=17.399068 loss=-0.424763 valid=1.0000 routes=14.760 grad=4.4574 seconds=42.8
Epoch 3048/5000: score=16.470239 loss=-0.401849 valid=1.0000 routes=13.382 grad=4.0459 seconds=42.6
Epoch 3049/5000: score=16.718426 loss=-0.404412 valid=1.0000 routes=13.259 grad=4.0086 seconds=43.1
Epoch 3050/5000: score=17.221572 loss=-0.420643 valid=1.0000 routes=14.222 grad=4.3700 seconds=42.8
Epoch 3051/5000: score=16.462995 loss=-0.374429 valid=1.0000 routes=13.104 grad=3.8549 seconds=42.7
Epoch 3052/5000: score=16.990207 loss=-0.456688 valid=1.0000 routes=14.661 grad=5.1026 seconds=43.0
Epoch 3053/5000: score=17.227346 loss=-0.435485 valid=1.0000 routes=15.124 grad=4.3006 seconds=42.5
Epoch 3054/5000: score=16.000554 loss=-0.397668 valid=1.0000 routes=13.643 grad=3.8002 seconds=43.0
Epoch 3055/5000: score=15.730341 loss=-0.406038 valid=1.0000 routes=13.746 grad=4.0103 seconds=42.5
Epoch 3056/5000: score=17.324326 loss=-0.406746 valid=1.0000 routes=13.867 grad=4.2465 seconds=42.7
>> Invalid instances, Re-generating ...
Epoch 3057/5000: score=15.959792 loss=-0.390337 valid=1.0000 routes=13.817 grad=3.7777 seconds=42.5
Epoch 3058/5000: score=16.289891 loss=-0.376124 valid=1.0000 routes=13.713 grad=3.7214 seconds=42.4
Epoch 3059/5000: score=17.089350 loss=-0.430706 valid=1.0000 routes=14.313 grad=4.3107 seconds=42.9
Epoch 3060/5000: score=18.031350 loss=-0.442934 valid=1.0000 routes=14.373 grad=4.9348 seconds=42.5
Epoch 3061/5000: score=16.116180 loss=-0.426498 valid=1.0000 routes=14.184 grad=4.0917 seconds=42.8
Epoch 3062/5000: score=17.309850 loss=-0.449849 valid=1.0000 routes=14.409 grad=4.5748 seconds=42.4
Epoch 3063/5000: score=17.755954 loss=-0.433842 valid=1.0000 routes=14.636 grad=4.5189 seconds=42.7
Epoch 3064/5000: score=18.771678 loss=-0.476485 valid=1.0000 routes=14.778 grad=5.2739 seconds=43.3
Epoch 3065/5000: score=16.034140 loss=-0.400897 valid=1.0000 routes=13.764 grad=4.0614 seconds=42.8
Epoch 3066/5000: score=17.870145 loss=-0.426067 valid=1.0000 routes=14.977 grad=4.5057 seconds=43.2
Epoch 3067/5000: score=18.094241 loss=-0.458474 valid=1.0000 routes=15.940 grad=4.8229 seconds=42.5
Epoch 3068/5000: score=15.757499 loss=-0.404641 valid=1.0000 routes=13.607 grad=3.7778 seconds=42.8
Epoch 3069/5000: score=17.313451 loss=-0.435012 valid=1.0000 routes=14.646 grad=4.4905 seconds=42.8
Epoch 3070/5000: score=17.372571 loss=-0.436674 valid=1.0000 routes=14.732 grad=4.5885 seconds=42.8
Epoch 3071/5000: score=17.077871 loss=-0.441350 valid=1.0000 routes=15.649 grad=4.5206 seconds=43.0
Epoch 3072/5000: score=17.097422 loss=-0.445727 valid=1.0000 routes=14.677 grad=4.5575 seconds=42.6
Epoch 3073/5000: score=17.174265 loss=-0.422767 valid=1.0000 routes=14.275 grad=4.2737 seconds=43.0
Epoch 3074/5000: score=16.865804 loss=-0.394599 valid=1.0000 routes=13.726 grad=4.0646 seconds=42.7
Epoch 3075/5000: score=16.496741 loss=-0.399058 valid=1.0000 routes=13.307 grad=3.9547 seconds=42.8
Epoch 3076/5000: score=17.726983 loss=-0.420667 valid=1.0000 routes=14.512 grad=4.5029 seconds=43.1
Epoch 3077/5000: score=18.273783 loss=-0.440852 valid=1.0000 routes=14.507 grad=4.7340 seconds=42.6
Epoch 3078/5000: score=17.991572 loss=-0.453541 valid=1.0000 routes=14.489 grad=4.9797 seconds=43.2
Epoch 3079/5000: score=17.029838 loss=-0.409510 valid=1.0000 routes=14.135 grad=4.2592 seconds=42.9
Epoch 3080/5000: score=17.596081 loss=-0.411413 valid=1.0000 routes=14.095 grad=4.3949 seconds=42.7
Epoch 3081/5000: score=17.842458 loss=-0.449277 valid=1.0000 routes=14.734 grad=4.9731 seconds=42.7
Epoch 3082/5000: score=17.618994 loss=-0.439363 valid=1.0000 routes=14.625 grad=4.7513 seconds=42.6
Epoch 3083/5000: score=17.872375 loss=-0.455338 valid=1.0000 routes=15.049 grad=4.8767 seconds=42.8
Epoch 3084/5000: score=15.951836 loss=-0.405174 valid=1.0000 routes=13.804 grad=4.0920 seconds=42.5
Epoch 3085/5000: score=16.792374 loss=-0.397634 valid=1.0000 routes=13.861 grad=4.1264 seconds=42.7
Epoch 3086/5000: score=17.625683 loss=-0.460353 valid=1.0000 routes=15.383 grad=4.8273 seconds=42.5
Epoch 3087/5000: score=16.494491 loss=-0.402373 valid=1.0000 routes=13.280 grad=4.0757 seconds=42.7
Epoch 3088/5000: score=17.774888 loss=-0.439460 valid=1.0000 routes=14.608 grad=4.5955 seconds=42.9
Epoch 3089/5000: score=17.185671 loss=-0.425601 valid=1.0000 routes=13.819 grad=4.3108 seconds=43.2
Epoch 3090/5000: score=16.708838 loss=-0.375562 valid=1.0000 routes=13.795 grad=3.8100 seconds=42.8
Epoch 3091/5000: score=17.022072 loss=-0.412041 valid=1.0000 routes=13.950 grad=4.1421 seconds=42.5
Epoch 3092/5000: score=18.024012 loss=-0.432247 valid=1.0000 routes=14.321 grad=4.6277 seconds=42.9
Epoch 3093/5000: score=16.609974 loss=-0.422086 valid=1.0000 routes=13.491 grad=4.1642 seconds=42.9
Epoch 3094/5000: score=17.246596 loss=-0.438948 valid=1.0000 routes=14.798 grad=4.6604 seconds=42.9
Epoch 3095/5000: score=17.580278 loss=-0.427254 valid=1.0000 routes=14.178 grad=4.8644 seconds=43.1
Epoch 3096/5000: score=16.695263 loss=-0.428718 valid=1.0000 routes=13.843 grad=4.3464 seconds=42.7
Epoch 3097/5000: score=17.859288 loss=-0.457997 valid=1.0000 routes=14.505 grad=4.7658 seconds=42.8
Epoch 3098/5000: score=16.376798 loss=-0.402169 valid=1.0000 routes=13.873 grad=4.0896 seconds=42.6
Epoch 3099/5000: score=17.399170 loss=-0.422064 valid=1.0000 routes=13.736 grad=4.4774 seconds=43.2
Epoch 3100/5000: score=16.984754 loss=-0.437764 valid=1.0000 routes=14.637 grad=4.4040 seconds=43.0
Epoch 3101/5000: score=16.042614 loss=-0.398620 valid=1.0000 routes=14.274 grad=4.0117 seconds=42.7
Epoch 3102/5000: score=17.331070 loss=-0.435399 valid=1.0000 routes=14.068 grad=4.6300 seconds=43.0
Epoch 3103/5000: score=17.927158 loss=-0.449505 valid=1.0000 routes=14.786 grad=4.6917 seconds=42.7
Epoch 3104/5000: score=16.939625 loss=-0.423891 valid=1.0000 routes=14.455 grad=4.4346 seconds=43.1
Epoch 3105/5000: score=17.379052 loss=-0.432486 valid=1.0000 routes=14.434 grad=4.3876 seconds=42.8
Epoch 3106/5000: score=18.143580 loss=-0.450860 valid=1.0000 routes=15.105 grad=4.9106 seconds=42.7
Epoch 3107/5000: score=16.934071 loss=-0.422005 valid=1.0000 routes=13.544 grad=4.3600 seconds=42.9
Epoch 3108/5000: score=17.994980 loss=-0.449189 valid=1.0000 routes=14.970 grad=4.7583 seconds=42.6
Epoch 3109/5000: score=18.507180 loss=-0.486481 valid=1.0000 routes=16.690 grad=5.4561 seconds=43.0
Epoch 3110/5000: score=16.769999 loss=-0.404961 valid=1.0000 routes=13.970 grad=4.0036 seconds=42.8
Epoch 3111/5000: score=17.195679 loss=-0.418749 valid=1.0000 routes=14.408 grad=4.2428 seconds=43.0
Epoch 3112/5000: score=17.090191 loss=-0.432518 valid=1.0000 routes=14.117 grad=4.4311 seconds=43.1
Epoch 3113/5000: score=16.907254 loss=-0.413213 valid=1.0000 routes=13.947 grad=4.2423 seconds=42.7
Epoch 3114/5000: score=16.519629 loss=-0.382079 valid=1.0000 routes=13.017 grad=4.2547 seconds=43.0
Epoch 3115/5000: score=15.930736 loss=-0.390106 valid=1.0000 routes=13.542 grad=3.7471 seconds=42.7
Epoch 3116/5000: score=17.144135 loss=-0.443746 valid=1.0000 routes=14.800 grad=4.5323 seconds=43.0
Epoch 3117/5000: score=16.820455 loss=-0.433998 valid=1.0000 routes=14.078 grad=4.5953 seconds=42.9
Epoch 3118/5000: score=17.199526 loss=-0.423754 valid=1.0000 routes=14.274 grad=4.5535 seconds=42.8
Epoch 3119/5000: score=17.018445 loss=-0.406463 valid=1.0000 routes=13.385 grad=4.2046 seconds=43.1
>> Invalid instances, Re-generating ...
Epoch 3120/5000: score=17.464774 loss=-0.447351 valid=1.0000 routes=14.814 grad=4.5409 seconds=42.8
Epoch 3121/5000: score=17.904022 loss=-0.442477 valid=1.0000 routes=14.739 grad=4.7278 seconds=42.8
Epoch 3122/5000: score=16.956712 loss=-0.423565 valid=1.0000 routes=14.155 grad=4.2166 seconds=42.9
Epoch 3123/5000: score=16.353101 loss=-0.391883 valid=1.0000 routes=13.646 grad=3.9023 seconds=43.0
Epoch 3124/5000: score=17.289509 loss=-0.419053 valid=1.0000 routes=14.797 grad=4.3221 seconds=43.2
Epoch 3125/5000: score=16.412419 loss=-0.383473 valid=1.0000 routes=13.440 grad=3.7924 seconds=42.6
Epoch 3126/5000: score=16.773856 loss=-0.395934 valid=1.0000 routes=13.460 grad=4.0892 seconds=42.9
Epoch 3127/5000: score=16.992562 loss=-0.420487 valid=1.0000 routes=13.720 grad=4.5937 seconds=42.8
Epoch 3128/5000: score=17.851931 loss=-0.448492 valid=1.0000 routes=15.321 grad=5.1411 seconds=43.0
Epoch 3129/5000: score=16.907846 loss=-0.405336 valid=1.0000 routes=13.596 grad=4.2382 seconds=43.0
Epoch 3130/5000: score=16.707543 loss=-0.413860 valid=1.0000 routes=13.710 grad=4.3932 seconds=42.8
Epoch 3131/5000: score=16.479506 loss=-0.415751 valid=1.0000 routes=14.233 grad=4.3290 seconds=42.8
Epoch 3132/5000: score=16.167962 loss=-0.405365 valid=1.0000 routes=14.755 grad=3.8805 seconds=42.7
Epoch 3133/5000: score=16.692249 loss=-0.408657 valid=1.0000 routes=14.239 grad=4.2172 seconds=43.2
Epoch 3134/5000: score=16.548332 loss=-0.414434 valid=1.0000 routes=13.934 grad=4.0419 seconds=43.2
Epoch 3135/5000: score=17.062433 loss=-0.414582 valid=1.0000 routes=14.502 grad=4.4018 seconds=42.8
Epoch 3136/5000: score=17.811103 loss=-0.439440 valid=1.0000 routes=14.912 grad=4.5788 seconds=43.1
Epoch 3137/5000: score=16.264677 loss=-0.397713 valid=1.0000 routes=14.011 grad=3.9595 seconds=42.9
Epoch 3138/5000: score=17.501802 loss=-0.451780 valid=1.0000 routes=15.444 grad=4.8164 seconds=43.0
Epoch 3139/5000: score=16.882085 loss=-0.370616 valid=1.0000 routes=13.486 grad=3.8508 seconds=42.6
Epoch 3140/5000: score=17.380697 loss=-0.396650 valid=1.0000 routes=14.224 grad=4.1964 seconds=42.9
Epoch 3141/5000: score=16.805319 loss=-0.405298 valid=1.0000 routes=13.728 grad=4.1651 seconds=42.8
Epoch 3142/5000: score=17.417914 loss=-0.422913 valid=1.0000 routes=14.186 grad=4.5890 seconds=42.7
Epoch 3143/5000: score=17.775725 loss=-0.429258 valid=1.0000 routes=14.592 grad=4.6229 seconds=42.9
Epoch 3144/5000: score=17.077295 loss=-0.406768 valid=1.0000 routes=13.606 grad=4.3936 seconds=42.8
Epoch 3145/5000: score=18.042889 loss=-0.443559 valid=1.0000 routes=15.036 grad=4.6481 seconds=42.9
Epoch 3146/5000: score=17.698294 loss=-0.458519 valid=1.0000 routes=15.095 grad=4.7322 seconds=43.0
Epoch 3147/5000: score=16.178853 loss=-0.384164 valid=1.0000 routes=13.003 grad=3.7520 seconds=43.0
Epoch 3148/5000: score=18.152430 loss=-0.443071 valid=1.0000 routes=15.207 grad=4.8988 seconds=42.8
>> Invalid instances, Re-generating ...
Epoch 3149/5000: score=17.896343 loss=-0.434411 valid=1.0000 routes=14.615 grad=4.6033 seconds=42.4
Epoch 3150/5000: score=16.797803 loss=-0.411815 valid=1.0000 routes=14.226 grad=4.2568 seconds=42.7
Epoch 3151/5000: score=16.683945 loss=-0.418132 valid=1.0000 routes=14.387 grad=4.2610 seconds=42.4
Epoch 3152/5000: score=16.206352 loss=-0.399817 valid=1.0000 routes=13.925 grad=4.0016 seconds=42.9
Epoch 3153/5000: score=16.512998 loss=-0.403403 valid=1.0000 routes=13.520 grad=4.1000 seconds=42.9
Epoch 3154/5000: score=16.447261 loss=-0.394225 valid=1.0000 routes=13.875 grad=4.1134 seconds=42.6
>> Invalid instances, Re-generating ...
Epoch 3155/5000: score=16.503687 loss=-0.418448 valid=1.0000 routes=14.401 grad=4.2810 seconds=42.8
Epoch 3156/5000: score=17.602715 loss=-0.420367 valid=1.0000 routes=14.084 grad=4.5968 seconds=42.5
Epoch 3157/5000: score=17.749818 loss=-0.448362 valid=1.0000 routes=14.900 grad=4.5832 seconds=43.1
Epoch 3158/5000: score=17.265353 loss=-0.431905 valid=1.0000 routes=14.696 grad=4.4219 seconds=42.6
Epoch 3159/5000: score=16.952081 loss=-0.421772 valid=1.0000 routes=13.898 grad=4.1926 seconds=43.2
Epoch 3160/5000: score=16.883226 loss=-0.391821 valid=1.0000 routes=13.529 grad=3.9902 seconds=42.7
Epoch 3161/5000: score=17.548937 loss=-0.415827 valid=1.0000 routes=13.487 grad=4.4138 seconds=42.6
Epoch 3162/5000: score=16.661992 loss=-0.411733 valid=1.0000 routes=14.713 grad=4.0599 seconds=42.7
Epoch 3163/5000: score=17.188876 loss=-0.427600 valid=1.0000 routes=14.574 grad=4.3455 seconds=42.5
Epoch 3164/5000: score=16.557237 loss=-0.410694 valid=1.0000 routes=13.056 grad=4.2483 seconds=42.9
Epoch 3165/5000: score=16.833274 loss=-0.407049 valid=1.0000 routes=13.783 grad=4.1057 seconds=42.5
Epoch 3166/5000: score=17.248106 loss=-0.432676 valid=1.0000 routes=14.721 grad=4.7153 seconds=42.6
Epoch 3167/5000: score=16.815498 loss=-0.418655 valid=1.0000 routes=14.363 grad=4.1326 seconds=42.6
Epoch 3168/5000: score=15.957594 loss=-0.384339 valid=1.0000 routes=13.551 grad=3.7291 seconds=42.3
Epoch 3169/5000: score=16.290968 loss=-0.405444 valid=1.0000 routes=14.059 grad=4.0610 seconds=42.8
Epoch 3170/5000: score=16.198033 loss=-0.403404 valid=1.0000 routes=13.531 grad=3.9578 seconds=42.3
Epoch 3171/5000: score=17.666150 loss=-0.429017 valid=1.0000 routes=15.052 grad=4.5437 seconds=44.0
Epoch 3172/5000: score=17.312871 loss=-0.434577 valid=1.0000 routes=14.860 grad=4.5111 seconds=42.6
Epoch 3173/5000: score=17.264402 loss=-0.465731 valid=1.0000 routes=14.324 grad=5.0357 seconds=42.7
Epoch 3174/5000: score=17.161252 loss=-0.399485 valid=1.0000 routes=13.788 grad=4.2995 seconds=42.6
Epoch 3175/5000: score=16.805931 loss=-0.426648 valid=1.0000 routes=14.856 grad=4.3086 seconds=42.4
Epoch 3176/5000: score=16.421018 loss=-0.378891 valid=1.0000 routes=13.665 grad=3.7313 seconds=42.6
Epoch 3177/5000: score=17.668338 loss=-0.406811 valid=1.0000 routes=13.838 grad=4.2678 seconds=42.6
Epoch 3178/5000: score=16.837653 loss=-0.414122 valid=1.0000 routes=14.259 grad=4.2324 seconds=42.6
Epoch 3179/5000: score=17.005688 loss=-0.394259 valid=1.0000 routes=13.608 grad=4.2817 seconds=42.6
Epoch 3180/5000: score=18.574969 loss=-0.467219 valid=1.0000 routes=15.119 grad=5.2604 seconds=42.5
Epoch 3181/5000: score=16.607637 loss=-0.426461 valid=1.0000 routes=14.863 grad=4.7834 seconds=43.9
Epoch 3182/5000: score=17.869286 loss=-0.453058 valid=1.0000 routes=14.582 grad=4.8419 seconds=43.1
Epoch 3183/5000: score=16.809839 loss=-0.411300 valid=1.0000 routes=12.947 grad=4.1629 seconds=43.1
Epoch 3184/5000: score=17.793256 loss=-0.428210 valid=1.0000 routes=14.091 grad=4.6370 seconds=42.6
Epoch 3185/5000: score=17.888082 loss=-0.457689 valid=1.0000 routes=15.527 grad=4.8221 seconds=42.3
Epoch 3186/5000: score=16.702484 loss=-0.383663 valid=1.0000 routes=13.567 grad=3.8476 seconds=42.6
Epoch 3187/5000: score=16.997070 loss=-0.419372 valid=1.0000 routes=14.304 grad=4.1730 seconds=42.4
Epoch 3188/5000: score=17.158231 loss=-0.427682 valid=1.0000 routes=13.763 grad=4.5230 seconds=42.7
Epoch 3189/5000: score=17.703619 loss=-0.435568 valid=1.0000 routes=15.299 grad=4.6692 seconds=42.4
Epoch 3190/5000: score=17.399348 loss=-0.426521 valid=1.0000 routes=14.671 grad=4.4310 seconds=42.4
Epoch 3191/5000: score=17.415391 loss=-0.421924 valid=1.0000 routes=14.314 grad=4.4847 seconds=42.6
Epoch 3192/5000: score=17.075455 loss=-0.398269 valid=1.0000 routes=13.549 grad=4.1020 seconds=42.7
Epoch 3193/5000: score=15.702642 loss=-0.399242 valid=1.0000 routes=13.858 grad=3.8653 seconds=43.3
Epoch 3194/5000: score=16.885084 loss=-0.419516 valid=1.0000 routes=15.059 grad=4.2861 seconds=43.8
Epoch 3195/5000: score=17.099606 loss=-0.410560 valid=1.0000 routes=14.250 grad=4.6330 seconds=43.2
Epoch 3196/5000: score=17.286747 loss=-0.425788 valid=1.0000 routes=14.961 grad=4.5653 seconds=43.1
Epoch 3197/5000: score=16.941291 loss=-0.438945 valid=1.0000 routes=15.014 grad=4.4691 seconds=42.8
Epoch 3198/5000: score=16.765286 loss=-0.421674 valid=1.0000 routes=15.637 grad=4.5327 seconds=43.1
Epoch 3199/5000: score=17.541511 loss=-0.437533 valid=1.0000 routes=14.592 grad=4.5914 seconds=42.8
Epoch 3200/5000: score=17.890898 loss=-0.422875 valid=1.0000 routes=14.096 grad=4.6932 seconds=43.0
Epoch 3201/5000: score=16.294604 loss=-0.406471 valid=1.0000 routes=14.112 grad=4.1164 seconds=42.9
Epoch 3202/5000: score=16.951909 loss=-0.417712 valid=1.0000 routes=14.071 grad=4.1926 seconds=42.9
Epoch 3203/5000: score=16.189682 loss=-0.388030 valid=1.0000 routes=13.659 grad=4.0248 seconds=43.1
Epoch 3204/5000: score=17.516524 loss=-0.426500 valid=1.0000 routes=14.754 grad=4.4266 seconds=43.5
Epoch 3205/5000: score=17.895760 loss=-0.430017 valid=1.0000 routes=14.720 grad=4.5779 seconds=43.2
Epoch 3206/5000: score=16.753666 loss=-0.402352 valid=1.0000 routes=14.699 grad=4.3133 seconds=44.3
Epoch 3207/5000: score=16.627421 loss=-0.392486 valid=1.0000 routes=13.503 grad=4.1686 seconds=43.0
Epoch 3208/5000: score=16.972107 loss=-0.421323 valid=1.0000 routes=13.702 grad=4.5873 seconds=43.8
Epoch 3209/5000: score=17.650169 loss=-0.446459 valid=1.0000 routes=16.058 grad=4.7134 seconds=43.2
Epoch 3210/5000: score=17.135014 loss=-0.386451 valid=1.0000 routes=13.302 grad=4.1391 seconds=45.4
Epoch 3211/5000: score=16.371276 loss=-0.407043 valid=1.0000 routes=13.669 grad=4.1748 seconds=46.0
Epoch 3212/5000: score=16.654857 loss=-0.397853 valid=1.0000 routes=14.384 grad=4.0344 seconds=45.7
Epoch 3213/5000: score=16.824398 loss=-0.396214 valid=1.0000 routes=13.766 grad=4.0705 seconds=45.4
Epoch 3214/5000: score=16.444711 loss=-0.406009 valid=1.0000 routes=14.304 grad=4.1028 seconds=47.9
Epoch 3215/5000: score=17.011893 loss=-0.445750 valid=1.0000 routes=15.303 grad=4.8217 seconds=47.6
Epoch 3216/5000: score=16.112362 loss=-0.386568 valid=1.0000 routes=13.676 grad=3.7947 seconds=47.1
Epoch 3217/5000: score=18.067499 loss=-0.445411 valid=1.0000 routes=14.608 grad=4.7050 seconds=46.5
Epoch 3218/5000: score=17.947160 loss=-0.436526 valid=1.0000 routes=14.382 grad=4.5577 seconds=45.8
Epoch 3219/5000: score=17.332824 loss=-0.429671 valid=1.0000 routes=14.124 grad=4.3432 seconds=42.9
Epoch 3220/5000: score=17.261602 loss=-0.423407 valid=1.0000 routes=13.999 grad=4.3922 seconds=43.0
Epoch 3221/5000: score=17.299626 loss=-0.429920 valid=1.0000 routes=14.738 grad=4.3882 seconds=43.2
Epoch 3222/5000: score=17.918635 loss=-0.438679 valid=1.0000 routes=15.035 grad=4.6038 seconds=45.2
Epoch 3223/5000: score=16.114440 loss=-0.399648 valid=1.0000 routes=14.039 grad=4.0098 seconds=43.6
Epoch 3224/5000: score=17.679512 loss=-0.433483 valid=1.0000 routes=14.749 grad=4.6604 seconds=43.2
Epoch 3225/5000: score=17.950967 loss=-0.444872 valid=1.0000 routes=14.862 grad=4.8508 seconds=44.7
Epoch 3226/5000: score=16.802157 loss=-0.396078 valid=1.0000 routes=13.689 grad=4.1571 seconds=46.3
Epoch 3227/5000: score=16.104799 loss=-0.398610 valid=1.0000 routes=13.293 grad=4.2646 seconds=45.7
Epoch 3228/5000: score=16.728735 loss=-0.420278 valid=1.0000 routes=13.967 grad=4.4829 seconds=43.8
Epoch 3229/5000: score=16.253858 loss=-0.416986 valid=1.0000 routes=14.064 grad=4.0525 seconds=44.5
Epoch 3230/5000: score=17.242496 loss=-0.397914 valid=1.0000 routes=14.281 grad=4.2628 seconds=44.5
Epoch 3231/5000: score=16.659951 loss=-0.398436 valid=1.0000 routes=13.659 grad=4.3611 seconds=43.8
Epoch 3232/5000: score=16.477093 loss=-0.400811 valid=1.0000 routes=13.763 grad=4.1672 seconds=43.5
Epoch 3233/5000: score=17.001605 loss=-0.407683 valid=1.0000 routes=13.903 grad=4.2858 seconds=44.9
Epoch 3234/5000: score=16.779701 loss=-0.418670 valid=1.0000 routes=13.912 grad=4.2753 seconds=44.0
Epoch 3235/5000: score=17.266217 loss=-0.429884 valid=1.0000 routes=14.154 grad=4.5150 seconds=43.6
Epoch 3236/5000: score=16.272924 loss=-0.396017 valid=1.0000 routes=14.072 grad=3.8514 seconds=43.2
Epoch 3237/5000: score=17.373137 loss=-0.439116 valid=1.0000 routes=14.918 grad=4.6502 seconds=44.0
Epoch 3238/5000: score=16.447520 loss=-0.411706 valid=1.0000 routes=14.289 grad=4.0842 seconds=43.2
Epoch 3239/5000: score=16.228019 loss=-0.392371 valid=1.0000 routes=13.773 grad=3.9082 seconds=43.4
Epoch 3240/5000: score=15.882363 loss=-0.374294 valid=1.0000 routes=13.507 grad=3.9038 seconds=43.5
Epoch 3241/5000: score=17.240208 loss=-0.417654 valid=1.0000 routes=14.810 grad=4.2705 seconds=43.8
Epoch 3242/5000: score=16.290433 loss=-0.390524 valid=1.0000 routes=13.776 grad=3.8323 seconds=44.1
Epoch 3243/5000: score=17.794852 loss=-0.441101 valid=1.0000 routes=14.502 grad=4.7791 seconds=44.0
Epoch 3244/5000: score=17.572173 loss=-0.424911 valid=1.0000 routes=14.517 grad=4.4991 seconds=43.5
Epoch 3245/5000: score=16.296907 loss=-0.408608 valid=1.0000 routes=14.116 grad=4.1640 seconds=44.0
Epoch 3246/5000: score=17.538238 loss=-0.420181 valid=1.0000 routes=13.717 grad=4.5225 seconds=44.6
Epoch 3247/5000: score=16.717602 loss=-0.409587 valid=1.0000 routes=14.125 grad=4.3122 seconds=43.6
Epoch 3248/5000: score=15.984409 loss=-0.395352 valid=1.0000 routes=13.831 grad=3.7936 seconds=43.5
Epoch 3249/5000: score=16.844275 loss=-0.421888 valid=1.0000 routes=14.854 grad=4.3051 seconds=43.3
>> Invalid instances, Re-generating ...
Epoch 3250/5000: score=17.997596 loss=-0.424417 valid=1.0000 routes=13.838 grad=4.6189 seconds=43.7
Epoch 3251/5000: score=16.889994 loss=-0.429682 valid=1.0000 routes=14.707 grad=4.5692 seconds=43.5
Epoch 3252/5000: score=17.025173 loss=-0.425848 valid=1.0000 routes=14.405 grad=4.4513 seconds=44.3
>> Invalid instances, Re-generating ...
Epoch 3253/5000: score=16.614492 loss=-0.404354 valid=1.0000 routes=13.758 grad=4.0500 seconds=43.0
Epoch 3254/5000: score=15.994639 loss=-0.392717 valid=1.0000 routes=13.853 grad=3.8425 seconds=43.6
Epoch 3255/5000: score=17.745634 loss=-0.431607 valid=1.0000 routes=14.887 grad=4.6587 seconds=43.0
Epoch 3256/5000: score=16.788448 loss=-0.406040 valid=1.0000 routes=13.069 grad=4.3111 seconds=43.2
Epoch 3257/5000: score=16.422222 loss=-0.406508 valid=1.0000 routes=13.807 grad=4.1221 seconds=43.3
>> Invalid instances, Re-generating ...
Epoch 3258/5000: score=17.491701 loss=-0.440840 valid=1.0000 routes=15.665 grad=4.7779 seconds=45.8
Epoch 3259/5000: score=17.758712 loss=-0.431935 valid=1.0000 routes=14.679 grad=4.5429 seconds=43.8
Epoch 3260/5000: score=16.083660 loss=-0.394316 valid=1.0000 routes=14.203 grad=3.9490 seconds=43.2
Epoch 3261/5000: score=18.483885 loss=-0.457646 valid=1.0000 routes=15.543 grad=4.9629 seconds=43.4
Epoch 3262/5000: score=17.673343 loss=-0.411146 valid=1.0000 routes=14.109 grad=4.6160 seconds=43.1
Epoch 3263/5000: score=17.453975 loss=-0.411252 valid=1.0000 routes=13.739 grad=4.3034 seconds=43.5
Epoch 3264/5000: score=16.371559 loss=-0.404682 valid=1.0000 routes=14.307 grad=4.1144 seconds=44.2
Epoch 3265/5000: score=17.385400 loss=-0.448206 valid=1.0000 routes=14.502 grad=4.7779 seconds=43.2
Epoch 3266/5000: score=17.455236 loss=-0.434904 valid=1.0000 routes=14.992 grad=4.4776 seconds=43.3
Epoch 3267/5000: score=17.834136 loss=-0.445597 valid=1.0000 routes=14.682 grad=4.8051 seconds=43.8
Epoch 3268/5000: score=15.674245 loss=-0.398437 valid=1.0000 routes=13.885 grad=3.7822 seconds=43.4
Epoch 3269/5000: score=16.781428 loss=-0.398476 valid=1.0000 routes=14.132 grad=3.9397 seconds=43.1
Epoch 3270/5000: score=17.277662 loss=-0.427879 valid=1.0000 routes=14.478 grad=4.3505 seconds=43.3
Epoch 3271/5000: score=18.355566 loss=-0.458486 valid=1.0000 routes=15.792 grad=5.1467 seconds=43.1
Epoch 3272/5000: score=16.052782 loss=-0.403225 valid=1.0000 routes=14.025 grad=3.9681 seconds=43.4
Epoch 3273/5000: score=17.285544 loss=-0.409990 valid=1.0000 routes=13.551 grad=4.3582 seconds=43.1
Epoch 3274/5000: score=17.255119 loss=-0.443614 valid=1.0000 routes=15.357 grad=4.5578 seconds=43.3
Epoch 3275/5000: score=17.459574 loss=-0.442659 valid=1.0000 routes=15.270 grad=4.5521 seconds=43.6
Epoch 3276/5000: score=16.665704 loss=-0.386064 valid=1.0000 routes=12.786 grad=3.9681 seconds=43.2
Epoch 3277/5000: score=16.750389 loss=-0.407308 valid=1.0000 routes=14.644 grad=4.5899 seconds=44.5
Epoch 3278/5000: score=17.528864 loss=-0.436753 valid=1.0000 routes=15.346 grad=4.6951 seconds=43.0
Epoch 3279/5000: score=17.125306 loss=-0.435679 valid=1.0000 routes=14.587 grad=4.6719 seconds=43.4
Epoch 3280/5000: score=17.617963 loss=-0.434862 valid=1.0000 routes=14.834 grad=4.8671 seconds=43.1
Epoch 3281/5000: score=17.832373 loss=-0.437378 valid=1.0000 routes=14.213 grad=4.8172 seconds=43.3
Epoch 3282/5000: score=17.142480 loss=-0.411821 valid=1.0000 routes=14.232 grad=4.2770 seconds=43.0
Epoch 3283/5000: score=18.308662 loss=-0.444814 valid=1.0000 routes=14.288 grad=4.9201 seconds=43.2
Epoch 3284/5000: score=17.805376 loss=-0.444658 valid=1.0000 routes=15.211 grad=4.8185 seconds=43.0
Epoch 3285/5000: score=17.166802 loss=-0.410220 valid=1.0000 routes=13.844 grad=4.3046 seconds=43.4
Epoch 3286/5000: score=16.934706 loss=-0.424397 valid=1.0000 routes=14.288 grad=4.2815 seconds=43.7
Epoch 3287/5000: score=16.766004 loss=-0.418529 valid=1.0000 routes=13.659 grad=4.1981 seconds=43.3
Epoch 3288/5000: score=16.855106 loss=-0.384756 valid=1.0000 routes=13.616 grad=3.9891 seconds=43.9
Epoch 3289/5000: score=17.218764 loss=-0.440528 valid=1.0000 routes=14.363 grad=4.6413 seconds=43.1
Epoch 3290/5000: score=16.797667 loss=-0.397214 valid=1.0000 routes=14.189 grad=4.3505 seconds=43.2
Epoch 3291/5000: score=17.023935 loss=-0.404663 valid=1.0000 routes=14.110 grad=4.3299 seconds=42.9
Epoch 3292/5000: score=16.956736 loss=-0.398682 valid=1.0000 routes=14.267 grad=4.2795 seconds=42.6
Epoch 3293/5000: score=17.288083 loss=-0.415272 valid=1.0000 routes=14.440 grad=4.6286 seconds=42.7
Epoch 3294/5000: score=17.031088 loss=-0.413803 valid=1.0000 routes=14.389 grad=4.3301 seconds=42.8
Epoch 3295/5000: score=18.011023 loss=-0.448725 valid=1.0000 routes=14.638 grad=5.0671 seconds=42.8
Epoch 3296/5000: score=16.420308 loss=-0.391435 valid=1.0000 routes=13.768 grad=3.8420 seconds=42.9
Epoch 3297/5000: score=15.924522 loss=-0.365046 valid=1.0000 routes=14.051 grad=3.5184 seconds=42.6
Epoch 3298/5000: score=16.952128 loss=-0.408349 valid=1.0000 routes=13.914 grad=4.2321 seconds=43.9
Epoch 3299/5000: score=17.562769 loss=-0.425273 valid=1.0000 routes=14.428 grad=4.5996 seconds=42.6
Epoch 3300/5000: score=17.446775 loss=-0.421424 valid=1.0000 routes=14.784 grad=4.3573 seconds=44.1
Epoch 3301/5000: score=16.720561 loss=-0.393767 valid=1.0000 routes=13.632 grad=4.3781 seconds=43.0
Epoch 3302/5000: score=17.052214 loss=-0.433094 valid=1.0000 routes=15.081 grad=4.6178 seconds=42.4
Epoch 3303/5000: score=16.482616 loss=-0.389499 valid=1.0000 routes=13.960 grad=4.0247 seconds=42.7
Epoch 3304/5000: score=16.810669 loss=-0.409734 valid=1.0000 routes=14.520 grad=4.3618 seconds=42.8
Epoch 3305/5000: score=17.140118 loss=-0.442157 valid=1.0000 routes=15.310 grad=4.6096 seconds=43.2
Epoch 3306/5000: score=17.024654 loss=-0.426135 valid=1.0000 routes=13.895 grad=4.1959 seconds=42.8
Epoch 3307/5000: score=16.938865 loss=-0.410222 valid=1.0000 routes=14.216 grad=4.3062 seconds=42.9
Epoch 3308/5000: score=15.665030 loss=-0.360463 valid=1.0000 routes=13.129 grad=3.4648 seconds=42.7
Epoch 3309/5000: score=16.844923 loss=-0.415416 valid=1.0000 routes=14.310 grad=4.1928 seconds=42.9
Epoch 3310/5000: score=16.080613 loss=-0.371563 valid=1.0000 routes=13.711 grad=3.6253 seconds=43.6
Epoch 3311/5000: score=16.646605 loss=-0.411095 valid=1.0000 routes=14.072 grad=4.3101 seconds=43.0
Epoch 3312/5000: score=18.035201 loss=-0.466971 valid=1.0000 routes=15.138 grad=5.3586 seconds=42.9
Epoch 3313/5000: score=16.246579 loss=-0.392590 valid=1.0000 routes=13.954 grad=3.9384 seconds=42.8
Epoch 3314/5000: score=17.454441 loss=-0.398862 valid=1.0000 routes=14.045 grad=4.3195 seconds=42.8
Epoch 3315/5000: score=17.418697 loss=-0.415804 valid=1.0000 routes=13.922 grad=4.5899 seconds=42.8
Epoch 3316/5000: score=17.302755 loss=-0.409055 valid=1.0000 routes=13.993 grad=4.3354 seconds=42.8
Epoch 3317/5000: score=16.811927 loss=-0.419980 valid=1.0000 routes=14.373 grad=4.3550 seconds=43.3
Epoch 3318/5000: score=16.584427 loss=-0.426917 valid=1.0000 routes=13.265 grad=4.3422 seconds=44.0
Epoch 3319/5000: score=16.695948 loss=-0.406067 valid=1.0000 routes=13.940 grad=4.1441 seconds=42.9
Epoch 3320/5000: score=17.969383 loss=-0.419400 valid=1.0000 routes=14.202 grad=4.6398 seconds=42.7
Epoch 3321/5000: score=17.121862 loss=-0.393519 valid=1.0000 routes=13.717 grad=4.3227 seconds=42.8
Epoch 3322/5000: score=15.882150 loss=-0.369077 valid=1.0000 routes=13.699 grad=3.6143 seconds=43.1
Epoch 3323/5000: score=16.462729 loss=-0.375833 valid=1.0000 routes=13.672 grad=3.7481 seconds=43.3
Epoch 3324/5000: score=16.262464 loss=-0.405910 valid=1.0000 routes=13.765 grad=3.9713 seconds=42.8
Epoch 3325/5000: score=16.746702 loss=-0.420013 valid=1.0000 routes=14.765 grad=4.4835 seconds=43.3
Epoch 3326/5000: score=16.928069 loss=-0.401577 valid=1.0000 routes=13.829 grad=4.3541 seconds=42.9
Epoch 3327/5000: score=17.215653 loss=-0.406330 valid=1.0000 routes=13.711 grad=4.3241 seconds=43.3
Epoch 3328/5000: score=17.576286 loss=-0.407537 valid=1.0000 routes=13.340 grad=4.5990 seconds=42.9
Epoch 3329/5000: score=17.393939 loss=-0.413789 valid=1.0000 routes=14.461 grad=4.3227 seconds=42.9
Epoch 3330/5000: score=17.215304 loss=-0.405356 valid=1.0000 routes=13.942 grad=4.2754 seconds=42.9
Epoch 3331/5000: score=18.077432 loss=-0.441826 valid=1.0000 routes=14.634 grad=4.8918 seconds=43.0
Epoch 3332/5000: score=16.925457 loss=-0.413477 valid=1.0000 routes=14.824 grad=4.2448 seconds=42.9
Epoch 3333/5000: score=16.783739 loss=-0.411492 valid=1.0000 routes=14.361 grad=4.3414 seconds=43.3
Epoch 3334/5000: score=17.772553 loss=-0.428952 valid=1.0000 routes=14.673 grad=4.5448 seconds=43.1
Epoch 3335/5000: score=16.881933 loss=-0.377740 valid=1.0000 routes=13.714 grad=4.0936 seconds=43.0
Epoch 3336/5000: score=16.440070 loss=-0.376032 valid=1.0000 routes=13.528 grad=3.7557 seconds=42.8
Epoch 3337/5000: score=16.986422 loss=-0.419701 valid=1.0000 routes=14.659 grad=4.4610 seconds=42.8
Epoch 3338/5000: score=16.459697 loss=-0.403002 valid=1.0000 routes=13.542 grad=3.9547 seconds=43.2
Epoch 3339/5000: score=17.953795 loss=-0.452326 valid=1.0000 routes=15.340 grad=4.8860 seconds=42.9
Epoch 3340/5000: score=16.650302 loss=-0.409046 valid=1.0000 routes=14.195 grad=4.6538 seconds=43.3
Epoch 3341/5000: score=17.307195 loss=-0.435065 valid=1.0000 routes=14.759 grad=4.5573 seconds=42.8
Epoch 3342/5000: score=18.409454 loss=-0.468766 valid=1.0000 routes=15.674 grad=4.9795 seconds=43.3
Epoch 3343/5000: score=17.280210 loss=-0.436151 valid=1.0000 routes=14.099 grad=4.6329 seconds=43.2
Epoch 3344/5000: score=16.047227 loss=-0.395405 valid=1.0000 routes=14.256 grad=3.8507 seconds=43.0
Epoch 3345/5000: score=17.424764 loss=-0.440420 valid=1.0000 routes=15.299 grad=4.5777 seconds=43.4
Epoch 3346/5000: score=17.505324 loss=-0.416690 valid=1.0000 routes=14.108 grad=4.2789 seconds=43.0
Epoch 3347/5000: score=16.951395 loss=-0.386604 valid=1.0000 routes=13.642 grad=3.9724 seconds=43.3
Epoch 3348/5000: score=17.595669 loss=-0.439297 valid=1.0000 routes=14.324 grad=4.5175 seconds=42.9
Epoch 3349/5000: score=18.442083 loss=-0.459864 valid=1.0000 routes=15.096 grad=5.2198 seconds=43.3
Epoch 3350/5000: score=18.069198 loss=-0.464727 valid=1.0000 routes=14.677 grad=5.1199 seconds=42.8
Epoch 3351/5000: score=17.010986 loss=-0.436339 valid=1.0000 routes=14.918 grad=4.5765 seconds=43.0
Epoch 3352/5000: score=18.419286 loss=-0.451472 valid=1.0000 routes=15.018 grad=4.8504 seconds=42.7
Epoch 3353/5000: score=17.229500 loss=-0.408022 valid=1.0000 routes=14.193 grad=4.2199 seconds=43.1
Epoch 3354/5000: score=17.178804 loss=-0.429518 valid=1.0000 routes=14.339 grad=4.4567 seconds=43.0
Epoch 3355/5000: score=18.200664 loss=-0.435410 valid=1.0000 routes=14.345 grad=4.8086 seconds=42.9
Epoch 3356/5000: score=17.141090 loss=-0.420587 valid=1.0000 routes=14.607 grad=4.4232 seconds=43.3
Epoch 3357/5000: score=18.451690 loss=-0.446607 valid=1.0000 routes=15.127 grad=4.9960 seconds=43.3
Epoch 3358/5000: score=18.508060 loss=-0.454032 valid=1.0000 routes=15.338 grad=4.9238 seconds=43.6
Epoch 3359/5000: score=16.553285 loss=-0.384049 valid=1.0000 routes=13.281 grad=3.8899 seconds=42.8
Epoch 3360/5000: score=17.863600 loss=-0.405912 valid=1.0000 routes=14.118 grad=4.3215 seconds=43.1
Epoch 3361/5000: score=15.766667 loss=-0.382171 valid=1.0000 routes=13.494 grad=3.7794 seconds=42.5
Epoch 3362/5000: score=17.013742 loss=-0.410449 valid=1.0000 routes=14.605 grad=4.1722 seconds=43.0
Epoch 3363/5000: score=17.648321 loss=-0.423824 valid=1.0000 routes=13.945 grad=4.3136 seconds=43.1
Epoch 3364/5000: score=16.971788 loss=-0.423246 valid=1.0000 routes=14.214 grad=4.3128 seconds=43.1
Epoch 3365/5000: score=15.948070 loss=-0.381457 valid=1.0000 routes=13.962 grad=3.7857 seconds=42.8
Epoch 3366/5000: score=16.724563 loss=-0.385545 valid=1.0000 routes=14.017 grad=4.0695 seconds=42.7
Epoch 3367/5000: score=16.145253 loss=-0.383363 valid=1.0000 routes=13.742 grad=3.8133 seconds=43.3
Epoch 3368/5000: score=16.084640 loss=-0.385075 valid=1.0000 routes=14.087 grad=3.7974 seconds=43.3
Epoch 3369/5000: score=17.568892 loss=-0.418182 valid=1.0000 routes=14.590 grad=4.5860 seconds=43.3
Epoch 3370/5000: score=17.245193 loss=-0.449581 valid=1.0000 routes=15.059 grad=4.7876 seconds=43.0
Epoch 3371/5000: score=17.069905 loss=-0.418300 valid=1.0000 routes=14.355 grad=4.5173 seconds=43.1
Epoch 3372/5000: score=18.421739 loss=-0.462188 valid=1.0000 routes=14.724 grad=5.4217 seconds=42.8
Epoch 3373/5000: score=17.610885 loss=-0.428516 valid=1.0000 routes=14.311 grad=4.5257 seconds=43.1
Epoch 3374/5000: score=17.860832 loss=-0.454085 valid=1.0000 routes=14.868 grad=4.8093 seconds=43.1
Epoch 3375/5000: score=16.548299 loss=-0.398444 valid=1.0000 routes=14.076 grad=4.0223 seconds=43.0
Epoch 3376/5000: score=17.471086 loss=-0.430938 valid=1.0000 routes=14.313 grad=4.5096 seconds=42.9
Epoch 3377/5000: score=18.614249 loss=-0.449439 valid=1.0000 routes=15.511 grad=4.9288 seconds=42.9
Epoch 3378/5000: score=16.617107 loss=-0.413378 valid=1.0000 routes=14.588 grad=4.3590 seconds=43.2
Epoch 3379/5000: score=16.607996 loss=-0.390942 valid=1.0000 routes=14.035 grad=3.9763 seconds=42.8
Epoch 3380/5000: score=18.122279 loss=-0.445161 valid=1.0000 routes=14.662 grad=4.8125 seconds=43.2
Epoch 3381/5000: score=17.854902 loss=-0.431444 valid=1.0000 routes=14.603 grad=4.8792 seconds=42.9
Epoch 3382/5000: score=18.732186 loss=-0.461999 valid=1.0000 routes=15.585 grad=5.3134 seconds=43.3
Epoch 3383/5000: score=17.456861 loss=-0.430004 valid=1.0000 routes=14.160 grad=4.4207 seconds=43.0
Epoch 3384/5000: score=16.801600 loss=-0.412299 valid=1.0000 routes=14.177 grad=4.3317 seconds=43.1
Epoch 3385/5000: score=17.239422 loss=-0.452106 valid=1.0000 routes=14.699 grad=4.7654 seconds=42.8
Epoch 3386/5000: score=17.472623 loss=-0.444746 valid=1.0000 routes=14.743 grad=4.8441 seconds=43.2
Epoch 3387/5000: score=17.451261 loss=-0.425750 valid=1.0000 routes=13.839 grad=4.6220 seconds=43.0
Epoch 3388/5000: score=16.981857 loss=-0.422065 valid=1.0000 routes=13.874 grad=4.4083 seconds=43.0
Epoch 3389/5000: score=17.262188 loss=-0.402791 valid=1.0000 routes=14.163 grad=4.3205 seconds=42.8
Epoch 3390/5000: score=17.073559 loss=-0.419062 valid=1.0000 routes=14.657 grad=4.4213 seconds=42.8
Epoch 3391/5000: score=16.690013 loss=-0.393528 valid=1.0000 routes=14.103 grad=4.0357 seconds=43.2
Epoch 3392/5000: score=17.351823 loss=-0.419638 valid=1.0000 routes=14.796 grad=4.3716 seconds=43.2
Epoch 3393/5000: score=16.916333 loss=-0.405054 valid=1.0000 routes=14.224 grad=4.2017 seconds=43.6
Epoch 3394/5000: score=17.034025 loss=-0.413128 valid=1.0000 routes=13.826 grad=4.3442 seconds=42.9
Epoch 3395/5000: score=16.762188 loss=-0.408131 valid=1.0000 routes=13.592 grad=4.4120 seconds=43.1
Epoch 3396/5000: score=16.915827 loss=-0.401021 valid=1.0000 routes=14.100 grad=4.3715 seconds=42.8
Epoch 3397/5000: score=16.942727 loss=-0.401272 valid=1.0000 routes=13.888 grad=4.3014 seconds=42.9
Epoch 3398/5000: score=17.511800 loss=-0.448874 valid=1.0000 routes=15.616 grad=5.0289 seconds=43.5
Epoch 3399/5000: score=17.866498 loss=-0.423197 valid=1.0000 routes=14.705 grad=4.8216 seconds=42.9
Epoch 3400/5000: score=16.133033 loss=-0.396710 valid=1.0000 routes=13.849 grad=4.0434 seconds=43.0
Epoch 3401/5000: score=15.918344 loss=-0.368635 valid=1.0000 routes=13.342 grad=3.7400 seconds=42.9
Epoch 3402/5000: score=18.156680 loss=-0.451759 valid=1.0000 routes=14.641 grad=5.1408 seconds=43.3
Epoch 3403/5000: score=17.902737 loss=-0.431459 valid=1.0000 routes=14.487 grad=4.7861 seconds=43.2
Epoch 3404/5000: score=17.454309 loss=-0.421835 valid=1.0000 routes=14.169 grad=4.5482 seconds=43.2
Epoch 3405/5000: score=16.228828 loss=-0.383195 valid=1.0000 routes=13.529 grad=3.8384 seconds=43.1
Epoch 3406/5000: score=17.516513 loss=-0.415457 valid=1.0000 routes=14.170 grad=4.6629 seconds=43.4
Epoch 3407/5000: score=18.136005 loss=-0.448227 valid=1.0000 routes=15.078 grad=4.9445 seconds=43.3
Epoch 3408/5000: score=17.527589 loss=-0.432601 valid=1.0000 routes=15.279 grad=4.6112 seconds=43.0
Epoch 3409/5000: score=17.434107 loss=-0.402359 valid=1.0000 routes=14.366 grad=4.1882 seconds=43.1
Epoch 3410/5000: score=17.818378 loss=-0.439103 valid=1.0000 routes=14.483 grad=4.9820 seconds=43.0
Epoch 3411/5000: score=16.546140 loss=-0.404893 valid=1.0000 routes=13.396 grad=4.2068 seconds=43.5
Epoch 3412/5000: score=15.836362 loss=-0.369643 valid=1.0000 routes=13.896 grad=3.6814 seconds=42.9
Epoch 3413/5000: score=15.917745 loss=-0.380749 valid=1.0000 routes=14.104 grad=3.7767 seconds=43.1
Epoch 3414/5000: score=17.623212 loss=-0.437110 valid=1.0000 routes=15.694 grad=4.7098 seconds=43.0
Epoch 3415/5000: score=16.547731 loss=-0.403086 valid=1.0000 routes=14.224 grad=4.2148 seconds=43.5
Epoch 3416/5000: score=16.243037 loss=-0.390330 valid=1.0000 routes=13.231 grad=4.1007 seconds=43.7
Epoch 3417/5000: score=18.287001 loss=-0.460844 valid=1.0000 routes=14.821 grad=5.1871 seconds=44.0
Epoch 3418/5000: score=16.426393 loss=-0.418475 valid=1.0000 routes=14.437 grad=4.3501 seconds=43.9
Epoch 3419/5000: score=17.114764 loss=-0.428131 valid=1.0000 routes=14.787 grad=4.4470 seconds=43.0
Epoch 3420/5000: score=16.959856 loss=-0.416579 valid=1.0000 routes=14.364 grad=4.4738 seconds=43.2
Epoch 3421/5000: score=17.116916 loss=-0.427470 valid=1.0000 routes=14.416 grad=4.4627 seconds=43.5
Epoch 3422/5000: score=16.946993 loss=-0.412898 valid=1.0000 routes=14.288 grad=4.2224 seconds=43.6
Epoch 3423/5000: score=16.331361 loss=-0.412416 valid=1.0000 routes=14.716 grad=4.1382 seconds=43.0
Epoch 3424/5000: score=17.544953 loss=-0.422458 valid=1.0000 routes=14.400 grad=4.6545 seconds=42.8
Epoch 3425/5000: score=17.826689 loss=-0.441555 valid=1.0000 routes=15.448 grad=4.7772 seconds=43.1
Epoch 3426/5000: score=16.658595 loss=-0.400383 valid=1.0000 routes=13.818 grad=4.1191 seconds=43.1
Epoch 3427/5000: score=16.505288 loss=-0.415610 valid=1.0000 routes=14.841 grad=4.2713 seconds=43.7
Epoch 3428/5000: score=16.829214 loss=-0.402739 valid=1.0000 routes=14.263 grad=4.2062 seconds=44.5
Epoch 3429/5000: score=17.098990 loss=-0.415280 valid=1.0000 routes=14.095 grad=4.3454 seconds=43.5
Epoch 3430/5000: score=17.424656 loss=-0.401732 valid=1.0000 routes=13.919 grad=4.4057 seconds=43.8
Epoch 3431/5000: score=16.206575 loss=-0.375556 valid=1.0000 routes=13.894 grad=3.8381 seconds=43.6
Epoch 3432/5000: score=18.289986 loss=-0.466764 valid=1.0000 routes=15.145 grad=5.0773 seconds=44.3
Epoch 3433/5000: score=16.632188 loss=-0.416038 valid=1.0000 routes=14.474 grad=4.3716 seconds=44.0
Epoch 3434/5000: score=17.719405 loss=-0.441624 valid=1.0000 routes=14.961 grad=4.8030 seconds=43.9
Epoch 3435/5000: score=16.703368 loss=-0.411129 valid=1.0000 routes=14.689 grad=4.3029 seconds=44.1
Epoch 3436/5000: score=16.637512 loss=-0.382466 valid=1.0000 routes=13.103 grad=3.9370 seconds=44.0
Epoch 3437/5000: score=16.577470 loss=-0.403905 valid=1.0000 routes=14.342 grad=4.2270 seconds=44.1
Epoch 3438/5000: score=17.050114 loss=-0.402103 valid=1.0000 routes=13.655 grad=4.5102 seconds=44.2
Epoch 3439/5000: score=17.037453 loss=-0.396079 valid=1.0000 routes=13.566 grad=4.3627 seconds=44.4
Epoch 3440/5000: score=16.381338 loss=-0.399399 valid=1.0000 routes=14.127 grad=4.2326 seconds=44.1
Epoch 3441/5000: score=16.894524 loss=-0.412955 valid=1.0000 routes=13.796 grad=4.4225 seconds=44.0
Epoch 3442/5000: score=16.852025 loss=-0.401789 valid=1.0000 routes=14.068 grad=4.3474 seconds=43.8
Epoch 3443/5000: score=17.345635 loss=-0.413882 valid=1.0000 routes=14.227 grad=4.5556 seconds=43.5
Epoch 3444/5000: score=17.010682 loss=-0.410831 valid=1.0000 routes=14.990 grad=4.3226 seconds=43.6
Epoch 3445/5000: score=17.296992 loss=-0.417500 valid=1.0000 routes=14.520 grad=4.2980 seconds=43.4
Epoch 3446/5000: score=16.545696 loss=-0.397206 valid=1.0000 routes=14.271 grad=3.8629 seconds=43.7
Epoch 3447/5000: score=16.302110 loss=-0.412651 valid=1.0000 routes=14.109 grad=4.2008 seconds=43.8
Epoch 3448/5000: score=16.489076 loss=-0.396535 valid=1.0000 routes=13.258 grad=4.0528 seconds=43.8
Epoch 3449/5000: score=16.680760 loss=-0.409608 valid=1.0000 routes=14.344 grad=4.5630 seconds=44.0
Epoch 3450/5000: score=16.840654 loss=-0.406157 valid=1.0000 routes=13.313 grad=4.5140 seconds=43.3
Epoch 3451/5000: score=18.805115 loss=-0.486816 valid=1.0000 routes=15.883 grad=5.3999 seconds=43.4
Epoch 3452/5000: score=17.783648 loss=-0.451477 valid=1.0000 routes=14.731 grad=4.9779 seconds=43.0
Epoch 3453/5000: score=17.834121 loss=-0.443398 valid=1.0000 routes=14.461 grad=4.8771 seconds=43.2
Epoch 3454/5000: score=16.429556 loss=-0.368223 valid=1.0000 routes=13.349 grad=3.8110 seconds=42.8
Epoch 3455/5000: score=16.620633 loss=-0.386792 valid=1.0000 routes=13.553 grad=4.0716 seconds=43.1
Epoch 3456/5000: score=17.131122 loss=-0.420927 valid=1.0000 routes=14.117 grad=4.3850 seconds=43.6
Epoch 3457/5000: score=16.715950 loss=-0.408660 valid=1.0000 routes=14.512 grad=4.5443 seconds=43.6
Epoch 3458/5000: score=17.038045 loss=-0.407819 valid=1.0000 routes=14.148 grad=4.1165 seconds=43.3
Epoch 3459/5000: score=16.865280 loss=-0.397852 valid=1.0000 routes=14.151 grad=4.1244 seconds=43.2
Epoch 3460/5000: score=16.200618 loss=-0.376319 valid=1.0000 routes=13.435 grad=3.9326 seconds=43.5
Epoch 3461/5000: score=17.138092 loss=-0.430672 valid=1.0000 routes=14.300 grad=4.6926 seconds=43.6
Epoch 3462/5000: score=17.349425 loss=-0.403330 valid=1.0000 routes=13.763 grad=4.4292 seconds=44.1
Epoch 3463/5000: score=17.250921 loss=-0.389532 valid=1.0000 routes=14.139 grad=4.2344 seconds=43.4
Epoch 3464/5000: score=17.166898 loss=-0.414664 valid=1.0000 routes=13.958 grad=4.3013 seconds=43.0
Epoch 3465/5000: score=16.488281 loss=-0.411198 valid=1.0000 routes=13.943 grad=4.3486 seconds=43.5
Epoch 3466/5000: score=16.371976 loss=-0.380796 valid=1.0000 routes=13.362 grad=4.1960 seconds=43.2
Epoch 3467/5000: score=16.620798 loss=-0.398181 valid=1.0000 routes=13.801 grad=4.1066 seconds=43.4
Epoch 3468/5000: score=16.201163 loss=-0.390252 valid=1.0000 routes=13.841 grad=3.9718 seconds=43.1
Epoch 3469/5000: score=17.555409 loss=-0.427168 valid=1.0000 routes=15.202 grad=4.5735 seconds=43.2
Epoch 3470/5000: score=17.726320 loss=-0.444338 valid=1.0000 routes=15.196 grad=4.8200 seconds=43.4
Epoch 3471/5000: score=16.573070 loss=-0.384262 valid=1.0000 routes=13.927 grad=4.0206 seconds=43.3
Epoch 3472/5000: score=17.709754 loss=-0.440012 valid=1.0000 routes=14.964 grad=4.8783 seconds=43.4
Epoch 3473/5000: score=16.274225 loss=-0.397340 valid=1.0000 routes=14.288 grad=4.1560 seconds=43.5
Epoch 3474/5000: score=17.720790 loss=-0.432386 valid=1.0000 routes=14.901 grad=4.6458 seconds=43.5
Epoch 3475/5000: score=16.873273 loss=-0.432385 valid=1.0000 routes=14.000 grad=4.5427 seconds=43.9
Epoch 3476/5000: score=17.275056 loss=-0.441810 valid=1.0000 routes=14.590 grad=4.6845 seconds=43.7
Epoch 3477/5000: score=16.695623 loss=-0.406447 valid=1.0000 routes=13.585 grad=4.2935 seconds=43.1
Epoch 3478/5000: score=17.334303 loss=-0.423493 valid=1.0000 routes=14.574 grad=4.5085 seconds=44.1
Epoch 3479/5000: score=16.492246 loss=-0.394004 valid=1.0000 routes=13.476 grad=4.2185 seconds=44.5
Epoch 3480/5000: score=16.294308 loss=-0.404336 valid=1.0000 routes=13.528 grad=4.1447 seconds=43.8
Epoch 3481/5000: score=16.775798 loss=-0.409584 valid=1.0000 routes=13.759 grad=4.3823 seconds=43.7
Epoch 3482/5000: score=17.272098 loss=-0.404448 valid=1.0000 routes=14.022 grad=4.4236 seconds=43.4
Epoch 3483/5000: score=17.101477 loss=-0.408076 valid=1.0000 routes=14.347 grad=4.4893 seconds=43.6
Epoch 3484/5000: score=16.809959 loss=-0.424621 valid=1.0000 routes=14.757 grad=4.4598 seconds=43.4
Epoch 3485/5000: score=17.254032 loss=-0.418855 valid=1.0000 routes=14.443 grad=4.5567 seconds=44.0
Epoch 3486/5000: score=16.081170 loss=-0.409305 valid=1.0000 routes=13.962 grad=4.0013 seconds=43.9
Epoch 3487/5000: score=16.996048 loss=-0.419749 valid=1.0000 routes=14.584 grad=4.5787 seconds=43.8
Epoch 3488/5000: score=16.973705 loss=-0.421089 valid=1.0000 routes=14.229 grad=4.7962 seconds=46.1
Epoch 3489/5000: score=16.924060 loss=-0.407240 valid=1.0000 routes=14.167 grad=4.6035 seconds=45.1
Epoch 3490/5000: score=17.777781 loss=-0.431147 valid=1.0000 routes=14.548 grad=4.8500 seconds=44.4
Epoch 3491/5000: score=17.464408 loss=-0.410251 valid=1.0000 routes=14.193 grad=4.4694 seconds=45.5
Epoch 3492/5000: score=17.135579 loss=-0.407767 valid=1.0000 routes=14.087 grad=4.3251 seconds=44.0
Epoch 3493/5000: score=17.519474 loss=-0.409602 valid=1.0000 routes=14.188 grad=4.3393 seconds=44.1
Epoch 3494/5000: score=16.821756 loss=-0.415431 valid=1.0000 routes=14.129 grad=4.3961 seconds=44.2
Epoch 3495/5000: score=16.602393 loss=-0.405296 valid=1.0000 routes=14.171 grad=4.4625 seconds=45.0
Epoch 3496/5000: score=18.317728 loss=-0.438882 valid=1.0000 routes=15.434 grad=5.0341 seconds=46.4
Epoch 3497/5000: score=17.216553 loss=-0.450871 valid=1.0000 routes=15.214 grad=4.7643 seconds=46.7
Epoch 3498/5000: score=17.621596 loss=-0.473899 valid=1.0000 routes=15.161 grad=4.9746 seconds=47.2
Epoch 3499/5000: score=16.452860 loss=-0.409606 valid=1.0000 routes=13.510 grad=4.1654 seconds=46.5
Epoch 3500/5000: score=17.299388 loss=-0.420043 valid=1.0000 routes=14.910 grad=4.5726 seconds=47.3
Epoch 3501/5000: score=17.078860 loss=-0.393934 valid=1.0000 routes=13.953 grad=4.1523 seconds=46.4
Epoch 3502/5000: score=17.922628 loss=-0.432807 valid=1.0000 routes=14.636 grad=4.8273 seconds=46.6
Epoch 3503/5000: score=16.161332 loss=-0.398240 valid=1.0000 routes=13.116 grad=3.8687 seconds=45.4
Epoch 3504/5000: score=17.135952 loss=-0.432083 valid=1.0000 routes=14.097 grad=4.5764 seconds=44.8
Epoch 3505/5000: score=18.338340 loss=-0.465209 valid=1.0000 routes=15.258 grad=4.9330 seconds=46.5
Epoch 3506/5000: score=17.524269 loss=-0.421337 valid=1.0000 routes=14.165 grad=4.6585 seconds=46.7
Epoch 3507/5000: score=18.291863 loss=-0.443818 valid=1.0000 routes=14.730 grad=4.9673 seconds=44.0
Epoch 3508/5000: score=16.591014 loss=-0.405205 valid=1.0000 routes=13.311 grad=4.2840 seconds=46.9
Epoch 3509/5000: score=15.989467 loss=-0.370329 valid=1.0000 routes=13.335 grad=3.6528 seconds=47.0
Epoch 3510/5000: score=16.499447 loss=-0.408311 valid=1.0000 routes=14.731 grad=4.2452 seconds=45.3
Epoch 3511/5000: score=16.961169 loss=-0.427831 valid=1.0000 routes=14.875 grad=4.4966 seconds=45.3
Epoch 3512/5000: score=18.189115 loss=-0.445130 valid=1.0000 routes=14.816 grad=5.2544 seconds=46.8
Epoch 3513/5000: score=17.546933 loss=-0.461172 valid=1.0000 routes=15.408 grad=4.7999 seconds=46.9
Epoch 3514/5000: score=17.157336 loss=-0.416680 valid=1.0000 routes=14.319 grad=4.4261 seconds=47.4
Epoch 3515/5000: score=16.471282 loss=-0.393889 valid=1.0000 routes=14.293 grad=4.2771 seconds=45.3
Epoch 3516/5000: score=15.655137 loss=-0.388275 valid=1.0000 routes=13.335 grad=4.0223 seconds=43.4
Epoch 3517/5000: score=15.609590 loss=-0.375500 valid=1.0000 routes=12.790 grad=3.6817 seconds=43.6
Epoch 3518/5000: score=16.624795 loss=-0.382614 valid=1.0000 routes=13.619 grad=4.0520 seconds=43.5
Epoch 3519/5000: score=16.986131 loss=-0.411209 valid=1.0000 routes=14.536 grad=4.6757 seconds=43.7
Epoch 3520/5000: score=16.437952 loss=-0.392513 valid=1.0000 routes=13.878 grad=4.1450 seconds=43.8
Epoch 3521/5000: score=17.133909 loss=-0.396730 valid=1.0000 routes=14.399 grad=4.2399 seconds=43.3
>> Invalid instances, Re-generating ...
Epoch 3522/5000: score=17.545784 loss=-0.445903 valid=1.0000 routes=15.136 grad=4.6102 seconds=44.8
Epoch 3523/5000: score=17.322469 loss=-0.419212 valid=1.0000 routes=14.816 grad=4.3904 seconds=45.8
Epoch 3524/5000: score=17.171618 loss=-0.430749 valid=1.0000 routes=14.559 grad=4.5355 seconds=45.5
Epoch 3525/5000: score=17.177642 loss=-0.410560 valid=1.0000 routes=14.057 grad=4.3839 seconds=46.4
Epoch 3526/5000: score=18.023404 loss=-0.445076 valid=1.0000 routes=14.766 grad=4.9417 seconds=46.6
Epoch 3527/5000: score=16.871494 loss=-0.404631 valid=1.0000 routes=14.315 grad=4.4379 seconds=46.3
Epoch 3528/5000: score=16.362438 loss=-0.390449 valid=1.0000 routes=13.565 grad=4.1725 seconds=46.7
Epoch 3529/5000: score=16.753677 loss=-0.395612 valid=1.0000 routes=13.453 grad=4.3550 seconds=46.4
Epoch 3530/5000: score=17.085247 loss=-0.393188 valid=1.0000 routes=14.013 grad=4.3359 seconds=46.4
Epoch 3531/5000: score=16.994244 loss=-0.403695 valid=1.0000 routes=14.388 grad=4.5397 seconds=46.8
Epoch 3532/5000: score=17.054063 loss=-0.411187 valid=1.0000 routes=14.191 grad=4.3496 seconds=46.5
Epoch 3533/5000: score=16.868863 loss=-0.433318 valid=1.0000 routes=14.384 grad=4.6043 seconds=46.6
Epoch 3534/5000: score=16.772663 loss=-0.428203 valid=1.0000 routes=14.601 grad=4.6332 seconds=46.2
Epoch 3535/5000: score=17.833255 loss=-0.413716 valid=1.0000 routes=14.431 grad=4.6363 seconds=46.0
Epoch 3536/5000: score=17.147581 loss=-0.405897 valid=1.0000 routes=14.482 grad=4.2460 seconds=46.1
Epoch 3537/5000: score=17.030604 loss=-0.414613 valid=1.0000 routes=14.464 grad=4.4641 seconds=46.2
Epoch 3538/5000: score=17.881814 loss=-0.435667 valid=1.0000 routes=14.910 grad=4.8039 seconds=46.2
Epoch 3539/5000: score=16.853225 loss=-0.395051 valid=1.0000 routes=14.076 grad=4.0576 seconds=46.1
Epoch 3540/5000: score=17.283401 loss=-0.438302 valid=1.0000 routes=15.334 grad=4.5491 seconds=46.4
Epoch 3541/5000: score=16.415746 loss=-0.403589 valid=1.0000 routes=13.679 grad=4.0739 seconds=46.3
Epoch 3542/5000: score=17.547521 loss=-0.441955 valid=1.0000 routes=14.979 grad=4.6754 seconds=45.9
Epoch 3543/5000: score=16.795081 loss=-0.381934 valid=1.0000 routes=13.953 grad=3.8722 seconds=45.7
Epoch 3544/5000: score=16.484477 loss=-0.381032 valid=1.0000 routes=13.259 grad=3.8167 seconds=45.7
Epoch 3545/5000: score=16.765580 loss=-0.400759 valid=1.0000 routes=13.595 grad=4.4030 seconds=46.2
Epoch 3546/5000: score=17.350298 loss=-0.410743 valid=1.0000 routes=13.747 grad=4.3692 seconds=45.2
Epoch 3547/5000: score=17.315841 loss=-0.408914 valid=1.0000 routes=13.770 grad=4.5685 seconds=43.4
Epoch 3548/5000: score=16.526166 loss=-0.414881 valid=1.0000 routes=13.641 grad=4.4126 seconds=43.5
Epoch 3549/5000: score=17.275346 loss=-0.408288 valid=1.0000 routes=14.333 grad=4.3532 seconds=45.1
Epoch 3550/5000: score=17.789890 loss=-0.437342 valid=1.0000 routes=15.041 grad=4.5661 seconds=44.6
Epoch 3551/5000: score=17.814354 loss=-0.424232 valid=1.0000 routes=14.572 grad=4.5166 seconds=43.4
Epoch 3552/5000: score=18.151760 loss=-0.455591 valid=1.0000 routes=15.315 grad=5.2418 seconds=43.8
>> Invalid instances, Re-generating ...
Epoch 3553/5000: score=16.302790 loss=-0.403809 valid=1.0000 routes=14.275 grad=4.1422 seconds=43.9
Epoch 3554/5000: score=16.410323 loss=-0.400897 valid=1.0000 routes=14.078 grad=4.1348 seconds=44.0
Epoch 3555/5000: score=17.955397 loss=-0.437138 valid=1.0000 routes=14.521 grad=4.7730 seconds=43.7
Epoch 3556/5000: score=18.568982 loss=-0.436313 valid=1.0000 routes=14.916 grad=4.9370 seconds=43.8
Epoch 3557/5000: score=16.627462 loss=-0.391314 valid=1.0000 routes=13.777 grad=4.1848 seconds=43.7
>> Invalid instances, Re-generating ...
Epoch 3558/5000: score=17.961288 loss=-0.442122 valid=1.0000 routes=15.341 grad=4.8919 seconds=43.3
Epoch 3559/5000: score=16.652689 loss=-0.402518 valid=1.0000 routes=14.514 grad=4.1100 seconds=43.7
Epoch 3560/5000: score=17.334832 loss=-0.431868 valid=1.0000 routes=15.018 grad=4.6164 seconds=43.4
Epoch 3561/5000: score=17.215847 loss=-0.410704 valid=1.0000 routes=14.483 grad=4.3278 seconds=43.5
Epoch 3562/5000: score=16.621857 loss=-0.376125 valid=1.0000 routes=13.749 grad=4.0360 seconds=43.2
Epoch 3563/5000: score=18.216605 loss=-0.441444 valid=1.0000 routes=14.803 grad=4.8925 seconds=43.5
Epoch 3564/5000: score=18.017117 loss=-0.431295 valid=1.0000 routes=14.530 grad=4.8129 seconds=43.2
Epoch 3565/5000: score=16.504435 loss=-0.413736 valid=1.0000 routes=14.132 grad=4.1921 seconds=43.6
Epoch 3566/5000: score=17.680400 loss=-0.407349 valid=1.0000 routes=14.505 grad=4.5637 seconds=43.2
Epoch 3567/5000: score=16.698951 loss=-0.394037 valid=1.0000 routes=13.527 grad=3.9604 seconds=44.1
Epoch 3568/5000: score=17.249753 loss=-0.429752 valid=1.0000 routes=14.649 grad=4.4562 seconds=44.2
Epoch 3569/5000: score=16.963023 loss=-0.428160 valid=1.0000 routes=14.830 grad=4.6724 seconds=44.1
Epoch 3570/5000: score=16.995088 loss=-0.413157 valid=1.0000 routes=14.297 grad=4.4390 seconds=43.8
Epoch 3571/5000: score=18.068057 loss=-0.442299 valid=1.0000 routes=15.309 grad=5.1069 seconds=44.2
Epoch 3572/5000: score=15.686902 loss=-0.366045 valid=1.0000 routes=13.049 grad=3.6323 seconds=44.4
Epoch 3573/5000: score=16.785576 loss=-0.397981 valid=1.0000 routes=13.199 grad=4.1218 seconds=44.0
>> Invalid instances, Re-generating ...
Epoch 3574/5000: score=16.633405 loss=-0.401887 valid=1.0000 routes=14.531 grad=4.0617 seconds=43.3
Epoch 3575/5000: score=18.098137 loss=-0.450518 valid=1.0000 routes=14.952 grad=5.1343 seconds=43.6
Epoch 3576/5000: score=16.648107 loss=-0.393224 valid=1.0000 routes=14.117 grad=4.2266 seconds=43.0
Epoch 3577/5000: score=17.639425 loss=-0.427746 valid=1.0000 routes=14.175 grad=4.8969 seconds=43.6
Epoch 3578/5000: score=15.059301 loss=-0.358332 valid=1.0000 routes=13.405 grad=3.7336 seconds=43.1
Epoch 3579/5000: score=16.487686 loss=-0.411010 valid=1.0000 routes=14.066 grad=4.2344 seconds=43.7
Epoch 3580/5000: score=16.446764 loss=-0.393760 valid=1.0000 routes=13.682 grad=4.1352 seconds=43.4
>> Invalid instances, Re-generating ...
Epoch 3581/5000: score=16.620312 loss=-0.420739 valid=1.0000 routes=14.649 grad=4.6814 seconds=44.1
Epoch 3582/5000: score=16.448708 loss=-0.399627 valid=1.0000 routes=13.786 grad=4.1055 seconds=43.9
Epoch 3583/5000: score=16.854874 loss=-0.423775 valid=1.0000 routes=14.262 grad=4.4764 seconds=43.9
Epoch 3584/5000: score=16.911377 loss=-0.411850 valid=1.0000 routes=14.216 grad=4.5371 seconds=44.1
Epoch 3585/5000: score=16.665209 loss=-0.399443 valid=1.0000 routes=14.180 grad=4.2220 seconds=43.8
Epoch 3586/5000: score=18.012396 loss=-0.446680 valid=1.0000 routes=15.188 grad=5.0852 seconds=44.2
Epoch 3587/5000: score=16.605032 loss=-0.405261 valid=1.0000 routes=13.669 grad=4.1783 seconds=43.9
Epoch 3588/5000: score=16.811296 loss=-0.413778 valid=1.0000 routes=14.275 grad=4.3308 seconds=43.7
Epoch 3589/5000: score=16.683991 loss=-0.385950 valid=1.0000 routes=13.404 grad=4.3397 seconds=43.8
Epoch 3590/5000: score=17.770106 loss=-0.431933 valid=1.0000 routes=14.447 grad=4.8402 seconds=43.9
Epoch 3591/5000: score=16.100493 loss=-0.387231 valid=1.0000 routes=13.773 grad=3.9292 seconds=44.1
Epoch 3592/5000: score=16.760330 loss=-0.416856 valid=1.0000 routes=15.062 grad=4.3305 seconds=43.6
Epoch 3593/5000: score=17.292387 loss=-0.432794 valid=1.0000 routes=15.269 grad=4.6201 seconds=43.8
Epoch 3594/5000: score=17.198505 loss=-0.437851 valid=1.0000 routes=14.891 grad=4.5992 seconds=44.0
Epoch 3595/5000: score=17.506280 loss=-0.420832 valid=1.0000 routes=14.213 grad=4.6435 seconds=43.9
Epoch 3596/5000: score=17.681935 loss=-0.427392 valid=1.0000 routes=14.344 grad=4.9316 seconds=43.6
Epoch 3597/5000: score=16.284597 loss=-0.408866 valid=1.0000 routes=13.513 grad=4.1639 seconds=44.0
Epoch 3598/5000: score=16.948647 loss=-0.425339 valid=1.0000 routes=14.784 grad=4.4529 seconds=43.8
Epoch 3599/5000: score=17.216090 loss=-0.422674 valid=1.0000 routes=14.336 grad=4.6420 seconds=43.7
Epoch 3600/5000: score=17.238904 loss=-0.414769 valid=1.0000 routes=13.999 grad=4.5868 seconds=43.6
Epoch 3601/5000: score=18.040961 loss=-0.417323 valid=1.0000 routes=14.373 grad=4.6636 seconds=43.1
Epoch 3602/5000: score=17.442860 loss=-0.409186 valid=1.0000 routes=14.327 grad=4.4464 seconds=43.5
Epoch 3603/5000: score=17.777468 loss=-0.413117 valid=1.0000 routes=14.257 grad=4.4531 seconds=43.0
Epoch 3604/5000: score=17.498015 loss=-0.435234 valid=1.0000 routes=14.690 grad=4.7054 seconds=43.8
Epoch 3605/5000: score=15.755999 loss=-0.362030 valid=1.0000 routes=12.905 grad=3.6626 seconds=42.8
Epoch 3606/5000: score=16.073719 loss=-0.394944 valid=1.0000 routes=14.258 grad=3.9693 seconds=43.4
Epoch 3607/5000: score=16.736506 loss=-0.392575 valid=1.0000 routes=13.753 grad=4.3295 seconds=43.1
Epoch 3608/5000: score=17.806031 loss=-0.432451 valid=1.0000 routes=14.682 grad=5.0387 seconds=44.4
Epoch 3609/5000: score=16.766507 loss=-0.395811 valid=1.0000 routes=13.183 grad=4.5260 seconds=45.1
Epoch 3610/5000: score=17.248310 loss=-0.430174 valid=1.0000 routes=14.062 grad=4.6238 seconds=43.1
Epoch 3611/5000: score=16.764275 loss=-0.406391 valid=1.0000 routes=14.259 grad=4.1945 seconds=43.3
Epoch 3612/5000: score=16.734295 loss=-0.399343 valid=1.0000 routes=14.138 grad=4.1480 seconds=43.1
Epoch 3613/5000: score=16.727695 loss=-0.419926 valid=1.0000 routes=14.227 grad=4.5782 seconds=43.6
Epoch 3614/5000: score=18.351371 loss=-0.451754 valid=1.0000 routes=15.333 grad=5.0957 seconds=44.8
Epoch 3615/5000: score=17.457940 loss=-0.427205 valid=1.0000 routes=14.825 grad=4.7650 seconds=46.4
Epoch 3616/5000: score=16.121935 loss=-0.396608 valid=1.0000 routes=13.677 grad=3.9718 seconds=46.3
Epoch 3617/5000: score=16.980698 loss=-0.407091 valid=1.0000 routes=14.279 grad=4.1612 seconds=46.4
Epoch 3618/5000: score=17.618110 loss=-0.422883 valid=1.0000 routes=14.070 grad=4.5137 seconds=47.3
Epoch 3619/5000: score=17.048450 loss=-0.405624 valid=1.0000 routes=14.328 grad=4.4136 seconds=46.5
Epoch 3620/5000: score=16.742279 loss=-0.399019 valid=1.0000 routes=14.036 grad=4.0628 seconds=46.6
Epoch 3621/5000: score=16.282756 loss=-0.404260 valid=1.0000 routes=14.176 grad=4.3527 seconds=47.5
Epoch 3622/5000: score=16.785235 loss=-0.406018 valid=1.0000 routes=13.660 grad=4.1895 seconds=47.0
Epoch 3623/5000: score=17.551773 loss=-0.415349 valid=1.0000 routes=14.559 grad=4.5489 seconds=47.8
Epoch 3624/5000: score=16.001200 loss=-0.389203 valid=1.0000 routes=13.903 grad=3.8136 seconds=46.7
Epoch 3625/5000: score=18.758001 loss=-0.446044 valid=1.0000 routes=15.031 grad=5.1730 seconds=47.1
Epoch 3626/5000: score=17.834903 loss=-0.422896 valid=1.0000 routes=14.965 grad=4.7459 seconds=47.3
Epoch 3627/5000: score=17.335262 loss=-0.399177 valid=1.0000 routes=14.657 grad=4.3655 seconds=47.4
Epoch 3628/5000: score=15.954661 loss=-0.380075 valid=1.0000 routes=13.127 grad=3.9467 seconds=47.4
Epoch 3629/5000: score=17.728639 loss=-0.419129 valid=1.0000 routes=14.211 grad=4.5726 seconds=47.5
Epoch 3630/5000: score=16.168573 loss=-0.401382 valid=1.0000 routes=13.979 grad=4.0650 seconds=47.8
Epoch 3631/5000: score=16.954737 loss=-0.393654 valid=1.0000 routes=14.127 grad=4.1274 seconds=47.4
Epoch 3632/5000: score=17.071014 loss=-0.396633 valid=1.0000 routes=13.419 grad=4.1604 seconds=48.2
Epoch 3633/5000: score=16.861281 loss=-0.417252 valid=1.0000 routes=14.999 grad=4.5147 seconds=47.8
Epoch 3634/5000: score=17.048470 loss=-0.425908 valid=1.0000 routes=14.785 grad=4.4222 seconds=47.4
Epoch 3635/5000: score=16.461268 loss=-0.389237 valid=1.0000 routes=13.451 grad=4.1878 seconds=46.8
Epoch 3636/5000: score=17.676570 loss=-0.403067 valid=1.0000 routes=14.713 grad=4.4914 seconds=45.1
Epoch 3637/5000: score=17.019412 loss=-0.419489 valid=1.0000 routes=14.948 grad=4.4363 seconds=46.1
Epoch 3638/5000: score=17.489373 loss=-0.410160 valid=1.0000 routes=14.131 grad=4.5942 seconds=46.2
Epoch 3639/5000: score=17.891990 loss=-0.434769 valid=1.0000 routes=14.437 grad=4.7868 seconds=46.3
Epoch 3640/5000: score=17.191030 loss=-0.409849 valid=1.0000 routes=14.225 grad=4.2468 seconds=46.2
Epoch 3641/5000: score=17.139066 loss=-0.428358 valid=1.0000 routes=14.737 grad=4.4386 seconds=46.3
Epoch 3642/5000: score=17.021658 loss=-0.406993 valid=1.0000 routes=14.597 grad=4.1926 seconds=45.8
Epoch 3643/5000: score=17.513864 loss=-0.405207 valid=1.0000 routes=14.726 grad=4.5019 seconds=45.8
Epoch 3644/5000: score=16.962223 loss=-0.405759 valid=1.0000 routes=13.928 grad=4.2845 seconds=45.6
Epoch 3645/5000: score=17.828522 loss=-0.428490 valid=1.0000 routes=14.079 grad=4.9464 seconds=46.0
Epoch 3646/5000: score=16.350870 loss=-0.384571 valid=1.0000 routes=14.375 grad=3.8852 seconds=46.2
Epoch 3647/5000: score=17.751682 loss=-0.414868 valid=1.0000 routes=14.696 grad=4.5899 seconds=46.4
Epoch 3648/5000: score=17.845975 loss=-0.438354 valid=1.0000 routes=15.054 grad=4.6214 seconds=46.0
Epoch 3649/5000: score=17.942786 loss=-0.432832 valid=1.0000 routes=15.466 grad=4.9545 seconds=46.0
Epoch 3650/5000: score=17.024589 loss=-0.412651 valid=1.0000 routes=14.659 grad=4.4086 seconds=46.0
Epoch 3651/5000: score=17.562185 loss=-0.443186 valid=1.0000 routes=15.539 grad=4.9550 seconds=46.2
Epoch 3652/5000: score=17.626884 loss=-0.427388 valid=1.0000 routes=14.158 grad=4.6351 seconds=46.1
Epoch 3653/5000: score=16.969724 loss=-0.433124 valid=1.0000 routes=14.533 grad=4.6351 seconds=44.1
Epoch 3654/5000: score=17.488882 loss=-0.419243 valid=1.0000 routes=13.795 grad=4.4249 seconds=43.4
Epoch 3655/5000: score=17.475551 loss=-0.432117 valid=1.0000 routes=14.348 grad=4.8324 seconds=43.2
Epoch 3656/5000: score=16.667007 loss=-0.415071 valid=1.0000 routes=14.186 grad=4.4039 seconds=43.6
Epoch 3657/5000: score=16.695292 loss=-0.382860 valid=1.0000 routes=12.780 grad=4.0917 seconds=43.6
Epoch 3658/5000: score=17.256491 loss=-0.421175 valid=1.0000 routes=14.946 grad=4.7112 seconds=43.7
Epoch 3659/5000: score=17.105909 loss=-0.405228 valid=1.0000 routes=13.704 grad=4.3986 seconds=44.0
Epoch 3660/5000: score=17.057009 loss=-0.390434 valid=1.0000 routes=13.937 grad=4.3080 seconds=44.2
Epoch 3661/5000: score=16.835815 loss=-0.408176 valid=1.0000 routes=14.448 grad=4.3361 seconds=43.6
Epoch 3662/5000: score=17.563660 loss=-0.426383 valid=1.0000 routes=14.707 grad=4.6212 seconds=43.2
Epoch 3663/5000: score=17.281204 loss=-0.432378 valid=1.0000 routes=15.453 grad=4.8616 seconds=43.5
Epoch 3664/5000: score=16.941516 loss=-0.391159 valid=1.0000 routes=13.936 grad=4.2181 seconds=43.1
Epoch 3665/5000: score=16.280304 loss=-0.394749 valid=1.0000 routes=13.856 grad=4.0802 seconds=43.4
Epoch 3666/5000: score=16.912664 loss=-0.411554 valid=1.0000 routes=13.528 grad=4.3741 seconds=43.8
Epoch 3667/5000: score=16.301327 loss=-0.374580 valid=1.0000 routes=13.611 grad=3.7514 seconds=45.6
Epoch 3668/5000: score=16.305199 loss=-0.402535 valid=1.0000 routes=13.977 grad=4.1919 seconds=45.6
Epoch 3669/5000: score=16.662920 loss=-0.410079 valid=1.0000 routes=14.258 grad=4.8491 seconds=45.0
Epoch 3670/5000: score=17.110012 loss=-0.404067 valid=1.0000 routes=13.476 grad=4.5048 seconds=43.9
Epoch 3671/5000: score=17.709473 loss=-0.402648 valid=1.0000 routes=14.364 grad=4.8808 seconds=43.5
Epoch 3672/5000: score=16.576300 loss=-0.410890 valid=1.0000 routes=14.321 grad=4.2808 seconds=43.9
Epoch 3673/5000: score=16.932277 loss=-0.418061 valid=1.0000 routes=14.939 grad=4.2821 seconds=43.9
Epoch 3674/5000: score=16.361617 loss=-0.390881 valid=1.0000 routes=13.890 grad=4.0688 seconds=44.3
Epoch 3675/5000: score=16.771025 loss=-0.406063 valid=1.0000 routes=14.442 grad=4.1962 seconds=44.0
>> Invalid instances, Re-generating ...
Epoch 3676/5000: score=17.232573 loss=-0.403945 valid=1.0000 routes=13.732 grad=4.6059 seconds=44.3
Epoch 3677/5000: score=17.655710 loss=-0.377227 valid=1.0000 routes=14.043 grad=4.3446 seconds=44.0
Epoch 3678/5000: score=16.949917 loss=-0.414932 valid=1.0000 routes=14.335 grad=4.4054 seconds=44.2
Epoch 3679/5000: score=17.876959 loss=-0.446464 valid=1.0000 routes=14.954 grad=4.8830 seconds=44.5
Epoch 3680/5000: score=17.531795 loss=-0.442637 valid=1.0000 routes=14.807 grad=4.9410 seconds=44.9
Epoch 3681/5000: score=17.578499 loss=-0.425918 valid=1.0000 routes=15.169 grad=4.6795 seconds=44.3
Epoch 3682/5000: score=17.035658 loss=-0.383457 valid=1.0000 routes=13.844 grad=4.2615 seconds=44.0
Epoch 3683/5000: score=16.544068 loss=-0.394941 valid=1.0000 routes=13.182 grad=4.1462 seconds=44.0
Epoch 3684/5000: score=17.525902 loss=-0.424248 valid=1.0000 routes=14.041 grad=4.7502 seconds=44.2
Epoch 3685/5000: score=16.485106 loss=-0.413139 valid=1.0000 routes=14.937 grad=4.3233 seconds=44.4
Epoch 3686/5000: score=16.379965 loss=-0.389703 valid=1.0000 routes=14.274 grad=4.1065 seconds=44.0
Epoch 3687/5000: score=17.229716 loss=-0.414589 valid=1.0000 routes=14.231 grad=4.6713 seconds=44.2
Epoch 3688/5000: score=16.303019 loss=-0.388932 valid=1.0000 routes=13.353 grad=4.1538 seconds=43.8
Epoch 3689/5000: score=17.345916 loss=-0.414837 valid=1.0000 routes=14.525 grad=4.6726 seconds=44.0
Epoch 3690/5000: score=17.168456 loss=-0.420651 valid=1.0000 routes=14.529 grad=4.7034 seconds=44.0
Epoch 3691/5000: score=15.732245 loss=-0.361919 valid=1.0000 routes=13.268 grad=3.8011 seconds=43.7
Epoch 3692/5000: score=17.358044 loss=-0.430395 valid=1.0000 routes=14.075 grad=4.8066 seconds=44.1
Epoch 3693/5000: score=16.342170 loss=-0.400645 valid=1.0000 routes=13.780 grad=4.0062 seconds=43.6
Epoch 3694/5000: score=17.026870 loss=-0.413732 valid=1.0000 routes=14.816 grad=4.4114 seconds=44.2
Epoch 3695/5000: score=16.460327 loss=-0.388796 valid=1.0000 routes=14.094 grad=3.9374 seconds=44.1
Epoch 3696/5000: score=16.899142 loss=-0.412626 valid=1.0000 routes=14.079 grad=4.2460 seconds=44.1
Epoch 3697/5000: score=15.630392 loss=-0.390385 valid=1.0000 routes=14.095 grad=3.9642 seconds=44.1
Epoch 3698/5000: score=16.868055 loss=-0.411018 valid=1.0000 routes=14.002 grad=4.3607 seconds=46.4
Epoch 3699/5000: score=16.790534 loss=-0.396062 valid=1.0000 routes=13.935 grad=4.1622 seconds=45.5
Epoch 3700/5000: score=15.781585 loss=-0.386224 valid=1.0000 routes=13.280 grad=4.0274 seconds=44.3
Epoch 3701/5000: score=17.057184 loss=-0.423918 valid=1.0000 routes=14.464 grad=4.4951 seconds=44.5
Epoch 3702/5000: score=17.054186 loss=-0.412887 valid=1.0000 routes=14.610 grad=4.3535 seconds=44.1
Epoch 3703/5000: score=15.477636 loss=-0.356640 valid=1.0000 routes=12.913 grad=3.4462 seconds=44.4
Epoch 3704/5000: score=18.306548 loss=-0.436817 valid=1.0000 routes=14.205 grad=4.8439 seconds=44.3
Epoch 3705/5000: score=16.540699 loss=-0.398015 valid=1.0000 routes=13.536 grad=4.1341 seconds=44.2
Epoch 3706/5000: score=15.305009 loss=-0.369498 valid=1.0000 routes=12.685 grad=3.7857 seconds=44.1
Epoch 3707/5000: score=17.096539 loss=-0.396516 valid=1.0000 routes=14.002 grad=4.4224 seconds=44.5
Epoch 3708/5000: score=17.409987 loss=-0.422766 valid=1.0000 routes=14.508 grad=4.6785 seconds=44.2
Epoch 3709/5000: score=16.756336 loss=-0.384143 valid=1.0000 routes=13.368 grad=4.3197 seconds=44.3
Epoch 3710/5000: score=17.210063 loss=-0.450181 valid=1.0000 routes=15.522 grad=4.7837 seconds=44.6
Epoch 3711/5000: score=17.375747 loss=-0.410855 valid=1.0000 routes=13.887 grad=4.4314 seconds=45.8
Epoch 3712/5000: score=16.012042 loss=-0.403145 valid=1.0000 routes=13.757 grad=4.0200 seconds=45.6
Epoch 3713/5000: score=16.048746 loss=-0.404006 valid=1.0000 routes=14.111 grad=4.2050 seconds=44.5
Epoch 3714/5000: score=16.283543 loss=-0.407197 valid=1.0000 routes=13.855 grad=4.2775 seconds=44.2
Epoch 3715/5000: score=17.168993 loss=-0.423141 valid=1.0000 routes=14.792 grad=4.3547 seconds=44.0
Epoch 3716/5000: score=17.045452 loss=-0.405112 valid=1.0000 routes=13.246 grad=4.2867 seconds=44.4
Epoch 3717/5000: score=16.448330 loss=-0.417070 valid=1.0000 routes=13.976 grad=4.4129 seconds=44.0
Epoch 3718/5000: score=16.903841 loss=-0.392749 valid=1.0000 routes=13.847 grad=4.1212 seconds=43.9
Epoch 3719/5000: score=16.955656 loss=-0.376799 valid=1.0000 routes=13.690 grad=4.1466 seconds=43.9
Epoch 3720/5000: score=18.010371 loss=-0.411885 valid=1.0000 routes=14.087 grad=4.8258 seconds=44.1
Epoch 3721/5000: score=16.496874 loss=-0.392492 valid=1.0000 routes=13.641 grad=4.1477 seconds=44.4
Epoch 3722/5000: score=16.497297 loss=-0.403730 valid=1.0000 routes=14.308 grad=4.4210 seconds=44.3
Epoch 3723/5000: score=16.790531 loss=-0.404438 valid=1.0000 routes=13.795 grad=4.4434 seconds=45.2
Epoch 3724/5000: score=16.659506 loss=-0.403070 valid=1.0000 routes=13.875 grad=4.2708 seconds=44.4
Epoch 3725/5000: score=16.699246 loss=-0.406766 valid=1.0000 routes=14.053 grad=4.5644 seconds=46.3
Epoch 3726/5000: score=17.856060 loss=-0.431385 valid=1.0000 routes=14.544 grad=4.7455 seconds=45.7
Epoch 3727/5000: score=17.648428 loss=-0.429777 valid=1.0000 routes=15.353 grad=4.8787 seconds=44.8
Epoch 3728/5000: score=16.750797 loss=-0.419305 valid=1.0000 routes=14.567 grad=4.3398 seconds=45.7
Epoch 3729/5000: score=17.237364 loss=-0.406539 valid=1.0000 routes=14.228 grad=4.3989 seconds=44.5
Epoch 3730/5000: score=16.754382 loss=-0.408841 valid=1.0000 routes=14.116 grad=4.3696 seconds=44.6
Epoch 3731/5000: score=17.054456 loss=-0.402638 valid=1.0000 routes=13.785 grad=4.1828 seconds=44.1
Epoch 3732/5000: score=16.078812 loss=-0.387505 valid=1.0000 routes=13.122 grad=4.1243 seconds=43.6
Epoch 3733/5000: score=16.556748 loss=-0.408734 valid=1.0000 routes=13.682 grad=4.4911 seconds=43.6
Epoch 3734/5000: score=17.410392 loss=-0.451320 valid=1.0000 routes=14.999 grad=4.9426 seconds=43.9
>> Invalid instances, Re-generating ...
Epoch 3735/5000: score=16.820161 loss=-0.415375 valid=1.0000 routes=14.190 grad=4.4293 seconds=43.7
Epoch 3736/5000: score=17.025244 loss=-0.407743 valid=1.0000 routes=13.396 grad=4.4675 seconds=43.9
Epoch 3737/5000: score=16.555925 loss=-0.381762 valid=1.0000 routes=13.086 grad=4.3133 seconds=43.8
Epoch 3738/5000: score=17.471033 loss=-0.421936 valid=1.0000 routes=13.968 grad=4.8208 seconds=43.7
Epoch 3739/5000: score=16.662712 loss=-0.410617 valid=1.0000 routes=14.425 grad=4.1856 seconds=43.8
Epoch 3740/5000: score=16.643985 loss=-0.391437 valid=1.0000 routes=13.788 grad=4.1524 seconds=43.6
Epoch 3741/5000: score=17.549018 loss=-0.402961 valid=1.0000 routes=13.990 grad=4.4403 seconds=43.4
Epoch 3742/5000: score=15.978798 loss=-0.407699 valid=1.0000 routes=13.792 grad=4.2412 seconds=43.1
Epoch 3743/5000: score=18.067332 loss=-0.438935 valid=1.0000 routes=14.916 grad=4.8448 seconds=43.2
Epoch 3744/5000: score=16.496581 loss=-0.396255 valid=1.0000 routes=14.178 grad=4.4782 seconds=43.8
Epoch 3745/5000: score=15.580691 loss=-0.390606 valid=1.0000 routes=14.218 grad=3.9309 seconds=44.8
Epoch 3746/5000: score=17.078562 loss=-0.420978 valid=1.0000 routes=15.270 grad=4.4340 seconds=43.8
Epoch 3747/5000: score=16.026682 loss=-0.376871 valid=1.0000 routes=13.003 grad=4.0239 seconds=43.8
Epoch 3748/5000: score=17.476282 loss=-0.413874 valid=1.0000 routes=15.067 grad=4.4611 seconds=43.4
Epoch 3749/5000: score=17.037251 loss=-0.394363 valid=1.0000 routes=13.507 grad=4.1020 seconds=43.5
Epoch 3750/5000: score=16.580848 loss=-0.376560 valid=1.0000 routes=13.164 grad=3.9478 seconds=43.6
Epoch 3751/5000: score=17.522530 loss=-0.428502 valid=1.0000 routes=14.767 grad=4.8675 seconds=43.6
>> Invalid instances, Re-generating ...
Epoch 3752/5000: score=17.122905 loss=-0.421110 valid=1.0000 routes=13.987 grad=4.8063 seconds=43.6
Epoch 3753/5000: score=17.643230 loss=-0.413120 valid=1.0000 routes=14.643 grad=4.5819 seconds=43.3
Epoch 3754/5000: score=17.889891 loss=-0.439261 valid=1.0000 routes=15.421 grad=5.0389 seconds=43.9
Epoch 3755/5000: score=16.476141 loss=-0.397510 valid=1.0000 routes=13.651 grad=4.2813 seconds=43.7
Epoch 3756/5000: score=16.951888 loss=-0.394209 valid=1.0000 routes=13.642 grad=4.2943 seconds=43.9
Epoch 3757/5000: score=17.523213 loss=-0.430424 valid=1.0000 routes=14.788 grad=4.7685 seconds=45.0
Epoch 3758/5000: score=17.189371 loss=-0.421933 valid=1.0000 routes=14.611 grad=4.6307 seconds=45.4
Epoch 3759/5000: score=16.917065 loss=-0.426090 valid=1.0000 routes=13.561 grad=4.9454 seconds=44.2
Epoch 3760/5000: score=18.252144 loss=-0.418863 valid=1.0000 routes=14.581 grad=4.9430 seconds=44.1
Epoch 3761/5000: score=17.178874 loss=-0.421279 valid=1.0000 routes=14.409 grad=4.4804 seconds=43.8
Epoch 3762/5000: score=17.042850 loss=-0.391285 valid=1.0000 routes=13.774 grad=4.2173 seconds=43.9
>> Invalid instances, Re-generating ...
Epoch 3763/5000: score=18.938471 loss=-0.483178 valid=1.0000 routes=15.654 grad=5.5754 seconds=44.0
Epoch 3764/5000: score=17.524997 loss=-0.441798 valid=1.0000 routes=15.095 grad=4.7407 seconds=43.9
Epoch 3765/5000: score=17.421626 loss=-0.401307 valid=1.0000 routes=14.479 grad=4.4816 seconds=44.0
Epoch 3766/5000: score=16.332455 loss=-0.386343 valid=1.0000 routes=13.931 grad=4.2042 seconds=43.6
Epoch 3767/5000: score=17.747667 loss=-0.417203 valid=1.0000 routes=14.513 grad=4.7046 seconds=44.1
Epoch 3768/5000: score=16.901813 loss=-0.423628 valid=1.0000 routes=14.943 grad=4.4352 seconds=45.4
Epoch 3769/5000: score=16.858927 loss=-0.396046 valid=1.0000 routes=14.146 grad=4.2967 seconds=45.7
Epoch 3770/5000: score=17.161510 loss=-0.405880 valid=1.0000 routes=14.424 grad=4.3620 seconds=43.7
Epoch 3771/5000: score=17.257120 loss=-0.436420 valid=1.0000 routes=15.305 grad=4.8527 seconds=44.1
Epoch 3772/5000: score=15.786914 loss=-0.357423 valid=1.0000 routes=13.207 grad=3.6200 seconds=45.6
Epoch 3773/5000: score=17.043478 loss=-0.427058 valid=1.0000 routes=14.413 grad=4.8465 seconds=45.4
Epoch 3774/5000: score=16.976586 loss=-0.418032 valid=1.0000 routes=14.293 grad=4.8856 seconds=43.9
Epoch 3775/5000: score=16.836906 loss=-0.400234 valid=1.0000 routes=14.251 grad=4.3293 seconds=43.8
Epoch 3776/5000: score=18.112107 loss=-0.431118 valid=1.0000 routes=14.811 grad=4.9649 seconds=43.8
Epoch 3777/5000: score=16.485414 loss=-0.393406 valid=1.0000 routes=13.452 grad=4.4848 seconds=43.8
Epoch 3778/5000: score=16.731784 loss=-0.402868 valid=1.0000 routes=14.223 grad=4.3954 seconds=44.2
Epoch 3779/5000: score=17.766507 loss=-0.449889 valid=1.0000 routes=15.451 grad=4.8402 seconds=44.0
Epoch 3780/5000: score=17.298381 loss=-0.412336 valid=1.0000 routes=14.042 grad=4.6288 seconds=44.0
Epoch 3781/5000: score=17.461581 loss=-0.411317 valid=1.0000 routes=14.842 grad=4.6066 seconds=43.4
Epoch 3782/5000: score=16.586426 loss=-0.401065 valid=1.0000 routes=13.492 grad=4.2248 seconds=44.4
Epoch 3783/5000: score=16.798835 loss=-0.396856 valid=1.0000 routes=14.049 grad=4.6443 seconds=44.0
Epoch 3784/5000: score=17.032625 loss=-0.424165 valid=1.0000 routes=14.173 grad=4.8142 seconds=44.6
Epoch 3785/5000: score=16.733368 loss=-0.411659 valid=1.0000 routes=14.066 grad=4.1574 seconds=45.6
Epoch 3786/5000: score=16.948436 loss=-0.384815 valid=1.0000 routes=13.006 grad=4.1318 seconds=43.9
Epoch 3787/5000: score=16.456468 loss=-0.377316 valid=1.0000 routes=12.759 grad=4.0699 seconds=44.3
Epoch 3788/5000: score=16.011903 loss=-0.410377 valid=1.0000 routes=14.177 grad=4.1298 seconds=43.9
Epoch 3789/5000: score=18.090800 loss=-0.423801 valid=1.0000 routes=14.575 grad=4.8849 seconds=44.2
Epoch 3790/5000: score=16.650642 loss=-0.429442 valid=1.0000 routes=14.582 grad=4.6173 seconds=43.6
Epoch 3791/5000: score=16.121607 loss=-0.398229 valid=1.0000 routes=13.925 grad=4.0808 seconds=44.5
Epoch 3792/5000: score=16.894688 loss=-0.398529 valid=1.0000 routes=13.092 grad=4.2590 seconds=43.8
Epoch 3793/5000: score=16.631031 loss=-0.409394 valid=1.0000 routes=14.291 grad=4.4143 seconds=44.2
Epoch 3794/5000: score=17.426154 loss=-0.425127 valid=1.0000 routes=15.390 grad=4.6174 seconds=43.9
Epoch 3795/5000: score=16.566340 loss=-0.409451 valid=1.0000 routes=14.546 grad=4.5207 seconds=44.1
Epoch 3796/5000: score=16.735695 loss=-0.403713 valid=1.0000 routes=14.358 grad=4.5689 seconds=44.2
Epoch 3797/5000: score=15.952994 loss=-0.407995 valid=1.0000 routes=14.633 grad=4.3352 seconds=44.9
Epoch 3798/5000: score=16.047759 loss=-0.391720 valid=1.0000 routes=14.338 grad=4.1586 seconds=44.7
Epoch 3799/5000: score=17.240612 loss=-0.395448 valid=1.0000 routes=13.562 grad=4.4185 seconds=44.6
Epoch 3800/5000: score=16.887582 loss=-0.397309 valid=1.0000 routes=14.086 grad=4.2440 seconds=44.7
Epoch 3801/5000: score=17.055298 loss=-0.420610 valid=1.0000 routes=15.000 grad=4.5125 seconds=43.8
Epoch 3802/5000: score=16.707111 loss=-0.417589 valid=1.0000 routes=14.510 grad=4.4383 seconds=44.4
Epoch 3803/5000: score=17.515407 loss=-0.431782 valid=1.0000 routes=14.984 grad=4.6763 seconds=44.1
Epoch 3804/5000: score=17.346503 loss=-0.406832 valid=1.0000 routes=13.850 grad=4.4102 seconds=44.3
Epoch 3805/5000: score=17.462869 loss=-0.432726 valid=1.0000 routes=14.720 grad=4.6445 seconds=44.4
Epoch 3806/5000: score=17.417944 loss=-0.396096 valid=1.0000 routes=13.394 grad=4.5113 seconds=44.1
Epoch 3807/5000: score=16.904829 loss=-0.413751 valid=1.0000 routes=14.633 grad=4.3462 seconds=44.5
Epoch 3808/5000: score=16.018673 loss=-0.392046 valid=1.0000 routes=13.785 grad=3.9806 seconds=44.0
Epoch 3809/5000: score=16.794499 loss=-0.407941 valid=1.0000 routes=14.390 grad=4.3667 seconds=44.6
Epoch 3810/5000: score=16.238837 loss=-0.392782 valid=1.0000 routes=13.796 grad=4.1680 seconds=44.0
Epoch 3811/5000: score=17.215609 loss=-0.413105 valid=1.0000 routes=14.721 grad=4.3312 seconds=44.5
Epoch 3812/5000: score=17.829623 loss=-0.440259 valid=1.0000 routes=15.254 grad=5.0683 seconds=44.3
Epoch 3813/5000: score=17.036796 loss=-0.411922 valid=1.0000 routes=14.575 grad=4.2281 seconds=44.3
Epoch 3814/5000: score=16.429286 loss=-0.386193 valid=1.0000 routes=13.434 grad=4.1318 seconds=44.1
Epoch 3815/5000: score=18.235389 loss=-0.463231 valid=1.0000 routes=14.983 grad=5.2220 seconds=44.3
Epoch 3816/5000: score=17.488209 loss=-0.399804 valid=1.0000 routes=13.927 grad=4.4700 seconds=44.3
Epoch 3817/5000: score=17.220725 loss=-0.422636 valid=1.0000 routes=14.390 grad=4.7005 seconds=44.5
Epoch 3818/5000: score=18.002937 loss=-0.420095 valid=1.0000 routes=15.333 grad=5.1500 seconds=44.8
Epoch 3819/5000: score=16.282363 loss=-0.395250 valid=1.0000 routes=13.305 grad=4.1250 seconds=46.8
Epoch 3820/5000: score=15.795649 loss=-0.393010 valid=1.0000 routes=14.148 grad=4.1602 seconds=46.1
Epoch 3821/5000: score=17.541738 loss=-0.440168 valid=1.0000 routes=14.072 grad=4.7634 seconds=45.0
Epoch 3822/5000: score=16.524559 loss=-0.384754 valid=1.0000 routes=13.099 grad=4.1915 seconds=45.6
Epoch 3823/5000: score=16.966135 loss=-0.412302 valid=1.0000 routes=14.438 grad=4.4219 seconds=44.3
Epoch 3824/5000: score=17.238894 loss=-0.402408 valid=1.0000 routes=13.760 grad=4.3412 seconds=45.0
Epoch 3825/5000: score=17.241639 loss=-0.421797 valid=1.0000 routes=14.780 grad=4.6497 seconds=44.6
Epoch 3826/5000: score=16.329556 loss=-0.396915 valid=1.0000 routes=14.003 grad=4.0916 seconds=45.4
Epoch 3827/5000: score=17.588901 loss=-0.448909 valid=1.0000 routes=14.937 grad=4.7083 seconds=44.4
Epoch 3828/5000: score=17.436867 loss=-0.434135 valid=1.0000 routes=14.601 grad=4.8151 seconds=44.5
Epoch 3829/5000: score=15.880967 loss=-0.407638 valid=1.0000 routes=14.602 grad=3.9646 seconds=44.3
Epoch 3830/5000: score=16.634897 loss=-0.408159 valid=1.0000 routes=14.575 grad=4.1923 seconds=44.1
Epoch 3831/5000: score=17.168693 loss=-0.415557 valid=1.0000 routes=14.394 grad=4.4370 seconds=45.0
Epoch 3832/5000: score=17.868281 loss=-0.428795 valid=1.0000 routes=15.233 grad=4.6927 seconds=45.0
Epoch 3833/5000: score=16.900539 loss=-0.405229 valid=1.0000 routes=14.715 grad=4.2935 seconds=45.1
Epoch 3834/5000: score=17.597803 loss=-0.408948 valid=1.0000 routes=14.912 grad=4.6180 seconds=44.5
Epoch 3835/5000: score=16.359878 loss=-0.409798 valid=1.0000 routes=14.134 grad=4.2420 seconds=45.1
Epoch 3836/5000: score=17.042843 loss=-0.434141 valid=1.0000 routes=14.733 grad=4.7687 seconds=44.3
Epoch 3837/5000: score=16.963167 loss=-0.408214 valid=1.0000 routes=14.083 grad=4.5975 seconds=43.9
Epoch 3838/5000: score=16.727999 loss=-0.396504 valid=1.0000 routes=13.928 grad=4.2780 seconds=44.0
Epoch 3839/5000: score=16.514146 loss=-0.393421 valid=1.0000 routes=14.465 grad=4.1822 seconds=43.6
Epoch 3840/5000: score=16.576375 loss=-0.411484 valid=1.0000 routes=14.077 grad=4.5416 seconds=44.0
Epoch 3841/5000: score=16.992163 loss=-0.395561 valid=1.0000 routes=14.443 grad=4.4190 seconds=43.7
Epoch 3842/5000: score=16.066325 loss=-0.392958 valid=1.0000 routes=13.218 grad=3.9346 seconds=44.1
Epoch 3843/5000: score=16.906465 loss=-0.416637 valid=1.0000 routes=13.962 grad=4.5354 seconds=43.6
Epoch 3844/5000: score=18.070726 loss=-0.441182 valid=1.0000 routes=14.385 grad=4.8623 seconds=43.8
Epoch 3845/5000: score=16.769576 loss=-0.423378 valid=1.0000 routes=14.715 grad=4.3746 seconds=43.5
Epoch 3846/5000: score=17.350365 loss=-0.413720 valid=1.0000 routes=14.608 grad=4.5605 seconds=43.5
Epoch 3847/5000: score=17.764727 loss=-0.425881 valid=1.0000 routes=14.578 grad=4.9301 seconds=43.8
Epoch 3848/5000: score=16.817555 loss=-0.399205 valid=1.0000 routes=14.759 grad=4.2325 seconds=43.5
Epoch 3849/5000: score=15.732249 loss=-0.382738 valid=1.0000 routes=13.998 grad=3.8032 seconds=43.7
Epoch 3850/5000: score=16.959145 loss=-0.391842 valid=1.0000 routes=13.695 grad=4.2550 seconds=43.3
Epoch 3851/5000: score=17.030884 loss=-0.403362 valid=1.0000 routes=14.268 grad=4.4030 seconds=43.8
Epoch 3852/5000: score=16.409579 loss=-0.404591 valid=1.0000 routes=14.164 grad=4.3504 seconds=43.5
Epoch 3853/5000: score=16.129853 loss=-0.387909 valid=1.0000 routes=13.935 grad=4.0962 seconds=43.6
Epoch 3854/5000: score=16.781970 loss=-0.399758 valid=1.0000 routes=13.337 grad=4.3523 seconds=43.7
Epoch 3855/5000: score=18.131888 loss=-0.433461 valid=1.0000 routes=14.952 grad=4.9545 seconds=43.3
Epoch 3856/5000: score=15.642119 loss=-0.379746 valid=1.0000 routes=13.061 grad=3.9117 seconds=44.0
Epoch 3857/5000: score=18.234858 loss=-0.451818 valid=1.0000 routes=14.961 grad=5.2992 seconds=43.4
Epoch 3858/5000: score=17.982088 loss=-0.427462 valid=1.0000 routes=14.728 grad=5.0237 seconds=43.7
Epoch 3859/5000: score=18.333220 loss=-0.437487 valid=1.0000 routes=15.086 grad=5.0098 seconds=43.3
Epoch 3860/5000: score=17.156448 loss=-0.400417 valid=1.0000 routes=13.822 grad=4.4660 seconds=43.5
Epoch 3861/5000: score=18.053650 loss=-0.429767 valid=1.0000 routes=14.449 grad=4.9342 seconds=44.5
>> Invalid instances, Re-generating ...
Epoch 3862/5000: score=16.950261 loss=-0.411983 valid=1.0000 routes=14.117 grad=4.6466 seconds=44.4
Epoch 3863/5000: score=16.421585 loss=-0.385642 valid=1.0000 routes=13.582 grad=4.2047 seconds=43.8
Epoch 3864/5000: score=16.989840 loss=-0.406004 valid=1.0000 routes=14.174 grad=4.3052 seconds=43.7
Epoch 3865/5000: score=16.199452 loss=-0.373475 valid=1.0000 routes=14.166 grad=3.9856 seconds=43.7
Epoch 3866/5000: score=16.546170 loss=-0.387637 valid=1.0000 routes=13.439 grad=4.0424 seconds=43.8
Epoch 3867/5000: score=15.962972 loss=-0.372906 valid=1.0000 routes=13.130 grad=4.0721 seconds=44.0
Epoch 3868/5000: score=16.818944 loss=-0.389203 valid=1.0000 routes=13.417 grad=4.3219 seconds=43.6
Epoch 3869/5000: score=17.269122 loss=-0.424631 valid=1.0000 routes=14.908 grad=4.5618 seconds=43.3
Epoch 3870/5000: score=17.352003 loss=-0.431551 valid=1.0000 routes=14.735 grad=4.7164 seconds=43.5
Epoch 3871/5000: score=17.053929 loss=-0.412043 valid=1.0000 routes=14.886 grad=4.5064 seconds=43.6
Epoch 3872/5000: score=17.190433 loss=-0.427808 valid=1.0000 routes=14.565 grad=4.6253 seconds=43.6
Epoch 3873/5000: score=16.897899 loss=-0.410532 valid=1.0000 routes=14.884 grad=4.4530 seconds=43.7
Epoch 3874/5000: score=18.484171 loss=-0.408176 valid=1.0000 routes=13.442 grad=4.8773 seconds=43.2
Epoch 3875/5000: score=17.369495 loss=-0.441538 valid=1.0000 routes=14.845 grad=4.6486 seconds=43.7
Epoch 3876/5000: score=16.616488 loss=-0.409539 valid=1.0000 routes=14.741 grad=4.4658 seconds=43.6
Epoch 3877/5000: score=16.292610 loss=-0.385297 valid=1.0000 routes=14.066 grad=4.0760 seconds=43.4
Epoch 3878/5000: score=17.844954 loss=-0.436160 valid=1.0000 routes=15.133 grad=4.8912 seconds=43.3
Epoch 3879/5000: score=16.406830 loss=-0.371963 valid=1.0000 routes=13.893 grad=3.8614 seconds=43.2
Epoch 3880/5000: score=15.739502 loss=-0.374313 valid=1.0000 routes=13.615 grad=3.7470 seconds=43.5
Epoch 3881/5000: score=16.903348 loss=-0.377115 valid=1.0000 routes=13.695 grad=4.2466 seconds=43.4
Epoch 3882/5000: score=16.327110 loss=-0.375931 valid=1.0000 routes=13.328 grad=4.3304 seconds=43.5
Epoch 3883/5000: score=16.775674 loss=-0.418757 valid=1.0000 routes=14.761 grad=4.5526 seconds=43.8
Epoch 3884/5000: score=17.511611 loss=-0.420392 valid=1.0000 routes=14.745 grad=4.8472 seconds=43.6
Epoch 3885/5000: score=15.980956 loss=-0.399076 valid=1.0000 routes=14.218 grad=4.1216 seconds=43.5
Epoch 3886/5000: score=17.065553 loss=-0.412077 valid=1.0000 routes=14.799 grad=4.6243 seconds=43.5
Epoch 3887/5000: score=17.628313 loss=-0.426029 valid=1.0000 routes=14.474 grad=4.7172 seconds=43.4
Epoch 3888/5000: score=17.101526 loss=-0.421015 valid=1.0000 routes=14.585 grad=4.4137 seconds=43.2
Epoch 3889/5000: score=15.598244 loss=-0.366500 valid=1.0000 routes=13.113 grad=3.8211 seconds=44.4
Epoch 3890/5000: score=16.951497 loss=-0.394798 valid=1.0000 routes=13.156 grad=4.4985 seconds=44.2
Epoch 3891/5000: score=16.595924 loss=-0.401038 valid=1.0000 routes=14.519 grad=4.1976 seconds=43.9
Epoch 3892/5000: score=17.096758 loss=-0.402885 valid=1.0000 routes=14.400 grad=4.4834 seconds=44.6
Epoch 3893/5000: score=17.182869 loss=-0.436661 valid=1.0000 routes=14.469 grad=4.7011 seconds=43.6
Epoch 3894/5000: score=16.903131 loss=-0.401880 valid=1.0000 routes=14.277 grad=4.3905 seconds=43.0
Epoch 3895/5000: score=17.219160 loss=-0.407958 valid=1.0000 routes=14.675 grad=4.3556 seconds=43.4
Epoch 3896/5000: score=15.957662 loss=-0.389269 valid=1.0000 routes=13.026 grad=4.0795 seconds=43.5
Epoch 3897/5000: score=16.471717 loss=-0.399340 valid=1.0000 routes=14.226 grad=4.3441 seconds=43.3
Epoch 3898/5000: score=16.105518 loss=-0.364710 valid=1.0000 routes=13.405 grad=3.6824 seconds=42.9
Epoch 3899/5000: score=15.985735 loss=-0.375942 valid=1.0000 routes=13.930 grad=4.1534 seconds=43.1
Epoch 3900/5000: score=16.540740 loss=-0.395459 valid=1.0000 routes=14.010 grad=4.2772 seconds=43.3
Epoch 3901/5000: score=16.476042 loss=-0.383650 valid=1.0000 routes=13.852 grad=4.0688 seconds=43.1
Epoch 3902/5000: score=16.952454 loss=-0.406545 valid=1.0000 routes=14.716 grad=4.2776 seconds=43.4
Epoch 3903/5000: score=16.666961 loss=-0.419604 valid=1.0000 routes=14.105 grad=4.3927 seconds=43.3
Epoch 3904/5000: score=16.042275 loss=-0.351809 valid=1.0000 routes=12.586 grad=3.6406 seconds=43.4
Epoch 3905/5000: score=17.669533 loss=-0.426918 valid=1.0000 routes=14.617 grad=4.6386 seconds=43.3
Epoch 3906/5000: score=15.963575 loss=-0.379335 valid=1.0000 routes=13.944 grad=3.9818 seconds=43.4
Epoch 3907/5000: score=17.883953 loss=-0.420905 valid=1.0000 routes=14.722 grad=4.7663 seconds=43.2
Epoch 3908/5000: score=17.512897 loss=-0.427135 valid=1.0000 routes=14.376 grad=4.6977 seconds=45.4
Epoch 3909/5000: score=16.983994 loss=-0.421511 valid=1.0000 routes=15.171 grad=4.4984 seconds=43.2
Epoch 3910/5000: score=17.310660 loss=-0.408330 valid=1.0000 routes=13.570 grad=4.7274 seconds=43.3
Epoch 3911/5000: score=16.542473 loss=-0.358435 valid=1.0000 routes=13.303 grad=3.8488 seconds=43.1
Epoch 3912/5000: score=17.581492 loss=-0.438917 valid=1.0000 routes=14.639 grad=4.7452 seconds=43.2
Epoch 3913/5000: score=17.063466 loss=-0.399294 valid=1.0000 routes=14.334 grad=4.4503 seconds=42.8
Epoch 3914/5000: score=16.176168 loss=-0.382891 valid=1.0000 routes=13.498 grad=4.2957 seconds=43.4
Epoch 3915/5000: score=16.513886 loss=-0.397274 valid=1.0000 routes=13.360 grad=4.2636 seconds=45.3
Epoch 3916/5000: score=16.908954 loss=-0.403890 valid=1.0000 routes=14.539 grad=4.3977 seconds=43.5
Epoch 3917/5000: score=17.169701 loss=-0.388323 valid=1.0000 routes=13.818 grad=4.2829 seconds=43.1
Epoch 3918/5000: score=16.725389 loss=-0.416771 valid=1.0000 routes=14.447 grad=4.4045 seconds=43.4
Epoch 3919/5000: score=17.647298 loss=-0.429988 valid=1.0000 routes=15.527 grad=4.9679 seconds=43.8
Epoch 3920/5000: score=17.138051 loss=-0.410750 valid=1.0000 routes=14.003 grad=4.5515 seconds=43.9
Epoch 3921/5000: score=17.327036 loss=-0.414100 valid=1.0000 routes=14.335 grad=4.6109 seconds=44.2
Epoch 3922/5000: score=16.492694 loss=-0.416371 valid=1.0000 routes=14.869 grad=4.3509 seconds=44.5
Epoch 3923/5000: score=17.706878 loss=-0.424395 valid=1.0000 routes=14.557 grad=4.5254 seconds=45.0
Epoch 3924/5000: score=16.287315 loss=-0.399329 valid=1.0000 routes=14.290 grad=4.3397 seconds=44.1
Epoch 3925/5000: score=16.514640 loss=-0.389128 valid=1.0000 routes=13.898 grad=4.1525 seconds=44.3
Epoch 3926/5000: score=17.472830 loss=-0.415217 valid=1.0000 routes=13.897 grad=4.6570 seconds=44.7
Epoch 3927/5000: score=17.442208 loss=-0.427449 valid=1.0000 routes=14.328 grad=4.8904 seconds=44.7
Epoch 3928/5000: score=17.314788 loss=-0.426519 valid=1.0000 routes=14.575 grad=4.7485 seconds=45.0
Epoch 3929/5000: score=18.369012 loss=-0.451356 valid=1.0000 routes=15.863 grad=5.2054 seconds=45.1
Epoch 3930/5000: score=17.232381 loss=-0.449190 valid=1.0000 routes=14.937 grad=5.0474 seconds=46.5
Epoch 3931/5000: score=17.033279 loss=-0.431544 valid=1.0000 routes=15.285 grad=4.5763 seconds=44.6
Epoch 3932/5000: score=16.479688 loss=-0.407947 valid=1.0000 routes=13.948 grad=4.2734 seconds=44.4
Epoch 3933/5000: score=16.612640 loss=-0.393825 valid=1.0000 routes=13.868 grad=4.4456 seconds=44.1
Epoch 3934/5000: score=17.125368 loss=-0.455803 valid=1.0000 routes=14.219 grad=4.9471 seconds=43.8
Epoch 3935/5000: score=16.930235 loss=-0.405532 valid=1.0000 routes=14.137 grad=4.5805 seconds=43.4
Epoch 3936/5000: score=17.259287 loss=-0.398153 valid=1.0000 routes=14.372 grad=4.4257 seconds=43.6
Epoch 3937/5000: score=16.709295 loss=-0.430432 valid=1.0000 routes=15.205 grad=4.6161 seconds=44.1
Epoch 3938/5000: score=16.932425 loss=-0.403448 valid=1.0000 routes=13.665 grad=4.2623 seconds=43.6
Epoch 3939/5000: score=16.177034 loss=-0.379867 valid=1.0000 routes=12.991 grad=4.0088 seconds=43.4
Epoch 3940/5000: score=17.854300 loss=-0.432552 valid=1.0000 routes=14.868 grad=5.2692 seconds=43.4
Epoch 3941/5000: score=15.831856 loss=-0.390532 valid=1.0000 routes=14.260 grad=4.0033 seconds=43.3
Epoch 3942/5000: score=17.766767 loss=-0.450946 valid=1.0000 routes=14.886 grad=4.8788 seconds=43.3
Epoch 3943/5000: score=17.259680 loss=-0.399551 valid=1.0000 routes=14.242 grad=4.4523 seconds=43.3
Epoch 3944/5000: score=16.176031 loss=-0.414406 valid=1.0000 routes=14.230 grad=4.4371 seconds=43.6
Epoch 3945/5000: score=16.582431 loss=-0.389493 valid=1.0000 routes=13.437 grad=4.3210 seconds=43.7
Epoch 3946/5000: score=16.512884 loss=-0.403247 valid=1.0000 routes=13.892 grad=4.1863 seconds=43.7
Epoch 3947/5000: score=18.036827 loss=-0.436899 valid=1.0000 routes=14.678 grad=4.9663 seconds=43.3
Epoch 3948/5000: score=16.845000 loss=-0.413317 valid=1.0000 routes=14.882 grad=4.8263 seconds=43.2
>> Invalid instances, Re-generating ...
Epoch 3949/5000: score=16.654483 loss=-0.419060 valid=1.0000 routes=14.506 grad=4.3974 seconds=43.3
Epoch 3950/5000: score=16.362486 loss=-0.372432 valid=1.0000 routes=13.454 grad=3.9458 seconds=43.7
Epoch 3951/5000: score=17.547905 loss=-0.417254 valid=1.0000 routes=14.298 grad=4.8632 seconds=44.4
Epoch 3952/5000: score=16.921488 loss=-0.419725 valid=1.0000 routes=14.938 grad=4.5784 seconds=43.5
Epoch 3953/5000: score=16.525513 loss=-0.372763 valid=1.0000 routes=13.607 grad=4.1270 seconds=43.7
Epoch 3954/5000: score=16.339911 loss=-0.378896 valid=1.0000 routes=13.990 grad=4.0178 seconds=43.2
Epoch 3955/5000: score=17.537608 loss=-0.409758 valid=1.0000 routes=13.539 grad=4.5091 seconds=43.6
Epoch 3956/5000: score=17.315895 loss=-0.404188 valid=1.0000 routes=14.083 grad=4.7597 seconds=43.5
Epoch 3957/5000: score=17.302234 loss=-0.426190 valid=1.0000 routes=14.336 grad=4.6756 seconds=43.2
Epoch 3958/5000: score=17.814547 loss=-0.434831 valid=1.0000 routes=14.749 grad=4.8538 seconds=43.3
Epoch 3959/5000: score=16.954944 loss=-0.406554 valid=1.0000 routes=14.214 grad=4.5086 seconds=43.5
Epoch 3960/5000: score=16.736650 loss=-0.409556 valid=1.0000 routes=13.694 grad=4.3263 seconds=43.4
Epoch 3961/5000: score=16.439049 loss=-0.395770 valid=1.0000 routes=14.443 grad=4.2431 seconds=43.7
Epoch 3962/5000: score=15.950121 loss=-0.402078 valid=1.0000 routes=14.768 grad=4.2633 seconds=43.8
Epoch 3963/5000: score=17.304389 loss=-0.424676 valid=1.0000 routes=14.198 grad=4.5268 seconds=43.7
Epoch 3964/5000: score=16.281061 loss=-0.393218 valid=1.0000 routes=13.445 grad=4.0804 seconds=44.3
Epoch 3965/5000: score=17.258202 loss=-0.432686 valid=1.0000 routes=14.477 grad=4.6982 seconds=43.4
Epoch 3966/5000: score=16.867208 loss=-0.405517 valid=1.0000 routes=14.287 grad=4.2869 seconds=43.4
Epoch 3967/5000: score=16.665338 loss=-0.393577 valid=1.0000 routes=13.365 grad=4.2684 seconds=44.4
Epoch 3968/5000: score=17.390248 loss=-0.416096 valid=1.0000 routes=14.967 grad=4.7168 seconds=47.1
Epoch 3969/5000: score=16.543756 loss=-0.408288 valid=1.0000 routes=14.378 grad=4.2194 seconds=43.7
Epoch 3970/5000: score=15.975518 loss=-0.365748 valid=1.0000 routes=13.455 grad=3.8877 seconds=43.9
Epoch 3971/5000: score=17.676361 loss=-0.436424 valid=1.0000 routes=14.530 grad=4.9356 seconds=43.5
Epoch 3972/5000: score=16.075617 loss=-0.366551 valid=1.0000 routes=13.379 grad=4.0795 seconds=43.5
Epoch 3973/5000: score=17.938100 loss=-0.454566 valid=1.0000 routes=15.618 grad=5.1179 seconds=43.5
Epoch 3974/5000: score=16.520889 loss=-0.404474 valid=1.0000 routes=14.071 grad=4.5081 seconds=43.6
Epoch 3975/5000: score=16.963284 loss=-0.406823 valid=1.0000 routes=13.357 grad=4.7211 seconds=44.4
Epoch 3976/5000: score=17.709337 loss=-0.429284 valid=1.0000 routes=15.070 grad=4.7393 seconds=46.0
Epoch 3977/5000: score=16.758173 loss=-0.400968 valid=1.0000 routes=14.457 grad=4.4057 seconds=43.6
Epoch 3978/5000: score=16.704044 loss=-0.409068 valid=1.0000 routes=14.473 grad=4.3584 seconds=43.8
Epoch 3979/5000: score=16.741491 loss=-0.391665 valid=1.0000 routes=13.884 grad=4.1878 seconds=43.6
Epoch 3980/5000: score=17.312687 loss=-0.422905 valid=1.0000 routes=14.047 grad=4.8048 seconds=43.8
Epoch 3981/5000: score=16.765481 loss=-0.398966 valid=1.0000 routes=15.027 grad=4.3140 seconds=43.5
Epoch 3982/5000: score=16.457870 loss=-0.408353 valid=1.0000 routes=14.272 grad=4.2100 seconds=44.3
Epoch 3983/5000: score=17.064554 loss=-0.425370 valid=1.0000 routes=14.304 grad=4.5518 seconds=43.8
Epoch 3984/5000: score=16.142714 loss=-0.392390 valid=1.0000 routes=13.736 grad=4.0625 seconds=43.9
Epoch 3985/5000: score=17.500144 loss=-0.404712 valid=1.0000 routes=14.603 grad=4.4870 seconds=43.5
Epoch 3986/5000: score=17.127013 loss=-0.401123 valid=1.0000 routes=13.952 grad=4.5480 seconds=43.3
Epoch 3987/5000: score=18.263108 loss=-0.427158 valid=1.0000 routes=14.807 grad=5.0397 seconds=43.2
Epoch 3988/5000: score=16.056142 loss=-0.375776 valid=1.0000 routes=13.509 grad=3.8961 seconds=43.5
Epoch 3989/5000: score=16.145521 loss=-0.387306 valid=1.0000 routes=14.468 grad=4.1980 seconds=44.4
Epoch 3990/5000: score=16.900611 loss=-0.415654 valid=1.0000 routes=14.083 grad=4.6078 seconds=44.6
Epoch 3991/5000: score=17.788520 loss=-0.417908 valid=1.0000 routes=14.767 grad=4.6038 seconds=44.1
Epoch 3992/5000: score=17.620905 loss=-0.440981 valid=1.0000 routes=14.574 grad=4.9556 seconds=43.5
Epoch 3993/5000: score=17.266633 loss=-0.443738 valid=1.0000 routes=15.630 grad=4.8178 seconds=43.6
Epoch 3994/5000: score=18.729137 loss=-0.458467 valid=1.0000 routes=15.386 grad=5.2851 seconds=43.7
Epoch 3995/5000: score=17.001871 loss=-0.419395 valid=1.0000 routes=14.854 grad=4.6526 seconds=43.6
Epoch 3996/5000: score=16.376901 loss=-0.380211 valid=1.0000 routes=13.360 grad=3.9523 seconds=43.3
Epoch 3997/5000: score=16.566373 loss=-0.391978 valid=1.0000 routes=13.197 grad=4.1389 seconds=43.6
Epoch 3998/5000: score=15.749788 loss=-0.361548 valid=1.0000 routes=12.529 grad=3.7230 seconds=43.6
Epoch 3999/5000: score=16.991195 loss=-0.409870 valid=1.0000 routes=14.155 grad=4.6603 seconds=43.6
Epoch 4000/5000: score=16.865766 loss=-0.366184 valid=1.0000 routes=13.894 grad=4.0503 seconds=44.3
Epoch 4001/5000: score=17.222828 loss=-0.423255 valid=1.0000 routes=14.360 grad=4.8908 seconds=45.2
Epoch 4002/5000: score=17.710011 loss=-0.438785 valid=1.0000 routes=14.509 grad=4.9216 seconds=44.2
Epoch 4003/5000: score=16.567675 loss=-0.401997 valid=1.0000 routes=13.396 grad=4.4925 seconds=43.8
Epoch 4004/5000: score=16.512178 loss=-0.401030 valid=1.0000 routes=13.844 grad=4.2679 seconds=43.8
Epoch 4005/5000: score=16.966239 loss=-0.391024 valid=1.0000 routes=13.674 grad=4.2271 seconds=43.6
Epoch 4006/5000: score=16.402143 loss=-0.384024 valid=1.0000 routes=13.486 grad=4.0831 seconds=43.7
Epoch 4007/5000: score=17.090370 loss=-0.420756 valid=1.0000 routes=14.856 grad=4.5384 seconds=43.5
Epoch 4008/5000: score=16.063409 loss=-0.385788 valid=1.0000 routes=14.103 grad=4.1180 seconds=43.5
Epoch 4009/5000: score=16.695075 loss=-0.397816 valid=1.0000 routes=13.733 grad=4.2512 seconds=43.5
Epoch 4010/5000: score=17.940617 loss=-0.442218 valid=1.0000 routes=15.008 grad=5.1342 seconds=43.6
Epoch 4011/5000: score=16.816039 loss=-0.376593 valid=1.0000 routes=13.904 grad=4.1362 seconds=43.5
Epoch 4012/5000: score=17.869009 loss=-0.450410 valid=1.0000 routes=14.672 grad=5.1393 seconds=43.8
Epoch 4013/5000: score=16.639647 loss=-0.400914 valid=1.0000 routes=14.220 grad=4.2212 seconds=43.4
Epoch 4014/5000: score=17.152381 loss=-0.421147 valid=1.0000 routes=13.845 grad=4.6069 seconds=43.6
Epoch 4015/5000: score=17.680116 loss=-0.435049 valid=1.0000 routes=14.287 grad=4.8037 seconds=43.5
Epoch 4016/5000: score=17.739677 loss=-0.428648 valid=1.0000 routes=14.703 grad=4.8559 seconds=43.6
Epoch 4017/5000: score=16.859247 loss=-0.397507 valid=1.0000 routes=13.904 grad=4.5333 seconds=43.8
Epoch 4018/5000: score=16.357628 loss=-0.392280 valid=1.0000 routes=13.549 grad=4.3789 seconds=43.6
Epoch 4019/5000: score=16.512368 loss=-0.399677 valid=1.0000 routes=13.130 grad=4.5960 seconds=43.7
Epoch 4020/5000: score=16.170486 loss=-0.413860 valid=1.0000 routes=14.036 grad=4.2670 seconds=43.3
Epoch 4021/5000: score=16.985276 loss=-0.421113 valid=1.0000 routes=14.555 grad=4.6716 seconds=43.3
Epoch 4022/5000: score=16.972319 loss=-0.403934 valid=1.0000 routes=13.833 grad=4.3844 seconds=43.3
Epoch 4023/5000: score=16.483671 loss=-0.376917 valid=1.0000 routes=13.775 grad=3.9716 seconds=43.5
Epoch 4024/5000: score=16.943405 loss=-0.415496 valid=1.0000 routes=14.399 grad=4.9815 seconds=43.6
Epoch 4025/5000: score=16.101664 loss=-0.387390 valid=1.0000 routes=14.070 grad=4.0557 seconds=43.4
Epoch 4026/5000: score=17.297724 loss=-0.400976 valid=1.0000 routes=13.796 grad=4.5619 seconds=43.5
Epoch 4027/5000: score=16.371652 loss=-0.370763 valid=1.0000 routes=13.188 grad=4.0113 seconds=43.4
Epoch 4028/5000: score=17.280773 loss=-0.405720 valid=1.0000 routes=14.112 grad=4.5377 seconds=43.5
Epoch 4029/5000: score=15.774067 loss=-0.369199 valid=1.0000 routes=12.214 grad=3.9948 seconds=43.5
Epoch 4030/5000: score=16.543120 loss=-0.403092 valid=1.0000 routes=14.147 grad=4.1823 seconds=43.4
Epoch 4031/5000: score=17.522579 loss=-0.410744 valid=1.0000 routes=14.182 grad=4.7596 seconds=43.2
Epoch 4032/5000: score=16.914069 loss=-0.387544 valid=1.0000 routes=14.204 grad=4.2262 seconds=43.5
Epoch 4033/5000: score=16.397886 loss=-0.396538 valid=1.0000 routes=13.421 grad=4.4188 seconds=43.5
Epoch 4034/5000: score=16.493473 loss=-0.407273 valid=1.0000 routes=14.404 grad=4.5008 seconds=43.5
Epoch 4035/5000: score=16.571595 loss=-0.406637 valid=1.0000 routes=14.149 grad=4.5742 seconds=43.2
Epoch 4036/5000: score=17.952158 loss=-0.415495 valid=1.0000 routes=14.545 grad=4.6943 seconds=43.4
Epoch 4037/5000: score=17.004539 loss=-0.410328 valid=1.0000 routes=13.914 grad=4.3142 seconds=43.4
Epoch 4038/5000: score=17.289212 loss=-0.410326 valid=1.0000 routes=14.095 grad=4.4337 seconds=43.5
Epoch 4039/5000: score=15.614619 loss=-0.360432 valid=1.0000 routes=13.674 grad=3.6878 seconds=43.3
Epoch 4040/5000: score=17.691126 loss=-0.435634 valid=1.0000 routes=14.431 grad=4.8856 seconds=43.3
Epoch 4041/5000: score=16.179286 loss=-0.413358 valid=1.0000 routes=13.911 grad=4.4242 seconds=44.1
Epoch 4042/5000: score=16.579258 loss=-0.386684 valid=1.0000 routes=13.818 grad=4.2738 seconds=44.4
Epoch 4043/5000: score=16.399656 loss=-0.415458 valid=1.0000 routes=13.757 grad=4.2843 seconds=44.9
Epoch 4044/5000: score=16.614195 loss=-0.396122 valid=1.0000 routes=14.432 grad=4.4961 seconds=44.3
Epoch 4045/5000: score=16.589930 loss=-0.407907 valid=1.0000 routes=14.456 grad=4.4988 seconds=44.1
Epoch 4046/5000: score=17.099981 loss=-0.408345 valid=1.0000 routes=14.078 grad=4.3318 seconds=44.6
Epoch 4047/5000: score=15.929932 loss=-0.397498 valid=1.0000 routes=13.805 grad=4.0244 seconds=44.9
Epoch 4048/5000: score=17.734281 loss=-0.419656 valid=1.0000 routes=14.413 grad=4.5525 seconds=44.6
Epoch 4049/5000: score=18.719918 loss=-0.462205 valid=1.0000 routes=15.261 grad=5.3136 seconds=45.1
Epoch 4050/5000: score=16.455269 loss=-0.392851 valid=1.0000 routes=13.664 grad=4.3846 seconds=45.2
Epoch 4051/5000: score=17.213239 loss=-0.418858 valid=1.0000 routes=14.726 grad=4.5129 seconds=44.9
Epoch 4052/5000: score=17.031543 loss=-0.417358 valid=1.0000 routes=14.952 grad=4.5514 seconds=45.0
Epoch 4053/5000: score=16.881385 loss=-0.408845 valid=1.0000 routes=14.031 grad=4.5017 seconds=44.7
Epoch 4054/5000: score=16.800596 loss=-0.394732 valid=1.0000 routes=13.864 grad=4.3912 seconds=44.5
Epoch 4055/5000: score=16.259149 loss=-0.402537 valid=1.0000 routes=14.069 grad=4.1841 seconds=44.2
Epoch 4056/5000: score=17.076106 loss=-0.390119 valid=1.0000 routes=15.182 grad=4.4679 seconds=44.1
Epoch 4057/5000: score=17.887352 loss=-0.450217 valid=1.0000 routes=15.062 grad=4.9896 seconds=43.8
Epoch 4058/5000: score=17.049584 loss=-0.404271 valid=1.0000 routes=13.666 grad=4.4434 seconds=43.9
Epoch 4059/5000: score=16.651176 loss=-0.387008 valid=1.0000 routes=14.172 grad=4.3420 seconds=43.5
Epoch 4060/5000: score=16.934312 loss=-0.398171 valid=1.0000 routes=13.600 grad=4.3060 seconds=43.7
Epoch 4061/5000: score=17.854039 loss=-0.427765 valid=1.0000 routes=14.914 grad=5.0843 seconds=44.0
Epoch 4062/5000: score=16.987853 loss=-0.399219 valid=1.0000 routes=13.835 grad=4.3752 seconds=43.8
Epoch 4063/5000: score=17.080676 loss=-0.432492 valid=1.0000 routes=14.468 grad=4.6945 seconds=43.8
Epoch 4064/5000: score=16.723643 loss=-0.410726 valid=1.0000 routes=13.668 grad=4.4217 seconds=43.6
Epoch 4065/5000: score=15.857435 loss=-0.377104 valid=1.0000 routes=12.712 grad=3.7502 seconds=43.7
Epoch 4066/5000: score=16.721226 loss=-0.402734 valid=1.0000 routes=14.433 grad=4.5329 seconds=44.0
Epoch 4067/5000: score=16.942631 loss=-0.391642 valid=1.0000 routes=13.713 grad=4.3212 seconds=44.9
Epoch 4068/5000: score=16.301551 loss=-0.391629 valid=1.0000 routes=14.385 grad=3.9301 seconds=44.3
Epoch 4069/5000: score=16.254265 loss=-0.375522 valid=1.0000 routes=13.214 grad=4.2381 seconds=44.0
Epoch 4070/5000: score=16.556032 loss=-0.399009 valid=1.0000 routes=14.120 grad=4.3948 seconds=43.8
Epoch 4071/5000: score=16.191221 loss=-0.379543 valid=1.0000 routes=13.604 grad=3.9643 seconds=43.7
Epoch 4072/5000: score=16.669218 loss=-0.404214 valid=1.0000 routes=14.795 grad=4.2755 seconds=43.6
Epoch 4073/5000: score=16.189864 loss=-0.390830 valid=1.0000 routes=13.403 grad=4.0574 seconds=43.5
Epoch 4074/5000: score=16.884174 loss=-0.387708 valid=1.0000 routes=13.851 grad=4.1995 seconds=43.7
Epoch 4075/5000: score=17.326422 loss=-0.414677 valid=1.0000 routes=14.553 grad=4.6929 seconds=43.5
Epoch 4076/5000: score=17.259695 loss=-0.436141 valid=1.0000 routes=14.990 grad=4.8619 seconds=43.9
Epoch 4077/5000: score=17.438382 loss=-0.431770 valid=1.0000 routes=14.609 grad=4.8541 seconds=43.7
Epoch 4078/5000: score=17.279804 loss=-0.422617 valid=1.0000 routes=13.901 grad=4.8237 seconds=43.8
Epoch 4079/5000: score=17.423959 loss=-0.416447 valid=1.0000 routes=14.019 grad=4.7609 seconds=43.7
Epoch 4080/5000: score=17.220881 loss=-0.394551 valid=1.0000 routes=13.886 grad=4.5256 seconds=43.6
Epoch 4081/5000: score=16.358343 loss=-0.387847 valid=1.0000 routes=13.631 grad=4.3199 seconds=43.7
Epoch 4082/5000: score=16.997667 loss=-0.381143 valid=1.0000 routes=14.086 grad=4.2405 seconds=43.7
Epoch 4083/5000: score=17.153477 loss=-0.422408 valid=1.0000 routes=14.950 grad=4.5925 seconds=43.5
Epoch 4084/5000: score=17.654433 loss=-0.436230 valid=1.0000 routes=14.968 grad=4.9042 seconds=43.6
Epoch 4085/5000: score=16.821122 loss=-0.383420 valid=1.0000 routes=13.053 grad=4.2709 seconds=44.0
Epoch 4086/5000: score=17.461861 loss=-0.405102 valid=1.0000 routes=14.255 grad=4.6909 seconds=43.7
Epoch 4087/5000: score=17.429471 loss=-0.414153 valid=1.0000 routes=14.238 grad=4.8854 seconds=43.7
Epoch 4088/5000: score=17.560613 loss=-0.435030 valid=1.0000 routes=14.803 grad=4.7528 seconds=43.7
Epoch 4089/5000: score=16.895294 loss=-0.412293 valid=1.0000 routes=14.672 grad=4.3116 seconds=43.3
Epoch 4090/5000: score=17.522576 loss=-0.431092 valid=1.0000 routes=14.713 grad=4.7537 seconds=43.4
Epoch 4091/5000: score=16.719360 loss=-0.407943 valid=1.0000 routes=13.769 grad=4.6433 seconds=43.7
Epoch 4092/5000: score=17.145937 loss=-0.417277 valid=1.0000 routes=14.408 grad=4.5785 seconds=43.4
Epoch 4093/5000: score=16.506030 loss=-0.396114 valid=1.0000 routes=14.003 grad=4.3106 seconds=43.9
Epoch 4094/5000: score=17.993931 loss=-0.417748 valid=1.0000 routes=14.741 grad=4.9373 seconds=43.6
Epoch 4095/5000: score=17.414132 loss=-0.392639 valid=1.0000 routes=13.711 grad=4.6049 seconds=43.6
Epoch 4096/5000: score=17.642312 loss=-0.441342 valid=1.0000 routes=15.098 grad=4.9919 seconds=43.4
Epoch 4097/5000: score=17.732901 loss=-0.419231 valid=1.0000 routes=14.324 grad=4.7829 seconds=43.1
Epoch 4098/5000: score=16.245671 loss=-0.376611 valid=1.0000 routes=13.546 grad=3.9717 seconds=43.3
Epoch 4099/5000: score=17.080202 loss=-0.397235 valid=1.0000 routes=13.462 grad=4.3119 seconds=43.1
Epoch 4100/5000: score=17.717779 loss=-0.420053 valid=1.0000 routes=14.732 grad=5.1173 seconds=43.4
Epoch 4101/5000: score=16.545606 loss=-0.404202 valid=1.0000 routes=14.713 grad=4.3115 seconds=43.2
Epoch 4102/5000: score=17.481671 loss=-0.423920 valid=1.0000 routes=14.845 grad=4.7390 seconds=43.4
Epoch 4103/5000: score=16.450643 loss=-0.405356 valid=1.0000 routes=14.231 grad=4.4356 seconds=43.4
Epoch 4104/5000: score=16.180208 loss=-0.385709 valid=1.0000 routes=13.741 grad=4.0731 seconds=43.8
Epoch 4105/5000: score=16.843765 loss=-0.392663 valid=1.0000 routes=13.739 grad=4.3428 seconds=43.5
Epoch 4106/5000: score=17.490165 loss=-0.426122 valid=1.0000 routes=14.584 grad=4.7582 seconds=43.5
Epoch 4107/5000: score=17.172421 loss=-0.415546 valid=1.0000 routes=14.196 grad=4.5299 seconds=43.3
Epoch 4108/5000: score=16.842028 loss=-0.415752 valid=1.0000 routes=14.608 grad=4.5912 seconds=43.6
Epoch 4109/5000: score=16.591572 loss=-0.402849 valid=1.0000 routes=14.036 grad=4.4912 seconds=43.3
Epoch 4110/5000: score=16.299182 loss=-0.391891 valid=1.0000 routes=13.808 grad=4.2142 seconds=43.7
Epoch 4111/5000: score=18.289760 loss=-0.440036 valid=1.0000 routes=15.448 grad=5.1014 seconds=43.3
Epoch 4112/5000: score=18.077137 loss=-0.437764 valid=1.0000 routes=14.797 grad=5.0376 seconds=43.2
Epoch 4113/5000: score=16.401894 loss=-0.395307 valid=1.0000 routes=13.919 grad=4.4521 seconds=43.5
Epoch 4114/5000: score=17.429845 loss=-0.412132 valid=1.0000 routes=14.227 grad=4.6710 seconds=45.0
>> Invalid instances, Re-generating ...
Epoch 4115/5000: score=15.953232 loss=-0.383899 valid=1.0000 routes=14.036 grad=4.0746 seconds=45.1
Epoch 4116/5000: score=16.874623 loss=-0.398542 valid=1.0000 routes=13.778 grad=4.3861 seconds=45.1
Epoch 4117/5000: score=17.750358 loss=-0.446166 valid=1.0000 routes=16.016 grad=5.0665 seconds=44.6
Epoch 4118/5000: score=17.288761 loss=-0.425713 valid=1.0000 routes=14.487 grad=4.8213 seconds=43.5
Epoch 4119/5000: score=16.377265 loss=-0.394489 valid=1.0000 routes=13.986 grad=4.0750 seconds=43.4
Epoch 4120/5000: score=16.957818 loss=-0.410993 valid=1.0000 routes=14.410 grad=4.4070 seconds=43.4
Epoch 4121/5000: score=17.063166 loss=-0.420493 valid=1.0000 routes=14.939 grad=4.7158 seconds=43.3
Epoch 4122/5000: score=17.537367 loss=-0.411992 valid=1.0000 routes=14.659 grad=4.5816 seconds=44.2
Epoch 4123/5000: score=16.141861 loss=-0.372320 valid=1.0000 routes=13.614 grad=4.0155 seconds=44.0
Epoch 4124/5000: score=16.485873 loss=-0.389355 valid=1.0000 routes=13.732 grad=4.2107 seconds=44.3
Epoch 4125/5000: score=16.424106 loss=-0.392130 valid=1.0000 routes=13.641 grad=4.1824 seconds=43.6
Epoch 4126/5000: score=16.832735 loss=-0.398296 valid=1.0000 routes=13.863 grad=4.5317 seconds=43.6
>> Invalid instances, Re-generating ...
Epoch 4127/5000: score=18.202223 loss=-0.449449 valid=1.0000 routes=14.757 grad=5.3730 seconds=43.5
Epoch 4128/5000: score=17.603691 loss=-0.424588 valid=1.0000 routes=14.805 grad=4.8271 seconds=43.6
Epoch 4129/5000: score=18.014664 loss=-0.431764 valid=1.0000 routes=14.414 grad=4.9805 seconds=43.5
Epoch 4130/5000: score=15.974503 loss=-0.365311 valid=1.0000 routes=13.447 grad=3.9257 seconds=43.6
Epoch 4131/5000: score=16.657549 loss=-0.408876 valid=1.0000 routes=14.254 grad=4.3638 seconds=44.1
Epoch 4132/5000: score=18.515740 loss=-0.454247 valid=1.0000 routes=15.273 grad=5.3800 seconds=44.4
Epoch 4133/5000: score=17.956771 loss=-0.441429 valid=1.0000 routes=14.776 grad=5.0592 seconds=44.2
Epoch 4134/5000: score=17.174304 loss=-0.413413 valid=1.0000 routes=14.690 grad=4.6523 seconds=44.3
Epoch 4135/5000: score=16.342568 loss=-0.393353 valid=1.0000 routes=13.819 grad=4.2112 seconds=46.2
Epoch 4136/5000: score=16.586586 loss=-0.414470 valid=1.0000 routes=15.131 grad=4.4982 seconds=44.5
Epoch 4137/5000: score=17.763251 loss=-0.437808 valid=1.0000 routes=14.627 grad=5.0294 seconds=44.8
Epoch 4138/5000: score=16.543965 loss=-0.383788 valid=1.0000 routes=13.044 grad=4.0691 seconds=45.6
Epoch 4139/5000: score=18.308360 loss=-0.434862 valid=1.0000 routes=15.181 grad=5.1897 seconds=46.0
Epoch 4140/5000: score=15.976524 loss=-0.385451 valid=1.0000 routes=13.865 grad=3.9667 seconds=45.8
Epoch 4141/5000: score=16.410399 loss=-0.394065 valid=1.0000 routes=14.656 grad=4.1060 seconds=45.5
Epoch 4142/5000: score=17.202577 loss=-0.401494 valid=1.0000 routes=14.361 grad=4.5667 seconds=46.0
Epoch 4143/5000: score=16.151824 loss=-0.384184 valid=1.0000 routes=13.790 grad=4.1182 seconds=45.4
Epoch 4144/5000: score=17.259148 loss=-0.407850 valid=1.0000 routes=13.708 grad=4.8254 seconds=45.6
Epoch 4145/5000: score=17.612387 loss=-0.412366 valid=1.0000 routes=14.260 grad=4.8278 seconds=44.6
Epoch 4146/5000: score=17.204551 loss=-0.441702 valid=1.0000 routes=15.281 grad=5.0686 seconds=44.2
>> Invalid instances, Re-generating ...
Epoch 4147/5000: score=17.454249 loss=-0.422735 valid=1.0000 routes=14.782 grad=4.8816 seconds=44.0
Epoch 4148/5000: score=16.332103 loss=-0.367635 valid=1.0000 routes=12.990 grad=3.8399 seconds=44.2
Epoch 4149/5000: score=17.819501 loss=-0.424277 valid=1.0000 routes=15.011 grad=5.2362 seconds=44.2
Epoch 4150/5000: score=16.474045 loss=-0.381264 valid=1.0000 routes=13.591 grad=4.2135 seconds=44.4
Epoch 4151/5000: score=16.694356 loss=-0.414103 valid=1.0000 routes=13.901 grad=4.5356 seconds=44.6
Epoch 4152/5000: score=16.836659 loss=-0.400344 valid=1.0000 routes=13.783 grad=4.4187 seconds=43.4
Epoch 4153/5000: score=17.154565 loss=-0.418291 valid=1.0000 routes=14.456 grad=4.5801 seconds=43.4
Epoch 4154/5000: score=16.335386 loss=-0.375363 valid=1.0000 routes=13.402 grad=4.0904 seconds=43.4
Epoch 4155/5000: score=17.198343 loss=-0.426980 valid=1.0000 routes=14.668 grad=4.7143 seconds=43.7
Epoch 4156/5000: score=17.931169 loss=-0.432902 valid=1.0000 routes=14.848 grad=4.9785 seconds=43.5
Epoch 4157/5000: score=17.662645 loss=-0.441074 valid=1.0000 routes=15.238 grad=5.0470 seconds=43.5
Epoch 4158/5000: score=17.112933 loss=-0.417447 valid=1.0000 routes=13.539 grad=4.5839 seconds=43.3
Epoch 4159/5000: score=17.776809 loss=-0.425948 valid=1.0000 routes=14.437 grad=4.7128 seconds=43.4
Epoch 4160/5000: score=17.233458 loss=-0.414807 valid=1.0000 routes=14.508 grad=4.8212 seconds=43.4
Epoch 4161/5000: score=17.269270 loss=-0.419203 valid=1.0000 routes=13.908 grad=4.7592 seconds=43.7
Epoch 4162/5000: score=16.202578 loss=-0.394155 valid=1.0000 routes=13.149 grad=4.1324 seconds=43.4
Epoch 4163/5000: score=16.788338 loss=-0.413654 valid=1.0000 routes=14.235 grad=4.5399 seconds=43.2
Epoch 4164/5000: score=16.718616 loss=-0.384462 valid=1.0000 routes=13.480 grad=4.2758 seconds=43.6
Epoch 4165/5000: score=17.265972 loss=-0.406659 valid=1.0000 routes=13.990 grad=4.9219 seconds=43.3
Epoch 4166/5000: score=16.279799 loss=-0.395833 valid=1.0000 routes=13.160 grad=4.2513 seconds=43.5
Epoch 4167/5000: score=16.121195 loss=-0.400880 valid=1.0000 routes=13.598 grad=4.0694 seconds=43.4
Epoch 4168/5000: score=16.318296 loss=-0.394269 valid=1.0000 routes=14.340 grad=4.1733 seconds=43.5
Epoch 4169/5000: score=17.554506 loss=-0.402960 valid=1.0000 routes=14.123 grad=4.5383 seconds=43.3
Epoch 4170/5000: score=17.182526 loss=-0.433377 valid=1.0000 routes=15.857 grad=4.6874 seconds=43.5
Epoch 4171/5000: score=17.320151 loss=-0.402046 valid=1.0000 routes=14.035 grad=4.5888 seconds=43.2
Epoch 4172/5000: score=15.749509 loss=-0.394934 valid=1.0000 routes=14.179 grad=4.1374 seconds=43.2
Epoch 4173/5000: score=17.474704 loss=-0.410307 valid=1.0000 routes=13.665 grad=4.7260 seconds=43.4
Epoch 4174/5000: score=17.017817 loss=-0.423593 valid=1.0000 routes=14.225 grad=4.5789 seconds=43.8
Epoch 4175/5000: score=17.176904 loss=-0.415078 valid=1.0000 routes=14.277 grad=4.5647 seconds=43.7
Epoch 4176/5000: score=16.690286 loss=-0.414797 valid=1.0000 routes=14.819 grad=4.3729 seconds=43.5
Epoch 4177/5000: score=18.179960 loss=-0.466766 valid=1.0000 routes=16.424 grad=5.2550 seconds=43.4
Epoch 4178/5000: score=16.088689 loss=-0.379479 valid=1.0000 routes=12.824 grad=3.9277 seconds=43.5
Epoch 4179/5000: score=18.079069 loss=-0.422384 valid=1.0000 routes=14.755 grad=4.9836 seconds=43.5
Epoch 4180/5000: score=16.579737 loss=-0.374291 valid=1.0000 routes=13.826 grad=4.0740 seconds=43.4
Epoch 4181/5000: score=17.417096 loss=-0.417870 valid=1.0000 routes=14.306 grad=4.5648 seconds=43.4
Epoch 4182/5000: score=17.040829 loss=-0.408589 valid=1.0000 routes=14.143 grad=4.5477 seconds=43.5
Epoch 4183/5000: score=16.149947 loss=-0.378947 valid=1.0000 routes=13.425 grad=4.0419 seconds=43.7
Epoch 4184/5000: score=16.393658 loss=-0.384791 valid=1.0000 routes=14.253 grad=4.2536 seconds=43.6
Epoch 4185/5000: score=16.738319 loss=-0.403276 valid=1.0000 routes=14.322 grad=4.4339 seconds=43.8
Epoch 4186/5000: score=17.488132 loss=-0.425054 valid=1.0000 routes=14.063 grad=4.9634 seconds=43.7
Epoch 4187/5000: score=16.527056 loss=-0.407307 valid=1.0000 routes=14.352 grad=4.6434 seconds=43.7
Epoch 4188/5000: score=16.421756 loss=-0.409708 valid=1.0000 routes=13.902 grad=4.2926 seconds=43.9
Epoch 4189/5000: score=16.659828 loss=-0.398343 valid=1.0000 routes=13.996 grad=4.5164 seconds=43.6
Epoch 4190/5000: score=17.383349 loss=-0.408319 valid=1.0000 routes=14.577 grad=4.8188 seconds=43.8
Epoch 4191/5000: score=16.466780 loss=-0.406109 valid=1.0000 routes=13.931 grad=4.4195 seconds=43.4
Epoch 4192/5000: score=17.955833 loss=-0.454880 valid=1.0000 routes=14.664 grad=5.1342 seconds=43.6
Epoch 4193/5000: score=17.742228 loss=-0.416684 valid=1.0000 routes=14.490 grad=4.6273 seconds=43.5
Epoch 4194/5000: score=16.960552 loss=-0.397187 valid=1.0000 routes=13.371 grad=4.4368 seconds=43.7
Epoch 4195/5000: score=15.686057 loss=-0.364432 valid=1.0000 routes=13.667 grad=3.8172 seconds=43.3
Epoch 4196/5000: score=17.012156 loss=-0.422320 valid=1.0000 routes=14.632 grad=4.6494 seconds=43.3
Epoch 4197/5000: score=17.927259 loss=-0.435330 valid=1.0000 routes=13.536 grad=4.9880 seconds=43.5
Epoch 4198/5000: score=17.931568 loss=-0.439678 valid=1.0000 routes=16.206 grad=5.2133 seconds=43.5
Epoch 4199/5000: score=16.522176 loss=-0.397849 valid=1.0000 routes=13.468 grad=4.4325 seconds=43.4
Epoch 4200/5000: score=16.758488 loss=-0.405655 valid=1.0000 routes=14.706 grad=4.4697 seconds=43.8
Epoch 4201/5000: score=16.603406 loss=-0.377663 valid=1.0000 routes=13.798 grad=4.1178 seconds=43.6
Epoch 4202/5000: score=16.225589 loss=-0.398503 valid=1.0000 routes=14.242 grad=4.1782 seconds=43.2
Epoch 4203/5000: score=18.004889 loss=-0.411875 valid=1.0000 routes=14.416 grad=4.8980 seconds=43.4
Epoch 4204/5000: score=18.321013 loss=-0.452899 valid=1.0000 routes=15.485 grad=5.1715 seconds=43.3
Epoch 4205/5000: score=16.492310 loss=-0.412962 valid=1.0000 routes=14.431 grad=4.5756 seconds=43.3
Epoch 4206/5000: score=16.617220 loss=-0.428271 valid=1.0000 routes=14.647 grad=4.7071 seconds=43.7
Epoch 4207/5000: score=17.978418 loss=-0.428884 valid=1.0000 routes=14.611 grad=5.0446 seconds=43.9
Epoch 4208/5000: score=17.282549 loss=-0.417618 valid=1.0000 routes=14.249 grad=4.6823 seconds=43.6
Epoch 4209/5000: score=17.877843 loss=-0.441608 valid=1.0000 routes=15.616 grad=5.0647 seconds=43.5
Epoch 4210/5000: score=17.622769 loss=-0.407050 valid=1.0000 routes=14.255 grad=4.6781 seconds=43.5
Epoch 4211/5000: score=16.925083 loss=-0.395005 valid=1.0000 routes=14.342 grad=4.4795 seconds=43.4
Epoch 4212/5000: score=17.359390 loss=-0.406462 valid=1.0000 routes=14.454 grad=4.5863 seconds=43.2
Epoch 4213/5000: score=17.038811 loss=-0.392148 valid=1.0000 routes=13.949 grad=4.3884 seconds=43.5
Epoch 4214/5000: score=16.163176 loss=-0.372832 valid=1.0000 routes=13.549 grad=3.9318 seconds=43.2
Epoch 4215/5000: score=17.367243 loss=-0.452510 valid=1.0000 routes=15.538 grad=5.1284 seconds=43.3
Epoch 4216/5000: score=17.466028 loss=-0.426490 valid=1.0000 routes=14.527 grad=4.8089 seconds=43.2
Epoch 4217/5000: score=16.623037 loss=-0.416865 valid=1.0000 routes=13.894 grad=4.4293 seconds=43.5
Epoch 4218/5000: score=16.982295 loss=-0.398096 valid=1.0000 routes=14.325 grad=4.5354 seconds=43.3
Epoch 4219/5000: score=18.049745 loss=-0.418133 valid=1.0000 routes=14.363 grad=5.1093 seconds=43.4
Epoch 4220/5000: score=17.436122 loss=-0.424676 valid=1.0000 routes=14.472 grad=4.7668 seconds=43.5
Epoch 4221/5000: score=17.179168 loss=-0.425040 valid=1.0000 routes=15.087 grad=4.7221 seconds=43.7
Epoch 4222/5000: score=17.543330 loss=-0.431253 valid=1.0000 routes=14.923 grad=4.8949 seconds=44.7
Epoch 4223/5000: score=18.165336 loss=-0.430015 valid=1.0000 routes=15.277 grad=5.1725 seconds=44.1
Epoch 4224/5000: score=16.373124 loss=-0.383769 valid=1.0000 routes=13.566 grad=4.2990 seconds=43.6
Epoch 4225/5000: score=15.780712 loss=-0.362103 valid=1.0000 routes=13.558 grad=3.8862 seconds=43.3
Epoch 4226/5000: score=16.460766 loss=-0.392270 valid=1.0000 routes=13.678 grad=4.1446 seconds=43.2
Epoch 4227/5000: score=17.557366 loss=-0.415719 valid=1.0000 routes=14.176 grad=4.5520 seconds=43.3
Epoch 4228/5000: score=15.710158 loss=-0.372874 valid=1.0000 routes=13.080 grad=4.0302 seconds=43.0
Epoch 4229/5000: score=17.953637 loss=-0.425513 valid=1.0000 routes=15.026 grad=5.2294 seconds=43.1
Epoch 4230/5000: score=17.159991 loss=-0.413264 valid=1.0000 routes=14.110 grad=4.7864 seconds=42.8
>> Invalid instances, Re-generating ...
Epoch 4231/5000: score=18.248781 loss=-0.425650 valid=1.0000 routes=14.725 grad=5.1769 seconds=43.3
Epoch 4232/5000: score=16.962053 loss=-0.420034 valid=1.0000 routes=15.146 grad=4.6312 seconds=43.4
Epoch 4233/5000: score=16.738832 loss=-0.408254 valid=1.0000 routes=14.779 grad=4.4858 seconds=43.1
Epoch 4234/5000: score=15.628735 loss=-0.378612 valid=1.0000 routes=12.968 grad=3.9108 seconds=43.2
Epoch 4235/5000: score=16.726993 loss=-0.410411 valid=1.0000 routes=14.479 grad=4.5762 seconds=42.9
Epoch 4236/5000: score=17.220698 loss=-0.420762 valid=1.0000 routes=14.120 grad=4.6566 seconds=43.1
Epoch 4237/5000: score=16.595443 loss=-0.400254 valid=1.0000 routes=14.186 grad=4.3440 seconds=43.2
Epoch 4238/5000: score=17.056093 loss=-0.417347 valid=1.0000 routes=14.947 grad=5.0036 seconds=43.0
Epoch 4239/5000: score=17.377581 loss=-0.418308 valid=1.0000 routes=14.498 grad=4.6621 seconds=43.1
Epoch 4240/5000: score=16.567572 loss=-0.376688 valid=1.0000 routes=13.598 grad=4.1114 seconds=42.9
Epoch 4241/5000: score=16.244480 loss=-0.381418 valid=1.0000 routes=13.829 grad=4.0324 seconds=43.0
Epoch 4242/5000: score=16.355563 loss=-0.385085 valid=1.0000 routes=13.953 grad=4.1342 seconds=43.0
Epoch 4243/5000: score=15.826171 loss=-0.383841 valid=1.0000 routes=13.135 grad=4.0835 seconds=43.1
Epoch 4244/5000: score=17.614116 loss=-0.435600 valid=1.0000 routes=14.954 grad=4.9218 seconds=43.3
Epoch 4245/5000: score=17.079858 loss=-0.394931 valid=1.0000 routes=14.554 grad=4.6104 seconds=43.1
Epoch 4246/5000: score=17.043480 loss=-0.407359 valid=1.0000 routes=14.861 grad=4.6157 seconds=42.9
Epoch 4247/5000: score=16.684565 loss=-0.401350 valid=1.0000 routes=14.203 grad=4.2409 seconds=42.8
Epoch 4248/5000: score=17.137290 loss=-0.395902 valid=1.0000 routes=13.122 grad=4.3153 seconds=43.1
Epoch 4249/5000: score=17.189016 loss=-0.412381 valid=1.0000 routes=14.613 grad=4.7611 seconds=42.9
Epoch 4250/5000: score=16.945818 loss=-0.418676 valid=1.0000 routes=14.698 grad=4.7697 seconds=43.3
Epoch 4251/5000: score=16.798019 loss=-0.399019 valid=1.0000 routes=14.559 grad=4.3997 seconds=42.9
Epoch 4252/5000: score=16.794859 loss=-0.414668 valid=1.0000 routes=13.851 grad=4.4711 seconds=43.0
Epoch 4253/5000: score=17.283681 loss=-0.416678 valid=1.0000 routes=14.558 grad=4.5723 seconds=43.1
Epoch 4254/5000: score=15.706035 loss=-0.394914 valid=1.0000 routes=14.143 grad=4.0224 seconds=42.9
Epoch 4255/5000: score=17.160534 loss=-0.425388 valid=1.0000 routes=13.762 grad=4.5193 seconds=43.2
Epoch 4256/5000: score=16.226822 loss=-0.377206 valid=1.0000 routes=13.331 grad=4.2047 seconds=42.9
Epoch 4257/5000: score=16.626600 loss=-0.369765 valid=1.0000 routes=13.390 grad=4.0318 seconds=42.8
Epoch 4258/5000: score=16.469539 loss=-0.387319 valid=1.0000 routes=14.316 grad=4.0715 seconds=42.6
Epoch 4259/5000: score=16.108250 loss=-0.389066 valid=1.0000 routes=14.426 grad=4.0433 seconds=42.7
Epoch 4260/5000: score=18.014511 loss=-0.423233 valid=1.0000 routes=14.661 grad=5.0088 seconds=42.4
Epoch 4261/5000: score=16.572473 loss=-0.397567 valid=1.0000 routes=14.056 grad=4.3325 seconds=42.7
Epoch 4262/5000: score=16.303917 loss=-0.390028 valid=1.0000 routes=14.952 grad=4.3076 seconds=42.8
Epoch 4263/5000: score=17.048902 loss=-0.413853 valid=1.0000 routes=14.607 grad=4.6514 seconds=42.9
Epoch 4264/5000: score=16.875459 loss=-0.422414 valid=1.0000 routes=13.777 grad=4.8134 seconds=43.1
Epoch 4265/5000: score=16.531757 loss=-0.398403 valid=1.0000 routes=14.341 grad=4.5262 seconds=42.7
Epoch 4266/5000: score=18.262448 loss=-0.434537 valid=1.0000 routes=15.185 grad=4.9753 seconds=42.7
Epoch 4267/5000: score=17.390002 loss=-0.414567 valid=1.0000 routes=14.623 grad=4.7096 seconds=42.9
Epoch 4268/5000: score=16.576853 loss=-0.417156 valid=1.0000 routes=14.325 grad=4.3650 seconds=42.9
Epoch 4269/5000: score=16.715058 loss=-0.407723 valid=1.0000 routes=13.967 grad=4.3633 seconds=43.0
Epoch 4270/5000: score=17.609682 loss=-0.418631 valid=1.0000 routes=14.260 grad=4.9364 seconds=42.6
Epoch 4271/5000: score=17.155330 loss=-0.416583 valid=1.0000 routes=14.326 grad=4.5570 seconds=43.0
Epoch 4272/5000: score=17.727250 loss=-0.418641 valid=1.0000 routes=14.926 grad=4.8266 seconds=42.8
Epoch 4273/5000: score=16.476480 loss=-0.376547 valid=1.0000 routes=13.356 grad=4.2373 seconds=42.9
Epoch 4274/5000: score=16.186442 loss=-0.400314 valid=1.0000 routes=14.610 grad=4.2946 seconds=42.7
Epoch 4275/5000: score=16.392462 loss=-0.405627 valid=1.0000 routes=13.477 grad=4.6645 seconds=42.7
Epoch 4276/5000: score=17.005614 loss=-0.417843 valid=1.0000 routes=14.433 grad=4.8500 seconds=42.9
Epoch 4277/5000: score=17.663505 loss=-0.424404 valid=1.0000 routes=15.560 grad=5.1355 seconds=42.8
Epoch 4278/5000: score=16.471294 loss=-0.393209 valid=1.0000 routes=13.970 grad=4.3338 seconds=42.8
Epoch 4279/5000: score=16.519497 loss=-0.380223 valid=1.0000 routes=13.436 grad=4.1171 seconds=42.7
Epoch 4280/5000: score=16.373695 loss=-0.397230 valid=1.0000 routes=14.343 grad=4.1541 seconds=42.6
Epoch 4281/5000: score=16.205232 loss=-0.387315 valid=1.0000 routes=13.445 grad=4.6013 seconds=42.8
Epoch 4282/5000: score=16.244180 loss=-0.407738 valid=1.0000 routes=14.103 grad=4.4921 seconds=42.9
Epoch 4283/5000: score=16.811353 loss=-0.411476 valid=1.0000 routes=14.950 grad=4.5607 seconds=42.7
Epoch 4284/5000: score=16.643122 loss=-0.398711 valid=1.0000 routes=14.405 grad=4.3866 seconds=42.7
Epoch 4285/5000: score=16.995052 loss=-0.399610 valid=1.0000 routes=13.840 grad=4.2767 seconds=42.7
Epoch 4286/5000: score=17.432447 loss=-0.417629 valid=1.0000 routes=13.941 grad=4.4725 seconds=42.7
Epoch 4287/5000: score=16.617173 loss=-0.387741 valid=1.0000 routes=13.503 grad=4.3480 seconds=42.9
Epoch 4288/5000: score=16.335128 loss=-0.405236 valid=1.0000 routes=13.965 grad=4.3457 seconds=42.8
Epoch 4289/5000: score=16.861861 loss=-0.386110 valid=1.0000 routes=13.466 grad=4.4675 seconds=42.6
Epoch 4290/5000: score=16.880562 loss=-0.411734 valid=1.0000 routes=14.447 grad=4.5874 seconds=42.7
Epoch 4291/5000: score=17.671757 loss=-0.428550 valid=1.0000 routes=15.286 grad=4.7565 seconds=42.8
Epoch 4292/5000: score=16.761297 loss=-0.414356 valid=1.0000 routes=14.130 grad=4.6307 seconds=42.8
Epoch 4293/5000: score=16.024281 loss=-0.377385 valid=1.0000 routes=12.830 grad=4.1043 seconds=42.9
Epoch 4294/5000: score=17.634995 loss=-0.421987 valid=1.0000 routes=14.484 grad=4.8324 seconds=42.7
Epoch 4295/5000: score=17.327954 loss=-0.422290 valid=1.0000 routes=14.638 grad=4.8209 seconds=43.9
Epoch 4296/5000: score=16.618966 loss=-0.383439 valid=1.0000 routes=14.166 grad=4.2329 seconds=44.2
Epoch 4297/5000: score=16.900493 loss=-0.406789 valid=1.0000 routes=15.013 grad=4.4487 seconds=42.8
Epoch 4298/5000: score=17.721016 loss=-0.435863 valid=1.0000 routes=14.698 grad=5.0066 seconds=43.9
Epoch 4299/5000: score=15.542311 loss=-0.369810 valid=1.0000 routes=13.145 grad=3.9321 seconds=44.4
Epoch 4300/5000: score=16.347408 loss=-0.404502 valid=1.0000 routes=14.606 grad=4.2790 seconds=44.2
Epoch 4301/5000: score=16.990872 loss=-0.419142 valid=1.0000 routes=14.228 grad=4.7926 seconds=44.3
Epoch 4302/5000: score=15.635949 loss=-0.398673 valid=1.0000 routes=13.585 grad=3.9173 seconds=44.4
Epoch 4303/5000: score=16.510312 loss=-0.385636 valid=1.0000 routes=13.313 grad=4.0814 seconds=44.0
Epoch 4304/5000: score=15.880411 loss=-0.367359 valid=1.0000 routes=12.945 grad=3.7761 seconds=43.9
Epoch 4305/5000: score=16.064401 loss=-0.382743 valid=1.0000 routes=14.019 grad=4.0155 seconds=44.0
Epoch 4306/5000: score=16.938992 loss=-0.405174 valid=1.0000 routes=13.716 grad=4.4366 seconds=45.1
Epoch 4307/5000: score=17.760620 loss=-0.417616 valid=1.0000 routes=14.015 grad=4.6996 seconds=45.3
Epoch 4308/5000: score=16.677120 loss=-0.392511 valid=1.0000 routes=13.239 grad=4.1828 seconds=45.2
Epoch 4309/5000: score=16.501310 loss=-0.387744 valid=1.0000 routes=13.532 grad=4.2483 seconds=44.9
Epoch 4310/5000: score=17.106776 loss=-0.426197 valid=1.0000 routes=14.433 grad=4.5283 seconds=45.2
Epoch 4311/5000: score=16.878412 loss=-0.416373 valid=1.0000 routes=13.944 grad=4.6718 seconds=44.5
Epoch 4312/5000: score=17.270036 loss=-0.402587 valid=1.0000 routes=13.825 grad=4.8805 seconds=43.5
Epoch 4313/5000: score=16.440467 loss=-0.365582 valid=1.0000 routes=13.467 grad=4.3463 seconds=43.1
Epoch 4314/5000: score=17.617984 loss=-0.439762 valid=1.0000 routes=14.891 grad=5.2198 seconds=43.2
Epoch 4315/5000: score=17.373511 loss=-0.423284 valid=1.0000 routes=14.677 grad=4.9166 seconds=43.3
Epoch 4316/5000: score=17.428065 loss=-0.455117 valid=1.0000 routes=15.729 grad=5.0437 seconds=43.3
Epoch 4317/5000: score=17.316410 loss=-0.407212 valid=1.0000 routes=14.084 grad=4.6859 seconds=43.5
Epoch 4318/5000: score=17.551744 loss=-0.415838 valid=1.0000 routes=14.334 grad=4.7598 seconds=44.1
Epoch 4319/5000: score=16.830337 loss=-0.408296 valid=1.0000 routes=15.041 grad=4.4330 seconds=44.0
Epoch 4320/5000: score=17.354228 loss=-0.421762 valid=1.0000 routes=14.518 grad=4.7583 seconds=43.6
Epoch 4321/5000: score=17.811365 loss=-0.431013 valid=1.0000 routes=15.262 grad=4.9555 seconds=43.8
Epoch 4322/5000: score=18.333706 loss=-0.457335 valid=1.0000 routes=15.673 grad=5.4683 seconds=44.4
Epoch 4323/5000: score=16.466923 loss=-0.394564 valid=1.0000 routes=13.591 grad=4.3734 seconds=43.9
Epoch 4324/5000: score=18.071167 loss=-0.430823 valid=1.0000 routes=14.880 grad=5.2121 seconds=42.8
Epoch 4325/5000: score=18.103875 loss=-0.444850 valid=1.0000 routes=14.820 grad=5.4882 seconds=42.9
Epoch 4326/5000: score=17.755079 loss=-0.418666 valid=1.0000 routes=14.696 grad=4.9826 seconds=42.8
Epoch 4327/5000: score=17.332272 loss=-0.431782 valid=1.0000 routes=14.584 grad=4.8016 seconds=42.9
Epoch 4328/5000: score=16.090522 loss=-0.387029 valid=1.0000 routes=13.474 grad=4.1701 seconds=42.8
Epoch 4329/5000: score=16.680183 loss=-0.414600 valid=1.0000 routes=14.747 grad=4.5795 seconds=42.8
Epoch 4330/5000: score=16.970148 loss=-0.416498 valid=1.0000 routes=14.246 grad=4.7241 seconds=42.9
Epoch 4331/5000: score=17.493190 loss=-0.402661 valid=1.0000 routes=13.782 grad=4.9550 seconds=42.9
Epoch 4332/5000: score=17.685117 loss=-0.425366 valid=1.0000 routes=15.183 grad=4.9048 seconds=43.5
Epoch 4333/5000: score=16.800117 loss=-0.412302 valid=1.0000 routes=14.227 grad=4.4899 seconds=42.9
Epoch 4334/5000: score=16.790485 loss=-0.412283 valid=1.0000 routes=14.955 grad=4.4976 seconds=43.3
Epoch 4335/5000: score=17.334507 loss=-0.422487 valid=1.0000 routes=14.413 grad=4.7847 seconds=43.8
Epoch 4336/5000: score=16.327040 loss=-0.372820 valid=1.0000 routes=13.258 grad=4.2963 seconds=43.5
Epoch 4337/5000: score=16.300894 loss=-0.410836 valid=1.0000 routes=13.274 grad=4.3417 seconds=43.1
Epoch 4338/5000: score=17.965789 loss=-0.445999 valid=1.0000 routes=15.155 grad=4.9311 seconds=43.2
Epoch 4339/5000: score=16.002822 loss=-0.379755 valid=1.0000 routes=12.550 grad=4.3279 seconds=42.9
Epoch 4340/5000: score=17.240512 loss=-0.418331 valid=1.0000 routes=14.714 grad=4.7905 seconds=43.2
Epoch 4341/5000: score=17.204328 loss=-0.428733 valid=1.0000 routes=15.054 grad=4.7449 seconds=43.3
Epoch 4342/5000: score=16.687729 loss=-0.390095 valid=1.0000 routes=13.986 grad=4.4566 seconds=43.2
Epoch 4343/5000: score=16.743241 loss=-0.419142 valid=1.0000 routes=13.860 grad=4.6213 seconds=43.1
Epoch 4344/5000: score=16.417198 loss=-0.388234 valid=1.0000 routes=13.691 grad=4.2845 seconds=43.2
Epoch 4345/5000: score=16.502975 loss=-0.416625 valid=1.0000 routes=13.872 grad=4.5684 seconds=43.9
Epoch 4346/5000: score=16.766094 loss=-0.411556 valid=1.0000 routes=13.868 grad=4.8924 seconds=43.8
Epoch 4347/5000: score=18.254784 loss=-0.457373 valid=1.0000 routes=15.641 grad=5.2325 seconds=43.7
Epoch 4348/5000: score=16.416355 loss=-0.417133 valid=1.0000 routes=13.543 grad=4.3883 seconds=43.4
Epoch 4349/5000: score=17.142620 loss=-0.409051 valid=1.0000 routes=14.590 grad=4.4933 seconds=43.3
Epoch 4350/5000: score=17.769883 loss=-0.446510 valid=1.0000 routes=14.319 grad=5.2282 seconds=43.1
Epoch 4351/5000: score=16.868793 loss=-0.439066 valid=1.0000 routes=14.947 grad=4.8152 seconds=43.8
Epoch 4352/5000: score=18.251528 loss=-0.426951 valid=1.0000 routes=14.865 grad=4.9504 seconds=44.5
Epoch 4353/5000: score=17.510267 loss=-0.435565 valid=1.0000 routes=15.326 grad=4.9406 seconds=43.3
Epoch 4354/5000: score=17.115712 loss=-0.400275 valid=1.0000 routes=14.024 grad=4.4879 seconds=43.0
Epoch 4355/5000: score=17.071006 loss=-0.403086 valid=1.0000 routes=14.197 grad=4.5340 seconds=43.2
Epoch 4356/5000: score=18.567834 loss=-0.441583 valid=1.0000 routes=15.484 grad=5.3577 seconds=43.0
Epoch 4357/5000: score=16.815831 loss=-0.410127 valid=1.0000 routes=14.261 grad=4.5243 seconds=43.2
Epoch 4358/5000: score=16.480230 loss=-0.383213 valid=1.0000 routes=14.234 grad=4.0857 seconds=42.7
Epoch 4359/5000: score=16.438549 loss=-0.377546 valid=1.0000 routes=13.280 grad=4.2719 seconds=43.2
Epoch 4360/5000: score=16.813025 loss=-0.421761 valid=1.0000 routes=15.402 grad=4.7199 seconds=43.1
Epoch 4361/5000: score=17.282763 loss=-0.423261 valid=1.0000 routes=14.875 grad=4.8545 seconds=43.1
Epoch 4362/5000: score=16.869959 loss=-0.376654 valid=1.0000 routes=14.148 grad=4.4914 seconds=42.9
Epoch 4363/5000: score=17.963211 loss=-0.432880 valid=1.0000 routes=13.943 grad=4.9855 seconds=43.3
Epoch 4364/5000: score=16.612580 loss=-0.386973 valid=1.0000 routes=13.101 grad=4.3312 seconds=43.3
Epoch 4365/5000: score=16.360003 loss=-0.395817 valid=1.0000 routes=13.668 grad=4.2260 seconds=43.2
Epoch 4366/5000: score=17.560556 loss=-0.445144 valid=1.0000 routes=15.242 grad=4.8963 seconds=43.3
Epoch 4367/5000: score=16.690884 loss=-0.425120 valid=1.0000 routes=15.121 grad=4.5938 seconds=43.6
Epoch 4368/5000: score=16.643276 loss=-0.373919 valid=1.0000 routes=13.555 grad=4.1662 seconds=44.1
Epoch 4369/5000: score=16.369271 loss=-0.394370 valid=1.0000 routes=13.604 grad=4.2963 seconds=44.2
Epoch 4370/5000: score=17.420810 loss=-0.417890 valid=1.0000 routes=14.534 grad=4.7329 seconds=43.2
Epoch 4371/5000: score=17.440177 loss=-0.439005 valid=1.0000 routes=14.746 grad=4.9407 seconds=43.5
Epoch 4372/5000: score=17.092705 loss=-0.428649 valid=1.0000 routes=14.924 grad=4.8756 seconds=45.5
>> Invalid instances, Re-generating ...
Epoch 4373/5000: score=18.607148 loss=-0.448278 valid=1.0000 routes=14.737 grad=5.2409 seconds=46.1
Epoch 4374/5000: score=17.436021 loss=-0.429150 valid=1.0000 routes=14.498 grad=5.1962 seconds=45.8
Epoch 4375/5000: score=16.127859 loss=-0.389586 valid=1.0000 routes=13.782 grad=4.2862 seconds=45.8
Epoch 4376/5000: score=15.989695 loss=-0.378385 valid=1.0000 routes=13.811 grad=3.8921 seconds=45.3
Epoch 4377/5000: score=17.117296 loss=-0.421472 valid=1.0000 routes=14.569 grad=5.5008 seconds=45.1
Epoch 4378/5000: score=17.548763 loss=-0.415837 valid=1.0000 routes=14.577 grad=5.1155 seconds=45.1
Epoch 4379/5000: score=16.531296 loss=-0.402812 valid=1.0000 routes=14.107 grad=4.5094 seconds=45.3
Epoch 4380/5000: score=16.759549 loss=-0.410918 valid=1.0000 routes=14.648 grad=4.5081 seconds=45.1
Epoch 4381/5000: score=15.623179 loss=-0.366626 valid=1.0000 routes=12.638 grad=3.7179 seconds=45.1
Epoch 4382/5000: score=16.316054 loss=-0.384119 valid=1.0000 routes=13.815 grad=4.0800 seconds=45.2
Epoch 4383/5000: score=18.129099 loss=-0.419768 valid=1.0000 routes=14.749 grad=5.1682 seconds=44.5
Epoch 4384/5000: score=17.264635 loss=-0.415271 valid=1.0000 routes=14.606 grad=4.7625 seconds=44.4
Epoch 4385/5000: score=16.610269 loss=-0.403798 valid=1.0000 routes=14.328 grad=4.2427 seconds=43.6
Epoch 4386/5000: score=17.044023 loss=-0.418322 valid=1.0000 routes=13.675 grad=4.5333 seconds=43.1
Epoch 4387/5000: score=17.343840 loss=-0.422350 valid=1.0000 routes=13.992 grad=4.8852 seconds=43.1
>> Invalid instances, Re-generating ...
Epoch 4388/5000: score=16.773159 loss=-0.401067 valid=1.0000 routes=14.054 grad=4.6271 seconds=43.0
Epoch 4389/5000: score=16.508984 loss=-0.383629 valid=1.0000 routes=13.864 grad=4.3347 seconds=43.0
Epoch 4390/5000: score=16.816639 loss=-0.400471 valid=1.0000 routes=14.465 grad=5.1312 seconds=43.3
Epoch 4391/5000: score=16.846875 loss=-0.415909 valid=1.0000 routes=15.089 grad=4.5348 seconds=43.1
Epoch 4392/5000: score=16.250332 loss=-0.408573 valid=1.0000 routes=13.803 grad=4.3808 seconds=45.0
Epoch 4393/5000: score=17.466227 loss=-0.430242 valid=1.0000 routes=14.889 grad=4.8753 seconds=45.3
Epoch 4394/5000: score=18.286402 loss=-0.442091 valid=1.0000 routes=14.816 grad=5.1676 seconds=45.5
Epoch 4395/5000: score=16.222723 loss=-0.382579 valid=1.0000 routes=14.195 grad=3.9829 seconds=45.2
Epoch 4396/5000: score=16.508641 loss=-0.404000 valid=1.0000 routes=13.229 grad=4.6516 seconds=45.3
Epoch 4397/5000: score=17.212425 loss=-0.417169 valid=1.0000 routes=14.667 grad=4.7664 seconds=45.3
Epoch 4398/5000: score=17.408934 loss=-0.433435 valid=1.0000 routes=14.710 grad=4.8970 seconds=44.1
Epoch 4399/5000: score=16.409255 loss=-0.401864 valid=1.0000 routes=14.919 grad=4.3247 seconds=43.7
Epoch 4400/5000: score=16.520779 loss=-0.386692 valid=1.0000 routes=13.870 grad=4.4203 seconds=44.4
Epoch 4401/5000: score=18.081649 loss=-0.442127 valid=1.0000 routes=15.105 grad=5.2157 seconds=43.9
Epoch 4402/5000: score=17.055340 loss=-0.404060 valid=1.0000 routes=14.175 grad=4.4871 seconds=43.3
Epoch 4403/5000: score=17.612466 loss=-0.409641 valid=1.0000 routes=14.185 grad=4.5417 seconds=43.2
Epoch 4404/5000: score=17.037000 loss=-0.402411 valid=1.0000 routes=13.820 grad=4.5512 seconds=43.4
Epoch 4405/5000: score=17.478352 loss=-0.427357 valid=1.0000 routes=15.049 grad=4.8378 seconds=43.2
Epoch 4406/5000: score=16.784896 loss=-0.414455 valid=1.0000 routes=14.093 grad=4.5361 seconds=43.1
Epoch 4407/5000: score=16.505703 loss=-0.394726 valid=1.0000 routes=13.862 grad=4.4553 seconds=43.0
Epoch 4408/5000: score=16.355644 loss=-0.404312 valid=1.0000 routes=14.717 grad=4.9219 seconds=43.1
Epoch 4409/5000: score=16.552054 loss=-0.398191 valid=1.0000 routes=14.963 grad=4.4249 seconds=43.1
Epoch 4410/5000: score=17.645416 loss=-0.411654 valid=1.0000 routes=14.209 grad=4.7064 seconds=43.1
Epoch 4411/5000: score=16.621968 loss=-0.418479 valid=1.0000 routes=14.581 grad=4.5511 seconds=43.0
Epoch 4412/5000: score=17.208845 loss=-0.445661 valid=1.0000 routes=14.698 grad=4.8673 seconds=43.1
Epoch 4413/5000: score=17.465121 loss=-0.411516 valid=1.0000 routes=14.463 grad=4.6911 seconds=43.0
Epoch 4414/5000: score=16.640166 loss=-0.412386 valid=1.0000 routes=13.555 grad=4.5423 seconds=43.3
Epoch 4415/5000: score=16.274190 loss=-0.414312 valid=1.0000 routes=14.672 grad=4.4279 seconds=43.2
Epoch 4416/5000: score=16.463432 loss=-0.396640 valid=1.0000 routes=13.868 grad=4.3133 seconds=44.0
Epoch 4417/5000: score=16.490647 loss=-0.391258 valid=1.0000 routes=13.916 grad=4.1761 seconds=43.8
Epoch 4418/5000: score=16.720400 loss=-0.405144 valid=1.0000 routes=14.038 grad=4.5890 seconds=43.6
Epoch 4419/5000: score=16.901895 loss=-0.420592 valid=1.0000 routes=14.951 grad=4.5817 seconds=43.2
Epoch 4420/5000: score=17.028365 loss=-0.409587 valid=1.0000 routes=13.901 grad=4.5542 seconds=43.3
Epoch 4421/5000: score=16.693912 loss=-0.412401 valid=1.0000 routes=13.917 grad=4.6698 seconds=43.4
>> Invalid instances, Re-generating ...
Epoch 4422/5000: score=16.850171 loss=-0.389537 valid=1.0000 routes=13.540 grad=4.7290 seconds=43.1
Epoch 4423/5000: score=16.916914 loss=-0.402502 valid=1.0000 routes=14.097 grad=4.5322 seconds=43.2
>> Invalid instances, Re-generating ...
Epoch 4424/5000: score=18.118394 loss=-0.435433 valid=1.0000 routes=15.527 grad=5.2854 seconds=43.1
Epoch 4425/5000: score=17.811360 loss=-0.443987 valid=1.0000 routes=15.121 grad=5.2198 seconds=43.1
>> Invalid instances, Re-generating ...
Epoch 4426/5000: score=16.546083 loss=-0.397577 valid=1.0000 routes=14.586 grad=4.4917 seconds=43.0
Epoch 4427/5000: score=16.904279 loss=-0.409010 valid=1.0000 routes=14.526 grad=4.4370 seconds=43.1
Epoch 4428/5000: score=17.081212 loss=-0.423744 valid=1.0000 routes=14.627 grad=4.8643 seconds=43.3
Epoch 4429/5000: score=16.238340 loss=-0.389337 valid=1.0000 routes=13.872 grad=4.1472 seconds=43.1
Epoch 4430/5000: score=17.043893 loss=-0.404776 valid=1.0000 routes=14.552 grad=4.4922 seconds=43.1
Epoch 4431/5000: score=16.469987 loss=-0.389311 valid=1.0000 routes=14.787 grad=4.2246 seconds=42.9
Epoch 4432/5000: score=17.686325 loss=-0.461796 valid=1.0000 routes=14.929 grad=5.1946 seconds=43.2
Epoch 4433/5000: score=16.419180 loss=-0.405441 valid=1.0000 routes=13.666 grad=4.5081 seconds=43.3
Epoch 4434/5000: score=16.020552 loss=-0.385845 valid=1.0000 routes=13.869 grad=4.1153 seconds=43.1
Epoch 4435/5000: score=16.964294 loss=-0.410461 valid=1.0000 routes=14.333 grad=4.6123 seconds=43.1
Epoch 4436/5000: score=17.100938 loss=-0.398337 valid=1.0000 routes=13.921 grad=4.5525 seconds=43.0
Epoch 4437/5000: score=16.230863 loss=-0.388122 valid=1.0000 routes=14.224 grad=4.2180 seconds=43.1
Epoch 4438/5000: score=17.651951 loss=-0.440185 valid=1.0000 routes=15.318 grad=4.8811 seconds=43.2
Epoch 4439/5000: score=16.798071 loss=-0.409253 valid=1.0000 routes=15.136 grad=4.4059 seconds=43.1
Epoch 4440/5000: score=16.746801 loss=-0.394194 valid=1.0000 routes=13.443 grad=4.3582 seconds=43.1
Epoch 4441/5000: score=15.924140 loss=-0.374158 valid=1.0000 routes=13.410 grad=4.0159 seconds=42.9
Epoch 4442/5000: score=16.408189 loss=-0.383242 valid=1.0000 routes=13.787 grad=4.2892 seconds=43.1
Epoch 4443/5000: score=16.714746 loss=-0.398917 valid=1.0000 routes=14.211 grad=4.8448 seconds=43.1
>> Invalid instances, Re-generating ...
Epoch 4444/5000: score=15.889683 loss=-0.363334 valid=1.0000 routes=13.529 grad=3.9674 seconds=43.1
Epoch 4445/5000: score=17.059056 loss=-0.403350 valid=1.0000 routes=13.967 grad=4.4814 seconds=43.1
Epoch 4446/5000: score=17.242918 loss=-0.422292 valid=1.0000 routes=14.070 grad=4.7796 seconds=43.1
Epoch 4447/5000: score=16.340764 loss=-0.374090 valid=1.0000 routes=13.631 grad=4.3679 seconds=43.2
>> Invalid instances, Re-generating ...
Epoch 4448/5000: score=17.784529 loss=-0.441936 valid=1.0000 routes=15.533 grad=5.4599 seconds=43.2
Epoch 4449/5000: score=17.022903 loss=-0.415477 valid=1.0000 routes=14.210 grad=4.5652 seconds=43.3
Epoch 4450/5000: score=16.440587 loss=-0.386950 valid=1.0000 routes=13.580 grad=4.3824 seconds=43.0
Epoch 4451/5000: score=16.566630 loss=-0.405405 valid=1.0000 routes=14.428 grad=4.4835 seconds=43.0
Epoch 4452/5000: score=17.095607 loss=-0.397031 valid=1.0000 routes=14.564 grad=4.5307 seconds=43.2
Epoch 4453/5000: score=16.734268 loss=-0.391666 valid=1.0000 routes=14.240 grad=4.3502 seconds=43.1
Epoch 4454/5000: score=16.662405 loss=-0.386797 valid=1.0000 routes=13.743 grad=4.6466 seconds=43.2
Epoch 4455/5000: score=17.068933 loss=-0.426565 valid=1.0000 routes=15.464 grad=4.9547 seconds=43.1
Epoch 4456/5000: score=17.409108 loss=-0.423660 valid=1.0000 routes=14.714 grad=4.7981 seconds=43.0
Epoch 4457/5000: score=16.236113 loss=-0.406187 valid=1.0000 routes=14.222 grad=4.5146 seconds=43.1
Epoch 4458/5000: score=17.923626 loss=-0.428960 valid=1.0000 routes=14.764 grad=4.7534 seconds=43.2
Epoch 4459/5000: score=17.022114 loss=-0.404993 valid=1.0000 routes=13.936 grad=4.6749 seconds=43.3
Epoch 4460/5000: score=17.875938 loss=-0.411780 valid=1.0000 routes=14.465 grad=4.9464 seconds=43.1
Epoch 4461/5000: score=17.403163 loss=-0.408854 valid=1.0000 routes=14.661 grad=4.6680 seconds=43.1
>> Invalid instances, Re-generating ...
Epoch 4462/5000: score=17.953763 loss=-0.437152 valid=1.0000 routes=14.358 grad=5.0102 seconds=43.3
Epoch 4463/5000: score=16.666202 loss=-0.420827 valid=1.0000 routes=14.688 grad=4.7582 seconds=43.5
Epoch 4464/5000: score=17.345228 loss=-0.445318 valid=1.0000 routes=15.225 grad=5.0031 seconds=43.5
Epoch 4465/5000: score=15.494852 loss=-0.371639 valid=1.0000 routes=13.489 grad=4.0275 seconds=43.2
Epoch 4466/5000: score=16.445163 loss=-0.403484 valid=1.0000 routes=14.250 grad=4.4042 seconds=43.4
Epoch 4467/5000: score=16.846451 loss=-0.402557 valid=1.0000 routes=14.709 grad=4.5038 seconds=43.5
Epoch 4468/5000: score=17.059650 loss=-0.420593 valid=1.0000 routes=13.975 grad=4.8697 seconds=43.6
Epoch 4469/5000: score=17.438119 loss=-0.412537 valid=1.0000 routes=14.360 grad=4.6244 seconds=43.4
Epoch 4470/5000: score=15.812491 loss=-0.387592 valid=1.0000 routes=14.141 grad=4.0144 seconds=43.2
Epoch 4471/5000: score=16.448198 loss=-0.392990 valid=1.0000 routes=13.460 grad=4.2542 seconds=43.3
Epoch 4472/5000: score=17.337850 loss=-0.414915 valid=1.0000 routes=14.145 grad=4.8346 seconds=43.4
Epoch 4473/5000: score=16.362634 loss=-0.370436 valid=1.0000 routes=13.446 grad=4.0483 seconds=43.3
Epoch 4474/5000: score=17.411435 loss=-0.406373 valid=1.0000 routes=14.112 grad=4.5733 seconds=43.4
Epoch 4475/5000: score=17.891934 loss=-0.415242 valid=1.0000 routes=13.729 grad=5.1389 seconds=43.1
Epoch 4476/5000: score=16.964029 loss=-0.396187 valid=1.0000 routes=14.522 grad=4.5560 seconds=43.2
Epoch 4477/5000: score=17.336528 loss=-0.404790 valid=1.0000 routes=14.156 grad=4.7839 seconds=43.5
Epoch 4478/5000: score=17.851286 loss=-0.447823 valid=1.0000 routes=14.797 grad=5.2978 seconds=43.3
Epoch 4479/5000: score=16.763608 loss=-0.403812 valid=1.0000 routes=14.306 grad=4.4171 seconds=43.1
Epoch 4480/5000: score=17.512607 loss=-0.429699 valid=1.0000 routes=14.869 grad=4.8058 seconds=43.5
Epoch 4481/5000: score=16.553686 loss=-0.405753 valid=1.0000 routes=13.917 grad=4.8142 seconds=44.2
Epoch 4482/5000: score=17.980988 loss=-0.425003 valid=1.0000 routes=14.540 grad=4.8705 seconds=44.0
Epoch 4483/5000: score=17.125785 loss=-0.404345 valid=1.0000 routes=14.434 grad=4.6375 seconds=43.7
Epoch 4484/5000: score=17.066480 loss=-0.400309 valid=1.0000 routes=14.474 grad=4.5598 seconds=43.4
Epoch 4485/5000: score=17.215525 loss=-0.414238 valid=1.0000 routes=14.604 grad=4.7447 seconds=43.3
Epoch 4486/5000: score=16.453498 loss=-0.374802 valid=1.0000 routes=13.061 grad=4.4991 seconds=43.4
Epoch 4487/5000: score=17.432103 loss=-0.447886 valid=1.0000 routes=15.576 grad=5.1225 seconds=43.6
Epoch 4488/5000: score=16.169480 loss=-0.398543 valid=1.0000 routes=14.033 grad=4.3153 seconds=43.4
Epoch 4489/5000: score=15.843858 loss=-0.373951 valid=1.0000 routes=12.595 grad=3.9714 seconds=43.5
Epoch 4490/5000: score=16.250536 loss=-0.401526 valid=1.0000 routes=13.420 grad=4.5156 seconds=43.3
Epoch 4491/5000: score=16.658397 loss=-0.395301 valid=1.0000 routes=13.730 grad=4.5823 seconds=43.3
Epoch 4492/5000: score=16.694947 loss=-0.400678 valid=1.0000 routes=13.955 grad=4.5889 seconds=43.4
Epoch 4493/5000: score=17.049251 loss=-0.414116 valid=1.0000 routes=14.202 grad=4.8139 seconds=43.2
Epoch 4494/5000: score=17.358367 loss=-0.419969 valid=1.0000 routes=14.688 grad=4.7615 seconds=43.3
Epoch 4495/5000: score=16.727239 loss=-0.397381 valid=1.0000 routes=14.144 grad=4.7052 seconds=43.2
Epoch 4496/5000: score=17.354352 loss=-0.426819 valid=1.0000 routes=14.805 grad=4.9567 seconds=43.4
Epoch 4497/5000: score=16.746086 loss=-0.386283 valid=1.0000 routes=14.175 grad=4.3167 seconds=43.1
>> Invalid instances, Re-generating ...
Epoch 4498/5000: score=17.178562 loss=-0.396649 valid=1.0000 routes=13.998 grad=4.6615 seconds=43.3
Epoch 4499/5000: score=16.208605 loss=-0.382911 valid=1.0000 routes=13.958 grad=4.1891 seconds=43.3
Epoch 4500/5000: score=16.527260 loss=-0.404129 valid=1.0000 routes=14.437 grad=4.4244 seconds=43.5
Epoch 4501/5000: score=16.414088 loss=-0.391538 valid=1.0000 routes=13.907 grad=4.4581 seconds=43.6
Epoch 4502/5000: score=17.500220 loss=-0.386731 valid=1.0000 routes=14.761 grad=4.4095 seconds=43.3
Epoch 4503/5000: score=16.937309 loss=-0.372752 valid=1.0000 routes=13.664 grad=3.9701 seconds=43.5
Epoch 4504/5000: score=17.629400 loss=-0.417054 valid=1.0000 routes=14.834 grad=4.4154 seconds=43.3
Epoch 4505/5000: score=15.731959 loss=-0.359914 valid=1.0000 routes=12.793 grad=3.6645 seconds=43.4
Epoch 4506/5000: score=16.651725 loss=-0.391597 valid=1.0000 routes=14.120 grad=4.0152 seconds=43.5
Epoch 4507/5000: score=16.708196 loss=-0.392247 valid=1.0000 routes=14.521 grad=4.1164 seconds=43.4
Epoch 4508/5000: score=17.484095 loss=-0.411523 valid=1.0000 routes=14.533 grad=4.5597 seconds=44.5
Epoch 4509/5000: score=18.099019 loss=-0.411660 valid=1.0000 routes=14.180 grad=4.5708 seconds=44.2
Epoch 4510/5000: score=16.604487 loss=-0.376446 valid=1.0000 routes=14.062 grad=4.0258 seconds=43.3
Epoch 4511/5000: score=16.254112 loss=-0.374767 valid=1.0000 routes=13.426 grad=3.8566 seconds=43.5
Epoch 4512/5000: score=16.479472 loss=-0.386808 valid=1.0000 routes=14.074 grad=4.1013 seconds=43.5
Epoch 4513/5000: score=17.532088 loss=-0.383425 valid=1.0000 routes=13.646 grad=4.2555 seconds=43.4
Epoch 4514/5000: score=16.620914 loss=-0.378966 valid=1.0000 routes=13.481 grad=3.9988 seconds=43.4
Epoch 4515/5000: score=17.194743 loss=-0.408774 valid=1.0000 routes=13.923 grad=4.3844 seconds=43.4
Epoch 4516/5000: score=16.152037 loss=-0.377005 valid=1.0000 routes=14.308 grad=3.9022 seconds=43.3
Epoch 4517/5000: score=16.926494 loss=-0.397175 valid=1.0000 routes=14.139 grad=4.2422 seconds=43.4
Epoch 4518/5000: score=16.547428 loss=-0.380007 valid=1.0000 routes=13.302 grad=4.1248 seconds=43.4
Epoch 4519/5000: score=17.012831 loss=-0.383021 valid=1.0000 routes=14.523 grad=4.1819 seconds=43.4
Epoch 4520/5000: score=16.597438 loss=-0.391209 valid=1.0000 routes=14.060 grad=4.2459 seconds=43.2
Epoch 4521/5000: score=16.425445 loss=-0.369954 valid=1.0000 routes=13.340 grad=3.9077 seconds=43.5
Epoch 4522/5000: score=16.705130 loss=-0.393584 valid=1.0000 routes=13.879 grad=4.1850 seconds=43.5
Epoch 4523/5000: score=17.020485 loss=-0.393445 valid=1.0000 routes=14.526 grad=4.2343 seconds=44.3
Epoch 4524/5000: score=17.932735 loss=-0.428174 valid=1.0000 routes=14.950 grad=4.8312 seconds=43.9
Epoch 4525/5000: score=16.931649 loss=-0.394171 valid=1.0000 routes=14.422 grad=4.3190 seconds=43.4
Epoch 4526/5000: score=17.413175 loss=-0.388804 valid=1.0000 routes=14.370 grad=4.2707 seconds=43.3
Epoch 4527/5000: score=16.356083 loss=-0.397238 valid=1.0000 routes=14.743 grad=4.1191 seconds=43.2
Epoch 4528/5000: score=15.635452 loss=-0.357136 valid=1.0000 routes=13.294 grad=3.6972 seconds=43.4
Epoch 4529/5000: score=18.071930 loss=-0.422633 valid=1.0000 routes=15.023 grad=4.7347 seconds=42.9
Epoch 4530/5000: score=17.223120 loss=-0.399494 valid=1.0000 routes=13.601 grad=4.5221 seconds=43.3
Epoch 4531/5000: score=16.217394 loss=-0.370826 valid=1.0000 routes=13.684 grad=3.9222 seconds=43.2
Epoch 4532/5000: score=16.438725 loss=-0.371815 valid=1.0000 routes=13.665 grad=3.8809 seconds=43.2
Epoch 4533/5000: score=16.684466 loss=-0.391920 valid=1.0000 routes=14.174 grad=4.1915 seconds=43.2
Epoch 4534/5000: score=18.146178 loss=-0.431272 valid=1.0000 routes=14.783 grad=4.9500 seconds=43.0
Epoch 4535/5000: score=18.260495 loss=-0.430706 valid=1.0000 routes=15.314 grad=4.9251 seconds=43.2
Epoch 4536/5000: score=17.358100 loss=-0.386759 valid=1.0000 routes=13.879 grad=4.3504 seconds=43.1
Epoch 4537/5000: score=17.000587 loss=-0.398718 valid=1.0000 routes=13.777 grad=4.3365 seconds=43.3
Epoch 4538/5000: score=16.742275 loss=-0.393955 valid=1.0000 routes=14.175 grad=4.3236 seconds=43.0
Epoch 4539/5000: score=15.734747 loss=-0.345783 valid=1.0000 routes=12.889 grad=3.5765 seconds=43.7
Epoch 4540/5000: score=16.244947 loss=-0.355667 valid=1.0000 routes=13.078 grad=3.8817 seconds=43.9
Epoch 4541/5000: score=16.473554 loss=-0.406322 valid=1.0000 routes=14.433 grad=4.3440 seconds=43.3
Epoch 4542/5000: score=16.079297 loss=-0.362048 valid=1.0000 routes=14.024 grad=3.8366 seconds=43.0
Epoch 4543/5000: score=16.104687 loss=-0.366797 valid=1.0000 routes=13.753 grad=3.7625 seconds=43.1
Epoch 4544/5000: score=16.684532 loss=-0.380923 valid=1.0000 routes=14.378 grad=4.2301 seconds=42.9
Epoch 4545/5000: score=17.164320 loss=-0.416040 valid=1.0000 routes=14.921 grad=4.5577 seconds=43.5
Epoch 4546/5000: score=16.962846 loss=-0.398784 valid=1.0000 routes=14.007 grad=4.4019 seconds=43.3
Epoch 4547/5000: score=17.632129 loss=-0.411877 valid=1.0000 routes=14.846 grad=4.6638 seconds=43.3
Epoch 4548/5000: score=15.552552 loss=-0.367740 valid=1.0000 routes=13.205 grad=3.7773 seconds=43.2
Epoch 4549/5000: score=17.155638 loss=-0.384234 valid=1.0000 routes=13.799 grad=4.2796 seconds=43.2
Epoch 4550/5000: score=16.302467 loss=-0.372180 valid=1.0000 routes=12.688 grad=4.0195 seconds=43.4
Epoch 4551/5000: score=15.929364 loss=-0.355374 valid=1.0000 routes=12.817 grad=3.8736 seconds=43.3
Epoch 4552/5000: score=17.176157 loss=-0.372793 valid=1.0000 routes=13.646 grad=4.1427 seconds=43.1
Epoch 4553/5000: score=17.092239 loss=-0.383020 valid=1.0000 routes=13.242 grad=4.2839 seconds=43.1
Epoch 4554/5000: score=16.782592 loss=-0.385738 valid=1.0000 routes=14.237 grad=4.3383 seconds=43.1
Epoch 4555/5000: score=17.248695 loss=-0.387530 valid=1.0000 routes=13.967 grad=4.3885 seconds=43.7
Epoch 4556/5000: score=17.378690 loss=-0.374954 valid=1.0000 routes=14.030 grad=4.3668 seconds=44.1
Epoch 4557/5000: score=16.654284 loss=-0.390992 valid=1.0000 routes=13.599 grad=4.3356 seconds=43.9
Epoch 4558/5000: score=18.258481 loss=-0.401308 valid=1.0000 routes=14.502 grad=4.7189 seconds=43.1
Epoch 4559/5000: score=16.948338 loss=-0.385732 valid=1.0000 routes=14.036 grad=4.4408 seconds=43.2
Epoch 4560/5000: score=17.066371 loss=-0.375285 valid=1.0000 routes=13.696 grad=4.1951 seconds=43.2
Epoch 4561/5000: score=16.487396 loss=-0.373588 valid=1.0000 routes=13.142 grad=3.9626 seconds=43.4
Epoch 4562/5000: score=16.222071 loss=-0.371950 valid=1.0000 routes=13.691 grad=3.8442 seconds=43.1
Epoch 4563/5000: score=17.232288 loss=-0.383706 valid=1.0000 routes=14.783 grad=4.4908 seconds=43.1
Epoch 4564/5000: score=15.957089 loss=-0.354790 valid=1.0000 routes=12.688 grad=3.6604 seconds=43.1
Epoch 4565/5000: score=17.494446 loss=-0.401284 valid=1.0000 routes=14.654 grad=4.5259 seconds=43.2
Epoch 4566/5000: score=16.768709 loss=-0.412554 valid=1.0000 routes=14.885 grad=4.4858 seconds=43.3
Epoch 4567/5000: score=17.084132 loss=-0.388233 valid=1.0000 routes=13.417 grad=4.1810 seconds=43.0
Epoch 4568/5000: score=16.608519 loss=-0.363144 valid=1.0000 routes=13.139 grad=3.9710 seconds=42.9
Epoch 4569/5000: score=16.237864 loss=-0.377824 valid=1.0000 routes=13.486 grad=4.0267 seconds=43.1
Epoch 4570/5000: score=16.428930 loss=-0.370523 valid=1.0000 routes=13.659 grad=4.0282 seconds=43.1
Epoch 4571/5000: score=16.914988 loss=-0.364341 valid=1.0000 routes=13.781 grad=4.0067 seconds=43.1
Epoch 4572/5000: score=17.099321 loss=-0.415445 valid=1.0000 routes=14.837 grad=4.5527 seconds=43.7
Epoch 4573/5000: score=17.581754 loss=-0.406864 valid=1.0000 routes=15.051 grad=4.6812 seconds=43.2
Epoch 4574/5000: score=15.640698 loss=-0.345370 valid=1.0000 routes=13.195 grad=3.6256 seconds=43.2
Epoch 4575/5000: score=17.473498 loss=-0.416985 valid=1.0000 routes=14.809 grad=4.7376 seconds=43.2
Epoch 4576/5000: score=16.547036 loss=-0.359581 valid=1.0000 routes=14.351 grad=3.9177 seconds=43.1
Epoch 4577/5000: score=17.446793 loss=-0.410259 valid=1.0000 routes=15.017 grad=4.8573 seconds=43.2
Epoch 4578/5000: score=16.325939 loss=-0.395530 valid=1.0000 routes=14.101 grad=4.1107 seconds=43.0
Epoch 4579/5000: score=16.924664 loss=-0.418190 valid=1.0000 routes=14.720 grad=4.5625 seconds=43.2
Epoch 4580/5000: score=16.996921 loss=-0.378263 valid=1.0000 routes=13.770 grad=4.2897 seconds=43.2
Epoch 4581/5000: score=17.196507 loss=-0.402570 valid=1.0000 routes=14.434 grad=4.5351 seconds=43.2
Epoch 4582/5000: score=16.517366 loss=-0.371301 valid=1.0000 routes=14.439 grad=3.9501 seconds=42.8
Epoch 4583/5000: score=16.746866 loss=-0.406650 valid=1.0000 routes=14.796 grad=4.4458 seconds=42.9
Epoch 4584/5000: score=16.171044 loss=-0.369834 valid=1.0000 routes=13.436 grad=3.8898 seconds=43.2
Epoch 4585/5000: score=16.769224 loss=-0.372043 valid=1.0000 routes=13.283 grad=4.0490 seconds=43.1
Epoch 4586/5000: score=16.911822 loss=-0.405701 valid=1.0000 routes=14.474 grad=4.5802 seconds=43.2
Epoch 4587/5000: score=16.934230 loss=-0.392865 valid=1.0000 routes=14.914 grad=4.2900 seconds=43.0
Epoch 4588/5000: score=16.539981 loss=-0.365219 valid=1.0000 routes=13.566 grad=4.0212 seconds=43.5
Epoch 4589/5000: score=16.830634 loss=-0.387725 valid=1.0000 routes=14.573 grad=4.3311 seconds=43.9
Epoch 4590/5000: score=18.056258 loss=-0.415923 valid=1.0000 routes=14.723 grad=4.8219 seconds=43.6
Epoch 4591/5000: score=16.131600 loss=-0.377670 valid=1.0000 routes=13.760 grad=4.1491 seconds=43.4
Epoch 4592/5000: score=15.778131 loss=-0.363447 valid=1.0000 routes=13.130 grad=3.7823 seconds=43.0
Epoch 4593/5000: score=15.662308 loss=-0.356956 valid=1.0000 routes=12.902 grad=3.7237 seconds=43.1
Epoch 4594/5000: score=16.117657 loss=-0.378215 valid=1.0000 routes=13.579 grad=4.0540 seconds=43.2
Epoch 4595/5000: score=16.773473 loss=-0.390731 valid=1.0000 routes=14.137 grad=4.2972 seconds=43.1
Epoch 4596/5000: score=16.453658 loss=-0.356056 valid=1.0000 routes=12.479 grad=3.8047 seconds=43.1
Epoch 4597/5000: score=16.005383 loss=-0.370420 valid=1.0000 routes=13.499 grad=3.9316 seconds=42.9
Epoch 4598/5000: score=16.877459 loss=-0.386525 valid=1.0000 routes=13.922 grad=4.3489 seconds=43.1
Epoch 4599/5000: score=16.638338 loss=-0.380951 valid=1.0000 routes=13.678 grad=4.3036 seconds=43.1
Epoch 4600/5000: score=18.423761 loss=-0.413702 valid=1.0000 routes=14.435 grad=4.8516 seconds=43.0
Epoch 4601/5000: score=17.041046 loss=-0.384430 valid=1.0000 routes=14.243 grad=4.3428 seconds=43.1
Epoch 4602/5000: score=17.686870 loss=-0.402893 valid=1.0000 routes=14.211 grad=4.5887 seconds=42.9
Epoch 4603/5000: score=17.444746 loss=-0.404954 valid=1.0000 routes=14.614 grad=4.6451 seconds=42.9
Epoch 4604/5000: score=15.922272 loss=-0.370234 valid=1.0000 routes=13.399 grad=3.9067 seconds=43.1
Epoch 4605/5000: score=16.413198 loss=-0.382282 valid=1.0000 routes=14.108 grad=4.1398 seconds=43.9
Epoch 4606/5000: score=16.192940 loss=-0.379863 valid=1.0000 routes=13.832 grad=4.1975 seconds=44.1
Epoch 4607/5000: score=17.135855 loss=-0.388955 valid=1.0000 routes=14.113 grad=4.3469 seconds=43.1
Epoch 4608/5000: score=17.523550 loss=-0.419149 valid=1.0000 routes=15.212 grad=4.7159 seconds=42.9
Epoch 4609/5000: score=17.297997 loss=-0.423038 valid=1.0000 routes=14.460 grad=4.8830 seconds=43.2
Epoch 4610/5000: score=17.556827 loss=-0.393690 valid=1.0000 routes=14.674 grad=4.6023 seconds=42.9
>> Invalid instances, Re-generating ...
Epoch 4611/5000: score=16.795823 loss=-0.384177 valid=1.0000 routes=14.050 grad=4.3435 seconds=43.1
Epoch 4612/5000: score=17.819706 loss=-0.413775 valid=1.0000 routes=14.692 grad=4.9336 seconds=43.1
Epoch 4613/5000: score=16.143088 loss=-0.375191 valid=1.0000 routes=13.474 grad=3.9483 seconds=43.1
Epoch 4614/5000: score=17.773439 loss=-0.429534 valid=1.0000 routes=14.664 grad=4.8897 seconds=43.2
Epoch 4615/5000: score=16.447713 loss=-0.370757 valid=1.0000 routes=13.652 grad=4.0144 seconds=43.2
Epoch 4616/5000: score=16.628360 loss=-0.394572 valid=1.0000 routes=13.666 grad=4.3967 seconds=43.1
Epoch 4617/5000: score=17.460404 loss=-0.405726 valid=1.0000 routes=14.693 grad=4.5651 seconds=42.8
Epoch 4618/5000: score=16.362445 loss=-0.387548 valid=1.0000 routes=14.019 grad=4.1120 seconds=43.0
Epoch 4619/5000: score=16.103386 loss=-0.375043 valid=1.0000 routes=12.710 grad=4.0222 seconds=43.3
Epoch 4620/5000: score=15.667972 loss=-0.371580 valid=1.0000 routes=14.343 grad=3.8318 seconds=43.0
Epoch 4621/5000: score=17.084336 loss=-0.391766 valid=1.0000 routes=13.934 grad=4.4213 seconds=43.4
Epoch 4622/5000: score=16.868733 loss=-0.396393 valid=1.0000 routes=14.703 grad=4.3975 seconds=43.3
Epoch 4623/5000: score=17.744186 loss=-0.410517 valid=1.0000 routes=14.643 grad=4.7472 seconds=43.3
Epoch 4624/5000: score=17.119428 loss=-0.399038 valid=1.0000 routes=14.069 grad=4.3653 seconds=43.0
Epoch 4625/5000: score=16.366693 loss=-0.382784 valid=1.0000 routes=14.509 grad=4.2211 seconds=43.1
Epoch 4626/5000: score=16.184099 loss=-0.384683 valid=1.0000 routes=14.319 grad=4.1331 seconds=43.0
Epoch 4627/5000: score=16.562711 loss=-0.353856 valid=1.0000 routes=13.685 grad=3.8683 seconds=43.0
Epoch 4628/5000: score=15.852911 loss=-0.350309 valid=1.0000 routes=13.004 grad=3.6886 seconds=43.0
Epoch 4629/5000: score=16.653860 loss=-0.377183 valid=1.0000 routes=13.541 grad=4.3109 seconds=43.1
Epoch 4630/5000: score=17.171036 loss=-0.399291 valid=1.0000 routes=14.303 grad=4.5074 seconds=43.1
Epoch 4631/5000: score=16.080848 loss=-0.364465 valid=1.0000 routes=13.534 grad=3.9100 seconds=43.0
Epoch 4632/5000: score=17.723902 loss=-0.432842 valid=1.0000 routes=14.856 grad=4.9984 seconds=43.3
Epoch 4633/5000: score=16.694938 loss=-0.404911 valid=1.0000 routes=14.407 grad=4.4914 seconds=43.6
Epoch 4634/5000: score=15.735704 loss=-0.369347 valid=1.0000 routes=13.559 grad=4.0901 seconds=43.6
Epoch 4635/5000: score=16.746288 loss=-0.391067 valid=1.0000 routes=13.510 grad=4.2512 seconds=43.4
Epoch 4636/5000: score=16.874625 loss=-0.404802 valid=1.0000 routes=14.393 grad=4.4806 seconds=43.5
Epoch 4637/5000: score=16.899745 loss=-0.403036 valid=1.0000 routes=13.888 grad=4.4266 seconds=43.6
Epoch 4638/5000: score=17.467460 loss=-0.405117 valid=1.0000 routes=14.583 grad=4.6602 seconds=44.4
>> Invalid instances, Re-generating ...
Epoch 4639/5000: score=18.018784 loss=-0.409402 valid=1.0000 routes=14.586 grad=4.7579 seconds=44.4
Epoch 4640/5000: score=16.203989 loss=-0.357888 valid=1.0000 routes=13.126 grad=3.9127 seconds=43.9
Epoch 4641/5000: score=17.414098 loss=-0.415425 valid=1.0000 routes=14.985 grad=4.7275 seconds=43.5
Epoch 4642/5000: score=16.543277 loss=-0.401677 valid=1.0000 routes=14.046 grad=4.3673 seconds=43.8
Epoch 4643/5000: score=17.158198 loss=-0.379643 valid=1.0000 routes=13.404 grad=4.3774 seconds=43.7
Epoch 4644/5000: score=15.911833 loss=-0.375427 valid=1.0000 routes=14.259 grad=3.9923 seconds=43.6
Epoch 4645/5000: score=16.477849 loss=-0.380929 valid=1.0000 routes=12.925 grad=4.1493 seconds=43.7
Epoch 4646/5000: score=17.325066 loss=-0.401915 valid=1.0000 routes=14.219 grad=4.5690 seconds=43.6
Epoch 4647/5000: score=16.174318 loss=-0.362998 valid=1.0000 routes=13.497 grad=3.9632 seconds=43.5
Epoch 4648/5000: score=15.677338 loss=-0.367755 valid=1.0000 routes=13.667 grad=3.8769 seconds=43.6
Epoch 4649/5000: score=16.717365 loss=-0.372249 valid=1.0000 routes=14.578 grad=4.1488 seconds=43.6
Epoch 4650/5000: score=15.724934 loss=-0.362393 valid=1.0000 routes=13.080 grad=3.8719 seconds=43.5
Epoch 4651/5000: score=18.180168 loss=-0.425159 valid=1.0000 routes=15.324 grad=5.0188 seconds=43.4
Epoch 4652/5000: score=16.941097 loss=-0.395539 valid=1.0000 routes=14.611 grad=4.4557 seconds=43.6
Epoch 4653/5000: score=17.000164 loss=-0.394304 valid=1.0000 routes=15.007 grad=4.4442 seconds=43.5
Epoch 4654/5000: score=17.174068 loss=-0.389700 valid=1.0000 routes=15.293 grad=4.5035 seconds=44.1
Epoch 4655/5000: score=17.132777 loss=-0.394429 valid=1.0000 routes=14.852 grad=4.4692 seconds=44.1
Epoch 4656/5000: score=16.676648 loss=-0.379715 valid=1.0000 routes=14.305 grad=4.2408 seconds=43.8
Epoch 4657/5000: score=17.600431 loss=-0.407527 valid=1.0000 routes=14.748 grad=4.6973 seconds=43.4
Epoch 4658/5000: score=17.118076 loss=-0.406272 valid=1.0000 routes=14.685 grad=4.5908 seconds=43.4
Epoch 4659/5000: score=18.373595 loss=-0.424087 valid=1.0000 routes=15.016 grad=5.0773 seconds=43.4
Epoch 4660/5000: score=16.573664 loss=-0.389542 valid=1.0000 routes=14.363 grad=4.3334 seconds=43.4
Epoch 4661/5000: score=16.017197 loss=-0.367735 valid=1.0000 routes=13.559 grad=3.9766 seconds=43.3
Epoch 4662/5000: score=18.148796 loss=-0.417400 valid=1.0000 routes=14.838 grad=4.9604 seconds=43.4
Epoch 4663/5000: score=16.932686 loss=-0.395945 valid=1.0000 routes=13.945 grad=4.4387 seconds=43.4
Epoch 4664/5000: score=16.955104 loss=-0.390558 valid=1.0000 routes=14.564 grad=4.4577 seconds=43.3
Epoch 4665/5000: score=16.358102 loss=-0.365384 valid=1.0000 routes=13.560 grad=4.2524 seconds=43.4
Epoch 4666/5000: score=16.627679 loss=-0.379506 valid=1.0000 routes=14.054 grad=4.3260 seconds=43.3
Epoch 4667/5000: score=16.439364 loss=-0.366097 valid=1.0000 routes=14.038 grad=4.3676 seconds=43.4
Epoch 4668/5000: score=18.034305 loss=-0.419277 valid=1.0000 routes=14.486 grad=4.9091 seconds=43.5
Epoch 4669/5000: score=16.620670 loss=-0.381156 valid=1.0000 routes=14.379 grad=4.2452 seconds=43.3
Epoch 4670/5000: score=16.691767 loss=-0.368996 valid=1.0000 routes=13.595 grad=4.1907 seconds=43.8
Epoch 4671/5000: score=17.322810 loss=-0.386903 valid=1.0000 routes=13.889 grad=4.5067 seconds=44.1
Epoch 4672/5000: score=17.419126 loss=-0.394197 valid=1.0000 routes=14.314 grad=4.5758 seconds=43.9
>> Invalid instances, Re-generating ...
Epoch 4673/5000: score=17.804417 loss=-0.412016 valid=1.0000 routes=14.359 grad=4.8044 seconds=43.5
Epoch 4674/5000: score=16.833530 loss=-0.375866 valid=1.0000 routes=14.114 grad=4.2962 seconds=43.3
Epoch 4675/5000: score=16.687132 loss=-0.383455 valid=1.0000 routes=13.969 grad=4.3133 seconds=43.4
Epoch 4676/5000: score=16.812090 loss=-0.377669 valid=1.0000 routes=13.309 grad=4.3818 seconds=43.4
Epoch 4677/5000: score=17.127436 loss=-0.400676 valid=1.0000 routes=15.200 grad=4.6498 seconds=43.4
Epoch 4678/5000: score=15.336672 loss=-0.359656 valid=1.0000 routes=14.235 grad=3.6977 seconds=43.2
Epoch 4679/5000: score=16.611932 loss=-0.350726 valid=1.0000 routes=13.444 grad=4.1227 seconds=43.2
Epoch 4680/5000: score=16.222014 loss=-0.374579 valid=1.0000 routes=13.306 grad=4.0317 seconds=43.5
Epoch 4681/5000: score=16.876589 loss=-0.383489 valid=1.0000 routes=13.880 grad=4.3720 seconds=43.5
Epoch 4682/5000: score=17.354123 loss=-0.386250 valid=1.0000 routes=13.918 grad=4.5524 seconds=43.5
Epoch 4683/5000: score=16.559201 loss=-0.407805 valid=1.0000 routes=14.946 grad=4.4891 seconds=43.5
Epoch 4684/5000: score=18.529672 loss=-0.431075 valid=1.0000 routes=15.427 grad=5.1416 seconds=43.5
Epoch 4685/5000: score=16.949441 loss=-0.390880 valid=1.0000 routes=13.465 grad=4.3131 seconds=43.3
Epoch 4686/5000: score=16.225467 loss=-0.380711 valid=1.0000 routes=13.131 grad=4.1650 seconds=43.5
Epoch 4687/5000: score=17.066655 loss=-0.409664 valid=1.0000 routes=14.597 grad=4.5633 seconds=44.3
Epoch 4688/5000: score=17.088251 loss=-0.375348 valid=1.0000 routes=13.753 grad=4.3625 seconds=44.5
Epoch 4689/5000: score=15.924542 loss=-0.366239 valid=1.0000 routes=13.753 grad=4.0388 seconds=44.0
Epoch 4690/5000: score=18.001871 loss=-0.406659 valid=1.0000 routes=14.696 grad=4.8368 seconds=43.5
Epoch 4691/5000: score=16.736111 loss=-0.388201 valid=1.0000 routes=13.916 grad=4.3230 seconds=43.7
Epoch 4692/5000: score=17.293463 loss=-0.380288 valid=1.0000 routes=14.461 grad=4.4216 seconds=43.8
Epoch 4693/5000: score=16.043227 loss=-0.384817 valid=1.0000 routes=13.499 grad=4.0512 seconds=43.8
Epoch 4694/5000: score=15.967221 loss=-0.371320 valid=1.0000 routes=13.683 grad=4.0317 seconds=43.8
Epoch 4695/5000: score=16.464858 loss=-0.387784 valid=1.0000 routes=15.038 grad=4.2936 seconds=43.4
Epoch 4696/5000: score=18.024521 loss=-0.413613 valid=1.0000 routes=15.545 grad=4.8973 seconds=43.1
Epoch 4697/5000: score=16.300245 loss=-0.368307 valid=1.0000 routes=13.999 grad=4.0559 seconds=43.1
Epoch 4698/5000: score=17.063696 loss=-0.365965 valid=1.0000 routes=13.693 grad=4.2787 seconds=43.1
Epoch 4699/5000: score=16.123435 loss=-0.367733 valid=1.0000 routes=13.643 grad=4.0926 seconds=43.1
Epoch 4700/5000: score=17.285421 loss=-0.386775 valid=1.0000 routes=14.479 grad=4.3388 seconds=42.9
Epoch 4701/5000: score=16.984312 loss=-0.393566 valid=1.0000 routes=14.258 grad=4.3819 seconds=42.9
Epoch 4702/5000: score=16.347525 loss=-0.370834 valid=1.0000 routes=13.723 grad=4.1330 seconds=43.0
Epoch 4703/5000: score=17.160943 loss=-0.403539 valid=1.0000 routes=14.209 grad=4.6699 seconds=43.5
Epoch 4704/5000: score=16.552006 loss=-0.382665 valid=1.0000 routes=14.427 grad=4.3539 seconds=43.7
Epoch 4705/5000: score=17.746681 loss=-0.418881 valid=1.0000 routes=14.929 grad=4.8632 seconds=43.4
Epoch 4706/5000: score=16.526508 loss=-0.384696 valid=1.0000 routes=14.042 grad=4.3213 seconds=42.9
Epoch 4707/5000: score=16.268611 loss=-0.354786 valid=1.0000 routes=13.681 grad=3.9360 seconds=42.9
Epoch 4708/5000: score=17.894536 loss=-0.413374 valid=1.0000 routes=14.519 grad=4.9189 seconds=43.1
Epoch 4709/5000: score=18.640142 loss=-0.441347 valid=1.0000 routes=15.297 grad=5.3891 seconds=43.0
Epoch 4710/5000: score=16.104738 loss=-0.387686 valid=1.0000 routes=13.475 grad=4.1806 seconds=42.9
Epoch 4711/5000: score=17.117150 loss=-0.381617 valid=1.0000 routes=13.315 grad=4.3260 seconds=43.2
Epoch 4712/5000: score=17.004768 loss=-0.410763 valid=1.0000 routes=13.789 grad=4.6692 seconds=43.2
Epoch 4713/5000: score=16.620365 loss=-0.368219 valid=1.0000 routes=13.997 grad=4.1604 seconds=42.9
Epoch 4714/5000: score=16.484729 loss=-0.369165 valid=1.0000 routes=13.895 grad=4.0921 seconds=43.0
Epoch 4715/5000: score=16.044322 loss=-0.369579 valid=1.0000 routes=13.857 grad=4.1186 seconds=43.0
Epoch 4716/5000: score=17.001806 loss=-0.396783 valid=1.0000 routes=13.923 grad=4.5608 seconds=43.1
Epoch 4717/5000: score=16.603713 loss=-0.372228 valid=1.0000 routes=13.891 grad=4.1274 seconds=42.9
Epoch 4718/5000: score=17.005384 loss=-0.396083 valid=1.0000 routes=14.517 grad=4.4398 seconds=43.0
Epoch 4719/5000: score=16.128698 loss=-0.358257 valid=1.0000 routes=12.371 grad=3.9510 seconds=43.0
Epoch 4720/5000: score=17.037298 loss=-0.401644 valid=1.0000 routes=14.058 grad=4.5541 seconds=43.0
Epoch 4721/5000: score=16.804076 loss=-0.399888 valid=1.0000 routes=13.811 grad=4.5737 seconds=43.2
Epoch 4722/5000: score=16.623277 loss=-0.371106 valid=1.0000 routes=13.571 grad=4.2745 seconds=43.1
Epoch 4723/5000: score=17.145583 loss=-0.394388 valid=1.0000 routes=13.944 grad=4.4421 seconds=43.1
Epoch 4724/5000: score=17.744114 loss=-0.392131 valid=1.0000 routes=14.119 grad=4.6650 seconds=42.9
Epoch 4725/5000: score=16.896393 loss=-0.398530 valid=1.0000 routes=14.330 grad=4.5335 seconds=43.0
Epoch 4726/5000: score=17.702606 loss=-0.426471 valid=1.0000 routes=16.079 grad=4.9550 seconds=43.0
Epoch 4727/5000: score=16.683746 loss=-0.384261 valid=1.0000 routes=13.721 grad=4.4780 seconds=43.1
Epoch 4728/5000: score=16.439723 loss=-0.378467 valid=1.0000 routes=14.037 grad=4.3679 seconds=43.0
Epoch 4729/5000: score=16.256333 loss=-0.348856 valid=1.0000 routes=14.082 grad=3.7818 seconds=43.0
Epoch 4730/5000: score=16.198374 loss=-0.389006 valid=1.0000 routes=14.082 grad=4.2540 seconds=43.4
Epoch 4731/5000: score=16.880669 loss=-0.371452 valid=1.0000 routes=13.875 grad=4.2922 seconds=43.4
>> Invalid instances, Re-generating ...
Epoch 4732/5000: score=16.892830 loss=-0.378851 valid=1.0000 routes=14.089 grad=4.2609 seconds=43.3
Epoch 4733/5000: score=17.553660 loss=-0.396131 valid=1.0000 routes=14.379 grad=4.5901 seconds=43.1
Epoch 4734/5000: score=16.195425 loss=-0.381008 valid=1.0000 routes=14.320 grad=4.1020 seconds=43.2
Epoch 4735/5000: score=18.379679 loss=-0.420500 valid=1.0000 routes=15.089 grad=5.0951 seconds=43.2
Epoch 4736/5000: score=17.746254 loss=-0.409396 valid=1.0000 routes=14.525 grad=4.6717 seconds=43.3
Epoch 4737/5000: score=16.563939 loss=-0.388394 valid=1.0000 routes=14.296 grad=4.3889 seconds=43.3
Epoch 4738/5000: score=17.672237 loss=-0.410852 valid=1.0000 routes=15.528 grad=4.8219 seconds=43.1
Epoch 4739/5000: score=16.771107 loss=-0.385963 valid=1.0000 routes=14.285 grad=4.5962 seconds=43.4
Epoch 4740/5000: score=16.215575 loss=-0.372596 valid=1.0000 routes=12.800 grad=4.2523 seconds=44.2
Epoch 4741/5000: score=16.453249 loss=-0.389398 valid=1.0000 routes=14.224 grad=4.3515 seconds=44.3
Epoch 4742/5000: score=16.634655 loss=-0.380485 valid=1.0000 routes=13.416 grad=4.2858 seconds=43.5
Epoch 4743/5000: score=16.779926 loss=-0.390645 valid=1.0000 routes=13.956 grad=4.4672 seconds=43.6
Epoch 4744/5000: score=16.932274 loss=-0.395666 valid=1.0000 routes=14.121 grad=4.4042 seconds=43.3
Epoch 4745/5000: score=15.198787 loss=-0.364546 valid=1.0000 routes=14.160 grad=3.8668 seconds=43.5
Epoch 4746/5000: score=17.476805 loss=-0.371008 valid=1.0000 routes=13.782 grad=4.4236 seconds=43.4
Epoch 4747/5000: score=15.718269 loss=-0.344938 valid=1.0000 routes=13.014 grad=3.6814 seconds=43.3
Epoch 4748/5000: score=16.531011 loss=-0.371365 valid=1.0000 routes=14.110 grad=4.1987 seconds=43.3
>> Invalid instances, Re-generating ...
Epoch 4749/5000: score=15.658885 loss=-0.373011 valid=1.0000 routes=14.467 grad=3.9938 seconds=43.1
Epoch 4750/5000: score=18.222510 loss=-0.400804 valid=1.0000 routes=14.394 grad=4.8219 seconds=43.4
Epoch 4751/5000: score=15.487193 loss=-0.359230 valid=1.0000 routes=13.088 grad=3.8436 seconds=43.3
Epoch 4752/5000: score=17.576652 loss=-0.400863 valid=1.0000 routes=14.199 grad=4.7924 seconds=43.5
Epoch 4753/5000: score=18.014499 loss=-0.405482 valid=1.0000 routes=14.200 grad=5.0600 seconds=43.4
Epoch 4754/5000: score=16.311062 loss=-0.395879 valid=1.0000 routes=14.567 grad=4.4873 seconds=43.6
Epoch 4755/5000: score=15.800017 loss=-0.344144 valid=1.0000 routes=12.527 grad=3.8711 seconds=44.1
Epoch 4756/5000: score=16.350049 loss=-0.376884 valid=1.0000 routes=14.612 grad=4.1805 seconds=43.9
Epoch 4757/5000: score=17.045292 loss=-0.393067 valid=1.0000 routes=14.036 grad=4.4839 seconds=43.5
Epoch 4758/5000: score=17.211744 loss=-0.389743 valid=1.0000 routes=14.606 grad=4.5534 seconds=43.2
Epoch 4759/5000: score=16.805998 loss=-0.387246 valid=1.0000 routes=13.831 grad=4.6342 seconds=43.4
Epoch 4760/5000: score=15.159898 loss=-0.338930 valid=1.0000 routes=12.408 grad=3.5516 seconds=43.6
Epoch 4761/5000: score=16.784556 loss=-0.383185 valid=1.0000 routes=13.679 grad=4.6722 seconds=43.2
Epoch 4762/5000: score=16.551469 loss=-0.384080 valid=1.0000 routes=14.169 grad=4.4142 seconds=43.3
Epoch 4763/5000: score=16.141827 loss=-0.379878 valid=1.0000 routes=13.371 grad=4.3774 seconds=43.2
Epoch 4764/5000: score=15.691186 loss=-0.375306 valid=1.0000 routes=13.759 grad=3.9943 seconds=43.4
Epoch 4765/5000: score=16.685117 loss=-0.385454 valid=1.0000 routes=13.881 grad=4.3934 seconds=43.2
Epoch 4766/5000: score=17.925824 loss=-0.425761 valid=1.0000 routes=14.067 grad=5.2838 seconds=43.5
Epoch 4767/5000: score=16.502473 loss=-0.352269 valid=1.0000 routes=13.539 grad=4.0385 seconds=43.3
Epoch 4768/5000: score=17.205617 loss=-0.403990 valid=1.0000 routes=14.765 grad=4.6342 seconds=43.1
Epoch 4769/5000: score=17.790562 loss=-0.401717 valid=1.0000 routes=14.522 grad=5.0106 seconds=43.1
Epoch 4770/5000: score=17.513896 loss=-0.422735 valid=1.0000 routes=14.354 grad=4.9003 seconds=43.4
Epoch 4771/5000: score=17.462978 loss=-0.419051 valid=1.0000 routes=14.912 grad=4.8338 seconds=43.5
Epoch 4772/5000: score=16.541771 loss=-0.395799 valid=1.0000 routes=14.278 grad=4.4999 seconds=43.4
Epoch 4773/5000: score=17.117705 loss=-0.399275 valid=1.0000 routes=14.119 grad=4.8274 seconds=43.3
Epoch 4774/5000: score=15.473408 loss=-0.370793 valid=1.0000 routes=14.247 grad=3.9561 seconds=43.4
Epoch 4775/5000: score=16.528742 loss=-0.402531 valid=1.0000 routes=14.672 grad=4.6914 seconds=43.3
Epoch 4776/5000: score=17.617643 loss=-0.425125 valid=1.0000 routes=14.702 grad=4.9801 seconds=43.5
Epoch 4777/5000: score=17.347056 loss=-0.384637 valid=1.0000 routes=14.007 grad=4.5797 seconds=43.4
Epoch 4778/5000: score=15.928252 loss=-0.360161 valid=1.0000 routes=13.617 grad=4.0754 seconds=43.2
Epoch 4779/5000: score=17.023499 loss=-0.405497 valid=1.0000 routes=14.395 grad=4.7523 seconds=43.3
Epoch 4780/5000: score=16.912375 loss=-0.394882 valid=1.0000 routes=14.215 grad=4.4780 seconds=43.1
Epoch 4781/5000: score=16.352381 loss=-0.359252 valid=1.0000 routes=13.260 grad=4.0978 seconds=43.3
Epoch 4782/5000: score=17.054242 loss=-0.385268 valid=1.0000 routes=14.218 grad=4.4860 seconds=43.2
Epoch 4783/5000: score=17.029356 loss=-0.376169 valid=1.0000 routes=14.047 grad=4.6624 seconds=43.2
Epoch 4784/5000: score=17.056932 loss=-0.354667 valid=1.0000 routes=13.250 grad=4.2859 seconds=43.2
Epoch 4785/5000: score=16.631740 loss=-0.378072 valid=1.0000 routes=13.997 grad=4.4240 seconds=43.8
Epoch 4786/5000: score=16.712147 loss=-0.393694 valid=1.0000 routes=13.905 grad=4.4786 seconds=44.2
Epoch 4787/5000: score=18.306216 loss=-0.418570 valid=1.0000 routes=14.351 grad=5.1967 seconds=44.1
Epoch 4788/5000: score=16.787982 loss=-0.386692 valid=1.0000 routes=14.281 grad=4.3648 seconds=43.2
Epoch 4789/5000: score=15.407845 loss=-0.355290 valid=1.0000 routes=13.417 grad=3.9198 seconds=43.1
Epoch 4790/5000: score=15.263831 loss=-0.360543 valid=1.0000 routes=13.918 grad=3.8282 seconds=43.2
Epoch 4791/5000: score=17.458871 loss=-0.388950 valid=1.0000 routes=13.872 grad=4.5414 seconds=43.1
Epoch 4792/5000: score=18.780402 loss=-0.431517 valid=1.0000 routes=15.275 grad=5.2930 seconds=43.2
Epoch 4793/5000: score=16.562417 loss=-0.386778 valid=1.0000 routes=14.484 grad=4.3605 seconds=43.1
Epoch 4794/5000: score=18.137483 loss=-0.413253 valid=1.0000 routes=14.344 grad=4.8897 seconds=43.2
Epoch 4795/5000: score=16.371906 loss=-0.391455 valid=1.0000 routes=13.448 grad=4.3884 seconds=43.5
Epoch 4796/5000: score=17.209664 loss=-0.399315 valid=1.0000 routes=14.557 grad=4.5209 seconds=43.3
Epoch 4797/5000: score=16.461831 loss=-0.363277 valid=1.0000 routes=13.345 grad=4.1884 seconds=43.6
Epoch 4798/5000: score=16.794149 loss=-0.380232 valid=1.0000 routes=13.999 grad=4.4164 seconds=43.3
Epoch 4799/5000: score=17.000000 loss=-0.403962 valid=1.0000 routes=14.903 grad=4.6244 seconds=43.3
>> Invalid instances, Re-generating ...
Epoch 4800/5000: score=16.854217 loss=-0.372200 valid=1.0000 routes=13.283 grad=4.2822 seconds=43.6
Epoch 4801/5000: score=17.284117 loss=-0.414450 valid=1.0000 routes=14.535 grad=4.7582 seconds=44.1
Epoch 4802/5000: score=17.437252 loss=-0.409936 valid=1.0000 routes=14.557 grad=4.8384 seconds=44.0
Epoch 4803/5000: score=17.309663 loss=-0.397203 valid=1.0000 routes=14.054 grad=4.8478 seconds=43.9
Epoch 4804/5000: score=17.014278 loss=-0.390407 valid=1.0000 routes=13.708 grad=4.5412 seconds=43.3
Epoch 4805/5000: score=17.042867 loss=-0.386810 valid=1.0000 routes=13.550 grad=4.5821 seconds=43.6
Epoch 4806/5000: score=16.940462 loss=-0.388291 valid=1.0000 routes=14.380 grad=4.6440 seconds=43.3
Epoch 4807/5000: score=16.282724 loss=-0.368546 valid=1.0000 routes=13.369 grad=4.1742 seconds=43.3
Epoch 4808/5000: score=17.644430 loss=-0.395501 valid=1.0000 routes=14.872 grad=4.8504 seconds=43.1
Epoch 4809/5000: score=16.487964 loss=-0.371616 valid=1.0000 routes=13.709 grad=4.2078 seconds=43.3
Epoch 4810/5000: score=17.161498 loss=-0.388159 valid=1.0000 routes=14.308 grad=4.4820 seconds=43.3
Epoch 4811/5000: score=15.639457 loss=-0.359801 valid=1.0000 routes=12.871 grad=3.9715 seconds=43.5
Epoch 4812/5000: score=17.800352 loss=-0.384819 valid=1.0000 routes=14.795 grad=4.6761 seconds=43.2
Epoch 4813/5000: score=16.887732 loss=-0.382613 valid=1.0000 routes=14.299 grad=4.4891 seconds=43.3
Epoch 4814/5000: score=17.196189 loss=-0.403948 valid=1.0000 routes=14.273 grad=4.8928 seconds=43.5
Epoch 4815/5000: score=17.352772 loss=-0.401692 valid=1.0000 routes=14.142 grad=4.7518 seconds=43.5
Epoch 4816/5000: score=15.883686 loss=-0.352938 valid=1.0000 routes=13.432 grad=3.8178 seconds=43.4
Epoch 4817/5000: score=16.102613 loss=-0.377548 valid=1.0000 routes=13.901 grad=4.2584 seconds=43.5
Epoch 4818/5000: score=16.073210 loss=-0.358213 valid=1.0000 routes=13.432 grad=4.0977 seconds=43.9
Epoch 4819/5000: score=16.270382 loss=-0.366581 valid=1.0000 routes=13.117 grad=4.1677 seconds=44.0
Epoch 4820/5000: score=17.473533 loss=-0.426643 valid=1.0000 routes=14.910 grad=4.8844 seconds=43.9
Epoch 4821/5000: score=16.837405 loss=-0.397167 valid=1.0000 routes=15.098 grad=4.5170 seconds=43.4
Epoch 4822/5000: score=16.553246 loss=-0.382340 valid=1.0000 routes=14.304 grad=4.3221 seconds=43.4
Epoch 4823/5000: score=16.058067 loss=-0.363641 valid=1.0000 routes=14.099 grad=4.0262 seconds=43.2
Epoch 4824/5000: score=17.840483 loss=-0.391538 valid=1.0000 routes=14.018 grad=4.6448 seconds=43.5
Epoch 4825/5000: score=17.211836 loss=-0.380710 valid=1.0000 routes=14.256 grad=4.5776 seconds=43.4
Epoch 4826/5000: score=16.452659 loss=-0.371580 valid=1.0000 routes=14.047 grad=4.2391 seconds=43.4
Epoch 4827/5000: score=15.610850 loss=-0.363896 valid=1.0000 routes=13.181 grad=3.9387 seconds=43.2
Epoch 4828/5000: score=16.905511 loss=-0.412755 valid=1.0000 routes=14.143 grad=4.6668 seconds=43.5
>> Invalid instances, Re-generating ...
Epoch 4829/5000: score=15.673518 loss=-0.360347 valid=1.0000 routes=14.060 grad=3.8495 seconds=43.2
Epoch 4830/5000: score=17.169669 loss=-0.363210 valid=1.0000 routes=13.785 grad=4.2191 seconds=43.3
Epoch 4831/5000: score=17.031449 loss=-0.390045 valid=1.0000 routes=14.737 grad=4.5977 seconds=43.3
Epoch 4832/5000: score=18.278745 loss=-0.399061 valid=1.0000 routes=14.220 grad=4.9764 seconds=43.0
Epoch 4833/5000: score=18.394510 loss=-0.423816 valid=1.0000 routes=15.305 grad=5.1897 seconds=43.4
Epoch 4834/5000: score=16.637827 loss=-0.403102 valid=1.0000 routes=15.235 grad=4.5212 seconds=43.3
Epoch 4835/5000: score=16.821727 loss=-0.386899 valid=1.0000 routes=14.091 grad=4.3603 seconds=43.3
Epoch 4836/5000: score=16.764179 loss=-0.360952 valid=1.0000 routes=13.305 grad=4.1563 seconds=43.3
Epoch 4837/5000: score=17.192301 loss=-0.386939 valid=1.0000 routes=14.160 grad=4.5457 seconds=43.5
Epoch 4838/5000: score=16.911394 loss=-0.383647 valid=1.0000 routes=13.950 grad=4.4507 seconds=44.0
Epoch 4839/5000: score=16.544940 loss=-0.380654 valid=1.0000 routes=13.899 grad=4.3512 seconds=44.0
Epoch 4840/5000: score=16.608926 loss=-0.377314 valid=1.0000 routes=13.508 grad=4.2642 seconds=43.4
Epoch 4841/5000: score=15.692657 loss=-0.370884 valid=1.0000 routes=13.566 grad=4.0305 seconds=43.1
Epoch 4842/5000: score=15.991485 loss=-0.375514 valid=1.0000 routes=13.722 grad=4.1593 seconds=42.9
Epoch 4843/5000: score=16.862923 loss=-0.393723 valid=1.0000 routes=14.415 grad=4.5481 seconds=43.3
Epoch 4844/5000: score=16.441864 loss=-0.382772 valid=1.0000 routes=14.221 grad=4.3510 seconds=43.3
Epoch 4845/5000: score=15.975518 loss=-0.373284 valid=1.0000 routes=13.914 grad=4.3111 seconds=43.3
Epoch 4846/5000: score=16.288265 loss=-0.380782 valid=1.0000 routes=13.391 grad=4.2472 seconds=43.4
Epoch 4847/5000: score=16.754749 loss=-0.415277 valid=1.0000 routes=13.861 grad=4.6788 seconds=43.4
Epoch 4848/5000: score=16.760706 loss=-0.375585 valid=1.0000 routes=13.925 grad=4.4612 seconds=43.4
Epoch 4849/5000: score=17.356663 loss=-0.402653 valid=1.0000 routes=14.395 grad=4.9823 seconds=43.5
Epoch 4850/5000: score=16.499472 loss=-0.377441 valid=1.0000 routes=14.039 grad=4.3317 seconds=43.3
Epoch 4851/5000: score=16.755538 loss=-0.384471 valid=1.0000 routes=14.333 grad=4.4546 seconds=43.1
Epoch 4852/5000: score=16.667139 loss=-0.378698 valid=1.0000 routes=13.971 grad=4.4077 seconds=43.5
Epoch 4853/5000: score=17.085947 loss=-0.391317 valid=1.0000 routes=14.162 grad=4.7090 seconds=44.1
Epoch 4854/5000: score=16.565470 loss=-0.382857 valid=1.0000 routes=14.726 grad=4.4638 seconds=44.0
Epoch 4855/5000: score=17.170340 loss=-0.414931 valid=1.0000 routes=14.852 grad=4.7652 seconds=43.8
Epoch 4856/5000: score=16.071827 loss=-0.348589 valid=1.0000 routes=13.142 grad=3.9126 seconds=42.9
Epoch 4857/5000: score=16.348544 loss=-0.391324 valid=1.0000 routes=14.574 grad=4.2832 seconds=43.1
Epoch 4858/5000: score=15.667100 loss=-0.356681 valid=1.0000 routes=12.957 grad=3.9162 seconds=43.1
Epoch 4859/5000: score=17.476372 loss=-0.404644 valid=1.0000 routes=14.970 grad=4.7573 seconds=43.1
Epoch 4860/5000: score=16.756635 loss=-0.363218 valid=1.0000 routes=13.759 grad=4.3250 seconds=42.9
Epoch 4861/5000: score=16.132324 loss=-0.361554 valid=1.0000 routes=14.291 grad=3.9339 seconds=43.0
Epoch 4862/5000: score=17.712351 loss=-0.403754 valid=1.0000 routes=13.931 grad=4.9453 seconds=43.2
Epoch 4863/5000: score=17.488814 loss=-0.392986 valid=1.0000 routes=14.462 grad=4.5958 seconds=43.1
Epoch 4864/5000: score=17.174673 loss=-0.412464 valid=1.0000 routes=14.545 grad=4.7281 seconds=43.1
Epoch 4865/5000: score=16.382890 loss=-0.367593 valid=1.0000 routes=13.480 grad=4.2107 seconds=43.1
Epoch 4866/5000: score=16.984727 loss=-0.395706 valid=1.0000 routes=13.806 grad=4.6959 seconds=43.1
Epoch 4867/5000: score=16.831400 loss=-0.376266 valid=1.0000 routes=13.662 grad=4.4619 seconds=43.0
Epoch 4868/5000: score=15.833220 loss=-0.370138 valid=1.0000 routes=13.087 grad=4.0270 seconds=43.2
Epoch 4869/5000: score=16.439955 loss=-0.377681 valid=1.0000 routes=13.916 grad=4.2956 seconds=43.4
Epoch 4870/5000: score=18.248312 loss=-0.433557 valid=1.0000 routes=15.579 grad=5.1660 seconds=43.7
Epoch 4871/5000: score=17.894102 loss=-0.425516 valid=1.0000 routes=14.856 grad=5.1349 seconds=43.8
Epoch 4872/5000: score=16.960439 loss=-0.400038 valid=1.0000 routes=14.166 grad=4.6442 seconds=44.2
Epoch 4873/5000: score=16.770867 loss=-0.389639 valid=1.0000 routes=13.271 grad=4.4145 seconds=43.7
Epoch 4874/5000: score=16.029560 loss=-0.365844 valid=1.0000 routes=13.990 grad=4.1715 seconds=43.1
Epoch 4875/5000: score=16.666680 loss=-0.390061 valid=1.0000 routes=14.285 grad=4.4907 seconds=43.5
Epoch 4876/5000: score=16.875262 loss=-0.386527 valid=1.0000 routes=14.701 grad=4.4577 seconds=43.5
Epoch 4877/5000: score=15.953627 loss=-0.390940 valid=1.0000 routes=14.196 grad=4.2731 seconds=43.9
Epoch 4878/5000: score=17.537128 loss=-0.398721 valid=1.0000 routes=13.949 grad=4.7021 seconds=43.8
Epoch 4879/5000: score=17.429111 loss=-0.401908 valid=1.0000 routes=14.996 grad=4.8596 seconds=43.6
Epoch 4880/5000: score=16.502148 loss=-0.397806 valid=1.0000 routes=14.774 grad=4.5231 seconds=43.8
Epoch 4881/5000: score=16.801971 loss=-0.374212 valid=1.0000 routes=13.249 grad=4.3987 seconds=43.7
Epoch 4882/5000: score=16.257652 loss=-0.371404 valid=1.0000 routes=13.782 grad=4.1855 seconds=43.7
Epoch 4883/5000: score=16.166675 loss=-0.348233 valid=1.0000 routes=12.994 grad=4.0264 seconds=43.7
Epoch 4884/5000: score=16.357643 loss=-0.354889 valid=1.0000 routes=13.972 grad=4.1715 seconds=43.6
Epoch 4885/5000: score=17.016717 loss=-0.386524 valid=1.0000 routes=14.096 grad=4.5631 seconds=43.8
Epoch 4886/5000: score=17.391069 loss=-0.392114 valid=1.0000 routes=14.204 grad=4.6993 seconds=43.5
Epoch 4887/5000: score=16.904909 loss=-0.378177 valid=1.0000 routes=13.707 grad=4.3810 seconds=44.6
Epoch 4888/5000: score=15.774492 loss=-0.333597 valid=1.0000 routes=12.324 grad=3.8758 seconds=44.7
Epoch 4889/5000: score=16.270678 loss=-0.378031 valid=1.0000 routes=14.641 grad=4.2484 seconds=44.7
Epoch 4890/5000: score=18.499766 loss=-0.431470 valid=1.0000 routes=15.275 grad=5.2366 seconds=44.1
Epoch 4891/5000: score=18.003239 loss=-0.418447 valid=1.0000 routes=14.525 grad=5.1068 seconds=44.0
Epoch 4892/5000: score=16.819994 loss=-0.366679 valid=1.0000 routes=13.663 grad=4.2942 seconds=44.0
Epoch 4893/5000: score=17.657936 loss=-0.416191 valid=1.0000 routes=14.141 grad=4.9793 seconds=44.0
Epoch 4894/5000: score=17.345962 loss=-0.394906 valid=1.0000 routes=14.497 grad=4.8520 seconds=44.0
Epoch 4895/5000: score=16.671250 loss=-0.384692 valid=1.0000 routes=14.264 grad=4.4593 seconds=43.9
Epoch 4896/5000: score=16.316447 loss=-0.363070 valid=1.0000 routes=13.386 grad=4.1297 seconds=43.9
Epoch 4897/5000: score=18.176171 loss=-0.434196 valid=1.0000 routes=14.701 grad=5.3413 seconds=44.0
Epoch 4898/5000: score=16.624832 loss=-0.404761 valid=1.0000 routes=14.586 grad=4.6769 seconds=44.0
Epoch 4899/5000: score=15.417563 loss=-0.348040 valid=1.0000 routes=13.393 grad=3.8632 seconds=43.9
Epoch 4900/5000: score=17.823757 loss=-0.422783 valid=1.0000 routes=14.820 grad=5.0309 seconds=44.0
Epoch 4901/5000: score=16.258688 loss=-0.370455 valid=1.0000 routes=13.820 grad=4.4660 seconds=43.8
Epoch 4902/5000: score=16.118641 loss=-0.375615 valid=1.0000 routes=14.279 grad=4.1917 seconds=44.1
Epoch 4903/5000: score=18.308906 loss=-0.432153 valid=1.0000 routes=14.891 grad=5.3767 seconds=44.6
Epoch 4904/5000: score=17.395094 loss=-0.434183 valid=1.0000 routes=14.023 grad=5.2352 seconds=44.9
Epoch 4905/5000: score=17.643309 loss=-0.391906 valid=1.0000 routes=14.068 grad=4.7155 seconds=44.5
Epoch 4906/5000: score=16.883917 loss=-0.375567 valid=1.0000 routes=13.379 grad=4.4358 seconds=43.4
Epoch 4907/5000: score=16.882023 loss=-0.386871 valid=1.0000 routes=13.338 grad=4.6051 seconds=43.8
Epoch 4908/5000: score=16.194783 loss=-0.379232 valid=1.0000 routes=13.989 grad=4.2342 seconds=43.8
Epoch 4909/5000: score=17.773894 loss=-0.410204 valid=1.0000 routes=14.390 grad=5.2491 seconds=44.0
Epoch 4910/5000: score=16.647708 loss=-0.372527 valid=1.0000 routes=13.272 grad=4.4016 seconds=43.9
Epoch 4911/5000: score=16.296087 loss=-0.375943 valid=1.0000 routes=14.447 grad=4.4063 seconds=43.7
Epoch 4912/5000: score=17.249773 loss=-0.417220 valid=1.0000 routes=14.745 grad=4.9111 seconds=43.8
Epoch 4913/5000: score=16.570747 loss=-0.383034 valid=1.0000 routes=14.428 grad=4.5377 seconds=43.8
Epoch 4914/5000: score=16.762871 loss=-0.383829 valid=1.0000 routes=14.514 grad=4.5386 seconds=43.8
Epoch 4915/5000: score=16.493058 loss=-0.375952 valid=1.0000 routes=14.234 grad=4.2532 seconds=43.8
Epoch 4916/5000: score=17.077827 loss=-0.395821 valid=1.0000 routes=13.945 grad=4.6087 seconds=43.7
Epoch 4917/5000: score=17.649405 loss=-0.399863 valid=1.0000 routes=13.817 grad=4.9673 seconds=43.7
Epoch 4918/5000: score=17.725841 loss=-0.408864 valid=1.0000 routes=14.593 grad=5.1173 seconds=43.6
Epoch 4919/5000: score=16.800426 loss=-0.392333 valid=1.0000 routes=14.203 grad=4.5405 seconds=43.7
Epoch 4920/5000: score=16.398411 loss=-0.356566 valid=1.0000 routes=13.643 grad=4.0851 seconds=44.4
Epoch 4921/5000: score=17.501812 loss=-0.423166 valid=1.0000 routes=15.154 grad=4.9096 seconds=44.3
Epoch 4922/5000: score=17.151044 loss=-0.399818 valid=1.0000 routes=14.490 grad=4.7739 seconds=44.3
Epoch 4923/5000: score=16.810967 loss=-0.376642 valid=1.0000 routes=13.734 grad=4.4710 seconds=43.5
>> Invalid instances, Re-generating ...
Epoch 4924/5000: score=16.541733 loss=-0.388845 valid=1.0000 routes=14.051 grad=4.4558 seconds=43.0
Epoch 4925/5000: score=16.508265 loss=-0.396926 valid=1.0000 routes=14.002 grad=4.5551 seconds=42.8
Epoch 4926/5000: score=16.119260 loss=-0.364007 valid=1.0000 routes=13.865 grad=4.1316 seconds=42.9
Epoch 4927/5000: score=17.610512 loss=-0.399725 valid=1.0000 routes=14.933 grad=4.9142 seconds=42.9
Epoch 4928/5000: score=17.020490 loss=-0.395954 valid=1.0000 routes=14.557 grad=4.6797 seconds=43.0
Epoch 4929/5000: score=16.921355 loss=-0.406058 valid=1.0000 routes=13.510 grad=4.7212 seconds=43.2
Epoch 4930/5000: score=17.121107 loss=-0.387180 valid=1.0000 routes=14.417 grad=4.6832 seconds=42.7
Epoch 4931/5000: score=16.360121 loss=-0.387303 valid=1.0000 routes=13.720 grad=4.4759 seconds=42.9
Epoch 4932/5000: score=17.075720 loss=-0.393162 valid=1.0000 routes=14.460 grad=4.7085 seconds=42.9
Epoch 4933/5000: score=16.651860 loss=-0.360261 valid=1.0000 routes=13.569 grad=4.2401 seconds=42.9
Epoch 4934/5000: score=17.195911 loss=-0.404029 valid=1.0000 routes=14.959 grad=4.7946 seconds=43.1
Epoch 4935/5000: score=16.359032 loss=-0.376009 valid=1.0000 routes=13.396 grad=4.3905 seconds=42.9
Epoch 4936/5000: score=16.165134 loss=-0.373812 valid=1.0000 routes=14.449 grad=4.2710 seconds=43.0
Epoch 4937/5000: score=16.370718 loss=-0.368007 valid=1.0000 routes=13.499 grad=4.2227 seconds=43.1
Epoch 4938/5000: score=17.358983 loss=-0.403157 valid=1.0000 routes=14.508 grad=4.8207 seconds=43.0
Epoch 4939/5000: score=16.129596 loss=-0.354562 valid=1.0000 routes=13.323 grad=4.1990 seconds=42.8
Epoch 4940/5000: score=15.524034 loss=-0.348757 valid=1.0000 routes=13.856 grad=3.9105 seconds=42.8
Epoch 4941/5000: score=16.349270 loss=-0.388950 valid=1.0000 routes=13.771 grad=4.3756 seconds=44.0
Epoch 4942/5000: score=16.918964 loss=-0.400627 valid=1.0000 routes=14.453 grad=4.6327 seconds=43.9
Epoch 4943/5000: score=17.537362 loss=-0.392276 valid=1.0000 routes=13.985 grad=4.7814 seconds=43.1
Epoch 4944/5000: score=16.751851 loss=-0.352718 valid=1.0000 routes=13.899 grad=4.2473 seconds=42.9
Epoch 4945/5000: score=17.215450 loss=-0.378338 valid=1.0000 routes=14.238 grad=4.5315 seconds=43.0
Epoch 4946/5000: score=15.989322 loss=-0.391466 valid=1.0000 routes=13.985 grad=4.4642 seconds=43.1
Epoch 4947/5000: score=16.387909 loss=-0.354783 valid=1.0000 routes=13.930 grad=4.1317 seconds=43.2
Epoch 4948/5000: score=16.371427 loss=-0.388740 valid=1.0000 routes=14.278 grad=4.5242 seconds=43.5
Epoch 4949/5000: score=16.867069 loss=-0.381248 valid=1.0000 routes=14.670 grad=4.4592 seconds=43.1
Epoch 4950/5000: score=15.253823 loss=-0.360955 valid=1.0000 routes=12.681 grad=3.8104 seconds=43.4
Epoch 4951/5000: score=17.701093 loss=-0.433691 valid=1.0000 routes=15.134 grad=5.0768 seconds=43.4
Epoch 4952/5000: score=15.955826 loss=-0.380731 valid=1.0000 routes=13.009 grad=4.3847 seconds=43.4
Epoch 4953/5000: score=16.559124 loss=-0.372885 valid=1.0000 routes=14.373 grad=4.3045 seconds=43.2
Epoch 4954/5000: score=17.377088 loss=-0.394269 valid=1.0000 routes=14.284 grad=4.5398 seconds=43.1
Epoch 4955/5000: score=17.952806 loss=-0.426018 valid=1.0000 routes=15.531 grad=5.1440 seconds=43.4
Epoch 4956/5000: score=15.785703 loss=-0.376196 valid=1.0000 routes=14.102 grad=4.2327 seconds=44.2
Epoch 4957/5000: score=16.941199 loss=-0.385717 valid=1.0000 routes=13.900 grad=4.5558 seconds=43.9
Epoch 4958/5000: score=17.720855 loss=-0.431281 valid=1.0000 routes=14.404 grad=5.2962 seconds=43.3
Epoch 4959/5000: score=17.301879 loss=-0.380658 valid=1.0000 routes=13.370 grad=4.6338 seconds=43.2
Epoch 4960/5000: score=17.722547 loss=-0.397677 valid=1.0000 routes=14.010 grad=4.9170 seconds=43.2
Epoch 4961/5000: score=16.260047 loss=-0.372595 valid=1.0000 routes=13.960 grad=4.1964 seconds=43.3
Epoch 4962/5000: score=16.495210 loss=-0.380026 valid=1.0000 routes=13.242 grad=4.2969 seconds=43.3
Epoch 4963/5000: score=17.382186 loss=-0.394390 valid=1.0000 routes=13.815 grad=4.7177 seconds=43.3
Epoch 4964/5000: score=16.283195 loss=-0.353490 valid=1.0000 routes=13.313 grad=4.1362 seconds=43.1
Epoch 4965/5000: score=17.526474 loss=-0.422805 valid=1.0000 routes=14.941 grad=5.0954 seconds=43.5
Epoch 4966/5000: score=17.032487 loss=-0.397091 valid=1.0000 routes=13.996 grad=4.6609 seconds=43.4
Epoch 4967/5000: score=16.885456 loss=-0.393681 valid=1.0000 routes=13.743 grad=4.6919 seconds=43.3
Epoch 4968/5000: score=17.346203 loss=-0.421993 valid=1.0000 routes=15.539 grad=5.0559 seconds=43.3
Epoch 4969/5000: score=16.655359 loss=-0.383851 valid=1.0000 routes=14.341 grad=4.5131 seconds=43.2
Epoch 4970/5000: score=16.860160 loss=-0.390023 valid=1.0000 routes=13.979 grad=4.4986 seconds=43.3
Epoch 4971/5000: score=17.425879 loss=-0.381042 valid=1.0000 routes=14.031 grad=4.6180 seconds=43.4
Epoch 4972/5000: score=16.606763 loss=-0.395081 valid=1.0000 routes=14.205 grad=4.7050 seconds=43.8
Epoch 4973/5000: score=16.151652 loss=-0.375543 valid=1.0000 routes=13.747 grad=4.2170 seconds=44.0
Epoch 4974/5000: score=17.125694 loss=-0.392148 valid=1.0000 routes=14.123 grad=4.6888 seconds=43.4
Epoch 4975/5000: score=16.892551 loss=-0.401518 valid=1.0000 routes=14.335 grad=4.7210 seconds=43.3
Epoch 4976/5000: score=16.800351 loss=-0.386343 valid=1.0000 routes=13.706 grad=4.4657 seconds=43.3
Epoch 4977/5000: score=17.467542 loss=-0.391944 valid=1.0000 routes=14.009 grad=4.5974 seconds=43.2
Epoch 4978/5000: score=16.511459 loss=-0.389530 valid=1.0000 routes=13.728 grad=4.4671 seconds=43.3
Epoch 4979/5000: score=16.157670 loss=-0.382144 valid=1.0000 routes=13.849 grad=4.3677 seconds=43.3
>> Invalid instances, Re-generating ...
Epoch 4980/5000: score=17.194111 loss=-0.397315 valid=1.0000 routes=14.409 grad=4.7895 seconds=43.4
Epoch 4981/5000: score=16.205025 loss=-0.365119 valid=1.0000 routes=13.551 grad=4.1245 seconds=43.2
Epoch 4982/5000: score=17.573856 loss=-0.399609 valid=1.0000 routes=14.328 grad=5.0537 seconds=43.3
Epoch 4983/5000: score=16.859561 loss=-0.379298 valid=1.0000 routes=14.183 grad=4.4514 seconds=43.1
Epoch 4984/5000: score=16.735143 loss=-0.360109 valid=1.0000 routes=13.643 grad=4.2338 seconds=43.2
Epoch 4985/5000: score=16.563220 loss=-0.366494 valid=1.0000 routes=13.381 grad=4.4000 seconds=43.2
Epoch 4986/5000: score=16.008620 loss=-0.389517 valid=1.0000 routes=14.517 grad=4.5581 seconds=43.2
Epoch 4987/5000: score=16.796600 loss=-0.400725 valid=1.0000 routes=14.741 grad=4.7081 seconds=43.2
Epoch 4988/5000: score=17.120639 loss=-0.378253 valid=1.0000 routes=14.322 grad=4.4996 seconds=43.4
Epoch 4989/5000: score=17.112532 loss=-0.370823 valid=1.0000 routes=14.243 grad=4.5461 seconds=43.9
Epoch 4990/5000: score=16.412084 loss=-0.377123 valid=1.0000 routes=13.290 grad=4.5295 seconds=43.6
Epoch 4991/5000: score=17.374703 loss=-0.391263 valid=1.0000 routes=14.463 grad=4.6767 seconds=43.2
Epoch 4992/5000: score=16.632512 loss=-0.397059 valid=1.0000 routes=14.678 grad=4.5769 seconds=43.3
Epoch 4993/5000: score=16.612755 loss=-0.394156 valid=1.0000 routes=14.579 grad=4.5837 seconds=43.1
>> Invalid instances, Re-generating ...
Epoch 4994/5000: score=16.561216 loss=-0.337214 valid=1.0000 routes=12.742 grad=3.9648 seconds=43.0
Epoch 4995/5000: score=17.304500 loss=-0.421624 valid=1.0000 routes=15.228 grad=4.9177 seconds=43.2
Epoch 4996/5000: score=16.778786 loss=-0.371552 valid=1.0000 routes=13.760 grad=4.3778 seconds=43.2
Epoch 4997/5000: score=17.314953 loss=-0.396510 valid=1.0000 routes=14.339 grad=4.7998 seconds=43.4
Epoch 4998/5000: score=16.188208 loss=-0.378847 valid=1.0000 routes=14.110 grad=4.3231 seconds=43.1
Epoch 4999/5000: score=16.746499 loss=-0.396663 valid=1.0000 routes=14.318 grad=4.6512 seconds=43.2
Epoch 5000/5000: score=16.369894 loss=-0.367633 valid=1.0000 routes=13.713 grad=4.2573 seconds=43.2
