There are 3697923 (3.70 million) parameters in this neural network
Epoch    1/5000: score=14.161189 loss=-2.820032 valid=1.0000 routes=11.610 grad=3.9451 seconds=64.4
Epoch    2/5000: score=13.065260 loss=-2.167418 valid=1.0000 routes=10.738 grad=2.6334 seconds=63.0
Epoch    3/5000: score=12.182224 loss=-1.633753 valid=1.0000 routes=10.182 grad=2.5511 seconds=63.9
Epoch    4/5000: score=12.299806 loss=-1.339778 valid=1.0000 routes=10.320 grad=2.5481 seconds=63.3
Epoch    5/5000: score=12.463577 loss=-1.120949 valid=1.0000 routes=10.306 grad=2.7426 seconds=63.4
Epoch    6/5000: score=11.696794 loss=-0.948626 valid=1.0000 routes=9.312 grad=2.6723 seconds=62.4
Epoch    7/5000: score=12.209400 loss=-0.842041 valid=1.0000 routes=10.256 grad=2.8831 seconds=63.4
Epoch    8/5000: score=12.253786 loss=-0.794517 valid=1.0000 routes=9.838 grad=2.8920 seconds=63.5
Epoch    9/5000: score=12.139262 loss=-0.709556 valid=1.0000 routes=10.282 grad=2.9149 seconds=63.6
Epoch   10/5000: score=11.748667 loss=-0.663664 valid=1.0000 routes=9.767 grad=2.6876 seconds=63.1
Epoch   11/5000: score=12.322754 loss=-0.638579 valid=1.0000 routes=10.269 grad=2.7582 seconds=63.5
Epoch   12/5000: score=12.018232 loss=-0.603549 valid=1.0000 routes=10.055 grad=2.6368 seconds=63.5
Epoch   13/5000: score=11.950787 loss=-0.588481 valid=1.0000 routes=9.914 grad=2.6360 seconds=63.6
Epoch   14/5000: score=11.814540 loss=-0.543524 valid=1.0000 routes=9.825 grad=2.4608 seconds=63.4
Epoch   15/5000: score=12.126319 loss=-0.534569 valid=1.0000 routes=10.115 grad=2.6256 seconds=62.6
Epoch   16/5000: score=11.786559 loss=-0.504514 valid=1.0000 routes=10.297 grad=2.5810 seconds=64.1
Epoch   17/5000: score=11.435131 loss=-0.480367 valid=1.0000 routes=9.474 grad=2.5286 seconds=64.2
Epoch   18/5000: score=12.252784 loss=-0.474182 valid=1.0000 routes=9.901 grad=2.5535 seconds=64.2
Epoch   19/5000: score=11.451349 loss=-0.467039 valid=1.0000 routes=9.451 grad=2.3737 seconds=63.9
Epoch   20/5000: score=11.368765 loss=-0.428510 valid=1.0000 routes=10.013 grad=2.3771 seconds=64.1
Epoch   21/5000: score=11.481987 loss=-0.444426 valid=1.0000 routes=9.682 grad=2.3092 seconds=63.4
Epoch   22/5000: score=11.848600 loss=-0.422499 valid=1.0000 routes=10.159 grad=2.4428 seconds=64.8
Epoch   23/5000: score=11.891819 loss=-0.413045 valid=1.0000 routes=10.192 grad=2.3740 seconds=62.9
Epoch   24/5000: score=11.198154 loss=-0.409281 valid=1.0000 routes=9.744 grad=2.2340 seconds=62.8
Epoch   25/5000: score=12.126912 loss=-0.401571 valid=1.0000 routes=10.308 grad=2.3942 seconds=62.9
Epoch   26/5000: score=11.537498 loss=-0.392934 valid=1.0000 routes=9.241 grad=2.2191 seconds=62.6
Epoch   27/5000: score=11.690127 loss=-0.383714 valid=1.0000 routes=9.464 grad=2.2722 seconds=63.0
Epoch   28/5000: score=11.429149 loss=-0.371424 valid=1.0000 routes=9.941 grad=2.1343 seconds=62.1
Epoch   29/5000: score=11.392668 loss=-0.353652 valid=1.0000 routes=10.050 grad=2.1330 seconds=62.9
Epoch   30/5000: score=11.722927 loss=-0.367291 valid=1.0000 routes=9.542 grad=2.2733 seconds=62.8
Epoch   31/5000: score=11.951452 loss=-0.366762 valid=1.0000 routes=9.944 grad=2.2724 seconds=62.7
Epoch   32/5000: score=12.051083 loss=-0.368050 valid=1.0000 routes=9.630 grad=2.2684 seconds=62.8
Epoch   33/5000: score=12.003840 loss=-0.358594 valid=1.0000 routes=9.987 grad=2.2899 seconds=63.1
Epoch   34/5000: score=11.074765 loss=-0.338783 valid=1.0000 routes=9.429 grad=1.9941 seconds=62.8
Epoch   35/5000: score=11.104210 loss=-0.330309 valid=1.0000 routes=8.954 grad=1.9457 seconds=63.2
Epoch   36/5000: score=11.257309 loss=-0.332701 valid=1.0000 routes=9.651 grad=2.0959 seconds=63.3
Epoch   37/5000: score=11.493212 loss=-0.325929 valid=1.0000 routes=9.993 grad=2.1104 seconds=62.8
Epoch   38/5000: score=11.394684 loss=-0.317876 valid=1.0000 routes=9.662 grad=2.0379 seconds=62.9
Epoch   39/5000: score=11.947354 loss=-0.330626 valid=1.0000 routes=10.053 grad=2.2182 seconds=63.0
Epoch   40/5000: score=11.954366 loss=-0.317429 valid=1.0000 routes=10.141 grad=2.1586 seconds=63.4
Epoch   41/5000: score=11.698990 loss=-0.322387 valid=1.0000 routes=10.166 grad=2.1565 seconds=63.1
Epoch   42/5000: score=11.897779 loss=-0.330944 valid=1.0000 routes=9.662 grad=2.1528 seconds=63.4
Epoch   43/5000: score=11.543457 loss=-0.318078 valid=1.0000 routes=9.898 grad=2.0959 seconds=62.8
Epoch   44/5000: score=11.607394 loss=-0.305054 valid=1.0000 routes=10.237 grad=2.0452 seconds=63.5
Epoch   45/5000: score=11.512468 loss=-0.302269 valid=1.0000 routes=9.861 grad=2.0200 seconds=63.1
Epoch   46/5000: score=11.441988 loss=-0.297466 valid=1.0000 routes=9.947 grad=2.0192 seconds=63.3
Epoch   47/5000: score=11.853938 loss=-0.304006 valid=1.0000 routes=9.609 grad=2.0718 seconds=63.1
Epoch   48/5000: score=12.042543 loss=-0.305628 valid=1.0000 routes=10.433 grad=2.1649 seconds=64.0
Epoch   49/5000: score=11.368794 loss=-0.300439 valid=1.0000 routes=9.836 grad=2.0081 seconds=63.5
Epoch   50/5000: score=11.163091 loss=-0.285204 valid=1.0000 routes=9.338 grad=1.8881 seconds=63.1
Epoch   51/5000: score=11.688413 loss=-0.308908 valid=1.0000 routes=9.986 grad=2.0936 seconds=63.8
Epoch   52/5000: score=11.363788 loss=-0.287590 valid=1.0000 routes=10.112 grad=1.9204 seconds=62.8
Epoch   53/5000: score=11.483266 loss=-0.281556 valid=1.0000 routes=9.639 grad=1.9979 seconds=63.6
Epoch   54/5000: score=12.110985 loss=-0.291346 valid=1.0000 routes=10.323 grad=2.1671 seconds=62.9
Epoch   55/5000: score=11.660570 loss=-0.290156 valid=1.0000 routes=9.961 grad=2.0255 seconds=63.5
Epoch   56/5000: score=11.495361 loss=-0.275784 valid=1.0000 routes=9.867 grad=1.9590 seconds=62.5
Epoch   57/5000: score=11.719698 loss=-0.278967 valid=1.0000 routes=9.529 grad=1.9998 seconds=63.3
Epoch   58/5000: score=11.384505 loss=-0.273724 valid=1.0000 routes=9.830 grad=1.8998 seconds=62.9
Epoch   59/5000: score=11.227112 loss=-0.282236 valid=1.0000 routes=9.137 grad=1.8126 seconds=62.6
Epoch   60/5000: score=11.305881 loss=-0.270196 valid=1.0000 routes=10.008 grad=1.8773 seconds=62.0
Epoch   61/5000: score=10.978881 loss=-0.263565 valid=1.0000 routes=9.056 grad=1.7064 seconds=62.8
Epoch   62/5000: score=11.356411 loss=-0.273207 valid=1.0000 routes=9.652 grad=1.8527 seconds=62.8
Epoch   63/5000: score=11.566524 loss=-0.272584 valid=1.0000 routes=9.864 grad=1.9684 seconds=62.7
Epoch   64/5000: score=11.580234 loss=-0.266614 valid=1.0000 routes=10.037 grad=1.9958 seconds=63.4
Epoch   65/5000: score=11.804059 loss=-0.265397 valid=1.0000 routes=9.865 grad=1.9261 seconds=62.0
Epoch   66/5000: score=11.437487 loss=-0.267847 valid=1.0000 routes=9.847 grad=1.9668 seconds=63.2
Epoch   67/5000: score=11.580783 loss=-0.260236 valid=1.0000 routes=9.354 grad=1.8985 seconds=61.9
Epoch   68/5000: score=11.176978 loss=-0.261228 valid=1.0000 routes=9.560 grad=1.8191 seconds=62.7
Epoch   69/5000: score=11.949627 loss=-0.275821 valid=1.0000 routes=10.477 grad=2.1181 seconds=62.5
Epoch   70/5000: score=11.448062 loss=-0.254378 valid=1.0000 routes=9.844 grad=1.8666 seconds=62.7
Epoch   71/5000: score=11.250991 loss=-0.249169 valid=1.0000 routes=9.843 grad=1.8515 seconds=62.2
Epoch   72/5000: score=11.262413 loss=-0.242952 valid=1.0000 routes=9.729 grad=1.7635 seconds=62.7
Epoch   73/5000: score=11.870014 loss=-0.254442 valid=1.0000 routes=10.355 grad=1.9665 seconds=62.4
Epoch   74/5000: score=11.544824 loss=-0.252925 valid=1.0000 routes=9.811 grad=1.9606 seconds=62.4
Epoch   75/5000: score=11.758471 loss=-0.255877 valid=1.0000 routes=10.634 grad=2.0469 seconds=62.4
Epoch   76/5000: score=12.000515 loss=-0.244665 valid=1.0000 routes=10.421 grad=1.9635 seconds=61.9
Epoch   77/5000: score=11.503599 loss=-0.248315 valid=1.0000 routes=10.030 grad=1.9280 seconds=62.6
Epoch   78/5000: score=10.808912 loss=-0.238449 valid=1.0000 routes=9.483 grad=1.7182 seconds=62.4
Epoch   79/5000: score=12.089912 loss=-0.253693 valid=1.0000 routes=9.724 grad=2.0308 seconds=62.9
Epoch   80/5000: score=12.587098 loss=-0.247478 valid=1.0000 routes=10.676 grad=2.1569 seconds=62.7
Epoch   81/5000: score=11.252394 loss=-0.237429 valid=1.0000 routes=9.329 grad=1.7586 seconds=63.5
Epoch   82/5000: score=11.554421 loss=-0.235247 valid=1.0000 routes=9.682 grad=1.8047 seconds=62.6
Epoch   83/5000: score=11.443833 loss=-0.241866 valid=1.0000 routes=9.966 grad=1.9136 seconds=63.1
Epoch   84/5000: score=11.673894 loss=-0.240730 valid=1.0000 routes=9.921 grad=1.9169 seconds=62.6
Epoch   85/5000: score=11.938211 loss=-0.244232 valid=1.0000 routes=10.139 grad=1.9646 seconds=62.3
Epoch   86/5000: score=11.443762 loss=-0.241918 valid=1.0000 routes=9.806 grad=1.8650 seconds=62.2
Epoch   87/5000: score=11.711063 loss=-0.238186 valid=1.0000 routes=9.992 grad=1.9094 seconds=62.4
Epoch   88/5000: score=11.476410 loss=-0.238723 valid=1.0000 routes=9.910 grad=1.8733 seconds=63.1
Epoch   89/5000: score=11.773835 loss=-0.244898 valid=1.0000 routes=9.699 grad=1.9280 seconds=63.3
Epoch   90/5000: score=11.461740 loss=-0.235684 valid=1.0000 routes=9.534 grad=1.8450 seconds=63.8
Epoch   91/5000: score=11.710268 loss=-0.231076 valid=1.0000 routes=10.196 grad=1.9338 seconds=63.1
Epoch   92/5000: score=11.297236 loss=-0.230972 valid=1.0000 routes=9.751 grad=1.8375 seconds=63.5
Epoch   93/5000: score=11.670615 loss=-0.235567 valid=1.0000 routes=10.069 grad=1.9850 seconds=62.6
Epoch   94/5000: score=11.649257 loss=-0.234336 valid=1.0000 routes=10.094 grad=1.9481 seconds=63.1
Epoch   95/5000: score=11.311210 loss=-0.230306 valid=1.0000 routes=10.031 grad=1.8584 seconds=62.7
Epoch   96/5000: score=11.506424 loss=-0.227462 valid=1.0000 routes=9.754 grad=1.8080 seconds=63.4
Epoch   97/5000: score=11.268200 loss=-0.226241 valid=1.0000 routes=9.215 grad=1.7914 seconds=62.7
Epoch   98/5000: score=11.673638 loss=-0.226805 valid=1.0000 routes=10.444 grad=1.8524 seconds=62.2
Epoch   99/5000: score=12.099561 loss=-0.226919 valid=1.0000 routes=10.317 grad=1.9572 seconds=63.0
Epoch  100/5000: score=12.054608 loss=-0.232980 valid=1.0000 routes=10.251 grad=2.0223 seconds=63.3
Epoch  101/5000: score=11.887991 loss=-0.228162 valid=1.0000 routes=10.235 grad=1.9413 seconds=63.4
Epoch  102/5000: score=11.397951 loss=-0.224263 valid=1.0000 routes=9.400 grad=1.8317 seconds=63.2
Epoch  103/5000: score=11.634399 loss=-0.232173 valid=1.0000 routes=9.726 grad=1.8550 seconds=63.8
Epoch  104/5000: score=11.385166 loss=-0.218380 valid=1.0000 routes=10.202 grad=1.7937 seconds=62.8
Epoch  105/5000: score=11.677760 loss=-0.227843 valid=1.0000 routes=10.064 grad=1.9551 seconds=63.3
Epoch  106/5000: score=11.530161 loss=-0.224368 valid=1.0000 routes=9.602 grad=1.8381 seconds=62.5
Epoch  107/5000: score=11.238353 loss=-0.230029 valid=1.0000 routes=9.646 grad=1.8357 seconds=62.7
Epoch  108/5000: score=12.248771 loss=-0.225643 valid=1.0000 routes=10.561 grad=1.9922 seconds=61.9
Epoch  109/5000: score=11.657926 loss=-0.233997 valid=1.0000 routes=10.155 grad=1.9642 seconds=62.3
Epoch  110/5000: score=11.907267 loss=-0.224669 valid=1.0000 routes=10.042 grad=1.8968 seconds=62.8
Epoch  111/5000: score=11.714666 loss=-0.226505 valid=1.0000 routes=9.598 grad=1.8585 seconds=63.4
Epoch  112/5000: score=11.724713 loss=-0.227063 valid=1.0000 routes=9.811 grad=1.9716 seconds=63.6
Epoch  113/5000: score=11.393202 loss=-0.218962 valid=1.0000 routes=10.079 grad=1.7595 seconds=62.1
Epoch  114/5000: score=11.042971 loss=-0.211241 valid=1.0000 routes=9.894 grad=1.6587 seconds=62.5
Epoch  115/5000: score=11.767833 loss=-0.223203 valid=1.0000 routes=9.955 grad=1.9715 seconds=62.1
Epoch  116/5000: score=11.474086 loss=-0.222199 valid=1.0000 routes=9.685 grad=1.8990 seconds=63.2
Epoch  117/5000: score=11.186365 loss=-0.221940 valid=1.0000 routes=9.468 grad=1.7564 seconds=62.0
Epoch  118/5000: score=11.883551 loss=-0.221127 valid=1.0000 routes=10.152 grad=1.9245 seconds=62.8
Epoch  119/5000: score=12.277602 loss=-0.220259 valid=1.0000 routes=10.578 grad=1.9831 seconds=62.2
Epoch  120/5000: score=11.428033 loss=-0.218933 valid=1.0000 routes=9.400 grad=1.7506 seconds=62.9
Epoch  121/5000: score=11.902588 loss=-0.220414 valid=1.0000 routes=9.833 grad=1.8877 seconds=63.2
Epoch  122/5000: score=11.809774 loss=-0.223707 valid=1.0000 routes=9.930 grad=1.9246 seconds=63.1
Epoch  123/5000: score=11.473203 loss=-0.206825 valid=1.0000 routes=9.964 grad=1.8414 seconds=63.1
Epoch  124/5000: score=11.757377 loss=-0.221028 valid=1.0000 routes=9.611 grad=1.8517 seconds=62.6
Epoch  125/5000: score=11.940253 loss=-0.221549 valid=1.0000 routes=10.172 grad=2.0033 seconds=62.1
Epoch  126/5000: score=11.965737 loss=-0.209667 valid=1.0000 routes=10.327 grad=1.9065 seconds=62.1
Epoch  127/5000: score=11.807886 loss=-0.213706 valid=1.0000 routes=10.174 grad=1.8461 seconds=62.7
Epoch  128/5000: score=11.323943 loss=-0.211902 valid=1.0000 routes=10.304 grad=1.7770 seconds=62.0
Epoch  129/5000: score=11.315824 loss=-0.213014 valid=1.0000 routes=9.520 grad=1.7722 seconds=62.3
Epoch  130/5000: score=11.759233 loss=-0.213225 valid=1.0000 routes=10.032 grad=1.8733 seconds=62.1
Epoch  131/5000: score=11.889401 loss=-0.221042 valid=1.0000 routes=9.998 grad=1.8945 seconds=62.1
Epoch  132/5000: score=11.440592 loss=-0.213950 valid=1.0000 routes=9.605 grad=1.8033 seconds=62.3
Epoch  133/5000: score=11.800911 loss=-0.212603 valid=1.0000 routes=9.675 grad=1.8010 seconds=63.0
Epoch  134/5000: score=12.253750 loss=-0.215589 valid=1.0000 routes=10.454 grad=2.0019 seconds=62.3
Epoch  135/5000: score=11.211770 loss=-0.207063 valid=1.0000 routes=9.418 grad=1.6714 seconds=62.4
Epoch  136/5000: score=11.243993 loss=-0.202631 valid=1.0000 routes=10.005 grad=1.7247 seconds=62.1
Epoch  137/5000: score=11.303846 loss=-0.208497 valid=1.0000 routes=9.678 grad=1.8112 seconds=62.7
Epoch  138/5000: score=11.806522 loss=-0.206117 valid=1.0000 routes=9.828 grad=1.8171 seconds=62.0
Epoch  139/5000: score=11.541272 loss=-0.203446 valid=1.0000 routes=9.646 grad=1.7772 seconds=63.7
Epoch  140/5000: score=11.902363 loss=-0.216362 valid=1.0000 routes=9.896 grad=1.9268 seconds=66.7
Epoch  141/5000: score=11.346093 loss=-0.211302 valid=1.0000 routes=9.213 grad=1.7781 seconds=67.3
Epoch  142/5000: score=11.719690 loss=-0.206719 valid=1.0000 routes=10.820 grad=1.8856 seconds=66.7
Epoch  143/5000: score=10.845146 loss=-0.196698 valid=1.0000 routes=9.857 grad=1.6623 seconds=66.9
Epoch  144/5000: score=11.370027 loss=-0.212556 valid=1.0000 routes=9.569 grad=1.8124 seconds=66.6
Epoch  145/5000: score=11.423871 loss=-0.208312 valid=1.0000 routes=9.556 grad=1.7793 seconds=63.3
Epoch  146/5000: score=11.567493 loss=-0.206037 valid=1.0000 routes=9.687 grad=1.7891 seconds=64.2
Epoch  147/5000: score=11.515059 loss=-0.203849 valid=1.0000 routes=9.734 grad=1.8432 seconds=63.4
Epoch  148/5000: score=12.002368 loss=-0.206658 valid=1.0000 routes=9.972 grad=1.9472 seconds=64.0
Epoch  149/5000: score=11.197441 loss=-0.199130 valid=1.0000 routes=9.829 grad=1.7490 seconds=63.1
Epoch  150/5000: score=11.404029 loss=-0.198009 valid=1.0000 routes=9.766 grad=1.8236 seconds=64.0
Epoch  151/5000: score=11.634383 loss=-0.206217 valid=1.0000 routes=10.240 grad=1.8617 seconds=63.2
Epoch  152/5000: score=11.160831 loss=-0.207034 valid=1.0000 routes=9.548 grad=1.7935 seconds=63.9
>> Invalid instances, Re-generating ...
Epoch  153/5000: score=11.640450 loss=-0.209040 valid=1.0000 routes=10.140 grad=1.8052 seconds=62.8
Epoch  154/5000: score=11.316481 loss=-0.204827 valid=1.0000 routes=9.800 grad=1.7854 seconds=63.3
Epoch  155/5000: score=11.748429 loss=-0.205305 valid=1.0000 routes=10.243 grad=1.8535 seconds=63.2
Epoch  156/5000: score=11.881427 loss=-0.208281 valid=1.0000 routes=9.460 grad=1.8487 seconds=63.7
Epoch  157/5000: score=11.322701 loss=-0.201526 valid=1.0000 routes=10.030 grad=1.7533 seconds=63.3
Epoch  158/5000: score=11.300673 loss=-0.196391 valid=1.0000 routes=9.710 grad=1.7331 seconds=63.5
Epoch  159/5000: score=11.138023 loss=-0.201965 valid=1.0000 routes=9.234 grad=1.7394 seconds=63.5
Epoch  160/5000: score=11.842225 loss=-0.199134 valid=1.0000 routes=9.856 grad=1.8903 seconds=65.6
Epoch  161/5000: score=11.155190 loss=-0.207186 valid=1.0000 routes=9.518 grad=1.7182 seconds=63.4
Epoch  162/5000: score=11.127856 loss=-0.196494 valid=1.0000 routes=9.784 grad=1.6611 seconds=62.5
Epoch  163/5000: score=11.345582 loss=-0.200797 valid=1.0000 routes=9.537 grad=1.7470 seconds=64.3
Epoch  164/5000: score=11.578448 loss=-0.201753 valid=1.0000 routes=9.698 grad=1.8229 seconds=63.2
Epoch  165/5000: score=11.545301 loss=-0.195227 valid=1.0000 routes=10.282 grad=1.8597 seconds=63.2
Epoch  166/5000: score=11.424822 loss=-0.198011 valid=1.0000 routes=9.279 grad=1.7244 seconds=62.5
Epoch  167/5000: score=11.364192 loss=-0.209510 valid=1.0000 routes=9.633 grad=1.7533 seconds=64.1
Epoch  168/5000: score=12.037962 loss=-0.198546 valid=1.0000 routes=10.403 grad=1.8931 seconds=63.6
Epoch  169/5000: score=11.308696 loss=-0.193910 valid=1.0000 routes=9.845 grad=1.6839 seconds=63.3
Epoch  170/5000: score=11.579769 loss=-0.196098 valid=1.0000 routes=10.080 grad=1.7997 seconds=62.6
Epoch  171/5000: score=11.796184 loss=-0.201355 valid=1.0000 routes=10.146 grad=1.8866 seconds=63.1
Epoch  172/5000: score=11.562139 loss=-0.191220 valid=1.0000 routes=9.958 grad=1.7647 seconds=62.8
Epoch  173/5000: score=11.241398 loss=-0.197780 valid=1.0000 routes=9.606 grad=1.7353 seconds=63.2
Epoch  174/5000: score=11.223751 loss=-0.188128 valid=1.0000 routes=10.078 grad=1.7358 seconds=63.9
Epoch  175/5000: score=11.539877 loss=-0.196826 valid=1.0000 routes=10.212 grad=1.8113 seconds=63.7
Epoch  176/5000: score=11.268798 loss=-0.189525 valid=1.0000 routes=9.384 grad=1.6496 seconds=63.4
Epoch  177/5000: score=11.775631 loss=-0.202187 valid=1.0000 routes=9.656 grad=1.8482 seconds=62.8
Epoch  178/5000: score=11.288542 loss=-0.193993 valid=1.0000 routes=9.381 grad=1.7646 seconds=63.5
Epoch  179/5000: score=11.513322 loss=-0.188529 valid=1.0000 routes=10.059 grad=1.8035 seconds=62.8
Epoch  180/5000: score=11.144349 loss=-0.193494 valid=1.0000 routes=9.765 grad=1.7354 seconds=63.5
Epoch  181/5000: score=11.430087 loss=-0.186362 valid=1.0000 routes=9.856 grad=1.7044 seconds=62.9
Epoch  182/5000: score=12.029869 loss=-0.192321 valid=1.0000 routes=10.141 grad=1.9611 seconds=63.4
Epoch  183/5000: score=11.734950 loss=-0.189443 valid=1.0000 routes=9.699 grad=1.7945 seconds=64.1
Epoch  184/5000: score=11.142398 loss=-0.190072 valid=1.0000 routes=10.134 grad=1.7278 seconds=64.0
Epoch  185/5000: score=11.011551 loss=-0.187881 valid=1.0000 routes=9.185 grad=1.6905 seconds=63.6
Epoch  186/5000: score=11.506557 loss=-0.194865 valid=1.0000 routes=9.333 grad=1.7510 seconds=62.5
Epoch  187/5000: score=11.191811 loss=-0.190388 valid=1.0000 routes=9.365 grad=1.7064 seconds=62.9
Epoch  188/5000: score=11.597360 loss=-0.191319 valid=1.0000 routes=10.176 grad=1.7673 seconds=63.2
Epoch  189/5000: score=11.603227 loss=-0.196704 valid=1.0000 routes=9.626 grad=1.8247 seconds=64.6
Epoch  190/5000: score=11.897396 loss=-0.198928 valid=1.0000 routes=10.151 grad=1.8491 seconds=63.2
Epoch  191/5000: score=11.334581 loss=-0.183051 valid=1.0000 routes=9.594 grad=1.7243 seconds=63.1
Epoch  192/5000: score=11.638207 loss=-0.185314 valid=1.0000 routes=10.239 grad=1.8142 seconds=62.6
Epoch  193/5000: score=11.383969 loss=-0.188433 valid=1.0000 routes=9.932 grad=1.7143 seconds=63.7
Epoch  194/5000: score=11.726170 loss=-0.188518 valid=1.0000 routes=10.177 grad=1.8204 seconds=63.3
Epoch  195/5000: score=11.721387 loss=-0.197482 valid=1.0000 routes=9.919 grad=1.8498 seconds=63.6
Epoch  196/5000: score=11.536006 loss=-0.188278 valid=1.0000 routes=9.499 grad=1.7904 seconds=63.9
Epoch  197/5000: score=11.974540 loss=-0.187923 valid=1.0000 routes=10.071 grad=1.8164 seconds=63.1
Epoch  198/5000: score=11.084639 loss=-0.181881 valid=1.0000 routes=9.232 grad=1.6856 seconds=64.0
Epoch  199/5000: score=11.758187 loss=-0.182423 valid=1.0000 routes=10.228 grad=1.8240 seconds=59.3
Epoch  200/5000: score=11.747987 loss=-0.191666 valid=1.0000 routes=9.952 grad=1.8596 seconds=59.6
Epoch  201/5000: score=11.003299 loss=-0.179014 valid=1.0000 routes=9.850 grad=1.6356 seconds=59.1
Epoch  202/5000: score=11.064216 loss=-0.187580 valid=1.0000 routes=9.233 grad=1.6931 seconds=59.3
Epoch  203/5000: score=11.254249 loss=-0.184800 valid=1.0000 routes=9.686 grad=1.7723 seconds=60.4
Epoch  204/5000: score=12.191245 loss=-0.190456 valid=1.0000 routes=10.330 grad=1.8654 seconds=64.0
Epoch  205/5000: score=11.799333 loss=-0.190745 valid=1.0000 routes=9.790 grad=1.8305 seconds=60.8
Epoch  206/5000: score=11.658882 loss=-0.187596 valid=1.0000 routes=9.975 grad=1.8614 seconds=60.0
Epoch  207/5000: score=11.718112 loss=-0.184180 valid=1.0000 routes=9.957 grad=1.7931 seconds=63.0
Epoch  208/5000: score=11.661475 loss=-0.195775 valid=1.0000 routes=9.755 grad=1.8393 seconds=63.8
Epoch  209/5000: score=11.371491 loss=-0.194681 valid=1.0000 routes=9.844 grad=1.7550 seconds=62.7
Epoch  210/5000: score=11.478188 loss=-0.185604 valid=1.0000 routes=9.854 grad=1.7884 seconds=63.3
Epoch  211/5000: score=11.435021 loss=-0.194600 valid=1.0000 routes=9.533 grad=1.7960 seconds=62.8
Epoch  212/5000: score=12.007001 loss=-0.188706 valid=1.0000 routes=9.884 grad=1.8614 seconds=63.1
Epoch  213/5000: score=11.353928 loss=-0.175833 valid=1.0000 routes=9.720 grad=1.6953 seconds=63.6
Epoch  214/5000: score=11.770299 loss=-0.182617 valid=1.0000 routes=10.241 grad=1.8258 seconds=63.8
Epoch  215/5000: score=11.454186 loss=-0.184907 valid=1.0000 routes=9.729 grad=1.7872 seconds=62.6
Epoch  216/5000: score=11.239477 loss=-0.182124 valid=1.0000 routes=9.389 grad=1.7293 seconds=63.2
Epoch  217/5000: score=11.785177 loss=-0.184026 valid=1.0000 routes=9.890 grad=1.8008 seconds=62.7
Epoch  218/5000: score=11.220624 loss=-0.190074 valid=1.0000 routes=9.670 grad=1.7071 seconds=63.8
Epoch  219/5000: score=11.778843 loss=-0.191090 valid=1.0000 routes=9.850 grad=1.8373 seconds=63.4
Epoch  220/5000: score=11.379515 loss=-0.181079 valid=1.0000 routes=9.610 grad=1.7434 seconds=63.3
Epoch  221/5000: score=11.543161 loss=-0.183592 valid=1.0000 routes=9.933 grad=1.7761 seconds=63.2
Epoch  222/5000: score=11.782318 loss=-0.185735 valid=1.0000 routes=10.257 grad=1.8591 seconds=62.9
Epoch  223/5000: score=11.424270 loss=-0.186768 valid=1.0000 routes=9.641 grad=1.8152 seconds=63.0
Epoch  224/5000: score=11.485992 loss=-0.179853 valid=1.0000 routes=10.105 grad=1.8025 seconds=62.9
Epoch  225/5000: score=11.367689 loss=-0.174288 valid=1.0000 routes=9.693 grad=1.7061 seconds=63.2
Epoch  226/5000: score=11.735058 loss=-0.179128 valid=1.0000 routes=10.553 grad=1.8533 seconds=62.7
Epoch  227/5000: score=11.452433 loss=-0.184705 valid=1.0000 routes=9.537 grad=1.7472 seconds=62.8
Epoch  228/5000: score=11.403330 loss=-0.185365 valid=1.0000 routes=9.396 grad=1.7593 seconds=62.6
Epoch  229/5000: score=11.276770 loss=-0.182014 valid=1.0000 routes=9.864 grad=1.7354 seconds=63.1
Epoch  230/5000: score=11.316419 loss=-0.182440 valid=1.0000 routes=9.415 grad=1.7268 seconds=63.2
Epoch  231/5000: score=11.695385 loss=-0.191049 valid=1.0000 routes=9.905 grad=1.8404 seconds=63.4
Epoch  232/5000: score=12.037469 loss=-0.184577 valid=1.0000 routes=10.581 grad=1.9294 seconds=62.0
Epoch  233/5000: score=11.197249 loss=-0.186262 valid=1.0000 routes=9.316 grad=1.7685 seconds=63.1
Epoch  234/5000: score=11.596127 loss=-0.183011 valid=1.0000 routes=9.988 grad=1.7737 seconds=62.7
Epoch  235/5000: score=11.587478 loss=-0.186018 valid=1.0000 routes=9.889 grad=1.8613 seconds=62.8
Epoch  236/5000: score=12.182320 loss=-0.186457 valid=1.0000 routes=10.140 grad=1.9069 seconds=62.4
Epoch  237/5000: score=11.353351 loss=-0.186411 valid=1.0000 routes=9.820 grad=1.7991 seconds=63.7
Epoch  238/5000: score=11.479372 loss=-0.179075 valid=1.0000 routes=9.370 grad=1.7220 seconds=63.1
Epoch  239/5000: score=10.901898 loss=-0.183300 valid=1.0000 routes=9.183 grad=1.6861 seconds=63.1
Epoch  240/5000: score=11.448334 loss=-0.178665 valid=1.0000 routes=9.786 grad=1.7289 seconds=63.1
Epoch  241/5000: score=11.848235 loss=-0.182022 valid=1.0000 routes=10.453 grad=1.9120 seconds=62.8
Epoch  242/5000: score=11.739598 loss=-0.184386 valid=1.0000 routes=9.893 grad=1.8327 seconds=63.1
Epoch  243/5000: score=11.387696 loss=-0.177079 valid=1.0000 routes=9.496 grad=1.6957 seconds=62.3
Epoch  244/5000: score=11.436987 loss=-0.181753 valid=1.0000 routes=9.554 grad=1.7363 seconds=63.1
Epoch  245/5000: score=11.388697 loss=-0.180778 valid=1.0000 routes=10.184 grad=1.7578 seconds=63.4
Epoch  246/5000: score=12.131068 loss=-0.182030 valid=1.0000 routes=10.233 grad=1.8983 seconds=63.5
Epoch  247/5000: score=11.270451 loss=-0.179182 valid=1.0000 routes=9.917 grad=1.7341 seconds=63.2
Epoch  248/5000: score=11.302905 loss=-0.180893 valid=1.0000 routes=9.552 grad=1.6949 seconds=59.9
Epoch  249/5000: score=11.427018 loss=-0.180314 valid=1.0000 routes=9.611 grad=1.7663 seconds=61.7
Epoch  250/5000: score=11.580402 loss=-0.190388 valid=1.0000 routes=9.606 grad=1.8056 seconds=63.6
Epoch  251/5000: score=11.173933 loss=-0.178355 valid=1.0000 routes=9.396 grad=1.7144 seconds=63.3
Epoch  252/5000: score=11.648725 loss=-0.183263 valid=1.0000 routes=10.012 grad=1.7958 seconds=63.1
Epoch  253/5000: score=11.661903 loss=-0.178212 valid=1.0000 routes=10.274 grad=1.8166 seconds=62.9
Epoch  254/5000: score=11.759988 loss=-0.183159 valid=1.0000 routes=10.535 grad=1.8486 seconds=63.6
Epoch  255/5000: score=12.359979 loss=-0.184013 valid=1.0000 routes=10.793 grad=1.9595 seconds=63.2
Epoch  256/5000: score=11.889683 loss=-0.182144 valid=1.0000 routes=10.131 grad=1.8591 seconds=62.7
Epoch  257/5000: score=11.134294 loss=-0.177115 valid=1.0000 routes=9.314 grad=1.6159 seconds=63.6
Epoch  258/5000: score=11.742559 loss=-0.177280 valid=1.0000 routes=10.065 grad=1.8407 seconds=63.8
Epoch  259/5000: score=11.782923 loss=-0.184082 valid=1.0000 routes=10.425 grad=1.8898 seconds=64.2
Epoch  260/5000: score=11.780870 loss=-0.182791 valid=1.0000 routes=10.377 grad=1.8821 seconds=63.3
Epoch  261/5000: score=11.480961 loss=-0.175974 valid=1.0000 routes=9.850 grad=1.7579 seconds=63.6
Epoch  262/5000: score=11.137048 loss=-0.176753 valid=1.0000 routes=9.235 grad=1.6581 seconds=62.9
Epoch  263/5000: score=11.471529 loss=-0.180436 valid=1.0000 routes=9.797 grad=1.7571 seconds=63.3
Epoch  264/5000: score=11.745798 loss=-0.182867 valid=1.0000 routes=9.637 grad=1.8399 seconds=63.0
Epoch  265/5000: score=12.031361 loss=-0.181897 valid=1.0000 routes=10.027 grad=1.8494 seconds=63.1
Epoch  266/5000: score=10.813520 loss=-0.167733 valid=1.0000 routes=9.748 grad=1.6236 seconds=62.2
Epoch  267/5000: score=11.735793 loss=-0.178914 valid=1.0000 routes=10.333 grad=1.8691 seconds=63.3
Epoch  268/5000: score=11.524770 loss=-0.175223 valid=1.0000 routes=10.205 grad=1.7556 seconds=63.0
Epoch  269/5000: score=11.451504 loss=-0.177348 valid=1.0000 routes=9.857 grad=1.7564 seconds=63.2
Epoch  270/5000: score=11.965434 loss=-0.178038 valid=1.0000 routes=10.292 grad=1.8804 seconds=63.0
Epoch  271/5000: score=11.966256 loss=-0.170970 valid=1.0000 routes=11.011 grad=1.8745 seconds=63.2
Epoch  272/5000: score=11.614103 loss=-0.175694 valid=1.0000 routes=9.866 grad=1.7807 seconds=63.1
Epoch  273/5000: score=11.050037 loss=-0.169056 valid=1.0000 routes=9.762 grad=1.6634 seconds=63.0
Epoch  274/5000: score=11.466644 loss=-0.180104 valid=1.0000 routes=10.174 grad=1.7817 seconds=63.1
Epoch  275/5000: score=11.292345 loss=-0.170064 valid=1.0000 routes=9.771 grad=1.6641 seconds=62.9
Epoch  276/5000: score=11.563604 loss=-0.170507 valid=1.0000 routes=9.530 grad=1.7728 seconds=64.0
Epoch  277/5000: score=11.663362 loss=-0.180090 valid=1.0000 routes=9.651 grad=1.7808 seconds=63.4
Epoch  278/5000: score=11.758828 loss=-0.177123 valid=1.0000 routes=9.940 grad=1.8561 seconds=63.7
Epoch  279/5000: score=11.192624 loss=-0.167948 valid=1.0000 routes=9.724 grad=1.6905 seconds=63.3
Epoch  280/5000: score=11.090588 loss=-0.178896 valid=1.0000 routes=9.412 grad=1.7329 seconds=63.9
Epoch  281/5000: score=11.445598 loss=-0.173689 valid=1.0000 routes=9.719 grad=1.7195 seconds=63.1
Epoch  282/5000: score=11.567733 loss=-0.176355 valid=1.0000 routes=9.518 grad=1.7476 seconds=63.3
Epoch  283/5000: score=11.604437 loss=-0.181463 valid=1.0000 routes=9.321 grad=1.8602 seconds=63.2
Epoch  284/5000: score=11.492511 loss=-0.182208 valid=1.0000 routes=9.598 grad=1.7684 seconds=63.0
Epoch  285/5000: score=11.152925 loss=-0.178538 valid=1.0000 routes=9.645 grad=1.7274 seconds=62.9
Epoch  286/5000: score=11.334018 loss=-0.173414 valid=1.0000 routes=9.794 grad=1.6827 seconds=62.7
Epoch  287/5000: score=11.965693 loss=-0.178092 valid=1.0000 routes=9.935 grad=1.8685 seconds=63.2
Epoch  288/5000: score=11.948817 loss=-0.187131 valid=1.0000 routes=10.127 grad=1.8963 seconds=63.1
Epoch  289/5000: score=11.521920 loss=-0.169710 valid=1.0000 routes=10.031 grad=1.7192 seconds=62.8
Epoch  290/5000: score=11.469352 loss=-0.177739 valid=1.0000 routes=10.004 grad=1.8027 seconds=62.8
Epoch  291/5000: score=11.701775 loss=-0.178059 valid=1.0000 routes=10.039 grad=1.7770 seconds=63.1
Epoch  292/5000: score=11.023970 loss=-0.181525 valid=1.0000 routes=9.437 grad=1.6830 seconds=62.4
Epoch  293/5000: score=11.890834 loss=-0.178862 valid=1.0000 routes=10.404 grad=1.8924 seconds=62.7
Epoch  294/5000: score=11.437108 loss=-0.176453 valid=1.0000 routes=10.258 grad=1.7908 seconds=62.8
Epoch  295/5000: score=10.865413 loss=-0.176978 valid=1.0000 routes=9.131 grad=1.6272 seconds=63.2
Epoch  296/5000: score=11.707947 loss=-0.177644 valid=1.0000 routes=10.145 grad=1.8374 seconds=63.0
Epoch  297/5000: score=11.149542 loss=-0.171496 valid=1.0000 routes=9.656 grad=1.6255 seconds=62.7
Epoch  298/5000: score=11.740886 loss=-0.176446 valid=1.0000 routes=10.331 grad=1.8518 seconds=63.2
Epoch  299/5000: score=12.605640 loss=-0.180817 valid=1.0000 routes=10.418 grad=1.9813 seconds=62.9
Epoch  300/5000: score=11.990820 loss=-0.177506 valid=1.0000 routes=10.235 grad=1.8751 seconds=63.0
Epoch  301/5000: score=11.216087 loss=-0.177054 valid=1.0000 routes=9.906 grad=1.7338 seconds=62.5
Epoch  302/5000: score=11.089171 loss=-0.166920 valid=1.0000 routes=9.573 grad=1.6765 seconds=63.2
Epoch  303/5000: score=11.605575 loss=-0.185470 valid=1.0000 routes=10.137 grad=1.8654 seconds=62.7
Epoch  304/5000: score=11.499092 loss=-0.178958 valid=1.0000 routes=9.951 grad=1.7648 seconds=62.8
Epoch  305/5000: score=11.933897 loss=-0.174342 valid=1.0000 routes=10.135 grad=1.8243 seconds=62.6
Epoch  306/5000: score=11.191773 loss=-0.179572 valid=1.0000 routes=9.329 grad=1.7063 seconds=63.1
Epoch  307/5000: score=11.712230 loss=-0.184155 valid=1.0000 routes=9.635 grad=1.8684 seconds=62.6
Epoch  308/5000: score=11.505659 loss=-0.170746 valid=1.0000 routes=10.124 grad=1.7754 seconds=62.7
Epoch  309/5000: score=10.961067 loss=-0.170745 valid=1.0000 routes=9.452 grad=1.6234 seconds=62.1
Epoch  310/5000: score=10.823711 loss=-0.167327 valid=1.0000 routes=9.607 grad=1.6442 seconds=63.0
Epoch  311/5000: score=12.103537 loss=-0.180255 valid=1.0000 routes=10.132 grad=1.9310 seconds=62.7
Epoch  312/5000: score=11.561656 loss=-0.169592 valid=1.0000 routes=10.366 grad=1.7784 seconds=62.7
Epoch  313/5000: score=11.227218 loss=-0.177364 valid=1.0000 routes=9.890 grad=1.7598 seconds=62.4
Epoch  314/5000: score=11.633312 loss=-0.179383 valid=1.0000 routes=10.180 grad=1.8782 seconds=62.6
Epoch  315/5000: score=11.394556 loss=-0.174831 valid=1.0000 routes=9.796 grad=1.7349 seconds=62.7
Epoch  316/5000: score=11.446460 loss=-0.177950 valid=1.0000 routes=10.114 grad=1.8443 seconds=62.1
Epoch  317/5000: score=11.147540 loss=-0.171575 valid=1.0000 routes=9.546 grad=1.7185 seconds=62.6
Epoch  318/5000: score=11.362728 loss=-0.173730 valid=1.0000 routes=9.596 grad=1.6950 seconds=62.1
Epoch  319/5000: score=11.510672 loss=-0.168957 valid=1.0000 routes=9.892 grad=1.7695 seconds=62.5
Epoch  320/5000: score=11.616235 loss=-0.170004 valid=1.0000 routes=10.486 grad=1.8137 seconds=62.2
Epoch  321/5000: score=11.745653 loss=-0.171953 valid=1.0000 routes=10.149 grad=1.8611 seconds=62.5
Epoch  322/5000: score=10.965409 loss=-0.169553 valid=1.0000 routes=9.435 grad=1.6244 seconds=62.1
Epoch  323/5000: score=11.403042 loss=-0.172188 valid=1.0000 routes=9.626 grad=1.7384 seconds=62.6
Epoch  324/5000: score=11.111435 loss=-0.172105 valid=1.0000 routes=9.424 grad=1.6743 seconds=62.1
Epoch  325/5000: score=11.515046 loss=-0.170109 valid=1.0000 routes=10.572 grad=1.8521 seconds=62.8
Epoch  326/5000: score=11.217215 loss=-0.172860 valid=1.0000 routes=9.960 grad=1.7267 seconds=62.1
Epoch  327/5000: score=11.942815 loss=-0.178535 valid=1.0000 routes=9.986 grad=1.8668 seconds=62.7
Epoch  328/5000: score=11.050034 loss=-0.164269 valid=1.0000 routes=9.768 grad=1.5684 seconds=62.0
Epoch  329/5000: score=11.026311 loss=-0.177446 valid=1.0000 routes=9.342 grad=1.7163 seconds=62.6
Epoch  330/5000: score=11.680005 loss=-0.176169 valid=1.0000 routes=9.511 grad=1.8699 seconds=62.6
Epoch  331/5000: score=11.609770 loss=-0.174952 valid=1.0000 routes=10.312 grad=1.8269 seconds=61.9
Epoch  332/5000: score=11.276934 loss=-0.169271 valid=1.0000 routes=9.759 grad=1.6823 seconds=62.5
Epoch  333/5000: score=11.798038 loss=-0.169740 valid=1.0000 routes=10.469 grad=1.8099 seconds=61.7
Epoch  334/5000: score=11.674024 loss=-0.172213 valid=1.0000 routes=9.893 grad=1.7145 seconds=62.4
Epoch  335/5000: score=11.309378 loss=-0.171503 valid=1.0000 routes=10.075 grad=1.7571 seconds=62.0
Epoch  336/5000: score=11.252502 loss=-0.164292 valid=1.0000 routes=9.512 grad=1.5957 seconds=62.4
Epoch  337/5000: score=11.753959 loss=-0.175887 valid=1.0000 routes=10.612 grad=1.8812 seconds=62.9
Epoch  338/5000: score=11.695803 loss=-0.170873 valid=1.0000 routes=10.223 grad=1.7492 seconds=62.4
Epoch  339/5000: score=11.322619 loss=-0.170785 valid=1.0000 routes=9.994 grad=1.7216 seconds=62.4
Epoch  340/5000: score=11.735445 loss=-0.176774 valid=1.0000 routes=10.382 grad=1.8458 seconds=62.9
Epoch  341/5000: score=11.100372 loss=-0.170775 valid=1.0000 routes=9.658 grad=1.6622 seconds=62.9
Epoch  342/5000: score=11.188674 loss=-0.171925 valid=1.0000 routes=9.793 grad=1.7254 seconds=62.9
Epoch  343/5000: score=12.050008 loss=-0.179406 valid=1.0000 routes=10.230 grad=1.9516 seconds=63.1
Epoch  344/5000: score=11.312951 loss=-0.168095 valid=1.0000 routes=10.746 grad=1.7514 seconds=62.8
Epoch  345/5000: score=11.582879 loss=-0.176218 valid=1.0000 routes=9.731 grad=1.8244 seconds=63.7
Epoch  346/5000: score=11.254837 loss=-0.176064 valid=1.0000 routes=9.514 grad=1.7446 seconds=63.2
Epoch  347/5000: score=11.641754 loss=-0.174568 valid=1.0000 routes=10.259 grad=1.8984 seconds=63.5
Epoch  348/5000: score=11.302775 loss=-0.173875 valid=1.0000 routes=9.273 grad=1.7326 seconds=63.2
Epoch  349/5000: score=11.958095 loss=-0.182711 valid=1.0000 routes=9.776 grad=1.9419 seconds=63.2
Epoch  350/5000: score=11.947822 loss=-0.177804 valid=1.0000 routes=10.405 grad=1.8513 seconds=63.1
Epoch  351/5000: score=11.473942 loss=-0.174076 valid=1.0000 routes=10.014 grad=1.7742 seconds=63.5
Epoch  352/5000: score=11.876569 loss=-0.174881 valid=1.0000 routes=9.918 grad=1.8513 seconds=63.5
Epoch  353/5000: score=11.322752 loss=-0.167514 valid=1.0000 routes=10.004 grad=1.7416 seconds=65.0
Epoch  354/5000: score=11.192059 loss=-0.164640 valid=1.0000 routes=9.980 grad=1.7555 seconds=62.9
Epoch  355/5000: score=11.648574 loss=-0.171716 valid=1.0000 routes=9.885 grad=1.8067 seconds=62.6
Epoch  356/5000: score=10.901465 loss=-0.172382 valid=1.0000 routes=9.527 grad=1.6640 seconds=62.7
Epoch  357/5000: score=11.459837 loss=-0.174377 valid=1.0000 routes=9.383 grad=1.7829 seconds=62.2
Epoch  358/5000: score=12.119927 loss=-0.171847 valid=1.0000 routes=10.749 grad=1.9521 seconds=62.5
Epoch  359/5000: score=11.451775 loss=-0.168546 valid=1.0000 routes=9.591 grad=1.7278 seconds=62.0
Epoch  360/5000: score=11.430066 loss=-0.177026 valid=1.0000 routes=9.583 grad=1.7872 seconds=62.7
Epoch  361/5000: score=11.238269 loss=-0.163392 valid=1.0000 routes=10.145 grad=1.7063 seconds=62.2
Epoch  362/5000: score=11.309945 loss=-0.169185 valid=1.0000 routes=9.766 grad=1.7370 seconds=62.3
Epoch  363/5000: score=11.248774 loss=-0.167235 valid=1.0000 routes=9.993 grad=1.6861 seconds=62.1
Epoch  364/5000: score=11.221316 loss=-0.166046 valid=1.0000 routes=10.005 grad=1.7571 seconds=62.6
Epoch  365/5000: score=11.902692 loss=-0.172634 valid=1.0000 routes=10.075 grad=1.9002 seconds=62.6
Epoch  366/5000: score=11.508031 loss=-0.168285 valid=1.0000 routes=9.591 grad=1.7265 seconds=62.1
Epoch  367/5000: score=11.494421 loss=-0.173313 valid=1.0000 routes=9.893 grad=1.7405 seconds=62.8
Epoch  368/5000: score=11.173809 loss=-0.177368 valid=1.0000 routes=9.691 grad=1.7496 seconds=62.9
Epoch  369/5000: score=11.025817 loss=-0.164409 valid=1.0000 routes=9.963 grad=1.6854 seconds=63.1
Epoch  370/5000: score=11.547094 loss=-0.167417 valid=1.0000 routes=10.060 grad=1.8093 seconds=63.1
Epoch  371/5000: score=11.864792 loss=-0.168408 valid=1.0000 routes=10.123 grad=1.8169 seconds=62.7
Epoch  372/5000: score=10.953483 loss=-0.163512 valid=1.0000 routes=9.399 grad=1.6168 seconds=62.0
Epoch  373/5000: score=11.653187 loss=-0.175573 valid=1.0000 routes=10.521 grad=1.7977 seconds=62.8
Epoch  374/5000: score=11.662193 loss=-0.165768 valid=1.0000 routes=10.157 grad=1.7649 seconds=62.8
Epoch  375/5000: score=11.879247 loss=-0.176892 valid=1.0000 routes=9.922 grad=1.9110 seconds=63.1
Epoch  376/5000: score=11.400478 loss=-0.169816 valid=1.0000 routes=9.894 grad=1.7484 seconds=63.1
Epoch  377/5000: score=11.708315 loss=-0.165956 valid=1.0000 routes=10.421 grad=1.8311 seconds=62.7
Epoch  378/5000: score=11.243763 loss=-0.170724 valid=1.0000 routes=9.475 grad=1.7273 seconds=63.2
Epoch  379/5000: score=11.489724 loss=-0.172040 valid=1.0000 routes=9.746 grad=1.7403 seconds=62.6
Epoch  380/5000: score=11.440484 loss=-0.168144 valid=1.0000 routes=9.997 grad=1.7328 seconds=63.1
Epoch  381/5000: score=11.327254 loss=-0.175909 valid=1.0000 routes=9.506 grad=1.7643 seconds=63.0
Epoch  382/5000: score=11.833530 loss=-0.177744 valid=1.0000 routes=10.136 grad=1.8590 seconds=62.8
Epoch  383/5000: score=12.051371 loss=-0.177190 valid=1.0000 routes=10.848 grad=1.9502 seconds=62.6
Epoch  384/5000: score=11.161015 loss=-0.159042 valid=1.0000 routes=9.658 grad=1.6390 seconds=62.8
Epoch  385/5000: score=11.392342 loss=-0.160458 valid=1.0000 routes=9.963 grad=1.6975 seconds=63.1
Epoch  386/5000: score=11.242046 loss=-0.166590 valid=1.0000 routes=9.842 grad=1.7011 seconds=62.9
Epoch  387/5000: score=11.048338 loss=-0.163845 valid=1.0000 routes=9.581 grad=1.6656 seconds=63.1
Epoch  388/5000: score=11.513063 loss=-0.167110 valid=1.0000 routes=9.634 grad=1.7123 seconds=62.4
Epoch  389/5000: score=11.208019 loss=-0.165294 valid=1.0000 routes=9.860 grad=1.7153 seconds=62.8
Epoch  390/5000: score=10.961890 loss=-0.161255 valid=1.0000 routes=9.819 grad=1.6231 seconds=62.9
Epoch  391/5000: score=11.072972 loss=-0.175739 valid=1.0000 routes=9.190 grad=1.7525 seconds=63.1
Epoch  392/5000: score=11.777620 loss=-0.171058 valid=1.0000 routes=10.334 grad=1.8531 seconds=62.5
Epoch  393/5000: score=11.847054 loss=-0.163287 valid=1.0000 routes=10.376 grad=1.8658 seconds=63.0
Epoch  394/5000: score=11.308184 loss=-0.166314 valid=1.0000 routes=9.696 grad=1.7214 seconds=62.6
Epoch  395/5000: score=11.328823 loss=-0.170548 valid=1.0000 routes=9.592 grad=1.7144 seconds=62.8
Epoch  396/5000: score=11.323940 loss=-0.164452 valid=1.0000 routes=9.745 grad=1.7329 seconds=62.7
Epoch  397/5000: score=11.638800 loss=-0.170657 valid=1.0000 routes=9.792 grad=1.7631 seconds=62.9
Epoch  398/5000: score=11.626752 loss=-0.163772 valid=1.0000 routes=9.831 grad=1.7556 seconds=62.8
Epoch  399/5000: score=11.067966 loss=-0.165184 valid=1.0000 routes=9.210 grad=1.6306 seconds=62.6
Epoch  400/5000: score=11.256121 loss=-0.164191 valid=1.0000 routes=9.591 grad=1.7331 seconds=62.9
Epoch  401/5000: score=11.355982 loss=-0.162186 valid=1.0000 routes=9.849 grad=1.7445 seconds=62.5
Epoch  402/5000: score=11.334959 loss=-0.164303 valid=1.0000 routes=10.287 grad=1.7621 seconds=62.8
Epoch  403/5000: score=11.377001 loss=-0.165861 valid=1.0000 routes=10.052 grad=1.7668 seconds=62.5
Epoch  404/5000: score=11.385425 loss=-0.164887 valid=1.0000 routes=9.980 grad=1.8045 seconds=63.0
Epoch  405/5000: score=11.720014 loss=-0.173611 valid=1.0000 routes=9.841 grad=1.8499 seconds=62.6
Epoch  406/5000: score=11.993108 loss=-0.171513 valid=1.0000 routes=9.587 grad=1.8402 seconds=62.7
Epoch  407/5000: score=11.870339 loss=-0.167023 valid=1.0000 routes=10.296 grad=1.8740 seconds=62.5
Epoch  408/5000: score=11.512289 loss=-0.166873 valid=1.0000 routes=9.912 grad=1.7646 seconds=62.5
Epoch  409/5000: score=11.453149 loss=-0.160529 valid=1.0000 routes=9.878 grad=1.7450 seconds=62.4
Epoch  410/5000: score=10.928226 loss=-0.165971 valid=1.0000 routes=9.189 grad=1.6763 seconds=62.8
Epoch  411/5000: score=11.322833 loss=-0.163322 valid=1.0000 routes=9.854 grad=1.7792 seconds=62.9
Epoch  412/5000: score=11.385027 loss=-0.161768 valid=1.0000 routes=10.270 grad=1.7208 seconds=62.1
Epoch  413/5000: score=11.471101 loss=-0.168181 valid=1.0000 routes=10.015 grad=1.8202 seconds=62.6
Epoch  414/5000: score=11.729295 loss=-0.168795 valid=1.0000 routes=10.420 grad=1.8218 seconds=62.1
Epoch  415/5000: score=11.491980 loss=-0.164620 valid=1.0000 routes=10.211 grad=1.7554 seconds=62.5
Epoch  416/5000: score=11.506459 loss=-0.157699 valid=1.0000 routes=10.086 grad=1.7334 seconds=62.4
Epoch  417/5000: score=11.592368 loss=-0.170421 valid=1.0000 routes=9.656 grad=1.7605 seconds=62.7
Epoch  418/5000: score=11.526127 loss=-0.163809 valid=1.0000 routes=10.336 grad=1.7821 seconds=62.3
Epoch  419/5000: score=10.910887 loss=-0.154215 valid=1.0000 routes=9.551 grad=1.5735 seconds=62.4
Epoch  420/5000: score=11.368598 loss=-0.155363 valid=1.0000 routes=9.875 grad=1.6836 seconds=62.4
Epoch  421/5000: score=11.736665 loss=-0.166730 valid=1.0000 routes=9.727 grad=1.8592 seconds=62.2
Epoch  422/5000: score=11.306858 loss=-0.164336 valid=1.0000 routes=9.694 grad=1.7673 seconds=62.4
Epoch  423/5000: score=11.149965 loss=-0.166279 valid=1.0000 routes=9.555 grad=1.7501 seconds=63.0
Epoch  424/5000: score=11.822634 loss=-0.167945 valid=1.0000 routes=10.025 grad=1.8984 seconds=62.9
Epoch  425/5000: score=11.504360 loss=-0.164053 valid=1.0000 routes=9.656 grad=1.7736 seconds=62.8
Epoch  426/5000: score=11.413966 loss=-0.168402 valid=1.0000 routes=9.629 grad=1.7171 seconds=63.0
Epoch  427/5000: score=10.931923 loss=-0.161508 valid=1.0000 routes=9.294 grad=1.6634 seconds=62.9
Epoch  428/5000: score=12.142947 loss=-0.168130 valid=1.0000 routes=10.440 grad=1.9407 seconds=62.7
Epoch  429/5000: score=11.263175 loss=-0.166230 valid=1.0000 routes=9.476 grad=1.7045 seconds=62.9
Epoch  430/5000: score=11.389851 loss=-0.159541 valid=1.0000 routes=10.089 grad=1.7442 seconds=62.2
Epoch  431/5000: score=11.551140 loss=-0.158098 valid=1.0000 routes=10.191 grad=1.7601 seconds=62.4
Epoch  432/5000: score=11.175553 loss=-0.157617 valid=1.0000 routes=9.929 grad=1.7442 seconds=62.5
Epoch  433/5000: score=11.449330 loss=-0.161405 valid=1.0000 routes=10.155 grad=1.7566 seconds=62.5
Epoch  434/5000: score=11.612811 loss=-0.163351 valid=1.0000 routes=9.930 grad=1.8267 seconds=62.3
Epoch  435/5000: score=11.273455 loss=-0.159831 valid=1.0000 routes=9.573 grad=1.7028 seconds=62.7
Epoch  436/5000: score=11.527492 loss=-0.159890 valid=1.0000 routes=10.053 grad=1.7306 seconds=62.3
Epoch  437/5000: score=11.249629 loss=-0.152879 valid=1.0000 routes=10.139 grad=1.6579 seconds=62.5
Epoch  438/5000: score=10.994461 loss=-0.155495 valid=1.0000 routes=8.904 grad=1.5452 seconds=62.5
Epoch  439/5000: score=11.284201 loss=-0.162564 valid=1.0000 routes=10.046 grad=1.7870 seconds=62.7
Epoch  440/5000: score=12.390339 loss=-0.169917 valid=1.0000 routes=10.629 grad=2.0104 seconds=62.1
Epoch  441/5000: score=11.470786 loss=-0.158104 valid=1.0000 routes=10.309 grad=1.7571 seconds=62.8
Epoch  442/5000: score=11.213871 loss=-0.164882 valid=1.0000 routes=9.724 grad=1.6858 seconds=62.5
Epoch  443/5000: score=11.714846 loss=-0.166276 valid=1.0000 routes=9.862 grad=1.8227 seconds=62.8
Epoch  444/5000: score=11.312274 loss=-0.161053 valid=1.0000 routes=10.062 grad=1.7345 seconds=62.5
Epoch  445/5000: score=11.283390 loss=-0.159974 valid=1.0000 routes=10.028 grad=1.7474 seconds=62.4
Epoch  446/5000: score=11.516943 loss=-0.161528 valid=1.0000 routes=10.166 grad=1.7765 seconds=62.6
Epoch  447/5000: score=11.447282 loss=-0.167435 valid=1.0000 routes=10.089 grad=1.8074 seconds=62.1
Epoch  448/5000: score=11.743859 loss=-0.156944 valid=1.0000 routes=9.736 grad=1.7645 seconds=62.3
Epoch  449/5000: score=11.902271 loss=-0.165979 valid=1.0000 routes=9.782 grad=1.8620 seconds=62.2
Epoch  450/5000: score=11.495110 loss=-0.161737 valid=1.0000 routes=9.989 grad=1.7761 seconds=62.7
Epoch  451/5000: score=11.454315 loss=-0.158947 valid=1.0000 routes=9.730 grad=1.7545 seconds=62.3
Epoch  452/5000: score=11.803269 loss=-0.167599 valid=1.0000 routes=10.063 grad=1.8796 seconds=63.3
Epoch  453/5000: score=11.578609 loss=-0.164518 valid=1.0000 routes=9.503 grad=1.7704 seconds=63.3
Epoch  454/5000: score=11.946739 loss=-0.169213 valid=1.0000 routes=10.518 grad=1.8961 seconds=62.1
Epoch  455/5000: score=11.460598 loss=-0.160842 valid=1.0000 routes=9.991 grad=1.7708 seconds=62.5
Epoch  456/5000: score=11.470393 loss=-0.160147 valid=1.0000 routes=9.943 grad=1.7922 seconds=62.3
Epoch  457/5000: score=11.440008 loss=-0.156190 valid=1.0000 routes=10.156 grad=1.7920 seconds=62.3
Epoch  458/5000: score=11.709670 loss=-0.158098 valid=1.0000 routes=10.056 grad=1.7202 seconds=62.0
Epoch  459/5000: score=11.514772 loss=-0.156396 valid=1.0000 routes=10.309 grad=1.8007 seconds=63.0
Epoch  460/5000: score=11.399221 loss=-0.163438 valid=1.0000 routes=9.194 grad=1.7264 seconds=63.0
Epoch  461/5000: score=11.676095 loss=-0.163780 valid=1.0000 routes=9.909 grad=1.8176 seconds=63.1
Epoch  462/5000: score=11.030819 loss=-0.158131 valid=1.0000 routes=9.771 grad=1.7440 seconds=63.4
Epoch  463/5000: score=11.316884 loss=-0.162087 valid=1.0000 routes=9.444 grad=1.7212 seconds=63.0
Epoch  464/5000: score=11.391334 loss=-0.161994 valid=1.0000 routes=9.253 grad=1.7535 seconds=63.1
Epoch  465/5000: score=11.768925 loss=-0.159131 valid=1.0000 routes=9.859 grad=1.7901 seconds=62.3
Epoch  466/5000: score=11.528924 loss=-0.154744 valid=1.0000 routes=10.374 grad=1.8243 seconds=62.5
Epoch  467/5000: score=11.710845 loss=-0.159912 valid=1.0000 routes=9.991 grad=1.8896 seconds=62.5
Epoch  468/5000: score=11.961664 loss=-0.157360 valid=1.0000 routes=10.615 grad=1.8953 seconds=62.7
Epoch  469/5000: score=11.628302 loss=-0.159032 valid=1.0000 routes=10.446 grad=1.8248 seconds=62.6
Epoch  470/5000: score=12.625969 loss=-0.166354 valid=1.0000 routes=10.572 grad=1.9981 seconds=62.9
Epoch  471/5000: score=12.026743 loss=-0.156803 valid=1.0000 routes=10.030 grad=1.8777 seconds=62.4
Epoch  472/5000: score=11.424012 loss=-0.147660 valid=1.0000 routes=9.770 grad=1.6813 seconds=62.6
Epoch  473/5000: score=11.456279 loss=-0.154756 valid=1.0000 routes=9.679 grad=1.6900 seconds=62.6
Epoch  474/5000: score=11.317507 loss=-0.153733 valid=1.0000 routes=9.727 grad=1.6575 seconds=62.8
Epoch  475/5000: score=11.554856 loss=-0.154135 valid=1.0000 routes=9.512 grad=1.7764 seconds=63.3
Epoch  476/5000: score=11.696504 loss=-0.163446 valid=1.0000 routes=9.822 grad=1.8871 seconds=63.1
Epoch  477/5000: score=11.456176 loss=-0.176503 valid=1.0000 routes=9.581 grad=1.8315 seconds=63.2
Epoch  478/5000: score=10.787474 loss=-0.157537 valid=1.0000 routes=8.660 grad=1.5590 seconds=63.2
Epoch  479/5000: score=11.427313 loss=-0.161854 valid=1.0000 routes=10.060 grad=1.7768 seconds=62.7
Epoch  480/5000: score=11.743487 loss=-0.153081 valid=1.0000 routes=10.227 grad=1.8015 seconds=62.7
Epoch  481/5000: score=12.181259 loss=-0.159163 valid=1.0000 routes=10.792 grad=1.9382 seconds=62.9
Epoch  482/5000: score=10.948222 loss=-0.153994 valid=1.0000 routes=9.893 grad=1.6501 seconds=62.8
Epoch  483/5000: score=11.252927 loss=-0.155500 valid=1.0000 routes=9.183 grad=1.6561 seconds=62.8
Epoch  484/5000: score=11.112212 loss=-0.150346 valid=1.0000 routes=10.005 grad=1.6997 seconds=62.2
Epoch  485/5000: score=11.771092 loss=-0.158432 valid=1.0000 routes=10.676 grad=1.8823 seconds=62.5
Epoch  486/5000: score=11.694522 loss=-0.161929 valid=1.0000 routes=10.202 grad=1.8476 seconds=62.4
Epoch  487/5000: score=11.644521 loss=-0.162657 valid=1.0000 routes=10.144 grad=1.8481 seconds=62.7
Epoch  488/5000: score=11.400741 loss=-0.151720 valid=1.0000 routes=10.059 grad=1.7629 seconds=62.5
Epoch  489/5000: score=11.310053 loss=-0.153659 valid=1.0000 routes=9.849 grad=1.6774 seconds=62.6
Epoch  490/5000: score=11.796078 loss=-0.160642 valid=1.0000 routes=10.062 grad=1.9142 seconds=63.1
Epoch  491/5000: score=11.176211 loss=-0.158609 valid=1.0000 routes=9.486 grad=1.7429 seconds=62.6
Epoch  492/5000: score=11.502023 loss=-0.149805 valid=1.0000 routes=10.387 grad=1.7703 seconds=62.9
Epoch  493/5000: score=11.661458 loss=-0.158438 valid=1.0000 routes=10.024 grad=1.8499 seconds=62.7
Epoch  494/5000: score=11.672499 loss=-0.158272 valid=1.0000 routes=10.052 grad=1.8238 seconds=62.8
Epoch  495/5000: score=11.309115 loss=-0.164712 valid=1.0000 routes=9.728 grad=1.7660 seconds=62.5
Epoch  496/5000: score=11.801002 loss=-0.160676 valid=1.0000 routes=10.005 grad=1.8742 seconds=62.9
Epoch  497/5000: score=11.669754 loss=-0.158828 valid=1.0000 routes=10.130 grad=1.8183 seconds=62.7
Epoch  498/5000: score=11.739699 loss=-0.159795 valid=1.0000 routes=9.514 grad=1.8015 seconds=62.2
Epoch  499/5000: score=11.703174 loss=-0.153225 valid=1.0000 routes=10.685 grad=1.8635 seconds=62.6
Epoch  500/5000: score=11.245091 loss=-0.151769 valid=1.0000 routes=9.541 grad=1.6718 seconds=62.8
Epoch  501/5000: score=11.706859 loss=-0.150414 valid=1.0000 routes=10.404 grad=1.8051 seconds=62.9
Epoch  502/5000: score=11.146616 loss=-0.154611 valid=1.0000 routes=9.847 grad=1.6613 seconds=62.6
Epoch  503/5000: score=11.993074 loss=-0.158288 valid=1.0000 routes=10.589 grad=1.9332 seconds=63.1
Epoch  504/5000: score=11.647156 loss=-0.160868 valid=1.0000 routes=9.767 grad=1.7997 seconds=63.0
Epoch  505/5000: score=12.026760 loss=-0.160098 valid=1.0000 routes=10.007 grad=1.9012 seconds=62.8
Epoch  506/5000: score=11.164391 loss=-0.162431 valid=1.0000 routes=9.460 grad=1.7247 seconds=62.7
Epoch  507/5000: score=11.672510 loss=-0.155111 valid=1.0000 routes=10.491 grad=1.8871 seconds=62.9
Epoch  508/5000: score=11.493492 loss=-0.150524 valid=1.0000 routes=10.318 grad=1.8062 seconds=62.7
Epoch  509/5000: score=11.494813 loss=-0.147367 valid=1.0000 routes=10.211 grad=1.7178 seconds=62.6
Epoch  510/5000: score=11.543804 loss=-0.154121 valid=1.0000 routes=10.490 grad=1.8292 seconds=62.4
Epoch  511/5000: score=11.744865 loss=-0.160508 valid=1.0000 routes=9.962 grad=1.8800 seconds=62.5
Epoch  512/5000: score=11.796237 loss=-0.152317 valid=1.0000 routes=10.706 grad=1.8360 seconds=62.2
Epoch  513/5000: score=11.645034 loss=-0.155705 valid=1.0000 routes=9.803 grad=1.8044 seconds=62.6
Epoch  514/5000: score=11.416273 loss=-0.156266 valid=1.0000 routes=9.720 grad=1.7916 seconds=62.8
Epoch  515/5000: score=11.727261 loss=-0.156130 valid=1.0000 routes=9.934 grad=1.7481 seconds=62.7
Epoch  516/5000: score=11.454317 loss=-0.154425 valid=1.0000 routes=9.845 grad=1.7381 seconds=62.9
Epoch  517/5000: score=10.802461 loss=-0.150584 valid=1.0000 routes=9.515 grad=1.6365 seconds=63.0
Epoch  518/5000: score=11.609643 loss=-0.155310 valid=1.0000 routes=10.224 grad=1.8045 seconds=63.3
Epoch  519/5000: score=11.577582 loss=-0.153283 valid=1.0000 routes=9.907 grad=1.7621 seconds=62.7
Epoch  520/5000: score=11.802355 loss=-0.161423 valid=1.0000 routes=9.850 grad=1.8444 seconds=63.6
Epoch  521/5000: score=11.285379 loss=-0.159015 valid=1.0000 routes=9.487 grad=1.7703 seconds=63.4
Epoch  522/5000: score=11.593119 loss=-0.156153 valid=1.0000 routes=9.535 grad=1.7488 seconds=63.3
Epoch  523/5000: score=11.473447 loss=-0.155334 valid=1.0000 routes=10.590 grad=1.8517 seconds=62.9
Epoch  524/5000: score=11.666126 loss=-0.153261 valid=1.0000 routes=9.908 grad=1.8026 seconds=62.5
Epoch  525/5000: score=11.815553 loss=-0.152845 valid=1.0000 routes=10.233 grad=1.8544 seconds=62.6
Epoch  526/5000: score=11.017620 loss=-0.154398 valid=1.0000 routes=10.083 grad=1.7221 seconds=62.4
Epoch  527/5000: score=11.347863 loss=-0.152511 valid=1.0000 routes=9.808 grad=1.7444 seconds=62.6
Epoch  528/5000: score=11.415125 loss=-0.161559 valid=1.0000 routes=9.539 grad=1.7611 seconds=62.6
Epoch  529/5000: score=11.465704 loss=-0.145055 valid=1.0000 routes=9.935 grad=1.6869 seconds=62.5
Epoch  530/5000: score=11.777408 loss=-0.157990 valid=1.0000 routes=9.212 grad=1.7961 seconds=62.3
Epoch  531/5000: score=11.870671 loss=-0.163043 valid=1.0000 routes=10.508 grad=1.8607 seconds=62.8
Epoch  532/5000: score=12.024300 loss=-0.158328 valid=1.0000 routes=10.309 grad=1.9211 seconds=62.7
Epoch  533/5000: score=11.551300 loss=-0.157606 valid=1.0000 routes=9.991 grad=1.7990 seconds=62.6
Epoch  534/5000: score=11.009870 loss=-0.150758 valid=1.0000 routes=9.777 grad=1.7140 seconds=62.6
Epoch  535/5000: score=11.301227 loss=-0.159962 valid=1.0000 routes=9.648 grad=1.7576 seconds=62.6
Epoch  536/5000: score=11.704795 loss=-0.145909 valid=1.0000 routes=10.204 grad=1.7946 seconds=62.8
Epoch  537/5000: score=11.394345 loss=-0.154159 valid=1.0000 routes=9.411 grad=1.7375 seconds=62.4
Epoch  538/5000: score=11.381905 loss=-0.157408 valid=1.0000 routes=9.818 grad=1.6884 seconds=62.4
Epoch  539/5000: score=11.388248 loss=-0.157156 valid=1.0000 routes=10.061 grad=1.8082 seconds=62.7
Epoch  540/5000: score=11.539656 loss=-0.151422 valid=1.0000 routes=9.610 grad=1.7333 seconds=63.0
Epoch  541/5000: score=11.695545 loss=-0.151628 valid=1.0000 routes=9.912 grad=1.8488 seconds=62.7
Epoch  542/5000: score=11.627184 loss=-0.158737 valid=1.0000 routes=9.504 grad=1.7743 seconds=62.7
Epoch  543/5000: score=11.229789 loss=-0.147109 valid=1.0000 routes=10.194 grad=1.7529 seconds=62.8
Epoch  544/5000: score=11.644858 loss=-0.154896 valid=1.0000 routes=9.801 grad=1.7987 seconds=62.8
Epoch  545/5000: score=11.314510 loss=-0.149686 valid=1.0000 routes=9.339 grad=1.6654 seconds=62.8
Epoch  546/5000: score=11.699532 loss=-0.147690 valid=1.0000 routes=10.294 grad=1.7962 seconds=62.5
Epoch  547/5000: score=11.366516 loss=-0.152995 valid=1.0000 routes=9.460 grad=1.6992 seconds=63.0
Epoch  548/5000: score=11.985558 loss=-0.154366 valid=1.0000 routes=10.886 grad=1.9204 seconds=62.6
Epoch  549/5000: score=11.042784 loss=-0.155760 valid=1.0000 routes=9.284 grad=1.7066 seconds=63.2
Epoch  550/5000: score=11.929802 loss=-0.149446 valid=1.0000 routes=10.457 grad=1.8958 seconds=63.0
Epoch  551/5000: score=12.056893 loss=-0.156642 valid=1.0000 routes=10.237 grad=1.9007 seconds=62.7
Epoch  552/5000: score=11.664947 loss=-0.147240 valid=1.0000 routes=9.956 grad=1.8048 seconds=62.4
Epoch  553/5000: score=11.301739 loss=-0.151125 valid=1.0000 routes=10.037 grad=1.7555 seconds=62.6
Epoch  554/5000: score=11.451357 loss=-0.151115 valid=1.0000 routes=10.030 grad=1.8182 seconds=62.9
Epoch  555/5000: score=11.342002 loss=-0.155567 valid=1.0000 routes=9.748 grad=1.7734 seconds=63.3
Epoch  556/5000: score=11.122251 loss=-0.148121 valid=1.0000 routes=9.391 grad=1.6244 seconds=63.0
Epoch  557/5000: score=11.495308 loss=-0.148125 valid=1.0000 routes=10.533 grad=1.8363 seconds=63.0
Epoch  558/5000: score=11.237654 loss=-0.147180 valid=1.0000 routes=9.828 grad=1.7014 seconds=62.8
Epoch  559/5000: score=11.302196 loss=-0.151702 valid=1.0000 routes=9.258 grad=1.7017 seconds=63.1
Epoch  560/5000: score=12.210686 loss=-0.159331 valid=1.0000 routes=10.509 grad=1.9347 seconds=62.9
Epoch  561/5000: score=11.202605 loss=-0.148318 valid=1.0000 routes=9.858 grad=1.7217 seconds=62.7
Epoch  562/5000: score=11.004398 loss=-0.144249 valid=1.0000 routes=9.634 grad=1.6631 seconds=63.2
Epoch  563/5000: score=11.198661 loss=-0.146006 valid=1.0000 routes=10.046 grad=1.6848 seconds=62.7
Epoch  564/5000: score=10.923413 loss=-0.143943 valid=1.0000 routes=9.973 grad=1.6418 seconds=62.9
Epoch  565/5000: score=11.667448 loss=-0.153388 valid=1.0000 routes=10.374 grad=1.8316 seconds=62.8
Epoch  566/5000: score=11.561302 loss=-0.154007 valid=1.0000 routes=9.973 grad=1.7719 seconds=63.4
Epoch  567/5000: score=11.570760 loss=-0.151992 valid=1.0000 routes=10.207 grad=1.7340 seconds=62.8
Epoch  568/5000: score=11.853222 loss=-0.149411 valid=1.0000 routes=10.537 grad=1.9247 seconds=62.9
Epoch  569/5000: score=11.537452 loss=-0.153661 valid=1.0000 routes=9.683 grad=1.7931 seconds=62.3
Epoch  570/5000: score=11.692171 loss=-0.149687 valid=1.0000 routes=9.849 grad=1.7532 seconds=62.0
Epoch  571/5000: score=11.215007 loss=-0.157215 valid=1.0000 routes=9.683 grad=1.7978 seconds=62.6
Epoch  572/5000: score=11.042404 loss=-0.152495 valid=1.0000 routes=8.934 grad=1.5847 seconds=61.9
Epoch  573/5000: score=11.275408 loss=-0.149167 valid=1.0000 routes=9.925 grad=1.6769 seconds=62.4
Epoch  574/5000: score=10.936312 loss=-0.148702 valid=1.0000 routes=9.717 grad=1.6795 seconds=62.2
Epoch  575/5000: score=11.095035 loss=-0.145645 valid=1.0000 routes=9.686 grad=1.6610 seconds=62.2
Epoch  576/5000: score=11.615522 loss=-0.147452 valid=1.0000 routes=10.083 grad=1.7938 seconds=62.7
Epoch  577/5000: score=11.426006 loss=-0.148682 valid=1.0000 routes=10.087 grad=1.7385 seconds=62.4
Epoch  578/5000: score=11.835422 loss=-0.157372 valid=1.0000 routes=10.198 grad=1.8561 seconds=62.3
Epoch  579/5000: score=10.721071 loss=-0.144852 valid=1.0000 routes=9.306 grad=1.6193 seconds=62.8
Epoch  580/5000: score=11.014020 loss=-0.150296 valid=1.0000 routes=9.984 grad=1.7766 seconds=62.9
Epoch  581/5000: score=12.050670 loss=-0.160636 valid=1.0000 routes=10.044 grad=1.9485 seconds=62.0
Epoch  582/5000: score=11.701393 loss=-0.148820 valid=1.0000 routes=10.213 grad=1.8261 seconds=62.4
Epoch  583/5000: score=11.858981 loss=-0.152826 valid=1.0000 routes=9.959 grad=1.8309 seconds=62.1
Epoch  584/5000: score=11.122441 loss=-0.154534 valid=1.0000 routes=8.969 grad=1.6519 seconds=66.6
Epoch  585/5000: score=11.033014 loss=-0.149048 valid=1.0000 routes=9.801 grad=1.7115 seconds=66.5
Epoch  586/5000: score=12.187753 loss=-0.151040 valid=1.0000 routes=11.057 grad=1.9487 seconds=66.7
Epoch  587/5000: score=11.263906 loss=-0.147441 valid=1.0000 routes=9.605 grad=1.7055 seconds=66.8
Epoch  588/5000: score=11.256829 loss=-0.145841 valid=1.0000 routes=9.594 grad=1.6319 seconds=66.0
Epoch  589/5000: score=11.628839 loss=-0.149485 valid=1.0000 routes=9.781 grad=1.8003 seconds=66.5
Epoch  590/5000: score=10.926571 loss=-0.146211 valid=1.0000 routes=9.175 grad=1.5807 seconds=62.5
Epoch  591/5000: score=11.464322 loss=-0.147157 valid=1.0000 routes=9.900 grad=1.7991 seconds=66.4
Epoch  592/5000: score=11.455694 loss=-0.154429 valid=1.0000 routes=9.693 grad=1.7491 seconds=66.2
Epoch  593/5000: score=11.407310 loss=-0.143467 valid=1.0000 routes=10.071 grad=1.7040 seconds=66.1
Epoch  594/5000: score=11.733544 loss=-0.142519 valid=1.0000 routes=10.221 grad=1.7749 seconds=66.0
Epoch  595/5000: score=11.430824 loss=-0.143446 valid=1.0000 routes=10.179 grad=1.7413 seconds=66.8
Epoch  596/5000: score=12.157361 loss=-0.155388 valid=1.0000 routes=10.452 grad=1.9847 seconds=66.4
Epoch  597/5000: score=11.450342 loss=-0.156346 valid=1.0000 routes=9.846 grad=1.7944 seconds=66.2
Epoch  598/5000: score=11.523065 loss=-0.152646 valid=1.0000 routes=10.034 grad=1.7760 seconds=66.8
Epoch  599/5000: score=11.200578 loss=-0.152214 valid=1.0000 routes=9.559 grad=1.7221 seconds=66.3
Epoch  600/5000: score=11.817032 loss=-0.156243 valid=1.0000 routes=9.376 grad=1.8217 seconds=66.7
Epoch  601/5000: score=11.524550 loss=-0.144987 valid=1.0000 routes=9.720 grad=1.7519 seconds=66.2
Epoch  602/5000: score=11.554911 loss=-0.146135 valid=1.0000 routes=9.569 grad=1.7082 seconds=66.4
Epoch  603/5000: score=11.567240 loss=-0.146482 valid=1.0000 routes=9.891 grad=1.7025 seconds=66.3
Epoch  604/5000: score=11.824509 loss=-0.144325 valid=1.0000 routes=9.890 grad=1.7663 seconds=65.9
Epoch  605/5000: score=11.580674 loss=-0.152557 valid=1.0000 routes=9.741 grad=1.7182 seconds=66.3
Epoch  606/5000: score=11.416152 loss=-0.150725 valid=1.0000 routes=9.483 grad=1.7303 seconds=66.0
Epoch  607/5000: score=11.322878 loss=-0.144306 valid=1.0000 routes=10.463 grad=1.7423 seconds=67.1
Epoch  608/5000: score=11.861658 loss=-0.142755 valid=1.0000 routes=10.459 grad=1.8095 seconds=66.4
Epoch  609/5000: score=11.318694 loss=-0.147091 valid=1.0000 routes=9.865 grad=1.7520 seconds=66.7
Epoch  610/5000: score=11.269477 loss=-0.146890 valid=1.0000 routes=9.570 grad=1.7566 seconds=66.6
Epoch  611/5000: score=11.459262 loss=-0.155825 valid=1.0000 routes=9.814 grad=1.7833 seconds=66.6
Epoch  612/5000: score=11.730395 loss=-0.145081 valid=1.0000 routes=9.993 grad=1.7933 seconds=67.1
Epoch  613/5000: score=12.208463 loss=-0.154398 valid=1.0000 routes=10.036 grad=1.8987 seconds=65.9
Epoch  614/5000: score=11.317898 loss=-0.151652 valid=1.0000 routes=9.746 grad=1.7275 seconds=66.9
Epoch  615/5000: score=11.415278 loss=-0.146223 valid=1.0000 routes=9.696 grad=1.7027 seconds=66.5
Epoch  616/5000: score=11.173366 loss=-0.150597 valid=1.0000 routes=9.603 grad=1.7682 seconds=67.0
Epoch  617/5000: score=11.869903 loss=-0.158614 valid=1.0000 routes=9.693 grad=1.8574 seconds=66.5
Epoch  618/5000: score=11.567196 loss=-0.144204 valid=1.0000 routes=9.459 grad=1.7032 seconds=65.6
Epoch  619/5000: score=11.491068 loss=-0.147975 valid=1.0000 routes=9.236 grad=1.7050 seconds=66.4
Epoch  620/5000: score=10.956986 loss=-0.146224 valid=1.0000 routes=9.429 grad=1.6135 seconds=65.6
Epoch  621/5000: score=11.924646 loss=-0.152340 valid=1.0000 routes=10.577 grad=1.9901 seconds=66.0
Epoch  622/5000: score=11.242612 loss=-0.144408 valid=1.0000 routes=10.154 grad=1.7717 seconds=65.9
Epoch  623/5000: score=11.645291 loss=-0.157679 valid=1.0000 routes=9.576 grad=1.8555 seconds=66.6
Epoch  624/5000: score=11.647167 loss=-0.150288 valid=1.0000 routes=9.771 grad=1.7524 seconds=66.0
Epoch  625/5000: score=11.655102 loss=-0.149673 valid=1.0000 routes=10.068 grad=1.8259 seconds=66.2
Epoch  626/5000: score=11.146333 loss=-0.150667 valid=1.0000 routes=9.195 grad=1.6786 seconds=66.6
Epoch  627/5000: score=11.840522 loss=-0.146517 valid=1.0000 routes=10.005 grad=1.8062 seconds=65.5
Epoch  628/5000: score=11.509401 loss=-0.138130 valid=1.0000 routes=10.264 grad=1.7727 seconds=66.4
Epoch  629/5000: score=12.181490 loss=-0.155691 valid=1.0000 routes=10.028 grad=1.9361 seconds=66.1
Epoch  630/5000: score=11.291087 loss=-0.156187 valid=1.0000 routes=9.438 grad=1.7487 seconds=66.6
Epoch  631/5000: score=11.439772 loss=-0.148378 valid=1.0000 routes=10.217 grad=1.8197 seconds=66.2
Epoch  632/5000: score=11.590061 loss=-0.142985 valid=1.0000 routes=10.669 grad=1.8141 seconds=66.3
Epoch  633/5000: score=11.475563 loss=-0.145957 valid=1.0000 routes=9.646 grad=1.7554 seconds=67.2
Epoch  634/5000: score=11.005411 loss=-0.144697 valid=1.0000 routes=8.669 grad=1.5897 seconds=66.4
Epoch  635/5000: score=11.981787 loss=-0.143486 valid=1.0000 routes=10.434 grad=1.8373 seconds=66.7
Epoch  636/5000: score=11.178676 loss=-0.146509 valid=1.0000 routes=9.517 grad=1.6836 seconds=66.4
Epoch  637/5000: score=11.547337 loss=-0.149603 valid=1.0000 routes=9.749 grad=1.8259 seconds=66.5
Epoch  638/5000: score=11.783942 loss=-0.155682 valid=1.0000 routes=10.487 grad=1.8731 seconds=66.2
Epoch  639/5000: score=11.675450 loss=-0.150593 valid=1.0000 routes=9.716 grad=1.7970 seconds=66.2
Epoch  640/5000: score=11.687906 loss=-0.149385 valid=1.0000 routes=9.846 grad=1.7930 seconds=66.5
Epoch  641/5000: score=11.490229 loss=-0.144941 valid=1.0000 routes=10.188 grad=1.7978 seconds=65.7
Epoch  642/5000: score=11.635965 loss=-0.146855 valid=1.0000 routes=10.169 grad=1.8626 seconds=66.3
Epoch  643/5000: score=11.435591 loss=-0.147107 valid=1.0000 routes=9.795 grad=1.7662 seconds=65.7
Epoch  644/5000: score=11.371623 loss=-0.149336 valid=1.0000 routes=10.124 grad=1.7816 seconds=66.0
Epoch  645/5000: score=11.574438 loss=-0.142271 valid=1.0000 routes=10.008 grad=1.7367 seconds=65.6
Epoch  646/5000: score=11.713202 loss=-0.154654 valid=1.0000 routes=9.981 grad=1.8377 seconds=66.3
Epoch  647/5000: score=11.074349 loss=-0.147097 valid=1.0000 routes=10.006 grad=1.6837 seconds=66.3
Epoch  648/5000: score=11.455758 loss=-0.147956 valid=1.0000 routes=9.868 grad=1.7439 seconds=65.8
Epoch  649/5000: score=11.743454 loss=-0.142801 valid=1.0000 routes=10.570 grad=1.8767 seconds=66.4
Epoch  650/5000: score=11.574951 loss=-0.146365 valid=1.0000 routes=10.517 grad=1.9254 seconds=66.3
Epoch  651/5000: score=11.329611 loss=-0.154911 valid=1.0000 routes=9.327 grad=1.6831 seconds=66.4
Epoch  652/5000: score=11.282616 loss=-0.146388 valid=1.0000 routes=9.366 grad=1.6914 seconds=66.0
Epoch  653/5000: score=11.307865 loss=-0.150662 valid=1.0000 routes=9.580 grad=1.7584 seconds=66.4
Epoch  654/5000: score=12.604221 loss=-0.158378 valid=1.0000 routes=10.319 grad=2.0269 seconds=66.3
Epoch  655/5000: score=11.434982 loss=-0.140402 valid=1.0000 routes=9.757 grad=1.7174 seconds=66.2
Epoch  656/5000: score=11.218384 loss=-0.143942 valid=1.0000 routes=9.597 grad=1.7218 seconds=63.5
Epoch  657/5000: score=11.673856 loss=-0.146416 valid=1.0000 routes=10.412 grad=1.8218 seconds=65.8
Epoch  658/5000: score=11.254100 loss=-0.143524 valid=1.0000 routes=9.460 grad=1.6830 seconds=66.4
Epoch  659/5000: score=11.421279 loss=-0.139960 valid=1.0000 routes=10.172 grad=1.7371 seconds=65.9
Epoch  660/5000: score=11.121741 loss=-0.140810 valid=1.0000 routes=10.167 grad=1.6958 seconds=66.9
Epoch  661/5000: score=10.999852 loss=-0.150631 valid=1.0000 routes=9.064 grad=1.7164 seconds=66.8
Epoch  662/5000: score=11.375490 loss=-0.139132 valid=1.0000 routes=9.968 grad=1.6958 seconds=66.1
Epoch  663/5000: score=11.355531 loss=-0.146270 valid=1.0000 routes=10.047 grad=1.7126 seconds=66.5
Epoch  664/5000: score=11.151150 loss=-0.141608 valid=1.0000 routes=9.309 grad=1.6696 seconds=65.9
Epoch  665/5000: score=11.512509 loss=-0.143631 valid=1.0000 routes=9.791 grad=1.7933 seconds=66.6
Epoch  666/5000: score=11.580100 loss=-0.143485 valid=1.0000 routes=10.092 grad=1.7976 seconds=66.3
Epoch  667/5000: score=11.449347 loss=-0.141569 valid=1.0000 routes=10.020 grad=1.7200 seconds=66.1
Epoch  668/5000: score=11.952552 loss=-0.142233 valid=1.0000 routes=10.327 grad=1.8583 seconds=66.0
Epoch  669/5000: score=11.445970 loss=-0.134201 valid=1.0000 routes=10.537 grad=1.7445 seconds=65.7
Epoch  670/5000: score=11.763469 loss=-0.142651 valid=1.0000 routes=10.280 grad=1.7942 seconds=66.3
Epoch  671/5000: score=11.127750 loss=-0.143617 valid=1.0000 routes=9.893 grad=1.7734 seconds=66.3
Epoch  672/5000: score=11.331613 loss=-0.138117 valid=1.0000 routes=9.769 grad=1.6702 seconds=66.5
Epoch  673/5000: score=11.524525 loss=-0.143609 valid=1.0000 routes=10.169 grad=1.8040 seconds=66.4
Epoch  674/5000: score=11.136769 loss=-0.144171 valid=1.0000 routes=9.905 grad=1.6917 seconds=66.5
Epoch  675/5000: score=11.035648 loss=-0.141933 valid=1.0000 routes=9.260 grad=1.6808 seconds=66.2
Epoch  676/5000: score=11.451842 loss=-0.145301 valid=1.0000 routes=9.718 grad=1.7399 seconds=66.2
Epoch  677/5000: score=11.757404 loss=-0.144651 valid=1.0000 routes=10.460 grad=1.8472 seconds=66.3
Epoch  678/5000: score=11.973806 loss=-0.139947 valid=1.0000 routes=11.067 grad=1.8581 seconds=66.1
Epoch  679/5000: score=11.054575 loss=-0.138091 valid=1.0000 routes=9.409 grad=1.6396 seconds=66.4
Epoch  680/5000: score=11.951714 loss=-0.145494 valid=1.0000 routes=9.948 grad=1.8069 seconds=62.5
Epoch  681/5000: score=11.076901 loss=-0.146784 valid=1.0000 routes=9.369 grad=1.6776 seconds=61.4
Epoch  682/5000: score=11.363351 loss=-0.138624 valid=1.0000 routes=9.940 grad=1.7011 seconds=61.0
Epoch  683/5000: score=11.396931 loss=-0.141578 valid=1.0000 routes=9.517 grad=1.7455 seconds=61.6
Epoch  684/5000: score=12.033001 loss=-0.146635 valid=1.0000 routes=9.849 grad=1.8259 seconds=61.1
Epoch  685/5000: score=11.715851 loss=-0.147500 valid=1.0000 routes=10.494 grad=1.9149 seconds=61.4
Epoch  686/5000: score=11.174799 loss=-0.140643 valid=1.0000 routes=9.928 grad=1.6916 seconds=61.0
Epoch  687/5000: score=11.301076 loss=-0.145529 valid=1.0000 routes=10.054 grad=1.7435 seconds=61.2
Epoch  688/5000: score=11.876974 loss=-0.141222 valid=1.0000 routes=10.416 grad=1.8679 seconds=61.2
Epoch  689/5000: score=11.721991 loss=-0.151411 valid=1.0000 routes=9.812 grad=1.8464 seconds=62.1
Epoch  690/5000: score=11.732206 loss=-0.145759 valid=1.0000 routes=10.099 grad=1.8370 seconds=66.4
Epoch  691/5000: score=11.373928 loss=-0.140670 valid=1.0000 routes=9.415 grad=1.6670 seconds=66.3
Epoch  692/5000: score=11.450165 loss=-0.141397 valid=1.0000 routes=9.848 grad=1.7147 seconds=67.3
Epoch  693/5000: score=11.507483 loss=-0.144877 valid=1.0000 routes=9.757 grad=1.7567 seconds=66.2
Epoch  694/5000: score=11.055719 loss=-0.135893 valid=1.0000 routes=9.608 grad=1.6187 seconds=66.2
Epoch  695/5000: score=11.560525 loss=-0.142138 valid=1.0000 routes=9.812 grad=1.7706 seconds=65.7
Epoch  696/5000: score=11.626238 loss=-0.144658 valid=1.0000 routes=9.536 grad=1.8236 seconds=66.3
Epoch  697/5000: score=11.654502 loss=-0.141467 valid=1.0000 routes=9.670 grad=1.7083 seconds=66.1
Epoch  698/5000: score=11.517532 loss=-0.139284 valid=1.0000 routes=10.366 grad=1.7525 seconds=66.0
Epoch  699/5000: score=11.266723 loss=-0.143648 valid=1.0000 routes=9.388 grad=1.6751 seconds=66.6
Epoch  700/5000: score=11.475335 loss=-0.136204 valid=1.0000 routes=10.288 grad=1.7868 seconds=65.8
Epoch  701/5000: score=11.402343 loss=-0.143649 valid=1.0000 routes=9.875 grad=1.7354 seconds=66.4
Epoch  702/5000: score=11.196781 loss=-0.137459 valid=1.0000 routes=9.998 grad=1.7183 seconds=66.2
Epoch  703/5000: score=11.872970 loss=-0.144681 valid=1.0000 routes=10.480 grad=1.8598 seconds=66.6
Epoch  704/5000: score=11.645467 loss=-0.151178 valid=1.0000 routes=9.479 grad=1.7761 seconds=66.7
Epoch  705/5000: score=12.211829 loss=-0.144046 valid=1.0000 routes=10.688 grad=1.8949 seconds=65.9
Epoch  706/5000: score=11.254861 loss=-0.148900 valid=1.0000 routes=9.500 grad=1.7248 seconds=66.8
Epoch  707/5000: score=12.064968 loss=-0.142538 valid=1.0000 routes=10.267 grad=1.8168 seconds=65.4
Epoch  708/5000: score=11.519516 loss=-0.143898 valid=1.0000 routes=10.006 grad=1.7808 seconds=67.1
Epoch  709/5000: score=11.837547 loss=-0.139221 valid=1.0000 routes=10.289 grad=1.8279 seconds=66.5
Epoch  710/5000: score=11.351226 loss=-0.145214 valid=1.0000 routes=9.919 grad=1.7745 seconds=66.7
Epoch  711/5000: score=11.787650 loss=-0.146366 valid=1.0000 routes=9.826 grad=1.8267 seconds=67.0
Epoch  712/5000: score=11.724173 loss=-0.143914 valid=1.0000 routes=10.302 grad=1.8107 seconds=66.8
Epoch  713/5000: score=11.226330 loss=-0.145306 valid=1.0000 routes=9.600 grad=1.7180 seconds=66.8
Epoch  714/5000: score=11.434379 loss=-0.145980 valid=1.0000 routes=9.782 grad=1.7242 seconds=65.9
Epoch  715/5000: score=11.106909 loss=-0.136337 valid=1.0000 routes=9.578 grad=1.5975 seconds=67.1
Epoch  716/5000: score=11.328198 loss=-0.138680 valid=1.0000 routes=9.770 grad=1.6599 seconds=66.5
Epoch  717/5000: score=11.244074 loss=-0.137698 valid=1.0000 routes=9.354 grad=1.6616 seconds=66.7
Epoch  718/5000: score=10.943625 loss=-0.139051 valid=1.0000 routes=9.789 grad=1.6379 seconds=66.8
Epoch  719/5000: score=11.758288 loss=-0.151454 valid=1.0000 routes=9.988 grad=1.9040 seconds=66.3
Epoch  720/5000: score=11.736828 loss=-0.143484 valid=1.0000 routes=9.869 grad=1.8102 seconds=66.6
Epoch  721/5000: score=11.546315 loss=-0.143022 valid=1.0000 routes=10.113 grad=1.8172 seconds=66.3
Epoch  722/5000: score=11.851136 loss=-0.141169 valid=1.0000 routes=9.834 grad=1.8015 seconds=66.6
Epoch  723/5000: score=11.794783 loss=-0.142822 valid=1.0000 routes=10.283 grad=1.8487 seconds=65.9
Epoch  724/5000: score=11.700509 loss=-0.138189 valid=1.0000 routes=10.079 grad=1.8390 seconds=66.7
Epoch  725/5000: score=11.809277 loss=-0.144978 valid=1.0000 routes=10.123 grad=1.8582 seconds=65.8
Epoch  726/5000: score=12.231875 loss=-0.151909 valid=1.0000 routes=10.485 grad=1.9321 seconds=66.6
Epoch  727/5000: score=11.895663 loss=-0.148471 valid=1.0000 routes=10.225 grad=1.8557 seconds=67.1
Epoch  728/5000: score=11.075226 loss=-0.139703 valid=1.0000 routes=9.501 grad=1.6837 seconds=66.5
Epoch  729/5000: score=11.297309 loss=-0.140707 valid=1.0000 routes=10.335 grad=1.8183 seconds=67.1
Epoch  730/5000: score=11.245100 loss=-0.141325 valid=1.0000 routes=10.006 grad=1.7613 seconds=66.2
Epoch  731/5000: score=10.741464 loss=-0.146278 valid=1.0000 routes=9.158 grad=1.6333 seconds=66.5
Epoch  732/5000: score=11.252726 loss=-0.139977 valid=1.0000 routes=9.802 grad=1.7076 seconds=66.1
>> Invalid instances, Re-generating ...
Epoch  733/5000: score=11.226249 loss=-0.135873 valid=1.0000 routes=10.037 grad=1.6690 seconds=65.7
Epoch  734/5000: score=11.041209 loss=-0.143099 valid=1.0000 routes=9.335 grad=1.6625 seconds=66.7
Epoch  735/5000: score=11.124314 loss=-0.145663 valid=1.0000 routes=9.939 grad=1.7276 seconds=65.4
Epoch  736/5000: score=11.712589 loss=-0.144276 valid=1.0000 routes=9.657 grad=1.7967 seconds=67.0
Epoch  737/5000: score=11.384012 loss=-0.141564 valid=1.0000 routes=9.430 grad=1.7286 seconds=66.5
Epoch  738/5000: score=11.382963 loss=-0.145749 valid=1.0000 routes=10.298 grad=1.7405 seconds=66.3
Epoch  739/5000: score=11.622053 loss=-0.143649 valid=1.0000 routes=9.461 grad=1.7471 seconds=66.5
Epoch  740/5000: score=11.121895 loss=-0.133347 valid=1.0000 routes=9.588 grad=1.6112 seconds=65.9
Epoch  741/5000: score=11.373595 loss=-0.145676 valid=1.0000 routes=9.966 grad=1.7803 seconds=66.4
Epoch  742/5000: score=11.539865 loss=-0.146683 valid=1.0000 routes=9.883 grad=1.8092 seconds=65.5
Epoch  743/5000: score=11.292326 loss=-0.144283 valid=1.0000 routes=9.352 grad=1.6532 seconds=66.1
Epoch  744/5000: score=11.883173 loss=-0.144720 valid=1.0000 routes=10.242 grad=1.8751 seconds=65.6
Epoch  745/5000: score=11.517327 loss=-0.141903 valid=1.0000 routes=9.709 grad=1.7513 seconds=66.0
Epoch  746/5000: score=11.848183 loss=-0.143862 valid=1.0000 routes=10.469 grad=1.8193 seconds=65.7
Epoch  747/5000: score=11.411497 loss=-0.140059 valid=1.0000 routes=9.943 grad=1.7927 seconds=65.8
Epoch  748/5000: score=11.426863 loss=-0.141550 valid=1.0000 routes=9.723 grad=1.7772 seconds=66.4
Epoch  749/5000: score=11.590242 loss=-0.141977 valid=1.0000 routes=9.869 grad=1.7353 seconds=65.9
Epoch  750/5000: score=11.515080 loss=-0.136531 valid=1.0000 routes=9.828 grad=1.7554 seconds=66.7
Epoch  751/5000: score=11.479361 loss=-0.140371 valid=1.0000 routes=10.146 grad=1.7289 seconds=66.0
Epoch  752/5000: score=11.181282 loss=-0.145042 valid=1.0000 routes=9.401 grad=1.6997 seconds=65.9
Epoch  753/5000: score=12.132774 loss=-0.139801 valid=1.0000 routes=10.475 grad=1.9250 seconds=65.5
Epoch  754/5000: score=11.284483 loss=-0.136752 valid=1.0000 routes=10.018 grad=1.6437 seconds=65.9
Epoch  755/5000: score=11.304354 loss=-0.141199 valid=1.0000 routes=10.099 grad=1.7650 seconds=65.9
Epoch  756/5000: score=11.514559 loss=-0.147681 valid=1.0000 routes=10.060 grad=1.8407 seconds=65.8
Epoch  757/5000: score=11.760188 loss=-0.139428 valid=1.0000 routes=10.325 grad=1.8479 seconds=66.5
Epoch  758/5000: score=11.942685 loss=-0.141646 valid=1.0000 routes=10.094 grad=1.8777 seconds=65.5
Epoch  759/5000: score=11.730221 loss=-0.135554 valid=1.0000 routes=10.219 grad=1.8062 seconds=66.5
Epoch  760/5000: score=11.603674 loss=-0.138631 valid=1.0000 routes=9.973 grad=1.7487 seconds=65.9
Epoch  761/5000: score=11.842127 loss=-0.145604 valid=1.0000 routes=10.405 grad=1.8750 seconds=66.3
Epoch  762/5000: score=11.824125 loss=-0.145043 valid=1.0000 routes=9.897 grad=1.9287 seconds=66.9
Epoch  763/5000: score=10.976424 loss=-0.144764 valid=1.0000 routes=9.315 grad=1.6357 seconds=66.2
Epoch  764/5000: score=10.983669 loss=-0.134385 valid=1.0000 routes=9.853 grad=1.6446 seconds=66.6
Epoch  765/5000: score=11.411808 loss=-0.141342 valid=1.0000 routes=9.384 grad=1.6836 seconds=65.6
Epoch  766/5000: score=11.309799 loss=-0.135533 valid=1.0000 routes=9.505 grad=1.6473 seconds=66.2
Epoch  767/5000: score=10.752609 loss=-0.135616 valid=1.0000 routes=9.330 grad=1.6058 seconds=66.4
Epoch  768/5000: score=11.243542 loss=-0.143995 valid=1.0000 routes=9.651 grad=1.7033 seconds=66.9
Epoch  769/5000: score=11.682093 loss=-0.141883 valid=1.0000 routes=10.125 grad=1.8560 seconds=66.3
Epoch  770/5000: score=11.074187 loss=-0.136600 valid=1.0000 routes=9.645 grad=1.6271 seconds=66.5
Epoch  771/5000: score=10.990668 loss=-0.135529 valid=1.0000 routes=10.018 grad=1.6573 seconds=67.1
Epoch  772/5000: score=11.334052 loss=-0.143020 valid=1.0000 routes=9.684 grad=1.7536 seconds=66.6
Epoch  773/5000: score=11.983363 loss=-0.144153 valid=1.0000 routes=9.787 grad=1.8791 seconds=67.4
Epoch  774/5000: score=11.632983 loss=-0.135508 valid=1.0000 routes=10.322 grad=1.8387 seconds=66.4
Epoch  775/5000: score=11.055817 loss=-0.148229 valid=1.0000 routes=9.101 grad=1.6915 seconds=67.1
Epoch  776/5000: score=11.454638 loss=-0.137463 valid=1.0000 routes=9.285 grad=1.6933 seconds=66.1
Epoch  777/5000: score=11.464761 loss=-0.142360 valid=1.0000 routes=9.754 grad=1.7715 seconds=66.5
Epoch  778/5000: score=11.946367 loss=-0.137681 valid=1.0000 routes=10.285 grad=1.8634 seconds=66.5
Epoch  779/5000: score=11.689181 loss=-0.145313 valid=1.0000 routes=10.024 grad=1.8559 seconds=66.7
Epoch  780/5000: score=11.462203 loss=-0.140034 valid=1.0000 routes=10.270 grad=1.7627 seconds=66.7
Epoch  781/5000: score=11.487941 loss=-0.133481 valid=1.0000 routes=10.048 grad=1.7302 seconds=66.1
Epoch  782/5000: score=11.868242 loss=-0.141318 valid=1.0000 routes=10.041 grad=1.8394 seconds=66.7
Epoch  783/5000: score=11.376540 loss=-0.135971 valid=1.0000 routes=9.733 grad=1.7299 seconds=66.4
Epoch  784/5000: score=11.379902 loss=-0.140919 valid=1.0000 routes=9.665 grad=1.6881 seconds=66.3
Epoch  785/5000: score=11.684652 loss=-0.138031 valid=1.0000 routes=10.090 grad=1.8076 seconds=66.5
Epoch  786/5000: score=11.195433 loss=-0.134926 valid=1.0000 routes=10.052 grad=1.7432 seconds=66.4
Epoch  787/5000: score=11.563776 loss=-0.142762 valid=1.0000 routes=9.920 grad=1.7323 seconds=66.7
Epoch  788/5000: score=12.127562 loss=-0.142525 valid=1.0000 routes=10.216 grad=1.8904 seconds=66.2
Epoch  789/5000: score=11.296221 loss=-0.138745 valid=1.0000 routes=9.871 grad=1.6670 seconds=66.9
Epoch  790/5000: score=11.021373 loss=-0.144157 valid=1.0000 routes=8.985 grad=1.7164 seconds=66.8
Epoch  791/5000: score=11.613081 loss=-0.139607 valid=1.0000 routes=9.815 grad=1.7978 seconds=66.9
Epoch  792/5000: score=11.673420 loss=-0.136433 valid=1.0000 routes=10.498 grad=1.8282 seconds=66.7
Epoch  793/5000: score=12.128537 loss=-0.143947 valid=1.0000 routes=10.485 grad=1.9357 seconds=66.7
Epoch  794/5000: score=11.737645 loss=-0.133609 valid=1.0000 routes=9.892 grad=1.7130 seconds=66.8
Epoch  795/5000: score=11.736014 loss=-0.147298 valid=1.0000 routes=9.513 grad=1.8327 seconds=66.1
Epoch  796/5000: score=11.203386 loss=-0.147636 valid=1.0000 routes=9.690 grad=1.7183 seconds=66.7
Epoch  797/5000: score=11.718544 loss=-0.143548 valid=1.0000 routes=10.388 grad=1.8836 seconds=66.2
Epoch  798/5000: score=11.683137 loss=-0.139951 valid=1.0000 routes=9.892 grad=1.7505 seconds=66.5
Epoch  799/5000: score=11.426014 loss=-0.135632 valid=1.0000 routes=9.518 grad=1.6620 seconds=66.7
Epoch  800/5000: score=11.500566 loss=-0.134995 valid=1.0000 routes=10.060 grad=1.7921 seconds=66.6
Epoch  801/5000: score=11.284077 loss=-0.133605 valid=1.0000 routes=10.034 grad=1.7687 seconds=64.1
Epoch  802/5000: score=12.271585 loss=-0.147845 valid=1.0000 routes=10.125 grad=1.9531 seconds=62.0
Epoch  803/5000: score=11.182687 loss=-0.135593 valid=1.0000 routes=9.486 grad=1.6523 seconds=63.0
Epoch  804/5000: score=11.195055 loss=-0.135733 valid=1.0000 routes=9.354 grad=1.6156 seconds=66.1
Epoch  805/5000: score=11.681088 loss=-0.142165 valid=1.0000 routes=9.708 grad=1.8514 seconds=66.5
Epoch  806/5000: score=12.169660 loss=-0.134080 valid=1.0000 routes=10.455 grad=1.7942 seconds=65.7
Epoch  807/5000: score=11.374422 loss=-0.139893 valid=1.0000 routes=9.436 grad=1.6888 seconds=66.3
Epoch  808/5000: score=11.886643 loss=-0.139287 valid=1.0000 routes=10.209 grad=1.8802 seconds=66.1
Epoch  809/5000: score=11.744015 loss=-0.143669 valid=1.0000 routes=9.969 grad=1.8822 seconds=66.3
Epoch  810/5000: score=11.711631 loss=-0.137333 valid=1.0000 routes=9.786 grad=1.7561 seconds=66.5
Epoch  811/5000: score=11.516116 loss=-0.141715 valid=1.0000 routes=10.245 grad=1.8082 seconds=66.1
Epoch  812/5000: score=11.165372 loss=-0.129303 valid=1.0000 routes=9.883 grad=1.6162 seconds=66.4
Epoch  813/5000: score=11.727517 loss=-0.138999 valid=1.0000 routes=10.381 grad=1.8207 seconds=65.9
Epoch  814/5000: score=11.047373 loss=-0.132345 valid=1.0000 routes=9.849 grad=1.6655 seconds=66.5
Epoch  815/5000: score=11.697447 loss=-0.138066 valid=1.0000 routes=9.746 grad=1.7992 seconds=66.1
Epoch  816/5000: score=11.790674 loss=-0.136277 valid=1.0000 routes=10.077 grad=1.7457 seconds=66.3
Epoch  817/5000: score=11.417518 loss=-0.140843 valid=1.0000 routes=9.915 grad=1.7895 seconds=66.8
Epoch  818/5000: score=11.541743 loss=-0.134245 valid=1.0000 routes=10.133 grad=1.7367 seconds=66.1
Epoch  819/5000: score=11.706395 loss=-0.136306 valid=1.0000 routes=9.717 grad=1.7829 seconds=66.5
Epoch  820/5000: score=11.275726 loss=-0.145588 valid=1.0000 routes=9.323 grad=1.7294 seconds=66.2
Epoch  821/5000: score=11.486967 loss=-0.137181 valid=1.0000 routes=10.153 grad=1.8197 seconds=66.7
Epoch  822/5000: score=11.843826 loss=-0.144113 valid=1.0000 routes=9.701 grad=1.8327 seconds=66.0
Epoch  823/5000: score=11.706656 loss=-0.136687 valid=1.0000 routes=9.890 grad=1.7886 seconds=66.2
Epoch  824/5000: score=11.320260 loss=-0.137813 valid=1.0000 routes=9.707 grad=1.7597 seconds=66.1
Epoch  825/5000: score=11.054642 loss=-0.143123 valid=1.0000 routes=9.008 grad=1.6537 seconds=66.9
Epoch  826/5000: score=11.552397 loss=-0.137543 valid=1.0000 routes=10.316 grad=1.7889 seconds=66.8
Epoch  827/5000: score=11.183576 loss=-0.134209 valid=1.0000 routes=9.738 grad=1.6558 seconds=65.8
Epoch  828/5000: score=11.545365 loss=-0.139206 valid=1.0000 routes=9.805 grad=1.7131 seconds=66.9
Epoch  829/5000: score=11.509950 loss=-0.139841 valid=1.0000 routes=9.549 grad=1.7394 seconds=66.0
Epoch  830/5000: score=11.101692 loss=-0.138359 valid=1.0000 routes=9.260 grad=1.6131 seconds=67.0
Epoch  831/5000: score=11.748496 loss=-0.138421 valid=1.0000 routes=10.088 grad=1.8555 seconds=66.6
Epoch  832/5000: score=11.991913 loss=-0.143230 valid=1.0000 routes=10.428 grad=1.9103 seconds=66.6
Epoch  833/5000: score=11.343886 loss=-0.145115 valid=1.0000 routes=9.953 grad=1.7606 seconds=66.9
Epoch  834/5000: score=11.062326 loss=-0.138545 valid=1.0000 routes=9.645 grad=1.6739 seconds=66.6
Epoch  835/5000: score=11.115982 loss=-0.133188 valid=1.0000 routes=9.988 grad=1.6282 seconds=66.9
Epoch  836/5000: score=10.872175 loss=-0.137127 valid=1.0000 routes=9.441 grad=1.6072 seconds=66.3
Epoch  837/5000: score=11.715029 loss=-0.134589 valid=1.0000 routes=10.100 grad=1.7464 seconds=66.6
Epoch  838/5000: score=11.182399 loss=-0.137134 valid=1.0000 routes=9.049 grad=1.6415 seconds=66.7
Epoch  839/5000: score=11.286416 loss=-0.141139 valid=1.0000 routes=9.616 grad=1.6727 seconds=66.2
Epoch  840/5000: score=11.671763 loss=-0.141638 valid=1.0000 routes=9.360 grad=1.7712 seconds=66.6
Epoch  841/5000: score=11.674392 loss=-0.141220 valid=1.0000 routes=9.947 grad=1.7933 seconds=66.5
Epoch  842/5000: score=11.489880 loss=-0.138174 valid=1.0000 routes=9.777 grad=1.7196 seconds=66.2
Epoch  843/5000: score=11.094176 loss=-0.134624 valid=1.0000 routes=9.876 grad=1.6747 seconds=65.6
Epoch  844/5000: score=11.386298 loss=-0.134930 valid=1.0000 routes=9.526 grad=1.7092 seconds=66.2
Epoch  845/5000: score=11.347494 loss=-0.133277 valid=1.0000 routes=10.106 grad=1.7529 seconds=65.8
Epoch  846/5000: score=10.701628 loss=-0.128824 valid=1.0000 routes=8.912 grad=1.5507 seconds=66.2
Epoch  847/5000: score=11.856883 loss=-0.138690 valid=1.0000 routes=10.194 grad=1.8424 seconds=66.0
Epoch  848/5000: score=11.151500 loss=-0.133819 valid=1.0000 routes=9.519 grad=1.6838 seconds=66.5
Epoch  849/5000: score=11.576831 loss=-0.132240 valid=1.0000 routes=10.227 grad=1.7818 seconds=65.7
Epoch  850/5000: score=11.267627 loss=-0.140321 valid=1.0000 routes=9.764 grad=1.6925 seconds=66.2
Epoch  851/5000: score=11.261559 loss=-0.137289 valid=1.0000 routes=9.902 grad=1.7547 seconds=66.9
Epoch  852/5000: score=10.973127 loss=-0.134738 valid=1.0000 routes=9.268 grad=1.6202 seconds=65.8
Epoch  853/5000: score=11.699397 loss=-0.136034 valid=1.0000 routes=10.276 grad=1.7921 seconds=66.2
Epoch  854/5000: score=11.195414 loss=-0.137958 valid=1.0000 routes=9.377 grad=1.6770 seconds=66.5
Epoch  855/5000: score=11.894316 loss=-0.136134 valid=1.0000 routes=10.218 grad=1.8388 seconds=66.1
Epoch  856/5000: score=11.146239 loss=-0.132878 valid=1.0000 routes=9.734 grad=1.6332 seconds=66.1
Epoch  857/5000: score=11.435405 loss=-0.134735 valid=1.0000 routes=9.893 grad=1.7653 seconds=66.4
Epoch  858/5000: score=11.668600 loss=-0.136147 valid=1.0000 routes=9.728 grad=1.8114 seconds=67.1
Epoch  859/5000: score=11.466451 loss=-0.138556 valid=1.0000 routes=9.700 grad=1.7640 seconds=66.3
Epoch  860/5000: score=11.638939 loss=-0.136343 valid=1.0000 routes=9.893 grad=1.7717 seconds=66.8
Epoch  861/5000: score=12.029489 loss=-0.137146 valid=1.0000 routes=10.610 grad=1.8915 seconds=66.0
Epoch  862/5000: score=11.460998 loss=-0.138631 valid=1.0000 routes=10.039 grad=1.7512 seconds=66.2
Epoch  863/5000: score=11.599305 loss=-0.140316 valid=1.0000 routes=9.861 grad=1.7744 seconds=66.2
Epoch  864/5000: score=11.382695 loss=-0.136807 valid=1.0000 routes=9.822 grad=1.7256 seconds=66.2
Epoch  865/5000: score=11.309817 loss=-0.138272 valid=1.0000 routes=9.710 grad=1.6848 seconds=66.6
Epoch  866/5000: score=11.230356 loss=-0.131913 valid=1.0000 routes=9.871 grad=1.6791 seconds=66.3
Epoch  867/5000: score=11.518302 loss=-0.138521 valid=1.0000 routes=10.171 grad=1.8333 seconds=67.1
Epoch  868/5000: score=11.459996 loss=-0.136444 valid=1.0000 routes=9.809 grad=1.7770 seconds=66.3
Epoch  869/5000: score=11.517741 loss=-0.129727 valid=1.0000 routes=10.523 grad=1.7961 seconds=66.8
Epoch  870/5000: score=11.591364 loss=-0.137494 valid=1.0000 routes=9.680 grad=1.7711 seconds=66.4
Epoch  871/5000: score=11.211439 loss=-0.138186 valid=1.0000 routes=9.393 grad=1.7096 seconds=66.6
Epoch  872/5000: score=11.672638 loss=-0.140672 valid=1.0000 routes=9.955 grad=1.7983 seconds=66.3
Epoch  873/5000: score=11.590495 loss=-0.141602 valid=1.0000 routes=9.997 grad=1.8246 seconds=65.8
Epoch  874/5000: score=11.657789 loss=-0.129072 valid=1.0000 routes=10.428 grad=1.7478 seconds=65.9
Epoch  875/5000: score=11.450971 loss=-0.129784 valid=1.0000 routes=9.910 grad=1.7099 seconds=65.7
Epoch  876/5000: score=10.981687 loss=-0.134748 valid=1.0000 routes=9.607 grad=1.6903 seconds=66.7
Epoch  877/5000: score=11.347100 loss=-0.138708 valid=1.0000 routes=9.961 grad=1.7691 seconds=66.1
Epoch  878/5000: score=11.581275 loss=-0.138274 valid=1.0000 routes=9.986 grad=1.7766 seconds=66.3
Epoch  879/5000: score=11.828581 loss=-0.134165 valid=1.0000 routes=10.058 grad=1.8133 seconds=66.1
Epoch  880/5000: score=11.513368 loss=-0.138766 valid=1.0000 routes=9.757 grad=1.7319 seconds=65.8
Epoch  881/5000: score=11.330181 loss=-0.133680 valid=1.0000 routes=9.969 grad=1.7262 seconds=66.3
Epoch  882/5000: score=11.983438 loss=-0.142049 valid=1.0000 routes=10.187 grad=1.9051 seconds=65.8
Epoch  883/5000: score=11.778670 loss=-0.138263 valid=1.0000 routes=10.202 grad=1.8253 seconds=66.1
Epoch  884/5000: score=11.113492 loss=-0.133207 valid=1.0000 routes=9.522 grad=1.6551 seconds=65.6
Epoch  885/5000: score=11.884660 loss=-0.134887 valid=1.0000 routes=10.119 grad=1.8322 seconds=66.4
Epoch  886/5000: score=10.944587 loss=-0.131210 valid=1.0000 routes=9.387 grad=1.5824 seconds=66.1
Epoch  887/5000: score=11.483470 loss=-0.134037 valid=1.0000 routes=9.903 grad=1.7509 seconds=66.8
Epoch  888/5000: score=11.813670 loss=-0.130963 valid=1.0000 routes=10.571 grad=1.8461 seconds=66.0
Epoch  889/5000: score=11.394359 loss=-0.141465 valid=1.0000 routes=9.549 grad=1.7938 seconds=66.4
Epoch  890/5000: score=11.540591 loss=-0.135316 valid=1.0000 routes=9.977 grad=1.7543 seconds=66.7
Epoch  891/5000: score=11.605845 loss=-0.137153 valid=1.0000 routes=9.656 grad=1.7775 seconds=65.6
Epoch  892/5000: score=11.441264 loss=-0.140274 valid=1.0000 routes=9.731 grad=1.7404 seconds=66.4
Epoch  893/5000: score=11.508512 loss=-0.135635 valid=1.0000 routes=9.465 grad=1.6997 seconds=65.9
Epoch  894/5000: score=11.328402 loss=-0.131122 valid=1.0000 routes=10.049 grad=1.7223 seconds=66.7
Epoch  895/5000: score=11.296361 loss=-0.135418 valid=1.0000 routes=9.628 grad=1.7061 seconds=66.4
Epoch  896/5000: score=11.442721 loss=-0.129186 valid=1.0000 routes=9.551 grad=1.6834 seconds=66.4
Epoch  897/5000: score=11.675333 loss=-0.134078 valid=1.0000 routes=10.009 grad=1.7602 seconds=66.5
Epoch  898/5000: score=11.544145 loss=-0.135258 valid=1.0000 routes=10.190 grad=1.7810 seconds=66.6
Epoch  899/5000: score=11.846993 loss=-0.135058 valid=1.0000 routes=9.826 grad=1.7981 seconds=67.2
Epoch  900/5000: score=11.623652 loss=-0.136782 valid=1.0000 routes=9.613 grad=1.8137 seconds=66.5
Epoch  901/5000: score=11.861234 loss=-0.138770 valid=1.0000 routes=10.023 grad=1.8538 seconds=66.3
Epoch  902/5000: score=11.311801 loss=-0.132428 valid=1.0000 routes=9.964 grad=1.7419 seconds=65.9
Epoch  903/5000: score=11.556583 loss=-0.133262 valid=1.0000 routes=9.860 grad=1.8085 seconds=66.3
Epoch  904/5000: score=11.931822 loss=-0.138498 valid=1.0000 routes=10.142 grad=1.8597 seconds=66.9
Epoch  905/5000: score=11.421661 loss=-0.140751 valid=1.0000 routes=9.468 grad=1.6882 seconds=66.2
Epoch  906/5000: score=10.638326 loss=-0.139522 valid=1.0000 routes=9.204 grad=1.5760 seconds=66.6
Epoch  907/5000: score=11.708878 loss=-0.142200 valid=1.0000 routes=9.801 grad=1.8262 seconds=66.9
Epoch  908/5000: score=11.315707 loss=-0.135878 valid=1.0000 routes=9.807 grad=1.7558 seconds=66.6
Epoch  909/5000: score=11.409931 loss=-0.139464 valid=1.0000 routes=9.597 grad=1.7265 seconds=66.3
Epoch  910/5000: score=11.539124 loss=-0.138665 valid=1.0000 routes=9.944 grad=1.8002 seconds=67.1
Epoch  911/5000: score=11.732771 loss=-0.139393 valid=1.0000 routes=10.011 grad=1.8365 seconds=66.5
Epoch  912/5000: score=11.558811 loss=-0.135361 valid=1.0000 routes=10.017 grad=1.7786 seconds=66.8
Epoch  913/5000: score=10.920673 loss=-0.138175 valid=1.0000 routes=9.341 grad=1.6330 seconds=66.6
Epoch  914/5000: score=11.846272 loss=-0.127300 valid=1.0000 routes=10.223 grad=1.7948 seconds=66.2
Epoch  915/5000: score=11.405843 loss=-0.135694 valid=1.0000 routes=9.870 grad=1.7067 seconds=66.5
Epoch  916/5000: score=11.256508 loss=-0.132797 valid=1.0000 routes=10.037 grad=1.7429 seconds=65.8
Epoch  917/5000: score=10.986562 loss=-0.136736 valid=1.0000 routes=9.446 grad=1.6632 seconds=66.2
Epoch  918/5000: score=11.627364 loss=-0.134261 valid=1.0000 routes=10.229 grad=1.7993 seconds=65.7
Epoch  919/5000: score=11.347828 loss=-0.137538 valid=1.0000 routes=9.847 grad=1.7288 seconds=66.8
Epoch  920/5000: score=11.814483 loss=-0.139147 valid=1.0000 routes=9.945 grad=1.7910 seconds=66.2
Epoch  921/5000: score=10.965142 loss=-0.130659 valid=1.0000 routes=9.601 grad=1.6330 seconds=66.2
Epoch  922/5000: score=11.724816 loss=-0.137513 valid=1.0000 routes=10.331 grad=1.8466 seconds=66.4
Epoch  923/5000: score=11.388340 loss=-0.146469 valid=1.0000 routes=9.562 grad=1.7799 seconds=66.2
Epoch  924/5000: score=11.294885 loss=-0.132185 valid=1.0000 routes=9.618 grad=1.6439 seconds=66.3
Epoch  925/5000: score=11.167765 loss=-0.127411 valid=1.0000 routes=9.693 grad=1.6263 seconds=65.4
Epoch  926/5000: score=11.704940 loss=-0.134802 valid=1.0000 routes=9.890 grad=1.8016 seconds=66.5
Epoch  927/5000: score=11.492158 loss=-0.132540 valid=1.0000 routes=10.265 grad=1.7692 seconds=66.3
Epoch  928/5000: score=11.492112 loss=-0.142551 valid=1.0000 routes=9.976 grad=1.8057 seconds=66.8
Epoch  929/5000: score=11.785147 loss=-0.138709 valid=1.0000 routes=9.993 grad=1.8015 seconds=66.3
Epoch  930/5000: score=11.301616 loss=-0.136342 valid=1.0000 routes=9.624 grad=1.7449 seconds=65.7
Epoch  931/5000: score=11.270009 loss=-0.141649 valid=1.0000 routes=10.131 grad=1.7767 seconds=66.4
Epoch  932/5000: score=11.681783 loss=-0.142769 valid=1.0000 routes=9.791 grad=1.8180 seconds=66.1
Epoch  933/5000: score=11.653010 loss=-0.138700 valid=1.0000 routes=9.719 grad=1.7887 seconds=66.7
Epoch  934/5000: score=11.652014 loss=-0.136805 valid=1.0000 routes=10.459 grad=1.8439 seconds=66.4
Epoch  935/5000: score=11.581207 loss=-0.140023 valid=1.0000 routes=10.260 grad=1.8298 seconds=66.2
Epoch  936/5000: score=11.270858 loss=-0.131329 valid=1.0000 routes=9.586 grad=1.6921 seconds=66.4
Epoch  937/5000: score=11.882082 loss=-0.133852 valid=1.0000 routes=10.196 grad=1.8584 seconds=65.8
Epoch  938/5000: score=12.002116 loss=-0.139873 valid=1.0000 routes=10.447 grad=1.8783 seconds=66.3
Epoch  939/5000: score=11.350249 loss=-0.131725 valid=1.0000 routes=10.075 grad=1.6841 seconds=66.2
Epoch  940/5000: score=11.906006 loss=-0.133145 valid=1.0000 routes=10.195 grad=1.8626 seconds=66.8
Epoch  941/5000: score=11.902225 loss=-0.143372 valid=1.0000 routes=9.727 grad=1.8192 seconds=66.0
Epoch  942/5000: score=11.451886 loss=-0.139207 valid=1.0000 routes=9.814 grad=1.7838 seconds=66.6
Epoch  943/5000: score=11.784369 loss=-0.133677 valid=1.0000 routes=10.150 grad=1.7793 seconds=66.8
Epoch  944/5000: score=10.816759 loss=-0.136804 valid=1.0000 routes=9.533 grad=1.6418 seconds=66.6
Epoch  945/5000: score=11.425943 loss=-0.134774 valid=1.0000 routes=9.873 grad=1.7724 seconds=67.0
Epoch  946/5000: score=11.509293 loss=-0.131284 valid=1.0000 routes=10.321 grad=1.7497 seconds=66.1
Epoch  947/5000: score=11.519921 loss=-0.140583 valid=1.0000 routes=9.806 grad=1.7785 seconds=66.9
Epoch  948/5000: score=11.517249 loss=-0.133005 valid=1.0000 routes=10.303 grad=1.7979 seconds=66.2
Epoch  949/5000: score=11.351240 loss=-0.134812 valid=1.0000 routes=9.813 grad=1.7304 seconds=66.5
Epoch  950/5000: score=10.862127 loss=-0.134562 valid=1.0000 routes=9.429 grad=1.6621 seconds=66.8
Epoch  951/5000: score=11.902750 loss=-0.127351 valid=1.0000 routes=10.518 grad=1.7951 seconds=66.0
Epoch  952/5000: score=11.754350 loss=-0.143116 valid=1.0000 routes=10.289 grad=1.9080 seconds=67.0
Epoch  953/5000: score=11.607314 loss=-0.135970 valid=1.0000 routes=10.252 grad=1.8282 seconds=66.1
Epoch  954/5000: score=11.641676 loss=-0.137922 valid=1.0000 routes=10.142 grad=1.8037 seconds=66.7
Epoch  955/5000: score=11.496500 loss=-0.131063 valid=1.0000 routes=9.847 grad=1.7485 seconds=66.4
Epoch  956/5000: score=11.212387 loss=-0.134777 valid=1.0000 routes=10.034 grad=1.7224 seconds=66.2
Epoch  957/5000: score=11.647886 loss=-0.142600 valid=1.0000 routes=10.025 grad=1.8295 seconds=66.4
Epoch  958/5000: score=11.502914 loss=-0.144606 valid=1.0000 routes=9.192 grad=1.7434 seconds=66.1
Epoch  959/5000: score=11.104328 loss=-0.136589 valid=1.0000 routes=9.735 grad=1.6984 seconds=66.7
Epoch  960/5000: score=11.668036 loss=-0.132415 valid=1.0000 routes=10.149 grad=1.7741 seconds=65.9
Epoch  961/5000: score=12.015884 loss=-0.139441 valid=1.0000 routes=10.116 grad=1.8440 seconds=66.3
Epoch  962/5000: score=11.571754 loss=-0.133253 valid=1.0000 routes=10.539 grad=1.7639 seconds=65.7
Epoch  963/5000: score=11.925245 loss=-0.146110 valid=1.0000 routes=10.190 grad=1.9208 seconds=66.4
Epoch  964/5000: score=11.611940 loss=-0.139712 valid=1.0000 routes=9.591 grad=1.8524 seconds=66.2
Epoch  965/5000: score=11.987981 loss=-0.132090 valid=1.0000 routes=10.997 grad=1.8936 seconds=65.9
Epoch  966/5000: score=11.258612 loss=-0.135343 valid=1.0000 routes=9.887 grad=1.7046 seconds=66.3
Epoch  967/5000: score=11.198811 loss=-0.132994 valid=1.0000 routes=10.344 grad=1.7617 seconds=65.5
Epoch  968/5000: score=12.223158 loss=-0.133676 valid=1.0000 routes=10.492 grad=1.9432 seconds=65.9
Epoch  969/5000: score=11.091460 loss=-0.133044 valid=1.0000 routes=9.611 grad=1.6535 seconds=65.8
Epoch  970/5000: score=11.771185 loss=-0.137846 valid=1.0000 routes=10.181 grad=1.8879 seconds=66.2
Epoch  971/5000: score=11.165079 loss=-0.138848 valid=1.0000 routes=9.452 grad=1.7004 seconds=66.1
Epoch  972/5000: score=11.576159 loss=-0.135237 valid=1.0000 routes=9.889 grad=1.7629 seconds=65.8
Epoch  973/5000: score=11.255460 loss=-0.139621 valid=1.0000 routes=9.390 grad=1.7034 seconds=66.3
Epoch  974/5000: score=11.533101 loss=-0.131475 valid=1.0000 routes=10.216 grad=1.7722 seconds=65.6
Epoch  975/5000: score=11.639154 loss=-0.138947 valid=1.0000 routes=10.231 grad=1.7839 seconds=66.3
Epoch  976/5000: score=11.375929 loss=-0.141349 valid=1.0000 routes=9.471 grad=1.6995 seconds=65.7
Epoch  977/5000: score=11.548012 loss=-0.139203 valid=1.0000 routes=9.687 grad=1.7303 seconds=66.0
Epoch  978/5000: score=11.823893 loss=-0.132513 valid=1.0000 routes=9.533 grad=1.7041 seconds=66.3
Epoch  979/5000: score=11.471457 loss=-0.135866 valid=1.0000 routes=10.453 grad=1.7717 seconds=66.4
Epoch  980/5000: score=11.327248 loss=-0.133288 valid=1.0000 routes=10.103 grad=1.7501 seconds=66.6
Epoch  981/5000: score=11.399368 loss=-0.139514 valid=1.0000 routes=9.220 grad=1.7147 seconds=66.6
Epoch  982/5000: score=11.474353 loss=-0.139056 valid=1.0000 routes=9.217 grad=1.6602 seconds=67.1
Epoch  983/5000: score=11.012615 loss=-0.130771 valid=1.0000 routes=9.429 grad=1.5752 seconds=66.1
Epoch  984/5000: score=11.383407 loss=-0.133169 valid=1.0000 routes=9.835 grad=1.6636 seconds=66.0
Epoch  985/5000: score=11.316886 loss=-0.137883 valid=1.0000 routes=9.746 grad=1.7527 seconds=66.5
Epoch  986/5000: score=11.606012 loss=-0.128582 valid=1.0000 routes=9.902 grad=1.6677 seconds=66.0
Epoch  987/5000: score=11.496719 loss=-0.140064 valid=1.0000 routes=9.705 grad=1.7834 seconds=66.3
Epoch  988/5000: score=11.490346 loss=-0.135108 valid=1.0000 routes=9.889 grad=1.7736 seconds=65.7
Epoch  989/5000: score=11.856584 loss=-0.141634 valid=1.0000 routes=9.924 grad=1.8122 seconds=66.8
Epoch  990/5000: score=11.187226 loss=-0.140381 valid=1.0000 routes=9.767 grad=1.7727 seconds=66.5
Epoch  991/5000: score=11.647522 loss=-0.136789 valid=1.0000 routes=9.917 grad=1.7589 seconds=66.9
Epoch  992/5000: score=11.524902 loss=-0.131309 valid=1.0000 routes=10.282 grad=1.8168 seconds=66.5
Epoch  993/5000: score=11.963461 loss=-0.136584 valid=1.0000 routes=10.553 grad=1.8798 seconds=66.5
Epoch  994/5000: score=11.759981 loss=-0.134416 valid=1.0000 routes=10.042 grad=1.7642 seconds=66.8
Epoch  995/5000: score=11.651472 loss=-0.132346 valid=1.0000 routes=10.766 grad=1.8162 seconds=66.2
Epoch  996/5000: score=11.425241 loss=-0.138411 valid=1.0000 routes=10.356 grad=1.8063 seconds=67.3
Epoch  997/5000: score=11.433714 loss=-0.122242 valid=1.0000 routes=10.380 grad=1.6990 seconds=65.5
Epoch  998/5000: score=11.170969 loss=-0.134191 valid=1.0000 routes=9.042 grad=1.6138 seconds=66.6
Epoch  999/5000: score=10.726087 loss=-0.134751 valid=1.0000 routes=9.377 grad=1.6462 seconds=66.8
Epoch 1000/5000: score=11.040332 loss=-0.130882 valid=1.0000 routes=9.299 grad=1.6198 seconds=66.8
Epoch 1001/5000: score=11.408898 loss=-0.135385 valid=1.0000 routes=9.451 grad=1.7504 seconds=67.2
Epoch 1002/5000: score=11.528303 loss=-0.139701 valid=1.0000 routes=9.822 grad=1.8055 seconds=66.5
Epoch 1003/5000: score=10.853365 loss=-0.133403 valid=1.0000 routes=9.195 grad=1.6238 seconds=67.1
Epoch 1004/5000: score=11.289486 loss=-0.129451 valid=1.0000 routes=9.867 grad=1.7295 seconds=66.2
Epoch 1005/5000: score=11.243995 loss=-0.134434 valid=1.0000 routes=9.830 grad=1.7846 seconds=67.3
Epoch 1006/5000: score=11.714409 loss=-0.137248 valid=1.0000 routes=9.615 grad=1.8311 seconds=67.0
Epoch 1007/5000: score=11.213679 loss=-0.130857 valid=1.0000 routes=9.744 grad=1.6642 seconds=66.1
Epoch 1008/5000: score=11.580107 loss=-0.129504 valid=1.0000 routes=10.023 grad=1.7721 seconds=66.2
Epoch 1009/5000: score=11.956974 loss=-0.138985 valid=1.0000 routes=10.205 grad=1.8817 seconds=66.0
Epoch 1010/5000: score=11.745196 loss=-0.141244 valid=1.0000 routes=10.390 grad=1.8793 seconds=66.7
Epoch 1011/5000: score=11.323328 loss=-0.135332 valid=1.0000 routes=9.758 grad=1.7011 seconds=66.2
Epoch 1012/5000: score=10.934485 loss=-0.133528 valid=1.0000 routes=9.597 grad=1.5872 seconds=66.5
Epoch 1013/5000: score=11.719107 loss=-0.134967 valid=1.0000 routes=10.055 grad=1.8256 seconds=66.7
Epoch 1014/5000: score=11.083575 loss=-0.136154 valid=1.0000 routes=9.436 grad=1.6580 seconds=66.6
Epoch 1015/5000: score=11.471556 loss=-0.140399 valid=1.0000 routes=9.578 grad=1.6779 seconds=66.4
Epoch 1016/5000: score=11.422262 loss=-0.134445 valid=1.0000 routes=9.683 grad=1.7309 seconds=66.5
Epoch 1017/5000: score=12.039816 loss=-0.133883 valid=1.0000 routes=10.134 grad=1.8338 seconds=66.4
Epoch 1018/5000: score=11.593186 loss=-0.134784 valid=1.0000 routes=10.453 grad=1.7881 seconds=66.2
Epoch 1019/5000: score=11.318433 loss=-0.140193 valid=1.0000 routes=9.744 grad=1.7000 seconds=66.8
Epoch 1020/5000: score=11.256811 loss=-0.126841 valid=1.0000 routes=10.187 grad=1.7250 seconds=66.7
Epoch 1021/5000: score=11.551823 loss=-0.134230 valid=1.0000 routes=10.238 grad=1.8022 seconds=66.4
Epoch 1022/5000: score=11.205158 loss=-0.131698 valid=1.0000 routes=10.066 grad=1.7040 seconds=66.4
Epoch 1023/5000: score=11.241885 loss=-0.135278 valid=1.0000 routes=9.834 grad=1.6835 seconds=66.6
Epoch 1024/5000: score=11.515641 loss=-0.130462 valid=1.0000 routes=9.847 grad=1.7651 seconds=66.8
Epoch 1025/5000: score=11.208019 loss=-0.145052 valid=1.0000 routes=9.457 grad=1.7417 seconds=66.9
Epoch 1026/5000: score=11.297509 loss=-0.129264 valid=1.0000 routes=10.183 grad=1.7078 seconds=66.6
Epoch 1027/5000: score=11.475516 loss=-0.134003 valid=1.0000 routes=9.969 grad=1.7936 seconds=66.8
Epoch 1028/5000: score=11.445252 loss=-0.131530 valid=1.0000 routes=9.677 grad=1.6874 seconds=66.3
Epoch 1029/5000: score=10.882439 loss=-0.137512 valid=1.0000 routes=9.593 grad=1.6425 seconds=66.9
Epoch 1030/5000: score=10.809050 loss=-0.131251 valid=1.0000 routes=9.398 grad=1.6383 seconds=66.3
Epoch 1031/5000: score=11.802518 loss=-0.136961 valid=1.0000 routes=10.392 grad=1.8303 seconds=66.8
Epoch 1032/5000: score=11.899692 loss=-0.134028 valid=1.0000 routes=10.299 grad=1.8025 seconds=66.3
Epoch 1033/5000: score=11.508849 loss=-0.133854 valid=1.0000 routes=10.051 grad=1.7399 seconds=67.0
Epoch 1034/5000: score=11.127255 loss=-0.130806 valid=1.0000 routes=9.474 grad=1.6510 seconds=66.6
Epoch 1035/5000: score=11.198983 loss=-0.133115 valid=1.0000 routes=9.534 grad=1.6399 seconds=67.2
Epoch 1036/5000: score=11.638575 loss=-0.134724 valid=1.0000 routes=9.907 grad=1.7737 seconds=67.3
Epoch 1037/5000: score=10.787609 loss=-0.128637 valid=1.0000 routes=9.166 grad=1.5000 seconds=66.4
Epoch 1038/5000: score=11.574311 loss=-0.137981 valid=1.0000 routes=9.677 grad=1.7744 seconds=66.5
Epoch 1039/5000: score=11.307123 loss=-0.139781 valid=1.0000 routes=10.416 grad=1.7656 seconds=66.5
Epoch 1040/5000: score=11.069265 loss=-0.141396 valid=1.0000 routes=9.134 grad=1.6699 seconds=66.5
Epoch 1041/5000: score=11.971574 loss=-0.132388 valid=1.0000 routes=10.410 grad=1.8923 seconds=67.1
Epoch 1042/5000: score=11.484294 loss=-0.126023 valid=1.0000 routes=10.083 grad=1.6968 seconds=67.3
Epoch 1043/5000: score=11.038398 loss=-0.128043 valid=1.0000 routes=9.772 grad=1.6215 seconds=67.5
Epoch 1044/5000: score=11.648795 loss=-0.134467 valid=1.0000 routes=9.823 grad=1.8152 seconds=66.5
Epoch 1045/5000: score=11.438181 loss=-0.137909 valid=1.0000 routes=9.194 grad=1.7523 seconds=67.2
Epoch 1046/5000: score=12.102811 loss=-0.135355 valid=1.0000 routes=10.599 grad=1.8910 seconds=66.2
Epoch 1047/5000: score=11.925605 loss=-0.133495 valid=1.0000 routes=10.078 grad=1.8930 seconds=67.1
Epoch 1048/5000: score=11.218368 loss=-0.133174 valid=1.0000 routes=9.346 grad=1.6117 seconds=67.2
Epoch 1049/5000: score=11.370868 loss=-0.129745 valid=1.0000 routes=9.575 grad=1.6942 seconds=66.6
Epoch 1050/5000: score=11.650932 loss=-0.138715 valid=1.0000 routes=9.740 grad=1.8075 seconds=67.3
Epoch 1051/5000: score=11.962151 loss=-0.131535 valid=1.0000 routes=10.319 grad=1.8434 seconds=65.9
Epoch 1052/5000: score=11.483790 loss=-0.138476 valid=1.0000 routes=9.607 grad=1.7222 seconds=66.8
Epoch 1053/5000: score=11.356612 loss=-0.129855 valid=1.0000 routes=9.596 grad=1.6576 seconds=66.2
Epoch 1054/5000: score=11.693784 loss=-0.138625 valid=1.0000 routes=9.603 grad=1.7882 seconds=66.7
Epoch 1055/5000: score=11.162128 loss=-0.128148 valid=1.0000 routes=9.679 grad=1.6097 seconds=66.1
Epoch 1056/5000: score=11.616284 loss=-0.131512 valid=1.0000 routes=10.299 grad=1.8063 seconds=65.9
Epoch 1057/5000: score=11.166362 loss=-0.131422 valid=1.0000 routes=9.532 grad=1.7040 seconds=66.6
Epoch 1058/5000: score=10.957061 loss=-0.127527 valid=1.0000 routes=9.610 grad=1.5942 seconds=65.9
Epoch 1059/5000: score=11.673271 loss=-0.141284 valid=1.0000 routes=9.648 grad=1.8391 seconds=66.7
Epoch 1060/5000: score=11.345587 loss=-0.134784 valid=1.0000 routes=9.681 grad=1.7125 seconds=66.1
Epoch 1061/5000: score=12.080184 loss=-0.137384 valid=1.0000 routes=9.995 grad=1.8915 seconds=66.5
Epoch 1062/5000: score=11.122553 loss=-0.139473 valid=1.0000 routes=9.206 grad=1.6582 seconds=66.7
Epoch 1063/5000: score=11.650061 loss=-0.126307 valid=1.0000 routes=10.226 grad=1.7695 seconds=66.9
Epoch 1064/5000: score=11.388531 loss=-0.128935 valid=1.0000 routes=9.885 grad=1.7541 seconds=67.8
Epoch 1065/5000: score=11.402599 loss=-0.134500 valid=1.0000 routes=9.839 grad=1.7181 seconds=66.8
Epoch 1066/5000: score=11.159455 loss=-0.132159 valid=1.0000 routes=9.946 grad=1.7131 seconds=65.4
Epoch 1067/5000: score=11.630653 loss=-0.130275 valid=1.0000 routes=10.176 grad=1.8183 seconds=63.9
Epoch 1068/5000: score=11.692656 loss=-0.131827 valid=1.0000 routes=9.847 grad=1.7453 seconds=67.1
Epoch 1069/5000: score=11.359110 loss=-0.126382 valid=1.0000 routes=10.197 grad=1.7046 seconds=66.4
Epoch 1070/5000: score=11.532639 loss=-0.128420 valid=1.0000 routes=10.017 grad=1.7459 seconds=66.2
Epoch 1071/5000: score=11.850274 loss=-0.127273 valid=1.0000 routes=10.370 grad=1.7813 seconds=66.1
Epoch 1072/5000: score=11.065628 loss=-0.128588 valid=1.0000 routes=9.662 grad=1.6390 seconds=66.0
Epoch 1073/5000: score=11.388598 loss=-0.134933 valid=1.0000 routes=9.912 grad=1.7609 seconds=66.6
Epoch 1074/5000: score=11.499196 loss=-0.132995 valid=1.0000 routes=9.823 grad=1.7273 seconds=66.0
Epoch 1075/5000: score=11.479634 loss=-0.132438 valid=1.0000 routes=10.447 grad=1.7995 seconds=66.7
Epoch 1076/5000: score=11.740900 loss=-0.133991 valid=1.0000 routes=9.594 grad=1.7843 seconds=66.6
Epoch 1077/5000: score=12.096254 loss=-0.132220 valid=1.0000 routes=10.429 grad=1.8656 seconds=66.2
Epoch 1078/5000: score=10.974941 loss=-0.135504 valid=1.0000 routes=9.562 grad=1.6704 seconds=66.2
Epoch 1079/5000: score=11.158053 loss=-0.142749 valid=1.0000 routes=9.444 grad=1.7042 seconds=66.1
Epoch 1080/5000: score=11.404570 loss=-0.138574 valid=1.0000 routes=9.393 grad=1.7399 seconds=66.5
Epoch 1081/5000: score=11.031803 loss=-0.131937 valid=1.0000 routes=9.326 grad=1.6869 seconds=66.0
Epoch 1082/5000: score=11.833909 loss=-0.140905 valid=1.0000 routes=9.926 grad=1.8587 seconds=66.9
Epoch 1083/5000: score=11.511293 loss=-0.138989 valid=1.0000 routes=9.998 grad=1.8653 seconds=66.6
Epoch 1084/5000: score=11.333559 loss=-0.138802 valid=1.0000 routes=9.752 grad=1.7051 seconds=66.9
Epoch 1085/5000: score=11.194715 loss=-0.131680 valid=1.0000 routes=9.739 grad=1.7058 seconds=66.6
Epoch 1086/5000: score=11.835169 loss=-0.134037 valid=1.0000 routes=10.178 grad=1.7993 seconds=66.2
Epoch 1087/5000: score=11.876909 loss=-0.134619 valid=1.0000 routes=9.477 grad=1.7639 seconds=66.9
Epoch 1088/5000: score=11.752538 loss=-0.133142 valid=1.0000 routes=9.769 grad=1.7649 seconds=66.2
Epoch 1089/5000: score=11.239979 loss=-0.123894 valid=1.0000 routes=10.000 grad=1.6418 seconds=66.6
Epoch 1090/5000: score=11.913896 loss=-0.133192 valid=1.0000 routes=9.600 grad=1.7680 seconds=65.8
Epoch 1091/5000: score=11.271674 loss=-0.136809 valid=1.0000 routes=9.796 grad=1.6498 seconds=63.5
Epoch 1092/5000: score=11.283719 loss=-0.129709 valid=1.0000 routes=9.851 grad=1.7017 seconds=66.3
Epoch 1093/5000: score=11.440450 loss=-0.132585 valid=1.0000 routes=10.068 grad=1.7482 seconds=66.5
Epoch 1094/5000: score=11.413468 loss=-0.131688 valid=1.0000 routes=10.059 grad=1.7265 seconds=66.6
Epoch 1095/5000: score=11.900557 loss=-0.133527 valid=1.0000 routes=10.300 grad=1.8379 seconds=66.7
Epoch 1096/5000: score=11.157297 loss=-0.130135 valid=1.0000 routes=10.369 grad=1.6995 seconds=66.6
Epoch 1097/5000: score=11.123306 loss=-0.136528 valid=1.0000 routes=9.492 grad=1.6628 seconds=66.3
Epoch 1098/5000: score=11.597876 loss=-0.130603 valid=1.0000 routes=9.977 grad=1.8083 seconds=66.2
Epoch 1099/5000: score=11.337963 loss=-0.129290 valid=1.0000 routes=9.531 grad=1.7011 seconds=66.4
Epoch 1100/5000: score=11.654302 loss=-0.138362 valid=1.0000 routes=9.675 grad=1.7913 seconds=66.7
Epoch 1101/5000: score=11.651781 loss=-0.133370 valid=1.0000 routes=10.279 grad=1.8028 seconds=66.7
Epoch 1102/5000: score=10.910638 loss=-0.133492 valid=1.0000 routes=9.709 grad=1.6856 seconds=66.6
Epoch 1103/5000: score=11.386291 loss=-0.136692 valid=1.0000 routes=10.114 grad=1.7932 seconds=67.1
Epoch 1104/5000: score=11.633498 loss=-0.127770 valid=1.0000 routes=10.262 grad=1.7395 seconds=66.9
Epoch 1105/5000: score=11.533003 loss=-0.127911 valid=1.0000 routes=9.785 grad=1.7216 seconds=67.0
Epoch 1106/5000: score=11.769210 loss=-0.140274 valid=1.0000 routes=9.917 grad=1.8123 seconds=66.5
Epoch 1107/5000: score=11.477762 loss=-0.128320 valid=1.0000 routes=9.741 grad=1.6846 seconds=66.6
Epoch 1108/5000: score=11.714797 loss=-0.127960 valid=1.0000 routes=9.987 grad=1.7664 seconds=66.9
Epoch 1109/5000: score=11.469751 loss=-0.130122 valid=1.0000 routes=10.223 grad=1.7597 seconds=66.3
Epoch 1110/5000: score=11.185160 loss=-0.127752 valid=1.0000 routes=9.434 grad=1.6270 seconds=66.6
Epoch 1111/5000: score=11.647606 loss=-0.129338 valid=1.0000 routes=10.324 grad=1.8028 seconds=65.7
Epoch 1112/5000: score=11.166612 loss=-0.131167 valid=1.0000 routes=9.771 grad=1.7409 seconds=66.8
Epoch 1113/5000: score=11.414627 loss=-0.136238 valid=1.0000 routes=9.388 grad=1.7024 seconds=66.1
Epoch 1114/5000: score=11.450626 loss=-0.137444 valid=1.0000 routes=9.792 grad=1.7513 seconds=66.7
Epoch 1115/5000: score=11.069131 loss=-0.132173 valid=1.0000 routes=9.912 grad=1.6684 seconds=66.3
Epoch 1116/5000: score=11.887535 loss=-0.128888 valid=1.0000 routes=10.506 grad=1.8169 seconds=66.0
Epoch 1117/5000: score=11.731630 loss=-0.134449 valid=1.0000 routes=10.081 grad=1.7837 seconds=67.2
Epoch 1118/5000: score=11.832187 loss=-0.130010 valid=1.0000 routes=10.185 grad=1.7664 seconds=66.4
Epoch 1119/5000: score=11.039065 loss=-0.129063 valid=1.0000 routes=9.558 grad=1.6891 seconds=68.0
Epoch 1120/5000: score=11.093984 loss=-0.132315 valid=1.0000 routes=9.774 grad=1.6846 seconds=66.6
Epoch 1121/5000: score=11.592417 loss=-0.133152 valid=1.0000 routes=10.226 grad=1.8086 seconds=66.9
Epoch 1122/5000: score=11.298837 loss=-0.127524 valid=1.0000 routes=9.888 grad=1.6596 seconds=67.0
Epoch 1123/5000: score=11.727353 loss=-0.131816 valid=1.0000 routes=10.221 grad=1.8209 seconds=66.3
Epoch 1124/5000: score=11.597112 loss=-0.134368 valid=1.0000 routes=10.220 grad=1.7862 seconds=66.5
Epoch 1125/5000: score=11.159003 loss=-0.128652 valid=1.0000 routes=9.945 grad=1.6683 seconds=66.3
Epoch 1126/5000: score=11.031060 loss=-0.134247 valid=1.0000 routes=9.201 grad=1.6570 seconds=67.1
Epoch 1127/5000: score=11.283661 loss=-0.133026 valid=1.0000 routes=9.576 grad=1.6406 seconds=66.3
Epoch 1128/5000: score=11.968415 loss=-0.140638 valid=1.0000 routes=10.140 grad=1.8654 seconds=66.9
Epoch 1129/5000: score=11.541768 loss=-0.130171 valid=1.0000 routes=9.884 grad=1.7346 seconds=66.6
Epoch 1130/5000: score=11.257087 loss=-0.133941 valid=1.0000 routes=9.525 grad=1.6864 seconds=66.6
Epoch 1131/5000: score=11.563929 loss=-0.131002 valid=1.0000 routes=10.092 grad=1.7025 seconds=66.6
Epoch 1132/5000: score=11.461216 loss=-0.131571 valid=1.0000 routes=9.771 grad=1.7155 seconds=66.2
Epoch 1133/5000: score=11.502881 loss=-0.123052 valid=1.0000 routes=10.078 grad=1.7007 seconds=66.5
Epoch 1134/5000: score=11.112979 loss=-0.128302 valid=1.0000 routes=9.304 grad=1.6625 seconds=66.5
Epoch 1135/5000: score=11.600541 loss=-0.132878 valid=1.0000 routes=9.822 grad=1.7991 seconds=66.5
Epoch 1136/5000: score=11.763097 loss=-0.133945 valid=1.0000 routes=10.444 grad=1.8300 seconds=66.1
Epoch 1137/5000: score=11.490515 loss=-0.123840 valid=1.0000 routes=10.515 grad=1.7592 seconds=66.9
Epoch 1138/5000: score=11.205558 loss=-0.131433 valid=1.0000 routes=9.900 grad=1.7294 seconds=66.8
Epoch 1139/5000: score=11.522568 loss=-0.130007 valid=1.0000 routes=9.740 grad=1.7290 seconds=66.3
Epoch 1140/5000: score=11.062828 loss=-0.130666 valid=1.0000 routes=9.598 grad=1.6654 seconds=66.8
Epoch 1141/5000: score=11.551496 loss=-0.136295 valid=1.0000 routes=9.606 grad=1.7542 seconds=66.2
Epoch 1142/5000: score=11.685297 loss=-0.136564 valid=1.0000 routes=9.901 grad=1.8578 seconds=66.4
Epoch 1143/5000: score=11.165461 loss=-0.130504 valid=1.0000 routes=9.631 grad=1.6718 seconds=65.9
Epoch 1144/5000: score=11.591048 loss=-0.129327 valid=1.0000 routes=10.059 grad=1.8201 seconds=66.2
Epoch 1145/5000: score=11.685197 loss=-0.125840 valid=1.0000 routes=10.317 grad=1.8287 seconds=66.4
Epoch 1146/5000: score=11.022316 loss=-0.128671 valid=1.0000 routes=9.679 grad=1.6357 seconds=66.0
Epoch 1147/5000: score=11.539996 loss=-0.129017 valid=1.0000 routes=9.951 grad=1.7303 seconds=66.6
Epoch 1148/5000: score=11.624352 loss=-0.135635 valid=1.0000 routes=10.323 grad=1.8575 seconds=65.9
Epoch 1149/5000: score=11.829195 loss=-0.129594 valid=1.0000 routes=10.535 grad=1.7834 seconds=66.9
Epoch 1150/5000: score=11.158080 loss=-0.129345 valid=1.0000 routes=9.796 grad=1.7000 seconds=61.6
Epoch 1151/5000: score=11.618496 loss=-0.130133 valid=1.0000 routes=9.999 grad=1.7713 seconds=66.5
Epoch 1152/5000: score=11.322470 loss=-0.131173 valid=1.0000 routes=9.786 grad=1.6943 seconds=66.3
Epoch 1153/5000: score=11.546476 loss=-0.129938 valid=1.0000 routes=10.256 grad=1.7179 seconds=66.2
Epoch 1154/5000: score=11.160918 loss=-0.139719 valid=1.0000 routes=9.631 grad=1.6643 seconds=66.7
Epoch 1155/5000: score=11.348712 loss=-0.133339 valid=1.0000 routes=9.609 grad=1.7062 seconds=66.1
Epoch 1156/5000: score=11.291245 loss=-0.134623 valid=1.0000 routes=9.578 grad=1.7000 seconds=66.8
Epoch 1157/5000: score=11.106626 loss=-0.129649 valid=1.0000 routes=9.787 grad=1.6926 seconds=66.3
Epoch 1158/5000: score=11.547204 loss=-0.135303 valid=1.0000 routes=10.292 grad=1.7972 seconds=67.0
Epoch 1159/5000: score=11.444656 loss=-0.131117 valid=1.0000 routes=10.276 grad=1.8077 seconds=67.0
Epoch 1160/5000: score=11.687796 loss=-0.125497 valid=1.0000 routes=10.654 grad=1.8056 seconds=66.3
Epoch 1161/5000: score=11.475936 loss=-0.134227 valid=1.0000 routes=10.002 grad=1.7491 seconds=66.1
Epoch 1162/5000: score=11.071136 loss=-0.133165 valid=1.0000 routes=9.688 grad=1.6992 seconds=66.4
Epoch 1163/5000: score=11.605375 loss=-0.134221 valid=1.0000 routes=10.579 grad=1.8614 seconds=66.9
Epoch 1164/5000: score=11.615286 loss=-0.138134 valid=1.0000 routes=9.937 grad=1.8441 seconds=66.7
Epoch 1165/5000: score=11.311001 loss=-0.130618 valid=1.0000 routes=9.628 grad=1.6865 seconds=67.1
Epoch 1166/5000: score=11.723883 loss=-0.131528 valid=1.0000 routes=10.028 grad=1.7864 seconds=66.6
Epoch 1167/5000: score=11.592300 loss=-0.130675 valid=1.0000 routes=10.204 grad=1.8069 seconds=66.7
Epoch 1168/5000: score=11.081733 loss=-0.135863 valid=1.0000 routes=9.734 grad=1.7329 seconds=66.3
Epoch 1169/5000: score=11.384452 loss=-0.130960 valid=1.0000 routes=10.265 grad=1.8221 seconds=66.4
Epoch 1170/5000: score=11.541893 loss=-0.137674 valid=1.0000 routes=9.527 grad=1.7696 seconds=66.7
Epoch 1171/5000: score=11.253498 loss=-0.133920 valid=1.0000 routes=9.509 grad=1.6752 seconds=66.0
Epoch 1172/5000: score=11.403638 loss=-0.120024 valid=1.0000 routes=9.888 grad=1.6818 seconds=66.5
Epoch 1173/5000: score=11.408874 loss=-0.134712 valid=1.0000 routes=9.908 grad=1.7326 seconds=65.8
Epoch 1174/5000: score=11.331237 loss=-0.132993 valid=1.0000 routes=10.139 grad=1.7577 seconds=66.5
Epoch 1175/5000: score=11.264596 loss=-0.131443 valid=1.0000 routes=9.994 grad=1.6923 seconds=66.4
Epoch 1176/5000: score=11.427928 loss=-0.125485 valid=1.0000 routes=9.751 grad=1.6557 seconds=65.9
Epoch 1177/5000: score=11.369446 loss=-0.129632 valid=1.0000 routes=9.839 grad=1.6787 seconds=66.7
Epoch 1178/5000: score=10.808778 loss=-0.125113 valid=1.0000 routes=9.354 grad=1.6114 seconds=66.1
Epoch 1179/5000: score=11.290184 loss=-0.129383 valid=1.0000 routes=9.963 grad=1.7125 seconds=66.9
Epoch 1180/5000: score=11.184832 loss=-0.139309 valid=1.0000 routes=9.672 grad=1.7585 seconds=65.9
Epoch 1181/5000: score=11.276600 loss=-0.129263 valid=1.0000 routes=9.301 grad=1.6303 seconds=66.6
Epoch 1182/5000: score=10.636571 loss=-0.133364 valid=1.0000 routes=9.189 grad=1.6068 seconds=67.0
Epoch 1183/5000: score=12.015465 loss=-0.133671 valid=1.0000 routes=10.102 grad=1.9126 seconds=66.5
Epoch 1184/5000: score=11.527152 loss=-0.131910 valid=1.0000 routes=10.212 grad=1.7974 seconds=66.8
Epoch 1185/5000: score=11.149080 loss=-0.131144 valid=1.0000 routes=9.166 grad=1.6534 seconds=66.6
Epoch 1186/5000: score=11.685688 loss=-0.128494 valid=1.0000 routes=9.763 grad=1.7626 seconds=66.8
Epoch 1187/5000: score=11.729846 loss=-0.129779 valid=1.0000 routes=10.589 grad=1.8416 seconds=66.6
Epoch 1188/5000: score=11.718975 loss=-0.125235 valid=1.0000 routes=10.203 grad=1.7997 seconds=67.1
>> Invalid instances, Re-generating ...
Epoch 1189/5000: score=11.812257 loss=-0.129295 valid=1.0000 routes=10.189 grad=1.8056 seconds=67.1
Epoch 1190/5000: score=11.459883 loss=-0.129222 valid=1.0000 routes=10.011 grad=1.7594 seconds=67.3
Epoch 1191/5000: score=11.508801 loss=-0.128340 valid=1.0000 routes=10.096 grad=1.7852 seconds=67.0
Epoch 1192/5000: score=11.319523 loss=-0.126913 valid=1.0000 routes=9.932 grad=1.7123 seconds=67.8
Epoch 1193/5000: score=11.192605 loss=-0.131028 valid=1.0000 routes=9.847 grad=1.6919 seconds=67.8
Epoch 1194/5000: score=11.620032 loss=-0.135311 valid=1.0000 routes=10.070 grad=1.7958 seconds=66.9
Epoch 1195/5000: score=10.816479 loss=-0.132845 valid=1.0000 routes=8.849 grad=1.5458 seconds=67.7
Epoch 1196/5000: score=11.697062 loss=-0.132598 valid=1.0000 routes=10.048 grad=1.8448 seconds=67.4
Epoch 1197/5000: score=12.096366 loss=-0.123057 valid=1.0000 routes=10.740 grad=1.8638 seconds=67.4
Epoch 1198/5000: score=11.644558 loss=-0.137884 valid=1.0000 routes=10.001 grad=1.7894 seconds=67.4
Epoch 1199/5000: score=12.034572 loss=-0.131774 valid=1.0000 routes=11.008 grad=1.9316 seconds=67.0
Epoch 1200/5000: score=11.871695 loss=-0.137607 valid=1.0000 routes=10.376 grad=1.9169 seconds=67.5
Epoch 1201/5000: score=11.302905 loss=-0.129541 valid=1.0000 routes=9.801 grad=1.6894 seconds=67.0
Epoch 1202/5000: score=11.034810 loss=-0.134680 valid=1.0000 routes=8.988 grad=1.6277 seconds=67.4
Epoch 1203/5000: score=11.659267 loss=-0.137142 valid=1.0000 routes=9.500 grad=1.7814 seconds=66.8
Epoch 1204/5000: score=11.619961 loss=-0.129071 valid=1.0000 routes=9.922 grad=1.7629 seconds=66.8
Epoch 1205/5000: score=11.440478 loss=-0.127245 valid=1.0000 routes=10.010 grad=1.7088 seconds=66.2
Epoch 1206/5000: score=11.691344 loss=-0.138162 valid=1.0000 routes=9.635 grad=1.7689 seconds=66.8
Epoch 1207/5000: score=11.241667 loss=-0.125081 valid=1.0000 routes=10.098 grad=1.6519 seconds=66.5
Epoch 1208/5000: score=11.559935 loss=-0.129956 valid=1.0000 routes=10.075 grad=1.7468 seconds=66.3
Epoch 1209/5000: score=11.502423 loss=-0.126588 valid=1.0000 routes=10.043 grad=1.7240 seconds=66.9
Epoch 1210/5000: score=12.270475 loss=-0.128114 valid=1.0000 routes=10.457 grad=1.9314 seconds=66.7
Epoch 1211/5000: score=11.529789 loss=-0.128044 valid=1.0000 routes=10.107 grad=1.7622 seconds=67.1
Epoch 1212/5000: score=11.551988 loss=-0.134903 valid=1.0000 routes=9.574 grad=1.7633 seconds=67.0
Epoch 1213/5000: score=11.539795 loss=-0.131484 valid=1.0000 routes=9.926 grad=1.7544 seconds=65.6
Epoch 1214/5000: score=11.337638 loss=-0.128806 valid=1.0000 routes=10.089 grad=1.7130 seconds=66.2
Epoch 1215/5000: score=11.699509 loss=-0.135128 valid=1.0000 routes=9.648 grad=1.7433 seconds=66.2
Epoch 1216/5000: score=12.038852 loss=-0.136383 valid=1.0000 routes=9.730 grad=1.9153 seconds=66.8
Epoch 1217/5000: score=11.179387 loss=-0.126507 valid=1.0000 routes=9.971 grad=1.6513 seconds=65.7
Epoch 1218/5000: score=11.924720 loss=-0.134000 valid=1.0000 routes=9.942 grad=1.8087 seconds=66.7
Epoch 1219/5000: score=11.611948 loss=-0.132146 valid=1.0000 routes=9.911 grad=1.8190 seconds=66.7
Epoch 1220/5000: score=11.332059 loss=-0.130801 valid=1.0000 routes=9.398 grad=1.6236 seconds=66.9
Epoch 1221/5000: score=11.682620 loss=-0.127356 valid=1.0000 routes=10.720 grad=1.7594 seconds=66.6
Epoch 1222/5000: score=11.222575 loss=-0.132618 valid=1.0000 routes=10.127 grad=1.7174 seconds=66.7
Epoch 1223/5000: score=11.050069 loss=-0.136805 valid=1.0000 routes=9.336 grad=1.6637 seconds=66.7
Epoch 1224/5000: score=11.743076 loss=-0.135419 valid=1.0000 routes=10.214 grad=1.8438 seconds=66.4
Epoch 1225/5000: score=11.313422 loss=-0.130310 valid=1.0000 routes=9.696 grad=1.6999 seconds=66.6
Epoch 1226/5000: score=11.753108 loss=-0.127082 valid=1.0000 routes=10.137 grad=1.7574 seconds=65.6
Epoch 1227/5000: score=11.601438 loss=-0.130971 valid=1.0000 routes=10.317 grad=1.7564 seconds=66.7
Epoch 1228/5000: score=12.096173 loss=-0.136928 valid=1.0000 routes=10.410 grad=1.9151 seconds=66.1
Epoch 1229/5000: score=11.465201 loss=-0.130270 valid=1.0000 routes=9.901 grad=1.7346 seconds=66.9
Epoch 1230/5000: score=11.444161 loss=-0.128444 valid=1.0000 routes=10.125 grad=1.7250 seconds=66.3
Epoch 1231/5000: score=11.227974 loss=-0.131491 valid=1.0000 routes=9.973 grad=1.7327 seconds=65.9
Epoch 1232/5000: score=10.860200 loss=-0.126655 valid=1.0000 routes=9.246 grad=1.5369 seconds=66.7
Epoch 1233/5000: score=11.703646 loss=-0.130888 valid=1.0000 routes=10.315 grad=1.8033 seconds=65.7
Epoch 1234/5000: score=10.883945 loss=-0.120928 valid=1.0000 routes=9.762 grad=1.5681 seconds=66.3
Epoch 1235/5000: score=11.298617 loss=-0.132702 valid=1.0000 routes=9.732 grad=1.7364 seconds=65.8
Epoch 1236/5000: score=11.837071 loss=-0.134777 valid=1.0000 routes=10.337 grad=1.8984 seconds=66.6
Epoch 1237/5000: score=11.619691 loss=-0.123892 valid=1.0000 routes=10.057 grad=1.7548 seconds=66.1
Epoch 1238/5000: score=10.976728 loss=-0.131042 valid=1.0000 routes=9.480 grad=1.5996 seconds=66.5
Epoch 1239/5000: score=11.194349 loss=-0.130680 valid=1.0000 routes=9.588 grad=1.6681 seconds=63.1
Epoch 1240/5000: score=11.343792 loss=-0.127219 valid=1.0000 routes=10.202 grad=1.6815 seconds=66.1
Epoch 1241/5000: score=11.469721 loss=-0.130286 valid=1.0000 routes=9.900 grad=1.7843 seconds=66.6
Epoch 1242/5000: score=11.503260 loss=-0.127829 valid=1.0000 routes=9.424 grad=1.7598 seconds=66.2
Epoch 1243/5000: score=11.410710 loss=-0.125919 valid=1.0000 routes=9.668 grad=1.6822 seconds=65.4
Epoch 1244/5000: score=11.255894 loss=-0.126788 valid=1.0000 routes=9.901 grad=1.6618 seconds=65.9
Epoch 1245/5000: score=11.878228 loss=-0.137466 valid=1.0000 routes=10.240 grad=1.8599 seconds=66.3
Epoch 1246/5000: score=11.344840 loss=-0.130167 valid=1.0000 routes=9.786 grad=1.7195 seconds=66.4
Epoch 1247/5000: score=11.281791 loss=-0.129930 valid=1.0000 routes=9.787 grad=1.7041 seconds=65.8
Epoch 1248/5000: score=11.052156 loss=-0.126366 valid=1.0000 routes=10.148 grad=1.6703 seconds=66.4
Epoch 1249/5000: score=11.278883 loss=-0.123256 valid=1.0000 routes=10.225 grad=1.6642 seconds=65.7
Epoch 1250/5000: score=11.430577 loss=-0.126901 valid=1.0000 routes=9.601 grad=1.7076 seconds=66.6
Epoch 1251/5000: score=12.071834 loss=-0.131460 valid=1.0000 routes=10.063 grad=1.7775 seconds=65.9
Epoch 1252/5000: score=11.361978 loss=-0.135681 valid=1.0000 routes=9.578 grad=1.7237 seconds=67.0
Epoch 1253/5000: score=11.590205 loss=-0.129373 valid=1.0000 routes=9.791 grad=1.7567 seconds=65.9
Epoch 1254/5000: score=11.840319 loss=-0.131319 valid=1.0000 routes=9.783 grad=1.7478 seconds=66.0
Epoch 1255/5000: score=11.192263 loss=-0.126137 valid=1.0000 routes=9.930 grad=1.6459 seconds=66.3
Epoch 1256/5000: score=11.648481 loss=-0.128353 valid=1.0000 routes=9.944 grad=1.8074 seconds=66.7
Epoch 1257/5000: score=11.546559 loss=-0.128191 valid=1.0000 routes=10.201 grad=1.7578 seconds=67.0
Epoch 1258/5000: score=11.239630 loss=-0.129450 valid=1.0000 routes=9.606 grad=1.6812 seconds=66.4
Epoch 1259/5000: score=11.587146 loss=-0.135595 valid=1.0000 routes=9.888 grad=1.7996 seconds=67.0
Epoch 1260/5000: score=11.301576 loss=-0.123830 valid=1.0000 routes=10.421 grad=1.7316 seconds=66.1
Epoch 1261/5000: score=11.897946 loss=-0.128776 valid=1.0000 routes=10.181 grad=1.7703 seconds=66.0
Epoch 1262/5000: score=11.416718 loss=-0.128982 valid=1.0000 routes=10.351 grad=1.7811 seconds=66.3
Epoch 1263/5000: score=11.155512 loss=-0.136580 valid=1.0000 routes=9.653 grad=1.7040 seconds=66.9
Epoch 1264/5000: score=11.145285 loss=-0.127162 valid=1.0000 routes=9.833 grad=1.6884 seconds=66.6
Epoch 1265/5000: score=11.452927 loss=-0.136755 valid=1.0000 routes=9.881 grad=1.7453 seconds=66.1
Epoch 1266/5000: score=11.604107 loss=-0.127395 valid=1.0000 routes=10.089 grad=1.7152 seconds=66.5
Epoch 1267/5000: score=11.372010 loss=-0.129891 valid=1.0000 routes=9.880 grad=1.7341 seconds=66.2
Epoch 1268/5000: score=11.734878 loss=-0.133513 valid=1.0000 routes=9.871 grad=1.7650 seconds=66.8
Epoch 1269/5000: score=11.660720 loss=-0.126918 valid=1.0000 routes=10.577 grad=1.7865 seconds=65.8
Epoch 1270/5000: score=12.016056 loss=-0.135364 valid=1.0000 routes=10.599 grad=1.9602 seconds=66.5
Epoch 1271/5000: score=11.683400 loss=-0.129201 valid=1.0000 routes=10.188 grad=1.8077 seconds=66.2
Epoch 1272/5000: score=11.028635 loss=-0.128365 valid=1.0000 routes=9.692 grad=1.6064 seconds=66.2
Epoch 1273/5000: score=11.455388 loss=-0.129361 valid=1.0000 routes=9.571 grad=1.6798 seconds=66.4
Epoch 1274/5000: score=11.167213 loss=-0.134491 valid=1.0000 routes=9.473 grad=1.6234 seconds=66.5
Epoch 1275/5000: score=10.909729 loss=-0.121968 valid=1.0000 routes=9.658 grad=1.5896 seconds=66.8
Epoch 1276/5000: score=11.549433 loss=-0.130668 valid=1.0000 routes=9.576 grad=1.7258 seconds=66.4
Epoch 1277/5000: score=11.114014 loss=-0.130006 valid=1.0000 routes=9.654 grad=1.6603 seconds=67.3
Epoch 1278/5000: score=11.673962 loss=-0.130613 valid=1.0000 routes=9.548 grad=1.7224 seconds=66.7
Epoch 1279/5000: score=11.327683 loss=-0.125398 valid=1.0000 routes=9.619 grad=1.6011 seconds=67.2
Epoch 1280/5000: score=11.048723 loss=-0.124438 valid=1.0000 routes=9.617 grad=1.5899 seconds=66.4
Epoch 1281/5000: score=11.588014 loss=-0.132728 valid=1.0000 routes=10.210 grad=1.8740 seconds=66.9
Epoch 1282/5000: score=12.028094 loss=-0.125471 valid=1.0000 routes=10.424 grad=1.8183 seconds=66.6
Epoch 1283/5000: score=11.476333 loss=-0.129543 valid=1.0000 routes=9.984 grad=1.7570 seconds=66.2
Epoch 1284/5000: score=11.069672 loss=-0.126484 valid=1.0000 routes=9.850 grad=1.6489 seconds=67.0
Epoch 1285/5000: score=11.880767 loss=-0.122038 valid=1.0000 routes=10.672 grad=1.8020 seconds=65.8
Epoch 1286/5000: score=11.168393 loss=-0.131459 valid=1.0000 routes=9.633 grad=1.7117 seconds=67.0
Epoch 1287/5000: score=11.422513 loss=-0.133941 valid=1.0000 routes=9.787 grad=1.7510 seconds=66.4
Epoch 1288/5000: score=11.303541 loss=-0.127919 valid=1.0000 routes=9.541 grad=1.6512 seconds=66.4
Epoch 1289/5000: score=11.749679 loss=-0.133358 valid=1.0000 routes=10.278 grad=1.8573 seconds=66.4
Epoch 1290/5000: score=11.186983 loss=-0.128219 valid=1.0000 routes=9.417 grad=1.6657 seconds=66.8
Epoch 1291/5000: score=11.235811 loss=-0.128121 valid=1.0000 routes=9.524 grad=1.6741 seconds=66.8
Epoch 1292/5000: score=11.005460 loss=-0.127296 valid=1.0000 routes=10.237 grad=1.6920 seconds=66.4
Epoch 1293/5000: score=11.408690 loss=-0.128873 valid=1.0000 routes=9.861 grad=1.6766 seconds=66.3
Epoch 1294/5000: score=11.421098 loss=-0.123257 valid=1.0000 routes=9.501 grad=1.6420 seconds=65.6
Epoch 1295/5000: score=11.355018 loss=-0.125198 valid=1.0000 routes=9.491 grad=1.6513 seconds=66.6
Epoch 1296/5000: score=11.036656 loss=-0.131846 valid=1.0000 routes=9.212 grad=1.6306 seconds=66.4
Epoch 1297/5000: score=11.739074 loss=-0.134612 valid=1.0000 routes=10.226 grad=1.8357 seconds=66.9
Epoch 1298/5000: score=10.963194 loss=-0.124697 valid=1.0000 routes=10.329 grad=1.6214 seconds=66.2
Epoch 1299/5000: score=11.976259 loss=-0.129917 valid=1.0000 routes=10.567 grad=1.8818 seconds=67.0
Epoch 1300/5000: score=11.156533 loss=-0.125926 valid=1.0000 routes=9.377 grad=1.6057 seconds=67.2
Epoch 1301/5000: score=11.595469 loss=-0.136414 valid=1.0000 routes=10.126 grad=1.7726 seconds=66.2
Epoch 1302/5000: score=11.049385 loss=-0.129947 valid=1.0000 routes=9.573 grad=1.6153 seconds=67.3
Epoch 1303/5000: score=11.115023 loss=-0.130347 valid=1.0000 routes=9.465 grad=1.6559 seconds=66.1
Epoch 1304/5000: score=11.580066 loss=-0.134135 valid=1.0000 routes=9.618 grad=1.6968 seconds=66.4
Epoch 1305/5000: score=11.410813 loss=-0.128006 valid=1.0000 routes=9.985 grad=1.7333 seconds=65.9
Epoch 1306/5000: score=11.060576 loss=-0.135154 valid=1.0000 routes=9.278 grad=1.6659 seconds=66.5
Epoch 1307/5000: score=11.396040 loss=-0.123999 valid=1.0000 routes=10.589 grad=1.7578 seconds=66.4
Epoch 1308/5000: score=11.784283 loss=-0.130316 valid=1.0000 routes=9.571 grad=1.7236 seconds=66.2
Epoch 1309/5000: score=11.322409 loss=-0.121669 valid=1.0000 routes=9.572 grad=1.6313 seconds=67.2
Epoch 1310/5000: score=11.822572 loss=-0.121188 valid=1.0000 routes=10.458 grad=1.8571 seconds=66.4
Epoch 1311/5000: score=11.035637 loss=-0.124222 valid=1.0000 routes=9.339 grad=1.6002 seconds=67.0
Epoch 1312/5000: score=11.123162 loss=-0.126617 valid=1.0000 routes=9.701 grad=1.6233 seconds=66.5
Epoch 1313/5000: score=11.048845 loss=-0.123159 valid=1.0000 routes=9.589 grad=1.6157 seconds=66.7
Epoch 1314/5000: score=11.223480 loss=-0.130529 valid=1.0000 routes=10.003 grad=1.7587 seconds=67.3
Epoch 1315/5000: score=11.272462 loss=-0.131266 valid=1.0000 routes=9.341 grad=1.6351 seconds=66.2
Epoch 1316/5000: score=11.937158 loss=-0.135148 valid=1.0000 routes=9.831 grad=1.8051 seconds=67.6
Epoch 1317/5000: score=11.343562 loss=-0.128185 valid=1.0000 routes=10.256 grad=1.7467 seconds=66.5
Epoch 1318/5000: score=11.428862 loss=-0.123609 valid=1.0000 routes=10.401 grad=1.7225 seconds=67.2
Epoch 1319/5000: score=11.709268 loss=-0.128058 valid=1.0000 routes=10.229 grad=1.7745 seconds=66.5
Epoch 1320/5000: score=11.505743 loss=-0.124441 valid=1.0000 routes=9.978 grad=1.7245 seconds=66.7
Epoch 1321/5000: score=11.478413 loss=-0.137121 valid=1.0000 routes=9.274 grad=1.7319 seconds=67.0
Epoch 1322/5000: score=10.833459 loss=-0.130120 valid=1.0000 routes=9.009 grad=1.6122 seconds=66.4
Epoch 1323/5000: score=11.495223 loss=-0.126576 valid=1.0000 routes=10.046 grad=1.7721 seconds=66.7
Epoch 1324/5000: score=11.431132 loss=-0.134505 valid=1.0000 routes=9.818 grad=1.7968 seconds=66.7
Epoch 1325/5000: score=11.240468 loss=-0.124629 valid=1.0000 routes=9.814 grad=1.6604 seconds=66.6
Epoch 1326/5000: score=10.892310 loss=-0.126439 valid=1.0000 routes=8.714 grad=1.5103 seconds=66.0
Epoch 1327/5000: score=11.377597 loss=-0.132079 valid=1.0000 routes=9.695 grad=1.7276 seconds=66.3
Epoch 1328/5000: score=11.073504 loss=-0.133333 valid=1.0000 routes=9.368 grad=1.5983 seconds=66.0
Epoch 1329/5000: score=11.704519 loss=-0.131387 valid=1.0000 routes=10.160 grad=1.8274 seconds=66.4
Epoch 1330/5000: score=11.766744 loss=-0.125189 valid=1.0000 routes=10.118 grad=1.8290 seconds=66.0
Epoch 1331/5000: score=12.013479 loss=-0.126606 valid=1.0000 routes=10.333 grad=1.8620 seconds=66.1
Epoch 1332/5000: score=11.555946 loss=-0.138154 valid=1.0000 routes=9.700 grad=1.8117 seconds=67.1
Epoch 1333/5000: score=11.144384 loss=-0.126726 valid=1.0000 routes=9.526 grad=1.6535 seconds=66.4
Epoch 1334/5000: score=11.351055 loss=-0.130945 valid=1.0000 routes=9.950 grad=1.6891 seconds=67.2
Epoch 1335/5000: score=12.070601 loss=-0.131126 valid=1.0000 routes=10.567 grad=1.8474 seconds=66.4
Epoch 1336/5000: score=11.827398 loss=-0.133102 valid=1.0000 routes=10.021 grad=1.7806 seconds=66.1
Epoch 1337/5000: score=11.292210 loss=-0.129343 valid=1.0000 routes=9.460 grad=1.6593 seconds=66.6
Epoch 1338/5000: score=12.007966 loss=-0.129802 valid=1.0000 routes=9.825 grad=1.8022 seconds=64.8
Epoch 1339/5000: score=11.433128 loss=-0.134596 valid=1.0000 routes=9.416 grad=1.7013 seconds=67.0
Epoch 1340/5000: score=11.628620 loss=-0.128116 valid=1.0000 routes=9.945 grad=1.7881 seconds=66.5
Epoch 1341/5000: score=11.749388 loss=-0.128484 valid=1.0000 routes=10.577 grad=1.8282 seconds=66.9
Epoch 1342/5000: score=11.591288 loss=-0.127785 valid=1.0000 routes=10.239 grad=1.7764 seconds=66.8
Epoch 1343/5000: score=11.385794 loss=-0.130846 valid=1.0000 routes=9.400 grad=1.6897 seconds=66.7
Epoch 1344/5000: score=11.588031 loss=-0.126948 valid=1.0000 routes=10.313 grad=1.7424 seconds=66.5
Epoch 1345/5000: score=11.301848 loss=-0.126625 valid=1.0000 routes=9.993 grad=1.6751 seconds=66.4
Epoch 1346/5000: score=11.174137 loss=-0.131826 valid=1.0000 routes=9.077 grad=1.6500 seconds=67.4
Epoch 1347/5000: score=11.250256 loss=-0.132957 valid=1.0000 routes=10.242 grad=1.7352 seconds=66.1
Epoch 1348/5000: score=11.424889 loss=-0.128162 valid=1.0000 routes=9.968 grad=1.7324 seconds=66.3
Epoch 1349/5000: score=11.189499 loss=-0.128304 valid=1.0000 routes=10.098 grad=1.6810 seconds=66.4
Epoch 1350/5000: score=11.252634 loss=-0.121897 valid=1.0000 routes=10.029 grad=1.6508 seconds=66.7
Epoch 1351/5000: score=11.138328 loss=-0.128776 valid=1.0000 routes=10.421 grad=1.6983 seconds=66.1
Epoch 1352/5000: score=11.319769 loss=-0.124904 valid=1.0000 routes=9.768 grad=1.7186 seconds=66.4
Epoch 1353/5000: score=11.238583 loss=-0.126285 valid=1.0000 routes=10.560 grad=1.7921 seconds=66.8
>> Invalid instances, Re-generating ...
Epoch 1354/5000: score=11.178087 loss=-0.127611 valid=1.0000 routes=9.636 grad=1.6767 seconds=66.3
Epoch 1355/5000: score=11.179506 loss=-0.123440 valid=1.0000 routes=9.681 grad=1.6688 seconds=66.9
Epoch 1356/5000: score=11.490915 loss=-0.125601 valid=1.0000 routes=10.410 grad=1.7819 seconds=66.1
Epoch 1357/5000: score=11.388886 loss=-0.130056 valid=1.0000 routes=9.752 grad=1.6877 seconds=67.5
Epoch 1358/5000: score=11.612422 loss=-0.130217 valid=1.0000 routes=9.935 grad=1.7971 seconds=66.6
Epoch 1359/5000: score=11.053770 loss=-0.134829 valid=1.0000 routes=9.799 grad=1.6922 seconds=67.1
Epoch 1360/5000: score=11.329066 loss=-0.132426 valid=1.0000 routes=9.744 grad=1.6938 seconds=66.5
Epoch 1361/5000: score=11.358266 loss=-0.129050 valid=1.0000 routes=9.936 grad=1.7348 seconds=66.4
Epoch 1362/5000: score=11.972268 loss=-0.137833 valid=1.0000 routes=10.329 grad=1.9219 seconds=67.3
Epoch 1363/5000: score=11.364395 loss=-0.130986 valid=1.0000 routes=9.990 grad=1.6681 seconds=66.6
Epoch 1364/5000: score=10.962693 loss=-0.129513 valid=1.0000 routes=9.632 grad=1.5903 seconds=67.2
Epoch 1365/5000: score=10.812110 loss=-0.124223 valid=1.0000 routes=9.636 grad=1.5831 seconds=66.2
Epoch 1366/5000: score=11.139460 loss=-0.131824 valid=1.0000 routes=9.147 grad=1.6288 seconds=67.8
Epoch 1367/5000: score=11.636442 loss=-0.125462 valid=1.0000 routes=10.693 grad=1.8287 seconds=66.5
Epoch 1368/5000: score=11.665229 loss=-0.127245 valid=1.0000 routes=9.902 grad=1.7533 seconds=66.7
Epoch 1369/5000: score=10.722487 loss=-0.132893 valid=1.0000 routes=9.507 grad=1.6042 seconds=66.7
Epoch 1370/5000: score=11.202766 loss=-0.129354 valid=1.0000 routes=9.951 grad=1.7147 seconds=65.8
Epoch 1371/5000: score=11.234176 loss=-0.131108 valid=1.0000 routes=9.533 grad=1.6411 seconds=66.5
Epoch 1372/5000: score=11.068357 loss=-0.130190 valid=1.0000 routes=9.531 grad=1.6502 seconds=66.4
Epoch 1373/5000: score=11.598648 loss=-0.119409 valid=1.0000 routes=10.676 grad=1.7557 seconds=66.3
Epoch 1374/5000: score=11.633537 loss=-0.132061 valid=1.0000 routes=10.176 grad=1.8084 seconds=66.2
Epoch 1375/5000: score=11.607969 loss=-0.128958 valid=1.0000 routes=10.424 grad=1.8201 seconds=66.3
Epoch 1376/5000: score=11.373562 loss=-0.128585 valid=1.0000 routes=9.749 grad=1.6987 seconds=66.6
Epoch 1377/5000: score=11.707288 loss=-0.133014 valid=1.0000 routes=9.621 grad=1.7962 seconds=66.1
Epoch 1378/5000: score=11.420858 loss=-0.130418 valid=1.0000 routes=9.950 grad=1.7293 seconds=67.4
Epoch 1379/5000: score=11.230807 loss=-0.128480 valid=1.0000 routes=9.758 grad=1.6559 seconds=66.3
Epoch 1380/5000: score=12.049603 loss=-0.130608 valid=1.0000 routes=10.104 grad=1.8369 seconds=66.9
Epoch 1381/5000: score=11.250965 loss=-0.122191 valid=1.0000 routes=9.890 grad=1.6584 seconds=65.9
Epoch 1382/5000: score=11.475211 loss=-0.124926 valid=1.0000 routes=9.851 grad=1.7376 seconds=67.3
Epoch 1383/5000: score=11.581032 loss=-0.126542 valid=1.0000 routes=10.075 grad=1.7606 seconds=67.5
Epoch 1384/5000: score=10.987271 loss=-0.132340 valid=1.0000 routes=9.483 grad=1.6500 seconds=66.3
Epoch 1385/5000: score=11.044295 loss=-0.127989 valid=1.0000 routes=9.757 grad=1.6507 seconds=67.0
Epoch 1386/5000: score=11.261433 loss=-0.131340 valid=1.0000 routes=9.729 grad=1.6597 seconds=66.3
Epoch 1387/5000: score=11.439429 loss=-0.129522 valid=1.0000 routes=9.878 grad=1.7356 seconds=66.0
Epoch 1388/5000: score=11.084908 loss=-0.128161 valid=1.0000 routes=9.553 grad=1.6478 seconds=65.8
Epoch 1389/5000: score=11.586699 loss=-0.128096 valid=1.0000 routes=10.023 grad=1.8077 seconds=66.7
Epoch 1390/5000: score=11.216602 loss=-0.133808 valid=1.0000 routes=9.321 grad=1.6380 seconds=65.9
Epoch 1391/5000: score=11.524181 loss=-0.125974 valid=1.0000 routes=9.986 grad=1.7824 seconds=66.5
Epoch 1392/5000: score=11.405306 loss=-0.128492 valid=1.0000 routes=10.256 grad=1.7400 seconds=66.4
Epoch 1393/5000: score=11.745419 loss=-0.132862 valid=1.0000 routes=10.161 grad=1.8173 seconds=66.0
Epoch 1394/5000: score=11.377301 loss=-0.134074 valid=1.0000 routes=9.239 grad=1.6859 seconds=66.9
Epoch 1395/5000: score=11.673683 loss=-0.128034 valid=1.0000 routes=10.439 grad=1.8100 seconds=66.0
Epoch 1396/5000: score=11.204516 loss=-0.131827 valid=1.0000 routes=9.256 grad=1.6288 seconds=67.1
Epoch 1397/5000: score=11.473853 loss=-0.129450 valid=1.0000 routes=10.449 grad=1.7944 seconds=66.4
Epoch 1398/5000: score=11.492061 loss=-0.126870 valid=1.0000 routes=10.297 grad=1.7931 seconds=66.6
Epoch 1399/5000: score=11.748416 loss=-0.127529 valid=1.0000 routes=10.088 grad=1.8022 seconds=65.8
Epoch 1400/5000: score=11.425130 loss=-0.129365 valid=1.0000 routes=10.093 grad=1.7263 seconds=66.4
Epoch 1401/5000: score=11.090775 loss=-0.128895 valid=1.0000 routes=9.963 grad=1.6768 seconds=66.5
Epoch 1402/5000: score=12.191538 loss=-0.130424 valid=1.0000 routes=10.492 grad=1.9397 seconds=66.4
Epoch 1403/5000: score=11.552873 loss=-0.127995 valid=1.0000 routes=9.581 grad=1.6783 seconds=67.2
Epoch 1404/5000: score=11.669377 loss=-0.131692 valid=1.0000 routes=10.017 grad=1.8338 seconds=66.2
Epoch 1405/5000: score=10.981230 loss=-0.130640 valid=1.0000 routes=9.652 grad=1.6576 seconds=67.5
Epoch 1406/5000: score=11.214164 loss=-0.127842 valid=1.0000 routes=9.797 grad=1.7077 seconds=66.2
Epoch 1407/5000: score=11.455053 loss=-0.123714 valid=1.0000 routes=9.884 grad=1.6934 seconds=66.8
Epoch 1408/5000: score=11.197678 loss=-0.119000 valid=1.0000 routes=9.860 grad=1.6144 seconds=66.6
Epoch 1409/5000: score=11.627029 loss=-0.124818 valid=1.0000 routes=10.525 grad=1.7922 seconds=66.1
Epoch 1410/5000: score=11.475630 loss=-0.126985 valid=1.0000 routes=9.528 grad=1.6935 seconds=66.7
Epoch 1411/5000: score=11.994526 loss=-0.126982 valid=1.0000 routes=10.224 grad=1.8057 seconds=66.8
Epoch 1412/5000: score=11.611902 loss=-0.135982 valid=1.0000 routes=10.013 grad=1.7930 seconds=67.4
Epoch 1413/5000: score=11.657861 loss=-0.127094 valid=1.0000 routes=9.774 grad=1.7314 seconds=65.7
Epoch 1414/5000: score=11.262905 loss=-0.133393 valid=1.0000 routes=9.799 grad=1.7091 seconds=67.2
Epoch 1415/5000: score=11.365679 loss=-0.131247 valid=1.0000 routes=10.088 grad=1.7631 seconds=66.9
Epoch 1416/5000: score=11.757942 loss=-0.132895 valid=1.0000 routes=10.108 grad=1.8494 seconds=67.0
Epoch 1417/5000: score=11.822317 loss=-0.135244 valid=1.0000 routes=10.176 grad=1.8378 seconds=66.7
Epoch 1418/5000: score=11.415984 loss=-0.136069 valid=1.0000 routes=9.403 grad=1.7116 seconds=66.7
Epoch 1419/5000: score=11.290266 loss=-0.127226 valid=1.0000 routes=9.787 grad=1.7218 seconds=66.5
Epoch 1420/5000: score=11.217977 loss=-0.136807 valid=1.0000 routes=9.613 grad=1.7209 seconds=66.7
Epoch 1421/5000: score=11.258215 loss=-0.127773 valid=1.0000 routes=10.167 grad=1.7308 seconds=66.9
Epoch 1422/5000: score=11.483835 loss=-0.136689 valid=1.0000 routes=9.559 grad=1.7490 seconds=66.9
Epoch 1423/5000: score=11.281249 loss=-0.129483 valid=1.0000 routes=9.534 grad=1.6584 seconds=67.1
Epoch 1424/5000: score=11.761725 loss=-0.132875 valid=1.0000 routes=9.833 grad=1.8207 seconds=66.5
Epoch 1425/5000: score=11.840520 loss=-0.138458 valid=1.0000 routes=9.741 grad=1.8429 seconds=67.4
Epoch 1426/5000: score=11.390629 loss=-0.128520 valid=1.0000 routes=10.323 grad=1.7641 seconds=66.8
Epoch 1427/5000: score=11.806568 loss=-0.125544 valid=1.0000 routes=9.879 grad=1.7688 seconds=67.1
Epoch 1428/5000: score=11.472542 loss=-0.126361 valid=1.0000 routes=9.426 grad=1.6912 seconds=67.6
Epoch 1429/5000: score=11.265204 loss=-0.127550 valid=1.0000 routes=9.789 grad=1.7025 seconds=67.9
Epoch 1430/5000: score=11.550305 loss=-0.129855 valid=1.0000 routes=9.976 grad=1.7276 seconds=67.4
Epoch 1431/5000: score=11.637241 loss=-0.125043 valid=1.0000 routes=10.328 grad=1.8100 seconds=66.4
Epoch 1432/5000: score=11.653456 loss=-0.138125 valid=1.0000 routes=10.149 grad=1.8148 seconds=67.3
Epoch 1433/5000: score=11.401233 loss=-0.123001 valid=1.0000 routes=9.875 grad=1.6445 seconds=66.2
Epoch 1434/5000: score=11.809004 loss=-0.128209 valid=1.0000 routes=9.899 grad=1.7432 seconds=67.1
Epoch 1435/5000: score=11.263820 loss=-0.122264 valid=1.0000 routes=9.934 grad=1.6690 seconds=66.3
Epoch 1436/5000: score=11.247236 loss=-0.120727 valid=1.0000 routes=10.047 grad=1.6360 seconds=66.5
Epoch 1437/5000: score=11.655840 loss=-0.128532 valid=1.0000 routes=9.692 grad=1.7465 seconds=67.1
Epoch 1438/5000: score=10.917194 loss=-0.126672 valid=1.0000 routes=9.107 grad=1.5089 seconds=66.7
Epoch 1439/5000: score=11.126099 loss=-0.126956 valid=1.0000 routes=9.831 grad=1.6755 seconds=67.6
Epoch 1440/5000: score=11.046973 loss=-0.122977 valid=1.0000 routes=10.295 grad=1.6498 seconds=66.7
Epoch 1441/5000: score=11.491967 loss=-0.130150 valid=1.0000 routes=9.575 grad=1.7599 seconds=67.2
Epoch 1442/5000: score=11.354660 loss=-0.120045 valid=1.0000 routes=10.491 grad=1.6994 seconds=66.5
Epoch 1443/5000: score=11.155030 loss=-0.124916 valid=1.0000 routes=9.627 grad=1.6289 seconds=67.6
Epoch 1444/5000: score=11.655975 loss=-0.134051 valid=1.0000 routes=9.794 grad=1.7545 seconds=66.6
Epoch 1445/5000: score=11.496789 loss=-0.131239 valid=1.0000 routes=9.697 grad=1.7959 seconds=66.7
Epoch 1446/5000: score=10.930491 loss=-0.123249 valid=1.0000 routes=9.635 grad=1.5721 seconds=67.0
Epoch 1447/5000: score=11.216877 loss=-0.121752 valid=1.0000 routes=9.764 grad=1.6351 seconds=67.5
Epoch 1448/5000: score=11.569680 loss=-0.131458 valid=1.0000 routes=9.828 grad=1.8348 seconds=67.8
Epoch 1449/5000: score=11.369197 loss=-0.133470 valid=1.0000 routes=10.139 grad=1.7376 seconds=67.2
Epoch 1450/5000: score=11.338775 loss=-0.129094 valid=1.0000 routes=9.328 grad=1.6206 seconds=67.7
Epoch 1451/5000: score=11.360309 loss=-0.127081 valid=1.0000 routes=9.933 grad=1.6933 seconds=67.4
Epoch 1452/5000: score=11.284580 loss=-0.117777 valid=1.0000 routes=9.899 grad=1.6036 seconds=67.2
Epoch 1453/5000: score=11.510743 loss=-0.125888 valid=1.0000 routes=10.183 grad=1.7870 seconds=67.2
Epoch 1454/5000: score=11.234358 loss=-0.135731 valid=1.0000 routes=9.756 grad=1.7337 seconds=67.7
Epoch 1455/5000: score=11.453761 loss=-0.125916 valid=1.0000 routes=9.883 grad=1.7302 seconds=68.1
Epoch 1456/5000: score=11.763225 loss=-0.127294 valid=1.0000 routes=9.860 grad=1.7504 seconds=66.9
Epoch 1457/5000: score=11.614426 loss=-0.128781 valid=1.0000 routes=10.249 grad=1.8183 seconds=67.4
>> Invalid instances, Re-generating ...
Epoch 1458/5000: score=11.488936 loss=-0.132583 valid=1.0000 routes=9.984 grad=1.7950 seconds=66.8
Epoch 1459/5000: score=11.222750 loss=-0.125163 valid=1.0000 routes=9.873 grad=1.6605 seconds=68.1
Epoch 1460/5000: score=11.116409 loss=-0.126169 valid=1.0000 routes=10.098 grad=1.6926 seconds=67.4
Epoch 1461/5000: score=11.287463 loss=-0.124363 valid=1.0000 routes=10.094 grad=1.7044 seconds=67.7
Epoch 1462/5000: score=11.811731 loss=-0.135629 valid=1.0000 routes=10.647 grad=1.9297 seconds=67.4
Epoch 1463/5000: score=11.514648 loss=-0.134573 valid=1.0000 routes=9.378 grad=1.7291 seconds=67.8
Epoch 1464/5000: score=11.581928 loss=-0.131137 valid=1.0000 routes=9.815 grad=1.7341 seconds=65.6
Epoch 1465/5000: score=11.846448 loss=-0.135488 valid=1.0000 routes=9.743 grad=1.7813 seconds=67.7
Epoch 1466/5000: score=11.445049 loss=-0.130521 valid=1.0000 routes=9.849 grad=1.6633 seconds=67.4
Epoch 1467/5000: score=11.390572 loss=-0.127461 valid=1.0000 routes=9.688 grad=1.6594 seconds=66.9
Epoch 1468/5000: score=11.229469 loss=-0.127477 valid=1.0000 routes=9.662 grad=1.6460 seconds=67.6
Epoch 1469/5000: score=11.767438 loss=-0.121324 valid=1.0000 routes=10.152 grad=1.7656 seconds=67.1
Epoch 1470/5000: score=10.937334 loss=-0.120825 valid=1.0000 routes=9.222 grad=1.5519 seconds=68.0
Epoch 1471/5000: score=11.450808 loss=-0.131047 valid=1.0000 routes=9.802 grad=1.6937 seconds=67.8
Epoch 1472/5000: score=11.444417 loss=-0.124866 valid=1.0000 routes=9.867 grad=1.7547 seconds=66.9
Epoch 1473/5000: score=11.392899 loss=-0.130723 valid=1.0000 routes=10.148 grad=1.7782 seconds=67.1
Epoch 1474/5000: score=11.045295 loss=-0.126969 valid=1.0000 routes=9.768 grad=1.6639 seconds=67.6
Epoch 1475/5000: score=11.849012 loss=-0.125141 valid=1.0000 routes=10.145 grad=1.8288 seconds=68.2
Epoch 1476/5000: score=10.993819 loss=-0.125471 valid=1.0000 routes=9.678 grad=1.6539 seconds=67.6
Epoch 1477/5000: score=11.418909 loss=-0.124556 valid=1.0000 routes=9.938 grad=1.7096 seconds=67.7
Epoch 1478/5000: score=11.788348 loss=-0.130290 valid=1.0000 routes=9.690 grad=1.8062 seconds=68.0
Epoch 1479/5000: score=11.490514 loss=-0.127863 valid=1.0000 routes=9.984 grad=1.7494 seconds=67.6
Epoch 1480/5000: score=11.661010 loss=-0.126847 valid=1.0000 routes=10.084 grad=1.8291 seconds=68.0
Epoch 1481/5000: score=11.281528 loss=-0.122102 valid=1.0000 routes=9.818 grad=1.6588 seconds=67.2
Epoch 1482/5000: score=11.699128 loss=-0.124928 valid=1.0000 routes=10.124 grad=1.7385 seconds=67.5
Epoch 1483/5000: score=11.211663 loss=-0.122273 valid=1.0000 routes=9.494 grad=1.6019 seconds=67.1
Epoch 1484/5000: score=11.666146 loss=-0.131379 valid=1.0000 routes=10.093 grad=1.7735 seconds=67.9
Epoch 1485/5000: score=11.529444 loss=-0.121703 valid=1.0000 routes=10.028 grad=1.7008 seconds=67.0
Epoch 1486/5000: score=11.266710 loss=-0.125956 valid=1.0000 routes=10.074 grad=1.7017 seconds=67.8
Epoch 1487/5000: score=11.602968 loss=-0.131817 valid=1.0000 routes=9.946 grad=1.7124 seconds=66.9
Epoch 1488/5000: score=11.513893 loss=-0.130101 valid=1.0000 routes=10.196 grad=1.7995 seconds=67.5
Epoch 1489/5000: score=11.800753 loss=-0.134548 valid=1.0000 routes=9.452 grad=1.7683 seconds=67.1
Epoch 1490/5000: score=11.789868 loss=-0.132434 valid=1.0000 routes=9.841 grad=1.7797 seconds=67.3
Epoch 1491/5000: score=11.715326 loss=-0.123659 valid=1.0000 routes=10.241 grad=1.7774 seconds=67.4
Epoch 1492/5000: score=11.545107 loss=-0.127872 valid=1.0000 routes=10.122 grad=1.7215 seconds=63.1
Epoch 1493/5000: score=11.204501 loss=-0.125451 valid=1.0000 routes=9.780 grad=1.6741 seconds=67.5
Epoch 1494/5000: score=11.461464 loss=-0.136507 valid=1.0000 routes=9.882 grad=1.7841 seconds=67.3
Epoch 1495/5000: score=10.776965 loss=-0.127443 valid=1.0000 routes=9.537 grad=1.5717 seconds=67.3
Epoch 1496/5000: score=11.584408 loss=-0.118758 valid=1.0000 routes=10.033 grad=1.6745 seconds=66.7
Epoch 1497/5000: score=11.008447 loss=-0.127983 valid=1.0000 routes=9.727 grad=1.6511 seconds=67.3
Epoch 1498/5000: score=11.534289 loss=-0.130641 valid=1.0000 routes=9.998 grad=1.7640 seconds=67.9
Epoch 1499/5000: score=11.466532 loss=-0.125086 valid=1.0000 routes=10.066 grad=1.7299 seconds=67.7
Epoch 1500/5000: score=11.264362 loss=-0.126170 valid=1.0000 routes=9.607 grad=1.6639 seconds=67.7
Epoch 1501/5000: score=11.199347 loss=-0.135492 valid=1.0000 routes=9.127 grad=1.6656 seconds=67.3
Epoch 1502/5000: score=11.419966 loss=-0.129350 valid=1.0000 routes=9.982 grad=1.7290 seconds=67.5
Epoch 1503/5000: score=11.323987 loss=-0.127862 valid=1.0000 routes=10.105 grad=1.7216 seconds=67.1
Epoch 1504/5000: score=11.562650 loss=-0.127972 valid=1.0000 routes=9.959 grad=1.7614 seconds=67.4
Epoch 1505/5000: score=11.426406 loss=-0.132498 valid=1.0000 routes=10.064 grad=1.7314 seconds=67.4
Epoch 1506/5000: score=11.643877 loss=-0.132035 valid=1.0000 routes=9.832 grad=1.7777 seconds=67.6
Epoch 1507/5000: score=11.225639 loss=-0.119629 valid=1.0000 routes=9.949 grad=1.6199 seconds=67.2
Epoch 1508/5000: score=11.692188 loss=-0.125537 valid=1.0000 routes=10.091 grad=1.7696 seconds=66.9
Epoch 1509/5000: score=11.733877 loss=-0.122972 valid=1.0000 routes=10.127 grad=1.7692 seconds=66.8
Epoch 1510/5000: score=11.468792 loss=-0.136501 valid=1.0000 routes=9.511 grad=1.7532 seconds=67.6
Epoch 1511/5000: score=11.228610 loss=-0.127963 valid=1.0000 routes=9.964 grad=1.6782 seconds=67.2
Epoch 1512/5000: score=12.139331 loss=-0.126208 valid=1.0000 routes=10.428 grad=1.8482 seconds=67.1
Epoch 1513/5000: score=12.038737 loss=-0.131947 valid=1.0000 routes=10.085 grad=1.8714 seconds=67.6
Epoch 1514/5000: score=11.562587 loss=-0.129063 valid=1.0000 routes=10.000 grad=1.7528 seconds=67.4
Epoch 1515/5000: score=11.075465 loss=-0.126610 valid=1.0000 routes=9.321 grad=1.5619 seconds=67.9
Epoch 1516/5000: score=11.507969 loss=-0.131440 valid=1.0000 routes=9.812 grad=1.7579 seconds=67.4
Epoch 1517/5000: score=11.629158 loss=-0.129614 valid=1.0000 routes=9.667 grad=1.7208 seconds=67.7
Epoch 1518/5000: score=11.745625 loss=-0.129011 valid=1.0000 routes=9.681 grad=1.7067 seconds=66.9
Epoch 1519/5000: score=10.899727 loss=-0.134240 valid=1.0000 routes=9.454 grad=1.6233 seconds=67.3
Epoch 1520/5000: score=11.249714 loss=-0.126685 valid=1.0000 routes=9.609 grad=1.6525 seconds=67.7
Epoch 1521/5000: score=11.549148 loss=-0.132763 valid=1.0000 routes=9.878 grad=1.7335 seconds=67.6
Epoch 1522/5000: score=11.748456 loss=-0.124192 valid=1.0000 routes=10.287 grad=1.7295 seconds=67.5
Epoch 1523/5000: score=11.853796 loss=-0.129278 valid=1.0000 routes=10.323 grad=1.8080 seconds=67.6
Epoch 1524/5000: score=11.720821 loss=-0.127366 valid=1.0000 routes=9.993 grad=1.8001 seconds=67.1
Epoch 1525/5000: score=11.788243 loss=-0.131508 valid=1.0000 routes=10.800 grad=1.8263 seconds=67.2
Epoch 1526/5000: score=11.479652 loss=-0.129899 valid=1.0000 routes=10.283 grad=1.8063 seconds=67.2
Epoch 1527/5000: score=11.851046 loss=-0.119889 valid=1.0000 routes=10.331 grad=1.7909 seconds=67.3
Epoch 1528/5000: score=11.557600 loss=-0.134021 valid=1.0000 routes=9.922 grad=1.7579 seconds=67.5
Epoch 1529/5000: score=11.190608 loss=-0.121011 valid=1.0000 routes=9.810 grad=1.6942 seconds=67.0
Epoch 1530/5000: score=11.713574 loss=-0.118606 valid=1.0000 routes=9.741 grad=1.6617 seconds=66.6
Epoch 1531/5000: score=11.196318 loss=-0.124547 valid=1.0000 routes=9.599 grad=1.6581 seconds=67.7
Epoch 1532/5000: score=11.538627 loss=-0.134141 valid=1.0000 routes=9.737 grad=1.7677 seconds=68.0
Epoch 1533/5000: score=11.346059 loss=-0.122501 valid=1.0000 routes=9.801 grad=1.6575 seconds=67.5
Epoch 1534/5000: score=11.206884 loss=-0.125176 valid=1.0000 routes=9.700 grad=1.6794 seconds=67.7
Epoch 1535/5000: score=11.211147 loss=-0.125409 valid=1.0000 routes=9.371 grad=1.6330 seconds=67.8
Epoch 1536/5000: score=11.641658 loss=-0.128131 valid=1.0000 routes=9.969 grad=1.8101 seconds=67.5
Epoch 1537/5000: score=11.059954 loss=-0.119169 valid=1.0000 routes=10.166 grad=1.6792 seconds=67.5
Epoch 1538/5000: score=11.066505 loss=-0.123330 valid=1.0000 routes=9.309 grad=1.6109 seconds=68.2
Epoch 1539/5000: score=10.723133 loss=-0.117714 valid=1.0000 routes=9.081 grad=1.4998 seconds=68.3
Epoch 1540/5000: score=11.887985 loss=-0.129294 valid=1.0000 routes=10.401 grad=1.8747 seconds=68.0
Epoch 1541/5000: score=11.459140 loss=-0.129125 valid=1.0000 routes=9.906 grad=1.7584 seconds=68.0
Epoch 1542/5000: score=12.027755 loss=-0.134120 valid=1.0000 routes=10.108 grad=1.8977 seconds=67.4
Epoch 1543/5000: score=11.643497 loss=-0.126789 valid=1.0000 routes=10.338 grad=1.7446 seconds=67.7
Epoch 1544/5000: score=11.419784 loss=-0.127792 valid=1.0000 routes=9.895 grad=1.7757 seconds=67.5
Epoch 1545/5000: score=11.471143 loss=-0.122195 valid=1.0000 routes=10.418 grad=1.7583 seconds=67.3
Epoch 1546/5000: score=11.901878 loss=-0.130490 valid=1.0000 routes=10.538 grad=1.8925 seconds=67.1
Epoch 1547/5000: score=11.145627 loss=-0.127515 valid=1.0000 routes=9.559 grad=1.6267 seconds=67.2
Epoch 1548/5000: score=11.723085 loss=-0.131653 valid=1.0000 routes=9.627 grad=1.7428 seconds=67.2
Epoch 1549/5000: score=12.146107 loss=-0.135323 valid=1.0000 routes=10.114 grad=1.8630 seconds=67.0
Epoch 1550/5000: score=11.727403 loss=-0.132389 valid=1.0000 routes=9.794 grad=1.7354 seconds=67.1
Epoch 1551/5000: score=11.817773 loss=-0.131541 valid=1.0000 routes=10.443 grad=1.8587 seconds=66.5
Epoch 1552/5000: score=11.299771 loss=-0.135451 valid=1.0000 routes=9.912 grad=1.7285 seconds=67.6
Epoch 1553/5000: score=11.507046 loss=-0.131424 valid=1.0000 routes=10.135 grad=1.7688 seconds=67.2
Epoch 1554/5000: score=11.813142 loss=-0.126527 valid=1.0000 routes=9.769 grad=1.7848 seconds=67.7
Epoch 1555/5000: score=11.222626 loss=-0.121422 valid=1.0000 routes=9.535 grad=1.5672 seconds=67.1
Epoch 1556/5000: score=11.987406 loss=-0.128551 valid=1.0000 routes=9.898 grad=1.8075 seconds=67.1
Epoch 1557/5000: score=11.419177 loss=-0.129887 valid=1.0000 routes=9.833 grad=1.7702 seconds=67.5
Epoch 1558/5000: score=11.621630 loss=-0.129391 valid=1.0000 routes=9.741 grad=1.7854 seconds=67.5
Epoch 1559/5000: score=11.360733 loss=-0.127610 valid=1.0000 routes=9.880 grad=1.7321 seconds=67.8
Epoch 1560/5000: score=11.417647 loss=-0.132466 valid=1.0000 routes=9.604 grad=1.7283 seconds=67.0
Epoch 1561/5000: score=11.309675 loss=-0.126457 valid=1.0000 routes=9.768 grad=1.6908 seconds=67.2
Epoch 1562/5000: score=11.655700 loss=-0.128126 valid=1.0000 routes=10.289 grad=1.7994 seconds=66.6
Epoch 1563/5000: score=11.996048 loss=-0.131900 valid=1.0000 routes=10.193 grad=1.8633 seconds=67.4
Epoch 1564/5000: score=11.902133 loss=-0.126353 valid=1.0000 routes=10.236 grad=1.8466 seconds=67.5
Epoch 1565/5000: score=11.681144 loss=-0.121378 valid=1.0000 routes=10.552 grad=1.7843 seconds=67.5
Epoch 1566/5000: score=11.702819 loss=-0.120782 valid=1.0000 routes=10.070 grad=1.7549 seconds=67.7
Epoch 1567/5000: score=11.214391 loss=-0.126606 valid=1.0000 routes=9.076 grad=1.6086 seconds=67.4
Epoch 1568/5000: score=10.990136 loss=-0.126452 valid=1.0000 routes=9.609 grad=1.6138 seconds=67.7
Epoch 1569/5000: score=11.569867 loss=-0.132908 valid=1.0000 routes=9.983 grad=1.8050 seconds=67.0
Epoch 1570/5000: score=11.579495 loss=-0.133357 valid=1.0000 routes=9.824 grad=1.7795 seconds=67.4
Epoch 1571/5000: score=11.619334 loss=-0.136667 valid=1.0000 routes=9.967 grad=1.8154 seconds=67.3
Epoch 1572/5000: score=11.394647 loss=-0.121891 valid=1.0000 routes=9.938 grad=1.6594 seconds=66.6
Epoch 1573/5000: score=11.244097 loss=-0.126038 valid=1.0000 routes=9.329 grad=1.6187 seconds=67.3
Epoch 1574/5000: score=11.574125 loss=-0.129496 valid=1.0000 routes=10.051 grad=1.7654 seconds=67.3
Epoch 1575/5000: score=11.259355 loss=-0.140215 valid=1.0000 routes=9.469 grad=1.6865 seconds=67.8
Epoch 1576/5000: score=11.013201 loss=-0.125028 valid=1.0000 routes=10.139 grad=1.6340 seconds=67.2
Epoch 1577/5000: score=11.245858 loss=-0.123220 valid=1.0000 routes=9.805 grad=1.6837 seconds=67.9
Epoch 1578/5000: score=11.592342 loss=-0.125280 valid=1.0000 routes=10.092 grad=1.7125 seconds=67.0
Epoch 1579/5000: score=11.360751 loss=-0.129297 valid=1.0000 routes=10.395 grad=1.7368 seconds=67.1
Epoch 1580/5000: score=11.438410 loss=-0.121731 valid=1.0000 routes=9.558 grad=1.5905 seconds=66.8
Epoch 1581/5000: score=11.534931 loss=-0.125596 valid=1.0000 routes=9.657 grad=1.7112 seconds=66.8
Epoch 1582/5000: score=11.661213 loss=-0.127121 valid=1.0000 routes=9.731 grad=1.7323 seconds=66.7
Epoch 1583/5000: score=11.931609 loss=-0.127802 valid=1.0000 routes=10.425 grad=1.8428 seconds=66.9
Epoch 1584/5000: score=11.606331 loss=-0.123193 valid=1.0000 routes=9.786 grad=1.7170 seconds=67.1
Epoch 1585/5000: score=11.570422 loss=-0.124788 valid=1.0000 routes=10.053 grad=1.7135 seconds=67.1
Epoch 1586/5000: score=11.163888 loss=-0.124308 valid=1.0000 routes=9.840 grad=1.6707 seconds=67.4
Epoch 1587/5000: score=11.056522 loss=-0.123648 valid=1.0000 routes=9.389 grad=1.6181 seconds=67.3
Epoch 1588/5000: score=11.361188 loss=-0.123756 valid=1.0000 routes=9.735 grad=1.6569 seconds=67.5
Epoch 1589/5000: score=11.925739 loss=-0.126922 valid=1.0000 routes=10.517 grad=1.8629 seconds=66.5
Epoch 1590/5000: score=11.323851 loss=-0.128245 valid=1.0000 routes=9.364 grad=1.6588 seconds=62.4
Epoch 1591/5000: score=11.547648 loss=-0.127842 valid=1.0000 routes=9.820 grad=1.7252 seconds=66.0
Epoch 1592/5000: score=11.255270 loss=-0.129339 valid=1.0000 routes=9.504 grad=1.7138 seconds=66.7
Epoch 1593/5000: score=11.544649 loss=-0.130694 valid=1.0000 routes=9.823 grad=1.7844 seconds=67.6
Epoch 1594/5000: score=11.187937 loss=-0.118429 valid=1.0000 routes=10.009 grad=1.6278 seconds=67.5
Epoch 1595/5000: score=10.716543 loss=-0.119205 valid=1.0000 routes=9.232 grad=1.5246 seconds=67.1
Epoch 1596/5000: score=11.833987 loss=-0.122784 valid=1.0000 routes=10.502 grad=1.7876 seconds=66.6
Epoch 1597/5000: score=11.650826 loss=-0.131855 valid=1.0000 routes=9.799 grad=1.8113 seconds=67.2
Epoch 1598/5000: score=11.265882 loss=-0.122354 valid=1.0000 routes=9.874 grad=1.6454 seconds=66.8
Epoch 1599/5000: score=11.637826 loss=-0.126614 valid=1.0000 routes=9.667 grad=1.6919 seconds=67.7
Epoch 1600/5000: score=11.741744 loss=-0.128781 valid=1.0000 routes=9.796 grad=1.7629 seconds=68.4
Epoch 1601/5000: score=11.520716 loss=-0.131956 valid=1.0000 routes=10.264 grad=1.8192 seconds=67.0
Epoch 1602/5000: score=11.657839 loss=-0.140419 valid=1.0000 routes=9.520 grad=1.8297 seconds=67.6
Epoch 1603/5000: score=11.662026 loss=-0.125235 valid=1.0000 routes=10.150 grad=1.7447 seconds=67.5
Epoch 1604/5000: score=11.472641 loss=-0.123668 valid=1.0000 routes=9.578 grad=1.6673 seconds=67.4
Epoch 1605/5000: score=11.560755 loss=-0.124829 valid=1.0000 routes=10.226 grad=1.7524 seconds=67.1
Epoch 1606/5000: score=11.689253 loss=-0.127957 valid=1.0000 routes=9.844 grad=1.7314 seconds=67.9
Epoch 1607/5000: score=11.145877 loss=-0.121364 valid=1.0000 routes=9.919 grad=1.6060 seconds=67.7
Epoch 1608/5000: score=11.409311 loss=-0.122558 valid=1.0000 routes=10.050 grad=1.7163 seconds=67.9
Epoch 1609/5000: score=11.480418 loss=-0.121011 valid=1.0000 routes=10.774 grad=1.7105 seconds=67.2
Epoch 1610/5000: score=11.615412 loss=-0.128370 valid=1.0000 routes=10.277 grad=1.7762 seconds=67.6
Epoch 1611/5000: score=11.222199 loss=-0.121298 valid=1.0000 routes=9.641 grad=1.6471 seconds=67.5
Epoch 1612/5000: score=11.396034 loss=-0.125038 valid=1.0000 routes=9.581 grad=1.6795 seconds=67.7
Epoch 1613/5000: score=11.873372 loss=-0.127743 valid=1.0000 routes=10.392 grad=1.8154 seconds=68.0
Epoch 1614/5000: score=10.932945 loss=-0.120584 valid=1.0000 routes=9.592 grad=1.5739 seconds=67.8
Epoch 1615/5000: score=11.775815 loss=-0.127710 valid=1.0000 routes=10.150 grad=1.8083 seconds=68.3
Epoch 1616/5000: score=11.124609 loss=-0.122773 valid=1.0000 routes=9.428 grad=1.5846 seconds=68.1
Epoch 1617/5000: score=11.283172 loss=-0.123799 valid=1.0000 routes=10.027 grad=1.6634 seconds=67.6
Epoch 1618/5000: score=11.155185 loss=-0.120753 valid=1.0000 routes=9.964 grad=1.6763 seconds=67.4
Epoch 1619/5000: score=12.001101 loss=-0.133668 valid=1.0000 routes=10.107 grad=1.8430 seconds=68.0
Epoch 1620/5000: score=11.602761 loss=-0.131911 valid=1.0000 routes=9.575 grad=1.7441 seconds=66.8
Epoch 1621/5000: score=11.673301 loss=-0.122345 valid=1.0000 routes=10.181 grad=1.7333 seconds=63.2
Epoch 1622/5000: score=11.528161 loss=-0.121570 valid=1.0000 routes=10.180 grad=1.7372 seconds=63.0
Epoch 1623/5000: score=11.729817 loss=-0.118421 valid=1.0000 routes=10.176 grad=1.7119 seconds=63.1
Epoch 1624/5000: score=10.978701 loss=-0.135121 valid=1.0000 routes=9.111 grad=1.6788 seconds=66.8
Epoch 1625/5000: score=11.123987 loss=-0.123086 valid=1.0000 routes=9.894 grad=1.6475 seconds=67.3
Epoch 1626/5000: score=11.332716 loss=-0.125390 valid=1.0000 routes=9.426 grad=1.6340 seconds=68.2
Epoch 1627/5000: score=11.277360 loss=-0.128796 valid=1.0000 routes=9.587 grad=1.6608 seconds=67.7
Epoch 1628/5000: score=11.513808 loss=-0.128338 valid=1.0000 routes=10.029 grad=1.7555 seconds=68.2
Epoch 1629/5000: score=11.303264 loss=-0.121597 valid=1.0000 routes=10.012 grad=1.6713 seconds=67.2
Epoch 1630/5000: score=10.822731 loss=-0.124481 valid=1.0000 routes=9.745 grad=1.6281 seconds=67.2
Epoch 1631/5000: score=11.434552 loss=-0.122977 valid=1.0000 routes=9.774 grad=1.6655 seconds=67.6
Epoch 1632/5000: score=11.369303 loss=-0.123796 valid=1.0000 routes=9.934 grad=1.7091 seconds=66.9
Epoch 1633/5000: score=11.667936 loss=-0.129133 valid=1.0000 routes=9.821 grad=1.7611 seconds=67.9
Epoch 1634/5000: score=11.234413 loss=-0.127357 valid=1.0000 routes=9.481 grad=1.6339 seconds=67.8
Epoch 1635/5000: score=11.291608 loss=-0.121896 valid=1.0000 routes=10.070 grad=1.6818 seconds=67.7
Epoch 1636/5000: score=11.645923 loss=-0.130930 valid=1.0000 routes=9.809 grad=1.7683 seconds=67.7
Epoch 1637/5000: score=11.284472 loss=-0.126703 valid=1.0000 routes=9.913 grad=1.6980 seconds=68.0
Epoch 1638/5000: score=11.651683 loss=-0.122834 valid=1.0000 routes=10.057 grad=1.7517 seconds=68.0
Epoch 1639/5000: score=10.828717 loss=-0.135873 valid=1.0000 routes=9.063 grad=1.6454 seconds=68.0
Epoch 1640/5000: score=11.879297 loss=-0.121765 valid=1.0000 routes=10.719 grad=1.8085 seconds=67.1
Epoch 1641/5000: score=11.801871 loss=-0.123174 valid=1.0000 routes=10.474 grad=1.8285 seconds=66.9
Epoch 1642/5000: score=11.607412 loss=-0.133242 valid=1.0000 routes=9.556 grad=1.7183 seconds=67.6
Epoch 1643/5000: score=11.305980 loss=-0.127474 valid=1.0000 routes=9.905 grad=1.7308 seconds=67.5
Epoch 1644/5000: score=11.870146 loss=-0.130053 valid=1.0000 routes=10.446 grad=1.8502 seconds=68.2
Epoch 1645/5000: score=11.155966 loss=-0.124036 valid=1.0000 routes=9.885 grad=1.6915 seconds=68.3
Epoch 1646/5000: score=11.947083 loss=-0.122651 valid=1.0000 routes=10.378 grad=1.8165 seconds=68.0
Epoch 1647/5000: score=11.230961 loss=-0.127753 valid=1.0000 routes=9.683 grad=1.6832 seconds=68.7
Epoch 1648/5000: score=11.660930 loss=-0.118975 valid=1.0000 routes=10.557 grad=1.7677 seconds=67.8
Epoch 1649/5000: score=11.284107 loss=-0.124903 valid=1.0000 routes=9.792 grad=1.6787 seconds=68.5
Epoch 1650/5000: score=11.665178 loss=-0.125971 valid=1.0000 routes=10.415 grad=1.8306 seconds=67.4
Epoch 1651/5000: score=11.882109 loss=-0.130963 valid=1.0000 routes=10.133 grad=1.8356 seconds=68.2
Epoch 1652/5000: score=12.003623 loss=-0.127213 valid=1.0000 routes=9.999 grad=1.8108 seconds=67.3
Epoch 1653/5000: score=11.722264 loss=-0.126969 valid=1.0000 routes=10.266 grad=1.7571 seconds=67.5
Epoch 1654/5000: score=11.355613 loss=-0.130126 valid=1.0000 routes=9.589 grad=1.6851 seconds=67.6
Epoch 1655/5000: score=11.422452 loss=-0.129048 valid=1.0000 routes=9.681 grad=1.7301 seconds=67.3
Epoch 1656/5000: score=11.422313 loss=-0.122609 valid=1.0000 routes=9.847 grad=1.6590 seconds=67.3
Epoch 1657/5000: score=11.522121 loss=-0.127183 valid=1.0000 routes=9.905 grad=1.7072 seconds=67.4
Epoch 1658/5000: score=11.821234 loss=-0.127517 valid=1.0000 routes=10.118 grad=1.7877 seconds=67.2
Epoch 1659/5000: score=10.873034 loss=-0.119173 valid=1.0000 routes=9.547 grad=1.4594 seconds=67.1
Epoch 1660/5000: score=11.613088 loss=-0.124696 valid=1.0000 routes=9.844 grad=1.7345 seconds=66.4
Epoch 1661/5000: score=11.439000 loss=-0.126006 valid=1.0000 routes=9.773 grad=1.6372 seconds=68.2
Epoch 1662/5000: score=11.253214 loss=-0.118056 valid=1.0000 routes=10.104 grad=1.6833 seconds=67.7
Epoch 1663/5000: score=11.440205 loss=-0.126603 valid=1.0000 routes=10.489 grad=1.7595 seconds=68.1
Epoch 1664/5000: score=11.408392 loss=-0.132435 valid=1.0000 routes=9.640 grad=1.7179 seconds=67.7
Epoch 1665/5000: score=11.001665 loss=-0.123636 valid=1.0000 routes=9.436 grad=1.5796 seconds=67.9
Epoch 1666/5000: score=11.029552 loss=-0.117679 valid=1.0000 routes=9.671 grad=1.5637 seconds=67.4
Epoch 1667/5000: score=11.510567 loss=-0.134354 valid=1.0000 routes=10.111 grad=1.7740 seconds=68.0
Epoch 1668/5000: score=11.629376 loss=-0.128882 valid=1.0000 routes=9.451 grad=1.6828 seconds=67.7
Epoch 1669/5000: score=11.465109 loss=-0.121670 valid=1.0000 routes=9.918 grad=1.7074 seconds=67.9
Epoch 1670/5000: score=11.175350 loss=-0.133658 valid=1.0000 routes=9.428 grad=1.6948 seconds=68.4
Epoch 1671/5000: score=11.618292 loss=-0.127176 valid=1.0000 routes=9.497 grad=1.6442 seconds=67.4
Epoch 1672/5000: score=11.075643 loss=-0.122546 valid=1.0000 routes=9.623 grad=1.5682 seconds=67.9
Epoch 1673/5000: score=11.004917 loss=-0.122908 valid=1.0000 routes=9.750 grad=1.6438 seconds=67.7
Epoch 1674/5000: score=11.376381 loss=-0.126392 valid=1.0000 routes=9.456 grad=1.6650 seconds=68.3
Epoch 1675/5000: score=11.854072 loss=-0.127150 valid=1.0000 routes=9.899 grad=1.7571 seconds=68.1
Epoch 1676/5000: score=11.757315 loss=-0.128382 valid=1.0000 routes=9.733 grad=1.7510 seconds=68.7
Epoch 1677/5000: score=11.411193 loss=-0.124793 valid=1.0000 routes=10.136 grad=1.7051 seconds=68.4
Epoch 1678/5000: score=11.627572 loss=-0.120266 valid=1.0000 routes=9.891 grad=1.7045 seconds=67.8
Epoch 1679/5000: score=11.240707 loss=-0.121020 valid=1.0000 routes=9.451 grad=1.6247 seconds=67.8
Epoch 1680/5000: score=11.490333 loss=-0.127555 valid=1.0000 routes=10.146 grad=1.7731 seconds=68.1
Epoch 1681/5000: score=11.469917 loss=-0.131559 valid=1.0000 routes=10.023 grad=1.7517 seconds=68.1
Epoch 1682/5000: score=11.899937 loss=-0.127926 valid=1.0000 routes=10.578 grad=1.9113 seconds=67.8
Epoch 1683/5000: score=11.555098 loss=-0.121266 valid=1.0000 routes=10.364 grad=1.7423 seconds=68.2
Epoch 1684/5000: score=11.586595 loss=-0.124473 valid=1.0000 routes=9.851 grad=1.6958 seconds=67.4
Epoch 1685/5000: score=11.924653 loss=-0.139291 valid=1.0000 routes=9.930 grad=1.8535 seconds=63.8
Epoch 1686/5000: score=11.911324 loss=-0.132018 valid=1.0000 routes=10.510 grad=1.9213 seconds=63.2
Epoch 1687/5000: score=11.844779 loss=-0.125933 valid=1.0000 routes=10.293 grad=1.7429 seconds=67.0
Epoch 1688/5000: score=11.965532 loss=-0.130531 valid=1.0000 routes=9.976 grad=1.8508 seconds=67.9
Epoch 1689/5000: score=12.053143 loss=-0.122327 valid=1.0000 routes=10.316 grad=1.8620 seconds=67.2
Epoch 1690/5000: score=11.907480 loss=-0.121388 valid=1.0000 routes=10.183 grad=1.7971 seconds=67.9
Epoch 1691/5000: score=11.444942 loss=-0.114461 valid=1.0000 routes=9.614 grad=1.5878 seconds=67.8
Epoch 1692/5000: score=11.272891 loss=-0.123314 valid=1.0000 routes=9.714 grad=1.6468 seconds=68.0
Epoch 1693/5000: score=11.276607 loss=-0.125388 valid=1.0000 routes=9.887 grad=1.7466 seconds=68.5
Epoch 1694/5000: score=10.943528 loss=-0.117389 valid=1.0000 routes=9.293 grad=1.5079 seconds=68.0
Epoch 1695/5000: score=11.264075 loss=-0.123348 valid=1.0000 routes=9.919 grad=1.6404 seconds=68.5
Epoch 1696/5000: score=11.429711 loss=-0.131939 valid=1.0000 routes=10.307 grad=1.7812 seconds=67.3
Epoch 1697/5000: score=12.216661 loss=-0.136627 valid=1.0000 routes=10.261 grad=1.9150 seconds=67.9
Epoch 1698/5000: score=11.559393 loss=-0.127665 valid=1.0000 routes=10.088 grad=1.7362 seconds=67.6
Epoch 1699/5000: score=11.695710 loss=-0.125094 valid=1.0000 routes=10.083 grad=1.7471 seconds=67.9
Epoch 1700/5000: score=11.590775 loss=-0.131486 valid=1.0000 routes=10.128 grad=1.7368 seconds=67.7
Epoch 1701/5000: score=12.169679 loss=-0.126446 valid=1.0000 routes=10.336 grad=1.8423 seconds=67.6
Epoch 1702/5000: score=12.033150 loss=-0.129400 valid=1.0000 routes=10.215 grad=1.7871 seconds=67.9
Epoch 1703/5000: score=11.449875 loss=-0.128126 valid=1.0000 routes=10.030 grad=1.7286 seconds=67.6
Epoch 1704/5000: score=11.700518 loss=-0.141314 valid=1.0000 routes=9.927 grad=1.8884 seconds=68.8
Epoch 1705/5000: score=11.364575 loss=-0.132156 valid=1.0000 routes=9.658 grad=1.6851 seconds=67.8
Epoch 1706/5000: score=11.729342 loss=-0.127164 valid=1.0000 routes=9.924 grad=1.7294 seconds=67.5
Epoch 1707/5000: score=11.466643 loss=-0.122619 valid=1.0000 routes=10.381 grad=1.7039 seconds=68.0
Epoch 1708/5000: score=11.526708 loss=-0.133647 valid=1.0000 routes=9.468 grad=1.7284 seconds=68.1
Epoch 1709/5000: score=11.252010 loss=-0.121687 valid=1.0000 routes=9.746 grad=1.6404 seconds=68.1
Epoch 1710/5000: score=11.764393 loss=-0.126652 valid=1.0000 routes=10.510 grad=1.8185 seconds=67.5
Epoch 1711/5000: score=10.963574 loss=-0.127222 valid=1.0000 routes=9.280 grad=1.5906 seconds=68.0
Epoch 1712/5000: score=11.793170 loss=-0.124723 valid=1.0000 routes=10.268 grad=1.8353 seconds=67.5
Epoch 1713/5000: score=11.695677 loss=-0.126095 valid=1.0000 routes=9.791 grad=1.7490 seconds=68.1
Epoch 1714/5000: score=11.604299 loss=-0.127785 valid=1.0000 routes=9.876 grad=1.7285 seconds=67.2
Epoch 1715/5000: score=11.871210 loss=-0.124150 valid=1.0000 routes=10.448 grad=1.7884 seconds=67.5
Epoch 1716/5000: score=11.791009 loss=-0.126872 valid=1.0000 routes=9.960 grad=1.8070 seconds=67.4
Epoch 1717/5000: score=10.833843 loss=-0.129174 valid=1.0000 routes=9.480 grad=1.5749 seconds=67.5
Epoch 1718/5000: score=11.504173 loss=-0.118755 valid=1.0000 routes=10.661 grad=1.7385 seconds=67.5
Epoch 1719/5000: score=10.774654 loss=-0.130987 valid=1.0000 routes=9.014 grad=1.6005 seconds=68.1
Epoch 1720/5000: score=11.980069 loss=-0.129025 valid=1.0000 routes=10.770 grad=1.9041 seconds=68.0
Epoch 1721/5000: score=11.345079 loss=-0.126997 valid=1.0000 routes=10.116 grad=1.7367 seconds=67.4
Epoch 1722/5000: score=11.413680 loss=-0.122404 valid=1.0000 routes=9.883 grad=1.6780 seconds=67.9
Epoch 1723/5000: score=11.489669 loss=-0.127701 valid=1.0000 routes=10.164 grad=1.7182 seconds=67.7
Epoch 1724/5000: score=11.658798 loss=-0.121781 valid=1.0000 routes=10.286 grad=1.7309 seconds=67.6
Epoch 1725/5000: score=11.072777 loss=-0.117203 valid=1.0000 routes=9.861 grad=1.5723 seconds=67.6
Epoch 1726/5000: score=11.658894 loss=-0.127771 valid=1.0000 routes=9.817 grad=1.7009 seconds=68.0
Epoch 1727/5000: score=11.680987 loss=-0.125697 valid=1.0000 routes=10.180 grad=1.7845 seconds=68.4
Epoch 1728/5000: score=11.425544 loss=-0.128730 valid=1.0000 routes=10.112 grad=1.7147 seconds=68.0
Epoch 1729/5000: score=11.281218 loss=-0.121986 valid=1.0000 routes=9.651 grad=1.6517 seconds=68.2
Epoch 1730/5000: score=11.228485 loss=-0.124675 valid=1.0000 routes=9.494 grad=1.6196 seconds=68.2
Epoch 1731/5000: score=11.257142 loss=-0.128038 valid=1.0000 routes=9.715 grad=1.6586 seconds=68.1
Epoch 1732/5000: score=11.265983 loss=-0.124613 valid=1.0000 routes=9.637 grad=1.6426 seconds=67.7
Epoch 1733/5000: score=11.565883 loss=-0.122005 valid=1.0000 routes=10.175 grad=1.6837 seconds=66.8
Epoch 1734/5000: score=11.325934 loss=-0.128893 valid=1.0000 routes=9.959 grad=1.6753 seconds=67.9
Epoch 1735/5000: score=11.081225 loss=-0.129994 valid=1.0000 routes=9.584 grad=1.6972 seconds=68.2
Epoch 1736/5000: score=11.246831 loss=-0.129294 valid=1.0000 routes=9.548 grad=1.6792 seconds=68.3
Epoch 1737/5000: score=12.416154 loss=-0.131185 valid=1.0000 routes=10.803 grad=1.9799 seconds=67.5
Epoch 1738/5000: score=11.545903 loss=-0.122280 valid=1.0000 routes=9.641 grad=1.6605 seconds=67.4
Epoch 1739/5000: score=11.350091 loss=-0.124763 valid=1.0000 routes=9.555 grad=1.6592 seconds=67.5
Epoch 1740/5000: score=11.358334 loss=-0.120913 valid=1.0000 routes=9.959 grad=1.6993 seconds=68.1
Epoch 1741/5000: score=11.055657 loss=-0.120132 valid=1.0000 routes=9.477 grad=1.5600 seconds=68.0
Epoch 1742/5000: score=11.656353 loss=-0.126566 valid=1.0000 routes=9.688 grad=1.7727 seconds=67.1
Epoch 1743/5000: score=11.480876 loss=-0.120421 valid=1.0000 routes=9.761 grad=1.6429 seconds=68.3
Epoch 1744/5000: score=11.153527 loss=-0.128017 valid=1.0000 routes=9.415 grad=1.6177 seconds=67.7
Epoch 1745/5000: score=11.058426 loss=-0.126505 valid=1.0000 routes=9.580 grad=1.6130 seconds=68.0
Epoch 1746/5000: score=11.876551 loss=-0.128847 valid=1.0000 routes=10.613 grad=1.8488 seconds=67.9
Epoch 1747/5000: score=11.514219 loss=-0.121033 valid=1.0000 routes=10.188 grad=1.6731 seconds=67.8
Epoch 1748/5000: score=11.206142 loss=-0.121983 valid=1.0000 routes=9.878 grad=1.6502 seconds=67.7
Epoch 1749/5000: score=11.525319 loss=-0.133071 valid=1.0000 routes=10.019 grad=1.7903 seconds=68.3
Epoch 1750/5000: score=11.446505 loss=-0.129347 valid=1.0000 routes=9.752 grad=1.7291 seconds=68.1
Epoch 1751/5000: score=11.170538 loss=-0.129856 valid=1.0000 routes=9.404 grad=1.6703 seconds=67.7
Epoch 1752/5000: score=11.352176 loss=-0.132019 valid=1.0000 routes=9.552 grad=1.7185 seconds=68.5
Epoch 1753/5000: score=11.448345 loss=-0.122337 valid=1.0000 routes=10.112 grad=1.6763 seconds=67.4
Epoch 1754/5000: score=11.227415 loss=-0.123972 valid=1.0000 routes=9.716 grad=1.6805 seconds=67.7
Epoch 1755/5000: score=11.365800 loss=-0.124343 valid=1.0000 routes=10.224 grad=1.7368 seconds=68.1
Epoch 1756/5000: score=11.657136 loss=-0.125400 valid=1.0000 routes=9.951 grad=1.7206 seconds=67.6
Epoch 1757/5000: score=11.781987 loss=-0.132637 valid=1.0000 routes=10.062 grad=1.7845 seconds=68.2
Epoch 1758/5000: score=11.553010 loss=-0.127366 valid=1.0000 routes=9.735 grad=1.7167 seconds=67.1
Epoch 1759/5000: score=11.652748 loss=-0.125574 valid=1.0000 routes=10.294 grad=1.7401 seconds=67.8
Epoch 1760/5000: score=11.936102 loss=-0.131058 valid=1.0000 routes=10.890 grad=1.9734 seconds=67.6
Epoch 1761/5000: score=11.380072 loss=-0.128761 valid=1.0000 routes=10.034 grad=1.7595 seconds=68.5
Epoch 1762/5000: score=11.791860 loss=-0.128633 valid=1.0000 routes=9.773 grad=1.7519 seconds=67.9
Epoch 1763/5000: score=11.253905 loss=-0.131135 valid=1.0000 routes=9.478 grad=1.6909 seconds=68.2
>> Invalid instances, Re-generating ...
Epoch 1764/5000: score=11.921056 loss=-0.126106 valid=1.0000 routes=10.248 grad=1.7798 seconds=67.7
Epoch 1765/5000: score=11.907158 loss=-0.128547 valid=1.0000 routes=9.994 grad=1.8091 seconds=67.7
Epoch 1766/5000: score=10.829142 loss=-0.126708 valid=1.0000 routes=9.470 grad=1.5763 seconds=67.6
Epoch 1767/5000: score=11.827820 loss=-0.125456 valid=1.0000 routes=10.511 grad=1.8106 seconds=67.2
Epoch 1768/5000: score=11.755258 loss=-0.123388 valid=1.0000 routes=10.562 grad=1.7871 seconds=67.7
Epoch 1769/5000: score=11.066613 loss=-0.127973 valid=1.0000 routes=9.687 grad=1.6261 seconds=67.4
Epoch 1770/5000: score=10.633382 loss=-0.128202 valid=1.0000 routes=8.945 grad=1.4908 seconds=68.2
Epoch 1771/5000: score=11.477046 loss=-0.124407 valid=1.0000 routes=9.948 grad=1.7022 seconds=67.8
Epoch 1772/5000: score=11.421837 loss=-0.121589 valid=1.0000 routes=10.212 grad=1.6722 seconds=67.6
Epoch 1773/5000: score=11.581949 loss=-0.126488 valid=1.0000 routes=10.074 grad=1.7199 seconds=68.4
Epoch 1774/5000: score=11.710036 loss=-0.132001 valid=1.0000 routes=10.077 grad=1.8160 seconds=67.3
Epoch 1775/5000: score=11.504361 loss=-0.128769 valid=1.0000 routes=9.979 grad=1.7132 seconds=67.7
Epoch 1776/5000: score=11.293307 loss=-0.123598 valid=1.0000 routes=9.490 grad=1.6151 seconds=67.6
Epoch 1777/5000: score=11.481088 loss=-0.116084 valid=1.0000 routes=10.084 grad=1.6769 seconds=67.9
Epoch 1778/5000: score=11.577823 loss=-0.133244 valid=1.0000 routes=9.707 grad=1.7707 seconds=67.5
Epoch 1779/5000: score=11.667712 loss=-0.123479 valid=1.0000 routes=10.071 grad=1.7311 seconds=67.8
Epoch 1780/5000: score=11.594074 loss=-0.123434 valid=1.0000 routes=10.455 grad=1.7070 seconds=67.8
Epoch 1781/5000: score=11.610874 loss=-0.127222 valid=1.0000 routes=10.177 grad=1.7841 seconds=67.2
Epoch 1782/5000: score=11.332595 loss=-0.131418 valid=1.0000 routes=9.873 grad=1.7314 seconds=68.0
Epoch 1783/5000: score=11.258094 loss=-0.124061 valid=1.0000 routes=9.752 grad=1.6181 seconds=67.2
Epoch 1784/5000: score=11.302680 loss=-0.126697 valid=1.0000 routes=9.403 grad=1.6684 seconds=68.3
Epoch 1785/5000: score=11.797864 loss=-0.134472 valid=1.0000 routes=9.729 grad=1.7582 seconds=67.4
Epoch 1786/5000: score=11.429675 loss=-0.122331 valid=1.0000 routes=9.921 grad=1.6806 seconds=68.0
Epoch 1787/5000: score=11.811618 loss=-0.123043 valid=1.0000 routes=10.283 grad=1.7595 seconds=68.3
Epoch 1788/5000: score=11.574636 loss=-0.120345 valid=1.0000 routes=10.411 grad=1.7506 seconds=68.0
>> Invalid instances, Re-generating ...
Epoch 1789/5000: score=11.748423 loss=-0.124701 valid=1.0000 routes=9.872 grad=1.6991 seconds=68.0
Epoch 1790/5000: score=11.700258 loss=-0.124218 valid=1.0000 routes=10.261 grad=1.7398 seconds=67.7
Epoch 1791/5000: score=11.940453 loss=-0.121318 valid=1.0000 routes=10.431 grad=1.7562 seconds=68.3
Epoch 1792/5000: score=11.325258 loss=-0.118937 valid=1.0000 routes=9.851 grad=1.6486 seconds=67.4
Epoch 1793/5000: score=11.885347 loss=-0.129326 valid=1.0000 routes=10.195 grad=1.8206 seconds=68.6
Epoch 1794/5000: score=11.645687 loss=-0.121875 valid=1.0000 routes=10.042 grad=1.7457 seconds=67.8
Epoch 1795/5000: score=11.232040 loss=-0.126419 valid=1.0000 routes=9.398 grad=1.6048 seconds=67.7
Epoch 1796/5000: score=11.950681 loss=-0.127702 valid=1.0000 routes=10.710 grad=1.8450 seconds=67.8
Epoch 1797/5000: score=11.545790 loss=-0.129146 valid=1.0000 routes=10.038 grad=1.7542 seconds=67.4
Epoch 1798/5000: score=10.864092 loss=-0.125225 valid=1.0000 routes=9.169 grad=1.5644 seconds=68.6
Epoch 1799/5000: score=11.774566 loss=-0.128214 valid=1.0000 routes=10.336 grad=1.8146 seconds=67.3
Epoch 1800/5000: score=11.438580 loss=-0.127211 valid=1.0000 routes=9.705 grad=1.6744 seconds=68.4
Epoch 1801/5000: score=10.679873 loss=-0.129042 valid=1.0000 routes=9.312 grad=1.5883 seconds=68.0
Epoch 1802/5000: score=11.241362 loss=-0.123172 valid=1.0000 routes=10.167 grad=1.7230 seconds=68.2
Epoch 1803/5000: score=11.240184 loss=-0.133169 valid=1.0000 routes=9.780 grad=1.7099 seconds=68.1
Epoch 1804/5000: score=11.433033 loss=-0.124770 valid=1.0000 routes=10.006 grad=1.6725 seconds=67.6
Epoch 1805/5000: score=11.507091 loss=-0.134130 valid=1.0000 routes=9.787 grad=1.7336 seconds=68.6
Epoch 1806/5000: score=11.349505 loss=-0.125615 valid=1.0000 routes=9.702 grad=1.6733 seconds=68.4
Epoch 1807/5000: score=11.402147 loss=-0.122712 valid=1.0000 routes=9.806 grad=1.6390 seconds=68.0
Epoch 1808/5000: score=11.592311 loss=-0.121704 valid=1.0000 routes=10.663 grad=1.7708 seconds=67.9
Epoch 1809/5000: score=11.691541 loss=-0.132877 valid=1.0000 routes=10.177 grad=1.8109 seconds=68.4
Epoch 1810/5000: score=11.554638 loss=-0.130734 valid=1.0000 routes=9.672 grad=1.7532 seconds=68.0
Epoch 1811/5000: score=11.333537 loss=-0.129208 valid=1.0000 routes=10.062 grad=1.7544 seconds=67.5
Epoch 1812/5000: score=11.836919 loss=-0.126642 valid=1.0000 routes=9.945 grad=1.7422 seconds=68.4
Epoch 1813/5000: score=11.830428 loss=-0.126054 valid=1.0000 routes=9.862 grad=1.7021 seconds=66.9
Epoch 1814/5000: score=11.202762 loss=-0.127367 valid=1.0000 routes=9.622 grad=1.6372 seconds=68.6
Epoch 1815/5000: score=11.011691 loss=-0.123503 valid=1.0000 routes=9.610 grad=1.5736 seconds=67.9
Epoch 1816/5000: score=11.688668 loss=-0.135998 valid=1.0000 routes=9.682 grad=1.7647 seconds=68.2
Epoch 1817/5000: score=11.478372 loss=-0.129373 valid=1.0000 routes=9.893 grad=1.7200 seconds=67.8
Epoch 1818/5000: score=11.258983 loss=-0.127027 valid=1.0000 routes=9.884 grad=1.6911 seconds=67.5
Epoch 1819/5000: score=12.012568 loss=-0.126096 valid=1.0000 routes=10.514 grad=1.8577 seconds=67.4
Epoch 1820/5000: score=11.210645 loss=-0.123473 valid=1.0000 routes=9.703 grad=1.6369 seconds=67.1
Epoch 1821/5000: score=11.592784 loss=-0.128433 valid=1.0000 routes=9.841 grad=1.7093 seconds=68.1
Epoch 1822/5000: score=11.149215 loss=-0.126121 valid=1.0000 routes=9.910 grad=1.6447 seconds=67.5
Epoch 1823/5000: score=11.520359 loss=-0.123364 valid=1.0000 routes=9.787 grad=1.7124 seconds=68.0
Epoch 1824/5000: score=11.729023 loss=-0.121406 valid=1.0000 routes=10.202 grad=1.7699 seconds=67.6
Epoch 1825/5000: score=11.716733 loss=-0.126566 valid=1.0000 routes=10.245 grad=1.7086 seconds=67.7
Epoch 1826/5000: score=11.386698 loss=-0.123449 valid=1.0000 routes=9.337 grad=1.6628 seconds=67.8
Epoch 1827/5000: score=11.138703 loss=-0.127289 valid=1.0000 routes=9.903 grad=1.6149 seconds=68.1
Epoch 1828/5000: score=11.491951 loss=-0.129109 valid=1.0000 routes=9.847 grad=1.6806 seconds=68.7
Epoch 1829/5000: score=11.174760 loss=-0.128057 valid=1.0000 routes=9.668 grad=1.6547 seconds=68.1
Epoch 1830/5000: score=11.680939 loss=-0.120032 valid=1.0000 routes=10.404 grad=1.7068 seconds=68.3
Epoch 1831/5000: score=11.763335 loss=-0.130630 valid=1.0000 routes=9.786 grad=1.7581 seconds=68.2
Epoch 1832/5000: score=11.648417 loss=-0.127831 valid=1.0000 routes=10.253 grad=1.7459 seconds=68.5
Epoch 1833/5000: score=11.710311 loss=-0.125804 valid=1.0000 routes=10.311 grad=1.6908 seconds=67.7
Epoch 1834/5000: score=11.631932 loss=-0.130826 valid=1.0000 routes=9.793 grad=1.7246 seconds=68.2
Epoch 1835/5000: score=11.380406 loss=-0.118755 valid=1.0000 routes=10.171 grad=1.6421 seconds=68.4
>> Invalid instances, Re-generating ...
Epoch 1836/5000: score=12.042305 loss=-0.122546 valid=1.0000 routes=10.414 grad=1.7805 seconds=67.4
Epoch 1837/5000: score=11.558826 loss=-0.119081 valid=1.0000 routes=10.815 grad=1.7394 seconds=68.6
Epoch 1838/5000: score=11.846861 loss=-0.139832 valid=1.0000 routes=10.131 grad=1.8621 seconds=67.5
Epoch 1839/5000: score=11.762217 loss=-0.132806 valid=1.0000 routes=9.682 grad=1.7727 seconds=67.8
Epoch 1840/5000: score=11.134673 loss=-0.133347 valid=1.0000 routes=9.490 grad=1.6703 seconds=67.9
Epoch 1841/5000: score=11.641543 loss=-0.124293 valid=1.0000 routes=9.907 grad=1.7089 seconds=67.8
Epoch 1842/5000: score=11.319998 loss=-0.120462 valid=1.0000 routes=9.695 grad=1.6066 seconds=68.1
Epoch 1843/5000: score=11.565441 loss=-0.122235 valid=1.0000 routes=10.443 grad=1.7429 seconds=67.5
Epoch 1844/5000: score=11.456382 loss=-0.124778 valid=1.0000 routes=9.765 grad=1.6492 seconds=68.1
Epoch 1845/5000: score=11.340697 loss=-0.127514 valid=1.0000 routes=9.574 grad=1.6727 seconds=68.1
Epoch 1846/5000: score=10.932169 loss=-0.130247 valid=1.0000 routes=9.503 grad=1.6250 seconds=68.6
Epoch 1847/5000: score=11.608387 loss=-0.127438 valid=1.0000 routes=9.835 grad=1.7212 seconds=68.2
Epoch 1848/5000: score=11.596860 loss=-0.123554 valid=1.0000 routes=10.406 grad=1.7512 seconds=68.4
Epoch 1849/5000: score=10.921278 loss=-0.122339 valid=1.0000 routes=9.827 grad=1.6228 seconds=68.1
Epoch 1850/5000: score=11.566745 loss=-0.130155 valid=1.0000 routes=9.561 grad=1.6552 seconds=67.9
Epoch 1851/5000: score=11.714223 loss=-0.128613 valid=1.0000 routes=10.095 grad=1.7295 seconds=68.2
Epoch 1852/5000: score=11.598663 loss=-0.128766 valid=1.0000 routes=10.398 grad=1.7603 seconds=67.8
Epoch 1853/5000: score=11.495522 loss=-0.125751 valid=1.0000 routes=9.409 grad=1.6188 seconds=67.8
Epoch 1854/5000: score=11.532479 loss=-0.125228 valid=1.0000 routes=9.926 grad=1.7567 seconds=68.0
Epoch 1855/5000: score=11.222566 loss=-0.120140 valid=1.0000 routes=10.045 grad=1.6618 seconds=67.7
Epoch 1856/5000: score=11.404718 loss=-0.136877 valid=1.0000 routes=9.731 grad=1.7373 seconds=67.6
Epoch 1857/5000: score=11.335413 loss=-0.132002 valid=1.0000 routes=10.063 grad=1.7026 seconds=68.5
Epoch 1858/5000: score=11.256905 loss=-0.127820 valid=1.0000 routes=9.528 grad=1.6831 seconds=68.5
Epoch 1859/5000: score=11.230822 loss=-0.129099 valid=1.0000 routes=10.090 grad=1.6630 seconds=67.8
Epoch 1860/5000: score=10.994974 loss=-0.128024 valid=1.0000 routes=9.722 grad=1.6078 seconds=68.0
Epoch 1861/5000: score=11.108349 loss=-0.126099 valid=1.0000 routes=9.646 grad=1.6234 seconds=67.6
Epoch 1862/5000: score=11.221339 loss=-0.122195 valid=1.0000 routes=9.665 grad=1.6038 seconds=67.7
Epoch 1863/5000: score=11.282194 loss=-0.130295 valid=1.0000 routes=9.654 grad=1.6551 seconds=67.9
Epoch 1864/5000: score=11.289142 loss=-0.132371 valid=1.0000 routes=9.415 grad=1.6568 seconds=68.4
Epoch 1865/5000: score=10.888483 loss=-0.129053 valid=1.0000 routes=9.132 grad=1.5683 seconds=68.3
Epoch 1866/5000: score=11.431987 loss=-0.129008 valid=1.0000 routes=9.808 grad=1.6558 seconds=64.7
Epoch 1867/5000: score=11.686975 loss=-0.127593 valid=1.0000 routes=10.081 grad=1.7495 seconds=63.9
Epoch 1868/5000: score=11.035949 loss=-0.131346 valid=1.0000 routes=9.718 grad=1.6361 seconds=64.1
Epoch 1869/5000: score=11.064124 loss=-0.128547 valid=1.0000 routes=9.815 grad=1.6585 seconds=63.9
Epoch 1870/5000: score=11.464372 loss=-0.138209 valid=1.0000 routes=9.645 grad=1.7269 seconds=63.6
Epoch 1871/5000: score=11.192642 loss=-0.122644 valid=1.0000 routes=9.659 grad=1.6157 seconds=63.5
Epoch 1872/5000: score=11.698987 loss=-0.124423 valid=1.0000 routes=9.666 grad=1.7086 seconds=63.4
Epoch 1873/5000: score=11.023401 loss=-0.125478 valid=1.0000 routes=9.388 grad=1.5816 seconds=63.5
Epoch 1874/5000: score=11.458653 loss=-0.131836 valid=1.0000 routes=9.992 grad=1.7549 seconds=65.8
Epoch 1875/5000: score=11.714178 loss=-0.127260 valid=1.0000 routes=9.900 grad=1.7583 seconds=63.5
Epoch 1876/5000: score=11.639962 loss=-0.123474 valid=1.0000 routes=10.493 grad=1.7373 seconds=67.2
Epoch 1877/5000: score=11.285595 loss=-0.124934 valid=1.0000 routes=9.653 grad=1.6539 seconds=67.4
Epoch 1878/5000: score=10.986701 loss=-0.128170 valid=1.0000 routes=9.294 grad=1.6333 seconds=67.5
Epoch 1879/5000: score=11.733472 loss=-0.133992 valid=1.0000 routes=10.325 grad=1.8577 seconds=67.4
Epoch 1880/5000: score=11.256540 loss=-0.141224 valid=1.0000 routes=9.419 grad=1.7126 seconds=68.1
Epoch 1881/5000: score=11.370649 loss=-0.135430 valid=1.0000 routes=9.304 grad=1.6677 seconds=67.7
Epoch 1882/5000: score=11.419362 loss=-0.128257 valid=1.0000 routes=9.829 grad=1.6793 seconds=67.7
Epoch 1883/5000: score=11.193134 loss=-0.129500 valid=1.0000 routes=9.657 grad=1.6750 seconds=68.4
Epoch 1884/5000: score=11.602145 loss=-0.129052 valid=1.0000 routes=10.284 grad=1.7413 seconds=68.2
Epoch 1885/5000: score=10.993554 loss=-0.125191 valid=1.0000 routes=10.131 grad=1.6165 seconds=68.1
Epoch 1886/5000: score=11.462904 loss=-0.126237 valid=1.0000 routes=10.002 grad=1.6562 seconds=67.6
Epoch 1887/5000: score=11.263656 loss=-0.127206 valid=1.0000 routes=9.221 grad=1.5817 seconds=68.0
Epoch 1888/5000: score=11.503461 loss=-0.130871 valid=1.0000 routes=9.951 grad=1.7192 seconds=67.7
Epoch 1889/5000: score=12.159459 loss=-0.122778 valid=1.0000 routes=10.674 grad=1.8386 seconds=67.8
Epoch 1890/5000: score=11.097895 loss=-0.127357 valid=1.0000 routes=9.295 grad=1.5965 seconds=67.4
Epoch 1891/5000: score=11.735386 loss=-0.125134 valid=1.0000 routes=10.282 grad=1.7625 seconds=68.1
Epoch 1892/5000: score=11.848069 loss=-0.136999 valid=1.0000 routes=9.755 grad=1.7888 seconds=68.3
Epoch 1893/5000: score=11.497938 loss=-0.122738 valid=1.0000 routes=9.808 grad=1.6506 seconds=67.5
Epoch 1894/5000: score=12.377235 loss=-0.125956 valid=1.0000 routes=10.943 grad=1.9510 seconds=67.9
Epoch 1895/5000: score=11.367484 loss=-0.121207 valid=1.0000 routes=9.861 grad=1.6356 seconds=67.5
Epoch 1896/5000: score=11.648737 loss=-0.124972 valid=1.0000 routes=10.277 grad=1.7478 seconds=67.7
Epoch 1897/5000: score=11.465423 loss=-0.123804 valid=1.0000 routes=9.919 grad=1.6916 seconds=67.2
Epoch 1898/5000: score=11.194467 loss=-0.125425 valid=1.0000 routes=10.010 grad=1.6379 seconds=67.6
Epoch 1899/5000: score=11.438595 loss=-0.128955 valid=1.0000 routes=9.890 grad=1.7221 seconds=67.5
Epoch 1900/5000: score=11.807598 loss=-0.124149 valid=1.0000 routes=10.199 grad=1.7606 seconds=67.4
Epoch 1901/5000: score=11.134793 loss=-0.133303 valid=1.0000 routes=9.449 grad=1.6112 seconds=68.2
Epoch 1902/5000: score=11.855419 loss=-0.128947 valid=1.0000 routes=10.480 grad=1.8589 seconds=67.5
Epoch 1903/5000: score=11.436203 loss=-0.126254 valid=1.0000 routes=9.839 grad=1.6855 seconds=68.1
Epoch 1904/5000: score=11.530213 loss=-0.135494 valid=1.0000 routes=9.820 grad=1.7591 seconds=67.9
Epoch 1905/5000: score=11.252572 loss=-0.129500 valid=1.0000 routes=9.392 grad=1.6445 seconds=67.9
Epoch 1906/5000: score=10.898379 loss=-0.133167 valid=1.0000 routes=9.183 grad=1.6107 seconds=67.7
Epoch 1907/5000: score=11.824802 loss=-0.130478 valid=1.0000 routes=10.115 grad=1.7568 seconds=67.9
Epoch 1908/5000: score=11.217322 loss=-0.125372 valid=1.0000 routes=9.588 grad=1.6105 seconds=67.1
Epoch 1909/5000: score=11.472105 loss=-0.122754 valid=1.0000 routes=10.296 grad=1.7542 seconds=65.9
Epoch 1910/5000: score=11.118897 loss=-0.125585 valid=1.0000 routes=10.189 grad=1.6789 seconds=66.3
Epoch 1911/5000: score=10.860372 loss=-0.120366 valid=1.0000 routes=10.015 grad=1.6437 seconds=65.7
Epoch 1912/5000: score=11.494865 loss=-0.129419 valid=1.0000 routes=9.797 grad=1.7087 seconds=66.5
Epoch 1913/5000: score=11.232190 loss=-0.126508 valid=1.0000 routes=10.104 grad=1.6900 seconds=66.1
Epoch 1914/5000: score=11.725940 loss=-0.123398 valid=1.0000 routes=10.006 grad=1.7422 seconds=65.9
Epoch 1915/5000: score=11.990352 loss=-0.131207 valid=1.0000 routes=10.035 grad=1.8068 seconds=65.5
Epoch 1916/5000: score=11.043064 loss=-0.123102 valid=1.0000 routes=9.636 grad=1.6210 seconds=66.1
Epoch 1917/5000: score=11.122270 loss=-0.118439 valid=1.0000 routes=9.969 grad=1.6201 seconds=66.2
Epoch 1918/5000: score=11.900465 loss=-0.130650 valid=1.0000 routes=10.677 grad=1.8546 seconds=66.3
Epoch 1919/5000: score=11.300427 loss=-0.123831 valid=1.0000 routes=9.804 grad=1.6617 seconds=66.4
Epoch 1920/5000: score=11.659784 loss=-0.129450 valid=1.0000 routes=9.708 grad=1.7209 seconds=66.0
Epoch 1921/5000: score=12.153544 loss=-0.124494 valid=1.0000 routes=10.438 grad=1.8357 seconds=66.2
Epoch 1922/5000: score=11.175143 loss=-0.116762 valid=1.0000 routes=9.884 grad=1.6426 seconds=66.1
Epoch 1923/5000: score=11.458560 loss=-0.131969 valid=1.0000 routes=9.529 grad=1.7580 seconds=66.4
Epoch 1924/5000: score=11.413336 loss=-0.130603 valid=1.0000 routes=9.698 grad=1.7005 seconds=66.4
Epoch 1925/5000: score=11.319560 loss=-0.122643 valid=1.0000 routes=9.809 grad=1.6306 seconds=65.8
Epoch 1926/5000: score=11.766290 loss=-0.130599 valid=1.0000 routes=10.441 grad=1.8815 seconds=66.3
Epoch 1927/5000: score=11.171511 loss=-0.124922 valid=1.0000 routes=10.255 grad=1.6848 seconds=65.7
Epoch 1928/5000: score=11.621932 loss=-0.122894 valid=1.0000 routes=10.270 grad=1.7278 seconds=66.0
Epoch 1929/5000: score=11.619375 loss=-0.121794 valid=1.0000 routes=10.213 grad=1.6930 seconds=65.3
Epoch 1930/5000: score=11.310169 loss=-0.131728 valid=1.0000 routes=10.195 grad=1.7911 seconds=66.2
Epoch 1931/5000: score=11.390904 loss=-0.128386 valid=1.0000 routes=9.939 grad=1.7238 seconds=65.9
Epoch 1932/5000: score=11.436710 loss=-0.124843 valid=1.0000 routes=10.125 grad=1.7142 seconds=65.8
Epoch 1933/5000: score=11.069756 loss=-0.122335 valid=1.0000 routes=9.655 grad=1.6320 seconds=66.1
Epoch 1934/5000: score=11.516185 loss=-0.132260 valid=1.0000 routes=9.646 grad=1.7697 seconds=65.7
Epoch 1935/5000: score=11.601210 loss=-0.125714 valid=1.0000 routes=10.100 grad=1.7459 seconds=66.0
Epoch 1936/5000: score=11.651217 loss=-0.126694 valid=1.0000 routes=10.338 grad=1.7793 seconds=65.5
Epoch 1937/5000: score=11.132475 loss=-0.125675 valid=1.0000 routes=9.798 grad=1.6284 seconds=66.8
Epoch 1938/5000: score=11.307411 loss=-0.116612 valid=1.0000 routes=9.670 grad=1.6209 seconds=65.9
Epoch 1939/5000: score=11.119914 loss=-0.130759 valid=1.0000 routes=9.574 grad=1.6541 seconds=67.0
Epoch 1940/5000: score=11.558366 loss=-0.125117 valid=1.0000 routes=9.779 grad=1.7001 seconds=66.3
Epoch 1941/5000: score=11.688937 loss=-0.126484 valid=1.0000 routes=10.050 grad=1.7782 seconds=66.4
Epoch 1942/5000: score=12.324710 loss=-0.129309 valid=1.0000 routes=10.629 grad=1.8559 seconds=66.1
Epoch 1943/5000: score=11.790446 loss=-0.135016 valid=1.0000 routes=9.650 grad=1.7811 seconds=65.8
Epoch 1944/5000: score=11.215693 loss=-0.130102 valid=1.0000 routes=9.342 grad=1.6288 seconds=66.1
Epoch 1945/5000: score=11.206974 loss=-0.120223 valid=1.0000 routes=9.977 grad=1.6003 seconds=65.9
Epoch 1946/5000: score=10.865960 loss=-0.135538 valid=1.0000 routes=9.010 grad=1.6013 seconds=65.8
Epoch 1947/5000: score=11.657837 loss=-0.124121 valid=1.0000 routes=10.368 grad=1.7516 seconds=65.5
Epoch 1948/5000: score=11.519459 loss=-0.125623 valid=1.0000 routes=10.178 grad=1.7490 seconds=66.0
Epoch 1949/5000: score=11.669191 loss=-0.124375 valid=1.0000 routes=10.280 grad=1.7424 seconds=66.4
Epoch 1950/5000: score=11.689715 loss=-0.124819 valid=1.0000 routes=9.864 grad=1.7659 seconds=66.4
Epoch 1951/5000: score=11.368924 loss=-0.125766 valid=1.0000 routes=10.069 grad=1.7126 seconds=66.7
Epoch 1952/5000: score=11.374387 loss=-0.122073 valid=1.0000 routes=9.898 grad=1.6471 seconds=65.6
Epoch 1953/5000: score=10.930114 loss=-0.118951 valid=1.0000 routes=9.498 grad=1.5286 seconds=66.6
Epoch 1954/5000: score=11.296989 loss=-0.125980 valid=1.0000 routes=9.755 grad=1.6801 seconds=66.3
Epoch 1955/5000: score=11.164891 loss=-0.123678 valid=1.0000 routes=10.194 grad=1.6771 seconds=66.5
Epoch 1956/5000: score=12.039203 loss=-0.127541 valid=1.0000 routes=10.468 grad=1.8433 seconds=66.2
Epoch 1957/5000: score=10.825354 loss=-0.126860 valid=1.0000 routes=9.321 grad=1.5124 seconds=65.8
Epoch 1958/5000: score=11.309033 loss=-0.128351 valid=1.0000 routes=9.774 grad=1.6683 seconds=66.0
Epoch 1959/5000: score=11.593681 loss=-0.122486 valid=1.0000 routes=10.045 grad=1.6817 seconds=66.0
Epoch 1960/5000: score=11.419778 loss=-0.126547 valid=1.0000 routes=10.051 grad=1.6922 seconds=66.8
Epoch 1961/5000: score=10.849619 loss=-0.129423 valid=1.0000 routes=9.370 grad=1.6194 seconds=66.6
Epoch 1962/5000: score=10.837807 loss=-0.118953 valid=1.0000 routes=9.446 grad=1.5437 seconds=67.3
Epoch 1963/5000: score=11.112020 loss=-0.126599 valid=1.0000 routes=9.731 grad=1.6036 seconds=66.5
Epoch 1964/5000: score=11.330867 loss=-0.126768 valid=1.0000 routes=9.885 grad=1.7201 seconds=66.9
Epoch 1965/5000: score=11.435579 loss=-0.121371 valid=1.0000 routes=9.579 grad=1.5958 seconds=66.4
Epoch 1966/5000: score=11.521596 loss=-0.129335 valid=1.0000 routes=9.893 grad=1.7158 seconds=66.9
Epoch 1967/5000: score=11.658706 loss=-0.123068 valid=1.0000 routes=10.638 grad=1.7300 seconds=66.6
Epoch 1968/5000: score=11.237996 loss=-0.126557 valid=1.0000 routes=9.014 grad=1.5554 seconds=66.9
Epoch 1969/5000: score=11.689199 loss=-0.117068 valid=1.0000 routes=10.192 grad=1.7365 seconds=67.0
Epoch 1970/5000: score=11.077782 loss=-0.132028 valid=1.0000 routes=9.419 grad=1.6359 seconds=66.2
Epoch 1971/5000: score=11.473687 loss=-0.125708 valid=1.0000 routes=9.885 grad=1.6713 seconds=66.7
Epoch 1972/5000: score=11.515737 loss=-0.127195 valid=1.0000 routes=10.465 grad=1.7515 seconds=65.9
Epoch 1973/5000: score=11.664838 loss=-0.124616 valid=1.0000 routes=9.822 grad=1.7390 seconds=66.6
Epoch 1974/5000: score=11.574363 loss=-0.130762 valid=1.0000 routes=10.332 grad=1.7505 seconds=66.5
Epoch 1975/5000: score=11.061438 loss=-0.123114 valid=1.0000 routes=9.801 grad=1.6045 seconds=66.3
Epoch 1976/5000: score=11.772838 loss=-0.134208 valid=1.0000 routes=9.838 grad=1.8059 seconds=66.4
Epoch 1977/5000: score=12.032850 loss=-0.120524 valid=1.0000 routes=10.690 grad=1.8318 seconds=65.9
Epoch 1978/5000: score=11.687930 loss=-0.126254 valid=1.0000 routes=10.664 grad=1.8173 seconds=66.5
Epoch 1979/5000: score=11.031627 loss=-0.128448 valid=1.0000 routes=9.536 grad=1.6292 seconds=65.7
Epoch 1980/5000: score=11.732374 loss=-0.141247 valid=1.0000 routes=10.049 grad=1.8439 seconds=66.8
Epoch 1981/5000: score=11.476666 loss=-0.124073 valid=1.0000 routes=10.390 grad=1.7163 seconds=66.1
Epoch 1982/5000: score=11.124596 loss=-0.126128 valid=1.0000 routes=9.236 grad=1.6336 seconds=66.2
Epoch 1983/5000: score=11.417653 loss=-0.123815 valid=1.0000 routes=10.149 grad=1.6521 seconds=66.1
Epoch 1984/5000: score=11.765054 loss=-0.132877 valid=1.0000 routes=10.130 grad=1.8217 seconds=66.5
Epoch 1985/5000: score=11.138903 loss=-0.130627 valid=1.0000 routes=9.713 grad=1.6942 seconds=66.6
Epoch 1986/5000: score=11.518738 loss=-0.126702 valid=1.0000 routes=9.974 grad=1.7497 seconds=65.4
Epoch 1987/5000: score=11.404669 loss=-0.125519 valid=1.0000 routes=10.245 grad=1.6859 seconds=66.4
Epoch 1988/5000: score=11.375636 loss=-0.125843 valid=1.0000 routes=9.611 grad=1.6386 seconds=66.2
Epoch 1989/5000: score=11.194988 loss=-0.121810 valid=1.0000 routes=9.948 grad=1.6297 seconds=66.1
Epoch 1990/5000: score=11.221057 loss=-0.120429 valid=1.0000 routes=9.448 grad=1.5540 seconds=65.7
Epoch 1991/5000: score=11.804258 loss=-0.130129 valid=1.0000 routes=9.830 grad=1.7993 seconds=66.4
Epoch 1992/5000: score=11.775664 loss=-0.133184 valid=1.0000 routes=10.225 grad=1.7866 seconds=66.8
Epoch 1993/5000: score=11.313527 loss=-0.130237 valid=1.0000 routes=9.749 grad=1.6637 seconds=66.1
Epoch 1994/5000: score=11.082385 loss=-0.129254 valid=1.0000 routes=10.378 grad=1.7056 seconds=66.4
Epoch 1995/5000: score=11.367113 loss=-0.130472 valid=1.0000 routes=9.446 grad=1.6837 seconds=65.7
Epoch 1996/5000: score=10.951251 loss=-0.125255 valid=1.0000 routes=9.514 grad=1.5870 seconds=64.7
Epoch 1997/5000: score=11.699853 loss=-0.119346 valid=1.0000 routes=10.307 grad=1.7219 seconds=65.9
Epoch 1998/5000: score=11.288137 loss=-0.127667 valid=1.0000 routes=9.447 grad=1.6547 seconds=61.8
Epoch 1999/5000: score=11.385282 loss=-0.126355 valid=1.0000 routes=9.893 grad=1.6981 seconds=64.8
Epoch 2000/5000: score=11.458423 loss=-0.131717 valid=1.0000 routes=9.905 grad=1.7693 seconds=65.8
Epoch 2001/5000: score=11.584845 loss=-0.124266 valid=1.0000 routes=10.356 grad=1.7439 seconds=66.1
Epoch 2002/5000: score=11.342566 loss=-0.126465 valid=1.0000 routes=9.786 grad=1.6571 seconds=66.4
Epoch 2003/5000: score=11.364697 loss=-0.130561 valid=1.0000 routes=9.874 grad=1.7138 seconds=66.4
Epoch 2004/5000: score=11.130317 loss=-0.126318 valid=1.0000 routes=10.126 grad=1.6869 seconds=65.2
Epoch 2005/5000: score=11.505838 loss=-0.130087 valid=1.0000 routes=9.714 grad=1.6963 seconds=66.1
Epoch 2006/5000: score=11.803786 loss=-0.126833 valid=1.0000 routes=10.153 grad=1.7778 seconds=63.6
Epoch 2007/5000: score=10.905639 loss=-0.119181 valid=1.0000 routes=9.716 grad=1.5174 seconds=65.5
Epoch 2008/5000: score=11.561584 loss=-0.123252 valid=1.0000 routes=9.938 grad=1.6897 seconds=66.0
Epoch 2009/5000: score=12.044840 loss=-0.123680 valid=1.0000 routes=10.772 grad=1.8635 seconds=65.8
Epoch 2010/5000: score=11.988357 loss=-0.123984 valid=1.0000 routes=10.808 grad=1.8533 seconds=66.4
Epoch 2011/5000: score=11.024194 loss=-0.131226 valid=1.0000 routes=9.009 grad=1.5622 seconds=65.6
Epoch 2012/5000: score=11.436149 loss=-0.126982 valid=1.0000 routes=9.487 grad=1.7131 seconds=66.6
Epoch 2013/5000: score=11.094521 loss=-0.122596 valid=1.0000 routes=9.443 grad=1.5368 seconds=65.8
Epoch 2014/5000: score=11.657051 loss=-0.127624 valid=1.0000 routes=9.983 grad=1.8002 seconds=66.5
Epoch 2015/5000: score=11.176918 loss=-0.132813 valid=1.0000 routes=9.458 grad=1.6715 seconds=66.5
Epoch 2016/5000: score=11.037372 loss=-0.127069 valid=1.0000 routes=9.374 grad=1.5772 seconds=66.0
Epoch 2017/5000: score=11.294389 loss=-0.124790 valid=1.0000 routes=10.115 grad=1.6861 seconds=65.7
Epoch 2018/5000: score=11.665557 loss=-0.121335 valid=1.0000 routes=10.124 grad=1.7640 seconds=66.3
Epoch 2019/5000: score=11.681280 loss=-0.133889 valid=1.0000 routes=9.992 grad=1.7916 seconds=66.8
Epoch 2020/5000: score=11.289948 loss=-0.130107 valid=1.0000 routes=9.637 grad=1.7129 seconds=66.3
Epoch 2021/5000: score=11.882511 loss=-0.133750 valid=1.0000 routes=10.091 grad=1.7694 seconds=66.7
Epoch 2022/5000: score=11.232710 loss=-0.131068 valid=1.0000 routes=9.712 grad=1.6672 seconds=65.8
Epoch 2023/5000: score=10.960502 loss=-0.131179 valid=1.0000 routes=9.229 grad=1.6439 seconds=67.0
Epoch 2024/5000: score=11.670944 loss=-0.122551 valid=1.0000 routes=10.110 grad=1.7508 seconds=66.1
Epoch 2025/5000: score=11.174241 loss=-0.128838 valid=1.0000 routes=9.754 grad=1.6577 seconds=66.4
Epoch 2026/5000: score=11.219037 loss=-0.131554 valid=1.0000 routes=9.496 grad=1.6199 seconds=66.5
Epoch 2027/5000: score=11.099353 loss=-0.132375 valid=1.0000 routes=9.114 grad=1.5773 seconds=66.4
Epoch 2028/5000: score=11.058725 loss=-0.134805 valid=1.0000 routes=9.401 grad=1.6558 seconds=66.4
Epoch 2029/5000: score=11.586370 loss=-0.119732 valid=1.0000 routes=9.762 grad=1.6253 seconds=65.9
Epoch 2030/5000: score=11.145605 loss=-0.128386 valid=1.0000 routes=9.833 grad=1.6793 seconds=66.5
Epoch 2031/5000: score=11.716505 loss=-0.127593 valid=1.0000 routes=9.937 grad=1.7289 seconds=65.8
Epoch 2032/5000: score=11.181024 loss=-0.127226 valid=1.0000 routes=9.641 grad=1.6418 seconds=66.2
Epoch 2033/5000: score=11.323074 loss=-0.125478 valid=1.0000 routes=9.759 grad=1.6697 seconds=65.9
Epoch 2034/5000: score=11.169727 loss=-0.134885 valid=1.0000 routes=9.448 grad=1.6566 seconds=65.9
Epoch 2035/5000: score=11.309079 loss=-0.125444 valid=1.0000 routes=10.211 grad=1.7238 seconds=65.5
Epoch 2036/5000: score=11.308108 loss=-0.118895 valid=1.0000 routes=9.909 grad=1.6784 seconds=65.8
Epoch 2037/5000: score=11.280667 loss=-0.132712 valid=1.0000 routes=9.657 grad=1.7159 seconds=66.5
Epoch 2038/5000: score=11.779443 loss=-0.128114 valid=1.0000 routes=10.056 grad=1.7681 seconds=65.3
Epoch 2039/5000: score=11.807137 loss=-0.125685 valid=1.0000 routes=10.629 grad=1.8185 seconds=65.8
Epoch 2040/5000: score=11.148445 loss=-0.126745 valid=1.0000 routes=9.521 grad=1.6288 seconds=65.6
Epoch 2041/5000: score=11.292012 loss=-0.119791 valid=1.0000 routes=10.209 grad=1.6292 seconds=65.7
Epoch 2042/5000: score=11.899148 loss=-0.125086 valid=1.0000 routes=10.176 grad=1.8544 seconds=66.0
Epoch 2043/5000: score=11.268448 loss=-0.124618 valid=1.0000 routes=9.501 grad=1.6258 seconds=64.4
Epoch 2044/5000: score=11.789747 loss=-0.126676 valid=1.0000 routes=10.094 grad=1.7711 seconds=66.5
Epoch 2045/5000: score=11.342914 loss=-0.130851 valid=1.0000 routes=9.638 grad=1.6994 seconds=65.7
Epoch 2046/5000: score=11.070346 loss=-0.131033 valid=1.0000 routes=9.472 grad=1.6063 seconds=66.2
Epoch 2047/5000: score=11.205771 loss=-0.122645 valid=1.0000 routes=9.966 grad=1.6080 seconds=65.6
Epoch 2048/5000: score=10.986617 loss=-0.128834 valid=1.0000 routes=9.364 grad=1.5834 seconds=66.8
Epoch 2049/5000: score=11.001085 loss=-0.123725 valid=1.0000 routes=9.825 grad=1.5985 seconds=66.6
Epoch 2050/5000: score=11.196196 loss=-0.130537 valid=1.0000 routes=9.541 grad=1.6462 seconds=66.1
Epoch 2051/5000: score=11.770876 loss=-0.118712 valid=1.0000 routes=10.476 grad=1.7885 seconds=65.9
Epoch 2052/5000: score=11.707219 loss=-0.131793 valid=1.0000 routes=9.890 grad=1.8096 seconds=65.7
Epoch 2053/5000: score=11.591420 loss=-0.130677 valid=1.0000 routes=9.663 grad=1.6896 seconds=64.0
Epoch 2054/5000: score=11.172558 loss=-0.124912 valid=1.0000 routes=9.609 grad=1.5820 seconds=65.6
Epoch 2055/5000: score=11.743962 loss=-0.126250 valid=1.0000 routes=10.489 grad=1.7833 seconds=65.8
Epoch 2056/5000: score=11.563846 loss=-0.127761 valid=1.0000 routes=9.577 grad=1.6788 seconds=65.8
Epoch 2057/5000: score=11.768814 loss=-0.132852 valid=1.0000 routes=10.052 grad=1.7748 seconds=66.2
Epoch 2058/5000: score=11.567113 loss=-0.120397 valid=1.0000 routes=10.228 grad=1.7024 seconds=65.9
Epoch 2059/5000: score=11.420123 loss=-0.130820 valid=1.0000 routes=9.696 grad=1.7207 seconds=66.3
Epoch 2060/5000: score=11.666251 loss=-0.127764 valid=1.0000 routes=9.979 grad=1.7430 seconds=66.1
Epoch 2061/5000: score=11.692521 loss=-0.127994 valid=1.0000 routes=9.999 grad=1.7310 seconds=65.8
Epoch 2062/5000: score=11.415480 loss=-0.129183 valid=1.0000 routes=9.723 grad=1.6389 seconds=66.2
Epoch 2063/5000: score=11.563815 loss=-0.125369 valid=1.0000 routes=9.704 grad=1.6596 seconds=65.5
Epoch 2064/5000: score=11.444488 loss=-0.126331 valid=1.0000 routes=10.233 grad=1.6950 seconds=66.7
Epoch 2065/5000: score=11.250969 loss=-0.127265 valid=1.0000 routes=10.047 grad=1.6631 seconds=66.6
Epoch 2066/5000: score=11.362054 loss=-0.129023 valid=1.0000 routes=9.565 grad=1.6892 seconds=66.5
Epoch 2067/5000: score=11.711715 loss=-0.128176 valid=1.0000 routes=10.229 grad=1.8134 seconds=67.1
Epoch 2068/5000: score=11.067193 loss=-0.129735 valid=1.0000 routes=9.673 grad=1.6420 seconds=66.4
Epoch 2069/5000: score=11.803684 loss=-0.126843 valid=1.0000 routes=10.327 grad=1.7876 seconds=66.9
Epoch 2070/5000: score=11.688311 loss=-0.131880 valid=1.0000 routes=9.941 grad=1.7838 seconds=65.8
Epoch 2071/5000: score=11.140968 loss=-0.120367 valid=1.0000 routes=9.691 grad=1.6036 seconds=66.4
Epoch 2072/5000: score=11.900305 loss=-0.121758 valid=1.0000 routes=10.884 grad=1.8115 seconds=65.8
Epoch 2073/5000: score=11.310129 loss=-0.125815 valid=1.0000 routes=9.726 grad=1.6423 seconds=66.9
Epoch 2074/5000: score=11.665753 loss=-0.125175 valid=1.0000 routes=10.432 grad=1.7422 seconds=66.8
Epoch 2075/5000: score=10.751195 loss=-0.120130 valid=1.0000 routes=9.416 grad=1.5314 seconds=66.6
Epoch 2076/5000: score=11.451366 loss=-0.126954 valid=1.0000 routes=9.820 grad=1.6491 seconds=66.7
Epoch 2077/5000: score=11.564041 loss=-0.136441 valid=1.0000 routes=9.784 grad=1.7659 seconds=66.3
Epoch 2078/5000: score=11.814062 loss=-0.130979 valid=1.0000 routes=10.010 grad=1.7219 seconds=66.5
Epoch 2079/5000: score=11.829851 loss=-0.135055 valid=1.0000 routes=10.467 grad=1.8608 seconds=66.2
Epoch 2080/5000: score=11.952770 loss=-0.129633 valid=1.0000 routes=10.247 grad=1.8040 seconds=66.6
Epoch 2081/5000: score=11.130708 loss=-0.123153 valid=1.0000 routes=10.039 grad=1.6270 seconds=66.5
Epoch 2082/5000: score=11.603283 loss=-0.135313 valid=1.0000 routes=10.029 grad=1.8392 seconds=66.5
Epoch 2083/5000: score=11.650229 loss=-0.131524 valid=1.0000 routes=10.098 grad=1.7472 seconds=66.7
Epoch 2084/5000: score=11.166407 loss=-0.126419 valid=1.0000 routes=9.939 grad=1.6037 seconds=66.0
Epoch 2085/5000: score=11.438817 loss=-0.127685 valid=1.0000 routes=9.830 grad=1.7356 seconds=66.9
Epoch 2086/5000: score=11.643918 loss=-0.128368 valid=1.0000 routes=10.004 grad=1.7316 seconds=66.5
Epoch 2087/5000: score=11.715426 loss=-0.123686 valid=1.0000 routes=10.353 grad=1.7757 seconds=66.7
Epoch 2088/5000: score=11.218103 loss=-0.122057 valid=1.0000 routes=9.563 grad=1.5941 seconds=66.9
Epoch 2089/5000: score=11.420935 loss=-0.126039 valid=1.0000 routes=9.691 grad=1.6994 seconds=67.1
Epoch 2090/5000: score=11.296052 loss=-0.125476 valid=1.0000 routes=9.441 grad=1.6186 seconds=67.2
Epoch 2091/5000: score=11.787941 loss=-0.126380 valid=1.0000 routes=10.274 grad=1.7848 seconds=63.5
Epoch 2092/5000: score=11.837417 loss=-0.130515 valid=1.0000 routes=10.518 grad=1.8133 seconds=62.1
Epoch 2093/5000: score=11.563849 loss=-0.129825 valid=1.0000 routes=9.739 grad=1.7400 seconds=61.6
Epoch 2094/5000: score=11.483488 loss=-0.126046 valid=1.0000 routes=9.719 grad=1.7152 seconds=64.1
Epoch 2095/5000: score=11.026176 loss=-0.136847 valid=1.0000 routes=9.405 grad=1.6527 seconds=66.4
Epoch 2096/5000: score=11.707306 loss=-0.128847 valid=1.0000 routes=9.745 grad=1.6934 seconds=66.6
Epoch 2097/5000: score=10.873138 loss=-0.129749 valid=1.0000 routes=9.379 grad=1.6006 seconds=66.2
Epoch 2098/5000: score=11.456609 loss=-0.123057 valid=1.0000 routes=9.890 grad=1.6442 seconds=66.4
Epoch 2099/5000: score=11.509676 loss=-0.123821 valid=1.0000 routes=10.293 grad=1.7180 seconds=66.3
Epoch 2100/5000: score=11.234894 loss=-0.129437 valid=1.0000 routes=9.833 grad=1.6983 seconds=66.4
Epoch 2101/5000: score=11.668094 loss=-0.131021 valid=1.0000 routes=10.078 grad=1.7623 seconds=66.0
Epoch 2102/5000: score=11.929932 loss=-0.126805 valid=1.0000 routes=11.126 grad=1.8799 seconds=66.0
Epoch 2103/5000: score=11.315872 loss=-0.127832 valid=1.0000 routes=9.463 grad=1.6217 seconds=67.3
Epoch 2104/5000: score=11.854649 loss=-0.121868 valid=1.0000 routes=10.222 grad=1.7630 seconds=66.0
Epoch 2105/5000: score=10.992788 loss=-0.124640 valid=1.0000 routes=9.355 grad=1.5557 seconds=66.6
>> Invalid instances, Re-generating ...
Epoch 2106/5000: score=11.381027 loss=-0.128736 valid=1.0000 routes=10.041 grad=1.7173 seconds=65.7
Epoch 2107/5000: score=11.259945 loss=-0.127657 valid=1.0000 routes=9.921 grad=1.6438 seconds=66.9
Epoch 2108/5000: score=11.311874 loss=-0.133227 valid=1.0000 routes=9.744 grad=1.6879 seconds=66.8
Epoch 2109/5000: score=11.477341 loss=-0.127555 valid=1.0000 routes=10.003 grad=1.7371 seconds=65.9
Epoch 2110/5000: score=11.731316 loss=-0.132952 valid=1.0000 routes=9.974 grad=1.7525 seconds=66.6
Epoch 2111/5000: score=11.263943 loss=-0.127933 valid=1.0000 routes=9.489 grad=1.5743 seconds=66.9
Epoch 2112/5000: score=11.806923 loss=-0.133230 valid=1.0000 routes=9.915 grad=1.7795 seconds=68.1
Epoch 2113/5000: score=11.511656 loss=-0.130706 valid=1.0000 routes=10.370 grad=1.7429 seconds=67.6
Epoch 2114/5000: score=11.254311 loss=-0.121311 valid=1.0000 routes=9.978 grad=1.6206 seconds=67.7
Epoch 2115/5000: score=11.611973 loss=-0.123285 valid=1.0000 routes=10.032 grad=1.6949 seconds=67.3
Epoch 2116/5000: score=11.775608 loss=-0.137916 valid=1.0000 routes=10.509 grad=1.8688 seconds=67.7
Epoch 2117/5000: score=11.631738 loss=-0.126269 valid=1.0000 routes=10.085 grad=1.7341 seconds=67.8
Epoch 2118/5000: score=12.151621 loss=-0.130044 valid=1.0000 routes=10.774 grad=1.8516 seconds=67.1
Epoch 2119/5000: score=11.292436 loss=-0.121485 valid=1.0000 routes=9.843 grad=1.5946 seconds=67.2
Epoch 2120/5000: score=11.626725 loss=-0.126945 valid=1.0000 routes=9.908 grad=1.6727 seconds=67.1
Epoch 2121/5000: score=11.282708 loss=-0.125872 valid=1.0000 routes=10.049 grad=1.7029 seconds=67.3
Epoch 2122/5000: score=11.670340 loss=-0.123090 valid=1.0000 routes=10.062 grad=1.7648 seconds=66.9
Epoch 2123/5000: score=11.701908 loss=-0.128759 valid=1.0000 routes=9.980 grad=1.7015 seconds=67.6
Epoch 2124/5000: score=11.721580 loss=-0.128379 valid=1.0000 routes=10.323 grad=1.7565 seconds=67.5
Epoch 2125/5000: score=12.028849 loss=-0.125958 valid=1.0000 routes=10.741 grad=1.8597 seconds=67.5
Epoch 2126/5000: score=10.690670 loss=-0.132152 valid=1.0000 routes=9.301 grad=1.4939 seconds=67.7
Epoch 2127/5000: score=11.434858 loss=-0.132372 valid=1.0000 routes=9.623 grad=1.6544 seconds=67.4
Epoch 2128/5000: score=11.451310 loss=-0.125726 valid=1.0000 routes=9.877 grad=1.6640 seconds=67.9
Epoch 2129/5000: score=12.003745 loss=-0.131397 valid=1.0000 routes=10.240 grad=1.7895 seconds=67.1
Epoch 2130/5000: score=11.224928 loss=-0.119049 valid=1.0000 routes=10.413 grad=1.6547 seconds=68.0
Epoch 2131/5000: score=10.959411 loss=-0.124619 valid=1.0000 routes=9.514 grad=1.6173 seconds=67.8
Epoch 2132/5000: score=11.337644 loss=-0.129448 valid=1.0000 routes=9.850 grad=1.6774 seconds=67.1
Epoch 2133/5000: score=11.612742 loss=-0.131392 valid=1.0000 routes=10.273 grad=1.7717 seconds=67.5
Epoch 2134/5000: score=11.055159 loss=-0.120776 valid=1.0000 routes=9.477 grad=1.5343 seconds=67.9
>> Invalid instances, Re-generating ...
Epoch 2135/5000: score=10.856577 loss=-0.119724 valid=1.0000 routes=9.344 grad=1.5477 seconds=68.0
Epoch 2136/5000: score=11.744175 loss=-0.127606 valid=1.0000 routes=10.418 grad=1.7451 seconds=66.8
Epoch 2137/5000: score=11.443405 loss=-0.128902 valid=1.0000 routes=10.130 grad=1.6936 seconds=67.5
Epoch 2138/5000: score=11.543837 loss=-0.126509 valid=1.0000 routes=9.640 grad=1.6581 seconds=67.0
Epoch 2139/5000: score=11.326777 loss=-0.123591 valid=1.0000 routes=10.310 grad=1.6875 seconds=67.5
Epoch 2140/5000: score=11.414809 loss=-0.130300 valid=1.0000 routes=9.835 grad=1.7016 seconds=67.8
Epoch 2141/5000: score=11.235625 loss=-0.130561 valid=1.0000 routes=9.864 grad=1.7041 seconds=67.9
Epoch 2142/5000: score=11.037234 loss=-0.123901 valid=1.0000 routes=9.252 grad=1.5359 seconds=67.9
Epoch 2143/5000: score=11.043861 loss=-0.116686 valid=1.0000 routes=9.920 grad=1.5674 seconds=67.5
Epoch 2144/5000: score=11.650424 loss=-0.118543 valid=1.0000 routes=10.025 grad=1.6700 seconds=67.7
Epoch 2145/5000: score=11.146157 loss=-0.119498 valid=1.0000 routes=10.241 grad=1.6078 seconds=67.2
Epoch 2146/5000: score=11.263143 loss=-0.126686 valid=1.0000 routes=9.682 grad=1.6704 seconds=67.7
Epoch 2147/5000: score=12.092155 loss=-0.124384 valid=1.0000 routes=10.687 grad=1.8431 seconds=67.1
Epoch 2148/5000: score=11.138007 loss=-0.125126 valid=1.0000 routes=9.760 grad=1.6582 seconds=68.0
Epoch 2149/5000: score=11.817982 loss=-0.127210 valid=1.0000 routes=10.031 grad=1.7548 seconds=67.5
Epoch 2150/5000: score=11.566069 loss=-0.124359 valid=1.0000 routes=9.873 grad=1.6608 seconds=67.4
Epoch 2151/5000: score=11.041883 loss=-0.125632 valid=1.0000 routes=9.800 grad=1.6482 seconds=67.6
Epoch 2152/5000: score=11.444172 loss=-0.124410 valid=1.0000 routes=10.265 grad=1.7362 seconds=67.1
Epoch 2153/5000: score=11.048331 loss=-0.123570 valid=1.0000 routes=9.616 grad=1.5774 seconds=67.9
Epoch 2154/5000: score=11.321204 loss=-0.123973 valid=1.0000 routes=9.767 grad=1.6598 seconds=67.2
Epoch 2155/5000: score=11.085348 loss=-0.125722 valid=1.0000 routes=9.846 grad=1.6415 seconds=67.5
Epoch 2156/5000: score=11.252415 loss=-0.125109 valid=1.0000 routes=10.014 grad=1.6809 seconds=64.2
Epoch 2157/5000: score=11.516183 loss=-0.125550 valid=1.0000 routes=9.520 grad=1.6588 seconds=66.1
Epoch 2158/5000: score=11.283329 loss=-0.127743 valid=1.0000 routes=9.677 grad=1.6327 seconds=67.8
Epoch 2159/5000: score=11.558776 loss=-0.126107 valid=1.0000 routes=10.088 grad=1.7450 seconds=67.7
Epoch 2160/5000: score=11.076230 loss=-0.121522 valid=1.0000 routes=9.779 grad=1.6769 seconds=67.7
Epoch 2161/5000: score=11.867707 loss=-0.131304 valid=1.0000 routes=9.951 grad=1.7891 seconds=67.3
Epoch 2162/5000: score=11.315262 loss=-0.121174 valid=1.0000 routes=10.149 grad=1.6710 seconds=67.8
Epoch 2163/5000: score=11.473838 loss=-0.125662 valid=1.0000 routes=9.986 grad=1.7149 seconds=66.9
Epoch 2164/5000: score=11.020459 loss=-0.123880 valid=1.0000 routes=10.029 grad=1.6525 seconds=67.3
Epoch 2165/5000: score=10.717608 loss=-0.122961 valid=1.0000 routes=9.354 grad=1.5463 seconds=66.7
Epoch 2166/5000: score=11.041024 loss=-0.124398 valid=1.0000 routes=9.216 grad=1.5605 seconds=64.8
Epoch 2167/5000: score=11.489567 loss=-0.138591 valid=1.0000 routes=9.503 grad=1.7618 seconds=62.3
Epoch 2168/5000: score=11.207824 loss=-0.133466 valid=1.0000 routes=9.101 grad=1.5961 seconds=65.5
Epoch 2169/5000: score=11.423797 loss=-0.130904 valid=1.0000 routes=10.068 grad=1.7297 seconds=67.6
>> Invalid instances, Re-generating ...
Epoch 2170/5000: score=11.349019 loss=-0.128724 valid=1.0000 routes=9.224 grad=1.6128 seconds=67.6
Epoch 2171/5000: score=11.749959 loss=-0.127347 valid=1.0000 routes=10.214 grad=1.7870 seconds=67.4
Epoch 2172/5000: score=11.809127 loss=-0.128289 valid=1.0000 routes=10.670 grad=1.8321 seconds=67.2
Epoch 2173/5000: score=11.561119 loss=-0.125706 valid=1.0000 routes=10.162 grad=1.6774 seconds=67.5
Epoch 2174/5000: score=11.776138 loss=-0.129088 valid=1.0000 routes=10.347 grad=1.7870 seconds=66.6
Epoch 2175/5000: score=11.828945 loss=-0.126716 valid=1.0000 routes=10.866 grad=1.8466 seconds=67.4
Epoch 2176/5000: score=11.733337 loss=-0.125407 valid=1.0000 routes=9.926 grad=1.7584 seconds=66.9
Epoch 2177/5000: score=12.172312 loss=-0.127442 valid=1.0000 routes=10.376 grad=1.8305 seconds=67.3
Epoch 2178/5000: score=11.292201 loss=-0.128799 valid=1.0000 routes=10.082 grad=1.7051 seconds=67.4
Epoch 2179/5000: score=11.455153 loss=-0.126626 valid=1.0000 routes=9.960 grad=1.7237 seconds=67.4
Epoch 2180/5000: score=11.653572 loss=-0.127878 valid=1.0000 routes=10.174 grad=1.7031 seconds=67.1
Epoch 2181/5000: score=11.504967 loss=-0.122432 valid=1.0000 routes=10.177 grad=1.6556 seconds=67.1
Epoch 2182/5000: score=11.114694 loss=-0.128003 valid=1.0000 routes=9.326 grad=1.6001 seconds=67.1
Epoch 2183/5000: score=11.554672 loss=-0.129503 valid=1.0000 routes=9.881 grad=1.7570 seconds=67.3
Epoch 2184/5000: score=11.463192 loss=-0.124431 valid=1.0000 routes=9.870 grad=1.7044 seconds=66.1
Epoch 2185/5000: score=11.430914 loss=-0.128078 valid=1.0000 routes=9.944 grad=1.6971 seconds=67.0
Epoch 2186/5000: score=11.233186 loss=-0.128860 valid=1.0000 routes=9.623 grad=1.6405 seconds=67.4
Epoch 2187/5000: score=11.344727 loss=-0.132734 valid=1.0000 routes=9.887 grad=1.7357 seconds=67.5
Epoch 2188/5000: score=11.347912 loss=-0.129578 valid=1.0000 routes=9.878 grad=1.7049 seconds=67.8
Epoch 2189/5000: score=11.987888 loss=-0.131885 valid=1.0000 routes=10.310 grad=1.8932 seconds=67.2
Epoch 2190/5000: score=11.992645 loss=-0.130185 valid=1.0000 routes=10.670 grad=1.8600 seconds=67.1
Epoch 2191/5000: score=11.491934 loss=-0.126812 valid=1.0000 routes=10.024 grad=1.6596 seconds=67.1
Epoch 2192/5000: score=12.104994 loss=-0.129386 valid=1.0000 routes=10.355 grad=1.8038 seconds=67.2
Epoch 2193/5000: score=11.218726 loss=-0.115206 valid=1.0000 routes=10.111 grad=1.6025 seconds=66.9
Epoch 2194/5000: score=11.403074 loss=-0.122030 valid=1.0000 routes=10.090 grad=1.7184 seconds=66.6
Epoch 2195/5000: score=11.464124 loss=-0.119197 valid=1.0000 routes=10.160 grad=1.6543 seconds=67.3
Epoch 2196/5000: score=11.366930 loss=-0.131607 valid=1.0000 routes=9.224 grad=1.6894 seconds=67.1
Epoch 2197/5000: score=11.427313 loss=-0.121954 valid=1.0000 routes=10.323 grad=1.7258 seconds=66.9
Epoch 2198/5000: score=11.403218 loss=-0.122538 valid=1.0000 routes=9.896 grad=1.6585 seconds=66.9
Epoch 2199/5000: score=11.489658 loss=-0.130964 valid=1.0000 routes=9.970 grad=1.7247 seconds=67.4
Epoch 2200/5000: score=11.778961 loss=-0.123521 valid=1.0000 routes=10.372 grad=1.7998 seconds=67.5
Epoch 2201/5000: score=12.004804 loss=-0.127449 valid=1.0000 routes=10.214 grad=1.8128 seconds=67.3
Epoch 2202/5000: score=10.945946 loss=-0.127165 valid=1.0000 routes=9.748 grad=1.5917 seconds=67.9
Epoch 2203/5000: score=11.607978 loss=-0.126387 valid=1.0000 routes=10.261 grad=1.7293 seconds=67.4
Epoch 2204/5000: score=11.148577 loss=-0.126655 valid=1.0000 routes=9.739 grad=1.6433 seconds=67.2
Epoch 2205/5000: score=10.857519 loss=-0.130000 valid=1.0000 routes=9.349 grad=1.5853 seconds=67.0
Epoch 2206/5000: score=11.850848 loss=-0.130408 valid=1.0000 routes=10.181 grad=1.7839 seconds=67.6
Epoch 2207/5000: score=11.441515 loss=-0.126479 valid=1.0000 routes=9.928 grad=1.7596 seconds=67.3
Epoch 2208/5000: score=11.545964 loss=-0.131588 valid=1.0000 routes=9.752 grad=1.6854 seconds=67.6
Epoch 2209/5000: score=11.155608 loss=-0.124683 valid=1.0000 routes=9.851 grad=1.6168 seconds=68.1
Epoch 2210/5000: score=11.241039 loss=-0.125973 valid=1.0000 routes=10.138 grad=1.7029 seconds=67.2
Epoch 2211/5000: score=11.968193 loss=-0.124608 valid=1.0000 routes=10.414 grad=1.8329 seconds=68.1
Epoch 2212/5000: score=11.020910 loss=-0.131603 valid=1.0000 routes=9.562 grad=1.6318 seconds=67.3
Epoch 2213/5000: score=11.724812 loss=-0.122468 valid=1.0000 routes=10.320 grad=1.7856 seconds=67.1
Epoch 2214/5000: score=11.088987 loss=-0.125847 valid=1.0000 routes=10.053 grad=1.6254 seconds=67.2
Epoch 2215/5000: score=11.843001 loss=-0.126537 valid=1.0000 routes=10.275 grad=1.7937 seconds=67.4
Epoch 2216/5000: score=11.575560 loss=-0.132119 valid=1.0000 routes=9.574 grad=1.6681 seconds=67.6
Epoch 2217/5000: score=11.573041 loss=-0.124675 valid=1.0000 routes=10.295 grad=1.7454 seconds=67.0
Epoch 2218/5000: score=11.061271 loss=-0.121558 valid=1.0000 routes=9.998 grad=1.6201 seconds=67.2
Epoch 2219/5000: score=11.558293 loss=-0.128536 valid=1.0000 routes=10.221 grad=1.7274 seconds=66.7
Epoch 2220/5000: score=11.482131 loss=-0.123546 valid=1.0000 routes=10.307 grad=1.7824 seconds=67.6
Epoch 2221/5000: score=11.463214 loss=-0.129529 valid=1.0000 routes=9.702 grad=1.7194 seconds=67.5
Epoch 2222/5000: score=10.998986 loss=-0.122845 valid=1.0000 routes=9.857 grad=1.6211 seconds=67.2
Epoch 2223/5000: score=11.291208 loss=-0.126112 valid=1.0000 routes=9.687 grad=1.6479 seconds=67.2
Epoch 2224/5000: score=11.242949 loss=-0.131561 valid=1.0000 routes=9.959 grad=1.6736 seconds=67.6
Epoch 2225/5000: score=11.528772 loss=-0.127366 valid=1.0000 routes=9.880 grad=1.7143 seconds=67.6
Epoch 2226/5000: score=11.715425 loss=-0.123998 valid=1.0000 routes=10.095 grad=1.7321 seconds=66.9
Epoch 2227/5000: score=11.740207 loss=-0.118874 valid=1.0000 routes=10.535 grad=1.7448 seconds=67.3
Epoch 2228/5000: score=11.365192 loss=-0.132032 valid=1.0000 routes=10.148 grad=1.7186 seconds=67.3
Epoch 2229/5000: score=11.281746 loss=-0.123551 valid=1.0000 routes=10.052 grad=1.6379 seconds=67.1
Epoch 2230/5000: score=11.441650 loss=-0.116037 valid=1.0000 routes=10.246 grad=1.6900 seconds=66.9
Epoch 2231/5000: score=11.105336 loss=-0.128621 valid=1.0000 routes=9.611 grad=1.6765 seconds=67.6
Epoch 2232/5000: score=11.400335 loss=-0.125103 valid=1.0000 routes=9.790 grad=1.6941 seconds=67.0
Epoch 2233/5000: score=11.226005 loss=-0.120097 valid=1.0000 routes=10.089 grad=1.6159 seconds=66.7
Epoch 2234/5000: score=11.270811 loss=-0.119281 valid=1.0000 routes=10.008 grad=1.6730 seconds=67.0
Epoch 2235/5000: score=11.048769 loss=-0.126989 valid=1.0000 routes=9.573 grad=1.5921 seconds=67.3
Epoch 2236/5000: score=11.170457 loss=-0.124218 valid=1.0000 routes=9.747 grad=1.5838 seconds=67.3
Epoch 2237/5000: score=11.464780 loss=-0.138099 valid=1.0000 routes=9.646 grad=1.7656 seconds=66.9
Epoch 2238/5000: score=11.284354 loss=-0.128289 valid=1.0000 routes=9.844 grad=1.6325 seconds=67.8
Epoch 2239/5000: score=11.626899 loss=-0.131192 valid=1.0000 routes=9.931 grad=1.7557 seconds=67.3
Epoch 2240/5000: score=11.169964 loss=-0.121567 valid=1.0000 routes=9.986 grad=1.6108 seconds=67.4
Epoch 2241/5000: score=11.254088 loss=-0.124470 valid=1.0000 routes=9.839 grad=1.5920 seconds=67.5
Epoch 2242/5000: score=11.309635 loss=-0.121107 valid=1.0000 routes=10.346 grad=1.6754 seconds=67.0
Epoch 2243/5000: score=11.763875 loss=-0.125531 valid=1.0000 routes=10.432 grad=1.8007 seconds=67.7
Epoch 2244/5000: score=11.755961 loss=-0.126012 valid=1.0000 routes=9.799 grad=1.7182 seconds=67.2
Epoch 2245/5000: score=11.675428 loss=-0.125124 valid=1.0000 routes=10.077 grad=1.7238 seconds=67.7
Epoch 2246/5000: score=11.423224 loss=-0.130680 valid=1.0000 routes=10.284 grad=1.7687 seconds=67.4
Epoch 2247/5000: score=11.245303 loss=-0.120261 valid=1.0000 routes=10.101 grad=1.6853 seconds=67.3
Epoch 2248/5000: score=11.142204 loss=-0.132119 valid=1.0000 routes=9.687 grad=1.7088 seconds=67.1
Epoch 2249/5000: score=11.585618 loss=-0.124262 valid=1.0000 routes=10.369 grad=1.7188 seconds=67.0
Epoch 2250/5000: score=11.298568 loss=-0.123548 valid=1.0000 routes=9.699 grad=1.6527 seconds=67.6
Epoch 2251/5000: score=11.481760 loss=-0.127703 valid=1.0000 routes=9.591 grad=1.6462 seconds=67.0
Epoch 2252/5000: score=11.732303 loss=-0.131107 valid=1.0000 routes=9.794 grad=1.7089 seconds=67.6
Epoch 2253/5000: score=11.773632 loss=-0.130863 valid=1.0000 routes=9.932 grad=1.7677 seconds=66.9
Epoch 2254/5000: score=11.383287 loss=-0.127879 valid=1.0000 routes=10.173 grad=1.6741 seconds=66.8
Epoch 2255/5000: score=11.609038 loss=-0.130859 valid=1.0000 routes=9.852 grad=1.7379 seconds=67.2
Epoch 2256/5000: score=11.669556 loss=-0.126539 valid=1.0000 routes=10.074 grad=1.7090 seconds=67.4
Epoch 2257/5000: score=11.370795 loss=-0.123000 valid=1.0000 routes=9.772 grad=1.6274 seconds=67.9
Epoch 2258/5000: score=11.620658 loss=-0.124503 valid=1.0000 routes=10.588 grad=1.7690 seconds=67.3
Epoch 2259/5000: score=10.666417 loss=-0.135460 valid=1.0000 routes=9.014 grad=1.5557 seconds=68.1
Epoch 2260/5000: score=11.101092 loss=-0.131676 valid=1.0000 routes=9.132 grad=1.6149 seconds=67.4
Epoch 2261/5000: score=11.560945 loss=-0.120859 valid=1.0000 routes=10.227 grad=1.7435 seconds=67.9
Epoch 2262/5000: score=11.481533 loss=-0.122886 valid=1.0000 routes=9.924 grad=1.6773 seconds=67.3
Epoch 2263/5000: score=11.519745 loss=-0.119881 valid=1.0000 routes=10.175 grad=1.6995 seconds=67.8
Epoch 2264/5000: score=11.282225 loss=-0.124322 valid=1.0000 routes=9.813 grad=1.6157 seconds=68.0
Epoch 2265/5000: score=11.067656 loss=-0.125619 valid=1.0000 routes=9.772 grad=1.5923 seconds=64.6
Epoch 2266/5000: score=11.887201 loss=-0.127527 valid=1.0000 routes=10.060 grad=1.7175 seconds=62.6
Epoch 2267/5000: score=11.066007 loss=-0.127075 valid=1.0000 routes=9.582 grad=1.6134 seconds=68.0
Epoch 2268/5000: score=11.387408 loss=-0.127911 valid=1.0000 routes=10.142 grad=1.7175 seconds=68.2
Epoch 2269/5000: score=11.753134 loss=-0.133397 valid=1.0000 routes=9.717 grad=1.7696 seconds=66.9
Epoch 2270/5000: score=11.188721 loss=-0.126107 valid=1.0000 routes=9.737 grad=1.6357 seconds=67.2
Epoch 2271/5000: score=11.586428 loss=-0.133232 valid=1.0000 routes=9.614 grad=1.7225 seconds=66.9
Epoch 2272/5000: score=11.441685 loss=-0.134128 valid=1.0000 routes=9.585 grad=1.6939 seconds=67.6
Epoch 2273/5000: score=11.183349 loss=-0.122845 valid=1.0000 routes=9.869 grad=1.6440 seconds=67.3
Epoch 2274/5000: score=11.384591 loss=-0.124402 valid=1.0000 routes=9.926 grad=1.6747 seconds=67.1
Epoch 2275/5000: score=11.255094 loss=-0.131305 valid=1.0000 routes=9.542 grad=1.6486 seconds=67.4
Epoch 2276/5000: score=11.692074 loss=-0.127761 valid=1.0000 routes=10.140 grad=1.7736 seconds=67.1
Epoch 2277/5000: score=11.659959 loss=-0.129584 valid=1.0000 routes=10.151 grad=1.7915 seconds=67.9
Epoch 2278/5000: score=11.411982 loss=-0.122665 valid=1.0000 routes=10.112 grad=1.6789 seconds=67.3
>> Invalid instances, Re-generating ...
Epoch 2279/5000: score=11.392309 loss=-0.127409 valid=1.0000 routes=10.037 grad=1.7078 seconds=67.9
Epoch 2280/5000: score=11.290017 loss=-0.130324 valid=1.0000 routes=9.538 grad=1.6890 seconds=66.9
>> Invalid instances, Re-generating ...
Epoch 2281/5000: score=11.295934 loss=-0.128543 valid=1.0000 routes=9.790 grad=1.6659 seconds=67.5
Epoch 2282/5000: score=12.294925 loss=-0.128173 valid=1.0000 routes=10.632 grad=1.8993 seconds=67.4
Epoch 2283/5000: score=11.616536 loss=-0.129606 valid=1.0000 routes=9.657 grad=1.6954 seconds=66.9
Epoch 2284/5000: score=11.006383 loss=-0.123593 valid=1.0000 routes=9.379 grad=1.5773 seconds=67.7
>> Invalid instances, Re-generating ...
Epoch 2285/5000: score=11.205618 loss=-0.123978 valid=1.0000 routes=9.751 grad=1.6796 seconds=66.9
Epoch 2286/5000: score=10.909132 loss=-0.121457 valid=1.0000 routes=9.654 grad=1.5365 seconds=67.5
Epoch 2287/5000: score=11.507893 loss=-0.131885 valid=1.0000 routes=10.469 grad=1.7795 seconds=67.3
Epoch 2288/5000: score=11.833666 loss=-0.130952 valid=1.0000 routes=10.145 grad=1.7830 seconds=65.6
Epoch 2289/5000: score=11.099930 loss=-0.132483 valid=1.0000 routes=9.391 grad=1.6435 seconds=67.4
Epoch 2290/5000: score=10.890211 loss=-0.137027 valid=1.0000 routes=8.735 grad=1.5728 seconds=67.6
Epoch 2291/5000: score=11.557453 loss=-0.125412 valid=1.0000 routes=9.286 grad=1.6626 seconds=67.7
Epoch 2292/5000: score=11.513475 loss=-0.128318 valid=1.0000 routes=9.897 grad=1.6852 seconds=67.3
Epoch 2293/5000: score=11.514855 loss=-0.128579 valid=1.0000 routes=9.696 grad=1.6628 seconds=67.8
Epoch 2294/5000: score=12.014283 loss=-0.131412 valid=1.0000 routes=10.036 grad=1.7669 seconds=67.0
Epoch 2295/5000: score=11.303377 loss=-0.127523 valid=1.0000 routes=9.258 grad=1.6152 seconds=67.8
Epoch 2296/5000: score=11.229731 loss=-0.122620 valid=1.0000 routes=9.923 grad=1.6287 seconds=66.7
Epoch 2297/5000: score=11.337148 loss=-0.126313 valid=1.0000 routes=9.511 grad=1.6495 seconds=67.4
Epoch 2298/5000: score=11.540286 loss=-0.129515 valid=1.0000 routes=10.123 grad=1.7575 seconds=66.9
Epoch 2299/5000: score=11.206429 loss=-0.131423 valid=1.0000 routes=9.157 grad=1.6138 seconds=67.2
Epoch 2300/5000: score=11.071748 loss=-0.124862 valid=1.0000 routes=9.462 grad=1.5329 seconds=67.5
Epoch 2301/5000: score=11.671751 loss=-0.128523 valid=1.0000 routes=10.589 grad=1.7905 seconds=67.3
Epoch 2302/5000: score=11.423661 loss=-0.128221 valid=1.0000 routes=9.956 grad=1.6650 seconds=67.6
Epoch 2303/5000: score=11.647449 loss=-0.120369 valid=1.0000 routes=10.537 grad=1.6798 seconds=66.6
Epoch 2304/5000: score=11.271191 loss=-0.132008 valid=1.0000 routes=9.853 grad=1.7170 seconds=67.4
Epoch 2305/5000: score=11.364834 loss=-0.131201 valid=1.0000 routes=9.783 grad=1.6771 seconds=67.4
Epoch 2306/5000: score=11.558388 loss=-0.120000 valid=1.0000 routes=10.340 grad=1.6833 seconds=67.0
Epoch 2307/5000: score=11.039625 loss=-0.121821 valid=1.0000 routes=9.615 grad=1.6160 seconds=67.4
Epoch 2308/5000: score=11.457782 loss=-0.131681 valid=1.0000 routes=10.244 grad=1.7764 seconds=67.3
Epoch 2309/5000: score=11.332481 loss=-0.121153 valid=1.0000 routes=9.653 grad=1.6005 seconds=68.2
Epoch 2310/5000: score=11.565385 loss=-0.123687 valid=1.0000 routes=10.088 grad=1.7420 seconds=67.4
Epoch 2311/5000: score=10.870542 loss=-0.127433 valid=1.0000 routes=9.323 grad=1.5714 seconds=68.0
Epoch 2312/5000: score=11.021442 loss=-0.124024 valid=1.0000 routes=9.542 grad=1.6288 seconds=67.4
Epoch 2313/5000: score=10.980275 loss=-0.124758 valid=1.0000 routes=9.108 grad=1.5445 seconds=67.6
Epoch 2314/5000: score=11.403569 loss=-0.134185 valid=1.0000 routes=9.492 grad=1.7310 seconds=67.8
Epoch 2315/5000: score=11.842775 loss=-0.130509 valid=1.0000 routes=9.990 grad=1.7719 seconds=67.5
Epoch 2316/5000: score=11.767577 loss=-0.127145 valid=1.0000 routes=10.257 grad=1.7533 seconds=67.9
Epoch 2317/5000: score=11.372514 loss=-0.133265 valid=1.0000 routes=9.782 grad=1.6890 seconds=67.0
Epoch 2318/5000: score=11.096469 loss=-0.135236 valid=1.0000 routes=9.639 grad=1.6443 seconds=67.7
Epoch 2319/5000: score=11.625030 loss=-0.135490 valid=1.0000 routes=10.195 grad=1.8024 seconds=67.4
Epoch 2320/5000: score=11.998770 loss=-0.129740 valid=1.0000 routes=10.635 grad=1.8111 seconds=67.8
Epoch 2321/5000: score=11.289548 loss=-0.129052 valid=1.0000 routes=9.666 grad=1.6869 seconds=67.8
Epoch 2322/5000: score=11.728401 loss=-0.126949 valid=1.0000 routes=10.051 grad=1.7418 seconds=67.2
Epoch 2323/5000: score=11.660169 loss=-0.129750 valid=1.0000 routes=10.063 grad=1.7668 seconds=67.8
Epoch 2324/5000: score=11.060683 loss=-0.128589 valid=1.0000 routes=9.368 grad=1.6328 seconds=68.1
Epoch 2325/5000: score=10.996808 loss=-0.126787 valid=1.0000 routes=9.795 grad=1.6254 seconds=68.0
Epoch 2326/5000: score=11.545626 loss=-0.127885 valid=1.0000 routes=10.074 grad=1.7768 seconds=66.8
Epoch 2327/5000: score=11.366397 loss=-0.128770 valid=1.0000 routes=9.907 grad=1.7267 seconds=67.5
Epoch 2328/5000: score=11.179362 loss=-0.119555 valid=1.0000 routes=9.982 grad=1.5648 seconds=66.7
Epoch 2329/5000: score=10.897857 loss=-0.124155 valid=1.0000 routes=9.120 grad=1.5190 seconds=67.0
Epoch 2330/5000: score=11.377805 loss=-0.130089 valid=1.0000 routes=9.811 grad=1.7211 seconds=68.0
Epoch 2331/5000: score=11.482661 loss=-0.128818 valid=1.0000 routes=10.144 grad=1.7467 seconds=67.4
Epoch 2332/5000: score=11.262512 loss=-0.130135 valid=1.0000 routes=9.860 grad=1.6866 seconds=67.8
Epoch 2333/5000: score=11.378592 loss=-0.133454 valid=1.0000 routes=9.607 grad=1.7476 seconds=67.4
Epoch 2334/5000: score=11.749784 loss=-0.132455 valid=1.0000 routes=10.165 grad=1.7939 seconds=68.1
Epoch 2335/5000: score=11.449449 loss=-0.127814 valid=1.0000 routes=9.696 grad=1.6371 seconds=67.2
Epoch 2336/5000: score=11.400495 loss=-0.132740 valid=1.0000 routes=9.946 grad=1.8051 seconds=67.3
Epoch 2337/5000: score=11.264119 loss=-0.125384 valid=1.0000 routes=9.884 grad=1.6340 seconds=66.8
Epoch 2338/5000: score=11.310296 loss=-0.135823 valid=1.0000 routes=9.230 grad=1.7082 seconds=67.3
Epoch 2339/5000: score=10.875947 loss=-0.120552 valid=1.0000 routes=9.650 grad=1.5395 seconds=67.7
Epoch 2340/5000: score=11.020861 loss=-0.117269 valid=1.0000 routes=9.945 grad=1.6006 seconds=67.0
Epoch 2341/5000: score=11.971218 loss=-0.126816 valid=1.0000 routes=10.499 grad=1.8652 seconds=67.1
Epoch 2342/5000: score=11.386409 loss=-0.114858 valid=1.0000 routes=10.908 grad=1.6963 seconds=66.9
Epoch 2343/5000: score=11.550008 loss=-0.125260 valid=1.0000 routes=9.980 grad=1.6874 seconds=67.1
Epoch 2344/5000: score=11.809324 loss=-0.122285 valid=1.0000 routes=10.451 grad=1.7869 seconds=67.2
Epoch 2345/5000: score=11.581153 loss=-0.127755 valid=1.0000 routes=10.098 grad=1.7778 seconds=67.8
Epoch 2346/5000: score=11.973776 loss=-0.127490 valid=1.0000 routes=10.330 grad=1.8321 seconds=67.1
Epoch 2347/5000: score=11.117313 loss=-0.124158 valid=1.0000 routes=9.869 grad=1.6163 seconds=67.6
Epoch 2348/5000: score=11.146610 loss=-0.127722 valid=1.0000 routes=9.636 grad=1.6272 seconds=67.3
Epoch 2349/5000: score=11.798815 loss=-0.124365 valid=1.0000 routes=10.007 grad=1.7561 seconds=66.9
Epoch 2350/5000: score=11.347850 loss=-0.126519 valid=1.0000 routes=9.856 grad=1.6807 seconds=67.5
Epoch 2351/5000: score=11.852088 loss=-0.131154 valid=1.0000 routes=10.015 grad=1.7732 seconds=67.3
Epoch 2352/5000: score=11.693099 loss=-0.129506 valid=1.0000 routes=10.044 grad=1.7521 seconds=67.3
Epoch 2353/5000: score=11.240768 loss=-0.128247 valid=1.0000 routes=9.326 grad=1.6328 seconds=67.4
Epoch 2354/5000: score=11.034080 loss=-0.119151 valid=1.0000 routes=10.307 grad=1.5856 seconds=67.0
Epoch 2355/5000: score=11.167584 loss=-0.129021 valid=1.0000 routes=9.270 grad=1.6407 seconds=67.8
Epoch 2356/5000: score=11.673511 loss=-0.124756 valid=1.0000 routes=10.007 grad=1.6921 seconds=67.2
Epoch 2357/5000: score=11.671619 loss=-0.124640 valid=1.0000 routes=10.367 grad=1.7762 seconds=67.6
Epoch 2358/5000: score=11.464463 loss=-0.137292 valid=1.0000 routes=9.473 grad=1.7449 seconds=67.4
Epoch 2359/5000: score=11.553575 loss=-0.129458 valid=1.0000 routes=9.877 grad=1.6644 seconds=68.0
Epoch 2360/5000: score=11.537295 loss=-0.122519 valid=1.0000 routes=10.112 grad=1.7124 seconds=67.7
Epoch 2361/5000: score=11.447305 loss=-0.122107 valid=1.0000 routes=9.798 grad=1.6717 seconds=68.2
Epoch 2362/5000: score=10.811204 loss=-0.125864 valid=1.0000 routes=9.547 grad=1.5909 seconds=67.8
Epoch 2363/5000: score=11.609563 loss=-0.113722 valid=1.0000 routes=10.691 grad=1.6965 seconds=67.3
Epoch 2364/5000: score=11.335499 loss=-0.118797 valid=1.0000 routes=9.752 grad=1.6358 seconds=67.8
Epoch 2365/5000: score=11.361372 loss=-0.125015 valid=1.0000 routes=9.827 grad=1.6379 seconds=66.9
Epoch 2366/5000: score=11.293544 loss=-0.124959 valid=1.0000 routes=9.772 grad=1.6581 seconds=68.0
Epoch 2367/5000: score=11.435585 loss=-0.129249 valid=1.0000 routes=10.054 grad=1.7421 seconds=67.3
Epoch 2368/5000: score=11.656288 loss=-0.124522 valid=1.0000 routes=10.328 grad=1.7754 seconds=68.0
Epoch 2369/5000: score=11.667809 loss=-0.125902 valid=1.0000 routes=9.908 grad=1.7050 seconds=68.1
Epoch 2370/5000: score=11.821233 loss=-0.132314 valid=1.0000 routes=10.247 grad=1.8286 seconds=67.5
Epoch 2371/5000: score=11.582941 loss=-0.136980 valid=1.0000 routes=9.545 grad=1.7581 seconds=68.5
Epoch 2372/5000: score=11.219887 loss=-0.123185 valid=1.0000 routes=9.794 grad=1.5487 seconds=67.1
Epoch 2373/5000: score=11.156500 loss=-0.128290 valid=1.0000 routes=9.671 grad=1.6484 seconds=68.4
Epoch 2374/5000: score=11.333942 loss=-0.118127 valid=1.0000 routes=9.908 grad=1.6257 seconds=67.1
Epoch 2375/5000: score=11.278934 loss=-0.128343 valid=1.0000 routes=9.118 grad=1.6250 seconds=68.2
Epoch 2376/5000: score=11.342110 loss=-0.133386 valid=1.0000 routes=9.659 grad=1.6730 seconds=67.9
Epoch 2377/5000: score=11.853150 loss=-0.127840 valid=1.0000 routes=9.856 grad=1.7414 seconds=67.7
Epoch 2378/5000: score=11.685721 loss=-0.125832 valid=1.0000 routes=10.662 grad=1.7790 seconds=67.8
Epoch 2379/5000: score=11.392037 loss=-0.134430 valid=1.0000 routes=9.791 grad=1.7125 seconds=67.7
Epoch 2380/5000: score=11.049837 loss=-0.120358 valid=1.0000 routes=9.740 grad=1.5568 seconds=68.1
Epoch 2381/5000: score=11.081334 loss=-0.121451 valid=1.0000 routes=9.742 grad=1.5387 seconds=67.4
Epoch 2382/5000: score=11.628525 loss=-0.127766 valid=1.0000 routes=10.222 grad=1.7493 seconds=68.3
Epoch 2383/5000: score=12.265680 loss=-0.123234 valid=1.0000 routes=10.326 grad=1.8388 seconds=67.8
Epoch 2384/5000: score=11.568867 loss=-0.125364 valid=1.0000 routes=10.610 grad=1.7509 seconds=67.8
Epoch 2385/5000: score=11.334549 loss=-0.131872 valid=1.0000 routes=9.665 grad=1.6940 seconds=67.9
Epoch 2386/5000: score=11.167791 loss=-0.130938 valid=1.0000 routes=9.721 grad=1.6562 seconds=67.7
Epoch 2387/5000: score=11.532632 loss=-0.128420 valid=1.0000 routes=9.906 grad=1.6927 seconds=68.0
Epoch 2388/5000: score=10.983175 loss=-0.122223 valid=1.0000 routes=9.617 grad=1.5734 seconds=67.3
Epoch 2389/5000: score=10.983873 loss=-0.117545 valid=1.0000 routes=9.571 grad=1.5019 seconds=67.9
Epoch 2390/5000: score=11.379083 loss=-0.116551 valid=1.0000 routes=9.962 grad=1.6419 seconds=67.7
Epoch 2391/5000: score=11.147561 loss=-0.129480 valid=1.0000 routes=9.435 grad=1.6604 seconds=67.7
Epoch 2392/5000: score=11.762658 loss=-0.126534 valid=1.0000 routes=10.141 grad=1.7601 seconds=68.0
Epoch 2393/5000: score=11.055248 loss=-0.121198 valid=1.0000 routes=9.495 grad=1.5510 seconds=67.8
Epoch 2394/5000: score=11.516055 loss=-0.125805 valid=1.0000 routes=10.110 grad=1.7024 seconds=67.6
Epoch 2395/5000: score=11.010014 loss=-0.129304 valid=1.0000 routes=9.463 grad=1.5907 seconds=67.9
Epoch 2396/5000: score=11.169799 loss=-0.133800 valid=1.0000 routes=9.412 grad=1.6697 seconds=68.1
Epoch 2397/5000: score=10.932215 loss=-0.130693 valid=1.0000 routes=9.600 grad=1.6252 seconds=67.6
Epoch 2398/5000: score=11.213861 loss=-0.139263 valid=1.0000 routes=9.395 grad=1.7144 seconds=68.0
Epoch 2399/5000: score=11.685323 loss=-0.130665 valid=1.0000 routes=10.099 grad=1.6936 seconds=67.4
Epoch 2400/5000: score=11.831931 loss=-0.128829 valid=1.0000 routes=9.979 grad=1.7741 seconds=67.8
Epoch 2401/5000: score=11.739325 loss=-0.132245 valid=1.0000 routes=10.735 grad=1.8783 seconds=67.7
Epoch 2402/5000: score=11.245417 loss=-0.130189 valid=1.0000 routes=9.891 grad=1.6961 seconds=67.7
Epoch 2403/5000: score=11.425569 loss=-0.131856 valid=1.0000 routes=10.360 grad=1.7979 seconds=68.2
Epoch 2404/5000: score=11.439265 loss=-0.121938 valid=1.0000 routes=9.897 grad=1.6779 seconds=68.7
Epoch 2405/5000: score=11.101901 loss=-0.133239 valid=1.0000 routes=9.518 grad=1.6296 seconds=68.1
Epoch 2406/5000: score=11.411372 loss=-0.124432 valid=1.0000 routes=9.988 grad=1.6614 seconds=67.4
Epoch 2407/5000: score=11.497440 loss=-0.123590 valid=1.0000 routes=9.279 grad=1.5934 seconds=68.4
Epoch 2408/5000: score=11.368680 loss=-0.126201 valid=1.0000 routes=9.813 grad=1.6704 seconds=68.0
Epoch 2409/5000: score=12.128538 loss=-0.122044 valid=1.0000 routes=10.275 grad=1.8571 seconds=68.0
Epoch 2410/5000: score=10.491481 loss=-0.119228 valid=1.0000 routes=9.445 grad=1.4524 seconds=68.2
Epoch 2411/5000: score=11.727530 loss=-0.130254 valid=1.0000 routes=9.783 grad=1.7334 seconds=67.1
Epoch 2412/5000: score=11.724361 loss=-0.125058 valid=1.0000 routes=10.533 grad=1.7706 seconds=68.0
Epoch 2413/5000: score=11.399031 loss=-0.133115 valid=1.0000 routes=9.602 grad=1.6881 seconds=67.8
Epoch 2414/5000: score=11.746167 loss=-0.130537 valid=1.0000 routes=10.024 grad=1.7718 seconds=68.1
Epoch 2415/5000: score=11.402552 loss=-0.126873 valid=1.0000 routes=9.878 grad=1.6718 seconds=67.9
Epoch 2416/5000: score=11.520693 loss=-0.128408 valid=1.0000 routes=9.783 grad=1.7061 seconds=67.5
Epoch 2417/5000: score=11.791088 loss=-0.126825 valid=1.0000 routes=9.863 grad=1.7544 seconds=66.2
Epoch 2418/5000: score=11.659458 loss=-0.129519 valid=1.0000 routes=9.948 grad=1.7922 seconds=63.8
Epoch 2419/5000: score=11.350893 loss=-0.126411 valid=1.0000 routes=9.733 grad=1.6337 seconds=68.1
Epoch 2420/5000: score=11.491346 loss=-0.123084 valid=1.0000 routes=9.969 grad=1.6545 seconds=67.0
Epoch 2421/5000: score=11.122335 loss=-0.125715 valid=1.0000 routes=9.511 grad=1.5955 seconds=67.4
Epoch 2422/5000: score=11.787633 loss=-0.123358 valid=1.0000 routes=10.163 grad=1.7174 seconds=67.6
Epoch 2423/5000: score=11.456694 loss=-0.128481 valid=1.0000 routes=10.013 grad=1.7279 seconds=67.8
Epoch 2424/5000: score=10.832725 loss=-0.126912 valid=1.0000 routes=9.358 grad=1.5594 seconds=68.0
Epoch 2425/5000: score=11.171309 loss=-0.120487 valid=1.0000 routes=9.465 grad=1.5837 seconds=67.9
Epoch 2426/5000: score=11.804595 loss=-0.125233 valid=1.0000 routes=10.782 grad=1.8258 seconds=68.0
Epoch 2427/5000: score=11.172655 loss=-0.118395 valid=1.0000 routes=9.930 grad=1.6239 seconds=67.5
Epoch 2428/5000: score=11.684214 loss=-0.122482 valid=1.0000 routes=9.820 grad=1.7102 seconds=67.8
Epoch 2429/5000: score=10.925295 loss=-0.127845 valid=1.0000 routes=9.608 grad=1.5951 seconds=67.9
Epoch 2430/5000: score=11.161254 loss=-0.121387 valid=1.0000 routes=10.003 grad=1.6386 seconds=67.9
Epoch 2431/5000: score=11.428022 loss=-0.125746 valid=1.0000 routes=9.918 grad=1.6554 seconds=67.6
Epoch 2432/5000: score=12.493436 loss=-0.128545 valid=1.0000 routes=10.565 grad=1.9138 seconds=68.3
Epoch 2433/5000: score=11.347657 loss=-0.125150 valid=1.0000 routes=10.183 grad=1.7089 seconds=68.4
Epoch 2434/5000: score=11.394853 loss=-0.123264 valid=1.0000 routes=9.467 grad=1.6069 seconds=68.4
Epoch 2435/5000: score=11.380592 loss=-0.125418 valid=1.0000 routes=9.771 grad=1.6738 seconds=68.1
Epoch 2436/5000: score=10.962000 loss=-0.127887 valid=1.0000 routes=9.442 grad=1.5980 seconds=67.7
Epoch 2437/5000: score=11.081222 loss=-0.124133 valid=1.0000 routes=10.023 grad=1.6688 seconds=68.6
Epoch 2438/5000: score=11.069688 loss=-0.126063 valid=1.0000 routes=9.785 grad=1.6575 seconds=68.4
Epoch 2439/5000: score=11.178132 loss=-0.132300 valid=1.0000 routes=9.476 grad=1.7079 seconds=68.5
Epoch 2440/5000: score=11.655430 loss=-0.131226 valid=1.0000 routes=10.058 grad=1.7365 seconds=67.8
Epoch 2441/5000: score=11.298542 loss=-0.123452 valid=1.0000 routes=9.971 grad=1.6239 seconds=67.6
Epoch 2442/5000: score=11.341158 loss=-0.131321 valid=1.0000 routes=9.856 grad=1.6758 seconds=68.4
Epoch 2443/5000: score=11.449833 loss=-0.123284 valid=1.0000 routes=10.423 grad=1.7124 seconds=67.6
Epoch 2444/5000: score=10.918204 loss=-0.126376 valid=1.0000 routes=9.729 grad=1.5860 seconds=68.1
Epoch 2445/5000: score=11.310265 loss=-0.120613 valid=1.0000 routes=9.718 grad=1.6466 seconds=65.0
Epoch 2446/5000: score=11.144582 loss=-0.115214 valid=1.0000 routes=9.779 grad=1.5317 seconds=67.4
Epoch 2447/5000: score=11.946632 loss=-0.129118 valid=1.0000 routes=10.022 grad=1.7819 seconds=67.5
Epoch 2448/5000: score=11.383181 loss=-0.125292 valid=1.0000 routes=9.841 grad=1.7091 seconds=68.9
Epoch 2449/5000: score=11.500265 loss=-0.133709 valid=1.0000 routes=9.627 grad=1.7162 seconds=68.6
Epoch 2450/5000: score=10.963745 loss=-0.131670 valid=1.0000 routes=9.453 grad=1.6353 seconds=68.4
Epoch 2451/5000: score=12.278222 loss=-0.128811 valid=1.0000 routes=10.812 grad=1.9325 seconds=67.9
Epoch 2452/5000: score=11.357591 loss=-0.134228 valid=1.0000 routes=9.623 grad=1.7338 seconds=67.6
Epoch 2453/5000: score=11.179539 loss=-0.119476 valid=1.0000 routes=9.978 grad=1.6057 seconds=67.3
>> Invalid instances, Re-generating ...
Epoch 2454/5000: score=11.119338 loss=-0.123311 valid=1.0000 routes=10.276 grad=1.6797 seconds=67.3
Epoch 2455/5000: score=11.872049 loss=-0.118553 valid=1.0000 routes=10.183 grad=1.7525 seconds=67.6
Epoch 2456/5000: score=11.279391 loss=-0.128029 valid=1.0000 routes=9.811 grad=1.6818 seconds=67.9
Epoch 2457/5000: score=11.081715 loss=-0.126582 valid=1.0000 routes=9.447 grad=1.5700 seconds=67.4
>> Invalid instances, Re-generating ...
Epoch 2458/5000: score=11.284429 loss=-0.120127 valid=1.0000 routes=9.645 grad=1.5823 seconds=68.0
Epoch 2459/5000: score=11.467845 loss=-0.120690 valid=1.0000 routes=9.569 grad=1.6320 seconds=67.6
Epoch 2460/5000: score=10.927358 loss=-0.124954 valid=1.0000 routes=9.419 grad=1.5588 seconds=67.1
Epoch 2461/5000: score=12.317034 loss=-0.131386 valid=1.0000 routes=10.649 grad=1.9150 seconds=65.5
Epoch 2462/5000: score=11.690918 loss=-0.126786 valid=1.0000 routes=9.846 grad=1.6790 seconds=63.5
Epoch 2463/5000: score=11.797466 loss=-0.129694 valid=1.0000 routes=10.272 grad=1.7766 seconds=64.3
Epoch 2464/5000: score=11.557238 loss=-0.128650 valid=1.0000 routes=9.782 grad=1.7155 seconds=64.6
Epoch 2465/5000: score=11.080633 loss=-0.124469 valid=1.0000 routes=9.902 grad=1.6574 seconds=67.9
Epoch 2466/5000: score=11.304144 loss=-0.125408 valid=1.0000 routes=10.041 grad=1.6973 seconds=68.3
Epoch 2467/5000: score=11.749475 loss=-0.127648 valid=1.0000 routes=10.292 grad=1.7962 seconds=67.3
Epoch 2468/5000: score=11.780454 loss=-0.141948 valid=1.0000 routes=9.916 grad=1.8780 seconds=68.0
Epoch 2469/5000: score=11.466095 loss=-0.138027 valid=1.0000 routes=9.283 grad=1.6945 seconds=68.0
Epoch 2470/5000: score=11.399392 loss=-0.134374 valid=1.0000 routes=9.809 grad=1.7295 seconds=67.6
Epoch 2471/5000: score=11.160727 loss=-0.127421 valid=1.0000 routes=9.596 grad=1.6215 seconds=67.9
Epoch 2472/5000: score=11.528375 loss=-0.127799 valid=1.0000 routes=10.582 grad=1.7738 seconds=67.2
Epoch 2473/5000: score=11.319475 loss=-0.118647 valid=1.0000 routes=9.953 grad=1.6368 seconds=67.7
Epoch 2474/5000: score=11.731094 loss=-0.124112 valid=1.0000 routes=9.897 grad=1.7437 seconds=67.6
Epoch 2475/5000: score=12.115178 loss=-0.128022 valid=1.0000 routes=10.297 grad=1.8256 seconds=67.4
Epoch 2476/5000: score=10.968089 loss=-0.118052 valid=1.0000 routes=9.859 grad=1.5364 seconds=66.9
Epoch 2477/5000: score=11.662219 loss=-0.121910 valid=1.0000 routes=9.948 grad=1.7079 seconds=67.4
Epoch 2478/5000: score=11.494010 loss=-0.126012 valid=1.0000 routes=9.923 grad=1.7255 seconds=67.6
Epoch 2479/5000: score=11.088184 loss=-0.122100 valid=1.0000 routes=10.169 grad=1.5939 seconds=67.2
Epoch 2480/5000: score=11.611728 loss=-0.132955 valid=1.0000 routes=9.773 grad=1.7700 seconds=68.0
Epoch 2481/5000: score=11.469031 loss=-0.123244 valid=1.0000 routes=10.176 grad=1.6992 seconds=67.4
Epoch 2482/5000: score=11.272587 loss=-0.127997 valid=1.0000 routes=9.660 grad=1.6555 seconds=68.3
Epoch 2483/5000: score=11.430755 loss=-0.124045 valid=1.0000 routes=10.135 grad=1.6754 seconds=67.6
Epoch 2484/5000: score=10.926107 loss=-0.124318 valid=1.0000 routes=9.703 grad=1.5752 seconds=68.1
Epoch 2485/5000: score=11.538203 loss=-0.130438 valid=1.0000 routes=9.765 grad=1.7175 seconds=67.8
Epoch 2486/5000: score=10.584205 loss=-0.117531 valid=1.0000 routes=9.501 grad=1.4827 seconds=67.7
Epoch 2487/5000: score=11.619660 loss=-0.130962 valid=1.0000 routes=9.765 grad=1.7469 seconds=68.2
Epoch 2488/5000: score=11.345703 loss=-0.123331 valid=1.0000 routes=9.738 grad=1.5888 seconds=67.7
Epoch 2489/5000: score=11.245494 loss=-0.121230 valid=1.0000 routes=9.934 grad=1.6826 seconds=68.2
Epoch 2490/5000: score=11.108758 loss=-0.131196 valid=1.0000 routes=9.728 grad=1.6547 seconds=67.9
Epoch 2491/5000: score=11.129952 loss=-0.122698 valid=1.0000 routes=9.923 grad=1.6817 seconds=67.7
Epoch 2492/5000: score=11.073419 loss=-0.127060 valid=1.0000 routes=9.746 grad=1.6824 seconds=67.7
Epoch 2493/5000: score=12.107695 loss=-0.122491 valid=1.0000 routes=10.472 grad=1.8818 seconds=67.3
>> Invalid instances, Re-generating ...
Epoch 2494/5000: score=11.106680 loss=-0.122879 valid=1.0000 routes=9.920 grad=1.6358 seconds=68.0
Epoch 2495/5000: score=11.628519 loss=-0.135489 valid=1.0000 routes=9.707 grad=1.7852 seconds=67.2
Epoch 2496/5000: score=11.956530 loss=-0.125758 valid=1.0000 routes=9.893 grad=1.7945 seconds=68.2
Epoch 2497/5000: score=11.096959 loss=-0.128160 valid=1.0000 routes=9.389 grad=1.5929 seconds=68.0
Epoch 2498/5000: score=11.321768 loss=-0.129219 valid=1.0000 routes=9.544 grad=1.6472 seconds=68.0
Epoch 2499/5000: score=11.680196 loss=-0.126959 valid=1.0000 routes=10.121 grad=1.7963 seconds=68.1
Epoch 2500/5000: score=11.814557 loss=-0.129856 valid=1.0000 routes=10.601 grad=1.8583 seconds=67.4
Epoch 2501/5000: score=11.509392 loss=-0.122863 valid=1.0000 routes=9.937 grad=1.6884 seconds=67.8
Epoch 2502/5000: score=11.390897 loss=-0.124488 valid=1.0000 routes=9.969 grad=1.6667 seconds=67.6
Epoch 2503/5000: score=11.191228 loss=-0.122350 valid=1.0000 routes=9.716 grad=1.6180 seconds=68.3
Epoch 2504/5000: score=11.499289 loss=-0.126639 valid=1.0000 routes=9.886 grad=1.7635 seconds=67.6
Epoch 2505/5000: score=11.412339 loss=-0.126918 valid=1.0000 routes=9.832 grad=1.6620 seconds=68.3
Epoch 2506/5000: score=11.270198 loss=-0.128165 valid=1.0000 routes=9.734 grad=1.6516 seconds=68.4
Epoch 2507/5000: score=11.429139 loss=-0.124752 valid=1.0000 routes=9.920 grad=1.6608 seconds=68.3
Epoch 2508/5000: score=11.396366 loss=-0.120932 valid=1.0000 routes=9.564 grad=1.5895 seconds=68.6
Epoch 2509/5000: score=11.073982 loss=-0.121251 valid=1.0000 routes=9.948 grad=1.6119 seconds=68.0
Epoch 2510/5000: score=11.664911 loss=-0.123369 valid=1.0000 routes=10.337 grad=1.6940 seconds=66.0
Epoch 2511/5000: score=11.333527 loss=-0.124330 valid=1.0000 routes=9.523 grad=1.6276 seconds=68.0
Epoch 2512/5000: score=11.455396 loss=-0.123028 valid=1.0000 routes=10.424 grad=1.7046 seconds=67.7
Epoch 2513/5000: score=11.112285 loss=-0.120187 valid=1.0000 routes=9.361 grad=1.5631 seconds=67.5
Epoch 2514/5000: score=11.489758 loss=-0.121508 valid=1.0000 routes=10.147 grad=1.6766 seconds=67.2
Epoch 2515/5000: score=11.542968 loss=-0.127613 valid=1.0000 routes=10.070 grad=1.7242 seconds=67.8
Epoch 2516/5000: score=11.213012 loss=-0.126618 valid=1.0000 routes=9.868 grad=1.6414 seconds=68.5
Epoch 2517/5000: score=11.540602 loss=-0.125350 valid=1.0000 routes=10.011 grad=1.7701 seconds=68.9
Epoch 2518/5000: score=11.010992 loss=-0.128948 valid=1.0000 routes=9.484 grad=1.5717 seconds=67.2
Epoch 2519/5000: score=10.860747 loss=-0.124944 valid=1.0000 routes=9.050 grad=1.5102 seconds=67.3
Epoch 2520/5000: score=11.360307 loss=-0.121346 valid=1.0000 routes=9.406 grad=1.6173 seconds=67.6
>> Invalid instances, Re-generating ...
Epoch 2521/5000: score=11.398260 loss=-0.124059 valid=1.0000 routes=9.749 grad=1.7019 seconds=67.7
Epoch 2522/5000: score=11.714895 loss=-0.125382 valid=1.0000 routes=10.211 grad=1.7900 seconds=68.6
Epoch 2523/5000: score=11.184687 loss=-0.129106 valid=1.0000 routes=9.834 grad=1.6616 seconds=67.9
Epoch 2524/5000: score=11.773802 loss=-0.140254 valid=1.0000 routes=9.802 grad=1.7570 seconds=68.8
Epoch 2525/5000: score=10.899850 loss=-0.122593 valid=1.0000 routes=9.424 grad=1.5721 seconds=67.9
Epoch 2526/5000: score=11.322477 loss=-0.124721 valid=1.0000 routes=9.455 grad=1.6263 seconds=67.7
Epoch 2527/5000: score=11.154091 loss=-0.123090 valid=1.0000 routes=10.073 grad=1.6473 seconds=67.9
Epoch 2528/5000: score=11.155185 loss=-0.123823 valid=1.0000 routes=9.822 grad=1.6166 seconds=67.6
Epoch 2529/5000: score=11.964535 loss=-0.126331 valid=1.0000 routes=10.516 grad=1.8320 seconds=68.0
Epoch 2530/5000: score=12.053698 loss=-0.122651 valid=1.0000 routes=10.314 grad=1.8233 seconds=68.7
Epoch 2531/5000: score=10.826823 loss=-0.123693 valid=1.0000 routes=9.476 grad=1.5752 seconds=68.6
Epoch 2532/5000: score=11.260544 loss=-0.123946 valid=1.0000 routes=9.732 grad=1.6373 seconds=68.0
Epoch 2533/5000: score=11.327387 loss=-0.128600 valid=1.0000 routes=9.743 grad=1.6913 seconds=67.8
Epoch 2534/5000: score=11.224000 loss=-0.128994 valid=1.0000 routes=9.586 grad=1.6759 seconds=68.1
Epoch 2535/5000: score=11.512336 loss=-0.122596 valid=1.0000 routes=9.938 grad=1.7388 seconds=67.4
Epoch 2536/5000: score=11.170072 loss=-0.133830 valid=1.0000 routes=9.232 grad=1.6105 seconds=67.7
Epoch 2537/5000: score=11.569238 loss=-0.127258 valid=1.0000 routes=9.691 grad=1.6815 seconds=67.1
Epoch 2538/5000: score=11.592630 loss=-0.124200 valid=1.0000 routes=9.772 grad=1.6800 seconds=67.7
Epoch 2539/5000: score=11.507817 loss=-0.124502 valid=1.0000 routes=9.649 grad=1.6764 seconds=67.4
Epoch 2540/5000: score=11.802096 loss=-0.123805 valid=1.0000 routes=10.048 grad=1.6813 seconds=67.5
Epoch 2541/5000: score=11.318813 loss=-0.130677 valid=1.0000 routes=9.711 grad=1.6824 seconds=67.8
Epoch 2542/5000: score=11.819873 loss=-0.126517 valid=1.0000 routes=10.083 grad=1.7230 seconds=67.3
Epoch 2543/5000: score=11.438530 loss=-0.127057 valid=1.0000 routes=10.020 grad=1.7259 seconds=68.0
Epoch 2544/5000: score=11.545726 loss=-0.124429 valid=1.0000 routes=9.825 grad=1.7299 seconds=67.4
Epoch 2545/5000: score=11.186646 loss=-0.123469 valid=1.0000 routes=9.485 grad=1.6195 seconds=67.8
Epoch 2546/5000: score=11.323258 loss=-0.124877 valid=1.0000 routes=10.054 grad=1.7048 seconds=67.4
Epoch 2547/5000: score=11.117492 loss=-0.125144 valid=1.0000 routes=9.496 grad=1.6270 seconds=67.9
Epoch 2548/5000: score=11.928108 loss=-0.117867 valid=1.0000 routes=10.276 grad=1.7367 seconds=67.7
Epoch 2549/5000: score=11.556575 loss=-0.131406 valid=1.0000 routes=9.433 grad=1.7187 seconds=67.2
Epoch 2550/5000: score=11.734394 loss=-0.119673 valid=1.0000 routes=10.312 grad=1.7141 seconds=67.4
Epoch 2551/5000: score=11.137429 loss=-0.128881 valid=1.0000 routes=10.260 grad=1.6967 seconds=67.6
Epoch 2552/5000: score=10.767291 loss=-0.131680 valid=1.0000 routes=9.890 grad=1.6673 seconds=66.8
Epoch 2553/5000: score=11.153778 loss=-0.127369 valid=1.0000 routes=9.332 grad=1.5948 seconds=63.4
Epoch 2554/5000: score=11.250466 loss=-0.128285 valid=1.0000 routes=9.454 grad=1.5359 seconds=67.6
Epoch 2555/5000: score=11.058687 loss=-0.119934 valid=1.0000 routes=10.328 grad=1.6259 seconds=67.6
Epoch 2556/5000: score=11.488295 loss=-0.119170 valid=1.0000 routes=10.116 grad=1.6609 seconds=67.4
Epoch 2557/5000: score=11.452908 loss=-0.120582 valid=1.0000 routes=9.517 grad=1.6312 seconds=67.6
Epoch 2558/5000: score=11.286772 loss=-0.126166 valid=1.0000 routes=9.998 grad=1.6453 seconds=68.3
Epoch 2559/5000: score=11.255160 loss=-0.117190 valid=1.0000 routes=10.189 grad=1.6011 seconds=67.7
Epoch 2560/5000: score=11.992709 loss=-0.125359 valid=1.0000 routes=10.411 grad=1.8548 seconds=67.9
Epoch 2561/5000: score=11.430260 loss=-0.129215 valid=1.0000 routes=9.597 grad=1.6926 seconds=68.8
Epoch 2562/5000: score=11.046630 loss=-0.118236 valid=1.0000 routes=9.927 grad=1.5550 seconds=67.6
Epoch 2563/5000: score=11.600114 loss=-0.130793 valid=1.0000 routes=10.297 grad=1.7620 seconds=67.7
Epoch 2564/5000: score=11.806574 loss=-0.132242 valid=1.0000 routes=9.764 grad=1.7426 seconds=67.7
Epoch 2565/5000: score=11.782883 loss=-0.131506 valid=1.0000 routes=10.202 grad=1.7875 seconds=67.5
Epoch 2566/5000: score=10.979459 loss=-0.121008 valid=1.0000 routes=9.583 grad=1.5386 seconds=68.0
Epoch 2567/5000: score=11.163140 loss=-0.118922 valid=1.0000 routes=9.646 grad=1.6226 seconds=67.3
Epoch 2568/5000: score=11.399758 loss=-0.122079 valid=1.0000 routes=10.088 grad=1.6913 seconds=67.9
Epoch 2569/5000: score=11.223931 loss=-0.119330 valid=1.0000 routes=9.866 grad=1.6438 seconds=67.6
Epoch 2570/5000: score=11.334955 loss=-0.122725 valid=1.0000 routes=9.454 grad=1.6514 seconds=67.5
Epoch 2571/5000: score=11.573525 loss=-0.131777 valid=1.0000 routes=9.266 grad=1.6288 seconds=67.4
Epoch 2572/5000: score=11.082251 loss=-0.129108 valid=1.0000 routes=9.437 grad=1.6031 seconds=68.0
Epoch 2573/5000: score=11.180717 loss=-0.135702 valid=1.0000 routes=9.376 grad=1.6702 seconds=65.2
Epoch 2574/5000: score=11.515087 loss=-0.120110 valid=1.0000 routes=10.538 grad=1.7193 seconds=63.9
Epoch 2575/5000: score=11.843498 loss=-0.134335 valid=1.0000 routes=10.228 grad=1.8457 seconds=68.4
Epoch 2576/5000: score=11.286453 loss=-0.126848 valid=1.0000 routes=9.483 grad=1.6086 seconds=67.9
Epoch 2577/5000: score=11.318675 loss=-0.118018 valid=1.0000 routes=9.801 grad=1.6187 seconds=67.9
Epoch 2578/5000: score=11.495985 loss=-0.122308 valid=1.0000 routes=10.364 grad=1.7169 seconds=68.3
Epoch 2579/5000: score=11.396766 loss=-0.121157 valid=1.0000 routes=10.233 grad=1.7268 seconds=67.5
Epoch 2580/5000: score=10.810807 loss=-0.121950 valid=1.0000 routes=9.823 grad=1.5809 seconds=67.9
Epoch 2581/5000: score=11.285959 loss=-0.122961 valid=1.0000 routes=9.779 grad=1.6554 seconds=68.2
Epoch 2582/5000: score=11.094669 loss=-0.127414 valid=1.0000 routes=9.533 grad=1.6128 seconds=67.2
Epoch 2583/5000: score=11.453647 loss=-0.122362 valid=1.0000 routes=9.557 grad=1.6783 seconds=64.5
Epoch 2584/5000: score=11.765838 loss=-0.129411 valid=1.0000 routes=10.483 grad=1.8008 seconds=66.5
Epoch 2585/5000: score=11.861306 loss=-0.117580 valid=1.0000 routes=10.842 grad=1.7988 seconds=68.6
Epoch 2586/5000: score=11.178214 loss=-0.126218 valid=1.0000 routes=9.575 grad=1.6874 seconds=68.6
Epoch 2587/5000: score=10.896003 loss=-0.120652 valid=1.0000 routes=9.255 grad=1.5246 seconds=68.1
Epoch 2588/5000: score=11.629044 loss=-0.130808 valid=1.0000 routes=9.539 grad=1.6900 seconds=67.6
Epoch 2589/5000: score=11.473899 loss=-0.129512 valid=1.0000 routes=9.759 grad=1.7119 seconds=68.1
Epoch 2590/5000: score=11.740545 loss=-0.128375 valid=1.0000 routes=9.994 grad=1.7670 seconds=67.9
Epoch 2591/5000: score=10.373541 loss=-0.121620 valid=1.0000 routes=9.291 grad=1.4560 seconds=68.0
Epoch 2592/5000: score=11.188474 loss=-0.118893 valid=1.0000 routes=9.458 grad=1.5672 seconds=67.9
Epoch 2593/5000: score=10.876259 loss=-0.125627 valid=1.0000 routes=9.602 grad=1.6269 seconds=68.3
Epoch 2594/5000: score=11.291686 loss=-0.119113 valid=1.0000 routes=9.863 grad=1.6161 seconds=67.9
Epoch 2595/5000: score=11.528446 loss=-0.130080 valid=1.0000 routes=9.678 grad=1.7155 seconds=67.4
Epoch 2596/5000: score=11.806413 loss=-0.121950 valid=1.0000 routes=10.331 grad=1.7971 seconds=67.6
Epoch 2597/5000: score=11.644562 loss=-0.118699 valid=1.0000 routes=9.957 grad=1.6948 seconds=67.5
Epoch 2598/5000: score=11.153408 loss=-0.113241 valid=1.0000 routes=10.078 grad=1.6148 seconds=67.8
Epoch 2599/5000: score=11.428070 loss=-0.130197 valid=1.0000 routes=9.512 grad=1.7192 seconds=68.8
Epoch 2600/5000: score=11.373124 loss=-0.120936 valid=1.0000 routes=9.845 grad=1.6208 seconds=67.9
Epoch 2601/5000: score=11.909042 loss=-0.128406 valid=1.0000 routes=9.788 grad=1.8022 seconds=68.3
Epoch 2602/5000: score=11.221591 loss=-0.124091 valid=1.0000 routes=9.287 grad=1.5811 seconds=67.5
Epoch 2603/5000: score=11.660592 loss=-0.131591 valid=1.0000 routes=9.648 grad=1.7442 seconds=67.8
Epoch 2604/5000: score=11.203706 loss=-0.128772 valid=1.0000 routes=9.590 grad=1.6401 seconds=68.2
Epoch 2605/5000: score=11.257472 loss=-0.118753 valid=1.0000 routes=9.931 grad=1.5935 seconds=67.3
>> Invalid instances, Re-generating ...
Epoch 2606/5000: score=11.668549 loss=-0.130175 valid=1.0000 routes=10.069 grad=1.7593 seconds=68.1
Epoch 2607/5000: score=11.133535 loss=-0.125401 valid=1.0000 routes=9.595 grad=1.5675 seconds=66.8
Epoch 2608/5000: score=11.435625 loss=-0.122301 valid=1.0000 routes=9.771 grad=1.6419 seconds=67.3
Epoch 2609/5000: score=11.635037 loss=-0.127884 valid=1.0000 routes=10.253 grad=1.7411 seconds=67.6
Epoch 2610/5000: score=11.047099 loss=-0.127379 valid=1.0000 routes=10.325 grad=1.6552 seconds=67.8
Epoch 2611/5000: score=11.521754 loss=-0.127732 valid=1.0000 routes=9.374 grad=1.6851 seconds=68.3
Epoch 2612/5000: score=11.238952 loss=-0.125870 valid=1.0000 routes=9.790 grad=1.6353 seconds=67.8
Epoch 2613/5000: score=12.165765 loss=-0.124025 valid=1.0000 routes=10.466 grad=1.8426 seconds=68.1
Epoch 2614/5000: score=11.509989 loss=-0.120785 valid=1.0000 routes=10.153 grad=1.6942 seconds=67.5
Epoch 2615/5000: score=11.285092 loss=-0.116322 valid=1.0000 routes=10.249 grad=1.6537 seconds=68.4
Epoch 2616/5000: score=10.883496 loss=-0.128068 valid=1.0000 routes=9.236 grad=1.5966 seconds=66.3
Epoch 2617/5000: score=11.414215 loss=-0.122498 valid=1.0000 routes=10.224 grad=1.7002 seconds=66.5
Epoch 2618/5000: score=11.111684 loss=-0.122483 valid=1.0000 routes=10.033 grad=1.6238 seconds=66.8
Epoch 2619/5000: score=11.201957 loss=-0.126390 valid=1.0000 routes=9.093 grad=1.5557 seconds=66.1
Epoch 2620/5000: score=11.429656 loss=-0.119088 valid=1.0000 routes=9.790 grad=1.6222 seconds=66.0
Epoch 2621/5000: score=11.923801 loss=-0.121003 valid=1.0000 routes=10.423 grad=1.7558 seconds=65.1
Epoch 2622/5000: score=11.551553 loss=-0.130494 valid=1.0000 routes=9.869 grad=1.7645 seconds=65.8
Epoch 2623/5000: score=11.422064 loss=-0.120525 valid=1.0000 routes=10.146 grad=1.6961 seconds=65.6
Epoch 2624/5000: score=11.117568 loss=-0.130946 valid=1.0000 routes=9.329 grad=1.6194 seconds=66.0
Epoch 2625/5000: score=11.166581 loss=-0.114465 valid=1.0000 routes=10.501 grad=1.5815 seconds=65.9
Epoch 2626/5000: score=11.684333 loss=-0.123636 valid=1.0000 routes=9.947 grad=1.7640 seconds=65.8
Epoch 2627/5000: score=11.045279 loss=-0.119347 valid=1.0000 routes=9.455 grad=1.5669 seconds=66.4
Epoch 2628/5000: score=11.816703 loss=-0.122524 valid=1.0000 routes=9.946 grad=1.7259 seconds=66.1
Epoch 2629/5000: score=11.321794 loss=-0.124752 valid=1.0000 routes=9.767 grad=1.6489 seconds=66.2
Epoch 2630/5000: score=11.607195 loss=-0.124377 valid=1.0000 routes=10.697 grad=1.7739 seconds=65.6
Epoch 2631/5000: score=11.230579 loss=-0.124442 valid=1.0000 routes=9.543 grad=1.6355 seconds=66.0
Epoch 2632/5000: score=11.299879 loss=-0.118292 valid=1.0000 routes=9.898 grad=1.6510 seconds=66.0
Epoch 2633/5000: score=11.474424 loss=-0.126549 valid=1.0000 routes=10.489 grad=1.7250 seconds=66.1
Epoch 2634/5000: score=11.524614 loss=-0.127644 valid=1.0000 routes=9.658 grad=1.6732 seconds=66.4
Epoch 2635/5000: score=11.471525 loss=-0.125211 valid=1.0000 routes=10.212 grad=1.6872 seconds=65.4
Epoch 2636/5000: score=11.529880 loss=-0.129266 valid=1.0000 routes=10.005 grad=1.7325 seconds=66.5
Epoch 2637/5000: score=11.046752 loss=-0.132711 valid=1.0000 routes=9.419 grad=1.6996 seconds=66.6
Epoch 2638/5000: score=11.066243 loss=-0.137471 valid=1.0000 routes=9.142 grad=1.6236 seconds=66.7
Epoch 2639/5000: score=11.344394 loss=-0.120581 valid=1.0000 routes=9.660 grad=1.6238 seconds=66.7
Epoch 2640/5000: score=11.092078 loss=-0.118420 valid=1.0000 routes=9.756 grad=1.6121 seconds=65.8
Epoch 2641/5000: score=11.195233 loss=-0.124088 valid=1.0000 routes=9.322 grad=1.5982 seconds=66.1
Epoch 2642/5000: score=11.451733 loss=-0.126395 valid=1.0000 routes=9.531 grad=1.6925 seconds=66.0
Epoch 2643/5000: score=11.119984 loss=-0.123659 valid=1.0000 routes=9.495 grad=1.5688 seconds=66.0
Epoch 2644/5000: score=10.807052 loss=-0.118315 valid=1.0000 routes=9.691 grad=1.5354 seconds=65.7
Epoch 2645/5000: score=11.589569 loss=-0.123142 valid=1.0000 routes=9.785 grad=1.7340 seconds=65.9
Epoch 2646/5000: score=11.095287 loss=-0.122409 valid=1.0000 routes=9.913 grad=1.6470 seconds=66.3
Epoch 2647/5000: score=11.053515 loss=-0.115717 valid=1.0000 routes=9.470 grad=1.4984 seconds=65.8
Epoch 2648/5000: score=10.858187 loss=-0.127037 valid=1.0000 routes=9.408 grad=1.5474 seconds=66.4
Epoch 2649/5000: score=11.534523 loss=-0.128307 valid=1.0000 routes=10.115 grad=1.7592 seconds=65.7
Epoch 2650/5000: score=11.475851 loss=-0.124080 valid=1.0000 routes=9.568 grad=1.6170 seconds=66.1
Epoch 2651/5000: score=11.159597 loss=-0.133111 valid=1.0000 routes=9.682 grad=1.7238 seconds=65.8
Epoch 2652/5000: score=11.527814 loss=-0.130384 valid=1.0000 routes=9.598 grad=1.7329 seconds=65.7
Epoch 2653/5000: score=11.362217 loss=-0.124019 valid=1.0000 routes=9.731 grad=1.6051 seconds=66.0
Epoch 2654/5000: score=11.612026 loss=-0.128977 valid=1.0000 routes=10.239 grad=1.7001 seconds=65.7
Epoch 2655/5000: score=11.500908 loss=-0.121109 valid=1.0000 routes=9.911 grad=1.6053 seconds=66.1
Epoch 2656/5000: score=11.202901 loss=-0.121566 valid=1.0000 routes=9.413 grad=1.6020 seconds=65.6
Epoch 2657/5000: score=11.526436 loss=-0.126724 valid=1.0000 routes=9.393 grad=1.7134 seconds=66.6
Epoch 2658/5000: score=11.739579 loss=-0.126596 valid=1.0000 routes=10.315 grad=1.7734 seconds=66.4
Epoch 2659/5000: score=11.869853 loss=-0.122924 valid=1.0000 routes=10.206 grad=1.7542 seconds=66.0
Epoch 2660/5000: score=11.618652 loss=-0.123290 valid=1.0000 routes=10.302 grad=1.7232 seconds=65.8
Epoch 2661/5000: score=11.267516 loss=-0.131601 valid=1.0000 routes=9.804 grad=1.6866 seconds=65.5
Epoch 2662/5000: score=11.594535 loss=-0.129774 valid=1.0000 routes=9.835 grad=1.7232 seconds=66.9
Epoch 2663/5000: score=11.256319 loss=-0.118330 valid=1.0000 routes=9.807 grad=1.6086 seconds=66.7
Epoch 2664/5000: score=11.236169 loss=-0.126406 valid=1.0000 routes=10.001 grad=1.7221 seconds=67.6
Epoch 2665/5000: score=11.352510 loss=-0.125489 valid=1.0000 routes=9.546 grad=1.5951 seconds=67.0
Epoch 2666/5000: score=11.700884 loss=-0.125613 valid=1.0000 routes=9.963 grad=1.7198 seconds=67.1
Epoch 2667/5000: score=11.573283 loss=-0.124479 valid=1.0000 routes=10.085 grad=1.7102 seconds=66.6
Epoch 2668/5000: score=12.017313 loss=-0.125255 valid=1.0000 routes=10.237 grad=1.7424 seconds=66.6
Epoch 2669/5000: score=11.419769 loss=-0.122566 valid=1.0000 routes=9.702 grad=1.6215 seconds=67.0
Epoch 2670/5000: score=10.874172 loss=-0.125102 valid=1.0000 routes=9.111 grad=1.5263 seconds=66.9
Epoch 2671/5000: score=11.073367 loss=-0.126047 valid=1.0000 routes=9.393 grad=1.5543 seconds=67.4
Epoch 2672/5000: score=11.639281 loss=-0.118152 valid=1.0000 routes=10.750 grad=1.7073 seconds=66.6
Epoch 2673/5000: score=11.139510 loss=-0.122380 valid=1.0000 routes=9.557 grad=1.6109 seconds=67.4
Epoch 2674/5000: score=10.884829 loss=-0.121447 valid=1.0000 routes=9.705 grad=1.5806 seconds=67.2
Epoch 2675/5000: score=10.986958 loss=-0.129256 valid=1.0000 routes=9.180 grad=1.6138 seconds=68.0
Epoch 2676/5000: score=11.363326 loss=-0.118080 valid=1.0000 routes=9.923 grad=1.6162 seconds=67.4
Epoch 2677/5000: score=10.225901 loss=-0.128071 valid=1.0000 routes=8.837 grad=1.4623 seconds=67.0
Epoch 2678/5000: score=11.645864 loss=-0.128397 valid=1.0000 routes=10.095 grad=1.7241 seconds=67.6
Epoch 2679/5000: score=11.754377 loss=-0.129079 valid=1.0000 routes=9.935 grad=1.7882 seconds=67.7
Epoch 2680/5000: score=11.002093 loss=-0.118288 valid=1.0000 routes=10.196 grad=1.5973 seconds=68.0
Epoch 2681/5000: score=11.042343 loss=-0.125748 valid=1.0000 routes=9.620 grad=1.6092 seconds=67.2
Epoch 2682/5000: score=11.049047 loss=-0.128327 valid=1.0000 routes=9.653 grad=1.6410 seconds=63.7
Epoch 2683/5000: score=10.550061 loss=-0.118361 valid=1.0000 routes=9.410 grad=1.4815 seconds=66.5
Epoch 2684/5000: score=11.446030 loss=-0.129435 valid=1.0000 routes=9.903 grad=1.7138 seconds=66.7
Epoch 2685/5000: score=11.422347 loss=-0.125323 valid=1.0000 routes=10.133 grad=1.6823 seconds=67.8
Epoch 2686/5000: score=12.249992 loss=-0.127098 valid=1.0000 routes=10.362 grad=1.8745 seconds=67.1
Epoch 2687/5000: score=11.527884 loss=-0.127124 valid=1.0000 routes=10.379 grad=1.7407 seconds=67.6
Epoch 2688/5000: score=11.138860 loss=-0.123072 valid=1.0000 routes=9.948 grad=1.6433 seconds=67.1
Epoch 2689/5000: score=10.874154 loss=-0.132772 valid=1.0000 routes=9.326 grad=1.5871 seconds=67.2
Epoch 2690/5000: score=11.670692 loss=-0.126199 valid=1.0000 routes=9.755 grad=1.6932 seconds=67.5
Epoch 2691/5000: score=10.892300 loss=-0.122986 valid=1.0000 routes=9.802 grad=1.5754 seconds=66.8
Epoch 2692/5000: score=11.437326 loss=-0.134919 valid=1.0000 routes=9.572 grad=1.7458 seconds=67.7
Epoch 2693/5000: score=11.673110 loss=-0.124975 valid=1.0000 routes=10.384 grad=1.7356 seconds=67.5
Epoch 2694/5000: score=12.133343 loss=-0.122232 valid=1.0000 routes=10.549 grad=1.8018 seconds=67.7
Epoch 2695/5000: score=11.927568 loss=-0.126116 valid=1.0000 routes=10.282 grad=1.8599 seconds=67.7
Epoch 2696/5000: score=10.800884 loss=-0.123061 valid=1.0000 routes=9.551 grad=1.5967 seconds=67.3
Epoch 2697/5000: score=11.263336 loss=-0.134893 valid=1.0000 routes=9.098 grad=1.6555 seconds=68.1
Epoch 2698/5000: score=12.067517 loss=-0.123898 valid=1.0000 routes=10.704 grad=1.8699 seconds=66.8
Epoch 2699/5000: score=11.184739 loss=-0.128791 valid=1.0000 routes=9.438 grad=1.6259 seconds=67.5
Epoch 2700/5000: score=11.139447 loss=-0.132459 valid=1.0000 routes=9.370 grad=1.6592 seconds=68.1
Epoch 2701/5000: score=11.423770 loss=-0.124813 valid=1.0000 routes=10.008 grad=1.6836 seconds=67.6
Epoch 2702/5000: score=11.418524 loss=-0.122321 valid=1.0000 routes=10.004 grad=1.6067 seconds=67.4
Epoch 2703/5000: score=11.594073 loss=-0.125586 valid=1.0000 routes=10.428 grad=1.8062 seconds=66.8
Epoch 2704/5000: score=10.953726 loss=-0.121525 valid=1.0000 routes=10.092 grad=1.6187 seconds=67.1
Epoch 2705/5000: score=11.209903 loss=-0.130653 valid=1.0000 routes=9.586 grad=1.6639 seconds=66.9
Epoch 2706/5000: score=11.042118 loss=-0.128321 valid=1.0000 routes=9.910 grad=1.6238 seconds=67.6
Epoch 2707/5000: score=11.558815 loss=-0.123583 valid=1.0000 routes=10.688 grad=1.7338 seconds=67.3
Epoch 2708/5000: score=11.489513 loss=-0.117359 valid=1.0000 routes=10.119 grad=1.6781 seconds=66.7
Epoch 2709/5000: score=11.349409 loss=-0.128449 valid=1.0000 routes=9.841 grad=1.7152 seconds=67.7
Epoch 2710/5000: score=11.350284 loss=-0.124926 valid=1.0000 routes=10.081 grad=1.6796 seconds=67.7
Epoch 2711/5000: score=11.611564 loss=-0.127732 valid=1.0000 routes=9.915 grad=1.7675 seconds=67.8
Epoch 2712/5000: score=11.651688 loss=-0.132965 valid=1.0000 routes=9.813 grad=1.7164 seconds=67.4
Epoch 2713/5000: score=11.055003 loss=-0.121229 valid=1.0000 routes=9.727 grad=1.5251 seconds=67.0
Epoch 2714/5000: score=10.941727 loss=-0.121048 valid=1.0000 routes=9.420 grad=1.5521 seconds=67.5
Epoch 2715/5000: score=11.158105 loss=-0.128234 valid=1.0000 routes=9.366 grad=1.6294 seconds=67.7
Epoch 2716/5000: score=11.765339 loss=-0.128025 valid=1.0000 routes=9.941 grad=1.7090 seconds=68.0
Epoch 2717/5000: score=11.039142 loss=-0.120758 valid=1.0000 routes=9.918 grad=1.5865 seconds=67.1
Epoch 2718/5000: score=11.115760 loss=-0.129816 valid=1.0000 routes=9.588 grad=1.6126 seconds=67.7
Epoch 2719/5000: score=11.761756 loss=-0.127565 valid=1.0000 routes=10.536 grad=1.7810 seconds=66.8
Epoch 2720/5000: score=11.469161 loss=-0.125827 valid=1.0000 routes=9.856 grad=1.6872 seconds=66.7
Epoch 2721/5000: score=11.256219 loss=-0.125055 valid=1.0000 routes=9.574 grad=1.6508 seconds=68.1
Epoch 2722/5000: score=11.539752 loss=-0.125741 valid=1.0000 routes=10.163 grad=1.7202 seconds=67.1
Epoch 2723/5000: score=11.183629 loss=-0.120998 valid=1.0000 routes=10.219 grad=1.6381 seconds=67.6
Epoch 2724/5000: score=10.812835 loss=-0.123824 valid=1.0000 routes=9.245 grad=1.5171 seconds=66.8
Epoch 2725/5000: score=11.617863 loss=-0.117358 valid=1.0000 routes=10.561 grad=1.7195 seconds=67.3
Epoch 2726/5000: score=11.391451 loss=-0.125262 valid=1.0000 routes=9.708 grad=1.6585 seconds=67.5
Epoch 2727/5000: score=11.805704 loss=-0.118053 valid=1.0000 routes=9.972 grad=1.6871 seconds=67.3
Epoch 2728/5000: score=11.312282 loss=-0.121834 valid=1.0000 routes=9.473 grad=1.5476 seconds=67.4
Epoch 2729/5000: score=11.590932 loss=-0.121663 valid=1.0000 routes=9.812 grad=1.6678 seconds=66.3
Epoch 2730/5000: score=11.807364 loss=-0.124473 valid=1.0000 routes=9.986 grad=1.7676 seconds=67.3
Epoch 2731/5000: score=11.766286 loss=-0.126385 valid=1.0000 routes=10.025 grad=1.7694 seconds=66.7
Epoch 2732/5000: score=12.037725 loss=-0.126557 valid=1.0000 routes=10.172 grad=1.7759 seconds=67.0
Epoch 2733/5000: score=11.589817 loss=-0.129247 valid=1.0000 routes=9.982 grad=1.7398 seconds=67.6
Epoch 2734/5000: score=11.722009 loss=-0.125272 valid=1.0000 routes=10.184 grad=1.7506 seconds=66.8
Epoch 2735/5000: score=11.538131 loss=-0.119612 valid=1.0000 routes=9.784 grad=1.6851 seconds=68.0
Epoch 2736/5000: score=10.993444 loss=-0.118088 valid=1.0000 routes=9.835 grad=1.5806 seconds=67.1
Epoch 2737/5000: score=11.017560 loss=-0.122719 valid=1.0000 routes=9.520 grad=1.5658 seconds=70.5
Epoch 2738/5000: score=11.634589 loss=-0.116364 valid=1.0000 routes=10.145 grad=1.6774 seconds=66.3
Epoch 2739/5000: score=11.200699 loss=-0.121619 valid=1.0000 routes=9.938 grad=1.6211 seconds=66.7
Epoch 2740/5000: score=11.284145 loss=-0.122256 valid=1.0000 routes=10.294 grad=1.7064 seconds=67.0
Epoch 2741/5000: score=11.759959 loss=-0.119518 valid=1.0000 routes=9.801 grad=1.6864 seconds=66.6
Epoch 2742/5000: score=11.255840 loss=-0.130615 valid=1.0000 routes=9.056 grad=1.5944 seconds=67.4
Epoch 2743/5000: score=11.411461 loss=-0.122195 valid=1.0000 routes=9.768 grad=1.6546 seconds=66.7
Epoch 2744/5000: score=11.891849 loss=-0.136702 valid=1.0000 routes=10.327 grad=1.8610 seconds=67.4
Epoch 2745/5000: score=11.683931 loss=-0.123225 valid=1.0000 routes=10.201 grad=1.6940 seconds=67.2
Epoch 2746/5000: score=11.015262 loss=-0.124831 valid=1.0000 routes=9.358 grad=1.5550 seconds=67.0
Epoch 2747/5000: score=11.309582 loss=-0.126088 valid=1.0000 routes=9.867 grad=1.6263 seconds=67.2
Epoch 2748/5000: score=11.422639 loss=-0.119000 valid=1.0000 routes=9.755 grad=1.6107 seconds=67.1
Epoch 2749/5000: score=10.884287 loss=-0.122647 valid=1.0000 routes=9.372 grad=1.5159 seconds=67.1
Epoch 2750/5000: score=11.040866 loss=-0.119164 valid=1.0000 routes=9.507 grad=1.5724 seconds=66.7
Epoch 2751/5000: score=11.165463 loss=-0.120952 valid=1.0000 routes=9.940 grad=1.6244 seconds=67.1
Epoch 2752/5000: score=11.159291 loss=-0.114794 valid=1.0000 routes=9.502 grad=1.5155 seconds=67.7
Epoch 2753/5000: score=11.560078 loss=-0.116876 valid=1.0000 routes=10.584 grad=1.7108 seconds=67.2
Epoch 2754/5000: score=11.842534 loss=-0.127161 valid=1.0000 routes=9.748 grad=1.7784 seconds=68.2
Epoch 2755/5000: score=11.020983 loss=-0.121416 valid=1.0000 routes=9.609 grad=1.5974 seconds=67.5
Epoch 2756/5000: score=11.064560 loss=-0.121191 valid=1.0000 routes=9.457 grad=1.5592 seconds=67.4
Epoch 2757/5000: score=11.554036 loss=-0.125307 valid=1.0000 routes=10.551 grad=1.7729 seconds=67.1
Epoch 2758/5000: score=11.726866 loss=-0.119143 valid=1.0000 routes=9.778 grad=1.6986 seconds=67.4
Epoch 2759/5000: score=11.865316 loss=-0.121776 valid=1.0000 routes=9.868 grad=1.7347 seconds=67.2
Epoch 2760/5000: score=11.255560 loss=-0.118567 valid=1.0000 routes=10.014 grad=1.6251 seconds=67.3
Epoch 2761/5000: score=11.798804 loss=-0.124077 valid=1.0000 routes=9.319 grad=1.6914 seconds=67.3
Epoch 2762/5000: score=11.398880 loss=-0.123498 valid=1.0000 routes=9.800 grad=1.6652 seconds=67.0
Epoch 2763/5000: score=11.322690 loss=-0.122472 valid=1.0000 routes=9.747 grad=1.6535 seconds=68.4
Epoch 2764/5000: score=11.576568 loss=-0.120806 valid=1.0000 routes=10.641 grad=1.7388 seconds=67.1
Epoch 2765/5000: score=11.189346 loss=-0.120667 valid=1.0000 routes=9.252 grad=1.5547 seconds=68.0
Epoch 2766/5000: score=11.567120 loss=-0.120013 valid=1.0000 routes=9.961 grad=1.6838 seconds=66.3
Epoch 2767/5000: score=11.446714 loss=-0.121175 valid=1.0000 routes=10.033 grad=1.6594 seconds=66.9
Epoch 2768/5000: score=11.482223 loss=-0.120665 valid=1.0000 routes=10.121 grad=1.6678 seconds=67.5
Epoch 2769/5000: score=11.868826 loss=-0.123051 valid=1.0000 routes=10.168 grad=1.7872 seconds=67.1
Epoch 2770/5000: score=11.067024 loss=-0.118612 valid=1.0000 routes=9.662 grad=1.6121 seconds=67.3
Epoch 2771/5000: score=11.184902 loss=-0.119223 valid=1.0000 routes=10.181 grad=1.6418 seconds=66.8
Epoch 2772/5000: score=11.070244 loss=-0.124858 valid=1.0000 routes=9.740 grad=1.6195 seconds=67.5
Epoch 2773/5000: score=10.965801 loss=-0.114453 valid=1.0000 routes=9.868 grad=1.5200 seconds=66.7
Epoch 2774/5000: score=11.602573 loss=-0.126240 valid=1.0000 routes=9.734 grad=1.7103 seconds=67.1
Epoch 2775/5000: score=11.603402 loss=-0.125427 valid=1.0000 routes=10.185 grad=1.7830 seconds=67.3
Epoch 2776/5000: score=11.319381 loss=-0.127465 valid=1.0000 routes=9.778 grad=1.7502 seconds=67.2
Epoch 2777/5000: score=10.978440 loss=-0.124636 valid=1.0000 routes=9.354 grad=1.6286 seconds=67.5
Epoch 2778/5000: score=11.089021 loss=-0.122244 valid=1.0000 routes=9.517 grad=1.5905 seconds=66.8
Epoch 2779/5000: score=11.371575 loss=-0.122747 valid=1.0000 routes=9.984 grad=1.6732 seconds=67.0
Epoch 2780/5000: score=11.340920 loss=-0.121201 valid=1.0000 routes=10.068 grad=1.6874 seconds=67.3
Epoch 2781/5000: score=11.853682 loss=-0.127046 valid=1.0000 routes=10.245 grad=1.8053 seconds=66.7
Epoch 2782/5000: score=11.384550 loss=-0.120217 valid=1.0000 routes=9.796 grad=1.6117 seconds=67.4
Epoch 2783/5000: score=11.672955 loss=-0.120759 valid=1.0000 routes=10.337 grad=1.7302 seconds=67.4
Epoch 2784/5000: score=11.588259 loss=-0.120833 valid=1.0000 routes=9.902 grad=1.6577 seconds=67.7
Epoch 2785/5000: score=11.181247 loss=-0.119101 valid=1.0000 routes=9.797 grad=1.5971 seconds=67.6
Epoch 2786/5000: score=11.381211 loss=-0.130721 valid=1.0000 routes=9.556 grad=1.7208 seconds=67.7
Epoch 2787/5000: score=11.060763 loss=-0.121081 valid=1.0000 routes=9.911 grad=1.6086 seconds=67.6
Epoch 2788/5000: score=12.083898 loss=-0.123296 valid=1.0000 routes=10.657 grad=1.8531 seconds=66.9
Epoch 2789/5000: score=11.632022 loss=-0.120776 valid=1.0000 routes=10.088 grad=1.6719 seconds=67.6
Epoch 2790/5000: score=11.306521 loss=-0.121696 valid=1.0000 routes=9.849 grad=1.7151 seconds=67.4
Epoch 2791/5000: score=11.150147 loss=-0.118310 valid=1.0000 routes=9.793 grad=1.6101 seconds=67.6
Epoch 2792/5000: score=11.573106 loss=-0.123057 valid=1.0000 routes=9.960 grad=1.6984 seconds=67.2
Epoch 2793/5000: score=11.451548 loss=-0.123127 valid=1.0000 routes=9.829 grad=1.6809 seconds=67.3
Epoch 2794/5000: score=10.974539 loss=-0.121678 valid=1.0000 routes=9.539 grad=1.5445 seconds=67.0
Epoch 2795/5000: score=11.575082 loss=-0.123133 valid=1.0000 routes=10.215 grad=1.7057 seconds=66.7
Epoch 2796/5000: score=11.471115 loss=-0.126557 valid=1.0000 routes=10.028 grad=1.7014 seconds=67.5
Epoch 2797/5000: score=11.448458 loss=-0.120360 valid=1.0000 routes=9.683 grad=1.6449 seconds=67.5
Epoch 2798/5000: score=11.415009 loss=-0.119948 valid=1.0000 routes=9.882 grad=1.6354 seconds=67.0
Epoch 2799/5000: score=10.830636 loss=-0.123568 valid=1.0000 routes=9.117 grad=1.5202 seconds=67.3
Epoch 2800/5000: score=11.486522 loss=-0.124921 valid=1.0000 routes=9.624 grad=1.6800 seconds=67.9
Epoch 2801/5000: score=11.583484 loss=-0.127938 valid=1.0000 routes=10.061 grad=1.7031 seconds=67.8
Epoch 2802/5000: score=11.348298 loss=-0.124748 valid=1.0000 routes=9.774 grad=1.7175 seconds=67.4
Epoch 2803/5000: score=11.539031 loss=-0.123317 valid=1.0000 routes=9.862 grad=1.7090 seconds=67.1
Epoch 2804/5000: score=11.465873 loss=-0.125119 valid=1.0000 routes=10.033 grad=1.7185 seconds=67.5
Epoch 2805/5000: score=11.557609 loss=-0.122717 valid=1.0000 routes=10.166 grad=1.6963 seconds=67.1
Epoch 2806/5000: score=12.079523 loss=-0.122993 valid=1.0000 routes=10.515 grad=1.8294 seconds=67.2
Epoch 2807/5000: score=11.427155 loss=-0.131084 valid=1.0000 routes=9.765 grad=1.7386 seconds=67.7
Epoch 2808/5000: score=11.325477 loss=-0.123231 valid=1.0000 routes=9.960 grad=1.6587 seconds=67.8
Epoch 2809/5000: score=11.573673 loss=-0.130836 valid=1.0000 routes=9.792 grad=1.7147 seconds=67.3
Epoch 2810/5000: score=11.267540 loss=-0.130282 valid=1.0000 routes=9.517 grad=1.6132 seconds=67.1
Epoch 2811/5000: score=11.321192 loss=-0.128091 valid=1.0000 routes=10.209 grad=1.7153 seconds=67.4
Epoch 2812/5000: score=11.862692 loss=-0.123587 valid=1.0000 routes=9.868 grad=1.7391 seconds=67.1
Epoch 2813/5000: score=11.604310 loss=-0.122935 valid=1.0000 routes=9.790 grad=1.6770 seconds=67.2
Epoch 2814/5000: score=11.592349 loss=-0.118980 valid=1.0000 routes=10.572 grad=1.7348 seconds=67.5
Epoch 2815/5000: score=11.854307 loss=-0.125533 valid=1.0000 routes=10.513 grad=1.8083 seconds=67.1
Epoch 2816/5000: score=11.973788 loss=-0.127910 valid=1.0000 routes=10.950 grad=1.8790 seconds=67.2
Epoch 2817/5000: score=11.574567 loss=-0.123284 valid=1.0000 routes=10.093 grad=1.7242 seconds=67.4
Epoch 2818/5000: score=11.298610 loss=-0.129425 valid=1.0000 routes=9.881 grad=1.6656 seconds=68.0
Epoch 2819/5000: score=11.448037 loss=-0.122563 valid=1.0000 routes=10.276 grad=1.6891 seconds=66.7
Epoch 2820/5000: score=11.446572 loss=-0.122520 valid=1.0000 routes=10.187 grad=1.7240 seconds=67.4
Epoch 2821/5000: score=11.270908 loss=-0.125813 valid=1.0000 routes=9.926 grad=1.7055 seconds=67.1
Epoch 2822/5000: score=11.551239 loss=-0.124387 valid=1.0000 routes=10.223 grad=1.7279 seconds=66.7
Epoch 2823/5000: score=11.417388 loss=-0.131794 valid=1.0000 routes=9.701 grad=1.7194 seconds=67.1
Epoch 2824/5000: score=11.028195 loss=-0.122731 valid=1.0000 routes=9.517 grad=1.5789 seconds=66.8
Epoch 2825/5000: score=12.044435 loss=-0.126163 valid=1.0000 routes=10.389 grad=1.8514 seconds=66.6
Epoch 2826/5000: score=11.604748 loss=-0.127243 valid=1.0000 routes=9.691 grad=1.7044 seconds=62.3
Epoch 2827/5000: score=11.560848 loss=-0.125525 valid=1.0000 routes=10.130 grad=1.7094 seconds=62.3
Epoch 2828/5000: score=11.418420 loss=-0.124107 valid=1.0000 routes=10.004 grad=1.6939 seconds=64.9
Epoch 2829/5000: score=11.040017 loss=-0.123692 valid=1.0000 routes=9.535 grad=1.5052 seconds=67.2
Epoch 2830/5000: score=11.144089 loss=-0.123757 valid=1.0000 routes=9.794 grad=1.5728 seconds=67.1
Epoch 2831/5000: score=11.834162 loss=-0.128477 valid=1.0000 routes=10.218 grad=1.8051 seconds=67.7
Epoch 2832/5000: score=11.513855 loss=-0.127449 valid=1.0000 routes=10.052 grad=1.6802 seconds=66.9
Epoch 2833/5000: score=11.905599 loss=-0.140765 valid=1.0000 routes=9.980 grad=1.8080 seconds=67.3
Epoch 2834/5000: score=11.360015 loss=-0.120642 valid=1.0000 routes=10.072 grad=1.6269 seconds=66.8
Epoch 2835/5000: score=10.809973 loss=-0.122739 valid=1.0000 routes=9.439 grad=1.5361 seconds=66.8
Epoch 2836/5000: score=11.070895 loss=-0.121697 valid=1.0000 routes=9.619 grad=1.6224 seconds=64.0
Epoch 2837/5000: score=11.247849 loss=-0.111417 valid=1.0000 routes=10.050 grad=1.6096 seconds=65.0
Epoch 2838/5000: score=11.557527 loss=-0.126608 valid=1.0000 routes=9.851 grad=1.7144 seconds=67.0
Epoch 2839/5000: score=11.386606 loss=-0.124436 valid=1.0000 routes=10.030 grad=1.6597 seconds=66.8
Epoch 2840/5000: score=11.251777 loss=-0.121923 valid=1.0000 routes=9.680 grad=1.6266 seconds=67.6
Epoch 2841/5000: score=11.594576 loss=-0.125685 valid=1.0000 routes=10.278 grad=1.7608 seconds=67.4
Epoch 2842/5000: score=11.338391 loss=-0.122442 valid=1.0000 routes=9.696 grad=1.6336 seconds=67.3
Epoch 2843/5000: score=11.336836 loss=-0.124577 valid=1.0000 routes=9.970 grad=1.7093 seconds=67.3
Epoch 2844/5000: score=10.881304 loss=-0.123053 valid=1.0000 routes=9.716 grad=1.5251 seconds=66.9
Epoch 2845/5000: score=11.259807 loss=-0.128204 valid=1.0000 routes=9.615 grad=1.6184 seconds=67.3
Epoch 2846/5000: score=11.580023 loss=-0.125478 valid=1.0000 routes=9.584 grad=1.6825 seconds=66.8
Epoch 2847/5000: score=11.832061 loss=-0.122617 valid=1.0000 routes=10.114 grad=1.7297 seconds=66.7
Epoch 2848/5000: score=11.025973 loss=-0.126173 valid=1.0000 routes=9.451 grad=1.5780 seconds=67.0
Epoch 2849/5000: score=11.059777 loss=-0.125246 valid=1.0000 routes=9.462 grad=1.6234 seconds=67.5
Epoch 2850/5000: score=11.401474 loss=-0.131977 valid=1.0000 routes=9.370 grad=1.7073 seconds=67.4
Epoch 2851/5000: score=11.681312 loss=-0.130035 valid=1.0000 routes=10.483 grad=1.8163 seconds=66.8
Epoch 2852/5000: score=11.606505 loss=-0.123820 valid=1.0000 routes=9.565 grad=1.6573 seconds=66.6
Epoch 2853/5000: score=11.736539 loss=-0.132521 valid=1.0000 routes=10.025 grad=1.8290 seconds=67.2
Epoch 2854/5000: score=11.576997 loss=-0.122535 valid=1.0000 routes=10.436 grad=1.7235 seconds=67.0
Epoch 2855/5000: score=11.115661 loss=-0.125161 valid=1.0000 routes=9.107 grad=1.5820 seconds=65.4
Epoch 2856/5000: score=11.333292 loss=-0.122559 valid=1.0000 routes=9.687 grad=1.6400 seconds=65.5
Epoch 2857/5000: score=11.240267 loss=-0.126113 valid=1.0000 routes=9.412 grad=1.5746 seconds=67.1
Epoch 2858/5000: score=11.150509 loss=-0.119897 valid=1.0000 routes=9.948 grad=1.5769 seconds=67.5
Epoch 2859/5000: score=10.972491 loss=-0.117736 valid=1.0000 routes=9.852 grad=1.5724 seconds=66.9
Epoch 2860/5000: score=10.801060 loss=-0.118516 valid=1.0000 routes=9.277 grad=1.5113 seconds=67.7
Epoch 2861/5000: score=11.261631 loss=-0.127896 valid=1.0000 routes=9.509 grad=1.6167 seconds=67.4
Epoch 2862/5000: score=11.162298 loss=-0.120536 valid=1.0000 routes=9.431 grad=1.5744 seconds=67.4
Epoch 2863/5000: score=11.962007 loss=-0.132123 valid=1.0000 routes=9.811 grad=1.7560 seconds=67.5
Epoch 2864/5000: score=11.261999 loss=-0.124246 valid=1.0000 routes=10.015 grad=1.6693 seconds=67.4
Epoch 2865/5000: score=11.413965 loss=-0.120325 valid=1.0000 routes=10.367 grad=1.6721 seconds=66.6
Epoch 2866/5000: score=11.496925 loss=-0.125104 valid=1.0000 routes=9.991 grad=1.6683 seconds=67.5
Epoch 2867/5000: score=11.303095 loss=-0.118218 valid=1.0000 routes=9.903 grad=1.6535 seconds=66.9
Epoch 2868/5000: score=11.232660 loss=-0.130978 valid=1.0000 routes=9.543 grad=1.6621 seconds=67.7
Epoch 2869/5000: score=11.297742 loss=-0.129376 valid=1.0000 routes=9.616 grad=1.6712 seconds=67.5
Epoch 2870/5000: score=11.792355 loss=-0.131257 valid=1.0000 routes=10.273 grad=1.7919 seconds=67.3
Epoch 2871/5000: score=11.155769 loss=-0.123497 valid=1.0000 routes=9.852 grad=1.6038 seconds=67.6
Epoch 2872/5000: score=11.374089 loss=-0.119653 valid=1.0000 routes=9.999 grad=1.5896 seconds=67.2
Epoch 2873/5000: score=11.614362 loss=-0.115920 valid=1.0000 routes=10.392 grad=1.6980 seconds=67.4
Epoch 2874/5000: score=11.645942 loss=-0.135595 valid=1.0000 routes=9.422 grad=1.7981 seconds=67.9
Epoch 2875/5000: score=11.291646 loss=-0.129064 valid=1.0000 routes=9.688 grad=1.6478 seconds=67.4
Epoch 2876/5000: score=10.985544 loss=-0.120062 valid=1.0000 routes=9.635 grad=1.6120 seconds=67.6
Epoch 2877/5000: score=11.175270 loss=-0.119729 valid=1.0000 routes=10.136 grad=1.6459 seconds=67.6
Epoch 2878/5000: score=11.182067 loss=-0.118726 valid=1.0000 routes=10.092 grad=1.6290 seconds=67.6
Epoch 2879/5000: score=11.619089 loss=-0.120812 valid=1.0000 routes=10.265 grad=1.7295 seconds=66.6
Epoch 2880/5000: score=11.768664 loss=-0.119209 valid=1.0000 routes=10.427 grad=1.7132 seconds=66.8
Epoch 2881/5000: score=11.360124 loss=-0.118980 valid=1.0000 routes=10.156 grad=1.6583 seconds=67.0
Epoch 2882/5000: score=11.644422 loss=-0.130587 valid=1.0000 routes=9.504 grad=1.6830 seconds=67.4
Epoch 2883/5000: score=10.651615 loss=-0.124830 valid=1.0000 routes=9.215 grad=1.5077 seconds=67.7
Epoch 2884/5000: score=11.553446 loss=-0.113703 valid=1.0000 routes=10.470 grad=1.6894 seconds=67.3
Epoch 2885/5000: score=11.279238 loss=-0.126278 valid=1.0000 routes=9.582 grad=1.6556 seconds=68.1
Epoch 2886/5000: score=11.092096 loss=-0.122008 valid=1.0000 routes=9.876 grad=1.6290 seconds=67.7
Epoch 2887/5000: score=11.796453 loss=-0.127206 valid=1.0000 routes=10.319 grad=1.8157 seconds=67.6
Epoch 2888/5000: score=10.955370 loss=-0.121544 valid=1.0000 routes=9.357 grad=1.5596 seconds=67.6
Epoch 2889/5000: score=11.244196 loss=-0.116208 valid=1.0000 routes=9.691 grad=1.5721 seconds=67.1
Epoch 2890/5000: score=12.078739 loss=-0.125138 valid=1.0000 routes=10.700 grad=1.9158 seconds=67.8
Epoch 2891/5000: score=11.518431 loss=-0.123606 valid=1.0000 routes=10.171 grad=1.6988 seconds=67.2
Epoch 2892/5000: score=11.328157 loss=-0.124603 valid=1.0000 routes=10.234 grad=1.6864 seconds=67.7
Epoch 2893/5000: score=11.831354 loss=-0.120547 valid=1.0000 routes=10.672 grad=1.8223 seconds=67.3
Epoch 2894/5000: score=11.587672 loss=-0.124876 valid=1.0000 routes=10.101 grad=1.7262 seconds=67.2
Epoch 2895/5000: score=11.441412 loss=-0.118376 valid=1.0000 routes=10.356 grad=1.6518 seconds=67.4
Epoch 2896/5000: score=10.878329 loss=-0.112000 valid=1.0000 routes=9.321 grad=1.4998 seconds=67.1
Epoch 2897/5000: score=11.116643 loss=-0.121445 valid=1.0000 routes=9.753 grad=1.6233 seconds=67.4
Epoch 2898/5000: score=11.268202 loss=-0.122621 valid=1.0000 routes=9.571 grad=1.5861 seconds=67.0
Epoch 2899/5000: score=11.690581 loss=-0.127512 valid=1.0000 routes=9.636 grad=1.6767 seconds=67.6
Epoch 2900/5000: score=11.654186 loss=-0.116971 valid=1.0000 routes=10.298 grad=1.6926 seconds=67.8
Epoch 2901/5000: score=11.368811 loss=-0.123870 valid=1.0000 routes=10.035 grad=1.6994 seconds=67.0
Epoch 2902/5000: score=11.245992 loss=-0.125411 valid=1.0000 routes=9.803 grad=1.6703 seconds=67.5
Epoch 2903/5000: score=11.119958 loss=-0.117544 valid=1.0000 routes=9.383 grad=1.5617 seconds=66.8
Epoch 2904/5000: score=11.635071 loss=-0.125604 valid=1.0000 routes=10.233 grad=1.8057 seconds=67.6
Epoch 2905/5000: score=11.762313 loss=-0.123752 valid=1.0000 routes=10.202 grad=1.7963 seconds=67.4
Epoch 2906/5000: score=11.089846 loss=-0.115748 valid=1.0000 routes=10.367 grad=1.6087 seconds=67.5
Epoch 2907/5000: score=11.758226 loss=-0.128542 valid=1.0000 routes=9.775 grad=1.7627 seconds=67.8
Epoch 2908/5000: score=11.879258 loss=-0.123136 valid=1.0000 routes=10.445 grad=1.8318 seconds=67.6
Epoch 2909/5000: score=11.227242 loss=-0.119143 valid=1.0000 routes=9.604 grad=1.6096 seconds=68.2
Epoch 2910/5000: score=11.545221 loss=-0.121026 valid=1.0000 routes=10.166 grad=1.7605 seconds=67.7
Epoch 2911/5000: score=11.360394 loss=-0.119087 valid=1.0000 routes=9.975 grad=1.6564 seconds=67.4
Epoch 2912/5000: score=11.464908 loss=-0.120705 valid=1.0000 routes=10.117 grad=1.7005 seconds=67.4
Epoch 2913/5000: score=11.917628 loss=-0.124722 valid=1.0000 routes=9.959 grad=1.7879 seconds=67.6
Epoch 2914/5000: score=11.678858 loss=-0.128563 valid=1.0000 routes=10.315 grad=1.8056 seconds=67.8
Epoch 2915/5000: score=11.727888 loss=-0.115671 valid=1.0000 routes=9.886 grad=1.7031 seconds=67.2
Epoch 2916/5000: score=11.583811 loss=-0.121690 valid=1.0000 routes=9.824 grad=1.6495 seconds=67.8
Epoch 2917/5000: score=11.204488 loss=-0.118941 valid=1.0000 routes=9.881 grad=1.6553 seconds=67.9
Epoch 2918/5000: score=11.619212 loss=-0.127733 valid=1.0000 routes=10.138 grad=1.7741 seconds=67.5
Epoch 2919/5000: score=11.131424 loss=-0.115966 valid=1.0000 routes=9.681 grad=1.5689 seconds=67.5
Epoch 2920/5000: score=10.876837 loss=-0.119352 valid=1.0000 routes=9.034 grad=1.4960 seconds=66.9
Epoch 2921/5000: score=11.059459 loss=-0.119899 valid=1.0000 routes=9.386 grad=1.5842 seconds=67.8
Epoch 2922/5000: score=11.263448 loss=-0.125192 valid=1.0000 routes=9.335 grad=1.6595 seconds=67.8
Epoch 2923/5000: score=10.982714 loss=-0.122235 valid=1.0000 routes=9.460 grad=1.5668 seconds=67.8
Epoch 2924/5000: score=11.202485 loss=-0.120655 valid=1.0000 routes=9.412 grad=1.6181 seconds=67.6
Epoch 2925/5000: score=11.235529 loss=-0.121385 valid=1.0000 routes=9.605 grad=1.6055 seconds=67.4
Epoch 2926/5000: score=11.270649 loss=-0.124415 valid=1.0000 routes=9.505 grad=1.6318 seconds=67.8
Epoch 2927/5000: score=11.487865 loss=-0.120203 valid=1.0000 routes=10.045 grad=1.7070 seconds=67.8
Epoch 2928/5000: score=11.141293 loss=-0.120857 valid=1.0000 routes=9.921 grad=1.6026 seconds=68.4
Epoch 2929/5000: score=11.700918 loss=-0.120825 valid=1.0000 routes=10.434 grad=1.7211 seconds=68.3
Epoch 2930/5000: score=11.542892 loss=-0.123175 valid=1.0000 routes=9.817 grad=1.7196 seconds=67.6
Epoch 2931/5000: score=11.468535 loss=-0.117686 valid=1.0000 routes=9.621 grad=1.6226 seconds=67.8
Epoch 2932/5000: score=11.691792 loss=-0.123615 valid=1.0000 routes=10.629 grad=1.8199 seconds=67.5
Epoch 2933/5000: score=11.521994 loss=-0.119371 valid=1.0000 routes=10.559 grad=1.7850 seconds=67.7
Epoch 2934/5000: score=11.673683 loss=-0.118549 valid=1.0000 routes=10.377 grad=1.7304 seconds=68.0
Epoch 2935/5000: score=10.836968 loss=-0.122341 valid=1.0000 routes=9.451 grad=1.5572 seconds=67.7
Epoch 2936/5000: score=11.306737 loss=-0.124620 valid=1.0000 routes=9.492 grad=1.6647 seconds=67.8
Epoch 2937/5000: score=11.996943 loss=-0.123696 valid=1.0000 routes=9.778 grad=1.7711 seconds=67.5
Epoch 2938/5000: score=11.977484 loss=-0.120095 valid=1.0000 routes=10.364 grad=1.7480 seconds=67.3
Epoch 2939/5000: score=11.082441 loss=-0.119951 valid=1.0000 routes=9.969 grad=1.6280 seconds=67.4
Epoch 2940/5000: score=11.116300 loss=-0.113132 valid=1.0000 routes=9.761 grad=1.5561 seconds=67.2
>> Invalid instances, Re-generating ...
Epoch 2941/5000: score=11.661731 loss=-0.122753 valid=1.0000 routes=10.434 grad=1.7552 seconds=68.0
Epoch 2942/5000: score=11.692451 loss=-0.119784 valid=1.0000 routes=9.764 grad=1.7162 seconds=67.4
Epoch 2943/5000: score=11.347920 loss=-0.124542 valid=1.0000 routes=9.642 grad=1.6507 seconds=67.4
Epoch 2944/5000: score=11.623718 loss=-0.125236 valid=1.0000 routes=10.065 grad=1.7226 seconds=67.1
Epoch 2945/5000: score=11.707140 loss=-0.118425 valid=1.0000 routes=10.074 grad=1.7242 seconds=67.4
Epoch 2946/5000: score=11.173084 loss=-0.118665 valid=1.0000 routes=9.897 grad=1.6228 seconds=68.0
Epoch 2947/5000: score=11.850012 loss=-0.120096 valid=1.0000 routes=10.411 grad=1.7942 seconds=67.7
Epoch 2948/5000: score=11.314192 loss=-0.113525 valid=1.0000 routes=9.765 grad=1.5491 seconds=67.8
Epoch 2949/5000: score=11.376244 loss=-0.112032 valid=1.0000 routes=9.897 grad=1.5907 seconds=67.5
Epoch 2950/5000: score=11.380983 loss=-0.117189 valid=1.0000 routes=9.749 grad=1.5966 seconds=67.0
Epoch 2951/5000: score=11.229857 loss=-0.121038 valid=1.0000 routes=9.994 grad=1.6911 seconds=67.3
Epoch 2952/5000: score=11.444540 loss=-0.121083 valid=1.0000 routes=9.773 grad=1.6579 seconds=66.9
Epoch 2953/5000: score=11.085045 loss=-0.119874 valid=1.0000 routes=9.776 grad=1.6446 seconds=67.8
Epoch 2954/5000: score=11.499737 loss=-0.117093 valid=1.0000 routes=9.908 grad=1.6527 seconds=67.0
Epoch 2955/5000: score=11.526719 loss=-0.119633 valid=1.0000 routes=9.838 grad=1.6025 seconds=67.2
Epoch 2956/5000: score=11.754535 loss=-0.117036 valid=1.0000 routes=10.607 grad=1.7336 seconds=67.5
Epoch 2957/5000: score=11.396949 loss=-0.115412 valid=1.0000 routes=9.733 grad=1.6267 seconds=67.9
Epoch 2958/5000: score=11.212749 loss=-0.120692 valid=1.0000 routes=9.654 grad=1.5836 seconds=67.4
Epoch 2959/5000: score=10.495006 loss=-0.119243 valid=1.0000 routes=9.125 grad=1.4475 seconds=67.4
Epoch 2960/5000: score=11.095025 loss=-0.124944 valid=1.0000 routes=9.597 grad=1.6361 seconds=68.5
Epoch 2961/5000: score=11.483210 loss=-0.123679 valid=1.0000 routes=10.056 grad=1.7324 seconds=68.0
Epoch 2962/5000: score=10.873472 loss=-0.128198 valid=1.0000 routes=9.555 grad=1.6251 seconds=67.7
Epoch 2963/5000: score=11.159927 loss=-0.120200 valid=1.0000 routes=9.881 grad=1.5690 seconds=67.5
Epoch 2964/5000: score=10.855078 loss=-0.118784 valid=1.0000 routes=9.687 grad=1.5406 seconds=67.2
Epoch 2965/5000: score=10.604364 loss=-0.118686 valid=1.0000 routes=8.897 grad=1.4589 seconds=67.7
Epoch 2966/5000: score=11.925946 loss=-0.121621 valid=1.0000 routes=9.955 grad=1.7715 seconds=67.5
Epoch 2967/5000: score=11.212049 loss=-0.124347 valid=1.0000 routes=9.214 grad=1.6363 seconds=67.9
Epoch 2968/5000: score=11.271165 loss=-0.128323 valid=1.0000 routes=9.629 grad=1.6890 seconds=67.8
Epoch 2969/5000: score=11.824339 loss=-0.128184 valid=1.0000 routes=10.452 grad=1.8352 seconds=67.4
Epoch 2970/5000: score=11.679748 loss=-0.124797 valid=1.0000 routes=9.735 grad=1.6938 seconds=67.6
Epoch 2971/5000: score=11.164584 loss=-0.121742 valid=1.0000 routes=9.830 grad=1.6574 seconds=67.1
Epoch 2972/5000: score=11.334318 loss=-0.126276 valid=1.0000 routes=9.208 grad=1.5643 seconds=67.7
Epoch 2973/5000: score=10.560529 loss=-0.121042 valid=1.0000 routes=9.119 grad=1.4662 seconds=67.4
Epoch 2974/5000: score=11.256543 loss=-0.122466 valid=1.0000 routes=10.173 grad=1.6822 seconds=67.0
Epoch 2975/5000: score=11.381349 loss=-0.119157 valid=1.0000 routes=10.129 grad=1.6474 seconds=67.1
Epoch 2976/5000: score=11.935715 loss=-0.129355 valid=1.0000 routes=10.627 grad=1.8502 seconds=66.7
Epoch 2977/5000: score=11.533599 loss=-0.126826 valid=1.0000 routes=9.796 grad=1.7169 seconds=67.1
Epoch 2978/5000: score=11.529230 loss=-0.126070 valid=1.0000 routes=9.410 grad=1.6555 seconds=67.4
Epoch 2979/5000: score=11.508751 loss=-0.126196 valid=1.0000 routes=9.857 grad=1.7075 seconds=67.4
Epoch 2980/5000: score=11.296428 loss=-0.111878 valid=1.0000 routes=9.851 grad=1.6168 seconds=67.1
Epoch 2981/5000: score=12.182519 loss=-0.124114 valid=1.0000 routes=10.508 grad=1.8566 seconds=67.0
Epoch 2982/5000: score=11.832396 loss=-0.119774 valid=1.0000 routes=10.806 grad=1.7664 seconds=67.3
Epoch 2983/5000: score=11.701419 loss=-0.135188 valid=1.0000 routes=9.699 grad=1.8042 seconds=67.8
Epoch 2984/5000: score=11.734343 loss=-0.120335 valid=1.0000 routes=10.214 grad=1.7071 seconds=67.2
Epoch 2985/5000: score=11.750518 loss=-0.122314 valid=1.0000 routes=10.358 grad=1.7688 seconds=67.7
Epoch 2986/5000: score=11.587612 loss=-0.119920 valid=1.0000 routes=10.061 grad=1.6704 seconds=67.2
Epoch 2987/5000: score=11.416961 loss=-0.115962 valid=1.0000 routes=9.608 grad=1.6581 seconds=68.6
Epoch 2988/5000: score=11.209538 loss=-0.126708 valid=1.0000 routes=9.547 grad=1.6121 seconds=68.7
Epoch 2989/5000: score=11.882679 loss=-0.122956 valid=1.0000 routes=9.974 grad=1.7328 seconds=67.2
Epoch 2990/5000: score=11.561309 loss=-0.121636 valid=1.0000 routes=9.889 grad=1.6428 seconds=67.8
Epoch 2991/5000: score=10.953164 loss=-0.116013 valid=1.0000 routes=9.983 grad=1.5835 seconds=66.9
Epoch 2992/5000: score=11.845591 loss=-0.125249 valid=1.0000 routes=9.733 grad=1.7804 seconds=67.9
Epoch 2993/5000: score=10.838287 loss=-0.119726 valid=1.0000 routes=9.096 grad=1.4721 seconds=68.0
Epoch 2994/5000: score=11.283216 loss=-0.119697 valid=1.0000 routes=9.317 grad=1.5773 seconds=68.2
Epoch 2995/5000: score=11.583515 loss=-0.125418 valid=1.0000 routes=10.537 grad=1.7514 seconds=68.5
Epoch 2996/5000: score=11.222070 loss=-0.112725 valid=1.0000 routes=10.261 grad=1.6168 seconds=67.0
Epoch 2997/5000: score=11.496262 loss=-0.117411 valid=1.0000 routes=10.068 grad=1.7248 seconds=68.5
>> Invalid instances, Re-generating ...
Epoch 2998/5000: score=11.126863 loss=-0.118637 valid=1.0000 routes=10.245 grad=1.6789 seconds=65.5
Epoch 2999/5000: score=11.187674 loss=-0.126218 valid=1.0000 routes=9.473 grad=1.5883 seconds=64.0
Epoch 3000/5000: score=10.988360 loss=-0.120006 valid=1.0000 routes=9.461 grad=1.5530 seconds=68.0
Epoch 3001/5000: score=11.937526 loss=-0.121191 valid=1.0000 routes=10.728 grad=1.8810 seconds=68.2
Epoch 3002/5000: score=11.115266 loss=-0.120003 valid=1.0000 routes=9.051 grad=1.5450 seconds=68.5
Epoch 3003/5000: score=11.602506 loss=-0.118140 valid=1.0000 routes=10.541 grad=1.7943 seconds=68.0
Epoch 3004/5000: score=10.910692 loss=-0.125672 valid=1.0000 routes=10.188 grad=1.6530 seconds=68.2
Epoch 3005/5000: score=11.390433 loss=-0.123971 valid=1.0000 routes=9.741 grad=1.6520 seconds=68.4
Epoch 3006/5000: score=11.031366 loss=-0.119560 valid=1.0000 routes=9.578 grad=1.5997 seconds=68.0
Epoch 3007/5000: score=12.012724 loss=-0.123417 valid=1.0000 routes=10.400 grad=1.8009 seconds=68.4
Epoch 3008/5000: score=11.120336 loss=-0.114515 valid=1.0000 routes=9.974 grad=1.5808 seconds=67.6
>> Invalid instances, Re-generating ...
Epoch 3009/5000: score=10.892105 loss=-0.115455 valid=1.0000 routes=9.544 grad=1.4856 seconds=67.9
Epoch 3010/5000: score=11.719337 loss=-0.124031 valid=1.0000 routes=9.947 grad=1.7884 seconds=68.0
Epoch 3011/5000: score=11.268144 loss=-0.122488 valid=1.0000 routes=9.960 grad=1.6807 seconds=68.5
Epoch 3012/5000: score=11.927150 loss=-0.134157 valid=1.0000 routes=9.920 grad=1.8291 seconds=68.7
Epoch 3013/5000: score=11.560087 loss=-0.122818 valid=1.0000 routes=9.879 grad=1.6622 seconds=67.4
Epoch 3014/5000: score=11.767920 loss=-0.123190 valid=1.0000 routes=10.290 grad=1.7826 seconds=68.3
Epoch 3015/5000: score=11.140479 loss=-0.118295 valid=1.0000 routes=9.777 grad=1.5892 seconds=67.5
Epoch 3016/5000: score=11.553143 loss=-0.118809 valid=1.0000 routes=9.706 grad=1.6575 seconds=67.8
Epoch 3017/5000: score=11.117087 loss=-0.121550 valid=1.0000 routes=9.591 grad=1.5861 seconds=68.1
Epoch 3018/5000: score=11.562801 loss=-0.123475 valid=1.0000 routes=9.725 grad=1.6720 seconds=67.8
Epoch 3019/5000: score=11.108957 loss=-0.118151 valid=1.0000 routes=9.816 grad=1.5941 seconds=68.1
Epoch 3020/5000: score=11.362204 loss=-0.126900 valid=1.0000 routes=10.064 grad=1.6908 seconds=67.9
Epoch 3021/5000: score=11.565505 loss=-0.124263 valid=1.0000 routes=9.871 grad=1.6936 seconds=67.8
Epoch 3022/5000: score=11.296521 loss=-0.125814 valid=1.0000 routes=10.168 grad=1.7189 seconds=67.9
Epoch 3023/5000: score=11.309974 loss=-0.126626 valid=1.0000 routes=9.913 grad=1.7012 seconds=68.0
Epoch 3024/5000: score=11.908554 loss=-0.116676 valid=1.0000 routes=10.675 grad=1.7952 seconds=68.1
Epoch 3025/5000: score=11.151091 loss=-0.117638 valid=1.0000 routes=9.988 grad=1.6491 seconds=67.5
Epoch 3026/5000: score=11.227446 loss=-0.119129 valid=1.0000 routes=9.921 grad=1.6633 seconds=68.4
Epoch 3027/5000: score=11.234078 loss=-0.121661 valid=1.0000 routes=9.280 grad=1.6296 seconds=68.5
Epoch 3028/5000: score=11.294579 loss=-0.117352 valid=1.0000 routes=10.143 grad=1.6435 seconds=68.4
Epoch 3029/5000: score=11.295785 loss=-0.119642 valid=1.0000 routes=10.040 grad=1.6717 seconds=68.8
Epoch 3030/5000: score=11.498419 loss=-0.113156 valid=1.0000 routes=10.637 grad=1.7145 seconds=68.1
Epoch 3031/5000: score=11.543853 loss=-0.115840 valid=1.0000 routes=9.907 grad=1.6326 seconds=68.2
Epoch 3032/5000: score=11.436649 loss=-0.127771 valid=1.0000 routes=9.919 grad=1.7265 seconds=68.1
Epoch 3033/5000: score=11.090287 loss=-0.114936 valid=1.0000 routes=10.026 grad=1.5883 seconds=67.7
Epoch 3034/5000: score=11.792397 loss=-0.116281 valid=1.0000 routes=10.515 grad=1.7370 seconds=68.1
Epoch 3035/5000: score=11.221553 loss=-0.125269 valid=1.0000 routes=10.137 grad=1.6235 seconds=67.6
>> Invalid instances, Re-generating ...
Epoch 3036/5000: score=11.358207 loss=-0.123371 valid=1.0000 routes=9.785 grad=1.6787 seconds=68.4
Epoch 3037/5000: score=11.169629 loss=-0.119775 valid=1.0000 routes=10.313 grad=1.6949 seconds=67.8
Epoch 3038/5000: score=11.614718 loss=-0.119491 valid=1.0000 routes=9.661 grad=1.6400 seconds=67.8
Epoch 3039/5000: score=11.389879 loss=-0.121796 valid=1.0000 routes=10.082 grad=1.6261 seconds=68.0
Epoch 3040/5000: score=11.469064 loss=-0.125019 valid=1.0000 routes=9.825 grad=1.6669 seconds=68.0
Epoch 3041/5000: score=11.449656 loss=-0.116821 valid=1.0000 routes=9.812 grad=1.6726 seconds=68.0
Epoch 3042/5000: score=12.153043 loss=-0.119569 valid=1.0000 routes=10.526 grad=1.8310 seconds=67.9
Epoch 3043/5000: score=10.643871 loss=-0.123565 valid=1.0000 routes=9.173 grad=1.4661 seconds=68.3
Epoch 3044/5000: score=11.430673 loss=-0.127966 valid=1.0000 routes=10.059 grad=1.7378 seconds=68.4
Epoch 3045/5000: score=11.427875 loss=-0.123972 valid=1.0000 routes=9.808 grad=1.6711 seconds=68.0
Epoch 3046/5000: score=11.807590 loss=-0.122378 valid=1.0000 routes=9.853 grad=1.7416 seconds=68.2
Epoch 3047/5000: score=10.971006 loss=-0.118649 valid=1.0000 routes=10.002 grad=1.5653 seconds=66.5
Epoch 3048/5000: score=11.463024 loss=-0.120245 valid=1.0000 routes=10.013 grad=1.6976 seconds=67.5
Epoch 3049/5000: score=10.999816 loss=-0.115860 valid=1.0000 routes=9.581 grad=1.5314 seconds=67.9
Epoch 3050/5000: score=11.038718 loss=-0.121604 valid=1.0000 routes=9.182 grad=1.5150 seconds=68.0
Epoch 3051/5000: score=11.544866 loss=-0.121914 valid=1.0000 routes=9.701 grad=1.6901 seconds=68.4
Epoch 3052/5000: score=11.313057 loss=-0.123154 valid=1.0000 routes=10.134 grad=1.7088 seconds=68.1
Epoch 3053/5000: score=11.508999 loss=-0.122823 valid=1.0000 routes=9.836 grad=1.6873 seconds=67.9
Epoch 3054/5000: score=11.521348 loss=-0.126694 valid=1.0000 routes=9.947 grad=1.7721 seconds=68.5
Epoch 3055/5000: score=11.267547 loss=-0.116467 valid=1.0000 routes=10.146 grad=1.6199 seconds=68.0
Epoch 3056/5000: score=11.649715 loss=-0.120067 valid=1.0000 routes=10.224 grad=1.7623 seconds=68.7
Epoch 3057/5000: score=11.537973 loss=-0.127459 valid=1.0000 routes=9.721 grad=1.7598 seconds=68.2
Epoch 3058/5000: score=11.824058 loss=-0.123784 valid=1.0000 routes=10.293 grad=1.7656 seconds=67.9
Epoch 3059/5000: score=11.712355 loss=-0.129090 valid=1.0000 routes=9.927 grad=1.7216 seconds=68.3
>> Invalid instances, Re-generating ...
Epoch 3060/5000: score=10.996866 loss=-0.119276 valid=1.0000 routes=9.529 grad=1.5416 seconds=67.8
Epoch 3061/5000: score=11.889886 loss=-0.112142 valid=1.0000 routes=10.344 grad=1.7459 seconds=67.9
Epoch 3062/5000: score=11.741747 loss=-0.120570 valid=1.0000 routes=10.215 grad=1.7722 seconds=65.4
Epoch 3063/5000: score=11.711286 loss=-0.120197 valid=1.0000 routes=10.430 grad=1.7731 seconds=68.2
Epoch 3064/5000: score=11.550812 loss=-0.123693 valid=1.0000 routes=9.959 grad=1.7585 seconds=68.3
Epoch 3065/5000: score=11.119819 loss=-0.115970 valid=1.0000 routes=9.938 grad=1.5758 seconds=67.7
Epoch 3066/5000: score=12.062720 loss=-0.123299 valid=1.0000 routes=10.268 grad=1.7898 seconds=67.5
Epoch 3067/5000: score=11.099287 loss=-0.124771 valid=1.0000 routes=9.620 grad=1.6054 seconds=67.4
Epoch 3068/5000: score=11.405200 loss=-0.125229 valid=1.0000 routes=9.801 grad=1.7032 seconds=68.1
Epoch 3069/5000: score=11.966749 loss=-0.121800 valid=1.0000 routes=10.017 grad=1.7976 seconds=67.8
Epoch 3070/5000: score=11.467045 loss=-0.125584 valid=1.0000 routes=9.552 grad=1.6246 seconds=68.3
Epoch 3071/5000: score=11.327112 loss=-0.129487 valid=1.0000 routes=9.302 grad=1.6610 seconds=68.6
Epoch 3072/5000: score=10.669946 loss=-0.111756 valid=1.0000 routes=9.300 grad=1.3911 seconds=67.0
Epoch 3073/5000: score=11.621127 loss=-0.122707 valid=1.0000 routes=10.431 grad=1.7949 seconds=68.6
Epoch 3074/5000: score=11.175456 loss=-0.122849 valid=1.0000 routes=10.297 grad=1.6835 seconds=67.7
Epoch 3075/5000: score=11.788860 loss=-0.121181 valid=1.0000 routes=10.237 grad=1.7452 seconds=67.3
Epoch 3076/5000: score=11.127419 loss=-0.118206 valid=1.0000 routes=9.673 grad=1.5801 seconds=68.4
Epoch 3077/5000: score=11.178495 loss=-0.121487 valid=1.0000 routes=10.197 grad=1.7106 seconds=67.5
Epoch 3078/5000: score=11.250769 loss=-0.120490 valid=1.0000 routes=9.703 grad=1.6076 seconds=67.9
Epoch 3079/5000: score=11.865214 loss=-0.124236 valid=1.0000 routes=10.600 grad=1.8533 seconds=67.9
Epoch 3080/5000: score=11.662024 loss=-0.120974 valid=1.0000 routes=10.240 grad=1.7967 seconds=68.1
Epoch 3081/5000: score=11.301648 loss=-0.112779 valid=1.0000 routes=10.315 grad=1.6636 seconds=68.0
Epoch 3082/5000: score=11.438022 loss=-0.124544 valid=1.0000 routes=9.966 grad=1.7349 seconds=68.2
Epoch 3083/5000: score=11.901910 loss=-0.116392 valid=1.0000 routes=10.218 grad=1.7343 seconds=68.1
Epoch 3084/5000: score=11.343300 loss=-0.127517 valid=1.0000 routes=9.900 grad=1.6669 seconds=67.8
Epoch 3085/5000: score=11.615781 loss=-0.121317 valid=1.0000 routes=9.624 grad=1.6437 seconds=67.7
Epoch 3086/5000: score=11.068242 loss=-0.117634 valid=1.0000 routes=9.982 grad=1.6469 seconds=67.9
Epoch 3087/5000: score=11.386100 loss=-0.136668 valid=1.0000 routes=9.692 grad=1.7888 seconds=67.9
Epoch 3088/5000: score=11.107078 loss=-0.119195 valid=1.0000 routes=9.601 grad=1.5861 seconds=68.1
Epoch 3089/5000: score=11.495777 loss=-0.118635 valid=1.0000 routes=10.161 grad=1.7027 seconds=67.5
Epoch 3090/5000: score=11.379682 loss=-0.120793 valid=1.0000 routes=9.632 grad=1.6280 seconds=68.2
Epoch 3091/5000: score=11.951694 loss=-0.119146 valid=1.0000 routes=10.208 grad=1.7484 seconds=68.2
Epoch 3092/5000: score=11.684510 loss=-0.125903 valid=1.0000 routes=10.164 grad=1.7605 seconds=67.6
Epoch 3093/5000: score=11.280222 loss=-0.125089 valid=1.0000 routes=10.092 grad=1.6542 seconds=68.2
Epoch 3094/5000: score=11.424685 loss=-0.127041 valid=1.0000 routes=9.770 grad=1.6916 seconds=68.2
Epoch 3095/5000: score=11.278760 loss=-0.113489 valid=1.0000 routes=10.463 grad=1.6722 seconds=68.6
Epoch 3096/5000: score=11.705269 loss=-0.118690 valid=1.0000 routes=9.883 grad=1.7150 seconds=68.3
Epoch 3097/5000: score=11.958712 loss=-0.125307 valid=1.0000 routes=10.245 grad=1.7971 seconds=68.0
Epoch 3098/5000: score=11.585585 loss=-0.129279 valid=1.0000 routes=10.013 grad=1.7428 seconds=68.2
Epoch 3099/5000: score=11.436860 loss=-0.124574 valid=1.0000 routes=9.874 grad=1.6756 seconds=67.6
Epoch 3100/5000: score=11.286366 loss=-0.121068 valid=1.0000 routes=9.932 grad=1.6597 seconds=69.0
Epoch 3101/5000: score=11.401952 loss=-0.125213 valid=1.0000 routes=9.923 grad=1.6668 seconds=68.1
Epoch 3102/5000: score=11.495867 loss=-0.118238 valid=1.0000 routes=10.091 grad=1.6784 seconds=68.4
Epoch 3103/5000: score=11.766572 loss=-0.119072 valid=1.0000 routes=10.410 grad=1.7442 seconds=68.3
Epoch 3104/5000: score=11.080158 loss=-0.125763 valid=1.0000 routes=9.814 grad=1.6460 seconds=68.4
Epoch 3105/5000: score=11.303893 loss=-0.123021 valid=1.0000 routes=9.531 grad=1.6130 seconds=68.0
Epoch 3106/5000: score=11.150597 loss=-0.115734 valid=1.0000 routes=9.667 grad=1.5890 seconds=67.7
Epoch 3107/5000: score=11.208476 loss=-0.115857 valid=1.0000 routes=9.949 grad=1.6021 seconds=67.8
Epoch 3108/5000: score=11.088368 loss=-0.114045 valid=1.0000 routes=9.837 grad=1.6043 seconds=67.8
Epoch 3109/5000: score=11.595800 loss=-0.125067 valid=1.0000 routes=9.964 grad=1.7046 seconds=68.1
Epoch 3110/5000: score=11.601353 loss=-0.115559 valid=1.0000 routes=10.175 grad=1.6194 seconds=67.8
Epoch 3111/5000: score=11.173924 loss=-0.110845 valid=1.0000 routes=10.405 grad=1.6108 seconds=68.0
Epoch 3112/5000: score=11.550536 loss=-0.123710 valid=1.0000 routes=9.679 grad=1.7067 seconds=68.7
Epoch 3113/5000: score=11.452079 loss=-0.122727 valid=1.0000 routes=9.704 grad=1.6540 seconds=68.7
Epoch 3114/5000: score=11.778097 loss=-0.129185 valid=1.0000 routes=10.032 grad=1.8250 seconds=68.3
Epoch 3115/5000: score=11.395906 loss=-0.120264 valid=1.0000 routes=9.665 grad=1.6040 seconds=68.4
Epoch 3116/5000: score=11.578139 loss=-0.117315 valid=1.0000 routes=10.132 grad=1.6775 seconds=68.4
>> Invalid instances, Re-generating ...
Epoch 3117/5000: score=11.405032 loss=-0.118784 valid=1.0000 routes=9.913 grad=1.6578 seconds=68.3
>> Invalid instances, Re-generating ...
Epoch 3118/5000: score=11.692586 loss=-0.122358 valid=1.0000 routes=10.347 grad=1.7281 seconds=68.5
Epoch 3119/5000: score=11.328321 loss=-0.114081 valid=1.0000 routes=10.446 grad=1.6412 seconds=67.6
Epoch 3120/5000: score=11.127977 loss=-0.121061 valid=1.0000 routes=9.657 grad=1.6341 seconds=68.8
Epoch 3121/5000: score=11.628717 loss=-0.120568 valid=1.0000 routes=10.528 grad=1.7479 seconds=68.2
Epoch 3122/5000: score=11.380047 loss=-0.118880 valid=1.0000 routes=9.574 grad=1.5847 seconds=68.0
Epoch 3123/5000: score=11.496431 loss=-0.120272 valid=1.0000 routes=10.031 grad=1.6409 seconds=68.9
Epoch 3124/5000: score=11.411931 loss=-0.127731 valid=1.0000 routes=9.601 grad=1.6916 seconds=68.6
Epoch 3125/5000: score=11.023290 loss=-0.120079 valid=1.0000 routes=9.650 grad=1.6135 seconds=69.6
Epoch 3126/5000: score=11.671496 loss=-0.113743 valid=1.0000 routes=10.376 grad=1.7269 seconds=69.1
Epoch 3127/5000: score=11.310896 loss=-0.121727 valid=1.0000 routes=9.346 grad=1.6088 seconds=68.6
Epoch 3128/5000: score=11.632323 loss=-0.123989 valid=1.0000 routes=10.082 grad=1.7822 seconds=69.5
Epoch 3129/5000: score=10.686468 loss=-0.125032 valid=1.0000 routes=9.137 grad=1.5269 seconds=68.4
Epoch 3130/5000: score=11.383714 loss=-0.122146 valid=1.0000 routes=9.903 grad=1.6447 seconds=68.2
Epoch 3131/5000: score=11.825580 loss=-0.123591 valid=1.0000 routes=9.977 grad=1.7566 seconds=68.6
Epoch 3132/5000: score=10.937614 loss=-0.117582 valid=1.0000 routes=10.004 grad=1.6063 seconds=67.9
Epoch 3133/5000: score=11.745537 loss=-0.122686 valid=1.0000 routes=9.914 grad=1.7158 seconds=68.5
Epoch 3134/5000: score=11.651712 loss=-0.111383 valid=1.0000 routes=10.229 grad=1.6836 seconds=67.4
Epoch 3135/5000: score=12.008159 loss=-0.125044 valid=1.0000 routes=10.064 grad=1.7754 seconds=68.2
Epoch 3136/5000: score=11.381684 loss=-0.123029 valid=1.0000 routes=9.489 grad=1.6021 seconds=68.2
Epoch 3137/5000: score=11.486846 loss=-0.117286 valid=1.0000 routes=9.596 grad=1.6347 seconds=68.4
Epoch 3138/5000: score=11.623426 loss=-0.114006 valid=1.0000 routes=10.301 grad=1.7211 seconds=68.3
Epoch 3139/5000: score=11.236859 loss=-0.123109 valid=1.0000 routes=9.406 grad=1.6176 seconds=68.1
Epoch 3140/5000: score=11.705348 loss=-0.117428 valid=1.0000 routes=9.848 grad=1.6403 seconds=67.9
Epoch 3141/5000: score=11.395424 loss=-0.117956 valid=1.0000 routes=10.248 grad=1.6812 seconds=68.4
Epoch 3142/5000: score=11.237081 loss=-0.115853 valid=1.0000 routes=10.397 grad=1.6378 seconds=67.5
Epoch 3143/5000: score=11.026942 loss=-0.119744 valid=1.0000 routes=9.351 grad=1.5983 seconds=68.8
Epoch 3144/5000: score=11.223119 loss=-0.115721 valid=1.0000 routes=10.063 grad=1.5614 seconds=67.9
Epoch 3145/5000: score=11.311822 loss=-0.131121 valid=1.0000 routes=9.851 grad=1.7039 seconds=68.2
Epoch 3146/5000: score=11.320082 loss=-0.125194 valid=1.0000 routes=10.138 grad=1.7276 seconds=66.8
Epoch 3147/5000: score=10.839137 loss=-0.119538 valid=1.0000 routes=9.565 grad=1.5275 seconds=68.2
Epoch 3148/5000: score=10.996252 loss=-0.121659 valid=1.0000 routes=9.522 grad=1.5842 seconds=68.7
Epoch 3149/5000: score=11.239771 loss=-0.118838 valid=1.0000 routes=10.044 grad=1.6193 seconds=65.9
Epoch 3150/5000: score=11.564364 loss=-0.120744 valid=1.0000 routes=10.167 grad=1.6745 seconds=67.9
Epoch 3151/5000: score=11.524359 loss=-0.121703 valid=1.0000 routes=10.114 grad=1.7014 seconds=68.0
Epoch 3152/5000: score=11.462852 loss=-0.124361 valid=1.0000 routes=9.667 grad=1.6629 seconds=68.3
Epoch 3153/5000: score=11.145254 loss=-0.122957 valid=1.0000 routes=9.986 grad=1.6964 seconds=68.8
Epoch 3154/5000: score=11.391855 loss=-0.123496 valid=1.0000 routes=9.279 grad=1.6069 seconds=67.6
Epoch 3155/5000: score=11.224118 loss=-0.116762 valid=1.0000 routes=10.588 grad=1.7331 seconds=68.6
Epoch 3156/5000: score=11.287537 loss=-0.117139 valid=1.0000 routes=9.595 grad=1.5651 seconds=68.4
Epoch 3157/5000: score=11.455313 loss=-0.127591 valid=1.0000 routes=9.924 grad=1.7476 seconds=68.6
Epoch 3158/5000: score=11.143018 loss=-0.123927 valid=1.0000 routes=9.489 grad=1.5905 seconds=69.0
Epoch 3159/5000: score=11.648097 loss=-0.119818 valid=1.0000 routes=10.065 grad=1.7385 seconds=63.8
Epoch 3160/5000: score=11.379622 loss=-0.120600 valid=1.0000 routes=9.872 grad=1.6855 seconds=66.1
Epoch 3161/5000: score=11.500146 loss=-0.126929 valid=1.0000 routes=9.884 grad=1.7360 seconds=68.5
Epoch 3162/5000: score=10.783043 loss=-0.113576 valid=1.0000 routes=9.567 grad=1.4817 seconds=68.2
Epoch 3163/5000: score=11.358704 loss=-0.119905 valid=1.0000 routes=9.933 grad=1.6493 seconds=68.4
Epoch 3164/5000: score=11.369832 loss=-0.131481 valid=1.0000 routes=9.299 grad=1.6718 seconds=69.0
Epoch 3165/5000: score=10.903309 loss=-0.119733 valid=1.0000 routes=9.845 grad=1.5963 seconds=68.4
Epoch 3166/5000: score=11.226210 loss=-0.126804 valid=1.0000 routes=9.746 grad=1.6352 seconds=68.2
Epoch 3167/5000: score=11.320524 loss=-0.123848 valid=1.0000 routes=9.820 grad=1.7342 seconds=64.4
Epoch 3168/5000: score=11.334170 loss=-0.116101 valid=1.0000 routes=9.836 grad=1.6112 seconds=65.4
Epoch 3169/5000: score=11.528285 loss=-0.128214 valid=1.0000 routes=9.369 grad=1.7234 seconds=66.2
Epoch 3170/5000: score=11.511104 loss=-0.120679 valid=1.0000 routes=9.842 grad=1.6194 seconds=66.8
Epoch 3171/5000: score=11.761884 loss=-0.121774 valid=1.0000 routes=10.712 grad=1.7655 seconds=66.3
Epoch 3172/5000: score=11.266290 loss=-0.116175 valid=1.0000 routes=9.850 grad=1.6165 seconds=64.2
Epoch 3173/5000: score=10.852652 loss=-0.111226 valid=1.0000 routes=9.933 grad=1.5104 seconds=65.6
Epoch 3174/5000: score=12.444652 loss=-0.122694 valid=1.0000 routes=10.387 grad=1.8441 seconds=65.9
Epoch 3175/5000: score=11.457617 loss=-0.125474 valid=1.0000 routes=9.576 grad=1.7015 seconds=66.6
Epoch 3176/5000: score=11.591482 loss=-0.124435 valid=1.0000 routes=10.274 grad=1.7426 seconds=65.7
Epoch 3177/5000: score=11.226733 loss=-0.124764 valid=1.0000 routes=10.189 grad=1.6645 seconds=67.0
Epoch 3178/5000: score=11.830873 loss=-0.124194 valid=1.0000 routes=10.092 grad=1.7682 seconds=66.7
Epoch 3179/5000: score=11.349558 loss=-0.123936 valid=1.0000 routes=9.733 grad=1.6952 seconds=66.8
Epoch 3180/5000: score=11.482094 loss=-0.125384 valid=1.0000 routes=9.964 grad=1.7173 seconds=66.8
Epoch 3181/5000: score=11.296886 loss=-0.120193 valid=1.0000 routes=9.799 grad=1.6419 seconds=66.8
Epoch 3182/5000: score=11.216822 loss=-0.125274 valid=1.0000 routes=9.802 grad=1.6459 seconds=67.0
Epoch 3183/5000: score=11.160172 loss=-0.116504 valid=1.0000 routes=9.912 grad=1.5388 seconds=66.2
Epoch 3184/5000: score=11.596663 loss=-0.124106 valid=1.0000 routes=9.851 grad=1.6854 seconds=66.6
Epoch 3185/5000: score=11.536728 loss=-0.111433 valid=1.0000 routes=10.464 grad=1.6819 seconds=66.3
Epoch 3186/5000: score=11.449958 loss=-0.115450 valid=1.0000 routes=10.109 grad=1.6817 seconds=66.4
Epoch 3187/5000: score=11.098327 loss=-0.126282 valid=1.0000 routes=9.439 grad=1.6094 seconds=66.8
Epoch 3188/5000: score=11.298358 loss=-0.126752 valid=1.0000 routes=9.712 grad=1.6709 seconds=66.2
Epoch 3189/5000: score=11.584224 loss=-0.117327 valid=1.0000 routes=10.156 grad=1.6471 seconds=66.7
Epoch 3190/5000: score=10.626144 loss=-0.124839 valid=1.0000 routes=9.092 grad=1.4951 seconds=66.8
Epoch 3191/5000: score=11.561861 loss=-0.119004 valid=1.0000 routes=10.197 grad=1.7210 seconds=66.2
Epoch 3192/5000: score=11.685349 loss=-0.122925 valid=1.0000 routes=9.927 grad=1.7142 seconds=66.9
Epoch 3193/5000: score=11.526745 loss=-0.127356 valid=1.0000 routes=9.688 grad=1.6903 seconds=65.9
Epoch 3194/5000: score=11.046671 loss=-0.117647 valid=1.0000 routes=9.737 grad=1.5482 seconds=66.6
Epoch 3195/5000: score=11.860717 loss=-0.124551 valid=1.0000 routes=10.323 grad=1.7989 seconds=66.3
Epoch 3196/5000: score=11.311190 loss=-0.122165 valid=1.0000 routes=9.847 grad=1.6759 seconds=65.9
Epoch 3197/5000: score=11.370771 loss=-0.127342 valid=1.0000 routes=9.514 grad=1.6733 seconds=66.8
Epoch 3198/5000: score=11.756136 loss=-0.119016 valid=1.0000 routes=10.241 grad=1.7229 seconds=65.8
Epoch 3199/5000: score=12.000545 loss=-0.128575 valid=1.0000 routes=10.017 grad=1.8347 seconds=66.6
Epoch 3200/5000: score=11.363010 loss=-0.118134 valid=1.0000 routes=9.957 grad=1.6592 seconds=66.2
Epoch 3201/5000: score=11.197247 loss=-0.118782 valid=1.0000 routes=9.900 grad=1.6372 seconds=66.1
Epoch 3202/5000: score=10.647755 loss=-0.118830 valid=1.0000 routes=9.429 grad=1.5208 seconds=66.6
Epoch 3203/5000: score=10.940737 loss=-0.114207 valid=1.0000 routes=9.285 grad=1.5163 seconds=66.5
Epoch 3204/5000: score=10.919122 loss=-0.117427 valid=1.0000 routes=9.189 grad=1.5457 seconds=65.0
Epoch 3205/5000: score=11.579063 loss=-0.115132 valid=1.0000 routes=10.168 grad=1.6924 seconds=64.0
Epoch 3206/5000: score=11.338459 loss=-0.119751 valid=1.0000 routes=9.871 grad=1.6627 seconds=66.5
Epoch 3207/5000: score=11.417897 loss=-0.119136 valid=1.0000 routes=10.057 grad=1.6813 seconds=66.6
Epoch 3208/5000: score=10.989063 loss=-0.120568 valid=1.0000 routes=10.011 grad=1.6751 seconds=66.3
Epoch 3209/5000: score=11.312070 loss=-0.120067 valid=1.0000 routes=9.859 grad=1.6639 seconds=66.5
Epoch 3210/5000: score=11.614195 loss=-0.112772 valid=1.0000 routes=10.764 grad=1.7390 seconds=65.5
Epoch 3211/5000: score=11.325833 loss=-0.120231 valid=1.0000 routes=9.989 grad=1.6605 seconds=66.6
Epoch 3212/5000: score=10.971863 loss=-0.114853 valid=1.0000 routes=9.624 grad=1.5402 seconds=66.3
Epoch 3213/5000: score=11.568179 loss=-0.120779 valid=1.0000 routes=10.379 grad=1.7901 seconds=66.1
Epoch 3214/5000: score=11.262061 loss=-0.126001 valid=1.0000 routes=9.558 grad=1.6377 seconds=66.6
Epoch 3215/5000: score=11.238221 loss=-0.117310 valid=1.0000 routes=10.006 grad=1.6436 seconds=66.1
Epoch 3216/5000: score=11.245182 loss=-0.124581 valid=1.0000 routes=9.407 grad=1.6452 seconds=66.7
Epoch 3217/5000: score=11.441594 loss=-0.118921 valid=1.0000 routes=9.922 grad=1.7081 seconds=66.5
Epoch 3218/5000: score=11.151657 loss=-0.124736 valid=1.0000 routes=10.089 grad=1.7058 seconds=66.1
Epoch 3219/5000: score=11.706077 loss=-0.123357 valid=1.0000 routes=9.980 grad=1.7542 seconds=66.8
Epoch 3220/5000: score=11.085744 loss=-0.116026 valid=1.0000 routes=10.116 grad=1.5871 seconds=65.4
Epoch 3221/5000: score=11.420680 loss=-0.122800 valid=1.0000 routes=10.318 grad=1.7195 seconds=66.6
Epoch 3222/5000: score=11.511724 loss=-0.125134 valid=1.0000 routes=9.600 grad=1.6312 seconds=66.4
Epoch 3223/5000: score=11.350971 loss=-0.122798 valid=1.0000 routes=9.790 grad=1.6613 seconds=66.4
Epoch 3224/5000: score=11.468351 loss=-0.123844 valid=1.0000 routes=10.055 grad=1.7404 seconds=66.8
Epoch 3225/5000: score=11.320633 loss=-0.124488 valid=1.0000 routes=9.525 grad=1.6285 seconds=66.0
Epoch 3226/5000: score=11.202568 loss=-0.115406 valid=1.0000 routes=10.015 grad=1.6375 seconds=66.7
Epoch 3227/5000: score=11.319279 loss=-0.126171 valid=1.0000 routes=9.530 grad=1.6119 seconds=66.0
Epoch 3228/5000: score=11.206894 loss=-0.118757 valid=1.0000 routes=10.258 grad=1.7205 seconds=66.3
>> Invalid instances, Re-generating ...
Epoch 3229/5000: score=11.435538 loss=-0.126447 valid=1.0000 routes=9.527 grad=1.6357 seconds=66.6
Epoch 3230/5000: score=11.927233 loss=-0.118856 valid=1.0000 routes=10.421 grad=1.7310 seconds=65.9
Epoch 3231/5000: score=11.780091 loss=-0.121473 valid=1.0000 routes=9.692 grad=1.7517 seconds=66.4
Epoch 3232/5000: score=11.814724 loss=-0.120818 valid=1.0000 routes=9.853 grad=1.7398 seconds=66.0
Epoch 3233/5000: score=11.588350 loss=-0.118887 valid=1.0000 routes=10.213 grad=1.6704 seconds=66.0
Epoch 3234/5000: score=11.743764 loss=-0.120447 valid=1.0000 routes=10.423 grad=1.7651 seconds=65.8
Epoch 3235/5000: score=11.382627 loss=-0.127219 valid=1.0000 routes=9.980 grad=1.7142 seconds=65.8
Epoch 3236/5000: score=11.179630 loss=-0.121967 valid=1.0000 routes=9.612 grad=1.6007 seconds=66.5
Epoch 3237/5000: score=11.402322 loss=-0.122787 valid=1.0000 routes=9.604 grad=1.6843 seconds=66.0
Epoch 3238/5000: score=11.532947 loss=-0.117202 valid=1.0000 routes=10.254 grad=1.6685 seconds=66.0
Epoch 3239/5000: score=10.882823 loss=-0.120898 valid=1.0000 routes=9.519 grad=1.5465 seconds=65.5
Epoch 3240/5000: score=12.019531 loss=-0.121208 valid=1.0000 routes=9.734 grad=1.7106 seconds=65.9
Epoch 3241/5000: score=11.448939 loss=-0.115417 valid=1.0000 routes=9.777 grad=1.6193 seconds=65.7
Epoch 3242/5000: score=11.596936 loss=-0.125136 valid=1.0000 routes=10.050 grad=1.7347 seconds=65.2
Epoch 3243/5000: score=11.021066 loss=-0.113132 valid=1.0000 routes=10.276 grad=1.5571 seconds=65.6
Epoch 3244/5000: score=11.453033 loss=-0.119360 valid=1.0000 routes=9.852 grad=1.6632 seconds=65.3
Epoch 3245/5000: score=11.454168 loss=-0.126675 valid=1.0000 routes=9.907 grad=1.7101 seconds=66.1
Epoch 3246/5000: score=11.962952 loss=-0.122232 valid=1.0000 routes=10.205 grad=1.7984 seconds=66.5
Epoch 3247/5000: score=11.145218 loss=-0.119227 valid=1.0000 routes=10.096 grad=1.6194 seconds=65.8
Epoch 3248/5000: score=11.252022 loss=-0.114609 valid=1.0000 routes=9.903 grad=1.6047 seconds=66.4
Epoch 3249/5000: score=11.531519 loss=-0.117614 valid=1.0000 routes=10.073 grad=1.7132 seconds=66.2
Epoch 3250/5000: score=11.010933 loss=-0.122023 valid=1.0000 routes=9.844 grad=1.6557 seconds=66.3
Epoch 3251/5000: score=11.394814 loss=-0.117527 valid=1.0000 routes=9.921 grad=1.6723 seconds=66.2
Epoch 3252/5000: score=11.501244 loss=-0.118867 valid=1.0000 routes=10.503 grad=1.7248 seconds=66.0
Epoch 3253/5000: score=11.338461 loss=-0.117184 valid=1.0000 routes=9.776 grad=1.6230 seconds=66.4
Epoch 3254/5000: score=11.341885 loss=-0.116341 valid=1.0000 routes=9.900 grad=1.6273 seconds=66.0
Epoch 3255/5000: score=11.012780 loss=-0.118471 valid=1.0000 routes=9.966 grad=1.5919 seconds=66.1
Epoch 3256/5000: score=11.206503 loss=-0.120225 valid=1.0000 routes=9.513 grad=1.6287 seconds=66.2
Epoch 3257/5000: score=11.512453 loss=-0.124896 valid=1.0000 routes=10.017 grad=1.7520 seconds=65.9
Epoch 3258/5000: score=11.956123 loss=-0.122014 valid=1.0000 routes=10.431 grad=1.7969 seconds=65.7
Epoch 3259/5000: score=11.830579 loss=-0.127865 valid=1.0000 routes=10.365 grad=1.7977 seconds=65.5
Epoch 3260/5000: score=11.708279 loss=-0.127820 valid=1.0000 routes=9.366 grad=1.7045 seconds=66.2
Epoch 3261/5000: score=11.206835 loss=-0.128126 valid=1.0000 routes=9.333 grad=1.5992 seconds=66.1
Epoch 3262/5000: score=11.712204 loss=-0.116837 valid=1.0000 routes=10.275 grad=1.7430 seconds=65.4
Epoch 3263/5000: score=11.573645 loss=-0.126468 valid=1.0000 routes=10.300 grad=1.7545 seconds=65.6
Epoch 3264/5000: score=11.288290 loss=-0.113075 valid=1.0000 routes=9.665 grad=1.5856 seconds=65.0
Epoch 3265/5000: score=11.209080 loss=-0.122732 valid=1.0000 routes=9.730 grad=1.6039 seconds=65.6
Epoch 3266/5000: score=11.303369 loss=-0.117681 valid=1.0000 routes=9.584 grad=1.5805 seconds=65.2
Epoch 3267/5000: score=11.213146 loss=-0.115549 valid=1.0000 routes=9.664 grad=1.5826 seconds=65.1
Epoch 3268/5000: score=11.796796 loss=-0.119263 valid=1.0000 routes=10.018 grad=1.7298 seconds=65.5
Epoch 3269/5000: score=11.573201 loss=-0.122582 valid=1.0000 routes=9.872 grad=1.6738 seconds=65.4
Epoch 3270/5000: score=11.149578 loss=-0.117145 valid=1.0000 routes=9.613 grad=1.5573 seconds=65.7
Epoch 3271/5000: score=11.013749 loss=-0.110991 valid=1.0000 routes=10.100 grad=1.5688 seconds=65.2
Epoch 3272/5000: score=11.766759 loss=-0.120100 valid=1.0000 routes=10.070 grad=1.7754 seconds=65.6
Epoch 3273/5000: score=11.919283 loss=-0.119746 valid=1.0000 routes=10.660 grad=1.8124 seconds=65.4
Epoch 3274/5000: score=10.926513 loss=-0.119992 valid=1.0000 routes=9.825 grad=1.5677 seconds=65.4
Epoch 3275/5000: score=11.147735 loss=-0.112692 valid=1.0000 routes=10.102 grad=1.5873 seconds=65.6
Epoch 3276/5000: score=10.864589 loss=-0.112922 valid=1.0000 routes=9.958 grad=1.5339 seconds=65.0
Epoch 3277/5000: score=11.090415 loss=-0.124719 valid=1.0000 routes=9.129 grad=1.5932 seconds=66.1
Epoch 3278/5000: score=11.006355 loss=-0.122526 valid=1.0000 routes=9.140 grad=1.5792 seconds=66.0
Epoch 3279/5000: score=11.411680 loss=-0.123431 valid=1.0000 routes=10.037 grad=1.6674 seconds=65.7
Epoch 3280/5000: score=11.713722 loss=-0.123739 valid=1.0000 routes=10.372 grad=1.7545 seconds=65.8
Epoch 3281/5000: score=11.478344 loss=-0.119488 valid=1.0000 routes=9.787 grad=1.6225 seconds=65.0
Epoch 3282/5000: score=11.463786 loss=-0.121936 valid=1.0000 routes=9.645 grad=1.6273 seconds=65.6
Epoch 3283/5000: score=11.009415 loss=-0.118337 valid=1.0000 routes=9.860 grad=1.5778 seconds=65.2
Epoch 3284/5000: score=11.159054 loss=-0.117339 valid=1.0000 routes=10.096 grad=1.6463 seconds=65.5
Epoch 3285/5000: score=11.828520 loss=-0.115551 valid=1.0000 routes=10.634 grad=1.7491 seconds=65.6
Epoch 3286/5000: score=11.753569 loss=-0.116506 valid=1.0000 routes=10.388 grad=1.7948 seconds=65.3
Epoch 3287/5000: score=11.477364 loss=-0.120594 valid=1.0000 routes=9.762 grad=1.6582 seconds=65.7
Epoch 3288/5000: score=10.853322 loss=-0.115305 valid=1.0000 routes=9.929 grad=1.5693 seconds=65.5
Epoch 3289/5000: score=11.610603 loss=-0.118533 valid=1.0000 routes=9.524 grad=1.6647 seconds=65.8
Epoch 3290/5000: score=11.652864 loss=-0.121248 valid=1.0000 routes=10.363 grad=1.7407 seconds=65.7
Epoch 3291/5000: score=11.913665 loss=-0.126570 valid=1.0000 routes=10.242 grad=1.8085 seconds=66.2
Epoch 3292/5000: score=11.921757 loss=-0.121811 valid=1.0000 routes=10.401 grad=1.7884 seconds=66.2
Epoch 3293/5000: score=11.193034 loss=-0.120021 valid=1.0000 routes=9.220 grad=1.5453 seconds=65.8
Epoch 3294/5000: score=11.479463 loss=-0.119761 valid=1.0000 routes=9.760 grad=1.6166 seconds=66.4
Epoch 3295/5000: score=11.854359 loss=-0.126456 valid=1.0000 routes=10.306 grad=1.7936 seconds=66.1
Epoch 3296/5000: score=10.736600 loss=-0.116218 valid=1.0000 routes=9.518 grad=1.5004 seconds=66.0
Epoch 3297/5000: score=12.086867 loss=-0.121605 valid=1.0000 routes=9.834 grad=1.7580 seconds=66.1
Epoch 3298/5000: score=11.749634 loss=-0.125367 valid=1.0000 routes=9.773 grad=1.7335 seconds=65.8
Epoch 3299/5000: score=11.701599 loss=-0.116366 valid=1.0000 routes=10.047 grad=1.6974 seconds=66.1
Epoch 3300/5000: score=11.766248 loss=-0.123255 valid=1.0000 routes=10.023 grad=1.7302 seconds=66.1
Epoch 3301/5000: score=11.508644 loss=-0.121899 valid=1.0000 routes=9.871 grad=1.6403 seconds=65.5
Epoch 3302/5000: score=11.159134 loss=-0.116936 valid=1.0000 routes=9.604 grad=1.5495 seconds=65.7
Epoch 3303/5000: score=11.582888 loss=-0.118860 valid=1.0000 routes=10.533 grad=1.7734 seconds=65.1
Epoch 3304/5000: score=11.709255 loss=-0.125392 valid=1.0000 routes=10.311 grad=1.7827 seconds=65.9
Epoch 3305/5000: score=11.499783 loss=-0.116321 valid=1.0000 routes=10.148 grad=1.6584 seconds=65.2
Epoch 3306/5000: score=11.711360 loss=-0.123976 valid=1.0000 routes=10.233 grad=1.7317 seconds=65.9
Epoch 3307/5000: score=11.639436 loss=-0.126863 valid=1.0000 routes=10.069 grad=1.7002 seconds=65.8
Epoch 3308/5000: score=11.193637 loss=-0.117062 valid=1.0000 routes=9.550 grad=1.4978 seconds=65.2
Epoch 3309/5000: score=11.229998 loss=-0.118010 valid=1.0000 routes=9.902 grad=1.6240 seconds=65.9
Epoch 3310/5000: score=11.574674 loss=-0.121557 valid=1.0000 routes=9.987 grad=1.7032 seconds=65.4
Epoch 3311/5000: score=11.114450 loss=-0.116778 valid=1.0000 routes=10.202 grad=1.6135 seconds=65.9
Epoch 3312/5000: score=11.056861 loss=-0.123675 valid=1.0000 routes=9.605 grad=1.6446 seconds=65.9
Epoch 3313/5000: score=11.691959 loss=-0.125078 valid=1.0000 routes=9.549 grad=1.7371 seconds=65.5
Epoch 3314/5000: score=11.930505 loss=-0.117276 valid=1.0000 routes=10.545 grad=1.7701 seconds=65.9
Epoch 3315/5000: score=11.443632 loss=-0.119141 valid=1.0000 routes=9.894 grad=1.6965 seconds=65.0
Epoch 3316/5000: score=11.468007 loss=-0.116891 valid=1.0000 routes=10.019 grad=1.6497 seconds=65.9
Epoch 3317/5000: score=11.821892 loss=-0.115051 valid=1.0000 routes=10.295 grad=1.7152 seconds=65.4
Epoch 3318/5000: score=11.198547 loss=-0.120488 valid=1.0000 routes=9.285 grad=1.5554 seconds=65.7
Epoch 3319/5000: score=11.458285 loss=-0.123202 valid=1.0000 routes=9.818 grad=1.6456 seconds=66.0
Epoch 3320/5000: score=10.857617 loss=-0.118385 valid=1.0000 routes=9.100 grad=1.5145 seconds=65.0
Epoch 3321/5000: score=11.043071 loss=-0.124108 valid=1.0000 routes=9.603 grad=1.6079 seconds=66.2
Epoch 3322/5000: score=11.784271 loss=-0.122324 valid=1.0000 routes=10.227 grad=1.7815 seconds=65.6
Epoch 3323/5000: score=11.230744 loss=-0.112361 valid=1.0000 routes=9.748 grad=1.5663 seconds=65.6
Epoch 3324/5000: score=11.282163 loss=-0.118933 valid=1.0000 routes=9.864 grad=1.6720 seconds=65.3
Epoch 3325/5000: score=11.116254 loss=-0.124579 valid=1.0000 routes=9.444 grad=1.5966 seconds=65.3
Epoch 3326/5000: score=10.934843 loss=-0.119471 valid=1.0000 routes=9.264 grad=1.5565 seconds=65.9
Epoch 3327/5000: score=11.337237 loss=-0.117876 valid=1.0000 routes=10.069 grad=1.6291 seconds=65.1
>> Invalid instances, Re-generating ...
Epoch 3328/5000: score=11.062442 loss=-0.120465 valid=1.0000 routes=9.374 grad=1.5830 seconds=66.2
Epoch 3329/5000: score=11.086171 loss=-0.114209 valid=1.0000 routes=9.663 grad=1.5673 seconds=65.6
Epoch 3330/5000: score=11.279824 loss=-0.118601 valid=1.0000 routes=10.168 grad=1.6112 seconds=66.2
Epoch 3331/5000: score=11.255407 loss=-0.122088 valid=1.0000 routes=9.966 grad=1.6606 seconds=66.3
Epoch 3332/5000: score=11.565150 loss=-0.120637 valid=1.0000 routes=9.597 grad=1.5851 seconds=64.7
Epoch 3333/5000: score=11.094336 loss=-0.119263 valid=1.0000 routes=9.499 grad=1.5291 seconds=65.6
Epoch 3334/5000: score=11.509508 loss=-0.124865 valid=1.0000 routes=10.295 grad=1.7820 seconds=65.2
Epoch 3335/5000: score=11.393014 loss=-0.116922 valid=1.0000 routes=9.986 grad=1.6175 seconds=65.1
Epoch 3336/5000: score=11.241943 loss=-0.120983 valid=1.0000 routes=9.403 grad=1.5894 seconds=65.8
Epoch 3337/5000: score=11.251779 loss=-0.124395 valid=1.0000 routes=9.624 grad=1.6564 seconds=66.5
Epoch 3338/5000: score=11.363176 loss=-0.113417 valid=1.0000 routes=10.139 grad=1.6637 seconds=66.6
Epoch 3339/5000: score=11.195094 loss=-0.120317 valid=1.0000 routes=9.609 grad=1.6105 seconds=66.3
Epoch 3340/5000: score=10.955870 loss=-0.114568 valid=1.0000 routes=9.650 grad=1.5047 seconds=66.6
Epoch 3341/5000: score=11.820880 loss=-0.118679 valid=1.0000 routes=10.034 grad=1.7350 seconds=66.4
Epoch 3342/5000: score=11.625479 loss=-0.117475 valid=1.0000 routes=10.460 grad=1.6716 seconds=66.2
Epoch 3343/5000: score=11.143082 loss=-0.121062 valid=1.0000 routes=9.735 grad=1.6259 seconds=66.8
Epoch 3344/5000: score=11.243804 loss=-0.121354 valid=1.0000 routes=9.360 grad=1.5770 seconds=66.0
Epoch 3345/5000: score=11.144313 loss=-0.121559 valid=1.0000 routes=9.783 grad=1.6384 seconds=66.9
Epoch 3346/5000: score=11.039898 loss=-0.120008 valid=1.0000 routes=9.554 grad=1.5731 seconds=66.4
Epoch 3347/5000: score=11.721537 loss=-0.121082 valid=1.0000 routes=10.049 grad=1.7214 seconds=66.2
Epoch 3348/5000: score=11.565511 loss=-0.126158 valid=1.0000 routes=10.423 grad=1.7599 seconds=66.5
Epoch 3349/5000: score=11.758638 loss=-0.118168 valid=1.0000 routes=10.094 grad=1.7095 seconds=65.4
Epoch 3350/5000: score=11.763343 loss=-0.124444 valid=1.0000 routes=10.052 grad=1.7432 seconds=66.4
Epoch 3351/5000: score=11.129271 loss=-0.126088 valid=1.0000 routes=9.175 grad=1.5924 seconds=66.2
Epoch 3352/5000: score=11.463354 loss=-0.111406 valid=1.0000 routes=10.461 grad=1.6529 seconds=65.8
Epoch 3353/5000: score=11.561223 loss=-0.122821 valid=1.0000 routes=9.861 grad=1.6967 seconds=66.2
Epoch 3354/5000: score=11.542099 loss=-0.119718 valid=1.0000 routes=9.897 grad=1.6530 seconds=65.5
Epoch 3355/5000: score=11.622177 loss=-0.119806 valid=1.0000 routes=9.947 grad=1.7312 seconds=66.2
Epoch 3356/5000: score=11.200598 loss=-0.115087 valid=1.0000 routes=9.863 grad=1.5756 seconds=65.8
Epoch 3357/5000: score=11.562549 loss=-0.121994 valid=1.0000 routes=9.935 grad=1.7368 seconds=66.2
Epoch 3358/5000: score=11.080276 loss=-0.118250 valid=1.0000 routes=9.884 grad=1.6285 seconds=65.8
Epoch 3359/5000: score=11.476802 loss=-0.116279 valid=1.0000 routes=10.141 grad=1.6754 seconds=65.3
Epoch 3360/5000: score=11.472285 loss=-0.119910 valid=1.0000 routes=9.921 grad=1.7021 seconds=66.0
Epoch 3361/5000: score=11.058322 loss=-0.119704 valid=1.0000 routes=9.783 grad=1.6180 seconds=65.3
Epoch 3362/5000: score=11.421785 loss=-0.115647 valid=1.0000 routes=10.194 grad=1.6683 seconds=65.8
Epoch 3363/5000: score=10.999291 loss=-0.122842 valid=1.0000 routes=9.544 grad=1.6292 seconds=66.2
Epoch 3364/5000: score=11.735139 loss=-0.128104 valid=1.0000 routes=9.947 grad=1.7985 seconds=65.8
Epoch 3365/5000: score=11.067477 loss=-0.126942 valid=1.0000 routes=9.428 grad=1.6528 seconds=66.2
Epoch 3366/5000: score=11.583866 loss=-0.119369 valid=1.0000 routes=10.092 grad=1.6892 seconds=64.9
Epoch 3367/5000: score=11.315755 loss=-0.118748 valid=1.0000 routes=9.803 grad=1.6463 seconds=65.7
Epoch 3368/5000: score=11.550218 loss=-0.123132 valid=1.0000 routes=9.829 grad=1.7013 seconds=65.2
Epoch 3369/5000: score=11.135809 loss=-0.130260 valid=1.0000 routes=9.797 grad=1.6992 seconds=66.0
Epoch 3370/5000: score=11.351219 loss=-0.130481 valid=1.0000 routes=9.669 grad=1.6698 seconds=65.6
Epoch 3371/5000: score=11.170475 loss=-0.111657 valid=1.0000 routes=9.889 grad=1.5886 seconds=65.3
Epoch 3372/5000: score=11.685132 loss=-0.121891 valid=1.0000 routes=10.237 grad=1.7708 seconds=65.3
Epoch 3373/5000: score=11.495457 loss=-0.117837 valid=1.0000 routes=9.925 grad=1.6717 seconds=65.0
Epoch 3374/5000: score=11.393452 loss=-0.117645 valid=1.0000 routes=9.916 grad=1.6842 seconds=65.8
Epoch 3375/5000: score=11.291798 loss=-0.122246 valid=1.0000 routes=10.018 grad=1.7141 seconds=65.9
Epoch 3376/5000: score=11.070472 loss=-0.118078 valid=1.0000 routes=10.060 grad=1.6321 seconds=66.0
Epoch 3377/5000: score=11.482330 loss=-0.130276 valid=1.0000 routes=9.194 grad=1.6330 seconds=66.7
Epoch 3378/5000: score=11.370554 loss=-0.120298 valid=1.0000 routes=10.447 grad=1.7124 seconds=66.0
Epoch 3379/5000: score=11.064119 loss=-0.112504 valid=1.0000 routes=10.158 grad=1.6037 seconds=65.7
Epoch 3380/5000: score=11.632372 loss=-0.131001 valid=1.0000 routes=9.881 grad=1.7698 seconds=66.1
Epoch 3381/5000: score=11.521703 loss=-0.122075 valid=1.0000 routes=9.824 grad=1.6396 seconds=65.4
Epoch 3382/5000: score=11.450892 loss=-0.116399 valid=1.0000 routes=9.858 grad=1.6317 seconds=66.1
Epoch 3383/5000: score=11.604112 loss=-0.119185 valid=1.0000 routes=9.657 grad=1.6562 seconds=66.0
Epoch 3384/5000: score=11.297443 loss=-0.119343 valid=1.0000 routes=9.591 grad=1.5708 seconds=66.4
Epoch 3385/5000: score=11.765618 loss=-0.115800 valid=1.0000 routes=9.995 grad=1.7008 seconds=66.2
Epoch 3386/5000: score=11.400616 loss=-0.115765 valid=1.0000 routes=10.017 grad=1.6352 seconds=66.0
Epoch 3387/5000: score=11.301566 loss=-0.121877 valid=1.0000 routes=9.736 grad=1.6454 seconds=66.3
Epoch 3388/5000: score=11.228945 loss=-0.108935 valid=1.0000 routes=10.078 grad=1.5766 seconds=65.6
Epoch 3389/5000: score=11.241086 loss=-0.120786 valid=1.0000 routes=9.929 grad=1.6979 seconds=65.8
Epoch 3390/5000: score=11.589460 loss=-0.120429 valid=1.0000 routes=9.741 grad=1.6800 seconds=65.3
Epoch 3391/5000: score=11.258424 loss=-0.121146 valid=1.0000 routes=9.648 grad=1.6151 seconds=65.8
Epoch 3392/5000: score=11.270322 loss=-0.124190 valid=1.0000 routes=9.490 grad=1.5825 seconds=65.9
Epoch 3393/5000: score=10.697976 loss=-0.116176 valid=1.0000 routes=9.773 grad=1.5436 seconds=65.5
Epoch 3394/5000: score=11.369212 loss=-0.114692 valid=1.0000 routes=9.731 grad=1.6110 seconds=65.6
Epoch 3395/5000: score=11.097170 loss=-0.125411 valid=1.0000 routes=9.627 grad=1.6703 seconds=66.0
Epoch 3396/5000: score=11.742958 loss=-0.125347 valid=1.0000 routes=10.187 grad=1.7817 seconds=65.7
Epoch 3397/5000: score=11.098851 loss=-0.118957 valid=1.0000 routes=9.714 grad=1.5742 seconds=65.6
Epoch 3398/5000: score=10.956442 loss=-0.116236 valid=1.0000 routes=9.540 grad=1.5677 seconds=65.5
Epoch 3399/5000: score=11.284856 loss=-0.108708 valid=1.0000 routes=10.517 grad=1.6810 seconds=65.8
Epoch 3400/5000: score=11.138885 loss=-0.120253 valid=1.0000 routes=9.375 grad=1.5699 seconds=65.7
Epoch 3401/5000: score=11.079716 loss=-0.111142 valid=1.0000 routes=9.820 grad=1.5665 seconds=66.5
Epoch 3402/5000: score=11.659323 loss=-0.125582 valid=1.0000 routes=10.159 grad=1.7745 seconds=66.6
Epoch 3403/5000: score=11.526445 loss=-0.114782 valid=1.0000 routes=10.014 grad=1.6824 seconds=65.9
Epoch 3404/5000: score=11.802232 loss=-0.118740 valid=1.0000 routes=10.238 grad=1.7601 seconds=66.0
Epoch 3405/5000: score=11.504242 loss=-0.118679 valid=1.0000 routes=9.660 grad=1.7062 seconds=65.4
Epoch 3406/5000: score=11.118986 loss=-0.120683 valid=1.0000 routes=10.012 grad=1.6552 seconds=66.1
Epoch 3407/5000: score=11.077869 loss=-0.115689 valid=1.0000 routes=9.755 grad=1.5874 seconds=66.0
Epoch 3408/5000: score=11.179784 loss=-0.112834 valid=1.0000 routes=10.514 grad=1.6279 seconds=66.1
Epoch 3409/5000: score=10.769016 loss=-0.111532 valid=1.0000 routes=9.752 grad=1.4885 seconds=66.5
Epoch 3410/5000: score=11.232382 loss=-0.117382 valid=1.0000 routes=10.001 grad=1.6680 seconds=66.2
Epoch 3411/5000: score=11.203476 loss=-0.125215 valid=1.0000 routes=9.757 grad=1.6619 seconds=66.2
Epoch 3412/5000: score=11.299066 loss=-0.123493 valid=1.0000 routes=9.487 grad=1.6015 seconds=65.7
Epoch 3413/5000: score=11.787462 loss=-0.120641 valid=1.0000 routes=10.456 grad=1.7654 seconds=65.9
Epoch 3414/5000: score=11.890653 loss=-0.120192 valid=1.0000 routes=10.160 grad=1.7855 seconds=65.7
Epoch 3415/5000: score=11.391232 loss=-0.128826 valid=1.0000 routes=9.891 grad=1.7168 seconds=65.6
Epoch 3416/5000: score=11.200177 loss=-0.111254 valid=1.0000 routes=9.881 grad=1.5955 seconds=65.9
Epoch 3417/5000: score=11.249019 loss=-0.118822 valid=1.0000 routes=9.689 grad=1.6331 seconds=65.7
Epoch 3418/5000: score=11.619330 loss=-0.121441 valid=1.0000 routes=10.034 grad=1.6985 seconds=66.0
Epoch 3419/5000: score=11.688118 loss=-0.116882 valid=1.0000 routes=10.520 grad=1.7736 seconds=66.2
Epoch 3420/5000: score=11.744894 loss=-0.123695 valid=1.0000 routes=10.363 grad=1.7798 seconds=66.2
Epoch 3421/5000: score=11.503798 loss=-0.117002 valid=1.0000 routes=9.962 grad=1.6729 seconds=66.7
Epoch 3422/5000: score=11.164129 loss=-0.117766 valid=1.0000 routes=10.011 grad=1.6010 seconds=66.4
Epoch 3423/5000: score=11.494453 loss=-0.112071 valid=1.0000 routes=9.990 grad=1.6767 seconds=66.5
Epoch 3424/5000: score=11.388116 loss=-0.115131 valid=1.0000 routes=9.532 grad=1.5762 seconds=65.9
Epoch 3425/5000: score=11.501761 loss=-0.119469 valid=1.0000 routes=10.574 grad=1.7639 seconds=66.8
Epoch 3426/5000: score=11.466933 loss=-0.120620 valid=1.0000 routes=9.752 grad=1.6620 seconds=67.2
Epoch 3427/5000: score=11.732068 loss=-0.122523 valid=1.0000 routes=10.000 grad=1.7695 seconds=66.5
Epoch 3428/5000: score=11.342956 loss=-0.117393 valid=1.0000 routes=9.782 grad=1.6499 seconds=67.1
Epoch 3429/5000: score=11.622268 loss=-0.118673 valid=1.0000 routes=9.881 grad=1.6942 seconds=66.7
Epoch 3430/5000: score=10.938155 loss=-0.120897 valid=1.0000 routes=9.387 grad=1.5925 seconds=66.4
Epoch 3431/5000: score=11.359688 loss=-0.112688 valid=1.0000 routes=9.983 grad=1.6404 seconds=67.1
Epoch 3432/5000: score=11.276516 loss=-0.120945 valid=1.0000 routes=9.510 grad=1.5887 seconds=66.8
Epoch 3433/5000: score=11.644373 loss=-0.119258 valid=1.0000 routes=10.044 grad=1.7508 seconds=66.3
Epoch 3434/5000: score=11.339352 loss=-0.116689 valid=1.0000 routes=10.282 grad=1.6483 seconds=66.0
Epoch 3435/5000: score=11.544777 loss=-0.119374 valid=1.0000 routes=9.662 grad=1.6576 seconds=66.8
Epoch 3436/5000: score=11.823520 loss=-0.115521 valid=1.0000 routes=10.511 grad=1.7374 seconds=66.7
Epoch 3437/5000: score=11.688664 loss=-0.114804 valid=1.0000 routes=10.984 grad=1.8555 seconds=66.6
Epoch 3438/5000: score=11.594093 loss=-0.119012 valid=1.0000 routes=9.935 grad=1.7299 seconds=66.9
Epoch 3439/5000: score=10.957146 loss=-0.117382 valid=1.0000 routes=9.253 grad=1.4815 seconds=66.4
Epoch 3440/5000: score=11.025967 loss=-0.116875 valid=1.0000 routes=9.178 grad=1.5634 seconds=67.5
Epoch 3441/5000: score=12.022310 loss=-0.120006 valid=1.0000 routes=11.114 grad=1.8728 seconds=66.9
Epoch 3442/5000: score=11.169905 loss=-0.120386 valid=1.0000 routes=9.253 grad=1.5814 seconds=66.4
Epoch 3443/5000: score=11.250087 loss=-0.122393 valid=1.0000 routes=9.965 grad=1.6846 seconds=67.1
Epoch 3444/5000: score=11.753394 loss=-0.125595 valid=1.0000 routes=9.776 grad=1.7951 seconds=66.5
Epoch 3445/5000: score=10.874056 loss=-0.118416 valid=1.0000 routes=9.383 grad=1.5511 seconds=66.7
Epoch 3446/5000: score=11.310926 loss=-0.118639 valid=1.0000 routes=9.744 grad=1.6269 seconds=66.2
Epoch 3447/5000: score=11.253768 loss=-0.119342 valid=1.0000 routes=9.829 grad=1.5996 seconds=66.6
>> Invalid instances, Re-generating ...
Epoch 3448/5000: score=11.655718 loss=-0.128168 valid=1.0000 routes=9.977 grad=1.7341 seconds=67.1
Epoch 3449/5000: score=12.208625 loss=-0.117921 valid=1.0000 routes=10.313 grad=1.7914 seconds=65.7
Epoch 3450/5000: score=11.179255 loss=-0.114008 valid=1.0000 routes=10.257 grad=1.6725 seconds=66.6
Epoch 3451/5000: score=10.899836 loss=-0.112949 valid=1.0000 routes=10.278 grad=1.5954 seconds=66.6
Epoch 3452/5000: score=11.111773 loss=-0.116397 valid=1.0000 routes=9.623 grad=1.6229 seconds=67.0
Epoch 3453/5000: score=11.077395 loss=-0.116228 valid=1.0000 routes=9.438 grad=1.5504 seconds=67.0
Epoch 3454/5000: score=11.338421 loss=-0.111076 valid=1.0000 routes=10.427 grad=1.6764 seconds=67.0
Epoch 3455/5000: score=11.748079 loss=-0.123137 valid=1.0000 routes=9.880 grad=1.7580 seconds=67.8
Epoch 3456/5000: score=11.424725 loss=-0.122660 valid=1.0000 routes=9.896 grad=1.7001 seconds=66.6
Epoch 3457/5000: score=10.595511 loss=-0.114009 valid=1.0000 routes=9.651 grad=1.4756 seconds=67.4
Epoch 3458/5000: score=11.044728 loss=-0.123047 valid=1.0000 routes=9.383 grad=1.5619 seconds=67.0
Epoch 3459/5000: score=11.741805 loss=-0.118093 valid=1.0000 routes=10.203 grad=1.7151 seconds=66.7
Epoch 3460/5000: score=10.854323 loss=-0.121558 valid=1.0000 routes=9.657 grad=1.5674 seconds=67.2
Epoch 3461/5000: score=11.430936 loss=-0.114149 valid=1.0000 routes=9.976 grad=1.6772 seconds=66.2
Epoch 3462/5000: score=11.107497 loss=-0.113374 valid=1.0000 routes=9.788 grad=1.5371 seconds=66.4
Epoch 3463/5000: score=11.628422 loss=-0.119299 valid=1.0000 routes=10.666 grad=1.7687 seconds=66.1
Epoch 3464/5000: score=11.732939 loss=-0.117601 valid=1.0000 routes=9.851 grad=1.6970 seconds=66.3
Epoch 3465/5000: score=11.555102 loss=-0.117555 valid=1.0000 routes=10.062 grad=1.6612 seconds=66.8
Epoch 3466/5000: score=11.457132 loss=-0.120586 valid=1.0000 routes=10.142 grad=1.7057 seconds=66.2
Epoch 3467/5000: score=11.745155 loss=-0.124505 valid=1.0000 routes=9.941 grad=1.7654 seconds=67.2
Epoch 3468/5000: score=11.282479 loss=-0.125823 valid=1.0000 routes=9.418 grad=1.6445 seconds=66.8
Epoch 3469/5000: score=10.528045 loss=-0.125361 valid=1.0000 routes=9.052 grad=1.4966 seconds=66.6
Epoch 3470/5000: score=11.307131 loss=-0.113564 valid=1.0000 routes=9.788 grad=1.6323 seconds=67.1
Epoch 3471/5000: score=11.898185 loss=-0.122592 valid=1.0000 routes=10.414 grad=1.8679 seconds=67.3
Epoch 3472/5000: score=11.579081 loss=-0.125131 valid=1.0000 routes=10.046 grad=1.7399 seconds=68.3
Epoch 3473/5000: score=11.170811 loss=-0.118510 valid=1.0000 routes=10.056 grad=1.6274 seconds=67.8
Epoch 3474/5000: score=11.249157 loss=-0.116099 valid=1.0000 routes=9.933 grad=1.6452 seconds=67.7
Epoch 3475/5000: score=11.300570 loss=-0.127604 valid=1.0000 routes=9.387 grad=1.6162 seconds=67.9
Epoch 3476/5000: score=11.495534 loss=-0.119440 valid=1.0000 routes=10.355 grad=1.7440 seconds=67.0
Epoch 3477/5000: score=11.924021 loss=-0.123258 valid=1.0000 routes=10.436 grad=1.8897 seconds=68.0
Epoch 3478/5000: score=11.520704 loss=-0.120729 valid=1.0000 routes=10.178 grad=1.7248 seconds=67.1
Epoch 3479/5000: score=11.425379 loss=-0.114712 valid=1.0000 routes=10.213 grad=1.6624 seconds=67.4
Epoch 3480/5000: score=11.246933 loss=-0.116428 valid=1.0000 routes=10.186 grad=1.6657 seconds=66.8
Epoch 3481/5000: score=11.476205 loss=-0.113609 valid=1.0000 routes=9.976 grad=1.6787 seconds=66.6
Epoch 3482/5000: score=11.528453 loss=-0.126902 valid=1.0000 routes=9.820 grad=1.7330 seconds=67.2
Epoch 3483/5000: score=11.603438 loss=-0.123289 valid=1.0000 routes=10.131 grad=1.6926 seconds=66.6
Epoch 3484/5000: score=11.241064 loss=-0.114875 valid=1.0000 routes=9.954 grad=1.6113 seconds=67.2
Epoch 3485/5000: score=10.954977 loss=-0.116651 valid=1.0000 routes=9.952 grad=1.5771 seconds=66.5
Epoch 3486/5000: score=11.843305 loss=-0.122705 valid=1.0000 routes=10.429 grad=1.7783 seconds=66.0
Epoch 3487/5000: score=10.884094 loss=-0.119118 valid=1.0000 routes=9.636 grad=1.5551 seconds=66.6
Epoch 3488/5000: score=11.354036 loss=-0.114925 valid=1.0000 routes=9.608 grad=1.5671 seconds=66.1
Epoch 3489/5000: score=11.287705 loss=-0.115206 valid=1.0000 routes=9.931 grad=1.6484 seconds=62.5
Epoch 3490/5000: score=11.361442 loss=-0.122819 valid=1.0000 routes=9.601 grad=1.6555 seconds=61.5
Epoch 3491/5000: score=11.682562 loss=-0.121460 valid=1.0000 routes=9.923 grad=1.7086 seconds=63.0
Epoch 3492/5000: score=11.243786 loss=-0.114304 valid=1.0000 routes=10.349 grad=1.6434 seconds=66.9
Epoch 3493/5000: score=11.662529 loss=-0.129423 valid=1.0000 routes=9.697 grad=1.7763 seconds=67.3
Epoch 3494/5000: score=11.268578 loss=-0.118700 valid=1.0000 routes=10.087 grad=1.6844 seconds=66.8
Epoch 3495/5000: score=11.481499 loss=-0.115313 valid=1.0000 routes=10.409 grad=1.6686 seconds=66.9
Epoch 3496/5000: score=11.593440 loss=-0.112578 valid=1.0000 routes=9.920 grad=1.6611 seconds=67.4
Epoch 3497/5000: score=11.268584 loss=-0.120491 valid=1.0000 routes=9.315 grad=1.6386 seconds=67.4
Epoch 3498/5000: score=11.329894 loss=-0.128018 valid=1.0000 routes=9.668 grad=1.6970 seconds=66.2
Epoch 3499/5000: score=11.250586 loss=-0.121574 valid=1.0000 routes=9.897 grad=1.6298 seconds=64.5
Epoch 3500/5000: score=11.114760 loss=-0.119914 valid=1.0000 routes=9.551 grad=1.6026 seconds=67.8
Epoch 3501/5000: score=11.472908 loss=-0.123110 valid=1.0000 routes=9.770 grad=1.7170 seconds=67.1
Epoch 3502/5000: score=11.876764 loss=-0.115048 valid=1.0000 routes=10.310 grad=1.6995 seconds=67.3
Epoch 3503/5000: score=11.744011 loss=-0.118301 valid=1.0000 routes=9.931 grad=1.7517 seconds=67.7
Epoch 3504/5000: score=11.769043 loss=-0.122386 valid=1.0000 routes=9.869 grad=1.7029 seconds=67.1
Epoch 3505/5000: score=11.782997 loss=-0.116928 valid=1.0000 routes=10.339 grad=1.7488 seconds=66.8
Epoch 3506/5000: score=12.003459 loss=-0.115329 valid=1.0000 routes=10.888 grad=1.7895 seconds=66.8
Epoch 3507/5000: score=11.193926 loss=-0.122393 valid=1.0000 routes=9.477 grad=1.6444 seconds=66.5
Epoch 3508/5000: score=11.329616 loss=-0.116861 valid=1.0000 routes=10.085 grad=1.6908 seconds=67.1
Epoch 3509/5000: score=11.725901 loss=-0.119872 valid=1.0000 routes=10.115 grad=1.7799 seconds=66.8
Epoch 3510/5000: score=11.210524 loss=-0.117494 valid=1.0000 routes=9.553 grad=1.5802 seconds=67.0
Epoch 3511/5000: score=10.970689 loss=-0.117485 valid=1.0000 routes=9.751 grad=1.5734 seconds=66.8
Epoch 3512/5000: score=11.409223 loss=-0.123273 valid=1.0000 routes=9.889 grad=1.7166 seconds=67.2
Epoch 3513/5000: score=11.490430 loss=-0.116361 valid=1.0000 routes=9.760 grad=1.6275 seconds=67.3
Epoch 3514/5000: score=11.688523 loss=-0.117584 valid=1.0000 routes=9.934 grad=1.7292 seconds=66.8
Epoch 3515/5000: score=11.061280 loss=-0.120464 valid=1.0000 routes=9.613 grad=1.5805 seconds=67.2
Epoch 3516/5000: score=11.624712 loss=-0.114347 valid=1.0000 routes=10.131 grad=1.6506 seconds=66.8
Epoch 3517/5000: score=11.296995 loss=-0.117874 valid=1.0000 routes=9.464 grad=1.5623 seconds=67.2
Epoch 3518/5000: score=11.659850 loss=-0.122741 valid=1.0000 routes=10.112 grad=1.7593 seconds=67.8
Epoch 3519/5000: score=11.275105 loss=-0.128376 valid=1.0000 routes=9.377 grad=1.6719 seconds=67.2
Epoch 3520/5000: score=11.200156 loss=-0.122951 valid=1.0000 routes=9.513 grad=1.5791 seconds=67.4
Epoch 3521/5000: score=11.329151 loss=-0.118085 valid=1.0000 routes=9.758 grad=1.6240 seconds=67.2
Epoch 3522/5000: score=11.860860 loss=-0.122606 valid=1.0000 routes=9.830 grad=1.6884 seconds=67.6
Epoch 3523/5000: score=11.239700 loss=-0.125688 valid=1.0000 routes=10.060 grad=1.7087 seconds=67.6
Epoch 3524/5000: score=11.226357 loss=-0.118832 valid=1.0000 routes=10.131 grad=1.6666 seconds=67.6
Epoch 3525/5000: score=11.239345 loss=-0.118094 valid=1.0000 routes=10.018 grad=1.6381 seconds=67.5
Epoch 3526/5000: score=11.164613 loss=-0.120529 valid=1.0000 routes=9.782 grad=1.6399 seconds=67.1
Epoch 3527/5000: score=11.295104 loss=-0.114263 valid=1.0000 routes=10.124 grad=1.6425 seconds=67.2
Epoch 3528/5000: score=11.416570 loss=-0.123077 valid=1.0000 routes=9.707 grad=1.6674 seconds=66.9
Epoch 3529/5000: score=11.679105 loss=-0.120114 valid=1.0000 routes=10.003 grad=1.7047 seconds=66.6
Epoch 3530/5000: score=11.246891 loss=-0.108854 valid=1.0000 routes=10.226 grad=1.6435 seconds=66.8
Epoch 3531/5000: score=11.393923 loss=-0.108231 valid=1.0000 routes=10.279 grad=1.6446 seconds=66.3
Epoch 3532/5000: score=11.345295 loss=-0.111926 valid=1.0000 routes=9.920 grad=1.6622 seconds=66.9
Epoch 3533/5000: score=11.344975 loss=-0.119851 valid=1.0000 routes=9.678 grad=1.6529 seconds=67.1
Epoch 3534/5000: score=11.740523 loss=-0.118171 valid=1.0000 routes=10.498 grad=1.8017 seconds=67.1
Epoch 3535/5000: score=11.339735 loss=-0.116002 valid=1.0000 routes=10.023 grad=1.6613 seconds=67.4
Epoch 3536/5000: score=11.269719 loss=-0.114373 valid=1.0000 routes=10.179 grad=1.6349 seconds=66.1
Epoch 3537/5000: score=11.192740 loss=-0.110764 valid=1.0000 routes=10.070 grad=1.6004 seconds=67.0
Epoch 3538/5000: score=11.232182 loss=-0.120677 valid=1.0000 routes=9.311 grad=1.5804 seconds=67.2
Epoch 3539/5000: score=11.739196 loss=-0.116959 valid=1.0000 routes=10.375 grad=1.7094 seconds=66.3
Epoch 3540/5000: score=11.077608 loss=-0.132371 valid=1.0000 routes=9.212 grad=1.6949 seconds=67.4
Epoch 3541/5000: score=11.477690 loss=-0.117873 valid=1.0000 routes=10.254 grad=1.7104 seconds=65.9
Epoch 3542/5000: score=11.142685 loss=-0.119017 valid=1.0000 routes=10.060 grad=1.7219 seconds=66.8
Epoch 3543/5000: score=11.486373 loss=-0.118350 valid=1.0000 routes=9.888 grad=1.6382 seconds=66.6
Epoch 3544/5000: score=11.906550 loss=-0.118960 valid=1.0000 routes=9.982 grad=1.7795 seconds=66.2
Epoch 3545/5000: score=10.969230 loss=-0.108875 valid=1.0000 routes=9.719 grad=1.5074 seconds=66.7
Epoch 3546/5000: score=11.734583 loss=-0.111538 valid=1.0000 routes=10.363 grad=1.6909 seconds=65.9
Epoch 3547/5000: score=11.323080 loss=-0.121351 valid=1.0000 routes=9.663 grad=1.6774 seconds=67.1
Epoch 3548/5000: score=11.237135 loss=-0.112531 valid=1.0000 routes=9.720 grad=1.5589 seconds=66.6
Epoch 3549/5000: score=10.820652 loss=-0.117890 valid=1.0000 routes=9.845 grad=1.5854 seconds=67.1
Epoch 3550/5000: score=11.214228 loss=-0.119825 valid=1.0000 routes=9.943 grad=1.6256 seconds=66.7
Epoch 3551/5000: score=11.156955 loss=-0.114727 valid=1.0000 routes=9.929 grad=1.6327 seconds=66.3
Epoch 3552/5000: score=11.580685 loss=-0.121356 valid=1.0000 routes=9.983 grad=1.7311 seconds=67.0
Epoch 3553/5000: score=11.526612 loss=-0.123319 valid=1.0000 routes=9.733 grad=1.6890 seconds=66.2
Epoch 3554/5000: score=11.273450 loss=-0.109870 valid=1.0000 routes=10.246 grad=1.6077 seconds=66.5
Epoch 3555/5000: score=11.418758 loss=-0.124924 valid=1.0000 routes=9.808 grad=1.7141 seconds=66.7
Epoch 3556/5000: score=11.318215 loss=-0.127556 valid=1.0000 routes=10.008 grad=1.7057 seconds=66.9
Epoch 3557/5000: score=11.305930 loss=-0.123257 valid=1.0000 routes=9.416 grad=1.5732 seconds=66.8
Epoch 3558/5000: score=11.038698 loss=-0.126662 valid=1.0000 routes=9.800 grad=1.6886 seconds=66.4
Epoch 3559/5000: score=11.452471 loss=-0.120767 valid=1.0000 routes=9.938 grad=1.6449 seconds=66.8
Epoch 3560/5000: score=11.301925 loss=-0.115222 valid=1.0000 routes=9.490 grad=1.6202 seconds=66.4
Epoch 3561/5000: score=11.931663 loss=-0.118071 valid=1.0000 routes=10.383 grad=1.7315 seconds=66.1
Epoch 3562/5000: score=11.509399 loss=-0.122805 valid=1.0000 routes=9.764 grad=1.6554 seconds=66.9
Epoch 3563/5000: score=10.769112 loss=-0.119956 valid=1.0000 routes=9.509 grad=1.5733 seconds=66.8
Epoch 3564/5000: score=11.500577 loss=-0.116264 valid=1.0000 routes=10.489 grad=1.7236 seconds=67.3
Epoch 3565/5000: score=11.556570 loss=-0.121027 valid=1.0000 routes=9.757 grad=1.7206 seconds=66.5
Epoch 3566/5000: score=11.433853 loss=-0.112528 valid=1.0000 routes=10.185 grad=1.6637 seconds=66.6
Epoch 3567/5000: score=11.158503 loss=-0.115332 valid=1.0000 routes=9.578 grad=1.5772 seconds=67.1
Epoch 3568/5000: score=11.213656 loss=-0.111033 valid=1.0000 routes=9.790 grad=1.5856 seconds=65.9
Epoch 3569/5000: score=11.697185 loss=-0.117196 valid=1.0000 routes=10.087 grad=1.7214 seconds=67.3
Epoch 3570/5000: score=11.352558 loss=-0.109167 valid=1.0000 routes=10.094 grad=1.6262 seconds=66.1
Epoch 3571/5000: score=11.818789 loss=-0.123570 valid=1.0000 routes=9.896 grad=1.7743 seconds=66.7
Epoch 3572/5000: score=11.172683 loss=-0.114001 valid=1.0000 routes=10.276 grad=1.6539 seconds=67.1
Epoch 3573/5000: score=11.423657 loss=-0.122643 valid=1.0000 routes=9.762 grad=1.7067 seconds=66.4
Epoch 3574/5000: score=11.521434 loss=-0.118321 valid=1.0000 routes=9.806 grad=1.7028 seconds=67.0
Epoch 3575/5000: score=11.319369 loss=-0.121798 valid=1.0000 routes=9.818 grad=1.6746 seconds=66.9
Epoch 3576/5000: score=11.531913 loss=-0.121576 valid=1.0000 routes=10.254 grad=1.7365 seconds=66.8
Epoch 3577/5000: score=11.160323 loss=-0.114885 valid=1.0000 routes=9.670 grad=1.5780 seconds=66.7
>> Invalid instances, Re-generating ...
Epoch 3578/5000: score=11.711222 loss=-0.115977 valid=1.0000 routes=10.724 grad=1.8092 seconds=66.7
Epoch 3579/5000: score=11.573786 loss=-0.122466 valid=1.0000 routes=9.809 grad=1.7177 seconds=67.0
Epoch 3580/5000: score=11.962237 loss=-0.123876 valid=1.0000 routes=10.120 grad=1.8086 seconds=66.4
Epoch 3581/5000: score=11.638364 loss=-0.122603 valid=1.0000 routes=9.994 grad=1.7478 seconds=66.9
Epoch 3582/5000: score=11.727314 loss=-0.116957 valid=1.0000 routes=10.142 grad=1.7301 seconds=66.7
Epoch 3583/5000: score=11.207404 loss=-0.122137 valid=1.0000 routes=9.498 grad=1.6583 seconds=63.0
Epoch 3584/5000: score=11.243517 loss=-0.120107 valid=1.0000 routes=9.808 grad=1.6244 seconds=66.9
Epoch 3585/5000: score=11.100199 loss=-0.113633 valid=1.0000 routes=9.870 grad=1.6111 seconds=66.3
Epoch 3586/5000: score=11.661405 loss=-0.122277 valid=1.0000 routes=9.997 grad=1.7066 seconds=67.0
Epoch 3587/5000: score=11.552561 loss=-0.117216 valid=1.0000 routes=10.132 grad=1.6571 seconds=66.3
Epoch 3588/5000: score=11.281306 loss=-0.116984 valid=1.0000 routes=9.518 grad=1.5801 seconds=66.6
Epoch 3589/5000: score=10.837081 loss=-0.113135 valid=1.0000 routes=9.614 grad=1.5066 seconds=66.7
Epoch 3590/5000: score=11.244712 loss=-0.123308 valid=1.0000 routes=9.486 grad=1.6118 seconds=65.8
Epoch 3591/5000: score=11.666379 loss=-0.118641 valid=1.0000 routes=10.281 grad=1.7394 seconds=66.5
Epoch 3592/5000: score=11.136516 loss=-0.111112 valid=1.0000 routes=10.386 grad=1.6540 seconds=66.1
Epoch 3593/5000: score=11.200269 loss=-0.123235 valid=1.0000 routes=9.371 grad=1.5924 seconds=66.4
Epoch 3594/5000: score=11.619957 loss=-0.122133 valid=1.0000 routes=9.637 grad=1.6734 seconds=66.3
Epoch 3595/5000: score=11.234142 loss=-0.117500 valid=1.0000 routes=9.397 grad=1.5433 seconds=65.7
Epoch 3596/5000: score=11.682950 loss=-0.111943 valid=1.0000 routes=10.360 grad=1.6955 seconds=66.1
Epoch 3597/5000: score=11.676198 loss=-0.117609 valid=1.0000 routes=10.191 grad=1.7529 seconds=65.8
Epoch 3598/5000: score=11.629135 loss=-0.114324 valid=1.0000 routes=10.601 grad=1.7491 seconds=66.3
Epoch 3599/5000: score=11.611165 loss=-0.113510 valid=1.0000 routes=10.472 grad=1.7002 seconds=65.8
Epoch 3600/5000: score=11.036921 loss=-0.124293 valid=1.0000 routes=9.391 grad=1.6038 seconds=65.7
Epoch 3601/5000: score=11.861351 loss=-0.120661 valid=1.0000 routes=10.106 grad=1.7681 seconds=63.1
Epoch 3602/5000: score=10.993814 loss=-0.119000 valid=1.0000 routes=9.961 grad=1.5583 seconds=64.6
Epoch 3603/5000: score=11.257699 loss=-0.116433 valid=1.0000 routes=9.931 grad=1.6390 seconds=67.1
Epoch 3604/5000: score=11.399031 loss=-0.119272 valid=1.0000 routes=9.773 grad=1.6461 seconds=66.4
Epoch 3605/5000: score=11.469364 loss=-0.125441 valid=1.0000 routes=9.583 grad=1.6938 seconds=66.7
Epoch 3606/5000: score=10.819394 loss=-0.117428 valid=1.0000 routes=9.318 grad=1.5064 seconds=66.7
Epoch 3607/5000: score=11.021420 loss=-0.120782 valid=1.0000 routes=9.550 grad=1.6107 seconds=65.8
Epoch 3608/5000: score=11.878797 loss=-0.122623 valid=1.0000 routes=10.475 grad=1.7410 seconds=66.7
Epoch 3609/5000: score=11.334174 loss=-0.119157 valid=1.0000 routes=9.622 grad=1.5746 seconds=66.2
Epoch 3610/5000: score=11.260878 loss=-0.120447 valid=1.0000 routes=9.734 grad=1.6142 seconds=66.7
Epoch 3611/5000: score=11.762824 loss=-0.122574 valid=1.0000 routes=9.775 grad=1.7412 seconds=66.9
Epoch 3612/5000: score=11.509835 loss=-0.113973 valid=1.0000 routes=10.295 grad=1.6761 seconds=65.8
Epoch 3613/5000: score=11.632696 loss=-0.115473 valid=1.0000 routes=10.642 grad=1.7970 seconds=66.5
Epoch 3614/5000: score=11.274102 loss=-0.118062 valid=1.0000 routes=10.153 grad=1.6539 seconds=66.0
Epoch 3615/5000: score=11.168345 loss=-0.118260 valid=1.0000 routes=9.773 grad=1.6154 seconds=66.3
Epoch 3616/5000: score=11.634169 loss=-0.108682 valid=1.0000 routes=10.719 grad=1.6753 seconds=65.6
Epoch 3617/5000: score=11.642808 loss=-0.116850 valid=1.0000 routes=9.979 grad=1.6671 seconds=66.2
Epoch 3618/5000: score=11.795106 loss=-0.113721 valid=1.0000 routes=9.886 grad=1.7021 seconds=66.4
Epoch 3619/5000: score=11.615198 loss=-0.120670 valid=1.0000 routes=10.145 grad=1.7094 seconds=66.1
Epoch 3620/5000: score=11.250520 loss=-0.111876 valid=1.0000 routes=10.103 grad=1.6504 seconds=66.3
Epoch 3621/5000: score=11.549474 loss=-0.119936 valid=1.0000 routes=10.222 grad=1.7140 seconds=64.6
Epoch 3622/5000: score=11.536147 loss=-0.118055 valid=1.0000 routes=10.048 grad=1.6491 seconds=61.1
Epoch 3623/5000: score=12.019465 loss=-0.116287 valid=1.0000 routes=10.386 grad=1.7790 seconds=61.0
Epoch 3624/5000: score=11.571516 loss=-0.119445 valid=1.0000 routes=9.711 grad=1.6833 seconds=61.0
Epoch 3625/5000: score=11.529036 loss=-0.111084 valid=1.0000 routes=10.260 grad=1.6700 seconds=62.1
Epoch 3626/5000: score=11.481864 loss=-0.116077 valid=1.0000 routes=9.802 grad=1.6392 seconds=60.9
Epoch 3627/5000: score=10.785273 loss=-0.118086 valid=1.0000 routes=9.245 grad=1.5046 seconds=64.9
Epoch 3628/5000: score=11.002780 loss=-0.114334 valid=1.0000 routes=9.290 grad=1.5217 seconds=65.7
Epoch 3629/5000: score=11.207201 loss=-0.114903 valid=1.0000 routes=9.260 grad=1.5708 seconds=61.7
Epoch 3630/5000: score=11.473010 loss=-0.116837 valid=1.0000 routes=10.418 grad=1.7508 seconds=65.2
Epoch 3631/5000: score=11.903872 loss=-0.120605 valid=1.0000 routes=10.085 grad=1.8059 seconds=61.1
Epoch 3632/5000: score=11.519178 loss=-0.112962 valid=1.0000 routes=10.185 grad=1.6295 seconds=61.0
Epoch 3633/5000: score=11.043808 loss=-0.120852 valid=1.0000 routes=10.183 grad=1.6641 seconds=61.2
Epoch 3634/5000: score=11.341757 loss=-0.122339 valid=1.0000 routes=9.819 grad=1.6775 seconds=61.2
Epoch 3635/5000: score=10.734583 loss=-0.114156 valid=1.0000 routes=9.407 grad=1.4863 seconds=60.8
Epoch 3636/5000: score=11.067781 loss=-0.122979 valid=1.0000 routes=9.197 grad=1.5556 seconds=61.3
Epoch 3637/5000: score=11.418336 loss=-0.121939 valid=1.0000 routes=10.032 grad=1.6701 seconds=62.8
Epoch 3638/5000: score=11.146837 loss=-0.110070 valid=1.0000 routes=10.090 grad=1.6013 seconds=66.3
Epoch 3639/5000: score=11.487549 loss=-0.127691 valid=1.0000 routes=9.596 grad=1.7284 seconds=65.9
Epoch 3640/5000: score=11.809578 loss=-0.116706 valid=1.0000 routes=9.954 grad=1.7314 seconds=65.9
Epoch 3641/5000: score=11.359771 loss=-0.113546 valid=1.0000 routes=9.784 grad=1.6324 seconds=66.2
Epoch 3642/5000: score=11.474410 loss=-0.107854 valid=1.0000 routes=10.279 grad=1.6664 seconds=65.4
Epoch 3643/5000: score=11.202341 loss=-0.115473 valid=1.0000 routes=9.485 grad=1.5607 seconds=66.1
Epoch 3644/5000: score=11.262762 loss=-0.116475 valid=1.0000 routes=9.886 grad=1.6170 seconds=66.3
Epoch 3645/5000: score=11.487539 loss=-0.118240 valid=1.0000 routes=9.912 grad=1.6995 seconds=66.9
Epoch 3646/5000: score=11.746461 loss=-0.120921 valid=1.0000 routes=10.379 grad=1.7695 seconds=66.2
Epoch 3647/5000: score=11.522615 loss=-0.118909 valid=1.0000 routes=9.668 grad=1.6551 seconds=66.3
Epoch 3648/5000: score=11.374599 loss=-0.112572 valid=1.0000 routes=10.593 grad=1.6557 seconds=66.2
Epoch 3649/5000: score=11.159499 loss=-0.112641 valid=1.0000 routes=9.700 grad=1.6007 seconds=65.5
Epoch 3650/5000: score=11.708507 loss=-0.117347 valid=1.0000 routes=9.812 grad=1.7094 seconds=66.2
Epoch 3651/5000: score=11.547938 loss=-0.119165 valid=1.0000 routes=9.635 grad=1.6774 seconds=66.1
Epoch 3652/5000: score=11.174465 loss=-0.109701 valid=1.0000 routes=9.980 grad=1.6263 seconds=65.8
Epoch 3653/5000: score=10.773218 loss=-0.126714 valid=1.0000 routes=8.679 grad=1.5333 seconds=66.6
Epoch 3654/5000: score=11.450633 loss=-0.118134 valid=1.0000 routes=10.219 grad=1.6931 seconds=66.0
Epoch 3655/5000: score=11.415705 loss=-0.110691 valid=1.0000 routes=10.627 grad=1.6971 seconds=66.6
Epoch 3656/5000: score=11.683527 loss=-0.113152 valid=1.0000 routes=10.439 grad=1.7465 seconds=65.6
Epoch 3657/5000: score=11.098084 loss=-0.112198 valid=1.0000 routes=9.502 grad=1.5504 seconds=66.1
Epoch 3658/5000: score=11.113326 loss=-0.120688 valid=1.0000 routes=9.449 grad=1.6284 seconds=66.4
Epoch 3659/5000: score=10.937756 loss=-0.113283 valid=1.0000 routes=9.611 grad=1.5984 seconds=66.3
Epoch 3660/5000: score=11.506432 loss=-0.118408 valid=1.0000 routes=10.090 grad=1.7280 seconds=66.9
Epoch 3661/5000: score=11.416397 loss=-0.112266 valid=1.0000 routes=10.036 grad=1.6675 seconds=65.8
Epoch 3662/5000: score=11.343135 loss=-0.112071 valid=1.0000 routes=10.084 grad=1.6383 seconds=66.2
Epoch 3663/5000: score=11.058328 loss=-0.114854 valid=1.0000 routes=9.566 grad=1.5850 seconds=66.2
Epoch 3664/5000: score=11.508822 loss=-0.125764 valid=1.0000 routes=9.839 grad=1.7491 seconds=66.2
Epoch 3665/5000: score=11.583851 loss=-0.118300 valid=1.0000 routes=9.401 grad=1.6674 seconds=66.8
Epoch 3666/5000: score=11.152513 loss=-0.121849 valid=1.0000 routes=9.925 grad=1.6969 seconds=66.2
Epoch 3667/5000: score=11.260552 loss=-0.116823 valid=1.0000 routes=9.805 grad=1.6549 seconds=66.5
Epoch 3668/5000: score=11.259005 loss=-0.118167 valid=1.0000 routes=9.923 grad=1.6324 seconds=66.5
Epoch 3669/5000: score=10.988435 loss=-0.122089 valid=1.0000 routes=9.428 grad=1.5632 seconds=66.7
Epoch 3670/5000: score=11.631125 loss=-0.122192 valid=1.0000 routes=10.394 grad=1.7105 seconds=66.8
>> Invalid instances, Re-generating ...
Epoch 3671/5000: score=11.466718 loss=-0.123806 valid=1.0000 routes=10.154 grad=1.7182 seconds=65.8
Epoch 3672/5000: score=11.311158 loss=-0.116818 valid=1.0000 routes=9.704 grad=1.6165 seconds=66.6
Epoch 3673/5000: score=11.562025 loss=-0.123850 valid=1.0000 routes=10.101 grad=1.7611 seconds=66.0
Epoch 3674/5000: score=11.724608 loss=-0.113947 valid=1.0000 routes=10.128 grad=1.6915 seconds=66.2
Epoch 3675/5000: score=11.331465 loss=-0.124595 valid=1.0000 routes=9.783 grad=1.6968 seconds=66.8
Epoch 3676/5000: score=11.275839 loss=-0.115510 valid=1.0000 routes=9.505 grad=1.5812 seconds=65.9
Epoch 3677/5000: score=11.147249 loss=-0.117656 valid=1.0000 routes=9.589 grad=1.5756 seconds=66.3
Epoch 3678/5000: score=11.569299 loss=-0.121025 valid=1.0000 routes=10.113 grad=1.7040 seconds=65.9
Epoch 3679/5000: score=11.782072 loss=-0.122132 valid=1.0000 routes=10.421 grad=1.7876 seconds=66.4
Epoch 3680/5000: score=11.094756 loss=-0.115333 valid=1.0000 routes=9.749 grad=1.5920 seconds=66.5
Epoch 3681/5000: score=11.378206 loss=-0.125604 valid=1.0000 routes=9.542 grad=1.6743 seconds=66.1
Epoch 3682/5000: score=11.421890 loss=-0.117367 valid=1.0000 routes=10.215 grad=1.6601 seconds=66.5
Epoch 3683/5000: score=11.123502 loss=-0.119091 valid=1.0000 routes=9.881 grad=1.5741 seconds=66.2
Epoch 3684/5000: score=11.162535 loss=-0.117404 valid=1.0000 routes=9.826 grad=1.5696 seconds=66.3
Epoch 3685/5000: score=11.385028 loss=-0.120973 valid=1.0000 routes=9.672 grad=1.6456 seconds=65.8
Epoch 3686/5000: score=11.512728 loss=-0.123416 valid=1.0000 routes=9.805 grad=1.7138 seconds=66.2
Epoch 3687/5000: score=11.666804 loss=-0.121995 valid=1.0000 routes=10.117 grad=1.7549 seconds=66.2
Epoch 3688/5000: score=11.795978 loss=-0.113903 valid=1.0000 routes=10.024 grad=1.6754 seconds=66.6
Epoch 3689/5000: score=11.212550 loss=-0.116882 valid=1.0000 routes=10.463 grad=1.7069 seconds=66.4
Epoch 3690/5000: score=11.607116 loss=-0.126452 valid=1.0000 routes=9.950 grad=1.7731 seconds=66.3
Epoch 3691/5000: score=10.860150 loss=-0.114572 valid=1.0000 routes=9.456 grad=1.4852 seconds=66.5
Epoch 3692/5000: score=11.325273 loss=-0.118110 valid=1.0000 routes=9.913 grad=1.6427 seconds=66.4
Epoch 3693/5000: score=11.483615 loss=-0.115637 valid=1.0000 routes=10.036 grad=1.6991 seconds=66.4
Epoch 3694/5000: score=11.111973 loss=-0.105150 valid=1.0000 routes=9.791 grad=1.5426 seconds=65.8
Epoch 3695/5000: score=11.725191 loss=-0.112955 valid=1.0000 routes=10.548 grad=1.7832 seconds=66.5
Epoch 3696/5000: score=11.516182 loss=-0.119517 valid=1.0000 routes=10.336 grad=1.7280 seconds=66.6
Epoch 3697/5000: score=11.869728 loss=-0.128633 valid=1.0000 routes=10.374 grad=1.8506 seconds=66.2
Epoch 3698/5000: score=11.240948 loss=-0.123713 valid=1.0000 routes=9.965 grad=1.6806 seconds=66.6
Epoch 3699/5000: score=11.578034 loss=-0.127071 valid=1.0000 routes=9.695 grad=1.7265 seconds=66.4
Epoch 3700/5000: score=11.393431 loss=-0.121222 valid=1.0000 routes=9.937 grad=1.6732 seconds=66.5
Epoch 3701/5000: score=11.625826 loss=-0.123628 valid=1.0000 routes=9.595 grad=1.6893 seconds=66.7
Epoch 3702/5000: score=11.624761 loss=-0.119468 valid=1.0000 routes=9.978 grad=1.7328 seconds=65.8
Epoch 3703/5000: score=11.549808 loss=-0.127645 valid=1.0000 routes=9.617 grad=1.6780 seconds=66.3
Epoch 3704/5000: score=11.795746 loss=-0.120024 valid=1.0000 routes=10.375 grad=1.8078 seconds=65.4
Epoch 3705/5000: score=11.427934 loss=-0.123157 valid=1.0000 routes=10.097 grad=1.6874 seconds=66.6
Epoch 3706/5000: score=11.909589 loss=-0.117692 valid=1.0000 routes=10.426 grad=1.7556 seconds=65.8
Epoch 3707/5000: score=11.447583 loss=-0.113282 valid=1.0000 routes=10.757 grad=1.7081 seconds=66.3
Epoch 3708/5000: score=11.856375 loss=-0.116939 valid=1.0000 routes=9.984 grad=1.7611 seconds=66.2
Epoch 3709/5000: score=10.817019 loss=-0.122489 valid=1.0000 routes=9.136 grad=1.5350 seconds=66.1
Epoch 3710/5000: score=11.483286 loss=-0.112169 valid=1.0000 routes=10.642 grad=1.7610 seconds=66.5
Epoch 3711/5000: score=11.259224 loss=-0.117952 valid=1.0000 routes=9.333 grad=1.5853 seconds=66.5
Epoch 3712/5000: score=11.471585 loss=-0.115443 valid=1.0000 routes=9.899 grad=1.6593 seconds=66.6
Epoch 3713/5000: score=11.108605 loss=-0.115834 valid=1.0000 routes=9.486 grad=1.5239 seconds=66.6
Epoch 3714/5000: score=11.318714 loss=-0.124840 valid=1.0000 routes=9.534 grad=1.6558 seconds=66.0
Epoch 3715/5000: score=11.422072 loss=-0.123004 valid=1.0000 routes=9.757 grad=1.6557 seconds=66.2
Epoch 3716/5000: score=10.467108 loss=-0.112051 valid=1.0000 routes=9.444 grad=1.4409 seconds=65.5
Epoch 3717/5000: score=11.357433 loss=-0.119979 valid=1.0000 routes=9.821 grad=1.6834 seconds=66.1
Epoch 3718/5000: score=11.313772 loss=-0.110586 valid=1.0000 routes=9.519 grad=1.5408 seconds=65.1
Epoch 3719/5000: score=10.853338 loss=-0.113315 valid=1.0000 routes=9.604 grad=1.5570 seconds=65.7
Epoch 3720/5000: score=11.450751 loss=-0.115189 valid=1.0000 routes=9.885 grad=1.6893 seconds=65.9
Epoch 3721/5000: score=11.445903 loss=-0.114095 valid=1.0000 routes=10.070 grad=1.6438 seconds=65.4
Epoch 3722/5000: score=10.739377 loss=-0.115304 valid=1.0000 routes=9.300 grad=1.5614 seconds=66.0
Epoch 3723/5000: score=11.281399 loss=-0.112321 valid=1.0000 routes=9.965 grad=1.6275 seconds=65.2
Epoch 3724/5000: score=11.956005 loss=-0.105212 valid=1.0000 routes=10.310 grad=1.7273 seconds=65.7
Epoch 3725/5000: score=11.669572 loss=-0.118056 valid=1.0000 routes=9.774 grad=1.8071 seconds=66.3
Epoch 3726/5000: score=11.817541 loss=-0.116517 valid=1.0000 routes=10.792 grad=1.8304 seconds=66.1
Epoch 3727/5000: score=11.826180 loss=-0.112081 valid=1.0000 routes=10.685 grad=1.7772 seconds=65.9
Epoch 3728/5000: score=11.196897 loss=-0.120972 valid=1.0000 routes=9.628 grad=1.6178 seconds=65.3
Epoch 3729/5000: score=11.352436 loss=-0.113325 valid=1.0000 routes=9.941 grad=1.6230 seconds=66.0
Epoch 3730/5000: score=11.770765 loss=-0.123799 valid=1.0000 routes=9.476 grad=1.7572 seconds=65.6
Epoch 3731/5000: score=10.881593 loss=-0.108197 valid=1.0000 routes=9.966 grad=1.5710 seconds=66.4
Epoch 3732/5000: score=11.138705 loss=-0.117224 valid=1.0000 routes=9.997 grad=1.6735 seconds=66.1
Epoch 3733/5000: score=11.689858 loss=-0.114792 valid=1.0000 routes=10.234 grad=1.7290 seconds=66.6
Epoch 3734/5000: score=11.212209 loss=-0.116619 valid=1.0000 routes=9.529 grad=1.6289 seconds=67.4
Epoch 3735/5000: score=11.685580 loss=-0.110199 valid=1.0000 routes=10.566 grad=1.7155 seconds=66.2
Epoch 3736/5000: score=11.159969 loss=-0.126955 valid=1.0000 routes=9.551 grad=1.6937 seconds=68.0
Epoch 3737/5000: score=11.241754 loss=-0.119786 valid=1.0000 routes=9.982 grad=1.6581 seconds=67.0
Epoch 3738/5000: score=11.307380 loss=-0.115639 valid=1.0000 routes=9.920 grad=1.6338 seconds=66.7
Epoch 3739/5000: score=11.503689 loss=-0.116097 valid=1.0000 routes=10.123 grad=1.7292 seconds=66.5
Epoch 3740/5000: score=11.100319 loss=-0.110791 valid=1.0000 routes=9.749 grad=1.5800 seconds=66.4
Epoch 3741/5000: score=11.437382 loss=-0.118623 valid=1.0000 routes=10.075 grad=1.6552 seconds=66.8
Epoch 3742/5000: score=11.498768 loss=-0.120553 valid=1.0000 routes=9.969 grad=1.6920 seconds=66.2
Epoch 3743/5000: score=11.328545 loss=-0.120276 valid=1.0000 routes=9.768 grad=1.6771 seconds=67.0
Epoch 3744/5000: score=11.883080 loss=-0.121465 valid=1.0000 routes=10.324 grad=1.7750 seconds=66.8
Epoch 3745/5000: score=11.762013 loss=-0.111934 valid=1.0000 routes=10.665 grad=1.7218 seconds=66.7
Epoch 3746/5000: score=11.559144 loss=-0.111310 valid=1.0000 routes=9.914 grad=1.6292 seconds=67.0
Epoch 3747/5000: score=11.283140 loss=-0.116758 valid=1.0000 routes=9.807 grad=1.6608 seconds=66.8
Epoch 3748/5000: score=11.689833 loss=-0.123116 valid=1.0000 routes=9.905 grad=1.7673 seconds=67.1
Epoch 3749/5000: score=11.464128 loss=-0.114978 valid=1.0000 routes=10.020 grad=1.6522 seconds=66.6
Epoch 3750/5000: score=10.795873 loss=-0.107627 valid=1.0000 routes=9.410 grad=1.4010 seconds=66.7
Epoch 3751/5000: score=11.454588 loss=-0.118445 valid=1.0000 routes=9.644 grad=1.6340 seconds=67.0
Epoch 3752/5000: score=11.926876 loss=-0.115679 valid=1.0000 routes=10.159 grad=1.7347 seconds=66.3
Epoch 3753/5000: score=11.380713 loss=-0.118049 valid=1.0000 routes=10.007 grad=1.6556 seconds=66.8
Epoch 3754/5000: score=11.317060 loss=-0.119201 valid=1.0000 routes=9.762 grad=1.6372 seconds=67.0
Epoch 3755/5000: score=11.874842 loss=-0.115499 valid=1.0000 routes=10.352 grad=1.7252 seconds=63.7
Epoch 3756/5000: score=10.451483 loss=-0.118136 valid=1.0000 routes=9.291 grad=1.4835 seconds=67.0
Epoch 3757/5000: score=11.768973 loss=-0.114282 valid=1.0000 routes=10.185 grad=1.6737 seconds=66.8
Epoch 3758/5000: score=11.494281 loss=-0.124694 valid=1.0000 routes=9.683 grad=1.6992 seconds=67.5
Epoch 3759/5000: score=11.218069 loss=-0.119283 valid=1.0000 routes=9.492 grad=1.5824 seconds=66.6
Epoch 3760/5000: score=11.433003 loss=-0.119808 valid=1.0000 routes=10.047 grad=1.7040 seconds=67.4
Epoch 3761/5000: score=11.385399 loss=-0.118811 valid=1.0000 routes=9.030 grad=1.5499 seconds=67.1
Epoch 3762/5000: score=11.531842 loss=-0.116780 valid=1.0000 routes=9.844 grad=1.6728 seconds=67.2
Epoch 3763/5000: score=10.883961 loss=-0.122074 valid=1.0000 routes=9.298 grad=1.5770 seconds=67.5
Epoch 3764/5000: score=11.336365 loss=-0.112975 valid=1.0000 routes=10.324 grad=1.6655 seconds=66.4
Epoch 3765/5000: score=11.261353 loss=-0.114984 valid=1.0000 routes=9.470 grad=1.5751 seconds=67.7
Epoch 3766/5000: score=11.100691 loss=-0.125546 valid=1.0000 routes=8.925 grad=1.5930 seconds=67.7
Epoch 3767/5000: score=11.179619 loss=-0.119082 valid=1.0000 routes=9.600 grad=1.5761 seconds=67.9
Epoch 3768/5000: score=11.607390 loss=-0.119322 valid=1.0000 routes=10.288 grad=1.7305 seconds=68.1
Epoch 3769/5000: score=11.019171 loss=-0.119054 valid=1.0000 routes=9.470 grad=1.5294 seconds=66.8
Epoch 3770/5000: score=11.174325 loss=-0.126726 valid=1.0000 routes=9.650 grad=1.6380 seconds=68.6
Epoch 3771/5000: score=11.129757 loss=-0.120280 valid=1.0000 routes=9.642 grad=1.5935 seconds=68.0
Epoch 3772/5000: score=11.807956 loss=-0.109880 valid=1.0000 routes=10.431 grad=1.6693 seconds=67.4
Epoch 3773/5000: score=11.940282 loss=-0.118324 valid=1.0000 routes=10.179 grad=1.7665 seconds=67.2
Epoch 3774/5000: score=11.356242 loss=-0.123355 valid=1.0000 routes=9.854 grad=1.6695 seconds=66.6
Epoch 3775/5000: score=11.072024 loss=-0.121529 valid=1.0000 routes=9.654 grad=1.6342 seconds=66.7
Epoch 3776/5000: score=11.183262 loss=-0.111076 valid=1.0000 routes=10.087 grad=1.6260 seconds=66.3
Epoch 3777/5000: score=11.566422 loss=-0.115257 valid=1.0000 routes=9.820 grad=1.6543 seconds=66.1
Epoch 3778/5000: score=11.553139 loss=-0.123515 valid=1.0000 routes=10.469 grad=1.7712 seconds=66.7
Epoch 3779/5000: score=11.636065 loss=-0.114787 valid=1.0000 routes=9.918 grad=1.6506 seconds=66.0
Epoch 3780/5000: score=11.301242 loss=-0.121121 valid=1.0000 routes=9.588 grad=1.6040 seconds=66.8
Epoch 3781/5000: score=10.701006 loss=-0.115440 valid=1.0000 routes=9.042 grad=1.5018 seconds=66.5
Epoch 3782/5000: score=10.726298 loss=-0.120748 valid=1.0000 routes=9.278 grad=1.5263 seconds=66.5
Epoch 3783/5000: score=11.502631 loss=-0.115897 valid=1.0000 routes=9.785 grad=1.6355 seconds=66.5
Epoch 3784/5000: score=11.478357 loss=-0.114437 valid=1.0000 routes=10.193 grad=1.6870 seconds=66.2
Epoch 3785/5000: score=11.094282 loss=-0.108903 valid=1.0000 routes=9.676 grad=1.5373 seconds=66.4
Epoch 3786/5000: score=11.087066 loss=-0.119680 valid=1.0000 routes=9.824 grad=1.6622 seconds=66.3
Epoch 3787/5000: score=11.365033 loss=-0.120867 valid=1.0000 routes=10.006 grad=1.6719 seconds=66.5
Epoch 3788/5000: score=11.713546 loss=-0.113099 valid=1.0000 routes=9.962 grad=1.6604 seconds=66.6
Epoch 3789/5000: score=11.343713 loss=-0.116058 valid=1.0000 routes=9.862 grad=1.6392 seconds=66.1
Epoch 3790/5000: score=11.550837 loss=-0.117290 valid=1.0000 routes=10.617 grad=1.7566 seconds=66.7
Epoch 3791/5000: score=12.103969 loss=-0.113749 valid=1.0000 routes=10.652 grad=1.8646 seconds=66.0
Epoch 3792/5000: score=10.824003 loss=-0.119588 valid=1.0000 routes=9.359 grad=1.5413 seconds=67.0
Epoch 3793/5000: score=11.396530 loss=-0.118851 valid=1.0000 routes=9.891 grad=1.6821 seconds=66.7
Epoch 3794/5000: score=11.945594 loss=-0.112422 valid=1.0000 routes=10.729 grad=1.7773 seconds=66.0
Epoch 3795/5000: score=11.583306 loss=-0.116837 valid=1.0000 routes=9.995 grad=1.6451 seconds=67.0
Epoch 3796/5000: score=11.254278 loss=-0.119685 valid=1.0000 routes=9.826 grad=1.6407 seconds=66.3
Epoch 3797/5000: score=11.250658 loss=-0.113181 valid=1.0000 routes=9.844 grad=1.5862 seconds=66.6
Epoch 3798/5000: score=11.363070 loss=-0.120414 valid=1.0000 routes=9.914 grad=1.6448 seconds=66.2
Epoch 3799/5000: score=11.434618 loss=-0.112256 valid=1.0000 routes=10.215 grad=1.6663 seconds=66.2
Epoch 3800/5000: score=11.079726 loss=-0.111421 valid=1.0000 routes=9.929 grad=1.5930 seconds=66.6
Epoch 3801/5000: score=11.383621 loss=-0.117486 valid=1.0000 routes=9.950 grad=1.6534 seconds=66.1
>> Invalid instances, Re-generating ...
Epoch 3802/5000: score=11.943666 loss=-0.117416 valid=1.0000 routes=10.360 grad=1.7922 seconds=67.0
Epoch 3803/5000: score=11.537684 loss=-0.123837 valid=1.0000 routes=9.990 grad=1.7364 seconds=66.6
Epoch 3804/5000: score=10.880672 loss=-0.119652 valid=1.0000 routes=9.135 grad=1.5066 seconds=67.0
Epoch 3805/5000: score=11.358325 loss=-0.125616 valid=1.0000 routes=9.548 grad=1.6365 seconds=65.6
Epoch 3806/5000: score=11.345336 loss=-0.122172 valid=1.0000 routes=9.640 grad=1.6039 seconds=61.4
Epoch 3807/5000: score=11.185327 loss=-0.115182 valid=1.0000 routes=9.927 grad=1.6200 seconds=61.6
Epoch 3808/5000: score=11.070516 loss=-0.111850 valid=1.0000 routes=9.272 grad=1.5607 seconds=65.4
Epoch 3809/5000: score=11.871630 loss=-0.125511 valid=1.0000 routes=9.704 grad=1.7349 seconds=67.2
Epoch 3810/5000: score=11.285469 loss=-0.118452 valid=1.0000 routes=9.708 grad=1.6040 seconds=66.2
Epoch 3811/5000: score=11.231186 loss=-0.112113 valid=1.0000 routes=10.268 grad=1.6417 seconds=66.6
Epoch 3812/5000: score=11.763794 loss=-0.113901 valid=1.0000 routes=10.094 grad=1.7108 seconds=66.7
Epoch 3813/5000: score=11.732974 loss=-0.123485 valid=1.0000 routes=9.874 grad=1.7426 seconds=66.4
Epoch 3814/5000: score=11.228469 loss=-0.116493 valid=1.0000 routes=9.484 grad=1.6154 seconds=67.0
Epoch 3815/5000: score=11.157689 loss=-0.113937 valid=1.0000 routes=9.955 grad=1.6641 seconds=66.8
Epoch 3816/5000: score=11.746173 loss=-0.117835 valid=1.0000 routes=10.228 grad=1.7425 seconds=66.7
Epoch 3817/5000: score=10.979653 loss=-0.123391 valid=1.0000 routes=9.224 grad=1.6207 seconds=67.2
Epoch 3818/5000: score=11.220174 loss=-0.120611 valid=1.0000 routes=9.648 grad=1.6081 seconds=66.4
Epoch 3819/5000: score=10.675194 loss=-0.123787 valid=1.0000 routes=9.284 grad=1.5257 seconds=67.4
Epoch 3820/5000: score=11.463647 loss=-0.122583 valid=1.0000 routes=9.992 grad=1.6841 seconds=66.5
Epoch 3821/5000: score=11.391565 loss=-0.110445 valid=1.0000 routes=9.972 grad=1.6578 seconds=66.4
Epoch 3822/5000: score=11.664382 loss=-0.118067 valid=1.0000 routes=10.353 grad=1.7180 seconds=66.8
Epoch 3823/5000: score=11.137558 loss=-0.110665 valid=1.0000 routes=9.663 grad=1.5379 seconds=66.8
Epoch 3824/5000: score=11.145563 loss=-0.114203 valid=1.0000 routes=9.869 grad=1.5792 seconds=67.0
Epoch 3825/5000: score=11.676554 loss=-0.114014 valid=1.0000 routes=9.669 grad=1.6673 seconds=66.2
Epoch 3826/5000: score=11.005251 loss=-0.112509 valid=1.0000 routes=10.102 grad=1.5935 seconds=66.7
Epoch 3827/5000: score=10.686080 loss=-0.113963 valid=1.0000 routes=9.537 grad=1.5516 seconds=66.9
Epoch 3828/5000: score=11.545845 loss=-0.112610 valid=1.0000 routes=10.158 grad=1.7141 seconds=66.3
Epoch 3829/5000: score=11.370018 loss=-0.126329 valid=1.0000 routes=9.695 grad=1.6791 seconds=67.1
Epoch 3830/5000: score=11.627960 loss=-0.120842 valid=1.0000 routes=10.330 grad=1.7643 seconds=66.7
Epoch 3831/5000: score=10.946682 loss=-0.115416 valid=1.0000 routes=10.062 grad=1.5830 seconds=67.0
Epoch 3832/5000: score=10.978548 loss=-0.114783 valid=1.0000 routes=9.505 grad=1.5668 seconds=66.9
Epoch 3833/5000: score=10.817176 loss=-0.111481 valid=1.0000 routes=9.743 grad=1.5479 seconds=66.5
Epoch 3834/5000: score=11.417415 loss=-0.121074 valid=1.0000 routes=9.348 grad=1.6248 seconds=67.3
Epoch 3835/5000: score=11.167524 loss=-0.121741 valid=1.0000 routes=9.648 grad=1.6163 seconds=66.1
Epoch 3836/5000: score=11.924731 loss=-0.120225 valid=1.0000 routes=10.081 grad=1.7589 seconds=66.5
Epoch 3837/5000: score=11.754355 loss=-0.114348 valid=1.0000 routes=10.111 grad=1.6797 seconds=66.3
Epoch 3838/5000: score=11.699102 loss=-0.120886 valid=1.0000 routes=9.926 grad=1.6945 seconds=66.8
Epoch 3839/5000: score=11.087887 loss=-0.119649 valid=1.0000 routes=9.453 grad=1.5925 seconds=66.5
Epoch 3840/5000: score=11.193210 loss=-0.119607 valid=1.0000 routes=9.445 grad=1.5893 seconds=65.2
Epoch 3841/5000: score=11.150994 loss=-0.118997 valid=1.0000 routes=9.285 grad=1.5987 seconds=66.4
Epoch 3842/5000: score=11.841643 loss=-0.123677 valid=1.0000 routes=10.351 grad=1.7657 seconds=65.6
Epoch 3843/5000: score=11.232114 loss=-0.123756 valid=1.0000 routes=9.079 grad=1.5607 seconds=65.6
Epoch 3844/5000: score=11.292929 loss=-0.117240 valid=1.0000 routes=9.637 grad=1.6101 seconds=66.0
Epoch 3845/5000: score=11.853133 loss=-0.123457 valid=1.0000 routes=10.022 grad=1.7554 seconds=64.8
Epoch 3846/5000: score=11.182079 loss=-0.120546 valid=1.0000 routes=9.572 grad=1.6093 seconds=66.5
Epoch 3847/5000: score=11.535833 loss=-0.122774 valid=1.0000 routes=9.465 grad=1.6908 seconds=66.3
Epoch 3848/5000: score=11.196756 loss=-0.120854 valid=1.0000 routes=9.678 grad=1.6378 seconds=66.1
Epoch 3849/5000: score=10.892392 loss=-0.112829 valid=1.0000 routes=9.652 grad=1.5736 seconds=66.4
Epoch 3850/5000: score=11.239727 loss=-0.112015 valid=1.0000 routes=9.957 grad=1.6689 seconds=65.8
Epoch 3851/5000: score=11.955008 loss=-0.117597 valid=1.0000 routes=10.295 grad=1.7985 seconds=66.8
Epoch 3852/5000: score=11.058340 loss=-0.109999 valid=1.0000 routes=10.012 grad=1.5609 seconds=66.1
Epoch 3853/5000: score=11.268688 loss=-0.117919 valid=1.0000 routes=9.408 grad=1.6522 seconds=66.3
Epoch 3854/5000: score=11.638657 loss=-0.115774 valid=1.0000 routes=10.445 grad=1.7695 seconds=66.7
Epoch 3855/5000: score=11.238519 loss=-0.120182 valid=1.0000 routes=9.451 grad=1.6249 seconds=66.1
Epoch 3856/5000: score=11.210282 loss=-0.119340 valid=1.0000 routes=9.686 grad=1.6381 seconds=66.7
Epoch 3857/5000: score=11.453611 loss=-0.112361 valid=1.0000 routes=9.964 grad=1.6172 seconds=65.6
Epoch 3858/5000: score=11.509517 loss=-0.115427 valid=1.0000 routes=10.265 grad=1.7155 seconds=66.3
Epoch 3859/5000: score=11.487895 loss=-0.116954 valid=1.0000 routes=10.106 grad=1.6953 seconds=66.0
Epoch 3860/5000: score=10.842990 loss=-0.114689 valid=1.0000 routes=9.538 grad=1.5324 seconds=66.2
Epoch 3861/5000: score=10.836134 loss=-0.114711 valid=1.0000 routes=9.884 grad=1.5654 seconds=66.5
Epoch 3862/5000: score=11.288228 loss=-0.119346 valid=1.0000 routes=9.235 grad=1.5705 seconds=66.0
Epoch 3863/5000: score=11.424914 loss=-0.121092 valid=1.0000 routes=9.682 grad=1.6453 seconds=66.6
Epoch 3864/5000: score=11.140425 loss=-0.116118 valid=1.0000 routes=9.762 grad=1.6217 seconds=66.3
Epoch 3865/5000: score=11.734013 loss=-0.116645 valid=1.0000 routes=10.235 grad=1.7536 seconds=66.5
Epoch 3866/5000: score=12.076702 loss=-0.115391 valid=1.0000 routes=10.275 grad=1.7980 seconds=67.0
Epoch 3867/5000: score=11.551745 loss=-0.115804 valid=1.0000 routes=9.952 grad=1.6816 seconds=66.0
Epoch 3868/5000: score=11.841148 loss=-0.120232 valid=1.0000 routes=10.378 grad=1.8153 seconds=67.5
Epoch 3869/5000: score=11.299950 loss=-0.116831 valid=1.0000 routes=9.785 grad=1.6086 seconds=66.7
Epoch 3870/5000: score=11.085471 loss=-0.113254 valid=1.0000 routes=9.936 grad=1.5989 seconds=66.6
Epoch 3871/5000: score=11.328241 loss=-0.120734 valid=1.0000 routes=9.611 grad=1.6701 seconds=67.5
Epoch 3872/5000: score=11.444778 loss=-0.111140 valid=1.0000 routes=9.687 grad=1.6234 seconds=66.0
Epoch 3873/5000: score=11.886275 loss=-0.115474 valid=1.0000 routes=9.872 grad=1.7408 seconds=66.9
Epoch 3874/5000: score=11.738142 loss=-0.115772 valid=1.0000 routes=10.202 grad=1.8254 seconds=66.8
Epoch 3875/5000: score=11.309666 loss=-0.123523 valid=1.0000 routes=9.708 grad=1.6929 seconds=66.0
Epoch 3876/5000: score=11.083281 loss=-0.116733 valid=1.0000 routes=9.513 grad=1.5427 seconds=66.3
Epoch 3877/5000: score=11.439083 loss=-0.116969 valid=1.0000 routes=9.743 grad=1.6321 seconds=65.9
Epoch 3878/5000: score=11.638862 loss=-0.119875 valid=1.0000 routes=9.490 grad=1.6595 seconds=66.5
Epoch 3879/5000: score=11.534563 loss=-0.114477 valid=1.0000 routes=9.964 grad=1.6985 seconds=66.3
Epoch 3880/5000: score=11.191066 loss=-0.122052 valid=1.0000 routes=9.837 grad=1.6718 seconds=66.5
Epoch 3881/5000: score=11.682289 loss=-0.114161 valid=1.0000 routes=10.045 grad=1.6386 seconds=66.3
Epoch 3882/5000: score=11.492061 loss=-0.114015 valid=1.0000 routes=9.847 grad=1.5999 seconds=65.8
Epoch 3883/5000: score=11.766863 loss=-0.113046 valid=1.0000 routes=10.251 grad=1.7416 seconds=66.7
Epoch 3884/5000: score=11.257455 loss=-0.114071 valid=1.0000 routes=9.721 grad=1.6701 seconds=66.3
Epoch 3885/5000: score=11.004935 loss=-0.115330 valid=1.0000 routes=9.410 grad=1.5794 seconds=66.0
Epoch 3886/5000: score=11.171137 loss=-0.112855 valid=1.0000 routes=9.335 grad=1.5228 seconds=65.7
Epoch 3887/5000: score=10.924342 loss=-0.120619 valid=1.0000 routes=9.149 grad=1.5075 seconds=65.9
Epoch 3888/5000: score=11.474931 loss=-0.117534 valid=1.0000 routes=9.590 grad=1.5995 seconds=66.4
Epoch 3889/5000: score=11.324972 loss=-0.118660 valid=1.0000 routes=10.317 grad=1.7105 seconds=65.9
Epoch 3890/5000: score=11.357060 loss=-0.121666 valid=1.0000 routes=10.105 grad=1.6955 seconds=66.3
Epoch 3891/5000: score=11.415643 loss=-0.124248 valid=1.0000 routes=9.746 grad=1.6710 seconds=66.4
Epoch 3892/5000: score=10.952443 loss=-0.111859 valid=1.0000 routes=9.735 grad=1.4618 seconds=66.0
Epoch 3893/5000: score=11.280994 loss=-0.108361 valid=1.0000 routes=9.652 grad=1.5913 seconds=66.5
Epoch 3894/5000: score=11.382835 loss=-0.117538 valid=1.0000 routes=9.640 grad=1.6377 seconds=66.1
Epoch 3895/5000: score=11.270152 loss=-0.110318 valid=1.0000 routes=10.378 grad=1.6096 seconds=66.6
Epoch 3896/5000: score=11.587798 loss=-0.115084 valid=1.0000 routes=9.888 grad=1.6429 seconds=65.7
Epoch 3897/5000: score=11.421986 loss=-0.115093 valid=1.0000 routes=9.623 grad=1.5822 seconds=66.0
Epoch 3898/5000: score=11.152913 loss=-0.121856 valid=1.0000 routes=9.970 grad=1.6229 seconds=66.4
Epoch 3899/5000: score=11.359889 loss=-0.112894 valid=1.0000 routes=9.856 grad=1.6133 seconds=65.2
Epoch 3900/5000: score=11.100957 loss=-0.118437 valid=1.0000 routes=9.774 grad=1.6073 seconds=66.4
Epoch 3901/5000: score=11.166873 loss=-0.123445 valid=1.0000 routes=9.251 grad=1.5709 seconds=65.7
Epoch 3902/5000: score=11.657401 loss=-0.111188 valid=1.0000 routes=10.307 grad=1.6813 seconds=65.9
Epoch 3903/5000: score=11.510927 loss=-0.115353 valid=1.0000 routes=10.163 grad=1.6467 seconds=66.2
Epoch 3904/5000: score=11.374850 loss=-0.110786 valid=1.0000 routes=10.083 grad=1.6117 seconds=66.2
Epoch 3905/5000: score=11.241740 loss=-0.121809 valid=1.0000 routes=9.568 grad=1.6171 seconds=66.8
Epoch 3906/5000: score=11.784347 loss=-0.117135 valid=1.0000 routes=10.022 grad=1.6954 seconds=66.4
Epoch 3907/5000: score=11.669841 loss=-0.123339 valid=1.0000 routes=9.765 grad=1.7319 seconds=66.5
Epoch 3908/5000: score=11.312515 loss=-0.121866 valid=1.0000 routes=9.904 grad=1.6053 seconds=66.3
Epoch 3909/5000: score=10.996026 loss=-0.115464 valid=1.0000 routes=9.740 grad=1.6077 seconds=66.0
Epoch 3910/5000: score=11.568977 loss=-0.123409 valid=1.0000 routes=9.765 grad=1.7056 seconds=66.4
Epoch 3911/5000: score=11.115226 loss=-0.119620 valid=1.0000 routes=10.035 grad=1.6811 seconds=66.3
Epoch 3912/5000: score=10.992797 loss=-0.113743 valid=1.0000 routes=9.242 grad=1.5069 seconds=66.5
Epoch 3913/5000: score=11.207706 loss=-0.119888 valid=1.0000 routes=9.708 grad=1.6776 seconds=66.4
Epoch 3914/5000: score=11.133856 loss=-0.119220 valid=1.0000 routes=9.684 grad=1.6170 seconds=67.0
Epoch 3915/5000: score=11.411134 loss=-0.108829 valid=1.0000 routes=10.259 grad=1.5999 seconds=66.7
Epoch 3916/5000: score=11.143369 loss=-0.114806 valid=1.0000 routes=10.068 grad=1.6308 seconds=66.3
Epoch 3917/5000: score=11.341236 loss=-0.120153 valid=1.0000 routes=9.634 grad=1.6382 seconds=66.9
Epoch 3918/5000: score=12.031245 loss=-0.124614 valid=1.0000 routes=9.978 grad=1.8200 seconds=66.7
Epoch 3919/5000: score=10.893493 loss=-0.113169 valid=1.0000 routes=9.341 grad=1.5163 seconds=66.3
Epoch 3920/5000: score=12.053007 loss=-0.122991 valid=1.0000 routes=10.512 grad=1.8439 seconds=66.5
Epoch 3921/5000: score=11.667334 loss=-0.122761 valid=1.0000 routes=10.078 grad=1.7699 seconds=65.6
Epoch 3922/5000: score=11.599511 loss=-0.115926 valid=1.0000 routes=10.142 grad=1.6786 seconds=66.5
Epoch 3923/5000: score=11.268503 loss=-0.114159 valid=1.0000 routes=9.782 grad=1.5861 seconds=65.9
Epoch 3924/5000: score=11.824081 loss=-0.120899 valid=1.0000 routes=9.607 grad=1.7109 seconds=66.3
Epoch 3925/5000: score=11.095416 loss=-0.113034 valid=1.0000 routes=9.929 grad=1.6040 seconds=66.6
Epoch 3926/5000: score=11.299564 loss=-0.118223 valid=1.0000 routes=9.265 grad=1.5692 seconds=65.7
Epoch 3927/5000: score=11.594639 loss=-0.124337 valid=1.0000 routes=9.539 grad=1.7004 seconds=66.3
Epoch 3928/5000: score=11.266219 loss=-0.124713 valid=1.0000 routes=9.509 grad=1.6057 seconds=65.7
Epoch 3929/5000: score=11.740759 loss=-0.117285 valid=1.0000 routes=10.235 grad=1.6806 seconds=66.6
Epoch 3930/5000: score=11.404137 loss=-0.112305 valid=1.0000 routes=9.568 grad=1.6044 seconds=66.1
Epoch 3931/5000: score=11.133485 loss=-0.107059 valid=1.0000 routes=9.842 grad=1.5343 seconds=66.2
Epoch 3932/5000: score=11.039330 loss=-0.107719 valid=1.0000 routes=9.764 grad=1.5501 seconds=66.4
Epoch 3933/5000: score=11.095165 loss=-0.107209 valid=1.0000 routes=10.143 grad=1.5907 seconds=65.9
Epoch 3934/5000: score=10.988469 loss=-0.119635 valid=1.0000 routes=9.596 grad=1.6626 seconds=66.5
Epoch 3935/5000: score=11.075751 loss=-0.113180 valid=1.0000 routes=9.778 grad=1.5324 seconds=65.8
Epoch 3936/5000: score=10.763328 loss=-0.121089 valid=1.0000 routes=9.328 grad=1.5028 seconds=66.6
Epoch 3937/5000: score=11.010783 loss=-0.117544 valid=1.0000 routes=9.261 grad=1.4987 seconds=66.2
Epoch 3938/5000: score=10.802035 loss=-0.114754 valid=1.0000 routes=9.918 grad=1.5346 seconds=66.0
Epoch 3939/5000: score=11.063608 loss=-0.126944 valid=1.0000 routes=9.853 grad=1.6891 seconds=66.5
Epoch 3940/5000: score=11.284876 loss=-0.117892 valid=1.0000 routes=9.600 grad=1.6146 seconds=65.6
Epoch 3941/5000: score=11.341494 loss=-0.111562 valid=1.0000 routes=9.795 grad=1.5445 seconds=66.4
Epoch 3942/5000: score=11.440164 loss=-0.120838 valid=1.0000 routes=9.926 grad=1.6961 seconds=65.9
Epoch 3943/5000: score=11.655716 loss=-0.120626 valid=1.0000 routes=10.075 grad=1.6709 seconds=66.0
Epoch 3944/5000: score=11.702464 loss=-0.115792 valid=1.0000 routes=10.660 grad=1.7579 seconds=66.0
Epoch 3945/5000: score=11.412298 loss=-0.120402 valid=1.0000 routes=9.976 grad=1.7058 seconds=66.2
Epoch 3946/5000: score=11.324386 loss=-0.118417 valid=1.0000 routes=10.205 grad=1.7261 seconds=66.3
Epoch 3947/5000: score=11.067952 loss=-0.125999 valid=1.0000 routes=9.226 grad=1.6410 seconds=66.2
Epoch 3948/5000: score=11.607236 loss=-0.123343 valid=1.0000 routes=9.705 grad=1.7159 seconds=66.6
Epoch 3949/5000: score=11.635399 loss=-0.120299 valid=1.0000 routes=10.178 grad=1.7109 seconds=66.2
Epoch 3950/5000: score=11.356306 loss=-0.122429 valid=1.0000 routes=9.504 grad=1.5662 seconds=66.2
Epoch 3951/5000: score=11.492909 loss=-0.110249 valid=1.0000 routes=10.278 grad=1.6528 seconds=66.4
Epoch 3952/5000: score=11.190133 loss=-0.109388 valid=1.0000 routes=10.066 grad=1.6113 seconds=65.8
Epoch 3953/5000: score=11.484625 loss=-0.118734 valid=1.0000 routes=9.866 grad=1.6733 seconds=66.6
Epoch 3954/5000: score=10.980034 loss=-0.113936 valid=1.0000 routes=9.379 grad=1.5324 seconds=65.6
Epoch 3955/5000: score=11.285158 loss=-0.116735 valid=1.0000 routes=9.745 grad=1.6236 seconds=66.0
Epoch 3956/5000: score=11.301460 loss=-0.112403 valid=1.0000 routes=9.693 grad=1.5700 seconds=65.6
Epoch 3957/5000: score=10.938950 loss=-0.116129 valid=1.0000 routes=9.580 grad=1.5468 seconds=65.5
Epoch 3958/5000: score=11.455741 loss=-0.118283 valid=1.0000 routes=10.305 grad=1.7005 seconds=66.2
Epoch 3959/5000: score=11.034992 loss=-0.117747 valid=1.0000 routes=9.821 grad=1.6278 seconds=66.3
Epoch 3960/5000: score=11.678930 loss=-0.121796 valid=1.0000 routes=9.543 grad=1.7053 seconds=66.6
Epoch 3961/5000: score=11.005328 loss=-0.116196 valid=1.0000 routes=9.671 grad=1.5338 seconds=65.9
Epoch 3962/5000: score=11.590140 loss=-0.121630 valid=1.0000 routes=10.007 grad=1.6818 seconds=66.1
Epoch 3963/5000: score=10.824346 loss=-0.113111 valid=1.0000 routes=9.273 grad=1.4678 seconds=65.5
Epoch 3964/5000: score=11.958122 loss=-0.122925 valid=1.0000 routes=10.143 grad=1.7498 seconds=63.9
Epoch 3965/5000: score=11.353031 loss=-0.117502 valid=1.0000 routes=9.390 grad=1.5802 seconds=65.9
Epoch 3966/5000: score=11.438248 loss=-0.118071 valid=1.0000 routes=9.771 grad=1.7350 seconds=66.6
Epoch 3967/5000: score=11.236482 loss=-0.110734 valid=1.0000 routes=9.802 grad=1.5669 seconds=66.5
Epoch 3968/5000: score=11.404332 loss=-0.114044 valid=1.0000 routes=10.207 grad=1.6765 seconds=65.8
Epoch 3969/5000: score=11.448834 loss=-0.110273 valid=1.0000 routes=9.633 grad=1.6265 seconds=65.7
Epoch 3970/5000: score=11.356031 loss=-0.124354 valid=1.0000 routes=9.523 grad=1.6344 seconds=66.3
Epoch 3971/5000: score=12.061349 loss=-0.119367 valid=1.0000 routes=10.532 grad=1.7697 seconds=65.7
Epoch 3972/5000: score=11.289745 loss=-0.115524 valid=1.0000 routes=9.616 grad=1.6058 seconds=66.4
Epoch 3973/5000: score=11.358865 loss=-0.123143 valid=1.0000 routes=9.135 grad=1.5931 seconds=66.3
Epoch 3974/5000: score=11.429792 loss=-0.110137 valid=1.0000 routes=9.959 grad=1.6436 seconds=66.0
Epoch 3975/5000: score=11.750906 loss=-0.113089 valid=1.0000 routes=10.113 grad=1.7122 seconds=65.7
Epoch 3976/5000: score=11.298502 loss=-0.107955 valid=1.0000 routes=9.969 grad=1.5434 seconds=65.9
Epoch 3977/5000: score=11.408858 loss=-0.117787 valid=1.0000 routes=9.616 grad=1.6406 seconds=65.9
Epoch 3978/5000: score=11.203276 loss=-0.113756 valid=1.0000 routes=9.611 grad=1.5847 seconds=65.9
Epoch 3979/5000: score=11.559231 loss=-0.124114 valid=1.0000 routes=10.048 grad=1.7463 seconds=66.2
Epoch 3980/5000: score=11.750489 loss=-0.116307 valid=1.0000 routes=10.256 grad=1.7096 seconds=66.3
Epoch 3981/5000: score=11.328198 loss=-0.112010 valid=1.0000 routes=9.876 grad=1.6120 seconds=65.2
Epoch 3982/5000: score=11.117376 loss=-0.118683 valid=1.0000 routes=9.861 grad=1.6011 seconds=66.0
>> Invalid instances, Re-generating ...
Epoch 3983/5000: score=11.264575 loss=-0.118225 valid=1.0000 routes=9.780 grad=1.6649 seconds=66.0
Epoch 3984/5000: score=11.523194 loss=-0.112597 valid=1.0000 routes=10.429 grad=1.7386 seconds=66.4
Epoch 3985/5000: score=11.524987 loss=-0.121507 valid=1.0000 routes=9.833 grad=1.7150 seconds=66.6
>> Invalid instances, Re-generating ...
Epoch 3986/5000: score=11.615818 loss=-0.115395 valid=1.0000 routes=10.239 grad=1.7580 seconds=65.7
Epoch 3987/5000: score=11.521862 loss=-0.114247 valid=1.0000 routes=9.775 grad=1.6218 seconds=66.6
Epoch 3988/5000: score=11.068302 loss=-0.119794 valid=1.0000 routes=9.400 grad=1.6085 seconds=66.1
Epoch 3989/5000: score=11.929324 loss=-0.114748 valid=1.0000 routes=10.646 grad=1.8108 seconds=66.4
Epoch 3990/5000: score=11.447323 loss=-0.110380 valid=1.0000 routes=10.200 grad=1.6674 seconds=66.5
Epoch 3991/5000: score=11.336258 loss=-0.120532 valid=1.0000 routes=9.547 grad=1.6286 seconds=65.6
Epoch 3992/5000: score=11.651392 loss=-0.118363 valid=1.0000 routes=9.817 grad=1.6835 seconds=66.5
Epoch 3993/5000: score=11.092085 loss=-0.114225 valid=1.0000 routes=9.325 grad=1.5946 seconds=65.8
Epoch 3994/5000: score=11.485998 loss=-0.115229 valid=1.0000 routes=9.816 grad=1.6712 seconds=66.3
Epoch 3995/5000: score=11.118610 loss=-0.114979 valid=1.0000 routes=9.164 grad=1.5419 seconds=66.6
Epoch 3996/5000: score=11.634678 loss=-0.114169 valid=1.0000 routes=10.035 grad=1.6818 seconds=65.7
Epoch 3997/5000: score=11.498542 loss=-0.113112 valid=1.0000 routes=9.992 grad=1.6418 seconds=66.4
Epoch 3998/5000: score=11.031608 loss=-0.117007 valid=1.0000 routes=9.749 grad=1.6280 seconds=65.7
Epoch 3999/5000: score=11.631545 loss=-0.127071 valid=1.0000 routes=9.775 grad=1.7063 seconds=66.7
Epoch 4000/5000: score=11.386935 loss=-0.113614 valid=1.0000 routes=9.900 grad=1.6330 seconds=65.8
Epoch 4001/5000: score=11.407974 loss=-0.116934 valid=1.0000 routes=10.086 grad=1.6636 seconds=65.9
Epoch 4002/5000: score=11.318186 loss=-0.123935 valid=1.0000 routes=9.735 grad=1.6588 seconds=66.5
Epoch 4003/5000: score=11.457614 loss=-0.121345 valid=1.0000 routes=9.472 grad=1.6255 seconds=66.1
Epoch 4004/5000: score=11.053459 loss=-0.110863 valid=1.0000 routes=10.074 grad=1.5277 seconds=66.7
Epoch 4005/5000: score=11.515857 loss=-0.117180 valid=1.0000 routes=9.748 grad=1.6707 seconds=66.1
Epoch 4006/5000: score=10.817060 loss=-0.115776 valid=1.0000 routes=9.414 grad=1.5248 seconds=66.7
Epoch 4007/5000: score=10.886880 loss=-0.115981 valid=1.0000 routes=9.401 grad=1.5440 seconds=66.4
Epoch 4008/5000: score=11.139051 loss=-0.114613 valid=1.0000 routes=9.696 grad=1.5791 seconds=66.0
Epoch 4009/5000: score=10.849343 loss=-0.112360 valid=1.0000 routes=9.590 grad=1.5572 seconds=66.9
Epoch 4010/5000: score=11.696386 loss=-0.115294 valid=1.0000 routes=10.292 grad=1.7221 seconds=66.5
Epoch 4011/5000: score=11.675625 loss=-0.125209 valid=1.0000 routes=9.817 grad=1.7119 seconds=66.9
Epoch 4012/5000: score=11.762375 loss=-0.118854 valid=1.0000 routes=9.856 grad=1.7322 seconds=66.2
Epoch 4013/5000: score=11.387848 loss=-0.122922 valid=1.0000 routes=10.041 grad=1.6837 seconds=66.4
Epoch 4014/5000: score=11.052130 loss=-0.111278 valid=1.0000 routes=9.473 grad=1.5101 seconds=66.8
Epoch 4015/5000: score=11.231804 loss=-0.114081 valid=1.0000 routes=9.581 grad=1.5483 seconds=66.2
Epoch 4016/5000: score=10.932753 loss=-0.114876 valid=1.0000 routes=9.421 grad=1.5245 seconds=65.9
Epoch 4017/5000: score=10.922434 loss=-0.109059 valid=1.0000 routes=10.092 grad=1.5928 seconds=66.1
Epoch 4018/5000: score=11.460830 loss=-0.111402 valid=1.0000 routes=10.209 grad=1.6870 seconds=66.3
Epoch 4019/5000: score=11.497209 loss=-0.111314 valid=1.0000 routes=10.151 grad=1.6747 seconds=62.9
Epoch 4020/5000: score=11.460907 loss=-0.115780 valid=1.0000 routes=10.060 grad=1.6747 seconds=61.7
Epoch 4021/5000: score=11.136515 loss=-0.118830 valid=1.0000 routes=9.405 grad=1.6320 seconds=62.3
Epoch 4022/5000: score=11.249368 loss=-0.122517 valid=1.0000 routes=9.060 grad=1.5362 seconds=61.9
Epoch 4023/5000: score=11.198861 loss=-0.122623 valid=1.0000 routes=9.489 grad=1.6373 seconds=65.6
Epoch 4024/5000: score=10.943730 loss=-0.121898 valid=1.0000 routes=9.342 grad=1.5949 seconds=66.7
Epoch 4025/5000: score=11.496221 loss=-0.108970 valid=1.0000 routes=10.310 grad=1.6313 seconds=66.2
Epoch 4026/5000: score=11.626201 loss=-0.125823 valid=1.0000 routes=9.643 grad=1.7338 seconds=66.9
Epoch 4027/5000: score=11.688241 loss=-0.119101 valid=1.0000 routes=10.422 grad=1.7724 seconds=66.2
Epoch 4028/5000: score=11.918483 loss=-0.117120 valid=1.0000 routes=10.206 grad=1.7571 seconds=66.1
Epoch 4029/5000: score=10.973931 loss=-0.116200 valid=1.0000 routes=9.651 grad=1.5706 seconds=66.7
Epoch 4030/5000: score=11.021614 loss=-0.105484 valid=1.0000 routes=9.769 grad=1.5202 seconds=66.3
Epoch 4031/5000: score=11.175011 loss=-0.118172 valid=1.0000 routes=9.761 grad=1.6279 seconds=66.4
Epoch 4032/5000: score=11.226922 loss=-0.118923 valid=1.0000 routes=9.822 grad=1.6839 seconds=66.4
Epoch 4033/5000: score=10.684813 loss=-0.126421 valid=1.0000 routes=8.729 grad=1.5285 seconds=67.1
Epoch 4034/5000: score=11.602479 loss=-0.118658 valid=1.0000 routes=9.922 grad=1.6801 seconds=66.5
Epoch 4035/5000: score=11.603199 loss=-0.112123 valid=1.0000 routes=10.066 grad=1.6280 seconds=66.4
Epoch 4036/5000: score=11.090690 loss=-0.109987 valid=1.0000 routes=9.917 grad=1.5832 seconds=66.7
Epoch 4037/5000: score=11.249526 loss=-0.117274 valid=1.0000 routes=9.550 grad=1.6132 seconds=66.1
Epoch 4038/5000: score=11.563869 loss=-0.118321 valid=1.0000 routes=9.991 grad=1.7328 seconds=67.2
Epoch 4039/5000: score=11.370896 loss=-0.116817 valid=1.0000 routes=9.754 grad=1.6542 seconds=66.6
Epoch 4040/5000: score=11.179887 loss=-0.117295 valid=1.0000 routes=9.656 grad=1.6000 seconds=66.7
Epoch 4041/5000: score=11.228785 loss=-0.118999 valid=1.0000 routes=9.526 grad=1.6338 seconds=66.8
Epoch 4042/5000: score=11.114663 loss=-0.112867 valid=1.0000 routes=10.060 grad=1.5851 seconds=66.1
Epoch 4043/5000: score=11.278495 loss=-0.124077 valid=1.0000 routes=9.290 grad=1.5957 seconds=67.2
Epoch 4044/5000: score=11.683241 loss=-0.120228 valid=1.0000 routes=9.616 grad=1.6482 seconds=66.6
Epoch 4045/5000: score=11.172960 loss=-0.111609 valid=1.0000 routes=9.803 grad=1.5539 seconds=66.2
Epoch 4046/5000: score=11.201926 loss=-0.109866 valid=1.0000 routes=9.990 grad=1.6095 seconds=66.6
Epoch 4047/5000: score=12.001560 loss=-0.116488 valid=1.0000 routes=10.559 grad=1.8826 seconds=66.5
Epoch 4048/5000: score=11.335690 loss=-0.115493 valid=1.0000 routes=10.393 grad=1.6864 seconds=66.7
Epoch 4049/5000: score=11.220310 loss=-0.118970 valid=1.0000 routes=9.617 grad=1.5866 seconds=66.3
Epoch 4050/5000: score=11.336669 loss=-0.111421 valid=1.0000 routes=9.763 grad=1.5975 seconds=66.0
Epoch 4051/5000: score=11.444891 loss=-0.122423 valid=1.0000 routes=9.551 grad=1.6572 seconds=66.5
Epoch 4052/5000: score=10.742511 loss=-0.117919 valid=1.0000 routes=9.535 grad=1.4772 seconds=65.9
Epoch 4053/5000: score=11.171499 loss=-0.111331 valid=1.0000 routes=10.169 grad=1.6003 seconds=66.4
Epoch 4054/5000: score=11.319560 loss=-0.122153 valid=1.0000 routes=9.665 grad=1.6315 seconds=66.1
Epoch 4055/5000: score=11.285496 loss=-0.122875 valid=1.0000 routes=9.520 grad=1.6657 seconds=66.9
Epoch 4056/5000: score=10.842609 loss=-0.121327 valid=1.0000 routes=9.446 grad=1.5509 seconds=66.7
Epoch 4057/5000: score=11.715724 loss=-0.121341 valid=1.0000 routes=9.716 grad=1.7407 seconds=65.9
Epoch 4058/5000: score=11.374798 loss=-0.114762 valid=1.0000 routes=9.672 grad=1.5939 seconds=66.4
Epoch 4059/5000: score=11.794218 loss=-0.129352 valid=1.0000 routes=9.727 grad=1.7796 seconds=66.9
Epoch 4060/5000: score=11.494089 loss=-0.119271 valid=1.0000 routes=9.843 grad=1.6403 seconds=67.1
Epoch 4061/5000: score=11.522563 loss=-0.120076 valid=1.0000 routes=9.835 grad=1.6778 seconds=67.2
Epoch 4062/5000: score=11.650532 loss=-0.118604 valid=1.0000 routes=10.169 grad=1.6955 seconds=66.8
Epoch 4063/5000: score=11.435335 loss=-0.108086 valid=1.0000 routes=10.650 grad=1.6711 seconds=66.7
Epoch 4064/5000: score=11.643311 loss=-0.118681 valid=1.0000 routes=10.261 grad=1.7757 seconds=66.6
Epoch 4065/5000: score=11.678147 loss=-0.122006 valid=1.0000 routes=9.520 grad=1.6793 seconds=66.7
Epoch 4066/5000: score=11.421744 loss=-0.108197 valid=1.0000 routes=10.365 grad=1.6562 seconds=66.3
Epoch 4067/5000: score=10.542949 loss=-0.120413 valid=1.0000 routes=8.844 grad=1.4773 seconds=66.6
Epoch 4068/5000: score=11.333545 loss=-0.112635 valid=1.0000 routes=9.742 grad=1.6531 seconds=67.0
Epoch 4069/5000: score=10.785563 loss=-0.113205 valid=1.0000 routes=9.240 grad=1.4766 seconds=66.6
Epoch 4070/5000: score=11.342762 loss=-0.110330 valid=1.0000 routes=9.883 grad=1.6264 seconds=67.1
Epoch 4071/5000: score=11.588054 loss=-0.119536 valid=1.0000 routes=9.676 grad=1.6306 seconds=66.9
Epoch 4072/5000: score=11.718352 loss=-0.118640 valid=1.0000 routes=10.008 grad=1.7262 seconds=67.1
Epoch 4073/5000: score=11.606212 loss=-0.112781 valid=1.0000 routes=10.503 grad=1.7727 seconds=67.2
Epoch 4074/5000: score=11.116881 loss=-0.112522 valid=1.0000 routes=10.070 grad=1.5585 seconds=66.1
Epoch 4075/5000: score=11.206147 loss=-0.118403 valid=1.0000 routes=9.708 grad=1.5972 seconds=66.8
Epoch 4076/5000: score=11.702353 loss=-0.111684 valid=1.0000 routes=10.226 grad=1.6804 seconds=66.2
Epoch 4077/5000: score=11.221425 loss=-0.119687 valid=1.0000 routes=9.732 grad=1.6489 seconds=66.7
Epoch 4078/5000: score=11.758554 loss=-0.115983 valid=1.0000 routes=10.006 grad=1.6992 seconds=66.8
Epoch 4079/5000: score=11.714868 loss=-0.126564 valid=1.0000 routes=10.214 grad=1.7771 seconds=66.2
Epoch 4080/5000: score=10.691733 loss=-0.126694 valid=1.0000 routes=8.513 grad=1.4576 seconds=67.3
Epoch 4081/5000: score=11.250631 loss=-0.120168 valid=1.0000 routes=9.745 grad=1.6233 seconds=67.0
Epoch 4082/5000: score=11.688036 loss=-0.116238 valid=1.0000 routes=9.854 grad=1.6754 seconds=67.3
Epoch 4083/5000: score=11.645174 loss=-0.120878 valid=1.0000 routes=9.900 grad=1.7079 seconds=67.0
Epoch 4084/5000: score=11.620088 loss=-0.121507 valid=1.0000 routes=9.967 grad=1.7435 seconds=66.9
Epoch 4085/5000: score=11.893803 loss=-0.119112 valid=1.0000 routes=10.288 grad=1.7833 seconds=67.4
Epoch 4086/5000: score=10.738410 loss=-0.110429 valid=1.0000 routes=9.097 grad=1.4344 seconds=66.3
Epoch 4087/5000: score=10.730810 loss=-0.111576 valid=1.0000 routes=9.185 grad=1.4487 seconds=66.9
Epoch 4088/5000: score=11.905174 loss=-0.112162 valid=1.0000 routes=10.131 grad=1.7632 seconds=66.3
Epoch 4089/5000: score=11.555496 loss=-0.117984 valid=1.0000 routes=10.047 grad=1.7114 seconds=66.3
Epoch 4090/5000: score=11.469407 loss=-0.117664 valid=1.0000 routes=9.795 grad=1.6385 seconds=67.0
Epoch 4091/5000: score=11.660732 loss=-0.119548 valid=1.0000 routes=10.225 grad=1.7123 seconds=65.7
Epoch 4092/5000: score=11.264494 loss=-0.113226 valid=1.0000 routes=9.782 grad=1.5795 seconds=66.4
Epoch 4093/5000: score=11.503163 loss=-0.115466 valid=1.0000 routes=9.907 grad=1.6722 seconds=66.3
Epoch 4094/5000: score=11.626574 loss=-0.117473 valid=1.0000 routes=9.630 grad=1.6629 seconds=66.1
Epoch 4095/5000: score=11.303299 loss=-0.116095 valid=1.0000 routes=9.422 grad=1.6053 seconds=66.6
Epoch 4096/5000: score=11.227334 loss=-0.119315 valid=1.0000 routes=9.784 grad=1.6254 seconds=66.2
Epoch 4097/5000: score=11.538321 loss=-0.107362 valid=1.0000 routes=10.286 grad=1.6482 seconds=66.6
Epoch 4098/5000: score=11.369635 loss=-0.110869 valid=1.0000 routes=10.248 grad=1.7098 seconds=66.5
Epoch 4099/5000: score=11.525903 loss=-0.120335 valid=1.0000 routes=9.963 grad=1.7243 seconds=66.7
Epoch 4100/5000: score=11.306927 loss=-0.119980 valid=1.0000 routes=9.876 grad=1.6811 seconds=66.9
Epoch 4101/5000: score=11.432974 loss=-0.114461 valid=1.0000 routes=9.991 grad=1.6701 seconds=66.9
Epoch 4102/5000: score=11.098336 loss=-0.115627 valid=1.0000 routes=9.528 grad=1.5818 seconds=67.2
Epoch 4103/5000: score=11.436845 loss=-0.117151 valid=1.0000 routes=9.941 grad=1.6447 seconds=66.8
Epoch 4104/5000: score=11.285705 loss=-0.115266 valid=1.0000 routes=9.346 grad=1.5521 seconds=66.4
Epoch 4105/5000: score=11.463869 loss=-0.111961 valid=1.0000 routes=9.543 grad=1.5670 seconds=66.4
Epoch 4106/5000: score=10.993793 loss=-0.118763 valid=1.0000 routes=9.477 grad=1.5192 seconds=66.5
Epoch 4107/5000: score=11.425420 loss=-0.114237 valid=1.0000 routes=9.505 grad=1.6182 seconds=66.6
Epoch 4108/5000: score=11.518457 loss=-0.109862 valid=1.0000 routes=9.972 grad=1.6868 seconds=66.1
Epoch 4109/5000: score=11.383959 loss=-0.117311 valid=1.0000 routes=9.921 grad=1.6473 seconds=67.1
Epoch 4110/5000: score=11.541434 loss=-0.116239 valid=1.0000 routes=9.502 grad=1.6296 seconds=67.4
Epoch 4111/5000: score=11.373564 loss=-0.114503 valid=1.0000 routes=10.093 grad=1.6335 seconds=66.9
Epoch 4112/5000: score=11.547672 loss=-0.116154 valid=1.0000 routes=10.306 grad=1.6871 seconds=66.9
Epoch 4113/5000: score=11.299394 loss=-0.117949 valid=1.0000 routes=9.601 grad=1.6257 seconds=66.3
Epoch 4114/5000: score=11.685126 loss=-0.118269 valid=1.0000 routes=9.949 grad=1.7220 seconds=66.4
Epoch 4115/5000: score=11.177462 loss=-0.112310 valid=1.0000 routes=9.459 grad=1.5595 seconds=65.0
Epoch 4116/5000: score=10.858056 loss=-0.108321 valid=1.0000 routes=9.304 grad=1.4679 seconds=64.9
Epoch 4117/5000: score=11.221231 loss=-0.119855 valid=1.0000 routes=9.688 grad=1.6249 seconds=66.9
Epoch 4118/5000: score=11.301277 loss=-0.118183 valid=1.0000 routes=10.011 grad=1.6113 seconds=66.1
Epoch 4119/5000: score=11.579790 loss=-0.129063 valid=1.0000 routes=9.877 grad=1.7628 seconds=67.1
Epoch 4120/5000: score=11.399950 loss=-0.116692 valid=1.0000 routes=9.958 grad=1.6756 seconds=66.3
Epoch 4121/5000: score=11.362018 loss=-0.114432 valid=1.0000 routes=9.932 grad=1.5877 seconds=66.3
Epoch 4122/5000: score=11.084124 loss=-0.116789 valid=1.0000 routes=9.425 grad=1.5906 seconds=66.8
Epoch 4123/5000: score=11.241818 loss=-0.118062 valid=1.0000 routes=9.632 grad=1.6491 seconds=66.4
Epoch 4124/5000: score=11.238724 loss=-0.123771 valid=1.0000 routes=9.238 grad=1.6811 seconds=67.4
Epoch 4125/5000: score=11.294131 loss=-0.114166 valid=1.0000 routes=10.236 grad=1.6431 seconds=66.6
Epoch 4126/5000: score=11.499421 loss=-0.131411 valid=1.0000 routes=9.155 grad=1.6995 seconds=65.5
Epoch 4127/5000: score=10.864995 loss=-0.113958 valid=1.0000 routes=9.746 grad=1.5376 seconds=66.6
Epoch 4128/5000: score=11.224994 loss=-0.117562 valid=1.0000 routes=9.385 grad=1.6232 seconds=66.1
Epoch 4129/5000: score=11.497283 loss=-0.120752 valid=1.0000 routes=9.919 grad=1.6759 seconds=66.9
Epoch 4130/5000: score=11.363015 loss=-0.114425 valid=1.0000 routes=9.972 grad=1.5892 seconds=66.4
Epoch 4131/5000: score=11.698573 loss=-0.114604 valid=1.0000 routes=10.538 grad=1.7441 seconds=67.2
Epoch 4132/5000: score=11.600721 loss=-0.112970 valid=1.0000 routes=10.301 grad=1.6569 seconds=66.7
Epoch 4133/5000: score=11.383214 loss=-0.112031 valid=1.0000 routes=10.333 grad=1.6858 seconds=66.5
Epoch 4134/5000: score=11.331136 loss=-0.120532 valid=1.0000 routes=9.433 grad=1.6574 seconds=67.0
Epoch 4135/5000: score=11.538259 loss=-0.117154 valid=1.0000 routes=9.488 grad=1.5890 seconds=66.5
Epoch 4136/5000: score=11.337835 loss=-0.117279 valid=1.0000 routes=9.472 grad=1.5938 seconds=66.9
Epoch 4137/5000: score=11.633680 loss=-0.111798 valid=1.0000 routes=9.434 grad=1.5765 seconds=66.4
Epoch 4138/5000: score=11.317546 loss=-0.120116 valid=1.0000 routes=9.898 grad=1.6297 seconds=66.2
Epoch 4139/5000: score=10.911912 loss=-0.108490 valid=1.0000 routes=9.958 grad=1.5231 seconds=66.6
Epoch 4140/5000: score=11.382125 loss=-0.120133 valid=1.0000 routes=9.701 grad=1.6476 seconds=66.3
Epoch 4141/5000: score=11.399419 loss=-0.108915 valid=1.0000 routes=10.157 grad=1.6678 seconds=66.8
Epoch 4142/5000: score=11.118171 loss=-0.118121 valid=1.0000 routes=9.091 grad=1.5540 seconds=66.8
Epoch 4143/5000: score=11.341104 loss=-0.113364 valid=1.0000 routes=9.867 grad=1.5916 seconds=66.6
Epoch 4144/5000: score=10.799921 loss=-0.106833 valid=1.0000 routes=9.736 grad=1.4905 seconds=67.0
Epoch 4145/5000: score=11.358025 loss=-0.115043 valid=1.0000 routes=10.028 grad=1.6414 seconds=66.8
Epoch 4146/5000: score=11.248102 loss=-0.109600 valid=1.0000 routes=9.948 grad=1.6383 seconds=66.4
Epoch 4147/5000: score=11.762521 loss=-0.106733 valid=1.0000 routes=10.513 grad=1.7210 seconds=66.3
Epoch 4148/5000: score=11.311663 loss=-0.110442 valid=1.0000 routes=10.011 grad=1.5738 seconds=66.2
Epoch 4149/5000: score=10.632455 loss=-0.106288 valid=1.0000 routes=9.530 grad=1.4368 seconds=66.6
Epoch 4150/5000: score=11.253440 loss=-0.108263 valid=1.0000 routes=9.802 grad=1.6270 seconds=66.4
Epoch 4151/5000: score=11.099636 loss=-0.111658 valid=1.0000 routes=10.126 grad=1.6119 seconds=66.8
Epoch 4152/5000: score=11.311989 loss=-0.113314 valid=1.0000 routes=9.772 grad=1.6245 seconds=66.4
Epoch 4153/5000: score=11.531268 loss=-0.110815 valid=1.0000 routes=10.060 grad=1.6179 seconds=66.0
Epoch 4154/5000: score=11.469821 loss=-0.107743 valid=1.0000 routes=9.711 grad=1.5390 seconds=66.4
Epoch 4155/5000: score=11.054628 loss=-0.113569 valid=1.0000 routes=9.385 grad=1.4833 seconds=66.1
Epoch 4156/5000: score=11.331265 loss=-0.121346 valid=1.0000 routes=9.446 grad=1.6198 seconds=66.7
Epoch 4157/5000: score=11.347795 loss=-0.119409 valid=1.0000 routes=10.062 grad=1.6700 seconds=66.5
Epoch 4158/5000: score=11.502292 loss=-0.111653 valid=1.0000 routes=10.066 grad=1.6299 seconds=66.2
Epoch 4159/5000: score=11.627454 loss=-0.113463 valid=1.0000 routes=10.100 grad=1.7026 seconds=66.7
Epoch 4160/5000: score=11.407484 loss=-0.113328 valid=1.0000 routes=10.081 grad=1.6309 seconds=65.9
Epoch 4161/5000: score=11.558748 loss=-0.113063 valid=1.0000 routes=10.130 grad=1.7054 seconds=66.5
Epoch 4162/5000: score=11.155447 loss=-0.112690 valid=1.0000 routes=9.582 grad=1.5279 seconds=66.2
Epoch 4163/5000: score=12.078164 loss=-0.114195 valid=1.0000 routes=10.107 grad=1.7493 seconds=66.5
Epoch 4164/5000: score=11.950328 loss=-0.112848 valid=1.0000 routes=10.466 grad=1.7406 seconds=66.5
Epoch 4165/5000: score=11.532392 loss=-0.117120 valid=1.0000 routes=9.678 grad=1.6638 seconds=66.8
Epoch 4166/5000: score=11.393444 loss=-0.113493 valid=1.0000 routes=9.649 grad=1.6240 seconds=67.5
Epoch 4167/5000: score=11.273806 loss=-0.108520 valid=1.0000 routes=9.731 grad=1.5066 seconds=63.5
Epoch 4168/5000: score=11.429771 loss=-0.112112 valid=1.0000 routes=9.666 grad=1.5636 seconds=64.6
Epoch 4169/5000: score=11.628149 loss=-0.110306 valid=1.0000 routes=10.393 grad=1.6856 seconds=67.5
Epoch 4170/5000: score=11.336759 loss=-0.113620 valid=1.0000 routes=9.745 grad=1.6123 seconds=66.7
Epoch 4171/5000: score=11.483223 loss=-0.113116 valid=1.0000 routes=10.003 grad=1.6498 seconds=67.0
Epoch 4172/5000: score=11.682066 loss=-0.118094 valid=1.0000 routes=9.847 grad=1.7311 seconds=66.9
Epoch 4173/5000: score=10.972766 loss=-0.122765 valid=1.0000 routes=9.185 grad=1.5287 seconds=67.0
Epoch 4174/5000: score=10.860625 loss=-0.113653 valid=1.0000 routes=9.503 grad=1.5672 seconds=67.3
Epoch 4175/5000: score=12.047557 loss=-0.122134 valid=1.0000 routes=10.262 grad=1.7577 seconds=66.5
Epoch 4176/5000: score=10.421328 loss=-0.122317 valid=1.0000 routes=8.706 grad=1.4355 seconds=67.3
Epoch 4177/5000: score=11.174801 loss=-0.120972 valid=1.0000 routes=9.418 grad=1.6296 seconds=67.5
Epoch 4178/5000: score=10.903055 loss=-0.115984 valid=1.0000 routes=9.679 grad=1.5832 seconds=67.5
Epoch 4179/5000: score=11.518797 loss=-0.118558 valid=1.0000 routes=10.191 grad=1.7167 seconds=67.2
Epoch 4180/5000: score=11.886355 loss=-0.117159 valid=1.0000 routes=10.110 grad=1.7502 seconds=66.9
Epoch 4181/5000: score=11.692587 loss=-0.116721 valid=1.0000 routes=9.946 grad=1.7186 seconds=66.2
Epoch 4182/5000: score=11.386419 loss=-0.110620 valid=1.0000 routes=9.770 grad=1.5978 seconds=66.8
Epoch 4183/5000: score=11.399433 loss=-0.110627 valid=1.0000 routes=9.974 grad=1.5940 seconds=67.1
Epoch 4184/5000: score=11.378471 loss=-0.113289 valid=1.0000 routes=10.245 grad=1.7330 seconds=67.8
Epoch 4185/5000: score=11.362704 loss=-0.110259 valid=1.0000 routes=10.149 grad=1.6199 seconds=66.9
Epoch 4186/5000: score=12.100549 loss=-0.119092 valid=1.0000 routes=10.296 grad=1.8063 seconds=67.4
Epoch 4187/5000: score=10.916437 loss=-0.112107 valid=1.0000 routes=9.406 grad=1.5028 seconds=67.2
Epoch 4188/5000: score=11.456769 loss=-0.111936 valid=1.0000 routes=9.899 grad=1.6323 seconds=66.7
Epoch 4189/5000: score=10.647821 loss=-0.102288 valid=1.0000 routes=9.135 grad=1.3921 seconds=67.7
Epoch 4190/5000: score=11.314569 loss=-0.115889 valid=1.0000 routes=9.846 grad=1.6608 seconds=66.8
Epoch 4191/5000: score=11.415034 loss=-0.122660 valid=1.0000 routes=9.944 grad=1.6846 seconds=67.2
Epoch 4192/5000: score=11.158334 loss=-0.120088 valid=1.0000 routes=9.333 grad=1.5678 seconds=67.5
Epoch 4193/5000: score=11.366168 loss=-0.111886 valid=1.0000 routes=10.227 grad=1.6231 seconds=67.2
Epoch 4194/5000: score=11.334723 loss=-0.109955 valid=1.0000 routes=10.238 grad=1.6366 seconds=67.4
Epoch 4195/5000: score=11.231347 loss=-0.112470 valid=1.0000 routes=9.829 grad=1.6269 seconds=67.5
Epoch 4196/5000: score=11.592404 loss=-0.116894 valid=1.0000 routes=10.318 grad=1.7382 seconds=67.5
Epoch 4197/5000: score=11.093915 loss=-0.107147 valid=1.0000 routes=9.847 grad=1.5371 seconds=66.4
Epoch 4198/5000: score=11.396425 loss=-0.109648 valid=1.0000 routes=9.841 grad=1.6485 seconds=67.3
Epoch 4199/5000: score=11.179859 loss=-0.115023 valid=1.0000 routes=9.825 grad=1.6080 seconds=67.5
Epoch 4200/5000: score=11.037784 loss=-0.110075 valid=1.0000 routes=9.733 grad=1.5394 seconds=67.4
Epoch 4201/5000: score=11.449768 loss=-0.117195 valid=1.0000 routes=9.843 grad=1.6346 seconds=67.6
Epoch 4202/5000: score=11.108899 loss=-0.116504 valid=1.0000 routes=9.682 grad=1.5756 seconds=66.4
Epoch 4203/5000: score=11.513680 loss=-0.111198 valid=1.0000 routes=9.869 grad=1.6381 seconds=65.9
Epoch 4204/5000: score=11.387059 loss=-0.116447 valid=1.0000 routes=9.828 grad=1.6717 seconds=66.7
Epoch 4205/5000: score=11.336528 loss=-0.120303 valid=1.0000 routes=9.668 grad=1.6227 seconds=66.0
Epoch 4206/5000: score=11.093643 loss=-0.122252 valid=1.0000 routes=9.510 grad=1.5596 seconds=67.2
Epoch 4207/5000: score=11.738024 loss=-0.114352 valid=1.0000 routes=10.138 grad=1.6809 seconds=65.6
Epoch 4208/5000: score=11.170427 loss=-0.111494 valid=1.0000 routes=9.821 grad=1.5922 seconds=65.8
Epoch 4209/5000: score=11.575703 loss=-0.114010 valid=1.0000 routes=10.050 grad=1.6634 seconds=66.2
Epoch 4210/5000: score=11.773488 loss=-0.116302 valid=1.0000 routes=10.075 grad=1.7060 seconds=65.7
Epoch 4211/5000: score=11.174529 loss=-0.111861 valid=1.0000 routes=9.263 grad=1.5633 seconds=66.9
Epoch 4212/5000: score=11.259152 loss=-0.115696 valid=1.0000 routes=10.001 grad=1.6668 seconds=66.2
Epoch 4213/5000: score=11.286838 loss=-0.114485 valid=1.0000 routes=9.646 grad=1.6100 seconds=66.0
Epoch 4214/5000: score=11.998694 loss=-0.118254 valid=1.0000 routes=10.093 grad=1.7927 seconds=66.5
Epoch 4215/5000: score=11.338144 loss=-0.118470 valid=1.0000 routes=9.536 grad=1.6225 seconds=65.6
Epoch 4216/5000: score=11.330040 loss=-0.123758 valid=1.0000 routes=9.842 grad=1.6804 seconds=67.0
Epoch 4217/5000: score=11.831807 loss=-0.118227 valid=1.0000 routes=10.119 grad=1.7806 seconds=66.5
Epoch 4218/5000: score=11.238158 loss=-0.118898 valid=1.0000 routes=9.826 grad=1.6257 seconds=67.3
Epoch 4219/5000: score=11.973700 loss=-0.115426 valid=1.0000 routes=10.625 grad=1.7300 seconds=67.1
Epoch 4220/5000: score=11.254997 loss=-0.117761 valid=1.0000 routes=9.346 grad=1.5807 seconds=66.2
Epoch 4221/5000: score=11.415934 loss=-0.113516 valid=1.0000 routes=9.654 grad=1.5474 seconds=66.5
Epoch 4222/5000: score=11.591481 loss=-0.111027 valid=1.0000 routes=9.842 grad=1.6331 seconds=66.3
Epoch 4223/5000: score=11.274223 loss=-0.108561 valid=1.0000 routes=9.694 grad=1.5403 seconds=66.0
Epoch 4224/5000: score=11.624465 loss=-0.112999 valid=1.0000 routes=10.127 grad=1.6814 seconds=66.2
Epoch 4225/5000: score=10.911289 loss=-0.115210 valid=1.0000 routes=9.352 grad=1.5304 seconds=65.4
Epoch 4226/5000: score=11.754849 loss=-0.118284 valid=1.0000 routes=10.032 grad=1.7416 seconds=66.0
Epoch 4227/5000: score=11.216710 loss=-0.111564 valid=1.0000 routes=9.686 grad=1.5673 seconds=66.1
Epoch 4228/5000: score=11.006513 loss=-0.118264 valid=1.0000 routes=9.250 grad=1.5968 seconds=66.4
Epoch 4229/5000: score=11.382115 loss=-0.119672 valid=1.0000 routes=9.603 grad=1.6211 seconds=67.0
Epoch 4230/5000: score=11.224107 loss=-0.112670 valid=1.0000 routes=9.264 grad=1.5265 seconds=66.3
Epoch 4231/5000: score=11.335008 loss=-0.114224 valid=1.0000 routes=9.989 grad=1.6437 seconds=66.1
Epoch 4232/5000: score=11.513310 loss=-0.112183 valid=1.0000 routes=9.914 grad=1.6090 seconds=66.1
Epoch 4233/5000: score=11.700855 loss=-0.124611 valid=1.0000 routes=10.093 grad=1.7234 seconds=66.2
Epoch 4234/5000: score=11.444597 loss=-0.121798 valid=1.0000 routes=9.375 grad=1.6317 seconds=66.4
Epoch 4235/5000: score=11.243388 loss=-0.111450 valid=1.0000 routes=9.732 grad=1.5496 seconds=65.3
Epoch 4236/5000: score=11.293182 loss=-0.105310 valid=1.0000 routes=10.162 grad=1.5815 seconds=66.0
Epoch 4237/5000: score=11.208936 loss=-0.119185 valid=1.0000 routes=9.881 grad=1.6442 seconds=66.0
Epoch 4238/5000: score=11.223540 loss=-0.116973 valid=1.0000 routes=9.516 grad=1.5982 seconds=66.3
Epoch 4239/5000: score=11.473849 loss=-0.118994 valid=1.0000 routes=10.210 grad=1.7246 seconds=66.6
Epoch 4240/5000: score=11.258790 loss=-0.120546 valid=1.0000 routes=10.162 grad=1.6578 seconds=63.2
Epoch 4241/5000: score=11.325142 loss=-0.120022 valid=1.0000 routes=9.980 grad=1.6400 seconds=66.1
Epoch 4242/5000: score=11.796507 loss=-0.114660 valid=1.0000 routes=10.535 grad=1.7813 seconds=66.2
Epoch 4243/5000: score=11.175211 loss=-0.106198 valid=1.0000 routes=10.253 grad=1.5780 seconds=66.4
Epoch 4244/5000: score=11.851682 loss=-0.116541 valid=1.0000 routes=10.023 grad=1.7118 seconds=66.6
Epoch 4245/5000: score=11.527980 loss=-0.121837 valid=1.0000 routes=9.869 grad=1.7198 seconds=66.3
Epoch 4246/5000: score=10.981507 loss=-0.111432 valid=1.0000 routes=9.627 grad=1.5540 seconds=66.7
Epoch 4247/5000: score=11.633379 loss=-0.119416 valid=1.0000 routes=9.573 grad=1.6599 seconds=66.5
Epoch 4248/5000: score=11.010931 loss=-0.113326 valid=1.0000 routes=9.490 grad=1.5118 seconds=66.4
Epoch 4249/5000: score=11.422035 loss=-0.112459 valid=1.0000 routes=9.882 grad=1.6762 seconds=66.9
Epoch 4250/5000: score=11.282827 loss=-0.111414 valid=1.0000 routes=9.699 grad=1.5883 seconds=66.4
Epoch 4251/5000: score=11.451308 loss=-0.119758 valid=1.0000 routes=10.050 grad=1.7185 seconds=66.9
Epoch 4252/5000: score=11.082974 loss=-0.110509 valid=1.0000 routes=9.662 grad=1.5657 seconds=66.7
Epoch 4253/5000: score=11.556228 loss=-0.120037 valid=1.0000 routes=9.739 grad=1.7233 seconds=66.3
Epoch 4254/5000: score=11.919925 loss=-0.116935 valid=1.0000 routes=10.300 grad=1.7838 seconds=67.0
Epoch 4255/5000: score=11.494866 loss=-0.113297 valid=1.0000 routes=9.936 grad=1.6576 seconds=65.3
Epoch 4256/5000: score=11.954026 loss=-0.113648 valid=1.0000 routes=9.763 grad=1.7027 seconds=66.3
Epoch 4257/5000: score=11.041590 loss=-0.118081 valid=1.0000 routes=9.567 grad=1.6130 seconds=66.2
Epoch 4258/5000: score=10.758821 loss=-0.115801 valid=1.0000 routes=9.819 grad=1.5579 seconds=66.7
Epoch 4259/5000: score=11.636924 loss=-0.114240 valid=1.0000 routes=10.303 grad=1.7077 seconds=66.8
Epoch 4260/5000: score=10.736346 loss=-0.113908 valid=1.0000 routes=9.615 grad=1.5241 seconds=65.7
Epoch 4261/5000: score=11.427979 loss=-0.111456 valid=1.0000 routes=9.911 grad=1.6625 seconds=66.3
Epoch 4262/5000: score=11.299417 loss=-0.109134 valid=1.0000 routes=10.145 grad=1.6099 seconds=66.3
Epoch 4263/5000: score=11.606537 loss=-0.121872 valid=1.0000 routes=9.381 grad=1.6453 seconds=66.7
Epoch 4264/5000: score=11.261022 loss=-0.124382 valid=1.0000 routes=9.564 grad=1.6774 seconds=67.2
Epoch 4265/5000: score=11.669770 loss=-0.116503 valid=1.0000 routes=10.577 grad=1.7530 seconds=65.9
Epoch 4266/5000: score=10.916299 loss=-0.112218 valid=1.0000 routes=9.479 grad=1.5376 seconds=66.7
Epoch 4267/5000: score=11.876716 loss=-0.112496 valid=1.0000 routes=10.367 grad=1.7763 seconds=65.8
Epoch 4268/5000: score=11.087694 loss=-0.118939 valid=1.0000 routes=9.674 grad=1.6004 seconds=66.0
Epoch 4269/5000: score=11.076610 loss=-0.113132 valid=1.0000 routes=10.142 grad=1.6091 seconds=66.0
Epoch 4270/5000: score=11.987104 loss=-0.113627 valid=1.0000 routes=10.870 grad=1.8636 seconds=65.9
Epoch 4271/5000: score=11.632550 loss=-0.112614 valid=1.0000 routes=10.183 grad=1.7648 seconds=66.7
Epoch 4272/5000: score=11.214246 loss=-0.109505 valid=1.0000 routes=10.204 grad=1.6568 seconds=66.4
Epoch 4273/5000: score=11.587347 loss=-0.112461 valid=1.0000 routes=10.700 grad=1.7281 seconds=66.3
Epoch 4274/5000: score=11.443113 loss=-0.118915 valid=1.0000 routes=9.969 grad=1.6820 seconds=66.9
Epoch 4275/5000: score=11.401329 loss=-0.113955 valid=1.0000 routes=9.890 grad=1.6181 seconds=66.0
Epoch 4276/5000: score=11.083700 loss=-0.115230 valid=1.0000 routes=9.522 grad=1.5661 seconds=66.3
Epoch 4277/5000: score=12.007678 loss=-0.112550 valid=1.0000 routes=10.417 grad=1.8288 seconds=66.0
Epoch 4278/5000: score=11.253922 loss=-0.114892 valid=1.0000 routes=9.748 grad=1.5828 seconds=66.2
Epoch 4279/5000: score=11.105327 loss=-0.115045 valid=1.0000 routes=9.850 grad=1.6336 seconds=66.7
Epoch 4280/5000: score=10.944891 loss=-0.114415 valid=1.0000 routes=9.677 grad=1.6133 seconds=66.2
Epoch 4281/5000: score=11.004866 loss=-0.111755 valid=1.0000 routes=10.046 grad=1.6469 seconds=66.6
Epoch 4282/5000: score=11.369423 loss=-0.116354 valid=1.0000 routes=9.568 grad=1.6565 seconds=66.3
Epoch 4283/5000: score=11.612109 loss=-0.112561 valid=1.0000 routes=9.927 grad=1.6322 seconds=66.3
Epoch 4284/5000: score=11.496485 loss=-0.112101 valid=1.0000 routes=9.653 grad=1.6458 seconds=67.5
Epoch 4285/5000: score=11.289904 loss=-0.106929 valid=1.0000 routes=10.008 grad=1.5847 seconds=66.0
Epoch 4286/5000: score=11.370217 loss=-0.112290 valid=1.0000 routes=9.516 grad=1.5640 seconds=66.9
Epoch 4287/5000: score=11.395279 loss=-0.111436 valid=1.0000 routes=9.505 grad=1.5315 seconds=66.1
Epoch 4288/5000: score=11.363231 loss=-0.107847 valid=1.0000 routes=10.019 grad=1.6083 seconds=65.9
Epoch 4289/5000: score=11.399185 loss=-0.109378 valid=1.0000 routes=9.416 grad=1.5648 seconds=66.4
Epoch 4290/5000: score=11.537987 loss=-0.121534 valid=1.0000 routes=9.875 grad=1.6720 seconds=65.7
Epoch 4291/5000: score=11.971822 loss=-0.118469 valid=1.0000 routes=10.190 grad=1.7669 seconds=66.4
Epoch 4292/5000: score=11.864970 loss=-0.108502 valid=1.0000 routes=10.676 grad=1.7793 seconds=66.4
Epoch 4293/5000: score=11.310850 loss=-0.117090 valid=1.0000 routes=9.335 grad=1.6011 seconds=65.9
Epoch 4294/5000: score=11.548961 loss=-0.119197 valid=1.0000 routes=10.139 grad=1.7092 seconds=67.0
Epoch 4295/5000: score=10.901197 loss=-0.114426 valid=1.0000 routes=9.693 grad=1.5759 seconds=66.6
Epoch 4296/5000: score=11.263018 loss=-0.115085 valid=1.0000 routes=9.402 grad=1.5754 seconds=66.9
Epoch 4297/5000: score=10.955518 loss=-0.112920 valid=1.0000 routes=9.360 grad=1.4691 seconds=66.5
Epoch 4298/5000: score=11.470526 loss=-0.116820 valid=1.0000 routes=9.701 grad=1.6833 seconds=66.5
Epoch 4299/5000: score=11.308189 loss=-0.110285 valid=1.0000 routes=9.749 grad=1.5514 seconds=67.1
Epoch 4300/5000: score=11.365101 loss=-0.112940 valid=1.0000 routes=10.152 grad=1.6439 seconds=66.7
Epoch 4301/5000: score=11.584149 loss=-0.119031 valid=1.0000 routes=10.078 grad=1.7740 seconds=67.1
Epoch 4302/5000: score=11.632836 loss=-0.116091 valid=1.0000 routes=10.168 grad=1.7337 seconds=66.6
Epoch 4303/5000: score=11.695333 loss=-0.108332 valid=1.0000 routes=10.060 grad=1.6763 seconds=65.6
Epoch 4304/5000: score=11.449424 loss=-0.113046 valid=1.0000 routes=9.853 grad=1.6752 seconds=66.8
Epoch 4305/5000: score=10.908019 loss=-0.116122 valid=1.0000 routes=8.998 grad=1.4889 seconds=66.3
Epoch 4306/5000: score=11.834176 loss=-0.121004 valid=1.0000 routes=10.199 grad=1.7793 seconds=66.4
Epoch 4307/5000: score=11.348173 loss=-0.107861 valid=1.0000 routes=9.705 grad=1.5481 seconds=66.3
Epoch 4308/5000: score=11.328816 loss=-0.117377 valid=1.0000 routes=9.888 grad=1.6633 seconds=65.7
Epoch 4309/5000: score=11.710343 loss=-0.116927 valid=1.0000 routes=10.102 grad=1.6703 seconds=66.9
Epoch 4310/5000: score=11.389064 loss=-0.115184 valid=1.0000 routes=9.715 grad=1.6379 seconds=66.2
Epoch 4311/5000: score=11.063502 loss=-0.122147 valid=1.0000 routes=9.322 grad=1.6301 seconds=67.1
Epoch 4312/5000: score=11.616266 loss=-0.110966 valid=1.0000 routes=10.181 grad=1.7023 seconds=67.1
Epoch 4313/5000: score=11.456391 loss=-0.109244 valid=1.0000 routes=9.931 grad=1.6633 seconds=66.1
Epoch 4314/5000: score=11.264478 loss=-0.115430 valid=1.0000 routes=10.191 grad=1.6566 seconds=66.7
Epoch 4315/5000: score=11.131917 loss=-0.109738 valid=1.0000 routes=9.589 grad=1.5101 seconds=65.5
Epoch 4316/5000: score=11.496071 loss=-0.114925 valid=1.0000 routes=9.389 grad=1.6064 seconds=66.3
Epoch 4317/5000: score=11.803659 loss=-0.106276 valid=1.0000 routes=10.596 grad=1.7481 seconds=67.2
Epoch 4318/5000: score=11.796598 loss=-0.120666 valid=1.0000 routes=10.244 grad=1.7807 seconds=65.5
Epoch 4319/5000: score=11.473482 loss=-0.110575 valid=1.0000 routes=9.903 grad=1.7045 seconds=66.6
Epoch 4320/5000: score=11.731091 loss=-0.113271 valid=1.0000 routes=10.199 grad=1.7351 seconds=65.9
Epoch 4321/5000: score=11.352310 loss=-0.106774 valid=1.0000 routes=10.611 grad=1.7136 seconds=65.8
Epoch 4322/5000: score=11.315583 loss=-0.118395 valid=1.0000 routes=9.209 grad=1.6354 seconds=66.7
Epoch 4323/5000: score=11.621106 loss=-0.114509 valid=1.0000 routes=10.124 grad=1.6949 seconds=65.4
Epoch 4324/5000: score=11.397285 loss=-0.113250 valid=1.0000 routes=9.991 grad=1.6498 seconds=66.7
Epoch 4325/5000: score=11.111423 loss=-0.115163 valid=1.0000 routes=9.411 grad=1.6091 seconds=65.6
Epoch 4326/5000: score=11.270588 loss=-0.115126 valid=1.0000 routes=9.618 grad=1.5942 seconds=65.6
Epoch 4327/5000: score=11.324010 loss=-0.109355 valid=1.0000 routes=9.714 grad=1.5453 seconds=66.4
Epoch 4328/5000: score=12.095502 loss=-0.111714 valid=1.0000 routes=10.347 grad=1.7464 seconds=66.1
Epoch 4329/5000: score=11.325186 loss=-0.113887 valid=1.0000 routes=9.775 grad=1.5924 seconds=66.2
Epoch 4330/5000: score=11.593120 loss=-0.112379 valid=1.0000 routes=9.999 grad=1.6463 seconds=65.9
Epoch 4331/5000: score=11.054909 loss=-0.110524 valid=1.0000 routes=9.921 grad=1.5266 seconds=65.5
Epoch 4332/5000: score=11.679593 loss=-0.116865 valid=1.0000 routes=10.263 grad=1.7655 seconds=66.6
Epoch 4333/5000: score=11.085827 loss=-0.107029 valid=1.0000 routes=9.904 grad=1.5696 seconds=66.1
Epoch 4334/5000: score=11.373336 loss=-0.113674 valid=1.0000 routes=9.819 grad=1.6193 seconds=66.5
Epoch 4335/5000: score=11.264930 loss=-0.112077 valid=1.0000 routes=10.064 grad=1.6680 seconds=66.5
Epoch 4336/5000: score=11.485917 loss=-0.110411 valid=1.0000 routes=10.232 grad=1.6897 seconds=66.1
Epoch 4337/5000: score=11.350692 loss=-0.108609 valid=1.0000 routes=9.856 grad=1.5903 seconds=66.7
Epoch 4338/5000: score=11.061477 loss=-0.126275 valid=1.0000 routes=9.079 grad=1.5925 seconds=66.8
Epoch 4339/5000: score=11.567674 loss=-0.108359 valid=1.0000 routes=10.280 grad=1.6692 seconds=66.9
Epoch 4340/5000: score=11.376564 loss=-0.116372 valid=1.0000 routes=9.712 grad=1.6505 seconds=67.0
Epoch 4341/5000: score=11.212210 loss=-0.118731 valid=1.0000 routes=9.723 grad=1.6392 seconds=65.6
Epoch 4342/5000: score=11.442071 loss=-0.112514 valid=1.0000 routes=9.841 grad=1.6377 seconds=66.5
Epoch 4343/5000: score=10.982114 loss=-0.110350 valid=1.0000 routes=9.044 grad=1.4490 seconds=66.1
Epoch 4344/5000: score=11.542723 loss=-0.114976 valid=1.0000 routes=9.966 grad=1.6733 seconds=66.8
Epoch 4345/5000: score=11.155124 loss=-0.116566 valid=1.0000 routes=9.724 grad=1.5929 seconds=67.4
Epoch 4346/5000: score=11.265548 loss=-0.120137 valid=1.0000 routes=9.346 grad=1.5406 seconds=65.6
Epoch 4347/5000: score=11.275260 loss=-0.115182 valid=1.0000 routes=10.061 grad=1.6485 seconds=66.5
Epoch 4348/5000: score=11.577689 loss=-0.116889 valid=1.0000 routes=10.127 grad=1.6891 seconds=65.9
Epoch 4349/5000: score=11.523310 loss=-0.116038 valid=1.0000 routes=10.145 grad=1.7155 seconds=66.4
Epoch 4350/5000: score=11.171364 loss=-0.120038 valid=1.0000 routes=9.697 grad=1.6783 seconds=66.4
Epoch 4351/5000: score=11.373008 loss=-0.109957 valid=1.0000 routes=10.597 grad=1.7085 seconds=65.6
Epoch 4352/5000: score=11.525753 loss=-0.116139 valid=1.0000 routes=9.887 grad=1.6665 seconds=66.5
Epoch 4353/5000: score=11.462580 loss=-0.117530 valid=1.0000 routes=10.197 grad=1.6868 seconds=66.9
Epoch 4354/5000: score=11.631238 loss=-0.120223 valid=1.0000 routes=9.850 grad=1.6813 seconds=66.9
Epoch 4355/5000: score=11.402659 loss=-0.126903 valid=1.0000 routes=9.136 grad=1.6279 seconds=67.6
Epoch 4356/5000: score=11.253009 loss=-0.113806 valid=1.0000 routes=9.271 grad=1.4600 seconds=66.6
Epoch 4357/5000: score=10.988948 loss=-0.117599 valid=1.0000 routes=9.347 grad=1.5308 seconds=67.2
Epoch 4358/5000: score=11.978954 loss=-0.110929 valid=1.0000 routes=10.692 grad=1.7767 seconds=66.0
Epoch 4359/5000: score=11.335553 loss=-0.113805 valid=1.0000 routes=9.701 grad=1.5905 seconds=66.8
Epoch 4360/5000: score=11.502780 loss=-0.119129 valid=1.0000 routes=9.856 grad=1.6702 seconds=66.9
Epoch 4361/5000: score=11.287592 loss=-0.110623 valid=1.0000 routes=9.617 grad=1.5397 seconds=65.8
Epoch 4362/5000: score=10.974743 loss=-0.113111 valid=1.0000 routes=9.661 grad=1.5743 seconds=66.6
Epoch 4363/5000: score=10.843121 loss=-0.110093 valid=1.0000 routes=9.862 grad=1.5640 seconds=66.6
Epoch 4364/5000: score=11.856586 loss=-0.123557 valid=1.0000 routes=9.734 grad=1.7521 seconds=67.1
Epoch 4365/5000: score=10.930885 loss=-0.118601 valid=1.0000 routes=9.201 grad=1.4841 seconds=66.8
Epoch 4366/5000: score=11.221611 loss=-0.115432 valid=1.0000 routes=9.834 grad=1.6603 seconds=66.0
Epoch 4367/5000: score=11.369504 loss=-0.118804 valid=1.0000 routes=9.437 grad=1.5986 seconds=66.7
Epoch 4368/5000: score=11.539445 loss=-0.119190 valid=1.0000 routes=9.800 grad=1.6828 seconds=66.1
Epoch 4369/5000: score=11.644649 loss=-0.112273 valid=1.0000 routes=10.144 grad=1.6986 seconds=67.1
Epoch 4370/5000: score=11.987116 loss=-0.110391 valid=1.0000 routes=9.788 grad=1.6747 seconds=66.7
Epoch 4371/5000: score=11.177640 loss=-0.120386 valid=1.0000 routes=9.349 grad=1.5938 seconds=65.7
Epoch 4372/5000: score=11.590123 loss=-0.113260 valid=1.0000 routes=10.229 grad=1.6522 seconds=64.9
Epoch 4373/5000: score=11.428362 loss=-0.111657 valid=1.0000 routes=10.225 grad=1.6383 seconds=66.3
Epoch 4374/5000: score=11.160582 loss=-0.116486 valid=1.0000 routes=9.815 grad=1.6606 seconds=66.7
Epoch 4375/5000: score=11.470400 loss=-0.111302 valid=1.0000 routes=10.343 grad=1.6589 seconds=66.7
Epoch 4376/5000: score=11.457284 loss=-0.117197 valid=1.0000 routes=9.937 grad=1.6412 seconds=65.8
Epoch 4377/5000: score=11.512373 loss=-0.119690 valid=1.0000 routes=9.412 grad=1.6645 seconds=67.3
Epoch 4378/5000: score=11.484138 loss=-0.119102 valid=1.0000 routes=9.675 grad=1.6932 seconds=66.8
Epoch 4379/5000: score=11.967926 loss=-0.120609 valid=1.0000 routes=10.073 grad=1.7442 seconds=66.8
Epoch 4380/5000: score=11.344866 loss=-0.113280 valid=1.0000 routes=9.810 grad=1.5774 seconds=66.9
Epoch 4381/5000: score=11.583140 loss=-0.120924 valid=1.0000 routes=9.938 grad=1.7423 seconds=66.5
Epoch 4382/5000: score=11.482452 loss=-0.114136 valid=1.0000 routes=10.023 grad=1.6415 seconds=66.7
Epoch 4383/5000: score=11.095756 loss=-0.110481 valid=1.0000 routes=9.936 grad=1.5838 seconds=66.1
Epoch 4384/5000: score=11.214263 loss=-0.113603 valid=1.0000 routes=10.299 grad=1.6913 seconds=66.3
Epoch 4385/5000: score=11.118223 loss=-0.105745 valid=1.0000 routes=10.598 grad=1.6062 seconds=66.2
Epoch 4386/5000: score=11.140693 loss=-0.115162 valid=1.0000 routes=9.826 grad=1.6369 seconds=66.1
Epoch 4387/5000: score=11.021250 loss=-0.116726 valid=1.0000 routes=10.005 grad=1.6344 seconds=66.6
Epoch 4388/5000: score=11.123188 loss=-0.111117 valid=1.0000 routes=9.943 grad=1.5840 seconds=66.3
Epoch 4389/5000: score=11.421385 loss=-0.112403 valid=1.0000 routes=9.771 grad=1.5803 seconds=66.3
Epoch 4390/5000: score=11.292077 loss=-0.116505 valid=1.0000 routes=9.691 grad=1.5900 seconds=66.6
Epoch 4391/5000: score=11.021247 loss=-0.109783 valid=1.0000 routes=10.237 grad=1.5824 seconds=65.8
Epoch 4392/5000: score=11.970454 loss=-0.116477 valid=1.0000 routes=10.363 grad=1.7418 seconds=66.9
Epoch 4393/5000: score=11.630302 loss=-0.111066 valid=1.0000 routes=10.006 grad=1.6325 seconds=66.0
Epoch 4394/5000: score=11.066777 loss=-0.117230 valid=1.0000 routes=9.309 grad=1.5341 seconds=67.4
Epoch 4395/5000: score=11.716230 loss=-0.117506 valid=1.0000 routes=9.951 grad=1.6885 seconds=67.1
Epoch 4396/5000: score=11.208466 loss=-0.116205 valid=1.0000 routes=9.826 grad=1.6064 seconds=66.4
Epoch 4397/5000: score=11.840178 loss=-0.111342 valid=1.0000 routes=10.495 grad=1.7274 seconds=64.1
Epoch 4398/5000: score=11.324469 loss=-0.108981 valid=1.0000 routes=10.241 grad=1.6319 seconds=66.3
Epoch 4399/5000: score=11.178631 loss=-0.111674 valid=1.0000 routes=9.941 grad=1.5858 seconds=66.2
Epoch 4400/5000: score=11.206328 loss=-0.116849 valid=1.0000 routes=9.253 grad=1.5674 seconds=66.7
Epoch 4401/5000: score=11.393571 loss=-0.123668 valid=1.0000 routes=9.856 grad=1.7325 seconds=66.1
Epoch 4402/5000: score=11.096366 loss=-0.107150 valid=1.0000 routes=9.729 grad=1.4952 seconds=66.3
Epoch 4403/5000: score=11.027343 loss=-0.113715 valid=1.0000 routes=9.823 grad=1.5612 seconds=66.2
Epoch 4404/5000: score=11.542167 loss=-0.121896 valid=1.0000 routes=9.489 grad=1.6897 seconds=66.6
Epoch 4405/5000: score=11.311900 loss=-0.101135 valid=1.0000 routes=10.262 grad=1.6068 seconds=66.8
Epoch 4406/5000: score=11.169430 loss=-0.109058 valid=1.0000 routes=9.264 grad=1.4810 seconds=66.8
>> Invalid instances, Re-generating ...
Epoch 4407/5000: score=11.993750 loss=-0.124946 valid=1.0000 routes=10.323 grad=1.8197 seconds=66.9
Epoch 4408/5000: score=11.279110 loss=-0.110903 valid=1.0000 routes=9.936 grad=1.6744 seconds=65.9
Epoch 4409/5000: score=11.691181 loss=-0.114809 valid=1.0000 routes=10.328 grad=1.6906 seconds=66.4
Epoch 4410/5000: score=11.029298 loss=-0.105858 valid=1.0000 routes=10.216 grad=1.5730 seconds=66.9
Epoch 4411/5000: score=11.598887 loss=-0.115674 valid=1.0000 routes=10.044 grad=1.6816 seconds=66.7
Epoch 4412/5000: score=11.472405 loss=-0.107215 valid=1.0000 routes=9.693 grad=1.5962 seconds=67.3
Epoch 4413/5000: score=10.762416 loss=-0.114386 valid=1.0000 routes=9.426 grad=1.5248 seconds=67.0
Epoch 4414/5000: score=11.287866 loss=-0.116177 valid=1.0000 routes=9.382 grad=1.5776 seconds=66.0
Epoch 4415/5000: score=11.669670 loss=-0.114301 valid=1.0000 routes=10.182 grad=1.7214 seconds=66.5
Epoch 4416/5000: score=11.766910 loss=-0.111996 valid=1.0000 routes=10.252 grad=1.7180 seconds=65.5
Epoch 4417/5000: score=11.484280 loss=-0.118314 valid=1.0000 routes=10.128 grad=1.7134 seconds=66.3
Epoch 4418/5000: score=11.934559 loss=-0.120872 valid=1.0000 routes=10.671 grad=1.8402 seconds=66.3
Epoch 4419/5000: score=11.529501 loss=-0.120267 valid=1.0000 routes=10.181 grad=1.7593 seconds=65.8
Epoch 4420/5000: score=11.309331 loss=-0.118805 valid=1.0000 routes=9.732 grad=1.6435 seconds=66.6
Epoch 4421/5000: score=11.706929 loss=-0.107967 valid=1.0000 routes=10.410 grad=1.6792 seconds=65.9
Epoch 4422/5000: score=10.816727 loss=-0.108027 valid=1.0000 routes=9.127 grad=1.4209 seconds=66.3
Epoch 4423/5000: score=11.603142 loss=-0.104323 valid=1.0000 routes=10.294 grad=1.7209 seconds=66.2
Epoch 4424/5000: score=11.298812 loss=-0.114928 valid=1.0000 routes=9.572 grad=1.6140 seconds=65.7
Epoch 4425/5000: score=11.745487 loss=-0.117609 valid=1.0000 routes=10.001 grad=1.7117 seconds=67.2
Epoch 4426/5000: score=11.895754 loss=-0.118847 valid=1.0000 routes=9.953 grad=1.7948 seconds=66.7
Epoch 4427/5000: score=11.757943 loss=-0.106230 valid=1.0000 routes=10.550 grad=1.7464 seconds=66.7
Epoch 4428/5000: score=11.339558 loss=-0.121102 valid=1.0000 routes=9.724 grad=1.6732 seconds=66.9
Epoch 4429/5000: score=11.111288 loss=-0.107033 valid=1.0000 routes=9.725 grad=1.5596 seconds=65.6
Epoch 4430/5000: score=11.367249 loss=-0.122080 valid=1.0000 routes=9.487 grad=1.6377 seconds=66.0
Epoch 4431/5000: score=11.221732 loss=-0.118405 valid=1.0000 routes=10.039 grad=1.6664 seconds=66.1
Epoch 4432/5000: score=11.760874 loss=-0.109229 valid=1.0000 routes=10.773 grad=1.7767 seconds=66.7
Epoch 4433/5000: score=11.631580 loss=-0.115239 valid=1.0000 routes=9.891 grad=1.6192 seconds=66.9
Epoch 4434/5000: score=11.122240 loss=-0.118206 valid=1.0000 routes=9.822 grad=1.6507 seconds=65.8
Epoch 4435/5000: score=11.750279 loss=-0.118302 valid=1.0000 routes=10.259 grad=1.7258 seconds=66.6
Epoch 4436/5000: score=11.703092 loss=-0.107257 valid=1.0000 routes=10.035 grad=1.6441 seconds=65.6
Epoch 4437/5000: score=11.586879 loss=-0.121331 valid=1.0000 routes=10.162 grad=1.7684 seconds=66.6
Epoch 4438/5000: score=11.987548 loss=-0.112920 valid=1.0000 routes=10.548 grad=1.7498 seconds=66.8
Epoch 4439/5000: score=11.404341 loss=-0.113793 valid=1.0000 routes=9.843 grad=1.6017 seconds=65.9
Epoch 4440/5000: score=11.272131 loss=-0.112801 valid=1.0000 routes=9.850 grad=1.5841 seconds=66.6
Epoch 4441/5000: score=11.059880 loss=-0.109037 valid=1.0000 routes=9.900 grad=1.5683 seconds=65.9
Epoch 4442/5000: score=10.858839 loss=-0.106922 valid=1.0000 routes=9.620 grad=1.5309 seconds=65.8
Epoch 4443/5000: score=10.931723 loss=-0.111649 valid=1.0000 routes=9.711 grad=1.5442 seconds=66.7
Epoch 4444/5000: score=11.322269 loss=-0.117972 valid=1.0000 routes=9.402 grad=1.5746 seconds=66.2
Epoch 4445/5000: score=10.933946 loss=-0.114763 valid=1.0000 routes=9.918 grad=1.5999 seconds=66.9
Epoch 4446/5000: score=11.515458 loss=-0.110162 valid=1.0000 routes=10.475 grad=1.6751 seconds=66.5
Epoch 4447/5000: score=11.338801 loss=-0.117020 valid=1.0000 routes=9.563 grad=1.5440 seconds=66.2
Epoch 4448/5000: score=11.208756 loss=-0.115586 valid=1.0000 routes=9.977 grad=1.6089 seconds=66.7
Epoch 4449/5000: score=11.640524 loss=-0.124932 valid=1.0000 routes=9.672 grad=1.6499 seconds=66.0
Epoch 4450/5000: score=11.711436 loss=-0.120826 valid=1.0000 routes=9.967 grad=1.7390 seconds=66.3
Epoch 4451/5000: score=10.849385 loss=-0.114430 valid=1.0000 routes=9.226 grad=1.4971 seconds=66.5
Epoch 4452/5000: score=11.171321 loss=-0.117360 valid=1.0000 routes=9.631 grad=1.6547 seconds=66.3
Epoch 4453/5000: score=11.386559 loss=-0.123242 valid=1.0000 routes=9.826 grad=1.6735 seconds=66.9
Epoch 4454/5000: score=11.321390 loss=-0.115366 valid=1.0000 routes=10.152 grad=1.6659 seconds=66.0
Epoch 4455/5000: score=11.292209 loss=-0.111253 valid=1.0000 routes=9.876 grad=1.6204 seconds=66.3
Epoch 4456/5000: score=10.986179 loss=-0.115733 valid=1.0000 routes=9.369 grad=1.4940 seconds=66.3
Epoch 4457/5000: score=11.354110 loss=-0.124221 valid=1.0000 routes=9.412 grad=1.6164 seconds=65.6
Epoch 4458/5000: score=11.731567 loss=-0.111280 valid=1.0000 routes=11.394 grad=1.8360 seconds=66.1
Epoch 4459/5000: score=11.360274 loss=-0.116672 valid=1.0000 routes=9.777 grad=1.6574 seconds=65.7
Epoch 4460/5000: score=11.208400 loss=-0.111938 valid=1.0000 routes=10.011 grad=1.6384 seconds=65.6
Epoch 4461/5000: score=11.532038 loss=-0.112349 valid=1.0000 routes=10.108 grad=1.6621 seconds=65.5
Epoch 4462/5000: score=11.593623 loss=-0.125428 valid=1.0000 routes=9.569 grad=1.7083 seconds=65.8
Epoch 4463/5000: score=11.452473 loss=-0.116656 valid=1.0000 routes=9.657 grad=1.6442 seconds=66.7
Epoch 4464/5000: score=10.822644 loss=-0.114853 valid=1.0000 routes=9.370 grad=1.4801 seconds=65.5
Epoch 4465/5000: score=10.720914 loss=-0.106603 valid=1.0000 routes=9.782 grad=1.4937 seconds=65.9
Epoch 4466/5000: score=11.422015 loss=-0.117565 valid=1.0000 routes=9.605 grad=1.6724 seconds=66.3
Epoch 4467/5000: score=11.741840 loss=-0.113613 valid=1.0000 routes=10.095 grad=1.6901 seconds=65.6
Epoch 4468/5000: score=11.951947 loss=-0.114539 valid=1.0000 routes=10.246 grad=1.7489 seconds=66.5
Epoch 4469/5000: score=11.855159 loss=-0.111417 valid=1.0000 routes=9.796 grad=1.6583 seconds=65.5
Epoch 4470/5000: score=11.452551 loss=-0.113484 valid=1.0000 routes=9.635 grad=1.6236 seconds=65.8
Epoch 4471/5000: score=11.466145 loss=-0.103080 valid=1.0000 routes=10.466 grad=1.6567 seconds=65.6
Epoch 4472/5000: score=11.373299 loss=-0.125250 valid=1.0000 routes=9.306 grad=1.6986 seconds=65.8
Epoch 4473/5000: score=11.402168 loss=-0.115633 valid=1.0000 routes=10.205 grad=1.6668 seconds=66.2
Epoch 4474/5000: score=11.262104 loss=-0.118201 valid=1.0000 routes=9.648 grad=1.6160 seconds=65.6
Epoch 4475/5000: score=11.431567 loss=-0.114825 valid=1.0000 routes=9.588 grad=1.6093 seconds=65.7
Epoch 4476/5000: score=11.616732 loss=-0.113140 valid=1.0000 routes=9.841 grad=1.6283 seconds=65.8
Epoch 4477/5000: score=11.693439 loss=-0.118096 valid=1.0000 routes=10.109 grad=1.7458 seconds=66.3
Epoch 4478/5000: score=11.220921 loss=-0.110740 valid=1.0000 routes=10.083 grad=1.6394 seconds=66.7
Epoch 4479/5000: score=10.953800 loss=-0.115104 valid=1.0000 routes=9.215 grad=1.5060 seconds=65.9
Epoch 4480/5000: score=11.461413 loss=-0.125740 valid=1.0000 routes=9.691 grad=1.7133 seconds=65.8
Epoch 4481/5000: score=11.671374 loss=-0.116368 valid=1.0000 routes=9.660 grad=1.6505 seconds=65.7
Epoch 4482/5000: score=11.400780 loss=-0.120863 valid=1.0000 routes=9.529 grad=1.7118 seconds=66.5
Epoch 4483/5000: score=11.778330 loss=-0.112409 valid=1.0000 routes=10.281 grad=1.7018 seconds=66.2
Epoch 4484/5000: score=11.678436 loss=-0.107645 valid=1.0000 routes=10.048 grad=1.6024 seconds=65.2
Epoch 4485/5000: score=11.168549 loss=-0.107848 valid=1.0000 routes=9.938 grad=1.5736 seconds=65.9
Epoch 4486/5000: score=11.696221 loss=-0.111391 valid=1.0000 routes=10.569 grad=1.7428 seconds=65.8
Epoch 4487/5000: score=11.485656 loss=-0.115548 valid=1.0000 routes=9.987 grad=1.6618 seconds=65.6
Epoch 4488/5000: score=11.880158 loss=-0.113704 valid=1.0000 routes=10.063 grad=1.7202 seconds=66.5
Epoch 4489/5000: score=11.397161 loss=-0.115336 valid=1.0000 routes=10.037 grad=1.7174 seconds=65.6
Epoch 4490/5000: score=10.977187 loss=-0.109496 valid=1.0000 routes=9.786 grad=1.5673 seconds=66.4
Epoch 4491/5000: score=11.169804 loss=-0.113333 valid=1.0000 routes=9.509 grad=1.6020 seconds=66.2
Epoch 4492/5000: score=11.465813 loss=-0.108765 valid=1.0000 routes=10.099 grad=1.5935 seconds=65.7
Epoch 4493/5000: score=11.370472 loss=-0.121591 valid=1.0000 routes=9.708 grad=1.6583 seconds=66.3
Epoch 4494/5000: score=11.104813 loss=-0.112533 valid=1.0000 routes=10.210 grad=1.6205 seconds=65.9
Epoch 4495/5000: score=11.583794 loss=-0.122762 valid=1.0000 routes=9.781 grad=1.6997 seconds=66.0
Epoch 4496/5000: score=11.631611 loss=-0.113013 valid=1.0000 routes=10.019 grad=1.6591 seconds=65.6
Epoch 4497/5000: score=11.350756 loss=-0.108095 valid=1.0000 routes=10.040 grad=1.6130 seconds=65.7
Epoch 4498/5000: score=11.252175 loss=-0.106661 valid=1.0000 routes=10.109 grad=1.5698 seconds=65.9
Epoch 4499/5000: score=12.090847 loss=-0.119840 valid=1.0000 routes=10.117 grad=1.8093 seconds=65.1
Epoch 4500/5000: score=11.238079 loss=-0.107640 valid=1.0000 routes=10.034 grad=1.5872 seconds=65.9
Epoch 4501/5000: score=11.433285 loss=-0.111540 valid=1.0000 routes=9.935 grad=1.6840 seconds=65.7
Epoch 4502/5000: score=11.590117 loss=-0.111422 valid=1.0000 routes=9.965 grad=1.6750 seconds=65.5
Epoch 4503/5000: score=11.476240 loss=-0.117089 valid=1.0000 routes=9.703 grad=1.6707 seconds=66.1
Epoch 4504/5000: score=11.326075 loss=-0.117499 valid=1.0000 routes=9.336 grad=1.6158 seconds=65.3
Epoch 4505/5000: score=11.331494 loss=-0.100550 valid=1.0000 routes=10.215 grad=1.6139 seconds=66.0
Epoch 4506/5000: score=11.179764 loss=-0.116555 valid=1.0000 routes=9.351 grad=1.5723 seconds=65.5
Epoch 4507/5000: score=11.597300 loss=-0.103882 valid=1.0000 routes=10.182 grad=1.6357 seconds=65.1
Epoch 4508/5000: score=10.880820 loss=-0.108339 valid=1.0000 routes=9.442 grad=1.5185 seconds=65.7
Epoch 4509/5000: score=11.487823 loss=-0.113223 valid=1.0000 routes=9.870 grad=1.6686 seconds=65.3
Epoch 4510/5000: score=10.970477 loss=-0.112785 valid=1.0000 routes=9.316 grad=1.5807 seconds=66.3
Epoch 4511/5000: score=11.188919 loss=-0.105320 valid=1.0000 routes=9.669 grad=1.5675 seconds=65.5
Epoch 4512/5000: score=10.708116 loss=-0.107454 valid=1.0000 routes=9.244 grad=1.4981 seconds=65.8
Epoch 4513/5000: score=11.465157 loss=-0.105230 valid=1.0000 routes=10.085 grad=1.6768 seconds=65.7
Epoch 4514/5000: score=12.090390 loss=-0.114330 valid=1.0000 routes=10.428 grad=1.8593 seconds=65.6
Epoch 4515/5000: score=11.078500 loss=-0.107400 valid=1.0000 routes=9.306 grad=1.5034 seconds=65.9
Epoch 4516/5000: score=11.675082 loss=-0.109344 valid=1.0000 routes=10.145 grad=1.7303 seconds=65.5
Epoch 4517/5000: score=11.997071 loss=-0.109200 valid=1.0000 routes=10.242 grad=1.7603 seconds=65.5
Epoch 4518/5000: score=11.026973 loss=-0.104941 valid=1.0000 routes=9.704 grad=1.5021 seconds=65.9
Epoch 4519/5000: score=10.960304 loss=-0.101415 valid=1.0000 routes=9.654 grad=1.5186 seconds=65.0
Epoch 4520/5000: score=10.921889 loss=-0.104491 valid=1.0000 routes=9.590 grad=1.5149 seconds=66.2
Epoch 4521/5000: score=11.010262 loss=-0.110361 valid=1.0000 routes=9.709 grad=1.6055 seconds=66.2
Epoch 4522/5000: score=11.438378 loss=-0.104260 valid=1.0000 routes=10.144 grad=1.6777 seconds=65.6
Epoch 4523/5000: score=10.961015 loss=-0.104566 valid=1.0000 routes=9.270 grad=1.5014 seconds=65.7
Epoch 4524/5000: score=11.281812 loss=-0.117782 valid=1.0000 routes=9.155 grad=1.6580 seconds=65.7
Epoch 4525/5000: score=11.396588 loss=-0.110012 valid=1.0000 routes=9.675 grad=1.5926 seconds=66.3
Epoch 4526/5000: score=11.744341 loss=-0.107638 valid=1.0000 routes=10.187 grad=1.7195 seconds=65.3
Epoch 4527/5000: score=11.061426 loss=-0.108453 valid=1.0000 routes=9.723 grad=1.5865 seconds=65.6
Epoch 4528/5000: score=11.488213 loss=-0.106559 valid=1.0000 routes=9.821 grad=1.6408 seconds=65.8
Epoch 4529/5000: score=10.809058 loss=-0.097234 valid=1.0000 routes=9.511 grad=1.3706 seconds=65.7
Epoch 4530/5000: score=11.645518 loss=-0.108154 valid=1.0000 routes=10.293 grad=1.6922 seconds=66.1
Epoch 4531/5000: score=11.080524 loss=-0.099986 valid=1.0000 routes=9.425 grad=1.4891 seconds=65.3
Epoch 4532/5000: score=10.882304 loss=-0.096006 valid=1.0000 routes=9.500 grad=1.4288 seconds=65.6
Epoch 4533/5000: score=11.730719 loss=-0.110241 valid=1.0000 routes=9.438 grad=1.6716 seconds=65.8
Epoch 4534/5000: score=11.307991 loss=-0.101118 valid=1.0000 routes=9.968 grad=1.6199 seconds=65.6
Epoch 4535/5000: score=11.629540 loss=-0.108748 valid=1.0000 routes=10.058 grad=1.6826 seconds=65.7
Epoch 4536/5000: score=11.207194 loss=-0.103967 valid=1.0000 routes=9.819 grad=1.5474 seconds=65.4
Epoch 4537/5000: score=11.542465 loss=-0.113984 valid=1.0000 routes=9.444 grad=1.6888 seconds=65.9
Epoch 4538/5000: score=11.861663 loss=-0.115490 valid=1.0000 routes=9.917 grad=1.7515 seconds=65.6
Epoch 4539/5000: score=11.055100 loss=-0.101062 valid=1.0000 routes=10.003 grad=1.5433 seconds=65.1
Epoch 4540/5000: score=11.046014 loss=-0.099999 valid=1.0000 routes=9.513 grad=1.4583 seconds=65.6
Epoch 4541/5000: score=10.693284 loss=-0.108767 valid=1.0000 routes=9.347 grad=1.4983 seconds=65.6
Epoch 4542/5000: score=12.121940 loss=-0.106916 valid=1.0000 routes=10.568 grad=1.8177 seconds=66.1
Epoch 4543/5000: score=11.396971 loss=-0.108075 valid=1.0000 routes=9.700 grad=1.6176 seconds=65.7
Epoch 4544/5000: score=11.526965 loss=-0.106925 valid=1.0000 routes=10.097 grad=1.6628 seconds=65.5
Epoch 4545/5000: score=11.879701 loss=-0.112882 valid=1.0000 routes=9.903 grad=1.7494 seconds=65.8
>> Invalid instances, Re-generating ...
Epoch 4546/5000: score=12.198155 loss=-0.106262 valid=1.0000 routes=10.334 grad=1.7877 seconds=65.1
Epoch 4547/5000: score=10.980924 loss=-0.102207 valid=1.0000 routes=9.813 grad=1.5465 seconds=65.9
Epoch 4548/5000: score=11.688806 loss=-0.101090 valid=1.0000 routes=10.042 grad=1.6482 seconds=65.7
Epoch 4549/5000: score=11.472937 loss=-0.101957 valid=1.0000 routes=9.798 grad=1.5861 seconds=65.3
Epoch 4550/5000: score=11.346041 loss=-0.103933 valid=1.0000 routes=9.721 grad=1.6039 seconds=65.7
Epoch 4551/5000: score=11.284961 loss=-0.101080 valid=1.0000 routes=10.022 grad=1.5887 seconds=64.8
Epoch 4552/5000: score=11.557649 loss=-0.106036 valid=1.0000 routes=10.279 grad=1.7247 seconds=65.6
Epoch 4553/5000: score=11.340004 loss=-0.102937 valid=1.0000 routes=9.942 grad=1.6490 seconds=65.6
Epoch 4554/5000: score=11.565235 loss=-0.104100 valid=1.0000 routes=10.166 grad=1.6726 seconds=65.2
Epoch 4555/5000: score=11.188789 loss=-0.104008 valid=1.0000 routes=9.697 grad=1.5673 seconds=65.7
Epoch 4556/5000: score=11.497894 loss=-0.106317 valid=1.0000 routes=10.201 grad=1.7150 seconds=65.1
Epoch 4557/5000: score=11.524001 loss=-0.099625 valid=1.0000 routes=10.013 grad=1.6336 seconds=65.5
Epoch 4558/5000: score=10.945724 loss=-0.103474 valid=1.0000 routes=9.502 grad=1.5248 seconds=65.6
Epoch 4559/5000: score=11.070103 loss=-0.109435 valid=1.0000 routes=9.349 grad=1.5325 seconds=65.4
Epoch 4560/5000: score=11.298735 loss=-0.103116 valid=1.0000 routes=9.726 grad=1.6060 seconds=65.8
Epoch 4561/5000: score=11.473474 loss=-0.098041 valid=1.0000 routes=10.150 grad=1.6002 seconds=64.6
Epoch 4562/5000: score=11.597871 loss=-0.107916 valid=1.0000 routes=9.745 grad=1.6722 seconds=65.8
Epoch 4563/5000: score=11.191930 loss=-0.103847 valid=1.0000 routes=9.586 grad=1.5425 seconds=65.4
Epoch 4564/5000: score=10.997141 loss=-0.098428 valid=1.0000 routes=10.231 grad=1.5154 seconds=65.0
Epoch 4565/5000: score=11.574214 loss=-0.106867 valid=1.0000 routes=9.982 grad=1.6347 seconds=65.6
Epoch 4566/5000: score=11.121788 loss=-0.112546 valid=1.0000 routes=9.384 grad=1.6333 seconds=65.8
Epoch 4567/5000: score=11.701520 loss=-0.101072 valid=1.0000 routes=10.093 grad=1.6538 seconds=65.8
Epoch 4568/5000: score=11.888750 loss=-0.106238 valid=1.0000 routes=10.319 grad=1.7887 seconds=65.3
Epoch 4569/5000: score=11.463022 loss=-0.103435 valid=1.0000 routes=9.962 grad=1.6632 seconds=65.4
Epoch 4570/5000: score=11.170348 loss=-0.102597 valid=1.0000 routes=9.922 grad=1.5711 seconds=65.7
Epoch 4571/5000: score=11.182486 loss=-0.104636 valid=1.0000 routes=9.914 grad=1.6116 seconds=65.6
Epoch 4572/5000: score=11.813229 loss=-0.112165 valid=1.0000 routes=10.158 grad=1.7319 seconds=66.0
Epoch 4573/5000: score=11.062470 loss=-0.104019 valid=1.0000 routes=9.881 grad=1.6090 seconds=65.4
Epoch 4574/5000: score=11.366377 loss=-0.109653 valid=1.0000 routes=10.079 grad=1.7197 seconds=66.5
Epoch 4575/5000: score=10.949204 loss=-0.103383 valid=1.0000 routes=9.602 grad=1.5390 seconds=66.8
Epoch 4576/5000: score=11.194378 loss=-0.110572 valid=1.0000 routes=10.027 grad=1.6435 seconds=66.3
Epoch 4577/5000: score=11.251305 loss=-0.101113 valid=1.0000 routes=9.690 grad=1.5996 seconds=66.6
Epoch 4578/5000: score=11.337138 loss=-0.099372 valid=1.0000 routes=10.557 grad=1.6610 seconds=65.8
Epoch 4579/5000: score=11.323027 loss=-0.099289 valid=1.0000 routes=10.094 grad=1.5897 seconds=66.5
Epoch 4580/5000: score=11.751483 loss=-0.106606 valid=1.0000 routes=9.950 grad=1.7441 seconds=66.9
>> Invalid instances, Re-generating ...
Epoch 4581/5000: score=11.766969 loss=-0.103381 valid=1.0000 routes=10.538 grad=1.7686 seconds=66.0
Epoch 4582/5000: score=11.743629 loss=-0.104236 valid=1.0000 routes=10.168 grad=1.7396 seconds=66.6
Epoch 4583/5000: score=11.831928 loss=-0.102812 valid=1.0000 routes=10.110 grad=1.7324 seconds=66.0
Epoch 4584/5000: score=11.162269 loss=-0.100945 valid=1.0000 routes=9.903 grad=1.5473 seconds=66.5
Epoch 4585/5000: score=11.153700 loss=-0.105523 valid=1.0000 routes=9.915 grad=1.6405 seconds=66.8
Epoch 4586/5000: score=11.885167 loss=-0.098043 valid=1.0000 routes=10.663 grad=1.7822 seconds=65.9
Epoch 4587/5000: score=11.754609 loss=-0.099549 valid=1.0000 routes=10.443 grad=1.7057 seconds=66.5
Epoch 4588/5000: score=11.475525 loss=-0.113573 valid=1.0000 routes=9.504 grad=1.7061 seconds=66.6
Epoch 4589/5000: score=11.815868 loss=-0.100815 valid=1.0000 routes=10.179 grad=1.7287 seconds=66.2
Epoch 4590/5000: score=11.550665 loss=-0.102301 valid=1.0000 routes=9.754 grad=1.6455 seconds=66.5
Epoch 4591/5000: score=11.505257 loss=-0.101539 valid=1.0000 routes=10.418 grad=1.7033 seconds=66.1
Epoch 4592/5000: score=11.297399 loss=-0.107006 valid=1.0000 routes=9.366 grad=1.5872 seconds=66.4
Epoch 4593/5000: score=11.562167 loss=-0.098513 valid=1.0000 routes=10.951 grad=1.7375 seconds=66.0
Epoch 4594/5000: score=11.436650 loss=-0.107559 valid=1.0000 routes=9.830 grad=1.6599 seconds=66.3
Epoch 4595/5000: score=10.766563 loss=-0.106425 valid=1.0000 routes=9.484 grad=1.5742 seconds=66.6
Epoch 4596/5000: score=11.227927 loss=-0.101615 valid=1.0000 routes=9.859 grad=1.6075 seconds=66.0
Epoch 4597/5000: score=11.083464 loss=-0.110678 valid=1.0000 routes=9.286 grad=1.5828 seconds=66.8
Epoch 4598/5000: score=11.434438 loss=-0.108123 valid=1.0000 routes=9.668 grad=1.6459 seconds=66.4
Epoch 4599/5000: score=11.604071 loss=-0.101408 valid=1.0000 routes=10.666 grad=1.7384 seconds=65.4
Epoch 4600/5000: score=11.079614 loss=-0.104388 valid=1.0000 routes=9.787 grad=1.5977 seconds=66.1
Epoch 4601/5000: score=11.455229 loss=-0.107119 valid=1.0000 routes=10.151 grad=1.7129 seconds=66.0
Epoch 4602/5000: score=11.147065 loss=-0.109256 valid=1.0000 routes=9.353 grad=1.5856 seconds=66.1
Epoch 4603/5000: score=11.339809 loss=-0.097362 valid=1.0000 routes=10.005 grad=1.6140 seconds=65.5
Epoch 4604/5000: score=11.657528 loss=-0.101712 valid=1.0000 routes=10.106 grad=1.6727 seconds=65.6
Epoch 4605/5000: score=11.549595 loss=-0.107632 valid=1.0000 routes=9.926 grad=1.7309 seconds=66.1
Epoch 4606/5000: score=11.717810 loss=-0.104767 valid=1.0000 routes=9.902 grad=1.6993 seconds=65.2
Epoch 4607/5000: score=11.185854 loss=-0.093868 valid=1.0000 routes=9.937 grad=1.6021 seconds=65.9
Epoch 4608/5000: score=11.611647 loss=-0.103727 valid=1.0000 routes=9.886 grad=1.7168 seconds=65.5
Epoch 4609/5000: score=11.425887 loss=-0.105564 valid=1.0000 routes=9.730 grad=1.6053 seconds=65.2
Epoch 4610/5000: score=11.024837 loss=-0.106127 valid=1.0000 routes=9.950 grad=1.6160 seconds=66.0
Epoch 4611/5000: score=11.283007 loss=-0.101985 valid=1.0000 routes=9.877 grad=1.5973 seconds=65.0
Epoch 4612/5000: score=10.536414 loss=-0.097149 valid=1.0000 routes=9.551 grad=1.4472 seconds=65.6
Epoch 4613/5000: score=11.900507 loss=-0.103763 valid=1.0000 routes=10.209 grad=1.7551 seconds=65.3
Epoch 4614/5000: score=11.182442 loss=-0.100060 valid=1.0000 routes=9.803 grad=1.5568 seconds=65.4
Epoch 4615/5000: score=11.111057 loss=-0.107427 valid=1.0000 routes=9.863 grad=1.6435 seconds=66.5
Epoch 4616/5000: score=11.711304 loss=-0.107303 valid=1.0000 routes=10.264 grad=1.7905 seconds=65.2
Epoch 4617/5000: score=11.164574 loss=-0.107744 valid=1.0000 routes=9.525 grad=1.6139 seconds=66.2
Epoch 4618/5000: score=11.079725 loss=-0.103419 valid=1.0000 routes=10.024 grad=1.6533 seconds=65.8
Epoch 4619/5000: score=11.034261 loss=-0.114283 valid=1.0000 routes=9.760 grad=1.6746 seconds=66.4
Epoch 4620/5000: score=11.304727 loss=-0.103765 valid=1.0000 routes=9.754 grad=1.5850 seconds=65.6
Epoch 4621/5000: score=11.613416 loss=-0.108623 valid=1.0000 routes=9.908 grad=1.7258 seconds=64.9
Epoch 4622/5000: score=11.711011 loss=-0.106747 valid=1.0000 routes=10.116 grad=1.7405 seconds=65.6
Epoch 4623/5000: score=11.443571 loss=-0.106562 valid=1.0000 routes=10.172 grad=1.6963 seconds=65.2
Epoch 4624/5000: score=10.852975 loss=-0.097590 valid=1.0000 routes=9.530 grad=1.4873 seconds=65.1
Epoch 4625/5000: score=11.609473 loss=-0.100198 valid=1.0000 routes=10.026 grad=1.6870 seconds=65.6
Epoch 4626/5000: score=10.865622 loss=-0.101464 valid=1.0000 routes=9.398 grad=1.5267 seconds=65.5
Epoch 4627/5000: score=11.019096 loss=-0.103368 valid=1.0000 routes=9.789 grad=1.5706 seconds=66.4
Epoch 4628/5000: score=11.507395 loss=-0.099519 valid=1.0000 routes=10.099 grad=1.6144 seconds=65.9
Epoch 4629/5000: score=11.157544 loss=-0.104729 valid=1.0000 routes=9.800 grad=1.6234 seconds=66.0
Epoch 4630/5000: score=10.904328 loss=-0.103467 valid=1.0000 routes=9.667 grad=1.5741 seconds=65.8
Epoch 4631/5000: score=11.190112 loss=-0.107130 valid=1.0000 routes=9.353 grad=1.5744 seconds=65.0
Epoch 4632/5000: score=11.240457 loss=-0.103145 valid=1.0000 routes=9.753 grad=1.5861 seconds=65.9
Epoch 4633/5000: score=11.051906 loss=-0.106854 valid=1.0000 routes=9.372 grad=1.5817 seconds=66.0
Epoch 4634/5000: score=11.473569 loss=-0.108764 valid=1.0000 routes=10.105 grad=1.6984 seconds=65.7
Epoch 4635/5000: score=11.037036 loss=-0.117631 valid=1.0000 routes=8.946 grad=1.5489 seconds=66.0
Epoch 4636/5000: score=11.394907 loss=-0.104485 valid=1.0000 routes=9.698 grad=1.6205 seconds=65.7
Epoch 4637/5000: score=11.228958 loss=-0.099179 valid=1.0000 routes=9.793 grad=1.5842 seconds=66.0
Epoch 4638/5000: score=11.815569 loss=-0.102420 valid=1.0000 routes=10.503 grad=1.7527 seconds=65.7
Epoch 4639/5000: score=10.722999 loss=-0.101661 valid=1.0000 routes=10.112 grad=1.5313 seconds=66.1
Epoch 4640/5000: score=11.394379 loss=-0.103432 valid=1.0000 routes=9.587 grad=1.6361 seconds=66.0
Epoch 4641/5000: score=11.070254 loss=-0.110090 valid=1.0000 routes=9.320 grad=1.5758 seconds=65.5
Epoch 4642/5000: score=10.882862 loss=-0.109729 valid=1.0000 routes=9.411 grad=1.5593 seconds=66.4
Epoch 4643/5000: score=11.592543 loss=-0.104495 valid=1.0000 routes=9.682 grad=1.6765 seconds=65.7
Epoch 4644/5000: score=11.467505 loss=-0.099951 valid=1.0000 routes=10.101 grad=1.6639 seconds=65.8
Epoch 4645/5000: score=11.196568 loss=-0.109105 valid=1.0000 routes=9.162 grad=1.5924 seconds=65.6
Epoch 4646/5000: score=11.313427 loss=-0.107097 valid=1.0000 routes=10.184 grad=1.6929 seconds=65.9
Epoch 4647/5000: score=11.222214 loss=-0.106562 valid=1.0000 routes=9.830 grad=1.6300 seconds=66.2
Epoch 4648/5000: score=10.976558 loss=-0.103129 valid=1.0000 routes=9.570 grad=1.5898 seconds=65.5
Epoch 4649/5000: score=11.479308 loss=-0.105328 valid=1.0000 routes=9.850 grad=1.6979 seconds=65.9
Epoch 4650/5000: score=11.399412 loss=-0.103625 valid=1.0000 routes=9.962 grad=1.6973 seconds=65.7
Epoch 4651/5000: score=11.324216 loss=-0.105423 valid=1.0000 routes=9.504 grad=1.6172 seconds=65.8
Epoch 4652/5000: score=11.722060 loss=-0.104018 valid=1.0000 routes=9.785 grad=1.6775 seconds=65.7
Epoch 4653/5000: score=11.176506 loss=-0.106270 valid=1.0000 routes=9.389 grad=1.6317 seconds=65.9
Epoch 4654/5000: score=11.320505 loss=-0.104376 valid=1.0000 routes=9.962 grad=1.6170 seconds=66.3
Epoch 4655/5000: score=11.128723 loss=-0.103574 valid=1.0000 routes=9.050 grad=1.5271 seconds=64.9
Epoch 4656/5000: score=11.488532 loss=-0.101735 valid=1.0000 routes=10.017 grad=1.6642 seconds=66.2
Epoch 4657/5000: score=11.611556 loss=-0.104527 valid=1.0000 routes=10.225 grad=1.6896 seconds=65.8
Epoch 4658/5000: score=11.633766 loss=-0.099538 valid=1.0000 routes=10.802 grad=1.7621 seconds=65.5
Epoch 4659/5000: score=11.688408 loss=-0.107557 valid=1.0000 routes=10.580 grad=1.7959 seconds=66.0
Epoch 4660/5000: score=11.260588 loss=-0.100244 valid=1.0000 routes=9.980 grad=1.6413 seconds=65.0
Epoch 4661/5000: score=11.576704 loss=-0.107005 valid=1.0000 routes=10.043 grad=1.7465 seconds=66.1
Epoch 4662/5000: score=11.083275 loss=-0.106804 valid=1.0000 routes=9.152 grad=1.5573 seconds=65.8
Epoch 4663/5000: score=11.115289 loss=-0.109537 valid=1.0000 routes=9.022 grad=1.5476 seconds=65.9
Epoch 4664/5000: score=11.339062 loss=-0.104045 valid=1.0000 routes=9.974 grad=1.6668 seconds=66.1
Epoch 4665/5000: score=11.112552 loss=-0.099680 valid=1.0000 routes=9.505 grad=1.5435 seconds=65.9
Epoch 4666/5000: score=11.381377 loss=-0.106719 valid=1.0000 routes=10.082 grad=1.6723 seconds=66.5
Epoch 4667/5000: score=11.927492 loss=-0.102715 valid=1.0000 routes=10.419 grad=1.7999 seconds=65.7
Epoch 4668/5000: score=11.307092 loss=-0.107839 valid=1.0000 routes=9.691 grad=1.6269 seconds=66.1
Epoch 4669/5000: score=11.056074 loss=-0.102225 valid=1.0000 routes=9.713 grad=1.5582 seconds=66.2
Epoch 4670/5000: score=11.211194 loss=-0.106449 valid=1.0000 routes=9.867 grad=1.6181 seconds=66.0
Epoch 4671/5000: score=11.208675 loss=-0.105791 valid=1.0000 routes=9.723 grad=1.6687 seconds=66.3
Epoch 4672/5000: score=10.988949 loss=-0.107439 valid=1.0000 routes=9.787 grad=1.5900 seconds=66.0
Epoch 4673/5000: score=11.786209 loss=-0.103288 valid=1.0000 routes=10.190 grad=1.7512 seconds=66.5
Epoch 4674/5000: score=11.149768 loss=-0.100473 valid=1.0000 routes=9.673 grad=1.6106 seconds=66.2
Epoch 4675/5000: score=11.595338 loss=-0.099088 valid=1.0000 routes=10.492 grad=1.6603 seconds=65.6
Epoch 4676/5000: score=11.990405 loss=-0.112968 valid=1.0000 routes=9.969 grad=1.8649 seconds=66.3
Epoch 4677/5000: score=10.815619 loss=-0.103577 valid=1.0000 routes=9.608 grad=1.5475 seconds=65.6
Epoch 4678/5000: score=11.066901 loss=-0.105781 valid=1.0000 routes=9.387 grad=1.5974 seconds=66.7
Epoch 4679/5000: score=11.146930 loss=-0.104032 valid=1.0000 routes=9.393 grad=1.6145 seconds=66.0
Epoch 4680/5000: score=11.448492 loss=-0.107076 valid=1.0000 routes=10.056 grad=1.6885 seconds=65.9
Epoch 4681/5000: score=11.537732 loss=-0.097213 valid=1.0000 routes=10.045 grad=1.6312 seconds=66.0
Epoch 4682/5000: score=10.845036 loss=-0.105324 valid=1.0000 routes=9.755 grad=1.5447 seconds=65.8
Epoch 4683/5000: score=11.311132 loss=-0.106943 valid=1.0000 routes=9.512 grad=1.6130 seconds=66.3
>> Invalid instances, Re-generating ...
Epoch 4684/5000: score=10.614608 loss=-0.099060 valid=1.0000 routes=9.361 grad=1.4695 seconds=65.8
Epoch 4685/5000: score=10.860824 loss=-0.107846 valid=1.0000 routes=9.034 grad=1.4553 seconds=66.0
Epoch 4686/5000: score=11.140767 loss=-0.104222 valid=1.0000 routes=9.678 grad=1.6293 seconds=66.2
Epoch 4687/5000: score=11.413602 loss=-0.102962 valid=1.0000 routes=9.542 grad=1.6482 seconds=65.9
Epoch 4688/5000: score=11.471342 loss=-0.104625 valid=1.0000 routes=9.528 grad=1.6196 seconds=66.4
Epoch 4689/5000: score=11.910578 loss=-0.110322 valid=1.0000 routes=10.073 grad=1.8001 seconds=66.2
Epoch 4690/5000: score=10.882840 loss=-0.104561 valid=1.0000 routes=9.558 grad=1.5632 seconds=66.0
Epoch 4691/5000: score=10.947906 loss=-0.106799 valid=1.0000 routes=9.415 grad=1.5639 seconds=66.2
Epoch 4692/5000: score=11.464474 loss=-0.101660 valid=1.0000 routes=10.125 grad=1.6419 seconds=65.8
Epoch 4693/5000: score=11.132718 loss=-0.103597 valid=1.0000 routes=9.608 grad=1.5674 seconds=66.0
Epoch 4694/5000: score=11.284385 loss=-0.102540 valid=1.0000 routes=10.106 grad=1.6373 seconds=66.0
Epoch 4695/5000: score=11.548603 loss=-0.105789 valid=1.0000 routes=10.401 grad=1.6913 seconds=65.9
Epoch 4696/5000: score=11.221920 loss=-0.108112 valid=1.0000 routes=9.825 grad=1.6622 seconds=66.0
Epoch 4697/5000: score=10.955759 loss=-0.100547 valid=1.0000 routes=9.696 grad=1.5593 seconds=67.3
Epoch 4698/5000: score=11.515830 loss=-0.104261 valid=1.0000 routes=9.744 grad=1.6634 seconds=67.9
Epoch 4699/5000: score=11.203533 loss=-0.104827 valid=1.0000 routes=10.059 grad=1.7045 seconds=67.4
Epoch 4700/5000: score=11.094860 loss=-0.100110 valid=1.0000 routes=9.758 grad=1.5405 seconds=67.6
Epoch 4701/5000: score=11.522290 loss=-0.106243 valid=1.0000 routes=9.812 grad=1.6682 seconds=67.6
Epoch 4702/5000: score=11.274979 loss=-0.106401 valid=1.0000 routes=9.747 grad=1.6616 seconds=67.9
Epoch 4703/5000: score=11.822770 loss=-0.107365 valid=1.0000 routes=9.881 grad=1.7269 seconds=67.9
Epoch 4704/5000: score=11.031319 loss=-0.105471 valid=1.0000 routes=9.422 grad=1.5853 seconds=67.6
Epoch 4705/5000: score=11.098479 loss=-0.105820 valid=1.0000 routes=9.706 grad=1.5763 seconds=66.5
Epoch 4706/5000: score=11.213000 loss=-0.102090 valid=1.0000 routes=9.844 grad=1.5788 seconds=65.9
Epoch 4707/5000: score=11.355482 loss=-0.100481 valid=1.0000 routes=9.773 grad=1.5928 seconds=65.7
Epoch 4708/5000: score=11.537939 loss=-0.101378 valid=1.0000 routes=10.261 grad=1.6973 seconds=65.9
Epoch 4709/5000: score=11.867755 loss=-0.103630 valid=1.0000 routes=10.666 grad=1.7972 seconds=65.9
Epoch 4710/5000: score=11.095818 loss=-0.105373 valid=1.0000 routes=9.467 grad=1.5338 seconds=66.4
Epoch 4711/5000: score=11.559188 loss=-0.101722 valid=1.0000 routes=10.070 grad=1.6356 seconds=66.3
Epoch 4712/5000: score=11.543598 loss=-0.108229 valid=1.0000 routes=9.745 grad=1.7069 seconds=66.8
Epoch 4713/5000: score=11.501448 loss=-0.101077 valid=1.0000 routes=10.117 grad=1.6691 seconds=66.2
Epoch 4714/5000: score=11.172801 loss=-0.102331 valid=1.0000 routes=9.785 grad=1.6333 seconds=65.8
Epoch 4715/5000: score=11.488366 loss=-0.099696 valid=1.0000 routes=10.071 grad=1.6240 seconds=66.1
Epoch 4716/5000: score=11.350206 loss=-0.108254 valid=1.0000 routes=9.528 grad=1.6752 seconds=65.9
Epoch 4717/5000: score=11.499912 loss=-0.107031 valid=1.0000 routes=9.623 grad=1.7007 seconds=66.1
Epoch 4718/5000: score=11.450541 loss=-0.106234 valid=1.0000 routes=9.912 grad=1.6860 seconds=66.1
Epoch 4719/5000: score=11.186822 loss=-0.101240 valid=1.0000 routes=10.052 grad=1.6549 seconds=65.5
Epoch 4720/5000: score=11.496306 loss=-0.100914 valid=1.0000 routes=9.919 grad=1.6765 seconds=66.0
Epoch 4721/5000: score=11.813881 loss=-0.106041 valid=1.0000 routes=10.133 grad=1.7315 seconds=65.7
Epoch 4722/5000: score=11.582339 loss=-0.099520 valid=1.0000 routes=10.199 grad=1.7045 seconds=66.1
Epoch 4723/5000: score=11.229424 loss=-0.105275 valid=1.0000 routes=9.435 grad=1.5977 seconds=66.1
>> Invalid instances, Re-generating ...
Epoch 4724/5000: score=11.351314 loss=-0.101400 valid=1.0000 routes=10.006 grad=1.6316 seconds=65.9
Epoch 4725/5000: score=11.597912 loss=-0.099606 valid=1.0000 routes=9.370 grad=1.5816 seconds=67.0
Epoch 4726/5000: score=11.606852 loss=-0.095961 valid=1.0000 routes=10.280 grad=1.6598 seconds=65.9
Epoch 4727/5000: score=11.723034 loss=-0.107214 valid=1.0000 routes=9.882 grad=1.7448 seconds=66.3
Epoch 4728/5000: score=11.740084 loss=-0.107939 valid=1.0000 routes=9.859 grad=1.7534 seconds=65.6
Epoch 4729/5000: score=11.164848 loss=-0.106437 valid=1.0000 routes=9.927 grad=1.6175 seconds=65.8
Epoch 4730/5000: score=11.513998 loss=-0.095607 valid=1.0000 routes=10.309 grad=1.6762 seconds=65.6
Epoch 4731/5000: score=11.447238 loss=-0.109696 valid=1.0000 routes=9.339 grad=1.6576 seconds=66.0
Epoch 4732/5000: score=10.791687 loss=-0.101051 valid=1.0000 routes=10.438 grad=1.6147 seconds=66.0
Epoch 4733/5000: score=11.161106 loss=-0.098572 valid=1.0000 routes=10.023 grad=1.6188 seconds=65.6
Epoch 4734/5000: score=11.332836 loss=-0.099356 valid=1.0000 routes=10.175 grad=1.6551 seconds=66.0
Epoch 4735/5000: score=11.205346 loss=-0.108427 valid=1.0000 routes=9.590 grad=1.6572 seconds=66.7
Epoch 4736/5000: score=11.619254 loss=-0.106716 valid=1.0000 routes=10.052 grad=1.7629 seconds=66.5
Epoch 4737/5000: score=11.229492 loss=-0.099281 valid=1.0000 routes=9.822 grad=1.5670 seconds=66.5
Epoch 4738/5000: score=11.543667 loss=-0.103302 valid=1.0000 routes=10.105 grad=1.6651 seconds=66.7
Epoch 4739/5000: score=11.413081 loss=-0.102513 valid=1.0000 routes=10.091 grad=1.6830 seconds=66.7
Epoch 4740/5000: score=11.332503 loss=-0.108181 valid=1.0000 routes=9.894 grad=1.7005 seconds=68.6
Epoch 4741/5000: score=11.482423 loss=-0.104599 valid=1.0000 routes=9.969 grad=1.7065 seconds=67.1
Epoch 4742/5000: score=11.414448 loss=-0.100653 valid=1.0000 routes=10.160 grad=1.6267 seconds=67.6
Epoch 4743/5000: score=11.394422 loss=-0.112046 valid=1.0000 routes=9.649 grad=1.7271 seconds=67.4
Epoch 4744/5000: score=10.949432 loss=-0.110487 valid=1.0000 routes=9.799 grad=1.6183 seconds=67.1
Epoch 4745/5000: score=10.431442 loss=-0.102463 valid=1.0000 routes=9.204 grad=1.4828 seconds=67.2
Epoch 4746/5000: score=11.173268 loss=-0.102548 valid=1.0000 routes=9.516 grad=1.6277 seconds=67.1
Epoch 4747/5000: score=11.875162 loss=-0.109279 valid=1.0000 routes=9.810 grad=1.7920 seconds=67.5
Epoch 4748/5000: score=11.226365 loss=-0.098694 valid=1.0000 routes=9.841 grad=1.5738 seconds=67.2
Epoch 4749/5000: score=11.634398 loss=-0.115153 valid=1.0000 routes=9.659 grad=1.8100 seconds=67.4
Epoch 4750/5000: score=10.849946 loss=-0.109820 valid=1.0000 routes=9.144 grad=1.5485 seconds=67.5
Epoch 4751/5000: score=10.862404 loss=-0.096478 valid=1.0000 routes=9.887 grad=1.5152 seconds=67.3
Epoch 4752/5000: score=11.128456 loss=-0.106803 valid=1.0000 routes=9.176 grad=1.5083 seconds=67.4
Epoch 4753/5000: score=11.403621 loss=-0.100731 valid=1.0000 routes=9.704 grad=1.6044 seconds=66.9
Epoch 4754/5000: score=11.603249 loss=-0.097699 valid=1.0000 routes=9.877 grad=1.7168 seconds=67.3
Epoch 4755/5000: score=11.276303 loss=-0.106671 valid=1.0000 routes=9.531 grad=1.5632 seconds=66.7
Epoch 4756/5000: score=11.155207 loss=-0.106322 valid=1.0000 routes=9.505 grad=1.5849 seconds=66.6
Epoch 4757/5000: score=11.560809 loss=-0.099137 valid=1.0000 routes=9.739 grad=1.6016 seconds=66.6
Epoch 4758/5000: score=11.613538 loss=-0.100115 valid=1.0000 routes=9.976 grad=1.6962 seconds=66.8
Epoch 4759/5000: score=11.278097 loss=-0.106838 valid=1.0000 routes=9.776 grad=1.6735 seconds=67.2
Epoch 4760/5000: score=11.289587 loss=-0.103706 valid=1.0000 routes=9.905 grad=1.6292 seconds=67.1
Epoch 4761/5000: score=11.398335 loss=-0.113396 valid=1.0000 routes=9.575 grad=1.7535 seconds=66.9
Epoch 4762/5000: score=11.189855 loss=-0.120611 valid=1.0000 routes=9.274 grad=1.7027 seconds=67.4
Epoch 4763/5000: score=11.064255 loss=-0.097194 valid=1.0000 routes=9.767 grad=1.5368 seconds=66.6
Epoch 4764/5000: score=11.157488 loss=-0.101505 valid=1.0000 routes=9.696 grad=1.5866 seconds=66.9
Epoch 4765/5000: score=11.516794 loss=-0.097735 valid=1.0000 routes=10.524 grad=1.7035 seconds=66.7
Epoch 4766/5000: score=11.330228 loss=-0.104163 valid=1.0000 routes=9.787 grad=1.6372 seconds=66.9
Epoch 4767/5000: score=11.166431 loss=-0.110805 valid=1.0000 routes=9.695 grad=1.6239 seconds=67.2
Epoch 4768/5000: score=11.381600 loss=-0.104143 valid=1.0000 routes=9.891 grad=1.6871 seconds=66.7
Epoch 4769/5000: score=10.900827 loss=-0.109418 valid=1.0000 routes=9.217 grad=1.5655 seconds=67.4
Epoch 4770/5000: score=10.968432 loss=-0.097780 valid=1.0000 routes=9.584 grad=1.4969 seconds=66.5
Epoch 4771/5000: score=11.241449 loss=-0.103756 valid=1.0000 routes=9.724 grad=1.6585 seconds=67.0
Epoch 4772/5000: score=11.684739 loss=-0.113837 valid=1.0000 routes=10.011 grad=1.7931 seconds=67.2
Epoch 4773/5000: score=11.375284 loss=-0.111479 valid=1.0000 routes=9.542 grad=1.7288 seconds=66.7
Epoch 4774/5000: score=11.082264 loss=-0.100387 valid=1.0000 routes=9.958 grad=1.6392 seconds=67.0
Epoch 4775/5000: score=11.554308 loss=-0.106524 valid=1.0000 routes=9.954 grad=1.6787 seconds=66.7
Epoch 4776/5000: score=11.533509 loss=-0.102843 valid=1.0000 routes=10.325 grad=1.7122 seconds=66.8
Epoch 4777/5000: score=11.407319 loss=-0.101183 valid=1.0000 routes=10.162 grad=1.6847 seconds=66.1
Epoch 4778/5000: score=10.990491 loss=-0.103451 valid=1.0000 routes=9.164 grad=1.5419 seconds=65.8
Epoch 4779/5000: score=11.788664 loss=-0.107686 valid=1.0000 routes=9.755 grad=1.7362 seconds=66.7
Epoch 4780/5000: score=11.033863 loss=-0.099607 valid=1.0000 routes=10.120 grad=1.6087 seconds=66.6
Epoch 4781/5000: score=11.674232 loss=-0.103109 valid=1.0000 routes=10.278 grad=1.7621 seconds=67.4
Epoch 4782/5000: score=11.879631 loss=-0.098095 valid=1.0000 routes=10.314 grad=1.7482 seconds=67.2
>> Invalid instances, Re-generating ...
Epoch 4783/5000: score=11.653654 loss=-0.100512 valid=1.0000 routes=9.882 grad=1.6716 seconds=66.7
Epoch 4784/5000: score=11.180245 loss=-0.101564 valid=1.0000 routes=9.300 grad=1.5838 seconds=67.5
Epoch 4785/5000: score=11.371798 loss=-0.098601 valid=1.0000 routes=9.696 grad=1.6001 seconds=66.6
Epoch 4786/5000: score=11.357495 loss=-0.096423 valid=1.0000 routes=10.441 grad=1.6474 seconds=66.9
Epoch 4787/5000: score=11.139713 loss=-0.104441 valid=1.0000 routes=9.858 grad=1.6311 seconds=67.1
Epoch 4788/5000: score=11.688457 loss=-0.103199 valid=1.0000 routes=10.144 grad=1.7425 seconds=66.6
Epoch 4789/5000: score=11.394059 loss=-0.106448 valid=1.0000 routes=9.902 grad=1.6917 seconds=66.8
Epoch 4790/5000: score=11.540588 loss=-0.110642 valid=1.0000 routes=9.804 grad=1.7463 seconds=67.0
Epoch 4791/5000: score=10.907567 loss=-0.101639 valid=1.0000 routes=9.555 grad=1.5219 seconds=66.9
Epoch 4792/5000: score=11.201653 loss=-0.099546 valid=1.0000 routes=10.137 grad=1.6579 seconds=66.7
Epoch 4793/5000: score=11.252530 loss=-0.103673 valid=1.0000 routes=9.909 grad=1.6376 seconds=63.5
Epoch 4794/5000: score=11.591097 loss=-0.101483 valid=1.0000 routes=10.038 grad=1.6884 seconds=63.2
Epoch 4795/5000: score=10.995029 loss=-0.100937 valid=1.0000 routes=9.725 grad=1.6011 seconds=62.4
Epoch 4796/5000: score=11.279468 loss=-0.111191 valid=1.0000 routes=9.751 grad=1.6699 seconds=62.6
>> Invalid instances, Re-generating ...
Epoch 4797/5000: score=11.498531 loss=-0.108331 valid=1.0000 routes=9.998 grad=1.7383 seconds=62.9
Epoch 4798/5000: score=11.642943 loss=-0.101714 valid=1.0000 routes=9.904 grad=1.6975 seconds=62.7
Epoch 4799/5000: score=11.727997 loss=-0.099863 valid=1.0000 routes=9.794 grad=1.7470 seconds=64.1
Epoch 4800/5000: score=11.227987 loss=-0.097643 valid=1.0000 routes=10.069 grad=1.5955 seconds=67.3
Epoch 4801/5000: score=11.613934 loss=-0.103332 valid=1.0000 routes=10.465 grad=1.7860 seconds=67.4
Epoch 4802/5000: score=11.552258 loss=-0.104978 valid=1.0000 routes=10.077 grad=1.7092 seconds=67.5
Epoch 4803/5000: score=11.760106 loss=-0.099076 valid=1.0000 routes=10.155 grad=1.7283 seconds=67.3
Epoch 4804/5000: score=11.552437 loss=-0.097941 valid=1.0000 routes=9.949 grad=1.6697 seconds=66.8
Epoch 4805/5000: score=11.596901 loss=-0.108079 valid=1.0000 routes=9.804 grad=1.7400 seconds=66.6
Epoch 4806/5000: score=11.030842 loss=-0.098320 valid=1.0000 routes=9.893 grad=1.5861 seconds=67.2
Epoch 4807/5000: score=10.410861 loss=-0.103087 valid=1.0000 routes=8.887 grad=1.3947 seconds=66.4
Epoch 4808/5000: score=11.156763 loss=-0.100882 valid=1.0000 routes=9.540 grad=1.5844 seconds=67.0
Epoch 4809/5000: score=11.914747 loss=-0.104092 valid=1.0000 routes=10.161 grad=1.8035 seconds=66.8
Epoch 4810/5000: score=11.309388 loss=-0.100930 valid=1.0000 routes=9.711 grad=1.6002 seconds=66.3
Epoch 4811/5000: score=10.987534 loss=-0.101068 valid=1.0000 routes=9.681 grad=1.5843 seconds=66.8
Epoch 4812/5000: score=11.024148 loss=-0.113099 valid=1.0000 routes=9.442 grad=1.6867 seconds=66.7
Epoch 4813/5000: score=11.313954 loss=-0.103227 valid=1.0000 routes=9.427 grad=1.5830 seconds=66.6
Epoch 4814/5000: score=11.872259 loss=-0.106454 valid=1.0000 routes=10.038 grad=1.7979 seconds=67.2
Epoch 4815/5000: score=11.425914 loss=-0.101211 valid=1.0000 routes=10.212 grad=1.6937 seconds=66.3
Epoch 4816/5000: score=11.566510 loss=-0.111787 valid=1.0000 routes=9.522 grad=1.7391 seconds=67.4
Epoch 4817/5000: score=11.454739 loss=-0.103849 valid=1.0000 routes=10.113 grad=1.6812 seconds=66.5
Epoch 4818/5000: score=10.572980 loss=-0.109887 valid=1.0000 routes=8.930 grad=1.5145 seconds=67.1
Epoch 4819/5000: score=11.025540 loss=-0.111322 valid=1.0000 routes=9.318 grad=1.6266 seconds=67.6
Epoch 4820/5000: score=11.425057 loss=-0.098208 valid=1.0000 routes=9.860 grad=1.6083 seconds=66.7
Epoch 4821/5000: score=11.508446 loss=-0.103919 valid=1.0000 routes=9.141 grad=1.6174 seconds=66.3
Epoch 4822/5000: score=11.328590 loss=-0.099293 valid=1.0000 routes=9.869 grad=1.6634 seconds=65.7
Epoch 4823/5000: score=11.137190 loss=-0.105858 valid=1.0000 routes=9.424 grad=1.5805 seconds=66.6
Epoch 4824/5000: score=11.313557 loss=-0.110013 valid=1.0000 routes=9.611 grad=1.6860 seconds=66.9
Epoch 4825/5000: score=11.297705 loss=-0.099697 valid=1.0000 routes=10.282 grad=1.7078 seconds=66.2
Epoch 4826/5000: score=11.402090 loss=-0.101007 valid=1.0000 routes=9.731 grad=1.6730 seconds=66.3
Epoch 4827/5000: score=11.607707 loss=-0.099407 valid=1.0000 routes=10.108 grad=1.6991 seconds=65.8
Epoch 4828/5000: score=11.283340 loss=-0.103621 valid=1.0000 routes=10.090 grad=1.7030 seconds=66.2
Epoch 4829/5000: score=11.990837 loss=-0.107725 valid=1.0000 routes=10.310 grad=1.8672 seconds=66.3
Epoch 4830/5000: score=11.579674 loss=-0.104874 valid=1.0000 routes=10.187 grad=1.7630 seconds=65.8
Epoch 4831/5000: score=11.728692 loss=-0.101778 valid=1.0000 routes=10.017 grad=1.7294 seconds=66.2
Epoch 4832/5000: score=11.656776 loss=-0.105382 valid=1.0000 routes=9.808 grad=1.7187 seconds=66.9
Epoch 4833/5000: score=11.623134 loss=-0.098370 valid=1.0000 routes=10.242 grad=1.7101 seconds=65.4
Epoch 4834/5000: score=11.434727 loss=-0.100461 valid=1.0000 routes=10.316 grad=1.6795 seconds=66.5
Epoch 4835/5000: score=11.343544 loss=-0.101782 valid=1.0000 routes=10.061 grad=1.6999 seconds=66.2
Epoch 4836/5000: score=11.594210 loss=-0.105155 valid=1.0000 routes=9.686 grad=1.7318 seconds=66.2
Epoch 4837/5000: score=10.906242 loss=-0.106329 valid=1.0000 routes=9.221 grad=1.5230 seconds=66.5
Epoch 4838/5000: score=11.105722 loss=-0.097980 valid=1.0000 routes=9.833 grad=1.6527 seconds=65.7
Epoch 4839/5000: score=11.837717 loss=-0.105690 valid=1.0000 routes=10.144 grad=1.7750 seconds=66.9
Epoch 4840/5000: score=11.076808 loss=-0.100932 valid=1.0000 routes=9.483 grad=1.5244 seconds=66.2
Epoch 4841/5000: score=10.913418 loss=-0.104402 valid=1.0000 routes=9.247 grad=1.5535 seconds=67.2
Epoch 4842/5000: score=11.055976 loss=-0.096931 valid=1.0000 routes=9.864 grad=1.5938 seconds=67.6
Epoch 4843/5000: score=11.414846 loss=-0.106198 valid=1.0000 routes=9.613 grad=1.7289 seconds=66.9
Epoch 4844/5000: score=11.229470 loss=-0.099299 valid=1.0000 routes=9.870 grad=1.5945 seconds=67.1
Epoch 4845/5000: score=11.967216 loss=-0.104925 valid=1.0000 routes=10.636 grad=1.8406 seconds=67.0
Epoch 4846/5000: score=11.338263 loss=-0.097467 valid=1.0000 routes=10.077 grad=1.6512 seconds=66.4
Epoch 4847/5000: score=11.228352 loss=-0.104312 valid=1.0000 routes=9.779 grad=1.6368 seconds=67.1
Epoch 4848/5000: score=11.318194 loss=-0.097770 valid=1.0000 routes=9.881 grad=1.6204 seconds=66.6
Epoch 4849/5000: score=11.323627 loss=-0.098944 valid=1.0000 routes=9.655 grad=1.6569 seconds=67.4
Epoch 4850/5000: score=11.304387 loss=-0.100894 valid=1.0000 routes=9.790 grad=1.6218 seconds=67.6
Epoch 4851/5000: score=11.008666 loss=-0.102655 valid=1.0000 routes=9.495 grad=1.5657 seconds=66.9
Epoch 4852/5000: score=11.560623 loss=-0.103196 valid=1.0000 routes=9.874 grad=1.7263 seconds=67.0
Epoch 4853/5000: score=11.402475 loss=-0.102525 valid=1.0000 routes=9.743 grad=1.6638 seconds=67.1
Epoch 4854/5000: score=11.333187 loss=-0.102346 valid=1.0000 routes=9.803 grad=1.6465 seconds=66.8
Epoch 4855/5000: score=11.540876 loss=-0.113552 valid=1.0000 routes=9.480 grad=1.7628 seconds=66.9
Epoch 4856/5000: score=11.422541 loss=-0.103974 valid=1.0000 routes=9.734 grad=1.7068 seconds=66.7
Epoch 4857/5000: score=11.274457 loss=-0.104444 valid=1.0000 routes=9.332 grad=1.6385 seconds=67.3
Epoch 4858/5000: score=11.140000 loss=-0.098433 valid=1.0000 routes=9.702 grad=1.5661 seconds=66.3
Epoch 4859/5000: score=11.161239 loss=-0.101336 valid=1.0000 routes=9.818 grad=1.6687 seconds=67.5
Epoch 4860/5000: score=11.336761 loss=-0.105353 valid=1.0000 routes=9.581 grad=1.6609 seconds=67.0
Epoch 4861/5000: score=11.341886 loss=-0.116657 valid=1.0000 routes=9.297 grad=1.7334 seconds=66.7
Epoch 4862/5000: score=11.032926 loss=-0.099826 valid=1.0000 routes=9.509 grad=1.5793 seconds=67.3
Epoch 4863/5000: score=11.714046 loss=-0.100483 valid=1.0000 routes=10.283 grad=1.7518 seconds=66.9
Epoch 4864/5000: score=11.249724 loss=-0.103700 valid=1.0000 routes=9.891 grad=1.6952 seconds=66.6
Epoch 4865/5000: score=10.818492 loss=-0.095933 valid=1.0000 routes=9.791 grad=1.5512 seconds=66.8
Epoch 4866/5000: score=10.843997 loss=-0.107902 valid=1.0000 routes=9.386 grad=1.5847 seconds=66.4
Epoch 4867/5000: score=11.758453 loss=-0.106932 valid=1.0000 routes=10.120 grad=1.7836 seconds=66.6
Epoch 4868/5000: score=11.165408 loss=-0.102879 valid=1.0000 routes=10.303 grad=1.6887 seconds=66.6
Epoch 4869/5000: score=11.429285 loss=-0.107750 valid=1.0000 routes=10.292 grad=1.7790 seconds=66.1
Epoch 4870/5000: score=11.231052 loss=-0.103705 valid=1.0000 routes=9.407 grad=1.6508 seconds=66.9
Epoch 4871/5000: score=12.264597 loss=-0.104973 valid=1.0000 routes=10.507 grad=1.8754 seconds=66.0
Epoch 4872/5000: score=11.210036 loss=-0.102535 valid=1.0000 routes=10.011 grad=1.6594 seconds=65.3
Epoch 4873/5000: score=11.245500 loss=-0.106710 valid=1.0000 routes=9.470 grad=1.6456 seconds=65.6
Epoch 4874/5000: score=10.847794 loss=-0.094273 valid=1.0000 routes=10.112 grad=1.5805 seconds=64.8
Epoch 4875/5000: score=11.598467 loss=-0.102555 valid=1.0000 routes=10.316 grad=1.7444 seconds=66.2
Epoch 4876/5000: score=11.771928 loss=-0.106909 valid=1.0000 routes=9.837 grad=1.7330 seconds=65.2
Epoch 4877/5000: score=11.465938 loss=-0.103546 valid=1.0000 routes=9.867 grad=1.7319 seconds=65.6
Epoch 4878/5000: score=11.611243 loss=-0.097131 valid=1.0000 routes=10.303 grad=1.7047 seconds=65.5
Epoch 4879/5000: score=10.928606 loss=-0.094322 valid=1.0000 routes=9.687 grad=1.5110 seconds=65.0
Epoch 4880/5000: score=10.920229 loss=-0.101996 valid=1.0000 routes=9.534 grad=1.5477 seconds=66.2
Epoch 4881/5000: score=11.136156 loss=-0.101868 valid=1.0000 routes=9.541 grad=1.6158 seconds=65.6
Epoch 4882/5000: score=11.358336 loss=-0.101720 valid=1.0000 routes=9.917 grad=1.6705 seconds=65.8
Epoch 4883/5000: score=11.146743 loss=-0.100281 valid=1.0000 routes=9.586 grad=1.6184 seconds=65.9
Epoch 4884/5000: score=11.248889 loss=-0.096283 valid=1.0000 routes=10.034 grad=1.6836 seconds=65.5
>> Invalid instances, Re-generating ...
Epoch 4885/5000: score=11.571940 loss=-0.099186 valid=1.0000 routes=10.200 grad=1.7500 seconds=66.5
Epoch 4886/5000: score=10.891786 loss=-0.105398 valid=1.0000 routes=9.462 grad=1.6199 seconds=66.5
Epoch 4887/5000: score=11.502510 loss=-0.105523 valid=1.0000 routes=9.632 grad=1.7320 seconds=65.7
Epoch 4888/5000: score=11.409252 loss=-0.102672 valid=1.0000 routes=9.902 grad=1.6631 seconds=66.1
Epoch 4889/5000: score=11.439029 loss=-0.103339 valid=1.0000 routes=10.136 grad=1.6778 seconds=65.7
Epoch 4890/5000: score=11.238319 loss=-0.106653 valid=1.0000 routes=9.594 grad=1.6588 seconds=66.5
Epoch 4891/5000: score=11.356631 loss=-0.107567 valid=1.0000 routes=9.492 grad=1.6194 seconds=66.5
Epoch 4892/5000: score=11.393171 loss=-0.107735 valid=1.0000 routes=9.319 grad=1.6207 seconds=65.8
Epoch 4893/5000: score=11.565579 loss=-0.099348 valid=1.0000 routes=10.328 grad=1.7240 seconds=66.5
Epoch 4894/5000: score=10.869185 loss=-0.100152 valid=1.0000 routes=9.524 grad=1.4940 seconds=65.7
Epoch 4895/5000: score=11.966028 loss=-0.102742 valid=1.0000 routes=10.563 grad=1.8640 seconds=66.3
Epoch 4896/5000: score=10.849683 loss=-0.103197 valid=1.0000 routes=9.246 grad=1.5020 seconds=66.6
Epoch 4897/5000: score=10.982632 loss=-0.105476 valid=1.0000 routes=9.081 grad=1.5925 seconds=66.0
Epoch 4898/5000: score=12.232436 loss=-0.106572 valid=1.0000 routes=10.291 grad=1.8397 seconds=66.1
Epoch 4899/5000: score=11.149640 loss=-0.105065 valid=1.0000 routes=9.654 grad=1.6394 seconds=65.7
Epoch 4900/5000: score=11.194718 loss=-0.104289 valid=1.0000 routes=9.756 grad=1.6779 seconds=65.4
Epoch 4901/5000: score=11.715709 loss=-0.108658 valid=1.0000 routes=10.144 grad=1.8343 seconds=66.1
Epoch 4902/5000: score=10.784743 loss=-0.107324 valid=1.0000 routes=9.057 grad=1.5199 seconds=65.4
Epoch 4903/5000: score=11.721907 loss=-0.108266 valid=1.0000 routes=9.902 grad=1.7202 seconds=66.0
Epoch 4904/5000: score=11.574711 loss=-0.107460 valid=1.0000 routes=9.999 grad=1.7504 seconds=66.1
Epoch 4905/5000: score=11.635510 loss=-0.108093 valid=1.0000 routes=9.700 grad=1.7439 seconds=65.7
Epoch 4906/5000: score=11.032454 loss=-0.100965 valid=1.0000 routes=9.671 grad=1.5345 seconds=66.0
Epoch 4907/5000: score=11.645448 loss=-0.105731 valid=1.0000 routes=9.967 grad=1.7231 seconds=65.6
Epoch 4908/5000: score=10.914468 loss=-0.104750 valid=1.0000 routes=9.609 grad=1.6128 seconds=66.2
Epoch 4909/5000: score=12.037154 loss=-0.100935 valid=1.0000 routes=10.478 grad=1.8536 seconds=65.3
Epoch 4910/5000: score=11.851305 loss=-0.110912 valid=1.0000 routes=9.838 grad=1.7855 seconds=66.1
Epoch 4911/5000: score=11.457366 loss=-0.101168 valid=1.0000 routes=9.594 grad=1.6256 seconds=66.3
Epoch 4912/5000: score=10.832031 loss=-0.099173 valid=1.0000 routes=9.619 grad=1.5586 seconds=65.3
Epoch 4913/5000: score=10.878846 loss=-0.094175 valid=1.0000 routes=9.716 grad=1.4978 seconds=65.6
Epoch 4914/5000: score=11.706613 loss=-0.101267 valid=1.0000 routes=10.296 grad=1.7561 seconds=65.4
Epoch 4915/5000: score=11.447429 loss=-0.102113 valid=1.0000 routes=9.935 grad=1.7079 seconds=65.7
Epoch 4916/5000: score=11.463177 loss=-0.101531 valid=1.0000 routes=9.906 grad=1.6915 seconds=66.2
Epoch 4917/5000: score=10.889873 loss=-0.099556 valid=1.0000 routes=9.475 grad=1.5008 seconds=65.9
Epoch 4918/5000: score=11.046660 loss=-0.099611 valid=1.0000 routes=9.595 grad=1.5824 seconds=66.2
Epoch 4919/5000: score=11.349937 loss=-0.101022 valid=1.0000 routes=9.728 grad=1.6558 seconds=66.1
Epoch 4920/5000: score=11.608745 loss=-0.102119 valid=1.0000 routes=9.753 grad=1.6463 seconds=66.0
Epoch 4921/5000: score=11.585730 loss=-0.102435 valid=1.0000 routes=9.953 grad=1.7403 seconds=66.7
Epoch 4922/5000: score=11.742722 loss=-0.092501 valid=1.0000 routes=10.691 grad=1.7647 seconds=67.9
Epoch 4923/5000: score=11.077532 loss=-0.099280 valid=1.0000 routes=10.019 grad=1.6202 seconds=68.8
Epoch 4924/5000: score=11.508744 loss=-0.112142 valid=1.0000 routes=9.616 grad=1.7677 seconds=69.2
Epoch 4925/5000: score=11.374905 loss=-0.097839 valid=1.0000 routes=10.041 grad=1.6516 seconds=67.6
Epoch 4926/5000: score=11.587887 loss=-0.109151 valid=1.0000 routes=9.998 grad=1.7782 seconds=67.1
Epoch 4927/5000: score=10.893485 loss=-0.099082 valid=1.0000 routes=9.662 grad=1.5555 seconds=68.7
Epoch 4928/5000: score=11.575487 loss=-0.108700 valid=1.0000 routes=10.066 grad=1.7432 seconds=69.3
Epoch 4929/5000: score=11.230697 loss=-0.104699 valid=1.0000 routes=9.385 grad=1.6000 seconds=68.6
Epoch 4930/5000: score=11.477934 loss=-0.108965 valid=1.0000 routes=9.334 grad=1.6471 seconds=66.4
Epoch 4931/5000: score=11.822574 loss=-0.106949 valid=1.0000 routes=10.073 grad=1.8103 seconds=66.9
Epoch 4932/5000: score=11.195427 loss=-0.101072 valid=1.0000 routes=9.566 grad=1.5953 seconds=66.2
Epoch 4933/5000: score=11.168920 loss=-0.101359 valid=1.0000 routes=9.303 grad=1.5591 seconds=66.2
Epoch 4934/5000: score=11.414166 loss=-0.097575 valid=1.0000 routes=10.017 grad=1.6904 seconds=66.2
Epoch 4935/5000: score=11.437584 loss=-0.104600 valid=1.0000 routes=9.757 grad=1.6958 seconds=65.8
Epoch 4936/5000: score=11.545316 loss=-0.104596 valid=1.0000 routes=10.142 grad=1.7529 seconds=66.5
Epoch 4937/5000: score=11.145992 loss=-0.098702 valid=1.0000 routes=10.034 grad=1.6352 seconds=66.0
Epoch 4938/5000: score=11.053661 loss=-0.099711 valid=1.0000 routes=9.988 grad=1.6255 seconds=65.9
Epoch 4939/5000: score=11.190194 loss=-0.103363 valid=1.0000 routes=9.600 grad=1.6628 seconds=66.5
Epoch 4940/5000: score=10.907853 loss=-0.103315 valid=1.0000 routes=9.301 grad=1.5545 seconds=63.3
Epoch 4941/5000: score=11.511336 loss=-0.105291 valid=1.0000 routes=9.460 grad=1.6609 seconds=66.7
Epoch 4942/5000: score=11.874874 loss=-0.109317 valid=1.0000 routes=9.506 grad=1.7560 seconds=66.1
Epoch 4943/5000: score=11.385092 loss=-0.103696 valid=1.0000 routes=9.960 grad=1.6865 seconds=65.9
Epoch 4944/5000: score=11.152705 loss=-0.104261 valid=1.0000 routes=9.817 grad=1.6416 seconds=66.3
Epoch 4945/5000: score=11.443018 loss=-0.105032 valid=1.0000 routes=10.050 grad=1.7187 seconds=65.7
Epoch 4946/5000: score=11.492709 loss=-0.100203 valid=1.0000 routes=10.124 grad=1.6812 seconds=66.3
Epoch 4947/5000: score=11.366200 loss=-0.099590 valid=1.0000 routes=10.384 grad=1.7066 seconds=65.8
Epoch 4948/5000: score=11.848421 loss=-0.107244 valid=1.0000 routes=10.237 grad=1.7902 seconds=66.4
Epoch 4949/5000: score=11.140554 loss=-0.102307 valid=1.0000 routes=9.842 grad=1.6603 seconds=66.4
Epoch 4950/5000: score=11.373479 loss=-0.101817 valid=1.0000 routes=10.708 grad=1.7644 seconds=66.2
Epoch 4951/5000: score=11.452785 loss=-0.104066 valid=1.0000 routes=10.064 grad=1.7700 seconds=67.7
Epoch 4952/5000: score=11.316776 loss=-0.094654 valid=1.0000 routes=10.011 grad=1.6156 seconds=66.6
Epoch 4953/5000: score=11.984482 loss=-0.098724 valid=1.0000 routes=10.508 grad=1.8201 seconds=66.0
Epoch 4954/5000: score=11.472984 loss=-0.097535 valid=1.0000 routes=10.008 grad=1.7467 seconds=67.1
Epoch 4955/5000: score=11.190512 loss=-0.098880 valid=1.0000 routes=9.732 grad=1.6264 seconds=66.5
Epoch 4956/5000: score=11.276785 loss=-0.110218 valid=1.0000 routes=9.900 grad=1.7007 seconds=67.3
Epoch 4957/5000: score=10.970149 loss=-0.100650 valid=1.0000 routes=9.921 grad=1.6075 seconds=66.6
Epoch 4958/5000: score=11.035067 loss=-0.109581 valid=1.0000 routes=9.698 grad=1.6678 seconds=66.4
Epoch 4959/5000: score=11.801626 loss=-0.104112 valid=1.0000 routes=10.176 grad=1.7999 seconds=67.6
Epoch 4960/5000: score=11.771480 loss=-0.102732 valid=1.0000 routes=10.257 grad=1.7759 seconds=67.1
Epoch 4961/5000: score=11.602884 loss=-0.106191 valid=1.0000 routes=10.062 grad=1.7807 seconds=67.0
Epoch 4962/5000: score=11.332543 loss=-0.109822 valid=1.0000 routes=9.157 grad=1.6406 seconds=67.3
Epoch 4963/5000: score=11.435291 loss=-0.097972 valid=1.0000 routes=10.140 grad=1.7295 seconds=67.1
Epoch 4964/5000: score=11.393344 loss=-0.105601 valid=1.0000 routes=9.803 grad=1.7595 seconds=68.1
Epoch 4965/5000: score=10.918997 loss=-0.103165 valid=1.0000 routes=9.489 grad=1.5647 seconds=66.9
Epoch 4966/5000: score=11.050469 loss=-0.110721 valid=1.0000 routes=9.432 grad=1.6607 seconds=66.7
Epoch 4967/5000: score=11.238102 loss=-0.114035 valid=1.0000 routes=9.514 grad=1.6984 seconds=67.2
Epoch 4968/5000: score=10.697669 loss=-0.094153 valid=1.0000 routes=9.912 grad=1.5123 seconds=66.4
Epoch 4969/5000: score=11.118863 loss=-0.102639 valid=1.0000 routes=9.583 grad=1.5947 seconds=66.8
Epoch 4970/5000: score=11.474695 loss=-0.106044 valid=1.0000 routes=9.866 grad=1.7363 seconds=67.0
>> Invalid instances, Re-generating ...
Epoch 4971/5000: score=11.296265 loss=-0.098465 valid=1.0000 routes=10.323 grad=1.6919 seconds=66.6
Epoch 4972/5000: score=11.202145 loss=-0.100458 valid=1.0000 routes=10.172 grad=1.7252 seconds=66.8
Epoch 4973/5000: score=11.086990 loss=-0.100656 valid=1.0000 routes=10.145 grad=1.6695 seconds=66.4
Epoch 4974/5000: score=10.985371 loss=-0.105803 valid=1.0000 routes=9.147 grad=1.6102 seconds=67.4
Epoch 4975/5000: score=10.783403 loss=-0.102351 valid=1.0000 routes=9.226 grad=1.5588 seconds=67.1
Epoch 4976/5000: score=11.866306 loss=-0.109969 valid=1.0000 routes=10.212 grad=1.8456 seconds=66.5
Epoch 4977/5000: score=11.650371 loss=-0.101115 valid=1.0000 routes=10.257 grad=1.7409 seconds=67.2
Epoch 4978/5000: score=11.140872 loss=-0.100725 valid=1.0000 routes=9.873 grad=1.6232 seconds=66.1
Epoch 4979/5000: score=11.226938 loss=-0.100917 valid=1.0000 routes=9.911 grad=1.7124 seconds=66.8
Epoch 4980/5000: score=10.832743 loss=-0.101414 valid=1.0000 routes=9.651 grad=1.5923 seconds=66.9
Epoch 4981/5000: score=11.785160 loss=-0.104835 valid=1.0000 routes=10.331 grad=1.7574 seconds=66.3
Epoch 4982/5000: score=11.924818 loss=-0.097194 valid=1.0000 routes=10.538 grad=1.8364 seconds=66.5
Epoch 4983/5000: score=11.469436 loss=-0.105346 valid=1.0000 routes=9.841 grad=1.7549 seconds=66.5
Epoch 4984/5000: score=11.404964 loss=-0.101828 valid=1.0000 routes=9.477 grad=1.6648 seconds=66.4
Epoch 4985/5000: score=10.947338 loss=-0.101890 valid=1.0000 routes=9.597 grad=1.5777 seconds=66.5
Epoch 4986/5000: score=11.153203 loss=-0.109787 valid=1.0000 routes=9.329 grad=1.6629 seconds=65.7
Epoch 4987/5000: score=11.536928 loss=-0.107101 valid=1.0000 routes=9.643 grad=1.6925 seconds=66.4
Epoch 4988/5000: score=10.697515 loss=-0.103681 valid=1.0000 routes=9.097 grad=1.5261 seconds=66.4
Epoch 4989/5000: score=11.378737 loss=-0.102386 valid=1.0000 routes=9.937 grad=1.7250 seconds=66.1
Epoch 4990/5000: score=10.820557 loss=-0.106736 valid=1.0000 routes=9.181 grad=1.5734 seconds=66.8
Epoch 4991/5000: score=10.960419 loss=-0.102364 valid=1.0000 routes=9.928 grad=1.6292 seconds=66.0
Epoch 4992/5000: score=11.448827 loss=-0.103989 valid=1.0000 routes=10.117 grad=1.7730 seconds=66.3
Epoch 4993/5000: score=11.300231 loss=-0.110940 valid=1.0000 routes=9.884 grad=1.7658 seconds=65.9
Epoch 4994/5000: score=11.190665 loss=-0.099765 valid=1.0000 routes=9.839 grad=1.6463 seconds=65.4
Epoch 4995/5000: score=11.380247 loss=-0.096917 valid=1.0000 routes=10.134 grad=1.7166 seconds=66.0
Epoch 4996/5000: score=11.491575 loss=-0.106434 valid=1.0000 routes=9.671 grad=1.7425 seconds=65.8
Epoch 4997/5000: score=11.301391 loss=-0.099016 valid=1.0000 routes=9.919 grad=1.6348 seconds=66.1
Epoch 4998/5000: score=11.352294 loss=-0.097027 valid=1.0000 routes=9.659 grad=1.6350 seconds=65.7
Epoch 4999/5000: score=11.257707 loss=-0.101477 valid=1.0000 routes=9.927 grad=1.6244 seconds=65.1
Epoch 5000/5000: score=11.458312 loss=-0.105457 valid=1.0000 routes=9.814 grad=1.7529 seconds=65.9
