problem,instance,status,cost,vehicles
CVRP,0,ok,15.0445831887,12
CVRP,1,ok,20.3834452435,11
CVRP,2,ok,18.6854628524,11
CVRP,3,ok,16.2009834094,10
CVRP,4,ok,14.1513055704,11
CVRP,5,ok,14.9805886213,12
CVRP,6,ok,15.9173079406,11
CVRP,7,ok,14.6903306964,12
CVRP,8,ok,17.1997045933,10
CVRP,9,ok,18.9941535763,10
CVRP,10,ok,17.0705541370,11
CVRP,11,ok,16.7791487030,11
CVRP,12,ok,19.4932993012,11
CVRP,13,ok,15.3153010471,11
CVRP,14,ok,14.1308769076,11
CVRP,15,ok,15.6531172216,10
CVRP,16,ok,14.1245232540,11
CVRP,17,ok,16.6263619169,9
CVRP,18,ok,17.3946959157,12
CVRP,19,ok,17.3718207560,11
CVRP,20,ok,15.3614193165,11
CVRP,21,ok,15.8586756779,11
CVRP,22,ok,18.0651395445,10
CVRP,23,ok,14.2760604513,11
CVRP,24,ok,18.2361073754,11
CVRP,25,ok,17.1746576360,10
CVRP,26,ok,15.8158303850,12
CVRP,27,ok,16.0595789564,11
CVRP,28,ok,16.3967728668,11
CVRP,29,ok,14.9215590728,12
CVRP,30,ok,14.9237613139,11
CVRP,31,ok,18.6944801564,11
CVRP,32,ok,15.7997407838,10
CVRP,33,ok,18.7511276459,11
CVRP,34,ok,18.8330782054,12
CVRP,35,ok,16.2250353698,11
CVRP,36,ok,14.3048500445,11
CVRP,37,ok,14.3465895897,10
CVRP,38,ok,19.5711484511,14
CVRP,39,ok,17.1484355868,12
CVRP,40,ok,17.7003228305,10
CVRP,41,ok,15.5206922100,11
CVRP,42,ok,17.7881439747,12
CVRP,43,ok,18.3750320249,11
CVRP,44,ok,17.4778682757,13
CVRP,45,ok,17.0090241351,11
CVRP,46,ok,16.8886858027,11
CVRP,47,ok,16.9204258273,11
CVRP,48,ok,17.4014828665,12
CVRP,49,ok,15.3719716360,12
CVRP,50,ok,15.4287455760,11
CVRP,51,ok,14.8828572766,11
CVRP,52,ok,16.1580361559,11
CVRP,53,ok,15.4171568094,12
CVRP,54,ok,17.5360430359,10
CVRP,55,ok,16.0281170035,11
CVRP,56,ok,19.2306469089,12
CVRP,57,ok,17.0361977770,11
CVRP,58,ok,14.2379577546,10
CVRP,59,ok,17.9110726084,11
CVRP,60,ok,14.6414810364,11
CVRP,61,ok,18.5498586872,11
CVRP,62,ok,16.6253824106,10
CVRP,63,ok,14.7224940956,12
CVRP,64,ok,17.1895226483,11
CVRP,65,ok,17.5574895871,12
CVRP,66,ok,14.6781745156,12
CVRP,67,ok,17.7043526669,10
CVRP,68,ok,15.9966400515,12
CVRP,69,ok,16.8062813177,11
CVRP,70,ok,16.4984309953,11
CVRP,71,ok,17.6040460218,11
CVRP,72,ok,16.9739711357,12
CVRP,73,ok,18.0298284053,10
CVRP,74,ok,16.6492923951,11
CVRP,75,ok,17.0235552865,11
CVRP,76,ok,13.0513010751,10
CVRP,77,ok,13.3929862509,12
CVRP,78,ok,15.5655503973,12
CVRP,79,ok,18.1679057997,12
CVRP,80,ok,19.6478016857,11
CVRP,81,ok,14.3974953669,12
CVRP,82,ok,16.6106462336,11
CVRP,83,ok,16.8896450123,10
CVRP,84,ok,17.7716005119,12
CVRP,85,ok,18.7729529390,11
CVRP,86,ok,16.4286818147,11
CVRP,87,ok,16.0187114831,11
CVRP,88,ok,19.2939357020,11
CVRP,89,ok,18.3379173662,11
CVRP,90,ok,15.2304947329,11
CVRP,91,ok,15.8144407143,11
CVRP,92,ok,14.2754269281,11
CVRP,93,ok,18.3797792432,12
CVRP,94,ok,18.3576861438,11
CVRP,95,ok,15.0758971784,11
CVRP,96,ok,17.8383693162,10
CVRP,97,ok,15.9466978307,12
CVRP,98,ok,14.3320341446,11
CVRP,99,ok,19.3746948253,11
CVRP,100,ok,14.4799288551,11
CVRP,101,ok,16.0903069730,10
CVRP,102,ok,20.5321761459,11
CVRP,103,ok,14.0831648649,11
CVRP,104,ok,13.8041689535,11
CVRP,105,ok,13.7169891572,11
CVRP,106,ok,15.0251558199,11
CVRP,107,ok,17.0411118908,10
CVRP,108,ok,13.5940921209,11
CVRP,109,ok,17.9219301408,11
CVRP,110,ok,19.2879398780,11
CVRP,111,ok,15.9986045836,11
CVRP,112,ok,15.3945763739,11
CVRP,113,ok,21.2736947510,12
CVRP,114,ok,19.5262785464,11
CVRP,115,ok,15.6015422735,10
CVRP,116,ok,18.4805259425,12
CVRP,117,ok,19.1585432250,11
CVRP,118,ok,14.3712416068,12
CVRP,119,ok,16.8829798039,11
CVRP,120,ok,13.6798887773,11
CVRP,121,ok,16.4915341792,12
CVRP,122,ok,18.3937973910,11
CVRP,123,ok,15.3134978088,11
CVRP,124,ok,18.1579695414,12
CVRP,125,ok,18.7427563481,11
CVRP,126,ok,16.6958945027,12
CVRP,127,ok,14.4290011346,10
CVRP,128,ok,17.3292885068,12
CVRP,129,ok,18.1925239582,10
CVRP,130,ok,15.4163015816,10
CVRP,131,ok,16.8966500232,11
CVRP,132,ok,14.9765199822,11
CVRP,133,ok,20.6813865605,11
CVRP,134,ok,15.5592129535,11
CVRP,135,ok,17.7593479413,11
CVRP,136,ok,15.5678975213,11
CVRP,137,ok,14.8818766996,12
CVRP,138,ok,15.3833457210,10
CVRP,139,ok,13.4228327747,10
CVRP,140,ok,16.4475347390,11
CVRP,141,ok,20.0552327466,11
CVRP,142,ok,19.1510284902,11
CVRP,143,ok,15.7647531548,12
CVRP,144,ok,15.5334206159,10
CVRP,145,ok,17.4035200419,11
CVRP,146,ok,19.9602673156,12
CVRP,147,ok,14.8572623946,11
CVRP,148,ok,17.8600444659,10
CVRP,149,ok,21.1469715128,11
CVRP,150,ok,18.8194088433,11
CVRP,151,ok,19.1545490187,12
CVRP,152,ok,18.8707040525,11
CVRP,153,ok,18.5770169966,12
CVRP,154,ok,18.4882279896,11
CVRP,155,ok,16.6016030188,12
CVRP,156,ok,16.8464002892,11
CVRP,157,ok,18.5400665178,11
CVRP,158,ok,17.3265620947,11
CVRP,159,ok,19.6299937503,10
CVRP,160,ok,15.9663803184,10
CVRP,161,ok,14.7082902933,10
CVRP,162,ok,16.5678284161,11
CVRP,163,ok,16.0999803871,11
CVRP,164,ok,16.7708623406,12
CVRP,165,ok,14.0144966939,11
CVRP,166,ok,15.3769168716,11
CVRP,167,ok,14.2252058773,11
CVRP,168,ok,15.4333950345,11
CVRP,169,ok,16.8859200244,12
CVRP,170,ok,16.5365577146,11
CVRP,171,ok,14.5739202860,12
CVRP,172,ok,18.0450525920,12
CVRP,173,ok,17.3894008846,12
CVRP,174,ok,17.2705033608,12
CVRP,175,ok,18.6094226744,12
CVRP,176,ok,18.7282901251,11
CVRP,177,ok,16.0569564742,11
CVRP,178,ok,15.8648546039,12
CVRP,179,ok,17.5709318780,11
CVRP,180,ok,13.6447323571,11
CVRP,181,ok,16.7983453034,12
CVRP,182,ok,16.8553145159,11
CVRP,183,ok,14.8596355865,11
CVRP,184,ok,19.3725846182,11
CVRP,185,ok,15.2824944944,11
CVRP,186,ok,15.6022974009,11
CVRP,187,ok,14.1553917090,13
CVRP,188,ok,17.9763563050,11
CVRP,189,ok,15.0290581105,12
CVRP,190,ok,17.3283619826,13
CVRP,191,ok,15.6475506197,11
CVRP,192,ok,17.3898279417,11
CVRP,193,ok,14.9106084338,9
CVRP,194,ok,15.9780221435,12
CVRP,195,ok,15.9651554762,11
CVRP,196,ok,19.2823458982,11
CVRP,197,ok,15.2216249969,11
CVRP,198,ok,18.2733301076,11
CVRP,199,ok,16.9539167402,10
CVRP,200,ok,15.2237014628,10
CVRP,201,ok,14.1813355584,12
CVRP,202,ok,14.4170559759,12
CVRP,203,ok,17.6538051721,11
CVRP,204,ok,15.7283669574,12
CVRP,205,ok,14.1571483353,11
CVRP,206,ok,18.1109786244,11
CVRP,207,ok,14.5966218082,11
CVRP,208,ok,14.6442403504,11
CVRP,209,ok,16.2450693375,10
CVRP,210,ok,14.2161287883,11
CVRP,211,ok,14.6709350716,12
CVRP,212,ok,16.2501141767,11
CVRP,213,ok,16.1745433795,12
CVRP,214,ok,15.7364020049,11
CVRP,215,ok,16.5335478770,11
CVRP,216,ok,14.2969745257,12
CVRP,217,ok,14.0710549107,10
CVRP,218,ok,19.0938661974,11
CVRP,219,ok,15.5947154942,11
CVRP,220,ok,17.4459587387,11
CVRP,221,ok,18.5700459719,12
CVRP,222,ok,18.5344970417,11
CVRP,223,ok,16.9688730074,10
CVRP,224,ok,17.5120301771,11
CVRP,225,ok,13.4801127005,12
CVRP,226,ok,15.3025215945,12
CVRP,227,ok,17.7248610386,11
CVRP,228,ok,17.5271777184,11
CVRP,229,ok,16.6429545355,11
CVRP,230,ok,14.9022731992,11
CVRP,231,ok,17.0902541602,11
CVRP,232,ok,15.4636710374,11
CVRP,233,ok,16.3468092960,11
CVRP,234,ok,15.0250616940,11
CVRP,235,ok,16.7355061338,11
CVRP,236,ok,17.0474302463,13
CVRP,237,ok,17.0212353048,10
CVRP,238,ok,16.4956543521,11
CVRP,239,ok,17.6486957793,11
CVRP,240,ok,14.0859663665,12
CVRP,241,ok,16.2143843844,11
CVRP,242,ok,18.5053899009,10
CVRP,243,ok,17.8918122281,12
CVRP,244,ok,14.3170326568,12
CVRP,245,ok,15.7724788653,11
CVRP,246,ok,14.5803675477,11
CVRP,247,ok,15.5901022811,11
CVRP,248,ok,19.1954142305,12
CVRP,249,ok,16.0693679368,12
CVRP,250,ok,15.7117651656,11
CVRP,251,ok,17.8968931616,11
CVRP,252,ok,14.1378076331,12
CVRP,253,ok,15.6010338422,11
CVRP,254,ok,15.7492941109,11
CVRP,255,ok,17.2116652849,11
CVRP,256,ok,15.3043865871,12
CVRP,257,ok,13.4477819872,11
CVRP,258,ok,16.9657328713,11
CVRP,259,ok,17.0535913466,11
CVRP,260,ok,13.6252401184,11
CVRP,261,ok,12.8716171810,10
CVRP,262,ok,16.1027888051,11
CVRP,263,ok,14.3904367871,12
CVRP,264,ok,18.2802404187,11
CVRP,265,ok,14.8576394364,11
CVRP,266,ok,20.5718698688,11
CVRP,267,ok,17.9978437876,10
CVRP,268,ok,13.6240020056,11
CVRP,269,ok,14.6549906117,11
CVRP,270,ok,19.9455297848,12
CVRP,271,ok,14.9541565493,12
CVRP,272,ok,18.8827650994,11
CVRP,273,ok,14.2629452462,10
CVRP,274,ok,15.0733252906,11
CVRP,275,ok,17.0158779055,10
CVRP,276,ok,21.4157926846,11
CVRP,277,ok,13.1556259490,10
CVRP,278,ok,16.8530396767,11
CVRP,279,ok,15.1757878618,11
CVRP,280,ok,15.1470633776,11
CVRP,281,ok,17.6713752045,12
CVRP,282,ok,18.1703490538,11
CVRP,283,ok,15.2538972289,10
CVRP,284,ok,16.8361997299,10
CVRP,285,ok,17.5578561813,12
CVRP,286,ok,20.4255811200,11
CVRP,287,ok,17.2820019630,11
CVRP,288,ok,14.3024151245,11
CVRP,289,ok,16.5369173943,11
CVRP,290,ok,16.8140428496,11
CVRP,291,ok,20.5216817702,11
CVRP,292,ok,15.2865248834,11
CVRP,293,ok,13.2714582494,11
CVRP,294,ok,16.0908346117,10
CVRP,295,ok,17.1463747414,10
CVRP,296,ok,13.5743477486,10
CVRP,297,ok,14.0309055615,10
CVRP,298,ok,15.5967480134,11
CVRP,299,ok,14.2473748248,11
CVRP,300,ok,16.0528544465,11
CVRP,301,ok,15.8323761723,10
CVRP,302,ok,14.6236595539,11
CVRP,303,ok,14.8096979991,11
CVRP,304,ok,17.6841668968,13
CVRP,305,ok,14.0319729528,12
CVRP,306,ok,16.7899924285,11
CVRP,307,ok,14.0114436287,11
CVRP,308,ok,15.5357306573,11
CVRP,309,ok,16.8085484392,11
CVRP,310,ok,17.8268267994,11
CVRP,311,ok,14.4343920944,10
CVRP,312,ok,20.4122655766,12
CVRP,313,ok,14.3771651396,11
CVRP,314,ok,18.2062447585,10
CVRP,315,ok,18.5796342540,11
CVRP,316,ok,16.3642284675,11
CVRP,317,ok,18.4892441850,11
CVRP,318,ok,15.8730280841,11
CVRP,319,ok,17.5183465949,12
CVRP,320,ok,17.8321292076,10
CVRP,321,ok,20.1440996954,12
CVRP,322,ok,16.0334239798,11
CVRP,323,ok,19.0188442204,10
CVRP,324,ok,18.7278428248,11
CVRP,325,ok,15.1961091625,11
CVRP,326,ok,17.0885794912,11
CVRP,327,ok,16.5725064787,12
CVRP,328,ok,17.5011358400,11
CVRP,329,ok,18.3831242142,11
CVRP,330,ok,20.7290093940,11
CVRP,331,ok,18.6322272479,11
CVRP,332,ok,16.9255291740,10
CVRP,333,ok,14.1474377115,11
CVRP,334,ok,15.9505330839,11
CVRP,335,ok,16.1531122391,12
CVRP,336,ok,16.5302574426,11
CVRP,337,ok,18.3800679931,12
CVRP,338,ok,15.6061680229,11
CVRP,339,ok,14.4504565675,11
CVRP,340,ok,16.5127379344,11
CVRP,341,ok,17.6828893980,11
CVRP,342,ok,15.0914273356,10
CVRP,343,ok,15.1061017821,11
CVRP,344,ok,18.8197915377,12
CVRP,345,ok,14.2939364914,11
CVRP,346,ok,16.0538572311,12
CVRP,347,ok,19.7670818421,10
CVRP,348,ok,14.5440949547,11
CVRP,349,ok,15.2925355432,12
CVRP,350,ok,16.2610902166,11
CVRP,351,ok,17.7209303972,12
CVRP,352,ok,15.5746321324,12
CVRP,353,ok,16.4993667260,12
CVRP,354,ok,16.3222018006,11
CVRP,355,ok,19.3696261643,11
CVRP,356,ok,20.2174922293,11
CVRP,357,ok,17.1076169574,11
CVRP,358,ok,17.6055815279,11
CVRP,359,ok,14.3504716949,11
CVRP,360,ok,13.7648179397,11
CVRP,361,ok,13.7139826612,11
CVRP,362,ok,19.5254797155,11
CVRP,363,ok,14.2685095605,11
CVRP,364,ok,13.7374714254,10
CVRP,365,ok,18.2090147894,10
CVRP,366,ok,16.8458696458,10
CVRP,367,ok,15.0218008300,12
CVRP,368,ok,16.6398334099,11
CVRP,369,ok,13.0389344272,10
CVRP,370,ok,17.8225406196,10
CVRP,371,ok,19.9555047512,11
CVRP,372,ok,14.8674902906,10
CVRP,373,ok,15.8861119406,12
CVRP,374,ok,17.2763361731,10
CVRP,375,ok,15.5834707494,12
CVRP,376,ok,18.2636007798,11
CVRP,377,ok,17.2053430610,11
CVRP,378,ok,17.8337580198,11
CVRP,379,ok,15.2065845728,11
CVRP,380,ok,14.8265226203,10
CVRP,381,ok,17.2089007493,10
CVRP,382,ok,14.4837852298,11
CVRP,383,ok,16.3229184145,11
CVRP,384,ok,15.3091007823,11
CVRP,385,ok,21.8620259766,11
CVRP,386,ok,17.5740062198,11
CVRP,387,ok,14.2552832484,12
CVRP,388,ok,14.5776877142,12
CVRP,389,ok,16.4192670444,10
CVRP,390,ok,15.0632914274,12
CVRP,391,ok,17.4466616814,10
CVRP,392,ok,18.0946490456,12
CVRP,393,ok,16.8767252959,12
CVRP,394,ok,17.6158129928,11
CVRP,395,ok,14.0176873294,11
CVRP,396,ok,14.6789444464,11
CVRP,397,ok,15.2746758987,12
CVRP,398,ok,18.1901636239,11
CVRP,399,ok,20.0658829532,12
CVRP,400,ok,18.2107519256,10
CVRP,401,ok,15.7234315864,11
CVRP,402,ok,17.3808847450,12
CVRP,403,ok,15.1936878537,11
CVRP,404,ok,14.4474077569,11
CVRP,405,ok,17.2450945762,11
CVRP,406,ok,15.3752466937,12
CVRP,407,ok,16.2879153558,11
CVRP,408,ok,17.4680917056,11
CVRP,409,ok,15.2140121069,12
CVRP,410,ok,17.4832908327,11
CVRP,411,ok,15.0019603474,11
CVRP,412,ok,16.3710412912,12
CVRP,413,ok,14.8571165708,11
CVRP,414,ok,20.1018253793,11
CVRP,415,ok,14.9879192376,10
CVRP,416,ok,18.2740568059,12
CVRP,417,ok,14.8891239676,11
CVRP,418,ok,16.9973728798,10
CVRP,419,ok,14.7311916086,11
CVRP,420,ok,13.5241449567,11
CVRP,421,ok,19.8368355392,10
CVRP,422,ok,16.3172806475,11
CVRP,423,ok,15.5993008042,11
CVRP,424,ok,16.9114693848,10
CVRP,425,ok,15.0728170836,11
CVRP,426,ok,12.7798042656,11
CVRP,427,ok,16.2400080021,11
CVRP,428,ok,15.1661079395,10
CVRP,429,ok,13.9833834187,12
CVRP,430,ok,19.0601947930,11
CVRP,431,ok,15.8484162361,11
CVRP,432,ok,18.2713316648,12
CVRP,433,ok,17.7693192102,11
CVRP,434,ok,15.2327408394,11
CVRP,435,ok,21.3838218817,11
CVRP,436,ok,19.1892156751,12
CVRP,437,ok,14.8795122145,9
CVRP,438,ok,14.2684301604,11
CVRP,439,ok,17.0876229169,12
CVRP,440,ok,21.1200040073,12
CVRP,441,ok,18.9947799905,10
CVRP,442,ok,17.2978236131,11
CVRP,443,ok,13.1139321543,11
CVRP,444,ok,15.8299879143,11
CVRP,445,ok,18.3155134050,11
CVRP,446,ok,18.2895587943,11
CVRP,447,ok,15.4026820007,12
CVRP,448,ok,18.0003875751,10
CVRP,449,ok,17.5940925897,12
CVRP,450,ok,16.2221960865,11
CVRP,451,ok,13.3711651204,10
CVRP,452,ok,18.0321625523,11
CVRP,453,ok,17.6338868535,11
CVRP,454,ok,18.2755798286,11
CVRP,455,ok,16.3002720424,11
CVRP,456,ok,16.6760177684,11
CVRP,457,ok,15.7754393866,11
CVRP,458,ok,16.3906902861,12
CVRP,459,ok,17.4461255236,11
CVRP,460,ok,16.6483968626,12
CVRP,461,ok,18.4403829919,11
CVRP,462,ok,14.5324442640,12
CVRP,463,ok,15.2632781473,10
CVRP,464,ok,19.3281168788,11
CVRP,465,ok,15.7047018797,11
CVRP,466,ok,18.8749545498,11
CVRP,467,ok,16.0541761653,12
CVRP,468,ok,14.7642567798,11
CVRP,469,ok,14.9177989025,11
CVRP,470,ok,18.7683798641,11
CVRP,471,ok,13.5560570072,11
CVRP,472,ok,17.4993144123,11
CVRP,473,ok,14.4010240613,11
CVRP,474,ok,15.3273252463,11
CVRP,475,ok,13.7457550526,11
CVRP,476,ok,14.3373706564,12
CVRP,477,ok,15.8064372473,12
CVRP,478,ok,18.5643160169,11
CVRP,479,ok,16.2337192918,11
CVRP,480,ok,16.2021943003,11
CVRP,481,ok,14.4942502051,11
CVRP,482,ok,17.5029164216,12
CVRP,483,ok,18.0518159187,10
CVRP,484,ok,19.1431176122,11
CVRP,485,ok,16.8721027618,10
CVRP,486,ok,14.3979018649,11
CVRP,487,ok,18.9291695994,12
CVRP,488,ok,13.8730235527,11
CVRP,489,ok,21.5444701092,11
CVRP,490,ok,17.0340056314,10
CVRP,491,ok,20.0041202200,11
CVRP,492,ok,17.0798728586,12
CVRP,493,ok,13.6962774421,11
CVRP,494,ok,17.3234148529,10
CVRP,495,ok,15.2412058864,11
CVRP,496,ok,14.6948016815,12
CVRP,497,ok,16.5407801512,12
CVRP,498,ok,19.1128032406,12
CVRP,499,ok,17.8624914042,11
CVRP,500,ok,18.1207215296,11
CVRP,501,ok,18.3884122961,12
CVRP,502,ok,15.6806426452,11
CVRP,503,ok,14.4426803306,12
CVRP,504,ok,14.9214738483,13
CVRP,505,ok,15.0449563520,11
CVRP,506,ok,17.0558523825,10
CVRP,507,ok,14.6002372000,11
CVRP,508,ok,21.3642891603,11
CVRP,509,ok,15.9202915988,11
CVRP,510,ok,16.4028675305,10
CVRP,511,ok,16.8121003739,11
CVRP,512,ok,16.8383591635,10
CVRP,513,ok,14.7154115986,12
CVRP,514,ok,13.9503532001,10
CVRP,515,ok,19.7306894989,11
CVRP,516,ok,13.8879235942,11
CVRP,517,ok,17.0452060090,11
CVRP,518,ok,16.5061056410,11
CVRP,519,ok,17.9427436462,12
CVRP,520,ok,17.5432819828,11
CVRP,521,ok,17.2463607908,12
CVRP,522,ok,14.4967063719,11
CVRP,523,ok,18.5606857941,11
CVRP,524,ok,14.9595233537,12
CVRP,525,ok,18.3530222642,11
CVRP,526,ok,15.1597389993,11
CVRP,527,ok,15.5332859428,11
CVRP,528,ok,14.2902194452,10
CVRP,529,ok,17.9558982407,11
CVRP,530,ok,16.8244001688,13
CVRP,531,ok,14.4591259744,10
CVRP,532,ok,14.1613628465,11
CVRP,533,ok,19.1576067813,12
CVRP,534,ok,15.2737327188,11
CVRP,535,ok,14.6591403526,11
CVRP,536,ok,16.2167595945,11
CVRP,537,ok,14.3953471902,12
CVRP,538,ok,20.9939718170,11
CVRP,539,ok,13.6625644942,11
CVRP,540,ok,18.3737490929,12
CVRP,541,ok,18.6788457343,11
CVRP,542,ok,13.7694304591,10
CVRP,543,ok,14.3950383649,12
CVRP,544,ok,17.5719798184,11
CVRP,545,ok,14.7155850905,11
CVRP,546,ok,14.4679103354,11
CVRP,547,ok,16.6037325412,12
CVRP,548,ok,18.2976476018,11
CVRP,549,ok,20.6818487180,10
CVRP,550,ok,14.4843403570,11
CVRP,551,ok,17.4416178645,11
CVRP,552,ok,19.7807374153,12
CVRP,553,ok,23.8099211942,12
CVRP,554,ok,15.1299560918,12
CVRP,555,ok,17.4254105859,11
CVRP,556,ok,17.0765397624,11
CVRP,557,ok,16.9256197680,12
CVRP,558,ok,15.1508498812,11
CVRP,559,ok,16.3227297142,11
CVRP,560,ok,14.2419475935,12
CVRP,561,ok,14.7047324516,11
CVRP,562,ok,14.2977540156,11
CVRP,563,ok,16.5167302673,9
CVRP,564,ok,16.2631114754,11
CVRP,565,ok,14.7757513002,11
CVRP,566,ok,18.1284896629,11
CVRP,567,ok,17.2295882323,10
CVRP,568,ok,18.6654491167,12
CVRP,569,ok,16.4321401994,13
CVRP,570,ok,17.6241248466,11
CVRP,571,ok,16.0910183372,10
CVRP,572,ok,18.4529383058,11
CVRP,573,ok,14.3770316493,11
CVRP,574,ok,17.1067836600,11
CVRP,575,ok,15.3639986159,12
CVRP,576,ok,13.5589752854,11
CVRP,577,ok,15.5339788984,11
CVRP,578,ok,16.7125190090,12
CVRP,579,ok,14.3765908987,12
CVRP,580,ok,13.6213533063,10
CVRP,581,ok,14.8080127221,12
CVRP,582,ok,17.6046952350,12
CVRP,583,ok,14.7124640805,12
CVRP,584,ok,20.0630190197,10
CVRP,585,ok,16.2583493319,12
CVRP,586,ok,18.1705203779,11
CVRP,587,ok,17.5122450440,10
CVRP,588,ok,17.9474888946,12
CVRP,589,ok,18.1508218241,11
CVRP,590,ok,17.9567716776,12
CVRP,591,ok,16.8162646912,10
CVRP,592,ok,16.5775600997,10
CVRP,593,ok,18.8036718068,11
CVRP,594,ok,15.4328241314,10
CVRP,595,ok,16.3602463089,12
CVRP,596,ok,18.4638963104,10
CVRP,597,ok,14.9949898809,11
CVRP,598,ok,17.1498549319,12
CVRP,599,ok,14.5149464210,10
CVRP,600,ok,18.0128850049,11
CVRP,601,ok,15.9383695231,11
CVRP,602,ok,14.7405546647,11
CVRP,603,ok,18.2511438448,11
CVRP,604,ok,16.5075528514,10
CVRP,605,ok,13.8782568678,10
CVRP,606,ok,19.0164705248,10
CVRP,607,ok,15.0221511242,11
CVRP,608,ok,15.2889552109,12
CVRP,609,ok,18.8527074962,11
CVRP,610,ok,19.1618007889,11
CVRP,611,ok,17.8352213659,12
CVRP,612,ok,16.5948454623,11
CVRP,613,ok,18.9962705323,11
CVRP,614,ok,14.8336204857,11
CVRP,615,ok,15.7406482616,11
CVRP,616,ok,17.0330688359,11
CVRP,617,ok,15.8370682218,12
CVRP,618,ok,18.0977176871,11
CVRP,619,ok,22.1355714285,12
CVRP,620,ok,15.6684933721,11
CVRP,621,ok,19.2400080731,11
CVRP,622,ok,14.7847022964,13
CVRP,623,ok,15.9272056879,12
CVRP,624,ok,17.2776284586,11
CVRP,625,ok,15.3585100576,10
CVRP,626,ok,16.0471336140,11
CVRP,627,ok,18.3318764683,12
CVRP,628,ok,17.6629389709,11
CVRP,629,ok,17.3187446757,10
CVRP,630,ok,16.4088872167,11
CVRP,631,ok,18.2323933924,11
CVRP,632,ok,17.2945252384,11
CVRP,633,ok,18.5296802865,11
CVRP,634,ok,14.2835560940,10
CVRP,635,ok,14.3952537153,11
CVRP,636,ok,14.9168676821,9
CVRP,637,ok,14.8444243339,11
CVRP,638,ok,18.5050587592,12
CVRP,639,ok,16.9614736378,11
CVRP,640,ok,16.3637794807,11
CVRP,641,ok,19.9163986574,12
CVRP,642,ok,19.5689545567,13
CVRP,643,ok,18.3311211177,11
CVRP,644,ok,17.0080591193,10
CVRP,645,ok,18.3027406189,11
CVRP,646,ok,18.3568515703,12
CVRP,647,ok,17.0050557138,11
CVRP,648,ok,20.0991980988,11
CVRP,649,ok,14.7813386009,11
CVRP,650,ok,20.4431614927,11
CVRP,651,ok,18.4269033180,12
CVRP,652,ok,14.2336894539,11
CVRP,653,ok,17.0723474794,12
CVRP,654,ok,16.3232969435,11
CVRP,655,ok,12.9912931397,12
CVRP,656,ok,18.9350736324,11
CVRP,657,ok,14.9340437807,12
CVRP,658,ok,16.1589844209,12
CVRP,659,ok,16.6603782589,13
CVRP,660,ok,15.1500470835,11
CVRP,661,ok,12.8140204045,11
CVRP,662,ok,16.5804284574,13
CVRP,663,ok,15.3653039244,11
CVRP,664,ok,17.6534003337,10
CVRP,665,ok,16.9901694225,11
CVRP,666,ok,20.5848262189,11
CVRP,667,ok,15.8609799792,11
CVRP,668,ok,15.4573288728,11
CVRP,669,ok,14.6857711792,11
CVRP,670,ok,15.5209748098,10
CVRP,671,ok,18.2249966052,10
CVRP,672,ok,14.4287458844,11
CVRP,673,ok,15.4654283794,11
CVRP,674,ok,18.8231208419,12
CVRP,675,ok,17.2644861003,11
CVRP,676,ok,14.6278759527,11
CVRP,677,ok,18.6220350451,11
CVRP,678,ok,18.1770409275,11
CVRP,679,ok,16.6031593590,11
CVRP,680,ok,16.1194623707,11
CVRP,681,ok,15.8020745827,11
CVRP,682,ok,17.7106014046,12
CVRP,683,ok,14.4881453639,11
CVRP,684,ok,15.6781688124,12
CVRP,685,ok,14.3744025440,11
CVRP,686,ok,17.9059371349,10
CVRP,687,ok,18.1279336594,12
CVRP,688,ok,13.1440701441,10
CVRP,689,ok,14.9309513487,12
CVRP,690,ok,19.2173065732,11
CVRP,691,ok,15.2599806401,11
CVRP,692,ok,13.8125181705,11
CVRP,693,ok,14.7939696689,10
CVRP,694,ok,15.4233696709,10
CVRP,695,ok,21.6663167368,11
CVRP,696,ok,16.7406541207,11
CVRP,697,ok,13.6303396513,11
CVRP,698,ok,18.2924641958,11
CVRP,699,ok,17.9160569335,11
CVRP,700,ok,17.7791847370,11
CVRP,701,ok,17.1582030240,11
CVRP,702,ok,17.1534828451,11
CVRP,703,ok,17.4648718866,11
CVRP,704,ok,17.2494464069,10
CVRP,705,ok,20.4385032358,11
CVRP,706,ok,15.9129603102,11
CVRP,707,ok,15.7344191891,12
CVRP,708,ok,15.4643686151,11
CVRP,709,ok,20.2289230661,11
CVRP,710,ok,14.6951297080,11
CVRP,711,ok,15.7350742363,11
CVRP,712,ok,14.4025822018,12
CVRP,713,ok,14.8082552943,11
CVRP,714,ok,18.6492960238,12
CVRP,715,ok,16.0722527354,11
CVRP,716,ok,16.0238199707,11
CVRP,717,ok,18.2456625619,12
CVRP,718,ok,15.4572647423,12
CVRP,719,ok,17.5546190985,11
CVRP,720,ok,21.2179577486,11
CVRP,721,ok,14.3247969096,10
CVRP,722,ok,13.4017258694,10
CVRP,723,ok,15.1297774516,11
CVRP,724,ok,17.0022724681,10
CVRP,725,ok,13.6894562241,11
CVRP,726,ok,16.0819748849,11
CVRP,727,ok,18.5422303615,10
CVRP,728,ok,19.1991506276,12
CVRP,729,ok,17.8238167617,11
CVRP,730,ok,18.2935864757,10
CVRP,731,ok,12.8563721244,9
CVRP,732,ok,14.5464761029,11
CVRP,733,ok,16.4088653724,11
CVRP,734,ok,14.2648674428,11
CVRP,735,ok,18.1666243393,12
CVRP,736,ok,18.2078549603,11
CVRP,737,ok,16.5699160201,11
CVRP,738,ok,21.1360866141,11
CVRP,739,ok,15.3348547055,11
CVRP,740,ok,16.2646070065,10
CVRP,741,ok,16.5188501474,11
CVRP,742,ok,20.8918432109,11
CVRP,743,ok,13.9006600650,13
CVRP,744,ok,19.5606056574,9
CVRP,745,ok,18.2083730448,11
CVRP,746,ok,17.7453431508,11
CVRP,747,ok,17.4842531556,12
CVRP,748,ok,14.7909209278,12
CVRP,749,ok,16.9838608908,12
CVRP,750,ok,18.8595919208,12
CVRP,751,ok,14.9823688014,11
CVRP,752,ok,14.9178290506,11
CVRP,753,ok,17.1245621746,12
CVRP,754,ok,14.0805340982,11
CVRP,755,ok,16.5268422774,12
CVRP,756,ok,18.8067288549,11
CVRP,757,ok,15.4377925782,11
CVRP,758,ok,16.3535159462,12
CVRP,759,ok,14.5161189418,12
CVRP,760,ok,20.1496634120,11
CVRP,761,ok,16.7390245693,11
CVRP,762,ok,16.5283552308,10
CVRP,763,ok,16.3735844914,11
CVRP,764,ok,16.5846713677,11
CVRP,765,ok,15.5833459746,11
CVRP,766,ok,15.9400868169,13
CVRP,767,ok,15.9006533783,11
CVRP,768,ok,18.4195514559,11
CVRP,769,ok,19.1592475231,11
CVRP,770,ok,14.5009293614,10
CVRP,771,ok,21.6116210257,11
CVRP,772,ok,18.5886423978,12
CVRP,773,ok,21.4913176962,11
CVRP,774,ok,18.8042634549,11
CVRP,775,ok,16.8795975417,12
CVRP,776,ok,12.5401793319,11
CVRP,777,ok,18.8156448161,11
CVRP,778,ok,14.7388523982,10
CVRP,779,ok,20.0043078801,11
CVRP,780,ok,14.9993674814,11
CVRP,781,ok,15.8289783271,10
CVRP,782,ok,17.0556033716,12
CVRP,783,ok,15.9652036468,11
CVRP,784,ok,18.7645843541,10
CVRP,785,ok,20.0087810904,11
CVRP,786,ok,17.4831870463,12
CVRP,787,ok,15.6951800223,11
CVRP,788,ok,15.7901878358,12
CVRP,789,ok,14.4665450158,10
CVRP,790,ok,17.2780283273,10
CVRP,791,ok,15.3787106215,11
CVRP,792,ok,15.9218208376,12
CVRP,793,ok,14.0858459720,12
CVRP,794,ok,21.0754273392,11
CVRP,795,ok,15.8780981613,11
CVRP,796,ok,17.4545391702,12
CVRP,797,ok,14.9595312353,11
CVRP,798,ok,17.1452166077,11
CVRP,799,ok,16.6429047973,11
CVRP,800,ok,15.1068109718,11
CVRP,801,ok,18.2937182757,12
CVRP,802,ok,15.0362930600,10
CVRP,803,ok,16.9750997409,12
CVRP,804,ok,14.6297885780,12
CVRP,805,ok,19.0022295774,12
CVRP,806,ok,16.2164253288,10
CVRP,807,ok,17.5355493318,12
CVRP,808,ok,14.4348214676,11
CVRP,809,ok,19.2238969873,11
CVRP,810,ok,16.6168493786,11
CVRP,811,ok,19.4335226096,12
CVRP,812,ok,20.4433320905,11
CVRP,813,ok,21.7302524746,12
CVRP,814,ok,17.0311600232,10
CVRP,815,ok,16.2667725591,12
CVRP,816,ok,17.3622830975,11
CVRP,817,ok,15.2239445237,12
CVRP,818,ok,15.2397733414,11
CVRP,819,ok,13.6057039824,11
CVRP,820,ok,15.0049068587,11
CVRP,821,ok,13.6525106253,12
CVRP,822,ok,15.2107570354,11
CVRP,823,ok,19.1869570309,12
CVRP,824,ok,20.0162174026,11
CVRP,825,ok,14.7956777315,13
CVRP,826,ok,15.9285662625,10
CVRP,827,ok,20.0531174433,11
CVRP,828,ok,16.9031157693,12
CVRP,829,ok,15.8919107578,10
CVRP,830,ok,15.9637735557,10
CVRP,831,ok,17.2595648107,11
CVRP,832,ok,17.8493585001,10
CVRP,833,ok,19.9460332026,11
CVRP,834,ok,17.3369063213,10
CVRP,835,ok,14.3290533815,11
CVRP,836,ok,16.4666407168,10
CVRP,837,ok,18.4116183231,12
CVRP,838,ok,18.6882062690,12
CVRP,839,ok,18.3732410542,12
CVRP,840,ok,17.0518394344,11
CVRP,841,ok,13.6026838571,11
CVRP,842,ok,14.3722369868,11
CVRP,843,ok,19.6511417135,12
CVRP,844,ok,14.3689689061,11
CVRP,845,ok,18.2665891712,10
CVRP,846,ok,14.9253011566,12
CVRP,847,ok,14.9617341027,12
CVRP,848,ok,20.9641295733,11
CVRP,849,ok,18.7037539462,11
CVRP,850,ok,19.8342780570,10
CVRP,851,ok,17.3411062714,10
CVRP,852,ok,17.9597067925,11
CVRP,853,ok,19.1967820610,11
CVRP,854,ok,14.5134891757,13
CVRP,855,ok,15.1797475200,12
CVRP,856,ok,17.1609125315,11
CVRP,857,ok,16.7663836984,10
CVRP,858,ok,13.3301776068,11
CVRP,859,ok,16.4116593311,10
CVRP,860,ok,16.9359159405,11
CVRP,861,ok,19.1567288237,11
CVRP,862,ok,20.0712359736,11
CVRP,863,ok,17.1993188925,10
CVRP,864,ok,15.2504214469,11
CVRP,865,ok,18.5364990822,11
CVRP,866,ok,16.2960768957,11
CVRP,867,ok,14.1978687949,11
CVRP,868,ok,14.0901107926,11
CVRP,869,ok,15.0596813835,12
CVRP,870,ok,19.6810614025,11
CVRP,871,ok,16.9196365137,10
CVRP,872,ok,18.9082083953,12
CVRP,873,ok,16.8182966863,11
CVRP,874,ok,19.5176524594,11
CVRP,875,ok,19.3565184099,11
CVRP,876,ok,21.1182586456,11
CVRP,877,ok,16.4394774610,12
CVRP,878,ok,16.4615292280,11
CVRP,879,ok,13.5862014650,11
CVRP,880,ok,16.0909139148,10
CVRP,881,ok,14.7438459565,12
CVRP,882,ok,14.7468193157,12
CVRP,883,ok,16.5083899510,12
CVRP,884,ok,18.4364465608,11
CVRP,885,ok,17.9507397710,11
CVRP,886,ok,18.7504261180,11
CVRP,887,ok,14.7896965714,11
CVRP,888,ok,19.8606621717,11
CVRP,889,ok,15.5883653561,11
CVRP,890,ok,16.5254146194,12
CVRP,891,ok,14.4278562712,9
CVRP,892,ok,14.0152430498,11
CVRP,893,ok,16.5002521229,10
CVRP,894,ok,18.6691575435,12
CVRP,895,ok,16.3805296330,11
CVRP,896,ok,19.1856031808,12
CVRP,897,ok,14.1888307490,12
CVRP,898,ok,16.1882784056,12
CVRP,899,ok,15.6890572349,11
CVRP,900,ok,14.9631132929,12
CVRP,901,ok,15.2806027376,10
CVRP,902,ok,19.9736778292,12
CVRP,903,ok,14.2234023719,11
CVRP,904,ok,19.9616679890,11
CVRP,905,ok,19.0412396408,11
CVRP,906,ok,15.6462326867,10
CVRP,907,ok,20.1256235097,11
CVRP,908,ok,18.9390162984,11
CVRP,909,ok,16.4584394893,11
CVRP,910,ok,14.6328916212,10
CVRP,911,ok,20.3764259240,12
CVRP,912,ok,19.3799314139,11
CVRP,913,ok,20.0180189198,11
CVRP,914,ok,15.9170693532,10
CVRP,915,ok,17.8083275917,11
CVRP,916,ok,15.5431732332,11
CVRP,917,ok,15.3472940866,10
CVRP,918,ok,14.8861386762,12
CVRP,919,ok,16.2512876816,11
CVRP,920,ok,16.6025349464,12
CVRP,921,ok,20.7505707623,12
CVRP,922,ok,15.4326479070,11
CVRP,923,ok,15.3491216604,11
CVRP,924,ok,16.4507627793,11
CVRP,925,ok,19.2098118974,12
CVRP,926,ok,20.3344471026,11
CVRP,927,ok,16.9020707600,12
CVRP,928,ok,14.7254228323,11
CVRP,929,ok,19.2734359659,11
CVRP,930,ok,15.4397209699,12
CVRP,931,ok,16.7821184521,11
CVRP,932,ok,15.9568317350,12
CVRP,933,ok,17.5878808334,10
CVRP,934,ok,16.9693714831,11
CVRP,935,ok,14.6064908006,11
CVRP,936,ok,18.2465868294,11
CVRP,937,ok,16.4371234077,11
CVRP,938,ok,21.0341245970,12
CVRP,939,ok,16.5144651499,12
CVRP,940,ok,16.4385386499,12
CVRP,941,ok,16.2053134919,10
CVRP,942,ok,14.2206571205,12
CVRP,943,ok,15.0589466359,13
CVRP,944,ok,17.7848423538,11
CVRP,945,ok,16.3204157931,11
CVRP,946,ok,13.6057942735,11
CVRP,947,ok,13.9154283909,11
CVRP,948,ok,18.9115758635,10
CVRP,949,ok,15.6322601412,12
CVRP,950,ok,19.0532162029,12
CVRP,951,ok,16.5623737660,10
CVRP,952,ok,18.3537228701,11
CVRP,953,ok,15.9058010211,10
CVRP,954,ok,17.1222885280,12
CVRP,955,ok,18.8892889078,11
CVRP,956,ok,16.1876886596,11
CVRP,957,ok,20.8463971096,12
CVRP,958,ok,17.0092645569,10
CVRP,959,ok,19.1928553179,11
CVRP,960,ok,17.8473885495,10
CVRP,961,ok,17.4948472581,11
CVRP,962,ok,17.0956033610,11
CVRP,963,ok,14.5319980109,11
CVRP,964,ok,19.4305145528,12
CVRP,965,ok,16.6453782223,10
CVRP,966,ok,13.5460601617,10
CVRP,967,ok,18.5870189451,12
CVRP,968,ok,17.7501278297,10
CVRP,969,ok,20.4934496139,11
CVRP,970,ok,20.5949649933,11
CVRP,971,ok,15.3895867676,12
CVRP,972,ok,19.8499021098,12
CVRP,973,ok,13.8596346027,11
CVRP,974,ok,15.1597385457,12
CVRP,975,ok,13.6335746917,10
CVRP,976,ok,19.8166461404,11
CVRP,977,ok,16.8058035007,11
CVRP,978,ok,19.7226054787,11
CVRP,979,ok,15.6527100013,11
CVRP,980,ok,18.1380072775,11
CVRP,981,ok,14.2381736531,12
CVRP,982,ok,16.2107200004,11
CVRP,983,ok,19.1780451518,11
CVRP,984,ok,16.1658602442,11
CVRP,985,ok,18.6150676697,12
CVRP,986,ok,18.1954784591,12
CVRP,987,ok,16.6791606588,11
CVRP,988,ok,18.1226915553,11
CVRP,989,ok,19.8910745430,10
CVRP,990,ok,14.0243323292,12
CVRP,991,ok,19.0881570309,12
CVRP,992,ok,14.6263484085,11
CVRP,993,ok,19.7246724041,11
CVRP,994,ok,15.6746672774,10
CVRP,995,ok,17.0178022809,11
CVRP,996,ok,17.7979240669,11
CVRP,997,ok,17.3074164458,11
CVRP,998,ok,14.6082615272,12
CVRP,999,ok,17.4404813186,12
OVRP,0,ok,10.6558578513,13
OVRP,1,ok,12.9617115338,11
OVRP,2,ok,10.5845798237,12
OVRP,3,ok,12.1528745532,14
OVRP,4,ok,10.9546355756,12
OVRP,5,ok,13.2803027033,12
OVRP,6,ok,11.9266000324,12
OVRP,7,ok,11.7998459524,11
OVRP,8,ok,11.4987467652,15
OVRP,9,ok,11.0810053349,14
OVRP,10,ok,11.2816149437,13
OVRP,11,ok,12.1510010508,12
OVRP,12,ok,12.0597285793,12
OVRP,13,ok,10.7939305305,12
OVRP,14,ok,12.3036938125,16
OVRP,15,ok,12.0264699873,11
OVRP,16,ok,9.8920488511,11
OVRP,17,ok,10.9951206833,14
OVRP,18,ok,10.3756603544,14
OVRP,19,ok,12.1135821812,10
OVRP,20,ok,11.4440617757,13
OVRP,21,ok,10.2826607372,11
OVRP,22,ok,10.5527597579,14
OVRP,23,ok,11.5786749685,13
OVRP,24,ok,11.9881260294,12
OVRP,25,ok,11.2742916917,12
OVRP,26,ok,10.2910308222,12
OVRP,27,ok,11.7965953280,13
OVRP,28,ok,10.1792180203,13
OVRP,29,ok,10.1786406771,13
OVRP,30,ok,11.3860586267,13
OVRP,31,ok,10.2532340721,12
OVRP,32,ok,11.4814462211,10
OVRP,33,ok,9.6402963737,15
OVRP,34,ok,12.1638458130,11
OVRP,35,ok,11.8778060343,12
OVRP,36,ok,9.6678189137,13
OVRP,37,ok,10.8196458331,11
OVRP,38,ok,12.4566936616,12
OVRP,39,ok,10.6689901908,13
OVRP,40,ok,10.9169281036,13
OVRP,41,ok,12.2442977370,14
OVRP,42,ok,10.5622570525,12
OVRP,43,ok,11.6584022316,14
OVRP,44,ok,11.1760798206,12
OVRP,45,ok,12.6483012682,12
OVRP,46,ok,10.9878040430,11
OVRP,47,ok,11.2643960996,12
OVRP,48,ok,12.0054988813,15
OVRP,49,ok,11.2404914684,12
OVRP,50,ok,12.1834643251,15
OVRP,51,ok,12.0197344089,13
OVRP,52,ok,10.0152866538,14
OVRP,53,ok,11.3210140630,13
OVRP,54,ok,11.5865419878,12
OVRP,55,ok,11.4208936103,14
OVRP,56,ok,10.3380681740,11
OVRP,57,ok,11.1547798516,13
OVRP,58,ok,10.5064902823,13
OVRP,59,ok,12.9132134587,11
OVRP,60,ok,9.9100679326,11
OVRP,61,ok,10.0761829078,13
OVRP,62,ok,10.5733835381,13
OVRP,63,ok,11.8333547419,14
OVRP,64,ok,13.4279112113,12
OVRP,65,ok,12.0193619922,13
OVRP,66,ok,11.8392038921,14
OVRP,67,ok,10.8009602659,13
OVRP,68,ok,11.9326372835,11
OVRP,69,ok,13.6085928340,12
OVRP,70,ok,11.6066667568,13
OVRP,71,ok,9.8236092938,13
OVRP,72,ok,11.8072077591,12
OVRP,73,ok,12.8761506151,12
OVRP,74,ok,11.6771960005,11
OVRP,75,ok,11.2136495659,14
OVRP,76,ok,10.9148557136,12
OVRP,77,ok,12.3873696385,14
OVRP,78,ok,12.0726812126,13
OVRP,79,ok,11.2332655221,13
OVRP,80,ok,11.1686111676,12
OVRP,81,ok,11.4039797440,13
OVRP,82,ok,11.6095043358,11
OVRP,83,ok,10.9332348945,13
OVRP,84,ok,9.2974059207,11
OVRP,85,ok,10.7142917459,14
OVRP,86,ok,13.5287499708,11
OVRP,87,ok,12.8224217430,12
OVRP,88,ok,10.6716648471,12
OVRP,89,ok,10.6122877843,12
OVRP,90,ok,11.6817858664,14
OVRP,91,ok,12.0201182389,11
OVRP,92,ok,11.0447677859,12
OVRP,93,ok,10.7830364989,14
OVRP,94,ok,12.3338416505,13
OVRP,95,ok,11.6681629036,11
OVRP,96,ok,12.7573360388,11
OVRP,97,ok,11.4613370881,12
OVRP,98,ok,10.4876379902,14
OVRP,99,ok,10.4115948302,13
OVRP,100,ok,11.1159306670,13
OVRP,101,ok,10.6113044466,10
OVRP,102,ok,10.3988106483,11
OVRP,103,ok,9.4453514059,12
OVRP,104,ok,12.1200237206,14
OVRP,105,ok,10.2073574243,12
OVRP,106,ok,10.9812170009,11
OVRP,107,ok,10.2024441173,14
OVRP,108,ok,11.3763292501,14
OVRP,109,ok,12.3515933397,14
OVRP,110,ok,9.5839958970,11
OVRP,111,ok,10.6979786486,12
OVRP,112,ok,13.6888231917,13
OVRP,113,ok,12.4379969564,14
OVRP,114,ok,11.1638218818,13
OVRP,115,ok,12.8707344192,11
OVRP,116,ok,12.5158027426,12
OVRP,117,ok,12.8615934742,11
OVRP,118,ok,11.3289938101,12
OVRP,119,ok,12.9744997064,16
OVRP,120,ok,11.4030118511,13
OVRP,121,ok,10.6693495996,13
OVRP,122,ok,11.6802370829,13
OVRP,123,ok,12.2098488365,12
OVRP,124,ok,12.1102763462,12
OVRP,125,ok,11.1143529500,12
OVRP,126,ok,10.9686361003,13
OVRP,127,ok,11.3203426969,12
OVRP,128,ok,11.9745321306,12
OVRP,129,ok,12.2832440453,14
OVRP,130,ok,11.4706582504,14
OVRP,131,ok,10.3556483054,14
OVRP,132,ok,9.9954098208,13
OVRP,133,ok,10.5849067299,11
OVRP,134,ok,11.3648934505,11
OVRP,135,ok,10.1653920980,13
OVRP,136,ok,11.8653442714,13
OVRP,137,ok,10.4591888106,12
OVRP,138,ok,12.1274456231,12
OVRP,139,ok,12.7052621235,12
OVRP,140,ok,12.7623354608,14
OVRP,141,ok,11.8549163477,12
OVRP,142,ok,10.2285009509,12
OVRP,143,ok,10.4736186163,11
OVRP,144,ok,12.1519616308,13
OVRP,145,ok,11.5332689761,11
OVRP,146,ok,12.6856787858,14
OVRP,147,ok,10.0919391722,12
OVRP,148,ok,12.4715542895,14
OVRP,149,ok,10.9659934436,14
OVRP,150,ok,13.5355023300,13
OVRP,151,ok,10.2892434217,12
OVRP,152,ok,11.3241797651,12
OVRP,153,ok,11.0624876113,14
OVRP,154,ok,11.6945166764,12
OVRP,155,ok,9.2240726343,13
OVRP,156,ok,12.2545526438,11
OVRP,157,ok,9.6917947418,13
OVRP,158,ok,12.0473142246,14
OVRP,159,ok,12.2201622605,11
OVRP,160,ok,10.0974497141,12
OVRP,161,ok,10.4267441374,12
OVRP,162,ok,11.6134636054,13
OVRP,163,ok,9.8040731156,12
OVRP,164,ok,10.9194407563,12
OVRP,165,ok,11.7003504006,13
OVRP,166,ok,11.5240529368,14
OVRP,167,ok,11.3490584869,13
OVRP,168,ok,10.0458457341,11
OVRP,169,ok,13.3926697989,12
OVRP,170,ok,11.5991612070,12
OVRP,171,ok,9.8765316955,12
OVRP,172,ok,12.3514429906,11
OVRP,173,ok,11.9660756134,15
OVRP,174,ok,12.3192405639,13
OVRP,175,ok,12.9678840539,12
OVRP,176,ok,11.6769491396,11
OVRP,177,ok,10.9376984876,12
OVRP,178,ok,10.4156833397,16
OVRP,179,ok,10.3800299845,12
OVRP,180,ok,12.8322698352,12
OVRP,181,ok,11.8942700445,10
OVRP,182,ok,11.7811310763,13
OVRP,183,ok,10.2258069532,12
OVRP,184,ok,13.5956368979,12
OVRP,185,ok,11.2296081387,13
OVRP,186,ok,10.6253450260,13
OVRP,187,ok,11.8584094394,14
OVRP,188,ok,10.7463582570,14
OVRP,189,ok,11.3457729145,12
OVRP,190,ok,10.4967743880,12
OVRP,191,ok,11.9615142885,10
OVRP,192,ok,10.8355320922,14
OVRP,193,ok,9.8585721624,13
OVRP,194,ok,13.0122371283,12
OVRP,195,ok,12.3894136944,13
OVRP,196,ok,11.3897317390,13
OVRP,197,ok,10.6585448243,14
OVRP,198,ok,13.8413622697,12
OVRP,199,ok,11.1735891395,14
OVRP,200,ok,11.5837269976,13
OVRP,201,ok,10.2562559429,14
OVRP,202,ok,11.0654134045,12
OVRP,203,ok,9.7716702792,13
OVRP,204,ok,10.4960352426,11
OVRP,205,ok,14.5570544148,13
OVRP,206,ok,11.5733375511,11
OVRP,207,ok,11.2918039852,13
OVRP,208,ok,10.7781953212,14
OVRP,209,ok,10.7702356411,12
OVRP,210,ok,11.2783575239,12
OVRP,211,ok,9.8211718406,12
OVRP,212,ok,10.1287557814,13
OVRP,213,ok,12.4679730539,12
OVRP,214,ok,10.3185555949,14
OVRP,215,ok,11.3259317328,12
OVRP,216,ok,10.7704333070,12
OVRP,217,ok,10.5701574784,15
OVRP,218,ok,12.4588103657,14
OVRP,219,ok,11.2764909473,14
OVRP,220,ok,10.3851980015,13
OVRP,221,ok,11.4602407480,13
OVRP,222,ok,12.8204133463,13
OVRP,223,ok,10.4728645910,12
OVRP,224,ok,9.8201368606,13
OVRP,225,ok,10.0605443338,15
OVRP,226,ok,9.9611370306,13
OVRP,227,ok,10.3739478613,13
OVRP,228,ok,11.9460358624,14
OVRP,229,ok,9.5609815765,13
OVRP,230,ok,10.1510043107,11
OVRP,231,ok,11.0800390013,11
OVRP,232,ok,11.3981688395,13
OVRP,233,ok,10.4208308268,13
OVRP,234,ok,11.2854040519,15
OVRP,235,ok,13.1325444506,14
OVRP,236,ok,11.7020352298,10
OVRP,237,ok,10.3571011243,15
OVRP,238,ok,10.9695995998,13
OVRP,239,ok,11.5305865773,13
OVRP,240,ok,10.9179134394,13
OVRP,241,ok,12.3491876199,13
OVRP,242,ok,10.6795491690,12
OVRP,243,ok,11.1110782592,13
OVRP,244,ok,12.0806467778,13
OVRP,245,ok,10.6973834809,13
OVRP,246,ok,13.1311737107,12
OVRP,247,ok,13.0077452808,11
OVRP,248,ok,12.3415131438,14
OVRP,249,ok,10.5333290057,14
OVRP,250,ok,10.8946040528,12
OVRP,251,ok,12.4401023947,14
OVRP,252,ok,9.8303525932,14
OVRP,253,ok,11.0969571672,14
OVRP,254,ok,11.4403627099,13
OVRP,255,ok,10.9432383223,15
OVRP,256,ok,12.0597780818,12
OVRP,257,ok,10.9126997670,15
OVRP,258,ok,10.9153969731,13
OVRP,259,ok,9.5148667541,12
OVRP,260,ok,10.3962472538,13
OVRP,261,ok,10.5691828444,13
OVRP,262,ok,13.3091371724,11
OVRP,263,ok,11.6095409532,12
OVRP,264,ok,10.6276111694,13
OVRP,265,ok,11.3766407961,14
OVRP,266,ok,10.7259145786,13
OVRP,267,ok,11.0430046483,12
OVRP,268,ok,9.9462112264,13
OVRP,269,ok,10.0844395569,11
OVRP,270,ok,10.5603308633,15
OVRP,271,ok,9.8894318851,15
OVRP,272,ok,9.9664325710,12
OVRP,273,ok,10.8781532475,13
OVRP,274,ok,12.9052030746,12
OVRP,275,ok,12.4831661729,12
OVRP,276,ok,11.6318707664,11
OVRP,277,ok,12.1434574725,14
OVRP,278,ok,10.4129047789,16
OVRP,279,ok,11.4591603495,13
OVRP,280,ok,12.3915554630,14
OVRP,281,ok,11.3887636504,12
OVRP,282,ok,11.8659844425,11
OVRP,283,ok,10.9291480151,14
OVRP,284,ok,12.1843729464,13
OVRP,285,ok,12.0447182008,13
OVRP,286,ok,10.3861013923,11
OVRP,287,ok,10.5533918702,13
OVRP,288,ok,10.1575427756,12
OVRP,289,ok,10.0579099816,14
OVRP,290,ok,12.6577433345,11
OVRP,291,ok,9.8693642942,14
OVRP,292,ok,11.1593435437,14
OVRP,293,ok,11.6994144577,12
OVRP,294,ok,11.7671884841,13
OVRP,295,ok,12.1419027424,11
OVRP,296,ok,11.2891232255,12
OVRP,297,ok,11.3008579743,13
OVRP,298,ok,9.6729802083,14
OVRP,299,ok,11.1324774580,14
OVRP,300,ok,11.2190458734,13
OVRP,301,ok,9.7988934015,12
OVRP,302,ok,10.9926308589,14
OVRP,303,ok,11.2849140572,13
OVRP,304,ok,9.8483357972,11
OVRP,305,ok,10.6510177565,12
OVRP,306,ok,10.8388397089,13
OVRP,307,ok,10.0095275460,14
OVRP,308,ok,11.7343687182,11
OVRP,309,ok,12.1107490055,13
OVRP,310,ok,11.3248113995,14
OVRP,311,ok,11.3056712579,13
OVRP,312,ok,10.6799087757,13
OVRP,313,ok,9.8365844956,13
OVRP,314,ok,10.5209014391,13
OVRP,315,ok,11.1461595462,11
OVRP,316,ok,12.3876439970,12
OVRP,317,ok,12.9700541363,12
OVRP,318,ok,12.0143992880,12
OVRP,319,ok,11.5136793966,11
OVRP,320,ok,11.5677958439,13
OVRP,321,ok,10.5274271568,13
OVRP,322,ok,12.1929760339,12
OVRP,323,ok,11.6967993948,13
OVRP,324,ok,10.2303152042,15
OVRP,325,ok,11.1094609146,15
OVRP,326,ok,9.5617386287,15
OVRP,327,ok,13.0328497708,14
OVRP,328,ok,11.4971333810,14
OVRP,329,ok,11.2142521927,13
OVRP,330,ok,11.1966558644,14
OVRP,331,ok,10.7131074000,12
OVRP,332,ok,12.6378197691,13
OVRP,333,ok,11.1202321464,15
OVRP,334,ok,11.5095744883,12
OVRP,335,ok,11.2885145239,11
OVRP,336,ok,10.8558938012,15
OVRP,337,ok,14.1590048016,11
OVRP,338,ok,11.5758159915,13
OVRP,339,ok,10.8568192540,14
OVRP,340,ok,10.4280210734,13
OVRP,341,ok,11.3849481913,12
OVRP,342,ok,12.0481967456,13
OVRP,343,ok,13.4863695063,13
OVRP,344,ok,10.4376472739,12
OVRP,345,ok,12.3754164847,12
OVRP,346,ok,10.5980599154,12
OVRP,347,ok,12.0053265787,13
OVRP,348,ok,10.5479085156,12
OVRP,349,ok,9.6721998081,13
OVRP,350,ok,10.2678966988,12
OVRP,351,ok,10.3041548171,15
OVRP,352,ok,10.4440388233,13
OVRP,353,ok,10.2596430953,12
OVRP,354,ok,10.3044625574,11
OVRP,355,ok,12.4397515423,13
OVRP,356,ok,11.2828420275,13
OVRP,357,ok,11.8902642940,11
OVRP,358,ok,13.2670546392,11
OVRP,359,ok,12.1449690077,12
OVRP,360,ok,10.8313737186,14
OVRP,361,ok,10.1097028431,12
OVRP,362,ok,9.8150213774,12
OVRP,363,ok,11.4833233472,12
OVRP,364,ok,11.0378385682,12
OVRP,365,ok,9.6012846405,13
OVRP,366,ok,9.8719233020,13
OVRP,367,ok,10.0030844980,13
OVRP,368,ok,11.6331787969,16
OVRP,369,ok,10.1483766626,12
OVRP,370,ok,12.4422663631,12
OVRP,371,ok,11.2706453306,12
OVRP,372,ok,12.8373429370,13
OVRP,373,ok,12.6760147018,14
OVRP,374,ok,9.9604221788,11
OVRP,375,ok,10.1139856626,13
OVRP,376,ok,12.2514552591,13
OVRP,377,ok,11.0782442497,13
OVRP,378,ok,10.9149200525,12
OVRP,379,ok,11.7085896036,14
OVRP,380,ok,11.4027567725,15
OVRP,381,ok,10.5369204140,13
OVRP,382,ok,12.2304110204,13
OVRP,383,ok,10.9847435054,14
OVRP,384,ok,10.3818930014,13
OVRP,385,ok,12.2702093923,11
OVRP,386,ok,9.9573842410,13
OVRP,387,ok,12.9036507320,12
OVRP,388,ok,9.4581062613,14
OVRP,389,ok,11.0483484228,12
OVRP,390,ok,10.8341361599,14
OVRP,391,ok,11.9080144643,12
OVRP,392,ok,12.3606110084,13
OVRP,393,ok,11.8442862815,13
OVRP,394,ok,12.2702137984,13
OVRP,395,ok,11.2283349531,13
OVRP,396,ok,11.5037630762,12
OVRP,397,ok,10.9563369803,14
OVRP,398,ok,10.7062457041,13
OVRP,399,ok,11.1158902272,13
OVRP,400,ok,10.6432451690,14
OVRP,401,ok,9.7589233318,12
OVRP,402,ok,11.0709723677,13
OVRP,403,ok,12.9460887087,15
OVRP,404,ok,10.3375822091,13
OVRP,405,ok,13.0146803035,12
OVRP,406,ok,10.3844650572,14
OVRP,407,ok,10.5851544629,13
OVRP,408,ok,11.4191751517,14
OVRP,409,ok,11.9474505122,12
OVRP,410,ok,11.2440431881,13
OVRP,411,ok,11.2969388299,13
OVRP,412,ok,12.3114107256,12
OVRP,413,ok,10.5302871769,13
OVRP,414,ok,10.0515702916,13
OVRP,415,ok,10.7284284385,10
OVRP,416,ok,10.3314875248,14
OVRP,417,ok,12.7444090128,13
OVRP,418,ok,9.8938417117,12
OVRP,419,ok,9.7575489789,13
OVRP,420,ok,11.7319261816,14
OVRP,421,ok,12.2691778781,15
OVRP,422,ok,11.1078791075,13
OVRP,423,ok,11.8954683424,13
OVRP,424,ok,10.9666144112,12
OVRP,425,ok,10.8156746767,12
OVRP,426,ok,10.5201659379,11
OVRP,427,ok,10.4559002949,13
OVRP,428,ok,12.8102741388,13
OVRP,429,ok,11.4884713125,13
OVRP,430,ok,10.1856853670,12
OVRP,431,ok,11.7369540768,13
OVRP,432,ok,11.3607614190,13
OVRP,433,ok,9.8372680056,14
OVRP,434,ok,11.8008736426,11
OVRP,435,ok,12.5476692494,14
OVRP,436,ok,12.1708887393,12
OVRP,437,ok,11.6330680495,12
OVRP,438,ok,12.5233615410,14
OVRP,439,ok,11.5792334453,14
OVRP,440,ok,11.9535625138,14
OVRP,441,ok,10.8794109309,14
OVRP,442,ok,10.6997330294,15
OVRP,443,ok,12.2246265645,12
OVRP,444,ok,12.0196407724,13
OVRP,445,ok,11.5034563849,12
OVRP,446,ok,13.0591093715,11
OVRP,447,ok,11.9978993467,14
OVRP,448,ok,10.5633759857,12
OVRP,449,ok,12.6949960798,14
OVRP,450,ok,11.7032771735,12
OVRP,451,ok,13.4243866124,11
OVRP,452,ok,12.0984080557,11
OVRP,453,ok,11.1696807033,12
OVRP,454,ok,9.3810391718,13
OVRP,455,ok,10.6344646805,14
OVRP,456,ok,10.7587763043,13
OVRP,457,ok,11.0768666414,13
OVRP,458,ok,10.6693495893,11
OVRP,459,ok,11.4957690773,12
OVRP,460,ok,12.9354236490,12
OVRP,461,ok,11.1411524248,13
OVRP,462,ok,12.1543444271,15
OVRP,463,ok,12.3672449876,11
OVRP,464,ok,10.0742243161,13
OVRP,465,ok,12.6276210321,14
OVRP,466,ok,11.4454068634,15
OVRP,467,ok,12.1647033951,13
OVRP,468,ok,12.7637684227,10
OVRP,469,ok,10.8811923330,14
OVRP,470,ok,10.6099832222,12
OVRP,471,ok,13.2809968966,13
OVRP,472,ok,9.7007281906,11
OVRP,473,ok,11.0138447947,12
OVRP,474,ok,10.4487181780,13
OVRP,475,ok,10.8527969897,13
OVRP,476,ok,10.1929693943,12
OVRP,477,ok,10.9395260703,14
OVRP,478,ok,11.0057038115,14
OVRP,479,ok,12.9273932807,13
OVRP,480,ok,13.1167763998,11
OVRP,481,ok,11.3373371535,14
OVRP,482,ok,10.3640665085,13
OVRP,483,ok,11.2252800767,14
OVRP,484,ok,10.0942798933,11
OVRP,485,ok,12.0258483617,12
OVRP,486,ok,13.0708295832,13
OVRP,487,ok,11.2032604339,13
OVRP,488,ok,9.5718945226,13
OVRP,489,ok,11.0782711317,13
OVRP,490,ok,10.5387846341,12
OVRP,491,ok,12.8538937643,12
OVRP,492,ok,10.8161144725,13
OVRP,493,ok,9.9990217184,11
OVRP,494,ok,13.7794786978,11
OVRP,495,ok,12.2189093182,13
OVRP,496,ok,10.5542267608,12
OVRP,497,ok,12.3505458362,13
OVRP,498,ok,11.2645838088,15
OVRP,499,ok,11.9651718448,14
OVRP,500,ok,9.8467169872,14
OVRP,501,ok,9.6361399732,11
OVRP,502,ok,10.8058979548,14
OVRP,503,ok,12.9467668212,13
OVRP,504,ok,10.0085035967,14
OVRP,505,ok,11.6075155930,13
OVRP,506,ok,12.2486155603,13
OVRP,507,ok,10.4430235417,13
OVRP,508,ok,12.3860109625,12
OVRP,509,ok,10.1683639953,14
OVRP,510,ok,11.6762885922,12
OVRP,511,ok,11.4225191975,14
OVRP,512,ok,11.5260631238,14
OVRP,513,ok,11.0565463737,12
OVRP,514,ok,9.4514938611,13
OVRP,515,ok,10.8452208628,13
OVRP,516,ok,9.9244178861,14
OVRP,517,ok,11.9086643975,14
OVRP,518,ok,11.8369249756,14
OVRP,519,ok,13.5905436090,13
OVRP,520,ok,11.9378317916,13
OVRP,521,ok,11.3503467889,12
OVRP,522,ok,11.3950712674,12
OVRP,523,ok,9.9533982266,12
OVRP,524,ok,10.5259498553,12
OVRP,525,ok,10.8794619875,14
OVRP,526,ok,10.1593982203,11
OVRP,527,ok,11.9788072163,12
OVRP,528,ok,11.0888772113,13
OVRP,529,ok,9.9224625096,13
OVRP,530,ok,11.4648905847,11
OVRP,531,ok,12.0685480983,13
OVRP,532,ok,11.6465944845,14
OVRP,533,ok,13.4530209736,12
OVRP,534,ok,10.9101277711,12
OVRP,535,ok,13.3420440645,10
OVRP,536,ok,12.8307308290,12
OVRP,537,ok,10.4917442925,12
OVRP,538,ok,9.8461901701,14
OVRP,539,ok,9.5915473928,12
OVRP,540,ok,9.6900731191,12
OVRP,541,ok,12.1789785676,12
OVRP,542,ok,13.2233795206,12
OVRP,543,ok,10.8069304221,13
OVRP,544,ok,12.1728783946,14
OVRP,545,ok,11.4589892392,14
OVRP,546,ok,11.2972168893,13
OVRP,547,ok,11.2979744049,12
OVRP,548,ok,12.2709413894,13
OVRP,549,ok,11.7025435329,13
OVRP,550,ok,12.2602632395,12
OVRP,551,ok,10.4384387877,13
OVRP,552,ok,9.4544269730,13
OVRP,553,ok,12.4401978297,12
OVRP,554,ok,11.7369306874,11
OVRP,555,ok,12.7653734088,13
OVRP,556,ok,11.3005986028,11
OVRP,557,ok,10.4587202617,14
OVRP,558,ok,13.2536579117,14
OVRP,559,ok,12.7154473267,14
OVRP,560,ok,11.9329431560,10
OVRP,561,ok,11.1828919504,14
OVRP,562,ok,10.3249548706,13
OVRP,563,ok,12.9065422792,11
OVRP,564,ok,12.5208109547,15
OVRP,565,ok,9.9285490534,12
OVRP,566,ok,10.3982738240,15
OVRP,567,ok,11.1030423881,13
OVRP,568,ok,11.6615735477,13
OVRP,569,ok,10.8898869483,13
OVRP,570,ok,11.6489619769,13
OVRP,571,ok,11.7103029614,12
OVRP,572,ok,10.8027774804,12
OVRP,573,ok,10.4317959011,13
OVRP,574,ok,12.0326523555,13
OVRP,575,ok,10.3684782483,13
OVRP,576,ok,12.1265697593,13
OVRP,577,ok,10.1515360500,12
OVRP,578,ok,13.8579444162,12
OVRP,579,ok,12.0080140370,13
OVRP,580,ok,11.9262244896,11
OVRP,581,ok,11.7655750639,14
OVRP,582,ok,11.3780987403,10
OVRP,583,ok,12.4811950203,14
OVRP,584,ok,11.4405020656,15
OVRP,585,ok,12.5609988753,14
OVRP,586,ok,10.7878368866,12
OVRP,587,ok,10.3937830187,13
OVRP,588,ok,10.4935129785,15
OVRP,589,ok,11.1689106969,12
OVRP,590,ok,11.3771641100,13
OVRP,591,ok,12.1682821467,13
OVRP,592,ok,10.8838084882,14
OVRP,593,ok,10.9533622960,11
OVRP,594,ok,10.7543500228,13
OVRP,595,ok,9.7814029600,14
OVRP,596,ok,10.3735975373,14
OVRP,597,ok,10.7334575898,13
OVRP,598,ok,10.9644719948,13
OVRP,599,ok,10.4926797981,13
OVRP,600,ok,12.2965266739,12
OVRP,601,ok,12.2732771469,12
OVRP,602,ok,12.4300696817,12
OVRP,603,ok,10.7249010727,13
OVRP,604,ok,9.9918944888,13
OVRP,605,ok,11.7284724737,13
OVRP,606,ok,9.7162338593,11
OVRP,607,ok,11.1456357816,12
OVRP,608,ok,9.8665667651,12
OVRP,609,ok,10.0402358153,12
OVRP,610,ok,10.9874195689,14
OVRP,611,ok,10.5129338522,14
OVRP,612,ok,11.0817274269,15
OVRP,613,ok,11.5735335849,14
OVRP,614,ok,13.4191849815,12
OVRP,615,ok,11.7850422932,11
OVRP,616,ok,10.6096943557,13
OVRP,617,ok,11.0621186576,12
OVRP,618,ok,9.6949477568,14
OVRP,619,ok,10.8873457650,12
OVRP,620,ok,10.3858723086,12
OVRP,621,ok,9.8137174263,14
OVRP,622,ok,11.2056486979,12
OVRP,623,ok,10.7242750403,13
OVRP,624,ok,11.8032939301,12
OVRP,625,ok,9.9801480770,13
OVRP,626,ok,12.0274875354,12
OVRP,627,ok,10.5818866197,13
OVRP,628,ok,10.7950730696,14
OVRP,629,ok,13.1544847193,13
OVRP,630,ok,13.5276397556,13
OVRP,631,ok,11.1296785147,12
OVRP,632,ok,11.0109784193,14
OVRP,633,ok,11.1276772622,14
OVRP,634,ok,11.7004234880,12
OVRP,635,ok,12.3940128861,13
OVRP,636,ok,12.6950343130,12
OVRP,637,ok,10.5237775285,14
OVRP,638,ok,11.0379476318,11
OVRP,639,ok,12.3410173148,13
OVRP,640,ok,10.4785524669,13
OVRP,641,ok,10.4329957694,12
OVRP,642,ok,11.3684408022,14
OVRP,643,ok,13.2262940661,11
OVRP,644,ok,10.2855230245,12
OVRP,645,ok,11.7512110994,13
OVRP,646,ok,13.5992446887,13
OVRP,647,ok,12.2921302184,13
OVRP,648,ok,10.6660250195,14
OVRP,649,ok,11.6526772894,12
OVRP,650,ok,12.4172085099,13
OVRP,651,ok,13.3582580040,12
OVRP,652,ok,11.4906447293,14
OVRP,653,ok,10.5407849223,13
OVRP,654,ok,11.4847561532,12
OVRP,655,ok,12.1651472208,13
OVRP,656,ok,11.1814284187,11
OVRP,657,ok,12.1560346465,12
OVRP,658,ok,12.7992443309,12
OVRP,659,ok,13.7833198342,11
OVRP,660,ok,12.1102560162,12
OVRP,661,ok,10.8781010602,13
OVRP,662,ok,11.6583179085,13
OVRP,663,ok,11.4003589954,14
OVRP,664,ok,12.5718427032,13
OVRP,665,ok,11.3423495086,13
OVRP,666,ok,12.3718382352,11
OVRP,667,ok,12.0965924967,12
OVRP,668,ok,12.1326185262,14
OVRP,669,ok,10.2600860644,12
OVRP,670,ok,9.5270654035,12
OVRP,671,ok,13.5441032639,11
OVRP,672,ok,12.3504480124,13
OVRP,673,ok,10.8897831061,14
OVRP,674,ok,13.3791244862,15
OVRP,675,ok,10.3544448822,14
OVRP,676,ok,12.0636125476,14
OVRP,677,ok,11.1244274461,16
OVRP,678,ok,10.9175295176,12
OVRP,679,ok,9.9017512879,13
OVRP,680,ok,11.8293165274,13
OVRP,681,ok,11.0950669831,14
OVRP,682,ok,12.1219171512,13
OVRP,683,ok,11.9477915571,14
OVRP,684,ok,13.0724898645,12
OVRP,685,ok,13.4209652432,11
OVRP,686,ok,12.0721852785,11
OVRP,687,ok,9.9606454885,15
OVRP,688,ok,11.7698717191,11
OVRP,689,ok,10.2260613736,13
OVRP,690,ok,11.2210779564,13
OVRP,691,ok,10.3217778498,14
OVRP,692,ok,10.6326632555,13
OVRP,693,ok,9.9332342165,12
OVRP,694,ok,10.2799263562,13
OVRP,695,ok,10.0959226032,13
OVRP,696,ok,11.7304277309,13
OVRP,697,ok,11.4979368504,11
OVRP,698,ok,12.1220408406,13
OVRP,699,ok,10.3767839250,13
OVRP,700,ok,9.6364908488,14
OVRP,701,ok,12.6152316948,10
OVRP,702,ok,11.7731308331,13
OVRP,703,ok,9.8764540954,13
OVRP,704,ok,13.0205090323,12
OVRP,705,ok,11.3667352809,13
OVRP,706,ok,9.9791856328,12
OVRP,707,ok,11.1935846541,11
OVRP,708,ok,11.2570606034,11
OVRP,709,ok,11.4882792351,12
OVRP,710,ok,10.4903735524,13
OVRP,711,ok,10.4304107902,13
OVRP,712,ok,9.7737813922,12
OVRP,713,ok,11.0229860290,12
OVRP,714,ok,10.9487201910,13
OVRP,715,ok,10.9906443093,14
OVRP,716,ok,9.5603291715,12
OVRP,717,ok,12.0254858294,12
OVRP,718,ok,10.9109505245,12
OVRP,719,ok,9.6233175150,13
OVRP,720,ok,11.4736095304,16
OVRP,721,ok,12.9241468131,13
OVRP,722,ok,11.1785008407,14
OVRP,723,ok,10.8192773155,13
OVRP,724,ok,12.9974270183,13
OVRP,725,ok,10.0353779140,14
OVRP,726,ok,10.5913913698,14
OVRP,727,ok,10.7089472825,13
OVRP,728,ok,10.2213334051,13
OVRP,729,ok,11.6771401759,12
OVRP,730,ok,11.1015742903,13
OVRP,731,ok,14.1435383238,12
OVRP,732,ok,10.5947797289,14
OVRP,733,ok,12.7660483051,14
OVRP,734,ok,10.7783448494,13
OVRP,735,ok,10.9718573900,13
OVRP,736,ok,11.5047330904,15
OVRP,737,ok,12.1991374652,13
OVRP,738,ok,10.2369939302,12
OVRP,739,ok,11.6642581002,12
OVRP,740,ok,11.8937592821,12
OVRP,741,ok,11.0501137323,13
OVRP,742,ok,11.0806666654,14
OVRP,743,ok,11.4817781233,12
OVRP,744,ok,12.3409882680,12
OVRP,745,ok,9.7987269573,14
OVRP,746,ok,12.2814046650,12
OVRP,747,ok,11.0615419489,11
OVRP,748,ok,9.6070609630,12
OVRP,749,ok,12.3551941259,13
OVRP,750,ok,12.1352330108,12
OVRP,751,ok,10.7473574279,14
OVRP,752,ok,9.6881963230,13
OVRP,753,ok,11.1480107203,12
OVRP,754,ok,12.4167825810,12
OVRP,755,ok,11.8953687446,13
OVRP,756,ok,11.9501695194,15
OVRP,757,ok,12.2584544565,14
OVRP,758,ok,11.8391979591,13
OVRP,759,ok,12.2060792992,13
OVRP,760,ok,10.9231373543,14
OVRP,761,ok,12.1626177595,13
OVRP,762,ok,11.3274874826,11
OVRP,763,ok,11.8114608201,13
OVRP,764,ok,12.2390325121,12
OVRP,765,ok,10.1950158653,13
OVRP,766,ok,11.0399385380,14
OVRP,767,ok,10.7223878196,14
OVRP,768,ok,11.9287752537,12
OVRP,769,ok,12.7608647208,12
OVRP,770,ok,10.9851569662,13
OVRP,771,ok,10.6645998862,14
OVRP,772,ok,10.0224845517,14
OVRP,773,ok,11.1164231910,11
OVRP,774,ok,11.6180951431,11
OVRP,775,ok,11.7503534549,12
OVRP,776,ok,10.5555725438,12
OVRP,777,ok,11.8684892124,13
OVRP,778,ok,11.9996056941,14
OVRP,779,ok,11.3231047182,13
OVRP,780,ok,10.6426046639,11
OVRP,781,ok,11.0044167945,12
OVRP,782,ok,11.7926634560,14
OVRP,783,ok,11.1859981982,13
OVRP,784,ok,12.7730457094,15
OVRP,785,ok,11.4971153902,14
OVRP,786,ok,9.6662243089,12
OVRP,787,ok,11.5919403513,14
OVRP,788,ok,11.3782489032,14
OVRP,789,ok,10.8529384737,12
OVRP,790,ok,9.7770112994,11
OVRP,791,ok,10.0842276579,11
OVRP,792,ok,11.1444004860,13
OVRP,793,ok,11.8438867178,14
OVRP,794,ok,10.9414297901,12
OVRP,795,ok,10.1938727159,13
OVRP,796,ok,9.5483383622,13
OVRP,797,ok,10.4677389974,16
OVRP,798,ok,11.1304903654,14
OVRP,799,ok,12.7026226850,13
OVRP,800,ok,10.7509944342,12
OVRP,801,ok,11.6307993530,13
OVRP,802,ok,10.9860975394,13
OVRP,803,ok,11.7011773623,14
OVRP,804,ok,12.0354565535,12
OVRP,805,ok,10.0274260397,13
OVRP,806,ok,12.4179801579,13
OVRP,807,ok,10.4482164986,11
OVRP,808,ok,11.3692921865,12
OVRP,809,ok,9.6091064221,12
OVRP,810,ok,11.2323982408,15
OVRP,811,ok,10.6820163492,12
OVRP,812,ok,13.2774133621,12
OVRP,813,ok,10.6767820430,12
OVRP,814,ok,10.4577353523,13
OVRP,815,ok,10.0318483042,12
OVRP,816,ok,13.7302707482,13
OVRP,817,ok,10.4539482118,14
OVRP,818,ok,11.1021694196,14
OVRP,819,ok,11.1039699596,12
OVRP,820,ok,12.7346809861,13
OVRP,821,ok,9.6939162504,13
OVRP,822,ok,10.2734109758,12
OVRP,823,ok,11.7687498670,13
OVRP,824,ok,12.2341400729,12
OVRP,825,ok,12.4628682734,13
OVRP,826,ok,9.7856874192,12
OVRP,827,ok,12.4944657079,15
OVRP,828,ok,12.2331809706,13
OVRP,829,ok,11.8427024362,13
OVRP,830,ok,12.2417860553,12
OVRP,831,ok,9.9975047832,13
OVRP,832,ok,9.4879760790,13
OVRP,833,ok,11.5629409221,12
OVRP,834,ok,11.0259001699,13
OVRP,835,ok,10.3765295711,13
OVRP,836,ok,11.4392505299,13
OVRP,837,ok,12.9667988953,14
OVRP,838,ok,10.3615537631,12
OVRP,839,ok,10.7596855038,13
OVRP,840,ok,13.4685570149,12
OVRP,841,ok,12.1335409595,15
OVRP,842,ok,11.2233209380,16
OVRP,843,ok,10.0474984804,12
OVRP,844,ok,11.0128131189,12
OVRP,845,ok,11.0506099257,14
OVRP,846,ok,12.5734620871,15
OVRP,847,ok,12.4589670625,12
OVRP,848,ok,10.2583922535,14
OVRP,849,ok,10.9576377962,12
OVRP,850,ok,11.0261923358,14
OVRP,851,ok,12.8503759189,12
OVRP,852,ok,10.9405147383,12
OVRP,853,ok,11.5170799253,13
OVRP,854,ok,12.2548728433,14
OVRP,855,ok,9.8289007816,12
OVRP,856,ok,11.5428828209,12
OVRP,857,ok,11.6412162440,13
OVRP,858,ok,11.4651547296,14
OVRP,859,ok,11.9736790504,12
OVRP,860,ok,12.3923771305,14
OVRP,861,ok,10.4026469157,13
OVRP,862,ok,10.1673749995,12
OVRP,863,ok,10.0137827352,13
OVRP,864,ok,10.8164786187,14
OVRP,865,ok,11.3262319603,12
OVRP,866,ok,12.2972313365,12
OVRP,867,ok,9.3848165758,12
OVRP,868,ok,9.9835482865,11
OVRP,869,ok,12.4043305395,15
OVRP,870,ok,11.5548723828,12
OVRP,871,ok,11.1944109325,15
OVRP,872,ok,12.0137952460,12
OVRP,873,ok,10.0296082841,14
OVRP,874,ok,10.9468937523,14
OVRP,875,ok,11.0156118617,13
OVRP,876,ok,10.7099741534,13
OVRP,877,ok,10.6779646303,13
OVRP,878,ok,11.3769466283,14
OVRP,879,ok,10.9635786711,12
OVRP,880,ok,11.7341582558,14
OVRP,881,ok,11.7041841046,12
OVRP,882,ok,11.5805559818,12
OVRP,883,ok,9.6216762230,14
OVRP,884,ok,13.0922549242,13
OVRP,885,ok,12.3264081308,13
OVRP,886,ok,10.2620845215,14
OVRP,887,ok,9.4258922781,14
OVRP,888,ok,11.1477257278,14
OVRP,889,ok,12.5922357170,15
OVRP,890,ok,9.7717371247,13
OVRP,891,ok,11.6529938878,13
OVRP,892,ok,10.5564884785,13
OVRP,893,ok,11.6627884250,13
OVRP,894,ok,11.5088710445,12
OVRP,895,ok,12.3114056481,12
OVRP,896,ok,10.5587322500,12
OVRP,897,ok,13.0208672889,13
OVRP,898,ok,10.2164244298,16
OVRP,899,ok,10.9832129637,13
OVRP,900,ok,9.7509354629,13
OVRP,901,ok,11.6116983402,14
OVRP,902,ok,11.1254389623,13
OVRP,903,ok,11.0789910278,12
OVRP,904,ok,12.9803621021,10
OVRP,905,ok,11.1974720523,11
OVRP,906,ok,10.1134769899,14
OVRP,907,ok,9.7079216594,13
OVRP,908,ok,10.5028570947,17
OVRP,909,ok,11.3094388718,14
OVRP,910,ok,10.5118160874,15
OVRP,911,ok,11.0067159694,12
OVRP,912,ok,10.1306376305,11
OVRP,913,ok,12.0209788887,14
OVRP,914,ok,11.5309564209,11
OVRP,915,ok,10.1205809889,15
OVRP,916,ok,11.4860445311,14
OVRP,917,ok,9.8786175881,14
OVRP,918,ok,11.7506497629,13
OVRP,919,ok,10.5638461641,13
OVRP,920,ok,11.2952264954,13
OVRP,921,ok,10.3176616146,14
OVRP,922,ok,9.7679703754,14
OVRP,923,ok,10.0719737015,13
OVRP,924,ok,10.3861120682,13
OVRP,925,ok,9.9886846243,13
OVRP,926,ok,10.5114309096,11
OVRP,927,ok,11.9931134840,13
OVRP,928,ok,11.1939307131,13
OVRP,929,ok,11.9908956427,12
OVRP,930,ok,11.3111403051,14
OVRP,931,ok,10.0860668950,12
OVRP,932,ok,11.7433537391,13
OVRP,933,ok,11.4184540439,12
OVRP,934,ok,11.8050473213,12
OVRP,935,ok,10.9440439639,14
OVRP,936,ok,12.0134819418,12
OVRP,937,ok,10.8860216364,12
OVRP,938,ok,11.1572296528,14
OVRP,939,ok,9.9315559961,13
OVRP,940,ok,12.7341383332,12
OVRP,941,ok,10.9289939333,10
OVRP,942,ok,11.7873751104,13
OVRP,943,ok,11.0512785926,13
OVRP,944,ok,11.3377071415,11
OVRP,945,ok,12.0503370461,13
OVRP,946,ok,9.7298463839,16
OVRP,947,ok,9.9482221397,11
OVRP,948,ok,10.3392576025,11
OVRP,949,ok,11.4224845199,13
OVRP,950,ok,10.1522028472,11
OVRP,951,ok,11.7135750183,12
OVRP,952,ok,11.4941199251,12
OVRP,953,ok,9.9607657153,13
OVRP,954,ok,11.5178623207,13
OVRP,955,ok,13.2511402219,12
OVRP,956,ok,10.7925169203,12
OVRP,957,ok,12.7952419705,13
OVRP,958,ok,12.1508994203,12
OVRP,959,ok,11.1206763381,13
OVRP,960,ok,11.1916755632,14
OVRP,961,ok,11.9732870362,12
OVRP,962,ok,11.2107566678,13
OVRP,963,ok,9.7736912519,12
OVRP,964,ok,11.8425755790,12
OVRP,965,ok,10.8133503631,15
OVRP,966,ok,9.3607247872,12
OVRP,967,ok,11.5691837452,12
OVRP,968,ok,12.6039273158,13
OVRP,969,ok,14.8073509409,12
OVRP,970,ok,12.0765377750,11
OVRP,971,ok,11.3203555324,12
OVRP,972,ok,10.6746557713,12
OVRP,973,ok,12.4272295989,14
OVRP,974,ok,11.7958799559,11
OVRP,975,ok,10.7131935716,13
OVRP,976,ok,9.8145267771,13
OVRP,977,ok,10.9319090295,13
OVRP,978,ok,10.4108225434,13
OVRP,979,ok,11.1135879603,14
OVRP,980,ok,9.7452763367,12
OVRP,981,ok,10.5060394143,14
OVRP,982,ok,10.5747215268,15
OVRP,983,ok,10.6430211239,12
OVRP,984,ok,11.9843308556,12
OVRP,985,ok,11.3874020656,13
OVRP,986,ok,10.0101974769,12
OVRP,987,ok,12.0352323949,12
OVRP,988,ok,11.5516407953,11
OVRP,989,ok,11.4669739682,13
OVRP,990,ok,12.3205729376,15
OVRP,991,ok,10.0404806045,12
OVRP,992,ok,11.6552353964,14
OVRP,993,ok,11.3390488739,13
OVRP,994,ok,11.6659911111,13
OVRP,995,ok,11.9698721441,11
OVRP,996,ok,11.2145509213,12
OVRP,997,ok,10.7080242839,13
OVRP,998,ok,11.1698088951,13
OVRP,999,ok,10.4957641350,13
VRPB,0,ok,12.5809653615,8
VRPB,1,ok,11.3643716608,7
VRPB,2,ok,13.5462416968,7
VRPB,3,ok,11.3877921133,7
VRPB,4,ok,10.3459471721,6
VRPB,5,ok,14.2029996473,7
VRPB,6,ok,10.8622988661,6
VRPB,7,ok,13.1515130312,6
VRPB,8,ok,15.2863449000,7
VRPB,9,ok,12.5588067895,6
VRPB,10,ok,12.0882930409,7
VRPB,11,ok,14.6001536875,8
VRPB,12,ok,11.0581051516,7
VRPB,13,ok,14.2268715681,6
VRPB,14,ok,14.6739119773,6
VRPB,15,ok,11.0708335391,7
VRPB,16,ok,13.0458903734,7
VRPB,17,ok,13.9536431198,7
VRPB,18,ok,13.5706698985,8
VRPB,19,ok,10.9195100087,7
VRPB,20,ok,10.6884582353,6
VRPB,21,ok,12.7190713936,7
VRPB,22,ok,11.4433007684,6
VRPB,23,ok,12.6958971656,7
VRPB,24,ok,12.9964006465,6
VRPB,25,ok,12.4455321155,6
VRPB,26,ok,11.0884928526,7
VRPB,27,ok,13.3415602649,7
VRPB,28,ok,11.6869074970,8
VRPB,29,ok,11.7955693861,6
VRPB,30,ok,11.7076856163,7
VRPB,31,ok,12.5997693065,6
VRPB,32,ok,12.2204814413,6
VRPB,33,ok,13.7564521782,7
VRPB,34,ok,12.5412743816,7
VRPB,35,ok,13.6249239734,7
VRPB,36,ok,15.0694063760,7
VRPB,37,ok,11.7780067201,7
VRPB,38,ok,13.3146099273,8
VRPB,39,ok,12.7223325488,8
VRPB,40,ok,12.8903306300,7
VRPB,41,ok,11.5033513685,6
VRPB,42,ok,12.2804503337,6
VRPB,43,ok,16.4036146665,7
VRPB,44,ok,11.1474270698,7
VRPB,45,ok,11.9123290299,6
VRPB,46,ok,14.2539651805,6
VRPB,47,ok,14.7677570651,8
VRPB,48,ok,11.8910142966,8
VRPB,49,ok,13.9916917757,7
VRPB,50,ok,11.9803708637,7
VRPB,51,ok,11.0339774560,7
VRPB,52,ok,11.2136189575,7
VRPB,53,ok,12.7945467580,7
VRPB,54,ok,11.5921119106,6
VRPB,55,ok,12.9924823406,7
VRPB,56,ok,12.4953070411,6
VRPB,57,ok,11.0550688299,7
VRPB,58,ok,12.3369062753,8
VRPB,59,ok,13.0859160318,7
VRPB,60,ok,11.7688657909,7
VRPB,61,ok,13.8099572874,7
VRPB,62,ok,13.6064930649,6
VRPB,63,ok,13.8945101239,7
VRPB,64,ok,12.9270611925,7
VRPB,65,ok,13.4312512568,8
VRPB,66,ok,12.8088228817,7
VRPB,67,ok,13.0073684353,7
VRPB,68,ok,15.8264838990,7
VRPB,69,ok,12.2495026436,6
VRPB,70,ok,11.6934113438,7
VRPB,71,ok,13.3032494634,7
VRPB,72,ok,11.5219319714,6
VRPB,73,ok,11.7575594521,7
VRPB,74,ok,11.3368429631,6
VRPB,75,ok,14.2809030957,7
VRPB,76,ok,15.4620718152,7
VRPB,77,ok,12.3683056493,6
VRPB,78,ok,14.6606424891,7
VRPB,79,ok,14.1427532852,6
VRPB,80,ok,13.0794131934,6
VRPB,81,ok,11.1010329430,6
VRPB,82,ok,13.6335990354,6
VRPB,83,ok,11.8849332497,7
VRPB,84,ok,13.1770939881,6
VRPB,85,ok,14.4139260210,7
VRPB,86,ok,13.9160776030,6
VRPB,87,ok,12.7738923770,8
VRPB,88,ok,10.5672503664,6
VRPB,89,ok,11.1015901204,7
VRPB,90,ok,13.3666649550,7
VRPB,91,ok,10.6240142077,7
VRPB,92,ok,13.1838769192,7
VRPB,93,ok,11.5078575462,6
VRPB,94,ok,11.4699262265,7
VRPB,95,ok,11.5447986605,8
VRPB,96,ok,15.7143195949,7
VRPB,97,ok,11.1445190507,7
VRPB,98,ok,11.7192510269,6
VRPB,99,ok,12.2325493561,7
VRPB,100,ok,13.0834317545,7
VRPB,101,ok,12.0969153481,8
VRPB,102,ok,11.3212299070,7
VRPB,103,ok,13.7000620788,7
VRPB,104,ok,10.9271739076,6
VRPB,105,ok,12.6910178658,8
VRPB,106,ok,12.1144933463,6
VRPB,107,ok,13.1757362608,7
VRPB,108,ok,13.6038790496,7
VRPB,109,ok,14.8948874854,7
VRPB,110,ok,13.3608219998,7
VRPB,111,ok,11.6436133844,8
VRPB,112,ok,14.5219103237,7
VRPB,113,ok,10.8055783303,6
VRPB,114,ok,11.3283386101,8
VRPB,115,ok,11.9416653021,7
VRPB,116,ok,11.2226038821,7
VRPB,117,ok,12.6718078539,7
VRPB,118,ok,15.8255364229,7
VRPB,119,ok,11.6691502209,7
VRPB,120,ok,11.5487536237,6
VRPB,121,ok,12.9319357726,7
VRPB,122,ok,14.1614960188,9
VRPB,123,ok,10.4133515772,7
VRPB,124,ok,12.5540239131,6
VRPB,125,ok,15.3616932667,7
VRPB,126,ok,15.3977742672,7
VRPB,127,ok,12.7189393977,6
VRPB,128,ok,12.3055640970,7
VRPB,129,ok,14.4834487997,7
VRPB,130,ok,12.5747637441,6
VRPB,131,ok,12.4647485801,6
VRPB,132,ok,15.7931712696,7
VRPB,133,ok,12.7992575234,8
VRPB,134,ok,11.9988425209,6
VRPB,135,ok,11.7648007740,8
VRPB,136,ok,13.3888412560,7
VRPB,137,ok,11.3487589234,6
VRPB,138,ok,11.7521127044,7
VRPB,139,ok,13.8017203739,7
VRPB,140,ok,10.8607108159,7
VRPB,141,ok,11.9435101254,8
VRPB,142,ok,13.4859803053,7
VRPB,143,ok,12.7107145539,7
VRPB,144,ok,13.0443515025,6
VRPB,145,ok,16.5918075027,8
VRPB,146,ok,14.2283824644,7
VRPB,147,ok,12.2989932499,6
VRPB,148,ok,11.9690212647,7
VRPB,149,ok,14.1125885525,8
VRPB,150,ok,11.2793544704,7
VRPB,151,ok,14.5042808857,7
VRPB,152,ok,13.4679397764,7
VRPB,153,ok,13.3834292215,8
VRPB,154,ok,13.5018289674,7
VRPB,155,ok,12.9827927516,6
VRPB,156,ok,11.8393134084,7
VRPB,157,ok,11.7769055250,7
VRPB,158,ok,11.5107855639,7
VRPB,159,ok,13.4156120243,7
VRPB,160,ok,12.7419091173,7
VRPB,161,ok,10.9053819895,6
VRPB,162,ok,13.8463216165,8
VRPB,163,ok,11.7813047441,6
VRPB,164,ok,11.8726711059,7
VRPB,165,ok,14.8524604076,7
VRPB,166,ok,13.0941529377,6
VRPB,167,ok,11.6876246538,7
VRPB,168,ok,11.3081864747,7
VRPB,169,ok,16.4102074748,7
VRPB,170,ok,12.2996717585,6
VRPB,171,ok,14.2657889286,6
VRPB,172,ok,12.3084911664,7
VRPB,173,ok,13.9756962600,7
VRPB,174,ok,11.3738420501,6
VRPB,175,ok,11.0487064824,6
VRPB,176,ok,13.5533579127,7
VRPB,177,ok,12.3654894787,7
VRPB,178,ok,12.6966341900,7
VRPB,179,ok,12.5702056802,7
VRPB,180,ok,11.3359628142,7
VRPB,181,ok,13.9146136207,6
VRPB,182,ok,11.2786112623,7
VRPB,183,ok,13.9600251502,6
VRPB,184,ok,16.1126613016,8
VRPB,185,ok,11.2358956244,6
VRPB,186,ok,12.7815582875,6
VRPB,187,ok,11.8450479180,7
VRPB,188,ok,12.2920183411,7
VRPB,189,ok,13.3728761256,7
VRPB,190,ok,13.0882146220,7
VRPB,191,ok,11.4932874576,7
VRPB,192,ok,13.7619649638,7
VRPB,193,ok,14.6356551775,6
VRPB,194,ok,12.4306920066,7
VRPB,195,ok,16.7235160418,7
VRPB,196,ok,14.9623548548,7
VRPB,197,ok,12.1793645352,7
VRPB,198,ok,11.9044452403,8
VRPB,199,ok,12.7401765355,6
VRPB,200,ok,13.6941789536,7
VRPB,201,ok,12.1692833919,8
VRPB,202,ok,13.2274975755,7
VRPB,203,ok,13.6627099378,7
VRPB,204,ok,14.0227397279,8
VRPB,205,ok,12.6436333147,7
VRPB,206,ok,13.1011685809,7
VRPB,207,ok,13.6285593763,7
VRPB,208,ok,14.2561005670,7
VRPB,209,ok,13.4234980221,7
VRPB,210,ok,13.2702802621,8
VRPB,211,ok,11.7350793544,6
VRPB,212,ok,14.4138840229,7
VRPB,213,ok,17.3027104324,9
VRPB,214,ok,13.7422739765,6
VRPB,215,ok,11.6226517295,7
VRPB,216,ok,12.3018627542,8
VRPB,217,ok,15.2057395690,7
VRPB,218,ok,14.2448939975,6
VRPB,219,ok,14.1189315728,7
VRPB,220,ok,14.0307801190,6
VRPB,221,ok,14.8379435883,7
VRPB,222,ok,10.2606777680,6
VRPB,223,ok,15.2027566691,7
VRPB,224,ok,11.7605776927,7
VRPB,225,ok,11.2774148911,7
VRPB,226,ok,13.8240351715,7
VRPB,227,ok,13.5255753003,7
VRPB,228,ok,14.6564298062,8
VRPB,229,ok,12.3338663941,8
VRPB,230,ok,13.6920658558,6
VRPB,231,ok,14.2824756015,8
VRPB,232,ok,12.1581450987,7
VRPB,233,ok,13.6354057676,6
VRPB,234,ok,14.6646111446,7
VRPB,235,ok,14.2678702427,7
VRPB,236,ok,13.9283619393,7
VRPB,237,ok,14.2778769046,8
VRPB,238,ok,10.2899717934,6
VRPB,239,ok,14.6848569974,7
VRPB,240,ok,11.5837885286,7
VRPB,241,ok,11.3831034849,7
VRPB,242,ok,11.0592578245,6
VRPB,243,ok,11.8525352097,8
VRPB,244,ok,12.5697930740,8
VRPB,245,ok,13.2501511133,6
VRPB,246,ok,13.2469639945,7
VRPB,247,ok,14.5783175450,7
VRPB,248,ok,13.3309725504,7
VRPB,249,ok,15.1980528019,6
VRPB,250,ok,12.7102529146,7
VRPB,251,ok,12.2300306329,7
VRPB,252,ok,11.3646677001,6
VRPB,253,ok,10.6686175392,6
VRPB,254,ok,13.3683694690,7
VRPB,255,ok,12.4130257282,6
VRPB,256,ok,10.5169063913,7
VRPB,257,ok,12.7099096120,7
VRPB,258,ok,12.7573706878,6
VRPB,259,ok,12.1334643933,7
VRPB,260,ok,13.7357512060,7
VRPB,261,ok,13.5236906062,7
VRPB,262,ok,13.0211057549,6
VRPB,263,ok,14.2782433927,6
VRPB,264,ok,12.3640108585,7
VRPB,265,ok,14.2601045681,7
VRPB,266,ok,13.6469251167,7
VRPB,267,ok,9.9903752280,6
VRPB,268,ok,12.7143865969,8
VRPB,269,ok,14.1317350603,7
VRPB,270,ok,15.3020126737,7
VRPB,271,ok,11.5016322410,7
VRPB,272,ok,12.3530123511,7
VRPB,273,ok,13.5912813858,6
VRPB,274,ok,12.1993959161,6
VRPB,275,ok,13.3449294334,7
VRPB,276,ok,12.0016228482,7
VRPB,277,ok,14.3516777803,7
VRPB,278,ok,14.5132193162,8
VRPB,279,ok,13.9755796245,8
VRPB,280,ok,13.8479840921,8
VRPB,281,ok,11.2608902939,7
VRPB,282,ok,15.6919055462,8
VRPB,283,ok,12.8847033058,8
VRPB,284,ok,10.8289440653,7
VRPB,285,ok,15.9496940054,8
VRPB,286,ok,14.5645108839,8
VRPB,287,ok,13.4344785775,6
VRPB,288,ok,11.3345245919,7
VRPB,289,ok,11.8803252610,7
VRPB,290,ok,12.3154190700,7
VRPB,291,ok,12.6228277746,8
VRPB,292,ok,11.9407035514,8
VRPB,293,ok,11.0794298374,7
VRPB,294,ok,12.7702593344,8
VRPB,295,ok,13.6587646939,7
VRPB,296,ok,10.9490381080,5
VRPB,297,ok,13.2839711374,6
VRPB,298,ok,13.4514801824,6
VRPB,299,ok,13.0205260474,6
VRPB,300,ok,13.7860299605,7
VRPB,301,ok,13.3987596664,7
VRPB,302,ok,10.2464336436,6
VRPB,303,ok,11.0767862586,7
VRPB,304,ok,14.9502752036,7
VRPB,305,ok,11.3285994335,7
VRPB,306,ok,14.4100755016,6
VRPB,307,ok,13.2539518973,7
VRPB,308,ok,12.6249202698,7
VRPB,309,ok,15.6332719352,7
VRPB,310,ok,12.2178253375,7
VRPB,311,ok,12.3560425205,6
VRPB,312,ok,13.4690451822,7
VRPB,313,ok,12.4615646305,7
VRPB,314,ok,13.6652176798,7
VRPB,315,ok,15.3889310218,7
VRPB,316,ok,11.8152955651,9
VRPB,317,ok,11.2961234866,7
VRPB,318,ok,11.8108641105,7
VRPB,319,ok,13.1974224328,7
VRPB,320,ok,10.9802171601,7
VRPB,321,ok,14.4730549947,7
VRPB,322,ok,11.2176328468,6
VRPB,323,ok,12.5919994458,7
VRPB,324,ok,11.4298762009,6
VRPB,325,ok,11.7534002222,7
VRPB,326,ok,13.0776734327,7
VRPB,327,ok,13.4877438982,6
VRPB,328,ok,12.5196802036,6
VRPB,329,ok,13.6618166193,7
VRPB,330,ok,11.1113817934,6
VRPB,331,ok,12.8269878569,7
VRPB,332,ok,12.5316590178,6
VRPB,333,ok,11.3707731526,7
VRPB,334,ok,13.8793876270,8
VRPB,335,ok,14.7104168568,8
VRPB,336,ok,12.1651553115,7
VRPB,337,ok,15.2718063302,7
VRPB,338,ok,12.3869343202,7
VRPB,339,ok,13.6279295644,7
VRPB,340,ok,11.7750204243,7
VRPB,341,ok,12.1298398897,6
VRPB,342,ok,13.6548871946,6
VRPB,343,ok,11.1082952122,6
VRPB,344,ok,11.7474327566,7
VRPB,345,ok,11.1370537764,6
VRPB,346,ok,12.1365632477,7
VRPB,347,ok,13.8541861050,7
VRPB,348,ok,11.2509601768,7
VRPB,349,ok,13.3478467914,6
VRPB,350,ok,14.7009859898,6
VRPB,351,ok,11.2442670240,7
VRPB,352,ok,11.3200690151,7
VRPB,353,ok,12.0346861931,7
VRPB,354,ok,13.0973828922,7
VRPB,355,ok,12.1130549369,6
VRPB,356,ok,11.9102381507,6
VRPB,357,ok,12.6603553156,7
VRPB,358,ok,13.5024360580,6
VRPB,359,ok,14.2538878613,7
VRPB,360,ok,12.5788129293,7
VRPB,361,ok,13.1055848461,6
VRPB,362,ok,11.0125100485,7
VRPB,363,ok,10.3819967777,7
VRPB,364,ok,13.8643579524,6
VRPB,365,ok,12.4874590652,6
VRPB,366,ok,13.2774647627,7
VRPB,367,ok,12.5213273515,8
VRPB,368,ok,13.0087607116,7
VRPB,369,ok,14.9006779562,8
VRPB,370,ok,12.5756416800,7
VRPB,371,ok,12.4215484126,6
VRPB,372,ok,12.2452913061,6
VRPB,373,ok,10.6370163588,6
VRPB,374,ok,14.1173682244,7
VRPB,375,ok,11.9834355879,7
VRPB,376,ok,11.0462304975,7
VRPB,377,ok,13.1404907665,7
VRPB,378,ok,11.8322081147,7
VRPB,379,ok,10.3942979780,5
VRPB,380,ok,10.4834802889,7
VRPB,381,ok,13.2425291265,8
VRPB,382,ok,12.3223571820,6
VRPB,383,ok,12.5027323161,6
VRPB,384,ok,11.1481258784,6
VRPB,385,ok,11.9575205926,7
VRPB,386,ok,14.5785969811,8
VRPB,387,ok,10.5316815613,7
VRPB,388,ok,12.4706888670,9
VRPB,389,ok,11.6261993513,6
VRPB,390,ok,12.9170359060,7
VRPB,391,ok,12.8318384622,6
VRPB,392,ok,12.8136306332,7
VRPB,393,ok,12.3815354964,7
VRPB,394,ok,13.9008976887,6
VRPB,395,ok,11.7790232457,7
VRPB,396,ok,14.3819767621,7
VRPB,397,ok,11.3402002111,7
VRPB,398,ok,13.4704592721,7
VRPB,399,ok,13.0664517515,7
VRPB,400,ok,12.7507372774,8
VRPB,401,ok,10.8096016761,6
VRPB,402,ok,14.5238351892,7
VRPB,403,ok,12.4594095873,6
VRPB,404,ok,11.9721628413,6
VRPB,405,ok,12.7948904249,7
VRPB,406,ok,13.3479707065,7
VRPB,407,ok,11.9922683399,6
VRPB,408,ok,12.3447463554,7
VRPB,409,ok,13.8044685129,8
VRPB,410,ok,12.5239496170,8
VRPB,411,ok,10.7872178412,7
VRPB,412,ok,15.0264740727,8
VRPB,413,ok,11.5759345856,8
VRPB,414,ok,12.0328273743,7
VRPB,415,ok,11.0299693516,7
VRPB,416,ok,12.6143598130,6
VRPB,417,ok,13.4627955722,7
VRPB,418,ok,13.0143089270,8
VRPB,419,ok,12.7834648217,7
VRPB,420,ok,13.3473084221,7
VRPB,421,ok,13.4812692654,7
VRPB,422,ok,11.6436109322,7
VRPB,423,ok,14.0582020631,7
VRPB,424,ok,13.1190723975,6
VRPB,425,ok,13.9931863496,7
VRPB,426,ok,11.8700211799,6
VRPB,427,ok,11.6890442588,7
VRPB,428,ok,12.8488397394,7
VRPB,429,ok,12.9597655203,8
VRPB,430,ok,11.6410511073,6
VRPB,431,ok,10.3657095890,6
VRPB,432,ok,11.6027137234,7
VRPB,433,ok,12.0013554785,7
VRPB,434,ok,11.4292899595,6
VRPB,435,ok,10.7459252968,7
VRPB,436,ok,11.8407412089,7
VRPB,437,ok,10.7483125021,7
VRPB,438,ok,13.4106500144,7
VRPB,439,ok,12.0544901567,6
VRPB,440,ok,13.1759075257,7
VRPB,441,ok,11.0133870248,6
VRPB,442,ok,12.2065288680,8
VRPB,443,ok,12.2234266632,7
VRPB,444,ok,11.3080326266,9
VRPB,445,ok,11.1945265921,6
VRPB,446,ok,14.7078749532,7
VRPB,447,ok,14.7180685288,7
VRPB,448,ok,12.3119444371,7
VRPB,449,ok,11.8198857527,7
VRPB,450,ok,11.9593159958,7
VRPB,451,ok,11.3607241787,7
VRPB,452,ok,12.9420783304,7
VRPB,453,ok,12.0821890800,7
VRPB,454,ok,11.2769059373,7
VRPB,455,ok,13.8197320070,7
VRPB,456,ok,11.8221492065,6
VRPB,457,ok,11.4217362175,7
VRPB,458,ok,13.0946545893,7
VRPB,459,ok,11.5818525809,6
VRPB,460,ok,13.0154240813,7
VRPB,461,ok,11.9106570722,8
VRPB,462,ok,13.5042890299,6
VRPB,463,ok,13.2750472604,8
VRPB,464,ok,12.3353870217,7
VRPB,465,ok,12.2143313983,7
VRPB,466,ok,12.2598966692,8
VRPB,467,ok,12.7065743393,6
VRPB,468,ok,12.1869599256,7
VRPB,469,ok,14.0294103530,7
VRPB,470,ok,10.5344459768,7
VRPB,471,ok,12.6799886146,6
VRPB,472,ok,13.4735857667,6
VRPB,473,ok,13.6401508675,8
VRPB,474,ok,11.2339078016,7
VRPB,475,ok,11.5576836546,7
VRPB,476,ok,10.7774581495,6
VRPB,477,ok,10.3456233697,6
VRPB,478,ok,12.5857145998,8
VRPB,479,ok,12.6077788409,7
VRPB,480,ok,11.3026822503,6
VRPB,481,ok,11.4180685579,7
VRPB,482,ok,13.5826889901,7
VRPB,483,ok,12.1382498803,9
VRPB,484,ok,12.1974905213,6
VRPB,485,ok,12.7291372327,6
VRPB,486,ok,11.5856054247,6
VRPB,487,ok,11.6740159971,6
VRPB,488,ok,15.3028238293,7
VRPB,489,ok,13.6618719082,7
VRPB,490,ok,13.6938209471,6
VRPB,491,ok,12.5292816751,8
VRPB,492,ok,11.5310800816,7
VRPB,493,ok,13.7465908100,7
VRPB,494,ok,14.4268125742,8
VRPB,495,ok,12.7194416252,7
VRPB,496,ok,12.1879064289,7
VRPB,497,ok,13.5796419552,7
VRPB,498,ok,14.2948667985,7
VRPB,499,ok,15.2349145003,7
VRPB,500,ok,10.9317135293,6
VRPB,501,ok,12.2112232202,6
VRPB,502,ok,10.8463504001,7
VRPB,503,ok,10.7544899797,5
VRPB,504,ok,12.1623501200,6
VRPB,505,ok,12.8256642418,8
VRPB,506,ok,13.7340052489,7
VRPB,507,ok,11.8233929652,6
VRPB,508,ok,11.6555200468,6
VRPB,509,ok,12.4301970854,7
VRPB,510,ok,14.2893118873,8
VRPB,511,ok,14.2942249954,7
VRPB,512,ok,14.2341647716,8
VRPB,513,ok,13.9070196854,8
VRPB,514,ok,14.3258937982,7
VRPB,515,ok,12.8214958870,7
VRPB,516,ok,12.3043692260,6
VRPB,517,ok,12.6261897471,7
VRPB,518,ok,14.2153172440,7
VRPB,519,ok,11.6530290246,7
VRPB,520,ok,13.5559158571,7
VRPB,521,ok,11.4917530204,7
VRPB,522,ok,10.2124709866,6
VRPB,523,ok,13.0068334757,6
VRPB,524,ok,12.0117417878,7
VRPB,525,ok,11.4184836858,8
VRPB,526,ok,12.4208067921,8
VRPB,527,ok,11.2297378967,7
VRPB,528,ok,11.3019256222,7
VRPB,529,ok,11.4727626437,6
VRPB,530,ok,15.0876259851,8
VRPB,531,ok,12.3667556243,7
VRPB,532,ok,11.6653267035,7
VRPB,533,ok,15.1079620658,7
VRPB,534,ok,10.4317938323,7
VRPB,535,ok,10.8638781441,6
VRPB,536,ok,10.8615087115,7
VRPB,537,ok,13.0028696634,8
VRPB,538,ok,12.5641210330,6
VRPB,539,ok,13.4289118109,7
VRPB,540,ok,14.9907981878,7
VRPB,541,ok,13.0554989650,6
VRPB,542,ok,11.2995339037,6
VRPB,543,ok,11.9311758483,6
VRPB,544,ok,11.1934253638,7
VRPB,545,ok,10.3035600328,6
VRPB,546,ok,13.3707022302,6
VRPB,547,ok,11.2786732146,7
VRPB,548,ok,12.7859910457,7
VRPB,549,ok,10.6653311714,6
VRPB,550,ok,13.1799788817,7
VRPB,551,ok,11.4740452637,6
VRPB,552,ok,12.0207535525,7
VRPB,553,ok,13.5751108359,7
VRPB,554,ok,14.0984270746,6
VRPB,555,ok,11.5017065002,7
VRPB,556,ok,11.5812466629,6
VRPB,557,ok,14.0076743796,7
VRPB,558,ok,14.2524788821,7
VRPB,559,ok,12.2814032555,7
VRPB,560,ok,12.8961672407,6
VRPB,561,ok,12.9015907792,6
VRPB,562,ok,13.9898960281,6
VRPB,563,ok,12.3370470606,7
VRPB,564,ok,11.8912789121,7
VRPB,565,ok,14.4813208877,7
VRPB,566,ok,10.6864506377,7
VRPB,567,ok,11.5725891594,6
VRPB,568,ok,12.7085891585,6
VRPB,569,ok,12.5726490176,7
VRPB,570,ok,12.5214553848,7
VRPB,571,ok,11.3888100363,6
VRPB,572,ok,11.4097974816,6
VRPB,573,ok,11.2818116774,7
VRPB,574,ok,14.6795504109,7
VRPB,575,ok,12.1777354511,8
VRPB,576,ok,14.7565549545,7
VRPB,577,ok,12.3899625063,7
VRPB,578,ok,11.2953607760,8
VRPB,579,ok,11.8562335931,7
VRPB,580,ok,13.9451301076,8
VRPB,581,ok,11.6167355820,7
VRPB,582,ok,13.3164175826,8
VRPB,583,ok,12.0040340283,6
VRPB,584,ok,13.8949529965,6
VRPB,585,ok,12.0284859818,8
VRPB,586,ok,10.9808384307,7
VRPB,587,ok,12.6799409060,7
VRPB,588,ok,14.2475885738,7
VRPB,589,ok,12.5176838930,7
VRPB,590,ok,12.5911376867,7
VRPB,591,ok,13.4731174836,6
VRPB,592,ok,12.1579817525,7
VRPB,593,ok,13.2083975071,7
VRPB,594,ok,12.8715716553,8
VRPB,595,ok,12.2529542425,8
VRPB,596,ok,12.7945304637,7
VRPB,597,ok,11.1205696489,6
VRPB,598,ok,13.9139415425,7
VRPB,599,ok,11.8370568796,7
VRPB,600,ok,13.0945528170,7
VRPB,601,ok,12.8919134083,7
VRPB,602,ok,12.7187546460,8
VRPB,603,ok,11.8993223663,9
VRPB,604,ok,13.4062256537,8
VRPB,605,ok,10.5172633608,7
VRPB,606,ok,12.3948553447,10
VRPB,607,ok,12.3437284032,7
VRPB,608,ok,13.9615879576,7
VRPB,609,ok,12.3427392370,7
VRPB,610,ok,11.0295315074,6
VRPB,611,ok,15.1526052382,7
VRPB,612,ok,10.3672179364,7
VRPB,613,ok,13.6154205837,6
VRPB,614,ok,12.6195509232,6
VRPB,615,ok,15.9923815921,7
VRPB,616,ok,12.6766292705,7
VRPB,617,ok,13.6382939233,8
VRPB,618,ok,12.2156377837,7
VRPB,619,ok,11.8855697815,7
VRPB,620,ok,12.1114157399,6
VRPB,621,ok,10.6947510016,6
VRPB,622,ok,13.3899763945,8
VRPB,623,ok,12.9808425325,7
VRPB,624,ok,12.7353033889,7
VRPB,625,ok,10.1695802983,6
VRPB,626,ok,12.7275423990,7
VRPB,627,ok,11.9243346012,7
VRPB,628,ok,13.5535330856,7
VRPB,629,ok,13.6819845196,8
VRPB,630,ok,12.2141463894,7
VRPB,631,ok,11.0978493962,6
VRPB,632,ok,10.4243860164,6
VRPB,633,ok,10.8423026141,6
VRPB,634,ok,11.4660054295,7
VRPB,635,ok,13.7999964798,7
VRPB,636,ok,11.7722033451,6
VRPB,637,ok,11.8534132091,8
VRPB,638,ok,11.7899622659,7
VRPB,639,ok,10.9095668979,6
VRPB,640,ok,11.5974422152,7
VRPB,641,ok,14.0811036726,8
VRPB,642,ok,12.5285990246,6
VRPB,643,ok,10.5946629657,6
VRPB,644,ok,13.1097624552,6
VRPB,645,ok,10.9256247967,7
VRPB,646,ok,11.1559585307,6
VRPB,647,ok,10.3895261389,7
VRPB,648,ok,10.9721054575,6
VRPB,649,ok,11.9409065646,7
VRPB,650,ok,11.0520374790,6
VRPB,651,ok,12.2658850348,7
VRPB,652,ok,14.2881365314,6
VRPB,653,ok,12.9454671243,6
VRPB,654,ok,14.2300383849,7
VRPB,655,ok,11.2271202503,7
VRPB,656,ok,15.9005997135,8
VRPB,657,ok,12.1155782580,7
VRPB,658,ok,12.6730928173,7
VRPB,659,ok,11.7801542541,6
VRPB,660,ok,11.1685489181,7
VRPB,661,ok,13.0379314713,7
VRPB,662,ok,11.7347007226,6
VRPB,663,ok,11.9940419192,5
VRPB,664,ok,11.1048625931,7
VRPB,665,ok,12.0049633497,7
VRPB,666,ok,13.5087874876,7
VRPB,667,ok,12.1104083358,7
VRPB,668,ok,12.1693716789,6
VRPB,669,ok,12.2732034496,7
VRPB,670,ok,12.7514536779,6
VRPB,671,ok,11.5233768470,7
VRPB,672,ok,11.4566691891,7
VRPB,673,ok,14.0208741655,7
VRPB,674,ok,12.0435461530,6
VRPB,675,ok,11.0957424511,6
VRPB,676,ok,11.4547290300,7
VRPB,677,ok,11.1275028699,6
VRPB,678,ok,12.1357535926,7
VRPB,679,ok,13.4813574120,6
VRPB,680,ok,12.7321630296,7
VRPB,681,ok,14.0509373009,7
VRPB,682,ok,11.7172987254,6
VRPB,683,ok,13.2507160536,7
VRPB,684,ok,13.3078114891,8
VRPB,685,ok,10.9721612450,7
VRPB,686,ok,15.0719449241,7
VRPB,687,ok,14.1192992746,7
VRPB,688,ok,11.4316215143,7
VRPB,689,ok,13.7525109698,6
VRPB,690,ok,11.4043284055,7
VRPB,691,ok,12.5688844068,7
VRPB,692,ok,13.2062155502,7
VRPB,693,ok,13.6029106212,7
VRPB,694,ok,12.5991839726,7
VRPB,695,ok,13.5259504206,7
VRPB,696,ok,13.1717933889,7
VRPB,697,ok,14.5608353894,7
VRPB,698,ok,14.3384788844,8
VRPB,699,ok,12.2376858675,7
VRPB,700,ok,13.2477360481,7
VRPB,701,ok,9.8499213470,6
VRPB,702,ok,14.1825687615,7
VRPB,703,ok,12.4348607847,7
VRPB,704,ok,11.8902259627,7
VRPB,705,ok,13.5334660351,8
VRPB,706,ok,14.4250048658,7
VRPB,707,ok,11.7311180580,7
VRPB,708,ok,12.6092776383,7
VRPB,709,ok,13.4427493171,6
VRPB,710,ok,13.5924616421,7
VRPB,711,ok,12.8090809490,7
VRPB,712,ok,10.8958911009,7
VRPB,713,ok,13.6860199461,9
VRPB,714,ok,13.7857832668,7
VRPB,715,ok,12.1023189753,7
VRPB,716,ok,12.5660907329,6
VRPB,717,ok,13.7570740574,7
VRPB,718,ok,13.1306971274,6
VRPB,719,ok,11.1396517669,7
VRPB,720,ok,12.5483230801,7
VRPB,721,ok,11.2088250453,7
VRPB,722,ok,13.6473160394,7
VRPB,723,ok,10.0453648961,6
VRPB,724,ok,14.0078127824,6
VRPB,725,ok,13.0089912674,6
VRPB,726,ok,13.8637362166,7
VRPB,727,ok,14.6687242952,7
VRPB,728,ok,10.3716520878,8
VRPB,729,ok,13.7241843625,8
VRPB,730,ok,13.2341052489,7
VRPB,731,ok,12.1674155782,7
VRPB,732,ok,11.8064844634,7
VRPB,733,ok,10.9869911840,6
VRPB,734,ok,10.9563860041,6
VRPB,735,ok,11.8976337746,6
VRPB,736,ok,11.7127571540,7
VRPB,737,ok,12.3934137399,7
VRPB,738,ok,12.2886363657,6
VRPB,739,ok,10.3954389442,7
VRPB,740,ok,12.1664146809,6
VRPB,741,ok,12.1849551034,7
VRPB,742,ok,15.0870148388,7
VRPB,743,ok,11.6678677228,7
VRPB,744,ok,14.3580322101,8
VRPB,745,ok,13.7842056337,7
VRPB,746,ok,12.4023261648,7
VRPB,747,ok,13.7962463477,8
VRPB,748,ok,11.5927962729,6
VRPB,749,ok,12.8438450782,7
VRPB,750,ok,12.9619702115,6
VRPB,751,ok,11.3999015094,7
VRPB,752,ok,10.8721079798,8
VRPB,753,ok,15.0495569898,7
VRPB,754,ok,12.5256796656,6
VRPB,755,ok,15.3061834895,7
VRPB,756,ok,11.9737631999,6
VRPB,757,ok,13.0797509056,7
VRPB,758,ok,10.9583850737,7
VRPB,759,ok,13.1361916589,6
VRPB,760,ok,12.6549124288,7
VRPB,761,ok,11.4593359808,6
VRPB,762,ok,11.7019561735,7
VRPB,763,ok,10.8310088746,6
VRPB,764,ok,13.7313835441,7
VRPB,765,ok,13.1049969687,7
VRPB,766,ok,11.8896442039,7
VRPB,767,ok,11.9278240884,7
VRPB,768,ok,14.6917799197,7
VRPB,769,ok,12.0702877639,7
VRPB,770,ok,11.2709942914,7
VRPB,771,ok,13.3007966750,7
VRPB,772,ok,14.4611415179,7
VRPB,773,ok,14.5320000747,7
VRPB,774,ok,13.8592393342,6
VRPB,775,ok,15.1176806272,7
VRPB,776,ok,13.2799573788,7
VRPB,777,ok,12.9031180482,7
VRPB,778,ok,11.3161507377,7
VRPB,779,ok,12.3038702432,6
VRPB,780,ok,12.0786653868,6
VRPB,781,ok,14.8230203572,6
VRPB,782,ok,12.9185310927,8
VRPB,783,ok,14.0911275501,8
VRPB,784,ok,11.3052584882,6
VRPB,785,ok,13.5253840335,6
VRPB,786,ok,9.8008213181,6
VRPB,787,ok,12.1680816631,7
VRPB,788,ok,11.1373956629,7
VRPB,789,ok,10.5739451251,8
VRPB,790,ok,11.7880086128,7
VRPB,791,ok,10.0560186266,6
VRPB,792,ok,11.9347969955,6
VRPB,793,ok,11.7275305743,7
VRPB,794,ok,11.9073508113,8
VRPB,795,ok,12.5584729948,8
VRPB,796,ok,12.0436131695,7
VRPB,797,ok,10.8204781036,5
VRPB,798,ok,12.6726457219,7
VRPB,799,ok,13.5811225247,8
VRPB,800,ok,11.8793070119,6
VRPB,801,ok,11.7906130691,7
VRPB,802,ok,14.4388123999,7
VRPB,803,ok,11.5992387518,7
VRPB,804,ok,11.1720214891,7
VRPB,805,ok,11.4178653609,7
VRPB,806,ok,12.2704726714,7
VRPB,807,ok,11.7102106037,8
VRPB,808,ok,10.7768138294,7
VRPB,809,ok,11.3911705981,6
VRPB,810,ok,15.1637123365,8
VRPB,811,ok,12.1888229165,6
VRPB,812,ok,12.1562705113,6
VRPB,813,ok,12.3453374728,7
VRPB,814,ok,13.1922582974,7
VRPB,815,ok,11.8514519677,7
VRPB,816,ok,14.3415045317,7
VRPB,817,ok,13.0990485855,9
VRPB,818,ok,12.5818900820,6
VRPB,819,ok,12.4480806278,7
VRPB,820,ok,13.5219094626,7
VRPB,821,ok,13.9227522099,9
VRPB,822,ok,12.0081995920,8
VRPB,823,ok,11.7154626397,6
VRPB,824,ok,12.1480224309,5
VRPB,825,ok,12.6995839989,6
VRPB,826,ok,12.1222457904,7
VRPB,827,ok,13.7006819878,8
VRPB,828,ok,14.3472788766,7
VRPB,829,ok,11.7663965160,7
VRPB,830,ok,11.3221202450,6
VRPB,831,ok,14.1800239112,7
VRPB,832,ok,12.2719261540,7
VRPB,833,ok,13.6175143000,7
VRPB,834,ok,12.1501526264,7
VRPB,835,ok,12.1232328970,7
VRPB,836,ok,11.8827509603,8
VRPB,837,ok,13.8568166446,7
VRPB,838,ok,11.6220687341,7
VRPB,839,ok,11.0676314004,7
VRPB,840,ok,12.8902183812,7
VRPB,841,ok,15.4307863238,8
VRPB,842,ok,13.8950901874,6
VRPB,843,ok,12.2536692621,6
VRPB,844,ok,12.6022384871,8
VRPB,845,ok,13.8660199135,8
VRPB,846,ok,14.2549418478,7
VRPB,847,ok,12.2453811780,7
VRPB,848,ok,13.5831822634,7
VRPB,849,ok,11.3660787885,7
VRPB,850,ok,11.8490722596,6
VRPB,851,ok,12.7807689298,7
VRPB,852,ok,10.7547161498,6
VRPB,853,ok,12.9471917120,7
VRPB,854,ok,13.3486854508,8
VRPB,855,ok,15.0690845672,7
VRPB,856,ok,12.0272005986,7
VRPB,857,ok,14.6483322336,6
VRPB,858,ok,10.4628615040,8
VRPB,859,ok,12.1121012761,7
VRPB,860,ok,13.8218380145,7
VRPB,861,ok,12.8240332670,6
VRPB,862,ok,14.4767269616,8
VRPB,863,ok,13.1242982670,7
VRPB,864,ok,13.3329178016,8
VRPB,865,ok,12.2860088202,6
VRPB,866,ok,11.2802021277,7
VRPB,867,ok,13.2222732928,6
VRPB,868,ok,12.8530828686,7
VRPB,869,ok,11.8944871786,7
VRPB,870,ok,13.6405472261,7
VRPB,871,ok,11.7100938988,8
VRPB,872,ok,10.2546556482,7
VRPB,873,ok,10.5397925307,6
VRPB,874,ok,11.9880568730,6
VRPB,875,ok,15.5215917968,7
VRPB,876,ok,13.7736603416,7
VRPB,877,ok,12.2397397656,6
VRPB,878,ok,12.4165004025,6
VRPB,879,ok,12.7241950688,7
VRPB,880,ok,12.7993680138,6
VRPB,881,ok,10.7119259304,7
VRPB,882,ok,11.8824596609,6
VRPB,883,ok,12.8205856785,7
VRPB,884,ok,13.1763751189,7
VRPB,885,ok,11.4227011400,7
VRPB,886,ok,15.2034427129,8
VRPB,887,ok,12.5521082797,7
VRPB,888,ok,14.2944870128,7
VRPB,889,ok,12.4551341512,8
VRPB,890,ok,14.7026088983,7
VRPB,891,ok,11.4364486347,6
VRPB,892,ok,12.2052356339,6
VRPB,893,ok,12.4981879600,7
VRPB,894,ok,13.0540814559,7
VRPB,895,ok,14.3339419186,8
VRPB,896,ok,11.0505137734,7
VRPB,897,ok,12.4948716687,7
VRPB,898,ok,11.7568738254,7
VRPB,899,ok,12.3411790519,8
VRPB,900,ok,14.4136397419,6
VRPB,901,ok,14.3579979522,7
VRPB,902,ok,11.2642736495,7
VRPB,903,ok,12.8756657709,7
VRPB,904,ok,10.2555559483,6
VRPB,905,ok,12.7427903501,7
VRPB,906,ok,13.0366444765,6
VRPB,907,ok,14.2429342585,7
VRPB,908,ok,13.9458346071,7
VRPB,909,ok,12.5983133088,6
VRPB,910,ok,11.9429734652,6
VRPB,911,ok,14.4277908559,7
VRPB,912,ok,13.0138669137,6
VRPB,913,ok,13.3221553616,6
VRPB,914,ok,12.4205871864,7
VRPB,915,ok,11.4962573496,6
VRPB,916,ok,12.1837230000,7
VRPB,917,ok,13.1716160727,7
VRPB,918,ok,11.1153423935,7
VRPB,919,ok,13.9786900950,7
VRPB,920,ok,12.1976442998,7
VRPB,921,ok,12.9798546671,8
VRPB,922,ok,10.5082707272,8
VRPB,923,ok,13.5699649966,6
VRPB,924,ok,14.3573438869,7
VRPB,925,ok,11.4532398598,7
VRPB,926,ok,12.5844135395,6
VRPB,927,ok,10.9938764955,6
VRPB,928,ok,11.7699732088,6
VRPB,929,ok,12.1949009580,7
VRPB,930,ok,13.8338484608,7
VRPB,931,ok,11.0961694266,7
VRPB,932,ok,13.2820398137,6
VRPB,933,ok,14.0261247883,6
VRPB,934,ok,13.7546868935,8
VRPB,935,ok,14.3724605572,7
VRPB,936,ok,13.6344435520,7
VRPB,937,ok,13.3674913683,8
VRPB,938,ok,11.7086361349,8
VRPB,939,ok,14.8009115912,7
VRPB,940,ok,11.4914281522,6
VRPB,941,ok,11.9988706966,6
VRPB,942,ok,10.9560816303,7
VRPB,943,ok,16.6041470111,7
VRPB,944,ok,10.6967327861,7
VRPB,945,ok,12.7552197701,6
VRPB,946,ok,12.2778839894,7
VRPB,947,ok,16.2705864647,7
VRPB,948,ok,12.1630744524,7
VRPB,949,ok,10.8510289874,6
VRPB,950,ok,12.3783604426,7
VRPB,951,ok,11.9758639439,9
VRPB,952,ok,10.9091016730,7
VRPB,953,ok,10.8431284405,6
VRPB,954,ok,12.3002682362,7
VRPB,955,ok,11.2854563849,6
VRPB,956,ok,12.7132150888,8
VRPB,957,ok,10.6999827585,6
VRPB,958,ok,13.6047689039,7
VRPB,959,ok,12.6653258912,7
VRPB,960,ok,11.8456964497,6
VRPB,961,ok,12.8284580277,7
VRPB,962,ok,11.1212165545,6
VRPB,963,ok,14.2441789163,7
VRPB,964,ok,10.7441185083,6
VRPB,965,ok,12.5765768177,6
VRPB,966,ok,11.7418202249,7
VRPB,967,ok,10.9611339221,8
VRPB,968,ok,12.3856226736,7
VRPB,969,ok,10.9299975414,5
VRPB,970,ok,12.9165765030,7
VRPB,971,ok,11.6786531112,8
VRPB,972,ok,12.1817882750,6
VRPB,973,ok,14.9449839141,6
VRPB,974,ok,14.7547481777,7
VRPB,975,ok,12.8848330911,6
VRPB,976,ok,11.8141034428,7
VRPB,977,ok,12.7250050623,7
VRPB,978,ok,12.1306253242,7
VRPB,979,ok,15.3132613357,7
VRPB,980,ok,10.4722045869,6
VRPB,981,ok,12.2520142593,7
VRPB,982,ok,13.8280801125,6
VRPB,983,ok,13.9876755435,8
VRPB,984,ok,11.3160471409,8
VRPB,985,ok,13.4015754030,6
VRPB,986,ok,10.6667237836,6
VRPB,987,ok,11.6386919405,5
VRPB,988,ok,11.1747543048,6
VRPB,989,ok,14.1572909584,7
VRPB,990,ok,13.5165351463,7
VRPB,991,ok,13.1046093158,6
VRPB,992,ok,10.9333881207,6
VRPB,993,ok,11.0916930507,7
VRPB,994,ok,13.1677671033,6
VRPB,995,ok,10.5965202482,6
VRPB,996,ok,11.9124648474,7
VRPB,997,ok,15.0882305543,7
VRPB,998,ok,12.9711206880,6
VRPB,999,ok,14.9131553035,8
VRPL,0,ok,16.5991158524,12
VRPL,1,ok,15.6053262781,12
VRPL,2,ok,17.8098744400,11
VRPL,3,ok,14.0239520002,11
VRPL,4,ok,16.5928866308,10
VRPL,5,ok,19.1660995249,11
VRPL,6,ok,16.2211203886,11
VRPL,7,ok,13.7430676646,11
VRPL,8,ok,13.8503560474,11
VRPL,9,ok,16.1534883272,11
VRPL,10,ok,15.0099573506,11
VRPL,11,ok,14.0999759639,10
VRPL,12,ok,21.4166959898,11
VRPL,13,ok,17.3325317017,10
VRPL,14,ok,15.1409791324,12
VRPL,15,ok,17.8680885799,10
VRPL,16,ok,21.4497569209,11
VRPL,17,ok,19.1982640769,11
VRPL,18,ok,17.5015907505,11
VRPL,19,ok,13.9758164970,11
VRPL,20,ok,17.9475486395,10
VRPL,21,ok,18.4081125411,11
VRPL,22,ok,15.8379463035,12
VRPL,23,ok,16.1050450983,11
VRPL,24,ok,15.0413189721,11
VRPL,25,ok,17.7220024746,12
VRPL,26,ok,15.7137687219,10
VRPL,27,ok,18.1475994533,11
VRPL,28,ok,17.1834467932,12
VRPL,29,ok,15.9202576840,11
VRPL,30,ok,16.6373331764,11
VRPL,31,ok,16.2039811666,10
VRPL,32,ok,15.4308964691,12
VRPL,33,ok,16.8529669141,11
VRPL,34,ok,21.8646317335,11
VRPL,35,ok,18.0951382072,11
VRPL,36,ok,15.4653647954,11
VRPL,37,ok,15.4235727429,12
VRPL,38,ok,14.3655046275,12
VRPL,39,ok,18.9428447933,11
VRPL,40,ok,17.4794885317,10
VRPL,41,ok,15.4741740058,11
VRPL,42,ok,15.4708305444,11
VRPL,43,ok,14.5567532793,11
VRPL,44,ok,14.9347937248,11
VRPL,45,ok,18.9568513771,12
VRPL,46,ok,18.4394774413,12
VRPL,47,ok,16.2994296086,11
VRPL,48,ok,17.7776575408,11
VRPL,49,ok,18.4381968919,11
VRPL,50,ok,14.1999292541,10
VRPL,51,ok,16.8780865823,11
VRPL,52,ok,19.0879545955,13
VRPL,53,ok,16.5137236428,12
VRPL,54,ok,15.0352260192,11
VRPL,55,ok,19.7262816845,11
VRPL,56,ok,13.8282161509,11
VRPL,57,ok,18.2049999800,10
VRPL,58,ok,17.8628767971,10
VRPL,59,ok,15.2230808643,11
VRPL,60,ok,16.2869854928,11
VRPL,61,ok,17.1186084314,10
VRPL,62,ok,15.9584366642,11
VRPL,63,ok,15.1625017885,12
VRPL,64,ok,15.2409105953,9
VRPL,65,ok,17.2658894534,11
VRPL,66,ok,19.4712487965,12
VRPL,67,ok,18.7522655522,10
VRPL,68,ok,15.4414883779,11
VRPL,69,ok,20.1807307035,11
VRPL,70,ok,19.0442698704,11
VRPL,71,ok,14.1274823147,11
VRPL,72,ok,17.2146579099,11
VRPL,73,ok,15.6726059824,12
VRPL,74,ok,16.7559988837,11
VRPL,75,ok,15.0640025418,11
VRPL,76,ok,16.1644241096,12
VRPL,77,ok,14.7366242727,11
VRPL,78,ok,18.6948488510,10
VRPL,79,ok,18.5728494971,10
VRPL,80,ok,14.1705804945,11
VRPL,81,ok,17.8909683074,13
VRPL,82,ok,17.6552499136,11
VRPL,83,ok,15.9284287246,11
VRPL,84,ok,17.4720148245,11
VRPL,85,ok,19.7682895773,10
VRPL,86,ok,14.7786908593,11
VRPL,87,ok,16.2316968687,11
VRPL,88,ok,15.1426511129,10
VRPL,89,ok,13.9528135178,12
VRPL,90,ok,14.7171865316,11
VRPL,91,ok,19.1793061178,11
VRPL,92,ok,15.1551685699,11
VRPL,93,ok,17.7863280949,10
VRPL,94,ok,19.1980220405,11
VRPL,95,ok,14.1564984796,10
VRPL,96,ok,17.5427182485,12
VRPL,97,ok,17.9329957506,11
VRPL,98,ok,18.7247164088,12
VRPL,99,ok,21.7290386020,11
VRPL,100,ok,16.8105958535,11
VRPL,101,ok,15.2214066735,9
VRPL,102,ok,16.5945085373,11
VRPL,103,ok,15.6876207263,11
VRPL,104,ok,16.2356647861,13
VRPL,105,ok,19.5115330626,11
VRPL,106,ok,13.3811763095,11
VRPL,107,ok,14.7638746544,11
VRPL,108,ok,19.3826746890,11
VRPL,109,ok,17.3900647733,12
VRPL,110,ok,18.7380818232,12
VRPL,111,ok,15.2959266484,12
VRPL,112,ok,16.2802977030,11
VRPL,113,ok,15.3026504876,10
VRPL,114,ok,16.8064285216,11
VRPL,115,ok,15.8266422756,11
VRPL,116,ok,21.6587551926,12
VRPL,117,ok,15.5381187440,11
VRPL,118,ok,19.8586075964,11
VRPL,119,ok,16.7781122164,11
VRPL,120,ok,14.6104320702,11
VRPL,121,ok,15.0374018650,12
VRPL,122,ok,14.4941322960,11
VRPL,123,ok,16.9637108775,10
VRPL,124,ok,17.8717343222,12
VRPL,125,ok,14.6386124913,11
VRPL,126,ok,18.3213956970,10
VRPL,127,ok,16.2383858916,12
VRPL,128,ok,17.3689666573,11
VRPL,129,ok,14.7416107036,12
VRPL,130,ok,16.2036668074,11
VRPL,131,ok,17.0657236213,11
VRPL,132,ok,18.0445201649,12
VRPL,133,ok,16.8388554944,11
VRPL,134,ok,18.5791568656,11
VRPL,135,ok,14.7585679502,11
VRPL,136,ok,17.4846769854,10
VRPL,137,ok,17.6148014805,12
VRPL,138,ok,16.4523440632,11
VRPL,139,ok,19.6043825710,11
VRPL,140,ok,17.2316636723,12
VRPL,141,ok,16.5402602750,11
VRPL,142,ok,16.1434957218,12
VRPL,143,ok,19.2706077865,11
VRPL,144,ok,20.2545606071,11
VRPL,145,ok,20.4560783521,12
VRPL,146,ok,15.5403636960,10
VRPL,147,ok,16.9467456516,11
VRPL,148,ok,20.8971855006,11
VRPL,149,ok,18.5264028555,11
VRPL,150,ok,13.2993447931,10
VRPL,151,ok,19.2574424774,11
VRPL,152,ok,13.4418488471,11
VRPL,153,ok,16.8736599173,11
VRPL,154,ok,14.5791716948,12
VRPL,155,ok,16.8736681711,10
VRPL,156,ok,13.3122867425,12
VRPL,157,ok,15.3639677411,11
VRPL,158,ok,14.3507516566,11
VRPL,159,ok,16.1530068175,11
VRPL,160,ok,16.6903651823,11
VRPL,161,ok,14.4480643657,11
VRPL,162,ok,17.8343692362,11
VRPL,163,ok,15.8198496971,11
VRPL,164,ok,16.8085055552,11
VRPL,165,ok,15.5124626820,10
VRPL,166,ok,14.8435319837,11
VRPL,167,ok,16.7363804976,11
VRPL,168,ok,17.3612669105,12
VRPL,169,ok,21.2359675801,12
VRPL,170,ok,16.4073904729,11
VRPL,171,ok,15.8028081726,12
VRPL,172,ok,15.6729635302,10
VRPL,173,ok,15.5794292317,11
VRPL,174,ok,18.6331996688,11
VRPL,175,ok,16.4390344048,13
VRPL,176,ok,14.9652247358,11
VRPL,177,ok,14.2845573653,12
VRPL,178,ok,13.2481256194,10
VRPL,179,ok,19.4522760356,12
VRPL,180,ok,21.6799360253,11
VRPL,181,ok,14.3061901984,12
VRPL,182,ok,14.1092662480,12
VRPL,183,ok,21.1197460157,11
VRPL,184,ok,17.7879157436,11
VRPL,185,ok,13.6774801755,10
VRPL,186,ok,18.3416375475,11
VRPL,187,ok,16.3471412832,11
VRPL,188,ok,16.7308904003,11
VRPL,189,ok,19.6557501277,11
VRPL,190,ok,16.5515785501,10
VRPL,191,ok,15.2915743071,12
VRPL,192,ok,17.0581666265,11
VRPL,193,ok,24.3409534653,13
VRPL,194,ok,17.6630352076,11
VRPL,195,ok,15.1650806372,11
VRPL,196,ok,18.0742710697,10
VRPL,197,ok,13.6767329501,10
VRPL,198,ok,18.5891700381,11
VRPL,199,ok,14.9795461826,12
VRPL,200,ok,18.3525993599,10
VRPL,201,ok,17.6106401772,12
VRPL,202,ok,15.6783445589,10
VRPL,203,ok,15.0013380211,11
VRPL,204,ok,13.5461016609,10
VRPL,205,ok,15.1685704793,10
VRPL,206,ok,14.4230358009,12
VRPL,207,ok,15.9531834364,11
VRPL,208,ok,17.4712485334,11
VRPL,209,ok,15.2756221846,11
VRPL,210,ok,16.7935113335,9
VRPL,211,ok,16.3348932498,12
VRPL,212,ok,17.1478764086,12
VRPL,213,ok,17.7379305728,11
VRPL,214,ok,14.5035274871,11
VRPL,215,ok,17.9736263919,11
VRPL,216,ok,16.7190936390,11
VRPL,217,ok,18.2174154394,11
VRPL,218,ok,14.4985446387,10
VRPL,219,ok,16.7473979007,11
VRPL,220,ok,17.3242864608,12
VRPL,221,ok,14.7248469113,12
VRPL,222,ok,13.7240630334,12
VRPL,223,ok,17.2934364899,10
VRPL,224,ok,15.4015051277,10
VRPL,225,ok,15.3544292835,12
VRPL,226,ok,17.6768123325,11
VRPL,227,ok,19.0529296268,12
VRPL,228,ok,14.0593424384,13
VRPL,229,ok,15.6545532673,11
VRPL,230,ok,17.9616361352,12
VRPL,231,ok,16.0131242484,11
VRPL,232,ok,14.7192377573,11
VRPL,233,ok,15.2338590786,11
VRPL,234,ok,16.2040029362,12
VRPL,235,ok,13.4424945837,11
VRPL,236,ok,14.6280626560,11
VRPL,237,ok,18.2974226803,11
VRPL,238,ok,14.5572926673,11
VRPL,239,ok,13.7430962284,11
VRPL,240,ok,17.7037442073,11
VRPL,241,ok,15.2145314634,12
VRPL,242,ok,15.9026291526,10
VRPL,243,ok,18.2578836768,11
VRPL,244,ok,19.4836788504,10
VRPL,245,ok,19.4816261839,11
VRPL,246,ok,18.1470565327,11
VRPL,247,ok,16.9278728893,10
VRPL,248,ok,14.3347180006,11
VRPL,249,ok,17.5958103502,12
VRPL,250,ok,16.3587136317,11
VRPL,251,ok,17.2830528161,11
VRPL,252,ok,15.7471668449,12
VRPL,253,ok,13.8916841974,10
VRPL,254,ok,17.7021291352,12
VRPL,255,ok,16.1399577099,10
VRPL,256,ok,16.5231448960,11
VRPL,257,ok,21.1583127901,12
VRPL,258,ok,16.4910511299,11
VRPL,259,ok,16.9781708216,12
VRPL,260,ok,17.5401019902,10
VRPL,261,ok,16.6440142465,10
VRPL,262,ok,17.1598489855,10
VRPL,263,ok,16.9205594852,11
VRPL,264,ok,16.2873641659,9
VRPL,265,ok,18.2288094971,12
VRPL,266,ok,17.8841677043,12
VRPL,267,ok,20.6517390612,11
VRPL,268,ok,17.9819109088,11
VRPL,269,ok,16.0205224910,10
VRPL,270,ok,17.5124820877,11
VRPL,271,ok,16.0448391793,11
VRPL,272,ok,16.7559422803,11
VRPL,273,ok,17.7960668732,10
VRPL,274,ok,15.1026035266,11
VRPL,275,ok,19.5751660091,10
VRPL,276,ok,15.7504260688,11
VRPL,277,ok,18.4672494356,12
VRPL,278,ok,17.4974270101,11
VRPL,279,ok,15.5950442506,10
VRPL,280,ok,16.3380718797,11
VRPL,281,ok,17.7955034586,12
VRPL,282,ok,14.7692678419,11
VRPL,283,ok,16.0395586556,12
VRPL,284,ok,17.4975585358,11
VRPL,285,ok,16.0707856821,10
VRPL,286,ok,21.5736732069,12
VRPL,287,ok,17.8193290250,11
VRPL,288,ok,18.1992793444,11
VRPL,289,ok,14.0306681340,11
VRPL,290,ok,14.5874652899,11
VRPL,291,ok,17.8843271600,12
VRPL,292,ok,17.1597871185,11
VRPL,293,ok,13.9700968932,11
VRPL,294,ok,17.2506042654,10
VRPL,295,ok,20.5056057884,12
VRPL,296,ok,17.8959531400,12
VRPL,297,ok,15.4005887715,11
VRPL,298,ok,18.9738211837,12
VRPL,299,ok,14.1496365653,11
VRPL,300,ok,19.9539960590,11
VRPL,301,ok,20.9419057650,11
VRPL,302,ok,14.4227509145,11
VRPL,303,ok,17.3866965771,10
VRPL,304,ok,14.5875414742,12
VRPL,305,ok,19.2973045587,11
VRPL,306,ok,15.1048211549,11
VRPL,307,ok,14.1718120825,11
VRPL,308,ok,18.9873643992,12
VRPL,309,ok,14.6345517431,11
VRPL,310,ok,19.0960230417,11
VRPL,311,ok,19.0813613172,11
VRPL,312,ok,17.5216293891,12
VRPL,313,ok,15.5683456036,11
VRPL,314,ok,14.9697688950,11
VRPL,315,ok,18.0845516487,11
VRPL,316,ok,15.5747831128,10
VRPL,317,ok,17.6893616465,11
VRPL,318,ok,17.6495774445,12
VRPL,319,ok,17.9415785062,12
VRPL,320,ok,15.1415418453,11
VRPL,321,ok,15.4583486404,12
VRPL,322,ok,14.9996025502,12
VRPL,323,ok,14.3132847437,12
VRPL,324,ok,19.9398212505,12
VRPL,325,ok,16.1820281298,11
VRPL,326,ok,13.6992545309,11
VRPL,327,ok,15.6318462076,11
VRPL,328,ok,13.7551766424,11
VRPL,329,ok,18.5838503621,12
VRPL,330,ok,14.2064305468,11
VRPL,331,ok,15.9805490172,12
VRPL,332,ok,17.0003692941,11
VRPL,333,ok,14.6808448856,11
VRPL,334,ok,18.7007994679,11
VRPL,335,ok,12.7979010134,10
VRPL,336,ok,16.6198758402,11
VRPL,337,ok,16.8149541188,11
VRPL,338,ok,14.4247331704,12
VRPL,339,ok,16.5714358168,11
VRPL,340,ok,16.0416836215,11
VRPL,341,ok,21.3127151389,11
VRPL,342,ok,20.8128427534,11
VRPL,343,ok,14.9820892434,11
VRPL,344,ok,18.0514147915,11
VRPL,345,ok,14.8348659082,11
VRPL,346,ok,17.1371356152,11
VRPL,347,ok,20.8481898945,11
VRPL,348,ok,18.1078376184,12
VRPL,349,ok,19.2878803163,12
VRPL,350,ok,16.5079323839,11
VRPL,351,ok,15.1860595868,12
VRPL,352,ok,18.2894160622,11
VRPL,353,ok,17.5991743230,11
VRPL,354,ok,16.8646073538,12
VRPL,355,ok,16.8483612493,10
VRPL,356,ok,17.2323097367,12
VRPL,357,ok,16.7626311960,11
VRPL,358,ok,15.7199285636,13
VRPL,359,ok,16.9010931408,12
VRPL,360,ok,17.7396115146,11
VRPL,361,ok,18.0117987159,11
VRPL,362,ok,19.7468470345,12
VRPL,363,ok,18.7461421671,10
VRPL,364,ok,17.4024633432,11
VRPL,365,ok,19.0603557825,13
VRPL,366,ok,18.9281236043,11
VRPL,367,ok,20.0609676655,11
VRPL,368,ok,14.7539983640,13
VRPL,369,ok,16.3230562418,11
VRPL,370,ok,13.4577357808,10
VRPL,371,ok,15.8186539986,10
VRPL,372,ok,13.9679859815,11
VRPL,373,ok,18.9422264111,11
VRPL,374,ok,14.5258983594,12
VRPL,375,ok,13.7187785579,10
VRPL,376,ok,15.0588134115,12
VRPL,377,ok,16.3724436668,11
VRPL,378,ok,13.9945959307,11
VRPL,379,ok,15.5564533898,10
VRPL,380,ok,18.5966748198,11
VRPL,381,ok,14.1204598302,11
VRPL,382,ok,15.5431791023,11
VRPL,383,ok,15.6546792079,10
VRPL,384,ok,16.7209479346,12
VRPL,385,ok,18.5866713313,11
VRPL,386,ok,13.4871206900,11
VRPL,387,ok,16.3407183949,11
VRPL,388,ok,19.6104680589,10
VRPL,389,ok,17.7845294673,12
VRPL,390,ok,14.4990294163,10
VRPL,391,ok,17.0261101051,11
VRPL,392,ok,18.0195484184,11
VRPL,393,ok,13.8522162835,11
VRPL,394,ok,17.6123276797,11
VRPL,395,ok,18.9492184720,11
VRPL,396,ok,14.3973232053,11
VRPL,397,ok,19.1596368931,11
VRPL,398,ok,19.7347284647,12
VRPL,399,ok,19.5387148397,10
VRPL,400,ok,13.9827784008,11
VRPL,401,ok,15.7276490834,11
VRPL,402,ok,17.9606854454,11
VRPL,403,ok,18.0848920810,12
VRPL,404,ok,16.9488633039,12
VRPL,405,ok,14.5371906432,12
VRPL,406,ok,14.9830255270,12
VRPL,407,ok,19.4232526727,10
VRPL,408,ok,13.9775838436,11
VRPL,409,ok,15.7785786243,11
VRPL,410,ok,16.1583604638,11
VRPL,411,ok,13.5183247567,12
VRPL,412,ok,17.4816395795,12
VRPL,413,ok,16.9839580003,12
VRPL,414,ok,15.4686423260,9
VRPL,415,ok,15.6007299707,11
VRPL,416,ok,17.3436171287,11
VRPL,417,ok,15.5601967793,11
VRPL,418,ok,16.6833772308,10
VRPL,419,ok,16.6873757829,11
VRPL,420,ok,19.5594076530,11
VRPL,421,ok,19.8223038093,12
VRPL,422,ok,14.9482733073,11
VRPL,423,ok,15.9584061776,11
VRPL,424,ok,17.7844343882,12
VRPL,425,ok,15.1111392449,11
VRPL,426,ok,20.4936880484,12
VRPL,427,ok,17.8978658081,11
VRPL,428,ok,19.7152881103,11
VRPL,429,ok,18.8027806671,11
VRPL,430,ok,16.1125279514,12
VRPL,431,ok,15.6476442570,11
VRPL,432,ok,15.6762942962,10
VRPL,433,ok,15.5464230109,11
VRPL,434,ok,16.7601859009,11
VRPL,435,ok,14.4003208113,11
VRPL,436,ok,15.6377047701,12
VRPL,437,ok,15.4417808443,12
VRPL,438,ok,16.1524250661,11
VRPL,439,ok,17.7229304763,11
VRPL,440,ok,16.8892694872,11
VRPL,441,ok,14.3591854103,10
VRPL,442,ok,18.6003956159,11
VRPL,443,ok,21.2469587031,11
VRPL,444,ok,17.6160102031,12
VRPL,445,ok,15.1978332715,12
VRPL,446,ok,15.3506016615,11
VRPL,447,ok,15.5365943531,11
VRPL,448,ok,16.5084226280,11
VRPL,449,ok,18.3423869754,10
VRPL,450,ok,14.5774353798,12
VRPL,451,ok,21.0895311549,11
VRPL,452,ok,14.7276409181,11
VRPL,453,ok,13.8765499529,12
VRPL,454,ok,15.8400403991,10
VRPL,455,ok,14.6539212972,10
VRPL,456,ok,16.6391361760,12
VRPL,457,ok,15.4469176170,11
VRPL,458,ok,16.5426883821,11
VRPL,459,ok,18.5753179528,10
VRPL,460,ok,14.3663862795,10
VRPL,461,ok,17.3192279091,11
VRPL,462,ok,17.0964542412,12
VRPL,463,ok,14.5079148556,11
VRPL,464,ok,16.8324711033,12
VRPL,465,ok,16.1658080582,11
VRPL,466,ok,15.9279284560,12
VRPL,467,ok,16.8174671580,13
VRPL,468,ok,17.2478477305,11
VRPL,469,ok,15.2094377951,12
VRPL,470,ok,18.0905051765,11
VRPL,471,ok,18.4847334796,11
VRPL,472,ok,16.8492562626,11
VRPL,473,ok,15.0415277119,11
VRPL,474,ok,13.8672352787,12
VRPL,475,ok,15.6446629795,10
VRPL,476,ok,16.6011061689,12
VRPL,477,ok,16.5818367068,10
VRPL,478,ok,13.8757899485,11
VRPL,479,ok,17.4227846179,11
VRPL,480,ok,16.4589384139,11
VRPL,481,ok,14.1254705489,11
VRPL,482,ok,17.7470129799,10
VRPL,483,ok,17.4429478850,11
VRPL,484,ok,14.5874713968,12
VRPL,485,ok,19.9331558053,11
VRPL,486,ok,14.1135112136,10
VRPL,487,ok,18.7917462863,11
VRPL,488,ok,14.1148966876,12
VRPL,489,ok,18.5992408522,12
VRPL,490,ok,18.7454275287,11
VRPL,491,ok,15.6844265641,11
VRPL,492,ok,15.3427796009,12
VRPL,493,ok,16.2222862683,12
VRPL,494,ok,16.1918944818,11
VRPL,495,ok,16.1386892971,12
VRPL,496,ok,18.8717796111,11
VRPL,497,ok,16.7922169933,11
VRPL,498,ok,14.3953082015,12
VRPL,499,ok,16.4153106934,12
VRPL,500,ok,18.0822749966,10
VRPL,501,ok,18.2190171935,11
VRPL,502,ok,17.5264719132,11
VRPL,503,ok,14.4977882751,10
VRPL,504,ok,16.7939975690,12
VRPL,505,ok,17.8113544676,12
VRPL,506,ok,15.7550699242,12
VRPL,507,ok,16.9793121452,11
VRPL,508,ok,15.3031634617,12
VRPL,509,ok,14.6750303466,11
VRPL,510,ok,18.5655799886,11
VRPL,511,ok,15.9256780123,11
VRPL,512,ok,15.6277590417,11
VRPL,513,ok,18.5154808565,10
VRPL,514,ok,18.9263735403,12
VRPL,515,ok,18.2729341592,10
VRPL,516,ok,20.1178052000,11
VRPL,517,ok,15.2328262224,11
VRPL,518,ok,17.7183098734,10
VRPL,519,ok,16.3906770704,11
VRPL,520,ok,17.1039945587,11
VRPL,521,ok,17.0859320060,12
VRPL,522,ok,15.9565997506,11
VRPL,523,ok,14.6879963716,11
VRPL,524,ok,16.3852062069,11
VRPL,525,ok,15.8733635984,11
VRPL,526,ok,14.5247849599,12
VRPL,527,ok,16.5905118417,11
VRPL,528,ok,14.5935298291,11
VRPL,529,ok,15.7139889801,11
VRPL,530,ok,14.3794067360,11
VRPL,531,ok,14.7852275132,10
VRPL,532,ok,17.6754423054,11
VRPL,533,ok,18.1282593262,12
VRPL,534,ok,17.6629137264,10
VRPL,535,ok,16.3792514659,10
VRPL,536,ok,16.9646238241,11
VRPL,537,ok,16.9150104814,12
VRPL,538,ok,18.8778484064,12
VRPL,539,ok,19.1591155529,11
VRPL,540,ok,16.5449496635,11
VRPL,541,ok,16.7265833512,11
VRPL,542,ok,16.7785396598,10
VRPL,543,ok,15.3054325435,10
VRPL,544,ok,18.5570488555,11
VRPL,545,ok,15.6124170909,11
VRPL,546,ok,19.7035433718,12
VRPL,547,ok,16.6400500025,11
VRPL,548,ok,17.5311068114,11
VRPL,549,ok,20.8326174002,11
VRPL,550,ok,18.9277342612,11
VRPL,551,ok,16.3697122036,11
VRPL,552,ok,16.8448931779,11
VRPL,553,ok,13.2937783627,10
VRPL,554,ok,14.2549566817,11
VRPL,555,ok,14.9108084342,11
VRPL,556,ok,13.7551014948,11
VRPL,557,ok,18.4984752411,10
VRPL,558,ok,15.1733373669,13
VRPL,559,ok,18.9229744795,11
VRPL,560,ok,19.4381731169,11
VRPL,561,ok,14.3706733876,11
VRPL,562,ok,18.1984205195,11
VRPL,563,ok,14.5508114683,12
VRPL,564,ok,16.6649444949,11
VRPL,565,ok,17.6076899957,11
VRPL,566,ok,15.4309681612,12
VRPL,567,ok,14.2331056704,11
VRPL,568,ok,17.6367548043,12
VRPL,569,ok,17.0723821194,10
VRPL,570,ok,16.7917663710,12
VRPL,571,ok,20.2422202999,11
VRPL,572,ok,18.4654217807,11
VRPL,573,ok,17.0914827976,12
VRPL,574,ok,15.0149728344,11
VRPL,575,ok,14.9996997232,11
VRPL,576,ok,14.7685240914,11
VRPL,577,ok,17.9901710232,10
VRPL,578,ok,17.2206859856,11
VRPL,579,ok,15.9614573519,12
VRPL,580,ok,17.1165755005,10
VRPL,581,ok,16.6742792343,12
VRPL,582,ok,14.7409307537,11
VRPL,583,ok,13.7309394868,10
VRPL,584,ok,14.4979651634,10
VRPL,585,ok,17.9560850192,10
VRPL,586,ok,17.4100989053,11
VRPL,587,ok,14.3680315730,11
VRPL,588,ok,16.6546273824,11
VRPL,589,ok,14.6859617975,10
VRPL,590,ok,14.4017526483,12
VRPL,591,ok,17.8379432516,10
VRPL,592,ok,13.8894207793,11
VRPL,593,ok,17.5533772251,11
VRPL,594,ok,15.9395185969,11
VRPL,595,ok,17.2551138715,11
VRPL,596,ok,13.9991291060,11
VRPL,597,ok,16.6116734798,12
VRPL,598,ok,15.7502346835,12
VRPL,599,ok,17.1726609630,11
VRPL,600,ok,18.5505359904,11
VRPL,601,ok,19.7865073957,12
VRPL,602,ok,17.7300667050,11
VRPL,603,ok,17.1526698144,10
VRPL,604,ok,14.8797103639,12
VRPL,605,ok,14.1701290255,10
VRPL,606,ok,18.7447407864,12
VRPL,607,ok,16.0998125403,12
VRPL,608,ok,18.5706550697,11
VRPL,609,ok,17.2562749868,11
VRPL,610,ok,19.0431918119,12
VRPL,611,ok,18.1582989729,12
VRPL,612,ok,16.2002865581,11
VRPL,613,ok,17.2301995811,12
VRPL,614,ok,19.6810947997,11
VRPL,615,ok,19.7575224194,12
VRPL,616,ok,17.9280515695,12
VRPL,617,ok,20.9683210283,12
VRPL,618,ok,17.0517525299,11
VRPL,619,ok,18.4980925053,13
VRPL,620,ok,15.2509266469,11
VRPL,621,ok,17.2731155003,13
VRPL,622,ok,17.4675942317,11
VRPL,623,ok,17.2634022253,10
VRPL,624,ok,19.4330700713,11
VRPL,625,ok,15.0038731558,10
VRPL,626,ok,14.9211003156,11
VRPL,627,ok,17.7172438360,10
VRPL,628,ok,16.7745539631,11
VRPL,629,ok,18.5451252991,11
VRPL,630,ok,15.5282824778,11
VRPL,631,ok,18.6436948900,11
VRPL,632,ok,20.8141772506,12
VRPL,633,ok,14.6395049668,12
VRPL,634,ok,18.9273675987,11
VRPL,635,ok,17.5673885060,11
VRPL,636,ok,18.6911153270,11
VRPL,637,ok,18.1521287879,10
VRPL,638,ok,13.9824116517,11
VRPL,639,ok,18.4812280800,11
VRPL,640,ok,20.9650939731,11
VRPL,641,ok,15.3923140712,11
VRPL,642,ok,16.3933183094,12
VRPL,643,ok,15.2100952428,11
VRPL,644,ok,17.8675398958,11
VRPL,645,ok,15.2721170770,11
VRPL,646,ok,16.4189957442,11
VRPL,647,ok,18.6648841126,12
VRPL,648,ok,16.6234226572,12
VRPL,649,ok,17.4059496981,12
VRPL,650,ok,17.9239908979,11
VRPL,651,ok,16.3957716521,11
VRPL,652,ok,18.2329935924,11
VRPL,653,ok,21.3657030807,11
VRPL,654,ok,14.3774254384,11
VRPL,655,ok,16.7242541116,10
VRPL,656,ok,14.8806742540,11
VRPL,657,ok,17.5052246788,12
VRPL,658,ok,19.0383699127,11
VRPL,659,ok,16.5251105396,12
VRPL,660,ok,16.5038495731,12
VRPL,661,ok,16.8862000864,12
VRPL,662,ok,14.4677709112,12
VRPL,663,ok,14.2332867391,12
VRPL,664,ok,14.3384377897,10
VRPL,665,ok,15.2888096771,11
VRPL,666,ok,19.5450417434,12
VRPL,667,ok,17.4604449147,11
VRPL,668,ok,13.5401992743,12
VRPL,669,ok,14.1807853620,12
VRPL,670,ok,18.8914810157,10
VRPL,671,ok,15.5726507986,12
VRPL,672,ok,18.2399736623,11
VRPL,673,ok,16.0986305619,13
VRPL,674,ok,17.7522260843,11
VRPL,675,ok,13.2102729661,11
VRPL,676,ok,20.1134758889,11
VRPL,677,ok,16.6925885022,11
VRPL,678,ok,14.9062333587,11
VRPL,679,ok,14.2817113619,12
VRPL,680,ok,17.2938534993,10
VRPL,681,ok,19.0312784161,12
VRPL,682,ok,16.1156375931,13
VRPL,683,ok,14.6332015678,11
VRPL,684,ok,16.7491202160,12
VRPL,685,ok,15.0466358273,12
VRPL,686,ok,19.9878455114,10
VRPL,687,ok,19.0519349131,12
VRPL,688,ok,16.9862932973,11
VRPL,689,ok,17.7403460673,11
VRPL,690,ok,15.7793520826,11
VRPL,691,ok,13.9446268434,11
VRPL,692,ok,16.6063503712,11
VRPL,693,ok,16.0706133587,11
VRPL,694,ok,17.3723273118,11
VRPL,695,ok,17.2528518900,12
VRPL,696,ok,18.6072463709,12
VRPL,697,ok,19.4990280146,11
VRPL,698,ok,18.7844317750,11
VRPL,699,ok,14.6157030988,12
VRPL,700,ok,14.0341733608,11
VRPL,701,ok,14.1207031999,10
VRPL,702,ok,17.3129828383,12
VRPL,703,ok,14.3856204702,13
VRPL,704,ok,15.6347261894,11
VRPL,705,ok,19.1567162482,12
VRPL,706,ok,19.0431142618,11
VRPL,707,ok,18.5880178442,12
VRPL,708,ok,18.2292466949,11
VRPL,709,ok,16.5412648941,11
VRPL,710,ok,13.4924622554,11
VRPL,711,ok,13.7363917368,12
VRPL,712,ok,18.8773886563,11
VRPL,713,ok,14.7300966839,11
VRPL,714,ok,14.9357129377,11
VRPL,715,ok,15.8032972264,11
VRPL,716,ok,18.7833963007,11
VRPL,717,ok,17.9850724809,11
VRPL,718,ok,14.1267955172,11
VRPL,719,ok,14.7016872992,11
VRPL,720,ok,13.7444404110,11
VRPL,721,ok,16.6127763165,12
VRPL,722,ok,14.2053510102,11
VRPL,723,ok,16.8284463616,11
VRPL,724,ok,19.0526515969,12
VRPL,725,ok,16.9375456689,11
VRPL,726,ok,18.2733795651,11
VRPL,727,ok,15.4402353230,12
VRPL,728,ok,18.5562742104,11
VRPL,729,ok,17.3192675695,11
VRPL,730,ok,14.9343632155,11
VRPL,731,ok,14.3884284905,11
VRPL,732,ok,14.5561779011,12
VRPL,733,ok,22.5181793053,12
VRPL,734,ok,17.2631546256,12
VRPL,735,ok,19.3842305599,13
VRPL,736,ok,16.6423543760,12
VRPL,737,ok,14.8253728119,12
VRPL,738,ok,15.3931983806,11
VRPL,739,ok,16.5509215976,11
VRPL,740,ok,15.3851625480,12
VRPL,741,ok,14.8227941409,12
VRPL,742,ok,15.3450982805,11
VRPL,743,ok,13.4279442774,10
VRPL,744,ok,16.3823373992,11
VRPL,745,ok,16.5689966944,12
VRPL,746,ok,19.6926886287,11
VRPL,747,ok,15.1149724786,11
VRPL,748,ok,18.2242773535,11
VRPL,749,ok,18.3585993202,10
VRPL,750,ok,14.5230444377,11
VRPL,751,ok,20.7399848987,12
VRPL,752,ok,19.4253111811,11
VRPL,753,ok,15.5559542988,12
VRPL,754,ok,18.7115632033,11
VRPL,755,ok,17.4542537256,11
VRPL,756,ok,20.6879502930,12
VRPL,757,ok,15.7817545767,11
VRPL,758,ok,15.3785809804,11
VRPL,759,ok,19.4494631547,11
VRPL,760,ok,20.7833371471,11
VRPL,761,ok,15.3915770092,11
VRPL,762,ok,18.9984850161,11
VRPL,763,ok,20.6728420393,11
VRPL,764,ok,16.3742158854,11
VRPL,765,ok,18.6637396586,10
VRPL,766,ok,19.5496218520,12
VRPL,767,ok,18.0872410068,11
VRPL,768,ok,18.3029443524,11
VRPL,769,ok,16.2040928444,11
VRPL,770,ok,14.0651267125,11
VRPL,771,ok,13.1055742286,11
VRPL,772,ok,15.7024897475,10
VRPL,773,ok,13.6143168090,11
VRPL,774,ok,14.6765645703,12
VRPL,775,ok,17.2345564905,11
VRPL,776,ok,19.9371146393,12
VRPL,777,ok,15.9670712558,11
VRPL,778,ok,16.6837568167,11
VRPL,779,ok,18.9564353681,12
VRPL,780,ok,14.3920905851,11
VRPL,781,ok,16.9854191484,11
VRPL,782,ok,15.1382962400,11
VRPL,783,ok,18.3342520848,12
VRPL,784,ok,19.5322938934,12
VRPL,785,ok,17.6546818447,12
VRPL,786,ok,15.1699784077,11
VRPL,787,ok,13.9891416966,12
VRPL,788,ok,15.7569377057,12
VRPL,789,ok,13.6275878380,10
VRPL,790,ok,16.3952214186,10
VRPL,791,ok,14.2530664314,11
VRPL,792,ok,16.8595615790,11
VRPL,793,ok,16.2026800579,12
VRPL,794,ok,17.7836653682,13
VRPL,795,ok,16.4268710665,11
VRPL,796,ok,16.8871090960,11
VRPL,797,ok,19.7484867409,11
VRPL,798,ok,15.0118600010,12
VRPL,799,ok,15.3376726142,11
VRPL,800,ok,14.2684242080,11
VRPL,801,ok,15.6209659134,10
VRPL,802,ok,14.9530090571,11
VRPL,803,ok,15.1913951748,11
VRPL,804,ok,13.8911030462,11
VRPL,805,ok,18.9938167993,11
VRPL,806,ok,17.5156852912,11
VRPL,807,ok,17.0062494364,11
VRPL,808,ok,20.8231606676,12
VRPL,809,ok,16.1809249027,11
VRPL,810,ok,15.8632784437,12
VRPL,811,ok,18.2423993518,11
VRPL,812,ok,16.1770158361,10
VRPL,813,ok,16.9949827909,11
VRPL,814,ok,21.3797013821,11
VRPL,815,ok,18.2404521638,10
VRPL,816,ok,16.0290005550,13
VRPL,817,ok,14.7721240963,10
VRPL,818,ok,17.8682621722,10
VRPL,819,ok,16.3789525827,11
VRPL,820,ok,15.4656865870,10
VRPL,821,ok,15.3759071859,11
VRPL,822,ok,14.3196264349,11
VRPL,823,ok,15.9686215683,12
VRPL,824,ok,16.8235336231,11
VRPL,825,ok,14.3307187555,12
VRPL,826,ok,18.9301635426,12
VRPL,827,ok,15.2971326260,10
VRPL,828,ok,17.3822045126,11
VRPL,829,ok,15.4260445381,11
VRPL,830,ok,17.8146803120,10
VRPL,831,ok,13.5583948255,10
VRPL,832,ok,16.8809331399,10
VRPL,833,ok,13.6655268967,11
VRPL,834,ok,17.4623275298,11
VRPL,835,ok,14.9138831379,12
VRPL,836,ok,17.7671976163,11
VRPL,837,ok,19.9642109229,10
VRPL,838,ok,17.7035893578,11
VRPL,839,ok,17.8179082449,10
VRPL,840,ok,16.4914384865,12
VRPL,841,ok,19.6562741853,12
VRPL,842,ok,14.3944788251,11
VRPL,843,ok,16.8454189525,11
VRPL,844,ok,17.3001258837,11
VRPL,845,ok,15.5491061027,11
VRPL,846,ok,15.4545859249,10
VRPL,847,ok,16.4883497836,12
VRPL,848,ok,15.4718537921,10
VRPL,849,ok,14.5117100035,11
VRPL,850,ok,16.8241082783,11
VRPL,851,ok,18.1223836438,11
VRPL,852,ok,16.4584276470,11
VRPL,853,ok,18.6472075488,11
VRPL,854,ok,14.5831665046,12
VRPL,855,ok,15.5487888374,12
VRPL,856,ok,14.5863692488,11
VRPL,857,ok,15.2953580838,10
VRPL,858,ok,19.4466414857,12
VRPL,859,ok,15.5367796799,12
VRPL,860,ok,17.2706172453,11
VRPL,861,ok,19.0622453544,12
VRPL,862,ok,17.1286345746,12
VRPL,863,ok,18.0141959792,10
VRPL,864,ok,16.9437100675,12
VRPL,865,ok,16.0939634678,11
VRPL,866,ok,16.5140548859,11
VRPL,867,ok,13.1228968934,12
VRPL,868,ok,14.8480843744,12
VRPL,869,ok,15.7576522141,11
VRPL,870,ok,16.0075804912,11
VRPL,871,ok,17.8551024538,12
VRPL,872,ok,17.5568240386,12
VRPL,873,ok,15.6038935726,11
VRPL,874,ok,20.9139839775,11
VRPL,875,ok,14.3769879164,11
VRPL,876,ok,16.1976581197,11
VRPL,877,ok,17.1961888363,12
VRPL,878,ok,14.7755835109,11
VRPL,879,ok,14.9117328960,12
VRPL,880,ok,19.6283314299,11
VRPL,881,ok,15.6255780326,11
VRPL,882,ok,14.2140977981,11
VRPL,883,ok,14.3580199166,10
VRPL,884,ok,16.9142209786,11
VRPL,885,ok,16.9015850310,13
VRPL,886,ok,17.7572305239,11
VRPL,887,ok,14.7043174578,11
VRPL,888,ok,13.8627824508,10
VRPL,889,ok,16.4082923891,11
VRPL,890,ok,13.8783131088,12
VRPL,891,ok,17.6610190678,12
VRPL,892,ok,13.1742286710,11
VRPL,893,ok,17.3915341003,11
VRPL,894,ok,16.0028746661,11
VRPL,895,ok,15.1449516614,13
VRPL,896,ok,16.4264495397,11
VRPL,897,ok,18.4503741305,11
VRPL,898,ok,13.8010289686,10
VRPL,899,ok,15.5941049846,11
VRPL,900,ok,17.9692200866,11
VRPL,901,ok,16.0460746514,12
VRPL,902,ok,16.6055409520,11
VRPL,903,ok,18.7785532227,11
VRPL,904,ok,14.5948740558,11
VRPL,905,ok,16.7682888963,11
VRPL,906,ok,17.3758979959,10
VRPL,907,ok,14.4516831329,12
VRPL,908,ok,19.3167939554,11
VRPL,909,ok,15.4212688374,12
VRPL,910,ok,16.6104366218,11
VRPL,911,ok,19.8754891727,11
VRPL,912,ok,17.8638867401,10
VRPL,913,ok,19.1905733361,12
VRPL,914,ok,17.0476553177,12
VRPL,915,ok,15.2193320238,12
VRPL,916,ok,17.9423440010,10
VRPL,917,ok,15.2448948692,11
VRPL,918,ok,13.6581521747,12
VRPL,919,ok,17.6995842364,10
VRPL,920,ok,15.6619331112,11
VRPL,921,ok,21.8907349897,11
VRPL,922,ok,18.2726609921,10
VRPL,923,ok,14.8003231109,11
VRPL,924,ok,17.3674697104,11
VRPL,925,ok,18.7883954865,12
VRPL,926,ok,18.9140783815,11
VRPL,927,ok,20.4268886751,11
VRPL,928,ok,17.5887658243,12
VRPL,929,ok,19.5348774274,11
VRPL,930,ok,16.6782100325,12
VRPL,931,ok,18.3667575252,11
VRPL,932,ok,19.7918899549,12
VRPL,933,ok,17.2193194531,11
VRPL,934,ok,14.1275194584,13
VRPL,935,ok,13.9902417461,11
VRPL,936,ok,16.4919931603,12
VRPL,937,ok,17.0088844628,13
VRPL,938,ok,19.3086445031,10
VRPL,939,ok,15.9839460596,10
VRPL,940,ok,15.1968849419,11
VRPL,941,ok,14.4868856487,10
VRPL,942,ok,15.6335785981,10
VRPL,943,ok,17.3859752693,12
VRPL,944,ok,19.6520889970,11
VRPL,945,ok,17.0926430003,11
VRPL,946,ok,16.0773576842,11
VRPL,947,ok,18.9898949658,11
VRPL,948,ok,16.9561075371,11
VRPL,949,ok,15.7319116812,12
VRPL,950,ok,14.8753795460,10
VRPL,951,ok,15.6954439621,10
VRPL,952,ok,14.1630974462,12
VRPL,953,ok,20.0979992342,12
VRPL,954,ok,14.2931431515,11
VRPL,955,ok,13.6527730639,10
VRPL,956,ok,16.1008388370,12
VRPL,957,ok,19.1038679781,12
VRPL,958,ok,17.3343503295,11
VRPL,959,ok,19.0078837463,11
VRPL,960,ok,19.0967588361,12
VRPL,961,ok,14.4859009251,12
VRPL,962,ok,17.6792127133,10
VRPL,963,ok,18.1846213063,11
VRPL,964,ok,18.7604555527,11
VRPL,965,ok,17.1156386703,11
VRPL,966,ok,14.7611394262,11
VRPL,967,ok,17.3672786275,11
VRPL,968,ok,15.0877649568,12
VRPL,969,ok,15.9269175998,11
VRPL,970,ok,17.9342958120,11
VRPL,971,ok,20.1885295493,11
VRPL,972,ok,17.4833726797,11
VRPL,973,ok,17.1689209273,13
VRPL,974,ok,19.7729827336,11
VRPL,975,ok,12.5917932695,10
VRPL,976,ok,17.4407973440,10
VRPL,977,ok,16.8015897547,11
VRPL,978,ok,18.8942520972,11
VRPL,979,ok,20.9172112534,12
VRPL,980,ok,19.8655296246,12
VRPL,981,ok,14.8857999112,11
VRPL,982,ok,16.3360430871,11
VRPL,983,ok,17.2249741787,11
VRPL,984,ok,16.3978154124,11
VRPL,985,ok,16.9657477421,12
VRPL,986,ok,19.5351928045,11
VRPL,987,ok,17.0527803014,10
VRPL,988,ok,18.3386383574,12
VRPL,989,ok,18.1099437762,11
VRPL,990,ok,17.1340859403,11
VRPL,991,ok,18.9921794207,12
VRPL,992,ok,16.9920149221,12
VRPL,993,ok,17.5303073684,10
VRPL,994,ok,15.8472007334,12
VRPL,995,ok,15.2316785086,11
VRPL,996,ok,16.1325364946,11
VRPL,997,ok,20.9536808261,11
VRPL,998,ok,14.9651132109,11
VRPL,999,ok,19.6993924365,12
VRPTW,0,ok,31.8612354402,28
VRPTW,1,ok,35.9902568934,26
VRPTW,2,ok,36.8018008125,28
VRPTW,3,ok,33.6661528572,29
VRPTW,4,ok,37.1259408684,29
VRPTW,5,ok,32.2705233354,27
VRPTW,6,ok,27.5945351262,27
VRPTW,7,ok,47.7857641269,30
VRPTW,8,ok,26.0123247908,26
VRPTW,9,ok,44.9764142596,32
VRPTW,10,ok,32.6366234544,27
VRPTW,11,ok,31.7881204204,29
VRPTW,12,ok,25.3821454219,27
VRPTW,13,ok,27.9230046771,30
VRPTW,14,ok,29.9752804818,28
VRPTW,15,ok,39.2434251674,29
VRPTW,16,ok,32.6179607738,28
VRPTW,17,ok,36.2629711081,30
VRPTW,18,ok,43.5434307802,27
VRPTW,19,ok,35.5426867151,27
VRPTW,20,ok,38.4168183635,27
VRPTW,21,ok,33.7303360984,28
VRPTW,22,ok,30.4583492345,28
VRPTW,23,ok,38.6034429996,29
VRPTW,24,ok,34.5386810855,28
VRPTW,25,ok,37.6422003821,27
VRPTW,26,ok,40.2652992559,27
VRPTW,27,ok,28.0569442345,27
VRPTW,28,ok,30.7067266623,29
VRPTW,29,ok,34.6576677072,28
VRPTW,30,ok,37.7846718303,28
VRPTW,31,ok,30.0667504029,28
VRPTW,32,ok,35.9787640939,28
VRPTW,33,ok,28.0758080864,29
VRPTW,34,ok,26.9247559254,29
VRPTW,35,ok,35.2320059739,28
VRPTW,36,ok,27.3945848385,27
VRPTW,37,ok,24.3902233559,25
VRPTW,38,ok,28.6794907120,28
VRPTW,39,ok,36.5085480415,27
VRPTW,40,ok,34.8986610037,28
VRPTW,41,ok,41.2379118797,29
VRPTW,42,ok,36.6794791587,28
VRPTW,43,ok,34.4957371014,29
VRPTW,44,ok,34.9638169485,28
VRPTW,45,ok,28.0672718655,29
VRPTW,46,ok,33.5970854108,26
VRPTW,47,ok,28.6058859137,26
VRPTW,48,ok,26.0350185042,26
VRPTW,49,ok,26.4882402149,24
VRPTW,50,ok,33.6206192308,26
VRPTW,51,ok,29.0584035283,27
VRPTW,52,ok,42.5858536910,27
VRPTW,53,ok,36.9772428329,26
VRPTW,54,ok,28.0719208008,29
VRPTW,55,ok,39.7770374317,26
VRPTW,56,ok,35.0293764032,28
VRPTW,57,ok,46.4645749720,31
VRPTW,58,ok,35.3213555064,28
VRPTW,59,ok,38.7916425437,28
VRPTW,60,ok,28.9808351566,25
VRPTW,61,ok,31.9323189318,27
VRPTW,62,ok,34.1690773524,25
VRPTW,63,ok,36.7262741869,29
VRPTW,64,ok,41.6377811865,29
VRPTW,65,ok,47.3880610540,29
VRPTW,66,ok,26.9178999333,28
VRPTW,67,ok,25.8563492014,27
VRPTW,68,ok,39.1952592719,28
VRPTW,69,ok,47.9019125676,28
VRPTW,70,ok,27.1552836968,27
VRPTW,71,ok,29.0050885425,29
VRPTW,72,ok,35.5121841757,28
VRPTW,73,ok,29.3902505229,29
VRPTW,74,ok,27.6332712131,30
VRPTW,75,ok,34.5300417882,29
VRPTW,76,ok,44.4239537016,34
VRPTW,77,ok,28.6269790352,29
VRPTW,78,ok,32.0524306342,29
VRPTW,79,ok,44.7621240127,28
VRPTW,80,ok,28.1603764865,28
VRPTW,81,ok,29.3084422096,28
VRPTW,82,ok,40.3024210643,27
VRPTW,83,ok,25.6747124619,26
VRPTW,84,ok,30.1411954601,26
VRPTW,85,ok,24.7410515766,28
VRPTW,86,ok,35.0934227614,27
VRPTW,87,ok,54.4317426060,33
VRPTW,88,ok,42.8100064419,28
VRPTW,89,ok,33.7773219070,28
VRPTW,90,ok,37.3277880826,26
VRPTW,91,ok,27.3216234696,27
VRPTW,92,ok,38.1874197624,28
VRPTW,93,ok,38.3554859180,31
VRPTW,94,ok,35.2666774239,25
VRPTW,95,ok,42.3046698602,32
VRPTW,96,ok,29.2317259805,27
VRPTW,97,ok,27.2127960974,29
VRPTW,98,ok,39.6828623550,30
VRPTW,99,ok,31.6344374745,29
VRPTW,100,ok,34.1455793643,28
VRPTW,101,ok,31.4377946886,28
VRPTW,102,ok,27.7256494956,28
VRPTW,103,ok,26.4588633927,26
VRPTW,104,ok,26.8517334546,29
VRPTW,105,ok,32.7364084369,26
VRPTW,106,ok,35.9920220490,30
VRPTW,107,ok,35.6350631651,29
VRPTW,108,ok,39.6266074150,29
VRPTW,109,ok,48.9940661348,32
VRPTW,110,ok,48.2984404231,33
VRPTW,111,ok,26.5032467484,26
VRPTW,112,ok,36.0527346631,28
VRPTW,113,ok,36.9392998411,28
VRPTW,114,ok,23.8288298440,27
VRPTW,115,ok,30.2122209901,29
VRPTW,116,ok,35.6576500292,31
VRPTW,117,ok,27.3263908733,28
VRPTW,118,ok,35.8417698811,26
VRPTW,119,ok,27.9759856590,27
VRPTW,120,ok,27.8162002087,30
VRPTW,121,ok,26.3541024608,27
VRPTW,122,ok,31.5780107966,26
VRPTW,123,ok,28.8693860798,30
VRPTW,124,ok,30.3483287977,27
VRPTW,125,ok,28.6098227014,29
VRPTW,126,ok,32.9618224346,29
VRPTW,127,ok,30.1198760313,29
VRPTW,128,ok,36.1767799519,29
VRPTW,129,ok,34.3634878887,28
VRPTW,130,ok,31.4525011158,28
VRPTW,131,ok,31.2771191438,27
VRPTW,132,ok,32.9632050344,26
VRPTW,133,ok,51.1677061451,31
VRPTW,134,ok,40.7748797582,30
VRPTW,135,ok,37.0943904861,28
VRPTW,136,ok,28.3401521124,27
VRPTW,137,ok,28.3460083136,27
VRPTW,138,ok,31.1514205984,31
VRPTW,139,ok,37.2383648617,29
VRPTW,140,ok,36.2973677868,29
VRPTW,141,ok,27.6778140848,28
VRPTW,142,ok,33.9274125540,33
VRPTW,143,ok,37.7524509471,31
VRPTW,144,ok,35.7788683069,27
VRPTW,145,ok,32.5857384398,28
VRPTW,146,ok,46.0665461061,27
VRPTW,147,ok,31.6176364351,31
VRPTW,148,ok,34.7229086936,29
VRPTW,149,ok,36.6419508587,28
VRPTW,150,ok,44.8865364555,30
VRPTW,151,ok,25.7814664051,26
VRPTW,152,ok,27.0656554067,24
VRPTW,153,ok,26.2007350112,27
VRPTW,154,ok,39.7350556015,28
VRPTW,155,ok,38.9970330840,27
VRPTW,156,ok,24.7453105885,27
VRPTW,157,ok,53.3094504292,30
VRPTW,158,ok,31.2984992754,30
VRPTW,159,ok,50.6998033560,32
VRPTW,160,ok,44.7771292418,30
VRPTW,161,ok,25.5084651644,26
VRPTW,162,ok,40.2247469301,31
VRPTW,163,ok,28.4648267039,26
VRPTW,164,ok,28.3562843375,28
VRPTW,165,ok,31.8944861538,29
VRPTW,166,ok,39.5328972873,27
VRPTW,167,ok,58.4957039291,34
VRPTW,168,ok,29.7566237292,31
VRPTW,169,ok,36.9359835984,29
VRPTW,170,ok,46.2081423894,28
VRPTW,171,ok,26.3040993260,27
VRPTW,172,ok,32.6806453814,26
VRPTW,173,ok,26.6004685750,28
VRPTW,174,ok,33.6369193791,26
VRPTW,175,ok,33.6034748333,27
VRPTW,176,ok,31.5304333414,27
VRPTW,177,ok,32.8386727640,26
VRPTW,178,ok,44.6933720575,29
VRPTW,179,ok,40.0028477613,29
VRPTW,180,ok,52.2211525873,31
VRPTW,181,ok,27.1585596746,27
VRPTW,182,ok,38.3845445334,27
VRPTW,183,ok,30.6854860307,26
VRPTW,184,ok,41.2437922660,31
VRPTW,185,ok,29.4185737199,27
VRPTW,186,ok,43.3959791401,29
VRPTW,187,ok,41.7213848768,29
VRPTW,188,ok,33.8835701908,31
VRPTW,189,ok,40.4973055051,27
VRPTW,190,ok,31.8054992843,26
VRPTW,191,ok,30.0982151102,27
VRPTW,192,ok,34.0018709331,28
VRPTW,193,ok,38.9595893156,27
VRPTW,194,ok,39.9347062247,31
VRPTW,195,ok,43.4530503358,30
VRPTW,196,ok,38.2754317941,29
VRPTW,197,ok,30.2201832428,28
VRPTW,198,ok,29.0497951182,28
VRPTW,199,ok,30.3632026963,27
VRPTW,200,ok,36.7209679301,30
VRPTW,201,ok,29.4632239898,29
VRPTW,202,ok,27.4387044487,28
VRPTW,203,ok,31.8257936310,26
VRPTW,204,ok,37.9570737249,30
VRPTW,205,ok,37.4030302844,29
VRPTW,206,ok,30.8039257751,28
VRPTW,207,ok,37.5684315047,27
VRPTW,208,ok,41.1327585563,28
VRPTW,209,ok,41.5727075265,28
VRPTW,210,ok,28.0186281685,27
VRPTW,211,ok,28.2587063654,27
VRPTW,212,ok,25.6676421851,27
VRPTW,213,ok,36.4771770113,29
VRPTW,214,ok,33.6281329233,29
VRPTW,215,ok,28.5033848028,27
VRPTW,216,ok,30.1942857399,26
VRPTW,217,ok,34.6500007786,28
VRPTW,218,ok,38.9576536175,26
VRPTW,219,ok,38.8681433176,31
VRPTW,220,ok,33.0849730496,28
VRPTW,221,ok,28.3903421666,26
VRPTW,222,ok,47.0480672749,29
VRPTW,223,ok,39.4172374935,30
VRPTW,224,ok,47.3581148465,29
VRPTW,225,ok,35.4854194128,28
VRPTW,226,ok,34.3128963875,31
VRPTW,227,ok,30.0973621922,27
VRPTW,228,ok,31.8544475622,28
VRPTW,229,ok,29.9700129419,28
VRPTW,230,ok,30.8373000797,27
VRPTW,231,ok,35.5918900062,28
VRPTW,232,ok,27.7785861382,27
VRPTW,233,ok,28.7278115048,25
VRPTW,234,ok,33.2094771369,28
VRPTW,235,ok,33.6874858760,29
VRPTW,236,ok,28.7776811321,27
VRPTW,237,ok,32.3027965565,26
VRPTW,238,ok,36.5149281678,29
VRPTW,239,ok,30.1809627631,26
VRPTW,240,ok,30.0501593693,24
VRPTW,241,ok,36.7911010651,28
VRPTW,242,ok,28.0162943389,27
VRPTW,243,ok,42.9275204912,28
VRPTW,244,ok,30.0269714945,29
VRPTW,245,ok,42.8783473809,31
VRPTW,246,ok,46.0637067800,28
VRPTW,247,ok,24.0917252972,25
VRPTW,248,ok,29.9711822097,29
VRPTW,249,ok,33.6490129154,26
VRPTW,250,ok,30.2407824401,26
VRPTW,251,ok,40.7762810380,28
VRPTW,252,ok,25.2235736860,25
VRPTW,253,ok,25.8259460149,28
VRPTW,254,ok,25.3260965161,27
VRPTW,255,ok,36.4124640543,29
VRPTW,256,ok,42.2693982842,30
VRPTW,257,ok,27.0855336901,30
VRPTW,258,ok,30.2694671731,28
VRPTW,259,ok,40.0753829093,28
VRPTW,260,ok,43.3044496310,28
VRPTW,261,ok,37.1893520210,29
VRPTW,262,ok,33.8645634294,29
VRPTW,263,ok,41.3804944564,29
VRPTW,264,ok,31.8317798999,28
VRPTW,265,ok,25.8528953521,27
VRPTW,266,ok,30.2658326657,31
VRPTW,267,ok,25.1575438554,28
VRPTW,268,ok,30.3822952650,28
VRPTW,269,ok,31.5566685334,27
VRPTW,270,ok,27.1440102395,28
VRPTW,271,ok,30.8028610802,29
VRPTW,272,ok,35.5410934673,28
VRPTW,273,ok,34.3095884392,27
VRPTW,274,ok,37.4875179783,25
VRPTW,275,ok,36.4994698683,28
VRPTW,276,ok,34.4881714224,32
VRPTW,277,ok,37.4753702627,28
VRPTW,278,ok,26.6161791726,25
VRPTW,279,ok,36.1620145991,27
VRPTW,280,ok,33.0500259749,30
VRPTW,281,ok,39.5309471068,29
VRPTW,282,ok,38.1380548420,26
VRPTW,283,ok,28.3687493075,30
VRPTW,284,ok,32.7084711519,29
VRPTW,285,ok,27.5185300045,28
VRPTW,286,ok,32.2079620416,27
VRPTW,287,ok,36.7372771048,30
VRPTW,288,ok,33.3955406280,30
VRPTW,289,ok,27.3093917654,29
VRPTW,290,ok,46.1677007212,30
VRPTW,291,ok,40.9747817876,28
VRPTW,292,ok,24.0537865236,27
VRPTW,293,ok,34.9181052577,29
VRPTW,294,ok,31.6602210977,26
VRPTW,295,ok,42.5906674015,27
VRPTW,296,ok,36.7966295211,28
VRPTW,297,ok,33.0255038994,29
VRPTW,298,ok,32.5243078040,27
VRPTW,299,ok,26.3377558064,27
VRPTW,300,ok,27.7179806924,26
VRPTW,301,ok,30.7677335797,29
VRPTW,302,ok,28.4376935435,29
VRPTW,303,ok,30.2414696902,27
VRPTW,304,ok,33.3072549363,29
VRPTW,305,ok,33.8668285379,29
VRPTW,306,ok,27.9151924948,24
VRPTW,307,ok,36.1200644818,29
VRPTW,308,ok,32.5515083882,28
VRPTW,309,ok,38.9412879848,28
VRPTW,310,ok,33.3244765757,28
VRPTW,311,ok,35.9173983045,28
VRPTW,312,ok,27.2917034035,29
VRPTW,313,ok,35.5497690487,28
VRPTW,314,ok,51.3449251519,31
VRPTW,315,ok,36.0668759943,28
VRPTW,316,ok,28.9000424703,29
VRPTW,317,ok,25.1603238515,28
VRPTW,318,ok,36.0932887424,29
VRPTW,319,ok,26.9891163020,26
VRPTW,320,ok,27.0072978916,28
VRPTW,321,ok,29.5147409610,25
VRPTW,322,ok,31.6575220912,28
VRPTW,323,ok,26.1548238875,24
VRPTW,324,ok,34.2327854230,28
VRPTW,325,ok,23.6336634360,26
VRPTW,326,ok,36.9301310349,27
VRPTW,327,ok,31.8589561608,28
VRPTW,328,ok,33.1643756836,28
VRPTW,329,ok,24.4914115607,25
VRPTW,330,ok,28.1247520657,30
VRPTW,331,ok,31.0066199013,26
VRPTW,332,ok,36.0060077846,27
VRPTW,333,ok,32.2891079098,26
VRPTW,334,ok,45.0893915808,29
VRPTW,335,ok,33.4591670176,29
VRPTW,336,ok,33.5600274884,30
VRPTW,337,ok,25.8722112423,27
VRPTW,338,ok,30.8862704095,27
VRPTW,339,ok,29.8922050228,28
VRPTW,340,ok,26.6208138223,30
VRPTW,341,ok,28.3842083222,28
VRPTW,342,ok,37.2298361016,28
VRPTW,343,ok,41.0274630199,30
VRPTW,344,ok,40.6590192102,29
VRPTW,345,ok,43.8458290939,32
VRPTW,346,ok,28.1275172718,32
VRPTW,347,ok,48.6026995922,30
VRPTW,348,ok,29.9178562873,27
VRPTW,349,ok,28.6031544493,25
VRPTW,350,ok,36.3633799818,28
VRPTW,351,ok,44.1101487184,32
VRPTW,352,ok,41.3790167138,29
VRPTW,353,ok,37.8061003729,26
VRPTW,354,ok,38.6722726767,30
VRPTW,355,ok,38.6643018187,30
VRPTW,356,ok,33.6080893932,28
VRPTW,357,ok,45.5808617223,30
VRPTW,358,ok,37.2971874758,29
VRPTW,359,ok,25.3047759557,25
VRPTW,360,ok,25.1536305370,25
VRPTW,361,ok,29.8193945394,27
VRPTW,362,ok,36.6410060081,29
VRPTW,363,ok,41.4201824251,30
VRPTW,364,ok,39.9648433960,30
VRPTW,365,ok,29.2842220788,29
VRPTW,366,ok,45.6495875031,32
VRPTW,367,ok,32.9754945042,27
VRPTW,368,ok,36.0866353659,29
VRPTW,369,ok,31.5750202696,27
VRPTW,370,ok,39.6370782281,31
VRPTW,371,ok,27.2128372166,28
VRPTW,372,ok,37.7009041125,27
VRPTW,373,ok,25.1668476223,25
VRPTW,374,ok,41.4751561916,30
VRPTW,375,ok,34.2689505112,29
VRPTW,376,ok,42.8173318123,28
VRPTW,377,ok,32.5835049927,28
VRPTW,378,ok,40.0381048746,27
VRPTW,379,ok,40.2555594039,30
VRPTW,380,ok,29.7331784688,27
VRPTW,381,ok,45.0172113342,28
VRPTW,382,ok,38.5807711288,30
VRPTW,383,ok,27.1092721225,29
VRPTW,384,ok,27.0367814396,28
VRPTW,385,ok,26.8802398176,27
VRPTW,386,ok,38.1922488900,28
VRPTW,387,ok,25.2180389628,25
VRPTW,388,ok,37.5374635427,29
VRPTW,389,ok,38.7586280618,28
VRPTW,390,ok,34.5214121150,26
VRPTW,391,ok,32.0815879184,29
VRPTW,392,ok,32.6046926946,28
VRPTW,393,ok,43.3181584354,31
VRPTW,394,ok,45.9510031693,31
VRPTW,395,ok,28.2596458301,27
VRPTW,396,ok,43.9295491621,33
VRPTW,397,ok,31.4672402143,30
VRPTW,398,ok,35.5911594264,28
VRPTW,399,ok,36.0354095394,27
VRPTW,400,ok,40.4366704174,28
VRPTW,401,ok,27.8073325160,29
VRPTW,402,ok,40.0124034335,28
VRPTW,403,ok,36.7033171545,27
VRPTW,404,ok,32.1874149711,30
VRPTW,405,ok,32.6735716870,29
VRPTW,406,ok,48.5859299833,28
VRPTW,407,ok,25.3621757047,24
VRPTW,408,ok,41.8703049362,30
VRPTW,409,ok,28.0776850851,25
VRPTW,410,ok,34.9281429502,30
VRPTW,411,ok,50.0062788095,31
VRPTW,412,ok,32.6456279784,29
VRPTW,413,ok,44.4077678570,31
VRPTW,414,ok,25.7223690586,26
VRPTW,415,ok,38.1895146437,29
VRPTW,416,ok,37.3065373842,29
VRPTW,417,ok,35.3508746361,29
VRPTW,418,ok,26.1425429164,26
VRPTW,419,ok,34.2564582694,31
VRPTW,420,ok,29.9511298474,27
VRPTW,421,ok,35.7365209690,30
VRPTW,422,ok,40.7351031752,30
VRPTW,423,ok,34.0455455075,26
VRPTW,424,ok,26.4561483221,27
VRPTW,425,ok,30.3704883347,28
VRPTW,426,ok,33.6024968117,31
VRPTW,427,ok,26.3068409770,26
VRPTW,428,ok,31.7464808459,28
VRPTW,429,ok,26.0075358140,27
VRPTW,430,ok,29.7485793380,29
VRPTW,431,ok,38.6738206024,30
VRPTW,432,ok,31.9381022343,27
VRPTW,433,ok,37.3485480453,28
VRPTW,434,ok,38.7878465394,31
VRPTW,435,ok,36.8905760657,27
VRPTW,436,ok,38.7766248203,29
VRPTW,437,ok,36.4826757319,27
VRPTW,438,ok,40.7931358459,29
VRPTW,439,ok,32.9854280317,28
VRPTW,440,ok,39.5618510559,30
VRPTW,441,ok,49.1077816553,31
VRPTW,442,ok,42.1238903912,31
VRPTW,443,ok,39.7998140606,28
VRPTW,444,ok,27.3094050586,26
VRPTW,445,ok,32.9549960808,26
VRPTW,446,ok,27.6351579226,26
VRPTW,447,ok,35.1007341404,27
VRPTW,448,ok,34.2981786528,26
VRPTW,449,ok,32.7500116646,27
VRPTW,450,ok,29.8423283191,30
VRPTW,451,ok,26.3834521880,28
VRPTW,452,ok,34.7506692772,28
VRPTW,453,ok,35.6759798561,28
VRPTW,454,ok,38.8414315251,30
VRPTW,455,ok,35.3690113056,28
VRPTW,456,ok,30.8034629814,26
VRPTW,457,ok,29.3261306041,28
VRPTW,458,ok,32.0402754307,29
VRPTW,459,ok,43.5229417551,30
VRPTW,460,ok,37.6912909739,28
VRPTW,461,ok,31.9806184442,30
VRPTW,462,ok,29.4268567954,30
VRPTW,463,ok,30.0079810246,28
VRPTW,464,ok,32.2916873855,30
VRPTW,465,ok,38.2898154203,27
VRPTW,466,ok,41.2783859342,30
VRPTW,467,ok,42.6892142441,29
VRPTW,468,ok,29.8028286735,28
VRPTW,469,ok,32.5398066283,27
VRPTW,470,ok,28.9316422893,27
VRPTW,471,ok,35.8810993907,27
VRPTW,472,ok,30.2929537493,28
VRPTW,473,ok,33.4485692507,24
VRPTW,474,ok,27.7060260194,27
VRPTW,475,ok,35.4252214695,27
VRPTW,476,ok,35.0873368974,30
VRPTW,477,ok,50.4151013294,31
VRPTW,478,ok,32.2668176484,27
VRPTW,479,ok,29.1906603267,28
VRPTW,480,ok,32.3814223147,25
VRPTW,481,ok,30.8811188581,29
VRPTW,482,ok,39.8051428395,27
VRPTW,483,ok,25.7345212322,25
VRPTW,484,ok,36.9005345361,25
VRPTW,485,ok,32.7643710504,27
VRPTW,486,ok,34.0307819918,27
VRPTW,487,ok,26.4043917074,28
VRPTW,488,ok,32.5495304834,29
VRPTW,489,ok,27.3719910943,27
VRPTW,490,ok,29.2860956422,27
VRPTW,491,ok,36.7664013564,30
VRPTW,492,ok,36.5456225193,30
VRPTW,493,ok,26.0058210285,26
VRPTW,494,ok,33.1219409822,28
VRPTW,495,ok,34.6449367789,27
VRPTW,496,ok,26.0307204853,29
VRPTW,497,ok,24.5985394953,25
VRPTW,498,ok,31.7497351594,29
VRPTW,499,ok,37.9644589365,26
VRPTW,500,ok,35.3508924483,27
VRPTW,501,ok,34.4238203771,27
VRPTW,502,ok,32.7733063017,28
VRPTW,503,ok,35.2756473234,28
VRPTW,504,ok,26.5755181904,24
VRPTW,505,ok,28.6441686681,24
VRPTW,506,ok,43.7388148287,31
VRPTW,507,ok,31.2175289444,26
VRPTW,508,ok,27.5770152002,28
VRPTW,509,ok,39.8562465719,30
VRPTW,510,ok,33.8156849180,26
VRPTW,511,ok,40.0983932835,28
VRPTW,512,ok,45.2209705963,29
VRPTW,513,ok,32.1087093476,27
VRPTW,514,ok,30.9982439859,28
VRPTW,515,ok,39.5045604169,30
VRPTW,516,ok,29.5118803643,28
VRPTW,517,ok,30.4231956307,30
VRPTW,518,ok,37.0966189282,29
VRPTW,519,ok,29.7592462367,28
VRPTW,520,ok,37.3663463317,31
VRPTW,521,ok,42.8650946424,27
VRPTW,522,ok,33.2876697344,29
VRPTW,523,ok,25.6933208945,27
VRPTW,524,ok,34.0603910135,28
VRPTW,525,ok,50.5465317507,31
VRPTW,526,ok,29.5625864658,30
VRPTW,527,ok,24.6681993322,28
VRPTW,528,ok,26.6416919195,27
VRPTW,529,ok,38.3276955966,30
VRPTW,530,ok,34.9788372044,30
VRPTW,531,ok,32.5791747944,30
VRPTW,532,ok,31.8180569738,28
VRPTW,533,ok,26.7752986094,26
VRPTW,534,ok,26.7396910649,29
VRPTW,535,ok,35.5653739052,26
VRPTW,536,ok,28.3275036299,30
VRPTW,537,ok,32.7227240318,28
VRPTW,538,ok,61.7769282180,36
VRPTW,539,ok,30.5301237074,25
VRPTW,540,ok,28.9934687291,27
VRPTW,541,ok,30.3871632911,27
VRPTW,542,ok,28.7189653325,28
VRPTW,543,ok,34.0204430792,28
VRPTW,544,ok,42.3534948069,29
VRPTW,545,ok,48.2658861872,29
VRPTW,546,ok,35.5264847636,28
VRPTW,547,ok,42.2563960463,28
VRPTW,548,ok,36.5138721363,29
VRPTW,549,ok,32.2714424827,28
VRPTW,550,ok,37.7078861528,29
VRPTW,551,ok,26.1321855182,27
VRPTW,552,ok,35.3494648585,30
VRPTW,553,ok,33.8531160790,28
VRPTW,554,ok,41.8782742161,30
VRPTW,555,ok,32.9762795047,28
VRPTW,556,ok,27.3534070216,27
VRPTW,557,ok,30.7816583377,27
VRPTW,558,ok,36.9473231761,27
VRPTW,559,ok,30.7396560934,28
VRPTW,560,ok,35.2086435926,28
VRPTW,561,ok,43.4062761902,27
VRPTW,562,ok,31.8835420979,29
VRPTW,563,ok,25.7324724826,28
VRPTW,564,ok,29.0447849704,27
VRPTW,565,ok,35.5865970314,28
VRPTW,566,ok,37.8985401768,28
VRPTW,567,ok,30.1920383687,27
VRPTW,568,ok,26.8554701156,29
VRPTW,569,ok,34.9614270951,31
VRPTW,570,ok,43.2598773675,29
VRPTW,571,ok,29.4925292603,28
VRPTW,572,ok,31.7147461424,27
VRPTW,573,ok,38.2673081428,29
VRPTW,574,ok,30.8290411418,26
VRPTW,575,ok,59.1462127098,33
VRPTW,576,ok,42.9812991149,29
VRPTW,577,ok,34.4256973307,29
VRPTW,578,ok,30.5698214061,29
VRPTW,579,ok,36.3991321142,27
VRPTW,580,ok,27.3407487708,26
VRPTW,581,ok,37.0654284736,29
VRPTW,582,ok,36.7986515378,29
VRPTW,583,ok,30.3928506580,26
VRPTW,584,ok,41.4234452745,31
VRPTW,585,ok,27.6184659063,28
VRPTW,586,ok,28.7077892492,24
VRPTW,587,ok,41.1960864215,29
VRPTW,588,ok,40.3333213284,31
VRPTW,589,ok,30.5150089212,27
VRPTW,590,ok,36.4667968232,28
VRPTW,591,ok,44.0683961798,29
VRPTW,592,ok,36.8333917186,28
VRPTW,593,ok,29.2025069669,29
VRPTW,594,ok,38.3996568839,28
VRPTW,595,ok,32.7564006682,26
VRPTW,596,ok,29.8005014729,28
VRPTW,597,ok,32.4800868147,29
VRPTW,598,ok,58.5641029730,35
VRPTW,599,ok,27.1903285963,28
VRPTW,600,ok,42.7110395635,28
VRPTW,601,ok,37.4713533946,28
VRPTW,602,ok,29.6006508601,29
VRPTW,603,ok,30.5512358294,27
VRPTW,604,ok,30.3303983069,29
VRPTW,605,ok,29.3033350256,30
VRPTW,606,ok,30.6232803066,30
VRPTW,607,ok,40.0678904367,28
VRPTW,608,ok,28.2790822669,25
VRPTW,609,ok,30.6510405674,28
VRPTW,610,ok,31.2599873635,30
VRPTW,611,ok,28.2468378423,30
VRPTW,612,ok,32.5164513983,29
VRPTW,613,ok,32.3501593397,30
VRPTW,614,ok,26.9369503640,28
VRPTW,615,ok,28.2281467181,28
VRPTW,616,ok,34.2713476203,28
VRPTW,617,ok,28.1414266496,28
VRPTW,618,ok,30.0918764318,26
VRPTW,619,ok,41.8541470371,30
VRPTW,620,ok,24.7151470814,25
VRPTW,621,ok,36.7260413531,28
VRPTW,622,ok,28.3361778972,28
VRPTW,623,ok,26.2308455335,28
VRPTW,624,ok,27.0737867771,30
VRPTW,625,ok,29.2795423797,29
VRPTW,626,ok,24.9333026560,27
VRPTW,627,ok,33.5293255418,27
VRPTW,628,ok,39.2371782720,28
VRPTW,629,ok,38.5650431890,28
VRPTW,630,ok,38.0087992334,26
VRPTW,631,ok,30.0229135294,25
VRPTW,632,ok,32.1640946854,28
VRPTW,633,ok,23.7536068428,29
VRPTW,634,ok,34.6756858562,26
VRPTW,635,ok,35.1709987969,29
VRPTW,636,ok,26.3609434316,28
VRPTW,637,ok,35.5022486328,29
VRPTW,638,ok,32.9492799740,28
VRPTW,639,ok,39.1136220689,29
VRPTW,640,ok,37.1196279249,28
VRPTW,641,ok,34.0617209023,28
VRPTW,642,ok,36.5252148989,27
VRPTW,643,ok,32.3810152554,27
VRPTW,644,ok,29.2886534079,32
VRPTW,645,ok,30.5741532716,31
VRPTW,646,ok,42.0877052190,28
VRPTW,647,ok,29.7645638773,26
VRPTW,648,ok,43.2878019317,28
VRPTW,649,ok,29.8317416800,25
VRPTW,650,ok,42.9266931201,31
VRPTW,651,ok,29.9791254238,28
VRPTW,652,ok,24.9019049067,27
VRPTW,653,ok,29.9189036423,27
VRPTW,654,ok,27.0860662543,29
VRPTW,655,ok,32.7394339958,25
VRPTW,656,ok,28.9799354329,27
VRPTW,657,ok,34.2506563896,31
VRPTW,658,ok,33.1808913070,28
VRPTW,659,ok,28.3058342068,25
VRPTW,660,ok,36.2742637235,30
VRPTW,661,ok,44.2096557816,31
VRPTW,662,ok,36.0708535744,29
VRPTW,663,ok,29.1796565265,25
VRPTW,664,ok,41.1786309883,30
VRPTW,665,ok,27.0248242534,26
VRPTW,666,ok,33.2910350085,27
VRPTW,667,ok,23.9288314616,23
VRPTW,668,ok,27.3186690129,26
VRPTW,669,ok,46.4488622100,29
VRPTW,670,ok,41.9993329697,33
VRPTW,671,ok,39.6947841455,31
VRPTW,672,ok,30.0194734056,28
VRPTW,673,ok,33.9342245369,28
VRPTW,674,ok,34.1394561129,27
VRPTW,675,ok,31.2783725540,28
VRPTW,676,ok,37.2859418955,29
VRPTW,677,ok,25.7689535534,27
VRPTW,678,ok,33.0313049178,28
VRPTW,679,ok,47.9819344681,30
VRPTW,680,ok,34.7968485111,27
VRPTW,681,ok,45.7526421830,32
VRPTW,682,ok,40.0610184886,28
VRPTW,683,ok,35.1858684069,28
VRPTW,684,ok,45.4112560125,30
VRPTW,685,ok,31.5724017006,25
VRPTW,686,ok,48.1551206551,28
VRPTW,687,ok,35.0068577503,29
VRPTW,688,ok,28.1062592207,27
VRPTW,689,ok,27.5414837733,27
VRPTW,690,ok,40.4146562299,29
VRPTW,691,ok,37.9537865239,27
VRPTW,692,ok,25.6306381697,24
VRPTW,693,ok,39.6649813978,31
VRPTW,694,ok,41.5289128732,29
VRPTW,695,ok,34.7799905434,27
VRPTW,696,ok,27.3690424774,28
VRPTW,697,ok,26.0957876524,30
VRPTW,698,ok,27.7756908617,26
VRPTW,699,ok,41.8949458608,28
VRPTW,700,ok,44.5760839709,30
VRPTW,701,ok,25.3780308432,29
VRPTW,702,ok,34.6827451550,27
VRPTW,703,ok,46.5316687487,28
VRPTW,704,ok,39.2933347400,29
VRPTW,705,ok,30.0933150900,28
VRPTW,706,ok,34.9700463472,27
VRPTW,707,ok,26.4003668371,26
VRPTW,708,ok,41.1664973221,29
VRPTW,709,ok,28.3722250731,26
VRPTW,710,ok,53.5913130512,31
VRPTW,711,ok,27.3056289266,28
VRPTW,712,ok,41.5744156663,31
VRPTW,713,ok,32.3506293839,27
VRPTW,714,ok,28.4250921808,30
VRPTW,715,ok,33.3088665166,26
VRPTW,716,ok,34.1208077724,30
VRPTW,717,ok,29.4285543219,30
VRPTW,718,ok,32.6047463833,29
VRPTW,719,ok,27.9642098575,26
VRPTW,720,ok,35.0523394271,29
VRPTW,721,ok,37.6383458425,26
VRPTW,722,ok,37.4531121067,29
VRPTW,723,ok,26.1691007398,28
VRPTW,724,ok,36.9576462643,28
VRPTW,725,ok,31.8790316393,28
VRPTW,726,ok,26.9730258448,26
VRPTW,727,ok,45.6304870596,32
VRPTW,728,ok,30.2512188490,26
VRPTW,729,ok,25.9122707285,29
VRPTW,730,ok,28.5414159438,28
VRPTW,731,ok,38.7473124092,29
VRPTW,732,ok,29.4082795092,29
VRPTW,733,ok,39.6494542277,27
VRPTW,734,ok,32.4915431368,27
VRPTW,735,ok,33.4634873306,31
VRPTW,736,ok,34.7928936080,27
VRPTW,737,ok,30.5998469054,32
VRPTW,738,ok,31.8737119688,28
VRPTW,739,ok,48.6288486672,30
VRPTW,740,ok,30.8916846695,27
VRPTW,741,ok,33.3763920294,28
VRPTW,742,ok,26.3785012701,28
VRPTW,743,ok,31.6403278370,31
VRPTW,744,ok,27.7275295691,29
VRPTW,745,ok,31.4311489824,27
VRPTW,746,ok,40.2685605722,28
VRPTW,747,ok,28.9861492046,27
VRPTW,748,ok,27.0385041877,30
VRPTW,749,ok,32.2760875004,30
VRPTW,750,ok,53.6480174345,32
VRPTW,751,ok,27.9745103569,26
VRPTW,752,ok,42.6039078932,28
VRPTW,753,ok,34.6785320599,26
VRPTW,754,ok,28.3714436925,29
VRPTW,755,ok,46.7418127019,28
VRPTW,756,ok,27.3905674583,27
VRPTW,757,ok,34.3619635393,25
VRPTW,758,ok,39.2599440030,27
VRPTW,759,ok,34.3449953444,28
VRPTW,760,ok,35.1203070113,29
VRPTW,761,ok,38.0303719778,29
VRPTW,762,ok,30.0016234198,27
VRPTW,763,ok,28.0546665830,27
VRPTW,764,ok,28.9793196804,29
VRPTW,765,ok,29.3607475605,26
VRPTW,766,ok,30.8751688087,29
VRPTW,767,ok,29.7751938596,27
VRPTW,768,ok,26.4110079943,28
VRPTW,769,ok,31.3126184858,28
VRPTW,770,ok,36.4014003627,28
VRPTW,771,ok,33.3931590599,29
VRPTW,772,ok,34.2499011414,29
VRPTW,773,ok,36.2696659683,29
VRPTW,774,ok,39.6591361288,29
VRPTW,775,ok,28.5451337026,28
VRPTW,776,ok,34.6724850962,25
VRPTW,777,ok,31.8029975059,29
VRPTW,778,ok,36.7249351345,29
VRPTW,779,ok,32.9439228117,29
VRPTW,780,ok,31.0815371979,28
VRPTW,781,ok,38.0051937413,30
VRPTW,782,ok,33.2607315721,29
VRPTW,783,ok,28.0159206546,27
VRPTW,784,ok,36.9814090087,29
VRPTW,785,ok,37.6185188529,31
VRPTW,786,ok,29.5870060250,25
VRPTW,787,ok,26.0282683690,26
VRPTW,788,ok,27.3678550471,26
VRPTW,789,ok,37.0329846806,30
VRPTW,790,ok,32.7210724643,26
VRPTW,791,ok,27.6424963717,28
VRPTW,792,ok,30.1402498520,31
VRPTW,793,ok,31.7631451670,31
VRPTW,794,ok,29.0083516224,27
VRPTW,795,ok,39.3671784829,29
VRPTW,796,ok,25.9300709347,27
VRPTW,797,ok,39.3717606976,30
VRPTW,798,ok,38.3642864734,29
VRPTW,799,ok,31.1815449882,27
VRPTW,800,ok,27.9632623146,28
VRPTW,801,ok,29.3049256276,26
VRPTW,802,ok,30.4196085631,30
VRPTW,803,ok,27.6937352973,29
VRPTW,804,ok,47.0187510489,30
VRPTW,805,ok,31.5633603057,26
VRPTW,806,ok,41.0205781879,32
VRPTW,807,ok,36.3295845876,30
VRPTW,808,ok,26.2157135684,26
VRPTW,809,ok,36.8263003598,28
VRPTW,810,ok,24.4442891228,23
VRPTW,811,ok,33.5803195683,28
VRPTW,812,ok,33.4538758180,30
VRPTW,813,ok,38.2189853568,29
VRPTW,814,ok,35.0378781208,30
VRPTW,815,ok,36.6226322958,30
VRPTW,816,ok,34.6483072861,29
VRPTW,817,ok,41.1329724815,27
VRPTW,818,ok,38.5039348867,29
VRPTW,819,ok,26.2183502030,26
VRPTW,820,ok,36.2018331984,30
VRPTW,821,ok,28.5910814499,27
VRPTW,822,ok,43.0130798528,30
VRPTW,823,ok,25.9644469073,27
VRPTW,824,ok,33.2635106669,27
VRPTW,825,ok,40.2942960591,27
VRPTW,826,ok,38.2843370991,29
VRPTW,827,ok,34.5858522651,27
VRPTW,828,ok,30.0950159127,26
VRPTW,829,ok,27.6199751242,27
VRPTW,830,ok,36.0995001577,28
VRPTW,831,ok,40.9403825496,29
VRPTW,832,ok,29.7288098193,27
VRPTW,833,ok,26.9213947444,29
VRPTW,834,ok,34.4453589563,26
VRPTW,835,ok,50.4061939215,29
VRPTW,836,ok,30.9700992515,25
VRPTW,837,ok,29.5605070588,29
VRPTW,838,ok,35.9007687917,27
VRPTW,839,ok,34.0936721162,31
VRPTW,840,ok,29.5675325598,27
VRPTW,841,ok,36.6847222050,25
VRPTW,842,ok,27.3219774234,27
VRPTW,843,ok,38.1297399980,29
VRPTW,844,ok,31.2816831453,29
VRPTW,845,ok,24.6074491392,25
VRPTW,846,ok,26.5577434756,25
VRPTW,847,ok,34.9542921245,32
VRPTW,848,ok,38.6246808359,29
VRPTW,849,ok,32.9503464230,29
VRPTW,850,ok,36.8165068805,29
VRPTW,851,ok,28.3661332843,27
VRPTW,852,ok,30.8792772332,26
VRPTW,853,ok,33.2807290322,30
VRPTW,854,ok,32.7535167436,28
VRPTW,855,ok,34.1699967718,28
VRPTW,856,ok,28.9702965269,27
VRPTW,857,ok,29.2151333078,30
VRPTW,858,ok,32.4666182903,30
VRPTW,859,ok,46.6008064218,30
VRPTW,860,ok,41.7965583476,30
VRPTW,861,ok,30.3715377682,32
VRPTW,862,ok,31.2673363582,28
VRPTW,863,ok,39.4320398588,28
VRPTW,864,ok,31.4758975089,26
VRPTW,865,ok,51.4669077344,31
VRPTW,866,ok,42.7134848692,29
VRPTW,867,ok,30.3270116402,29
VRPTW,868,ok,38.5990760668,27
VRPTW,869,ok,31.3496685113,31
VRPTW,870,ok,27.5481249385,27
VRPTW,871,ok,40.3383528238,29
VRPTW,872,ok,37.1351703470,32
VRPTW,873,ok,35.6623900653,29
VRPTW,874,ok,36.4615935961,28
VRPTW,875,ok,28.6074318988,28
VRPTW,876,ok,27.8395960488,28
VRPTW,877,ok,32.6318534764,29
VRPTW,878,ok,40.4427585799,28
VRPTW,879,ok,28.9742806458,27
VRPTW,880,ok,37.7593154628,29
VRPTW,881,ok,26.4943529172,27
VRPTW,882,ok,28.3904556063,30
VRPTW,883,ok,34.4049785772,27
VRPTW,884,ok,28.1967641640,27
VRPTW,885,ok,32.6857044513,28
VRPTW,886,ok,28.9761448467,26
VRPTW,887,ok,35.3958974493,29
VRPTW,888,ok,32.2451291684,30
VRPTW,889,ok,27.4752766506,27
VRPTW,890,ok,41.3049459263,32
VRPTW,891,ok,33.6882988864,25
VRPTW,892,ok,34.3761952966,28
VRPTW,893,ok,25.5515480082,27
VRPTW,894,ok,33.4423968822,29
VRPTW,895,ok,28.6067376407,27
VRPTW,896,ok,32.0836860387,29
VRPTW,897,ok,38.7199379085,26
VRPTW,898,ok,32.2489516674,29
VRPTW,899,ok,39.9756489301,29
VRPTW,900,ok,45.8584627393,30
VRPTW,901,ok,36.4117562010,29
VRPTW,902,ok,28.7368350916,32
VRPTW,903,ok,44.3524580261,29
VRPTW,904,ok,33.0872191935,29
VRPTW,905,ok,29.6293490045,25
VRPTW,906,ok,24.4105898841,24
VRPTW,907,ok,31.6792014271,30
VRPTW,908,ok,37.0855673300,28
VRPTW,909,ok,41.5523514828,27
VRPTW,910,ok,33.8006581747,27
VRPTW,911,ok,38.4102442965,29
VRPTW,912,ok,37.4669064648,29
VRPTW,913,ok,25.2539165386,29
VRPTW,914,ok,28.7068881621,27
VRPTW,915,ok,35.3348940733,29
VRPTW,916,ok,34.5959858687,26
VRPTW,917,ok,33.8726995230,27
VRPTW,918,ok,25.7122897207,27
VRPTW,919,ok,50.7212205890,29
VRPTW,920,ok,37.2431422292,28
VRPTW,921,ok,40.0261563371,31
VRPTW,922,ok,43.5433348522,30
VRPTW,923,ok,26.9869499594,26
VRPTW,924,ok,49.7936088582,30
VRPTW,925,ok,46.3817520955,30
VRPTW,926,ok,45.0287489132,31
VRPTW,927,ok,37.7698515821,29
VRPTW,928,ok,32.3444901078,27
VRPTW,929,ok,33.3464960189,28
VRPTW,930,ok,25.9161737328,28
VRPTW,931,ok,32.0981423556,32
VRPTW,932,ok,33.1143806333,29
VRPTW,933,ok,26.6443453259,27
VRPTW,934,ok,25.8519108111,26
VRPTW,935,ok,29.2600654256,29
VRPTW,936,ok,31.5088037294,25
VRPTW,937,ok,30.1812597263,27
VRPTW,938,ok,27.4924811049,28
VRPTW,939,ok,31.9009362657,24
VRPTW,940,ok,40.0236290058,30
VRPTW,941,ok,36.7313965534,28
VRPTW,942,ok,39.3889554045,30
VRPTW,943,ok,30.1719743555,27
VRPTW,944,ok,38.5963628292,30
VRPTW,945,ok,29.4146552007,29
VRPTW,946,ok,33.7810982533,28
VRPTW,947,ok,39.9921630185,29
VRPTW,948,ok,34.9272038814,28
VRPTW,949,ok,41.1444074383,30
VRPTW,950,ok,41.2126423139,28
VRPTW,951,ok,27.8625860355,30
VRPTW,952,ok,27.1556972518,25
VRPTW,953,ok,36.5679428255,28
VRPTW,954,ok,34.0613614971,27
VRPTW,955,ok,22.2827866552,23
VRPTW,956,ok,34.6123258937,30
VRPTW,957,ok,32.5577649230,27
VRPTW,958,ok,28.6957351985,27
VRPTW,959,ok,31.3838070539,29
VRPTW,960,ok,32.4181455628,27
VRPTW,961,ok,25.4118940679,26
VRPTW,962,ok,33.3147627101,30
VRPTW,963,ok,29.8738518836,28
VRPTW,964,ok,29.6518991906,24
VRPTW,965,ok,45.7141115252,30
VRPTW,966,ok,32.3671535816,28
VRPTW,967,ok,38.1914855328,27
VRPTW,968,ok,26.4727380921,28
VRPTW,969,ok,36.1194347890,29
VRPTW,970,ok,37.8845549483,29
VRPTW,971,ok,34.3349438562,29
VRPTW,972,ok,28.1437787651,28
VRPTW,973,ok,49.0807953311,33
VRPTW,974,ok,33.8252305582,30
VRPTW,975,ok,32.3583766563,27
VRPTW,976,ok,27.3277327889,26
VRPTW,977,ok,33.1097088430,30
VRPTW,978,ok,34.9873607693,29
VRPTW,979,ok,28.8268361600,26
VRPTW,980,ok,43.4184033098,28
VRPTW,981,ok,36.5751565770,31
VRPTW,982,ok,37.9420177343,28
VRPTW,983,ok,26.6038202008,26
VRPTW,984,ok,25.8716343588,27
VRPTW,985,ok,43.1465613155,30
VRPTW,986,ok,41.0774202926,29
VRPTW,987,ok,41.6953405147,28
VRPTW,988,ok,33.2097667783,28
VRPTW,989,ok,35.0892516738,29
VRPTW,990,ok,38.4289806466,28
VRPTW,991,ok,27.9960520159,29
VRPTW,992,ok,34.0455299723,29
VRPTW,993,ok,33.5699317859,28
VRPTW,994,ok,25.4963904734,26
VRPTW,995,ok,39.9283040859,29
VRPTW,996,ok,28.6898148581,27
VRPTW,997,ok,31.8887449945,28
VRPTW,998,ok,36.3008281021,29
VRPTW,999,ok,34.5369372087,29
OVRPTW,0,ok,17.9358671726,30
OVRPTW,1,ok,16.6466346325,29
OVRPTW,2,ok,17.1415366089,33
OVRPTW,3,ok,17.7921653286,28
OVRPTW,4,ok,18.6627208151,27
OVRPTW,5,ok,17.3705147440,29
OVRPTW,6,ok,18.1232560537,26
OVRPTW,7,ok,24.2362444438,30
OVRPTW,8,ok,23.5383461563,29
OVRPTW,9,ok,19.1317356158,32
OVRPTW,10,ok,18.3477800856,29
OVRPTW,11,ok,24.4406853221,29
OVRPTW,12,ok,16.2723363319,30
OVRPTW,13,ok,18.1541621284,29
OVRPTW,14,ok,21.2755044570,29
OVRPTW,15,ok,18.4571574697,27
OVRPTW,16,ok,16.4702963644,31
OVRPTW,17,ok,16.4116998440,27
OVRPTW,18,ok,18.8976966515,29
OVRPTW,19,ok,20.4075566861,32
OVRPTW,20,ok,14.4396499421,25
OVRPTW,21,ok,17.1718338637,31
OVRPTW,22,ok,16.8423965123,30
OVRPTW,23,ok,16.4309609080,27
OVRPTW,24,ok,16.6959425386,27
OVRPTW,25,ok,19.4834324824,28
OVRPTW,26,ok,19.0142828237,32
OVRPTW,27,ok,21.8289951968,27
OVRPTW,28,ok,19.7016087588,30
OVRPTW,29,ok,16.6767217074,29
OVRPTW,30,ok,19.4876479126,28
OVRPTW,31,ok,15.3628068260,28
OVRPTW,32,ok,21.4180310430,29
OVRPTW,33,ok,21.5749186544,32
OVRPTW,34,ok,15.2076365598,27
OVRPTW,35,ok,18.5722662998,31
OVRPTW,36,ok,19.2529714921,26
OVRPTW,37,ok,19.0570095344,30
OVRPTW,38,ok,18.8770616069,31
OVRPTW,39,ok,19.8414813749,31
OVRPTW,40,ok,16.9714011955,27
OVRPTW,41,ok,16.9442588282,26
OVRPTW,42,ok,14.5961076389,28
OVRPTW,43,ok,19.4235858871,28
OVRPTW,44,ok,20.7569826768,30
OVRPTW,45,ok,21.0536972816,28
OVRPTW,46,ok,15.9931688779,29
OVRPTW,47,ok,21.1343725751,29
OVRPTW,48,ok,19.0800955771,29
OVRPTW,49,ok,18.4506087591,29
OVRPTW,50,ok,17.0922146808,27
OVRPTW,51,ok,19.6307584781,28
OVRPTW,52,ok,21.8388458556,31
OVRPTW,53,ok,22.4298169628,29
OVRPTW,54,ok,15.7833649972,30
OVRPTW,55,ok,22.3714666794,28
OVRPTW,56,ok,16.5948673485,26
OVRPTW,57,ok,17.2908675870,25
OVRPTW,58,ok,16.4131103998,30
OVRPTW,59,ok,15.2307562424,27
OVRPTW,60,ok,17.7221892172,30
OVRPTW,61,ok,21.8728926370,30
OVRPTW,62,ok,22.9514613585,28
OVRPTW,63,ok,15.7868408167,28
OVRPTW,64,ok,16.9453327581,32
OVRPTW,65,ok,15.3815387636,29
OVRPTW,66,ok,17.4430746283,28
OVRPTW,67,ok,16.0355163124,30
OVRPTW,68,ok,23.1653018610,30
OVRPTW,69,ok,18.5911511518,28
OVRPTW,70,ok,18.6357691544,26
OVRPTW,71,ok,22.7556310823,28
OVRPTW,72,ok,14.1911928247,25
OVRPTW,73,ok,21.8417094305,29
OVRPTW,74,ok,21.4469685769,28
OVRPTW,75,ok,16.4744469618,27
OVRPTW,76,ok,19.7569100812,25
OVRPTW,77,ok,18.1989613953,30
OVRPTW,78,ok,22.1687015262,26
OVRPTW,79,ok,19.6495491280,30
OVRPTW,80,ok,23.2510037797,25
OVRPTW,81,ok,16.3497779257,29
OVRPTW,82,ok,18.7989579247,32
OVRPTW,83,ok,16.9967966315,34
OVRPTW,84,ok,23.9548342033,27
OVRPTW,85,ok,17.3406919312,27
OVRPTW,86,ok,15.3029445684,28
OVRPTW,87,ok,18.5455179435,30
OVRPTW,88,ok,19.2696513749,25
OVRPTW,89,ok,24.4360775130,27
OVRPTW,90,ok,15.3926662692,28
OVRPTW,91,ok,20.6828622513,27
OVRPTW,92,ok,20.1844681219,30
OVRPTW,93,ok,17.4862001556,27
OVRPTW,94,ok,19.5357165189,29
OVRPTW,95,ok,20.5014464131,26
OVRPTW,96,ok,20.9324965716,29
OVRPTW,97,ok,21.3980399582,30
OVRPTW,98,ok,17.8409933281,30
OVRPTW,99,ok,15.5350346267,30
OVRPTW,100,ok,17.5136533330,32
OVRPTW,101,ok,15.7092193303,28
OVRPTW,102,ok,14.2840781834,26
OVRPTW,103,ok,21.2815639060,28
OVRPTW,104,ok,22.3968139893,28
OVRPTW,105,ok,15.0318699660,26
OVRPTW,106,ok,17.7686294455,26
OVRPTW,107,ok,19.2977645125,30
OVRPTW,108,ok,19.8140381686,33
OVRPTW,109,ok,18.5751266573,29
OVRPTW,110,ok,17.1975616228,29
OVRPTW,111,ok,20.3089000544,28
OVRPTW,112,ok,20.8977560808,28
OVRPTW,113,ok,16.7811369762,28
OVRPTW,114,ok,16.0535988080,30
OVRPTW,115,ok,15.5153895442,25
OVRPTW,116,ok,20.5281502940,25
OVRPTW,117,ok,15.9137015773,28
OVRPTW,118,ok,22.9163302380,30
OVRPTW,119,ok,15.1307210605,28
OVRPTW,120,ok,16.0714108829,31
OVRPTW,121,ok,15.0936397048,25
OVRPTW,122,ok,16.5855847653,28
OVRPTW,123,ok,21.0341403403,33
OVRPTW,124,ok,21.2150598045,29
OVRPTW,125,ok,19.3975981339,27
OVRPTW,126,ok,22.7354201411,26
OVRPTW,127,ok,18.3076751066,29
OVRPTW,128,ok,17.5108089685,28
OVRPTW,129,ok,16.8712058579,30
OVRPTW,130,ok,18.2082370651,26
OVRPTW,131,ok,24.3756798795,29
OVRPTW,132,ok,19.6032397695,28
OVRPTW,133,ok,16.5846743311,30
OVRPTW,134,ok,21.2398787834,27
OVRPTW,135,ok,15.7986084643,30
OVRPTW,136,ok,15.3736003836,29
OVRPTW,137,ok,19.3281920030,27
OVRPTW,138,ok,15.1819127610,25
OVRPTW,139,ok,19.0635664850,28
OVRPTW,140,ok,22.1609999731,26
OVRPTW,141,ok,17.5522575382,28
OVRPTW,142,ok,22.0883138379,28
OVRPTW,143,ok,15.3507945367,28
OVRPTW,144,ok,22.1433949370,29
OVRPTW,145,ok,21.3592747649,31
OVRPTW,146,ok,16.2261059633,28
OVRPTW,147,ok,17.7066569390,27
OVRPTW,148,ok,16.0925260142,30
OVRPTW,149,ok,16.7288744517,27
OVRPTW,150,ok,16.1836352388,29
OVRPTW,151,ok,16.4362268748,30
OVRPTW,152,ok,21.5560755588,27
OVRPTW,153,ok,22.8997600032,30
OVRPTW,154,ok,22.6865421282,26
OVRPTW,155,ok,15.4290894750,29
OVRPTW,156,ok,16.6624455944,28
OVRPTW,157,ok,20.0740139902,29
OVRPTW,158,ok,20.6051132404,28
OVRPTW,159,ok,15.6850494627,30
OVRPTW,160,ok,17.9140459056,29
OVRPTW,161,ok,23.2345626268,27
OVRPTW,162,ok,16.1183168612,27
OVRPTW,163,ok,20.0327192767,30
OVRPTW,164,ok,23.7611833875,31
OVRPTW,165,ok,25.2163873377,28
OVRPTW,166,ok,18.2645988400,28
OVRPTW,167,ok,15.1379713517,30
OVRPTW,168,ok,24.0462817486,30
OVRPTW,169,ok,20.5310457971,30
OVRPTW,170,ok,16.6480484658,27
OVRPTW,171,ok,20.5124054729,29
OVRPTW,172,ok,16.8113054713,29
OVRPTW,173,ok,15.0344036446,29
OVRPTW,174,ok,15.2233443918,25
OVRPTW,175,ok,22.4626059657,27
OVRPTW,176,ok,19.5198755801,29
OVRPTW,177,ok,19.5361006678,27
OVRPTW,178,ok,18.7810070120,29
OVRPTW,179,ok,17.3874789264,26
OVRPTW,180,ok,20.6383813727,31
OVRPTW,181,ok,20.6676323376,28
OVRPTW,182,ok,19.1039017556,28
OVRPTW,183,ok,22.4328619664,28
OVRPTW,184,ok,18.2446736058,28
OVRPTW,185,ok,19.7566591804,25
OVRPTW,186,ok,15.3876706028,30
OVRPTW,187,ok,15.4870166851,28
OVRPTW,188,ok,19.2563609798,28
OVRPTW,189,ok,15.6009711701,29
OVRPTW,190,ok,25.5216118571,29
OVRPTW,191,ok,20.9487023098,28
OVRPTW,192,ok,17.6925872331,29
OVRPTW,193,ok,23.7878810180,27
OVRPTW,194,ok,19.4081206978,28
OVRPTW,195,ok,25.9599890372,28
OVRPTW,196,ok,20.0464418219,27
OVRPTW,197,ok,16.4067360832,27
OVRPTW,198,ok,19.9280979099,29
OVRPTW,199,ok,17.9682090510,24
OVRPTW,200,ok,18.0066918883,26
OVRPTW,201,ok,20.9124008496,30
OVRPTW,202,ok,19.3366299320,30
OVRPTW,203,ok,20.3106254591,27
OVRPTW,204,ok,25.6410301680,28
OVRPTW,205,ok,16.2072830416,31
OVRPTW,206,ok,18.5230324301,26
OVRPTW,207,ok,18.4334959729,28
OVRPTW,208,ok,23.1548656433,30
OVRPTW,209,ok,15.7543541277,29
OVRPTW,210,ok,18.2712872513,28
OVRPTW,211,ok,20.6246996039,28
OVRPTW,212,ok,19.7413622168,28
OVRPTW,213,ok,19.1016830530,28
OVRPTW,214,ok,16.5139094871,29
OVRPTW,215,ok,21.3761422002,29
OVRPTW,216,ok,17.2121235594,31
OVRPTW,217,ok,18.1524945193,27
OVRPTW,218,ok,20.3805890589,27
OVRPTW,219,ok,20.0989047724,31
OVRPTW,220,ok,21.4948352535,28
OVRPTW,221,ok,25.2902346976,28
OVRPTW,222,ok,19.0582252863,28
OVRPTW,223,ok,20.5856120682,31
OVRPTW,224,ok,21.4544559238,29
OVRPTW,225,ok,20.5338519371,30
OVRPTW,226,ok,21.4663161921,28
OVRPTW,227,ok,18.2233717604,27
OVRPTW,228,ok,22.8781350670,27
OVRPTW,229,ok,17.8452404350,27
OVRPTW,230,ok,19.5849983434,26
OVRPTW,231,ok,18.0285007669,30
OVRPTW,232,ok,19.5712287051,28
OVRPTW,233,ok,16.1601839735,26
OVRPTW,234,ok,22.4539510669,29
OVRPTW,235,ok,16.9016211619,28
OVRPTW,236,ok,17.7344352308,30
OVRPTW,237,ok,16.1246715078,31
OVRPTW,238,ok,16.6533731521,28
OVRPTW,239,ok,16.8808400481,26
OVRPTW,240,ok,14.6214016642,30
OVRPTW,241,ok,20.1324668704,27
OVRPTW,242,ok,16.7541591395,29
OVRPTW,243,ok,16.9651861053,25
OVRPTW,244,ok,17.7633141749,29
OVRPTW,245,ok,19.6870473022,32
OVRPTW,246,ok,18.6126542011,32
OVRPTW,247,ok,14.6554575762,27
OVRPTW,248,ok,19.2375756857,26
OVRPTW,249,ok,20.9407193284,28
OVRPTW,250,ok,20.8945821682,28
OVRPTW,251,ok,21.0783468990,27
OVRPTW,252,ok,19.5117801996,30
OVRPTW,253,ok,19.3771661496,27
OVRPTW,254,ok,16.3535524230,30
OVRPTW,255,ok,16.9637695928,27
OVRPTW,256,ok,15.8791411268,30
OVRPTW,257,ok,17.6995130763,26
OVRPTW,258,ok,15.9946451148,31
OVRPTW,259,ok,15.5765549080,28
OVRPTW,260,ok,15.3388029681,30
OVRPTW,261,ok,14.5913156538,27
OVRPTW,262,ok,21.3270948114,29
OVRPTW,263,ok,18.9612127394,30
OVRPTW,264,ok,19.0014102509,27
OVRPTW,265,ok,18.3291822060,24
OVRPTW,266,ok,19.0369227834,26
OVRPTW,267,ok,19.6806958120,27
OVRPTW,268,ok,16.0102334262,29
OVRPTW,269,ok,19.0553775405,26
OVRPTW,270,ok,16.2995840880,26
OVRPTW,271,ok,21.0498031532,29
OVRPTW,272,ok,16.8471819937,26
OVRPTW,273,ok,21.7338050467,28
OVRPTW,274,ok,15.5782276225,30
OVRPTW,275,ok,15.7137855381,26
OVRPTW,276,ok,15.7785915028,29
OVRPTW,277,ok,17.9963250501,28
OVRPTW,278,ok,15.3351251383,31
OVRPTW,279,ok,19.3920583264,28
OVRPTW,280,ok,18.4731739118,32
OVRPTW,281,ok,20.6647952859,28
OVRPTW,282,ok,19.2947796913,28
OVRPTW,283,ok,15.0035983418,29
OVRPTW,284,ok,18.0735582950,30
OVRPTW,285,ok,22.7341939972,30
OVRPTW,286,ok,16.1854191775,27
OVRPTW,287,ok,15.7478963906,30
OVRPTW,288,ok,16.5968178964,31
OVRPTW,289,ok,20.8489056473,29
OVRPTW,290,ok,16.3794716771,28
OVRPTW,291,ok,19.6668995515,28
OVRPTW,292,ok,22.5364371148,27
OVRPTW,293,ok,18.9214467577,29
OVRPTW,294,ok,17.3670794921,33
OVRPTW,295,ok,19.0417939090,30
OVRPTW,296,ok,20.0402899943,27
OVRPTW,297,ok,16.1517140687,26
OVRPTW,298,ok,17.3296210458,30
OVRPTW,299,ok,20.0721131164,24
OVRPTW,300,ok,18.6937102971,27
OVRPTW,301,ok,15.8362811584,28
OVRPTW,302,ok,16.4829070266,29
OVRPTW,303,ok,17.1864241406,26
OVRPTW,304,ok,23.1918569985,29
OVRPTW,305,ok,17.2269692024,26
OVRPTW,306,ok,15.6957297846,29
OVRPTW,307,ok,14.8248420798,28
OVRPTW,308,ok,18.3049844459,29
OVRPTW,309,ok,24.2363689748,28
OVRPTW,310,ok,22.3149995507,30
OVRPTW,311,ok,16.1821473540,28
OVRPTW,312,ok,22.4831598127,30
OVRPTW,313,ok,16.9038652313,29
OVRPTW,314,ok,21.1523161481,30
OVRPTW,315,ok,19.2380214697,28
OVRPTW,316,ok,18.8887882858,27
OVRPTW,317,ok,15.3856672853,27
OVRPTW,318,ok,18.2201908848,27
OVRPTW,319,ok,20.5735973598,27
OVRPTW,320,ok,24.5302037192,31
OVRPTW,321,ok,16.9655970256,29
OVRPTW,322,ok,16.9071443949,29
OVRPTW,323,ok,20.7732263478,30
OVRPTW,324,ok,23.5368343842,30
OVRPTW,325,ok,17.5278698803,32
OVRPTW,326,ok,19.4146311678,29
OVRPTW,327,ok,14.5731787483,28
OVRPTW,328,ok,18.7828384831,33
OVRPTW,329,ok,17.6641133490,29
OVRPTW,330,ok,19.8954954218,27
OVRPTW,331,ok,16.2690349903,29
OVRPTW,332,ok,15.3474964900,27
OVRPTW,333,ok,20.3556094772,30
OVRPTW,334,ok,19.6976236045,27
OVRPTW,335,ok,16.0590988321,26
OVRPTW,336,ok,19.3917950706,27
OVRPTW,337,ok,16.9393408178,30
OVRPTW,338,ok,19.2659674247,32
OVRPTW,339,ok,16.5162887165,28
OVRPTW,340,ok,24.0572044538,33
OVRPTW,341,ok,20.8690679205,29
OVRPTW,342,ok,20.1777676828,28
OVRPTW,343,ok,15.5704311760,28
OVRPTW,344,ok,16.0220156247,28
OVRPTW,345,ok,19.3381822903,28
OVRPTW,346,ok,23.4895769978,28
OVRPTW,347,ok,18.9616779746,28
OVRPTW,348,ok,21.5532325628,28
OVRPTW,349,ok,21.2533499124,31
OVRPTW,350,ok,15.5092241336,29
OVRPTW,351,ok,17.2401002125,25
OVRPTW,352,ok,20.3776878619,25
OVRPTW,353,ok,20.5548796273,27
OVRPTW,354,ok,15.6104197898,27
OVRPTW,355,ok,19.2113066719,27
OVRPTW,356,ok,15.3590416479,26
OVRPTW,357,ok,17.4965352668,32
OVRPTW,358,ok,16.7766649914,27
OVRPTW,359,ok,16.9323240133,27
OVRPTW,360,ok,18.8744895245,28
OVRPTW,361,ok,18.3187847391,27
OVRPTW,362,ok,19.7540612434,28
OVRPTW,363,ok,14.4548409877,28
OVRPTW,364,ok,15.2247379059,31
OVRPTW,365,ok,21.5874641781,25
OVRPTW,366,ok,21.3237670290,28
OVRPTW,367,ok,17.3696774762,28
OVRPTW,368,ok,21.7413698844,28
OVRPTW,369,ok,20.7915151344,30
OVRPTW,370,ok,17.2002372840,29
OVRPTW,371,ok,19.7320833979,29
OVRPTW,372,ok,21.7517534979,30
OVRPTW,373,ok,19.7029910165,29
OVRPTW,374,ok,15.4477140159,31
OVRPTW,375,ok,15.3519887774,28
OVRPTW,376,ok,21.1390155171,28
OVRPTW,377,ok,22.9859007195,29
OVRPTW,378,ok,20.2098021183,28
OVRPTW,379,ok,21.8209158046,30
OVRPTW,380,ok,20.4894659913,26
OVRPTW,381,ok,25.6242956213,27
OVRPTW,382,ok,18.5197248121,30
OVRPTW,383,ok,15.8987340913,29
OVRPTW,384,ok,21.7618188873,31
OVRPTW,385,ok,17.6010852248,28
OVRPTW,386,ok,15.9202837344,29
OVRPTW,387,ok,14.7318023142,29
OVRPTW,388,ok,19.0485356977,30
OVRPTW,389,ok,19.7796339983,25
OVRPTW,390,ok,14.9552293721,28
OVRPTW,391,ok,22.1815853612,30
OVRPTW,392,ok,18.7205880080,27
OVRPTW,393,ok,19.8378596008,27
OVRPTW,394,ok,22.6799465903,25
OVRPTW,395,ok,21.5313650656,28
OVRPTW,396,ok,17.3667908769,26
OVRPTW,397,ok,19.0245298137,29
OVRPTW,398,ok,21.5767575539,32
OVRPTW,399,ok,18.9848732937,30
OVRPTW,400,ok,17.1284834469,29
OVRPTW,401,ok,18.1535527621,29
OVRPTW,402,ok,20.4011289077,30
OVRPTW,403,ok,24.6993765616,29
OVRPTW,404,ok,21.0397896993,27
OVRPTW,405,ok,21.5818332621,28
OVRPTW,406,ok,20.0851910931,26
OVRPTW,407,ok,15.4286383532,28
OVRPTW,408,ok,22.2883940692,29
OVRPTW,409,ok,17.8398596659,30
OVRPTW,410,ok,18.0100658148,32
OVRPTW,411,ok,18.1170836443,33
OVRPTW,412,ok,16.7386159420,34
OVRPTW,413,ok,21.3080158059,29
OVRPTW,414,ok,15.0768512548,25
OVRPTW,415,ok,16.4772035441,29
OVRPTW,416,ok,17.5957400978,32
OVRPTW,417,ok,18.4015145073,29
OVRPTW,418,ok,19.3126675115,30
OVRPTW,419,ok,15.1982263026,27
OVRPTW,420,ok,15.8395266096,27
OVRPTW,421,ok,21.8420890671,28
OVRPTW,422,ok,19.6740970279,25
OVRPTW,423,ok,16.7397563842,30
OVRPTW,424,ok,26.7571020683,32
OVRPTW,425,ok,15.5831454497,29
OVRPTW,426,ok,19.6617609172,27
OVRPTW,427,ok,19.1672545855,29
OVRPTW,428,ok,17.0443732355,23
OVRPTW,429,ok,18.3612072424,29
OVRPTW,430,ok,20.1277623511,29
OVRPTW,431,ok,21.1225190422,29
OVRPTW,432,ok,19.3207535514,28
OVRPTW,433,ok,18.3536269559,30
OVRPTW,434,ok,16.6340878612,26
OVRPTW,435,ok,18.0308462542,29
OVRPTW,436,ok,20.5119001979,30
OVRPTW,437,ok,15.5293502517,29
OVRPTW,438,ok,21.5890282636,30
OVRPTW,439,ok,18.4583431477,29
OVRPTW,440,ok,15.7400227699,32
OVRPTW,441,ok,17.5088592217,29
OVRPTW,442,ok,19.0593718400,30
OVRPTW,443,ok,17.8332700676,26
OVRPTW,444,ok,19.4667716320,30
OVRPTW,445,ok,18.6769137066,28
OVRPTW,446,ok,16.3812131031,29
OVRPTW,447,ok,18.3500528219,28
OVRPTW,448,ok,21.4120484285,25
OVRPTW,449,ok,15.8128246363,27
OVRPTW,450,ok,15.4902117564,29
OVRPTW,451,ok,16.2851464553,30
OVRPTW,452,ok,18.2808372997,32
OVRPTW,453,ok,13.9569660843,29
OVRPTW,454,ok,21.7734822049,27
OVRPTW,455,ok,18.1545534582,25
OVRPTW,456,ok,17.6540538576,30
OVRPTW,457,ok,17.9996825744,31
OVRPTW,458,ok,16.2516337077,27
OVRPTW,459,ok,21.7598565517,29
OVRPTW,460,ok,17.0006830519,32
OVRPTW,461,ok,23.6338130710,28
OVRPTW,462,ok,15.8540500491,29
OVRPTW,463,ok,19.0233155807,25
OVRPTW,464,ok,23.4451420298,28
OVRPTW,465,ok,18.8574709885,26
OVRPTW,466,ok,18.0198821514,30
OVRPTW,467,ok,21.8471951235,30
OVRPTW,468,ok,21.1416777928,28
OVRPTW,469,ok,19.2548639519,31
OVRPTW,470,ok,18.0226536082,26
OVRPTW,471,ok,16.5988024252,26
OVRPTW,472,ok,18.9560135306,29
OVRPTW,473,ok,27.4668460633,31
OVRPTW,474,ok,16.4127918473,28
OVRPTW,475,ok,19.3016059580,30
OVRPTW,476,ok,21.7502411480,29
OVRPTW,477,ok,15.8490919120,28
OVRPTW,478,ok,17.7998975243,27
OVRPTW,479,ok,17.1019948171,28
OVRPTW,480,ok,17.0913155778,29
OVRPTW,481,ok,16.3444702171,27
OVRPTW,482,ok,17.1602479093,28
OVRPTW,483,ok,16.6600202360,30
OVRPTW,484,ok,20.3933831336,28
OVRPTW,485,ok,16.4051516991,28
OVRPTW,486,ok,15.0684306494,29
OVRPTW,487,ok,16.2945259194,27
OVRPTW,488,ok,20.5466611052,27
OVRPTW,489,ok,21.5708402216,28
OVRPTW,490,ok,17.1117040436,33
OVRPTW,491,ok,20.0204444617,28
OVRPTW,492,ok,18.5824195107,31
OVRPTW,493,ok,21.8804063032,31
OVRPTW,494,ok,22.4598096574,32
OVRPTW,495,ok,23.5305105986,31
OVRPTW,496,ok,19.9242270912,27
OVRPTW,497,ok,22.3003357528,28
OVRPTW,498,ok,16.5894550953,28
OVRPTW,499,ok,22.6933045759,28
OVRPTW,500,ok,19.8688670677,26
OVRPTW,501,ok,17.7691065968,28
OVRPTW,502,ok,16.0250426111,29
OVRPTW,503,ok,20.1835875744,26
OVRPTW,504,ok,16.7918979566,29
OVRPTW,505,ok,15.1275044421,28
OVRPTW,506,ok,21.2302442649,30
OVRPTW,507,ok,17.2783845265,25
OVRPTW,508,ok,19.1120060185,27
OVRPTW,509,ok,15.3815984393,29
OVRPTW,510,ok,19.1668816906,28
OVRPTW,511,ok,23.0223400366,31
OVRPTW,512,ok,16.7785840511,29
OVRPTW,513,ok,19.0732169185,28
OVRPTW,514,ok,18.3000488423,26
OVRPTW,515,ok,17.2412240930,27
OVRPTW,516,ok,19.6252989968,29
OVRPTW,517,ok,20.5555366341,28
OVRPTW,518,ok,18.9406552656,30
OVRPTW,519,ok,16.1022871876,30
OVRPTW,520,ok,20.9193991543,25
OVRPTW,521,ok,16.7350114073,28
OVRPTW,522,ok,17.5372980594,27
OVRPTW,523,ok,17.1254268426,27
OVRPTW,524,ok,17.4432579558,30
OVRPTW,525,ok,20.5472313584,29
OVRPTW,526,ok,18.4534565362,25
OVRPTW,527,ok,19.0310586473,29
OVRPTW,528,ok,15.1758911497,26
OVRPTW,529,ok,20.7915064937,28
OVRPTW,530,ok,18.6569193327,33
OVRPTW,531,ok,20.9994065098,29
OVRPTW,532,ok,20.0528248098,29
OVRPTW,533,ok,19.9630973170,25
OVRPTW,534,ok,19.0579963459,27
OVRPTW,535,ok,17.2000653394,31
OVRPTW,536,ok,16.4011968359,29
OVRPTW,537,ok,20.6087277489,28
OVRPTW,538,ok,20.2020265824,31
OVRPTW,539,ok,19.5705593386,27
OVRPTW,540,ok,18.4046348170,28
OVRPTW,541,ok,21.1992710586,30
OVRPTW,542,ok,15.6007877318,31
OVRPTW,543,ok,15.5714854934,30
OVRPTW,544,ok,25.9424365650,28
OVRPTW,545,ok,19.6696095121,27
OVRPTW,546,ok,25.0039070164,30
OVRPTW,547,ok,16.8458821175,29
OVRPTW,548,ok,18.7409426482,29
OVRPTW,549,ok,18.8120476656,25
OVRPTW,550,ok,20.1054660730,27
OVRPTW,551,ok,14.8967905414,26
OVRPTW,552,ok,22.0483160746,30
OVRPTW,553,ok,24.9310651437,28
OVRPTW,554,ok,19.0356163418,27
OVRPTW,555,ok,17.8668752646,27
OVRPTW,556,ok,14.6514884517,27
OVRPTW,557,ok,18.3565305183,30
OVRPTW,558,ok,16.4187609907,27
OVRPTW,559,ok,19.5862015704,29
OVRPTW,560,ok,25.3753201898,28
OVRPTW,561,ok,14.5358402065,29
OVRPTW,562,ok,16.1413519072,30
OVRPTW,563,ok,22.0534791266,29
OVRPTW,564,ok,15.3558825277,25
OVRPTW,565,ok,20.6541705528,29
OVRPTW,566,ok,17.1183741391,28
OVRPTW,567,ok,18.5980784779,29
OVRPTW,568,ok,15.7808844460,29
OVRPTW,569,ok,20.4851965527,28
OVRPTW,570,ok,23.9117801320,27
OVRPTW,571,ok,21.6239525071,30
OVRPTW,572,ok,19.7937848737,29
OVRPTW,573,ok,16.0054068931,29
OVRPTW,574,ok,21.2030146879,28
OVRPTW,575,ok,16.4777976190,24
OVRPTW,576,ok,15.4353013861,25
OVRPTW,577,ok,16.9710002074,26
OVRPTW,578,ok,20.0764252183,28
OVRPTW,579,ok,16.6169449833,27
OVRPTW,580,ok,19.4764897927,27
OVRPTW,581,ok,18.6103705898,30
OVRPTW,582,ok,16.9211159324,28
OVRPTW,583,ok,15.9158624354,28
OVRPTW,584,ok,19.3235515790,29
OVRPTW,585,ok,15.7825827321,27
OVRPTW,586,ok,22.4002115349,24
OVRPTW,587,ok,23.2226235463,27
OVRPTW,588,ok,20.9897357243,27
OVRPTW,589,ok,14.5686566161,30
OVRPTW,590,ok,20.4192906205,29
OVRPTW,591,ok,20.5441305857,30
OVRPTW,592,ok,19.0529118803,30
OVRPTW,593,ok,19.9146475664,26
OVRPTW,594,ok,18.1251998208,30
OVRPTW,595,ok,22.8252442872,27
OVRPTW,596,ok,16.4428086349,30
OVRPTW,597,ok,15.6664286796,27
OVRPTW,598,ok,16.4365652951,28
OVRPTW,599,ok,15.7594278863,30
OVRPTW,600,ok,20.3895984351,31
OVRPTW,601,ok,15.7497466064,28
OVRPTW,602,ok,14.6954960871,28
OVRPTW,603,ok,20.4964459102,31
OVRPTW,604,ok,18.5319891903,27
OVRPTW,605,ok,16.0744681251,35
OVRPTW,606,ok,18.5896258717,27
OVRPTW,607,ok,19.0843036370,29
OVRPTW,608,ok,18.9800313034,30
OVRPTW,609,ok,20.1579029203,29
OVRPTW,610,ok,18.8118264006,30
OVRPTW,611,ok,17.5532939364,27
OVRPTW,612,ok,19.9791318417,32
OVRPTW,613,ok,23.3870305097,26
OVRPTW,614,ok,15.7107680038,27
OVRPTW,615,ok,22.7857997781,28
OVRPTW,616,ok,19.2014888890,29
OVRPTW,617,ok,16.6696023127,28
OVRPTW,618,ok,17.7094998946,30
OVRPTW,619,ok,14.9286393829,27
OVRPTW,620,ok,19.6399260579,27
OVRPTW,621,ok,16.1004251105,30
OVRPTW,622,ok,18.8977215829,30
OVRPTW,623,ok,22.1090166409,29
OVRPTW,624,ok,18.7076127514,30
OVRPTW,625,ok,17.0534123261,28
OVRPTW,626,ok,20.6074876192,27
OVRPTW,627,ok,17.2697034531,30
OVRPTW,628,ok,19.7209420519,30
OVRPTW,629,ok,20.5065799816,31
OVRPTW,630,ok,17.7814971203,31
OVRPTW,631,ok,16.4830462556,24
OVRPTW,632,ok,15.5315824155,25
OVRPTW,633,ok,21.5397999992,27
OVRPTW,634,ok,20.7345740255,30
OVRPTW,635,ok,18.9759258435,28
OVRPTW,636,ok,16.7926247731,30
OVRPTW,637,ok,16.9180155631,27
OVRPTW,638,ok,17.5906046103,32
OVRPTW,639,ok,25.4045701883,32
OVRPTW,640,ok,16.4976663703,27
OVRPTW,641,ok,16.6891289837,28
OVRPTW,642,ok,17.8172819841,30
OVRPTW,643,ok,19.9331264864,26
OVRPTW,644,ok,18.5324348128,30
OVRPTW,645,ok,16.0676753136,29
OVRPTW,646,ok,17.6854264940,32
OVRPTW,647,ok,20.5671745421,28
OVRPTW,648,ok,16.1899191796,31
OVRPTW,649,ok,16.8645527101,27
OVRPTW,650,ok,19.4624583714,33
OVRPTW,651,ok,15.8072769252,28
OVRPTW,652,ok,17.9764866802,27
OVRPTW,653,ok,23.7863778226,31
OVRPTW,654,ok,17.4489851289,28
OVRPTW,655,ok,16.8367604486,32
OVRPTW,656,ok,19.8316552961,27
OVRPTW,657,ok,17.6677815297,31
OVRPTW,658,ok,15.7611854786,29
OVRPTW,659,ok,18.5303388062,26
OVRPTW,660,ok,16.2845249411,25
OVRPTW,661,ok,17.9041608968,29
OVRPTW,662,ok,21.2185409563,30
OVRPTW,663,ok,17.6166785781,30
OVRPTW,664,ok,21.7500061650,29
OVRPTW,665,ok,24.3600386627,27
OVRPTW,666,ok,21.3944242631,29
OVRPTW,667,ok,19.7175389761,25
OVRPTW,668,ok,18.7605196318,27
OVRPTW,669,ok,20.6434527568,28
OVRPTW,670,ok,20.0575523275,26
OVRPTW,671,ok,14.6468240713,28
OVRPTW,672,ok,18.8436728104,29
OVRPTW,673,ok,17.4168107695,28
OVRPTW,674,ok,19.5718533544,26
OVRPTW,675,ok,16.6141261616,26
OVRPTW,676,ok,20.5093692043,28
OVRPTW,677,ok,20.0445755688,25
OVRPTW,678,ok,14.7983238543,26
OVRPTW,679,ok,19.7364351425,29
OVRPTW,680,ok,19.4866983797,26
OVRPTW,681,ok,21.7554200602,30
OVRPTW,682,ok,17.2559446139,26
OVRPTW,683,ok,17.7151442611,29
OVRPTW,684,ok,20.3698654104,28
OVRPTW,685,ok,19.8143773511,29
OVRPTW,686,ok,15.1413638629,27
OVRPTW,687,ok,17.1562834864,26
OVRPTW,688,ok,21.5302636567,29
OVRPTW,689,ok,15.6089748118,28
OVRPTW,690,ok,16.2637176693,31
OVRPTW,691,ok,17.9855074650,28
OVRPTW,692,ok,23.4255901709,32
OVRPTW,693,ok,20.4139970365,32
OVRPTW,694,ok,22.5650987742,28
OVRPTW,695,ok,23.9158050283,30
OVRPTW,696,ok,17.7370085315,27
OVRPTW,697,ok,16.9019139500,33
OVRPTW,698,ok,20.3470647016,30
OVRPTW,699,ok,22.5131240611,31
OVRPTW,700,ok,20.0929484324,29
OVRPTW,701,ok,14.8279431195,27
OVRPTW,702,ok,15.9849839337,31
OVRPTW,703,ok,21.4398691771,29
OVRPTW,704,ok,17.9299291166,30
OVRPTW,705,ok,18.3878697354,27
OVRPTW,706,ok,21.4717966995,30
OVRPTW,707,ok,17.2260134357,28
OVRPTW,708,ok,16.2426490634,26
OVRPTW,709,ok,15.2633010834,29
OVRPTW,710,ok,15.8516776012,29
OVRPTW,711,ok,16.2512880367,32
OVRPTW,712,ok,20.3680959289,30
OVRPTW,713,ok,19.4039653932,28
OVRPTW,714,ok,16.9224823034,27
OVRPTW,715,ok,19.6265538984,30
OVRPTW,716,ok,16.1763172931,29
OVRPTW,717,ok,17.3012198258,26
OVRPTW,718,ok,16.6364281352,29
OVRPTW,719,ok,17.0498720768,32
OVRPTW,720,ok,24.2601303112,31
OVRPTW,721,ok,19.4235314584,32
OVRPTW,722,ok,23.2808229086,26
OVRPTW,723,ok,22.0207516212,27
OVRPTW,724,ok,17.0233205268,31
OVRPTW,725,ok,16.9079911792,25
OVRPTW,726,ok,18.9328037286,30
OVRPTW,727,ok,21.4310746257,28
OVRPTW,728,ok,17.7154936285,30
OVRPTW,729,ok,18.4043155663,26
OVRPTW,730,ok,18.6309135350,24
OVRPTW,731,ok,23.3404082967,29
OVRPTW,732,ok,20.1526997048,26
OVRPTW,733,ok,15.9274339764,30
OVRPTW,734,ok,15.6219226098,28
OVRPTW,735,ok,24.5959415151,27
OVRPTW,736,ok,18.0100220725,33
OVRPTW,737,ok,21.6215687767,27
OVRPTW,738,ok,14.9863862648,30
OVRPTW,739,ok,21.3935163065,29
OVRPTW,740,ok,24.6355866183,26
OVRPTW,741,ok,24.7089528402,29
OVRPTW,742,ok,18.1367510288,29
OVRPTW,743,ok,17.8146317910,31
OVRPTW,744,ok,20.1268558515,32
OVRPTW,745,ok,16.4694938562,28
OVRPTW,746,ok,18.8332236099,29
OVRPTW,747,ok,15.5660771773,27
OVRPTW,748,ok,16.4118436762,31
OVRPTW,749,ok,17.5863225745,29
OVRPTW,750,ok,15.4035297333,27
OVRPTW,751,ok,19.5017578433,27
OVRPTW,752,ok,16.5219034188,28
OVRPTW,753,ok,17.8927143325,31
OVRPTW,754,ok,19.6443930722,34
OVRPTW,755,ok,21.6168694248,26
OVRPTW,756,ok,18.0808340030,31
OVRPTW,757,ok,17.3582856353,28
OVRPTW,758,ok,17.6052472357,31
OVRPTW,759,ok,16.3273445722,26
OVRPTW,760,ok,16.9563321189,26
OVRPTW,761,ok,24.1114873590,33
OVRPTW,762,ok,21.7169778039,30
OVRPTW,763,ok,20.5101474387,32
OVRPTW,764,ok,17.3097760802,29
OVRPTW,765,ok,19.5983294986,31
OVRPTW,766,ok,14.2165382605,26
OVRPTW,767,ok,21.4397878588,27
OVRPTW,768,ok,18.3568562973,29
OVRPTW,769,ok,17.5757369324,26
OVRPTW,770,ok,13.9428516338,25
OVRPTW,771,ok,15.6982208240,30
OVRPTW,772,ok,20.6284244946,28
OVRPTW,773,ok,22.5344076553,26
OVRPTW,774,ok,18.7112827017,27
OVRPTW,775,ok,21.9252508232,32
OVRPTW,776,ok,19.4292853261,30
OVRPTW,777,ok,19.6948652916,29
OVRPTW,778,ok,17.4979335472,31
OVRPTW,779,ok,23.0991406317,25
OVRPTW,780,ok,18.5022767087,30
OVRPTW,781,ok,17.6937085937,28
OVRPTW,782,ok,23.4486183906,30
OVRPTW,783,ok,17.4568406885,26
OVRPTW,784,ok,20.1202739997,30
OVRPTW,785,ok,21.1083382741,32
OVRPTW,786,ok,17.3748228752,29
OVRPTW,787,ok,16.2500168944,29
OVRPTW,788,ok,21.1700554865,29
OVRPTW,789,ok,18.0210204362,30
OVRPTW,790,ok,17.1022208970,31
OVRPTW,791,ok,17.5577009176,27
OVRPTW,792,ok,19.2076207816,30
OVRPTW,793,ok,18.6175498916,28
OVRPTW,794,ok,19.5705357400,32
OVRPTW,795,ok,17.8969910535,27
OVRPTW,796,ok,18.4622691987,29
OVRPTW,797,ok,19.0229703957,30
OVRPTW,798,ok,16.8379137620,29
OVRPTW,799,ok,22.5855597320,28
OVRPTW,800,ok,18.1055396932,29
OVRPTW,801,ok,20.0652269649,31
OVRPTW,802,ok,20.7488644882,32
OVRPTW,803,ok,18.2982492620,28
OVRPTW,804,ok,18.7145685014,28
OVRPTW,805,ok,16.9713207208,26
OVRPTW,806,ok,19.3595791632,27
OVRPTW,807,ok,17.6629299498,32
OVRPTW,808,ok,18.4707917131,28
OVRPTW,809,ok,20.6239265385,27
OVRPTW,810,ok,19.5996703328,32
OVRPTW,811,ok,18.5146856211,31
OVRPTW,812,ok,17.8032070381,25
OVRPTW,813,ok,18.4486503797,29
OVRPTW,814,ok,16.0416375075,30
OVRPTW,815,ok,15.1174793675,31
OVRPTW,816,ok,20.4339142084,28
OVRPTW,817,ok,19.9575215346,28
OVRPTW,818,ok,21.9216507767,29
OVRPTW,819,ok,15.9470480161,28
OVRPTW,820,ok,16.2104446700,27
OVRPTW,821,ok,17.3009561190,30
OVRPTW,822,ok,22.7467965444,28
OVRPTW,823,ok,19.8773013931,26
OVRPTW,824,ok,17.8346718344,27
OVRPTW,825,ok,19.6906421247,30
OVRPTW,826,ok,25.0292176699,29
OVRPTW,827,ok,18.6130822712,27
OVRPTW,828,ok,22.6254250279,30
OVRPTW,829,ok,18.0222808020,33
OVRPTW,830,ok,21.5875417834,30
OVRPTW,831,ok,16.5564325571,30
OVRPTW,832,ok,17.3639689110,29
OVRPTW,833,ok,17.3505811703,28
OVRPTW,834,ok,16.8600302029,27
OVRPTW,835,ok,22.8748084657,28
OVRPTW,836,ok,21.2189167715,30
OVRPTW,837,ok,17.0625343536,30
OVRPTW,838,ok,20.4645564373,30
OVRPTW,839,ok,20.3414609443,31
OVRPTW,840,ok,17.9116375905,30
OVRPTW,841,ok,21.6688039181,29
OVRPTW,842,ok,17.9619193823,29
OVRPTW,843,ok,19.5850702220,31
OVRPTW,844,ok,20.2281137239,27
OVRPTW,845,ok,16.1530928435,28
OVRPTW,846,ok,19.4771574846,27
OVRPTW,847,ok,21.6993097368,28
OVRPTW,848,ok,16.7449176005,31
OVRPTW,849,ok,20.0971286783,30
OVRPTW,850,ok,16.5621035201,28
OVRPTW,851,ok,18.6397158082,29
OVRPTW,852,ok,18.3549600162,29
OVRPTW,853,ok,16.1674568507,29
OVRPTW,854,ok,20.5345111967,29
OVRPTW,855,ok,19.6504672036,27
OVRPTW,856,ok,17.4101559687,26
OVRPTW,857,ok,20.5273896986,30
OVRPTW,858,ok,18.2652757186,30
OVRPTW,859,ok,17.2854103696,32
OVRPTW,860,ok,23.0838164768,29
OVRPTW,861,ok,20.8952354937,30
OVRPTW,862,ok,16.7145752200,26
OVRPTW,863,ok,15.8841013863,29
OVRPTW,864,ok,21.9275415243,30
OVRPTW,865,ok,16.8278148216,30
OVRPTW,866,ok,14.7274666033,25
OVRPTW,867,ok,16.6625017658,28
OVRPTW,868,ok,23.3727479101,28
OVRPTW,869,ok,17.6426532275,27
OVRPTW,870,ok,17.6004496634,28
OVRPTW,871,ok,15.8355259189,31
OVRPTW,872,ok,20.3573742659,28
OVRPTW,873,ok,20.7214661782,28
OVRPTW,874,ok,20.2549613794,26
OVRPTW,875,ok,20.4513988803,31
OVRPTW,876,ok,21.2925796324,31
OVRPTW,877,ok,17.9231872917,28
OVRPTW,878,ok,18.8036652398,29
OVRPTW,879,ok,23.1950149431,27
OVRPTW,880,ok,18.2614316647,29
OVRPTW,881,ok,24.2068759397,27
OVRPTW,882,ok,20.6815919532,29
OVRPTW,883,ok,17.1061530361,27
OVRPTW,884,ok,16.5357949637,29
OVRPTW,885,ok,15.9050595345,31
OVRPTW,886,ok,19.4349167081,29
OVRPTW,887,ok,17.1883704665,29
OVRPTW,888,ok,17.1143101093,28
OVRPTW,889,ok,19.0310831022,29
OVRPTW,890,ok,20.5499242954,28
OVRPTW,891,ok,16.5949499804,29
OVRPTW,892,ok,17.6299017137,25
OVRPTW,893,ok,19.2492974772,28
OVRPTW,894,ok,22.5207129147,30
OVRPTW,895,ok,20.0497844512,31
OVRPTW,896,ok,17.0152138012,29
OVRPTW,897,ok,19.3419942657,31
OVRPTW,898,ok,17.7307664522,30
OVRPTW,899,ok,15.5052110398,27
OVRPTW,900,ok,19.0287488511,28
OVRPTW,901,ok,22.4812153568,24
OVRPTW,902,ok,15.1465120613,32
OVRPTW,903,ok,23.1809866892,30
OVRPTW,904,ok,18.5600376001,29
OVRPTW,905,ok,21.2032544892,29
OVRPTW,906,ok,20.8846432823,29
OVRPTW,907,ok,18.3536640379,30
OVRPTW,908,ok,21.1840204569,29
OVRPTW,909,ok,19.2312895482,30
OVRPTW,910,ok,18.1727261859,27
OVRPTW,911,ok,17.9820223374,28
OVRPTW,912,ok,16.4940945354,30
OVRPTW,913,ok,16.9035701415,30
OVRPTW,914,ok,20.9889615858,29
OVRPTW,915,ok,20.9207710259,28
OVRPTW,916,ok,16.1771443333,27
OVRPTW,917,ok,24.9156611198,33
OVRPTW,918,ok,18.8608624333,31
OVRPTW,919,ok,16.5548191226,27
OVRPTW,920,ok,16.0743449714,29
OVRPTW,921,ok,20.6198831691,26
OVRPTW,922,ok,16.4926725245,31
OVRPTW,923,ok,16.0015425981,33
OVRPTW,924,ok,16.2764613398,29
OVRPTW,925,ok,19.4758186219,25
OVRPTW,926,ok,22.5426479514,31
OVRPTW,927,ok,20.2907877118,31
OVRPTW,928,ok,18.9684307772,29
OVRPTW,929,ok,16.6798198540,31
OVRPTW,930,ok,17.9620240936,29
OVRPTW,931,ok,17.9768952415,26
OVRPTW,932,ok,20.1003107377,28
OVRPTW,933,ok,21.3175986700,28
OVRPTW,934,ok,23.2510172548,27
OVRPTW,935,ok,16.7230430413,28
OVRPTW,936,ok,16.9773740471,32
OVRPTW,937,ok,19.9529127432,29
OVRPTW,938,ok,21.2666086825,29
OVRPTW,939,ok,21.5562504510,33
OVRPTW,940,ok,15.8896356190,32
OVRPTW,941,ok,22.9473859044,28
OVRPTW,942,ok,20.1115870209,26
OVRPTW,943,ok,17.4388512259,29
OVRPTW,944,ok,20.8247829344,29
OVRPTW,945,ok,20.5220785108,34
OVRPTW,946,ok,18.8556655065,28
OVRPTW,947,ok,17.2972537147,28
OVRPTW,948,ok,23.3317936684,27
OVRPTW,949,ok,20.9496167060,30
OVRPTW,950,ok,19.4681067144,27
OVRPTW,951,ok,17.0505275876,30
OVRPTW,952,ok,23.0482120105,29
OVRPTW,953,ok,17.9088851792,29
OVRPTW,954,ok,18.9852085211,28
OVRPTW,955,ok,17.1181686475,26
OVRPTW,956,ok,15.9011408908,27
OVRPTW,957,ok,20.0246095429,26
OVRPTW,958,ok,21.1224749279,32
OVRPTW,959,ok,14.7792998904,27
OVRPTW,960,ok,16.5547736102,28
OVRPTW,961,ok,20.2747258362,29
OVRPTW,962,ok,22.1007079355,27
OVRPTW,963,ok,18.3860333950,29
OVRPTW,964,ok,24.6644762058,29
OVRPTW,965,ok,19.4541717488,30
OVRPTW,966,ok,17.1595340591,26
OVRPTW,967,ok,19.6752401130,31
OVRPTW,968,ok,25.3603713021,30
OVRPTW,969,ok,22.9206862850,28
OVRPTW,970,ok,19.9439453621,32
OVRPTW,971,ok,14.9151938063,30
OVRPTW,972,ok,18.3508562432,27
OVRPTW,973,ok,16.5446067365,28
OVRPTW,974,ok,18.7800645669,28
OVRPTW,975,ok,21.4390156176,25
OVRPTW,976,ok,19.3218216881,27
OVRPTW,977,ok,18.6975897786,28
OVRPTW,978,ok,21.8338510308,27
OVRPTW,979,ok,25.1718354569,28
OVRPTW,980,ok,19.0310730032,28
OVRPTW,981,ok,23.6927161456,27
OVRPTW,982,ok,21.0382166732,27
OVRPTW,983,ok,18.4123549905,26
OVRPTW,984,ok,16.7688669847,30
OVRPTW,985,ok,15.4030384127,26
OVRPTW,986,ok,20.2644855203,28
OVRPTW,987,ok,20.3836502986,28
OVRPTW,988,ok,18.2394312222,29
OVRPTW,989,ok,16.0258058100,29
OVRPTW,990,ok,19.1847114028,30
OVRPTW,991,ok,16.7098213159,29
OVRPTW,992,ok,15.8376813043,30
OVRPTW,993,ok,16.1560978963,25
OVRPTW,994,ok,17.3398810793,30
OVRPTW,995,ok,23.2699343230,26
OVRPTW,996,ok,20.7199776286,29
OVRPTW,997,ok,17.7956140733,30
OVRPTW,998,ok,17.0221652420,29
OVRPTW,999,ok,15.7780571216,29
OVRPB,0,ok,9.9974157604,10
OVRPB,1,ok,9.6805901816,9
OVRPB,2,ok,11.0304907512,7
OVRPB,3,ok,9.4025905651,5
OVRPB,4,ok,9.5245250639,9
OVRPB,5,ok,8.7922397822,7
OVRPB,6,ok,9.0289619218,9
OVRPB,7,ok,9.5984316057,8
OVRPB,8,ok,9.5730932335,8
OVRPB,9,ok,10.2362629469,9
OVRPB,10,ok,10.0160104627,7
OVRPB,11,ok,8.9527683474,10
OVRPB,12,ok,9.3251296110,9
OVRPB,13,ok,9.1897333071,7
OVRPB,14,ok,9.0396302971,8
OVRPB,15,ok,9.6490710496,8
OVRPB,16,ok,9.0535166917,8
OVRPB,17,ok,9.6793483246,8
OVRPB,18,ok,10.2489701639,6
OVRPB,19,ok,10.0614533704,9
OVRPB,20,ok,9.4244013415,7
OVRPB,21,ok,10.3698488195,8
OVRPB,22,ok,9.9206275025,9
OVRPB,23,ok,10.6691075194,8
OVRPB,24,ok,10.3372708697,9
OVRPB,25,ok,9.5925377112,6
OVRPB,26,ok,10.0917952528,8
OVRPB,27,ok,9.6001735144,7
OVRPB,28,ok,9.5599080791,7
OVRPB,29,ok,8.8793022094,9
OVRPB,30,ok,8.6895111819,8
OVRPB,31,ok,9.7737240540,8
OVRPB,32,ok,10.5050797751,8
OVRPB,33,ok,9.8615753021,7
OVRPB,34,ok,10.0757681522,8
OVRPB,35,ok,8.1761248280,10
OVRPB,36,ok,9.6802542550,10
OVRPB,37,ok,9.4178914708,9
OVRPB,38,ok,10.0869096353,7
OVRPB,39,ok,10.8453122470,8
OVRPB,40,ok,10.3302653234,7
OVRPB,41,ok,9.2549057913,7
OVRPB,42,ok,8.4315912014,7
OVRPB,43,ok,8.6122198043,8
OVRPB,44,ok,8.6914401685,7
OVRPB,45,ok,10.2236745113,7
OVRPB,46,ok,9.7002087200,6
OVRPB,47,ok,9.0448749856,9
OVRPB,48,ok,9.8211364550,8
OVRPB,49,ok,9.1226380276,8
OVRPB,50,ok,11.0482820528,9
OVRPB,51,ok,11.6102012551,9
OVRPB,52,ok,9.2902215623,8
OVRPB,53,ok,8.6731080551,7
OVRPB,54,ok,9.5850301901,7
OVRPB,55,ok,8.4302464250,9
OVRPB,56,ok,9.0904023322,8
OVRPB,57,ok,8.7888311358,7
OVRPB,58,ok,8.9161769627,8
OVRPB,59,ok,10.9109445120,7
OVRPB,60,ok,9.5091070216,7
OVRPB,61,ok,9.2950354910,7
OVRPB,62,ok,10.0521944509,9
OVRPB,63,ok,9.5455094939,7
OVRPB,64,ok,9.0543291930,8
OVRPB,65,ok,11.5429759308,8
OVRPB,66,ok,9.4573969534,8
OVRPB,67,ok,10.1576487948,9
OVRPB,68,ok,8.9111863383,9
OVRPB,69,ok,9.5376797119,7
OVRPB,70,ok,9.3255108304,9
OVRPB,71,ok,9.1303851830,9
OVRPB,72,ok,10.4600783455,7
OVRPB,73,ok,9.8914926065,9
OVRPB,74,ok,9.4084907152,8
OVRPB,75,ok,9.3695576917,9
OVRPB,76,ok,9.5779749936,8
OVRPB,77,ok,8.9831723464,9
OVRPB,78,ok,8.9214151749,8
OVRPB,79,ok,9.1742115490,7
OVRPB,80,ok,9.7419109108,7
OVRPB,81,ok,9.5401385840,11
OVRPB,82,ok,10.3418765225,7
OVRPB,83,ok,8.8885308134,7
OVRPB,84,ok,9.8548448856,9
OVRPB,85,ok,10.0684853885,9
OVRPB,86,ok,9.3421329165,9
OVRPB,87,ok,10.9983651195,7
OVRPB,88,ok,9.4875178865,7
OVRPB,89,ok,9.2132470722,8
OVRPB,90,ok,10.1702906512,9
OVRPB,91,ok,9.3603711373,9
OVRPB,92,ok,10.9613469170,7
OVRPB,93,ok,8.8770291008,11
OVRPB,94,ok,8.3998433319,7
OVRPB,95,ok,9.3708274342,7
OVRPB,96,ok,10.1317518932,8
OVRPB,97,ok,10.9442450461,8
OVRPB,98,ok,10.2181282472,8
OVRPB,99,ok,8.9650188267,6
OVRPB,100,ok,9.8691654694,7
OVRPB,101,ok,10.1527571575,8
OVRPB,102,ok,9.7343472757,9
OVRPB,103,ok,10.2342738394,9
OVRPB,104,ok,9.0951951845,10
OVRPB,105,ok,9.5359423206,9
OVRPB,106,ok,11.9712249683,7
OVRPB,107,ok,9.8067710630,9
OVRPB,108,ok,9.2225397525,7
OVRPB,109,ok,9.6928340065,9
OVRPB,110,ok,10.4100699063,8
OVRPB,111,ok,9.5679287611,7
OVRPB,112,ok,10.1485576650,8
OVRPB,113,ok,9.7091595207,9
OVRPB,114,ok,9.4758046479,9
OVRPB,115,ok,10.4853089381,7
OVRPB,116,ok,9.2826202243,8
OVRPB,117,ok,10.8556303101,8
OVRPB,118,ok,9.4618893827,9
OVRPB,119,ok,8.8967443845,5
OVRPB,120,ok,9.7296833319,7
OVRPB,121,ok,10.2182124912,8
OVRPB,122,ok,9.0475410745,8
OVRPB,123,ok,9.8290968494,9
OVRPB,124,ok,10.6708872911,10
OVRPB,125,ok,9.2257948381,7
OVRPB,126,ok,10.3095685330,7
OVRPB,127,ok,8.6185901476,10
OVRPB,128,ok,10.2704448898,7
OVRPB,129,ok,9.3599659930,8
OVRPB,130,ok,9.0359690959,8
OVRPB,131,ok,9.3899674730,9
OVRPB,132,ok,9.8364213968,7
OVRPB,133,ok,8.7560073099,8
OVRPB,134,ok,9.7620148844,7
OVRPB,135,ok,9.1916515948,10
OVRPB,136,ok,8.9186162022,6
OVRPB,137,ok,10.0696340834,8
OVRPB,138,ok,10.7788320486,7
OVRPB,139,ok,10.0140253340,8
OVRPB,140,ok,8.7491194940,8
OVRPB,141,ok,10.0930019703,7
OVRPB,142,ok,8.7411601520,7
OVRPB,143,ok,10.0398392654,9
OVRPB,144,ok,8.8101354172,7
OVRPB,145,ok,9.1040486100,7
OVRPB,146,ok,9.7847525911,6
OVRPB,147,ok,10.1428383725,8
OVRPB,148,ok,9.3078410744,10
OVRPB,149,ok,10.8474830381,8
OVRPB,150,ok,8.9359145112,8
OVRPB,151,ok,10.6371925167,8
OVRPB,152,ok,10.3046225844,11
OVRPB,153,ok,9.1382246702,10
OVRPB,154,ok,9.6704433711,7
OVRPB,155,ok,9.7549157853,7
OVRPB,156,ok,8.6883602776,7
OVRPB,157,ok,10.0951103525,8
OVRPB,158,ok,9.6354126645,7
OVRPB,159,ok,10.2077033054,10
OVRPB,160,ok,9.8073464182,7
OVRPB,161,ok,9.7595887977,8
OVRPB,162,ok,10.5343447203,8
OVRPB,163,ok,9.0984264548,7
OVRPB,164,ok,9.3706057669,7
OVRPB,165,ok,9.1200017272,8
OVRPB,166,ok,9.5574500017,9
OVRPB,167,ok,10.1095939128,7
OVRPB,168,ok,10.6892251764,6
OVRPB,169,ok,10.5426392500,7
OVRPB,170,ok,9.1470014577,8
OVRPB,171,ok,10.4652056664,7
OVRPB,172,ok,10.9850984901,9
OVRPB,173,ok,10.2207486787,8
OVRPB,174,ok,10.2281582739,8
OVRPB,175,ok,10.0873981984,9
OVRPB,176,ok,10.2361744657,9
OVRPB,177,ok,9.7809740151,7
OVRPB,178,ok,8.9675643501,9
OVRPB,179,ok,9.6838471287,9
OVRPB,180,ok,9.6460785009,8
OVRPB,181,ok,9.0630500233,9
OVRPB,182,ok,9.5105397724,8
OVRPB,183,ok,9.4822213853,5
OVRPB,184,ok,9.5650824701,8
OVRPB,185,ok,8.9852910168,9
OVRPB,186,ok,11.2438460772,8
OVRPB,187,ok,9.2267426617,8
OVRPB,188,ok,11.2834684823,8
OVRPB,189,ok,9.8802466070,10
OVRPB,190,ok,10.0126999853,6
OVRPB,191,ok,9.6809729676,9
OVRPB,192,ok,9.7534718648,8
OVRPB,193,ok,10.4035309572,10
OVRPB,194,ok,9.7155150274,7
OVRPB,195,ok,9.3155267275,7
OVRPB,196,ok,8.9446738262,8
OVRPB,197,ok,10.3110080019,8
OVRPB,198,ok,10.5309190698,8
OVRPB,199,ok,10.6570701006,8
OVRPB,200,ok,9.2565739292,9
OVRPB,201,ok,9.8706699308,9
OVRPB,202,ok,9.8942443428,8
OVRPB,203,ok,9.4977046886,8
OVRPB,204,ok,9.2687795186,8
OVRPB,205,ok,9.2820733034,8
OVRPB,206,ok,10.2563211299,8
OVRPB,207,ok,9.6306387057,7
OVRPB,208,ok,10.0545164236,7
OVRPB,209,ok,9.4310891051,7
OVRPB,210,ok,10.3942555906,9
OVRPB,211,ok,9.8159244117,7
OVRPB,212,ok,10.4364208275,8
OVRPB,213,ok,9.3180327897,8
OVRPB,214,ok,9.5583449682,7
OVRPB,215,ok,9.9443968116,10
OVRPB,216,ok,9.8708939994,8
OVRPB,217,ok,9.1162375867,8
OVRPB,218,ok,9.0832568083,10
OVRPB,219,ok,10.1362676575,9
OVRPB,220,ok,9.9171893212,10
OVRPB,221,ok,10.6831037669,8
OVRPB,222,ok,9.8326122999,8
OVRPB,223,ok,8.9003318423,7
OVRPB,224,ok,10.2335254840,9
OVRPB,225,ok,10.1576202878,9
OVRPB,226,ok,9.5117546697,7
OVRPB,227,ok,9.4764533658,8
OVRPB,228,ok,9.9069034495,9
OVRPB,229,ok,12.1006847324,8
OVRPB,230,ok,10.6204024288,8
OVRPB,231,ok,8.9490653031,8
OVRPB,232,ok,10.4372290110,6
OVRPB,233,ok,10.1805963685,7
OVRPB,234,ok,9.9320838031,8
OVRPB,235,ok,8.7728145169,8
OVRPB,236,ok,9.0222759489,11
OVRPB,237,ok,10.2684171409,6
OVRPB,238,ok,8.9993410892,9
OVRPB,239,ok,9.7786246218,10
OVRPB,240,ok,8.7976455703,8
OVRPB,241,ok,9.3319231500,9
OVRPB,242,ok,9.2913814770,7
OVRPB,243,ok,9.0782011543,9
OVRPB,244,ok,9.8480065016,7
OVRPB,245,ok,10.4444138513,9
OVRPB,246,ok,10.4684882406,8
OVRPB,247,ok,10.2321039767,7
OVRPB,248,ok,10.3677673709,8
OVRPB,249,ok,8.8693999089,8
OVRPB,250,ok,10.1211322315,8
OVRPB,251,ok,9.6772020101,7
OVRPB,252,ok,10.0674344344,7
OVRPB,253,ok,10.0138209389,7
OVRPB,254,ok,9.6384164239,8
OVRPB,255,ok,9.3752639249,7
OVRPB,256,ok,10.6778286951,7
OVRPB,257,ok,10.1430040995,8
OVRPB,258,ok,9.0291212045,9
OVRPB,259,ok,10.1664453486,10
OVRPB,260,ok,9.9560033798,7
OVRPB,261,ok,10.3754443380,8
OVRPB,262,ok,8.8415222243,7
OVRPB,263,ok,9.8882422409,7
OVRPB,264,ok,10.3065923552,7
OVRPB,265,ok,9.8166913403,7
OVRPB,266,ok,9.1706964915,8
OVRPB,267,ok,9.5934406270,8
OVRPB,268,ok,9.8906557667,9
OVRPB,269,ok,9.9340993066,10
OVRPB,270,ok,9.6813826402,7
OVRPB,271,ok,9.2012116953,7
OVRPB,272,ok,10.5835441961,8
OVRPB,273,ok,10.2487635668,8
OVRPB,274,ok,8.7340922474,8
OVRPB,275,ok,9.0174164712,8
OVRPB,276,ok,10.1702822575,7
OVRPB,277,ok,9.1121755126,9
OVRPB,278,ok,10.3075120538,11
OVRPB,279,ok,9.0561764644,8
OVRPB,280,ok,9.1938786075,9
OVRPB,281,ok,11.4216254399,10
OVRPB,282,ok,8.9473085513,7
OVRPB,283,ok,10.9569016001,7
OVRPB,284,ok,9.8176371407,10
OVRPB,285,ok,9.8571877440,7
OVRPB,286,ok,8.8373093789,10
OVRPB,287,ok,9.0104644092,9
OVRPB,288,ok,9.2327411913,8
OVRPB,289,ok,10.6867635814,8
OVRPB,290,ok,10.5839815606,9
OVRPB,291,ok,10.1712902565,8
OVRPB,292,ok,9.0000538531,6
OVRPB,293,ok,9.0444211497,9
OVRPB,294,ok,8.6264356416,8
OVRPB,295,ok,9.7036825871,10
OVRPB,296,ok,9.2134835606,9
OVRPB,297,ok,9.3795372665,8
OVRPB,298,ok,9.5990398089,8
OVRPB,299,ok,9.6286483765,9
OVRPB,300,ok,10.0258907945,7
OVRPB,301,ok,10.0262781996,10
OVRPB,302,ok,9.5471125882,8
OVRPB,303,ok,10.6052127703,7
OVRPB,304,ok,9.1800540267,8
OVRPB,305,ok,9.4926992017,9
OVRPB,306,ok,9.5443693083,6
OVRPB,307,ok,9.4370706680,8
OVRPB,308,ok,10.1679049359,9
OVRPB,309,ok,11.0412484104,7
OVRPB,310,ok,9.4179698885,7
OVRPB,311,ok,9.7398907784,9
OVRPB,312,ok,9.3368112042,8
OVRPB,313,ok,10.3350280211,7
OVRPB,314,ok,9.1465670656,9
OVRPB,315,ok,9.8789592097,7
OVRPB,316,ok,9.0261591636,8
OVRPB,317,ok,8.7517618060,6
OVRPB,318,ok,10.1994581820,8
OVRPB,319,ok,9.9565757299,8
OVRPB,320,ok,10.0573635957,8
OVRPB,321,ok,9.7351259528,8
OVRPB,322,ok,9.5131762111,9
OVRPB,323,ok,9.4363936537,11
OVRPB,324,ok,10.0280100440,8
OVRPB,325,ok,8.3598928680,9
OVRPB,326,ok,9.2851166863,8
OVRPB,327,ok,10.2745382692,9
OVRPB,328,ok,9.6599279221,10
OVRPB,329,ok,9.6267236609,7
OVRPB,330,ok,8.7408106081,7
OVRPB,331,ok,8.8065051755,8
OVRPB,332,ok,9.8069315178,8
OVRPB,333,ok,8.8378980530,7
OVRPB,334,ok,10.4491537477,11
OVRPB,335,ok,9.3818331541,9
OVRPB,336,ok,9.7219907613,9
OVRPB,337,ok,9.7260985010,8
OVRPB,338,ok,10.4267412196,9
OVRPB,339,ok,10.0093968833,8
OVRPB,340,ok,10.5292778893,8
OVRPB,341,ok,10.3228171563,10
OVRPB,342,ok,9.4501936178,10
OVRPB,343,ok,8.7157440262,8
OVRPB,344,ok,10.4382675097,8
OVRPB,345,ok,9.0304303984,11
OVRPB,346,ok,9.6813709682,7
OVRPB,347,ok,9.6538907163,9
OVRPB,348,ok,9.5393479636,8
OVRPB,349,ok,9.9419891903,9
OVRPB,350,ok,10.7845422075,7
OVRPB,351,ok,9.5460109570,8
OVRPB,352,ok,10.4545930537,7
OVRPB,353,ok,10.2920448444,8
OVRPB,354,ok,11.6286294465,7
OVRPB,355,ok,9.1085482530,6
OVRPB,356,ok,9.4629461387,8
OVRPB,357,ok,9.1770835680,7
OVRPB,358,ok,9.9476000627,8
OVRPB,359,ok,9.4122571653,10
OVRPB,360,ok,10.7085017882,7
OVRPB,361,ok,9.5705629925,9
OVRPB,362,ok,9.9013121158,7
OVRPB,363,ok,9.7893715763,8
OVRPB,364,ok,10.4263234009,8
OVRPB,365,ok,9.7078294977,9
OVRPB,366,ok,11.0996416891,9
OVRPB,367,ok,9.5558841207,9
OVRPB,368,ok,9.8713850433,9
OVRPB,369,ok,10.0836944535,10
OVRPB,370,ok,10.4113672587,7
OVRPB,371,ok,10.4846210548,7
OVRPB,372,ok,8.9459827982,10
OVRPB,373,ok,10.4433149664,8
OVRPB,374,ok,8.9659716093,9
OVRPB,375,ok,10.0372778676,8
OVRPB,376,ok,9.4284472759,7
OVRPB,377,ok,10.5088406595,8
OVRPB,378,ok,10.4927508145,9
OVRPB,379,ok,10.3586131467,8
OVRPB,380,ok,9.5168888624,9
OVRPB,381,ok,8.8847759991,9
OVRPB,382,ok,11.0585662795,8
OVRPB,383,ok,8.9607523820,6
OVRPB,384,ok,10.3356767525,9
OVRPB,385,ok,9.9496837004,6
OVRPB,386,ok,10.1699393708,7
OVRPB,387,ok,10.8724560211,10
OVRPB,388,ok,10.0054338093,11
OVRPB,389,ok,9.2437366664,8
OVRPB,390,ok,10.2269849792,7
OVRPB,391,ok,9.6669160678,7
OVRPB,392,ok,9.2826250929,8
OVRPB,393,ok,8.8733938576,7
OVRPB,394,ok,9.8562016871,8
OVRPB,395,ok,11.3286922879,7
OVRPB,396,ok,9.5281189308,8
OVRPB,397,ok,10.6113607283,7
OVRPB,398,ok,9.7777621282,8
OVRPB,399,ok,9.7742094549,7
OVRPB,400,ok,9.4332333117,6
OVRPB,401,ok,10.6688428983,8
OVRPB,402,ok,9.1877825305,8
OVRPB,403,ok,9.6831966653,9
OVRPB,404,ok,9.7738171639,9
OVRPB,405,ok,9.8060637720,10
OVRPB,406,ok,9.0369260238,7
OVRPB,407,ok,10.1533130185,10
OVRPB,408,ok,9.7423268166,7
OVRPB,409,ok,10.9522392202,6
OVRPB,410,ok,10.3462525014,7
OVRPB,411,ok,8.9666718996,8
OVRPB,412,ok,10.1331223328,7
OVRPB,413,ok,10.4010545011,8
OVRPB,414,ok,9.3160840121,8
OVRPB,415,ok,9.1485132833,9
OVRPB,416,ok,9.2952586985,7
OVRPB,417,ok,9.2623724066,7
OVRPB,418,ok,9.9499113080,7
OVRPB,419,ok,8.9745024063,9
OVRPB,420,ok,9.5880828676,10
OVRPB,421,ok,9.5798310310,8
OVRPB,422,ok,9.3815808845,8
OVRPB,423,ok,9.6054101714,8
OVRPB,424,ok,10.3379916458,8
OVRPB,425,ok,10.2154655015,8
OVRPB,426,ok,9.4735852308,7
OVRPB,427,ok,8.8284208854,8
OVRPB,428,ok,9.9332210747,8
OVRPB,429,ok,8.6290976931,12
OVRPB,430,ok,9.4850888411,7
OVRPB,431,ok,9.7388853418,9
OVRPB,432,ok,9.9359196738,8
OVRPB,433,ok,9.6911564631,8
OVRPB,434,ok,9.9032719232,8
OVRPB,435,ok,8.8935122764,7
OVRPB,436,ok,9.5254654797,10
OVRPB,437,ok,10.5980715129,7
OVRPB,438,ok,10.1724587753,8
OVRPB,439,ok,9.5839549312,8
OVRPB,440,ok,9.5923179028,8
OVRPB,441,ok,9.2184890304,8
OVRPB,442,ok,8.8600929205,9
OVRPB,443,ok,9.8818761225,8
OVRPB,444,ok,10.9929846889,8
OVRPB,445,ok,9.7022960524,7
OVRPB,446,ok,11.1283371984,7
OVRPB,447,ok,10.9435805028,7
OVRPB,448,ok,9.3320571544,7
OVRPB,449,ok,9.0503905898,11
OVRPB,450,ok,10.3841916698,8
OVRPB,451,ok,10.9226869413,8
OVRPB,452,ok,8.8106959580,6
OVRPB,453,ok,8.9336878736,9
OVRPB,454,ok,8.5744344168,9
OVRPB,455,ok,9.7201362627,9
OVRPB,456,ok,8.9449178736,9
OVRPB,457,ok,11.2516824920,11
OVRPB,458,ok,9.5152070764,8
OVRPB,459,ok,9.6881764847,7
OVRPB,460,ok,9.4508147303,7
OVRPB,461,ok,10.1022607984,9
OVRPB,462,ok,9.7885787969,9
OVRPB,463,ok,9.3639363093,7
OVRPB,464,ok,9.6134660411,7
OVRPB,465,ok,10.7314267265,8
OVRPB,466,ok,10.6113579032,9
OVRPB,467,ok,9.5546259160,8
OVRPB,468,ok,10.2654206435,8
OVRPB,469,ok,8.3773373551,9
OVRPB,470,ok,8.9646359391,8
OVRPB,471,ok,9.5635116989,8
OVRPB,472,ok,10.2222239229,6
OVRPB,473,ok,9.7542112821,9
OVRPB,474,ok,9.3848262715,7
OVRPB,475,ok,8.4293831754,9
OVRPB,476,ok,9.6674184119,8
OVRPB,477,ok,8.8419349760,9
OVRPB,478,ok,9.0184604091,7
OVRPB,479,ok,9.3983555529,7
OVRPB,480,ok,10.0434119591,9
OVRPB,481,ok,8.6133880580,7
OVRPB,482,ok,9.2475770427,10
OVRPB,483,ok,8.6001522217,7
OVRPB,484,ok,9.1762607769,7
OVRPB,485,ok,8.4743639610,5
OVRPB,486,ok,10.0414807542,6
OVRPB,487,ok,8.8617025384,8
OVRPB,488,ok,10.2806369764,7
OVRPB,489,ok,9.0564249600,8
OVRPB,490,ok,9.3281574427,7
OVRPB,491,ok,10.0785628755,8
OVRPB,492,ok,9.3519471696,8
OVRPB,493,ok,8.5279728081,8
OVRPB,494,ok,9.7793097513,9
OVRPB,495,ok,10.2680888631,6
OVRPB,496,ok,10.9277071071,9
OVRPB,497,ok,10.1518546826,9
OVRPB,498,ok,9.6452441156,7
OVRPB,499,ok,10.3190536941,7
OVRPB,500,ok,11.0128206896,9
OVRPB,501,ok,8.7763505810,8
OVRPB,502,ok,8.6322232264,8
OVRPB,503,ok,10.2073377620,7
OVRPB,504,ok,9.8651478518,7
OVRPB,505,ok,9.7851933511,9
OVRPB,506,ok,10.3063641382,8
OVRPB,507,ok,9.4886046688,8
OVRPB,508,ok,9.0129058250,9
OVRPB,509,ok,9.1101277364,8
OVRPB,510,ok,9.4242848880,9
OVRPB,511,ok,10.2007388497,7
OVRPB,512,ok,10.7860012565,9
OVRPB,513,ok,9.6644275603,9
OVRPB,514,ok,9.7179903467,7
OVRPB,515,ok,9.3080669600,8
OVRPB,516,ok,10.2817076012,8
OVRPB,517,ok,10.4274048871,9
OVRPB,518,ok,9.8430822141,9
OVRPB,519,ok,9.8026351755,8
OVRPB,520,ok,9.8418181287,9
OVRPB,521,ok,9.0997178930,7
OVRPB,522,ok,9.5643772065,9
OVRPB,523,ok,10.5263998610,6
OVRPB,524,ok,9.2329200163,11
OVRPB,525,ok,10.4600736239,8
OVRPB,526,ok,9.5315401166,8
OVRPB,527,ok,8.9720826573,7
OVRPB,528,ok,9.8693514906,9
OVRPB,529,ok,8.7225210084,7
OVRPB,530,ok,9.0311343595,9
OVRPB,531,ok,9.3146044743,8
OVRPB,532,ok,10.8985790063,8
OVRPB,533,ok,10.1180616906,9
OVRPB,534,ok,8.9647812449,7
OVRPB,535,ok,11.1903005849,7
OVRPB,536,ok,9.4318680075,8
OVRPB,537,ok,9.8103917608,7
OVRPB,538,ok,10.0734075019,9
OVRPB,539,ok,8.8547433015,7
OVRPB,540,ok,9.1483530171,11
OVRPB,541,ok,9.8196377407,9
OVRPB,542,ok,10.3552132933,8
OVRPB,543,ok,9.1589713709,7
OVRPB,544,ok,9.1110434429,9
OVRPB,545,ok,9.3195969730,7
OVRPB,546,ok,9.1315823096,9
OVRPB,547,ok,10.2317673847,7
OVRPB,548,ok,10.9661637537,8
OVRPB,549,ok,9.0384437622,8
OVRPB,550,ok,9.9726797026,9
OVRPB,551,ok,10.6480642472,9
OVRPB,552,ok,9.6182146547,9
OVRPB,553,ok,11.1425006961,8
OVRPB,554,ok,10.7790394403,6
OVRPB,555,ok,9.6738632302,10
OVRPB,556,ok,8.9738814232,9
OVRPB,557,ok,9.3065107837,11
OVRPB,558,ok,9.0054189806,9
OVRPB,559,ok,10.5587853637,7
OVRPB,560,ok,9.7752518469,8
OVRPB,561,ok,9.8138250444,8
OVRPB,562,ok,8.8440779122,9
OVRPB,563,ok,10.0922911475,7
OVRPB,564,ok,10.6528843001,8
OVRPB,565,ok,10.0733680745,8
OVRPB,566,ok,9.6413698207,7
OVRPB,567,ok,9.4667299926,8
OVRPB,568,ok,9.2613424411,9
OVRPB,569,ok,10.6938495454,7
OVRPB,570,ok,9.1719817625,9
OVRPB,571,ok,8.5235880880,8
OVRPB,572,ok,8.8791095924,6
OVRPB,573,ok,9.3755359510,9
OVRPB,574,ok,9.8741032716,9
OVRPB,575,ok,9.2538156419,8
OVRPB,576,ok,8.5041672294,8
OVRPB,577,ok,9.7576958518,8
OVRPB,578,ok,9.1556793633,8
OVRPB,579,ok,9.5688562282,9
OVRPB,580,ok,9.4255209201,7
OVRPB,581,ok,9.8096058414,8
OVRPB,582,ok,9.6113702072,7
OVRPB,583,ok,10.3949560344,8
OVRPB,584,ok,9.1150986066,8
OVRPB,585,ok,9.2008662154,7
OVRPB,586,ok,10.2887014141,9
OVRPB,587,ok,9.6923826456,9
OVRPB,588,ok,10.4027813178,9
OVRPB,589,ok,10.8257312274,7
OVRPB,590,ok,8.9867733212,7
OVRPB,591,ok,11.5587044527,10
OVRPB,592,ok,9.8087962123,7
OVRPB,593,ok,11.3650196531,10
OVRPB,594,ok,9.6256457678,8
OVRPB,595,ok,9.1953110970,8
OVRPB,596,ok,8.2915381224,7
OVRPB,597,ok,9.4801839579,6
OVRPB,598,ok,9.5950320255,8
OVRPB,599,ok,10.2716650846,8
OVRPB,600,ok,9.9044993347,7
OVRPB,601,ok,9.5954627166,9
OVRPB,602,ok,9.3371646977,6
OVRPB,603,ok,8.8199989429,6
OVRPB,604,ok,9.8128547639,9
OVRPB,605,ok,10.1209976532,8
OVRPB,606,ok,9.8105013680,6
OVRPB,607,ok,9.6640472625,9
OVRPB,608,ok,9.1787659433,10
OVRPB,609,ok,9.6119110002,7
OVRPB,610,ok,10.0182376944,8
OVRPB,611,ok,10.2384792728,8
OVRPB,612,ok,9.2131058475,8
OVRPB,613,ok,9.7437857555,9
OVRPB,614,ok,10.6914381077,9
OVRPB,615,ok,9.5622419765,8
OVRPB,616,ok,10.2415735741,8
OVRPB,617,ok,9.2065935709,8
OVRPB,618,ok,9.3100752131,7
OVRPB,619,ok,9.9317305315,7
OVRPB,620,ok,10.1785393297,8
OVRPB,621,ok,9.8441227706,9
OVRPB,622,ok,8.8197229965,7
OVRPB,623,ok,8.9248203302,9
OVRPB,624,ok,10.1937780745,10
OVRPB,625,ok,10.3842291091,7
OVRPB,626,ok,9.2962352830,7
OVRPB,627,ok,10.0241117953,8
OVRPB,628,ok,9.7784481181,7
OVRPB,629,ok,9.9564459458,7
OVRPB,630,ok,10.8759318376,9
OVRPB,631,ok,9.5705237319,7
OVRPB,632,ok,10.4235603794,10
OVRPB,633,ok,9.9473478794,9
OVRPB,634,ok,9.8687371609,8
OVRPB,635,ok,9.9098614488,8
OVRPB,636,ok,10.4429996404,11
OVRPB,637,ok,8.8500892292,7
OVRPB,638,ok,10.9248461618,7
OVRPB,639,ok,9.1045767078,9
OVRPB,640,ok,9.7431176904,8
OVRPB,641,ok,9.5552599680,8
OVRPB,642,ok,10.1308822986,7
OVRPB,643,ok,9.1617920620,6
OVRPB,644,ok,10.5990051920,9
OVRPB,645,ok,9.5702502717,9
OVRPB,646,ok,10.1923510288,8
OVRPB,647,ok,8.4153575703,8
OVRPB,648,ok,9.7380191093,8
OVRPB,649,ok,10.4133514324,9
OVRPB,650,ok,10.1828651972,7
OVRPB,651,ok,9.3549804637,7
OVRPB,652,ok,9.8022198293,6
OVRPB,653,ok,8.7399668809,8
OVRPB,654,ok,9.3141424955,9
OVRPB,655,ok,9.5332685840,10
OVRPB,656,ok,10.2075908168,7
OVRPB,657,ok,8.7619678553,7
OVRPB,658,ok,9.7441862396,8
OVRPB,659,ok,10.5637494767,7
OVRPB,660,ok,9.8679261398,7
OVRPB,661,ok,9.6912774153,11
OVRPB,662,ok,9.3487510574,8
OVRPB,663,ok,9.9630198881,8
OVRPB,664,ok,9.4953569313,8
OVRPB,665,ok,10.9649641082,9
OVRPB,666,ok,8.8392967098,9
OVRPB,667,ok,10.0991510611,9
OVRPB,668,ok,8.9888024464,8
OVRPB,669,ok,8.6397904166,8
OVRPB,670,ok,9.1619218080,8
OVRPB,671,ok,9.6653530511,9
OVRPB,672,ok,10.4962752885,9
OVRPB,673,ok,9.0228356790,9
OVRPB,674,ok,10.4145649485,7
OVRPB,675,ok,9.2037692484,8
OVRPB,676,ok,9.4544802587,7
OVRPB,677,ok,10.6900836825,8
OVRPB,678,ok,10.4270594173,8
OVRPB,679,ok,9.3653954614,8
OVRPB,680,ok,10.9729904577,9
OVRPB,681,ok,10.0225714490,8
OVRPB,682,ok,9.9231313611,9
OVRPB,683,ok,8.3821268178,8
OVRPB,684,ok,9.2763595106,6
OVRPB,685,ok,9.7014706789,8
OVRPB,686,ok,9.6416362189,10
OVRPB,687,ok,10.6739093309,10
OVRPB,688,ok,10.0087426533,6
OVRPB,689,ok,10.0201968896,9
OVRPB,690,ok,9.8524198548,7
OVRPB,691,ok,9.9364493029,7
OVRPB,692,ok,9.7686623135,9
OVRPB,693,ok,9.4283478454,8
OVRPB,694,ok,10.6600725449,8
OVRPB,695,ok,8.7753368265,6
OVRPB,696,ok,10.0021388363,7
OVRPB,697,ok,9.4406156821,8
OVRPB,698,ok,9.4087454771,9
OVRPB,699,ok,9.2558616673,8
OVRPB,700,ok,9.9529702845,9
OVRPB,701,ok,9.3530307171,8
OVRPB,702,ok,8.5125168053,8
OVRPB,703,ok,8.8527511973,9
OVRPB,704,ok,9.1874512901,10
OVRPB,705,ok,11.3694755583,9
OVRPB,706,ok,9.9300181391,8
OVRPB,707,ok,9.8837828793,8
OVRPB,708,ok,8.9833748696,8
OVRPB,709,ok,9.9144225134,6
OVRPB,710,ok,10.2732940454,8
OVRPB,711,ok,9.2930133820,8
OVRPB,712,ok,10.5387240410,9
OVRPB,713,ok,9.2370658779,7
OVRPB,714,ok,8.7110141051,6
OVRPB,715,ok,9.9257894462,7
OVRPB,716,ok,9.2411635480,9
OVRPB,717,ok,9.2912535475,9
OVRPB,718,ok,9.9533296044,9
OVRPB,719,ok,8.9641983178,9
OVRPB,720,ok,8.3322122256,6
OVRPB,721,ok,9.7108481428,9
OVRPB,722,ok,11.4512052643,9
OVRPB,723,ok,9.5101219521,9
OVRPB,724,ok,10.0534520946,8
OVRPB,725,ok,10.1977881437,10
OVRPB,726,ok,9.6098184979,7
OVRPB,727,ok,10.8630158532,7
OVRPB,728,ok,9.0218524536,7
OVRPB,729,ok,9.5299846013,9
OVRPB,730,ok,9.6027718858,8
OVRPB,731,ok,10.1210050558,9
OVRPB,732,ok,9.3916837530,8
OVRPB,733,ok,9.1934591364,8
OVRPB,734,ok,10.9193855482,8
OVRPB,735,ok,10.4806953183,7
OVRPB,736,ok,9.2652689566,6
OVRPB,737,ok,9.1074385424,8
OVRPB,738,ok,9.2131241515,9
OVRPB,739,ok,9.3654081136,8
OVRPB,740,ok,9.2701613403,6
OVRPB,741,ok,9.8539043308,9
OVRPB,742,ok,9.5037744196,8
OVRPB,743,ok,10.1598366575,7
OVRPB,744,ok,9.2116884597,8
OVRPB,745,ok,10.9555880602,9
OVRPB,746,ok,9.9439996815,8
OVRPB,747,ok,10.3755096758,10
OVRPB,748,ok,9.3779562578,9
OVRPB,749,ok,10.1107641597,7
OVRPB,750,ok,10.4392521286,10
OVRPB,751,ok,10.1032055953,8
OVRPB,752,ok,9.9333881897,9
OVRPB,753,ok,9.5098731410,8
OVRPB,754,ok,9.0825448245,8
OVRPB,755,ok,11.9108461842,9
OVRPB,756,ok,8.9232603121,8
OVRPB,757,ok,10.0904407595,9
OVRPB,758,ok,9.3702600234,8
OVRPB,759,ok,9.2687538573,7
OVRPB,760,ok,9.4133771273,7
OVRPB,761,ok,9.9560590284,7
OVRPB,762,ok,9.7964672793,7
OVRPB,763,ok,9.5733528473,9
OVRPB,764,ok,9.5446294914,10
OVRPB,765,ok,9.2783708277,8
OVRPB,766,ok,9.8111547500,9
OVRPB,767,ok,10.2128307413,8
OVRPB,768,ok,10.6906786384,9
OVRPB,769,ok,8.8072752340,9
OVRPB,770,ok,9.3712884450,9
OVRPB,771,ok,9.7050961200,10
OVRPB,772,ok,9.6687291279,7
OVRPB,773,ok,9.8886902351,8
OVRPB,774,ok,11.1115702772,6
OVRPB,775,ok,9.9703256948,8
OVRPB,776,ok,9.5388064432,8
OVRPB,777,ok,8.8879045067,8
OVRPB,778,ok,10.7304014922,10
OVRPB,779,ok,11.2190881714,8
OVRPB,780,ok,9.4310344655,8
OVRPB,781,ok,9.9903882336,7
OVRPB,782,ok,9.6463974471,10
OVRPB,783,ok,10.4840835866,8
OVRPB,784,ok,10.5115729369,7
OVRPB,785,ok,9.4562874819,9
OVRPB,786,ok,10.3188358143,6
OVRPB,787,ok,9.4829978769,8
OVRPB,788,ok,9.4468772164,9
OVRPB,789,ok,11.2542354568,7
OVRPB,790,ok,11.2588228293,8
OVRPB,791,ok,9.5812806911,8
OVRPB,792,ok,10.6905075940,7
OVRPB,793,ok,8.7942729880,9
OVRPB,794,ok,9.9872832837,8
OVRPB,795,ok,9.2060406618,8
OVRPB,796,ok,10.5090870952,9
OVRPB,797,ok,10.0922688689,8
OVRPB,798,ok,9.7108474770,7
OVRPB,799,ok,8.9126431943,7
OVRPB,800,ok,10.2622599769,7
OVRPB,801,ok,9.3709983892,8
OVRPB,802,ok,10.5488870974,8
OVRPB,803,ok,9.1108693250,8
OVRPB,804,ok,8.8088633556,10
OVRPB,805,ok,9.5418609761,7
OVRPB,806,ok,9.9189720164,11
OVRPB,807,ok,9.9341149434,8
OVRPB,808,ok,9.3653224385,8
OVRPB,809,ok,10.6321081925,7
OVRPB,810,ok,9.5697373747,7
OVRPB,811,ok,11.3120907465,8
OVRPB,812,ok,8.6596077218,7
OVRPB,813,ok,9.1671773596,10
OVRPB,814,ok,10.0595420135,7
OVRPB,815,ok,9.2115843671,7
OVRPB,816,ok,8.9595653143,8
OVRPB,817,ok,10.4572364026,6
OVRPB,818,ok,9.9493759054,7
OVRPB,819,ok,8.7934657428,9
OVRPB,820,ok,10.0228278266,9
OVRPB,821,ok,8.9827974772,9
OVRPB,822,ok,9.4258015432,8
OVRPB,823,ok,10.0360964074,7
OVRPB,824,ok,9.5883424244,7
OVRPB,825,ok,10.1047889814,10
OVRPB,826,ok,9.3451448289,8
OVRPB,827,ok,11.3005144285,8
OVRPB,828,ok,11.1705927398,7
OVRPB,829,ok,8.5280670953,7
OVRPB,830,ok,10.3391569349,9
OVRPB,831,ok,10.8908645348,9
OVRPB,832,ok,9.3970204724,6
OVRPB,833,ok,10.0748226788,8
OVRPB,834,ok,9.5447242909,8
OVRPB,835,ok,10.3373287291,8
OVRPB,836,ok,9.0219358543,8
OVRPB,837,ok,10.2482421795,10
OVRPB,838,ok,10.1196151847,9
OVRPB,839,ok,10.0382035868,7
OVRPB,840,ok,9.2615637196,6
OVRPB,841,ok,10.5329988324,8
OVRPB,842,ok,9.2272305546,6
OVRPB,843,ok,9.2517199879,7
OVRPB,844,ok,10.2720741311,9
OVRPB,845,ok,9.9349529350,7
OVRPB,846,ok,9.1480437616,7
OVRPB,847,ok,9.8186271521,7
OVRPB,848,ok,9.5146768000,6
OVRPB,849,ok,9.7578167926,7
OVRPB,850,ok,9.3918562424,8
OVRPB,851,ok,10.1505459275,11
OVRPB,852,ok,9.5525833054,8
OVRPB,853,ok,9.1629347437,8
OVRPB,854,ok,9.4533430658,9
OVRPB,855,ok,8.2949469308,9
OVRPB,856,ok,8.8269981333,9
OVRPB,857,ok,10.2094672403,6
OVRPB,858,ok,9.7223583026,9
OVRPB,859,ok,8.9558344643,7
OVRPB,860,ok,10.1494321648,7
OVRPB,861,ok,8.9300472486,7
OVRPB,862,ok,9.6190550877,9
OVRPB,863,ok,9.9005561235,8
OVRPB,864,ok,9.5593250792,9
OVRPB,865,ok,9.9255796926,8
OVRPB,866,ok,10.5155404128,8
OVRPB,867,ok,10.7238691825,8
OVRPB,868,ok,8.8962814270,7
OVRPB,869,ok,10.5093312665,9
OVRPB,870,ok,10.2684426778,6
OVRPB,871,ok,9.5471065290,8
OVRPB,872,ok,10.2096642032,7
OVRPB,873,ok,10.2272002581,8
OVRPB,874,ok,9.0932073019,9
OVRPB,875,ok,10.1200960758,7
OVRPB,876,ok,11.2167535063,7
OVRPB,877,ok,10.4581468772,7
OVRPB,878,ok,10.2491100334,6
OVRPB,879,ok,10.5967640230,6
OVRPB,880,ok,9.3379394468,9
OVRPB,881,ok,10.6277180025,7
OVRPB,882,ok,9.0009052084,9
OVRPB,883,ok,9.9525426401,10
OVRPB,884,ok,9.8534949168,6
OVRPB,885,ok,10.9343700711,7
OVRPB,886,ok,9.1712990545,7
OVRPB,887,ok,10.3744877461,8
OVRPB,888,ok,9.0432650553,8
OVRPB,889,ok,9.3488762237,6
OVRPB,890,ok,8.9197292754,10
OVRPB,891,ok,9.8890390482,9
OVRPB,892,ok,10.8428106924,9
OVRPB,893,ok,10.2571347458,9
OVRPB,894,ok,10.4238396580,10
OVRPB,895,ok,10.1170444939,10
OVRPB,896,ok,8.9251299422,7
OVRPB,897,ok,9.5043647654,9
OVRPB,898,ok,10.4035539110,7
OVRPB,899,ok,9.9293558667,9
OVRPB,900,ok,10.3098617773,8
OVRPB,901,ok,9.0726629203,7
OVRPB,902,ok,9.4161566652,7
OVRPB,903,ok,9.2488783728,8
OVRPB,904,ok,8.9976372577,7
OVRPB,905,ok,8.9892669814,8
OVRPB,906,ok,8.7661301115,9
OVRPB,907,ok,10.7740286872,7
OVRPB,908,ok,9.2688533551,7
OVRPB,909,ok,10.0198646665,9
OVRPB,910,ok,10.2121686566,9
OVRPB,911,ok,10.8709290324,11
OVRPB,912,ok,9.8303646317,8
OVRPB,913,ok,9.9493205943,6
OVRPB,914,ok,9.1529144490,10
OVRPB,915,ok,9.0906370826,9
OVRPB,916,ok,9.0279642772,9
OVRPB,917,ok,9.5467660687,7
OVRPB,918,ok,9.8876940096,9
OVRPB,919,ok,8.9178423270,9
OVRPB,920,ok,10.2013248093,8
OVRPB,921,ok,9.1129234880,8
OVRPB,922,ok,9.3628365637,8
OVRPB,923,ok,9.3364313360,7
OVRPB,924,ok,10.5227880608,7
OVRPB,925,ok,9.2818278145,7
OVRPB,926,ok,10.0594526948,8
OVRPB,927,ok,8.8190232134,7
OVRPB,928,ok,9.5524619705,8
OVRPB,929,ok,10.4707698423,9
OVRPB,930,ok,10.4783948876,9
OVRPB,931,ok,10.1310043960,8
OVRPB,932,ok,9.1535063875,11
OVRPB,933,ok,9.7662481493,7
OVRPB,934,ok,9.1632626752,9
OVRPB,935,ok,10.3421427730,6
OVRPB,936,ok,9.2816387272,12
OVRPB,937,ok,9.3207087539,8
OVRPB,938,ok,9.5040943543,9
OVRPB,939,ok,10.0081710224,8
OVRPB,940,ok,9.6091182065,9
OVRPB,941,ok,10.0433994749,8
OVRPB,942,ok,11.1086544618,8
OVRPB,943,ok,8.8935540231,7
OVRPB,944,ok,8.4665155932,7
OVRPB,945,ok,9.8301843227,7
OVRPB,946,ok,9.8047050256,8
OVRPB,947,ok,9.6342700991,10
OVRPB,948,ok,8.8060144450,8
OVRPB,949,ok,10.8361059093,8
OVRPB,950,ok,8.8183815339,8
OVRPB,951,ok,9.0189348040,8
OVRPB,952,ok,8.6853236530,7
OVRPB,953,ok,10.1866703704,9
OVRPB,954,ok,9.4488824320,9
OVRPB,955,ok,9.8319191150,7
OVRPB,956,ok,10.0701408092,7
OVRPB,957,ok,9.9355719659,7
OVRPB,958,ok,9.9108460292,7
OVRPB,959,ok,10.3424910331,11
OVRPB,960,ok,8.9666058161,6
OVRPB,961,ok,9.9568784459,8
OVRPB,962,ok,10.9452877370,8
OVRPB,963,ok,9.2645643798,9
OVRPB,964,ok,9.6807539892,10
OVRPB,965,ok,9.3162253539,6
OVRPB,966,ok,10.4747433223,9
OVRPB,967,ok,11.1434202228,8
OVRPB,968,ok,9.8007044743,7
OVRPB,969,ok,10.1670989208,9
OVRPB,970,ok,9.9024351966,10
OVRPB,971,ok,9.7614354385,8
OVRPB,972,ok,10.4636274363,7
OVRPB,973,ok,10.1052780906,6
OVRPB,974,ok,9.7907124948,9
OVRPB,975,ok,10.1526527635,7
OVRPB,976,ok,9.7155788676,8
OVRPB,977,ok,10.7935758090,9
OVRPB,978,ok,9.7534879181,8
OVRPB,979,ok,9.6263532842,9
OVRPB,980,ok,10.7620614153,7
OVRPB,981,ok,10.0249352822,9
OVRPB,982,ok,9.7305984538,6
OVRPB,983,ok,9.0446516679,8
OVRPB,984,ok,9.5286613461,6
OVRPB,985,ok,11.0473583108,9
OVRPB,986,ok,9.4162896276,8
OVRPB,987,ok,9.9403905322,8
OVRPB,988,ok,10.1622694962,8
OVRPB,989,ok,9.1666059938,8
OVRPB,990,ok,9.7118132116,8
OVRPB,991,ok,9.9091923394,8
OVRPB,992,ok,12.3862946162,8
OVRPB,993,ok,9.0394911465,9
OVRPB,994,ok,9.9969305720,9
OVRPB,995,ok,9.6850925363,11
OVRPB,996,ok,10.1590381053,8
OVRPB,997,ok,10.2097493671,8
OVRPB,998,ok,10.5448994310,8
OVRPB,999,ok,10.4048487060,9
OVRPL,0,ok,12.6635090813,13
OVRPL,1,ok,13.8790661522,13
OVRPL,2,ok,9.7452773338,14
OVRPL,3,ok,10.5216431614,13
OVRPL,4,ok,12.4270213225,13
OVRPL,5,ok,11.9098083720,14
OVRPL,6,ok,13.2835244612,13
OVRPL,7,ok,9.5668245576,12
OVRPL,8,ok,9.9794865938,12
OVRPL,9,ok,10.9041899840,14
OVRPL,10,ok,10.4103949491,13
OVRPL,11,ok,10.4358717089,12
OVRPL,12,ok,11.7335170122,10
OVRPL,13,ok,10.5801255614,14
OVRPL,14,ok,10.8115148709,13
OVRPL,15,ok,10.0468951740,12
OVRPL,16,ok,9.9004153641,13
OVRPL,17,ok,12.3219955526,11
OVRPL,18,ok,11.4473875999,14
OVRPL,19,ok,12.3010633832,11
OVRPL,20,ok,12.0560234912,11
OVRPL,21,ok,12.5458384035,14
OVRPL,22,ok,12.4898522292,12
OVRPL,23,ok,12.9542843928,12
OVRPL,24,ok,10.8347713216,12
OVRPL,25,ok,10.4419997277,13
OVRPL,26,ok,10.4594101576,13
OVRPL,27,ok,9.9925439757,14
OVRPL,28,ok,10.4478250066,15
OVRPL,29,ok,9.8616732791,14
OVRPL,30,ok,10.1156007857,12
OVRPL,31,ok,10.7211925204,11
OVRPL,32,ok,12.5653717006,11
OVRPL,33,ok,11.7614088954,13
OVRPL,34,ok,12.1704739915,13
OVRPL,35,ok,11.2609619194,11
OVRPL,36,ok,9.7519840105,13
OVRPL,37,ok,12.6860933595,12
OVRPL,38,ok,12.1078107964,14
OVRPL,39,ok,10.4877392832,13
OVRPL,40,ok,10.8864487624,13
OVRPL,41,ok,11.6049979582,13
OVRPL,42,ok,10.3658653442,12
OVRPL,43,ok,11.9935506426,14
OVRPL,44,ok,10.3741125819,12
OVRPL,45,ok,13.6508978472,12
OVRPL,46,ok,12.1496705489,12
OVRPL,47,ok,10.5472241224,12
OVRPL,48,ok,10.7200279878,14
OVRPL,49,ok,11.8471011508,12
OVRPL,50,ok,9.5791595490,14
OVRPL,51,ok,10.8575600880,12
OVRPL,52,ok,10.6780910178,15
OVRPL,53,ok,10.6123665884,12
OVRPL,54,ok,12.6698317642,13
OVRPL,55,ok,10.0654759255,13
OVRPL,56,ok,10.4943658200,13
OVRPL,57,ok,11.4964143457,12
OVRPL,58,ok,10.8913140708,11
OVRPL,59,ok,11.4314181564,13
OVRPL,60,ok,12.8508466099,14
OVRPL,61,ok,10.3558330424,12
OVRPL,62,ok,10.7744731684,15
OVRPL,63,ok,10.8659523813,12
OVRPL,64,ok,10.7862590336,14
OVRPL,65,ok,12.4679392920,14
OVRPL,66,ok,11.9129510734,13
OVRPL,67,ok,12.8345716456,14
OVRPL,68,ok,11.2795708855,11
OVRPL,69,ok,11.7463157369,14
OVRPL,70,ok,10.8457710296,13
OVRPL,71,ok,10.8664837999,14
OVRPL,72,ok,10.4639976029,13
OVRPL,73,ok,11.7293688867,12
OVRPL,74,ok,10.4953454515,13
OVRPL,75,ok,10.5085460932,11
OVRPL,76,ok,11.3848925416,14
OVRPL,77,ok,9.1734662140,12
OVRPL,78,ok,12.3428142777,12
OVRPL,79,ok,13.3883266559,13
OVRPL,80,ok,12.8254430820,14
OVRPL,81,ok,9.7873920306,12
OVRPL,82,ok,11.3583927886,13
OVRPL,83,ok,11.2822670475,12
OVRPL,84,ok,10.4112554452,13
OVRPL,85,ok,10.2941798122,15
OVRPL,86,ok,9.7316605599,13
OVRPL,87,ok,10.5837614533,13
OVRPL,88,ok,11.1709003915,12
OVRPL,89,ok,10.7154504741,12
OVRPL,90,ok,12.9622176350,12
OVRPL,91,ok,10.8523393384,14
OVRPL,92,ok,12.5258385396,13
OVRPL,93,ok,10.7873392865,14
OVRPL,94,ok,9.7063688229,12
OVRPL,95,ok,10.4144599052,13
OVRPL,96,ok,12.5956926116,12
OVRPL,97,ok,10.6266007803,14
OVRPL,98,ok,12.5610928981,12
OVRPL,99,ok,12.8194186599,15
OVRPL,100,ok,11.8190816408,13
OVRPL,101,ok,11.8162111440,12
OVRPL,102,ok,12.4072826781,12
OVRPL,103,ok,10.4345563824,12
OVRPL,104,ok,12.4682771269,12
OVRPL,105,ok,13.2324948533,13
OVRPL,106,ok,10.2580352200,11
OVRPL,107,ok,9.7837155137,11
OVRPL,108,ok,11.1518289367,12
OVRPL,109,ok,10.6382390558,13
OVRPL,110,ok,9.4704718313,12
OVRPL,111,ok,12.9497832600,13
OVRPL,112,ok,10.4869630908,13
OVRPL,113,ok,10.1696749942,14
OVRPL,114,ok,11.1114648490,12
OVRPL,115,ok,12.2817389778,11
OVRPL,116,ok,13.2926583323,12
OVRPL,117,ok,9.2869889847,12
OVRPL,118,ok,11.3130097531,13
OVRPL,119,ok,10.7275166927,12
OVRPL,120,ok,11.6341778835,14
OVRPL,121,ok,10.7984707163,12
OVRPL,122,ok,12.0005196199,10
OVRPL,123,ok,12.7799990017,13
OVRPL,124,ok,11.0638197588,12
OVRPL,125,ok,12.1145826287,14
OVRPL,126,ok,11.6097248172,13
OVRPL,127,ok,11.3640525001,13
OVRPL,128,ok,9.5787301849,15
OVRPL,129,ok,9.9424996853,13
OVRPL,130,ok,12.4570956161,13
OVRPL,131,ok,12.4468218063,13
OVRPL,132,ok,9.7214385702,12
OVRPL,133,ok,10.5679281017,13
OVRPL,134,ok,13.6973485603,12
OVRPL,135,ok,10.7361021031,13
OVRPL,136,ok,11.9822086342,12
OVRPL,137,ok,11.0326241898,11
OVRPL,138,ok,10.3006503938,12
OVRPL,139,ok,11.3453634853,12
OVRPL,140,ok,12.5816117155,13
OVRPL,141,ok,12.1448584097,13
OVRPL,142,ok,11.8281383465,16
OVRPL,143,ok,12.0959335792,12
OVRPL,144,ok,13.0109627730,13
OVRPL,145,ok,10.1441058060,13
OVRPL,146,ok,12.3407276465,13
OVRPL,147,ok,9.2968173037,13
OVRPL,148,ok,11.7238372426,13
OVRPL,149,ok,10.5197092810,14
OVRPL,150,ok,11.6862434765,12
OVRPL,151,ok,10.9371925856,13
OVRPL,152,ok,11.2492848751,11
OVRPL,153,ok,11.0865977787,12
OVRPL,154,ok,12.2154008706,11
OVRPL,155,ok,10.4546645621,14
OVRPL,156,ok,10.7812270551,12
OVRPL,157,ok,10.9195832202,12
OVRPL,158,ok,10.4520852629,13
OVRPL,159,ok,10.5934938519,12
OVRPL,160,ok,11.1211000274,13
OVRPL,161,ok,9.4436654981,14
OVRPL,162,ok,11.2398069373,12
OVRPL,163,ok,12.2781373508,13
OVRPL,164,ok,11.3554526419,13
OVRPL,165,ok,10.5777215030,13
OVRPL,166,ok,10.6055477484,12
OVRPL,167,ok,12.1093992998,14
OVRPL,168,ok,12.0047647151,14
OVRPL,169,ok,10.9916860250,11
OVRPL,170,ok,9.9170656967,13
OVRPL,171,ok,10.8459962656,14
OVRPL,172,ok,10.8106220229,11
OVRPL,173,ok,11.4981031429,12
OVRPL,174,ok,11.8540556654,14
OVRPL,175,ok,10.7761645163,12
OVRPL,176,ok,12.3835012298,13
OVRPL,177,ok,11.2136814885,14
OVRPL,178,ok,11.1738281375,12
OVRPL,179,ok,11.0970973644,12
OVRPL,180,ok,10.7291783223,13
OVRPL,181,ok,10.8297967056,14
OVRPL,182,ok,10.3152192587,13
OVRPL,183,ok,11.7178417020,13
OVRPL,184,ok,10.1244164416,14
OVRPL,185,ok,12.3471747172,11
OVRPL,186,ok,11.3560321025,14
OVRPL,187,ok,10.0757554077,14
OVRPL,188,ok,11.2799261979,13
OVRPL,189,ok,10.1366605086,13
OVRPL,190,ok,9.8768475579,13
OVRPL,191,ok,10.2457565759,12
OVRPL,192,ok,12.2079951652,12
OVRPL,193,ok,10.5890865395,14
OVRPL,194,ok,9.9325205128,13
OVRPL,195,ok,10.8079839795,14
OVRPL,196,ok,10.7551680020,14
OVRPL,197,ok,10.2979660597,13
OVRPL,198,ok,10.4834193916,11
OVRPL,199,ok,12.8256240546,13
OVRPL,200,ok,10.8292737612,14
OVRPL,201,ok,12.1015024000,12
OVRPL,202,ok,11.4410178195,13
OVRPL,203,ok,11.8293169899,12
OVRPL,204,ok,11.2548045990,14
OVRPL,205,ok,11.6753099987,15
OVRPL,206,ok,11.2422656397,14
OVRPL,207,ok,13.0738427329,12
OVRPL,208,ok,10.3332237329,13
OVRPL,209,ok,10.6952693268,12
OVRPL,210,ok,12.5819874359,13
OVRPL,211,ok,10.0843486932,13
OVRPL,212,ok,12.5182122031,13
OVRPL,213,ok,12.7485310105,12
OVRPL,214,ok,10.4706605316,13
OVRPL,215,ok,11.0324584787,12
OVRPL,216,ok,10.5527726953,14
OVRPL,217,ok,12.8052310268,13
OVRPL,218,ok,11.4325153000,11
OVRPL,219,ok,9.4812665232,13
OVRPL,220,ok,9.8309844474,13
OVRPL,221,ok,12.3493393894,13
OVRPL,222,ok,10.9782859917,13
OVRPL,223,ok,10.2434165459,11
OVRPL,224,ok,11.2296028520,14
OVRPL,225,ok,12.7017072778,11
OVRPL,226,ok,11.9737176703,12
OVRPL,227,ok,10.0009655624,12
OVRPL,228,ok,12.0363848407,13
OVRPL,229,ok,11.9646254991,11
OVRPL,230,ok,10.8219150469,13
OVRPL,231,ok,11.2082192682,13
OVRPL,232,ok,11.4490683597,12
OVRPL,233,ok,12.9778717251,13
OVRPL,234,ok,9.9975468922,12
OVRPL,235,ok,11.0924413826,12
OVRPL,236,ok,11.2020986761,14
OVRPL,237,ok,12.3994737525,13
OVRPL,238,ok,12.5580727544,10
OVRPL,239,ok,10.5923392544,14
OVRPL,240,ok,12.0157899582,13
OVRPL,241,ok,10.2575752816,12
OVRPL,242,ok,11.1991627878,14
OVRPL,243,ok,12.0620732969,12
OVRPL,244,ok,13.1017500696,14
OVRPL,245,ok,11.7173576585,11
OVRPL,246,ok,10.8309125900,11
OVRPL,247,ok,11.5786772126,12
OVRPL,248,ok,12.2903628676,12
OVRPL,249,ok,10.6700596888,15
OVRPL,250,ok,10.9896794951,12
OVRPL,251,ok,10.1536712477,13
OVRPL,252,ok,9.9466357573,12
OVRPL,253,ok,13.0651638561,14
OVRPL,254,ok,9.9104212216,12
OVRPL,255,ok,13.8314721815,11
OVRPL,256,ok,11.0309322373,13
OVRPL,257,ok,10.3975965179,12
OVRPL,258,ok,10.8221216312,13
OVRPL,259,ok,11.3378336807,14
OVRPL,260,ok,12.0979085605,12
OVRPL,261,ok,10.5261609404,13
OVRPL,262,ok,11.3895033897,12
OVRPL,263,ok,10.9612309773,10
OVRPL,264,ok,12.6153084554,13
OVRPL,265,ok,11.3446584414,13
OVRPL,266,ok,11.3368714107,13
OVRPL,267,ok,11.4946922364,14
OVRPL,268,ok,10.9599020621,12
OVRPL,269,ok,11.2647561374,13
OVRPL,270,ok,10.0264891786,13
OVRPL,271,ok,9.6228481381,12
OVRPL,272,ok,12.9199830581,13
OVRPL,273,ok,12.7495146323,13
OVRPL,274,ok,12.3516881466,13
OVRPL,275,ok,10.4136246446,14
OVRPL,276,ok,10.2168004010,13
OVRPL,277,ok,12.1923477311,12
OVRPL,278,ok,11.9023366554,12
OVRPL,279,ok,9.6136742524,13
OVRPL,280,ok,10.9871290939,12
OVRPL,281,ok,12.2474027972,14
OVRPL,282,ok,10.6186637431,12
OVRPL,283,ok,11.0152008952,13
OVRPL,284,ok,10.5465710423,11
OVRPL,285,ok,11.0611490784,13
OVRPL,286,ok,12.5807536251,14
OVRPL,287,ok,11.6353101840,12
OVRPL,288,ok,11.0507221611,13
OVRPL,289,ok,12.3681081879,12
OVRPL,290,ok,13.2975221397,12
OVRPL,291,ok,11.8883881029,11
OVRPL,292,ok,12.9341717820,13
OVRPL,293,ok,11.8754794299,12
OVRPL,294,ok,11.1931070032,12
OVRPL,295,ok,13.5715764151,14
OVRPL,296,ok,9.6803029562,15
OVRPL,297,ok,10.2577044906,14
OVRPL,298,ok,9.9122039781,13
OVRPL,299,ok,11.3744609251,13
OVRPL,300,ok,10.7272654878,12
OVRPL,301,ok,11.0013905058,13
OVRPL,302,ok,11.4370510492,14
OVRPL,303,ok,9.4089875909,15
OVRPL,304,ok,12.6047544310,11
OVRPL,305,ok,13.0516990655,12
OVRPL,306,ok,12.7916942592,11
OVRPL,307,ok,10.2198671502,14
OVRPL,308,ok,9.5420818663,12
OVRPL,309,ok,10.9699987201,13
OVRPL,310,ok,11.1892305524,14
OVRPL,311,ok,11.1827737634,13
OVRPL,312,ok,10.4036201416,17
OVRPL,313,ok,12.2250725163,13
OVRPL,314,ok,10.6571472516,14
OVRPL,315,ok,12.3589900824,11
OVRPL,316,ok,12.0251983433,12
OVRPL,317,ok,12.4790397235,13
OVRPL,318,ok,10.6279456924,14
OVRPL,319,ok,12.2205976792,12
OVRPL,320,ok,11.6056480025,15
OVRPL,321,ok,9.8544929990,13
OVRPL,322,ok,10.9983496661,12
OVRPL,323,ok,9.9332430528,11
OVRPL,324,ok,11.5578811681,11
OVRPL,325,ok,10.4353234692,14
OVRPL,326,ok,13.2134260394,14
OVRPL,327,ok,10.0015089742,12
OVRPL,328,ok,11.2374405114,13
OVRPL,329,ok,11.3991926069,13
OVRPL,330,ok,11.8790921188,15
OVRPL,331,ok,12.2996979929,12
OVRPL,332,ok,12.4233181136,12
OVRPL,333,ok,11.7467659992,11
OVRPL,334,ok,10.5854259609,13
OVRPL,335,ok,9.8896317381,13
OVRPL,336,ok,11.1595175018,12
OVRPL,337,ok,12.2507729317,12
OVRPL,338,ok,10.3780684056,13
OVRPL,339,ok,11.2532558828,11
OVRPL,340,ok,10.7941406261,14
OVRPL,341,ok,11.6384364214,11
OVRPL,342,ok,10.7359864074,14
OVRPL,343,ok,10.2357988074,13
OVRPL,344,ok,9.8426737284,13
OVRPL,345,ok,10.9146269139,12
OVRPL,346,ok,13.4131570035,11
OVRPL,347,ok,11.1205911167,14
OVRPL,348,ok,10.2402956687,14
OVRPL,349,ok,10.1238311525,12
OVRPL,350,ok,10.2546692716,12
OVRPL,351,ok,12.5783077628,12
OVRPL,352,ok,10.4656515491,12
OVRPL,353,ok,13.4492469223,12
OVRPL,354,ok,13.4521636843,12
OVRPL,355,ok,11.5523740893,11
OVRPL,356,ok,10.5875504757,12
OVRPL,357,ok,10.8551001198,12
OVRPL,358,ok,11.7519451668,13
OVRPL,359,ok,9.9946407153,13
OVRPL,360,ok,9.8277827538,12
OVRPL,361,ok,11.1011130236,14
OVRPL,362,ok,12.2976034764,12
OVRPL,363,ok,10.8462070850,14
OVRPL,364,ok,11.8761481583,12
OVRPL,365,ok,11.7053520482,13
OVRPL,366,ok,11.3121892994,13
OVRPL,367,ok,10.8757612987,13
OVRPL,368,ok,10.7478473109,12
OVRPL,369,ok,12.6394515400,11
OVRPL,370,ok,10.1956333325,15
OVRPL,371,ok,11.8073272341,14
OVRPL,372,ok,12.1208317015,12
OVRPL,373,ok,9.9873441751,15
OVRPL,374,ok,11.5753757258,14
OVRPL,375,ok,11.1596672203,13
OVRPL,376,ok,11.6372659083,12
OVRPL,377,ok,13.2632339774,13
OVRPL,378,ok,13.6008078260,12
OVRPL,379,ok,10.8073241431,13
OVRPL,380,ok,10.1699264301,12
OVRPL,381,ok,10.1825352792,12
OVRPL,382,ok,12.4009185782,13
OVRPL,383,ok,12.3326916799,12
OVRPL,384,ok,11.8031795097,12
OVRPL,385,ok,10.8701186109,11
OVRPL,386,ok,10.5878476911,14
OVRPL,387,ok,12.1902687298,12
OVRPL,388,ok,13.1219676526,12
OVRPL,389,ok,12.7771850302,13
OVRPL,390,ok,13.4529309298,12
OVRPL,391,ok,10.6432862829,13
OVRPL,392,ok,10.0905284056,13
OVRPL,393,ok,12.2294532950,13
OVRPL,394,ok,10.5378264242,12
OVRPL,395,ok,10.8597182507,14
OVRPL,396,ok,12.4403512173,11
OVRPL,397,ok,11.7017041232,13
OVRPL,398,ok,11.7987974722,13
OVRPL,399,ok,10.6215800247,13
OVRPL,400,ok,13.0745991852,13
OVRPL,401,ok,12.2363773708,14
OVRPL,402,ok,11.2887124107,12
OVRPL,403,ok,12.3216717267,12
OVRPL,404,ok,11.0799700077,13
OVRPL,405,ok,11.6699002620,12
OVRPL,406,ok,11.1187330152,13
OVRPL,407,ok,12.9754756113,15
OVRPL,408,ok,10.5222157535,14
OVRPL,409,ok,9.7187942517,12
OVRPL,410,ok,11.7284337053,12
OVRPL,411,ok,10.4837980031,14
OVRPL,412,ok,13.3134372244,12
OVRPL,413,ok,11.9169811617,12
OVRPL,414,ok,12.1883195400,14
OVRPL,415,ok,10.3222282209,14
OVRPL,416,ok,9.7404980699,14
OVRPL,417,ok,10.8162301873,12
OVRPL,418,ok,11.5037449027,13
OVRPL,419,ok,11.5447759333,15
OVRPL,420,ok,10.6159334674,15
OVRPL,421,ok,10.7287796704,13
OVRPL,422,ok,11.8347910428,15
OVRPL,423,ok,11.5805352467,14
OVRPL,424,ok,11.5307638545,12
OVRPL,425,ok,10.8193714538,14
OVRPL,426,ok,9.6729740557,15
OVRPL,427,ok,10.4569170660,11
OVRPL,428,ok,11.7169418987,14
OVRPL,429,ok,11.2953966889,14
OVRPL,430,ok,11.2337116781,12
OVRPL,431,ok,11.9434702136,11
OVRPL,432,ok,11.6972911577,12
OVRPL,433,ok,11.2032278147,12
OVRPL,434,ok,11.2501811935,12
OVRPL,435,ok,9.9411819404,14
OVRPL,436,ok,10.2592408027,13
OVRPL,437,ok,9.7259088414,13
OVRPL,438,ok,11.9258825632,16
OVRPL,439,ok,11.1869788248,12
OVRPL,440,ok,12.5809773388,13
OVRPL,441,ok,10.2534316869,14
OVRPL,442,ok,12.5338170922,11
OVRPL,443,ok,9.9164918077,11
OVRPL,444,ok,11.0912690444,12
OVRPL,445,ok,12.8320250207,12
OVRPL,446,ok,11.3032897311,13
OVRPL,447,ok,12.8961261681,12
OVRPL,448,ok,11.8079493551,12
OVRPL,449,ok,10.4302584873,13
OVRPL,450,ok,12.0711696708,12
OVRPL,451,ok,10.0587346413,12
OVRPL,452,ok,11.1767804890,11
OVRPL,453,ok,11.8774232762,11
OVRPL,454,ok,10.8548204006,13
OVRPL,455,ok,12.2514238008,13
OVRPL,456,ok,10.3891880800,13
OVRPL,457,ok,13.5232037881,12
OVRPL,458,ok,10.1857208298,11
OVRPL,459,ok,10.4513375884,14
OVRPL,460,ok,10.6358429919,13
OVRPL,461,ok,13.3891301678,14
OVRPL,462,ok,11.7790523420,13
OVRPL,463,ok,12.1592793746,13
OVRPL,464,ok,12.4246627555,10
OVRPL,465,ok,11.4644706998,13
OVRPL,466,ok,11.2583575573,12
OVRPL,467,ok,9.9170896702,12
OVRPL,468,ok,12.5510883725,13
OVRPL,469,ok,11.1338545349,12
OVRPL,470,ok,10.7181996144,12
OVRPL,471,ok,10.8546285409,13
OVRPL,472,ok,12.8050657809,14
OVRPL,473,ok,10.1723975453,13
OVRPL,474,ok,9.9648444696,14
OVRPL,475,ok,13.1758510834,12
OVRPL,476,ok,11.5031309546,13
OVRPL,477,ok,11.3773560912,14
OVRPL,478,ok,10.0360604175,13
OVRPL,479,ok,12.3472711983,14
OVRPL,480,ok,11.2715881158,13
OVRPL,481,ok,10.5574429087,11
OVRPL,482,ok,9.8132206627,12
OVRPL,483,ok,9.9929051066,13
OVRPL,484,ok,12.7580861607,13
OVRPL,485,ok,13.8098944094,12
OVRPL,486,ok,10.4500769178,12
OVRPL,487,ok,10.9440345486,12
OVRPL,488,ok,10.6605619430,12
OVRPL,489,ok,10.8970203401,14
OVRPL,490,ok,10.3286583117,13
OVRPL,491,ok,12.0949855475,12
OVRPL,492,ok,9.9137844496,12
OVRPL,493,ok,10.7132828565,12
OVRPL,494,ok,10.2899652269,13
OVRPL,495,ok,10.2598072568,13
OVRPL,496,ok,11.4895586671,14
OVRPL,497,ok,12.1810538548,13
OVRPL,498,ok,10.6428963968,13
OVRPL,499,ok,10.7612079981,13
OVRPL,500,ok,10.8097068728,12
OVRPL,501,ok,11.9779197805,14
OVRPL,502,ok,13.1251554646,10
OVRPL,503,ok,11.6477320822,14
OVRPL,504,ok,10.5822268885,14
OVRPL,505,ok,11.2858759313,15
OVRPL,506,ok,11.4571379210,11
OVRPL,507,ok,12.3578645556,12
OVRPL,508,ok,12.4054341370,11
OVRPL,509,ok,11.6761332826,11
OVRPL,510,ok,12.2030192679,14
OVRPL,511,ok,12.5883965653,12
OVRPL,512,ok,10.0967272920,12
OVRPL,513,ok,11.3566231744,14
OVRPL,514,ok,11.1458729852,13
OVRPL,515,ok,10.7165991798,14
OVRPL,516,ok,10.2486783322,13
OVRPL,517,ok,11.0254263459,16
OVRPL,518,ok,10.0793560316,11
OVRPL,519,ok,11.0116156285,12
OVRPL,520,ok,12.4621884802,12
OVRPL,521,ok,10.4834065242,12
OVRPL,522,ok,10.0936540668,12
OVRPL,523,ok,11.3617797660,13
OVRPL,524,ok,13.0562810842,12
OVRPL,525,ok,11.0578247194,13
OVRPL,526,ok,10.9083821722,13
OVRPL,527,ok,11.2938325415,13
OVRPL,528,ok,11.6658444366,12
OVRPL,529,ok,11.3612803424,12
OVRPL,530,ok,10.1720064710,13
OVRPL,531,ok,11.0650521661,11
OVRPL,532,ok,10.7964843768,12
OVRPL,533,ok,10.8443279940,13
OVRPL,534,ok,12.4239620817,12
OVRPL,535,ok,11.0292282922,13
OVRPL,536,ok,9.5197937736,13
OVRPL,537,ok,10.8791118971,13
OVRPL,538,ok,12.5661033411,15
OVRPL,539,ok,14.2639607363,12
OVRPL,540,ok,10.6349650663,12
OVRPL,541,ok,11.0590995382,12
OVRPL,542,ok,9.5018159734,12
OVRPL,543,ok,11.5560929245,13
OVRPL,544,ok,11.8363589628,12
OVRPL,545,ok,13.7382108439,14
OVRPL,546,ok,12.7261307388,13
OVRPL,547,ok,9.8301815128,11
OVRPL,548,ok,11.2985841847,13
OVRPL,549,ok,10.5241988114,14
OVRPL,550,ok,11.5926770320,13
OVRPL,551,ok,9.8169370157,13
OVRPL,552,ok,10.4315905039,15
OVRPL,553,ok,10.7291082580,12
OVRPL,554,ok,11.8065122499,13
OVRPL,555,ok,11.3981613759,11
OVRPL,556,ok,12.0250759314,12
OVRPL,557,ok,9.9276935506,12
OVRPL,558,ok,10.6740329815,12
OVRPL,559,ok,11.2014180592,12
OVRPL,560,ok,10.6465512515,11
OVRPL,561,ok,11.5228554720,9
OVRPL,562,ok,11.6500693316,13
OVRPL,563,ok,11.2178524118,13
OVRPL,564,ok,9.6259525422,13
OVRPL,565,ok,11.1661155200,14
OVRPL,566,ok,9.9017861748,11
OVRPL,567,ok,11.4049684825,14
OVRPL,568,ok,11.1457299387,12
OVRPL,569,ok,12.0099684997,14
OVRPL,570,ok,11.0434816824,13
OVRPL,571,ok,9.8631185021,15
OVRPL,572,ok,11.9807942294,16
OVRPL,573,ok,11.2045319894,13
OVRPL,574,ok,11.1222148818,15
OVRPL,575,ok,10.1584255444,14
OVRPL,576,ok,12.1642776654,15
OVRPL,577,ok,10.4137490276,16
OVRPL,578,ok,12.0041118747,13
OVRPL,579,ok,10.3359322680,13
OVRPL,580,ok,11.9032241260,12
OVRPL,581,ok,10.0410859591,11
OVRPL,582,ok,10.4247684823,11
OVRPL,583,ok,9.8519176533,14
OVRPL,584,ok,12.7548916368,10
OVRPL,585,ok,11.0564806028,14
OVRPL,586,ok,10.4403955919,15
OVRPL,587,ok,12.7389236396,12
OVRPL,588,ok,10.7223574770,13
OVRPL,589,ok,11.7062588536,12
OVRPL,590,ok,11.2026975462,13
OVRPL,591,ok,10.1501132206,13
OVRPL,592,ok,10.8435206674,14
OVRPL,593,ok,11.3690021447,11
OVRPL,594,ok,10.6451608439,14
OVRPL,595,ok,11.5656522537,11
OVRPL,596,ok,10.5688912008,14
OVRPL,597,ok,11.1667186812,14
OVRPL,598,ok,10.0068098254,13
OVRPL,599,ok,11.1274569997,12
OVRPL,600,ok,11.0176401192,12
OVRPL,601,ok,11.5904050037,12
OVRPL,602,ok,12.2259747656,11
OVRPL,603,ok,10.8361152807,12
OVRPL,604,ok,11.0272409300,12
OVRPL,605,ok,13.0695688498,12
OVRPL,606,ok,9.5458983169,13
OVRPL,607,ok,11.3069334601,14
OVRPL,608,ok,11.3597041814,13
OVRPL,609,ok,13.4753143093,13
OVRPL,610,ok,10.5868142507,12
OVRPL,611,ok,12.2842209959,12
OVRPL,612,ok,10.3250482447,13
OVRPL,613,ok,10.7383269398,12
OVRPL,614,ok,12.0183345920,12
OVRPL,615,ok,9.9758144878,11
OVRPL,616,ok,11.9335689684,11
OVRPL,617,ok,12.5994255167,12
OVRPL,618,ok,10.9116985464,14
OVRPL,619,ok,10.1477179828,12
OVRPL,620,ok,10.9125801078,13
OVRPL,621,ok,10.5310613659,12
OVRPL,622,ok,9.8487261272,12
OVRPL,623,ok,9.7687744918,13
OVRPL,624,ok,11.4996816356,14
OVRPL,625,ok,11.7145078013,13
OVRPL,626,ok,9.5691182648,13
OVRPL,627,ok,10.1679346396,14
OVRPL,628,ok,11.0666683442,14
OVRPL,629,ok,9.5532948929,12
OVRPL,630,ok,10.5880717467,12
OVRPL,631,ok,11.0690534077,13
OVRPL,632,ok,12.2660516234,11
OVRPL,633,ok,12.4773031155,14
OVRPL,634,ok,10.2397398078,14
OVRPL,635,ok,12.8928707689,12
OVRPL,636,ok,11.2552904342,12
OVRPL,637,ok,10.8048839700,14
OVRPL,638,ok,11.5733542955,15
OVRPL,639,ok,11.1398002409,12
OVRPL,640,ok,10.9833859271,16
OVRPL,641,ok,10.9039527412,12
OVRPL,642,ok,12.2287686450,14
OVRPL,643,ok,10.1425693577,13
OVRPL,644,ok,11.2480212223,12
OVRPL,645,ok,11.1997181881,12
OVRPL,646,ok,10.8968479400,14
OVRPL,647,ok,11.6053792386,13
OVRPL,648,ok,11.5174312742,13
OVRPL,649,ok,11.4597663008,12
OVRPL,650,ok,11.1567881283,12
OVRPL,651,ok,10.4545967266,12
OVRPL,652,ok,10.3828195716,14
OVRPL,653,ok,11.2699568304,13
OVRPL,654,ok,11.0486353462,14
OVRPL,655,ok,11.1298983231,13
OVRPL,656,ok,10.3232779766,14
OVRPL,657,ok,11.5329646527,11
OVRPL,658,ok,10.8827519477,12
OVRPL,659,ok,12.7829141339,14
OVRPL,660,ok,12.6457240446,13
OVRPL,661,ok,11.1072637764,13
OVRPL,662,ok,11.6906293359,13
OVRPL,663,ok,10.0713706384,15
OVRPL,664,ok,12.8783946598,12
OVRPL,665,ok,10.7344108609,11
OVRPL,666,ok,11.9889382357,13
OVRPL,667,ok,9.5641150034,12
OVRPL,668,ok,11.5625037585,12
OVRPL,669,ok,10.7759536533,12
OVRPL,670,ok,11.2616130876,12
OVRPL,671,ok,11.9203908193,12
OVRPL,672,ok,11.7550004397,12
OVRPL,673,ok,11.1068626663,12
OVRPL,674,ok,10.7246288740,12
OVRPL,675,ok,10.5762154727,11
OVRPL,676,ok,9.3401928281,10
OVRPL,677,ok,10.1651388737,12
OVRPL,678,ok,11.2845955575,12
OVRPL,679,ok,11.6797237759,12
OVRPL,680,ok,11.8800617499,13
OVRPL,681,ok,10.5562107545,12
OVRPL,682,ok,11.5543877532,13
OVRPL,683,ok,10.3066338946,11
OVRPL,684,ok,11.0671087375,11
OVRPL,685,ok,10.6012434010,12
OVRPL,686,ok,12.2616467205,14
OVRPL,687,ok,10.8103107731,11
OVRPL,688,ok,11.1170071339,14
OVRPL,689,ok,11.2457717594,13
OVRPL,690,ok,11.0172203640,14
OVRPL,691,ok,12.3588104133,14
OVRPL,692,ok,9.6993232426,13
OVRPL,693,ok,11.2780459639,12
OVRPL,694,ok,10.3707110901,13
OVRPL,695,ok,10.2119030705,13
OVRPL,696,ok,11.3463772980,15
OVRPL,697,ok,11.6267069436,13
OVRPL,698,ok,9.8104337493,12
OVRPL,699,ok,11.1248519611,13
OVRPL,700,ok,12.1243294332,13
OVRPL,701,ok,11.3284897865,14
OVRPL,702,ok,10.9029384616,12
OVRPL,703,ok,10.7087157108,12
OVRPL,704,ok,11.9190343003,12
OVRPL,705,ok,12.2270767839,13
OVRPL,706,ok,11.9738902847,13
OVRPL,707,ok,10.8745698182,13
OVRPL,708,ok,12.8185979783,14
OVRPL,709,ok,10.8353382287,12
OVRPL,710,ok,10.1061037325,12
OVRPL,711,ok,12.1047989198,15
OVRPL,712,ok,12.9803176596,12
OVRPL,713,ok,10.4588051942,13
OVRPL,714,ok,11.3680526204,12
OVRPL,715,ok,10.6950894384,13
OVRPL,716,ok,12.0699762043,14
OVRPL,717,ok,10.6813926834,12
OVRPL,718,ok,11.8589095101,13
OVRPL,719,ok,11.7676070617,14
OVRPL,720,ok,10.2672204106,13
OVRPL,721,ok,12.5036986099,14
OVRPL,722,ok,11.3676182979,14
OVRPL,723,ok,14.2092217484,13
OVRPL,724,ok,10.2234867231,15
OVRPL,725,ok,10.2689941755,13
OVRPL,726,ok,10.4264207251,12
OVRPL,727,ok,12.2661176711,13
OVRPL,728,ok,9.9484487468,14
OVRPL,729,ok,12.1816794241,14
OVRPL,730,ok,13.1110354400,12
OVRPL,731,ok,11.5289212320,12
OVRPL,732,ok,11.5558459066,12
OVRPL,733,ok,9.7372904446,14
OVRPL,734,ok,13.4597921511,12
OVRPL,735,ok,9.7805803263,11
OVRPL,736,ok,13.6266930620,12
OVRPL,737,ok,9.8935890739,14
OVRPL,738,ok,10.5694469256,11
OVRPL,739,ok,10.5443482091,13
OVRPL,740,ok,11.5505762255,13
OVRPL,741,ok,9.9170142594,12
OVRPL,742,ok,13.0108995307,12
OVRPL,743,ok,11.8914557304,12
OVRPL,744,ok,12.3424604558,12
OVRPL,745,ok,10.4738419203,12
OVRPL,746,ok,12.0493241953,13
OVRPL,747,ok,10.5104366307,13
OVRPL,748,ok,11.3658226313,12
OVRPL,749,ok,12.5072669439,13
OVRPL,750,ok,13.0100947223,12
OVRPL,751,ok,12.6019089115,12
OVRPL,752,ok,11.0129444395,13
OVRPL,753,ok,12.0544548835,14
OVRPL,754,ok,10.4514838996,11
OVRPL,755,ok,10.4893406452,12
OVRPL,756,ok,10.9150882490,13
OVRPL,757,ok,12.0962864534,12
OVRPL,758,ok,11.7127234810,14
OVRPL,759,ok,11.0006650258,13
OVRPL,760,ok,9.8274927891,14
OVRPL,761,ok,10.7530735512,12
OVRPL,762,ok,12.4108872520,13
OVRPL,763,ok,10.7881481729,11
OVRPL,764,ok,11.8527971616,14
OVRPL,765,ok,9.9690096660,13
OVRPL,766,ok,10.1626217784,13
OVRPL,767,ok,10.5984179543,14
OVRPL,768,ok,11.5229821908,14
OVRPL,769,ok,12.7151288006,13
OVRPL,770,ok,10.2429203247,13
OVRPL,771,ok,12.2307209415,13
OVRPL,772,ok,12.2281127912,13
OVRPL,773,ok,10.7078721382,13
OVRPL,774,ok,10.4965751131,12
OVRPL,775,ok,11.3654025970,14
OVRPL,776,ok,10.5230196885,13
OVRPL,777,ok,10.8264649453,12
OVRPL,778,ok,9.5829133874,11
OVRPL,779,ok,11.5283116090,13
OVRPL,780,ok,12.9409871520,12
OVRPL,781,ok,12.0669891486,12
OVRPL,782,ok,10.4287954213,12
OVRPL,783,ok,11.9591802598,14
OVRPL,784,ok,10.7548954588,12
OVRPL,785,ok,13.0105128461,12
OVRPL,786,ok,12.6768446389,13
OVRPL,787,ok,12.1450005707,15
OVRPL,788,ok,10.7676589542,11
OVRPL,789,ok,11.8672220631,12
OVRPL,790,ok,10.0160888745,13
OVRPL,791,ok,12.7860170423,12
OVRPL,792,ok,9.6724765676,14
OVRPL,793,ok,11.4502295870,13
OVRPL,794,ok,10.2126624626,13
OVRPL,795,ok,11.0014091523,12
OVRPL,796,ok,10.3582527606,14
OVRPL,797,ok,12.7483396897,14
OVRPL,798,ok,10.4163317514,12
OVRPL,799,ok,11.6621497198,12
OVRPL,800,ok,12.0891515904,12
OVRPL,801,ok,10.2871822667,12
OVRPL,802,ok,10.7627068057,12
OVRPL,803,ok,10.3737047837,13
OVRPL,804,ok,12.0333159352,11
OVRPL,805,ok,11.1068112551,14
OVRPL,806,ok,10.4295262254,14
OVRPL,807,ok,10.5019932259,12
OVRPL,808,ok,11.3267336363,12
OVRPL,809,ok,9.9307263354,12
OVRPL,810,ok,10.6450532453,12
OVRPL,811,ok,9.8132343866,14
OVRPL,812,ok,11.4812284966,12
OVRPL,813,ok,11.2970367015,12
OVRPL,814,ok,11.5056217008,11
OVRPL,815,ok,11.3918790927,12
OVRPL,816,ok,9.8904664414,13
OVRPL,817,ok,10.8827386820,13
OVRPL,818,ok,12.4563938131,14
OVRPL,819,ok,11.2984163827,13
OVRPL,820,ok,9.9709142530,13
OVRPL,821,ok,12.0942125144,12
OVRPL,822,ok,12.0950110395,12
OVRPL,823,ok,10.9902842092,13
OVRPL,824,ok,10.2312824958,14
OVRPL,825,ok,11.7568505917,14
OVRPL,826,ok,13.3160766730,12
OVRPL,827,ok,9.7969587383,15
OVRPL,828,ok,11.4907002994,13
OVRPL,829,ok,11.5564800586,14
OVRPL,830,ok,11.3944204234,13
OVRPL,831,ok,11.2517794487,15
OVRPL,832,ok,9.1171646021,11
OVRPL,833,ok,9.8936841366,13
OVRPL,834,ok,11.8646870870,13
OVRPL,835,ok,10.3636989893,13
OVRPL,836,ok,9.8116677996,11
OVRPL,837,ok,11.0545653485,15
OVRPL,838,ok,11.0299097614,14
OVRPL,839,ok,11.0820931218,12
OVRPL,840,ok,10.0705969343,12
OVRPL,841,ok,10.7816878676,12
OVRPL,842,ok,11.5241559215,13
OVRPL,843,ok,11.2135864896,12
OVRPL,844,ok,11.1485752807,13
OVRPL,845,ok,12.0771529334,13
OVRPL,846,ok,10.5880872419,11
OVRPL,847,ok,11.1775591842,13
OVRPL,848,ok,10.4745300526,12
OVRPL,849,ok,11.0875530835,13
OVRPL,850,ok,11.8276699264,13
OVRPL,851,ok,10.0705843199,16
OVRPL,852,ok,10.7283687099,13
OVRPL,853,ok,12.4116211166,16
OVRPL,854,ok,10.4338404064,15
OVRPL,855,ok,10.2657000293,13
OVRPL,856,ok,10.8646798386,11
OVRPL,857,ok,11.3385985257,14
OVRPL,858,ok,10.4250864446,14
OVRPL,859,ok,11.8360076559,12
OVRPL,860,ok,10.3621165116,12
OVRPL,861,ok,12.8520476658,12
OVRPL,862,ok,10.6298776552,13
OVRPL,863,ok,11.3443853873,12
OVRPL,864,ok,11.4681471490,14
OVRPL,865,ok,11.2993392993,15
OVRPL,866,ok,10.6064810205,13
OVRPL,867,ok,12.1244246504,15
OVRPL,868,ok,11.5427476002,13
OVRPL,869,ok,11.3920647931,12
OVRPL,870,ok,10.6806449955,14
OVRPL,871,ok,11.5988922176,12
OVRPL,872,ok,11.4046329980,12
OVRPL,873,ok,9.6865453914,14
OVRPL,874,ok,10.3506846263,13
OVRPL,875,ok,12.0239593682,11
OVRPL,876,ok,10.7556594037,14
OVRPL,877,ok,11.6132639330,13
OVRPL,878,ok,10.3023710229,13
OVRPL,879,ok,10.9870224779,13
OVRPL,880,ok,9.9524148465,13
OVRPL,881,ok,9.9827612941,14
OVRPL,882,ok,12.3635722165,13
OVRPL,883,ok,11.8411346396,14
OVRPL,884,ok,11.8054410230,11
OVRPL,885,ok,11.3199137664,12
OVRPL,886,ok,12.2673902384,13
OVRPL,887,ok,11.0593722241,11
OVRPL,888,ok,11.5746244045,14
OVRPL,889,ok,10.6060776480,14
OVRPL,890,ok,13.1717999536,14
OVRPL,891,ok,11.4979413918,13
OVRPL,892,ok,10.8790188300,13
OVRPL,893,ok,10.6900557377,15
OVRPL,894,ok,9.5625299248,14
OVRPL,895,ok,10.8370349623,13
OVRPL,896,ok,11.5769283217,12
OVRPL,897,ok,9.9008815185,13
OVRPL,898,ok,10.4216368013,12
OVRPL,899,ok,11.2817838852,13
OVRPL,900,ok,11.6487818124,13
OVRPL,901,ok,11.8999789211,11
OVRPL,902,ok,10.5744606029,13
OVRPL,903,ok,11.0683666695,15
OVRPL,904,ok,12.5151245495,14
OVRPL,905,ok,10.6598711823,13
OVRPL,906,ok,10.2034143944,13
OVRPL,907,ok,12.3989239007,11
OVRPL,908,ok,9.7609203803,12
OVRPL,909,ok,10.7917667377,11
OVRPL,910,ok,11.5055808863,12
OVRPL,911,ok,9.7082801420,12
OVRPL,912,ok,11.0988282132,14
OVRPL,913,ok,12.0523623548,14
OVRPL,914,ok,12.4603420671,13
OVRPL,915,ok,13.2928197208,13
OVRPL,916,ok,10.4555619579,14
OVRPL,917,ok,11.9266060668,14
OVRPL,918,ok,10.6202040909,12
OVRPL,919,ok,10.7245503222,12
OVRPL,920,ok,11.2034096835,12
OVRPL,921,ok,11.7374485978,13
OVRPL,922,ok,11.0606914673,13
OVRPL,923,ok,11.0503962959,13
OVRPL,924,ok,11.2164434441,13
OVRPL,925,ok,11.1787723489,14
OVRPL,926,ok,11.0631567280,13
OVRPL,927,ok,12.0485797619,12
OVRPL,928,ok,11.2184220925,14
OVRPL,929,ok,10.0446828096,13
OVRPL,930,ok,12.2148127047,12
OVRPL,931,ok,11.6737216831,14
OVRPL,932,ok,10.5577097269,15
OVRPL,933,ok,11.0388018850,14
OVRPL,934,ok,10.8104433435,11
OVRPL,935,ok,11.6624448893,12
OVRPL,936,ok,12.0521222131,13
OVRPL,937,ok,11.8530252969,14
OVRPL,938,ok,12.4567090224,11
OVRPL,939,ok,10.6885092569,14
OVRPL,940,ok,12.4843097273,11
OVRPL,941,ok,12.5041879642,14
OVRPL,942,ok,11.0948691881,13
OVRPL,943,ok,11.8571129818,14
OVRPL,944,ok,12.4227505251,14
OVRPL,945,ok,10.8421454494,13
OVRPL,946,ok,12.3707627875,12
OVRPL,947,ok,10.1764903697,12
OVRPL,948,ok,11.3071625486,16
OVRPL,949,ok,9.4440270500,11
OVRPL,950,ok,12.6889748203,14
OVRPL,951,ok,13.0889000779,14
OVRPL,952,ok,13.4237781536,14
OVRPL,953,ok,11.2061221664,13
OVRPL,954,ok,11.9479901568,12
OVRPL,955,ok,9.6516519000,13
OVRPL,956,ok,11.9523093318,13
OVRPL,957,ok,11.1628626041,14
OVRPL,958,ok,10.8749962823,13
OVRPL,959,ok,10.9484803246,11
OVRPL,960,ok,9.6441025288,14
OVRPL,961,ok,11.9437064458,11
OVRPL,962,ok,10.5763655489,12
OVRPL,963,ok,12.8708674632,13
OVRPL,964,ok,11.4402499394,11
OVRPL,965,ok,11.6491020316,12
OVRPL,966,ok,10.9308013657,13
OVRPL,967,ok,10.1947979253,14
OVRPL,968,ok,10.2799997726,13
OVRPL,969,ok,10.7861027909,12
OVRPL,970,ok,11.9461758775,13
OVRPL,971,ok,10.1028289410,14
OVRPL,972,ok,11.7214425860,14
OVRPL,973,ok,10.6776285872,13
OVRPL,974,ok,10.7996781410,14
OVRPL,975,ok,10.4732725900,12
OVRPL,976,ok,9.8036538133,13
OVRPL,977,ok,10.4945905161,14
OVRPL,978,ok,11.6762698602,12
OVRPL,979,ok,10.1871197711,12
OVRPL,980,ok,9.7839190198,12
OVRPL,981,ok,10.2415193529,12
OVRPL,982,ok,11.3101969653,12
OVRPL,983,ok,10.0788210111,10
OVRPL,984,ok,12.1386808541,14
OVRPL,985,ok,9.4549033524,13
OVRPL,986,ok,12.6734535386,14
OVRPL,987,ok,12.3110229557,15
OVRPL,988,ok,12.9039296528,12
OVRPL,989,ok,11.3608725404,15
OVRPL,990,ok,11.2015033988,12
OVRPL,991,ok,11.5249054733,14
OVRPL,992,ok,10.9030768469,11
OVRPL,993,ok,12.5316525322,11
OVRPL,994,ok,11.3081584884,12
OVRPL,995,ok,9.9851135720,11
OVRPL,996,ok,11.7331769932,11
OVRPL,997,ok,10.6017160268,13
OVRPL,998,ok,10.9442915909,12
OVRPL,999,ok,10.8569688890,13
VRPBL,0,ok,11.8838132080,7
VRPBL,1,ok,12.4544986297,7
VRPBL,2,ok,11.7917438871,6
VRPBL,3,ok,12.1712952430,7
VRPBL,4,ok,13.6651338908,7
VRPBL,5,ok,13.6287232806,6
VRPBL,6,ok,10.7962879626,7
VRPBL,7,ok,9.8915695034,6
VRPBL,8,ok,11.6030375964,8
VRPBL,9,ok,12.1020369027,6
VRPBL,10,ok,10.6413951695,7
VRPBL,11,ok,11.5290745560,6
VRPBL,12,ok,10.6603489476,6
VRPBL,13,ok,14.1211428458,7
VRPBL,14,ok,12.6560739840,6
VRPBL,15,ok,14.4948093680,7
VRPBL,16,ok,12.5195897862,8
VRPBL,17,ok,11.2418119766,7
VRPBL,18,ok,11.1859779081,7
VRPBL,19,ok,10.9682118021,7
VRPBL,20,ok,14.6623796078,8
VRPBL,21,ok,12.9611393012,9
VRPBL,22,ok,11.2593200122,7
VRPBL,23,ok,10.6670092941,6
VRPBL,24,ok,11.3268889524,7
VRPBL,25,ok,11.0098829725,6
VRPBL,26,ok,13.0597509393,7
VRPBL,27,ok,15.2667948785,7
VRPBL,28,ok,12.0461459436,8
VRPBL,29,ok,11.3640814294,7
VRPBL,30,ok,11.6506066015,6
VRPBL,31,ok,13.5564210674,7
VRPBL,32,ok,13.1945540357,7
VRPBL,33,ok,13.3666770316,7
VRPBL,34,ok,11.6756998256,6
VRPBL,35,ok,11.0972744858,6
VRPBL,36,ok,11.6926752174,7
VRPBL,37,ok,12.1535079261,6
VRPBL,38,ok,11.3511438845,7
VRPBL,39,ok,14.0888350003,8
VRPBL,40,ok,12.6711015832,7
VRPBL,41,ok,11.9249119950,7
VRPBL,42,ok,12.0767027561,8
VRPBL,43,ok,13.4290247680,9
VRPBL,44,ok,14.1192481158,7
VRPBL,45,ok,12.7201733790,6
VRPBL,46,ok,11.7313855788,6
VRPBL,47,ok,10.9647248672,7
VRPBL,48,ok,14.5374751544,6
VRPBL,49,ok,13.3108880329,7
VRPBL,50,ok,14.0059425119,7
VRPBL,51,ok,14.8916939954,6
VRPBL,52,ok,13.7420203796,7
VRPBL,53,ok,11.4977382584,7
VRPBL,54,ok,11.6765876915,7
VRPBL,55,ok,13.4761961018,6
VRPBL,56,ok,11.4853680060,7
VRPBL,57,ok,14.0728663267,6
VRPBL,58,ok,11.6464074940,6
VRPBL,59,ok,12.4153183591,7
VRPBL,60,ok,11.8663131178,6
VRPBL,61,ok,11.8271067032,6
VRPBL,62,ok,11.9807516504,7
VRPBL,63,ok,12.2861829723,7
VRPBL,64,ok,13.5295695044,7
VRPBL,65,ok,13.1709974052,7
VRPBL,66,ok,11.6958600227,6
VRPBL,67,ok,12.5017824009,6
VRPBL,68,ok,14.4768145399,7
VRPBL,69,ok,11.3083495148,7
VRPBL,70,ok,16.0580915752,7
VRPBL,71,ok,12.0557160237,6
VRPBL,72,ok,10.3527962332,7
VRPBL,73,ok,14.0244989158,7
VRPBL,74,ok,13.9854236325,7
VRPBL,75,ok,11.9963610505,7
VRPBL,76,ok,14.2532399617,8
VRPBL,77,ok,11.6649817743,7
VRPBL,78,ok,10.6066216699,6
VRPBL,79,ok,11.2817808290,7
VRPBL,80,ok,12.3799422061,6
VRPBL,81,ok,12.9866208180,7
VRPBL,82,ok,12.9703930741,7
VRPBL,83,ok,13.1135536521,8
VRPBL,84,ok,12.5635261577,7
VRPBL,85,ok,11.8659688223,7
VRPBL,86,ok,10.8577836514,6
VRPBL,87,ok,12.9769833207,7
VRPBL,88,ok,11.2186508510,7
VRPBL,89,ok,13.4438426574,7
VRPBL,90,ok,10.8367325993,6
VRPBL,91,ok,12.7665058108,7
VRPBL,92,ok,12.5843017979,6
VRPBL,93,ok,11.4066131822,7
VRPBL,94,ok,11.0964134439,7
VRPBL,95,ok,11.0004776030,7
VRPBL,96,ok,11.3136844171,7
VRPBL,97,ok,12.6693482448,7
VRPBL,98,ok,12.0666678645,9
VRPBL,99,ok,12.8620488502,8
VRPBL,100,ok,11.5078168717,6
VRPBL,101,ok,10.9529340421,8
VRPBL,102,ok,13.1987243363,7
VRPBL,103,ok,12.8384293635,8
VRPBL,104,ok,13.0994054844,8
VRPBL,105,ok,12.4423260697,6
VRPBL,106,ok,11.1413230416,7
VRPBL,107,ok,11.3346595163,8
VRPBL,108,ok,13.1366889375,8
VRPBL,109,ok,13.3669233001,7
VRPBL,110,ok,15.7712700317,8
VRPBL,111,ok,12.1888750611,6
VRPBL,112,ok,14.5376334293,7
VRPBL,113,ok,13.1843935935,7
VRPBL,114,ok,12.2248649378,7
VRPBL,115,ok,10.7383294869,7
VRPBL,116,ok,12.9209901038,7
VRPBL,117,ok,12.4828678267,7
VRPBL,118,ok,16.5454506235,7
VRPBL,119,ok,12.1393671222,7
VRPBL,120,ok,14.1908460536,8
VRPBL,121,ok,14.2950110897,7
VRPBL,122,ok,13.5904943001,8
VRPBL,123,ok,12.6638568159,7
VRPBL,124,ok,12.6480961385,7
VRPBL,125,ok,14.2280383217,7
VRPBL,126,ok,11.6241872535,6
VRPBL,127,ok,11.6933269489,6
VRPBL,128,ok,13.9160179089,6
VRPBL,129,ok,11.4537273978,6
VRPBL,130,ok,11.4009355378,7
VRPBL,131,ok,10.5737732449,6
VRPBL,132,ok,11.8329799402,7
VRPBL,133,ok,14.2751974864,7
VRPBL,134,ok,12.4075477241,7
VRPBL,135,ok,12.4898136358,7
VRPBL,136,ok,11.5117433073,7
VRPBL,137,ok,12.9394276817,6
VRPBL,138,ok,11.7064522580,6
VRPBL,139,ok,11.2552894590,7
VRPBL,140,ok,13.6294623965,8
VRPBL,141,ok,11.9403288750,7
VRPBL,142,ok,11.8809785716,6
VRPBL,143,ok,11.1770309403,7
VRPBL,144,ok,11.6514630745,7
VRPBL,145,ok,13.9314049996,7
VRPBL,146,ok,11.1738108141,7
VRPBL,147,ok,10.4915576462,8
VRPBL,148,ok,13.0401633137,7
VRPBL,149,ok,12.1202140194,7
VRPBL,150,ok,11.8394336389,7
VRPBL,151,ok,13.7722251500,6
VRPBL,152,ok,14.8453438153,7
VRPBL,153,ok,12.8862584465,7
VRPBL,154,ok,13.1015166904,7
VRPBL,155,ok,10.1666596537,8
VRPBL,156,ok,12.6395363890,7
VRPBL,157,ok,12.6727315094,6
VRPBL,158,ok,13.4757267035,8
VRPBL,159,ok,11.7389541981,7
VRPBL,160,ok,12.8964873727,6
VRPBL,161,ok,14.2101044269,6
VRPBL,162,ok,18.0034012243,8
VRPBL,163,ok,12.9445938097,7
VRPBL,164,ok,12.9053671289,8
VRPBL,165,ok,14.0193219580,7
VRPBL,166,ok,13.1575666395,7
VRPBL,167,ok,13.7218442771,6
VRPBL,168,ok,12.0639819598,6
VRPBL,169,ok,11.6390252287,6
VRPBL,170,ok,13.6775461159,8
VRPBL,171,ok,10.8651083324,7
VRPBL,172,ok,10.9044008733,6
VRPBL,173,ok,10.8889406676,5
VRPBL,174,ok,11.0166694764,6
VRPBL,175,ok,10.1747299114,6
VRPBL,176,ok,10.6341288290,6
VRPBL,177,ok,11.4276664954,6
VRPBL,178,ok,13.2924901882,7
VRPBL,179,ok,12.0909451153,7
VRPBL,180,ok,12.2119158060,7
VRPBL,181,ok,15.2243083131,8
VRPBL,182,ok,12.0705343663,6
VRPBL,183,ok,13.3734962612,7
VRPBL,184,ok,13.4410375572,7
VRPBL,185,ok,11.2646142409,7
VRPBL,186,ok,10.7958108482,6
VRPBL,187,ok,12.0677243669,7
VRPBL,188,ok,11.8480479797,7
VRPBL,189,ok,11.6745560372,7
VRPBL,190,ok,15.8171816114,6
VRPBL,191,ok,13.8330764981,7
VRPBL,192,ok,11.8704686804,7
VRPBL,193,ok,12.0454044330,7
VRPBL,194,ok,13.5998123395,7
VRPBL,195,ok,11.2634057652,7
VRPBL,196,ok,11.7480789902,7
VRPBL,197,ok,12.0673254410,7
VRPBL,198,ok,11.5619325982,7
VRPBL,199,ok,12.4240334478,6
VRPBL,200,ok,13.1621502439,6
VRPBL,201,ok,10.6573291547,6
VRPBL,202,ok,12.9896583936,7
VRPBL,203,ok,15.2001278232,6
VRPBL,204,ok,11.4927035660,6
VRPBL,205,ok,11.9453465615,6
VRPBL,206,ok,10.3469556833,7
VRPBL,207,ok,11.0841605924,7
VRPBL,208,ok,11.1354562450,6
VRPBL,209,ok,12.9094698341,7
VRPBL,210,ok,11.9542954360,7
VRPBL,211,ok,13.7811806620,6
VRPBL,212,ok,13.6662704008,7
VRPBL,213,ok,16.1560929789,7
VRPBL,214,ok,10.6865401142,7
VRPBL,215,ok,14.0051041220,8
VRPBL,216,ok,12.7337551438,7
VRPBL,217,ok,14.3452212989,7
VRPBL,218,ok,13.3461364633,7
VRPBL,219,ok,11.5326085194,6
VRPBL,220,ok,11.2463974710,6
VRPBL,221,ok,12.5309975307,7
VRPBL,222,ok,14.2951322968,7
VRPBL,223,ok,11.6287144158,6
VRPBL,224,ok,15.5320650947,7
VRPBL,225,ok,11.4295024790,7
VRPBL,226,ok,12.6684595174,7
VRPBL,227,ok,12.6695964142,6
VRPBL,228,ok,13.5019391615,8
VRPBL,229,ok,12.1031009736,6
VRPBL,230,ok,12.9009004355,7
VRPBL,231,ok,12.7040049060,7
VRPBL,232,ok,12.8401356658,7
VRPBL,233,ok,13.2995321149,7
VRPBL,234,ok,12.9944914009,7
VRPBL,235,ok,13.2227453922,8
VRPBL,236,ok,11.9724213565,7
VRPBL,237,ok,13.4883450594,7
VRPBL,238,ok,10.6438630313,6
VRPBL,239,ok,12.8523465970,7
VRPBL,240,ok,11.6805909728,7
VRPBL,241,ok,16.9865879096,8
VRPBL,242,ok,12.9448535008,7
VRPBL,243,ok,10.2498082315,7
VRPBL,244,ok,11.3454697548,7
VRPBL,245,ok,11.5789098759,6
VRPBL,246,ok,11.6269024341,6
VRPBL,247,ok,13.1540951991,7
VRPBL,248,ok,13.1990288450,7
VRPBL,249,ok,14.2171500849,7
VRPBL,250,ok,12.4085002921,6
VRPBL,251,ok,12.9204976720,7
VRPBL,252,ok,13.3451995905,6
VRPBL,253,ok,10.8179787090,6
VRPBL,254,ok,10.8736807778,7
VRPBL,255,ok,11.8800315886,7
VRPBL,256,ok,11.6485135277,6
VRPBL,257,ok,16.1126862194,8
VRPBL,258,ok,12.4965655447,7
VRPBL,259,ok,12.1686010318,8
VRPBL,260,ok,13.8553030911,7
VRPBL,261,ok,11.6275832255,7
VRPBL,262,ok,12.6679666721,6
VRPBL,263,ok,14.3335394338,7
VRPBL,264,ok,11.8245885645,7
VRPBL,265,ok,12.7939261419,8
VRPBL,266,ok,10.3126438421,7
VRPBL,267,ok,13.0319328214,8
VRPBL,268,ok,12.0548581265,7
VRPBL,269,ok,11.3017174465,7
VRPBL,270,ok,12.6894179319,7
VRPBL,271,ok,14.1543562604,8
VRPBL,272,ok,12.1395407629,7
VRPBL,273,ok,10.3510115102,7
VRPBL,274,ok,11.7807497709,6
VRPBL,275,ok,11.7564787375,7
VRPBL,276,ok,13.7166831971,7
VRPBL,277,ok,14.7027838321,8
VRPBL,278,ok,13.7380172350,7
VRPBL,279,ok,12.4361539439,7
VRPBL,280,ok,11.4809964784,7
VRPBL,281,ok,13.8077183995,7
VRPBL,282,ok,11.3303711546,7
VRPBL,283,ok,10.2262240935,7
VRPBL,284,ok,11.9048003669,7
VRPBL,285,ok,11.5989901198,7
VRPBL,286,ok,12.1375335248,6
VRPBL,287,ok,11.2735109427,6
VRPBL,288,ok,14.5376909098,7
VRPBL,289,ok,10.6916611110,7
VRPBL,290,ok,12.7194681405,7
VRPBL,291,ok,13.3226349151,7
VRPBL,292,ok,15.5730132078,8
VRPBL,293,ok,11.3526461953,7
VRPBL,294,ok,10.0987974085,6
VRPBL,295,ok,11.8319486448,7
VRPBL,296,ok,10.6298768726,7
VRPBL,297,ok,13.1907550234,9
VRPBL,298,ok,15.0772387924,7
VRPBL,299,ok,12.2098762999,7
VRPBL,300,ok,13.1128285581,7
VRPBL,301,ok,11.8532181742,7
VRPBL,302,ok,13.8167478190,7
VRPBL,303,ok,12.2058038226,8
VRPBL,304,ok,11.7368893285,8
VRPBL,305,ok,11.5121544537,7
VRPBL,306,ok,11.0366395091,7
VRPBL,307,ok,12.0728009276,6
VRPBL,308,ok,13.8033422420,7
VRPBL,309,ok,15.6627935239,8
VRPBL,310,ok,15.1129620543,8
VRPBL,311,ok,12.7892245490,7
VRPBL,312,ok,12.8724704437,6
VRPBL,313,ok,11.2470067911,8
VRPBL,314,ok,11.7772331794,7
VRPBL,315,ok,11.2188174931,7
VRPBL,316,ok,12.5089622709,7
VRPBL,317,ok,12.4665069005,7
VRPBL,318,ok,13.6834282410,8
VRPBL,319,ok,13.1054113203,7
VRPBL,320,ok,11.6636299767,6
VRPBL,321,ok,11.0506724395,6
VRPBL,322,ok,14.5251248199,7
VRPBL,323,ok,10.9239477656,7
VRPBL,324,ok,13.0290548136,7
VRPBL,325,ok,13.7380946310,8
VRPBL,326,ok,11.3335102082,6
VRPBL,327,ok,11.8424503788,7
VRPBL,328,ok,12.4662968443,8
VRPBL,329,ok,13.6683278110,8
VRPBL,330,ok,13.8438081005,7
VRPBL,331,ok,14.4416908336,7
VRPBL,332,ok,12.3645291716,7
VRPBL,333,ok,12.0006662963,7
VRPBL,334,ok,12.4129141483,6
VRPBL,335,ok,10.8247039863,8
VRPBL,336,ok,14.8474528689,7
VRPBL,337,ok,11.3023806619,8
VRPBL,338,ok,14.8524885826,8
VRPBL,339,ok,12.5404070169,7
VRPBL,340,ok,14.8901708166,7
VRPBL,341,ok,12.5936421451,7
VRPBL,342,ok,13.7839361115,7
VRPBL,343,ok,14.3289870284,6
VRPBL,344,ok,9.9369372125,6
VRPBL,345,ok,11.2027801374,7
VRPBL,346,ok,12.8158689734,7
VRPBL,347,ok,14.5785314241,7
VRPBL,348,ok,12.2040497886,6
VRPBL,349,ok,12.8823344881,7
VRPBL,350,ok,17.5916178759,8
VRPBL,351,ok,13.0961996619,7
VRPBL,352,ok,11.4957754759,7
VRPBL,353,ok,11.7789918517,7
VRPBL,354,ok,13.4033270166,6
VRPBL,355,ok,11.8009019413,7
VRPBL,356,ok,13.5828861178,8
VRPBL,357,ok,12.9072039960,7
VRPBL,358,ok,12.7965027623,7
VRPBL,359,ok,14.2632869410,7
VRPBL,360,ok,10.2534336927,6
VRPBL,361,ok,11.3689155563,8
VRPBL,362,ok,12.9925730780,6
VRPBL,363,ok,11.2930853726,7
VRPBL,364,ok,12.9588403253,7
VRPBL,365,ok,11.3146572735,7
VRPBL,366,ok,11.2529704608,7
VRPBL,367,ok,10.4720022855,6
VRPBL,368,ok,14.3108199243,5
VRPBL,369,ok,13.6649942689,7
VRPBL,370,ok,14.8211953003,7
VRPBL,371,ok,11.7110987454,7
VRPBL,372,ok,14.9078907662,7
VRPBL,373,ok,12.1970919898,7
VRPBL,374,ok,13.1116881810,7
VRPBL,375,ok,12.9665357997,8
VRPBL,376,ok,14.2745980328,7
VRPBL,377,ok,14.4070070382,7
VRPBL,378,ok,13.1816897271,6
VRPBL,379,ok,14.1072005294,7
VRPBL,380,ok,11.7249430313,7
VRPBL,381,ok,12.4979845889,7
VRPBL,382,ok,11.9753107210,7
VRPBL,383,ok,11.3312162221,7
VRPBL,384,ok,11.4832803377,7
VRPBL,385,ok,12.3302462307,7
VRPBL,386,ok,15.4397333313,7
VRPBL,387,ok,14.9487272942,7
VRPBL,388,ok,15.2019753665,7
VRPBL,389,ok,17.3398495231,8
VRPBL,390,ok,13.0219098931,7
VRPBL,391,ok,13.1054684290,7
VRPBL,392,ok,14.7751756274,8
VRPBL,393,ok,13.4924111019,6
VRPBL,394,ok,13.4209720154,7
VRPBL,395,ok,12.0605658014,8
VRPBL,396,ok,12.6645415436,7
VRPBL,397,ok,11.7134884518,6
VRPBL,398,ok,12.0470238330,8
VRPBL,399,ok,13.5888156299,7
VRPBL,400,ok,13.8235129976,7
VRPBL,401,ok,11.9171889996,6
VRPBL,402,ok,14.4483037369,7
VRPBL,403,ok,12.8704775520,7
VRPBL,404,ok,14.6155193091,8
VRPBL,405,ok,12.7726858930,7
VRPBL,406,ok,12.3541247825,7
VRPBL,407,ok,10.7360525951,6
VRPBL,408,ok,11.6918333872,7
VRPBL,409,ok,11.4024909340,6
VRPBL,410,ok,12.2186337907,7
VRPBL,411,ok,14.0561458415,6
VRPBL,412,ok,12.0161587141,7
VRPBL,413,ok,12.8345515528,8
VRPBL,414,ok,10.4714454339,6
VRPBL,415,ok,14.3805619781,7
VRPBL,416,ok,13.9380662598,8
VRPBL,417,ok,12.7740084505,7
VRPBL,418,ok,13.4841609421,6
VRPBL,419,ok,11.0373596241,6
VRPBL,420,ok,13.7063255007,7
VRPBL,421,ok,13.5180538432,6
VRPBL,422,ok,12.8510895084,8
VRPBL,423,ok,13.6745122736,7
VRPBL,424,ok,14.4558384003,7
VRPBL,425,ok,11.5021703277,5
VRPBL,426,ok,10.1077042362,6
VRPBL,427,ok,10.8874533240,7
VRPBL,428,ok,15.3812768634,7
VRPBL,429,ok,11.8675026702,7
VRPBL,430,ok,13.0175108629,7
VRPBL,431,ok,11.3065833224,6
VRPBL,432,ok,11.5357250078,7
VRPBL,433,ok,14.0621819019,7
VRPBL,434,ok,12.6712926295,7
VRPBL,435,ok,11.3780699210,7
VRPBL,436,ok,10.7217210693,7
VRPBL,437,ok,13.2856824344,8
VRPBL,438,ok,11.4047441009,8
VRPBL,439,ok,14.5292996222,7
VRPBL,440,ok,10.4919054408,7
VRPBL,441,ok,14.1954097757,7
VRPBL,442,ok,11.6570512246,7
VRPBL,443,ok,13.8190235116,6
VRPBL,444,ok,11.0981564038,7
VRPBL,445,ok,13.6152802675,7
VRPBL,446,ok,12.5504076559,7
VRPBL,447,ok,13.8958675566,7
VRPBL,448,ok,13.1198751560,6
VRPBL,449,ok,13.0269791823,7
VRPBL,450,ok,10.7337864069,7
VRPBL,451,ok,11.1391473319,6
VRPBL,452,ok,11.8117278419,7
VRPBL,453,ok,12.1898815347,6
VRPBL,454,ok,12.5635236705,8
VRPBL,455,ok,13.0140675821,6
VRPBL,456,ok,12.2292626625,6
VRPBL,457,ok,11.2843012508,7
VRPBL,458,ok,11.9878091970,6
VRPBL,459,ok,10.7977386411,6
VRPBL,460,ok,10.1753396078,7
VRPBL,461,ok,13.7915757852,7
VRPBL,462,ok,10.3006412419,5
VRPBL,463,ok,13.3662152919,8
VRPBL,464,ok,12.6896394911,8
VRPBL,465,ok,11.0024572465,6
VRPBL,466,ok,13.9451549122,7
VRPBL,467,ok,11.6267216962,7
VRPBL,468,ok,13.0193517101,6
VRPBL,469,ok,17.1266404617,8
VRPBL,470,ok,13.5607325521,7
VRPBL,471,ok,13.5782023256,8
VRPBL,472,ok,11.9803084291,7
VRPBL,473,ok,15.5036640556,7
VRPBL,474,ok,11.0454511178,7
VRPBL,475,ok,13.2611305940,7
VRPBL,476,ok,13.8308611962,7
VRPBL,477,ok,11.7689942913,6
VRPBL,478,ok,10.2334946389,5
VRPBL,479,ok,11.9649484080,7
VRPBL,480,ok,11.6605830285,7
VRPBL,481,ok,11.8927088023,7
VRPBL,482,ok,13.3642663450,7
VRPBL,483,ok,12.1574004752,7
VRPBL,484,ok,11.4136490201,6
VRPBL,485,ok,14.7968313176,7
VRPBL,486,ok,14.3259887313,8
VRPBL,487,ok,13.8500771953,8
VRPBL,488,ok,14.0057157512,6
VRPBL,489,ok,11.3284901507,7
VRPBL,490,ok,13.7198534980,7
VRPBL,491,ok,11.3096626326,7
VRPBL,492,ok,11.8024422912,8
VRPBL,493,ok,10.7158385775,7
VRPBL,494,ok,13.5362469273,7
VRPBL,495,ok,13.7191104133,7
VRPBL,496,ok,12.4351076279,6
VRPBL,497,ok,11.9451382981,7
VRPBL,498,ok,12.8179227157,7
VRPBL,499,ok,12.6164266974,7
VRPBL,500,ok,12.6798702548,7
VRPBL,501,ok,14.3593699553,6
VRPBL,502,ok,12.5416056388,8
VRPBL,503,ok,12.7887403260,7
VRPBL,504,ok,15.3594356568,7
VRPBL,505,ok,15.7033872340,7
VRPBL,506,ok,14.7234538116,7
VRPBL,507,ok,13.2421682086,8
VRPBL,508,ok,11.7277521885,7
VRPBL,509,ok,10.3984882272,6
VRPBL,510,ok,14.2902685032,7
VRPBL,511,ok,13.6001000832,7
VRPBL,512,ok,10.6768882727,6
VRPBL,513,ok,14.6370029262,7
VRPBL,514,ok,11.2153744844,8
VRPBL,515,ok,11.8617689302,8
VRPBL,516,ok,13.3181998060,7
VRPBL,517,ok,14.3092122343,7
VRPBL,518,ok,14.1254293208,7
VRPBL,519,ok,11.7015927596,7
VRPBL,520,ok,12.0669779524,7
VRPBL,521,ok,10.7473104886,6
VRPBL,522,ok,10.9295460364,7
VRPBL,523,ok,12.1110188709,7
VRPBL,524,ok,11.9250732014,6
VRPBL,525,ok,11.1814518574,8
VRPBL,526,ok,12.2714024331,7
VRPBL,527,ok,12.8306511726,9
VRPBL,528,ok,11.8087860459,6
VRPBL,529,ok,12.2251798961,6
VRPBL,530,ok,11.1889429452,7
VRPBL,531,ok,13.0740895477,6
VRPBL,532,ok,12.2355262536,6
VRPBL,533,ok,13.7966154678,8
VRPBL,534,ok,13.8446382390,7
VRPBL,535,ok,12.8791306476,7
VRPBL,536,ok,13.9424190080,8
VRPBL,537,ok,12.9888329847,7
VRPBL,538,ok,11.1628677747,6
VRPBL,539,ok,14.9095635875,7
VRPBL,540,ok,11.4698479022,7
VRPBL,541,ok,12.0679878984,8
VRPBL,542,ok,12.7537833324,7
VRPBL,543,ok,12.3385667696,7
VRPBL,544,ok,9.8401722341,6
VRPBL,545,ok,10.4796513217,6
VRPBL,546,ok,13.7728670373,7
VRPBL,547,ok,12.4665761711,7
VRPBL,548,ok,11.9719785582,8
VRPBL,549,ok,11.1459093531,6
VRPBL,550,ok,12.5128904509,7
VRPBL,551,ok,11.1287767717,7
VRPBL,552,ok,12.8282873795,7
VRPBL,553,ok,14.1848961536,6
VRPBL,554,ok,11.9331666288,7
VRPBL,555,ok,12.0265704246,6
VRPBL,556,ok,12.0512134156,6
VRPBL,557,ok,13.2955631914,7
VRPBL,558,ok,12.6887210712,7
VRPBL,559,ok,10.8333324506,7
VRPBL,560,ok,14.1761834411,7
VRPBL,561,ok,11.4703549459,7
VRPBL,562,ok,13.2689601370,6
VRPBL,563,ok,14.2998582660,7
VRPBL,564,ok,13.7836056027,7
VRPBL,565,ok,13.0156624066,6
VRPBL,566,ok,11.9644188985,6
VRPBL,567,ok,11.6401637141,6
VRPBL,568,ok,14.7302159411,7
VRPBL,569,ok,13.0389132822,7
VRPBL,570,ok,10.7929378557,6
VRPBL,571,ok,11.1912389468,7
VRPBL,572,ok,11.8774629018,7
VRPBL,573,ok,15.0407840253,7
VRPBL,574,ok,12.4702151417,7
VRPBL,575,ok,12.4680410983,7
VRPBL,576,ok,10.4353499149,6
VRPBL,577,ok,12.7356482959,7
VRPBL,578,ok,14.5615677261,7
VRPBL,579,ok,13.7326295816,7
VRPBL,580,ok,11.5465286452,7
VRPBL,581,ok,10.7181676249,6
VRPBL,582,ok,14.2566929475,8
VRPBL,583,ok,11.2519221236,6
VRPBL,584,ok,14.4143022774,7
VRPBL,585,ok,12.8121055503,7
VRPBL,586,ok,11.1464524035,7
VRPBL,587,ok,10.8426422785,6
VRPBL,588,ok,11.4470717715,8
VRPBL,589,ok,12.6811689677,7
VRPBL,590,ok,14.9597563355,7
VRPBL,591,ok,12.9267706251,7
VRPBL,592,ok,10.2173115349,7
VRPBL,593,ok,12.6647791603,8
VRPBL,594,ok,13.9653865584,6
VRPBL,595,ok,12.7852927486,7
VRPBL,596,ok,12.0277034834,7
VRPBL,597,ok,10.2145935340,7
VRPBL,598,ok,13.0299375199,7
VRPBL,599,ok,11.2844564549,7
VRPBL,600,ok,11.0389408151,7
VRPBL,601,ok,11.4930015532,6
VRPBL,602,ok,13.2134945703,9
VRPBL,603,ok,13.3928487722,10
VRPBL,604,ok,11.8274701777,7
VRPBL,605,ok,12.3742694337,8
VRPBL,606,ok,14.7151424560,7
VRPBL,607,ok,14.2667979943,8
VRPBL,608,ok,11.4864850370,5
VRPBL,609,ok,12.9069473576,7
VRPBL,610,ok,11.4321862002,8
VRPBL,611,ok,14.7941031387,7
VRPBL,612,ok,12.1618661299,6
VRPBL,613,ok,10.6702736174,6
VRPBL,614,ok,11.5367261497,6
VRPBL,615,ok,13.4846945817,7
VRPBL,616,ok,13.5810149700,6
VRPBL,617,ok,10.9511571628,7
VRPBL,618,ok,11.1459715441,7
VRPBL,619,ok,13.9572823729,7
VRPBL,620,ok,10.6930307021,7
VRPBL,621,ok,11.0736373698,8
VRPBL,622,ok,13.9101557177,6
VRPBL,623,ok,11.7695291153,6
VRPBL,624,ok,10.1383487575,6
VRPBL,625,ok,11.6549194842,6
VRPBL,626,ok,11.1766351108,8
VRPBL,627,ok,12.0102412676,6
VRPBL,628,ok,13.8089523712,8
VRPBL,629,ok,14.2032967649,7
VRPBL,630,ok,14.3101598684,8
VRPBL,631,ok,14.8726086413,7
VRPBL,632,ok,12.6025507408,7
VRPBL,633,ok,11.0158106286,7
VRPBL,634,ok,12.9073603677,7
VRPBL,635,ok,13.3720334122,7
VRPBL,636,ok,12.7192600597,7
VRPBL,637,ok,11.6928151915,6
VRPBL,638,ok,12.9496533397,7
VRPBL,639,ok,11.2663931807,7
VRPBL,640,ok,13.7466315988,7
VRPBL,641,ok,10.3142370101,6
VRPBL,642,ok,12.7980709633,6
VRPBL,643,ok,10.1588310623,6
VRPBL,644,ok,12.8030432859,8
VRPBL,645,ok,11.5069050555,7
VRPBL,646,ok,15.0363448851,9
VRPBL,647,ok,14.2425679301,7
VRPBL,648,ok,11.7758721953,7
VRPBL,649,ok,13.5945302254,6
VRPBL,650,ok,10.3864948660,6
VRPBL,651,ok,12.5652261944,6
VRPBL,652,ok,13.1425741167,7
VRPBL,653,ok,11.8843574678,7
VRPBL,654,ok,13.4459010425,7
VRPBL,655,ok,12.8974008739,7
VRPBL,656,ok,12.4931300811,7
VRPBL,657,ok,13.1123743050,7
VRPBL,658,ok,12.2894974358,7
VRPBL,659,ok,13.1360075916,7
VRPBL,660,ok,15.0927972926,6
VRPBL,661,ok,13.8556628247,7
VRPBL,662,ok,11.5944220031,6
VRPBL,663,ok,13.2636582562,7
VRPBL,664,ok,12.7028297831,7
VRPBL,665,ok,13.3745667767,7
VRPBL,666,ok,13.2665659882,8
VRPBL,667,ok,11.5479114543,7
VRPBL,668,ok,11.7054031312,6
VRPBL,669,ok,12.1945443600,7
VRPBL,670,ok,13.8432275060,7
VRPBL,671,ok,12.0087113002,7
VRPBL,672,ok,12.6183778805,7
VRPBL,673,ok,13.0467952014,7
VRPBL,674,ok,11.5399792793,7
VRPBL,675,ok,12.5705005986,6
VRPBL,676,ok,12.3962981935,7
VRPBL,677,ok,12.0417281575,7
VRPBL,678,ok,13.7243312689,7
VRPBL,679,ok,14.2134916374,7
VRPBL,680,ok,15.7930768153,8
VRPBL,681,ok,11.6616100324,7
VRPBL,682,ok,11.4475810930,7
VRPBL,683,ok,13.6320626262,8
VRPBL,684,ok,11.5965442279,7
VRPBL,685,ok,11.7273849590,6
VRPBL,686,ok,14.0625124823,6
VRPBL,687,ok,13.5293149793,7
VRPBL,688,ok,10.8657786253,7
VRPBL,689,ok,12.2874432863,7
VRPBL,690,ok,10.8269252422,6
VRPBL,691,ok,11.7313460136,6
VRPBL,692,ok,10.6945706677,7
VRPBL,693,ok,11.7864400193,8
VRPBL,694,ok,14.3482567449,8
VRPBL,695,ok,13.9826518634,7
VRPBL,696,ok,11.1476760651,7
VRPBL,697,ok,12.5905400532,8
VRPBL,698,ok,14.5264001574,6
VRPBL,699,ok,11.6626685003,6
VRPBL,700,ok,13.1364607144,6
VRPBL,701,ok,11.0886439368,6
VRPBL,702,ok,11.3747856428,7
VRPBL,703,ok,11.3901801558,7
VRPBL,704,ok,12.0736368786,7
VRPBL,705,ok,12.3520652667,7
VRPBL,706,ok,12.2152162494,7
VRPBL,707,ok,11.7810549041,7
VRPBL,708,ok,12.0370683515,6
VRPBL,709,ok,14.5020416942,7
VRPBL,710,ok,12.7908008804,6
VRPBL,711,ok,11.6330514524,7
VRPBL,712,ok,11.5113239223,7
VRPBL,713,ok,12.5425107061,8
VRPBL,714,ok,13.7730673081,7
VRPBL,715,ok,12.7135284533,7
VRPBL,716,ok,13.0558775471,6
VRPBL,717,ok,11.7465777903,6
VRPBL,718,ok,12.5668181988,9
VRPBL,719,ok,11.0545678105,6
VRPBL,720,ok,10.9391343444,7
VRPBL,721,ok,13.1009592802,7
VRPBL,722,ok,12.4516998656,6
VRPBL,723,ok,13.7651011010,8
VRPBL,724,ok,10.2076824498,7
VRPBL,725,ok,15.0743163071,8
VRPBL,726,ok,13.1230278317,6
VRPBL,727,ok,12.2048566387,6
VRPBL,728,ok,11.6000773986,7
VRPBL,729,ok,10.5231912130,7
VRPBL,730,ok,10.6247913887,6
VRPBL,731,ok,11.3435761830,8
VRPBL,732,ok,13.6434102815,7
VRPBL,733,ok,13.1380718517,7
VRPBL,734,ok,13.2983465029,7
VRPBL,735,ok,12.2188434281,6
VRPBL,736,ok,12.3094555850,7
VRPBL,737,ok,11.9085492744,6
VRPBL,738,ok,12.6309916187,7
VRPBL,739,ok,12.5853176858,7
VRPBL,740,ok,11.9225220343,7
VRPBL,741,ok,13.8012453627,6
VRPBL,742,ok,15.1632969477,8
VRPBL,743,ok,13.0582388483,8
VRPBL,744,ok,11.4406754918,7
VRPBL,745,ok,12.7018948972,6
VRPBL,746,ok,11.1568521148,7
VRPBL,747,ok,15.3923987111,8
VRPBL,748,ok,11.3881486257,7
VRPBL,749,ok,12.0692715671,6
VRPBL,750,ok,14.8059886738,7
VRPBL,751,ok,10.6308862109,6
VRPBL,752,ok,14.0247369403,7
VRPBL,753,ok,14.0408673579,7
VRPBL,754,ok,13.3615265021,7
VRPBL,755,ok,10.8034395057,6
VRPBL,756,ok,10.9868446795,6
VRPBL,757,ok,11.7333726663,7
VRPBL,758,ok,12.6506502240,7
VRPBL,759,ok,11.7652558807,7
VRPBL,760,ok,12.1166409016,7
VRPBL,761,ok,10.5428832209,6
VRPBL,762,ok,12.6042845915,7
VRPBL,763,ok,15.7166240029,7
VRPBL,764,ok,12.0414186278,7
VRPBL,765,ok,14.0402889124,6
VRPBL,766,ok,13.0180209787,7
VRPBL,767,ok,11.9113506980,7
VRPBL,768,ok,12.0199084382,7
VRPBL,769,ok,13.2331659559,7
VRPBL,770,ok,14.3809897459,7
VRPBL,771,ok,12.2026739580,7
VRPBL,772,ok,14.6163616069,7
VRPBL,773,ok,10.6476581396,6
VRPBL,774,ok,11.3302239322,7
VRPBL,775,ok,16.1688905216,8
VRPBL,776,ok,11.1926916941,7
VRPBL,777,ok,12.3665964565,7
VRPBL,778,ok,13.3242093501,8
VRPBL,779,ok,11.3508995278,6
VRPBL,780,ok,11.3599131757,6
VRPBL,781,ok,12.9938964083,6
VRPBL,782,ok,11.6864491781,7
VRPBL,783,ok,11.8979116418,6
VRPBL,784,ok,13.7065925056,7
VRPBL,785,ok,15.7075023707,7
VRPBL,786,ok,14.2194260687,6
VRPBL,787,ok,13.6934746739,6
VRPBL,788,ok,12.7596795986,6
VRPBL,789,ok,12.3483530861,6
VRPBL,790,ok,12.4473517906,7
VRPBL,791,ok,13.9283506179,7
VRPBL,792,ok,13.0901134574,7
VRPBL,793,ok,12.0436874324,7
VRPBL,794,ok,11.8648007627,7
VRPBL,795,ok,10.3860881727,6
VRPBL,796,ok,12.2886052125,8
VRPBL,797,ok,11.5709272080,7
VRPBL,798,ok,11.7194637370,7
VRPBL,799,ok,14.3355434730,6
VRPBL,800,ok,13.0394443699,8
VRPBL,801,ok,12.0075455172,7
VRPBL,802,ok,11.9539700229,8
VRPBL,803,ok,11.0612698224,8
VRPBL,804,ok,12.0133046824,6
VRPBL,805,ok,13.1707430808,8
VRPBL,806,ok,13.1804184693,7
VRPBL,807,ok,12.0027162265,6
VRPBL,808,ok,11.5291642542,7
VRPBL,809,ok,13.5967373611,7
VRPBL,810,ok,14.7378516421,7
VRPBL,811,ok,15.2117285992,8
VRPBL,812,ok,11.2059694150,6
VRPBL,813,ok,11.2052481751,8
VRPBL,814,ok,13.8966908003,8
VRPBL,815,ok,13.0477839245,7
VRPBL,816,ok,10.7676618798,7
VRPBL,817,ok,12.0314261733,7
VRPBL,818,ok,12.0379662525,6
VRPBL,819,ok,13.4953734354,7
VRPBL,820,ok,13.1729126472,6
VRPBL,821,ok,12.7725951380,8
VRPBL,822,ok,11.9660704068,7
VRPBL,823,ok,12.5413971926,7
VRPBL,824,ok,11.1947438926,7
VRPBL,825,ok,12.2768151463,7
VRPBL,826,ok,13.0619005268,6
VRPBL,827,ok,16.2622905254,7
VRPBL,828,ok,11.3195224951,7
VRPBL,829,ok,14.3445737325,8
VRPBL,830,ok,11.8591047112,6
VRPBL,831,ok,13.6196076365,8
VRPBL,832,ok,12.5562658526,8
VRPBL,833,ok,10.9395335466,7
VRPBL,834,ok,12.5428643954,7
VRPBL,835,ok,14.4018283088,7
VRPBL,836,ok,11.8104703693,6
VRPBL,837,ok,14.9272686410,8
VRPBL,838,ok,13.9973587998,6
VRPBL,839,ok,12.3390846559,7
VRPBL,840,ok,11.3445751238,8
VRPBL,841,ok,14.1646651661,6
VRPBL,842,ok,15.9220768701,7
VRPBL,843,ok,13.1870276282,6
VRPBL,844,ok,11.4865935455,7
VRPBL,845,ok,12.8273003853,7
VRPBL,846,ok,10.9736387102,7
VRPBL,847,ok,14.2912695056,7
VRPBL,848,ok,12.7097403208,7
VRPBL,849,ok,11.1453382407,7
VRPBL,850,ok,11.1832194298,7
VRPBL,851,ok,12.1233321993,7
VRPBL,852,ok,13.0819130347,7
VRPBL,853,ok,11.6647317143,6
VRPBL,854,ok,12.1593299691,7
VRPBL,855,ok,12.9297756984,7
VRPBL,856,ok,11.5368972331,7
VRPBL,857,ok,12.2501442075,7
VRPBL,858,ok,12.2112287896,7
VRPBL,859,ok,12.1178106676,7
VRPBL,860,ok,13.5212837938,8
VRPBL,861,ok,12.5449108773,7
VRPBL,862,ok,12.3527532606,7
VRPBL,863,ok,12.1728131161,7
VRPBL,864,ok,11.6373794061,7
VRPBL,865,ok,15.6696939348,8
VRPBL,866,ok,14.1800380031,7
VRPBL,867,ok,11.9641773639,6
VRPBL,868,ok,13.4186393500,6
VRPBL,869,ok,11.4752205680,7
VRPBL,870,ok,10.2536667335,6
VRPBL,871,ok,11.5469145473,7
VRPBL,872,ok,13.5344728130,7
VRPBL,873,ok,14.2873594990,8
VRPBL,874,ok,13.7801465793,7
VRPBL,875,ok,13.2880191635,7
VRPBL,876,ok,12.1169513240,5
VRPBL,877,ok,11.7103598725,6
VRPBL,878,ok,12.5182575017,8
VRPBL,879,ok,14.4389390605,7
VRPBL,880,ok,13.5954060775,7
VRPBL,881,ok,12.3671098109,6
VRPBL,882,ok,11.2501018143,7
VRPBL,883,ok,14.2003849517,6
VRPBL,884,ok,14.8445097857,7
VRPBL,885,ok,13.2078057311,7
VRPBL,886,ok,14.9451186616,7
VRPBL,887,ok,11.0184005435,7
VRPBL,888,ok,13.3095252501,7
VRPBL,889,ok,11.2011715040,7
VRPBL,890,ok,11.5616167587,7
VRPBL,891,ok,11.1692688081,6
VRPBL,892,ok,12.5394403405,7
VRPBL,893,ok,11.0798453576,6
VRPBL,894,ok,12.0530747911,7
VRPBL,895,ok,14.4749724595,7
VRPBL,896,ok,12.5217991633,6
VRPBL,897,ok,14.6597920705,7
VRPBL,898,ok,13.9288874583,8
VRPBL,899,ok,11.5865633612,6
VRPBL,900,ok,11.7447949198,6
VRPBL,901,ok,11.9792247188,6
VRPBL,902,ok,14.6608457961,7
VRPBL,903,ok,13.6320146227,7
VRPBL,904,ok,12.4618506020,7
VRPBL,905,ok,13.7821187404,7
VRPBL,906,ok,13.9318173911,7
VRPBL,907,ok,12.7550474049,6
VRPBL,908,ok,12.2560046183,6
VRPBL,909,ok,13.0764459254,7
VRPBL,910,ok,13.6028391999,7
VRPBL,911,ok,13.7645973159,7
VRPBL,912,ok,12.1985819962,7
VRPBL,913,ok,12.0983211144,7
VRPBL,914,ok,14.7379204001,8
VRPBL,915,ok,11.8343673770,7
VRPBL,916,ok,10.7892028728,7
VRPBL,917,ok,10.3421634743,6
VRPBL,918,ok,14.0488730359,7
VRPBL,919,ok,13.0712687892,8
VRPBL,920,ok,12.3741304055,7
VRPBL,921,ok,12.6204974619,7
VRPBL,922,ok,11.9968555519,6
VRPBL,923,ok,13.2499270837,7
VRPBL,924,ok,12.5888150913,7
VRPBL,925,ok,11.9886337068,6
VRPBL,926,ok,13.4678437841,7
VRPBL,927,ok,10.7126430700,6
VRPBL,928,ok,12.7418625775,7
VRPBL,929,ok,13.0455197207,8
VRPBL,930,ok,11.9354519843,7
VRPBL,931,ok,10.8067236929,6
VRPBL,932,ok,10.3049363235,7
VRPBL,933,ok,11.2075848032,7
VRPBL,934,ok,12.5668476968,7
VRPBL,935,ok,11.7329832489,7
VRPBL,936,ok,14.5843752409,7
VRPBL,937,ok,11.9333203557,6
VRPBL,938,ok,10.1658268527,5
VRPBL,939,ok,11.9517773481,7
VRPBL,940,ok,14.0750868468,7
VRPBL,941,ok,14.8566816220,7
VRPBL,942,ok,12.7304092568,7
VRPBL,943,ok,12.0284455025,6
VRPBL,944,ok,15.0143349112,7
VRPBL,945,ok,13.3841177529,8
VRPBL,946,ok,11.0385182102,7
VRPBL,947,ok,13.8127297317,6
VRPBL,948,ok,11.0969254847,7
VRPBL,949,ok,13.5233130376,8
VRPBL,950,ok,11.9848479678,6
VRPBL,951,ok,13.7121246027,7
VRPBL,952,ok,12.0567771786,8
VRPBL,953,ok,11.2149696915,7
VRPBL,954,ok,12.1923594662,7
VRPBL,955,ok,12.1486475766,6
VRPBL,956,ok,11.5921766597,8
VRPBL,957,ok,13.4585743872,7
VRPBL,958,ok,12.0681613570,8
VRPBL,959,ok,11.4109109720,8
VRPBL,960,ok,13.1327979029,7
VRPBL,961,ok,11.1717508534,6
VRPBL,962,ok,10.8715405294,7
VRPBL,963,ok,13.5689749120,7
VRPBL,964,ok,15.8806006891,8
VRPBL,965,ok,13.2550737616,7
VRPBL,966,ok,12.9374936544,6
VRPBL,967,ok,13.4682641987,6
VRPBL,968,ok,12.6878489755,6
VRPBL,969,ok,12.3972396340,7
VRPBL,970,ok,13.2670811879,6
VRPBL,971,ok,11.4161601848,8
VRPBL,972,ok,11.1168288556,7
VRPBL,973,ok,12.0059946474,6
VRPBL,974,ok,11.9970787013,6
VRPBL,975,ok,14.2487145432,6
VRPBL,976,ok,13.1901189419,7
VRPBL,977,ok,10.3924123926,6
VRPBL,978,ok,14.2672441651,6
VRPBL,979,ok,11.1377801147,7
VRPBL,980,ok,13.2888401772,7
VRPBL,981,ok,12.6103365213,7
VRPBL,982,ok,13.6832590250,7
VRPBL,983,ok,13.7269948937,7
VRPBL,984,ok,13.3450433766,7
VRPBL,985,ok,11.9551442767,7
VRPBL,986,ok,11.3024009349,7
VRPBL,987,ok,12.3573990224,6
VRPBL,988,ok,11.0341994669,7
VRPBL,989,ok,12.1267234552,7
VRPBL,990,ok,12.3346711877,6
VRPBL,991,ok,11.5107796724,6
VRPBL,992,ok,14.6323811786,9
VRPBL,993,ok,11.0220109093,8
VRPBL,994,ok,11.1469653879,6
VRPBL,995,ok,11.7422834666,7
VRPBL,996,ok,12.0109555572,6
VRPBL,997,ok,15.0325787427,7
VRPBL,998,ok,13.4547184457,8
VRPBL,999,ok,13.6620022011,6
VRPBTW,0,no_feasible_candidate,,
VRPBTW,1,no_feasible_candidate,,
VRPBTW,2,no_feasible_candidate,,
VRPBTW,3,no_feasible_candidate,,
VRPBTW,4,no_feasible_candidate,,
VRPBTW,5,no_feasible_candidate,,
VRPBTW,6,no_feasible_candidate,,
VRPBTW,7,no_feasible_candidate,,
VRPBTW,8,no_feasible_candidate,,
VRPBTW,9,no_feasible_candidate,,
VRPBTW,10,no_feasible_candidate,,
VRPBTW,11,no_feasible_candidate,,
VRPBTW,12,no_feasible_candidate,,
VRPBTW,13,no_feasible_candidate,,
VRPBTW,14,no_feasible_candidate,,
VRPBTW,15,no_feasible_candidate,,
VRPBTW,16,no_feasible_candidate,,
VRPBTW,17,ok,57.3795635253,36
VRPBTW,18,no_feasible_candidate,,
VRPBTW,19,no_feasible_candidate,,
VRPBTW,20,no_feasible_candidate,,
VRPBTW,21,no_feasible_candidate,,
VRPBTW,22,no_feasible_candidate,,
VRPBTW,23,no_feasible_candidate,,
VRPBTW,24,no_feasible_candidate,,
VRPBTW,25,no_feasible_candidate,,
VRPBTW,26,no_feasible_candidate,,
VRPBTW,27,no_feasible_candidate,,
VRPBTW,28,no_feasible_candidate,,
VRPBTW,29,no_feasible_candidate,,
VRPBTW,30,no_feasible_candidate,,
VRPBTW,31,no_feasible_candidate,,
VRPBTW,32,no_feasible_candidate,,
VRPBTW,33,no_feasible_candidate,,
VRPBTW,34,no_feasible_candidate,,
VRPBTW,35,no_feasible_candidate,,
VRPBTW,36,no_feasible_candidate,,
VRPBTW,37,no_feasible_candidate,,
VRPBTW,38,no_feasible_candidate,,
VRPBTW,39,no_feasible_candidate,,
VRPBTW,40,no_feasible_candidate,,
VRPBTW,41,no_feasible_candidate,,
VRPBTW,42,no_feasible_candidate,,
VRPBTW,43,no_feasible_candidate,,
VRPBTW,44,no_feasible_candidate,,
VRPBTW,45,no_feasible_candidate,,
VRPBTW,46,no_feasible_candidate,,
VRPBTW,47,no_feasible_candidate,,
VRPBTW,48,no_feasible_candidate,,
VRPBTW,49,no_feasible_candidate,,
VRPBTW,50,no_feasible_candidate,,
VRPBTW,51,no_feasible_candidate,,
VRPBTW,52,no_feasible_candidate,,
VRPBTW,53,no_feasible_candidate,,
VRPBTW,54,no_feasible_candidate,,
VRPBTW,55,no_feasible_candidate,,
VRPBTW,56,no_feasible_candidate,,
VRPBTW,57,no_feasible_candidate,,
VRPBTW,58,no_feasible_candidate,,
VRPBTW,59,no_feasible_candidate,,
VRPBTW,60,ok,42.3865064808,34
VRPBTW,61,no_feasible_candidate,,
VRPBTW,62,no_feasible_candidate,,
VRPBTW,63,no_feasible_candidate,,
VRPBTW,64,no_feasible_candidate,,
VRPBTW,65,no_feasible_candidate,,
VRPBTW,66,no_feasible_candidate,,
VRPBTW,67,no_feasible_candidate,,
VRPBTW,68,no_feasible_candidate,,
VRPBTW,69,no_feasible_candidate,,
VRPBTW,70,no_feasible_candidate,,
VRPBTW,71,no_feasible_candidate,,
VRPBTW,72,no_feasible_candidate,,
VRPBTW,73,no_feasible_candidate,,
VRPBTW,74,no_feasible_candidate,,
VRPBTW,75,no_feasible_candidate,,
VRPBTW,76,no_feasible_candidate,,
VRPBTW,77,no_feasible_candidate,,
VRPBTW,78,no_feasible_candidate,,
VRPBTW,79,no_feasible_candidate,,
VRPBTW,80,no_feasible_candidate,,
VRPBTW,81,no_feasible_candidate,,
VRPBTW,82,no_feasible_candidate,,
VRPBTW,83,no_feasible_candidate,,
VRPBTW,84,no_feasible_candidate,,
VRPBTW,85,no_feasible_candidate,,
VRPBTW,86,no_feasible_candidate,,
VRPBTW,87,no_feasible_candidate,,
VRPBTW,88,no_feasible_candidate,,
VRPBTW,89,no_feasible_candidate,,
VRPBTW,90,no_feasible_candidate,,
VRPBTW,91,no_feasible_candidate,,
VRPBTW,92,no_feasible_candidate,,
VRPBTW,93,no_feasible_candidate,,
VRPBTW,94,no_feasible_candidate,,
VRPBTW,95,no_feasible_candidate,,
VRPBTW,96,no_feasible_candidate,,
VRPBTW,97,no_feasible_candidate,,
VRPBTW,98,no_feasible_candidate,,
VRPBTW,99,no_feasible_candidate,,
VRPBTW,100,no_feasible_candidate,,
VRPBTW,101,no_feasible_candidate,,
VRPBTW,102,no_feasible_candidate,,
VRPBTW,103,no_feasible_candidate,,
VRPBTW,104,no_feasible_candidate,,
VRPBTW,105,no_feasible_candidate,,
VRPBTW,106,no_feasible_candidate,,
VRPBTW,107,no_feasible_candidate,,
VRPBTW,108,no_feasible_candidate,,
VRPBTW,109,no_feasible_candidate,,
VRPBTW,110,no_feasible_candidate,,
VRPBTW,111,no_feasible_candidate,,
VRPBTW,112,no_feasible_candidate,,
VRPBTW,113,no_feasible_candidate,,
VRPBTW,114,no_feasible_candidate,,
VRPBTW,115,no_feasible_candidate,,
VRPBTW,116,no_feasible_candidate,,
VRPBTW,117,no_feasible_candidate,,
VRPBTW,118,no_feasible_candidate,,
VRPBTW,119,no_feasible_candidate,,
VRPBTW,120,no_feasible_candidate,,
VRPBTW,121,no_feasible_candidate,,
VRPBTW,122,no_feasible_candidate,,
VRPBTW,123,no_feasible_candidate,,
VRPBTW,124,no_feasible_candidate,,
VRPBTW,125,no_feasible_candidate,,
VRPBTW,126,no_feasible_candidate,,
VRPBTW,127,no_feasible_candidate,,
VRPBTW,128,no_feasible_candidate,,
VRPBTW,129,no_feasible_candidate,,
VRPBTW,130,no_feasible_candidate,,
VRPBTW,131,no_feasible_candidate,,
VRPBTW,132,no_feasible_candidate,,
VRPBTW,133,no_feasible_candidate,,
VRPBTW,134,no_feasible_candidate,,
VRPBTW,135,no_feasible_candidate,,
VRPBTW,136,no_feasible_candidate,,
VRPBTW,137,no_feasible_candidate,,
VRPBTW,138,no_feasible_candidate,,
VRPBTW,139,no_feasible_candidate,,
VRPBTW,140,no_feasible_candidate,,
VRPBTW,141,no_feasible_candidate,,
VRPBTW,142,no_feasible_candidate,,
VRPBTW,143,no_feasible_candidate,,
VRPBTW,144,no_feasible_candidate,,
VRPBTW,145,no_feasible_candidate,,
VRPBTW,146,no_feasible_candidate,,
VRPBTW,147,no_feasible_candidate,,
VRPBTW,148,no_feasible_candidate,,
VRPBTW,149,no_feasible_candidate,,
VRPBTW,150,no_feasible_candidate,,
VRPBTW,151,no_feasible_candidate,,
VRPBTW,152,no_feasible_candidate,,
VRPBTW,153,no_feasible_candidate,,
VRPBTW,154,no_feasible_candidate,,
VRPBTW,155,no_feasible_candidate,,
VRPBTW,156,no_feasible_candidate,,
VRPBTW,157,no_feasible_candidate,,
VRPBTW,158,no_feasible_candidate,,
VRPBTW,159,no_feasible_candidate,,
VRPBTW,160,no_feasible_candidate,,
VRPBTW,161,no_feasible_candidate,,
VRPBTW,162,no_feasible_candidate,,
VRPBTW,163,no_feasible_candidate,,
VRPBTW,164,no_feasible_candidate,,
VRPBTW,165,no_feasible_candidate,,
VRPBTW,166,no_feasible_candidate,,
VRPBTW,167,no_feasible_candidate,,
VRPBTW,168,no_feasible_candidate,,
VRPBTW,169,no_feasible_candidate,,
VRPBTW,170,no_feasible_candidate,,
VRPBTW,171,no_feasible_candidate,,
VRPBTW,172,no_feasible_candidate,,
VRPBTW,173,no_feasible_candidate,,
VRPBTW,174,no_feasible_candidate,,
VRPBTW,175,no_feasible_candidate,,
VRPBTW,176,no_feasible_candidate,,
VRPBTW,177,no_feasible_candidate,,
VRPBTW,178,no_feasible_candidate,,
VRPBTW,179,no_feasible_candidate,,
VRPBTW,180,no_feasible_candidate,,
VRPBTW,181,no_feasible_candidate,,
VRPBTW,182,no_feasible_candidate,,
VRPBTW,183,no_feasible_candidate,,
VRPBTW,184,no_feasible_candidate,,
VRPBTW,185,no_feasible_candidate,,
VRPBTW,186,no_feasible_candidate,,
VRPBTW,187,no_feasible_candidate,,
VRPBTW,188,no_feasible_candidate,,
VRPBTW,189,no_feasible_candidate,,
VRPBTW,190,no_feasible_candidate,,
VRPBTW,191,no_feasible_candidate,,
VRPBTW,192,no_feasible_candidate,,
VRPBTW,193,no_feasible_candidate,,
VRPBTW,194,no_feasible_candidate,,
VRPBTW,195,no_feasible_candidate,,
VRPBTW,196,no_feasible_candidate,,
VRPBTW,197,no_feasible_candidate,,
VRPBTW,198,no_feasible_candidate,,
VRPBTW,199,no_feasible_candidate,,
VRPBTW,200,no_feasible_candidate,,
VRPBTW,201,ok,36.5829450152,29
VRPBTW,202,no_feasible_candidate,,
VRPBTW,203,no_feasible_candidate,,
VRPBTW,204,no_feasible_candidate,,
VRPBTW,205,no_feasible_candidate,,
VRPBTW,206,no_feasible_candidate,,
VRPBTW,207,no_feasible_candidate,,
VRPBTW,208,no_feasible_candidate,,
VRPBTW,209,no_feasible_candidate,,
VRPBTW,210,no_feasible_candidate,,
VRPBTW,211,no_feasible_candidate,,
VRPBTW,212,no_feasible_candidate,,
VRPBTW,213,no_feasible_candidate,,
VRPBTW,214,no_feasible_candidate,,
VRPBTW,215,no_feasible_candidate,,
VRPBTW,216,no_feasible_candidate,,
VRPBTW,217,no_feasible_candidate,,
VRPBTW,218,no_feasible_candidate,,
VRPBTW,219,no_feasible_candidate,,
VRPBTW,220,no_feasible_candidate,,
VRPBTW,221,no_feasible_candidate,,
VRPBTW,222,no_feasible_candidate,,
VRPBTW,223,no_feasible_candidate,,
VRPBTW,224,no_feasible_candidate,,
VRPBTW,225,no_feasible_candidate,,
VRPBTW,226,no_feasible_candidate,,
VRPBTW,227,no_feasible_candidate,,
VRPBTW,228,no_feasible_candidate,,
VRPBTW,229,no_feasible_candidate,,
VRPBTW,230,no_feasible_candidate,,
VRPBTW,231,no_feasible_candidate,,
VRPBTW,232,no_feasible_candidate,,
VRPBTW,233,no_feasible_candidate,,
VRPBTW,234,no_feasible_candidate,,
VRPBTW,235,no_feasible_candidate,,
VRPBTW,236,no_feasible_candidate,,
VRPBTW,237,no_feasible_candidate,,
VRPBTW,238,no_feasible_candidate,,
VRPBTW,239,no_feasible_candidate,,
VRPBTW,240,no_feasible_candidate,,
VRPBTW,241,no_feasible_candidate,,
VRPBTW,242,no_feasible_candidate,,
VRPBTW,243,no_feasible_candidate,,
VRPBTW,244,no_feasible_candidate,,
VRPBTW,245,no_feasible_candidate,,
VRPBTW,246,no_feasible_candidate,,
VRPBTW,247,no_feasible_candidate,,
VRPBTW,248,no_feasible_candidate,,
VRPBTW,249,no_feasible_candidate,,
VRPBTW,250,no_feasible_candidate,,
VRPBTW,251,no_feasible_candidate,,
VRPBTW,252,no_feasible_candidate,,
VRPBTW,253,no_feasible_candidate,,
VRPBTW,254,no_feasible_candidate,,
VRPBTW,255,no_feasible_candidate,,
VRPBTW,256,no_feasible_candidate,,
VRPBTW,257,no_feasible_candidate,,
VRPBTW,258,no_feasible_candidate,,
VRPBTW,259,no_feasible_candidate,,
VRPBTW,260,no_feasible_candidate,,
VRPBTW,261,no_feasible_candidate,,
VRPBTW,262,no_feasible_candidate,,
VRPBTW,263,no_feasible_candidate,,
VRPBTW,264,no_feasible_candidate,,
VRPBTW,265,no_feasible_candidate,,
VRPBTW,266,no_feasible_candidate,,
VRPBTW,267,no_feasible_candidate,,
VRPBTW,268,no_feasible_candidate,,
VRPBTW,269,no_feasible_candidate,,
VRPBTW,270,no_feasible_candidate,,
VRPBTW,271,no_feasible_candidate,,
VRPBTW,272,no_feasible_candidate,,
VRPBTW,273,no_feasible_candidate,,
VRPBTW,274,no_feasible_candidate,,
VRPBTW,275,no_feasible_candidate,,
VRPBTW,276,no_feasible_candidate,,
VRPBTW,277,no_feasible_candidate,,
VRPBTW,278,no_feasible_candidate,,
VRPBTW,279,no_feasible_candidate,,
VRPBTW,280,no_feasible_candidate,,
VRPBTW,281,no_feasible_candidate,,
VRPBTW,282,no_feasible_candidate,,
VRPBTW,283,no_feasible_candidate,,
VRPBTW,284,no_feasible_candidate,,
VRPBTW,285,no_feasible_candidate,,
VRPBTW,286,no_feasible_candidate,,
VRPBTW,287,no_feasible_candidate,,
VRPBTW,288,no_feasible_candidate,,
VRPBTW,289,no_feasible_candidate,,
VRPBTW,290,no_feasible_candidate,,
VRPBTW,291,no_feasible_candidate,,
VRPBTW,292,no_feasible_candidate,,
VRPBTW,293,no_feasible_candidate,,
VRPBTW,294,no_feasible_candidate,,
VRPBTW,295,no_feasible_candidate,,
VRPBTW,296,no_feasible_candidate,,
VRPBTW,297,no_feasible_candidate,,
VRPBTW,298,no_feasible_candidate,,
VRPBTW,299,no_feasible_candidate,,
VRPBTW,300,no_feasible_candidate,,
VRPBTW,301,no_feasible_candidate,,
VRPBTW,302,no_feasible_candidate,,
VRPBTW,303,no_feasible_candidate,,
VRPBTW,304,no_feasible_candidate,,
VRPBTW,305,no_feasible_candidate,,
VRPBTW,306,no_feasible_candidate,,
VRPBTW,307,no_feasible_candidate,,
VRPBTW,308,no_feasible_candidate,,
VRPBTW,309,no_feasible_candidate,,
VRPBTW,310,no_feasible_candidate,,
VRPBTW,311,no_feasible_candidate,,
VRPBTW,312,no_feasible_candidate,,
VRPBTW,313,no_feasible_candidate,,
VRPBTW,314,no_feasible_candidate,,
VRPBTW,315,no_feasible_candidate,,
VRPBTW,316,no_feasible_candidate,,
VRPBTW,317,no_feasible_candidate,,
VRPBTW,318,no_feasible_candidate,,
VRPBTW,319,no_feasible_candidate,,
VRPBTW,320,no_feasible_candidate,,
VRPBTW,321,no_feasible_candidate,,
VRPBTW,322,no_feasible_candidate,,
VRPBTW,323,no_feasible_candidate,,
VRPBTW,324,no_feasible_candidate,,
VRPBTW,325,no_feasible_candidate,,
VRPBTW,326,no_feasible_candidate,,
VRPBTW,327,no_feasible_candidate,,
VRPBTW,328,no_feasible_candidate,,
VRPBTW,329,no_feasible_candidate,,
VRPBTW,330,no_feasible_candidate,,
VRPBTW,331,no_feasible_candidate,,
VRPBTW,332,no_feasible_candidate,,
VRPBTW,333,no_feasible_candidate,,
VRPBTW,334,no_feasible_candidate,,
VRPBTW,335,no_feasible_candidate,,
VRPBTW,336,no_feasible_candidate,,
VRPBTW,337,no_feasible_candidate,,
VRPBTW,338,no_feasible_candidate,,
VRPBTW,339,no_feasible_candidate,,
VRPBTW,340,no_feasible_candidate,,
VRPBTW,341,no_feasible_candidate,,
VRPBTW,342,no_feasible_candidate,,
VRPBTW,343,no_feasible_candidate,,
VRPBTW,344,no_feasible_candidate,,
VRPBTW,345,no_feasible_candidate,,
VRPBTW,346,no_feasible_candidate,,
VRPBTW,347,no_feasible_candidate,,
VRPBTW,348,no_feasible_candidate,,
VRPBTW,349,no_feasible_candidate,,
VRPBTW,350,no_feasible_candidate,,
VRPBTW,351,no_feasible_candidate,,
VRPBTW,352,no_feasible_candidate,,
VRPBTW,353,no_feasible_candidate,,
VRPBTW,354,no_feasible_candidate,,
VRPBTW,355,no_feasible_candidate,,
VRPBTW,356,no_feasible_candidate,,
VRPBTW,357,no_feasible_candidate,,
VRPBTW,358,no_feasible_candidate,,
VRPBTW,359,no_feasible_candidate,,
VRPBTW,360,no_feasible_candidate,,
VRPBTW,361,no_feasible_candidate,,
VRPBTW,362,no_feasible_candidate,,
VRPBTW,363,no_feasible_candidate,,
VRPBTW,364,no_feasible_candidate,,
VRPBTW,365,no_feasible_candidate,,
VRPBTW,366,no_feasible_candidate,,
VRPBTW,367,no_feasible_candidate,,
VRPBTW,368,no_feasible_candidate,,
VRPBTW,369,no_feasible_candidate,,
VRPBTW,370,no_feasible_candidate,,
VRPBTW,371,no_feasible_candidate,,
VRPBTW,372,no_feasible_candidate,,
VRPBTW,373,no_feasible_candidate,,
VRPBTW,374,no_feasible_candidate,,
VRPBTW,375,no_feasible_candidate,,
VRPBTW,376,no_feasible_candidate,,
VRPBTW,377,no_feasible_candidate,,
VRPBTW,378,no_feasible_candidate,,
VRPBTW,379,no_feasible_candidate,,
VRPBTW,380,no_feasible_candidate,,
VRPBTW,381,no_feasible_candidate,,
VRPBTW,382,no_feasible_candidate,,
VRPBTW,383,no_feasible_candidate,,
VRPBTW,384,no_feasible_candidate,,
VRPBTW,385,no_feasible_candidate,,
VRPBTW,386,no_feasible_candidate,,
VRPBTW,387,no_feasible_candidate,,
VRPBTW,388,no_feasible_candidate,,
VRPBTW,389,no_feasible_candidate,,
VRPBTW,390,no_feasible_candidate,,
VRPBTW,391,no_feasible_candidate,,
VRPBTW,392,no_feasible_candidate,,
VRPBTW,393,no_feasible_candidate,,
VRPBTW,394,no_feasible_candidate,,
VRPBTW,395,no_feasible_candidate,,
VRPBTW,396,no_feasible_candidate,,
VRPBTW,397,no_feasible_candidate,,
VRPBTW,398,no_feasible_candidate,,
VRPBTW,399,no_feasible_candidate,,
VRPBTW,400,no_feasible_candidate,,
VRPBTW,401,no_feasible_candidate,,
VRPBTW,402,no_feasible_candidate,,
VRPBTW,403,no_feasible_candidate,,
VRPBTW,404,no_feasible_candidate,,
VRPBTW,405,no_feasible_candidate,,
VRPBTW,406,no_feasible_candidate,,
VRPBTW,407,no_feasible_candidate,,
VRPBTW,408,no_feasible_candidate,,
VRPBTW,409,ok,48.6951047814,33
VRPBTW,410,no_feasible_candidate,,
VRPBTW,411,no_feasible_candidate,,
VRPBTW,412,no_feasible_candidate,,
VRPBTW,413,no_feasible_candidate,,
VRPBTW,414,no_feasible_candidate,,
VRPBTW,415,no_feasible_candidate,,
VRPBTW,416,no_feasible_candidate,,
VRPBTW,417,no_feasible_candidate,,
VRPBTW,418,no_feasible_candidate,,
VRPBTW,419,no_feasible_candidate,,
VRPBTW,420,no_feasible_candidate,,
VRPBTW,421,no_feasible_candidate,,
VRPBTW,422,no_feasible_candidate,,
VRPBTW,423,no_feasible_candidate,,
VRPBTW,424,no_feasible_candidate,,
VRPBTW,425,no_feasible_candidate,,
VRPBTW,426,no_feasible_candidate,,
VRPBTW,427,no_feasible_candidate,,
VRPBTW,428,no_feasible_candidate,,
VRPBTW,429,no_feasible_candidate,,
VRPBTW,430,no_feasible_candidate,,
VRPBTW,431,no_feasible_candidate,,
VRPBTW,432,no_feasible_candidate,,
VRPBTW,433,no_feasible_candidate,,
VRPBTW,434,no_feasible_candidate,,
VRPBTW,435,no_feasible_candidate,,
VRPBTW,436,no_feasible_candidate,,
VRPBTW,437,no_feasible_candidate,,
VRPBTW,438,no_feasible_candidate,,
VRPBTW,439,no_feasible_candidate,,
VRPBTW,440,no_feasible_candidate,,
VRPBTW,441,no_feasible_candidate,,
VRPBTW,442,no_feasible_candidate,,
VRPBTW,443,no_feasible_candidate,,
VRPBTW,444,no_feasible_candidate,,
VRPBTW,445,no_feasible_candidate,,
VRPBTW,446,no_feasible_candidate,,
VRPBTW,447,no_feasible_candidate,,
VRPBTW,448,no_feasible_candidate,,
VRPBTW,449,no_feasible_candidate,,
VRPBTW,450,no_feasible_candidate,,
VRPBTW,451,no_feasible_candidate,,
VRPBTW,452,no_feasible_candidate,,
VRPBTW,453,no_feasible_candidate,,
VRPBTW,454,no_feasible_candidate,,
VRPBTW,455,no_feasible_candidate,,
VRPBTW,456,no_feasible_candidate,,
VRPBTW,457,no_feasible_candidate,,
VRPBTW,458,no_feasible_candidate,,
VRPBTW,459,no_feasible_candidate,,
VRPBTW,460,no_feasible_candidate,,
VRPBTW,461,no_feasible_candidate,,
VRPBTW,462,no_feasible_candidate,,
VRPBTW,463,no_feasible_candidate,,
VRPBTW,464,no_feasible_candidate,,
VRPBTW,465,no_feasible_candidate,,
VRPBTW,466,no_feasible_candidate,,
VRPBTW,467,no_feasible_candidate,,
VRPBTW,468,no_feasible_candidate,,
VRPBTW,469,no_feasible_candidate,,
VRPBTW,470,no_feasible_candidate,,
VRPBTW,471,no_feasible_candidate,,
VRPBTW,472,no_feasible_candidate,,
VRPBTW,473,no_feasible_candidate,,
VRPBTW,474,no_feasible_candidate,,
VRPBTW,475,no_feasible_candidate,,
VRPBTW,476,no_feasible_candidate,,
VRPBTW,477,no_feasible_candidate,,
VRPBTW,478,no_feasible_candidate,,
VRPBTW,479,no_feasible_candidate,,
VRPBTW,480,no_feasible_candidate,,
VRPBTW,481,no_feasible_candidate,,
VRPBTW,482,no_feasible_candidate,,
VRPBTW,483,no_feasible_candidate,,
VRPBTW,484,no_feasible_candidate,,
VRPBTW,485,no_feasible_candidate,,
VRPBTW,486,no_feasible_candidate,,
VRPBTW,487,no_feasible_candidate,,
VRPBTW,488,no_feasible_candidate,,
VRPBTW,489,no_feasible_candidate,,
VRPBTW,490,no_feasible_candidate,,
VRPBTW,491,no_feasible_candidate,,
VRPBTW,492,no_feasible_candidate,,
VRPBTW,493,no_feasible_candidate,,
VRPBTW,494,no_feasible_candidate,,
VRPBTW,495,no_feasible_candidate,,
VRPBTW,496,no_feasible_candidate,,
VRPBTW,497,no_feasible_candidate,,
VRPBTW,498,no_feasible_candidate,,
VRPBTW,499,no_feasible_candidate,,
VRPBTW,500,no_feasible_candidate,,
VRPBTW,501,no_feasible_candidate,,
VRPBTW,502,no_feasible_candidate,,
VRPBTW,503,no_feasible_candidate,,
VRPBTW,504,no_feasible_candidate,,
VRPBTW,505,no_feasible_candidate,,
VRPBTW,506,no_feasible_candidate,,
VRPBTW,507,no_feasible_candidate,,
VRPBTW,508,no_feasible_candidate,,
VRPBTW,509,no_feasible_candidate,,
VRPBTW,510,no_feasible_candidate,,
VRPBTW,511,no_feasible_candidate,,
VRPBTW,512,no_feasible_candidate,,
VRPBTW,513,no_feasible_candidate,,
VRPBTW,514,no_feasible_candidate,,
VRPBTW,515,no_feasible_candidate,,
VRPBTW,516,no_feasible_candidate,,
VRPBTW,517,no_feasible_candidate,,
VRPBTW,518,no_feasible_candidate,,
VRPBTW,519,no_feasible_candidate,,
VRPBTW,520,no_feasible_candidate,,
VRPBTW,521,no_feasible_candidate,,
VRPBTW,522,no_feasible_candidate,,
VRPBTW,523,no_feasible_candidate,,
VRPBTW,524,no_feasible_candidate,,
VRPBTW,525,no_feasible_candidate,,
VRPBTW,526,no_feasible_candidate,,
VRPBTW,527,no_feasible_candidate,,
VRPBTW,528,no_feasible_candidate,,
VRPBTW,529,no_feasible_candidate,,
VRPBTW,530,no_feasible_candidate,,
VRPBTW,531,no_feasible_candidate,,
VRPBTW,532,no_feasible_candidate,,
VRPBTW,533,no_feasible_candidate,,
VRPBTW,534,no_feasible_candidate,,
VRPBTW,535,no_feasible_candidate,,
VRPBTW,536,no_feasible_candidate,,
VRPBTW,537,no_feasible_candidate,,
VRPBTW,538,no_feasible_candidate,,
VRPBTW,539,no_feasible_candidate,,
VRPBTW,540,no_feasible_candidate,,
VRPBTW,541,no_feasible_candidate,,
VRPBTW,542,no_feasible_candidate,,
VRPBTW,543,no_feasible_candidate,,
VRPBTW,544,no_feasible_candidate,,
VRPBTW,545,no_feasible_candidate,,
VRPBTW,546,no_feasible_candidate,,
VRPBTW,547,no_feasible_candidate,,
VRPBTW,548,no_feasible_candidate,,
VRPBTW,549,no_feasible_candidate,,
VRPBTW,550,no_feasible_candidate,,
VRPBTW,551,no_feasible_candidate,,
VRPBTW,552,no_feasible_candidate,,
VRPBTW,553,no_feasible_candidate,,
VRPBTW,554,no_feasible_candidate,,
VRPBTW,555,no_feasible_candidate,,
VRPBTW,556,no_feasible_candidate,,
VRPBTW,557,no_feasible_candidate,,
VRPBTW,558,no_feasible_candidate,,
VRPBTW,559,no_feasible_candidate,,
VRPBTW,560,no_feasible_candidate,,
VRPBTW,561,no_feasible_candidate,,
VRPBTW,562,no_feasible_candidate,,
VRPBTW,563,no_feasible_candidate,,
VRPBTW,564,no_feasible_candidate,,
VRPBTW,565,no_feasible_candidate,,
VRPBTW,566,no_feasible_candidate,,
VRPBTW,567,no_feasible_candidate,,
VRPBTW,568,no_feasible_candidate,,
VRPBTW,569,no_feasible_candidate,,
VRPBTW,570,no_feasible_candidate,,
VRPBTW,571,no_feasible_candidate,,
VRPBTW,572,no_feasible_candidate,,
VRPBTW,573,no_feasible_candidate,,
VRPBTW,574,no_feasible_candidate,,
VRPBTW,575,no_feasible_candidate,,
VRPBTW,576,no_feasible_candidate,,
VRPBTW,577,no_feasible_candidate,,
VRPBTW,578,no_feasible_candidate,,
VRPBTW,579,no_feasible_candidate,,
VRPBTW,580,no_feasible_candidate,,
VRPBTW,581,no_feasible_candidate,,
VRPBTW,582,no_feasible_candidate,,
VRPBTW,583,no_feasible_candidate,,
VRPBTW,584,no_feasible_candidate,,
VRPBTW,585,no_feasible_candidate,,
VRPBTW,586,no_feasible_candidate,,
VRPBTW,587,no_feasible_candidate,,
VRPBTW,588,no_feasible_candidate,,
VRPBTW,589,no_feasible_candidate,,
VRPBTW,590,no_feasible_candidate,,
VRPBTW,591,no_feasible_candidate,,
VRPBTW,592,no_feasible_candidate,,
VRPBTW,593,no_feasible_candidate,,
VRPBTW,594,no_feasible_candidate,,
VRPBTW,595,no_feasible_candidate,,
VRPBTW,596,no_feasible_candidate,,
VRPBTW,597,no_feasible_candidate,,
VRPBTW,598,no_feasible_candidate,,
VRPBTW,599,no_feasible_candidate,,
VRPBTW,600,no_feasible_candidate,,
VRPBTW,601,no_feasible_candidate,,
VRPBTW,602,no_feasible_candidate,,
VRPBTW,603,no_feasible_candidate,,
VRPBTW,604,no_feasible_candidate,,
VRPBTW,605,no_feasible_candidate,,
VRPBTW,606,no_feasible_candidate,,
VRPBTW,607,no_feasible_candidate,,
VRPBTW,608,no_feasible_candidate,,
VRPBTW,609,no_feasible_candidate,,
VRPBTW,610,no_feasible_candidate,,
VRPBTW,611,no_feasible_candidate,,
VRPBTW,612,no_feasible_candidate,,
VRPBTW,613,no_feasible_candidate,,
VRPBTW,614,no_feasible_candidate,,
VRPBTW,615,no_feasible_candidate,,
VRPBTW,616,no_feasible_candidate,,
VRPBTW,617,no_feasible_candidate,,
VRPBTW,618,no_feasible_candidate,,
VRPBTW,619,no_feasible_candidate,,
VRPBTW,620,no_feasible_candidate,,
VRPBTW,621,no_feasible_candidate,,
VRPBTW,622,no_feasible_candidate,,
VRPBTW,623,no_feasible_candidate,,
VRPBTW,624,no_feasible_candidate,,
VRPBTW,625,no_feasible_candidate,,
VRPBTW,626,no_feasible_candidate,,
VRPBTW,627,no_feasible_candidate,,
VRPBTW,628,no_feasible_candidate,,
VRPBTW,629,no_feasible_candidate,,
VRPBTW,630,no_feasible_candidate,,
VRPBTW,631,no_feasible_candidate,,
VRPBTW,632,no_feasible_candidate,,
VRPBTW,633,no_feasible_candidate,,
VRPBTW,634,no_feasible_candidate,,
VRPBTW,635,no_feasible_candidate,,
VRPBTW,636,no_feasible_candidate,,
VRPBTW,637,no_feasible_candidate,,
VRPBTW,638,no_feasible_candidate,,
VRPBTW,639,no_feasible_candidate,,
VRPBTW,640,no_feasible_candidate,,
VRPBTW,641,no_feasible_candidate,,
VRPBTW,642,no_feasible_candidate,,
VRPBTW,643,no_feasible_candidate,,
VRPBTW,644,no_feasible_candidate,,
VRPBTW,645,no_feasible_candidate,,
VRPBTW,646,no_feasible_candidate,,
VRPBTW,647,no_feasible_candidate,,
VRPBTW,648,no_feasible_candidate,,
VRPBTW,649,no_feasible_candidate,,
VRPBTW,650,no_feasible_candidate,,
VRPBTW,651,no_feasible_candidate,,
VRPBTW,652,no_feasible_candidate,,
VRPBTW,653,no_feasible_candidate,,
VRPBTW,654,no_feasible_candidate,,
VRPBTW,655,no_feasible_candidate,,
VRPBTW,656,no_feasible_candidate,,
VRPBTW,657,no_feasible_candidate,,
VRPBTW,658,no_feasible_candidate,,
VRPBTW,659,no_feasible_candidate,,
VRPBTW,660,no_feasible_candidate,,
VRPBTW,661,no_feasible_candidate,,
VRPBTW,662,no_feasible_candidate,,
VRPBTW,663,no_feasible_candidate,,
VRPBTW,664,no_feasible_candidate,,
VRPBTW,665,no_feasible_candidate,,
VRPBTW,666,no_feasible_candidate,,
VRPBTW,667,no_feasible_candidate,,
VRPBTW,668,no_feasible_candidate,,
VRPBTW,669,no_feasible_candidate,,
VRPBTW,670,no_feasible_candidate,,
VRPBTW,671,no_feasible_candidate,,
VRPBTW,672,no_feasible_candidate,,
VRPBTW,673,no_feasible_candidate,,
VRPBTW,674,no_feasible_candidate,,
VRPBTW,675,no_feasible_candidate,,
VRPBTW,676,no_feasible_candidate,,
VRPBTW,677,no_feasible_candidate,,
VRPBTW,678,no_feasible_candidate,,
VRPBTW,679,no_feasible_candidate,,
VRPBTW,680,no_feasible_candidate,,
VRPBTW,681,no_feasible_candidate,,
VRPBTW,682,no_feasible_candidate,,
VRPBTW,683,no_feasible_candidate,,
VRPBTW,684,no_feasible_candidate,,
VRPBTW,685,no_feasible_candidate,,
VRPBTW,686,no_feasible_candidate,,
VRPBTW,687,no_feasible_candidate,,
VRPBTW,688,no_feasible_candidate,,
VRPBTW,689,no_feasible_candidate,,
VRPBTW,690,no_feasible_candidate,,
VRPBTW,691,no_feasible_candidate,,
VRPBTW,692,no_feasible_candidate,,
VRPBTW,693,no_feasible_candidate,,
VRPBTW,694,no_feasible_candidate,,
VRPBTW,695,no_feasible_candidate,,
VRPBTW,696,no_feasible_candidate,,
VRPBTW,697,no_feasible_candidate,,
VRPBTW,698,no_feasible_candidate,,
VRPBTW,699,no_feasible_candidate,,
VRPBTW,700,no_feasible_candidate,,
VRPBTW,701,no_feasible_candidate,,
VRPBTW,702,no_feasible_candidate,,
VRPBTW,703,no_feasible_candidate,,
VRPBTW,704,no_feasible_candidate,,
VRPBTW,705,no_feasible_candidate,,
VRPBTW,706,no_feasible_candidate,,
VRPBTW,707,no_feasible_candidate,,
VRPBTW,708,no_feasible_candidate,,
VRPBTW,709,no_feasible_candidate,,
VRPBTW,710,no_feasible_candidate,,
VRPBTW,711,no_feasible_candidate,,
VRPBTW,712,no_feasible_candidate,,
VRPBTW,713,no_feasible_candidate,,
VRPBTW,714,no_feasible_candidate,,
VRPBTW,715,no_feasible_candidate,,
VRPBTW,716,no_feasible_candidate,,
VRPBTW,717,no_feasible_candidate,,
VRPBTW,718,no_feasible_candidate,,
VRPBTW,719,no_feasible_candidate,,
VRPBTW,720,no_feasible_candidate,,
VRPBTW,721,no_feasible_candidate,,
VRPBTW,722,no_feasible_candidate,,
VRPBTW,723,no_feasible_candidate,,
VRPBTW,724,no_feasible_candidate,,
VRPBTW,725,no_feasible_candidate,,
VRPBTW,726,no_feasible_candidate,,
VRPBTW,727,no_feasible_candidate,,
VRPBTW,728,no_feasible_candidate,,
VRPBTW,729,no_feasible_candidate,,
VRPBTW,730,no_feasible_candidate,,
VRPBTW,731,no_feasible_candidate,,
VRPBTW,732,no_feasible_candidate,,
VRPBTW,733,no_feasible_candidate,,
VRPBTW,734,no_feasible_candidate,,
VRPBTW,735,no_feasible_candidate,,
VRPBTW,736,no_feasible_candidate,,
VRPBTW,737,no_feasible_candidate,,
VRPBTW,738,no_feasible_candidate,,
VRPBTW,739,no_feasible_candidate,,
VRPBTW,740,no_feasible_candidate,,
VRPBTW,741,no_feasible_candidate,,
VRPBTW,742,no_feasible_candidate,,
VRPBTW,743,no_feasible_candidate,,
VRPBTW,744,no_feasible_candidate,,
VRPBTW,745,no_feasible_candidate,,
VRPBTW,746,no_feasible_candidate,,
VRPBTW,747,no_feasible_candidate,,
VRPBTW,748,no_feasible_candidate,,
VRPBTW,749,no_feasible_candidate,,
VRPBTW,750,no_feasible_candidate,,
VRPBTW,751,no_feasible_candidate,,
VRPBTW,752,no_feasible_candidate,,
VRPBTW,753,no_feasible_candidate,,
VRPBTW,754,no_feasible_candidate,,
VRPBTW,755,no_feasible_candidate,,
VRPBTW,756,no_feasible_candidate,,
VRPBTW,757,no_feasible_candidate,,
VRPBTW,758,no_feasible_candidate,,
VRPBTW,759,no_feasible_candidate,,
VRPBTW,760,no_feasible_candidate,,
VRPBTW,761,no_feasible_candidate,,
VRPBTW,762,no_feasible_candidate,,
VRPBTW,763,ok,43.6552450350,35
VRPBTW,764,no_feasible_candidate,,
VRPBTW,765,no_feasible_candidate,,
VRPBTW,766,no_feasible_candidate,,
VRPBTW,767,no_feasible_candidate,,
VRPBTW,768,no_feasible_candidate,,
VRPBTW,769,no_feasible_candidate,,
VRPBTW,770,no_feasible_candidate,,
VRPBTW,771,no_feasible_candidate,,
VRPBTW,772,no_feasible_candidate,,
VRPBTW,773,no_feasible_candidate,,
VRPBTW,774,no_feasible_candidate,,
VRPBTW,775,no_feasible_candidate,,
VRPBTW,776,no_feasible_candidate,,
VRPBTW,777,no_feasible_candidate,,
VRPBTW,778,no_feasible_candidate,,
VRPBTW,779,no_feasible_candidate,,
VRPBTW,780,no_feasible_candidate,,
VRPBTW,781,no_feasible_candidate,,
VRPBTW,782,no_feasible_candidate,,
VRPBTW,783,no_feasible_candidate,,
VRPBTW,784,no_feasible_candidate,,
VRPBTW,785,no_feasible_candidate,,
VRPBTW,786,no_feasible_candidate,,
VRPBTW,787,no_feasible_candidate,,
VRPBTW,788,no_feasible_candidate,,
VRPBTW,789,no_feasible_candidate,,
VRPBTW,790,no_feasible_candidate,,
VRPBTW,791,no_feasible_candidate,,
VRPBTW,792,no_feasible_candidate,,
VRPBTW,793,no_feasible_candidate,,
VRPBTW,794,no_feasible_candidate,,
VRPBTW,795,no_feasible_candidate,,
VRPBTW,796,no_feasible_candidate,,
VRPBTW,797,no_feasible_candidate,,
VRPBTW,798,no_feasible_candidate,,
VRPBTW,799,no_feasible_candidate,,
VRPBTW,800,no_feasible_candidate,,
VRPBTW,801,no_feasible_candidate,,
VRPBTW,802,no_feasible_candidate,,
VRPBTW,803,no_feasible_candidate,,
VRPBTW,804,no_feasible_candidate,,
VRPBTW,805,no_feasible_candidate,,
VRPBTW,806,no_feasible_candidate,,
VRPBTW,807,no_feasible_candidate,,
VRPBTW,808,no_feasible_candidate,,
VRPBTW,809,no_feasible_candidate,,
VRPBTW,810,no_feasible_candidate,,
VRPBTW,811,no_feasible_candidate,,
VRPBTW,812,no_feasible_candidate,,
VRPBTW,813,no_feasible_candidate,,
VRPBTW,814,no_feasible_candidate,,
VRPBTW,815,no_feasible_candidate,,
VRPBTW,816,no_feasible_candidate,,
VRPBTW,817,no_feasible_candidate,,
VRPBTW,818,no_feasible_candidate,,
VRPBTW,819,no_feasible_candidate,,
VRPBTW,820,no_feasible_candidate,,
VRPBTW,821,no_feasible_candidate,,
VRPBTW,822,no_feasible_candidate,,
VRPBTW,823,no_feasible_candidate,,
VRPBTW,824,no_feasible_candidate,,
VRPBTW,825,no_feasible_candidate,,
VRPBTW,826,no_feasible_candidate,,
VRPBTW,827,no_feasible_candidate,,
VRPBTW,828,no_feasible_candidate,,
VRPBTW,829,no_feasible_candidate,,
VRPBTW,830,no_feasible_candidate,,
VRPBTW,831,no_feasible_candidate,,
VRPBTW,832,no_feasible_candidate,,
VRPBTW,833,no_feasible_candidate,,
VRPBTW,834,no_feasible_candidate,,
VRPBTW,835,no_feasible_candidate,,
VRPBTW,836,no_feasible_candidate,,
VRPBTW,837,no_feasible_candidate,,
VRPBTW,838,no_feasible_candidate,,
VRPBTW,839,no_feasible_candidate,,
VRPBTW,840,no_feasible_candidate,,
VRPBTW,841,no_feasible_candidate,,
VRPBTW,842,no_feasible_candidate,,
VRPBTW,843,no_feasible_candidate,,
VRPBTW,844,no_feasible_candidate,,
VRPBTW,845,no_feasible_candidate,,
VRPBTW,846,no_feasible_candidate,,
VRPBTW,847,no_feasible_candidate,,
VRPBTW,848,no_feasible_candidate,,
VRPBTW,849,no_feasible_candidate,,
VRPBTW,850,no_feasible_candidate,,
VRPBTW,851,no_feasible_candidate,,
VRPBTW,852,no_feasible_candidate,,
VRPBTW,853,no_feasible_candidate,,
VRPBTW,854,no_feasible_candidate,,
VRPBTW,855,no_feasible_candidate,,
VRPBTW,856,no_feasible_candidate,,
VRPBTW,857,no_feasible_candidate,,
VRPBTW,858,no_feasible_candidate,,
VRPBTW,859,no_feasible_candidate,,
VRPBTW,860,no_feasible_candidate,,
VRPBTW,861,no_feasible_candidate,,
VRPBTW,862,no_feasible_candidate,,
VRPBTW,863,no_feasible_candidate,,
VRPBTW,864,no_feasible_candidate,,
VRPBTW,865,no_feasible_candidate,,
VRPBTW,866,no_feasible_candidate,,
VRPBTW,867,no_feasible_candidate,,
VRPBTW,868,no_feasible_candidate,,
VRPBTW,869,no_feasible_candidate,,
VRPBTW,870,no_feasible_candidate,,
VRPBTW,871,no_feasible_candidate,,
VRPBTW,872,no_feasible_candidate,,
VRPBTW,873,no_feasible_candidate,,
VRPBTW,874,no_feasible_candidate,,
VRPBTW,875,no_feasible_candidate,,
VRPBTW,876,no_feasible_candidate,,
VRPBTW,877,no_feasible_candidate,,
VRPBTW,878,no_feasible_candidate,,
VRPBTW,879,no_feasible_candidate,,
VRPBTW,880,no_feasible_candidate,,
VRPBTW,881,no_feasible_candidate,,
VRPBTW,882,no_feasible_candidate,,
VRPBTW,883,no_feasible_candidate,,
VRPBTW,884,no_feasible_candidate,,
VRPBTW,885,no_feasible_candidate,,
VRPBTW,886,no_feasible_candidate,,
VRPBTW,887,no_feasible_candidate,,
VRPBTW,888,no_feasible_candidate,,
VRPBTW,889,no_feasible_candidate,,
VRPBTW,890,no_feasible_candidate,,
VRPBTW,891,no_feasible_candidate,,
VRPBTW,892,no_feasible_candidate,,
VRPBTW,893,no_feasible_candidate,,
VRPBTW,894,no_feasible_candidate,,
VRPBTW,895,no_feasible_candidate,,
VRPBTW,896,no_feasible_candidate,,
VRPBTW,897,no_feasible_candidate,,
VRPBTW,898,no_feasible_candidate,,
VRPBTW,899,no_feasible_candidate,,
VRPBTW,900,no_feasible_candidate,,
VRPBTW,901,no_feasible_candidate,,
VRPBTW,902,no_feasible_candidate,,
VRPBTW,903,no_feasible_candidate,,
VRPBTW,904,no_feasible_candidate,,
VRPBTW,905,no_feasible_candidate,,
VRPBTW,906,no_feasible_candidate,,
VRPBTW,907,no_feasible_candidate,,
VRPBTW,908,no_feasible_candidate,,
VRPBTW,909,no_feasible_candidate,,
VRPBTW,910,no_feasible_candidate,,
VRPBTW,911,no_feasible_candidate,,
VRPBTW,912,no_feasible_candidate,,
VRPBTW,913,no_feasible_candidate,,
VRPBTW,914,no_feasible_candidate,,
VRPBTW,915,no_feasible_candidate,,
VRPBTW,916,no_feasible_candidate,,
VRPBTW,917,no_feasible_candidate,,
VRPBTW,918,no_feasible_candidate,,
VRPBTW,919,no_feasible_candidate,,
VRPBTW,920,no_feasible_candidate,,
VRPBTW,921,no_feasible_candidate,,
VRPBTW,922,no_feasible_candidate,,
VRPBTW,923,no_feasible_candidate,,
VRPBTW,924,no_feasible_candidate,,
VRPBTW,925,no_feasible_candidate,,
VRPBTW,926,no_feasible_candidate,,
VRPBTW,927,no_feasible_candidate,,
VRPBTW,928,no_feasible_candidate,,
VRPBTW,929,no_feasible_candidate,,
VRPBTW,930,no_feasible_candidate,,
VRPBTW,931,no_feasible_candidate,,
VRPBTW,932,no_feasible_candidate,,
VRPBTW,933,no_feasible_candidate,,
VRPBTW,934,no_feasible_candidate,,
VRPBTW,935,no_feasible_candidate,,
VRPBTW,936,no_feasible_candidate,,
VRPBTW,937,no_feasible_candidate,,
VRPBTW,938,no_feasible_candidate,,
VRPBTW,939,no_feasible_candidate,,
VRPBTW,940,no_feasible_candidate,,
VRPBTW,941,no_feasible_candidate,,
VRPBTW,942,no_feasible_candidate,,
VRPBTW,943,no_feasible_candidate,,
VRPBTW,944,no_feasible_candidate,,
VRPBTW,945,no_feasible_candidate,,
VRPBTW,946,no_feasible_candidate,,
VRPBTW,947,no_feasible_candidate,,
VRPBTW,948,no_feasible_candidate,,
VRPBTW,949,no_feasible_candidate,,
VRPBTW,950,no_feasible_candidate,,
VRPBTW,951,no_feasible_candidate,,
VRPBTW,952,no_feasible_candidate,,
VRPBTW,953,no_feasible_candidate,,
VRPBTW,954,no_feasible_candidate,,
VRPBTW,955,no_feasible_candidate,,
VRPBTW,956,no_feasible_candidate,,
VRPBTW,957,no_feasible_candidate,,
VRPBTW,958,no_feasible_candidate,,
VRPBTW,959,no_feasible_candidate,,
VRPBTW,960,no_feasible_candidate,,
VRPBTW,961,no_feasible_candidate,,
VRPBTW,962,no_feasible_candidate,,
VRPBTW,963,no_feasible_candidate,,
VRPBTW,964,no_feasible_candidate,,
VRPBTW,965,no_feasible_candidate,,
VRPBTW,966,no_feasible_candidate,,
VRPBTW,967,no_feasible_candidate,,
VRPBTW,968,no_feasible_candidate,,
VRPBTW,969,no_feasible_candidate,,
VRPBTW,970,no_feasible_candidate,,
VRPBTW,971,no_feasible_candidate,,
VRPBTW,972,no_feasible_candidate,,
VRPBTW,973,no_feasible_candidate,,
VRPBTW,974,no_feasible_candidate,,
VRPBTW,975,no_feasible_candidate,,
VRPBTW,976,no_feasible_candidate,,
VRPBTW,977,no_feasible_candidate,,
VRPBTW,978,no_feasible_candidate,,
VRPBTW,979,no_feasible_candidate,,
VRPBTW,980,no_feasible_candidate,,
VRPBTW,981,no_feasible_candidate,,
VRPBTW,982,no_feasible_candidate,,
VRPBTW,983,no_feasible_candidate,,
VRPBTW,984,no_feasible_candidate,,
VRPBTW,985,no_feasible_candidate,,
VRPBTW,986,no_feasible_candidate,,
VRPBTW,987,no_feasible_candidate,,
VRPBTW,988,no_feasible_candidate,,
VRPBTW,989,no_feasible_candidate,,
VRPBTW,990,no_feasible_candidate,,
VRPBTW,991,no_feasible_candidate,,
VRPBTW,992,no_feasible_candidate,,
VRPBTW,993,no_feasible_candidate,,
VRPBTW,994,no_feasible_candidate,,
VRPBTW,995,no_feasible_candidate,,
VRPBTW,996,no_feasible_candidate,,
VRPBTW,997,no_feasible_candidate,,
VRPBTW,998,no_feasible_candidate,,
VRPBTW,999,no_feasible_candidate,,
VRPLTW,0,ok,31.2047953936,26
VRPLTW,1,ok,32.8101811453,28
VRPLTW,2,ok,28.2038469329,29
VRPLTW,3,ok,35.2843021087,29
VRPLTW,4,ok,32.3565291601,27
VRPLTW,5,ok,35.0589342496,31
VRPLTW,6,ok,33.4476095498,28
VRPLTW,7,ok,31.6207433235,26
VRPLTW,8,ok,34.7628964345,28
VRPLTW,9,ok,47.0949226098,30
VRPLTW,10,ok,24.2557982375,27
VRPLTW,11,ok,33.8742870270,29
VRPLTW,12,ok,26.5222885197,26
VRPLTW,13,ok,31.7919669327,27
VRPLTW,14,ok,47.0541425047,31
VRPLTW,15,ok,34.1264579701,29
VRPLTW,16,ok,29.7372018230,28
VRPLTW,17,ok,27.0635241858,24
VRPLTW,18,ok,34.2528520102,29
VRPLTW,19,ok,30.0188696260,29
VRPLTW,20,ok,25.9948385300,26
VRPLTW,21,ok,29.9608040567,28
VRPLTW,22,ok,45.7573414986,28
VRPLTW,23,ok,35.4252156045,29
VRPLTW,24,ok,45.7369287740,29
VRPLTW,25,ok,28.7658956589,31
VRPLTW,26,ok,28.6581658453,30
VRPLTW,27,ok,42.2692514301,29
VRPLTW,28,ok,36.5776537361,30
VRPLTW,29,ok,29.6411633249,29
VRPLTW,30,ok,34.6587744585,27
VRPLTW,31,ok,38.8557746019,30
VRPLTW,32,ok,51.1372791520,30
VRPLTW,33,ok,37.5156436845,28
VRPLTW,34,ok,27.7741024864,26
VRPLTW,35,ok,34.7470134522,27
VRPLTW,36,ok,25.0627497408,26
VRPLTW,37,ok,27.7309106573,29
VRPLTW,38,ok,40.4264181006,28
VRPLTW,39,ok,24.3345294598,26
VRPLTW,40,ok,26.1377040756,27
VRPLTW,41,ok,31.6538865167,26
VRPLTW,42,ok,34.3431158737,28
VRPLTW,43,ok,25.1348441244,29
VRPLTW,44,ok,31.7059832433,26
VRPLTW,45,ok,29.3237753275,28
VRPLTW,46,ok,30.4435261454,28
VRPLTW,47,ok,39.4344337149,29
VRPLTW,48,ok,41.5495241808,28
VRPLTW,49,ok,32.2011159317,29
VRPLTW,50,ok,37.8076108055,30
VRPLTW,51,ok,37.3097085218,27
VRPLTW,52,ok,33.9046394996,29
VRPLTW,53,ok,28.4432184412,30
VRPLTW,54,ok,31.9034021823,26
VRPLTW,55,ok,31.0470100650,26
VRPLTW,56,ok,25.0741342117,28
VRPLTW,57,ok,33.8666216519,28
VRPLTW,58,ok,32.3991345462,28
VRPLTW,59,ok,25.7323454232,24
VRPLTW,60,ok,29.8019772611,27
VRPLTW,61,ok,32.6789176416,27
VRPLTW,62,ok,39.5127765989,29
VRPLTW,63,ok,28.8432200575,33
VRPLTW,64,ok,36.1688056030,29
VRPLTW,65,ok,39.2995384299,29
VRPLTW,66,ok,37.4297974862,28
VRPLTW,67,ok,37.3454608783,28
VRPLTW,68,ok,35.9738124885,28
VRPLTW,69,ok,30.0537806041,26
VRPLTW,70,ok,53.2218298852,32
VRPLTW,71,ok,29.9364487002,30
VRPLTW,72,ok,32.4167897285,27
VRPLTW,73,ok,29.9225466581,27
VRPLTW,74,ok,28.1114248802,30
VRPLTW,75,ok,33.6798570316,28
VRPLTW,76,ok,30.3987415483,28
VRPLTW,77,ok,34.0135716304,29
VRPLTW,78,ok,32.8154283400,30
VRPLTW,79,ok,51.7371222888,31
VRPLTW,80,ok,28.8350797840,29
VRPLTW,81,ok,29.2491350409,29
VRPLTW,82,ok,42.3189414662,30
VRPLTW,83,ok,24.7485861191,27
VRPLTW,84,ok,29.0557353207,26
VRPLTW,85,ok,25.0745739297,28
VRPLTW,86,ok,33.8083522547,28
VRPLTW,87,ok,26.8211591615,28
VRPLTW,88,ok,29.1006780707,29
VRPLTW,89,ok,33.9685314139,27
VRPLTW,90,ok,37.0358635801,28
VRPLTW,91,ok,28.8853032648,28
VRPLTW,92,ok,41.2383725539,29
VRPLTW,93,ok,29.4709432554,26
VRPLTW,94,ok,27.8359427596,27
VRPLTW,95,ok,33.3450754330,28
VRPLTW,96,ok,28.6695359654,30
VRPLTW,97,ok,27.9101477140,28
VRPLTW,98,ok,47.8862808821,30
VRPLTW,99,ok,25.9922970583,24
VRPLTW,100,ok,27.0876517263,25
VRPLTW,101,ok,36.7576065070,27
VRPLTW,102,ok,33.1860799748,29
VRPLTW,103,ok,32.3768029127,27
VRPLTW,104,ok,27.2765676433,28
VRPLTW,105,ok,28.4429465165,30
VRPLTW,106,ok,30.0197322200,28
VRPLTW,107,ok,27.9288166912,26
VRPLTW,108,ok,27.2740659617,27
VRPLTW,109,ok,36.6326633680,28
VRPLTW,110,ok,35.3745131996,30
VRPLTW,111,ok,28.8356978370,26
VRPLTW,112,ok,40.1099777403,30
VRPLTW,113,ok,25.9994726827,30
VRPLTW,114,ok,35.5474796628,29
VRPLTW,115,ok,23.2116352232,26
VRPLTW,116,ok,35.8795762620,27
VRPLTW,117,ok,28.9769675706,30
VRPLTW,118,ok,42.9827669472,28
VRPLTW,119,ok,28.6463827378,25
VRPLTW,120,ok,38.8356955751,29
VRPLTW,121,ok,31.3059388630,28
VRPLTW,122,ok,42.7856078290,28
VRPLTW,123,ok,32.1519796147,27
VRPLTW,124,ok,26.5180775410,27
VRPLTW,125,ok,31.8405095390,29
VRPLTW,126,ok,25.8804108800,25
VRPLTW,127,ok,27.8120420092,26
VRPLTW,128,ok,26.4674602779,27
VRPLTW,129,ok,33.9032046159,28
VRPLTW,130,ok,29.3541366527,25
VRPLTW,131,ok,30.3389063476,31
VRPLTW,132,ok,37.2616209619,27
VRPLTW,133,ok,27.1662471218,28
VRPLTW,134,ok,32.9192702257,29
VRPLTW,135,ok,37.4843350313,29
VRPLTW,136,ok,34.2684862432,29
VRPLTW,137,ok,27.8983839272,27
VRPLTW,138,ok,28.4642663594,28
VRPLTW,139,ok,25.3815476993,26
VRPLTW,140,ok,29.4669679380,28
VRPLTW,141,ok,39.4766862242,28
VRPLTW,142,ok,52.8950596275,29
VRPLTW,143,ok,28.5729028226,26
VRPLTW,144,ok,34.5908830214,31
VRPLTW,145,ok,35.9391322084,28
VRPLTW,146,ok,34.1313417550,29
VRPLTW,147,ok,27.2012618059,26
VRPLTW,148,ok,58.8481946182,32
VRPLTW,149,ok,34.7967349726,28
VRPLTW,150,ok,36.4729311053,28
VRPLTW,151,ok,29.8507524427,28
VRPLTW,152,ok,47.5052148307,30
VRPLTW,153,ok,57.0449901491,31
VRPLTW,154,ok,26.5407023409,26
VRPLTW,155,ok,36.3460041541,30
VRPLTW,156,ok,30.2325236601,30
VRPLTW,157,ok,26.4899874543,27
VRPLTW,158,ok,35.8827646469,26
VRPLTW,159,ok,33.6332037507,27
VRPLTW,160,ok,25.3796976878,26
VRPLTW,161,ok,27.0127349107,27
VRPLTW,162,ok,31.3858208817,29
VRPLTW,163,ok,46.5707358166,31
VRPLTW,164,ok,29.0226945055,30
VRPLTW,165,ok,33.3757299446,27
VRPLTW,166,ok,33.7935190271,30
VRPLTW,167,ok,29.8879969643,30
VRPLTW,168,ok,25.0731506228,26
VRPLTW,169,ok,34.9650712295,28
VRPLTW,170,ok,37.3325392257,28
VRPLTW,171,ok,25.4014453668,26
VRPLTW,172,ok,28.2806542364,30
VRPLTW,173,ok,35.5729559183,29
VRPLTW,174,ok,29.9902476747,27
VRPLTW,175,ok,36.1891923230,28
VRPLTW,176,ok,28.7082162282,28
VRPLTW,177,ok,28.0377182615,28
VRPLTW,178,ok,38.6996264252,29
VRPLTW,179,ok,28.6631188126,25
VRPLTW,180,ok,32.7029144937,28
VRPLTW,181,ok,54.4506064855,32
VRPLTW,182,ok,42.4064470901,29
VRPLTW,183,ok,37.3184826874,29
VRPLTW,184,ok,31.4282592319,29
VRPLTW,185,ok,44.0807656530,29
VRPLTW,186,ok,43.2376299081,28
VRPLTW,187,ok,31.3502749048,26
VRPLTW,188,ok,39.3448101808,28
VRPLTW,189,ok,29.1392620764,28
VRPLTW,190,ok,24.3467334078,25
VRPLTW,191,ok,44.8564482782,28
VRPLTW,192,ok,41.0725714377,31
VRPLTW,193,ok,38.4647004686,29
VRPLTW,194,ok,32.7528342507,27
VRPLTW,195,ok,33.4164103379,26
VRPLTW,196,ok,33.6749793784,28
VRPLTW,197,ok,39.1196199036,28
VRPLTW,198,ok,34.0967805327,27
VRPLTW,199,ok,27.6702832104,27
VRPLTW,200,ok,46.7387954593,32
VRPLTW,201,ok,33.3138036058,29
VRPLTW,202,ok,31.4678054097,29
VRPLTW,203,ok,36.7961246294,29
VRPLTW,204,ok,35.5377896842,29
VRPLTW,205,ok,26.8967157077,26
VRPLTW,206,ok,28.7471197117,26
VRPLTW,207,ok,39.2963634737,29
VRPLTW,208,ok,46.3118272112,32
VRPLTW,209,ok,40.9470446491,30
VRPLTW,210,ok,33.3566851184,29
VRPLTW,211,ok,30.7871027438,31
VRPLTW,212,ok,38.9352488043,28
VRPLTW,213,ok,37.9405585489,28
VRPLTW,214,ok,38.1681293536,28
VRPLTW,215,ok,35.0031665576,29
VRPLTW,216,ok,35.1058426848,30
VRPLTW,217,ok,31.4839945785,29
VRPLTW,218,ok,34.2845053490,27
VRPLTW,219,ok,26.0893812125,26
VRPLTW,220,ok,38.3856652023,26
VRPLTW,221,ok,30.0885602446,27
VRPLTW,222,ok,35.7923858211,30
VRPLTW,223,ok,31.8818277635,26
VRPLTW,224,ok,24.7424626268,26
VRPLTW,225,ok,29.0037380950,27
VRPLTW,226,ok,30.8185751988,29
VRPLTW,227,ok,38.7938216547,30
VRPLTW,228,ok,30.2126822104,28
VRPLTW,229,ok,27.5253628622,25
VRPLTW,230,ok,38.2546487129,29
VRPLTW,231,ok,41.9482484763,28
VRPLTW,232,ok,31.9652237618,28
VRPLTW,233,ok,30.8453471368,29
VRPLTW,234,ok,44.5286847220,30
VRPLTW,235,ok,41.6122008694,30
VRPLTW,236,ok,60.7978244888,36
VRPLTW,237,ok,28.5874940700,27
VRPLTW,238,ok,38.7802751485,27
VRPLTW,239,ok,32.5301425379,28
VRPLTW,240,ok,29.2969468075,29
VRPLTW,241,ok,45.0279334367,28
VRPLTW,242,ok,29.2651187086,28
VRPLTW,243,ok,32.5663636986,27
VRPLTW,244,ok,36.2864060006,29
VRPLTW,245,ok,34.2839844765,28
VRPLTW,246,ok,34.9570892752,30
VRPLTW,247,ok,28.6481224575,30
VRPLTW,248,ok,39.0243784188,29
VRPLTW,249,ok,37.9182668829,31
VRPLTW,250,ok,55.7868638964,33
VRPLTW,251,ok,39.6641856934,30
VRPLTW,252,ok,31.0273801712,28
VRPLTW,253,ok,37.9556974896,29
VRPLTW,254,ok,28.3047290486,28
VRPLTW,255,ok,36.2981822168,25
VRPLTW,256,ok,40.7966264828,29
VRPLTW,257,ok,47.7523939238,32
VRPLTW,258,ok,41.9139081327,29
VRPLTW,259,ok,31.3444214108,28
VRPLTW,260,ok,38.8198697250,29
VRPLTW,261,ok,31.4677901504,30
VRPLTW,262,ok,35.8005572650,31
VRPLTW,263,ok,30.3956316710,28
VRPLTW,264,ok,55.0323544959,32
VRPLTW,265,ok,38.0600115781,28
VRPLTW,266,ok,29.6365965850,28
VRPLTW,267,ok,33.2308319632,28
VRPLTW,268,ok,53.0205796900,30
VRPLTW,269,ok,34.4449343054,27
VRPLTW,270,ok,34.1982756054,28
VRPLTW,271,ok,34.4570470214,25
VRPLTW,272,ok,29.2773885704,30
VRPLTW,273,ok,31.3903414419,27
VRPLTW,274,ok,28.6785852826,27
VRPLTW,275,ok,31.0848389622,29
VRPLTW,276,ok,29.5383028146,27
VRPLTW,277,ok,50.0492489450,28
VRPLTW,278,ok,26.0581074218,27
VRPLTW,279,ok,42.7960112932,29
VRPLTW,280,ok,28.1007028329,29
VRPLTW,281,ok,27.8083822774,30
VRPLTW,282,ok,37.3355750462,30
VRPLTW,283,ok,42.4626027549,30
VRPLTW,284,ok,44.2321333880,29
VRPLTW,285,ok,45.8126755475,30
VRPLTW,286,ok,48.3006498434,30
VRPLTW,287,ok,30.1738257090,26
VRPLTW,288,ok,40.0084337920,31
VRPLTW,289,ok,28.2929023331,28
VRPLTW,290,ok,46.3852092351,31
VRPLTW,291,ok,37.3181312966,29
VRPLTW,292,ok,31.6901347205,29
VRPLTW,293,ok,26.6691944857,28
VRPLTW,294,ok,31.4436295770,27
VRPLTW,295,ok,26.3899614868,27
VRPLTW,296,ok,26.3688230834,26
VRPLTW,297,ok,43.2471361715,29
VRPLTW,298,ok,37.0231380317,29
VRPLTW,299,ok,27.1630862034,25
VRPLTW,300,ok,25.6746368392,24
VRPLTW,301,ok,33.2318790322,27
VRPLTW,302,ok,30.1290869117,26
VRPLTW,303,ok,26.1181899886,26
VRPLTW,304,ok,31.3335956421,26
VRPLTW,305,ok,39.4334417448,30
VRPLTW,306,ok,35.3477037751,28
VRPLTW,307,ok,25.3790996281,27
VRPLTW,308,ok,38.7324004791,30
VRPLTW,309,ok,34.2240121837,28
VRPLTW,310,ok,28.2918459815,27
VRPLTW,311,ok,36.1417094072,28
VRPLTW,312,ok,30.6329551514,28
VRPLTW,313,ok,40.3278074045,29
VRPLTW,314,ok,27.9067325304,27
VRPLTW,315,ok,30.4162472308,28
VRPLTW,316,ok,39.3357578163,27
VRPLTW,317,ok,28.6760508340,27
VRPLTW,318,ok,33.6438248064,28
VRPLTW,319,ok,28.4382712424,29
VRPLTW,320,ok,30.3869780197,29
VRPLTW,321,ok,49.8159817820,33
VRPLTW,322,ok,39.5676854586,27
VRPLTW,323,ok,27.9415104283,28
VRPLTW,324,ok,33.1004808043,31
VRPLTW,325,ok,40.1373032622,30
VRPLTW,326,ok,25.7724543336,27
VRPLTW,327,ok,34.0793654121,28
VRPLTW,328,ok,31.9768007671,28
VRPLTW,329,ok,45.0784805383,33
VRPLTW,330,ok,40.4145263859,29
VRPLTW,331,ok,34.2757107342,28
VRPLTW,332,ok,37.5634049227,28
VRPLTW,333,ok,27.4475244995,27
VRPLTW,334,ok,33.4393300043,27
VRPLTW,335,ok,42.5119543321,29
VRPLTW,336,ok,33.2502687752,29
VRPLTW,337,ok,45.1791655164,29
VRPLTW,338,ok,30.2522502437,28
VRPLTW,339,ok,33.8712409069,32
VRPLTW,340,ok,24.9671197783,25
VRPLTW,341,ok,38.2458139984,28
VRPLTW,342,ok,39.3013463952,28
VRPLTW,343,ok,36.4970271346,27
VRPLTW,344,ok,60.2926448597,32
VRPLTW,345,ok,28.7264570850,31
VRPLTW,346,ok,41.8970017999,30
VRPLTW,347,ok,28.7099809532,24
VRPLTW,348,ok,39.6208012723,27
VRPLTW,349,ok,28.7635404288,29
VRPLTW,350,ok,28.2724123883,30
VRPLTW,351,ok,30.7668773652,27
VRPLTW,352,ok,44.2000257915,31
VRPLTW,353,ok,35.9668492883,29
VRPLTW,354,ok,34.9943810439,30
VRPLTW,355,ok,36.2679741511,29
VRPLTW,356,ok,36.3902291178,26
VRPLTW,357,ok,35.5175360029,30
VRPLTW,358,ok,41.1257930447,28
VRPLTW,359,ok,35.6922898434,32
VRPLTW,360,ok,32.3340372727,26
VRPLTW,361,ok,41.7753660586,31
VRPLTW,362,ok,37.3175681091,28
VRPLTW,363,ok,28.2087370141,27
VRPLTW,364,ok,27.0573100418,26
VRPLTW,365,ok,33.2957864598,26
VRPLTW,366,ok,35.8401797372,27
VRPLTW,367,ok,39.3925052295,28
VRPLTW,368,ok,33.8538530161,29
VRPLTW,369,ok,33.3490041089,31
VRPLTW,370,ok,30.2677469580,26
VRPLTW,371,ok,40.1278637718,30
VRPLTW,372,ok,33.9069802424,27
VRPLTW,373,ok,34.9910158463,28
VRPLTW,374,ok,45.5330081783,32
VRPLTW,375,ok,27.5522529524,28
VRPLTW,376,ok,33.2301733130,27
VRPLTW,377,ok,30.4408282087,30
VRPLTW,378,ok,40.1298322617,29
VRPLTW,379,ok,25.5353432194,26
VRPLTW,380,ok,34.6241306021,29
VRPLTW,381,ok,34.8532178527,26
VRPLTW,382,ok,38.4711485233,28
VRPLTW,383,ok,31.9835479912,30
VRPLTW,384,ok,36.4707352195,27
VRPLTW,385,ok,39.0532848722,29
VRPLTW,386,ok,29.4582826771,26
VRPLTW,387,ok,34.8194710268,29
VRPLTW,388,ok,25.9467832557,28
VRPLTW,389,ok,41.8067941641,29
VRPLTW,390,ok,30.4160502852,28
VRPLTW,391,ok,29.2353572525,27
VRPLTW,392,ok,36.0179168374,28
VRPLTW,393,ok,27.9565299372,29
VRPLTW,394,ok,37.6724730408,27
VRPLTW,395,ok,31.8086604895,26
VRPLTW,396,ok,51.8836374234,34
VRPLTW,397,ok,49.5225646615,30
VRPLTW,398,ok,33.8534031690,28
VRPLTW,399,ok,38.9790263166,31
VRPLTW,400,ok,28.9785398585,28
VRPLTW,401,ok,46.1368201103,31
VRPLTW,402,ok,35.0912771921,28
VRPLTW,403,ok,51.1887171210,30
VRPLTW,404,ok,44.9104654696,29
VRPLTW,405,ok,34.7320197922,27
VRPLTW,406,ok,29.1406731351,30
VRPLTW,407,ok,29.4279553944,29
VRPLTW,408,ok,28.0265457361,29
VRPLTW,409,ok,29.6792777980,26
VRPLTW,410,ok,32.3461604910,29
VRPLTW,411,ok,34.2034030283,27
VRPLTW,412,ok,27.6114630153,28
VRPLTW,413,ok,30.3011619774,29
VRPLTW,414,ok,23.2075149301,27
VRPLTW,415,ok,25.4811601451,28
VRPLTW,416,ok,26.0248606842,27
VRPLTW,417,ok,30.4950594975,28
VRPLTW,418,ok,28.2359873819,28
VRPLTW,419,ok,30.0133593237,28
VRPLTW,420,ok,40.4269169430,30
VRPLTW,421,ok,26.7481592513,28
VRPLTW,422,ok,41.3506862789,29
VRPLTW,423,ok,26.8103833555,26
VRPLTW,424,ok,48.1717813768,30
VRPLTW,425,ok,26.6962938233,25
VRPLTW,426,ok,30.7674378866,27
VRPLTW,427,ok,33.2361911768,27
VRPLTW,428,ok,28.9821685182,27
VRPLTW,429,ok,43.9665247619,31
VRPLTW,430,ok,27.5341713528,25
VRPLTW,431,ok,35.6362751103,28
VRPLTW,432,ok,36.8261848451,26
VRPLTW,433,ok,28.0111143324,28
VRPLTW,434,ok,33.9524746571,27
VRPLTW,435,ok,44.7654164376,29
VRPLTW,436,ok,26.3338606246,27
VRPLTW,437,ok,33.7955373466,29
VRPLTW,438,ok,36.1637889050,30
VRPLTW,439,ok,42.1199648480,32
VRPLTW,440,ok,48.0170984294,30
VRPLTW,441,ok,28.5886968329,27
VRPLTW,442,ok,25.8090837643,28
VRPLTW,443,ok,24.4253358215,27
VRPLTW,444,ok,31.1621268601,29
VRPLTW,445,ok,40.1111384049,28
VRPLTW,446,ok,32.4457423748,28
VRPLTW,447,ok,37.3205304265,28
VRPLTW,448,ok,34.8751101017,33
VRPLTW,449,ok,38.0687615952,29
VRPLTW,450,ok,36.0832186888,28
VRPLTW,451,ok,34.9276128945,30
VRPLTW,452,ok,35.8634046425,30
VRPLTW,453,ok,36.8873489067,29
VRPLTW,454,ok,37.6885705195,28
VRPLTW,455,ok,36.7305954438,28
VRPLTW,456,ok,27.5039169544,26
VRPLTW,457,ok,32.5336547011,28
VRPLTW,458,ok,29.7950373690,29
VRPLTW,459,ok,34.9823635625,26
VRPLTW,460,ok,37.5119861176,28
VRPLTW,461,ok,36.4291691583,26
VRPLTW,462,ok,31.5370333001,28
VRPLTW,463,ok,38.9093542521,30
VRPLTW,464,ok,30.3145262986,30
VRPLTW,465,ok,28.2586499447,28
VRPLTW,466,ok,31.8898466934,25
VRPLTW,467,ok,31.7212427076,27
VRPLTW,468,ok,40.1505755536,31
VRPLTW,469,ok,47.7120530568,30
VRPLTW,470,ok,35.2753419281,28
VRPLTW,471,ok,34.9039108546,28
VRPLTW,472,ok,34.1778259937,27
VRPLTW,473,ok,29.0259940268,24
VRPLTW,474,ok,24.2623020233,27
VRPLTW,475,ok,30.7147427099,31
VRPLTW,476,ok,41.6037226524,30
VRPLTW,477,ok,30.0905835472,27
VRPLTW,478,ok,26.6137623095,25
VRPLTW,479,ok,29.1755033964,29
VRPLTW,480,ok,29.8359135500,29
VRPLTW,481,ok,30.5408879767,26
VRPLTW,482,ok,26.7877998793,28
VRPLTW,483,ok,39.8130926613,29
VRPLTW,484,ok,33.8435434130,28
VRPLTW,485,ok,27.2934203125,28
VRPLTW,486,ok,37.3231658093,29
VRPLTW,487,ok,34.4214516208,28
VRPLTW,488,ok,30.9827897707,27
VRPLTW,489,ok,35.2426046268,31
VRPLTW,490,ok,31.1765190288,28
VRPLTW,491,ok,29.6331048594,30
VRPLTW,492,ok,34.1475813970,28
VRPLTW,493,ok,27.1921159000,27
VRPLTW,494,ok,28.9518315750,28
VRPLTW,495,ok,32.8657739996,26
VRPLTW,496,ok,44.8586351992,30
VRPLTW,497,ok,31.9311601511,25
VRPLTW,498,ok,26.3792449577,26
VRPLTW,499,ok,29.0485331782,26
VRPLTW,500,ok,32.8756673104,26
VRPLTW,501,ok,40.8236716337,28
VRPLTW,502,ok,42.2539553637,29
VRPLTW,503,ok,31.6129703563,29
VRPLTW,504,ok,32.4169624517,27
VRPLTW,505,ok,28.3198140395,26
VRPLTW,506,ok,32.9981522909,29
VRPLTW,507,ok,44.7809768359,29
VRPLTW,508,ok,43.8145108221,31
VRPLTW,509,ok,34.0648010741,28
VRPLTW,510,ok,26.5042941627,26
VRPLTW,511,ok,28.0540410197,27
VRPLTW,512,ok,27.2314292526,27
VRPLTW,513,ok,28.5495809214,29
VRPLTW,514,ok,31.7967182445,28
VRPLTW,515,ok,34.4185996649,30
VRPLTW,516,ok,31.0656504501,25
VRPLTW,517,ok,50.3982399039,30
VRPLTW,518,ok,26.6253735976,25
VRPLTW,519,ok,29.7511862874,29
VRPLTW,520,ok,35.6596531196,30
VRPLTW,521,ok,48.7107820940,31
VRPLTW,522,ok,25.9875591208,26
VRPLTW,523,ok,28.4712874158,29
VRPLTW,524,ok,53.5328580868,32
VRPLTW,525,ok,44.5624523862,30
VRPLTW,526,ok,37.6680730794,30
VRPLTW,527,ok,40.9185439590,31
VRPLTW,528,ok,29.6942237786,28
VRPLTW,529,ok,32.5243723322,27
VRPLTW,530,ok,23.5165225808,25
VRPLTW,531,ok,26.3787459779,27
VRPLTW,532,ok,39.1206741929,29
VRPLTW,533,ok,29.9560256488,28
VRPLTW,534,ok,36.5085121429,30
VRPLTW,535,ok,51.5057595198,29
VRPLTW,536,ok,29.2848278849,26
VRPLTW,537,ok,38.2035451087,29
VRPLTW,538,ok,34.4320805142,27
VRPLTW,539,ok,35.5471683611,29
VRPLTW,540,ok,37.5208024889,27
VRPLTW,541,ok,44.4605604719,29
VRPLTW,542,ok,32.9455347518,26
VRPLTW,543,ok,32.2518763391,28
VRPLTW,544,ok,36.3010264317,30
VRPLTW,545,ok,39.8280381228,29
VRPLTW,546,ok,24.9514435554,25
VRPLTW,547,ok,28.7258665329,31
VRPLTW,548,ok,25.4756769592,26
VRPLTW,549,ok,47.7433013122,32
VRPLTW,550,ok,29.6463673213,28
VRPLTW,551,ok,38.3724669885,29
VRPLTW,552,ok,29.9327413524,27
VRPLTW,553,ok,31.6697590899,31
VRPLTW,554,ok,29.2052094393,28
VRPLTW,555,ok,29.7629209491,26
VRPLTW,556,ok,39.7544995561,31
VRPLTW,557,ok,30.9819362635,28
VRPLTW,558,ok,24.2798629067,25
VRPLTW,559,ok,45.5649498504,30
VRPLTW,560,ok,38.0215607507,31
VRPLTW,561,ok,28.5102056473,27
VRPLTW,562,ok,29.2647943218,29
VRPLTW,563,ok,58.7954168404,33
VRPLTW,564,ok,34.6424134100,28
VRPLTW,565,ok,36.6254067358,31
VRPLTW,566,ok,34.4476581910,27
VRPLTW,567,ok,48.2422794013,32
VRPLTW,568,ok,25.9531545755,27
VRPLTW,569,ok,32.1740116078,29
VRPLTW,570,ok,34.1444708264,29
VRPLTW,571,ok,37.7396935362,30
VRPLTW,572,ok,31.8085216500,30
VRPLTW,573,ok,34.9441628117,26
VRPLTW,574,ok,30.7294175741,27
VRPLTW,575,ok,28.9816174077,27
VRPLTW,576,ok,41.3457917924,27
VRPLTW,577,ok,32.7065960733,27
VRPLTW,578,ok,48.3549571292,29
VRPLTW,579,ok,41.1171115727,27
VRPLTW,580,ok,41.6605059675,32
VRPLTW,581,ok,26.1914606487,26
VRPLTW,582,ok,37.3776096999,29
VRPLTW,583,ok,29.0412827770,27
VRPLTW,584,ok,29.9744379488,26
VRPLTW,585,ok,34.2506418895,27
VRPLTW,586,ok,48.2177845572,30
VRPLTW,587,ok,31.5215215570,25
VRPLTW,588,ok,38.5674060707,29
VRPLTW,589,ok,31.4046089664,27
VRPLTW,590,ok,30.5169976774,25
VRPLTW,591,ok,34.8476505108,28
VRPLTW,592,ok,31.4494541372,27
VRPLTW,593,ok,43.3880523948,29
VRPLTW,594,ok,36.3479282645,31
VRPLTW,595,ok,26.3251849912,27
VRPLTW,596,ok,34.0104391649,30
VRPLTW,597,ok,38.8854159096,28
VRPLTW,598,ok,44.6403693112,29
VRPLTW,599,ok,35.1037956870,27
VRPLTW,600,ok,34.6592036716,27
VRPLTW,601,ok,26.2370874834,28
VRPLTW,602,ok,37.4326075611,30
VRPLTW,603,ok,25.2213640902,27
VRPLTW,604,ok,26.5073972894,25
VRPLTW,605,ok,32.7648377850,27
VRPLTW,606,ok,38.6400138504,28
VRPLTW,607,ok,33.1380352547,30
VRPLTW,608,ok,31.9413737920,31
VRPLTW,609,ok,41.6105862671,30
VRPLTW,610,ok,32.6435094054,29
VRPLTW,611,ok,43.6302514175,28
VRPLTW,612,ok,47.6250626824,31
VRPLTW,613,ok,34.9897268995,28
VRPLTW,614,ok,31.6225710077,27
VRPLTW,615,ok,45.1847483637,29
VRPLTW,616,ok,29.5191573025,29
VRPLTW,617,ok,37.4658415619,28
VRPLTW,618,ok,38.2076880611,28
VRPLTW,619,ok,32.4571909840,27
VRPLTW,620,ok,27.4472388600,26
VRPLTW,621,ok,42.0725343636,28
VRPLTW,622,ok,42.5373705071,30
VRPLTW,623,ok,31.7345213732,28
VRPLTW,624,ok,28.5801119739,29
VRPLTW,625,ok,36.2011136300,26
VRPLTW,626,ok,28.9732002590,28
VRPLTW,627,ok,41.9393827572,32
VRPLTW,628,ok,42.3767403074,28
VRPLTW,629,ok,31.5563849138,25
VRPLTW,630,ok,29.3687877814,26
VRPLTW,631,ok,37.5288881721,27
VRPLTW,632,ok,34.7484334702,26
VRPLTW,633,ok,35.1673379608,28
VRPLTW,634,ok,34.9167142645,29
VRPLTW,635,ok,40.6088866921,29
VRPLTW,636,ok,40.8434293549,28
VRPLTW,637,ok,31.3589877281,29
VRPLTW,638,ok,31.3596629934,25
VRPLTW,639,ok,33.1803247798,28
VRPLTW,640,ok,32.4694627831,26
VRPLTW,641,ok,26.5227683373,27
VRPLTW,642,ok,25.5801706770,25
VRPLTW,643,ok,37.9436088665,31
VRPLTW,644,ok,45.9794441354,29
VRPLTW,645,ok,34.7366527638,30
VRPLTW,646,ok,33.7596931882,27
VRPLTW,647,ok,32.2327561272,31
VRPLTW,648,ok,28.7682617071,29
VRPLTW,649,ok,27.9898242967,29
VRPLTW,650,ok,31.4548977302,27
VRPLTW,651,ok,27.4783583904,30
VRPLTW,652,ok,27.5097176046,27
VRPLTW,653,ok,42.5624023743,27
VRPLTW,654,ok,37.0817295792,29
VRPLTW,655,ok,37.8152851114,29
VRPLTW,656,ok,26.6360186836,28
VRPLTW,657,ok,31.3409242977,29
VRPLTW,658,ok,34.1299995593,28
VRPLTW,659,ok,35.9121968270,29
VRPLTW,660,ok,34.1198487777,28
VRPLTW,661,ok,28.5325217497,27
VRPLTW,662,ok,26.5635809587,31
VRPLTW,663,ok,27.7873243996,29
VRPLTW,664,ok,27.8023925570,27
VRPLTW,665,ok,25.6484093401,25
VRPLTW,666,ok,26.9180656136,25
VRPLTW,667,ok,32.0735733185,27
VRPLTW,668,ok,26.4889859142,28
VRPLTW,669,ok,34.5318554638,30
VRPLTW,670,ok,26.9765970860,28
VRPLTW,671,ok,31.7645762932,25
VRPLTW,672,ok,40.7313789314,31
VRPLTW,673,ok,31.3665051767,27
VRPLTW,674,ok,24.8600036456,23
VRPLTW,675,ok,28.1478324066,27
VRPLTW,676,ok,25.8720303221,26
VRPLTW,677,ok,26.5080820018,27
VRPLTW,678,ok,25.9648829060,28
VRPLTW,679,ok,34.0625039118,28
VRPLTW,680,ok,28.4060627178,27
VRPLTW,681,ok,42.4998941408,30
VRPLTW,682,ok,42.2492962230,31
VRPLTW,683,ok,38.1819034254,28
VRPLTW,684,ok,33.2069893726,26
VRPLTW,685,ok,26.1023996919,29
VRPLTW,686,ok,30.1231201842,25
VRPLTW,687,ok,39.3376700656,27
VRPLTW,688,ok,26.9496029299,29
VRPLTW,689,ok,28.3800578042,29
VRPLTW,690,ok,38.6898535183,31
VRPLTW,691,ok,27.0425146423,27
VRPLTW,692,ok,29.7601764620,27
VRPLTW,693,ok,38.6608853854,29
VRPLTW,694,ok,27.6697338938,28
VRPLTW,695,ok,37.3564781930,28
VRPLTW,696,ok,25.5411058230,26
VRPLTW,697,ok,43.0325758148,28
VRPLTW,698,ok,31.1383938879,26
VRPLTW,699,ok,25.2515373433,28
VRPLTW,700,ok,39.0913296768,29
VRPLTW,701,ok,27.2998970588,27
VRPLTW,702,ok,27.8599811290,28
VRPLTW,703,ok,34.9282720147,28
VRPLTW,704,ok,24.4153272656,24
VRPLTW,705,ok,26.7904219774,28
VRPLTW,706,ok,26.3197038843,28
VRPLTW,707,ok,31.8740415929,28
VRPLTW,708,ok,36.1162912693,26
VRPLTW,709,ok,29.3124597995,26
VRPLTW,710,ok,33.0767897389,31
VRPLTW,711,ok,33.8670554875,29
VRPLTW,712,ok,29.5210153909,26
VRPLTW,713,ok,46.9138351703,30
VRPLTW,714,ok,27.5359735332,27
VRPLTW,715,ok,27.3359188759,25
VRPLTW,716,ok,34.1208113681,29
VRPLTW,717,ok,31.5649715227,26
VRPLTW,718,ok,31.0067549443,27
VRPLTW,719,ok,27.9694216388,31
VRPLTW,720,ok,34.1169049855,30
VRPLTW,721,ok,35.0679528059,29
VRPLTW,722,ok,27.5198676451,24
VRPLTW,723,ok,31.5492469094,27
VRPLTW,724,ok,37.7827590821,28
VRPLTW,725,ok,29.5404708040,27
VRPLTW,726,ok,28.0856906376,26
VRPLTW,727,ok,32.5620518654,26
VRPLTW,728,ok,41.0024713166,27
VRPLTW,729,ok,30.6747564456,26
VRPLTW,730,ok,33.9987950289,28
VRPLTW,731,ok,38.1476484523,29
VRPLTW,732,ok,36.1610174975,29
VRPLTW,733,ok,30.0646425037,28
VRPLTW,734,ok,34.9114182891,29
VRPLTW,735,ok,32.1944275322,29
VRPLTW,736,ok,25.8579668132,27
VRPLTW,737,ok,35.7351546040,27
VRPLTW,738,ok,37.0108617801,28
VRPLTW,739,ok,25.8381561544,29
VRPLTW,740,ok,42.4625719761,31
VRPLTW,741,ok,35.9536497325,28
VRPLTW,742,ok,32.5950180030,27
VRPLTW,743,ok,30.6044800464,28
VRPLTW,744,ok,38.6637299386,28
VRPLTW,745,ok,36.2554205878,29
VRPLTW,746,ok,41.7693034928,27
VRPLTW,747,ok,40.9777429230,28
VRPLTW,748,ok,35.5580789815,28
VRPLTW,749,ok,42.6701528711,27
VRPLTW,750,ok,25.3047269050,27
VRPLTW,751,ok,28.0908721331,27
VRPLTW,752,ok,42.3208992026,29
VRPLTW,753,ok,30.3382299706,27
VRPLTW,754,ok,27.3320923269,27
VRPLTW,755,ok,36.6479363575,29
VRPLTW,756,ok,36.1549579161,30
VRPLTW,757,ok,39.3963746923,30
VRPLTW,758,ok,38.2831784516,28
VRPLTW,759,ok,31.5581270053,29
VRPLTW,760,ok,31.5693468710,24
VRPLTW,761,ok,50.6029426366,31
VRPLTW,762,ok,32.6711724047,30
VRPLTW,763,ok,43.6447636943,29
VRPLTW,764,ok,31.3811975071,29
VRPLTW,765,ok,25.2657598889,28
VRPLTW,766,ok,28.6898103667,29
VRPLTW,767,ok,41.8822594503,32
VRPLTW,768,ok,33.1713701471,28
VRPLTW,769,ok,35.1207856333,28
VRPLTW,770,ok,33.1479921273,31
VRPLTW,771,ok,33.4565803359,30
VRPLTW,772,ok,31.2102822825,31
VRPLTW,773,ok,29.7237701366,26
VRPLTW,774,ok,35.9543074887,27
VRPLTW,775,ok,39.5235421142,28
VRPLTW,776,ok,33.7530578473,27
VRPLTW,777,ok,44.6345089347,30
VRPLTW,778,ok,33.6468783662,29
VRPLTW,779,ok,30.6416120006,28
VRPLTW,780,ok,25.9119140021,25
VRPLTW,781,ok,28.7506499926,28
VRPLTW,782,ok,41.6590178888,29
VRPLTW,783,ok,24.0041373617,26
VRPLTW,784,ok,35.9365342236,28
VRPLTW,785,ok,32.3617649747,32
VRPLTW,786,ok,43.3711560471,29
VRPLTW,787,ok,34.9044526675,29
VRPLTW,788,ok,32.1793141124,32
VRPLTW,789,ok,46.1056153018,30
VRPLTW,790,ok,33.8720636855,31
VRPLTW,791,ok,39.6539614570,29
VRPLTW,792,ok,34.6379149452,27
VRPLTW,793,ok,33.3081992530,27
VRPLTW,794,ok,36.5822955165,27
VRPLTW,795,ok,32.9011552793,28
VRPLTW,796,ok,30.7548842613,27
VRPLTW,797,ok,37.7313346678,28
VRPLTW,798,ok,40.4461672596,31
VRPLTW,799,ok,46.9425638226,30
VRPLTW,800,ok,32.3001368659,28
VRPLTW,801,ok,36.6591726845,27
VRPLTW,802,ok,29.6419867587,27
VRPLTW,803,ok,25.9100850123,28
VRPLTW,804,ok,47.6772784836,28
VRPLTW,805,ok,29.5522735212,29
VRPLTW,806,ok,38.0126350789,29
VRPLTW,807,ok,33.6090514752,30
VRPLTW,808,ok,32.4851509591,29
VRPLTW,809,ok,42.2032945292,30
VRPLTW,810,ok,36.1652354571,26
VRPLTW,811,ok,39.8084209712,27
VRPLTW,812,ok,32.4653953788,27
VRPLTW,813,ok,26.4721126554,29
VRPLTW,814,ok,32.9411947719,26
VRPLTW,815,ok,28.1250631513,26
VRPLTW,816,ok,26.2680446931,30
VRPLTW,817,ok,30.8620964826,28
VRPLTW,818,ok,30.4561155083,28
VRPLTW,819,ok,25.3325702690,28
VRPLTW,820,ok,42.4201634216,31
VRPLTW,821,ok,26.4947509582,28
VRPLTW,822,ok,32.6308583445,28
VRPLTW,823,ok,49.8414043458,31
VRPLTW,824,ok,29.8086844445,26
VRPLTW,825,ok,26.3196646643,25
VRPLTW,826,ok,34.9007381206,30
VRPLTW,827,ok,25.8712531449,27
VRPLTW,828,ok,30.1908186548,29
VRPLTW,829,ok,35.2824183470,27
VRPLTW,830,ok,27.5907264234,28
VRPLTW,831,ok,34.8657778780,30
VRPLTW,832,ok,51.3001759492,32
VRPLTW,833,ok,27.4122678780,31
VRPLTW,834,ok,33.3192186584,30
VRPLTW,835,ok,29.0680736489,29
VRPLTW,836,ok,35.6399841790,26
VRPLTW,837,ok,34.3912997073,28
VRPLTW,838,ok,43.7215105629,28
VRPLTW,839,ok,46.7779643091,32
VRPLTW,840,ok,42.8003351170,28
VRPLTW,841,ok,43.1501092465,30
VRPLTW,842,ok,28.5064288372,28
VRPLTW,843,ok,27.1051767226,27
VRPLTW,844,ok,33.9746716500,27
VRPLTW,845,ok,27.4199610063,29
VRPLTW,846,ok,26.8279183387,26
VRPLTW,847,ok,26.5635818059,27
VRPLTW,848,ok,41.8165982961,26
VRPLTW,849,ok,36.9404166347,27
VRPLTW,850,ok,37.0384247707,28
VRPLTW,851,ok,27.6497202645,28
VRPLTW,852,ok,40.9720733482,30
VRPLTW,853,ok,34.6185405404,26
VRPLTW,854,ok,29.8815316197,27
VRPLTW,855,ok,30.2432408598,25
VRPLTW,856,ok,34.9835054493,30
VRPLTW,857,ok,27.9775762917,29
VRPLTW,858,ok,36.0118685437,26
VRPLTW,859,ok,26.7983945473,26
VRPLTW,860,ok,38.0153537405,26
VRPLTW,861,ok,25.0262085684,27
VRPLTW,862,ok,33.3542611771,28
VRPLTW,863,ok,38.5146153575,28
VRPLTW,864,ok,34.0216366382,29
VRPLTW,865,ok,30.3257770650,27
VRPLTW,866,ok,27.4550220693,30
VRPLTW,867,ok,46.1274148434,30
VRPLTW,868,ok,35.0793912358,29
VRPLTW,869,ok,28.4164414889,27
VRPLTW,870,ok,44.3739269665,30
VRPLTW,871,ok,34.0337216012,28
VRPLTW,872,ok,32.5164712926,27
VRPLTW,873,ok,33.6967946575,27
VRPLTW,874,ok,32.5890147304,29
VRPLTW,875,ok,40.2491849901,30
VRPLTW,876,ok,40.7112948787,28
VRPLTW,877,ok,26.8248280280,29
VRPLTW,878,ok,31.9252202459,28
VRPLTW,879,ok,36.6004206500,30
VRPLTW,880,ok,31.4125050402,29
VRPLTW,881,ok,31.1152350393,27
VRPLTW,882,ok,35.0517451323,31
VRPLTW,883,ok,45.3076912187,30
VRPLTW,884,ok,27.0385800668,28
VRPLTW,885,ok,47.0535362933,30
VRPLTW,886,ok,32.9574389628,28
VRPLTW,887,ok,33.4022241004,29
VRPLTW,888,ok,44.3702782809,28
VRPLTW,889,ok,26.9614733065,26
VRPLTW,890,ok,53.2002126389,32
VRPLTW,891,ok,25.2276732348,25
VRPLTW,892,ok,25.6782055234,26
VRPLTW,893,ok,44.0201206928,31
VRPLTW,894,ok,34.1500113406,30
VRPLTW,895,ok,42.8526193446,30
VRPLTW,896,ok,26.8029450953,26
VRPLTW,897,ok,31.7375153506,28
VRPLTW,898,ok,35.1405673778,26
VRPLTW,899,ok,53.0352814945,32
VRPLTW,900,ok,28.1327399662,26
VRPLTW,901,ok,34.9783277344,28
VRPLTW,902,ok,37.6842337637,29
VRPLTW,903,ok,41.2143828118,30
VRPLTW,904,ok,25.4088009154,28
VRPLTW,905,ok,36.3082414378,30
VRPLTW,906,ok,30.4982871300,29
VRPLTW,907,ok,42.5068159667,30
VRPLTW,908,ok,33.0891356097,28
VRPLTW,909,ok,28.3899801939,27
VRPLTW,910,ok,37.7908999359,28
VRPLTW,911,ok,36.1938821186,28
VRPLTW,912,ok,33.1474160671,29
VRPLTW,913,ok,30.0602078523,29
VRPLTW,914,ok,37.1544670502,29
VRPLTW,915,ok,36.0849838613,26
VRPLTW,916,ok,42.5647568572,28
VRPLTW,917,ok,28.3869698071,27
VRPLTW,918,ok,25.8005175137,29
VRPLTW,919,ok,28.7820971802,27
VRPLTW,920,ok,34.6747317614,33
VRPLTW,921,ok,44.4387438464,31
VRPLTW,922,ok,46.7914715474,30
VRPLTW,923,ok,37.8910062601,29
VRPLTW,924,ok,50.1259412370,31
VRPLTW,925,ok,40.0472272219,30
VRPLTW,926,ok,33.8554929726,27
VRPLTW,927,ok,41.3132605148,29
VRPLTW,928,ok,37.7233193303,29
VRPLTW,929,ok,26.7005870152,30
VRPLTW,930,ok,35.6014868758,27
VRPLTW,931,ok,32.0141473787,29
VRPLTW,932,ok,28.3956111622,29
VRPLTW,933,ok,37.1266560314,28
VRPLTW,934,ok,37.5366449542,29
VRPLTW,935,ok,38.0235326958,29
VRPLTW,936,ok,31.7692156530,25
VRPLTW,937,ok,26.3431283985,26
VRPLTW,938,ok,39.7757690330,29
VRPLTW,939,ok,41.9328207516,29
VRPLTW,940,ok,36.5440399505,29
VRPLTW,941,ok,34.1713472901,29
VRPLTW,942,ok,30.5815240326,30
VRPLTW,943,ok,37.0620456583,29
VRPLTW,944,ok,41.3017162117,30
VRPLTW,945,ok,33.2887797536,27
VRPLTW,946,ok,25.8817720151,26
VRPLTW,947,ok,25.5983327250,26
VRPLTW,948,ok,35.5159622631,26
VRPLTW,949,ok,33.2189311691,32
VRPLTW,950,ok,28.2079117237,27
VRPLTW,951,ok,30.3489965236,26
VRPLTW,952,ok,26.5627266155,27
VRPLTW,953,ok,42.0193721627,29
VRPLTW,954,ok,30.4256190311,26
VRPLTW,955,ok,28.1985957729,30
VRPLTW,956,ok,33.8700449708,26
VRPLTW,957,ok,27.8468185437,29
VRPLTW,958,ok,30.0542228155,30
VRPLTW,959,ok,49.6633685010,31
VRPLTW,960,ok,29.2562921760,27
VRPLTW,961,ok,40.6126244097,29
VRPLTW,962,ok,34.5237991295,29
VRPLTW,963,ok,27.7621721111,27
VRPLTW,964,ok,36.0581580770,28
VRPLTW,965,ok,31.1996099298,28
VRPLTW,966,ok,31.6224733092,29
VRPLTW,967,ok,27.2655444804,28
VRPLTW,968,ok,35.5189502130,29
VRPLTW,969,ok,26.7308391415,28
VRPLTW,970,ok,28.1169614995,25
VRPLTW,971,ok,30.7563182769,26
VRPLTW,972,ok,35.9986351760,28
VRPLTW,973,ok,25.1953674499,25
VRPLTW,974,ok,29.0359077574,30
VRPLTW,975,ok,39.0754352520,29
VRPLTW,976,ok,34.1351475989,28
VRPLTW,977,ok,40.8103284979,29
VRPLTW,978,ok,32.6886297581,28
VRPLTW,979,ok,31.3256587699,25
VRPLTW,980,ok,29.9145943969,29
VRPLTW,981,ok,34.1573909925,29
VRPLTW,982,ok,35.6894736128,28
VRPLTW,983,ok,32.0175665125,25
VRPLTW,984,ok,37.2167052717,30
VRPLTW,985,ok,34.2408653198,27
VRPLTW,986,ok,30.2199390761,28
VRPLTW,987,ok,31.1215183985,29
VRPLTW,988,ok,30.8628689215,26
VRPLTW,989,ok,31.3116945734,25
VRPLTW,990,ok,31.5267812791,28
VRPLTW,991,ok,38.9336635466,29
VRPLTW,992,ok,33.2274928430,32
VRPLTW,993,ok,32.7848683039,29
VRPLTW,994,ok,37.7056656381,33
VRPLTW,995,ok,39.1822967586,30
VRPLTW,996,ok,31.3079258213,26
VRPLTW,997,ok,43.0648706153,30
VRPLTW,998,ok,33.2156172577,26
VRPLTW,999,ok,24.0739698401,24
OVRPBL,0,ok,9.6541639812,6
OVRPBL,1,ok,10.0777899937,9
OVRPBL,2,ok,8.9120453026,8
OVRPBL,3,ok,10.0212095090,8
OVRPBL,4,ok,10.2471737155,11
OVRPBL,5,ok,9.5197292598,8
OVRPBL,6,ok,9.6890508973,7
OVRPBL,7,ok,8.5175424564,8
OVRPBL,8,ok,9.2501577298,9
OVRPBL,9,ok,10.0355397758,7
OVRPBL,10,ok,8.8256159082,9
OVRPBL,11,ok,9.4220279092,8
OVRPBL,12,ok,10.5025267077,9
OVRPBL,13,ok,10.7166879365,7
OVRPBL,14,ok,10.4211783295,10
OVRPBL,15,ok,10.2423839440,8
OVRPBL,16,ok,9.1476262636,9
OVRPBL,17,ok,9.1977478578,8
OVRPBL,18,ok,10.5204298589,8
OVRPBL,19,ok,9.1659579302,8
OVRPBL,20,ok,9.4659116320,9
OVRPBL,21,ok,9.8778475476,8
OVRPBL,22,ok,9.5387438601,8
OVRPBL,23,ok,9.6337168250,8
OVRPBL,24,ok,9.8856175815,8
OVRPBL,25,ok,10.3077186737,6
OVRPBL,26,ok,9.8876803814,10
OVRPBL,27,ok,8.9866971383,7
OVRPBL,28,ok,10.5695899666,8
OVRPBL,29,ok,10.9574241339,9
OVRPBL,30,ok,9.7772886725,10
OVRPBL,31,ok,9.1711628271,7
OVRPBL,32,ok,9.3930964555,8
OVRPBL,33,ok,9.6816920104,8
OVRPBL,34,ok,10.6556050562,9
OVRPBL,35,ok,9.2742810789,8
OVRPBL,36,ok,9.3296766759,9
OVRPBL,37,ok,10.7433815844,8
OVRPBL,38,ok,8.9989790361,8
OVRPBL,39,ok,8.6465988992,7
OVRPBL,40,ok,9.5252329403,8
OVRPBL,41,ok,10.4217848721,10
OVRPBL,42,ok,10.0910450465,9
OVRPBL,43,ok,8.7114449393,10
OVRPBL,44,ok,9.2725490290,7
OVRPBL,45,ok,10.8277767219,9
OVRPBL,46,ok,9.5998745955,9
OVRPBL,47,ok,9.2160791415,7
OVRPBL,48,ok,10.0492713862,7
OVRPBL,49,ok,9.9373501177,9
OVRPBL,50,ok,10.7328778769,8
OVRPBL,51,ok,10.5820764150,7
OVRPBL,52,ok,10.2594404173,8
OVRPBL,53,ok,9.9820172012,8
OVRPBL,54,ok,9.2352558998,7
OVRPBL,55,ok,9.7029070656,8
OVRPBL,56,ok,9.1243525290,9
OVRPBL,57,ok,9.2228223297,8
OVRPBL,58,ok,8.9491549865,9
OVRPBL,59,ok,9.8584727332,8
OVRPBL,60,ok,9.4807434424,10
OVRPBL,61,ok,9.7397243928,8
OVRPBL,62,ok,8.9974988820,9
OVRPBL,63,ok,10.1469665935,8
OVRPBL,64,ok,10.0700066763,7
OVRPBL,65,ok,8.7408741714,6
OVRPBL,66,ok,8.7950215997,7
OVRPBL,67,ok,8.7115960729,9
OVRPBL,68,ok,9.4559307426,7
OVRPBL,69,ok,10.6009245393,7
OVRPBL,70,ok,9.6580069678,8
OVRPBL,71,ok,8.7217087818,7
OVRPBL,72,ok,8.4456973786,10
OVRPBL,73,ok,9.1378962073,9
OVRPBL,74,ok,9.0060222097,9
OVRPBL,75,ok,8.6750694323,7
OVRPBL,76,ok,8.4263318480,11
OVRPBL,77,ok,9.2097630263,8
OVRPBL,78,ok,9.3031323852,7
OVRPBL,79,ok,9.2599680806,9
OVRPBL,80,ok,9.5135823765,7
OVRPBL,81,ok,9.4180723811,8
OVRPBL,82,ok,10.0750370952,7
OVRPBL,83,ok,9.7005250072,8
OVRPBL,84,ok,8.6774661917,8
OVRPBL,85,ok,9.4717577634,9
OVRPBL,86,ok,10.7860783453,9
OVRPBL,87,ok,9.6420376297,9
OVRPBL,88,ok,11.2149354644,10
OVRPBL,89,ok,8.6800365208,9
OVRPBL,90,ok,9.3876091294,7
OVRPBL,91,ok,9.7405476377,10
OVRPBL,92,ok,9.6554076996,6
OVRPBL,93,ok,10.2177433614,7
OVRPBL,94,ok,9.1698189954,7
OVRPBL,95,ok,9.2106544188,9
OVRPBL,96,ok,10.0320172195,7
OVRPBL,97,ok,9.3333786234,7
OVRPBL,98,ok,11.5134444295,8
OVRPBL,99,ok,9.2127816750,8
OVRPBL,100,ok,10.8814767414,8
OVRPBL,101,ok,8.9480454538,7
OVRPBL,102,ok,9.2856099944,9
OVRPBL,103,ok,10.6934966271,10
OVRPBL,104,ok,9.3257071678,8
OVRPBL,105,ok,10.7230329218,8
OVRPBL,106,ok,11.1582660419,8
OVRPBL,107,ok,10.3252233880,9
OVRPBL,108,ok,10.0481839622,8
OVRPBL,109,ok,9.5718728705,8
OVRPBL,110,ok,9.8985879832,8
OVRPBL,111,ok,10.3806841491,7
OVRPBL,112,ok,9.7703504449,8
OVRPBL,113,ok,10.9529785304,7
OVRPBL,114,ok,10.1303150121,8
OVRPBL,115,ok,9.9789426906,10
OVRPBL,116,ok,9.2224488667,8
OVRPBL,117,ok,9.6214964717,9
OVRPBL,118,ok,8.9309073779,9
OVRPBL,119,ok,10.0754049873,8
OVRPBL,120,ok,9.2409704434,10
OVRPBL,121,ok,9.7534526541,7
OVRPBL,122,ok,10.1592462952,8
OVRPBL,123,ok,10.4720645841,8
OVRPBL,124,ok,10.4447825775,7
OVRPBL,125,ok,10.8911159391,10
OVRPBL,126,ok,9.9598250526,8
OVRPBL,127,ok,9.3715649607,7
OVRPBL,128,ok,9.1032749370,9
OVRPBL,129,ok,9.4629732797,7
OVRPBL,130,ok,9.2774293792,8
OVRPBL,131,ok,10.5165427261,7
OVRPBL,132,ok,10.0229259533,9
OVRPBL,133,ok,9.8966696890,7
OVRPBL,134,ok,9.9303816283,8
OVRPBL,135,ok,9.4676298943,10
OVRPBL,136,ok,9.2074969493,7
OVRPBL,137,ok,9.2504669933,9
OVRPBL,138,ok,10.0543128777,7
OVRPBL,139,ok,9.5892867740,8
OVRPBL,140,ok,9.1651834419,9
OVRPBL,141,ok,9.7464336769,9
OVRPBL,142,ok,10.0473619303,10
OVRPBL,143,ok,9.1156683573,10
OVRPBL,144,ok,8.9204943851,8
OVRPBL,145,ok,9.1383644551,8
OVRPBL,146,ok,11.3492900302,8
OVRPBL,147,ok,10.5433994661,7
OVRPBL,148,ok,9.1620007058,8
OVRPBL,149,ok,10.5209073527,7
OVRPBL,150,ok,9.1865002894,10
OVRPBL,151,ok,10.0642240051,9
OVRPBL,152,ok,9.8584493060,9
OVRPBL,153,ok,8.9431196732,9
OVRPBL,154,ok,9.9293734747,9
OVRPBL,155,ok,10.0751044387,8
OVRPBL,156,ok,8.8492786006,7
OVRPBL,157,ok,9.8450405835,8
OVRPBL,158,ok,9.0943509122,7
OVRPBL,159,ok,10.4955829767,9
OVRPBL,160,ok,9.3043275222,10
OVRPBL,161,ok,9.7124559399,7
OVRPBL,162,ok,9.7615359572,8
OVRPBL,163,ok,9.2402473925,7
OVRPBL,164,ok,9.3666522851,8
OVRPBL,165,ok,9.5989284893,9
OVRPBL,166,ok,9.0050434655,6
OVRPBL,167,ok,10.4345782808,9
OVRPBL,168,ok,10.3117819707,10
OVRPBL,169,ok,9.7652982857,7
OVRPBL,170,ok,9.7933937436,6
OVRPBL,171,ok,9.4268083636,10
OVRPBL,172,ok,9.9923647191,7
OVRPBL,173,ok,9.2582513538,8
OVRPBL,174,ok,8.9318427300,8
OVRPBL,175,ok,8.9460854241,8
OVRPBL,176,ok,10.5003618934,10
OVRPBL,177,ok,11.1921658538,7
OVRPBL,178,ok,8.7412130167,11
OVRPBL,179,ok,9.3760942639,8
OVRPBL,180,ok,9.4252663273,7
OVRPBL,181,ok,9.8313589448,7
OVRPBL,182,ok,9.3824515335,6
OVRPBL,183,ok,10.2676555554,8
OVRPBL,184,ok,10.6908907095,9
OVRPBL,185,ok,8.9845595712,8
OVRPBL,186,ok,9.1285688313,9
OVRPBL,187,ok,10.4769422484,7
OVRPBL,188,ok,8.4697078629,7
OVRPBL,189,ok,9.0247932528,9
OVRPBL,190,ok,10.7831409578,7
OVRPBL,191,ok,9.6477692204,8
OVRPBL,192,ok,10.3425835956,8
OVRPBL,193,ok,10.6896238248,8
OVRPBL,194,ok,9.3794305521,8
OVRPBL,195,ok,10.2768461797,7
OVRPBL,196,ok,9.5731930716,11
OVRPBL,197,ok,9.4615774608,8
OVRPBL,198,ok,9.3223441528,9
OVRPBL,199,ok,9.3351323354,10
OVRPBL,200,ok,9.5649020631,9
OVRPBL,201,ok,10.2522816608,8
OVRPBL,202,ok,10.0103889256,9
OVRPBL,203,ok,11.2138771631,7
OVRPBL,204,ok,10.2352266247,9
OVRPBL,205,ok,9.3663839767,8
OVRPBL,206,ok,9.2741727579,8
OVRPBL,207,ok,8.8784102102,8
OVRPBL,208,ok,9.5889952564,6
OVRPBL,209,ok,10.9888181952,10
OVRPBL,210,ok,9.8292785583,7
OVRPBL,211,ok,10.2083681938,6
OVRPBL,212,ok,9.1849875551,7
OVRPBL,213,ok,10.2774858574,8
OVRPBL,214,ok,9.6997484532,9
OVRPBL,215,ok,11.0060464672,6
OVRPBL,216,ok,9.1872997697,8
OVRPBL,217,ok,9.6759633652,7
OVRPBL,218,ok,8.4183370022,7
OVRPBL,219,ok,8.6275994409,6
OVRPBL,220,ok,9.7762622870,9
OVRPBL,221,ok,9.4933882810,8
OVRPBL,222,ok,10.5391286667,7
OVRPBL,223,ok,8.4347625030,9
OVRPBL,224,ok,9.0371109625,7
OVRPBL,225,ok,10.8624183949,7
OVRPBL,226,ok,10.0934038233,7
OVRPBL,227,ok,9.2853928089,7
OVRPBL,228,ok,10.3970442047,8
OVRPBL,229,ok,10.1381642081,8
OVRPBL,230,ok,9.2147211017,9
OVRPBL,231,ok,9.1428480124,9
OVRPBL,232,ok,10.3150371616,9
OVRPBL,233,ok,9.1872485884,7
OVRPBL,234,ok,8.6396518494,9
OVRPBL,235,ok,9.4565980463,9
OVRPBL,236,ok,9.4716649864,10
OVRPBL,237,ok,9.8323892531,7
OVRPBL,238,ok,9.7255828181,7
OVRPBL,239,ok,9.7427800857,9
OVRPBL,240,ok,8.4213216782,8
OVRPBL,241,ok,9.6014365487,8
OVRPBL,242,ok,10.1531905493,8
OVRPBL,243,ok,10.0019888222,9
OVRPBL,244,ok,9.5932260143,9
OVRPBL,245,ok,10.5535485247,7
OVRPBL,246,ok,9.9376455324,5
OVRPBL,247,ok,10.7749485474,9
OVRPBL,248,ok,10.5364866911,10
OVRPBL,249,ok,9.7250542468,9
OVRPBL,250,ok,9.9763848530,7
OVRPBL,251,ok,9.5892924574,9
OVRPBL,252,ok,9.1949833857,10
OVRPBL,253,ok,8.9758749479,6
OVRPBL,254,ok,9.2777664257,10
OVRPBL,255,ok,9.9629441256,9
OVRPBL,256,ok,9.7120889098,9
OVRPBL,257,ok,9.1395376868,9
OVRPBL,258,ok,9.7836247269,10
OVRPBL,259,ok,9.9586181325,8
OVRPBL,260,ok,9.0950818405,9
OVRPBL,261,ok,10.7376328429,7
OVRPBL,262,ok,9.8428542667,9
OVRPBL,263,ok,9.9084921530,8
OVRPBL,264,ok,9.4176624778,12
OVRPBL,265,ok,10.8818966903,10
OVRPBL,266,ok,10.4206984532,8
OVRPBL,267,ok,9.1394888048,7
OVRPBL,268,ok,10.7406632189,8
OVRPBL,269,ok,9.2469922297,9
OVRPBL,270,ok,8.5738008939,10
OVRPBL,271,ok,9.2255262501,10
OVRPBL,272,ok,10.3748949873,7
OVRPBL,273,ok,9.2014941056,9
OVRPBL,274,ok,9.2850655294,8
OVRPBL,275,ok,9.2983465258,7
OVRPBL,276,ok,9.5913730074,10
OVRPBL,277,ok,8.5332081454,8
OVRPBL,278,ok,9.1663602716,10
OVRPBL,279,ok,9.7155508026,7
OVRPBL,280,ok,8.3216170377,8
OVRPBL,281,ok,8.9342361332,6
OVRPBL,282,ok,9.2124587283,9
OVRPBL,283,ok,9.6484183802,7
OVRPBL,284,ok,9.7726846331,8
OVRPBL,285,ok,9.6292107917,8
OVRPBL,286,ok,11.3679166768,7
OVRPBL,287,ok,11.1189988733,7
OVRPBL,288,ok,9.7635541333,8
OVRPBL,289,ok,9.5896847844,8
OVRPBL,290,ok,8.7092911106,9
OVRPBL,291,ok,9.9599313773,8
OVRPBL,292,ok,9.7975118210,8
OVRPBL,293,ok,10.7507868754,7
OVRPBL,294,ok,8.7315917380,7
OVRPBL,295,ok,10.2134356432,7
OVRPBL,296,ok,11.5571574305,8
OVRPBL,297,ok,10.2231867768,8
OVRPBL,298,ok,9.7006903994,8
OVRPBL,299,ok,8.8265693558,7
OVRPBL,300,ok,9.7831801478,9
OVRPBL,301,ok,9.8138268339,9
OVRPBL,302,ok,10.1965720768,9
OVRPBL,303,ok,10.0099026685,8
OVRPBL,304,ok,9.0044790685,9
OVRPBL,305,ok,10.8769941342,8
OVRPBL,306,ok,9.0900446708,8
OVRPBL,307,ok,11.0338345631,8
OVRPBL,308,ok,10.3298574419,9
OVRPBL,309,ok,9.4898805299,7
OVRPBL,310,ok,10.4524430312,8
OVRPBL,311,ok,10.1771044167,9
OVRPBL,312,ok,10.3369933774,8
OVRPBL,313,ok,9.2507226248,7
OVRPBL,314,ok,10.0889855585,10
OVRPBL,315,ok,10.3970790242,10
OVRPBL,316,ok,11.0013576246,7
OVRPBL,317,ok,10.0348530812,7
OVRPBL,318,ok,9.2947129876,9
OVRPBL,319,ok,10.7729139892,8
OVRPBL,320,ok,8.4178825640,8
OVRPBL,321,ok,10.4385967287,9
OVRPBL,322,ok,10.0042411191,7
OVRPBL,323,ok,9.1237065681,7
OVRPBL,324,ok,9.3340799839,9
OVRPBL,325,ok,10.5250795661,11
OVRPBL,326,ok,9.1562121452,8
OVRPBL,327,ok,9.5615419383,8
OVRPBL,328,ok,10.3586035797,6
OVRPBL,329,ok,9.9084065153,8
OVRPBL,330,ok,9.5478546853,8
OVRPBL,331,ok,9.3003393797,11
OVRPBL,332,ok,9.3926711366,8
OVRPBL,333,ok,10.0403185221,9
OVRPBL,334,ok,9.4715608136,7
OVRPBL,335,ok,8.6802022524,7
OVRPBL,336,ok,9.5363521745,8
OVRPBL,337,ok,9.7946949948,8
OVRPBL,338,ok,9.5082208515,7
OVRPBL,339,ok,9.8091543641,8
OVRPBL,340,ok,10.8596352324,9
OVRPBL,341,ok,9.3846772063,8
OVRPBL,342,ok,11.7624193913,7
OVRPBL,343,ok,9.3457377465,8
OVRPBL,344,ok,9.4586170407,6
OVRPBL,345,ok,9.2248647304,8
OVRPBL,346,ok,9.0468666676,9
OVRPBL,347,ok,9.7869128935,10
OVRPBL,348,ok,9.3031477514,8
OVRPBL,349,ok,10.8724237015,9
OVRPBL,350,ok,9.8081728679,9
OVRPBL,351,ok,9.0180241714,6
OVRPBL,352,ok,10.0091022754,6
OVRPBL,353,ok,10.5228487191,7
OVRPBL,354,ok,10.1600113385,8
OVRPBL,355,ok,9.5184812334,7
OVRPBL,356,ok,9.1531959517,8
OVRPBL,357,ok,8.6837451937,11
OVRPBL,358,ok,9.9321187558,8
OVRPBL,359,ok,10.0174422617,8
OVRPBL,360,ok,10.2742695777,8
OVRPBL,361,ok,10.4706399975,8
OVRPBL,362,ok,9.9293892927,9
OVRPBL,363,ok,9.3465768078,7
OVRPBL,364,ok,9.6909741605,8
OVRPBL,365,ok,10.0985477918,8
OVRPBL,366,ok,9.2142671782,9
OVRPBL,367,ok,10.0184562159,8
OVRPBL,368,ok,9.1659324562,7
OVRPBL,369,ok,9.5554044761,8
OVRPBL,370,ok,9.7128119515,7
OVRPBL,371,ok,9.0700548314,10
OVRPBL,372,ok,10.3572314647,7
OVRPBL,373,ok,8.6349168093,6
OVRPBL,374,ok,9.6206053310,10
OVRPBL,375,ok,8.4988818761,8
OVRPBL,376,ok,12.1046557753,8
OVRPBL,377,ok,9.8813900037,8
OVRPBL,378,ok,10.1626940162,9
OVRPBL,379,ok,9.7088982329,8
OVRPBL,380,ok,9.5049887087,7
OVRPBL,381,ok,9.3168980244,10
OVRPBL,382,ok,9.2072787174,8
OVRPBL,383,ok,9.7048206368,9
OVRPBL,384,ok,10.4836439149,7
OVRPBL,385,ok,9.8442121067,7
OVRPBL,386,ok,9.7802556075,7
OVRPBL,387,ok,10.1675211163,9
OVRPBL,388,ok,10.8454126100,7
OVRPBL,389,ok,9.2660391451,9
OVRPBL,390,ok,9.9907661410,11
OVRPBL,391,ok,9.4344615942,7
OVRPBL,392,ok,10.7710079294,8
OVRPBL,393,ok,9.0818756574,9
OVRPBL,394,ok,9.7969499729,6
OVRPBL,395,ok,8.8370706580,9
OVRPBL,396,ok,11.0556700171,8
OVRPBL,397,ok,10.1902157236,7
OVRPBL,398,ok,10.3940331731,9
OVRPBL,399,ok,10.1600690005,6
OVRPBL,400,ok,9.1629981147,7
OVRPBL,401,ok,9.9851845197,8
OVRPBL,402,ok,9.1998766939,8
OVRPBL,403,ok,9.4967948066,7
OVRPBL,404,ok,9.5871737730,7
OVRPBL,405,ok,9.4858843319,8
OVRPBL,406,ok,9.2595951669,8
OVRPBL,407,ok,9.8655027923,9
OVRPBL,408,ok,9.4132906131,9
OVRPBL,409,ok,8.3859158392,7
OVRPBL,410,ok,9.2267315106,7
OVRPBL,411,ok,10.0883688610,7
OVRPBL,412,ok,10.5634437691,8
OVRPBL,413,ok,10.4394019753,8
OVRPBL,414,ok,9.8649298365,8
OVRPBL,415,ok,10.4433553145,7
OVRPBL,416,ok,9.6999700768,9
OVRPBL,417,ok,9.8837067933,7
OVRPBL,418,ok,9.6618050077,9
OVRPBL,419,ok,9.1777035306,10
OVRPBL,420,ok,9.1861664128,9
OVRPBL,421,ok,8.9108320610,7
OVRPBL,422,ok,9.3824871056,8
OVRPBL,423,ok,9.1439927458,10
OVRPBL,424,ok,9.3536115200,7
OVRPBL,425,ok,9.6514605341,8
OVRPBL,426,ok,9.6367713284,7
OVRPBL,427,ok,8.6727474929,10
OVRPBL,428,ok,9.9123451433,9
OVRPBL,429,ok,10.0926863185,7
OVRPBL,430,ok,8.8889721050,11
OVRPBL,431,ok,9.0428251743,8
OVRPBL,432,ok,8.6519741981,9
OVRPBL,433,ok,9.9570743500,11
OVRPBL,434,ok,12.3273749734,7
OVRPBL,435,ok,11.4797147028,8
OVRPBL,436,ok,9.9512586773,8
OVRPBL,437,ok,10.0088007731,7
OVRPBL,438,ok,10.3128925909,7
OVRPBL,439,ok,9.7831512057,10
OVRPBL,440,ok,9.4600075833,8
OVRPBL,441,ok,8.9818386159,9
OVRPBL,442,ok,9.3305342412,9
OVRPBL,443,ok,9.1502255310,9
OVRPBL,444,ok,9.4121286465,7
OVRPBL,445,ok,9.4516743510,8
OVRPBL,446,ok,10.3344130369,8
OVRPBL,447,ok,9.3240248950,10
OVRPBL,448,ok,10.1547421443,7
OVRPBL,449,ok,9.5748049666,8
OVRPBL,450,ok,10.2277332844,6
OVRPBL,451,ok,10.4238086938,10
OVRPBL,452,ok,9.6016973481,9
OVRPBL,453,ok,9.1768598458,8
OVRPBL,454,ok,9.4498592477,8
OVRPBL,455,ok,10.3973412087,8
OVRPBL,456,ok,10.1860994265,9
OVRPBL,457,ok,10.2933017479,7
OVRPBL,458,ok,9.4859881945,7
OVRPBL,459,ok,9.4439448798,8
OVRPBL,460,ok,9.4401085387,10
OVRPBL,461,ok,8.9249966945,8
OVRPBL,462,ok,9.3859896023,8
OVRPBL,463,ok,10.1615027204,8
OVRPBL,464,ok,9.8054269464,7
OVRPBL,465,ok,11.3635415617,7
OVRPBL,466,ok,10.1390423513,8
OVRPBL,467,ok,10.8608762258,8
OVRPBL,468,ok,8.4925560714,10
OVRPBL,469,ok,9.8392332083,8
OVRPBL,470,ok,9.6453535298,7
OVRPBL,471,ok,10.0159729661,8
OVRPBL,472,ok,9.3888060739,9
OVRPBL,473,ok,9.6736895424,10
OVRPBL,474,ok,8.9178661205,9
OVRPBL,475,ok,8.7269436628,9
OVRPBL,476,ok,9.5361404921,8
OVRPBL,477,ok,8.9658307447,9
OVRPBL,478,ok,10.2090902139,7
OVRPBL,479,ok,8.6735461632,8
OVRPBL,480,ok,9.1983041598,6
OVRPBL,481,ok,9.6795076686,8
OVRPBL,482,ok,10.6997265151,7
OVRPBL,483,ok,8.7049074543,8
OVRPBL,484,ok,9.1726781982,11
OVRPBL,485,ok,11.2324466399,9
OVRPBL,486,ok,9.7428745499,8
OVRPBL,487,ok,10.5640888291,9
OVRPBL,488,ok,10.8274330566,7
OVRPBL,489,ok,9.9062543408,10
OVRPBL,490,ok,9.2869062401,6
OVRPBL,491,ok,11.8527902791,7
OVRPBL,492,ok,10.4319152167,8
OVRPBL,493,ok,9.2769567115,7
OVRPBL,494,ok,9.2521674122,10
OVRPBL,495,ok,9.2265703478,7
OVRPBL,496,ok,9.3126616583,8
OVRPBL,497,ok,10.0817147008,8
OVRPBL,498,ok,10.1417215499,8
OVRPBL,499,ok,10.2879112573,8
OVRPBL,500,ok,9.6407922091,8
OVRPBL,501,ok,10.0451453272,8
OVRPBL,502,ok,10.2641922856,8
OVRPBL,503,ok,9.3687618042,10
OVRPBL,504,ok,9.3770469773,7
OVRPBL,505,ok,8.7636981191,8
OVRPBL,506,ok,9.6541954700,8
OVRPBL,507,ok,10.2539360463,7
OVRPBL,508,ok,10.8257814874,8
OVRPBL,509,ok,9.4314134622,8
OVRPBL,510,ok,8.9188056283,8
OVRPBL,511,ok,8.9758588139,8
OVRPBL,512,ok,9.6447399205,8
OVRPBL,513,ok,9.5798393260,8
OVRPBL,514,ok,10.6386176187,9
OVRPBL,515,ok,9.3491121747,8
OVRPBL,516,ok,9.2277604716,8
OVRPBL,517,ok,10.8059688614,6
OVRPBL,518,ok,9.6775309425,8
OVRPBL,519,ok,9.2327269060,9
OVRPBL,520,ok,9.7769138775,10
OVRPBL,521,ok,9.7131494909,8
OVRPBL,522,ok,9.4521643471,7
OVRPBL,523,ok,9.4707512024,10
OVRPBL,524,ok,9.3556365638,10
OVRPBL,525,ok,10.3025195929,9
OVRPBL,526,ok,9.4343819828,8
OVRPBL,527,ok,10.4941863131,8
OVRPBL,528,ok,9.6126464273,10
OVRPBL,529,ok,9.9162968326,7
OVRPBL,530,ok,9.2951419741,9
OVRPBL,531,ok,10.2554236890,8
OVRPBL,532,ok,8.9315881571,7
OVRPBL,533,ok,9.8337739620,7
OVRPBL,534,ok,9.0992697064,10
OVRPBL,535,ok,9.3489059778,7
OVRPBL,536,ok,9.3739357887,8
OVRPBL,537,ok,11.3444283391,8
OVRPBL,538,ok,11.3587030568,8
OVRPBL,539,ok,10.4338666142,9
OVRPBL,540,ok,10.2407327263,8
OVRPBL,541,ok,9.9894390118,8
OVRPBL,542,ok,10.4127506309,7
OVRPBL,543,ok,9.3785012361,8
OVRPBL,544,ok,8.4124618826,6
OVRPBL,545,ok,9.5274906439,6
OVRPBL,546,ok,10.1124574759,8
OVRPBL,547,ok,9.5110209874,8
OVRPBL,548,ok,9.0772636704,8
OVRPBL,549,ok,9.1458790026,9
OVRPBL,550,ok,9.3355621791,10
OVRPBL,551,ok,9.2290892461,8
OVRPBL,552,ok,10.2525147996,7
OVRPBL,553,ok,9.7016164450,9
OVRPBL,554,ok,9.2081899315,7
OVRPBL,555,ok,10.2305698319,7
OVRPBL,556,ok,10.4793752028,6
OVRPBL,557,ok,9.6370846093,7
OVRPBL,558,ok,9.7167784489,8
OVRPBL,559,ok,9.0657716241,8
OVRPBL,560,ok,8.4784659772,8
OVRPBL,561,ok,9.4478399122,8
OVRPBL,562,ok,9.3966843212,8
OVRPBL,563,ok,9.9140473011,8
OVRPBL,564,ok,9.0661142980,9
OVRPBL,565,ok,9.3401368631,7
OVRPBL,566,ok,9.0561120592,9
OVRPBL,567,ok,10.0614404728,7
OVRPBL,568,ok,10.0591961962,9
OVRPBL,569,ok,9.9183362281,8
OVRPBL,570,ok,9.7407326325,8
OVRPBL,571,ok,10.1280340579,9
OVRPBL,572,ok,9.4399925325,8
OVRPBL,573,ok,10.2156484423,11
OVRPBL,574,ok,10.1042619297,7
OVRPBL,575,ok,9.6275800558,8
OVRPBL,576,ok,8.1970750250,9
OVRPBL,577,ok,8.6741981588,9
OVRPBL,578,ok,10.8039783173,8
OVRPBL,579,ok,10.0542476817,8
OVRPBL,580,ok,10.0374432937,7
OVRPBL,581,ok,10.1377782149,7
OVRPBL,582,ok,10.0867131768,9
OVRPBL,583,ok,9.8648913160,7
OVRPBL,584,ok,9.1588483452,8
OVRPBL,585,ok,10.1539916956,6
OVRPBL,586,ok,9.6296658688,8
OVRPBL,587,ok,10.1214296771,8
OVRPBL,588,ok,8.3270651527,8
OVRPBL,589,ok,10.3492524430,7
OVRPBL,590,ok,9.7449556803,7
OVRPBL,591,ok,9.1787843741,11
OVRPBL,592,ok,10.6261798317,7
OVRPBL,593,ok,10.1370167324,9
OVRPBL,594,ok,9.5296520935,9
OVRPBL,595,ok,9.9918567856,10
OVRPBL,596,ok,11.0907676822,9
OVRPBL,597,ok,9.4015123368,7
OVRPBL,598,ok,8.2838215627,7
OVRPBL,599,ok,9.9575952704,7
OVRPBL,600,ok,10.6934449791,8
OVRPBL,601,ok,9.1830793596,9
OVRPBL,602,ok,9.4025848207,7
OVRPBL,603,ok,10.9521753587,10
OVRPBL,604,ok,10.1700531578,8
OVRPBL,605,ok,10.5372579359,10
OVRPBL,606,ok,10.6779042309,8
OVRPBL,607,ok,10.0545486524,9
OVRPBL,608,ok,8.8144424274,9
OVRPBL,609,ok,11.3238780811,7
OVRPBL,610,ok,8.8047704741,10
OVRPBL,611,ok,10.0319910293,8
OVRPBL,612,ok,9.3409085522,8
OVRPBL,613,ok,10.8105920995,8
OVRPBL,614,ok,9.3978999085,8
OVRPBL,615,ok,9.7854466272,7
OVRPBL,616,ok,10.2887135285,9
OVRPBL,617,ok,10.4665851690,8
OVRPBL,618,ok,8.4216681359,9
OVRPBL,619,ok,10.1408577972,9
OVRPBL,620,ok,10.7883768863,8
OVRPBL,621,ok,9.1963965557,6
OVRPBL,622,ok,10.2864769045,8
OVRPBL,623,ok,11.2344350410,9
OVRPBL,624,ok,10.9772428908,8
OVRPBL,625,ok,9.8152810820,9
OVRPBL,626,ok,9.7729707395,8
OVRPBL,627,ok,9.6011146463,9
OVRPBL,628,ok,9.1821323274,8
OVRPBL,629,ok,9.8146682345,7
OVRPBL,630,ok,9.9689844957,9
OVRPBL,631,ok,10.1617719094,7
OVRPBL,632,ok,10.5076067164,7
OVRPBL,633,ok,10.9638614051,9
OVRPBL,634,ok,9.9830510478,7
OVRPBL,635,ok,10.0044552335,7
OVRPBL,636,ok,8.8914460712,8
OVRPBL,637,ok,11.0069780936,8
OVRPBL,638,ok,9.1079224157,7
OVRPBL,639,ok,9.0178562182,9
OVRPBL,640,ok,10.5210468753,7
OVRPBL,641,ok,9.4849683864,8
OVRPBL,642,ok,9.8818929529,8
OVRPBL,643,ok,9.6984679287,6
OVRPBL,644,ok,10.0266986379,9
OVRPBL,645,ok,10.3809668685,7
OVRPBL,646,ok,9.3053205307,9
OVRPBL,647,ok,11.3395464225,7
OVRPBL,648,ok,9.9577947111,7
OVRPBL,649,ok,9.3567995927,8
OVRPBL,650,ok,8.2093739217,8
OVRPBL,651,ok,9.4404966481,8
OVRPBL,652,ok,9.1001180061,8
OVRPBL,653,ok,9.6975473217,7
OVRPBL,654,ok,9.8238927503,9
OVRPBL,655,ok,9.6990372746,8
OVRPBL,656,ok,9.7101516035,7
OVRPBL,657,ok,10.1236694799,9
OVRPBL,658,ok,9.0928288540,8
OVRPBL,659,ok,9.7671916132,9
OVRPBL,660,ok,10.0039382467,7
OVRPBL,661,ok,10.1562348477,7
OVRPBL,662,ok,11.5982831377,7
OVRPBL,663,ok,11.2908308826,10
OVRPBL,664,ok,8.9105514883,9
OVRPBL,665,ok,8.6448398461,7
OVRPBL,666,ok,10.1495992362,7
OVRPBL,667,ok,9.4191609371,7
OVRPBL,668,ok,9.8283083977,9
OVRPBL,669,ok,10.0413659113,7
OVRPBL,670,ok,9.3344393447,8
OVRPBL,671,ok,9.5081117451,8
OVRPBL,672,ok,8.9919406416,8
OVRPBL,673,ok,9.4079540199,9
OVRPBL,674,ok,8.6846779480,8
OVRPBL,675,ok,10.5011767975,7
OVRPBL,676,ok,9.9834289593,9
OVRPBL,677,ok,9.9172573045,7
OVRPBL,678,ok,10.3534116818,7
OVRPBL,679,ok,10.7369940030,7
OVRPBL,680,ok,8.6831027416,7
OVRPBL,681,ok,9.0799229397,9
OVRPBL,682,ok,11.3501525185,6
OVRPBL,683,ok,10.2936893781,6
OVRPBL,684,ok,9.0712735512,8
OVRPBL,685,ok,10.2416098597,8
OVRPBL,686,ok,8.7108970342,8
OVRPBL,687,ok,9.7609862382,7
OVRPBL,688,ok,10.1168093088,7
OVRPBL,689,ok,9.6226137194,7
OVRPBL,690,ok,9.9113028376,7
OVRPBL,691,ok,9.1584994083,7
OVRPBL,692,ok,9.2197996613,8
OVRPBL,693,ok,9.0350967719,7
OVRPBL,694,ok,9.4960796313,7
OVRPBL,695,ok,10.2527600554,8
OVRPBL,696,ok,9.6828492530,10
OVRPBL,697,ok,9.1285034215,8
OVRPBL,698,ok,10.2276496842,8
OVRPBL,699,ok,10.9778005047,9
OVRPBL,700,ok,10.3600234490,7
OVRPBL,701,ok,9.6695767299,9
OVRPBL,702,ok,9.1206153010,8
OVRPBL,703,ok,10.1930268222,8
OVRPBL,704,ok,10.3863322832,7
OVRPBL,705,ok,10.1307460974,8
OVRPBL,706,ok,9.2168414816,8
OVRPBL,707,ok,8.7336210245,7
OVRPBL,708,ok,9.3680412428,7
OVRPBL,709,ok,10.6429299295,9
OVRPBL,710,ok,10.3612324792,7
OVRPBL,711,ok,8.7769051331,8
OVRPBL,712,ok,9.6502694901,8
OVRPBL,713,ok,9.3784507778,7
OVRPBL,714,ok,10.2664448949,9
OVRPBL,715,ok,10.3776527093,9
OVRPBL,716,ok,9.5650800462,6
OVRPBL,717,ok,10.4968864920,7
OVRPBL,718,ok,8.9175866574,9
OVRPBL,719,ok,9.8038142282,7
OVRPBL,720,ok,10.8910162981,7
OVRPBL,721,ok,10.5538744137,7
OVRPBL,722,ok,9.1763098147,9
OVRPBL,723,ok,9.5091215223,7
OVRPBL,724,ok,9.6099175416,7
OVRPBL,725,ok,10.3122212114,8
OVRPBL,726,ok,9.5512298400,9
OVRPBL,727,ok,9.7707285941,8
OVRPBL,728,ok,10.1619385714,8
OVRPBL,729,ok,9.1429047881,8
OVRPBL,730,ok,10.2808139986,8
OVRPBL,731,ok,8.9503984816,7
OVRPBL,732,ok,10.4559921639,8
OVRPBL,733,ok,10.5970919181,9
OVRPBL,734,ok,9.6005240236,6
OVRPBL,735,ok,9.3487038981,7
OVRPBL,736,ok,10.8437505606,7
OVRPBL,737,ok,9.1322947654,8
OVRPBL,738,ok,10.1412277888,7
OVRPBL,739,ok,8.6451420370,8
OVRPBL,740,ok,9.3872621228,6
OVRPBL,741,ok,9.5075060762,8
OVRPBL,742,ok,10.2475677750,10
OVRPBL,743,ok,10.5433829072,9
OVRPBL,744,ok,10.4172583694,8
OVRPBL,745,ok,9.4287035938,9
OVRPBL,746,ok,10.6544609010,10
OVRPBL,747,ok,8.7096080227,10
OVRPBL,748,ok,9.8051590660,9
OVRPBL,749,ok,8.7256108782,10
OVRPBL,750,ok,9.4975104509,8
OVRPBL,751,ok,8.9288563863,7
OVRPBL,752,ok,10.4170344806,8
OVRPBL,753,ok,8.9571174052,8
OVRPBL,754,ok,10.2721369270,9
OVRPBL,755,ok,9.0138089885,11
OVRPBL,756,ok,10.0678792879,7
OVRPBL,757,ok,9.0566905581,7
OVRPBL,758,ok,8.4750371234,8
OVRPBL,759,ok,9.6231565454,10
OVRPBL,760,ok,9.0541329171,8
OVRPBL,761,ok,10.8388764786,7
OVRPBL,762,ok,10.2938556338,7
OVRPBL,763,ok,9.9332503502,9
OVRPBL,764,ok,9.4384100819,8
OVRPBL,765,ok,10.0605077734,8
OVRPBL,766,ok,9.2404640329,7
OVRPBL,767,ok,9.9237602378,8
OVRPBL,768,ok,9.4224047615,8
OVRPBL,769,ok,10.1655958800,8
OVRPBL,770,ok,9.4729902480,10
OVRPBL,771,ok,10.7315292916,9
OVRPBL,772,ok,10.3771057424,8
OVRPBL,773,ok,9.3799770225,7
OVRPBL,774,ok,9.4832072162,7
OVRPBL,775,ok,9.7735416310,9
OVRPBL,776,ok,9.4686178045,10
OVRPBL,777,ok,8.8999595582,8
OVRPBL,778,ok,10.6437494813,8
OVRPBL,779,ok,10.3167045787,9
OVRPBL,780,ok,11.6567903966,8
OVRPBL,781,ok,10.0311692907,6
OVRPBL,782,ok,9.8800799057,11
OVRPBL,783,ok,8.8669048484,9
OVRPBL,784,ok,9.2589707334,8
OVRPBL,785,ok,9.6560005917,7
OVRPBL,786,ok,10.4156413735,10
OVRPBL,787,ok,9.5903325926,8
OVRPBL,788,ok,10.8530912563,8
OVRPBL,789,ok,10.4062746436,7
OVRPBL,790,ok,8.7247681790,7
OVRPBL,791,ok,10.4391182871,8
OVRPBL,792,ok,9.9141603206,9
OVRPBL,793,ok,9.2201274620,6
OVRPBL,794,ok,10.2800547378,8
OVRPBL,795,ok,9.8025225329,7
OVRPBL,796,ok,8.9582368688,7
OVRPBL,797,ok,8.0684006818,9
OVRPBL,798,ok,9.7165679225,8
OVRPBL,799,ok,10.0689448610,7
OVRPBL,800,ok,11.0575234318,8
OVRPBL,801,ok,9.4318259114,8
OVRPBL,802,ok,11.1547805553,7
OVRPBL,803,ok,9.6532410165,8
OVRPBL,804,ok,9.5088728824,8
OVRPBL,805,ok,9.3453848991,8
OVRPBL,806,ok,9.0239602382,7
OVRPBL,807,ok,9.3849046646,8
OVRPBL,808,ok,10.0278027841,7
OVRPBL,809,ok,9.2275702223,9
OVRPBL,810,ok,9.2995543636,9
OVRPBL,811,ok,8.9383286940,9
OVRPBL,812,ok,10.1200941103,7
OVRPBL,813,ok,10.0740883649,8
OVRPBL,814,ok,9.3167379556,7
OVRPBL,815,ok,9.7394245030,8
OVRPBL,816,ok,9.8184550310,8
OVRPBL,817,ok,8.8687510492,8
OVRPBL,818,ok,10.0503796830,7
OVRPBL,819,ok,10.8426460238,7
OVRPBL,820,ok,9.1633984589,10
OVRPBL,821,ok,9.8514948564,7
OVRPBL,822,ok,9.6053518363,8
OVRPBL,823,ok,10.0765236567,9
OVRPBL,824,ok,9.9902751196,10
OVRPBL,825,ok,9.3864458914,8
OVRPBL,826,ok,9.9009398075,7
OVRPBL,827,ok,11.2970964563,8
OVRPBL,828,ok,11.1884683816,9
OVRPBL,829,ok,9.7843677428,10
OVRPBL,830,ok,9.4400392115,8
OVRPBL,831,ok,10.3962836037,7
OVRPBL,832,ok,9.9457261345,8
OVRPBL,833,ok,9.6858121227,7
OVRPBL,834,ok,9.2692934632,7
OVRPBL,835,ok,8.7686769497,8
OVRPBL,836,ok,9.3878149942,8
OVRPBL,837,ok,10.1212831314,8
OVRPBL,838,ok,9.7016600286,10
OVRPBL,839,ok,9.3027661948,8
OVRPBL,840,ok,9.1798201483,10
OVRPBL,841,ok,8.7826119719,9
OVRPBL,842,ok,9.0874493070,8
OVRPBL,843,ok,12.2463619203,8
OVRPBL,844,ok,10.3126965059,7
OVRPBL,845,ok,11.1222541854,8
OVRPBL,846,ok,8.7826504627,8
OVRPBL,847,ok,9.2560531142,8
OVRPBL,848,ok,9.7167884308,7
OVRPBL,849,ok,9.4312554063,8
OVRPBL,850,ok,9.6209201630,8
OVRPBL,851,ok,10.2819348574,10
OVRPBL,852,ok,10.6735135524,8
OVRPBL,853,ok,10.2227438967,8
OVRPBL,854,ok,9.5333323943,8
OVRPBL,855,ok,9.6676948713,8
OVRPBL,856,ok,9.7954165007,7
OVRPBL,857,ok,9.0085331861,7
OVRPBL,858,ok,9.0146097468,7
OVRPBL,859,ok,9.5730635846,8
OVRPBL,860,ok,10.2160045328,9
OVRPBL,861,ok,9.8320875171,7
OVRPBL,862,ok,10.1488880202,6
OVRPBL,863,ok,9.3639536055,10
OVRPBL,864,ok,8.8770858887,8
OVRPBL,865,ok,9.6095732935,9
OVRPBL,866,ok,10.5194830230,7
OVRPBL,867,ok,9.0391666845,8
OVRPBL,868,ok,10.7561629782,8
OVRPBL,869,ok,10.1076813569,8
OVRPBL,870,ok,10.7218438965,9
OVRPBL,871,ok,8.6957170939,8
OVRPBL,872,ok,9.0656071212,9
OVRPBL,873,ok,8.7181195549,7
OVRPBL,874,ok,9.5886856905,7
OVRPBL,875,ok,10.7381905282,8
OVRPBL,876,ok,8.4140171588,7
OVRPBL,877,ok,9.4961337907,8
OVRPBL,878,ok,8.9598840389,8
OVRPBL,879,ok,9.9178929140,7
OVRPBL,880,ok,9.2232675659,9
OVRPBL,881,ok,10.9678374299,9
OVRPBL,882,ok,9.5175410971,9
OVRPBL,883,ok,10.7772541261,7
OVRPBL,884,ok,10.2091042423,8
OVRPBL,885,ok,9.8769651934,9
OVRPBL,886,ok,9.6069979825,9
OVRPBL,887,ok,10.2595641255,7
OVRPBL,888,ok,9.0605930483,9
OVRPBL,889,ok,9.2134405008,8
OVRPBL,890,ok,10.5827511272,7
OVRPBL,891,ok,10.0184497257,8
OVRPBL,892,ok,10.1974925339,10
OVRPBL,893,ok,9.5074443437,9
OVRPBL,894,ok,9.0254726442,7
OVRPBL,895,ok,8.9639615920,8
OVRPBL,896,ok,10.2195462861,10
OVRPBL,897,ok,9.4970766644,9
OVRPBL,898,ok,9.1213714777,7
OVRPBL,899,ok,9.8318061085,8
OVRPBL,900,ok,9.5767748251,8
OVRPBL,901,ok,9.3768257403,8
OVRPBL,902,ok,9.4433954758,8
OVRPBL,903,ok,9.6928141267,10
OVRPBL,904,ok,9.2517713030,8
OVRPBL,905,ok,9.5489009654,6
OVRPBL,906,ok,9.0102399313,8
OVRPBL,907,ok,10.3667600320,7
OVRPBL,908,ok,8.5287447498,8
OVRPBL,909,ok,9.3319466284,7
OVRPBL,910,ok,9.4170322762,9
OVRPBL,911,ok,11.4561312756,8
OVRPBL,912,ok,9.8969838115,8
OVRPBL,913,ok,9.8069406391,10
OVRPBL,914,ok,9.3508817410,8
OVRPBL,915,ok,9.1578376541,8
OVRPBL,916,ok,9.8880078842,6
OVRPBL,917,ok,8.1571001346,9
OVRPBL,918,ok,8.5128818920,9
OVRPBL,919,ok,9.4558877804,8
OVRPBL,920,ok,9.9689771561,9
OVRPBL,921,ok,9.7245759584,8
OVRPBL,922,ok,9.2832265736,10
OVRPBL,923,ok,10.1942201917,8
OVRPBL,924,ok,10.1825086532,8
OVRPBL,925,ok,9.8394377419,9
OVRPBL,926,ok,8.8147191354,7
OVRPBL,927,ok,9.8813324478,8
OVRPBL,928,ok,9.5336765679,8
OVRPBL,929,ok,9.4424738972,8
OVRPBL,930,ok,10.5943288297,11
OVRPBL,931,ok,9.0639635348,7
OVRPBL,932,ok,9.2955728931,8
OVRPBL,933,ok,10.4352560689,7
OVRPBL,934,ok,10.0280083346,10
OVRPBL,935,ok,9.6327855226,7
OVRPBL,936,ok,10.3932452241,7
OVRPBL,937,ok,10.6624726350,9
OVRPBL,938,ok,11.2145136642,8
OVRPBL,939,ok,10.6147860455,8
OVRPBL,940,ok,9.0881013708,9
OVRPBL,941,ok,9.6242888012,8
OVRPBL,942,ok,9.5370509720,9
OVRPBL,943,ok,9.1562051582,8
OVRPBL,944,ok,9.1589368038,7
OVRPBL,945,ok,9.9466269103,8
OVRPBL,946,ok,9.4116890959,9
OVRPBL,947,ok,9.1102721244,8
OVRPBL,948,ok,9.1875904024,8
OVRPBL,949,ok,9.8343868108,7
OVRPBL,950,ok,9.0719119254,7
OVRPBL,951,ok,9.9809071288,8
OVRPBL,952,ok,9.7295807400,8
OVRPBL,953,ok,10.4351145954,6
OVRPBL,954,ok,10.0210042083,7
OVRPBL,955,ok,10.5676317623,8
OVRPBL,956,ok,8.6355435596,8
OVRPBL,957,ok,8.6301635836,8
OVRPBL,958,ok,10.2754867849,8
OVRPBL,959,ok,9.5171694678,7
OVRPBL,960,ok,10.9863479459,8
OVRPBL,961,ok,9.9204017998,7
OVRPBL,962,ok,9.4703670541,8
OVRPBL,963,ok,10.5022640618,7
OVRPBL,964,ok,9.2861341958,7
OVRPBL,965,ok,8.9680270606,7
OVRPBL,966,ok,9.3165512820,7
OVRPBL,967,ok,8.2262595603,9
OVRPBL,968,ok,9.7955409205,7
OVRPBL,969,ok,8.9041301389,8
OVRPBL,970,ok,10.0583618142,8
OVRPBL,971,ok,9.8942798729,9
OVRPBL,972,ok,9.6846644171,7
OVRPBL,973,ok,8.6946786207,9
OVRPBL,974,ok,10.4926764022,8
OVRPBL,975,ok,10.2352997081,9
OVRPBL,976,ok,10.0695306306,9
OVRPBL,977,ok,10.7453965112,8
OVRPBL,978,ok,10.6452602677,6
OVRPBL,979,ok,10.7929547153,8
OVRPBL,980,ok,8.9213435876,7
OVRPBL,981,ok,9.0110374582,8
OVRPBL,982,ok,9.5079200111,10
OVRPBL,983,ok,9.7666895349,9
OVRPBL,984,ok,8.5068700250,8
OVRPBL,985,ok,9.7631513628,7
OVRPBL,986,ok,10.1234105332,8
OVRPBL,987,ok,10.7478804711,7
OVRPBL,988,ok,9.7929019552,8
OVRPBL,989,ok,10.3232678733,7
OVRPBL,990,ok,9.2482155893,8
OVRPBL,991,ok,9.1155950250,7
OVRPBL,992,ok,10.1562323193,6
OVRPBL,993,ok,9.1689776992,9
OVRPBL,994,ok,9.6326190424,9
OVRPBL,995,ok,9.1263275478,9
OVRPBL,996,ok,9.9005062470,8
OVRPBL,997,ok,10.0097462444,7
OVRPBL,998,ok,10.9303211243,9
OVRPBL,999,ok,10.3744483257,7
OVRPBTW,0,no_feasible_candidate,,
OVRPBTW,1,no_feasible_candidate,,
OVRPBTW,2,no_feasible_candidate,,
OVRPBTW,3,no_feasible_candidate,,
OVRPBTW,4,no_feasible_candidate,,
OVRPBTW,5,no_feasible_candidate,,
OVRPBTW,6,no_feasible_candidate,,
OVRPBTW,7,no_feasible_candidate,,
OVRPBTW,8,no_feasible_candidate,,
OVRPBTW,9,no_feasible_candidate,,
OVRPBTW,10,no_feasible_candidate,,
OVRPBTW,11,no_feasible_candidate,,
OVRPBTW,12,no_feasible_candidate,,
OVRPBTW,13,no_feasible_candidate,,
OVRPBTW,14,no_feasible_candidate,,
OVRPBTW,15,no_feasible_candidate,,
OVRPBTW,16,no_feasible_candidate,,
OVRPBTW,17,no_feasible_candidate,,
OVRPBTW,18,no_feasible_candidate,,
OVRPBTW,19,no_feasible_candidate,,
OVRPBTW,20,no_feasible_candidate,,
OVRPBTW,21,no_feasible_candidate,,
OVRPBTW,22,no_feasible_candidate,,
OVRPBTW,23,no_feasible_candidate,,
OVRPBTW,24,no_feasible_candidate,,
OVRPBTW,25,no_feasible_candidate,,
OVRPBTW,26,no_feasible_candidate,,
OVRPBTW,27,no_feasible_candidate,,
OVRPBTW,28,no_feasible_candidate,,
OVRPBTW,29,no_feasible_candidate,,
OVRPBTW,30,no_feasible_candidate,,
OVRPBTW,31,no_feasible_candidate,,
OVRPBTW,32,no_feasible_candidate,,
OVRPBTW,33,no_feasible_candidate,,
OVRPBTW,34,no_feasible_candidate,,
OVRPBTW,35,no_feasible_candidate,,
OVRPBTW,36,no_feasible_candidate,,
OVRPBTW,37,no_feasible_candidate,,
OVRPBTW,38,no_feasible_candidate,,
OVRPBTW,39,no_feasible_candidate,,
OVRPBTW,40,no_feasible_candidate,,
OVRPBTW,41,no_feasible_candidate,,
OVRPBTW,42,no_feasible_candidate,,
OVRPBTW,43,no_feasible_candidate,,
OVRPBTW,44,no_feasible_candidate,,
OVRPBTW,45,no_feasible_candidate,,
OVRPBTW,46,no_feasible_candidate,,
OVRPBTW,47,no_feasible_candidate,,
OVRPBTW,48,no_feasible_candidate,,
OVRPBTW,49,no_feasible_candidate,,
OVRPBTW,50,no_feasible_candidate,,
OVRPBTW,51,no_feasible_candidate,,
OVRPBTW,52,no_feasible_candidate,,
OVRPBTW,53,no_feasible_candidate,,
OVRPBTW,54,no_feasible_candidate,,
OVRPBTW,55,no_feasible_candidate,,
OVRPBTW,56,no_feasible_candidate,,
OVRPBTW,57,no_feasible_candidate,,
OVRPBTW,58,no_feasible_candidate,,
OVRPBTW,59,no_feasible_candidate,,
OVRPBTW,60,no_feasible_candidate,,
OVRPBTW,61,no_feasible_candidate,,
OVRPBTW,62,no_feasible_candidate,,
OVRPBTW,63,no_feasible_candidate,,
OVRPBTW,64,no_feasible_candidate,,
OVRPBTW,65,no_feasible_candidate,,
OVRPBTW,66,no_feasible_candidate,,
OVRPBTW,67,no_feasible_candidate,,
OVRPBTW,68,no_feasible_candidate,,
OVRPBTW,69,no_feasible_candidate,,
OVRPBTW,70,no_feasible_candidate,,
OVRPBTW,71,no_feasible_candidate,,
OVRPBTW,72,no_feasible_candidate,,
OVRPBTW,73,no_feasible_candidate,,
OVRPBTW,74,no_feasible_candidate,,
OVRPBTW,75,no_feasible_candidate,,
OVRPBTW,76,no_feasible_candidate,,
OVRPBTW,77,no_feasible_candidate,,
OVRPBTW,78,no_feasible_candidate,,
OVRPBTW,79,no_feasible_candidate,,
OVRPBTW,80,no_feasible_candidate,,
OVRPBTW,81,no_feasible_candidate,,
OVRPBTW,82,no_feasible_candidate,,
OVRPBTW,83,no_feasible_candidate,,
OVRPBTW,84,no_feasible_candidate,,
OVRPBTW,85,no_feasible_candidate,,
OVRPBTW,86,no_feasible_candidate,,
OVRPBTW,87,no_feasible_candidate,,
OVRPBTW,88,no_feasible_candidate,,
OVRPBTW,89,no_feasible_candidate,,
OVRPBTW,90,no_feasible_candidate,,
OVRPBTW,91,no_feasible_candidate,,
OVRPBTW,92,no_feasible_candidate,,
OVRPBTW,93,no_feasible_candidate,,
OVRPBTW,94,no_feasible_candidate,,
OVRPBTW,95,no_feasible_candidate,,
OVRPBTW,96,no_feasible_candidate,,
OVRPBTW,97,no_feasible_candidate,,
OVRPBTW,98,no_feasible_candidate,,
OVRPBTW,99,no_feasible_candidate,,
OVRPBTW,100,no_feasible_candidate,,
OVRPBTW,101,no_feasible_candidate,,
OVRPBTW,102,no_feasible_candidate,,
OVRPBTW,103,no_feasible_candidate,,
OVRPBTW,104,no_feasible_candidate,,
OVRPBTW,105,no_feasible_candidate,,
OVRPBTW,106,no_feasible_candidate,,
OVRPBTW,107,no_feasible_candidate,,
OVRPBTW,108,no_feasible_candidate,,
OVRPBTW,109,no_feasible_candidate,,
OVRPBTW,110,no_feasible_candidate,,
OVRPBTW,111,no_feasible_candidate,,
OVRPBTW,112,no_feasible_candidate,,
OVRPBTW,113,no_feasible_candidate,,
OVRPBTW,114,no_feasible_candidate,,
OVRPBTW,115,no_feasible_candidate,,
OVRPBTW,116,no_feasible_candidate,,
OVRPBTW,117,no_feasible_candidate,,
OVRPBTW,118,no_feasible_candidate,,
OVRPBTW,119,no_feasible_candidate,,
OVRPBTW,120,no_feasible_candidate,,
OVRPBTW,121,no_feasible_candidate,,
OVRPBTW,122,no_feasible_candidate,,
OVRPBTW,123,no_feasible_candidate,,
OVRPBTW,124,no_feasible_candidate,,
OVRPBTW,125,no_feasible_candidate,,
OVRPBTW,126,no_feasible_candidate,,
OVRPBTW,127,no_feasible_candidate,,
OVRPBTW,128,no_feasible_candidate,,
OVRPBTW,129,no_feasible_candidate,,
OVRPBTW,130,no_feasible_candidate,,
OVRPBTW,131,no_feasible_candidate,,
OVRPBTW,132,no_feasible_candidate,,
OVRPBTW,133,no_feasible_candidate,,
OVRPBTW,134,no_feasible_candidate,,
OVRPBTW,135,no_feasible_candidate,,
OVRPBTW,136,no_feasible_candidate,,
OVRPBTW,137,no_feasible_candidate,,
OVRPBTW,138,no_feasible_candidate,,
OVRPBTW,139,no_feasible_candidate,,
OVRPBTW,140,no_feasible_candidate,,
OVRPBTW,141,no_feasible_candidate,,
OVRPBTW,142,no_feasible_candidate,,
OVRPBTW,143,no_feasible_candidate,,
OVRPBTW,144,no_feasible_candidate,,
OVRPBTW,145,no_feasible_candidate,,
OVRPBTW,146,no_feasible_candidate,,
OVRPBTW,147,no_feasible_candidate,,
OVRPBTW,148,no_feasible_candidate,,
OVRPBTW,149,no_feasible_candidate,,
OVRPBTW,150,no_feasible_candidate,,
OVRPBTW,151,no_feasible_candidate,,
OVRPBTW,152,no_feasible_candidate,,
OVRPBTW,153,no_feasible_candidate,,
OVRPBTW,154,no_feasible_candidate,,
OVRPBTW,155,no_feasible_candidate,,
OVRPBTW,156,no_feasible_candidate,,
OVRPBTW,157,no_feasible_candidate,,
OVRPBTW,158,no_feasible_candidate,,
OVRPBTW,159,no_feasible_candidate,,
OVRPBTW,160,no_feasible_candidate,,
OVRPBTW,161,no_feasible_candidate,,
OVRPBTW,162,no_feasible_candidate,,
OVRPBTW,163,no_feasible_candidate,,
OVRPBTW,164,no_feasible_candidate,,
OVRPBTW,165,no_feasible_candidate,,
OVRPBTW,166,no_feasible_candidate,,
OVRPBTW,167,no_feasible_candidate,,
OVRPBTW,168,no_feasible_candidate,,
OVRPBTW,169,no_feasible_candidate,,
OVRPBTW,170,no_feasible_candidate,,
OVRPBTW,171,no_feasible_candidate,,
OVRPBTW,172,no_feasible_candidate,,
OVRPBTW,173,no_feasible_candidate,,
OVRPBTW,174,no_feasible_candidate,,
OVRPBTW,175,no_feasible_candidate,,
OVRPBTW,176,no_feasible_candidate,,
OVRPBTW,177,no_feasible_candidate,,
OVRPBTW,178,no_feasible_candidate,,
OVRPBTW,179,no_feasible_candidate,,
OVRPBTW,180,no_feasible_candidate,,
OVRPBTW,181,no_feasible_candidate,,
OVRPBTW,182,no_feasible_candidate,,
OVRPBTW,183,no_feasible_candidate,,
OVRPBTW,184,no_feasible_candidate,,
OVRPBTW,185,no_feasible_candidate,,
OVRPBTW,186,no_feasible_candidate,,
OVRPBTW,187,no_feasible_candidate,,
OVRPBTW,188,no_feasible_candidate,,
OVRPBTW,189,no_feasible_candidate,,
OVRPBTW,190,no_feasible_candidate,,
OVRPBTW,191,no_feasible_candidate,,
OVRPBTW,192,no_feasible_candidate,,
OVRPBTW,193,no_feasible_candidate,,
OVRPBTW,194,no_feasible_candidate,,
OVRPBTW,195,no_feasible_candidate,,
OVRPBTW,196,no_feasible_candidate,,
OVRPBTW,197,no_feasible_candidate,,
OVRPBTW,198,no_feasible_candidate,,
OVRPBTW,199,no_feasible_candidate,,
OVRPBTW,200,no_feasible_candidate,,
OVRPBTW,201,no_feasible_candidate,,
OVRPBTW,202,no_feasible_candidate,,
OVRPBTW,203,no_feasible_candidate,,
OVRPBTW,204,no_feasible_candidate,,
OVRPBTW,205,no_feasible_candidate,,
OVRPBTW,206,no_feasible_candidate,,
OVRPBTW,207,no_feasible_candidate,,
OVRPBTW,208,no_feasible_candidate,,
OVRPBTW,209,no_feasible_candidate,,
OVRPBTW,210,no_feasible_candidate,,
OVRPBTW,211,no_feasible_candidate,,
OVRPBTW,212,no_feasible_candidate,,
OVRPBTW,213,no_feasible_candidate,,
OVRPBTW,214,no_feasible_candidate,,
OVRPBTW,215,no_feasible_candidate,,
OVRPBTW,216,no_feasible_candidate,,
OVRPBTW,217,no_feasible_candidate,,
OVRPBTW,218,no_feasible_candidate,,
OVRPBTW,219,no_feasible_candidate,,
OVRPBTW,220,no_feasible_candidate,,
OVRPBTW,221,no_feasible_candidate,,
OVRPBTW,222,no_feasible_candidate,,
OVRPBTW,223,no_feasible_candidate,,
OVRPBTW,224,no_feasible_candidate,,
OVRPBTW,225,no_feasible_candidate,,
OVRPBTW,226,no_feasible_candidate,,
OVRPBTW,227,no_feasible_candidate,,
OVRPBTW,228,no_feasible_candidate,,
OVRPBTW,229,no_feasible_candidate,,
OVRPBTW,230,no_feasible_candidate,,
OVRPBTW,231,no_feasible_candidate,,
OVRPBTW,232,no_feasible_candidate,,
OVRPBTW,233,no_feasible_candidate,,
OVRPBTW,234,no_feasible_candidate,,
OVRPBTW,235,no_feasible_candidate,,
OVRPBTW,236,no_feasible_candidate,,
OVRPBTW,237,no_feasible_candidate,,
OVRPBTW,238,ok,21.5514198457,34
OVRPBTW,239,no_feasible_candidate,,
OVRPBTW,240,no_feasible_candidate,,
OVRPBTW,241,no_feasible_candidate,,
OVRPBTW,242,no_feasible_candidate,,
OVRPBTW,243,no_feasible_candidate,,
OVRPBTW,244,no_feasible_candidate,,
OVRPBTW,245,no_feasible_candidate,,
OVRPBTW,246,ok,23.2888736057,28
OVRPBTW,247,no_feasible_candidate,,
OVRPBTW,248,no_feasible_candidate,,
OVRPBTW,249,no_feasible_candidate,,
OVRPBTW,250,no_feasible_candidate,,
OVRPBTW,251,no_feasible_candidate,,
OVRPBTW,252,no_feasible_candidate,,
OVRPBTW,253,no_feasible_candidate,,
OVRPBTW,254,no_feasible_candidate,,
OVRPBTW,255,no_feasible_candidate,,
OVRPBTW,256,no_feasible_candidate,,
OVRPBTW,257,no_feasible_candidate,,
OVRPBTW,258,no_feasible_candidate,,
OVRPBTW,259,no_feasible_candidate,,
OVRPBTW,260,no_feasible_candidate,,
OVRPBTW,261,no_feasible_candidate,,
OVRPBTW,262,no_feasible_candidate,,
OVRPBTW,263,no_feasible_candidate,,
OVRPBTW,264,no_feasible_candidate,,
OVRPBTW,265,no_feasible_candidate,,
OVRPBTW,266,no_feasible_candidate,,
OVRPBTW,267,no_feasible_candidate,,
OVRPBTW,268,no_feasible_candidate,,
OVRPBTW,269,no_feasible_candidate,,
OVRPBTW,270,no_feasible_candidate,,
OVRPBTW,271,no_feasible_candidate,,
OVRPBTW,272,no_feasible_candidate,,
OVRPBTW,273,no_feasible_candidate,,
OVRPBTW,274,no_feasible_candidate,,
OVRPBTW,275,no_feasible_candidate,,
OVRPBTW,276,no_feasible_candidate,,
OVRPBTW,277,no_feasible_candidate,,
OVRPBTW,278,no_feasible_candidate,,
OVRPBTW,279,no_feasible_candidate,,
OVRPBTW,280,no_feasible_candidate,,
OVRPBTW,281,no_feasible_candidate,,
OVRPBTW,282,no_feasible_candidate,,
OVRPBTW,283,no_feasible_candidate,,
OVRPBTW,284,no_feasible_candidate,,
OVRPBTW,285,no_feasible_candidate,,
OVRPBTW,286,no_feasible_candidate,,
OVRPBTW,287,no_feasible_candidate,,
OVRPBTW,288,no_feasible_candidate,,
OVRPBTW,289,no_feasible_candidate,,
OVRPBTW,290,no_feasible_candidate,,
OVRPBTW,291,no_feasible_candidate,,
OVRPBTW,292,no_feasible_candidate,,
OVRPBTW,293,no_feasible_candidate,,
OVRPBTW,294,no_feasible_candidate,,
OVRPBTW,295,no_feasible_candidate,,
OVRPBTW,296,no_feasible_candidate,,
OVRPBTW,297,no_feasible_candidate,,
OVRPBTW,298,no_feasible_candidate,,
OVRPBTW,299,no_feasible_candidate,,
OVRPBTW,300,no_feasible_candidate,,
OVRPBTW,301,no_feasible_candidate,,
OVRPBTW,302,no_feasible_candidate,,
OVRPBTW,303,no_feasible_candidate,,
OVRPBTW,304,no_feasible_candidate,,
OVRPBTW,305,no_feasible_candidate,,
OVRPBTW,306,no_feasible_candidate,,
OVRPBTW,307,no_feasible_candidate,,
OVRPBTW,308,no_feasible_candidate,,
OVRPBTW,309,no_feasible_candidate,,
OVRPBTW,310,no_feasible_candidate,,
OVRPBTW,311,no_feasible_candidate,,
OVRPBTW,312,no_feasible_candidate,,
OVRPBTW,313,no_feasible_candidate,,
OVRPBTW,314,no_feasible_candidate,,
OVRPBTW,315,no_feasible_candidate,,
OVRPBTW,316,no_feasible_candidate,,
OVRPBTW,317,no_feasible_candidate,,
OVRPBTW,318,no_feasible_candidate,,
OVRPBTW,319,no_feasible_candidate,,
OVRPBTW,320,no_feasible_candidate,,
OVRPBTW,321,no_feasible_candidate,,
OVRPBTW,322,no_feasible_candidate,,
OVRPBTW,323,no_feasible_candidate,,
OVRPBTW,324,no_feasible_candidate,,
OVRPBTW,325,no_feasible_candidate,,
OVRPBTW,326,no_feasible_candidate,,
OVRPBTW,327,no_feasible_candidate,,
OVRPBTW,328,no_feasible_candidate,,
OVRPBTW,329,no_feasible_candidate,,
OVRPBTW,330,no_feasible_candidate,,
OVRPBTW,331,no_feasible_candidate,,
OVRPBTW,332,no_feasible_candidate,,
OVRPBTW,333,no_feasible_candidate,,
OVRPBTW,334,no_feasible_candidate,,
OVRPBTW,335,no_feasible_candidate,,
OVRPBTW,336,no_feasible_candidate,,
OVRPBTW,337,no_feasible_candidate,,
OVRPBTW,338,no_feasible_candidate,,
OVRPBTW,339,no_feasible_candidate,,
OVRPBTW,340,no_feasible_candidate,,
OVRPBTW,341,no_feasible_candidate,,
OVRPBTW,342,no_feasible_candidate,,
OVRPBTW,343,no_feasible_candidate,,
OVRPBTW,344,no_feasible_candidate,,
OVRPBTW,345,no_feasible_candidate,,
OVRPBTW,346,no_feasible_candidate,,
OVRPBTW,347,no_feasible_candidate,,
OVRPBTW,348,no_feasible_candidate,,
OVRPBTW,349,no_feasible_candidate,,
OVRPBTW,350,no_feasible_candidate,,
OVRPBTW,351,no_feasible_candidate,,
OVRPBTW,352,no_feasible_candidate,,
OVRPBTW,353,no_feasible_candidate,,
OVRPBTW,354,no_feasible_candidate,,
OVRPBTW,355,no_feasible_candidate,,
OVRPBTW,356,no_feasible_candidate,,
OVRPBTW,357,no_feasible_candidate,,
OVRPBTW,358,no_feasible_candidate,,
OVRPBTW,359,no_feasible_candidate,,
OVRPBTW,360,no_feasible_candidate,,
OVRPBTW,361,no_feasible_candidate,,
OVRPBTW,362,no_feasible_candidate,,
OVRPBTW,363,no_feasible_candidate,,
OVRPBTW,364,no_feasible_candidate,,
OVRPBTW,365,no_feasible_candidate,,
OVRPBTW,366,no_feasible_candidate,,
OVRPBTW,367,no_feasible_candidate,,
OVRPBTW,368,no_feasible_candidate,,
OVRPBTW,369,no_feasible_candidate,,
OVRPBTW,370,no_feasible_candidate,,
OVRPBTW,371,no_feasible_candidate,,
OVRPBTW,372,no_feasible_candidate,,
OVRPBTW,373,no_feasible_candidate,,
OVRPBTW,374,no_feasible_candidate,,
OVRPBTW,375,no_feasible_candidate,,
OVRPBTW,376,no_feasible_candidate,,
OVRPBTW,377,no_feasible_candidate,,
OVRPBTW,378,no_feasible_candidate,,
OVRPBTW,379,no_feasible_candidate,,
OVRPBTW,380,no_feasible_candidate,,
OVRPBTW,381,no_feasible_candidate,,
OVRPBTW,382,no_feasible_candidate,,
OVRPBTW,383,no_feasible_candidate,,
OVRPBTW,384,no_feasible_candidate,,
OVRPBTW,385,no_feasible_candidate,,
OVRPBTW,386,no_feasible_candidate,,
OVRPBTW,387,no_feasible_candidate,,
OVRPBTW,388,no_feasible_candidate,,
OVRPBTW,389,no_feasible_candidate,,
OVRPBTW,390,no_feasible_candidate,,
OVRPBTW,391,no_feasible_candidate,,
OVRPBTW,392,no_feasible_candidate,,
OVRPBTW,393,no_feasible_candidate,,
OVRPBTW,394,no_feasible_candidate,,
OVRPBTW,395,no_feasible_candidate,,
OVRPBTW,396,no_feasible_candidate,,
OVRPBTW,397,no_feasible_candidate,,
OVRPBTW,398,no_feasible_candidate,,
OVRPBTW,399,no_feasible_candidate,,
OVRPBTW,400,no_feasible_candidate,,
OVRPBTW,401,no_feasible_candidate,,
OVRPBTW,402,no_feasible_candidate,,
OVRPBTW,403,no_feasible_candidate,,
OVRPBTW,404,no_feasible_candidate,,
OVRPBTW,405,no_feasible_candidate,,
OVRPBTW,406,no_feasible_candidate,,
OVRPBTW,407,no_feasible_candidate,,
OVRPBTW,408,no_feasible_candidate,,
OVRPBTW,409,no_feasible_candidate,,
OVRPBTW,410,no_feasible_candidate,,
OVRPBTW,411,no_feasible_candidate,,
OVRPBTW,412,no_feasible_candidate,,
OVRPBTW,413,no_feasible_candidate,,
OVRPBTW,414,no_feasible_candidate,,
OVRPBTW,415,no_feasible_candidate,,
OVRPBTW,416,no_feasible_candidate,,
OVRPBTW,417,no_feasible_candidate,,
OVRPBTW,418,no_feasible_candidate,,
OVRPBTW,419,no_feasible_candidate,,
OVRPBTW,420,no_feasible_candidate,,
OVRPBTW,421,ok,18.9558526064,30
OVRPBTW,422,no_feasible_candidate,,
OVRPBTW,423,no_feasible_candidate,,
OVRPBTW,424,no_feasible_candidate,,
OVRPBTW,425,no_feasible_candidate,,
OVRPBTW,426,no_feasible_candidate,,
OVRPBTW,427,no_feasible_candidate,,
OVRPBTW,428,no_feasible_candidate,,
OVRPBTW,429,no_feasible_candidate,,
OVRPBTW,430,no_feasible_candidate,,
OVRPBTW,431,no_feasible_candidate,,
OVRPBTW,432,no_feasible_candidate,,
OVRPBTW,433,no_feasible_candidate,,
OVRPBTW,434,no_feasible_candidate,,
OVRPBTW,435,no_feasible_candidate,,
OVRPBTW,436,no_feasible_candidate,,
OVRPBTW,437,no_feasible_candidate,,
OVRPBTW,438,no_feasible_candidate,,
OVRPBTW,439,no_feasible_candidate,,
OVRPBTW,440,no_feasible_candidate,,
OVRPBTW,441,no_feasible_candidate,,
OVRPBTW,442,no_feasible_candidate,,
OVRPBTW,443,ok,18.8713056422,27
OVRPBTW,444,no_feasible_candidate,,
OVRPBTW,445,no_feasible_candidate,,
OVRPBTW,446,no_feasible_candidate,,
OVRPBTW,447,no_feasible_candidate,,
OVRPBTW,448,no_feasible_candidate,,
OVRPBTW,449,no_feasible_candidate,,
OVRPBTW,450,no_feasible_candidate,,
OVRPBTW,451,no_feasible_candidate,,
OVRPBTW,452,no_feasible_candidate,,
OVRPBTW,453,no_feasible_candidate,,
OVRPBTW,454,no_feasible_candidate,,
OVRPBTW,455,no_feasible_candidate,,
OVRPBTW,456,no_feasible_candidate,,
OVRPBTW,457,no_feasible_candidate,,
OVRPBTW,458,no_feasible_candidate,,
OVRPBTW,459,no_feasible_candidate,,
OVRPBTW,460,no_feasible_candidate,,
OVRPBTW,461,no_feasible_candidate,,
OVRPBTW,462,no_feasible_candidate,,
OVRPBTW,463,no_feasible_candidate,,
OVRPBTW,464,no_feasible_candidate,,
OVRPBTW,465,no_feasible_candidate,,
OVRPBTW,466,no_feasible_candidate,,
OVRPBTW,467,no_feasible_candidate,,
OVRPBTW,468,no_feasible_candidate,,
OVRPBTW,469,no_feasible_candidate,,
OVRPBTW,470,no_feasible_candidate,,
OVRPBTW,471,no_feasible_candidate,,
OVRPBTW,472,no_feasible_candidate,,
OVRPBTW,473,no_feasible_candidate,,
OVRPBTW,474,no_feasible_candidate,,
OVRPBTW,475,no_feasible_candidate,,
OVRPBTW,476,no_feasible_candidate,,
OVRPBTW,477,no_feasible_candidate,,
OVRPBTW,478,no_feasible_candidate,,
OVRPBTW,479,no_feasible_candidate,,
OVRPBTW,480,no_feasible_candidate,,
OVRPBTW,481,no_feasible_candidate,,
OVRPBTW,482,no_feasible_candidate,,
OVRPBTW,483,no_feasible_candidate,,
OVRPBTW,484,no_feasible_candidate,,
OVRPBTW,485,no_feasible_candidate,,
OVRPBTW,486,no_feasible_candidate,,
OVRPBTW,487,no_feasible_candidate,,
OVRPBTW,488,no_feasible_candidate,,
OVRPBTW,489,no_feasible_candidate,,
OVRPBTW,490,no_feasible_candidate,,
OVRPBTW,491,no_feasible_candidate,,
OVRPBTW,492,no_feasible_candidate,,
OVRPBTW,493,no_feasible_candidate,,
OVRPBTW,494,no_feasible_candidate,,
OVRPBTW,495,no_feasible_candidate,,
OVRPBTW,496,no_feasible_candidate,,
OVRPBTW,497,no_feasible_candidate,,
OVRPBTW,498,no_feasible_candidate,,
OVRPBTW,499,no_feasible_candidate,,
OVRPBTW,500,no_feasible_candidate,,
OVRPBTW,501,no_feasible_candidate,,
OVRPBTW,502,no_feasible_candidate,,
OVRPBTW,503,no_feasible_candidate,,
OVRPBTW,504,no_feasible_candidate,,
OVRPBTW,505,no_feasible_candidate,,
OVRPBTW,506,no_feasible_candidate,,
OVRPBTW,507,no_feasible_candidate,,
OVRPBTW,508,no_feasible_candidate,,
OVRPBTW,509,no_feasible_candidate,,
OVRPBTW,510,no_feasible_candidate,,
OVRPBTW,511,no_feasible_candidate,,
OVRPBTW,512,no_feasible_candidate,,
OVRPBTW,513,no_feasible_candidate,,
OVRPBTW,514,no_feasible_candidate,,
OVRPBTW,515,no_feasible_candidate,,
OVRPBTW,516,no_feasible_candidate,,
OVRPBTW,517,no_feasible_candidate,,
OVRPBTW,518,no_feasible_candidate,,
OVRPBTW,519,no_feasible_candidate,,
OVRPBTW,520,no_feasible_candidate,,
OVRPBTW,521,no_feasible_candidate,,
OVRPBTW,522,no_feasible_candidate,,
OVRPBTW,523,no_feasible_candidate,,
OVRPBTW,524,no_feasible_candidate,,
OVRPBTW,525,no_feasible_candidate,,
OVRPBTW,526,no_feasible_candidate,,
OVRPBTW,527,no_feasible_candidate,,
OVRPBTW,528,no_feasible_candidate,,
OVRPBTW,529,no_feasible_candidate,,
OVRPBTW,530,no_feasible_candidate,,
OVRPBTW,531,no_feasible_candidate,,
OVRPBTW,532,no_feasible_candidate,,
OVRPBTW,533,no_feasible_candidate,,
OVRPBTW,534,no_feasible_candidate,,
OVRPBTW,535,no_feasible_candidate,,
OVRPBTW,536,no_feasible_candidate,,
OVRPBTW,537,no_feasible_candidate,,
OVRPBTW,538,no_feasible_candidate,,
OVRPBTW,539,no_feasible_candidate,,
OVRPBTW,540,no_feasible_candidate,,
OVRPBTW,541,no_feasible_candidate,,
OVRPBTW,542,no_feasible_candidate,,
OVRPBTW,543,no_feasible_candidate,,
OVRPBTW,544,ok,28.5038977656,37
OVRPBTW,545,no_feasible_candidate,,
OVRPBTW,546,no_feasible_candidate,,
OVRPBTW,547,no_feasible_candidate,,
OVRPBTW,548,no_feasible_candidate,,
OVRPBTW,549,no_feasible_candidate,,
OVRPBTW,550,no_feasible_candidate,,
OVRPBTW,551,no_feasible_candidate,,
OVRPBTW,552,no_feasible_candidate,,
OVRPBTW,553,no_feasible_candidate,,
OVRPBTW,554,no_feasible_candidate,,
OVRPBTW,555,no_feasible_candidate,,
OVRPBTW,556,no_feasible_candidate,,
OVRPBTW,557,no_feasible_candidate,,
OVRPBTW,558,no_feasible_candidate,,
OVRPBTW,559,no_feasible_candidate,,
OVRPBTW,560,no_feasible_candidate,,
OVRPBTW,561,no_feasible_candidate,,
OVRPBTW,562,no_feasible_candidate,,
OVRPBTW,563,no_feasible_candidate,,
OVRPBTW,564,no_feasible_candidate,,
OVRPBTW,565,no_feasible_candidate,,
OVRPBTW,566,no_feasible_candidate,,
OVRPBTW,567,no_feasible_candidate,,
OVRPBTW,568,no_feasible_candidate,,
OVRPBTW,569,no_feasible_candidate,,
OVRPBTW,570,no_feasible_candidate,,
OVRPBTW,571,no_feasible_candidate,,
OVRPBTW,572,no_feasible_candidate,,
OVRPBTW,573,no_feasible_candidate,,
OVRPBTW,574,no_feasible_candidate,,
OVRPBTW,575,no_feasible_candidate,,
OVRPBTW,576,no_feasible_candidate,,
OVRPBTW,577,no_feasible_candidate,,
OVRPBTW,578,no_feasible_candidate,,
OVRPBTW,579,no_feasible_candidate,,
OVRPBTW,580,no_feasible_candidate,,
OVRPBTW,581,no_feasible_candidate,,
OVRPBTW,582,no_feasible_candidate,,
OVRPBTW,583,no_feasible_candidate,,
OVRPBTW,584,no_feasible_candidate,,
OVRPBTW,585,no_feasible_candidate,,
OVRPBTW,586,no_feasible_candidate,,
OVRPBTW,587,no_feasible_candidate,,
OVRPBTW,588,no_feasible_candidate,,
OVRPBTW,589,no_feasible_candidate,,
OVRPBTW,590,no_feasible_candidate,,
OVRPBTW,591,no_feasible_candidate,,
OVRPBTW,592,no_feasible_candidate,,
OVRPBTW,593,no_feasible_candidate,,
OVRPBTW,594,no_feasible_candidate,,
OVRPBTW,595,no_feasible_candidate,,
OVRPBTW,596,no_feasible_candidate,,
OVRPBTW,597,no_feasible_candidate,,
OVRPBTW,598,no_feasible_candidate,,
OVRPBTW,599,no_feasible_candidate,,
OVRPBTW,600,no_feasible_candidate,,
OVRPBTW,601,no_feasible_candidate,,
OVRPBTW,602,no_feasible_candidate,,
OVRPBTW,603,no_feasible_candidate,,
OVRPBTW,604,no_feasible_candidate,,
OVRPBTW,605,no_feasible_candidate,,
OVRPBTW,606,no_feasible_candidate,,
OVRPBTW,607,no_feasible_candidate,,
OVRPBTW,608,no_feasible_candidate,,
OVRPBTW,609,no_feasible_candidate,,
OVRPBTW,610,no_feasible_candidate,,
OVRPBTW,611,no_feasible_candidate,,
OVRPBTW,612,no_feasible_candidate,,
OVRPBTW,613,no_feasible_candidate,,
OVRPBTW,614,no_feasible_candidate,,
OVRPBTW,615,no_feasible_candidate,,
OVRPBTW,616,no_feasible_candidate,,
OVRPBTW,617,no_feasible_candidate,,
OVRPBTW,618,no_feasible_candidate,,
OVRPBTW,619,no_feasible_candidate,,
OVRPBTW,620,no_feasible_candidate,,
OVRPBTW,621,no_feasible_candidate,,
OVRPBTW,622,no_feasible_candidate,,
OVRPBTW,623,no_feasible_candidate,,
OVRPBTW,624,no_feasible_candidate,,
OVRPBTW,625,no_feasible_candidate,,
OVRPBTW,626,no_feasible_candidate,,
OVRPBTW,627,no_feasible_candidate,,
OVRPBTW,628,no_feasible_candidate,,
OVRPBTW,629,no_feasible_candidate,,
OVRPBTW,630,no_feasible_candidate,,
OVRPBTW,631,no_feasible_candidate,,
OVRPBTW,632,no_feasible_candidate,,
OVRPBTW,633,no_feasible_candidate,,
OVRPBTW,634,no_feasible_candidate,,
OVRPBTW,635,no_feasible_candidate,,
OVRPBTW,636,no_feasible_candidate,,
OVRPBTW,637,no_feasible_candidate,,
OVRPBTW,638,no_feasible_candidate,,
OVRPBTW,639,no_feasible_candidate,,
OVRPBTW,640,no_feasible_candidate,,
OVRPBTW,641,no_feasible_candidate,,
OVRPBTW,642,no_feasible_candidate,,
OVRPBTW,643,no_feasible_candidate,,
OVRPBTW,644,ok,25.0656538220,34
OVRPBTW,645,no_feasible_candidate,,
OVRPBTW,646,no_feasible_candidate,,
OVRPBTW,647,no_feasible_candidate,,
OVRPBTW,648,no_feasible_candidate,,
OVRPBTW,649,no_feasible_candidate,,
OVRPBTW,650,no_feasible_candidate,,
OVRPBTW,651,no_feasible_candidate,,
OVRPBTW,652,no_feasible_candidate,,
OVRPBTW,653,no_feasible_candidate,,
OVRPBTW,654,no_feasible_candidate,,
OVRPBTW,655,no_feasible_candidate,,
OVRPBTW,656,no_feasible_candidate,,
OVRPBTW,657,no_feasible_candidate,,
OVRPBTW,658,no_feasible_candidate,,
OVRPBTW,659,no_feasible_candidate,,
OVRPBTW,660,no_feasible_candidate,,
OVRPBTW,661,no_feasible_candidate,,
OVRPBTW,662,no_feasible_candidate,,
OVRPBTW,663,no_feasible_candidate,,
OVRPBTW,664,no_feasible_candidate,,
OVRPBTW,665,no_feasible_candidate,,
OVRPBTW,666,no_feasible_candidate,,
OVRPBTW,667,no_feasible_candidate,,
OVRPBTW,668,no_feasible_candidate,,
OVRPBTW,669,no_feasible_candidate,,
OVRPBTW,670,no_feasible_candidate,,
OVRPBTW,671,no_feasible_candidate,,
OVRPBTW,672,no_feasible_candidate,,
OVRPBTW,673,no_feasible_candidate,,
OVRPBTW,674,no_feasible_candidate,,
OVRPBTW,675,no_feasible_candidate,,
OVRPBTW,676,no_feasible_candidate,,
OVRPBTW,677,no_feasible_candidate,,
OVRPBTW,678,no_feasible_candidate,,
OVRPBTW,679,no_feasible_candidate,,
OVRPBTW,680,no_feasible_candidate,,
OVRPBTW,681,no_feasible_candidate,,
OVRPBTW,682,no_feasible_candidate,,
OVRPBTW,683,no_feasible_candidate,,
OVRPBTW,684,no_feasible_candidate,,
OVRPBTW,685,no_feasible_candidate,,
OVRPBTW,686,no_feasible_candidate,,
OVRPBTW,687,no_feasible_candidate,,
OVRPBTW,688,no_feasible_candidate,,
OVRPBTW,689,no_feasible_candidate,,
OVRPBTW,690,no_feasible_candidate,,
OVRPBTW,691,no_feasible_candidate,,
OVRPBTW,692,no_feasible_candidate,,
OVRPBTW,693,no_feasible_candidate,,
OVRPBTW,694,no_feasible_candidate,,
OVRPBTW,695,no_feasible_candidate,,
OVRPBTW,696,no_feasible_candidate,,
OVRPBTW,697,no_feasible_candidate,,
OVRPBTW,698,no_feasible_candidate,,
OVRPBTW,699,no_feasible_candidate,,
OVRPBTW,700,no_feasible_candidate,,
OVRPBTW,701,no_feasible_candidate,,
OVRPBTW,702,no_feasible_candidate,,
OVRPBTW,703,no_feasible_candidate,,
OVRPBTW,704,no_feasible_candidate,,
OVRPBTW,705,no_feasible_candidate,,
OVRPBTW,706,no_feasible_candidate,,
OVRPBTW,707,no_feasible_candidate,,
OVRPBTW,708,no_feasible_candidate,,
OVRPBTW,709,no_feasible_candidate,,
OVRPBTW,710,no_feasible_candidate,,
OVRPBTW,711,no_feasible_candidate,,
OVRPBTW,712,no_feasible_candidate,,
OVRPBTW,713,no_feasible_candidate,,
OVRPBTW,714,no_feasible_candidate,,
OVRPBTW,715,no_feasible_candidate,,
OVRPBTW,716,no_feasible_candidate,,
OVRPBTW,717,no_feasible_candidate,,
OVRPBTW,718,no_feasible_candidate,,
OVRPBTW,719,no_feasible_candidate,,
OVRPBTW,720,no_feasible_candidate,,
OVRPBTW,721,no_feasible_candidate,,
OVRPBTW,722,no_feasible_candidate,,
OVRPBTW,723,no_feasible_candidate,,
OVRPBTW,724,no_feasible_candidate,,
OVRPBTW,725,no_feasible_candidate,,
OVRPBTW,726,no_feasible_candidate,,
OVRPBTW,727,no_feasible_candidate,,
OVRPBTW,728,no_feasible_candidate,,
OVRPBTW,729,no_feasible_candidate,,
OVRPBTW,730,no_feasible_candidate,,
OVRPBTW,731,no_feasible_candidate,,
OVRPBTW,732,no_feasible_candidate,,
OVRPBTW,733,no_feasible_candidate,,
OVRPBTW,734,no_feasible_candidate,,
OVRPBTW,735,no_feasible_candidate,,
OVRPBTW,736,no_feasible_candidate,,
OVRPBTW,737,no_feasible_candidate,,
OVRPBTW,738,no_feasible_candidate,,
OVRPBTW,739,no_feasible_candidate,,
OVRPBTW,740,no_feasible_candidate,,
OVRPBTW,741,no_feasible_candidate,,
OVRPBTW,742,no_feasible_candidate,,
OVRPBTW,743,no_feasible_candidate,,
OVRPBTW,744,no_feasible_candidate,,
OVRPBTW,745,no_feasible_candidate,,
OVRPBTW,746,no_feasible_candidate,,
OVRPBTW,747,no_feasible_candidate,,
OVRPBTW,748,no_feasible_candidate,,
OVRPBTW,749,no_feasible_candidate,,
OVRPBTW,750,no_feasible_candidate,,
OVRPBTW,751,no_feasible_candidate,,
OVRPBTW,752,no_feasible_candidate,,
OVRPBTW,753,no_feasible_candidate,,
OVRPBTW,754,no_feasible_candidate,,
OVRPBTW,755,no_feasible_candidate,,
OVRPBTW,756,no_feasible_candidate,,
OVRPBTW,757,no_feasible_candidate,,
OVRPBTW,758,no_feasible_candidate,,
OVRPBTW,759,no_feasible_candidate,,
OVRPBTW,760,no_feasible_candidate,,
OVRPBTW,761,no_feasible_candidate,,
OVRPBTW,762,no_feasible_candidate,,
OVRPBTW,763,no_feasible_candidate,,
OVRPBTW,764,no_feasible_candidate,,
OVRPBTW,765,no_feasible_candidate,,
OVRPBTW,766,no_feasible_candidate,,
OVRPBTW,767,no_feasible_candidate,,
OVRPBTW,768,no_feasible_candidate,,
OVRPBTW,769,no_feasible_candidate,,
OVRPBTW,770,no_feasible_candidate,,
OVRPBTW,771,no_feasible_candidate,,
OVRPBTW,772,no_feasible_candidate,,
OVRPBTW,773,no_feasible_candidate,,
OVRPBTW,774,no_feasible_candidate,,
OVRPBTW,775,no_feasible_candidate,,
OVRPBTW,776,no_feasible_candidate,,
OVRPBTW,777,no_feasible_candidate,,
OVRPBTW,778,no_feasible_candidate,,
OVRPBTW,779,no_feasible_candidate,,
OVRPBTW,780,no_feasible_candidate,,
OVRPBTW,781,no_feasible_candidate,,
OVRPBTW,782,no_feasible_candidate,,
OVRPBTW,783,no_feasible_candidate,,
OVRPBTW,784,no_feasible_candidate,,
OVRPBTW,785,no_feasible_candidate,,
OVRPBTW,786,no_feasible_candidate,,
OVRPBTW,787,no_feasible_candidate,,
OVRPBTW,788,no_feasible_candidate,,
OVRPBTW,789,no_feasible_candidate,,
OVRPBTW,790,no_feasible_candidate,,
OVRPBTW,791,no_feasible_candidate,,
OVRPBTW,792,no_feasible_candidate,,
OVRPBTW,793,no_feasible_candidate,,
OVRPBTW,794,no_feasible_candidate,,
OVRPBTW,795,no_feasible_candidate,,
OVRPBTW,796,no_feasible_candidate,,
OVRPBTW,797,no_feasible_candidate,,
OVRPBTW,798,no_feasible_candidate,,
OVRPBTW,799,no_feasible_candidate,,
OVRPBTW,800,no_feasible_candidate,,
OVRPBTW,801,no_feasible_candidate,,
OVRPBTW,802,no_feasible_candidate,,
OVRPBTW,803,no_feasible_candidate,,
OVRPBTW,804,no_feasible_candidate,,
OVRPBTW,805,no_feasible_candidate,,
OVRPBTW,806,no_feasible_candidate,,
OVRPBTW,807,no_feasible_candidate,,
OVRPBTW,808,no_feasible_candidate,,
OVRPBTW,809,no_feasible_candidate,,
OVRPBTW,810,no_feasible_candidate,,
OVRPBTW,811,no_feasible_candidate,,
OVRPBTW,812,no_feasible_candidate,,
OVRPBTW,813,no_feasible_candidate,,
OVRPBTW,814,no_feasible_candidate,,
OVRPBTW,815,no_feasible_candidate,,
OVRPBTW,816,no_feasible_candidate,,
OVRPBTW,817,no_feasible_candidate,,
OVRPBTW,818,no_feasible_candidate,,
OVRPBTW,819,no_feasible_candidate,,
OVRPBTW,820,no_feasible_candidate,,
OVRPBTW,821,no_feasible_candidate,,
OVRPBTW,822,no_feasible_candidate,,
OVRPBTW,823,no_feasible_candidate,,
OVRPBTW,824,no_feasible_candidate,,
OVRPBTW,825,no_feasible_candidate,,
OVRPBTW,826,no_feasible_candidate,,
OVRPBTW,827,no_feasible_candidate,,
OVRPBTW,828,no_feasible_candidate,,
OVRPBTW,829,no_feasible_candidate,,
OVRPBTW,830,no_feasible_candidate,,
OVRPBTW,831,no_feasible_candidate,,
OVRPBTW,832,no_feasible_candidate,,
OVRPBTW,833,no_feasible_candidate,,
OVRPBTW,834,no_feasible_candidate,,
OVRPBTW,835,no_feasible_candidate,,
OVRPBTW,836,no_feasible_candidate,,
OVRPBTW,837,no_feasible_candidate,,
OVRPBTW,838,no_feasible_candidate,,
OVRPBTW,839,no_feasible_candidate,,
OVRPBTW,840,no_feasible_candidate,,
OVRPBTW,841,no_feasible_candidate,,
OVRPBTW,842,no_feasible_candidate,,
OVRPBTW,843,no_feasible_candidate,,
OVRPBTW,844,no_feasible_candidate,,
OVRPBTW,845,no_feasible_candidate,,
OVRPBTW,846,no_feasible_candidate,,
OVRPBTW,847,no_feasible_candidate,,
OVRPBTW,848,no_feasible_candidate,,
OVRPBTW,849,no_feasible_candidate,,
OVRPBTW,850,no_feasible_candidate,,
OVRPBTW,851,no_feasible_candidate,,
OVRPBTW,852,no_feasible_candidate,,
OVRPBTW,853,no_feasible_candidate,,
OVRPBTW,854,no_feasible_candidate,,
OVRPBTW,855,no_feasible_candidate,,
OVRPBTW,856,no_feasible_candidate,,
OVRPBTW,857,no_feasible_candidate,,
OVRPBTW,858,no_feasible_candidate,,
OVRPBTW,859,no_feasible_candidate,,
OVRPBTW,860,no_feasible_candidate,,
OVRPBTW,861,no_feasible_candidate,,
OVRPBTW,862,no_feasible_candidate,,
OVRPBTW,863,no_feasible_candidate,,
OVRPBTW,864,no_feasible_candidate,,
OVRPBTW,865,no_feasible_candidate,,
OVRPBTW,866,no_feasible_candidate,,
OVRPBTW,867,no_feasible_candidate,,
OVRPBTW,868,no_feasible_candidate,,
OVRPBTW,869,ok,24.7817766070,30
OVRPBTW,870,no_feasible_candidate,,
OVRPBTW,871,no_feasible_candidate,,
OVRPBTW,872,no_feasible_candidate,,
OVRPBTW,873,no_feasible_candidate,,
OVRPBTW,874,no_feasible_candidate,,
OVRPBTW,875,no_feasible_candidate,,
OVRPBTW,876,no_feasible_candidate,,
OVRPBTW,877,no_feasible_candidate,,
OVRPBTW,878,no_feasible_candidate,,
OVRPBTW,879,no_feasible_candidate,,
OVRPBTW,880,no_feasible_candidate,,
OVRPBTW,881,no_feasible_candidate,,
OVRPBTW,882,no_feasible_candidate,,
OVRPBTW,883,no_feasible_candidate,,
OVRPBTW,884,no_feasible_candidate,,
OVRPBTW,885,no_feasible_candidate,,
OVRPBTW,886,no_feasible_candidate,,
OVRPBTW,887,no_feasible_candidate,,
OVRPBTW,888,no_feasible_candidate,,
OVRPBTW,889,no_feasible_candidate,,
OVRPBTW,890,no_feasible_candidate,,
OVRPBTW,891,no_feasible_candidate,,
OVRPBTW,892,no_feasible_candidate,,
OVRPBTW,893,no_feasible_candidate,,
OVRPBTW,894,no_feasible_candidate,,
OVRPBTW,895,no_feasible_candidate,,
OVRPBTW,896,no_feasible_candidate,,
OVRPBTW,897,no_feasible_candidate,,
OVRPBTW,898,no_feasible_candidate,,
OVRPBTW,899,no_feasible_candidate,,
OVRPBTW,900,no_feasible_candidate,,
OVRPBTW,901,no_feasible_candidate,,
OVRPBTW,902,no_feasible_candidate,,
OVRPBTW,903,no_feasible_candidate,,
OVRPBTW,904,no_feasible_candidate,,
OVRPBTW,905,no_feasible_candidate,,
OVRPBTW,906,no_feasible_candidate,,
OVRPBTW,907,no_feasible_candidate,,
OVRPBTW,908,no_feasible_candidate,,
OVRPBTW,909,no_feasible_candidate,,
OVRPBTW,910,no_feasible_candidate,,
OVRPBTW,911,no_feasible_candidate,,
OVRPBTW,912,no_feasible_candidate,,
OVRPBTW,913,no_feasible_candidate,,
OVRPBTW,914,no_feasible_candidate,,
OVRPBTW,915,no_feasible_candidate,,
OVRPBTW,916,no_feasible_candidate,,
OVRPBTW,917,no_feasible_candidate,,
OVRPBTW,918,no_feasible_candidate,,
OVRPBTW,919,no_feasible_candidate,,
OVRPBTW,920,no_feasible_candidate,,
OVRPBTW,921,no_feasible_candidate,,
OVRPBTW,922,no_feasible_candidate,,
OVRPBTW,923,no_feasible_candidate,,
OVRPBTW,924,no_feasible_candidate,,
OVRPBTW,925,no_feasible_candidate,,
OVRPBTW,926,no_feasible_candidate,,
OVRPBTW,927,no_feasible_candidate,,
OVRPBTW,928,no_feasible_candidate,,
OVRPBTW,929,no_feasible_candidate,,
OVRPBTW,930,no_feasible_candidate,,
OVRPBTW,931,no_feasible_candidate,,
OVRPBTW,932,no_feasible_candidate,,
OVRPBTW,933,no_feasible_candidate,,
OVRPBTW,934,no_feasible_candidate,,
OVRPBTW,935,ok,18.5021460845,32
OVRPBTW,936,no_feasible_candidate,,
OVRPBTW,937,no_feasible_candidate,,
OVRPBTW,938,no_feasible_candidate,,
OVRPBTW,939,no_feasible_candidate,,
OVRPBTW,940,no_feasible_candidate,,
OVRPBTW,941,no_feasible_candidate,,
OVRPBTW,942,no_feasible_candidate,,
OVRPBTW,943,no_feasible_candidate,,
OVRPBTW,944,no_feasible_candidate,,
OVRPBTW,945,no_feasible_candidate,,
OVRPBTW,946,no_feasible_candidate,,
OVRPBTW,947,no_feasible_candidate,,
OVRPBTW,948,no_feasible_candidate,,
OVRPBTW,949,no_feasible_candidate,,
OVRPBTW,950,no_feasible_candidate,,
OVRPBTW,951,no_feasible_candidate,,
OVRPBTW,952,no_feasible_candidate,,
OVRPBTW,953,no_feasible_candidate,,
OVRPBTW,954,no_feasible_candidate,,
OVRPBTW,955,no_feasible_candidate,,
OVRPBTW,956,ok,23.6686555791,31
OVRPBTW,957,no_feasible_candidate,,
OVRPBTW,958,no_feasible_candidate,,
OVRPBTW,959,no_feasible_candidate,,
OVRPBTW,960,no_feasible_candidate,,
OVRPBTW,961,no_feasible_candidate,,
OVRPBTW,962,no_feasible_candidate,,
OVRPBTW,963,no_feasible_candidate,,
OVRPBTW,964,no_feasible_candidate,,
OVRPBTW,965,no_feasible_candidate,,
OVRPBTW,966,no_feasible_candidate,,
OVRPBTW,967,no_feasible_candidate,,
OVRPBTW,968,no_feasible_candidate,,
OVRPBTW,969,no_feasible_candidate,,
OVRPBTW,970,no_feasible_candidate,,
OVRPBTW,971,no_feasible_candidate,,
OVRPBTW,972,no_feasible_candidate,,
OVRPBTW,973,no_feasible_candidate,,
OVRPBTW,974,no_feasible_candidate,,
OVRPBTW,975,no_feasible_candidate,,
OVRPBTW,976,no_feasible_candidate,,
OVRPBTW,977,no_feasible_candidate,,
OVRPBTW,978,no_feasible_candidate,,
OVRPBTW,979,no_feasible_candidate,,
OVRPBTW,980,no_feasible_candidate,,
OVRPBTW,981,no_feasible_candidate,,
OVRPBTW,982,no_feasible_candidate,,
OVRPBTW,983,no_feasible_candidate,,
OVRPBTW,984,no_feasible_candidate,,
OVRPBTW,985,no_feasible_candidate,,
OVRPBTW,986,no_feasible_candidate,,
OVRPBTW,987,no_feasible_candidate,,
OVRPBTW,988,no_feasible_candidate,,
OVRPBTW,989,no_feasible_candidate,,
OVRPBTW,990,no_feasible_candidate,,
OVRPBTW,991,no_feasible_candidate,,
OVRPBTW,992,no_feasible_candidate,,
OVRPBTW,993,no_feasible_candidate,,
OVRPBTW,994,no_feasible_candidate,,
OVRPBTW,995,no_feasible_candidate,,
OVRPBTW,996,no_feasible_candidate,,
OVRPBTW,997,no_feasible_candidate,,
OVRPBTW,998,no_feasible_candidate,,
OVRPBTW,999,no_feasible_candidate,,
OVRPLTW,0,ok,19.7159963566,27
OVRPLTW,1,ok,17.9115158203,29
OVRPLTW,2,ok,23.3674825318,26
OVRPLTW,3,ok,16.4155066035,30
OVRPLTW,4,ok,16.2372845512,28
OVRPLTW,5,ok,15.4512154316,28
OVRPLTW,6,ok,17.8913543012,29
OVRPLTW,7,ok,21.0452537024,27
OVRPLTW,8,ok,19.5499664369,34
OVRPLTW,9,ok,16.9554496052,26
OVRPLTW,10,ok,19.2510321658,29
OVRPLTW,11,ok,17.7791332885,29
OVRPLTW,12,ok,17.2019675719,28
OVRPLTW,13,ok,18.0774173053,29
OVRPLTW,14,ok,21.8155640919,29
OVRPLTW,15,ok,15.5916922095,29
OVRPLTW,16,ok,20.0213656281,29
OVRPLTW,17,ok,18.6912254692,31
OVRPLTW,18,ok,20.4096996123,29
OVRPLTW,19,ok,24.5445748279,30
OVRPLTW,20,ok,22.4654193083,29
OVRPLTW,21,ok,19.8403260659,26
OVRPLTW,22,ok,16.3935637514,23
OVRPLTW,23,ok,14.6403738303,30
OVRPLTW,24,ok,17.1412514451,28
OVRPLTW,25,ok,22.5608943026,27
OVRPLTW,26,ok,15.8522159329,27
OVRPLTW,27,ok,19.3229205373,28
OVRPLTW,28,ok,24.1413314088,33
OVRPLTW,29,ok,15.3497615324,29
OVRPLTW,30,ok,16.1557950697,29
OVRPLTW,31,ok,16.3293361326,28
OVRPLTW,32,ok,16.0571513828,30
OVRPLTW,33,ok,20.4167781779,29
OVRPLTW,34,ok,19.6640492018,28
OVRPLTW,35,ok,19.7363542280,33
OVRPLTW,36,ok,17.2119596545,30
OVRPLTW,37,ok,16.4691425446,27
OVRPLTW,38,ok,21.7142498479,32
OVRPLTW,39,ok,15.5219458606,29
OVRPLTW,40,ok,19.0963912880,29
OVRPLTW,41,ok,19.9605067972,29
OVRPLTW,42,ok,16.4751568172,32
OVRPLTW,43,ok,15.5744463808,28
OVRPLTW,44,ok,17.7085083894,28
OVRPLTW,45,ok,19.1386290833,33
OVRPLTW,46,ok,18.9660843914,31
OVRPLTW,47,ok,21.5623498892,26
OVRPLTW,48,ok,16.3042101995,28
OVRPLTW,49,ok,16.9440670981,31
OVRPLTW,50,ok,16.8559292662,30
OVRPLTW,51,ok,16.9802996138,28
OVRPLTW,52,ok,16.7782046765,28
OVRPLTW,53,ok,18.7596304711,29
OVRPLTW,54,ok,14.7791507527,28
OVRPLTW,55,ok,23.8003090432,30
OVRPLTW,56,ok,16.0453131706,28
OVRPLTW,57,ok,19.6209390461,29
OVRPLTW,58,ok,18.2937219542,32
OVRPLTW,59,ok,19.6202281154,27
OVRPLTW,60,ok,16.4199307566,28
OVRPLTW,61,ok,19.4359918777,29
OVRPLTW,62,ok,21.0185220196,31
OVRPLTW,63,ok,18.8280511440,31
OVRPLTW,64,ok,18.8099479959,28
OVRPLTW,65,ok,17.0279789788,30
OVRPLTW,66,ok,18.9740913971,28
OVRPLTW,67,ok,16.7875025273,31
OVRPLTW,68,ok,17.3053534836,27
OVRPLTW,69,ok,17.0391081130,27
OVRPLTW,70,ok,15.9713098857,28
OVRPLTW,71,ok,15.2519106466,28
OVRPLTW,72,ok,15.0086886535,30
OVRPLTW,73,ok,21.1912286633,26
OVRPLTW,74,ok,25.5436429384,29
OVRPLTW,75,ok,19.9262007419,28
OVRPLTW,76,ok,15.1668651516,29
OVRPLTW,77,ok,18.7716873456,29
OVRPLTW,78,ok,16.2209237507,28
OVRPLTW,79,ok,19.6389784095,27
OVRPLTW,80,ok,21.0174361271,28
OVRPLTW,81,ok,16.9309996948,27
OVRPLTW,82,ok,18.9101976492,30
OVRPLTW,83,ok,18.0122351507,28
OVRPLTW,84,ok,16.7423197581,23
OVRPLTW,85,ok,20.8172611677,25
OVRPLTW,86,ok,16.0844595268,30
OVRPLTW,87,ok,17.0237381348,28
OVRPLTW,88,ok,19.8981721859,28
OVRPLTW,89,ok,19.3675640487,32
OVRPLTW,90,ok,19.8400081569,26
OVRPLTW,91,ok,20.3401224523,27
OVRPLTW,92,ok,15.4440497800,28
OVRPLTW,93,ok,16.1140514436,29
OVRPLTW,94,ok,16.3249977391,30
OVRPLTW,95,ok,23.6939024550,28
OVRPLTW,96,ok,16.3482208885,30
OVRPLTW,97,ok,19.9270812255,29
OVRPLTW,98,ok,18.7964243849,27
OVRPLTW,99,ok,16.7837460577,31
OVRPLTW,100,ok,22.9585461941,27
OVRPLTW,101,ok,23.9812858004,28
OVRPLTW,102,ok,17.5311420465,29
OVRPLTW,103,ok,22.5010113859,26
OVRPLTW,104,ok,18.0489309231,26
OVRPLTW,105,ok,19.1513876955,28
OVRPLTW,106,ok,20.3290167974,26
OVRPLTW,107,ok,20.3749870534,31
OVRPLTW,108,ok,17.5303397568,30
OVRPLTW,109,ok,16.2964222082,28
OVRPLTW,110,ok,16.6301825972,25
OVRPLTW,111,ok,18.5230964359,32
OVRPLTW,112,ok,17.1079559878,27
OVRPLTW,113,ok,24.0149139749,29
OVRPLTW,114,ok,16.0084003927,28
OVRPLTW,115,ok,19.1561927101,27
OVRPLTW,116,ok,16.7940002665,28
OVRPLTW,117,ok,23.1552539297,28
OVRPLTW,118,ok,15.8222348528,28
OVRPLTW,119,ok,19.7603591495,25
OVRPLTW,120,ok,21.0125253467,33
OVRPLTW,121,ok,16.8638998571,27
OVRPLTW,122,ok,23.2441249091,27
OVRPLTW,123,ok,17.3386156558,27
OVRPLTW,124,ok,16.9728046980,27
OVRPLTW,125,ok,22.1910918853,28
OVRPLTW,126,ok,17.0510752358,30
OVRPLTW,127,ok,15.6455664309,27
OVRPLTW,128,ok,20.0673308961,26
OVRPLTW,129,ok,17.4426810272,25
OVRPLTW,130,ok,19.3012475977,29
OVRPLTW,131,ok,21.4005173105,26
OVRPLTW,132,ok,19.7106545455,29
OVRPLTW,133,ok,14.2067929789,28
OVRPLTW,134,ok,16.2336254398,27
OVRPLTW,135,ok,16.6763752025,26
OVRPLTW,136,ok,19.4631635975,26
OVRPLTW,137,ok,19.3379621901,27
OVRPLTW,138,ok,21.2243307503,28
OVRPLTW,139,ok,19.9685149555,32
OVRPLTW,140,ok,16.4907221915,32
OVRPLTW,141,ok,19.0553629884,28
OVRPLTW,142,ok,22.7701107753,26
OVRPLTW,143,ok,19.6618374419,26
OVRPLTW,144,ok,17.1836783668,26
OVRPLTW,145,ok,19.0453092981,25
OVRPLTW,146,ok,22.9911529957,27
OVRPLTW,147,ok,22.9841577961,26
OVRPLTW,148,ok,17.2671384879,27
OVRPLTW,149,ok,17.2455069671,29
OVRPLTW,150,ok,20.3051806280,28
OVRPLTW,151,ok,15.9651266632,29
OVRPLTW,152,ok,19.8126937588,27
OVRPLTW,153,ok,17.8273214903,30
OVRPLTW,154,ok,20.7733279133,27
OVRPLTW,155,ok,17.7680671773,26
OVRPLTW,156,ok,16.8367463295,31
OVRPLTW,157,ok,16.6695346525,28
OVRPLTW,158,ok,19.5041153147,28
OVRPLTW,159,ok,17.8056566891,31
OVRPLTW,160,ok,20.4665367631,27
OVRPLTW,161,ok,21.4880133680,31
OVRPLTW,162,ok,16.8316802941,30
OVRPLTW,163,ok,17.6864756650,29
OVRPLTW,164,ok,16.4418284327,30
OVRPLTW,165,ok,15.6495935767,31
OVRPLTW,166,ok,18.6688930341,30
OVRPLTW,167,ok,19.0020322580,29
OVRPLTW,168,ok,18.1642674300,27
OVRPLTW,169,ok,15.4996480213,28
OVRPLTW,170,ok,16.3379162862,27
OVRPLTW,171,ok,17.3203316340,30
OVRPLTW,172,ok,15.6683365540,30
OVRPLTW,173,ok,19.4694854464,31
OVRPLTW,174,ok,19.0384373700,30
OVRPLTW,175,ok,19.0495242742,26
OVRPLTW,176,ok,16.8592101922,27
OVRPLTW,177,ok,18.9595011058,30
OVRPLTW,178,ok,18.2653067800,27
OVRPLTW,179,ok,16.8768963153,27
OVRPLTW,180,ok,16.2098597272,27
OVRPLTW,181,ok,18.3962681110,27
OVRPLTW,182,ok,21.2600398678,28
OVRPLTW,183,ok,17.2461814872,32
OVRPLTW,184,ok,18.5015884150,27
OVRPLTW,185,ok,19.3514731863,29
OVRPLTW,186,ok,24.6878809961,27
OVRPLTW,187,ok,21.3469003256,26
OVRPLTW,188,ok,20.1968755519,30
OVRPLTW,189,ok,17.3296923372,32
OVRPLTW,190,ok,19.4003534394,30
OVRPLTW,191,ok,16.3965070253,29
OVRPLTW,192,ok,16.6805705432,31
OVRPLTW,193,ok,17.2605614497,30
OVRPLTW,194,ok,17.7481922470,29
OVRPLTW,195,ok,23.8470839955,26
OVRPLTW,196,ok,15.8462591641,29
OVRPLTW,197,ok,19.5807929157,27
OVRPLTW,198,ok,17.0236014432,27
OVRPLTW,199,ok,18.8006380326,27
OVRPLTW,200,ok,20.6634396859,30
OVRPLTW,201,ok,17.8134781368,30
OVRPLTW,202,ok,14.4127734351,28
OVRPLTW,203,ok,17.6219457835,29
OVRPLTW,204,ok,20.2064995084,30
OVRPLTW,205,ok,15.6414989768,29
OVRPLTW,206,ok,21.0887501821,28
OVRPLTW,207,ok,18.8236622786,29
OVRPLTW,208,ok,16.5270850702,26
OVRPLTW,209,ok,15.4552228542,28
OVRPLTW,210,ok,18.9725135237,26
OVRPLTW,211,ok,17.1025757666,31
OVRPLTW,212,ok,26.1471918609,32
OVRPLTW,213,ok,18.1467602573,28
OVRPLTW,214,ok,16.7836182334,28
OVRPLTW,215,ok,18.6277385148,30
OVRPLTW,216,ok,15.0862895200,28
OVRPLTW,217,ok,21.1301732202,28
OVRPLTW,218,ok,16.6823097432,25
OVRPLTW,219,ok,20.7809514258,28
OVRPLTW,220,ok,18.9253367277,28
OVRPLTW,221,ok,18.9232181032,30
OVRPLTW,222,ok,20.8678772406,28
OVRPLTW,223,ok,16.9975565095,28
OVRPLTW,224,ok,15.6807862289,30
OVRPLTW,225,ok,15.3988441689,28
OVRPLTW,226,ok,21.2240799464,28
OVRPLTW,227,ok,23.8998222766,27
OVRPLTW,228,ok,17.5338967899,27
OVRPLTW,229,ok,15.9840132757,27
OVRPLTW,230,ok,16.9655900510,27
OVRPLTW,231,ok,21.5875947488,29
OVRPLTW,232,ok,22.5841921159,28
OVRPLTW,233,ok,22.4065097696,31
OVRPLTW,234,ok,17.1699045437,27
OVRPLTW,235,ok,16.7711865469,30
OVRPLTW,236,ok,16.1083422554,31
OVRPLTW,237,ok,15.7748637955,30
OVRPLTW,238,ok,21.0927233609,28
OVRPLTW,239,ok,16.4522922920,31
OVRPLTW,240,ok,15.0886783032,29
OVRPLTW,241,ok,18.2357658327,29
OVRPLTW,242,ok,19.9196325461,32
OVRPLTW,243,ok,20.4828045182,29
OVRPLTW,244,ok,18.1593220711,27
OVRPLTW,245,ok,18.0015508552,24
OVRPLTW,246,ok,24.5725010739,27
OVRPLTW,247,ok,18.1315809863,28
OVRPLTW,248,ok,19.1574895886,30
OVRPLTW,249,ok,22.5807635237,27
OVRPLTW,250,ok,19.6370778190,28
OVRPLTW,251,ok,17.3975903462,28
OVRPLTW,252,ok,19.5109210876,29
OVRPLTW,253,ok,18.6492424180,28
OVRPLTW,254,ok,18.6327043213,29
OVRPLTW,255,ok,17.3534207041,28
OVRPLTW,256,ok,16.5789952468,30
OVRPLTW,257,ok,24.8229366988,31
OVRPLTW,258,ok,16.1837118294,27
OVRPLTW,259,ok,19.3089907376,29
OVRPLTW,260,ok,15.5510322360,25
OVRPLTW,261,ok,16.8736581083,29
OVRPLTW,262,ok,15.0018027502,27
OVRPLTW,263,ok,23.4890168477,30
OVRPLTW,264,ok,17.2875911835,27
OVRPLTW,265,ok,17.9895938873,27
OVRPLTW,266,ok,18.4767530964,27
OVRPLTW,267,ok,22.2183320717,26
OVRPLTW,268,ok,18.3943474322,29
OVRPLTW,269,ok,20.5814081243,29
OVRPLTW,270,ok,19.5605077095,30
OVRPLTW,271,ok,16.5737531183,31
OVRPLTW,272,ok,18.5716104514,27
OVRPLTW,273,ok,16.0277378139,29
OVRPLTW,274,ok,17.5790905272,30
OVRPLTW,275,ok,19.5874992528,31
OVRPLTW,276,ok,20.9957742340,28
OVRPLTW,277,ok,20.9716071143,28
OVRPLTW,278,ok,21.9476877237,30
OVRPLTW,279,ok,18.4454205836,29
OVRPLTW,280,ok,20.8337719558,30
OVRPLTW,281,ok,21.0630346501,27
OVRPLTW,282,ok,15.8885776267,29
OVRPLTW,283,ok,25.0789541410,32
OVRPLTW,284,ok,15.6544675547,28
OVRPLTW,285,ok,16.9409065781,28
OVRPLTW,286,ok,14.2563049872,26
OVRPLTW,287,ok,18.6784097337,27
OVRPLTW,288,ok,17.1358225918,27
OVRPLTW,289,ok,18.3636302416,30
OVRPLTW,290,ok,21.4629038121,28
OVRPLTW,291,ok,16.0586967756,28
OVRPLTW,292,ok,16.0936599572,27
OVRPLTW,293,ok,21.0215211958,30
OVRPLTW,294,ok,17.4921757073,27
OVRPLTW,295,ok,14.4246604815,28
OVRPLTW,296,ok,18.0242060632,26
OVRPLTW,297,ok,24.2074052769,27
OVRPLTW,298,ok,19.3698157236,25
OVRPLTW,299,ok,18.4626400912,28
OVRPLTW,300,ok,20.3172978515,28
OVRPLTW,301,ok,19.5669681402,25
OVRPLTW,302,ok,18.5862355576,29
OVRPLTW,303,ok,18.0643982315,26
OVRPLTW,304,ok,20.4375008079,29
OVRPLTW,305,ok,17.1693494798,25
OVRPLTW,306,ok,24.4215079563,31
OVRPLTW,307,ok,18.1543052121,29
OVRPLTW,308,ok,17.9346554492,33
OVRPLTW,309,ok,17.7429718079,28
OVRPLTW,310,ok,19.6692934650,27
OVRPLTW,311,ok,17.5002133504,32
OVRPLTW,312,ok,14.8919427709,28
OVRPLTW,313,ok,18.5945450902,26
OVRPLTW,314,ok,19.5349183069,25
OVRPLTW,315,ok,17.5898612095,29
OVRPLTW,316,ok,19.3553235046,30
OVRPLTW,317,ok,20.0153713379,30
OVRPLTW,318,ok,16.0806945340,29
OVRPLTW,319,ok,17.8615590878,27
OVRPLTW,320,ok,21.8021599701,27
OVRPLTW,321,ok,23.1844895986,29
OVRPLTW,322,ok,19.3205581882,27
OVRPLTW,323,ok,22.5650543599,29
OVRPLTW,324,ok,17.9488845784,30
OVRPLTW,325,ok,18.5209055940,27
OVRPLTW,326,ok,21.7812435674,28
OVRPLTW,327,ok,16.1900840939,28
OVRPLTW,328,ok,18.5125956581,29
OVRPLTW,329,ok,21.3068444655,28
OVRPLTW,330,ok,17.8822391327,24
OVRPLTW,331,ok,15.9065439563,30
OVRPLTW,332,ok,19.4046020230,30
OVRPLTW,333,ok,18.6117391254,29
OVRPLTW,334,ok,15.5907452211,32
OVRPLTW,335,ok,16.7078496220,30
OVRPLTW,336,ok,19.8524937433,31
OVRPLTW,337,ok,20.5556730601,31
OVRPLTW,338,ok,21.9132504541,30
OVRPLTW,339,ok,19.7544962655,29
OVRPLTW,340,ok,17.6446911576,28
OVRPLTW,341,ok,16.1783259851,27
OVRPLTW,342,ok,20.4008337493,27
OVRPLTW,343,ok,21.1373045680,28
OVRPLTW,344,ok,15.0100195810,28
OVRPLTW,345,ok,21.4818365109,29
OVRPLTW,346,ok,19.2236125738,25
OVRPLTW,347,ok,15.0788619509,32
OVRPLTW,348,ok,15.7228421937,29
OVRPLTW,349,ok,19.8016906105,29
OVRPLTW,350,ok,21.4032019321,29
OVRPLTW,351,ok,22.0060604686,25
OVRPLTW,352,ok,19.7125787264,26
OVRPLTW,353,ok,18.7292379996,30
OVRPLTW,354,ok,23.5236847029,29
OVRPLTW,355,ok,21.9733177580,27
OVRPLTW,356,ok,16.2641026593,30
OVRPLTW,357,ok,17.7116800647,28
OVRPLTW,358,ok,17.3207519879,27
OVRPLTW,359,ok,19.1959008012,30
OVRPLTW,360,ok,20.0774601687,26
OVRPLTW,361,ok,19.2553051961,28
OVRPLTW,362,ok,17.5080645466,26
OVRPLTW,363,ok,22.4999428272,34
OVRPLTW,364,ok,16.6278570824,27
OVRPLTW,365,ok,17.1141152647,31
OVRPLTW,366,ok,18.8789262056,29
OVRPLTW,367,ok,21.1319007797,27
OVRPLTW,368,ok,20.5624315902,28
OVRPLTW,369,ok,16.4929978933,27
OVRPLTW,370,ok,22.5873196714,29
OVRPLTW,371,ok,18.5992805666,26
OVRPLTW,372,ok,19.8562011979,30
OVRPLTW,373,ok,20.3091992357,25
OVRPLTW,374,ok,16.5469745261,26
OVRPLTW,375,ok,17.2964830948,30
OVRPLTW,376,ok,22.7826156490,29
OVRPLTW,377,ok,14.0075795013,26
OVRPLTW,378,ok,16.3765688067,30
OVRPLTW,379,ok,18.2667331850,26
OVRPLTW,380,ok,19.7455372065,30
OVRPLTW,381,ok,19.5076567068,29
OVRPLTW,382,ok,15.0735090103,25
OVRPLTW,383,ok,17.6590327070,28
OVRPLTW,384,ok,20.4934851641,31
OVRPLTW,385,ok,16.8612968462,27
OVRPLTW,386,ok,17.3580468779,30
OVRPLTW,387,ok,18.9697399733,29
OVRPLTW,388,ok,21.0532535629,29
OVRPLTW,389,ok,15.2851429369,30
OVRPLTW,390,ok,17.5948996456,26
OVRPLTW,391,ok,19.6261361117,28
OVRPLTW,392,ok,14.5733625450,26
OVRPLTW,393,ok,17.2971788177,32
OVRPLTW,394,ok,20.3562982672,28
OVRPLTW,395,ok,16.8750399939,31
OVRPLTW,396,ok,18.6328338321,27
OVRPLTW,397,ok,21.2853071838,30
OVRPLTW,398,ok,21.4004026906,29
OVRPLTW,399,ok,16.4460616339,28
OVRPLTW,400,ok,19.9956416617,29
OVRPLTW,401,ok,20.4669623313,29
OVRPLTW,402,ok,15.9907121028,26
OVRPLTW,403,ok,17.1776259185,27
OVRPLTW,404,ok,18.2141689174,25
OVRPLTW,405,ok,16.6014604401,27
OVRPLTW,406,ok,19.7973193842,27
OVRPLTW,407,ok,22.5732383918,29
OVRPLTW,408,ok,21.0640382220,31
OVRPLTW,409,ok,18.4981181305,30
OVRPLTW,410,ok,18.6831911812,26
OVRPLTW,411,ok,23.2150109572,29
OVRPLTW,412,ok,13.8593803662,25
OVRPLTW,413,ok,21.2667280567,28
OVRPLTW,414,ok,17.0103847111,29
OVRPLTW,415,ok,22.3651939161,28
OVRPLTW,416,ok,15.1726157913,28
OVRPLTW,417,ok,17.3818286219,25
OVRPLTW,418,ok,18.2416619540,28
OVRPLTW,419,ok,19.7669556525,30
OVRPLTW,420,ok,20.1086474522,27
OVRPLTW,421,ok,18.0048546970,28
OVRPLTW,422,ok,20.7085906515,28
OVRPLTW,423,ok,17.6720910609,26
OVRPLTW,424,ok,15.7599361641,32
OVRPLTW,425,ok,18.5560945331,29
OVRPLTW,426,ok,24.0265120283,29
OVRPLTW,427,ok,16.4644338110,30
OVRPLTW,428,ok,19.4213963825,26
OVRPLTW,429,ok,22.9847443575,29
OVRPLTW,430,ok,20.2935439516,26
OVRPLTW,431,ok,18.0798779943,30
OVRPLTW,432,ok,19.4561724525,26
OVRPLTW,433,ok,20.2286973676,29
OVRPLTW,434,ok,21.3053584951,27
OVRPLTW,435,ok,20.0378353636,28
OVRPLTW,436,ok,18.1226023874,27
OVRPLTW,437,ok,17.0499757323,32
OVRPLTW,438,ok,17.9783873921,28
OVRPLTW,439,ok,18.8965655758,29
OVRPLTW,440,ok,16.0089733545,30
OVRPLTW,441,ok,17.4236767597,30
OVRPLTW,442,ok,16.3447500051,31
OVRPLTW,443,ok,21.5760369796,29
OVRPLTW,444,ok,16.8078060670,27
OVRPLTW,445,ok,15.8095571685,29
OVRPLTW,446,ok,18.8668988827,29
OVRPLTW,447,ok,22.7332650100,29
OVRPLTW,448,ok,20.6752216699,28
OVRPLTW,449,ok,16.9052608271,27
OVRPLTW,450,ok,19.2635805589,28
OVRPLTW,451,ok,17.5973898093,28
OVRPLTW,452,ok,23.5366690973,29
OVRPLTW,453,ok,22.4181558348,28
OVRPLTW,454,ok,16.0417426330,29
OVRPLTW,455,ok,16.0235729313,31
OVRPLTW,456,ok,17.6449896334,27
OVRPLTW,457,ok,22.1341298985,29
OVRPLTW,458,ok,17.4895701078,29
OVRPLTW,459,ok,16.6640872967,27
OVRPLTW,460,ok,20.0403212904,29
OVRPLTW,461,ok,16.7393924737,29
OVRPLTW,462,ok,20.8136445211,29
OVRPLTW,463,ok,22.0037744787,30
OVRPLTW,464,ok,17.1202307675,31
OVRPLTW,465,ok,19.0531873591,30
OVRPLTW,466,ok,20.0795572907,25
OVRPLTW,467,ok,17.9001650001,27
OVRPLTW,468,ok,16.9433329280,29
OVRPLTW,469,ok,17.8837196403,31
OVRPLTW,470,ok,18.9905735459,28
OVRPLTW,471,ok,16.2284881368,26
OVRPLTW,472,ok,16.4069261188,29
OVRPLTW,473,ok,17.5599207018,27
OVRPLTW,474,ok,17.1509763072,28
OVRPLTW,475,ok,21.7793017154,30
OVRPLTW,476,ok,16.9751688819,29
OVRPLTW,477,ok,16.5103332705,24
OVRPLTW,478,ok,21.3146002926,28
OVRPLTW,479,ok,21.7397967478,31
OVRPLTW,480,ok,15.9421443591,32
OVRPLTW,481,ok,20.2437054721,29
OVRPLTW,482,ok,16.8088364808,26
OVRPLTW,483,ok,20.9881200213,31
OVRPLTW,484,ok,17.5145760443,29
OVRPLTW,485,ok,19.7635772955,26
OVRPLTW,486,ok,16.1722710784,27
OVRPLTW,487,ok,18.5438071143,32
OVRPLTW,488,ok,18.5267571932,32
OVRPLTW,489,ok,15.7044267272,29
OVRPLTW,490,ok,20.7278358051,31
OVRPLTW,491,ok,18.8462665683,28
OVRPLTW,492,ok,23.1168442417,32
OVRPLTW,493,ok,21.3703042197,31
OVRPLTW,494,ok,18.7461554876,30
OVRPLTW,495,ok,16.0485246912,30
OVRPLTW,496,ok,20.4640004060,29
OVRPLTW,497,ok,20.1012905297,26
OVRPLTW,498,ok,23.4513287447,27
OVRPLTW,499,ok,16.5118137692,32
OVRPLTW,500,ok,18.0999152115,25
OVRPLTW,501,ok,19.2810739716,28
OVRPLTW,502,ok,16.0869057022,27
OVRPLTW,503,ok,17.8995366239,31
OVRPLTW,504,ok,19.6576071310,24
OVRPLTW,505,ok,17.2376219085,30
OVRPLTW,506,ok,17.0543078611,30
OVRPLTW,507,ok,18.1487996951,28
OVRPLTW,508,ok,22.5734166726,29
OVRPLTW,509,ok,19.5467480724,31
OVRPLTW,510,ok,20.7152159517,30
OVRPLTW,511,ok,25.2111350475,28
OVRPLTW,512,ok,15.3774298035,27
OVRPLTW,513,ok,16.0994192350,25
OVRPLTW,514,ok,21.6300840139,26
OVRPLTW,515,ok,15.1811497435,28
OVRPLTW,516,ok,19.1759062723,31
OVRPLTW,517,ok,17.1545944746,24
OVRPLTW,518,ok,15.6188383107,27
OVRPLTW,519,ok,24.2182035179,27
OVRPLTW,520,ok,16.0634377662,26
OVRPLTW,521,ok,18.7433811407,31
OVRPLTW,522,ok,17.8314245711,27
OVRPLTW,523,ok,19.6438161948,26
OVRPLTW,524,ok,16.7989764911,27
OVRPLTW,525,ok,18.6086409542,29
OVRPLTW,526,ok,14.8156080215,27
OVRPLTW,527,ok,23.6318989276,28
OVRPLTW,528,ok,19.6157943802,31
OVRPLTW,529,ok,18.5092628162,28
OVRPLTW,530,ok,16.5127795434,26
OVRPLTW,531,ok,19.5044680474,27
OVRPLTW,532,ok,15.7193397231,26
OVRPLTW,533,ok,17.4070058015,30
OVRPLTW,534,ok,18.5983260920,24
OVRPLTW,535,ok,16.3551305402,31
OVRPLTW,536,ok,20.6513759914,29
OVRPLTW,537,ok,26.5992204241,29
OVRPLTW,538,ok,19.8578644025,30
OVRPLTW,539,ok,18.8916623984,25
OVRPLTW,540,ok,18.6089909418,27
OVRPLTW,541,ok,17.0651222319,27
OVRPLTW,542,ok,23.5573694664,27
OVRPLTW,543,ok,18.5416597630,29
OVRPLTW,544,ok,19.5231677372,30
OVRPLTW,545,ok,23.6505132060,32
OVRPLTW,546,ok,22.5221266934,27
OVRPLTW,547,ok,17.7028564690,27
OVRPLTW,548,ok,22.5150507399,27
OVRPLTW,549,ok,18.3056662529,27
OVRPLTW,550,ok,18.8850781316,32
OVRPLTW,551,ok,17.8971966195,31
OVRPLTW,552,ok,19.2247911670,31
OVRPLTW,553,ok,15.8447246404,30
OVRPLTW,554,ok,18.8056496671,29
OVRPLTW,555,ok,18.5104282078,28
OVRPLTW,556,ok,19.9236946927,29
OVRPLTW,557,ok,18.2290179754,31
OVRPLTW,558,ok,17.5902452776,32
OVRPLTW,559,ok,15.1041514960,28
OVRPLTW,560,ok,23.6033724104,30
OVRPLTW,561,ok,22.4604095192,31
OVRPLTW,562,ok,16.0553271240,32
OVRPLTW,563,ok,17.3890925925,28
OVRPLTW,564,ok,22.4196535763,29
OVRPLTW,565,ok,20.2383516800,28
OVRPLTW,566,ok,14.7966662058,28
OVRPLTW,567,ok,15.2763411146,29
OVRPLTW,568,ok,20.2747360981,27
OVRPLTW,569,ok,21.7238250940,27
OVRPLTW,570,ok,21.9690337669,29
OVRPLTW,571,ok,20.2262100565,30
OVRPLTW,572,ok,16.4844628617,31
OVRPLTW,573,ok,17.5425862742,29
OVRPLTW,574,ok,19.6970609156,30
OVRPLTW,575,ok,21.4850655587,31
OVRPLTW,576,ok,19.4755888224,27
OVRPLTW,577,ok,16.1835652814,30
OVRPLTW,578,ok,20.1021096112,27
OVRPLTW,579,ok,20.2014800391,29
OVRPLTW,580,ok,21.5418084303,28
OVRPLTW,581,ok,24.4675063824,27
OVRPLTW,582,ok,22.3502452312,30
OVRPLTW,583,ok,16.3944860882,29
OVRPLTW,584,ok,17.8990231682,30
OVRPLTW,585,ok,16.7489597219,27
OVRPLTW,586,ok,18.6068343516,26
OVRPLTW,587,ok,24.9348827992,31
OVRPLTW,588,ok,15.3845078551,29
OVRPLTW,589,ok,19.0313497288,23
OVRPLTW,590,ok,17.8581573254,29
OVRPLTW,591,ok,20.1320903365,32
OVRPLTW,592,ok,19.6457482893,25
OVRPLTW,593,ok,18.2333807991,29
OVRPLTW,594,ok,17.9307483127,29
OVRPLTW,595,ok,18.3306323215,27
OVRPLTW,596,ok,18.4650337845,35
OVRPLTW,597,ok,16.5753211676,30
OVRPLTW,598,ok,21.1152418712,30
OVRPLTW,599,ok,16.1002090477,28
OVRPLTW,600,ok,18.3917542788,26
OVRPLTW,601,ok,16.2376710919,32
OVRPLTW,602,ok,14.7590784115,30
OVRPLTW,603,ok,16.9452894849,28
OVRPLTW,604,ok,19.4753493981,27
OVRPLTW,605,ok,19.6985228788,28
OVRPLTW,606,ok,17.1781307185,30
OVRPLTW,607,ok,17.0564580315,28
OVRPLTW,608,ok,20.7132828198,31
OVRPLTW,609,ok,19.3731443468,28
OVRPLTW,610,ok,16.8595011134,29
OVRPLTW,611,ok,18.2294880459,28
OVRPLTW,612,ok,19.6631539012,31
OVRPLTW,613,ok,18.0162565437,27
OVRPLTW,614,ok,20.9763339211,29
OVRPLTW,615,ok,21.1642051255,29
OVRPLTW,616,ok,16.6254947266,28
OVRPLTW,617,ok,23.1869953858,30
OVRPLTW,618,ok,21.1173663263,31
OVRPLTW,619,ok,19.1793400058,28
OVRPLTW,620,ok,20.3354120361,30
OVRPLTW,621,ok,23.3209403529,29
OVRPLTW,622,ok,19.2802940745,30
OVRPLTW,623,ok,18.3469816225,29
OVRPLTW,624,ok,17.2491474270,30
OVRPLTW,625,ok,16.0301807321,30
OVRPLTW,626,ok,18.6339108365,24
OVRPLTW,627,ok,20.4190493406,30
OVRPLTW,628,ok,20.3426086866,28
OVRPLTW,629,ok,18.1367370093,30
OVRPLTW,630,ok,22.3282371387,28
OVRPLTW,631,ok,17.7994793872,31
OVRPLTW,632,ok,20.2781558127,31
OVRPLTW,633,ok,16.6936467198,28
OVRPLTW,634,ok,17.5022760256,31
OVRPLTW,635,ok,22.5358263348,29
OVRPLTW,636,ok,19.1228185705,31
OVRPLTW,637,ok,17.3293667158,24
OVRPLTW,638,ok,18.7026657741,27
OVRPLTW,639,ok,18.0611565896,28
OVRPLTW,640,ok,15.8611832874,29
OVRPLTW,641,ok,16.5703067179,30
OVRPLTW,642,ok,21.0915226005,30
OVRPLTW,643,ok,19.2027509439,30
OVRPLTW,644,ok,18.4841204267,27
OVRPLTW,645,ok,17.5849988781,30
OVRPLTW,646,ok,16.9571574458,35
OVRPLTW,647,ok,21.6306888352,29
OVRPLTW,648,ok,21.1392405280,28
OVRPLTW,649,ok,23.4375976373,28
OVRPLTW,650,ok,15.7609552453,28
OVRPLTW,651,ok,18.9474578286,26
OVRPLTW,652,ok,18.2647416543,28
OVRPLTW,653,ok,15.9816138940,26
OVRPLTW,654,ok,16.1137615165,30
OVRPLTW,655,ok,18.6372427415,27
OVRPLTW,656,ok,19.6492853974,28
OVRPLTW,657,ok,22.4436838739,27
OVRPLTW,658,ok,15.9985049722,29
OVRPLTW,659,ok,25.5135172296,32
OVRPLTW,660,ok,16.9998400940,28
OVRPLTW,661,ok,19.3514660271,30
OVRPLTW,662,ok,17.8152617597,29
OVRPLTW,663,ok,18.1834612603,29
OVRPLTW,664,ok,21.2229624669,27
OVRPLTW,665,ok,20.3538754432,27
OVRPLTW,666,ok,15.5347324890,28
OVRPLTW,667,ok,18.2431315385,30
OVRPLTW,668,ok,19.8973709426,28
OVRPLTW,669,ok,15.9168717114,27
OVRPLTW,670,ok,16.4152285528,27
OVRPLTW,671,ok,19.3610365963,30
OVRPLTW,672,ok,19.1164737954,27
OVRPLTW,673,ok,16.7436432700,29
OVRPLTW,674,ok,18.1613236619,32
OVRPLTW,675,ok,21.9460409462,24
OVRPLTW,676,ok,20.7155689316,29
OVRPLTW,677,ok,16.0980297302,30
OVRPLTW,678,ok,19.6675422632,25
OVRPLTW,679,ok,19.6727287847,29
OVRPLTW,680,ok,17.4813309830,30
OVRPLTW,681,ok,21.0688751883,28
OVRPLTW,682,ok,16.8294899802,29
OVRPLTW,683,ok,18.3162739989,28
OVRPLTW,684,ok,17.2295291718,30
OVRPLTW,685,ok,17.3992599182,28
OVRPLTW,686,ok,17.2103426604,32
OVRPLTW,687,ok,18.2380064120,29
OVRPLTW,688,ok,18.9737353618,29
OVRPLTW,689,ok,15.9400667547,27
OVRPLTW,690,ok,18.4343905793,27
OVRPLTW,691,ok,21.8377399375,30
OVRPLTW,692,ok,18.8852351921,31
OVRPLTW,693,ok,16.7907488183,28
OVRPLTW,694,ok,19.5919015688,28
OVRPLTW,695,ok,19.7860021401,29
OVRPLTW,696,ok,16.6260467464,28
OVRPLTW,697,ok,17.4702111047,27
OVRPLTW,698,ok,15.9066998333,31
OVRPLTW,699,ok,20.4116966571,31
OVRPLTW,700,ok,18.8627713399,32
OVRPLTW,701,ok,17.3606836957,25
OVRPLTW,702,ok,20.4867493321,28
OVRPLTW,703,ok,18.7802047699,27
OVRPLTW,704,ok,14.1116210916,26
OVRPLTW,705,ok,19.8165838158,28
OVRPLTW,706,ok,20.4681635882,27
OVRPLTW,707,ok,17.2855739946,29
OVRPLTW,708,ok,17.0263693121,28
OVRPLTW,709,ok,15.4033777051,30
OVRPLTW,710,ok,24.2107943366,29
OVRPLTW,711,ok,17.0210108485,28
OVRPLTW,712,ok,15.7278425636,29
OVRPLTW,713,ok,14.5367901203,26
OVRPLTW,714,ok,17.8826138336,29
OVRPLTW,715,ok,21.8357746471,33
OVRPLTW,716,ok,15.7981246523,28
OVRPLTW,717,ok,15.5421442868,28
OVRPLTW,718,ok,23.7811572303,31
OVRPLTW,719,ok,19.9432985462,25
OVRPLTW,720,ok,19.8014681953,34
OVRPLTW,721,ok,15.9467098870,31
OVRPLTW,722,ok,20.3043048614,26
OVRPLTW,723,ok,19.6972539751,28
OVRPLTW,724,ok,15.8828599136,28
OVRPLTW,725,ok,19.2079747691,29
OVRPLTW,726,ok,18.9150885449,30
OVRPLTW,727,ok,19.2075646239,28
OVRPLTW,728,ok,17.7570301963,31
OVRPLTW,729,ok,17.2983034069,29
OVRPLTW,730,ok,23.1957196523,24
OVRPLTW,731,ok,19.2005236708,30
OVRPLTW,732,ok,22.2657897310,29
OVRPLTW,733,ok,17.0617505043,33
OVRPLTW,734,ok,15.5833741489,26
OVRPLTW,735,ok,16.5874941004,29
OVRPLTW,736,ok,19.2769051103,30
OVRPLTW,737,ok,18.0693311870,26
OVRPLTW,738,ok,20.7841112723,26
OVRPLTW,739,ok,17.2641678174,28
OVRPLTW,740,ok,17.8648665933,27
OVRPLTW,741,ok,20.4030739937,26
OVRPLTW,742,ok,20.2924152525,31
OVRPLTW,743,ok,15.2879327861,27
OVRPLTW,744,ok,15.6292212570,33
OVRPLTW,745,ok,20.2113216113,28
OVRPLTW,746,ok,19.7468873663,29
OVRPLTW,747,ok,18.5400101013,31
OVRPLTW,748,ok,18.9790211756,29
OVRPLTW,749,ok,16.4456694423,26
OVRPLTW,750,ok,15.4534477493,28
OVRPLTW,751,ok,20.0431761876,31
OVRPLTW,752,ok,19.5199702094,33
OVRPLTW,753,ok,23.9010976327,30
OVRPLTW,754,ok,16.7706371111,27
OVRPLTW,755,ok,21.6965541557,31
OVRPLTW,756,ok,18.2740231449,28
OVRPLTW,757,ok,16.5538542608,28
OVRPLTW,758,ok,21.7077278869,31
OVRPLTW,759,ok,17.8218220941,25
OVRPLTW,760,ok,16.0775424405,31
OVRPLTW,761,ok,21.1575646324,28
OVRPLTW,762,ok,17.8076111334,26
OVRPLTW,763,ok,16.9335115262,29
OVRPLTW,764,ok,26.1873415463,28
OVRPLTW,765,ok,18.4205950024,28
OVRPLTW,766,ok,21.2962509076,27
OVRPLTW,767,ok,15.8987141438,27
OVRPLTW,768,ok,19.4510144064,25
OVRPLTW,769,ok,20.3640828687,29
OVRPLTW,770,ok,19.3222420815,30
OVRPLTW,771,ok,17.1327109381,29
OVRPLTW,772,ok,20.6533016683,29
OVRPLTW,773,ok,22.6877020783,30
OVRPLTW,774,ok,16.9161370321,30
OVRPLTW,775,ok,18.7179751200,30
OVRPLTW,776,ok,18.5324017956,26
OVRPLTW,777,ok,18.8099330285,25
OVRPLTW,778,ok,22.0967909225,27
OVRPLTW,779,ok,16.1882207069,29
OVRPLTW,780,ok,22.9688881189,33
OVRPLTW,781,ok,19.4649142887,28
OVRPLTW,782,ok,22.2529903314,27
OVRPLTW,783,ok,21.9301532475,31
OVRPLTW,784,ok,17.5694617555,31
OVRPLTW,785,ok,19.2298326697,27
OVRPLTW,786,ok,16.4379374242,30
OVRPLTW,787,ok,20.3295557631,29
OVRPLTW,788,ok,15.9217961555,31
OVRPLTW,789,ok,16.2817452559,26
OVRPLTW,790,ok,16.7392034175,27
OVRPLTW,791,ok,20.2187050213,29
OVRPLTW,792,ok,20.0702148109,26
OVRPLTW,793,ok,18.1795621109,28
OVRPLTW,794,ok,20.7152071753,29
OVRPLTW,795,ok,18.9867657666,28
OVRPLTW,796,ok,16.8712128606,30
OVRPLTW,797,ok,16.4973331134,28
OVRPLTW,798,ok,16.8004807387,27
OVRPLTW,799,ok,19.1046930069,26
OVRPLTW,800,ok,18.4242148216,26
OVRPLTW,801,ok,20.6546455464,29
OVRPLTW,802,ok,15.1375069056,26
OVRPLTW,803,ok,18.1683580259,32
OVRPLTW,804,ok,23.0781977516,33
OVRPLTW,805,ok,21.3107482838,27
OVRPLTW,806,ok,15.5306837282,26
OVRPLTW,807,ok,17.8128008779,30
OVRPLTW,808,ok,15.5091458900,29
OVRPLTW,809,ok,22.1854150657,28
OVRPLTW,810,ok,17.1967379177,29
OVRPLTW,811,ok,22.0617624751,28
OVRPLTW,812,ok,17.1478176979,31
OVRPLTW,813,ok,19.3689076395,31
OVRPLTW,814,ok,18.6571754705,27
OVRPLTW,815,ok,20.7747356476,29
OVRPLTW,816,ok,14.9368030872,29
OVRPLTW,817,ok,18.7387227806,27
OVRPLTW,818,ok,22.9953210752,28
OVRPLTW,819,ok,19.7466351700,27
OVRPLTW,820,ok,18.8139806142,28
OVRPLTW,821,ok,17.5105770278,26
OVRPLTW,822,ok,20.8627351733,30
OVRPLTW,823,ok,20.7303647582,30
OVRPLTW,824,ok,16.6589445228,26
OVRPLTW,825,ok,20.5297799651,30
OVRPLTW,826,ok,20.6969665272,29
OVRPLTW,827,ok,19.2935085105,26
OVRPLTW,828,ok,18.9213262005,28
OVRPLTW,829,ok,17.3386013237,28
OVRPLTW,830,ok,19.3001246039,27
OVRPLTW,831,ok,25.3031647274,30
OVRPLTW,832,ok,16.6711591161,27
OVRPLTW,833,ok,20.0790486575,29
OVRPLTW,834,ok,16.1335230044,29
OVRPLTW,835,ok,20.3546532261,27
OVRPLTW,836,ok,14.8875749135,30
OVRPLTW,837,ok,21.7754976507,30
OVRPLTW,838,ok,19.4993646825,27
OVRPLTW,839,ok,14.2940459329,28
OVRPLTW,840,ok,15.4736110767,28
OVRPLTW,841,ok,15.6816243277,32
OVRPLTW,842,ok,22.4309458563,31
OVRPLTW,843,ok,16.4791489611,29
OVRPLTW,844,ok,15.6497058238,28
OVRPLTW,845,ok,20.8161064500,31
OVRPLTW,846,ok,19.7215539527,30
OVRPLTW,847,ok,17.1112432759,28
OVRPLTW,848,ok,19.4813108556,31
OVRPLTW,849,ok,25.1005426509,28
OVRPLTW,850,ok,18.1776644718,29
OVRPLTW,851,ok,16.2038150903,30
OVRPLTW,852,ok,18.2841618643,28
OVRPLTW,853,ok,20.6049760498,27
OVRPLTW,854,ok,16.7924132230,32
OVRPLTW,855,ok,19.2606254906,26
OVRPLTW,856,ok,19.6417360741,30
OVRPLTW,857,ok,18.3992985036,28
OVRPLTW,858,ok,20.5346473629,28
OVRPLTW,859,ok,21.3304640600,28
OVRPLTW,860,ok,17.9168512861,28
OVRPLTW,861,ok,15.8446321135,26
OVRPLTW,862,ok,19.8777132627,29
OVRPLTW,863,ok,17.8107569299,30
OVRPLTW,864,ok,17.2672809579,29
OVRPLTW,865,ok,17.5223265166,28
OVRPLTW,866,ok,16.7701769196,27
OVRPLTW,867,ok,16.1503368758,26
OVRPLTW,868,ok,17.5747483747,27
OVRPLTW,869,ok,18.6142399367,28
OVRPLTW,870,ok,22.2601466227,30
OVRPLTW,871,ok,21.1660037003,30
OVRPLTW,872,ok,22.8359105041,28
OVRPLTW,873,ok,20.1311081902,27
OVRPLTW,874,ok,19.2985909981,27
OVRPLTW,875,ok,17.0318893904,30
OVRPLTW,876,ok,17.4884724826,29
OVRPLTW,877,ok,21.4710803061,28
OVRPLTW,878,ok,18.3066018382,31
OVRPLTW,879,ok,15.8115406850,28
OVRPLTW,880,ok,20.1647895337,29
OVRPLTW,881,ok,16.1303095444,29
OVRPLTW,882,ok,18.4316983849,29
OVRPLTW,883,ok,19.9769182413,29
OVRPLTW,884,ok,16.3744622354,31
OVRPLTW,885,ok,24.5541882366,28
OVRPLTW,886,ok,21.5899675929,28
OVRPLTW,887,ok,16.4465997065,29
OVRPLTW,888,ok,19.4603528484,27
OVRPLTW,889,ok,19.4475094615,27
OVRPLTW,890,ok,21.7068662073,26
OVRPLTW,891,ok,19.8571928424,28
OVRPLTW,892,ok,18.2408960084,27
OVRPLTW,893,ok,19.7764625946,25
OVRPLTW,894,ok,24.8592581188,27
OVRPLTW,895,ok,16.2712316102,27
OVRPLTW,896,ok,17.9190416340,27
OVRPLTW,897,ok,21.0052430254,28
OVRPLTW,898,ok,20.6712445468,29
OVRPLTW,899,ok,15.5529996641,29
OVRPLTW,900,ok,19.0529732987,27
OVRPLTW,901,ok,17.8240978248,28
OVRPLTW,902,ok,17.0862740907,27
OVRPLTW,903,ok,18.4976335851,27
OVRPLTW,904,ok,15.0871410000,27
OVRPLTW,905,ok,20.5900789039,28
OVRPLTW,906,ok,18.7972267476,31
OVRPLTW,907,ok,15.6763937225,31
OVRPLTW,908,ok,17.7356748359,27
OVRPLTW,909,ok,20.5814729338,29
OVRPLTW,910,ok,16.2825406692,30
OVRPLTW,911,ok,17.1066808574,29
OVRPLTW,912,ok,18.5160954368,27
OVRPLTW,913,ok,18.3827725184,29
OVRPLTW,914,ok,15.6570537671,30
OVRPLTW,915,ok,18.5079299530,30
OVRPLTW,916,ok,14.7926248605,28
OVRPLTW,917,ok,16.4713158722,32
OVRPLTW,918,ok,21.7998525869,29
OVRPLTW,919,ok,15.7936147702,28
OVRPLTW,920,ok,17.6343036124,29
OVRPLTW,921,ok,18.0171636512,26
OVRPLTW,922,ok,21.5201512128,29
OVRPLTW,923,ok,19.6199995599,28
OVRPLTW,924,ok,19.6789204329,28
OVRPLTW,925,ok,16.4693588781,27
OVRPLTW,926,ok,17.7405178620,28
OVRPLTW,927,ok,18.9133760769,29
OVRPLTW,928,ok,16.8205884417,31
OVRPLTW,929,ok,15.6551067326,27
OVRPLTW,930,ok,19.1520705583,31
OVRPLTW,931,ok,16.8889580738,29
OVRPLTW,932,ok,19.3467698139,26
OVRPLTW,933,ok,17.1603303804,26
OVRPLTW,934,ok,19.6090551887,27
OVRPLTW,935,ok,18.3622359107,30
OVRPLTW,936,ok,20.7659114882,27
OVRPLTW,937,ok,19.0629370875,33
OVRPLTW,938,ok,17.1461992576,29
OVRPLTW,939,ok,17.5588297410,30
OVRPLTW,940,ok,18.7033413117,31
OVRPLTW,941,ok,15.4967285786,31
OVRPLTW,942,ok,18.3195526507,30
OVRPLTW,943,ok,17.8618820377,28
OVRPLTW,944,ok,23.8337293819,28
OVRPLTW,945,ok,16.7823522902,28
OVRPLTW,946,ok,19.5072651458,31
OVRPLTW,947,ok,18.8600717008,26
OVRPLTW,948,ok,20.8910819042,31
OVRPLTW,949,ok,17.4602909889,32
OVRPLTW,950,ok,18.0281549217,27
OVRPLTW,951,ok,23.9520707237,28
OVRPLTW,952,ok,24.2824477514,29
OVRPLTW,953,ok,18.9055714161,29
OVRPLTW,954,ok,16.0301656677,32
OVRPLTW,955,ok,21.5604687190,31
OVRPLTW,956,ok,16.6441714068,29
OVRPLTW,957,ok,17.5793456287,31
OVRPLTW,958,ok,16.7608199977,30
OVRPLTW,959,ok,17.6899072245,28
OVRPLTW,960,ok,15.4000645013,27
OVRPLTW,961,ok,16.8479528459,26
OVRPLTW,962,ok,18.9464951093,28
OVRPLTW,963,ok,19.5986561223,30
OVRPLTW,964,ok,24.3303069257,31
OVRPLTW,965,ok,16.5769834691,30
OVRPLTW,966,ok,19.6622333179,32
OVRPLTW,967,ok,16.6851840873,31
OVRPLTW,968,ok,18.3982953400,25
OVRPLTW,969,ok,22.1342771701,27
OVRPLTW,970,ok,14.3323242891,26
OVRPLTW,971,ok,21.1717917178,29
OVRPLTW,972,ok,24.6929484178,27
OVRPLTW,973,ok,18.9318246571,27
OVRPLTW,974,ok,18.5589668164,27
OVRPLTW,975,ok,17.4928491504,28
OVRPLTW,976,ok,19.3811732976,31
OVRPLTW,977,ok,15.1463482684,25
OVRPLTW,978,ok,16.2838842009,29
OVRPLTW,979,ok,22.1296878357,28
OVRPLTW,980,ok,17.6565290586,30
OVRPLTW,981,ok,16.2185109934,31
OVRPLTW,982,ok,17.4877841520,26
OVRPLTW,983,ok,22.0970618844,29
OVRPLTW,984,ok,20.5620433870,28
OVRPLTW,985,ok,15.8311036831,30
OVRPLTW,986,ok,16.5819926385,29
OVRPLTW,987,ok,18.1839903751,31
OVRPLTW,988,ok,22.6609008560,32
OVRPLTW,989,ok,19.1072395000,27
OVRPLTW,990,ok,16.9493345444,27
OVRPLTW,991,ok,17.6970136351,30
OVRPLTW,992,ok,17.0002245325,30
OVRPLTW,993,ok,18.6684921060,30
OVRPLTW,994,ok,21.7662400547,29
OVRPLTW,995,ok,16.7039588225,29
OVRPLTW,996,ok,19.7162953083,27
OVRPLTW,997,ok,18.6404770434,30
OVRPLTW,998,ok,23.8877583327,29
OVRPLTW,999,ok,19.1905161587,27
VRPBLTW,0,no_feasible_candidate,,
VRPBLTW,1,no_feasible_candidate,,
VRPBLTW,2,no_feasible_candidate,,
VRPBLTW,3,no_feasible_candidate,,
VRPBLTW,4,no_feasible_candidate,,
VRPBLTW,5,no_feasible_candidate,,
VRPBLTW,6,no_feasible_candidate,,
VRPBLTW,7,no_feasible_candidate,,
VRPBLTW,8,no_feasible_candidate,,
VRPBLTW,9,no_feasible_candidate,,
VRPBLTW,10,no_feasible_candidate,,
VRPBLTW,11,no_feasible_candidate,,
VRPBLTW,12,no_feasible_candidate,,
VRPBLTW,13,no_feasible_candidate,,
VRPBLTW,14,no_feasible_candidate,,
VRPBLTW,15,no_feasible_candidate,,
VRPBLTW,16,no_feasible_candidate,,
VRPBLTW,17,no_feasible_candidate,,
VRPBLTW,18,no_feasible_candidate,,
VRPBLTW,19,no_feasible_candidate,,
VRPBLTW,20,no_feasible_candidate,,
VRPBLTW,21,no_feasible_candidate,,
VRPBLTW,22,no_feasible_candidate,,
VRPBLTW,23,no_feasible_candidate,,
VRPBLTW,24,no_feasible_candidate,,
VRPBLTW,25,no_feasible_candidate,,
VRPBLTW,26,no_feasible_candidate,,
VRPBLTW,27,no_feasible_candidate,,
VRPBLTW,28,no_feasible_candidate,,
VRPBLTW,29,no_feasible_candidate,,
VRPBLTW,30,no_feasible_candidate,,
VRPBLTW,31,no_feasible_candidate,,
VRPBLTW,32,no_feasible_candidate,,
VRPBLTW,33,no_feasible_candidate,,
VRPBLTW,34,no_feasible_candidate,,
VRPBLTW,35,no_feasible_candidate,,
VRPBLTW,36,no_feasible_candidate,,
VRPBLTW,37,no_feasible_candidate,,
VRPBLTW,38,no_feasible_candidate,,
VRPBLTW,39,no_feasible_candidate,,
VRPBLTW,40,no_feasible_candidate,,
VRPBLTW,41,no_feasible_candidate,,
VRPBLTW,42,no_feasible_candidate,,
VRPBLTW,43,no_feasible_candidate,,
VRPBLTW,44,no_feasible_candidate,,
VRPBLTW,45,no_feasible_candidate,,
VRPBLTW,46,no_feasible_candidate,,
VRPBLTW,47,no_feasible_candidate,,
VRPBLTW,48,no_feasible_candidate,,
VRPBLTW,49,no_feasible_candidate,,
VRPBLTW,50,no_feasible_candidate,,
VRPBLTW,51,no_feasible_candidate,,
VRPBLTW,52,no_feasible_candidate,,
VRPBLTW,53,no_feasible_candidate,,
VRPBLTW,54,no_feasible_candidate,,
VRPBLTW,55,no_feasible_candidate,,
VRPBLTW,56,no_feasible_candidate,,
VRPBLTW,57,no_feasible_candidate,,
VRPBLTW,58,no_feasible_candidate,,
VRPBLTW,59,no_feasible_candidate,,
VRPBLTW,60,no_feasible_candidate,,
VRPBLTW,61,no_feasible_candidate,,
VRPBLTW,62,no_feasible_candidate,,
VRPBLTW,63,no_feasible_candidate,,
VRPBLTW,64,no_feasible_candidate,,
VRPBLTW,65,no_feasible_candidate,,
VRPBLTW,66,no_feasible_candidate,,
VRPBLTW,67,no_feasible_candidate,,
VRPBLTW,68,no_feasible_candidate,,
VRPBLTW,69,no_feasible_candidate,,
VRPBLTW,70,no_feasible_candidate,,
VRPBLTW,71,no_feasible_candidate,,
VRPBLTW,72,no_feasible_candidate,,
VRPBLTW,73,no_feasible_candidate,,
VRPBLTW,74,no_feasible_candidate,,
VRPBLTW,75,ok,54.2527327804,31
VRPBLTW,76,no_feasible_candidate,,
VRPBLTW,77,no_feasible_candidate,,
VRPBLTW,78,no_feasible_candidate,,
VRPBLTW,79,no_feasible_candidate,,
VRPBLTW,80,no_feasible_candidate,,
VRPBLTW,81,no_feasible_candidate,,
VRPBLTW,82,no_feasible_candidate,,
VRPBLTW,83,no_feasible_candidate,,
VRPBLTW,84,no_feasible_candidate,,
VRPBLTW,85,no_feasible_candidate,,
VRPBLTW,86,no_feasible_candidate,,
VRPBLTW,87,no_feasible_candidate,,
VRPBLTW,88,no_feasible_candidate,,
VRPBLTW,89,no_feasible_candidate,,
VRPBLTW,90,no_feasible_candidate,,
VRPBLTW,91,no_feasible_candidate,,
VRPBLTW,92,no_feasible_candidate,,
VRPBLTW,93,no_feasible_candidate,,
VRPBLTW,94,ok,52.7570333156,34
VRPBLTW,95,no_feasible_candidate,,
VRPBLTW,96,no_feasible_candidate,,
VRPBLTW,97,no_feasible_candidate,,
VRPBLTW,98,no_feasible_candidate,,
VRPBLTW,99,no_feasible_candidate,,
VRPBLTW,100,no_feasible_candidate,,
VRPBLTW,101,no_feasible_candidate,,
VRPBLTW,102,no_feasible_candidate,,
VRPBLTW,103,no_feasible_candidate,,
VRPBLTW,104,no_feasible_candidate,,
VRPBLTW,105,no_feasible_candidate,,
VRPBLTW,106,no_feasible_candidate,,
VRPBLTW,107,no_feasible_candidate,,
VRPBLTW,108,no_feasible_candidate,,
VRPBLTW,109,no_feasible_candidate,,
VRPBLTW,110,no_feasible_candidate,,
VRPBLTW,111,no_feasible_candidate,,
VRPBLTW,112,no_feasible_candidate,,
VRPBLTW,113,no_feasible_candidate,,
VRPBLTW,114,no_feasible_candidate,,
VRPBLTW,115,no_feasible_candidate,,
VRPBLTW,116,no_feasible_candidate,,
VRPBLTW,117,no_feasible_candidate,,
VRPBLTW,118,no_feasible_candidate,,
VRPBLTW,119,no_feasible_candidate,,
VRPBLTW,120,no_feasible_candidate,,
VRPBLTW,121,no_feasible_candidate,,
VRPBLTW,122,no_feasible_candidate,,
VRPBLTW,123,no_feasible_candidate,,
VRPBLTW,124,no_feasible_candidate,,
VRPBLTW,125,no_feasible_candidate,,
VRPBLTW,126,no_feasible_candidate,,
VRPBLTW,127,no_feasible_candidate,,
VRPBLTW,128,no_feasible_candidate,,
VRPBLTW,129,no_feasible_candidate,,
VRPBLTW,130,no_feasible_candidate,,
VRPBLTW,131,no_feasible_candidate,,
VRPBLTW,132,no_feasible_candidate,,
VRPBLTW,133,no_feasible_candidate,,
VRPBLTW,134,ok,31.2449800567,27
VRPBLTW,135,no_feasible_candidate,,
VRPBLTW,136,no_feasible_candidate,,
VRPBLTW,137,no_feasible_candidate,,
VRPBLTW,138,no_feasible_candidate,,
VRPBLTW,139,no_feasible_candidate,,
VRPBLTW,140,no_feasible_candidate,,
VRPBLTW,141,no_feasible_candidate,,
VRPBLTW,142,no_feasible_candidate,,
VRPBLTW,143,no_feasible_candidate,,
VRPBLTW,144,no_feasible_candidate,,
VRPBLTW,145,no_feasible_candidate,,
VRPBLTW,146,no_feasible_candidate,,
VRPBLTW,147,ok,42.4028812108,29
VRPBLTW,148,no_feasible_candidate,,
VRPBLTW,149,no_feasible_candidate,,
VRPBLTW,150,no_feasible_candidate,,
VRPBLTW,151,no_feasible_candidate,,
VRPBLTW,152,no_feasible_candidate,,
VRPBLTW,153,no_feasible_candidate,,
VRPBLTW,154,no_feasible_candidate,,
VRPBLTW,155,no_feasible_candidate,,
VRPBLTW,156,no_feasible_candidate,,
VRPBLTW,157,no_feasible_candidate,,
VRPBLTW,158,no_feasible_candidate,,
VRPBLTW,159,no_feasible_candidate,,
VRPBLTW,160,no_feasible_candidate,,
VRPBLTW,161,ok,40.8674485779,30
VRPBLTW,162,no_feasible_candidate,,
VRPBLTW,163,no_feasible_candidate,,
VRPBLTW,164,no_feasible_candidate,,
VRPBLTW,165,no_feasible_candidate,,
VRPBLTW,166,no_feasible_candidate,,
VRPBLTW,167,no_feasible_candidate,,
VRPBLTW,168,no_feasible_candidate,,
VRPBLTW,169,no_feasible_candidate,,
VRPBLTW,170,no_feasible_candidate,,
VRPBLTW,171,no_feasible_candidate,,
VRPBLTW,172,no_feasible_candidate,,
VRPBLTW,173,no_feasible_candidate,,
VRPBLTW,174,no_feasible_candidate,,
VRPBLTW,175,no_feasible_candidate,,
VRPBLTW,176,no_feasible_candidate,,
VRPBLTW,177,no_feasible_candidate,,
VRPBLTW,178,no_feasible_candidate,,
VRPBLTW,179,no_feasible_candidate,,
VRPBLTW,180,no_feasible_candidate,,
VRPBLTW,181,no_feasible_candidate,,
VRPBLTW,182,no_feasible_candidate,,
VRPBLTW,183,no_feasible_candidate,,
VRPBLTW,184,no_feasible_candidate,,
VRPBLTW,185,no_feasible_candidate,,
VRPBLTW,186,no_feasible_candidate,,
VRPBLTW,187,no_feasible_candidate,,
VRPBLTW,188,no_feasible_candidate,,
VRPBLTW,189,no_feasible_candidate,,
VRPBLTW,190,no_feasible_candidate,,
VRPBLTW,191,no_feasible_candidate,,
VRPBLTW,192,no_feasible_candidate,,
VRPBLTW,193,no_feasible_candidate,,
VRPBLTW,194,no_feasible_candidate,,
VRPBLTW,195,no_feasible_candidate,,
VRPBLTW,196,no_feasible_candidate,,
VRPBLTW,197,no_feasible_candidate,,
VRPBLTW,198,no_feasible_candidate,,
VRPBLTW,199,no_feasible_candidate,,
VRPBLTW,200,no_feasible_candidate,,
VRPBLTW,201,no_feasible_candidate,,
VRPBLTW,202,no_feasible_candidate,,
VRPBLTW,203,no_feasible_candidate,,
VRPBLTW,204,no_feasible_candidate,,
VRPBLTW,205,no_feasible_candidate,,
VRPBLTW,206,no_feasible_candidate,,
VRPBLTW,207,no_feasible_candidate,,
VRPBLTW,208,no_feasible_candidate,,
VRPBLTW,209,no_feasible_candidate,,
VRPBLTW,210,no_feasible_candidate,,
VRPBLTW,211,no_feasible_candidate,,
VRPBLTW,212,no_feasible_candidate,,
VRPBLTW,213,no_feasible_candidate,,
VRPBLTW,214,no_feasible_candidate,,
VRPBLTW,215,no_feasible_candidate,,
VRPBLTW,216,no_feasible_candidate,,
VRPBLTW,217,no_feasible_candidate,,
VRPBLTW,218,no_feasible_candidate,,
VRPBLTW,219,no_feasible_candidate,,
VRPBLTW,220,no_feasible_candidate,,
VRPBLTW,221,no_feasible_candidate,,
VRPBLTW,222,no_feasible_candidate,,
VRPBLTW,223,no_feasible_candidate,,
VRPBLTW,224,no_feasible_candidate,,
VRPBLTW,225,no_feasible_candidate,,
VRPBLTW,226,no_feasible_candidate,,
VRPBLTW,227,no_feasible_candidate,,
VRPBLTW,228,no_feasible_candidate,,
VRPBLTW,229,no_feasible_candidate,,
VRPBLTW,230,no_feasible_candidate,,
VRPBLTW,231,no_feasible_candidate,,
VRPBLTW,232,no_feasible_candidate,,
VRPBLTW,233,no_feasible_candidate,,
VRPBLTW,234,no_feasible_candidate,,
VRPBLTW,235,no_feasible_candidate,,
VRPBLTW,236,no_feasible_candidate,,
VRPBLTW,237,no_feasible_candidate,,
VRPBLTW,238,no_feasible_candidate,,
VRPBLTW,239,no_feasible_candidate,,
VRPBLTW,240,no_feasible_candidate,,
VRPBLTW,241,no_feasible_candidate,,
VRPBLTW,242,no_feasible_candidate,,
VRPBLTW,243,no_feasible_candidate,,
VRPBLTW,244,no_feasible_candidate,,
VRPBLTW,245,no_feasible_candidate,,
VRPBLTW,246,no_feasible_candidate,,
VRPBLTW,247,no_feasible_candidate,,
VRPBLTW,248,no_feasible_candidate,,
VRPBLTW,249,no_feasible_candidate,,
VRPBLTW,250,no_feasible_candidate,,
VRPBLTW,251,no_feasible_candidate,,
VRPBLTW,252,no_feasible_candidate,,
VRPBLTW,253,no_feasible_candidate,,
VRPBLTW,254,no_feasible_candidate,,
VRPBLTW,255,no_feasible_candidate,,
VRPBLTW,256,no_feasible_candidate,,
VRPBLTW,257,no_feasible_candidate,,
VRPBLTW,258,no_feasible_candidate,,
VRPBLTW,259,no_feasible_candidate,,
VRPBLTW,260,no_feasible_candidate,,
VRPBLTW,261,no_feasible_candidate,,
VRPBLTW,262,no_feasible_candidate,,
VRPBLTW,263,no_feasible_candidate,,
VRPBLTW,264,no_feasible_candidate,,
VRPBLTW,265,no_feasible_candidate,,
VRPBLTW,266,no_feasible_candidate,,
VRPBLTW,267,no_feasible_candidate,,
VRPBLTW,268,no_feasible_candidate,,
VRPBLTW,269,no_feasible_candidate,,
VRPBLTW,270,no_feasible_candidate,,
VRPBLTW,271,no_feasible_candidate,,
VRPBLTW,272,no_feasible_candidate,,
VRPBLTW,273,no_feasible_candidate,,
VRPBLTW,274,no_feasible_candidate,,
VRPBLTW,275,no_feasible_candidate,,
VRPBLTW,276,no_feasible_candidate,,
VRPBLTW,277,no_feasible_candidate,,
VRPBLTW,278,no_feasible_candidate,,
VRPBLTW,279,no_feasible_candidate,,
VRPBLTW,280,no_feasible_candidate,,
VRPBLTW,281,no_feasible_candidate,,
VRPBLTW,282,no_feasible_candidate,,
VRPBLTW,283,no_feasible_candidate,,
VRPBLTW,284,no_feasible_candidate,,
VRPBLTW,285,no_feasible_candidate,,
VRPBLTW,286,no_feasible_candidate,,
VRPBLTW,287,no_feasible_candidate,,
VRPBLTW,288,no_feasible_candidate,,
VRPBLTW,289,no_feasible_candidate,,
VRPBLTW,290,no_feasible_candidate,,
VRPBLTW,291,no_feasible_candidate,,
VRPBLTW,292,no_feasible_candidate,,
VRPBLTW,293,no_feasible_candidate,,
VRPBLTW,294,no_feasible_candidate,,
VRPBLTW,295,no_feasible_candidate,,
VRPBLTW,296,no_feasible_candidate,,
VRPBLTW,297,no_feasible_candidate,,
VRPBLTW,298,no_feasible_candidate,,
VRPBLTW,299,no_feasible_candidate,,
VRPBLTW,300,no_feasible_candidate,,
VRPBLTW,301,no_feasible_candidate,,
VRPBLTW,302,no_feasible_candidate,,
VRPBLTW,303,no_feasible_candidate,,
VRPBLTW,304,no_feasible_candidate,,
VRPBLTW,305,no_feasible_candidate,,
VRPBLTW,306,no_feasible_candidate,,
VRPBLTW,307,no_feasible_candidate,,
VRPBLTW,308,no_feasible_candidate,,
VRPBLTW,309,no_feasible_candidate,,
VRPBLTW,310,no_feasible_candidate,,
VRPBLTW,311,no_feasible_candidate,,
VRPBLTW,312,no_feasible_candidate,,
VRPBLTW,313,no_feasible_candidate,,
VRPBLTW,314,no_feasible_candidate,,
VRPBLTW,315,no_feasible_candidate,,
VRPBLTW,316,no_feasible_candidate,,
VRPBLTW,317,no_feasible_candidate,,
VRPBLTW,318,no_feasible_candidate,,
VRPBLTW,319,no_feasible_candidate,,
VRPBLTW,320,no_feasible_candidate,,
VRPBLTW,321,no_feasible_candidate,,
VRPBLTW,322,no_feasible_candidate,,
VRPBLTW,323,no_feasible_candidate,,
VRPBLTW,324,no_feasible_candidate,,
VRPBLTW,325,no_feasible_candidate,,
VRPBLTW,326,no_feasible_candidate,,
VRPBLTW,327,no_feasible_candidate,,
VRPBLTW,328,no_feasible_candidate,,
VRPBLTW,329,no_feasible_candidate,,
VRPBLTW,330,no_feasible_candidate,,
VRPBLTW,331,no_feasible_candidate,,
VRPBLTW,332,no_feasible_candidate,,
VRPBLTW,333,no_feasible_candidate,,
VRPBLTW,334,no_feasible_candidate,,
VRPBLTW,335,no_feasible_candidate,,
VRPBLTW,336,no_feasible_candidate,,
VRPBLTW,337,no_feasible_candidate,,
VRPBLTW,338,no_feasible_candidate,,
VRPBLTW,339,no_feasible_candidate,,
VRPBLTW,340,no_feasible_candidate,,
VRPBLTW,341,no_feasible_candidate,,
VRPBLTW,342,no_feasible_candidate,,
VRPBLTW,343,no_feasible_candidate,,
VRPBLTW,344,no_feasible_candidate,,
VRPBLTW,345,no_feasible_candidate,,
VRPBLTW,346,no_feasible_candidate,,
VRPBLTW,347,no_feasible_candidate,,
VRPBLTW,348,no_feasible_candidate,,
VRPBLTW,349,no_feasible_candidate,,
VRPBLTW,350,no_feasible_candidate,,
VRPBLTW,351,no_feasible_candidate,,
VRPBLTW,352,no_feasible_candidate,,
VRPBLTW,353,no_feasible_candidate,,
VRPBLTW,354,no_feasible_candidate,,
VRPBLTW,355,no_feasible_candidate,,
VRPBLTW,356,no_feasible_candidate,,
VRPBLTW,357,no_feasible_candidate,,
VRPBLTW,358,no_feasible_candidate,,
VRPBLTW,359,no_feasible_candidate,,
VRPBLTW,360,no_feasible_candidate,,
VRPBLTW,361,no_feasible_candidate,,
VRPBLTW,362,no_feasible_candidate,,
VRPBLTW,363,no_feasible_candidate,,
VRPBLTW,364,no_feasible_candidate,,
VRPBLTW,365,no_feasible_candidate,,
VRPBLTW,366,no_feasible_candidate,,
VRPBLTW,367,no_feasible_candidate,,
VRPBLTW,368,no_feasible_candidate,,
VRPBLTW,369,no_feasible_candidate,,
VRPBLTW,370,no_feasible_candidate,,
VRPBLTW,371,no_feasible_candidate,,
VRPBLTW,372,no_feasible_candidate,,
VRPBLTW,373,no_feasible_candidate,,
VRPBLTW,374,no_feasible_candidate,,
VRPBLTW,375,no_feasible_candidate,,
VRPBLTW,376,no_feasible_candidate,,
VRPBLTW,377,no_feasible_candidate,,
VRPBLTW,378,no_feasible_candidate,,
VRPBLTW,379,no_feasible_candidate,,
VRPBLTW,380,no_feasible_candidate,,
VRPBLTW,381,no_feasible_candidate,,
VRPBLTW,382,no_feasible_candidate,,
VRPBLTW,383,no_feasible_candidate,,
VRPBLTW,384,no_feasible_candidate,,
VRPBLTW,385,no_feasible_candidate,,
VRPBLTW,386,no_feasible_candidate,,
VRPBLTW,387,no_feasible_candidate,,
VRPBLTW,388,no_feasible_candidate,,
VRPBLTW,389,no_feasible_candidate,,
VRPBLTW,390,no_feasible_candidate,,
VRPBLTW,391,no_feasible_candidate,,
VRPBLTW,392,no_feasible_candidate,,
VRPBLTW,393,no_feasible_candidate,,
VRPBLTW,394,no_feasible_candidate,,
VRPBLTW,395,no_feasible_candidate,,
VRPBLTW,396,no_feasible_candidate,,
VRPBLTW,397,no_feasible_candidate,,
VRPBLTW,398,no_feasible_candidate,,
VRPBLTW,399,no_feasible_candidate,,
VRPBLTW,400,no_feasible_candidate,,
VRPBLTW,401,no_feasible_candidate,,
VRPBLTW,402,no_feasible_candidate,,
VRPBLTW,403,no_feasible_candidate,,
VRPBLTW,404,no_feasible_candidate,,
VRPBLTW,405,ok,46.5859839207,32
VRPBLTW,406,no_feasible_candidate,,
VRPBLTW,407,no_feasible_candidate,,
VRPBLTW,408,no_feasible_candidate,,
VRPBLTW,409,no_feasible_candidate,,
VRPBLTW,410,no_feasible_candidate,,
VRPBLTW,411,no_feasible_candidate,,
VRPBLTW,412,no_feasible_candidate,,
VRPBLTW,413,no_feasible_candidate,,
VRPBLTW,414,no_feasible_candidate,,
VRPBLTW,415,no_feasible_candidate,,
VRPBLTW,416,no_feasible_candidate,,
VRPBLTW,417,no_feasible_candidate,,
VRPBLTW,418,no_feasible_candidate,,
VRPBLTW,419,no_feasible_candidate,,
VRPBLTW,420,no_feasible_candidate,,
VRPBLTW,421,no_feasible_candidate,,
VRPBLTW,422,no_feasible_candidate,,
VRPBLTW,423,no_feasible_candidate,,
VRPBLTW,424,no_feasible_candidate,,
VRPBLTW,425,no_feasible_candidate,,
VRPBLTW,426,no_feasible_candidate,,
VRPBLTW,427,no_feasible_candidate,,
VRPBLTW,428,no_feasible_candidate,,
VRPBLTW,429,no_feasible_candidate,,
VRPBLTW,430,no_feasible_candidate,,
VRPBLTW,431,no_feasible_candidate,,
VRPBLTW,432,no_feasible_candidate,,
VRPBLTW,433,no_feasible_candidate,,
VRPBLTW,434,no_feasible_candidate,,
VRPBLTW,435,no_feasible_candidate,,
VRPBLTW,436,no_feasible_candidate,,
VRPBLTW,437,no_feasible_candidate,,
VRPBLTW,438,no_feasible_candidate,,
VRPBLTW,439,no_feasible_candidate,,
VRPBLTW,440,no_feasible_candidate,,
VRPBLTW,441,no_feasible_candidate,,
VRPBLTW,442,no_feasible_candidate,,
VRPBLTW,443,no_feasible_candidate,,
VRPBLTW,444,no_feasible_candidate,,
VRPBLTW,445,no_feasible_candidate,,
VRPBLTW,446,no_feasible_candidate,,
VRPBLTW,447,no_feasible_candidate,,
VRPBLTW,448,no_feasible_candidate,,
VRPBLTW,449,no_feasible_candidate,,
VRPBLTW,450,no_feasible_candidate,,
VRPBLTW,451,no_feasible_candidate,,
VRPBLTW,452,no_feasible_candidate,,
VRPBLTW,453,no_feasible_candidate,,
VRPBLTW,454,no_feasible_candidate,,
VRPBLTW,455,no_feasible_candidate,,
VRPBLTW,456,no_feasible_candidate,,
VRPBLTW,457,no_feasible_candidate,,
VRPBLTW,458,no_feasible_candidate,,
VRPBLTW,459,no_feasible_candidate,,
VRPBLTW,460,no_feasible_candidate,,
VRPBLTW,461,no_feasible_candidate,,
VRPBLTW,462,no_feasible_candidate,,
VRPBLTW,463,no_feasible_candidate,,
VRPBLTW,464,no_feasible_candidate,,
VRPBLTW,465,no_feasible_candidate,,
VRPBLTW,466,no_feasible_candidate,,
VRPBLTW,467,no_feasible_candidate,,
VRPBLTW,468,no_feasible_candidate,,
VRPBLTW,469,no_feasible_candidate,,
VRPBLTW,470,no_feasible_candidate,,
VRPBLTW,471,no_feasible_candidate,,
VRPBLTW,472,no_feasible_candidate,,
VRPBLTW,473,no_feasible_candidate,,
VRPBLTW,474,no_feasible_candidate,,
VRPBLTW,475,no_feasible_candidate,,
VRPBLTW,476,no_feasible_candidate,,
VRPBLTW,477,no_feasible_candidate,,
VRPBLTW,478,no_feasible_candidate,,
VRPBLTW,479,no_feasible_candidate,,
VRPBLTW,480,no_feasible_candidate,,
VRPBLTW,481,no_feasible_candidate,,
VRPBLTW,482,no_feasible_candidate,,
VRPBLTW,483,no_feasible_candidate,,
VRPBLTW,484,no_feasible_candidate,,
VRPBLTW,485,no_feasible_candidate,,
VRPBLTW,486,no_feasible_candidate,,
VRPBLTW,487,no_feasible_candidate,,
VRPBLTW,488,no_feasible_candidate,,
VRPBLTW,489,no_feasible_candidate,,
VRPBLTW,490,no_feasible_candidate,,
VRPBLTW,491,no_feasible_candidate,,
VRPBLTW,492,no_feasible_candidate,,
VRPBLTW,493,no_feasible_candidate,,
VRPBLTW,494,no_feasible_candidate,,
VRPBLTW,495,no_feasible_candidate,,
VRPBLTW,496,no_feasible_candidate,,
VRPBLTW,497,no_feasible_candidate,,
VRPBLTW,498,no_feasible_candidate,,
VRPBLTW,499,no_feasible_candidate,,
VRPBLTW,500,no_feasible_candidate,,
VRPBLTW,501,no_feasible_candidate,,
VRPBLTW,502,no_feasible_candidate,,
VRPBLTW,503,no_feasible_candidate,,
VRPBLTW,504,no_feasible_candidate,,
VRPBLTW,505,no_feasible_candidate,,
VRPBLTW,506,no_feasible_candidate,,
VRPBLTW,507,no_feasible_candidate,,
VRPBLTW,508,no_feasible_candidate,,
VRPBLTW,509,no_feasible_candidate,,
VRPBLTW,510,no_feasible_candidate,,
VRPBLTW,511,no_feasible_candidate,,
VRPBLTW,512,no_feasible_candidate,,
VRPBLTW,513,no_feasible_candidate,,
VRPBLTW,514,no_feasible_candidate,,
VRPBLTW,515,no_feasible_candidate,,
VRPBLTW,516,no_feasible_candidate,,
VRPBLTW,517,no_feasible_candidate,,
VRPBLTW,518,no_feasible_candidate,,
VRPBLTW,519,no_feasible_candidate,,
VRPBLTW,520,no_feasible_candidate,,
VRPBLTW,521,no_feasible_candidate,,
VRPBLTW,522,no_feasible_candidate,,
VRPBLTW,523,no_feasible_candidate,,
VRPBLTW,524,no_feasible_candidate,,
VRPBLTW,525,no_feasible_candidate,,
VRPBLTW,526,no_feasible_candidate,,
VRPBLTW,527,no_feasible_candidate,,
VRPBLTW,528,no_feasible_candidate,,
VRPBLTW,529,no_feasible_candidate,,
VRPBLTW,530,ok,38.0104125013,32
VRPBLTW,531,no_feasible_candidate,,
VRPBLTW,532,no_feasible_candidate,,
VRPBLTW,533,no_feasible_candidate,,
VRPBLTW,534,no_feasible_candidate,,
VRPBLTW,535,no_feasible_candidate,,
VRPBLTW,536,no_feasible_candidate,,
VRPBLTW,537,no_feasible_candidate,,
VRPBLTW,538,no_feasible_candidate,,
VRPBLTW,539,no_feasible_candidate,,
VRPBLTW,540,no_feasible_candidate,,
VRPBLTW,541,no_feasible_candidate,,
VRPBLTW,542,no_feasible_candidate,,
VRPBLTW,543,no_feasible_candidate,,
VRPBLTW,544,no_feasible_candidate,,
VRPBLTW,545,no_feasible_candidate,,
VRPBLTW,546,no_feasible_candidate,,
VRPBLTW,547,no_feasible_candidate,,
VRPBLTW,548,no_feasible_candidate,,
VRPBLTW,549,no_feasible_candidate,,
VRPBLTW,550,no_feasible_candidate,,
VRPBLTW,551,no_feasible_candidate,,
VRPBLTW,552,no_feasible_candidate,,
VRPBLTW,553,no_feasible_candidate,,
VRPBLTW,554,no_feasible_candidate,,
VRPBLTW,555,no_feasible_candidate,,
VRPBLTW,556,no_feasible_candidate,,
VRPBLTW,557,no_feasible_candidate,,
VRPBLTW,558,no_feasible_candidate,,
VRPBLTW,559,no_feasible_candidate,,
VRPBLTW,560,no_feasible_candidate,,
VRPBLTW,561,no_feasible_candidate,,
VRPBLTW,562,no_feasible_candidate,,
VRPBLTW,563,no_feasible_candidate,,
VRPBLTW,564,no_feasible_candidate,,
VRPBLTW,565,no_feasible_candidate,,
VRPBLTW,566,no_feasible_candidate,,
VRPBLTW,567,no_feasible_candidate,,
VRPBLTW,568,no_feasible_candidate,,
VRPBLTW,569,no_feasible_candidate,,
VRPBLTW,570,no_feasible_candidate,,
VRPBLTW,571,no_feasible_candidate,,
VRPBLTW,572,no_feasible_candidate,,
VRPBLTW,573,no_feasible_candidate,,
VRPBLTW,574,no_feasible_candidate,,
VRPBLTW,575,no_feasible_candidate,,
VRPBLTW,576,no_feasible_candidate,,
VRPBLTW,577,no_feasible_candidate,,
VRPBLTW,578,no_feasible_candidate,,
VRPBLTW,579,no_feasible_candidate,,
VRPBLTW,580,no_feasible_candidate,,
VRPBLTW,581,no_feasible_candidate,,
VRPBLTW,582,no_feasible_candidate,,
VRPBLTW,583,no_feasible_candidate,,
VRPBLTW,584,no_feasible_candidate,,
VRPBLTW,585,no_feasible_candidate,,
VRPBLTW,586,no_feasible_candidate,,
VRPBLTW,587,no_feasible_candidate,,
VRPBLTW,588,no_feasible_candidate,,
VRPBLTW,589,no_feasible_candidate,,
VRPBLTW,590,no_feasible_candidate,,
VRPBLTW,591,no_feasible_candidate,,
VRPBLTW,592,no_feasible_candidate,,
VRPBLTW,593,no_feasible_candidate,,
VRPBLTW,594,no_feasible_candidate,,
VRPBLTW,595,no_feasible_candidate,,
VRPBLTW,596,no_feasible_candidate,,
VRPBLTW,597,no_feasible_candidate,,
VRPBLTW,598,no_feasible_candidate,,
VRPBLTW,599,no_feasible_candidate,,
VRPBLTW,600,no_feasible_candidate,,
VRPBLTW,601,no_feasible_candidate,,
VRPBLTW,602,no_feasible_candidate,,
VRPBLTW,603,no_feasible_candidate,,
VRPBLTW,604,no_feasible_candidate,,
VRPBLTW,605,no_feasible_candidate,,
VRPBLTW,606,no_feasible_candidate,,
VRPBLTW,607,no_feasible_candidate,,
VRPBLTW,608,no_feasible_candidate,,
VRPBLTW,609,no_feasible_candidate,,
VRPBLTW,610,no_feasible_candidate,,
VRPBLTW,611,no_feasible_candidate,,
VRPBLTW,612,no_feasible_candidate,,
VRPBLTW,613,no_feasible_candidate,,
VRPBLTW,614,no_feasible_candidate,,
VRPBLTW,615,no_feasible_candidate,,
VRPBLTW,616,no_feasible_candidate,,
VRPBLTW,617,no_feasible_candidate,,
VRPBLTW,618,no_feasible_candidate,,
VRPBLTW,619,no_feasible_candidate,,
VRPBLTW,620,no_feasible_candidate,,
VRPBLTW,621,no_feasible_candidate,,
VRPBLTW,622,no_feasible_candidate,,
VRPBLTW,623,no_feasible_candidate,,
VRPBLTW,624,no_feasible_candidate,,
VRPBLTW,625,no_feasible_candidate,,
VRPBLTW,626,no_feasible_candidate,,
VRPBLTW,627,no_feasible_candidate,,
VRPBLTW,628,no_feasible_candidate,,
VRPBLTW,629,no_feasible_candidate,,
VRPBLTW,630,no_feasible_candidate,,
VRPBLTW,631,no_feasible_candidate,,
VRPBLTW,632,no_feasible_candidate,,
VRPBLTW,633,no_feasible_candidate,,
VRPBLTW,634,no_feasible_candidate,,
VRPBLTW,635,no_feasible_candidate,,
VRPBLTW,636,no_feasible_candidate,,
VRPBLTW,637,no_feasible_candidate,,
VRPBLTW,638,no_feasible_candidate,,
VRPBLTW,639,no_feasible_candidate,,
VRPBLTW,640,no_feasible_candidate,,
VRPBLTW,641,no_feasible_candidate,,
VRPBLTW,642,no_feasible_candidate,,
VRPBLTW,643,no_feasible_candidate,,
VRPBLTW,644,no_feasible_candidate,,
VRPBLTW,645,no_feasible_candidate,,
VRPBLTW,646,no_feasible_candidate,,
VRPBLTW,647,no_feasible_candidate,,
VRPBLTW,648,no_feasible_candidate,,
VRPBLTW,649,no_feasible_candidate,,
VRPBLTW,650,no_feasible_candidate,,
VRPBLTW,651,no_feasible_candidate,,
VRPBLTW,652,no_feasible_candidate,,
VRPBLTW,653,no_feasible_candidate,,
VRPBLTW,654,no_feasible_candidate,,
VRPBLTW,655,no_feasible_candidate,,
VRPBLTW,656,no_feasible_candidate,,
VRPBLTW,657,no_feasible_candidate,,
VRPBLTW,658,no_feasible_candidate,,
VRPBLTW,659,no_feasible_candidate,,
VRPBLTW,660,no_feasible_candidate,,
VRPBLTW,661,no_feasible_candidate,,
VRPBLTW,662,no_feasible_candidate,,
VRPBLTW,663,no_feasible_candidate,,
VRPBLTW,664,no_feasible_candidate,,
VRPBLTW,665,no_feasible_candidate,,
VRPBLTW,666,no_feasible_candidate,,
VRPBLTW,667,no_feasible_candidate,,
VRPBLTW,668,no_feasible_candidate,,
VRPBLTW,669,no_feasible_candidate,,
VRPBLTW,670,no_feasible_candidate,,
VRPBLTW,671,no_feasible_candidate,,
VRPBLTW,672,no_feasible_candidate,,
VRPBLTW,673,no_feasible_candidate,,
VRPBLTW,674,no_feasible_candidate,,
VRPBLTW,675,no_feasible_candidate,,
VRPBLTW,676,no_feasible_candidate,,
VRPBLTW,677,no_feasible_candidate,,
VRPBLTW,678,no_feasible_candidate,,
VRPBLTW,679,no_feasible_candidate,,
VRPBLTW,680,no_feasible_candidate,,
VRPBLTW,681,no_feasible_candidate,,
VRPBLTW,682,no_feasible_candidate,,
VRPBLTW,683,no_feasible_candidate,,
VRPBLTW,684,no_feasible_candidate,,
VRPBLTW,685,no_feasible_candidate,,
VRPBLTW,686,no_feasible_candidate,,
VRPBLTW,687,no_feasible_candidate,,
VRPBLTW,688,no_feasible_candidate,,
VRPBLTW,689,no_feasible_candidate,,
VRPBLTW,690,no_feasible_candidate,,
VRPBLTW,691,no_feasible_candidate,,
VRPBLTW,692,no_feasible_candidate,,
VRPBLTW,693,no_feasible_candidate,,
VRPBLTW,694,no_feasible_candidate,,
VRPBLTW,695,no_feasible_candidate,,
VRPBLTW,696,no_feasible_candidate,,
VRPBLTW,697,no_feasible_candidate,,
VRPBLTW,698,no_feasible_candidate,,
VRPBLTW,699,no_feasible_candidate,,
VRPBLTW,700,no_feasible_candidate,,
VRPBLTW,701,no_feasible_candidate,,
VRPBLTW,702,no_feasible_candidate,,
VRPBLTW,703,no_feasible_candidate,,
VRPBLTW,704,no_feasible_candidate,,
VRPBLTW,705,no_feasible_candidate,,
VRPBLTW,706,no_feasible_candidate,,
VRPBLTW,707,no_feasible_candidate,,
VRPBLTW,708,no_feasible_candidate,,
VRPBLTW,709,no_feasible_candidate,,
VRPBLTW,710,no_feasible_candidate,,
VRPBLTW,711,no_feasible_candidate,,
VRPBLTW,712,no_feasible_candidate,,
VRPBLTW,713,no_feasible_candidate,,
VRPBLTW,714,no_feasible_candidate,,
VRPBLTW,715,no_feasible_candidate,,
VRPBLTW,716,no_feasible_candidate,,
VRPBLTW,717,no_feasible_candidate,,
VRPBLTW,718,no_feasible_candidate,,
VRPBLTW,719,no_feasible_candidate,,
VRPBLTW,720,no_feasible_candidate,,
VRPBLTW,721,no_feasible_candidate,,
VRPBLTW,722,no_feasible_candidate,,
VRPBLTW,723,no_feasible_candidate,,
VRPBLTW,724,no_feasible_candidate,,
VRPBLTW,725,no_feasible_candidate,,
VRPBLTW,726,no_feasible_candidate,,
VRPBLTW,727,no_feasible_candidate,,
VRPBLTW,728,no_feasible_candidate,,
VRPBLTW,729,no_feasible_candidate,,
VRPBLTW,730,no_feasible_candidate,,
VRPBLTW,731,no_feasible_candidate,,
VRPBLTW,732,ok,46.9453807934,31
VRPBLTW,733,no_feasible_candidate,,
VRPBLTW,734,no_feasible_candidate,,
VRPBLTW,735,no_feasible_candidate,,
VRPBLTW,736,no_feasible_candidate,,
VRPBLTW,737,no_feasible_candidate,,
VRPBLTW,738,no_feasible_candidate,,
VRPBLTW,739,no_feasible_candidate,,
VRPBLTW,740,no_feasible_candidate,,
VRPBLTW,741,no_feasible_candidate,,
VRPBLTW,742,no_feasible_candidate,,
VRPBLTW,743,no_feasible_candidate,,
VRPBLTW,744,no_feasible_candidate,,
VRPBLTW,745,no_feasible_candidate,,
VRPBLTW,746,no_feasible_candidate,,
VRPBLTW,747,no_feasible_candidate,,
VRPBLTW,748,no_feasible_candidate,,
VRPBLTW,749,no_feasible_candidate,,
VRPBLTW,750,no_feasible_candidate,,
VRPBLTW,751,no_feasible_candidate,,
VRPBLTW,752,no_feasible_candidate,,
VRPBLTW,753,no_feasible_candidate,,
VRPBLTW,754,no_feasible_candidate,,
VRPBLTW,755,no_feasible_candidate,,
VRPBLTW,756,no_feasible_candidate,,
VRPBLTW,757,no_feasible_candidate,,
VRPBLTW,758,no_feasible_candidate,,
VRPBLTW,759,no_feasible_candidate,,
VRPBLTW,760,no_feasible_candidate,,
VRPBLTW,761,no_feasible_candidate,,
VRPBLTW,762,no_feasible_candidate,,
VRPBLTW,763,no_feasible_candidate,,
VRPBLTW,764,no_feasible_candidate,,
VRPBLTW,765,no_feasible_candidate,,
VRPBLTW,766,no_feasible_candidate,,
VRPBLTW,767,no_feasible_candidate,,
VRPBLTW,768,no_feasible_candidate,,
VRPBLTW,769,no_feasible_candidate,,
VRPBLTW,770,no_feasible_candidate,,
VRPBLTW,771,no_feasible_candidate,,
VRPBLTW,772,no_feasible_candidate,,
VRPBLTW,773,no_feasible_candidate,,
VRPBLTW,774,no_feasible_candidate,,
VRPBLTW,775,no_feasible_candidate,,
VRPBLTW,776,no_feasible_candidate,,
VRPBLTW,777,no_feasible_candidate,,
VRPBLTW,778,no_feasible_candidate,,
VRPBLTW,779,no_feasible_candidate,,
VRPBLTW,780,no_feasible_candidate,,
VRPBLTW,781,no_feasible_candidate,,
VRPBLTW,782,no_feasible_candidate,,
VRPBLTW,783,no_feasible_candidate,,
VRPBLTW,784,no_feasible_candidate,,
VRPBLTW,785,no_feasible_candidate,,
VRPBLTW,786,no_feasible_candidate,,
VRPBLTW,787,no_feasible_candidate,,
VRPBLTW,788,no_feasible_candidate,,
VRPBLTW,789,no_feasible_candidate,,
VRPBLTW,790,no_feasible_candidate,,
VRPBLTW,791,no_feasible_candidate,,
VRPBLTW,792,no_feasible_candidate,,
VRPBLTW,793,no_feasible_candidate,,
VRPBLTW,794,no_feasible_candidate,,
VRPBLTW,795,no_feasible_candidate,,
VRPBLTW,796,no_feasible_candidate,,
VRPBLTW,797,no_feasible_candidate,,
VRPBLTW,798,no_feasible_candidate,,
VRPBLTW,799,no_feasible_candidate,,
VRPBLTW,800,no_feasible_candidate,,
VRPBLTW,801,no_feasible_candidate,,
VRPBLTW,802,no_feasible_candidate,,
VRPBLTW,803,no_feasible_candidate,,
VRPBLTW,804,no_feasible_candidate,,
VRPBLTW,805,no_feasible_candidate,,
VRPBLTW,806,no_feasible_candidate,,
VRPBLTW,807,no_feasible_candidate,,
VRPBLTW,808,no_feasible_candidate,,
VRPBLTW,809,no_feasible_candidate,,
VRPBLTW,810,no_feasible_candidate,,
VRPBLTW,811,no_feasible_candidate,,
VRPBLTW,812,no_feasible_candidate,,
VRPBLTW,813,no_feasible_candidate,,
VRPBLTW,814,no_feasible_candidate,,
VRPBLTW,815,no_feasible_candidate,,
VRPBLTW,816,no_feasible_candidate,,
VRPBLTW,817,no_feasible_candidate,,
VRPBLTW,818,no_feasible_candidate,,
VRPBLTW,819,no_feasible_candidate,,
VRPBLTW,820,no_feasible_candidate,,
VRPBLTW,821,no_feasible_candidate,,
VRPBLTW,822,no_feasible_candidate,,
VRPBLTW,823,no_feasible_candidate,,
VRPBLTW,824,no_feasible_candidate,,
VRPBLTW,825,no_feasible_candidate,,
VRPBLTW,826,no_feasible_candidate,,
VRPBLTW,827,no_feasible_candidate,,
VRPBLTW,828,no_feasible_candidate,,
VRPBLTW,829,no_feasible_candidate,,
VRPBLTW,830,no_feasible_candidate,,
VRPBLTW,831,no_feasible_candidate,,
VRPBLTW,832,no_feasible_candidate,,
VRPBLTW,833,no_feasible_candidate,,
VRPBLTW,834,no_feasible_candidate,,
VRPBLTW,835,no_feasible_candidate,,
VRPBLTW,836,no_feasible_candidate,,
VRPBLTW,837,no_feasible_candidate,,
VRPBLTW,838,no_feasible_candidate,,
VRPBLTW,839,no_feasible_candidate,,
VRPBLTW,840,no_feasible_candidate,,
VRPBLTW,841,no_feasible_candidate,,
VRPBLTW,842,no_feasible_candidate,,
VRPBLTW,843,no_feasible_candidate,,
VRPBLTW,844,no_feasible_candidate,,
VRPBLTW,845,no_feasible_candidate,,
VRPBLTW,846,no_feasible_candidate,,
VRPBLTW,847,no_feasible_candidate,,
VRPBLTW,848,no_feasible_candidate,,
VRPBLTW,849,no_feasible_candidate,,
VRPBLTW,850,no_feasible_candidate,,
VRPBLTW,851,no_feasible_candidate,,
VRPBLTW,852,no_feasible_candidate,,
VRPBLTW,853,no_feasible_candidate,,
VRPBLTW,854,no_feasible_candidate,,
VRPBLTW,855,no_feasible_candidate,,
VRPBLTW,856,no_feasible_candidate,,
VRPBLTW,857,no_feasible_candidate,,
VRPBLTW,858,no_feasible_candidate,,
VRPBLTW,859,no_feasible_candidate,,
VRPBLTW,860,no_feasible_candidate,,
VRPBLTW,861,no_feasible_candidate,,
VRPBLTW,862,no_feasible_candidate,,
VRPBLTW,863,no_feasible_candidate,,
VRPBLTW,864,no_feasible_candidate,,
VRPBLTW,865,no_feasible_candidate,,
VRPBLTW,866,no_feasible_candidate,,
VRPBLTW,867,ok,50.5809350656,37
VRPBLTW,868,no_feasible_candidate,,
VRPBLTW,869,no_feasible_candidate,,
VRPBLTW,870,no_feasible_candidate,,
VRPBLTW,871,no_feasible_candidate,,
VRPBLTW,872,no_feasible_candidate,,
VRPBLTW,873,no_feasible_candidate,,
VRPBLTW,874,no_feasible_candidate,,
VRPBLTW,875,no_feasible_candidate,,
VRPBLTW,876,no_feasible_candidate,,
VRPBLTW,877,no_feasible_candidate,,
VRPBLTW,878,no_feasible_candidate,,
VRPBLTW,879,no_feasible_candidate,,
VRPBLTW,880,no_feasible_candidate,,
VRPBLTW,881,no_feasible_candidate,,
VRPBLTW,882,no_feasible_candidate,,
VRPBLTW,883,no_feasible_candidate,,
VRPBLTW,884,no_feasible_candidate,,
VRPBLTW,885,no_feasible_candidate,,
VRPBLTW,886,no_feasible_candidate,,
VRPBLTW,887,no_feasible_candidate,,
VRPBLTW,888,no_feasible_candidate,,
VRPBLTW,889,no_feasible_candidate,,
VRPBLTW,890,no_feasible_candidate,,
VRPBLTW,891,no_feasible_candidate,,
VRPBLTW,892,no_feasible_candidate,,
VRPBLTW,893,no_feasible_candidate,,
VRPBLTW,894,no_feasible_candidate,,
VRPBLTW,895,no_feasible_candidate,,
VRPBLTW,896,no_feasible_candidate,,
VRPBLTW,897,no_feasible_candidate,,
VRPBLTW,898,no_feasible_candidate,,
VRPBLTW,899,no_feasible_candidate,,
VRPBLTW,900,no_feasible_candidate,,
VRPBLTW,901,no_feasible_candidate,,
VRPBLTW,902,no_feasible_candidate,,
VRPBLTW,903,no_feasible_candidate,,
VRPBLTW,904,no_feasible_candidate,,
VRPBLTW,905,no_feasible_candidate,,
VRPBLTW,906,no_feasible_candidate,,
VRPBLTW,907,no_feasible_candidate,,
VRPBLTW,908,no_feasible_candidate,,
VRPBLTW,909,no_feasible_candidate,,
VRPBLTW,910,no_feasible_candidate,,
VRPBLTW,911,no_feasible_candidate,,
VRPBLTW,912,no_feasible_candidate,,
VRPBLTW,913,no_feasible_candidate,,
VRPBLTW,914,no_feasible_candidate,,
VRPBLTW,915,no_feasible_candidate,,
VRPBLTW,916,no_feasible_candidate,,
VRPBLTW,917,no_feasible_candidate,,
VRPBLTW,918,no_feasible_candidate,,
VRPBLTW,919,no_feasible_candidate,,
VRPBLTW,920,no_feasible_candidate,,
VRPBLTW,921,no_feasible_candidate,,
VRPBLTW,922,no_feasible_candidate,,
VRPBLTW,923,no_feasible_candidate,,
VRPBLTW,924,no_feasible_candidate,,
VRPBLTW,925,no_feasible_candidate,,
VRPBLTW,926,no_feasible_candidate,,
VRPBLTW,927,no_feasible_candidate,,
VRPBLTW,928,no_feasible_candidate,,
VRPBLTW,929,no_feasible_candidate,,
VRPBLTW,930,no_feasible_candidate,,
VRPBLTW,931,no_feasible_candidate,,
VRPBLTW,932,no_feasible_candidate,,
VRPBLTW,933,no_feasible_candidate,,
VRPBLTW,934,no_feasible_candidate,,
VRPBLTW,935,no_feasible_candidate,,
VRPBLTW,936,no_feasible_candidate,,
VRPBLTW,937,no_feasible_candidate,,
VRPBLTW,938,no_feasible_candidate,,
VRPBLTW,939,no_feasible_candidate,,
VRPBLTW,940,no_feasible_candidate,,
VRPBLTW,941,no_feasible_candidate,,
VRPBLTW,942,no_feasible_candidate,,
VRPBLTW,943,no_feasible_candidate,,
VRPBLTW,944,no_feasible_candidate,,
VRPBLTW,945,no_feasible_candidate,,
VRPBLTW,946,no_feasible_candidate,,
VRPBLTW,947,no_feasible_candidate,,
VRPBLTW,948,no_feasible_candidate,,
VRPBLTW,949,no_feasible_candidate,,
VRPBLTW,950,no_feasible_candidate,,
VRPBLTW,951,no_feasible_candidate,,
VRPBLTW,952,no_feasible_candidate,,
VRPBLTW,953,no_feasible_candidate,,
VRPBLTW,954,no_feasible_candidate,,
VRPBLTW,955,no_feasible_candidate,,
VRPBLTW,956,no_feasible_candidate,,
VRPBLTW,957,no_feasible_candidate,,
VRPBLTW,958,no_feasible_candidate,,
VRPBLTW,959,no_feasible_candidate,,
VRPBLTW,960,no_feasible_candidate,,
VRPBLTW,961,no_feasible_candidate,,
VRPBLTW,962,no_feasible_candidate,,
VRPBLTW,963,no_feasible_candidate,,
VRPBLTW,964,no_feasible_candidate,,
VRPBLTW,965,no_feasible_candidate,,
VRPBLTW,966,no_feasible_candidate,,
VRPBLTW,967,no_feasible_candidate,,
VRPBLTW,968,no_feasible_candidate,,
VRPBLTW,969,no_feasible_candidate,,
VRPBLTW,970,no_feasible_candidate,,
VRPBLTW,971,no_feasible_candidate,,
VRPBLTW,972,no_feasible_candidate,,
VRPBLTW,973,no_feasible_candidate,,
VRPBLTW,974,no_feasible_candidate,,
VRPBLTW,975,no_feasible_candidate,,
VRPBLTW,976,no_feasible_candidate,,
VRPBLTW,977,no_feasible_candidate,,
VRPBLTW,978,no_feasible_candidate,,
VRPBLTW,979,no_feasible_candidate,,
VRPBLTW,980,no_feasible_candidate,,
VRPBLTW,981,no_feasible_candidate,,
VRPBLTW,982,no_feasible_candidate,,
VRPBLTW,983,no_feasible_candidate,,
VRPBLTW,984,no_feasible_candidate,,
VRPBLTW,985,no_feasible_candidate,,
VRPBLTW,986,no_feasible_candidate,,
VRPBLTW,987,no_feasible_candidate,,
VRPBLTW,988,no_feasible_candidate,,
VRPBLTW,989,no_feasible_candidate,,
VRPBLTW,990,no_feasible_candidate,,
VRPBLTW,991,no_feasible_candidate,,
VRPBLTW,992,no_feasible_candidate,,
VRPBLTW,993,no_feasible_candidate,,
VRPBLTW,994,no_feasible_candidate,,
VRPBLTW,995,no_feasible_candidate,,
VRPBLTW,996,no_feasible_candidate,,
VRPBLTW,997,no_feasible_candidate,,
VRPBLTW,998,no_feasible_candidate,,
VRPBLTW,999,no_feasible_candidate,,
OVRPBLTW,0,no_feasible_candidate,,
OVRPBLTW,1,no_feasible_candidate,,
OVRPBLTW,2,no_feasible_candidate,,
OVRPBLTW,3,no_feasible_candidate,,
OVRPBLTW,4,no_feasible_candidate,,
OVRPBLTW,5,no_feasible_candidate,,
OVRPBLTW,6,no_feasible_candidate,,
OVRPBLTW,7,no_feasible_candidate,,
OVRPBLTW,8,no_feasible_candidate,,
OVRPBLTW,9,no_feasible_candidate,,
OVRPBLTW,10,no_feasible_candidate,,
OVRPBLTW,11,no_feasible_candidate,,
OVRPBLTW,12,no_feasible_candidate,,
OVRPBLTW,13,no_feasible_candidate,,
OVRPBLTW,14,no_feasible_candidate,,
OVRPBLTW,15,no_feasible_candidate,,
OVRPBLTW,16,no_feasible_candidate,,
OVRPBLTW,17,no_feasible_candidate,,
OVRPBLTW,18,no_feasible_candidate,,
OVRPBLTW,19,no_feasible_candidate,,
OVRPBLTW,20,no_feasible_candidate,,
OVRPBLTW,21,no_feasible_candidate,,
OVRPBLTW,22,no_feasible_candidate,,
OVRPBLTW,23,no_feasible_candidate,,
OVRPBLTW,24,no_feasible_candidate,,
OVRPBLTW,25,no_feasible_candidate,,
OVRPBLTW,26,no_feasible_candidate,,
OVRPBLTW,27,no_feasible_candidate,,
OVRPBLTW,28,no_feasible_candidate,,
OVRPBLTW,29,no_feasible_candidate,,
OVRPBLTW,30,no_feasible_candidate,,
OVRPBLTW,31,no_feasible_candidate,,
OVRPBLTW,32,no_feasible_candidate,,
OVRPBLTW,33,no_feasible_candidate,,
OVRPBLTW,34,no_feasible_candidate,,
OVRPBLTW,35,no_feasible_candidate,,
OVRPBLTW,36,no_feasible_candidate,,
OVRPBLTW,37,no_feasible_candidate,,
OVRPBLTW,38,no_feasible_candidate,,
OVRPBLTW,39,no_feasible_candidate,,
OVRPBLTW,40,no_feasible_candidate,,
OVRPBLTW,41,no_feasible_candidate,,
OVRPBLTW,42,no_feasible_candidate,,
OVRPBLTW,43,no_feasible_candidate,,
OVRPBLTW,44,no_feasible_candidate,,
OVRPBLTW,45,no_feasible_candidate,,
OVRPBLTW,46,no_feasible_candidate,,
OVRPBLTW,47,no_feasible_candidate,,
OVRPBLTW,48,no_feasible_candidate,,
OVRPBLTW,49,no_feasible_candidate,,
OVRPBLTW,50,no_feasible_candidate,,
OVRPBLTW,51,no_feasible_candidate,,
OVRPBLTW,52,no_feasible_candidate,,
OVRPBLTW,53,no_feasible_candidate,,
OVRPBLTW,54,no_feasible_candidate,,
OVRPBLTW,55,no_feasible_candidate,,
OVRPBLTW,56,ok,23.2047603757,33
OVRPBLTW,57,no_feasible_candidate,,
OVRPBLTW,58,no_feasible_candidate,,
OVRPBLTW,59,no_feasible_candidate,,
OVRPBLTW,60,no_feasible_candidate,,
OVRPBLTW,61,no_feasible_candidate,,
OVRPBLTW,62,no_feasible_candidate,,
OVRPBLTW,63,no_feasible_candidate,,
OVRPBLTW,64,no_feasible_candidate,,
OVRPBLTW,65,no_feasible_candidate,,
OVRPBLTW,66,no_feasible_candidate,,
OVRPBLTW,67,no_feasible_candidate,,
OVRPBLTW,68,no_feasible_candidate,,
OVRPBLTW,69,no_feasible_candidate,,
OVRPBLTW,70,no_feasible_candidate,,
OVRPBLTW,71,no_feasible_candidate,,
OVRPBLTW,72,no_feasible_candidate,,
OVRPBLTW,73,no_feasible_candidate,,
OVRPBLTW,74,no_feasible_candidate,,
OVRPBLTW,75,no_feasible_candidate,,
OVRPBLTW,76,no_feasible_candidate,,
OVRPBLTW,77,no_feasible_candidate,,
OVRPBLTW,78,no_feasible_candidate,,
OVRPBLTW,79,no_feasible_candidate,,
OVRPBLTW,80,no_feasible_candidate,,
OVRPBLTW,81,no_feasible_candidate,,
OVRPBLTW,82,no_feasible_candidate,,
OVRPBLTW,83,no_feasible_candidate,,
OVRPBLTW,84,no_feasible_candidate,,
OVRPBLTW,85,no_feasible_candidate,,
OVRPBLTW,86,no_feasible_candidate,,
OVRPBLTW,87,no_feasible_candidate,,
OVRPBLTW,88,no_feasible_candidate,,
OVRPBLTW,89,no_feasible_candidate,,
OVRPBLTW,90,no_feasible_candidate,,
OVRPBLTW,91,no_feasible_candidate,,
OVRPBLTW,92,ok,21.7594967859,32
OVRPBLTW,93,no_feasible_candidate,,
OVRPBLTW,94,no_feasible_candidate,,
OVRPBLTW,95,no_feasible_candidate,,
OVRPBLTW,96,no_feasible_candidate,,
OVRPBLTW,97,no_feasible_candidate,,
OVRPBLTW,98,no_feasible_candidate,,
OVRPBLTW,99,no_feasible_candidate,,
OVRPBLTW,100,no_feasible_candidate,,
OVRPBLTW,101,no_feasible_candidate,,
OVRPBLTW,102,no_feasible_candidate,,
OVRPBLTW,103,no_feasible_candidate,,
OVRPBLTW,104,no_feasible_candidate,,
OVRPBLTW,105,no_feasible_candidate,,
OVRPBLTW,106,no_feasible_candidate,,
OVRPBLTW,107,no_feasible_candidate,,
OVRPBLTW,108,no_feasible_candidate,,
OVRPBLTW,109,no_feasible_candidate,,
OVRPBLTW,110,no_feasible_candidate,,
OVRPBLTW,111,no_feasible_candidate,,
OVRPBLTW,112,no_feasible_candidate,,
OVRPBLTW,113,no_feasible_candidate,,
OVRPBLTW,114,no_feasible_candidate,,
OVRPBLTW,115,no_feasible_candidate,,
OVRPBLTW,116,no_feasible_candidate,,
OVRPBLTW,117,ok,22.2421442148,33
OVRPBLTW,118,no_feasible_candidate,,
OVRPBLTW,119,no_feasible_candidate,,
OVRPBLTW,120,no_feasible_candidate,,
OVRPBLTW,121,no_feasible_candidate,,
OVRPBLTW,122,no_feasible_candidate,,
OVRPBLTW,123,no_feasible_candidate,,
OVRPBLTW,124,no_feasible_candidate,,
OVRPBLTW,125,no_feasible_candidate,,
OVRPBLTW,126,no_feasible_candidate,,
OVRPBLTW,127,no_feasible_candidate,,
OVRPBLTW,128,no_feasible_candidate,,
OVRPBLTW,129,no_feasible_candidate,,
OVRPBLTW,130,no_feasible_candidate,,
OVRPBLTW,131,no_feasible_candidate,,
OVRPBLTW,132,no_feasible_candidate,,
OVRPBLTW,133,no_feasible_candidate,,
OVRPBLTW,134,no_feasible_candidate,,
OVRPBLTW,135,no_feasible_candidate,,
OVRPBLTW,136,no_feasible_candidate,,
OVRPBLTW,137,no_feasible_candidate,,
OVRPBLTW,138,no_feasible_candidate,,
OVRPBLTW,139,no_feasible_candidate,,
OVRPBLTW,140,no_feasible_candidate,,
OVRPBLTW,141,no_feasible_candidate,,
OVRPBLTW,142,no_feasible_candidate,,
OVRPBLTW,143,ok,25.4397296355,29
OVRPBLTW,144,no_feasible_candidate,,
OVRPBLTW,145,no_feasible_candidate,,
OVRPBLTW,146,no_feasible_candidate,,
OVRPBLTW,147,no_feasible_candidate,,
OVRPBLTW,148,no_feasible_candidate,,
OVRPBLTW,149,no_feasible_candidate,,
OVRPBLTW,150,no_feasible_candidate,,
OVRPBLTW,151,no_feasible_candidate,,
OVRPBLTW,152,no_feasible_candidate,,
OVRPBLTW,153,no_feasible_candidate,,
OVRPBLTW,154,no_feasible_candidate,,
OVRPBLTW,155,no_feasible_candidate,,
OVRPBLTW,156,no_feasible_candidate,,
OVRPBLTW,157,no_feasible_candidate,,
OVRPBLTW,158,no_feasible_candidate,,
OVRPBLTW,159,no_feasible_candidate,,
OVRPBLTW,160,no_feasible_candidate,,
OVRPBLTW,161,no_feasible_candidate,,
OVRPBLTW,162,no_feasible_candidate,,
OVRPBLTW,163,no_feasible_candidate,,
OVRPBLTW,164,no_feasible_candidate,,
OVRPBLTW,165,no_feasible_candidate,,
OVRPBLTW,166,no_feasible_candidate,,
OVRPBLTW,167,no_feasible_candidate,,
OVRPBLTW,168,no_feasible_candidate,,
OVRPBLTW,169,no_feasible_candidate,,
OVRPBLTW,170,no_feasible_candidate,,
OVRPBLTW,171,no_feasible_candidate,,
OVRPBLTW,172,no_feasible_candidate,,
OVRPBLTW,173,no_feasible_candidate,,
OVRPBLTW,174,no_feasible_candidate,,
OVRPBLTW,175,no_feasible_candidate,,
OVRPBLTW,176,no_feasible_candidate,,
OVRPBLTW,177,no_feasible_candidate,,
OVRPBLTW,178,no_feasible_candidate,,
OVRPBLTW,179,no_feasible_candidate,,
OVRPBLTW,180,no_feasible_candidate,,
OVRPBLTW,181,ok,23.8063231414,33
OVRPBLTW,182,no_feasible_candidate,,
OVRPBLTW,183,no_feasible_candidate,,
OVRPBLTW,184,no_feasible_candidate,,
OVRPBLTW,185,no_feasible_candidate,,
OVRPBLTW,186,no_feasible_candidate,,
OVRPBLTW,187,no_feasible_candidate,,
OVRPBLTW,188,no_feasible_candidate,,
OVRPBLTW,189,no_feasible_candidate,,
OVRPBLTW,190,no_feasible_candidate,,
OVRPBLTW,191,no_feasible_candidate,,
OVRPBLTW,192,no_feasible_candidate,,
OVRPBLTW,193,no_feasible_candidate,,
OVRPBLTW,194,ok,23.9801944191,33
OVRPBLTW,195,no_feasible_candidate,,
OVRPBLTW,196,no_feasible_candidate,,
OVRPBLTW,197,no_feasible_candidate,,
OVRPBLTW,198,no_feasible_candidate,,
OVRPBLTW,199,no_feasible_candidate,,
OVRPBLTW,200,no_feasible_candidate,,
OVRPBLTW,201,no_feasible_candidate,,
OVRPBLTW,202,no_feasible_candidate,,
OVRPBLTW,203,no_feasible_candidate,,
OVRPBLTW,204,no_feasible_candidate,,
OVRPBLTW,205,no_feasible_candidate,,
OVRPBLTW,206,ok,22.9176916684,30
OVRPBLTW,207,no_feasible_candidate,,
OVRPBLTW,208,no_feasible_candidate,,
OVRPBLTW,209,no_feasible_candidate,,
OVRPBLTW,210,no_feasible_candidate,,
OVRPBLTW,211,no_feasible_candidate,,
OVRPBLTW,212,no_feasible_candidate,,
OVRPBLTW,213,no_feasible_candidate,,
OVRPBLTW,214,no_feasible_candidate,,
OVRPBLTW,215,no_feasible_candidate,,
OVRPBLTW,216,no_feasible_candidate,,
OVRPBLTW,217,no_feasible_candidate,,
OVRPBLTW,218,no_feasible_candidate,,
OVRPBLTW,219,no_feasible_candidate,,
OVRPBLTW,220,no_feasible_candidate,,
OVRPBLTW,221,no_feasible_candidate,,
OVRPBLTW,222,no_feasible_candidate,,
OVRPBLTW,223,no_feasible_candidate,,
OVRPBLTW,224,no_feasible_candidate,,
OVRPBLTW,225,no_feasible_candidate,,
OVRPBLTW,226,no_feasible_candidate,,
OVRPBLTW,227,no_feasible_candidate,,
OVRPBLTW,228,no_feasible_candidate,,
OVRPBLTW,229,no_feasible_candidate,,
OVRPBLTW,230,no_feasible_candidate,,
OVRPBLTW,231,no_feasible_candidate,,
OVRPBLTW,232,no_feasible_candidate,,
OVRPBLTW,233,no_feasible_candidate,,
OVRPBLTW,234,no_feasible_candidate,,
OVRPBLTW,235,no_feasible_candidate,,
OVRPBLTW,236,no_feasible_candidate,,
OVRPBLTW,237,no_feasible_candidate,,
OVRPBLTW,238,no_feasible_candidate,,
OVRPBLTW,239,no_feasible_candidate,,
OVRPBLTW,240,no_feasible_candidate,,
OVRPBLTW,241,no_feasible_candidate,,
OVRPBLTW,242,no_feasible_candidate,,
OVRPBLTW,243,no_feasible_candidate,,
OVRPBLTW,244,no_feasible_candidate,,
OVRPBLTW,245,no_feasible_candidate,,
OVRPBLTW,246,no_feasible_candidate,,
OVRPBLTW,247,no_feasible_candidate,,
OVRPBLTW,248,no_feasible_candidate,,
OVRPBLTW,249,no_feasible_candidate,,
OVRPBLTW,250,no_feasible_candidate,,
OVRPBLTW,251,no_feasible_candidate,,
OVRPBLTW,252,no_feasible_candidate,,
OVRPBLTW,253,no_feasible_candidate,,
OVRPBLTW,254,no_feasible_candidate,,
OVRPBLTW,255,no_feasible_candidate,,
OVRPBLTW,256,no_feasible_candidate,,
OVRPBLTW,257,no_feasible_candidate,,
OVRPBLTW,258,no_feasible_candidate,,
OVRPBLTW,259,ok,21.4353235647,30
OVRPBLTW,260,no_feasible_candidate,,
OVRPBLTW,261,no_feasible_candidate,,
OVRPBLTW,262,no_feasible_candidate,,
OVRPBLTW,263,no_feasible_candidate,,
OVRPBLTW,264,no_feasible_candidate,,
OVRPBLTW,265,no_feasible_candidate,,
OVRPBLTW,266,no_feasible_candidate,,
OVRPBLTW,267,no_feasible_candidate,,
OVRPBLTW,268,no_feasible_candidate,,
OVRPBLTW,269,no_feasible_candidate,,
OVRPBLTW,270,no_feasible_candidate,,
OVRPBLTW,271,no_feasible_candidate,,
OVRPBLTW,272,no_feasible_candidate,,
OVRPBLTW,273,no_feasible_candidate,,
OVRPBLTW,274,no_feasible_candidate,,
OVRPBLTW,275,no_feasible_candidate,,
OVRPBLTW,276,no_feasible_candidate,,
OVRPBLTW,277,no_feasible_candidate,,
OVRPBLTW,278,no_feasible_candidate,,
OVRPBLTW,279,no_feasible_candidate,,
OVRPBLTW,280,no_feasible_candidate,,
OVRPBLTW,281,no_feasible_candidate,,
OVRPBLTW,282,no_feasible_candidate,,
OVRPBLTW,283,no_feasible_candidate,,
OVRPBLTW,284,no_feasible_candidate,,
OVRPBLTW,285,no_feasible_candidate,,
OVRPBLTW,286,no_feasible_candidate,,
OVRPBLTW,287,no_feasible_candidate,,
OVRPBLTW,288,no_feasible_candidate,,
OVRPBLTW,289,no_feasible_candidate,,
OVRPBLTW,290,no_feasible_candidate,,
OVRPBLTW,291,no_feasible_candidate,,
OVRPBLTW,292,no_feasible_candidate,,
OVRPBLTW,293,no_feasible_candidate,,
OVRPBLTW,294,no_feasible_candidate,,
OVRPBLTW,295,no_feasible_candidate,,
OVRPBLTW,296,no_feasible_candidate,,
OVRPBLTW,297,no_feasible_candidate,,
OVRPBLTW,298,no_feasible_candidate,,
OVRPBLTW,299,no_feasible_candidate,,
OVRPBLTW,300,no_feasible_candidate,,
OVRPBLTW,301,no_feasible_candidate,,
OVRPBLTW,302,no_feasible_candidate,,
OVRPBLTW,303,no_feasible_candidate,,
OVRPBLTW,304,no_feasible_candidate,,
OVRPBLTW,305,no_feasible_candidate,,
OVRPBLTW,306,no_feasible_candidate,,
OVRPBLTW,307,no_feasible_candidate,,
OVRPBLTW,308,no_feasible_candidate,,
OVRPBLTW,309,no_feasible_candidate,,
OVRPBLTW,310,no_feasible_candidate,,
OVRPBLTW,311,no_feasible_candidate,,
OVRPBLTW,312,no_feasible_candidate,,
OVRPBLTW,313,no_feasible_candidate,,
OVRPBLTW,314,no_feasible_candidate,,
OVRPBLTW,315,no_feasible_candidate,,
OVRPBLTW,316,no_feasible_candidate,,
OVRPBLTW,317,no_feasible_candidate,,
OVRPBLTW,318,no_feasible_candidate,,
OVRPBLTW,319,no_feasible_candidate,,
OVRPBLTW,320,ok,22.4576132234,32
OVRPBLTW,321,no_feasible_candidate,,
OVRPBLTW,322,no_feasible_candidate,,
OVRPBLTW,323,no_feasible_candidate,,
OVRPBLTW,324,no_feasible_candidate,,
OVRPBLTW,325,no_feasible_candidate,,
OVRPBLTW,326,no_feasible_candidate,,
OVRPBLTW,327,no_feasible_candidate,,
OVRPBLTW,328,no_feasible_candidate,,
OVRPBLTW,329,no_feasible_candidate,,
OVRPBLTW,330,no_feasible_candidate,,
OVRPBLTW,331,no_feasible_candidate,,
OVRPBLTW,332,no_feasible_candidate,,
OVRPBLTW,333,no_feasible_candidate,,
OVRPBLTW,334,no_feasible_candidate,,
OVRPBLTW,335,no_feasible_candidate,,
OVRPBLTW,336,no_feasible_candidate,,
OVRPBLTW,337,no_feasible_candidate,,
OVRPBLTW,338,no_feasible_candidate,,
OVRPBLTW,339,no_feasible_candidate,,
OVRPBLTW,340,no_feasible_candidate,,
OVRPBLTW,341,no_feasible_candidate,,
OVRPBLTW,342,no_feasible_candidate,,
OVRPBLTW,343,no_feasible_candidate,,
OVRPBLTW,344,no_feasible_candidate,,
OVRPBLTW,345,no_feasible_candidate,,
OVRPBLTW,346,no_feasible_candidate,,
OVRPBLTW,347,no_feasible_candidate,,
OVRPBLTW,348,no_feasible_candidate,,
OVRPBLTW,349,ok,21.3781831365,34
OVRPBLTW,350,no_feasible_candidate,,
OVRPBLTW,351,no_feasible_candidate,,
OVRPBLTW,352,no_feasible_candidate,,
OVRPBLTW,353,no_feasible_candidate,,
OVRPBLTW,354,no_feasible_candidate,,
OVRPBLTW,355,no_feasible_candidate,,
OVRPBLTW,356,no_feasible_candidate,,
OVRPBLTW,357,no_feasible_candidate,,
OVRPBLTW,358,no_feasible_candidate,,
OVRPBLTW,359,no_feasible_candidate,,
OVRPBLTW,360,no_feasible_candidate,,
OVRPBLTW,361,no_feasible_candidate,,
OVRPBLTW,362,no_feasible_candidate,,
OVRPBLTW,363,no_feasible_candidate,,
OVRPBLTW,364,no_feasible_candidate,,
OVRPBLTW,365,no_feasible_candidate,,
OVRPBLTW,366,no_feasible_candidate,,
OVRPBLTW,367,no_feasible_candidate,,
OVRPBLTW,368,no_feasible_candidate,,
OVRPBLTW,369,no_feasible_candidate,,
OVRPBLTW,370,no_feasible_candidate,,
OVRPBLTW,371,no_feasible_candidate,,
OVRPBLTW,372,no_feasible_candidate,,
OVRPBLTW,373,no_feasible_candidate,,
OVRPBLTW,374,no_feasible_candidate,,
OVRPBLTW,375,no_feasible_candidate,,
OVRPBLTW,376,no_feasible_candidate,,
OVRPBLTW,377,no_feasible_candidate,,
OVRPBLTW,378,no_feasible_candidate,,
OVRPBLTW,379,no_feasible_candidate,,
OVRPBLTW,380,no_feasible_candidate,,
OVRPBLTW,381,no_feasible_candidate,,
OVRPBLTW,382,no_feasible_candidate,,
OVRPBLTW,383,no_feasible_candidate,,
OVRPBLTW,384,no_feasible_candidate,,
OVRPBLTW,385,no_feasible_candidate,,
OVRPBLTW,386,no_feasible_candidate,,
OVRPBLTW,387,no_feasible_candidate,,
OVRPBLTW,388,no_feasible_candidate,,
OVRPBLTW,389,no_feasible_candidate,,
OVRPBLTW,390,no_feasible_candidate,,
OVRPBLTW,391,no_feasible_candidate,,
OVRPBLTW,392,no_feasible_candidate,,
OVRPBLTW,393,no_feasible_candidate,,
OVRPBLTW,394,no_feasible_candidate,,
OVRPBLTW,395,no_feasible_candidate,,
OVRPBLTW,396,no_feasible_candidate,,
OVRPBLTW,397,no_feasible_candidate,,
OVRPBLTW,398,no_feasible_candidate,,
OVRPBLTW,399,no_feasible_candidate,,
OVRPBLTW,400,no_feasible_candidate,,
OVRPBLTW,401,no_feasible_candidate,,
OVRPBLTW,402,no_feasible_candidate,,
OVRPBLTW,403,no_feasible_candidate,,
OVRPBLTW,404,no_feasible_candidate,,
OVRPBLTW,405,no_feasible_candidate,,
OVRPBLTW,406,no_feasible_candidate,,
OVRPBLTW,407,no_feasible_candidate,,
OVRPBLTW,408,no_feasible_candidate,,
OVRPBLTW,409,no_feasible_candidate,,
OVRPBLTW,410,no_feasible_candidate,,
OVRPBLTW,411,no_feasible_candidate,,
OVRPBLTW,412,no_feasible_candidate,,
OVRPBLTW,413,no_feasible_candidate,,
OVRPBLTW,414,no_feasible_candidate,,
OVRPBLTW,415,no_feasible_candidate,,
OVRPBLTW,416,no_feasible_candidate,,
OVRPBLTW,417,no_feasible_candidate,,
OVRPBLTW,418,no_feasible_candidate,,
OVRPBLTW,419,no_feasible_candidate,,
OVRPBLTW,420,no_feasible_candidate,,
OVRPBLTW,421,no_feasible_candidate,,
OVRPBLTW,422,no_feasible_candidate,,
OVRPBLTW,423,no_feasible_candidate,,
OVRPBLTW,424,no_feasible_candidate,,
OVRPBLTW,425,no_feasible_candidate,,
OVRPBLTW,426,no_feasible_candidate,,
OVRPBLTW,427,no_feasible_candidate,,
OVRPBLTW,428,no_feasible_candidate,,
OVRPBLTW,429,no_feasible_candidate,,
OVRPBLTW,430,no_feasible_candidate,,
OVRPBLTW,431,no_feasible_candidate,,
OVRPBLTW,432,no_feasible_candidate,,
OVRPBLTW,433,no_feasible_candidate,,
OVRPBLTW,434,no_feasible_candidate,,
OVRPBLTW,435,no_feasible_candidate,,
OVRPBLTW,436,no_feasible_candidate,,
OVRPBLTW,437,no_feasible_candidate,,
OVRPBLTW,438,no_feasible_candidate,,
OVRPBLTW,439,no_feasible_candidate,,
OVRPBLTW,440,no_feasible_candidate,,
OVRPBLTW,441,no_feasible_candidate,,
OVRPBLTW,442,no_feasible_candidate,,
OVRPBLTW,443,no_feasible_candidate,,
OVRPBLTW,444,no_feasible_candidate,,
OVRPBLTW,445,no_feasible_candidate,,
OVRPBLTW,446,no_feasible_candidate,,
OVRPBLTW,447,no_feasible_candidate,,
OVRPBLTW,448,no_feasible_candidate,,
OVRPBLTW,449,no_feasible_candidate,,
OVRPBLTW,450,no_feasible_candidate,,
OVRPBLTW,451,no_feasible_candidate,,
OVRPBLTW,452,no_feasible_candidate,,
OVRPBLTW,453,no_feasible_candidate,,
OVRPBLTW,454,no_feasible_candidate,,
OVRPBLTW,455,no_feasible_candidate,,
OVRPBLTW,456,no_feasible_candidate,,
OVRPBLTW,457,no_feasible_candidate,,
OVRPBLTW,458,no_feasible_candidate,,
OVRPBLTW,459,no_feasible_candidate,,
OVRPBLTW,460,no_feasible_candidate,,
OVRPBLTW,461,no_feasible_candidate,,
OVRPBLTW,462,no_feasible_candidate,,
OVRPBLTW,463,no_feasible_candidate,,
OVRPBLTW,464,no_feasible_candidate,,
OVRPBLTW,465,no_feasible_candidate,,
OVRPBLTW,466,no_feasible_candidate,,
OVRPBLTW,467,no_feasible_candidate,,
OVRPBLTW,468,no_feasible_candidate,,
OVRPBLTW,469,no_feasible_candidate,,
OVRPBLTW,470,no_feasible_candidate,,
OVRPBLTW,471,no_feasible_candidate,,
OVRPBLTW,472,no_feasible_candidate,,
OVRPBLTW,473,ok,22.0893687936,31
OVRPBLTW,474,no_feasible_candidate,,
OVRPBLTW,475,no_feasible_candidate,,
OVRPBLTW,476,no_feasible_candidate,,
OVRPBLTW,477,no_feasible_candidate,,
OVRPBLTW,478,no_feasible_candidate,,
OVRPBLTW,479,no_feasible_candidate,,
OVRPBLTW,480,no_feasible_candidate,,
OVRPBLTW,481,no_feasible_candidate,,
OVRPBLTW,482,no_feasible_candidate,,
OVRPBLTW,483,no_feasible_candidate,,
OVRPBLTW,484,no_feasible_candidate,,
OVRPBLTW,485,no_feasible_candidate,,
OVRPBLTW,486,no_feasible_candidate,,
OVRPBLTW,487,no_feasible_candidate,,
OVRPBLTW,488,no_feasible_candidate,,
OVRPBLTW,489,no_feasible_candidate,,
OVRPBLTW,490,no_feasible_candidate,,
OVRPBLTW,491,no_feasible_candidate,,
OVRPBLTW,492,no_feasible_candidate,,
OVRPBLTW,493,no_feasible_candidate,,
OVRPBLTW,494,no_feasible_candidate,,
OVRPBLTW,495,no_feasible_candidate,,
OVRPBLTW,496,no_feasible_candidate,,
OVRPBLTW,497,no_feasible_candidate,,
OVRPBLTW,498,no_feasible_candidate,,
OVRPBLTW,499,no_feasible_candidate,,
OVRPBLTW,500,no_feasible_candidate,,
OVRPBLTW,501,no_feasible_candidate,,
OVRPBLTW,502,no_feasible_candidate,,
OVRPBLTW,503,no_feasible_candidate,,
OVRPBLTW,504,no_feasible_candidate,,
OVRPBLTW,505,no_feasible_candidate,,
OVRPBLTW,506,no_feasible_candidate,,
OVRPBLTW,507,no_feasible_candidate,,
OVRPBLTW,508,no_feasible_candidate,,
OVRPBLTW,509,no_feasible_candidate,,
OVRPBLTW,510,no_feasible_candidate,,
OVRPBLTW,511,no_feasible_candidate,,
OVRPBLTW,512,no_feasible_candidate,,
OVRPBLTW,513,no_feasible_candidate,,
OVRPBLTW,514,no_feasible_candidate,,
OVRPBLTW,515,no_feasible_candidate,,
OVRPBLTW,516,no_feasible_candidate,,
OVRPBLTW,517,no_feasible_candidate,,
OVRPBLTW,518,no_feasible_candidate,,
OVRPBLTW,519,no_feasible_candidate,,
OVRPBLTW,520,no_feasible_candidate,,
OVRPBLTW,521,no_feasible_candidate,,
OVRPBLTW,522,no_feasible_candidate,,
OVRPBLTW,523,no_feasible_candidate,,
OVRPBLTW,524,no_feasible_candidate,,
OVRPBLTW,525,no_feasible_candidate,,
OVRPBLTW,526,no_feasible_candidate,,
OVRPBLTW,527,no_feasible_candidate,,
OVRPBLTW,528,no_feasible_candidate,,
OVRPBLTW,529,no_feasible_candidate,,
OVRPBLTW,530,no_feasible_candidate,,
OVRPBLTW,531,no_feasible_candidate,,
OVRPBLTW,532,no_feasible_candidate,,
OVRPBLTW,533,no_feasible_candidate,,
OVRPBLTW,534,no_feasible_candidate,,
OVRPBLTW,535,no_feasible_candidate,,
OVRPBLTW,536,no_feasible_candidate,,
OVRPBLTW,537,no_feasible_candidate,,
OVRPBLTW,538,no_feasible_candidate,,
OVRPBLTW,539,no_feasible_candidate,,
OVRPBLTW,540,no_feasible_candidate,,
OVRPBLTW,541,no_feasible_candidate,,
OVRPBLTW,542,no_feasible_candidate,,
OVRPBLTW,543,no_feasible_candidate,,
OVRPBLTW,544,no_feasible_candidate,,
OVRPBLTW,545,no_feasible_candidate,,
OVRPBLTW,546,no_feasible_candidate,,
OVRPBLTW,547,no_feasible_candidate,,
OVRPBLTW,548,no_feasible_candidate,,
OVRPBLTW,549,no_feasible_candidate,,
OVRPBLTW,550,no_feasible_candidate,,
OVRPBLTW,551,no_feasible_candidate,,
OVRPBLTW,552,no_feasible_candidate,,
OVRPBLTW,553,no_feasible_candidate,,
OVRPBLTW,554,no_feasible_candidate,,
OVRPBLTW,555,no_feasible_candidate,,
OVRPBLTW,556,no_feasible_candidate,,
OVRPBLTW,557,no_feasible_candidate,,
OVRPBLTW,558,no_feasible_candidate,,
OVRPBLTW,559,no_feasible_candidate,,
OVRPBLTW,560,no_feasible_candidate,,
OVRPBLTW,561,no_feasible_candidate,,
OVRPBLTW,562,no_feasible_candidate,,
OVRPBLTW,563,no_feasible_candidate,,
OVRPBLTW,564,no_feasible_candidate,,
OVRPBLTW,565,no_feasible_candidate,,
OVRPBLTW,566,no_feasible_candidate,,
OVRPBLTW,567,no_feasible_candidate,,
OVRPBLTW,568,no_feasible_candidate,,
OVRPBLTW,569,no_feasible_candidate,,
OVRPBLTW,570,no_feasible_candidate,,
OVRPBLTW,571,no_feasible_candidate,,
OVRPBLTW,572,no_feasible_candidate,,
OVRPBLTW,573,no_feasible_candidate,,
OVRPBLTW,574,no_feasible_candidate,,
OVRPBLTW,575,no_feasible_candidate,,
OVRPBLTW,576,no_feasible_candidate,,
OVRPBLTW,577,no_feasible_candidate,,
OVRPBLTW,578,no_feasible_candidate,,
OVRPBLTW,579,no_feasible_candidate,,
OVRPBLTW,580,no_feasible_candidate,,
OVRPBLTW,581,no_feasible_candidate,,
OVRPBLTW,582,no_feasible_candidate,,
OVRPBLTW,583,no_feasible_candidate,,
OVRPBLTW,584,no_feasible_candidate,,
OVRPBLTW,585,no_feasible_candidate,,
OVRPBLTW,586,no_feasible_candidate,,
OVRPBLTW,587,no_feasible_candidate,,
OVRPBLTW,588,no_feasible_candidate,,
OVRPBLTW,589,no_feasible_candidate,,
OVRPBLTW,590,no_feasible_candidate,,
OVRPBLTW,591,no_feasible_candidate,,
OVRPBLTW,592,no_feasible_candidate,,
OVRPBLTW,593,no_feasible_candidate,,
OVRPBLTW,594,no_feasible_candidate,,
OVRPBLTW,595,no_feasible_candidate,,
OVRPBLTW,596,no_feasible_candidate,,
OVRPBLTW,597,no_feasible_candidate,,
OVRPBLTW,598,no_feasible_candidate,,
OVRPBLTW,599,no_feasible_candidate,,
OVRPBLTW,600,no_feasible_candidate,,
OVRPBLTW,601,no_feasible_candidate,,
OVRPBLTW,602,no_feasible_candidate,,
OVRPBLTW,603,no_feasible_candidate,,
OVRPBLTW,604,no_feasible_candidate,,
OVRPBLTW,605,no_feasible_candidate,,
OVRPBLTW,606,no_feasible_candidate,,
OVRPBLTW,607,no_feasible_candidate,,
OVRPBLTW,608,no_feasible_candidate,,
OVRPBLTW,609,no_feasible_candidate,,
OVRPBLTW,610,no_feasible_candidate,,
OVRPBLTW,611,no_feasible_candidate,,
OVRPBLTW,612,no_feasible_candidate,,
OVRPBLTW,613,no_feasible_candidate,,
OVRPBLTW,614,no_feasible_candidate,,
OVRPBLTW,615,no_feasible_candidate,,
OVRPBLTW,616,no_feasible_candidate,,
OVRPBLTW,617,no_feasible_candidate,,
OVRPBLTW,618,no_feasible_candidate,,
OVRPBLTW,619,no_feasible_candidate,,
OVRPBLTW,620,no_feasible_candidate,,
OVRPBLTW,621,no_feasible_candidate,,
OVRPBLTW,622,no_feasible_candidate,,
OVRPBLTW,623,ok,19.7730807099,28
OVRPBLTW,624,no_feasible_candidate,,
OVRPBLTW,625,no_feasible_candidate,,
OVRPBLTW,626,no_feasible_candidate,,
OVRPBLTW,627,no_feasible_candidate,,
OVRPBLTW,628,no_feasible_candidate,,
OVRPBLTW,629,no_feasible_candidate,,
OVRPBLTW,630,no_feasible_candidate,,
OVRPBLTW,631,no_feasible_candidate,,
OVRPBLTW,632,no_feasible_candidate,,
OVRPBLTW,633,no_feasible_candidate,,
OVRPBLTW,634,no_feasible_candidate,,
OVRPBLTW,635,no_feasible_candidate,,
OVRPBLTW,636,no_feasible_candidate,,
OVRPBLTW,637,no_feasible_candidate,,
OVRPBLTW,638,no_feasible_candidate,,
OVRPBLTW,639,no_feasible_candidate,,
OVRPBLTW,640,no_feasible_candidate,,
OVRPBLTW,641,no_feasible_candidate,,
OVRPBLTW,642,no_feasible_candidate,,
OVRPBLTW,643,no_feasible_candidate,,
OVRPBLTW,644,no_feasible_candidate,,
OVRPBLTW,645,no_feasible_candidate,,
OVRPBLTW,646,no_feasible_candidate,,
OVRPBLTW,647,no_feasible_candidate,,
OVRPBLTW,648,no_feasible_candidate,,
OVRPBLTW,649,no_feasible_candidate,,
OVRPBLTW,650,no_feasible_candidate,,
OVRPBLTW,651,no_feasible_candidate,,
OVRPBLTW,652,no_feasible_candidate,,
OVRPBLTW,653,no_feasible_candidate,,
OVRPBLTW,654,no_feasible_candidate,,
OVRPBLTW,655,no_feasible_candidate,,
OVRPBLTW,656,no_feasible_candidate,,
OVRPBLTW,657,no_feasible_candidate,,
OVRPBLTW,658,no_feasible_candidate,,
OVRPBLTW,659,no_feasible_candidate,,
OVRPBLTW,660,no_feasible_candidate,,
OVRPBLTW,661,no_feasible_candidate,,
OVRPBLTW,662,no_feasible_candidate,,
OVRPBLTW,663,no_feasible_candidate,,
OVRPBLTW,664,no_feasible_candidate,,
OVRPBLTW,665,no_feasible_candidate,,
OVRPBLTW,666,no_feasible_candidate,,
OVRPBLTW,667,no_feasible_candidate,,
OVRPBLTW,668,no_feasible_candidate,,
OVRPBLTW,669,no_feasible_candidate,,
OVRPBLTW,670,no_feasible_candidate,,
OVRPBLTW,671,no_feasible_candidate,,
OVRPBLTW,672,no_feasible_candidate,,
OVRPBLTW,673,no_feasible_candidate,,
OVRPBLTW,674,no_feasible_candidate,,
OVRPBLTW,675,no_feasible_candidate,,
OVRPBLTW,676,no_feasible_candidate,,
OVRPBLTW,677,no_feasible_candidate,,
OVRPBLTW,678,no_feasible_candidate,,
OVRPBLTW,679,no_feasible_candidate,,
OVRPBLTW,680,no_feasible_candidate,,
OVRPBLTW,681,no_feasible_candidate,,
OVRPBLTW,682,no_feasible_candidate,,
OVRPBLTW,683,no_feasible_candidate,,
OVRPBLTW,684,no_feasible_candidate,,
OVRPBLTW,685,no_feasible_candidate,,
OVRPBLTW,686,no_feasible_candidate,,
OVRPBLTW,687,no_feasible_candidate,,
OVRPBLTW,688,no_feasible_candidate,,
OVRPBLTW,689,no_feasible_candidate,,
OVRPBLTW,690,no_feasible_candidate,,
OVRPBLTW,691,no_feasible_candidate,,
OVRPBLTW,692,no_feasible_candidate,,
OVRPBLTW,693,ok,20.8719063263,29
OVRPBLTW,694,no_feasible_candidate,,
OVRPBLTW,695,no_feasible_candidate,,
OVRPBLTW,696,no_feasible_candidate,,
OVRPBLTW,697,no_feasible_candidate,,
OVRPBLTW,698,no_feasible_candidate,,
OVRPBLTW,699,no_feasible_candidate,,
OVRPBLTW,700,no_feasible_candidate,,
OVRPBLTW,701,no_feasible_candidate,,
OVRPBLTW,702,no_feasible_candidate,,
OVRPBLTW,703,no_feasible_candidate,,
OVRPBLTW,704,no_feasible_candidate,,
OVRPBLTW,705,no_feasible_candidate,,
OVRPBLTW,706,no_feasible_candidate,,
OVRPBLTW,707,no_feasible_candidate,,
OVRPBLTW,708,no_feasible_candidate,,
OVRPBLTW,709,no_feasible_candidate,,
OVRPBLTW,710,ok,27.4225641629,30
OVRPBLTW,711,no_feasible_candidate,,
OVRPBLTW,712,no_feasible_candidate,,
OVRPBLTW,713,no_feasible_candidate,,
OVRPBLTW,714,no_feasible_candidate,,
OVRPBLTW,715,no_feasible_candidate,,
OVRPBLTW,716,no_feasible_candidate,,
OVRPBLTW,717,no_feasible_candidate,,
OVRPBLTW,718,no_feasible_candidate,,
OVRPBLTW,719,no_feasible_candidate,,
OVRPBLTW,720,no_feasible_candidate,,
OVRPBLTW,721,no_feasible_candidate,,
OVRPBLTW,722,no_feasible_candidate,,
OVRPBLTW,723,no_feasible_candidate,,
OVRPBLTW,724,no_feasible_candidate,,
OVRPBLTW,725,no_feasible_candidate,,
OVRPBLTW,726,no_feasible_candidate,,
OVRPBLTW,727,no_feasible_candidate,,
OVRPBLTW,728,no_feasible_candidate,,
OVRPBLTW,729,no_feasible_candidate,,
OVRPBLTW,730,no_feasible_candidate,,
OVRPBLTW,731,no_feasible_candidate,,
OVRPBLTW,732,no_feasible_candidate,,
OVRPBLTW,733,no_feasible_candidate,,
OVRPBLTW,734,no_feasible_candidate,,
OVRPBLTW,735,no_feasible_candidate,,
OVRPBLTW,736,no_feasible_candidate,,
OVRPBLTW,737,no_feasible_candidate,,
OVRPBLTW,738,no_feasible_candidate,,
OVRPBLTW,739,no_feasible_candidate,,
OVRPBLTW,740,no_feasible_candidate,,
OVRPBLTW,741,no_feasible_candidate,,
OVRPBLTW,742,no_feasible_candidate,,
OVRPBLTW,743,no_feasible_candidate,,
OVRPBLTW,744,no_feasible_candidate,,
OVRPBLTW,745,no_feasible_candidate,,
OVRPBLTW,746,no_feasible_candidate,,
OVRPBLTW,747,no_feasible_candidate,,
OVRPBLTW,748,no_feasible_candidate,,
OVRPBLTW,749,no_feasible_candidate,,
OVRPBLTW,750,no_feasible_candidate,,
OVRPBLTW,751,no_feasible_candidate,,
OVRPBLTW,752,no_feasible_candidate,,
OVRPBLTW,753,no_feasible_candidate,,
OVRPBLTW,754,no_feasible_candidate,,
OVRPBLTW,755,no_feasible_candidate,,
OVRPBLTW,756,no_feasible_candidate,,
OVRPBLTW,757,no_feasible_candidate,,
OVRPBLTW,758,no_feasible_candidate,,
OVRPBLTW,759,no_feasible_candidate,,
OVRPBLTW,760,no_feasible_candidate,,
OVRPBLTW,761,no_feasible_candidate,,
OVRPBLTW,762,no_feasible_candidate,,
OVRPBLTW,763,no_feasible_candidate,,
OVRPBLTW,764,no_feasible_candidate,,
OVRPBLTW,765,no_feasible_candidate,,
OVRPBLTW,766,no_feasible_candidate,,
OVRPBLTW,767,no_feasible_candidate,,
OVRPBLTW,768,no_feasible_candidate,,
OVRPBLTW,769,no_feasible_candidate,,
OVRPBLTW,770,no_feasible_candidate,,
OVRPBLTW,771,no_feasible_candidate,,
OVRPBLTW,772,no_feasible_candidate,,
OVRPBLTW,773,no_feasible_candidate,,
OVRPBLTW,774,no_feasible_candidate,,
OVRPBLTW,775,no_feasible_candidate,,
OVRPBLTW,776,no_feasible_candidate,,
OVRPBLTW,777,no_feasible_candidate,,
OVRPBLTW,778,no_feasible_candidate,,
OVRPBLTW,779,no_feasible_candidate,,
OVRPBLTW,780,no_feasible_candidate,,
OVRPBLTW,781,no_feasible_candidate,,
OVRPBLTW,782,no_feasible_candidate,,
OVRPBLTW,783,ok,23.0423670456,28
OVRPBLTW,784,no_feasible_candidate,,
OVRPBLTW,785,no_feasible_candidate,,
OVRPBLTW,786,no_feasible_candidate,,
OVRPBLTW,787,no_feasible_candidate,,
OVRPBLTW,788,no_feasible_candidate,,
OVRPBLTW,789,no_feasible_candidate,,
OVRPBLTW,790,no_feasible_candidate,,
OVRPBLTW,791,no_feasible_candidate,,
OVRPBLTW,792,no_feasible_candidate,,
OVRPBLTW,793,no_feasible_candidate,,
OVRPBLTW,794,no_feasible_candidate,,
OVRPBLTW,795,no_feasible_candidate,,
OVRPBLTW,796,no_feasible_candidate,,
OVRPBLTW,797,no_feasible_candidate,,
OVRPBLTW,798,no_feasible_candidate,,
OVRPBLTW,799,no_feasible_candidate,,
OVRPBLTW,800,no_feasible_candidate,,
OVRPBLTW,801,no_feasible_candidate,,
OVRPBLTW,802,no_feasible_candidate,,
OVRPBLTW,803,no_feasible_candidate,,
OVRPBLTW,804,no_feasible_candidate,,
OVRPBLTW,805,no_feasible_candidate,,
OVRPBLTW,806,no_feasible_candidate,,
OVRPBLTW,807,no_feasible_candidate,,
OVRPBLTW,808,no_feasible_candidate,,
OVRPBLTW,809,no_feasible_candidate,,
OVRPBLTW,810,no_feasible_candidate,,
OVRPBLTW,811,no_feasible_candidate,,
OVRPBLTW,812,no_feasible_candidate,,
OVRPBLTW,813,no_feasible_candidate,,
OVRPBLTW,814,no_feasible_candidate,,
OVRPBLTW,815,no_feasible_candidate,,
OVRPBLTW,816,no_feasible_candidate,,
OVRPBLTW,817,no_feasible_candidate,,
OVRPBLTW,818,no_feasible_candidate,,
OVRPBLTW,819,no_feasible_candidate,,
OVRPBLTW,820,no_feasible_candidate,,
OVRPBLTW,821,no_feasible_candidate,,
OVRPBLTW,822,no_feasible_candidate,,
OVRPBLTW,823,no_feasible_candidate,,
OVRPBLTW,824,no_feasible_candidate,,
OVRPBLTW,825,no_feasible_candidate,,
OVRPBLTW,826,no_feasible_candidate,,
OVRPBLTW,827,no_feasible_candidate,,
OVRPBLTW,828,no_feasible_candidate,,
OVRPBLTW,829,no_feasible_candidate,,
OVRPBLTW,830,no_feasible_candidate,,
OVRPBLTW,831,no_feasible_candidate,,
OVRPBLTW,832,no_feasible_candidate,,
OVRPBLTW,833,no_feasible_candidate,,
OVRPBLTW,834,no_feasible_candidate,,
OVRPBLTW,835,no_feasible_candidate,,
OVRPBLTW,836,no_feasible_candidate,,
OVRPBLTW,837,no_feasible_candidate,,
OVRPBLTW,838,no_feasible_candidate,,
OVRPBLTW,839,no_feasible_candidate,,
OVRPBLTW,840,no_feasible_candidate,,
OVRPBLTW,841,no_feasible_candidate,,
OVRPBLTW,842,no_feasible_candidate,,
OVRPBLTW,843,no_feasible_candidate,,
OVRPBLTW,844,no_feasible_candidate,,
OVRPBLTW,845,no_feasible_candidate,,
OVRPBLTW,846,no_feasible_candidate,,
OVRPBLTW,847,no_feasible_candidate,,
OVRPBLTW,848,no_feasible_candidate,,
OVRPBLTW,849,no_feasible_candidate,,
OVRPBLTW,850,no_feasible_candidate,,
OVRPBLTW,851,no_feasible_candidate,,
OVRPBLTW,852,no_feasible_candidate,,
OVRPBLTW,853,no_feasible_candidate,,
OVRPBLTW,854,no_feasible_candidate,,
OVRPBLTW,855,no_feasible_candidate,,
OVRPBLTW,856,no_feasible_candidate,,
OVRPBLTW,857,no_feasible_candidate,,
OVRPBLTW,858,no_feasible_candidate,,
OVRPBLTW,859,no_feasible_candidate,,
OVRPBLTW,860,no_feasible_candidate,,
OVRPBLTW,861,no_feasible_candidate,,
OVRPBLTW,862,no_feasible_candidate,,
OVRPBLTW,863,no_feasible_candidate,,
OVRPBLTW,864,no_feasible_candidate,,
OVRPBLTW,865,no_feasible_candidate,,
OVRPBLTW,866,no_feasible_candidate,,
OVRPBLTW,867,no_feasible_candidate,,
OVRPBLTW,868,no_feasible_candidate,,
OVRPBLTW,869,no_feasible_candidate,,
OVRPBLTW,870,no_feasible_candidate,,
OVRPBLTW,871,no_feasible_candidate,,
OVRPBLTW,872,no_feasible_candidate,,
OVRPBLTW,873,no_feasible_candidate,,
OVRPBLTW,874,no_feasible_candidate,,
OVRPBLTW,875,no_feasible_candidate,,
OVRPBLTW,876,no_feasible_candidate,,
OVRPBLTW,877,no_feasible_candidate,,
OVRPBLTW,878,no_feasible_candidate,,
OVRPBLTW,879,no_feasible_candidate,,
OVRPBLTW,880,no_feasible_candidate,,
OVRPBLTW,881,no_feasible_candidate,,
OVRPBLTW,882,no_feasible_candidate,,
OVRPBLTW,883,no_feasible_candidate,,
OVRPBLTW,884,no_feasible_candidate,,
OVRPBLTW,885,no_feasible_candidate,,
OVRPBLTW,886,no_feasible_candidate,,
OVRPBLTW,887,no_feasible_candidate,,
OVRPBLTW,888,no_feasible_candidate,,
OVRPBLTW,889,no_feasible_candidate,,
OVRPBLTW,890,no_feasible_candidate,,
OVRPBLTW,891,no_feasible_candidate,,
OVRPBLTW,892,no_feasible_candidate,,
OVRPBLTW,893,no_feasible_candidate,,
OVRPBLTW,894,no_feasible_candidate,,
OVRPBLTW,895,no_feasible_candidate,,
OVRPBLTW,896,no_feasible_candidate,,
OVRPBLTW,897,no_feasible_candidate,,
OVRPBLTW,898,no_feasible_candidate,,
OVRPBLTW,899,no_feasible_candidate,,
OVRPBLTW,900,no_feasible_candidate,,
OVRPBLTW,901,no_feasible_candidate,,
OVRPBLTW,902,no_feasible_candidate,,
OVRPBLTW,903,no_feasible_candidate,,
OVRPBLTW,904,no_feasible_candidate,,
OVRPBLTW,905,no_feasible_candidate,,
OVRPBLTW,906,no_feasible_candidate,,
OVRPBLTW,907,no_feasible_candidate,,
OVRPBLTW,908,no_feasible_candidate,,
OVRPBLTW,909,no_feasible_candidate,,
OVRPBLTW,910,no_feasible_candidate,,
OVRPBLTW,911,no_feasible_candidate,,
OVRPBLTW,912,no_feasible_candidate,,
OVRPBLTW,913,no_feasible_candidate,,
OVRPBLTW,914,no_feasible_candidate,,
OVRPBLTW,915,no_feasible_candidate,,
OVRPBLTW,916,no_feasible_candidate,,
OVRPBLTW,917,no_feasible_candidate,,
OVRPBLTW,918,no_feasible_candidate,,
OVRPBLTW,919,no_feasible_candidate,,
OVRPBLTW,920,no_feasible_candidate,,
OVRPBLTW,921,no_feasible_candidate,,
OVRPBLTW,922,no_feasible_candidate,,
OVRPBLTW,923,no_feasible_candidate,,
OVRPBLTW,924,no_feasible_candidate,,
OVRPBLTW,925,no_feasible_candidate,,
OVRPBLTW,926,no_feasible_candidate,,
OVRPBLTW,927,no_feasible_candidate,,
OVRPBLTW,928,no_feasible_candidate,,
OVRPBLTW,929,no_feasible_candidate,,
OVRPBLTW,930,no_feasible_candidate,,
OVRPBLTW,931,no_feasible_candidate,,
OVRPBLTW,932,no_feasible_candidate,,
OVRPBLTW,933,no_feasible_candidate,,
OVRPBLTW,934,no_feasible_candidate,,
OVRPBLTW,935,no_feasible_candidate,,
OVRPBLTW,936,no_feasible_candidate,,
OVRPBLTW,937,no_feasible_candidate,,
OVRPBLTW,938,no_feasible_candidate,,
OVRPBLTW,939,no_feasible_candidate,,
OVRPBLTW,940,no_feasible_candidate,,
OVRPBLTW,941,no_feasible_candidate,,
OVRPBLTW,942,no_feasible_candidate,,
OVRPBLTW,943,no_feasible_candidate,,
OVRPBLTW,944,no_feasible_candidate,,
OVRPBLTW,945,no_feasible_candidate,,
OVRPBLTW,946,no_feasible_candidate,,
OVRPBLTW,947,no_feasible_candidate,,
OVRPBLTW,948,no_feasible_candidate,,
OVRPBLTW,949,no_feasible_candidate,,
OVRPBLTW,950,no_feasible_candidate,,
OVRPBLTW,951,no_feasible_candidate,,
OVRPBLTW,952,no_feasible_candidate,,
OVRPBLTW,953,no_feasible_candidate,,
OVRPBLTW,954,no_feasible_candidate,,
OVRPBLTW,955,no_feasible_candidate,,
OVRPBLTW,956,no_feasible_candidate,,
OVRPBLTW,957,no_feasible_candidate,,
OVRPBLTW,958,no_feasible_candidate,,
OVRPBLTW,959,no_feasible_candidate,,
OVRPBLTW,960,no_feasible_candidate,,
OVRPBLTW,961,no_feasible_candidate,,
OVRPBLTW,962,no_feasible_candidate,,
OVRPBLTW,963,no_feasible_candidate,,
OVRPBLTW,964,no_feasible_candidate,,
OVRPBLTW,965,no_feasible_candidate,,
OVRPBLTW,966,no_feasible_candidate,,
OVRPBLTW,967,no_feasible_candidate,,
OVRPBLTW,968,no_feasible_candidate,,
OVRPBLTW,969,no_feasible_candidate,,
OVRPBLTW,970,no_feasible_candidate,,
OVRPBLTW,971,no_feasible_candidate,,
OVRPBLTW,972,no_feasible_candidate,,
OVRPBLTW,973,no_feasible_candidate,,
OVRPBLTW,974,no_feasible_candidate,,
OVRPBLTW,975,no_feasible_candidate,,
OVRPBLTW,976,no_feasible_candidate,,
OVRPBLTW,977,no_feasible_candidate,,
OVRPBLTW,978,no_feasible_candidate,,
OVRPBLTW,979,no_feasible_candidate,,
OVRPBLTW,980,no_feasible_candidate,,
OVRPBLTW,981,no_feasible_candidate,,
OVRPBLTW,982,no_feasible_candidate,,
OVRPBLTW,983,no_feasible_candidate,,
OVRPBLTW,984,no_feasible_candidate,,
OVRPBLTW,985,no_feasible_candidate,,
OVRPBLTW,986,ok,20.5993785099,31
OVRPBLTW,987,no_feasible_candidate,,
OVRPBLTW,988,no_feasible_candidate,,
OVRPBLTW,989,no_feasible_candidate,,
OVRPBLTW,990,no_feasible_candidate,,
OVRPBLTW,991,no_feasible_candidate,,
OVRPBLTW,992,no_feasible_candidate,,
OVRPBLTW,993,no_feasible_candidate,,
OVRPBLTW,994,no_feasible_candidate,,
OVRPBLTW,995,no_feasible_candidate,,
OVRPBLTW,996,no_feasible_candidate,,
OVRPBLTW,997,no_feasible_candidate,,
OVRPBLTW,998,no_feasible_candidate,,
OVRPBLTW,999,no_feasible_candidate,,
