problem,instance,status,cost,vehicles
CVRP,0,ok,10.7177964627,8
CVRP,1,ok,13.0398662173,7
CVRP,2,ok,13.7399221863,7
CVRP,3,ok,10.0177686164,7
CVRP,4,ok,10.3922834552,7
CVRP,5,ok,9.4627581517,7
CVRP,6,ok,9.3995606290,6
CVRP,7,ok,7.7560226114,6
CVRP,8,ok,12.1267710148,6
CVRP,9,ok,11.8036960195,8
CVRP,10,ok,11.3936735690,7
CVRP,11,ok,11.4832820723,7
CVRP,12,ok,12.2887683630,6
CVRP,13,ok,10.8909279145,8
CVRP,14,ok,9.5664926565,8
CVRP,15,ok,10.8241251951,8
CVRP,16,ok,9.0976564394,6
CVRP,17,ok,11.7753107340,7
CVRP,18,ok,10.3156815357,7
CVRP,19,ok,10.5491681102,7
CVRP,20,ok,10.1452318470,7
CVRP,21,ok,10.1250382641,7
CVRP,22,ok,13.2361564072,7
CVRP,23,ok,9.6980563834,6
CVRP,24,ok,11.1969814148,6
CVRP,25,ok,11.4567168520,7
CVRP,26,ok,8.9480377465,6
CVRP,27,ok,11.6025330085,7
CVRP,28,ok,10.0176709994,8
CVRP,29,ok,9.4181523257,7
CVRP,30,ok,9.2453548574,6
CVRP,31,ok,12.6730326359,8
CVRP,32,ok,10.9649030778,7
CVRP,33,ok,11.0405062976,7
CVRP,34,ok,10.5886230469,6
CVRP,35,ok,10.2012041181,6
CVRP,36,ok,9.3610028030,8
CVRP,37,ok,10.1661150297,8
CVRP,38,ok,11.9385075426,7
CVRP,39,ok,11.6595079217,8
CVRP,40,ok,11.5227127308,7
CVRP,41,ok,11.1908941430,6
CVRP,42,ok,10.8230224904,7
CVRP,43,ok,11.8979679309,7
CVRP,44,ok,10.9353708430,7
CVRP,45,ok,11.5514379406,7
CVRP,46,ok,10.7530560807,7
CVRP,47,ok,10.2614334535,7
CVRP,48,ok,11.9103244388,8
CVRP,49,ok,10.5169561099,7
CVRP,50,ok,8.6461133921,6
CVRP,51,ok,10.1426433294,7
CVRP,52,ok,11.2826633313,8
CVRP,53,ok,9.6793445087,7
CVRP,54,ok,12.4963069863,7
CVRP,55,ok,12.1279999380,8
CVRP,56,ok,11.6676758072,7
CVRP,57,ok,11.2825366296,7
CVRP,58,ok,9.5270729844,7
CVRP,59,ok,11.6569099753,7
CVRP,60,ok,8.7202779518,6
CVRP,61,ok,12.2293748836,8
CVRP,62,ok,10.6524904783,6
CVRP,63,ok,9.5751420896,7
CVRP,64,ok,11.7407087502,8
CVRP,65,ok,9.8817004048,7
CVRP,66,ok,11.5165744125,8
CVRP,67,ok,11.6309613924,7
CVRP,68,ok,11.1515367953,8
CVRP,69,ok,11.0462175409,8
CVRP,70,ok,9.8810413782,7
CVRP,71,ok,11.5156154791,9
CVRP,72,ok,9.9178470727,7
CVRP,73,ok,14.0368452263,7
CVRP,74,ok,9.3728740415,6
CVRP,75,ok,9.6818247222,7
CVRP,76,ok,10.2804229227,9
CVRP,77,ok,10.2105171859,8
CVRP,78,ok,9.9816360597,8
CVRP,79,ok,11.8663892141,8
CVRP,80,ok,11.6668779723,7
CVRP,81,ok,9.2990986195,7
CVRP,82,ok,11.5061769151,7
CVRP,83,ok,11.7905569289,7
CVRP,84,ok,12.9011311332,7
CVRP,85,ok,12.2064414714,7
CVRP,86,ok,10.9509808694,7
CVRP,87,ok,10.9687172948,8
CVRP,88,ok,13.6977526953,8
CVRP,89,ok,12.6065064812,7
CVRP,90,ok,9.8347021443,7
CVRP,91,ok,11.1137317826,7
CVRP,92,ok,9.2463941768,7
CVRP,93,ok,11.2047335889,8
CVRP,94,ok,10.7232613365,7
CVRP,95,ok,11.0135812877,8
CVRP,96,ok,12.0315159433,7
CVRP,97,ok,12.2155631666,7
CVRP,98,ok,10.3746509578,9
CVRP,99,ok,12.7587791301,7
CVRP,100,ok,9.8053780650,7
CVRP,101,ok,11.2402793144,8
CVRP,102,ok,12.9642091883,8
CVRP,103,ok,8.9132753541,7
CVRP,104,ok,10.0602608983,8
CVRP,105,ok,9.0640201333,7
CVRP,106,ok,11.2773029581,8
CVRP,107,ok,11.1559303251,7
CVRP,108,ok,8.1349766061,6
CVRP,109,ok,12.7467069723,8
CVRP,110,ok,12.1381678918,8
CVRP,111,ok,11.0012163395,7
CVRP,112,ok,10.1754482869,7
CVRP,113,ok,12.8243037858,8
CVRP,114,ok,12.3032926395,7
CVRP,115,ok,9.4194237085,7
CVRP,116,ok,10.7629085011,6
CVRP,117,ok,12.9524053940,7
CVRP,118,ok,10.7124577623,8
CVRP,119,ok,10.9631729878,7
CVRP,120,ok,8.6822947641,7
CVRP,121,ok,10.7154349610,7
CVRP,122,ok,10.8178902323,7
CVRP,123,ok,10.7204250289,7
CVRP,124,ok,12.5935651301,7
CVRP,125,ok,11.2638782790,6
CVRP,126,ok,10.0688454877,8
CVRP,127,ok,10.4459468053,7
CVRP,128,ok,11.9111826036,7
CVRP,129,ok,10.6851184200,7
CVRP,130,ok,11.1282666277,8
CVRP,131,ok,12.8953960190,8
CVRP,132,ok,9.7952959675,8
CVRP,133,ok,11.9878176414,7
CVRP,134,ok,9.9470526717,7
CVRP,135,ok,10.5818844536,6
CVRP,136,ok,10.7076448098,7
CVRP,137,ok,11.1792633859,8
CVRP,138,ok,9.7659174602,7
CVRP,139,ok,9.4802003858,8
CVRP,140,ok,10.5978864886,7
CVRP,141,ok,12.7810418106,7
CVRP,142,ok,13.0442806685,8
CVRP,143,ok,9.8064477329,7
CVRP,144,ok,11.2710624131,8
CVRP,145,ok,11.0998552481,7
CVRP,146,ok,11.6615916398,8
CVRP,147,ok,8.5489326747,6
CVRP,148,ok,11.9621910676,7
CVRP,149,ok,14.0398521893,7
CVRP,150,ok,12.0805015131,7
CVRP,151,ok,11.7885467224,7
CVRP,152,ok,11.7512697712,7
CVRP,153,ok,10.8213265424,6
CVRP,154,ok,11.7495285630,7
CVRP,155,ok,10.0860354148,7
CVRP,156,ok,11.8699880646,7
CVRP,157,ok,10.7842466093,7
CVRP,158,ok,10.8328964820,8
CVRP,159,ok,14.5138507111,7
CVRP,160,ok,10.4579248652,8
CVRP,161,ok,8.9113041384,7
CVRP,162,ok,11.0073152262,7
CVRP,163,ok,10.2932986501,7
CVRP,164,ok,10.2727651079,7
CVRP,165,ok,9.0082106550,7
CVRP,166,ok,9.8406778632,7
CVRP,167,ok,9.9494641924,7
CVRP,168,ok,10.7772770927,8
CVRP,169,ok,12.0571975439,8
CVRP,170,ok,10.4538769425,8
CVRP,171,ok,9.4451173396,8
CVRP,172,ok,11.5513051426,6
CVRP,173,ok,12.1614580819,7
CVRP,174,ok,13.1120616139,8
CVRP,175,ok,10.1577464402,6
CVRP,176,ok,11.4524827498,7
CVRP,177,ok,10.8423646249,8
CVRP,178,ok,10.2250174199,7
CVRP,179,ok,11.9033249547,7
CVRP,180,ok,8.7663881425,8
CVRP,181,ok,9.5917735781,7
CVRP,182,ok,11.4545241852,8
CVRP,183,ok,11.2671929670,7
CVRP,184,ok,13.8300304000,7
CVRP,185,ok,9.7073966371,6
CVRP,186,ok,12.3864339806,8
CVRP,187,ok,9.2436609959,8
CVRP,188,ok,13.7644098853,8
CVRP,189,ok,10.6120834001,7
CVRP,190,ok,9.4799071062,6
CVRP,191,ok,11.4354639208,8
CVRP,192,ok,9.1181232319,6
CVRP,193,ok,10.0289185151,6
CVRP,194,ok,11.0840687424,7
CVRP,195,ok,9.8807163121,7
CVRP,196,ok,11.2343550319,8
CVRP,197,ok,9.5109986098,7
CVRP,198,ok,12.5243174111,8
CVRP,199,ok,11.6213652751,7
CVRP,200,ok,10.1494469040,7
CVRP,201,ok,8.7730798781,9
CVRP,202,ok,10.4997444983,7
CVRP,203,ok,10.0695728284,7
CVRP,204,ok,10.1168388115,7
CVRP,205,ok,9.0785543992,7
CVRP,206,ok,12.0450079368,7
CVRP,207,ok,9.8017438626,8
CVRP,208,ok,10.4287377686,7
CVRP,209,ok,10.1977103545,7
CVRP,210,ok,9.1157529951,7
CVRP,211,ok,9.8206794625,7
CVRP,212,ok,11.1426183008,8
CVRP,213,ok,10.0413222180,7
CVRP,214,ok,10.5773641101,6
CVRP,215,ok,9.5838892982,6
CVRP,216,ok,9.5347191007,7
CVRP,217,ok,8.8016245763,7
CVRP,218,ok,12.9898911348,7
CVRP,219,ok,8.3712389230,7
CVRP,220,ok,9.8298395645,6
CVRP,221,ok,11.0314421607,7
CVRP,222,ok,12.1177309950,7
CVRP,223,ok,14.2086473227,8
CVRP,224,ok,12.3256654583,7
CVRP,225,ok,9.7350363503,7
CVRP,226,ok,9.2293774681,7
CVRP,227,ok,13.4150801444,9
CVRP,228,ok,11.1871014989,7
CVRP,229,ok,12.4579569323,8
CVRP,230,ok,10.1203766594,7
CVRP,231,ok,11.3954266976,7
CVRP,232,ok,10.9226617769,7
CVRP,233,ok,12.3428191571,8
CVRP,234,ok,8.6306263923,7
CVRP,235,ok,10.1952593741,7
CVRP,236,ok,10.1770385417,7
CVRP,237,ok,12.6808205629,7
CVRP,238,ok,10.7280161435,7
CVRP,239,ok,11.3561454455,7
CVRP,240,ok,8.4628737614,7
CVRP,241,ok,10.7938353436,9
CVRP,242,ok,12.2259919179,9
CVRP,243,ok,11.6158038101,7
CVRP,244,ok,9.8165760863,7
CVRP,245,ok,10.9828725493,7
CVRP,246,ok,10.2825373536,7
CVRP,247,ok,9.4032478555,6
CVRP,248,ok,11.1080565304,7
CVRP,249,ok,11.0517789954,7
CVRP,250,ok,9.2095253942,7
CVRP,251,ok,10.9419180421,7
CVRP,252,ok,9.6405492545,8
CVRP,253,ok,10.9539415351,8
CVRP,254,ok,10.2619824401,7
CVRP,255,ok,11.1044747465,7
CVRP,256,ok,10.6175273097,8
CVRP,257,ok,9.6134687850,7
CVRP,258,ok,9.6090770776,7
CVRP,259,ok,11.5822771518,7
CVRP,260,ok,8.2164029523,7
CVRP,261,ok,8.5339370799,8
CVRP,262,ok,9.4519781934,6
CVRP,263,ok,9.7336432311,8
CVRP,264,ok,11.1250649557,7
CVRP,265,ok,8.4199757067,7
CVRP,266,ok,13.9454231718,7
CVRP,267,ok,11.8049942211,7
CVRP,268,ok,9.7958063040,7
CVRP,269,ok,10.4538200485,7
CVRP,270,ok,10.8077273563,6
CVRP,271,ok,10.4595946747,8
CVRP,272,ok,12.9725032203,7
CVRP,273,ok,9.5339616533,7
CVRP,274,ok,9.4937578596,7
CVRP,275,ok,10.0718547706,7
CVRP,276,ok,12.0464280518,7
CVRP,277,ok,8.8224087883,6
CVRP,278,ok,11.7487605700,8
CVRP,279,ok,7.9275255590,6
CVRP,280,ok,8.9531744353,7
CVRP,281,ok,10.4167560177,8
CVRP,282,ok,11.1268755071,7
CVRP,283,ok,10.2737341500,8
CVRP,284,ok,12.9687557905,7
CVRP,285,ok,10.4866947034,7
CVRP,286,ok,12.9385682522,7
CVRP,287,ok,13.0960073787,8
CVRP,288,ok,9.1517080265,7
CVRP,289,ok,10.3893015092,7
CVRP,290,ok,11.1539637393,7
CVRP,291,ok,13.9335576486,7
CVRP,292,ok,11.1388448326,8
CVRP,293,ok,9.0477229174,7
CVRP,294,ok,10.3727212329,8
CVRP,295,ok,11.4866070598,7
CVRP,296,ok,9.8101092425,6
CVRP,297,ok,9.0239375467,7
CVRP,298,ok,10.5551380127,7
CVRP,299,ok,9.3409423424,7
CVRP,300,ok,11.8013884056,7
CVRP,301,ok,9.3704091130,7
CVRP,302,ok,10.0746478864,8
CVRP,303,ok,10.6206932578,7
CVRP,304,ok,10.6573055907,7
CVRP,305,ok,9.4299752010,7
CVRP,306,ok,12.4416418528,7
CVRP,307,ok,9.6572279659,7
CVRP,308,ok,10.0646466647,7
CVRP,309,ok,11.3700020507,7
CVRP,310,ok,11.9744667321,7
CVRP,311,ok,10.6838250261,8
CVRP,312,ok,12.5677607384,7
CVRP,313,ok,8.9181886767,6
CVRP,314,ok,13.7577016511,7
CVRP,315,ok,13.4684345013,7
CVRP,316,ok,10.6325600666,7
CVRP,317,ok,11.6829590044,7
CVRP,318,ok,10.7090129361,8
CVRP,319,ok,10.0365773607,6
CVRP,320,ok,10.3692036409,7
CVRP,321,ok,10.8461456094,7
CVRP,322,ok,11.0800499745,7
CVRP,323,ok,12.2991529244,7
CVRP,324,ok,12.9011724743,8
CVRP,325,ok,9.1894789190,7
CVRP,326,ok,10.7387698711,7
CVRP,327,ok,11.6537007251,7
CVRP,328,ok,12.1708638289,8
CVRP,329,ok,12.8036792377,7
CVRP,330,ok,12.7277174369,7
CVRP,331,ok,12.8954999917,7
CVRP,332,ok,12.6226176496,8
CVRP,333,ok,8.7083663128,8
CVRP,334,ok,10.3676511671,7
CVRP,335,ok,9.6225663330,8
CVRP,336,ok,10.5900585552,7
CVRP,337,ok,11.1854767432,7
CVRP,338,ok,11.9451367903,8
CVRP,339,ok,10.2875334871,7
CVRP,340,ok,11.1576150963,7
CVRP,341,ok,12.1983883250,8
CVRP,342,ok,10.9314241298,7
CVRP,343,ok,9.5136801354,7
CVRP,344,ok,11.1684212664,7
CVRP,345,ok,9.7715828555,8
CVRP,346,ok,10.9139897926,8
CVRP,347,ok,12.9143409043,8
CVRP,348,ok,9.5785623607,7
CVRP,349,ok,10.1237622918,7
CVRP,350,ok,11.6622194718,9
CVRP,351,ok,9.9893992929,8
CVRP,352,ok,10.9880259309,8
CVRP,353,ok,9.8541207735,7
CVRP,354,ok,11.8877170461,7
CVRP,355,ok,10.2375164630,7
CVRP,356,ok,12.3838443059,7
CVRP,357,ok,12.0210247865,8
CVRP,358,ok,11.9734311294,7
CVRP,359,ok,9.9053800571,7
CVRP,360,ok,8.8238508323,8
CVRP,361,ok,9.7541083262,7
CVRP,362,ok,14.7639895802,8
CVRP,363,ok,9.9632535279,7
CVRP,364,ok,11.4502391124,7
CVRP,365,ok,12.1964631198,7
CVRP,366,ok,11.0161757997,7
CVRP,367,ok,9.7220164306,7
CVRP,368,ok,11.4795039475,7
CVRP,369,ok,8.7954263381,7
CVRP,370,ok,9.9142083357,6
CVRP,371,ok,12.3800735177,7
CVRP,372,ok,9.8860069260,7
CVRP,373,ok,10.0966354354,8
CVRP,374,ok,12.5122291884,7
CVRP,375,ok,11.0640910441,7
CVRP,376,ok,12.0947404185,7
CVRP,377,ok,10.2397454803,7
CVRP,378,ok,13.4583279842,8
CVRP,379,ok,9.4655792845,6
CVRP,380,ok,10.8744584129,8
CVRP,381,ok,11.8354056677,8
CVRP,382,ok,9.5084178962,6
CVRP,383,ok,11.0997978687,7
CVRP,384,ok,9.7888045082,7
CVRP,385,ok,12.0844166015,7
CVRP,386,ok,11.4264877598,6
CVRP,387,ok,8.1476040610,6
CVRP,388,ok,9.6479616732,7
CVRP,389,ok,10.3357203504,8
CVRP,390,ok,9.1763482181,7
CVRP,391,ok,12.6367895426,7
CVRP,392,ok,13.1353493723,8
CVRP,393,ok,9.8698357928,7
CVRP,394,ok,10.9894625537,6
CVRP,395,ok,10.9651508327,7
CVRP,396,ok,9.2396943344,6
CVRP,397,ok,9.9014467296,8
CVRP,398,ok,11.5590826473,7
CVRP,399,ok,11.1508747216,6
CVRP,400,ok,12.1646895612,7
CVRP,401,ok,9.6646704908,6
CVRP,402,ok,9.8214875797,7
CVRP,403,ok,10.6242145069,7
CVRP,404,ok,9.7183296201,8
CVRP,405,ok,11.8648874797,7
CVRP,406,ok,10.1618015488,7
CVRP,407,ok,11.4904229034,8
CVRP,408,ok,12.9916154572,7
CVRP,409,ok,10.0838261402,7
CVRP,410,ok,11.1296343048,6
CVRP,411,ok,9.7307319135,7
CVRP,412,ok,10.0161681823,7
CVRP,413,ok,9.0492137678,7
CVRP,414,ok,13.3957895008,7
CVRP,415,ok,10.0239647016,7
CVRP,416,ok,11.0808202099,6
CVRP,417,ok,9.2853314901,8
CVRP,418,ok,11.7642033251,7
CVRP,419,ok,10.4803634611,7
CVRP,420,ok,9.6031173166,7
CVRP,421,ok,13.5873825605,7
CVRP,422,ok,11.5129757764,7
CVRP,423,ok,10.1526058671,7
CVRP,424,ok,11.5305922471,7
CVRP,425,ok,8.6525834810,8
CVRP,426,ok,9.6179016628,7
CVRP,427,ok,12.1729848190,7
CVRP,428,ok,9.4858271696,6
CVRP,429,ok,10.0700791555,8
CVRP,430,ok,11.6223284907,7
CVRP,431,ok,9.8676638967,7
CVRP,432,ok,10.5386765651,7
CVRP,433,ok,11.4175295755,7
CVRP,434,ok,10.2481080049,7
CVRP,435,ok,11.7813891867,6
CVRP,436,ok,11.0282220603,7
CVRP,437,ok,10.9932784308,7
CVRP,438,ok,9.5650375704,7
CVRP,439,ok,12.0303037995,7
CVRP,440,ok,11.8828171059,7
CVRP,441,ok,13.4378382256,7
CVRP,442,ok,12.2640490978,7
CVRP,443,ok,10.0742158892,9
CVRP,444,ok,10.6418894480,7
CVRP,445,ok,11.8140917626,7
CVRP,446,ok,11.0365538989,6
CVRP,447,ok,11.2016235948,7
CVRP,448,ok,11.5596477758,7
CVRP,449,ok,11.6749549800,8
CVRP,450,ok,11.6505183295,8
CVRP,451,ok,9.7907229720,7
CVRP,452,ok,11.1163990790,7
CVRP,453,ok,11.4268814070,7
CVRP,454,ok,10.4990271528,7
CVRP,455,ok,10.6072230115,7
CVRP,456,ok,12.4791143827,8
CVRP,457,ok,9.4263792328,6
CVRP,458,ok,11.0432167036,6
CVRP,459,ok,11.0498183183,7
CVRP,460,ok,11.4900581203,7
CVRP,461,ok,12.2014191966,6
CVRP,462,ok,9.7407813991,7
CVRP,463,ok,9.8200266562,7
CVRP,464,ok,11.3157920469,7
CVRP,465,ok,9.2027644258,7
CVRP,466,ok,9.8044753573,6
CVRP,467,ok,10.7964548060,8
CVRP,468,ok,9.2523608397,7
CVRP,469,ok,10.1634270784,8
CVRP,470,ok,11.4176715368,7
CVRP,471,ok,9.1976454327,8
CVRP,472,ok,11.4585700886,7
CVRP,473,ok,10.1549503358,8
CVRP,474,ok,10.5630000404,7
CVRP,475,ok,8.5342756697,6
CVRP,476,ok,9.9538449612,7
CVRP,477,ok,10.1671333851,6
CVRP,478,ok,11.7524656156,7
CVRP,479,ok,10.8800773644,8
CVRP,480,ok,10.4418537673,7
CVRP,481,ok,10.0241031063,7
CVRP,482,ok,11.0772956846,7
CVRP,483,ok,13.9733497801,7
CVRP,484,ok,10.7482887588,8
CVRP,485,ok,11.0922942435,6
CVRP,486,ok,9.2749961363,7
CVRP,487,ok,10.6383993647,7
CVRP,488,ok,9.0094465389,7
CVRP,489,ok,13.2535227191,7
CVRP,490,ok,11.4513358023,8
CVRP,491,ok,13.3854696140,7
CVRP,492,ok,10.6584076667,7
CVRP,493,ok,9.5785071124,8
CVRP,494,ok,12.1685361415,7
CVRP,495,ok,9.9535611994,8
CVRP,496,ok,9.9953269223,8
CVRP,497,ok,9.4834325276,7
CVRP,498,ok,11.4835803004,7
CVRP,499,ok,11.4756230214,7
CVRP,500,ok,10.6983426192,7
CVRP,501,ok,10.1140126188,7
CVRP,502,ok,10.5977608310,7
CVRP,503,ok,10.0055918704,7
CVRP,504,ok,9.4424286723,7
CVRP,505,ok,9.5478461118,9
CVRP,506,ok,12.3351022554,7
CVRP,507,ok,9.1606309390,7
CVRP,508,ok,14.8297400958,8
CVRP,509,ok,10.0813259011,7
CVRP,510,ok,10.2214130467,7
CVRP,511,ok,10.2653955592,6
CVRP,512,ok,11.7336123144,7
CVRP,513,ok,10.3762640995,7
CVRP,514,ok,9.0075644008,7
CVRP,515,ok,12.2450395864,7
CVRP,516,ok,9.9209526167,7
CVRP,517,ok,11.8286067814,9
CVRP,518,ok,10.9349313875,7
CVRP,519,ok,11.0347359844,7
CVRP,520,ok,12.2335904285,7
CVRP,521,ok,9.6239352004,8
CVRP,522,ok,9.2888044808,8
CVRP,523,ok,11.1942744777,6
CVRP,524,ok,9.9004163741,7
CVRP,525,ok,12.2487556624,7
CVRP,526,ok,9.2726935190,7
CVRP,527,ok,11.4947908665,8
CVRP,528,ok,9.7935239980,7
CVRP,529,ok,13.0011607833,7
CVRP,530,ok,10.1764930068,7
CVRP,531,ok,10.4279652607,8
CVRP,532,ok,10.1688446469,7
CVRP,533,ok,10.6391190117,7
CVRP,534,ok,10.3101290370,7
CVRP,535,ok,9.3150648807,7
CVRP,536,ok,10.1029067293,7
CVRP,537,ok,8.9908714365,7
CVRP,538,ok,12.9131550592,8
CVRP,539,ok,8.7795783591,7
CVRP,540,ok,12.3910010210,8
CVRP,541,ok,12.7730111832,8
CVRP,542,ok,8.8027735630,6
CVRP,543,ok,9.6375487791,7
CVRP,544,ok,12.3772496830,8
CVRP,545,ok,9.2156539752,7
CVRP,546,ok,9.1697602804,6
CVRP,547,ok,10.6838083915,6
CVRP,548,ok,10.0433601801,6
CVRP,549,ok,15.2899612095,8
CVRP,550,ok,10.0767008790,7
CVRP,551,ok,10.2159658046,6
CVRP,552,ok,13.8703648166,7
CVRP,553,ok,15.2487407112,7
CVRP,554,ok,9.7091323074,6
CVRP,555,ok,11.3630545757,6
CVRP,556,ok,10.6992936407,6
CVRP,557,ok,11.3917651801,8
CVRP,558,ok,10.3204040215,7
CVRP,559,ok,12.2276150915,8
CVRP,560,ok,9.6467077520,7
CVRP,561,ok,10.9024305018,8
CVRP,562,ok,10.1151030272,7
CVRP,563,ok,11.6525351561,7
CVRP,564,ok,11.6906950721,8
CVRP,565,ok,8.9636061574,7
CVRP,566,ok,10.9108289355,6
CVRP,567,ok,11.5534880560,8
CVRP,568,ok,11.0750625133,7
CVRP,569,ok,8.8413794565,6
CVRP,570,ok,11.2543192507,7
CVRP,571,ok,11.9530716175,7
CVRP,572,ok,13.1903863475,7
CVRP,573,ok,10.0830032036,7
CVRP,574,ok,11.1309114764,7
CVRP,575,ok,8.6820017802,7
CVRP,576,ok,9.5634183581,7
CVRP,577,ok,9.6547582606,7
CVRP,578,ok,10.7093482153,7
CVRP,579,ok,9.3377199723,8
CVRP,580,ok,8.9700125295,6
CVRP,581,ok,10.1059830089,8
CVRP,582,ok,11.2142393196,7
CVRP,583,ok,9.7327660946,7
CVRP,584,ok,13.6291745588,7
CVRP,585,ok,9.8174212900,6
CVRP,586,ok,12.1422556761,8
CVRP,587,ok,11.2164104646,7
CVRP,588,ok,11.0558409908,7
CVRP,589,ok,10.5547922341,7
CVRP,590,ok,10.3721620317,6
CVRP,591,ok,11.2797279611,7
CVRP,592,ok,10.9291434454,7
CVRP,593,ok,10.3829266183,6
CVRP,594,ok,10.7821181222,7
CVRP,595,ok,9.8388011024,7
CVRP,596,ok,10.0294272597,6
CVRP,597,ok,10.5176316777,7
CVRP,598,ok,11.5066397232,8
CVRP,599,ok,9.8554807557,7
CVRP,600,ok,12.7831109017,7
CVRP,601,ok,9.6174990527,7
CVRP,602,ok,8.8329173387,7
CVRP,603,ok,10.7874759568,6
CVRP,604,ok,12.7340191310,7
CVRP,605,ok,9.9115732004,7
CVRP,606,ok,13.1412691671,7
CVRP,607,ok,10.4236267349,8
CVRP,608,ok,10.0350147432,8
CVRP,609,ok,10.9892090825,7
CVRP,610,ok,12.2034511569,7
CVRP,611,ok,10.6050482072,7
CVRP,612,ok,10.4641895308,7
CVRP,613,ok,11.5341106131,7
CVRP,614,ok,9.3981535163,6
CVRP,615,ok,10.2791289832,7
CVRP,616,ok,12.0705491170,8
CVRP,617,ok,9.2217139160,7
CVRP,618,ok,10.9039491514,7
CVRP,619,ok,13.4390004536,7
CVRP,620,ok,11.0018271944,7
CVRP,621,ok,11.0051354945,6
CVRP,622,ok,9.2330331815,6
CVRP,623,ok,9.7954104958,7
CVRP,624,ok,10.6182119201,7
CVRP,625,ok,11.8284519078,7
CVRP,626,ok,9.5630808157,6
CVRP,627,ok,11.7124807709,8
CVRP,628,ok,11.6365335234,7
CVRP,629,ok,12.0397856703,6
CVRP,630,ok,11.3778700880,7
CVRP,631,ok,11.4087864115,7
CVRP,632,ok,11.6868592116,7
CVRP,633,ok,11.5386689877,7
CVRP,634,ok,10.3101435999,7
CVRP,635,ok,10.1064976981,9
CVRP,636,ok,10.4544311837,8
CVRP,637,ok,9.7508240065,8
CVRP,638,ok,12.5728005281,7
CVRP,639,ok,12.0339266156,8
CVRP,640,ok,10.6101092302,7
CVRP,641,ok,12.2314793772,7
CVRP,642,ok,11.4417337467,7
CVRP,643,ok,11.6835136969,7
CVRP,644,ok,11.5175611296,7
CVRP,645,ok,11.5589412781,7
CVRP,646,ok,10.7137135246,7
CVRP,647,ok,12.0255234457,7
CVRP,648,ok,12.2843253818,8
CVRP,649,ok,9.4283122714,7
CVRP,650,ok,13.5560634964,7
CVRP,651,ok,12.0526097721,7
CVRP,652,ok,11.4249021059,9
CVRP,653,ok,10.4037949891,7
CVRP,654,ok,9.9265866876,7
CVRP,655,ok,8.7738521276,7
CVRP,656,ok,12.1707502670,8
CVRP,657,ok,9.9660541861,7
CVRP,658,ok,8.9769940858,6
CVRP,659,ok,10.1126085632,8
CVRP,660,ok,9.7141573846,7
CVRP,661,ok,9.6361608730,8
CVRP,662,ok,9.6870437579,7
CVRP,663,ok,11.2161491625,7
CVRP,664,ok,12.3093143501,7
CVRP,665,ok,10.4289047797,6
CVRP,666,ok,13.8721964193,7
CVRP,667,ok,10.6026357854,7
CVRP,668,ok,9.7185118566,7
CVRP,669,ok,8.6144603423,8
CVRP,670,ok,12.3962800249,8
CVRP,671,ok,12.1650195901,7
CVRP,672,ok,9.3726239602,7
CVRP,673,ok,10.6287685302,7
CVRP,674,ok,13.1676039244,8
CVRP,675,ok,11.2571023754,7
CVRP,676,ok,9.4908509218,6
CVRP,677,ok,10.7273017651,7
CVRP,678,ok,10.1525620820,7
CVRP,679,ok,11.0527488975,8
CVRP,680,ok,10.3835032708,7
CVRP,681,ok,10.2759417320,7
CVRP,682,ok,11.0719802477,7
CVRP,683,ok,10.1773970243,7
CVRP,684,ok,10.4842931377,7
CVRP,685,ok,8.6346796357,6
CVRP,686,ok,10.6864820704,7
CVRP,687,ok,11.2664413755,7
CVRP,688,ok,8.9838792878,8
CVRP,689,ok,9.4666694299,7
CVRP,690,ok,12.1883351024,7
CVRP,691,ok,9.0828618672,6
CVRP,692,ok,10.0268634961,8
CVRP,693,ok,11.6622640922,8
CVRP,694,ok,10.5104857055,7
CVRP,695,ok,12.4882599926,6
CVRP,696,ok,10.6768242707,7
CVRP,697,ok,7.6500649975,6
CVRP,698,ok,11.7820847942,7
CVRP,699,ok,12.3144198906,7
CVRP,700,ok,11.4901628289,7
CVRP,701,ok,10.9291043439,7
CVRP,702,ok,10.9255220695,8
CVRP,703,ok,11.7060366071,8
CVRP,704,ok,12.3723919243,8
CVRP,705,ok,14.2859243992,8
CVRP,706,ok,11.5341152245,8
CVRP,707,ok,9.8818635313,7
CVRP,708,ok,9.3598077777,6
CVRP,709,ok,13.7088389818,8
CVRP,710,ok,9.3841299201,8
CVRP,711,ok,11.3738227908,7
CVRP,712,ok,9.7720434468,7
CVRP,713,ok,10.0307973661,8
CVRP,714,ok,10.1317724172,7
CVRP,715,ok,10.9236268352,8
CVRP,716,ok,10.4274742295,7
CVRP,717,ok,13.2608552285,8
CVRP,718,ok,9.8765359499,8
CVRP,719,ok,10.5106255613,7
CVRP,720,ok,12.0980781405,6
CVRP,721,ok,11.0883761872,8
CVRP,722,ok,8.8352923162,7
CVRP,723,ok,9.8067686693,7
CVRP,724,ok,10.7375108152,7
CVRP,725,ok,9.2680625117,7
CVRP,726,ok,10.5884429894,7
CVRP,727,ok,12.7558118335,7
CVRP,728,ok,10.3031330904,7
CVRP,729,ok,10.4647504766,6
CVRP,730,ok,11.6949832797,7
CVRP,731,ok,9.4059453260,7
CVRP,732,ok,8.7247585458,7
CVRP,733,ok,9.7978606212,6
CVRP,734,ok,9.6310175773,8
CVRP,735,ok,10.0444034057,7
CVRP,736,ok,12.3191185434,7
CVRP,737,ok,10.8932195603,8
CVRP,738,ok,11.4603828166,6
CVRP,739,ok,10.1162156497,6
CVRP,740,ok,10.2305205943,8
CVRP,741,ok,10.1383734194,6
CVRP,742,ok,13.6499352004,8
CVRP,743,ok,8.7245718092,6
CVRP,744,ok,13.7596135362,7
CVRP,745,ok,10.8930690972,6
CVRP,746,ok,11.9108490024,8
CVRP,747,ok,10.3341399227,8
CVRP,748,ok,7.9780421743,6
CVRP,749,ok,11.4026493511,7
CVRP,750,ok,11.7418492738,8
CVRP,751,ok,10.4447851673,7
CVRP,752,ok,9.9685833869,6
CVRP,753,ok,11.4793416779,8
CVRP,754,ok,9.4701712802,7
CVRP,755,ok,10.2056986507,7
CVRP,756,ok,12.9390303328,7
CVRP,757,ok,10.3884406839,7
CVRP,758,ok,10.8575564108,7
CVRP,759,ok,9.1629759415,7
CVRP,760,ok,12.7442711882,7
CVRP,761,ok,9.5713507846,6
CVRP,762,ok,10.6428798482,8
CVRP,763,ok,11.0724788346,7
CVRP,764,ok,9.5281484600,7
CVRP,765,ok,10.1725358153,7
CVRP,766,ok,10.3830539621,8
CVRP,767,ok,9.0053349852,7
CVRP,768,ok,11.4529934589,7
CVRP,769,ok,12.7617389119,8
CVRP,770,ok,10.4552048220,7
CVRP,771,ok,16.5245845172,8
CVRP,772,ok,11.2521512903,8
CVRP,773,ok,15.0624547715,7
CVRP,774,ok,11.5998729128,7
CVRP,775,ok,10.7791895607,8
CVRP,776,ok,9.6097301412,7
CVRP,777,ok,11.3127077233,7
CVRP,778,ok,8.5807798527,7
CVRP,779,ok,10.9671889736,6
CVRP,780,ok,10.0507214780,8
CVRP,781,ok,12.5892683294,7
CVRP,782,ok,9.7909695200,7
CVRP,783,ok,9.5030798616,7
CVRP,784,ok,13.0915375296,7
CVRP,785,ok,14.0059703971,8
CVRP,786,ok,11.7444938715,8
CVRP,787,ok,10.5347945156,7
CVRP,788,ok,10.5041227126,9
CVRP,789,ok,8.4916889606,6
CVRP,790,ok,11.4976887572,7
CVRP,791,ok,9.3186442686,6
CVRP,792,ok,10.0250011229,8
CVRP,793,ok,9.0016500591,6
CVRP,794,ok,14.8606801808,7
CVRP,795,ok,10.2871469109,8
CVRP,796,ok,10.1603439442,7
CVRP,797,ok,11.7706769127,8
CVRP,798,ok,11.6753140292,7
CVRP,799,ok,11.7248530313,7
CVRP,800,ok,10.1037897014,8
CVRP,801,ok,10.1356992268,7
CVRP,802,ok,10.3504233943,7
CVRP,803,ok,10.6448527227,7
CVRP,804,ok,8.8627377562,7
CVRP,805,ok,12.1751205569,7
CVRP,806,ok,11.4932326119,7
CVRP,807,ok,10.2140360933,7
CVRP,808,ok,10.1844069980,8
CVRP,809,ok,13.3370951898,7
CVRP,810,ok,9.7234576017,7
CVRP,811,ok,13.0093869480,7
CVRP,812,ok,14.5344273254,7
CVRP,813,ok,12.7919989976,7
CVRP,814,ok,12.1465751495,6
CVRP,815,ok,8.8091358285,7
CVRP,816,ok,11.5873570323,7
CVRP,817,ok,8.6082926177,7
CVRP,818,ok,9.1380130188,7
CVRP,819,ok,9.1672088614,8
CVRP,820,ok,9.4844108287,7
CVRP,821,ok,9.0760702053,8
CVRP,822,ok,10.1462148573,7
CVRP,823,ok,12.1368616832,7
CVRP,824,ok,12.4747896881,7
CVRP,825,ok,11.2382868806,8
CVRP,826,ok,9.6899470671,7
CVRP,827,ok,13.2932572773,7
CVRP,828,ok,10.3661185725,8
CVRP,829,ok,11.2429181214,7
CVRP,830,ok,10.1522534244,7
CVRP,831,ok,10.4912930942,8
CVRP,832,ok,13.1503203887,8
CVRP,833,ok,13.4716653180,8
CVRP,834,ok,12.5018057106,7
CVRP,835,ok,10.4637208869,8
CVRP,836,ok,11.9361827717,7
CVRP,837,ok,10.7308227829,7
CVRP,838,ok,11.5517877112,7
CVRP,839,ok,10.2543687153,6
CVRP,840,ok,9.7459375335,6
CVRP,841,ok,9.3409723652,7
CVRP,842,ok,8.7189657269,6
CVRP,843,ok,11.2223272593,7
CVRP,844,ok,9.4959392591,6
CVRP,845,ok,12.1400117273,7
CVRP,846,ok,9.5981441389,8
CVRP,847,ok,9.4793421318,6
CVRP,848,ok,13.6541317745,7
CVRP,849,ok,13.1447610564,7
CVRP,850,ok,15.0439143396,8
CVRP,851,ok,10.7512292470,6
CVRP,852,ok,11.4800341734,7
CVRP,853,ok,11.1298200139,6
CVRP,854,ok,9.4809658583,7
CVRP,855,ok,10.5871030683,7
CVRP,856,ok,10.2840432677,7
CVRP,857,ok,10.4887174652,6
CVRP,858,ok,8.8782413630,7
CVRP,859,ok,11.3667155278,8
CVRP,860,ok,11.6566873871,7
CVRP,861,ok,13.3056070863,7
CVRP,862,ok,13.1622914141,6
CVRP,863,ok,12.1843802119,8
CVRP,864,ok,9.6880147905,7
CVRP,865,ok,12.4621481037,8
CVRP,866,ok,11.8917670652,7
CVRP,867,ok,9.4263349824,7
CVRP,868,ok,8.9501724664,7
CVRP,869,ok,9.9592379559,7
CVRP,870,ok,13.0597872621,7
CVRP,871,ok,11.8406174890,7
CVRP,872,ok,12.1584900122,8
CVRP,873,ok,10.9413065395,8
CVRP,874,ok,10.4753243042,6
CVRP,875,ok,10.1665942269,6
CVRP,876,ok,11.8672893853,7
CVRP,877,ok,9.0569226495,7
CVRP,878,ok,10.4855852135,7
CVRP,879,ok,9.4968179846,8
CVRP,880,ok,12.0299088161,8
CVRP,881,ok,9.6123142956,9
CVRP,882,ok,9.0718211928,7
CVRP,883,ok,9.8301634941,6
CVRP,884,ok,11.9132773540,7
CVRP,885,ok,12.0003881856,7
CVRP,886,ok,9.6060194999,7
CVRP,887,ok,8.9258517826,7
CVRP,888,ok,11.7071967534,7
CVRP,889,ok,9.2937366691,7
CVRP,890,ok,10.7632406062,7
CVRP,891,ok,10.6366047682,8
CVRP,892,ok,9.3558905293,8
CVRP,893,ok,12.0724089022,7
CVRP,894,ok,11.8063372229,7
CVRP,895,ok,10.1451757028,7
CVRP,896,ok,12.0183908275,8
CVRP,897,ok,9.5375530202,6
CVRP,898,ok,10.3146343422,7
CVRP,899,ok,10.0420301497,8
CVRP,900,ok,9.1404670189,7
CVRP,901,ok,11.2817455756,8
CVRP,902,ok,11.5991808946,7
CVRP,903,ok,8.6996507166,6
CVRP,904,ok,12.7868825297,8
CVRP,905,ok,12.6043299782,7
CVRP,906,ok,10.6967578207,7
CVRP,907,ok,12.9990519014,7
CVRP,908,ok,14.2339329841,7
CVRP,909,ok,11.9294413081,7
CVRP,910,ok,10.9135187451,8
CVRP,911,ok,11.9900612344,6
CVRP,912,ok,13.1643246917,7
CVRP,913,ok,12.8685931522,7
CVRP,914,ok,9.6183934166,8
CVRP,915,ok,11.3467802133,7
CVRP,916,ok,10.6506275221,7
CVRP,917,ok,11.2831624143,8
CVRP,918,ok,10.5926636467,7
CVRP,919,ok,8.7279127218,7
CVRP,920,ok,11.2544181133,7
CVRP,921,ok,12.6443868029,7
CVRP,922,ok,9.5016393117,7
CVRP,923,ok,11.2159158035,7
CVRP,924,ok,12.2564830107,9
CVRP,925,ok,10.2741762579,7
CVRP,926,ok,12.6920868062,7
CVRP,927,ok,11.0212338571,6
CVRP,928,ok,9.6444742863,7
CVRP,929,ok,13.0043953930,7
CVRP,930,ok,9.6476336077,7
CVRP,931,ok,11.1428843370,8
CVRP,932,ok,10.2054552118,7
CVRP,933,ok,12.3238199438,7
CVRP,934,ok,11.0134766133,7
CVRP,935,ok,10.0110357769,8
CVRP,936,ok,13.2163293130,7
CVRP,937,ok,11.7479713959,8
CVRP,938,ok,12.8775652157,6
CVRP,939,ok,10.1224419309,7
CVRP,940,ok,11.3971398259,7
CVRP,941,ok,12.5243149775,7
CVRP,942,ok,8.7886576593,7
CVRP,943,ok,8.1122485128,7
CVRP,944,ok,11.4206416315,6
CVRP,945,ok,11.8957793310,7
CVRP,946,ok,9.8109349482,8
CVRP,947,ok,9.5362276978,8
CVRP,948,ok,11.0041848378,6
CVRP,949,ok,10.3994717998,7
CVRP,950,ok,11.3249611037,8
CVRP,951,ok,11.1716268450,7
CVRP,952,ok,13.2035939713,8
CVRP,953,ok,11.6649563426,7
CVRP,954,ok,10.6015890634,8
CVRP,955,ok,12.5501118505,8
CVRP,956,ok,11.4985934600,7
CVRP,957,ok,11.6201243925,7
CVRP,958,ok,10.3435988380,7
CVRP,959,ok,11.0281761119,7
CVRP,960,ok,12.2794530800,7
CVRP,961,ok,9.5543258617,7
CVRP,962,ok,10.6350475668,7
CVRP,963,ok,9.3041011469,7
CVRP,964,ok,12.6185401374,8
CVRP,965,ok,13.1436626278,7
CVRP,966,ok,9.1538867585,6
CVRP,967,ok,10.5180225162,7
CVRP,968,ok,12.3569291075,7
CVRP,969,ok,12.5163840781,7
CVRP,970,ok,12.1379622399,7
CVRP,971,ok,10.5430615246,7
CVRP,972,ok,12.1198856583,6
CVRP,973,ok,8.3117661266,7
CVRP,974,ok,10.7790714308,8
CVRP,975,ok,9.6653232189,8
CVRP,976,ok,13.2356303408,7
CVRP,977,ok,10.4726274755,7
CVRP,978,ok,12.2443054168,7
CVRP,979,ok,9.9597158208,7
CVRP,980,ok,11.2146507607,7
CVRP,981,ok,8.5623195511,6
CVRP,982,ok,10.0113544523,7
CVRP,983,ok,12.1729292794,7
CVRP,984,ok,11.6142280048,7
CVRP,985,ok,13.0199710122,8
CVRP,986,ok,11.5566528295,7
CVRP,987,ok,10.3126725004,7
CVRP,988,ok,11.8709462143,7
CVRP,989,ok,10.9377217167,6
CVRP,990,ok,9.3628100142,7
CVRP,991,ok,11.3903573382,7
CVRP,992,ok,10.0206044214,8
CVRP,993,ok,12.4634855703,7
CVRP,994,ok,10.9233060086,8
CVRP,995,ok,12.8094565912,7
CVRP,996,ok,12.4576445106,8
CVRP,997,ok,10.7938379062,7
CVRP,998,ok,9.5530789727,8
CVRP,999,ok,11.2733754308,7
OVRP,0,ok,7.4638709384,8
OVRP,1,ok,8.2809918579,6
OVRP,2,ok,7.0754877298,9
OVRP,3,ok,8.0643343299,10
OVRP,4,ok,6.8870838093,11
OVRP,5,ok,7.9981180956,10
OVRP,6,ok,8.0277939648,9
OVRP,7,ok,8.4652559805,9
OVRP,8,ok,6.8211174756,9
OVRP,9,ok,6.9120793481,9
OVRP,10,ok,7.5387972210,9
OVRP,11,ok,6.7083119248,9
OVRP,12,ok,7.7187113948,9
OVRP,13,ok,6.9432182227,10
OVRP,14,ok,7.9185589276,8
OVRP,15,ok,8.0475892110,10
OVRP,16,ok,7.3389662408,9
OVRP,17,ok,6.6107207819,10
OVRP,18,ok,6.9826126624,8
OVRP,19,ok,7.5011070340,10
OVRP,20,ok,7.8900655626,9
OVRP,21,ok,7.3387092823,8
OVRP,22,ok,6.1323027095,8
OVRP,23,ok,7.9292037353,9
OVRP,24,ok,8.1085957701,7
OVRP,25,ok,6.5265066907,8
OVRP,26,ok,6.5169153110,8
OVRP,27,ok,7.1129703806,8
OVRP,28,ok,6.7197856072,9
OVRP,29,ok,6.1655619703,8
OVRP,30,ok,7.2461566256,10
OVRP,31,ok,7.0472738067,8
OVRP,32,ok,8.4902249491,9
OVRP,33,ok,6.7678132475,9
OVRP,34,ok,7.3609905458,9
OVRP,35,ok,7.9023987745,8
OVRP,36,ok,6.4728884845,9
OVRP,37,ok,6.8370785997,9
OVRP,38,ok,7.3991141595,8
OVRP,39,ok,8.0680307610,9
OVRP,40,ok,6.3818486647,10
OVRP,41,ok,7.3185835743,9
OVRP,42,ok,6.1545491887,11
OVRP,43,ok,7.5962034579,10
OVRP,44,ok,7.0467481126,8
OVRP,45,ok,7.8143428063,8
OVRP,46,ok,7.4471736725,8
OVRP,47,ok,7.0888815100,9
OVRP,48,ok,7.7140165764,9
OVRP,49,ok,7.3491065340,10
OVRP,50,ok,7.8623200490,8
OVRP,51,ok,7.4721219608,8
OVRP,52,ok,6.8762900613,9
OVRP,53,ok,7.2793110928,8
OVRP,54,ok,7.8045579262,8
OVRP,55,ok,8.5445671025,9
OVRP,56,ok,7.3773778167,8
OVRP,57,ok,6.9794153296,7
OVRP,58,ok,6.7550176790,8
OVRP,59,ok,7.6912335841,7
OVRP,60,ok,6.1418793994,9
OVRP,61,ok,6.2859031867,9
OVRP,62,ok,6.6413909514,9
OVRP,63,ok,7.2867730173,9
OVRP,64,ok,8.8317540613,7
OVRP,65,ok,7.6818584230,8
OVRP,66,ok,7.8966477679,11
OVRP,67,ok,6.5190490318,9
OVRP,68,ok,8.1998919310,8
OVRP,69,ok,7.2762589400,6
OVRP,70,ok,6.9860890167,9
OVRP,71,ok,5.9628203150,8
OVRP,72,ok,7.7487040070,8
OVRP,73,ok,8.2205124378,7
OVRP,74,ok,7.1668149406,8
OVRP,75,ok,7.3817470254,8
OVRP,76,ok,7.5447217214,10
OVRP,77,ok,7.1596010948,8
OVRP,78,ok,6.6608122301,8
OVRP,79,ok,6.8358066195,7
OVRP,80,ok,7.9056513926,11
OVRP,81,ok,7.7106273299,8
OVRP,82,ok,7.7261028477,9
OVRP,83,ok,6.4139097107,9
OVRP,84,ok,7.0328923475,9
OVRP,85,ok,6.5185354590,7
OVRP,86,ok,7.6033644033,8
OVRP,87,ok,7.8708640614,8
OVRP,88,ok,7.2692659463,10
OVRP,89,ok,7.6792063531,8
OVRP,90,ok,7.2697773391,8
OVRP,91,ok,8.4616833390,8
OVRP,92,ok,7.7218098600,7
OVRP,93,ok,6.9636657022,7
OVRP,94,ok,7.5276492898,8
OVRP,95,ok,7.5436869490,9
OVRP,96,ok,8.6982858572,7
OVRP,97,ok,8.5100431674,8
OVRP,98,ok,6.1096244152,7
OVRP,99,ok,5.8915639150,9
OVRP,100,ok,7.3986548131,8
OVRP,101,ok,7.1302297076,10
OVRP,102,ok,7.2871216253,9
OVRP,103,ok,6.5804729444,8
OVRP,104,ok,7.8224257477,8
OVRP,105,ok,6.8034586691,8
OVRP,106,ok,7.5726537938,10
OVRP,107,ok,6.6510802679,10
OVRP,108,ok,6.3677844116,9
OVRP,109,ok,7.4125236169,8
OVRP,110,ok,5.8271883431,9
OVRP,111,ok,7.1402655110,9
OVRP,112,ok,8.6475531819,8
OVRP,113,ok,7.5908174064,7
OVRP,114,ok,7.2552335266,8
OVRP,115,ok,7.3782435836,8
OVRP,116,ok,8.2412079752,7
OVRP,117,ok,7.6912310404,8
OVRP,118,ok,8.2224340106,8
OVRP,119,ok,6.9601514859,7
OVRP,120,ok,8.1720368754,10
OVRP,121,ok,6.8090723242,10
OVRP,122,ok,7.6191194744,7
OVRP,123,ok,7.5369242297,9
OVRP,124,ok,7.6686100351,8
OVRP,125,ok,6.7950679542,7
OVRP,126,ok,6.8455553436,7
OVRP,127,ok,6.9584204756,7
OVRP,128,ok,7.6230360815,8
OVRP,129,ok,8.3026533420,9
OVRP,130,ok,7.9771261383,10
OVRP,131,ok,7.1301882560,10
OVRP,132,ok,6.8200565269,8
OVRP,133,ok,7.1881401764,9
OVRP,134,ok,7.1080374460,8
OVRP,135,ok,6.9968251950,11
OVRP,136,ok,6.6071847999,9
OVRP,137,ok,6.7907485581,10
OVRP,138,ok,7.9178751894,8
OVRP,139,ok,8.8841248113,9
OVRP,140,ok,8.0861513684,7
OVRP,141,ok,7.6500963709,10
OVRP,142,ok,5.8126197554,8
OVRP,143,ok,7.3216314111,10
OVRP,144,ok,7.9855712605,8
OVRP,145,ok,7.8634377978,8
OVRP,146,ok,8.1027318451,9
OVRP,147,ok,6.2657641410,9
OVRP,148,ok,8.2095585345,8
OVRP,149,ok,6.7260176316,9
OVRP,150,ok,8.4659270351,9
OVRP,151,ok,7.2450841689,9
OVRP,152,ok,7.3983936316,8
OVRP,153,ok,7.5839673073,8
OVRP,154,ok,7.6120735621,7
OVRP,155,ok,6.4990995297,11
OVRP,156,ok,9.0021847591,8
OVRP,157,ok,5.4387090580,9
OVRP,158,ok,7.0915186683,9
OVRP,159,ok,7.6862844293,7
OVRP,160,ok,6.6845091229,8
OVRP,161,ok,6.3508010696,6
OVRP,162,ok,7.2195173864,8
OVRP,163,ok,6.8702778837,10
OVRP,164,ok,7.1218827784,10
OVRP,165,ok,8.1609941023,11
OVRP,166,ok,7.3452357818,8
OVRP,167,ok,7.2742430107,8
OVRP,168,ok,6.2180529754,9
OVRP,169,ok,7.9336614929,7
OVRP,170,ok,7.7349224312,9
OVRP,171,ok,7.7041971567,9
OVRP,172,ok,6.8427854162,10
OVRP,173,ok,7.8554593708,9
OVRP,174,ok,7.4446300659,8
OVRP,175,ok,7.0066237811,7
OVRP,176,ok,8.0094643917,9
OVRP,177,ok,7.0198400405,8
OVRP,178,ok,6.1254344405,8
OVRP,179,ok,7.0338052983,10
OVRP,180,ok,7.6755603133,9
OVRP,181,ok,8.1289914675,9
OVRP,182,ok,7.6346244191,6
OVRP,183,ok,6.1520821946,10
OVRP,184,ok,7.3643509752,7
OVRP,185,ok,5.6629705894,9
OVRP,186,ok,6.1517831041,7
OVRP,187,ok,7.5681707312,9
OVRP,188,ok,6.8830670453,8
OVRP,189,ok,7.6203594299,8
OVRP,190,ok,6.7446848568,8
OVRP,191,ok,8.9096491084,8
OVRP,192,ok,6.4986059952,10
OVRP,193,ok,6.0933371639,8
OVRP,194,ok,8.1117876240,8
OVRP,195,ok,8.2125087894,8
OVRP,196,ok,7.7634735582,9
OVRP,197,ok,6.6117496090,9
OVRP,198,ok,7.8681323375,7
OVRP,199,ok,7.1063255910,7
OVRP,200,ok,7.1526721309,8
OVRP,201,ok,6.0784338081,8
OVRP,202,ok,6.9648892708,8
OVRP,203,ok,6.2161392689,9
OVRP,204,ok,6.7741371138,8
OVRP,205,ok,8.4604072121,7
OVRP,206,ok,7.5742910679,8
OVRP,207,ok,7.9110805455,8
OVRP,208,ok,6.9465774643,10
OVRP,209,ok,6.3976449592,8
OVRP,210,ok,7.5257186119,9
OVRP,211,ok,6.4462907391,6
OVRP,212,ok,6.5180221150,9
OVRP,213,ok,8.2675850205,9
OVRP,214,ok,7.1960820549,8
OVRP,215,ok,7.9229976836,8
OVRP,216,ok,7.2300940661,9
OVRP,217,ok,7.3185772858,10
OVRP,218,ok,7.8421705156,8
OVRP,219,ok,6.9156925158,10
OVRP,220,ok,6.7945860723,10
OVRP,221,ok,7.4310779758,10
OVRP,222,ok,8.5775598271,9
OVRP,223,ok,7.4982247557,9
OVRP,224,ok,7.0942427826,9
OVRP,225,ok,6.7710826304,9
OVRP,226,ok,6.4778003057,11
OVRP,227,ok,7.3518832508,8
OVRP,228,ok,7.2730098083,11
OVRP,229,ok,7.0003108971,8
OVRP,230,ok,7.0958581654,9
OVRP,231,ok,7.9462888831,8
OVRP,232,ok,7.7637213324,9
OVRP,233,ok,6.7366564361,8
OVRP,234,ok,7.3789494780,8
OVRP,235,ok,7.9949410883,8
OVRP,236,ok,8.3239739697,7
OVRP,237,ok,6.5996153600,8
OVRP,238,ok,8.3908398992,10
OVRP,239,ok,7.5213647586,9
OVRP,240,ok,6.1386284685,7
OVRP,241,ok,7.7583801486,9
OVRP,242,ok,6.4053499098,9
OVRP,243,ok,7.2897733626,8
OVRP,244,ok,7.2513209099,9
OVRP,245,ok,7.5432753654,10
OVRP,246,ok,8.2805191866,8
OVRP,247,ok,8.0397131439,8
OVRP,248,ok,7.7569640796,8
OVRP,249,ok,7.0845386699,9
OVRP,250,ok,6.4339616188,8
OVRP,251,ok,7.3391334320,9
OVRP,252,ok,7.5619198246,9
OVRP,253,ok,7.4709467356,7
OVRP,254,ok,7.2369408482,9
OVRP,255,ok,6.4631037485,9
OVRP,256,ok,7.6871090696,9
OVRP,257,ok,6.4680359286,8
OVRP,258,ok,6.5854262082,7
OVRP,259,ok,6.4888551244,10
OVRP,260,ok,6.1090211755,7
OVRP,261,ok,6.5186260630,9
OVRP,262,ok,8.7350287095,9
OVRP,263,ok,6.5190486522,8
OVRP,264,ok,6.8520339700,8
OVRP,265,ok,7.2060110032,8
OVRP,266,ok,6.5894719774,8
OVRP,267,ok,7.0736174165,8
OVRP,268,ok,6.3597167566,8
OVRP,269,ok,6.6394334790,8
OVRP,270,ok,6.6835667455,9
OVRP,271,ok,6.6255911973,9
OVRP,272,ok,6.2731210548,7
OVRP,273,ok,6.1044655116,7
OVRP,274,ok,7.9827058008,9
OVRP,275,ok,8.2334053710,7
OVRP,276,ok,7.7920511006,10
OVRP,277,ok,7.4805219449,8
OVRP,278,ok,6.6881197407,10
OVRP,279,ok,7.5588373317,8
OVRP,280,ok,7.0785850670,9
OVRP,281,ok,6.6671776074,10
OVRP,282,ok,8.6244323231,10
OVRP,283,ok,6.4118943322,9
OVRP,284,ok,7.9133197239,9
OVRP,285,ok,8.5380060713,10
OVRP,286,ok,6.8752951740,9
OVRP,287,ok,5.9275558231,8
OVRP,288,ok,6.9022925091,9
OVRP,289,ok,6.3320023211,8
OVRP,290,ok,9.0934509689,8
OVRP,291,ok,6.2047316987,8
OVRP,292,ok,7.6692142031,9
OVRP,293,ok,8.6424789071,8
OVRP,294,ok,7.2341435509,7
OVRP,295,ok,8.5224686601,8
OVRP,296,ok,6.9773941406,6
OVRP,297,ok,8.4592088741,10
OVRP,298,ok,7.1540208012,8
OVRP,299,ok,7.0483615412,7
OVRP,300,ok,7.1114002647,10
OVRP,301,ok,6.7665580778,8
OVRP,302,ok,7.4054859850,9
OVRP,303,ok,6.8641754940,8
OVRP,304,ok,7.0348655360,8
OVRP,305,ok,6.6965614729,8
OVRP,306,ok,8.0940970083,9
OVRP,307,ok,6.3232041275,8
OVRP,308,ok,7.9528374029,7
OVRP,309,ok,6.4950343019,8
OVRP,310,ok,6.9621228428,8
OVRP,311,ok,6.8951471502,9
OVRP,312,ok,6.8966362970,9
OVRP,313,ok,6.2079258373,8
OVRP,314,ok,5.8492417738,8
OVRP,315,ok,7.3099019333,10
OVRP,316,ok,8.0520686202,10
OVRP,317,ok,8.7380573758,8
OVRP,318,ok,8.3785713314,9
OVRP,319,ok,7.5762721838,9
OVRP,320,ok,7.1336169082,7
OVRP,321,ok,6.7939561197,10
OVRP,322,ok,7.1157023065,9
OVRP,323,ok,6.7252976025,7
OVRP,324,ok,6.5866959832,10
OVRP,325,ok,7.9245511486,10
OVRP,326,ok,6.4275470170,8
OVRP,327,ok,8.3485555734,9
OVRP,328,ok,6.7185700567,9
OVRP,329,ok,6.9644746229,7
OVRP,330,ok,7.2165755883,8
OVRP,331,ok,6.6705571205,10
OVRP,332,ok,8.2922844666,9
OVRP,333,ok,7.4066256756,7
OVRP,334,ok,6.9004492384,8
OVRP,335,ok,7.6841488305,9
OVRP,336,ok,7.1218087807,9
OVRP,337,ok,8.5405746066,7
OVRP,338,ok,6.8114179779,9
OVRP,339,ok,7.3136425651,9
OVRP,340,ok,7.3382133484,8
OVRP,341,ok,7.6650463031,7
OVRP,342,ok,7.0527054388,8
OVRP,343,ok,7.7292503677,7
OVRP,344,ok,6.6999100946,8
OVRP,345,ok,8.6399134818,9
OVRP,346,ok,7.5120138478,9
OVRP,347,ok,7.7857803168,7
OVRP,348,ok,7.5981032957,10
OVRP,349,ok,6.6884660301,11
OVRP,350,ok,7.2454405573,8
OVRP,351,ok,6.1316107138,10
OVRP,352,ok,6.5085894474,8
OVRP,353,ok,6.1879266709,8
OVRP,354,ok,7.3305695217,9
OVRP,355,ok,7.9542116095,9
OVRP,356,ok,7.4005746313,8
OVRP,357,ok,8.0761443114,10
OVRP,358,ok,7.8184889781,7
OVRP,359,ok,6.9617385700,9
OVRP,360,ok,6.4587183895,9
OVRP,361,ok,6.9397843084,9
OVRP,362,ok,6.5536680981,9
OVRP,363,ok,7.1863329779,8
OVRP,364,ok,7.7554026659,8
OVRP,365,ok,7.1187955445,10
OVRP,366,ok,6.3914675161,10
OVRP,367,ok,5.6957464560,7
OVRP,368,ok,7.2358287205,8
OVRP,369,ok,6.6754339920,10
OVRP,370,ok,8.0930815499,8
OVRP,371,ok,7.2263816251,9
OVRP,372,ok,8.2318847681,8
OVRP,373,ok,7.2876969211,7
OVRP,374,ok,7.3910481850,8
OVRP,375,ok,6.8041037518,8
OVRP,376,ok,7.3699594911,8
OVRP,377,ok,6.7711799331,8
OVRP,378,ok,6.9992425589,9
OVRP,379,ok,7.9904742717,9
OVRP,380,ok,6.9800718089,9
OVRP,381,ok,7.3208538848,9
OVRP,382,ok,7.3551986068,8
OVRP,383,ok,7.3835219652,9
OVRP,384,ok,6.5124914148,8
OVRP,385,ok,7.7198250937,7
OVRP,386,ok,5.9132092361,8
OVRP,387,ok,8.1944530532,9
OVRP,388,ok,6.9208701591,9
OVRP,389,ok,6.4948550369,7
OVRP,390,ok,6.7158267666,8
OVRP,391,ok,8.5494239640,10
OVRP,392,ok,7.2255128877,7
OVRP,393,ok,7.9010466032,9
OVRP,394,ok,6.9598862946,7
OVRP,395,ok,7.5323195423,8
OVRP,396,ok,7.6616364361,9
OVRP,397,ok,7.3739995359,8
OVRP,398,ok,7.4730634943,11
OVRP,399,ok,7.7633446315,8
OVRP,400,ok,7.1396478900,9
OVRP,401,ok,7.0929143577,9
OVRP,402,ok,6.6603905624,9
OVRP,403,ok,7.2764310075,8
OVRP,404,ok,6.1640585162,9
OVRP,405,ok,7.5430557044,8
OVRP,406,ok,6.1678967815,9
OVRP,407,ok,6.3965928550,9
OVRP,408,ok,6.3230170114,7
OVRP,409,ok,6.8752114316,8
OVRP,410,ok,7.8707488051,9
OVRP,411,ok,7.4493106730,9
OVRP,412,ok,7.5508827142,8
OVRP,413,ok,7.3568993315,9
OVRP,414,ok,5.9735660053,9
OVRP,415,ok,6.9958805980,9
OVRP,416,ok,7.2463883071,8
OVRP,417,ok,7.9419619720,7
OVRP,418,ok,6.7780781845,8
OVRP,419,ok,6.5339725650,8
OVRP,420,ok,8.0458474971,9
OVRP,421,ok,8.1515396728,8
OVRP,422,ok,6.6409955762,7
OVRP,423,ok,7.7632922869,8
OVRP,424,ok,6.6585742591,11
OVRP,425,ok,7.0090523414,8
OVRP,426,ok,6.5435860550,7
OVRP,427,ok,6.7849898216,9
OVRP,428,ok,8.5860649569,8
OVRP,429,ok,7.9470566871,8
OVRP,430,ok,6.5618681013,9
OVRP,431,ok,7.7195944274,10
OVRP,432,ok,6.8530257923,8
OVRP,433,ok,6.1895067729,8
OVRP,434,ok,7.5105737179,9
OVRP,435,ok,8.0310339863,11
OVRP,436,ok,6.9216365727,10
OVRP,437,ok,8.3607353038,9
OVRP,438,ok,8.4496413492,7
OVRP,439,ok,7.1531552800,10
OVRP,440,ok,7.6277592942,9
OVRP,441,ok,7.3656875087,10
OVRP,442,ok,6.5824291974,8
OVRP,443,ok,6.7743233086,9
OVRP,444,ok,7.4901318833,8
OVRP,445,ok,7.4411739878,9
OVRP,446,ok,8.2983751726,8
OVRP,447,ok,7.8120054323,8
OVRP,448,ok,6.5283008844,8
OVRP,449,ok,6.7335144376,8
OVRP,450,ok,7.5074284307,6
OVRP,451,ok,7.3843063445,8
OVRP,452,ok,7.9646863544,9
OVRP,453,ok,6.5306534887,8
OVRP,454,ok,6.6573412665,9
OVRP,455,ok,5.9469080235,8
OVRP,456,ok,7.4606042591,9
OVRP,457,ok,7.2511672067,12
OVRP,458,ok,7.0818489231,10
OVRP,459,ok,7.4494465709,10
OVRP,460,ok,8.3091380800,8
OVRP,461,ok,6.1132711980,8
OVRP,462,ok,7.2663542157,8
OVRP,463,ok,7.2188853059,7
OVRP,464,ok,7.3854483704,8
OVRP,465,ok,7.7501930915,9
OVRP,466,ok,6.8377001584,9
OVRP,467,ok,8.6632722831,7
OVRP,468,ok,7.8497816782,8
OVRP,469,ok,7.0555761988,8
OVRP,470,ok,6.7912135148,9
OVRP,471,ok,9.3717929294,10
OVRP,472,ok,6.7337138480,9
OVRP,473,ok,7.1511502936,8
OVRP,474,ok,6.8440306404,7
OVRP,475,ok,6.2492097608,9
OVRP,476,ok,6.5171200206,10
OVRP,477,ok,7.0418681802,8
OVRP,478,ok,6.3080604445,10
OVRP,479,ok,7.2761520855,7
OVRP,480,ok,7.2439675938,8
OVRP,481,ok,6.8024842766,8
OVRP,482,ok,6.3733138591,8
OVRP,483,ok,7.0564208562,10
OVRP,484,ok,6.0019028768,9
OVRP,485,ok,8.1707600525,10
OVRP,486,ok,7.6890033603,8
OVRP,487,ok,7.3835845341,10
OVRP,488,ok,6.8384429027,7
OVRP,489,ok,6.6672641999,9
OVRP,490,ok,7.1739307777,8
OVRP,491,ok,7.8589769983,8
OVRP,492,ok,7.1758083227,10
OVRP,493,ok,7.1793352745,8
OVRP,494,ok,9.6089632210,9
OVRP,495,ok,8.0534711791,9
OVRP,496,ok,6.0526141972,7
OVRP,497,ok,7.6323638417,7
OVRP,498,ok,6.8771341255,9
OVRP,499,ok,7.0421615657,9
OVRP,500,ok,6.4271343491,11
OVRP,501,ok,7.1310823274,8
OVRP,502,ok,6.4657397743,10
OVRP,503,ok,8.6637029929,7
OVRP,504,ok,6.2529635199,9
OVRP,505,ok,7.9015797772,8
OVRP,506,ok,8.2890798074,9
OVRP,507,ok,6.4552172666,9
OVRP,508,ok,7.7418196219,9
OVRP,509,ok,6.7760152214,8
OVRP,510,ok,7.4424131718,9
OVRP,511,ok,7.8202278882,9
OVRP,512,ok,6.4523880445,8
OVRP,513,ok,7.3214639056,7
OVRP,514,ok,5.9391808053,9
OVRP,515,ok,7.3058519353,8
OVRP,516,ok,6.4519654250,10
OVRP,517,ok,8.5082409001,8
OVRP,518,ok,7.1415614797,9
OVRP,519,ok,9.3635729671,8
OVRP,520,ok,7.8943410071,8
OVRP,521,ok,6.7390594014,8
OVRP,522,ok,7.6757136625,6
OVRP,523,ok,6.5547210499,10
OVRP,524,ok,6.9662535613,10
OVRP,525,ok,6.9598809802,8
OVRP,526,ok,7.4931943100,9
OVRP,527,ok,7.8317255747,8
OVRP,528,ok,7.6913143463,8
OVRP,529,ok,6.4021483337,10
OVRP,530,ok,6.6836842307,7
OVRP,531,ok,8.2018820409,8
OVRP,532,ok,7.1794200277,9
OVRP,533,ok,8.9721834337,8
OVRP,534,ok,7.3149860416,9
OVRP,535,ok,8.9786066757,8
OVRP,536,ok,8.7639671129,9
OVRP,537,ok,6.8928804381,8
OVRP,538,ok,6.8881083975,9
OVRP,539,ok,7.0062373243,9
OVRP,540,ok,6.3457086901,8
OVRP,541,ok,7.5259200069,7
OVRP,542,ok,7.9364707673,9
OVRP,543,ok,6.7759993783,9
OVRP,544,ok,8.6800867424,10
OVRP,545,ok,7.0174582196,7
OVRP,546,ok,6.6300462282,10
OVRP,547,ok,6.8322996876,9
OVRP,548,ok,8.0840397202,8
OVRP,549,ok,7.9539091390,8
OVRP,550,ok,7.0468185515,7
OVRP,551,ok,6.7235400852,10
OVRP,552,ok,6.7198278477,7
OVRP,553,ok,7.8465421131,8
OVRP,554,ok,7.9491793273,8
OVRP,555,ok,7.4268498817,8
OVRP,556,ok,7.3230582834,9
OVRP,557,ok,6.7008978347,8
OVRP,558,ok,8.0769968944,9
OVRP,559,ok,7.5767380104,7
OVRP,560,ok,6.9784350009,7
OVRP,561,ok,7.1327666144,8
OVRP,562,ok,6.3822569006,8
OVRP,563,ok,7.5863721784,8
OVRP,564,ok,9.1591769619,9
OVRP,565,ok,6.9339332972,8
OVRP,566,ok,6.7366531974,8
OVRP,567,ok,7.8789584336,10
OVRP,568,ok,7.1341110412,7
OVRP,569,ok,7.0538273356,10
OVRP,570,ok,7.0366806216,10
OVRP,571,ok,6.9388297173,8
OVRP,572,ok,7.7684522238,9
OVRP,573,ok,6.9205116950,9
OVRP,574,ok,7.3767214258,8
OVRP,575,ok,6.5784146474,8
OVRP,576,ok,7.5411766145,7
OVRP,577,ok,6.8506926246,10
OVRP,578,ok,8.6687005310,8
OVRP,579,ok,7.1435022466,7
OVRP,580,ok,7.4009550518,8
OVRP,581,ok,6.3674160934,8
OVRP,582,ok,6.9527289896,9
OVRP,583,ok,8.2591131605,8
OVRP,584,ok,6.8830859444,8
OVRP,585,ok,7.3881655334,9
OVRP,586,ok,7.1164972831,9
OVRP,587,ok,6.5718395219,10
OVRP,588,ok,6.3738779938,9
OVRP,589,ok,6.6646039127,8
OVRP,590,ok,7.8992666100,9
OVRP,591,ok,7.0865058519,7
OVRP,592,ok,7.2253874215,8
OVRP,593,ok,7.8562615073,9
OVRP,594,ok,6.8320368379,9
OVRP,595,ok,6.1341060451,8
OVRP,596,ok,6.6554247453,9
OVRP,597,ok,7.1020637285,10
OVRP,598,ok,7.1948664435,8
OVRP,599,ok,6.8645981968,8
OVRP,600,ok,7.1616048443,9
OVRP,601,ok,7.0582062849,7
OVRP,602,ok,8.2076170035,8
OVRP,603,ok,6.7044329268,9
OVRP,604,ok,6.4722511321,8
OVRP,605,ok,7.4876701591,8
OVRP,606,ok,6.9283524394,9
OVRP,607,ok,6.6000006279,8
OVRP,608,ok,6.4378590681,8
OVRP,609,ok,6.4792833054,9
OVRP,610,ok,7.0719002826,10
OVRP,611,ok,6.6501092658,8
OVRP,612,ok,6.3289284175,8
OVRP,613,ok,8.6514551650,9
OVRP,614,ok,9.0666591768,8
OVRP,615,ok,7.7648670890,9
OVRP,616,ok,7.2110187329,9
OVRP,617,ok,7.3049688680,7
OVRP,618,ok,6.3389593295,7
OVRP,619,ok,6.8807350946,8
OVRP,620,ok,7.3469682142,9
OVRP,621,ok,6.6955722178,8
OVRP,622,ok,7.8775349098,10
OVRP,623,ok,7.7609178969,9
OVRP,624,ok,7.1114512566,8
OVRP,625,ok,6.3892440045,8
OVRP,626,ok,8.1189179956,8
OVRP,627,ok,7.0270752328,9
OVRP,628,ok,6.4084441086,8
OVRP,629,ok,7.8804509702,8
OVRP,630,ok,7.5501539533,7
OVRP,631,ok,7.6517412506,10
OVRP,632,ok,6.4624010060,7
OVRP,633,ok,6.7900150898,8
OVRP,634,ok,7.6675144353,8
OVRP,635,ok,8.5913557490,10
OVRP,636,ok,7.9487561182,9
OVRP,637,ok,7.0514598451,10
OVRP,638,ok,7.5408604715,8
OVRP,639,ok,7.5869642504,8
OVRP,640,ok,6.3474549440,9
OVRP,641,ok,6.2305113368,9
OVRP,642,ok,8.1036118651,9
OVRP,643,ok,6.9896664473,9
OVRP,644,ok,6.4559742334,8
OVRP,645,ok,7.5224017475,8
OVRP,646,ok,7.9763971899,9
OVRP,647,ok,7.6719299359,7
OVRP,648,ok,6.4964327769,7
OVRP,649,ok,8.1607163321,8
OVRP,650,ok,7.5234361028,8
OVRP,651,ok,8.8009092670,9
OVRP,652,ok,6.6176591167,8
OVRP,653,ok,6.8916367647,9
OVRP,654,ok,8.0738142476,9
OVRP,655,ok,7.5469927588,8
OVRP,656,ok,6.4857642393,9
OVRP,657,ok,7.6360155717,9
OVRP,658,ok,7.4356178970,8
OVRP,659,ok,8.7964886918,6
OVRP,660,ok,7.6103284211,7
OVRP,661,ok,6.8826495441,9
OVRP,662,ok,7.8283006688,7
OVRP,663,ok,7.2280630340,8
OVRP,664,ok,7.3999877596,8
OVRP,665,ok,6.9982423067,8
OVRP,666,ok,8.0638366326,8
OVRP,667,ok,8.0732046929,8
OVRP,668,ok,7.2268360231,9
OVRP,669,ok,6.5229038850,8
OVRP,670,ok,6.0768509336,8
OVRP,671,ok,7.9916925894,8
OVRP,672,ok,7.3035286293,8
OVRP,673,ok,6.6507062246,7
OVRP,674,ok,8.1784604637,10
OVRP,675,ok,6.4154824531,10
OVRP,676,ok,7.4161763476,8
OVRP,677,ok,7.8049433315,9
OVRP,678,ok,7.7519405058,8
OVRP,679,ok,6.4322897733,8
OVRP,680,ok,7.2595489835,9
OVRP,681,ok,6.3085907653,8
OVRP,682,ok,8.0753628417,9
OVRP,683,ok,7.2049643593,10
OVRP,684,ok,8.7334001837,8
OVRP,685,ok,9.4387792919,7
OVRP,686,ok,7.3510010420,10
OVRP,687,ok,6.7744340636,9
OVRP,688,ok,8.4873700572,8
OVRP,689,ok,5.9921791580,7
OVRP,690,ok,7.0334254622,8
OVRP,691,ok,6.0179369656,8
OVRP,692,ok,7.3374122061,10
OVRP,693,ok,6.7316322470,9
OVRP,694,ok,6.1284078127,8
OVRP,695,ok,6.4116047263,8
OVRP,696,ok,7.6440458352,9
OVRP,697,ok,7.4620563317,8
OVRP,698,ok,7.2704107977,9
OVRP,699,ok,6.4512361466,8
OVRP,700,ok,6.2505096955,8
OVRP,701,ok,8.1696425043,7
OVRP,702,ok,8.2467266644,7
OVRP,703,ok,6.6436178981,8
OVRP,704,ok,8.3772331520,9
OVRP,705,ok,6.6561169409,8
OVRP,706,ok,7.3786991648,9
OVRP,707,ok,6.2061874498,7
OVRP,708,ok,7.3864230519,9
OVRP,709,ok,8.1093520564,10
OVRP,710,ok,6.9383453929,9
OVRP,711,ok,6.9605401038,9
OVRP,712,ok,6.0694376025,9
OVRP,713,ok,6.5622858278,9
OVRP,714,ok,6.4677321910,10
OVRP,715,ok,7.2522750633,8
OVRP,716,ok,6.4016380197,10
OVRP,717,ok,7.5817539722,8
OVRP,718,ok,7.3347971063,10
OVRP,719,ok,6.6730221363,8
OVRP,720,ok,7.5694984007,8
OVRP,721,ok,8.3234210093,8
OVRP,722,ok,7.4182364207,8
OVRP,723,ok,7.1187744822,9
OVRP,724,ok,8.1171361510,7
OVRP,725,ok,6.4996401060,8
OVRP,726,ok,6.4363563132,8
OVRP,727,ok,6.4053176711,9
OVRP,728,ok,6.9741800183,8
OVRP,729,ok,7.6981052133,8
OVRP,730,ok,6.3965268489,8
OVRP,731,ok,8.2515505573,7
OVRP,732,ok,6.2719352357,8
OVRP,733,ok,8.0200289667,9
OVRP,734,ok,7.1760852699,11
OVRP,735,ok,7.1283076904,7
OVRP,736,ok,8.0212309670,8
OVRP,737,ok,7.8466953964,8
OVRP,738,ok,6.6394406080,9
OVRP,739,ok,7.9125429161,11
OVRP,740,ok,7.2089975800,8
OVRP,741,ok,6.7602703633,9
OVRP,742,ok,7.1017148033,8
OVRP,743,ok,7.2013808118,7
OVRP,744,ok,7.4356551143,8
OVRP,745,ok,6.7196517803,9
OVRP,746,ok,8.2542218846,8
OVRP,747,ok,7.9845085502,9
OVRP,748,ok,6.6355135781,8
OVRP,749,ok,6.5838768232,9
OVRP,750,ok,8.0587045288,7
OVRP,751,ok,6.6992062838,10
OVRP,752,ok,5.8110026127,8
OVRP,753,ok,7.8244622930,9
OVRP,754,ok,7.8128616389,9
OVRP,755,ok,8.8623423278,9
OVRP,756,ok,8.3398761650,9
OVRP,757,ok,7.8038759214,7
OVRP,758,ok,7.0724884521,9
OVRP,759,ok,8.1684127892,8
OVRP,760,ok,7.1635275298,8
OVRP,761,ok,7.5236075345,8
OVRP,762,ok,8.0243173846,10
OVRP,763,ok,7.5344613375,8
OVRP,764,ok,6.9026554315,9
OVRP,765,ok,7.3682624372,8
OVRP,766,ok,6.8894732795,8
OVRP,767,ok,6.6429233890,9
OVRP,768,ok,7.6003212643,8
OVRP,769,ok,7.3895980201,9
OVRP,770,ok,6.9953023401,8
OVRP,771,ok,5.4959499541,8
OVRP,772,ok,5.6108259685,9
OVRP,773,ok,7.3187091092,8
OVRP,774,ok,7.3044344668,9
OVRP,775,ok,7.8191163021,8
OVRP,776,ok,6.7223772236,10
OVRP,777,ok,7.8351787331,9
OVRP,778,ok,6.9651968471,7
OVRP,779,ok,6.3758784191,8
OVRP,780,ok,7.6858143252,10
OVRP,781,ok,6.9132046467,9
OVRP,782,ok,7.1384247816,8
OVRP,783,ok,6.5613485489,9
OVRP,784,ok,8.2352089093,7
OVRP,785,ok,6.9548368652,8
OVRP,786,ok,5.8544821930,8
OVRP,787,ok,6.8173226376,7
OVRP,788,ok,6.6754698277,9
OVRP,789,ok,7.2875245951,8
OVRP,790,ok,6.5466685601,8
OVRP,791,ok,6.0074367395,8
OVRP,792,ok,8.0042874362,9
OVRP,793,ok,7.7055260178,9
OVRP,794,ok,6.5451407889,8
OVRP,795,ok,5.9770034544,8
OVRP,796,ok,6.4663041098,9
OVRP,797,ok,6.5028012232,8
OVRP,798,ok,7.8992832648,8
OVRP,799,ok,7.7569742558,10
OVRP,800,ok,6.2619662581,8
OVRP,801,ok,7.8419411745,11
OVRP,802,ok,6.4479008424,6
OVRP,803,ok,7.5359797254,8
OVRP,804,ok,7.5288117566,8
OVRP,805,ok,7.1067572999,8
OVRP,806,ok,8.5872867675,8
OVRP,807,ok,7.3260913649,8
OVRP,808,ok,8.4103540638,9
OVRP,809,ok,7.0724210734,9
OVRP,810,ok,7.4853909078,8
OVRP,811,ok,6.8062298790,8
OVRP,812,ok,7.5803306229,7
OVRP,813,ok,6.6240236704,9
OVRP,814,ok,6.3814045287,8
OVRP,815,ok,6.5731859697,9
OVRP,816,ok,8.4251387266,8
OVRP,817,ok,7.1417036202,9
OVRP,818,ok,6.4670318596,9
OVRP,819,ok,6.5725459266,9
OVRP,820,ok,6.9216413819,8
OVRP,821,ok,5.7849190768,9
OVRP,822,ok,6.9207867146,8
OVRP,823,ok,7.1854164018,9
OVRP,824,ok,8.3387675459,9
OVRP,825,ok,7.7341691469,8
OVRP,826,ok,6.9645632724,10
OVRP,827,ok,7.7600991322,9
OVRP,828,ok,7.6583520423,8
OVRP,829,ok,6.7592850799,8
OVRP,830,ok,8.8222407629,8
OVRP,831,ok,6.6918739816,9
OVRP,832,ok,5.4428272344,7
OVRP,833,ok,7.6721465091,7
OVRP,834,ok,7.2900538570,7
OVRP,835,ok,6.3332131517,9
OVRP,836,ok,7.1698186552,9
OVRP,837,ok,8.5933338500,9
OVRP,838,ok,7.1919782636,8
OVRP,839,ok,5.6902420896,9
OVRP,840,ok,9.2603869260,8
OVRP,841,ok,7.1442858833,8
OVRP,842,ok,7.1842294344,8
OVRP,843,ok,7.4841374138,11
OVRP,844,ok,7.0038572428,8
OVRP,845,ok,6.8876007513,9
OVRP,846,ok,7.3256083012,9
OVRP,847,ok,8.5687775472,7
OVRP,848,ok,7.5653691421,8
OVRP,849,ok,6.7958913237,9
OVRP,850,ok,5.9941256609,8
OVRP,851,ok,8.5995145247,8
OVRP,852,ok,8.0669755453,8
OVRP,853,ok,7.8634248796,8
OVRP,854,ok,7.8558029237,8
OVRP,855,ok,6.6337323906,9
OVRP,856,ok,7.1150422417,8
OVRP,857,ok,7.3777186716,8
OVRP,858,ok,6.8175867411,10
OVRP,859,ok,7.6949780198,9
OVRP,860,ok,7.6920401112,7
OVRP,861,ok,6.6694789933,9
OVRP,862,ok,5.3491781297,9
OVRP,863,ok,6.8450822239,8
OVRP,864,ok,6.8481970206,11
OVRP,865,ok,8.3936749151,8
OVRP,866,ok,7.1119931328,9
OVRP,867,ok,5.9629409246,7
OVRP,868,ok,7.2842026939,9
OVRP,869,ok,7.1935778610,9
OVRP,870,ok,7.1801976719,9
OVRP,871,ok,6.9361372594,9
OVRP,872,ok,7.2914109446,9
OVRP,873,ok,7.0083633965,9
OVRP,874,ok,6.5925352060,7
OVRP,875,ok,7.1209627748,9
OVRP,876,ok,6.4503658820,9
OVRP,877,ok,6.3353575003,9
OVRP,878,ok,6.9928999957,9
OVRP,879,ok,7.4644786310,8
OVRP,880,ok,6.9460520849,9
OVRP,881,ok,7.9656517009,9
OVRP,882,ok,8.1534702348,9
OVRP,883,ok,6.6547733533,7
OVRP,884,ok,8.5193294072,8
OVRP,885,ok,8.1692221139,9
OVRP,886,ok,6.8051906871,9
OVRP,887,ok,6.3559482303,10
OVRP,888,ok,6.6289884130,8
OVRP,889,ok,8.7342056948,10
OVRP,890,ok,6.4434271968,9
OVRP,891,ok,7.6513274849,9
OVRP,892,ok,7.8526180034,9
OVRP,893,ok,7.5408448028,9
OVRP,894,ok,6.7084077995,9
OVRP,895,ok,8.6002369462,8
OVRP,896,ok,6.9575627340,9
OVRP,897,ok,7.6359437229,9
OVRP,898,ok,7.1600385208,9
OVRP,899,ok,6.7155077697,7
OVRP,900,ok,7.0119891709,8
OVRP,901,ok,7.3448727914,10
OVRP,902,ok,7.0215574144,8
OVRP,903,ok,7.1767573554,8
OVRP,904,ok,8.8630519719,9
OVRP,905,ok,6.8575484768,8
OVRP,906,ok,6.4789673634,8
OVRP,907,ok,5.9855156106,9
OVRP,908,ok,7.0141033713,9
OVRP,909,ok,7.2406621586,8
OVRP,910,ok,6.3740537286,9
OVRP,911,ok,7.0188770597,9
OVRP,912,ok,7.0789371168,10
OVRP,913,ok,7.5014294822,8
OVRP,914,ok,8.1786741188,9
OVRP,915,ok,6.1767814611,8
OVRP,916,ok,7.0324627150,7
OVRP,917,ok,6.3813477289,8
OVRP,918,ok,8.1561096367,9
OVRP,919,ok,6.5373240833,10
OVRP,920,ok,7.0617162835,8
OVRP,921,ok,6.4461713906,8
OVRP,922,ok,5.9163344369,9
OVRP,923,ok,6.8853367775,9
OVRP,924,ok,7.3815771018,9
OVRP,925,ok,6.1471305191,9
OVRP,926,ok,6.6468169692,8
OVRP,927,ok,8.1364781561,8
OVRP,928,ok,7.1393516452,10
OVRP,929,ok,8.0801681273,9
OVRP,930,ok,6.5060068562,7
OVRP,931,ok,6.1888603736,7
OVRP,932,ok,7.1550730666,7
OVRP,933,ok,6.4006992444,8
OVRP,934,ok,8.4211157336,10
OVRP,935,ok,6.6344235490,9
OVRP,936,ok,6.9637097866,9
OVRP,937,ok,6.5192582290,9
OVRP,938,ok,7.8318971302,8
OVRP,939,ok,6.0867359271,9
OVRP,940,ok,7.7003115678,8
OVRP,941,ok,6.9702482225,9
OVRP,942,ok,7.5324522621,8
OVRP,943,ok,6.8705410571,8
OVRP,944,ok,7.0983890683,8
OVRP,945,ok,8.2408989598,9
OVRP,946,ok,6.6074707009,7
OVRP,947,ok,6.3859108629,9
OVRP,948,ok,7.0273276715,9
OVRP,949,ok,6.8981642558,9
OVRP,950,ok,6.9026118297,8
OVRP,951,ok,7.5903031162,8
OVRP,952,ok,7.6039519168,9
OVRP,953,ok,6.4420303715,9
OVRP,954,ok,7.0646209274,8
OVRP,955,ok,8.2777151402,9
OVRP,956,ok,7.8203443624,8
OVRP,957,ok,7.4502790917,9
OVRP,958,ok,8.0777207246,9
OVRP,959,ok,6.7814951192,8
OVRP,960,ok,7.7436492478,9
OVRP,961,ok,8.4551591793,10
OVRP,962,ok,8.3855822571,9
OVRP,963,ok,6.0306002049,7
OVRP,964,ok,7.4385521422,8
OVRP,965,ok,7.8267903349,10
OVRP,966,ok,6.4097279100,7
OVRP,967,ok,6.9449617941,9
OVRP,968,ok,8.4848406311,9
OVRP,969,ok,8.4862777249,7
OVRP,970,ok,8.2520562769,9
OVRP,971,ok,7.0876145282,10
OVRP,972,ok,6.7455690333,8
OVRP,973,ok,7.7733238827,8
OVRP,974,ok,6.8609081310,10
OVRP,975,ok,6.2349196907,9
OVRP,976,ok,5.4498182496,8
OVRP,977,ok,7.5982055510,9
OVRP,978,ok,6.4832799335,7
OVRP,979,ok,6.5909127459,9
OVRP,980,ok,6.6882565740,9
OVRP,981,ok,7.1390191965,10
OVRP,982,ok,6.7770199611,9
OVRP,983,ok,8.3475023881,8
OVRP,984,ok,8.0440877955,8
OVRP,985,ok,7.2853877893,7
OVRP,986,ok,6.7203205409,9
OVRP,987,ok,7.6165316787,9
OVRP,988,ok,7.3403974957,8
OVRP,989,ok,7.0959193808,10
OVRP,990,ok,7.1736799429,8
OVRP,991,ok,6.5068310314,8
OVRP,992,ok,7.5527979561,9
OVRP,993,ok,6.8308305664,8
OVRP,994,ok,7.8179650307,8
OVRP,995,ok,7.0978278522,7
OVRP,996,ok,7.1943084976,9
OVRP,997,ok,6.6676821193,10
OVRP,998,ok,7.9066196034,8
OVRP,999,ok,6.3429696792,9
VRPB,0,ok,7.3413203487,4
VRPB,1,ok,7.1751503625,4
VRPB,2,ok,7.7150790680,4
VRPB,3,ok,7.5128159245,5
VRPB,4,ok,7.6532488183,5
VRPB,5,ok,7.5034248016,3
VRPB,6,ok,7.5168526237,4
VRPB,7,ok,8.2396484059,4
VRPB,8,ok,8.3907835247,4
VRPB,9,ok,8.8617959608,5
VRPB,10,ok,8.5253082735,5
VRPB,11,ok,8.9498445502,4
VRPB,12,ok,8.3769676145,5
VRPB,13,ok,8.0121645416,3
VRPB,14,ok,7.9786648355,4
VRPB,15,ok,7.2942221412,4
VRPB,16,ok,8.4777675999,5
VRPB,17,ok,8.9120203445,4
VRPB,18,ok,8.2202785912,5
VRPB,19,ok,7.4744718159,5
VRPB,20,ok,8.0461217402,5
VRPB,21,ok,8.7269495368,5
VRPB,22,ok,7.7372763941,4
VRPB,23,ok,9.8808566988,5
VRPB,24,ok,9.6342387542,5
VRPB,25,ok,9.1160167148,4
VRPB,26,ok,7.4339817867,4
VRPB,27,ok,8.0176275209,5
VRPB,28,ok,8.5624454479,5
VRPB,29,ok,8.1230726081,5
VRPB,30,ok,7.5316237122,4
VRPB,31,ok,6.8668511389,3
VRPB,32,ok,8.7183633765,4
VRPB,33,ok,8.1005760282,5
VRPB,34,ok,9.1657169410,5
VRPB,35,ok,7.1471341018,4
VRPB,36,ok,10.0531948717,4
VRPB,37,ok,8.7214442751,5
VRPB,38,ok,9.0904526704,4
VRPB,39,ok,7.1758670214,4
VRPB,40,ok,8.5667396924,4
VRPB,41,ok,8.8161864960,6
VRPB,42,ok,7.9893646694,4
VRPB,43,ok,10.3494172161,4
VRPB,44,ok,8.8503879785,5
VRPB,45,ok,7.9094397219,5
VRPB,46,ok,10.0194731290,4
VRPB,47,ok,7.5717693779,5
VRPB,48,ok,7.8174054362,5
VRPB,49,ok,8.8308389595,5
VRPB,50,ok,7.7369394449,4
VRPB,51,ok,7.0841227474,4
VRPB,52,ok,7.8549652757,4
VRPB,53,ok,8.2497703320,4
VRPB,54,ok,8.7334154897,6
VRPB,55,ok,7.8999582139,4
VRPB,56,ok,8.2358435903,4
VRPB,57,ok,7.8089004062,4
VRPB,58,ok,7.9815375562,6
VRPB,59,ok,7.5607948120,3
VRPB,60,ok,6.8836101662,4
VRPB,61,ok,9.5299241876,5
VRPB,62,ok,8.2263079613,4
VRPB,63,ok,10.0305690579,5
VRPB,64,ok,8.6755524835,4
VRPB,65,ok,6.7473351152,5
VRPB,66,ok,9.3093180074,5
VRPB,67,ok,8.8952549078,4
VRPB,68,ok,10.5766591349,5
VRPB,69,ok,8.7542433993,5
VRPB,70,ok,8.1889893301,4
VRPB,71,ok,7.8547673581,4
VRPB,72,ok,7.0122934853,4
VRPB,73,ok,7.5801672939,4
VRPB,74,ok,8.5304297075,5
VRPB,75,ok,9.2084839531,4
VRPB,76,ok,8.4845984678,4
VRPB,77,ok,7.5625741283,4
VRPB,78,ok,9.2279423035,4
VRPB,79,ok,9.5200023656,4
VRPB,80,ok,8.8124491691,4
VRPB,81,ok,8.0840464830,5
VRPB,82,ok,10.3770872842,5
VRPB,83,ok,8.3583800851,5
VRPB,84,ok,8.3829160631,5
VRPB,85,ok,8.8219853025,4
VRPB,86,ok,8.6675819024,5
VRPB,87,ok,7.8351350457,5
VRPB,88,ok,7.4901108093,4
VRPB,89,ok,7.1949207941,4
VRPB,90,ok,7.9801842769,5
VRPB,91,ok,6.8139625697,4
VRPB,92,ok,7.8823883210,4
VRPB,93,ok,8.4755553728,4
VRPB,94,ok,8.9414524018,6
VRPB,95,ok,8.3416819178,4
VRPB,96,ok,10.1011163811,5
VRPB,97,ok,6.9719934164,4
VRPB,98,ok,8.1304404141,4
VRPB,99,ok,7.0415691143,4
VRPB,100,ok,7.3991090998,5
VRPB,101,ok,8.5131918439,4
VRPB,102,ok,7.8785285251,4
VRPB,103,ok,7.1565078865,3
VRPB,104,ok,7.2902829042,4
VRPB,105,ok,7.7451294603,5
VRPB,106,ok,8.4541476675,5
VRPB,107,ok,9.1814565630,4
VRPB,108,ok,8.9992197730,4
VRPB,109,ok,9.1474928604,4
VRPB,110,ok,8.2448438177,5
VRPB,111,ok,8.6686398454,5
VRPB,112,ok,9.5469315333,4
VRPB,113,ok,6.6071773110,4
VRPB,114,ok,7.5864507806,4
VRPB,115,ok,8.0120181368,5
VRPB,116,ok,7.8986372966,4
VRPB,117,ok,7.7700135368,4
VRPB,118,ok,8.9588491008,4
VRPB,119,ok,6.9817570963,5
VRPB,120,ok,8.7859226456,5
VRPB,121,ok,7.8863470583,3
VRPB,122,ok,8.3958673381,5
VRPB,123,ok,7.6027918006,4
VRPB,124,ok,8.5102638598,4
VRPB,125,ok,9.4026009074,4
VRPB,126,ok,8.8642553000,4
VRPB,127,ok,9.5700958657,5
VRPB,128,ok,9.5841732762,5
VRPB,129,ok,8.5867077992,5
VRPB,130,ok,9.2223250831,5
VRPB,131,ok,8.7344863653,4
VRPB,132,ok,9.4302761479,4
VRPB,133,ok,8.0523550385,4
VRPB,134,ok,9.3020581328,4
VRPB,135,ok,7.9202692983,5
VRPB,136,ok,8.2595530586,4
VRPB,137,ok,7.8479858997,5
VRPB,138,ok,8.3113118624,5
VRPB,139,ok,9.2620673117,5
VRPB,140,ok,8.2183145523,5
VRPB,141,ok,7.6823466905,4
VRPB,142,ok,8.5400757965,4
VRPB,143,ok,8.6956581493,4
VRPB,144,ok,9.3508037893,4
VRPB,145,ok,10.1290173918,6
VRPB,146,ok,8.5539101935,5
VRPB,147,ok,9.9448953147,5
VRPB,148,ok,7.1833006587,4
VRPB,149,ok,7.3196718078,4
VRPB,150,ok,8.6642472560,5
VRPB,151,ok,9.3367806302,4
VRPB,152,ok,8.0956803491,5
VRPB,153,ok,8.5863128500,5
VRPB,154,ok,8.1847883196,4
VRPB,155,ok,8.0017448794,4
VRPB,156,ok,7.8273118729,5
VRPB,157,ok,8.2995510157,4
VRPB,158,ok,8.3790765221,5
VRPB,159,ok,8.8808441161,5
VRPB,160,ok,7.7195341779,4
VRPB,161,ok,7.1428524423,4
VRPB,162,ok,8.4900723267,5
VRPB,163,ok,8.5758252312,5
VRPB,164,ok,7.6215957633,5
VRPB,165,ok,8.8655014733,4
VRPB,166,ok,9.8816096709,5
VRPB,167,ok,6.9376310963,6
VRPB,168,ok,7.6150795337,5
VRPB,169,ok,8.9863217080,4
VRPB,170,ok,9.1103542381,5
VRPB,171,ok,9.4235327030,5
VRPB,172,ok,8.4899288507,5
VRPB,173,ok,8.5656186614,5
VRPB,174,ok,7.7022796816,5
VRPB,175,ok,9.1875381018,5
VRPB,176,ok,8.4971866240,4
VRPB,177,ok,9.9100129451,6
VRPB,178,ok,7.5328721983,5
VRPB,179,ok,7.7541584304,4
VRPB,180,ok,8.4377494035,6
VRPB,181,ok,9.6821675717,5
VRPB,182,ok,7.2554267970,5
VRPB,183,ok,8.8043568947,4
VRPB,184,ok,8.1625127716,4
VRPB,185,ok,8.1691381174,5
VRPB,186,ok,10.3386819874,5
VRPB,187,ok,7.6683584311,4
VRPB,188,ok,9.7183545244,5
VRPB,189,ok,8.6577857434,4
VRPB,190,ok,7.8921953863,3
VRPB,191,ok,7.5478355890,4
VRPB,192,ok,8.1847466861,4
VRPB,193,ok,9.2562268098,4
VRPB,194,ok,8.0458052159,5
VRPB,195,ok,9.4723002696,4
VRPB,196,ok,11.4194249493,5
VRPB,197,ok,8.1438435462,5
VRPB,198,ok,8.2190248926,5
VRPB,199,ok,9.4869094733,5
VRPB,200,ok,8.8982643234,5
VRPB,201,ok,7.4776039798,5
VRPB,202,ok,7.3962209942,4
VRPB,203,ok,8.9486341893,5
VRPB,204,ok,7.4817565677,4
VRPB,205,ok,8.7848536005,4
VRPB,206,ok,7.8060144804,5
VRPB,207,ok,8.0731092708,4
VRPB,208,ok,8.4414136639,4
VRPB,209,ok,9.6527282499,5
VRPB,210,ok,7.8321875571,4
VRPB,211,ok,7.6515952155,4
VRPB,212,ok,9.8113569699,4
VRPB,213,ok,9.0326997283,4
VRPB,214,ok,9.1431286931,4
VRPB,215,ok,7.7413456068,4
VRPB,216,ok,9.0892541202,5
VRPB,217,ok,8.3576284839,4
VRPB,218,ok,10.8713458236,5
VRPB,219,ok,8.9492118409,4
VRPB,220,ok,9.5480120033,5
VRPB,221,ok,8.1950976540,4
VRPB,222,ok,6.7216630185,4
VRPB,223,ok,9.0523838000,4
VRPB,224,ok,8.1208937933,5
VRPB,225,ok,7.7322598056,5
VRPB,226,ok,10.3339181309,5
VRPB,227,ok,9.8270133236,5
VRPB,228,ok,9.0171065363,4
VRPB,229,ok,7.7524692317,5
VRPB,230,ok,9.1267826986,5
VRPB,231,ok,9.6616324093,4
VRPB,232,ok,8.6038178134,5
VRPB,233,ok,8.1496760442,4
VRPB,234,ok,8.6260444531,4
VRPB,235,ok,7.9577652074,4
VRPB,236,ok,9.2353512401,4
VRPB,237,ok,8.3090063825,4
VRPB,238,ok,7.4919058791,6
VRPB,239,ok,10.0267093487,5
VRPB,240,ok,7.8641807647,4
VRPB,241,ok,7.0532262868,3
VRPB,242,ok,7.5974583094,4
VRPB,243,ok,7.2590272561,5
VRPB,244,ok,9.1057133106,4
VRPB,245,ok,9.3423086133,4
VRPB,246,ok,9.0770167685,4
VRPB,247,ok,8.2324824000,4
VRPB,248,ok,9.3022758611,4
VRPB,249,ok,9.0293334230,4
VRPB,250,ok,7.5675844291,5
VRPB,251,ok,8.0147052598,4
VRPB,252,ok,8.2440997957,4
VRPB,253,ok,6.7103925520,4
VRPB,254,ok,7.7415457994,4
VRPB,255,ok,7.6999080344,4
VRPB,256,ok,7.7576589096,4
VRPB,257,ok,7.4510843328,4
VRPB,258,ok,8.0634261346,5
VRPB,259,ok,7.8479718841,4
VRPB,260,ok,8.8194084685,5
VRPB,261,ok,7.3628763390,4
VRPB,262,ok,9.1434024291,5
VRPB,263,ok,9.9904216188,5
VRPB,264,ok,7.8620312821,5
VRPB,265,ok,8.8304774349,4
VRPB,266,ok,8.3299162979,4
VRPB,267,ok,8.7510114955,4
VRPB,268,ok,8.0995428828,5
VRPB,269,ok,9.1139008165,5
VRPB,270,ok,9.6438884423,5
VRPB,271,ok,7.5842749182,4
VRPB,272,ok,7.9308336943,4
VRPB,273,ok,10.6737340579,6
VRPB,274,ok,8.2433707047,4
VRPB,275,ok,8.0253549952,4
VRPB,276,ok,7.8355831403,4
VRPB,277,ok,8.3409738078,4
VRPB,278,ok,9.2554065992,4
VRPB,279,ok,10.5350261979,5
VRPB,280,ok,8.0943823840,4
VRPB,281,ok,7.8519343603,4
VRPB,282,ok,9.1800813396,5
VRPB,283,ok,6.9800060378,3
VRPB,284,ok,7.2412324727,5
VRPB,285,ok,8.1960772260,4
VRPB,286,ok,8.7710330964,4
VRPB,287,ok,11.2744336298,5
VRPB,288,ok,7.8753171180,5
VRPB,289,ok,8.9352804137,5
VRPB,290,ok,7.9896907603,4
VRPB,291,ok,7.3801485358,3
VRPB,292,ok,8.3369929458,4
VRPB,293,ok,8.0984534166,5
VRPB,294,ok,7.4668954808,5
VRPB,295,ok,8.9339235354,4
VRPB,296,ok,8.2330142892,4
VRPB,297,ok,7.8023231183,4
VRPB,298,ok,8.5107006925,5
VRPB,299,ok,9.0313080068,4
VRPB,300,ok,9.4426118469,5
VRPB,301,ok,8.2589595876,4
VRPB,302,ok,7.4267543225,4
VRPB,303,ok,8.0623288388,5
VRPB,304,ok,10.0216702113,4
VRPB,305,ok,8.0164110954,4
VRPB,306,ok,8.4760075704,5
VRPB,307,ok,7.9147940091,4
VRPB,308,ok,8.3675178936,5
VRPB,309,ok,8.8451392517,4
VRPB,310,ok,8.0945475501,5
VRPB,311,ok,8.3867428145,4
VRPB,312,ok,8.3060178866,4
VRPB,313,ok,8.0338895798,4
VRPB,314,ok,10.2392884844,4
VRPB,315,ok,8.9271669250,4
VRPB,316,ok,7.9253028467,5
VRPB,317,ok,7.3146306894,4
VRPB,318,ok,8.0342926161,4
VRPB,319,ok,8.6945904716,4
VRPB,320,ok,7.9592088370,5
VRPB,321,ok,8.6806830463,5
VRPB,322,ok,7.5968248810,4
VRPB,323,ok,7.7959240359,5
VRPB,324,ok,7.8995055599,4
VRPB,325,ok,7.1602722207,4
VRPB,326,ok,8.3904437761,3
VRPB,327,ok,7.9904513898,4
VRPB,328,ok,6.8428519335,4
VRPB,329,ok,8.0204984737,4
VRPB,330,ok,7.0467479646,5
VRPB,331,ok,9.6175818544,5
VRPB,332,ok,7.6607420865,4
VRPB,333,ok,9.0124367912,5
VRPB,334,ok,9.6182563896,5
VRPB,335,ok,8.4598023210,5
VRPB,336,ok,7.8039861808,4
VRPB,337,ok,8.0066405159,4
VRPB,338,ok,9.5382497566,5
VRPB,339,ok,9.1051124384,4
VRPB,340,ok,8.4569486024,5
VRPB,341,ok,7.5775782336,4
VRPB,342,ok,8.9977562199,4
VRPB,343,ok,7.8024841050,4
VRPB,344,ok,8.0797474520,4
VRPB,345,ok,8.3727628225,5
VRPB,346,ok,9.5942299852,5
VRPB,347,ok,9.1217976265,5
VRPB,348,ok,8.4334928126,5
VRPB,349,ok,7.8157527760,4
VRPB,350,ok,9.7829080025,4
VRPB,351,ok,7.1074173573,4
VRPB,352,ok,8.8995553656,5
VRPB,353,ok,8.1697689263,5
VRPB,354,ok,8.3617106235,5
VRPB,355,ok,9.7442242130,5
VRPB,356,ok,7.7081317588,4
VRPB,357,ok,7.9925036258,4
VRPB,358,ok,7.0735219333,3
VRPB,359,ok,9.3254911930,4
VRPB,360,ok,8.3861912881,4
VRPB,361,ok,10.7206240095,6
VRPB,362,ok,7.7396744358,4
VRPB,363,ok,7.7013251149,5
VRPB,364,ok,9.2238394276,4
VRPB,365,ok,8.6822365442,5
VRPB,366,ok,7.8422733580,4
VRPB,367,ok,8.4241669794,6
VRPB,368,ok,9.2859247256,4
VRPB,369,ok,9.7560925595,4
VRPB,370,ok,8.5326302963,4
VRPB,371,ok,7.6120554670,4
VRPB,372,ok,7.9156404295,4
VRPB,373,ok,7.9572962706,4
VRPB,374,ok,7.8734016045,4
VRPB,375,ok,8.4951047024,4
VRPB,376,ok,7.9318963072,5
VRPB,377,ok,9.0939984641,5
VRPB,378,ok,6.7973609367,4
VRPB,379,ok,8.6342429641,5
VRPB,380,ok,7.3652862694,4
VRPB,381,ok,8.3208483470,4
VRPB,382,ok,8.6551172941,4
VRPB,383,ok,7.6694306494,4
VRPB,384,ok,8.2119255745,4
VRPB,385,ok,8.2319388205,4
VRPB,386,ok,8.6235873279,4
VRPB,387,ok,8.2484719199,4
VRPB,388,ok,7.7363197757,4
VRPB,389,ok,7.5501257292,4
VRPB,390,ok,8.8029651913,5
VRPB,391,ok,8.8395224614,5
VRPB,392,ok,8.0155606786,4
VRPB,393,ok,8.0564874411,4
VRPB,394,ok,7.9303542191,4
VRPB,395,ok,7.6955814967,5
VRPB,396,ok,10.1948377072,5
VRPB,397,ok,6.8658002953,4
VRPB,398,ok,9.4655717381,4
VRPB,399,ok,8.1587485969,4
VRPB,400,ok,8.5551528454,5
VRPB,401,ok,7.4109335273,4
VRPB,402,ok,9.4907024834,5
VRPB,403,ok,8.6030367895,4
VRPB,404,ok,8.8630571250,4
VRPB,405,ok,8.9362682955,5
VRPB,406,ok,8.8110065996,4
VRPB,407,ok,7.8269464906,4
VRPB,408,ok,8.2547677663,4
VRPB,409,ok,7.7339926523,4
VRPB,410,ok,7.1956063378,4
VRPB,411,ok,7.4350434884,4
VRPB,412,ok,7.6893363051,4
VRPB,413,ok,7.3886616573,4
VRPB,414,ok,7.8252783099,4
VRPB,415,ok,7.0493604798,4
VRPB,416,ok,9.1147184857,5
VRPB,417,ok,9.4464549923,5
VRPB,418,ok,8.5770702366,4
VRPB,419,ok,8.2927258963,4
VRPB,420,ok,7.9876493094,4
VRPB,421,ok,6.7811100110,3
VRPB,422,ok,7.7884024645,4
VRPB,423,ok,9.0609543530,5
VRPB,424,ok,8.5530576050,5
VRPB,425,ok,6.3617041671,3
VRPB,426,ok,8.8972027250,4
VRPB,427,ok,8.2970825661,4
VRPB,428,ok,8.7525437944,5
VRPB,429,ok,8.5041725019,4
VRPB,430,ok,8.1608978663,4
VRPB,431,ok,7.6146666498,4
VRPB,432,ok,7.7562359285,4
VRPB,433,ok,7.2722677754,4
VRPB,434,ok,8.5614952839,4
VRPB,435,ok,7.2127320977,4
VRPB,436,ok,7.9379381188,5
VRPB,437,ok,7.6821360793,5
VRPB,438,ok,8.9732273959,5
VRPB,439,ok,8.7328254619,5
VRPB,440,ok,8.6112407053,5
VRPB,441,ok,8.1157567641,5
VRPB,442,ok,7.1066597322,4
VRPB,443,ok,8.8160323760,4
VRPB,444,ok,6.8497339942,4
VRPB,445,ok,8.3212410347,6
VRPB,446,ok,9.3838493957,5
VRPB,447,ok,8.3508931577,4
VRPB,448,ok,7.5330100686,4
VRPB,449,ok,7.7560425594,4
VRPB,450,ok,8.6993051553,4
VRPB,451,ok,7.2660358247,5
VRPB,452,ok,8.9915236309,4
VRPB,453,ok,8.1211202758,4
VRPB,454,ok,7.6755337625,4
VRPB,455,ok,8.8330578097,5
VRPB,456,ok,7.2286132402,4
VRPB,457,ok,7.8577190149,5
VRPB,458,ok,8.2412870160,4
VRPB,459,ok,9.6807743786,5
VRPB,460,ok,7.8249946769,4
VRPB,461,ok,7.4174752633,4
VRPB,462,ok,7.0835757943,4
VRPB,463,ok,8.2013888043,3
VRPB,464,ok,8.2454887597,4
VRPB,465,ok,9.3605261750,5
VRPB,466,ok,8.3471557067,5
VRPB,467,ok,8.8437440422,5
VRPB,468,ok,9.7510722426,5
VRPB,469,ok,8.5591334582,4
VRPB,470,ok,7.9141790544,4
VRPB,471,ok,8.9071505714,5
VRPB,472,ok,8.4941519817,4
VRPB,473,ok,8.2210750037,4
VRPB,474,ok,7.8279418845,4
VRPB,475,ok,7.6348334325,4
VRPB,476,ok,8.0337753236,5
VRPB,477,ok,7.5644800835,4
VRPB,478,ok,7.3653896156,5
VRPB,479,ok,8.1924825927,4
VRPB,480,ok,9.7138085512,5
VRPB,481,ok,7.3191428922,5
VRPB,482,ok,8.8566328613,4
VRPB,483,ok,8.8422825195,5
VRPB,484,ok,7.3433114135,4
VRPB,485,ok,8.9608101063,5
VRPB,486,ok,8.2293234349,4
VRPB,487,ok,8.1850619773,4
VRPB,488,ok,9.3921917251,5
VRPB,489,ok,7.8657046859,4
VRPB,490,ok,9.2469838306,4
VRPB,491,ok,8.2697676243,5
VRPB,492,ok,7.1595130568,4
VRPB,493,ok,8.8249330255,4
VRPB,494,ok,8.8651072743,5
VRPB,495,ok,8.0775593849,4
VRPB,496,ok,8.1437135679,5
VRPB,497,ok,9.0166700269,5
VRPB,498,ok,7.1582350913,4
VRPB,499,ok,9.0250029941,5
VRPB,500,ok,7.8746293715,6
VRPB,501,ok,7.5915769666,4
VRPB,502,ok,8.5559606969,6
VRPB,503,ok,7.0576573264,5
VRPB,504,ok,8.1977401927,4
VRPB,505,ok,7.5685269487,4
VRPB,506,ok,8.0164973443,4
VRPB,507,ok,9.5690988688,5
VRPB,508,ok,8.4974490063,4
VRPB,509,ok,8.2080405548,4
VRPB,510,ok,8.4835557963,4
VRPB,511,ok,8.5872831686,5
VRPB,512,ok,9.9492125521,5
VRPB,513,ok,8.2283730725,4
VRPB,514,ok,10.2004508269,7
VRPB,515,ok,9.2345884607,4
VRPB,516,ok,9.7961687487,6
VRPB,517,ok,8.1433184634,4
VRPB,518,ok,7.8799087148,4
VRPB,519,ok,7.9062648305,5
VRPB,520,ok,9.0200822503,5
VRPB,521,ok,7.6852771571,4
VRPB,522,ok,7.9833451025,5
VRPB,523,ok,10.0592044930,5
VRPB,524,ok,7.2102987386,4
VRPB,525,ok,7.5022286904,5
VRPB,526,ok,9.0286836747,4
VRPB,527,ok,7.2628875625,4
VRPB,528,ok,8.7122241254,5
VRPB,529,ok,7.5127574130,4
VRPB,530,ok,8.4413836753,4
VRPB,531,ok,9.0331829997,5
VRPB,532,ok,7.1344558796,4
VRPB,533,ok,8.9836238123,4
VRPB,534,ok,7.9878304694,5
VRPB,535,ok,7.4230018318,4
VRPB,536,ok,7.7673732876,5
VRPB,537,ok,7.7164847045,4
VRPB,538,ok,10.1109723319,5
VRPB,539,ok,8.2381470932,4
VRPB,540,ok,10.0580483115,5
VRPB,541,ok,7.9679033930,4
VRPB,542,ok,8.1961134913,4
VRPB,543,ok,9.0976141318,5
VRPB,544,ok,7.8577084326,6
VRPB,545,ok,7.1999828063,4
VRPB,546,ok,8.6741266455,5
VRPB,547,ok,7.1440767047,4
VRPB,548,ok,7.5906028884,6
VRPB,549,ok,7.5347706008,5
VRPB,550,ok,10.6836217837,5
VRPB,551,ok,7.4804105784,4
VRPB,552,ok,7.7338259930,4
VRPB,553,ok,8.7392381331,4
VRPB,554,ok,9.7348760724,4
VRPB,555,ok,6.8361415341,5
VRPB,556,ok,8.4093888659,4
VRPB,557,ok,10.2434242626,5
VRPB,558,ok,8.8970498435,5
VRPB,559,ok,7.2065983837,4
VRPB,560,ok,10.8130917805,6
VRPB,561,ok,10.1552146036,6
VRPB,562,ok,9.3133320287,5
VRPB,563,ok,7.8665583530,5
VRPB,564,ok,8.5224546155,4
VRPB,565,ok,8.9109901227,4
VRPB,566,ok,7.6168177063,4
VRPB,567,ok,8.6658783155,4
VRPB,568,ok,7.9486341666,4
VRPB,569,ok,8.8733461088,5
VRPB,570,ok,7.3403929135,4
VRPB,571,ok,8.5412180523,5
VRPB,572,ok,8.2276690843,4
VRPB,573,ok,7.5201269010,4
VRPB,574,ok,10.0827863505,5
VRPB,575,ok,8.2873846288,5
VRPB,576,ok,7.4070282439,5
VRPB,577,ok,7.3520848608,4
VRPB,578,ok,7.6205161691,4
VRPB,579,ok,6.9639202015,4
VRPB,580,ok,9.2729738797,4
VRPB,581,ok,6.9647908319,4
VRPB,582,ok,8.8672489284,4
VRPB,583,ok,8.2723855049,4
VRPB,584,ok,9.7881948483,5
VRPB,585,ok,7.9691935053,5
VRPB,586,ok,6.9394482688,4
VRPB,587,ok,8.4338296451,4
VRPB,588,ok,8.5343500936,4
VRPB,589,ok,8.6095792812,5
VRPB,590,ok,8.8491304962,4
VRPB,591,ok,9.6186059712,5
VRPB,592,ok,8.0304331820,5
VRPB,593,ok,9.6118943816,4
VRPB,594,ok,7.6613604400,4
VRPB,595,ok,8.4462607370,5
VRPB,596,ok,7.5465264997,4
VRPB,597,ok,8.3362839697,4
VRPB,598,ok,7.5846132101,4
VRPB,599,ok,9.0876299679,4
VRPB,600,ok,10.3960201513,5
VRPB,601,ok,7.9624554325,5
VRPB,602,ok,7.8149207412,4
VRPB,603,ok,7.2388886794,4
VRPB,604,ok,9.7090883734,5
VRPB,605,ok,6.9668503415,4
VRPB,606,ok,7.3024540004,4
VRPB,607,ok,8.4292977968,6
VRPB,608,ok,7.6119961007,4
VRPB,609,ok,9.9731357272,4
VRPB,610,ok,9.1693580353,4
VRPB,611,ok,9.3120155518,5
VRPB,612,ok,6.3573586238,3
VRPB,613,ok,9.7707829590,5
VRPB,614,ok,7.5217069944,4
VRPB,615,ok,9.2398700572,4
VRPB,616,ok,8.9006820176,4
VRPB,617,ok,10.0413733783,5
VRPB,618,ok,8.1985684999,4
VRPB,619,ok,8.9401972977,6
VRPB,620,ok,7.5764776872,4
VRPB,621,ok,8.9366836708,6
VRPB,622,ok,9.8228685509,5
VRPB,623,ok,8.5940640698,4
VRPB,624,ok,7.6855666319,4
VRPB,625,ok,8.0147063939,5
VRPB,626,ok,9.4723620759,5
VRPB,627,ok,7.8564843658,5
VRPB,628,ok,8.2106182553,4
VRPB,629,ok,8.3716564317,5
VRPB,630,ok,7.7469603489,5
VRPB,631,ok,7.5506867473,5
VRPB,632,ok,7.5701805794,6
VRPB,633,ok,8.0184800792,5
VRPB,634,ok,8.0714175687,5
VRPB,635,ok,9.6149910421,4
VRPB,636,ok,7.6393343424,4
VRPB,637,ok,7.9816280460,4
VRPB,638,ok,8.0528228761,4
VRPB,639,ok,8.9180482967,4
VRPB,640,ok,7.9915598105,4
VRPB,641,ok,8.3049523326,4
VRPB,642,ok,9.0366922048,4
VRPB,643,ok,7.3159213737,4
VRPB,644,ok,9.0404960125,4
VRPB,645,ok,8.1513225783,5
VRPB,646,ok,7.9287569795,5
VRPB,647,ok,7.8461716019,4
VRPB,648,ok,7.7902381897,5
VRPB,649,ok,8.9747970852,5
VRPB,650,ok,6.7281039976,4
VRPB,651,ok,7.5619362455,5
VRPB,652,ok,10.0412057064,5
VRPB,653,ok,6.8811480489,3
VRPB,654,ok,9.1101203059,5
VRPB,655,ok,8.7573131326,4
VRPB,656,ok,8.9242213154,4
VRPB,657,ok,7.9710437238,4
VRPB,658,ok,7.7206408915,4
VRPB,659,ok,8.7538688691,4
VRPB,660,ok,7.7759377466,5
VRPB,661,ok,9.2388521628,4
VRPB,662,ok,6.3639275476,4
VRPB,663,ok,9.2630404012,5
VRPB,664,ok,7.3695886857,4
VRPB,665,ok,8.0287429161,5
VRPB,666,ok,8.6682406509,4
VRPB,667,ok,9.9037798797,5
VRPB,668,ok,8.2751432855,4
VRPB,669,ok,8.7366325071,4
VRPB,670,ok,9.2540689999,5
VRPB,671,ok,7.5073980043,5
VRPB,672,ok,8.5652745336,5
VRPB,673,ok,9.2820156452,4
VRPB,674,ok,7.4406261255,5
VRPB,675,ok,7.6603603936,4
VRPB,676,ok,6.7106098321,4
VRPB,677,ok,7.8026637149,4
VRPB,678,ok,8.6638589716,4
VRPB,679,ok,8.5751638053,4
VRPB,680,ok,8.2361974356,4
VRPB,681,ok,7.7551737188,4
VRPB,682,ok,8.1587064098,5
VRPB,683,ok,8.4373796115,4
VRPB,684,ok,7.4284396439,4
VRPB,685,ok,8.9417026876,5
VRPB,686,ok,8.2464656321,4
VRPB,687,ok,10.0845762452,4
VRPB,688,ok,7.4140837685,4
VRPB,689,ok,8.2315584486,4
VRPB,690,ok,6.8566382551,4
VRPB,691,ok,9.0320382208,4
VRPB,692,ok,8.7408010392,5
VRPB,693,ok,7.6145939181,4
VRPB,694,ok,8.4084631565,5
VRPB,695,ok,9.8985387773,5
VRPB,696,ok,8.7727216040,5
VRPB,697,ok,8.7147797092,4
VRPB,698,ok,7.8091546359,3
VRPB,699,ok,7.2418450861,4
VRPB,700,ok,7.8599992688,4
VRPB,701,ok,8.1681842463,5
VRPB,702,ok,8.3639976041,4
VRPB,703,ok,8.2991621985,4
VRPB,704,ok,8.3486880874,5
VRPB,705,ok,8.4397206851,5
VRPB,706,ok,8.1385746830,4
VRPB,707,ok,8.6691218828,6
VRPB,708,ok,9.8849755316,6
VRPB,709,ok,7.9581274008,4
VRPB,710,ok,9.0622712856,5
VRPB,711,ok,8.4193518375,5
VRPB,712,ok,8.1174106594,5
VRPB,713,ok,8.5139485610,5
VRPB,714,ok,9.5726572748,5
VRPB,715,ok,8.4744895034,4
VRPB,716,ok,8.7482296364,5
VRPB,717,ok,8.7948983250,4
VRPB,718,ok,7.8643817667,4
VRPB,719,ok,9.2106665429,5
VRPB,720,ok,7.7326040727,5
VRPB,721,ok,9.6363612687,5
VRPB,722,ok,10.7495620267,5
VRPB,723,ok,7.1555111491,4
VRPB,724,ok,8.0927062618,4
VRPB,725,ok,7.8263035557,4
VRPB,726,ok,9.6818817530,5
VRPB,727,ok,10.9371280109,5
VRPB,728,ok,7.9099946917,4
VRPB,729,ok,9.4219418988,5
VRPB,730,ok,8.1898090442,4
VRPB,731,ok,7.3931641695,4
VRPB,732,ok,7.8785573539,3
VRPB,733,ok,8.0550423569,4
VRPB,734,ok,8.0834069659,4
VRPB,735,ok,8.2530133200,5
VRPB,736,ok,8.6944237200,6
VRPB,737,ok,7.3723708716,4
VRPB,738,ok,8.6669679864,5
VRPB,739,ok,7.1242793836,3
VRPB,740,ok,7.8769612894,4
VRPB,741,ok,7.5647262814,4
VRPB,742,ok,8.7476244422,4
VRPB,743,ok,8.2434680363,5
VRPB,744,ok,9.2412327456,5
VRPB,745,ok,7.2439339866,4
VRPB,746,ok,9.6278102721,5
VRPB,747,ok,8.8791734493,5
VRPB,748,ok,8.5558611818,4
VRPB,749,ok,7.4854798496,3
VRPB,750,ok,8.7371653880,4
VRPB,751,ok,7.7660471575,6
VRPB,752,ok,7.3376161433,4
VRPB,753,ok,10.6473050348,4
VRPB,754,ok,9.4518333811,5
VRPB,755,ok,10.0984971292,5
VRPB,756,ok,8.3037191169,5
VRPB,757,ok,7.7153199354,4
VRPB,758,ok,7.3550661596,5
VRPB,759,ok,10.4556743224,6
VRPB,760,ok,8.5742633625,5
VRPB,761,ok,8.3166137647,5
VRPB,762,ok,8.3859270637,5
VRPB,763,ok,6.7736261388,4
VRPB,764,ok,7.9690688565,4
VRPB,765,ok,8.5359484518,4
VRPB,766,ok,8.4299934151,5
VRPB,767,ok,7.8663990577,5
VRPB,768,ok,7.7153536447,4
VRPB,769,ok,7.9005906297,4
VRPB,770,ok,6.9470545126,4
VRPB,771,ok,8.8541948106,4
VRPB,772,ok,8.7872387970,4
VRPB,773,ok,7.6694079316,4
VRPB,774,ok,9.3676546839,5
VRPB,775,ok,9.0900638870,5
VRPB,776,ok,7.9294341975,3
VRPB,777,ok,7.9295539041,4
VRPB,778,ok,7.3463380659,5
VRPB,779,ok,10.3375255226,6
VRPB,780,ok,8.3527818027,4
VRPB,781,ok,9.9704522706,5
VRPB,782,ok,9.4019122011,5
VRPB,783,ok,8.2879708277,5
VRPB,784,ok,7.3904387890,4
VRPB,785,ok,9.5281770242,4
VRPB,786,ok,7.5967052559,5
VRPB,787,ok,7.9636649228,5
VRPB,788,ok,7.1618197998,4
VRPB,789,ok,8.1900742517,5
VRPB,790,ok,8.0982183077,5
VRPB,791,ok,7.7414716163,5
VRPB,792,ok,8.2835916842,5
VRPB,793,ok,7.4035142242,5
VRPB,794,ok,8.2536606360,5
VRPB,795,ok,8.2555410141,4
VRPB,796,ok,7.9771130969,4
VRPB,797,ok,7.9808592553,4
VRPB,798,ok,8.3848209287,5
VRPB,799,ok,9.1940065000,4
VRPB,800,ok,9.3230482294,5
VRPB,801,ok,8.4553385933,5
VRPB,802,ok,8.2119730840,4
VRPB,803,ok,7.4361338303,4
VRPB,804,ok,8.3304778517,5
VRPB,805,ok,7.2330708251,4
VRPB,806,ok,8.9147245551,5
VRPB,807,ok,7.8247301652,5
VRPB,808,ok,7.0672710600,4
VRPB,809,ok,8.1930346007,5
VRPB,810,ok,10.2796926635,5
VRPB,811,ok,9.2176122170,4
VRPB,812,ok,8.2217259926,4
VRPB,813,ok,8.9959763019,5
VRPB,814,ok,9.4308519137,5
VRPB,815,ok,7.8538832665,4
VRPB,816,ok,8.5080966484,4
VRPB,817,ok,8.3573245686,4
VRPB,818,ok,8.2981005743,4
VRPB,819,ok,7.8011334385,5
VRPB,820,ok,8.6995209183,4
VRPB,821,ok,7.4982280519,5
VRPB,822,ok,8.4313973574,5
VRPB,823,ok,7.1508701092,4
VRPB,824,ok,9.3030251222,4
VRPB,825,ok,8.5902382177,4
VRPB,826,ok,8.5856892901,4
VRPB,827,ok,8.3143446848,4
VRPB,828,ok,9.5283884866,4
VRPB,829,ok,8.8401667754,5
VRPB,830,ok,7.8442184706,4
VRPB,831,ok,7.7665479210,3
VRPB,832,ok,8.0399574549,4
VRPB,833,ok,9.4181566267,4
VRPB,834,ok,8.7485303475,4
VRPB,835,ok,7.9879565385,5
VRPB,836,ok,7.3457540142,4
VRPB,837,ok,7.9234022018,4
VRPB,838,ok,7.7577559254,4
VRPB,839,ok,6.8838698813,4
VRPB,840,ok,8.9998822917,6
VRPB,841,ok,9.9600429883,5
VRPB,842,ok,11.0036248646,5
VRPB,843,ok,7.6143037483,4
VRPB,844,ok,7.6769159230,5
VRPB,845,ok,9.2710699887,5
VRPB,846,ok,8.6136316012,5
VRPB,847,ok,9.4555926303,6
VRPB,848,ok,9.7689599275,4
VRPB,849,ok,8.9000928034,5
VRPB,850,ok,8.6923549610,4
VRPB,851,ok,8.2831222752,5
VRPB,852,ok,6.6642004653,4
VRPB,853,ok,7.7696961286,4
VRPB,854,ok,8.3731080312,5
VRPB,855,ok,9.2659777579,5
VRPB,856,ok,8.5919433915,4
VRPB,857,ok,10.0101496863,5
VRPB,858,ok,7.8323283708,4
VRPB,859,ok,7.1079046883,5
VRPB,860,ok,8.6084678092,4
VRPB,861,ok,8.0000778378,4
VRPB,862,ok,9.3094955742,4
VRPB,863,ok,9.6265537825,6
VRPB,864,ok,8.4414961106,4
VRPB,865,ok,9.4333423096,5
VRPB,866,ok,7.0325093963,4
VRPB,867,ok,8.8600835574,5
VRPB,868,ok,7.4008305712,4
VRPB,869,ok,8.2795198171,4
VRPB,870,ok,9.2027689838,5
VRPB,871,ok,7.3966845149,5
VRPB,872,ok,8.7822425482,5
VRPB,873,ok,7.5521138673,4
VRPB,874,ok,8.5394885078,5
VRPB,875,ok,10.8845751064,4
VRPB,876,ok,10.0382853944,5
VRPB,877,ok,8.5261147846,4
VRPB,878,ok,10.3151585343,5
VRPB,879,ok,8.1828514448,5
VRPB,880,ok,7.9871082874,5
VRPB,881,ok,7.4546079703,5
VRPB,882,ok,7.4655677920,4
VRPB,883,ok,8.2208350703,4
VRPB,884,ok,7.6541880930,4
VRPB,885,ok,7.4276549552,5
VRPB,886,ok,10.4765759527,4
VRPB,887,ok,10.2845817858,6
VRPB,888,ok,8.1581581089,4
VRPB,889,ok,8.8052160742,4
VRPB,890,ok,9.2381516188,4
VRPB,891,ok,7.2223654362,3
VRPB,892,ok,9.3534010266,4
VRPB,893,ok,7.7314405332,4
VRPB,894,ok,8.0807785887,4
VRPB,895,ok,8.8196342373,4
VRPB,896,ok,9.0461761887,5
VRPB,897,ok,9.0477030775,5
VRPB,898,ok,8.8037515591,5
VRPB,899,ok,8.9858742974,5
VRPB,900,ok,8.0675046237,4
VRPB,901,ok,9.6682268018,4
VRPB,902,ok,6.6884606737,4
VRPB,903,ok,7.5245722409,4
VRPB,904,ok,7.5118007895,4
VRPB,905,ok,8.8687300205,4
VRPB,906,ok,8.9564633712,5
VRPB,907,ok,8.8024637811,5
VRPB,908,ok,10.6901032821,5
VRPB,909,ok,7.2378214000,4
VRPB,910,ok,7.5580795359,4
VRPB,911,ok,9.2870209849,5
VRPB,912,ok,8.8622192882,4
VRPB,913,ok,11.0590041584,5
VRPB,914,ok,8.1471106632,4
VRPB,915,ok,6.9793525540,4
VRPB,916,ok,7.6218179348,4
VRPB,917,ok,8.3466125160,3
VRPB,918,ok,7.6349520097,5
VRPB,919,ok,9.6058763484,4
VRPB,920,ok,8.5548264333,4
VRPB,921,ok,7.7046052168,4
VRPB,922,ok,7.6410943785,5
VRPB,923,ok,9.8160078385,5
VRPB,924,ok,7.6735148991,4
VRPB,925,ok,7.5418537141,5
VRPB,926,ok,8.6565623633,5
VRPB,927,ok,8.4681315098,4
VRPB,928,ok,9.2251174368,4
VRPB,929,ok,8.3020026066,5
VRPB,930,ok,8.7499850375,5
VRPB,931,ok,8.4472208284,5
VRPB,932,ok,8.1552065188,5
VRPB,933,ok,9.6906049894,5
VRPB,934,ok,7.8769339034,4
VRPB,935,ok,10.0362330707,5
VRPB,936,ok,8.5554893826,4
VRPB,937,ok,7.8348843596,4
VRPB,938,ok,7.1570758883,4
VRPB,939,ok,9.3039570265,5
VRPB,940,ok,8.4252869415,5
VRPB,941,ok,8.5098303933,5
VRPB,942,ok,7.1859910317,5
VRPB,943,ok,11.0391031428,5
VRPB,944,ok,6.6773080049,4
VRPB,945,ok,7.8483489456,3
VRPB,946,ok,8.8269688457,5
VRPB,947,ok,10.5058630318,5
VRPB,948,ok,8.7528918021,5
VRPB,949,ok,7.8484783651,5
VRPB,950,ok,8.3571927532,4
VRPB,951,ok,7.2084574989,4
VRPB,952,ok,7.4824813509,6
VRPB,953,ok,7.1306692765,4
VRPB,954,ok,8.8440889756,4
VRPB,955,ok,8.0152473685,4
VRPB,956,ok,9.7474820789,5
VRPB,957,ok,8.0711933772,4
VRPB,958,ok,9.6236486784,6
VRPB,959,ok,7.9104104834,4
VRPB,960,ok,9.3999288437,4
VRPB,961,ok,9.3239314060,5
VRPB,962,ok,7.6721163082,4
VRPB,963,ok,8.3695912520,5
VRPB,964,ok,7.1735887820,4
VRPB,965,ok,8.9407945983,4
VRPB,966,ok,7.5728149339,4
VRPB,967,ok,7.6105186694,4
VRPB,968,ok,7.7817739719,4
VRPB,969,ok,7.5808969464,4
VRPB,970,ok,8.3314043897,4
VRPB,971,ok,7.5885841604,4
VRPB,972,ok,8.5385614145,5
VRPB,973,ok,8.9618783511,5
VRPB,974,ok,8.3368217138,5
VRPB,975,ok,10.2634856372,5
VRPB,976,ok,7.7748308484,4
VRPB,977,ok,8.9549430817,4
VRPB,978,ok,7.9702072342,4
VRPB,979,ok,10.3220381229,5
VRPB,980,ok,7.7758453657,4
VRPB,981,ok,8.0520702994,5
VRPB,982,ok,8.6846724030,4
VRPB,983,ok,7.3307811083,4
VRPB,984,ok,8.2304633087,4
VRPB,985,ok,9.5860447291,4
VRPB,986,ok,7.2306876083,3
VRPB,987,ok,7.2429325791,5
VRPB,988,ok,8.3124579633,4
VRPB,989,ok,8.1997409249,4
VRPB,990,ok,8.6456110477,5
VRPB,991,ok,8.0447185333,4
VRPB,992,ok,6.8859572769,3
VRPB,993,ok,7.3860976096,4
VRPB,994,ok,8.8186967730,5
VRPB,995,ok,7.6290946947,5
VRPB,996,ok,8.5132544809,5
VRPB,997,ok,9.1533207781,6
VRPB,998,ok,9.7740247992,5
VRPB,999,ok,9.1980373111,5
VRPL,0,ok,10.4115399681,7
VRPL,1,ok,9.5236081695,7
VRPL,2,ok,10.6707668966,7
VRPL,3,ok,10.1954953391,8
VRPL,4,ok,11.1198552512,8
VRPL,5,ok,14.0415428505,8
VRPL,6,ok,12.1029301924,8
VRPL,7,ok,9.2904851139,7
VRPL,8,ok,9.8975086620,7
VRPL,9,ok,10.4317606046,6
VRPL,10,ok,9.6949254214,7
VRPL,11,ok,10.0805310490,7
VRPL,12,ok,11.8047393215,6
VRPL,13,ok,12.4000882798,7
VRPL,14,ok,9.5076199556,7
VRPL,15,ok,11.0676661396,7
VRPL,16,ok,12.8395208379,7
VRPL,17,ok,13.3024182609,7
VRPL,18,ok,11.8939321357,7
VRPL,19,ok,8.5419524841,7
VRPL,20,ok,12.5925887309,7
VRPL,21,ok,10.9033335653,7
VRPL,22,ok,10.4313926525,7
VRPL,23,ok,10.5895509378,8
VRPL,24,ok,8.9787708032,7
VRPL,25,ok,10.6070144613,7
VRPL,26,ok,10.5223360960,7
VRPL,27,ok,11.1419953263,8
VRPL,28,ok,11.1969476684,7
VRPL,29,ok,10.4083386092,7
VRPL,30,ok,11.6351642801,8
VRPL,31,ok,10.7807851675,7
VRPL,32,ok,9.4953461897,6
VRPL,33,ok,11.2559580503,7
VRPL,34,ok,13.3485094500,7
VRPL,35,ok,11.7773342324,7
VRPL,36,ok,11.5311927095,8
VRPL,37,ok,10.3005921707,7
VRPL,38,ok,9.0873959500,7
VRPL,39,ok,12.2128315676,7
VRPL,40,ok,10.3369705336,7
VRPL,41,ok,9.9819736815,7
VRPL,42,ok,9.5349640302,7
VRPL,43,ok,9.0055395177,8
VRPL,44,ok,10.0608452319,8
VRPL,45,ok,10.9139830278,7
VRPL,46,ok,11.4487493791,7
VRPL,47,ok,13.0475734131,8
VRPL,48,ok,12.6916037449,7
VRPL,49,ok,12.4569027336,8
VRPL,50,ok,10.0028267619,7
VRPL,51,ok,10.9085877773,8
VRPL,52,ok,11.4315152110,7
VRPL,53,ok,12.8515574454,8
VRPL,54,ok,10.1575418036,9
VRPL,55,ok,12.6715630015,8
VRPL,56,ok,8.9909081015,7
VRPL,57,ok,10.4981227222,7
VRPL,58,ok,10.9487252750,6
VRPL,59,ok,10.1834777611,7
VRPL,60,ok,10.0677359084,8
VRPL,61,ok,11.8794287697,8
VRPL,62,ok,9.8198633566,6
VRPL,63,ok,10.1184860104,7
VRPL,64,ok,10.6952277854,7
VRPL,65,ok,11.9394485952,7
VRPL,66,ok,11.5886910832,8
VRPL,67,ok,12.7784973745,7
VRPL,68,ok,9.1468926875,7
VRPL,69,ok,12.8970069753,7
VRPL,70,ok,12.7816761040,7
VRPL,71,ok,9.3115153906,7
VRPL,72,ok,11.4114769465,7
VRPL,73,ok,9.4708095220,8
VRPL,74,ok,10.7182398390,8
VRPL,75,ok,11.0118470897,7
VRPL,76,ok,9.5838487751,6
VRPL,77,ok,8.3154389190,6
VRPL,78,ok,13.1634174808,8
VRPL,79,ok,12.4409666612,7
VRPL,80,ok,9.6763579954,7
VRPL,81,ok,10.1919972288,7
VRPL,82,ok,10.2638542402,7
VRPL,83,ok,10.6710051395,7
VRPL,84,ok,11.0018550022,8
VRPL,85,ok,12.5523497228,7
VRPL,86,ok,11.1613793488,8
VRPL,87,ok,12.1835045259,8
VRPL,88,ok,9.8584621262,7
VRPL,89,ok,10.3438895367,8
VRPL,90,ok,9.5601002188,8
VRPL,91,ok,12.8041209069,7
VRPL,92,ok,9.7034682527,7
VRPL,93,ok,11.6209195055,7
VRPL,94,ok,10.5854923056,7
VRPL,95,ok,10.1924084789,7
VRPL,96,ok,11.6757714796,8
VRPL,97,ok,11.2675786439,7
VRPL,98,ok,10.8927087068,6
VRPL,99,ok,14.4439220818,6
VRPL,100,ok,10.7607105904,7
VRPL,101,ok,10.3665085173,7
VRPL,102,ok,12.1495627890,7
VRPL,103,ok,9.8990148276,7
VRPL,104,ok,10.6007888194,8
VRPL,105,ok,10.7179369272,7
VRPL,106,ok,8.6972791668,7
VRPL,107,ok,9.7371776358,7
VRPL,108,ok,13.1583839913,7
VRPL,109,ok,12.7784620150,8
VRPL,110,ok,11.9778647994,7
VRPL,111,ok,10.0089489590,7
VRPL,112,ok,11.3728306866,7
VRPL,113,ok,10.0204918014,7
VRPL,114,ok,11.1630447632,6
VRPL,115,ok,11.3470851292,8
VRPL,116,ok,13.7491507848,8
VRPL,117,ok,10.2967257012,7
VRPL,118,ok,12.0298479180,7
VRPL,119,ok,12.0621265236,7
VRPL,120,ok,11.2300449428,8
VRPL,121,ok,9.6847975198,7
VRPL,122,ok,9.8800205285,8
VRPL,123,ok,10.9443549243,7
VRPL,124,ok,11.1423463836,8
VRPL,125,ok,7.5486524922,6
VRPL,126,ok,12.4182450811,7
VRPL,127,ok,10.3030990408,7
VRPL,128,ok,12.3187909783,7
VRPL,129,ok,10.0956028251,7
VRPL,130,ok,10.7411592926,7
VRPL,131,ok,10.4595923143,6
VRPL,132,ok,9.8828576774,6
VRPL,133,ok,11.8033782669,7
VRPL,134,ok,10.9616520072,8
VRPL,135,ok,9.6785166457,6
VRPL,136,ok,13.8894855784,8
VRPL,137,ok,11.2570441162,8
VRPL,138,ok,10.0834149360,8
VRPL,139,ok,12.1197506620,7
VRPL,140,ok,9.7850061657,7
VRPL,141,ok,11.9875122196,8
VRPL,142,ok,10.6523253998,8
VRPL,143,ok,11.6518865170,7
VRPL,144,ok,13.3679363391,8
VRPL,145,ok,12.0740552161,8
VRPL,146,ok,10.7559078786,7
VRPL,147,ok,9.6096135392,6
VRPL,148,ok,15.2318347240,7
VRPL,149,ok,11.4058725652,8
VRPL,150,ok,8.3913801033,7
VRPL,151,ok,11.2632820948,6
VRPL,152,ok,9.6482046310,7
VRPL,153,ok,10.6472500741,8
VRPL,154,ok,10.8694592111,7
VRPL,155,ok,10.6528306147,6
VRPL,156,ok,10.0547099597,7
VRPL,157,ok,10.1656155233,6
VRPL,158,ok,9.2731094961,7
VRPL,159,ok,10.6814216926,8
VRPL,160,ok,11.0643885943,7
VRPL,161,ok,10.4975755536,8
VRPL,162,ok,10.5539748266,7
VRPL,163,ok,11.0489183681,7
VRPL,164,ok,9.3585626211,6
VRPL,165,ok,10.6566034388,7
VRPL,166,ok,9.6919013788,8
VRPL,167,ok,10.6458188787,6
VRPL,168,ok,10.1185947847,6
VRPL,169,ok,13.2265691900,6
VRPL,170,ok,11.8455617792,8
VRPL,171,ok,9.4677205523,7
VRPL,172,ok,11.0508541794,6
VRPL,173,ok,9.3644147517,7
VRPL,174,ok,12.1912628005,7
VRPL,175,ok,10.0592215692,7
VRPL,176,ok,9.6051823511,6
VRPL,177,ok,8.9308252565,7
VRPL,178,ok,9.6066255085,7
VRPL,179,ok,11.4897184969,7
VRPL,180,ok,14.5807603374,8
VRPL,181,ok,8.1776945165,6
VRPL,182,ok,9.5986618325,8
VRPL,183,ok,14.1002956559,7
VRPL,184,ok,11.9080476478,8
VRPL,185,ok,10.3545186447,8
VRPL,186,ok,11.6217871005,7
VRPL,187,ok,11.2569449712,9
VRPL,188,ok,10.4076710977,6
VRPL,189,ok,12.5450553234,6
VRPL,190,ok,11.7386618196,7
VRPL,191,ok,9.6606366733,7
VRPL,192,ok,11.1376083428,7
VRPL,193,ok,14.1063889554,7
VRPL,194,ok,12.3540547461,8
VRPL,195,ok,9.6220494993,8
VRPL,196,ok,10.7474267783,6
VRPL,197,ok,10.0628346843,8
VRPL,198,ok,13.3270025753,7
VRPL,199,ok,10.9150089385,7
VRPL,200,ok,14.0477687266,8
VRPL,201,ok,12.2558495679,9
VRPL,202,ok,9.2907679228,7
VRPL,203,ok,9.9529701688,7
VRPL,204,ok,10.1963027886,7
VRPL,205,ok,9.1370591042,7
VRPL,206,ok,8.7979609961,7
VRPL,207,ok,10.9859023148,7
VRPL,208,ok,11.7893350192,7
VRPL,209,ok,11.0221622711,7
VRPL,210,ok,11.8456251475,7
VRPL,211,ok,10.7008477872,7
VRPL,212,ok,10.7173238888,6
VRPL,213,ok,10.4397414121,6
VRPL,214,ok,8.6487124185,7
VRPL,215,ok,11.0301086157,6
VRPL,216,ok,10.1289955317,7
VRPL,217,ok,12.4316899431,7
VRPL,218,ok,10.8552324783,7
VRPL,219,ok,9.9688076594,7
VRPL,220,ok,11.7242158130,8
VRPL,221,ok,9.7996467640,7
VRPL,222,ok,9.3583961294,7
VRPL,223,ok,12.1013655559,8
VRPL,224,ok,10.2746021383,7
VRPL,225,ok,9.4261213410,8
VRPL,226,ok,11.5703410076,8
VRPL,227,ok,14.7439111728,8
VRPL,228,ok,8.9127483411,8
VRPL,229,ok,10.5987277186,7
VRPL,230,ok,12.2034519125,7
VRPL,231,ok,11.7208799138,8
VRPL,232,ok,9.5060051450,7
VRPL,233,ok,10.7772840738,8
VRPL,234,ok,9.9548168133,8
VRPL,235,ok,9.2787971591,7
VRPL,236,ok,10.1584332607,7
VRPL,237,ok,10.9421986762,7
VRPL,238,ok,10.9217870694,7
VRPL,239,ok,9.1591976003,8
VRPL,240,ok,11.3816326703,8
VRPL,241,ok,8.6617465032,7
VRPL,242,ok,11.1717420428,7
VRPL,243,ok,12.1266037627,7
VRPL,244,ok,13.3678674892,8
VRPL,245,ok,12.9960361008,8
VRPL,246,ok,11.5803924718,7
VRPL,247,ok,10.7193306241,7
VRPL,248,ok,9.7162738246,8
VRPL,249,ok,11.2006963313,7
VRPL,250,ok,11.0869832713,6
VRPL,251,ok,9.1111997396,6
VRPL,252,ok,9.5260900659,7
VRPL,253,ok,9.5489787105,7
VRPL,254,ok,10.6346503198,7
VRPL,255,ok,12.2240898230,8
VRPL,256,ok,10.7280841438,7
VRPL,257,ok,12.3497601652,7
VRPL,258,ok,10.0389353250,7
VRPL,259,ok,10.7707249496,7
VRPL,260,ok,10.0756818292,7
VRPL,261,ok,9.7358628311,7
VRPL,262,ok,11.2904436572,7
VRPL,263,ok,10.8974213959,8
VRPL,264,ok,10.9888409833,7
VRPL,265,ok,11.0360844782,7
VRPL,266,ok,11.1735689878,7
VRPL,267,ok,15.2588307615,8
VRPL,268,ok,11.4172557126,7
VRPL,269,ok,9.5670891589,6
VRPL,270,ok,11.6380361247,7
VRPL,271,ok,9.3062716391,7
VRPL,272,ok,10.5454946923,7
VRPL,273,ok,12.6557788071,7
VRPL,274,ok,10.2299797074,6
VRPL,275,ok,13.7718834716,7
VRPL,276,ok,10.0023488121,7
VRPL,277,ok,12.1075047307,8
VRPL,278,ok,11.5448768857,7
VRPL,279,ok,10.4984596154,8
VRPL,280,ok,9.2947615961,7
VRPL,281,ok,10.2192726927,7
VRPL,282,ok,8.8573204541,6
VRPL,283,ok,9.0897310819,7
VRPL,284,ok,12.1712725020,7
VRPL,285,ok,11.2520324983,7
VRPL,286,ok,13.5200916183,8
VRPL,287,ok,11.7030114929,7
VRPL,288,ok,11.6931857517,7
VRPL,289,ok,8.4995124606,7
VRPL,290,ok,11.6830301771,9
VRPL,291,ok,11.0826606400,7
VRPL,292,ok,11.7853256756,8
VRPL,293,ok,8.9936194319,7
VRPL,294,ok,11.6382836448,6
VRPL,295,ok,12.0000388405,6
VRPL,296,ok,10.7960522166,7
VRPL,297,ok,11.0619302371,7
VRPL,298,ok,10.1023583110,6
VRPL,299,ok,9.5573172665,8
VRPL,300,ok,11.8406998863,7
VRPL,301,ok,12.9862689851,8
VRPL,302,ok,9.5201293173,7
VRPL,303,ok,10.7890856784,7
VRPL,304,ok,9.7005203712,7
VRPL,305,ok,13.6776366926,7
VRPL,306,ok,9.8485966212,6
VRPL,307,ok,8.2670190488,6
VRPL,308,ok,12.3982643077,7
VRPL,309,ok,10.7018638104,7
VRPL,310,ok,12.7198380358,7
VRPL,311,ok,12.4034228739,7
VRPL,312,ok,11.5377787219,8
VRPL,313,ok,10.9625209643,7
VRPL,314,ok,11.1342037794,9
VRPL,315,ok,11.0685879512,6
VRPL,316,ok,11.9697873683,8
VRPL,317,ok,10.9132567303,7
VRPL,318,ok,10.3956249482,6
VRPL,319,ok,10.5073748950,7
VRPL,320,ok,10.5181832426,7
VRPL,321,ok,8.5221986116,6
VRPL,322,ok,9.1231476911,8
VRPL,323,ok,8.7372988621,7
VRPL,324,ok,12.4963290460,8
VRPL,325,ok,11.6751607797,7
VRPL,326,ok,9.4624414041,8
VRPL,327,ok,9.9533562612,7
VRPL,328,ok,10.9692626081,8
VRPL,329,ok,11.9882917457,7
VRPL,330,ok,9.7497256538,7
VRPL,331,ok,10.4216777923,7
VRPL,332,ok,10.6653088373,7
VRPL,333,ok,10.3912773998,8
VRPL,334,ok,11.4637011015,7
VRPL,335,ok,10.2574227348,8
VRPL,336,ok,10.5256740674,7
VRPL,337,ok,10.4024953837,6
VRPL,338,ok,9.5941761177,7
VRPL,339,ok,11.2888649666,8
VRPL,340,ok,11.2576814654,8
VRPL,341,ok,12.5096785101,7
VRPL,342,ok,13.2106647426,6
VRPL,343,ok,10.7069702606,7
VRPL,344,ok,11.4170880999,7
VRPL,345,ok,10.4131558819,7
VRPL,346,ok,10.8205894228,7
VRPL,347,ok,11.5857476317,7
VRPL,348,ok,10.6237870802,7
VRPL,349,ok,11.0181595147,7
VRPL,350,ok,10.7746157581,7
VRPL,351,ok,9.1984553676,7
VRPL,352,ok,12.5674874209,8
VRPL,353,ok,13.5223515169,8
VRPL,354,ok,10.6572364496,7
VRPL,355,ok,11.2733158559,8
VRPL,356,ok,10.7331935015,7
VRPL,357,ok,9.8360527551,8
VRPL,358,ok,9.4771310548,7
VRPL,359,ok,9.9548549446,7
VRPL,360,ok,12.1152924611,7
VRPL,361,ok,9.8944148764,6
VRPL,362,ok,12.0318214186,7
VRPL,363,ok,11.8975565719,7
VRPL,364,ok,10.2092477336,7
VRPL,365,ok,13.2998371715,7
VRPL,366,ok,12.0717815115,7
VRPL,367,ok,12.7438258965,7
VRPL,368,ok,9.2853034896,8
VRPL,369,ok,10.7048846920,7
VRPL,370,ok,9.5640316729,7
VRPL,371,ok,10.5897856092,6
VRPL,372,ok,9.1134061534,7
VRPL,373,ok,12.3872353266,7
VRPL,374,ok,8.9601735511,7
VRPL,375,ok,10.0636919478,8
VRPL,376,ok,10.8457219332,8
VRPL,377,ok,11.5520571590,8
VRPL,378,ok,11.0429025316,7
VRPL,379,ok,9.9973027742,7
VRPL,380,ok,11.3837139810,7
VRPL,381,ok,8.4734002818,7
VRPL,382,ok,9.5086947584,7
VRPL,383,ok,9.9828084544,7
VRPL,384,ok,9.4642211030,6
VRPL,385,ok,13.4341379278,9
VRPL,386,ok,9.1414177399,7
VRPL,387,ok,10.6161083784,8
VRPL,388,ok,13.1468032019,7
VRPL,389,ok,11.8529624101,7
VRPL,390,ok,8.9850872490,7
VRPL,391,ok,11.7930970820,7
VRPL,392,ok,11.0313204646,8
VRPL,393,ok,9.7062317223,8
VRPL,394,ok,10.8601886978,7
VRPL,395,ok,11.6240035005,6
VRPL,396,ok,10.0304223732,7
VRPL,397,ok,11.4595164799,7
VRPL,398,ok,12.1364549850,7
VRPL,399,ok,12.5712095393,8
VRPL,400,ok,9.3575053975,7
VRPL,401,ok,9.3713642602,7
VRPL,402,ok,12.4153916413,7
VRPL,403,ok,12.2744299112,7
VRPL,404,ok,10.9244529297,8
VRPL,405,ok,10.0497714270,7
VRPL,406,ok,9.7707671967,7
VRPL,407,ok,13.1582706371,7
VRPL,408,ok,8.7587301753,7
VRPL,409,ok,11.0626373857,8
VRPL,410,ok,11.0051892259,7
VRPL,411,ok,10.2132647175,7
VRPL,412,ok,12.5184198745,8
VRPL,413,ok,10.2082004139,6
VRPL,414,ok,11.3634460158,7
VRPL,415,ok,10.4294612450,8
VRPL,416,ok,11.4332593871,7
VRPL,417,ok,10.4613926279,7
VRPL,418,ok,11.4146299467,7
VRPL,419,ok,11.0231086444,8
VRPL,420,ok,12.3057341816,8
VRPL,421,ok,11.7183210085,7
VRPL,422,ok,9.7448522166,8
VRPL,423,ok,10.6244120255,8
VRPL,424,ok,9.9498240385,6
VRPL,425,ok,9.8632545306,7
VRPL,426,ok,12.6628957365,8
VRPL,427,ok,11.6480919442,7
VRPL,428,ok,12.4973466440,7
VRPL,429,ok,13.7669383587,8
VRPL,430,ok,9.7089832530,8
VRPL,431,ok,10.7263119549,8
VRPL,432,ok,11.8971567570,7
VRPL,433,ok,11.4863076717,7
VRPL,434,ok,11.9639382358,7
VRPL,435,ok,8.9165720348,8
VRPL,436,ok,11.2288311570,7
VRPL,437,ok,9.8653829242,7
VRPL,438,ok,9.4770440826,7
VRPL,439,ok,11.2650597451,8
VRPL,440,ok,11.7415827479,7
VRPL,441,ok,8.7213147580,6
VRPL,442,ok,13.2670598158,7
VRPL,443,ok,12.8928957470,7
VRPL,444,ok,11.7976341330,7
VRPL,445,ok,9.1249200033,7
VRPL,446,ok,8.1968195675,6
VRPL,447,ok,10.3065837922,8
VRPL,448,ok,10.2732648627,7
VRPL,449,ok,12.1662707294,7
VRPL,450,ok,8.5206597534,7
VRPL,451,ok,13.9946423431,7
VRPL,452,ok,9.9111825304,7
VRPL,453,ok,10.1861184707,8
VRPL,454,ok,10.5004392466,7
VRPL,455,ok,11.3666194775,8
VRPL,456,ok,12.1294360819,8
VRPL,457,ok,10.6404581565,8
VRPL,458,ok,12.3309832182,7
VRPL,459,ok,14.1630953225,8
VRPL,460,ok,9.6927588125,8
VRPL,461,ok,11.5175007500,7
VRPL,462,ok,9.7141445510,6
VRPL,463,ok,9.1797358311,8
VRPL,464,ok,10.5287125942,6
VRPL,465,ok,11.9346075467,7
VRPL,466,ok,10.0802203114,7
VRPL,467,ok,10.1428022741,7
VRPL,468,ok,10.2120346185,7
VRPL,469,ok,9.9370750755,8
VRPL,470,ok,12.9654167610,8
VRPL,471,ok,11.9773334866,8
VRPL,472,ok,10.1377088179,7
VRPL,473,ok,9.1695375947,8
VRPL,474,ok,9.8221480575,8
VRPL,475,ok,9.9040976659,6
VRPL,476,ok,11.6191633690,7
VRPL,477,ok,10.6441001786,7
VRPL,478,ok,9.6218770419,7
VRPL,479,ok,11.8915794451,7
VRPL,480,ok,11.8100594835,8
VRPL,481,ok,9.5291641896,7
VRPL,482,ok,13.3737359269,8
VRPL,483,ok,10.2093908945,7
VRPL,484,ok,9.4851870300,7
VRPL,485,ok,13.9192697381,8
VRPL,486,ok,8.8013790991,6
VRPL,487,ok,13.3492845297,7
VRPL,488,ok,8.9072558727,7
VRPL,489,ok,10.9683595847,8
VRPL,490,ok,11.4771716434,6
VRPL,491,ok,10.5673507100,7
VRPL,492,ok,9.0066733889,6
VRPL,493,ok,10.4927254221,7
VRPL,494,ok,10.8428247923,7
VRPL,495,ok,9.8001334390,8
VRPL,496,ok,11.7516324301,7
VRPL,497,ok,13.6078285486,8
VRPL,498,ok,9.5794229118,7
VRPL,499,ok,10.6133382286,9
VRPL,500,ok,11.9637340646,7
VRPL,501,ok,13.6114019521,9
VRPL,502,ok,10.9262383321,7
VRPL,503,ok,9.1464224554,8
VRPL,504,ok,10.3835906764,7
VRPL,505,ok,11.6778903147,6
VRPL,506,ok,10.6120493707,8
VRPL,507,ok,11.4675201398,7
VRPL,508,ok,9.6520126658,7
VRPL,509,ok,9.5436111281,8
VRPL,510,ok,10.6111362859,7
VRPL,511,ok,10.9258767987,7
VRPL,512,ok,9.8582812452,7
VRPL,513,ok,12.2329488889,7
VRPL,514,ok,11.8013446507,7
VRPL,515,ok,11.3805496782,7
VRPL,516,ok,12.1398725239,7
VRPL,517,ok,10.6584465878,8
VRPL,518,ok,12.4602594097,8
VRPL,519,ok,10.6155805567,6
VRPL,520,ok,10.6547258954,7
VRPL,521,ok,12.0310809110,7
VRPL,522,ok,11.1324943665,7
VRPL,523,ok,9.2604409734,7
VRPL,524,ok,12.5668620979,8
VRPL,525,ok,11.6827982484,7
VRPL,526,ok,9.4799612883,7
VRPL,527,ok,11.6482545184,8
VRPL,528,ok,10.5656321247,8
VRPL,529,ok,12.0530664549,7
VRPL,530,ok,9.2719221506,7
VRPL,531,ok,9.1013279113,7
VRPL,532,ok,12.8693873500,7
VRPL,533,ok,10.3694682825,7
VRPL,534,ok,11.6409965815,8
VRPL,535,ok,10.8891862539,7
VRPL,536,ok,12.0732632152,7
VRPL,537,ok,10.9266584303,8
VRPL,538,ok,13.7463192327,8
VRPL,539,ok,11.3673699003,7
VRPL,540,ok,11.0985386673,8
VRPL,541,ok,13.0545046482,8
VRPL,542,ok,12.0081804254,7
VRPL,543,ok,9.1165408656,7
VRPL,544,ok,12.4918033095,7
VRPL,545,ok,9.9877431700,7
VRPL,546,ok,10.8818799157,7
VRPL,547,ok,10.4819475940,8
VRPL,548,ok,11.4333845537,6
VRPL,549,ok,13.0064805220,7
VRPL,550,ok,13.4552315236,8
VRPL,551,ok,11.5083993011,7
VRPL,552,ok,11.1668701838,7
VRPL,553,ok,8.4200072382,6
VRPL,554,ok,9.8869472621,7
VRPL,555,ok,9.4250048543,7
VRPL,556,ok,9.1423570905,8
VRPL,557,ok,14.2931496536,7
VRPL,558,ok,8.9245055338,6
VRPL,559,ok,13.2335888396,8
VRPL,560,ok,13.7397036202,8
VRPL,561,ok,9.4047578131,7
VRPL,562,ok,11.8815264504,7
VRPL,563,ok,9.5064795309,7
VRPL,564,ok,12.1631164168,7
VRPL,565,ok,11.4943840713,7
VRPL,566,ok,10.4848737432,7
VRPL,567,ok,10.1516163324,8
VRPL,568,ok,11.1716543758,6
VRPL,569,ok,11.6514594793,7
VRPL,570,ok,11.6555248260,7
VRPL,571,ok,12.9878334668,7
VRPL,572,ok,12.3844259698,7
VRPL,573,ok,10.2187703452,7
VRPL,574,ok,10.6476766980,7
VRPL,575,ok,9.9262666223,8
VRPL,576,ok,11.3422040683,8
VRPL,577,ok,11.2796498743,8
VRPL,578,ok,10.1404422186,6
VRPL,579,ok,10.2173270265,7
VRPL,580,ok,10.8648291649,6
VRPL,581,ok,11.6237957286,7
VRPL,582,ok,9.2601139670,7
VRPL,583,ok,9.6997789096,7
VRPL,584,ok,9.7931447069,7
VRPL,585,ok,12.1136309531,8
VRPL,586,ok,10.9531332170,7
VRPL,587,ok,9.0566038679,6
VRPL,588,ok,10.5248139493,7
VRPL,589,ok,9.4607306552,7
VRPL,590,ok,11.0245221246,8
VRPL,591,ok,11.4343208507,7
VRPL,592,ok,9.4319816391,7
VRPL,593,ok,10.6532758224,6
VRPL,594,ok,8.9279079307,7
VRPL,595,ok,12.0308060336,7
VRPL,596,ok,8.7360596010,6
VRPL,597,ok,9.5739923191,7
VRPL,598,ok,10.5711845164,8
VRPL,599,ok,11.3505726520,7
VRPL,600,ok,12.0075304099,7
VRPL,601,ok,13.1711987000,8
VRPL,602,ok,10.2549344962,7
VRPL,603,ok,12.4437690966,7
VRPL,604,ok,8.7017131571,6
VRPL,605,ok,11.1976484724,8
VRPL,606,ok,11.2269302946,8
VRPL,607,ok,9.6613526258,6
VRPL,608,ok,12.3370102034,8
VRPL,609,ok,10.7717283133,7
VRPL,610,ok,11.1797724855,7
VRPL,611,ok,13.1640284040,8
VRPL,612,ok,9.4297063002,7
VRPL,613,ok,10.3652382345,6
VRPL,614,ok,13.0448785451,7
VRPL,615,ok,11.9111261578,9
VRPL,616,ok,9.9280238010,7
VRPL,617,ok,13.5537133153,7
VRPL,618,ok,9.8239649715,7
VRPL,619,ok,12.9717920556,8
VRPL,620,ok,9.1927473043,7
VRPL,621,ok,10.3091230758,7
VRPL,622,ok,10.9821183289,7
VRPL,623,ok,12.1401423247,7
VRPL,624,ok,13.3902191135,8
VRPL,625,ok,9.9923641149,7
VRPL,626,ok,9.5553713468,7
VRPL,627,ok,12.6834686541,6
VRPL,628,ok,10.1857079740,8
VRPL,629,ok,11.6849573961,7
VRPL,630,ok,10.6186299204,8
VRPL,631,ok,11.4519713597,7
VRPL,632,ok,14.0811106318,9
VRPL,633,ok,9.0667680260,7
VRPL,634,ok,12.5498327180,7
VRPL,635,ok,10.4613972136,6
VRPL,636,ok,11.0148216778,7
VRPL,637,ok,11.5174915003,7
VRPL,638,ok,8.9392128249,7
VRPL,639,ok,9.9982644099,6
VRPL,640,ok,13.3571825808,8
VRPL,641,ok,10.7479615590,8
VRPL,642,ok,12.0984624087,7
VRPL,643,ok,9.4485180830,7
VRPL,644,ok,12.3484244268,7
VRPL,645,ok,10.2543829191,7
VRPL,646,ok,11.7312831506,7
VRPL,647,ok,12.9657771387,7
VRPL,648,ok,10.4128846240,7
VRPL,649,ok,12.2384414882,7
VRPL,650,ok,13.3403435186,7
VRPL,651,ok,10.1847928387,6
VRPL,652,ok,12.5951224745,7
VRPL,653,ok,13.2678272750,7
VRPL,654,ok,8.8703556859,7
VRPL,655,ok,11.0954957364,7
VRPL,656,ok,9.1708501020,8
VRPL,657,ok,11.3035559666,7
VRPL,658,ok,12.0827702075,7
VRPL,659,ok,11.1924648400,7
VRPL,660,ok,9.7065361304,8
VRPL,661,ok,11.0604059283,8
VRPL,662,ok,10.0500883964,8
VRPL,663,ok,10.1377168069,8
VRPL,664,ok,11.8128829192,8
VRPL,665,ok,11.5563266115,8
VRPL,666,ok,11.7975252923,8
VRPL,667,ok,11.7832175297,7
VRPL,668,ok,9.3290418918,7
VRPL,669,ok,9.9204710679,7
VRPL,670,ok,9.6103940274,6
VRPL,671,ok,10.2849888444,8
VRPL,672,ok,11.3835966577,7
VRPL,673,ok,9.0613895057,7
VRPL,674,ok,9.9884648128,6
VRPL,675,ok,9.2267554369,7
VRPL,676,ok,13.1939927842,8
VRPL,677,ok,12.7439212580,9
VRPL,678,ok,10.2750229064,8
VRPL,679,ok,9.3035723260,8
VRPL,680,ok,10.2523535174,7
VRPL,681,ok,12.5805174546,7
VRPL,682,ok,10.0231392703,7
VRPL,683,ok,10.0454321637,7
VRPL,684,ok,10.8843322178,8
VRPL,685,ok,10.6120224792,8
VRPL,686,ok,11.7421796354,6
VRPL,687,ok,12.7821253308,8
VRPL,688,ok,10.9727215959,7
VRPL,689,ok,12.0887540803,7
VRPL,690,ok,9.6691207166,8
VRPL,691,ok,9.2898886772,7
VRPL,692,ok,11.2277172385,7
VRPL,693,ok,11.5917014450,7
VRPL,694,ok,10.5278586214,6
VRPL,695,ok,10.3897769491,7
VRPL,696,ok,11.5595196932,7
VRPL,697,ok,12.6869970328,8
VRPL,698,ok,12.0155316672,7
VRPL,699,ok,10.0939700183,8
VRPL,700,ok,10.4419044982,8
VRPL,701,ok,9.9265488002,8
VRPL,702,ok,10.8871917702,7
VRPL,703,ok,8.3916737001,6
VRPL,704,ok,10.1387088366,7
VRPL,705,ok,12.8480658861,8
VRPL,706,ok,12.8103907307,8
VRPL,707,ok,11.4259681142,7
VRPL,708,ok,12.6555452727,7
VRPL,709,ok,12.1480658488,7
VRPL,710,ok,9.2177669536,6
VRPL,711,ok,8.9678401555,7
VRPL,712,ok,12.6553727017,8
VRPL,713,ok,10.1263496944,8
VRPL,714,ok,11.5015432756,8
VRPL,715,ok,11.9406929589,7
VRPL,716,ok,12.8096529876,8
VRPL,717,ok,13.1454621668,8
VRPL,718,ok,10.7049150362,8
VRPL,719,ok,8.6489116585,6
VRPL,720,ok,9.5786255659,7
VRPL,721,ok,10.8012667845,8
VRPL,722,ok,10.3736824045,7
VRPL,723,ok,11.4980768192,7
VRPL,724,ok,10.2049287305,7
VRPL,725,ok,10.9069089385,7
VRPL,726,ok,11.3866772160,7
VRPL,727,ok,8.7394538203,7
VRPL,728,ok,11.8868481532,7
VRPL,729,ok,10.1595740122,6
VRPL,730,ok,10.3820475863,7
VRPL,731,ok,9.6266450509,8
VRPL,732,ok,10.0591861865,8
VRPL,733,ok,14.6802839197,8
VRPL,734,ok,11.8775372730,8
VRPL,735,ok,12.6551472499,7
VRPL,736,ok,11.8744100179,8
VRPL,737,ok,9.4761757588,8
VRPL,738,ok,10.7716901425,7
VRPL,739,ok,11.7914324934,7
VRPL,740,ok,10.9916152470,7
VRPL,741,ok,8.6735777636,7
VRPL,742,ok,10.3686654500,7
VRPL,743,ok,8.3536413808,6
VRPL,744,ok,10.4180569360,7
VRPL,745,ok,11.1867586871,7
VRPL,746,ok,13.3716449214,8
VRPL,747,ok,9.1020084769,7
VRPL,748,ok,12.1569560205,7
VRPL,749,ok,11.4865995012,7
VRPL,750,ok,9.6565147956,6
VRPL,751,ok,13.1532332086,7
VRPL,752,ok,11.5662773292,6
VRPL,753,ok,10.2926453668,7
VRPL,754,ok,11.0134216405,7
VRPL,755,ok,10.4074954136,7
VRPL,756,ok,11.8048437262,7
VRPL,757,ok,9.3835186011,6
VRPL,758,ok,10.3170662151,6
VRPL,759,ok,11.1498448756,7
VRPL,760,ok,13.2574519757,7
VRPL,761,ok,11.0477110678,7
VRPL,762,ok,12.7756493594,8
VRPL,763,ok,12.2331905385,7
VRPL,764,ok,11.2194934522,7
VRPL,765,ok,13.2964936926,8
VRPL,766,ok,11.0073296150,7
VRPL,767,ok,11.8223133874,7
VRPL,768,ok,12.5817948864,8
VRPL,769,ok,10.7904580810,7
VRPL,770,ok,10.4377828827,8
VRPL,771,ok,8.7852861236,7
VRPL,772,ok,10.9794944693,7
VRPL,773,ok,8.5392374648,7
VRPL,774,ok,8.9914993988,7
VRPL,775,ok,11.7836930545,8
VRPL,776,ok,12.8226639490,7
VRPL,777,ok,10.4635636430,8
VRPL,778,ok,11.3209584054,7
VRPL,779,ok,11.1186485894,7
VRPL,780,ok,9.1004920514,7
VRPL,781,ok,11.3500108645,7
VRPL,782,ok,9.5188150048,7
VRPL,783,ok,12.6169941959,7
VRPL,784,ok,10.4121703786,6
VRPL,785,ok,11.5724459524,7
VRPL,786,ok,10.3184883206,7
VRPL,787,ok,10.3447572950,8
VRPL,788,ok,10.5144973452,7
VRPL,789,ok,10.1496640961,8
VRPL,790,ok,11.2456366323,8
VRPL,791,ok,9.5304608269,7
VRPL,792,ok,11.2309455533,7
VRPL,793,ok,10.4923575652,7
VRPL,794,ok,11.5534692125,7
VRPL,795,ok,12.2782711391,8
VRPL,796,ok,10.1907271934,7
VRPL,797,ok,11.2631192539,7
VRPL,798,ok,10.9270822543,8
VRPL,799,ok,10.2648375296,8
VRPL,800,ok,10.6107653842,7
VRPL,801,ok,11.8232702254,7
VRPL,802,ok,10.4612932981,7
VRPL,803,ok,9.4925545661,8
VRPL,804,ok,9.1272955417,7
VRPL,805,ok,13.7837864316,8
VRPL,806,ok,10.2148689361,6
VRPL,807,ok,10.7275378103,7
VRPL,808,ok,10.8922200212,7
VRPL,809,ok,10.2456144496,7
VRPL,810,ok,8.9198545322,7
VRPL,811,ok,12.4696979380,7
VRPL,812,ok,10.4189275174,7
VRPL,813,ok,12.1809130727,7
VRPL,814,ok,12.2200292042,6
VRPL,815,ok,11.6377232329,7
VRPL,816,ok,9.5791549139,7
VRPL,817,ok,9.8726628739,7
VRPL,818,ok,13.0590461107,7
VRPL,819,ok,10.2413391434,6
VRPL,820,ok,11.1146228805,7
VRPL,821,ok,10.9105657925,7
VRPL,822,ok,9.8521522162,6
VRPL,823,ok,10.3807329637,7
VRPL,824,ok,10.9012389789,7
VRPL,825,ok,9.9241749087,7
VRPL,826,ok,15.1299602104,8
VRPL,827,ok,9.6401172750,8
VRPL,828,ok,10.9570558540,7
VRPL,829,ok,10.2098832626,7
VRPL,830,ok,12.3565830086,8
VRPL,831,ok,12.4205003665,9
VRPL,832,ok,10.7234419048,6
VRPL,833,ok,10.5049306544,8
VRPL,834,ok,11.6662079830,8
VRPL,835,ok,8.9646329995,8
VRPL,836,ok,12.4400661663,8
VRPL,837,ok,13.2040057687,7
VRPL,838,ok,11.4912640709,7
VRPL,839,ok,11.1904621973,7
VRPL,840,ok,10.6131290654,8
VRPL,841,ok,11.6782324537,7
VRPL,842,ok,9.7665832705,7
VRPL,843,ok,11.4745582878,7
VRPL,844,ok,11.1035785104,7
VRPL,845,ok,11.7938978940,9
VRPL,846,ok,9.7170192894,6
VRPL,847,ok,11.8652003601,7
VRPL,848,ok,10.0825238490,7
VRPL,849,ok,8.9591135013,9
VRPL,850,ok,11.4357425408,8
VRPL,851,ok,11.9078876289,7
VRPL,852,ok,10.0228734418,7
VRPL,853,ok,13.7745414680,8
VRPL,854,ok,8.8093508634,6
VRPL,855,ok,9.5612722882,8
VRPL,856,ok,9.5316049235,7
VRPL,857,ok,11.2667541687,7
VRPL,858,ok,12.6612839346,7
VRPL,859,ok,9.3878593946,6
VRPL,860,ok,11.2238071664,6
VRPL,861,ok,11.0528952205,6
VRPL,862,ok,10.2490760105,7
VRPL,863,ok,13.4064396346,7
VRPL,864,ok,9.5781579339,7
VRPL,865,ok,9.1569815886,6
VRPL,866,ok,10.0188722932,8
VRPL,867,ok,9.1575966421,6
VRPL,868,ok,8.0191810701,8
VRPL,869,ok,10.3368555284,7
VRPL,870,ok,9.2739152758,6
VRPL,871,ok,11.1035173110,8
VRPL,872,ok,11.9125512330,7
VRPL,873,ok,10.0675161772,8
VRPL,874,ok,12.1959943459,6
VRPL,875,ok,8.8278440361,8
VRPL,876,ok,11.6000115166,7
VRPL,877,ok,12.4712507491,8
VRPL,878,ok,10.6530003035,8
VRPL,879,ok,10.6718654366,7
VRPL,880,ok,12.8196047666,7
VRPL,881,ok,10.1124388314,8
VRPL,882,ok,9.1623721269,7
VRPL,883,ok,8.9479595764,7
VRPL,884,ok,13.2164779393,9
VRPL,885,ok,9.4562803557,8
VRPL,886,ok,10.9852743993,7
VRPL,887,ok,9.3063453777,7
VRPL,888,ok,9.1375041420,7
VRPL,889,ok,10.9519801164,8
VRPL,890,ok,9.3254547320,7
VRPL,891,ok,12.5526972004,7
VRPL,892,ok,8.9095460482,6
VRPL,893,ok,12.5066860813,8
VRPL,894,ok,10.8172182880,7
VRPL,895,ok,10.5512183087,8
VRPL,896,ok,10.9460794821,8
VRPL,897,ok,11.4425358725,8
VRPL,898,ok,8.9554018489,7
VRPL,899,ok,10.7199683211,7
VRPL,900,ok,10.4553169400,7
VRPL,901,ok,9.4140445662,7
VRPL,902,ok,9.7401279553,6
VRPL,903,ok,10.7311038246,7
VRPL,904,ok,9.2340083151,7
VRPL,905,ok,11.1306323841,8
VRPL,906,ok,11.7087194862,7
VRPL,907,ok,9.2489156659,7
VRPL,908,ok,13.0940864247,7
VRPL,909,ok,10.3617347601,7
VRPL,910,ok,11.0313150324,7
VRPL,911,ok,11.6634635456,6
VRPL,912,ok,11.6163197456,7
VRPL,913,ok,12.3881895492,8
VRPL,914,ok,12.1206655360,8
VRPL,915,ok,9.4846670098,6
VRPL,916,ok,12.5948329436,8
VRPL,917,ok,10.1164657828,7
VRPL,918,ok,9.0899788437,7
VRPL,919,ok,10.6207374692,7
VRPL,920,ok,10.4285966150,7
VRPL,921,ok,15.6011276031,8
VRPL,922,ok,11.0136790252,7
VRPL,923,ok,9.9198500571,7
VRPL,924,ok,11.1056507389,7
VRPL,925,ok,13.3888451640,9
VRPL,926,ok,12.1473993946,7
VRPL,927,ok,14.9730254081,8
VRPL,928,ok,11.3436768510,7
VRPL,929,ok,13.9618966567,7
VRPL,930,ok,10.3246707562,7
VRPL,931,ok,11.5894569924,8
VRPL,932,ok,11.2396151059,6
VRPL,933,ok,12.2986112493,7
VRPL,934,ok,9.6164709921,7
VRPL,935,ok,9.2066582779,7
VRPL,936,ok,11.3532089002,7
VRPL,937,ok,11.1068165638,8
VRPL,938,ok,12.5142409489,7
VRPL,939,ok,11.9521955655,8
VRPL,940,ok,10.3027841778,8
VRPL,941,ok,11.4899152358,8
VRPL,942,ok,9.1359255252,7
VRPL,943,ok,12.0214010291,7
VRPL,944,ok,12.7402826687,7
VRPL,945,ok,10.7776211765,7
VRPL,946,ok,10.1559542783,7
VRPL,947,ok,11.4211186476,7
VRPL,948,ok,12.5035146558,8
VRPL,949,ok,10.2304391387,7
VRPL,950,ok,9.6695326192,8
VRPL,951,ok,9.8741214304,7
VRPL,952,ok,8.3967187234,6
VRPL,953,ok,13.0824255827,7
VRPL,954,ok,9.7098391707,7
VRPL,955,ok,9.8104010668,7
VRPL,956,ok,9.6177791322,8
VRPL,957,ok,11.4777916223,7
VRPL,958,ok,11.6124406750,7
VRPL,959,ok,12.8428119692,7
VRPL,960,ok,12.8198719058,7
VRPL,961,ok,9.3849033323,7
VRPL,962,ok,11.2445667933,6
VRPL,963,ok,12.7494902178,8
VRPL,964,ok,10.8122938412,6
VRPL,965,ok,12.8379361815,8
VRPL,966,ok,10.8120677661,9
VRPL,967,ok,10.6425621721,8
VRPL,968,ok,10.6036399409,7
VRPL,969,ok,10.9386522943,7
VRPL,970,ok,10.1757219757,7
VRPL,971,ok,13.9820687225,7
VRPL,972,ok,11.4425707107,7
VRPL,973,ok,10.8581841018,7
VRPL,974,ok,11.5421765400,7
VRPL,975,ok,9.4241487270,9
VRPL,976,ok,11.1702748307,7
VRPL,977,ok,10.5125164953,7
VRPL,978,ok,12.3891278512,6
VRPL,979,ok,12.9155819128,7
VRPL,980,ok,12.2976466919,7
VRPL,981,ok,10.0339277228,7
VRPL,982,ok,10.5695363016,8
VRPL,983,ok,11.8436289211,8
VRPL,984,ok,13.8490532747,7
VRPL,985,ok,11.1997315372,7
VRPL,986,ok,12.2905577008,7
VRPL,987,ok,10.8038120719,7
VRPL,988,ok,9.7579114684,6
VRPL,989,ok,11.0031545262,7
VRPL,990,ok,10.7860110266,7
VRPL,991,ok,12.7905706959,8
VRPL,992,ok,11.3751883493,6
VRPL,993,ok,11.9141182753,7
VRPL,994,ok,10.5563417874,8
VRPL,995,ok,11.3753596228,7
VRPL,996,ok,10.5096117020,7
VRPL,997,ok,11.8076471995,7
VRPL,998,ok,9.7229456044,7
VRPL,999,ok,11.2424069416,7
VRPTW,0,ok,18.7740357165,16
VRPTW,1,ok,17.7344828941,14
VRPTW,2,ok,17.4456539753,15
VRPTW,3,ok,16.6574012188,14
VRPTW,4,ok,24.4354595713,16
VRPTW,5,ok,18.8375715180,16
VRPTW,6,ok,15.3749729760,15
VRPTW,7,ok,24.2571315398,15
VRPTW,8,ok,13.6119712211,15
VRPTW,9,ok,23.7535277672,16
VRPTW,10,ok,18.3483239951,15
VRPTW,11,ok,14.8813507407,15
VRPTW,12,ok,14.5012187393,15
VRPTW,13,ok,14.6927602562,15
VRPTW,14,ok,16.2034294013,14
VRPTW,15,ok,22.2568865475,15
VRPTW,16,ok,17.2612695279,14
VRPTW,17,ok,21.1060455432,15
VRPTW,18,ok,21.7331692257,15
VRPTW,19,ok,17.9766281722,14
VRPTW,20,ok,21.6474634427,15
VRPTW,21,ok,19.1725898538,13
VRPTW,22,ok,16.7352448351,14
VRPTW,23,ok,21.7869181095,16
VRPTW,24,ok,20.0475207856,14
VRPTW,25,ok,17.9258235599,14
VRPTW,26,ok,24.8338087858,17
VRPTW,27,ok,15.2968775353,14
VRPTW,28,ok,17.5777694211,15
VRPTW,29,ok,21.2192886307,14
VRPTW,30,ok,23.3822265350,15
VRPTW,31,ok,15.8430897329,17
VRPTW,32,ok,19.9347172663,17
VRPTW,33,ok,14.9102536478,14
VRPTW,34,ok,13.9102494931,13
VRPTW,35,ok,21.3870017694,17
VRPTW,36,ok,16.8168299677,15
VRPTW,37,ok,14.4790502035,14
VRPTW,38,ok,16.0016214044,15
VRPTW,39,ok,19.9807343439,16
VRPTW,40,ok,21.9211514324,16
VRPTW,41,ok,24.2073949195,16
VRPTW,42,ok,16.7838296943,12
VRPTW,43,ok,15.4902908336,13
VRPTW,44,ok,17.9596450796,13
VRPTW,45,ok,14.9757798195,14
VRPTW,46,ok,21.0609121470,15
VRPTW,47,ok,18.0609236158,15
VRPTW,48,ok,13.8374341742,14
VRPTW,49,ok,14.3619079547,13
VRPTW,50,ok,20.6108934447,13
VRPTW,51,ok,15.4734562950,14
VRPTW,52,ok,22.1633583174,15
VRPTW,53,ok,18.6187778125,15
VRPTW,54,ok,13.2050812715,14
VRPTW,55,ok,23.2492880115,15
VRPTW,56,ok,20.4152282306,15
VRPTW,57,ok,23.7688316077,15
VRPTW,58,ok,20.2273506070,16
VRPTW,59,ok,21.4068506919,15
VRPTW,60,ok,17.0201224263,14
VRPTW,61,ok,20.7012463233,16
VRPTW,62,ok,23.4315250392,16
VRPTW,63,ok,19.4872735507,15
VRPTW,64,ok,21.8986629597,16
VRPTW,65,ok,22.7294978263,15
VRPTW,66,ok,16.0695651476,15
VRPTW,67,ok,14.7846947510,15
VRPTW,68,ok,25.8811795093,16
VRPTW,69,ok,25.4906961594,16
VRPTW,70,ok,16.1076392993,14
VRPTW,71,ok,14.0313589875,13
VRPTW,72,ok,17.2389989828,15
VRPTW,73,ok,16.9016075471,15
VRPTW,74,ok,13.4428191579,14
VRPTW,75,ok,21.5605403778,15
VRPTW,76,ok,22.8258874649,14
VRPTW,77,ok,16.8283525566,18
VRPTW,78,ok,17.0560137304,14
VRPTW,79,ok,24.6866168065,15
VRPTW,80,ok,15.4455252146,16
VRPTW,81,ok,17.5655033914,15
VRPTW,82,ok,20.9600554541,15
VRPTW,83,ok,15.7077136789,15
VRPTW,84,ok,16.5918256295,15
VRPTW,85,ok,12.9464795452,14
VRPTW,86,ok,18.4447407537,14
VRPTW,87,ok,28.2774756498,16
VRPTW,88,ok,29.2030055310,18
VRPTW,89,ok,17.7963422447,14
VRPTW,90,ok,24.8792164479,17
VRPTW,91,ok,15.6121851314,17
VRPTW,92,ok,20.3279447878,14
VRPTW,93,ok,18.4924322855,13
VRPTW,94,ok,19.7265318985,14
VRPTW,95,ok,16.7290150997,13
VRPTW,96,ok,15.8927853068,14
VRPTW,97,ok,16.5660614080,14
VRPTW,98,ok,20.6543356557,15
VRPTW,99,ok,18.0384817512,13
VRPTW,100,ok,15.0588447664,13
VRPTW,101,ok,16.4714471633,15
VRPTW,102,ok,16.3868357516,16
VRPTW,103,ok,15.4972585946,14
VRPTW,104,ok,15.3178115274,16
VRPTW,105,ok,19.4480413352,17
VRPTW,106,ok,20.2392764280,15
VRPTW,107,ok,19.3484423508,16
VRPTW,108,ok,22.9630681685,15
VRPTW,109,ok,25.0746330712,15
VRPTW,110,ok,22.3579525761,14
VRPTW,111,ok,14.2780843264,15
VRPTW,112,ok,20.6463064865,15
VRPTW,113,ok,21.2714018264,15
VRPTW,114,ok,15.3246782674,16
VRPTW,115,ok,15.1636812168,13
VRPTW,116,ok,18.0546955251,13
VRPTW,117,ok,13.3793181235,14
VRPTW,118,ok,17.1698601893,13
VRPTW,119,ok,15.1527874733,12
VRPTW,120,ok,13.2107820263,14
VRPTW,121,ok,14.4611814271,13
VRPTW,122,ok,15.7542154474,13
VRPTW,123,ok,16.1993134633,15
VRPTW,124,ok,19.6888918514,15
VRPTW,125,ok,13.7880515770,13
VRPTW,126,ok,17.7818717029,15
VRPTW,127,ok,14.1231992062,13
VRPTW,128,ok,21.2691190666,16
VRPTW,129,ok,24.0292155649,17
VRPTW,130,ok,19.0038051148,16
VRPTW,131,ok,17.1953178961,18
VRPTW,132,ok,18.6631175357,15
VRPTW,133,ok,23.9632834258,16
VRPTW,134,ok,17.4656870422,15
VRPTW,135,ok,17.4369671212,14
VRPTW,136,ok,17.6661256451,16
VRPTW,137,ok,16.4705178046,15
VRPTW,138,ok,14.6170960919,14
VRPTW,139,ok,25.4588269809,16
VRPTW,140,ok,17.9961762703,14
VRPTW,141,ok,17.5113235601,15
VRPTW,142,ok,22.2253210553,18
VRPTW,143,ok,17.4434394387,13
VRPTW,144,ok,25.2550048502,17
VRPTW,145,ok,17.4397940880,15
VRPTW,146,ok,27.2776739492,15
VRPTW,147,ok,17.5669003218,16
VRPTW,148,ok,19.8192275756,17
VRPTW,149,ok,18.2458652118,14
VRPTW,150,ok,23.0425844747,16
VRPTW,151,ok,15.8721784616,15
VRPTW,152,ok,15.6827619206,15
VRPTW,153,ok,13.9368432025,15
VRPTW,154,ok,21.6280049588,15
VRPTW,155,ok,22.9777292798,16
VRPTW,156,ok,15.1972934257,16
VRPTW,157,ok,24.3428649421,16
VRPTW,158,ok,17.5581938743,15
VRPTW,159,ok,24.4501769466,14
VRPTW,160,ok,19.8313628847,14
VRPTW,161,ok,14.8540959096,13
VRPTW,162,ok,21.4619254703,14
VRPTW,163,ok,16.2447542459,13
VRPTW,164,ok,19.0233848268,16
VRPTW,165,ok,19.5317547052,15
VRPTW,166,ok,20.2671296243,14
VRPTW,167,ok,31.9298633526,18
VRPTW,168,ok,15.8597965774,14
VRPTW,169,ok,18.1995813584,15
VRPTW,170,ok,30.1606881305,18
VRPTW,171,ok,14.7019150189,15
VRPTW,172,ok,21.3639793823,16
VRPTW,173,ok,14.7893468235,15
VRPTW,174,ok,17.6947383049,14
VRPTW,175,ok,19.1722062757,14
VRPTW,176,ok,17.6505925926,15
VRPTW,177,ok,21.2813735428,13
VRPTW,178,ok,25.4742101584,16
VRPTW,179,ok,19.9624759344,14
VRPTW,180,ok,29.7432740635,16
VRPTW,181,ok,15.0137838424,14
VRPTW,182,ok,20.1680330365,15
VRPTW,183,ok,17.1880376227,15
VRPTW,184,ok,21.1747791016,15
VRPTW,185,ok,16.2377973758,17
VRPTW,186,ok,26.8685478362,18
VRPTW,187,ok,21.5486952762,14
VRPTW,188,ok,19.5181789980,15
VRPTW,189,ok,23.8541520366,15
VRPTW,190,ok,18.1573139163,14
VRPTW,191,ok,17.7907188528,16
VRPTW,192,ok,22.0958039501,15
VRPTW,193,ok,18.3455338783,13
VRPTW,194,ok,20.2768389602,17
VRPTW,195,ok,21.1165829586,14
VRPTW,196,ok,19.1348349243,14
VRPTW,197,ok,15.7540612881,15
VRPTW,198,ok,15.4251508403,15
VRPTW,199,ok,16.0210092518,15
VRPTW,200,ok,17.9699771985,15
VRPTW,201,ok,13.5582758277,13
VRPTW,202,ok,14.6207385251,14
VRPTW,203,ok,22.9595441409,17
VRPTW,204,ok,21.5616469072,15
VRPTW,205,ok,17.8686604103,13
VRPTW,206,ok,13.8829124645,13
VRPTW,207,ok,24.7240816049,17
VRPTW,208,ok,16.7099605238,13
VRPTW,209,ok,24.8837420514,15
VRPTW,210,ok,14.8584652945,14
VRPTW,211,ok,15.2878118715,15
VRPTW,212,ok,12.6252810980,13
VRPTW,213,ok,17.9879962122,15
VRPTW,214,ok,16.9020883528,13
VRPTW,215,ok,15.6700968391,15
VRPTW,216,ok,18.9073452074,13
VRPTW,217,ok,19.0148617634,14
VRPTW,218,ok,19.8704452822,15
VRPTW,219,ok,18.6559020670,15
VRPTW,220,ok,18.2377284302,14
VRPTW,221,ok,15.8770997410,14
VRPTW,222,ok,30.1546109671,17
VRPTW,223,ok,20.5131343360,15
VRPTW,224,ok,26.7842148209,16
VRPTW,225,ok,17.7645399416,15
VRPTW,226,ok,16.2833705238,12
VRPTW,227,ok,16.7897233233,14
VRPTW,228,ok,15.2478897278,13
VRPTW,229,ok,18.9705952113,15
VRPTW,230,ok,19.0080598773,16
VRPTW,231,ok,19.2363884527,15
VRPTW,232,ok,15.9247219990,17
VRPTW,233,ok,19.4896557330,18
VRPTW,234,ok,17.4599418502,13
VRPTW,235,ok,16.5918424670,13
VRPTW,236,ok,15.5562859223,14
VRPTW,237,ok,18.9403284319,16
VRPTW,238,ok,20.6352296562,14
VRPTW,239,ok,15.9568266336,15
VRPTW,240,ok,20.5797512226,15
VRPTW,241,ok,21.5854478180,16
VRPTW,242,ok,14.7304079311,13
VRPTW,243,ok,20.6143401754,15
VRPTW,244,ok,16.8463349026,14
VRPTW,245,ok,19.7084739698,13
VRPTW,246,ok,28.5825836363,17
VRPTW,247,ok,14.9017101689,13
VRPTW,248,ok,13.5731984023,14
VRPTW,249,ok,20.6597921372,14
VRPTW,250,ok,15.7966829247,13
VRPTW,251,ok,26.6611897908,17
VRPTW,252,ok,14.4373359987,13
VRPTW,253,ok,13.7237203320,13
VRPTW,254,ok,14.3206842081,14
VRPTW,255,ok,18.4312900770,15
VRPTW,256,ok,23.0082447091,16
VRPTW,257,ok,13.4465782025,13
VRPTW,258,ok,17.2751491266,14
VRPTW,259,ok,23.1865942039,16
VRPTW,260,ok,18.5773521928,13
VRPTW,261,ok,20.3598769526,17
VRPTW,262,ok,18.0295757438,16
VRPTW,263,ok,21.8217091996,16
VRPTW,264,ok,17.2994729336,15
VRPTW,265,ok,14.2249829507,14
VRPTW,266,ok,15.6663559205,15
VRPTW,267,ok,15.4160067723,14
VRPTW,268,ok,15.8398653978,13
VRPTW,269,ok,20.3045096933,15
VRPTW,270,ok,15.4854050970,15
VRPTW,271,ok,17.2907187704,13
VRPTW,272,ok,19.0598090286,15
VRPTW,273,ok,19.9898857539,15
VRPTW,274,ok,18.1560747234,15
VRPTW,275,ok,21.4229637834,15
VRPTW,276,ok,18.6656493758,14
VRPTW,277,ok,24.3102842996,16
VRPTW,278,ok,13.7111004940,14
VRPTW,279,ok,19.7068586605,14
VRPTW,280,ok,18.1423818881,15
VRPTW,281,ok,20.4589496820,16
VRPTW,282,ok,21.2690670284,14
VRPTW,283,ok,14.2774101129,14
VRPTW,284,ok,18.4703746261,15
VRPTW,285,ok,16.2574146778,16
VRPTW,286,ok,17.7416127902,14
VRPTW,287,ok,18.9657474552,14
VRPTW,288,ok,17.1825339520,15
VRPTW,289,ok,17.1678049209,16
VRPTW,290,ok,22.8756106130,15
VRPTW,291,ok,19.3913547387,15
VRPTW,292,ok,14.6762974148,16
VRPTW,293,ok,18.8382516650,16
VRPTW,294,ok,15.0749972032,13
VRPTW,295,ok,25.9317717834,16
VRPTW,296,ok,20.7620923328,14
VRPTW,297,ok,17.0536805590,12
VRPTW,298,ok,17.2705162989,15
VRPTW,299,ok,15.6511427612,16
VRPTW,300,ok,16.4040812668,14
VRPTW,301,ok,15.2605146390,14
VRPTW,302,ok,15.4549834734,14
VRPTW,303,ok,17.1851075780,14
VRPTW,304,ok,18.8485767604,15
VRPTW,305,ok,19.5335814315,16
VRPTW,306,ok,19.0593900573,15
VRPTW,307,ok,18.9959789119,14
VRPTW,308,ok,16.7702754123,15
VRPTW,309,ok,21.7087581135,14
VRPTW,310,ok,18.2751984013,14
VRPTW,311,ok,18.4123911684,16
VRPTW,312,ok,13.5352771189,15
VRPTW,313,ok,21.7190918265,18
VRPTW,314,ok,32.1896188006,17
VRPTW,315,ok,19.8485665584,14
VRPTW,316,ok,14.9878478351,15
VRPTW,317,ok,15.8496541265,18
VRPTW,318,ok,19.2749243384,14
VRPTW,319,ok,12.9858763660,12
VRPTW,320,ok,16.5463312277,14
VRPTW,321,ok,15.4550679817,15
VRPTW,322,ok,14.6970360111,13
VRPTW,323,ok,16.4630585537,14
VRPTW,324,ok,17.4149062864,14
VRPTW,325,ok,15.2583773801,14
VRPTW,326,ok,22.0583096712,15
VRPTW,327,ok,18.4023936682,14
VRPTW,328,ok,15.0539942928,13
VRPTW,329,ok,12.6331712747,13
VRPTW,330,ok,14.2891069031,15
VRPTW,331,ok,16.9765404277,13
VRPTW,332,ok,20.4072145782,14
VRPTW,333,ok,17.1157041991,14
VRPTW,334,ok,28.7997289515,16
VRPTW,335,ok,17.2149557243,14
VRPTW,336,ok,18.0814092829,14
VRPTW,337,ok,14.9112787783,15
VRPTW,338,ok,18.0328150568,14
VRPTW,339,ok,19.2501474468,15
VRPTW,340,ok,14.9226383635,16
VRPTW,341,ok,16.5131165475,15
VRPTW,342,ok,18.5924361260,15
VRPTW,343,ok,23.5465609936,17
VRPTW,344,ok,24.2467941271,15
VRPTW,345,ok,21.8692597138,16
VRPTW,346,ok,16.3383497890,15
VRPTW,347,ok,20.6643446961,15
VRPTW,348,ok,15.4395706721,16
VRPTW,349,ok,15.7194490909,13
VRPTW,350,ok,18.0239390949,13
VRPTW,351,ok,22.6763900698,14
VRPTW,352,ok,21.6850482950,14
VRPTW,353,ok,20.4723944799,14
VRPTW,354,ok,25.1339324004,17
VRPTW,355,ok,20.1495687835,15
VRPTW,356,ok,17.8089917712,15
VRPTW,357,ok,25.9071176980,16
VRPTW,358,ok,19.9287600991,16
VRPTW,359,ok,18.0560448728,16
VRPTW,360,ok,13.3970563163,13
VRPTW,361,ok,17.0228385686,16
VRPTW,362,ok,19.1919390128,14
VRPTW,363,ok,18.6165688037,13
VRPTW,364,ok,23.9260591829,16
VRPTW,365,ok,15.4438612939,15
VRPTW,366,ok,26.1186522608,17
VRPTW,367,ok,17.9885430030,14
VRPTW,368,ok,22.4157399256,15
VRPTW,369,ok,18.3174945551,15
VRPTW,370,ok,19.8106482656,14
VRPTW,371,ok,17.8455925267,15
VRPTW,372,ok,22.3410314137,15
VRPTW,373,ok,15.8352614327,15
VRPTW,374,ok,22.4172119222,15
VRPTW,375,ok,15.4103317478,13
VRPTW,376,ok,20.9466950265,15
VRPTW,377,ok,19.9248316732,16
VRPTW,378,ok,22.0041364980,14
VRPTW,379,ok,19.5516274607,14
VRPTW,380,ok,15.8905726072,14
VRPTW,381,ok,26.7279874075,15
VRPTW,382,ok,20.7794861936,15
VRPTW,383,ok,14.9646897622,15
VRPTW,384,ok,16.2644689276,14
VRPTW,385,ok,14.4518383287,16
VRPTW,386,ok,21.8294073399,16
VRPTW,387,ok,14.5107683434,14
VRPTW,388,ok,17.8174752995,14
VRPTW,389,ok,19.9501621019,15
VRPTW,390,ok,18.0463132191,15
VRPTW,391,ok,17.6277229820,16
VRPTW,392,ok,16.7544084463,14
VRPTW,393,ok,25.1340226944,16
VRPTW,394,ok,21.7442184016,15
VRPTW,395,ok,13.7327109735,13
VRPTW,396,ok,22.5191684061,16
VRPTW,397,ok,19.3583330738,15
VRPTW,398,ok,17.5884629310,15
VRPTW,399,ok,20.8516424031,14
VRPTW,400,ok,23.1561286342,16
VRPTW,401,ok,15.6434291619,14
VRPTW,402,ok,21.7944434602,16
VRPTW,403,ok,22.8614594593,15
VRPTW,404,ok,15.8152290122,14
VRPTW,405,ok,17.2949015953,13
VRPTW,406,ok,26.7423508006,15
VRPTW,407,ok,13.5883886141,13
VRPTW,408,ok,23.2284440324,16
VRPTW,409,ok,15.2638871882,13
VRPTW,410,ok,19.2563852050,15
VRPTW,411,ok,31.5097703917,19
VRPTW,412,ok,16.0253913574,16
VRPTW,413,ok,24.5058852587,16
VRPTW,414,ok,13.9046467547,13
VRPTW,415,ok,22.6282676723,15
VRPTW,416,ok,20.4253119347,17
VRPTW,417,ok,18.2235207497,15
VRPTW,418,ok,13.8712292706,13
VRPTW,419,ok,17.0527599642,14
VRPTW,420,ok,14.8867781046,15
VRPTW,421,ok,19.6006358807,14
VRPTW,422,ok,19.4796908722,13
VRPTW,423,ok,21.0509876677,15
VRPTW,424,ok,15.9453353905,16
VRPTW,425,ok,17.3834834529,16
VRPTW,426,ok,17.2041721711,14
VRPTW,427,ok,17.9929088584,15
VRPTW,428,ok,17.2817713239,13
VRPTW,429,ok,16.4707866024,15
VRPTW,430,ok,15.9533527663,15
VRPTW,431,ok,17.9541985064,13
VRPTW,432,ok,18.2945238508,14
VRPTW,433,ok,17.2490710471,15
VRPTW,434,ok,22.2094509697,17
VRPTW,435,ok,21.7485837380,15
VRPTW,436,ok,21.2076916275,14
VRPTW,437,ok,17.9433958329,14
VRPTW,438,ok,21.9811995822,16
VRPTW,439,ok,16.1350054313,13
VRPTW,440,ok,21.1139291659,16
VRPTW,441,ok,22.9857763323,16
VRPTW,442,ok,22.1608367150,15
VRPTW,443,ok,24.6614520102,14
VRPTW,444,ok,14.5130911269,13
VRPTW,445,ok,19.2137935620,14
VRPTW,446,ok,14.2950514278,12
VRPTW,447,ok,18.8386519586,13
VRPTW,448,ok,15.6513375685,13
VRPTW,449,ok,16.0718711926,13
VRPTW,450,ok,18.2965418624,15
VRPTW,451,ok,14.8931653075,13
VRPTW,452,ok,20.3400997403,14
VRPTW,453,ok,20.0486798124,16
VRPTW,454,ok,20.9697410738,14
VRPTW,455,ok,19.3475522492,14
VRPTW,456,ok,15.9703244627,13
VRPTW,457,ok,14.8778197132,13
VRPTW,458,ok,16.2064954839,13
VRPTW,459,ok,22.2382244889,14
VRPTW,460,ok,22.1409462309,15
VRPTW,461,ok,15.1423696188,16
VRPTW,462,ok,17.9974299167,15
VRPTW,463,ok,14.7685891862,15
VRPTW,464,ok,17.8205097098,14
VRPTW,465,ok,20.9918499488,16
VRPTW,466,ok,19.5722210372,15
VRPTW,467,ok,20.6534722932,15
VRPTW,468,ok,18.8102194998,16
VRPTW,469,ok,18.0748260540,14
VRPTW,470,ok,17.8054417606,15
VRPTW,471,ok,20.1449127889,16
VRPTW,472,ok,17.3939961227,15
VRPTW,473,ok,19.3961025912,14
VRPTW,474,ok,16.0092274913,15
VRPTW,475,ok,19.6360888170,16
VRPTW,476,ok,18.9405741720,15
VRPTW,477,ok,29.8079634557,18
VRPTW,478,ok,17.5684557578,15
VRPTW,479,ok,15.5339750395,16
VRPTW,480,ok,18.8300925651,15
VRPTW,481,ok,15.8068972794,14
VRPTW,482,ok,21.0671894937,15
VRPTW,483,ok,13.3403715934,13
VRPTW,484,ok,21.7178641562,16
VRPTW,485,ok,21.4116192227,17
VRPTW,486,ok,17.9241831007,13
VRPTW,487,ok,15.3566339808,14
VRPTW,488,ok,18.2575258625,12
VRPTW,489,ok,16.1922447141,14
VRPTW,490,ok,15.7894777867,16
VRPTW,491,ok,22.4868428381,15
VRPTW,492,ok,18.4507663755,14
VRPTW,493,ok,15.3146945464,16
VRPTW,494,ok,19.4570189716,14
VRPTW,495,ok,18.8815708653,15
VRPTW,496,ok,16.9248578521,17
VRPTW,497,ok,13.8933219187,14
VRPTW,498,ok,20.2802785145,17
VRPTW,499,ok,19.5425597658,14
VRPTW,500,ok,20.1371867807,15
VRPTW,501,ok,17.5455227765,16
VRPTW,502,ok,19.6649536712,16
VRPTW,503,ok,18.5632735947,15
VRPTW,504,ok,16.2530884368,14
VRPTW,505,ok,15.6451864230,13
VRPTW,506,ok,21.4140267346,15
VRPTW,507,ok,16.7820860430,14
VRPTW,508,ok,13.2257466753,13
VRPTW,509,ok,21.0496337276,14
VRPTW,510,ok,20.3039070330,16
VRPTW,511,ok,22.2678488970,15
VRPTW,512,ok,23.2210448610,15
VRPTW,513,ok,20.5231229695,18
VRPTW,514,ok,15.9119311251,14
VRPTW,515,ok,23.1687585727,15
VRPTW,516,ok,17.6179544173,14
VRPTW,517,ok,18.0882232233,16
VRPTW,518,ok,20.9053969381,16
VRPTW,519,ok,18.1617476926,14
VRPTW,520,ok,17.7946963102,15
VRPTW,521,ok,25.2025237743,16
VRPTW,522,ok,18.9427074277,14
VRPTW,523,ok,17.5611028700,15
VRPTW,524,ok,19.3132041518,15
VRPTW,525,ok,28.6538569724,17
VRPTW,526,ok,14.9507026741,13
VRPTW,527,ok,14.9131879422,15
VRPTW,528,ok,15.9361523998,15
VRPTW,529,ok,20.3548470250,15
VRPTW,530,ok,19.0495291930,15
VRPTW,531,ok,15.6317286262,13
VRPTW,532,ok,15.5452885284,14
VRPTW,533,ok,15.7151509142,13
VRPTW,534,ok,15.1548925773,13
VRPTW,535,ok,19.3200978280,15
VRPTW,536,ok,15.6706841202,15
VRPTW,537,ok,18.4906409424,13
VRPTW,538,ok,24.6802550037,16
VRPTW,539,ok,18.2227028987,15
VRPTW,540,ok,18.3019853893,14
VRPTW,541,ok,13.8292730016,13
VRPTW,542,ok,15.9117227296,14
VRPTW,543,ok,16.6208500835,13
VRPTW,544,ok,23.0935896444,15
VRPTW,545,ok,25.5953878036,16
VRPTW,546,ok,19.7387953193,14
VRPTW,547,ok,21.0256319503,15
VRPTW,548,ok,17.0914912910,14
VRPTW,549,ok,17.4056192752,14
VRPTW,550,ok,19.1558019418,16
VRPTW,551,ok,15.3035986081,13
VRPTW,552,ok,23.6983147822,17
VRPTW,553,ok,16.6932514793,13
VRPTW,554,ok,22.5838411140,14
VRPTW,555,ok,17.6716418547,16
VRPTW,556,ok,15.8334692057,14
VRPTW,557,ok,14.5692528870,12
VRPTW,558,ok,21.2399579233,15
VRPTW,559,ok,16.2554973959,13
VRPTW,560,ok,19.4440441311,15
VRPTW,561,ok,25.1157423612,15
VRPTW,562,ok,19.2632237750,15
VRPTW,563,ok,15.6962935224,14
VRPTW,564,ok,14.1182608927,14
VRPTW,565,ok,21.4305660809,15
VRPTW,566,ok,18.2923019954,15
VRPTW,567,ok,17.9656974661,15
VRPTW,568,ok,14.6123622914,14
VRPTW,569,ok,20.2313364943,15
VRPTW,570,ok,24.0760202857,15
VRPTW,571,ok,16.0369184786,15
VRPTW,572,ok,18.3169540956,16
VRPTW,573,ok,20.1258268186,14
VRPTW,574,ok,15.8885273472,14
VRPTW,575,ok,26.0112406237,15
VRPTW,576,ok,22.9926769346,17
VRPTW,577,ok,18.9868174694,15
VRPTW,578,ok,18.1566015989,16
VRPTW,579,ok,17.7282597988,16
VRPTW,580,ok,16.5993253822,15
VRPTW,581,ok,22.4075445443,15
VRPTW,582,ok,18.1947214684,14
VRPTW,583,ok,17.9614390702,16
VRPTW,584,ok,21.3437863018,15
VRPTW,585,ok,14.5517059247,14
VRPTW,586,ok,18.4697833133,15
VRPTW,587,ok,22.3309746715,17
VRPTW,588,ok,18.4998700409,13
VRPTW,589,ok,15.9748866540,15
VRPTW,590,ok,18.4093572833,14
VRPTW,591,ok,23.6572812324,16
VRPTW,592,ok,21.5677662987,14
VRPTW,593,ok,14.5209838059,13
VRPTW,594,ok,21.1733470315,15
VRPTW,595,ok,17.7044107233,14
VRPTW,596,ok,15.9510291596,14
VRPTW,597,ok,18.7363912172,14
VRPTW,598,ok,28.4282269553,17
VRPTW,599,ok,14.2023554661,14
VRPTW,600,ok,24.9934678402,16
VRPTW,601,ok,21.0466517307,16
VRPTW,602,ok,15.7733680290,14
VRPTW,603,ok,17.6806391698,16
VRPTW,604,ok,15.2927163391,15
VRPTW,605,ok,14.1726913871,14
VRPTW,606,ok,16.2188173268,14
VRPTW,607,ok,20.9691852060,15
VRPTW,608,ok,17.4018773208,16
VRPTW,609,ok,19.8383237701,16
VRPTW,610,ok,15.0078079944,12
VRPTW,611,ok,14.1502255858,15
VRPTW,612,ok,15.5141744309,13
VRPTW,613,ok,16.0158252286,14
VRPTW,614,ok,15.2757361471,15
VRPTW,615,ok,16.7004644562,16
VRPTW,616,ok,15.9247600517,13
VRPTW,617,ok,15.7257556239,14
VRPTW,618,ok,17.3433172651,15
VRPTW,619,ok,22.9172341818,16
VRPTW,620,ok,16.2953379750,15
VRPTW,621,ok,21.8711333754,15
VRPTW,622,ok,16.5033140010,16
VRPTW,623,ok,12.6563115499,13
VRPTW,624,ok,13.5720176208,17
VRPTW,625,ok,15.3303490421,14
VRPTW,626,ok,14.2633444238,14
VRPTW,627,ok,18.6304549773,15
VRPTW,628,ok,20.3474771126,16
VRPTW,629,ok,21.2520555312,17
VRPTW,630,ok,24.0486876348,16
VRPTW,631,ok,17.7966014484,16
VRPTW,632,ok,19.9934823924,16
VRPTW,633,ok,15.1452524396,15
VRPTW,634,ok,20.3288629894,13
VRPTW,635,ok,16.2757798269,15
VRPTW,636,ok,14.8640817834,13
VRPTW,637,ok,20.8722764380,15
VRPTW,638,ok,18.8656400692,14
VRPTW,639,ok,21.0391765114,14
VRPTW,640,ok,20.9290008052,15
VRPTW,641,ok,20.0297833111,15
VRPTW,642,ok,20.0875711324,14
VRPTW,643,ok,17.0932347671,15
VRPTW,644,ok,13.4893455690,15
VRPTW,645,ok,15.5428823592,12
VRPTW,646,ok,19.3916072993,14
VRPTW,647,ok,14.9625159353,13
VRPTW,648,ok,20.0705756136,14
VRPTW,649,ok,17.9620473160,15
VRPTW,650,ok,18.4866754081,15
VRPTW,651,ok,14.8036782223,14
VRPTW,652,ok,15.9643208063,16
VRPTW,653,ok,18.2605952305,15
VRPTW,654,ok,14.1694792798,15
VRPTW,655,ok,16.8617874502,13
VRPTW,656,ok,17.2264359631,16
VRPTW,657,ok,15.9541188829,14
VRPTW,658,ok,15.3706753873,13
VRPTW,659,ok,16.0345193823,13
VRPTW,660,ok,19.6530342320,13
VRPTW,661,ok,23.5741095300,15
VRPTW,662,ok,17.4112226513,15
VRPTW,663,ok,18.4470426251,17
VRPTW,664,ok,26.7570951262,17
VRPTW,665,ok,16.6442652543,17
VRPTW,666,ok,19.6713953979,15
VRPTW,667,ok,15.2807893291,15
VRPTW,668,ok,15.5783248722,15
VRPTW,669,ok,22.4437317705,14
VRPTW,670,ok,21.0174047860,15
VRPTW,671,ok,17.9192107581,13
VRPTW,672,ok,17.1908074248,14
VRPTW,673,ok,17.8743225509,13
VRPTW,674,ok,19.5841117093,16
VRPTW,675,ok,19.7218541711,15
VRPTW,676,ok,22.0726075736,15
VRPTW,677,ok,15.7490825421,15
VRPTW,678,ok,18.5589540014,16
VRPTW,679,ok,25.4402761371,15
VRPTW,680,ok,18.0732822222,14
VRPTW,681,ok,25.4076784670,15
VRPTW,682,ok,20.4128035479,14
VRPTW,683,ok,20.4737022350,17
VRPTW,684,ok,24.3629671328,15
VRPTW,685,ok,18.3928647700,16
VRPTW,686,ok,23.9399957166,14
VRPTW,687,ok,18.9670739666,13
VRPTW,688,ok,14.9805115149,14
VRPTW,689,ok,14.2354044401,13
VRPTW,690,ok,18.5412837887,15
VRPTW,691,ok,19.8399221759,15
VRPTW,692,ok,14.7637314913,14
VRPTW,693,ok,20.8007198776,17
VRPTW,694,ok,18.9843693176,14
VRPTW,695,ok,24.6254101587,16
VRPTW,696,ok,18.1707845830,14
VRPTW,697,ok,14.4423250588,14
VRPTW,698,ok,20.1993249842,17
VRPTW,699,ok,24.4936183579,16
VRPTW,700,ok,26.4070185512,16
VRPTW,701,ok,13.0942122609,14
VRPTW,702,ok,23.0277884248,15
VRPTW,703,ok,26.2203118868,17
VRPTW,704,ok,21.1759200699,15
VRPTW,705,ok,20.6716971447,17
VRPTW,706,ok,17.3308309897,14
VRPTW,707,ok,17.3025273186,17
VRPTW,708,ok,20.4516069830,14
VRPTW,709,ok,13.6414018175,14
VRPTW,710,ok,29.1586213214,17
VRPTW,711,ok,17.5315588944,15
VRPTW,712,ok,21.9792004361,15
VRPTW,713,ok,18.7257701941,13
VRPTW,714,ok,15.1722692894,15
VRPTW,715,ok,18.7114534444,14
VRPTW,716,ok,18.6896983623,15
VRPTW,717,ok,17.0429442370,16
VRPTW,718,ok,13.2404649012,14
VRPTW,719,ok,16.2894135506,15
VRPTW,720,ok,18.9806106975,14
VRPTW,721,ok,18.9117023541,15
VRPTW,722,ok,17.8835243230,14
VRPTW,723,ok,12.8249125355,12
VRPTW,724,ok,19.3548110795,16
VRPTW,725,ok,17.6060742964,14
VRPTW,726,ok,15.1045168892,14
VRPTW,727,ok,23.8099505556,15
VRPTW,728,ok,19.3738875824,15
VRPTW,729,ok,16.3071798466,15
VRPTW,730,ok,14.6325904070,15
VRPTW,731,ok,18.6645515938,14
VRPTW,732,ok,16.0304068304,14
VRPTW,733,ok,20.3045704256,15
VRPTW,734,ok,18.1082434495,14
VRPTW,735,ok,16.2461715755,12
VRPTW,736,ok,18.4033818922,16
VRPTW,737,ok,14.5571553439,13
VRPTW,738,ok,18.4960663292,15
VRPTW,739,ok,25.2141184845,17
VRPTW,740,ok,20.4145194922,16
VRPTW,741,ok,17.5854068602,15
VRPTW,742,ok,15.5327818921,14
VRPTW,743,ok,17.0208417877,14
VRPTW,744,ok,16.4432133184,16
VRPTW,745,ok,17.5132347721,14
VRPTW,746,ok,21.8032249735,15
VRPTW,747,ok,18.3519893627,14
VRPTW,748,ok,13.8387527266,15
VRPTW,749,ok,18.5926721451,14
VRPTW,750,ok,24.7985698733,15
VRPTW,751,ok,15.2816525988,14
VRPTW,752,ok,20.9007068037,14
VRPTW,753,ok,17.3871866378,14
VRPTW,754,ok,14.7447825129,14
VRPTW,755,ok,24.3543445026,17
VRPTW,756,ok,15.2194452563,16
VRPTW,757,ok,19.2904342271,14
VRPTW,758,ok,21.8733792533,14
VRPTW,759,ok,18.6039565225,13
VRPTW,760,ok,18.2883556794,15
VRPTW,761,ok,20.1339180323,14
VRPTW,762,ok,18.0661083550,14
VRPTW,763,ok,16.8857345773,15
VRPTW,764,ok,13.5237404036,13
VRPTW,765,ok,15.6351397870,14
VRPTW,766,ok,16.3753818099,17
VRPTW,767,ok,16.6436468409,14
VRPTW,768,ok,15.7916464447,15
VRPTW,769,ok,17.7902089132,15
VRPTW,770,ok,22.5712863727,16
VRPTW,771,ok,19.0033377899,16
VRPTW,772,ok,16.5753143347,13
VRPTW,773,ok,19.5714169054,14
VRPTW,774,ok,20.3775487764,14
VRPTW,775,ok,15.2267899197,14
VRPTW,776,ok,21.9103734420,15
VRPTW,777,ok,16.8751535418,15
VRPTW,778,ok,20.3684483324,14
VRPTW,779,ok,20.3160222757,17
VRPTW,780,ok,18.2835568271,16
VRPTW,781,ok,20.6068317280,15
VRPTW,782,ok,16.2490825772,15
VRPTW,783,ok,15.2333874841,13
VRPTW,784,ok,22.4420005203,17
VRPTW,785,ok,18.8515421713,16
VRPTW,786,ok,18.9294961055,14
VRPTW,787,ok,15.1741172984,15
VRPTW,788,ok,16.6399177004,15
VRPTW,789,ok,19.5011520669,15
VRPTW,790,ok,16.9333736945,14
VRPTW,791,ok,13.4535963539,12
VRPTW,792,ok,16.6573597808,12
VRPTW,793,ok,15.8558870636,14
VRPTW,794,ok,18.0516419239,15
VRPTW,795,ok,26.4787259897,18
VRPTW,796,ok,13.4863031454,13
VRPTW,797,ok,21.5144768749,15
VRPTW,798,ok,23.3807644371,15
VRPTW,799,ok,16.1490510226,13
VRPTW,800,ok,17.6474719257,17
VRPTW,801,ok,15.9149668436,16
VRPTW,802,ok,17.6419273119,15
VRPTW,803,ok,14.4273258883,14
VRPTW,804,ok,21.5501258346,14
VRPTW,805,ok,19.5268348832,16
VRPTW,806,ok,25.8093586837,16
VRPTW,807,ok,22.8846919410,15
VRPTW,808,ok,16.1873715053,17
VRPTW,809,ok,21.1015308114,16
VRPTW,810,ok,14.9295502004,14
VRPTW,811,ok,20.3679622338,16
VRPTW,812,ok,17.3974332001,14
VRPTW,813,ok,19.7799886770,16
VRPTW,814,ok,18.1615417584,15
VRPTW,815,ok,21.4873511343,15
VRPTW,816,ok,18.6295266627,16
VRPTW,817,ok,24.4323151626,16
VRPTW,818,ok,16.9406104686,12
VRPTW,819,ok,17.2564972881,14
VRPTW,820,ok,17.7844132577,15
VRPTW,821,ok,13.5882335061,13
VRPTW,822,ok,22.6355011891,16
VRPTW,823,ok,15.2860129465,15
VRPTW,824,ok,18.7604929294,15
VRPTW,825,ok,25.2016734503,16
VRPTW,826,ok,19.6302510675,15
VRPTW,827,ok,18.7331363371,14
VRPTW,828,ok,18.9258739272,15
VRPTW,829,ok,14.4557473170,15
VRPTW,830,ok,17.9592814597,15
VRPTW,831,ok,22.9229140438,15
VRPTW,832,ok,15.4896954982,15
VRPTW,833,ok,14.8180737564,15
VRPTW,834,ok,19.1094598435,14
VRPTW,835,ok,26.8467966747,17
VRPTW,836,ok,18.6255414699,16
VRPTW,837,ok,14.4635538912,14
VRPTW,838,ok,21.2009903757,16
VRPTW,839,ok,18.6167621964,17
VRPTW,840,ok,17.4692402851,14
VRPTW,841,ok,20.0881728422,17
VRPTW,842,ok,16.4018844344,15
VRPTW,843,ok,18.9516273388,14
VRPTW,844,ok,20.0941767853,15
VRPTW,845,ok,15.3154755757,16
VRPTW,846,ok,14.1233561555,13
VRPTW,847,ok,19.3117960598,15
VRPTW,848,ok,22.9088395149,17
VRPTW,849,ok,17.3682947525,15
VRPTW,850,ok,19.9491715908,14
VRPTW,851,ok,14.9350877787,16
VRPTW,852,ok,19.8135636776,15
VRPTW,853,ok,17.8449952723,14
VRPTW,854,ok,19.5039357812,16
VRPTW,855,ok,19.9450656902,16
VRPTW,856,ok,13.9367299475,12
VRPTW,857,ok,13.6760010102,13
VRPTW,858,ok,18.3226384470,14
VRPTW,859,ok,24.7284392456,16
VRPTW,860,ok,21.7092998245,16
VRPTW,861,ok,18.4885247242,16
VRPTW,862,ok,17.5104087348,15
VRPTW,863,ok,22.6784121432,16
VRPTW,864,ok,18.6745965384,15
VRPTW,865,ok,26.8341259745,16
VRPTW,866,ok,28.0942918183,17
VRPTW,867,ok,18.7109254758,15
VRPTW,868,ok,20.0338084075,15
VRPTW,869,ok,15.3309862060,15
VRPTW,870,ok,15.5950586625,14
VRPTW,871,ok,17.6487451831,14
VRPTW,872,ok,21.5043487381,15
VRPTW,873,ok,17.7076281677,13
VRPTW,874,ok,19.1767823818,14
VRPTW,875,ok,15.0421780471,15
VRPTW,876,ok,16.5204481377,14
VRPTW,877,ok,15.7115027608,14
VRPTW,878,ok,22.7786181276,17
VRPTW,879,ok,15.5965238794,13
VRPTW,880,ok,17.8403823923,15
VRPTW,881,ok,13.2293607224,13
VRPTW,882,ok,16.6200943467,15
VRPTW,883,ok,20.8330224570,16
VRPTW,884,ok,16.6889271791,15
VRPTW,885,ok,16.3773782285,15
VRPTW,886,ok,16.6815196241,13
VRPTW,887,ok,20.9102876389,15
VRPTW,888,ok,18.3602131242,16
VRPTW,889,ok,14.5901524381,16
VRPTW,890,ok,23.5317519771,17
VRPTW,891,ok,20.7113729476,15
VRPTW,892,ok,16.5396746726,13
VRPTW,893,ok,14.3995318698,13
VRPTW,894,ok,18.1199885691,16
VRPTW,895,ok,15.4634291506,17
VRPTW,896,ok,14.4903651051,14
VRPTW,897,ok,19.1465717990,14
VRPTW,898,ok,16.9131250716,15
VRPTW,899,ok,22.6729479742,17
VRPTW,900,ok,24.4698059667,17
VRPTW,901,ok,19.9834529609,15
VRPTW,902,ok,14.5409847769,15
VRPTW,903,ok,25.9333476473,17
VRPTW,904,ok,16.0220901873,15
VRPTW,905,ok,18.5824300444,15
VRPTW,906,ok,14.9547733477,13
VRPTW,907,ok,16.5941136961,15
VRPTW,908,ok,20.4283026501,14
VRPTW,909,ok,22.6591185255,15
VRPTW,910,ok,19.5383747778,14
VRPTW,911,ok,22.5284719493,16
VRPTW,912,ok,18.8717876217,16
VRPTW,913,ok,15.3123733812,15
VRPTW,914,ok,14.2057750756,13
VRPTW,915,ok,22.5299589027,14
VRPTW,916,ok,19.5386273124,14
VRPTW,917,ok,16.3836367904,13
VRPTW,918,ok,14.7274186502,13
VRPTW,919,ok,25.4803090745,16
VRPTW,920,ok,19.5568279348,16
VRPTW,921,ok,21.3384385125,16
VRPTW,922,ok,21.7392667802,14
VRPTW,923,ok,14.3711981247,14
VRPTW,924,ok,24.5647592149,16
VRPTW,925,ok,22.8071929215,15
VRPTW,926,ok,24.1636713178,15
VRPTW,927,ok,20.9049689591,15
VRPTW,928,ok,18.3681865708,15
VRPTW,929,ok,17.1053017844,14
VRPTW,930,ok,14.9749931136,14
VRPTW,931,ok,19.2310766995,14
VRPTW,932,ok,17.0065796322,15
VRPTW,933,ok,15.2830973021,13
VRPTW,934,ok,13.2169628539,13
VRPTW,935,ok,17.4536204193,17
VRPTW,936,ok,21.8797850441,16
VRPTW,937,ok,18.8699531387,18
VRPTW,938,ok,17.6367024349,16
VRPTW,939,ok,20.4179842046,14
VRPTW,940,ok,22.5280109126,15
VRPTW,941,ok,20.5941735232,16
VRPTW,942,ok,20.9437041803,16
VRPTW,943,ok,17.8376723550,15
VRPTW,944,ok,20.8198920328,14
VRPTW,945,ok,16.1274713607,14
VRPTW,946,ok,17.4000963461,14
VRPTW,947,ok,22.6891276095,14
VRPTW,948,ok,20.9725219305,14
VRPTW,949,ok,20.2334640878,15
VRPTW,950,ok,23.4135227925,16
VRPTW,951,ok,15.2749571991,14
VRPTW,952,ok,14.4710834841,12
VRPTW,953,ok,21.7006239570,15
VRPTW,954,ok,20.4610205684,16
VRPTW,955,ok,12.9985836570,12
VRPTW,956,ok,17.3233158255,15
VRPTW,957,ok,20.0946266004,14
VRPTW,958,ok,15.4783592566,16
VRPTW,959,ok,16.9502827545,14
VRPTW,960,ok,17.0515573847,15
VRPTW,961,ok,16.3740217911,15
VRPTW,962,ok,18.2326533056,16
VRPTW,963,ok,20.9158580810,16
VRPTW,964,ok,16.2529358768,13
VRPTW,965,ok,24.5341916625,15
VRPTW,966,ok,17.8377220784,14
VRPTW,967,ok,20.5498979619,15
VRPTW,968,ok,17.3148229689,15
VRPTW,969,ok,18.8485871355,17
VRPTW,970,ok,19.7239806045,16
VRPTW,971,ok,17.4278491536,13
VRPTW,972,ok,14.9684511797,13
VRPTW,973,ok,30.2718278170,17
VRPTW,974,ok,18.4916153902,17
VRPTW,975,ok,18.9783916088,13
VRPTW,976,ok,15.9614600112,14
VRPTW,977,ok,16.0709921999,14
VRPTW,978,ok,18.9352895605,16
VRPTW,979,ok,16.6896517063,14
VRPTW,980,ok,21.4177780613,16
VRPTW,981,ok,18.0951249345,14
VRPTW,982,ok,21.7015764023,15
VRPTW,983,ok,14.9942692370,15
VRPTW,984,ok,15.7843010063,15
VRPTW,985,ok,22.9767802030,16
VRPTW,986,ok,26.9568969199,16
VRPTW,987,ok,22.1191584710,15
VRPTW,988,ok,19.8592683429,16
VRPTW,989,ok,17.7857338466,15
VRPTW,990,ok,18.4845230847,14
VRPTW,991,ok,15.7917383162,17
VRPTW,992,ok,21.7168172781,16
VRPTW,993,ok,18.3326811125,15
VRPTW,994,ok,13.9524942852,14
VRPTW,995,ok,20.7442692726,15
VRPTW,996,ok,15.4866483402,16
VRPTW,997,ok,18.0393803977,14
VRPTW,998,ok,22.4406300347,16
VRPTW,999,ok,18.4391732120,15
OVRPTW,0,ok,9.2806706988,15
OVRPTW,1,ok,10.4823020529,17
OVRPTW,2,ok,9.3736566068,17
OVRPTW,3,ok,9.5963675267,14
OVRPTW,4,ok,11.0033335005,17
OVRPTW,5,ok,10.7237656457,17
OVRPTW,6,ok,10.2997147139,16
OVRPTW,7,ok,12.4793330248,15
OVRPTW,8,ok,12.8848519355,16
OVRPTW,9,ok,11.0271781505,16
OVRPTW,10,ok,9.4642838139,16
OVRPTW,11,ok,11.6175741721,15
OVRPTW,12,ok,8.8267498778,13
OVRPTW,13,ok,10.6180553332,15
OVRPTW,14,ok,11.7607799060,15
OVRPTW,15,ok,10.9602576814,15
OVRPTW,16,ok,8.7431242240,15
OVRPTW,17,ok,8.5975592906,15
OVRPTW,18,ok,9.8110327857,16
OVRPTW,19,ok,10.6503002598,16
OVRPTW,20,ok,8.6111813484,16
OVRPTW,21,ok,9.2775928662,17
OVRPTW,22,ok,8.9250836096,16
OVRPTW,23,ok,9.2152744890,16
OVRPTW,24,ok,10.3518940460,14
OVRPTW,25,ok,10.7155010851,13
OVRPTW,26,ok,9.4563956014,15
OVRPTW,27,ok,12.3802546469,15
OVRPTW,28,ok,10.5372940203,14
OVRPTW,29,ok,10.4252538862,18
OVRPTW,30,ok,10.9231992817,14
OVRPTW,31,ok,9.0820826538,15
OVRPTW,32,ok,12.9631435902,16
OVRPTW,33,ok,12.5439933806,16
OVRPTW,34,ok,9.8317363442,14
OVRPTW,35,ok,10.3189591380,15
OVRPTW,36,ok,11.4343182129,15
OVRPTW,37,ok,10.0532853740,15
OVRPTW,38,ok,9.1096602451,17
OVRPTW,39,ok,11.2087229757,17
OVRPTW,40,ok,8.5819723045,14
OVRPTW,41,ok,10.6679479029,15
OVRPTW,42,ok,10.4029727629,20
OVRPTW,43,ok,12.5647562813,15
OVRPTW,44,ok,12.0682421307,18
OVRPTW,45,ok,12.1471743885,17
OVRPTW,46,ok,8.7151436509,15
OVRPTW,47,ok,11.5194633674,16
OVRPTW,48,ok,10.0085027863,14
OVRPTW,49,ok,9.0750869197,17
OVRPTW,50,ok,9.8631862971,15
OVRPTW,51,ok,11.4721031849,16
OVRPTW,52,ok,11.2346592346,13
OVRPTW,53,ok,12.4226310608,15
OVRPTW,54,ok,8.6017969922,15
OVRPTW,55,ok,12.3068148983,16
OVRPTW,56,ok,8.9752122246,14
OVRPTW,57,ok,10.3633451651,16
OVRPTW,58,ok,9.8968572979,18
OVRPTW,59,ok,9.1445594723,16
OVRPTW,60,ok,8.1777601722,14
OVRPTW,61,ok,12.8821320679,15
OVRPTW,62,ok,11.8810389328,16
OVRPTW,63,ok,10.4840886832,17
OVRPTW,64,ok,8.8581314433,14
OVRPTW,65,ok,9.3673449306,16
OVRPTW,66,ok,9.3358899430,19
OVRPTW,67,ok,10.0316385650,17
OVRPTW,68,ok,12.9331394136,16
OVRPTW,69,ok,8.8264947246,13
OVRPTW,70,ok,11.5694249390,17
OVRPTW,71,ok,12.9553428599,16
OVRPTW,72,ok,8.7817938556,17
OVRPTW,73,ok,12.7421314767,16
OVRPTW,74,ok,12.2024836762,17
OVRPTW,75,ok,9.7373250231,16
OVRPTW,76,ok,11.4235021563,16
OVRPTW,77,ok,10.9645889695,15
OVRPTW,78,ok,13.3063839634,16
OVRPTW,79,ok,9.4082674616,17
OVRPTW,80,ok,13.1117095884,14
OVRPTW,81,ok,9.2031324864,15
OVRPTW,82,ok,10.1290084884,15
OVRPTW,83,ok,9.2524498140,16
OVRPTW,84,ok,13.9482334392,14
OVRPTW,85,ok,11.0792227978,17
OVRPTW,86,ok,9.4516911597,15
OVRPTW,87,ok,10.5084263938,15
OVRPTW,88,ok,10.5861911539,17
OVRPTW,89,ok,12.4510920925,13
OVRPTW,90,ok,8.4637668494,15
OVRPTW,91,ok,12.3452995439,18
OVRPTW,92,ok,12.9905899687,18
OVRPTW,93,ok,10.9721057396,14
OVRPTW,94,ok,11.3623963502,16
OVRPTW,95,ok,11.0643139763,14
OVRPTW,96,ok,13.1932017707,15
OVRPTW,97,ok,11.7196264837,16
OVRPTW,98,ok,8.9969470090,15
OVRPTW,99,ok,9.5774186697,16
OVRPTW,100,ok,7.8726980411,15
OVRPTW,101,ok,8.6732478128,14
OVRPTW,102,ok,9.7284358402,19
OVRPTW,103,ok,10.3715147100,14
OVRPTW,104,ok,13.7084971736,15
OVRPTW,105,ok,9.1608799074,15
OVRPTW,106,ok,10.1280442559,14
OVRPTW,107,ok,10.8032772963,16
OVRPTW,108,ok,11.1332503687,16
OVRPTW,109,ok,9.4324577832,15
OVRPTW,110,ok,10.3841311512,17
OVRPTW,111,ok,11.7703339477,15
OVRPTW,112,ok,12.5611746900,15
OVRPTW,113,ok,9.6300190199,16
OVRPTW,114,ok,9.3609504476,16
OVRPTW,115,ok,8.9109733207,16
OVRPTW,116,ok,12.6520741531,17
OVRPTW,117,ok,8.9265332470,18
OVRPTW,118,ok,12.5930729924,15
OVRPTW,119,ok,9.3989536664,17
OVRPTW,120,ok,10.1590638539,16
OVRPTW,121,ok,9.1092818609,15
OVRPTW,122,ok,9.9426071703,16
OVRPTW,123,ok,10.6645506700,18
OVRPTW,124,ok,11.7432116889,16
OVRPTW,125,ok,10.4911007007,15
OVRPTW,126,ok,11.4854134439,14
OVRPTW,127,ok,9.9751421498,15
OVRPTW,128,ok,10.0437644708,14
OVRPTW,129,ok,10.4770900545,16
OVRPTW,130,ok,9.5037002010,14
OVRPTW,131,ok,12.4094773594,16
OVRPTW,132,ok,10.7933837832,13
OVRPTW,133,ok,9.8005827777,17
OVRPTW,134,ok,10.8882799978,17
OVRPTW,135,ok,9.1991958671,13
OVRPTW,136,ok,9.5020141787,17
OVRPTW,137,ok,9.7132856669,15
OVRPTW,138,ok,9.1216908368,16
OVRPTW,139,ok,10.4950726130,16
OVRPTW,140,ok,13.3211980877,16
OVRPTW,141,ok,10.0808822721,16
OVRPTW,142,ok,13.0452983453,16
OVRPTW,143,ok,8.8937014067,15
OVRPTW,144,ok,12.6481733482,13
OVRPTW,145,ok,10.9068394562,15
OVRPTW,146,ok,9.3892045964,14
OVRPTW,147,ok,10.4209582052,17
OVRPTW,148,ok,8.7332779208,16
OVRPTW,149,ok,10.9615549301,15
OVRPTW,150,ok,9.6567315492,15
OVRPTW,151,ok,10.4309513684,17
OVRPTW,152,ok,13.9639116389,15
OVRPTW,153,ok,10.9129312108,14
OVRPTW,154,ok,11.7938460224,18
OVRPTW,155,ok,9.6558151073,16
OVRPTW,156,ok,8.9419528573,14
OVRPTW,157,ok,10.9771421275,19
OVRPTW,158,ok,12.9717224873,19
OVRPTW,159,ok,9.4985578061,17
OVRPTW,160,ok,10.3257957242,15
OVRPTW,161,ok,13.3846011390,15
OVRPTW,162,ok,10.6390903566,17
OVRPTW,163,ok,11.9846293297,16
OVRPTW,164,ok,11.9266532702,16
OVRPTW,165,ok,13.8936560926,15
OVRPTW,166,ok,10.7686587317,17
OVRPTW,167,ok,9.4048547940,19
OVRPTW,168,ok,12.9925491056,15
OVRPTW,169,ok,9.6607993202,13
OVRPTW,170,ok,9.7850252801,13
OVRPTW,171,ok,10.4546619302,15
OVRPTW,172,ok,8.2436930023,14
OVRPTW,173,ok,9.1805660728,16
OVRPTW,174,ok,9.1474269551,15
OVRPTW,175,ok,11.3556884582,16
OVRPTW,176,ok,11.3726267024,16
OVRPTW,177,ok,12.4164543689,16
OVRPTW,178,ok,11.6643874437,16
OVRPTW,179,ok,9.4441592332,14
OVRPTW,180,ok,12.1424466299,17
OVRPTW,181,ok,11.1346228509,17
OVRPTW,182,ok,10.2512623720,15
OVRPTW,183,ok,12.7990434155,17
OVRPTW,184,ok,11.2370365258,15
OVRPTW,185,ok,10.8473922454,14
OVRPTW,186,ok,8.0588965340,16
OVRPTW,187,ok,8.6442131779,19
OVRPTW,188,ok,10.3693517067,17
OVRPTW,189,ok,8.6659604696,15
OVRPTW,190,ok,12.9173452383,15
OVRPTW,191,ok,11.7373192048,12
OVRPTW,192,ok,9.2139323816,17
OVRPTW,193,ok,13.3537283910,16
OVRPTW,194,ok,10.4289979924,17
OVRPTW,195,ok,13.3034487824,14
OVRPTW,196,ok,12.1982727202,15
OVRPTW,197,ok,9.3378334292,17
OVRPTW,198,ok,10.8172105822,15
OVRPTW,199,ok,12.5066837517,17
OVRPTW,200,ok,9.7361548007,13
OVRPTW,201,ok,11.5751861720,17
OVRPTW,202,ok,10.6150276048,17
OVRPTW,203,ok,9.5632322614,15
OVRPTW,204,ok,11.6608267322,14
OVRPTW,205,ok,9.5832072500,16
OVRPTW,206,ok,10.4562717592,16
OVRPTW,207,ok,10.7474340060,18
OVRPTW,208,ok,10.4579449396,15
OVRPTW,209,ok,11.2370655388,18
OVRPTW,210,ok,9.3985580022,15
OVRPTW,211,ok,12.4087968177,13
OVRPTW,212,ok,11.7566156931,15
OVRPTW,213,ok,10.1833212741,15
OVRPTW,214,ok,9.2521880709,20
OVRPTW,215,ok,12.7058665064,16
OVRPTW,216,ok,9.3093855930,16
OVRPTW,217,ok,11.8545548584,18
OVRPTW,218,ok,13.7123182995,16
OVRPTW,219,ok,10.2059732678,15
OVRPTW,220,ok,11.0468088612,15
OVRPTW,221,ok,12.1790469035,13
OVRPTW,222,ok,12.1533938233,17
OVRPTW,223,ok,9.5485476133,14
OVRPTW,224,ok,10.5988710137,16
OVRPTW,225,ok,11.9326491461,15
OVRPTW,226,ok,10.8130536968,13
OVRPTW,227,ok,11.1286885732,19
OVRPTW,228,ok,10.5579800923,13
OVRPTW,229,ok,10.6438237785,16
OVRPTW,230,ok,10.8728964389,16
OVRPTW,231,ok,8.8905698619,16
OVRPTW,232,ok,10.5622413188,15
OVRPTW,233,ok,9.4800860419,15
OVRPTW,234,ok,12.7863936345,16
OVRPTW,235,ok,9.3227332850,17
OVRPTW,236,ok,10.1583440489,14
OVRPTW,237,ok,8.2017467463,15
OVRPTW,238,ok,8.4841036431,15
OVRPTW,239,ok,9.9744329437,15
OVRPTW,240,ok,9.2510594879,16
OVRPTW,241,ok,11.6145735635,15
OVRPTW,242,ok,8.3730803786,14
OVRPTW,243,ok,9.7367018732,14
OVRPTW,244,ok,9.6999164048,14
OVRPTW,245,ok,9.4047079329,20
OVRPTW,246,ok,9.6410856736,17
OVRPTW,247,ok,9.7788736607,16
OVRPTW,248,ok,10.5339014004,16
OVRPTW,249,ok,11.4409006961,14
OVRPTW,250,ok,11.1928001372,16
OVRPTW,251,ok,11.8787794640,15
OVRPTW,252,ok,9.4129534058,14
OVRPTW,253,ok,10.7289894011,15
OVRPTW,254,ok,8.3817358367,14
OVRPTW,255,ok,9.9750692385,17
OVRPTW,256,ok,8.5180796347,13
OVRPTW,257,ok,9.7798044105,15
OVRPTW,258,ok,9.2298189700,17
OVRPTW,259,ok,8.5519115985,15
OVRPTW,260,ok,9.2032758281,17
OVRPTW,261,ok,9.4089012881,17
OVRPTW,262,ok,11.5555877739,16
OVRPTW,263,ok,10.3527951232,16
OVRPTW,264,ok,10.0223951117,14
OVRPTW,265,ok,10.8944056090,16
OVRPTW,266,ok,9.3246622214,14
OVRPTW,267,ok,10.8515378039,15
OVRPTW,268,ok,9.3381172593,16
OVRPTW,269,ok,9.5592167381,14
OVRPTW,270,ok,9.5398515476,17
OVRPTW,271,ok,9.2949234977,14
OVRPTW,272,ok,9.2500921067,15
OVRPTW,273,ok,12.7479109658,17
OVRPTW,274,ok,8.5101824787,16
OVRPTW,275,ok,10.3589134685,16
OVRPTW,276,ok,8.9116754320,15
OVRPTW,277,ok,10.3173467292,15
OVRPTW,278,ok,8.9752661762,16
OVRPTW,279,ok,11.3371975423,16
OVRPTW,280,ok,10.8430093209,16
OVRPTW,281,ok,10.5071748181,14
OVRPTW,282,ok,8.9252214173,11
OVRPTW,283,ok,8.9277745320,15
OVRPTW,284,ok,10.4693197793,17
OVRPTW,285,ok,12.2261338513,15
OVRPTW,286,ok,8.7111143638,16
OVRPTW,287,ok,8.7506481585,16
OVRPTW,288,ok,9.5403685669,18
OVRPTW,289,ok,10.0717049443,14
OVRPTW,290,ok,8.1877867847,15
OVRPTW,291,ok,11.5504812406,14
OVRPTW,292,ok,13.3968530731,17
OVRPTW,293,ok,8.5726621930,13
OVRPTW,294,ok,8.7547719100,16
OVRPTW,295,ok,9.6735789215,15
OVRPTW,296,ok,11.6354176396,15
OVRPTW,297,ok,9.9993848862,18
OVRPTW,298,ok,8.4841034069,15
OVRPTW,299,ok,11.5317105526,16
OVRPTW,300,ok,11.0202347488,17
OVRPTW,301,ok,9.9843149477,18
OVRPTW,302,ok,9.4245485806,17
OVRPTW,303,ok,9.3092652133,15
OVRPTW,304,ok,12.9788352894,14
OVRPTW,305,ok,10.3129249256,15
OVRPTW,306,ok,9.2910247980,16
OVRPTW,307,ok,8.5119212650,16
OVRPTW,308,ok,9.4058821680,19
OVRPTW,309,ok,13.5259092067,15
OVRPTW,310,ok,11.4558996938,14
OVRPTW,311,ok,8.8777772064,12
OVRPTW,312,ok,12.7925406625,15
OVRPTW,313,ok,9.6194197723,16
OVRPTW,314,ok,12.5745069508,16
OVRPTW,315,ok,11.7144536724,15
OVRPTW,316,ok,11.5260443551,20
OVRPTW,317,ok,8.4591710234,13
OVRPTW,318,ok,10.3880568364,15
OVRPTW,319,ok,10.2452291046,15
OVRPTW,320,ok,11.1855648917,16
OVRPTW,321,ok,9.5303053376,14
OVRPTW,322,ok,8.5272955945,15
OVRPTW,323,ok,11.3436949763,18
OVRPTW,324,ok,11.5805074930,15
OVRPTW,325,ok,8.9990417859,16
OVRPTW,326,ok,11.3050878573,14
OVRPTW,327,ok,8.6731374849,16
OVRPTW,328,ok,10.9532765756,17
OVRPTW,329,ok,9.6897856175,14
OVRPTW,330,ok,11.1949738240,18
OVRPTW,331,ok,8.9928723439,18
OVRPTW,332,ok,10.8259260635,17
OVRPTW,333,ok,11.0035511528,17
OVRPTW,334,ok,11.0887824469,18
OVRPTW,335,ok,9.3954356989,16
OVRPTW,336,ok,10.7577787981,15
OVRPTW,337,ok,10.0489612026,16
OVRPTW,338,ok,10.1657632981,13
OVRPTW,339,ok,8.9248263182,15
OVRPTW,340,ok,12.2108625938,15
OVRPTW,341,ok,10.0186292067,13
OVRPTW,342,ok,13.8524754255,17
OVRPTW,343,ok,9.3467642900,18
OVRPTW,344,ok,9.3335071457,14
OVRPTW,345,ok,12.2902120201,15
OVRPTW,346,ok,13.5558879315,14
OVRPTW,347,ok,9.7076696723,16
OVRPTW,348,ok,11.3024681609,14
OVRPTW,349,ok,9.5085344483,16
OVRPTW,350,ok,9.7213848958,17
OVRPTW,351,ok,9.8936535890,15
OVRPTW,352,ok,12.1300769523,15
OVRPTW,353,ok,10.6250697146,12
OVRPTW,354,ok,8.6550330526,12
OVRPTW,355,ok,10.2601272454,14
OVRPTW,356,ok,8.9617561436,14
OVRPTW,357,ok,9.6431995154,14
OVRPTW,358,ok,8.7746043290,14
OVRPTW,359,ok,8.4250244705,15
OVRPTW,360,ok,11.8055665409,17
OVRPTW,361,ok,10.3170476386,15
OVRPTW,362,ok,10.9961552687,18
OVRPTW,363,ok,9.3768849193,17
OVRPTW,364,ok,9.1222181879,12
OVRPTW,365,ok,13.0621180406,16
OVRPTW,366,ok,11.4379234918,16
OVRPTW,367,ok,8.7749531722,15
OVRPTW,368,ok,11.2524064273,14
OVRPTW,369,ok,10.8393852369,14
OVRPTW,370,ok,9.9254508818,16
OVRPTW,371,ok,10.4193893766,17
OVRPTW,372,ok,10.7674137038,14
OVRPTW,373,ok,11.7249746201,17
OVRPTW,374,ok,8.9028643485,18
OVRPTW,375,ok,8.5278904338,16
OVRPTW,376,ok,9.9557262345,14
OVRPTW,377,ok,12.9317481144,15
OVRPTW,378,ok,11.6656644250,16
OVRPTW,379,ok,11.1582989298,15
OVRPTW,380,ok,12.5506758837,16
OVRPTW,381,ok,13.6343411941,15
OVRPTW,382,ok,9.9394900341,16
OVRPTW,383,ok,8.7648927319,17
OVRPTW,384,ok,12.0706459966,19
OVRPTW,385,ok,8.9839943998,15
OVRPTW,386,ok,9.0000503504,15
OVRPTW,387,ok,9.5028219020,17
OVRPTW,388,ok,11.2855224030,16
OVRPTW,389,ok,10.8948717466,15
OVRPTW,390,ok,9.5523261904,18
OVRPTW,391,ok,11.6114314611,14
OVRPTW,392,ok,11.5021041058,18
OVRPTW,393,ok,9.3948133179,14
OVRPTW,394,ok,12.8310423026,15
OVRPTW,395,ok,11.9783802106,15
OVRPTW,396,ok,10.6097262330,17
OVRPTW,397,ok,12.0924576051,18
OVRPTW,398,ok,12.4327576895,18
OVRPTW,399,ok,9.9462710058,16
OVRPTW,400,ok,9.9657334306,15
OVRPTW,401,ok,10.9244500816,16
OVRPTW,402,ok,11.4628239070,14
OVRPTW,403,ok,12.0703267959,18
OVRPTW,404,ok,11.5316733601,16
OVRPTW,405,ok,12.1667490113,15
OVRPTW,406,ok,10.5199867225,13
OVRPTW,407,ok,9.3491912265,18
OVRPTW,408,ok,13.9735846466,16
OVRPTW,409,ok,9.7271511423,15
OVRPTW,410,ok,9.1044621215,17
OVRPTW,411,ok,8.8755062374,16
OVRPTW,412,ok,9.2127121620,17
OVRPTW,413,ok,12.2987674779,15
OVRPTW,414,ok,10.2843910071,16
OVRPTW,415,ok,10.7796677849,16
OVRPTW,416,ok,11.0188754613,14
OVRPTW,417,ok,11.0297292863,19
OVRPTW,418,ok,9.0924941079,15
OVRPTW,419,ok,9.9423560695,16
OVRPTW,420,ok,10.2660514004,16
OVRPTW,421,ok,12.9974161332,16
OVRPTW,422,ok,11.1849963929,16
OVRPTW,423,ok,10.2794420299,15
OVRPTW,424,ok,13.8365495923,15
OVRPTW,425,ok,10.0174988289,15
OVRPTW,426,ok,9.3558601421,13
OVRPTW,427,ok,10.9312237039,16
OVRPTW,428,ok,10.5504225568,16
OVRPTW,429,ok,11.8162767075,16
OVRPTW,430,ok,10.3090735467,16
OVRPTW,431,ok,11.0071978663,17
OVRPTW,432,ok,10.2568701210,17
OVRPTW,433,ok,9.1930704451,15
OVRPTW,434,ok,8.5243510174,16
OVRPTW,435,ok,9.7667213023,12
OVRPTW,436,ok,10.6229296995,14
OVRPTW,437,ok,8.8199932657,16
OVRPTW,438,ok,11.1431713829,15
OVRPTW,439,ok,9.4230590130,16
OVRPTW,440,ok,9.1190337055,15
OVRPTW,441,ok,10.6023168128,16
OVRPTW,442,ok,10.7274114487,15
OVRPTW,443,ok,10.8823266158,14
OVRPTW,444,ok,10.2066087845,13
OVRPTW,445,ok,11.5189228461,18
OVRPTW,446,ok,8.8911208602,16
OVRPTW,447,ok,10.5232042240,16
OVRPTW,448,ok,10.9765763735,16
OVRPTW,449,ok,9.9005248330,17
OVRPTW,450,ok,9.0857527538,15
OVRPTW,451,ok,8.8326696371,14
OVRPTW,452,ok,10.7209779278,14
OVRPTW,453,ok,8.7684777829,16
OVRPTW,454,ok,11.7478409947,15
OVRPTW,455,ok,10.6873596606,16
OVRPTW,456,ok,10.2268771942,18
OVRPTW,457,ok,9.4319863536,15
OVRPTW,458,ok,9.3496221747,16
OVRPTW,459,ok,11.1290128448,15
OVRPTW,460,ok,8.9846512920,16
OVRPTW,461,ok,14.0379494107,17
OVRPTW,462,ok,9.4449524629,15
OVRPTW,463,ok,11.8777484773,16
OVRPTW,464,ok,12.9205353740,18
OVRPTW,465,ok,10.5983687796,17
OVRPTW,466,ok,10.9578946757,17
OVRPTW,467,ok,11.5661158329,14
OVRPTW,468,ok,11.3864917144,15
OVRPTW,469,ok,10.1078901133,15
OVRPTW,470,ok,9.2439847613,15
OVRPTW,471,ok,8.5719150595,16
OVRPTW,472,ok,10.6868962580,17
OVRPTW,473,ok,13.5763248427,15
OVRPTW,474,ok,11.1373535862,18
OVRPTW,475,ok,10.6327640200,15
OVRPTW,476,ok,10.7502146843,13
OVRPTW,477,ok,9.5192921240,15
OVRPTW,478,ok,10.6996343383,15
OVRPTW,479,ok,9.9612545812,15
OVRPTW,480,ok,8.5919645477,15
OVRPTW,481,ok,9.6720926952,15
OVRPTW,482,ok,9.5557748005,16
OVRPTW,483,ok,9.1869354508,15
OVRPTW,484,ok,11.1512207404,15
OVRPTW,485,ok,9.4977721222,16
OVRPTW,486,ok,9.0560047516,15
OVRPTW,487,ok,9.1117980083,15
OVRPTW,488,ok,11.7597621939,16
OVRPTW,489,ok,13.5438582261,19
OVRPTW,490,ok,9.3559766563,16
OVRPTW,491,ok,11.6375348497,14
OVRPTW,492,ok,9.0823548528,16
OVRPTW,493,ok,13.7918271497,18
OVRPTW,494,ok,10.4715737563,16
OVRPTW,495,ok,11.6226186328,15
OVRPTW,496,ok,11.5393427853,16
OVRPTW,497,ok,11.5412606533,14
OVRPTW,498,ok,9.3528557753,14
OVRPTW,499,ok,12.2809706343,18
OVRPTW,500,ok,11.8049130817,15
OVRPTW,501,ok,9.2769663159,14
OVRPTW,502,ok,9.2302015685,18
OVRPTW,503,ok,10.9992204556,17
OVRPTW,504,ok,10.2892357909,17
OVRPTW,505,ok,8.8116738711,17
OVRPTW,506,ok,10.6215846350,15
OVRPTW,507,ok,11.2146740887,18
OVRPTW,508,ok,11.1907133781,17
OVRPTW,509,ok,10.8487235872,15
OVRPTW,510,ok,11.5939237062,16
OVRPTW,511,ok,10.7239697069,15
OVRPTW,512,ok,9.7244106558,15
OVRPTW,513,ok,10.6702298918,17
OVRPTW,514,ok,11.5960272788,16
OVRPTW,515,ok,9.3135029395,15
OVRPTW,516,ok,10.7998921111,16
OVRPTW,517,ok,10.3417343257,15
OVRPTW,518,ok,10.8505950669,13
OVRPTW,519,ok,8.8035427330,15
OVRPTW,520,ok,11.6366156545,15
OVRPTW,521,ok,8.0652869072,16
OVRPTW,522,ok,10.3025998968,14
OVRPTW,523,ok,10.4006990718,14
OVRPTW,524,ok,8.9331597650,18
OVRPTW,525,ok,11.2121998900,16
OVRPTW,526,ok,11.2856993914,16
OVRPTW,527,ok,10.7610179568,16
OVRPTW,528,ok,10.0926812321,17
OVRPTW,529,ok,10.3308329318,16
OVRPTW,530,ok,9.2345014816,14
OVRPTW,531,ok,12.1215060462,17
OVRPTW,532,ok,10.0832148659,14
OVRPTW,533,ok,9.6581059004,15
OVRPTW,534,ok,11.4846791713,13
OVRPTW,535,ok,10.4619923625,15
OVRPTW,536,ok,10.4566409988,15
OVRPTW,537,ok,9.2460462722,14
OVRPTW,538,ok,9.8624511350,13
OVRPTW,539,ok,11.1616119589,14
OVRPTW,540,ok,11.4692065228,15
OVRPTW,541,ok,12.2800390627,18
OVRPTW,542,ok,9.4486872153,15
OVRPTW,543,ok,8.8056246794,15
OVRPTW,544,ok,12.0093203845,14
OVRPTW,545,ok,11.2865307816,15
OVRPTW,546,ok,13.5415406029,17
OVRPTW,547,ok,8.6683881665,14
OVRPTW,548,ok,8.6681850334,15
OVRPTW,549,ok,11.7411943356,14
OVRPTW,550,ok,10.8152163597,13
OVRPTW,551,ok,8.4126121576,16
OVRPTW,552,ok,12.4662514930,17
OVRPTW,553,ok,14.2587220276,16
OVRPTW,554,ok,9.8222542367,14
OVRPTW,555,ok,10.0808633055,16
OVRPTW,556,ok,8.5861320273,16
OVRPTW,557,ok,10.0586639149,16
OVRPTW,558,ok,9.7395686728,15
OVRPTW,559,ok,10.0997990392,15
OVRPTW,560,ok,15.0611228262,16
OVRPTW,561,ok,9.3053480703,17
OVRPTW,562,ok,8.8601926590,13
OVRPTW,563,ok,13.3538433684,17
OVRPTW,564,ok,12.0992396280,18
OVRPTW,565,ok,9.5897261735,15
OVRPTW,566,ok,9.4009956580,17
OVRPTW,567,ok,11.6755164946,18
OVRPTW,568,ok,8.8961995342,17
OVRPTW,569,ok,10.0381738212,13
OVRPTW,570,ok,14.9699851185,15
OVRPTW,571,ok,10.9755989635,16
OVRPTW,572,ok,9.4700730609,14
OVRPTW,573,ok,9.3918874599,16
OVRPTW,574,ok,13.2718129801,18
OVRPTW,575,ok,9.7928563399,16
OVRPTW,576,ok,8.9013993368,18
OVRPTW,577,ok,10.6876526583,17
OVRPTW,578,ok,11.0704142278,15
OVRPTW,579,ok,8.9792212562,15
OVRPTW,580,ok,11.2144258864,16
OVRPTW,581,ok,10.2144903444,16
OVRPTW,582,ok,9.5553226580,15
OVRPTW,583,ok,9.6661809552,15
OVRPTW,584,ok,10.9219718726,16
OVRPTW,585,ok,10.0480404727,15
OVRPTW,586,ok,13.9513486313,16
OVRPTW,587,ok,13.4121966939,16
OVRPTW,588,ok,13.5703820083,17
OVRPTW,589,ok,8.9708152198,17
OVRPTW,590,ok,11.1883237724,15
OVRPTW,591,ok,11.7346075589,17
OVRPTW,592,ok,9.5814311995,15
OVRPTW,593,ok,11.4851093801,14
OVRPTW,594,ok,11.0524955487,16
OVRPTW,595,ok,10.2614821333,12
OVRPTW,596,ok,8.4759611161,16
OVRPTW,597,ok,10.0701103078,16
OVRPTW,598,ok,8.3482776630,15
OVRPTW,599,ok,9.0674061556,15
OVRPTW,600,ok,12.1419927921,16
OVRPTW,601,ok,10.1983338416,15
OVRPTW,602,ok,9.0734544545,16
OVRPTW,603,ok,10.8000381070,18
OVRPTW,604,ok,10.1480256521,15
OVRPTW,605,ok,8.2714702442,16
OVRPTW,606,ok,9.6675130560,15
OVRPTW,607,ok,10.1420822093,17
OVRPTW,608,ok,9.8902599147,17
OVRPTW,609,ok,11.0292885261,15
OVRPTW,610,ok,9.0542536543,13
OVRPTW,611,ok,11.3026468492,17
OVRPTW,612,ok,10.8014266438,14
OVRPTW,613,ok,11.7376281194,15
OVRPTW,614,ok,8.9276446101,13
OVRPTW,615,ok,13.5520652314,18
OVRPTW,616,ok,12.0092033489,17
OVRPTW,617,ok,9.6852504684,16
OVRPTW,618,ok,10.4749289455,16
OVRPTW,619,ok,8.1204371838,14
OVRPTW,620,ok,11.2295630707,16
OVRPTW,621,ok,9.1008475133,13
OVRPTW,622,ok,10.4929232165,15
OVRPTW,623,ok,12.5925126937,17
OVRPTW,624,ok,12.5482421989,17
OVRPTW,625,ok,10.0143156427,18
OVRPTW,626,ok,10.7915061663,12
OVRPTW,627,ok,9.5652928576,17
OVRPTW,628,ok,11.1328092410,16
OVRPTW,629,ok,11.0782927570,15
OVRPTW,630,ok,9.6508821744,17
OVRPTW,631,ok,10.3790194640,15
OVRPTW,632,ok,9.2873862343,17
OVRPTW,633,ok,13.4490167678,17
OVRPTW,634,ok,10.6833229326,14
OVRPTW,635,ok,10.6890998879,13
OVRPTW,636,ok,9.0606315283,16
OVRPTW,637,ok,10.3889458586,15
OVRPTW,638,ok,9.7734340463,16
OVRPTW,639,ok,12.4240543478,15
OVRPTW,640,ok,7.9183617032,13
OVRPTW,641,ok,9.5371643943,18
OVRPTW,642,ok,10.0441401728,16
OVRPTW,643,ok,10.0753447905,13
OVRPTW,644,ok,10.5170380103,16
OVRPTW,645,ok,7.5233774725,12
OVRPTW,646,ok,10.7364010094,16
OVRPTW,647,ok,11.5157190350,17
OVRPTW,648,ok,8.7114121754,17
OVRPTW,649,ok,11.2502596609,18
OVRPTW,650,ok,9.7881755303,16
OVRPTW,651,ok,8.8691702965,17
OVRPTW,652,ok,9.8438489983,18
OVRPTW,653,ok,10.4282189528,16
OVRPTW,654,ok,10.2508004069,16
OVRPTW,655,ok,9.3094553689,16
OVRPTW,656,ok,11.6505697572,14
OVRPTW,657,ok,10.8504243243,18
OVRPTW,658,ok,9.8992125473,18
OVRPTW,659,ok,11.2151707431,16
OVRPTW,660,ok,10.6024625075,19
OVRPTW,661,ok,9.6358063218,17
OVRPTW,662,ok,11.7816362515,15
OVRPTW,663,ok,10.0410924878,17
OVRPTW,664,ok,11.3278944050,14
OVRPTW,665,ok,11.6541989715,13
OVRPTW,666,ok,12.5502499599,18
OVRPTW,667,ok,10.1895260457,16
OVRPTW,668,ok,9.7157064870,17
OVRPTW,669,ok,12.4883737372,14
OVRPTW,670,ok,10.6453276133,14
OVRPTW,671,ok,9.3381142474,17
OVRPTW,672,ok,9.8560812496,14
OVRPTW,673,ok,10.6433270570,16
OVRPTW,674,ok,11.4432277601,14
OVRPTW,675,ok,11.4111878788,15
OVRPTW,676,ok,11.6063323746,14
OVRPTW,677,ok,12.3752831066,15
OVRPTW,678,ok,9.4036924848,15
OVRPTW,679,ok,10.5654661059,14
OVRPTW,680,ok,12.3225878045,16
OVRPTW,681,ok,10.3278913716,14
OVRPTW,682,ok,11.1998031549,17
OVRPTW,683,ok,10.1411725017,14
OVRPTW,684,ok,12.6497658698,17
OVRPTW,685,ok,10.3913173303,16
OVRPTW,686,ok,8.9364925824,14
OVRPTW,687,ok,10.7293887803,16
OVRPTW,688,ok,12.5138679441,15
OVRPTW,689,ok,8.1864430554,16
OVRPTW,690,ok,8.4927704913,14
OVRPTW,691,ok,10.7654737217,16
OVRPTW,692,ok,10.3253609550,16
OVRPTW,693,ok,11.6624950099,16
OVRPTW,694,ok,11.6560554127,14
OVRPTW,695,ok,13.1481121103,17
OVRPTW,696,ok,10.6467641669,18
OVRPTW,697,ok,10.9562965472,18
OVRPTW,698,ok,12.6051281234,17
OVRPTW,699,ok,11.5854643210,14
OVRPTW,700,ok,12.5172600542,13
OVRPTW,701,ok,9.8091968141,16
OVRPTW,702,ok,10.3714283969,18
OVRPTW,703,ok,11.9624156124,16
OVRPTW,704,ok,10.5517289837,14
OVRPTW,705,ok,9.5022189061,13
OVRPTW,706,ok,11.7092979543,15
OVRPTW,707,ok,10.5776991698,16
OVRPTW,708,ok,8.1765117422,15
OVRPTW,709,ok,9.2354595890,16
OVRPTW,710,ok,10.1747944707,15
OVRPTW,711,ok,9.1498774631,16
OVRPTW,712,ok,10.8143790532,16
OVRPTW,713,ok,9.9022190700,16
OVRPTW,714,ok,10.2237170351,19
OVRPTW,715,ok,10.6214511841,14
OVRPTW,716,ok,9.7687982179,15
OVRPTW,717,ok,10.3959719837,17
OVRPTW,718,ok,8.5988968850,16
OVRPTW,719,ok,9.8690568866,17
OVRPTW,720,ok,11.3167072126,13
OVRPTW,721,ok,11.5110472951,17
OVRPTW,722,ok,14.4788833476,14
OVRPTW,723,ok,11.8106534446,13
OVRPTW,724,ok,9.2574200501,18
OVRPTW,725,ok,9.7489946125,18
OVRPTW,726,ok,10.6640959623,16
OVRPTW,727,ok,13.3244538138,16
OVRPTW,728,ok,9.1146733288,14
OVRPTW,729,ok,11.0599547016,16
OVRPTW,730,ok,10.4277067447,14
OVRPTW,731,ok,12.4831864063,17
OVRPTW,732,ok,9.6226017019,17
OVRPTW,733,ok,9.4822506132,14
OVRPTW,734,ok,9.2368302512,18
OVRPTW,735,ok,13.4138419530,14
OVRPTW,736,ok,8.5185916317,14
OVRPTW,737,ok,11.8208661260,14
OVRPTW,738,ok,8.4808103722,15
OVRPTW,739,ok,12.9888032618,15
OVRPTW,740,ok,12.6651902889,16
OVRPTW,741,ok,11.4287059037,16
OVRPTW,742,ok,9.3255300517,13
OVRPTW,743,ok,9.7025484951,15
OVRPTW,744,ok,10.0638331756,18
OVRPTW,745,ok,9.0607206910,16
OVRPTW,746,ok,9.8960738860,16
OVRPTW,747,ok,8.7911044077,16
OVRPTW,748,ok,9.1398218201,17
OVRPTW,749,ok,9.2169369738,15
OVRPTW,750,ok,7.3401681030,14
OVRPTW,751,ok,11.6728141713,17
OVRPTW,752,ok,9.3725982630,16
OVRPTW,753,ok,8.8749209595,17
OVRPTW,754,ok,11.7892318225,16
OVRPTW,755,ok,12.4373473581,16
OVRPTW,756,ok,9.6265925584,16
OVRPTW,757,ok,9.6129311049,17
OVRPTW,758,ok,10.7981169904,15
OVRPTW,759,ok,9.7163901919,15
OVRPTW,760,ok,11.4789832847,16
OVRPTW,761,ok,11.2112677973,14
OVRPTW,762,ok,12.2174252548,17
OVRPTW,763,ok,11.1126258641,16
OVRPTW,764,ok,9.0229385465,18
OVRPTW,765,ok,11.5385357238,15
OVRPTW,766,ok,9.6481720171,18
OVRPTW,767,ok,12.1600188405,16
OVRPTW,768,ok,10.0250695992,16
OVRPTW,769,ok,10.9031337272,18
OVRPTW,770,ok,8.4369616444,16
OVRPTW,771,ok,8.8267291974,19
OVRPTW,772,ok,10.1881400152,16
OVRPTW,773,ok,13.4998265493,15
OVRPTW,774,ok,9.0642727783,14
OVRPTW,775,ok,10.5342832513,14
OVRPTW,776,ok,10.9321441432,14
OVRPTW,777,ok,10.4806554461,14
OVRPTW,778,ok,8.7674705598,17
OVRPTW,779,ok,12.0479272796,16
OVRPTW,780,ok,10.0243406639,16
OVRPTW,781,ok,10.8262954962,13
OVRPTW,782,ok,11.2529772761,18
OVRPTW,783,ok,10.4183409534,17
OVRPTW,784,ok,9.7508341103,15
OVRPTW,785,ok,11.1298452670,16
OVRPTW,786,ok,11.0610087777,16
OVRPTW,787,ok,8.9326819471,14
OVRPTW,788,ok,10.9950475839,13
OVRPTW,789,ok,9.0226347003,16
OVRPTW,790,ok,9.9120835848,16
OVRPTW,791,ok,10.8800940158,20
OVRPTW,792,ok,11.4084966070,16
OVRPTW,793,ok,10.0467756180,15
OVRPTW,794,ok,11.3732097272,18
OVRPTW,795,ok,10.9126537014,15
OVRPTW,796,ok,10.9520417215,18
OVRPTW,797,ok,9.9169934748,16
OVRPTW,798,ok,9.4615035087,16
OVRPTW,799,ok,12.0089952613,15
OVRPTW,800,ok,9.9574761941,14
OVRPTW,801,ok,9.7406434942,16
OVRPTW,802,ok,11.3844145562,17
OVRPTW,803,ok,9.5480280925,14
OVRPTW,804,ok,10.1859770503,17
OVRPTW,805,ok,9.6338440379,16
OVRPTW,806,ok,11.4540138403,16
OVRPTW,807,ok,9.6611740036,16
OVRPTW,808,ok,10.9454153571,14
OVRPTW,809,ok,10.5571393363,16
OVRPTW,810,ok,10.8030547513,16
OVRPTW,811,ok,11.8040109847,17
OVRPTW,812,ok,10.3989880224,13
OVRPTW,813,ok,10.1144729555,15
OVRPTW,814,ok,8.6522342498,15
OVRPTW,815,ok,9.2528374205,17
OVRPTW,816,ok,10.4746418204,17
OVRPTW,817,ok,10.4131092625,16
OVRPTW,818,ok,11.9329698859,13
OVRPTW,819,ok,9.0084296426,15
OVRPTW,820,ok,9.1894039210,19
OVRPTW,821,ok,11.1723563959,18
OVRPTW,822,ok,12.0342755733,13
OVRPTW,823,ok,10.9202730085,16
OVRPTW,824,ok,11.9049828425,16
OVRPTW,825,ok,10.6917290859,18
OVRPTW,826,ok,13.6060808159,15
OVRPTW,827,ok,9.3924724518,15
OVRPTW,828,ok,11.2852235635,18
OVRPTW,829,ok,9.1943035927,14
OVRPTW,830,ok,10.9156452644,14
OVRPTW,831,ok,9.3136514429,15
OVRPTW,832,ok,9.2306665896,15
OVRPTW,833,ok,9.9790918918,18
OVRPTW,834,ok,10.0122792645,14
OVRPTW,835,ok,13.7358786497,15
OVRPTW,836,ok,11.4302681422,16
OVRPTW,837,ok,10.2130564654,19
OVRPTW,838,ok,12.2284568298,14
OVRPTW,839,ok,9.9889850873,15
OVRPTW,840,ok,9.5074786660,16
OVRPTW,841,ok,11.4752702177,16
OVRPTW,842,ok,9.5395214548,15
OVRPTW,843,ok,10.6801173932,15
OVRPTW,844,ok,11.9004135637,14
OVRPTW,845,ok,8.4694038121,16
OVRPTW,846,ok,9.8870365403,12
OVRPTW,847,ok,13.2545153026,16
OVRPTW,848,ok,10.7226964478,16
OVRPTW,849,ok,11.7720119660,19
OVRPTW,850,ok,8.8309569097,16
OVRPTW,851,ok,9.6453618692,15
OVRPTW,852,ok,9.3970060770,16
OVRPTW,853,ok,9.3647712070,17
OVRPTW,854,ok,11.4504952547,16
OVRPTW,855,ok,12.2301527150,16
OVRPTW,856,ok,9.8511015878,15
OVRPTW,857,ok,10.3086060435,15
OVRPTW,858,ok,9.3090042110,12
OVRPTW,859,ok,9.0719627082,15
OVRPTW,860,ok,14.9801372835,18
OVRPTW,861,ok,10.0635153925,16
OVRPTW,862,ok,10.0199928236,17
OVRPTW,863,ok,8.5834581650,15
OVRPTW,864,ok,11.6974595002,16
OVRPTW,865,ok,10.0296791985,17
OVRPTW,866,ok,8.5690024445,14
OVRPTW,867,ok,9.9399713838,15
OVRPTW,868,ok,12.9162251809,17
OVRPTW,869,ok,9.4429011109,15
OVRPTW,870,ok,10.1657112131,13
OVRPTW,871,ok,8.0074225848,13
OVRPTW,872,ok,11.2361341296,17
OVRPTW,873,ok,11.4935014630,16
OVRPTW,874,ok,12.5339160496,16
OVRPTW,875,ok,8.8460081281,16
OVRPTW,876,ok,12.3978178536,17
OVRPTW,877,ok,9.1100832127,14
OVRPTW,878,ok,10.3111052682,14
OVRPTW,879,ok,13.8195200922,16
OVRPTW,880,ok,11.2334360694,18
OVRPTW,881,ok,13.8497291962,15
OVRPTW,882,ok,10.6402650232,15
OVRPTW,883,ok,10.8057470096,15
OVRPTW,884,ok,9.0559320741,17
OVRPTW,885,ok,8.6687106688,13
OVRPTW,886,ok,9.9675304337,14
OVRPTW,887,ok,10.0822925780,17
OVRPTW,888,ok,9.0070775957,15
OVRPTW,889,ok,10.8742892868,15
OVRPTW,890,ok,10.7512024157,14
OVRPTW,891,ok,8.8499882676,14
OVRPTW,892,ok,10.6568515069,15
OVRPTW,893,ok,10.4565425396,15
OVRPTW,894,ok,12.0284134663,15
OVRPTW,895,ok,11.5677257345,16
OVRPTW,896,ok,9.1116693497,16
OVRPTW,897,ok,10.1187322691,15
OVRPTW,898,ok,10.9114101306,15
OVRPTW,899,ok,9.2599719035,16
OVRPTW,900,ok,10.6840053241,17
OVRPTW,901,ok,15.2848642598,16
OVRPTW,902,ok,8.7876973362,15
OVRPTW,903,ok,11.7989528114,14
OVRPTW,904,ok,10.6370811204,17
OVRPTW,905,ok,13.1316622892,17
OVRPTW,906,ok,9.5798058167,16
OVRPTW,907,ok,9.3596456702,14
OVRPTW,908,ok,12.1205781241,15
OVRPTW,909,ok,9.2873745073,15
OVRPTW,910,ok,9.5262446453,16
OVRPTW,911,ok,8.9526805770,15
OVRPTW,912,ok,8.8773827014,14
OVRPTW,913,ok,10.0234166991,17
OVRPTW,914,ok,10.2329345102,15
OVRPTW,915,ok,14.3721494315,15
OVRPTW,916,ok,9.2054880266,15
OVRPTW,917,ok,11.5598088037,15
OVRPTW,918,ok,9.8210471618,16
OVRPTW,919,ok,11.9477201660,16
OVRPTW,920,ok,8.8742809420,16
OVRPTW,921,ok,10.7920118243,15
OVRPTW,922,ok,9.7637929814,18
OVRPTW,923,ok,9.9554659498,15
OVRPTW,924,ok,8.9901569264,17
OVRPTW,925,ok,10.7114216470,14
OVRPTW,926,ok,12.7610178784,15
OVRPTW,927,ok,10.8620926640,16
OVRPTW,928,ok,11.1149342390,19
OVRPTW,929,ok,9.0897514610,17
OVRPTW,930,ok,9.6948380603,14
OVRPTW,931,ok,8.5220492707,14
OVRPTW,932,ok,11.0857462837,15
OVRPTW,933,ok,12.6765355822,18
OVRPTW,934,ok,11.0160211274,14
OVRPTW,935,ok,10.3760890058,16
OVRPTW,936,ok,11.0051602644,17
OVRPTW,937,ok,10.2481042604,15
OVRPTW,938,ok,12.3068447644,15
OVRPTW,939,ok,10.9964878614,15
OVRPTW,940,ok,8.6660557413,17
OVRPTW,941,ok,13.3826483632,15
OVRPTW,942,ok,11.3959989789,16
OVRPTW,943,ok,9.5378437562,15
OVRPTW,944,ok,11.2132513409,15
OVRPTW,945,ok,9.6744334169,16
OVRPTW,946,ok,10.4504560380,16
OVRPTW,947,ok,9.5211352531,18
OVRPTW,948,ok,12.2208950955,13
OVRPTW,949,ok,11.4907951103,17
OVRPTW,950,ok,10.1132042170,16
OVRPTW,951,ok,10.1524498155,16
OVRPTW,952,ok,12.4342650845,16
OVRPTW,953,ok,9.6068649386,15
OVRPTW,954,ok,11.4287855664,15
OVRPTW,955,ok,9.3801108515,15
OVRPTW,956,ok,9.2341111539,15
OVRPTW,957,ok,11.6672468533,15
OVRPTW,958,ok,10.6347968697,18
OVRPTW,959,ok,9.4568012394,16
OVRPTW,960,ok,8.6364252917,13
OVRPTW,961,ok,11.8123172152,14
OVRPTW,962,ok,11.3355974804,13
OVRPTW,963,ok,8.9687460465,14
OVRPTW,964,ok,13.3512038960,14
OVRPTW,965,ok,12.3676569528,15
OVRPTW,966,ok,11.0471221366,16
OVRPTW,967,ok,10.8980868518,15
OVRPTW,968,ok,13.6707868566,15
OVRPTW,969,ok,14.6029724764,16
OVRPTW,970,ok,9.9357382156,17
OVRPTW,971,ok,8.5605697518,16
OVRPTW,972,ok,9.2568399407,15
OVRPTW,973,ok,9.9163739236,15
OVRPTW,974,ok,10.1174142008,13
OVRPTW,975,ok,11.6847422573,15
OVRPTW,976,ok,11.2353753018,16
OVRPTW,977,ok,9.7152373317,15
OVRPTW,978,ok,13.9490782332,14
OVRPTW,979,ok,12.8085121229,15
OVRPTW,980,ok,11.6684172324,19
OVRPTW,981,ok,12.9032759836,16
OVRPTW,982,ok,11.8924463040,16
OVRPTW,983,ok,10.1061150022,17
OVRPTW,984,ok,9.0646691446,16
OVRPTW,985,ok,10.0191182832,17
OVRPTW,986,ok,11.8312700570,15
OVRPTW,987,ok,11.1412405798,15
OVRPTW,988,ok,9.3877631201,16
OVRPTW,989,ok,9.9207226280,20
OVRPTW,990,ok,11.1448204008,19
OVRPTW,991,ok,9.7809595150,18
OVRPTW,992,ok,9.4209604169,19
OVRPTW,993,ok,9.5139168024,18
OVRPTW,994,ok,9.8330988795,17
OVRPTW,995,ok,11.9001972654,16
OVRPTW,996,ok,10.8688217523,17
OVRPTW,997,ok,9.7387190789,18
OVRPTW,998,ok,10.3187135866,14
OVRPTW,999,ok,9.9064307988,13
OVRPB,0,ok,6.7007859771,5
OVRPB,1,ok,6.2789664345,7
OVRPB,2,ok,6.8775005955,6
OVRPB,3,ok,6.9403027184,5
OVRPB,4,ok,6.0729007814,5
OVRPB,5,ok,6.3345124921,5
OVRPB,6,ok,6.8204709568,8
OVRPB,7,ok,6.6739921364,4
OVRPB,8,ok,6.6714240745,7
OVRPB,9,ok,5.8347934606,4
OVRPB,10,ok,6.9820698153,5
OVRPB,11,ok,7.0352740444,5
OVRPB,12,ok,6.5800616411,5
OVRPB,13,ok,6.9176733276,6
OVRPB,14,ok,6.5549317612,6
OVRPB,15,ok,6.0753223674,5
OVRPB,16,ok,6.4075110327,5
OVRPB,17,ok,6.8276476167,6
OVRPB,18,ok,6.3891025678,5
OVRPB,19,ok,6.9213037309,4
OVRPB,20,ok,5.6829062717,5
OVRPB,21,ok,6.3825716138,6
OVRPB,22,ok,6.5631716028,6
OVRPB,23,ok,7.3560683836,4
OVRPB,24,ok,6.4586353452,4
OVRPB,25,ok,7.1895390516,6
OVRPB,26,ok,6.7567747530,4
OVRPB,27,ok,6.0449499734,5
OVRPB,28,ok,6.8495227389,5
OVRPB,29,ok,6.3914726903,6
OVRPB,30,ok,5.9764303968,7
OVRPB,31,ok,6.2425526175,8
OVRPB,32,ok,7.4567027125,6
OVRPB,33,ok,5.6700508628,7
OVRPB,34,ok,7.2257394968,7
OVRPB,35,ok,5.6703630383,6
OVRPB,36,ok,6.3348214361,4
OVRPB,37,ok,6.2028356666,8
OVRPB,38,ok,7.0179186861,5
OVRPB,39,ok,7.0685263443,6
OVRPB,40,ok,6.3663467513,5
OVRPB,41,ok,6.0290882544,5
OVRPB,42,ok,6.1924634654,5
OVRPB,43,ok,6.0663490590,6
OVRPB,44,ok,5.2983095299,6
OVRPB,45,ok,7.1341212469,8
OVRPB,46,ok,5.6478287487,6
OVRPB,47,ok,6.0554922861,6
OVRPB,48,ok,6.1278647678,6
OVRPB,49,ok,6.5132598509,6
OVRPB,50,ok,6.8418513062,7
OVRPB,51,ok,7.3935641478,4
OVRPB,52,ok,6.0088421738,6
OVRPB,53,ok,5.7386024327,7
OVRPB,54,ok,5.9414039264,4
OVRPB,55,ok,6.5132023040,6
OVRPB,56,ok,5.5143369375,6
OVRPB,57,ok,6.0970216187,5
OVRPB,58,ok,6.1520970213,6
OVRPB,59,ok,7.5950681984,6
OVRPB,60,ok,6.3693984990,5
OVRPB,61,ok,6.3994789450,5
OVRPB,62,ok,6.6650126332,5
OVRPB,63,ok,6.3254117731,6
OVRPB,64,ok,6.2321870391,5
OVRPB,65,ok,6.7093668656,4
OVRPB,66,ok,6.2837235602,4
OVRPB,67,ok,6.4385383296,4
OVRPB,68,ok,6.6263392812,7
OVRPB,69,ok,6.6294243307,4
OVRPB,70,ok,6.3885089425,6
OVRPB,71,ok,6.1373690300,7
OVRPB,72,ok,7.9794988687,5
OVRPB,73,ok,6.7243378382,9
OVRPB,74,ok,6.8383156701,5
OVRPB,75,ok,6.4700755429,6
OVRPB,76,ok,6.1842268443,4
OVRPB,77,ok,5.7966542241,5
OVRPB,78,ok,6.7723095303,5
OVRPB,79,ok,6.1893066914,5
OVRPB,80,ok,6.6043897081,6
OVRPB,81,ok,6.9029068861,6
OVRPB,82,ok,6.8843232742,7
OVRPB,83,ok,5.9218101136,7
OVRPB,84,ok,6.5196706616,4
OVRPB,85,ok,6.8786171277,9
OVRPB,86,ok,6.4944231604,4
OVRPB,87,ok,7.5893205687,5
OVRPB,88,ok,6.5410755284,6
OVRPB,89,ok,6.1716381833,6
OVRPB,90,ok,6.4372438525,5
OVRPB,91,ok,5.6980104125,5
OVRPB,92,ok,7.4634188251,5
OVRPB,93,ok,5.9685980811,6
OVRPB,94,ok,6.4509946704,7
OVRPB,95,ok,6.0570218375,5
OVRPB,96,ok,7.5791207143,6
OVRPB,97,ok,6.9222589084,3
OVRPB,98,ok,7.0404422255,5
OVRPB,99,ok,5.9410339710,5
OVRPB,100,ok,7.4745467045,7
OVRPB,101,ok,7.3744966423,6
OVRPB,102,ok,6.6389650476,4
OVRPB,103,ok,6.6630356370,5
OVRPB,104,ok,4.9127082447,7
OVRPB,105,ok,6.8174685920,6
OVRPB,106,ok,6.1303298363,4
OVRPB,107,ok,7.5902893808,7
OVRPB,108,ok,6.5676203119,6
OVRPB,109,ok,6.4728628367,5
OVRPB,110,ok,7.7785309844,5
OVRPB,111,ok,7.7477138194,6
OVRPB,112,ok,6.8074855483,5
OVRPB,113,ok,6.5077914063,6
OVRPB,114,ok,5.8354019550,4
OVRPB,115,ok,6.1580639089,4
OVRPB,116,ok,6.3664018109,6
OVRPB,117,ok,6.8111539168,6
OVRPB,118,ok,6.7019845887,5
OVRPB,119,ok,6.1253007752,6
OVRPB,120,ok,6.2499498388,7
OVRPB,121,ok,6.4794637286,6
OVRPB,122,ok,6.7849813778,6
OVRPB,123,ok,6.4925255276,5
OVRPB,124,ok,6.7540829187,5
OVRPB,125,ok,6.8684931168,7
OVRPB,126,ok,6.2048827958,5
OVRPB,127,ok,5.8016799673,5
OVRPB,128,ok,7.3952109420,6
OVRPB,129,ok,6.4257634167,5
OVRPB,130,ok,7.3352606535,7
OVRPB,131,ok,7.2416611172,5
OVRPB,132,ok,7.3321928278,6
OVRPB,133,ok,5.8471672779,5
OVRPB,134,ok,6.1749894677,5
OVRPB,135,ok,6.1658633407,5
OVRPB,136,ok,5.9913223893,5
OVRPB,137,ok,6.3100319784,6
OVRPB,138,ok,6.1601503713,6
OVRPB,139,ok,6.4065621281,5
OVRPB,140,ok,6.4001941610,5
OVRPB,141,ok,6.2111257357,5
OVRPB,142,ok,6.6679190225,7
OVRPB,143,ok,7.1986545281,5
OVRPB,144,ok,5.5619267578,6
OVRPB,145,ok,7.1178593703,7
OVRPB,146,ok,6.5591081699,6
OVRPB,147,ok,6.4551703509,6
OVRPB,148,ok,6.2599105311,6
OVRPB,149,ok,7.0526667482,7
OVRPB,150,ok,6.6290921880,4
OVRPB,151,ok,8.2153682949,5
OVRPB,152,ok,6.6213275274,5
OVRPB,153,ok,5.8960665701,6
OVRPB,154,ok,6.3202206345,6
OVRPB,155,ok,6.2237522467,7
OVRPB,156,ok,5.4346894702,5
OVRPB,157,ok,5.8807819864,6
OVRPB,158,ok,6.1167799122,5
OVRPB,159,ok,6.9446805481,5
OVRPB,160,ok,6.9200609704,4
OVRPB,161,ok,6.6175087703,6
OVRPB,162,ok,6.6150306654,5
OVRPB,163,ok,5.9669517181,4
OVRPB,164,ok,6.5295400342,5
OVRPB,165,ok,5.7322470383,5
OVRPB,166,ok,6.0204681144,5
OVRPB,167,ok,6.3140568323,4
OVRPB,168,ok,6.0572528150,6
OVRPB,169,ok,6.3774270099,4
OVRPB,170,ok,6.0791586380,7
OVRPB,171,ok,7.7071873764,6
OVRPB,172,ok,6.2995309448,7
OVRPB,173,ok,6.3683043350,5
OVRPB,174,ok,6.7136256928,5
OVRPB,175,ok,6.2179845596,7
OVRPB,176,ok,6.1718985287,5
OVRPB,177,ok,6.3686108731,5
OVRPB,178,ok,6.4971691229,7
OVRPB,179,ok,6.3832785046,5
OVRPB,180,ok,6.2880887818,6
OVRPB,181,ok,6.2984503552,4
OVRPB,182,ok,6.0989939102,5
OVRPB,183,ok,6.8611396084,7
OVRPB,184,ok,6.3180371923,5
OVRPB,185,ok,6.2109750334,6
OVRPB,186,ok,7.5752802172,6
OVRPB,187,ok,5.4642465091,4
OVRPB,188,ok,6.6849262651,5
OVRPB,189,ok,6.5957782200,6
OVRPB,190,ok,7.2650243584,5
OVRPB,191,ok,6.7101362759,7
OVRPB,192,ok,5.6938274227,7
OVRPB,193,ok,6.5152171354,5
OVRPB,194,ok,6.1369970036,5
OVRPB,195,ok,6.7183346529,6
OVRPB,196,ok,6.3538893421,6
OVRPB,197,ok,6.7516320951,5
OVRPB,198,ok,7.2614719372,5
OVRPB,199,ok,6.8519537388,4
OVRPB,200,ok,6.7164354458,4
OVRPB,201,ok,6.7627330056,7
OVRPB,202,ok,6.8377449953,6
OVRPB,203,ok,6.0766046790,4
OVRPB,204,ok,6.3237417820,5
OVRPB,205,ok,5.9761939157,5
OVRPB,206,ok,6.6232361123,5
OVRPB,207,ok,7.1380607237,5
OVRPB,208,ok,6.5174748037,4
OVRPB,209,ok,6.0248082113,5
OVRPB,210,ok,6.2914920687,6
OVRPB,211,ok,6.5980115539,6
OVRPB,212,ok,7.2769077800,4
OVRPB,213,ok,6.1956403750,5
OVRPB,214,ok,6.8597563135,6
OVRPB,215,ok,6.2184808657,5
OVRPB,216,ok,7.0734979857,5
OVRPB,217,ok,6.0517565070,6
OVRPB,218,ok,6.4154080557,6
OVRPB,219,ok,7.2996100462,5
OVRPB,220,ok,7.1567004956,5
OVRPB,221,ok,6.4682455945,6
OVRPB,222,ok,5.9849188255,6
OVRPB,223,ok,6.1185494482,7
OVRPB,224,ok,6.7950872403,6
OVRPB,225,ok,6.0794984782,5
OVRPB,226,ok,7.3524512117,6
OVRPB,227,ok,6.1153681824,5
OVRPB,228,ok,6.5062660458,3
OVRPB,229,ok,8.0991551873,6
OVRPB,230,ok,6.6165516367,4
OVRPB,231,ok,5.8054603250,6
OVRPB,232,ok,6.8511307223,5
OVRPB,233,ok,7.0801589697,4
OVRPB,234,ok,6.3094358794,7
OVRPB,235,ok,5.7322324382,5
OVRPB,236,ok,6.0976879779,6
OVRPB,237,ok,7.4925178696,5
OVRPB,238,ok,6.3929321270,6
OVRPB,239,ok,5.9365798560,5
OVRPB,240,ok,6.2319507480,8
OVRPB,241,ok,6.3187077962,7
OVRPB,242,ok,6.5142802692,5
OVRPB,243,ok,6.7579692622,6
OVRPB,244,ok,7.2244531767,7
OVRPB,245,ok,6.8817164136,6
OVRPB,246,ok,7.1049501465,6
OVRPB,247,ok,6.6880754435,7
OVRPB,248,ok,7.2277046857,5
OVRPB,249,ok,6.0472278975,5
OVRPB,250,ok,6.8280149100,6
OVRPB,251,ok,6.4826389554,5
OVRPB,252,ok,7.8302285764,7
OVRPB,253,ok,6.0348171039,5
OVRPB,254,ok,6.6999153494,8
OVRPB,255,ok,5.8761958314,7
OVRPB,256,ok,8.0528179945,6
OVRPB,257,ok,5.9983340458,7
OVRPB,258,ok,6.2774353973,6
OVRPB,259,ok,6.3767511849,5
OVRPB,260,ok,6.8739720157,4
OVRPB,261,ok,7.5490967721,5
OVRPB,262,ok,5.9509794146,5
OVRPB,263,ok,7.5624215177,5
OVRPB,264,ok,6.1942015629,6
OVRPB,265,ok,6.2701036399,6
OVRPB,266,ok,6.0436692938,5
OVRPB,267,ok,5.8561909686,4
OVRPB,268,ok,6.0756860257,7
OVRPB,269,ok,6.1824622296,6
OVRPB,270,ok,6.5004617814,7
OVRPB,271,ok,6.4451949433,5
OVRPB,272,ok,7.0412108740,5
OVRPB,273,ok,6.9244147450,6
OVRPB,274,ok,6.0585835457,6
OVRPB,275,ok,6.1467216904,6
OVRPB,276,ok,6.3252470325,4
OVRPB,277,ok,6.4417058299,5
OVRPB,278,ok,7.5853038860,8
OVRPB,279,ok,6.6364917163,4
OVRPB,280,ok,5.8726112289,6
OVRPB,281,ok,7.6405994461,3
OVRPB,282,ok,5.8383323230,6
OVRPB,283,ok,6.4414840252,7
OVRPB,284,ok,5.8373973543,6
OVRPB,285,ok,6.2422284855,7
OVRPB,286,ok,6.4751910740,6
OVRPB,287,ok,6.8183048493,6
OVRPB,288,ok,6.3115357510,6
OVRPB,289,ok,7.4383895563,5
OVRPB,290,ok,6.4055975574,5
OVRPB,291,ok,7.2337716689,5
OVRPB,292,ok,6.7937546897,5
OVRPB,293,ok,6.5244623772,5
OVRPB,294,ok,6.5663854940,7
OVRPB,295,ok,6.1475170015,4
OVRPB,296,ok,6.7164146607,6
OVRPB,297,ok,6.3686176263,5
OVRPB,298,ok,6.2479043190,6
OVRPB,299,ok,5.7268046843,6
OVRPB,300,ok,6.5974517706,6
OVRPB,301,ok,7.0889834920,6
OVRPB,302,ok,6.2154446502,6
OVRPB,303,ok,5.8044331668,5
OVRPB,304,ok,6.1966199595,5
OVRPB,305,ok,7.3510912083,7
OVRPB,306,ok,6.6489933484,5
OVRPB,307,ok,6.4956123583,7
OVRPB,308,ok,6.7129373983,4
OVRPB,309,ok,6.8460122186,4
OVRPB,310,ok,6.2916095218,5
OVRPB,311,ok,6.8071327404,6
OVRPB,312,ok,5.6681578816,6
OVRPB,313,ok,6.5326884326,5
OVRPB,314,ok,5.8364987217,6
OVRPB,315,ok,7.4281004218,5
OVRPB,316,ok,5.8019999436,5
OVRPB,317,ok,6.8206461422,6
OVRPB,318,ok,6.2545937822,5
OVRPB,319,ok,6.8102876175,4
OVRPB,320,ok,7.2020029547,6
OVRPB,321,ok,6.1876483544,6
OVRPB,322,ok,6.7380228626,5
OVRPB,323,ok,6.4075470293,7
OVRPB,324,ok,6.2828624041,6
OVRPB,325,ok,5.4631400107,5
OVRPB,326,ok,7.0777654428,6
OVRPB,327,ok,6.6497851980,6
OVRPB,328,ok,6.7777929783,7
OVRPB,329,ok,6.0550715175,6
OVRPB,330,ok,6.0140160748,6
OVRPB,331,ok,6.2297136704,4
OVRPB,332,ok,6.3357262648,5
OVRPB,333,ok,6.5097806386,6
OVRPB,334,ok,6.1574191053,5
OVRPB,335,ok,5.3911836359,6
OVRPB,336,ok,6.5048834179,5
OVRPB,337,ok,7.0956284503,6
OVRPB,338,ok,6.4150187247,5
OVRPB,339,ok,6.9584484258,6
OVRPB,340,ok,7.0708697969,5
OVRPB,341,ok,6.1364394622,5
OVRPB,342,ok,6.3740843849,5
OVRPB,343,ok,6.2213112960,5
OVRPB,344,ok,6.4707875485,5
OVRPB,345,ok,6.6752281573,9
OVRPB,346,ok,6.6774749274,4
OVRPB,347,ok,5.8124947576,5
OVRPB,348,ok,6.6762251889,5
OVRPB,349,ok,7.4656903071,9
OVRPB,350,ok,6.9992470319,6
OVRPB,351,ok,6.6130560661,6
OVRPB,352,ok,7.0424082326,6
OVRPB,353,ok,6.3937235189,7
OVRPB,354,ok,6.5549309906,7
OVRPB,355,ok,6.7679168188,6
OVRPB,356,ok,5.6898776223,4
OVRPB,357,ok,6.9836757230,4
OVRPB,358,ok,6.5476050988,5
OVRPB,359,ok,7.3248119660,7
OVRPB,360,ok,6.5566718236,5
OVRPB,361,ok,7.5263205449,6
OVRPB,362,ok,6.0074045906,7
OVRPB,363,ok,6.9185409489,6
OVRPB,364,ok,6.1498585062,6
OVRPB,365,ok,6.1566818932,7
OVRPB,366,ok,6.6311990427,7
OVRPB,367,ok,6.3867806440,8
OVRPB,368,ok,6.4853007215,5
OVRPB,369,ok,6.2141552158,5
OVRPB,370,ok,7.7022380930,5
OVRPB,371,ok,6.3079967770,6
OVRPB,372,ok,6.2165498345,4
OVRPB,373,ok,6.2863185798,4
OVRPB,374,ok,6.1469509226,5
OVRPB,375,ok,7.7293857209,5
OVRPB,376,ok,6.1917381335,5
OVRPB,377,ok,6.7632765883,6
OVRPB,378,ok,7.4692971778,7
OVRPB,379,ok,7.0435736882,8
OVRPB,380,ok,6.5022015122,6
OVRPB,381,ok,5.4314468817,5
OVRPB,382,ok,8.1448208432,7
OVRPB,383,ok,5.6321417529,5
OVRPB,384,ok,6.1598235636,6
OVRPB,385,ok,7.1191518606,4
OVRPB,386,ok,6.4269664276,4
OVRPB,387,ok,7.6593415829,6
OVRPB,388,ok,6.0425446434,7
OVRPB,389,ok,6.0205866300,4
OVRPB,390,ok,7.7260231747,6
OVRPB,391,ok,6.4348112343,5
OVRPB,392,ok,5.7172396733,5
OVRPB,393,ok,6.3226289982,6
OVRPB,394,ok,6.3354735336,3
OVRPB,395,ok,7.7031299374,5
OVRPB,396,ok,6.3472966715,6
OVRPB,397,ok,7.3674779094,7
OVRPB,398,ok,6.8960335093,5
OVRPB,399,ok,6.0103093849,4
OVRPB,400,ok,6.2257957050,4
OVRPB,401,ok,7.0902010567,7
OVRPB,402,ok,6.8117674595,6
OVRPB,403,ok,6.0806940729,5
OVRPB,404,ok,6.2238175314,5
OVRPB,405,ok,6.4309186293,7
OVRPB,406,ok,6.5936347202,7
OVRPB,407,ok,7.2755871743,5
OVRPB,408,ok,6.5703578583,6
OVRPB,409,ok,7.7109379462,5
OVRPB,410,ok,6.3093053168,4
OVRPB,411,ok,6.5908274925,6
OVRPB,412,ok,6.7286177734,6
OVRPB,413,ok,7.1605281435,4
OVRPB,414,ok,5.6960810618,3
OVRPB,415,ok,6.0827373498,7
OVRPB,416,ok,6.6806935896,4
OVRPB,417,ok,6.6780781270,5
OVRPB,418,ok,6.6135229938,5
OVRPB,419,ok,5.8742632043,5
OVRPB,420,ok,6.8435436446,6
OVRPB,421,ok,6.9401383279,8
OVRPB,422,ok,6.8855270335,6
OVRPB,423,ok,5.6980104936,5
OVRPB,424,ok,6.5947225246,4
OVRPB,425,ok,6.6983432914,6
OVRPB,426,ok,6.1973088122,5
OVRPB,427,ok,6.9461414196,5
OVRPB,428,ok,6.1688364211,6
OVRPB,429,ok,6.4851557494,6
OVRPB,430,ok,5.8946306578,6
OVRPB,431,ok,5.9837306018,6
OVRPB,432,ok,6.8771200880,5
OVRPB,433,ok,6.9418687639,6
OVRPB,434,ok,6.6815626379,5
OVRPB,435,ok,6.1987578415,6
OVRPB,436,ok,7.1634973137,5
OVRPB,437,ok,6.9968023378,5
OVRPB,438,ok,6.6506781146,5
OVRPB,439,ok,5.9780904137,5
OVRPB,440,ok,5.6637631818,5
OVRPB,441,ok,5.9129922160,5
OVRPB,442,ok,6.5303218793,5
OVRPB,443,ok,6.7063872063,6
OVRPB,444,ok,6.9160634532,5
OVRPB,445,ok,6.1435165808,5
OVRPB,446,ok,7.1590774761,5
OVRPB,447,ok,6.0473432179,5
OVRPB,448,ok,6.9880566707,6
OVRPB,449,ok,5.9888086519,6
OVRPB,450,ok,6.7065323028,7
OVRPB,451,ok,6.0372602605,5
OVRPB,452,ok,5.5429183795,7
OVRPB,453,ok,5.3421661442,6
OVRPB,454,ok,6.9458902449,6
OVRPB,455,ok,6.5977652935,4
OVRPB,456,ok,6.0859802850,6
OVRPB,457,ok,7.2589043360,5
OVRPB,458,ok,6.6687772759,5
OVRPB,459,ok,6.9426847680,5
OVRPB,460,ok,6.3358455563,6
OVRPB,461,ok,6.6529781637,8
OVRPB,462,ok,6.8182795730,6
OVRPB,463,ok,7.0521060243,7
OVRPB,464,ok,5.7966602150,5
OVRPB,465,ok,6.4808896758,5
OVRPB,466,ok,6.2595661280,6
OVRPB,467,ok,5.6324108534,6
OVRPB,468,ok,6.9311756613,5
OVRPB,469,ok,5.4943115188,5
OVRPB,470,ok,5.9476123682,6
OVRPB,471,ok,6.9889451047,6
OVRPB,472,ok,6.0742214898,5
OVRPB,473,ok,6.0922367921,6
OVRPB,474,ok,6.6567186201,5
OVRPB,475,ok,5.5595386195,5
OVRPB,476,ok,6.9861952987,6
OVRPB,477,ok,6.3022859369,6
OVRPB,478,ok,6.2020255276,7
OVRPB,479,ok,6.0324165848,5
OVRPB,480,ok,6.3088461484,6
OVRPB,481,ok,6.5056310012,5
OVRPB,482,ok,6.0311916368,6
OVRPB,483,ok,6.3466413162,5
OVRPB,484,ok,6.2280006428,6
OVRPB,485,ok,6.3236996137,5
OVRPB,486,ok,6.6710913633,6
OVRPB,487,ok,5.8258820464,6
OVRPB,488,ok,6.9089296544,5
OVRPB,489,ok,6.6637484093,7
OVRPB,490,ok,6.3121696172,7
OVRPB,491,ok,7.0349624380,7
OVRPB,492,ok,6.6075850883,6
OVRPB,493,ok,6.2436322467,7
OVRPB,494,ok,6.4936586473,5
OVRPB,495,ok,7.1785428956,5
OVRPB,496,ok,6.9800364133,6
OVRPB,497,ok,7.2317322769,5
OVRPB,498,ok,7.5516946913,8
OVRPB,499,ok,6.4988465774,4
OVRPB,500,ok,6.5663623266,6
OVRPB,501,ok,6.4524556749,6
OVRPB,502,ok,6.7549371037,7
OVRPB,503,ok,6.0853869302,6
OVRPB,504,ok,5.6221939410,5
OVRPB,505,ok,6.3274233525,7
OVRPB,506,ok,6.7886655303,4
OVRPB,507,ok,6.4789985847,5
OVRPB,508,ok,6.0333342043,6
OVRPB,509,ok,6.4382102704,5
OVRPB,510,ok,6.5153321954,4
OVRPB,511,ok,7.4417599896,7
OVRPB,512,ok,6.7994011533,5
OVRPB,513,ok,6.5698742394,5
OVRPB,514,ok,6.4427378161,6
OVRPB,515,ok,6.2715667252,7
OVRPB,516,ok,6.3143536449,6
OVRPB,517,ok,7.8924586129,5
OVRPB,518,ok,6.5236750297,7
OVRPB,519,ok,6.7733134230,6
OVRPB,520,ok,6.5481225767,6
OVRPB,521,ok,6.5001539623,5
OVRPB,522,ok,5.8706527589,6
OVRPB,523,ok,6.5914231259,5
OVRPB,524,ok,6.2112972198,6
OVRPB,525,ok,7.6644436388,8
OVRPB,526,ok,6.9374853517,5
OVRPB,527,ok,6.4310432262,8
OVRPB,528,ok,6.8415488485,5
OVRPB,529,ok,5.9936501076,4
OVRPB,530,ok,6.2920064387,6
OVRPB,531,ok,6.5641289872,5
OVRPB,532,ok,6.8110938485,7
OVRPB,533,ok,6.5457841896,8
OVRPB,534,ok,6.3829676197,7
OVRPB,535,ok,7.3983915836,6
OVRPB,536,ok,6.4298699057,8
OVRPB,537,ok,6.8316134084,6
OVRPB,538,ok,6.4765532586,5
OVRPB,539,ok,6.2093896899,6
OVRPB,540,ok,6.0501411317,4
OVRPB,541,ok,6.1726210288,6
OVRPB,542,ok,7.0948463214,7
OVRPB,543,ok,6.8420701196,6
OVRPB,544,ok,7.1444018765,6
OVRPB,545,ok,6.3666542408,5
OVRPB,546,ok,6.7359349780,6
OVRPB,547,ok,6.4973382222,5
OVRPB,548,ok,6.8773338472,5
OVRPB,549,ok,6.1990637131,6
OVRPB,550,ok,6.6257633683,5
OVRPB,551,ok,7.5046189547,5
OVRPB,552,ok,6.7287565631,5
OVRPB,553,ok,7.3148191444,6
OVRPB,554,ok,7.5562210717,4
OVRPB,555,ok,5.8390974860,4
OVRPB,556,ok,6.7562909110,7
OVRPB,557,ok,7.0365340519,7
OVRPB,558,ok,5.6493341924,5
OVRPB,559,ok,6.4219155806,6
OVRPB,560,ok,6.2303479692,6
OVRPB,561,ok,6.7594494409,4
OVRPB,562,ok,7.2507330126,6
OVRPB,563,ok,6.8496480296,6
OVRPB,564,ok,6.8858260958,5
OVRPB,565,ok,6.9384484238,6
OVRPB,566,ok,6.1903779992,4
OVRPB,567,ok,5.7921467250,4
OVRPB,568,ok,7.0035348085,5
OVRPB,569,ok,7.0986045429,3
OVRPB,570,ok,5.7456409540,5
OVRPB,571,ok,5.9250036803,7
OVRPB,572,ok,6.4329555111,6
OVRPB,573,ok,6.3569824830,6
OVRPB,574,ok,6.7384288684,6
OVRPB,575,ok,5.9510270576,5
OVRPB,576,ok,6.3187185238,6
OVRPB,577,ok,6.2806370887,5
OVRPB,578,ok,7.3294733601,9
OVRPB,579,ok,6.7534566277,8
OVRPB,580,ok,6.5921531092,5
OVRPB,581,ok,6.2429215882,6
OVRPB,582,ok,6.0668977728,6
OVRPB,583,ok,6.4598932262,6
OVRPB,584,ok,6.1063022905,5
OVRPB,585,ok,5.6484685682,5
OVRPB,586,ok,6.7929427492,5
OVRPB,587,ok,6.2019354543,5
OVRPB,588,ok,7.2204375356,4
OVRPB,589,ok,7.3630581462,5
OVRPB,590,ok,6.0964745453,8
OVRPB,591,ok,7.2947714452,4
OVRPB,592,ok,6.4908743979,6
OVRPB,593,ok,7.2949985846,7
OVRPB,594,ok,6.9379498870,7
OVRPB,595,ok,6.0513609182,5
OVRPB,596,ok,6.2069781200,8
OVRPB,597,ok,6.0957863098,7
OVRPB,598,ok,6.4881317057,4
OVRPB,599,ok,6.5651976000,6
OVRPB,600,ok,6.0379866210,4
OVRPB,601,ok,6.7623610637,6
OVRPB,602,ok,6.3405047961,6
OVRPB,603,ok,5.5220937336,6
OVRPB,604,ok,6.6183052968,6
OVRPB,605,ok,7.7083332334,6
OVRPB,606,ok,6.7174467121,4
OVRPB,607,ok,5.7824788799,8
OVRPB,608,ok,6.0181294604,6
OVRPB,609,ok,6.8727019300,5
OVRPB,610,ok,6.9874441526,4
OVRPB,611,ok,6.8499080731,7
OVRPB,612,ok,5.9624155236,5
OVRPB,613,ok,6.1001035170,7
OVRPB,614,ok,6.2824575191,5
OVRPB,615,ok,6.7609787516,5
OVRPB,616,ok,5.9702244148,5
OVRPB,617,ok,6.5035405216,7
OVRPB,618,ok,6.0015907426,6
OVRPB,619,ok,7.0053429583,8
OVRPB,620,ok,6.0752955991,4
OVRPB,621,ok,6.7942265517,6
OVRPB,622,ok,6.2527599991,6
OVRPB,623,ok,5.3672335287,5
OVRPB,624,ok,6.6521411574,7
OVRPB,625,ok,7.2488093006,6
OVRPB,626,ok,6.1451898501,4
OVRPB,627,ok,6.6984375856,4
OVRPB,628,ok,7.1346248020,7
OVRPB,629,ok,6.5996452033,6
OVRPB,630,ok,7.7920877676,6
OVRPB,631,ok,6.3598818340,7
OVRPB,632,ok,6.5775078498,6
OVRPB,633,ok,7.4686025631,5
OVRPB,634,ok,6.4242807213,7
OVRPB,635,ok,7.1141760015,5
OVRPB,636,ok,6.7142622320,6
OVRPB,637,ok,6.3120737140,6
OVRPB,638,ok,6.8953802360,6
OVRPB,639,ok,7.2655982227,5
OVRPB,640,ok,6.8807542744,7
OVRPB,641,ok,6.8852660784,5
OVRPB,642,ok,7.0202688072,5
OVRPB,643,ok,7.4421183687,8
OVRPB,644,ok,7.3428761870,4
OVRPB,645,ok,7.0356602418,6
OVRPB,646,ok,6.0662171209,10
OVRPB,647,ok,6.2465025724,5
OVRPB,648,ok,6.1028876058,6
OVRPB,649,ok,7.2823369634,6
OVRPB,650,ok,7.0488309682,5
OVRPB,651,ok,5.5744833689,5
OVRPB,652,ok,6.7723756392,4
OVRPB,653,ok,6.1263618553,7
OVRPB,654,ok,6.2525896613,5
OVRPB,655,ok,6.8541719903,5
OVRPB,656,ok,7.9912190616,5
OVRPB,657,ok,6.1225124338,4
OVRPB,658,ok,6.1003518663,5
OVRPB,659,ok,6.6224871515,6
OVRPB,660,ok,6.1634813238,8
OVRPB,661,ok,6.1502630019,6
OVRPB,662,ok,6.8201716040,5
OVRPB,663,ok,5.5954077677,4
OVRPB,664,ok,5.9233005965,5
OVRPB,665,ok,6.4950612210,4
OVRPB,666,ok,6.5552879071,6
OVRPB,667,ok,6.1177617978,5
OVRPB,668,ok,6.1029592933,6
OVRPB,669,ok,6.1465258760,6
OVRPB,670,ok,6.0754209068,6
OVRPB,671,ok,6.6238184296,5
OVRPB,672,ok,6.0986108194,5
OVRPB,673,ok,6.3904790785,7
OVRPB,674,ok,7.3139505489,7
OVRPB,675,ok,6.5979282392,5
OVRPB,676,ok,6.9380348331,5
OVRPB,677,ok,7.4727231205,6
OVRPB,678,ok,6.3125178675,6
OVRPB,679,ok,5.7135665270,5
OVRPB,680,ok,7.9780165209,5
OVRPB,681,ok,6.6975827581,4
OVRPB,682,ok,6.7528365371,5
OVRPB,683,ok,6.4460798640,5
OVRPB,684,ok,6.9815173742,5
OVRPB,685,ok,7.1074299589,7
OVRPB,686,ok,6.1789693292,6
OVRPB,687,ok,6.9592423918,5
OVRPB,688,ok,7.5717502453,5
OVRPB,689,ok,6.7234570185,5
OVRPB,690,ok,7.2314364860,5
OVRPB,691,ok,6.1193792793,5
OVRPB,692,ok,6.1379341083,5
OVRPB,693,ok,6.3299854613,7
OVRPB,694,ok,6.5075842337,6
OVRPB,695,ok,7.3507515404,5
OVRPB,696,ok,6.3407748495,6
OVRPB,697,ok,6.1437322608,5
OVRPB,698,ok,7.2707994196,7
OVRPB,699,ok,5.9556621254,5
OVRPB,700,ok,5.8970569264,6
OVRPB,701,ok,7.4911361826,5
OVRPB,702,ok,5.7247922647,7
OVRPB,703,ok,7.3351044810,4
OVRPB,704,ok,6.7749598132,5
OVRPB,705,ok,7.0739648946,4
OVRPB,706,ok,6.9650890485,6
OVRPB,707,ok,7.6708573660,6
OVRPB,708,ok,7.3496275831,7
OVRPB,709,ok,6.4776891282,4
OVRPB,710,ok,6.2946384956,6
OVRPB,711,ok,5.9625054531,7
OVRPB,712,ok,6.4988381192,6
OVRPB,713,ok,6.0555275653,5
OVRPB,714,ok,6.7991440393,8
OVRPB,715,ok,7.0108165152,5
OVRPB,716,ok,6.1916425013,5
OVRPB,717,ok,7.1383966639,7
OVRPB,718,ok,7.0786186373,5
OVRPB,719,ok,6.4828169877,4
OVRPB,720,ok,5.6470437632,6
OVRPB,721,ok,6.3263354792,6
OVRPB,722,ok,6.8258448217,4
OVRPB,723,ok,5.7968604370,8
OVRPB,724,ok,6.3815256403,7
OVRPB,725,ok,6.6602989690,6
OVRPB,726,ok,6.8146236063,4
OVRPB,727,ok,6.7704749413,5
OVRPB,728,ok,6.8695835183,5
OVRPB,729,ok,6.8786765659,6
OVRPB,730,ok,7.7201657639,7
OVRPB,731,ok,6.5747962449,7
OVRPB,732,ok,7.2393681918,7
OVRPB,733,ok,6.1326431552,4
OVRPB,734,ok,6.7475704647,4
OVRPB,735,ok,7.1419458218,6
OVRPB,736,ok,7.0140766051,6
OVRPB,737,ok,5.9894010697,4
OVRPB,738,ok,6.1460105859,5
OVRPB,739,ok,6.5520655388,7
OVRPB,740,ok,6.2114485013,6
OVRPB,741,ok,6.8240711922,5
OVRPB,742,ok,6.7938905641,6
OVRPB,743,ok,6.7936536313,5
OVRPB,744,ok,6.3426756782,5
OVRPB,745,ok,6.7671489191,6
OVRPB,746,ok,6.3751433696,4
OVRPB,747,ok,6.5287936716,7
OVRPB,748,ok,6.2919735602,6
OVRPB,749,ok,7.0624974782,5
OVRPB,750,ok,7.4900425201,6
OVRPB,751,ok,6.6174049973,6
OVRPB,752,ok,6.6961742252,6
OVRPB,753,ok,6.2377758815,5
OVRPB,754,ok,6.3500233530,6
OVRPB,755,ok,6.7905134698,5
OVRPB,756,ok,5.8634868621,5
OVRPB,757,ok,6.9180947046,6
OVRPB,758,ok,6.4321302401,8
OVRPB,759,ok,6.4658981273,6
OVRPB,760,ok,5.9243645773,5
OVRPB,761,ok,6.6325497508,6
OVRPB,762,ok,7.1118529387,6
OVRPB,763,ok,7.0163930978,6
OVRPB,764,ok,6.8020643291,5
OVRPB,765,ok,6.9496494125,5
OVRPB,766,ok,5.9504914610,6
OVRPB,767,ok,6.6802904408,4
OVRPB,768,ok,6.8651158085,4
OVRPB,769,ok,6.7597499717,7
OVRPB,770,ok,6.6159116218,5
OVRPB,771,ok,6.8901722571,5
OVRPB,772,ok,7.1710868236,7
OVRPB,773,ok,6.4647301167,4
OVRPB,774,ok,6.9631220318,5
OVRPB,775,ok,6.5762403765,5
OVRPB,776,ok,7.0651608078,4
OVRPB,777,ok,5.9810262570,6
OVRPB,778,ok,7.0276737866,5
OVRPB,779,ok,7.6425924380,5
OVRPB,780,ok,6.2087664257,6
OVRPB,781,ok,6.7292697811,6
OVRPB,782,ok,6.9337973729,7
OVRPB,783,ok,6.8877278825,5
OVRPB,784,ok,6.7143844750,5
OVRPB,785,ok,5.8936117603,4
OVRPB,786,ok,7.2175897649,8
OVRPB,787,ok,5.7470302363,6
OVRPB,788,ok,6.2888093766,4
OVRPB,789,ok,7.0221861225,7
OVRPB,790,ok,6.7445140898,5
OVRPB,791,ok,6.1204821467,7
OVRPB,792,ok,7.0547452844,4
OVRPB,793,ok,6.7326426371,6
OVRPB,794,ok,6.4481552990,5
OVRPB,795,ok,6.4305639414,4
OVRPB,796,ok,6.3800399678,6
OVRPB,797,ok,6.6870691376,5
OVRPB,798,ok,6.7138795647,6
OVRPB,799,ok,6.3970646715,4
OVRPB,800,ok,6.1514087759,7
OVRPB,801,ok,6.6298288325,6
OVRPB,802,ok,7.0790799447,5
OVRPB,803,ok,6.6554243844,6
OVRPB,804,ok,6.0193172991,5
OVRPB,805,ok,5.8421169044,6
OVRPB,806,ok,6.8199275126,4
OVRPB,807,ok,6.7098864765,5
OVRPB,808,ok,6.5924146297,5
OVRPB,809,ok,7.0037831707,5
OVRPB,810,ok,6.1455510407,6
OVRPB,811,ok,7.0768676492,6
OVRPB,812,ok,5.3303622541,6
OVRPB,813,ok,5.9718916173,6
OVRPB,814,ok,6.3140019344,6
OVRPB,815,ok,6.1691009346,6
OVRPB,816,ok,6.7825459159,5
OVRPB,817,ok,7.2312524897,5
OVRPB,818,ok,6.9163410615,4
OVRPB,819,ok,6.0266503155,5
OVRPB,820,ok,6.3768637916,8
OVRPB,821,ok,6.3765061978,6
OVRPB,822,ok,5.6639780292,6
OVRPB,823,ok,7.2454547199,6
OVRPB,824,ok,6.8494300022,5
OVRPB,825,ok,6.9132330012,7
OVRPB,826,ok,6.4488781302,5
OVRPB,827,ok,7.2581427441,6
OVRPB,828,ok,7.0051840372,5
OVRPB,829,ok,6.2045993962,5
OVRPB,830,ok,6.7903340898,5
OVRPB,831,ok,6.2286196248,6
OVRPB,832,ok,7.6001867246,5
OVRPB,833,ok,6.1538425819,6
OVRPB,834,ok,5.7975213972,3
OVRPB,835,ok,6.5625694996,5
OVRPB,836,ok,6.1371874996,5
OVRPB,837,ok,7.4409463915,5
OVRPB,838,ok,7.7698900466,7
OVRPB,839,ok,6.5259024207,6
OVRPB,840,ok,6.3524383828,4
OVRPB,841,ok,7.4434781940,6
OVRPB,842,ok,6.0529682432,5
OVRPB,843,ok,6.3472378768,6
OVRPB,844,ok,6.6172266690,5
OVRPB,845,ok,6.5683167000,3
OVRPB,846,ok,5.9579509780,5
OVRPB,847,ok,6.6876283442,6
OVRPB,848,ok,6.7795842078,5
OVRPB,849,ok,6.2224085298,5
OVRPB,850,ok,5.7461681463,6
OVRPB,851,ok,6.0179614475,6
OVRPB,852,ok,6.6457446192,6
OVRPB,853,ok,6.6314613720,7
OVRPB,854,ok,6.2109957441,5
OVRPB,855,ok,6.6395407268,8
OVRPB,856,ok,6.5196846242,5
OVRPB,857,ok,6.4554996957,5
OVRPB,858,ok,6.2246820761,7
OVRPB,859,ok,6.0542640469,5
OVRPB,860,ok,7.5690491746,6
OVRPB,861,ok,6.2505904087,6
OVRPB,862,ok,6.5031974856,6
OVRPB,863,ok,6.0815734628,4
OVRPB,864,ok,6.6719979669,8
OVRPB,865,ok,7.0705453790,6
OVRPB,866,ok,6.7764497148,7
OVRPB,867,ok,6.2481474097,5
OVRPB,868,ok,6.3627449934,7
OVRPB,869,ok,7.2189161145,5
OVRPB,870,ok,7.0057148832,6
OVRPB,871,ok,6.0255295276,5
OVRPB,872,ok,7.0700544106,7
OVRPB,873,ok,6.4948970635,7
OVRPB,874,ok,6.7837605670,6
OVRPB,875,ok,6.5243816245,6
OVRPB,876,ok,7.6661788833,6
OVRPB,877,ok,7.1847940383,6
OVRPB,878,ok,6.6961606110,7
OVRPB,879,ok,6.7143466894,4
OVRPB,880,ok,7.0106284032,5
OVRPB,881,ok,6.2928343247,4
OVRPB,882,ok,5.6929021937,5
OVRPB,883,ok,6.6351865612,5
OVRPB,884,ok,7.3070576795,4
OVRPB,885,ok,6.8254807867,5
OVRPB,886,ok,6.2490894958,5
OVRPB,887,ok,6.4856139763,6
OVRPB,888,ok,5.8827543913,5
OVRPB,889,ok,5.8175929095,5
OVRPB,890,ok,6.0031925377,7
OVRPB,891,ok,6.9466174552,6
OVRPB,892,ok,7.7695762665,8
OVRPB,893,ok,6.5518857409,6
OVRPB,894,ok,6.2445970182,5
OVRPB,895,ok,6.3818657781,4
OVRPB,896,ok,6.0680212456,5
OVRPB,897,ok,6.7661835036,5
OVRPB,898,ok,5.7575457764,6
OVRPB,899,ok,6.2606614440,5
OVRPB,900,ok,6.0839503741,6
OVRPB,901,ok,6.2099049809,5
OVRPB,902,ok,6.0765205828,5
OVRPB,903,ok,5.8992933413,4
OVRPB,904,ok,6.3046217898,6
OVRPB,905,ok,6.7478598749,8
OVRPB,906,ok,5.8690427900,6
OVRPB,907,ok,7.9087736927,7
OVRPB,908,ok,6.6021923345,4
OVRPB,909,ok,6.0275039864,4
OVRPB,910,ok,6.8001271862,5
OVRPB,911,ok,6.5935525240,5
OVRPB,912,ok,6.2315178286,8
OVRPB,913,ok,6.8096282784,5
OVRPB,914,ok,6.0820995358,6
OVRPB,915,ok,5.4731397963,4
OVRPB,916,ok,6.8066733632,6
OVRPB,917,ok,6.0967570517,6
OVRPB,918,ok,6.0633310358,7
OVRPB,919,ok,6.1206598288,4
OVRPB,920,ok,6.3418484278,5
OVRPB,921,ok,5.9797759838,6
OVRPB,922,ok,6.2266448450,4
OVRPB,923,ok,6.7144194842,5
OVRPB,924,ok,7.2720567158,4
OVRPB,925,ok,5.9061947589,5
OVRPB,926,ok,6.2144497754,7
OVRPB,927,ok,5.8034620889,5
OVRPB,928,ok,6.5303549107,6
OVRPB,929,ok,6.3449470983,5
OVRPB,930,ok,6.5778381961,9
OVRPB,931,ok,6.7919441369,6
OVRPB,932,ok,5.7056483046,7
OVRPB,933,ok,7.2181284942,6
OVRPB,934,ok,6.2059871923,4
OVRPB,935,ok,6.9175133749,6
OVRPB,936,ok,6.0632184851,7
OVRPB,937,ok,6.5687173789,7
OVRPB,938,ok,5.9326487712,7
OVRPB,939,ok,6.3354918995,6
OVRPB,940,ok,7.2236571706,7
OVRPB,941,ok,5.6093344193,4
OVRPB,942,ok,6.7703453430,5
OVRPB,943,ok,4.9337126769,5
OVRPB,944,ok,5.9800009947,5
OVRPB,945,ok,5.9590202751,5
OVRPB,946,ok,7.2619949767,5
OVRPB,947,ok,5.7224041166,4
OVRPB,948,ok,6.1697332329,4
OVRPB,949,ok,6.3180153525,4
OVRPB,950,ok,5.6114145191,7
OVRPB,951,ok,7.0711857232,5
OVRPB,952,ok,5.8378235602,8
OVRPB,953,ok,7.2207210550,4
OVRPB,954,ok,6.3656755100,6
OVRPB,955,ok,6.9935076416,6
OVRPB,956,ok,7.2698027563,5
OVRPB,957,ok,7.0511432863,6
OVRPB,958,ok,7.0323951896,6
OVRPB,959,ok,6.1823935455,5
OVRPB,960,ok,6.3623242808,5
OVRPB,961,ok,5.7618756057,6
OVRPB,962,ok,7.4861898248,5
OVRPB,963,ok,6.5992359435,7
OVRPB,964,ok,5.5252562398,6
OVRPB,965,ok,6.2607848078,6
OVRPB,966,ok,7.2362467071,4
OVRPB,967,ok,6.1849402256,5
OVRPB,968,ok,6.4386994090,5
OVRPB,969,ok,6.7468354986,7
OVRPB,970,ok,6.6447784097,6
OVRPB,971,ok,5.6373972589,5
OVRPB,972,ok,5.9186742546,5
OVRPB,973,ok,6.7529730166,7
OVRPB,974,ok,7.0945127411,7
OVRPB,975,ok,6.5084190301,4
OVRPB,976,ok,6.4932796031,5
OVRPB,977,ok,6.9766817487,4
OVRPB,978,ok,6.7418200627,6
OVRPB,979,ok,6.9378047764,6
OVRPB,980,ok,7.5777272534,5
OVRPB,981,ok,6.0684139483,6
OVRPB,982,ok,5.8288600717,5
OVRPB,983,ok,6.2335631515,5
OVRPB,984,ok,6.3051648812,5
OVRPB,985,ok,7.4393717532,5
OVRPB,986,ok,6.0940475714,6
OVRPB,987,ok,6.4700354060,6
OVRPB,988,ok,6.7977662094,5
OVRPB,989,ok,6.0657491024,6
OVRPB,990,ok,6.2248755432,8
OVRPB,991,ok,6.4519418727,6
OVRPB,992,ok,7.8117339523,5
OVRPB,993,ok,6.2921032934,6
OVRPB,994,ok,6.8643053125,7
OVRPB,995,ok,7.3849679219,4
OVRPB,996,ok,6.2285863018,5
OVRPB,997,ok,6.4598630338,6
OVRPB,998,ok,7.2273534385,5
OVRPB,999,ok,6.7745776290,6
OVRPL,0,ok,7.8841571880,8
OVRPL,1,ok,8.2146885138,8
OVRPL,2,ok,6.5496524701,9
OVRPL,3,ok,6.6752873869,9
OVRPL,4,ok,8.1264818860,8
OVRPL,5,ok,6.1289175384,7
OVRPL,6,ok,7.7390199968,9
OVRPL,7,ok,6.9333746256,9
OVRPL,8,ok,7.4837365044,8
OVRPL,9,ok,6.7399695361,8
OVRPL,10,ok,7.1763028242,7
OVRPL,11,ok,6.5515709514,9
OVRPL,12,ok,6.8365058939,8
OVRPL,13,ok,6.4944038135,8
OVRPL,14,ok,6.6584492995,8
OVRPL,15,ok,6.2805497401,9
OVRPL,16,ok,6.8091836396,8
OVRPL,17,ok,8.2144838665,8
OVRPL,18,ok,6.9821100948,6
OVRPL,19,ok,8.2883063050,10
OVRPL,20,ok,8.1599925224,9
OVRPL,21,ok,7.9177565258,8
OVRPL,22,ok,8.4289761275,8
OVRPL,23,ok,8.0605028394,10
OVRPL,24,ok,7.1289892702,8
OVRPL,25,ok,6.7221422835,8
OVRPL,26,ok,7.0805346011,8
OVRPL,27,ok,6.5983972012,8
OVRPL,28,ok,7.6877498301,9
OVRPL,29,ok,6.5437728649,7
OVRPL,30,ok,6.5524849438,9
OVRPL,31,ok,7.1197101484,7
OVRPL,32,ok,9.1168007252,9
OVRPL,33,ok,8.4191242267,8
OVRPL,34,ok,7.2486755081,10
OVRPL,35,ok,7.7496193269,8
OVRPL,36,ok,6.5518531912,8
OVRPL,37,ok,9.1259875085,9
OVRPL,38,ok,7.9463760004,10
OVRPL,39,ok,6.9309539967,8
OVRPL,40,ok,7.2293286282,9
OVRPL,41,ok,7.0004222534,8
OVRPL,42,ok,7.0231667524,10
OVRPL,43,ok,7.8730144549,7
OVRPL,44,ok,6.3053054423,8
OVRPL,45,ok,8.9165767932,9
OVRPL,46,ok,8.1364600528,9
OVRPL,47,ok,7.4230531232,10
OVRPL,48,ok,7.4922666637,8
OVRPL,49,ok,6.3341797630,7
OVRPL,50,ok,6.6932469273,9
OVRPL,51,ok,8.0392221965,9
OVRPL,52,ok,6.1443615634,8
OVRPL,53,ok,6.5970947321,9
OVRPL,54,ok,7.8570894455,10
OVRPL,55,ok,6.5750746434,9
OVRPL,56,ok,6.8483197625,10
OVRPL,57,ok,8.1350673832,7
OVRPL,58,ok,7.2816967312,8
OVRPL,59,ok,7.3060139224,8
OVRPL,60,ok,7.6394645675,8
OVRPL,61,ok,6.3676517780,9
OVRPL,62,ok,7.9883735618,9
OVRPL,63,ok,6.5690942288,9
OVRPL,64,ok,7.1992132911,7
OVRPL,65,ok,7.6892745861,9
OVRPL,66,ok,7.7960886472,9
OVRPL,67,ok,6.9657224116,11
OVRPL,68,ok,7.0415152390,7
OVRPL,69,ok,6.8057165956,8
OVRPL,70,ok,7.1691319973,12
OVRPL,71,ok,6.9487658495,9
OVRPL,72,ok,6.3628902342,9
OVRPL,73,ok,7.7200010789,7
OVRPL,74,ok,6.9549579131,9
OVRPL,75,ok,7.5925675334,9
OVRPL,76,ok,6.5828594897,8
OVRPL,77,ok,5.8792436525,8
OVRPL,78,ok,8.2137552152,8
OVRPL,79,ok,8.1656962196,7
OVRPL,80,ok,8.0511516929,8
OVRPL,81,ok,6.4489023698,8
OVRPL,82,ok,7.4451859965,8
OVRPL,83,ok,6.9142393073,9
OVRPL,84,ok,6.8668119002,7
OVRPL,85,ok,7.1703937078,10
OVRPL,86,ok,6.4022186616,8
OVRPL,87,ok,6.6312430647,8
OVRPL,88,ok,6.1305985748,7
OVRPL,89,ok,6.5184594379,8
OVRPL,90,ok,7.7286086220,7
OVRPL,91,ok,6.9014170083,8
OVRPL,92,ok,7.1454438021,10
OVRPL,93,ok,7.1150594405,9
OVRPL,94,ok,6.3499277371,9
OVRPL,95,ok,6.8446238434,9
OVRPL,96,ok,7.9241593044,8
OVRPL,97,ok,6.9865763009,9
OVRPL,98,ok,8.0747622560,8
OVRPL,99,ok,8.0035181127,8
OVRPL,100,ok,7.1869827150,8
OVRPL,101,ok,7.1452087690,9
OVRPL,102,ok,7.2579147149,9
OVRPL,103,ok,6.2647525791,9
OVRPL,104,ok,8.8615765961,9
OVRPL,105,ok,8.1640897213,8
OVRPL,106,ok,6.8614535763,7
OVRPL,107,ok,5.9013676033,9
OVRPL,108,ok,7.6146046930,9
OVRPL,109,ok,7.1274508740,9
OVRPL,110,ok,6.0328150719,8
OVRPL,111,ok,7.4551982725,8
OVRPL,112,ok,6.1447548783,9
OVRPL,113,ok,6.2396054803,9
OVRPL,114,ok,6.6173486888,10
OVRPL,115,ok,7.1234406168,10
OVRPL,116,ok,8.3863775331,8
OVRPL,117,ok,6.4469806904,8
OVRPL,118,ok,7.4041650306,8
OVRPL,119,ok,6.9036620205,9
OVRPL,120,ok,7.7219472341,9
OVRPL,121,ok,6.7943016311,9
OVRPL,122,ok,7.9425690323,9
OVRPL,123,ok,7.6171123835,8
OVRPL,124,ok,6.7476529415,7
OVRPL,125,ok,7.8848007714,10
OVRPL,126,ok,6.8732220865,9
OVRPL,127,ok,6.6774317164,7
OVRPL,128,ok,6.0459454026,8
OVRPL,129,ok,6.5721825881,10
OVRPL,130,ok,7.0962309687,8
OVRPL,131,ok,8.2047008611,9
OVRPL,132,ok,6.3492446716,6
OVRPL,133,ok,7.2763336881,10
OVRPL,134,ok,7.8553436952,8
OVRPL,135,ok,6.6412065702,11
OVRPL,136,ok,8.1229560007,9
OVRPL,137,ok,7.2342338846,9
OVRPL,138,ok,7.5016730902,9
OVRPL,139,ok,7.1362473935,10
OVRPL,140,ok,8.5760612119,8
OVRPL,141,ok,7.2925689346,7
OVRPL,142,ok,8.0857975248,10
OVRPL,143,ok,7.8242993488,9
OVRPL,144,ok,9.1035486987,8
OVRPL,145,ok,6.9169573642,8
OVRPL,146,ok,8.2514489714,8
OVRPL,147,ok,6.3091942179,8
OVRPL,148,ok,7.3721978450,8
OVRPL,149,ok,6.6169596437,8
OVRPL,150,ok,6.9331180424,9
OVRPL,151,ok,7.2778114292,8
OVRPL,152,ok,7.9209790014,9
OVRPL,153,ok,7.0674425227,8
OVRPL,154,ok,6.6564477488,8
OVRPL,155,ok,6.0184857792,10
OVRPL,156,ok,6.5391337142,11
OVRPL,157,ok,6.9868404739,9
OVRPL,158,ok,6.8560451579,9
OVRPL,159,ok,7.2981054404,10
OVRPL,160,ok,7.2551515273,9
OVRPL,161,ok,7.3067145974,9
OVRPL,162,ok,7.9782904745,8
OVRPL,163,ok,6.7031958983,9
OVRPL,164,ok,6.5580575315,9
OVRPL,165,ok,6.2344568281,8
OVRPL,166,ok,7.2187949173,8
OVRPL,167,ok,7.7596621719,10
OVRPL,168,ok,7.7615636971,9
OVRPL,169,ok,7.8525683173,8
OVRPL,170,ok,6.2836765721,8
OVRPL,171,ok,7.0551152623,8
OVRPL,172,ok,7.2366071320,8
OVRPL,173,ok,7.6975501763,7
OVRPL,174,ok,6.5868411930,9
OVRPL,175,ok,7.8028879347,9
OVRPL,176,ok,8.1401306767,8
OVRPL,177,ok,8.0029104814,10
OVRPL,178,ok,7.3569111193,10
OVRPL,179,ok,7.1952714968,8
OVRPL,180,ok,6.8914063984,8
OVRPL,181,ok,6.7272631152,8
OVRPL,182,ok,6.8112577942,9
OVRPL,183,ok,8.4685862121,8
OVRPL,184,ok,6.5160764844,9
OVRPL,185,ok,8.1455119283,10
OVRPL,186,ok,7.0974519987,8
OVRPL,187,ok,6.9414511563,9
OVRPL,188,ok,6.4724561543,7
OVRPL,189,ok,6.0103604582,8
OVRPL,190,ok,6.6415440003,9
OVRPL,191,ok,6.2496396268,8
OVRPL,192,ok,7.6405797222,8
OVRPL,193,ok,6.4472694945,8
OVRPL,194,ok,6.1276578539,10
OVRPL,195,ok,6.5506916684,10
OVRPL,196,ok,7.1728016440,11
OVRPL,197,ok,7.3852279687,11
OVRPL,198,ok,6.7542983871,8
OVRPL,199,ok,8.7372406986,10
OVRPL,200,ok,7.3375385911,8
OVRPL,201,ok,7.0829395565,7
OVRPL,202,ok,7.5212919944,7
OVRPL,203,ok,7.9903635414,9
OVRPL,204,ok,7.8650922621,10
OVRPL,205,ok,7.3388420196,8
OVRPL,206,ok,7.3257765749,9
OVRPL,207,ok,9.1105984884,9
OVRPL,208,ok,7.0829709193,9
OVRPL,209,ok,6.9393874295,9
OVRPL,210,ok,7.4249289046,7
OVRPL,211,ok,6.4402006913,8
OVRPL,212,ok,8.2507790388,9
OVRPL,213,ok,7.9667810030,8
OVRPL,214,ok,6.6309979887,8
OVRPL,215,ok,6.6792069244,8
OVRPL,216,ok,6.8561038095,8
OVRPL,217,ok,8.0361700116,8
OVRPL,218,ok,7.7250332416,9
OVRPL,219,ok,6.1216129978,8
OVRPL,220,ok,6.1327913348,9
OVRPL,221,ok,7.5832848742,8
OVRPL,222,ok,6.9654559148,8
OVRPL,223,ok,6.9090337196,8
OVRPL,224,ok,7.6259443713,10
OVRPL,225,ok,7.9095614097,8
OVRPL,226,ok,7.3399759667,10
OVRPL,227,ok,6.6270708558,11
OVRPL,228,ok,7.5033627147,7
OVRPL,229,ok,7.6084140412,8
OVRPL,230,ok,7.1839661066,9
OVRPL,231,ok,7.0638019512,8
OVRPL,232,ok,6.5433347839,8
OVRPL,233,ok,8.7365477359,7
OVRPL,234,ok,5.8550497315,7
OVRPL,235,ok,6.7708567854,8
OVRPL,236,ok,7.1530044752,8
OVRPL,237,ok,8.2257975095,9
OVRPL,238,ok,8.1064773612,9
OVRPL,239,ok,7.1402330121,7
OVRPL,240,ok,8.1311209083,9
OVRPL,241,ok,6.2462986912,8
OVRPL,242,ok,7.1006383003,8
OVRPL,243,ok,7.4258620578,10
OVRPL,244,ok,7.7828443311,8
OVRPL,245,ok,7.2235652599,7
OVRPL,246,ok,7.0063033317,10
OVRPL,247,ok,7.2396456917,8
OVRPL,248,ok,7.8272754622,8
OVRPL,249,ok,7.1212505486,8
OVRPL,250,ok,7.4639588816,8
OVRPL,251,ok,7.1343127139,9
OVRPL,252,ok,6.8271459927,9
OVRPL,253,ok,7.7211583281,8
OVRPL,254,ok,6.2480239511,7
OVRPL,255,ok,8.5352536286,9
OVRPL,256,ok,7.1179944064,8
OVRPL,257,ok,8.0214886559,10
OVRPL,258,ok,7.6341959639,9
OVRPL,259,ok,8.0910263132,8
OVRPL,260,ok,7.4377159956,10
OVRPL,261,ok,7.1797727241,8
OVRPL,262,ok,7.2607720079,9
OVRPL,263,ok,7.0888996964,9
OVRPL,264,ok,8.3314721285,8
OVRPL,265,ok,7.1200241150,8
OVRPL,266,ok,7.1379231364,7
OVRPL,267,ok,7.2690472773,9
OVRPL,268,ok,6.7977266099,8
OVRPL,269,ok,6.8802489611,9
OVRPL,270,ok,6.9595309120,11
OVRPL,271,ok,6.6176243642,9
OVRPL,272,ok,7.4491257935,10
OVRPL,273,ok,8.3024435074,8
OVRPL,274,ok,7.6960119570,9
OVRPL,275,ok,7.3330298399,9
OVRPL,276,ok,6.2268662291,8
OVRPL,277,ok,8.8747949969,8
OVRPL,278,ok,7.9122895260,7
OVRPL,279,ok,5.8345187409,8
OVRPL,280,ok,7.0094696151,8
OVRPL,281,ok,7.4606341062,7
OVRPL,282,ok,7.3442063458,10
OVRPL,283,ok,6.4527991699,7
OVRPL,284,ok,6.8315573145,8
OVRPL,285,ok,7.1855895640,9
OVRPL,286,ok,8.0900001648,8
OVRPL,287,ok,6.2711748162,8
OVRPL,288,ok,7.0834880870,8
OVRPL,289,ok,8.2106390755,8
OVRPL,290,ok,8.3613998645,8
OVRPL,291,ok,7.4546634700,8
OVRPL,292,ok,8.2318449142,8
OVRPL,293,ok,8.0909704204,8
OVRPL,294,ok,7.4520671636,10
OVRPL,295,ok,7.4749182867,7
OVRPL,296,ok,6.6050905057,9
OVRPL,297,ok,6.7679903705,10
OVRPL,298,ok,6.8943973274,9
OVRPL,299,ok,6.8683987290,7
OVRPL,300,ok,6.3212283383,7
OVRPL,301,ok,6.6837638713,8
OVRPL,302,ok,7.4706255853,9
OVRPL,303,ok,6.6999678099,10
OVRPL,304,ok,7.9944088135,7
OVRPL,305,ok,8.0515795290,8
OVRPL,306,ok,7.8433225761,8
OVRPL,307,ok,7.1856222995,9
OVRPL,308,ok,5.9839514740,9
OVRPL,309,ok,7.6916481829,8
OVRPL,310,ok,6.6125330331,8
OVRPL,311,ok,7.0805962208,9
OVRPL,312,ok,6.6074322378,8
OVRPL,313,ok,7.5330753303,8
OVRPL,314,ok,6.9104519239,7
OVRPL,315,ok,8.0102680600,10
OVRPL,316,ok,6.9836615486,8
OVRPL,317,ok,7.3832379870,7
OVRPL,318,ok,6.4822488821,7
OVRPL,319,ok,7.6600618569,9
OVRPL,320,ok,7.8795125903,8
OVRPL,321,ok,6.5258729561,8
OVRPL,322,ok,6.9593073576,7
OVRPL,323,ok,6.3740048399,8
OVRPL,324,ok,8.0811906807,8
OVRPL,325,ok,6.6764652871,8
OVRPL,326,ok,8.4842532006,8
OVRPL,327,ok,7.1877028646,8
OVRPL,328,ok,7.6990597563,8
OVRPL,329,ok,7.9993227783,8
OVRPL,330,ok,7.5446038875,8
OVRPL,331,ok,8.2134750568,8
OVRPL,332,ok,8.0638848775,8
OVRPL,333,ok,7.7075665157,8
OVRPL,334,ok,7.2663080935,9
OVRPL,335,ok,6.8977066970,9
OVRPL,336,ok,6.2318222829,8
OVRPL,337,ok,8.0267802328,11
OVRPL,338,ok,6.8052399693,7
OVRPL,339,ok,6.5446054499,8
OVRPL,340,ok,7.1229666419,8
OVRPL,341,ok,7.9149635384,10
OVRPL,342,ok,6.5072395243,9
OVRPL,343,ok,8.1699546808,9
OVRPL,344,ok,6.7985265121,9
OVRPL,345,ok,7.1750100733,10
OVRPL,346,ok,8.9818181482,7
OVRPL,347,ok,7.1527629147,10
OVRPL,348,ok,6.3961507319,8
OVRPL,349,ok,6.7764290824,9
OVRPL,350,ok,6.3595349843,8
OVRPL,351,ok,8.2125066120,9
OVRPL,352,ok,6.6325933953,10
OVRPL,353,ok,8.6412525683,8
OVRPL,354,ok,8.4133527638,8
OVRPL,355,ok,7.0987222862,8
OVRPL,356,ok,6.2960572265,8
OVRPL,357,ok,7.2102988640,9
OVRPL,358,ok,7.3809715060,10
OVRPL,359,ok,6.3990205404,9
OVRPL,360,ok,6.2140619558,8
OVRPL,361,ok,6.6989570095,7
OVRPL,362,ok,7.4759523001,7
OVRPL,363,ok,6.4110971804,9
OVRPL,364,ok,7.5573772248,8
OVRPL,365,ok,7.3315042438,9
OVRPL,366,ok,6.8009007565,8
OVRPL,367,ok,7.5629334588,8
OVRPL,368,ok,6.9689704043,9
OVRPL,369,ok,8.1413513209,9
OVRPL,370,ok,6.8963833960,10
OVRPL,371,ok,7.1727378116,9
OVRPL,372,ok,7.3450935549,8
OVRPL,373,ok,6.4749980892,7
OVRPL,374,ok,7.2758758910,8
OVRPL,375,ok,6.8539864471,7
OVRPL,376,ok,5.7981971479,7
OVRPL,377,ok,9.1740541702,8
OVRPL,378,ok,8.4297849727,9
OVRPL,379,ok,6.7112543557,10
OVRPL,380,ok,6.3029039537,8
OVRPL,381,ok,6.3003553960,10
OVRPL,382,ok,8.2175733860,9
OVRPL,383,ok,7.8533230980,8
OVRPL,384,ok,7.2240920790,9
OVRPL,385,ok,7.5233521422,9
OVRPL,386,ok,6.9108568679,9
OVRPL,387,ok,7.5847855116,7
OVRPL,388,ok,7.6588841055,8
OVRPL,389,ok,7.9426746672,8
OVRPL,390,ok,8.1638588370,8
OVRPL,391,ok,6.6970095479,8
OVRPL,392,ok,6.7336064346,8
OVRPL,393,ok,7.7378154043,7
OVRPL,394,ok,6.7153449707,8
OVRPL,395,ok,7.0354213048,9
OVRPL,396,ok,8.3951743386,13
OVRPL,397,ok,7.7245083409,9
OVRPL,398,ok,8.2309265260,9
OVRPL,399,ok,6.5637917240,8
OVRPL,400,ok,8.1017363662,7
OVRPL,401,ok,7.5996263228,7
OVRPL,402,ok,6.9608541898,9
OVRPL,403,ok,8.6932898272,8
OVRPL,404,ok,7.4269876021,10
OVRPL,405,ok,7.1395279697,9
OVRPL,406,ok,7.4898509651,9
OVRPL,407,ok,7.6405881403,8
OVRPL,408,ok,6.4540198341,10
OVRPL,409,ok,6.0251325099,7
OVRPL,410,ok,7.6743101937,8
OVRPL,411,ok,7.0760773860,11
OVRPL,412,ok,8.1083006319,7
OVRPL,413,ok,7.6808246309,9
OVRPL,414,ok,8.1535359911,9
OVRPL,415,ok,6.2454030130,7
OVRPL,416,ok,6.5078742439,9
OVRPL,417,ok,6.0797903246,8
OVRPL,418,ok,8.5922889820,9
OVRPL,419,ok,7.1469410113,9
OVRPL,420,ok,6.9692140999,8
OVRPL,421,ok,7.5189027770,10
OVRPL,422,ok,6.6092486375,9
OVRPL,423,ok,8.0240006369,8
OVRPL,424,ok,7.7406947063,9
OVRPL,425,ok,6.7413757395,9
OVRPL,426,ok,6.4846140193,9
OVRPL,427,ok,7.1757664195,8
OVRPL,428,ok,7.8221864810,8
OVRPL,429,ok,7.4418072694,7
OVRPL,430,ok,7.5391856291,7
OVRPL,431,ok,7.8565758951,7
OVRPL,432,ok,7.4548824491,9
OVRPL,433,ok,7.1719956922,9
OVRPL,434,ok,6.8754670597,8
OVRPL,435,ok,6.6670141707,9
OVRPL,436,ok,6.7278122336,9
OVRPL,437,ok,6.5854240348,9
OVRPL,438,ok,7.4243490939,8
OVRPL,439,ok,7.7153927366,9
OVRPL,440,ok,7.5151248899,8
OVRPL,441,ok,5.9300288126,8
OVRPL,442,ok,8.2538773446,8
OVRPL,443,ok,6.5198033725,8
OVRPL,444,ok,7.9113411269,9
OVRPL,445,ok,8.2944465522,7
OVRPL,446,ok,7.1543225787,9
OVRPL,447,ok,8.2560741444,8
OVRPL,448,ok,7.2043374314,8
OVRPL,449,ok,7.1103395189,9
OVRPL,450,ok,7.3396356982,8
OVRPL,451,ok,6.8929662795,9
OVRPL,452,ok,7.3552366799,11
OVRPL,453,ok,7.7492861028,9
OVRPL,454,ok,7.1546703983,11
OVRPL,455,ok,7.9248971420,9
OVRPL,456,ok,6.0211009829,8
OVRPL,457,ok,8.3585941716,8
OVRPL,458,ok,6.5292910609,8
OVRPL,459,ok,6.3131853475,9
OVRPL,460,ok,6.2720354018,10
OVRPL,461,ok,8.1153639515,7
OVRPL,462,ok,7.5177981291,8
OVRPL,463,ok,8.6300057431,8
OVRPL,464,ok,8.6709310564,9
OVRPL,465,ok,6.7269053079,9
OVRPL,466,ok,7.7127260561,9
OVRPL,467,ok,6.7449742995,9
OVRPL,468,ok,8.0891784126,9
OVRPL,469,ok,6.3375171233,8
OVRPL,470,ok,6.7221377566,7
OVRPL,471,ok,6.1255656336,10
OVRPL,472,ok,7.8427124496,9
OVRPL,473,ok,6.6391525297,9
OVRPL,474,ok,6.4285370620,9
OVRPL,475,ok,8.3279677026,9
OVRPL,476,ok,6.8709116408,8
OVRPL,477,ok,7.7002338628,7
OVRPL,478,ok,6.2370553336,9
OVRPL,479,ok,6.7371566308,7
OVRPL,480,ok,6.5286856719,8
OVRPL,481,ok,6.3937663518,8
OVRPL,482,ok,6.4262736322,9
OVRPL,483,ok,7.2851071290,9
OVRPL,484,ok,8.3694482895,10
OVRPL,485,ok,8.6337667536,9
OVRPL,486,ok,6.9083084105,10
OVRPL,487,ok,7.0189845604,9
OVRPL,488,ok,7.4377523105,8
OVRPL,489,ok,7.3020565253,8
OVRPL,490,ok,7.2420061244,9
OVRPL,491,ok,7.2870738939,10
OVRPL,492,ok,6.1686884983,8
OVRPL,493,ok,7.7448366585,8
OVRPL,494,ok,6.7485552623,10
OVRPL,495,ok,6.9049151957,7
OVRPL,496,ok,7.3395158811,9
OVRPL,497,ok,7.7230254311,9
OVRPL,498,ok,7.1784356344,9
OVRPL,499,ok,7.5684231775,7
OVRPL,500,ok,7.0998308351,7
OVRPL,501,ok,7.8167520829,8
OVRPL,502,ok,8.9926711136,8
OVRPL,503,ok,7.5789215752,9
OVRPL,504,ok,6.6558890375,9
OVRPL,505,ok,6.5052832647,9
OVRPL,506,ok,7.3890474766,9
OVRPL,507,ok,7.8027934852,8
OVRPL,508,ok,7.6481394828,8
OVRPL,509,ok,8.3272306625,9
OVRPL,510,ok,7.5442707167,7
OVRPL,511,ok,7.5658810556,9
OVRPL,512,ok,6.7908447637,9
OVRPL,513,ok,6.7564621618,7
OVRPL,514,ok,6.3459798083,8
OVRPL,515,ok,6.2554949533,8
OVRPL,516,ok,6.1419374071,9
OVRPL,517,ok,5.6971680337,6
OVRPL,518,ok,5.5834326069,8
OVRPL,519,ok,7.5137884409,8
OVRPL,520,ok,7.7096017045,9
OVRPL,521,ok,7.0276925989,7
OVRPL,522,ok,6.2509878534,9
OVRPL,523,ok,8.1291195040,10
OVRPL,524,ok,7.6626264564,7
OVRPL,525,ok,6.8465024975,7
OVRPL,526,ok,7.3221258302,8
OVRPL,527,ok,6.3342595408,8
OVRPL,528,ok,7.7555372271,8
OVRPL,529,ok,7.1101597094,9
OVRPL,530,ok,5.8047955115,9
OVRPL,531,ok,7.9819488796,9
OVRPL,532,ok,6.2108365691,10
OVRPL,533,ok,6.2577872630,9
OVRPL,534,ok,7.5408727953,7
OVRPL,535,ok,6.2988806633,9
OVRPL,536,ok,6.3991272819,9
OVRPL,537,ok,7.2385818963,7
OVRPL,538,ok,7.4955608694,9
OVRPL,539,ok,8.5810813265,9
OVRPL,540,ok,7.2221513469,8
OVRPL,541,ok,6.4554465262,8
OVRPL,542,ok,6.5538765020,9
OVRPL,543,ok,7.6731420518,8
OVRPL,544,ok,7.7565646602,9
OVRPL,545,ok,9.2567642825,9
OVRPL,546,ok,8.2156326766,9
OVRPL,547,ok,6.9458122020,9
OVRPL,548,ok,7.6148451942,9
OVRPL,549,ok,6.6501357668,9
OVRPL,550,ok,7.5394899857,10
OVRPL,551,ok,6.2754285104,8
OVRPL,552,ok,7.3404906170,10
OVRPL,553,ok,6.9336455002,9
OVRPL,554,ok,7.7738258371,8
OVRPL,555,ok,6.4675653786,7
OVRPL,556,ok,7.2666776517,8
OVRPL,557,ok,6.2261954730,8
OVRPL,558,ok,6.4384271419,7
OVRPL,559,ok,6.9790135360,9
OVRPL,560,ok,7.3593640830,12
OVRPL,561,ok,8.4873031791,8
OVRPL,562,ok,7.1238826605,7
OVRPL,563,ok,6.8897090761,9
OVRPL,564,ok,7.3641227779,9
OVRPL,565,ok,7.3784266743,10
OVRPL,566,ok,6.4174315881,10
OVRPL,567,ok,7.4566792313,9
OVRPL,568,ok,7.1278656412,9
OVRPL,569,ok,8.0949736307,9
OVRPL,570,ok,6.6923106042,10
OVRPL,571,ok,6.8024203298,10
OVRPL,572,ok,7.0551919450,9
OVRPL,573,ok,7.4240264834,10
OVRPL,574,ok,6.8933712007,9
OVRPL,575,ok,6.8404428804,9
OVRPL,576,ok,7.5479828293,8
OVRPL,577,ok,6.4155494233,8
OVRPL,578,ok,7.2049578543,9
OVRPL,579,ok,6.8492164279,8
OVRPL,580,ok,8.5720819669,8
OVRPL,581,ok,6.4228609544,11
OVRPL,582,ok,6.5495252704,7
OVRPL,583,ok,6.4214380309,8
OVRPL,584,ok,8.4017946786,7
OVRPL,585,ok,7.7075194367,9
OVRPL,586,ok,6.4993241140,9
OVRPL,587,ok,8.8731887440,8
OVRPL,588,ok,7.0618375506,9
OVRPL,589,ok,7.3875934282,8
OVRPL,590,ok,6.4133652872,10
OVRPL,591,ok,6.4803369662,10
OVRPL,592,ok,7.0732680096,9
OVRPL,593,ok,7.7800651411,8
OVRPL,594,ok,7.0065671249,9
OVRPL,595,ok,7.7986128065,8
OVRPL,596,ok,5.9326831355,8
OVRPL,597,ok,7.5211552820,10
OVRPL,598,ok,6.6402000894,9
OVRPL,599,ok,7.2119268024,10
OVRPL,600,ok,6.7696226170,7
OVRPL,601,ok,8.1371967139,10
OVRPL,602,ok,8.3050015451,8
OVRPL,603,ok,7.0103151544,9
OVRPL,604,ok,6.9231865003,8
OVRPL,605,ok,7.2505530013,9
OVRPL,606,ok,5.6403511598,8
OVRPL,607,ok,6.6178618531,10
OVRPL,608,ok,7.2464072745,8
OVRPL,609,ok,8.6946437640,8
OVRPL,610,ok,6.8544820618,7
OVRPL,611,ok,7.3287901233,8
OVRPL,612,ok,7.1191700994,9
OVRPL,613,ok,6.5490780261,10
OVRPL,614,ok,6.6017652639,9
OVRPL,615,ok,6.1113694226,9
OVRPL,616,ok,6.7732430176,8
OVRPL,617,ok,8.3204338073,9
OVRPL,618,ok,6.6577568836,8
OVRPL,619,ok,7.2168249517,8
OVRPL,620,ok,6.1342031247,7
OVRPL,621,ok,6.5435711415,9
OVRPL,622,ok,7.7496902216,9
OVRPL,623,ok,7.2163398183,9
OVRPL,624,ok,7.1468070089,8
OVRPL,625,ok,7.8935215535,8
OVRPL,626,ok,6.0088900494,7
OVRPL,627,ok,6.3748285321,8
OVRPL,628,ok,6.9271108503,9
OVRPL,629,ok,6.8254762252,9
OVRPL,630,ok,6.9518601992,9
OVRPL,631,ok,6.5896859340,7
OVRPL,632,ok,7.9536363469,8
OVRPL,633,ok,8.7028787891,8
OVRPL,634,ok,7.1650643737,9
OVRPL,635,ok,9.0017260873,8
OVRPL,636,ok,7.5847167584,8
OVRPL,637,ok,6.9108673615,8
OVRPL,638,ok,7.1587062288,8
OVRPL,639,ok,6.7895623570,9
OVRPL,640,ok,6.4496647040,8
OVRPL,641,ok,7.0310935272,10
OVRPL,642,ok,7.7646277912,6
OVRPL,643,ok,6.0901893662,9
OVRPL,644,ok,7.2044435166,9
OVRPL,645,ok,7.4843175849,9
OVRPL,646,ok,6.8799201754,8
OVRPL,647,ok,6.7044240367,7
OVRPL,648,ok,6.9106768049,9
OVRPL,649,ok,7.2030083643,8
OVRPL,650,ok,6.5056313037,8
OVRPL,651,ok,6.7672524570,8
OVRPL,652,ok,6.9234787317,8
OVRPL,653,ok,7.1240251233,9
OVRPL,654,ok,7.1740274407,10
OVRPL,655,ok,7.0565922983,7
OVRPL,656,ok,6.0628022150,7
OVRPL,657,ok,7.1723819520,9
OVRPL,658,ok,6.9628053825,8
OVRPL,659,ok,7.9921453949,8
OVRPL,660,ok,7.3743194127,7
OVRPL,661,ok,6.8691628302,8
OVRPL,662,ok,7.7370627566,9
OVRPL,663,ok,6.4303030027,7
OVRPL,664,ok,9.3947962221,7
OVRPL,665,ok,6.5368902689,8
OVRPL,666,ok,6.6514101138,9
OVRPL,667,ok,6.4339227650,9
OVRPL,668,ok,7.2493686009,8
OVRPL,669,ok,6.9577996883,9
OVRPL,670,ok,7.3234817013,9
OVRPL,671,ok,7.8411353293,9
OVRPL,672,ok,7.9598667927,8
OVRPL,673,ok,7.5628323456,9
OVRPL,674,ok,7.4647909928,9
OVRPL,675,ok,7.3013530080,8
OVRPL,676,ok,6.8643549351,7
OVRPL,677,ok,6.7689699110,10
OVRPL,678,ok,6.5733300061,9
OVRPL,679,ok,7.4672296580,7
OVRPL,680,ok,6.9954376401,8
OVRPL,681,ok,6.1148765179,9
OVRPL,682,ok,7.6468543402,9
OVRPL,683,ok,7.0048503227,9
OVRPL,684,ok,7.1921571955,9
OVRPL,685,ok,7.2995498728,8
OVRPL,686,ok,6.7782915884,9
OVRPL,687,ok,6.3954902263,7
OVRPL,688,ok,6.6513184098,8
OVRPL,689,ok,8.1614507672,9
OVRPL,690,ok,6.8180795169,8
OVRPL,691,ok,7.9525853046,9
OVRPL,692,ok,6.6356185745,9
OVRPL,693,ok,6.3009695060,9
OVRPL,694,ok,6.9880948790,8
OVRPL,695,ok,7.0254503766,10
OVRPL,696,ok,6.7626964908,10
OVRPL,697,ok,6.9608521397,7
OVRPL,698,ok,7.0154180219,8
OVRPL,699,ok,7.8238883383,10
OVRPL,700,ok,7.1746362181,9
OVRPL,701,ok,7.6832858396,11
OVRPL,702,ok,7.2144553883,9
OVRPL,703,ok,6.9433520676,9
OVRPL,704,ok,8.8712639220,8
OVRPL,705,ok,8.0810624714,8
OVRPL,706,ok,7.6121498437,7
OVRPL,707,ok,6.5314097249,8
OVRPL,708,ok,7.0657874218,9
OVRPL,709,ok,7.5886759812,9
OVRPL,710,ok,6.2113080471,9
OVRPL,711,ok,7.5519376235,8
OVRPL,712,ok,8.1312315450,8
OVRPL,713,ok,6.8292133768,10
OVRPL,714,ok,7.2441109472,8
OVRPL,715,ok,6.5922840063,8
OVRPL,716,ok,7.9305749299,10
OVRPL,717,ok,6.9891622883,8
OVRPL,718,ok,7.4382017551,8
OVRPL,719,ok,7.2924694488,10
OVRPL,720,ok,7.6618695330,9
OVRPL,721,ok,9.0097510703,8
OVRPL,722,ok,7.5415492321,8
OVRPL,723,ok,8.3437058166,9
OVRPL,724,ok,6.4508262097,9
OVRPL,725,ok,7.8964452339,9
OVRPL,726,ok,6.8250343656,9
OVRPL,727,ok,7.1186596368,9
OVRPL,728,ok,6.6630232916,10
OVRPL,729,ok,8.1714680202,9
OVRPL,730,ok,8.8233271972,8
OVRPL,731,ok,6.8231479994,7
OVRPL,732,ok,7.0111696527,8
OVRPL,733,ok,6.2789390870,7
OVRPL,734,ok,7.6032142373,8
OVRPL,735,ok,6.0545546103,8
OVRPL,736,ok,8.3288022125,8
OVRPL,737,ok,6.2140598150,8
OVRPL,738,ok,7.2226795999,9
OVRPL,739,ok,7.2157193748,9
OVRPL,740,ok,7.8263801147,9
OVRPL,741,ok,6.3522195041,9
OVRPL,742,ok,7.6370589722,7
OVRPL,743,ok,7.2885483660,9
OVRPL,744,ok,7.4615831856,8
OVRPL,745,ok,6.7007166451,8
OVRPL,746,ok,7.4415065694,10
OVRPL,747,ok,6.6273782405,9
OVRPL,748,ok,6.8683706445,8
OVRPL,749,ok,7.8541453462,9
OVRPL,750,ok,7.6859684880,7
OVRPL,751,ok,8.3802671442,8
OVRPL,752,ok,7.5370875805,8
OVRPL,753,ok,7.1261204220,9
OVRPL,754,ok,7.2337700330,9
OVRPL,755,ok,6.8723681304,9
OVRPL,756,ok,6.4880501645,8
OVRPL,757,ok,7.7157646648,8
OVRPL,758,ok,7.5944397981,10
OVRPL,759,ok,7.8923574043,8
OVRPL,760,ok,7.3045754851,9
OVRPL,761,ok,7.6387371780,8
OVRPL,762,ok,8.0828807888,9
OVRPL,763,ok,7.6821654316,9
OVRPL,764,ok,7.4702734976,10
OVRPL,765,ok,6.4521586844,9
OVRPL,766,ok,5.7328019480,8
OVRPL,767,ok,6.8116631894,8
OVRPL,768,ok,7.1030681575,10
OVRPL,769,ok,7.9001596805,8
OVRPL,770,ok,7.3838020612,9
OVRPL,771,ok,6.8011691199,8
OVRPL,772,ok,7.3730957760,9
OVRPL,773,ok,7.3838819836,8
OVRPL,774,ok,6.9976714309,9
OVRPL,775,ok,7.3850996848,9
OVRPL,776,ok,7.0527091924,10
OVRPL,777,ok,7.3049497903,8
OVRPL,778,ok,6.2347544069,7
OVRPL,779,ok,7.5984487237,10
OVRPL,780,ok,7.9319052716,9
OVRPL,781,ok,8.1906345642,8
OVRPL,782,ok,6.9236693941,8
OVRPL,783,ok,7.9671543200,8
OVRPL,784,ok,7.5172026895,10
OVRPL,785,ok,8.7644778929,8
OVRPL,786,ok,8.2664169885,8
OVRPL,787,ok,7.2359658677,9
OVRPL,788,ok,6.7174936854,9
OVRPL,789,ok,7.3606218954,7
OVRPL,790,ok,5.6171338743,8
OVRPL,791,ok,7.7308019297,9
OVRPL,792,ok,6.4820933108,8
OVRPL,793,ok,7.3491069384,8
OVRPL,794,ok,6.5185068486,9
OVRPL,795,ok,8.2910566577,10
OVRPL,796,ok,6.2002837004,9
OVRPL,797,ok,7.4072913769,8
OVRPL,798,ok,6.7757449964,8
OVRPL,799,ok,7.1998996192,10
OVRPL,800,ok,8.2803732377,8
OVRPL,801,ok,7.2545696337,8
OVRPL,802,ok,6.4658296909,9
OVRPL,803,ok,7.2044820398,10
OVRPL,804,ok,8.2254610858,9
OVRPL,805,ok,7.0515491471,10
OVRPL,806,ok,6.8281809705,10
OVRPL,807,ok,7.2640815135,10
OVRPL,808,ok,7.5405596435,11
OVRPL,809,ok,6.0982786466,9
OVRPL,810,ok,6.6500393334,9
OVRPL,811,ok,6.1606129504,9
OVRPL,812,ok,7.2798549426,6
OVRPL,813,ok,7.6754425679,9
OVRPL,814,ok,6.6009039149,9
OVRPL,815,ok,7.5054061364,10
OVRPL,816,ok,7.8166401961,8
OVRPL,817,ok,7.1743964432,9
OVRPL,818,ok,7.7002625406,9
OVRPL,819,ok,7.7467504550,8
OVRPL,820,ok,6.4942630869,8
OVRPL,821,ok,8.5833444744,7
OVRPL,822,ok,7.7805666052,7
OVRPL,823,ok,7.4823768763,8
OVRPL,824,ok,6.6576235387,10
OVRPL,825,ok,7.7325348936,7
OVRPL,826,ok,8.3872673592,8
OVRPL,827,ok,7.0140816236,9
OVRPL,828,ok,7.7937812480,8
OVRPL,829,ok,7.4647249079,11
OVRPL,830,ok,6.5661168754,8
OVRPL,831,ok,6.7658085827,8
OVRPL,832,ok,6.4175136125,9
OVRPL,833,ok,6.7076738786,8
OVRPL,834,ok,7.5376686168,8
OVRPL,835,ok,6.5966209340,9
OVRPL,836,ok,6.8924909511,9
OVRPL,837,ok,6.2830148841,8
OVRPL,838,ok,6.5827955754,7
OVRPL,839,ok,7.9316544173,10
OVRPL,840,ok,6.1306948880,9
OVRPL,841,ok,6.8627150718,9
OVRPL,842,ok,6.6463916533,9
OVRPL,843,ok,7.5600653976,8
OVRPL,844,ok,7.0956898710,8
OVRPL,845,ok,7.5170991134,8
OVRPL,846,ok,6.3876048777,7
OVRPL,847,ok,7.2300277855,7
OVRPL,848,ok,7.0261486088,8
OVRPL,849,ok,7.2788637899,9
OVRPL,850,ok,6.0887960877,8
OVRPL,851,ok,6.7087354505,9
OVRPL,852,ok,6.7021727442,8
OVRPL,853,ok,6.9023382867,8
OVRPL,854,ok,6.0376622656,8
OVRPL,855,ok,7.6691879176,9
OVRPL,856,ok,6.7725508123,9
OVRPL,857,ok,7.5211519434,10
OVRPL,858,ok,6.3611690361,10
OVRPL,859,ok,7.2442216022,7
OVRPL,860,ok,6.3913474135,8
OVRPL,861,ok,8.8405535020,7
OVRPL,862,ok,7.1744175503,8
OVRPL,863,ok,8.1731936008,10
OVRPL,864,ok,7.6750706308,11
OVRPL,865,ok,7.0668331024,10
OVRPL,866,ok,6.7766700251,8
OVRPL,867,ok,7.7929380022,7
OVRPL,868,ok,8.3838792842,9
OVRPL,869,ok,7.9186714082,8
OVRPL,870,ok,6.9468166793,8
OVRPL,871,ok,7.1777972358,9
OVRPL,872,ok,7.1543999734,8
OVRPL,873,ok,6.1697780943,7
OVRPL,874,ok,7.3002764973,9
OVRPL,875,ok,7.5292356294,7
OVRPL,876,ok,6.8859392902,7
OVRPL,877,ok,7.8804109308,10
OVRPL,878,ok,6.0886481746,9
OVRPL,879,ok,7.0568767046,10
OVRPL,880,ok,7.2102643481,10
OVRPL,881,ok,6.9381641059,9
OVRPL,882,ok,7.5275091614,9
OVRPL,883,ok,8.0076699557,9
OVRPL,884,ok,7.9196088765,8
OVRPL,885,ok,6.8918945968,8
OVRPL,886,ok,7.0006998536,8
OVRPL,887,ok,7.9105400788,8
OVRPL,888,ok,6.5644679971,6
OVRPL,889,ok,6.4032962612,9
OVRPL,890,ok,7.9795677407,9
OVRPL,891,ok,6.5839879557,10
OVRPL,892,ok,6.5137088748,8
OVRPL,893,ok,6.1370654352,9
OVRPL,894,ok,6.7289607235,9
OVRPL,895,ok,6.5748686569,10
OVRPL,896,ok,7.1966354552,9
OVRPL,897,ok,6.1195146205,9
OVRPL,898,ok,6.5979715873,9
OVRPL,899,ok,6.8839306862,8
OVRPL,900,ok,8.2642944975,9
OVRPL,901,ok,7.7425717943,8
OVRPL,902,ok,6.8078954762,8
OVRPL,903,ok,7.2088722143,8
OVRPL,904,ok,8.0269648050,9
OVRPL,905,ok,7.7016082410,11
OVRPL,906,ok,7.0252804296,9
OVRPL,907,ok,8.5638661270,10
OVRPL,908,ok,6.1589786822,8
OVRPL,909,ok,7.4150872339,7
OVRPL,910,ok,7.9557018622,9
OVRPL,911,ok,6.5301340337,8
OVRPL,912,ok,6.3196900336,8
OVRPL,913,ok,7.1279154095,10
OVRPL,914,ok,8.6360065730,8
OVRPL,915,ok,8.3334980189,9
OVRPL,916,ok,6.8235611071,8
OVRPL,917,ok,8.0985749913,8
OVRPL,918,ok,7.1199660602,11
OVRPL,919,ok,7.1374231852,8
OVRPL,920,ok,7.3300765908,9
OVRPL,921,ok,8.5289235664,9
OVRPL,922,ok,7.1595216740,9
OVRPL,923,ok,6.9312469589,8
OVRPL,924,ok,6.5162415532,8
OVRPL,925,ok,6.4969874153,7
OVRPL,926,ok,7.0540938549,7
OVRPL,927,ok,7.7729576865,7
OVRPL,928,ok,6.4494088931,8
OVRPL,929,ok,6.4271880560,9
OVRPL,930,ok,6.7946887972,7
OVRPL,931,ok,7.0966896831,11
OVRPL,932,ok,6.1802605544,8
OVRPL,933,ok,6.3810243066,8
OVRPL,934,ok,7.6761144516,9
OVRPL,935,ok,7.1833765016,7
OVRPL,936,ok,6.7350529431,9
OVRPL,937,ok,6.8440951726,9
OVRPL,938,ok,7.9303272062,8
OVRPL,939,ok,6.9417088223,9
OVRPL,940,ok,7.8193649968,9
OVRPL,941,ok,6.9306205647,8
OVRPL,942,ok,6.6445977684,9
OVRPL,943,ok,7.7568530213,8
OVRPL,944,ok,6.5011205425,7
OVRPL,945,ok,7.3229415103,9
OVRPL,946,ok,7.0182768579,9
OVRPL,947,ok,6.7111823565,7
OVRPL,948,ok,7.1660354761,8
OVRPL,949,ok,5.9069857987,8
OVRPL,950,ok,8.3346174058,9
OVRPL,951,ok,7.8742249873,9
OVRPL,952,ok,8.3345356780,8
OVRPL,953,ok,7.7754574525,8
OVRPL,954,ok,8.0621925254,9
OVRPL,955,ok,6.1462586032,7
OVRPL,956,ok,7.4965591495,10
OVRPL,957,ok,6.6039529135,7
OVRPL,958,ok,6.7374140084,8
OVRPL,959,ok,6.7968871323,9
OVRPL,960,ok,5.9559746747,8
OVRPL,961,ok,8.1140420656,8
OVRPL,962,ok,6.8588874985,8
OVRPL,963,ok,7.7657490800,9
OVRPL,964,ok,6.9792476522,8
OVRPL,965,ok,6.8970313387,8
OVRPL,966,ok,7.5387308786,8
OVRPL,967,ok,7.0638228003,9
OVRPL,968,ok,6.9175790585,10
OVRPL,969,ok,7.1211348867,8
OVRPL,970,ok,6.9909842299,8
OVRPL,971,ok,6.8931324421,9
OVRPL,972,ok,8.1053140186,10
OVRPL,973,ok,7.4077792832,10
OVRPL,974,ok,7.8908503737,9
OVRPL,975,ok,6.7977644866,9
OVRPL,976,ok,6.3615920595,9
OVRPL,977,ok,7.5868662665,10
OVRPL,978,ok,7.8539226039,9
OVRPL,979,ok,6.5078882375,8
OVRPL,980,ok,6.0486573280,7
OVRPL,981,ok,7.1316319292,9
OVRPL,982,ok,7.2323719608,9
OVRPL,983,ok,6.5633605068,9
OVRPL,984,ok,7.4254015531,7
OVRPL,985,ok,7.3908832817,9
OVRPL,986,ok,7.5420075800,9
OVRPL,987,ok,7.1349367883,8
OVRPL,988,ok,7.7140658549,8
OVRPL,989,ok,7.0990986515,9
OVRPL,990,ok,6.7574287985,8
OVRPL,991,ok,8.1007371517,9
OVRPL,992,ok,7.0952334838,8
OVRPL,993,ok,7.0769480914,8
OVRPL,994,ok,7.1926621144,8
OVRPL,995,ok,6.2264020658,9
OVRPL,996,ok,7.6825677583,8
OVRPL,997,ok,6.7322313232,10
OVRPL,998,ok,8.3751750436,11
OVRPL,999,ok,6.1927765596,9
VRPBL,0,ok,7.3255070195,4
VRPBL,1,ok,7.2519455554,5
VRPBL,2,ok,9.9748091744,5
VRPBL,3,ok,9.6531811723,6
VRPBL,4,ok,8.6720105294,4
VRPBL,5,ok,9.4916118783,5
VRPBL,6,ok,7.9989210387,4
VRPBL,7,ok,7.6751458737,5
VRPBL,8,ok,7.1710756493,4
VRPBL,9,ok,8.6485461855,5
VRPBL,10,ok,8.2632407921,5
VRPBL,11,ok,7.4057157783,5
VRPBL,12,ok,8.6627445531,6
VRPBL,13,ok,8.6470938161,4
VRPBL,14,ok,8.1433306667,4
VRPBL,15,ok,9.3075897379,5
VRPBL,16,ok,8.8051766267,5
VRPBL,17,ok,7.1487738143,5
VRPBL,18,ok,7.3038572035,4
VRPBL,19,ok,8.3650632366,5
VRPBL,20,ok,10.4804436114,6
VRPBL,21,ok,8.4690099079,5
VRPBL,22,ok,8.1642990768,5
VRPBL,23,ok,6.8245277925,4
VRPBL,24,ok,8.5607807265,5
VRPBL,25,ok,7.4045606047,5
VRPBL,26,ok,9.9479656333,5
VRPBL,27,ok,8.6268918052,4
VRPBL,28,ok,8.0071596687,5
VRPBL,29,ok,7.0237951177,4
VRPBL,30,ok,7.7885580575,4
VRPBL,31,ok,8.8160700229,4
VRPBL,32,ok,8.3641693673,5
VRPBL,33,ok,8.0267299544,4
VRPBL,34,ok,8.6488200447,5
VRPBL,35,ok,8.7740012169,5
VRPBL,36,ok,8.6116675083,5
VRPBL,37,ok,8.6480003029,4
VRPBL,38,ok,7.1486403535,4
VRPBL,39,ok,7.4590872163,3
VRPBL,40,ok,8.8761853640,5
VRPBL,41,ok,8.3925491393,6
VRPBL,42,ok,7.9618772734,5
VRPBL,43,ok,8.0133496567,5
VRPBL,44,ok,9.5709689455,5
VRPBL,45,ok,9.6045385709,5
VRPBL,46,ok,8.5874052327,5
VRPBL,47,ok,7.4358582953,4
VRPBL,48,ok,8.4338823284,4
VRPBL,49,ok,7.5242141893,4
VRPBL,50,ok,7.9777221640,5
VRPBL,51,ok,9.5720417493,5
VRPBL,52,ok,9.1130680665,4
VRPBL,53,ok,8.4606922727,5
VRPBL,54,ok,7.5385586766,4
VRPBL,55,ok,8.9674240994,5
VRPBL,56,ok,9.3360166056,5
VRPBL,57,ok,9.4665864613,5
VRPBL,58,ok,8.1655357225,5
VRPBL,59,ok,9.5417085308,5
VRPBL,60,ok,8.5075720111,4
VRPBL,61,ok,8.5020224711,4
VRPBL,62,ok,9.6300821995,5
VRPBL,63,ok,9.2571572012,4
VRPBL,64,ok,7.8158075379,4
VRPBL,65,ok,9.2221439420,5
VRPBL,66,ok,8.3707961900,5
VRPBL,67,ok,8.5016340174,5
VRPBL,68,ok,9.3865701598,5
VRPBL,69,ok,7.8064462251,5
VRPBL,70,ok,10.8544796096,5
VRPBL,71,ok,9.3456990354,5
VRPBL,72,ok,7.3215658486,5
VRPBL,73,ok,10.2154984839,5
VRPBL,74,ok,9.5957704984,4
VRPBL,75,ok,7.7283453245,5
VRPBL,76,ok,8.9450682406,5
VRPBL,77,ok,8.1363086161,4
VRPBL,78,ok,7.8531725136,5
VRPBL,79,ok,8.9763261863,5
VRPBL,80,ok,7.7889258817,5
VRPBL,81,ok,8.6444684318,4
VRPBL,82,ok,9.2968367300,4
VRPBL,83,ok,7.8579973066,4
VRPBL,84,ok,7.8830738420,5
VRPBL,85,ok,7.8540337017,4
VRPBL,86,ok,7.8317703300,4
VRPBL,87,ok,8.3217264825,4
VRPBL,88,ok,7.7942022086,6
VRPBL,89,ok,8.2032485030,5
VRPBL,90,ok,8.0633179849,4
VRPBL,91,ok,8.2767306593,4
VRPBL,92,ok,8.3153316684,4
VRPBL,93,ok,7.2919305600,5
VRPBL,94,ok,7.8347917442,4
VRPBL,95,ok,7.0966027212,5
VRPBL,96,ok,7.7110253885,5
VRPBL,97,ok,7.7701029762,5
VRPBL,98,ok,8.6100464750,5
VRPBL,99,ok,7.5581638231,4
VRPBL,100,ok,8.7614651874,5
VRPBL,101,ok,7.0178057667,5
VRPBL,102,ok,8.7624518130,5
VRPBL,103,ok,8.3407216866,4
VRPBL,104,ok,8.1862536359,5
VRPBL,105,ok,8.8540256641,4
VRPBL,106,ok,7.3750339113,4
VRPBL,107,ok,7.7538575499,4
VRPBL,108,ok,8.0627232358,3
VRPBL,109,ok,11.0019892365,5
VRPBL,110,ok,8.7129690873,4
VRPBL,111,ok,8.0059468704,4
VRPBL,112,ok,10.4359226401,5
VRPBL,113,ok,8.1354783759,4
VRPBL,114,ok,8.2420055594,5
VRPBL,115,ok,7.9486197993,5
VRPBL,116,ok,8.7387779311,6
VRPBL,117,ok,8.3288515527,4
VRPBL,118,ok,12.6633693352,5
VRPBL,119,ok,7.6044310045,5
VRPBL,120,ok,8.0046494506,4
VRPBL,121,ok,7.4673538469,4
VRPBL,122,ok,7.9951382949,5
VRPBL,123,ok,8.5276033950,5
VRPBL,124,ok,7.6815678782,4
VRPBL,125,ok,9.0109014878,4
VRPBL,126,ok,8.0740933012,4
VRPBL,127,ok,7.9989884592,5
VRPBL,128,ok,10.4591942408,5
VRPBL,129,ok,7.7370509718,4
VRPBL,130,ok,7.8031164070,5
VRPBL,131,ok,7.9689593167,5
VRPBL,132,ok,7.4053555067,4
VRPBL,133,ok,10.7264458923,6
VRPBL,134,ok,7.2365910255,4
VRPBL,135,ok,8.1406038890,5
VRPBL,136,ok,7.2631848506,4
VRPBL,137,ok,8.7447687415,5
VRPBL,138,ok,7.8588777692,4
VRPBL,139,ok,7.7884818820,4
VRPBL,140,ok,8.7202990957,5
VRPBL,141,ok,8.9197385929,4
VRPBL,142,ok,7.3598415776,4
VRPBL,143,ok,7.5973771760,4
VRPBL,144,ok,7.8904762866,5
VRPBL,145,ok,8.6622735225,5
VRPBL,146,ok,7.7229034113,4
VRPBL,147,ok,7.7910393019,5
VRPBL,148,ok,8.6876362369,5
VRPBL,149,ok,8.8902690792,5
VRPBL,150,ok,7.1109718672,4
VRPBL,151,ok,9.2065840571,4
VRPBL,152,ok,9.5998346488,4
VRPBL,153,ok,8.4480183335,4
VRPBL,154,ok,9.8958444391,5
VRPBL,155,ok,8.2881192115,5
VRPBL,156,ok,8.8885702303,5
VRPBL,157,ok,8.0051175784,5
VRPBL,158,ok,7.0551287764,4
VRPBL,159,ok,7.2224607902,4
VRPBL,160,ok,8.5021195316,4
VRPBL,161,ok,9.6972340300,5
VRPBL,162,ok,11.6295984365,5
VRPBL,163,ok,8.7393992907,5
VRPBL,164,ok,8.8436269196,4
VRPBL,165,ok,10.1226712132,4
VRPBL,166,ok,7.5068556866,3
VRPBL,167,ok,8.5939184146,4
VRPBL,168,ok,8.2993221618,4
VRPBL,169,ok,8.3280980985,5
VRPBL,170,ok,9.4690299311,4
VRPBL,171,ok,7.1514849575,4
VRPBL,172,ok,6.9636802674,5
VRPBL,173,ok,9.4087950178,5
VRPBL,174,ok,8.3689930181,5
VRPBL,175,ok,7.3720304225,5
VRPBL,176,ok,7.1249173460,4
VRPBL,177,ok,7.8974319076,4
VRPBL,178,ok,9.2641697764,4
VRPBL,179,ok,7.7772694660,4
VRPBL,180,ok,8.7125798322,5
VRPBL,181,ok,9.6761656769,4
VRPBL,182,ok,8.0772744026,4
VRPBL,183,ok,8.4226227922,3
VRPBL,184,ok,9.6105709164,5
VRPBL,185,ok,6.5294450436,4
VRPBL,186,ok,7.1405643681,4
VRPBL,187,ok,8.3317746763,5
VRPBL,188,ok,8.0232981629,6
VRPBL,189,ok,8.0161130384,5
VRPBL,190,ok,11.0057763467,5
VRPBL,191,ok,11.5059549761,6
VRPBL,192,ok,8.7356798369,4
VRPBL,193,ok,8.0427611325,4
VRPBL,194,ok,9.0806630499,4
VRPBL,195,ok,8.0451368858,4
VRPBL,196,ok,6.7839599309,4
VRPBL,197,ok,9.2005994978,4
VRPBL,198,ok,8.6029413448,5
VRPBL,199,ok,9.0089853103,5
VRPBL,200,ok,9.5960904592,5
VRPBL,201,ok,7.6229999449,4
VRPBL,202,ok,9.1396790569,5
VRPBL,203,ok,9.8002651933,5
VRPBL,204,ok,7.7400181545,5
VRPBL,205,ok,8.3107541102,4
VRPBL,206,ok,7.7528424228,5
VRPBL,207,ok,8.4171701778,4
VRPBL,208,ok,8.2722065758,5
VRPBL,209,ok,8.6910909556,5
VRPBL,210,ok,7.8120108725,4
VRPBL,211,ok,8.5316011803,4
VRPBL,212,ok,9.8635828174,5
VRPBL,213,ok,10.0804540587,5
VRPBL,214,ok,6.8610431374,4
VRPBL,215,ok,8.5016660881,4
VRPBL,216,ok,8.6279255193,5
VRPBL,217,ok,10.1738656426,4
VRPBL,218,ok,9.3100640258,5
VRPBL,219,ok,7.7920647897,5
VRPBL,220,ok,7.6471825106,4
VRPBL,221,ok,8.7464872614,4
VRPBL,222,ok,8.0962171424,4
VRPBL,223,ok,9.1145799685,5
VRPBL,224,ok,8.1092910801,4
VRPBL,225,ok,7.6095003499,4
VRPBL,226,ok,8.9392262651,4
VRPBL,227,ok,8.6931831429,4
VRPBL,228,ok,7.0600058410,5
VRPBL,229,ok,8.3489061513,4
VRPBL,230,ok,8.4331345443,4
VRPBL,231,ok,8.2951530722,4
VRPBL,232,ok,7.8360738067,4
VRPBL,233,ok,7.5374068724,3
VRPBL,234,ok,8.7453929240,5
VRPBL,235,ok,6.6025148432,4
VRPBL,236,ok,6.3598553057,4
VRPBL,237,ok,8.8208519145,4
VRPBL,238,ok,6.9943738051,4
VRPBL,239,ok,8.2815999170,4
VRPBL,240,ok,7.8671384815,4
VRPBL,241,ok,9.4667399415,4
VRPBL,242,ok,8.5657615056,5
VRPBL,243,ok,7.5902249453,5
VRPBL,244,ok,7.7943569215,5
VRPBL,245,ok,7.9104652800,4
VRPBL,246,ok,8.2140108928,5
VRPBL,247,ok,9.7234717589,5
VRPBL,248,ok,8.4516509666,5
VRPBL,249,ok,10.0448844483,5
VRPBL,250,ok,8.7538230879,5
VRPBL,251,ok,7.7491674403,5
VRPBL,252,ok,9.1351300762,5
VRPBL,253,ok,9.3098070918,5
VRPBL,254,ok,7.1821691194,5
VRPBL,255,ok,7.8812140843,4
VRPBL,256,ok,7.4231982765,4
VRPBL,257,ok,8.5963181450,4
VRPBL,258,ok,7.6161399164,4
VRPBL,259,ok,7.6879332140,4
VRPBL,260,ok,9.6853498440,5
VRPBL,261,ok,7.5617228866,4
VRPBL,262,ok,9.7256010765,4
VRPBL,263,ok,9.4513764310,5
VRPBL,264,ok,7.3798596360,5
VRPBL,265,ok,8.1212223093,5
VRPBL,266,ok,6.7556989125,4
VRPBL,267,ok,9.1184632172,5
VRPBL,268,ok,7.7723716391,5
VRPBL,269,ok,7.1351603907,4
VRPBL,270,ok,8.3137467641,5
VRPBL,271,ok,9.8386145699,5
VRPBL,272,ok,8.8156646420,5
VRPBL,273,ok,7.8678661793,4
VRPBL,274,ok,8.3452171016,5
VRPBL,275,ok,8.1199368097,5
VRPBL,276,ok,9.6069200037,5
VRPBL,277,ok,6.9067589536,4
VRPBL,278,ok,7.4718606781,4
VRPBL,279,ok,7.4799608346,5
VRPBL,280,ok,8.4911925602,5
VRPBL,281,ok,8.1228696420,5
VRPBL,282,ok,7.7787498502,4
VRPBL,283,ok,7.7972808735,5
VRPBL,284,ok,7.8326666611,4
VRPBL,285,ok,7.3409934002,5
VRPBL,286,ok,8.5820658906,6
VRPBL,287,ok,7.3599165183,4
VRPBL,288,ok,7.8784218704,5
VRPBL,289,ok,6.9723882397,4
VRPBL,290,ok,8.8268421908,5
VRPBL,291,ok,9.5882659922,5
VRPBL,292,ok,9.4300669491,4
VRPBL,293,ok,7.5642092041,5
VRPBL,294,ok,7.3263133625,4
VRPBL,295,ok,8.2745515485,4
VRPBL,296,ok,8.2744364456,5
VRPBL,297,ok,8.7535192768,4
VRPBL,298,ok,10.0446980383,4
VRPBL,299,ok,7.3249086287,4
VRPBL,300,ok,9.9467124680,5
VRPBL,301,ok,7.2790196624,3
VRPBL,302,ok,8.3611306478,4
VRPBL,303,ok,8.3284341515,4
VRPBL,304,ok,7.7752764246,4
VRPBL,305,ok,7.8416219316,4
VRPBL,306,ok,7.3925466072,4
VRPBL,307,ok,7.7851224226,4
VRPBL,308,ok,9.2213043796,5
VRPBL,309,ok,9.5765762457,4
VRPBL,310,ok,8.8726976267,5
VRPBL,311,ok,8.8298513270,4
VRPBL,312,ok,7.7121749455,4
VRPBL,313,ok,7.6778052476,5
VRPBL,314,ok,6.5119910559,4
VRPBL,315,ok,7.5058046237,4
VRPBL,316,ok,8.0766493387,4
VRPBL,317,ok,8.4284207782,5
VRPBL,318,ok,8.5655577974,4
VRPBL,319,ok,8.6327980086,5
VRPBL,320,ok,7.5519294595,4
VRPBL,321,ok,7.8423221900,4
VRPBL,322,ok,8.9809211259,4
VRPBL,323,ok,7.3058115751,4
VRPBL,324,ok,9.6060343254,5
VRPBL,325,ok,8.4331252163,4
VRPBL,326,ok,7.7326023483,5
VRPBL,327,ok,8.3715901858,4
VRPBL,328,ok,9.2678527869,5
VRPBL,329,ok,8.0353069684,4
VRPBL,330,ok,7.5858353239,4
VRPBL,331,ok,10.8277773407,5
VRPBL,332,ok,8.9575315675,6
VRPBL,333,ok,7.2078910657,3
VRPBL,334,ok,9.4906064816,5
VRPBL,335,ok,8.2668488262,5
VRPBL,336,ok,10.7697514256,5
VRPBL,337,ok,7.9466186565,5
VRPBL,338,ok,9.7338002208,5
VRPBL,339,ok,9.7303326486,5
VRPBL,340,ok,7.6691864164,4
VRPBL,341,ok,9.7419267624,5
VRPBL,342,ok,8.3628966471,4
VRPBL,343,ok,10.3849563724,5
VRPBL,344,ok,7.5420438479,5
VRPBL,345,ok,6.9070717639,4
VRPBL,346,ok,7.5473022069,5
VRPBL,347,ok,9.6504018188,5
VRPBL,348,ok,8.3073770291,5
VRPBL,349,ok,8.0712566333,4
VRPBL,350,ok,11.8159044291,6
VRPBL,351,ok,9.4353804568,5
VRPBL,352,ok,7.9461149815,4
VRPBL,353,ok,7.7969362216,4
VRPBL,354,ok,8.3001511358,4
VRPBL,355,ok,7.9113215337,4
VRPBL,356,ok,7.9002392122,3
VRPBL,357,ok,8.9528907267,4
VRPBL,358,ok,9.7675886476,5
VRPBL,359,ok,8.7911927226,4
VRPBL,360,ok,7.8258699360,4
VRPBL,361,ok,7.8386045728,4
VRPBL,362,ok,10.3945693117,6
VRPBL,363,ok,7.4015310616,5
VRPBL,364,ok,8.8351932579,5
VRPBL,365,ok,7.2839734939,4
VRPBL,366,ok,7.2702092963,5
VRPBL,367,ok,8.0506155678,5
VRPBL,368,ok,9.6378456039,4
VRPBL,369,ok,8.7448118462,4
VRPBL,370,ok,10.5121014002,5
VRPBL,371,ok,8.2685784894,5
VRPBL,372,ok,9.1452197846,4
VRPBL,373,ok,7.1933651223,4
VRPBL,374,ok,9.9164741083,5
VRPBL,375,ok,7.6506066814,4
VRPBL,376,ok,8.5110940309,4
VRPBL,377,ok,10.0330270274,5
VRPBL,378,ok,7.6258637479,4
VRPBL,379,ok,8.6145137638,5
VRPBL,380,ok,7.4390411989,4
VRPBL,381,ok,8.4185200551,5
VRPBL,382,ok,8.3708202643,4
VRPBL,383,ok,7.0288236498,4
VRPBL,384,ok,7.8577118242,6
VRPBL,385,ok,6.8913110667,3
VRPBL,386,ok,10.3914664998,5
VRPBL,387,ok,10.7330868167,5
VRPBL,388,ok,9.3463682796,4
VRPBL,389,ok,9.0843347484,4
VRPBL,390,ok,8.3068660183,5
VRPBL,391,ok,8.7859816100,4
VRPBL,392,ok,7.5673945293,4
VRPBL,393,ok,10.3790391536,4
VRPBL,394,ok,9.0909494032,5
VRPBL,395,ok,7.9065819089,4
VRPBL,396,ok,8.8316251018,5
VRPBL,397,ok,8.2631532863,4
VRPBL,398,ok,8.5205647629,5
VRPBL,399,ok,8.1186837999,4
VRPBL,400,ok,9.6548009032,5
VRPBL,401,ok,8.5607181726,5
VRPBL,402,ok,9.0653213448,4
VRPBL,403,ok,9.2819474213,4
VRPBL,404,ok,9.0074652425,4
VRPBL,405,ok,9.8650011420,5
VRPBL,406,ok,9.7060572074,5
VRPBL,407,ok,6.7943618519,4
VRPBL,408,ok,6.9762363377,4
VRPBL,409,ok,8.4258616572,4
VRPBL,410,ok,9.7792227205,5
VRPBL,411,ok,9.1824247480,4
VRPBL,412,ok,7.2656892420,5
VRPBL,413,ok,8.5912460179,4
VRPBL,414,ok,7.2575049606,3
VRPBL,415,ok,9.2232257096,5
VRPBL,416,ok,9.9181485883,5
VRPBL,417,ok,7.9032958784,4
VRPBL,418,ok,8.5562988969,4
VRPBL,419,ok,8.4522288811,5
VRPBL,420,ok,8.0468858711,4
VRPBL,421,ok,8.3535260847,5
VRPBL,422,ok,8.1372092071,4
VRPBL,423,ok,7.4756473396,4
VRPBL,424,ok,9.8781272660,5
VRPBL,425,ok,8.8278849075,4
VRPBL,426,ok,8.1057127362,4
VRPBL,427,ok,7.7249956614,4
VRPBL,428,ok,10.5669769316,4
VRPBL,429,ok,8.8241547446,6
VRPBL,430,ok,9.1525214464,5
VRPBL,431,ok,8.2531073444,5
VRPBL,432,ok,7.3903218842,5
VRPBL,433,ok,8.0333694558,4
VRPBL,434,ok,8.1273022112,5
VRPBL,435,ok,7.1509566246,4
VRPBL,436,ok,7.5412148862,5
VRPBL,437,ok,6.9625794151,4
VRPBL,438,ok,7.8715922505,5
VRPBL,439,ok,8.7633397917,4
VRPBL,440,ok,6.8369259364,5
VRPBL,441,ok,10.3681965802,5
VRPBL,442,ok,6.8629780854,4
VRPBL,443,ok,9.4932709302,5
VRPBL,444,ok,7.8170840324,4
VRPBL,445,ok,9.1633489933,4
VRPBL,446,ok,8.1353309746,5
VRPBL,447,ok,8.3946035131,5
VRPBL,448,ok,8.3171888654,4
VRPBL,449,ok,9.8548234234,5
VRPBL,450,ok,7.4324873580,4
VRPBL,451,ok,7.9461623774,5
VRPBL,452,ok,8.1539020057,5
VRPBL,453,ok,9.0570416443,5
VRPBL,454,ok,9.4635042003,5
VRPBL,455,ok,8.5500818246,5
VRPBL,456,ok,8.1879303996,4
VRPBL,457,ok,8.2519988415,4
VRPBL,458,ok,8.3793727287,5
VRPBL,459,ok,7.4733569307,5
VRPBL,460,ok,8.2201062781,5
VRPBL,461,ok,8.9367913455,5
VRPBL,462,ok,7.7362505413,4
VRPBL,463,ok,8.2508005433,4
VRPBL,464,ok,8.6242971599,4
VRPBL,465,ok,8.2140303648,5
VRPBL,466,ok,10.2480278157,5
VRPBL,467,ok,8.0713090663,5
VRPBL,468,ok,9.1982302175,5
VRPBL,469,ok,8.6224193607,5
VRPBL,470,ok,10.0223453534,5
VRPBL,471,ok,10.2667781441,5
VRPBL,472,ok,7.3293345001,4
VRPBL,473,ok,9.1004327927,4
VRPBL,474,ok,8.0430002393,5
VRPBL,475,ok,8.6863386079,4
VRPBL,476,ok,9.2660772632,5
VRPBL,477,ok,8.2179101545,4
VRPBL,478,ok,7.5957579507,5
VRPBL,479,ok,7.8353871250,4
VRPBL,480,ok,7.2850749773,4
VRPBL,481,ok,8.4344108505,5
VRPBL,482,ok,8.1339937965,4
VRPBL,483,ok,7.6004159188,4
VRPBL,484,ok,7.4335734575,5
VRPBL,485,ok,10.4678408589,5
VRPBL,486,ok,8.7847679372,4
VRPBL,487,ok,8.7346376730,5
VRPBL,488,ok,10.4241857759,5
VRPBL,489,ok,7.5825962540,5
VRPBL,490,ok,8.3806778268,4
VRPBL,491,ok,7.0801626520,4
VRPBL,492,ok,7.7861084687,4
VRPBL,493,ok,7.3518232410,4
VRPBL,494,ok,9.3389235938,5
VRPBL,495,ok,8.5395253628,3
VRPBL,496,ok,8.1592907908,4
VRPBL,497,ok,7.9373584482,4
VRPBL,498,ok,7.7655545787,5
VRPBL,499,ok,8.4779075510,4
VRPBL,500,ok,8.6517551441,4
VRPBL,501,ok,9.6976888226,4
VRPBL,502,ok,8.1152550737,4
VRPBL,503,ok,8.7964650266,4
VRPBL,504,ok,10.5742043476,5
VRPBL,505,ok,10.8980671830,5
VRPBL,506,ok,9.1961564285,4
VRPBL,507,ok,7.5036626228,4
VRPBL,508,ok,8.4391934780,5
VRPBL,509,ok,7.0502716245,4
VRPBL,510,ok,9.8029842334,5
VRPBL,511,ok,7.5665059688,3
VRPBL,512,ok,7.5134101163,4
VRPBL,513,ok,8.3368696737,4
VRPBL,514,ok,7.0242109279,4
VRPBL,515,ok,6.9642158805,5
VRPBL,516,ok,8.9034341137,5
VRPBL,517,ok,10.5628432846,5
VRPBL,518,ok,9.3263352991,4
VRPBL,519,ok,7.9527188914,5
VRPBL,520,ok,8.0262563470,4
VRPBL,521,ok,7.9350522394,5
VRPBL,522,ok,7.7550059694,5
VRPBL,523,ok,8.8418770529,4
VRPBL,524,ok,7.8658344606,4
VRPBL,525,ok,7.3757940290,5
VRPBL,526,ok,7.8675192168,4
VRPBL,527,ok,9.3353181724,5
VRPBL,528,ok,9.9736293486,5
VRPBL,529,ok,8.0500512378,4
VRPBL,530,ok,8.1890912753,5
VRPBL,531,ok,7.5365429501,4
VRPBL,532,ok,7.1229100848,3
VRPBL,533,ok,8.1926118416,5
VRPBL,534,ok,9.7764713848,5
VRPBL,535,ok,8.8209788545,5
VRPBL,536,ok,9.0316207335,5
VRPBL,537,ok,7.4325063227,4
VRPBL,538,ok,8.0896248048,5
VRPBL,539,ok,7.8840207976,4
VRPBL,540,ok,8.3805044393,4
VRPBL,541,ok,7.6407764179,4
VRPBL,542,ok,8.6023662199,5
VRPBL,543,ok,8.2452057480,4
VRPBL,544,ok,6.7143632386,3
VRPBL,545,ok,7.4804372582,5
VRPBL,546,ok,9.0426536983,4
VRPBL,547,ok,8.8535573479,4
VRPBL,548,ok,6.6490255134,4
VRPBL,549,ok,7.1961475240,4
VRPBL,550,ok,8.3874390663,5
VRPBL,551,ok,8.0196764806,5
VRPBL,552,ok,8.5863197457,4
VRPBL,553,ok,10.2128542919,4
VRPBL,554,ok,8.9897639795,5
VRPBL,555,ok,9.2026457110,5
VRPBL,556,ok,7.1292766260,4
VRPBL,557,ok,8.3986827265,4
VRPBL,558,ok,8.6263809554,5
VRPBL,559,ok,7.2188475148,5
VRPBL,560,ok,9.8367451903,6
VRPBL,561,ok,7.8979347759,5
VRPBL,562,ok,9.2321364730,4
VRPBL,563,ok,9.6204990614,5
VRPBL,564,ok,8.4963655425,4
VRPBL,565,ok,8.3188787595,5
VRPBL,566,ok,8.1167772965,4
VRPBL,567,ok,7.5398135313,4
VRPBL,568,ok,8.6788234287,4
VRPBL,569,ok,8.1826694428,4
VRPBL,570,ok,8.2871660536,5
VRPBL,571,ok,9.0200732404,6
VRPBL,572,ok,8.7020930068,5
VRPBL,573,ok,8.6712403762,4
VRPBL,574,ok,7.2539901617,4
VRPBL,575,ok,8.3622739391,4
VRPBL,576,ok,8.1502963582,5
VRPBL,577,ok,8.4267217489,5
VRPBL,578,ok,8.6254566501,4
VRPBL,579,ok,8.0567484348,4
VRPBL,580,ok,8.4760382848,5
VRPBL,581,ok,7.9707071252,6
VRPBL,582,ok,7.8734097522,4
VRPBL,583,ok,7.2829415158,4
VRPBL,584,ok,8.0763622763,4
VRPBL,585,ok,7.1858014498,4
VRPBL,586,ok,8.4570337800,5
VRPBL,587,ok,7.9322143367,4
VRPBL,588,ok,7.1672945749,4
VRPBL,589,ok,8.1170621221,4
VRPBL,590,ok,9.2379262433,5
VRPBL,591,ok,7.3607277974,4
VRPBL,592,ok,7.6227330921,4
VRPBL,593,ok,8.4037130969,4
VRPBL,594,ok,8.8731493455,4
VRPBL,595,ok,8.4742299696,5
VRPBL,596,ok,8.7894430430,5
VRPBL,597,ok,7.7070794437,4
VRPBL,598,ok,9.4900685876,5
VRPBL,599,ok,7.7167716385,5
VRPBL,600,ok,7.3521443248,4
VRPBL,601,ok,8.0648094736,5
VRPBL,602,ok,8.5944879581,4
VRPBL,603,ok,8.0109603110,4
VRPBL,604,ok,9.1118467725,5
VRPBL,605,ok,8.4463424391,4
VRPBL,606,ok,9.9537858743,5
VRPBL,607,ok,8.5334068110,4
VRPBL,608,ok,8.5621666245,5
VRPBL,609,ok,7.9338263346,4
VRPBL,610,ok,7.8542692460,6
VRPBL,611,ok,9.7639933020,5
VRPBL,612,ok,7.9768623460,4
VRPBL,613,ok,8.0949794256,5
VRPBL,614,ok,8.7967717805,4
VRPBL,615,ok,9.5762499158,4
VRPBL,616,ok,8.6359566085,5
VRPBL,617,ok,8.4010632114,6
VRPBL,618,ok,8.1695510355,4
VRPBL,619,ok,8.4118857250,4
VRPBL,620,ok,8.3237861884,5
VRPBL,621,ok,7.1381746547,5
VRPBL,622,ok,7.4486094609,3
VRPBL,623,ok,8.3109357984,5
VRPBL,624,ok,6.7699509570,4
VRPBL,625,ok,7.4803858206,6
VRPBL,626,ok,6.8698809612,4
VRPBL,627,ok,10.3211835700,6
VRPBL,628,ok,8.2999049999,4
VRPBL,629,ok,8.6212209791,4
VRPBL,630,ok,11.3990679738,5
VRPBL,631,ok,8.5525687123,4
VRPBL,632,ok,7.9165594081,4
VRPBL,633,ok,6.5830101531,3
VRPBL,634,ok,7.6536651527,4
VRPBL,635,ok,9.7818900872,4
VRPBL,636,ok,9.0201052771,5
VRPBL,637,ok,9.0929350908,4
VRPBL,638,ok,8.8060327018,5
VRPBL,639,ok,7.9142580351,5
VRPBL,640,ok,9.6000088643,4
VRPBL,641,ok,7.0585531098,4
VRPBL,642,ok,9.0308861533,5
VRPBL,643,ok,7.5490628504,4
VRPBL,644,ok,9.3838796944,5
VRPBL,645,ok,8.1700799986,4
VRPBL,646,ok,8.4063480567,4
VRPBL,647,ok,8.9596548580,5
VRPBL,648,ok,7.5950685369,5
VRPBL,649,ok,8.6793481634,4
VRPBL,650,ok,8.2985483188,5
VRPBL,651,ok,9.2242278465,4
VRPBL,652,ok,8.4301532145,4
VRPBL,653,ok,8.2585821830,4
VRPBL,654,ok,8.3723980841,4
VRPBL,655,ok,7.7220603933,3
VRPBL,656,ok,7.5215713956,4
VRPBL,657,ok,9.5024158582,5
VRPBL,658,ok,9.2418648621,5
VRPBL,659,ok,8.1376756418,4
VRPBL,660,ok,11.1368324276,5
VRPBL,661,ok,9.4491352001,5
VRPBL,662,ok,7.7409103032,5
VRPBL,663,ok,9.4342061445,5
VRPBL,664,ok,8.5274821893,4
VRPBL,665,ok,8.3979493953,5
VRPBL,666,ok,8.9786339214,5
VRPBL,667,ok,8.1434945303,4
VRPBL,668,ok,7.8668194109,6
VRPBL,669,ok,7.3250465806,3
VRPBL,670,ok,7.6999826684,4
VRPBL,671,ok,7.5799350477,4
VRPBL,672,ok,9.6284794205,5
VRPBL,673,ok,8.5343384471,5
VRPBL,674,ok,7.6933567447,4
VRPBL,675,ok,7.0697195725,4
VRPBL,676,ok,8.7226100633,4
VRPBL,677,ok,6.9468041934,4
VRPBL,678,ok,8.6013841086,4
VRPBL,679,ok,8.3138701320,4
VRPBL,680,ok,8.9080739895,5
VRPBL,681,ok,6.9275605161,3
VRPBL,682,ok,8.9457680808,5
VRPBL,683,ok,7.6283694735,4
VRPBL,684,ok,7.6603979423,4
VRPBL,685,ok,7.7971411291,4
VRPBL,686,ok,8.7430191338,5
VRPBL,687,ok,9.1703991393,4
VRPBL,688,ok,7.5787059056,5
VRPBL,689,ok,8.2413683325,5
VRPBL,690,ok,7.7491240829,4
VRPBL,691,ok,7.4248673650,5
VRPBL,692,ok,7.8221404234,6
VRPBL,693,ok,8.3438193852,5
VRPBL,694,ok,9.2789991283,5
VRPBL,695,ok,7.8771212221,4
VRPBL,696,ok,8.2229059179,5
VRPBL,697,ok,7.6236908188,4
VRPBL,698,ok,9.1371811559,4
VRPBL,699,ok,9.6600791216,5
VRPBL,700,ok,8.9119307696,5
VRPBL,701,ok,8.9141694495,5
VRPBL,702,ok,7.5747336781,5
VRPBL,703,ok,7.8425924374,5
VRPBL,704,ok,7.2559722804,4
VRPBL,705,ok,7.5808476810,4
VRPBL,706,ok,8.4597750010,5
VRPBL,707,ok,8.4971219707,5
VRPBL,708,ok,9.3154944914,4
VRPBL,709,ok,9.5176381389,5
VRPBL,710,ok,8.4326378738,4
VRPBL,711,ok,7.5185339523,4
VRPBL,712,ok,8.0386613885,5
VRPBL,713,ok,8.2712343136,4
VRPBL,714,ok,8.9014741989,4
VRPBL,715,ok,9.3996186724,5
VRPBL,716,ok,8.5100516309,4
VRPBL,717,ok,7.0957653823,5
VRPBL,718,ok,7.1941954771,4
VRPBL,719,ok,7.3636245846,5
VRPBL,720,ok,6.9774283693,4
VRPBL,721,ok,9.4448337713,5
VRPBL,722,ok,9.6159187283,5
VRPBL,723,ok,8.1268432980,4
VRPBL,724,ok,7.8776424328,4
VRPBL,725,ok,8.7301323350,5
VRPBL,726,ok,9.7118495926,5
VRPBL,727,ok,8.7411316317,5
VRPBL,728,ok,7.0393642489,4
VRPBL,729,ok,8.6573980443,5
VRPBL,730,ok,7.6711797722,5
VRPBL,731,ok,8.0194588519,5
VRPBL,732,ok,9.4237995913,5
VRPBL,733,ok,8.3621954329,5
VRPBL,734,ok,8.3974721568,4
VRPBL,735,ok,8.0699569697,4
VRPBL,736,ok,7.6000109402,4
VRPBL,737,ok,8.0347158054,4
VRPBL,738,ok,8.0277215243,4
VRPBL,739,ok,7.8409260569,4
VRPBL,740,ok,8.3798365688,5
VRPBL,741,ok,8.7096792131,4
VRPBL,742,ok,9.6829269031,4
VRPBL,743,ok,9.2898472755,4
VRPBL,744,ok,7.6725968189,5
VRPBL,745,ok,8.3402710959,4
VRPBL,746,ok,7.5602453563,5
VRPBL,747,ok,9.7180278163,5
VRPBL,748,ok,7.1601698104,4
VRPBL,749,ok,8.9593397903,5
VRPBL,750,ok,9.7260384086,4
VRPBL,751,ok,7.3645166330,5
VRPBL,752,ok,8.0331077525,3
VRPBL,753,ok,9.6589988218,5
VRPBL,754,ok,8.5383022602,5
VRPBL,755,ok,7.4161135738,4
VRPBL,756,ok,8.0077336179,5
VRPBL,757,ok,8.4323039384,5
VRPBL,758,ok,9.5149702463,5
VRPBL,759,ok,7.8979454198,4
VRPBL,760,ok,9.0735652016,5
VRPBL,761,ok,7.5852240483,5
VRPBL,762,ok,8.5930980175,5
VRPBL,763,ok,9.1998832855,4
VRPBL,764,ok,7.9456617647,4
VRPBL,765,ok,9.3108851960,5
VRPBL,766,ok,9.9011754969,4
VRPBL,767,ok,7.3492561045,3
VRPBL,768,ok,7.7271226163,4
VRPBL,769,ok,7.3773891006,4
VRPBL,770,ok,9.7008380104,5
VRPBL,771,ok,7.9163960786,4
VRPBL,772,ok,8.7161705507,4
VRPBL,773,ok,8.3635149840,5
VRPBL,774,ok,6.8737060438,3
VRPBL,775,ok,9.2524140541,4
VRPBL,776,ok,7.6771850138,5
VRPBL,777,ok,7.8476531977,5
VRPBL,778,ok,8.6126397988,5
VRPBL,779,ok,8.4718053418,5
VRPBL,780,ok,6.8450783474,4
VRPBL,781,ok,8.8572719492,4
VRPBL,782,ok,8.1598683832,5
VRPBL,783,ok,8.2124732953,4
VRPBL,784,ok,8.9184388710,4
VRPBL,785,ok,9.3889142469,4
VRPBL,786,ok,9.4886260927,5
VRPBL,787,ok,9.9595126343,5
VRPBL,788,ok,9.6512499762,5
VRPBL,789,ok,9.2624749776,5
VRPBL,790,ok,8.5641022160,5
VRPBL,791,ok,9.1689103845,5
VRPBL,792,ok,9.0872260277,4
VRPBL,793,ok,7.9971722279,4
VRPBL,794,ok,7.5996559307,4
VRPBL,795,ok,7.9814765726,5
VRPBL,796,ok,8.3014165151,4
VRPBL,797,ok,8.4045860092,6
VRPBL,798,ok,8.4566869174,5
VRPBL,799,ok,10.0862759437,5
VRPBL,800,ok,8.1843388002,4
VRPBL,801,ok,7.3870135005,4
VRPBL,802,ok,7.5408032756,4
VRPBL,803,ok,7.2856322165,4
VRPBL,804,ok,8.8940691530,5
VRPBL,805,ok,7.2286529502,5
VRPBL,806,ok,8.5977536053,5
VRPBL,807,ok,9.0303293402,5
VRPBL,808,ok,7.4727040668,4
VRPBL,809,ok,9.5244826408,5
VRPBL,810,ok,9.4467523356,4
VRPBL,811,ok,10.6882516607,5
VRPBL,812,ok,7.9167007974,4
VRPBL,813,ok,8.5339424531,5
VRPBL,814,ok,7.5653136696,5
VRPBL,815,ok,8.8522821484,5
VRPBL,816,ok,6.9655619387,5
VRPBL,817,ok,8.3608458095,4
VRPBL,818,ok,6.9906807788,4
VRPBL,819,ok,8.7896930803,5
VRPBL,820,ok,10.1830825554,5
VRPBL,821,ok,8.7955581582,5
VRPBL,822,ok,8.6842445676,4
VRPBL,823,ok,7.6864613228,4
VRPBL,824,ok,8.1984315847,4
VRPBL,825,ok,8.2132003926,5
VRPBL,826,ok,8.4806019738,4
VRPBL,827,ok,9.8196569920,5
VRPBL,828,ok,6.6121713561,5
VRPBL,829,ok,9.2595617957,5
VRPBL,830,ok,7.4441386036,3
VRPBL,831,ok,8.4068393554,3
VRPBL,832,ok,7.6659410738,4
VRPBL,833,ok,6.8684261237,5
VRPBL,834,ok,8.2092451676,5
VRPBL,835,ok,9.0486601546,4
VRPBL,836,ok,7.9299533227,4
VRPBL,837,ok,9.6781275062,4
VRPBL,838,ok,9.3372874932,4
VRPBL,839,ok,8.2235799960,4
VRPBL,840,ok,7.2768642323,4
VRPBL,841,ok,11.2495485356,5
VRPBL,842,ok,8.9324991903,4
VRPBL,843,ok,9.5276060699,5
VRPBL,844,ok,7.7372432225,5
VRPBL,845,ok,10.0336615972,5
VRPBL,846,ok,8.8153168161,5
VRPBL,847,ok,8.5837837376,4
VRPBL,848,ok,8.6499166798,5
VRPBL,849,ok,7.8790438591,4
VRPBL,850,ok,7.6899879489,5
VRPBL,851,ok,8.2515905991,4
VRPBL,852,ok,8.1420178084,4
VRPBL,853,ok,6.7366478187,3
VRPBL,854,ok,7.3560072694,4
VRPBL,855,ok,8.2846618577,5
VRPBL,856,ok,7.8302034574,5
VRPBL,857,ok,8.3276722708,5
VRPBL,858,ok,8.5366513233,4
VRPBL,859,ok,7.1280967952,4
VRPBL,860,ok,7.5856692220,4
VRPBL,861,ok,7.6259872629,4
VRPBL,862,ok,8.0572957244,4
VRPBL,863,ok,7.7050698348,5
VRPBL,864,ok,7.3909068690,5
VRPBL,865,ok,10.6855947968,5
VRPBL,866,ok,9.8423994279,4
VRPBL,867,ok,9.1968854945,4
VRPBL,868,ok,8.3093683736,4
VRPBL,869,ok,7.8022909320,4
VRPBL,870,ok,7.2344821077,4
VRPBL,871,ok,7.6229996536,5
VRPBL,872,ok,8.3387517793,4
VRPBL,873,ok,8.3324332578,6
VRPBL,874,ok,8.5305682954,4
VRPBL,875,ok,8.4598838373,5
VRPBL,876,ok,7.6988668127,5
VRPBL,877,ok,8.4961488186,4
VRPBL,878,ok,8.1436971720,5
VRPBL,879,ok,8.8702271271,4
VRPBL,880,ok,9.5819936827,6
VRPBL,881,ok,8.0018830820,4
VRPBL,882,ok,6.7233214799,4
VRPBL,883,ok,11.2087979110,5
VRPBL,884,ok,9.8221182042,5
VRPBL,885,ok,8.8388064794,5
VRPBL,886,ok,8.2462965120,5
VRPBL,887,ok,7.7156761553,5
VRPBL,888,ok,7.8826523268,4
VRPBL,889,ok,8.3751449304,5
VRPBL,890,ok,8.1512849831,5
VRPBL,891,ok,7.3938468311,4
VRPBL,892,ok,8.1769818178,4
VRPBL,893,ok,8.7159142901,5
VRPBL,894,ok,7.8126604399,4
VRPBL,895,ok,9.7339504233,5
VRPBL,896,ok,8.6821105047,4
VRPBL,897,ok,8.2765374052,4
VRPBL,898,ok,8.5765614160,4
VRPBL,899,ok,10.4132107835,5
VRPBL,900,ok,9.2589260199,5
VRPBL,901,ok,7.7730369228,5
VRPBL,902,ok,9.2425560349,4
VRPBL,903,ok,8.6325636082,4
VRPBL,904,ok,7.3754635472,4
VRPBL,905,ok,7.8128201757,4
VRPBL,906,ok,9.5643965089,5
VRPBL,907,ok,7.8853487235,4
VRPBL,908,ok,8.7642643821,4
VRPBL,909,ok,8.2886166230,5
VRPBL,910,ok,7.7175879137,4
VRPBL,911,ok,10.2176819584,5
VRPBL,912,ok,7.9026580271,5
VRPBL,913,ok,7.8398370124,4
VRPBL,914,ok,9.5753803312,5
VRPBL,915,ok,7.5274324718,5
VRPBL,916,ok,6.6553461546,4
VRPBL,917,ok,7.9956565248,5
VRPBL,918,ok,8.9512394721,5
VRPBL,919,ok,7.7820736952,4
VRPBL,920,ok,8.2315109645,4
VRPBL,921,ok,9.2504591251,6
VRPBL,922,ok,8.9635567470,5
VRPBL,923,ok,7.3668705852,4
VRPBL,924,ok,8.4972425715,5
VRPBL,925,ok,9.9191901954,5
VRPBL,926,ok,7.8927457254,3
VRPBL,927,ok,7.9396377993,5
VRPBL,928,ok,7.2563962414,4
VRPBL,929,ok,9.5050760196,5
VRPBL,930,ok,7.8984346356,5
VRPBL,931,ok,7.7636676622,5
VRPBL,932,ok,7.5163114464,4
VRPBL,933,ok,7.9933971274,4
VRPBL,934,ok,8.2753439803,4
VRPBL,935,ok,6.8132124442,3
VRPBL,936,ok,10.2227868293,5
VRPBL,937,ok,7.7142981045,4
VRPBL,938,ok,7.7810342100,6
VRPBL,939,ok,7.2078534131,4
VRPBL,940,ok,9.1944769950,4
VRPBL,941,ok,10.1604308586,5
VRPBL,942,ok,8.1945378432,4
VRPBL,943,ok,8.8163891950,6
VRPBL,944,ok,8.0982686264,4
VRPBL,945,ok,8.0088397545,4
VRPBL,946,ok,8.6435809074,4
VRPBL,947,ok,8.9657582321,4
VRPBL,948,ok,7.5152344355,4
VRPBL,949,ok,9.5698359270,5
VRPBL,950,ok,8.5217060920,5
VRPBL,951,ok,8.6672042195,4
VRPBL,952,ok,8.3076411314,4
VRPBL,953,ok,7.9483474593,4
VRPBL,954,ok,8.5572711872,5
VRPBL,955,ok,7.9461769186,4
VRPBL,956,ok,7.9660636811,5
VRPBL,957,ok,8.8201021907,4
VRPBL,958,ok,7.8717166162,4
VRPBL,959,ok,8.0652202015,5
VRPBL,960,ok,8.8768861352,5
VRPBL,961,ok,8.1471902391,4
VRPBL,962,ok,8.0112912922,4
VRPBL,963,ok,9.2305325172,5
VRPBL,964,ok,9.5428866692,4
VRPBL,965,ok,8.5050806653,4
VRPBL,966,ok,8.5851889892,5
VRPBL,967,ok,10.4860847694,6
VRPBL,968,ok,9.3771825547,5
VRPBL,969,ok,9.1766293531,6
VRPBL,970,ok,8.8174483482,5
VRPBL,971,ok,7.4270633256,4
VRPBL,972,ok,7.3635835979,5
VRPBL,973,ok,6.5240203820,3
VRPBL,974,ok,8.7404761625,5
VRPBL,975,ok,9.6328383423,4
VRPBL,976,ok,7.7698758212,4
VRPBL,977,ok,7.5688569957,4
VRPBL,978,ok,8.3786665318,4
VRPBL,979,ok,8.1547825128,4
VRPBL,980,ok,7.8961335335,4
VRPBL,981,ok,9.1105102495,4
VRPBL,982,ok,7.4390026710,5
VRPBL,983,ok,8.1548571689,5
VRPBL,984,ok,8.8644145765,4
VRPBL,985,ok,7.7456656957,4
VRPBL,986,ok,7.7398451218,5
VRPBL,987,ok,8.6938663173,5
VRPBL,988,ok,7.9220520362,5
VRPBL,989,ok,8.9315016863,4
VRPBL,990,ok,9.9016562467,5
VRPBL,991,ok,9.1148328973,5
VRPBL,992,ok,8.9221754182,5
VRPBL,993,ok,7.5914671416,5
VRPBL,994,ok,9.3020080287,5
VRPBL,995,ok,6.4970438146,4
VRPBL,996,ok,8.2942655912,5
VRPBL,997,ok,10.4417370820,6
VRPBL,998,ok,7.6399837733,4
VRPBL,999,ok,7.8818567355,4
VRPBTW,0,no_feasible_candidate,,
VRPBTW,1,no_feasible_candidate,,
VRPBTW,2,no_feasible_candidate,,
VRPBTW,3,no_feasible_candidate,,
VRPBTW,4,ok,21.8348190910,17
VRPBTW,5,no_feasible_candidate,,
VRPBTW,6,no_feasible_candidate,,
VRPBTW,7,no_feasible_candidate,,
VRPBTW,8,no_feasible_candidate,,
VRPBTW,9,no_feasible_candidate,,
VRPBTW,10,ok,21.9684858645,19
VRPBTW,11,no_feasible_candidate,,
VRPBTW,12,ok,19.2810358987,18
VRPBTW,13,no_feasible_candidate,,
VRPBTW,14,no_feasible_candidate,,
VRPBTW,15,no_feasible_candidate,,
VRPBTW,16,no_feasible_candidate,,
VRPBTW,17,ok,28.5151892863,16
VRPBTW,18,no_feasible_candidate,,
VRPBTW,19,no_feasible_candidate,,
VRPBTW,20,no_feasible_candidate,,
VRPBTW,21,no_feasible_candidate,,
VRPBTW,22,no_feasible_candidate,,
VRPBTW,23,no_feasible_candidate,,
VRPBTW,24,no_feasible_candidate,,
VRPBTW,25,no_feasible_candidate,,
VRPBTW,26,ok,26.2644995292,21
VRPBTW,27,ok,20.8877092262,16
VRPBTW,28,no_feasible_candidate,,
VRPBTW,29,no_feasible_candidate,,
VRPBTW,30,no_feasible_candidate,,
VRPBTW,31,no_feasible_candidate,,
VRPBTW,32,no_feasible_candidate,,
VRPBTW,33,no_feasible_candidate,,
VRPBTW,34,no_feasible_candidate,,
VRPBTW,35,no_feasible_candidate,,
VRPBTW,36,no_feasible_candidate,,
VRPBTW,37,no_feasible_candidate,,
VRPBTW,38,no_feasible_candidate,,
VRPBTW,39,no_feasible_candidate,,
VRPBTW,40,no_feasible_candidate,,
VRPBTW,41,no_feasible_candidate,,
VRPBTW,42,no_feasible_candidate,,
VRPBTW,43,ok,27.0219493965,16
VRPBTW,44,no_feasible_candidate,,
VRPBTW,45,no_feasible_candidate,,
VRPBTW,46,no_feasible_candidate,,
VRPBTW,47,no_feasible_candidate,,
VRPBTW,48,no_feasible_candidate,,
VRPBTW,49,ok,22.9095373172,18
VRPBTW,50,no_feasible_candidate,,
VRPBTW,51,no_feasible_candidate,,
VRPBTW,52,no_feasible_candidate,,
VRPBTW,53,no_feasible_candidate,,
VRPBTW,54,no_feasible_candidate,,
VRPBTW,55,no_feasible_candidate,,
VRPBTW,56,no_feasible_candidate,,
VRPBTW,57,no_feasible_candidate,,
VRPBTW,58,ok,23.7293918584,16
VRPBTW,59,ok,16.5509663578,16
VRPBTW,60,no_feasible_candidate,,
VRPBTW,61,no_feasible_candidate,,
VRPBTW,62,no_feasible_candidate,,
VRPBTW,63,no_feasible_candidate,,
VRPBTW,64,no_feasible_candidate,,
VRPBTW,65,ok,24.1227430117,19
VRPBTW,66,no_feasible_candidate,,
VRPBTW,67,no_feasible_candidate,,
VRPBTW,68,no_feasible_candidate,,
VRPBTW,69,no_feasible_candidate,,
VRPBTW,70,no_feasible_candidate,,
VRPBTW,71,no_feasible_candidate,,
VRPBTW,72,no_feasible_candidate,,
VRPBTW,73,no_feasible_candidate,,
VRPBTW,74,no_feasible_candidate,,
VRPBTW,75,ok,17.8865141981,16
VRPBTW,76,no_feasible_candidate,,
VRPBTW,77,no_feasible_candidate,,
VRPBTW,78,no_feasible_candidate,,
VRPBTW,79,ok,18.3868812484,17
VRPBTW,80,no_feasible_candidate,,
VRPBTW,81,ok,22.9412474794,18
VRPBTW,82,no_feasible_candidate,,
VRPBTW,83,no_feasible_candidate,,
VRPBTW,84,no_feasible_candidate,,
VRPBTW,85,no_feasible_candidate,,
VRPBTW,86,no_feasible_candidate,,
VRPBTW,87,ok,20.9957756379,15
VRPBTW,88,no_feasible_candidate,,
VRPBTW,89,ok,23.8524031188,20
VRPBTW,90,no_feasible_candidate,,
VRPBTW,91,ok,20.5409175090,17
VRPBTW,92,no_feasible_candidate,,
VRPBTW,93,no_feasible_candidate,,
VRPBTW,94,no_feasible_candidate,,
VRPBTW,95,no_feasible_candidate,,
VRPBTW,96,no_feasible_candidate,,
VRPBTW,97,no_feasible_candidate,,
VRPBTW,98,ok,16.7765779516,18
VRPBTW,99,no_feasible_candidate,,
VRPBTW,100,ok,34.4495415897,22
VRPBTW,101,no_feasible_candidate,,
VRPBTW,102,no_feasible_candidate,,
VRPBTW,103,no_feasible_candidate,,
VRPBTW,104,no_feasible_candidate,,
VRPBTW,105,no_feasible_candidate,,
VRPBTW,106,no_feasible_candidate,,
VRPBTW,107,ok,17.6876963087,20
VRPBTW,108,no_feasible_candidate,,
VRPBTW,109,no_feasible_candidate,,
VRPBTW,110,no_feasible_candidate,,
VRPBTW,111,no_feasible_candidate,,
VRPBTW,112,no_feasible_candidate,,
VRPBTW,113,ok,23.3031405349,17
VRPBTW,114,no_feasible_candidate,,
VRPBTW,115,no_feasible_candidate,,
VRPBTW,116,ok,19.9416649771,18
VRPBTW,117,no_feasible_candidate,,
VRPBTW,118,no_feasible_candidate,,
VRPBTW,119,no_feasible_candidate,,
VRPBTW,120,no_feasible_candidate,,
VRPBTW,121,no_feasible_candidate,,
VRPBTW,122,no_feasible_candidate,,
VRPBTW,123,no_feasible_candidate,,
VRPBTW,124,ok,18.2564209672,15
VRPBTW,125,no_feasible_candidate,,
VRPBTW,126,no_feasible_candidate,,
VRPBTW,127,no_feasible_candidate,,
VRPBTW,128,no_feasible_candidate,,
VRPBTW,129,no_feasible_candidate,,
VRPBTW,130,no_feasible_candidate,,
VRPBTW,131,no_feasible_candidate,,
VRPBTW,132,ok,25.8885177596,16
VRPBTW,133,no_feasible_candidate,,
VRPBTW,134,no_feasible_candidate,,
VRPBTW,135,no_feasible_candidate,,
VRPBTW,136,no_feasible_candidate,,
VRPBTW,137,no_feasible_candidate,,
VRPBTW,138,no_feasible_candidate,,
VRPBTW,139,no_feasible_candidate,,
VRPBTW,140,no_feasible_candidate,,
VRPBTW,141,no_feasible_candidate,,
VRPBTW,142,no_feasible_candidate,,
VRPBTW,143,ok,18.5628566503,14
VRPBTW,144,no_feasible_candidate,,
VRPBTW,145,no_feasible_candidate,,
VRPBTW,146,no_feasible_candidate,,
VRPBTW,147,no_feasible_candidate,,
VRPBTW,148,no_feasible_candidate,,
VRPBTW,149,no_feasible_candidate,,
VRPBTW,150,no_feasible_candidate,,
VRPBTW,151,no_feasible_candidate,,
VRPBTW,152,no_feasible_candidate,,
VRPBTW,153,no_feasible_candidate,,
VRPBTW,154,no_feasible_candidate,,
VRPBTW,155,no_feasible_candidate,,
VRPBTW,156,no_feasible_candidate,,
VRPBTW,157,ok,22.4015093397,17
VRPBTW,158,no_feasible_candidate,,
VRPBTW,159,no_feasible_candidate,,
VRPBTW,160,no_feasible_candidate,,
VRPBTW,161,no_feasible_candidate,,
VRPBTW,162,ok,22.0758386281,20
VRPBTW,163,no_feasible_candidate,,
VRPBTW,164,no_feasible_candidate,,
VRPBTW,165,no_feasible_candidate,,
VRPBTW,166,no_feasible_candidate,,
VRPBTW,167,no_feasible_candidate,,
VRPBTW,168,no_feasible_candidate,,
VRPBTW,169,no_feasible_candidate,,
VRPBTW,170,no_feasible_candidate,,
VRPBTW,171,no_feasible_candidate,,
VRPBTW,172,no_feasible_candidate,,
VRPBTW,173,no_feasible_candidate,,
VRPBTW,174,no_feasible_candidate,,
VRPBTW,175,no_feasible_candidate,,
VRPBTW,176,no_feasible_candidate,,
VRPBTW,177,no_feasible_candidate,,
VRPBTW,178,no_feasible_candidate,,
VRPBTW,179,no_feasible_candidate,,
VRPBTW,180,no_feasible_candidate,,
VRPBTW,181,no_feasible_candidate,,
VRPBTW,182,no_feasible_candidate,,
VRPBTW,183,no_feasible_candidate,,
VRPBTW,184,no_feasible_candidate,,
VRPBTW,185,ok,24.0073769170,15
VRPBTW,186,no_feasible_candidate,,
VRPBTW,187,no_feasible_candidate,,
VRPBTW,188,no_feasible_candidate,,
VRPBTW,189,no_feasible_candidate,,
VRPBTW,190,no_feasible_candidate,,
VRPBTW,191,no_feasible_candidate,,
VRPBTW,192,no_feasible_candidate,,
VRPBTW,193,no_feasible_candidate,,
VRPBTW,194,no_feasible_candidate,,
VRPBTW,195,no_feasible_candidate,,
VRPBTW,196,no_feasible_candidate,,
VRPBTW,197,no_feasible_candidate,,
VRPBTW,198,no_feasible_candidate,,
VRPBTW,199,ok,17.1213868541,17
VRPBTW,200,no_feasible_candidate,,
VRPBTW,201,no_feasible_candidate,,
VRPBTW,202,no_feasible_candidate,,
VRPBTW,203,no_feasible_candidate,,
VRPBTW,204,ok,24.4668148069,19
VRPBTW,205,no_feasible_candidate,,
VRPBTW,206,no_feasible_candidate,,
VRPBTW,207,no_feasible_candidate,,
VRPBTW,208,no_feasible_candidate,,
VRPBTW,209,no_feasible_candidate,,
VRPBTW,210,no_feasible_candidate,,
VRPBTW,211,no_feasible_candidate,,
VRPBTW,212,no_feasible_candidate,,
VRPBTW,213,no_feasible_candidate,,
VRPBTW,214,no_feasible_candidate,,
VRPBTW,215,no_feasible_candidate,,
VRPBTW,216,no_feasible_candidate,,
VRPBTW,217,no_feasible_candidate,,
VRPBTW,218,ok,19.8418546492,19
VRPBTW,219,no_feasible_candidate,,
VRPBTW,220,no_feasible_candidate,,
VRPBTW,221,no_feasible_candidate,,
VRPBTW,222,no_feasible_candidate,,
VRPBTW,223,no_feasible_candidate,,
VRPBTW,224,no_feasible_candidate,,
VRPBTW,225,no_feasible_candidate,,
VRPBTW,226,no_feasible_candidate,,
VRPBTW,227,no_feasible_candidate,,
VRPBTW,228,no_feasible_candidate,,
VRPBTW,229,no_feasible_candidate,,
VRPBTW,230,no_feasible_candidate,,
VRPBTW,231,no_feasible_candidate,,
VRPBTW,232,no_feasible_candidate,,
VRPBTW,233,ok,15.1237733589,13
VRPBTW,234,no_feasible_candidate,,
VRPBTW,235,no_feasible_candidate,,
VRPBTW,236,no_feasible_candidate,,
VRPBTW,237,no_feasible_candidate,,
VRPBTW,238,no_feasible_candidate,,
VRPBTW,239,no_feasible_candidate,,
VRPBTW,240,no_feasible_candidate,,
VRPBTW,241,no_feasible_candidate,,
VRPBTW,242,no_feasible_candidate,,
VRPBTW,243,no_feasible_candidate,,
VRPBTW,244,no_feasible_candidate,,
VRPBTW,245,no_feasible_candidate,,
VRPBTW,246,no_feasible_candidate,,
VRPBTW,247,no_feasible_candidate,,
VRPBTW,248,no_feasible_candidate,,
VRPBTW,249,no_feasible_candidate,,
VRPBTW,250,ok,20.3899294962,19
VRPBTW,251,no_feasible_candidate,,
VRPBTW,252,ok,28.9513871303,18
VRPBTW,253,no_feasible_candidate,,
VRPBTW,254,no_feasible_candidate,,
VRPBTW,255,no_feasible_candidate,,
VRPBTW,256,no_feasible_candidate,,
VRPBTW,257,no_feasible_candidate,,
VRPBTW,258,ok,31.5760508655,19
VRPBTW,259,no_feasible_candidate,,
VRPBTW,260,no_feasible_candidate,,
VRPBTW,261,no_feasible_candidate,,
VRPBTW,262,no_feasible_candidate,,
VRPBTW,263,no_feasible_candidate,,
VRPBTW,264,ok,21.4712076396,19
VRPBTW,265,ok,17.3766362939,16
VRPBTW,266,no_feasible_candidate,,
VRPBTW,267,no_feasible_candidate,,
VRPBTW,268,no_feasible_candidate,,
VRPBTW,269,no_feasible_candidate,,
VRPBTW,270,ok,28.7373804588,19
VRPBTW,271,no_feasible_candidate,,
VRPBTW,272,no_feasible_candidate,,
VRPBTW,273,ok,21.9677474925,19
VRPBTW,274,no_feasible_candidate,,
VRPBTW,275,no_feasible_candidate,,
VRPBTW,276,ok,22.0823379646,18
VRPBTW,277,ok,16.4067249601,16
VRPBTW,278,ok,12.8656658437,13
VRPBTW,279,no_feasible_candidate,,
VRPBTW,280,no_feasible_candidate,,
VRPBTW,281,ok,19.3116607456,18
VRPBTW,282,no_feasible_candidate,,
VRPBTW,283,no_feasible_candidate,,
VRPBTW,284,no_feasible_candidate,,
VRPBTW,285,no_feasible_candidate,,
VRPBTW,286,no_feasible_candidate,,
VRPBTW,287,no_feasible_candidate,,
VRPBTW,288,no_feasible_candidate,,
VRPBTW,289,no_feasible_candidate,,
VRPBTW,290,no_feasible_candidate,,
VRPBTW,291,ok,21.5724576167,18
VRPBTW,292,no_feasible_candidate,,
VRPBTW,293,no_feasible_candidate,,
VRPBTW,294,no_feasible_candidate,,
VRPBTW,295,ok,20.6375083673,16
VRPBTW,296,no_feasible_candidate,,
VRPBTW,297,no_feasible_candidate,,
VRPBTW,298,no_feasible_candidate,,
VRPBTW,299,no_feasible_candidate,,
VRPBTW,300,ok,23.9500580109,17
VRPBTW,301,no_feasible_candidate,,
VRPBTW,302,ok,14.8025994646,15
VRPBTW,303,no_feasible_candidate,,
VRPBTW,304,no_feasible_candidate,,
VRPBTW,305,no_feasible_candidate,,
VRPBTW,306,ok,18.2541796541,18
VRPBTW,307,no_feasible_candidate,,
VRPBTW,308,no_feasible_candidate,,
VRPBTW,309,ok,21.1477684353,15
VRPBTW,310,no_feasible_candidate,,
VRPBTW,311,no_feasible_candidate,,
VRPBTW,312,no_feasible_candidate,,
VRPBTW,313,no_feasible_candidate,,
VRPBTW,314,no_feasible_candidate,,
VRPBTW,315,no_feasible_candidate,,
VRPBTW,316,ok,31.8625130937,19
VRPBTW,317,no_feasible_candidate,,
VRPBTW,318,no_feasible_candidate,,
VRPBTW,319,no_feasible_candidate,,
VRPBTW,320,ok,25.1180358209,16
VRPBTW,321,no_feasible_candidate,,
VRPBTW,322,no_feasible_candidate,,
VRPBTW,323,no_feasible_candidate,,
VRPBTW,324,no_feasible_candidate,,
VRPBTW,325,no_feasible_candidate,,
VRPBTW,326,no_feasible_candidate,,
VRPBTW,327,no_feasible_candidate,,
VRPBTW,328,no_feasible_candidate,,
VRPBTW,329,no_feasible_candidate,,
VRPBTW,330,no_feasible_candidate,,
VRPBTW,331,no_feasible_candidate,,
VRPBTW,332,ok,20.2615934967,15
VRPBTW,333,no_feasible_candidate,,
VRPBTW,334,no_feasible_candidate,,
VRPBTW,335,no_feasible_candidate,,
VRPBTW,336,no_feasible_candidate,,
VRPBTW,337,no_feasible_candidate,,
VRPBTW,338,no_feasible_candidate,,
VRPBTW,339,no_feasible_candidate,,
VRPBTW,340,no_feasible_candidate,,
VRPBTW,341,no_feasible_candidate,,
VRPBTW,342,no_feasible_candidate,,
VRPBTW,343,no_feasible_candidate,,
VRPBTW,344,no_feasible_candidate,,
VRPBTW,345,no_feasible_candidate,,
VRPBTW,346,no_feasible_candidate,,
VRPBTW,347,no_feasible_candidate,,
VRPBTW,348,no_feasible_candidate,,
VRPBTW,349,no_feasible_candidate,,
VRPBTW,350,no_feasible_candidate,,
VRPBTW,351,no_feasible_candidate,,
VRPBTW,352,no_feasible_candidate,,
VRPBTW,353,no_feasible_candidate,,
VRPBTW,354,no_feasible_candidate,,
VRPBTW,355,no_feasible_candidate,,
VRPBTW,356,no_feasible_candidate,,
VRPBTW,357,no_feasible_candidate,,
VRPBTW,358,no_feasible_candidate,,
VRPBTW,359,no_feasible_candidate,,
VRPBTW,360,no_feasible_candidate,,
VRPBTW,361,no_feasible_candidate,,
VRPBTW,362,no_feasible_candidate,,
VRPBTW,363,no_feasible_candidate,,
VRPBTW,364,ok,24.2910577536,18
VRPBTW,365,no_feasible_candidate,,
VRPBTW,366,no_feasible_candidate,,
VRPBTW,367,no_feasible_candidate,,
VRPBTW,368,no_feasible_candidate,,
VRPBTW,369,no_feasible_candidate,,
VRPBTW,370,no_feasible_candidate,,
VRPBTW,371,no_feasible_candidate,,
VRPBTW,372,no_feasible_candidate,,
VRPBTW,373,ok,17.5130871022,16
VRPBTW,374,ok,26.8580564220,20
VRPBTW,375,no_feasible_candidate,,
VRPBTW,376,no_feasible_candidate,,
VRPBTW,377,no_feasible_candidate,,
VRPBTW,378,no_feasible_candidate,,
VRPBTW,379,no_feasible_candidate,,
VRPBTW,380,no_feasible_candidate,,
VRPBTW,381,no_feasible_candidate,,
VRPBTW,382,no_feasible_candidate,,
VRPBTW,383,no_feasible_candidate,,
VRPBTW,384,no_feasible_candidate,,
VRPBTW,385,no_feasible_candidate,,
VRPBTW,386,no_feasible_candidate,,
VRPBTW,387,no_feasible_candidate,,
VRPBTW,388,no_feasible_candidate,,
VRPBTW,389,no_feasible_candidate,,
VRPBTW,390,no_feasible_candidate,,
VRPBTW,391,no_feasible_candidate,,
VRPBTW,392,no_feasible_candidate,,
VRPBTW,393,no_feasible_candidate,,
VRPBTW,394,no_feasible_candidate,,
VRPBTW,395,no_feasible_candidate,,
VRPBTW,396,ok,28.1163661538,19
VRPBTW,397,no_feasible_candidate,,
VRPBTW,398,no_feasible_candidate,,
VRPBTW,399,no_feasible_candidate,,
VRPBTW,400,no_feasible_candidate,,
VRPBTW,401,no_feasible_candidate,,
VRPBTW,402,no_feasible_candidate,,
VRPBTW,403,no_feasible_candidate,,
VRPBTW,404,ok,19.5671082275,17
VRPBTW,405,no_feasible_candidate,,
VRPBTW,406,ok,19.8410189645,15
VRPBTW,407,no_feasible_candidate,,
VRPBTW,408,no_feasible_candidate,,
VRPBTW,409,no_feasible_candidate,,
VRPBTW,410,no_feasible_candidate,,
VRPBTW,411,no_feasible_candidate,,
VRPBTW,412,no_feasible_candidate,,
VRPBTW,413,no_feasible_candidate,,
VRPBTW,414,no_feasible_candidate,,
VRPBTW,415,ok,20.8333813402,15
VRPBTW,416,no_feasible_candidate,,
VRPBTW,417,no_feasible_candidate,,
VRPBTW,418,no_feasible_candidate,,
VRPBTW,419,no_feasible_candidate,,
VRPBTW,420,no_feasible_candidate,,
VRPBTW,421,no_feasible_candidate,,
VRPBTW,422,ok,21.5343245410,16
VRPBTW,423,no_feasible_candidate,,
VRPBTW,424,no_feasible_candidate,,
VRPBTW,425,no_feasible_candidate,,
VRPBTW,426,no_feasible_candidate,,
VRPBTW,427,no_feasible_candidate,,
VRPBTW,428,no_feasible_candidate,,
VRPBTW,429,no_feasible_candidate,,
VRPBTW,430,no_feasible_candidate,,
VRPBTW,431,no_feasible_candidate,,
VRPBTW,432,ok,20.0638753755,16
VRPBTW,433,no_feasible_candidate,,
VRPBTW,434,ok,21.0957306769,17
VRPBTW,435,no_feasible_candidate,,
VRPBTW,436,no_feasible_candidate,,
VRPBTW,437,no_feasible_candidate,,
VRPBTW,438,no_feasible_candidate,,
VRPBTW,439,no_feasible_candidate,,
VRPBTW,440,no_feasible_candidate,,
VRPBTW,441,no_feasible_candidate,,
VRPBTW,442,no_feasible_candidate,,
VRPBTW,443,no_feasible_candidate,,
VRPBTW,444,ok,17.0339037281,16
VRPBTW,445,ok,19.9793620596,17
VRPBTW,446,ok,19.8208208603,17
VRPBTW,447,no_feasible_candidate,,
VRPBTW,448,no_feasible_candidate,,
VRPBTW,449,ok,22.2643180964,17
VRPBTW,450,no_feasible_candidate,,
VRPBTW,451,no_feasible_candidate,,
VRPBTW,452,no_feasible_candidate,,
VRPBTW,453,no_feasible_candidate,,
VRPBTW,454,no_feasible_candidate,,
VRPBTW,455,ok,21.6994240196,16
VRPBTW,456,ok,28.3516906883,20
VRPBTW,457,no_feasible_candidate,,
VRPBTW,458,no_feasible_candidate,,
VRPBTW,459,no_feasible_candidate,,
VRPBTW,460,no_feasible_candidate,,
VRPBTW,461,no_feasible_candidate,,
VRPBTW,462,no_feasible_candidate,,
VRPBTW,463,no_feasible_candidate,,
VRPBTW,464,ok,20.4711557822,16
VRPBTW,465,no_feasible_candidate,,
VRPBTW,466,ok,18.5402572556,15
VRPBTW,467,no_feasible_candidate,,
VRPBTW,468,no_feasible_candidate,,
VRPBTW,469,no_feasible_candidate,,
VRPBTW,470,no_feasible_candidate,,
VRPBTW,471,no_feasible_candidate,,
VRPBTW,472,no_feasible_candidate,,
VRPBTW,473,no_feasible_candidate,,
VRPBTW,474,no_feasible_candidate,,
VRPBTW,475,no_feasible_candidate,,
VRPBTW,476,no_feasible_candidate,,
VRPBTW,477,no_feasible_candidate,,
VRPBTW,478,ok,23.7091902859,19
VRPBTW,479,no_feasible_candidate,,
VRPBTW,480,no_feasible_candidate,,
VRPBTW,481,no_feasible_candidate,,
VRPBTW,482,no_feasible_candidate,,
VRPBTW,483,no_feasible_candidate,,
VRPBTW,484,no_feasible_candidate,,
VRPBTW,485,no_feasible_candidate,,
VRPBTW,486,no_feasible_candidate,,
VRPBTW,487,ok,17.5520145939,16
VRPBTW,488,ok,16.6287354834,15
VRPBTW,489,no_feasible_candidate,,
VRPBTW,490,no_feasible_candidate,,
VRPBTW,491,no_feasible_candidate,,
VRPBTW,492,no_feasible_candidate,,
VRPBTW,493,no_feasible_candidate,,
VRPBTW,494,no_feasible_candidate,,
VRPBTW,495,no_feasible_candidate,,
VRPBTW,496,no_feasible_candidate,,
VRPBTW,497,no_feasible_candidate,,
VRPBTW,498,ok,27.3987855779,19
VRPBTW,499,no_feasible_candidate,,
VRPBTW,500,no_feasible_candidate,,
VRPBTW,501,no_feasible_candidate,,
VRPBTW,502,no_feasible_candidate,,
VRPBTW,503,no_feasible_candidate,,
VRPBTW,504,no_feasible_candidate,,
VRPBTW,505,no_feasible_candidate,,
VRPBTW,506,no_feasible_candidate,,
VRPBTW,507,no_feasible_candidate,,
VRPBTW,508,no_feasible_candidate,,
VRPBTW,509,no_feasible_candidate,,
VRPBTW,510,no_feasible_candidate,,
VRPBTW,511,no_feasible_candidate,,
VRPBTW,512,ok,16.6336898379,16
VRPBTW,513,no_feasible_candidate,,
VRPBTW,514,no_feasible_candidate,,
VRPBTW,515,no_feasible_candidate,,
VRPBTW,516,no_feasible_candidate,,
VRPBTW,517,no_feasible_candidate,,
VRPBTW,518,no_feasible_candidate,,
VRPBTW,519,no_feasible_candidate,,
VRPBTW,520,no_feasible_candidate,,
VRPBTW,521,no_feasible_candidate,,
VRPBTW,522,no_feasible_candidate,,
VRPBTW,523,no_feasible_candidate,,
VRPBTW,524,no_feasible_candidate,,
VRPBTW,525,ok,24.9503764905,18
VRPBTW,526,ok,22.1784421633,16
VRPBTW,527,no_feasible_candidate,,
VRPBTW,528,ok,21.0238671337,17
VRPBTW,529,no_feasible_candidate,,
VRPBTW,530,no_feasible_candidate,,
VRPBTW,531,no_feasible_candidate,,
VRPBTW,532,no_feasible_candidate,,
VRPBTW,533,no_feasible_candidate,,
VRPBTW,534,no_feasible_candidate,,
VRPBTW,535,no_feasible_candidate,,
VRPBTW,536,no_feasible_candidate,,
VRPBTW,537,no_feasible_candidate,,
VRPBTW,538,ok,26.9511459554,20
VRPBTW,539,no_feasible_candidate,,
VRPBTW,540,no_feasible_candidate,,
VRPBTW,541,no_feasible_candidate,,
VRPBTW,542,no_feasible_candidate,,
VRPBTW,543,no_feasible_candidate,,
VRPBTW,544,no_feasible_candidate,,
VRPBTW,545,no_feasible_candidate,,
VRPBTW,546,no_feasible_candidate,,
VRPBTW,547,no_feasible_candidate,,
VRPBTW,548,no_feasible_candidate,,
VRPBTW,549,ok,29.6233770580,19
VRPBTW,550,ok,21.8243255765,17
VRPBTW,551,no_feasible_candidate,,
VRPBTW,552,no_feasible_candidate,,
VRPBTW,553,no_feasible_candidate,,
VRPBTW,554,ok,19.5036391343,16
VRPBTW,555,ok,28.1859900638,18
VRPBTW,556,no_feasible_candidate,,
VRPBTW,557,no_feasible_candidate,,
VRPBTW,558,no_feasible_candidate,,
VRPBTW,559,no_feasible_candidate,,
VRPBTW,560,no_feasible_candidate,,
VRPBTW,561,ok,24.1791846282,18
VRPBTW,562,no_feasible_candidate,,
VRPBTW,563,no_feasible_candidate,,
VRPBTW,564,no_feasible_candidate,,
VRPBTW,565,no_feasible_candidate,,
VRPBTW,566,no_feasible_candidate,,
VRPBTW,567,no_feasible_candidate,,
VRPBTW,568,no_feasible_candidate,,
VRPBTW,569,ok,21.5456004070,17
VRPBTW,570,no_feasible_candidate,,
VRPBTW,571,no_feasible_candidate,,
VRPBTW,572,no_feasible_candidate,,
VRPBTW,573,no_feasible_candidate,,
VRPBTW,574,no_feasible_candidate,,
VRPBTW,575,no_feasible_candidate,,
VRPBTW,576,no_feasible_candidate,,
VRPBTW,577,no_feasible_candidate,,
VRPBTW,578,no_feasible_candidate,,
VRPBTW,579,no_feasible_candidate,,
VRPBTW,580,no_feasible_candidate,,
VRPBTW,581,no_feasible_candidate,,
VRPBTW,582,no_feasible_candidate,,
VRPBTW,583,no_feasible_candidate,,
VRPBTW,584,no_feasible_candidate,,
VRPBTW,585,no_feasible_candidate,,
VRPBTW,586,no_feasible_candidate,,
VRPBTW,587,no_feasible_candidate,,
VRPBTW,588,ok,26.4273323389,18
VRPBTW,589,no_feasible_candidate,,
VRPBTW,590,no_feasible_candidate,,
VRPBTW,591,no_feasible_candidate,,
VRPBTW,592,no_feasible_candidate,,
VRPBTW,593,no_feasible_candidate,,
VRPBTW,594,ok,17.6863907043,16
VRPBTW,595,ok,22.0195836594,18
VRPBTW,596,ok,19.1120315656,17
VRPBTW,597,ok,19.1594428929,18
VRPBTW,598,ok,21.9891846622,17
VRPBTW,599,no_feasible_candidate,,
VRPBTW,600,no_feasible_candidate,,
VRPBTW,601,no_feasible_candidate,,
VRPBTW,602,no_feasible_candidate,,
VRPBTW,603,no_feasible_candidate,,
VRPBTW,604,no_feasible_candidate,,
VRPBTW,605,no_feasible_candidate,,
VRPBTW,606,no_feasible_candidate,,
VRPBTW,607,no_feasible_candidate,,
VRPBTW,608,no_feasible_candidate,,
VRPBTW,609,no_feasible_candidate,,
VRPBTW,610,no_feasible_candidate,,
VRPBTW,611,no_feasible_candidate,,
VRPBTW,612,ok,18.4574571952,14
VRPBTW,613,no_feasible_candidate,,
VRPBTW,614,ok,21.8513297052,17
VRPBTW,615,ok,24.8080447507,20
VRPBTW,616,no_feasible_candidate,,
VRPBTW,617,no_feasible_candidate,,
VRPBTW,618,no_feasible_candidate,,
VRPBTW,619,ok,24.5896082171,19
VRPBTW,620,no_feasible_candidate,,
VRPBTW,621,no_feasible_candidate,,
VRPBTW,622,ok,24.6770803969,17
VRPBTW,623,no_feasible_candidate,,
VRPBTW,624,no_feasible_candidate,,
VRPBTW,625,no_feasible_candidate,,
VRPBTW,626,ok,29.3873599338,20
VRPBTW,627,no_feasible_candidate,,
VRPBTW,628,no_feasible_candidate,,
VRPBTW,629,no_feasible_candidate,,
VRPBTW,630,no_feasible_candidate,,
VRPBTW,631,no_feasible_candidate,,
VRPBTW,632,no_feasible_candidate,,
VRPBTW,633,no_feasible_candidate,,
VRPBTW,634,no_feasible_candidate,,
VRPBTW,635,no_feasible_candidate,,
VRPBTW,636,no_feasible_candidate,,
VRPBTW,637,no_feasible_candidate,,
VRPBTW,638,no_feasible_candidate,,
VRPBTW,639,no_feasible_candidate,,
VRPBTW,640,no_feasible_candidate,,
VRPBTW,641,ok,16.0303517502,17
VRPBTW,642,no_feasible_candidate,,
VRPBTW,643,no_feasible_candidate,,
VRPBTW,644,no_feasible_candidate,,
VRPBTW,645,ok,17.0529581767,17
VRPBTW,646,no_feasible_candidate,,
VRPBTW,647,ok,18.8422175045,17
VRPBTW,648,no_feasible_candidate,,
VRPBTW,649,no_feasible_candidate,,
VRPBTW,650,no_feasible_candidate,,
VRPBTW,651,no_feasible_candidate,,
VRPBTW,652,ok,30.2673297072,19
VRPBTW,653,no_feasible_candidate,,
VRPBTW,654,no_feasible_candidate,,
VRPBTW,655,no_feasible_candidate,,
VRPBTW,656,no_feasible_candidate,,
VRPBTW,657,no_feasible_candidate,,
VRPBTW,658,no_feasible_candidate,,
VRPBTW,659,ok,25.5264125879,16
VRPBTW,660,no_feasible_candidate,,
VRPBTW,661,no_feasible_candidate,,
VRPBTW,662,no_feasible_candidate,,
VRPBTW,663,no_feasible_candidate,,
VRPBTW,664,ok,25.0192199855,16
VRPBTW,665,no_feasible_candidate,,
VRPBTW,666,ok,14.5493891342,15
VRPBTW,667,no_feasible_candidate,,
VRPBTW,668,no_feasible_candidate,,
VRPBTW,669,no_feasible_candidate,,
VRPBTW,670,no_feasible_candidate,,
VRPBTW,671,ok,17.1829012921,19
VRPBTW,672,ok,20.2184913672,17
VRPBTW,673,no_feasible_candidate,,
VRPBTW,674,no_feasible_candidate,,
VRPBTW,675,no_feasible_candidate,,
VRPBTW,676,no_feasible_candidate,,
VRPBTW,677,ok,20.4632846494,19
VRPBTW,678,no_feasible_candidate,,
VRPBTW,679,no_feasible_candidate,,
VRPBTW,680,no_feasible_candidate,,
VRPBTW,681,no_feasible_candidate,,
VRPBTW,682,no_feasible_candidate,,
VRPBTW,683,no_feasible_candidate,,
VRPBTW,684,no_feasible_candidate,,
VRPBTW,685,no_feasible_candidate,,
VRPBTW,686,no_feasible_candidate,,
VRPBTW,687,no_feasible_candidate,,
VRPBTW,688,no_feasible_candidate,,
VRPBTW,689,ok,20.7188878007,17
VRPBTW,690,no_feasible_candidate,,
VRPBTW,691,no_feasible_candidate,,
VRPBTW,692,no_feasible_candidate,,
VRPBTW,693,ok,19.9575949456,17
VRPBTW,694,no_feasible_candidate,,
VRPBTW,695,no_feasible_candidate,,
VRPBTW,696,ok,17.0584118728,15
VRPBTW,697,no_feasible_candidate,,
VRPBTW,698,ok,19.8891344853,16
VRPBTW,699,no_feasible_candidate,,
VRPBTW,700,no_feasible_candidate,,
VRPBTW,701,no_feasible_candidate,,
VRPBTW,702,no_feasible_candidate,,
VRPBTW,703,no_feasible_candidate,,
VRPBTW,704,ok,20.1182527947,17
VRPBTW,705,no_feasible_candidate,,
VRPBTW,706,no_feasible_candidate,,
VRPBTW,707,no_feasible_candidate,,
VRPBTW,708,no_feasible_candidate,,
VRPBTW,709,no_feasible_candidate,,
VRPBTW,710,no_feasible_candidate,,
VRPBTW,711,no_feasible_candidate,,
VRPBTW,712,no_feasible_candidate,,
VRPBTW,713,no_feasible_candidate,,
VRPBTW,714,no_feasible_candidate,,
VRPBTW,715,no_feasible_candidate,,
VRPBTW,716,ok,15.3212504064,14
VRPBTW,717,ok,18.5736664639,16
VRPBTW,718,no_feasible_candidate,,
VRPBTW,719,ok,18.5832526485,15
VRPBTW,720,no_feasible_candidate,,
VRPBTW,721,no_feasible_candidate,,
VRPBTW,722,no_feasible_candidate,,
VRPBTW,723,no_feasible_candidate,,
VRPBTW,724,ok,22.9436079030,16
VRPBTW,725,no_feasible_candidate,,
VRPBTW,726,no_feasible_candidate,,
VRPBTW,727,ok,18.0455088644,16
VRPBTW,728,no_feasible_candidate,,
VRPBTW,729,no_feasible_candidate,,
VRPBTW,730,no_feasible_candidate,,
VRPBTW,731,ok,20.4138461863,15
VRPBTW,732,no_feasible_candidate,,
VRPBTW,733,no_feasible_candidate,,
VRPBTW,734,no_feasible_candidate,,
VRPBTW,735,no_feasible_candidate,,
VRPBTW,736,no_feasible_candidate,,
VRPBTW,737,no_feasible_candidate,,
VRPBTW,738,no_feasible_candidate,,
VRPBTW,739,no_feasible_candidate,,
VRPBTW,740,no_feasible_candidate,,
VRPBTW,741,ok,26.1433844139,21
VRPBTW,742,no_feasible_candidate,,
VRPBTW,743,no_feasible_candidate,,
VRPBTW,744,no_feasible_candidate,,
VRPBTW,745,no_feasible_candidate,,
VRPBTW,746,ok,19.5758568093,15
VRPBTW,747,no_feasible_candidate,,
VRPBTW,748,no_feasible_candidate,,
VRPBTW,749,ok,22.0535759899,16
VRPBTW,750,ok,27.4695205336,17
VRPBTW,751,no_feasible_candidate,,
VRPBTW,752,no_feasible_candidate,,
VRPBTW,753,no_feasible_candidate,,
VRPBTW,754,ok,20.5196631532,15
VRPBTW,755,ok,15.5750259028,15
VRPBTW,756,no_feasible_candidate,,
VRPBTW,757,ok,20.2077233759,18
VRPBTW,758,ok,24.9305478597,19
VRPBTW,759,no_feasible_candidate,,
VRPBTW,760,no_feasible_candidate,,
VRPBTW,761,ok,18.7659296934,16
VRPBTW,762,ok,21.8209817912,16
VRPBTW,763,ok,26.6814571609,19
VRPBTW,764,ok,25.5492035443,19
VRPBTW,765,no_feasible_candidate,,
VRPBTW,766,ok,24.4416767752,17
VRPBTW,767,no_feasible_candidate,,
VRPBTW,768,no_feasible_candidate,,
VRPBTW,769,no_feasible_candidate,,
VRPBTW,770,no_feasible_candidate,,
VRPBTW,771,no_feasible_candidate,,
VRPBTW,772,ok,16.0584872803,13
VRPBTW,773,ok,17.3151213268,15
VRPBTW,774,no_feasible_candidate,,
VRPBTW,775,no_feasible_candidate,,
VRPBTW,776,no_feasible_candidate,,
VRPBTW,777,no_feasible_candidate,,
VRPBTW,778,ok,21.1383083530,19
VRPBTW,779,ok,15.1271511134,15
VRPBTW,780,ok,27.1814367858,19
VRPBTW,781,no_feasible_candidate,,
VRPBTW,782,no_feasible_candidate,,
VRPBTW,783,no_feasible_candidate,,
VRPBTW,784,ok,22.5046657550,17
VRPBTW,785,no_feasible_candidate,,
VRPBTW,786,no_feasible_candidate,,
VRPBTW,787,no_feasible_candidate,,
VRPBTW,788,ok,26.4025498574,19
VRPBTW,789,no_feasible_candidate,,
VRPBTW,790,no_feasible_candidate,,
VRPBTW,791,no_feasible_candidate,,
VRPBTW,792,no_feasible_candidate,,
VRPBTW,793,no_feasible_candidate,,
VRPBTW,794,ok,15.2091975650,14
VRPBTW,795,no_feasible_candidate,,
VRPBTW,796,no_feasible_candidate,,
VRPBTW,797,no_feasible_candidate,,
VRPBTW,798,no_feasible_candidate,,
VRPBTW,799,no_feasible_candidate,,
VRPBTW,800,ok,15.6121898129,14
VRPBTW,801,no_feasible_candidate,,
VRPBTW,802,no_feasible_candidate,,
VRPBTW,803,no_feasible_candidate,,
VRPBTW,804,no_feasible_candidate,,
VRPBTW,805,no_feasible_candidate,,
VRPBTW,806,ok,27.3883532402,18
VRPBTW,807,ok,26.1411514093,18
VRPBTW,808,no_feasible_candidate,,
VRPBTW,809,no_feasible_candidate,,
VRPBTW,810,ok,25.4202926569,19
VRPBTW,811,ok,19.9504196235,16
VRPBTW,812,no_feasible_candidate,,
VRPBTW,813,no_feasible_candidate,,
VRPBTW,814,no_feasible_candidate,,
VRPBTW,815,no_feasible_candidate,,
VRPBTW,816,no_feasible_candidate,,
VRPBTW,817,no_feasible_candidate,,
VRPBTW,818,ok,25.5607868842,20
VRPBTW,819,no_feasible_candidate,,
VRPBTW,820,ok,17.2916355323,17
VRPBTW,821,no_feasible_candidate,,
VRPBTW,822,no_feasible_candidate,,
VRPBTW,823,no_feasible_candidate,,
VRPBTW,824,no_feasible_candidate,,
VRPBTW,825,no_feasible_candidate,,
VRPBTW,826,no_feasible_candidate,,
VRPBTW,827,no_feasible_candidate,,
VRPBTW,828,no_feasible_candidate,,
VRPBTW,829,no_feasible_candidate,,
VRPBTW,830,no_feasible_candidate,,
VRPBTW,831,no_feasible_candidate,,
VRPBTW,832,no_feasible_candidate,,
VRPBTW,833,no_feasible_candidate,,
VRPBTW,834,no_feasible_candidate,,
VRPBTW,835,no_feasible_candidate,,
VRPBTW,836,no_feasible_candidate,,
VRPBTW,837,no_feasible_candidate,,
VRPBTW,838,no_feasible_candidate,,
VRPBTW,839,no_feasible_candidate,,
VRPBTW,840,ok,19.3748536914,16
VRPBTW,841,no_feasible_candidate,,
VRPBTW,842,no_feasible_candidate,,
VRPBTW,843,no_feasible_candidate,,
VRPBTW,844,no_feasible_candidate,,
VRPBTW,845,ok,24.6233418269,17
VRPBTW,846,no_feasible_candidate,,
VRPBTW,847,no_feasible_candidate,,
VRPBTW,848,no_feasible_candidate,,
VRPBTW,849,no_feasible_candidate,,
VRPBTW,850,no_feasible_candidate,,
VRPBTW,851,no_feasible_candidate,,
VRPBTW,852,no_feasible_candidate,,
VRPBTW,853,no_feasible_candidate,,
VRPBTW,854,no_feasible_candidate,,
VRPBTW,855,no_feasible_candidate,,
VRPBTW,856,no_feasible_candidate,,
VRPBTW,857,ok,17.7155915719,15
VRPBTW,858,no_feasible_candidate,,
VRPBTW,859,no_feasible_candidate,,
VRPBTW,860,no_feasible_candidate,,
VRPBTW,861,no_feasible_candidate,,
VRPBTW,862,no_feasible_candidate,,
VRPBTW,863,no_feasible_candidate,,
VRPBTW,864,no_feasible_candidate,,
VRPBTW,865,no_feasible_candidate,,
VRPBTW,866,no_feasible_candidate,,
VRPBTW,867,no_feasible_candidate,,
VRPBTW,868,no_feasible_candidate,,
VRPBTW,869,no_feasible_candidate,,
VRPBTW,870,no_feasible_candidate,,
VRPBTW,871,no_feasible_candidate,,
VRPBTW,872,no_feasible_candidate,,
VRPBTW,873,no_feasible_candidate,,
VRPBTW,874,no_feasible_candidate,,
VRPBTW,875,no_feasible_candidate,,
VRPBTW,876,no_feasible_candidate,,
VRPBTW,877,no_feasible_candidate,,
VRPBTW,878,no_feasible_candidate,,
VRPBTW,879,ok,21.5986835662,18
VRPBTW,880,no_feasible_candidate,,
VRPBTW,881,no_feasible_candidate,,
VRPBTW,882,no_feasible_candidate,,
VRPBTW,883,no_feasible_candidate,,
VRPBTW,884,no_feasible_candidate,,
VRPBTW,885,no_feasible_candidate,,
VRPBTW,886,no_feasible_candidate,,
VRPBTW,887,no_feasible_candidate,,
VRPBTW,888,no_feasible_candidate,,
VRPBTW,889,ok,20.8663530716,15
VRPBTW,890,no_feasible_candidate,,
VRPBTW,891,no_feasible_candidate,,
VRPBTW,892,ok,29.2133379351,19
VRPBTW,893,no_feasible_candidate,,
VRPBTW,894,no_feasible_candidate,,
VRPBTW,895,no_feasible_candidate,,
VRPBTW,896,no_feasible_candidate,,
VRPBTW,897,no_feasible_candidate,,
VRPBTW,898,ok,21.5948850296,18
VRPBTW,899,ok,19.7854040549,14
VRPBTW,900,no_feasible_candidate,,
VRPBTW,901,no_feasible_candidate,,
VRPBTW,902,no_feasible_candidate,,
VRPBTW,903,no_feasible_candidate,,
VRPBTW,904,ok,20.1415126710,15
VRPBTW,905,ok,21.7746983433,15
VRPBTW,906,no_feasible_candidate,,
VRPBTW,907,ok,19.8695936897,17
VRPBTW,908,no_feasible_candidate,,
VRPBTW,909,ok,15.7334584342,15
VRPBTW,910,no_feasible_candidate,,
VRPBTW,911,no_feasible_candidate,,
VRPBTW,912,no_feasible_candidate,,
VRPBTW,913,no_feasible_candidate,,
VRPBTW,914,no_feasible_candidate,,
VRPBTW,915,no_feasible_candidate,,
VRPBTW,916,no_feasible_candidate,,
VRPBTW,917,no_feasible_candidate,,
VRPBTW,918,no_feasible_candidate,,
VRPBTW,919,no_feasible_candidate,,
VRPBTW,920,no_feasible_candidate,,
VRPBTW,921,no_feasible_candidate,,
VRPBTW,922,no_feasible_candidate,,
VRPBTW,923,no_feasible_candidate,,
VRPBTW,924,no_feasible_candidate,,
VRPBTW,925,no_feasible_candidate,,
VRPBTW,926,no_feasible_candidate,,
VRPBTW,927,no_feasible_candidate,,
VRPBTW,928,no_feasible_candidate,,
VRPBTW,929,no_feasible_candidate,,
VRPBTW,930,no_feasible_candidate,,
VRPBTW,931,no_feasible_candidate,,
VRPBTW,932,ok,15.7192395545,15
VRPBTW,933,no_feasible_candidate,,
VRPBTW,934,no_feasible_candidate,,
VRPBTW,935,no_feasible_candidate,,
VRPBTW,936,no_feasible_candidate,,
VRPBTW,937,no_feasible_candidate,,
VRPBTW,938,no_feasible_candidate,,
VRPBTW,939,no_feasible_candidate,,
VRPBTW,940,no_feasible_candidate,,
VRPBTW,941,no_feasible_candidate,,
VRPBTW,942,no_feasible_candidate,,
VRPBTW,943,no_feasible_candidate,,
VRPBTW,944,no_feasible_candidate,,
VRPBTW,945,no_feasible_candidate,,
VRPBTW,946,no_feasible_candidate,,
VRPBTW,947,no_feasible_candidate,,
VRPBTW,948,ok,27.4693112304,18
VRPBTW,949,no_feasible_candidate,,
VRPBTW,950,no_feasible_candidate,,
VRPBTW,951,no_feasible_candidate,,
VRPBTW,952,no_feasible_candidate,,
VRPBTW,953,no_feasible_candidate,,
VRPBTW,954,no_feasible_candidate,,
VRPBTW,955,no_feasible_candidate,,
VRPBTW,956,no_feasible_candidate,,
VRPBTW,957,no_feasible_candidate,,
VRPBTW,958,ok,27.4377596063,19
VRPBTW,959,no_feasible_candidate,,
VRPBTW,960,no_feasible_candidate,,
VRPBTW,961,no_feasible_candidate,,
VRPBTW,962,no_feasible_candidate,,
VRPBTW,963,no_feasible_candidate,,
VRPBTW,964,no_feasible_candidate,,
VRPBTW,965,no_feasible_candidate,,
VRPBTW,966,ok,25.6286014618,17
VRPBTW,967,no_feasible_candidate,,
VRPBTW,968,no_feasible_candidate,,
VRPBTW,969,no_feasible_candidate,,
VRPBTW,970,no_feasible_candidate,,
VRPBTW,971,no_feasible_candidate,,
VRPBTW,972,no_feasible_candidate,,
VRPBTW,973,no_feasible_candidate,,
VRPBTW,974,no_feasible_candidate,,
VRPBTW,975,no_feasible_candidate,,
VRPBTW,976,no_feasible_candidate,,
VRPBTW,977,no_feasible_candidate,,
VRPBTW,978,no_feasible_candidate,,
VRPBTW,979,no_feasible_candidate,,
VRPBTW,980,no_feasible_candidate,,
VRPBTW,981,ok,21.7716440285,19
VRPBTW,982,ok,22.8954578822,17
VRPBTW,983,no_feasible_candidate,,
VRPBTW,984,ok,19.0100682527,16
VRPBTW,985,no_feasible_candidate,,
VRPBTW,986,no_feasible_candidate,,
VRPBTW,987,no_feasible_candidate,,
VRPBTW,988,no_feasible_candidate,,
VRPBTW,989,no_feasible_candidate,,
VRPBTW,990,no_feasible_candidate,,
VRPBTW,991,ok,16.9219446773,16
VRPBTW,992,no_feasible_candidate,,
VRPBTW,993,no_feasible_candidate,,
VRPBTW,994,no_feasible_candidate,,
VRPBTW,995,no_feasible_candidate,,
VRPBTW,996,no_feasible_candidate,,
VRPBTW,997,no_feasible_candidate,,
VRPBTW,998,no_feasible_candidate,,
VRPBTW,999,no_feasible_candidate,,
VRPLTW,0,ok,16.1068451891,14
VRPLTW,1,ok,17.0799474683,14
VRPLTW,2,ok,14.8389280707,15
VRPLTW,3,ok,18.3590831948,17
VRPLTW,4,ok,21.3151935540,15
VRPLTW,5,ok,16.0191925614,13
VRPLTW,6,ok,20.3463163080,16
VRPLTW,7,ok,18.3891386645,15
VRPLTW,8,ok,16.1073652786,12
VRPLTW,9,ok,22.9468599770,16
VRPLTW,10,ok,15.0336277885,15
VRPLTW,11,ok,18.6903671886,19
VRPLTW,12,ok,14.9497759553,15
VRPLTW,13,ok,16.3774545917,14
VRPLTW,14,ok,22.7666069890,14
VRPLTW,15,ok,17.8589032671,16
VRPLTW,16,ok,12.8570979754,14
VRPLTW,17,ok,15.6746648170,15
VRPLTW,18,ok,15.4213621886,13
VRPLTW,19,ok,18.3793790612,16
VRPLTW,20,ok,14.6468597882,15
VRPLTW,21,ok,14.4062967583,13
VRPLTW,22,ok,24.1170643619,15
VRPLTW,23,ok,18.9500381193,14
VRPLTW,24,ok,24.6282146534,16
VRPLTW,25,ok,14.2800074982,12
VRPLTW,26,ok,16.7842385330,16
VRPLTW,27,ok,21.0163236719,15
VRPLTW,28,ok,20.0580797268,16
VRPLTW,29,ok,14.7515397730,15
VRPLTW,30,ok,19.0304134364,17
VRPLTW,31,ok,21.6473560532,14
VRPLTW,32,ok,27.4430467766,17
VRPLTW,33,ok,22.2646066214,15
VRPLTW,34,ok,15.8258781937,14
VRPLTW,35,ok,17.9713784442,15
VRPLTW,36,ok,14.4912449462,14
VRPLTW,37,ok,14.3903910431,14
VRPLTW,38,ok,21.4684856894,15
VRPLTW,39,ok,14.1606588527,15
VRPLTW,40,ok,15.4357777647,14
VRPLTW,41,ok,16.9364243194,13
VRPLTW,42,ok,19.3079837204,15
VRPLTW,43,ok,15.2781645154,15
VRPLTW,44,ok,18.4896057306,15
VRPLTW,45,ok,15.1395754078,14
VRPLTW,46,ok,15.7769077565,14
VRPLTW,47,ok,19.9490442933,16
VRPLTW,48,ok,20.2593252119,15
VRPLTW,49,ok,16.4422372137,15
VRPLTW,50,ok,20.2282469638,15
VRPLTW,51,ok,24.1460794342,15
VRPLTW,52,ok,19.1674338401,17
VRPLTW,53,ok,17.4258648202,15
VRPLTW,54,ok,17.7881118602,15
VRPLTW,55,ok,18.8846323952,17
VRPLTW,56,ok,16.0354155748,16
VRPLTW,57,ok,20.3215101228,16
VRPLTW,58,ok,18.3698780811,16
VRPLTW,59,ok,13.7938221679,14
VRPLTW,60,ok,17.0405184387,16
VRPLTW,61,ok,19.0551944570,14
VRPLTW,62,ok,20.5224957947,13
VRPLTW,63,ok,17.0130777301,18
VRPLTW,64,ok,20.1285370657,15
VRPLTW,65,ok,20.1824666572,16
VRPLTW,66,ok,19.6945909564,16
VRPLTW,67,ok,19.9985533129,14
VRPLTW,68,ok,19.5415710997,15
VRPLTW,69,ok,15.3985130667,15
VRPLTW,70,ok,25.7759794808,15
VRPLTW,71,ok,13.7456324673,13
VRPLTW,72,ok,17.5230845727,14
VRPLTW,73,ok,15.4955182444,13
VRPLTW,74,ok,15.5030549109,15
VRPLTW,75,ok,19.2544171766,15
VRPLTW,76,ok,15.9377972005,15
VRPLTW,77,ok,21.9345965695,17
VRPLTW,78,ok,16.0027660527,14
VRPLTW,79,ok,26.1371126902,17
VRPLTW,80,ok,14.1457002923,14
VRPLTW,81,ok,14.9672643599,14
VRPLTW,82,ok,24.1167991241,16
VRPLTW,83,ok,14.2602874021,13
VRPLTW,84,ok,16.4739352276,16
VRPLTW,85,ok,13.7591840300,13
VRPLTW,86,ok,18.6113773051,16
VRPLTW,87,ok,13.9081877653,15
VRPLTW,88,ok,13.5759691598,13
VRPLTW,89,ok,17.6551666458,14
VRPLTW,90,ok,20.3786788992,16
VRPLTW,91,ok,18.1448390256,17
VRPLTW,92,ok,19.6131178508,15
VRPLTW,93,ok,16.1451874464,14
VRPLTW,94,ok,17.2723638397,15
VRPLTW,95,ok,18.4945192974,15
VRPLTW,96,ok,14.3754901026,13
VRPLTW,97,ok,17.1771135756,16
VRPLTW,98,ok,28.6190861610,16
VRPLTW,99,ok,14.0309081663,15
VRPLTW,100,ok,15.8180337561,14
VRPLTW,101,ok,22.0251252348,15
VRPLTW,102,ok,16.7772941221,15
VRPLTW,103,ok,16.6294681251,14
VRPLTW,104,ok,15.6365630446,16
VRPLTW,105,ok,14.6515122712,14
VRPLTW,106,ok,17.3615959597,13
VRPLTW,107,ok,16.1791976125,14
VRPLTW,108,ok,14.9585058848,14
VRPLTW,109,ok,18.1433933088,14
VRPLTW,110,ok,18.5719369532,16
VRPLTW,111,ok,15.9827486286,15
VRPLTW,112,ok,21.9056817624,16
VRPLTW,113,ok,15.3327954399,14
VRPLTW,114,ok,19.5063600899,13
VRPLTW,115,ok,14.5612482509,14
VRPLTW,116,ok,19.7674102233,14
VRPLTW,117,ok,14.9848069065,14
VRPLTW,118,ok,26.0968568830,16
VRPLTW,119,ok,15.6969959900,14
VRPLTW,120,ok,21.4284074437,14
VRPLTW,121,ok,14.5375577009,12
VRPLTW,122,ok,23.1345196436,15
VRPLTW,123,ok,17.8619703276,14
VRPLTW,124,ok,14.0603354997,13
VRPLTW,125,ok,18.4947881978,15
VRPLTW,126,ok,18.2155511684,17
VRPLTW,127,ok,15.2554645330,14
VRPLTW,128,ok,14.4846669459,15
VRPLTW,129,ok,19.5436015015,15
VRPLTW,130,ok,15.6424659128,14
VRPLTW,131,ok,15.9480195531,17
VRPLTW,132,ok,21.1509708189,13
VRPLTW,133,ok,15.3427638263,14
VRPLTW,134,ok,17.3024180500,14
VRPLTW,135,ok,18.5263251156,15
VRPLTW,136,ok,20.3112334940,16
VRPLTW,137,ok,17.4265635869,15
VRPLTW,138,ok,13.3212552393,14
VRPLTW,139,ok,16.7103986734,16
VRPLTW,140,ok,15.2117093613,13
VRPLTW,141,ok,20.9430086599,16
VRPLTW,142,ok,31.9338196803,20
VRPLTW,143,ok,18.4322848961,15
VRPLTW,144,ok,19.5262111989,15
VRPLTW,145,ok,19.3020002331,15
VRPLTW,146,ok,21.2281065452,16
VRPLTW,147,ok,14.7026969846,14
VRPLTW,148,ok,27.6051773069,17
VRPLTW,149,ok,18.4595219861,16
VRPLTW,150,ok,18.5324324880,16
VRPLTW,151,ok,13.7917952463,14
VRPLTW,152,ok,25.1935467776,16
VRPLTW,153,ok,27.8040009289,15
VRPLTW,154,ok,13.3700839362,13
VRPLTW,155,ok,17.0763558729,15
VRPLTW,156,ok,16.2216565925,15
VRPLTW,157,ok,14.1129175328,14
VRPLTW,158,ok,18.5660612883,14
VRPLTW,159,ok,18.3908957972,15
VRPLTW,160,ok,14.3444586003,15
VRPLTW,161,ok,16.2239486986,14
VRPLTW,162,ok,17.7956009785,14
VRPLTW,163,ok,26.5407111225,18
VRPLTW,164,ok,15.1964874474,16
VRPLTW,165,ok,19.3290201299,16
VRPLTW,166,ok,16.3484307990,13
VRPLTW,167,ok,16.0445426142,15
VRPLTW,168,ok,14.6543781332,14
VRPLTW,169,ok,19.3211783289,16
VRPLTW,170,ok,19.6588754976,16
VRPLTW,171,ok,14.0321092847,15
VRPLTW,172,ok,18.7396886278,18
VRPLTW,173,ok,18.5378369204,13
VRPLTW,174,ok,16.5154223518,16
VRPLTW,175,ok,22.3725956768,16
VRPLTW,176,ok,16.8969035312,14
VRPLTW,177,ok,15.1558297553,16
VRPLTW,178,ok,18.3350838666,13
VRPLTW,179,ok,17.0589135156,13
VRPLTW,180,ok,20.7589619613,15
VRPLTW,181,ok,23.6756610477,15
VRPLTW,182,ok,23.1466314667,16
VRPLTW,183,ok,19.5174182318,14
VRPLTW,184,ok,15.9803392465,15
VRPLTW,185,ok,26.0697053383,17
VRPLTW,186,ok,22.4786563294,14
VRPLTW,187,ok,18.5981012637,16
VRPLTW,188,ok,20.7131960204,14
VRPLTW,189,ok,15.9152409232,15
VRPLTW,190,ok,14.3287292576,13
VRPLTW,191,ok,21.9497012829,16
VRPLTW,192,ok,23.9174306196,16
VRPLTW,193,ok,18.1423439026,14
VRPLTW,194,ok,18.8688456584,15
VRPLTW,195,ok,17.6500863894,15
VRPLTW,196,ok,20.8666900804,15
VRPLTW,197,ok,21.3217491673,15
VRPLTW,198,ok,17.6239557274,13
VRPLTW,199,ok,16.0807399326,14
VRPLTW,200,ok,23.4906087714,15
VRPLTW,201,ok,17.9828092112,14
VRPLTW,202,ok,16.9091830357,16
VRPLTW,203,ok,19.6313940610,14
VRPLTW,204,ok,18.4753378574,17
VRPLTW,205,ok,16.4014588904,14
VRPLTW,206,ok,15.0738279168,12
VRPLTW,207,ok,20.7511029308,15
VRPLTW,208,ok,24.4977158504,16
VRPLTW,209,ok,20.8607026251,16
VRPLTW,210,ok,17.6999438458,14
VRPLTW,211,ok,15.4123313005,14
VRPLTW,212,ok,19.6851282666,14
VRPLTW,213,ok,20.0296699267,14
VRPLTW,214,ok,20.8029382426,15
VRPLTW,215,ok,19.1793407130,14
VRPLTW,216,ok,17.3600559573,14
VRPLTW,217,ok,17.3568769011,15
VRPLTW,218,ok,19.7103841015,13
VRPLTW,219,ok,14.3339644225,14
VRPLTW,220,ok,21.9923882903,17
VRPLTW,221,ok,16.4931579277,14
VRPLTW,222,ok,18.5071772485,14
VRPLTW,223,ok,17.6992658030,14
VRPLTW,224,ok,15.0493573679,15
VRPLTW,225,ok,15.6099625543,14
VRPLTW,226,ok,16.5966542873,15
VRPLTW,227,ok,20.1397004518,15
VRPLTW,228,ok,16.9634097401,15
VRPLTW,229,ok,16.6414453472,17
VRPLTW,230,ok,20.6519450058,15
VRPLTW,231,ok,24.5423244421,16
VRPLTW,232,ok,19.3310782501,14
VRPLTW,233,ok,18.4042862630,16
VRPLTW,234,ok,27.7909430244,18
VRPLTW,235,ok,21.5521502523,15
VRPLTW,236,ok,28.5699607719,16
VRPLTW,237,ok,15.4214842905,14
VRPLTW,238,ok,19.7169194149,14
VRPLTW,239,ok,18.7640011894,16
VRPLTW,240,ok,18.1349442696,15
VRPLTW,241,ok,25.8907374021,17
VRPLTW,242,ok,14.2258969597,14
VRPLTW,243,ok,16.2829475306,14
VRPLTW,244,ok,18.5223430005,13
VRPLTW,245,ok,24.8063927417,17
VRPLTW,246,ok,18.7116371709,16
VRPLTW,247,ok,14.0224924489,15
VRPLTW,248,ok,22.3726650199,16
VRPLTW,249,ok,18.7365191027,15
VRPLTW,250,ok,25.2293866587,17
VRPLTW,251,ok,22.1655848966,16
VRPLTW,252,ok,14.5018503245,14
VRPLTW,253,ok,18.8889873568,14
VRPLTW,254,ok,14.3616900833,13
VRPLTW,255,ok,19.1704649272,16
VRPLTW,256,ok,24.0811695980,15
VRPLTW,257,ok,24.1690644794,16
VRPLTW,258,ok,23.5058511915,15
VRPLTW,259,ok,13.5646650589,15
VRPLTW,260,ok,23.3669331170,14
VRPLTW,261,ok,15.6659647527,14
VRPLTW,262,ok,19.6520172990,14
VRPLTW,263,ok,18.9488438496,17
VRPLTW,264,ok,27.8129725162,16
VRPLTW,265,ok,21.7841240595,16
VRPLTW,266,ok,16.3077802469,14
VRPLTW,267,ok,16.5470739235,17
VRPLTW,268,ok,34.2762752758,20
VRPLTW,269,ok,19.6455962212,14
VRPLTW,270,ok,20.3410663344,15
VRPLTW,271,ok,18.5665329057,14
VRPLTW,272,ok,13.6528473381,14
VRPLTW,273,ok,15.3782019408,13
VRPLTW,274,ok,15.6466678772,15
VRPLTW,275,ok,14.3722656293,15
VRPLTW,276,ok,19.0864546931,17
VRPLTW,277,ok,26.8450118045,16
VRPLTW,278,ok,12.2629021315,14
VRPLTW,279,ok,21.5508403136,14
VRPLTW,280,ok,16.3662964372,15
VRPLTW,281,ok,15.1594169400,15
VRPLTW,282,ok,20.4214975176,14
VRPLTW,283,ok,17.7616149688,13
VRPLTW,284,ok,22.3412403129,15
VRPLTW,285,ok,19.1779601428,13
VRPLTW,286,ok,26.1978728053,16
VRPLTW,287,ok,15.3615603539,13
VRPLTW,288,ok,23.2950778805,16
VRPLTW,289,ok,15.5519385340,15
VRPLTW,290,ok,26.5660685946,15
VRPLTW,291,ok,18.0461258946,14
VRPLTW,292,ok,19.7799625890,16
VRPLTW,293,ok,12.8389715704,13
VRPLTW,294,ok,20.1071425382,15
VRPLTW,295,ok,15.2135031019,16
VRPLTW,296,ok,17.1007082095,15
VRPLTW,297,ok,23.1428626179,15
VRPLTW,298,ok,22.8533104840,16
VRPLTW,299,ok,15.7139952047,15
VRPLTW,300,ok,15.9486409283,15
VRPLTW,301,ok,16.9748166935,14
VRPLTW,302,ok,19.8525875584,16
VRPLTW,303,ok,15.8208830929,15
VRPLTW,304,ok,18.3116483835,15
VRPLTW,305,ok,19.4013452277,15
VRPLTW,306,ok,24.7356232394,16
VRPLTW,307,ok,15.3116375983,14
VRPLTW,308,ok,17.8781759483,14
VRPLTW,309,ok,20.4543082449,16
VRPLTW,310,ok,16.6184821498,16
VRPLTW,311,ok,20.5924693740,16
VRPLTW,312,ok,15.8713328236,14
VRPLTW,313,ok,22.7000270317,15
VRPLTW,314,ok,17.1906635454,14
VRPLTW,315,ok,15.6011572202,15
VRPLTW,316,ok,18.3444893299,13
VRPLTW,317,ok,14.0171477241,14
VRPLTW,318,ok,16.9695183738,17
VRPLTW,319,ok,15.7699634055,15
VRPLTW,320,ok,16.9346355823,16
VRPLTW,321,ok,24.8255014294,16
VRPLTW,322,ok,20.7090334020,16
VRPLTW,323,ok,14.8551524771,15
VRPLTW,324,ok,15.7524989000,13
VRPLTW,325,ok,22.4280077428,16
VRPLTW,326,ok,13.9317741102,14
VRPLTW,327,ok,19.8878351273,15
VRPLTW,328,ok,18.8446588073,18
VRPLTW,329,ok,19.1196141838,14
VRPLTW,330,ok,18.1938215525,13
VRPLTW,331,ok,19.0976019994,14
VRPLTW,332,ok,22.3491368832,15
VRPLTW,333,ok,14.8317120956,14
VRPLTW,334,ok,19.2441333709,16
VRPLTW,335,ok,23.0719199188,16
VRPLTW,336,ok,15.3349442049,13
VRPLTW,337,ok,25.2552495733,16
VRPLTW,338,ok,17.2618417980,15
VRPLTW,339,ok,17.9388652308,17
VRPLTW,340,ok,16.3904303476,18
VRPLTW,341,ok,22.0448263439,15
VRPLTW,342,ok,20.0003253625,14
VRPLTW,343,ok,22.3268214539,15
VRPLTW,344,ok,21.4286930669,15
VRPLTW,345,ok,16.6213326411,15
VRPLTW,346,ok,20.3882522988,14
VRPLTW,347,ok,15.1918707531,14
VRPLTW,348,ok,20.8723917436,15
VRPLTW,349,ok,14.1234034047,14
VRPLTW,350,ok,15.7373523270,15
VRPLTW,351,ok,15.0368235899,14
VRPLTW,352,ok,23.0164747389,13
VRPLTW,353,ok,18.6103818935,14
VRPLTW,354,ok,23.4066365796,16
VRPLTW,355,ok,17.8338281364,15
VRPLTW,356,ok,22.3137906033,16
VRPLTW,357,ok,18.2285132843,13
VRPLTW,358,ok,19.1686765635,12
VRPLTW,359,ok,17.8977544533,13
VRPLTW,360,ok,18.6844525493,14
VRPLTW,361,ok,21.8358749603,15
VRPLTW,362,ok,20.8668745638,15
VRPLTW,363,ok,16.8236213274,14
VRPLTW,364,ok,14.6707700911,14
VRPLTW,365,ok,19.9176266558,15
VRPLTW,366,ok,19.5664826216,16
VRPLTW,367,ok,21.4767737873,15
VRPLTW,368,ok,19.9168853429,16
VRPLTW,369,ok,17.1301519287,14
VRPLTW,370,ok,16.8902322650,13
VRPLTW,371,ok,19.3540784901,14
VRPLTW,372,ok,17.8257329105,14
VRPLTW,373,ok,17.7572572426,15
VRPLTW,374,ok,22.5103340169,15
VRPLTW,375,ok,14.5403645265,14
VRPLTW,376,ok,17.9755899343,15
VRPLTW,377,ok,16.5737981739,15
VRPLTW,378,ok,20.1766562039,14
VRPLTW,379,ok,14.9415074007,16
VRPLTW,380,ok,21.1643030908,14
VRPLTW,381,ok,19.1671010918,14
VRPLTW,382,ok,18.9290982132,15
VRPLTW,383,ok,16.4325206018,15
VRPLTW,384,ok,20.7553025048,15
VRPLTW,385,ok,22.2439673471,16
VRPLTW,386,ok,15.4146397721,16
VRPLTW,387,ok,19.0674503783,13
VRPLTW,388,ok,14.4068965125,14
VRPLTW,389,ok,17.4254914845,15
VRPLTW,390,ok,16.6879022795,14
VRPLTW,391,ok,14.5427187817,11
VRPLTW,392,ok,21.8121909981,16
VRPLTW,393,ok,15.5055483095,15
VRPLTW,394,ok,21.2708356086,16
VRPLTW,395,ok,15.2950800144,14
VRPLTW,396,ok,20.6894968023,12
VRPLTW,397,ok,27.9960615115,17
VRPLTW,398,ok,15.7826935483,13
VRPLTW,399,ok,16.6873731457,13
VRPLTW,400,ok,17.7941377116,17
VRPLTW,401,ok,22.7830920818,17
VRPLTW,402,ok,17.8940838084,16
VRPLTW,403,ok,28.1854940077,17
VRPLTW,404,ok,21.9579353951,14
VRPLTW,405,ok,18.4712650783,17
VRPLTW,406,ok,18.9607543223,17
VRPLTW,407,ok,18.4017729636,17
VRPLTW,408,ok,14.9715743142,14
VRPLTW,409,ok,18.4364043408,14
VRPLTW,410,ok,17.6244751658,15
VRPLTW,411,ok,20.0141102051,17
VRPLTW,412,ok,17.1346178334,17
VRPLTW,413,ok,12.9557162111,10
VRPLTW,414,ok,15.3150531828,16
VRPLTW,415,ok,14.6759043884,16
VRPLTW,416,ok,15.0940928620,14
VRPLTW,417,ok,15.3748049145,14
VRPLTW,418,ok,16.6659250132,17
VRPLTW,419,ok,15.2733995635,17
VRPLTW,420,ok,23.9490080266,16
VRPLTW,421,ok,14.0620465459,13
VRPLTW,422,ok,23.4116334913,14
VRPLTW,423,ok,15.0649697538,15
VRPLTW,424,ok,27.5135209924,16
VRPLTW,425,ok,14.7362490257,15
VRPLTW,426,ok,17.6742933748,14
VRPLTW,427,ok,20.2185663408,15
VRPLTW,428,ok,17.6698034001,15
VRPLTW,429,ok,22.8257633227,16
VRPLTW,430,ok,16.0109086591,17
VRPLTW,431,ok,20.6306248795,14
VRPLTW,432,ok,23.9993704851,16
VRPLTW,433,ok,15.6632355932,14
VRPLTW,434,ok,21.0968657424,15
VRPLTW,435,ok,22.7961741153,17
VRPLTW,436,ok,15.0936243716,15
VRPLTW,437,ok,17.9855551310,14
VRPLTW,438,ok,19.6782088791,13
VRPLTW,439,ok,19.2938979323,14
VRPLTW,440,ok,24.8416770570,15
VRPLTW,441,ok,14.2250263245,13
VRPLTW,442,ok,15.4979346738,16
VRPLTW,443,ok,14.0990110502,14
VRPLTW,444,ok,15.8701533524,14
VRPLTW,445,ok,21.2687773042,13
VRPLTW,446,ok,16.2224362576,14
VRPLTW,447,ok,18.9091772781,14
VRPLTW,448,ok,18.3285466685,13
VRPLTW,449,ok,21.6697417591,15
VRPLTW,450,ok,22.0448857190,16
VRPLTW,451,ok,18.7096533264,15
VRPLTW,452,ok,20.4792289464,14
VRPLTW,453,ok,19.9039731443,15
VRPLTW,454,ok,17.7481869844,13
VRPLTW,455,ok,22.6233977123,17
VRPLTW,456,ok,14.8667076842,13
VRPLTW,457,ok,19.0823554350,16
VRPLTW,458,ok,16.8400478594,15
VRPLTW,459,ok,23.9674327551,17
VRPLTW,460,ok,19.8110798727,14
VRPLTW,461,ok,19.7435726598,15
VRPLTW,462,ok,15.5863853944,14
VRPLTW,463,ok,19.5221375753,15
VRPLTW,464,ok,17.5608801740,14
VRPLTW,465,ok,15.8344272297,17
VRPLTW,466,ok,18.1188505021,16
VRPLTW,467,ok,18.2115238691,16
VRPLTW,468,ok,17.8455772028,13
VRPLTW,469,ok,22.9422616718,17
VRPLTW,470,ok,18.8476786255,16
VRPLTW,471,ok,19.9638756506,15
VRPLTW,472,ok,21.1082092533,15
VRPLTW,473,ok,19.2614460822,15
VRPLTW,474,ok,13.8698995426,13
VRPLTW,475,ok,13.9043423993,13
VRPLTW,476,ok,19.6158916910,14
VRPLTW,477,ok,15.1188146806,15
VRPLTW,478,ok,17.8564531312,15
VRPLTW,479,ok,16.7014061363,16
VRPLTW,480,ok,16.3622247599,17
VRPLTW,481,ok,17.6886726116,15
VRPLTW,482,ok,14.3791771575,13
VRPLTW,483,ok,22.2544688086,15
VRPLTW,484,ok,18.3099035497,15
VRPLTW,485,ok,15.1118397070,13
VRPLTW,486,ok,20.2751596539,15
VRPLTW,487,ok,15.2872860210,13
VRPLTW,488,ok,16.9653445714,13
VRPLTW,489,ok,19.8515135303,15
VRPLTW,490,ok,16.9139969861,13
VRPLTW,491,ok,15.6553404916,14
VRPLTW,492,ok,19.1329847987,16
VRPLTW,493,ok,15.2845689949,15
VRPLTW,494,ok,18.7712156541,15
VRPLTW,495,ok,18.3408119589,13
VRPLTW,496,ok,21.3063489299,15
VRPLTW,497,ok,21.4869521213,15
VRPLTW,498,ok,17.2023844728,18
VRPLTW,499,ok,18.0660835180,15
VRPLTW,500,ok,17.8362310105,15
VRPLTW,501,ok,20.0286633811,15
VRPLTW,502,ok,25.8548342327,17
VRPLTW,503,ok,14.7810476767,13
VRPLTW,504,ok,18.5529815701,14
VRPLTW,505,ok,16.9056801046,15
VRPLTW,506,ok,19.5363032891,15
VRPLTW,507,ok,21.4196005662,15
VRPLTW,508,ok,17.1822833985,13
VRPLTW,509,ok,18.0095432894,16
VRPLTW,510,ok,16.7131660438,15
VRPLTW,511,ok,14.6602485126,14
VRPLTW,512,ok,16.7735459260,13
VRPLTW,513,ok,15.3270224587,15
VRPLTW,514,ok,16.9961761961,14
VRPLTW,515,ok,19.6733402377,15
VRPLTW,516,ok,19.5426218982,15
VRPLTW,517,ok,27.3713778533,17
VRPLTW,518,ok,16.5057261826,13
VRPLTW,519,ok,14.8975918857,14
VRPLTW,520,ok,17.8931128261,16
VRPLTW,521,ok,28.2222990516,18
VRPLTW,522,ok,15.4857237096,14
VRPLTW,523,ok,14.6821878011,16
VRPLTW,524,ok,25.0244837383,17
VRPLTW,525,ok,27.2600837074,16
VRPLTW,526,ok,16.9356054204,13
VRPLTW,527,ok,23.4642704260,18
VRPLTW,528,ok,17.0315417432,15
VRPLTW,529,ok,17.3414051649,13
VRPLTW,530,ok,14.7477735360,17
VRPLTW,531,ok,16.0036667356,13
VRPLTW,532,ok,22.8991953122,16
VRPLTW,533,ok,16.1148739017,15
VRPLTW,534,ok,20.8153061672,15
VRPLTW,535,ok,26.9578183686,15
VRPLTW,536,ok,15.9979667845,16
VRPLTW,537,ok,17.9212877045,14
VRPLTW,538,ok,21.6512187437,16
VRPLTW,539,ok,19.7356077667,15
VRPLTW,540,ok,21.7165798242,16
VRPLTW,541,ok,21.4838038244,15
VRPLTW,542,ok,15.3662653897,13
VRPLTW,543,ok,14.7577625888,13
VRPLTW,544,ok,18.4622111078,14
VRPLTW,545,ok,23.6743610452,16
VRPLTW,546,ok,16.4109125024,17
VRPLTW,547,ok,15.1032227408,14
VRPLTW,548,ok,17.3337009221,15
VRPLTW,549,ok,22.5320929782,16
VRPLTW,550,ok,17.0247184570,15
VRPLTW,551,ok,20.3132953374,16
VRPLTW,552,ok,16.7469176320,13
VRPLTW,553,ok,15.7632552387,13
VRPLTW,554,ok,15.3848351822,14
VRPLTW,555,ok,18.7236825541,14
VRPLTW,556,ok,17.0328393328,14
VRPLTW,557,ok,17.6107316671,14
VRPLTW,558,ok,13.9114417349,15
VRPLTW,559,ok,25.9316114696,16
VRPLTW,560,ok,17.2439181737,15
VRPLTW,561,ok,15.6706079649,13
VRPLTW,562,ok,14.6024656530,14
VRPLTW,563,ok,32.4972367128,18
VRPLTW,564,ok,22.1565438704,17
VRPLTW,565,ok,18.2665584262,13
VRPLTW,566,ok,19.7859127149,14
VRPLTW,567,ok,28.4288760454,16
VRPLTW,568,ok,17.3198997212,16
VRPLTW,569,ok,16.5328952351,16
VRPLTW,570,ok,20.2512194471,15
VRPLTW,571,ok,20.5079079695,15
VRPLTW,572,ok,16.0456340629,14
VRPLTW,573,ok,20.3386302765,15
VRPLTW,574,ok,15.8806296597,16
VRPLTW,575,ok,15.7063139603,16
VRPLTW,576,ok,22.6906908418,17
VRPLTW,577,ok,21.2078972318,16
VRPLTW,578,ok,33.9759808252,19
VRPLTW,579,ok,21.5886773076,14
VRPLTW,580,ok,20.8469232596,14
VRPLTW,581,ok,15.3323609930,16
VRPLTW,582,ok,21.3698873152,14
VRPLTW,583,ok,15.6966753080,14
VRPLTW,584,ok,16.9472251552,15
VRPLTW,585,ok,18.3147776849,15
VRPLTW,586,ok,27.1780009527,17
VRPLTW,587,ok,17.7658116163,13
VRPLTW,588,ok,19.4079746679,15
VRPLTW,589,ok,16.1559474335,13
VRPLTW,590,ok,15.0518626585,14
VRPLTW,591,ok,18.4657735830,14
VRPLTW,592,ok,16.9755288530,14
VRPLTW,593,ok,22.6262083330,15
VRPLTW,594,ok,19.8461772382,15
VRPLTW,595,ok,14.3053427513,14
VRPLTW,596,ok,20.6011247054,17
VRPLTW,597,ok,18.9468403364,15
VRPLTW,598,ok,28.2538940425,17
VRPLTW,599,ok,19.6238647436,15
VRPLTW,600,ok,19.3307415063,14
VRPLTW,601,ok,14.0958042373,14
VRPLTW,602,ok,19.8918851112,14
VRPLTW,603,ok,15.2340993236,15
VRPLTW,604,ok,14.3551395692,14
VRPLTW,605,ok,17.8445109118,14
VRPLTW,606,ok,17.3837834613,15
VRPLTW,607,ok,17.2074406180,16
VRPLTW,608,ok,17.3339279913,15
VRPLTW,609,ok,19.6130007498,15
VRPLTW,610,ok,18.3359427879,17
VRPLTW,611,ok,23.0333337705,16
VRPLTW,612,ok,21.5278331367,16
VRPLTW,613,ok,19.7508996344,14
VRPLTW,614,ok,15.0027611703,16
VRPLTW,615,ok,21.6721133595,15
VRPLTW,616,ok,15.3740572177,13
VRPLTW,617,ok,19.6768373422,14
VRPLTW,618,ok,19.7893134876,15
VRPLTW,619,ok,19.4295142157,15
VRPLTW,620,ok,15.3769925065,14
VRPLTW,621,ok,23.3825467886,15
VRPLTW,622,ok,23.1460359514,15
VRPLTW,623,ok,15.5694905817,13
VRPLTW,624,ok,17.0187638411,15
VRPLTW,625,ok,19.6197199344,16
VRPLTW,626,ok,16.4435145254,16
VRPLTW,627,ok,21.4979943734,14
VRPLTW,628,ok,23.6926786245,16
VRPLTW,629,ok,18.1216555114,13
VRPLTW,630,ok,18.4615259310,15
VRPLTW,631,ok,23.2767155429,16
VRPLTW,632,ok,21.5044420298,15
VRPLTW,633,ok,21.3969946330,15
VRPLTW,634,ok,17.3313770143,14
VRPLTW,635,ok,19.9666817063,14
VRPLTW,636,ok,21.8723317583,15
VRPLTW,637,ok,16.3702876397,15
VRPLTW,638,ok,17.5591693599,15
VRPLTW,639,ok,20.1447796529,17
VRPLTW,640,ok,19.6218647830,15
VRPLTW,641,ok,15.9276930333,15
VRPLTW,642,ok,15.1332959860,17
VRPLTW,643,ok,22.1702826274,16
VRPLTW,644,ok,22.6738739555,14
VRPLTW,645,ok,18.7371324548,15
VRPLTW,646,ok,21.7925668455,15
VRPLTW,647,ok,19.7954439060,16
VRPLTW,648,ok,16.5191121924,17
VRPLTW,649,ok,16.5801130516,15
VRPLTW,650,ok,17.1496695522,15
VRPLTW,651,ok,13.2153835011,15
VRPLTW,652,ok,14.8964727778,14
VRPLTW,653,ok,24.7544630538,15
VRPLTW,654,ok,20.0397177057,13
VRPLTW,655,ok,19.5789918868,14
VRPLTW,656,ok,14.4577497728,15
VRPLTW,657,ok,17.8160660225,16
VRPLTW,658,ok,18.0604618782,15
VRPLTW,659,ok,18.0609282687,15
VRPLTW,660,ok,16.8727017217,15
VRPLTW,661,ok,17.0227091599,16
VRPLTW,662,ok,13.9695915965,12
VRPLTW,663,ok,15.4601360326,16
VRPLTW,664,ok,16.0466897307,16
VRPLTW,665,ok,13.5289912461,12
VRPLTW,666,ok,15.8780931580,13
VRPLTW,667,ok,16.7262436942,15
VRPLTW,668,ok,14.5509707834,15
VRPLTW,669,ok,17.7872621438,15
VRPLTW,670,ok,13.7516302199,13
VRPLTW,671,ok,19.5176256383,15
VRPLTW,672,ok,22.2965663502,14
VRPLTW,673,ok,18.1222991902,15
VRPLTW,674,ok,13.7471372194,13
VRPLTW,675,ok,17.4632844931,15
VRPLTW,676,ok,14.8714827155,14
VRPLTW,677,ok,17.5441875030,16
VRPLTW,678,ok,15.1625116813,16
VRPLTW,679,ok,17.6777369268,15
VRPLTW,680,ok,13.3495386449,13
VRPLTW,681,ok,24.3714164906,16
VRPLTW,682,ok,19.8149802633,15
VRPLTW,683,ok,19.0570135838,15
VRPLTW,684,ok,20.1296904071,14
VRPLTW,685,ok,13.6748908557,13
VRPLTW,686,ok,17.1773479613,15
VRPLTW,687,ok,21.4766145782,15
VRPLTW,688,ok,16.2568606034,17
VRPLTW,689,ok,17.2165134642,16
VRPLTW,690,ok,21.1708343636,17
VRPLTW,691,ok,14.2964411475,13
VRPLTW,692,ok,16.8299929064,14
VRPLTW,693,ok,18.4713286503,14
VRPLTW,694,ok,13.2685514076,14
VRPLTW,695,ok,19.3275360766,14
VRPLTW,696,ok,14.4250490628,15
VRPLTW,697,ok,22.4629716206,15
VRPLTW,698,ok,18.2102581216,15
VRPLTW,699,ok,13.3758459258,14
VRPLTW,700,ok,19.2322707773,14
VRPLTW,701,ok,15.7599796510,16
VRPLTW,702,ok,14.6453314375,14
VRPLTW,703,ok,20.7051146081,15
VRPLTW,704,ok,16.6993493828,15
VRPLTW,705,ok,13.7733401773,13
VRPLTW,706,ok,14.4146273347,16
VRPLTW,707,ok,19.2824279515,15
VRPLTW,708,ok,24.6241052772,18
VRPLTW,709,ok,16.5475828435,15
VRPLTW,710,ok,15.3364911671,13
VRPLTW,711,ok,18.2010685706,15
VRPLTW,712,ok,15.2083167172,13
VRPLTW,713,ok,22.7850303193,14
VRPLTW,714,ok,17.1779028012,16
VRPLTW,715,ok,15.9167626974,14
VRPLTW,716,ok,20.9675961938,15
VRPLTW,717,ok,17.3024477814,15
VRPLTW,718,ok,16.3134317690,13
VRPLTW,719,ok,16.3046607972,16
VRPLTW,720,ok,17.5164627568,13
VRPLTW,721,ok,19.9976656740,15
VRPLTW,722,ok,17.8313021906,15
VRPLTW,723,ok,18.9004873175,16
VRPLTW,724,ok,20.7854678984,16
VRPLTW,725,ok,17.5594969324,15
VRPLTW,726,ok,16.7261082259,15
VRPLTW,727,ok,16.9804804617,16
VRPLTW,728,ok,21.4844948663,17
VRPLTW,729,ok,18.2281843408,14
VRPLTW,730,ok,18.0451668701,14
VRPLTW,731,ok,17.4598466913,14
VRPLTW,732,ok,16.6854665445,14
VRPLTW,733,ok,15.5456020941,13
VRPLTW,734,ok,16.2474450701,14
VRPLTW,735,ok,17.9027133020,14
VRPLTW,736,ok,13.4867460996,14
VRPLTW,737,ok,17.2325448031,14
VRPLTW,738,ok,19.5093764561,14
VRPLTW,739,ok,12.9623417878,12
VRPLTW,740,ok,20.6150231525,14
VRPLTW,741,ok,17.0760774134,13
VRPLTW,742,ok,20.1322916060,16
VRPLTW,743,ok,17.3700772897,15
VRPLTW,744,ok,22.3672309380,14
VRPLTW,745,ok,23.0528879794,16
VRPLTW,746,ok,25.0309973651,17
VRPLTW,747,ok,23.1566614291,16
VRPLTW,748,ok,23.2443699159,16
VRPLTW,749,ok,23.4322645043,16
VRPLTW,750,ok,14.3300756253,14
VRPLTW,751,ok,14.6865289071,14
VRPLTW,752,ok,21.1036947949,15
VRPLTW,753,ok,15.9493179547,15
VRPLTW,754,ok,15.3401815848,14
VRPLTW,755,ok,21.6226146241,16
VRPLTW,756,ok,21.9969272013,16
VRPLTW,757,ok,19.1740916682,16
VRPLTW,758,ok,18.1417682915,15
VRPLTW,759,ok,17.0414355377,15
VRPLTW,760,ok,18.9403201631,15
VRPLTW,761,ok,25.1265094153,16
VRPLTW,762,ok,18.1072557476,16
VRPLTW,763,ok,20.8031249242,13
VRPLTW,764,ok,17.6642955513,15
VRPLTW,765,ok,14.9997921398,16
VRPLTW,766,ok,13.8720835827,14
VRPLTW,767,ok,20.5367944435,15
VRPLTW,768,ok,16.9993784494,13
VRPLTW,769,ok,20.1958640926,14
VRPLTW,770,ok,19.7011552537,15
VRPLTW,771,ok,15.9060868805,14
VRPLTW,772,ok,15.6544160603,14
VRPLTW,773,ok,18.9472057131,16
VRPLTW,774,ok,16.6137813297,14
VRPLTW,775,ok,23.5804990433,16
VRPLTW,776,ok,21.4318633842,14
VRPLTW,777,ok,24.3437750475,16
VRPLTW,778,ok,19.3380748925,15
VRPLTW,779,ok,16.7601561970,14
VRPLTW,780,ok,11.7225632730,14
VRPLTW,781,ok,16.0704515030,15
VRPLTW,782,ok,22.2564870220,15
VRPLTW,783,ok,15.1755888962,13
VRPLTW,784,ok,16.7727048454,16
VRPLTW,785,ok,15.2060994848,13
VRPLTW,786,ok,23.9781327422,17
VRPLTW,787,ok,16.9090161283,13
VRPLTW,788,ok,15.1119660249,16
VRPLTW,789,ok,25.6253883264,15
VRPLTW,790,ok,17.0606292586,14
VRPLTW,791,ok,21.2142673139,15
VRPLTW,792,ok,19.4607533337,14
VRPLTW,793,ok,18.2468682680,16
VRPLTW,794,ok,21.7635748574,15
VRPLTW,795,ok,19.0310737048,14
VRPLTW,796,ok,18.2483273813,15
VRPLTW,797,ok,20.9026887164,16
VRPLTW,798,ok,22.5838565486,15
VRPLTW,799,ok,22.2499932831,16
VRPLTW,800,ok,18.4132191484,15
VRPLTW,801,ok,18.4090228639,14
VRPLTW,802,ok,16.8703160854,15
VRPLTW,803,ok,14.0383112701,13
VRPLTW,804,ok,25.2409974207,15
VRPLTW,805,ok,16.2061576896,15
VRPLTW,806,ok,21.8823061411,15
VRPLTW,807,ok,20.7098377092,16
VRPLTW,808,ok,17.7778341187,15
VRPLTW,809,ok,20.6318909847,15
VRPLTW,810,ok,21.5278186272,14
VRPLTW,811,ok,21.4283317035,15
VRPLTW,812,ok,17.2320258663,15
VRPLTW,813,ok,15.0969408661,16
VRPLTW,814,ok,20.8544804828,14
VRPLTW,815,ok,18.0776162447,15
VRPLTW,816,ok,15.3013171686,16
VRPLTW,817,ok,15.8392030633,14
VRPLTW,818,ok,17.6249622076,16
VRPLTW,819,ok,16.1556508148,17
VRPLTW,820,ok,22.0989768343,14
VRPLTW,821,ok,14.6327371382,15
VRPLTW,822,ok,18.5831556383,14
VRPLTW,823,ok,27.3513614685,17
VRPLTW,824,ok,18.7058873856,14
VRPLTW,825,ok,14.3513855626,12
VRPLTW,826,ok,17.1571971135,14
VRPLTW,827,ok,14.6923242992,15
VRPLTW,828,ok,15.1429803347,15
VRPLTW,829,ok,21.0288509273,14
VRPLTW,830,ok,14.3809685395,16
VRPLTW,831,ok,19.4482618273,14
VRPLTW,832,ok,30.7596166983,17
VRPLTW,833,ok,13.2962143662,14
VRPLTW,834,ok,18.5580566861,14
VRPLTW,835,ok,16.5999020812,15
VRPLTW,836,ok,21.8830579540,15
VRPLTW,837,ok,18.9619085441,15
VRPLTW,838,ok,21.0553127396,15
VRPLTW,839,ok,25.0207408547,15
VRPLTW,840,ok,22.1670990673,15
VRPLTW,841,ok,20.5946103523,15
VRPLTW,842,ok,14.4940861478,13
VRPLTW,843,ok,20.0266301296,17
VRPLTW,844,ok,20.8584336047,15
VRPLTW,845,ok,15.7019277140,15
VRPLTW,846,ok,14.8764966059,15
VRPLTW,847,ok,14.8580128868,13
VRPLTW,848,ok,22.9273117721,15
VRPLTW,849,ok,18.6362346640,14
VRPLTW,850,ok,20.0920164742,14
VRPLTW,851,ok,14.4260057738,13
VRPLTW,852,ok,21.7187386492,14
VRPLTW,853,ok,17.7054101172,14
VRPLTW,854,ok,16.5030427278,15
VRPLTW,855,ok,15.2503731130,14
VRPLTW,856,ok,19.0805887848,14
VRPLTW,857,ok,16.2685602183,14
VRPLTW,858,ok,20.3691682523,14
VRPLTW,859,ok,15.0829764050,15
VRPLTW,860,ok,21.1920892051,15
VRPLTW,861,ok,16.3976369876,15
VRPLTW,862,ok,18.4354957590,16
VRPLTW,863,ok,20.1364247869,14
VRPLTW,864,ok,18.7730272144,15
VRPLTW,865,ok,16.9079142020,13
VRPLTW,866,ok,14.5372659275,13
VRPLTW,867,ok,26.1279533933,17
VRPLTW,868,ok,17.9240659100,15
VRPLTW,869,ok,15.0656141046,15
VRPLTW,870,ok,19.0179393790,15
VRPLTW,871,ok,17.4306483621,15
VRPLTW,872,ok,18.0179667264,15
VRPLTW,873,ok,17.1989765000,14
VRPLTW,874,ok,20.0246466523,15
VRPLTW,875,ok,20.3445137157,15
VRPLTW,876,ok,21.9230460750,15
VRPLTW,877,ok,16.7715704795,16
VRPLTW,878,ok,17.5809239621,14
VRPLTW,879,ok,20.8919333290,16
VRPLTW,880,ok,15.1649666396,13
VRPLTW,881,ok,15.1862221646,13
VRPLTW,882,ok,17.4471678235,14
VRPLTW,883,ok,22.0688601664,14
VRPLTW,884,ok,16.1688312584,16
VRPLTW,885,ok,26.2968839344,16
VRPLTW,886,ok,19.0690363327,15
VRPLTW,887,ok,15.6824206741,13
VRPLTW,888,ok,25.2687614694,15
VRPLTW,889,ok,16.7446305974,15
VRPLTW,890,ok,29.4452766486,16
VRPLTW,891,ok,15.2351611241,15
VRPLTW,892,ok,14.5130050532,16
VRPLTW,893,ok,21.2048764251,15
VRPLTW,894,ok,16.9697067640,15
VRPLTW,895,ok,26.5461654838,17
VRPLTW,896,ok,16.4825108110,14
VRPLTW,897,ok,16.1399127537,15
VRPLTW,898,ok,20.7963620220,16
VRPLTW,899,ok,28.3253165546,16
VRPLTW,900,ok,16.4417156024,16
VRPLTW,901,ok,17.8836934824,15
VRPLTW,902,ok,19.7191224156,16
VRPLTW,903,ok,22.0485148586,17
VRPLTW,904,ok,14.0484565510,15
VRPLTW,905,ok,19.6483605259,14
VRPLTW,906,ok,16.7478183767,17
VRPLTW,907,ok,22.7120809604,15
VRPLTW,908,ok,21.8982012561,14
VRPLTW,909,ok,15.3108999207,15
VRPLTW,910,ok,21.3469182636,15
VRPLTW,911,ok,17.8651034026,13
VRPLTW,912,ok,16.3887767922,13
VRPLTW,913,ok,19.3384128295,15
VRPLTW,914,ok,18.8122336420,15
VRPLTW,915,ok,20.7920349058,15
VRPLTW,916,ok,26.5035397685,17
VRPLTW,917,ok,15.7818218825,13
VRPLTW,918,ok,15.1729645847,15
VRPLTW,919,ok,15.9540611857,13
VRPLTW,920,ok,16.0952466533,12
VRPLTW,921,ok,21.0220763025,13
VRPLTW,922,ok,23.1604808407,14
VRPLTW,923,ok,21.4145375296,14
VRPLTW,924,ok,31.3211893583,17
VRPLTW,925,ok,21.2393583575,15
VRPLTW,926,ok,18.0990769278,14
VRPLTW,927,ok,24.5657202551,16
VRPLTW,928,ok,18.8397780588,14
VRPLTW,929,ok,14.6841732121,14
VRPLTW,930,ok,21.0246989822,16
VRPLTW,931,ok,16.8456703843,15
VRPLTW,932,ok,15.7300203479,15
VRPLTW,933,ok,19.9640838594,14
VRPLTW,934,ok,17.9058536767,14
VRPLTW,935,ok,22.1394475542,14
VRPLTW,936,ok,20.1581092724,16
VRPLTW,937,ok,16.4583719864,13
VRPLTW,938,ok,20.7147729008,15
VRPLTW,939,ok,19.2557764442,14
VRPLTW,940,ok,19.8151987439,15
VRPLTW,941,ok,20.5243865995,15
VRPLTW,942,ok,15.8316232541,14
VRPLTW,943,ok,19.2991279967,15
VRPLTW,944,ok,23.7094643965,15
VRPLTW,945,ok,17.7097094479,13
VRPLTW,946,ok,14.5220018601,13
VRPLTW,947,ok,13.7044071709,14
VRPLTW,948,ok,18.8046928564,14
VRPLTW,949,ok,14.4054636969,12
VRPLTW,950,ok,18.6540427049,16
VRPLTW,951,ok,17.0157430783,15
VRPLTW,952,ok,14.2624052092,15
VRPLTW,953,ok,18.1268342531,15
VRPLTW,954,ok,15.5825040710,15
VRPLTW,955,ok,14.9229321910,13
VRPLTW,956,ok,17.6655315032,14
VRPLTW,957,ok,18.2038376516,15
VRPLTW,958,ok,14.1868986026,14
VRPLTW,959,ok,28.2402908931,17
VRPLTW,960,ok,17.1767508463,15
VRPLTW,961,ok,19.5391464992,15
VRPLTW,962,ok,18.1571585876,14
VRPLTW,963,ok,14.5701264557,14
VRPLTW,964,ok,19.6528523243,15
VRPLTW,965,ok,14.7197117878,13
VRPLTW,966,ok,14.4200097235,14
VRPLTW,967,ok,14.7504257880,13
VRPLTW,968,ok,18.7528463498,14
VRPLTW,969,ok,15.5465273704,16
VRPLTW,970,ok,16.1791256909,14
VRPLTW,971,ok,18.2837798337,14
VRPLTW,972,ok,17.2790531086,14
VRPLTW,973,ok,15.6328125524,15
VRPLTW,974,ok,15.2692637114,13
VRPLTW,975,ok,20.6517959405,13
VRPLTW,976,ok,19.4097566318,16
VRPLTW,977,ok,20.8550295326,15
VRPLTW,978,ok,20.3406076855,17
VRPLTW,979,ok,18.5690348227,15
VRPLTW,980,ok,16.0715071202,15
VRPLTW,981,ok,15.6654299504,14
VRPLTW,982,ok,24.5905214602,18
VRPLTW,983,ok,16.6463021648,14
VRPLTW,984,ok,19.1572585490,15
VRPLTW,985,ok,18.1240833339,15
VRPLTW,986,ok,16.3621449398,15
VRPLTW,987,ok,17.2010169401,15
VRPLTW,988,ok,18.9708446501,16
VRPLTW,989,ok,17.6662543337,15
VRPLTW,990,ok,17.7797798600,14
VRPLTW,991,ok,17.9183167955,13
VRPLTW,992,ok,21.4697176572,17
VRPLTW,993,ok,18.8110065456,15
VRPLTW,994,ok,16.9661813942,14
VRPLTW,995,ok,19.4503957775,14
VRPLTW,996,ok,17.4123102305,15
VRPLTW,997,ok,23.5821803926,15
VRPLTW,998,ok,18.2850036674,16
VRPLTW,999,ok,16.1455269007,14
OVRPBL,0,ok,6.9956730898,5
OVRPBL,1,ok,6.4167151220,4
OVRPBL,2,ok,6.1002517537,4
OVRPBL,3,ok,6.6304516743,6
OVRPBL,4,ok,6.2657639522,7
OVRPBL,5,ok,5.8396903882,5
OVRPBL,6,ok,6.1570215694,5
OVRPBL,7,ok,5.8349305654,6
OVRPBL,8,ok,6.3312265619,4
OVRPBL,9,ok,6.2980915235,5
OVRPBL,10,ok,5.6705571956,6
OVRPBL,11,ok,6.8783639510,6
OVRPBL,12,ok,7.5850114882,6
OVRPBL,13,ok,6.7094892939,6
OVRPBL,14,ok,6.4788083753,5
OVRPBL,15,ok,5.7117343931,6
OVRPBL,16,ok,6.0125335081,6
OVRPBL,17,ok,6.7136873196,6
OVRPBL,18,ok,6.8460574758,7
OVRPBL,19,ok,6.2159501837,6
OVRPBL,20,ok,6.2676294019,5
OVRPBL,21,ok,6.9962948917,5
OVRPBL,22,ok,6.3397321887,6
OVRPBL,23,ok,6.3748407898,8
OVRPBL,24,ok,5.9640194489,5
OVRPBL,25,ok,7.0863301478,6
OVRPBL,26,ok,6.7215491548,5
OVRPBL,27,ok,5.4690020675,6
OVRPBL,28,ok,6.7833884693,7
OVRPBL,29,ok,7.1166122071,5
OVRPBL,30,ok,7.0105672344,7
OVRPBL,31,ok,6.3372194451,6
OVRPBL,32,ok,6.0606975443,8
OVRPBL,33,ok,6.1023102490,6
OVRPBL,34,ok,7.6767911720,6
OVRPBL,35,ok,6.8030398467,7
OVRPBL,36,ok,6.8852324834,4
OVRPBL,37,ok,7.0726746003,5
OVRPBL,38,ok,6.3392759062,5
OVRPBL,39,ok,5.5867317193,6
OVRPBL,40,ok,5.9859422798,5
OVRPBL,41,ok,6.7917681097,6
OVRPBL,42,ok,6.7037822327,6
OVRPBL,43,ok,6.5749536939,5
OVRPBL,44,ok,6.5948870537,5
OVRPBL,45,ok,6.3033797677,6
OVRPBL,46,ok,6.3872026248,7
OVRPBL,47,ok,6.9059221149,5
OVRPBL,48,ok,6.6761903941,6
OVRPBL,49,ok,6.9824967570,5
OVRPBL,50,ok,7.7082567441,5
OVRPBL,51,ok,6.2813492809,5
OVRPBL,52,ok,6.1068172874,5
OVRPBL,53,ok,5.4807774513,4
OVRPBL,54,ok,6.0087748980,6
OVRPBL,55,ok,5.7774594171,6
OVRPBL,56,ok,6.2715099007,6
OVRPBL,57,ok,6.7427199833,11
OVRPBL,58,ok,6.0347979007,6
OVRPBL,59,ok,6.9062610414,5
OVRPBL,60,ok,6.7092742241,5
OVRPBL,61,ok,6.4008620214,6
OVRPBL,62,ok,6.1302661854,5
OVRPBL,63,ok,6.9263078805,8
OVRPBL,64,ok,6.9666806762,6
OVRPBL,65,ok,6.2824556424,6
OVRPBL,66,ok,6.9126544770,6
OVRPBL,67,ok,6.2444094381,5
OVRPBL,68,ok,7.1219750047,5
OVRPBL,69,ok,6.1290482480,5
OVRPBL,70,ok,6.0292209681,6
OVRPBL,71,ok,6.2518999678,7
OVRPBL,72,ok,5.4734442957,6
OVRPBL,73,ok,6.0583987881,6
OVRPBL,74,ok,6.4442990911,5
OVRPBL,75,ok,7.1941331326,6
OVRPBL,76,ok,6.0672102624,6
OVRPBL,77,ok,6.7759941730,5
OVRPBL,78,ok,6.0104053427,6
OVRPBL,79,ok,6.0184576046,5
OVRPBL,80,ok,6.6373588526,6
OVRPBL,81,ok,6.8892621120,8
OVRPBL,82,ok,7.0707311829,6
OVRPBL,83,ok,7.0358917676,4
OVRPBL,84,ok,6.7032498705,5
OVRPBL,85,ok,6.7009834552,9
OVRPBL,86,ok,7.0043084845,5
OVRPBL,87,ok,7.2029989354,5
OVRPBL,88,ok,7.5551691629,6
OVRPBL,89,ok,5.9905654141,4
OVRPBL,90,ok,5.5977343735,6
OVRPBL,91,ok,6.5011980344,6
OVRPBL,92,ok,7.0825816726,6
OVRPBL,93,ok,6.1170263308,6
OVRPBL,94,ok,6.2410867605,7
OVRPBL,95,ok,6.3471423644,4
OVRPBL,96,ok,6.7165527606,6
OVRPBL,97,ok,6.1983406384,5
OVRPBL,98,ok,7.9854426873,6
OVRPBL,99,ok,6.7767043052,4
OVRPBL,100,ok,7.1828690266,5
OVRPBL,101,ok,6.6471600007,5
OVRPBL,102,ok,6.3301991411,6
OVRPBL,103,ok,7.5909249181,4
OVRPBL,104,ok,6.3705123423,4
OVRPBL,105,ok,6.6286394400,5
OVRPBL,106,ok,6.6450549002,4
OVRPBL,107,ok,7.0312982515,5
OVRPBL,108,ok,7.0571597110,7
OVRPBL,109,ok,5.6637573966,5
OVRPBL,110,ok,6.1560099549,5
OVRPBL,111,ok,6.6663469194,6
OVRPBL,112,ok,5.3834324245,5
OVRPBL,113,ok,6.9722843367,7
OVRPBL,114,ok,6.6088785424,6
OVRPBL,115,ok,6.7285114544,5
OVRPBL,116,ok,6.8057843205,6
OVRPBL,117,ok,6.3670437433,6
OVRPBL,118,ok,6.1071955432,4
OVRPBL,119,ok,6.6857117831,7
OVRPBL,120,ok,6.2882218608,4
OVRPBL,121,ok,7.0388176074,6
OVRPBL,122,ok,6.9529079721,6
OVRPBL,123,ok,6.3950927906,7
OVRPBL,124,ok,6.3765855964,5
OVRPBL,125,ok,6.6933744752,4
OVRPBL,126,ok,6.4333809182,5
OVRPBL,127,ok,5.6508624597,7
OVRPBL,128,ok,6.3791658447,5
OVRPBL,129,ok,6.2187549735,4
OVRPBL,130,ok,7.2740590617,6
OVRPBL,131,ok,6.6377308717,5
OVRPBL,132,ok,6.6991242803,6
OVRPBL,133,ok,6.4779081668,6
OVRPBL,134,ok,6.6198483101,5
OVRPBL,135,ok,6.5205047441,5
OVRPBL,136,ok,6.4170308161,5
OVRPBL,137,ok,6.1894818576,5
OVRPBL,138,ok,7.2306833577,6
OVRPBL,139,ok,6.5989636319,5
OVRPBL,140,ok,6.1595512597,6
OVRPBL,141,ok,6.1134951888,6
OVRPBL,142,ok,5.9741484509,5
OVRPBL,143,ok,5.4366422911,6
OVRPBL,144,ok,6.2597136234,7
OVRPBL,145,ok,6.2342482039,8
OVRPBL,146,ok,7.4440191223,5
OVRPBL,147,ok,7.5326153404,5
OVRPBL,148,ok,6.1563151745,6
OVRPBL,149,ok,6.4153859869,7
OVRPBL,150,ok,5.3619436717,7
OVRPBL,151,ok,5.7104946450,6
OVRPBL,152,ok,5.8899584186,5
OVRPBL,153,ok,5.8468745095,5
OVRPBL,154,ok,6.3621779259,5
OVRPBL,155,ok,6.3714133585,5
OVRPBL,156,ok,6.5305810177,7
OVRPBL,157,ok,6.1866264825,7
OVRPBL,158,ok,5.7416333340,6
OVRPBL,159,ok,6.8145326657,4
OVRPBL,160,ok,6.4665455947,6
OVRPBL,161,ok,6.3332396605,8
OVRPBL,162,ok,6.1966608714,7
OVRPBL,163,ok,6.4356629917,4
OVRPBL,164,ok,5.8966804328,4
OVRPBL,165,ok,7.2220052911,6
OVRPBL,166,ok,6.1985005936,5
OVRPBL,167,ok,7.4987889327,5
OVRPBL,168,ok,6.6251581195,6
OVRPBL,169,ok,6.3489647120,5
OVRPBL,170,ok,6.7975470384,6
OVRPBL,171,ok,6.7929819800,5
OVRPBL,172,ok,6.2788454975,5
OVRPBL,173,ok,6.3764920771,8
OVRPBL,174,ok,5.8834626361,5
OVRPBL,175,ok,6.8912481260,6
OVRPBL,176,ok,6.2293323340,6
OVRPBL,177,ok,6.5688631835,5
OVRPBL,178,ok,5.9350835899,5
OVRPBL,179,ok,5.8191844877,6
OVRPBL,180,ok,6.2044664339,5
OVRPBL,181,ok,6.6928206937,6
OVRPBL,182,ok,6.4796548939,5
OVRPBL,183,ok,7.5822402844,4
OVRPBL,184,ok,7.1975905859,5
OVRPBL,185,ok,6.4783107384,5
OVRPBL,186,ok,6.0108113833,5
OVRPBL,187,ok,6.6611031313,7
OVRPBL,188,ok,6.8539654332,5
OVRPBL,189,ok,5.8344328358,6
OVRPBL,190,ok,7.4459802074,5
OVRPBL,191,ok,6.3842344768,6
OVRPBL,192,ok,5.8263674035,7
OVRPBL,193,ok,6.5183751249,5
OVRPBL,194,ok,6.7462974029,6
OVRPBL,195,ok,6.9047500707,5
OVRPBL,196,ok,6.6878041466,7
OVRPBL,197,ok,6.1107548888,7
OVRPBL,198,ok,6.1545661309,7
OVRPBL,199,ok,6.2179061831,6
OVRPBL,200,ok,6.1007715735,7
OVRPBL,201,ok,6.4281473780,4
OVRPBL,202,ok,6.4601464708,6
OVRPBL,203,ok,6.7445883915,5
OVRPBL,204,ok,6.5581911245,6
OVRPBL,205,ok,6.3551395412,5
OVRPBL,206,ok,6.2557541783,5
OVRPBL,207,ok,6.2675331678,6
OVRPBL,208,ok,6.3495024599,6
OVRPBL,209,ok,7.0610064975,7
OVRPBL,210,ok,6.6714931803,6
OVRPBL,211,ok,6.5844473780,4
OVRPBL,212,ok,6.5123930604,5
OVRPBL,213,ok,6.2811758857,4
OVRPBL,214,ok,6.2377761835,5
OVRPBL,215,ok,8.0436660017,5
OVRPBL,216,ok,6.0073234677,7
OVRPBL,217,ok,6.9682657649,5
OVRPBL,218,ok,5.8702997997,6
OVRPBL,219,ok,5.9390614421,9
OVRPBL,220,ok,7.7888759539,5
OVRPBL,221,ok,6.7353930020,9
OVRPBL,222,ok,7.4600209798,5
OVRPBL,223,ok,6.5198767627,6
OVRPBL,224,ok,5.9144201866,6
OVRPBL,225,ok,7.5624068590,6
OVRPBL,226,ok,6.9499785297,5
OVRPBL,227,ok,6.3695549988,6
OVRPBL,228,ok,7.4377014451,6
OVRPBL,229,ok,6.1773628316,6
OVRPBL,230,ok,6.5107290711,5
OVRPBL,231,ok,6.8802610733,5
OVRPBL,232,ok,6.4994000785,6
OVRPBL,233,ok,6.4996168466,8
OVRPBL,234,ok,6.7388104141,6
OVRPBL,235,ok,6.1645536224,5
OVRPBL,236,ok,6.9409692872,6
OVRPBL,237,ok,6.5314773025,5
OVRPBL,238,ok,6.3062290922,5
OVRPBL,239,ok,6.2627599390,6
OVRPBL,240,ok,6.4629408014,7
OVRPBL,241,ok,6.6863950490,6
OVRPBL,242,ok,6.2698012309,4
OVRPBL,243,ok,5.9894662007,6
OVRPBL,244,ok,6.3138952531,8
OVRPBL,245,ok,5.9877732663,5
OVRPBL,246,ok,7.3169985286,6
OVRPBL,247,ok,7.2317416972,7
OVRPBL,248,ok,6.0372804600,5
OVRPBL,249,ok,6.5340016976,6
OVRPBL,250,ok,6.8973037057,5
OVRPBL,251,ok,5.9996464266,5
OVRPBL,252,ok,5.9007935239,6
OVRPBL,253,ok,5.7377667509,6
OVRPBL,254,ok,5.8568877271,4
OVRPBL,255,ok,6.4573303384,5
OVRPBL,256,ok,6.3331985560,5
OVRPBL,257,ok,7.0094808264,5
OVRPBL,258,ok,6.6222079336,6
OVRPBL,259,ok,6.7391245011,6
OVRPBL,260,ok,6.0517256742,6
OVRPBL,261,ok,6.9024582356,4
OVRPBL,262,ok,6.6434801900,6
OVRPBL,263,ok,6.7544332784,5
OVRPBL,264,ok,5.7113516727,5
OVRPBL,265,ok,7.5134422605,5
OVRPBL,266,ok,7.2376666230,7
OVRPBL,267,ok,6.4924080681,5
OVRPBL,268,ok,7.2838625956,7
OVRPBL,269,ok,6.5970998192,6
OVRPBL,270,ok,6.5412036939,6
OVRPBL,271,ok,6.3964865497,7
OVRPBL,272,ok,6.7321314245,6
OVRPBL,273,ok,5.8973624608,6
OVRPBL,274,ok,7.2402509243,4
OVRPBL,275,ok,5.5626597045,5
OVRPBL,276,ok,5.6065895296,4
OVRPBL,277,ok,6.3065282110,6
OVRPBL,278,ok,5.2175057948,7
OVRPBL,279,ok,5.5872589115,5
OVRPBL,280,ok,6.2512742304,6
OVRPBL,281,ok,6.4599851380,6
OVRPBL,282,ok,6.7462462672,5
OVRPBL,283,ok,6.6263859880,5
OVRPBL,284,ok,6.7141398012,4
OVRPBL,285,ok,6.5332970562,7
OVRPBL,286,ok,7.5717764907,7
OVRPBL,287,ok,7.2821529056,6
OVRPBL,288,ok,6.1938990624,6
OVRPBL,289,ok,6.3500271563,5
OVRPBL,290,ok,6.3729419519,7
OVRPBL,291,ok,6.4883254360,6
OVRPBL,292,ok,6.4445837109,5
OVRPBL,293,ok,6.5907350368,7
OVRPBL,294,ok,6.6493980601,8
OVRPBL,295,ok,6.4590833024,5
OVRPBL,296,ok,6.5036073472,6
OVRPBL,297,ok,6.3362068205,5
OVRPBL,298,ok,6.9485799624,6
OVRPBL,299,ok,6.4997711649,6
OVRPBL,300,ok,6.8977352279,4
OVRPBL,301,ok,6.4584953525,5
OVRPBL,302,ok,8.2674483142,6
OVRPBL,303,ok,5.9336204077,6
OVRPBL,304,ok,6.9192251021,7
OVRPBL,305,ok,6.4812563139,5
OVRPBL,306,ok,5.9164587134,6
OVRPBL,307,ok,7.6009501721,5
OVRPBL,308,ok,5.7806467669,5
OVRPBL,309,ok,6.3928526732,7
OVRPBL,310,ok,7.2503950038,4
OVRPBL,311,ok,6.9856562809,7
OVRPBL,312,ok,5.9291740623,6
OVRPBL,313,ok,6.1400142940,6
OVRPBL,314,ok,6.9013564226,7
OVRPBL,315,ok,7.9003998563,5
OVRPBL,316,ok,6.6843643517,5
OVRPBL,317,ok,6.3244983880,5
OVRPBL,318,ok,6.1680830186,7
OVRPBL,319,ok,6.2427633128,5
OVRPBL,320,ok,5.9163583296,8
OVRPBL,321,ok,6.2152609775,6
OVRPBL,322,ok,5.7330590500,6
OVRPBL,323,ok,5.8476018046,5
OVRPBL,324,ok,5.9558537497,5
OVRPBL,325,ok,6.4004911044,6
OVRPBL,326,ok,6.4439059439,7
OVRPBL,327,ok,5.7574122426,5
OVRPBL,328,ok,7.0802183506,4
OVRPBL,329,ok,6.6058556989,4
OVRPBL,330,ok,7.2546997725,4
OVRPBL,331,ok,6.0306868964,5
OVRPBL,332,ok,6.2832458588,7
OVRPBL,333,ok,6.6178981069,8
OVRPBL,334,ok,7.0314856429,4
OVRPBL,335,ok,6.3142530191,6
OVRPBL,336,ok,5.6388007149,6
OVRPBL,337,ok,6.6711295758,5
OVRPBL,338,ok,6.6506740852,7
OVRPBL,339,ok,5.7898485166,4
OVRPBL,340,ok,7.2467581685,5
OVRPBL,341,ok,6.0522245234,7
OVRPBL,342,ok,7.8323803653,4
OVRPBL,343,ok,6.0436835919,5
OVRPBL,344,ok,7.0913755177,4
OVRPBL,345,ok,6.4460885599,5
OVRPBL,346,ok,6.1749356581,6
OVRPBL,347,ok,6.3555771495,5
OVRPBL,348,ok,6.9390059020,5
OVRPBL,349,ok,6.4585783275,6
OVRPBL,350,ok,6.0459011028,5
OVRPBL,351,ok,5.4634920356,5
OVRPBL,352,ok,6.3019437029,8
OVRPBL,353,ok,7.0234897678,7
OVRPBL,354,ok,6.7232250552,8
OVRPBL,355,ok,6.9384414726,7
OVRPBL,356,ok,5.7372617021,6
OVRPBL,357,ok,5.8865707049,7
OVRPBL,358,ok,6.5141210061,5
OVRPBL,359,ok,5.2757939560,4
OVRPBL,360,ok,5.5707543238,4
OVRPBL,361,ok,6.7327271120,5
OVRPBL,362,ok,6.8875688784,4
OVRPBL,363,ok,6.3677166621,7
OVRPBL,364,ok,6.6959595275,4
OVRPBL,365,ok,6.9472330369,6
OVRPBL,366,ok,6.2870521481,8
OVRPBL,367,ok,7.4124940308,6
OVRPBL,368,ok,6.2229843545,6
OVRPBL,369,ok,6.9548423346,6
OVRPBL,370,ok,6.0485872854,5
OVRPBL,371,ok,6.4597217005,8
OVRPBL,372,ok,6.7207858455,6
OVRPBL,373,ok,6.2596433543,5
OVRPBL,374,ok,6.3371066705,6
OVRPBL,375,ok,6.5202291075,6
OVRPBL,376,ok,6.7155980830,6
OVRPBL,377,ok,6.0675016903,4
OVRPBL,378,ok,6.0002190563,6
OVRPBL,379,ok,7.4510060791,6
OVRPBL,380,ok,6.8095432232,8
OVRPBL,381,ok,5.7597180612,5
OVRPBL,382,ok,6.2174712351,6
OVRPBL,383,ok,5.9097501438,5
OVRPBL,384,ok,7.0158982087,4
OVRPBL,385,ok,6.8242982722,5
OVRPBL,386,ok,7.0556409399,5
OVRPBL,387,ok,6.8613191111,6
OVRPBL,388,ok,7.9348564704,5
OVRPBL,389,ok,6.4401256602,5
OVRPBL,390,ok,7.3145329247,6
OVRPBL,391,ok,5.4187092858,5
OVRPBL,392,ok,7.4490875551,4
OVRPBL,393,ok,6.2442620691,6
OVRPBL,394,ok,6.9463105120,5
OVRPBL,395,ok,6.3725759695,7
OVRPBL,396,ok,7.5299295121,6
OVRPBL,397,ok,6.2082599252,6
OVRPBL,398,ok,6.7211658106,6
OVRPBL,399,ok,6.5721963013,7
OVRPBL,400,ok,5.7960494103,6
OVRPBL,401,ok,6.1569301314,6
OVRPBL,402,ok,6.7156351161,5
OVRPBL,403,ok,6.1406218288,6
OVRPBL,404,ok,7.5309877871,5
OVRPBL,405,ok,5.8156994720,7
OVRPBL,406,ok,6.7196435609,6
OVRPBL,407,ok,6.0549130073,5
OVRPBL,408,ok,6.0932198568,5
OVRPBL,409,ok,5.7498514648,6
OVRPBL,410,ok,6.6455482036,8
OVRPBL,411,ok,7.9391908607,6
OVRPBL,412,ok,6.5455842821,7
OVRPBL,413,ok,7.2933546639,6
OVRPBL,414,ok,7.0176663576,6
OVRPBL,415,ok,7.6062831458,6
OVRPBL,416,ok,6.8935689365,7
OVRPBL,417,ok,6.8430385770,6
OVRPBL,418,ok,6.6169728107,5
OVRPBL,419,ok,7.6463312799,7
OVRPBL,420,ok,6.4566693518,4
OVRPBL,421,ok,6.0546731467,5
OVRPBL,422,ok,7.2834053114,4
OVRPBL,423,ok,6.1627719707,7
OVRPBL,424,ok,6.4441885608,5
OVRPBL,425,ok,6.3143265998,5
OVRPBL,426,ok,6.4453859813,4
OVRPBL,427,ok,6.1188831108,5
OVRPBL,428,ok,7.8885815180,4
OVRPBL,429,ok,6.1644726709,4
OVRPBL,430,ok,6.2172493915,4
OVRPBL,431,ok,6.6043441721,6
OVRPBL,432,ok,5.9431317282,5
OVRPBL,433,ok,6.0226707925,5
OVRPBL,434,ok,6.4825063608,5
OVRPBL,435,ok,7.3025390484,6
OVRPBL,436,ok,6.3080560386,5
OVRPBL,437,ok,5.5540074339,6
OVRPBL,438,ok,7.0121106612,6
OVRPBL,439,ok,6.3569139826,7
OVRPBL,440,ok,6.7576993850,5
OVRPBL,441,ok,5.6991729260,6
OVRPBL,442,ok,6.7540255522,7
OVRPBL,443,ok,6.8063623653,7
OVRPBL,444,ok,6.1676954163,5
OVRPBL,445,ok,6.6453516005,8
OVRPBL,446,ok,6.6367950130,6
OVRPBL,447,ok,5.8796263175,6
OVRPBL,448,ok,7.1612246701,6
OVRPBL,449,ok,6.9642941051,4
OVRPBL,450,ok,5.6569374486,6
OVRPBL,451,ok,6.6382035447,6
OVRPBL,452,ok,6.8725211521,6
OVRPBL,453,ok,6.7130627429,6
OVRPBL,454,ok,6.7537123009,8
OVRPBL,455,ok,6.1545396016,5
OVRPBL,456,ok,6.6366003074,7
OVRPBL,457,ok,7.1854133280,4
OVRPBL,458,ok,6.1699137506,5
OVRPBL,459,ok,5.9398180902,6
OVRPBL,460,ok,5.4126104632,7
OVRPBL,461,ok,6.4386373699,7
OVRPBL,462,ok,5.7113774702,6
OVRPBL,463,ok,6.1561306025,4
OVRPBL,464,ok,6.8094730064,6
OVRPBL,465,ok,6.8141762176,6
OVRPBL,466,ok,6.0174994323,8
OVRPBL,467,ok,6.6650013594,4
OVRPBL,468,ok,6.6798647605,6
OVRPBL,469,ok,5.9595732451,5
OVRPBL,470,ok,5.9935477326,6
OVRPBL,471,ok,6.4940969511,5
OVRPBL,472,ok,6.0204946337,5
OVRPBL,473,ok,6.1725258856,4
OVRPBL,474,ok,6.2301228882,6
OVRPBL,475,ok,5.7534419998,7
OVRPBL,476,ok,6.6917047154,5
OVRPBL,477,ok,6.4127452217,5
OVRPBL,478,ok,7.0098066575,7
OVRPBL,479,ok,5.7753634121,6
OVRPBL,480,ok,6.0251821532,5
OVRPBL,481,ok,6.6547367117,5
OVRPBL,482,ok,6.8879329070,5
OVRPBL,483,ok,6.0336775505,7
OVRPBL,484,ok,7.4457918820,8
OVRPBL,485,ok,6.2344359612,6
OVRPBL,486,ok,6.4342771634,4
OVRPBL,487,ok,7.2461804234,6
OVRPBL,488,ok,7.2226208833,6
OVRPBL,489,ok,6.1628141581,4
OVRPBL,490,ok,6.6627029890,6
OVRPBL,491,ok,6.5950259866,5
OVRPBL,492,ok,6.8782465303,7
OVRPBL,493,ok,6.1807130595,6
OVRPBL,494,ok,6.4060994972,6
OVRPBL,495,ok,6.2041726618,5
OVRPBL,496,ok,6.2285836602,6
OVRPBL,497,ok,6.4317964873,5
OVRPBL,498,ok,6.0626826802,6
OVRPBL,499,ok,6.6184235435,5
OVRPBL,500,ok,6.5324463385,7
OVRPBL,501,ok,6.8872676033,7
OVRPBL,502,ok,6.9234464492,4
OVRPBL,503,ok,6.8731025705,6
OVRPBL,504,ok,6.2234649127,4
OVRPBL,505,ok,6.0898388217,3
OVRPBL,506,ok,6.2391654905,5
OVRPBL,507,ok,6.8891686544,6
OVRPBL,508,ok,8.9340763868,7
OVRPBL,509,ok,6.7830392006,5
OVRPBL,510,ok,6.1554259608,6
OVRPBL,511,ok,6.3424834925,5
OVRPBL,512,ok,7.3235266403,5
OVRPBL,513,ok,6.7469636617,4
OVRPBL,514,ok,6.4690972450,6
OVRPBL,515,ok,5.9169322187,5
OVRPBL,516,ok,5.0536948453,6
OVRPBL,517,ok,7.5278607731,5
OVRPBL,518,ok,5.9586265955,4
OVRPBL,519,ok,5.9873241137,6
OVRPBL,520,ok,6.5678306351,7
OVRPBL,521,ok,6.3088016959,4
OVRPBL,522,ok,6.4852557175,5
OVRPBL,523,ok,5.8438234538,4
OVRPBL,524,ok,6.3207806025,5
OVRPBL,525,ok,5.5437735350,8
OVRPBL,526,ok,6.1664247951,4
OVRPBL,527,ok,6.8988292563,4
OVRPBL,528,ok,6.4080243464,5
OVRPBL,529,ok,6.8184226085,7
OVRPBL,530,ok,6.3521962868,4
OVRPBL,531,ok,7.2416962318,5
OVRPBL,532,ok,6.3862642283,5
OVRPBL,533,ok,7.1370836509,4
OVRPBL,534,ok,5.7331805793,6
OVRPBL,535,ok,6.5312241504,6
OVRPBL,536,ok,6.0080562647,6
OVRPBL,537,ok,6.2701714068,5
OVRPBL,538,ok,6.9502146914,5
OVRPBL,539,ok,6.4218400156,5
OVRPBL,540,ok,6.9576581564,5
OVRPBL,541,ok,6.0671506319,6
OVRPBL,542,ok,7.9021424693,5
OVRPBL,543,ok,6.9802061707,6
OVRPBL,544,ok,5.9503970902,5
OVRPBL,545,ok,6.5706612216,5
OVRPBL,546,ok,6.9583409611,6
OVRPBL,547,ok,5.5099921751,5
OVRPBL,548,ok,5.9732120031,5
OVRPBL,549,ok,5.6438702306,5
OVRPBL,550,ok,6.2017678986,4
OVRPBL,551,ok,6.4454568295,5
OVRPBL,552,ok,6.3912556787,6
OVRPBL,553,ok,6.7904408905,5
OVRPBL,554,ok,5.6167061213,4
OVRPBL,555,ok,6.2164500606,6
OVRPBL,556,ok,6.1958489400,5
OVRPBL,557,ok,6.8790821705,8
OVRPBL,558,ok,6.5797138202,7
OVRPBL,559,ok,5.7001982829,4
OVRPBL,560,ok,5.5739686244,5
OVRPBL,561,ok,6.4419529308,5
OVRPBL,562,ok,5.7511842473,7
OVRPBL,563,ok,6.3524810481,5
OVRPBL,564,ok,5.9759453652,4
OVRPBL,565,ok,6.2332156121,5
OVRPBL,566,ok,5.8025761236,5
OVRPBL,567,ok,7.1702188640,6
OVRPBL,568,ok,6.0189641447,6
OVRPBL,569,ok,6.3673101011,6
OVRPBL,570,ok,6.9680012706,6
OVRPBL,571,ok,6.7319666432,6
OVRPBL,572,ok,7.0164384468,6
OVRPBL,573,ok,7.3050293625,6
OVRPBL,574,ok,6.4035391202,7
OVRPBL,575,ok,6.2159731956,7
OVRPBL,576,ok,6.0317083135,5
OVRPBL,577,ok,6.6388571317,6
OVRPBL,578,ok,7.0022536195,5
OVRPBL,579,ok,7.3699756431,4
OVRPBL,580,ok,7.0359992101,6
OVRPBL,581,ok,6.6332022325,6
OVRPBL,582,ok,6.5969021619,5
OVRPBL,583,ok,7.1628079598,5
OVRPBL,584,ok,6.7303660006,7
OVRPBL,585,ok,7.0727468893,5
OVRPBL,586,ok,6.4653038573,5
OVRPBL,587,ok,6.6922204705,6
OVRPBL,588,ok,5.4288998906,6
OVRPBL,589,ok,7.1865195164,6
OVRPBL,590,ok,7.6368353282,5
OVRPBL,591,ok,6.9700199942,6
OVRPBL,592,ok,6.9090293458,5
OVRPBL,593,ok,6.2743868445,5
OVRPBL,594,ok,5.9302032264,5
OVRPBL,595,ok,7.1183092793,7
OVRPBL,596,ok,6.5168071695,5
OVRPBL,597,ok,6.8974843445,6
OVRPBL,598,ok,6.0679068578,5
OVRPBL,599,ok,6.9948570248,6
OVRPBL,600,ok,6.9196275356,4
OVRPBL,601,ok,5.7661823950,6
OVRPBL,602,ok,6.8778389714,5
OVRPBL,603,ok,6.4553724998,5
OVRPBL,604,ok,7.1563276577,5
OVRPBL,605,ok,6.2849133810,6
OVRPBL,606,ok,7.1748968645,6
OVRPBL,607,ok,6.4959208475,6
OVRPBL,608,ok,5.7186802256,4
OVRPBL,609,ok,6.4755632909,4
OVRPBL,610,ok,6.0986319456,6
OVRPBL,611,ok,6.7837662063,4
OVRPBL,612,ok,6.3440912231,5
OVRPBL,613,ok,6.9065726931,5
OVRPBL,614,ok,6.6588354510,5
OVRPBL,615,ok,5.9664054694,7
OVRPBL,616,ok,7.0543497217,4
OVRPBL,617,ok,7.0720296587,5
OVRPBL,618,ok,6.1404217940,6
OVRPBL,619,ok,6.4601601839,6
OVRPBL,620,ok,7.1558078613,5
OVRPBL,621,ok,6.0973951873,5
OVRPBL,622,ok,7.7925885746,5
OVRPBL,623,ok,7.2384963120,4
OVRPBL,624,ok,7.5251766104,6
OVRPBL,625,ok,6.6410790605,5
OVRPBL,626,ok,6.4686582233,6
OVRPBL,627,ok,6.8715837346,6
OVRPBL,628,ok,6.8405643270,5
OVRPBL,629,ok,5.6467128135,7
OVRPBL,630,ok,5.7716933124,4
OVRPBL,631,ok,6.1139623251,5
OVRPBL,632,ok,6.4934385612,4
OVRPBL,633,ok,7.6031198840,5
OVRPBL,634,ok,7.2315068488,7
OVRPBL,635,ok,7.4651519958,6
OVRPBL,636,ok,7.1634613798,9
OVRPBL,637,ok,6.7827282062,4
OVRPBL,638,ok,5.9680100263,5
OVRPBL,639,ok,6.6891597648,5
OVRPBL,640,ok,6.9203162953,6
OVRPBL,641,ok,6.2880903451,6
OVRPBL,642,ok,6.3842718503,6
OVRPBL,643,ok,5.7283574617,6
OVRPBL,644,ok,7.0039439730,5
OVRPBL,645,ok,5.9506016406,7
OVRPBL,646,ok,6.2223789038,4
OVRPBL,647,ok,7.0230647959,5
OVRPBL,648,ok,6.4164518603,5
OVRPBL,649,ok,6.3881693576,5
OVRPBL,650,ok,6.1882908373,6
OVRPBL,651,ok,6.4267713530,6
OVRPBL,652,ok,6.0678132746,5
OVRPBL,653,ok,6.5815751091,7
OVRPBL,654,ok,6.1626939922,6
OVRPBL,655,ok,5.7942440244,5
OVRPBL,656,ok,5.6826985337,5
OVRPBL,657,ok,7.3102290577,7
OVRPBL,658,ok,7.3173968478,6
OVRPBL,659,ok,6.4337689535,4
OVRPBL,660,ok,6.2680433220,6
OVRPBL,661,ok,7.0622790187,6
OVRPBL,662,ok,6.9298542413,4
OVRPBL,663,ok,6.4186393987,3
OVRPBL,664,ok,5.9808566499,4
OVRPBL,665,ok,6.5587810361,6
OVRPBL,666,ok,6.6375611591,5
OVRPBL,667,ok,7.3249655181,5
OVRPBL,668,ok,7.5122518218,6
OVRPBL,669,ok,6.2822224019,5
OVRPBL,670,ok,6.7520843284,5
OVRPBL,671,ok,6.4867351606,6
OVRPBL,672,ok,6.4188248237,7
OVRPBL,673,ok,6.4040284522,5
OVRPBL,674,ok,5.6088774854,5
OVRPBL,675,ok,6.3874671189,5
OVRPBL,676,ok,6.4313045141,6
OVRPBL,677,ok,6.1540896011,6
OVRPBL,678,ok,6.2419112355,4
OVRPBL,679,ok,7.4160756182,5
OVRPBL,680,ok,6.3346251542,5
OVRPBL,681,ok,6.4550018310,6
OVRPBL,682,ok,6.7441791751,5
OVRPBL,683,ok,6.0538365412,5
OVRPBL,684,ok,6.5688205693,8
OVRPBL,685,ok,6.8544047683,5
OVRPBL,686,ok,6.6540581849,4
OVRPBL,687,ok,6.4818919613,5
OVRPBL,688,ok,7.6723342011,5
OVRPBL,689,ok,6.4334947072,5
OVRPBL,690,ok,6.8749160189,6
OVRPBL,691,ok,6.0281968680,5
OVRPBL,692,ok,6.2628075922,7
OVRPBL,693,ok,6.0769294332,5
OVRPBL,694,ok,5.7667794488,6
OVRPBL,695,ok,6.1949238262,7
OVRPBL,696,ok,6.1240351543,6
OVRPBL,697,ok,6.7156008863,5
OVRPBL,698,ok,7.8551887722,8
OVRPBL,699,ok,7.5638573867,6
OVRPBL,700,ok,6.2314047189,6
OVRPBL,701,ok,6.7192012592,5
OVRPBL,702,ok,6.0692848350,7
OVRPBL,703,ok,7.1345139424,5
OVRPBL,704,ok,6.4320289466,5
OVRPBL,705,ok,6.8423215028,8
OVRPBL,706,ok,6.8381196066,6
OVRPBL,707,ok,5.5663936915,5
OVRPBL,708,ok,6.1896323626,7
OVRPBL,709,ok,6.5312253863,6
OVRPBL,710,ok,6.2901549240,5
OVRPBL,711,ok,6.8709754643,6
OVRPBL,712,ok,6.1058683319,4
OVRPBL,713,ok,7.2735706609,3
OVRPBL,714,ok,5.8347041046,5
OVRPBL,715,ok,7.3522997649,5
OVRPBL,716,ok,6.7750791637,6
OVRPBL,717,ok,7.2911908323,6
OVRPBL,718,ok,6.6639990166,7
OVRPBL,719,ok,6.7312448198,5
OVRPBL,720,ok,7.5371043906,6
OVRPBL,721,ok,6.6758745301,8
OVRPBL,722,ok,5.5323732202,6
OVRPBL,723,ok,6.1877945224,5
OVRPBL,724,ok,6.3413071634,6
OVRPBL,725,ok,7.1095422753,7
OVRPBL,726,ok,6.3202872762,7
OVRPBL,727,ok,6.3070604135,5
OVRPBL,728,ok,6.4320642068,6
OVRPBL,729,ok,6.6761256947,6
OVRPBL,730,ok,6.8961843862,5
OVRPBL,731,ok,6.0709694280,6
OVRPBL,732,ok,6.4065300969,6
OVRPBL,733,ok,6.4807847488,7
OVRPBL,734,ok,8.0388501824,6
OVRPBL,735,ok,6.0862051710,6
OVRPBL,736,ok,6.1381915704,6
OVRPBL,737,ok,7.1094348000,6
OVRPBL,738,ok,6.3918311862,7
OVRPBL,739,ok,6.3704654039,5
OVRPBL,740,ok,6.1346649223,7
OVRPBL,741,ok,6.1626359076,6
OVRPBL,742,ok,6.9816934670,5
OVRPBL,743,ok,6.5759101936,5
OVRPBL,744,ok,7.0992667408,5
OVRPBL,745,ok,7.1335417668,5
OVRPBL,746,ok,6.7975798013,4
OVRPBL,747,ok,5.9984822700,6
OVRPBL,748,ok,6.1038298121,4
OVRPBL,749,ok,6.2852848829,5
OVRPBL,750,ok,6.2798550308,5
OVRPBL,751,ok,6.4138515459,6
OVRPBL,752,ok,6.6962115194,6
OVRPBL,753,ok,6.1566690503,8
OVRPBL,754,ok,6.2694569625,5
OVRPBL,755,ok,6.1305927297,5
OVRPBL,756,ok,7.1337008758,5
OVRPBL,757,ok,6.7866139898,7
OVRPBL,758,ok,5.5951240625,6
OVRPBL,759,ok,6.3547006461,6
OVRPBL,760,ok,6.2265349632,6
OVRPBL,761,ok,7.8851363404,7
OVRPBL,762,ok,7.5666911378,6
OVRPBL,763,ok,5.7401557809,5
OVRPBL,764,ok,6.5195768638,6
OVRPBL,765,ok,6.8306221691,6
OVRPBL,766,ok,6.8003858367,8
OVRPBL,767,ok,6.5321247490,5
OVRPBL,768,ok,6.2575863795,5
OVRPBL,769,ok,7.1889855826,6
OVRPBL,770,ok,5.4991391006,7
OVRPBL,771,ok,6.6979584756,6
OVRPBL,772,ok,7.2831189535,7
OVRPBL,773,ok,6.5356046300,6
OVRPBL,774,ok,6.8382910937,5
OVRPBL,775,ok,6.1786197038,6
OVRPBL,776,ok,6.8738880363,6
OVRPBL,777,ok,5.9951335827,5
OVRPBL,778,ok,6.7735239177,7
OVRPBL,779,ok,7.0059191127,6
OVRPBL,780,ok,6.6377031084,5
OVRPBL,781,ok,6.9010454457,6
OVRPBL,782,ok,7.1037966700,7
OVRPBL,783,ok,5.9470067114,6
OVRPBL,784,ok,5.5923748108,5
OVRPBL,785,ok,6.5696368919,4
OVRPBL,786,ok,6.3483525279,7
OVRPBL,787,ok,6.9550960191,6
OVRPBL,788,ok,7.1462451985,4
OVRPBL,789,ok,6.5778654035,6
OVRPBL,790,ok,5.9612692581,5
OVRPBL,791,ok,7.2003336126,5
OVRPBL,792,ok,7.0696943225,5
OVRPBL,793,ok,6.2836609471,6
OVRPBL,794,ok,6.9862019125,7
OVRPBL,795,ok,6.6293826851,6
OVRPBL,796,ok,6.1732103388,6
OVRPBL,797,ok,6.2479159003,7
OVRPBL,798,ok,6.4281829422,5
OVRPBL,799,ok,5.9805871413,6
OVRPBL,800,ok,7.0009351820,7
OVRPBL,801,ok,6.6766918457,7
OVRPBL,802,ok,7.4113002851,4
OVRPBL,803,ok,6.6842437654,5
OVRPBL,804,ok,6.5993244111,7
OVRPBL,805,ok,6.6255944170,5
OVRPBL,806,ok,6.6369864558,8
OVRPBL,807,ok,6.2932019077,5
OVRPBL,808,ok,6.6069743160,5
OVRPBL,809,ok,6.0224002072,6
OVRPBL,810,ok,7.3687533190,6
OVRPBL,811,ok,5.7560976703,6
OVRPBL,812,ok,7.0215849220,5
OVRPBL,813,ok,6.2097595406,4
OVRPBL,814,ok,6.6756210304,7
OVRPBL,815,ok,6.5808674282,6
OVRPBL,816,ok,6.2335573388,6
OVRPBL,817,ok,5.8719763415,5
OVRPBL,818,ok,6.8338840661,5
OVRPBL,819,ok,6.5682649810,4
OVRPBL,820,ok,6.4703623310,5
OVRPBL,821,ok,6.6697886947,6
OVRPBL,822,ok,6.2858226504,6
OVRPBL,823,ok,5.8012852370,4
OVRPBL,824,ok,6.1039643192,6
OVRPBL,825,ok,5.9507409208,4
OVRPBL,826,ok,6.8858047244,5
OVRPBL,827,ok,6.3552453542,7
OVRPBL,828,ok,6.5558351793,8
OVRPBL,829,ok,6.4944800664,5
OVRPBL,830,ok,6.6285367897,6
OVRPBL,831,ok,7.0523801735,6
OVRPBL,832,ok,7.0264886275,5
OVRPBL,833,ok,5.8863258933,4
OVRPBL,834,ok,5.8950413229,3
OVRPBL,835,ok,6.9905132265,7
OVRPBL,836,ok,6.6592681236,5
OVRPBL,837,ok,7.3843246247,7
OVRPBL,838,ok,6.3199839674,5
OVRPBL,839,ok,6.3667721613,7
OVRPBL,840,ok,6.6064889666,7
OVRPBL,841,ok,5.9772752208,5
OVRPBL,842,ok,5.6109794819,7
OVRPBL,843,ok,6.9858548610,4
OVRPBL,844,ok,7.1892202278,7
OVRPBL,845,ok,6.0783485043,5
OVRPBL,846,ok,6.0971890782,6
OVRPBL,847,ok,6.4656364654,6
OVRPBL,848,ok,7.1714577161,6
OVRPBL,849,ok,7.2682975662,6
OVRPBL,850,ok,6.3176717564,6
OVRPBL,851,ok,6.7585560269,5
OVRPBL,852,ok,7.2236755313,5
OVRPBL,853,ok,6.2731347489,5
OVRPBL,854,ok,6.5418565254,5
OVRPBL,855,ok,6.6470063978,5
OVRPBL,856,ok,6.7355454259,6
OVRPBL,857,ok,6.5417541387,5
OVRPBL,858,ok,6.4311853385,5
OVRPBL,859,ok,6.1189341006,5
OVRPBL,860,ok,7.2862901222,5
OVRPBL,861,ok,6.9227401625,5
OVRPBL,862,ok,6.1185068757,5
OVRPBL,863,ok,6.1600325749,6
OVRPBL,864,ok,6.3932032556,4
OVRPBL,865,ok,6.1085562379,5
OVRPBL,866,ok,7.1056272202,6
OVRPBL,867,ok,6.7994401650,5
OVRPBL,868,ok,6.7565331145,6
OVRPBL,869,ok,7.7912396718,5
OVRPBL,870,ok,6.8033120319,5
OVRPBL,871,ok,6.3862721308,8
OVRPBL,872,ok,6.4226881407,8
OVRPBL,873,ok,6.2856868137,6
OVRPBL,874,ok,7.3539524938,7
OVRPBL,875,ok,6.9797098352,5
OVRPBL,876,ok,5.7764029152,8
OVRPBL,877,ok,7.0412205573,7
OVRPBL,878,ok,6.8242982063,6
OVRPBL,879,ok,7.1903561463,6
OVRPBL,880,ok,5.9000071356,6
OVRPBL,881,ok,6.2777993613,6
OVRPBL,882,ok,6.5886607328,7
OVRPBL,883,ok,7.4851443691,6
OVRPBL,884,ok,6.3159003592,6
OVRPBL,885,ok,5.9000335214,4
OVRPBL,886,ok,6.1767970267,6
OVRPBL,887,ok,6.4322421282,8
OVRPBL,888,ok,5.7402770892,7
OVRPBL,889,ok,6.1350149442,6
OVRPBL,890,ok,6.6864252322,6
OVRPBL,891,ok,6.9475780997,7
OVRPBL,892,ok,6.9855590720,6
OVRPBL,893,ok,7.6581310875,7
OVRPBL,894,ok,6.2260404822,7
OVRPBL,895,ok,5.5939116073,7
OVRPBL,896,ok,6.5875185545,4
OVRPBL,897,ok,6.0347506274,7
OVRPBL,898,ok,6.3293853210,5
OVRPBL,899,ok,6.1993303564,4
OVRPBL,900,ok,5.8452655329,4
OVRPBL,901,ok,6.4326096832,4
OVRPBL,902,ok,6.5528919403,6
OVRPBL,903,ok,6.7720247131,7
OVRPBL,904,ok,6.3433397936,8
OVRPBL,905,ok,6.4943172031,5
OVRPBL,906,ok,6.5584086039,7
OVRPBL,907,ok,6.5554383180,7
OVRPBL,908,ok,5.1386747465,4
OVRPBL,909,ok,6.3055331459,6
OVRPBL,910,ok,5.7626052206,6
OVRPBL,911,ok,7.4099909526,5
OVRPBL,912,ok,6.8627841954,9
OVRPBL,913,ok,5.7800812839,5
OVRPBL,914,ok,6.0637347726,5
OVRPBL,915,ok,6.3252085940,6
OVRPBL,916,ok,6.8234607017,4
OVRPBL,917,ok,6.6323544811,5
OVRPBL,918,ok,5.9251073465,7
OVRPBL,919,ok,6.4515822236,5
OVRPBL,920,ok,7.0399804605,4
OVRPBL,921,ok,6.0834474412,6
OVRPBL,922,ok,6.0189721404,5
OVRPBL,923,ok,6.3424740476,6
OVRPBL,924,ok,6.8765025322,5
OVRPBL,925,ok,7.1339753577,6
OVRPBL,926,ok,6.0187384029,6
OVRPBL,927,ok,5.8473705388,5
OVRPBL,928,ok,6.1774710663,5
OVRPBL,929,ok,7.2318012360,7
OVRPBL,930,ok,6.7872771791,6
OVRPBL,931,ok,6.3748865707,6
OVRPBL,932,ok,5.9562752887,7
OVRPBL,933,ok,7.0013767019,5
OVRPBL,934,ok,6.3899098848,6
OVRPBL,935,ok,6.1323206589,6
OVRPBL,936,ok,6.4517819245,5
OVRPBL,937,ok,6.6351429464,6
OVRPBL,938,ok,7.1075782341,5
OVRPBL,939,ok,7.1442054754,5
OVRPBL,940,ok,6.0970688158,7
OVRPBL,941,ok,6.4683369296,6
OVRPBL,942,ok,5.9984569088,5
OVRPBL,943,ok,6.9686090490,6
OVRPBL,944,ok,6.3766133329,5
OVRPBL,945,ok,6.4824558102,7
OVRPBL,946,ok,6.0079084935,6
OVRPBL,947,ok,5.8612167057,5
OVRPBL,948,ok,6.0478151912,8
OVRPBL,949,ok,6.1361532120,7
OVRPBL,950,ok,6.4016989391,7
OVRPBL,951,ok,7.4329380652,6
OVRPBL,952,ok,6.8097538594,5
OVRPBL,953,ok,8.2147490408,5
OVRPBL,954,ok,6.5692091571,6
OVRPBL,955,ok,6.3699014939,5
OVRPBL,956,ok,5.9386751612,4
OVRPBL,957,ok,6.1424947485,6
OVRPBL,958,ok,6.8021774375,4
OVRPBL,959,ok,6.6609917836,4
OVRPBL,960,ok,6.7760581825,6
OVRPBL,961,ok,7.5577647253,6
OVRPBL,962,ok,5.9891222826,4
OVRPBL,963,ok,6.5509132049,5
OVRPBL,964,ok,5.9538069145,8
OVRPBL,965,ok,5.8351481172,7
OVRPBL,966,ok,6.3423920214,8
OVRPBL,967,ok,5.8192527413,4
OVRPBL,968,ok,6.0141562476,6
OVRPBL,969,ok,6.0011766198,5
OVRPBL,970,ok,6.9072217740,5
OVRPBL,971,ok,6.3747943699,4
OVRPBL,972,ok,6.5692198881,6
OVRPBL,973,ok,6.4893544442,5
OVRPBL,974,ok,6.3497836726,4
OVRPBL,975,ok,6.7534627607,4
OVRPBL,976,ok,6.2524190636,5
OVRPBL,977,ok,7.7730461487,6
OVRPBL,978,ok,7.0762092606,4
OVRPBL,979,ok,6.6414955090,6
OVRPBL,980,ok,6.0427133677,5
OVRPBL,981,ok,6.2169421785,7
OVRPBL,982,ok,6.5359307225,5
OVRPBL,983,ok,6.5047365470,4
OVRPBL,984,ok,6.4671523863,7
OVRPBL,985,ok,6.9042104958,7
OVRPBL,986,ok,6.1889583490,5
OVRPBL,987,ok,7.4734264541,8
OVRPBL,988,ok,6.4087304135,8
OVRPBL,989,ok,6.3911443306,6
OVRPBL,990,ok,6.1619151803,5
OVRPBL,991,ok,6.6549132783,6
OVRPBL,992,ok,7.1729539185,5
OVRPBL,993,ok,6.0071386528,6
OVRPBL,994,ok,6.5247254296,6
OVRPBL,995,ok,6.1817165955,5
OVRPBL,996,ok,6.8732755793,6
OVRPBL,997,ok,6.3508518692,5
OVRPBL,998,ok,7.3894123789,8
OVRPBL,999,ok,7.2177231772,5
OVRPBTW,0,no_feasible_candidate,,
OVRPBTW,1,ok,12.5316829949,16
OVRPBTW,2,no_feasible_candidate,,
OVRPBTW,3,no_feasible_candidate,,
OVRPBTW,4,ok,12.9976997610,18
OVRPBTW,5,no_feasible_candidate,,
OVRPBTW,6,no_feasible_candidate,,
OVRPBTW,7,no_feasible_candidate,,
OVRPBTW,8,no_feasible_candidate,,
OVRPBTW,9,no_feasible_candidate,,
OVRPBTW,10,no_feasible_candidate,,
OVRPBTW,11,no_feasible_candidate,,
OVRPBTW,12,no_feasible_candidate,,
OVRPBTW,13,ok,14.3837471661,21
OVRPBTW,14,no_feasible_candidate,,
OVRPBTW,15,no_feasible_candidate,,
OVRPBTW,16,ok,13.2519108754,18
OVRPBTW,17,no_feasible_candidate,,
OVRPBTW,18,no_feasible_candidate,,
OVRPBTW,19,ok,11.6874325768,16
OVRPBTW,20,no_feasible_candidate,,
OVRPBTW,21,no_feasible_candidate,,
OVRPBTW,22,no_feasible_candidate,,
OVRPBTW,23,no_feasible_candidate,,
OVRPBTW,24,no_feasible_candidate,,
OVRPBTW,25,ok,12.9725903121,20
OVRPBTW,26,ok,8.7135114930,18
OVRPBTW,27,ok,14.3816086819,17
OVRPBTW,28,no_feasible_candidate,,
OVRPBTW,29,no_feasible_candidate,,
OVRPBTW,30,no_feasible_candidate,,
OVRPBTW,31,no_feasible_candidate,,
OVRPBTW,32,no_feasible_candidate,,
OVRPBTW,33,no_feasible_candidate,,
OVRPBTW,34,ok,11.9642395839,20
OVRPBTW,35,no_feasible_candidate,,
OVRPBTW,36,no_feasible_candidate,,
OVRPBTW,37,no_feasible_candidate,,
OVRPBTW,38,no_feasible_candidate,,
OVRPBTW,39,no_feasible_candidate,,
OVRPBTW,40,no_feasible_candidate,,
OVRPBTW,41,ok,10.9565505922,18
OVRPBTW,42,no_feasible_candidate,,
OVRPBTW,43,no_feasible_candidate,,
OVRPBTW,44,ok,12.1501249901,15
OVRPBTW,45,no_feasible_candidate,,
OVRPBTW,46,no_feasible_candidate,,
OVRPBTW,47,no_feasible_candidate,,
OVRPBTW,48,no_feasible_candidate,,
OVRPBTW,49,no_feasible_candidate,,
OVRPBTW,50,no_feasible_candidate,,
OVRPBTW,51,no_feasible_candidate,,
OVRPBTW,52,no_feasible_candidate,,
OVRPBTW,53,ok,12.0410205355,18
OVRPBTW,54,ok,10.5779208696,14
OVRPBTW,55,no_feasible_candidate,,
OVRPBTW,56,no_feasible_candidate,,
OVRPBTW,57,ok,10.1733999142,15
OVRPBTW,58,no_feasible_candidate,,
OVRPBTW,59,no_feasible_candidate,,
OVRPBTW,60,no_feasible_candidate,,
OVRPBTW,61,ok,12.7281811890,18
OVRPBTW,62,no_feasible_candidate,,
OVRPBTW,63,no_feasible_candidate,,
OVRPBTW,64,no_feasible_candidate,,
OVRPBTW,65,no_feasible_candidate,,
OVRPBTW,66,no_feasible_candidate,,
OVRPBTW,67,no_feasible_candidate,,
OVRPBTW,68,ok,11.7790931003,15
OVRPBTW,69,no_feasible_candidate,,
OVRPBTW,70,no_feasible_candidate,,
OVRPBTW,71,no_feasible_candidate,,
OVRPBTW,72,ok,12.8347877073,18
OVRPBTW,73,no_feasible_candidate,,
OVRPBTW,74,no_feasible_candidate,,
OVRPBTW,75,no_feasible_candidate,,
OVRPBTW,76,ok,9.9184097325,15
OVRPBTW,77,no_feasible_candidate,,
OVRPBTW,78,no_feasible_candidate,,
OVRPBTW,79,no_feasible_candidate,,
OVRPBTW,80,no_feasible_candidate,,
OVRPBTW,81,no_feasible_candidate,,
OVRPBTW,82,no_feasible_candidate,,
OVRPBTW,83,no_feasible_candidate,,
OVRPBTW,84,no_feasible_candidate,,
OVRPBTW,85,no_feasible_candidate,,
OVRPBTW,86,no_feasible_candidate,,
OVRPBTW,87,no_feasible_candidate,,
OVRPBTW,88,ok,10.7546952010,18
OVRPBTW,89,no_feasible_candidate,,
OVRPBTW,90,no_feasible_candidate,,
OVRPBTW,91,ok,11.8801742958,16
OVRPBTW,92,no_feasible_candidate,,
OVRPBTW,93,ok,15.0324700940,16
OVRPBTW,94,ok,13.7830583063,19
OVRPBTW,95,no_feasible_candidate,,
OVRPBTW,96,no_feasible_candidate,,
OVRPBTW,97,no_feasible_candidate,,
OVRPBTW,98,no_feasible_candidate,,
OVRPBTW,99,no_feasible_candidate,,
OVRPBTW,100,no_feasible_candidate,,
OVRPBTW,101,ok,9.2289324831,14
OVRPBTW,102,no_feasible_candidate,,
OVRPBTW,103,no_feasible_candidate,,
OVRPBTW,104,no_feasible_candidate,,
OVRPBTW,105,no_feasible_candidate,,
OVRPBTW,106,no_feasible_candidate,,
OVRPBTW,107,ok,9.8886888627,16
OVRPBTW,108,no_feasible_candidate,,
OVRPBTW,109,no_feasible_candidate,,
OVRPBTW,110,no_feasible_candidate,,
OVRPBTW,111,no_feasible_candidate,,
OVRPBTW,112,no_feasible_candidate,,
OVRPBTW,113,ok,12.8350846589,16
OVRPBTW,114,no_feasible_candidate,,
OVRPBTW,115,no_feasible_candidate,,
OVRPBTW,116,no_feasible_candidate,,
OVRPBTW,117,no_feasible_candidate,,
OVRPBTW,118,no_feasible_candidate,,
OVRPBTW,119,no_feasible_candidate,,
OVRPBTW,120,no_feasible_candidate,,
OVRPBTW,121,no_feasible_candidate,,
OVRPBTW,122,no_feasible_candidate,,
OVRPBTW,123,no_feasible_candidate,,
OVRPBTW,124,no_feasible_candidate,,
OVRPBTW,125,no_feasible_candidate,,
OVRPBTW,126,no_feasible_candidate,,
OVRPBTW,127,no_feasible_candidate,,
OVRPBTW,128,ok,11.1754515053,18
OVRPBTW,129,no_feasible_candidate,,
OVRPBTW,130,no_feasible_candidate,,
OVRPBTW,131,no_feasible_candidate,,
OVRPBTW,132,ok,11.6169239613,15
OVRPBTW,133,ok,12.4690989435,19
OVRPBTW,134,no_feasible_candidate,,
OVRPBTW,135,no_feasible_candidate,,
OVRPBTW,136,no_feasible_candidate,,
OVRPBTW,137,ok,13.6578737402,18
OVRPBTW,138,ok,11.6333900591,17
OVRPBTW,139,no_feasible_candidate,,
OVRPBTW,140,no_feasible_candidate,,
OVRPBTW,141,no_feasible_candidate,,
OVRPBTW,142,ok,10.4369635317,20
OVRPBTW,143,no_feasible_candidate,,
OVRPBTW,144,ok,10.7917112784,15
OVRPBTW,145,no_feasible_candidate,,
OVRPBTW,146,no_feasible_candidate,,
OVRPBTW,147,no_feasible_candidate,,
OVRPBTW,148,no_feasible_candidate,,
OVRPBTW,149,no_feasible_candidate,,
OVRPBTW,150,no_feasible_candidate,,
OVRPBTW,151,no_feasible_candidate,,
OVRPBTW,152,ok,11.2438750947,16
OVRPBTW,153,ok,14.5473500565,19
OVRPBTW,154,no_feasible_candidate,,
OVRPBTW,155,no_feasible_candidate,,
OVRPBTW,156,ok,10.2883154725,18
OVRPBTW,157,no_feasible_candidate,,
OVRPBTW,158,no_feasible_candidate,,
OVRPBTW,159,no_feasible_candidate,,
OVRPBTW,160,no_feasible_candidate,,
OVRPBTW,161,ok,13.4127158502,18
OVRPBTW,162,no_feasible_candidate,,
OVRPBTW,163,no_feasible_candidate,,
OVRPBTW,164,ok,15.2549968872,17
OVRPBTW,165,ok,11.4166905023,19
OVRPBTW,166,no_feasible_candidate,,
OVRPBTW,167,no_feasible_candidate,,
OVRPBTW,168,no_feasible_candidate,,
OVRPBTW,169,no_feasible_candidate,,
OVRPBTW,170,no_feasible_candidate,,
OVRPBTW,171,ok,9.7029069544,16
OVRPBTW,172,no_feasible_candidate,,
OVRPBTW,173,no_feasible_candidate,,
OVRPBTW,174,no_feasible_candidate,,
OVRPBTW,175,no_feasible_candidate,,
OVRPBTW,176,no_feasible_candidate,,
OVRPBTW,177,ok,13.0757504998,17
OVRPBTW,178,no_feasible_candidate,,
OVRPBTW,179,ok,14.0271015403,17
OVRPBTW,180,no_feasible_candidate,,
OVRPBTW,181,ok,10.1907851879,14
OVRPBTW,182,ok,14.8153854215,20
OVRPBTW,183,ok,10.5975718297,18
OVRPBTW,184,no_feasible_candidate,,
OVRPBTW,185,no_feasible_candidate,,
OVRPBTW,186,no_feasible_candidate,,
OVRPBTW,187,no_feasible_candidate,,
OVRPBTW,188,ok,14.4810202590,14
OVRPBTW,189,no_feasible_candidate,,
OVRPBTW,190,no_feasible_candidate,,
OVRPBTW,191,no_feasible_candidate,,
OVRPBTW,192,no_feasible_candidate,,
OVRPBTW,193,no_feasible_candidate,,
OVRPBTW,194,no_feasible_candidate,,
OVRPBTW,195,no_feasible_candidate,,
OVRPBTW,196,no_feasible_candidate,,
OVRPBTW,197,no_feasible_candidate,,
OVRPBTW,198,no_feasible_candidate,,
OVRPBTW,199,no_feasible_candidate,,
OVRPBTW,200,no_feasible_candidate,,
OVRPBTW,201,no_feasible_candidate,,
OVRPBTW,202,ok,9.4298412466,14
OVRPBTW,203,ok,12.7959035792,15
OVRPBTW,204,no_feasible_candidate,,
OVRPBTW,205,no_feasible_candidate,,
OVRPBTW,206,no_feasible_candidate,,
OVRPBTW,207,no_feasible_candidate,,
OVRPBTW,208,no_feasible_candidate,,
OVRPBTW,209,no_feasible_candidate,,
OVRPBTW,210,no_feasible_candidate,,
OVRPBTW,211,no_feasible_candidate,,
OVRPBTW,212,no_feasible_candidate,,
OVRPBTW,213,no_feasible_candidate,,
OVRPBTW,214,no_feasible_candidate,,
OVRPBTW,215,no_feasible_candidate,,
OVRPBTW,216,no_feasible_candidate,,
OVRPBTW,217,no_feasible_candidate,,
OVRPBTW,218,no_feasible_candidate,,
OVRPBTW,219,no_feasible_candidate,,
OVRPBTW,220,no_feasible_candidate,,
OVRPBTW,221,no_feasible_candidate,,
OVRPBTW,222,no_feasible_candidate,,
OVRPBTW,223,ok,12.6453423035,16
OVRPBTW,224,ok,11.1225653610,18
OVRPBTW,225,no_feasible_candidate,,
OVRPBTW,226,ok,9.7584967700,18
OVRPBTW,227,no_feasible_candidate,,
OVRPBTW,228,ok,13.5933688409,18
OVRPBTW,229,no_feasible_candidate,,
OVRPBTW,230,ok,10.2755908231,16
OVRPBTW,231,no_feasible_candidate,,
OVRPBTW,232,no_feasible_candidate,,
OVRPBTW,233,no_feasible_candidate,,
OVRPBTW,234,ok,10.8838395882,19
OVRPBTW,235,no_feasible_candidate,,
OVRPBTW,236,ok,13.3560762540,17
OVRPBTW,237,no_feasible_candidate,,
OVRPBTW,238,no_feasible_candidate,,
OVRPBTW,239,no_feasible_candidate,,
OVRPBTW,240,no_feasible_candidate,,
OVRPBTW,241,no_feasible_candidate,,
OVRPBTW,242,no_feasible_candidate,,
OVRPBTW,243,no_feasible_candidate,,
OVRPBTW,244,no_feasible_candidate,,
OVRPBTW,245,no_feasible_candidate,,
OVRPBTW,246,no_feasible_candidate,,
OVRPBTW,247,no_feasible_candidate,,
OVRPBTW,248,no_feasible_candidate,,
OVRPBTW,249,no_feasible_candidate,,
OVRPBTW,250,no_feasible_candidate,,
OVRPBTW,251,no_feasible_candidate,,
OVRPBTW,252,no_feasible_candidate,,
OVRPBTW,253,no_feasible_candidate,,
OVRPBTW,254,no_feasible_candidate,,
OVRPBTW,255,no_feasible_candidate,,
OVRPBTW,256,no_feasible_candidate,,
OVRPBTW,257,no_feasible_candidate,,
OVRPBTW,258,no_feasible_candidate,,
OVRPBTW,259,no_feasible_candidate,,
OVRPBTW,260,no_feasible_candidate,,
OVRPBTW,261,no_feasible_candidate,,
OVRPBTW,262,ok,11.8103579903,14
OVRPBTW,263,no_feasible_candidate,,
OVRPBTW,264,no_feasible_candidate,,
OVRPBTW,265,no_feasible_candidate,,
OVRPBTW,266,no_feasible_candidate,,
OVRPBTW,267,ok,14.3300708435,20
OVRPBTW,268,no_feasible_candidate,,
OVRPBTW,269,no_feasible_candidate,,
OVRPBTW,270,no_feasible_candidate,,
OVRPBTW,271,no_feasible_candidate,,
OVRPBTW,272,ok,11.5995836686,16
OVRPBTW,273,no_feasible_candidate,,
OVRPBTW,274,ok,10.4802535666,16
OVRPBTW,275,no_feasible_candidate,,
OVRPBTW,276,no_feasible_candidate,,
OVRPBTW,277,no_feasible_candidate,,
OVRPBTW,278,no_feasible_candidate,,
OVRPBTW,279,no_feasible_candidate,,
OVRPBTW,280,no_feasible_candidate,,
OVRPBTW,281,ok,12.2638156614,15
OVRPBTW,282,no_feasible_candidate,,
OVRPBTW,283,no_feasible_candidate,,
OVRPBTW,284,ok,13.5992573491,18
OVRPBTW,285,no_feasible_candidate,,
OVRPBTW,286,no_feasible_candidate,,
OVRPBTW,287,ok,10.8989319426,19
OVRPBTW,288,ok,13.4950964788,17
OVRPBTW,289,no_feasible_candidate,,
OVRPBTW,290,no_feasible_candidate,,
OVRPBTW,291,no_feasible_candidate,,
OVRPBTW,292,no_feasible_candidate,,
OVRPBTW,293,no_feasible_candidate,,
OVRPBTW,294,no_feasible_candidate,,
OVRPBTW,295,no_feasible_candidate,,
OVRPBTW,296,ok,12.6990670953,17
OVRPBTW,297,no_feasible_candidate,,
OVRPBTW,298,no_feasible_candidate,,
OVRPBTW,299,no_feasible_candidate,,
OVRPBTW,300,no_feasible_candidate,,
OVRPBTW,301,no_feasible_candidate,,
OVRPBTW,302,no_feasible_candidate,,
OVRPBTW,303,ok,12.3016521214,18
OVRPBTW,304,no_feasible_candidate,,
OVRPBTW,305,no_feasible_candidate,,
OVRPBTW,306,no_feasible_candidate,,
OVRPBTW,307,no_feasible_candidate,,
OVRPBTW,308,no_feasible_candidate,,
OVRPBTW,309,ok,12.5329509101,19
OVRPBTW,310,no_feasible_candidate,,
OVRPBTW,311,no_feasible_candidate,,
OVRPBTW,312,no_feasible_candidate,,
OVRPBTW,313,no_feasible_candidate,,
OVRPBTW,314,no_feasible_candidate,,
OVRPBTW,315,ok,12.5057700863,15
OVRPBTW,316,no_feasible_candidate,,
OVRPBTW,317,no_feasible_candidate,,
OVRPBTW,318,no_feasible_candidate,,
OVRPBTW,319,no_feasible_candidate,,
OVRPBTW,320,no_feasible_candidate,,
OVRPBTW,321,no_feasible_candidate,,
OVRPBTW,322,no_feasible_candidate,,
OVRPBTW,323,no_feasible_candidate,,
OVRPBTW,324,no_feasible_candidate,,
OVRPBTW,325,no_feasible_candidate,,
OVRPBTW,326,no_feasible_candidate,,
OVRPBTW,327,no_feasible_candidate,,
OVRPBTW,328,no_feasible_candidate,,
OVRPBTW,329,no_feasible_candidate,,
OVRPBTW,330,no_feasible_candidate,,
OVRPBTW,331,no_feasible_candidate,,
OVRPBTW,332,no_feasible_candidate,,
OVRPBTW,333,no_feasible_candidate,,
OVRPBTW,334,no_feasible_candidate,,
OVRPBTW,335,no_feasible_candidate,,
OVRPBTW,336,no_feasible_candidate,,
OVRPBTW,337,no_feasible_candidate,,
OVRPBTW,338,no_feasible_candidate,,
OVRPBTW,339,no_feasible_candidate,,
OVRPBTW,340,no_feasible_candidate,,
OVRPBTW,341,no_feasible_candidate,,
OVRPBTW,342,no_feasible_candidate,,
OVRPBTW,343,no_feasible_candidate,,
OVRPBTW,344,no_feasible_candidate,,
OVRPBTW,345,no_feasible_candidate,,
OVRPBTW,346,ok,12.7448300390,20
OVRPBTW,347,no_feasible_candidate,,
OVRPBTW,348,no_feasible_candidate,,
OVRPBTW,349,no_feasible_candidate,,
OVRPBTW,350,no_feasible_candidate,,
OVRPBTW,351,no_feasible_candidate,,
OVRPBTW,352,no_feasible_candidate,,
OVRPBTW,353,no_feasible_candidate,,
OVRPBTW,354,no_feasible_candidate,,
OVRPBTW,355,no_feasible_candidate,,
OVRPBTW,356,no_feasible_candidate,,
OVRPBTW,357,ok,14.4009339906,19
OVRPBTW,358,no_feasible_candidate,,
OVRPBTW,359,no_feasible_candidate,,
OVRPBTW,360,no_feasible_candidate,,
OVRPBTW,361,ok,13.0752321233,15
OVRPBTW,362,no_feasible_candidate,,
OVRPBTW,363,no_feasible_candidate,,
OVRPBTW,364,ok,12.9597973256,13
OVRPBTW,365,no_feasible_candidate,,
OVRPBTW,366,no_feasible_candidate,,
OVRPBTW,367,ok,12.8391699368,18
OVRPBTW,368,no_feasible_candidate,,
OVRPBTW,369,no_feasible_candidate,,
OVRPBTW,370,ok,10.2751458142,17
OVRPBTW,371,no_feasible_candidate,,
OVRPBTW,372,no_feasible_candidate,,
OVRPBTW,373,no_feasible_candidate,,
OVRPBTW,374,no_feasible_candidate,,
OVRPBTW,375,no_feasible_candidate,,
OVRPBTW,376,no_feasible_candidate,,
OVRPBTW,377,ok,12.0444190596,16
OVRPBTW,378,no_feasible_candidate,,
OVRPBTW,379,no_feasible_candidate,,
OVRPBTW,380,ok,13.1262378708,16
OVRPBTW,381,ok,11.4315728161,16
OVRPBTW,382,no_feasible_candidate,,
OVRPBTW,383,no_feasible_candidate,,
OVRPBTW,384,no_feasible_candidate,,
OVRPBTW,385,no_feasible_candidate,,
OVRPBTW,386,no_feasible_candidate,,
OVRPBTW,387,no_feasible_candidate,,
OVRPBTW,388,no_feasible_candidate,,
OVRPBTW,389,no_feasible_candidate,,
OVRPBTW,390,no_feasible_candidate,,
OVRPBTW,391,no_feasible_candidate,,
OVRPBTW,392,no_feasible_candidate,,
OVRPBTW,393,ok,9.5322718678,15
OVRPBTW,394,no_feasible_candidate,,
OVRPBTW,395,ok,12.9497509415,14
OVRPBTW,396,no_feasible_candidate,,
OVRPBTW,397,ok,12.2791955194,16
OVRPBTW,398,no_feasible_candidate,,
OVRPBTW,399,no_feasible_candidate,,
OVRPBTW,400,no_feasible_candidate,,
OVRPBTW,401,no_feasible_candidate,,
OVRPBTW,402,no_feasible_candidate,,
OVRPBTW,403,ok,12.3287901637,17
OVRPBTW,404,no_feasible_candidate,,
OVRPBTW,405,no_feasible_candidate,,
OVRPBTW,406,no_feasible_candidate,,
OVRPBTW,407,no_feasible_candidate,,
OVRPBTW,408,no_feasible_candidate,,
OVRPBTW,409,no_feasible_candidate,,
OVRPBTW,410,ok,11.3466266931,16
OVRPBTW,411,no_feasible_candidate,,
OVRPBTW,412,ok,12.5312395025,17
OVRPBTW,413,no_feasible_candidate,,
OVRPBTW,414,no_feasible_candidate,,
OVRPBTW,415,no_feasible_candidate,,
OVRPBTW,416,no_feasible_candidate,,
OVRPBTW,417,no_feasible_candidate,,
OVRPBTW,418,no_feasible_candidate,,
OVRPBTW,419,no_feasible_candidate,,
OVRPBTW,420,ok,12.0700755176,17
OVRPBTW,421,no_feasible_candidate,,
OVRPBTW,422,ok,12.3384314208,16
OVRPBTW,423,no_feasible_candidate,,
OVRPBTW,424,no_feasible_candidate,,
OVRPBTW,425,no_feasible_candidate,,
OVRPBTW,426,no_feasible_candidate,,
OVRPBTW,427,no_feasible_candidate,,
OVRPBTW,428,no_feasible_candidate,,
OVRPBTW,429,ok,13.2619735886,18
OVRPBTW,430,no_feasible_candidate,,
OVRPBTW,431,no_feasible_candidate,,
OVRPBTW,432,ok,10.3404889028,16
OVRPBTW,433,no_feasible_candidate,,
OVRPBTW,434,no_feasible_candidate,,
OVRPBTW,435,no_feasible_candidate,,
OVRPBTW,436,no_feasible_candidate,,
OVRPBTW,437,ok,14.5187733195,18
OVRPBTW,438,no_feasible_candidate,,
OVRPBTW,439,ok,10.8213249689,16
OVRPBTW,440,no_feasible_candidate,,
OVRPBTW,441,no_feasible_candidate,,
OVRPBTW,442,ok,11.5102932799,17
OVRPBTW,443,no_feasible_candidate,,
OVRPBTW,444,no_feasible_candidate,,
OVRPBTW,445,no_feasible_candidate,,
OVRPBTW,446,ok,13.3497863089,21
OVRPBTW,447,no_feasible_candidate,,
OVRPBTW,448,ok,13.0378741151,17
OVRPBTW,449,no_feasible_candidate,,
OVRPBTW,450,no_feasible_candidate,,
OVRPBTW,451,no_feasible_candidate,,
OVRPBTW,452,no_feasible_candidate,,
OVRPBTW,453,ok,12.0139577194,17
OVRPBTW,454,ok,9.9600719903,16
OVRPBTW,455,ok,11.5789609374,16
OVRPBTW,456,no_feasible_candidate,,
OVRPBTW,457,no_feasible_candidate,,
OVRPBTW,458,no_feasible_candidate,,
OVRPBTW,459,no_feasible_candidate,,
OVRPBTW,460,no_feasible_candidate,,
OVRPBTW,461,no_feasible_candidate,,
OVRPBTW,462,no_feasible_candidate,,
OVRPBTW,463,no_feasible_candidate,,
OVRPBTW,464,no_feasible_candidate,,
OVRPBTW,465,no_feasible_candidate,,
OVRPBTW,466,no_feasible_candidate,,
OVRPBTW,467,no_feasible_candidate,,
OVRPBTW,468,no_feasible_candidate,,
OVRPBTW,469,no_feasible_candidate,,
OVRPBTW,470,no_feasible_candidate,,
OVRPBTW,471,no_feasible_candidate,,
OVRPBTW,472,no_feasible_candidate,,
OVRPBTW,473,no_feasible_candidate,,
OVRPBTW,474,ok,16.1804841476,17
OVRPBTW,475,no_feasible_candidate,,
OVRPBTW,476,no_feasible_candidate,,
OVRPBTW,477,ok,11.6554173111,16
OVRPBTW,478,no_feasible_candidate,,
OVRPBTW,479,no_feasible_candidate,,
OVRPBTW,480,no_feasible_candidate,,
OVRPBTW,481,no_feasible_candidate,,
OVRPBTW,482,no_feasible_candidate,,
OVRPBTW,483,no_feasible_candidate,,
OVRPBTW,484,no_feasible_candidate,,
OVRPBTW,485,no_feasible_candidate,,
OVRPBTW,486,no_feasible_candidate,,
OVRPBTW,487,no_feasible_candidate,,
OVRPBTW,488,ok,10.5846030578,20
OVRPBTW,489,no_feasible_candidate,,
OVRPBTW,490,ok,12.0094142434,20
OVRPBTW,491,no_feasible_candidate,,
OVRPBTW,492,no_feasible_candidate,,
OVRPBTW,493,ok,12.1578318375,18
OVRPBTW,494,no_feasible_candidate,,
OVRPBTW,495,no_feasible_candidate,,
OVRPBTW,496,no_feasible_candidate,,
OVRPBTW,497,no_feasible_candidate,,
OVRPBTW,498,no_feasible_candidate,,
OVRPBTW,499,no_feasible_candidate,,
OVRPBTW,500,no_feasible_candidate,,
OVRPBTW,501,no_feasible_candidate,,
OVRPBTW,502,no_feasible_candidate,,
OVRPBTW,503,no_feasible_candidate,,
OVRPBTW,504,no_feasible_candidate,,
OVRPBTW,505,no_feasible_candidate,,
OVRPBTW,506,no_feasible_candidate,,
OVRPBTW,507,no_feasible_candidate,,
OVRPBTW,508,no_feasible_candidate,,
OVRPBTW,509,no_feasible_candidate,,
OVRPBTW,510,no_feasible_candidate,,
OVRPBTW,511,no_feasible_candidate,,
OVRPBTW,512,no_feasible_candidate,,
OVRPBTW,513,no_feasible_candidate,,
OVRPBTW,514,ok,11.6027792034,16
OVRPBTW,515,no_feasible_candidate,,
OVRPBTW,516,no_feasible_candidate,,
OVRPBTW,517,no_feasible_candidate,,
OVRPBTW,518,no_feasible_candidate,,
OVRPBTW,519,ok,13.3553610720,17
OVRPBTW,520,no_feasible_candidate,,
OVRPBTW,521,no_feasible_candidate,,
OVRPBTW,522,no_feasible_candidate,,
OVRPBTW,523,no_feasible_candidate,,
OVRPBTW,524,no_feasible_candidate,,
OVRPBTW,525,no_feasible_candidate,,
OVRPBTW,526,no_feasible_candidate,,
OVRPBTW,527,ok,9.6354295961,13
OVRPBTW,528,no_feasible_candidate,,
OVRPBTW,529,no_feasible_candidate,,
OVRPBTW,530,ok,10.8585690629,16
OVRPBTW,531,ok,9.4556730080,18
OVRPBTW,532,no_feasible_candidate,,
OVRPBTW,533,no_feasible_candidate,,
OVRPBTW,534,no_feasible_candidate,,
OVRPBTW,535,ok,13.2550075486,21
OVRPBTW,536,no_feasible_candidate,,
OVRPBTW,537,no_feasible_candidate,,
OVRPBTW,538,ok,14.3079531758,18
OVRPBTW,539,no_feasible_candidate,,
OVRPBTW,540,no_feasible_candidate,,
OVRPBTW,541,no_feasible_candidate,,
OVRPBTW,542,no_feasible_candidate,,
OVRPBTW,543,no_feasible_candidate,,
OVRPBTW,544,no_feasible_candidate,,
OVRPBTW,545,ok,11.9890329892,17
OVRPBTW,546,no_feasible_candidate,,
OVRPBTW,547,no_feasible_candidate,,
OVRPBTW,548,no_feasible_candidate,,
OVRPBTW,549,no_feasible_candidate,,
OVRPBTW,550,no_feasible_candidate,,
OVRPBTW,551,ok,9.7658723295,16
OVRPBTW,552,no_feasible_candidate,,
OVRPBTW,553,no_feasible_candidate,,
OVRPBTW,554,no_feasible_candidate,,
OVRPBTW,555,no_feasible_candidate,,
OVRPBTW,556,no_feasible_candidate,,
OVRPBTW,557,ok,11.3052171471,20
OVRPBTW,558,no_feasible_candidate,,
OVRPBTW,559,no_feasible_candidate,,
OVRPBTW,560,no_feasible_candidate,,
OVRPBTW,561,no_feasible_candidate,,
OVRPBTW,562,no_feasible_candidate,,
OVRPBTW,563,no_feasible_candidate,,
OVRPBTW,564,no_feasible_candidate,,
OVRPBTW,565,no_feasible_candidate,,
OVRPBTW,566,no_feasible_candidate,,
OVRPBTW,567,no_feasible_candidate,,
OVRPBTW,568,no_feasible_candidate,,
OVRPBTW,569,no_feasible_candidate,,
OVRPBTW,570,no_feasible_candidate,,
OVRPBTW,571,no_feasible_candidate,,
OVRPBTW,572,no_feasible_candidate,,
OVRPBTW,573,no_feasible_candidate,,
OVRPBTW,574,no_feasible_candidate,,
OVRPBTW,575,no_feasible_candidate,,
OVRPBTW,576,no_feasible_candidate,,
OVRPBTW,577,no_feasible_candidate,,
OVRPBTW,578,no_feasible_candidate,,
OVRPBTW,579,no_feasible_candidate,,
OVRPBTW,580,ok,11.9368652884,19
OVRPBTW,581,no_feasible_candidate,,
OVRPBTW,582,ok,9.7055819616,16
OVRPBTW,583,no_feasible_candidate,,
OVRPBTW,584,no_feasible_candidate,,
OVRPBTW,585,ok,9.6965503763,18
OVRPBTW,586,no_feasible_candidate,,
OVRPBTW,587,no_feasible_candidate,,
OVRPBTW,588,no_feasible_candidate,,
OVRPBTW,589,no_feasible_candidate,,
OVRPBTW,590,no_feasible_candidate,,
OVRPBTW,591,no_feasible_candidate,,
OVRPBTW,592,no_feasible_candidate,,
OVRPBTW,593,no_feasible_candidate,,
OVRPBTW,594,no_feasible_candidate,,
OVRPBTW,595,no_feasible_candidate,,
OVRPBTW,596,ok,10.8701660620,16
OVRPBTW,597,no_feasible_candidate,,
OVRPBTW,598,no_feasible_candidate,,
OVRPBTW,599,no_feasible_candidate,,
OVRPBTW,600,no_feasible_candidate,,
OVRPBTW,601,ok,13.1471908328,18
OVRPBTW,602,no_feasible_candidate,,
OVRPBTW,603,ok,13.5324855240,15
OVRPBTW,604,no_feasible_candidate,,
OVRPBTW,605,no_feasible_candidate,,
OVRPBTW,606,no_feasible_candidate,,
OVRPBTW,607,no_feasible_candidate,,
OVRPBTW,608,no_feasible_candidate,,
OVRPBTW,609,no_feasible_candidate,,
OVRPBTW,610,ok,12.6285812053,17
OVRPBTW,611,no_feasible_candidate,,
OVRPBTW,612,no_feasible_candidate,,
OVRPBTW,613,no_feasible_candidate,,
OVRPBTW,614,ok,12.5717311560,19
OVRPBTW,615,no_feasible_candidate,,
OVRPBTW,616,no_feasible_candidate,,
OVRPBTW,617,ok,12.7990392486,17
OVRPBTW,618,no_feasible_candidate,,
OVRPBTW,619,no_feasible_candidate,,
OVRPBTW,620,ok,11.3351149774,16
OVRPBTW,621,no_feasible_candidate,,
OVRPBTW,622,no_feasible_candidate,,
OVRPBTW,623,no_feasible_candidate,,
OVRPBTW,624,no_feasible_candidate,,
OVRPBTW,625,no_feasible_candidate,,
OVRPBTW,626,no_feasible_candidate,,
OVRPBTW,627,no_feasible_candidate,,
OVRPBTW,628,no_feasible_candidate,,
OVRPBTW,629,no_feasible_candidate,,
OVRPBTW,630,no_feasible_candidate,,
OVRPBTW,631,no_feasible_candidate,,
OVRPBTW,632,ok,10.8882380337,16
OVRPBTW,633,no_feasible_candidate,,
OVRPBTW,634,ok,11.7468380406,15
OVRPBTW,635,no_feasible_candidate,,
OVRPBTW,636,no_feasible_candidate,,
OVRPBTW,637,no_feasible_candidate,,
OVRPBTW,638,no_feasible_candidate,,
OVRPBTW,639,no_feasible_candidate,,
OVRPBTW,640,no_feasible_candidate,,
OVRPBTW,641,no_feasible_candidate,,
OVRPBTW,642,no_feasible_candidate,,
OVRPBTW,643,no_feasible_candidate,,
OVRPBTW,644,no_feasible_candidate,,
OVRPBTW,645,no_feasible_candidate,,
OVRPBTW,646,no_feasible_candidate,,
OVRPBTW,647,no_feasible_candidate,,
OVRPBTW,648,no_feasible_candidate,,
OVRPBTW,649,no_feasible_candidate,,
OVRPBTW,650,no_feasible_candidate,,
OVRPBTW,651,no_feasible_candidate,,
OVRPBTW,652,no_feasible_candidate,,
OVRPBTW,653,no_feasible_candidate,,
OVRPBTW,654,no_feasible_candidate,,
OVRPBTW,655,no_feasible_candidate,,
OVRPBTW,656,no_feasible_candidate,,
OVRPBTW,657,no_feasible_candidate,,
OVRPBTW,658,no_feasible_candidate,,
OVRPBTW,659,no_feasible_candidate,,
OVRPBTW,660,no_feasible_candidate,,
OVRPBTW,661,no_feasible_candidate,,
OVRPBTW,662,no_feasible_candidate,,
OVRPBTW,663,no_feasible_candidate,,
OVRPBTW,664,no_feasible_candidate,,
OVRPBTW,665,no_feasible_candidate,,
OVRPBTW,666,no_feasible_candidate,,
OVRPBTW,667,no_feasible_candidate,,
OVRPBTW,668,no_feasible_candidate,,
OVRPBTW,669,ok,14.3610483327,18
OVRPBTW,670,no_feasible_candidate,,
OVRPBTW,671,no_feasible_candidate,,
OVRPBTW,672,no_feasible_candidate,,
OVRPBTW,673,no_feasible_candidate,,
OVRPBTW,674,ok,9.1856662122,14
OVRPBTW,675,no_feasible_candidate,,
OVRPBTW,676,no_feasible_candidate,,
OVRPBTW,677,ok,13.8699453242,16
OVRPBTW,678,ok,11.0261866551,16
OVRPBTW,679,no_feasible_candidate,,
OVRPBTW,680,no_feasible_candidate,,
OVRPBTW,681,ok,13.8526244645,18
OVRPBTW,682,no_feasible_candidate,,
OVRPBTW,683,no_feasible_candidate,,
OVRPBTW,684,no_feasible_candidate,,
OVRPBTW,685,ok,12.8519370288,19
OVRPBTW,686,no_feasible_candidate,,
OVRPBTW,687,no_feasible_candidate,,
OVRPBTW,688,ok,12.4215393204,15
OVRPBTW,689,no_feasible_candidate,,
OVRPBTW,690,no_feasible_candidate,,
OVRPBTW,691,no_feasible_candidate,,
OVRPBTW,692,no_feasible_candidate,,
OVRPBTW,693,no_feasible_candidate,,
OVRPBTW,694,no_feasible_candidate,,
OVRPBTW,695,no_feasible_candidate,,
OVRPBTW,696,no_feasible_candidate,,
OVRPBTW,697,no_feasible_candidate,,
OVRPBTW,698,no_feasible_candidate,,
OVRPBTW,699,ok,13.4090593309,18
OVRPBTW,700,no_feasible_candidate,,
OVRPBTW,701,no_feasible_candidate,,
OVRPBTW,702,no_feasible_candidate,,
OVRPBTW,703,no_feasible_candidate,,
OVRPBTW,704,no_feasible_candidate,,
OVRPBTW,705,no_feasible_candidate,,
OVRPBTW,706,no_feasible_candidate,,
OVRPBTW,707,ok,11.9059536159,19
OVRPBTW,708,no_feasible_candidate,,
OVRPBTW,709,no_feasible_candidate,,
OVRPBTW,710,no_feasible_candidate,,
OVRPBTW,711,no_feasible_candidate,,
OVRPBTW,712,ok,14.7443963616,18
OVRPBTW,713,no_feasible_candidate,,
OVRPBTW,714,no_feasible_candidate,,
OVRPBTW,715,no_feasible_candidate,,
OVRPBTW,716,no_feasible_candidate,,
OVRPBTW,717,no_feasible_candidate,,
OVRPBTW,718,no_feasible_candidate,,
OVRPBTW,719,no_feasible_candidate,,
OVRPBTW,720,no_feasible_candidate,,
OVRPBTW,721,ok,10.3842682034,17
OVRPBTW,722,no_feasible_candidate,,
OVRPBTW,723,no_feasible_candidate,,
OVRPBTW,724,no_feasible_candidate,,
OVRPBTW,725,no_feasible_candidate,,
OVRPBTW,726,ok,12.2251628878,15
OVRPBTW,727,no_feasible_candidate,,
OVRPBTW,728,no_feasible_candidate,,
OVRPBTW,729,no_feasible_candidate,,
OVRPBTW,730,no_feasible_candidate,,
OVRPBTW,731,no_feasible_candidate,,
OVRPBTW,732,ok,10.8229369785,18
OVRPBTW,733,no_feasible_candidate,,
OVRPBTW,734,no_feasible_candidate,,
OVRPBTW,735,ok,13.9464162566,18
OVRPBTW,736,no_feasible_candidate,,
OVRPBTW,737,ok,11.0242358533,16
OVRPBTW,738,no_feasible_candidate,,
OVRPBTW,739,ok,10.0021452432,17
OVRPBTW,740,ok,11.1746197459,17
OVRPBTW,741,no_feasible_candidate,,
OVRPBTW,742,no_feasible_candidate,,
OVRPBTW,743,no_feasible_candidate,,
OVRPBTW,744,ok,13.4772276275,19
OVRPBTW,745,no_feasible_candidate,,
OVRPBTW,746,no_feasible_candidate,,
OVRPBTW,747,ok,11.4337018459,17
OVRPBTW,748,ok,15.1284868559,18
OVRPBTW,749,no_feasible_candidate,,
OVRPBTW,750,no_feasible_candidate,,
OVRPBTW,751,no_feasible_candidate,,
OVRPBTW,752,no_feasible_candidate,,
OVRPBTW,753,ok,14.8893382042,16
OVRPBTW,754,ok,13.4771772576,18
OVRPBTW,755,ok,7.8826535995,16
OVRPBTW,756,no_feasible_candidate,,
OVRPBTW,757,no_feasible_candidate,,
OVRPBTW,758,no_feasible_candidate,,
OVRPBTW,759,no_feasible_candidate,,
OVRPBTW,760,ok,13.9991258626,18
OVRPBTW,761,no_feasible_candidate,,
OVRPBTW,762,ok,13.0911116835,15
OVRPBTW,763,no_feasible_candidate,,
OVRPBTW,764,no_feasible_candidate,,
OVRPBTW,765,no_feasible_candidate,,
OVRPBTW,766,no_feasible_candidate,,
OVRPBTW,767,no_feasible_candidate,,
OVRPBTW,768,no_feasible_candidate,,
OVRPBTW,769,no_feasible_candidate,,
OVRPBTW,770,no_feasible_candidate,,
OVRPBTW,771,no_feasible_candidate,,
OVRPBTW,772,no_feasible_candidate,,
OVRPBTW,773,no_feasible_candidate,,
OVRPBTW,774,no_feasible_candidate,,
OVRPBTW,775,no_feasible_candidate,,
OVRPBTW,776,no_feasible_candidate,,
OVRPBTW,777,no_feasible_candidate,,
OVRPBTW,778,no_feasible_candidate,,
OVRPBTW,779,no_feasible_candidate,,
OVRPBTW,780,no_feasible_candidate,,
OVRPBTW,781,no_feasible_candidate,,
OVRPBTW,782,no_feasible_candidate,,
OVRPBTW,783,no_feasible_candidate,,
OVRPBTW,784,no_feasible_candidate,,
OVRPBTW,785,no_feasible_candidate,,
OVRPBTW,786,no_feasible_candidate,,
OVRPBTW,787,no_feasible_candidate,,
OVRPBTW,788,no_feasible_candidate,,
OVRPBTW,789,no_feasible_candidate,,
OVRPBTW,790,no_feasible_candidate,,
OVRPBTW,791,no_feasible_candidate,,
OVRPBTW,792,no_feasible_candidate,,
OVRPBTW,793,no_feasible_candidate,,
OVRPBTW,794,ok,12.9366260928,19
OVRPBTW,795,no_feasible_candidate,,
OVRPBTW,796,no_feasible_candidate,,
OVRPBTW,797,ok,11.7029188699,19
OVRPBTW,798,ok,13.6601891124,16
OVRPBTW,799,ok,12.6382085992,17
OVRPBTW,800,no_feasible_candidate,,
OVRPBTW,801,ok,10.1558407459,15
OVRPBTW,802,no_feasible_candidate,,
OVRPBTW,803,ok,10.8770108539,17
OVRPBTW,804,no_feasible_candidate,,
OVRPBTW,805,no_feasible_candidate,,
OVRPBTW,806,no_feasible_candidate,,
OVRPBTW,807,no_feasible_candidate,,
OVRPBTW,808,no_feasible_candidate,,
OVRPBTW,809,no_feasible_candidate,,
OVRPBTW,810,no_feasible_candidate,,
OVRPBTW,811,no_feasible_candidate,,
OVRPBTW,812,no_feasible_candidate,,
OVRPBTW,813,no_feasible_candidate,,
OVRPBTW,814,no_feasible_candidate,,
OVRPBTW,815,no_feasible_candidate,,
OVRPBTW,816,ok,13.4451634230,17
OVRPBTW,817,no_feasible_candidate,,
OVRPBTW,818,no_feasible_candidate,,
OVRPBTW,819,ok,8.8506605009,16
OVRPBTW,820,no_feasible_candidate,,
OVRPBTW,821,no_feasible_candidate,,
OVRPBTW,822,no_feasible_candidate,,
OVRPBTW,823,no_feasible_candidate,,
OVRPBTW,824,no_feasible_candidate,,
OVRPBTW,825,ok,10.9036959779,16
OVRPBTW,826,no_feasible_candidate,,
OVRPBTW,827,no_feasible_candidate,,
OVRPBTW,828,no_feasible_candidate,,
OVRPBTW,829,no_feasible_candidate,,
OVRPBTW,830,no_feasible_candidate,,
OVRPBTW,831,no_feasible_candidate,,
OVRPBTW,832,no_feasible_candidate,,
OVRPBTW,833,no_feasible_candidate,,
OVRPBTW,834,no_feasible_candidate,,
OVRPBTW,835,no_feasible_candidate,,
OVRPBTW,836,no_feasible_candidate,,
OVRPBTW,837,no_feasible_candidate,,
OVRPBTW,838,no_feasible_candidate,,
OVRPBTW,839,no_feasible_candidate,,
OVRPBTW,840,no_feasible_candidate,,
OVRPBTW,841,no_feasible_candidate,,
OVRPBTW,842,no_feasible_candidate,,
OVRPBTW,843,no_feasible_candidate,,
OVRPBTW,844,no_feasible_candidate,,
OVRPBTW,845,no_feasible_candidate,,
OVRPBTW,846,ok,12.2045012571,18
OVRPBTW,847,no_feasible_candidate,,
OVRPBTW,848,no_feasible_candidate,,
OVRPBTW,849,no_feasible_candidate,,
OVRPBTW,850,no_feasible_candidate,,
OVRPBTW,851,no_feasible_candidate,,
OVRPBTW,852,ok,9.6413937590,18
OVRPBTW,853,no_feasible_candidate,,
OVRPBTW,854,no_feasible_candidate,,
OVRPBTW,855,no_feasible_candidate,,
OVRPBTW,856,no_feasible_candidate,,
OVRPBTW,857,no_feasible_candidate,,
OVRPBTW,858,no_feasible_candidate,,
OVRPBTW,859,no_feasible_candidate,,
OVRPBTW,860,no_feasible_candidate,,
OVRPBTW,861,no_feasible_candidate,,
OVRPBTW,862,no_feasible_candidate,,
OVRPBTW,863,no_feasible_candidate,,
OVRPBTW,864,ok,12.2469591881,17
OVRPBTW,865,no_feasible_candidate,,
OVRPBTW,866,no_feasible_candidate,,
OVRPBTW,867,no_feasible_candidate,,
OVRPBTW,868,no_feasible_candidate,,
OVRPBTW,869,no_feasible_candidate,,
OVRPBTW,870,no_feasible_candidate,,
OVRPBTW,871,no_feasible_candidate,,
OVRPBTW,872,no_feasible_candidate,,
OVRPBTW,873,ok,10.5602714473,14
OVRPBTW,874,ok,11.6272989469,17
OVRPBTW,875,no_feasible_candidate,,
OVRPBTW,876,no_feasible_candidate,,
OVRPBTW,877,no_feasible_candidate,,
OVRPBTW,878,no_feasible_candidate,,
OVRPBTW,879,no_feasible_candidate,,
OVRPBTW,880,no_feasible_candidate,,
OVRPBTW,881,no_feasible_candidate,,
OVRPBTW,882,no_feasible_candidate,,
OVRPBTW,883,no_feasible_candidate,,
OVRPBTW,884,no_feasible_candidate,,
OVRPBTW,885,no_feasible_candidate,,
OVRPBTW,886,no_feasible_candidate,,
OVRPBTW,887,ok,11.5877443942,18
OVRPBTW,888,no_feasible_candidate,,
OVRPBTW,889,no_feasible_candidate,,
OVRPBTW,890,no_feasible_candidate,,
OVRPBTW,891,no_feasible_candidate,,
OVRPBTW,892,ok,11.1164858648,19
OVRPBTW,893,no_feasible_candidate,,
OVRPBTW,894,no_feasible_candidate,,
OVRPBTW,895,no_feasible_candidate,,
OVRPBTW,896,no_feasible_candidate,,
OVRPBTW,897,no_feasible_candidate,,
OVRPBTW,898,no_feasible_candidate,,
OVRPBTW,899,ok,14.2047209799,15
OVRPBTW,900,no_feasible_candidate,,
OVRPBTW,901,no_feasible_candidate,,
OVRPBTW,902,no_feasible_candidate,,
OVRPBTW,903,no_feasible_candidate,,
OVRPBTW,904,no_feasible_candidate,,
OVRPBTW,905,no_feasible_candidate,,
OVRPBTW,906,no_feasible_candidate,,
OVRPBTW,907,no_feasible_candidate,,
OVRPBTW,908,ok,11.9222778844,18
OVRPBTW,909,no_feasible_candidate,,
OVRPBTW,910,no_feasible_candidate,,
OVRPBTW,911,no_feasible_candidate,,
OVRPBTW,912,ok,12.5884384544,19
OVRPBTW,913,no_feasible_candidate,,
OVRPBTW,914,no_feasible_candidate,,
OVRPBTW,915,no_feasible_candidate,,
OVRPBTW,916,no_feasible_candidate,,
OVRPBTW,917,no_feasible_candidate,,
OVRPBTW,918,no_feasible_candidate,,
OVRPBTW,919,no_feasible_candidate,,
OVRPBTW,920,no_feasible_candidate,,
OVRPBTW,921,no_feasible_candidate,,
OVRPBTW,922,no_feasible_candidate,,
OVRPBTW,923,no_feasible_candidate,,
OVRPBTW,924,no_feasible_candidate,,
OVRPBTW,925,no_feasible_candidate,,
OVRPBTW,926,no_feasible_candidate,,
OVRPBTW,927,ok,11.3460237627,15
OVRPBTW,928,no_feasible_candidate,,
OVRPBTW,929,no_feasible_candidate,,
OVRPBTW,930,no_feasible_candidate,,
OVRPBTW,931,no_feasible_candidate,,
OVRPBTW,932,no_feasible_candidate,,
OVRPBTW,933,no_feasible_candidate,,
OVRPBTW,934,ok,12.0102339452,16
OVRPBTW,935,no_feasible_candidate,,
OVRPBTW,936,ok,8.6664096353,16
OVRPBTW,937,no_feasible_candidate,,
OVRPBTW,938,ok,11.9827719977,16
OVRPBTW,939,no_feasible_candidate,,
OVRPBTW,940,ok,10.2080072418,16
OVRPBTW,941,no_feasible_candidate,,
OVRPBTW,942,ok,12.8357964933,18
OVRPBTW,943,no_feasible_candidate,,
OVRPBTW,944,no_feasible_candidate,,
OVRPBTW,945,no_feasible_candidate,,
OVRPBTW,946,no_feasible_candidate,,
OVRPBTW,947,no_feasible_candidate,,
OVRPBTW,948,no_feasible_candidate,,
OVRPBTW,949,no_feasible_candidate,,
OVRPBTW,950,no_feasible_candidate,,
OVRPBTW,951,no_feasible_candidate,,
OVRPBTW,952,no_feasible_candidate,,
OVRPBTW,953,no_feasible_candidate,,
OVRPBTW,954,no_feasible_candidate,,
OVRPBTW,955,no_feasible_candidate,,
OVRPBTW,956,no_feasible_candidate,,
OVRPBTW,957,ok,12.4281343363,15
OVRPBTW,958,no_feasible_candidate,,
OVRPBTW,959,no_feasible_candidate,,
OVRPBTW,960,no_feasible_candidate,,
OVRPBTW,961,no_feasible_candidate,,
OVRPBTW,962,no_feasible_candidate,,
OVRPBTW,963,no_feasible_candidate,,
OVRPBTW,964,no_feasible_candidate,,
OVRPBTW,965,no_feasible_candidate,,
OVRPBTW,966,no_feasible_candidate,,
OVRPBTW,967,ok,10.9560758650,17
OVRPBTW,968,no_feasible_candidate,,
OVRPBTW,969,no_feasible_candidate,,
OVRPBTW,970,no_feasible_candidate,,
OVRPBTW,971,no_feasible_candidate,,
OVRPBTW,972,no_feasible_candidate,,
OVRPBTW,973,no_feasible_candidate,,
OVRPBTW,974,no_feasible_candidate,,
OVRPBTW,975,ok,10.9655450909,15
OVRPBTW,976,no_feasible_candidate,,
OVRPBTW,977,ok,13.0283514557,15
OVRPBTW,978,ok,10.8541083408,18
OVRPBTW,979,no_feasible_candidate,,
OVRPBTW,980,ok,15.2812313439,17
OVRPBTW,981,no_feasible_candidate,,
OVRPBTW,982,no_feasible_candidate,,
OVRPBTW,983,ok,12.5489973780,21
OVRPBTW,984,ok,11.9562492168,15
OVRPBTW,985,ok,14.0298708955,19
OVRPBTW,986,no_feasible_candidate,,
OVRPBTW,987,no_feasible_candidate,,
OVRPBTW,988,no_feasible_candidate,,
OVRPBTW,989,no_feasible_candidate,,
OVRPBTW,990,no_feasible_candidate,,
OVRPBTW,991,no_feasible_candidate,,
OVRPBTW,992,no_feasible_candidate,,
OVRPBTW,993,no_feasible_candidate,,
OVRPBTW,994,no_feasible_candidate,,
OVRPBTW,995,no_feasible_candidate,,
OVRPBTW,996,no_feasible_candidate,,
OVRPBTW,997,no_feasible_candidate,,
OVRPBTW,998,no_feasible_candidate,,
OVRPBTW,999,no_feasible_candidate,,
OVRPLTW,0,ok,11.0940467204,16
OVRPLTW,1,ok,10.7481198317,16
OVRPLTW,2,ok,14.8533054548,16
OVRPLTW,3,ok,9.5693212866,16
OVRPLTW,4,ok,8.8940061304,15
OVRPLTW,5,ok,10.2014274239,17
OVRPLTW,6,ok,10.1196420759,15
OVRPLTW,7,ok,11.1227597330,16
OVRPLTW,8,ok,9.6527461541,17
OVRPLTW,9,ok,8.5654402109,15
OVRPLTW,10,ok,12.8933296163,16
OVRPLTW,11,ok,9.3482798376,16
OVRPLTW,12,ok,9.9808624466,14
OVRPLTW,13,ok,10.7998677014,16
OVRPLTW,14,ok,11.3830551423,16
OVRPLTW,15,ok,9.7615806714,16
OVRPLTW,16,ok,11.5875002294,16
OVRPLTW,17,ok,9.6676319044,14
OVRPLTW,18,ok,12.3956391888,18
OVRPLTW,19,ok,12.9805335101,17
OVRPLTW,20,ok,11.1573340294,16
OVRPLTW,21,ok,10.4188397230,14
OVRPLTW,22,ok,11.1281463962,14
OVRPLTW,23,ok,8.5306565686,14
OVRPLTW,24,ok,11.1616379144,17
OVRPLTW,25,ok,13.9307971659,16
OVRPLTW,26,ok,8.9079110947,16
OVRPLTW,27,ok,10.2083019568,16
OVRPLTW,28,ok,12.3968058558,15
OVRPLTW,29,ok,9.3720748887,17
OVRPLTW,30,ok,9.4555184705,16
OVRPLTW,31,ok,10.3312119428,18
OVRPLTW,32,ok,8.7488929228,15
OVRPLTW,33,ok,11.6317103496,15
OVRPLTW,34,ok,11.8981195191,17
OVRPLTW,35,ok,9.3561023783,18
OVRPLTW,36,ok,10.4631315218,16
OVRPLTW,37,ok,9.8441911649,17
OVRPLTW,38,ok,11.6154328575,13
OVRPLTW,39,ok,7.8543508834,14
OVRPLTW,40,ok,10.7879560965,16
OVRPLTW,41,ok,10.7113168336,14
OVRPLTW,42,ok,8.8024303979,15
OVRPLTW,43,ok,10.4973074607,16
OVRPLTW,44,ok,10.5286742027,18
OVRPLTW,45,ok,11.1026870062,17
OVRPLTW,46,ok,10.2664394756,15
OVRPLTW,47,ok,12.3758878372,17
OVRPLTW,48,ok,8.8543504127,16
OVRPLTW,49,ok,8.9570070872,15
OVRPLTW,50,ok,9.2435143667,17
OVRPLTW,51,ok,10.4706322792,17
OVRPLTW,52,ok,8.5008815721,16
OVRPLTW,53,ok,9.6618376249,15
OVRPLTW,54,ok,8.8622164865,17
OVRPLTW,55,ok,12.3172795447,19
OVRPLTW,56,ok,8.8981088476,13
OVRPLTW,57,ok,10.2710244602,14
OVRPLTW,58,ok,9.5393098871,14
OVRPLTW,59,ok,11.0943270095,17
OVRPLTW,60,ok,8.5062443209,17
OVRPLTW,61,ok,11.1744166534,16
OVRPLTW,62,ok,9.8986564574,14
OVRPLTW,63,ok,10.0748878655,17
OVRPLTW,64,ok,12.6798190703,15
OVRPLTW,65,ok,9.5403774180,14
OVRPLTW,66,ok,10.7341847010,15
OVRPLTW,67,ok,9.1663679148,15
OVRPLTW,68,ok,8.9128491381,13
OVRPLTW,69,ok,11.9579738812,17
OVRPLTW,70,ok,9.6455557917,13
OVRPLTW,71,ok,9.1680314930,15
OVRPLTW,72,ok,9.3331502447,17
OVRPLTW,73,ok,12.2850691463,15
OVRPLTW,74,ok,12.8399311141,14
OVRPLTW,75,ok,8.7259537062,15
OVRPLTW,76,ok,8.3717275425,14
OVRPLTW,77,ok,10.1694546707,15
OVRPLTW,78,ok,9.3308204425,17
OVRPLTW,79,ok,11.1688203030,15
OVRPLTW,80,ok,12.9457017732,17
OVRPLTW,81,ok,9.0020182551,16
OVRPLTW,82,ok,10.6524416210,16
OVRPLTW,83,ok,9.6796093468,14
OVRPLTW,84,ok,10.0618908225,17
OVRPLTW,85,ok,13.2609103811,14
OVRPLTW,86,ok,8.7706368178,16
OVRPLTW,87,ok,9.3537191612,15
OVRPLTW,88,ok,10.7926486255,16
OVRPLTW,89,ok,9.3715424395,13
OVRPLTW,90,ok,12.1819104357,16
OVRPLTW,91,ok,10.1480098602,16
OVRPLTW,92,ok,9.3495931764,17
OVRPLTW,93,ok,8.8072623524,18
OVRPLTW,94,ok,9.3963028985,18
OVRPLTW,95,ok,12.2776345884,15
OVRPLTW,96,ok,9.2299469322,15
OVRPLTW,97,ok,9.4816842455,14
OVRPLTW,98,ok,10.5778127002,17
OVRPLTW,99,ok,9.8762899634,16
OVRPLTW,100,ok,11.7311135641,13
OVRPLTW,101,ok,13.2951696426,14
OVRPLTW,102,ok,9.8395890932,16
OVRPLTW,103,ok,11.8708219748,14
OVRPLTW,104,ok,12.6941045052,16
OVRPLTW,105,ok,9.5976635254,14
OVRPLTW,106,ok,11.8518709819,14
OVRPLTW,107,ok,10.8068432905,16
OVRPLTW,108,ok,10.3253480084,15
OVRPLTW,109,ok,9.3991591986,16
OVRPLTW,110,ok,10.2603135672,14
OVRPLTW,111,ok,9.9001785374,17
OVRPLTW,112,ok,12.2919175560,19
OVRPLTW,113,ok,13.2644482206,16
OVRPLTW,114,ok,9.7228340483,17
OVRPLTW,115,ok,11.9887870850,16
OVRPLTW,116,ok,9.5920656387,16
OVRPLTW,117,ok,11.7374823591,15
OVRPLTW,118,ok,9.7560294269,18
OVRPLTW,119,ok,12.2291112124,15
OVRPLTW,120,ok,11.4532988043,18
OVRPLTW,121,ok,9.1482104118,14
OVRPLTW,122,ok,12.2292282105,14
OVRPLTW,123,ok,11.1292138863,16
OVRPLTW,124,ok,9.3133045933,13
OVRPLTW,125,ok,10.7248424108,15
OVRPLTW,126,ok,8.6030912636,18
OVRPLTW,127,ok,10.2996982366,15
OVRPLTW,128,ok,10.5955865764,14
OVRPLTW,129,ok,9.3759716063,14
OVRPLTW,130,ok,10.7820347922,13
OVRPLTW,131,ok,11.7879322781,15
OVRPLTW,132,ok,10.6468025643,14
OVRPLTW,133,ok,9.2473964331,16
OVRPLTW,134,ok,9.8970746504,17
OVRPLTW,135,ok,10.2914766878,13
OVRPLTW,136,ok,10.2430400382,15
OVRPLTW,137,ok,12.1361199443,17
OVRPLTW,138,ok,12.2154997383,13
OVRPLTW,139,ok,9.8910702022,16
OVRPLTW,140,ok,7.7161663711,13
OVRPLTW,141,ok,10.6584181499,14
OVRPLTW,142,ok,11.7956157934,13
OVRPLTW,143,ok,9.8892582337,14
OVRPLTW,144,ok,8.4766436249,14
OVRPLTW,145,ok,10.8105164587,14
OVRPLTW,146,ok,11.5922144027,13
OVRPLTW,147,ok,13.4675879668,16
OVRPLTW,148,ok,10.9696278522,16
OVRPLTW,149,ok,10.1261434123,14
OVRPLTW,150,ok,11.2691935045,18
OVRPLTW,151,ok,7.9449805949,16
OVRPLTW,152,ok,12.1086481456,14
OVRPLTW,153,ok,11.3570771973,15
OVRPLTW,154,ok,10.4710274727,14
OVRPLTW,155,ok,10.3491399852,18
OVRPLTW,156,ok,8.7626653626,16
OVRPLTW,157,ok,9.4394241653,15
OVRPLTW,158,ok,11.3265720901,17
OVRPLTW,159,ok,10.1293702146,16
OVRPLTW,160,ok,11.5527876411,15
OVRPLTW,161,ok,12.5933745947,16
OVRPLTW,162,ok,8.8864379228,14
OVRPLTW,163,ok,9.7216231873,18
OVRPLTW,164,ok,9.9928417115,16
OVRPLTW,165,ok,7.6301692889,14
OVRPLTW,166,ok,9.8140076326,17
OVRPLTW,167,ok,11.5302818028,15
OVRPLTW,168,ok,9.1143845020,16
OVRPLTW,169,ok,8.1120744461,17
OVRPLTW,170,ok,8.6449863038,13
OVRPLTW,171,ok,10.0817862075,17
OVRPLTW,172,ok,8.5282310586,16
OVRPLTW,173,ok,12.1206391664,19
OVRPLTW,174,ok,10.4216596722,15
OVRPLTW,175,ok,10.3676172774,16
OVRPLTW,176,ok,9.3636122647,14
OVRPLTW,177,ok,9.6104132512,14
OVRPLTW,178,ok,11.4971851593,18
OVRPLTW,179,ok,10.9228258833,18
OVRPLTW,180,ok,9.4610024333,16
OVRPLTW,181,ok,10.5688799375,16
OVRPLTW,182,ok,12.9556733936,16
OVRPLTW,183,ok,9.6834329805,15
OVRPLTW,184,ok,11.2938444362,15
OVRPLTW,185,ok,10.1172468882,14
OVRPLTW,186,ok,13.5452615786,14
OVRPLTW,187,ok,10.4330785468,14
OVRPLTW,188,ok,11.4418523972,15
OVRPLTW,189,ok,10.0023612752,18
OVRPLTW,190,ok,10.1610128311,13
OVRPLTW,191,ok,10.2321670657,16
OVRPLTW,192,ok,9.1240076867,13
OVRPLTW,193,ok,10.8368808060,17
OVRPLTW,194,ok,10.3999914841,14
OVRPLTW,195,ok,12.3611524213,15
OVRPLTW,196,ok,10.0762428266,16
OVRPLTW,197,ok,9.8207251809,15
OVRPLTW,198,ok,10.5305057025,14
OVRPLTW,199,ok,10.3443975958,15
OVRPLTW,200,ok,10.4981321647,13
OVRPLTW,201,ok,8.6768891220,15
OVRPLTW,202,ok,9.1256894785,17
OVRPLTW,203,ok,10.6143413441,18
OVRPLTW,204,ok,10.5792908332,14
OVRPLTW,205,ok,8.6843401095,14
OVRPLTW,206,ok,11.8404985480,16
OVRPLTW,207,ok,12.0690147268,17
OVRPLTW,208,ok,9.4732445425,16
OVRPLTW,209,ok,8.6874696312,16
OVRPLTW,210,ok,10.4979938601,15
OVRPLTW,211,ok,9.1594269139,17
OVRPLTW,212,ok,13.4655798887,13
OVRPLTW,213,ok,11.3491402142,16
OVRPLTW,214,ok,10.3082410196,16
OVRPLTW,215,ok,11.2429882420,16
OVRPLTW,216,ok,7.6132621951,13
OVRPLTW,217,ok,10.8387811772,13
OVRPLTW,218,ok,10.6544238200,15
OVRPLTW,219,ok,12.0945054310,15
OVRPLTW,220,ok,9.9719295642,14
OVRPLTW,221,ok,9.7483861134,16
OVRPLTW,222,ok,12.4006874827,19
OVRPLTW,223,ok,9.8314562682,18
OVRPLTW,224,ok,9.7131481408,17
OVRPLTW,225,ok,10.1553719931,16
OVRPLTW,226,ok,11.3687180879,17
OVRPLTW,227,ok,15.4274747794,16
OVRPLTW,228,ok,11.1133834995,15
OVRPLTW,229,ok,9.7140027999,14
OVRPLTW,230,ok,8.6733946542,14
OVRPLTW,231,ok,11.7757199957,16
OVRPLTW,232,ok,13.8068370123,18
OVRPLTW,233,ok,12.0280482765,14
OVRPLTW,234,ok,12.8354787035,19
OVRPLTW,235,ok,9.4286401582,13
OVRPLTW,236,ok,8.0973108049,14
OVRPLTW,237,ok,9.3646559648,16
OVRPLTW,238,ok,11.8473603788,16
OVRPLTW,239,ok,9.4549053675,14
OVRPLTW,240,ok,8.4353224499,13
OVRPLTW,241,ok,8.9616914332,17
OVRPLTW,242,ok,12.0332118600,19
OVRPLTW,243,ok,11.7591591240,16
OVRPLTW,244,ok,11.8225358217,16
OVRPLTW,245,ok,10.9940340863,15
OVRPLTW,246,ok,14.4151488810,16
OVRPLTW,247,ok,9.5678760677,16
OVRPLTW,248,ok,11.2672699696,15
OVRPLTW,249,ok,13.4118966635,14
OVRPLTW,250,ok,9.9788204267,16
OVRPLTW,251,ok,9.3495034163,16
OVRPLTW,252,ok,11.1397934430,16
OVRPLTW,253,ok,12.5407761889,20
OVRPLTW,254,ok,9.7546146736,17
OVRPLTW,255,ok,9.7003346758,16
OVRPLTW,256,ok,9.3344211597,15
OVRPLTW,257,ok,13.6823730594,15
OVRPLTW,258,ok,8.5634996264,17
OVRPLTW,259,ok,10.5687478736,13
OVRPLTW,260,ok,7.7256382017,15
OVRPLTW,261,ok,9.9618091420,18
OVRPLTW,262,ok,9.8906782081,16
OVRPLTW,263,ok,11.9923395398,16
OVRPLTW,264,ok,10.0191131002,17
OVRPLTW,265,ok,9.5914383299,15
OVRPLTW,266,ok,9.4103333959,13
OVRPLTW,267,ok,11.5683770824,13
OVRPLTW,268,ok,10.5381908679,17
OVRPLTW,269,ok,11.3903357668,15
OVRPLTW,270,ok,10.6872481826,15
OVRPLTW,271,ok,8.7449987070,15
OVRPLTW,272,ok,10.5766975432,14
OVRPLTW,273,ok,9.5393749228,16
OVRPLTW,274,ok,8.8993950540,16
OVRPLTW,275,ok,10.5438254649,15
OVRPLTW,276,ok,12.6482201194,17
OVRPLTW,277,ok,11.5197513965,16
OVRPLTW,278,ok,11.0123250770,19
OVRPLTW,279,ok,11.8610735475,16
OVRPLTW,280,ok,11.0303874423,13
OVRPLTW,281,ok,12.1990458892,14
OVRPLTW,282,ok,9.3198157652,15
OVRPLTW,283,ok,10.2006439637,13
OVRPLTW,284,ok,9.2040271841,16
OVRPLTW,285,ok,9.0096414128,13
OVRPLTW,286,ok,9.0736089914,15
OVRPLTW,287,ok,10.8318873712,16
OVRPLTW,288,ok,11.1349018484,19
OVRPLTW,289,ok,10.1735273468,14
OVRPLTW,290,ok,12.8006533041,15
OVRPLTW,291,ok,10.1182430696,15
OVRPLTW,292,ok,8.2120283676,15
OVRPLTW,293,ok,11.1978234973,17
OVRPLTW,294,ok,9.4396382088,14
OVRPLTW,295,ok,8.8185071016,15
OVRPLTW,296,ok,9.3034876649,17
OVRPLTW,297,ok,12.4303002590,13
OVRPLTW,298,ok,11.4039041660,17
OVRPLTW,299,ok,10.5551771032,16
OVRPLTW,300,ok,10.0601653482,15
OVRPLTW,301,ok,12.5023546050,18
OVRPLTW,302,ok,10.2780701749,16
OVRPLTW,303,ok,11.4670933397,16
OVRPLTW,304,ok,12.7922134276,14
OVRPLTW,305,ok,10.5795434879,16
OVRPLTW,306,ok,13.3616336418,16
OVRPLTW,307,ok,10.4303715574,17
OVRPLTW,308,ok,10.3368106284,16
OVRPLTW,309,ok,10.1535090258,13
OVRPLTW,310,ok,11.3612587547,16
OVRPLTW,311,ok,10.6314859413,17
OVRPLTW,312,ok,8.7354294154,16
OVRPLTW,313,ok,9.9034163387,16
OVRPLTW,314,ok,11.4352075961,15
OVRPLTW,315,ok,10.4410903401,14
OVRPLTW,316,ok,11.5765400553,16
OVRPLTW,317,ok,11.2831153504,15
OVRPLTW,318,ok,9.3419578549,16
OVRPLTW,319,ok,10.5102804923,16
OVRPLTW,320,ok,12.2501589036,15
OVRPLTW,321,ok,11.7861966071,15
OVRPLTW,322,ok,11.8670418830,16
OVRPLTW,323,ok,11.8206922115,15
OVRPLTW,324,ok,9.9070497410,19
OVRPLTW,325,ok,11.6961812984,15
OVRPLTW,326,ok,10.3052420360,14
OVRPLTW,327,ok,8.0542747411,14
OVRPLTW,328,ok,10.9356850221,16
OVRPLTW,329,ok,11.1029540497,14
OVRPLTW,330,ok,11.4759362106,14
OVRPLTW,331,ok,8.7466159835,17
OVRPLTW,332,ok,10.8514939660,16
OVRPLTW,333,ok,10.9332328035,18
OVRPLTW,334,ok,8.2780719787,18
OVRPLTW,335,ok,10.5648973772,18
OVRPLTW,336,ok,10.3428131670,15
OVRPLTW,337,ok,11.6894707351,16
OVRPLTW,338,ok,11.1422193924,17
OVRPLTW,339,ok,11.4723235519,18
OVRPLTW,340,ok,10.2195947535,15
OVRPLTW,341,ok,9.0795268755,13
OVRPLTW,342,ok,10.7536127281,17
OVRPLTW,343,ok,11.2215516615,17
OVRPLTW,344,ok,9.2822290330,16
OVRPLTW,345,ok,11.3463824404,14
OVRPLTW,346,ok,11.8698374088,16
OVRPLTW,347,ok,8.4373017271,13
OVRPLTW,348,ok,8.0072443134,17
OVRPLTW,349,ok,12.2486915375,14
OVRPLTW,350,ok,11.5680604127,15
OVRPLTW,351,ok,12.4343969773,15
OVRPLTW,352,ok,10.5323201860,15
OVRPLTW,353,ok,8.9506382896,15
OVRPLTW,354,ok,11.5652021189,15
OVRPLTW,355,ok,13.5501467294,15
OVRPLTW,356,ok,7.8771777972,15
OVRPLTW,357,ok,9.8713742833,14
OVRPLTW,358,ok,10.4477844557,16
OVRPLTW,359,ok,10.9378696542,18
OVRPLTW,360,ok,11.5344796636,17
OVRPLTW,361,ok,10.7447510034,16
OVRPLTW,362,ok,9.6587245623,13
OVRPLTW,363,ok,11.6598065479,16
OVRPLTW,364,ok,9.1431095750,14
OVRPLTW,365,ok,8.1332668866,15
OVRPLTW,366,ok,10.9556976375,15
OVRPLTW,367,ok,11.3077244626,15
OVRPLTW,368,ok,13.9715807986,16
OVRPLTW,369,ok,9.3425003239,15
OVRPLTW,370,ok,12.6244422261,17
OVRPLTW,371,ok,10.9194631749,17
OVRPLTW,372,ok,8.7848514317,12
OVRPLTW,373,ok,10.8697049023,14
OVRPLTW,374,ok,11.4767586162,15
OVRPLTW,375,ok,9.8018300497,17
OVRPLTW,376,ok,12.1366924001,15
OVRPLTW,377,ok,9.4297411967,18
OVRPLTW,378,ok,9.2013718421,16
OVRPLTW,379,ok,10.5642422764,18
OVRPLTW,380,ok,11.0150359591,17
OVRPLTW,381,ok,12.7108231964,18
OVRPLTW,382,ok,10.4517071833,16
OVRPLTW,383,ok,9.4936543082,15
OVRPLTW,384,ok,10.4946697880,14
OVRPLTW,385,ok,9.2482114407,16
OVRPLTW,386,ok,9.0502941112,16
OVRPLTW,387,ok,11.5240350823,16
OVRPLTW,388,ok,11.3300152859,18
OVRPLTW,389,ok,9.0664840521,16
OVRPLTW,390,ok,10.5287876950,16
OVRPLTW,391,ok,11.9887994631,16
OVRPLTW,392,ok,8.5411976719,18
OVRPLTW,393,ok,10.2438646482,16
OVRPLTW,394,ok,10.9454531615,14
OVRPLTW,395,ok,10.3764234543,15
OVRPLTW,396,ok,11.2962979470,14
OVRPLTW,397,ok,12.4045754633,17
OVRPLTW,398,ok,12.3657229008,16
OVRPLTW,399,ok,9.0327627599,16
OVRPLTW,400,ok,9.6828752084,15
OVRPLTW,401,ok,12.5281544763,19
OVRPLTW,402,ok,9.6196667940,15
OVRPLTW,403,ok,10.7552960026,16
OVRPLTW,404,ok,9.4338560379,15
OVRPLTW,405,ok,8.1610909384,14
OVRPLTW,406,ok,9.6902993012,16
OVRPLTW,407,ok,12.7189132972,18
OVRPLTW,408,ok,12.2714896671,16
OVRPLTW,409,ok,10.8504066880,15
OVRPLTW,410,ok,9.8999971235,17
OVRPLTW,411,ok,12.2169100360,15
OVRPLTW,412,ok,9.7769318128,16
OVRPLTW,413,ok,11.8375855296,16
OVRPLTW,414,ok,9.8134411522,14
OVRPLTW,415,ok,12.9425879684,14
OVRPLTW,416,ok,9.0634336729,16
OVRPLTW,417,ok,12.0976664576,16
OVRPLTW,418,ok,10.9490534616,18
OVRPLTW,419,ok,9.6069028015,15
OVRPLTW,420,ok,11.7225353749,17
OVRPLTW,421,ok,8.7432341592,15
OVRPLTW,422,ok,10.9055600903,18
OVRPLTW,423,ok,9.7043903657,16
OVRPLTW,424,ok,8.5100930480,17
OVRPLTW,425,ok,11.1909816410,17
OVRPLTW,426,ok,13.2351255594,16
OVRPLTW,427,ok,8.7573343366,16
OVRPLTW,428,ok,10.7397455121,15
OVRPLTW,429,ok,12.5587798957,16
OVRPLTW,430,ok,10.7174593764,16
OVRPLTW,431,ok,10.1333924750,14
OVRPLTW,432,ok,12.5041489434,17
OVRPLTW,433,ok,12.0259647190,18
OVRPLTW,434,ok,11.0285243337,15
OVRPLTW,435,ok,10.6415807703,14
OVRPLTW,436,ok,10.3006902306,16
OVRPLTW,437,ok,9.5092438829,16
OVRPLTW,438,ok,11.6645899401,17
OVRPLTW,439,ok,9.7022090953,15
OVRPLTW,440,ok,8.2524331152,16
OVRPLTW,441,ok,9.9408158485,13
OVRPLTW,442,ok,11.0207533011,17
OVRPLTW,443,ok,11.8513079812,16
OVRPLTW,444,ok,10.0183459363,15
OVRPLTW,445,ok,8.4773378318,15
OVRPLTW,446,ok,11.0934239864,16
OVRPLTW,447,ok,12.3709657286,14
OVRPLTW,448,ok,13.2570666860,16
OVRPLTW,449,ok,10.4900262042,15
OVRPLTW,450,ok,10.7714863809,14
OVRPLTW,451,ok,9.2015999060,15
OVRPLTW,452,ok,11.6426454799,15
OVRPLTW,453,ok,11.9918487329,16
OVRPLTW,454,ok,8.7751924213,16
OVRPLTW,455,ok,9.2058306108,16
OVRPLTW,456,ok,12.4933781426,15
OVRPLTW,457,ok,11.9662842565,18
OVRPLTW,458,ok,10.6729280101,17
OVRPLTW,459,ok,9.3059694366,18
OVRPLTW,460,ok,11.3436406345,18
OVRPLTW,461,ok,10.0183607815,16
OVRPLTW,462,ok,11.7825876397,15
OVRPLTW,463,ok,12.2795133928,18
OVRPLTW,464,ok,8.7559393139,16
OVRPLTW,465,ok,9.6986022038,15
OVRPLTW,466,ok,10.5723477576,14
OVRPLTW,467,ok,9.6238506936,16
OVRPLTW,468,ok,9.1360106485,17
OVRPLTW,469,ok,9.6566614002,15
OVRPLTW,470,ok,11.3987702712,15
OVRPLTW,471,ok,8.4678464706,13
OVRPLTW,472,ok,9.5563199580,16
OVRPLTW,473,ok,10.2555105027,17
OVRPLTW,474,ok,9.9260050860,15
OVRPLTW,475,ok,11.9776233932,17
OVRPLTW,476,ok,7.8053497661,14
OVRPLTW,477,ok,9.7021274424,16
OVRPLTW,478,ok,11.2466887138,15
OVRPLTW,479,ok,13.1573488474,17
OVRPLTW,480,ok,7.8787411847,17
OVRPLTW,481,ok,11.6989318970,17
OVRPLTW,482,ok,11.0342704350,16
OVRPLTW,483,ok,9.5294878267,15
OVRPLTW,484,ok,9.7780002945,14
OVRPLTW,485,ok,11.9130469379,16
OVRPLTW,486,ok,9.1297832661,15
OVRPLTW,487,ok,9.9572796399,13
OVRPLTW,488,ok,10.6714923528,14
OVRPLTW,489,ok,10.0165444765,15
OVRPLTW,490,ok,11.2970226102,15
OVRPLTW,491,ok,9.8673652282,14
OVRPLTW,492,ok,12.2089630384,14
OVRPLTW,493,ok,10.6065040605,14
OVRPLTW,494,ok,11.5491818320,14
OVRPLTW,495,ok,8.9394071251,15
OVRPLTW,496,ok,9.8734366550,15
OVRPLTW,497,ok,11.3081866536,15
OVRPLTW,498,ok,11.4810803617,13
OVRPLTW,499,ok,10.0746835414,16
OVRPLTW,500,ok,11.6934999104,16
OVRPLTW,501,ok,10.7329944122,18
OVRPLTW,502,ok,9.7344968216,16
OVRPLTW,503,ok,10.5498819924,16
OVRPLTW,504,ok,10.5224480445,15
OVRPLTW,505,ok,10.9040542794,16
OVRPLTW,506,ok,8.8512315171,17
OVRPLTW,507,ok,10.9647395107,15
OVRPLTW,508,ok,12.5359882638,16
OVRPLTW,509,ok,10.0456733206,15
OVRPLTW,510,ok,10.7903660910,16
OVRPLTW,511,ok,12.9963706951,14
OVRPLTW,512,ok,9.7607778563,15
OVRPLTW,513,ok,9.5170871683,16
OVRPLTW,514,ok,12.3227648382,15
OVRPLTW,515,ok,8.6617875748,15
OVRPLTW,516,ok,11.6178580357,16
OVRPLTW,517,ok,8.7337220403,16
OVRPLTW,518,ok,9.8434528145,17
OVRPLTW,519,ok,11.5767559629,16
OVRPLTW,520,ok,8.9714998165,13
OVRPLTW,521,ok,10.1823470232,20
OVRPLTW,522,ok,8.9933647478,14
OVRPLTW,523,ok,12.6878738484,15
OVRPLTW,524,ok,8.8834919031,17
OVRPLTW,525,ok,11.5565352200,15
OVRPLTW,526,ok,8.9783893534,18
OVRPLTW,527,ok,12.4633972997,17
OVRPLTW,528,ok,10.2433003979,16
OVRPLTW,529,ok,10.8021712561,18
OVRPLTW,530,ok,9.3562923727,15
OVRPLTW,531,ok,9.9418237373,15
OVRPLTW,532,ok,8.7585641891,17
OVRPLTW,533,ok,9.9221672065,18
OVRPLTW,534,ok,12.4711426664,18
OVRPLTW,535,ok,9.2255819184,15
OVRPLTW,536,ok,12.2076474254,15
OVRPLTW,537,ok,12.8862940926,14
OVRPLTW,538,ok,10.8267447133,19
OVRPLTW,539,ok,9.5924093199,15
OVRPLTW,540,ok,10.9652745087,16
OVRPLTW,541,ok,10.4262302272,16
OVRPLTW,542,ok,13.1451881703,15
OVRPLTW,543,ok,11.1017799998,20
OVRPLTW,544,ok,11.0756447454,17
OVRPLTW,545,ok,11.1663627844,16
OVRPLTW,546,ok,11.9529718270,14
OVRPLTW,547,ok,10.1155790298,15
OVRPLTW,548,ok,13.1548738437,16
OVRPLTW,549,ok,10.6679798242,17
OVRPLTW,550,ok,10.7255883895,16
OVRPLTW,551,ok,8.1979697231,14
OVRPLTW,552,ok,9.6598451143,15
OVRPLTW,553,ok,8.7871043524,16
OVRPLTW,554,ok,11.9706901932,16
OVRPLTW,555,ok,10.1739089754,17
OVRPLTW,556,ok,13.7057180940,14
OVRPLTW,557,ok,10.2555313324,17
OVRPLTW,558,ok,10.4513561222,15
OVRPLTW,559,ok,8.8076411461,15
OVRPLTW,560,ok,13.2410158398,15
OVRPLTW,561,ok,13.4582232906,16
OVRPLTW,562,ok,9.0233629288,15
OVRPLTW,563,ok,10.3635363369,15
OVRPLTW,564,ok,13.5662434654,17
OVRPLTW,565,ok,12.1571113288,14
OVRPLTW,566,ok,8.6422510338,13
OVRPLTW,567,ok,8.6424784696,14
OVRPLTW,568,ok,13.1524008307,14
OVRPLTW,569,ok,12.1621644649,15
OVRPLTW,570,ok,13.2028935723,15
OVRPLTW,571,ok,12.1177792637,13
OVRPLTW,572,ok,8.2140006906,14
OVRPLTW,573,ok,9.9837534996,15
OVRPLTW,574,ok,10.4183913781,16
OVRPLTW,575,ok,10.7330604430,16
OVRPLTW,576,ok,10.8056663745,17
OVRPLTW,577,ok,9.3532562367,17
OVRPLTW,578,ok,11.0554926383,15
OVRPLTW,579,ok,10.0605485547,15
OVRPLTW,580,ok,9.7472454252,12
OVRPLTW,581,ok,12.7418200162,14
OVRPLTW,582,ok,13.3423132731,17
OVRPLTW,583,ok,10.7933623645,18
OVRPLTW,584,ok,9.3035683255,16
OVRPLTW,585,ok,9.7918268888,15
OVRPLTW,586,ok,10.4644658087,17
OVRPLTW,587,ok,11.6286013550,14
OVRPLTW,588,ok,8.8808267748,15
OVRPLTW,589,ok,12.3126512801,18
OVRPLTW,590,ok,9.4367600200,15
OVRPLTW,591,ok,9.8467781417,14
OVRPLTW,592,ok,12.3535754297,16
OVRPLTW,593,ok,10.3744762884,13
OVRPLTW,594,ok,9.1327895657,16
OVRPLTW,595,ok,11.2190773626,18
OVRPLTW,596,ok,10.1249746227,17
OVRPLTW,597,ok,9.2584705452,16
OVRPLTW,598,ok,10.9156945697,14
OVRPLTW,599,ok,9.3462297671,17
OVRPLTW,600,ok,10.9956377702,16
OVRPLTW,601,ok,7.8799851878,14
OVRPLTW,602,ok,9.8045381745,16
OVRPLTW,603,ok,9.1185488302,17
OVRPLTW,604,ok,12.2072296643,15
OVRPLTW,605,ok,11.8857528026,16
OVRPLTW,606,ok,9.7879025899,16
OVRPLTW,607,ok,9.8627029994,16
OVRPLTW,608,ok,10.7967811848,18
OVRPLTW,609,ok,9.5646491895,14
OVRPLTW,610,ok,10.0849252201,18
OVRPLTW,611,ok,10.8606427843,16
OVRPLTW,612,ok,11.9382805873,16
OVRPLTW,613,ok,10.6359814790,14
OVRPLTW,614,ok,12.0542095478,15
OVRPLTW,615,ok,10.8902905810,14
OVRPLTW,616,ok,9.3717127583,16
OVRPLTW,617,ok,11.9019420227,14
OVRPLTW,618,ok,10.3438465463,16
OVRPLTW,619,ok,11.1597646610,17
OVRPLTW,620,ok,12.2434276811,17
OVRPLTW,621,ok,13.2511808321,15
OVRPLTW,622,ok,9.5578941380,13
OVRPLTW,623,ok,9.6345294361,14
OVRPLTW,624,ok,10.2503041605,17
OVRPLTW,625,ok,8.4557661808,15
OVRPLTW,626,ok,10.8235755588,15
OVRPLTW,627,ok,11.1664456115,16
OVRPLTW,628,ok,10.6763165591,16
OVRPLTW,629,ok,9.5072559850,17
OVRPLTW,630,ok,12.3659826459,15
OVRPLTW,631,ok,9.8174870796,18
OVRPLTW,632,ok,10.4634342754,14
OVRPLTW,633,ok,9.3971532150,15
OVRPLTW,634,ok,8.9601644420,14
OVRPLTW,635,ok,13.6262510133,17
OVRPLTW,636,ok,10.1119930686,15
OVRPLTW,637,ok,11.5575189569,16
OVRPLTW,638,ok,10.0835055481,15
OVRPLTW,639,ok,10.7450516054,17
OVRPLTW,640,ok,8.5172256668,14
OVRPLTW,641,ok,9.5485871533,16
OVRPLTW,642,ok,12.2825465174,15
OVRPLTW,643,ok,9.2862332665,17
OVRPLTW,644,ok,10.9843446561,16
OVRPLTW,645,ok,9.3724355501,16
OVRPLTW,646,ok,9.2192416289,18
OVRPLTW,647,ok,13.8806088618,16
OVRPLTW,648,ok,11.8960302296,19
OVRPLTW,649,ok,13.5982527063,17
OVRPLTW,650,ok,9.1545258612,14
OVRPLTW,651,ok,11.5871666121,15
OVRPLTW,652,ok,11.4702080151,17
OVRPLTW,653,ok,7.7647224533,16
OVRPLTW,654,ok,9.0423142854,20
OVRPLTW,655,ok,9.6973149778,14
OVRPLTW,656,ok,10.9863763403,15
OVRPLTW,657,ok,15.3977184556,16
OVRPLTW,658,ok,9.1108560524,14
OVRPLTW,659,ok,13.7181108536,15
OVRPLTW,660,ok,9.3441832652,16
OVRPLTW,661,ok,9.4664737311,15
OVRPLTW,662,ok,10.5737796784,14
OVRPLTW,663,ok,9.1193115651,14
OVRPLTW,664,ok,12.3184713831,14
OVRPLTW,665,ok,10.7679456691,13
OVRPLTW,666,ok,9.3211437424,15
OVRPLTW,667,ok,10.4894931992,16
OVRPLTW,668,ok,10.6280198521,15
OVRPLTW,669,ok,9.4694241235,16
OVRPLTW,670,ok,8.8870371301,15
OVRPLTW,671,ok,8.9114923310,16
OVRPLTW,672,ok,12.2746071252,17
OVRPLTW,673,ok,8.9808675030,15
OVRPLTW,674,ok,9.7740350864,17
OVRPLTW,675,ok,13.1448756546,14
OVRPLTW,676,ok,11.6994477824,17
OVRPLTW,677,ok,8.8588885995,17
OVRPLTW,678,ok,11.4040508403,14
OVRPLTW,679,ok,10.4944825447,14
OVRPLTW,680,ok,10.0657949883,17
OVRPLTW,681,ok,11.8760651960,14
OVRPLTW,682,ok,9.1429983525,16
OVRPLTW,683,ok,11.3316394857,15
OVRPLTW,684,ok,9.2546192215,16
OVRPLTW,685,ok,10.7473378781,15
OVRPLTW,686,ok,9.2108407104,15
OVRPLTW,687,ok,10.2362714729,17
OVRPLTW,688,ok,10.6169660728,16
OVRPLTW,689,ok,10.0915491638,17
OVRPLTW,690,ok,10.3769475925,13
OVRPLTW,691,ok,10.8329535612,16
OVRPLTW,692,ok,10.4714974052,15
OVRPLTW,693,ok,9.0644814095,15
OVRPLTW,694,ok,11.8773946567,18
OVRPLTW,695,ok,10.5898906438,16
OVRPLTW,696,ok,10.6074995416,17
OVRPLTW,697,ok,10.9351465546,14
OVRPLTW,698,ok,9.1568148643,16
OVRPLTW,699,ok,10.6356846397,16
OVRPLTW,700,ok,9.6115726563,15
OVRPLTW,701,ok,8.9893127761,15
OVRPLTW,702,ok,11.9940363811,15
OVRPLTW,703,ok,10.0788264110,14
OVRPLTW,704,ok,7.6882886982,14
OVRPLTW,705,ok,11.1383524986,14
OVRPLTW,706,ok,11.6562575369,14
OVRPLTW,707,ok,9.6846709543,14
OVRPLTW,708,ok,10.4627307972,14
OVRPLTW,709,ok,9.4999084945,16
OVRPLTW,710,ok,12.5185938813,16
OVRPLTW,711,ok,9.9321525364,14
OVRPLTW,712,ok,9.0493972411,18
OVRPLTW,713,ok,8.5537879982,16
OVRPLTW,714,ok,10.1576930332,16
OVRPLTW,715,ok,11.7054874085,17
OVRPLTW,716,ok,8.7180970306,14
OVRPLTW,717,ok,9.2858120329,18
OVRPLTW,718,ok,14.3585871434,17
OVRPLTW,719,ok,11.8436662927,17
OVRPLTW,720,ok,9.6539537435,14
OVRPLTW,721,ok,9.4025825855,15
OVRPLTW,722,ok,10.6819134113,15
OVRPLTW,723,ok,11.6824596428,15
OVRPLTW,724,ok,8.9343789254,16
OVRPLTW,725,ok,10.6125676252,17
OVRPLTW,726,ok,10.5364337910,15
OVRPLTW,727,ok,10.8496685315,16
OVRPLTW,728,ok,10.8765183321,19
OVRPLTW,729,ok,9.4155493734,16
OVRPLTW,730,ok,14.7962287811,16
OVRPLTW,731,ok,9.8871707729,14
OVRPLTW,732,ok,12.9483180710,19
OVRPLTW,733,ok,8.8946198084,15
OVRPLTW,734,ok,9.0922477377,14
OVRPLTW,735,ok,9.3558473904,17
OVRPLTW,736,ok,10.9534121133,15
OVRPLTW,737,ok,9.8009058230,17
OVRPLTW,738,ok,9.8694476181,14
OVRPLTW,739,ok,9.4233040055,15
OVRPLTW,740,ok,11.0181997593,15
OVRPLTW,741,ok,10.9090344164,17
OVRPLTW,742,ok,11.1112099583,17
OVRPLTW,743,ok,7.9476511922,15
OVRPLTW,744,ok,8.5848139888,15
OVRPLTW,745,ok,11.8748049102,14
OVRPLTW,746,ok,8.8660567981,15
OVRPLTW,747,ok,11.0531177806,15
OVRPLTW,748,ok,10.3882472512,17
OVRPLTW,749,ok,9.2373893451,16
OVRPLTW,750,ok,9.6547675263,16
OVRPLTW,751,ok,11.2802831275,15
OVRPLTW,752,ok,10.5189082735,14
OVRPLTW,753,ok,10.6772950502,16
OVRPLTW,754,ok,9.5956245815,16
OVRPLTW,755,ok,11.9159247752,18
OVRPLTW,756,ok,11.3530585262,18
OVRPLTW,757,ok,8.5316238303,16
OVRPLTW,758,ok,11.8836423834,14
OVRPLTW,759,ok,10.7602950804,17
OVRPLTW,760,ok,9.8530236002,16
OVRPLTW,761,ok,10.9866258891,15
OVRPLTW,762,ok,9.6378511515,15
OVRPLTW,763,ok,10.7352521961,15
OVRPLTW,764,ok,13.7755641892,15
OVRPLTW,765,ok,11.6580978007,16
OVRPLTW,766,ok,12.1909775493,15
OVRPLTW,767,ok,7.9343054000,14
OVRPLTW,768,ok,11.5007972068,14
OVRPLTW,769,ok,10.5467068078,15
OVRPLTW,770,ok,10.0072207686,16
OVRPLTW,771,ok,8.9428009980,14
OVRPLTW,772,ok,11.9103446398,14
OVRPLTW,773,ok,12.1190360651,15
OVRPLTW,774,ok,8.2544490079,17
OVRPLTW,775,ok,10.7176480071,17
OVRPLTW,776,ok,13.5003775780,18
OVRPLTW,777,ok,11.2490395823,12
OVRPLTW,778,ok,9.5154084791,14
OVRPLTW,779,ok,9.8579444164,17
OVRPLTW,780,ok,11.7133374860,14
OVRPLTW,781,ok,10.8774685053,14
OVRPLTW,782,ok,11.7518898847,15
OVRPLTW,783,ok,10.6112273650,14
OVRPLTW,784,ok,9.7464752449,17
OVRPLTW,785,ok,9.6606103525,12
OVRPLTW,786,ok,10.4785143992,16
OVRPLTW,787,ok,10.9077661001,15
OVRPLTW,788,ok,8.9549885200,15
OVRPLTW,789,ok,9.9456255293,17
OVRPLTW,790,ok,9.4163123825,15
OVRPLTW,791,ok,11.2827395265,16
OVRPLTW,792,ok,12.6131306592,15
OVRPLTW,793,ok,10.6228347010,17
OVRPLTW,794,ok,8.8420719084,13
OVRPLTW,795,ok,11.1849714445,16
OVRPLTW,796,ok,9.7303734062,15
OVRPLTW,797,ok,10.2236892333,17
OVRPLTW,798,ok,9.8106136004,16
OVRPLTW,799,ok,10.7180855897,15
OVRPLTW,800,ok,9.6103414086,16
OVRPLTW,801,ok,11.4269295644,15
OVRPLTW,802,ok,10.1770309034,17
OVRPLTW,803,ok,9.7911309432,15
OVRPLTW,804,ok,11.8702954792,13
OVRPLTW,805,ok,11.6117613470,16
OVRPLTW,806,ok,8.9807165416,13
OVRPLTW,807,ok,9.4653410101,16
OVRPLTW,808,ok,8.2531174777,15
OVRPLTW,809,ok,12.4970184689,17
OVRPLTW,810,ok,9.4028117763,13
OVRPLTW,811,ok,11.6142300595,15
OVRPLTW,812,ok,9.0521050064,16
OVRPLTW,813,ok,11.2842962002,18
OVRPLTW,814,ok,10.5307551299,15
OVRPLTW,815,ok,11.5492183134,15
OVRPLTW,816,ok,9.1119588062,17
OVRPLTW,817,ok,10.4797581661,15
OVRPLTW,818,ok,11.8440472811,14
OVRPLTW,819,ok,10.6437508877,16
OVRPLTW,820,ok,11.2406648750,14
OVRPLTW,821,ok,10.8575940857,16
OVRPLTW,822,ok,10.9091798765,15
OVRPLTW,823,ok,11.8466457203,18
OVRPLTW,824,ok,8.7682520150,16
OVRPLTW,825,ok,10.0227643795,16
OVRPLTW,826,ok,10.5491434465,14
OVRPLTW,827,ok,11.3060909086,15
OVRPLTW,828,ok,13.1272524513,19
OVRPLTW,829,ok,10.0726414153,13
OVRPLTW,830,ok,11.5292407464,15
OVRPLTW,831,ok,13.1163761735,13
OVRPLTW,832,ok,9.2928944225,16
OVRPLTW,833,ok,9.9124777057,15
OVRPLTW,834,ok,8.7113744806,12
OVRPLTW,835,ok,13.5634372463,17
OVRPLTW,836,ok,8.3660007805,15
OVRPLTW,837,ok,11.9022410957,14
OVRPLTW,838,ok,10.3894065568,14
OVRPLTW,839,ok,9.3263915277,18
OVRPLTW,840,ok,10.0711065991,17
OVRPLTW,841,ok,8.7532696758,16
OVRPLTW,842,ok,13.5628996297,17
OVRPLTW,843,ok,9.8672628641,17
OVRPLTW,844,ok,9.1114783477,16
OVRPLTW,845,ok,12.2067677039,15
OVRPLTW,846,ok,9.6490517427,13
OVRPLTW,847,ok,11.3276837823,17
OVRPLTW,848,ok,9.7683837937,16
OVRPLTW,849,ok,14.4589451806,15
OVRPLTW,850,ok,9.3518734899,15
OVRPLTW,851,ok,9.7867015879,15
OVRPLTW,852,ok,8.7550819915,15
OVRPLTW,853,ok,11.4257985281,16
OVRPLTW,854,ok,8.7713452583,15
OVRPLTW,855,ok,11.7355171382,16
OVRPLTW,856,ok,10.3914001350,15
OVRPLTW,857,ok,9.0823352296,15
OVRPLTW,858,ok,10.1811356394,15
OVRPLTW,859,ok,11.6036741394,15
OVRPLTW,860,ok,10.6466667042,16
OVRPLTW,861,ok,10.4490768681,17
OVRPLTW,862,ok,9.6205179832,15
OVRPLTW,863,ok,8.2637836424,14
OVRPLTW,864,ok,11.1876249831,16
OVRPLTW,865,ok,9.7171564202,18
OVRPLTW,866,ok,8.9433353846,15
OVRPLTW,867,ok,8.9276274854,15
OVRPLTW,868,ok,10.0069882887,17
OVRPLTW,869,ok,9.0522503842,16
OVRPLTW,870,ok,12.8138467856,16
OVRPLTW,871,ok,10.7705520933,15
OVRPLTW,872,ok,13.3496203193,14
OVRPLTW,873,ok,13.0716463071,17
OVRPLTW,874,ok,11.5625696915,15
OVRPLTW,875,ok,9.3112969117,14
OVRPLTW,876,ok,10.3062807712,15
OVRPLTW,877,ok,11.7172434616,15
OVRPLTW,878,ok,11.4222764359,16
OVRPLTW,879,ok,9.2140887387,17
OVRPLTW,880,ok,10.4217784637,14
OVRPLTW,881,ok,9.0700283950,14
OVRPLTW,882,ok,10.1445255439,15
OVRPLTW,883,ok,11.4383673521,15
OVRPLTW,884,ok,8.8587076646,16
OVRPLTW,885,ok,12.9497283594,14
OVRPLTW,886,ok,12.5960983022,16
OVRPLTW,887,ok,10.8637917779,18
OVRPLTW,888,ok,10.6454575000,14
OVRPLTW,889,ok,10.8208650224,14
OVRPLTW,890,ok,13.4706238235,16
OVRPLTW,891,ok,10.3193882477,14
OVRPLTW,892,ok,10.5014362308,15
OVRPLTW,893,ok,12.2061268832,16
OVRPLTW,894,ok,11.5362198307,13
OVRPLTW,895,ok,9.0599186589,15
OVRPLTW,896,ok,10.8384873774,15
OVRPLTW,897,ok,10.7709371199,14
OVRPLTW,898,ok,11.7597828239,17
OVRPLTW,899,ok,9.2738148357,17
OVRPLTW,900,ok,11.0977997651,16
OVRPLTW,901,ok,10.3476522558,16
OVRPLTW,902,ok,10.8623932023,18
OVRPLTW,903,ok,10.7032638440,16
OVRPLTW,904,ok,10.1271551104,16
OVRPLTW,905,ok,10.0186485713,15
OVRPLTW,906,ok,9.5596854609,16
OVRPLTW,907,ok,9.4969533015,16
OVRPLTW,908,ok,8.5090291809,16
OVRPLTW,909,ok,11.7362866151,15
OVRPLTW,910,ok,9.5031857243,16
OVRPLTW,911,ok,7.8704991997,13
OVRPLTW,912,ok,9.3669134693,14
OVRPLTW,913,ok,9.7598566311,15
OVRPLTW,914,ok,8.2641984910,14
OVRPLTW,915,ok,10.6498113777,16
OVRPLTW,916,ok,9.9246907845,15
OVRPLTW,917,ok,10.9504428165,20
OVRPLTW,918,ok,11.9271038646,17
OVRPLTW,919,ok,9.0847260890,17
OVRPLTW,920,ok,10.0039944213,17
OVRPLTW,921,ok,11.7516663241,17
OVRPLTW,922,ok,11.4871120638,15
OVRPLTW,923,ok,12.3136942313,16
OVRPLTW,924,ok,11.0186425412,16
OVRPLTW,925,ok,10.1454475537,17
OVRPLTW,926,ok,11.0352181155,16
OVRPLTW,927,ok,12.1397099381,17
OVRPLTW,928,ok,10.3872938735,17
OVRPLTW,929,ok,9.1507574756,16
OVRPLTW,930,ok,11.0229039704,16
OVRPLTW,931,ok,9.4963451660,15
OVRPLTW,932,ok,10.0163738152,13
OVRPLTW,933,ok,10.9114264581,18
OVRPLTW,934,ok,10.2909963618,16
OVRPLTW,935,ok,9.8751085724,15
OVRPLTW,936,ok,11.4110292477,13
OVRPLTW,937,ok,8.9636084008,14
OVRPLTW,938,ok,10.6119740636,16
OVRPLTW,939,ok,9.9411068074,16
OVRPLTW,940,ok,12.2619773534,19
OVRPLTW,941,ok,10.3034177075,16
OVRPLTW,942,ok,10.5286554282,15
OVRPLTW,943,ok,9.9081992057,14
OVRPLTW,944,ok,13.6235613807,16
OVRPLTW,945,ok,9.8320835349,16
OVRPLTW,946,ok,10.5386530229,18
OVRPLTW,947,ok,12.9719363542,18
OVRPLTW,948,ok,13.5254962808,16
OVRPLTW,949,ok,9.2266781960,15
OVRPLTW,950,ok,12.3654490472,16
OVRPLTW,951,ok,12.7980819318,15
OVRPLTW,952,ok,12.4401894543,15
OVRPLTW,953,ok,12.4727093772,15
OVRPLTW,954,ok,7.9380541472,15
OVRPLTW,955,ok,11.1456829396,13
OVRPLTW,956,ok,8.2424244682,15
OVRPLTW,957,ok,9.6436519846,14
OVRPLTW,958,ok,9.7663816470,16
OVRPLTW,959,ok,10.8166007641,14
OVRPLTW,960,ok,8.9593849402,16
OVRPLTW,961,ok,8.0903602527,16
OVRPLTW,962,ok,10.1682775067,15
OVRPLTW,963,ok,10.5740127056,15
OVRPLTW,964,ok,11.9357265904,15
OVRPLTW,965,ok,9.4041736398,15
OVRPLTW,966,ok,10.3472105458,16
OVRPLTW,967,ok,9.8499220330,15
OVRPLTW,968,ok,10.1826582850,17
OVRPLTW,969,ok,13.9766940507,16
OVRPLTW,970,ok,8.2884575652,15
OVRPLTW,971,ok,12.2634478295,15
OVRPLTW,972,ok,14.4086187382,14
OVRPLTW,973,ok,12.3294447907,16
OVRPLTW,974,ok,10.5586311928,15
OVRPLTW,975,ok,9.9443865494,16
OVRPLTW,976,ok,10.2497963569,15
OVRPLTW,977,ok,8.0330093543,18
OVRPLTW,978,ok,9.3439527222,16
OVRPLTW,979,ok,12.0109301899,16
OVRPLTW,980,ok,9.0808944807,16
OVRPLTW,981,ok,9.7198631233,16
OVRPLTW,982,ok,9.7123175441,15
OVRPLTW,983,ok,11.4247144605,14
OVRPLTW,984,ok,10.4690310513,16
OVRPLTW,985,ok,8.9259864538,15
OVRPLTW,986,ok,9.3670666760,15
OVRPLTW,987,ok,11.1580407313,16
OVRPLTW,988,ok,12.2277068464,15
OVRPLTW,989,ok,11.2054017616,15
OVRPLTW,990,ok,9.7452061833,17
OVRPLTW,991,ok,9.4764178927,15
OVRPLTW,992,ok,11.3256538188,17
OVRPLTW,993,ok,8.8744117434,14
OVRPLTW,994,ok,13.0341305317,15
OVRPLTW,995,ok,8.8107994135,14
OVRPLTW,996,ok,12.3251658063,16
OVRPLTW,997,ok,9.5462361516,13
OVRPLTW,998,ok,12.7173773785,17
OVRPLTW,999,ok,11.5330820785,16
VRPBLTW,0,no_feasible_candidate,,
VRPBLTW,1,ok,23.8372476473,18
VRPBLTW,2,no_feasible_candidate,,
VRPBLTW,3,no_feasible_candidate,,
VRPBLTW,4,no_feasible_candidate,,
VRPBLTW,5,no_feasible_candidate,,
VRPBLTW,6,ok,18.8697449877,17
VRPBLTW,7,no_feasible_candidate,,
VRPBLTW,8,no_feasible_candidate,,
VRPBLTW,9,no_feasible_candidate,,
VRPBLTW,10,ok,20.8497733253,15
VRPBLTW,11,no_feasible_candidate,,
VRPBLTW,12,no_feasible_candidate,,
VRPBLTW,13,ok,19.6870241225,17
VRPBLTW,14,no_feasible_candidate,,
VRPBLTW,15,no_feasible_candidate,,
VRPBLTW,16,no_feasible_candidate,,
VRPBLTW,17,ok,21.9935637934,17
VRPBLTW,18,no_feasible_candidate,,
VRPBLTW,19,no_feasible_candidate,,
VRPBLTW,20,no_feasible_candidate,,
VRPBLTW,21,ok,24.7424131870,18
VRPBLTW,22,no_feasible_candidate,,
VRPBLTW,23,no_feasible_candidate,,
VRPBLTW,24,no_feasible_candidate,,
VRPBLTW,25,no_feasible_candidate,,
VRPBLTW,26,ok,19.9320957231,17
VRPBLTW,27,no_feasible_candidate,,
VRPBLTW,28,no_feasible_candidate,,
VRPBLTW,29,no_feasible_candidate,,
VRPBLTW,30,no_feasible_candidate,,
VRPBLTW,31,no_feasible_candidate,,
VRPBLTW,32,no_feasible_candidate,,
VRPBLTW,33,ok,24.6605884695,19
VRPBLTW,34,no_feasible_candidate,,
VRPBLTW,35,no_feasible_candidate,,
VRPBLTW,36,ok,22.6762820562,18
VRPBLTW,37,no_feasible_candidate,,
VRPBLTW,38,no_feasible_candidate,,
VRPBLTW,39,no_feasible_candidate,,
VRPBLTW,40,ok,26.5926978594,16
VRPBLTW,41,no_feasible_candidate,,
VRPBLTW,42,no_feasible_candidate,,
VRPBLTW,43,ok,17.6654442669,16
VRPBLTW,44,no_feasible_candidate,,
VRPBLTW,45,no_feasible_candidate,,
VRPBLTW,46,no_feasible_candidate,,
VRPBLTW,47,no_feasible_candidate,,
VRPBLTW,48,no_feasible_candidate,,
VRPBLTW,49,no_feasible_candidate,,
VRPBLTW,50,no_feasible_candidate,,
VRPBLTW,51,no_feasible_candidate,,
VRPBLTW,52,ok,23.2993615930,18
VRPBLTW,53,no_feasible_candidate,,
VRPBLTW,54,ok,18.7251098272,18
VRPBLTW,55,no_feasible_candidate,,
VRPBLTW,56,no_feasible_candidate,,
VRPBLTW,57,ok,15.4031745715,16
VRPBLTW,58,no_feasible_candidate,,
VRPBLTW,59,no_feasible_candidate,,
VRPBLTW,60,no_feasible_candidate,,
VRPBLTW,61,no_feasible_candidate,,
VRPBLTW,62,ok,19.6778981054,19
VRPBLTW,63,no_feasible_candidate,,
VRPBLTW,64,no_feasible_candidate,,
VRPBLTW,65,no_feasible_candidate,,
VRPBLTW,66,no_feasible_candidate,,
VRPBLTW,67,no_feasible_candidate,,
VRPBLTW,68,no_feasible_candidate,,
VRPBLTW,69,no_feasible_candidate,,
VRPBLTW,70,no_feasible_candidate,,
VRPBLTW,71,no_feasible_candidate,,
VRPBLTW,72,no_feasible_candidate,,
VRPBLTW,73,no_feasible_candidate,,
VRPBLTW,74,no_feasible_candidate,,
VRPBLTW,75,no_feasible_candidate,,
VRPBLTW,76,no_feasible_candidate,,
VRPBLTW,77,no_feasible_candidate,,
VRPBLTW,78,ok,17.9912249909,14
VRPBLTW,79,no_feasible_candidate,,
VRPBLTW,80,no_feasible_candidate,,
VRPBLTW,81,ok,24.0457035975,19
VRPBLTW,82,no_feasible_candidate,,
VRPBLTW,83,no_feasible_candidate,,
VRPBLTW,84,no_feasible_candidate,,
VRPBLTW,85,no_feasible_candidate,,
VRPBLTW,86,ok,18.9771956463,16
VRPBLTW,87,no_feasible_candidate,,
VRPBLTW,88,no_feasible_candidate,,
VRPBLTW,89,ok,17.8148426073,15
VRPBLTW,90,no_feasible_candidate,,
VRPBLTW,91,no_feasible_candidate,,
VRPBLTW,92,no_feasible_candidate,,
VRPBLTW,93,ok,16.5810189757,15
VRPBLTW,94,no_feasible_candidate,,
VRPBLTW,95,ok,19.8029926486,18
VRPBLTW,96,no_feasible_candidate,,
VRPBLTW,97,no_feasible_candidate,,
VRPBLTW,98,ok,20.2112456894,15
VRPBLTW,99,no_feasible_candidate,,
VRPBLTW,100,no_feasible_candidate,,
VRPBLTW,101,no_feasible_candidate,,
VRPBLTW,102,ok,21.6664700320,17
VRPBLTW,103,no_feasible_candidate,,
VRPBLTW,104,no_feasible_candidate,,
VRPBLTW,105,no_feasible_candidate,,
VRPBLTW,106,no_feasible_candidate,,
VRPBLTW,107,ok,18.3542581931,18
VRPBLTW,108,no_feasible_candidate,,
VRPBLTW,109,no_feasible_candidate,,
VRPBLTW,110,ok,21.3269614106,16
VRPBLTW,111,no_feasible_candidate,,
VRPBLTW,112,no_feasible_candidate,,
VRPBLTW,113,no_feasible_candidate,,
VRPBLTW,114,ok,23.2715301469,19
VRPBLTW,115,no_feasible_candidate,,
VRPBLTW,116,no_feasible_candidate,,
VRPBLTW,117,no_feasible_candidate,,
VRPBLTW,118,ok,20.4473126882,18
VRPBLTW,119,no_feasible_candidate,,
VRPBLTW,120,no_feasible_candidate,,
VRPBLTW,121,ok,19.2275239879,16
VRPBLTW,122,no_feasible_candidate,,
VRPBLTW,123,no_feasible_candidate,,
VRPBLTW,124,no_feasible_candidate,,
VRPBLTW,125,no_feasible_candidate,,
VRPBLTW,126,no_feasible_candidate,,
VRPBLTW,127,no_feasible_candidate,,
VRPBLTW,128,no_feasible_candidate,,
VRPBLTW,129,no_feasible_candidate,,
VRPBLTW,130,no_feasible_candidate,,
VRPBLTW,131,no_feasible_candidate,,
VRPBLTW,132,no_feasible_candidate,,
VRPBLTW,133,no_feasible_candidate,,
VRPBLTW,134,no_feasible_candidate,,
VRPBLTW,135,no_feasible_candidate,,
VRPBLTW,136,no_feasible_candidate,,
VRPBLTW,137,no_feasible_candidate,,
VRPBLTW,138,no_feasible_candidate,,
VRPBLTW,139,no_feasible_candidate,,
VRPBLTW,140,no_feasible_candidate,,
VRPBLTW,141,ok,23.2643620762,17
VRPBLTW,142,no_feasible_candidate,,
VRPBLTW,143,ok,25.2537563433,16
VRPBLTW,144,no_feasible_candidate,,
VRPBLTW,145,no_feasible_candidate,,
VRPBLTW,146,no_feasible_candidate,,
VRPBLTW,147,no_feasible_candidate,,
VRPBLTW,148,ok,23.0577141993,17
VRPBLTW,149,no_feasible_candidate,,
VRPBLTW,150,no_feasible_candidate,,
VRPBLTW,151,no_feasible_candidate,,
VRPBLTW,152,ok,20.1792009825,17
VRPBLTW,153,no_feasible_candidate,,
VRPBLTW,154,no_feasible_candidate,,
VRPBLTW,155,no_feasible_candidate,,
VRPBLTW,156,no_feasible_candidate,,
VRPBLTW,157,no_feasible_candidate,,
VRPBLTW,158,no_feasible_candidate,,
VRPBLTW,159,no_feasible_candidate,,
VRPBLTW,160,no_feasible_candidate,,
VRPBLTW,161,no_feasible_candidate,,
VRPBLTW,162,no_feasible_candidate,,
VRPBLTW,163,no_feasible_candidate,,
VRPBLTW,164,no_feasible_candidate,,
VRPBLTW,165,no_feasible_candidate,,
VRPBLTW,166,no_feasible_candidate,,
VRPBLTW,167,no_feasible_candidate,,
VRPBLTW,168,no_feasible_candidate,,
VRPBLTW,169,ok,21.7729900182,17
VRPBLTW,170,ok,19.4659936115,18
VRPBLTW,171,no_feasible_candidate,,
VRPBLTW,172,no_feasible_candidate,,
VRPBLTW,173,no_feasible_candidate,,
VRPBLTW,174,no_feasible_candidate,,
VRPBLTW,175,no_feasible_candidate,,
VRPBLTW,176,no_feasible_candidate,,
VRPBLTW,177,no_feasible_candidate,,
VRPBLTW,178,no_feasible_candidate,,
VRPBLTW,179,no_feasible_candidate,,
VRPBLTW,180,ok,20.2641614327,16
VRPBLTW,181,no_feasible_candidate,,
VRPBLTW,182,no_feasible_candidate,,
VRPBLTW,183,no_feasible_candidate,,
VRPBLTW,184,no_feasible_candidate,,
VRPBLTW,185,no_feasible_candidate,,
VRPBLTW,186,no_feasible_candidate,,
VRPBLTW,187,no_feasible_candidate,,
VRPBLTW,188,no_feasible_candidate,,
VRPBLTW,189,no_feasible_candidate,,
VRPBLTW,190,no_feasible_candidate,,
VRPBLTW,191,no_feasible_candidate,,
VRPBLTW,192,ok,18.5338001077,19
VRPBLTW,193,no_feasible_candidate,,
VRPBLTW,194,no_feasible_candidate,,
VRPBLTW,195,ok,22.3330931845,15
VRPBLTW,196,no_feasible_candidate,,
VRPBLTW,197,ok,22.3179279038,15
VRPBLTW,198,no_feasible_candidate,,
VRPBLTW,199,no_feasible_candidate,,
VRPBLTW,200,no_feasible_candidate,,
VRPBLTW,201,ok,23.4885836917,18
VRPBLTW,202,no_feasible_candidate,,
VRPBLTW,203,no_feasible_candidate,,
VRPBLTW,204,ok,19.2106947127,16
VRPBLTW,205,no_feasible_candidate,,
VRPBLTW,206,no_feasible_candidate,,
VRPBLTW,207,no_feasible_candidate,,
VRPBLTW,208,no_feasible_candidate,,
VRPBLTW,209,no_feasible_candidate,,
VRPBLTW,210,no_feasible_candidate,,
VRPBLTW,211,no_feasible_candidate,,
VRPBLTW,212,no_feasible_candidate,,
VRPBLTW,213,no_feasible_candidate,,
VRPBLTW,214,ok,18.6032428474,16
VRPBLTW,215,no_feasible_candidate,,
VRPBLTW,216,no_feasible_candidate,,
VRPBLTW,217,ok,14.8408358193,15
VRPBLTW,218,no_feasible_candidate,,
VRPBLTW,219,no_feasible_candidate,,
VRPBLTW,220,ok,19.9687382239,16
VRPBLTW,221,no_feasible_candidate,,
VRPBLTW,222,ok,18.6401541004,17
VRPBLTW,223,no_feasible_candidate,,
VRPBLTW,224,ok,19.5332609141,17
VRPBLTW,225,no_feasible_candidate,,
VRPBLTW,226,no_feasible_candidate,,
VRPBLTW,227,ok,14.2832942927,13
VRPBLTW,228,no_feasible_candidate,,
VRPBLTW,229,no_feasible_candidate,,
VRPBLTW,230,no_feasible_candidate,,
VRPBLTW,231,no_feasible_candidate,,
VRPBLTW,232,ok,25.4631989112,17
VRPBLTW,233,no_feasible_candidate,,
VRPBLTW,234,ok,21.2748214303,16
VRPBLTW,235,ok,23.9419810630,17
VRPBLTW,236,no_feasible_candidate,,
VRPBLTW,237,no_feasible_candidate,,
VRPBLTW,238,no_feasible_candidate,,
VRPBLTW,239,no_feasible_candidate,,
VRPBLTW,240,no_feasible_candidate,,
VRPBLTW,241,ok,31.9259868684,21
VRPBLTW,242,no_feasible_candidate,,
VRPBLTW,243,no_feasible_candidate,,
VRPBLTW,244,no_feasible_candidate,,
VRPBLTW,245,no_feasible_candidate,,
VRPBLTW,246,ok,22.9716500114,17
VRPBLTW,247,no_feasible_candidate,,
VRPBLTW,248,no_feasible_candidate,,
VRPBLTW,249,no_feasible_candidate,,
VRPBLTW,250,no_feasible_candidate,,
VRPBLTW,251,no_feasible_candidate,,
VRPBLTW,252,ok,21.4195239358,16
VRPBLTW,253,no_feasible_candidate,,
VRPBLTW,254,no_feasible_candidate,,
VRPBLTW,255,ok,16.9125653285,13
VRPBLTW,256,ok,15.8675948047,15
VRPBLTW,257,no_feasible_candidate,,
VRPBLTW,258,no_feasible_candidate,,
VRPBLTW,259,no_feasible_candidate,,
VRPBLTW,260,no_feasible_candidate,,
VRPBLTW,261,no_feasible_candidate,,
VRPBLTW,262,no_feasible_candidate,,
VRPBLTW,263,no_feasible_candidate,,
VRPBLTW,264,no_feasible_candidate,,
VRPBLTW,265,no_feasible_candidate,,
VRPBLTW,266,no_feasible_candidate,,
VRPBLTW,267,no_feasible_candidate,,
VRPBLTW,268,no_feasible_candidate,,
VRPBLTW,269,no_feasible_candidate,,
VRPBLTW,270,no_feasible_candidate,,
VRPBLTW,271,no_feasible_candidate,,
VRPBLTW,272,no_feasible_candidate,,
VRPBLTW,273,no_feasible_candidate,,
VRPBLTW,274,no_feasible_candidate,,
VRPBLTW,275,no_feasible_candidate,,
VRPBLTW,276,no_feasible_candidate,,
VRPBLTW,277,no_feasible_candidate,,
VRPBLTW,278,no_feasible_candidate,,
VRPBLTW,279,no_feasible_candidate,,
VRPBLTW,280,no_feasible_candidate,,
VRPBLTW,281,no_feasible_candidate,,
VRPBLTW,282,no_feasible_candidate,,
VRPBLTW,283,no_feasible_candidate,,
VRPBLTW,284,no_feasible_candidate,,
VRPBLTW,285,no_feasible_candidate,,
VRPBLTW,286,no_feasible_candidate,,
VRPBLTW,287,no_feasible_candidate,,
VRPBLTW,288,no_feasible_candidate,,
VRPBLTW,289,no_feasible_candidate,,
VRPBLTW,290,no_feasible_candidate,,
VRPBLTW,291,no_feasible_candidate,,
VRPBLTW,292,no_feasible_candidate,,
VRPBLTW,293,no_feasible_candidate,,
VRPBLTW,294,no_feasible_candidate,,
VRPBLTW,295,ok,22.2782526591,16
VRPBLTW,296,ok,24.5022997537,18
VRPBLTW,297,no_feasible_candidate,,
VRPBLTW,298,no_feasible_candidate,,
VRPBLTW,299,no_feasible_candidate,,
VRPBLTW,300,ok,13.9647054553,16
VRPBLTW,301,no_feasible_candidate,,
VRPBLTW,302,no_feasible_candidate,,
VRPBLTW,303,no_feasible_candidate,,
VRPBLTW,304,no_feasible_candidate,,
VRPBLTW,305,no_feasible_candidate,,
VRPBLTW,306,ok,21.7226739611,17
VRPBLTW,307,no_feasible_candidate,,
VRPBLTW,308,no_feasible_candidate,,
VRPBLTW,309,no_feasible_candidate,,
VRPBLTW,310,no_feasible_candidate,,
VRPBLTW,311,no_feasible_candidate,,
VRPBLTW,312,no_feasible_candidate,,
VRPBLTW,313,no_feasible_candidate,,
VRPBLTW,314,no_feasible_candidate,,
VRPBLTW,315,ok,21.0968660735,17
VRPBLTW,316,no_feasible_candidate,,
VRPBLTW,317,no_feasible_candidate,,
VRPBLTW,318,no_feasible_candidate,,
VRPBLTW,319,no_feasible_candidate,,
VRPBLTW,320,no_feasible_candidate,,
VRPBLTW,321,no_feasible_candidate,,
VRPBLTW,322,no_feasible_candidate,,
VRPBLTW,323,no_feasible_candidate,,
VRPBLTW,324,ok,16.3154484712,16
VRPBLTW,325,no_feasible_candidate,,
VRPBLTW,326,no_feasible_candidate,,
VRPBLTW,327,no_feasible_candidate,,
VRPBLTW,328,ok,23.8678091686,16
VRPBLTW,329,no_feasible_candidate,,
VRPBLTW,330,no_feasible_candidate,,
VRPBLTW,331,ok,23.1130666097,18
VRPBLTW,332,no_feasible_candidate,,
VRPBLTW,333,no_feasible_candidate,,
VRPBLTW,334,no_feasible_candidate,,
VRPBLTW,335,ok,18.0377898165,15
VRPBLTW,336,no_feasible_candidate,,
VRPBLTW,337,no_feasible_candidate,,
VRPBLTW,338,no_feasible_candidate,,
VRPBLTW,339,no_feasible_candidate,,
VRPBLTW,340,no_feasible_candidate,,
VRPBLTW,341,no_feasible_candidate,,
VRPBLTW,342,no_feasible_candidate,,
VRPBLTW,343,no_feasible_candidate,,
VRPBLTW,344,no_feasible_candidate,,
VRPBLTW,345,no_feasible_candidate,,
VRPBLTW,346,no_feasible_candidate,,
VRPBLTW,347,ok,21.5955191343,16
VRPBLTW,348,no_feasible_candidate,,
VRPBLTW,349,no_feasible_candidate,,
VRPBLTW,350,ok,14.0296374127,16
VRPBLTW,351,no_feasible_candidate,,
VRPBLTW,352,no_feasible_candidate,,
VRPBLTW,353,no_feasible_candidate,,
VRPBLTW,354,ok,19.1497513941,18
VRPBLTW,355,ok,19.2898642509,16
VRPBLTW,356,ok,13.8971406210,14
VRPBLTW,357,no_feasible_candidate,,
VRPBLTW,358,no_feasible_candidate,,
VRPBLTW,359,ok,21.8619098985,17
VRPBLTW,360,no_feasible_candidate,,
VRPBLTW,361,no_feasible_candidate,,
VRPBLTW,362,no_feasible_candidate,,
VRPBLTW,363,ok,20.4195476841,19
VRPBLTW,364,no_feasible_candidate,,
VRPBLTW,365,no_feasible_candidate,,
VRPBLTW,366,ok,21.6446815230,18
VRPBLTW,367,no_feasible_candidate,,
VRPBLTW,368,no_feasible_candidate,,
VRPBLTW,369,no_feasible_candidate,,
VRPBLTW,370,ok,24.1167804729,16
VRPBLTW,371,no_feasible_candidate,,
VRPBLTW,372,no_feasible_candidate,,
VRPBLTW,373,ok,17.9411323793,17
VRPBLTW,374,ok,19.3895309145,15
VRPBLTW,375,no_feasible_candidate,,
VRPBLTW,376,no_feasible_candidate,,
VRPBLTW,377,ok,29.0261320372,18
VRPBLTW,378,no_feasible_candidate,,
VRPBLTW,379,no_feasible_candidate,,
VRPBLTW,380,no_feasible_candidate,,
VRPBLTW,381,ok,29.3897819664,17
VRPBLTW,382,ok,26.2006227304,19
VRPBLTW,383,no_feasible_candidate,,
VRPBLTW,384,ok,16.3206927099,16
VRPBLTW,385,no_feasible_candidate,,
VRPBLTW,386,no_feasible_candidate,,
VRPBLTW,387,no_feasible_candidate,,
VRPBLTW,388,no_feasible_candidate,,
VRPBLTW,389,ok,21.0187144965,15
VRPBLTW,390,ok,22.8778209043,20
VRPBLTW,391,no_feasible_candidate,,
VRPBLTW,392,no_feasible_candidate,,
VRPBLTW,393,no_feasible_candidate,,
VRPBLTW,394,no_feasible_candidate,,
VRPBLTW,395,ok,17.5225297994,17
VRPBLTW,396,no_feasible_candidate,,
VRPBLTW,397,no_feasible_candidate,,
VRPBLTW,398,ok,22.5372288667,18
VRPBLTW,399,no_feasible_candidate,,
VRPBLTW,400,no_feasible_candidate,,
VRPBLTW,401,no_feasible_candidate,,
VRPBLTW,402,no_feasible_candidate,,
VRPBLTW,403,no_feasible_candidate,,
VRPBLTW,404,no_feasible_candidate,,
VRPBLTW,405,no_feasible_candidate,,
VRPBLTW,406,no_feasible_candidate,,
VRPBLTW,407,no_feasible_candidate,,
VRPBLTW,408,no_feasible_candidate,,
VRPBLTW,409,ok,26.8034108065,17
VRPBLTW,410,no_feasible_candidate,,
VRPBLTW,411,no_feasible_candidate,,
VRPBLTW,412,no_feasible_candidate,,
VRPBLTW,413,no_feasible_candidate,,
VRPBLTW,414,ok,21.8727625966,17
VRPBLTW,415,ok,18.3635200622,16
VRPBLTW,416,no_feasible_candidate,,
VRPBLTW,417,no_feasible_candidate,,
VRPBLTW,418,no_feasible_candidate,,
VRPBLTW,419,no_feasible_candidate,,
VRPBLTW,420,no_feasible_candidate,,
VRPBLTW,421,no_feasible_candidate,,
VRPBLTW,422,no_feasible_candidate,,
VRPBLTW,423,no_feasible_candidate,,
VRPBLTW,424,no_feasible_candidate,,
VRPBLTW,425,no_feasible_candidate,,
VRPBLTW,426,ok,20.6570924437,19
VRPBLTW,427,no_feasible_candidate,,
VRPBLTW,428,no_feasible_candidate,,
VRPBLTW,429,ok,27.1761025618,18
VRPBLTW,430,no_feasible_candidate,,
VRPBLTW,431,no_feasible_candidate,,
VRPBLTW,432,no_feasible_candidate,,
VRPBLTW,433,no_feasible_candidate,,
VRPBLTW,434,no_feasible_candidate,,
VRPBLTW,435,no_feasible_candidate,,
VRPBLTW,436,no_feasible_candidate,,
VRPBLTW,437,no_feasible_candidate,,
VRPBLTW,438,no_feasible_candidate,,
VRPBLTW,439,no_feasible_candidate,,
VRPBLTW,440,no_feasible_candidate,,
VRPBLTW,441,no_feasible_candidate,,
VRPBLTW,442,ok,23.5218598161,18
VRPBLTW,443,no_feasible_candidate,,
VRPBLTW,444,no_feasible_candidate,,
VRPBLTW,445,ok,26.7431431554,18
VRPBLTW,446,no_feasible_candidate,,
VRPBLTW,447,no_feasible_candidate,,
VRPBLTW,448,no_feasible_candidate,,
VRPBLTW,449,no_feasible_candidate,,
VRPBLTW,450,no_feasible_candidate,,
VRPBLTW,451,no_feasible_candidate,,
VRPBLTW,452,no_feasible_candidate,,
VRPBLTW,453,no_feasible_candidate,,
VRPBLTW,454,no_feasible_candidate,,
VRPBLTW,455,no_feasible_candidate,,
VRPBLTW,456,no_feasible_candidate,,
VRPBLTW,457,no_feasible_candidate,,
VRPBLTW,458,no_feasible_candidate,,
VRPBLTW,459,no_feasible_candidate,,
VRPBLTW,460,no_feasible_candidate,,
VRPBLTW,461,no_feasible_candidate,,
VRPBLTW,462,no_feasible_candidate,,
VRPBLTW,463,no_feasible_candidate,,
VRPBLTW,464,no_feasible_candidate,,
VRPBLTW,465,no_feasible_candidate,,
VRPBLTW,466,ok,20.1352980477,16
VRPBLTW,467,no_feasible_candidate,,
VRPBLTW,468,no_feasible_candidate,,
VRPBLTW,469,no_feasible_candidate,,
VRPBLTW,470,ok,22.6501887651,17
VRPBLTW,471,no_feasible_candidate,,
VRPBLTW,472,no_feasible_candidate,,
VRPBLTW,473,ok,20.5651875625,18
VRPBLTW,474,no_feasible_candidate,,
VRPBLTW,475,no_feasible_candidate,,
VRPBLTW,476,ok,20.3794293098,19
VRPBLTW,477,no_feasible_candidate,,
VRPBLTW,478,ok,20.3453486001,15
VRPBLTW,479,no_feasible_candidate,,
VRPBLTW,480,no_feasible_candidate,,
VRPBLTW,481,no_feasible_candidate,,
VRPBLTW,482,no_feasible_candidate,,
VRPBLTW,483,no_feasible_candidate,,
VRPBLTW,484,ok,23.6054527703,17
VRPBLTW,485,no_feasible_candidate,,
VRPBLTW,486,no_feasible_candidate,,
VRPBLTW,487,no_feasible_candidate,,
VRPBLTW,488,no_feasible_candidate,,
VRPBLTW,489,no_feasible_candidate,,
VRPBLTW,490,no_feasible_candidate,,
VRPBLTW,491,no_feasible_candidate,,
VRPBLTW,492,no_feasible_candidate,,
VRPBLTW,493,no_feasible_candidate,,
VRPBLTW,494,no_feasible_candidate,,
VRPBLTW,495,ok,23.0636975256,16
VRPBLTW,496,no_feasible_candidate,,
VRPBLTW,497,no_feasible_candidate,,
VRPBLTW,498,ok,23.9896758961,17
VRPBLTW,499,no_feasible_candidate,,
VRPBLTW,500,ok,27.5218309354,17
VRPBLTW,501,no_feasible_candidate,,
VRPBLTW,502,no_feasible_candidate,,
VRPBLTW,503,no_feasible_candidate,,
VRPBLTW,504,no_feasible_candidate,,
VRPBLTW,505,no_feasible_candidate,,
VRPBLTW,506,no_feasible_candidate,,
VRPBLTW,507,no_feasible_candidate,,
VRPBLTW,508,no_feasible_candidate,,
VRPBLTW,509,ok,18.9567345610,14
VRPBLTW,510,no_feasible_candidate,,
VRPBLTW,511,ok,17.5585768644,16
VRPBLTW,512,no_feasible_candidate,,
VRPBLTW,513,no_feasible_candidate,,
VRPBLTW,514,no_feasible_candidate,,
VRPBLTW,515,no_feasible_candidate,,
VRPBLTW,516,no_feasible_candidate,,
VRPBLTW,517,no_feasible_candidate,,
VRPBLTW,518,no_feasible_candidate,,
VRPBLTW,519,no_feasible_candidate,,
VRPBLTW,520,no_feasible_candidate,,
VRPBLTW,521,no_feasible_candidate,,
VRPBLTW,522,no_feasible_candidate,,
VRPBLTW,523,no_feasible_candidate,,
VRPBLTW,524,ok,17.5158633528,15
VRPBLTW,525,no_feasible_candidate,,
VRPBLTW,526,no_feasible_candidate,,
VRPBLTW,527,no_feasible_candidate,,
VRPBLTW,528,no_feasible_candidate,,
VRPBLTW,529,no_feasible_candidate,,
VRPBLTW,530,no_feasible_candidate,,
VRPBLTW,531,no_feasible_candidate,,
VRPBLTW,532,no_feasible_candidate,,
VRPBLTW,533,no_feasible_candidate,,
VRPBLTW,534,no_feasible_candidate,,
VRPBLTW,535,no_feasible_candidate,,
VRPBLTW,536,no_feasible_candidate,,
VRPBLTW,537,no_feasible_candidate,,
VRPBLTW,538,ok,16.0860241069,13
VRPBLTW,539,no_feasible_candidate,,
VRPBLTW,540,no_feasible_candidate,,
VRPBLTW,541,no_feasible_candidate,,
VRPBLTW,542,no_feasible_candidate,,
VRPBLTW,543,no_feasible_candidate,,
VRPBLTW,544,no_feasible_candidate,,
VRPBLTW,545,no_feasible_candidate,,
VRPBLTW,546,no_feasible_candidate,,
VRPBLTW,547,ok,17.7308865487,15
VRPBLTW,548,no_feasible_candidate,,
VRPBLTW,549,no_feasible_candidate,,
VRPBLTW,550,no_feasible_candidate,,
VRPBLTW,551,no_feasible_candidate,,
VRPBLTW,552,no_feasible_candidate,,
VRPBLTW,553,no_feasible_candidate,,
VRPBLTW,554,no_feasible_candidate,,
VRPBLTW,555,no_feasible_candidate,,
VRPBLTW,556,no_feasible_candidate,,
VRPBLTW,557,no_feasible_candidate,,
VRPBLTW,558,no_feasible_candidate,,
VRPBLTW,559,no_feasible_candidate,,
VRPBLTW,560,no_feasible_candidate,,
VRPBLTW,561,no_feasible_candidate,,
VRPBLTW,562,ok,19.9444096786,16
VRPBLTW,563,no_feasible_candidate,,
VRPBLTW,564,no_feasible_candidate,,
VRPBLTW,565,no_feasible_candidate,,
VRPBLTW,566,no_feasible_candidate,,
VRPBLTW,567,no_feasible_candidate,,
VRPBLTW,568,no_feasible_candidate,,
VRPBLTW,569,no_feasible_candidate,,
VRPBLTW,570,no_feasible_candidate,,
VRPBLTW,571,no_feasible_candidate,,
VRPBLTW,572,no_feasible_candidate,,
VRPBLTW,573,no_feasible_candidate,,
VRPBLTW,574,no_feasible_candidate,,
VRPBLTW,575,ok,19.8703120665,15
VRPBLTW,576,ok,18.9343220253,15
VRPBLTW,577,no_feasible_candidate,,
VRPBLTW,578,no_feasible_candidate,,
VRPBLTW,579,no_feasible_candidate,,
VRPBLTW,580,no_feasible_candidate,,
VRPBLTW,581,no_feasible_candidate,,
VRPBLTW,582,no_feasible_candidate,,
VRPBLTW,583,no_feasible_candidate,,
VRPBLTW,584,no_feasible_candidate,,
VRPBLTW,585,no_feasible_candidate,,
VRPBLTW,586,no_feasible_candidate,,
VRPBLTW,587,no_feasible_candidate,,
VRPBLTW,588,ok,26.4617779772,18
VRPBLTW,589,no_feasible_candidate,,
VRPBLTW,590,no_feasible_candidate,,
VRPBLTW,591,no_feasible_candidate,,
VRPBLTW,592,no_feasible_candidate,,
VRPBLTW,593,no_feasible_candidate,,
VRPBLTW,594,ok,23.0694988616,16
VRPBLTW,595,no_feasible_candidate,,
VRPBLTW,596,no_feasible_candidate,,
VRPBLTW,597,no_feasible_candidate,,
VRPBLTW,598,no_feasible_candidate,,
VRPBLTW,599,no_feasible_candidate,,
VRPBLTW,600,no_feasible_candidate,,
VRPBLTW,601,no_feasible_candidate,,
VRPBLTW,602,no_feasible_candidate,,
VRPBLTW,603,no_feasible_candidate,,
VRPBLTW,604,no_feasible_candidate,,
VRPBLTW,605,ok,15.7937324423,14
VRPBLTW,606,no_feasible_candidate,,
VRPBLTW,607,no_feasible_candidate,,
VRPBLTW,608,no_feasible_candidate,,
VRPBLTW,609,no_feasible_candidate,,
VRPBLTW,610,no_feasible_candidate,,
VRPBLTW,611,no_feasible_candidate,,
VRPBLTW,612,ok,26.0719008354,16
VRPBLTW,613,no_feasible_candidate,,
VRPBLTW,614,no_feasible_candidate,,
VRPBLTW,615,no_feasible_candidate,,
VRPBLTW,616,no_feasible_candidate,,
VRPBLTW,617,no_feasible_candidate,,
VRPBLTW,618,no_feasible_candidate,,
VRPBLTW,619,no_feasible_candidate,,
VRPBLTW,620,ok,15.5093928863,17
VRPBLTW,621,ok,15.9373365432,17
VRPBLTW,622,no_feasible_candidate,,
VRPBLTW,623,no_feasible_candidate,,
VRPBLTW,624,ok,18.7672235830,16
VRPBLTW,625,no_feasible_candidate,,
VRPBLTW,626,no_feasible_candidate,,
VRPBLTW,627,no_feasible_candidate,,
VRPBLTW,628,no_feasible_candidate,,
VRPBLTW,629,no_feasible_candidate,,
VRPBLTW,630,no_feasible_candidate,,
VRPBLTW,631,ok,18.5659997305,19
VRPBLTW,632,ok,27.8982439395,19
VRPBLTW,633,no_feasible_candidate,,
VRPBLTW,634,ok,23.5014378515,17
VRPBLTW,635,ok,26.1099633117,17
VRPBLTW,636,no_feasible_candidate,,
VRPBLTW,637,no_feasible_candidate,,
VRPBLTW,638,ok,21.1394077211,18
VRPBLTW,639,no_feasible_candidate,,
VRPBLTW,640,no_feasible_candidate,,
VRPBLTW,641,no_feasible_candidate,,
VRPBLTW,642,ok,14.3233464181,14
VRPBLTW,643,no_feasible_candidate,,
VRPBLTW,644,no_feasible_candidate,,
VRPBLTW,645,no_feasible_candidate,,
VRPBLTW,646,no_feasible_candidate,,
VRPBLTW,647,ok,17.3051682767,15
VRPBLTW,648,no_feasible_candidate,,
VRPBLTW,649,no_feasible_candidate,,
VRPBLTW,650,no_feasible_candidate,,
VRPBLTW,651,no_feasible_candidate,,
VRPBLTW,652,no_feasible_candidate,,
VRPBLTW,653,no_feasible_candidate,,
VRPBLTW,654,ok,20.3610752453,17
VRPBLTW,655,no_feasible_candidate,,
VRPBLTW,656,no_feasible_candidate,,
VRPBLTW,657,no_feasible_candidate,,
VRPBLTW,658,no_feasible_candidate,,
VRPBLTW,659,no_feasible_candidate,,
VRPBLTW,660,no_feasible_candidate,,
VRPBLTW,661,no_feasible_candidate,,
VRPBLTW,662,no_feasible_candidate,,
VRPBLTW,663,no_feasible_candidate,,
VRPBLTW,664,no_feasible_candidate,,
VRPBLTW,665,no_feasible_candidate,,
VRPBLTW,666,no_feasible_candidate,,
VRPBLTW,667,no_feasible_candidate,,
VRPBLTW,668,ok,17.2924137577,16
VRPBLTW,669,ok,24.1812634477,17
VRPBLTW,670,ok,30.1204741835,21
VRPBLTW,671,no_feasible_candidate,,
VRPBLTW,672,no_feasible_candidate,,
VRPBLTW,673,ok,16.8154501429,15
VRPBLTW,674,no_feasible_candidate,,
VRPBLTW,675,no_feasible_candidate,,
VRPBLTW,676,no_feasible_candidate,,
VRPBLTW,677,no_feasible_candidate,,
VRPBLTW,678,no_feasible_candidate,,
VRPBLTW,679,no_feasible_candidate,,
VRPBLTW,680,no_feasible_candidate,,
VRPBLTW,681,no_feasible_candidate,,
VRPBLTW,682,no_feasible_candidate,,
VRPBLTW,683,no_feasible_candidate,,
VRPBLTW,684,no_feasible_candidate,,
VRPBLTW,685,no_feasible_candidate,,
VRPBLTW,686,no_feasible_candidate,,
VRPBLTW,687,no_feasible_candidate,,
VRPBLTW,688,no_feasible_candidate,,
VRPBLTW,689,no_feasible_candidate,,
VRPBLTW,690,no_feasible_candidate,,
VRPBLTW,691,no_feasible_candidate,,
VRPBLTW,692,no_feasible_candidate,,
VRPBLTW,693,ok,27.9432039593,19
VRPBLTW,694,no_feasible_candidate,,
VRPBLTW,695,no_feasible_candidate,,
VRPBLTW,696,ok,19.7552012397,15
VRPBLTW,697,no_feasible_candidate,,
VRPBLTW,698,no_feasible_candidate,,
VRPBLTW,699,no_feasible_candidate,,
VRPBLTW,700,no_feasible_candidate,,
VRPBLTW,701,no_feasible_candidate,,
VRPBLTW,702,no_feasible_candidate,,
VRPBLTW,703,no_feasible_candidate,,
VRPBLTW,704,no_feasible_candidate,,
VRPBLTW,705,ok,25.8559360394,18
VRPBLTW,706,no_feasible_candidate,,
VRPBLTW,707,no_feasible_candidate,,
VRPBLTW,708,no_feasible_candidate,,
VRPBLTW,709,ok,24.8994270597,19
VRPBLTW,710,no_feasible_candidate,,
VRPBLTW,711,no_feasible_candidate,,
VRPBLTW,712,no_feasible_candidate,,
VRPBLTW,713,ok,21.8686385222,17
VRPBLTW,714,no_feasible_candidate,,
VRPBLTW,715,no_feasible_candidate,,
VRPBLTW,716,ok,18.0328493322,15
VRPBLTW,717,no_feasible_candidate,,
VRPBLTW,718,no_feasible_candidate,,
VRPBLTW,719,ok,15.6288267659,16
VRPBLTW,720,no_feasible_candidate,,
VRPBLTW,721,no_feasible_candidate,,
VRPBLTW,722,no_feasible_candidate,,
VRPBLTW,723,no_feasible_candidate,,
VRPBLTW,724,no_feasible_candidate,,
VRPBLTW,725,no_feasible_candidate,,
VRPBLTW,726,no_feasible_candidate,,
VRPBLTW,727,no_feasible_candidate,,
VRPBLTW,728,no_feasible_candidate,,
VRPBLTW,729,no_feasible_candidate,,
VRPBLTW,730,no_feasible_candidate,,
VRPBLTW,731,no_feasible_candidate,,
VRPBLTW,732,no_feasible_candidate,,
VRPBLTW,733,ok,18.4634095262,15
VRPBLTW,734,no_feasible_candidate,,
VRPBLTW,735,no_feasible_candidate,,
VRPBLTW,736,ok,18.8825352096,18
VRPBLTW,737,no_feasible_candidate,,
VRPBLTW,738,no_feasible_candidate,,
VRPBLTW,739,no_feasible_candidate,,
VRPBLTW,740,no_feasible_candidate,,
VRPBLTW,741,ok,17.6242229641,16
VRPBLTW,742,no_feasible_candidate,,
VRPBLTW,743,no_feasible_candidate,,
VRPBLTW,744,no_feasible_candidate,,
VRPBLTW,745,no_feasible_candidate,,
VRPBLTW,746,no_feasible_candidate,,
VRPBLTW,747,ok,19.0280395188,15
VRPBLTW,748,no_feasible_candidate,,
VRPBLTW,749,no_feasible_candidate,,
VRPBLTW,750,no_feasible_candidate,,
VRPBLTW,751,no_feasible_candidate,,
VRPBLTW,752,no_feasible_candidate,,
VRPBLTW,753,no_feasible_candidate,,
VRPBLTW,754,no_feasible_candidate,,
VRPBLTW,755,no_feasible_candidate,,
VRPBLTW,756,no_feasible_candidate,,
VRPBLTW,757,no_feasible_candidate,,
VRPBLTW,758,no_feasible_candidate,,
VRPBLTW,759,no_feasible_candidate,,
VRPBLTW,760,no_feasible_candidate,,
VRPBLTW,761,no_feasible_candidate,,
VRPBLTW,762,no_feasible_candidate,,
VRPBLTW,763,no_feasible_candidate,,
VRPBLTW,764,no_feasible_candidate,,
VRPBLTW,765,no_feasible_candidate,,
VRPBLTW,766,no_feasible_candidate,,
VRPBLTW,767,no_feasible_candidate,,
VRPBLTW,768,no_feasible_candidate,,
VRPBLTW,769,no_feasible_candidate,,
VRPBLTW,770,no_feasible_candidate,,
VRPBLTW,771,no_feasible_candidate,,
VRPBLTW,772,no_feasible_candidate,,
VRPBLTW,773,ok,15.1614405582,16
VRPBLTW,774,no_feasible_candidate,,
VRPBLTW,775,no_feasible_candidate,,
VRPBLTW,776,no_feasible_candidate,,
VRPBLTW,777,no_feasible_candidate,,
VRPBLTW,778,no_feasible_candidate,,
VRPBLTW,779,ok,20.5705217466,17
VRPBLTW,780,no_feasible_candidate,,
VRPBLTW,781,no_feasible_candidate,,
VRPBLTW,782,ok,23.3715920317,16
VRPBLTW,783,no_feasible_candidate,,
VRPBLTW,784,no_feasible_candidate,,
VRPBLTW,785,no_feasible_candidate,,
VRPBLTW,786,ok,22.2403921769,18
VRPBLTW,787,no_feasible_candidate,,
VRPBLTW,788,no_feasible_candidate,,
VRPBLTW,789,ok,18.6217605073,19
VRPBLTW,790,ok,18.2408492885,17
VRPBLTW,791,no_feasible_candidate,,
VRPBLTW,792,no_feasible_candidate,,
VRPBLTW,793,no_feasible_candidate,,
VRPBLTW,794,no_feasible_candidate,,
VRPBLTW,795,no_feasible_candidate,,
VRPBLTW,796,no_feasible_candidate,,
VRPBLTW,797,no_feasible_candidate,,
VRPBLTW,798,no_feasible_candidate,,
VRPBLTW,799,no_feasible_candidate,,
VRPBLTW,800,no_feasible_candidate,,
VRPBLTW,801,no_feasible_candidate,,
VRPBLTW,802,ok,28.0271521166,16
VRPBLTW,803,no_feasible_candidate,,
VRPBLTW,804,ok,23.8405995244,17
VRPBLTW,805,no_feasible_candidate,,
VRPBLTW,806,no_feasible_candidate,,
VRPBLTW,807,no_feasible_candidate,,
VRPBLTW,808,no_feasible_candidate,,
VRPBLTW,809,no_feasible_candidate,,
VRPBLTW,810,no_feasible_candidate,,
VRPBLTW,811,no_feasible_candidate,,
VRPBLTW,812,no_feasible_candidate,,
VRPBLTW,813,no_feasible_candidate,,
VRPBLTW,814,no_feasible_candidate,,
VRPBLTW,815,ok,16.0313205059,15
VRPBLTW,816,no_feasible_candidate,,
VRPBLTW,817,no_feasible_candidate,,
VRPBLTW,818,no_feasible_candidate,,
VRPBLTW,819,no_feasible_candidate,,
VRPBLTW,820,no_feasible_candidate,,
VRPBLTW,821,ok,27.2293410113,18
VRPBLTW,822,no_feasible_candidate,,
VRPBLTW,823,no_feasible_candidate,,
VRPBLTW,824,no_feasible_candidate,,
VRPBLTW,825,no_feasible_candidate,,
VRPBLTW,826,no_feasible_candidate,,
VRPBLTW,827,no_feasible_candidate,,
VRPBLTW,828,ok,15.1212509801,14
VRPBLTW,829,no_feasible_candidate,,
VRPBLTW,830,no_feasible_candidate,,
VRPBLTW,831,no_feasible_candidate,,
VRPBLTW,832,no_feasible_candidate,,
VRPBLTW,833,no_feasible_candidate,,
VRPBLTW,834,no_feasible_candidate,,
VRPBLTW,835,no_feasible_candidate,,
VRPBLTW,836,no_feasible_candidate,,
VRPBLTW,837,no_feasible_candidate,,
VRPBLTW,838,no_feasible_candidate,,
VRPBLTW,839,no_feasible_candidate,,
VRPBLTW,840,no_feasible_candidate,,
VRPBLTW,841,ok,17.1501648993,14
VRPBLTW,842,no_feasible_candidate,,
VRPBLTW,843,no_feasible_candidate,,
VRPBLTW,844,no_feasible_candidate,,
VRPBLTW,845,no_feasible_candidate,,
VRPBLTW,846,no_feasible_candidate,,
VRPBLTW,847,no_feasible_candidate,,
VRPBLTW,848,no_feasible_candidate,,
VRPBLTW,849,no_feasible_candidate,,
VRPBLTW,850,ok,20.8753634666,16
VRPBLTW,851,no_feasible_candidate,,
VRPBLTW,852,no_feasible_candidate,,
VRPBLTW,853,no_feasible_candidate,,
VRPBLTW,854,no_feasible_candidate,,
VRPBLTW,855,no_feasible_candidate,,
VRPBLTW,856,no_feasible_candidate,,
VRPBLTW,857,no_feasible_candidate,,
VRPBLTW,858,no_feasible_candidate,,
VRPBLTW,859,no_feasible_candidate,,
VRPBLTW,860,no_feasible_candidate,,
VRPBLTW,861,ok,19.1783236516,17
VRPBLTW,862,no_feasible_candidate,,
VRPBLTW,863,no_feasible_candidate,,
VRPBLTW,864,no_feasible_candidate,,
VRPBLTW,865,no_feasible_candidate,,
VRPBLTW,866,no_feasible_candidate,,
VRPBLTW,867,no_feasible_candidate,,
VRPBLTW,868,no_feasible_candidate,,
VRPBLTW,869,no_feasible_candidate,,
VRPBLTW,870,no_feasible_candidate,,
VRPBLTW,871,no_feasible_candidate,,
VRPBLTW,872,no_feasible_candidate,,
VRPBLTW,873,no_feasible_candidate,,
VRPBLTW,874,no_feasible_candidate,,
VRPBLTW,875,no_feasible_candidate,,
VRPBLTW,876,no_feasible_candidate,,
VRPBLTW,877,no_feasible_candidate,,
VRPBLTW,878,no_feasible_candidate,,
VRPBLTW,879,no_feasible_candidate,,
VRPBLTW,880,ok,16.1668568970,15
VRPBLTW,881,no_feasible_candidate,,
VRPBLTW,882,no_feasible_candidate,,
VRPBLTW,883,no_feasible_candidate,,
VRPBLTW,884,no_feasible_candidate,,
VRPBLTW,885,no_feasible_candidate,,
VRPBLTW,886,no_feasible_candidate,,
VRPBLTW,887,no_feasible_candidate,,
VRPBLTW,888,no_feasible_candidate,,
VRPBLTW,889,ok,21.2661300304,16
VRPBLTW,890,no_feasible_candidate,,
VRPBLTW,891,no_feasible_candidate,,
VRPBLTW,892,no_feasible_candidate,,
VRPBLTW,893,no_feasible_candidate,,
VRPBLTW,894,no_feasible_candidate,,
VRPBLTW,895,no_feasible_candidate,,
VRPBLTW,896,no_feasible_candidate,,
VRPBLTW,897,no_feasible_candidate,,
VRPBLTW,898,no_feasible_candidate,,
VRPBLTW,899,no_feasible_candidate,,
VRPBLTW,900,no_feasible_candidate,,
VRPBLTW,901,no_feasible_candidate,,
VRPBLTW,902,ok,13.3586367723,14
VRPBLTW,903,no_feasible_candidate,,
VRPBLTW,904,no_feasible_candidate,,
VRPBLTW,905,ok,18.4925892756,16
VRPBLTW,906,no_feasible_candidate,,
VRPBLTW,907,no_feasible_candidate,,
VRPBLTW,908,no_feasible_candidate,,
VRPBLTW,909,no_feasible_candidate,,
VRPBLTW,910,no_feasible_candidate,,
VRPBLTW,911,no_feasible_candidate,,
VRPBLTW,912,no_feasible_candidate,,
VRPBLTW,913,no_feasible_candidate,,
VRPBLTW,914,no_feasible_candidate,,
VRPBLTW,915,no_feasible_candidate,,
VRPBLTW,916,no_feasible_candidate,,
VRPBLTW,917,no_feasible_candidate,,
VRPBLTW,918,no_feasible_candidate,,
VRPBLTW,919,no_feasible_candidate,,
VRPBLTW,920,no_feasible_candidate,,
VRPBLTW,921,no_feasible_candidate,,
VRPBLTW,922,no_feasible_candidate,,
VRPBLTW,923,no_feasible_candidate,,
VRPBLTW,924,no_feasible_candidate,,
VRPBLTW,925,no_feasible_candidate,,
VRPBLTW,926,no_feasible_candidate,,
VRPBLTW,927,ok,16.9461359784,14
VRPBLTW,928,no_feasible_candidate,,
VRPBLTW,929,ok,19.8030315077,16
VRPBLTW,930,no_feasible_candidate,,
VRPBLTW,931,no_feasible_candidate,,
VRPBLTW,932,ok,23.6386927783,18
VRPBLTW,933,no_feasible_candidate,,
VRPBLTW,934,ok,15.7753650311,17
VRPBLTW,935,no_feasible_candidate,,
VRPBLTW,936,no_feasible_candidate,,
VRPBLTW,937,no_feasible_candidate,,
VRPBLTW,938,no_feasible_candidate,,
VRPBLTW,939,no_feasible_candidate,,
VRPBLTW,940,no_feasible_candidate,,
VRPBLTW,941,no_feasible_candidate,,
VRPBLTW,942,no_feasible_candidate,,
VRPBLTW,943,no_feasible_candidate,,
VRPBLTW,944,ok,17.7796795340,15
VRPBLTW,945,no_feasible_candidate,,
VRPBLTW,946,no_feasible_candidate,,
VRPBLTW,947,no_feasible_candidate,,
VRPBLTW,948,no_feasible_candidate,,
VRPBLTW,949,no_feasible_candidate,,
VRPBLTW,950,no_feasible_candidate,,
VRPBLTW,951,no_feasible_candidate,,
VRPBLTW,952,no_feasible_candidate,,
VRPBLTW,953,no_feasible_candidate,,
VRPBLTW,954,no_feasible_candidate,,
VRPBLTW,955,no_feasible_candidate,,
VRPBLTW,956,no_feasible_candidate,,
VRPBLTW,957,no_feasible_candidate,,
VRPBLTW,958,no_feasible_candidate,,
VRPBLTW,959,ok,23.5929241912,16
VRPBLTW,960,no_feasible_candidate,,
VRPBLTW,961,no_feasible_candidate,,
VRPBLTW,962,ok,19.0464788712,18
VRPBLTW,963,no_feasible_candidate,,
VRPBLTW,964,no_feasible_candidate,,
VRPBLTW,965,no_feasible_candidate,,
VRPBLTW,966,ok,14.4552100268,14
VRPBLTW,967,no_feasible_candidate,,
VRPBLTW,968,no_feasible_candidate,,
VRPBLTW,969,no_feasible_candidate,,
VRPBLTW,970,no_feasible_candidate,,
VRPBLTW,971,no_feasible_candidate,,
VRPBLTW,972,no_feasible_candidate,,
VRPBLTW,973,no_feasible_candidate,,
VRPBLTW,974,no_feasible_candidate,,
VRPBLTW,975,no_feasible_candidate,,
VRPBLTW,976,no_feasible_candidate,,
VRPBLTW,977,ok,24.5079013386,18
VRPBLTW,978,no_feasible_candidate,,
VRPBLTW,979,no_feasible_candidate,,
VRPBLTW,980,no_feasible_candidate,,
VRPBLTW,981,no_feasible_candidate,,
VRPBLTW,982,no_feasible_candidate,,
VRPBLTW,983,ok,19.4423028183,17
VRPBLTW,984,ok,16.3541441531,15
VRPBLTW,985,no_feasible_candidate,,
VRPBLTW,986,no_feasible_candidate,,
VRPBLTW,987,no_feasible_candidate,,
VRPBLTW,988,no_feasible_candidate,,
VRPBLTW,989,ok,21.3906594952,16
VRPBLTW,990,no_feasible_candidate,,
VRPBLTW,991,no_feasible_candidate,,
VRPBLTW,992,no_feasible_candidate,,
VRPBLTW,993,no_feasible_candidate,,
VRPBLTW,994,no_feasible_candidate,,
VRPBLTW,995,no_feasible_candidate,,
VRPBLTW,996,no_feasible_candidate,,
VRPBLTW,997,no_feasible_candidate,,
VRPBLTW,998,no_feasible_candidate,,
VRPBLTW,999,no_feasible_candidate,,
OVRPBLTW,0,no_feasible_candidate,,
OVRPBLTW,1,no_feasible_candidate,,
OVRPBLTW,2,no_feasible_candidate,,
OVRPBLTW,3,ok,13.3580562651,17
OVRPBLTW,4,no_feasible_candidate,,
OVRPBLTW,5,ok,12.0991423094,18
OVRPBLTW,6,no_feasible_candidate,,
OVRPBLTW,7,no_feasible_candidate,,
OVRPBLTW,8,no_feasible_candidate,,
OVRPBLTW,9,ok,15.0085607864,17
OVRPBLTW,10,no_feasible_candidate,,
OVRPBLTW,11,no_feasible_candidate,,
OVRPBLTW,12,no_feasible_candidate,,
OVRPBLTW,13,no_feasible_candidate,,
OVRPBLTW,14,no_feasible_candidate,,
OVRPBLTW,15,no_feasible_candidate,,
OVRPBLTW,16,no_feasible_candidate,,
OVRPBLTW,17,no_feasible_candidate,,
OVRPBLTW,18,no_feasible_candidate,,
OVRPBLTW,19,ok,13.7943080153,16
OVRPBLTW,20,no_feasible_candidate,,
OVRPBLTW,21,no_feasible_candidate,,
OVRPBLTW,22,no_feasible_candidate,,
OVRPBLTW,23,no_feasible_candidate,,
OVRPBLTW,24,no_feasible_candidate,,
OVRPBLTW,25,ok,10.8042015514,17
OVRPBLTW,26,no_feasible_candidate,,
OVRPBLTW,27,no_feasible_candidate,,
OVRPBLTW,28,no_feasible_candidate,,
OVRPBLTW,29,no_feasible_candidate,,
OVRPBLTW,30,no_feasible_candidate,,
OVRPBLTW,31,no_feasible_candidate,,
OVRPBLTW,32,no_feasible_candidate,,
OVRPBLTW,33,no_feasible_candidate,,
OVRPBLTW,34,no_feasible_candidate,,
OVRPBLTW,35,no_feasible_candidate,,
OVRPBLTW,36,no_feasible_candidate,,
OVRPBLTW,37,no_feasible_candidate,,
OVRPBLTW,38,no_feasible_candidate,,
OVRPBLTW,39,no_feasible_candidate,,
OVRPBLTW,40,no_feasible_candidate,,
OVRPBLTW,41,no_feasible_candidate,,
OVRPBLTW,42,no_feasible_candidate,,
OVRPBLTW,43,no_feasible_candidate,,
OVRPBLTW,44,no_feasible_candidate,,
OVRPBLTW,45,no_feasible_candidate,,
OVRPBLTW,46,no_feasible_candidate,,
OVRPBLTW,47,ok,12.5593144126,19
OVRPBLTW,48,no_feasible_candidate,,
OVRPBLTW,49,no_feasible_candidate,,
OVRPBLTW,50,no_feasible_candidate,,
OVRPBLTW,51,ok,13.5513585466,18
OVRPBLTW,52,ok,11.8973177932,16
OVRPBLTW,53,no_feasible_candidate,,
OVRPBLTW,54,no_feasible_candidate,,
OVRPBLTW,55,no_feasible_candidate,,
OVRPBLTW,56,no_feasible_candidate,,
OVRPBLTW,57,no_feasible_candidate,,
OVRPBLTW,58,no_feasible_candidate,,
OVRPBLTW,59,no_feasible_candidate,,
OVRPBLTW,60,no_feasible_candidate,,
OVRPBLTW,61,no_feasible_candidate,,
OVRPBLTW,62,no_feasible_candidate,,
OVRPBLTW,63,no_feasible_candidate,,
OVRPBLTW,64,no_feasible_candidate,,
OVRPBLTW,65,no_feasible_candidate,,
OVRPBLTW,66,no_feasible_candidate,,
OVRPBLTW,67,no_feasible_candidate,,
OVRPBLTW,68,no_feasible_candidate,,
OVRPBLTW,69,no_feasible_candidate,,
OVRPBLTW,70,ok,11.5319149447,16
OVRPBLTW,71,ok,10.5064664246,16
OVRPBLTW,72,no_feasible_candidate,,
OVRPBLTW,73,no_feasible_candidate,,
OVRPBLTW,74,no_feasible_candidate,,
OVRPBLTW,75,no_feasible_candidate,,
OVRPBLTW,76,no_feasible_candidate,,
OVRPBLTW,77,no_feasible_candidate,,
OVRPBLTW,78,no_feasible_candidate,,
OVRPBLTW,79,no_feasible_candidate,,
OVRPBLTW,80,no_feasible_candidate,,
OVRPBLTW,81,no_feasible_candidate,,
OVRPBLTW,82,no_feasible_candidate,,
OVRPBLTW,83,ok,11.6880511068,14
OVRPBLTW,84,no_feasible_candidate,,
OVRPBLTW,85,no_feasible_candidate,,
OVRPBLTW,86,no_feasible_candidate,,
OVRPBLTW,87,no_feasible_candidate,,
OVRPBLTW,88,no_feasible_candidate,,
OVRPBLTW,89,no_feasible_candidate,,
OVRPBLTW,90,ok,12.0498612468,19
OVRPBLTW,91,ok,11.2597444049,19
OVRPBLTW,92,no_feasible_candidate,,
OVRPBLTW,93,no_feasible_candidate,,
OVRPBLTW,94,no_feasible_candidate,,
OVRPBLTW,95,no_feasible_candidate,,
OVRPBLTW,96,no_feasible_candidate,,
OVRPBLTW,97,no_feasible_candidate,,
OVRPBLTW,98,no_feasible_candidate,,
OVRPBLTW,99,ok,12.4830947103,14
OVRPBLTW,100,no_feasible_candidate,,
OVRPBLTW,101,ok,10.6824214710,14
OVRPBLTW,102,no_feasible_candidate,,
OVRPBLTW,103,no_feasible_candidate,,
OVRPBLTW,104,no_feasible_candidate,,
OVRPBLTW,105,ok,11.5804138805,19
OVRPBLTW,106,no_feasible_candidate,,
OVRPBLTW,107,no_feasible_candidate,,
OVRPBLTW,108,no_feasible_candidate,,
OVRPBLTW,109,ok,13.8533040137,16
OVRPBLTW,110,no_feasible_candidate,,
OVRPBLTW,111,ok,13.1648491619,20
OVRPBLTW,112,no_feasible_candidate,,
OVRPBLTW,113,no_feasible_candidate,,
OVRPBLTW,114,no_feasible_candidate,,
OVRPBLTW,115,no_feasible_candidate,,
OVRPBLTW,116,no_feasible_candidate,,
OVRPBLTW,117,no_feasible_candidate,,
OVRPBLTW,118,no_feasible_candidate,,
OVRPBLTW,119,no_feasible_candidate,,
OVRPBLTW,120,ok,13.9468266066,16
OVRPBLTW,121,no_feasible_candidate,,
OVRPBLTW,122,no_feasible_candidate,,
OVRPBLTW,123,ok,10.6650385882,16
OVRPBLTW,124,ok,10.9518403679,16
OVRPBLTW,125,no_feasible_candidate,,
OVRPBLTW,126,ok,8.9344069596,14
OVRPBLTW,127,no_feasible_candidate,,
OVRPBLTW,128,no_feasible_candidate,,
OVRPBLTW,129,ok,10.1171929897,15
OVRPBLTW,130,ok,11.4708626846,13
OVRPBLTW,131,no_feasible_candidate,,
OVRPBLTW,132,no_feasible_candidate,,
OVRPBLTW,133,no_feasible_candidate,,
OVRPBLTW,134,no_feasible_candidate,,
OVRPBLTW,135,ok,10.4579436931,17
OVRPBLTW,136,no_feasible_candidate,,
OVRPBLTW,137,no_feasible_candidate,,
OVRPBLTW,138,ok,11.7467608167,16
OVRPBLTW,139,no_feasible_candidate,,
OVRPBLTW,140,no_feasible_candidate,,
OVRPBLTW,141,no_feasible_candidate,,
OVRPBLTW,142,no_feasible_candidate,,
OVRPBLTW,143,ok,14.2127389293,15
OVRPBLTW,144,no_feasible_candidate,,
OVRPBLTW,145,no_feasible_candidate,,
OVRPBLTW,146,ok,11.8099521252,17
OVRPBLTW,147,no_feasible_candidate,,
OVRPBLTW,148,no_feasible_candidate,,
OVRPBLTW,149,no_feasible_candidate,,
OVRPBLTW,150,no_feasible_candidate,,
OVRPBLTW,151,no_feasible_candidate,,
OVRPBLTW,152,no_feasible_candidate,,
OVRPBLTW,153,no_feasible_candidate,,
OVRPBLTW,154,no_feasible_candidate,,
OVRPBLTW,155,ok,10.1482499278,15
OVRPBLTW,156,no_feasible_candidate,,
OVRPBLTW,157,ok,12.9347528970,19
OVRPBLTW,158,no_feasible_candidate,,
OVRPBLTW,159,ok,14.9033025215,19
OVRPBLTW,160,no_feasible_candidate,,
OVRPBLTW,161,ok,13.1774663571,18
OVRPBLTW,162,no_feasible_candidate,,
OVRPBLTW,163,no_feasible_candidate,,
OVRPBLTW,164,no_feasible_candidate,,
OVRPBLTW,165,ok,11.2554065866,18
OVRPBLTW,166,no_feasible_candidate,,
OVRPBLTW,167,no_feasible_candidate,,
OVRPBLTW,168,ok,10.6807251374,18
OVRPBLTW,169,no_feasible_candidate,,
OVRPBLTW,170,ok,12.4878450600,20
OVRPBLTW,171,no_feasible_candidate,,
OVRPBLTW,172,no_feasible_candidate,,
OVRPBLTW,173,no_feasible_candidate,,
OVRPBLTW,174,ok,11.6199005814,14
OVRPBLTW,175,no_feasible_candidate,,
OVRPBLTW,176,no_feasible_candidate,,
OVRPBLTW,177,no_feasible_candidate,,
OVRPBLTW,178,no_feasible_candidate,,
OVRPBLTW,179,no_feasible_candidate,,
OVRPBLTW,180,no_feasible_candidate,,
OVRPBLTW,181,no_feasible_candidate,,
OVRPBLTW,182,no_feasible_candidate,,
OVRPBLTW,183,ok,12.9223514704,17
OVRPBLTW,184,ok,14.7545419908,21
OVRPBLTW,185,no_feasible_candidate,,
OVRPBLTW,186,no_feasible_candidate,,
OVRPBLTW,187,no_feasible_candidate,,
OVRPBLTW,188,no_feasible_candidate,,
OVRPBLTW,189,no_feasible_candidate,,
OVRPBLTW,190,no_feasible_candidate,,
OVRPBLTW,191,no_feasible_candidate,,
OVRPBLTW,192,no_feasible_candidate,,
OVRPBLTW,193,no_feasible_candidate,,
OVRPBLTW,194,no_feasible_candidate,,
OVRPBLTW,195,ok,9.6759947127,15
OVRPBLTW,196,no_feasible_candidate,,
OVRPBLTW,197,no_feasible_candidate,,
OVRPBLTW,198,no_feasible_candidate,,
OVRPBLTW,199,no_feasible_candidate,,
OVRPBLTW,200,no_feasible_candidate,,
OVRPBLTW,201,ok,10.9824779164,15
OVRPBLTW,202,ok,8.6943826687,15
OVRPBLTW,203,no_feasible_candidate,,
OVRPBLTW,204,no_feasible_candidate,,
OVRPBLTW,205,no_feasible_candidate,,
OVRPBLTW,206,ok,14.6339734078,17
OVRPBLTW,207,no_feasible_candidate,,
OVRPBLTW,208,ok,12.3789843400,17
OVRPBLTW,209,no_feasible_candidate,,
OVRPBLTW,210,no_feasible_candidate,,
OVRPBLTW,211,no_feasible_candidate,,
OVRPBLTW,212,no_feasible_candidate,,
OVRPBLTW,213,no_feasible_candidate,,
OVRPBLTW,214,ok,12.0393539100,16
OVRPBLTW,215,no_feasible_candidate,,
OVRPBLTW,216,no_feasible_candidate,,
OVRPBLTW,217,ok,10.9226194777,15
OVRPBLTW,218,no_feasible_candidate,,
OVRPBLTW,219,ok,10.1159314483,17
OVRPBLTW,220,no_feasible_candidate,,
OVRPBLTW,221,no_feasible_candidate,,
OVRPBLTW,222,no_feasible_candidate,,
OVRPBLTW,223,no_feasible_candidate,,
OVRPBLTW,224,no_feasible_candidate,,
OVRPBLTW,225,no_feasible_candidate,,
OVRPBLTW,226,no_feasible_candidate,,
OVRPBLTW,227,no_feasible_candidate,,
OVRPBLTW,228,no_feasible_candidate,,
OVRPBLTW,229,no_feasible_candidate,,
OVRPBLTW,230,no_feasible_candidate,,
OVRPBLTW,231,ok,11.6916341165,18
OVRPBLTW,232,ok,15.1123134131,18
OVRPBLTW,233,ok,12.0237313739,17
OVRPBLTW,234,no_feasible_candidate,,
OVRPBLTW,235,no_feasible_candidate,,
OVRPBLTW,236,no_feasible_candidate,,
OVRPBLTW,237,no_feasible_candidate,,
OVRPBLTW,238,no_feasible_candidate,,
OVRPBLTW,239,no_feasible_candidate,,
OVRPBLTW,240,no_feasible_candidate,,
OVRPBLTW,241,ok,10.7007550944,19
OVRPBLTW,242,no_feasible_candidate,,
OVRPBLTW,243,no_feasible_candidate,,
OVRPBLTW,244,no_feasible_candidate,,
OVRPBLTW,245,no_feasible_candidate,,
OVRPBLTW,246,no_feasible_candidate,,
OVRPBLTW,247,no_feasible_candidate,,
OVRPBLTW,248,no_feasible_candidate,,
OVRPBLTW,249,ok,9.3883207419,16
OVRPBLTW,250,no_feasible_candidate,,
OVRPBLTW,251,no_feasible_candidate,,
OVRPBLTW,252,ok,15.4489819372,18
OVRPBLTW,253,no_feasible_candidate,,
OVRPBLTW,254,no_feasible_candidate,,
OVRPBLTW,255,no_feasible_candidate,,
OVRPBLTW,256,no_feasible_candidate,,
OVRPBLTW,257,no_feasible_candidate,,
OVRPBLTW,258,no_feasible_candidate,,
OVRPBLTW,259,no_feasible_candidate,,
OVRPBLTW,260,ok,9.4274091695,20
OVRPBLTW,261,no_feasible_candidate,,
OVRPBLTW,262,no_feasible_candidate,,
OVRPBLTW,263,no_feasible_candidate,,
OVRPBLTW,264,no_feasible_candidate,,
OVRPBLTW,265,ok,10.1234178408,18
OVRPBLTW,266,no_feasible_candidate,,
OVRPBLTW,267,no_feasible_candidate,,
OVRPBLTW,268,no_feasible_candidate,,
OVRPBLTW,269,no_feasible_candidate,,
OVRPBLTW,270,no_feasible_candidate,,
OVRPBLTW,271,no_feasible_candidate,,
OVRPBLTW,272,no_feasible_candidate,,
OVRPBLTW,273,no_feasible_candidate,,
OVRPBLTW,274,no_feasible_candidate,,
OVRPBLTW,275,no_feasible_candidate,,
OVRPBLTW,276,no_feasible_candidate,,
OVRPBLTW,277,no_feasible_candidate,,
OVRPBLTW,278,no_feasible_candidate,,
OVRPBLTW,279,no_feasible_candidate,,
OVRPBLTW,280,ok,14.2382170619,16
OVRPBLTW,281,ok,11.4409269237,15
OVRPBLTW,282,no_feasible_candidate,,
OVRPBLTW,283,no_feasible_candidate,,
OVRPBLTW,284,no_feasible_candidate,,
OVRPBLTW,285,no_feasible_candidate,,
OVRPBLTW,286,no_feasible_candidate,,
OVRPBLTW,287,ok,10.1992656938,16
OVRPBLTW,288,no_feasible_candidate,,
OVRPBLTW,289,no_feasible_candidate,,
OVRPBLTW,290,no_feasible_candidate,,
OVRPBLTW,291,ok,11.3652175104,18
OVRPBLTW,292,no_feasible_candidate,,
OVRPBLTW,293,no_feasible_candidate,,
OVRPBLTW,294,no_feasible_candidate,,
OVRPBLTW,295,no_feasible_candidate,,
OVRPBLTW,296,no_feasible_candidate,,
OVRPBLTW,297,ok,14.8945731915,18
OVRPBLTW,298,no_feasible_candidate,,
OVRPBLTW,299,no_feasible_candidate,,
OVRPBLTW,300,no_feasible_candidate,,
OVRPBLTW,301,no_feasible_candidate,,
OVRPBLTW,302,no_feasible_candidate,,
OVRPBLTW,303,no_feasible_candidate,,
OVRPBLTW,304,no_feasible_candidate,,
OVRPBLTW,305,no_feasible_candidate,,
OVRPBLTW,306,no_feasible_candidate,,
OVRPBLTW,307,no_feasible_candidate,,
OVRPBLTW,308,no_feasible_candidate,,
OVRPBLTW,309,no_feasible_candidate,,
OVRPBLTW,310,ok,12.7689245345,15
OVRPBLTW,311,ok,10.1561539434,18
OVRPBLTW,312,no_feasible_candidate,,
OVRPBLTW,313,ok,16.2044013727,21
OVRPBLTW,314,no_feasible_candidate,,
OVRPBLTW,315,no_feasible_candidate,,
OVRPBLTW,316,no_feasible_candidate,,
OVRPBLTW,317,no_feasible_candidate,,
OVRPBLTW,318,no_feasible_candidate,,
OVRPBLTW,319,no_feasible_candidate,,
OVRPBLTW,320,no_feasible_candidate,,
OVRPBLTW,321,no_feasible_candidate,,
OVRPBLTW,322,no_feasible_candidate,,
OVRPBLTW,323,no_feasible_candidate,,
OVRPBLTW,324,ok,10.8368927393,19
OVRPBLTW,325,no_feasible_candidate,,
OVRPBLTW,326,no_feasible_candidate,,
OVRPBLTW,327,no_feasible_candidate,,
OVRPBLTW,328,no_feasible_candidate,,
OVRPBLTW,329,no_feasible_candidate,,
OVRPBLTW,330,no_feasible_candidate,,
OVRPBLTW,331,no_feasible_candidate,,
OVRPBLTW,332,no_feasible_candidate,,
OVRPBLTW,333,no_feasible_candidate,,
OVRPBLTW,334,no_feasible_candidate,,
OVRPBLTW,335,no_feasible_candidate,,
OVRPBLTW,336,no_feasible_candidate,,
OVRPBLTW,337,ok,13.2456584642,19
OVRPBLTW,338,no_feasible_candidate,,
OVRPBLTW,339,ok,11.2789919745,15
OVRPBLTW,340,no_feasible_candidate,,
OVRPBLTW,341,ok,10.4673116276,16
OVRPBLTW,342,no_feasible_candidate,,
OVRPBLTW,343,no_feasible_candidate,,
OVRPBLTW,344,ok,11.4971853472,13
OVRPBLTW,345,no_feasible_candidate,,
OVRPBLTW,346,ok,14.5226322529,17
OVRPBLTW,347,no_feasible_candidate,,
OVRPBLTW,348,no_feasible_candidate,,
OVRPBLTW,349,no_feasible_candidate,,
OVRPBLTW,350,ok,13.4469886227,16
OVRPBLTW,351,no_feasible_candidate,,
OVRPBLTW,352,ok,11.0782669617,14
OVRPBLTW,353,no_feasible_candidate,,
OVRPBLTW,354,no_feasible_candidate,,
OVRPBLTW,355,no_feasible_candidate,,
OVRPBLTW,356,no_feasible_candidate,,
OVRPBLTW,357,ok,12.5839639653,15
OVRPBLTW,358,no_feasible_candidate,,
OVRPBLTW,359,no_feasible_candidate,,
OVRPBLTW,360,no_feasible_candidate,,
OVRPBLTW,361,no_feasible_candidate,,
OVRPBLTW,362,no_feasible_candidate,,
OVRPBLTW,363,no_feasible_candidate,,
OVRPBLTW,364,no_feasible_candidate,,
OVRPBLTW,365,no_feasible_candidate,,
OVRPBLTW,366,ok,14.0805879465,19
OVRPBLTW,367,ok,14.2061185669,18
OVRPBLTW,368,ok,10.4097905467,19
OVRPBLTW,369,ok,11.5276498371,17
OVRPBLTW,370,ok,10.6721868953,15
OVRPBLTW,371,no_feasible_candidate,,
OVRPBLTW,372,no_feasible_candidate,,
OVRPBLTW,373,ok,11.0119369983,16
OVRPBLTW,374,no_feasible_candidate,,
OVRPBLTW,375,no_feasible_candidate,,
OVRPBLTW,376,no_feasible_candidate,,
OVRPBLTW,377,no_feasible_candidate,,
OVRPBLTW,378,no_feasible_candidate,,
OVRPBLTW,379,no_feasible_candidate,,
OVRPBLTW,380,no_feasible_candidate,,
OVRPBLTW,381,ok,11.9625489251,18
OVRPBLTW,382,ok,14.1016113926,17
OVRPBLTW,383,no_feasible_candidate,,
OVRPBLTW,384,no_feasible_candidate,,
OVRPBLTW,385,no_feasible_candidate,,
OVRPBLTW,386,ok,11.3420333903,18
OVRPBLTW,387,no_feasible_candidate,,
OVRPBLTW,388,no_feasible_candidate,,
OVRPBLTW,389,ok,11.0641004853,17
OVRPBLTW,390,no_feasible_candidate,,
OVRPBLTW,391,no_feasible_candidate,,
OVRPBLTW,392,no_feasible_candidate,,
OVRPBLTW,393,no_feasible_candidate,,
OVRPBLTW,394,no_feasible_candidate,,
OVRPBLTW,395,no_feasible_candidate,,
OVRPBLTW,396,no_feasible_candidate,,
OVRPBLTW,397,ok,10.4209224115,16
OVRPBLTW,398,no_feasible_candidate,,
OVRPBLTW,399,no_feasible_candidate,,
OVRPBLTW,400,ok,12.5412131384,17
OVRPBLTW,401,no_feasible_candidate,,
OVRPBLTW,402,no_feasible_candidate,,
OVRPBLTW,403,no_feasible_candidate,,
OVRPBLTW,404,ok,9.7905816806,18
OVRPBLTW,405,ok,13.2900235989,15
OVRPBLTW,406,no_feasible_candidate,,
OVRPBLTW,407,ok,10.7807546849,16
OVRPBLTW,408,no_feasible_candidate,,
OVRPBLTW,409,no_feasible_candidate,,
OVRPBLTW,410,no_feasible_candidate,,
OVRPBLTW,411,no_feasible_candidate,,
OVRPBLTW,412,no_feasible_candidate,,
OVRPBLTW,413,no_feasible_candidate,,
OVRPBLTW,414,no_feasible_candidate,,
OVRPBLTW,415,ok,10.7696672884,18
OVRPBLTW,416,no_feasible_candidate,,
OVRPBLTW,417,no_feasible_candidate,,
OVRPBLTW,418,ok,12.0105868364,15
OVRPBLTW,419,no_feasible_candidate,,
OVRPBLTW,420,no_feasible_candidate,,
OVRPBLTW,421,no_feasible_candidate,,
OVRPBLTW,422,ok,12.1259322143,17
OVRPBLTW,423,no_feasible_candidate,,
OVRPBLTW,424,ok,10.2097147153,15
OVRPBLTW,425,no_feasible_candidate,,
OVRPBLTW,426,no_feasible_candidate,,
OVRPBLTW,427,no_feasible_candidate,,
OVRPBLTW,428,no_feasible_candidate,,
OVRPBLTW,429,no_feasible_candidate,,
OVRPBLTW,430,no_feasible_candidate,,
OVRPBLTW,431,no_feasible_candidate,,
OVRPBLTW,432,ok,13.1105663334,20
OVRPBLTW,433,ok,12.1308632900,18
OVRPBLTW,434,no_feasible_candidate,,
OVRPBLTW,435,no_feasible_candidate,,
OVRPBLTW,436,no_feasible_candidate,,
OVRPBLTW,437,ok,11.1361965548,18
OVRPBLTW,438,no_feasible_candidate,,
OVRPBLTW,439,ok,17.9372556659,18
OVRPBLTW,440,no_feasible_candidate,,
OVRPBLTW,441,no_feasible_candidate,,
OVRPBLTW,442,no_feasible_candidate,,
OVRPBLTW,443,no_feasible_candidate,,
OVRPBLTW,444,ok,12.9071544248,19
OVRPBLTW,445,ok,12.5163890615,15
OVRPBLTW,446,ok,9.9094520782,15
OVRPBLTW,447,no_feasible_candidate,,
OVRPBLTW,448,no_feasible_candidate,,
OVRPBLTW,449,no_feasible_candidate,,
OVRPBLTW,450,no_feasible_candidate,,
OVRPBLTW,451,no_feasible_candidate,,
OVRPBLTW,452,no_feasible_candidate,,
OVRPBLTW,453,no_feasible_candidate,,
OVRPBLTW,454,no_feasible_candidate,,
OVRPBLTW,455,no_feasible_candidate,,
OVRPBLTW,456,no_feasible_candidate,,
OVRPBLTW,457,no_feasible_candidate,,
OVRPBLTW,458,no_feasible_candidate,,
OVRPBLTW,459,no_feasible_candidate,,
OVRPBLTW,460,no_feasible_candidate,,
OVRPBLTW,461,no_feasible_candidate,,
OVRPBLTW,462,no_feasible_candidate,,
OVRPBLTW,463,no_feasible_candidate,,
OVRPBLTW,464,no_feasible_candidate,,
OVRPBLTW,465,no_feasible_candidate,,
OVRPBLTW,466,no_feasible_candidate,,
OVRPBLTW,467,no_feasible_candidate,,
OVRPBLTW,468,no_feasible_candidate,,
OVRPBLTW,469,no_feasible_candidate,,
OVRPBLTW,470,no_feasible_candidate,,
OVRPBLTW,471,ok,12.8314443392,16
OVRPBLTW,472,no_feasible_candidate,,
OVRPBLTW,473,no_feasible_candidate,,
OVRPBLTW,474,no_feasible_candidate,,
OVRPBLTW,475,no_feasible_candidate,,
OVRPBLTW,476,ok,13.8166385574,17
OVRPBLTW,477,no_feasible_candidate,,
OVRPBLTW,478,no_feasible_candidate,,
OVRPBLTW,479,ok,12.8842319119,17
OVRPBLTW,480,ok,14.6971562599,18
OVRPBLTW,481,no_feasible_candidate,,
OVRPBLTW,482,no_feasible_candidate,,
OVRPBLTW,483,no_feasible_candidate,,
OVRPBLTW,484,no_feasible_candidate,,
OVRPBLTW,485,no_feasible_candidate,,
OVRPBLTW,486,no_feasible_candidate,,
OVRPBLTW,487,ok,10.9955714959,17
OVRPBLTW,488,no_feasible_candidate,,
OVRPBLTW,489,no_feasible_candidate,,
OVRPBLTW,490,no_feasible_candidate,,
OVRPBLTW,491,no_feasible_candidate,,
OVRPBLTW,492,no_feasible_candidate,,
OVRPBLTW,493,no_feasible_candidate,,
OVRPBLTW,494,no_feasible_candidate,,
OVRPBLTW,495,no_feasible_candidate,,
OVRPBLTW,496,no_feasible_candidate,,
OVRPBLTW,497,no_feasible_candidate,,
OVRPBLTW,498,no_feasible_candidate,,
OVRPBLTW,499,no_feasible_candidate,,
OVRPBLTW,500,no_feasible_candidate,,
OVRPBLTW,501,no_feasible_candidate,,
OVRPBLTW,502,no_feasible_candidate,,
OVRPBLTW,503,no_feasible_candidate,,
OVRPBLTW,504,no_feasible_candidate,,
OVRPBLTW,505,no_feasible_candidate,,
OVRPBLTW,506,ok,9.6890289439,16
OVRPBLTW,507,ok,11.1176695019,17
OVRPBLTW,508,no_feasible_candidate,,
OVRPBLTW,509,ok,11.6484650780,20
OVRPBLTW,510,ok,10.3018813920,15
OVRPBLTW,511,no_feasible_candidate,,
OVRPBLTW,512,ok,10.2573719238,17
OVRPBLTW,513,ok,12.6057005768,19
OVRPBLTW,514,no_feasible_candidate,,
OVRPBLTW,515,no_feasible_candidate,,
OVRPBLTW,516,no_feasible_candidate,,
OVRPBLTW,517,no_feasible_candidate,,
OVRPBLTW,518,no_feasible_candidate,,
OVRPBLTW,519,ok,11.1200411863,16
OVRPBLTW,520,no_feasible_candidate,,
OVRPBLTW,521,no_feasible_candidate,,
OVRPBLTW,522,no_feasible_candidate,,
OVRPBLTW,523,no_feasible_candidate,,
OVRPBLTW,524,no_feasible_candidate,,
OVRPBLTW,525,no_feasible_candidate,,
OVRPBLTW,526,no_feasible_candidate,,
OVRPBLTW,527,ok,11.7430573140,14
OVRPBLTW,528,no_feasible_candidate,,
OVRPBLTW,529,ok,11.5616699912,18
OVRPBLTW,530,ok,13.3529783870,18
OVRPBLTW,531,no_feasible_candidate,,
OVRPBLTW,532,ok,10.7130955331,16
OVRPBLTW,533,ok,12.5280844529,18
OVRPBLTW,534,ok,11.1363723505,16
OVRPBLTW,535,no_feasible_candidate,,
OVRPBLTW,536,no_feasible_candidate,,
OVRPBLTW,537,no_feasible_candidate,,
OVRPBLTW,538,no_feasible_candidate,,
OVRPBLTW,539,no_feasible_candidate,,
OVRPBLTW,540,no_feasible_candidate,,
OVRPBLTW,541,no_feasible_candidate,,
OVRPBLTW,542,no_feasible_candidate,,
OVRPBLTW,543,no_feasible_candidate,,
OVRPBLTW,544,no_feasible_candidate,,
OVRPBLTW,545,no_feasible_candidate,,
OVRPBLTW,546,no_feasible_candidate,,
OVRPBLTW,547,ok,11.0227440915,17
OVRPBLTW,548,no_feasible_candidate,,
OVRPBLTW,549,no_feasible_candidate,,
OVRPBLTW,550,ok,11.5352699341,19
OVRPBLTW,551,ok,10.5764904800,14
OVRPBLTW,552,no_feasible_candidate,,
OVRPBLTW,553,no_feasible_candidate,,
OVRPBLTW,554,no_feasible_candidate,,
OVRPBLTW,555,no_feasible_candidate,,
OVRPBLTW,556,no_feasible_candidate,,
OVRPBLTW,557,no_feasible_candidate,,
OVRPBLTW,558,no_feasible_candidate,,
OVRPBLTW,559,no_feasible_candidate,,
OVRPBLTW,560,no_feasible_candidate,,
OVRPBLTW,561,no_feasible_candidate,,
OVRPBLTW,562,no_feasible_candidate,,
OVRPBLTW,563,no_feasible_candidate,,
OVRPBLTW,564,no_feasible_candidate,,
OVRPBLTW,565,no_feasible_candidate,,
OVRPBLTW,566,no_feasible_candidate,,
OVRPBLTW,567,no_feasible_candidate,,
OVRPBLTW,568,no_feasible_candidate,,
OVRPBLTW,569,ok,11.8768128950,14
OVRPBLTW,570,no_feasible_candidate,,
OVRPBLTW,571,ok,11.5328719248,19
OVRPBLTW,572,no_feasible_candidate,,
OVRPBLTW,573,no_feasible_candidate,,
OVRPBLTW,574,no_feasible_candidate,,
OVRPBLTW,575,no_feasible_candidate,,
OVRPBLTW,576,no_feasible_candidate,,
OVRPBLTW,577,no_feasible_candidate,,
OVRPBLTW,578,ok,11.0450336105,19
OVRPBLTW,579,ok,12.0255371953,22
OVRPBLTW,580,no_feasible_candidate,,
OVRPBLTW,581,ok,14.9969767604,20
OVRPBLTW,582,ok,13.2328744392,15
OVRPBLTW,583,ok,13.1770204190,17
OVRPBLTW,584,no_feasible_candidate,,
OVRPBLTW,585,no_feasible_candidate,,
OVRPBLTW,586,no_feasible_candidate,,
OVRPBLTW,587,no_feasible_candidate,,
OVRPBLTW,588,no_feasible_candidate,,
OVRPBLTW,589,no_feasible_candidate,,
OVRPBLTW,590,ok,11.6018021197,17
OVRPBLTW,591,no_feasible_candidate,,
OVRPBLTW,592,no_feasible_candidate,,
OVRPBLTW,593,no_feasible_candidate,,
OVRPBLTW,594,ok,13.8900148739,16
OVRPBLTW,595,no_feasible_candidate,,
OVRPBLTW,596,no_feasible_candidate,,
OVRPBLTW,597,no_feasible_candidate,,
OVRPBLTW,598,no_feasible_candidate,,
OVRPBLTW,599,no_feasible_candidate,,
OVRPBLTW,600,no_feasible_candidate,,
OVRPBLTW,601,no_feasible_candidate,,
OVRPBLTW,602,no_feasible_candidate,,
OVRPBLTW,603,no_feasible_candidate,,
OVRPBLTW,604,ok,13.1556336224,16
OVRPBLTW,605,ok,11.0413693188,16
OVRPBLTW,606,no_feasible_candidate,,
OVRPBLTW,607,no_feasible_candidate,,
OVRPBLTW,608,ok,13.1280447221,19
OVRPBLTW,609,ok,10.4931048329,18
OVRPBLTW,610,no_feasible_candidate,,
OVRPBLTW,611,ok,10.8664722221,16
OVRPBLTW,612,no_feasible_candidate,,
OVRPBLTW,613,no_feasible_candidate,,
OVRPBLTW,614,no_feasible_candidate,,
OVRPBLTW,615,no_feasible_candidate,,
OVRPBLTW,616,no_feasible_candidate,,
OVRPBLTW,617,no_feasible_candidate,,
OVRPBLTW,618,ok,12.9469469055,20
OVRPBLTW,619,no_feasible_candidate,,
OVRPBLTW,620,no_feasible_candidate,,
OVRPBLTW,621,no_feasible_candidate,,
OVRPBLTW,622,no_feasible_candidate,,
OVRPBLTW,623,ok,11.8004758401,15
OVRPBLTW,624,no_feasible_candidate,,
OVRPBLTW,625,no_feasible_candidate,,
OVRPBLTW,626,no_feasible_candidate,,
OVRPBLTW,627,ok,11.3149756805,16
OVRPBLTW,628,no_feasible_candidate,,
OVRPBLTW,629,no_feasible_candidate,,
OVRPBLTW,630,no_feasible_candidate,,
OVRPBLTW,631,no_feasible_candidate,,
OVRPBLTW,632,ok,12.1721873146,19
OVRPBLTW,633,no_feasible_candidate,,
OVRPBLTW,634,no_feasible_candidate,,
OVRPBLTW,635,no_feasible_candidate,,
OVRPBLTW,636,no_feasible_candidate,,
OVRPBLTW,637,ok,9.5557103892,16
OVRPBLTW,638,no_feasible_candidate,,
OVRPBLTW,639,no_feasible_candidate,,
OVRPBLTW,640,no_feasible_candidate,,
OVRPBLTW,641,no_feasible_candidate,,
OVRPBLTW,642,ok,15.3237244608,19
OVRPBLTW,643,no_feasible_candidate,,
OVRPBLTW,644,no_feasible_candidate,,
OVRPBLTW,645,no_feasible_candidate,,
OVRPBLTW,646,ok,13.5690771320,16
OVRPBLTW,647,no_feasible_candidate,,
OVRPBLTW,648,no_feasible_candidate,,
OVRPBLTW,649,no_feasible_candidate,,
OVRPBLTW,650,no_feasible_candidate,,
OVRPBLTW,651,no_feasible_candidate,,
OVRPBLTW,652,no_feasible_candidate,,
OVRPBLTW,653,no_feasible_candidate,,
OVRPBLTW,654,no_feasible_candidate,,
OVRPBLTW,655,no_feasible_candidate,,
OVRPBLTW,656,no_feasible_candidate,,
OVRPBLTW,657,no_feasible_candidate,,
OVRPBLTW,658,no_feasible_candidate,,
OVRPBLTW,659,no_feasible_candidate,,
OVRPBLTW,660,no_feasible_candidate,,
OVRPBLTW,661,no_feasible_candidate,,
OVRPBLTW,662,no_feasible_candidate,,
OVRPBLTW,663,no_feasible_candidate,,
OVRPBLTW,664,no_feasible_candidate,,
OVRPBLTW,665,no_feasible_candidate,,
OVRPBLTW,666,no_feasible_candidate,,
OVRPBLTW,667,ok,12.6145570250,17
OVRPBLTW,668,no_feasible_candidate,,
OVRPBLTW,669,no_feasible_candidate,,
OVRPBLTW,670,no_feasible_candidate,,
OVRPBLTW,671,no_feasible_candidate,,
OVRPBLTW,672,no_feasible_candidate,,
OVRPBLTW,673,no_feasible_candidate,,
OVRPBLTW,674,no_feasible_candidate,,
OVRPBLTW,675,no_feasible_candidate,,
OVRPBLTW,676,no_feasible_candidate,,
OVRPBLTW,677,no_feasible_candidate,,
OVRPBLTW,678,ok,15.0723724659,18
OVRPBLTW,679,no_feasible_candidate,,
OVRPBLTW,680,no_feasible_candidate,,
OVRPBLTW,681,no_feasible_candidate,,
OVRPBLTW,682,ok,11.9586742236,19
OVRPBLTW,683,no_feasible_candidate,,
OVRPBLTW,684,no_feasible_candidate,,
OVRPBLTW,685,ok,11.8099810564,17
OVRPBLTW,686,ok,10.1324053128,17
OVRPBLTW,687,ok,14.1630555360,20
OVRPBLTW,688,no_feasible_candidate,,
OVRPBLTW,689,ok,9.5800097636,14
OVRPBLTW,690,no_feasible_candidate,,
OVRPBLTW,691,no_feasible_candidate,,
OVRPBLTW,692,ok,9.5318212649,16
OVRPBLTW,693,no_feasible_candidate,,
OVRPBLTW,694,no_feasible_candidate,,
OVRPBLTW,695,no_feasible_candidate,,
OVRPBLTW,696,no_feasible_candidate,,
OVRPBLTW,697,no_feasible_candidate,,
OVRPBLTW,698,no_feasible_candidate,,
OVRPBLTW,699,no_feasible_candidate,,
OVRPBLTW,700,no_feasible_candidate,,
OVRPBLTW,701,no_feasible_candidate,,
OVRPBLTW,702,no_feasible_candidate,,
OVRPBLTW,703,no_feasible_candidate,,
OVRPBLTW,704,no_feasible_candidate,,
OVRPBLTW,705,no_feasible_candidate,,
OVRPBLTW,706,no_feasible_candidate,,
OVRPBLTW,707,ok,10.4599314794,16
OVRPBLTW,708,no_feasible_candidate,,
OVRPBLTW,709,no_feasible_candidate,,
OVRPBLTW,710,ok,17.5025824455,18
OVRPBLTW,711,no_feasible_candidate,,
OVRPBLTW,712,no_feasible_candidate,,
OVRPBLTW,713,no_feasible_candidate,,
OVRPBLTW,714,no_feasible_candidate,,
OVRPBLTW,715,no_feasible_candidate,,
OVRPBLTW,716,ok,10.6209874634,15
OVRPBLTW,717,no_feasible_candidate,,
OVRPBLTW,718,no_feasible_candidate,,
OVRPBLTW,719,no_feasible_candidate,,
OVRPBLTW,720,no_feasible_candidate,,
OVRPBLTW,721,no_feasible_candidate,,
OVRPBLTW,722,no_feasible_candidate,,
OVRPBLTW,723,ok,13.1272813569,19
OVRPBLTW,724,ok,10.2643492628,20
OVRPBLTW,725,no_feasible_candidate,,
OVRPBLTW,726,no_feasible_candidate,,
OVRPBLTW,727,no_feasible_candidate,,
OVRPBLTW,728,no_feasible_candidate,,
OVRPBLTW,729,no_feasible_candidate,,
OVRPBLTW,730,no_feasible_candidate,,
OVRPBLTW,731,no_feasible_candidate,,
OVRPBLTW,732,no_feasible_candidate,,
OVRPBLTW,733,no_feasible_candidate,,
OVRPBLTW,734,no_feasible_candidate,,
OVRPBLTW,735,ok,9.8513302190,15
OVRPBLTW,736,no_feasible_candidate,,
OVRPBLTW,737,no_feasible_candidate,,
OVRPBLTW,738,no_feasible_candidate,,
OVRPBLTW,739,ok,12.7065859200,19
OVRPBLTW,740,no_feasible_candidate,,
OVRPBLTW,741,no_feasible_candidate,,
OVRPBLTW,742,no_feasible_candidate,,
OVRPBLTW,743,no_feasible_candidate,,
OVRPBLTW,744,no_feasible_candidate,,
OVRPBLTW,745,no_feasible_candidate,,
OVRPBLTW,746,no_feasible_candidate,,
OVRPBLTW,747,no_feasible_candidate,,
OVRPBLTW,748,no_feasible_candidate,,
OVRPBLTW,749,no_feasible_candidate,,
OVRPBLTW,750,no_feasible_candidate,,
OVRPBLTW,751,no_feasible_candidate,,
OVRPBLTW,752,no_feasible_candidate,,
OVRPBLTW,753,no_feasible_candidate,,
OVRPBLTW,754,ok,12.3392482116,17
OVRPBLTW,755,no_feasible_candidate,,
OVRPBLTW,756,no_feasible_candidate,,
OVRPBLTW,757,no_feasible_candidate,,
OVRPBLTW,758,no_feasible_candidate,,
OVRPBLTW,759,no_feasible_candidate,,
OVRPBLTW,760,ok,11.1408374036,19
OVRPBLTW,761,no_feasible_candidate,,
OVRPBLTW,762,no_feasible_candidate,,
OVRPBLTW,763,no_feasible_candidate,,
OVRPBLTW,764,ok,14.2368477925,17
OVRPBLTW,765,no_feasible_candidate,,
OVRPBLTW,766,no_feasible_candidate,,
OVRPBLTW,767,no_feasible_candidate,,
OVRPBLTW,768,ok,14.6800604045,19
OVRPBLTW,769,no_feasible_candidate,,
OVRPBLTW,770,no_feasible_candidate,,
OVRPBLTW,771,ok,11.8833412866,17
OVRPBLTW,772,no_feasible_candidate,,
OVRPBLTW,773,no_feasible_candidate,,
OVRPBLTW,774,no_feasible_candidate,,
OVRPBLTW,775,no_feasible_candidate,,
OVRPBLTW,776,no_feasible_candidate,,
OVRPBLTW,777,no_feasible_candidate,,
OVRPBLTW,778,no_feasible_candidate,,
OVRPBLTW,779,no_feasible_candidate,,
OVRPBLTW,780,no_feasible_candidate,,
OVRPBLTW,781,no_feasible_candidate,,
OVRPBLTW,782,ok,14.5531386791,19
OVRPBLTW,783,no_feasible_candidate,,
OVRPBLTW,784,no_feasible_candidate,,
OVRPBLTW,785,no_feasible_candidate,,
OVRPBLTW,786,ok,12.9141094424,19
OVRPBLTW,787,no_feasible_candidate,,
OVRPBLTW,788,no_feasible_candidate,,
OVRPBLTW,789,ok,10.8995909109,15
OVRPBLTW,790,no_feasible_candidate,,
OVRPBLTW,791,no_feasible_candidate,,
OVRPBLTW,792,no_feasible_candidate,,
OVRPBLTW,793,ok,9.6554122834,17
OVRPBLTW,794,no_feasible_candidate,,
OVRPBLTW,795,ok,9.4007140645,14
OVRPBLTW,796,no_feasible_candidate,,
OVRPBLTW,797,no_feasible_candidate,,
OVRPBLTW,798,no_feasible_candidate,,
OVRPBLTW,799,ok,13.3815884113,18
OVRPBLTW,800,no_feasible_candidate,,
OVRPBLTW,801,ok,10.0695480660,19
OVRPBLTW,802,ok,9.8903873191,15
OVRPBLTW,803,ok,12.5326523129,17
OVRPBLTW,804,no_feasible_candidate,,
OVRPBLTW,805,ok,14.1858832950,15
OVRPBLTW,806,no_feasible_candidate,,
OVRPBLTW,807,no_feasible_candidate,,
OVRPBLTW,808,no_feasible_candidate,,
OVRPBLTW,809,no_feasible_candidate,,
OVRPBLTW,810,no_feasible_candidate,,
OVRPBLTW,811,no_feasible_candidate,,
OVRPBLTW,812,no_feasible_candidate,,
OVRPBLTW,813,no_feasible_candidate,,
OVRPBLTW,814,no_feasible_candidate,,
OVRPBLTW,815,ok,15.9055997738,22
OVRPBLTW,816,no_feasible_candidate,,
OVRPBLTW,817,no_feasible_candidate,,
OVRPBLTW,818,ok,11.8975949658,18
OVRPBLTW,819,no_feasible_candidate,,
OVRPBLTW,820,ok,10.4010549888,17
OVRPBLTW,821,no_feasible_candidate,,
OVRPBLTW,822,ok,10.4624166480,16
OVRPBLTW,823,no_feasible_candidate,,
OVRPBLTW,824,no_feasible_candidate,,
OVRPBLTW,825,no_feasible_candidate,,
OVRPBLTW,826,ok,13.9478612786,17
OVRPBLTW,827,ok,10.7536464413,18
OVRPBLTW,828,no_feasible_candidate,,
OVRPBLTW,829,ok,11.9226868255,16
OVRPBLTW,830,no_feasible_candidate,,
OVRPBLTW,831,no_feasible_candidate,,
OVRPBLTW,832,no_feasible_candidate,,
OVRPBLTW,833,ok,14.2945361372,22
OVRPBLTW,834,no_feasible_candidate,,
OVRPBLTW,835,ok,11.7876423731,20
OVRPBLTW,836,no_feasible_candidate,,
OVRPBLTW,837,no_feasible_candidate,,
OVRPBLTW,838,no_feasible_candidate,,
OVRPBLTW,839,ok,16.7784987050,18
OVRPBLTW,840,no_feasible_candidate,,
OVRPBLTW,841,no_feasible_candidate,,
OVRPBLTW,842,no_feasible_candidate,,
OVRPBLTW,843,no_feasible_candidate,,
OVRPBLTW,844,no_feasible_candidate,,
OVRPBLTW,845,no_feasible_candidate,,
OVRPBLTW,846,no_feasible_candidate,,
OVRPBLTW,847,ok,12.3485907480,19
OVRPBLTW,848,no_feasible_candidate,,
OVRPBLTW,849,no_feasible_candidate,,
OVRPBLTW,850,no_feasible_candidate,,
OVRPBLTW,851,no_feasible_candidate,,
OVRPBLTW,852,no_feasible_candidate,,
OVRPBLTW,853,ok,12.3744272461,15
OVRPBLTW,854,no_feasible_candidate,,
OVRPBLTW,855,no_feasible_candidate,,
OVRPBLTW,856,no_feasible_candidate,,
OVRPBLTW,857,no_feasible_candidate,,
OVRPBLTW,858,no_feasible_candidate,,
OVRPBLTW,859,no_feasible_candidate,,
OVRPBLTW,860,no_feasible_candidate,,
OVRPBLTW,861,no_feasible_candidate,,
OVRPBLTW,862,no_feasible_candidate,,
OVRPBLTW,863,no_feasible_candidate,,
OVRPBLTW,864,no_feasible_candidate,,
OVRPBLTW,865,no_feasible_candidate,,
OVRPBLTW,866,no_feasible_candidate,,
OVRPBLTW,867,no_feasible_candidate,,
OVRPBLTW,868,no_feasible_candidate,,
OVRPBLTW,869,no_feasible_candidate,,
OVRPBLTW,870,no_feasible_candidate,,
OVRPBLTW,871,no_feasible_candidate,,
OVRPBLTW,872,no_feasible_candidate,,
OVRPBLTW,873,no_feasible_candidate,,
OVRPBLTW,874,no_feasible_candidate,,
OVRPBLTW,875,no_feasible_candidate,,
OVRPBLTW,876,no_feasible_candidate,,
OVRPBLTW,877,no_feasible_candidate,,
OVRPBLTW,878,no_feasible_candidate,,
OVRPBLTW,879,no_feasible_candidate,,
OVRPBLTW,880,no_feasible_candidate,,
OVRPBLTW,881,no_feasible_candidate,,
OVRPBLTW,882,ok,10.0444126911,19
OVRPBLTW,883,no_feasible_candidate,,
OVRPBLTW,884,no_feasible_candidate,,
OVRPBLTW,885,no_feasible_candidate,,
OVRPBLTW,886,no_feasible_candidate,,
OVRPBLTW,887,no_feasible_candidate,,
OVRPBLTW,888,no_feasible_candidate,,
OVRPBLTW,889,no_feasible_candidate,,
OVRPBLTW,890,no_feasible_candidate,,
OVRPBLTW,891,no_feasible_candidate,,
OVRPBLTW,892,no_feasible_candidate,,
OVRPBLTW,893,ok,12.5340253023,20
OVRPBLTW,894,ok,12.8619203003,18
OVRPBLTW,895,no_feasible_candidate,,
OVRPBLTW,896,no_feasible_candidate,,
OVRPBLTW,897,no_feasible_candidate,,
OVRPBLTW,898,ok,10.2624738834,14
OVRPBLTW,899,no_feasible_candidate,,
OVRPBLTW,900,no_feasible_candidate,,
OVRPBLTW,901,ok,15.2191770594,17
OVRPBLTW,902,no_feasible_candidate,,
OVRPBLTW,903,no_feasible_candidate,,
OVRPBLTW,904,no_feasible_candidate,,
OVRPBLTW,905,no_feasible_candidate,,
OVRPBLTW,906,no_feasible_candidate,,
OVRPBLTW,907,no_feasible_candidate,,
OVRPBLTW,908,no_feasible_candidate,,
OVRPBLTW,909,ok,11.1346137535,13
OVRPBLTW,910,no_feasible_candidate,,
OVRPBLTW,911,no_feasible_candidate,,
OVRPBLTW,912,no_feasible_candidate,,
OVRPBLTW,913,ok,11.5342609201,16
OVRPBLTW,914,no_feasible_candidate,,
OVRPBLTW,915,no_feasible_candidate,,
OVRPBLTW,916,no_feasible_candidate,,
OVRPBLTW,917,no_feasible_candidate,,
OVRPBLTW,918,no_feasible_candidate,,
OVRPBLTW,919,no_feasible_candidate,,
OVRPBLTW,920,no_feasible_candidate,,
OVRPBLTW,921,ok,8.8844984239,15
OVRPBLTW,922,no_feasible_candidate,,
OVRPBLTW,923,ok,11.0043414367,16
OVRPBLTW,924,no_feasible_candidate,,
OVRPBLTW,925,ok,13.1882093955,21
OVRPBLTW,926,no_feasible_candidate,,
OVRPBLTW,927,no_feasible_candidate,,
OVRPBLTW,928,ok,8.9760727737,15
OVRPBLTW,929,no_feasible_candidate,,
OVRPBLTW,930,no_feasible_candidate,,
OVRPBLTW,931,ok,13.2594068666,17
OVRPBLTW,932,no_feasible_candidate,,
OVRPBLTW,933,no_feasible_candidate,,
OVRPBLTW,934,ok,15.0162700811,19
OVRPBLTW,935,no_feasible_candidate,,
OVRPBLTW,936,no_feasible_candidate,,
OVRPBLTW,937,no_feasible_candidate,,
OVRPBLTW,938,no_feasible_candidate,,
OVRPBLTW,939,no_feasible_candidate,,
OVRPBLTW,940,no_feasible_candidate,,
OVRPBLTW,941,no_feasible_candidate,,
OVRPBLTW,942,no_feasible_candidate,,
OVRPBLTW,943,no_feasible_candidate,,
OVRPBLTW,944,no_feasible_candidate,,
OVRPBLTW,945,no_feasible_candidate,,
OVRPBLTW,946,ok,10.8283273562,17
OVRPBLTW,947,no_feasible_candidate,,
OVRPBLTW,948,no_feasible_candidate,,
OVRPBLTW,949,no_feasible_candidate,,
OVRPBLTW,950,no_feasible_candidate,,
OVRPBLTW,951,no_feasible_candidate,,
OVRPBLTW,952,no_feasible_candidate,,
OVRPBLTW,953,no_feasible_candidate,,
OVRPBLTW,954,no_feasible_candidate,,
OVRPBLTW,955,no_feasible_candidate,,
OVRPBLTW,956,no_feasible_candidate,,
OVRPBLTW,957,no_feasible_candidate,,
OVRPBLTW,958,no_feasible_candidate,,
OVRPBLTW,959,no_feasible_candidate,,
OVRPBLTW,960,no_feasible_candidate,,
OVRPBLTW,961,no_feasible_candidate,,
OVRPBLTW,962,no_feasible_candidate,,
OVRPBLTW,963,no_feasible_candidate,,
OVRPBLTW,964,no_feasible_candidate,,
OVRPBLTW,965,ok,14.3115407710,17
OVRPBLTW,966,no_feasible_candidate,,
OVRPBLTW,967,no_feasible_candidate,,
OVRPBLTW,968,no_feasible_candidate,,
OVRPBLTW,969,no_feasible_candidate,,
OVRPBLTW,970,no_feasible_candidate,,
OVRPBLTW,971,no_feasible_candidate,,
OVRPBLTW,972,no_feasible_candidate,,
OVRPBLTW,973,ok,13.8408847404,19
OVRPBLTW,974,no_feasible_candidate,,
OVRPBLTW,975,no_feasible_candidate,,
OVRPBLTW,976,no_feasible_candidate,,
OVRPBLTW,977,no_feasible_candidate,,
OVRPBLTW,978,no_feasible_candidate,,
OVRPBLTW,979,no_feasible_candidate,,
OVRPBLTW,980,ok,11.5174033523,19
OVRPBLTW,981,no_feasible_candidate,,
OVRPBLTW,982,no_feasible_candidate,,
OVRPBLTW,983,no_feasible_candidate,,
OVRPBLTW,984,no_feasible_candidate,,
OVRPBLTW,985,no_feasible_candidate,,
OVRPBLTW,986,no_feasible_candidate,,
OVRPBLTW,987,no_feasible_candidate,,
OVRPBLTW,988,no_feasible_candidate,,
OVRPBLTW,989,no_feasible_candidate,,
OVRPBLTW,990,no_feasible_candidate,,
OVRPBLTW,991,no_feasible_candidate,,
OVRPBLTW,992,no_feasible_candidate,,
OVRPBLTW,993,no_feasible_candidate,,
OVRPBLTW,994,no_feasible_candidate,,
OVRPBLTW,995,no_feasible_candidate,,
OVRPBLTW,996,no_feasible_candidate,,
OVRPBLTW,997,ok,11.3525010586,14
OVRPBLTW,998,ok,14.6640525597,19
OVRPBLTW,999,no_feasible_candidate,,
