problem,instance,status,cost,vehicles
CVRP,0,ok,10.4241435841,7
CVRP,1,ok,13.2079820918,7
CVRP,2,ok,13.7436752437,7
CVRP,3,ok,10.1125231048,7
CVRP,4,ok,10.3713311392,7
CVRP,5,ok,9.4567565340,7
CVRP,6,ok,9.5443993614,7
CVRP,7,ok,7.7360928268,6
CVRP,8,ok,12.0358304298,6
CVRP,9,ok,11.8140361728,8
CVRP,10,ok,11.4795176059,8
CVRP,11,ok,11.5147632923,7
CVRP,12,ok,12.1849420184,6
CVRP,13,ok,10.7882400941,8
CVRP,14,ok,9.5299603580,7
CVRP,15,ok,10.8348130792,8
CVRP,16,ok,9.0063183144,6
CVRP,17,ok,11.6267250335,7
CVRP,18,ok,10.2913106550,7
CVRP,19,ok,10.5591955330,7
CVRP,20,ok,10.0479271936,7
CVRP,21,ok,10.2420400067,7
CVRP,22,ok,13.3244296433,7
CVRP,23,ok,9.6422503537,6
CVRP,24,ok,11.3683707639,7
CVRP,25,ok,11.4518599401,7
CVRP,26,ok,8.9513411873,6
CVRP,27,ok,11.7793875676,7
CVRP,28,ok,10.0216900271,8
CVRP,29,ok,9.4181523257,7
CVRP,30,ok,9.2541965270,6
CVRP,31,ok,12.7726604561,7
CVRP,32,ok,10.9599636873,7
CVRP,33,ok,11.0249871826,8
CVRP,34,ok,10.4770178186,6
CVRP,35,ok,10.2129255085,6
CVRP,36,ok,9.3375354944,8
CVRP,37,ok,10.1269895068,8
CVRP,38,ok,11.9403196327,8
CVRP,39,ok,11.5440127742,7
CVRP,40,ok,11.3239555448,7
CVRP,41,ok,11.2066641830,6
CVRP,42,ok,10.8660476128,7
CVRP,43,ok,11.8743689957,7
CVRP,44,ok,10.9353706896,7
CVRP,45,ok,11.3164382231,6
CVRP,46,ok,10.7723051709,7
CVRP,47,ok,10.2933334789,7
CVRP,48,ok,11.7561277435,7
CVRP,49,ok,10.4824534586,7
CVRP,50,ok,8.7471609143,6
CVRP,51,ok,10.1891465333,7
CVRP,52,ok,11.5010291594,8
CVRP,53,ok,9.7475558253,8
CVRP,54,ok,12.4844557268,7
CVRP,55,ok,12.0397185393,8
CVRP,56,ok,11.6359424584,7
CVRP,57,ok,11.2526029348,7
CVRP,58,ok,9.4605576550,7
CVRP,59,ok,11.4045850728,7
CVRP,60,ok,8.7442372065,6
CVRP,61,ok,12.3106599710,8
CVRP,62,ok,10.6361189962,6
CVRP,63,ok,9.4457361989,7
CVRP,64,ok,11.4499592508,7
CVRP,65,ok,9.8808807192,7
CVRP,66,ok,11.5215004580,8
CVRP,67,ok,11.5509559497,7
CVRP,68,ok,11.1198914218,9
CVRP,69,ok,10.9452186278,7
CVRP,70,ok,9.8972728024,7
CVRP,71,ok,11.6263148541,8
CVRP,72,ok,9.9475723898,7
CVRP,73,ok,13.9204834474,7
CVRP,74,ok,9.5341003642,6
CVRP,75,ok,9.6818249423,7
CVRP,76,ok,10.2057838360,9
CVRP,77,ok,10.1902871941,9
CVRP,78,ok,9.9312419982,7
CVRP,79,ok,11.8468787307,8
CVRP,80,ok,11.6214890870,6
CVRP,81,ok,9.3260012737,7
CVRP,82,ok,11.4853374641,7
CVRP,83,ok,11.9903754260,8
CVRP,84,ok,12.7102125397,7
CVRP,85,ok,12.4921695028,8
CVRP,86,ok,10.9162890772,7
CVRP,87,ok,10.9205971769,8
CVRP,88,ok,13.6682159552,8
CVRP,89,ok,12.7246200579,7
CVRP,90,ok,9.8098620588,7
CVRP,91,ok,11.1585019387,7
CVRP,92,ok,9.2441400511,7
CVRP,93,ok,11.2273594806,7
CVRP,94,ok,10.8007181548,7
CVRP,95,ok,11.0028870870,8
CVRP,96,ok,11.9242556776,7
CVRP,97,ok,12.2049410646,7
CVRP,98,ok,10.2687200551,8
CVRP,99,ok,12.4820353317,7
CVRP,100,ok,9.7447896670,7
CVRP,101,ok,11.1411350155,7
CVRP,102,ok,13.0646175064,8
CVRP,103,ok,8.8265143508,7
CVRP,104,ok,10.0602608983,8
CVRP,105,ok,9.1299263756,7
CVRP,106,ok,11.2946716248,8
CVRP,107,ok,11.2122413720,6
CVRP,108,ok,8.1401890605,6
CVRP,109,ok,12.7191155877,7
CVRP,110,ok,12.0337295884,7
CVRP,111,ok,11.0823194693,7
CVRP,112,ok,10.3570400102,7
CVRP,113,ok,12.8648247742,7
CVRP,114,ok,12.3355642200,7
CVRP,115,ok,9.4914877349,7
CVRP,116,ok,10.9751356910,6
CVRP,117,ok,12.9317409215,7
CVRP,118,ok,10.6044620371,8
CVRP,119,ok,10.9800128599,7
CVRP,120,ok,8.6961182414,7
CVRP,121,ok,10.7108522904,7
CVRP,122,ok,10.8178900922,7
CVRP,123,ok,10.7417485033,7
CVRP,124,ok,12.5521098196,7
CVRP,125,ok,11.1804822723,6
CVRP,126,ok,9.9118266000,8
CVRP,127,ok,10.5165568651,7
CVRP,128,ok,12.0761459571,7
CVRP,129,ok,10.4053766312,7
CVRP,130,ok,11.2736943420,8
CVRP,131,ok,13.0245238103,8
CVRP,132,ok,9.8784316415,8
CVRP,133,ok,12.0127413483,8
CVRP,134,ok,9.8539573588,7
CVRP,135,ok,10.5563243204,7
CVRP,136,ok,10.8088353392,7
CVRP,137,ok,11.1256044437,8
CVRP,138,ok,9.7665165116,7
CVRP,139,ok,9.4185733288,8
CVRP,140,ok,10.5782713864,7
CVRP,141,ok,12.7820981172,7
CVRP,142,ok,12.9476680066,7
CVRP,143,ok,9.8734962718,7
CVRP,144,ok,11.2434880005,8
CVRP,145,ok,11.0615030924,7
CVRP,146,ok,11.7062868337,7
CVRP,147,ok,8.5489325268,7
CVRP,148,ok,11.7875149587,7
CVRP,149,ok,14.0398525010,7
CVRP,150,ok,12.0861759207,7
CVRP,151,ok,11.7571105832,7
CVRP,152,ok,11.7371776851,6
CVRP,153,ok,10.7652070212,7
CVRP,154,ok,11.9609379305,7
CVRP,155,ok,10.0746680717,7
CVRP,156,ok,11.7474528678,7
CVRP,157,ok,10.7278994606,7
CVRP,158,ok,10.8325562732,8
CVRP,159,ok,14.6283537148,7
CVRP,160,ok,10.3605424615,7
CVRP,161,ok,8.8906879036,7
CVRP,162,ok,10.9870040533,7
CVRP,163,ok,10.4687993694,7
CVRP,164,ok,10.3836490811,7
CVRP,165,ok,8.9647047004,7
CVRP,166,ok,9.7237157838,6
CVRP,167,ok,9.7495655360,7
CVRP,168,ok,10.7744501616,8
CVRP,169,ok,12.2157295510,8
CVRP,170,ok,10.5835524405,7
CVRP,171,ok,9.3520631646,8
CVRP,172,ok,11.4593818275,6
CVRP,173,ok,12.1347058789,8
CVRP,174,ok,12.9721552339,8
CVRP,175,ok,9.9842373434,6
CVRP,176,ok,11.4589091069,7
CVRP,177,ok,10.7362952073,8
CVRP,178,ok,10.1252589146,7
CVRP,179,ok,11.7326267572,7
CVRP,180,ok,8.7862293354,8
CVRP,181,ok,9.5917737401,7
CVRP,182,ok,11.3767919374,8
CVRP,183,ok,11.3275106431,7
CVRP,184,ok,13.8096735647,7
CVRP,185,ok,9.9016773981,6
CVRP,186,ok,12.3787861694,8
CVRP,187,ok,9.4336938947,8
CVRP,188,ok,13.7446985903,8
CVRP,189,ok,10.5178890100,7
CVRP,190,ok,9.5538869016,6
CVRP,191,ok,11.4354639208,8
CVRP,192,ok,9.0649965914,6
CVRP,193,ok,10.1408761811,6
CVRP,194,ok,11.0824559504,7
CVRP,195,ok,9.8668811983,8
CVRP,196,ok,11.4080515863,7
CVRP,197,ok,9.5785036000,6
CVRP,198,ok,12.4207682650,8
CVRP,199,ok,11.6664108338,7
CVRP,200,ok,10.0607513410,7
CVRP,201,ok,8.7800885975,8
CVRP,202,ok,10.5215898364,7
CVRP,203,ok,10.0449004302,7
CVRP,204,ok,10.1083117200,7
CVRP,205,ok,9.0785543269,7
CVRP,206,ok,12.2018269874,8
CVRP,207,ok,9.6225891191,7
CVRP,208,ok,10.4291771594,7
CVRP,209,ok,10.0666456412,7
CVRP,210,ok,9.1626170123,6
CVRP,211,ok,9.8404345436,8
CVRP,212,ok,11.0457497644,7
CVRP,213,ok,10.1088977662,7
CVRP,214,ok,10.5773642192,6
CVRP,215,ok,9.6600619466,6
CVRP,216,ok,9.6267900896,8
CVRP,217,ok,8.7651163251,7
CVRP,218,ok,13.0109098036,7
CVRP,219,ok,8.3502809257,7
CVRP,220,ok,9.9410924372,6
CVRP,221,ok,11.0119595572,7
CVRP,222,ok,12.0053329940,7
CVRP,223,ok,14.1850732682,8
CVRP,224,ok,12.5172048472,6
CVRP,225,ok,9.6887718547,7
CVRP,226,ok,9.2389132613,7
CVRP,227,ok,13.3063140606,8
CVRP,228,ok,11.1367124998,7
CVRP,229,ok,12.4388296825,8
CVRP,230,ok,10.1860465966,7
CVRP,231,ok,11.4302242955,7
CVRP,232,ok,11.0157726536,7
CVRP,233,ok,12.3800632695,8
CVRP,234,ok,8.6499474629,7
CVRP,235,ok,10.1682206958,7
CVRP,236,ok,10.1770386419,7
CVRP,237,ok,12.6852601204,7
CVRP,238,ok,10.7195351603,7
CVRP,239,ok,11.1737964313,7
CVRP,240,ok,8.2915307136,7
CVRP,241,ok,10.6627005502,8
CVRP,242,ok,12.1872885821,9
CVRP,243,ok,11.4648389781,7
CVRP,244,ok,9.6679995321,7
CVRP,245,ok,10.5343695671,7
CVRP,246,ok,10.2948289081,7
CVRP,247,ok,9.3648180852,6
CVRP,248,ok,11.0878997009,7
CVRP,249,ok,11.0375854878,7
CVRP,250,ok,9.2681177201,7
CVRP,251,ok,10.7660282135,7
CVRP,252,ok,9.5842895804,8
CVRP,253,ok,11.0055373866,8
CVRP,254,ok,10.3338671183,6
CVRP,255,ok,11.1249464283,7
CVRP,256,ok,10.7211306905,8
CVRP,257,ok,9.5831182530,7
CVRP,258,ok,9.7235539429,6
CVRP,259,ok,11.5537601199,7
CVRP,260,ok,8.2181680612,7
CVRP,261,ok,8.5681104522,8
CVRP,262,ok,9.4415609445,6
CVRP,263,ok,9.7216871620,8
CVRP,264,ok,10.9617839271,7
CVRP,265,ok,8.6068195933,7
CVRP,266,ok,13.9653097261,7
CVRP,267,ok,11.7030104883,7
CVRP,268,ok,9.7541823520,8
CVRP,269,ok,10.4381219320,7
CVRP,270,ok,10.8479383940,6
CVRP,271,ok,10.4486448168,8
CVRP,272,ok,12.9147140867,7
CVRP,273,ok,9.5339615977,7
CVRP,274,ok,9.4937580016,7
CVRP,275,ok,10.0564834087,7
CVRP,276,ok,12.0033355237,7
CVRP,277,ok,8.8224087883,6
CVRP,278,ok,11.6704211862,8
CVRP,279,ok,7.9953033072,6
CVRP,280,ok,8.9591946810,7
CVRP,281,ok,10.4690957356,8
CVRP,282,ok,11.0634884702,7
CVRP,283,ok,10.0912615960,8
CVRP,284,ok,12.9687555891,7
CVRP,285,ok,10.4564984597,7
CVRP,286,ok,12.9749565072,7
CVRP,287,ok,12.8785505884,7
CVRP,288,ok,9.1012483726,7
CVRP,289,ok,10.4138982296,7
CVRP,290,ok,11.1821324619,7
CVRP,291,ok,14.0811085232,8
CVRP,292,ok,11.0746714804,8
CVRP,293,ok,9.0153883332,7
CVRP,294,ok,10.4368202366,8
CVRP,295,ok,11.4866070598,7
CVRP,296,ok,9.4630262244,6
CVRP,297,ok,9.0239377421,7
CVRP,298,ok,10.4754472073,7
CVRP,299,ok,9.3432801584,8
CVRP,300,ok,11.8840409982,7
CVRP,301,ok,9.3455497097,7
CVRP,302,ok,10.0869857367,7
CVRP,303,ok,10.5709551244,7
CVRP,304,ok,10.5597611881,7
CVRP,305,ok,9.4910521887,7
CVRP,306,ok,12.4798280106,7
CVRP,307,ok,9.6375026735,7
CVRP,308,ok,10.1430516110,8
CVRP,309,ok,11.1043662504,7
CVRP,310,ok,11.9744667321,7
CVRP,311,ok,10.7158740650,8
CVRP,312,ok,12.5503035755,8
CVRP,313,ok,8.8984785797,7
CVRP,314,ok,13.8033854048,7
CVRP,315,ok,13.3189830337,7
CVRP,316,ok,10.6949336551,7
CVRP,317,ok,11.7075773000,7
CVRP,318,ok,10.5824302674,7
CVRP,319,ok,9.9148211150,7
CVRP,320,ok,10.3187390616,7
CVRP,321,ok,10.8679140046,6
CVRP,322,ok,11.1133421493,7
CVRP,323,ok,12.0336653867,6
CVRP,324,ok,12.8964243718,8
CVRP,325,ok,9.2645501801,7
CVRP,326,ok,10.7343890365,7
CVRP,327,ok,11.6537006707,7
CVRP,328,ok,12.1708638668,8
CVRP,329,ok,12.6296581189,7
CVRP,330,ok,12.8742266062,7
CVRP,331,ok,12.8438600903,7
CVRP,332,ok,12.6332019041,7
CVRP,333,ok,8.7138071057,8
CVRP,334,ok,10.3483354804,7
CVRP,335,ok,9.6548776108,7
CVRP,336,ok,10.4828805860,7
CVRP,337,ok,11.1699298844,8
CVRP,338,ok,12.1014336908,8
CVRP,339,ok,10.2753694617,7
CVRP,340,ok,11.0152891657,7
CVRP,341,ok,12.2030341730,8
CVRP,342,ok,10.9398173820,8
CVRP,343,ok,9.4861413028,7
CVRP,344,ok,11.1547711913,6
CVRP,345,ok,9.8086562132,8
CVRP,346,ok,10.8182584658,7
CVRP,347,ok,12.9511404508,8
CVRP,348,ok,9.4718925909,8
CVRP,349,ok,10.1394001411,7
CVRP,350,ok,11.4985238873,8
CVRP,351,ok,10.0886030931,7
CVRP,352,ok,11.0494450206,8
CVRP,353,ok,9.8341587753,7
CVRP,354,ok,11.9767028384,7
CVRP,355,ok,10.2384546823,7
CVRP,356,ok,12.4893848711,7
CVRP,357,ok,11.8269818181,8
CVRP,358,ok,12.1167374992,7
CVRP,359,ok,9.9053800634,7
CVRP,360,ok,8.7746387176,8
CVRP,361,ok,9.7330416375,7
CVRP,362,ok,14.7432624656,9
CVRP,363,ok,10.0043874771,7
CVRP,364,ok,11.4228075620,7
CVRP,365,ok,12.1194731685,7
CVRP,366,ok,11.0181888050,7
CVRP,367,ok,9.7123035223,7
CVRP,368,ok,11.4579953171,7
CVRP,369,ok,8.7954263381,7
CVRP,370,ok,9.8730389846,6
CVRP,371,ok,12.2736381728,7
CVRP,372,ok,9.8589486810,7
CVRP,373,ok,10.1208088068,7
CVRP,374,ok,12.6911751738,7
CVRP,375,ok,11.0640909271,7
CVRP,376,ok,12.0689145054,7
CVRP,377,ok,10.2947051945,6
CVRP,378,ok,13.3540392282,8
CVRP,379,ok,9.3832792251,6
CVRP,380,ok,10.8944950662,8
CVRP,381,ok,12.0426944958,8
CVRP,382,ok,9.6153158028,6
CVRP,383,ok,10.8221861263,6
CVRP,384,ok,10.0136274802,7
CVRP,385,ok,12.1511726161,7
CVRP,386,ok,11.4528672692,6
CVRP,387,ok,8.1373969636,6
CVRP,388,ok,9.7654387641,7
CVRP,389,ok,10.3018252536,8
CVRP,390,ok,9.1907136737,7
CVRP,391,ok,12.5962194881,7
CVRP,392,ok,13.1674694304,8
CVRP,393,ok,9.8601691265,7
CVRP,394,ok,10.9894625702,6
CVRP,395,ok,10.9596545901,7
CVRP,396,ok,9.1338565680,6
CVRP,397,ok,9.7091662215,7
CVRP,398,ok,11.5697387198,7
CVRP,399,ok,11.1508747039,6
CVRP,400,ok,12.2643238813,7
CVRP,401,ok,9.6877737056,6
CVRP,402,ok,10.0446663815,7
CVRP,403,ok,10.6795055762,7
CVRP,404,ok,9.5540182588,8
CVRP,405,ok,11.9568197060,7
CVRP,406,ok,10.1757223688,8
CVRP,407,ok,11.4904229889,8
CVRP,408,ok,12.9735863642,7
CVRP,409,ok,10.0117214869,8
CVRP,410,ok,10.9836843519,7
CVRP,411,ok,9.7158858611,7
CVRP,412,ok,10.1239087565,7
CVRP,413,ok,9.0594706532,7
CVRP,414,ok,13.4187482705,7
CVRP,415,ok,9.8115462063,7
CVRP,416,ok,10.9912999463,7
CVRP,417,ok,9.1899485138,7
CVRP,418,ok,11.7642033251,7
CVRP,419,ok,10.5207182154,7
CVRP,420,ok,9.4018476106,7
CVRP,421,ok,13.4136098856,7
CVRP,422,ok,11.5129756506,7
CVRP,423,ok,10.1276861548,7
CVRP,424,ok,11.5387876621,7
CVRP,425,ok,8.6794555719,8
CVRP,426,ok,9.7086818457,7
CVRP,427,ok,12.1422525463,7
CVRP,428,ok,9.5022865032,6
CVRP,429,ok,10.0866426395,8
CVRP,430,ok,11.8345108486,7
CVRP,431,ok,9.8359676273,7
CVRP,432,ok,10.5365736775,7
CVRP,433,ok,11.4756968490,8
CVRP,434,ok,10.1419032191,7
CVRP,435,ok,11.8493432868,6
CVRP,436,ok,11.2663560404,7
CVRP,437,ok,10.9707900992,7
CVRP,438,ok,9.4660501242,7
CVRP,439,ok,12.1357101587,7
CVRP,440,ok,11.8609869014,7
CVRP,441,ok,13.2547605298,7
CVRP,442,ok,12.3771484196,8
CVRP,443,ok,10.1951157206,7
CVRP,444,ok,10.6435867230,7
CVRP,445,ok,11.7876949997,7
CVRP,446,ok,11.0301578626,6
CVRP,447,ok,11.3002187385,7
CVRP,448,ok,11.4978531038,7
CVRP,449,ok,11.7596002638,8
CVRP,450,ok,11.4927206342,7
CVRP,451,ok,9.8853321937,7
CVRP,452,ok,11.0349183588,7
CVRP,453,ok,11.6398408656,8
CVRP,454,ok,10.5742481888,7
CVRP,455,ok,10.6010110973,7
CVRP,456,ok,12.4873735946,8
CVRP,457,ok,9.4205336562,6
CVRP,458,ok,11.0432164985,6
CVRP,459,ok,11.2067256964,7
CVRP,460,ok,11.5795261406,7
CVRP,461,ok,12.2602238050,6
CVRP,462,ok,9.7143265342,7
CVRP,463,ok,9.8200267576,7
CVRP,464,ok,11.3765031350,7
CVRP,465,ok,9.2793963334,7
CVRP,466,ok,9.8044751377,6
CVRP,467,ok,10.7676012320,8
CVRP,468,ok,9.3046127010,7
CVRP,469,ok,10.2824122361,8
CVRP,470,ok,11.5976602665,7
CVRP,471,ok,9.1077390862,8
CVRP,472,ok,11.5807002469,7
CVRP,473,ok,10.2438886308,8
CVRP,474,ok,10.4434646200,7
CVRP,475,ok,8.5473460375,6
CVRP,476,ok,9.8462441029,7
CVRP,477,ok,10.3517661445,7
CVRP,478,ok,11.7392259882,7
CVRP,479,ok,10.8714089005,8
CVRP,480,ok,10.4058690375,8
CVRP,481,ok,9.9828840431,7
CVRP,482,ok,11.1234770130,7
CVRP,483,ok,13.8877347450,7
CVRP,484,ok,10.8517161725,7
CVRP,485,ok,11.0244229172,6
CVRP,486,ok,9.0611004792,7
CVRP,487,ok,10.5923445163,7
CVRP,488,ok,9.0276849373,8
CVRP,489,ok,13.3791853766,7
CVRP,490,ok,11.4997074685,8
CVRP,491,ok,13.3725816404,7
CVRP,492,ok,10.5829110742,7
CVRP,493,ok,9.5268033946,8
CVRP,494,ok,12.0841375958,8
CVRP,495,ok,9.9930026349,7
CVRP,496,ok,10.1805353743,9
CVRP,497,ok,9.5028784212,7
CVRP,498,ok,11.5026745403,8
CVRP,499,ok,11.4259105650,7
CVRP,500,ok,10.6644150037,7
CVRP,501,ok,10.1355547460,7
CVRP,502,ok,10.6843011395,7
CVRP,503,ok,10.0007639857,7
CVRP,504,ok,9.6144109574,7
CVRP,505,ok,9.5260140249,8
CVRP,506,ok,12.3369261511,8
CVRP,507,ok,9.2357201000,7
CVRP,508,ok,14.7540930642,8
CVRP,509,ok,9.9298709788,7
CVRP,510,ok,10.1484750844,7
CVRP,511,ok,10.2225373364,6
CVRP,512,ok,11.2658610659,7
CVRP,513,ok,10.4711741624,8
CVRP,514,ok,9.0165051482,7
CVRP,515,ok,12.3862711881,7
CVRP,516,ok,10.1141193527,7
CVRP,517,ok,11.7334820151,7
CVRP,518,ok,10.9765806509,7
CVRP,519,ok,10.9429561714,7
CVRP,520,ok,12.0874589048,7
CVRP,521,ok,9.6520848301,7
CVRP,522,ok,9.2593809493,8
CVRP,523,ok,11.1493563100,6
CVRP,524,ok,9.9266534052,7
CVRP,525,ok,12.0728915679,7
CVRP,526,ok,9.2882749943,8
CVRP,527,ok,11.4090858920,8
CVRP,528,ok,9.7976701422,7
CVRP,529,ok,12.7643904145,7
CVRP,530,ok,10.0922291592,7
CVRP,531,ok,10.4150011609,8
CVRP,532,ok,10.0829474398,8
CVRP,533,ok,10.7902276372,7
CVRP,534,ok,10.2574630708,7
CVRP,535,ok,9.2949828485,7
CVRP,536,ok,9.9823900640,7
CVRP,537,ok,8.9785673903,7
CVRP,538,ok,12.9153306118,8
CVRP,539,ok,8.7291938044,6
CVRP,540,ok,12.4210235656,8
CVRP,541,ok,12.7611906451,8
CVRP,542,ok,8.6917470820,6
CVRP,543,ok,9.7444965020,8
CVRP,544,ok,11.9616009898,8
CVRP,545,ok,9.1659948554,7
CVRP,546,ok,9.1697604479,6
CVRP,547,ok,10.8161085973,6
CVRP,548,ok,10.0037960702,6
CVRP,549,ok,15.3520522962,8
CVRP,550,ok,10.0324458846,7
CVRP,551,ok,10.2159658882,6
CVRP,552,ok,14.0864466702,8
CVRP,553,ok,15.1870390969,7
CVRP,554,ok,9.7093357277,6
CVRP,555,ok,11.3678720638,6
CVRP,556,ok,10.4044531822,6
CVRP,557,ok,11.3727323652,8
CVRP,558,ok,10.4603092735,7
CVRP,559,ok,12.2546131539,8
CVRP,560,ok,9.6467078197,7
CVRP,561,ok,10.8213588367,8
CVRP,562,ok,10.0726789530,7
CVRP,563,ok,11.5419789970,8
CVRP,564,ok,11.6266514201,8
CVRP,565,ok,9.1070182444,7
CVRP,566,ok,10.9380300441,6
CVRP,567,ok,11.4917533815,8
CVRP,568,ok,11.1382303348,7
CVRP,569,ok,8.7299961338,6
CVRP,570,ok,11.2459932405,7
CVRP,571,ok,12.0394982847,7
CVRP,572,ok,13.0603427248,7
CVRP,573,ok,10.0519502979,7
CVRP,574,ok,11.0609661584,7
CVRP,575,ok,8.6488660334,7
CVRP,576,ok,9.5634183581,7
CVRP,577,ok,9.6547582606,7
CVRP,578,ok,10.7566504718,7
CVRP,579,ok,9.3934129853,8
CVRP,580,ok,8.9900239659,6
CVRP,581,ok,10.0857265938,8
CVRP,582,ok,11.3599537214,7
CVRP,583,ok,9.7360320430,7
CVRP,584,ok,13.6291747061,7
CVRP,585,ok,9.7696418041,7
CVRP,586,ok,12.1271526724,7
CVRP,587,ok,11.2745980526,7
CVRP,588,ok,11.1615736004,7
CVRP,589,ok,10.6949581007,7
CVRP,590,ok,10.4779661965,6
CVRP,591,ok,11.3343515790,7
CVRP,592,ok,10.9261242936,7
CVRP,593,ok,10.2338314801,6
CVRP,594,ok,10.5300137133,8
CVRP,595,ok,9.8762009785,7
CVRP,596,ok,10.1200250029,6
CVRP,597,ok,10.5176316561,7
CVRP,598,ok,11.6434474241,7
CVRP,599,ok,9.7674709071,7
CVRP,600,ok,12.7473875959,7
CVRP,601,ok,9.6268335249,7
CVRP,602,ok,8.9015749747,7
CVRP,603,ok,10.7845779973,6
CVRP,604,ok,12.7464683324,8
CVRP,605,ok,9.7690542848,7
CVRP,606,ok,13.2583043825,7
CVRP,607,ok,10.3947192709,8
CVRP,608,ok,10.0436003223,8
CVRP,609,ok,11.0722688486,7
CVRP,610,ok,12.1449841405,7
CVRP,611,ok,10.6050481918,7
CVRP,612,ok,10.3252785634,7
CVRP,613,ok,11.4931449595,7
CVRP,614,ok,9.3854309034,6
CVRP,615,ok,10.2462132668,7
CVRP,616,ok,11.9389489981,7
CVRP,617,ok,9.1731124631,7
CVRP,618,ok,10.8233767323,7
CVRP,619,ok,13.4473387010,7
CVRP,620,ok,10.9342008575,7
CVRP,621,ok,11.0624023108,7
CVRP,622,ok,9.2761163505,7
CVRP,623,ok,9.7175424299,7
CVRP,624,ok,10.5271750785,7
CVRP,625,ok,11.9190452039,8
CVRP,626,ok,9.5674623112,6
CVRP,627,ok,11.6014808635,7
CVRP,628,ok,11.5073384483,6
CVRP,629,ok,12.1310083302,6
CVRP,630,ok,11.3657215061,6
CVRP,631,ok,11.4423357742,7
CVRP,632,ok,11.6462701106,7
CVRP,633,ok,11.5974130630,7
CVRP,634,ok,10.2058571203,7
CVRP,635,ok,10.1191178463,8
CVRP,636,ok,10.5001010039,7
CVRP,637,ok,9.6966367814,8
CVRP,638,ok,12.5179130528,7
CVRP,639,ok,12.0885514335,9
CVRP,640,ok,10.5897709312,7
CVRP,641,ok,12.2653184829,7
CVRP,642,ok,11.5540588306,7
CVRP,643,ok,11.5036871730,7
CVRP,644,ok,11.5285191980,7
CVRP,645,ok,11.6992110776,7
CVRP,646,ok,10.6384719606,6
CVRP,647,ok,11.9649951670,8
CVRP,648,ok,12.3073382873,7
CVRP,649,ok,9.5256675513,8
CVRP,650,ok,13.5284157231,8
CVRP,651,ok,12.0257498543,8
CVRP,652,ok,11.3384286861,8
CVRP,653,ok,10.3541410833,7
CVRP,654,ok,9.9695858255,7
CVRP,655,ok,8.9187136045,7
CVRP,656,ok,12.0152582779,8
CVRP,657,ok,10.0319682503,7
CVRP,658,ok,9.0094954591,6
CVRP,659,ok,9.9983259691,8
CVRP,660,ok,9.6215751670,7
CVRP,661,ok,9.7211139763,8
CVRP,662,ok,9.6287610400,7
CVRP,663,ok,11.3327005954,7
CVRP,664,ok,12.2170546960,7
CVRP,665,ok,10.3870853889,6
CVRP,666,ok,14.0820203335,7
CVRP,667,ok,10.6026357493,7
CVRP,668,ok,9.7185118274,7
CVRP,669,ok,8.5642892530,7
CVRP,670,ok,12.3536454478,8
CVRP,671,ok,12.2294567018,7
CVRP,672,ok,9.0781265569,6
CVRP,673,ok,10.4838203389,7
CVRP,674,ok,13.1510370455,8
CVRP,675,ok,11.2830611822,7
CVRP,676,ok,9.5530698464,6
CVRP,677,ok,10.7273017544,7
CVRP,678,ok,10.1563338524,7
CVRP,679,ok,11.1576544791,7
CVRP,680,ok,10.3608663279,7
CVRP,681,ok,10.2845448474,7
CVRP,682,ok,11.1103141387,7
CVRP,683,ok,10.1078898109,8
CVRP,684,ok,10.4461189053,7
CVRP,685,ok,8.7500815912,7
CVRP,686,ok,10.8420025111,7
CVRP,687,ok,11.2555161952,7
CVRP,688,ok,9.0274122889,8
CVRP,689,ok,9.4781325553,7
CVRP,690,ok,12.2401797740,7
CVRP,691,ok,9.2033704510,6
CVRP,692,ok,10.0269456811,8
CVRP,693,ok,11.6614177428,8
CVRP,694,ok,10.5374509711,7
CVRP,695,ok,12.1377310777,6
CVRP,696,ok,10.5317644286,7
CVRP,697,ok,7.6067914038,6
CVRP,698,ok,11.8357792317,7
CVRP,699,ok,12.1545522584,7
CVRP,700,ok,11.4808852935,7
CVRP,701,ok,10.9439120386,7
CVRP,702,ok,11.0248887474,8
CVRP,703,ok,11.8462553951,8
CVRP,704,ok,12.3066324398,8
CVRP,705,ok,14.2652052617,7
CVRP,706,ok,11.6070421207,8
CVRP,707,ok,9.8731623031,7
CVRP,708,ok,9.3763555776,6
CVRP,709,ok,13.5898864254,7
CVRP,710,ok,9.3885183297,8
CVRP,711,ok,11.4010852028,7
CVRP,712,ok,9.8022705030,7
CVRP,713,ok,10.0273690969,8
CVRP,714,ok,10.1577150925,7
CVRP,715,ok,10.9452510467,8
CVRP,716,ok,10.3976705789,7
CVRP,717,ok,13.3805618970,8
CVRP,718,ok,9.6681831350,7
CVRP,719,ok,10.6260400047,8
CVRP,720,ok,12.0390302777,6
CVRP,721,ok,11.1454950872,7
CVRP,722,ok,8.7828495180,6
CVRP,723,ok,9.8068168481,7
CVRP,724,ok,10.7466466493,7
CVRP,725,ok,9.2593418049,7
CVRP,726,ok,10.5828585214,7
CVRP,727,ok,12.7640406404,7
CVRP,728,ok,10.1842191060,6
CVRP,729,ok,10.4647503300,6
CVRP,730,ok,11.8551609363,7
CVRP,731,ok,9.3013026725,7
CVRP,732,ok,8.6581215514,7
CVRP,733,ok,9.7923451848,6
CVRP,734,ok,9.6310176327,8
CVRP,735,ok,10.1642278250,7
CVRP,736,ok,12.4508653411,7
CVRP,737,ok,10.9405970588,8
CVRP,738,ok,11.4719972458,6
CVRP,739,ok,10.1160072520,6
CVRP,740,ok,10.1641918109,8
CVRP,741,ok,10.1213208366,6
CVRP,742,ok,13.2872484942,8
CVRP,743,ok,8.8124690381,6
CVRP,744,ok,13.6524740630,7
CVRP,745,ok,10.8645067616,6
CVRP,746,ok,12.0205767111,8
CVRP,747,ok,10.3254289409,8
CVRP,748,ok,8.0180087610,6
CVRP,749,ok,11.0848028973,7
CVRP,750,ok,11.7860741559,8
CVRP,751,ok,10.4001137967,7
CVRP,752,ok,10.1292431273,7
CVRP,753,ok,11.4066473919,7
CVRP,754,ok,9.3586223525,6
CVRP,755,ok,10.1583310984,7
CVRP,756,ok,13.0791829427,7
CVRP,757,ok,10.4466230540,7
CVRP,758,ok,10.9102274987,7
CVRP,759,ok,9.2014924644,8
CVRP,760,ok,12.7642916913,7
CVRP,761,ok,9.4708655393,6
CVRP,762,ok,10.7060345189,8
CVRP,763,ok,11.0828455049,6
CVRP,764,ok,9.5421864848,7
CVRP,765,ok,10.0446164398,7
CVRP,766,ok,10.3386043030,8
CVRP,767,ok,8.9515718273,6
CVRP,768,ok,11.5296769647,7
CVRP,769,ok,12.8014533635,8
CVRP,770,ok,10.4437363814,7
CVRP,771,ok,16.7303690739,8
CVRP,772,ok,10.9148902122,7
CVRP,773,ok,15.0905958133,8
CVRP,774,ok,11.5597259742,7
CVRP,775,ok,10.7992220465,8
CVRP,776,ok,9.6114720502,8
CVRP,777,ok,11.5084463043,7
CVRP,778,ok,8.5595983094,7
CVRP,779,ok,11.2167164953,6
CVRP,780,ok,10.0571078742,8
CVRP,781,ok,12.5954822122,7
CVRP,782,ok,10.0053947973,7
CVRP,783,ok,9.5399939486,7
CVRP,784,ok,13.0869791732,7
CVRP,785,ok,13.9833312765,7
CVRP,786,ok,11.9128683539,8
CVRP,787,ok,10.6074825477,7
CVRP,788,ok,10.4692099201,8
CVRP,789,ok,8.7400659990,6
CVRP,790,ok,11.6488025924,7
CVRP,791,ok,9.2843061586,6
CVRP,792,ok,9.9649530813,8
CVRP,793,ok,8.9575328880,7
CVRP,794,ok,14.8754033471,7
CVRP,795,ok,10.1045780526,8
CVRP,796,ok,10.2772223915,7
CVRP,797,ok,11.7694159989,8
CVRP,798,ok,11.6729777032,8
CVRP,799,ok,11.6889343476,7
CVRP,800,ok,10.1193039429,8
CVRP,801,ok,10.0485138674,7
CVRP,802,ok,10.2705497814,7
CVRP,803,ok,10.6722680857,7
CVRP,804,ok,8.9530513697,8
CVRP,805,ok,12.2075059725,7
CVRP,806,ok,11.5240710888,7
CVRP,807,ok,10.2494819607,6
CVRP,808,ok,10.1565510964,8
CVRP,809,ok,13.0339113294,7
CVRP,810,ok,9.7234576429,7
CVRP,811,ok,12.8889346884,7
CVRP,812,ok,14.5034397734,7
CVRP,813,ok,12.9228275993,7
CVRP,814,ok,11.8574382001,6
CVRP,815,ok,8.9137909265,8
CVRP,816,ok,11.6198327997,7
CVRP,817,ok,8.6254265511,7
CVRP,818,ok,9.1931577982,7
CVRP,819,ok,9.2904805624,8
CVRP,820,ok,9.4929996901,7
CVRP,821,ok,9.0915668303,8
CVRP,822,ok,10.1462149549,7
CVRP,823,ok,12.1912174029,7
CVRP,824,ok,12.6269539650,7
CVRP,825,ok,11.2398662343,8
CVRP,826,ok,9.7486888953,7
CVRP,827,ok,13.2809368783,7
CVRP,828,ok,10.3354264066,7
CVRP,829,ok,11.2186702255,7
CVRP,830,ok,10.1062143121,7
CVRP,831,ok,10.3911363452,7
CVRP,832,ok,13.0818766566,8
CVRP,833,ok,13.4112359459,7
CVRP,834,ok,12.4910919484,7
CVRP,835,ok,10.4724552195,7
CVRP,836,ok,11.9739896616,7
CVRP,837,ok,10.7590581511,7
CVRP,838,ok,11.3746503333,7
CVRP,839,ok,10.2006611362,6
CVRP,840,ok,9.7351724610,6
CVRP,841,ok,9.3156289665,7
CVRP,842,ok,8.7189658210,6
CVRP,843,ok,11.2675675629,7
CVRP,844,ok,9.4011848881,6
CVRP,845,ok,12.2052504589,7
CVRP,846,ok,9.6693838362,8
CVRP,847,ok,9.4080298029,6
CVRP,848,ok,13.6371549682,6
CVRP,849,ok,13.2811729774,7
CVRP,850,ok,15.0994969449,8
CVRP,851,ok,10.7966646304,6
CVRP,852,ok,11.4114458133,7
CVRP,853,ok,11.1599620152,6
CVRP,854,ok,9.4809658583,7
CVRP,855,ok,10.5169950197,7
CVRP,856,ok,10.2715080111,7
CVRP,857,ok,10.5975106143,6
CVRP,858,ok,8.9071174105,7
CVRP,859,ok,11.3667155278,8
CVRP,860,ok,11.6465778856,7
CVRP,861,ok,13.3786712791,7
CVRP,862,ok,13.1453676765,6
CVRP,863,ok,12.0047408984,8
CVRP,864,ok,9.7222792095,7
CVRP,865,ok,12.4822656897,8
CVRP,866,ok,12.0919790535,7
CVRP,867,ok,9.5081931414,7
CVRP,868,ok,8.9026290836,7
CVRP,869,ok,9.7831661697,8
CVRP,870,ok,13.2070916947,7
CVRP,871,ok,11.7191271532,7
CVRP,872,ok,11.9867839166,7
CVRP,873,ok,10.9490064200,8
CVRP,874,ok,10.4888722827,6
CVRP,875,ok,10.1495494816,6
CVRP,876,ok,11.8663104453,7
CVRP,877,ok,9.0454594735,7
CVRP,878,ok,10.4745108890,7
CVRP,879,ok,9.4511963442,8
CVRP,880,ok,12.0266521702,7
CVRP,881,ok,9.6000822257,8
CVRP,882,ok,9.0781353088,6
CVRP,883,ok,9.9488074910,6
CVRP,884,ok,11.9132772631,7
CVRP,885,ok,12.1786893590,7
CVRP,886,ok,9.6407653600,7
CVRP,887,ok,8.9434843231,7
CVRP,888,ok,11.6710007582,7
CVRP,889,ok,9.3160673835,7
CVRP,890,ok,10.7335729352,7
CVRP,891,ok,10.6046598384,8
CVRP,892,ok,9.3488230132,8
CVRP,893,ok,12.1744179236,7
CVRP,894,ok,11.8094155965,7
CVRP,895,ok,10.1451757076,7
CVRP,896,ok,12.1601033196,8
CVRP,897,ok,9.5375530938,6
CVRP,898,ok,10.3261876634,7
CVRP,899,ok,10.0206448445,7
CVRP,900,ok,9.1633149011,7
CVRP,901,ok,11.1820751067,7
CVRP,902,ok,11.4845810927,7
CVRP,903,ok,8.6464543093,6
CVRP,904,ok,12.4577114596,8
CVRP,905,ok,12.8248456905,6
CVRP,906,ok,10.7986673651,7
CVRP,907,ok,13.1195232154,7
CVRP,908,ok,14.3731441652,9
CVRP,909,ok,11.9007362736,8
CVRP,910,ok,11.0534234520,8
CVRP,911,ok,12.0313338633,7
CVRP,912,ok,13.1379609909,7
CVRP,913,ok,12.7478701919,8
CVRP,914,ok,9.4595054896,7
CVRP,915,ok,11.3925629407,7
CVRP,916,ok,10.7013301481,7
CVRP,917,ok,11.2533517777,8
CVRP,918,ok,10.5926637147,7
CVRP,919,ok,8.6959287434,7
CVRP,920,ok,11.2659228262,7
CVRP,921,ok,12.6443868029,7
CVRP,922,ok,9.5069207825,7
CVRP,923,ok,11.2364536124,7
CVRP,924,ok,12.2470456263,8
CVRP,925,ok,10.3191524134,6
CVRP,926,ok,12.7763947122,7
CVRP,927,ok,11.0693634942,6
CVRP,928,ok,9.6444742420,7
CVRP,929,ok,12.9958974469,8
CVRP,930,ok,9.4294410812,7
CVRP,931,ok,11.0790227972,7
CVRP,932,ok,10.2616818215,7
CVRP,933,ok,12.2201672276,7
CVRP,934,ok,11.0106920754,7
CVRP,935,ok,9.9983929584,8
CVRP,936,ok,13.2010242308,7
CVRP,937,ok,11.7427517359,8
CVRP,938,ok,12.9274784117,6
CVRP,939,ok,10.0460743857,7
CVRP,940,ok,11.3869050209,7
CVRP,941,ok,12.5671621386,7
CVRP,942,ok,8.6716838342,7
CVRP,943,ok,8.0992911154,7
CVRP,944,ok,11.3183994757,7
CVRP,945,ok,11.7658325089,7
CVRP,946,ok,9.6731931812,8
CVRP,947,ok,9.5673293151,7
CVRP,948,ok,10.8986306115,6
CVRP,949,ok,10.3091120594,7
CVRP,950,ok,11.3078544153,8
CVRP,951,ok,11.3337602536,7
CVRP,952,ok,13.1841647134,8
CVRP,953,ok,11.4480743750,7
CVRP,954,ok,10.4968217616,8
CVRP,955,ok,12.6184362379,8
CVRP,956,ok,11.5219902258,8
CVRP,957,ok,11.5884041273,7
CVRP,958,ok,10.4993148375,7
CVRP,959,ok,11.2421234145,7
CVRP,960,ok,12.2788992194,7
CVRP,961,ok,9.5440081098,7
CVRP,962,ok,10.6708418353,7
CVRP,963,ok,9.2174715083,7
CVRP,964,ok,12.6306111513,7
CVRP,965,ok,13.0448965045,7
CVRP,966,ok,9.2054239271,7
CVRP,967,ok,10.5187329651,7
CVRP,968,ok,12.3216505463,7
CVRP,969,ok,12.5187767842,7
CVRP,970,ok,12.0880926350,7
CVRP,971,ok,10.5284853272,7
CVRP,972,ok,12.1785928829,6
CVRP,973,ok,8.2708930433,7
CVRP,974,ok,10.7747673527,9
CVRP,975,ok,9.6653232189,8
CVRP,976,ok,13.1261359231,7
CVRP,977,ok,10.3884762025,7
CVRP,978,ok,12.2719373503,7
CVRP,979,ok,9.9597157846,7
CVRP,980,ok,11.1621178862,7
CVRP,981,ok,8.5954242944,7
CVRP,982,ok,9.9903895931,7
CVRP,983,ok,12.3015018868,7
CVRP,984,ok,11.6492071533,7
CVRP,985,ok,13.1206272646,8
CVRP,986,ok,11.4207560360,7
CVRP,987,ok,10.3680351683,7
CVRP,988,ok,11.9883649381,7
CVRP,989,ok,10.9597716689,6
CVRP,990,ok,9.3555733887,7
CVRP,991,ok,11.5306837551,7
CVRP,992,ok,10.0300380490,8
CVRP,993,ok,12.4634854171,7
CVRP,994,ok,10.9924713367,8
CVRP,995,ok,12.7981058034,7
CVRP,996,ok,12.5246763470,7
CVRP,997,ok,10.8089622294,7
CVRP,998,ok,9.5420566752,8
CVRP,999,ok,11.2374587843,7
OVRP,0,ok,7.6286848224,10
OVRP,1,ok,8.6639309278,6
OVRP,2,ok,7.1110851175,9
OVRP,3,ok,8.1842308645,10
OVRP,4,ok,7.0146420082,11
OVRP,5,ok,7.8373711642,10
OVRP,6,ok,8.2860279878,9
OVRP,7,ok,8.1530592575,8
OVRP,8,ok,6.9154505473,9
OVRP,9,ok,6.8877469514,9
OVRP,10,ok,7.5621534965,10
OVRP,11,ok,6.7657369747,8
OVRP,12,ok,7.7713551783,9
OVRP,13,ok,6.8497627884,9
OVRP,14,ok,7.8954993701,8
OVRP,15,ok,8.2616532006,8
OVRP,16,ok,7.2211927249,9
OVRP,17,ok,6.6141376363,10
OVRP,18,ok,6.9791453310,9
OVRP,19,ok,7.5011070137,10
OVRP,20,ok,7.8977863698,7
OVRP,21,ok,7.4115255085,7
OVRP,22,ok,6.1195998388,8
OVRP,23,ok,8.0019533147,9
OVRP,24,ok,8.1246422066,8
OVRP,25,ok,6.6296070639,9
OVRP,26,ok,6.5156086261,9
OVRP,27,ok,7.0936100108,8
OVRP,28,ok,6.6411024466,8
OVRP,29,ok,6.1723709056,7
OVRP,30,ok,7.2659302088,10
OVRP,31,ok,7.0534444123,9
OVRP,32,ok,8.4627618283,8
OVRP,33,ok,6.8213987651,8
OVRP,34,ok,7.4616706753,8
OVRP,35,ok,7.9140321447,8
OVRP,36,ok,6.4993837872,10
OVRP,37,ok,6.9721905529,9
OVRP,38,ok,7.3996621149,8
OVRP,39,ok,8.1007427487,10
OVRP,40,ok,6.2637803473,9
OVRP,41,ok,7.2988992420,9
OVRP,42,ok,6.1704914025,9
OVRP,43,ok,7.6383218061,10
OVRP,44,ok,6.9931460503,9
OVRP,45,ok,7.9028890819,8
OVRP,46,ok,7.4576574238,7
OVRP,47,ok,7.1273051001,9
OVRP,48,ok,7.7128814876,9
OVRP,49,ok,7.1725969280,9
OVRP,50,ok,7.7650286296,8
OVRP,51,ok,7.3693243674,8
OVRP,52,ok,6.9031340786,9
OVRP,53,ok,7.2622739798,9
OVRP,54,ok,7.9850795218,9
OVRP,55,ok,8.4831516965,9
OVRP,56,ok,7.5695725068,8
OVRP,57,ok,7.1736195882,7
OVRP,58,ok,6.9098699203,8
OVRP,59,ok,7.8493505681,8
OVRP,60,ok,6.3674643649,9
OVRP,61,ok,6.5165269767,10
OVRP,62,ok,6.7091411925,8
OVRP,63,ok,7.3959536589,8
OVRP,64,ok,8.9052160568,8
OVRP,65,ok,7.6425550249,8
OVRP,66,ok,8.1447023391,11
OVRP,67,ok,6.4838947442,10
OVRP,68,ok,8.1944615192,8
OVRP,69,ok,7.4256113179,7
OVRP,70,ok,7.0343771696,9
OVRP,71,ok,5.9409587327,9
OVRP,72,ok,7.7466203336,8
OVRP,73,ok,8.3387872514,7
OVRP,74,ok,7.2496593579,8
OVRP,75,ok,7.4877721210,8
OVRP,76,ok,7.5977149214,10
OVRP,77,ok,7.1596009580,8
OVRP,78,ok,6.7072645118,8
OVRP,79,ok,6.8358066335,7
OVRP,80,ok,7.9073533959,10
OVRP,81,ok,7.6032996022,8
OVRP,82,ok,7.5488376847,9
OVRP,83,ok,6.4052667710,8
OVRP,84,ok,7.0209145983,9
OVRP,85,ok,6.4451122560,7
OVRP,86,ok,7.6016632788,8
OVRP,87,ok,7.8904559622,8
OVRP,88,ok,7.3782985053,8
OVRP,89,ok,7.6288879258,10
OVRP,90,ok,7.3942318171,8
OVRP,91,ok,8.5389878747,8
OVRP,92,ok,7.7008933727,8
OVRP,93,ok,6.9210801686,7
OVRP,94,ok,7.7287752637,8
OVRP,95,ok,7.6193724379,10
OVRP,96,ok,8.8440200764,7
OVRP,97,ok,8.6332777801,8
OVRP,98,ok,6.1096242835,7
OVRP,99,ok,5.8697247136,9
OVRP,100,ok,7.4209317799,8
OVRP,101,ok,7.0014783093,10
OVRP,102,ok,7.1839030636,8
OVRP,103,ok,6.6761939590,8
OVRP,104,ok,7.8502450021,8
OVRP,105,ok,6.8034586691,8
OVRP,106,ok,7.8920287721,10
OVRP,107,ok,6.5280987985,9
OVRP,108,ok,6.4869445377,9
OVRP,109,ok,7.7809860104,8
OVRP,110,ok,5.9015031128,8
OVRP,111,ok,7.1056584573,9
OVRP,112,ok,8.9571919022,8
OVRP,113,ok,7.4858679679,7
OVRP,114,ok,7.3663921816,8
OVRP,115,ok,7.3882143002,7
OVRP,116,ok,8.5643955935,8
OVRP,117,ok,7.9197168242,8
OVRP,118,ok,8.2253363308,8
OVRP,119,ok,6.8547546262,7
OVRP,120,ok,8.1065649694,10
OVRP,121,ok,6.7190473953,10
OVRP,122,ok,7.6376248671,7
OVRP,123,ok,7.6810865065,9
OVRP,124,ok,7.6844712606,9
OVRP,125,ok,6.9859437569,7
OVRP,126,ok,6.7934484048,6
OVRP,127,ok,6.9167561328,7
OVRP,128,ok,7.6522419462,8
OVRP,129,ok,8.3230302970,8
OVRP,130,ok,7.9571106150,10
OVRP,131,ok,7.1135291590,11
OVRP,132,ok,6.7227703810,8
OVRP,133,ok,7.1665308653,8
OVRP,134,ok,7.1678740907,8
OVRP,135,ok,7.0887603464,11
OVRP,136,ok,6.6729609644,8
OVRP,137,ok,6.9296259694,9
OVRP,138,ok,7.9829069617,9
OVRP,139,ok,8.8136944631,9
OVRP,140,ok,8.1417895291,8
OVRP,141,ok,7.6521454696,10
OVRP,142,ok,5.8570742581,10
OVRP,143,ok,7.3216314111,10
OVRP,144,ok,7.9862820523,9
OVRP,145,ok,7.9224873524,8
OVRP,146,ok,8.0702798741,7
OVRP,147,ok,6.2910594310,9
OVRP,148,ok,8.2891125429,8
OVRP,149,ok,6.7262046408,8
OVRP,150,ok,8.5059058817,8
OVRP,151,ok,7.5323567162,11
OVRP,152,ok,7.2119231039,8
OVRP,153,ok,7.6244911708,9
OVRP,154,ok,7.7243831937,9
OVRP,155,ok,6.3522722680,11
OVRP,156,ok,8.9614927309,9
OVRP,157,ok,5.6135942430,11
OVRP,158,ok,7.0348538953,9
OVRP,159,ok,7.7340269725,8
OVRP,160,ok,6.7281500029,9
OVRP,161,ok,6.3660505689,8
OVRP,162,ok,7.2195174227,8
OVRP,163,ok,6.8702779752,10
OVRP,164,ok,7.1021955566,9
OVRP,165,ok,8.0990564038,11
OVRP,166,ok,7.2189243009,8
OVRP,167,ok,7.1222462622,9
OVRP,168,ok,6.2264561490,8
OVRP,169,ok,7.9678972375,7
OVRP,170,ok,7.7537768538,8
OVRP,171,ok,7.5550161885,8
OVRP,172,ok,6.9632438265,10
OVRP,173,ok,8.1071003648,9
OVRP,174,ok,7.7184736649,9
OVRP,175,ok,6.9688744780,7
OVRP,176,ok,8.0270347193,10
OVRP,177,ok,7.0445498548,8
OVRP,178,ok,6.1477247899,8
OVRP,179,ok,6.9362303931,8
OVRP,180,ok,7.6670031661,8
OVRP,181,ok,8.0916823770,9
OVRP,182,ok,7.7533210994,7
OVRP,183,ok,6.2841649062,11
OVRP,184,ok,7.4377755592,8
OVRP,185,ok,5.7655405537,10
OVRP,186,ok,6.1086729511,7
OVRP,187,ok,7.6177171169,9
OVRP,188,ok,6.8492598728,8
OVRP,189,ok,7.6479732672,7
OVRP,190,ok,6.7027545557,8
OVRP,191,ok,8.9096491000,8
OVRP,192,ok,6.4626460956,10
OVRP,193,ok,6.2704747872,8
OVRP,194,ok,8.2215551698,9
OVRP,195,ok,8.0912056374,8
OVRP,196,ok,7.7881623538,9
OVRP,197,ok,6.7085967670,8
OVRP,198,ok,7.8037868017,7
OVRP,199,ok,7.1756978846,7
OVRP,200,ok,7.2356085043,8
OVRP,201,ok,6.1860995889,10
OVRP,202,ok,6.9806691219,8
OVRP,203,ok,6.2161392354,9
OVRP,204,ok,6.6951927643,8
OVRP,205,ok,8.4851237414,7
OVRP,206,ok,7.5896348271,9
OVRP,207,ok,7.9947966340,9
OVRP,208,ok,6.9485259511,10
OVRP,209,ok,6.2624141722,8
OVRP,210,ok,7.5597830619,8
OVRP,211,ok,6.4376030072,6
OVRP,212,ok,6.5661702047,8
OVRP,213,ok,7.9924904237,8
OVRP,214,ok,7.1877370536,9
OVRP,215,ok,7.9859463857,8
OVRP,216,ok,7.2473649438,8
OVRP,217,ok,7.4763038370,8
OVRP,218,ok,7.7307600696,8
OVRP,219,ok,6.9166323432,10
OVRP,220,ok,6.7769208614,9
OVRP,221,ok,7.6627692215,8
OVRP,222,ok,8.5883981740,9
OVRP,223,ok,7.6986546183,10
OVRP,224,ok,7.0418202937,9
OVRP,225,ok,6.7500313823,8
OVRP,226,ok,6.3811691818,11
OVRP,227,ok,7.0466148039,7
OVRP,228,ok,7.3661908030,10
OVRP,229,ok,7.0319632571,9
OVRP,230,ok,7.1873003029,10
OVRP,231,ok,7.9076875108,8
OVRP,232,ok,7.8109426601,10
OVRP,233,ok,6.7092208081,10
OVRP,234,ok,7.3914100938,8
OVRP,235,ok,7.7839874723,7
OVRP,236,ok,8.4015007246,7
OVRP,237,ok,6.5903946263,8
OVRP,238,ok,8.4065592366,10
OVRP,239,ok,7.5213646588,9
OVRP,240,ok,6.1961470738,7
OVRP,241,ok,7.7691645708,8
OVRP,242,ok,6.4691467773,8
OVRP,243,ok,7.1360268940,6
OVRP,244,ok,7.3014002507,9
OVRP,245,ok,7.6462812814,10
OVRP,246,ok,8.4716548847,8
OVRP,247,ok,8.1869016478,8
OVRP,248,ok,7.7722013297,8
OVRP,249,ok,7.1043486836,9
OVRP,250,ok,6.3749261167,8
OVRP,251,ok,7.4764404188,9
OVRP,252,ok,7.4162303777,10
OVRP,253,ok,7.6653896677,8
OVRP,254,ok,7.3034136828,9
OVRP,255,ok,6.5827184255,10
OVRP,256,ok,7.6913935337,10
OVRP,257,ok,6.5907835053,10
OVRP,258,ok,6.6979694093,7
OVRP,259,ok,6.4194262463,9
OVRP,260,ok,6.1513054291,7
OVRP,261,ok,6.4525384014,9
OVRP,262,ok,8.6507910514,7
OVRP,263,ok,6.7124787937,9
OVRP,264,ok,6.8840931057,8
OVRP,265,ok,7.2518948820,7
OVRP,266,ok,6.5879916959,8
OVRP,267,ok,7.1115071029,8
OVRP,268,ok,6.2731694635,8
OVRP,269,ok,6.6229005698,8
OVRP,270,ok,6.6759744715,9
OVRP,271,ok,6.5689106733,9
OVRP,272,ok,6.2874432852,7
OVRP,273,ok,6.2437142417,7
OVRP,274,ok,8.1566304561,9
OVRP,275,ok,8.2990574975,8
OVRP,276,ok,7.9017236521,10
OVRP,277,ok,7.5132927364,9
OVRP,278,ok,6.6368304358,9
OVRP,279,ok,7.4100004125,9
OVRP,280,ok,7.2890769576,9
OVRP,281,ok,6.5506363227,10
OVRP,282,ok,8.5899436271,9
OVRP,283,ok,6.6288841114,8
OVRP,284,ok,7.9184950936,8
OVRP,285,ok,8.3844518572,9
OVRP,286,ok,6.9672960343,9
OVRP,287,ok,5.9069765318,8
OVRP,288,ok,6.8140715283,7
OVRP,289,ok,6.5584573583,9
OVRP,290,ok,9.0614537470,8
OVRP,291,ok,6.2047317168,8
OVRP,292,ok,7.7276417063,9
OVRP,293,ok,8.5866787209,9
OVRP,294,ok,7.3952595274,7
OVRP,295,ok,8.4086246093,9
OVRP,296,ok,7.1384440862,7
OVRP,297,ok,8.6506265376,10
OVRP,298,ok,7.2505066150,8
OVRP,299,ok,7.0483615412,7
OVRP,300,ok,7.0955892742,9
OVRP,301,ok,6.7623147254,9
OVRP,302,ok,7.3782034939,9
OVRP,303,ok,6.8895966467,8
OVRP,304,ok,6.9179265847,8
OVRP,305,ok,6.7201720100,8
OVRP,306,ok,8.0857246869,8
OVRP,307,ok,6.0824931038,8
OVRP,308,ok,8.0325351247,7
OVRP,309,ok,6.5520611420,8
OVRP,310,ok,7.1167289762,8
OVRP,311,ok,6.8960781316,9
OVRP,312,ok,6.9467991213,9
OVRP,313,ok,6.1037007414,9
OVRP,314,ok,5.8690966633,8
OVRP,315,ok,7.1218890801,9
OVRP,316,ok,8.1118587220,9
OVRP,317,ok,8.8800445955,8
OVRP,318,ok,8.5979652279,9
OVRP,319,ok,7.5960689212,9
OVRP,320,ok,7.0886576799,7
OVRP,321,ok,6.7769461347,10
OVRP,322,ok,7.2614458672,10
OVRP,323,ok,6.7358111430,7
OVRP,324,ok,6.6130365839,10
OVRP,325,ok,7.9052543124,10
OVRP,326,ok,6.4275470170,8
OVRP,327,ok,8.0177063762,8
OVRP,328,ok,6.7333764816,9
OVRP,329,ok,6.9867010089,6
OVRP,330,ok,7.1552188046,8
OVRP,331,ok,6.6392006983,10
OVRP,332,ok,8.3643704234,10
OVRP,333,ok,7.4261427774,8
OVRP,334,ok,7.0352401175,9
OVRP,335,ok,7.8737055574,8
OVRP,336,ok,7.1218086965,9
OVRP,337,ok,8.6545309082,7
OVRP,338,ok,6.9662490408,8
OVRP,339,ok,7.2903406470,10
OVRP,340,ok,7.4722857465,9
OVRP,341,ok,7.6947360862,7
OVRP,342,ok,7.4056687278,9
OVRP,343,ok,7.6146341560,8
OVRP,344,ok,6.6123609680,8
OVRP,345,ok,8.6744643093,8
OVRP,346,ok,7.3377178592,9
OVRP,347,ok,7.7985954770,7
OVRP,348,ok,7.5832495200,9
OVRP,349,ok,6.7027621988,9
OVRP,350,ok,7.2606465200,8
OVRP,351,ok,6.1464440399,9
OVRP,352,ok,6.5226199117,8
OVRP,353,ok,6.2578964284,8
OVRP,354,ok,7.4712707308,9
OVRP,355,ok,8.0188361011,8
OVRP,356,ok,7.4572225773,8
OVRP,357,ok,7.7737640545,10
OVRP,358,ok,7.7909644234,7
OVRP,359,ok,6.9771498641,9
OVRP,360,ok,6.4089697249,8
OVRP,361,ok,6.9555881451,9
OVRP,362,ok,6.5148824444,9
OVRP,363,ok,7.3260128218,8
OVRP,364,ok,7.9243790293,10
OVRP,365,ok,7.1210622145,10
OVRP,366,ok,6.3792226862,9
OVRP,367,ok,5.8843657769,8
OVRP,368,ok,7.2958143421,8
OVRP,369,ok,6.6872586861,10
OVRP,370,ok,8.1248054625,7
OVRP,371,ok,7.2694913491,8
OVRP,372,ok,8.3655458627,8
OVRP,373,ok,7.2503681249,7
OVRP,374,ok,7.4838090996,10
OVRP,375,ok,6.7866461339,8
OVRP,376,ok,7.2402420903,7
OVRP,377,ok,6.8271308300,9
OVRP,378,ok,7.1766091710,9
OVRP,379,ok,8.0301045578,9
OVRP,380,ok,6.8896045116,8
OVRP,381,ok,7.2332246044,9
OVRP,382,ok,7.4402609353,9
OVRP,383,ok,7.2276933850,10
OVRP,384,ok,6.5124914797,8
OVRP,385,ok,7.7527501478,8
OVRP,386,ok,5.8505784854,8
OVRP,387,ok,8.1867999729,8
OVRP,388,ok,6.9350165442,9
OVRP,389,ok,6.5623367210,8
OVRP,390,ok,6.6968683239,9
OVRP,391,ok,8.4176816139,9
OVRP,392,ok,7.2561239589,7
OVRP,393,ok,7.9474580135,9
OVRP,394,ok,7.0169033238,7
OVRP,395,ok,7.7549159055,9
OVRP,396,ok,7.4949785593,9
OVRP,397,ok,7.1819041161,8
OVRP,398,ok,7.2290610928,10
OVRP,399,ok,7.7296644310,9
OVRP,400,ok,6.9579295614,10
OVRP,401,ok,7.0782644639,9
OVRP,402,ok,6.8127117277,9
OVRP,403,ok,7.2764310075,8
OVRP,404,ok,6.0387925082,8
OVRP,405,ok,7.5482354564,9
OVRP,406,ok,6.2506678062,9
OVRP,407,ok,6.3128187318,9
OVRP,408,ok,6.4787357006,7
OVRP,409,ok,6.8355898671,9
OVRP,410,ok,8.2855598379,8
OVRP,411,ok,7.3201248792,8
OVRP,412,ok,7.6010580869,7
OVRP,413,ok,7.2174230432,8
OVRP,414,ok,6.0286978631,9
OVRP,415,ok,7.1967227992,8
OVRP,416,ok,7.2516896484,8
OVRP,417,ok,7.9909130583,7
OVRP,418,ok,6.7953989566,8
OVRP,419,ok,6.4091272334,7
OVRP,420,ok,8.0458473488,9
OVRP,421,ok,8.1038858256,8
OVRP,422,ok,6.5202707403,7
OVRP,423,ok,7.8634551317,8
OVRP,424,ok,6.6474871056,11
OVRP,425,ok,7.0314462264,9
OVRP,426,ok,6.5162833507,8
OVRP,427,ok,6.7172526426,8
OVRP,428,ok,8.5768666679,8
OVRP,429,ok,8.0620697072,8
OVRP,430,ok,6.5130469736,11
OVRP,431,ok,7.6467107645,9
OVRP,432,ok,6.8594005822,9
OVRP,433,ok,6.2296337723,8
OVRP,434,ok,7.2052701093,7
OVRP,435,ok,8.0548478535,11
OVRP,436,ok,6.8933591440,9
OVRP,437,ok,8.2955787456,9
OVRP,438,ok,8.5053553660,8
OVRP,439,ok,7.1116087875,10
OVRP,440,ok,7.4755327273,9
OVRP,441,ok,7.3765292552,10
OVRP,442,ok,6.6707923938,8
OVRP,443,ok,6.9120802000,9
OVRP,444,ok,7.6334708296,10
OVRP,445,ok,7.4622829987,9
OVRP,446,ok,8.4322698586,9
OVRP,447,ok,7.7402908872,9
OVRP,448,ok,6.5986483485,9
OVRP,449,ok,6.7376154271,8
OVRP,450,ok,7.5020338755,6
OVRP,451,ok,7.6591044984,8
OVRP,452,ok,8.0326646716,9
OVRP,453,ok,6.5062539341,8
OVRP,454,ok,6.5362625880,8
OVRP,455,ok,5.9766316306,8
OVRP,456,ok,7.4865393237,10
OVRP,457,ok,7.2534554312,12
OVRP,458,ok,7.1676371496,10
OVRP,459,ok,7.7981290901,9
OVRP,460,ok,8.2262014472,8
OVRP,461,ok,6.1132711980,8
OVRP,462,ok,7.1586143903,7
OVRP,463,ok,7.1754511564,7
OVRP,464,ok,7.5275074949,9
OVRP,465,ok,7.8191544915,9
OVRP,466,ok,6.6992661625,8
OVRP,467,ok,8.6726482681,8
OVRP,468,ok,7.9633432170,9
OVRP,469,ok,7.1363487325,8
OVRP,470,ok,6.7391599923,9
OVRP,471,ok,9.5129362802,10
OVRP,472,ok,6.7876084991,9
OVRP,473,ok,7.0555799706,9
OVRP,474,ok,6.8872311490,7
OVRP,475,ok,6.2555721427,10
OVRP,476,ok,6.4810256428,9
OVRP,477,ok,7.0050502469,9
OVRP,478,ok,6.4412122346,9
OVRP,479,ok,7.4993883445,7
OVRP,480,ok,7.2460824348,8
OVRP,481,ok,6.8058315896,8
OVRP,482,ok,6.4623070134,8
OVRP,483,ok,7.0214710375,10
OVRP,484,ok,6.0685815042,9
OVRP,485,ok,8.2257997413,8
OVRP,486,ok,7.8076155966,10
OVRP,487,ok,7.7552934162,10
OVRP,488,ok,6.8667073117,9
OVRP,489,ok,6.5570853516,9
OVRP,490,ok,7.2679233476,8
OVRP,491,ok,7.9201913729,8
OVRP,492,ok,7.1737872367,9
OVRP,493,ok,7.0023060641,8
OVRP,494,ok,9.6413846946,8
OVRP,495,ok,8.0534709077,9
OVRP,496,ok,6.0815782181,7
OVRP,497,ok,7.5383146017,7
OVRP,498,ok,6.8859322695,9
OVRP,499,ok,7.0145584205,8
OVRP,500,ok,6.4288764489,10
OVRP,501,ok,7.0603363056,9
OVRP,502,ok,6.5733520728,8
OVRP,503,ok,8.7677546317,8
OVRP,504,ok,6.1995061655,9
OVRP,505,ok,7.7405525551,8
OVRP,506,ok,8.2697902269,9
OVRP,507,ok,6.3688618842,9
OVRP,508,ok,7.9614441166,9
OVRP,509,ok,6.7841996756,8
OVRP,510,ok,7.4509393169,9
OVRP,511,ok,7.8202278260,9
OVRP,512,ok,6.5329785330,8
OVRP,513,ok,7.3675377457,7
OVRP,514,ok,5.8792868861,8
OVRP,515,ok,7.3463711198,10
OVRP,516,ok,6.4221209679,10
OVRP,517,ok,8.4658178831,10
OVRP,518,ok,7.1469308459,9
OVRP,519,ok,9.4255881187,8
OVRP,520,ok,7.8521726361,8
OVRP,521,ok,6.8287429966,8
OVRP,522,ok,7.7769043501,7
OVRP,523,ok,6.6567301026,10
OVRP,524,ok,6.7989267034,9
OVRP,525,ok,7.0487766984,8
OVRP,526,ok,7.3867465241,9
OVRP,527,ok,7.8080426482,8
OVRP,528,ok,7.8476613951,9
OVRP,529,ok,6.3876350744,9
OVRP,530,ok,6.6836839985,7
OVRP,531,ok,8.1231619534,10
OVRP,532,ok,7.1920336071,9
OVRP,533,ok,8.9721835297,8
OVRP,534,ok,7.3972160874,9
OVRP,535,ok,8.9869998204,8
OVRP,536,ok,8.6708409469,8
OVRP,537,ok,7.0158542749,9
OVRP,538,ok,6.8667235529,9
OVRP,539,ok,7.0050182735,9
OVRP,540,ok,6.2223063205,7
OVRP,541,ok,7.5741741126,8
OVRP,542,ok,7.9650322096,9
OVRP,543,ok,6.8702292945,10
OVRP,544,ok,8.6800868073,10
OVRP,545,ok,7.1413468171,8
OVRP,546,ok,6.6287231014,10
OVRP,547,ok,6.9533408200,8
OVRP,548,ok,8.1793519489,8
OVRP,549,ok,7.9021439772,9
OVRP,550,ok,7.0579632851,7
OVRP,551,ok,6.7267683521,10
OVRP,552,ok,6.7464916869,8
OVRP,553,ok,7.9651822134,8
OVRP,554,ok,7.9491793273,8
OVRP,555,ok,7.1900137457,8
OVRP,556,ok,7.4465019492,8
OVRP,557,ok,6.6858532194,8
OVRP,558,ok,7.9874239206,9
OVRP,559,ok,7.4400742322,8
OVRP,560,ok,7.0986020475,8
OVRP,561,ok,7.0802516264,8
OVRP,562,ok,6.4438742329,8
OVRP,563,ok,7.6006367367,9
OVRP,564,ok,9.2495580208,10
OVRP,565,ok,6.9339332378,8
OVRP,566,ok,6.4235051533,7
OVRP,567,ok,7.8694066327,9
OVRP,568,ok,7.1025251222,8
OVRP,569,ok,7.1228551434,8
OVRP,570,ok,7.0243106092,10
OVRP,571,ok,6.8794505838,7
OVRP,572,ok,7.8546669815,8
OVRP,573,ok,6.9525060809,8
OVRP,574,ok,7.6495272691,8
OVRP,575,ok,6.4486636391,8
OVRP,576,ok,7.7407801438,8
OVRP,577,ok,6.7002206793,10
OVRP,578,ok,8.6687004089,8
OVRP,579,ok,7.2189362364,8
OVRP,580,ok,7.3279317379,6
OVRP,581,ok,6.3420694750,8
OVRP,582,ok,7.0011764977,9
OVRP,583,ok,8.2591130592,8
OVRP,584,ok,6.9975774332,9
OVRP,585,ok,7.3972393597,9
OVRP,586,ok,7.0517666506,9
OVRP,587,ok,6.3856893440,8
OVRP,588,ok,6.4235822385,8
OVRP,589,ok,6.7611516101,8
OVRP,590,ok,8.1241043778,9
OVRP,591,ok,7.2138534936,6
OVRP,592,ok,7.2854244801,9
OVRP,593,ok,8.1879998103,9
OVRP,594,ok,6.8339015237,9
OVRP,595,ok,6.2229336286,8
OVRP,596,ok,6.7470011786,9
OVRP,597,ok,7.1823879235,11
OVRP,598,ok,7.3124517634,9
OVRP,599,ok,6.7970339547,8
OVRP,600,ok,7.2031643604,7
OVRP,601,ok,7.0579654295,8
OVRP,602,ok,8.2076171591,8
OVRP,603,ok,6.9012337432,9
OVRP,604,ok,6.3602507050,8
OVRP,605,ok,7.5368148196,9
OVRP,606,ok,6.9247235059,9
OVRP,607,ok,6.7165201094,9
OVRP,608,ok,6.4614724136,9
OVRP,609,ok,6.5261988861,9
OVRP,610,ok,7.1076157465,10
OVRP,611,ok,6.6713341848,10
OVRP,612,ok,6.0306775588,8
OVRP,613,ok,8.5423184645,8
OVRP,614,ok,9.0625879882,7
OVRP,615,ok,7.9363635233,9
OVRP,616,ok,7.3826039165,8
OVRP,617,ok,7.5071151926,7
OVRP,618,ok,6.3389593919,7
OVRP,619,ok,6.8534477124,8
OVRP,620,ok,7.3475547045,9
OVRP,621,ok,6.6626338155,9
OVRP,622,ok,7.9464723148,10
OVRP,623,ok,7.8044527409,9
OVRP,624,ok,7.1703733865,8
OVRP,625,ok,6.5060001482,8
OVRP,626,ok,8.1344324696,8
OVRP,627,ok,7.0928850317,10
OVRP,628,ok,6.4216483144,8
OVRP,629,ok,8.2624683793,9
OVRP,630,ok,7.4383409962,8
OVRP,631,ok,7.6169454571,10
OVRP,632,ok,6.4568241861,7
OVRP,633,ok,6.8709969611,10
OVRP,634,ok,7.8175857224,8
OVRP,635,ok,8.5735563172,10
OVRP,636,ok,7.9495720203,9
OVRP,637,ok,7.1733561572,10
OVRP,638,ok,7.6086201878,9
OVRP,639,ok,7.6428320557,8
OVRP,640,ok,6.4454525171,8
OVRP,641,ok,6.1153868994,9
OVRP,642,ok,8.0934436701,9
OVRP,643,ok,7.2005548998,8
OVRP,644,ok,6.4559742334,8
OVRP,645,ok,7.4893184924,9
OVRP,646,ok,7.9723332085,9
OVRP,647,ok,7.7009714498,7
OVRP,648,ok,6.5947047605,7
OVRP,649,ok,8.3247208836,9
OVRP,650,ok,7.6709599808,9
OVRP,651,ok,8.9701075246,9
OVRP,652,ok,6.6176591167,8
OVRP,653,ok,6.7069598313,9
OVRP,654,ok,8.0738141966,9
OVRP,655,ok,7.6330742699,9
OVRP,656,ok,6.5082336408,8
OVRP,657,ok,7.6293587959,10
OVRP,658,ok,7.3983515338,8
OVRP,659,ok,8.7037814390,6
OVRP,660,ok,7.6920523313,7
OVRP,661,ok,6.8826495690,9
OVRP,662,ok,7.9274924273,8
OVRP,663,ok,7.2864029964,8
OVRP,664,ok,7.3024016806,9
OVRP,665,ok,6.9844804352,8
OVRP,666,ok,8.1711938408,9
OVRP,667,ok,8.1005738797,8
OVRP,668,ok,7.3878013448,9
OVRP,669,ok,6.6706475945,8
OVRP,670,ok,6.2054297918,7
OVRP,671,ok,7.9875663288,7
OVRP,672,ok,7.1682429869,7
OVRP,673,ok,6.5874834557,9
OVRP,674,ok,8.2982451008,10
OVRP,675,ok,6.4735673621,10
OVRP,676,ok,7.4619969710,8
OVRP,677,ok,7.8397658220,9
OVRP,678,ok,7.6510707552,8
OVRP,679,ok,6.4950901196,8
OVRP,680,ok,7.4496765266,9
OVRP,681,ok,6.3085907390,8
OVRP,682,ok,8.1502589734,8
OVRP,683,ok,7.1575685784,10
OVRP,684,ok,8.6363188211,8
OVRP,685,ok,9.6034554248,8
OVRP,686,ok,7.3789337810,10
OVRP,687,ok,6.5480535361,8
OVRP,688,ok,8.2932901604,9
OVRP,689,ok,5.9777924910,8
OVRP,690,ok,7.0608493961,8
OVRP,691,ok,5.8483732547,6
OVRP,692,ok,7.4096962687,12
OVRP,693,ok,6.6574076836,9
OVRP,694,ok,6.3139461904,8
OVRP,695,ok,6.4257627424,10
OVRP,696,ok,7.6983702849,8
OVRP,697,ok,7.6094553528,8
OVRP,698,ok,7.2896612439,8
OVRP,699,ok,6.4503649823,9
OVRP,700,ok,6.2296457889,8
OVRP,701,ok,8.3188887923,9
OVRP,702,ok,8.2035206093,7
OVRP,703,ok,6.5770359781,7
OVRP,704,ok,8.4522969049,8
OVRP,705,ok,6.7001250796,9
OVRP,706,ok,7.4287811416,10
OVRP,707,ok,6.3028875646,8
OVRP,708,ok,7.2121851366,9
OVRP,709,ok,8.1841265382,10
OVRP,710,ok,6.7200185859,8
OVRP,711,ok,7.0437646666,8
OVRP,712,ok,6.0906458737,9
OVRP,713,ok,6.6495808321,10
OVRP,714,ok,6.4430038793,10
OVRP,715,ok,7.3937913851,10
OVRP,716,ok,6.4833660143,10
OVRP,717,ok,7.6339900122,8
OVRP,718,ok,7.5649923768,8
OVRP,719,ok,6.6062253808,8
OVRP,720,ok,7.3326499177,7
OVRP,721,ok,8.0964931714,8
OVRP,722,ok,7.5010553666,9
OVRP,723,ok,7.0984133640,9
OVRP,724,ok,8.0515951877,8
OVRP,725,ok,6.5182261343,8
OVRP,726,ok,6.4295172165,9
OVRP,727,ok,6.4053177565,9
OVRP,728,ok,6.8880927420,10
OVRP,729,ok,7.6981053335,8
OVRP,730,ok,6.3934598163,7
OVRP,731,ok,8.3199225884,8
OVRP,732,ok,6.3688140607,8
OVRP,733,ok,8.1099889417,7
OVRP,734,ok,7.2080418586,11
OVRP,735,ok,7.1390686537,7
OVRP,736,ok,8.0197805885,10
OVRP,737,ok,7.8601579645,8
OVRP,738,ok,6.6954896366,10
OVRP,739,ok,7.9831371525,11
OVRP,740,ok,7.2325999783,8
OVRP,741,ok,6.7411449507,10
OVRP,742,ok,7.1628285677,8
OVRP,743,ok,7.3598860273,7
OVRP,744,ok,7.6073423836,8
OVRP,745,ok,6.6965458481,9
OVRP,746,ok,8.3131156396,8
OVRP,747,ok,8.1521424999,9
OVRP,748,ok,6.6618269836,9
OVRP,749,ok,6.6039866539,9
OVRP,750,ok,8.0313883706,7
OVRP,751,ok,6.9540727115,11
OVRP,752,ok,5.8018097120,9
OVRP,753,ok,7.8123897257,9
OVRP,754,ok,7.8128616389,9
OVRP,755,ok,8.8350816087,10
OVRP,756,ok,8.1749676540,9
OVRP,757,ok,7.7782304085,8
OVRP,758,ok,7.0524584899,9
OVRP,759,ok,8.2119829569,8
OVRP,760,ok,7.0347214681,8
OVRP,761,ok,7.7383949844,9
OVRP,762,ok,8.0818064470,10
OVRP,763,ok,7.5840290485,8
OVRP,764,ok,7.2103245471,9
OVRP,765,ok,7.4294511824,8
OVRP,766,ok,6.6607982089,8
OVRP,767,ok,6.5304002737,9
OVRP,768,ok,7.4721241335,8
OVRP,769,ok,7.4796259332,8
OVRP,770,ok,7.1460412520,8
OVRP,771,ok,5.5475515881,8
OVRP,772,ok,5.6657503556,9
OVRP,773,ok,7.2788707052,8
OVRP,774,ok,7.3422582905,7
OVRP,775,ok,7.8402995361,9
OVRP,776,ok,6.7080523772,9
OVRP,777,ok,7.8098436202,10
OVRP,778,ok,6.8286649547,7
OVRP,779,ok,6.5267742047,8
OVRP,780,ok,7.6947351083,10
OVRP,781,ok,6.9371868471,8
OVRP,782,ok,7.2120104213,7
OVRP,783,ok,6.6160341743,9
OVRP,784,ok,8.3713965214,8
OVRP,785,ok,6.9924906698,9
OVRP,786,ok,5.9340146108,8
OVRP,787,ok,6.8173226376,7
OVRP,788,ok,6.6865018555,9
OVRP,789,ok,7.2875246412,8
OVRP,790,ok,6.6507985489,8
OVRP,791,ok,6.0074367182,8
OVRP,792,ok,8.0008606607,10
OVRP,793,ok,7.6747392998,7
OVRP,794,ok,6.4456675389,8
OVRP,795,ok,6.1035223505,9
OVRP,796,ok,6.5590697637,9
OVRP,797,ok,6.6301966632,8
OVRP,798,ok,8.0542044666,8
OVRP,799,ok,7.7293764645,9
OVRP,800,ok,6.2751075953,9
OVRP,801,ok,7.7702294557,10
OVRP,802,ok,6.4411012501,6
OVRP,803,ok,7.5837891340,8
OVRP,804,ok,7.5942142284,9
OVRP,805,ok,7.0744353947,9
OVRP,806,ok,8.4933956687,8
OVRP,807,ok,7.3260913862,8
OVRP,808,ok,8.3800919333,10
OVRP,809,ok,7.0460575292,9
OVRP,810,ok,7.6079680119,10
OVRP,811,ok,6.8347180651,6
OVRP,812,ok,7.5803305926,7
OVRP,813,ok,6.5020571922,8
OVRP,814,ok,6.3886358360,7
OVRP,815,ok,6.5046363142,9
OVRP,816,ok,8.4478518178,8
OVRP,817,ok,6.8107429379,9
OVRP,818,ok,6.4670318399,9
OVRP,819,ok,6.3473025640,9
OVRP,820,ok,6.9483068038,8
OVRP,821,ok,5.8663699988,9
OVRP,822,ok,7.0211826422,9
OVRP,823,ok,7.5565270190,10
OVRP,824,ok,8.4832509079,8
OVRP,825,ok,7.6319370844,9
OVRP,826,ok,6.9370894955,9
OVRP,827,ok,7.9096508520,8
OVRP,828,ok,7.7664502374,8
OVRP,829,ok,6.7062047219,8
OVRP,830,ok,8.9373255547,7
OVRP,831,ok,6.7773671949,9
OVRP,832,ok,5.4444933525,8
OVRP,833,ok,7.6721465091,7
OVRP,834,ok,7.3722994861,8
OVRP,835,ok,6.2732981173,9
OVRP,836,ok,7.1003862765,8
OVRP,837,ok,8.6205721903,8
OVRP,838,ok,7.0463045404,9
OVRP,839,ok,5.7336663413,9
OVRP,840,ok,9.3275360076,8
OVRP,841,ok,7.2327342222,8
OVRP,842,ok,7.0415392493,8
OVRP,843,ok,7.3955115552,10
OVRP,844,ok,6.9684432621,8
OVRP,845,ok,6.9932287130,8
OVRP,846,ok,7.3673857045,9
OVRP,847,ok,8.5815069564,8
OVRP,848,ok,7.5538012207,9
OVRP,849,ok,6.8478244634,9
OVRP,850,ok,6.1349064276,8
OVRP,851,ok,8.6086169893,8
OVRP,852,ok,8.1981017012,8
OVRP,853,ok,8.0836996157,7
OVRP,854,ok,7.8182498659,8
OVRP,855,ok,6.7189328176,11
OVRP,856,ok,7.1575383729,7
OVRP,857,ok,7.4134874506,8
OVRP,858,ok,6.8614034672,9
OVRP,859,ok,7.6949781449,9
OVRP,860,ok,7.7097906592,7
OVRP,861,ok,6.7283040660,10
OVRP,862,ok,5.4313708231,9
OVRP,863,ok,6.8155506833,9
OVRP,864,ok,6.8452920688,11
OVRP,865,ok,8.3936749151,8
OVRP,866,ok,7.2481550262,9
OVRP,867,ok,5.9266648282,8
OVRP,868,ok,7.2918532156,10
OVRP,869,ok,7.3096439084,9
OVRP,870,ok,7.1757564246,9
OVRP,871,ok,6.9449541557,10
OVRP,872,ok,7.3052579587,9
OVRP,873,ok,6.8930451385,10
OVRP,874,ok,6.5187530638,7
OVRP,875,ok,7.0751830850,9
OVRP,876,ok,6.5572758457,9
OVRP,877,ok,6.4368666847,9
OVRP,878,ok,6.9929001294,9
OVRP,879,ok,7.4574012979,9
OVRP,880,ok,6.9785471734,9
OVRP,881,ok,7.9082063550,9
OVRP,882,ok,8.0703757037,9
OVRP,883,ok,6.7107827225,8
OVRP,884,ok,8.7949010826,8
OVRP,885,ok,8.2781501633,9
OVRP,886,ok,6.9387437896,9
OVRP,887,ok,6.4091330560,10
OVRP,888,ok,6.6952937692,8
OVRP,889,ok,8.6486933571,11
OVRP,890,ok,6.5702415697,9
OVRP,891,ok,7.6513274849,9
OVRP,892,ok,8.0024395113,8
OVRP,893,ok,7.7579692168,9
OVRP,894,ok,6.8813409488,8
OVRP,895,ok,8.6883454244,8
OVRP,896,ok,6.9273375745,9
OVRP,897,ok,7.6493274875,9
OVRP,898,ok,7.1756136625,10
OVRP,899,ok,6.7277541657,7
OVRP,900,ok,6.9408851058,8
OVRP,901,ok,7.5961661554,10
OVRP,902,ok,6.7559502308,8
OVRP,903,ok,7.2072189887,8
OVRP,904,ok,8.7307193180,8
OVRP,905,ok,6.8289843518,9
OVRP,906,ok,6.5269363673,8
OVRP,907,ok,6.0134386586,9
OVRP,908,ok,7.0233680394,9
OVRP,909,ok,7.2512274850,8
OVRP,910,ok,6.3740536597,9
OVRP,911,ok,6.9919788986,8
OVRP,912,ok,7.0638558866,9
OVRP,913,ok,7.4817777662,9
OVRP,914,ok,8.2416511251,8
OVRP,915,ok,6.2120999539,8
OVRP,916,ok,7.1372224536,7
OVRP,917,ok,6.5256965503,8
OVRP,918,ok,7.9333794918,9
OVRP,919,ok,6.5010610940,10
OVRP,920,ok,7.1248093210,8
OVRP,921,ok,6.4815611931,8
OVRP,922,ok,5.9322828839,10
OVRP,923,ok,6.9650067734,9
OVRP,924,ok,7.4246192912,9
OVRP,925,ok,6.1471305532,9
OVRP,926,ok,6.5885933133,8
OVRP,927,ok,8.1364781561,8
OVRP,928,ok,7.1386312398,10
OVRP,929,ok,8.1981174223,9
OVRP,930,ok,6.5084229297,7
OVRP,931,ok,6.2403663882,7
OVRP,932,ok,7.1095276405,7
OVRP,933,ok,6.4780783301,8
OVRP,934,ok,8.4687649423,10
OVRP,935,ok,6.5967270634,9
OVRP,936,ok,6.9898690107,10
OVRP,937,ok,6.6030170549,9
OVRP,938,ok,7.7866681978,9
OVRP,939,ok,6.0867358608,9
OVRP,940,ok,7.6426727584,9
OVRP,941,ok,6.9512408803,9
OVRP,942,ok,7.4684348454,8
OVRP,943,ok,6.9355674710,7
OVRP,944,ok,7.1312668661,8
OVRP,945,ok,8.0405213716,9
OVRP,946,ok,6.5843607668,8
OVRP,947,ok,6.4617144964,8
OVRP,948,ok,7.0305228825,9
OVRP,949,ok,6.9711616586,9
OVRP,950,ok,6.9306172858,8
OVRP,951,ok,7.3997108643,8
OVRP,952,ok,7.5228030790,8
OVRP,953,ok,6.3800779612,8
OVRP,954,ok,7.0646209612,8
OVRP,955,ok,8.3052437121,9
OVRP,956,ok,7.8713310024,8
OVRP,957,ok,7.4886050977,9
OVRP,958,ok,8.0123157990,10
OVRP,959,ok,6.7457095978,8
OVRP,960,ok,7.5859116210,9
OVRP,961,ok,8.5358226376,10
OVRP,962,ok,8.3798706588,10
OVRP,963,ok,6.1115865132,7
OVRP,964,ok,7.4379067426,8
OVRP,965,ok,7.9142814887,11
OVRP,966,ok,6.2172943057,8
OVRP,967,ok,7.0434173787,10
OVRP,968,ok,8.5555671768,9
OVRP,969,ok,8.3368838968,8
OVRP,970,ok,8.2052636709,10
OVRP,971,ok,7.1460239031,10
OVRP,972,ok,6.7739402113,10
OVRP,973,ok,7.9542635409,8
OVRP,974,ok,7.0874315221,10
OVRP,975,ok,6.1017878915,9
OVRP,976,ok,5.4894027487,9
OVRP,977,ok,7.5516332449,8
OVRP,978,ok,6.5100755333,7
OVRP,979,ok,6.5359157503,9
OVRP,980,ok,6.6882565544,9
OVRP,981,ok,7.2119590973,9
OVRP,982,ok,6.8213848333,9
OVRP,983,ok,8.3537857097,8
OVRP,984,ok,8.0229837225,7
OVRP,985,ok,7.3820629460,7
OVRP,986,ok,6.7675009719,8
OVRP,987,ok,7.6097213132,9
OVRP,988,ok,7.2349746441,9
OVRP,989,ok,7.0931723112,9
OVRP,990,ok,7.2078583131,9
OVRP,991,ok,6.4796756771,8
OVRP,992,ok,7.5249695700,10
OVRP,993,ok,6.7876538731,8
OVRP,994,ok,7.7937461439,8
OVRP,995,ok,7.1978190093,7
OVRP,996,ok,7.3233385537,9
OVRP,997,ok,6.7252531773,9
OVRP,998,ok,7.9324613592,9
OVRP,999,ok,6.3130826462,8
VRPB,0,ok,7.3542114986,4
VRPB,1,ok,7.0837286872,4
VRPB,2,ok,7.6585745123,4
VRPB,3,ok,7.4998740361,5
VRPB,4,ok,7.7236749442,5
VRPB,5,ok,7.5340205511,3
VRPB,6,ok,7.4705445829,4
VRPB,7,ok,8.1765306422,4
VRPB,8,ok,8.3357076824,5
VRPB,9,ok,8.6421850516,4
VRPB,10,ok,8.5171877757,5
VRPB,11,ok,9.3140393267,4
VRPB,12,ok,8.3507142903,5
VRPB,13,ok,7.9971114269,3
VRPB,14,ok,7.8130465564,4
VRPB,15,ok,7.2375101804,4
VRPB,16,ok,8.5927255040,5
VRPB,17,ok,8.7859409238,4
VRPB,18,ok,8.2393179304,5
VRPB,19,ok,7.4563438387,5
VRPB,20,ok,8.0410494160,5
VRPB,21,ok,8.7998233348,5
VRPB,22,ok,7.6881418389,4
VRPB,23,ok,9.9908762933,5
VRPB,24,ok,9.5874469623,4
VRPB,25,ok,9.1316176380,5
VRPB,26,ok,7.3661659383,4
VRPB,27,ok,7.8452312125,5
VRPB,28,ok,8.4674160814,5
VRPB,29,ok,8.1657789402,4
VRPB,30,ok,7.5673751087,4
VRPB,31,ok,6.9697662811,3
VRPB,32,ok,8.7108882123,4
VRPB,33,ok,8.1935880988,4
VRPB,34,ok,9.2132585088,5
VRPB,35,ok,7.1013017383,4
VRPB,36,ok,10.1654489942,4
VRPB,37,ok,8.6496790120,5
VRPB,38,ok,9.0333245587,4
VRPB,39,ok,7.1831779872,4
VRPB,40,ok,8.6543713677,5
VRPB,41,ok,8.8215479561,6
VRPB,42,ok,8.0865176519,4
VRPB,43,ok,10.3345145804,4
VRPB,44,ok,8.8366356210,5
VRPB,45,ok,7.9064677444,5
VRPB,46,ok,10.0520906886,4
VRPB,47,ok,7.6575628283,5
VRPB,48,ok,7.8967892537,5
VRPB,49,ok,8.8773165212,4
VRPB,50,ok,7.7609127407,4
VRPB,51,ok,7.1381764073,5
VRPB,52,ok,7.8384287625,4
VRPB,53,ok,8.3442085571,4
VRPB,54,ok,8.6074732402,6
VRPB,55,ok,7.9823099384,4
VRPB,56,ok,8.1223381270,4
VRPB,57,ok,7.7721826409,4
VRPB,58,ok,7.9636680720,6
VRPB,59,ok,7.5219451270,3
VRPB,60,ok,6.8670564192,4
VRPB,61,ok,9.6867154943,5
VRPB,62,ok,8.2987635377,4
VRPB,63,ok,10.1078813194,5
VRPB,64,ok,8.6536318144,4
VRPB,65,ok,6.6980307161,4
VRPB,66,ok,9.3981815057,5
VRPB,67,ok,9.0170275002,4
VRPB,68,ok,10.5623191371,5
VRPB,69,ok,8.7941751842,5
VRPB,70,ok,7.8568844901,4
VRPB,71,ok,7.9233093850,4
VRPB,72,ok,6.9012563202,4
VRPB,73,ok,7.5959395840,4
VRPB,74,ok,8.4804698735,5
VRPB,75,ok,9.2084839002,4
VRPB,76,ok,8.6189206058,4
VRPB,77,ok,7.5625740830,4
VRPB,78,ok,9.2903406146,4
VRPB,79,ok,9.6226514948,4
VRPB,80,ok,8.9901742653,4
VRPB,81,ok,8.1055097741,5
VRPB,82,ok,10.5274530649,5
VRPB,83,ok,8.3223992783,5
VRPB,84,ok,8.3774839660,5
VRPB,85,ok,8.8971431250,4
VRPB,86,ok,8.6582619427,5
VRPB,87,ok,7.7978273763,5
VRPB,88,ok,7.4901108093,4
VRPB,89,ok,7.1680058970,4
VRPB,90,ok,7.9912017495,5
VRPB,91,ok,6.8537494723,4
VRPB,92,ok,8.0883664244,4
VRPB,93,ok,8.2781039866,4
VRPB,94,ok,9.1494453925,6
VRPB,95,ok,8.4689699212,4
VRPB,96,ok,10.0825559110,5
VRPB,97,ok,6.8710279225,4
VRPB,98,ok,8.1304405970,4
VRPB,99,ok,7.0186178335,4
VRPB,100,ok,7.2077344843,4
VRPB,101,ok,8.3249265939,4
VRPB,102,ok,7.9328868312,4
VRPB,103,ok,7.1497344515,3
VRPB,104,ok,7.2902829096,4
VRPB,105,ok,7.9034680906,5
VRPB,106,ok,8.3848106369,5
VRPB,107,ok,9.4321055366,4
VRPB,108,ok,8.8357276067,4
VRPB,109,ok,9.1357476023,5
VRPB,110,ok,8.4421279080,5
VRPB,111,ok,8.6326335748,5
VRPB,112,ok,9.6485592262,4
VRPB,113,ok,6.6369560727,4
VRPB,114,ok,7.5449633151,4
VRPB,115,ok,8.0136569943,5
VRPB,116,ok,7.9005429353,4
VRPB,117,ok,7.8388552218,4
VRPB,118,ok,9.0525834322,4
VRPB,119,ok,6.8544345509,4
VRPB,120,ok,8.7204139631,5
VRPB,121,ok,7.9965706269,3
VRPB,122,ok,8.4071816970,5
VRPB,123,ok,7.5139932749,4
VRPB,124,ok,8.4535920099,4
VRPB,125,ok,9.3470103835,4
VRPB,126,ok,8.9000342968,4
VRPB,127,ok,9.5700959823,5
VRPB,128,ok,9.6683115928,5
VRPB,129,ok,8.6093920779,5
VRPB,130,ok,9.2814595644,5
VRPB,131,ok,8.7872040939,4
VRPB,132,ok,9.4759240281,4
VRPB,133,ok,7.9350856485,4
VRPB,134,ok,9.2444345682,4
VRPB,135,ok,8.0065514052,5
VRPB,136,ok,8.3455433334,5
VRPB,137,ok,7.8479858137,5
VRPB,138,ok,8.4961448387,5
VRPB,139,ok,9.3876892005,5
VRPB,140,ok,8.2654224890,5
VRPB,141,ok,7.6921957865,5
VRPB,142,ok,8.5821774036,4
VRPB,143,ok,8.6869163578,4
VRPB,144,ok,9.3830778344,4
VRPB,145,ok,10.0089229647,5
VRPB,146,ok,8.6172777281,5
VRPB,147,ok,10.0141384630,5
VRPB,148,ok,7.2359943621,4
VRPB,149,ok,7.2850485305,4
VRPB,150,ok,8.6396840238,5
VRPB,151,ok,9.3973306736,4
VRPB,152,ok,8.0956806122,5
VRPB,153,ok,8.3174808336,4
VRPB,154,ok,8.1004269832,4
VRPB,155,ok,8.0953628987,4
VRPB,156,ok,7.8400373433,5
VRPB,157,ok,8.1313465747,4
VRPB,158,ok,8.4556923778,5
VRPB,159,ok,9.0775000869,5
VRPB,160,ok,7.7386001585,4
VRPB,161,ok,7.1081856633,4
VRPB,162,ok,8.5109174065,5
VRPB,163,ok,8.4813815816,4
VRPB,164,ok,7.6767252790,5
VRPB,165,ok,8.8681279566,4
VRPB,166,ok,9.6230167583,5
VRPB,167,ok,6.9791463656,6
VRPB,168,ok,7.6842770171,5
VRPB,169,ok,9.0867702124,4
VRPB,170,ok,9.1203069548,6
VRPB,171,ok,9.3784998935,5
VRPB,172,ok,8.4016954662,5
VRPB,173,ok,8.5643326614,5
VRPB,174,ok,7.6402339951,5
VRPB,175,ok,9.1725853202,4
VRPB,176,ok,8.7822956723,4
VRPB,177,ok,9.7492764911,6
VRPB,178,ok,7.4481163315,5
VRPB,179,ok,7.7167714150,4
VRPB,180,ok,8.2695618860,5
VRPB,181,ok,9.9595159693,5
VRPB,182,ok,7.1736031745,4
VRPB,183,ok,8.7636540922,4
VRPB,184,ok,8.2186609675,5
VRPB,185,ok,8.1691380367,5
VRPB,186,ok,10.5134557407,5
VRPB,187,ok,7.6683584364,4
VRPB,188,ok,9.5249270742,5
VRPB,189,ok,8.7167101756,4
VRPB,190,ok,7.8833769339,3
VRPB,191,ok,7.4281111960,4
VRPB,192,ok,8.2440576068,3
VRPB,193,ok,9.2962771982,4
VRPB,194,ok,8.0557900607,5
VRPB,195,ok,9.4782193041,5
VRPB,196,ok,11.5341008530,5
VRPB,197,ok,8.2170135569,5
VRPB,198,ok,8.2298319743,5
VRPB,199,ok,9.4718110639,4
VRPB,200,ok,8.9174779542,5
VRPB,201,ok,7.5261188202,5
VRPB,202,ok,7.3565007054,4
VRPB,203,ok,9.1947658719,5
VRPB,204,ok,7.8169396809,4
VRPB,205,ok,8.7848537698,4
VRPB,206,ok,7.8642498509,4
VRPB,207,ok,7.9757755013,4
VRPB,208,ok,8.5745180586,4
VRPB,209,ok,9.6399041368,5
VRPB,210,ok,7.7614540477,4
VRPB,211,ok,7.6230587415,4
VRPB,212,ok,9.9670247186,5
VRPB,213,ok,9.2950251128,4
VRPB,214,ok,9.2389136034,4
VRPB,215,ok,7.6105255684,4
VRPB,216,ok,8.9626088425,5
VRPB,217,ok,8.4505216533,4
VRPB,218,ok,10.8291277688,5
VRPB,219,ok,8.9170451019,4
VRPB,220,ok,9.6016712721,5
VRPB,221,ok,8.2440473866,4
VRPB,222,ok,6.8984822771,4
VRPB,223,ok,8.9517090059,4
VRPB,224,ok,8.2029765775,5
VRPB,225,ok,7.8305829347,5
VRPB,226,ok,10.2704461490,5
VRPB,227,ok,9.7907065485,5
VRPB,228,ok,8.9563101771,4
VRPB,229,ok,7.6710710236,4
VRPB,230,ok,9.2154412904,5
VRPB,231,ok,9.9433124956,4
VRPB,232,ok,8.5709833196,5
VRPB,233,ok,8.1459198450,4
VRPB,234,ok,8.7700013153,4
VRPB,235,ok,7.9506740425,4
VRPB,236,ok,9.2847067457,4
VRPB,237,ok,8.2911165637,4
VRPB,238,ok,7.5289929997,6
VRPB,239,ok,9.8859902673,5
VRPB,240,ok,7.7541881018,4
VRPB,241,ok,7.0436845774,3
VRPB,242,ok,7.7472682401,5
VRPB,243,ok,7.2956533263,5
VRPB,244,ok,8.9322817455,4
VRPB,245,ok,9.2020142142,4
VRPB,246,ok,9.0920959200,4
VRPB,247,ok,8.1592208527,4
VRPB,248,ok,9.3333530807,4
VRPB,249,ok,9.0230664303,5
VRPB,250,ok,7.5475544784,5
VRPB,251,ok,7.8470278064,4
VRPB,252,ok,8.2855132534,4
VRPB,253,ok,6.7179875637,4
VRPB,254,ok,7.7080864104,4
VRPB,255,ok,7.9263814091,4
VRPB,256,ok,7.6861382168,5
VRPB,257,ok,7.4080276826,4
VRPB,258,ok,7.9626363784,5
VRPB,259,ok,7.8643846464,4
VRPB,260,ok,8.9783950051,5
VRPB,261,ok,7.3817507176,4
VRPB,262,ok,9.2000953938,5
VRPB,263,ok,9.6950387190,4
VRPB,264,ok,7.8620312394,5
VRPB,265,ok,8.6674910657,4
VRPB,266,ok,8.2321261878,4
VRPB,267,ok,8.5722574973,4
VRPB,268,ok,8.1708757433,4
VRPB,269,ok,9.1043949701,6
VRPB,270,ok,9.6813359720,5
VRPB,271,ok,7.6217253091,4
VRPB,272,ok,8.0881696921,5
VRPB,273,ok,10.5866016500,5
VRPB,274,ok,8.3844779663,4
VRPB,275,ok,7.9879372964,5
VRPB,276,ok,7.7733352244,4
VRPB,277,ok,8.4517866826,4
VRPB,278,ok,9.2606218085,5
VRPB,279,ok,10.2769443466,5
VRPB,280,ok,8.4467054805,4
VRPB,281,ok,7.9261968234,4
VRPB,282,ok,9.1877788866,5
VRPB,283,ok,6.9218516957,3
VRPB,284,ok,7.3137699975,5
VRPB,285,ok,8.1934542005,4
VRPB,286,ok,9.0214293658,4
VRPB,287,ok,10.8456352449,5
VRPB,288,ok,7.7809157483,4
VRPB,289,ok,9.1361468659,5
VRPB,290,ok,8.0103357143,4
VRPB,291,ok,7.3593759741,3
VRPB,292,ok,8.2298807774,4
VRPB,293,ok,8.1360991840,5
VRPB,294,ok,7.4668954808,5
VRPB,295,ok,8.9671684318,4
VRPB,296,ok,8.1566399245,4
VRPB,297,ok,7.8025570445,5
VRPB,298,ok,8.5265396140,4
VRPB,299,ok,8.9132105117,4
VRPB,300,ok,9.4372963992,5
VRPB,301,ok,8.3961235377,5
VRPB,302,ok,7.5186905984,4
VRPB,303,ok,8.0370806534,5
VRPB,304,ok,10.0024571819,4
VRPB,305,ok,8.0719951029,5
VRPB,306,ok,8.4753441527,5
VRPB,307,ok,7.7943760667,4
VRPB,308,ok,8.3254047501,4
VRPB,309,ok,8.8543596688,4
VRPB,310,ok,8.2456462307,4
VRPB,311,ok,8.4480311242,4
VRPB,312,ok,8.4087341030,4
VRPB,313,ok,8.0409832658,5
VRPB,314,ok,10.1831613524,4
VRPB,315,ok,8.8439899740,4
VRPB,316,ok,7.8966826289,5
VRPB,317,ok,7.2980951273,4
VRPB,318,ok,8.0554756390,4
VRPB,319,ok,8.8949952387,4
VRPB,320,ok,8.0312363581,5
VRPB,321,ok,8.5958611952,5
VRPB,322,ok,7.6438523234,4
VRPB,323,ok,7.8809870422,4
VRPB,324,ok,7.9324421087,4
VRPB,325,ok,7.1602721818,4
VRPB,326,ok,8.3854281558,3
VRPB,327,ok,8.1753345666,4
VRPB,328,ok,6.8428519335,4
VRPB,329,ok,7.9889840317,4
VRPB,330,ok,7.0965563262,5
VRPB,331,ok,9.6278932871,5
VRPB,332,ok,7.6216955084,4
VRPB,333,ok,9.1006839731,5
VRPB,334,ok,9.8749516099,6
VRPB,335,ok,8.4989062793,5
VRPB,336,ok,7.8285337966,4
VRPB,337,ok,8.1598246228,4
VRPB,338,ok,9.4097444671,5
VRPB,339,ok,9.0437571252,4
VRPB,340,ok,8.5508267720,5
VRPB,341,ok,7.4980043869,4
VRPB,342,ok,8.9115884871,4
VRPB,343,ok,7.7513008177,5
VRPB,344,ok,8.0582972048,4
VRPB,345,ok,8.3526282569,5
VRPB,346,ok,9.7596240979,5
VRPB,347,ok,9.2647274589,5
VRPB,348,ok,8.2984944406,4
VRPB,349,ok,7.8119528842,4
VRPB,350,ok,9.7814591945,4
VRPB,351,ok,7.0619458816,4
VRPB,352,ok,8.9641327783,6
VRPB,353,ok,8.2377823144,5
VRPB,354,ok,8.4432537258,4
VRPB,355,ok,9.8059459916,5
VRPB,356,ok,7.7764057647,4
VRPB,357,ok,8.0126213118,4
VRPB,358,ok,7.0735218261,3
VRPB,359,ok,9.3733147016,4
VRPB,360,ok,8.4536753160,4
VRPB,361,ok,10.6465384766,5
VRPB,362,ok,7.6570972309,4
VRPB,363,ok,7.7301117445,5
VRPB,364,ok,9.1999541592,4
VRPB,365,ok,8.6957944507,5
VRPB,366,ok,8.0018999622,4
VRPB,367,ok,8.2474767601,5
VRPB,368,ok,9.2345917669,4
VRPB,369,ok,9.6048451927,4
VRPB,370,ok,8.4343982260,5
VRPB,371,ok,7.5367779261,4
VRPB,372,ok,8.0242249769,4
VRPB,373,ok,7.9014363075,4
VRPB,374,ok,7.8980225066,4
VRPB,375,ok,8.5712857465,4
VRPB,376,ok,7.9259885215,5
VRPB,377,ok,9.1965920680,5
VRPB,378,ok,6.8350367932,4
VRPB,379,ok,8.5071839922,5
VRPB,380,ok,7.3707383144,4
VRPB,381,ok,8.2511758535,4
VRPB,382,ok,8.7011490733,4
VRPB,383,ok,7.6003059830,4
VRPB,384,ok,8.2801504455,4
VRPB,385,ok,8.2786135481,4
VRPB,386,ok,8.6671289567,4
VRPB,387,ok,8.1581030005,4
VRPB,388,ok,7.6471325376,4
VRPB,389,ok,7.7179792844,4
VRPB,390,ok,8.9798268672,5
VRPB,391,ok,8.9106307643,5
VRPB,392,ok,8.1190870979,4
VRPB,393,ok,8.0564874411,4
VRPB,394,ok,7.9937836132,5
VRPB,395,ok,7.7023088658,5
VRPB,396,ok,10.1761147305,5
VRPB,397,ok,6.8440455035,4
VRPB,398,ok,9.6088108717,4
VRPB,399,ok,8.3213085886,5
VRPB,400,ok,8.6201594155,5
VRPB,401,ok,7.4201487837,4
VRPB,402,ok,9.4676576257,5
VRPB,403,ok,8.4300302715,4
VRPB,404,ok,8.9988584984,4
VRPB,405,ok,9.0485698447,5
VRPB,406,ok,8.8996276277,4
VRPB,407,ok,7.9009621242,4
VRPB,408,ok,8.2547677663,4
VRPB,409,ok,7.8070794843,4
VRPB,410,ok,6.9258227181,4
VRPB,411,ok,7.4350435505,4
VRPB,412,ok,7.5921432258,4
VRPB,413,ok,7.3556275446,4
VRPB,414,ok,7.7612879659,4
VRPB,415,ok,7.0697589444,4
VRPB,416,ok,9.1467335544,4
VRPB,417,ok,9.5389245191,5
VRPB,418,ok,8.6880313815,4
VRPB,419,ok,8.2661113874,4
VRPB,420,ok,7.9714869314,4
VRPB,421,ok,6.9642447274,3
VRPB,422,ok,7.7801803958,4
VRPB,423,ok,9.0999109632,5
VRPB,424,ok,8.5786608698,5
VRPB,425,ok,6.4444716646,3
VRPB,426,ok,8.8252280979,4
VRPB,427,ok,8.1900120732,4
VRPB,428,ok,8.7358245429,4
VRPB,429,ok,8.2994871300,4
VRPB,430,ok,8.1717673350,4
VRPB,431,ok,7.7226003299,4
VRPB,432,ok,7.6635018833,5
VRPB,433,ok,7.4606146536,4
VRPB,434,ok,8.4952982899,4
VRPB,435,ok,7.4539208548,4
VRPB,436,ok,7.8393622623,5
VRPB,437,ok,7.6403232535,6
VRPB,438,ok,8.9172925541,5
VRPB,439,ok,8.6261620663,5
VRPB,440,ok,8.6296436534,4
VRPB,441,ok,8.2256451094,5
VRPB,442,ok,7.1106265340,4
VRPB,443,ok,8.6029592544,4
VRPB,444,ok,7.1734123577,5
VRPB,445,ok,8.2990766713,6
VRPB,446,ok,9.3977924463,5
VRPB,447,ok,8.1284702148,4
VRPB,448,ok,7.5908502376,4
VRPB,449,ok,7.8825326368,5
VRPB,450,ok,8.9153547148,4
VRPB,451,ok,7.1989817412,5
VRPB,452,ok,8.9683643873,4
VRPB,453,ok,8.1903403176,4
VRPB,454,ok,7.8369580126,4
VRPB,455,ok,8.8042600601,5
VRPB,456,ok,7.3096317509,3
VRPB,457,ok,7.8807828365,6
VRPB,458,ok,8.2004363298,4
VRPB,459,ok,9.5569544855,5
VRPB,460,ok,7.7978357961,4
VRPB,461,ok,7.4499900458,4
VRPB,462,ok,7.0168368737,4
VRPB,463,ok,8.2788781220,4
VRPB,464,ok,8.2876971222,4
VRPB,465,ok,9.4913074661,5
VRPB,466,ok,8.3135819949,5
VRPB,467,ok,8.8319772816,5
VRPB,468,ok,9.8544326144,5
VRPB,469,ok,8.7685000561,4
VRPB,470,ok,7.9692941036,4
VRPB,471,ok,9.0474158710,5
VRPB,472,ok,8.7022312225,5
VRPB,473,ok,8.1877869675,4
VRPB,474,ok,7.8076404496,4
VRPB,475,ok,7.6304040734,4
VRPB,476,ok,8.1840379788,5
VRPB,477,ok,7.4331116297,3
VRPB,478,ok,7.4318366311,5
VRPB,479,ok,8.2790571880,4
VRPB,480,ok,9.7902146312,5
VRPB,481,ok,7.1281957064,5
VRPB,482,ok,8.7633750702,4
VRPB,483,ok,8.6719935945,5
VRPB,484,ok,7.3433113906,4
VRPB,485,ok,8.9608100352,5
VRPB,486,ok,8.2641713174,4
VRPB,487,ok,8.1783895740,4
VRPB,488,ok,9.2707798661,5
VRPB,489,ok,7.7201158267,4
VRPB,490,ok,9.2337467639,4
VRPB,491,ok,8.2044160786,5
VRPB,492,ok,7.3047218663,4
VRPB,493,ok,8.7724171313,4
VRPB,494,ok,8.8349304281,5
VRPB,495,ok,8.0495336961,4
VRPB,496,ok,7.8844820552,5
VRPB,497,ok,9.2019557011,5
VRPB,498,ok,7.1717317638,3
VRPB,499,ok,8.9691876659,4
VRPB,500,ok,7.6186187413,5
VRPB,501,ok,7.6282391330,4
VRPB,502,ok,8.3620948968,5
VRPB,503,ok,7.0447412907,5
VRPB,504,ok,8.2528537346,4
VRPB,505,ok,7.4844414450,4
VRPB,506,ok,7.9934613126,4
VRPB,507,ok,9.5577766570,5
VRPB,508,ok,8.6552794378,4
VRPB,509,ok,8.2469592418,5
VRPB,510,ok,8.6754434355,4
VRPB,511,ok,8.4017041624,5
VRPB,512,ok,9.9799796425,5
VRPB,513,ok,8.2517065092,4
VRPB,514,ok,9.9568240586,6
VRPB,515,ok,9.2860320578,5
VRPB,516,ok,9.7999278423,5
VRPB,517,ok,8.1038155068,4
VRPB,518,ok,7.9265193135,4
VRPB,519,ok,7.9062649415,5
VRPB,520,ok,9.1308353872,4
VRPB,521,ok,7.7208915451,4
VRPB,522,ok,8.0291443511,5
VRPB,523,ok,9.9781523366,5
VRPB,524,ok,7.2541230434,4
VRPB,525,ok,7.5882123146,5
VRPB,526,ok,9.1332032233,4
VRPB,527,ok,7.3352961266,4
VRPB,528,ok,8.6353560531,5
VRPB,529,ok,7.5649333387,4
VRPB,530,ok,8.5304156851,4
VRPB,531,ok,8.9810588310,5
VRPB,532,ok,7.1748068853,4
VRPB,533,ok,8.9866217390,4
VRPB,534,ok,7.9999286945,5
VRPB,535,ok,7.4127655712,4
VRPB,536,ok,7.5978560057,5
VRPB,537,ok,7.9398621133,4
VRPB,538,ok,10.0606317468,5
VRPB,539,ok,8.1591341086,4
VRPB,540,ok,10.0573910499,5
VRPB,541,ok,7.9598207612,4
VRPB,542,ok,8.1776782447,4
VRPB,543,ok,9.0465781944,5
VRPB,544,ok,7.8085056160,6
VRPB,545,ok,7.0795449198,4
VRPB,546,ok,8.6269824674,5
VRPB,547,ok,7.1896652641,4
VRPB,548,ok,7.5380779490,5
VRPB,549,ok,7.5618673831,5
VRPB,550,ok,10.6165395889,5
VRPB,551,ok,7.5851310430,4
VRPB,552,ok,7.9603776150,4
VRPB,553,ok,8.9085581942,5
VRPB,554,ok,9.7191800488,4
VRPB,555,ok,6.8053050423,4
VRPB,556,ok,8.4161215288,5
VRPB,557,ok,10.1059590898,5
VRPB,558,ok,8.9978317355,5
VRPB,559,ok,7.2558841438,4
VRPB,560,ok,10.9440615714,6
VRPB,561,ok,10.2933722403,5
VRPB,562,ok,9.2422106050,5
VRPB,563,ok,7.9181825804,5
VRPB,564,ok,8.6065497773,4
VRPB,565,ok,8.8981780798,4
VRPB,566,ok,7.6902881528,4
VRPB,567,ok,8.6403772554,4
VRPB,568,ok,7.8894371641,4
VRPB,569,ok,8.9114394952,5
VRPB,570,ok,7.3935679607,4
VRPB,571,ok,8.5516310859,6
VRPB,572,ok,8.4313776995,4
VRPB,573,ok,7.6926317533,5
VRPB,574,ok,10.1385009570,5
VRPB,575,ok,8.2548863988,5
VRPB,576,ok,7.4070283946,5
VRPB,577,ok,7.3363113921,4
VRPB,578,ok,7.6435178419,4
VRPB,579,ok,7.1456792021,4
VRPB,580,ok,9.3638561950,5
VRPB,581,ok,7.0450075889,4
VRPB,582,ok,8.6659221389,4
VRPB,583,ok,8.2803197799,4
VRPB,584,ok,9.7932806139,5
VRPB,585,ok,7.9684030701,5
VRPB,586,ok,6.9240122700,4
VRPB,587,ok,8.5925611733,4
VRPB,588,ok,8.7195230215,4
VRPB,589,ok,8.8235398299,5
VRPB,590,ok,9.0297013736,4
VRPB,591,ok,9.6350393223,5
VRPB,592,ok,8.1030681552,5
VRPB,593,ok,9.6296563067,4
VRPB,594,ok,7.7794264142,4
VRPB,595,ok,8.4162008994,5
VRPB,596,ok,7.7046743368,5
VRPB,597,ok,8.3230257594,5
VRPB,598,ok,7.5905293332,4
VRPB,599,ok,9.0727656643,4
VRPB,600,ok,10.5318468281,5
VRPB,601,ok,7.9679972085,5
VRPB,602,ok,7.7305040508,4
VRPB,603,ok,7.2625481936,4
VRPB,604,ok,9.9231431513,5
VRPB,605,ok,6.9457319262,4
VRPB,606,ok,7.3024539676,4
VRPB,607,ok,8.5044839093,5
VRPB,608,ok,7.6945080705,5
VRPB,609,ok,9.8173208364,4
VRPB,610,ok,9.3531354604,4
VRPB,611,ok,9.2246795830,5
VRPB,612,ok,6.3916897604,3
VRPB,613,ok,9.9096710860,5
VRPB,614,ok,7.7465835048,4
VRPB,615,ok,9.2330828940,4
VRPB,616,ok,8.8725642039,4
VRPB,617,ok,10.0246962912,5
VRPB,618,ok,8.3996547341,5
VRPB,619,ok,9.0243124246,6
VRPB,620,ok,7.4682765976,4
VRPB,621,ok,8.7620315800,5
VRPB,622,ok,9.8460656203,5
VRPB,623,ok,8.4694396501,4
VRPB,624,ok,7.8153623757,4
VRPB,625,ok,8.0381646841,4
VRPB,626,ok,9.4866391731,5
VRPB,627,ok,7.8866317559,5
VRPB,628,ok,8.1611824171,4
VRPB,629,ok,8.4070245555,5
VRPB,630,ok,7.6993838852,4
VRPB,631,ok,7.4969732132,4
VRPB,632,ok,7.5701806165,6
VRPB,633,ok,7.9934194028,5
VRPB,634,ok,7.9561978769,4
VRPB,635,ok,9.4279995555,4
VRPB,636,ok,7.6265511097,4
VRPB,637,ok,8.1212150500,4
VRPB,638,ok,7.9650879145,4
VRPB,639,ok,8.7886493317,4
VRPB,640,ok,7.9873444938,4
VRPB,641,ok,8.2404760399,4
VRPB,642,ok,9.3025996768,5
VRPB,643,ok,7.2688026571,4
VRPB,644,ok,9.2294172717,4
VRPB,645,ok,8.3151135651,5
VRPB,646,ok,7.9360182977,5
VRPB,647,ok,7.7852307486,4
VRPB,648,ok,7.8543376488,5
VRPB,649,ok,8.9567250423,5
VRPB,650,ok,6.8617181083,4
VRPB,651,ok,7.4614832297,4
VRPB,652,ok,10.2767010199,5
VRPB,653,ok,7.0562587004,3
VRPB,654,ok,9.1421471963,5
VRPB,655,ok,8.7159458577,5
VRPB,656,ok,9.1414295819,4
VRPB,657,ok,8.1466461268,4
VRPB,658,ok,7.8259206502,4
VRPB,659,ok,8.7775627861,4
VRPB,660,ok,7.8060503073,5
VRPB,661,ok,9.1664487452,4
VRPB,662,ok,6.3876295874,4
VRPB,663,ok,9.3009111040,5
VRPB,664,ok,7.3995918315,4
VRPB,665,ok,8.1755512122,5
VRPB,666,ok,8.8462638485,4
VRPB,667,ok,9.7634116207,5
VRPB,668,ok,8.2141254786,4
VRPB,669,ok,8.7818483044,4
VRPB,670,ok,9.0816342202,5
VRPB,671,ok,7.4946624502,5
VRPB,672,ok,8.6097589786,5
VRPB,673,ok,9.3602969933,4
VRPB,674,ok,7.6428873799,5
VRPB,675,ok,7.6635614543,4
VRPB,676,ok,6.6524107016,4
VRPB,677,ok,7.6377630361,4
VRPB,678,ok,8.6581218309,5
VRPB,679,ok,8.8388927231,4
VRPB,680,ok,8.1430353500,4
VRPB,681,ok,7.5960252625,3
VRPB,682,ok,8.0936741038,5
VRPB,683,ok,8.4571048313,5
VRPB,684,ok,7.5972970766,3
VRPB,685,ok,8.9221651116,5
VRPB,686,ok,8.3171131975,4
VRPB,687,ok,10.1040456649,5
VRPB,688,ok,7.4117253737,4
VRPB,689,ok,8.2783862520,4
VRPB,690,ok,6.8548299814,4
VRPB,691,ok,8.9333836190,4
VRPB,692,ok,8.7324684341,5
VRPB,693,ok,7.9128849498,4
VRPB,694,ok,8.4089587056,5
VRPB,695,ok,9.5446041706,4
VRPB,696,ok,8.8115322145,5
VRPB,697,ok,8.7858162151,4
VRPB,698,ok,7.6757706635,4
VRPB,699,ok,7.3497442534,4
VRPB,700,ok,7.7353193708,4
VRPB,701,ok,8.1999874109,5
VRPB,702,ok,8.3336650176,4
VRPB,703,ok,8.2728909692,4
VRPB,704,ok,8.4517224743,5
VRPB,705,ok,8.4530428544,5
VRPB,706,ok,8.2422336196,4
VRPB,707,ok,8.6174023821,5
VRPB,708,ok,9.9959267029,6
VRPB,709,ok,7.9547460307,4
VRPB,710,ok,8.8887543955,5
VRPB,711,ok,8.4088382519,5
VRPB,712,ok,8.0482405375,5
VRPB,713,ok,8.5690285394,5
VRPB,714,ok,9.8032257262,5
VRPB,715,ok,8.4420422362,4
VRPB,716,ok,8.7123736565,5
VRPB,717,ok,8.6672444798,4
VRPB,718,ok,7.9259875284,4
VRPB,719,ok,9.1785310268,5
VRPB,720,ok,7.7220818936,5
VRPB,721,ok,9.5974846919,6
VRPB,722,ok,10.6850421621,6
VRPB,723,ok,7.2102263032,4
VRPB,724,ok,7.9292355859,4
VRPB,725,ok,7.7663215753,4
VRPB,726,ok,9.6199345289,5
VRPB,727,ok,10.2673326936,5
VRPB,728,ok,8.0012222034,4
VRPB,729,ok,9.4144574206,5
VRPB,730,ok,8.3614593029,4
VRPB,731,ok,7.2532195079,5
VRPB,732,ok,7.9162601150,4
VRPB,733,ok,8.0550423569,4
VRPB,734,ok,8.0923530933,4
VRPB,735,ok,8.1517320499,5
VRPB,736,ok,8.7124714264,5
VRPB,737,ok,7.4796065559,4
VRPB,738,ok,8.7128780705,5
VRPB,739,ok,7.1067511688,3
VRPB,740,ok,7.9222143154,4
VRPB,741,ok,7.5689427653,4
VRPB,742,ok,8.9460247940,4
VRPB,743,ok,8.2497993609,5
VRPB,744,ok,9.1761332919,5
VRPB,745,ok,7.2439340079,4
VRPB,746,ok,9.8142100591,5
VRPB,747,ok,8.8803848971,6
VRPB,748,ok,8.5558095163,4
VRPB,749,ok,7.4854798496,3
VRPB,750,ok,8.8952525506,4
VRPB,751,ok,7.7638524440,5
VRPB,752,ok,7.4078072681,4
VRPB,753,ok,10.7777085899,5
VRPB,754,ok,9.5781084452,5
VRPB,755,ok,10.1182607035,5
VRPB,756,ok,8.4230604344,5
VRPB,757,ok,7.6144083598,4
VRPB,758,ok,7.4628101228,5
VRPB,759,ok,10.3667840007,6
VRPB,760,ok,8.5266439420,5
VRPB,761,ok,8.2259995478,4
VRPB,762,ok,8.3010429284,5
VRPB,763,ok,6.8981898178,4
VRPB,764,ok,7.9740850173,4
VRPB,765,ok,8.4553548051,4
VRPB,766,ok,8.3678931385,5
VRPB,767,ok,7.9056377842,5
VRPB,768,ok,7.7559293260,4
VRPB,769,ok,7.7597469492,4
VRPB,770,ok,6.9545820885,4
VRPB,771,ok,8.9889158380,4
VRPB,772,ok,8.7483177082,4
VRPB,773,ok,7.6460116283,4
VRPB,774,ok,9.4055675456,5
VRPB,775,ok,8.8808911381,5
VRPB,776,ok,7.8234813404,3
VRPB,777,ok,7.9349142887,4
VRPB,778,ok,7.3431028695,5
VRPB,779,ok,10.0062464658,6
VRPB,780,ok,8.4509815322,4
VRPB,781,ok,10.0868423934,5
VRPB,782,ok,9.2196921297,5
VRPB,783,ok,8.1443950378,5
VRPB,784,ok,7.4312000756,4
VRPB,785,ok,9.5808916839,4
VRPB,786,ok,7.5967052559,5
VRPB,787,ok,8.0349480806,5
VRPB,788,ok,7.2145397485,4
VRPB,789,ok,8.2302389207,5
VRPB,790,ok,8.1135056621,5
VRPB,791,ok,7.6566681962,5
VRPB,792,ok,8.2867774885,5
VRPB,793,ok,7.4281025324,5
VRPB,794,ok,8.4322723860,5
VRPB,795,ok,8.1753436171,4
VRPB,796,ok,8.1021973643,4
VRPB,797,ok,8.0444536496,4
VRPB,798,ok,8.4024598864,4
VRPB,799,ok,9.1565385005,4
VRPB,800,ok,9.2249209236,4
VRPB,801,ok,8.6745259116,5
VRPB,802,ok,8.2447869356,4
VRPB,803,ok,7.4123706049,4
VRPB,804,ok,8.4956696420,5
VRPB,805,ok,7.2909590440,4
VRPB,806,ok,8.8565439171,5
VRPB,807,ok,8.0459080593,5
VRPB,808,ok,7.0718356485,4
VRPB,809,ok,8.2879294208,5
VRPB,810,ok,10.2390821070,5
VRPB,811,ok,9.3659230745,5
VRPB,812,ok,8.2902027081,5
VRPB,813,ok,8.9457588813,5
VRPB,814,ok,9.4479115665,5
VRPB,815,ok,7.8443174022,4
VRPB,816,ok,8.4835031523,4
VRPB,817,ok,8.2788199761,4
VRPB,818,ok,8.1775530192,4
VRPB,819,ok,7.8675680690,4
VRPB,820,ok,8.8690296470,4
VRPB,821,ok,7.3770233624,4
VRPB,822,ok,8.5799776629,5
VRPB,823,ok,7.2001884488,4
VRPB,824,ok,9.3033068564,4
VRPB,825,ok,8.5931979967,4
VRPB,826,ok,8.7542498469,4
VRPB,827,ok,8.4744856254,4
VRPB,828,ok,9.4844893236,4
VRPB,829,ok,8.7831958503,5
VRPB,830,ok,7.8537929761,4
VRPB,831,ok,7.6792192295,3
VRPB,832,ok,7.9988407400,5
VRPB,833,ok,9.3164985259,4
VRPB,834,ok,8.8549146294,4
VRPB,835,ok,8.0106641977,5
VRPB,836,ok,7.4032116552,4
VRPB,837,ok,7.9128367365,4
VRPB,838,ok,7.7412727243,4
VRPB,839,ok,6.9181910074,4
VRPB,840,ok,9.0565184319,5
VRPB,841,ok,9.9082216625,5
VRPB,842,ok,10.9218101247,5
VRPB,843,ok,7.6812140977,4
VRPB,844,ok,7.6241207002,5
VRPB,845,ok,9.2590298691,4
VRPB,846,ok,8.5876084139,5
VRPB,847,ok,9.8086206495,6
VRPB,848,ok,9.8077775476,4
VRPB,849,ok,8.9000928034,5
VRPB,850,ok,8.7272103143,4
VRPB,851,ok,8.1323953177,5
VRPB,852,ok,6.6574971253,4
VRPB,853,ok,7.7903595507,4
VRPB,854,ok,8.3861683169,5
VRPB,855,ok,9.1874973595,5
VRPB,856,ok,8.5364839043,4
VRPB,857,ok,10.0716710190,5
VRPB,858,ok,7.8070620003,4
VRPB,859,ok,7.1079046124,5
VRPB,860,ok,8.4969894346,4
VRPB,861,ok,8.0927976153,4
VRPB,862,ok,9.3749414103,4
VRPB,863,ok,9.6694794728,6
VRPB,864,ok,8.5500078295,4
VRPB,865,ok,9.7404950506,5
VRPB,866,ok,7.0964116843,4
VRPB,867,ok,8.8690118906,5
VRPB,868,ok,7.3940077433,4
VRPB,869,ok,8.3481782707,4
VRPB,870,ok,9.2776041573,5
VRPB,871,ok,7.3966844180,5
VRPB,872,ok,8.6001590041,5
VRPB,873,ok,7.5617763810,4
VRPB,874,ok,8.7057919322,5
VRPB,875,ok,10.9780180095,4
VRPB,876,ok,10.1731536469,5
VRPB,877,ok,8.5914410486,4
VRPB,878,ok,10.1871768386,5
VRPB,879,ok,7.9306305067,5
VRPB,880,ok,8.0758670826,5
VRPB,881,ok,7.5764344455,5
VRPB,882,ok,7.5192397030,4
VRPB,883,ok,8.1217636447,4
VRPB,884,ok,7.7108720233,5
VRPB,885,ok,7.5928801761,5
VRPB,886,ok,10.5099257504,5
VRPB,887,ok,10.2964572786,6
VRPB,888,ok,8.3528595409,5
VRPB,889,ok,8.8512232289,4
VRPB,890,ok,9.5221103230,4
VRPB,891,ok,7.1849953013,3
VRPB,892,ok,9.4125396729,5
VRPB,893,ok,7.6138741348,5
VRPB,894,ok,8.1230152219,4
VRPB,895,ok,8.6292605393,4
VRPB,896,ok,8.9890275940,5
VRPB,897,ok,9.0683246498,5
VRPB,898,ok,8.8709714603,5
VRPB,899,ok,9.0811502725,5
VRPB,900,ok,7.9517190834,4
VRPB,901,ok,9.5189337778,4
VRPB,902,ok,6.7679403476,4
VRPB,903,ok,7.3865689967,4
VRPB,904,ok,7.4875798047,4
VRPB,905,ok,8.8642704157,4
VRPB,906,ok,9.1297562001,5
VRPB,907,ok,8.8684114395,5
VRPB,908,ok,10.1874535495,5
VRPB,909,ok,7.2262375185,4
VRPB,910,ok,7.5434563974,4
VRPB,911,ok,9.3000707957,5
VRPB,912,ok,8.8707332531,4
VRPB,913,ok,11.4151036630,6
VRPB,914,ok,8.0826550414,4
VRPB,915,ok,6.9973492581,4
VRPB,916,ok,7.7898086226,4
VRPB,917,ok,8.4142105322,4
VRPB,918,ok,7.6890216653,4
VRPB,919,ok,9.7709889488,4
VRPB,920,ok,8.7663321652,4
VRPB,921,ok,7.6429385000,5
VRPB,922,ok,7.6501158284,5
VRPB,923,ok,9.8204961452,6
VRPB,924,ok,7.7272419081,4
VRPB,925,ok,7.4885035665,5
VRPB,926,ok,8.6565622103,5
VRPB,927,ok,8.4681314624,4
VRPB,928,ok,9.2102749741,4
VRPB,929,ok,8.2057316279,5
VRPB,930,ok,8.7499851443,5
VRPB,931,ok,8.4463336315,5
VRPB,932,ok,8.1552065188,5
VRPB,933,ok,9.6735693274,5
VRPB,934,ok,7.8804565284,4
VRPB,935,ok,10.0579186467,6
VRPB,936,ok,8.6702617087,4
VRPB,937,ok,7.9763625290,4
VRPB,938,ok,7.1415109068,4
VRPB,939,ok,9.5254759346,5
VRPB,940,ok,8.3897630247,5
VRPB,941,ok,8.1923719644,5
VRPB,942,ok,7.2218841906,5
VRPB,943,ok,11.0296994155,5
VRPB,944,ok,6.6410318837,4
VRPB,945,ok,7.7608590668,3
VRPB,946,ok,8.7302510926,4
VRPB,947,ok,10.5790095656,6
VRPB,948,ok,8.6873099886,5
VRPB,949,ok,7.5981368112,4
VRPB,950,ok,8.1627701414,4
VRPB,951,ok,7.2084574989,4
VRPB,952,ok,7.4836521664,5
VRPB,953,ok,7.1762697768,4
VRPB,954,ok,8.8953270317,4
VRPB,955,ok,8.0100185870,4
VRPB,956,ok,9.7179820547,5
VRPB,957,ok,8.0708362497,4
VRPB,958,ok,9.4791056967,6
VRPB,959,ok,7.8911260431,4
VRPB,960,ok,9.3100879663,5
VRPB,961,ok,9.5302671246,5
VRPB,962,ok,7.7158514366,4
VRPB,963,ok,8.4089760933,5
VRPB,964,ok,7.1473763983,4
VRPB,965,ok,9.1208511254,4
VRPB,966,ok,7.7748958691,4
VRPB,967,ok,7.7647662495,5
VRPB,968,ok,7.8494298891,4
VRPB,969,ok,7.5450435885,4
VRPB,970,ok,8.4204267130,4
VRPB,971,ok,7.5697060295,4
VRPB,972,ok,8.4040899979,4
VRPB,973,ok,8.9453837160,4
VRPB,974,ok,8.1387706536,5
VRPB,975,ok,10.1642467830,5
VRPB,976,ok,7.9220885427,4
VRPB,977,ok,8.8798233895,4
VRPB,978,ok,7.9621394730,4
VRPB,979,ok,10.2377417193,5
VRPB,980,ok,7.6983410132,4
VRPB,981,ok,8.0076798052,5
VRPB,982,ok,8.5018153904,4
VRPB,983,ok,7.4077762928,4
VRPB,984,ok,8.1614234583,5
VRPB,985,ok,9.6486363016,4
VRPB,986,ok,7.0558821561,3
VRPB,987,ok,7.2859815911,5
VRPB,988,ok,8.3413652830,4
VRPB,989,ok,8.1997409262,4
VRPB,990,ok,8.6688127530,5
VRPB,991,ok,8.1662658610,5
VRPB,992,ok,6.7391728020,3
VRPB,993,ok,7.4379148519,4
VRPB,994,ok,8.8606757153,5
VRPB,995,ok,7.7514585320,5
VRPB,996,ok,8.5763139199,5
VRPB,997,ok,9.0258780117,5
VRPB,998,ok,9.8724437049,5
VRPB,999,ok,9.2234063498,6
VRPL,0,ok,10.4832490393,7
VRPL,1,ok,9.5776087536,7
VRPL,2,ok,10.6707669668,7
VRPL,3,ok,10.1724789657,8
VRPL,4,ok,11.1198557041,8
VRPL,5,ok,14.0531566679,8
VRPL,6,ok,12.0784694475,8
VRPL,7,ok,9.2669112077,6
VRPL,8,ok,9.8653130433,7
VRPL,9,ok,10.4712558386,6
VRPL,10,ok,9.7130832618,7
VRPL,11,ok,10.1883904748,7
VRPL,12,ok,11.8046725784,6
VRPL,13,ok,12.3537599142,7
VRPL,14,ok,9.7677476653,7
VRPL,15,ok,10.8495242174,7
VRPL,16,ok,12.8216057949,7
VRPL,17,ok,13.2804212331,8
VRPL,18,ok,11.8836479620,6
VRPL,19,ok,8.5973854858,7
VRPL,20,ok,12.7058055535,8
VRPL,21,ok,10.8112858339,7
VRPL,22,ok,10.4313926525,7
VRPL,23,ok,10.5567286548,7
VRPL,24,ok,8.9979286796,7
VRPL,25,ok,10.6218352854,7
VRPL,26,ok,10.6200013631,7
VRPL,27,ok,11.0847787606,8
VRPL,28,ok,11.2250726281,7
VRPL,29,ok,10.3275052050,7
VRPL,30,ok,11.5683454297,7
VRPL,31,ok,10.7986699917,7
VRPL,32,ok,9.5333527418,6
VRPL,33,ok,11.1695006397,7
VRPL,34,ok,13.3992174019,8
VRPL,35,ok,11.8086005714,7
VRPL,36,ok,11.7558172694,8
VRPL,37,ok,10.3692059867,8
VRPL,38,ok,9.2141765630,7
VRPL,39,ok,12.2319258504,7
VRPL,40,ok,10.3095800678,7
VRPL,41,ok,10.0396383963,7
VRPL,42,ok,9.5758222502,7
VRPL,43,ok,9.0024283869,7
VRPL,44,ok,10.2218286208,8
VRPL,45,ok,10.9674832222,7
VRPL,46,ok,11.1700245137,6
VRPL,47,ok,13.1356702684,8
VRPL,48,ok,12.5315279401,7
VRPL,49,ok,12.4810746335,7
VRPL,50,ok,9.9636593118,7
VRPL,51,ok,10.9055623313,8
VRPL,52,ok,11.3242603271,7
VRPL,53,ok,12.8537084721,8
VRPL,54,ok,10.0966986718,9
VRPL,55,ok,12.5819859661,8
VRPL,56,ok,9.0159986446,7
VRPL,57,ok,10.5726538688,7
VRPL,58,ok,10.7426665234,6
VRPL,59,ok,10.2636427478,7
VRPL,60,ok,10.0426094524,8
VRPL,61,ok,11.7629309726,7
VRPL,62,ok,9.8717363782,7
VRPL,63,ok,10.1184859734,7
VRPL,64,ok,10.6182921895,7
VRPL,65,ok,11.9567530926,7
VRPL,66,ok,11.6185577097,7
VRPL,67,ok,12.8397839789,7
VRPL,68,ok,8.9631606817,7
VRPL,69,ok,12.9332203045,7
VRPL,70,ok,12.7816761040,7
VRPL,71,ok,9.3111742105,7
VRPL,72,ok,11.5143680056,8
VRPL,73,ok,9.5080363325,8
VRPL,74,ok,10.7329387927,8
VRPL,75,ok,11.1702141877,7
VRPL,76,ok,9.7854722760,6
VRPL,77,ok,8.1604299599,6
VRPL,78,ok,13.1509971227,8
VRPL,79,ok,12.7476738976,7
VRPL,80,ok,9.5977630609,8
VRPL,81,ok,10.2130461469,7
VRPL,82,ok,10.2789614128,7
VRPL,83,ok,10.6321224815,7
VRPL,84,ok,11.0705890165,8
VRPL,85,ok,12.6501742036,8
VRPL,86,ok,11.2989839388,8
VRPL,87,ok,12.1333250093,8
VRPL,88,ok,9.9445428977,7
VRPL,89,ok,10.3404991163,9
VRPL,90,ok,9.5932038391,7
VRPL,91,ok,12.8216470943,7
VRPL,92,ok,9.7218400629,8
VRPL,93,ok,11.6924411471,7
VRPL,94,ok,10.6247622615,7
VRPL,95,ok,10.2405041460,8
VRPL,96,ok,11.8001382827,8
VRPL,97,ok,11.1745499108,6
VRPL,98,ok,10.9092140316,7
VRPL,99,ok,14.6501608821,7
VRPL,100,ok,10.7920516522,7
VRPL,101,ok,10.3374135324,7
VRPL,102,ok,12.1264885882,7
VRPL,103,ok,9.8660463043,6
VRPL,104,ok,10.5676002418,8
VRPL,105,ok,10.7284805994,6
VRPL,106,ok,8.6267049097,7
VRPL,107,ok,9.6149968519,7
VRPL,108,ok,13.2103388885,8
VRPL,109,ok,12.7784619374,8
VRPL,110,ok,11.9759660373,7
VRPL,111,ok,10.0237533648,7
VRPL,112,ok,11.3324508102,7
VRPL,113,ok,10.0624639959,7
VRPL,114,ok,11.1424268763,6
VRPL,115,ok,11.3470852213,8
VRPL,116,ok,13.6568915395,8
VRPL,117,ok,10.2844851715,7
VRPL,118,ok,12.0159093311,7
VRPL,119,ok,12.1846265398,7
VRPL,120,ok,11.0911648552,8
VRPL,121,ok,9.7299532890,7
VRPL,122,ok,10.0640010772,9
VRPL,123,ok,10.8754593933,7
VRPL,124,ok,11.1423462851,8
VRPL,125,ok,7.6580692274,6
VRPL,126,ok,12.5184699591,7
VRPL,127,ok,10.2862583226,7
VRPL,128,ok,12.2349383401,7
VRPL,129,ok,10.0654785747,7
VRPL,130,ok,10.8210416086,7
VRPL,131,ok,10.4595923143,6
VRPL,132,ok,10.0372142281,6
VRPL,133,ok,11.8868308330,7
VRPL,134,ok,10.9535117677,7
VRPL,135,ok,9.5825937313,7
VRPL,136,ok,13.7490691678,8
VRPL,137,ok,11.1129094757,8
VRPL,138,ok,9.9912284204,7
VRPL,139,ok,12.1172228458,7
VRPL,140,ok,9.9903650983,7
VRPL,141,ok,11.9678188013,8
VRPL,142,ok,10.5829355217,8
VRPL,143,ok,11.6528369987,7
VRPL,144,ok,13.3834651278,8
VRPL,145,ok,12.0688942987,7
VRPL,146,ok,10.8888872654,7
VRPL,147,ok,9.6115461367,6
VRPL,148,ok,15.7361222483,8
VRPL,149,ok,11.3574497533,7
VRPL,150,ok,8.3995068395,7
VRPL,151,ok,11.2678532293,6
VRPL,152,ok,9.5825679127,7
VRPL,153,ok,10.8264394043,8
VRPL,154,ok,10.8694591086,7
VRPL,155,ok,10.6528306620,6
VRPL,156,ok,10.1951443869,7
VRPL,157,ok,10.2381447385,6
VRPL,158,ok,9.2662431992,8
VRPL,159,ok,10.5378327810,7
VRPL,160,ok,11.3278324633,8
VRPL,161,ok,10.4980995705,8
VRPL,162,ok,10.5339660012,7
VRPL,163,ok,11.1357511737,7
VRPL,164,ok,9.5827289422,6
VRPL,165,ok,10.6717752134,7
VRPL,166,ok,9.7440621660,7
VRPL,167,ok,10.6532053509,7
VRPL,168,ok,10.1389018931,6
VRPL,169,ok,13.5128761536,7
VRPL,170,ok,11.8299494377,8
VRPL,171,ok,9.6584581573,7
VRPL,172,ok,11.0630924484,6
VRPL,173,ok,9.4852837498,7
VRPL,174,ok,12.1828326786,7
VRPL,175,ok,10.1289216173,7
VRPL,176,ok,9.5820222482,6
VRPL,177,ok,9.0314044749,7
VRPL,178,ok,9.6483285733,7
VRPL,179,ok,11.5578501126,8
VRPL,180,ok,14.6061868279,8
VRPL,181,ok,8.2083488558,6
VRPL,182,ok,9.6342264325,8
VRPL,183,ok,14.2108860326,7
VRPL,184,ok,12.2770621625,8
VRPL,185,ok,10.1641358894,7
VRPL,186,ok,11.6217873091,7
VRPL,187,ok,11.1660699927,8
VRPL,188,ok,10.4142356088,6
VRPL,189,ok,12.4618903758,6
VRPL,190,ok,11.6408364934,7
VRPL,191,ok,9.7121287002,7
VRPL,192,ok,11.1239374493,7
VRPL,193,ok,13.9832238611,7
VRPL,194,ok,12.3540548475,8
VRPL,195,ok,9.6885328823,7
VRPL,196,ok,10.7792442975,6
VRPL,197,ok,9.9660125899,7
VRPL,198,ok,13.2890041164,7
VRPL,199,ok,10.9150089385,7
VRPL,200,ok,14.2257303931,8
VRPL,201,ok,12.1957451600,9
VRPL,202,ok,9.2109875178,6
VRPL,203,ok,9.8637844076,7
VRPL,204,ok,10.1187837029,7
VRPL,205,ok,9.0908006936,7
VRPL,206,ok,8.7979609961,7
VRPL,207,ok,10.9951332053,7
VRPL,208,ok,11.7676592643,7
VRPL,209,ok,11.0017836006,6
VRPL,210,ok,11.8456250983,7
VRPL,211,ok,10.7305394580,7
VRPL,212,ok,10.7582492631,6
VRPL,213,ok,10.4397414121,6
VRPL,214,ok,8.6848725779,7
VRPL,215,ok,10.9119931899,6
VRPL,216,ok,10.0906864798,7
VRPL,217,ok,12.3823675334,7
VRPL,218,ok,10.9382286497,7
VRPL,219,ok,9.8869968201,7
VRPL,220,ok,11.7189700866,8
VRPL,221,ok,9.7369697783,7
VRPL,222,ok,9.3184639177,8
VRPL,223,ok,11.9534763701,8
VRPL,224,ok,10.2257042337,7
VRPL,225,ok,9.3834164711,8
VRPL,226,ok,11.6817615298,8
VRPL,227,ok,14.6770945208,8
VRPL,228,ok,8.9127484566,8
VRPL,229,ok,10.6144641236,7
VRPL,230,ok,12.3704514567,7
VRPL,231,ok,11.7523476983,7
VRPL,232,ok,9.5099902581,7
VRPL,233,ok,10.6760617316,7
VRPL,234,ok,9.8926641660,7
VRPL,235,ok,9.2352460752,7
VRPL,236,ok,10.1371144352,7
VRPL,237,ok,10.7331525556,7
VRPL,238,ok,11.2057650167,8
VRPL,239,ok,9.1388752529,8
VRPL,240,ok,11.4132393165,8
VRPL,241,ok,8.7762817962,7
VRPL,242,ok,11.2248638564,7
VRPL,243,ok,12.1217873810,7
VRPL,244,ok,13.4711126221,7
VRPL,245,ok,13.0589632256,7
VRPL,246,ok,11.6243047763,8
VRPL,247,ok,10.6670200219,7
VRPL,248,ok,9.7410548678,8
VRPL,249,ok,11.2422287707,7
VRPL,250,ok,11.1480030573,6
VRPL,251,ok,9.2637811937,6
VRPL,252,ok,9.4794853170,7
VRPL,253,ok,9.4585767371,7
VRPL,254,ok,10.6421058192,7
VRPL,255,ok,12.1568270561,8
VRPL,256,ok,10.7072146787,7
VRPL,257,ok,12.3463405553,7
VRPL,258,ok,10.1238090983,7
VRPL,259,ok,10.7583737748,7
VRPL,260,ok,10.0423423388,7
VRPL,261,ok,9.6976643934,7
VRPL,262,ok,11.3263669848,7
VRPL,263,ok,10.8906017800,8
VRPL,264,ok,11.0619347061,7
VRPL,265,ok,10.9785099501,7
VRPL,266,ok,11.1682043647,7
VRPL,267,ok,15.2561508594,8
VRPL,268,ok,11.5081598579,7
VRPL,269,ok,9.5277336814,6
VRPL,270,ok,11.6380361035,7
VRPL,271,ok,9.2064497808,7
VRPL,272,ok,10.4652232501,7
VRPL,273,ok,12.5972448205,7
VRPL,274,ok,10.2766001733,6
VRPL,275,ok,13.7242879164,7
VRPL,276,ok,9.9178756722,7
VRPL,277,ok,12.1075047984,8
VRPL,278,ok,11.5418309086,7
VRPL,279,ok,10.4560217850,8
VRPL,280,ok,9.2936269280,7
VRPL,281,ok,10.1566901888,7
VRPL,282,ok,8.9022174021,7
VRPL,283,ok,9.0694217802,6
VRPL,284,ok,12.1759253439,7
VRPL,285,ok,11.2441079234,7
VRPL,286,ok,13.5451106997,8
VRPL,287,ok,11.6929157017,7
VRPL,288,ok,11.4901526897,7
VRPL,289,ok,8.4732189890,7
VRPL,290,ok,11.7069948152,9
VRPL,291,ok,11.0606370909,7
VRPL,292,ok,11.7757844632,8
VRPL,293,ok,9.0554700018,7
VRPL,294,ok,11.6717525020,6
VRPL,295,ok,12.0793303528,6
VRPL,296,ok,10.8107244853,7
VRPL,297,ok,11.1669296828,7
VRPL,298,ok,9.8801367368,6
VRPL,299,ok,9.5598495265,8
VRPL,300,ok,11.7226225679,7
VRPL,301,ok,12.9296077418,7
VRPL,302,ok,9.5201292063,7
VRPL,303,ok,10.7317106319,7
VRPL,304,ok,9.7296975282,7
VRPL,305,ok,13.6427368424,7
VRPL,306,ok,9.7856769788,6
VRPL,307,ok,8.2960502518,6
VRPL,308,ok,12.4043813458,7
VRPL,309,ok,10.7572144719,7
VRPL,310,ok,12.8526255520,7
VRPL,311,ok,12.5617028567,8
VRPL,312,ok,11.7601586362,8
VRPL,313,ok,10.9855379912,7
VRPL,314,ok,11.1032718003,9
VRPL,315,ok,11.1084352438,6
VRPL,316,ok,11.9908363612,8
VRPL,317,ok,10.9086320758,7
VRPL,318,ok,10.3247326974,7
VRPL,319,ok,10.5307938176,7
VRPL,320,ok,10.4982419475,7
VRPL,321,ok,8.6170766840,6
VRPL,322,ok,9.1231477191,8
VRPL,323,ok,8.6819069090,6
VRPL,324,ok,12.4151312350,7
VRPL,325,ok,11.7435685779,7
VRPL,326,ok,9.4580201148,8
VRPL,327,ok,9.9291780118,6
VRPL,328,ok,10.8763784862,8
VRPL,329,ok,11.9835339603,8
VRPL,330,ok,9.7497256538,7
VRPL,331,ok,10.4216778445,7
VRPL,332,ok,10.6886436246,7
VRPL,333,ok,10.3834271891,7
VRPL,334,ok,11.5798925955,7
VRPL,335,ok,10.2385750939,8
VRPL,336,ok,10.5256740827,7
VRPL,337,ok,10.7241237816,7
VRPL,338,ok,9.5820814538,7
VRPL,339,ok,11.2761181494,8
VRPL,340,ok,11.1587729404,8
VRPL,341,ok,12.5900292374,6
VRPL,342,ok,13.0492792644,6
VRPL,343,ok,10.5806970489,8
VRPL,344,ok,11.3500176391,6
VRPL,345,ok,10.4757695033,7
VRPL,346,ok,10.8515628518,7
VRPL,347,ok,11.4687631964,7
VRPL,348,ok,10.6776954233,7
VRPL,349,ok,11.0181595147,7
VRPL,350,ok,10.8207120617,7
VRPL,351,ok,9.1749956699,7
VRPL,352,ok,12.6134701897,8
VRPL,353,ok,13.4763080355,8
VRPL,354,ok,10.5946612853,7
VRPL,355,ok,11.3930638812,8
VRPL,356,ok,10.7838046982,7
VRPL,357,ok,9.8626101389,8
VRPL,358,ok,9.4959565385,7
VRPL,359,ok,9.9464169359,7
VRPL,360,ok,12.1325450489,7
VRPL,361,ok,9.9243335608,6
VRPL,362,ok,12.1422623017,8
VRPL,363,ok,11.9531102820,7
VRPL,364,ok,10.2194648745,7
VRPL,365,ok,13.1973201373,7
VRPL,366,ok,12.1467561364,7
VRPL,367,ok,12.7756132858,7
VRPL,368,ok,9.2853036359,8
VRPL,369,ok,10.6237197401,7
VRPL,370,ok,9.5794130093,7
VRPL,371,ok,10.4263674142,6
VRPL,372,ok,9.1357491268,7
VRPL,373,ok,12.6325107009,8
VRPL,374,ok,8.9601734972,7
VRPL,375,ok,10.0118015899,8
VRPL,376,ok,10.8657522830,8
VRPL,377,ok,11.7047917704,7
VRPL,378,ok,11.3414799285,8
VRPL,379,ok,10.0381774022,7
VRPL,380,ok,11.2748495882,7
VRPL,381,ok,8.4969084245,7
VRPL,382,ok,9.5141381560,7
VRPL,383,ok,10.0540214787,7
VRPL,384,ok,9.5288740058,6
VRPL,385,ok,13.5115336734,8
VRPL,386,ok,9.1073622839,7
VRPL,387,ok,10.4289922143,7
VRPL,388,ok,13.1183263509,7
VRPL,389,ok,11.9202910624,7
VRPL,390,ok,8.9150995149,7
VRPL,391,ok,11.6387881375,7
VRPL,392,ok,11.1226988617,8
VRPL,393,ok,9.7500581399,8
VRPL,394,ok,10.8812125485,7
VRPL,395,ok,11.7679028944,6
VRPL,396,ok,10.1183343910,7
VRPL,397,ok,11.4667961704,7
VRPL,398,ok,12.0694068838,7
VRPL,399,ok,12.5046420471,8
VRPL,400,ok,9.3244974397,7
VRPL,401,ok,9.3447346401,7
VRPL,402,ok,12.3506212292,7
VRPL,403,ok,12.2744299112,7
VRPL,404,ok,10.8359397966,7
VRPL,405,ok,10.0652571943,8
VRPL,406,ok,9.7509726456,7
VRPL,407,ok,13.1629443589,7
VRPL,408,ok,8.7402977623,7
VRPL,409,ok,10.6185828391,8
VRPL,410,ok,11.0379080385,7
VRPL,411,ok,10.1891408254,7
VRPL,412,ok,12.5563749210,8
VRPL,413,ok,9.9361136410,6
VRPL,414,ok,11.4309138730,8
VRPL,415,ok,10.3683772413,8
VRPL,416,ok,11.4763296093,7
VRPL,417,ok,10.4613926930,7
VRPL,418,ok,11.7565635447,6
VRPL,419,ok,11.0195743664,8
VRPL,420,ok,12.2150048366,7
VRPL,421,ok,11.7183210085,7
VRPL,422,ok,9.7242114620,8
VRPL,423,ok,10.6332251258,7
VRPL,424,ok,10.0995709531,6
VRPL,425,ok,9.8632546578,7
VRPL,426,ok,12.5773230423,8
VRPL,427,ok,11.8140159824,7
VRPL,428,ok,12.5812489754,7
VRPL,429,ok,14.0083620552,8
VRPL,430,ok,9.7172142504,8
VRPL,431,ok,10.5859712710,7
VRPL,432,ok,11.8957878690,7
VRPL,433,ok,11.4421188435,7
VRPL,434,ok,11.9686679086,7
VRPL,435,ok,8.9059182118,8
VRPL,436,ok,11.3425295234,7
VRPL,437,ok,9.9416548401,7
VRPL,438,ok,9.5239443302,7
VRPL,439,ok,11.2648705242,8
VRPL,440,ok,11.7373062989,7
VRPL,441,ok,8.9661038181,7
VRPL,442,ok,13.2661986109,7
VRPL,443,ok,12.8711001191,7
VRPL,444,ok,11.6909247760,7
VRPL,445,ok,9.0695313693,8
VRPL,446,ok,8.1968196388,6
VRPL,447,ok,10.2932222374,7
VRPL,448,ok,10.0204735351,7
VRPL,449,ok,11.9665335091,7
VRPL,450,ok,8.6810692858,7
VRPL,451,ok,13.7775446703,7
VRPL,452,ok,9.8362478320,7
VRPL,453,ok,10.2029815264,8
VRPL,454,ok,10.3643286424,7
VRPL,455,ok,11.3373783947,7
VRPL,456,ok,12.1417324215,9
VRPL,457,ok,10.8357877738,8
VRPL,458,ok,12.1923284455,7
VRPL,459,ok,14.2525881097,8
VRPL,460,ok,9.7285563686,8
VRPL,461,ok,11.5897211475,7
VRPL,462,ok,9.7283136692,6
VRPL,463,ok,9.1526406651,8
VRPL,464,ok,10.4946121188,6
VRPL,465,ok,11.8995541634,8
VRPL,466,ok,10.1067677277,8
VRPL,467,ok,10.1629897732,7
VRPL,468,ok,10.2205419108,7
VRPL,469,ok,9.9083396305,8
VRPL,470,ok,12.7450234573,8
VRPL,471,ok,11.9378210599,8
VRPL,472,ok,10.1073216812,7
VRPL,473,ok,9.1866028553,8
VRPL,474,ok,9.8453465070,8
VRPL,475,ok,9.6855815143,6
VRPL,476,ok,11.6211205271,7
VRPL,477,ok,10.6747688931,7
VRPL,478,ok,9.5376630460,7
VRPL,479,ok,11.8063255591,7
VRPL,480,ok,11.7713602983,8
VRPL,481,ok,9.4974288274,7
VRPL,482,ok,13.4806703674,9
VRPL,483,ok,10.1489224337,7
VRPL,484,ok,9.4267640247,7
VRPL,485,ok,13.9192698092,8
VRPL,486,ok,8.8372800799,6
VRPL,487,ok,13.1792269622,7
VRPL,488,ok,8.8938216996,7
VRPL,489,ok,10.9975002474,8
VRPL,490,ok,11.5138248901,6
VRPL,491,ok,10.5120510510,8
VRPL,492,ok,8.8677991887,6
VRPL,493,ok,10.5999114934,8
VRPL,494,ok,10.8428247686,7
VRPL,495,ok,9.7875814496,8
VRPL,496,ok,11.6818868493,6
VRPL,497,ok,13.4359560050,8
VRPL,498,ok,9.4460206767,7
VRPL,499,ok,10.6057915987,9
VRPL,500,ok,11.9728063130,7
VRPL,501,ok,13.6400759105,8
VRPL,502,ok,10.9901613497,7
VRPL,503,ok,9.1342287215,7
VRPL,504,ok,10.8880926470,7
VRPL,505,ok,11.6509745303,6
VRPL,506,ok,10.7248287439,8
VRPL,507,ok,11.4503324140,7
VRPL,508,ok,9.6520126408,7
VRPL,509,ok,9.4261317069,8
VRPL,510,ok,10.5321296591,6
VRPL,511,ok,11.0275993934,7
VRPL,512,ok,9.7416018072,7
VRPL,513,ok,12.2184491585,7
VRPL,514,ok,11.8007831542,7
VRPL,515,ok,11.3067390479,6
VRPL,516,ok,12.1787867548,7
VRPL,517,ok,10.6339340846,8
VRPL,518,ok,12.4819002318,8
VRPL,519,ok,10.6704258882,7
VRPL,520,ok,10.6797543128,7
VRPL,521,ok,12.0480612257,7
VRPL,522,ok,11.1854752773,7
VRPL,523,ok,9.4493864627,7
VRPL,524,ok,12.4862248072,8
VRPL,525,ok,11.7030780952,7
VRPL,526,ok,9.5479691150,7
VRPL,527,ok,11.5418065489,8
VRPL,528,ok,10.5656323477,8
VRPL,529,ok,12.0789404322,7
VRPL,530,ok,9.2301028319,7
VRPL,531,ok,9.0197238393,7
VRPL,532,ok,12.7506910829,7
VRPL,533,ok,10.3500448366,7
VRPL,534,ok,11.5556271622,7
VRPL,535,ok,11.0492999165,8
VRPL,536,ok,12.1139097404,8
VRPL,537,ok,10.8039095083,8
VRPL,538,ok,13.4479488567,8
VRPL,539,ok,11.3495027911,7
VRPL,540,ok,11.1485416205,8
VRPL,541,ok,13.0545046482,8
VRPL,542,ok,11.9708468091,6
VRPL,543,ok,9.0499333992,7
VRPL,544,ok,12.4877726040,7
VRPL,545,ok,9.9792051614,7
VRPL,546,ok,10.9170399676,7
VRPL,547,ok,10.4173179352,8
VRPL,548,ok,11.4333845537,6
VRPL,549,ok,13.0430289395,7
VRPL,550,ok,13.4996941023,8
VRPL,551,ok,11.6085530870,7
VRPL,552,ok,11.1066627606,7
VRPL,553,ok,8.3408338840,7
VRPL,554,ok,9.9159114644,7
VRPL,555,ok,9.4953060588,7
VRPL,556,ok,9.1333879703,8
VRPL,557,ok,14.3708947971,7
VRPL,558,ok,8.9188733664,6
VRPL,559,ok,13.2418132818,8
VRPL,560,ok,13.9085214270,9
VRPL,561,ok,9.4066633249,7
VRPL,562,ok,11.7508241554,7
VRPL,563,ok,9.4973834305,7
VRPL,564,ok,12.1177695546,7
VRPL,565,ok,11.5755301254,8
VRPL,566,ok,10.3498997176,7
VRPL,567,ok,10.1512089322,8
VRPL,568,ok,11.1716543758,6
VRPL,569,ok,11.7006057322,7
VRPL,570,ok,11.7105871250,7
VRPL,571,ok,13.0422288183,7
VRPL,572,ok,12.3776653654,7
VRPL,573,ok,10.2634956218,7
VRPL,574,ok,10.6499824781,7
VRPL,575,ok,9.8486958351,8
VRPL,576,ok,11.2935025358,8
VRPL,577,ok,11.2173526420,7
VRPL,578,ok,10.2352768961,6
VRPL,579,ok,10.2492726099,7
VRPL,580,ok,10.8673418776,6
VRPL,581,ok,11.6749228476,7
VRPL,582,ok,9.2226085493,7
VRPL,583,ok,9.6666523299,7
VRPL,584,ok,9.8638805708,7
VRPL,585,ok,12.2282953839,8
VRPL,586,ok,11.0397686529,7
VRPL,587,ok,9.0343852318,6
VRPL,588,ok,10.6277301503,7
VRPL,589,ok,9.4146590987,7
VRPL,590,ok,11.0276815038,8
VRPL,591,ok,11.4772021843,7
VRPL,592,ok,9.4459243107,8
VRPL,593,ok,10.7595258593,6
VRPL,594,ok,8.9444132233,7
VRPL,595,ok,12.0683293823,8
VRPL,596,ok,8.7449322896,7
VRPL,597,ok,9.5965355632,6
VRPL,598,ok,10.5318962492,8
VRPL,599,ok,11.3881174077,7
VRPL,600,ok,11.9527253077,6
VRPL,601,ok,13.1832035753,8
VRPL,602,ok,10.1992985953,7
VRPL,603,ok,12.4782621317,8
VRPL,604,ok,8.8114981972,6
VRPL,605,ok,11.2512816848,7
VRPL,606,ok,11.1854392893,8
VRPL,607,ok,9.7293692414,6
VRPL,608,ok,12.5166058203,7
VRPL,609,ok,10.9016248338,6
VRPL,610,ok,11.1766982892,7
VRPL,611,ok,13.1950277240,8
VRPL,612,ok,9.4103056814,7
VRPL,613,ok,10.4277014515,7
VRPL,614,ok,12.9490557773,7
VRPL,615,ok,11.9790163609,8
VRPL,616,ok,10.0558108044,7
VRPL,617,ok,13.4910986779,6
VRPL,618,ok,9.8483328884,7
VRPL,619,ok,13.0779256997,8
VRPL,620,ok,9.1493670723,7
VRPL,621,ok,10.3836853499,7
VRPL,622,ok,10.8774502207,6
VRPL,623,ok,12.3362625568,7
VRPL,624,ok,13.2873839893,7
VRPL,625,ok,9.9923638949,7
VRPL,626,ok,9.4152643420,6
VRPL,627,ok,12.6044028755,7
VRPL,628,ok,10.2074949750,8
VRPL,629,ok,11.6849573961,7
VRPL,630,ok,10.6474570147,8
VRPL,631,ok,11.4474751097,7
VRPL,632,ok,14.1275805380,9
VRPL,633,ok,9.1608932086,8
VRPL,634,ok,12.6507667570,7
VRPL,635,ok,10.4191921521,6
VRPL,636,ok,10.8714421147,7
VRPL,637,ok,11.5174914580,7
VRPL,638,ok,9.0650287875,7
VRPL,639,ok,10.3196678426,6
VRPL,640,ok,13.3390215012,8
VRPL,641,ok,10.7479615938,8
VRPL,642,ok,12.0052129935,7
VRPL,643,ok,9.3193221315,7
VRPL,644,ok,12.3213203142,6
VRPL,645,ok,10.2918679426,7
VRPL,646,ok,11.7119717162,8
VRPL,647,ok,12.9853753051,7
VRPL,648,ok,10.4245799185,7
VRPL,649,ok,12.2168771869,7
VRPL,650,ok,12.8937653105,7
VRPL,651,ok,10.1683536833,6
VRPL,652,ok,12.5692226873,7
VRPL,653,ok,13.2678273681,7
VRPL,654,ok,8.8631059132,8
VRPL,655,ok,11.3652839939,6
VRPL,656,ok,9.1756055793,7
VRPL,657,ok,11.2682801322,8
VRPL,658,ok,12.1578501338,7
VRPL,659,ok,11.1830824677,7
VRPL,660,ok,9.7428861694,8
VRPL,661,ok,11.0404251503,7
VRPL,662,ok,10.0500885848,8
VRPL,663,ok,10.0933278625,8
VRPL,664,ok,11.8128827047,8
VRPL,665,ok,11.6874406161,9
VRPL,666,ok,11.8132272709,8
VRPL,667,ok,11.7727751921,7
VRPL,668,ok,9.2449615404,7
VRPL,669,ok,9.9095614414,7
VRPL,670,ok,9.5447961713,6
VRPL,671,ok,10.2487957729,7
VRPL,672,ok,11.3835965831,7
VRPL,673,ok,9.0566157672,7
VRPL,674,ok,9.9884646358,6
VRPL,675,ok,9.2096551012,8
VRPL,676,ok,13.1091186004,7
VRPL,677,ok,12.7604241845,8
VRPL,678,ok,10.3317756843,9
VRPL,679,ok,9.3035722622,8
VRPL,680,ok,10.3033250235,7
VRPL,681,ok,12.5399391024,7
VRPL,682,ok,10.0964312307,8
VRPL,683,ok,9.9620434565,7
VRPL,684,ok,10.8843321722,8
VRPL,685,ok,10.3443642512,7
VRPL,686,ok,11.6689693868,6
VRPL,687,ok,12.8359995790,8
VRPL,688,ok,10.9776761803,7
VRPL,689,ok,12.0947624610,7
VRPL,690,ok,9.6691206937,8
VRPL,691,ok,9.2501826737,7
VRPL,692,ok,11.2206567632,7
VRPL,693,ok,11.6713587027,7
VRPL,694,ok,10.5084420298,7
VRPL,695,ok,10.3817748624,6
VRPL,696,ok,11.6661090137,7
VRPL,697,ok,12.8844231026,8
VRPL,698,ok,11.9583674359,7
VRPL,699,ok,10.0067620638,8
VRPL,700,ok,10.1259835691,8
VRPL,701,ok,9.9638811139,8
VRPL,702,ok,10.8871917702,7
VRPL,703,ok,8.4624125325,7
VRPL,704,ok,10.1265598990,7
VRPL,705,ok,12.8484218088,8
VRPL,706,ok,12.7195291203,8
VRPL,707,ok,11.4473849830,7
VRPL,708,ok,12.6569675073,7
VRPL,709,ok,12.0959580546,7
VRPL,710,ok,9.1006165828,6
VRPL,711,ok,8.9641416919,7
VRPL,712,ok,12.6492183764,8
VRPL,713,ok,10.1267471061,8
VRPL,714,ok,11.5219729693,8
VRPL,715,ok,12.0182711691,8
VRPL,716,ok,12.7915970415,8
VRPL,717,ok,13.0495678149,7
VRPL,718,ok,10.7232343365,8
VRPL,719,ok,8.6698375995,6
VRPL,720,ok,9.4353832485,7
VRPL,721,ok,10.9574536346,8
VRPL,722,ok,10.3700279064,7
VRPL,723,ok,11.4320550715,7
VRPL,724,ok,10.1254257980,7
VRPL,725,ok,10.9069089421,7
VRPL,726,ok,11.5094538862,7
VRPL,727,ok,8.8139644624,7
VRPL,728,ok,12.1562629027,8
VRPL,729,ok,10.1379011046,6
VRPL,730,ok,10.3909188094,7
VRPL,731,ok,9.5197606132,8
VRPL,732,ok,10.1887773281,8
VRPL,733,ok,14.7434317090,8
VRPL,734,ok,11.9007909984,8
VRPL,735,ok,12.6078809875,7
VRPL,736,ok,11.8822027088,8
VRPL,737,ok,9.4343578284,8
VRPL,738,ok,10.7373345775,7
VRPL,739,ok,11.7447899856,7
VRPL,740,ok,11.0005709016,8
VRPL,741,ok,8.5809604189,7
VRPL,742,ok,10.3394748635,7
VRPL,743,ok,8.4730936853,6
VRPL,744,ok,10.4180568743,7
VRPL,745,ok,11.1238254972,7
VRPL,746,ok,13.4211744695,7
VRPL,747,ok,9.0721676525,7
VRPL,748,ok,12.1651250356,7
VRPL,749,ok,11.2477266988,6
VRPL,750,ok,9.6826283167,7
VRPL,751,ok,13.1532332086,7
VRPL,752,ok,11.3894089807,6
VRPL,753,ok,10.1528145563,7
VRPL,754,ok,11.0018278785,7
VRPL,755,ok,10.2157759351,7
VRPL,756,ok,11.6421845810,7
VRPL,757,ok,9.3925589706,6
VRPL,758,ok,10.3044025350,6
VRPL,759,ok,11.1230666640,7
VRPL,760,ok,13.1933731155,7
VRPL,761,ok,11.3210884020,7
VRPL,762,ok,12.9073215117,8
VRPL,763,ok,12.1742643768,7
VRPL,764,ok,11.1423871475,7
VRPL,765,ok,13.3385732376,9
VRPL,766,ok,10.9955212805,7
VRPL,767,ok,11.8514578613,7
VRPL,768,ok,12.5480232236,8
VRPL,769,ok,10.9246772620,8
VRPL,770,ok,10.4899460267,8
VRPL,771,ok,8.8264204248,6
VRPL,772,ok,11.0529282941,6
VRPL,773,ok,8.5392374895,7
VRPL,774,ok,9.0416614158,7
VRPL,775,ok,11.6890565981,8
VRPL,776,ok,12.8065116164,7
VRPL,777,ok,10.3673841280,8
VRPL,778,ok,11.3213609916,7
VRPL,779,ok,11.1910216192,7
VRPL,780,ok,9.0971067188,7
VRPL,781,ok,11.3825273362,7
VRPL,782,ok,9.5077853569,7
VRPL,783,ok,12.5784686126,7
VRPL,784,ok,10.2544831170,6
VRPL,785,ok,11.5818429675,7
VRPL,786,ok,10.2107797849,7
VRPL,787,ok,10.2862844140,8
VRPL,788,ok,10.5144974067,7
VRPL,789,ok,10.1925214508,8
VRPL,790,ok,11.0152199526,8
VRPL,791,ok,9.4671405804,7
VRPL,792,ok,11.1853126713,7
VRPL,793,ok,10.4664429655,8
VRPL,794,ok,11.5200288460,7
VRPL,795,ok,12.3936478776,9
VRPL,796,ok,10.2475357839,7
VRPL,797,ok,11.0118383338,7
VRPL,798,ok,10.8798536773,8
VRPL,799,ok,10.2822217424,8
VRPL,800,ok,10.6229188766,8
VRPL,801,ok,11.8232701165,7
VRPL,802,ok,10.3829850379,7
VRPL,803,ok,9.5621816009,8
VRPL,804,ok,9.1168246366,7
VRPL,805,ok,13.7453326781,8
VRPL,806,ok,10.2093143015,6
VRPL,807,ok,10.7275379987,7
VRPL,808,ok,10.7680127411,7
VRPL,809,ok,10.3661740381,8
VRPL,810,ok,8.8987545835,7
VRPL,811,ok,12.4579629001,7
VRPL,812,ok,10.4032790934,8
VRPL,813,ok,11.9526535542,7
VRPL,814,ok,12.1869088458,6
VRPL,815,ok,11.6299035185,6
VRPL,816,ok,9.5106124859,7
VRPL,817,ok,9.8726628935,7
VRPL,818,ok,13.0364331209,7
VRPL,819,ok,10.2633064853,6
VRPL,820,ok,11.3113044489,7
VRPL,821,ok,10.6806670606,7
VRPL,822,ok,9.9052340935,6
VRPL,823,ok,10.4753783715,8
VRPL,824,ok,11.0962390711,8
VRPL,825,ok,9.8155571139,7
VRPL,826,ok,15.2623965254,9
VRPL,827,ok,9.7075069486,8
VRPL,828,ok,11.0335979225,7
VRPL,829,ok,10.2319936033,7
VRPL,830,ok,12.4674331466,7
VRPL,831,ok,12.4205003665,9
VRPL,832,ok,10.6638134207,6
VRPL,833,ok,10.5406697741,8
VRPL,834,ok,11.7620391345,7
VRPL,835,ok,8.9646329995,8
VRPL,836,ok,12.4326025382,8
VRPL,837,ok,13.2669679883,7
VRPL,838,ok,11.5402497471,8
VRPL,839,ok,11.2312947089,7
VRPL,840,ok,10.5284295388,8
VRPL,841,ok,11.6987076132,7
VRPL,842,ok,9.7852271384,7
VRPL,843,ok,11.5117987240,8
VRPL,844,ok,11.1035785430,7
VRPL,845,ok,11.5748718695,9
VRPL,846,ok,10.0188927331,6
VRPL,847,ok,11.8943602399,7
VRPL,848,ok,10.0448379974,7
VRPL,849,ok,9.0558002171,9
VRPL,850,ok,11.3196589474,8
VRPL,851,ok,11.9188294752,7
VRPL,852,ok,9.9735980711,7
VRPL,853,ok,13.8654123100,8
VRPL,854,ok,8.6977835150,6
VRPL,855,ok,9.5845248784,8
VRPL,856,ok,9.4897731119,7
VRPL,857,ok,11.1547093065,7
VRPL,858,ok,12.6430411960,7
VRPL,859,ok,9.5110713503,7
VRPL,860,ok,11.1028267254,7
VRPL,861,ok,11.0074415273,6
VRPL,862,ok,10.1622278965,7
VRPL,863,ok,13.3809070427,7
VRPL,864,ok,9.5791108918,7
VRPL,865,ok,9.1240073673,6
VRPL,866,ok,9.9826262509,7
VRPL,867,ok,8.9189490988,6
VRPL,868,ok,8.0359757663,7
VRPL,869,ok,10.4354725243,7
VRPL,870,ok,9.4971242698,7
VRPL,871,ok,11.1444786659,8
VRPL,872,ok,11.9345308165,7
VRPL,873,ok,10.0675161772,8
VRPL,874,ok,12.2518140991,7
VRPL,875,ok,8.7133602212,7
VRPL,876,ok,11.7902443046,7
VRPL,877,ok,12.4757168861,8
VRPL,878,ok,10.6892701536,8
VRPL,879,ok,10.6649987603,7
VRPL,880,ok,12.8419646805,7
VRPL,881,ok,10.0845344780,8
VRPL,882,ok,9.1062245609,7
VRPL,883,ok,8.8818820537,7
VRPL,884,ok,13.2045596002,9
VRPL,885,ok,9.6915811141,7
VRPL,886,ok,11.0224112724,7
VRPL,887,ok,9.2798777042,7
VRPL,888,ok,8.9570356654,7
VRPL,889,ok,10.9461677454,8
VRPL,890,ok,9.2578353915,7
VRPL,891,ok,12.5659062731,7
VRPL,892,ok,9.0635200527,7
VRPL,893,ok,12.3738784431,8
VRPL,894,ok,10.7803951228,7
VRPL,895,ok,10.5706905945,8
VRPL,896,ok,11.0483396368,8
VRPL,897,ok,11.4425358208,8
VRPL,898,ok,8.9696752335,7
VRPL,899,ok,10.7421267282,7
VRPL,900,ok,10.4419256385,7
VRPL,901,ok,9.2795324368,7
VRPL,902,ok,9.6698549436,6
VRPL,903,ok,10.7877130122,7
VRPL,904,ok,9.1868310107,7
VRPL,905,ok,11.0873036314,8
VRPL,906,ok,11.6979028830,7
VRPL,907,ok,9.2441050440,7
VRPL,908,ok,13.2295917997,8
VRPL,909,ok,10.3267974921,7
VRPL,910,ok,11.0545033220,7
VRPL,911,ok,11.7547475238,6
VRPL,912,ok,11.8403739005,8
VRPL,913,ok,12.3239037101,8
VRPL,914,ok,12.1682034262,8
VRPL,915,ok,9.4962630720,6
VRPL,916,ok,12.7058167048,8
VRPL,917,ok,10.1694117094,7
VRPL,918,ok,9.0899788608,7
VRPL,919,ok,10.7269278087,7
VRPL,920,ok,10.4468750605,7
VRPL,921,ok,15.4964354480,7
VRPL,922,ok,11.1307786305,7
VRPL,923,ok,9.8785255716,7
VRPL,924,ok,11.0707017381,7
VRPL,925,ok,13.3801292186,8
VRPL,926,ok,12.2188086017,7
VRPL,927,ok,14.8930328735,8
VRPL,928,ok,11.3457685701,7
VRPL,929,ok,13.8645363529,8
VRPL,930,ok,10.3235448015,7
VRPL,931,ok,11.3229449599,7
VRPL,932,ok,11.3341430222,6
VRPL,933,ok,12.4564497048,7
VRPL,934,ok,9.6999053996,7
VRPL,935,ok,9.2066583182,7
VRPL,936,ok,11.3590499931,7
VRPL,937,ok,11.0865723583,8
VRPL,938,ok,12.5321560629,7
VRPL,939,ok,11.8752703236,7
VRPL,940,ok,10.3201058242,7
VRPL,941,ok,11.5341651515,8
VRPL,942,ok,9.1340347844,7
VRPL,943,ok,11.9894388983,7
VRPL,944,ok,12.7978765757,8
VRPL,945,ok,10.7590401866,7
VRPL,946,ok,10.2205222927,8
VRPL,947,ok,11.4039360476,7
VRPL,948,ok,12.5479946157,7
VRPL,949,ok,10.1161970167,7
VRPL,950,ok,9.7276436421,8
VRPL,951,ok,9.8662267542,7
VRPL,952,ok,8.4081813675,6
VRPL,953,ok,13.0482854556,8
VRPL,954,ok,9.8309041548,8
VRPL,955,ok,9.8977980102,8
VRPL,956,ok,9.6912867014,7
VRPL,957,ok,11.4486072602,7
VRPL,958,ok,11.6698460468,8
VRPL,959,ok,12.7107042307,7
VRPL,960,ok,12.7951483504,7
VRPL,961,ok,9.4597786001,7
VRPL,962,ok,11.2271260492,7
VRPL,963,ok,12.5664113412,7
VRPL,964,ok,10.6203327025,7
VRPL,965,ok,12.9721055993,8
VRPL,966,ok,10.6860046163,8
VRPL,967,ok,10.7345848659,8
VRPL,968,ok,10.4810404127,7
VRPL,969,ok,11.1496849227,7
VRPL,970,ok,10.1251172693,7
VRPL,971,ok,13.9092652072,7
VRPL,972,ok,11.4244592327,7
VRPL,973,ok,10.7997652079,7
VRPL,974,ok,11.6463209860,7
VRPL,975,ok,9.5068300985,9
VRPL,976,ok,11.2208346288,7
VRPL,977,ok,10.5055349430,7
VRPL,978,ok,12.6991957387,7
VRPL,979,ok,12.9155819128,7
VRPL,980,ok,12.1054992144,7
VRPL,981,ok,10.0339277228,7
VRPL,982,ok,10.5207706232,8
VRPL,983,ok,11.8436288325,8
VRPL,984,ok,13.8819218160,7
VRPL,985,ok,11.0075541015,7
VRPL,986,ok,12.3197620573,7
VRPL,987,ok,10.8170481185,7
VRPL,988,ok,9.8705951995,6
VRPL,989,ok,11.0173442875,7
VRPL,990,ok,10.7860110810,7
VRPL,991,ok,12.9812888642,8
VRPL,992,ok,11.3280398982,6
VRPL,993,ok,12.0272107168,7
VRPL,994,ok,10.5530965145,8
VRPL,995,ok,11.4074749194,7
VRPL,996,ok,10.5484327905,7
VRPL,997,ok,12.0901604453,8
VRPL,998,ok,9.7944924595,7
VRPL,999,ok,11.2630521905,6
VRPTW,0,ok,18.7005721834,15
VRPTW,1,ok,17.8732667919,14
VRPTW,2,ok,17.2775616736,15
VRPTW,3,ok,16.7985760679,14
VRPTW,4,ok,24.7160676101,16
VRPTW,5,ok,18.7828591135,16
VRPTW,6,ok,15.8140798565,15
VRPTW,7,ok,24.2856794120,15
VRPTW,8,ok,13.8629399396,14
VRPTW,9,ok,23.6783520511,16
VRPTW,10,ok,17.5633402482,15
VRPTW,11,ok,14.9925146667,15
VRPTW,12,ok,14.8075610401,15
VRPTW,13,ok,14.3651616735,14
VRPTW,14,ok,15.9846228556,15
VRPTW,15,ok,22.1374653680,16
VRPTW,16,ok,17.3968359535,14
VRPTW,17,ok,20.5942057940,15
VRPTW,18,ok,21.1461527978,15
VRPTW,19,ok,17.7892150849,15
VRPTW,20,ok,21.2633292049,15
VRPTW,21,ok,19.0016720494,13
VRPTW,22,ok,16.5928271405,14
VRPTW,23,ok,21.4288400884,16
VRPTW,24,ok,20.5046881163,14
VRPTW,25,ok,18.2780536691,14
VRPTW,26,ok,24.8589468183,17
VRPTW,27,ok,15.7210948891,15
VRPTW,28,ok,17.6152386476,16
VRPTW,29,ok,20.7398365543,15
VRPTW,30,ok,23.3504962969,15
VRPTW,31,ok,15.6378587440,16
VRPTW,32,ok,20.5311505659,17
VRPTW,33,ok,15.3008769233,15
VRPTW,34,ok,13.8194127118,13
VRPTW,35,ok,21.1162973981,17
VRPTW,36,ok,17.2975654067,14
VRPTW,37,ok,14.9707071241,15
VRPTW,38,ok,15.8210714168,15
VRPTW,39,ok,20.3467079574,16
VRPTW,40,ok,21.4285006318,15
VRPTW,41,ok,24.1148697215,16
VRPTW,42,ok,16.8951363032,12
VRPTW,43,ok,15.6245045152,14
VRPTW,44,ok,17.7951599145,13
VRPTW,45,ok,14.9601141883,14
VRPTW,46,ok,21.8343526512,16
VRPTW,47,ok,18.2822262549,16
VRPTW,48,ok,13.8729905378,14
VRPTW,49,ok,15.2584590716,14
VRPTW,50,ok,20.7315132975,13
VRPTW,51,ok,15.3733077185,14
VRPTW,52,ok,23.0286188878,16
VRPTW,53,ok,18.4688261897,15
VRPTW,54,ok,13.3202251984,15
VRPTW,55,ok,23.3927356765,15
VRPTW,56,ok,21.0279196750,15
VRPTW,57,ok,23.3544298208,16
VRPTW,58,ok,20.6063307520,16
VRPTW,59,ok,21.3200399617,14
VRPTW,60,ok,16.8215876314,14
VRPTW,61,ok,19.9392799134,16
VRPTW,62,ok,22.7419802337,16
VRPTW,63,ok,19.6217264587,15
VRPTW,64,ok,21.1134304694,15
VRPTW,65,ok,23.5450540717,16
VRPTW,66,ok,16.1106297603,15
VRPTW,67,ok,14.9312885982,16
VRPTW,68,ok,26.1618449713,16
VRPTW,69,ok,26.2055322426,18
VRPTW,70,ok,15.9743447228,14
VRPTW,71,ok,13.8631399319,13
VRPTW,72,ok,18.1053116321,15
VRPTW,73,ok,16.9055806110,15
VRPTW,74,ok,13.6051974734,16
VRPTW,75,ok,22.0402339424,15
VRPTW,76,ok,23.6129822299,15
VRPTW,77,ok,16.9478757261,18
VRPTW,78,ok,17.0589475884,14
VRPTW,79,ok,24.7636425497,15
VRPTW,80,ok,15.5351914279,16
VRPTW,81,ok,17.9897734451,16
VRPTW,82,ok,21.0033135017,15
VRPTW,83,ok,15.6438271060,15
VRPTW,84,ok,16.1036231924,15
VRPTW,85,ok,12.5567106927,13
VRPTW,86,ok,18.7237750604,16
VRPTW,87,ok,28.1706061351,16
VRPTW,88,ok,29.5886798841,18
VRPTW,89,ok,17.6980964381,14
VRPTW,90,ok,24.3774244336,16
VRPTW,91,ok,15.4680658080,16
VRPTW,92,ok,20.3574547424,14
VRPTW,93,ok,18.3123015446,13
VRPTW,94,ok,19.7056776926,14
VRPTW,95,ok,16.6714271504,13
VRPTW,96,ok,15.7751449801,14
VRPTW,97,ok,16.5376764002,14
VRPTW,98,ok,20.6787098694,15
VRPTW,99,ok,18.1976197574,13
VRPTW,100,ok,15.5996343975,14
VRPTW,101,ok,16.4714471301,15
VRPTW,102,ok,16.2815646272,17
VRPTW,103,ok,15.1181793842,15
VRPTW,104,ok,15.3714007203,17
VRPTW,105,ok,19.2236779613,15
VRPTW,106,ok,20.5214318946,15
VRPTW,107,ok,19.0916635775,14
VRPTW,108,ok,22.7654103618,14
VRPTW,109,ok,25.3671389463,16
VRPTW,110,ok,22.4683984526,15
VRPTW,111,ok,14.1114927875,14
VRPTW,112,ok,20.0927848630,15
VRPTW,113,ok,20.5035803447,14
VRPTW,114,ok,15.1236830495,15
VRPTW,115,ok,15.1636812168,13
VRPTW,116,ok,18.0228060266,13
VRPTW,117,ok,13.4407906562,15
VRPTW,118,ok,17.6437956916,14
VRPTW,119,ok,15.6908773447,13
VRPTW,120,ok,13.3638820677,13
VRPTW,121,ok,14.8239917746,12
VRPTW,122,ok,16.5750813792,15
VRPTW,123,ok,16.6508370376,16
VRPTW,124,ok,20.7578986263,16
VRPTW,125,ok,14.5723390005,15
VRPTW,126,ok,17.8274451344,15
VRPTW,127,ok,14.1634745520,13
VRPTW,128,ok,20.9868018976,16
VRPTW,129,ok,24.4487104496,17
VRPTW,130,ok,18.7449384074,15
VRPTW,131,ok,17.9005430003,17
VRPTW,132,ok,18.8652706013,15
VRPTW,133,ok,23.9213172994,16
VRPTW,134,ok,17.5394775996,14
VRPTW,135,ok,17.5859180600,14
VRPTW,136,ok,17.0421166364,15
VRPTW,137,ok,16.5404697340,14
VRPTW,138,ok,14.5898050892,13
VRPTW,139,ok,25.6896300334,15
VRPTW,140,ok,17.8533788202,14
VRPTW,141,ok,17.3219792618,14
VRPTW,142,ok,21.1449264981,17
VRPTW,143,ok,17.7000378879,14
VRPTW,144,ok,25.1216521799,17
VRPTW,145,ok,17.7169135341,15
VRPTW,146,ok,27.1736769942,16
VRPTW,147,ok,18.1452711534,17
VRPTW,148,ok,19.9911031048,16
VRPTW,149,ok,18.1197119437,15
VRPTW,150,ok,23.0247083559,15
VRPTW,151,ok,16.0250958462,16
VRPTW,152,ok,15.3851106349,15
VRPTW,153,ok,13.9552500743,14
VRPTW,154,ok,21.1510581370,15
VRPTW,155,ok,22.0768022767,15
VRPTW,156,ok,15.0721296552,15
VRPTW,157,ok,25.1805021859,16
VRPTW,158,ok,17.5363219974,14
VRPTW,159,ok,24.6155130355,16
VRPTW,160,ok,19.2827840649,13
VRPTW,161,ok,13.9984429614,13
VRPTW,162,ok,21.7906731670,14
VRPTW,163,ok,15.9933434731,13
VRPTW,164,ok,18.7509862975,15
VRPTW,165,ok,19.1670394969,15
VRPTW,166,ok,20.2853515833,15
VRPTW,167,ok,32.3646528596,19
VRPTW,168,ok,15.7516054280,14
VRPTW,169,ok,18.3400104414,15
VRPTW,170,ok,29.9471692351,18
VRPTW,171,ok,14.3915284981,15
VRPTW,172,ok,21.1964741887,15
VRPTW,173,ok,15.3917867450,16
VRPTW,174,ok,17.6793025585,14
VRPTW,175,ok,19.1477099233,13
VRPTW,176,ok,17.4675731309,15
VRPTW,177,ok,22.3457214473,14
VRPTW,178,ok,24.5293333920,15
VRPTW,179,ok,19.3911149469,13
VRPTW,180,ok,31.0173403339,17
VRPTW,181,ok,15.3022140442,14
VRPTW,182,ok,20.1680329812,15
VRPTW,183,ok,17.0082182703,16
VRPTW,184,ok,21.4608838447,15
VRPTW,185,ok,16.2501217495,16
VRPTW,186,ok,27.0649124561,19
VRPTW,187,ok,21.5486958985,14
VRPTW,188,ok,19.5112142357,15
VRPTW,189,ok,23.9927292530,15
VRPTW,190,ok,18.0433642404,13
VRPTW,191,ok,17.2101545093,15
VRPTW,192,ok,22.4677422865,15
VRPTW,193,ok,19.3086483648,13
VRPTW,194,ok,20.3122912000,17
VRPTW,195,ok,21.0506207704,14
VRPTW,196,ok,19.2228435906,14
VRPTW,197,ok,16.2564079456,15
VRPTW,198,ok,15.1698580572,15
VRPTW,199,ok,15.9274690676,14
VRPTW,200,ok,17.7590297985,14
VRPTW,201,ok,13.6673679263,13
VRPTW,202,ok,14.8843139077,15
VRPTW,203,ok,22.8382403019,16
VRPTW,204,ok,21.4767099187,15
VRPTW,205,ok,17.8686604103,13
VRPTW,206,ok,13.8848363740,13
VRPTW,207,ok,24.0536675529,17
VRPTW,208,ok,16.6720986459,13
VRPTW,209,ok,24.8833776242,16
VRPTW,210,ok,14.3811033002,13
VRPTW,211,ok,15.2878118729,15
VRPTW,212,ok,12.7452689181,14
VRPTW,213,ok,18.2909983471,17
VRPTW,214,ok,17.6865229719,15
VRPTW,215,ok,15.8097951519,15
VRPTW,216,ok,18.8177388431,14
VRPTW,217,ok,18.8384284049,14
VRPTW,218,ok,20.6953772802,15
VRPTW,219,ok,18.6530268345,15
VRPTW,220,ok,17.8851661870,14
VRPTW,221,ok,15.2119665241,14
VRPTW,222,ok,31.5361818746,18
VRPTW,223,ok,20.7936112211,15
VRPTW,224,ok,27.1444021349,17
VRPTW,225,ok,18.4897260819,16
VRPTW,226,ok,16.3877110289,12
VRPTW,227,ok,16.8385053412,15
VRPTW,228,ok,15.0916897876,12
VRPTW,229,ok,18.2638147419,15
VRPTW,230,ok,18.6324481221,17
VRPTW,231,ok,20.0393496546,16
VRPTW,232,ok,16.7060246424,18
VRPTW,233,ok,18.9066159424,17
VRPTW,234,ok,18.4218616100,14
VRPTW,235,ok,16.5918424670,13
VRPTW,236,ok,15.5007869189,14
VRPTW,237,ok,18.0439383929,15
VRPTW,238,ok,19.7933066747,14
VRPTW,239,ok,16.5059484021,15
VRPTW,240,ok,20.8419561373,16
VRPTW,241,ok,21.6577074162,17
VRPTW,242,ok,15.0347468829,14
VRPTW,243,ok,20.0343604934,14
VRPTW,244,ok,16.7751398142,14
VRPTW,245,ok,18.9585361487,13
VRPTW,246,ok,28.1411987800,17
VRPTW,247,ok,14.8272269623,13
VRPTW,248,ok,13.8905326962,15
VRPTW,249,ok,21.7181746661,15
VRPTW,250,ok,15.7966823136,13
VRPTW,251,ok,25.6777541173,16
VRPTW,252,ok,14.9179652010,14
VRPTW,253,ok,13.7237204774,13
VRPTW,254,ok,14.6373085854,17
VRPTW,255,ok,18.9660048444,16
VRPTW,256,ok,23.6490711206,15
VRPTW,257,ok,13.1731879761,13
VRPTW,258,ok,17.2053124555,14
VRPTW,259,ok,23.2552901006,16
VRPTW,260,ok,18.4722514269,13
VRPTW,261,ok,19.9248300675,17
VRPTW,262,ok,17.2868716952,15
VRPTW,263,ok,21.2427574652,14
VRPTW,264,ok,16.8598304799,14
VRPTW,265,ok,14.2223365939,14
VRPTW,266,ok,15.6253574632,15
VRPTW,267,ok,16.0227733610,16
VRPTW,268,ok,16.4358900232,16
VRPTW,269,ok,19.8282307118,14
VRPTW,270,ok,15.2708855062,15
VRPTW,271,ok,17.4311943335,14
VRPTW,272,ok,18.6218279081,13
VRPTW,273,ok,20.2829658168,16
VRPTW,274,ok,18.2461572878,15
VRPTW,275,ok,21.0108564631,14
VRPTW,276,ok,18.5098927512,14
VRPTW,277,ok,24.5814219353,16
VRPTW,278,ok,14.1713935681,15
VRPTW,279,ok,19.8429602778,14
VRPTW,280,ok,18.0320979209,16
VRPTW,281,ok,20.1005783676,15
VRPTW,282,ok,20.6067972219,13
VRPTW,283,ok,14.4174488114,14
VRPTW,284,ok,18.1879456915,15
VRPTW,285,ok,16.0729844200,16
VRPTW,286,ok,17.7728996749,14
VRPTW,287,ok,19.1412277055,14
VRPTW,288,ok,16.6402113720,15
VRPTW,289,ok,17.2064774763,16
VRPTW,290,ok,22.9737427296,15
VRPTW,291,ok,19.2690185563,14
VRPTW,292,ok,14.6045676701,15
VRPTW,293,ok,19.4103300814,17
VRPTW,294,ok,15.5677830759,15
VRPTW,295,ok,25.7380050967,16
VRPTW,296,ok,20.3943863789,15
VRPTW,297,ok,16.5596085211,12
VRPTW,298,ok,17.4945855075,15
VRPTW,299,ok,15.1541463615,16
VRPTW,300,ok,16.2425499880,14
VRPTW,301,ok,15.4220228349,15
VRPTW,302,ok,15.3432034488,14
VRPTW,303,ok,16.7811447423,14
VRPTW,304,ok,18.7926624304,15
VRPTW,305,ok,19.4927928662,17
VRPTW,306,ok,17.9778146768,15
VRPTW,307,ok,18.9031401892,14
VRPTW,308,ok,16.5726207590,14
VRPTW,309,ok,21.7682502719,15
VRPTW,310,ok,17.9942220104,14
VRPTW,311,ok,18.5873423145,16
VRPTW,312,ok,12.8473614818,15
VRPTW,313,ok,21.6284836306,17
VRPTW,314,ok,32.0806168846,17
VRPTW,315,ok,20.5963839377,15
VRPTW,316,ok,15.1156147874,16
VRPTW,317,ok,16.1281336869,17
VRPTW,318,ok,19.0347639854,15
VRPTW,319,ok,13.2716190608,12
VRPTW,320,ok,17.4719900462,16
VRPTW,321,ok,15.4550679193,15
VRPTW,322,ok,14.7332215066,14
VRPTW,323,ok,16.7726366059,15
VRPTW,324,ok,17.1574709210,16
VRPTW,325,ok,15.6274265019,15
VRPTW,326,ok,22.0629440501,15
VRPTW,327,ok,19.0676490703,15
VRPTW,328,ok,15.5607816666,14
VRPTW,329,ok,12.7202461304,13
VRPTW,330,ok,14.5100149350,16
VRPTW,331,ok,16.8384981467,13
VRPTW,332,ok,21.2828834293,15
VRPTW,333,ok,17.2950610967,14
VRPTW,334,ok,28.6704523379,16
VRPTW,335,ok,17.3243191834,14
VRPTW,336,ok,18.1281059146,14
VRPTW,337,ok,14.6219774243,14
VRPTW,338,ok,17.7755525684,14
VRPTW,339,ok,18.9267595794,15
VRPTW,340,ok,14.5134416758,15
VRPTW,341,ok,16.3467987064,16
VRPTW,342,ok,19.1004527342,15
VRPTW,343,ok,24.6253073014,18
VRPTW,344,ok,24.6567215937,15
VRPTW,345,ok,21.8704938598,16
VRPTW,346,ok,16.1351275114,14
VRPTW,347,ok,20.7170040542,15
VRPTW,348,ok,15.4714580027,15
VRPTW,349,ok,16.3983317985,14
VRPTW,350,ok,18.9326090643,15
VRPTW,351,ok,22.8189834650,14
VRPTW,352,ok,22.0060368770,16
VRPTW,353,ok,20.8456636045,15
VRPTW,354,ok,25.2664661265,18
VRPTW,355,ok,20.0582175022,15
VRPTW,356,ok,17.3023651012,15
VRPTW,357,ok,25.8330697368,16
VRPTW,358,ok,20.5629525707,17
VRPTW,359,ok,18.0490972599,16
VRPTW,360,ok,13.5631825995,14
VRPTW,361,ok,17.2885153820,15
VRPTW,362,ok,19.0118453475,14
VRPTW,363,ok,19.7593119863,13
VRPTW,364,ok,24.2449075554,15
VRPTW,365,ok,15.0638959754,15
VRPTW,366,ok,26.0773182743,18
VRPTW,367,ok,18.5513339013,15
VRPTW,368,ok,21.4901386643,14
VRPTW,369,ok,18.2770283725,15
VRPTW,370,ok,19.8000050289,14
VRPTW,371,ok,18.7357170741,18
VRPTW,372,ok,22.3358043847,16
VRPTW,373,ok,15.6735296003,14
VRPTW,374,ok,22.4872174214,16
VRPTW,375,ok,15.4103317478,13
VRPTW,376,ok,21.3403781307,15
VRPTW,377,ok,18.5698641799,15
VRPTW,378,ok,22.0456826058,14
VRPTW,379,ok,19.2828207913,14
VRPTW,380,ok,16.4094951347,15
VRPTW,381,ok,26.2734114220,15
VRPTW,382,ok,20.7713085744,14
VRPTW,383,ok,14.8207930008,15
VRPTW,384,ok,16.3914541142,14
VRPTW,385,ok,14.0861161452,16
VRPTW,386,ok,21.6159947291,16
VRPTW,387,ok,14.4876008269,13
VRPTW,388,ok,17.4168872573,13
VRPTW,389,ok,20.5623410182,16
VRPTW,390,ok,17.8860187572,14
VRPTW,391,ok,16.7753270616,15
VRPTW,392,ok,16.8810810696,14
VRPTW,393,ok,24.9580434721,16
VRPTW,394,ok,22.2787542134,16
VRPTW,395,ok,13.7826516126,13
VRPTW,396,ok,22.6723370844,14
VRPTW,397,ok,19.2776299797,15
VRPTW,398,ok,17.4337083505,14
VRPTW,399,ok,21.2331672849,17
VRPTW,400,ok,23.1756311864,16
VRPTW,401,ok,15.6434290888,14
VRPTW,402,ok,22.6797082707,16
VRPTW,403,ok,21.9947001743,14
VRPTW,404,ok,16.4552315180,15
VRPTW,405,ok,16.7154380189,12
VRPTW,406,ok,27.4175357621,16
VRPTW,407,ok,13.5632496926,13
VRPTW,408,ok,23.1552875070,16
VRPTW,409,ok,15.2638870015,13
VRPTW,410,ok,19.0133768428,15
VRPTW,411,ok,30.9812122053,19
VRPTW,412,ok,16.1327568617,16
VRPTW,413,ok,24.5425645668,17
VRPTW,414,ok,14.5386748153,14
VRPTW,415,ok,22.4250014455,16
VRPTW,416,ok,20.3547170519,17
VRPTW,417,ok,17.9136433879,15
VRPTW,418,ok,14.7886922365,15
VRPTW,419,ok,17.3420759380,15
VRPTW,420,ok,14.8212362097,16
VRPTW,421,ok,18.8966933770,14
VRPTW,422,ok,19.8488620032,13
VRPTW,423,ok,21.9276938640,17
VRPTW,424,ok,16.0595911355,16
VRPTW,425,ok,17.8191331209,16
VRPTW,426,ok,17.2035421619,14
VRPTW,427,ok,18.1436431742,16
VRPTW,428,ok,17.4878227316,15
VRPTW,429,ok,16.6219533635,15
VRPTW,430,ok,15.8671952203,14
VRPTW,431,ok,17.9541985066,13
VRPTW,432,ok,18.4249977796,14
VRPTW,433,ok,17.0336339641,15
VRPTW,434,ok,22.0703916339,15
VRPTW,435,ok,21.0843941651,14
VRPTW,436,ok,21.9059260212,14
VRPTW,437,ok,18.1202829265,15
VRPTW,438,ok,21.6897846262,16
VRPTW,439,ok,16.3377266446,13
VRPTW,440,ok,22.1573388275,17
VRPTW,441,ok,23.1095753670,16
VRPTW,442,ok,22.1608366613,15
VRPTW,443,ok,24.4285655216,15
VRPTW,444,ok,14.7355714414,13
VRPTW,445,ok,18.6093330655,13
VRPTW,446,ok,15.1800075102,14
VRPTW,447,ok,18.7653807254,13
VRPTW,448,ok,15.6513377713,13
VRPTW,449,ok,16.1571832566,14
VRPTW,450,ok,17.3281749915,16
VRPTW,451,ok,15.0514952610,14
VRPTW,452,ok,20.7082778131,17
VRPTW,453,ok,20.1678094000,16
VRPTW,454,ok,21.6522165916,15
VRPTW,455,ok,19.4487686770,14
VRPTW,456,ok,16.2816301963,13
VRPTW,457,ok,14.7123913450,14
VRPTW,458,ok,17.0780048160,14
VRPTW,459,ok,22.2382245037,14
VRPTW,460,ok,22.2540352224,16
VRPTW,461,ok,14.9919456557,16
VRPTW,462,ok,17.4288665497,14
VRPTW,463,ok,14.8477388167,15
VRPTW,464,ok,17.9311902554,14
VRPTW,465,ok,21.0388595640,16
VRPTW,466,ok,18.5147807038,14
VRPTW,467,ok,20.6417010566,15
VRPTW,468,ok,18.3485482229,16
VRPTW,469,ok,18.0748260540,14
VRPTW,470,ok,18.5286340761,16
VRPTW,471,ok,19.6640533971,16
VRPTW,472,ok,17.5798742965,14
VRPTW,473,ok,19.4681257612,14
VRPTW,474,ok,16.1851833824,16
VRPTW,475,ok,18.9633617898,15
VRPTW,476,ok,18.8020526695,16
VRPTW,477,ok,30.8581951533,18
VRPTW,478,ok,17.0115237459,15
VRPTW,479,ok,15.4460226320,15
VRPTW,480,ok,18.1867135491,15
VRPTW,481,ok,15.9448093713,14
VRPTW,482,ok,20.7983931297,15
VRPTW,483,ok,13.8981291752,14
VRPTW,484,ok,21.2395277031,15
VRPTW,485,ok,21.1516423810,16
VRPTW,486,ok,17.7952418635,13
VRPTW,487,ok,15.6217769451,14
VRPTW,488,ok,18.6494297035,13
VRPTW,489,ok,16.2053550574,14
VRPTW,490,ok,15.3456299539,15
VRPTW,491,ok,21.9744702797,15
VRPTW,492,ok,17.3457328116,13
VRPTW,493,ok,14.8056254857,15
VRPTW,494,ok,19.5591428116,15
VRPTW,495,ok,19.2296384628,16
VRPTW,496,ok,17.1028899072,17
VRPTW,497,ok,14.2268680975,14
VRPTW,498,ok,19.4034955295,16
VRPTW,499,ok,19.4340211613,14
VRPTW,500,ok,20.3280810503,16
VRPTW,501,ok,16.9072109404,14
VRPTW,502,ok,19.4714973508,15
VRPTW,503,ok,18.3386602588,14
VRPTW,504,ok,17.1747226600,15
VRPTW,505,ok,15.5882169127,13
VRPTW,506,ok,21.3879626528,14
VRPTW,507,ok,16.9682807235,14
VRPTW,508,ok,13.8253873400,14
VRPTW,509,ok,19.8665766506,13
VRPTW,510,ok,20.0637622360,16
VRPTW,511,ok,22.1320705292,15
VRPTW,512,ok,23.6633324332,15
VRPTW,513,ok,20.1933897238,17
VRPTW,514,ok,16.2648961100,13
VRPTW,515,ok,23.8034352107,16
VRPTW,516,ok,18.0590375090,14
VRPTW,517,ok,17.6699911694,14
VRPTW,518,ok,20.8809213928,15
VRPTW,519,ok,18.0837035390,14
VRPTW,520,ok,18.0104746768,16
VRPTW,521,ok,24.7488539656,16
VRPTW,522,ok,18.6793085572,14
VRPTW,523,ok,17.3290420282,14
VRPTW,524,ok,18.5857239251,15
VRPTW,525,ok,28.6298609811,17
VRPTW,526,ok,15.2168351927,14
VRPTW,527,ok,14.7954986929,15
VRPTW,528,ok,16.1498024175,15
VRPTW,529,ok,19.6977118256,15
VRPTW,530,ok,19.0605302119,15
VRPTW,531,ok,15.2257439481,13
VRPTW,532,ok,15.3600145865,14
VRPTW,533,ok,15.9854253269,14
VRPTW,534,ok,15.4043470070,14
VRPTW,535,ok,18.9731907543,14
VRPTW,536,ok,16.1522600247,15
VRPTW,537,ok,18.4614517437,14
VRPTW,538,ok,23.9517328150,15
VRPTW,539,ok,18.5646871921,14
VRPTW,540,ok,18.8809005975,16
VRPTW,541,ok,13.4389922257,11
VRPTW,542,ok,15.3557377730,13
VRPTW,543,ok,16.4778863174,13
VRPTW,544,ok,23.2280233925,15
VRPTW,545,ok,25.7735634858,16
VRPTW,546,ok,19.7387953193,14
VRPTW,547,ok,20.6968705012,15
VRPTW,548,ok,16.7273846910,15
VRPTW,549,ok,17.2364161424,13
VRPTW,550,ok,18.5234910272,14
VRPTW,551,ok,15.4395339512,15
VRPTW,552,ok,23.7112264148,16
VRPTW,553,ok,16.6774234472,13
VRPTW,554,ok,22.4892846346,15
VRPTW,555,ok,17.8342386299,16
VRPTW,556,ok,16.0134569233,14
VRPTW,557,ok,14.1809602957,12
VRPTW,558,ok,21.3138866442,15
VRPTW,559,ok,16.3599555130,13
VRPTW,560,ok,18.7713037074,15
VRPTW,561,ok,25.2132488083,15
VRPTW,562,ok,19.4250205437,16
VRPTW,563,ok,15.5317322794,14
VRPTW,564,ok,14.1182608078,14
VRPTW,565,ok,20.9280203638,13
VRPTW,566,ok,18.3956507890,15
VRPTW,567,ok,18.1949707729,15
VRPTW,568,ok,14.7006846338,14
VRPTW,569,ok,20.2956743072,15
VRPTW,570,ok,24.2208668952,16
VRPTW,571,ok,16.1284555489,16
VRPTW,572,ok,18.1500536962,16
VRPTW,573,ok,20.2200577983,15
VRPTW,574,ok,15.8563012362,14
VRPTW,575,ok,26.1089078383,16
VRPTW,576,ok,22.1679650585,16
VRPTW,577,ok,18.5354008528,15
VRPTW,578,ok,18.1389537810,16
VRPTW,579,ok,17.8566675227,16
VRPTW,580,ok,16.9782323648,15
VRPTW,581,ok,21.7148507637,15
VRPTW,582,ok,17.9902111535,14
VRPTW,583,ok,17.1207249820,15
VRPTW,584,ok,21.3239660740,15
VRPTW,585,ok,14.2379250886,14
VRPTW,586,ok,19.1978466148,16
VRPTW,587,ok,21.4648449423,16
VRPTW,588,ok,18.2345748046,13
VRPTW,589,ok,16.0764526580,14
VRPTW,590,ok,18.0585537523,14
VRPTW,591,ok,22.8910586301,15
VRPTW,592,ok,21.6090454225,14
VRPTW,593,ok,14.6357221461,13
VRPTW,594,ok,20.3504187995,14
VRPTW,595,ok,17.6679646546,14
VRPTW,596,ok,16.4764348514,14
VRPTW,597,ok,18.2907197427,13
VRPTW,598,ok,27.8713784332,17
VRPTW,599,ok,13.9687516945,14
VRPTW,600,ok,25.8782751032,17
VRPTW,601,ok,20.9311296762,15
VRPTW,602,ok,15.5095793921,15
VRPTW,603,ok,18.0331931678,17
VRPTW,604,ok,15.3470665171,15
VRPTW,605,ok,14.2866979679,13
VRPTW,606,ok,16.6346478166,15
VRPTW,607,ok,20.8620591085,14
VRPTW,608,ok,16.0403836021,14
VRPTW,609,ok,19.0576869933,14
VRPTW,610,ok,14.9250787287,12
VRPTW,611,ok,14.7714921325,15
VRPTW,612,ok,15.7874143310,15
VRPTW,613,ok,15.5093746836,13
VRPTW,614,ok,14.8090078830,15
VRPTW,615,ok,16.6164743791,16
VRPTW,616,ok,15.8902559716,13
VRPTW,617,ok,15.4492287079,14
VRPTW,618,ok,17.1667330744,16
VRPTW,619,ok,22.1058708136,15
VRPTW,620,ok,16.5711153333,15
VRPTW,621,ok,22.2242353232,16
VRPTW,622,ok,16.6644388244,15
VRPTW,623,ok,13.1958424070,14
VRPTW,624,ok,13.3632625843,14
VRPTW,625,ok,15.0317835185,13
VRPTW,626,ok,14.4272781931,15
VRPTW,627,ok,20.1628399220,16
VRPTW,628,ok,19.2360369286,15
VRPTW,629,ok,21.6674823879,16
VRPTW,630,ok,25.0030374433,16
VRPTW,631,ok,17.5453522639,16
VRPTW,632,ok,20.0756713662,16
VRPTW,633,ok,15.2190879808,15
VRPTW,634,ok,21.3062579832,14
VRPTW,635,ok,16.4847082040,14
VRPTW,636,ok,14.8039199249,13
VRPTW,637,ok,20.8722763621,15
VRPTW,638,ok,18.7384110352,14
VRPTW,639,ok,21.0819869531,14
VRPTW,640,ok,20.5322717640,15
VRPTW,641,ok,19.9866269819,14
VRPTW,642,ok,20.1103332567,14
VRPTW,643,ok,17.2886721475,15
VRPTW,644,ok,13.1927386850,14
VRPTW,645,ok,16.0927345681,12
VRPTW,646,ok,20.5470135918,15
VRPTW,647,ok,15.3217350946,14
VRPTW,648,ok,20.4819177498,14
VRPTW,649,ok,17.7272166101,14
VRPTW,650,ok,18.7260850744,15
VRPTW,651,ok,14.9258176610,15
VRPTW,652,ok,15.7129181371,16
VRPTW,653,ok,18.5147190358,16
VRPTW,654,ok,14.1122321759,15
VRPTW,655,ok,17.0400805137,13
VRPTW,656,ok,17.4119707782,15
VRPTW,657,ok,15.9068186589,15
VRPTW,658,ok,15.0975423586,13
VRPTW,659,ok,15.9592594356,12
VRPTW,660,ok,19.6419346061,13
VRPTW,661,ok,24.1086568565,17
VRPTW,662,ok,17.3116930768,14
VRPTW,663,ok,18.5805691744,17
VRPTW,664,ok,26.0008998374,17
VRPTW,665,ok,16.4780046551,16
VRPTW,666,ok,19.6374775097,15
VRPTW,667,ok,15.3665197241,14
VRPTW,668,ok,15.6799141107,16
VRPTW,669,ok,22.0704346356,14
VRPTW,670,ok,21.0451586711,14
VRPTW,671,ok,18.5915120906,13
VRPTW,672,ok,16.8590209749,15
VRPTW,673,ok,18.9288156660,14
VRPTW,674,ok,19.1348600360,14
VRPTW,675,ok,19.9595745672,16
VRPTW,676,ok,21.9579867153,15
VRPTW,677,ok,15.5941340189,15
VRPTW,678,ok,18.7425698433,16
VRPTW,679,ok,25.3860655495,15
VRPTW,680,ok,18.0100830196,14
VRPTW,681,ok,25.0169800235,14
VRPTW,682,ok,19.9206719514,15
VRPTW,683,ok,20.7690213565,17
VRPTW,684,ok,23.9582423524,15
VRPTW,685,ok,18.2657364975,16
VRPTW,686,ok,24.5266191445,15
VRPTW,687,ok,18.9598276273,13
VRPTW,688,ok,15.0406403177,14
VRPTW,689,ok,14.2354047404,13
VRPTW,690,ok,18.8642661624,16
VRPTW,691,ok,19.2357047071,16
VRPTW,692,ok,14.4643017610,14
VRPTW,693,ok,20.1121932774,16
VRPTW,694,ok,18.6603280376,15
VRPTW,695,ok,23.5295928401,17
VRPTW,696,ok,18.1616714511,14
VRPTW,697,ok,14.3989372779,13
VRPTW,698,ok,20.0507010006,16
VRPTW,699,ok,24.3853343722,16
VRPTW,700,ok,25.7500684573,15
VRPTW,701,ok,12.9206277708,14
VRPTW,702,ok,22.6328888108,16
VRPTW,703,ok,26.1860687887,17
VRPTW,704,ok,20.9425740190,14
VRPTW,705,ok,20.3009346450,17
VRPTW,706,ok,17.4454796395,15
VRPTW,707,ok,17.3556271155,17
VRPTW,708,ok,21.1319843336,15
VRPTW,709,ok,13.7155792898,14
VRPTW,710,ok,28.8440125876,16
VRPTW,711,ok,17.7886020153,16
VRPTW,712,ok,21.8499421509,15
VRPTW,713,ok,18.6026799195,13
VRPTW,714,ok,14.0032211670,14
VRPTW,715,ok,19.4978563830,14
VRPTW,716,ok,19.0065826591,15
VRPTW,717,ok,16.3316599084,14
VRPTW,718,ok,13.2487886383,14
VRPTW,719,ok,16.6853255106,16
VRPTW,720,ok,18.9382445891,14
VRPTW,721,ok,18.8874689537,15
VRPTW,722,ok,18.0793426052,14
VRPTW,723,ok,12.8036592374,12
VRPTW,724,ok,19.5197601163,17
VRPTW,725,ok,17.6099714519,14
VRPTW,726,ok,15.1151237508,14
VRPTW,727,ok,23.7275357625,16
VRPTW,728,ok,18.8921349573,14
VRPTW,729,ok,16.3181455600,15
VRPTW,730,ok,14.4982111587,15
VRPTW,731,ok,18.7767972333,14
VRPTW,732,ok,16.2922115512,15
VRPTW,733,ok,21.3441075524,15
VRPTW,734,ok,18.2829968612,14
VRPTW,735,ok,16.4856006315,12
VRPTW,736,ok,19.3103658551,16
VRPTW,737,ok,14.4293864602,12
VRPTW,738,ok,18.5628896271,15
VRPTW,739,ok,25.2819273280,17
VRPTW,740,ok,20.4494119833,16
VRPTW,741,ok,17.4993778047,15
VRPTW,742,ok,15.9882643685,15
VRPTW,743,ok,16.7553562407,13
VRPTW,744,ok,16.1379068820,16
VRPTW,745,ok,17.5718487960,14
VRPTW,746,ok,22.1568115309,15
VRPTW,747,ok,18.5051900547,14
VRPTW,748,ok,14.1670715275,15
VRPTW,749,ok,18.6868492181,16
VRPTW,750,ok,24.2954787123,14
VRPTW,751,ok,15.2768550245,14
VRPTW,752,ok,20.6624559589,15
VRPTW,753,ok,17.0943164392,14
VRPTW,754,ok,14.6628203569,15
VRPTW,755,ok,23.8683977539,16
VRPTW,756,ok,14.5653808007,13
VRPTW,757,ok,19.3298782474,15
VRPTW,758,ok,21.6190436891,15
VRPTW,759,ok,18.2716067819,14
VRPTW,760,ok,17.7723641788,15
VRPTW,761,ok,20.2743356278,14
VRPTW,762,ok,18.0661082152,14
VRPTW,763,ok,16.1958553221,14
VRPTW,764,ok,13.3940627919,12
VRPTW,765,ok,15.3736225115,13
VRPTW,766,ok,16.1502208746,16
VRPTW,767,ok,16.4849392743,16
VRPTW,768,ok,15.7319225908,14
VRPTW,769,ok,17.2406119358,16
VRPTW,770,ok,22.4321544836,16
VRPTW,771,ok,19.1122985456,16
VRPTW,772,ok,16.2501400973,13
VRPTW,773,ok,19.7045710092,14
VRPTW,774,ok,20.6691863632,14
VRPTW,775,ok,15.2413654868,14
VRPTW,776,ok,22.1133019669,17
VRPTW,777,ok,16.5203973327,14
VRPTW,778,ok,20.2913724906,14
VRPTW,779,ok,20.0609451001,17
VRPTW,780,ok,19.1616951811,18
VRPTW,781,ok,20.2259925793,14
VRPTW,782,ok,16.4105518476,16
VRPTW,783,ok,15.5817555655,13
VRPTW,784,ok,22.2082141415,17
VRPTW,785,ok,18.7594427757,15
VRPTW,786,ok,18.1649645258,13
VRPTW,787,ok,15.1933071400,15
VRPTW,788,ok,16.5252718522,15
VRPTW,789,ok,19.3727607987,14
VRPTW,790,ok,16.9944991687,14
VRPTW,791,ok,13.4709963622,12
VRPTW,792,ok,16.8120899052,13
VRPTW,793,ok,16.2173465746,14
VRPTW,794,ok,18.1791863041,15
VRPTW,795,ok,26.9388148965,18
VRPTW,796,ok,13.9053604541,14
VRPTW,797,ok,21.4809131245,15
VRPTW,798,ok,22.3469147107,15
VRPTW,799,ok,15.7633838464,13
VRPTW,800,ok,17.6677994830,16
VRPTW,801,ok,15.7233216684,14
VRPTW,802,ok,17.4162282098,14
VRPTW,803,ok,14.6119354282,14
VRPTW,804,ok,21.0456655018,14
VRPTW,805,ok,19.4326811271,15
VRPTW,806,ok,26.1127784305,16
VRPTW,807,ok,22.2410368015,15
VRPTW,808,ok,16.0382763984,16
VRPTW,809,ok,20.8818627537,16
VRPTW,810,ok,15.4547458893,15
VRPTW,811,ok,20.3373876538,16
VRPTW,812,ok,17.5107347681,14
VRPTW,813,ok,19.4379732283,17
VRPTW,814,ok,18.1590270756,14
VRPTW,815,ok,21.2272706707,15
VRPTW,816,ok,18.7164680727,15
VRPTW,817,ok,24.4829826916,16
VRPTW,818,ok,17.2478512286,13
VRPTW,819,ok,16.7250515141,15
VRPTW,820,ok,18.6270024761,16
VRPTW,821,ok,12.9193028666,13
VRPTW,822,ok,22.6430279248,15
VRPTW,823,ok,15.2819227085,15
VRPTW,824,ok,18.5259308342,15
VRPTW,825,ok,24.8003733258,16
VRPTW,826,ok,19.3018920175,14
VRPTW,827,ok,18.6167373141,14
VRPTW,828,ok,18.4498418534,15
VRPTW,829,ok,14.2398731575,14
VRPTW,830,ok,18.3074023143,14
VRPTW,831,ok,22.8892764621,14
VRPTW,832,ok,16.2510407865,15
VRPTW,833,ok,15.4888465574,16
VRPTW,834,ok,18.9227267218,15
VRPTW,835,ok,26.2143139198,16
VRPTW,836,ok,18.0288820115,15
VRPTW,837,ok,14.3946360885,13
VRPTW,838,ok,21.1868436024,16
VRPTW,839,ok,18.4259725583,15
VRPTW,840,ok,17.4097367876,15
VRPTW,841,ok,19.6234749494,16
VRPTW,842,ok,16.3595894094,15
VRPTW,843,ok,18.4330587103,13
VRPTW,844,ok,19.8688144556,15
VRPTW,845,ok,15.3154755757,16
VRPTW,846,ok,14.1233561555,13
VRPTW,847,ok,19.5010071877,14
VRPTW,848,ok,23.4252510914,17
VRPTW,849,ok,17.5013137398,14
VRPTW,850,ok,20.0706661579,13
VRPTW,851,ok,14.9285233292,16
VRPTW,852,ok,20.3094498403,16
VRPTW,853,ok,18.0288920370,15
VRPTW,854,ok,20.0272575187,16
VRPTW,855,ok,20.3663235886,17
VRPTW,856,ok,13.5447515702,11
VRPTW,857,ok,14.0209644777,14
VRPTW,858,ok,19.0790189998,15
VRPTW,859,ok,24.5962816461,16
VRPTW,860,ok,22.0004125137,16
VRPTW,861,ok,17.9911080058,15
VRPTW,862,ok,17.4932661159,16
VRPTW,863,ok,22.3021900106,16
VRPTW,864,ok,18.0865998718,15
VRPTW,865,ok,26.8834769237,16
VRPTW,866,ok,27.0352980775,16
VRPTW,867,ok,18.9561238433,14
VRPTW,868,ok,20.4207079176,15
VRPTW,869,ok,15.3656036801,15
VRPTW,870,ok,15.5950587862,14
VRPTW,871,ok,18.0518387569,14
VRPTW,872,ok,20.1911792974,14
VRPTW,873,ok,17.4860872802,13
VRPTW,874,ok,19.5275727887,15
VRPTW,875,ok,15.2658005659,15
VRPTW,876,ok,16.3485610066,14
VRPTW,877,ok,15.6653032263,14
VRPTW,878,ok,23.3449163725,17
VRPTW,879,ok,15.5733844245,14
VRPTW,880,ok,18.0519050956,15
VRPTW,881,ok,13.2293607224,13
VRPTW,882,ok,16.3402417955,15
VRPTW,883,ok,20.9970470722,16
VRPTW,884,ok,16.4454304439,15
VRPTW,885,ok,15.9383403312,15
VRPTW,886,ok,15.6698789724,13
VRPTW,887,ok,20.2519443535,14
VRPTW,888,ok,18.5050853929,15
VRPTW,889,ok,15.5666400875,18
VRPTW,890,ok,23.6191287325,17
VRPTW,891,ok,20.7698861074,15
VRPTW,892,ok,16.8881259086,13
VRPTW,893,ok,14.1104127539,14
VRPTW,894,ok,18.1905569139,16
VRPTW,895,ok,15.8473398298,16
VRPTW,896,ok,14.2853249635,13
VRPTW,897,ok,19.4940853038,14
VRPTW,898,ok,17.2526725036,16
VRPTW,899,ok,23.8049169372,18
VRPTW,900,ok,23.7093944989,16
VRPTW,901,ok,18.9877453578,14
VRPTW,902,ok,14.4179751726,15
VRPTW,903,ok,25.8949655476,17
VRPTW,904,ok,17.1364243830,16
VRPTW,905,ok,18.4330123795,15
VRPTW,906,ok,15.1313035500,13
VRPTW,907,ok,16.1256992278,16
VRPTW,908,ok,19.7809036712,13
VRPTW,909,ok,22.0786846686,16
VRPTW,910,ok,19.1499489850,13
VRPTW,911,ok,21.4672958203,14
VRPTW,912,ok,18.7406303418,15
VRPTW,913,ok,15.2994492421,15
VRPTW,914,ok,14.3163327768,13
VRPTW,915,ok,22.3171484209,14
VRPTW,916,ok,19.6983772343,15
VRPTW,917,ok,16.6404126343,13
VRPTW,918,ok,15.2396940726,14
VRPTW,919,ok,25.3728494892,16
VRPTW,920,ok,19.4123304494,17
VRPTW,921,ok,21.2734367112,15
VRPTW,922,ok,21.0862676492,15
VRPTW,923,ok,14.4304965244,14
VRPTW,924,ok,23.6757690314,16
VRPTW,925,ok,23.0400899514,16
VRPTW,926,ok,23.7717503492,15
VRPTW,927,ok,19.8723048031,15
VRPTW,928,ok,18.2220900655,14
VRPTW,929,ok,16.9600142854,15
VRPTW,930,ok,14.8974813468,14
VRPTW,931,ok,19.3090237902,15
VRPTW,932,ok,17.4277426158,17
VRPTW,933,ok,15.0290174508,13
VRPTW,934,ok,13.4395721312,13
VRPTW,935,ok,17.2555454928,15
VRPTW,936,ok,21.6975047582,16
VRPTW,937,ok,19.0998030504,19
VRPTW,938,ok,17.5182775834,15
VRPTW,939,ok,20.3087930579,14
VRPTW,940,ok,22.5566034486,16
VRPTW,941,ok,19.2004318664,14
VRPTW,942,ok,20.4877282132,17
VRPTW,943,ok,17.2416750902,14
VRPTW,944,ok,20.3124281790,14
VRPTW,945,ok,16.4039598951,14
VRPTW,946,ok,16.8813099460,14
VRPTW,947,ok,23.6888579458,15
VRPTW,948,ok,21.5220737531,15
VRPTW,949,ok,20.1766764615,14
VRPTW,950,ok,23.4135226230,16
VRPTW,951,ok,15.1925573157,13
VRPTW,952,ok,14.6942651495,13
VRPTW,953,ok,21.3668973880,15
VRPTW,954,ok,20.3421406068,15
VRPTW,955,ok,12.9802189016,12
VRPTW,956,ok,17.4701618790,15
VRPTW,957,ok,20.4164916225,16
VRPTW,958,ok,15.6934684599,17
VRPTW,959,ok,16.1752749009,14
VRPTW,960,ok,16.9545375265,15
VRPTW,961,ok,16.3404106826,17
VRPTW,962,ok,18.4639920489,15
VRPTW,963,ok,20.6368915591,16
VRPTW,964,ok,16.2186189735,13
VRPTW,965,ok,24.7221766660,15
VRPTW,966,ok,18.8334745274,16
VRPTW,967,ok,19.9264831738,14
VRPTW,968,ok,17.1708975087,16
VRPTW,969,ok,18.6727402338,15
VRPTW,970,ok,19.4692242689,15
VRPTW,971,ok,17.4095350313,13
VRPTW,972,ok,14.7089255666,13
VRPTW,973,ok,29.6959547331,17
VRPTW,974,ok,18.3931939844,17
VRPTW,975,ok,19.1648225338,14
VRPTW,976,ok,16.0718626475,15
VRPTW,977,ok,15.8655943275,14
VRPTW,978,ok,18.6922217016,15
VRPTW,979,ok,16.4865040155,13
VRPTW,980,ok,20.8604968569,15
VRPTW,981,ok,17.4919238694,14
VRPTW,982,ok,21.1454708714,15
VRPTW,983,ok,15.3320492598,15
VRPTW,984,ok,15.9342399793,15
VRPTW,985,ok,23.4740631305,17
VRPTW,986,ok,26.9425409412,17
VRPTW,987,ok,22.1191589093,15
VRPTW,988,ok,20.4724791018,15
VRPTW,989,ok,17.0850041342,13
VRPTW,990,ok,18.4845229301,14
VRPTW,991,ok,15.5656593141,17
VRPTW,992,ok,22.0832612145,16
VRPTW,993,ok,19.3378405608,15
VRPTW,994,ok,13.0926342352,13
VRPTW,995,ok,21.0374200009,15
VRPTW,996,ok,15.3970051531,17
VRPTW,997,ok,17.7760561388,14
VRPTW,998,ok,22.1554559338,15
VRPTW,999,ok,18.4391732539,15
OVRPTW,0,ok,9.5064676431,17
OVRPTW,1,ok,10.4890197360,17
OVRPTW,2,ok,9.4918194215,18
OVRPTW,3,ok,9.8401864646,15
OVRPTW,4,ok,10.8229408068,16
OVRPTW,5,ok,10.8739888378,17
OVRPTW,6,ok,10.3672775986,16
OVRPTW,7,ok,12.9120336234,16
OVRPTW,8,ok,13.2885858681,16
OVRPTW,9,ok,10.8708755817,16
OVRPTW,10,ok,9.6843890817,17
OVRPTW,11,ok,11.6780536818,14
OVRPTW,12,ok,8.9513729713,14
OVRPTW,13,ok,10.6529055680,14
OVRPTW,14,ok,11.8660768594,15
OVRPTW,15,ok,11.1703799469,15
OVRPTW,16,ok,8.7814621190,15
OVRPTW,17,ok,8.7167001726,16
OVRPTW,18,ok,9.8005986424,16
OVRPTW,19,ok,10.3011471567,15
OVRPTW,20,ok,8.6487797387,16
OVRPTW,21,ok,9.2878748038,16
OVRPTW,22,ok,9.3828964089,15
OVRPTW,23,ok,9.0392096855,15
OVRPTW,24,ok,10.2509335126,14
OVRPTW,25,ok,10.9667623648,14
OVRPTW,26,ok,9.4974123569,15
OVRPTW,27,ok,12.2027899477,15
OVRPTW,28,ok,10.2774052106,14
OVRPTW,29,ok,10.3393252522,17
OVRPTW,30,ok,11.1275153133,17
OVRPTW,31,ok,9.2205431669,16
OVRPTW,32,ok,12.6041956674,15
OVRPTW,33,ok,12.5979217926,16
OVRPTW,34,ok,9.8266444991,16
OVRPTW,35,ok,10.2681731136,14
OVRPTW,36,ok,11.0103440561,14
OVRPTW,37,ok,10.1366256395,15
OVRPTW,38,ok,9.0173572659,15
OVRPTW,39,ok,11.2600638955,17
OVRPTW,40,ok,8.7317575064,16
OVRPTW,41,ok,10.4538758532,13
OVRPTW,42,ok,10.4770285526,20
OVRPTW,43,ok,12.5763151702,16
OVRPTW,44,ok,12.1432099276,19
OVRPTW,45,ok,12.0800240411,16
OVRPTW,46,ok,8.6797263036,15
OVRPTW,47,ok,11.4922897589,13
OVRPTW,48,ok,10.4582038079,17
OVRPTW,49,ok,9.0680632488,16
OVRPTW,50,ok,9.6948490053,15
OVRPTW,51,ok,11.3629802383,16
OVRPTW,52,ok,11.6583086437,14
OVRPTW,53,ok,12.1625843178,15
OVRPTW,54,ok,8.5937990017,15
OVRPTW,55,ok,12.5800139738,16
OVRPTW,56,ok,8.9688124058,13
OVRPTW,57,ok,10.3264746542,16
OVRPTW,58,ok,10.0353506962,18
OVRPTW,59,ok,9.0481336518,15
OVRPTW,60,ok,8.2711674143,13
OVRPTW,61,ok,13.4105043127,16
OVRPTW,62,ok,12.0516924054,16
OVRPTW,63,ok,10.7942615237,18
OVRPTW,64,ok,9.2600833976,15
OVRPTW,65,ok,9.1258002456,14
OVRPTW,66,ok,9.5624437895,20
OVRPTW,67,ok,9.8380041975,16
OVRPTW,68,ok,13.1126884738,16
OVRPTW,69,ok,9.0476615518,13
OVRPTW,70,ok,11.6487106012,17
OVRPTW,71,ok,13.1024555674,16
OVRPTW,72,ok,8.8456254075,16
OVRPTW,73,ok,12.5080002034,14
OVRPTW,74,ok,12.4383071863,17
OVRPTW,75,ok,9.6714436798,16
OVRPTW,76,ok,11.5387455118,17
OVRPTW,77,ok,11.1198965437,16
OVRPTW,78,ok,13.1623660683,16
OVRPTW,79,ok,9.4448863640,18
OVRPTW,80,ok,12.9999440296,15
OVRPTW,81,ok,9.2031324864,15
OVRPTW,82,ok,10.1459145789,17
OVRPTW,83,ok,9.2874843408,16
OVRPTW,84,ok,14.0743941003,14
OVRPTW,85,ok,11.1841759957,15
OVRPTW,86,ok,9.5495556702,16
OVRPTW,87,ok,10.4058144766,15
OVRPTW,88,ok,10.4364690717,16
OVRPTW,89,ok,12.2176536752,12
OVRPTW,90,ok,8.4490688860,15
OVRPTW,91,ok,12.4063232876,17
OVRPTW,92,ok,12.9318215633,18
OVRPTW,93,ok,11.0533701761,15
OVRPTW,94,ok,11.4369055783,16
OVRPTW,95,ok,10.9817462506,14
OVRPTW,96,ok,13.2173192952,15
OVRPTW,97,ok,11.4179491572,16
OVRPTW,98,ok,8.9969469631,15
OVRPTW,99,ok,9.6724539185,17
OVRPTW,100,ok,7.9757769354,16
OVRPTW,101,ok,8.7081388886,14
OVRPTW,102,ok,9.7499736911,17
OVRPTW,103,ok,10.6372770656,14
OVRPTW,104,ok,13.5348798664,15
OVRPTW,105,ok,9.2920843677,17
OVRPTW,106,ok,10.1092448655,14
OVRPTW,107,ok,10.9374904227,17
OVRPTW,108,ok,10.9922434056,14
OVRPTW,109,ok,9.5033444549,15
OVRPTW,110,ok,10.2201658115,18
OVRPTW,111,ok,11.5351203520,15
OVRPTW,112,ok,12.3299438082,15
OVRPTW,113,ok,9.7739199357,16
OVRPTW,114,ok,9.3161777748,14
OVRPTW,115,ok,8.8455363541,16
OVRPTW,116,ok,12.6611233999,17
OVRPTW,117,ok,8.9713932079,18
OVRPTW,118,ok,12.4061489487,15
OVRPTW,119,ok,9.3127291624,18
OVRPTW,120,ok,10.1530181829,16
OVRPTW,121,ok,9.1583653870,16
OVRPTW,122,ok,10.2818006205,17
OVRPTW,123,ok,10.7720704295,17
OVRPTW,124,ok,11.7237392651,16
OVRPTW,125,ok,10.3770131179,14
OVRPTW,126,ok,11.8719834327,16
OVRPTW,127,ok,10.1158444937,16
OVRPTW,128,ok,10.3076855747,15
OVRPTW,129,ok,10.4004599742,18
OVRPTW,130,ok,9.5878486340,15
OVRPTW,131,ok,12.1310037743,16
OVRPTW,132,ok,10.9222741888,13
OVRPTW,133,ok,9.8714622310,18
OVRPTW,134,ok,10.9941439350,17
OVRPTW,135,ok,9.2428383755,13
OVRPTW,136,ok,9.6302499996,16
OVRPTW,137,ok,9.7576831450,15
OVRPTW,138,ok,9.1216907053,16
OVRPTW,139,ok,10.4950727319,16
OVRPTW,140,ok,13.1967437523,15
OVRPTW,141,ok,10.4317196978,17
OVRPTW,142,ok,13.0579703589,17
OVRPTW,143,ok,8.8120273170,18
OVRPTW,144,ok,12.7589267735,14
OVRPTW,145,ok,11.2322989811,18
OVRPTW,146,ok,9.3042151674,14
OVRPTW,147,ok,10.4324810717,17
OVRPTW,148,ok,8.8620089138,16
OVRPTW,149,ok,11.1490450820,16
OVRPTW,150,ok,9.6567315492,15
OVRPTW,151,ok,10.5244370767,18
OVRPTW,152,ok,13.9861579553,15
OVRPTW,153,ok,10.5682255042,12
OVRPTW,154,ok,11.9492317865,17
OVRPTW,155,ok,9.8281362081,17
OVRPTW,156,ok,8.9451558947,14
OVRPTW,157,ok,11.1155687133,19
OVRPTW,158,ok,12.9717224873,19
OVRPTW,159,ok,9.5247553067,18
OVRPTW,160,ok,10.4174235264,15
OVRPTW,161,ok,12.7818087124,14
OVRPTW,162,ok,10.7520851853,17
OVRPTW,163,ok,11.8961736306,15
OVRPTW,164,ok,11.9372317531,16
OVRPTW,165,ok,14.0036850989,15
OVRPTW,166,ok,10.8288733202,16
OVRPTW,167,ok,9.4224605984,19
OVRPTW,168,ok,12.6684018974,16
OVRPTW,169,ok,9.7051283175,14
OVRPTW,170,ok,9.5968186292,13
OVRPTW,171,ok,10.4886364202,15
OVRPTW,172,ok,8.3185607947,16
OVRPTW,173,ok,9.1156029149,17
OVRPTW,174,ok,9.3375957274,16
OVRPTW,175,ok,12.2717105644,18
OVRPTW,176,ok,11.2078905855,16
OVRPTW,177,ok,11.9323683224,15
OVRPTW,178,ok,11.3205142700,16
OVRPTW,179,ok,9.4990440836,14
OVRPTW,180,ok,12.1902376744,17
OVRPTW,181,ok,11.1571486422,18
OVRPTW,182,ok,10.1060054405,14
OVRPTW,183,ok,12.4412467566,14
OVRPTW,184,ok,11.4601507006,17
OVRPTW,185,ok,10.8142899347,15
OVRPTW,186,ok,8.1710011494,14
OVRPTW,187,ok,8.6440554809,19
OVRPTW,188,ok,10.2198457299,16
OVRPTW,189,ok,8.6059420183,15
OVRPTW,190,ok,12.8638941780,14
OVRPTW,191,ok,12.3448630087,16
OVRPTW,192,ok,9.4011136795,17
OVRPTW,193,ok,12.9592473174,15
OVRPTW,194,ok,10.5017386786,17
OVRPTW,195,ok,13.8581581781,14
OVRPTW,196,ok,12.4756990257,15
OVRPTW,197,ok,9.2933391364,15
OVRPTW,198,ok,10.8652227749,15
OVRPTW,199,ok,12.9580879939,18
OVRPTW,200,ok,10.0674646320,14
OVRPTW,201,ok,10.9562637902,17
OVRPTW,202,ok,10.3001353592,15
OVRPTW,203,ok,9.0747425002,13
OVRPTW,204,ok,11.6689318040,14
OVRPTW,205,ok,9.4350546060,14
OVRPTW,206,ok,10.4013510510,17
OVRPTW,207,ok,10.8233257455,17
OVRPTW,208,ok,10.4783501324,15
OVRPTW,209,ok,10.8140846530,17
OVRPTW,210,ok,9.6051916539,16
OVRPTW,211,ok,12.3744753198,12
OVRPTW,212,ok,11.6679651781,16
OVRPTW,213,ok,10.4400267335,14
OVRPTW,214,ok,9.2656800173,19
OVRPTW,215,ok,12.8490501079,16
OVRPTW,216,ok,9.4072071596,15
OVRPTW,217,ok,11.6737423801,16
OVRPTW,218,ok,13.6729001236,17
OVRPTW,219,ok,10.2871067017,14
OVRPTW,220,ok,11.4872800325,17
OVRPTW,221,ok,12.1790470489,13
OVRPTW,222,ok,12.0359698321,17
OVRPTW,223,ok,9.6265373355,16
OVRPTW,224,ok,10.5879227738,15
OVRPTW,225,ok,12.2302547201,16
OVRPTW,226,ok,11.3707792093,14
OVRPTW,227,ok,11.3406618174,18
OVRPTW,228,ok,10.4797287871,12
OVRPTW,229,ok,10.4661956604,15
OVRPTW,230,ok,10.7360841805,16
OVRPTW,231,ok,8.8634683308,15
OVRPTW,232,ok,10.4869053590,15
OVRPTW,233,ok,9.4728406496,14
OVRPTW,234,ok,12.8520032678,16
OVRPTW,235,ok,9.5015145667,16
OVRPTW,236,ok,10.3522277099,14
OVRPTW,237,ok,8.0968822456,14
OVRPTW,238,ok,8.5507803400,15
OVRPTW,239,ok,10.0019607684,15
OVRPTW,240,ok,9.4439775023,19
OVRPTW,241,ok,11.3407279244,15
OVRPTW,242,ok,8.4630570167,14
OVRPTW,243,ok,9.7975079593,15
OVRPTW,244,ok,9.4719216045,14
OVRPTW,245,ok,9.0710486396,18
OVRPTW,246,ok,9.5906237286,17
OVRPTW,247,ok,9.8563028258,16
OVRPTW,248,ok,10.5803443901,16
OVRPTW,249,ok,11.5380064397,14
OVRPTW,250,ok,10.2903191518,14
OVRPTW,251,ok,11.9327084487,16
OVRPTW,252,ok,9.1838046899,13
OVRPTW,253,ok,10.9162425975,16
OVRPTW,254,ok,8.6735111835,16
OVRPTW,255,ok,10.0697415823,15
OVRPTW,256,ok,8.3493855599,14
OVRPTW,257,ok,9.7798042877,15
OVRPTW,258,ok,9.2968457254,18
OVRPTW,259,ok,8.6685348057,17
OVRPTW,260,ok,9.1728029059,17
OVRPTW,261,ok,9.5652755524,18
OVRPTW,262,ok,11.4381011106,16
OVRPTW,263,ok,10.3527951232,16
OVRPTW,264,ok,10.0244613997,15
OVRPTW,265,ok,10.8611850108,17
OVRPTW,266,ok,9.8930645649,15
OVRPTW,267,ok,10.8733558785,14
OVRPTW,268,ok,9.2658832704,16
OVRPTW,269,ok,9.5592167381,14
OVRPTW,270,ok,9.5557388950,17
OVRPTW,271,ok,9.4854605110,17
OVRPTW,272,ok,9.2429367494,15
OVRPTW,273,ok,12.4191049223,17
OVRPTW,274,ok,8.1438755778,16
OVRPTW,275,ok,10.1150741149,17
OVRPTW,276,ok,8.9456614424,15
OVRPTW,277,ok,10.3798142603,15
OVRPTW,278,ok,8.6791956418,14
OVRPTW,279,ok,10.5626196285,14
OVRPTW,280,ok,10.4410341680,13
OVRPTW,281,ok,10.7900021171,16
OVRPTW,282,ok,8.9915577686,12
OVRPTW,283,ok,8.6818053435,14
OVRPTW,284,ok,10.5107415113,17
OVRPTW,285,ok,12.1186926902,14
OVRPTW,286,ok,8.4545326256,16
OVRPTW,287,ok,8.7506482689,16
OVRPTW,288,ok,9.3958497690,16
OVRPTW,289,ok,10.1958898798,14
OVRPTW,290,ok,8.0862913247,15
OVRPTW,291,ok,11.8585472641,15
OVRPTW,292,ok,13.5139576927,17
OVRPTW,293,ok,8.5731796792,13
OVRPTW,294,ok,8.7765240377,16
OVRPTW,295,ok,9.8813949796,14
OVRPTW,296,ok,11.6362462645,15
OVRPTW,297,ok,10.0790032523,18
OVRPTW,298,ok,8.6168038335,16
OVRPTW,299,ok,11.2247757315,14
OVRPTW,300,ok,11.1593804192,18
OVRPTW,301,ok,10.0836290453,19
OVRPTW,302,ok,9.4245486155,17
OVRPTW,303,ok,9.2659936756,15
OVRPTW,304,ok,13.6794677326,15
OVRPTW,305,ok,10.2924544332,15
OVRPTW,306,ok,9.0836689042,15
OVRPTW,307,ok,8.5294759996,15
OVRPTW,308,ok,9.5109717980,18
OVRPTW,309,ok,13.4556620532,15
OVRPTW,310,ok,11.6874736916,16
OVRPTW,311,ok,9.0761200928,14
OVRPTW,312,ok,12.9197747723,15
OVRPTW,313,ok,10.1674841504,17
OVRPTW,314,ok,12.6499580480,19
OVRPTW,315,ok,11.8965776327,13
OVRPTW,316,ok,11.3996549364,20
OVRPTW,317,ok,8.5498377304,14
OVRPTW,318,ok,10.3672054068,15
OVRPTW,319,ok,10.4480289803,14
OVRPTW,320,ok,11.2411877686,15
OVRPTW,321,ok,10.0081109885,16
OVRPTW,322,ok,8.2218926436,15
OVRPTW,323,ok,11.2752787892,17
OVRPTW,324,ok,11.7242955849,14
OVRPTW,325,ok,8.8408291343,16
OVRPTW,326,ok,11.3442792525,14
OVRPTW,327,ok,9.0809731534,18
OVRPTW,328,ok,11.0546936321,17
OVRPTW,329,ok,9.5016239282,14
OVRPTW,330,ok,10.8211892510,17
OVRPTW,331,ok,9.2038255088,17
OVRPTW,332,ok,10.5322831528,16
OVRPTW,333,ok,11.1965574671,17
OVRPTW,334,ok,11.2885701052,18
OVRPTW,335,ok,9.4272969092,16
OVRPTW,336,ok,10.6811038505,14
OVRPTW,337,ok,10.0054779496,17
OVRPTW,338,ok,9.8594592915,12
OVRPTW,339,ok,8.8571799003,15
OVRPTW,340,ok,12.6847646962,16
OVRPTW,341,ok,10.3218309463,14
OVRPTW,342,ok,14.3391076969,17
OVRPTW,343,ok,9.1120142410,19
OVRPTW,344,ok,9.4092933561,13
OVRPTW,345,ok,12.2808923048,15
OVRPTW,346,ok,13.5177407014,14
OVRPTW,347,ok,9.8315063634,17
OVRPTW,348,ok,11.4652131858,14
OVRPTW,349,ok,9.6900415853,16
OVRPTW,350,ok,9.8444008298,17
OVRPTW,351,ok,9.9680212788,15
OVRPTW,352,ok,12.3191923210,15
OVRPTW,353,ok,10.3793263970,12
OVRPTW,354,ok,8.8152121794,13
OVRPTW,355,ok,10.2491970311,13
OVRPTW,356,ok,9.1682853996,18
OVRPTW,357,ok,9.6669630870,14
OVRPTW,358,ok,8.8279918751,14
OVRPTW,359,ok,8.3782061525,16
OVRPTW,360,ok,11.8374288221,17
OVRPTW,361,ok,10.6523045758,16
OVRPTW,362,ok,10.9882488408,18
OVRPTW,363,ok,9.0692201784,18
OVRPTW,364,ok,9.3720175987,14
OVRPTW,365,ok,13.2901896550,15
OVRPTW,366,ok,11.2189099566,16
OVRPTW,367,ok,8.7079484735,15
OVRPTW,368,ok,11.2622184497,14
OVRPTW,369,ok,10.8051452826,14
OVRPTW,370,ok,10.0063145084,17
OVRPTW,371,ok,10.2750258768,18
OVRPTW,372,ok,10.7917979070,16
OVRPTW,373,ok,11.7131529242,15
OVRPTW,374,ok,8.4806837068,18
OVRPTW,375,ok,8.6417566668,18
OVRPTW,376,ok,10.2864929189,13
OVRPTW,377,ok,12.4813755820,15
OVRPTW,378,ok,11.6593050849,15
OVRPTW,379,ok,11.1582990168,15
OVRPTW,380,ok,12.5190571386,16
OVRPTW,381,ok,13.5615501796,15
OVRPTW,382,ok,10.0479090882,17
OVRPTW,383,ok,8.7326730225,16
OVRPTW,384,ok,11.9078751477,17
OVRPTW,385,ok,8.9105163830,14
OVRPTW,386,ok,8.8471485850,14
OVRPTW,387,ok,9.5622181729,17
OVRPTW,388,ok,11.3153172876,16
OVRPTW,389,ok,10.7890669416,16
OVRPTW,390,ok,9.4896054182,16
OVRPTW,391,ok,11.6375354291,14
OVRPTW,392,ok,11.0325713578,17
OVRPTW,393,ok,9.4295872922,15
OVRPTW,394,ok,12.5778907170,14
OVRPTW,395,ok,11.9783802106,15
OVRPTW,396,ok,10.8175693293,16
OVRPTW,397,ok,11.7070446908,17
OVRPTW,398,ok,12.2643265376,16
OVRPTW,399,ok,9.9882828469,15
OVRPTW,400,ok,10.0847338676,16
OVRPTW,401,ok,10.9961744683,17
OVRPTW,402,ok,11.5488333520,15
OVRPTW,403,ok,12.1006351096,18
OVRPTW,404,ok,11.4248923113,16
OVRPTW,405,ok,12.1420309614,16
OVRPTW,406,ok,10.3304731552,13
OVRPTW,407,ok,9.4504968330,18
OVRPTW,408,ok,14.0167458091,16
OVRPTW,409,ok,9.6819528748,15
OVRPTW,410,ok,9.3477324642,16
OVRPTW,411,ok,8.8866660607,15
OVRPTW,412,ok,9.3604191194,15
OVRPTW,413,ok,11.7965541128,14
OVRPTW,414,ok,10.3114808132,19
OVRPTW,415,ok,10.6661940847,15
OVRPTW,416,ok,10.8393360190,13
OVRPTW,417,ok,11.1644445502,18
OVRPTW,418,ok,9.1323911340,14
OVRPTW,419,ok,9.9423560695,16
OVRPTW,420,ok,10.2558016782,16
OVRPTW,421,ok,13.1484549761,16
OVRPTW,422,ok,11.1846704439,15
OVRPTW,423,ok,10.4746389364,16
OVRPTW,424,ok,13.8161376654,15
OVRPTW,425,ok,10.2378663133,16
OVRPTW,426,ok,9.3558598902,13
OVRPTW,427,ok,10.9536689555,16
OVRPTW,428,ok,10.1854868868,15
OVRPTW,429,ok,11.9023324127,17
OVRPTW,430,ok,9.9391236641,16
OVRPTW,431,ok,10.8128102244,16
OVRPTW,432,ok,9.8337949000,16
OVRPTW,433,ok,9.4904876039,16
OVRPTW,434,ok,8.3764495454,15
OVRPTW,435,ok,9.6290088273,12
OVRPTW,436,ok,10.5990224347,14
OVRPTW,437,ok,8.6191913130,15
OVRPTW,438,ok,11.7508520615,16
OVRPTW,439,ok,9.4274676101,16
OVRPTW,440,ok,9.1979433628,15
OVRPTW,441,ok,10.3156590579,15
OVRPTW,442,ok,10.5572162452,16
OVRPTW,443,ok,11.1129640810,15
OVRPTW,444,ok,10.4318815208,14
OVRPTW,445,ok,12.2019783808,18
OVRPTW,446,ok,8.9153150578,15
OVRPTW,447,ok,10.5349659632,17
OVRPTW,448,ok,10.7246640377,17
OVRPTW,449,ok,9.6188991827,17
OVRPTW,450,ok,9.0534901097,15
OVRPTW,451,ok,8.7656147307,14
OVRPTW,452,ok,10.7357431801,14
OVRPTW,453,ok,8.8023039888,16
OVRPTW,454,ok,11.9208128134,16
OVRPTW,455,ok,10.8162871171,16
OVRPTW,456,ok,10.0998382618,16
OVRPTW,457,ok,9.7913275297,16
OVRPTW,458,ok,9.5235293183,17
OVRPTW,459,ok,11.1439845248,14
OVRPTW,460,ok,9.0283133294,16
OVRPTW,461,ok,14.1088587634,17
OVRPTW,462,ok,9.0684052860,15
OVRPTW,463,ok,11.9730193854,16
OVRPTW,464,ok,12.7103328244,18
OVRPTW,465,ok,10.2400968954,16
OVRPTW,466,ok,10.9578945181,17
OVRPTW,467,ok,11.4802781256,14
OVRPTW,468,ok,11.7931304450,16
OVRPTW,469,ok,10.0214357728,14
OVRPTW,470,ok,9.3797799962,17
OVRPTW,471,ok,8.7819730171,16
OVRPTW,472,ok,10.7238332609,17
OVRPTW,473,ok,13.7665247316,15
OVRPTW,474,ok,10.9937552584,17
OVRPTW,475,ok,10.4452647009,15
OVRPTW,476,ok,10.7502145123,13
OVRPTW,477,ok,9.5423345682,15
OVRPTW,478,ok,10.6914986970,15
OVRPTW,479,ok,9.9612545812,15
OVRPTW,480,ok,8.5975049365,14
OVRPTW,481,ok,9.7188352294,15
OVRPTW,482,ok,9.4866033430,17
OVRPTW,483,ok,9.3412960307,15
OVRPTW,484,ok,11.0133359248,15
OVRPTW,485,ok,9.6006550007,15
OVRPTW,486,ok,8.9504477842,14
OVRPTW,487,ok,9.3197193871,17
OVRPTW,488,ok,11.6599042501,15
OVRPTW,489,ok,13.6992052241,19
OVRPTW,490,ok,9.1531003414,15
OVRPTW,491,ok,11.6516109784,14
OVRPTW,492,ok,9.0718461900,15
OVRPTW,493,ok,13.8044502776,17
OVRPTW,494,ok,10.4697981075,16
OVRPTW,495,ok,11.6592910451,14
OVRPTW,496,ok,11.1185166684,15
OVRPTW,497,ok,11.9396908128,14
OVRPTW,498,ok,9.2345784788,16
OVRPTW,499,ok,12.2836244092,17
OVRPTW,500,ok,11.8498956665,16
OVRPTW,501,ok,9.5090811612,14
OVRPTW,502,ok,9.2504281722,17
OVRPTW,503,ok,10.9236476765,15
OVRPTW,504,ok,10.3278878547,16
OVRPTW,505,ok,8.8748879972,16
OVRPTW,506,ok,11.0379596197,16
OVRPTW,507,ok,11.2528096473,16
OVRPTW,508,ok,11.1285750454,15
OVRPTW,509,ok,10.4247167370,16
OVRPTW,510,ok,11.6608383329,16
OVRPTW,511,ok,10.7061855690,15
OVRPTW,512,ok,9.8217427238,16
OVRPTW,513,ok,10.8439054335,17
OVRPTW,514,ok,11.5174038760,16
OVRPTW,515,ok,9.3264259343,15
OVRPTW,516,ok,10.8275762561,16
OVRPTW,517,ok,10.3364726738,14
OVRPTW,518,ok,11.1408726956,14
OVRPTW,519,ok,8.6942048107,16
OVRPTW,520,ok,11.9162730714,15
OVRPTW,521,ok,8.0933768851,17
OVRPTW,522,ok,10.4070525586,15
OVRPTW,523,ok,10.1905302815,14
OVRPTW,524,ok,8.5877093665,17
OVRPTW,525,ok,11.6335455369,16
OVRPTW,526,ok,11.7591758475,17
OVRPTW,527,ok,10.8013357977,16
OVRPTW,528,ok,9.7981917892,17
OVRPTW,529,ok,10.2844218187,16
OVRPTW,530,ok,9.1400023442,14
OVRPTW,531,ok,12.1371112395,18
OVRPTW,532,ok,10.2167838463,15
OVRPTW,533,ok,10.0250334227,14
OVRPTW,534,ok,11.6919329246,16
OVRPTW,535,ok,10.5222062226,14
OVRPTW,536,ok,10.5189641478,17
OVRPTW,537,ok,9.3219886127,16
OVRPTW,538,ok,10.4786435864,13
OVRPTW,539,ok,11.2327479440,15
OVRPTW,540,ok,11.4122721475,16
OVRPTW,541,ok,12.1667209661,17
OVRPTW,542,ok,9.7069440467,16
OVRPTW,543,ok,8.9215858150,15
OVRPTW,544,ok,12.0315232303,14
OVRPTW,545,ok,11.2865308747,15
OVRPTW,546,ok,13.7433124280,16
OVRPTW,547,ok,8.4712281074,14
OVRPTW,548,ok,8.5891603036,13
OVRPTW,549,ok,11.5147883953,14
OVRPTW,550,ok,10.8630959301,14
OVRPTW,551,ok,8.4251450888,15
OVRPTW,552,ok,12.4991968032,17
OVRPTW,553,ok,14.1816209918,15
OVRPTW,554,ok,10.0548791976,15
OVRPTW,555,ok,10.1780975573,17
OVRPTW,556,ok,8.5538215911,18
OVRPTW,557,ok,10.0824259103,13
OVRPTW,558,ok,10.1579583821,16
OVRPTW,559,ok,10.2459521416,15
OVRPTW,560,ok,14.6332688307,16
OVRPTW,561,ok,9.3841585789,15
OVRPTW,562,ok,8.8801100275,13
OVRPTW,563,ok,13.4230787453,16
OVRPTW,564,ok,12.2895675162,19
OVRPTW,565,ok,9.6111310933,16
OVRPTW,566,ok,9.1804570661,15
OVRPTW,567,ok,11.8363777950,18
OVRPTW,568,ok,8.9006307513,16
OVRPTW,569,ok,10.0381738137,13
OVRPTW,570,ok,14.9908952811,16
OVRPTW,571,ok,11.1521624276,16
OVRPTW,572,ok,9.5653503281,15
OVRPTW,573,ok,9.5112017697,16
OVRPTW,574,ok,13.3960892178,19
OVRPTW,575,ok,10.1421073405,15
OVRPTW,576,ok,9.0619768369,17
OVRPTW,577,ok,10.5696628270,17
OVRPTW,578,ok,10.7952500779,15
OVRPTW,579,ok,9.2776087173,16
OVRPTW,580,ok,10.8260634537,16
OVRPTW,581,ok,9.8192795965,15
OVRPTW,582,ok,9.5177604530,15
OVRPTW,583,ok,9.7024895186,16
OVRPTW,584,ok,10.4136216575,14
OVRPTW,585,ok,9.9787121220,14
OVRPTW,586,ok,14.0114647722,16
OVRPTW,587,ok,13.4670397401,17
OVRPTW,588,ok,13.6296816927,18
OVRPTW,589,ok,9.0002060684,17
OVRPTW,590,ok,10.8246023858,14
OVRPTW,591,ok,11.4916010646,15
OVRPTW,592,ok,9.4889693220,15
OVRPTW,593,ok,11.3715266850,15
OVRPTW,594,ok,11.0358487035,17
OVRPTW,595,ok,10.4144535630,13
OVRPTW,596,ok,8.5283960019,15
OVRPTW,597,ok,9.9051385629,15
OVRPTW,598,ok,8.4047796509,15
OVRPTW,599,ok,9.1528537016,16
OVRPTW,600,ok,12.4098196703,15
OVRPTW,601,ok,10.6553640446,16
OVRPTW,602,ok,9.1062014776,18
OVRPTW,603,ok,10.8312498016,18
OVRPTW,604,ok,10.3053904214,15
OVRPTW,605,ok,8.3592491159,16
OVRPTW,606,ok,9.7672541029,13
OVRPTW,607,ok,10.0788745806,17
OVRPTW,608,ok,9.7010444823,18
OVRPTW,609,ok,11.1446887762,15
OVRPTW,610,ok,9.2000996326,13
OVRPTW,611,ok,11.3823626538,16
OVRPTW,612,ok,10.5868664818,14
OVRPTW,613,ok,11.6708911596,14
OVRPTW,614,ok,9.0593550802,14
OVRPTW,615,ok,13.6581250149,16
OVRPTW,616,ok,12.1132807485,17
OVRPTW,617,ok,9.7448604274,16
OVRPTW,618,ok,10.3711859988,16
OVRPTW,619,ok,8.1204371946,14
OVRPTW,620,ok,11.2322029931,16
OVRPTW,621,ok,9.1998315753,13
OVRPTW,622,ok,10.2192116020,15
OVRPTW,623,ok,12.5385950384,17
OVRPTW,624,ok,12.5475463498,16
OVRPTW,625,ok,10.0735131516,18
OVRPTW,626,ok,10.7245926743,12
OVRPTW,627,ok,9.5386994771,18
OVRPTW,628,ok,11.9697348271,17
OVRPTW,629,ok,10.8470899802,14
OVRPTW,630,ok,9.9139355431,16
OVRPTW,631,ok,10.3656243971,16
OVRPTW,632,ok,9.2263566032,15
OVRPTW,633,ok,13.3873104823,16
OVRPTW,634,ok,10.6896123069,14
OVRPTW,635,ok,10.7015745197,13
OVRPTW,636,ok,9.2019690832,16
OVRPTW,637,ok,10.5281795652,17
OVRPTW,638,ok,9.5032980395,15
OVRPTW,639,ok,13.1230842794,17
OVRPTW,640,ok,8.0319635735,13
OVRPTW,641,ok,9.4820666844,16
OVRPTW,642,ok,9.9730303549,16
OVRPTW,643,ok,10.2605729116,13
OVRPTW,644,ok,10.6140401896,17
OVRPTW,645,ok,7.5322058164,12
OVRPTW,646,ok,11.0425540928,16
OVRPTW,647,ok,11.5732150015,17
OVRPTW,648,ok,8.8600364988,18
OVRPTW,649,ok,11.3337149404,16
OVRPTW,650,ok,9.9314370168,16
OVRPTW,651,ok,8.8889728969,16
OVRPTW,652,ok,9.7575280877,18
OVRPTW,653,ok,10.4282186088,16
OVRPTW,654,ok,10.1287031940,17
OVRPTW,655,ok,9.1870938142,15
OVRPTW,656,ok,12.2935047552,14
OVRPTW,657,ok,10.7679160679,16
OVRPTW,658,ok,9.7637350772,14
OVRPTW,659,ok,11.1957628930,16
OVRPTW,660,ok,10.5896627503,19
OVRPTW,661,ok,9.7724797008,17
OVRPTW,662,ok,11.8338946233,14
OVRPTW,663,ok,10.2450205155,18
OVRPTW,664,ok,11.2358853186,14
OVRPTW,665,ok,12.5982762507,14
OVRPTW,666,ok,13.1912850028,18
OVRPTW,667,ok,10.0838692289,15
OVRPTW,668,ok,9.7233919087,17
OVRPTW,669,ok,12.7243066823,15
OVRPTW,670,ok,10.6510477233,14
OVRPTW,671,ok,9.4192956416,15
OVRPTW,672,ok,10.3178651744,16
OVRPTW,673,ok,10.3831520635,16
OVRPTW,674,ok,11.3334148093,14
OVRPTW,675,ok,11.4111878409,15
OVRPTW,676,ok,11.7616726843,15
OVRPTW,677,ok,12.4525644392,16
OVRPTW,678,ok,9.4036924848,15
OVRPTW,679,ok,10.7713161433,16
OVRPTW,680,ok,11.8687059656,16
OVRPTW,681,ok,10.6443061117,15
OVRPTW,682,ok,10.9634811463,15
OVRPTW,683,ok,10.3132753804,15
OVRPTW,684,ok,12.4538839270,17
OVRPTW,685,ok,10.3282310940,15
OVRPTW,686,ok,8.9903804057,14
OVRPTW,687,ok,10.6289988842,16
OVRPTW,688,ok,12.5433539287,15
OVRPTW,689,ok,8.1896114574,16
OVRPTW,690,ok,8.4314709547,12
OVRPTW,691,ok,10.7864434472,16
OVRPTW,692,ok,10.3161320663,16
OVRPTW,693,ok,11.5177995679,16
OVRPTW,694,ok,11.8308285633,16
OVRPTW,695,ok,13.0279842752,17
OVRPTW,696,ok,10.6821869872,18
OVRPTW,697,ok,10.6764279367,17
OVRPTW,698,ok,12.6699952538,16
OVRPTW,699,ok,11.5971260040,16
OVRPTW,700,ok,12.8119960937,13
OVRPTW,701,ok,9.9862888842,18
OVRPTW,702,ok,10.0431127446,18
OVRPTW,703,ok,11.9220000222,15
OVRPTW,704,ok,10.4362233164,14
OVRPTW,705,ok,9.7346205287,14
OVRPTW,706,ok,11.5142976367,14
OVRPTW,707,ok,10.5350280819,16
OVRPTW,708,ok,8.2798622296,16
OVRPTW,709,ok,9.2996791650,16
OVRPTW,710,ok,10.1747944707,15
OVRPTW,711,ok,9.2838863521,16
OVRPTW,712,ok,10.8568424533,16
OVRPTW,713,ok,10.3821678937,17
OVRPTW,714,ok,10.2698336957,19
OVRPTW,715,ok,10.4981952768,14
OVRPTW,716,ok,9.6248577677,16
OVRPTW,717,ok,10.4327758695,18
OVRPTW,718,ok,8.6221120812,18
OVRPTW,719,ok,9.8397632498,15
OVRPTW,720,ok,11.4774046268,13
OVRPTW,721,ok,11.6226687482,17
OVRPTW,722,ok,14.5408218827,13
OVRPTW,723,ok,11.9212601974,14
OVRPTW,724,ok,9.3651957081,18
OVRPTW,725,ok,9.8189193683,18
OVRPTW,726,ok,10.6928347106,16
OVRPTW,727,ok,13.0920810656,16
OVRPTW,728,ok,9.1693225253,15
OVRPTW,729,ok,11.1717478795,16
OVRPTW,730,ok,10.5356300612,14
OVRPTW,731,ok,12.6943712540,15
OVRPTW,732,ok,9.8469516321,17
OVRPTW,733,ok,9.4949156137,16
OVRPTW,734,ok,9.2574030771,16
OVRPTW,735,ok,13.4468756190,14
OVRPTW,736,ok,8.3865427742,14
OVRPTW,737,ok,12.4968994189,16
OVRPTW,738,ok,8.5460217775,15
OVRPTW,739,ok,13.2448943298,15
OVRPTW,740,ok,12.6877605407,15
OVRPTW,741,ok,11.4873197353,13
OVRPTW,742,ok,9.5091517680,14
OVRPTW,743,ok,9.6329552894,15
OVRPTW,744,ok,10.2570058277,17
OVRPTW,745,ok,9.1349912007,18
OVRPTW,746,ok,9.8996527542,15
OVRPTW,747,ok,8.9774426833,15
OVRPTW,748,ok,9.0247842050,17
OVRPTW,749,ok,9.1456116207,15
OVRPTW,750,ok,7.4736661395,14
OVRPTW,751,ok,11.5086741330,16
OVRPTW,752,ok,9.3104255018,16
OVRPTW,753,ok,8.4485191165,14
OVRPTW,754,ok,11.7095698706,16
OVRPTW,755,ok,11.9085215283,15
OVRPTW,756,ok,9.4237840672,15
OVRPTW,757,ok,9.6794825364,15
OVRPTW,758,ok,10.7236321248,15
OVRPTW,759,ok,9.7163901832,15
OVRPTW,760,ok,11.4469801268,17
OVRPTW,761,ok,11.2179042187,15
OVRPTW,762,ok,12.0041009465,17
OVRPTW,763,ok,11.0466805632,17
OVRPTW,764,ok,8.9446383120,18
OVRPTW,765,ok,11.6258342415,15
OVRPTW,766,ok,10.0544801712,19
OVRPTW,767,ok,12.6816686294,18
OVRPTW,768,ok,9.9204999232,15
OVRPTW,769,ok,10.7838225722,18
OVRPTW,770,ok,8.3716908514,15
OVRPTW,771,ok,8.9201385679,17
OVRPTW,772,ok,9.9692045874,14
OVRPTW,773,ok,13.4881772243,15
OVRPTW,774,ok,9.1255579868,13
OVRPTW,775,ok,10.6656008058,15
OVRPTW,776,ok,11.1185410706,16
OVRPTW,777,ok,10.1254552923,15
OVRPTW,778,ok,8.3128344622,16
OVRPTW,779,ok,12.0944323166,17
OVRPTW,780,ok,9.7188511072,14
OVRPTW,781,ok,11.0031761890,14
OVRPTW,782,ok,11.4332837784,16
OVRPTW,783,ok,10.2978457566,16
OVRPTW,784,ok,9.7583671537,15
OVRPTW,785,ok,10.9888807180,16
OVRPTW,786,ok,10.9126821184,16
OVRPTW,787,ok,9.1244934183,15
OVRPTW,788,ok,10.9950474767,13
OVRPTW,789,ok,9.1467776838,17
OVRPTW,790,ok,9.9878276051,17
OVRPTW,791,ok,10.9563426586,19
OVRPTW,792,ok,11.4745752173,15
OVRPTW,793,ok,10.1731342242,15
OVRPTW,794,ok,10.2363328490,15
OVRPTW,795,ok,10.6706331152,14
OVRPTW,796,ok,10.9596982347,17
OVRPTW,797,ok,9.8671288317,16
OVRPTW,798,ok,9.4622930243,16
OVRPTW,799,ok,12.0179169725,16
OVRPTW,800,ok,9.9574761237,14
OVRPTW,801,ok,10.0422873360,16
OVRPTW,802,ok,11.4871726122,17
OVRPTW,803,ok,9.4917940991,14
OVRPTW,804,ok,10.3331504837,17
OVRPTW,805,ok,9.4891380392,15
OVRPTW,806,ok,11.4931186507,15
OVRPTW,807,ok,9.7328880823,15
OVRPTW,808,ok,10.9177949652,14
OVRPTW,809,ok,10.7583134718,16
OVRPTW,810,ok,10.8999376849,15
OVRPTW,811,ok,11.9140433312,16
OVRPTW,812,ok,10.4094431481,15
OVRPTW,813,ok,10.2413788342,14
OVRPTW,814,ok,8.6940740171,15
OVRPTW,815,ok,9.0374477637,15
OVRPTW,816,ok,10.4789007955,15
OVRPTW,817,ok,10.5264081620,17
OVRPTW,818,ok,12.0127363378,14
OVRPTW,819,ok,9.0084296426,15
OVRPTW,820,ok,9.1494327799,19
OVRPTW,821,ok,10.8449363163,17
OVRPTW,822,ok,12.3681198652,14
OVRPTW,823,ok,11.1404424155,16
OVRPTW,824,ok,12.0293396032,17
OVRPTW,825,ok,10.5674512497,17
OVRPTW,826,ok,13.3234582610,14
OVRPTW,827,ok,9.3924724518,15
OVRPTW,828,ok,11.1944893817,15
OVRPTW,829,ok,8.9781622360,15
OVRPTW,830,ok,10.9316702899,14
OVRPTW,831,ok,9.4561782257,15
OVRPTW,832,ok,9.1838778864,15
OVRPTW,833,ok,9.9432174501,15
OVRPTW,834,ok,10.1612083630,15
OVRPTW,835,ok,13.7971923092,15
OVRPTW,836,ok,11.5347876325,16
OVRPTW,837,ok,10.2217700967,19
OVRPTW,838,ok,12.3173506577,14
OVRPTW,839,ok,9.4989229092,14
OVRPTW,840,ok,9.3144023510,15
OVRPTW,841,ok,11.4554170630,14
OVRPTW,842,ok,9.2443653585,15
OVRPTW,843,ok,10.6058709602,14
OVRPTW,844,ok,12.1808445126,15
OVRPTW,845,ok,8.5232369459,16
OVRPTW,846,ok,9.8421415111,12
OVRPTW,847,ok,13.2727780826,16
OVRPTW,848,ok,10.4350058743,17
OVRPTW,849,ok,11.6710379898,19
OVRPTW,850,ok,8.7236800562,15
OVRPTW,851,ok,9.8312350209,16
OVRPTW,852,ok,9.4731853026,14
OVRPTW,853,ok,9.2381476825,18
OVRPTW,854,ok,11.8116922945,14
OVRPTW,855,ok,12.3019597405,14
OVRPTW,856,ok,9.6972674531,14
OVRPTW,857,ok,10.6399429728,15
OVRPTW,858,ok,9.6129518361,15
OVRPTW,859,ok,9.0545198623,16
OVRPTW,860,ok,14.9001409997,16
OVRPTW,861,ok,10.5406153437,16
OVRPTW,862,ok,9.9275612257,15
OVRPTW,863,ok,8.5373214233,15
OVRPTW,864,ok,11.6974595002,16
OVRPTW,865,ok,9.9913388788,17
OVRPTW,866,ok,9.0217493159,16
OVRPTW,867,ok,9.9684339637,17
OVRPTW,868,ok,13.1630887175,18
OVRPTW,869,ok,9.6407722152,20
OVRPTW,870,ok,9.8932427907,14
OVRPTW,871,ok,7.8505603130,12
OVRPTW,872,ok,11.2565232672,17
OVRPTW,873,ok,11.5850317634,17
OVRPTW,874,ok,12.5413045495,16
OVRPTW,875,ok,8.9690640525,15
OVRPTW,876,ok,11.6877141503,14
OVRPTW,877,ok,9.3690296830,16
OVRPTW,878,ok,10.2986048115,13
OVRPTW,879,ok,13.8355211716,16
OVRPTW,880,ok,11.1552210840,18
OVRPTW,881,ok,14.3487162545,16
OVRPTW,882,ok,10.6100098419,15
OVRPTW,883,ok,10.7980555872,15
OVRPTW,884,ok,9.1406003092,17
OVRPTW,885,ok,8.8101284371,15
OVRPTW,886,ok,9.9341149077,14
OVRPTW,887,ok,10.0249537455,16
OVRPTW,888,ok,8.9255863965,14
OVRPTW,889,ok,10.8708307431,15
OVRPTW,890,ok,10.8805113504,13
OVRPTW,891,ok,8.8490986199,14
OVRPTW,892,ok,10.9530921964,16
OVRPTW,893,ok,10.7643146198,17
OVRPTW,894,ok,11.8899386297,14
OVRPTW,895,ok,11.8056681908,16
OVRPTW,896,ok,8.9660633032,16
OVRPTW,897,ok,10.0641650366,15
OVRPTW,898,ok,11.0528455152,15
OVRPTW,899,ok,9.2543256111,15
OVRPTW,900,ok,10.7797765286,16
OVRPTW,901,ok,15.3144214793,17
OVRPTW,902,ok,8.8673243232,15
OVRPTW,903,ok,11.9611470051,14
OVRPTW,904,ok,10.5712968275,16
OVRPTW,905,ok,13.6652735910,16
OVRPTW,906,ok,9.8553738874,16
OVRPTW,907,ok,9.2414214735,16
OVRPTW,908,ok,11.9953111773,14
OVRPTW,909,ok,9.2133913601,16
OVRPTW,910,ok,9.2860426286,18
OVRPTW,911,ok,8.7924236652,13
OVRPTW,912,ok,8.9681493910,14
OVRPTW,913,ok,9.9500211009,14
OVRPTW,914,ok,10.3504789378,15
OVRPTW,915,ok,14.2584815926,15
OVRPTW,916,ok,9.2694941539,14
OVRPTW,917,ok,11.4374488687,15
OVRPTW,918,ok,10.0428023891,15
OVRPTW,919,ok,11.9357837847,17
OVRPTW,920,ok,8.8605516314,16
OVRPTW,921,ok,11.2471595823,17
OVRPTW,922,ok,9.4420597925,17
OVRPTW,923,ok,9.8738686908,18
OVRPTW,924,ok,9.0873380549,16
OVRPTW,925,ok,10.6639556942,14
OVRPTW,926,ok,12.9200880388,14
OVRPTW,927,ok,10.7769296802,15
OVRPTW,928,ok,11.0945833302,16
OVRPTW,929,ok,9.1484314560,15
OVRPTW,930,ok,9.7286825738,15
OVRPTW,931,ok,8.5750358002,14
OVRPTW,932,ok,11.1152705218,15
OVRPTW,933,ok,12.5548931264,17
OVRPTW,934,ok,11.1725796790,15
OVRPTW,935,ok,10.4202752190,16
OVRPTW,936,ok,10.9272571856,16
OVRPTW,937,ok,10.3781565709,15
OVRPTW,938,ok,12.6280853429,16
OVRPTW,939,ok,10.9751271584,15
OVRPTW,940,ok,8.7456370308,17
OVRPTW,941,ok,13.5657284462,16
OVRPTW,942,ok,11.3069279422,15
OVRPTW,943,ok,9.5378437562,15
OVRPTW,944,ok,11.5257431573,18
OVRPTW,945,ok,9.6843466778,19
OVRPTW,946,ok,10.5835680742,17
OVRPTW,947,ok,9.4677330776,18
OVRPTW,948,ok,12.5708383469,12
OVRPTW,949,ok,11.8044630738,17
OVRPTW,950,ok,10.4832130757,17
OVRPTW,951,ok,10.0762508110,15
OVRPTW,952,ok,12.2880849294,16
OVRPTW,953,ok,9.5849149726,15
OVRPTW,954,ok,11.3312929915,15
OVRPTW,955,ok,9.2224084085,16
OVRPTW,956,ok,9.3658538944,17
OVRPTW,957,ok,11.7454020265,15
OVRPTW,958,ok,10.2846712633,17
OVRPTW,959,ok,9.5875369250,16
OVRPTW,960,ok,8.6737910790,14
OVRPTW,961,ok,11.8605483178,14
OVRPTW,962,ok,11.4771298067,14
OVRPTW,963,ok,8.9794455316,14
OVRPTW,964,ok,13.3512039914,14
OVRPTW,965,ok,12.4993593087,17
OVRPTW,966,ok,11.0385379679,17
OVRPTW,967,ok,10.6837672587,14
OVRPTW,968,ok,13.8482857032,15
OVRPTW,969,ok,14.7644172211,16
OVRPTW,970,ok,9.8995849788,15
OVRPTW,971,ok,8.3021147026,16
OVRPTW,972,ok,9.4378030429,15
OVRPTW,973,ok,9.9406210375,15
OVRPTW,974,ok,10.0802767237,14
OVRPTW,975,ok,11.5977570970,15
OVRPTW,976,ok,11.0829781395,16
OVRPTW,977,ok,9.7152373057,15
OVRPTW,978,ok,13.9110381388,15
OVRPTW,979,ok,12.7137421897,14
OVRPTW,980,ok,11.7417544615,20
OVRPTW,981,ok,12.8591453602,15
OVRPTW,982,ok,12.0063122304,16
OVRPTW,983,ok,10.0860574420,18
OVRPTW,984,ok,9.0572864982,16
OVRPTW,985,ok,10.0250225239,19
OVRPTW,986,ok,11.8114987452,15
OVRPTW,987,ok,11.0293291291,14
OVRPTW,988,ok,9.3147833910,16
OVRPTW,989,ok,9.8828158027,21
OVRPTW,990,ok,11.3750462588,20
OVRPTW,991,ok,9.8723796705,18
OVRPTW,992,ok,9.5043634827,19
OVRPTW,993,ok,9.2092478026,15
OVRPTW,994,ok,9.8300094155,17
OVRPTW,995,ok,12.0756679615,16
OVRPTW,996,ok,11.1237247402,16
OVRPTW,997,ok,10.2011990364,18
OVRPTW,998,ok,10.3187136473,14
OVRPTW,999,ok,9.3852997535,12
OVRPB,0,ok,6.7148780572,4
OVRPB,1,ok,6.2681479102,7
OVRPB,2,ok,6.7060532658,7
OVRPB,3,ok,7.1190437916,5
OVRPB,4,ok,6.1633164193,6
OVRPB,5,ok,6.3675184990,8
OVRPB,6,ok,6.8283323906,6
OVRPB,7,ok,6.6624022082,5
OVRPB,8,ok,6.7151900178,7
OVRPB,9,ok,5.8296167610,4
OVRPB,10,ok,6.8311436047,5
OVRPB,11,ok,6.9352977644,6
OVRPB,12,ok,6.5876237924,5
OVRPB,13,ok,6.8905857169,6
OVRPB,14,ok,6.6490035762,4
OVRPB,15,ok,6.0832884664,5
OVRPB,16,ok,6.5407999882,5
OVRPB,17,ok,6.8381915828,7
OVRPB,18,ok,6.6253067050,6
OVRPB,19,ok,6.9621790488,7
OVRPB,20,ok,5.7247835751,5
OVRPB,21,ok,6.3800952377,7
OVRPB,22,ok,6.5450547418,6
OVRPB,23,ok,7.2877692766,5
OVRPB,24,ok,6.3484571364,6
OVRPB,25,ok,7.1570490138,5
OVRPB,26,ok,6.7292561103,5
OVRPB,27,ok,6.2202380191,6
OVRPB,28,ok,6.7918914590,6
OVRPB,29,ok,6.4244713576,7
OVRPB,30,ok,5.8183014258,8
OVRPB,31,ok,6.2373035332,7
OVRPB,32,ok,7.5351665649,7
OVRPB,33,ok,5.6114935925,6
OVRPB,34,ok,7.1942343114,5
OVRPB,35,ok,5.6703630455,6
OVRPB,36,ok,6.3702055607,5
OVRPB,37,ok,6.1190438734,8
OVRPB,38,ok,7.0779293375,6
OVRPB,39,ok,7.1094032297,7
OVRPB,40,ok,6.3524376114,4
OVRPB,41,ok,6.1310441188,6
OVRPB,42,ok,6.1139234971,6
OVRPB,43,ok,6.0997523836,5
OVRPB,44,ok,5.2918882507,6
OVRPB,45,ok,7.1021172338,7
OVRPB,46,ok,5.7749219009,6
OVRPB,47,ok,6.2246704579,6
OVRPB,48,ok,6.3730130064,5
OVRPB,49,ok,6.5992417142,7
OVRPB,50,ok,6.7135669501,5
OVRPB,51,ok,7.4836310457,4
OVRPB,52,ok,6.0088421738,6
OVRPB,53,ok,5.7111316168,8
OVRPB,54,ok,5.8706661510,4
OVRPB,55,ok,6.4670292276,5
OVRPB,56,ok,5.5542689133,6
OVRPB,57,ok,6.1047382047,5
OVRPB,58,ok,6.1565131650,6
OVRPB,59,ok,7.6034820141,7
OVRPB,60,ok,6.4061459161,5
OVRPB,61,ok,6.3561416796,6
OVRPB,62,ok,6.9361778999,6
OVRPB,63,ok,6.3781921334,4
OVRPB,64,ok,6.2155778683,5
OVRPB,65,ok,6.6309662764,4
OVRPB,66,ok,6.4719220063,4
OVRPB,67,ok,6.4050053010,5
OVRPB,68,ok,6.4300046735,8
OVRPB,69,ok,6.6114655716,6
OVRPB,70,ok,6.2932797350,6
OVRPB,71,ok,5.9631630547,5
OVRPB,72,ok,7.9551669643,5
OVRPB,73,ok,6.6440838807,6
OVRPB,74,ok,6.7831428642,5
OVRPB,75,ok,6.2634813783,5
OVRPB,76,ok,6.2845586790,4
OVRPB,77,ok,5.8302216817,5
OVRPB,78,ok,6.9983380384,5
OVRPB,79,ok,6.4374481212,5
OVRPB,80,ok,6.6785448079,6
OVRPB,81,ok,6.8638902618,5
OVRPB,82,ok,6.7323937594,7
OVRPB,83,ok,5.8340033281,7
OVRPB,84,ok,6.5658920493,5
OVRPB,85,ok,6.8089414406,6
OVRPB,86,ok,6.7359800042,7
OVRPB,87,ok,7.6014978145,4
OVRPB,88,ok,6.4961155462,7
OVRPB,89,ok,6.1479572477,6
OVRPB,90,ok,6.5174224737,6
OVRPB,91,ok,5.8196741620,6
OVRPB,92,ok,7.4969021650,6
OVRPB,93,ok,6.0122727053,5
OVRPB,94,ok,6.3353758516,6
OVRPB,95,ok,6.0472994006,6
OVRPB,96,ok,7.4523924092,6
OVRPB,97,ok,6.7457979883,3
OVRPB,98,ok,7.0334282073,6
OVRPB,99,ok,6.0901617963,5
OVRPB,100,ok,7.4402090445,7
OVRPB,101,ok,7.3973850244,6
OVRPB,102,ok,6.6747900482,4
OVRPB,103,ok,6.5552518744,5
OVRPB,104,ok,4.9680874972,6
OVRPB,105,ok,6.7040014616,7
OVRPB,106,ok,6.2753613183,4
OVRPB,107,ok,7.6769840977,7
OVRPB,108,ok,6.5537629717,6
OVRPB,109,ok,6.5470162249,4
OVRPB,110,ok,7.5982153417,5
OVRPB,111,ok,7.4473757002,6
OVRPB,112,ok,6.9882742701,6
OVRPB,113,ok,6.4210304669,6
OVRPB,114,ok,5.7320478754,6
OVRPB,115,ok,6.2045408795,4
OVRPB,116,ok,6.1908201444,5
OVRPB,117,ok,6.7986714477,6
OVRPB,118,ok,6.5941966638,4
OVRPB,119,ok,6.0589309063,6
OVRPB,120,ok,6.4634469936,7
OVRPB,121,ok,6.4382062322,6
OVRPB,122,ok,6.8125138371,7
OVRPB,123,ok,6.5143647677,7
OVRPB,124,ok,7.0150349469,5
OVRPB,125,ok,6.8607396206,6
OVRPB,126,ok,6.2326956474,4
OVRPB,127,ok,5.7649516286,5
OVRPB,128,ok,7.3494355447,8
OVRPB,129,ok,6.3995991466,5
OVRPB,130,ok,7.0524054608,6
OVRPB,131,ok,7.3186927838,5
OVRPB,132,ok,7.1037974187,5
OVRPB,133,ok,5.8609793792,5
OVRPB,134,ok,6.1813970066,6
OVRPB,135,ok,6.1662429015,5
OVRPB,136,ok,5.9889291431,5
OVRPB,137,ok,6.3116832414,5
OVRPB,138,ok,6.1835307530,6
OVRPB,139,ok,6.2317068898,5
OVRPB,140,ok,6.3279773935,5
OVRPB,141,ok,6.2195542923,6
OVRPB,142,ok,6.4627550394,7
OVRPB,143,ok,7.0426424528,6
OVRPB,144,ok,5.4300335073,7
OVRPB,145,ok,7.0541529276,6
OVRPB,146,ok,6.5466675505,5
OVRPB,147,ok,6.4992059700,5
OVRPB,148,ok,6.2398882054,6
OVRPB,149,ok,7.0650510903,7
OVRPB,150,ok,6.5034983730,4
OVRPB,151,ok,8.2449125057,5
OVRPB,152,ok,6.5915894258,5
OVRPB,153,ok,5.8906346337,6
OVRPB,154,ok,6.4358260735,6
OVRPB,155,ok,6.3041337200,5
OVRPB,156,ok,5.4346895418,5
OVRPB,157,ok,5.8027770319,6
OVRPB,158,ok,6.2590406179,7
OVRPB,159,ok,7.1512772759,7
OVRPB,160,ok,7.0033758611,5
OVRPB,161,ok,6.5929377729,6
OVRPB,162,ok,6.4202939543,4
OVRPB,163,ok,6.0245506504,6
OVRPB,164,ok,6.3455300392,5
OVRPB,165,ok,5.7841493450,5
OVRPB,166,ok,6.1987336262,5
OVRPB,167,ok,6.2768859973,4
OVRPB,168,ok,6.2213806127,7
OVRPB,169,ok,6.1463647788,4
OVRPB,170,ok,6.1902855529,6
OVRPB,171,ok,7.7570456733,6
OVRPB,172,ok,6.6281971746,4
OVRPB,173,ok,6.4140401501,6
OVRPB,174,ok,6.6828696462,5
OVRPB,175,ok,6.2403892591,6
OVRPB,176,ok,6.0234079274,5
OVRPB,177,ok,6.3952558149,6
OVRPB,178,ok,6.5272618812,6
OVRPB,179,ok,6.4233599590,6
OVRPB,180,ok,6.2674277092,5
OVRPB,181,ok,6.2918000900,6
OVRPB,182,ok,5.9734286039,5
OVRPB,183,ok,6.8848476354,7
OVRPB,184,ok,6.2872356307,6
OVRPB,185,ok,6.2447921072,6
OVRPB,186,ok,7.4289269893,6
OVRPB,187,ok,5.6231110070,4
OVRPB,188,ok,6.6690595319,5
OVRPB,189,ok,6.8266020777,6
OVRPB,190,ok,7.2650244355,5
OVRPB,191,ok,6.5680918398,8
OVRPB,192,ok,5.7955442244,7
OVRPB,193,ok,6.6836792475,8
OVRPB,194,ok,6.0310643466,6
OVRPB,195,ok,6.7283154666,6
OVRPB,196,ok,6.1712344251,7
OVRPB,197,ok,6.7653856926,5
OVRPB,198,ok,7.2465087903,4
OVRPB,199,ok,6.8589517298,5
OVRPB,200,ok,6.7147174182,4
OVRPB,201,ok,6.7802385062,5
OVRPB,202,ok,6.8588791071,6
OVRPB,203,ok,6.0113816005,5
OVRPB,204,ok,6.4943978376,5
OVRPB,205,ok,5.9683604115,5
OVRPB,206,ok,6.5933238797,7
OVRPB,207,ok,7.1851221427,6
OVRPB,208,ok,6.5516188823,4
OVRPB,209,ok,6.3944408553,5
OVRPB,210,ok,6.2078800293,4
OVRPB,211,ok,6.7635098423,5
OVRPB,212,ok,7.2431506331,6
OVRPB,213,ok,6.0759977294,5
OVRPB,214,ok,6.7865120213,7
OVRPB,215,ok,6.2069732611,9
OVRPB,216,ok,7.1611183982,5
OVRPB,217,ok,5.9464717856,5
OVRPB,218,ok,6.4154080557,6
OVRPB,219,ok,7.3299214402,6
OVRPB,220,ok,7.2299206056,6
OVRPB,221,ok,6.6917628044,6
OVRPB,222,ok,6.1618478383,6
OVRPB,223,ok,6.0772944077,6
OVRPB,224,ok,6.7702263480,5
OVRPB,225,ok,6.2878298175,6
OVRPB,226,ok,7.1808143987,6
OVRPB,227,ok,6.5041430307,5
OVRPB,228,ok,6.4945181094,3
OVRPB,229,ok,8.1789327173,5
OVRPB,230,ok,6.8685319945,5
OVRPB,231,ok,5.7381812134,5
OVRPB,232,ok,6.8050391477,5
OVRPB,233,ok,7.3363088587,6
OVRPB,234,ok,6.3039606392,7
OVRPB,235,ok,5.8871095959,6
OVRPB,236,ok,6.2579671803,6
OVRPB,237,ok,7.4463337009,5
OVRPB,238,ok,6.4767144433,4
OVRPB,239,ok,6.0101630969,5
OVRPB,240,ok,6.2601155277,8
OVRPB,241,ok,6.2867789647,6
OVRPB,242,ok,6.1655680320,6
OVRPB,243,ok,6.6879156999,6
OVRPB,244,ok,7.1921593758,8
OVRPB,245,ok,6.9253819119,6
OVRPB,246,ok,6.9486086451,6
OVRPB,247,ok,6.8129053024,9
OVRPB,248,ok,7.0710528726,5
OVRPB,249,ok,6.0735864993,5
OVRPB,250,ok,6.7232037043,5
OVRPB,251,ok,6.4826389091,5
OVRPB,252,ok,7.6563641481,6
OVRPB,253,ok,6.0545216600,5
OVRPB,254,ok,6.6900287974,9
OVRPB,255,ok,6.0446700470,7
OVRPB,256,ok,8.1676413635,6
OVRPB,257,ok,6.1428306626,6
OVRPB,258,ok,6.2532191242,6
OVRPB,259,ok,6.3390279627,5
OVRPB,260,ok,6.9194327192,4
OVRPB,261,ok,7.5154504204,5
OVRPB,262,ok,5.9815288276,5
OVRPB,263,ok,7.4206104104,4
OVRPB,264,ok,6.0116605694,5
OVRPB,265,ok,6.2210388110,6
OVRPB,266,ok,6.0504017509,5
OVRPB,267,ok,5.7881983514,5
OVRPB,268,ok,6.0161110318,4
OVRPB,269,ok,6.1896478216,6
OVRPB,270,ok,6.5470467277,5
OVRPB,271,ok,6.4796019821,5
OVRPB,272,ok,7.0774279724,5
OVRPB,273,ok,6.8105128847,6
OVRPB,274,ok,6.0776544717,6
OVRPB,275,ok,6.3536369732,7
OVRPB,276,ok,6.3630753144,5
OVRPB,277,ok,6.4342033637,5
OVRPB,278,ok,7.5759969330,6
OVRPB,279,ok,6.6318197187,4
OVRPB,280,ok,6.1210327147,8
OVRPB,281,ok,7.6146177923,5
OVRPB,282,ok,5.9534330775,5
OVRPB,283,ok,6.3438119631,6
OVRPB,284,ok,5.8388376766,4
OVRPB,285,ok,6.2837988488,6
OVRPB,286,ok,6.3777096400,6
OVRPB,287,ok,6.8379280372,6
OVRPB,288,ok,6.1312727553,5
OVRPB,289,ok,7.6932659724,6
OVRPB,290,ok,6.5605514232,6
OVRPB,291,ok,7.1961883549,6
OVRPB,292,ok,6.9628638205,4
OVRPB,293,ok,6.4927802688,6
OVRPB,294,ok,6.5937554368,8
OVRPB,295,ok,6.1857885619,4
OVRPB,296,ok,6.7630473534,7
OVRPB,297,ok,6.1163037459,4
OVRPB,298,ok,6.0201225376,6
OVRPB,299,ok,5.8113814451,6
OVRPB,300,ok,6.6500404652,6
OVRPB,301,ok,6.9511043623,6
OVRPB,302,ok,6.2381834099,6
OVRPB,303,ok,5.7524754839,6
OVRPB,304,ok,6.2248828222,6
OVRPB,305,ok,7.2385139918,6
OVRPB,306,ok,6.6315289232,5
OVRPB,307,ok,6.4828277490,7
OVRPB,308,ok,6.7496547920,5
OVRPB,309,ok,7.0068237175,7
OVRPB,310,ok,6.3315997804,5
OVRPB,311,ok,6.8098136072,6
OVRPB,312,ok,5.5416247788,7
OVRPB,313,ok,6.4870600280,5
OVRPB,314,ok,5.7932082979,6
OVRPB,315,ok,7.6846212162,4
OVRPB,316,ok,5.8218821649,6
OVRPB,317,ok,6.7947707327,5
OVRPB,318,ok,6.1855216085,4
OVRPB,319,ok,6.9821165457,5
OVRPB,320,ok,7.1796562511,6
OVRPB,321,ok,6.0607668824,4
OVRPB,322,ok,6.7845619467,6
OVRPB,323,ok,6.4164699809,7
OVRPB,324,ok,6.2675513816,5
OVRPB,325,ok,5.4655593044,5
OVRPB,326,ok,7.1518985394,6
OVRPB,327,ok,6.6527175051,4
OVRPB,328,ok,6.9418132699,7
OVRPB,329,ok,6.1562730426,7
OVRPB,330,ok,6.1541038139,5
OVRPB,331,ok,6.1619504961,4
OVRPB,332,ok,6.3335526313,5
OVRPB,333,ok,6.5641164738,5
OVRPB,334,ok,6.2340781031,6
OVRPB,335,ok,5.5353222632,5
OVRPB,336,ok,6.6067744481,5
OVRPB,337,ok,7.0525164089,6
OVRPB,338,ok,6.4581053923,6
OVRPB,339,ok,6.7332415874,5
OVRPB,340,ok,7.2006548188,7
OVRPB,341,ok,6.1364395914,5
OVRPB,342,ok,6.3049797903,6
OVRPB,343,ok,6.2073269983,5
OVRPB,344,ok,6.4621243568,6
OVRPB,345,ok,6.5214081463,5
OVRPB,346,ok,6.6554908330,4
OVRPB,347,ok,5.8573993781,5
OVRPB,348,ok,6.9004431568,6
OVRPB,349,ok,7.1450142764,7
OVRPB,350,ok,6.8005334009,4
OVRPB,351,ok,6.6070259484,8
OVRPB,352,ok,7.0238355939,6
OVRPB,353,ok,6.3635678182,7
OVRPB,354,ok,6.5475999722,7
OVRPB,355,ok,6.8975879606,7
OVRPB,356,ok,5.6132685210,4
OVRPB,357,ok,7.0906864153,4
OVRPB,358,ok,6.6387200318,5
OVRPB,359,ok,7.3762520400,8
OVRPB,360,ok,6.5394003075,5
OVRPB,361,ok,7.5518186389,6
OVRPB,362,ok,5.9877510227,4
OVRPB,363,ok,6.8432881256,5
OVRPB,364,ok,6.0660396056,5
OVRPB,365,ok,6.3158824413,6
OVRPB,366,ok,6.6647205379,7
OVRPB,367,ok,6.3354799941,8
OVRPB,368,ok,6.7003719663,6
OVRPB,369,ok,6.2188876645,5
OVRPB,370,ok,7.6005842135,5
OVRPB,371,ok,6.2191977569,5
OVRPB,372,ok,6.0998556536,8
OVRPB,373,ok,6.4177921128,4
OVRPB,374,ok,6.1180480355,6
OVRPB,375,ok,7.7412140599,9
OVRPB,376,ok,6.1935868288,6
OVRPB,377,ok,6.6063415640,6
OVRPB,378,ok,7.4281639093,8
OVRPB,379,ok,7.0639318159,7
OVRPB,380,ok,6.6214184917,6
OVRPB,381,ok,5.4314469114,5
OVRPB,382,ok,8.2560234123,8
OVRPB,383,ok,5.6843646354,5
OVRPB,384,ok,6.2704242666,6
OVRPB,385,ok,7.0779242693,4
OVRPB,386,ok,6.5948464542,5
OVRPB,387,ok,7.7944587107,6
OVRPB,388,ok,5.9770219003,6
OVRPB,389,ok,6.0118325754,3
OVRPB,390,ok,7.7152066834,6
OVRPB,391,ok,6.2070736624,5
OVRPB,392,ok,5.5844263784,5
OVRPB,393,ok,6.2383573406,7
OVRPB,394,ok,6.2374832967,4
OVRPB,395,ok,7.7583397083,4
OVRPB,396,ok,6.5736954111,7
OVRPB,397,ok,7.4309905244,6
OVRPB,398,ok,6.8102872575,6
OVRPB,399,ok,5.9469955500,5
OVRPB,400,ok,6.2257957619,4
OVRPB,401,ok,6.9130740679,5
OVRPB,402,ok,6.6065979108,5
OVRPB,403,ok,6.1374294372,4
OVRPB,404,ok,6.3059340795,5
OVRPB,405,ok,6.4767390454,7
OVRPB,406,ok,6.5058111771,5
OVRPB,407,ok,7.2238112793,6
OVRPB,408,ok,6.7279640528,6
OVRPB,409,ok,7.5536525688,4
OVRPB,410,ok,6.3882773228,4
OVRPB,411,ok,6.6901403932,6
OVRPB,412,ok,6.9619144807,6
OVRPB,413,ok,7.1899952236,5
OVRPB,414,ok,5.7852526776,4
OVRPB,415,ok,6.0113061531,6
OVRPB,416,ok,6.5587557077,8
OVRPB,417,ok,6.6493090237,5
OVRPB,418,ok,6.6326596433,5
OVRPB,419,ok,5.9070101826,6
OVRPB,420,ok,6.8365851499,5
OVRPB,421,ok,6.8482944784,6
OVRPB,422,ok,6.7628397188,6
OVRPB,423,ok,5.8637094073,5
OVRPB,424,ok,6.5378313673,5
OVRPB,425,ok,6.8150734156,5
OVRPB,426,ok,6.1158196135,5
OVRPB,427,ok,6.9937134289,4
OVRPB,428,ok,6.0480200812,6
OVRPB,429,ok,6.4884108189,6
OVRPB,430,ok,5.9303451331,6
OVRPB,431,ok,5.6465351340,4
OVRPB,432,ok,6.9139844908,5
OVRPB,433,ok,7.0218087514,6
OVRPB,434,ok,6.6813690373,6
OVRPB,435,ok,6.2865063347,8
OVRPB,436,ok,7.0854060670,6
OVRPB,437,ok,7.1877043906,4
OVRPB,438,ok,6.7822508145,5
OVRPB,439,ok,5.8329970035,5
OVRPB,440,ok,5.5465137792,5
OVRPB,441,ok,5.6643005552,6
OVRPB,442,ok,6.4324597956,5
OVRPB,443,ok,6.7849418872,6
OVRPB,444,ok,6.8610150917,4
OVRPB,445,ok,5.9037214280,5
OVRPB,446,ok,7.0108583710,5
OVRPB,447,ok,5.9838230648,6
OVRPB,448,ok,7.1525039143,5
OVRPB,449,ok,5.9923052071,7
OVRPB,450,ok,6.8091803466,5
OVRPB,451,ok,6.0986039660,5
OVRPB,452,ok,5.5909450844,7
OVRPB,453,ok,5.3546317952,5
OVRPB,454,ok,7.0002200314,7
OVRPB,455,ok,6.4477464497,5
OVRPB,456,ok,6.0705653592,6
OVRPB,457,ok,7.2198554502,5
OVRPB,458,ok,6.6046554964,5
OVRPB,459,ok,6.8782567699,5
OVRPB,460,ok,6.3941592033,7
OVRPB,461,ok,6.4942810145,7
OVRPB,462,ok,6.7096964920,6
OVRPB,463,ok,7.0253713620,7
OVRPB,464,ok,5.7555912106,5
OVRPB,465,ok,6.6320760600,6
OVRPB,466,ok,6.4020926679,6
OVRPB,467,ok,5.6089654790,5
OVRPB,468,ok,6.9786105678,6
OVRPB,469,ok,5.4358409223,7
OVRPB,470,ok,6.0434806222,8
OVRPB,471,ok,7.0527781582,7
OVRPB,472,ok,6.2805862826,5
OVRPB,473,ok,5.9509231270,5
OVRPB,474,ok,6.6066186792,6
OVRPB,475,ok,5.6618991558,5
OVRPB,476,ok,6.8504528868,7
OVRPB,477,ok,6.2203768583,5
OVRPB,478,ok,6.0002654352,8
OVRPB,479,ok,5.8980492938,5
OVRPB,480,ok,6.3969270530,5
OVRPB,481,ok,6.4892832447,5
OVRPB,482,ok,6.0169207639,5
OVRPB,483,ok,6.4401286780,5
OVRPB,484,ok,6.2629765537,6
OVRPB,485,ok,6.3056406427,4
OVRPB,486,ok,6.9330300389,7
OVRPB,487,ok,5.7953890676,6
OVRPB,488,ok,7.1872172299,5
OVRPB,489,ok,6.6637486801,7
OVRPB,490,ok,6.2700152610,5
OVRPB,491,ok,7.0935741519,8
OVRPB,492,ok,6.6041759793,5
OVRPB,493,ok,6.2610625255,7
OVRPB,494,ok,6.6031268901,5
OVRPB,495,ok,7.2875462795,5
OVRPB,496,ok,7.2990499790,6
OVRPB,497,ok,7.1956577417,5
OVRPB,498,ok,7.4364846799,6
OVRPB,499,ok,6.6218962216,5
OVRPB,500,ok,6.6460781282,5
OVRPB,501,ok,6.4794202875,5
OVRPB,502,ok,6.6832012440,5
OVRPB,503,ok,6.2664770303,6
OVRPB,504,ok,5.5727995985,5
OVRPB,505,ok,6.2955502943,6
OVRPB,506,ok,6.8070806188,6
OVRPB,507,ok,6.5229142003,6
OVRPB,508,ok,6.2562217083,7
OVRPB,509,ok,6.3631731702,6
OVRPB,510,ok,6.5119982478,4
OVRPB,511,ok,7.5551487616,7
OVRPB,512,ok,6.7554983612,5
OVRPB,513,ok,6.5333109183,4
OVRPB,514,ok,6.5663329683,4
OVRPB,515,ok,6.2354941881,7
OVRPB,516,ok,6.3595012045,6
OVRPB,517,ok,7.6908002209,7
OVRPB,518,ok,6.6028798555,6
OVRPB,519,ok,6.7977061763,5
OVRPB,520,ok,6.7031347532,7
OVRPB,521,ok,6.4857412150,5
OVRPB,522,ok,5.8316558016,5
OVRPB,523,ok,6.5420393284,5
OVRPB,524,ok,6.1710618447,6
OVRPB,525,ok,7.6951883248,6
OVRPB,526,ok,6.7562929730,4
OVRPB,527,ok,6.3113306692,8
OVRPB,528,ok,7.0171545406,6
OVRPB,529,ok,5.9195225145,4
OVRPB,530,ok,6.3058197391,5
OVRPB,531,ok,6.5626682170,6
OVRPB,532,ok,6.7715739447,5
OVRPB,533,ok,6.6097211021,6
OVRPB,534,ok,6.4841717773,7
OVRPB,535,ok,7.4554223926,5
OVRPB,536,ok,6.3710170932,7
OVRPB,537,ok,7.1318357638,7
OVRPB,538,ok,6.4567444346,4
OVRPB,539,ok,6.3521623080,5
OVRPB,540,ok,6.1240731747,6
OVRPB,541,ok,6.2013478166,4
OVRPB,542,ok,6.8811553891,5
OVRPB,543,ok,6.7420735530,5
OVRPB,544,ok,6.8719689801,7
OVRPB,545,ok,6.3523927754,6
OVRPB,546,ok,6.8488506149,7
OVRPB,547,ok,6.5426446811,5
OVRPB,548,ok,6.7914040801,5
OVRPB,549,ok,6.1246932709,7
OVRPB,550,ok,6.6379668411,5
OVRPB,551,ok,7.6056155786,5
OVRPB,552,ok,6.5794071380,6
OVRPB,553,ok,7.3258224964,6
OVRPB,554,ok,7.5397283035,4
OVRPB,555,ok,6.1222681499,5
OVRPB,556,ok,6.7403785704,7
OVRPB,557,ok,7.1410391054,7
OVRPB,558,ok,5.9613673256,5
OVRPB,559,ok,6.1420683793,6
OVRPB,560,ok,6.2139868413,6
OVRPB,561,ok,6.7532138228,4
OVRPB,562,ok,7.4891795035,5
OVRPB,563,ok,7.0441582796,6
OVRPB,564,ok,7.0412534327,4
OVRPB,565,ok,7.5405750920,6
OVRPB,566,ok,6.0951291201,4
OVRPB,567,ok,5.7423147681,5
OVRPB,568,ok,6.8585200024,5
OVRPB,569,ok,6.9198381377,3
OVRPB,570,ok,5.8132039970,5
OVRPB,571,ok,5.8056432104,5
OVRPB,572,ok,6.4621935003,6
OVRPB,573,ok,6.3213969340,6
OVRPB,574,ok,6.8421588094,6
OVRPB,575,ok,6.1639798605,6
OVRPB,576,ok,6.2651653351,6
OVRPB,577,ok,6.2238586022,6
OVRPB,578,ok,7.2698076652,8
OVRPB,579,ok,6.7319084187,7
OVRPB,580,ok,6.6427562333,4
OVRPB,581,ok,6.2397679715,6
OVRPB,582,ok,6.1184983591,6
OVRPB,583,ok,6.6294344247,8
OVRPB,584,ok,6.0456148076,5
OVRPB,585,ok,5.8286959102,6
OVRPB,586,ok,6.7242298069,5
OVRPB,587,ok,6.1365644182,6
OVRPB,588,ok,7.0284705936,5
OVRPB,589,ok,7.2021267718,6
OVRPB,590,ok,6.0331076858,10
OVRPB,591,ok,7.2566235699,4
OVRPB,592,ok,6.5216537970,4
OVRPB,593,ok,7.3106125510,7
OVRPB,594,ok,6.8941232282,7
OVRPB,595,ok,6.1454391843,6
OVRPB,596,ok,6.4014526807,7
OVRPB,597,ok,5.9082701857,6
OVRPB,598,ok,6.5275740381,5
OVRPB,599,ok,6.3968234792,6
OVRPB,600,ok,6.1710813770,5
OVRPB,601,ok,6.8051748035,8
OVRPB,602,ok,6.4625975656,6
OVRPB,603,ok,5.6116581744,5
OVRPB,604,ok,6.5493829420,7
OVRPB,605,ok,7.7316690908,6
OVRPB,606,ok,6.8003993798,7
OVRPB,607,ok,5.7439559796,7
OVRPB,608,ok,5.9462045381,6
OVRPB,609,ok,6.9227239815,4
OVRPB,610,ok,6.9119648190,5
OVRPB,611,ok,6.9152058416,7
OVRPB,612,ok,6.1654610868,6
OVRPB,613,ok,6.3914803833,6
OVRPB,614,ok,6.4433550048,5
OVRPB,615,ok,6.7401885826,6
OVRPB,616,ok,5.8906432611,5
OVRPB,617,ok,6.5519749008,7
OVRPB,618,ok,6.0478532464,7
OVRPB,619,ok,6.8477839075,5
OVRPB,620,ok,5.9300362384,5
OVRPB,621,ok,6.5040226457,4
OVRPB,622,ok,6.2188434405,5
OVRPB,623,ok,5.2451567822,5
OVRPB,624,ok,6.6652465817,7
OVRPB,625,ok,7.0974114662,6
OVRPB,626,ok,6.1256699321,5
OVRPB,627,ok,6.6952593829,6
OVRPB,628,ok,7.1544416407,6
OVRPB,629,ok,6.4995583237,6
OVRPB,630,ok,7.8042557460,7
OVRPB,631,ok,6.2174700098,6
OVRPB,632,ok,6.3050250347,6
OVRPB,633,ok,7.4605936622,6
OVRPB,634,ok,6.4709943176,7
OVRPB,635,ok,7.1259063393,5
OVRPB,636,ok,6.8300723324,7
OVRPB,637,ok,6.2875551953,5
OVRPB,638,ok,6.8933622909,6
OVRPB,639,ok,6.9582719686,5
OVRPB,640,ok,6.7443132444,7
OVRPB,641,ok,7.0254847820,5
OVRPB,642,ok,6.9992902597,5
OVRPB,643,ok,7.2227259555,7
OVRPB,644,ok,7.2220315709,7
OVRPB,645,ok,6.8213736540,7
OVRPB,646,ok,6.2401813025,9
OVRPB,647,ok,6.2924749605,5
OVRPB,648,ok,6.0000687918,5
OVRPB,649,ok,7.1910397126,5
OVRPB,650,ok,7.0216445651,5
OVRPB,651,ok,5.5832979238,6
OVRPB,652,ok,6.8703003378,4
OVRPB,653,ok,6.0120904349,6
OVRPB,654,ok,6.3187296311,4
OVRPB,655,ok,6.7681790424,4
OVRPB,656,ok,7.9974011524,5
OVRPB,657,ok,6.2353935391,6
OVRPB,658,ok,6.0442691611,7
OVRPB,659,ok,6.5414864360,5
OVRPB,660,ok,6.1634813359,8
OVRPB,661,ok,6.1502631195,6
OVRPB,662,ok,6.8632108324,6
OVRPB,663,ok,5.6096245023,4
OVRPB,664,ok,5.7910716550,6
OVRPB,665,ok,6.6567768784,5
OVRPB,666,ok,6.4805382978,5
OVRPB,667,ok,6.3730574562,4
OVRPB,668,ok,6.0761912842,5
OVRPB,669,ok,6.2206627786,6
OVRPB,670,ok,6.1341872758,5
OVRPB,671,ok,6.8225374544,6
OVRPB,672,ok,6.1100946051,6
OVRPB,673,ok,6.4596982167,7
OVRPB,674,ok,7.3773765300,6
OVRPB,675,ok,6.5825769462,6
OVRPB,676,ok,6.6479618689,5
OVRPB,677,ok,7.6892525432,7
OVRPB,678,ok,6.3108902670,6
OVRPB,679,ok,5.6699773032,4
OVRPB,680,ok,8.0437783340,5
OVRPB,681,ok,6.6442313885,5
OVRPB,682,ok,6.8253484666,5
OVRPB,683,ok,6.4196047010,4
OVRPB,684,ok,7.0204284707,5
OVRPB,685,ok,7.0485619732,6
OVRPB,686,ok,6.1828334000,6
OVRPB,687,ok,7.1088800812,5
OVRPB,688,ok,7.7752702428,5
OVRPB,689,ok,6.6286978958,6
OVRPB,690,ok,7.3127391899,5
OVRPB,691,ok,6.0893761666,8
OVRPB,692,ok,5.9977750288,5
OVRPB,693,ok,6.4819063966,7
OVRPB,694,ok,6.2443657487,6
OVRPB,695,ok,7.5083375623,5
OVRPB,696,ok,6.3933407508,7
OVRPB,697,ok,6.0290631015,6
OVRPB,698,ok,7.2916580794,6
OVRPB,699,ok,5.9575737120,6
OVRPB,700,ok,5.5599915878,5
OVRPB,701,ok,7.6043378891,5
OVRPB,702,ok,5.4759798666,8
OVRPB,703,ok,7.3036768580,4
OVRPB,704,ok,6.9714422734,5
OVRPB,705,ok,7.0663521513,4
OVRPB,706,ok,6.9511936845,6
OVRPB,707,ok,7.5409210166,7
OVRPB,708,ok,7.2313135798,7
OVRPB,709,ok,6.4325635386,5
OVRPB,710,ok,6.2719869522,5
OVRPB,711,ok,5.9262961894,6
OVRPB,712,ok,6.5525484911,5
OVRPB,713,ok,6.0211974312,5
OVRPB,714,ok,6.6853863038,6
OVRPB,715,ok,6.8389700016,6
OVRPB,716,ok,6.2514215994,6
OVRPB,717,ok,6.9543438635,5
OVRPB,718,ok,7.0572703624,6
OVRPB,719,ok,6.4849881067,5
OVRPB,720,ok,5.7949935158,6
OVRPB,721,ok,6.0471555882,6
OVRPB,722,ok,6.6835346452,5
OVRPB,723,ok,5.8851098871,5
OVRPB,724,ok,6.3234237813,6
OVRPB,725,ok,6.8244962919,6
OVRPB,726,ok,6.9710658289,6
OVRPB,727,ok,6.8079487264,5
OVRPB,728,ok,6.7019611258,6
OVRPB,729,ok,6.8464081105,6
OVRPB,730,ok,7.6939155067,5
OVRPB,731,ok,6.4885975112,7
OVRPB,732,ok,7.3141917879,9
OVRPB,733,ok,5.9833226067,4
OVRPB,734,ok,6.7310849590,5
OVRPB,735,ok,7.1925952195,5
OVRPB,736,ok,6.9986176557,6
OVRPB,737,ok,6.0822091528,4
OVRPB,738,ok,6.1460105859,5
OVRPB,739,ok,6.5510295585,7
OVRPB,740,ok,6.3089453225,6
OVRPB,741,ok,6.8811071999,5
OVRPB,742,ok,6.9167262064,6
OVRPB,743,ok,6.8334815736,6
OVRPB,744,ok,6.1878925285,5
OVRPB,745,ok,6.7466970855,6
OVRPB,746,ok,6.4361760820,4
OVRPB,747,ok,6.5117146974,7
OVRPB,748,ok,6.2919736173,6
OVRPB,749,ok,7.1331028751,6
OVRPB,750,ok,7.3587113612,6
OVRPB,751,ok,6.6557379571,6
OVRPB,752,ok,6.7520946980,7
OVRPB,753,ok,6.1367885598,5
OVRPB,754,ok,6.3049038051,6
OVRPB,755,ok,6.6449118923,6
OVRPB,756,ok,5.7939975540,6
OVRPB,757,ok,7.0627550844,5
OVRPB,758,ok,6.2876294848,7
OVRPB,759,ok,6.5047228130,6
OVRPB,760,ok,5.7678111597,5
OVRPB,761,ok,6.4788594080,6
OVRPB,762,ok,7.1129388603,6
OVRPB,763,ok,6.9646777597,7
OVRPB,764,ok,6.9106473425,5
OVRPB,765,ok,7.0124841873,6
OVRPB,766,ok,5.7020205160,7
OVRPB,767,ok,6.7366721040,7
OVRPB,768,ok,6.9157612218,4
OVRPB,769,ok,6.7887744108,7
OVRPB,770,ok,6.4978153277,6
OVRPB,771,ok,6.8529079913,4
OVRPB,772,ok,6.9774111465,7
OVRPB,773,ok,6.4458735974,4
OVRPB,774,ok,6.6642099587,4
OVRPB,775,ok,6.7768939087,5
OVRPB,776,ok,6.9223478068,5
OVRPB,777,ok,6.0835832697,6
OVRPB,778,ok,7.0192854493,5
OVRPB,779,ok,7.8785697855,5
OVRPB,780,ok,6.1235613092,6
OVRPB,781,ok,6.4193109983,6
OVRPB,782,ok,6.8358107897,7
OVRPB,783,ok,6.7808045619,6
OVRPB,784,ok,6.8179368440,7
OVRPB,785,ok,5.8382104299,5
OVRPB,786,ok,7.2320348966,7
OVRPB,787,ok,5.6260830816,6
OVRPB,788,ok,6.2651986926,4
OVRPB,789,ok,6.8964739637,8
OVRPB,790,ok,6.6862432214,5
OVRPB,791,ok,6.0322347905,7
OVRPB,792,ok,7.0606727775,4
OVRPB,793,ok,6.7317629872,5
OVRPB,794,ok,6.2623847195,7
OVRPB,795,ok,6.3658189912,3
OVRPB,796,ok,6.2747097859,8
OVRPB,797,ok,6.5297461542,5
OVRPB,798,ok,6.3309693885,4
OVRPB,799,ok,6.4368642493,7
OVRPB,800,ok,6.1705374640,5
OVRPB,801,ok,6.6792287168,5
OVRPB,802,ok,7.1479668060,5
OVRPB,803,ok,6.7228607103,6
OVRPB,804,ok,6.0103590674,5
OVRPB,805,ok,5.8983978827,5
OVRPB,806,ok,6.7167330482,5
OVRPB,807,ok,6.6720471188,4
OVRPB,808,ok,6.5246188128,3
OVRPB,809,ok,7.0991244237,5
OVRPB,810,ok,6.0716332080,6
OVRPB,811,ok,7.1738475700,6
OVRPB,812,ok,5.3115521907,6
OVRPB,813,ok,5.8692565918,5
OVRPB,814,ok,6.3444578542,8
OVRPB,815,ok,6.0831709572,7
OVRPB,816,ok,6.9312365043,4
OVRPB,817,ok,7.1095413592,6
OVRPB,818,ok,7.0312499515,4
OVRPB,819,ok,6.0926235797,5
OVRPB,820,ok,6.4214059652,7
OVRPB,821,ok,6.4149493711,7
OVRPB,822,ok,5.7804292238,6
OVRPB,823,ok,7.1005092334,6
OVRPB,824,ok,6.9894650368,6
OVRPB,825,ok,7.0701868766,6
OVRPB,826,ok,6.5093880662,5
OVRPB,827,ok,7.3696427694,4
OVRPB,828,ok,7.0647452935,5
OVRPB,829,ok,6.1989219062,5
OVRPB,830,ok,6.8607624447,5
OVRPB,831,ok,6.4657033450,5
OVRPB,832,ok,7.3779933474,5
OVRPB,833,ok,5.9487604427,7
OVRPB,834,ok,5.8095535092,5
OVRPB,835,ok,6.4634740509,5
OVRPB,836,ok,6.0815538749,5
OVRPB,837,ok,7.5948813736,6
OVRPB,838,ok,7.6619533566,5
OVRPB,839,ok,6.5376319570,5
OVRPB,840,ok,6.4317820719,6
OVRPB,841,ok,7.3880205231,5
OVRPB,842,ok,6.1329103449,4
OVRPB,843,ok,6.1496536488,7
OVRPB,844,ok,6.6326597224,6
OVRPB,845,ok,6.6018089936,4
OVRPB,846,ok,5.9256998096,5
OVRPB,847,ok,6.7534913530,5
OVRPB,848,ok,6.7822197221,4
OVRPB,849,ok,6.2125382735,4
OVRPB,850,ok,5.7352320035,6
OVRPB,851,ok,6.0531206766,5
OVRPB,852,ok,6.5324910904,5
OVRPB,853,ok,6.6314611825,7
OVRPB,854,ok,6.3202600549,5
OVRPB,855,ok,6.3855048614,6
OVRPB,856,ok,6.3130660434,6
OVRPB,857,ok,6.4570487658,5
OVRPB,858,ok,5.9553727452,7
OVRPB,859,ok,6.0468958769,5
OVRPB,860,ok,7.7435704349,7
OVRPB,861,ok,6.2647344338,6
OVRPB,862,ok,6.1965134289,5
OVRPB,863,ok,6.0858390043,4
OVRPB,864,ok,6.6143865922,7
OVRPB,865,ok,7.1017465340,6
OVRPB,866,ok,6.9371963550,4
OVRPB,867,ok,6.6484686684,5
OVRPB,868,ok,6.3627450855,7
OVRPB,869,ok,7.1168047335,6
OVRPB,870,ok,6.6768004282,6
OVRPB,871,ok,5.8483892724,6
OVRPB,872,ok,7.0747690323,6
OVRPB,873,ok,6.4371750101,7
OVRPB,874,ok,6.7509598355,5
OVRPB,875,ok,6.4799653496,6
OVRPB,876,ok,7.6819923014,5
OVRPB,877,ok,7.0442350576,6
OVRPB,878,ok,6.4890175596,6
OVRPB,879,ok,6.7814518740,6
OVRPB,880,ok,6.8647354152,5
OVRPB,881,ok,6.2840335815,4
OVRPB,882,ok,5.5763678215,5
OVRPB,883,ok,6.3822848159,5
OVRPB,884,ok,6.9493059264,4
OVRPB,885,ok,6.9227741858,5
OVRPB,886,ok,6.2924622655,5
OVRPB,887,ok,6.3959168322,6
OVRPB,888,ok,5.8263525209,4
OVRPB,889,ok,5.7561456798,5
OVRPB,890,ok,6.0761514033,5
OVRPB,891,ok,6.9454735276,5
OVRPB,892,ok,7.9012625258,7
OVRPB,893,ok,6.8379294894,8
OVRPB,894,ok,6.2411112554,5
OVRPB,895,ok,6.2718871750,4
OVRPB,896,ok,6.1262961925,5
OVRPB,897,ok,6.7442182309,5
OVRPB,898,ok,5.4833663134,8
OVRPB,899,ok,6.4138910603,6
OVRPB,900,ok,5.8917622320,6
OVRPB,901,ok,6.1736519715,8
OVRPB,902,ok,6.2352278736,5
OVRPB,903,ok,5.8765155004,5
OVRPB,904,ok,6.3883999980,6
OVRPB,905,ok,6.7187668687,8
OVRPB,906,ok,6.0191856592,5
OVRPB,907,ok,7.6571458184,6
OVRPB,908,ok,6.4524960694,5
OVRPB,909,ok,5.9107711715,4
OVRPB,910,ok,6.8218102794,5
OVRPB,911,ok,6.5055001920,5
OVRPB,912,ok,6.1500989413,6
OVRPB,913,ok,6.8644017596,5
OVRPB,914,ok,6.0956678769,6
OVRPB,915,ok,5.4731399450,4
OVRPB,916,ok,6.7207534597,6
OVRPB,917,ok,6.0642567045,7
OVRPB,918,ok,6.1113333134,7
OVRPB,919,ok,6.0404475167,4
OVRPB,920,ok,6.5130850425,5
OVRPB,921,ok,5.8982020994,6
OVRPB,922,ok,6.0123214129,4
OVRPB,923,ok,6.7531865387,5
OVRPB,924,ok,7.1214951399,5
OVRPB,925,ok,5.8838340476,5
OVRPB,926,ok,6.2879747641,6
OVRPB,927,ok,5.7378478007,4
OVRPB,928,ok,6.5037439488,5
OVRPB,929,ok,6.2358943580,7
OVRPB,930,ok,6.5989784611,9
OVRPB,931,ok,6.8880148463,7
OVRPB,932,ok,5.7486349660,6
OVRPB,933,ok,7.0608953473,6
OVRPB,934,ok,6.2281478457,5
OVRPB,935,ok,6.8261348749,5
OVRPB,936,ok,6.0974513236,8
OVRPB,937,ok,6.4125465310,7
OVRPB,938,ok,5.9403707976,7
OVRPB,939,ok,6.4866150488,6
OVRPB,940,ok,7.1536297939,7
OVRPB,941,ok,5.8893779446,4
OVRPB,942,ok,6.8752484327,5
OVRPB,943,ok,4.9122552852,5
OVRPB,944,ok,5.9445338303,5
OVRPB,945,ok,6.0152165112,4
OVRPB,946,ok,7.2734767920,6
OVRPB,947,ok,5.9303181779,6
OVRPB,948,ok,6.1641273871,5
OVRPB,949,ok,6.4619059224,5
OVRPB,950,ok,5.6626784593,6
OVRPB,951,ok,7.0427983764,5
OVRPB,952,ok,5.8868776616,6
OVRPB,953,ok,7.1513206556,5
OVRPB,954,ok,6.4372782604,6
OVRPB,955,ok,6.9279487628,6
OVRPB,956,ok,7.4063607919,5
OVRPB,957,ok,6.9221694671,7
OVRPB,958,ok,7.0175861044,7
OVRPB,959,ok,6.2083506232,6
OVRPB,960,ok,6.3502449860,6
OVRPB,961,ok,5.8563799670,5
OVRPB,962,ok,7.5716170209,6
OVRPB,963,ok,6.6970273377,6
OVRPB,964,ok,5.4613270978,6
OVRPB,965,ok,6.1995998695,6
OVRPB,966,ok,7.2549990073,6
OVRPB,967,ok,6.3340230571,7
OVRPB,968,ok,6.4352560401,6
OVRPB,969,ok,6.7836342858,8
OVRPB,970,ok,6.7041646160,6
OVRPB,971,ok,5.9708688450,6
OVRPB,972,ok,6.0118813113,4
OVRPB,973,ok,6.6129846578,7
OVRPB,974,ok,7.0108094837,7
OVRPB,975,ok,6.6515833677,7
OVRPB,976,ok,6.6872856051,5
OVRPB,977,ok,7.0995283388,4
OVRPB,978,ok,6.5832734746,6
OVRPB,979,ok,6.8223882654,5
OVRPB,980,ok,7.4589266204,4
OVRPB,981,ok,6.0911257892,5
OVRPB,982,ok,5.6586461521,5
OVRPB,983,ok,6.1132966376,6
OVRPB,984,ok,6.3489746351,5
OVRPB,985,ok,7.4638472503,6
OVRPB,986,ok,5.9767046116,6
OVRPB,987,ok,6.4978775554,7
OVRPB,988,ok,6.7903010480,6
OVRPB,989,ok,6.0445091593,6
OVRPB,990,ok,6.2901398046,5
OVRPB,991,ok,6.2626256035,5
OVRPB,992,ok,7.7063282704,5
OVRPB,993,ok,6.1749907725,5
OVRPB,994,ok,6.9295661893,6
OVRPB,995,ok,7.4271430399,5
OVRPB,996,ok,6.2784992190,5
OVRPB,997,ok,6.2997298032,6
OVRPB,998,ok,7.3862085260,7
OVRPB,999,ok,6.5318465597,6
OVRPL,0,ok,7.8530689961,8
OVRPL,1,ok,8.3830730080,8
OVRPL,2,ok,6.5484616783,8
OVRPL,3,ok,6.7874203258,9
OVRPL,4,ok,8.2602059238,8
OVRPL,5,ok,6.2362409296,7
OVRPL,6,ok,7.6764970353,9
OVRPL,7,ok,6.9508324503,9
OVRPL,8,ok,7.4663211292,10
OVRPL,9,ok,6.7457618453,8
OVRPL,10,ok,7.2172867108,8
OVRPL,11,ok,6.4183644546,10
OVRPL,12,ok,6.6798153494,9
OVRPL,13,ok,6.4926666800,8
OVRPL,14,ok,6.6673928358,8
OVRPL,15,ok,6.2836033776,9
OVRPL,16,ok,6.5837376774,8
OVRPL,17,ok,8.2765081321,8
OVRPL,18,ok,6.9601313189,6
OVRPL,19,ok,8.3159568897,9
OVRPL,20,ok,8.1543825795,9
OVRPL,21,ok,7.9602271183,8
OVRPL,22,ok,8.4555790602,8
OVRPL,23,ok,7.9162387323,10
OVRPL,24,ok,7.1542734385,8
OVRPL,25,ok,6.6958775279,9
OVRPL,26,ok,7.1779502249,9
OVRPL,27,ok,6.5134452061,8
OVRPL,28,ok,7.6323717491,9
OVRPL,29,ok,6.5432042851,7
OVRPL,30,ok,6.5524849438,9
OVRPL,31,ok,7.2063889687,9
OVRPL,32,ok,9.1164937898,8
OVRPL,33,ok,8.3117731743,8
OVRPL,34,ok,7.3136738841,10
OVRPL,35,ok,7.7900667586,8
OVRPL,36,ok,6.6366828107,8
OVRPL,37,ok,9.0310501283,8
OVRPL,38,ok,8.0898992023,9
OVRPL,39,ok,6.9309541536,8
OVRPL,40,ok,7.3527399055,10
OVRPL,41,ok,7.1379264004,7
OVRPL,42,ok,7.0284353515,10
OVRPL,43,ok,7.9196326612,7
OVRPL,44,ok,6.3004681425,9
OVRPL,45,ok,9.0176168302,9
OVRPL,46,ok,8.1126122111,9
OVRPL,47,ok,7.1650267203,10
OVRPL,48,ok,7.4983610805,8
OVRPL,49,ok,6.5456649632,9
OVRPL,50,ok,6.7846303545,9
OVRPL,51,ok,8.0044703071,9
OVRPL,52,ok,6.0715663060,8
OVRPL,53,ok,6.6547256194,10
OVRPL,54,ok,7.7699829227,10
OVRPL,55,ok,6.5543091336,8
OVRPL,56,ok,6.8513759062,9
OVRPL,57,ok,8.1455682882,8
OVRPL,58,ok,7.2403841338,8
OVRPL,59,ok,7.2433331238,8
OVRPL,60,ok,7.7244577918,8
OVRPL,61,ok,6.2589330201,8
OVRPL,62,ok,8.0064364529,9
OVRPL,63,ok,6.6098921741,9
OVRPL,64,ok,7.2032041850,8
OVRPL,65,ok,7.7909258581,9
OVRPL,66,ok,7.6770566728,8
OVRPL,67,ok,6.9794933432,9
OVRPL,68,ok,7.0672908290,8
OVRPL,69,ok,6.7714154726,9
OVRPL,70,ok,7.1196984208,9
OVRPL,71,ok,7.0859759921,8
OVRPL,72,ok,6.3200072223,8
OVRPL,73,ok,7.7643226662,8
OVRPL,74,ok,6.8851599432,9
OVRPL,75,ok,7.6903559503,8
OVRPL,76,ok,6.6374101987,10
OVRPL,77,ok,5.8531178023,9
OVRPL,78,ok,8.3034540271,8
OVRPL,79,ok,8.2055892247,7
OVRPL,80,ok,8.1061754843,9
OVRPL,81,ok,6.4962011061,8
OVRPL,82,ok,7.5704800782,7
OVRPL,83,ok,7.0279714059,7
OVRPL,84,ok,6.8032675009,9
OVRPL,85,ok,7.2475468568,10
OVRPL,86,ok,6.5206176554,8
OVRPL,87,ok,6.6804292239,9
OVRPL,88,ok,6.1871386699,7
OVRPL,89,ok,6.6947953850,8
OVRPL,90,ok,8.2114559007,7
OVRPL,91,ok,6.8019772786,8
OVRPL,92,ok,7.1644316031,10
OVRPL,93,ok,7.2090826739,9
OVRPL,94,ok,6.3499277371,9
OVRPL,95,ok,6.7718267993,8
OVRPL,96,ok,8.0206182542,8
OVRPL,97,ok,6.8114083846,9
OVRPL,98,ok,8.1298381233,8
OVRPL,99,ok,8.0276452638,7
OVRPL,100,ok,7.2557164887,8
OVRPL,101,ok,7.3128640257,10
OVRPL,102,ok,7.0100975989,8
OVRPL,103,ok,6.1975780688,10
OVRPL,104,ok,8.7369582512,9
OVRPL,105,ok,8.1570678530,8
OVRPL,106,ok,6.9315858707,8
OVRPL,107,ok,5.8808970873,8
OVRPL,108,ok,7.8628901277,10
OVRPL,109,ok,7.1454255767,9
OVRPL,110,ok,6.0721694905,8
OVRPL,111,ok,7.5010046539,8
OVRPL,112,ok,6.2098769286,9
OVRPL,113,ok,6.2522724058,7
OVRPL,114,ok,6.6214557233,10
OVRPL,115,ok,7.1153192841,10
OVRPL,116,ok,8.3749974303,8
OVRPL,117,ok,6.4019743324,8
OVRPL,118,ok,7.3912876632,8
OVRPL,119,ok,7.0084228808,9
OVRPL,120,ok,7.7632544090,10
OVRPL,121,ok,6.8330126171,8
OVRPL,122,ok,8.1977228440,8
OVRPL,123,ok,7.6295324748,8
OVRPL,124,ok,6.7656773403,8
OVRPL,125,ok,7.8488089022,10
OVRPL,126,ok,6.9014776273,10
OVRPL,127,ok,6.6772628747,8
OVRPL,128,ok,6.0459452281,8
OVRPL,129,ok,6.4465839200,8
OVRPL,130,ok,7.2381191400,9
OVRPL,131,ok,8.2056338809,11
OVRPL,132,ok,6.2387769411,7
OVRPL,133,ok,7.2888677680,9
OVRPL,134,ok,7.7149409411,7
OVRPL,135,ok,6.6574285597,10
OVRPL,136,ok,7.8392210481,8
OVRPL,137,ok,7.3103884273,9
OVRPL,138,ok,7.4739067404,9
OVRPL,139,ok,7.1222955842,11
OVRPL,140,ok,8.7107696625,7
OVRPL,141,ok,7.2925687539,7
OVRPL,142,ok,7.9261417806,11
OVRPL,143,ok,8.0550455517,8
OVRPL,144,ok,9.2052034668,9
OVRPL,145,ok,6.9754091365,9
OVRPL,146,ok,8.0526517459,8
OVRPL,147,ok,5.9870928720,8
OVRPL,148,ok,7.3287852174,8
OVRPL,149,ok,6.5940321142,8
OVRPL,150,ok,6.8798817628,10
OVRPL,151,ok,7.3052255733,8
OVRPL,152,ok,7.9412334823,9
OVRPL,153,ok,7.1291343889,7
OVRPL,154,ok,6.6503653245,7
OVRPL,155,ok,6.0253031938,10
OVRPL,156,ok,6.6047378566,9
OVRPL,157,ok,6.9357235138,8
OVRPL,158,ok,6.8392742053,9
OVRPL,159,ok,7.2412469266,9
OVRPL,160,ok,7.3095112039,11
OVRPL,161,ok,7.2647831865,10
OVRPL,162,ok,7.9155638293,8
OVRPL,163,ok,6.8015928034,8
OVRPL,164,ok,6.5580575376,9
OVRPL,165,ok,6.1720853394,8
OVRPL,166,ok,7.2175224286,8
OVRPL,167,ok,7.7586182845,10
OVRPL,168,ok,7.4993891484,8
OVRPL,169,ok,7.7282029016,8
OVRPL,170,ok,6.2100195602,8
OVRPL,171,ok,7.1973675114,9
OVRPL,172,ok,7.1960513800,9
OVRPL,173,ok,7.6849283921,7
OVRPL,174,ok,6.5058310604,8
OVRPL,175,ok,7.7882569438,9
OVRPL,176,ok,8.2600141935,8
OVRPL,177,ok,8.0177285007,9
OVRPL,178,ok,7.4396082591,11
OVRPL,179,ok,7.3656668875,8
OVRPL,180,ok,6.9039860862,8
OVRPL,181,ok,6.8250198515,8
OVRPL,182,ok,6.8066114194,8
OVRPL,183,ok,8.5497054533,9
OVRPL,184,ok,6.3925161059,8
OVRPL,185,ok,8.1585815935,7
OVRPL,186,ok,7.0818570440,8
OVRPL,187,ok,6.9414511563,9
OVRPL,188,ok,6.4689840189,7
OVRPL,189,ok,6.0722538756,8
OVRPL,190,ok,6.6375548019,9
OVRPL,191,ok,6.2718856822,9
OVRPL,192,ok,7.7623702548,10
OVRPL,193,ok,6.5654749536,8
OVRPL,194,ok,6.0905917499,9
OVRPL,195,ok,6.4118216583,8
OVRPL,196,ok,7.0437604763,9
OVRPL,197,ok,7.3970474354,11
OVRPL,198,ok,6.6844595038,9
OVRPL,199,ok,8.7740529189,10
OVRPL,200,ok,7.4577030405,9
OVRPL,201,ok,7.1947425935,8
OVRPL,202,ok,7.6260145778,8
OVRPL,203,ok,7.8366279319,8
OVRPL,204,ok,7.8293621000,10
OVRPL,205,ok,7.3806934540,7
OVRPL,206,ok,7.5637070666,11
OVRPL,207,ok,9.2651590389,9
OVRPL,208,ok,7.0677330476,10
OVRPL,209,ok,6.9322615749,10
OVRPL,210,ok,7.4059499617,7
OVRPL,211,ok,6.4188557437,8
OVRPL,212,ok,8.2954226565,8
OVRPL,213,ok,7.9667810030,8
OVRPL,214,ok,6.7003629276,9
OVRPL,215,ok,6.6431773793,7
OVRPL,216,ok,6.8427443727,8
OVRPL,217,ok,8.0449569169,8
OVRPL,218,ok,7.8212453336,9
OVRPL,219,ok,6.0707262934,9
OVRPL,220,ok,6.1626269949,9
OVRPL,221,ok,7.6395105484,8
OVRPL,222,ok,7.0176265080,8
OVRPL,223,ok,6.8098731236,9
OVRPL,224,ok,7.5872024552,10
OVRPL,225,ok,7.9439885511,8
OVRPL,226,ok,7.5372074233,10
OVRPL,227,ok,6.5919325519,10
OVRPL,228,ok,7.4184449870,7
OVRPL,229,ok,7.6954442428,8
OVRPL,230,ok,7.2302771619,7
OVRPL,231,ok,7.0080299779,8
OVRPL,232,ok,6.5686081381,8
OVRPL,233,ok,8.7735461793,7
OVRPL,234,ok,5.8271293042,8
OVRPL,235,ok,6.8096540709,9
OVRPL,236,ok,7.1388399171,8
OVRPL,237,ok,8.6040273687,9
OVRPL,238,ok,8.2322142413,8
OVRPL,239,ok,7.3580398736,7
OVRPL,240,ok,8.1132038213,9
OVRPL,241,ok,6.3141937158,7
OVRPL,242,ok,7.0452840058,8
OVRPL,243,ok,7.1589208268,8
OVRPL,244,ok,8.0246921212,9
OVRPL,245,ok,7.2456018415,7
OVRPL,246,ok,6.9582015646,10
OVRPL,247,ok,7.2377513114,8
OVRPL,248,ok,7.8104174898,10
OVRPL,249,ok,7.2306432046,8
OVRPL,250,ok,7.4903994182,9
OVRPL,251,ok,7.1755742559,9
OVRPL,252,ok,6.7583589207,8
OVRPL,253,ok,7.6955310865,9
OVRPL,254,ok,6.1968911457,7
OVRPL,255,ok,8.4483118316,9
OVRPL,256,ok,7.1572562698,8
OVRPL,257,ok,7.9488712415,10
OVRPL,258,ok,7.5519378333,8
OVRPL,259,ok,8.2023211423,9
OVRPL,260,ok,7.3535325358,10
OVRPL,261,ok,7.1662169899,9
OVRPL,262,ok,7.3099089291,9
OVRPL,263,ok,7.1003908073,9
OVRPL,264,ok,8.2996442109,8
OVRPL,265,ok,7.1680788254,8
OVRPL,266,ok,7.1257593677,8
OVRPL,267,ok,7.3018658567,9
OVRPL,268,ok,6.8712854624,7
OVRPL,269,ok,6.9666709798,8
OVRPL,270,ok,7.0667441745,11
OVRPL,271,ok,6.5577927657,9
OVRPL,272,ok,7.7675608727,9
OVRPL,273,ok,8.2632607883,7
OVRPL,274,ok,7.6960119458,9
OVRPL,275,ok,7.2747442664,9
OVRPL,276,ok,6.1412068220,9
OVRPL,277,ok,8.9956681550,8
OVRPL,278,ok,8.0480327080,8
OVRPL,279,ok,6.0776496820,9
OVRPL,280,ok,7.0397052008,8
OVRPL,281,ok,7.5020806684,7
OVRPL,282,ok,7.3442062227,10
OVRPL,283,ok,6.6260429596,9
OVRPL,284,ok,6.8093221028,8
OVRPL,285,ok,7.2455600887,10
OVRPL,286,ok,8.1382025817,10
OVRPL,287,ok,6.1781813658,7
OVRPL,288,ok,7.1843729509,8
OVRPL,289,ok,8.2312971833,9
OVRPL,290,ok,8.3468687822,8
OVRPL,291,ok,7.6204130111,8
OVRPL,292,ok,8.3971044183,8
OVRPL,293,ok,8.1108645150,8
OVRPL,294,ok,7.4520671635,10
OVRPL,295,ok,7.4086527169,6
OVRPL,296,ok,6.7610596401,10
OVRPL,297,ok,6.7254784856,10
OVRPL,298,ok,6.8943973274,9
OVRPL,299,ok,6.9192518944,7
OVRPL,300,ok,6.4835170701,8
OVRPL,301,ok,6.6840581514,8
OVRPL,302,ok,7.4322491956,9
OVRPL,303,ok,6.6590837503,10
OVRPL,304,ok,8.0544742973,7
OVRPL,305,ok,8.0540504946,7
OVRPL,306,ok,8.1930705263,9
OVRPL,307,ok,6.9844793886,10
OVRPL,308,ok,6.1072590371,9
OVRPL,309,ok,7.4099422583,9
OVRPL,310,ok,6.5450773217,7
OVRPL,311,ok,7.0622797085,7
OVRPL,312,ok,6.6275800611,8
OVRPL,313,ok,7.4667721287,8
OVRPL,314,ok,6.9182927054,8
OVRPL,315,ok,7.9587040044,9
OVRPL,316,ok,7.0943760832,8
OVRPL,317,ok,7.3832379646,7
OVRPL,318,ok,6.4896331900,7
OVRPL,319,ok,7.6823773984,9
OVRPL,320,ok,7.9505881910,8
OVRPL,321,ok,6.4756341197,8
OVRPL,322,ok,6.9156885436,8
OVRPL,323,ok,6.3922610163,7
OVRPL,324,ok,8.0896953689,8
OVRPL,325,ok,6.5409341460,9
OVRPL,326,ok,8.5439438359,8
OVRPL,327,ok,7.1877029030,8
OVRPL,328,ok,7.6133108152,9
OVRPL,329,ok,7.9993227719,8
OVRPL,330,ok,7.6131941900,9
OVRPL,331,ok,8.3494678954,10
OVRPL,332,ok,8.1180383045,8
OVRPL,333,ok,7.7075665685,8
OVRPL,334,ok,7.3818602880,8
OVRPL,335,ok,6.8741909865,9
OVRPL,336,ok,6.2318222661,8
OVRPL,337,ok,8.2126299791,9
OVRPL,338,ok,6.8016194511,8
OVRPL,339,ok,6.5539057290,9
OVRPL,340,ok,7.2089493720,8
OVRPL,341,ok,7.8860870717,9
OVRPL,342,ok,6.5838437224,10
OVRPL,343,ok,8.0777108662,9
OVRPL,344,ok,6.8382496516,9
OVRPL,345,ok,7.1492627059,9
OVRPL,346,ok,8.6027627549,8
OVRPL,347,ok,7.1091386924,9
OVRPL,348,ok,6.4113265954,8
OVRPL,349,ok,6.7407894997,8
OVRPL,350,ok,6.5066175812,9
OVRPL,351,ok,8.2389420609,10
OVRPL,352,ok,6.6278701486,10
OVRPL,353,ok,8.7019692674,9
OVRPL,354,ok,8.4230687327,8
OVRPL,355,ok,7.1628673137,8
OVRPL,356,ok,6.4510429862,9
OVRPL,357,ok,7.1263754352,10
OVRPL,358,ok,7.3809714893,10
OVRPL,359,ok,6.4532267105,9
OVRPL,360,ok,6.2102671598,8
OVRPL,361,ok,6.7502008823,7
OVRPL,362,ok,7.3953615677,7
OVRPL,363,ok,6.3229383144,9
OVRPL,364,ok,7.8066952981,9
OVRPL,365,ok,7.2151134034,11
OVRPL,366,ok,6.7999238162,8
OVRPL,367,ok,7.6874713934,8
OVRPL,368,ok,6.9036886576,8
OVRPL,369,ok,8.1621934362,9
OVRPL,370,ok,6.8653752732,10
OVRPL,371,ok,7.1134531775,10
OVRPL,372,ok,7.3165945560,9
OVRPL,373,ok,6.5874450763,8
OVRPL,374,ok,7.2306916143,9
OVRPL,375,ok,6.9290044026,7
OVRPL,376,ok,5.9120314620,7
OVRPL,377,ok,9.3157615811,8
OVRPL,378,ok,8.4872261131,9
OVRPL,379,ok,6.6803549966,10
OVRPL,380,ok,6.3710208316,8
OVRPL,381,ok,6.1810385692,10
OVRPL,382,ok,8.3634984206,9
OVRPL,383,ok,7.8895360399,8
OVRPL,384,ok,7.3133543841,10
OVRPL,385,ok,7.5947312223,9
OVRPL,386,ok,6.9205653656,9
OVRPL,387,ok,7.8680728867,7
OVRPL,388,ok,7.5937624631,8
OVRPL,389,ok,7.9296545036,8
OVRPL,390,ok,8.2134449431,8
OVRPL,391,ok,6.6970095479,8
OVRPL,392,ok,6.7361327072,8
OVRPL,393,ok,7.7268045657,9
OVRPL,394,ok,6.7357589708,8
OVRPL,395,ok,7.1095933853,9
OVRPL,396,ok,8.2798489042,11
OVRPL,397,ok,7.8856947647,9
OVRPL,398,ok,8.1651904706,9
OVRPL,399,ok,6.6143396974,8
OVRPL,400,ok,8.1086907919,8
OVRPL,401,ok,7.6980645432,8
OVRPL,402,ok,7.0809786300,9
OVRPL,403,ok,8.9892862141,8
OVRPL,404,ok,7.3293674501,10
OVRPL,405,ok,7.4269535636,9
OVRPL,406,ok,7.5366924091,10
OVRPL,407,ok,7.8306200746,7
OVRPL,408,ok,6.8872665569,12
OVRPL,409,ok,6.0507099933,8
OVRPL,410,ok,7.6646292939,8
OVRPL,411,ok,7.2881257669,12
OVRPL,412,ok,7.9502601519,7
OVRPL,413,ok,7.7091640909,8
OVRPL,414,ok,8.1535359318,9
OVRPL,415,ok,6.2666757363,9
OVRPL,416,ok,6.4772008756,9
OVRPL,417,ok,6.0187975241,7
OVRPL,418,ok,8.6637731741,9
OVRPL,419,ok,7.2554969216,9
OVRPL,420,ok,6.9726792377,7
OVRPL,421,ok,7.5783195141,9
OVRPL,422,ok,6.8031107840,8
OVRPL,423,ok,7.9950079855,9
OVRPL,424,ok,7.6502714018,8
OVRPL,425,ok,6.7400069131,7
OVRPL,426,ok,6.5480031984,9
OVRPL,427,ok,7.1754257096,9
OVRPL,428,ok,7.8424201935,8
OVRPL,429,ok,7.4804655054,9
OVRPL,430,ok,7.5391856291,7
OVRPL,431,ok,7.7260571424,7
OVRPL,432,ok,7.3902411460,8
OVRPL,433,ok,7.3227687049,10
OVRPL,434,ok,6.8835576717,7
OVRPL,435,ok,6.6456066952,8
OVRPL,436,ok,6.7957923204,9
OVRPL,437,ok,6.4515615820,10
OVRPL,438,ok,7.4775476221,9
OVRPL,439,ok,7.7153927468,9
OVRPL,440,ok,7.4616952645,7
OVRPL,441,ok,5.8675267600,8
OVRPL,442,ok,8.4423374569,8
OVRPL,443,ok,6.7283560573,9
OVRPL,444,ok,7.8235893710,9
OVRPL,445,ok,8.5519343434,7
OVRPL,446,ok,7.0289244625,9
OVRPL,447,ok,8.2249305281,7
OVRPL,448,ok,7.1114515770,10
OVRPL,449,ok,7.0552064660,9
OVRPL,450,ok,7.2337283846,8
OVRPL,451,ok,7.0045531464,9
OVRPL,452,ok,7.5474686587,11
OVRPL,453,ok,7.7874831998,8
OVRPL,454,ok,7.4468924451,10
OVRPL,455,ok,7.7085831844,8
OVRPL,456,ok,6.0641929685,8
OVRPL,457,ok,8.4873726043,8
OVRPL,458,ok,6.3155085899,7
OVRPL,459,ok,6.3764538827,9
OVRPL,460,ok,6.2853075125,11
OVRPL,461,ok,8.1056229288,7
OVRPL,462,ok,7.5890599137,8
OVRPL,463,ok,8.6763565314,9
OVRPL,464,ok,8.7160722781,9
OVRPL,465,ok,6.8578750378,8
OVRPL,466,ok,7.5334266364,8
OVRPL,467,ok,6.7926856608,9
OVRPL,468,ok,7.9566077585,9
OVRPL,469,ok,6.4022613217,8
OVRPL,470,ok,6.7581103675,9
OVRPL,471,ok,6.2930292779,11
OVRPL,472,ok,7.9584853442,10
OVRPL,473,ok,6.7999840288,9
OVRPL,474,ok,6.4676791690,9
OVRPL,475,ok,8.5403284235,9
OVRPL,476,ok,6.8709118094,8
OVRPL,477,ok,7.7081369515,7
OVRPL,478,ok,6.2370553891,9
OVRPL,479,ok,6.5373195095,7
OVRPL,480,ok,6.7244318444,8
OVRPL,481,ok,6.4043240922,9
OVRPL,482,ok,6.4716462409,9
OVRPL,483,ok,7.3685739867,9
OVRPL,484,ok,8.3880284697,9
OVRPL,485,ok,8.6656005500,9
OVRPL,486,ok,6.8644492418,10
OVRPL,487,ok,7.0768282466,10
OVRPL,488,ok,7.2098506240,8
OVRPL,489,ok,7.3294733197,8
OVRPL,490,ok,7.2600955022,9
OVRPL,491,ok,7.2485505771,8
OVRPL,492,ok,6.1610250253,7
OVRPL,493,ok,7.7204462368,9
OVRPL,494,ok,6.9031007323,10
OVRPL,495,ok,7.0485462310,8
OVRPL,496,ok,7.3666026071,9
OVRPL,497,ok,7.9650674236,9
OVRPL,498,ok,7.1475565660,9
OVRPL,499,ok,7.7688366903,8
OVRPL,500,ok,7.1085711829,8
OVRPL,501,ok,7.9935763572,10
OVRPL,502,ok,8.9084492436,8
OVRPL,503,ok,7.4539694990,9
OVRPL,504,ok,6.6848990837,9
OVRPL,505,ok,6.6346861329,9
OVRPL,506,ok,7.3404070637,9
OVRPL,507,ok,8.0041366691,9
OVRPL,508,ok,7.6471194697,8
OVRPL,509,ok,8.3170499391,9
OVRPL,510,ok,7.5876552014,7
OVRPL,511,ok,7.7138375870,8
OVRPL,512,ok,6.9127012667,9
OVRPL,513,ok,6.8132360640,9
OVRPL,514,ok,6.4130937432,10
OVRPL,515,ok,6.3601650341,8
OVRPL,516,ok,6.1646673610,9
OVRPL,517,ok,5.7340371545,7
OVRPL,518,ok,5.6569818943,7
OVRPL,519,ok,7.4399702006,8
OVRPL,520,ok,7.5376698456,8
OVRPL,521,ok,6.9945833862,8
OVRPL,522,ok,6.2024673482,9
OVRPL,523,ok,8.1268855060,9
OVRPL,524,ok,7.5403532061,8
OVRPL,525,ok,6.7904172883,7
OVRPL,526,ok,7.3376663117,8
OVRPL,527,ok,6.2123386216,8
OVRPL,528,ok,7.8228537036,9
OVRPL,529,ok,7.2000112541,9
OVRPL,530,ok,5.7850415713,9
OVRPL,531,ok,7.8914257968,7
OVRPL,532,ok,6.1412471809,9
OVRPL,533,ok,6.3092589129,9
OVRPL,534,ok,7.7142235016,8
OVRPL,535,ok,6.4755414919,9
OVRPL,536,ok,6.3991273740,9
OVRPL,537,ok,7.2317421130,9
OVRPL,538,ok,7.4536217495,9
OVRPL,539,ok,8.7109378947,9
OVRPL,540,ok,7.1287676379,8
OVRPL,541,ok,6.3645575274,9
OVRPL,542,ok,6.6462282810,9
OVRPL,543,ok,7.6731421186,8
OVRPL,544,ok,7.8565169897,9
OVRPL,545,ok,9.3296550152,9
OVRPL,546,ok,8.4239166736,9
OVRPL,547,ok,7.0292777817,11
OVRPL,548,ok,7.7203581267,9
OVRPL,549,ok,6.7579618975,9
OVRPL,550,ok,7.4885230815,10
OVRPL,551,ok,6.2724607974,8
OVRPL,552,ok,7.4432610352,11
OVRPL,553,ok,6.9858193267,9
OVRPL,554,ok,7.7880479912,9
OVRPL,555,ok,6.4412103071,8
OVRPL,556,ok,7.4165001984,8
OVRPL,557,ok,6.4072004534,9
OVRPL,558,ok,6.4265361660,9
OVRPL,559,ok,7.0030159682,9
OVRPL,560,ok,7.4632695688,11
OVRPL,561,ok,8.6519047066,8
OVRPL,562,ok,7.2416857760,8
OVRPL,563,ok,6.9200893809,10
OVRPL,564,ok,7.3842674123,10
OVRPL,565,ok,7.3215684529,10
OVRPL,566,ok,6.3936430646,10
OVRPL,567,ok,7.4252109046,9
OVRPL,568,ok,7.1554457831,9
OVRPL,569,ok,8.0999237764,10
OVRPL,570,ok,6.8067630036,11
OVRPL,571,ok,6.8179411980,8
OVRPL,572,ok,7.1774081289,7
OVRPL,573,ok,7.2743016732,10
OVRPL,574,ok,6.8933712802,9
OVRPL,575,ok,6.7358972432,9
OVRPL,576,ok,7.8817509832,8
OVRPL,577,ok,6.4155494233,8
OVRPL,578,ok,7.3683190455,10
OVRPL,579,ok,6.8479830753,8
OVRPL,580,ok,8.6384464011,9
OVRPL,581,ok,6.3897146764,10
OVRPL,582,ok,6.7370102896,7
OVRPL,583,ok,6.3997176747,8
OVRPL,584,ok,8.6029056556,8
OVRPL,585,ok,7.7022686733,8
OVRPL,586,ok,6.4622195214,9
OVRPL,587,ok,8.9852565119,8
OVRPL,588,ok,7.0930695454,9
OVRPL,589,ok,7.3734203676,7
OVRPL,590,ok,6.3383389088,9
OVRPL,591,ok,6.3972044011,10
OVRPL,592,ok,7.0233659627,8
OVRPL,593,ok,7.8505280285,8
OVRPL,594,ok,6.9731909115,9
OVRPL,595,ok,7.8297097348,8
OVRPL,596,ok,5.8315465051,8
OVRPL,597,ok,7.5271259441,9
OVRPL,598,ok,6.6085264581,9
OVRPL,599,ok,7.2301581139,9
OVRPL,600,ok,6.7480032546,7
OVRPL,601,ok,8.1851565576,9
OVRPL,602,ok,8.3896662824,8
OVRPL,603,ok,6.9987714427,9
OVRPL,604,ok,6.9633457949,8
OVRPL,605,ok,7.3226976994,8
OVRPL,606,ok,5.5317156661,9
OVRPL,607,ok,6.6366148243,10
OVRPL,608,ok,7.2175844113,8
OVRPL,609,ok,8.6749820763,7
OVRPL,610,ok,6.9171733424,7
OVRPL,611,ok,7.4603422335,8
OVRPL,612,ok,7.1379254123,9
OVRPL,613,ok,6.4580797103,9
OVRPL,614,ok,6.7211627410,8
OVRPL,615,ok,6.1156063834,9
OVRPL,616,ok,6.8242239874,8
OVRPL,617,ok,8.4473663642,9
OVRPL,618,ok,6.7212732443,8
OVRPL,619,ok,7.1516135396,8
OVRPL,620,ok,6.1111439664,7
OVRPL,621,ok,6.5778714461,9
OVRPL,622,ok,7.7558733012,10
OVRPL,623,ok,7.1178249475,9
OVRPL,624,ok,7.2462900479,8
OVRPL,625,ok,7.9899619057,8
OVRPL,626,ok,6.0246032657,8
OVRPL,627,ok,6.4064924832,8
OVRPL,628,ok,6.9445033519,7
OVRPL,629,ok,6.7639495923,9
OVRPL,630,ok,6.9590603043,8
OVRPL,631,ok,6.5781001304,7
OVRPL,632,ok,7.7696795838,8
OVRPL,633,ok,8.9769555190,9
OVRPL,634,ok,7.1730759828,8
OVRPL,635,ok,9.0961795880,8
OVRPL,636,ok,7.4851868695,8
OVRPL,637,ok,6.9683887548,9
OVRPL,638,ok,7.3108917327,8
OVRPL,639,ok,6.7847079947,8
OVRPL,640,ok,6.5054160182,9
OVRPL,641,ok,7.0412726875,10
OVRPL,642,ok,7.8362136295,6
OVRPL,643,ok,6.2708324073,10
OVRPL,644,ok,7.2044435166,9
OVRPL,645,ok,7.3076419570,10
OVRPL,646,ok,6.7303180882,9
OVRPL,647,ok,6.7504608689,7
OVRPL,648,ok,6.9740162642,10
OVRPL,649,ok,7.3683860153,9
OVRPL,650,ok,6.5214523143,8
OVRPL,651,ok,6.9744584687,8
OVRPL,652,ok,6.9651537205,8
OVRPL,653,ok,7.1239530569,9
OVRPL,654,ok,7.1361154876,9
OVRPL,655,ok,7.0637800288,7
OVRPL,656,ok,6.0412198140,9
OVRPL,657,ok,7.1658108930,9
OVRPL,658,ok,6.8794310301,10
OVRPL,659,ok,7.9561416667,8
OVRPL,660,ok,7.4506843042,8
OVRPL,661,ok,6.9407198258,10
OVRPL,662,ok,7.8328200751,9
OVRPL,663,ok,6.4644533433,8
OVRPL,664,ok,9.3947961349,7
OVRPL,665,ok,6.4750363879,10
OVRPL,666,ok,6.6981160710,10
OVRPL,667,ok,6.3568481631,9
OVRPL,668,ok,7.2491418430,8
OVRPL,669,ok,7.0547927472,9
OVRPL,670,ok,7.2884394125,8
OVRPL,671,ok,7.6156184574,9
OVRPL,672,ok,7.9444446149,8
OVRPL,673,ok,7.6932594009,10
OVRPL,674,ok,7.5158070586,8
OVRPL,675,ok,7.3013530080,8
OVRPL,676,ok,6.8808583415,7
OVRPL,677,ok,6.8603411215,10
OVRPL,678,ok,6.5496748071,8
OVRPL,679,ok,7.7172311011,7
OVRPL,680,ok,6.9017027364,7
OVRPL,681,ok,6.1263382701,9
OVRPL,682,ok,7.4435723561,9
OVRPL,683,ok,7.0829188003,9
OVRPL,684,ok,7.2294202799,9
OVRPL,685,ok,7.3168210099,8
OVRPL,686,ok,6.8058240871,9
OVRPL,687,ok,6.3658590601,7
OVRPL,688,ok,6.6531607724,9
OVRPL,689,ok,8.1743758334,10
OVRPL,690,ok,6.7363042986,8
OVRPL,691,ok,7.9435425534,9
OVRPL,692,ok,6.5500089067,9
OVRPL,693,ok,6.3750394502,9
OVRPL,694,ok,6.9644033371,8
OVRPL,695,ok,6.9807968727,11
OVRPL,696,ok,6.7267958601,8
OVRPL,697,ok,6.9611481392,7
OVRPL,698,ok,7.0030607202,8
OVRPL,699,ok,7.7559458404,9
OVRPL,700,ok,7.1359646511,8
OVRPL,701,ok,7.6071406184,10
OVRPL,702,ok,7.1796160404,8
OVRPL,703,ok,6.9804024225,10
OVRPL,704,ok,8.7612193691,8
OVRPL,705,ok,7.9969203385,8
OVRPL,706,ok,7.6550226377,8
OVRPL,707,ok,6.5415595258,8
OVRPL,708,ok,7.2715277143,9
OVRPL,709,ok,7.6247953253,9
OVRPL,710,ok,6.0429232153,8
OVRPL,711,ok,7.5522966096,8
OVRPL,712,ok,8.5583145756,9
OVRPL,713,ok,6.7960699095,9
OVRPL,714,ok,7.0980190228,8
OVRPL,715,ok,6.4585969640,8
OVRPL,716,ok,8.0210910587,9
OVRPL,717,ok,7.0889873014,10
OVRPL,718,ok,7.5609376251,8
OVRPL,719,ok,7.4299305337,10
OVRPL,720,ok,7.6349036153,9
OVRPL,721,ok,9.0249385171,11
OVRPL,722,ok,7.6978775338,8
OVRPL,723,ok,8.4567363971,8
OVRPL,724,ok,6.4387306635,8
OVRPL,725,ok,7.9192029297,9
OVRPL,726,ok,7.0398990477,9
OVRPL,727,ok,7.1412381470,9
OVRPL,728,ok,6.6148184479,9
OVRPL,729,ok,8.3703540830,8
OVRPL,730,ok,8.8885447781,8
OVRPL,731,ok,6.8347605734,7
OVRPL,732,ok,7.0009794298,8
OVRPL,733,ok,6.2877969219,8
OVRPL,734,ok,7.6708008271,8
OVRPL,735,ok,6.0479501075,8
OVRPL,736,ok,8.4896604737,8
OVRPL,737,ok,6.2140598428,8
OVRPL,738,ok,7.2178304053,9
OVRPL,739,ok,7.1265806020,10
OVRPL,740,ok,7.9294970118,9
OVRPL,741,ok,6.3638220081,9
OVRPL,742,ok,7.6370589722,7
OVRPL,743,ok,7.2274782352,9
OVRPL,744,ok,7.5528487857,8
OVRPL,745,ok,6.8135898454,9
OVRPL,746,ok,7.4003890052,9
OVRPL,747,ok,6.5747690523,9
OVRPL,748,ok,7.0340303223,8
OVRPL,749,ok,8.0212915808,10
OVRPL,750,ok,7.6691467401,8
OVRPL,751,ok,8.5497979248,8
OVRPL,752,ok,7.6113252355,8
OVRPL,753,ok,7.1955079939,10
OVRPL,754,ok,7.2385694303,9
OVRPL,755,ok,6.8871742931,9
OVRPL,756,ok,6.4678032666,8
OVRPL,757,ok,7.7799875446,8
OVRPL,758,ok,7.4673021184,8
OVRPL,759,ok,8.2040082897,8
OVRPL,760,ok,7.2720027327,9
OVRPL,761,ok,7.6933852206,8
OVRPL,762,ok,8.0895938759,8
OVRPL,763,ok,7.6935189964,10
OVRPL,764,ok,7.6093172798,9
OVRPL,765,ok,6.4777316623,9
OVRPL,766,ok,5.8008336849,8
OVRPL,767,ok,6.7335685856,8
OVRPL,768,ok,7.0897751040,10
OVRPL,769,ok,7.7247043471,7
OVRPL,770,ok,7.4682388466,9
OVRPL,771,ok,6.7871101822,8
OVRPL,772,ok,7.3749256854,9
OVRPL,773,ok,7.4405486862,9
OVRPL,774,ok,6.9874079527,9
OVRPL,775,ok,7.2819261923,9
OVRPL,776,ok,7.0039885782,10
OVRPL,777,ok,7.3589306345,7
OVRPL,778,ok,6.2859826697,7
OVRPL,779,ok,7.4314231144,10
OVRPL,780,ok,7.9387901550,9
OVRPL,781,ok,8.1844688787,8
OVRPL,782,ok,7.3429965673,8
OVRPL,783,ok,7.7126559255,6
OVRPL,784,ok,7.6218364302,9
OVRPL,785,ok,8.8681814975,9
OVRPL,786,ok,8.1716272818,7
OVRPL,787,ok,7.2183224583,9
OVRPL,788,ok,6.8170918076,8
OVRPL,789,ok,7.3606218954,7
OVRPL,790,ok,5.7260809685,9
OVRPL,791,ok,7.9110766612,9
OVRPL,792,ok,6.5514859183,8
OVRPL,793,ok,7.3804574482,8
OVRPL,794,ok,6.5922164374,9
OVRPL,795,ok,8.1994127524,10
OVRPL,796,ok,6.2002837968,9
OVRPL,797,ok,7.6469118007,10
OVRPL,798,ok,6.6373003061,8
OVRPL,799,ok,7.1321686906,9
OVRPL,800,ok,8.2836210689,8
OVRPL,801,ok,7.3370856864,9
OVRPL,802,ok,6.7355411896,9
OVRPL,803,ok,7.2809072629,10
OVRPL,804,ok,8.6363791871,10
OVRPL,805,ok,7.2015338810,10
OVRPL,806,ok,6.8041172894,8
OVRPL,807,ok,7.4455954206,8
OVRPL,808,ok,7.5647330413,9
OVRPL,809,ok,6.1511948565,9
OVRPL,810,ok,6.6959661145,8
OVRPL,811,ok,6.1199445957,9
OVRPL,812,ok,7.4378560039,7
OVRPL,813,ok,7.6650954774,10
OVRPL,814,ok,6.6731464849,8
OVRPL,815,ok,7.5068436640,9
OVRPL,816,ok,7.7186783784,9
OVRPL,817,ok,7.0942296264,8
OVRPL,818,ok,7.6903115944,9
OVRPL,819,ok,7.6340653845,9
OVRPL,820,ok,6.4991589588,8
OVRPL,821,ok,8.6017390154,8
OVRPL,822,ok,7.9397041643,7
OVRPL,823,ok,7.5097449188,9
OVRPL,824,ok,6.5772537150,9
OVRPL,825,ok,7.7932373105,8
OVRPL,826,ok,8.3270238323,9
OVRPL,827,ok,7.0692871748,9
OVRPL,828,ok,7.8549505304,9
OVRPL,829,ok,7.4873857320,10
OVRPL,830,ok,6.3242586964,8
OVRPL,831,ok,6.7952686200,7
OVRPL,832,ok,6.5514470864,9
OVRPL,833,ok,6.6851373151,8
OVRPL,834,ok,7.7539522479,10
OVRPL,835,ok,6.6317889336,10
OVRPL,836,ok,6.9646011027,10
OVRPL,837,ok,6.2968512469,9
OVRPL,838,ok,6.5537844246,7
OVRPL,839,ok,8.1349796803,10
OVRPL,840,ok,6.1597577544,9
OVRPL,841,ok,6.7077884109,9
OVRPL,842,ok,6.7798075645,9
OVRPL,843,ok,7.5651757220,8
OVRPL,844,ok,7.3111694273,9
OVRPL,845,ok,7.4015441443,7
OVRPL,846,ok,6.4096666064,8
OVRPL,847,ok,7.2213151016,7
OVRPL,848,ok,6.9708776188,9
OVRPL,849,ok,7.0704107170,8
OVRPL,850,ok,6.4918048460,9
OVRPL,851,ok,6.5908211545,8
OVRPL,852,ok,6.6917858482,8
OVRPL,853,ok,6.8712351409,8
OVRPL,854,ok,6.0900161773,8
OVRPL,855,ok,7.5988838007,10
OVRPL,856,ok,6.6444419914,8
OVRPL,857,ok,7.4702871669,10
OVRPL,858,ok,6.4238306611,9
OVRPL,859,ok,7.2321217435,7
OVRPL,860,ok,6.6518729906,8
OVRPL,861,ok,8.8405534938,7
OVRPL,862,ok,7.1938318657,7
OVRPL,863,ok,8.1523804006,10
OVRPL,864,ok,7.7492348968,12
OVRPL,865,ok,7.0654452508,9
OVRPL,866,ok,6.8636608573,8
OVRPL,867,ok,7.8719394337,7
OVRPL,868,ok,8.3830348239,9
OVRPL,869,ok,7.9596798198,7
OVRPL,870,ok,6.9589906150,9
OVRPL,871,ok,7.1902601760,9
OVRPL,872,ok,7.2445245912,8
OVRPL,873,ok,6.1709772821,6
OVRPL,874,ok,7.3954884751,8
OVRPL,875,ok,7.4084996312,7
OVRPL,876,ok,6.7858756959,9
OVRPL,877,ok,7.8848693966,10
OVRPL,878,ok,6.1704969494,8
OVRPL,879,ok,6.9718269835,9
OVRPL,880,ok,7.0891354566,11
OVRPL,881,ok,7.0126259396,9
OVRPL,882,ok,7.4918597855,8
OVRPL,883,ok,7.9969093282,10
OVRPL,884,ok,7.8362653023,9
OVRPL,885,ok,7.2157266002,10
OVRPL,886,ok,6.9041480649,9
OVRPL,887,ok,7.9020930958,8
OVRPL,888,ok,6.5724313659,9
OVRPL,889,ok,6.4155141126,10
OVRPL,890,ok,7.9253337346,9
OVRPL,891,ok,6.5352208749,9
OVRPL,892,ok,6.4796704448,7
OVRPL,893,ok,6.1625450600,10
OVRPL,894,ok,6.6492361540,9
OVRPL,895,ok,6.3658823853,8
OVRPL,896,ok,7.1843479126,8
OVRPL,897,ok,6.1317358797,7
OVRPL,898,ok,6.5925828770,9
OVRPL,899,ok,6.9791518627,7
OVRPL,900,ok,8.2298067756,10
OVRPL,901,ok,7.7069612597,7
OVRPL,902,ok,6.8647455833,8
OVRPL,903,ok,7.2182958381,8
OVRPL,904,ok,8.0384169295,9
OVRPL,905,ok,7.5779622158,10
OVRPL,906,ok,7.0115744841,9
OVRPL,907,ok,8.6131112898,9
OVRPL,908,ok,6.2140486547,9
OVRPL,909,ok,7.2887666914,7
OVRPL,910,ok,7.9286659434,8
OVRPL,911,ok,6.5660451795,10
OVRPL,912,ok,6.2645029566,8
OVRPL,913,ok,7.1159685895,10
OVRPL,914,ok,8.9636248782,9
OVRPL,915,ok,8.3275225527,9
OVRPL,916,ok,6.8610553307,9
OVRPL,917,ok,8.1068847136,8
OVRPL,918,ok,7.1280748316,9
OVRPL,919,ok,7.0119425951,8
OVRPL,920,ok,7.3547706080,9
OVRPL,921,ok,8.5728652600,8
OVRPL,922,ok,7.1463270481,8
OVRPL,923,ok,7.0415537653,8
OVRPL,924,ok,6.4702510582,8
OVRPL,925,ok,6.5370127473,7
OVRPL,926,ok,7.1174805005,7
OVRPL,927,ok,8.1447340121,8
OVRPL,928,ok,6.3676155806,9
OVRPL,929,ok,6.4496142019,9
OVRPL,930,ok,6.9259489462,7
OVRPL,931,ok,7.0977413721,11
OVRPL,932,ok,6.2408113724,9
OVRPL,933,ok,6.5277078046,8
OVRPL,934,ok,7.6634587112,9
OVRPL,935,ok,7.1767204677,7
OVRPL,936,ok,6.7947612401,9
OVRPL,937,ok,6.9567992349,9
OVRPL,938,ok,7.8910649629,9
OVRPL,939,ok,7.0053418102,10
OVRPL,940,ok,7.8593174812,8
OVRPL,941,ok,6.9092559371,9
OVRPL,942,ok,6.5027991505,10
OVRPL,943,ok,7.7859534642,8
OVRPL,944,ok,6.6212905835,8
OVRPL,945,ok,7.3611122845,8
OVRPL,946,ok,6.9728910430,8
OVRPL,947,ok,6.7409871102,7
OVRPL,948,ok,7.1192408009,8
OVRPL,949,ok,5.9471356330,8
OVRPL,950,ok,8.4962205860,8
OVRPL,951,ok,7.9639829869,9
OVRPL,952,ok,8.4481735868,8
OVRPL,953,ok,7.7400271820,8
OVRPL,954,ok,8.1693948492,9
OVRPL,955,ok,6.2025332970,7
OVRPL,956,ok,7.6166096763,8
OVRPL,957,ok,6.6554953093,9
OVRPL,958,ok,6.7512065006,8
OVRPL,959,ok,6.9106888882,9
OVRPL,960,ok,5.9413987683,9
OVRPL,961,ok,8.1614663198,8
OVRPL,962,ok,6.9690195947,8
OVRPL,963,ok,7.9174514724,9
OVRPL,964,ok,6.9282966405,8
OVRPL,965,ok,7.0291429277,8
OVRPL,966,ok,7.6107458437,8
OVRPL,967,ok,7.1241614448,9
OVRPL,968,ok,6.8829934846,9
OVRPL,969,ok,7.0702353738,10
OVRPL,970,ok,7.3491942322,8
OVRPL,971,ok,6.9954435151,10
OVRPL,972,ok,8.0022164271,10
OVRPL,973,ok,7.3302677132,10
OVRPL,974,ok,7.8167455420,9
OVRPL,975,ok,6.8112998610,8
OVRPL,976,ok,6.3673908687,9
OVRPL,977,ok,7.6425378171,8
OVRPL,978,ok,7.7933925999,9
OVRPL,979,ok,6.5008220110,9
OVRPL,980,ok,6.0339932035,9
OVRPL,981,ok,7.2182406855,9
OVRPL,982,ok,7.3022736910,8
OVRPL,983,ok,6.5300776367,8
OVRPL,984,ok,7.4446271527,9
OVRPL,985,ok,7.2660891456,9
OVRPL,986,ok,7.5250119821,9
OVRPL,987,ok,7.2026356559,10
OVRPL,988,ok,7.5524963670,9
OVRPL,989,ok,7.1566491607,8
OVRPL,990,ok,6.7516554199,9
OVRPL,991,ok,8.1050884729,10
OVRPL,992,ok,6.9267891548,9
OVRPL,993,ok,7.1137418003,7
OVRPL,994,ok,7.1624424218,8
OVRPL,995,ok,6.2008608218,9
OVRPL,996,ok,7.7037655991,8
OVRPL,997,ok,6.6713579964,9
OVRPL,998,ok,8.2912026590,10
OVRPL,999,ok,6.2196659761,9
VRPBL,0,ok,7.4149465144,4
VRPBL,1,ok,7.2455532730,5
VRPBL,2,ok,9.8694878781,5
VRPBL,3,ok,9.5260982718,6
VRPBL,4,ok,8.6720105294,4
VRPBL,5,ok,9.5888583229,5
VRPBL,6,ok,8.0139244972,5
VRPBL,7,ok,7.7336596025,5
VRPBL,8,ok,7.1504186343,4
VRPBL,9,ok,8.5248240270,5
VRPBL,10,ok,8.3371552162,6
VRPBL,11,ok,7.5461050813,5
VRPBL,12,ok,8.6364634109,6
VRPBL,13,ok,8.8396251816,4
VRPBL,14,ok,8.3395136389,4
VRPBL,15,ok,9.2768848453,4
VRPBL,16,ok,8.7734325703,5
VRPBL,17,ok,7.1883529792,4
VRPBL,18,ok,7.2960154271,4
VRPBL,19,ok,8.4616020461,5
VRPBL,20,ok,10.3256444782,6
VRPBL,21,ok,8.6319352945,5
VRPBL,22,ok,8.2148234120,5
VRPBL,23,ok,6.8332314047,4
VRPBL,24,ok,8.5139672189,5
VRPBL,25,ok,7.5099998777,4
VRPBL,26,ok,10.0355867732,5
VRPBL,27,ok,8.6067796442,4
VRPBL,28,ok,7.9829605494,5
VRPBL,29,ok,6.8723836447,4
VRPBL,30,ok,7.7709424078,4
VRPBL,31,ok,8.8139181896,4
VRPBL,32,ok,8.3032521374,5
VRPBL,33,ok,8.1243864709,5
VRPBL,34,ok,8.5217042430,4
VRPBL,35,ok,8.6897826989,5
VRPBL,36,ok,8.9079546394,5
VRPBL,37,ok,8.4547152325,4
VRPBL,38,ok,7.2399804628,4
VRPBL,39,ok,7.6032230259,3
VRPBL,40,ok,8.7779830474,4
VRPBL,41,ok,8.3603873567,6
VRPBL,42,ok,8.0398780108,5
VRPBL,43,ok,8.0854812922,5
VRPBL,44,ok,9.8506847593,5
VRPBL,45,ok,9.7655110932,5
VRPBL,46,ok,8.7639448547,5
VRPBL,47,ok,7.3517889124,4
VRPBL,48,ok,8.4509988778,4
VRPBL,49,ok,7.5424291322,4
VRPBL,50,ok,8.0562493311,4
VRPBL,51,ok,9.5836529138,5
VRPBL,52,ok,8.8585257676,4
VRPBL,53,ok,8.5209502417,5
VRPBL,54,ok,7.5142964351,4
VRPBL,55,ok,9.3759598222,6
VRPBL,56,ok,9.2630578167,5
VRPBL,57,ok,9.6132354628,5
VRPBL,58,ok,7.9887413761,5
VRPBL,59,ok,9.5197559892,4
VRPBL,60,ok,8.3810540034,4
VRPBL,61,ok,8.5453728088,4
VRPBL,62,ok,9.7285949059,5
VRPBL,63,ok,9.4101734531,4
VRPBL,64,ok,7.9319721054,4
VRPBL,65,ok,9.3256669441,5
VRPBL,66,ok,8.5106892420,5
VRPBL,67,ok,8.4903284728,6
VRPBL,68,ok,9.4072003592,5
VRPBL,69,ok,7.8089822083,5
VRPBL,70,ok,10.3809495419,5
VRPBL,71,ok,9.3349379414,5
VRPBL,72,ok,7.3032407375,5
VRPBL,73,ok,10.1914464310,5
VRPBL,74,ok,9.5166195391,4
VRPBL,75,ok,7.6239711287,5
VRPBL,76,ok,9.0376705636,5
VRPBL,77,ok,8.4214236498,4
VRPBL,78,ok,7.9093077260,5
VRPBL,79,ok,8.9081701499,5
VRPBL,80,ok,7.5868568464,5
VRPBL,81,ok,8.7284322702,4
VRPBL,82,ok,9.2405621205,4
VRPBL,83,ok,7.9559749487,4
VRPBL,84,ok,8.1415682343,5
VRPBL,85,ok,7.9073979530,4
VRPBL,86,ok,7.8599141008,4
VRPBL,87,ok,8.1947870938,4
VRPBL,88,ok,7.6485118684,5
VRPBL,89,ok,8.3840436512,4
VRPBL,90,ok,8.1072643377,4
VRPBL,91,ok,8.1534042323,4
VRPBL,92,ok,8.5650359621,4
VRPBL,93,ok,7.4208316525,5
VRPBL,94,ok,7.8347916856,4
VRPBL,95,ok,7.0312779951,5
VRPBL,96,ok,7.8641676721,4
VRPBL,97,ok,7.7591567107,5
VRPBL,98,ok,8.6413821857,5
VRPBL,99,ok,7.7577059560,4
VRPBL,100,ok,8.6764347277,5
VRPBL,101,ok,7.2415501097,5
VRPBL,102,ok,8.6481100657,4
VRPBL,103,ok,8.2408585172,4
VRPBL,104,ok,8.1744237272,5
VRPBL,105,ok,9.0565308588,5
VRPBL,106,ok,7.3019028876,4
VRPBL,107,ok,7.6346723659,4
VRPBL,108,ok,8.3721574574,3
VRPBL,109,ok,11.0019892365,5
VRPBL,110,ok,8.3814945627,4
VRPBL,111,ok,8.1217639716,4
VRPBL,112,ok,10.2735730456,5
VRPBL,113,ok,8.1841966645,4
VRPBL,114,ok,8.2546011868,5
VRPBL,115,ok,7.9874594543,5
VRPBL,116,ok,8.6260539654,5
VRPBL,117,ok,8.3228036597,4
VRPBL,118,ok,12.7463875891,6
VRPBL,119,ok,7.5500365326,5
VRPBL,120,ok,7.9708304298,4
VRPBL,121,ok,7.4023714994,4
VRPBL,122,ok,8.0073270884,4
VRPBL,123,ok,8.4012542420,5
VRPBL,124,ok,7.6074428137,4
VRPBL,125,ok,9.3240147548,5
VRPBL,126,ok,8.1072321038,5
VRPBL,127,ok,8.0102574652,5
VRPBL,128,ok,10.8191873458,5
VRPBL,129,ok,7.7916990395,5
VRPBL,130,ok,7.7232172308,5
VRPBL,131,ok,8.0712145663,5
VRPBL,132,ok,7.4731556051,4
VRPBL,133,ok,10.8223189133,5
VRPBL,134,ok,7.2481779810,5
VRPBL,135,ok,8.0956307257,5
VRPBL,136,ok,7.2826069397,5
VRPBL,137,ok,8.8540953532,5
VRPBL,138,ok,7.8770008111,4
VRPBL,139,ok,7.9679714519,4
VRPBL,140,ok,8.7502998307,5
VRPBL,141,ok,9.0064838045,4
VRPBL,142,ok,7.4888196637,5
VRPBL,143,ok,7.8157722492,4
VRPBL,144,ok,7.8984210374,5
VRPBL,145,ok,8.8035836975,5
VRPBL,146,ok,7.7521333615,4
VRPBL,147,ok,7.7528304073,5
VRPBL,148,ok,8.8749070166,5
VRPBL,149,ok,8.9253238704,5
VRPBL,150,ok,7.0186104072,4
VRPBL,151,ok,9.6168140270,4
VRPBL,152,ok,9.4081808265,4
VRPBL,153,ok,8.3625157860,4
VRPBL,154,ok,9.7336374666,5
VRPBL,155,ok,8.1501252999,5
VRPBL,156,ok,8.7095000532,5
VRPBL,157,ok,7.7649962908,4
VRPBL,158,ok,7.1496894080,4
VRPBL,159,ok,7.2209005824,4
VRPBL,160,ok,8.6251270185,4
VRPBL,161,ok,9.8801676064,5
VRPBL,162,ok,11.4326723017,6
VRPBL,163,ok,8.7713123977,5
VRPBL,164,ok,8.9782725159,4
VRPBL,165,ok,10.4032517832,5
VRPBL,166,ok,7.4057077812,3
VRPBL,167,ok,8.6132789819,4
VRPBL,168,ok,8.5725954555,4
VRPBL,169,ok,8.4909023237,5
VRPBL,170,ok,9.5101889101,5
VRPBL,171,ok,7.1514849289,4
VRPBL,172,ok,7.0690487621,5
VRPBL,173,ok,9.4087281232,5
VRPBL,174,ok,8.4360684639,5
VRPBL,175,ok,7.3048593052,4
VRPBL,176,ok,6.8419489640,4
VRPBL,177,ok,8.1921944197,5
VRPBL,178,ok,9.2461239472,4
VRPBL,179,ok,7.6599562118,4
VRPBL,180,ok,8.7447132934,6
VRPBL,181,ok,9.6619657013,4
VRPBL,182,ok,8.1178604316,4
VRPBL,183,ok,8.0952401838,4
VRPBL,184,ok,9.6276235243,5
VRPBL,185,ok,6.4724166133,3
VRPBL,186,ok,7.1717763044,5
VRPBL,187,ok,8.4322320850,5
VRPBL,188,ok,8.0417733289,5
VRPBL,189,ok,8.0290428624,5
VRPBL,190,ok,10.7938204828,4
VRPBL,191,ok,11.4095724353,6
VRPBL,192,ok,8.6685215733,4
VRPBL,193,ok,8.0962625571,5
VRPBL,194,ok,9.1706097391,5
VRPBL,195,ok,7.9222645732,4
VRPBL,196,ok,6.7052289091,4
VRPBL,197,ok,9.1530400486,5
VRPBL,198,ok,8.6008298415,5
VRPBL,199,ok,9.1461555356,4
VRPBL,200,ok,9.5047835150,5
VRPBL,201,ok,7.6366325096,4
VRPBL,202,ok,9.0986408340,5
VRPBL,203,ok,9.8376193953,5
VRPBL,204,ok,7.8149304775,5
VRPBL,205,ok,7.8976274247,4
VRPBL,206,ok,7.9544329159,4
VRPBL,207,ok,8.4749217796,4
VRPBL,208,ok,8.2852519559,5
VRPBL,209,ok,8.7388099400,5
VRPBL,210,ok,7.8355193908,4
VRPBL,211,ok,8.6381458930,5
VRPBL,212,ok,9.9061797496,5
VRPBL,213,ok,10.0916395115,5
VRPBL,214,ok,6.8123055077,4
VRPBL,215,ok,8.3473125410,5
VRPBL,216,ok,8.7045724900,5
VRPBL,217,ok,10.1209787437,4
VRPBL,218,ok,9.0875168684,5
VRPBL,219,ok,7.7876872943,5
VRPBL,220,ok,7.6296581393,4
VRPBL,221,ok,8.8141628678,4
VRPBL,222,ok,7.4680221837,4
VRPBL,223,ok,9.1731840424,5
VRPBL,224,ok,8.2706137214,4
VRPBL,225,ok,7.6117811091,4
VRPBL,226,ok,8.9590579486,4
VRPBL,227,ok,8.6931831429,4
VRPBL,228,ok,7.1147002360,5
VRPBL,229,ok,8.4337184233,4
VRPBL,230,ok,8.4355030549,4
VRPBL,231,ok,8.2060114228,4
VRPBL,232,ok,7.9673692309,4
VRPBL,233,ok,7.6765303014,3
VRPBL,234,ok,8.7412443008,5
VRPBL,235,ok,6.4740889305,4
VRPBL,236,ok,6.5074052066,3
VRPBL,237,ok,8.6249946520,5
VRPBL,238,ok,6.9937044154,4
VRPBL,239,ok,8.2619711437,4
VRPBL,240,ok,7.9489827378,4
VRPBL,241,ok,9.5410587867,4
VRPBL,242,ok,8.4635367334,4
VRPBL,243,ok,7.5897841691,5
VRPBL,244,ok,7.8369111691,4
VRPBL,245,ok,8.2427870822,4
VRPBL,246,ok,8.1818906058,5
VRPBL,247,ok,9.5964085218,5
VRPBL,248,ok,8.5105181522,5
VRPBL,249,ok,10.0578012621,5
VRPBL,250,ok,8.7115374936,5
VRPBL,251,ok,7.8386457222,4
VRPBL,252,ok,9.0913997104,5
VRPBL,253,ok,9.3973538329,5
VRPBL,254,ok,7.1927893347,5
VRPBL,255,ok,7.7891390277,4
VRPBL,256,ok,7.4408308820,4
VRPBL,257,ok,8.7294587573,4
VRPBL,258,ok,7.5753619933,4
VRPBL,259,ok,7.6645607509,4
VRPBL,260,ok,9.6653274089,5
VRPBL,261,ok,7.5376724620,4
VRPBL,262,ok,9.9685977664,4
VRPBL,263,ok,9.5342039841,5
VRPBL,264,ok,7.2484335524,5
VRPBL,265,ok,8.0544105315,5
VRPBL,266,ok,6.8367901419,4
VRPBL,267,ok,8.9567136444,5
VRPBL,268,ok,7.7468799983,5
VRPBL,269,ok,7.1775228628,4
VRPBL,270,ok,8.3151650923,4
VRPBL,271,ok,9.8216848536,5
VRPBL,272,ok,8.6106584400,5
VRPBL,273,ok,7.7955802116,4
VRPBL,274,ok,8.2526263222,4
VRPBL,275,ok,8.2889582578,5
VRPBL,276,ok,9.5768033200,5
VRPBL,277,ok,7.0621451280,4
VRPBL,278,ok,7.4746847664,4
VRPBL,279,ok,7.5921929954,4
VRPBL,280,ok,8.3809716262,5
VRPBL,281,ok,8.0087822002,5
VRPBL,282,ok,7.8057469413,4
VRPBL,283,ok,7.6711618205,5
VRPBL,284,ok,7.7228724622,4
VRPBL,285,ok,7.2606180439,4
VRPBL,286,ok,8.6050357401,6
VRPBL,287,ok,7.5352921779,5
VRPBL,288,ok,7.9404908148,5
VRPBL,289,ok,7.0369673766,4
VRPBL,290,ok,8.7876761721,5
VRPBL,291,ok,9.6492761132,5
VRPBL,292,ok,9.5555334199,4
VRPBL,293,ok,7.5002880020,6
VRPBL,294,ok,7.4579172798,4
VRPBL,295,ok,8.2255986915,4
VRPBL,296,ok,8.2668486993,6
VRPBL,297,ok,8.8125262698,4
VRPBL,298,ok,9.9991010743,4
VRPBL,299,ok,7.3969347008,4
VRPBL,300,ok,10.2177641394,5
VRPBL,301,ok,6.7514792851,3
VRPBL,302,ok,8.3445401011,5
VRPBL,303,ok,8.3248173292,4
VRPBL,304,ok,7.7549493914,4
VRPBL,305,ok,7.6888609609,5
VRPBL,306,ok,7.3925464414,4
VRPBL,307,ok,7.9114819091,4
VRPBL,308,ok,9.2445981485,5
VRPBL,309,ok,9.4184797062,4
VRPBL,310,ok,8.9804658265,5
VRPBL,311,ok,8.6426260993,4
VRPBL,312,ok,7.8298782910,4
VRPBL,313,ok,7.6458037514,5
VRPBL,314,ok,6.5097919979,4
VRPBL,315,ok,7.5303097009,4
VRPBL,316,ok,8.2599640285,4
VRPBL,317,ok,8.3889161342,5
VRPBL,318,ok,8.8586519904,5
VRPBL,319,ok,8.6976866706,5
VRPBL,320,ok,7.5034709675,4
VRPBL,321,ok,7.8392207399,4
VRPBL,322,ok,9.0797639256,4
VRPBL,323,ok,7.3378264791,4
VRPBL,324,ok,9.7436512161,5
VRPBL,325,ok,8.6564893583,4
VRPBL,326,ok,7.7103285796,4
VRPBL,327,ok,8.4490617027,4
VRPBL,328,ok,9.2678528281,5
VRPBL,329,ok,7.9476651042,4
VRPBL,330,ok,7.8697423582,4
VRPBL,331,ok,10.8342170869,5
VRPBL,332,ok,8.8825309201,6
VRPBL,333,ok,7.2009245047,3
VRPBL,334,ok,9.5849729880,5
VRPBL,335,ok,8.2679974400,5
VRPBL,336,ok,10.7097875175,5
VRPBL,337,ok,8.0012890886,5
VRPBL,338,ok,9.6221418633,4
VRPBL,339,ok,9.7600224562,4
VRPBL,340,ok,7.7113412388,4
VRPBL,341,ok,9.6958421625,5
VRPBL,342,ok,8.4031010750,4
VRPBL,343,ok,10.2244644488,5
VRPBL,344,ok,7.5930319131,5
VRPBL,345,ok,6.8883352074,4
VRPBL,346,ok,7.5473022499,5
VRPBL,347,ok,9.7884619530,6
VRPBL,348,ok,8.2017059352,5
VRPBL,349,ok,8.1080594513,4
VRPBL,350,ok,11.7259870705,5
VRPBL,351,ok,9.4642404173,5
VRPBL,352,ok,7.9461149815,4
VRPBL,353,ok,7.7569413111,5
VRPBL,354,ok,8.2738373334,4
VRPBL,355,ok,7.9913302887,4
VRPBL,356,ok,7.7922392649,3
VRPBL,357,ok,8.7741343847,4
VRPBL,358,ok,10.1390380278,5
VRPBL,359,ok,8.6277804696,5
VRPBL,360,ok,7.8482473118,4
VRPBL,361,ok,7.7750332866,4
VRPBL,362,ok,10.1817829463,5
VRPBL,363,ok,7.3894750826,4
VRPBL,364,ok,8.9504503383,5
VRPBL,365,ok,7.2599772638,5
VRPBL,366,ok,7.2487866738,5
VRPBL,367,ok,8.0573230497,4
VRPBL,368,ok,9.6732731816,5
VRPBL,369,ok,8.6236890609,4
VRPBL,370,ok,10.6908715895,6
VRPBL,371,ok,8.2627605434,5
VRPBL,372,ok,9.4350216947,5
VRPBL,373,ok,7.3084833999,4
VRPBL,374,ok,10.3027439129,5
VRPBL,375,ok,7.7369113734,4
VRPBL,376,ok,8.6696101529,4
VRPBL,377,ok,10.4822751562,5
VRPBL,378,ok,7.6874042541,4
VRPBL,379,ok,8.7696246786,5
VRPBL,380,ok,7.3718554495,4
VRPBL,381,ok,8.5245684890,5
VRPBL,382,ok,8.4400741416,4
VRPBL,383,ok,7.0736643504,5
VRPBL,384,ok,7.8725480337,6
VRPBL,385,ok,6.9481006337,3
VRPBL,386,ok,10.5977046907,5
VRPBL,387,ok,10.9768530089,5
VRPBL,388,ok,9.7418575320,4
VRPBL,389,ok,9.0116796551,4
VRPBL,390,ok,8.3702016674,5
VRPBL,391,ok,8.7887532446,5
VRPBL,392,ok,7.5715317221,4
VRPBL,393,ok,10.2599532196,5
VRPBL,394,ok,8.8595861772,4
VRPBL,395,ok,7.8991778035,4
VRPBL,396,ok,8.8484046402,5
VRPBL,397,ok,8.2593720490,4
VRPBL,398,ok,8.4638816470,5
VRPBL,399,ok,8.2981840745,4
VRPBL,400,ok,9.7537187113,5
VRPBL,401,ok,8.5828437979,5
VRPBL,402,ok,9.1161847297,4
VRPBL,403,ok,9.4563827064,4
VRPBL,404,ok,8.7380044340,4
VRPBL,405,ok,9.8274933417,5
VRPBL,406,ok,9.8169862772,5
VRPBL,407,ok,6.8086322934,3
VRPBL,408,ok,6.8924085804,4
VRPBL,409,ok,8.5259338491,4
VRPBL,410,ok,9.5958493794,5
VRPBL,411,ok,9.2882340171,4
VRPBL,412,ok,7.2890542790,5
VRPBL,413,ok,8.4309149949,4
VRPBL,414,ok,7.1495091347,3
VRPBL,415,ok,9.1738061805,5
VRPBL,416,ok,9.8114454854,6
VRPBL,417,ok,8.1214731627,4
VRPBL,418,ok,8.6592624071,4
VRPBL,419,ok,8.4334547453,5
VRPBL,420,ok,8.1003431901,4
VRPBL,421,ok,8.3440918222,5
VRPBL,422,ok,8.2268902576,4
VRPBL,423,ok,7.6094469359,4
VRPBL,424,ok,9.5574649811,4
VRPBL,425,ok,8.9412441186,4
VRPBL,426,ok,8.2478267945,4
VRPBL,427,ok,7.7284869135,4
VRPBL,428,ok,10.8331450448,4
VRPBL,429,ok,8.8071228028,6
VRPBL,430,ok,9.1357272851,5
VRPBL,431,ok,8.3138790672,5
VRPBL,432,ok,7.3862818788,5
VRPBL,433,ok,8.0527967006,4
VRPBL,434,ok,8.0062431049,5
VRPBL,435,ok,7.1760480807,4
VRPBL,436,ok,7.4903986013,5
VRPBL,437,ok,6.9856018592,4
VRPBL,438,ok,7.8207687306,5
VRPBL,439,ok,8.7244582352,4
VRPBL,440,ok,6.8168461342,4
VRPBL,441,ok,10.3615003657,5
VRPBL,442,ok,6.8929663374,4
VRPBL,443,ok,9.3203352574,5
VRPBL,444,ok,8.2467096274,4
VRPBL,445,ok,9.1006341024,4
VRPBL,446,ok,8.1488988846,5
VRPBL,447,ok,8.3516428748,5
VRPBL,448,ok,8.3094256636,4
VRPBL,449,ok,9.8315385932,5
VRPBL,450,ok,7.5750963466,4
VRPBL,451,ok,7.9555164575,5
VRPBL,452,ok,7.4889229530,5
VRPBL,453,ok,9.2527827312,5
VRPBL,454,ok,9.3156370665,4
VRPBL,455,ok,8.4680338336,4
VRPBL,456,ok,8.2268969664,4
VRPBL,457,ok,8.2700314462,4
VRPBL,458,ok,8.3333575227,5
VRPBL,459,ok,7.5778588444,5
VRPBL,460,ok,8.2286137051,5
VRPBL,461,ok,8.8714705183,5
VRPBL,462,ok,7.7148770414,4
VRPBL,463,ok,8.2920827771,5
VRPBL,464,ok,8.5889816820,4
VRPBL,465,ok,8.2330500061,5
VRPBL,466,ok,10.2105009566,5
VRPBL,467,ok,8.0516149993,4
VRPBL,468,ok,9.1973669431,5
VRPBL,469,ok,8.8229789057,4
VRPBL,470,ok,10.0917088927,5
VRPBL,471,ok,10.1545327501,5
VRPBL,472,ok,7.5979986474,4
VRPBL,473,ok,9.4639344824,5
VRPBL,474,ok,8.0402902101,5
VRPBL,475,ok,8.5731478895,5
VRPBL,476,ok,9.2501522842,5
VRPBL,477,ok,8.3584243973,5
VRPBL,478,ok,7.6037629654,5
VRPBL,479,ok,7.7906442253,4
VRPBL,480,ok,7.3077774511,4
VRPBL,481,ok,8.4472676009,5
VRPBL,482,ok,7.9862062838,3
VRPBL,483,ok,7.6896972503,4
VRPBL,484,ok,7.4594806235,5
VRPBL,485,ok,10.5760892810,5
VRPBL,486,ok,8.8016394052,4
VRPBL,487,ok,8.7085762691,5
VRPBL,488,ok,10.3248095178,5
VRPBL,489,ok,7.5974087491,5
VRPBL,490,ok,8.5535132847,4
VRPBL,491,ok,7.1404497611,4
VRPBL,492,ok,7.8748902086,4
VRPBL,493,ok,7.4314444434,5
VRPBL,494,ok,9.3657061475,5
VRPBL,495,ok,8.7756881110,4
VRPBL,496,ok,8.2182075727,4
VRPBL,497,ok,7.9663781257,4
VRPBL,498,ok,7.7700545599,5
VRPBL,499,ok,8.3631516545,4
VRPBL,500,ok,8.6390537931,4
VRPBL,501,ok,9.7371645177,4
VRPBL,502,ok,8.0976124297,5
VRPBL,503,ok,8.8049286711,4
VRPBL,504,ok,10.8085209004,5
VRPBL,505,ok,10.8232578578,5
VRPBL,506,ok,9.4070154056,4
VRPBL,507,ok,7.5096835186,4
VRPBL,508,ok,8.2808500764,5
VRPBL,509,ok,6.9685641706,4
VRPBL,510,ok,9.7304035476,5
VRPBL,511,ok,7.6819867516,3
VRPBL,512,ok,7.5816204390,4
VRPBL,513,ok,8.6098458355,4
VRPBL,514,ok,6.9993427614,4
VRPBL,515,ok,7.0592076496,5
VRPBL,516,ok,9.0790885282,4
VRPBL,517,ok,10.7200482254,5
VRPBL,518,ok,9.3585680990,4
VRPBL,519,ok,7.9501876331,5
VRPBL,520,ok,8.1249205676,4
VRPBL,521,ok,7.9350523214,5
VRPBL,522,ok,7.7283651133,4
VRPBL,523,ok,8.8354069750,4
VRPBL,524,ok,7.7828128033,4
VRPBL,525,ok,7.4338846398,5
VRPBL,526,ok,7.8521003229,4
VRPBL,527,ok,9.3693155500,5
VRPBL,528,ok,10.1682704494,5
VRPBL,529,ok,7.9905868076,5
VRPBL,530,ok,8.0753783724,5
VRPBL,531,ok,7.5440780086,4
VRPBL,532,ok,7.1586473468,3
VRPBL,533,ok,8.2838324252,5
VRPBL,534,ok,9.7706377373,5
VRPBL,535,ok,8.8745818590,5
VRPBL,536,ok,9.1521639808,5
VRPBL,537,ok,7.6177367499,4
VRPBL,538,ok,8.1430320938,5
VRPBL,539,ok,7.9581919502,4
VRPBL,540,ok,8.5824366862,4
VRPBL,541,ok,7.7953094686,4
VRPBL,542,ok,8.6152155861,4
VRPBL,543,ok,8.4034268173,4
VRPBL,544,ok,6.6387671837,3
VRPBL,545,ok,7.5648924864,5
VRPBL,546,ok,9.0686366266,4
VRPBL,547,ok,8.8661742832,4
VRPBL,548,ok,6.6201057878,4
VRPBL,549,ok,7.2559888150,4
VRPBL,550,ok,8.4988658068,4
VRPBL,551,ok,8.0570871472,5
VRPBL,552,ok,8.7759865803,5
VRPBL,553,ok,10.5719778230,5
VRPBL,554,ok,8.7193996321,4
VRPBL,555,ok,9.3137110528,5
VRPBL,556,ok,7.1032655181,4
VRPBL,557,ok,8.5374640704,4
VRPBL,558,ok,8.6302851691,5
VRPBL,559,ok,7.2505537902,5
VRPBL,560,ok,9.9565854211,5
VRPBL,561,ok,7.8930667220,5
VRPBL,562,ok,9.0837878985,4
VRPBL,563,ok,9.6407621473,5
VRPBL,564,ok,8.5091502698,4
VRPBL,565,ok,8.3819009713,4
VRPBL,566,ok,8.1174282369,4
VRPBL,567,ok,7.5525683261,4
VRPBL,568,ok,8.5545161194,4
VRPBL,569,ok,8.3062781503,5
VRPBL,570,ok,8.2118487141,5
VRPBL,571,ok,9.0198687103,5
VRPBL,572,ok,8.7131481818,5
VRPBL,573,ok,8.3746446494,5
VRPBL,574,ok,7.1884129724,4
VRPBL,575,ok,8.0705088727,4
VRPBL,576,ok,8.1502963582,5
VRPBL,577,ok,8.4557813871,5
VRPBL,578,ok,8.7989293859,4
VRPBL,579,ok,8.0291697302,5
VRPBL,580,ok,8.5187542471,5
VRPBL,581,ok,7.9520581193,4
VRPBL,582,ok,8.1401185881,4
VRPBL,583,ok,7.0866293434,4
VRPBL,584,ok,8.0407012866,4
VRPBL,585,ok,7.1970893866,4
VRPBL,586,ok,8.2000589767,5
VRPBL,587,ok,7.9679186756,4
VRPBL,588,ok,7.5647895722,5
VRPBL,589,ok,8.1170620893,4
VRPBL,590,ok,9.3365983444,5
VRPBL,591,ok,7.4251731180,4
VRPBL,592,ok,7.6294000065,4
VRPBL,593,ok,8.3305173381,4
VRPBL,594,ok,9.1146022112,4
VRPBL,595,ok,8.4047842073,5
VRPBL,596,ok,8.8215069657,5
VRPBL,597,ok,7.8165357478,5
VRPBL,598,ok,9.4814762600,5
VRPBL,599,ok,7.7167716385,5
VRPBL,600,ok,7.4357343254,4
VRPBL,601,ok,8.0221161916,5
VRPBL,602,ok,8.7070975335,4
VRPBL,603,ok,8.1284746020,5
VRPBL,604,ok,9.1514679219,4
VRPBL,605,ok,8.4159992608,4
VRPBL,606,ok,9.9943183466,5
VRPBL,607,ok,8.5597850242,4
VRPBL,608,ok,8.4308711346,5
VRPBL,609,ok,8.0863256209,5
VRPBL,610,ok,7.8626386545,5
VRPBL,611,ok,9.1186519761,4
VRPBL,612,ok,7.9443631714,4
VRPBL,613,ok,8.0686339241,5
VRPBL,614,ok,8.9992769856,5
VRPBL,615,ok,9.0811401899,5
VRPBL,616,ok,8.6359566150,5
VRPBL,617,ok,8.4879202087,6
VRPBL,618,ok,8.0133620054,4
VRPBL,619,ok,8.3728343149,4
VRPBL,620,ok,8.1957492121,5
VRPBL,621,ok,6.9587559042,4
VRPBL,622,ok,7.4034388284,3
VRPBL,623,ok,8.2865633651,5
VRPBL,624,ok,6.5920628927,4
VRPBL,625,ok,7.4200170424,5
VRPBL,626,ok,6.8712432761,5
VRPBL,627,ok,10.4021110661,6
VRPBL,628,ok,8.4102354858,4
VRPBL,629,ok,8.6449143168,4
VRPBL,630,ok,10.8664077478,5
VRPBL,631,ok,8.1958924327,4
VRPBL,632,ok,7.9957826969,5
VRPBL,633,ok,6.5707398631,3
VRPBL,634,ok,7.7817018746,4
VRPBL,635,ok,9.7818901000,4
VRPBL,636,ok,9.0153327819,5
VRPBL,637,ok,9.1459467702,4
VRPBL,638,ok,8.7273571883,4
VRPBL,639,ok,7.7904729083,5
VRPBL,640,ok,9.7461471464,4
VRPBL,641,ok,6.7900106479,4
VRPBL,642,ok,8.8693852264,5
VRPBL,643,ok,7.4375229561,4
VRPBL,644,ok,9.5503590387,6
VRPBL,645,ok,8.0483346808,4
VRPBL,646,ok,8.3982280411,4
VRPBL,647,ok,9.0547630558,5
VRPBL,648,ok,7.6230116332,5
VRPBL,649,ok,8.5511519565,4
VRPBL,650,ok,8.3450030425,5
VRPBL,651,ok,9.2339905357,4
VRPBL,652,ok,8.4715291187,4
VRPBL,653,ok,8.1567788661,4
VRPBL,654,ok,8.5459347792,4
VRPBL,655,ok,7.6890821409,3
VRPBL,656,ok,7.5494313672,4
VRPBL,657,ok,9.4363904565,5
VRPBL,658,ok,9.2238980359,5
VRPBL,659,ok,8.1848891707,4
VRPBL,660,ok,11.2618013836,5
VRPBL,661,ok,9.2761090044,5
VRPBL,662,ok,7.7053314585,5
VRPBL,663,ok,9.4603319648,5
VRPBL,664,ok,8.3770885525,4
VRPBL,665,ok,8.3726519887,5
VRPBL,666,ok,8.8796595845,5
VRPBL,667,ok,8.2366647099,4
VRPBL,668,ok,7.8713692647,5
VRPBL,669,ok,7.3453987589,3
VRPBL,670,ok,7.5737491868,4
VRPBL,671,ok,7.4795058258,4
VRPBL,672,ok,9.5464258699,4
VRPBL,673,ok,8.6858050362,5
VRPBL,674,ok,7.6679170873,4
VRPBL,675,ok,7.1426132898,3
VRPBL,676,ok,8.7783795803,4
VRPBL,677,ok,6.9468041275,4
VRPBL,678,ok,8.5802941907,4
VRPBL,679,ok,8.1648010125,4
VRPBL,680,ok,9.1742509215,4
VRPBL,681,ok,6.8961029492,3
VRPBL,682,ok,8.9211779264,5
VRPBL,683,ok,7.7745079012,4
VRPBL,684,ok,7.5673038524,4
VRPBL,685,ok,7.7130691211,4
VRPBL,686,ok,8.8364097796,4
VRPBL,687,ok,8.9852541678,4
VRPBL,688,ok,7.6242807432,5
VRPBL,689,ok,8.0579114788,5
VRPBL,690,ok,7.7964420783,4
VRPBL,691,ok,7.5390978775,5
VRPBL,692,ok,7.7253143876,6
VRPBL,693,ok,8.3575028620,5
VRPBL,694,ok,9.4481184442,5
VRPBL,695,ok,7.6045764851,4
VRPBL,696,ok,8.1160223777,5
VRPBL,697,ok,7.5545507585,4
VRPBL,698,ok,8.8662825490,4
VRPBL,699,ok,9.5714435376,6
VRPBL,700,ok,8.9150648348,5
VRPBL,701,ok,8.9141694310,5
VRPBL,702,ok,7.5492243629,5
VRPBL,703,ok,7.8343155074,5
VRPBL,704,ok,7.2936804187,4
VRPBL,705,ok,7.7764039913,4
VRPBL,706,ok,8.4072504551,5
VRPBL,707,ok,8.5246376740,5
VRPBL,708,ok,9.2917193772,4
VRPBL,709,ok,9.7817330652,5
VRPBL,710,ok,8.3339105318,4
VRPBL,711,ok,7.5510867805,5
VRPBL,712,ok,8.0207047026,5
VRPBL,713,ok,8.0997788037,4
VRPBL,714,ok,9.0460164571,5
VRPBL,715,ok,9.3996186724,5
VRPBL,716,ok,8.6135676819,4
VRPBL,717,ok,7.1502189340,5
VRPBL,718,ok,7.1872069560,4
VRPBL,719,ok,7.5080052399,4
VRPBL,720,ok,6.9184046763,4
VRPBL,721,ok,9.4240448133,5
VRPBL,722,ok,9.7293191411,6
VRPBL,723,ok,8.2279996078,4
VRPBL,724,ok,7.8667405401,4
VRPBL,725,ok,8.7723264715,5
VRPBL,726,ok,9.8624651401,5
VRPBL,727,ok,8.6893982155,5
VRPBL,728,ok,7.0817086609,4
VRPBL,729,ok,8.5602408714,5
VRPBL,730,ok,7.6424685308,4
VRPBL,731,ok,7.9856280062,5
VRPBL,732,ok,9.4047062569,5
VRPBL,733,ok,8.6048602776,5
VRPBL,734,ok,8.4019297917,4
VRPBL,735,ok,8.0328435133,4
VRPBL,736,ok,7.4663754127,4
VRPBL,737,ok,7.9636928068,4
VRPBL,738,ok,7.8384323563,4
VRPBL,739,ok,7.9506612815,4
VRPBL,740,ok,8.3675345153,5
VRPBL,741,ok,8.6299219610,4
VRPBL,742,ok,9.9501714284,5
VRPBL,743,ok,8.8628783070,4
VRPBL,744,ok,7.5724385273,5
VRPBL,745,ok,8.2622619132,4
VRPBL,746,ok,7.5610148264,5
VRPBL,747,ok,9.7557063784,5
VRPBL,748,ok,7.3777530726,4
VRPBL,749,ok,8.9189291668,5
VRPBL,750,ok,9.7938069546,5
VRPBL,751,ok,7.3902048329,5
VRPBL,752,ok,8.3931351387,3
VRPBL,753,ok,9.5764347619,5
VRPBL,754,ok,8.7720195958,5
VRPBL,755,ok,7.5365473210,4
VRPBL,756,ok,8.0077336369,5
VRPBL,757,ok,8.3148406808,5
VRPBL,758,ok,9.4815067737,5
VRPBL,759,ok,8.0080218454,4
VRPBL,760,ok,8.9138925471,5
VRPBL,761,ok,7.5880048386,5
VRPBL,762,ok,8.4374645883,5
VRPBL,763,ok,9.1931560189,4
VRPBL,764,ok,7.8911724692,4
VRPBL,765,ok,9.3798966857,5
VRPBL,766,ok,9.4217423523,5
VRPBL,767,ok,7.4156225255,4
VRPBL,768,ok,7.8103668548,4
VRPBL,769,ok,7.7178952580,4
VRPBL,770,ok,9.7862854832,5
VRPBL,771,ok,7.9910952002,5
VRPBL,772,ok,8.6126423000,4
VRPBL,773,ok,8.3763283218,6
VRPBL,774,ok,6.8818485508,3
VRPBL,775,ok,9.1189396904,5
VRPBL,776,ok,7.7970955702,5
VRPBL,777,ok,7.8757430743,5
VRPBL,778,ok,8.5559634889,5
VRPBL,779,ok,8.4718053481,5
VRPBL,780,ok,6.8586997871,4
VRPBL,781,ok,8.7132750947,4
VRPBL,782,ok,8.1468236676,5
VRPBL,783,ok,8.3235570914,5
VRPBL,784,ok,8.8519146599,4
VRPBL,785,ok,9.7810483466,5
VRPBL,786,ok,9.4048514523,5
VRPBL,787,ok,10.0130338002,5
VRPBL,788,ok,9.7062289282,5
VRPBL,789,ok,9.3784445600,5
VRPBL,790,ok,8.4151928617,5
VRPBL,791,ok,9.4622567625,5
VRPBL,792,ok,9.1593861932,4
VRPBL,793,ok,7.9561793735,4
VRPBL,794,ok,7.5909604212,4
VRPBL,795,ok,7.9684857339,5
VRPBL,796,ok,8.4143167661,4
VRPBL,797,ok,8.2578922010,5
VRPBL,798,ok,8.5020931284,5
VRPBL,799,ok,9.9463166141,5
VRPBL,800,ok,8.1820566096,4
VRPBL,801,ok,7.2380797298,4
VRPBL,802,ok,7.5580348605,4
VRPBL,803,ok,7.2706744696,4
VRPBL,804,ok,8.8759131657,5
VRPBL,805,ok,7.3993309306,4
VRPBL,806,ok,8.5775079831,6
VRPBL,807,ok,9.0825547731,5
VRPBL,808,ok,7.4722012093,4
VRPBL,809,ok,9.5431251975,5
VRPBL,810,ok,9.5347385702,4
VRPBL,811,ok,10.6947546491,5
VRPBL,812,ok,7.8712769184,4
VRPBL,813,ok,8.5172200269,6
VRPBL,814,ok,7.5592338681,5
VRPBL,815,ok,9.0014070704,5
VRPBL,816,ok,6.9227203869,5
VRPBL,817,ok,8.4505569842,4
VRPBL,818,ok,7.1166739829,4
VRPBL,819,ok,8.7572725654,4
VRPBL,820,ok,10.0654373403,5
VRPBL,821,ok,8.7930988369,6
VRPBL,822,ok,8.5110886413,4
VRPBL,823,ok,7.9119824322,4
VRPBL,824,ok,8.1190573418,4
VRPBL,825,ok,8.2289759825,5
VRPBL,826,ok,8.5174784034,4
VRPBL,827,ok,9.4635975524,4
VRPBL,828,ok,6.7340735351,5
VRPBL,829,ok,9.4028656816,5
VRPBL,830,ok,7.4632129643,3
VRPBL,831,ok,8.3033305297,4
VRPBL,832,ok,7.9520729596,4
VRPBL,833,ok,6.8770591490,4
VRPBL,834,ok,8.0515191588,5
VRPBL,835,ok,9.0705993254,4
VRPBL,836,ok,7.8963267651,4
VRPBL,837,ok,9.7626518276,4
VRPBL,838,ok,9.0891877721,5
VRPBL,839,ok,8.2786195772,5
VRPBL,840,ok,7.1321624425,4
VRPBL,841,ok,11.4562083232,6
VRPBL,842,ok,8.7871717942,4
VRPBL,843,ok,9.5950930988,5
VRPBL,844,ok,7.8474568894,5
VRPBL,845,ok,9.9032788348,5
VRPBL,846,ok,8.8064120181,5
VRPBL,847,ok,8.4551856851,4
VRPBL,848,ok,8.6564870649,5
VRPBL,849,ok,7.8917237266,4
VRPBL,850,ok,7.7063214161,5
VRPBL,851,ok,8.1550017360,4
VRPBL,852,ok,8.1429870606,4
VRPBL,853,ok,6.6946823536,4
VRPBL,854,ok,7.5426816760,4
VRPBL,855,ok,8.1995222210,5
VRPBL,856,ok,7.8499798494,5
VRPBL,857,ok,8.5030239573,4
VRPBL,858,ok,8.5106176319,4
VRPBL,859,ok,7.1280968190,4
VRPBL,860,ok,7.5956760557,5
VRPBL,861,ok,7.7911981658,4
VRPBL,862,ok,8.2923214715,4
VRPBL,863,ok,7.6804182512,5
VRPBL,864,ok,7.3843041403,5
VRPBL,865,ok,10.6504062358,4
VRPBL,866,ok,9.8695706875,4
VRPBL,867,ok,9.2172311914,4
VRPBL,868,ok,8.6004699686,4
VRPBL,869,ok,7.8413497178,4
VRPBL,870,ok,7.3035180218,4
VRPBL,871,ok,7.6614697855,5
VRPBL,872,ok,8.3387517793,4
VRPBL,873,ok,8.3880783860,4
VRPBL,874,ok,8.4663233549,4
VRPBL,875,ok,8.0980898506,5
VRPBL,876,ok,7.6885674370,4
VRPBL,877,ok,8.5497320233,4
VRPBL,878,ok,8.1389291442,5
VRPBL,879,ok,8.8366019352,4
VRPBL,880,ok,9.3496126869,5
VRPBL,881,ok,8.0139088970,4
VRPBL,882,ok,6.8075339238,5
VRPBL,883,ok,11.0972340312,5
VRPBL,884,ok,9.9417826300,4
VRPBL,885,ok,8.6952288822,5
VRPBL,886,ok,8.0775141175,4
VRPBL,887,ok,7.8056312759,5
VRPBL,888,ok,7.7239686994,4
VRPBL,889,ok,8.3868610984,5
VRPBL,890,ok,8.0929510031,5
VRPBL,891,ok,7.3723216651,4
VRPBL,892,ok,7.9766857594,4
VRPBL,893,ok,9.0556066079,5
VRPBL,894,ok,7.8300806403,4
VRPBL,895,ok,10.0998949224,5
VRPBL,896,ok,8.9452785224,4
VRPBL,897,ok,8.0341295658,4
VRPBL,898,ok,8.5235219341,4
VRPBL,899,ok,10.4714405737,5
VRPBL,900,ok,9.2999863949,5
VRPBL,901,ok,7.5916175559,5
VRPBL,902,ok,9.0884079549,5
VRPBL,903,ok,8.6387572868,4
VRPBL,904,ok,7.4733313951,4
VRPBL,905,ok,7.8022771611,4
VRPBL,906,ok,9.6004298540,5
VRPBL,907,ok,8.0413427466,4
VRPBL,908,ok,8.8044877771,4
VRPBL,909,ok,8.3429317630,4
VRPBL,910,ok,7.6817230531,4
VRPBL,911,ok,10.3927266237,5
VRPBL,912,ok,7.8387285476,5
VRPBL,913,ok,7.7133527011,4
VRPBL,914,ok,9.5181374016,5
VRPBL,915,ok,7.4996825183,5
VRPBL,916,ok,6.5946544290,4
VRPBL,917,ok,7.9693717796,5
VRPBL,918,ok,8.9708768311,4
VRPBL,919,ok,7.8451714487,4
VRPBL,920,ok,8.0744842631,4
VRPBL,921,ok,9.2514918368,6
VRPBL,922,ok,9.3845992582,5
VRPBL,923,ok,7.3478699985,3
VRPBL,924,ok,8.4875045311,5
VRPBL,925,ok,10.1063927507,6
VRPBL,926,ok,7.8310558711,4
VRPBL,927,ok,7.9602450710,5
VRPBL,928,ok,7.3967244098,4
VRPBL,929,ok,9.4502527485,5
VRPBL,930,ok,7.8552260647,5
VRPBL,931,ok,7.8073815159,5
VRPBL,932,ok,7.4889636782,4
VRPBL,933,ok,8.0276709045,5
VRPBL,934,ok,8.4697367652,5
VRPBL,935,ok,6.8132124442,3
VRPBL,936,ok,10.0313223521,5
VRPBL,937,ok,7.7205638684,4
VRPBL,938,ok,7.8092898672,5
VRPBL,939,ok,7.1961450026,4
VRPBL,940,ok,9.2065600618,4
VRPBL,941,ok,10.0478541243,5
VRPBL,942,ok,8.1542881920,4
VRPBL,943,ok,8.7421956177,6
VRPBL,944,ok,8.1205155779,4
VRPBL,945,ok,7.7845240885,4
VRPBL,946,ok,8.4968723994,4
VRPBL,947,ok,8.9539291033,4
VRPBL,948,ok,7.5152344355,4
VRPBL,949,ok,9.6206097169,5
VRPBL,950,ok,8.4947371780,5
VRPBL,951,ok,8.5892533868,4
VRPBL,952,ok,8.4239490813,5
VRPBL,953,ok,7.9420445219,4
VRPBL,954,ok,8.4572599664,5
VRPBL,955,ok,7.9833997413,4
VRPBL,956,ok,8.0046521768,6
VRPBL,957,ok,9.1033785420,4
VRPBL,958,ok,8.1283572632,4
VRPBL,959,ok,7.9942212431,5
VRPBL,960,ok,8.8472468769,5
VRPBL,961,ok,8.1630272448,4
VRPBL,962,ok,8.1266978338,5
VRPBL,963,ok,9.2734247660,5
VRPBL,964,ok,9.2404080031,4
VRPBL,965,ok,8.6088242027,4
VRPBL,966,ok,8.6404441235,5
VRPBL,967,ok,10.5496005751,5
VRPBL,968,ok,9.3313293719,5
VRPBL,969,ok,9.0740818080,5
VRPBL,970,ok,8.8909849583,4
VRPBL,971,ok,7.4805728947,4
VRPBL,972,ok,7.4148960939,4
VRPBL,973,ok,6.6679744997,4
VRPBL,974,ok,8.6614668898,5
VRPBL,975,ok,9.6605913097,4
VRPBL,976,ok,7.7171679004,4
VRPBL,977,ok,7.7292411070,4
VRPBL,978,ok,8.4366605857,4
VRPBL,979,ok,8.2272471170,4
VRPBL,980,ok,7.9672660178,4
VRPBL,981,ok,9.2601569762,4
VRPBL,982,ok,7.4263101910,5
VRPBL,983,ok,8.1662643938,5
VRPBL,984,ok,9.0749660381,4
VRPBL,985,ok,7.7310710069,5
VRPBL,986,ok,7.6702017635,5
VRPBL,987,ok,8.7104951369,5
VRPBL,988,ok,7.8986941852,5
VRPBL,989,ok,8.9153247392,4
VRPBL,990,ok,9.9157185565,6
VRPBL,991,ok,9.2456444643,5
VRPBL,992,ok,8.8615113066,5
VRPBL,993,ok,7.5914629581,5
VRPBL,994,ok,9.1411126337,5
VRPBL,995,ok,6.5845653352,4
VRPBL,996,ok,8.4080391139,5
VRPBL,997,ok,10.6201144448,6
VRPBL,998,ok,7.6112106404,4
VRPBL,999,ok,7.8730181833,4
VRPBTW,0,no_feasible_candidate,,
VRPBTW,1,no_feasible_candidate,,
VRPBTW,2,no_feasible_candidate,,
VRPBTW,3,no_feasible_candidate,,
VRPBTW,4,no_feasible_candidate,,
VRPBTW,5,no_feasible_candidate,,
VRPBTW,6,no_feasible_candidate,,
VRPBTW,7,no_feasible_candidate,,
VRPBTW,8,no_feasible_candidate,,
VRPBTW,9,no_feasible_candidate,,
VRPBTW,10,no_feasible_candidate,,
VRPBTW,11,no_feasible_candidate,,
VRPBTW,12,no_feasible_candidate,,
VRPBTW,13,no_feasible_candidate,,
VRPBTW,14,no_feasible_candidate,,
VRPBTW,15,no_feasible_candidate,,
VRPBTW,16,no_feasible_candidate,,
VRPBTW,17,ok,29.8785893538,17
VRPBTW,18,no_feasible_candidate,,
VRPBTW,19,no_feasible_candidate,,
VRPBTW,20,no_feasible_candidate,,
VRPBTW,21,no_feasible_candidate,,
VRPBTW,22,no_feasible_candidate,,
VRPBTW,23,no_feasible_candidate,,
VRPBTW,24,no_feasible_candidate,,
VRPBTW,25,ok,15.6044670274,16
VRPBTW,26,no_feasible_candidate,,
VRPBTW,27,no_feasible_candidate,,
VRPBTW,28,no_feasible_candidate,,
VRPBTW,29,no_feasible_candidate,,
VRPBTW,30,no_feasible_candidate,,
VRPBTW,31,no_feasible_candidate,,
VRPBTW,32,no_feasible_candidate,,
VRPBTW,33,no_feasible_candidate,,
VRPBTW,34,no_feasible_candidate,,
VRPBTW,35,no_feasible_candidate,,
VRPBTW,36,no_feasible_candidate,,
VRPBTW,37,no_feasible_candidate,,
VRPBTW,38,no_feasible_candidate,,
VRPBTW,39,no_feasible_candidate,,
VRPBTW,40,no_feasible_candidate,,
VRPBTW,41,no_feasible_candidate,,
VRPBTW,42,no_feasible_candidate,,
VRPBTW,43,ok,27.1965351398,17
VRPBTW,44,no_feasible_candidate,,
VRPBTW,45,no_feasible_candidate,,
VRPBTW,46,no_feasible_candidate,,
VRPBTW,47,no_feasible_candidate,,
VRPBTW,48,no_feasible_candidate,,
VRPBTW,49,ok,22.4761847159,17
VRPBTW,50,no_feasible_candidate,,
VRPBTW,51,no_feasible_candidate,,
VRPBTW,52,no_feasible_candidate,,
VRPBTW,53,no_feasible_candidate,,
VRPBTW,54,no_feasible_candidate,,
VRPBTW,55,no_feasible_candidate,,
VRPBTW,56,no_feasible_candidate,,
VRPBTW,57,no_feasible_candidate,,
VRPBTW,58,ok,23.3001637946,15
VRPBTW,59,no_feasible_candidate,,
VRPBTW,60,no_feasible_candidate,,
VRPBTW,61,no_feasible_candidate,,
VRPBTW,62,no_feasible_candidate,,
VRPBTW,63,no_feasible_candidate,,
VRPBTW,64,no_feasible_candidate,,
VRPBTW,65,ok,24.9797097682,20
VRPBTW,66,no_feasible_candidate,,
VRPBTW,67,ok,20.2826406365,16
VRPBTW,68,no_feasible_candidate,,
VRPBTW,69,no_feasible_candidate,,
VRPBTW,70,no_feasible_candidate,,
VRPBTW,71,no_feasible_candidate,,
VRPBTW,72,no_feasible_candidate,,
VRPBTW,73,no_feasible_candidate,,
VRPBTW,74,no_feasible_candidate,,
VRPBTW,75,ok,17.4801562009,15
VRPBTW,76,no_feasible_candidate,,
VRPBTW,77,no_feasible_candidate,,
VRPBTW,78,no_feasible_candidate,,
VRPBTW,79,ok,18.1920246262,16
VRPBTW,80,no_feasible_candidate,,
VRPBTW,81,ok,25.4314823204,19
VRPBTW,82,no_feasible_candidate,,
VRPBTW,83,no_feasible_candidate,,
VRPBTW,84,no_feasible_candidate,,
VRPBTW,85,no_feasible_candidate,,
VRPBTW,86,no_feasible_candidate,,
VRPBTW,87,ok,20.2126458060,14
VRPBTW,88,no_feasible_candidate,,
VRPBTW,89,no_feasible_candidate,,
VRPBTW,90,no_feasible_candidate,,
VRPBTW,91,no_feasible_candidate,,
VRPBTW,92,no_feasible_candidate,,
VRPBTW,93,no_feasible_candidate,,
VRPBTW,94,no_feasible_candidate,,
VRPBTW,95,no_feasible_candidate,,
VRPBTW,96,no_feasible_candidate,,
VRPBTW,97,no_feasible_candidate,,
VRPBTW,98,no_feasible_candidate,,
VRPBTW,99,no_feasible_candidate,,
VRPBTW,100,no_feasible_candidate,,
VRPBTW,101,no_feasible_candidate,,
VRPBTW,102,no_feasible_candidate,,
VRPBTW,103,no_feasible_candidate,,
VRPBTW,104,no_feasible_candidate,,
VRPBTW,105,no_feasible_candidate,,
VRPBTW,106,no_feasible_candidate,,
VRPBTW,107,ok,15.5087456983,16
VRPBTW,108,no_feasible_candidate,,
VRPBTW,109,no_feasible_candidate,,
VRPBTW,110,no_feasible_candidate,,
VRPBTW,111,no_feasible_candidate,,
VRPBTW,112,no_feasible_candidate,,
VRPBTW,113,no_feasible_candidate,,
VRPBTW,114,no_feasible_candidate,,
VRPBTW,115,no_feasible_candidate,,
VRPBTW,116,ok,19.0307625198,17
VRPBTW,117,no_feasible_candidate,,
VRPBTW,118,no_feasible_candidate,,
VRPBTW,119,no_feasible_candidate,,
VRPBTW,120,no_feasible_candidate,,
VRPBTW,121,no_feasible_candidate,,
VRPBTW,122,no_feasible_candidate,,
VRPBTW,123,no_feasible_candidate,,
VRPBTW,124,ok,19.9471830021,16
VRPBTW,125,no_feasible_candidate,,
VRPBTW,126,no_feasible_candidate,,
VRPBTW,127,no_feasible_candidate,,
VRPBTW,128,no_feasible_candidate,,
VRPBTW,129,no_feasible_candidate,,
VRPBTW,130,no_feasible_candidate,,
VRPBTW,131,no_feasible_candidate,,
VRPBTW,132,ok,23.5329416616,16
VRPBTW,133,no_feasible_candidate,,
VRPBTW,134,no_feasible_candidate,,
VRPBTW,135,no_feasible_candidate,,
VRPBTW,136,no_feasible_candidate,,
VRPBTW,137,no_feasible_candidate,,
VRPBTW,138,no_feasible_candidate,,
VRPBTW,139,no_feasible_candidate,,
VRPBTW,140,no_feasible_candidate,,
VRPBTW,141,no_feasible_candidate,,
VRPBTW,142,no_feasible_candidate,,
VRPBTW,143,ok,20.0951160211,15
VRPBTW,144,no_feasible_candidate,,
VRPBTW,145,no_feasible_candidate,,
VRPBTW,146,no_feasible_candidate,,
VRPBTW,147,no_feasible_candidate,,
VRPBTW,148,no_feasible_candidate,,
VRPBTW,149,no_feasible_candidate,,
VRPBTW,150,no_feasible_candidate,,
VRPBTW,151,no_feasible_candidate,,
VRPBTW,152,no_feasible_candidate,,
VRPBTW,153,ok,24.5203077203,17
VRPBTW,154,no_feasible_candidate,,
VRPBTW,155,no_feasible_candidate,,
VRPBTW,156,no_feasible_candidate,,
VRPBTW,157,ok,21.2259198795,16
VRPBTW,158,no_feasible_candidate,,
VRPBTW,159,no_feasible_candidate,,
VRPBTW,160,no_feasible_candidate,,
VRPBTW,161,no_feasible_candidate,,
VRPBTW,162,ok,21.4313483842,19
VRPBTW,163,no_feasible_candidate,,
VRPBTW,164,no_feasible_candidate,,
VRPBTW,165,no_feasible_candidate,,
VRPBTW,166,no_feasible_candidate,,
VRPBTW,167,no_feasible_candidate,,
VRPBTW,168,no_feasible_candidate,,
VRPBTW,169,no_feasible_candidate,,
VRPBTW,170,no_feasible_candidate,,
VRPBTW,171,no_feasible_candidate,,
VRPBTW,172,no_feasible_candidate,,
VRPBTW,173,no_feasible_candidate,,
VRPBTW,174,no_feasible_candidate,,
VRPBTW,175,no_feasible_candidate,,
VRPBTW,176,no_feasible_candidate,,
VRPBTW,177,no_feasible_candidate,,
VRPBTW,178,no_feasible_candidate,,
VRPBTW,179,no_feasible_candidate,,
VRPBTW,180,no_feasible_candidate,,
VRPBTW,181,no_feasible_candidate,,
VRPBTW,182,no_feasible_candidate,,
VRPBTW,183,no_feasible_candidate,,
VRPBTW,184,no_feasible_candidate,,
VRPBTW,185,ok,23.8444868061,16
VRPBTW,186,no_feasible_candidate,,
VRPBTW,187,no_feasible_candidate,,
VRPBTW,188,no_feasible_candidate,,
VRPBTW,189,no_feasible_candidate,,
VRPBTW,190,no_feasible_candidate,,
VRPBTW,191,no_feasible_candidate,,
VRPBTW,192,no_feasible_candidate,,
VRPBTW,193,no_feasible_candidate,,
VRPBTW,194,no_feasible_candidate,,
VRPBTW,195,no_feasible_candidate,,
VRPBTW,196,no_feasible_candidate,,
VRPBTW,197,no_feasible_candidate,,
VRPBTW,198,no_feasible_candidate,,
VRPBTW,199,ok,18.1358288352,17
VRPBTW,200,no_feasible_candidate,,
VRPBTW,201,no_feasible_candidate,,
VRPBTW,202,no_feasible_candidate,,
VRPBTW,203,no_feasible_candidate,,
VRPBTW,204,ok,22.0355168457,18
VRPBTW,205,no_feasible_candidate,,
VRPBTW,206,no_feasible_candidate,,
VRPBTW,207,no_feasible_candidate,,
VRPBTW,208,no_feasible_candidate,,
VRPBTW,209,ok,22.6596604036,17
VRPBTW,210,no_feasible_candidate,,
VRPBTW,211,ok,27.1848767440,19
VRPBTW,212,no_feasible_candidate,,
VRPBTW,213,no_feasible_candidate,,
VRPBTW,214,no_feasible_candidate,,
VRPBTW,215,no_feasible_candidate,,
VRPBTW,216,no_feasible_candidate,,
VRPBTW,217,no_feasible_candidate,,
VRPBTW,218,no_feasible_candidate,,
VRPBTW,219,no_feasible_candidate,,
VRPBTW,220,no_feasible_candidate,,
VRPBTW,221,no_feasible_candidate,,
VRPBTW,222,no_feasible_candidate,,
VRPBTW,223,ok,22.5610620031,16
VRPBTW,224,no_feasible_candidate,,
VRPBTW,225,no_feasible_candidate,,
VRPBTW,226,no_feasible_candidate,,
VRPBTW,227,no_feasible_candidate,,
VRPBTW,228,no_feasible_candidate,,
VRPBTW,229,no_feasible_candidate,,
VRPBTW,230,no_feasible_candidate,,
VRPBTW,231,ok,22.3771010137,15
VRPBTW,232,no_feasible_candidate,,
VRPBTW,233,ok,14.3922948829,13
VRPBTW,234,no_feasible_candidate,,
VRPBTW,235,no_feasible_candidate,,
VRPBTW,236,no_feasible_candidate,,
VRPBTW,237,no_feasible_candidate,,
VRPBTW,238,no_feasible_candidate,,
VRPBTW,239,no_feasible_candidate,,
VRPBTW,240,no_feasible_candidate,,
VRPBTW,241,no_feasible_candidate,,
VRPBTW,242,no_feasible_candidate,,
VRPBTW,243,no_feasible_candidate,,
VRPBTW,244,no_feasible_candidate,,
VRPBTW,245,no_feasible_candidate,,
VRPBTW,246,no_feasible_candidate,,
VRPBTW,247,no_feasible_candidate,,
VRPBTW,248,no_feasible_candidate,,
VRPBTW,249,no_feasible_candidate,,
VRPBTW,250,no_feasible_candidate,,
VRPBTW,251,no_feasible_candidate,,
VRPBTW,252,ok,30.0533337352,18
VRPBTW,253,no_feasible_candidate,,
VRPBTW,254,no_feasible_candidate,,
VRPBTW,255,no_feasible_candidate,,
VRPBTW,256,no_feasible_candidate,,
VRPBTW,257,no_feasible_candidate,,
VRPBTW,258,no_feasible_candidate,,
VRPBTW,259,no_feasible_candidate,,
VRPBTW,260,no_feasible_candidate,,
VRPBTW,261,no_feasible_candidate,,
VRPBTW,262,no_feasible_candidate,,
VRPBTW,263,no_feasible_candidate,,
VRPBTW,264,ok,18.5544436033,16
VRPBTW,265,ok,16.6787063855,16
VRPBTW,266,no_feasible_candidate,,
VRPBTW,267,no_feasible_candidate,,
VRPBTW,268,no_feasible_candidate,,
VRPBTW,269,no_feasible_candidate,,
VRPBTW,270,ok,26.7051986327,17
VRPBTW,271,no_feasible_candidate,,
VRPBTW,272,no_feasible_candidate,,
VRPBTW,273,ok,21.8753680469,17
VRPBTW,274,no_feasible_candidate,,
VRPBTW,275,ok,21.6621309965,14
VRPBTW,276,no_feasible_candidate,,
VRPBTW,277,ok,16.6285461276,16
VRPBTW,278,ok,14.8486942134,16
VRPBTW,279,no_feasible_candidate,,
VRPBTW,280,no_feasible_candidate,,
VRPBTW,281,ok,17.1636816369,15
VRPBTW,282,no_feasible_candidate,,
VRPBTW,283,no_feasible_candidate,,
VRPBTW,284,no_feasible_candidate,,
VRPBTW,285,no_feasible_candidate,,
VRPBTW,286,no_feasible_candidate,,
VRPBTW,287,no_feasible_candidate,,
VRPBTW,288,no_feasible_candidate,,
VRPBTW,289,no_feasible_candidate,,
VRPBTW,290,no_feasible_candidate,,
VRPBTW,291,no_feasible_candidate,,
VRPBTW,292,no_feasible_candidate,,
VRPBTW,293,no_feasible_candidate,,
VRPBTW,294,no_feasible_candidate,,
VRPBTW,295,ok,20.0434188423,16
VRPBTW,296,no_feasible_candidate,,
VRPBTW,297,no_feasible_candidate,,
VRPBTW,298,no_feasible_candidate,,
VRPBTW,299,no_feasible_candidate,,
VRPBTW,300,ok,24.1135028217,17
VRPBTW,301,no_feasible_candidate,,
VRPBTW,302,no_feasible_candidate,,
VRPBTW,303,no_feasible_candidate,,
VRPBTW,304,no_feasible_candidate,,
VRPBTW,305,no_feasible_candidate,,
VRPBTW,306,ok,19.9675639049,18
VRPBTW,307,no_feasible_candidate,,
VRPBTW,308,no_feasible_candidate,,
VRPBTW,309,ok,21.8637569389,17
VRPBTW,310,no_feasible_candidate,,
VRPBTW,311,no_feasible_candidate,,
VRPBTW,312,no_feasible_candidate,,
VRPBTW,313,no_feasible_candidate,,
VRPBTW,314,no_feasible_candidate,,
VRPBTW,315,ok,20.0964252516,16
VRPBTW,316,no_feasible_candidate,,
VRPBTW,317,no_feasible_candidate,,
VRPBTW,318,no_feasible_candidate,,
VRPBTW,319,ok,25.3201069782,19
VRPBTW,320,ok,26.0723433668,17
VRPBTW,321,no_feasible_candidate,,
VRPBTW,322,no_feasible_candidate,,
VRPBTW,323,no_feasible_candidate,,
VRPBTW,324,no_feasible_candidate,,
VRPBTW,325,no_feasible_candidate,,
VRPBTW,326,no_feasible_candidate,,
VRPBTW,327,no_feasible_candidate,,
VRPBTW,328,no_feasible_candidate,,
VRPBTW,329,no_feasible_candidate,,
VRPBTW,330,no_feasible_candidate,,
VRPBTW,331,no_feasible_candidate,,
VRPBTW,332,no_feasible_candidate,,
VRPBTW,333,no_feasible_candidate,,
VRPBTW,334,no_feasible_candidate,,
VRPBTW,335,no_feasible_candidate,,
VRPBTW,336,no_feasible_candidate,,
VRPBTW,337,no_feasible_candidate,,
VRPBTW,338,no_feasible_candidate,,
VRPBTW,339,no_feasible_candidate,,
VRPBTW,340,no_feasible_candidate,,
VRPBTW,341,no_feasible_candidate,,
VRPBTW,342,no_feasible_candidate,,
VRPBTW,343,no_feasible_candidate,,
VRPBTW,344,no_feasible_candidate,,
VRPBTW,345,no_feasible_candidate,,
VRPBTW,346,no_feasible_candidate,,
VRPBTW,347,no_feasible_candidate,,
VRPBTW,348,no_feasible_candidate,,
VRPBTW,349,no_feasible_candidate,,
VRPBTW,350,no_feasible_candidate,,
VRPBTW,351,no_feasible_candidate,,
VRPBTW,352,no_feasible_candidate,,
VRPBTW,353,no_feasible_candidate,,
VRPBTW,354,no_feasible_candidate,,
VRPBTW,355,no_feasible_candidate,,
VRPBTW,356,no_feasible_candidate,,
VRPBTW,357,no_feasible_candidate,,
VRPBTW,358,no_feasible_candidate,,
VRPBTW,359,no_feasible_candidate,,
VRPBTW,360,no_feasible_candidate,,
VRPBTW,361,no_feasible_candidate,,
VRPBTW,362,ok,28.9622166462,18
VRPBTW,363,no_feasible_candidate,,
VRPBTW,364,ok,23.5560569926,18
VRPBTW,365,no_feasible_candidate,,
VRPBTW,366,no_feasible_candidate,,
VRPBTW,367,no_feasible_candidate,,
VRPBTW,368,no_feasible_candidate,,
VRPBTW,369,no_feasible_candidate,,
VRPBTW,370,no_feasible_candidate,,
VRPBTW,371,ok,25.5276584960,19
VRPBTW,372,no_feasible_candidate,,
VRPBTW,373,ok,18.9426761714,18
VRPBTW,374,no_feasible_candidate,,
VRPBTW,375,no_feasible_candidate,,
VRPBTW,376,no_feasible_candidate,,
VRPBTW,377,no_feasible_candidate,,
VRPBTW,378,no_feasible_candidate,,
VRPBTW,379,no_feasible_candidate,,
VRPBTW,380,no_feasible_candidate,,
VRPBTW,381,no_feasible_candidate,,
VRPBTW,382,no_feasible_candidate,,
VRPBTW,383,no_feasible_candidate,,
VRPBTW,384,no_feasible_candidate,,
VRPBTW,385,no_feasible_candidate,,
VRPBTW,386,no_feasible_candidate,,
VRPBTW,387,no_feasible_candidate,,
VRPBTW,388,no_feasible_candidate,,
VRPBTW,389,no_feasible_candidate,,
VRPBTW,390,no_feasible_candidate,,
VRPBTW,391,no_feasible_candidate,,
VRPBTW,392,no_feasible_candidate,,
VRPBTW,393,no_feasible_candidate,,
VRPBTW,394,no_feasible_candidate,,
VRPBTW,395,no_feasible_candidate,,
VRPBTW,396,ok,30.6329785781,21
VRPBTW,397,no_feasible_candidate,,
VRPBTW,398,no_feasible_candidate,,
VRPBTW,399,no_feasible_candidate,,
VRPBTW,400,no_feasible_candidate,,
VRPBTW,401,no_feasible_candidate,,
VRPBTW,402,no_feasible_candidate,,
VRPBTW,403,ok,22.1245981054,18
VRPBTW,404,ok,18.2236582820,16
VRPBTW,405,no_feasible_candidate,,
VRPBTW,406,no_feasible_candidate,,
VRPBTW,407,no_feasible_candidate,,
VRPBTW,408,no_feasible_candidate,,
VRPBTW,409,no_feasible_candidate,,
VRPBTW,410,no_feasible_candidate,,
VRPBTW,411,no_feasible_candidate,,
VRPBTW,412,no_feasible_candidate,,
VRPBTW,413,no_feasible_candidate,,
VRPBTW,414,no_feasible_candidate,,
VRPBTW,415,no_feasible_candidate,,
VRPBTW,416,no_feasible_candidate,,
VRPBTW,417,no_feasible_candidate,,
VRPBTW,418,no_feasible_candidate,,
VRPBTW,419,no_feasible_candidate,,
VRPBTW,420,no_feasible_candidate,,
VRPBTW,421,no_feasible_candidate,,
VRPBTW,422,no_feasible_candidate,,
VRPBTW,423,no_feasible_candidate,,
VRPBTW,424,ok,16.0721488546,15
VRPBTW,425,no_feasible_candidate,,
VRPBTW,426,ok,28.0015492211,19
VRPBTW,427,no_feasible_candidate,,
VRPBTW,428,ok,25.4891693138,19
VRPBTW,429,no_feasible_candidate,,
VRPBTW,430,no_feasible_candidate,,
VRPBTW,431,no_feasible_candidate,,
VRPBTW,432,no_feasible_candidate,,
VRPBTW,433,no_feasible_candidate,,
VRPBTW,434,ok,20.8883097757,17
VRPBTW,435,no_feasible_candidate,,
VRPBTW,436,no_feasible_candidate,,
VRPBTW,437,no_feasible_candidate,,
VRPBTW,438,no_feasible_candidate,,
VRPBTW,439,no_feasible_candidate,,
VRPBTW,440,no_feasible_candidate,,
VRPBTW,441,no_feasible_candidate,,
VRPBTW,442,no_feasible_candidate,,
VRPBTW,443,no_feasible_candidate,,
VRPBTW,444,ok,16.3920647122,16
VRPBTW,445,ok,20.4003315491,16
VRPBTW,446,no_feasible_candidate,,
VRPBTW,447,no_feasible_candidate,,
VRPBTW,448,no_feasible_candidate,,
VRPBTW,449,no_feasible_candidate,,
VRPBTW,450,no_feasible_candidate,,
VRPBTW,451,no_feasible_candidate,,
VRPBTW,452,no_feasible_candidate,,
VRPBTW,453,no_feasible_candidate,,
VRPBTW,454,no_feasible_candidate,,
VRPBTW,455,ok,22.1710169883,18
VRPBTW,456,no_feasible_candidate,,
VRPBTW,457,no_feasible_candidate,,
VRPBTW,458,ok,29.8404205212,20
VRPBTW,459,no_feasible_candidate,,
VRPBTW,460,no_feasible_candidate,,
VRPBTW,461,no_feasible_candidate,,
VRPBTW,462,no_feasible_candidate,,
VRPBTW,463,no_feasible_candidate,,
VRPBTW,464,no_feasible_candidate,,
VRPBTW,465,no_feasible_candidate,,
VRPBTW,466,no_feasible_candidate,,
VRPBTW,467,no_feasible_candidate,,
VRPBTW,468,no_feasible_candidate,,
VRPBTW,469,no_feasible_candidate,,
VRPBTW,470,no_feasible_candidate,,
VRPBTW,471,no_feasible_candidate,,
VRPBTW,472,ok,26.2566302912,18
VRPBTW,473,no_feasible_candidate,,
VRPBTW,474,no_feasible_candidate,,
VRPBTW,475,no_feasible_candidate,,
VRPBTW,476,no_feasible_candidate,,
VRPBTW,477,no_feasible_candidate,,
VRPBTW,478,ok,20.4854664953,16
VRPBTW,479,no_feasible_candidate,,
VRPBTW,480,no_feasible_candidate,,
VRPBTW,481,no_feasible_candidate,,
VRPBTW,482,no_feasible_candidate,,
VRPBTW,483,no_feasible_candidate,,
VRPBTW,484,no_feasible_candidate,,
VRPBTW,485,no_feasible_candidate,,
VRPBTW,486,no_feasible_candidate,,
VRPBTW,487,no_feasible_candidate,,
VRPBTW,488,ok,17.1033050438,15
VRPBTW,489,no_feasible_candidate,,
VRPBTW,490,no_feasible_candidate,,
VRPBTW,491,no_feasible_candidate,,
VRPBTW,492,no_feasible_candidate,,
VRPBTW,493,no_feasible_candidate,,
VRPBTW,494,no_feasible_candidate,,
VRPBTW,495,no_feasible_candidate,,
VRPBTW,496,no_feasible_candidate,,
VRPBTW,497,no_feasible_candidate,,
VRPBTW,498,ok,25.0099318949,17
VRPBTW,499,no_feasible_candidate,,
VRPBTW,500,no_feasible_candidate,,
VRPBTW,501,no_feasible_candidate,,
VRPBTW,502,no_feasible_candidate,,
VRPBTW,503,no_feasible_candidate,,
VRPBTW,504,no_feasible_candidate,,
VRPBTW,505,no_feasible_candidate,,
VRPBTW,506,no_feasible_candidate,,
VRPBTW,507,no_feasible_candidate,,
VRPBTW,508,no_feasible_candidate,,
VRPBTW,509,ok,16.0358578955,15
VRPBTW,510,no_feasible_candidate,,
VRPBTW,511,no_feasible_candidate,,
VRPBTW,512,no_feasible_candidate,,
VRPBTW,513,no_feasible_candidate,,
VRPBTW,514,no_feasible_candidate,,
VRPBTW,515,no_feasible_candidate,,
VRPBTW,516,no_feasible_candidate,,
VRPBTW,517,no_feasible_candidate,,
VRPBTW,518,no_feasible_candidate,,
VRPBTW,519,no_feasible_candidate,,
VRPBTW,520,no_feasible_candidate,,
VRPBTW,521,no_feasible_candidate,,
VRPBTW,522,no_feasible_candidate,,
VRPBTW,523,no_feasible_candidate,,
VRPBTW,524,no_feasible_candidate,,
VRPBTW,525,no_feasible_candidate,,
VRPBTW,526,ok,24.6733908766,18
VRPBTW,527,no_feasible_candidate,,
VRPBTW,528,ok,22.0012570370,17
VRPBTW,529,no_feasible_candidate,,
VRPBTW,530,no_feasible_candidate,,
VRPBTW,531,no_feasible_candidate,,
VRPBTW,532,no_feasible_candidate,,
VRPBTW,533,no_feasible_candidate,,
VRPBTW,534,no_feasible_candidate,,
VRPBTW,535,no_feasible_candidate,,
VRPBTW,536,no_feasible_candidate,,
VRPBTW,537,no_feasible_candidate,,
VRPBTW,538,no_feasible_candidate,,
VRPBTW,539,no_feasible_candidate,,
VRPBTW,540,no_feasible_candidate,,
VRPBTW,541,no_feasible_candidate,,
VRPBTW,542,no_feasible_candidate,,
VRPBTW,543,no_feasible_candidate,,
VRPBTW,544,no_feasible_candidate,,
VRPBTW,545,ok,24.9399150848,20
VRPBTW,546,no_feasible_candidate,,
VRPBTW,547,no_feasible_candidate,,
VRPBTW,548,no_feasible_candidate,,
VRPBTW,549,ok,30.5863635606,21
VRPBTW,550,ok,22.2733929722,15
VRPBTW,551,no_feasible_candidate,,
VRPBTW,552,no_feasible_candidate,,
VRPBTW,553,ok,15.8927054100,15
VRPBTW,554,ok,20.5666441790,17
VRPBTW,555,ok,29.0486951699,18
VRPBTW,556,ok,28.0589625441,19
VRPBTW,557,no_feasible_candidate,,
VRPBTW,558,no_feasible_candidate,,
VRPBTW,559,no_feasible_candidate,,
VRPBTW,560,no_feasible_candidate,,
VRPBTW,561,no_feasible_candidate,,
VRPBTW,562,no_feasible_candidate,,
VRPBTW,563,no_feasible_candidate,,
VRPBTW,564,no_feasible_candidate,,
VRPBTW,565,no_feasible_candidate,,
VRPBTW,566,no_feasible_candidate,,
VRPBTW,567,no_feasible_candidate,,
VRPBTW,568,no_feasible_candidate,,
VRPBTW,569,no_feasible_candidate,,
VRPBTW,570,no_feasible_candidate,,
VRPBTW,571,no_feasible_candidate,,
VRPBTW,572,no_feasible_candidate,,
VRPBTW,573,no_feasible_candidate,,
VRPBTW,574,no_feasible_candidate,,
VRPBTW,575,no_feasible_candidate,,
VRPBTW,576,no_feasible_candidate,,
VRPBTW,577,no_feasible_candidate,,
VRPBTW,578,no_feasible_candidate,,
VRPBTW,579,no_feasible_candidate,,
VRPBTW,580,no_feasible_candidate,,
VRPBTW,581,no_feasible_candidate,,
VRPBTW,582,no_feasible_candidate,,
VRPBTW,583,no_feasible_candidate,,
VRPBTW,584,no_feasible_candidate,,
VRPBTW,585,no_feasible_candidate,,
VRPBTW,586,no_feasible_candidate,,
VRPBTW,587,no_feasible_candidate,,
VRPBTW,588,ok,27.0216097097,18
VRPBTW,589,no_feasible_candidate,,
VRPBTW,590,no_feasible_candidate,,
VRPBTW,591,no_feasible_candidate,,
VRPBTW,592,no_feasible_candidate,,
VRPBTW,593,no_feasible_candidate,,
VRPBTW,594,ok,17.4271869989,15
VRPBTW,595,no_feasible_candidate,,
VRPBTW,596,ok,18.1607094946,16
VRPBTW,597,ok,18.5366094689,17
VRPBTW,598,ok,21.3715583011,17
VRPBTW,599,no_feasible_candidate,,
VRPBTW,600,no_feasible_candidate,,
VRPBTW,601,no_feasible_candidate,,
VRPBTW,602,no_feasible_candidate,,
VRPBTW,603,no_feasible_candidate,,
VRPBTW,604,no_feasible_candidate,,
VRPBTW,605,no_feasible_candidate,,
VRPBTW,606,no_feasible_candidate,,
VRPBTW,607,no_feasible_candidate,,
VRPBTW,608,no_feasible_candidate,,
VRPBTW,609,no_feasible_candidate,,
VRPBTW,610,no_feasible_candidate,,
VRPBTW,611,no_feasible_candidate,,
VRPBTW,612,no_feasible_candidate,,
VRPBTW,613,ok,23.9280971461,17
VRPBTW,614,ok,20.6227958540,18
VRPBTW,615,ok,23.9531536936,19
VRPBTW,616,ok,20.8138150692,17
VRPBTW,617,no_feasible_candidate,,
VRPBTW,618,no_feasible_candidate,,
VRPBTW,619,ok,25.0782064508,19
VRPBTW,620,no_feasible_candidate,,
VRPBTW,621,no_feasible_candidate,,
VRPBTW,622,ok,24.2545970575,17
VRPBTW,623,no_feasible_candidate,,
VRPBTW,624,no_feasible_candidate,,
VRPBTW,625,no_feasible_candidate,,
VRPBTW,626,no_feasible_candidate,,
VRPBTW,627,no_feasible_candidate,,
VRPBTW,628,no_feasible_candidate,,
VRPBTW,629,no_feasible_candidate,,
VRPBTW,630,no_feasible_candidate,,
VRPBTW,631,no_feasible_candidate,,
VRPBTW,632,no_feasible_candidate,,
VRPBTW,633,no_feasible_candidate,,
VRPBTW,634,no_feasible_candidate,,
VRPBTW,635,no_feasible_candidate,,
VRPBTW,636,no_feasible_candidate,,
VRPBTW,637,no_feasible_candidate,,
VRPBTW,638,no_feasible_candidate,,
VRPBTW,639,no_feasible_candidate,,
VRPBTW,640,no_feasible_candidate,,
VRPBTW,641,ok,17.1839406714,19
VRPBTW,642,no_feasible_candidate,,
VRPBTW,643,no_feasible_candidate,,
VRPBTW,644,no_feasible_candidate,,
VRPBTW,645,ok,16.8999985555,17
VRPBTW,646,no_feasible_candidate,,
VRPBTW,647,no_feasible_candidate,,
VRPBTW,648,no_feasible_candidate,,
VRPBTW,649,no_feasible_candidate,,
VRPBTW,650,no_feasible_candidate,,
VRPBTW,651,no_feasible_candidate,,
VRPBTW,652,ok,28.0386179856,18
VRPBTW,653,no_feasible_candidate,,
VRPBTW,654,no_feasible_candidate,,
VRPBTW,655,no_feasible_candidate,,
VRPBTW,656,no_feasible_candidate,,
VRPBTW,657,no_feasible_candidate,,
VRPBTW,658,no_feasible_candidate,,
VRPBTW,659,ok,24.4463868309,15
VRPBTW,660,no_feasible_candidate,,
VRPBTW,661,no_feasible_candidate,,
VRPBTW,662,no_feasible_candidate,,
VRPBTW,663,no_feasible_candidate,,
VRPBTW,664,no_feasible_candidate,,
VRPBTW,665,no_feasible_candidate,,
VRPBTW,666,ok,14.8820145935,15
VRPBTW,667,ok,24.2849300369,18
VRPBTW,668,no_feasible_candidate,,
VRPBTW,669,no_feasible_candidate,,
VRPBTW,670,no_feasible_candidate,,
VRPBTW,671,ok,16.3826533023,16
VRPBTW,672,ok,20.8392422054,17
VRPBTW,673,no_feasible_candidate,,
VRPBTW,674,no_feasible_candidate,,
VRPBTW,675,no_feasible_candidate,,
VRPBTW,676,no_feasible_candidate,,
VRPBTW,677,ok,21.1470705124,18
VRPBTW,678,no_feasible_candidate,,
VRPBTW,679,no_feasible_candidate,,
VRPBTW,680,no_feasible_candidate,,
VRPBTW,681,no_feasible_candidate,,
VRPBTW,682,no_feasible_candidate,,
VRPBTW,683,no_feasible_candidate,,
VRPBTW,684,no_feasible_candidate,,
VRPBTW,685,no_feasible_candidate,,
VRPBTW,686,no_feasible_candidate,,
VRPBTW,687,no_feasible_candidate,,
VRPBTW,688,no_feasible_candidate,,
VRPBTW,689,ok,20.2102154629,17
VRPBTW,690,no_feasible_candidate,,
VRPBTW,691,no_feasible_candidate,,
VRPBTW,692,no_feasible_candidate,,
VRPBTW,693,ok,19.8418358329,17
VRPBTW,694,no_feasible_candidate,,
VRPBTW,695,no_feasible_candidate,,
VRPBTW,696,ok,16.3810399140,16
VRPBTW,697,no_feasible_candidate,,
VRPBTW,698,ok,20.3055457777,16
VRPBTW,699,no_feasible_candidate,,
VRPBTW,700,no_feasible_candidate,,
VRPBTW,701,no_feasible_candidate,,
VRPBTW,702,no_feasible_candidate,,
VRPBTW,703,no_feasible_candidate,,
VRPBTW,704,no_feasible_candidate,,
VRPBTW,705,no_feasible_candidate,,
VRPBTW,706,no_feasible_candidate,,
VRPBTW,707,no_feasible_candidate,,
VRPBTW,708,no_feasible_candidate,,
VRPBTW,709,no_feasible_candidate,,
VRPBTW,710,no_feasible_candidate,,
VRPBTW,711,no_feasible_candidate,,
VRPBTW,712,no_feasible_candidate,,
VRPBTW,713,no_feasible_candidate,,
VRPBTW,714,no_feasible_candidate,,
VRPBTW,715,ok,25.8715260770,18
VRPBTW,716,ok,14.5226644889,13
VRPBTW,717,no_feasible_candidate,,
VRPBTW,718,no_feasible_candidate,,
VRPBTW,719,no_feasible_candidate,,
VRPBTW,720,no_feasible_candidate,,
VRPBTW,721,no_feasible_candidate,,
VRPBTW,722,no_feasible_candidate,,
VRPBTW,723,no_feasible_candidate,,
VRPBTW,724,no_feasible_candidate,,
VRPBTW,725,no_feasible_candidate,,
VRPBTW,726,no_feasible_candidate,,
VRPBTW,727,ok,18.2556275821,16
VRPBTW,728,ok,17.9068507473,14
VRPBTW,729,no_feasible_candidate,,
VRPBTW,730,no_feasible_candidate,,
VRPBTW,731,ok,20.2409538202,15
VRPBTW,732,no_feasible_candidate,,
VRPBTW,733,ok,23.2765910230,18
VRPBTW,734,no_feasible_candidate,,
VRPBTW,735,ok,24.9735085872,19
VRPBTW,736,no_feasible_candidate,,
VRPBTW,737,ok,27.8621245614,20
VRPBTW,738,no_feasible_candidate,,
VRPBTW,739,no_feasible_candidate,,
VRPBTW,740,no_feasible_candidate,,
VRPBTW,741,no_feasible_candidate,,
VRPBTW,742,no_feasible_candidate,,
VRPBTW,743,no_feasible_candidate,,
VRPBTW,744,no_feasible_candidate,,
VRPBTW,745,no_feasible_candidate,,
VRPBTW,746,ok,18.3298015531,14
VRPBTW,747,no_feasible_candidate,,
VRPBTW,748,no_feasible_candidate,,
VRPBTW,749,ok,23.2269522943,17
VRPBTW,750,ok,29.0430254353,19
VRPBTW,751,no_feasible_candidate,,
VRPBTW,752,no_feasible_candidate,,
VRPBTW,753,no_feasible_candidate,,
VRPBTW,754,ok,22.5415837918,18
VRPBTW,755,ok,16.3567607184,16
VRPBTW,756,no_feasible_candidate,,
VRPBTW,757,ok,21.5318341788,18
VRPBTW,758,no_feasible_candidate,,
VRPBTW,759,no_feasible_candidate,,
VRPBTW,760,no_feasible_candidate,,
VRPBTW,761,ok,18.4043799560,16
VRPBTW,762,no_feasible_candidate,,
VRPBTW,763,ok,27.9470027040,19
VRPBTW,764,no_feasible_candidate,,
VRPBTW,765,no_feasible_candidate,,
VRPBTW,766,ok,24.8767943915,17
VRPBTW,767,no_feasible_candidate,,
VRPBTW,768,no_feasible_candidate,,
VRPBTW,769,no_feasible_candidate,,
VRPBTW,770,no_feasible_candidate,,
VRPBTW,771,no_feasible_candidate,,
VRPBTW,772,ok,14.9539394153,13
VRPBTW,773,ok,17.7194693413,15
VRPBTW,774,no_feasible_candidate,,
VRPBTW,775,no_feasible_candidate,,
VRPBTW,776,no_feasible_candidate,,
VRPBTW,777,no_feasible_candidate,,
VRPBTW,778,ok,20.8236800390,17
VRPBTW,779,ok,15.0203828246,15
VRPBTW,780,ok,25.3750820716,19
VRPBTW,781,no_feasible_candidate,,
VRPBTW,782,no_feasible_candidate,,
VRPBTW,783,no_feasible_candidate,,
VRPBTW,784,ok,21.8287157629,15
VRPBTW,785,no_feasible_candidate,,
VRPBTW,786,no_feasible_candidate,,
VRPBTW,787,no_feasible_candidate,,
VRPBTW,788,ok,26.3287139049,19
VRPBTW,789,no_feasible_candidate,,
VRPBTW,790,no_feasible_candidate,,
VRPBTW,791,ok,16.0936054365,15
VRPBTW,792,no_feasible_candidate,,
VRPBTW,793,no_feasible_candidate,,
VRPBTW,794,ok,18.2038437608,17
VRPBTW,795,no_feasible_candidate,,
VRPBTW,796,no_feasible_candidate,,
VRPBTW,797,no_feasible_candidate,,
VRPBTW,798,no_feasible_candidate,,
VRPBTW,799,no_feasible_candidate,,
VRPBTW,800,no_feasible_candidate,,
VRPBTW,801,no_feasible_candidate,,
VRPBTW,802,no_feasible_candidate,,
VRPBTW,803,no_feasible_candidate,,
VRPBTW,804,no_feasible_candidate,,
VRPBTW,805,no_feasible_candidate,,
VRPBTW,806,no_feasible_candidate,,
VRPBTW,807,ok,26.3237271196,18
VRPBTW,808,no_feasible_candidate,,
VRPBTW,809,no_feasible_candidate,,
VRPBTW,810,ok,25.0434108478,18
VRPBTW,811,no_feasible_candidate,,
VRPBTW,812,no_feasible_candidate,,
VRPBTW,813,no_feasible_candidate,,
VRPBTW,814,no_feasible_candidate,,
VRPBTW,815,no_feasible_candidate,,
VRPBTW,816,no_feasible_candidate,,
VRPBTW,817,ok,24.6833418854,17
VRPBTW,818,no_feasible_candidate,,
VRPBTW,819,no_feasible_candidate,,
VRPBTW,820,ok,17.3285528285,18
VRPBTW,821,ok,16.8207736934,13
VRPBTW,822,no_feasible_candidate,,
VRPBTW,823,no_feasible_candidate,,
VRPBTW,824,no_feasible_candidate,,
VRPBTW,825,no_feasible_candidate,,
VRPBTW,826,no_feasible_candidate,,
VRPBTW,827,no_feasible_candidate,,
VRPBTW,828,no_feasible_candidate,,
VRPBTW,829,no_feasible_candidate,,
VRPBTW,830,no_feasible_candidate,,
VRPBTW,831,no_feasible_candidate,,
VRPBTW,832,no_feasible_candidate,,
VRPBTW,833,no_feasible_candidate,,
VRPBTW,834,no_feasible_candidate,,
VRPBTW,835,no_feasible_candidate,,
VRPBTW,836,no_feasible_candidate,,
VRPBTW,837,no_feasible_candidate,,
VRPBTW,838,ok,14.5072417287,15
VRPBTW,839,no_feasible_candidate,,
VRPBTW,840,ok,19.4243539718,16
VRPBTW,841,no_feasible_candidate,,
VRPBTW,842,no_feasible_candidate,,
VRPBTW,843,no_feasible_candidate,,
VRPBTW,844,no_feasible_candidate,,
VRPBTW,845,ok,24.7465231030,18
VRPBTW,846,no_feasible_candidate,,
VRPBTW,847,no_feasible_candidate,,
VRPBTW,848,no_feasible_candidate,,
VRPBTW,849,no_feasible_candidate,,
VRPBTW,850,no_feasible_candidate,,
VRPBTW,851,no_feasible_candidate,,
VRPBTW,852,no_feasible_candidate,,
VRPBTW,853,no_feasible_candidate,,
VRPBTW,854,no_feasible_candidate,,
VRPBTW,855,ok,19.0332563285,19
VRPBTW,856,no_feasible_candidate,,
VRPBTW,857,ok,18.4709037036,16
VRPBTW,858,no_feasible_candidate,,
VRPBTW,859,no_feasible_candidate,,
VRPBTW,860,no_feasible_candidate,,
VRPBTW,861,no_feasible_candidate,,
VRPBTW,862,no_feasible_candidate,,
VRPBTW,863,no_feasible_candidate,,
VRPBTW,864,no_feasible_candidate,,
VRPBTW,865,no_feasible_candidate,,
VRPBTW,866,no_feasible_candidate,,
VRPBTW,867,no_feasible_candidate,,
VRPBTW,868,no_feasible_candidate,,
VRPBTW,869,no_feasible_candidate,,
VRPBTW,870,no_feasible_candidate,,
VRPBTW,871,no_feasible_candidate,,
VRPBTW,872,no_feasible_candidate,,
VRPBTW,873,no_feasible_candidate,,
VRPBTW,874,no_feasible_candidate,,
VRPBTW,875,no_feasible_candidate,,
VRPBTW,876,no_feasible_candidate,,
VRPBTW,877,no_feasible_candidate,,
VRPBTW,878,no_feasible_candidate,,
VRPBTW,879,ok,21.0381057091,17
VRPBTW,880,no_feasible_candidate,,
VRPBTW,881,no_feasible_candidate,,
VRPBTW,882,no_feasible_candidate,,
VRPBTW,883,no_feasible_candidate,,
VRPBTW,884,no_feasible_candidate,,
VRPBTW,885,no_feasible_candidate,,
VRPBTW,886,no_feasible_candidate,,
VRPBTW,887,no_feasible_candidate,,
VRPBTW,888,no_feasible_candidate,,
VRPBTW,889,ok,20.4056103561,16
VRPBTW,890,no_feasible_candidate,,
VRPBTW,891,no_feasible_candidate,,
VRPBTW,892,ok,27.7826898560,18
VRPBTW,893,no_feasible_candidate,,
VRPBTW,894,no_feasible_candidate,,
VRPBTW,895,no_feasible_candidate,,
VRPBTW,896,no_feasible_candidate,,
VRPBTW,897,no_feasible_candidate,,
VRPBTW,898,no_feasible_candidate,,
VRPBTW,899,ok,20.3147022561,14
VRPBTW,900,no_feasible_candidate,,
VRPBTW,901,no_feasible_candidate,,
VRPBTW,902,no_feasible_candidate,,
VRPBTW,903,no_feasible_candidate,,
VRPBTW,904,ok,19.9880920445,14
VRPBTW,905,ok,22.9550966695,17
VRPBTW,906,no_feasible_candidate,,
VRPBTW,907,ok,19.7387288289,17
VRPBTW,908,no_feasible_candidate,,
VRPBTW,909,ok,15.1565439157,15
VRPBTW,910,no_feasible_candidate,,
VRPBTW,911,no_feasible_candidate,,
VRPBTW,912,ok,22.2425209307,18
VRPBTW,913,no_feasible_candidate,,
VRPBTW,914,no_feasible_candidate,,
VRPBTW,915,no_feasible_candidate,,
VRPBTW,916,no_feasible_candidate,,
VRPBTW,917,no_feasible_candidate,,
VRPBTW,918,no_feasible_candidate,,
VRPBTW,919,no_feasible_candidate,,
VRPBTW,920,no_feasible_candidate,,
VRPBTW,921,no_feasible_candidate,,
VRPBTW,922,no_feasible_candidate,,
VRPBTW,923,no_feasible_candidate,,
VRPBTW,924,no_feasible_candidate,,
VRPBTW,925,no_feasible_candidate,,
VRPBTW,926,no_feasible_candidate,,
VRPBTW,927,no_feasible_candidate,,
VRPBTW,928,no_feasible_candidate,,
VRPBTW,929,no_feasible_candidate,,
VRPBTW,930,no_feasible_candidate,,
VRPBTW,931,no_feasible_candidate,,
VRPBTW,932,no_feasible_candidate,,
VRPBTW,933,no_feasible_candidate,,
VRPBTW,934,no_feasible_candidate,,
VRPBTW,935,no_feasible_candidate,,
VRPBTW,936,no_feasible_candidate,,
VRPBTW,937,no_feasible_candidate,,
VRPBTW,938,no_feasible_candidate,,
VRPBTW,939,no_feasible_candidate,,
VRPBTW,940,no_feasible_candidate,,
VRPBTW,941,ok,22.5791425768,18
VRPBTW,942,no_feasible_candidate,,
VRPBTW,943,ok,19.5305627991,17
VRPBTW,944,no_feasible_candidate,,
VRPBTW,945,no_feasible_candidate,,
VRPBTW,946,no_feasible_candidate,,
VRPBTW,947,no_feasible_candidate,,
VRPBTW,948,ok,27.9948660220,18
VRPBTW,949,no_feasible_candidate,,
VRPBTW,950,no_feasible_candidate,,
VRPBTW,951,no_feasible_candidate,,
VRPBTW,952,no_feasible_candidate,,
VRPBTW,953,no_feasible_candidate,,
VRPBTW,954,no_feasible_candidate,,
VRPBTW,955,no_feasible_candidate,,
VRPBTW,956,no_feasible_candidate,,
VRPBTW,957,no_feasible_candidate,,
VRPBTW,958,no_feasible_candidate,,
VRPBTW,959,no_feasible_candidate,,
VRPBTW,960,no_feasible_candidate,,
VRPBTW,961,no_feasible_candidate,,
VRPBTW,962,no_feasible_candidate,,
VRPBTW,963,no_feasible_candidate,,
VRPBTW,964,no_feasible_candidate,,
VRPBTW,965,no_feasible_candidate,,
VRPBTW,966,ok,25.4303698858,17
VRPBTW,967,no_feasible_candidate,,
VRPBTW,968,no_feasible_candidate,,
VRPBTW,969,no_feasible_candidate,,
VRPBTW,970,no_feasible_candidate,,
VRPBTW,971,no_feasible_candidate,,
VRPBTW,972,no_feasible_candidate,,
VRPBTW,973,no_feasible_candidate,,
VRPBTW,974,no_feasible_candidate,,
VRPBTW,975,no_feasible_candidate,,
VRPBTW,976,no_feasible_candidate,,
VRPBTW,977,no_feasible_candidate,,
VRPBTW,978,no_feasible_candidate,,
VRPBTW,979,no_feasible_candidate,,
VRPBTW,980,no_feasible_candidate,,
VRPBTW,981,no_feasible_candidate,,
VRPBTW,982,ok,23.2270947128,17
VRPBTW,983,no_feasible_candidate,,
VRPBTW,984,ok,19.2486611312,16
VRPBTW,985,ok,17.8541589296,18
VRPBTW,986,no_feasible_candidate,,
VRPBTW,987,no_feasible_candidate,,
VRPBTW,988,no_feasible_candidate,,
VRPBTW,989,no_feasible_candidate,,
VRPBTW,990,no_feasible_candidate,,
VRPBTW,991,no_feasible_candidate,,
VRPBTW,992,no_feasible_candidate,,
VRPBTW,993,no_feasible_candidate,,
VRPBTW,994,no_feasible_candidate,,
VRPBTW,995,no_feasible_candidate,,
VRPBTW,996,no_feasible_candidate,,
VRPBTW,997,no_feasible_candidate,,
VRPBTW,998,no_feasible_candidate,,
VRPBTW,999,no_feasible_candidate,,
VRPLTW,0,ok,15.9413497846,14
VRPLTW,1,ok,16.4995602287,14
VRPLTW,2,ok,14.5728200451,14
VRPLTW,3,ok,18.2836761276,16
VRPLTW,4,ok,21.0143187090,16
VRPLTW,5,ok,15.7839595632,12
VRPLTW,6,ok,19.6357789797,15
VRPLTW,7,ok,18.8748009971,16
VRPLTW,8,ok,16.3893938429,14
VRPLTW,9,ok,23.4443415194,16
VRPLTW,10,ok,15.0242958287,15
VRPLTW,11,ok,17.3569820236,14
VRPLTW,12,ok,15.0813434082,16
VRPLTW,13,ok,16.5409634490,13
VRPLTW,14,ok,22.7286551236,14
VRPLTW,15,ok,18.4055851377,17
VRPLTW,16,ok,12.5993642880,13
VRPLTW,17,ok,16.0691960093,17
VRPLTW,18,ok,15.6611067907,13
VRPLTW,19,ok,19.0576660614,16
VRPLTW,20,ok,14.6540451687,14
VRPLTW,21,ok,14.4062970149,13
VRPLTW,22,ok,24.2797482026,15
VRPLTW,23,ok,19.4532598926,13
VRPLTW,24,ok,24.7061309269,16
VRPLTW,25,ok,14.2696441809,12
VRPLTW,26,ok,17.1826244114,15
VRPLTW,27,ok,20.6748030749,14
VRPLTW,28,ok,18.9733473619,15
VRPLTW,29,ok,14.2747608337,13
VRPLTW,30,ok,19.4510842991,17
VRPLTW,31,ok,21.9870796936,15
VRPLTW,32,ok,27.4914805033,17
VRPLTW,33,ok,22.0540513205,15
VRPLTW,34,ok,15.9313675409,15
VRPLTW,35,ok,17.8501528359,14
VRPLTW,36,ok,14.2422891429,14
VRPLTW,37,ok,14.7294265912,15
VRPLTW,38,ok,22.3776580629,15
VRPLTW,39,ok,14.9015814828,17
VRPLTW,40,ok,15.7115035461,14
VRPLTW,41,ok,17.8159884639,14
VRPLTW,42,ok,19.1615148247,16
VRPLTW,43,ok,15.2781646343,15
VRPLTW,44,ok,18.2558074796,15
VRPLTW,45,ok,15.2472658576,14
VRPLTW,46,ok,15.8599904341,14
VRPLTW,47,ok,19.3349536184,15
VRPLTW,48,ok,20.1565904728,15
VRPLTW,49,ok,16.2505637742,14
VRPLTW,50,ok,20.5578593607,15
VRPLTW,51,ok,24.0699165310,15
VRPLTW,52,ok,19.1374778364,17
VRPLTW,53,ok,17.5806107392,16
VRPLTW,54,ok,17.2991021639,14
VRPLTW,55,ok,18.5102840128,15
VRPLTW,56,ok,15.9569866898,16
VRPLTW,57,ok,19.8742245748,16
VRPLTW,58,ok,18.2078358213,16
VRPLTW,59,ok,14.3234002193,14
VRPLTW,60,ok,16.2887566141,15
VRPLTW,61,ok,19.0705408195,14
VRPLTW,62,ok,20.5467254027,13
VRPLTW,63,ok,16.3623583888,17
VRPLTW,64,ok,19.7659019495,14
VRPLTW,65,ok,20.0997894388,16
VRPLTW,66,ok,20.3322656306,16
VRPLTW,67,ok,20.5227988153,15
VRPLTW,68,ok,19.5668630633,15
VRPLTW,69,ok,15.1802754430,13
VRPLTW,70,ok,26.4904983840,16
VRPLTW,71,ok,13.8227207752,13
VRPLTW,72,ok,18.4222776731,15
VRPLTW,73,ok,16.7693647855,14
VRPLTW,74,ok,15.6792881158,16
VRPLTW,75,ok,18.8557714302,15
VRPLTW,76,ok,15.9874108930,15
VRPLTW,77,ok,21.5901355693,17
VRPLTW,78,ok,15.6013730103,14
VRPLTW,79,ok,24.9817903879,16
VRPLTW,80,ok,14.1039200780,15
VRPLTW,81,ok,15.1589369478,13
VRPLTW,82,ok,24.5678792012,17
VRPLTW,83,ok,14.0355110671,13
VRPLTW,84,ok,15.1973293060,15
VRPLTW,85,ok,14.3666649574,14
VRPLTW,86,ok,17.9224634090,14
VRPLTW,87,ok,13.4067613812,14
VRPLTW,88,ok,13.4493818210,13
VRPLTW,89,ok,17.7355259267,14
VRPLTW,90,ok,19.6684227733,15
VRPLTW,91,ok,17.4929958850,15
VRPLTW,92,ok,19.7574738372,15
VRPLTW,93,ok,16.1451875408,14
VRPLTW,94,ok,16.3958146094,15
VRPLTW,95,ok,18.4945191578,15
VRPLTW,96,ok,14.5024091066,13
VRPLTW,97,ok,17.1035437972,16
VRPLTW,98,ok,28.5148288776,16
VRPLTW,99,ok,13.7724281198,14
VRPLTW,100,ok,15.6618773863,14
VRPLTW,101,ok,21.9516233961,15
VRPLTW,102,ok,16.3136813457,14
VRPLTW,103,ok,16.1964824579,13
VRPLTW,104,ok,15.1786647539,15
VRPLTW,105,ok,14.2901802553,13
VRPLTW,106,ok,17.4858932537,15
VRPLTW,107,ok,16.1949570330,14
VRPLTW,108,ok,14.7554850132,14
VRPLTW,109,ok,18.3970643441,14
VRPLTW,110,ok,17.4210979793,15
VRPLTW,111,ok,15.9680436574,15
VRPLTW,112,ok,21.6583022745,16
VRPLTW,113,ok,14.9824780612,14
VRPLTW,114,ok,19.4994468029,14
VRPLTW,115,ok,14.4432847022,13
VRPLTW,116,ok,20.2251725600,16
VRPLTW,117,ok,14.9161255562,15
VRPLTW,118,ok,25.7240654499,16
VRPLTW,119,ok,15.6969958689,14
VRPLTW,120,ok,21.2452486063,14
VRPLTW,121,ok,15.1115138544,13
VRPLTW,122,ok,22.3230539216,15
VRPLTW,123,ok,18.0659164747,15
VRPLTW,124,ok,13.9329922866,13
VRPLTW,125,ok,18.4947884583,15
VRPLTW,126,ok,17.3988473556,16
VRPLTW,127,ok,16.3571447507,14
VRPLTW,128,ok,14.3405678051,14
VRPLTW,129,ok,19.3346186356,17
VRPLTW,130,ok,15.5529929306,14
VRPLTW,131,ok,15.2966466588,16
VRPLTW,132,ok,21.1509708077,13
VRPLTW,133,ok,15.4969681342,14
VRPLTW,134,ok,17.1177314434,14
VRPLTW,135,ok,19.2879292946,15
VRPLTW,136,ok,19.9224036532,16
VRPLTW,137,ok,17.5888511209,16
VRPLTW,138,ok,13.3422258515,14
VRPLTW,139,ok,16.5795545759,16
VRPLTW,140,ok,15.3340983758,13
VRPLTW,141,ok,19.8021681935,15
VRPLTW,142,ok,31.8214332087,19
VRPLTW,143,ok,18.6511777920,16
VRPLTW,144,ok,19.6947081093,15
VRPLTW,145,ok,19.4165890014,15
VRPLTW,146,ok,21.8628581614,16
VRPLTW,147,ok,14.8279441576,15
VRPLTW,148,ok,27.8040939924,17
VRPLTW,149,ok,18.5792156255,16
VRPLTW,150,ok,17.8267707449,16
VRPLTW,151,ok,13.8158028648,14
VRPLTW,152,ok,25.1612009377,16
VRPLTW,153,ok,28.1949039692,16
VRPLTW,154,ok,13.2075251792,13
VRPLTW,155,ok,17.3956363293,16
VRPLTW,156,ok,16.2447550863,14
VRPLTW,157,ok,14.1129175328,14
VRPLTW,158,ok,18.6785560836,15
VRPLTW,159,ok,17.6980989544,14
VRPLTW,160,ok,14.3509034214,15
VRPLTW,161,ok,16.2330611061,14
VRPLTW,162,ok,17.7116753384,14
VRPLTW,163,ok,26.6602173283,17
VRPLTW,164,ok,15.0009836202,16
VRPLTW,165,ok,18.9533213375,16
VRPLTW,166,ok,16.4619710018,14
VRPLTW,167,ok,15.9754456576,15
VRPLTW,168,ok,14.1425258711,13
VRPLTW,169,ok,18.8888852674,15
VRPLTW,170,ok,19.2741299020,15
VRPLTW,171,ok,13.9288719859,14
VRPLTW,172,ok,18.5602188471,18
VRPLTW,173,ok,18.4372077287,13
VRPLTW,174,ok,16.8915788587,16
VRPLTW,175,ok,22.3735769801,16
VRPLTW,176,ok,17.3017011722,16
VRPLTW,177,ok,14.8962282534,15
VRPLTW,178,ok,18.4159082996,15
VRPLTW,179,ok,17.1164051356,13
VRPLTW,180,ok,20.8833179359,17
VRPLTW,181,ok,22.7432915390,15
VRPLTW,182,ok,23.1662613524,15
VRPLTW,183,ok,19.1782154605,14
VRPLTW,184,ok,15.7531136757,14
VRPLTW,185,ok,25.5789061844,16
VRPLTW,186,ok,22.6442342341,14
VRPLTW,187,ok,18.5638780081,15
VRPLTW,188,ok,20.9994027235,14
VRPLTW,189,ok,16.1304467772,15
VRPLTW,190,ok,15.2894789789,16
VRPLTW,191,ok,21.4963841783,16
VRPLTW,192,ok,23.2090421119,15
VRPLTW,193,ok,17.9160081569,14
VRPLTW,194,ok,18.2233928255,15
VRPLTW,195,ok,17.2597851472,14
VRPLTW,196,ok,21.0302710084,14
VRPLTW,197,ok,21.0279865147,14
VRPLTW,198,ok,17.6894915739,13
VRPLTW,199,ok,16.0592477478,14
VRPLTW,200,ok,23.9353421675,15
VRPLTW,201,ok,18.0821878126,14
VRPLTW,202,ok,17.6189586610,17
VRPLTW,203,ok,19.6341036151,14
VRPLTW,204,ok,18.5829013507,17
VRPLTW,205,ok,16.6165134565,15
VRPLTW,206,ok,15.9026303918,15
VRPLTW,207,ok,20.4908329531,14
VRPLTW,208,ok,24.0874944174,16
VRPLTW,209,ok,21.6283229074,15
VRPLTW,210,ok,18.1283101079,15
VRPLTW,211,ok,15.8416825780,14
VRPLTW,212,ok,19.7978563681,13
VRPLTW,213,ok,20.0266860879,14
VRPLTW,214,ok,20.9843507572,15
VRPLTW,215,ok,18.7944771026,13
VRPLTW,216,ok,17.2283972321,14
VRPLTW,217,ok,17.2097408688,15
VRPLTW,218,ok,20.6070223665,14
VRPLTW,219,ok,14.3339644117,14
VRPLTW,220,ok,22.3072344522,17
VRPLTW,221,ok,15.3764435352,12
VRPLTW,222,ok,18.2242568129,14
VRPLTW,223,ok,17.9360206004,15
VRPLTW,224,ok,14.8538671890,14
VRPLTW,225,ok,15.2602561406,14
VRPLTW,226,ok,16.2260891951,14
VRPLTW,227,ok,19.4416508932,14
VRPLTW,228,ok,17.5223759054,17
VRPLTW,229,ok,16.4382593094,17
VRPLTW,230,ok,20.6200544593,15
VRPLTW,231,ok,23.0323199434,16
VRPLTW,232,ok,19.4134148426,14
VRPLTW,233,ok,18.6807620335,16
VRPLTW,234,ok,27.9934903534,18
VRPLTW,235,ok,21.5521502523,15
VRPLTW,236,ok,28.5008552477,15
VRPLTW,237,ok,15.5731921221,15
VRPLTW,238,ok,19.5466149050,14
VRPLTW,239,ok,17.7281565277,15
VRPLTW,240,ok,18.5296923052,16
VRPLTW,241,ok,25.7131558736,16
VRPLTW,242,ok,14.1321910992,14
VRPLTW,243,ok,16.2654773049,14
VRPLTW,244,ok,20.0700290833,15
VRPLTW,245,ok,24.6381823805,16
VRPLTW,246,ok,18.1863828201,14
VRPLTW,247,ok,13.9126734343,15
VRPLTW,248,ok,22.3056361707,16
VRPLTW,249,ok,18.9561960572,14
VRPLTW,250,ok,25.2655099599,16
VRPLTW,251,ok,21.8594336995,15
VRPLTW,252,ok,14.7838981801,15
VRPLTW,253,ok,20.2071899778,15
VRPLTW,254,ok,14.6888738149,14
VRPLTW,255,ok,19.1119639760,16
VRPLTW,256,ok,24.4841684818,16
VRPLTW,257,ok,24.3715755220,16
VRPLTW,258,ok,23.9510192454,16
VRPLTW,259,ok,13.8589829251,15
VRPLTW,260,ok,23.2959018874,14
VRPLTW,261,ok,15.7760690850,15
VRPLTW,262,ok,19.6608322357,15
VRPLTW,263,ok,18.1967055800,16
VRPLTW,264,ok,27.7830984728,16
VRPLTW,265,ok,21.5540477907,15
VRPLTW,266,ok,16.7462397778,14
VRPLTW,267,ok,16.4664816060,17
VRPLTW,268,ok,33.4054798709,20
VRPLTW,269,ok,19.1547621688,14
VRPLTW,270,ok,20.6454608167,15
VRPLTW,271,ok,18.9439764037,13
VRPLTW,272,ok,13.8619589735,14
VRPLTW,273,ok,15.0520646159,13
VRPLTW,274,ok,15.1587025120,15
VRPLTW,275,ok,14.8946076808,15
VRPLTW,276,ok,18.8608049753,17
VRPLTW,277,ok,26.2789098794,15
VRPLTW,278,ok,12.2686462928,12
VRPLTW,279,ok,21.3736426418,13
VRPLTW,280,ok,16.9953162423,15
VRPLTW,281,ok,15.4196925869,16
VRPLTW,282,ok,21.3742278528,15
VRPLTW,283,ok,17.9054986533,13
VRPLTW,284,ok,22.4668189752,15
VRPLTW,285,ok,19.1336940254,13
VRPLTW,286,ok,26.2754071450,15
VRPLTW,287,ok,15.6117505256,13
VRPLTW,288,ok,23.2580291463,16
VRPLTW,289,ok,15.4614325900,14
VRPLTW,290,ok,26.4428933291,15
VRPLTW,291,ok,17.7098064831,14
VRPLTW,292,ok,19.7653518858,15
VRPLTW,293,ok,12.8359660192,13
VRPLTW,294,ok,20.5957123936,15
VRPLTW,295,ok,15.2285096040,16
VRPLTW,296,ok,16.8728526742,15
VRPLTW,297,ok,24.0369641996,16
VRPLTW,298,ok,22.4913655706,16
VRPLTW,299,ok,15.3299535201,15
VRPLTW,300,ok,16.1033837902,16
VRPLTW,301,ok,17.5748025698,15
VRPLTW,302,ok,19.6721407804,17
VRPLTW,303,ok,15.7505965472,16
VRPLTW,304,ok,18.3266335325,15
VRPLTW,305,ok,19.6331409206,15
VRPLTW,306,ok,25.2436772170,16
VRPLTW,307,ok,14.6721321871,14
VRPLTW,308,ok,17.0969878965,13
VRPLTW,309,ok,20.4863691951,17
VRPLTW,310,ok,16.5516918822,15
VRPLTW,311,ok,20.4687129272,16
VRPLTW,312,ok,16.3288046245,15
VRPLTW,313,ok,22.0353436742,15
VRPLTW,314,ok,17.1327972423,13
VRPLTW,315,ok,15.5709707977,14
VRPLTW,316,ok,18.3444894904,13
VRPLTW,317,ok,14.8024390423,14
VRPLTW,318,ok,16.5772410808,16
VRPLTW,319,ok,15.5666040836,14
VRPLTW,320,ok,17.4584560982,16
VRPLTW,321,ok,25.0755118913,16
VRPLTW,322,ok,20.8588950467,15
VRPLTW,323,ok,14.3587601253,14
VRPLTW,324,ok,16.0862940095,14
VRPLTW,325,ok,22.3056193392,16
VRPLTW,326,ok,14.0893796022,15
VRPLTW,327,ok,20.6571664569,16
VRPLTW,328,ok,18.5851128617,16
VRPLTW,329,ok,19.4498276586,15
VRPLTW,330,ok,18.0591182889,13
VRPLTW,331,ok,18.8665221855,14
VRPLTW,332,ok,21.6124521967,14
VRPLTW,333,ok,15.3317692742,15
VRPLTW,334,ok,18.4635726453,15
VRPLTW,335,ok,23.7102988192,16
VRPLTW,336,ok,15.9943719380,15
VRPLTW,337,ok,25.3970110418,16
VRPLTW,338,ok,16.9154382311,15
VRPLTW,339,ok,18.4110357050,15
VRPLTW,340,ok,16.9485299466,16
VRPLTW,341,ok,22.2835753044,15
VRPLTW,342,ok,19.7153449757,13
VRPLTW,343,ok,21.9648682503,15
VRPLTW,344,ok,21.7198695584,14
VRPLTW,345,ok,17.5055423518,16
VRPLTW,346,ok,20.8152625792,16
VRPLTW,347,ok,15.1916258831,14
VRPLTW,348,ok,20.8422714131,15
VRPLTW,349,ok,14.1075124641,14
VRPLTW,350,ok,16.6724782405,15
VRPLTW,351,ok,14.9643129743,14
VRPLTW,352,ok,23.7441709726,14
VRPLTW,353,ok,18.6404197955,14
VRPLTW,354,ok,22.6063482895,16
VRPLTW,355,ok,17.9314422315,14
VRPLTW,356,ok,22.3314615716,15
VRPLTW,357,ok,18.2173611977,13
VRPLTW,358,ok,20.6210910556,13
VRPLTW,359,ok,18.5770350956,14
VRPLTW,360,ok,18.5693434274,15
VRPLTW,361,ok,22.0624534283,15
VRPLTW,362,ok,20.4982888178,16
VRPLTW,363,ok,16.4738909260,13
VRPLTW,364,ok,14.3655077089,13
VRPLTW,365,ok,20.1296895014,15
VRPLTW,366,ok,19.4783484395,16
VRPLTW,367,ok,21.1889431857,15
VRPLTW,368,ok,19.2500917521,16
VRPLTW,369,ok,17.5526414232,14
VRPLTW,370,ok,16.7303074864,14
VRPLTW,371,ok,19.7982479663,14
VRPLTW,372,ok,18.0032828749,15
VRPLTW,373,ok,17.4627998933,14
VRPLTW,374,ok,22.5189751436,16
VRPLTW,375,ok,15.1268234918,15
VRPLTW,376,ok,18.6415942320,15
VRPLTW,377,ok,16.5170320183,15
VRPLTW,378,ok,20.4728881430,15
VRPLTW,379,ok,14.8433901813,15
VRPLTW,380,ok,21.5507003985,14
VRPLTW,381,ok,19.2803787751,15
VRPLTW,382,ok,20.0533065599,15
VRPLTW,383,ok,16.1470384578,14
VRPLTW,384,ok,20.4651814858,14
VRPLTW,385,ok,22.1739070306,17
VRPLTW,386,ok,15.8839880659,15
VRPLTW,387,ok,18.8615609357,14
VRPLTW,388,ok,14.3345297477,15
VRPLTW,389,ok,18.0610307834,14
VRPLTW,390,ok,16.7304798532,14
VRPLTW,391,ok,14.5546045593,12
VRPLTW,392,ok,21.1834218725,15
VRPLTW,393,ok,15.5055482823,15
VRPLTW,394,ok,22.4391030140,17
VRPLTW,395,ok,16.2350964351,15
VRPLTW,396,ok,21.4450420896,14
VRPLTW,397,ok,26.5083382740,17
VRPLTW,398,ok,15.7874304615,14
VRPLTW,399,ok,16.7510335074,14
VRPLTW,400,ok,18.0384710256,15
VRPLTW,401,ok,22.9478827945,17
VRPLTW,402,ok,17.4127568186,15
VRPLTW,403,ok,28.2076204272,17
VRPLTW,404,ok,22.6205065308,15
VRPLTW,405,ok,18.0173234555,17
VRPLTW,406,ok,19.1813827054,18
VRPLTW,407,ok,18.1774058702,16
VRPLTW,408,ok,14.9948236890,14
VRPLTW,409,ok,17.9716165769,14
VRPLTW,410,ok,17.7813999368,14
VRPLTW,411,ok,19.9717091037,17
VRPLTW,412,ok,16.5349527662,16
VRPLTW,413,ok,13.0454865223,11
VRPLTW,414,ok,15.2206311315,14
VRPLTW,415,ok,14.9122051067,16
VRPLTW,416,ok,14.7260158849,14
VRPLTW,417,ok,15.4764866840,15
VRPLTW,418,ok,16.4461622934,17
VRPLTW,419,ok,14.7437955754,15
VRPLTW,420,ok,24.0561395065,16
VRPLTW,421,ok,14.6037908945,15
VRPLTW,422,ok,23.9221978922,14
VRPLTW,423,ok,15.2435450648,16
VRPLTW,424,ok,27.8033010780,16
VRPLTW,425,ok,15.3158003674,16
VRPLTW,426,ok,16.8729885137,14
VRPLTW,427,ok,19.6942113583,15
VRPLTW,428,ok,17.7942636164,16
VRPLTW,429,ok,22.9255804175,15
VRPLTW,430,ok,15.5151111464,16
VRPLTW,431,ok,20.4239359640,14
VRPLTW,432,ok,24.2637588693,17
VRPLTW,433,ok,15.1735955988,13
VRPLTW,434,ok,21.2376652248,15
VRPLTW,435,ok,23.1274184359,17
VRPLTW,436,ok,14.6896215731,15
VRPLTW,437,ok,17.7470003894,13
VRPLTW,438,ok,20.6571248120,15
VRPLTW,439,ok,18.8421635701,13
VRPLTW,440,ok,25.1077533457,15
VRPLTW,441,ok,13.5731722665,12
VRPLTW,442,ok,15.5511125694,15
VRPLTW,443,ok,14.3228773291,14
VRPLTW,444,ok,15.5033860488,13
VRPLTW,445,ok,21.4050980066,14
VRPLTW,446,ok,16.4639973844,15
VRPLTW,447,ok,18.9091772781,14
VRPLTW,448,ok,18.4887687721,13
VRPLTW,449,ok,21.9715290613,15
VRPLTW,450,ok,21.8288855467,16
VRPLTW,451,ok,19.4610684819,15
VRPLTW,452,ok,20.4904697757,15
VRPLTW,453,ok,20.0176554066,16
VRPLTW,454,ok,18.8503741015,14
VRPLTW,455,ok,22.0789048202,16
VRPLTW,456,ok,15.4261861671,14
VRPLTW,457,ok,18.0496419315,15
VRPLTW,458,ok,16.5003997915,15
VRPLTW,459,ok,24.0379617991,17
VRPLTW,460,ok,20.0905768899,15
VRPLTW,461,ok,19.7338149723,14
VRPLTW,462,ok,15.2438786458,13
VRPLTW,463,ok,19.9091152212,14
VRPLTW,464,ok,17.5469660901,14
VRPLTW,465,ok,15.8399364575,17
VRPLTW,466,ok,17.7786853300,14
VRPLTW,467,ok,18.0160787027,16
VRPLTW,468,ok,17.8316690094,14
VRPLTW,469,ok,22.5039277663,16
VRPLTW,470,ok,18.9148502333,16
VRPLTW,471,ok,20.7350757709,16
VRPLTW,472,ok,20.7656215639,15
VRPLTW,473,ok,18.6543896229,15
VRPLTW,474,ok,14.6198623981,14
VRPLTW,475,ok,13.6611422444,11
VRPLTW,476,ok,19.5124375354,14
VRPLTW,477,ok,14.5454151264,14
VRPLTW,478,ok,18.1218794518,16
VRPLTW,479,ok,16.6817899368,16
VRPLTW,480,ok,16.1684664438,16
VRPLTW,481,ok,17.4453163996,15
VRPLTW,482,ok,14.3026200472,13
VRPLTW,483,ok,21.9896924117,15
VRPLTW,484,ok,18.2330471432,15
VRPLTW,485,ok,14.8843116595,12
VRPLTW,486,ok,20.2925247297,15
VRPLTW,487,ok,15.3824727789,13
VRPLTW,488,ok,16.9651249972,13
VRPLTW,489,ok,20.0752733365,15
VRPLTW,490,ok,16.8752741365,14
VRPLTW,491,ok,15.6553404916,14
VRPLTW,492,ok,19.2190475499,16
VRPLTW,493,ok,15.2193132501,15
VRPLTW,494,ok,18.7630948409,15
VRPLTW,495,ok,18.2010237988,13
VRPLTW,496,ok,19.9407201665,17
VRPLTW,497,ok,21.4342091123,14
VRPLTW,498,ok,16.7248615203,17
VRPLTW,499,ok,18.3300147116,17
VRPLTW,500,ok,17.7824368788,15
VRPLTW,501,ok,20.3610712437,15
VRPLTW,502,ok,26.5085181645,16
VRPLTW,503,ok,14.4441443031,12
VRPLTW,504,ok,18.7316550834,14
VRPLTW,505,ok,16.8953899281,15
VRPLTW,506,ok,19.4678141956,15
VRPLTW,507,ok,20.8727263420,14
VRPLTW,508,ok,18.3373552810,14
VRPLTW,509,ok,17.2643991134,15
VRPLTW,510,ok,16.4913482593,14
VRPLTW,511,ok,14.5223683894,14
VRPLTW,512,ok,16.7325412972,13
VRPLTW,513,ok,15.4034463148,14
VRPLTW,514,ok,16.9961763470,14
VRPLTW,515,ok,19.8023205160,16
VRPLTW,516,ok,19.5256728849,16
VRPLTW,517,ok,27.7661562937,17
VRPLTW,518,ok,16.5057261585,13
VRPLTW,519,ok,15.3119764353,13
VRPLTW,520,ok,17.8142666309,16
VRPLTW,521,ok,28.3543818802,17
VRPLTW,522,ok,15.4428799201,14
VRPLTW,523,ok,14.6853321776,15
VRPLTW,524,ok,25.2988375154,17
VRPLTW,525,ok,27.2600837074,16
VRPLTW,526,ok,17.2235364193,13
VRPLTW,527,ok,23.1768389500,18
VRPLTW,528,ok,16.7491647149,15
VRPLTW,529,ok,17.3731320251,14
VRPLTW,530,ok,14.7800090295,15
VRPLTW,531,ok,15.2600256775,14
VRPLTW,532,ok,23.4000966392,18
VRPLTW,533,ok,16.5897396502,15
VRPLTW,534,ok,20.9552864538,15
VRPLTW,535,ok,27.7629212877,16
VRPLTW,536,ok,16.0371155613,15
VRPLTW,537,ok,18.6335624130,15
VRPLTW,538,ok,21.8510856747,16
VRPLTW,539,ok,19.6686275457,15
VRPLTW,540,ok,21.4349767581,15
VRPLTW,541,ok,22.0291893488,15
VRPLTW,542,ok,16.2817155135,14
VRPLTW,543,ok,14.7621756637,13
VRPLTW,544,ok,18.2206608652,14
VRPLTW,545,ok,23.0475190599,15
VRPLTW,546,ok,16.4381995570,17
VRPLTW,547,ok,15.7448974344,17
VRPLTW,548,ok,16.7440777788,14
VRPLTW,549,ok,22.2850054541,15
VRPLTW,550,ok,17.5661202342,15
VRPLTW,551,ok,20.3367396950,15
VRPLTW,552,ok,16.6659357498,14
VRPLTW,553,ok,16.3105085047,15
VRPLTW,554,ok,15.0398570961,13
VRPLTW,555,ok,18.7756000173,15
VRPLTW,556,ok,16.4068249367,12
VRPLTW,557,ok,17.7964706409,14
VRPLTW,558,ok,14.4108285337,14
VRPLTW,559,ok,25.6882006327,16
VRPLTW,560,ok,17.7662362872,16
VRPLTW,561,ok,15.6668298653,13
VRPLTW,562,ok,14.6013657744,14
VRPLTW,563,ok,30.7977675878,18
VRPLTW,564,ok,22.1294868910,16
VRPLTW,565,ok,19.3512416353,14
VRPLTW,566,ok,20.0897626756,15
VRPLTW,567,ok,28.6675439018,16
VRPLTW,568,ok,17.4166575701,16
VRPLTW,569,ok,16.6216417050,17
VRPLTW,570,ok,20.2512194471,15
VRPLTW,571,ok,20.5799826338,14
VRPLTW,572,ok,15.2849762360,14
VRPLTW,573,ok,20.2019414874,15
VRPLTW,574,ok,15.8918996789,16
VRPLTW,575,ok,15.5104273654,15
VRPLTW,576,ok,22.0704076931,15
VRPLTW,577,ok,21.0632294949,16
VRPLTW,578,ok,32.5254763497,18
VRPLTW,579,ok,21.5206649638,14
VRPLTW,580,ok,21.8882667979,16
VRPLTW,581,ok,15.3879007008,14
VRPLTW,582,ok,21.4735145808,17
VRPLTW,583,ok,15.6934641596,14
VRPLTW,584,ok,16.9844922994,16
VRPLTW,585,ok,18.2992266538,15
VRPLTW,586,ok,25.2284237083,16
VRPLTW,587,ok,18.5527403751,14
VRPLTW,588,ok,19.5836896057,14
VRPLTW,589,ok,16.1559476496,13
VRPLTW,590,ok,15.4061350205,15
VRPLTW,591,ok,18.3253518416,14
VRPLTW,592,ok,17.1019574055,14
VRPLTW,593,ok,22.6262080690,15
VRPLTW,594,ok,19.8497262892,15
VRPLTW,595,ok,14.4402132884,14
VRPLTW,596,ok,19.8542496149,15
VRPLTW,597,ok,19.1529102325,15
VRPLTW,598,ok,28.4071420542,17
VRPLTW,599,ok,19.8892486075,14
VRPLTW,600,ok,18.9070611028,15
VRPLTW,601,ok,14.0157686074,14
VRPLTW,602,ok,19.8118171904,14
VRPLTW,603,ok,15.3100257428,16
VRPLTW,604,ok,14.7098490868,15
VRPLTW,605,ok,17.4007784085,14
VRPLTW,606,ok,17.5836094965,14
VRPLTW,607,ok,16.6950907198,15
VRPLTW,608,ok,17.2239556386,15
VRPLTW,609,ok,19.6555688189,14
VRPLTW,610,ok,18.8290312715,17
VRPLTW,611,ok,23.0333337705,16
VRPLTW,612,ok,21.5322256134,16
VRPLTW,613,ok,19.9864353927,14
VRPLTW,614,ok,15.0027611703,16
VRPLTW,615,ok,20.7549218235,16
VRPLTW,616,ok,15.5955783729,13
VRPLTW,617,ok,19.7242264630,14
VRPLTW,618,ok,20.2431328608,15
VRPLTW,619,ok,19.7123794007,15
VRPLTW,620,ok,15.9704404569,14
VRPLTW,621,ok,23.2221877225,15
VRPLTW,622,ok,23.7879073930,16
VRPLTW,623,ok,15.7076587302,14
VRPLTW,624,ok,17.0187638052,15
VRPLTW,625,ok,19.3557434403,16
VRPLTW,626,ok,16.3170550152,15
VRPLTW,627,ok,21.9145187446,16
VRPLTW,628,ok,23.4358185597,16
VRPLTW,629,ok,18.1301647078,14
VRPLTW,630,ok,17.8415126406,15
VRPLTW,631,ok,23.1010402590,16
VRPLTW,632,ok,21.5184423373,15
VRPLTW,633,ok,21.8498662881,15
VRPLTW,634,ok,17.4777048988,16
VRPLTW,635,ok,20.1148401246,15
VRPLTW,636,ok,22.2251489486,16
VRPLTW,637,ok,15.7604670194,14
VRPLTW,638,ok,17.3605457833,15
VRPLTW,639,ok,19.9501397109,16
VRPLTW,640,ok,18.8343047667,14
VRPLTW,641,ok,15.1907081816,15
VRPLTW,642,ok,14.3927924266,15
VRPLTW,643,ok,22.9591367754,16
VRPLTW,644,ok,22.6140642719,14
VRPLTW,645,ok,18.0890779559,14
VRPLTW,646,ok,22.3052584132,16
VRPLTW,647,ok,19.7828879349,16
VRPLTW,648,ok,16.6377609701,16
VRPLTW,649,ok,17.3135054071,15
VRPLTW,650,ok,17.4074244324,16
VRPLTW,651,ok,13.3846534249,15
VRPLTW,652,ok,15.5715089954,14
VRPLTW,653,ok,24.2560412260,14
VRPLTW,654,ok,20.0399684141,13
VRPLTW,655,ok,19.5789918868,14
VRPLTW,656,ok,14.2869795035,14
VRPLTW,657,ok,17.4395823503,16
VRPLTW,658,ok,18.2669220232,15
VRPLTW,659,ok,18.1186893763,15
VRPLTW,660,ok,16.8727014444,15
VRPLTW,661,ok,16.7449236416,16
VRPLTW,662,ok,13.4745484112,12
VRPLTW,663,ok,15.1306679248,15
VRPLTW,664,ok,16.0462068851,16
VRPLTW,665,ok,14.3561770243,14
VRPLTW,666,ok,16.2446326319,15
VRPLTW,667,ok,16.7913905850,14
VRPLTW,668,ok,14.5511516926,15
VRPLTW,669,ok,17.4313070126,15
VRPLTW,670,ok,13.7516301507,13
VRPLTW,671,ok,19.5176255871,15
VRPLTW,672,ok,22.5551189756,16
VRPLTW,673,ok,18.0453082669,14
VRPLTW,674,ok,13.7471373650,13
VRPLTW,675,ok,17.4832431887,15
VRPLTW,676,ok,14.5736345793,14
VRPLTW,677,ok,17.3399579421,16
VRPLTW,678,ok,15.2106048084,16
VRPLTW,679,ok,16.4241437690,13
VRPLTW,680,ok,13.1353329567,13
VRPLTW,681,ok,22.8840612446,15
VRPLTW,682,ok,20.3976277617,14
VRPLTW,683,ok,19.0439618607,14
VRPLTW,684,ok,20.9386351364,15
VRPLTW,685,ok,13.6748909280,13
VRPLTW,686,ok,16.9197334464,14
VRPLTW,687,ok,21.5352582368,15
VRPLTW,688,ok,15.7177029539,15
VRPLTW,689,ok,17.1047050034,15
VRPLTW,690,ok,21.8202743370,17
VRPLTW,691,ok,14.6423334244,13
VRPLTW,692,ok,16.8580539621,16
VRPLTW,693,ok,18.1937815600,14
VRPLTW,694,ok,13.3805674373,14
VRPLTW,695,ok,19.1972975856,13
VRPLTW,696,ok,14.2073707034,15
VRPLTW,697,ok,21.5318347175,15
VRPLTW,698,ok,18.4741611336,15
VRPLTW,699,ok,13.5857431766,13
VRPLTW,700,ok,19.3685815867,14
VRPLTW,701,ok,15.7384409139,17
VRPLTW,702,ok,14.6123871104,15
VRPLTW,703,ok,20.6973335600,15
VRPLTW,704,ok,16.3803135994,16
VRPLTW,705,ok,13.9316293529,14
VRPLTW,706,ok,14.4289795819,17
VRPLTW,707,ok,19.3618524265,15
VRPLTW,708,ok,24.4326590454,18
VRPLTW,709,ok,16.2419484783,15
VRPLTW,710,ok,15.1345918834,14
VRPLTW,711,ok,17.7314969599,15
VRPLTW,712,ok,15.2083166410,13
VRPLTW,713,ok,23.6139944700,15
VRPLTW,714,ok,17.9665442851,16
VRPLTW,715,ok,16.2541858299,15
VRPLTW,716,ok,20.3487457161,14
VRPLTW,717,ok,16.8150905677,15
VRPLTW,718,ok,17.3420442574,14
VRPLTW,719,ok,16.2770864899,17
VRPLTW,720,ok,17.0435988216,13
VRPLTW,721,ok,20.0054705192,16
VRPLTW,722,ok,18.0365731519,14
VRPLTW,723,ok,18.8838610777,16
VRPLTW,724,ok,20.9180428343,15
VRPLTW,725,ok,17.6494895763,15
VRPLTW,726,ok,16.3835173305,15
VRPLTW,727,ok,16.8913956285,16
VRPLTW,728,ok,21.5840237619,16
VRPLTW,729,ok,17.8194618091,14
VRPLTW,730,ok,17.7635709075,13
VRPLTW,731,ok,17.5501279127,14
VRPLTW,732,ok,16.9861031551,15
VRPLTW,733,ok,15.7967781299,13
VRPLTW,734,ok,16.2474453942,14
VRPLTW,735,ok,17.9492223539,14
VRPLTW,736,ok,13.6910022448,14
VRPLTW,737,ok,17.2581053433,14
VRPLTW,738,ok,18.8970535624,15
VRPLTW,739,ok,13.0726334253,12
VRPLTW,740,ok,20.8186175104,14
VRPLTW,741,ok,17.0780821359,13
VRPLTW,742,ok,19.8409957487,16
VRPLTW,743,ok,17.3131187101,16
VRPLTW,744,ok,22.3672308815,14
VRPLTW,745,ok,23.2254643815,15
VRPLTW,746,ok,24.8089901789,16
VRPLTW,747,ok,23.3207773441,16
VRPLTW,748,ok,23.1278711123,16
VRPLTW,749,ok,22.7628177540,15
VRPLTW,750,ok,14.2935570545,14
VRPLTW,751,ok,14.4989985508,14
VRPLTW,752,ok,21.7169101539,16
VRPLTW,753,ok,15.6264036445,15
VRPLTW,754,ok,15.4668202793,13
VRPLTW,755,ok,20.0432046727,14
VRPLTW,756,ok,22.9425782115,15
VRPLTW,757,ok,19.1437832648,16
VRPLTW,758,ok,17.9778895865,14
VRPLTW,759,ok,16.6423923550,15
VRPLTW,760,ok,19.1770959575,15
VRPLTW,761,ok,25.1543178238,15
VRPLTW,762,ok,19.2518593847,16
VRPLTW,763,ok,21.2836341423,14
VRPLTW,764,ok,17.6522397540,15
VRPLTW,765,ok,14.9997921398,16
VRPLTW,766,ok,13.9032727257,14
VRPLTW,767,ok,20.6594314311,15
VRPLTW,768,ok,17.6686697846,14
VRPLTW,769,ok,20.1793818461,15
VRPLTW,770,ok,20.0174717202,15
VRPLTW,771,ok,15.1384477780,14
VRPLTW,772,ok,15.7734919019,14
VRPLTW,773,ok,18.1856492660,15
VRPLTW,774,ok,16.8316295657,15
VRPLTW,775,ok,23.7441893583,16
VRPLTW,776,ok,22.1204816083,14
VRPLTW,777,ok,24.4217053725,16
VRPLTW,778,ok,19.2399010912,15
VRPLTW,779,ok,16.9342094360,14
VRPLTW,780,ok,11.8212037604,14
VRPLTW,781,ok,16.2141957502,15
VRPLTW,782,ok,22.0709698919,14
VRPLTW,783,ok,15.7768925058,14
VRPLTW,784,ok,16.7727049149,16
VRPLTW,785,ok,15.2060994848,13
VRPLTW,786,ok,23.5100039652,17
VRPLTW,787,ok,16.9090160825,13
VRPLTW,788,ok,15.3175679796,16
VRPLTW,789,ok,26.2837581738,17
VRPLTW,790,ok,17.0606292586,14
VRPLTW,791,ok,21.2815274169,15
VRPLTW,792,ok,19.1681109777,14
VRPLTW,793,ok,18.1382958062,17
VRPLTW,794,ok,22.4713433480,15
VRPLTW,795,ok,18.7527385095,13
VRPLTW,796,ok,17.4547120296,14
VRPLTW,797,ok,21.1503735391,16
VRPLTW,798,ok,23.3421229654,16
VRPLTW,799,ok,22.9826891757,15
VRPLTW,800,ok,18.4132193368,15
VRPLTW,801,ok,18.6616780288,14
VRPLTW,802,ok,16.8703163287,15
VRPLTW,803,ok,14.1956417186,15
VRPLTW,804,ok,27.3247806690,17
VRPLTW,805,ok,16.1456407048,15
VRPLTW,806,ok,21.6716014487,15
VRPLTW,807,ok,20.6004865451,17
VRPLTW,808,ok,15.9299768158,13
VRPLTW,809,ok,20.7038107136,14
VRPLTW,810,ok,21.3244990922,14
VRPLTW,811,ok,20.9969286463,15
VRPLTW,812,ok,17.3593163115,15
VRPLTW,813,ok,15.0923835944,16
VRPLTW,814,ok,21.2009242256,15
VRPLTW,815,ok,17.6862855052,14
VRPLTW,816,ok,14.7130145490,16
VRPLTW,817,ok,15.9548325400,14
VRPLTW,818,ok,18.1121824439,17
VRPLTW,819,ok,16.0977558266,17
VRPLTW,820,ok,22.1689874244,15
VRPLTW,821,ok,14.7563364977,16
VRPLTW,822,ok,18.6237461489,14
VRPLTW,823,ok,25.8522449232,16
VRPLTW,824,ok,18.4157200202,15
VRPLTW,825,ok,14.4005287567,13
VRPLTW,826,ok,17.1942117292,14
VRPLTW,827,ok,14.8280531405,17
VRPLTW,828,ok,15.3211868461,15
VRPLTW,829,ok,21.4872022191,15
VRPLTW,830,ok,13.9457584305,16
VRPLTW,831,ok,19.7509472058,15
VRPLTW,832,ok,30.7427648025,17
VRPLTW,833,ok,12.6377702041,14
VRPLTW,834,ok,17.9997860053,14
VRPLTW,835,ok,16.7360316155,17
VRPLTW,836,ok,21.3436441924,15
VRPLTW,837,ok,19.0791424767,15
VRPLTW,838,ok,22.2997637229,15
VRPLTW,839,ok,24.5921287299,14
VRPLTW,840,ok,22.0657549633,16
VRPLTW,841,ok,20.6199407399,15
VRPLTW,842,ok,14.4852278850,13
VRPLTW,843,ok,18.6647423709,15
VRPLTW,844,ok,21.2953751300,16
VRPLTW,845,ok,15.1046608611,14
VRPLTW,846,ok,14.2751287023,14
VRPLTW,847,ok,14.9829053416,13
VRPLTW,848,ok,22.6563970996,15
VRPLTW,849,ok,19.1910948397,15
VRPLTW,850,ok,20.3376810313,14
VRPLTW,851,ok,14.4791867301,13
VRPLTW,852,ok,21.5788311720,14
VRPLTW,853,ok,17.8488901209,15
VRPLTW,854,ok,16.4293633626,15
VRPLTW,855,ok,15.2487078043,14
VRPLTW,856,ok,18.8399357033,14
VRPLTW,857,ok,16.2685598580,14
VRPLTW,858,ok,21.0069158736,15
VRPLTW,859,ok,15.3041547516,16
VRPLTW,860,ok,21.4227862356,15
VRPLTW,861,ok,16.5687647350,15
VRPLTW,862,ok,18.5815599786,16
VRPLTW,863,ok,20.3337294879,14
VRPLTW,864,ok,18.5522396715,14
VRPLTW,865,ok,16.9231229665,13
VRPLTW,866,ok,14.8418785192,15
VRPLTW,867,ok,25.2169765842,16
VRPLTW,868,ok,18.4013596994,17
VRPLTW,869,ok,15.1307286156,16
VRPLTW,870,ok,18.9023568806,14
VRPLTW,871,ok,17.3353830458,15
VRPLTW,872,ok,18.6011141570,16
VRPLTW,873,ok,17.2048336200,14
VRPLTW,874,ok,19.7376486785,15
VRPLTW,875,ok,20.4076830602,14
VRPLTW,876,ok,21.8632021639,15
VRPLTW,877,ok,16.7715705077,16
VRPLTW,878,ok,18.8414420366,15
VRPLTW,879,ok,21.0300756639,17
VRPLTW,880,ok,15.7406551728,14
VRPLTW,881,ok,15.3006619480,13
VRPLTW,882,ok,17.1590830360,14
VRPLTW,883,ok,22.4249854509,14
VRPLTW,884,ok,15.2179743927,14
VRPLTW,885,ok,25.5026394362,16
VRPLTW,886,ok,19.1008194988,15
VRPLTW,887,ok,15.7381194911,12
VRPLTW,888,ok,25.4851266982,16
VRPLTW,889,ok,17.1501724794,16
VRPLTW,890,ok,29.7311333378,16
VRPLTW,891,ok,15.7279389084,15
VRPLTW,892,ok,14.3086843203,15
VRPLTW,893,ok,21.3544515791,15
VRPLTW,894,ok,17.1182597504,14
VRPLTW,895,ok,26.7239928369,17
VRPLTW,896,ok,16.6857445019,14
VRPLTW,897,ok,16.0729622629,15
VRPLTW,898,ok,21.3468413877,17
VRPLTW,899,ok,29.1718809603,17
VRPLTW,900,ok,16.2733875978,16
VRPLTW,901,ok,18.6209970891,16
VRPLTW,902,ok,19.3722165429,15
VRPLTW,903,ok,21.2244581058,17
VRPLTW,904,ok,14.6695636505,15
VRPLTW,905,ok,19.6275767463,14
VRPLTW,906,ok,16.4012773906,15
VRPLTW,907,ok,22.7274597367,16
VRPLTW,908,ok,22.3484629201,15
VRPLTW,909,ok,15.3039822701,14
VRPLTW,910,ok,21.2390338303,15
VRPLTW,911,ok,17.8952130351,13
VRPLTW,912,ok,17.1629999139,14
VRPLTW,913,ok,18.6067337067,15
VRPLTW,914,ok,19.3463623530,14
VRPLTW,915,ok,20.7717677019,15
VRPLTW,916,ok,26.4436595430,18
VRPLTW,917,ok,16.4204342248,14
VRPLTW,918,ok,15.1556677768,15
VRPLTW,919,ok,15.9708377575,13
VRPLTW,920,ok,16.0060978272,12
VRPLTW,921,ok,23.1016213879,15
VRPLTW,922,ok,22.9358192463,14
VRPLTW,923,ok,21.3678685730,14
VRPLTW,924,ok,31.1596233009,17
VRPLTW,925,ok,21.5927315561,15
VRPLTW,926,ok,18.2709302925,15
VRPLTW,927,ok,25.3721125822,17
VRPLTW,928,ok,18.8228191731,14
VRPLTW,929,ok,14.7435406437,14
VRPLTW,930,ok,21.0469302953,16
VRPLTW,931,ok,15.8945604702,14
VRPLTW,932,ok,15.2899757161,14
VRPLTW,933,ok,20.5917997175,15
VRPLTW,934,ok,17.5742784913,13
VRPLTW,935,ok,22.5546382972,14
VRPLTW,936,ok,20.5440634892,16
VRPLTW,937,ok,16.6188664717,14
VRPLTW,938,ok,20.6974892140,15
VRPLTW,939,ok,19.2344234496,14
VRPLTW,940,ok,19.7923208329,16
VRPLTW,941,ok,20.6460322321,15
VRPLTW,942,ok,16.5500511327,15
VRPLTW,943,ok,19.5851945298,15
VRPLTW,944,ok,23.8370906072,16
VRPLTW,945,ok,18.1592905479,13
VRPLTW,946,ok,14.6023055098,13
VRPLTW,947,ok,12.7442358257,11
VRPLTW,948,ok,18.3331058860,14
VRPLTW,949,ok,14.6064779559,13
VRPLTW,950,ok,18.9262535223,16
VRPLTW,951,ok,17.1455945394,15
VRPLTW,952,ok,14.2624052092,15
VRPLTW,953,ok,18.8903567809,15
VRPLTW,954,ok,16.1926757865,16
VRPLTW,955,ok,14.8560689035,14
VRPLTW,956,ok,17.1012126863,13
VRPLTW,957,ok,17.7613381252,15
VRPLTW,958,ok,14.4207899517,15
VRPLTW,959,ok,27.2233552350,16
VRPLTW,960,ok,17.2304096481,15
VRPLTW,961,ok,19.8248039635,15
VRPLTW,962,ok,18.7399452534,15
VRPLTW,963,ok,14.5599235904,12
VRPLTW,964,ok,19.9575740426,16
VRPLTW,965,ok,14.9199966829,15
VRPLTW,966,ok,14.8732371934,14
VRPLTW,967,ok,14.5626685734,14
VRPLTW,968,ok,18.9893920034,15
VRPLTW,969,ok,15.2858477495,15
VRPLTW,970,ok,16.7045921800,15
VRPLTW,971,ok,18.3901026170,13
VRPLTW,972,ok,17.3536787404,14
VRPLTW,973,ok,16.2067139756,16
VRPLTW,974,ok,14.9505106366,13
VRPLTW,975,ok,20.6517961051,13
VRPLTW,976,ok,19.5540287028,16
VRPLTW,977,ok,20.3365952582,14
VRPLTW,978,ok,19.5402015079,15
VRPLTW,979,ok,18.5323433218,15
VRPLTW,980,ok,16.0899519176,16
VRPLTW,981,ok,16.1306822029,14
VRPLTW,982,ok,24.6251944513,17
VRPLTW,983,ok,16.2267966925,14
VRPLTW,984,ok,18.9584447549,15
VRPLTW,985,ok,17.7920807457,14
VRPLTW,986,ok,15.7034948273,14
VRPLTW,987,ok,17.3281136586,16
VRPLTW,988,ok,18.7835001736,16
VRPLTW,989,ok,17.3395021203,15
VRPLTW,990,ok,17.9807551867,15
VRPLTW,991,ok,18.3684059286,14
VRPLTW,992,ok,20.8855199503,15
VRPLTW,993,ok,18.9720402695,15
VRPLTW,994,ok,17.3666150388,14
VRPLTW,995,ok,20.0378072216,15
VRPLTW,996,ok,17.3223231363,15
VRPLTW,997,ok,23.5821807021,15
VRPLTW,998,ok,18.2002294139,15
VRPLTW,999,ok,16.1455269007,14
OVRPBL,0,ok,6.9061793661,5
OVRPBL,1,ok,6.3599283254,4
OVRPBL,2,ok,6.1002518000,4
OVRPBL,3,ok,6.7012784932,6
OVRPBL,4,ok,5.9421650624,7
OVRPBL,5,ok,5.9493136426,6
OVRPBL,6,ok,6.2130466660,4
OVRPBL,7,ok,5.7890950516,5
OVRPBL,8,ok,6.2731199440,4
OVRPBL,9,ok,6.2565753063,4
OVRPBL,10,ok,5.5220801058,6
OVRPBL,11,ok,6.8558006931,7
OVRPBL,12,ok,7.5497517093,7
OVRPBL,13,ok,6.4201845041,5
OVRPBL,14,ok,6.5145203477,6
OVRPBL,15,ok,5.7133755454,6
OVRPBL,16,ok,5.9039700765,6
OVRPBL,17,ok,6.5682269138,6
OVRPBL,18,ok,6.7831104805,5
OVRPBL,19,ok,6.1894240399,5
OVRPBL,20,ok,6.2619169475,5
OVRPBL,21,ok,7.0762638789,8
OVRPBL,22,ok,6.2650850830,7
OVRPBL,23,ok,6.4875758673,6
OVRPBL,24,ok,5.7109604682,7
OVRPBL,25,ok,7.0880550603,7
OVRPBL,26,ok,6.7236953221,5
OVRPBL,27,ok,5.4743808176,6
OVRPBL,28,ok,6.8220648978,7
OVRPBL,29,ok,7.2273676652,4
OVRPBL,30,ok,6.8419658242,7
OVRPBL,31,ok,6.3082452363,6
OVRPBL,32,ok,5.9413411959,7
OVRPBL,33,ok,6.0925388298,7
OVRPBL,34,ok,7.9341577231,7
OVRPBL,35,ok,6.7047677954,6
OVRPBL,36,ok,6.9665181524,4
OVRPBL,37,ok,7.0303901797,5
OVRPBL,38,ok,6.3339283061,5
OVRPBL,39,ok,5.6848747957,6
OVRPBL,40,ok,6.1290229412,5
OVRPBL,41,ok,6.8625799176,6
OVRPBL,42,ok,6.3853553491,8
OVRPBL,43,ok,6.5856647035,5
OVRPBL,44,ok,6.5969984537,5
OVRPBL,45,ok,6.1845871882,5
OVRPBL,46,ok,6.1812569994,8
OVRPBL,47,ok,6.8973055268,5
OVRPBL,48,ok,6.5253866590,6
OVRPBL,49,ok,6.9418184106,8
OVRPBL,50,ok,7.8533623255,5
OVRPBL,51,ok,6.4876980476,5
OVRPBL,52,ok,6.3707684543,5
OVRPBL,53,ok,5.4311881447,5
OVRPBL,54,ok,5.9788580082,7
OVRPBL,55,ok,5.7424785199,6
OVRPBL,56,ok,6.2678887360,6
OVRPBL,57,ok,6.6359974003,9
OVRPBL,58,ok,5.9885504163,5
OVRPBL,59,ok,6.8669991123,6
OVRPBL,60,ok,6.7609916419,5
OVRPBL,61,ok,6.6567579064,5
OVRPBL,62,ok,6.0153099847,4
OVRPBL,63,ok,6.9204047095,7
OVRPBL,64,ok,6.7687606366,6
OVRPBL,65,ok,6.3617772449,9
OVRPBL,66,ok,6.9506851008,6
OVRPBL,67,ok,6.3063028758,4
OVRPBL,68,ok,7.1491726591,6
OVRPBL,69,ok,6.1857300342,5
OVRPBL,70,ok,6.0194828363,5
OVRPBL,71,ok,6.3151200270,6
OVRPBL,72,ok,5.5380342391,6
OVRPBL,73,ok,6.1122755529,6
OVRPBL,74,ok,6.2915964172,6
OVRPBL,75,ok,7.2246026424,8
OVRPBL,76,ok,6.1556771085,6
OVRPBL,77,ok,6.6602106933,5
OVRPBL,78,ok,5.8635417635,6
OVRPBL,79,ok,6.0275569867,5
OVRPBL,80,ok,6.6019491049,7
OVRPBL,81,ok,6.9978469205,8
OVRPBL,82,ok,7.0117031481,6
OVRPBL,83,ok,7.0998190597,5
OVRPBL,84,ok,6.9240879009,7
OVRPBL,85,ok,6.7466092837,8
OVRPBL,86,ok,7.0801002270,6
OVRPBL,87,ok,7.1562568036,6
OVRPBL,88,ok,7.6525768063,7
OVRPBL,89,ok,5.8992225130,5
OVRPBL,90,ok,5.6458908107,6
OVRPBL,91,ok,6.5081617536,6
OVRPBL,92,ok,7.0113282167,7
OVRPBL,93,ok,6.0508674464,6
OVRPBL,94,ok,6.1577037398,6
OVRPBL,95,ok,6.5079881604,4
OVRPBL,96,ok,6.8234242577,6
OVRPBL,97,ok,6.1954356985,5
OVRPBL,98,ok,7.6031540353,6
OVRPBL,99,ok,6.2817101918,5
OVRPBL,100,ok,7.3582696578,5
OVRPBL,101,ok,6.6833171492,6
OVRPBL,102,ok,6.3114094678,5
OVRPBL,103,ok,7.4983380791,5
OVRPBL,104,ok,6.3691881673,5
OVRPBL,105,ok,6.9835886469,5
OVRPBL,106,ok,7.0295776869,5
OVRPBL,107,ok,7.0597925119,5
OVRPBL,108,ok,7.0858789429,6
OVRPBL,109,ok,5.4922603797,6
OVRPBL,110,ok,6.1524254818,4
OVRPBL,111,ok,6.6627941168,5
OVRPBL,112,ok,5.3371562524,6
OVRPBL,113,ok,6.7633210641,6
OVRPBL,114,ok,6.7656633599,7
OVRPBL,115,ok,6.6456169854,4
OVRPBL,116,ok,6.7225697180,7
OVRPBL,117,ok,6.3190553068,5
OVRPBL,118,ok,5.9535760505,4
OVRPBL,119,ok,6.5991102738,7
OVRPBL,120,ok,6.1014785181,4
OVRPBL,121,ok,7.1810768559,7
OVRPBL,122,ok,6.9987146200,6
OVRPBL,123,ok,6.4830983396,6
OVRPBL,124,ok,6.4042467942,6
OVRPBL,125,ok,6.9041592130,5
OVRPBL,126,ok,6.4913966065,5
OVRPBL,127,ok,5.4872370268,6
OVRPBL,128,ok,6.2847914246,6
OVRPBL,129,ok,6.2937130940,6
OVRPBL,130,ok,7.1811551816,6
OVRPBL,131,ok,6.5165577364,6
OVRPBL,132,ok,6.7327028411,6
OVRPBL,133,ok,6.7914584634,6
OVRPBL,134,ok,6.7507872441,5
OVRPBL,135,ok,6.5286078403,5
OVRPBL,136,ok,6.4170309187,5
OVRPBL,137,ok,5.9799656958,5
OVRPBL,138,ok,7.0994577084,6
OVRPBL,139,ok,6.6292856946,5
OVRPBL,140,ok,6.1911984208,5
OVRPBL,141,ok,6.0850880067,5
OVRPBL,142,ok,5.9687081776,5
OVRPBL,143,ok,5.4286607675,6
OVRPBL,144,ok,6.2664783117,7
OVRPBL,145,ok,6.2226127479,6
OVRPBL,146,ok,7.3710847910,4
OVRPBL,147,ok,7.4875391347,5
OVRPBL,148,ok,6.2458747200,6
OVRPBL,149,ok,6.2361881176,4
OVRPBL,150,ok,5.2019255827,7
OVRPBL,151,ok,5.8273561476,4
OVRPBL,152,ok,5.9612810762,6
OVRPBL,153,ok,5.8468746017,5
OVRPBL,154,ok,6.0498223299,4
OVRPBL,155,ok,6.3448186610,5
OVRPBL,156,ok,6.4790923877,7
OVRPBL,157,ok,6.2742039170,7
OVRPBL,158,ok,5.7784036243,6
OVRPBL,159,ok,6.7765346365,4
OVRPBL,160,ok,6.4801622229,7
OVRPBL,161,ok,6.2788560517,7
OVRPBL,162,ok,6.1097311634,6
OVRPBL,163,ok,6.4643641251,7
OVRPBL,164,ok,5.9080890119,4
OVRPBL,165,ok,7.2723507929,5
OVRPBL,166,ok,5.9526402015,4
OVRPBL,167,ok,7.4511539577,7
OVRPBL,168,ok,6.7774300937,6
OVRPBL,169,ok,6.7850333092,6
OVRPBL,170,ok,6.9721884271,5
OVRPBL,171,ok,6.9303499905,5
OVRPBL,172,ok,6.2260945819,5
OVRPBL,173,ok,6.4257103744,6
OVRPBL,174,ok,5.8795994677,6
OVRPBL,175,ok,6.8170506439,5
OVRPBL,176,ok,6.2311074597,7
OVRPBL,177,ok,6.5225495831,5
OVRPBL,178,ok,5.9757666174,6
OVRPBL,179,ok,5.6766729354,6
OVRPBL,180,ok,6.2285445565,4
OVRPBL,181,ok,6.7565741956,8
OVRPBL,182,ok,6.5400143663,5
OVRPBL,183,ok,7.6325883758,6
OVRPBL,184,ok,7.3174489743,6
OVRPBL,185,ok,6.5886521750,5
OVRPBL,186,ok,6.1188251873,8
OVRPBL,187,ok,6.5545378383,7
OVRPBL,188,ok,6.9641787201,5
OVRPBL,189,ok,5.8942593239,6
OVRPBL,190,ok,7.4932808794,4
OVRPBL,191,ok,6.3950482612,4
OVRPBL,192,ok,5.8532224118,7
OVRPBL,193,ok,6.6305541313,6
OVRPBL,194,ok,6.6863477347,5
OVRPBL,195,ok,6.2985550682,4
OVRPBL,196,ok,6.4213574946,6
OVRPBL,197,ok,5.9909340561,7
OVRPBL,198,ok,6.1511538256,7
OVRPBL,199,ok,6.1060617486,7
OVRPBL,200,ok,5.9336658164,6
OVRPBL,201,ok,6.4311056329,4
OVRPBL,202,ok,6.5662176463,7
OVRPBL,203,ok,6.7091899398,5
OVRPBL,204,ok,6.6453595189,8
OVRPBL,205,ok,6.2237050311,5
OVRPBL,206,ok,6.3629897809,6
OVRPBL,207,ok,6.2675330631,6
OVRPBL,208,ok,6.2967227312,6
OVRPBL,209,ok,7.2028461482,6
OVRPBL,210,ok,6.7853915805,6
OVRPBL,211,ok,6.4163847090,5
OVRPBL,212,ok,6.4713397466,5
OVRPBL,213,ok,6.6963629082,5
OVRPBL,214,ok,6.2753241675,5
OVRPBL,215,ok,7.8608351395,6
OVRPBL,216,ok,6.1413958671,6
OVRPBL,217,ok,6.9128551382,5
OVRPBL,218,ok,6.0037588851,6
OVRPBL,219,ok,5.9351435006,9
OVRPBL,220,ok,7.5938139535,7
OVRPBL,221,ok,6.7643064112,8
OVRPBL,222,ok,7.1828696870,6
OVRPBL,223,ok,6.4026988264,6
OVRPBL,224,ok,5.9414639477,6
OVRPBL,225,ok,7.3964859538,5
OVRPBL,226,ok,7.1038691942,7
OVRPBL,227,ok,6.3963048591,7
OVRPBL,228,ok,7.3071176093,5
OVRPBL,229,ok,6.0611616751,6
OVRPBL,230,ok,6.4270136891,6
OVRPBL,231,ok,6.8394104880,5
OVRPBL,232,ok,6.3500069648,6
OVRPBL,233,ok,6.5201674710,6
OVRPBL,234,ok,6.8276392132,9
OVRPBL,235,ok,6.1645535915,5
OVRPBL,236,ok,6.9135871753,5
OVRPBL,237,ok,6.4336749512,7
OVRPBL,238,ok,6.3449658930,4
OVRPBL,239,ok,6.1284028816,6
OVRPBL,240,ok,6.4540424721,6
OVRPBL,241,ok,6.6595911915,5
OVRPBL,242,ok,6.2793266526,5
OVRPBL,243,ok,5.9443052444,6
OVRPBL,244,ok,6.1555879325,5
OVRPBL,245,ok,6.2130908560,6
OVRPBL,246,ok,7.1550548464,6
OVRPBL,247,ok,7.2352925060,5
OVRPBL,248,ok,6.2002209742,6
OVRPBL,249,ok,6.6117166040,7
OVRPBL,250,ok,6.6166895150,6
OVRPBL,251,ok,5.9996463804,5
OVRPBL,252,ok,5.8890004127,6
OVRPBL,253,ok,5.7263370888,6
OVRPBL,254,ok,5.8691550538,4
OVRPBL,255,ok,6.1933445848,5
OVRPBL,256,ok,6.5227951393,6
OVRPBL,257,ok,6.9825699134,6
OVRPBL,258,ok,6.3012619002,7
OVRPBL,259,ok,6.7997076285,5
OVRPBL,260,ok,6.0376898759,6
OVRPBL,261,ok,6.9039348641,4
OVRPBL,262,ok,6.5415211025,5
OVRPBL,263,ok,6.7243252386,5
OVRPBL,264,ok,5.7211867116,5
OVRPBL,265,ok,7.5427206514,6
OVRPBL,266,ok,7.3314187199,7
OVRPBL,267,ok,6.4216251004,5
OVRPBL,268,ok,7.2562219658,5
OVRPBL,269,ok,6.4828118464,7
OVRPBL,270,ok,6.5353315066,5
OVRPBL,271,ok,6.3551541280,7
OVRPBL,272,ok,6.6813765975,4
OVRPBL,273,ok,6.2055420254,7
OVRPBL,274,ok,7.3545110714,4
OVRPBL,275,ok,5.5626597045,5
OVRPBL,276,ok,5.6757924495,4
OVRPBL,277,ok,6.4070140753,6
OVRPBL,278,ok,5.0598022455,6
OVRPBL,279,ok,5.6140324527,4
OVRPBL,280,ok,6.1635967123,4
OVRPBL,281,ok,6.4104066808,7
OVRPBL,282,ok,6.7827636382,9
OVRPBL,283,ok,6.2638898175,4
OVRPBL,284,ok,6.7661942450,4
OVRPBL,285,ok,6.2975259827,7
OVRPBL,286,ok,7.3488857018,5
OVRPBL,287,ok,7.6146108690,6
OVRPBL,288,ok,6.0143913581,5
OVRPBL,289,ok,6.2977200174,5
OVRPBL,290,ok,6.3151404388,7
OVRPBL,291,ok,6.3882651061,8
OVRPBL,292,ok,6.3798839688,6
OVRPBL,293,ok,6.6578521886,6
OVRPBL,294,ok,6.6493980859,8
OVRPBL,295,ok,6.7054028781,5
OVRPBL,296,ok,6.2751933162,6
OVRPBL,297,ok,6.2358787552,6
OVRPBL,298,ok,7.0809999734,5
OVRPBL,299,ok,6.5322041377,7
OVRPBL,300,ok,6.8068577302,4
OVRPBL,301,ok,6.4729822370,5
OVRPBL,302,ok,8.2125378200,5
OVRPBL,303,ok,5.8489966164,6
OVRPBL,304,ok,6.9669312575,6
OVRPBL,305,ok,6.5530178395,5
OVRPBL,306,ok,5.9178091251,8
OVRPBL,307,ok,7.6535104335,5
OVRPBL,308,ok,5.7276107135,4
OVRPBL,309,ok,6.4617028422,7
OVRPBL,310,ok,7.1361282637,5
OVRPBL,311,ok,6.8600735043,6
OVRPBL,312,ok,6.0525004687,6
OVRPBL,313,ok,6.1169343802,7
OVRPBL,314,ok,6.9223592307,7
OVRPBL,315,ok,7.4588984783,5
OVRPBL,316,ok,6.7600933379,5
OVRPBL,317,ok,6.3767032073,6
OVRPBL,318,ok,6.1865479380,6
OVRPBL,319,ok,6.2361893108,4
OVRPBL,320,ok,5.9266291987,8
OVRPBL,321,ok,6.2511917976,6
OVRPBL,322,ok,5.6966702141,7
OVRPBL,323,ok,5.8278805216,4
OVRPBL,324,ok,5.6144654190,8
OVRPBL,325,ok,6.2351838467,6
OVRPBL,326,ok,6.4573177268,6
OVRPBL,327,ok,5.6310501048,5
OVRPBL,328,ok,7.2297384651,4
OVRPBL,329,ok,6.6366424649,5
OVRPBL,330,ok,7.1991123247,6
OVRPBL,331,ok,6.0559774641,4
OVRPBL,332,ok,6.1798323410,6
OVRPBL,333,ok,6.5733173504,8
OVRPBL,334,ok,7.0336252007,4
OVRPBL,335,ok,6.3317514645,6
OVRPBL,336,ok,5.5262648497,7
OVRPBL,337,ok,6.3168290811,6
OVRPBL,338,ok,6.6446394702,7
OVRPBL,339,ok,5.8778412607,4
OVRPBL,340,ok,7.1165824705,6
OVRPBL,341,ok,5.9526196274,7
OVRPBL,342,ok,7.8185549326,4
OVRPBL,343,ok,5.9961175916,6
OVRPBL,344,ok,6.8894045405,5
OVRPBL,345,ok,6.3453346300,6
OVRPBL,346,ok,6.2275764458,6
OVRPBL,347,ok,6.3971295788,6
OVRPBL,348,ok,7.1891976289,6
OVRPBL,349,ok,6.6107996348,6
OVRPBL,350,ok,5.9923073726,5
OVRPBL,351,ok,5.4554350165,5
OVRPBL,352,ok,6.3765628411,9
OVRPBL,353,ok,6.9784988645,7
OVRPBL,354,ok,6.7210444709,4
OVRPBL,355,ok,6.9300866396,8
OVRPBL,356,ok,5.8119429885,6
OVRPBL,357,ok,5.8973781627,8
OVRPBL,358,ok,6.3600553547,5
OVRPBL,359,ok,5.2460681332,5
OVRPBL,360,ok,5.4660603976,5
OVRPBL,361,ok,6.7178232465,5
OVRPBL,362,ok,6.8881817198,5
OVRPBL,363,ok,6.4704350846,5
OVRPBL,364,ok,6.6745912358,4
OVRPBL,365,ok,7.0240014098,5
OVRPBL,366,ok,6.2001090639,6
OVRPBL,367,ok,7.5409738601,7
OVRPBL,368,ok,6.1532809176,6
OVRPBL,369,ok,6.9348679356,7
OVRPBL,370,ok,6.1158491947,5
OVRPBL,371,ok,6.4170220511,8
OVRPBL,372,ok,6.8514732747,6
OVRPBL,373,ok,6.2741640786,7
OVRPBL,374,ok,6.3323827262,7
OVRPBL,375,ok,6.5657891152,7
OVRPBL,376,ok,6.6617521026,5
OVRPBL,377,ok,6.1402945969,5
OVRPBL,378,ok,5.9326542433,4
OVRPBL,379,ok,7.4488992133,5
OVRPBL,380,ok,6.7567237824,7
OVRPBL,381,ok,5.8866053357,5
OVRPBL,382,ok,6.2185128333,6
OVRPBL,383,ok,5.8718716842,6
OVRPBL,384,ok,6.9216697264,5
OVRPBL,385,ok,6.8598952401,5
OVRPBL,386,ok,7.1386705174,5
OVRPBL,387,ok,6.7760421469,6
OVRPBL,388,ok,7.9744095090,5
OVRPBL,389,ok,6.4484110359,5
OVRPBL,390,ok,7.5079311074,9
OVRPBL,391,ok,5.3624206534,5
OVRPBL,392,ok,7.4230155569,5
OVRPBL,393,ok,6.2563594340,6
OVRPBL,394,ok,6.7731108793,5
OVRPBL,395,ok,6.3669778346,6
OVRPBL,396,ok,7.8065039747,5
OVRPBL,397,ok,6.0821002626,7
OVRPBL,398,ok,6.5848835029,5
OVRPBL,399,ok,6.6494874293,6
OVRPBL,400,ok,5.9330572969,7
OVRPBL,401,ok,6.0881211902,6
OVRPBL,402,ok,6.5109035805,6
OVRPBL,403,ok,6.0795912701,4
OVRPBL,404,ok,7.5377871344,5
OVRPBL,405,ok,5.8125340842,7
OVRPBL,406,ok,6.7037020202,5
OVRPBL,407,ok,5.9679531076,5
OVRPBL,408,ok,6.0887354514,5
OVRPBL,409,ok,5.7063759547,6
OVRPBL,410,ok,6.5301859713,7
OVRPBL,411,ok,8.0320641443,4
OVRPBL,412,ok,6.4107013731,7
OVRPBL,413,ok,7.3249413747,6
OVRPBL,414,ok,6.8424694208,6
OVRPBL,415,ok,7.6389814696,6
OVRPBL,416,ok,6.9412773902,7
OVRPBL,417,ok,6.7265602460,6
OVRPBL,418,ok,6.6010684836,6
OVRPBL,419,ok,7.7953486779,5
OVRPBL,420,ok,6.3892414258,4
OVRPBL,421,ok,6.1519450028,6
OVRPBL,422,ok,7.2790681628,4
OVRPBL,423,ok,6.1624169100,5
OVRPBL,424,ok,6.4340125985,5
OVRPBL,425,ok,6.1745033998,4
OVRPBL,426,ok,6.3813028841,6
OVRPBL,427,ok,6.1741629431,5
OVRPBL,428,ok,7.8543469776,6
OVRPBL,429,ok,6.1265493660,5
OVRPBL,430,ok,6.1362308072,5
OVRPBL,431,ok,6.6215393329,8
OVRPBL,432,ok,5.9071878799,5
OVRPBL,433,ok,6.0226708116,5
OVRPBL,434,ok,6.8388397285,6
OVRPBL,435,ok,7.2431465794,5
OVRPBL,436,ok,6.4532923639,5
OVRPBL,437,ok,5.5326846881,5
OVRPBL,438,ok,7.1228675870,6
OVRPBL,439,ok,6.3538327663,7
OVRPBL,440,ok,6.7834776444,6
OVRPBL,441,ok,5.6735359633,6
OVRPBL,442,ok,6.3915529036,9
OVRPBL,443,ok,6.8063624678,7
OVRPBL,444,ok,6.1848367285,5
OVRPBL,445,ok,6.6005629265,8
OVRPBL,446,ok,6.5457342173,6
OVRPBL,447,ok,6.0363320149,6
OVRPBL,448,ok,7.2328931764,5
OVRPBL,449,ok,6.7712066508,5
OVRPBL,450,ok,5.2873623695,4
OVRPBL,451,ok,6.5425076050,6
OVRPBL,452,ok,6.8479157989,6
OVRPBL,453,ok,6.7803608368,6
OVRPBL,454,ok,6.7501781238,7
OVRPBL,455,ok,6.1366261662,5
OVRPBL,456,ok,6.6366002831,7
OVRPBL,457,ok,7.3068203747,5
OVRPBL,458,ok,6.1135304506,5
OVRPBL,459,ok,6.0270268523,6
OVRPBL,460,ok,5.4843014460,7
OVRPBL,461,ok,6.3742822842,5
OVRPBL,462,ok,5.7663621463,6
OVRPBL,463,ok,6.1555216855,5
OVRPBL,464,ok,6.5924806814,9
OVRPBL,465,ok,6.8575911886,5
OVRPBL,466,ok,6.2319782022,9
OVRPBL,467,ok,6.8264700464,5
OVRPBL,468,ok,6.6238592572,7
OVRPBL,469,ok,5.9782749698,5
OVRPBL,470,ok,5.9594675990,5
OVRPBL,471,ok,6.6978401245,5
OVRPBL,472,ok,5.9942314070,3
OVRPBL,473,ok,6.2064499129,5
OVRPBL,474,ok,6.3132148528,7
OVRPBL,475,ok,5.7659803376,6
OVRPBL,476,ok,6.5071008227,5
OVRPBL,477,ok,6.4357851893,5
OVRPBL,478,ok,6.8224204369,8
OVRPBL,479,ok,5.4764784897,4
OVRPBL,480,ok,6.0120721712,6
OVRPBL,481,ok,6.4817330640,5
OVRPBL,482,ok,7.1701463332,6
OVRPBL,483,ok,5.9456800774,6
OVRPBL,484,ok,7.3686277483,6
OVRPBL,485,ok,6.2404780598,5
OVRPBL,486,ok,6.1033838866,4
OVRPBL,487,ok,7.1951642448,5
OVRPBL,488,ok,7.1579215422,5
OVRPBL,489,ok,6.2956652894,5
OVRPBL,490,ok,6.5073656092,6
OVRPBL,491,ok,6.6297833183,5
OVRPBL,492,ok,6.8441091048,6
OVRPBL,493,ok,6.1400804003,5
OVRPBL,494,ok,6.2180152414,6
OVRPBL,495,ok,6.4596949136,5
OVRPBL,496,ok,6.0430442434,7
OVRPBL,497,ok,6.4077150852,5
OVRPBL,498,ok,6.0334958042,6
OVRPBL,499,ok,6.2112085256,6
OVRPBL,500,ok,6.4392863638,6
OVRPBL,501,ok,6.8750093332,6
OVRPBL,502,ok,6.9081951843,4
OVRPBL,503,ok,6.8855176327,6
OVRPBL,504,ok,6.2940484417,5
OVRPBL,505,ok,6.0363842185,4
OVRPBL,506,ok,6.3081308702,5
OVRPBL,507,ok,6.7806746467,5
OVRPBL,508,ok,8.7415686779,6
OVRPBL,509,ok,6.8195947432,5
OVRPBL,510,ok,5.9970578311,6
OVRPBL,511,ok,6.3056514558,9
OVRPBL,512,ok,7.3179977083,5
OVRPBL,513,ok,6.7718672967,4
OVRPBL,514,ok,6.3960309629,5
OVRPBL,515,ok,5.9801939769,4
OVRPBL,516,ok,5.0192727231,7
OVRPBL,517,ok,7.8192550718,6
OVRPBL,518,ok,6.1344979532,4
OVRPBL,519,ok,6.0317780359,5
OVRPBL,520,ok,6.6567880298,7
OVRPBL,521,ok,6.5565509256,4
OVRPBL,522,ok,6.4581799962,5
OVRPBL,523,ok,5.8378041841,5
OVRPBL,524,ok,6.2528020344,4
OVRPBL,525,ok,5.4100616744,6
OVRPBL,526,ok,5.9173069855,5
OVRPBL,527,ok,7.0038430503,5
OVRPBL,528,ok,6.4538696606,6
OVRPBL,529,ok,6.8618475494,6
OVRPBL,530,ok,6.4435318904,6
OVRPBL,531,ok,7.2098491317,6
OVRPBL,532,ok,6.5623283858,5
OVRPBL,533,ok,7.1209605635,5
OVRPBL,534,ok,5.7352033369,5
OVRPBL,535,ok,6.2903344203,4
OVRPBL,536,ok,5.9076526223,5
OVRPBL,537,ok,6.1567770966,5
OVRPBL,538,ok,6.6284576724,4
OVRPBL,539,ok,6.4130101375,7
OVRPBL,540,ok,7.1728834567,7
OVRPBL,541,ok,6.1726866672,6
OVRPBL,542,ok,7.9528590157,5
OVRPBL,543,ok,7.0499930162,6
OVRPBL,544,ok,5.6784880922,7
OVRPBL,545,ok,6.4720452818,4
OVRPBL,546,ok,6.9586501074,8
OVRPBL,547,ok,5.5824824072,5
OVRPBL,548,ok,6.1137789785,5
OVRPBL,549,ok,5.6244784357,4
OVRPBL,550,ok,6.3555017174,4
OVRPBL,551,ok,6.6270971124,5
OVRPBL,552,ok,6.4912345005,5
OVRPBL,553,ok,6.7015262367,5
OVRPBL,554,ok,5.6877927390,5
OVRPBL,555,ok,6.1717073552,5
OVRPBL,556,ok,6.0597500438,6
OVRPBL,557,ok,6.8724408699,7
OVRPBL,558,ok,6.5659487812,6
OVRPBL,559,ok,5.4954948616,4
OVRPBL,560,ok,5.5604112144,5
OVRPBL,561,ok,6.5488296390,4
OVRPBL,562,ok,5.7403210919,6
OVRPBL,563,ok,6.3357445888,5
OVRPBL,564,ok,6.0664495722,6
OVRPBL,565,ok,6.2844841310,5
OVRPBL,566,ok,5.9160631711,6
OVRPBL,567,ok,6.6334382796,5
OVRPBL,568,ok,5.9583949909,6
OVRPBL,569,ok,6.3151790099,6
OVRPBL,570,ok,6.8838560044,7
OVRPBL,571,ok,6.6460507013,7
OVRPBL,572,ok,6.9679833008,6
OVRPBL,573,ok,7.6018664612,5
OVRPBL,574,ok,6.4666294106,7
OVRPBL,575,ok,6.0771421966,6
OVRPBL,576,ok,5.9252221017,5
OVRPBL,577,ok,6.5754576096,6
OVRPBL,578,ok,6.9462033444,5
OVRPBL,579,ok,7.3699756431,4
OVRPBL,580,ok,6.9754016828,6
OVRPBL,581,ok,6.5856162950,6
OVRPBL,582,ok,6.9601655468,5
OVRPBL,583,ok,7.1892490485,5
OVRPBL,584,ok,6.6165530149,6
OVRPBL,585,ok,7.0510652228,6
OVRPBL,586,ok,6.6760426751,5
OVRPBL,587,ok,6.6694504725,5
OVRPBL,588,ok,5.5033268090,5
OVRPBL,589,ok,7.0839204690,7
OVRPBL,590,ok,7.4627020492,6
OVRPBL,591,ok,7.0259757627,8
OVRPBL,592,ok,6.9484667138,6
OVRPBL,593,ok,6.2743868122,5
OVRPBL,594,ok,5.9576359177,5
OVRPBL,595,ok,6.8732126107,6
OVRPBL,596,ok,6.7284984350,5
OVRPBL,597,ok,6.8922832394,5
OVRPBL,598,ok,6.1351894212,6
OVRPBL,599,ok,6.8465309806,5
OVRPBL,600,ok,6.9982750535,5
OVRPBL,601,ok,5.6819915833,6
OVRPBL,602,ok,6.7573404657,6
OVRPBL,603,ok,6.7546440241,5
OVRPBL,604,ok,7.1864838827,5
OVRPBL,605,ok,6.2676165966,6
OVRPBL,606,ok,7.1853170460,6
OVRPBL,607,ok,6.4967864050,6
OVRPBL,608,ok,5.7971894169,5
OVRPBL,609,ok,6.3737600354,4
OVRPBL,610,ok,6.1443657278,6
OVRPBL,611,ok,6.7320875107,4
OVRPBL,612,ok,6.2940387889,4
OVRPBL,613,ok,6.7598354816,6
OVRPBL,614,ok,6.4420203180,5
OVRPBL,615,ok,5.8993481106,6
OVRPBL,616,ok,7.0502732980,4
OVRPBL,617,ok,7.4082809122,6
OVRPBL,618,ok,6.1339781657,7
OVRPBL,619,ok,6.5924922467,6
OVRPBL,620,ok,7.0505462474,5
OVRPBL,621,ok,6.1477530795,5
OVRPBL,622,ok,7.8629069244,6
OVRPBL,623,ok,7.3045503325,4
OVRPBL,624,ok,7.2979517677,6
OVRPBL,625,ok,6.5854055462,6
OVRPBL,626,ok,6.6499852014,5
OVRPBL,627,ok,6.8974504984,6
OVRPBL,628,ok,6.8092230995,5
OVRPBL,629,ok,5.7136157512,7
OVRPBL,630,ok,5.8706883254,4
OVRPBL,631,ok,6.0454422198,5
OVRPBL,632,ok,6.5862705722,4
OVRPBL,633,ok,7.6282521706,5
OVRPBL,634,ok,7.0413003507,5
OVRPBL,635,ok,7.3910927410,4
OVRPBL,636,ok,6.8847823504,8
OVRPBL,637,ok,6.9110778222,5
OVRPBL,638,ok,6.0703205336,5
OVRPBL,639,ok,6.6897402503,5
OVRPBL,640,ok,6.8446261600,5
OVRPBL,641,ok,6.9336053202,7
OVRPBL,642,ok,6.3457820724,7
OVRPBL,643,ok,5.8957715893,7
OVRPBL,644,ok,7.0159851503,5
OVRPBL,645,ok,5.6817423291,6
OVRPBL,646,ok,6.2069482817,4
OVRPBL,647,ok,7.1212180262,5
OVRPBL,648,ok,6.3604997898,6
OVRPBL,649,ok,6.3881693070,5
OVRPBL,650,ok,6.0122502575,5
OVRPBL,651,ok,6.5068833446,7
OVRPBL,652,ok,6.0678132746,5
OVRPBL,653,ok,6.4896302259,5
OVRPBL,654,ok,6.1821569262,6
OVRPBL,655,ok,5.7076659011,5
OVRPBL,656,ok,5.6552292083,5
OVRPBL,657,ok,7.3720383103,8
OVRPBL,658,ok,7.3111767749,6
OVRPBL,659,ok,6.5148017539,5
OVRPBL,660,ok,6.3781660315,5
OVRPBL,661,ok,7.0647465686,6
OVRPBL,662,ok,6.8034776600,4
OVRPBL,663,ok,6.4706635813,4
OVRPBL,664,ok,5.9808566966,4
OVRPBL,665,ok,6.4660606671,4
OVRPBL,666,ok,6.6657547004,4
OVRPBL,667,ok,7.4007974955,7
OVRPBL,668,ok,7.5542517931,6
OVRPBL,669,ok,6.5512660115,5
OVRPBL,670,ok,6.8536716947,5
OVRPBL,671,ok,6.3206911430,4
OVRPBL,672,ok,6.5077568162,6
OVRPBL,673,ok,6.3638556938,6
OVRPBL,674,ok,5.7454607015,5
OVRPBL,675,ok,6.4591358335,4
OVRPBL,676,ok,6.3106430226,5
OVRPBL,677,ok,5.7147757844,6
OVRPBL,678,ok,6.0900688745,4
OVRPBL,679,ok,7.2445320174,6
OVRPBL,680,ok,6.2758566039,5
OVRPBL,681,ok,6.1614486140,6
OVRPBL,682,ok,6.8375089188,5
OVRPBL,683,ok,6.0605353767,6
OVRPBL,684,ok,6.5384672765,9
OVRPBL,685,ok,6.8668919182,5
OVRPBL,686,ok,6.7424876763,6
OVRPBL,687,ok,6.5266775545,4
OVRPBL,688,ok,7.8335470438,7
OVRPBL,689,ok,6.4590813517,6
OVRPBL,690,ok,6.7582613872,7
OVRPBL,691,ok,6.0281967713,5
OVRPBL,692,ok,6.2018662318,5
OVRPBL,693,ok,6.2969540666,5
OVRPBL,694,ok,5.7667794488,6
OVRPBL,695,ok,6.0622855641,7
OVRPBL,696,ok,6.1585856219,6
OVRPBL,697,ok,6.6543930172,4
OVRPBL,698,ok,7.9261829613,8
OVRPBL,699,ok,7.5638574619,6
OVRPBL,700,ok,6.2099189963,6
OVRPBL,701,ok,6.7914562525,5
OVRPBL,702,ok,6.1480292965,7
OVRPBL,703,ok,6.9426620976,5
OVRPBL,704,ok,6.4262907217,5
OVRPBL,705,ok,6.7975396861,7
OVRPBL,706,ok,6.7277820122,6
OVRPBL,707,ok,5.4862637128,5
OVRPBL,708,ok,6.2443719505,8
OVRPBL,709,ok,6.5639071632,6
OVRPBL,710,ok,6.4055245654,7
OVRPBL,711,ok,6.8629715176,8
OVRPBL,712,ok,6.1382880193,4
OVRPBL,713,ok,7.2769447289,4
OVRPBL,714,ok,5.8544237754,5
OVRPBL,715,ok,7.3303327325,5
OVRPBL,716,ok,6.9591159425,6
OVRPBL,717,ok,6.8295565478,6
OVRPBL,718,ok,6.5350044339,6
OVRPBL,719,ok,6.6877013473,7
OVRPBL,720,ok,7.7767559546,6
OVRPBL,721,ok,6.7180162511,7
OVRPBL,722,ok,5.5040789847,6
OVRPBL,723,ok,6.1288824839,4
OVRPBL,724,ok,6.4965223233,7
OVRPBL,725,ok,7.0767368072,7
OVRPBL,726,ok,6.1948920296,5
OVRPBL,727,ok,6.3037053700,5
OVRPBL,728,ok,6.3015873867,5
OVRPBL,729,ok,6.6498517234,6
OVRPBL,730,ok,6.8260850504,5
OVRPBL,731,ok,6.2078252755,6
OVRPBL,732,ok,6.6353459579,5
OVRPBL,733,ok,6.3944088045,6
OVRPBL,734,ok,8.0154523874,6
OVRPBL,735,ok,6.1335490090,5
OVRPBL,736,ok,6.1617698562,5
OVRPBL,737,ok,7.0947369608,4
OVRPBL,738,ok,6.6128309559,8
OVRPBL,739,ok,6.4170656831,5
OVRPBL,740,ok,6.1346648722,7
OVRPBL,741,ok,6.2717859736,5
OVRPBL,742,ok,7.1650786259,5
OVRPBL,743,ok,6.6768480598,5
OVRPBL,744,ok,7.1419326285,6
OVRPBL,745,ok,7.2535032357,7
OVRPBL,746,ok,6.9422252859,5
OVRPBL,747,ok,5.8656072570,6
OVRPBL,748,ok,6.1326976014,6
OVRPBL,749,ok,6.2454484166,4
OVRPBL,750,ok,6.2902084575,5
OVRPBL,751,ok,6.3575326313,6
OVRPBL,752,ok,6.6534565726,6
OVRPBL,753,ok,6.1594379736,8
OVRPBL,754,ok,6.2694570692,5
OVRPBL,755,ok,6.2187870688,6
OVRPBL,756,ok,7.1992896211,6
OVRPBL,757,ok,6.8255292177,6
OVRPBL,758,ok,5.5656447244,7
OVRPBL,759,ok,6.2599154060,6
OVRPBL,760,ok,6.2111630507,6
OVRPBL,761,ok,7.9165362983,6
OVRPBL,762,ok,7.2447724155,5
OVRPBL,763,ok,5.9375173695,6
OVRPBL,764,ok,6.4525440157,6
OVRPBL,765,ok,6.8545021182,6
OVRPBL,766,ok,6.4262189570,9
OVRPBL,767,ok,6.6731461777,5
OVRPBL,768,ok,6.3286572104,5
OVRPBL,769,ok,7.4098947780,6
OVRPBL,770,ok,5.5259660856,6
OVRPBL,771,ok,6.6037295141,6
OVRPBL,772,ok,7.2036173379,7
OVRPBL,773,ok,6.3539210340,6
OVRPBL,774,ok,6.8673502428,4
OVRPBL,775,ok,6.2298482806,6
OVRPBL,776,ok,6.7195913605,7
OVRPBL,777,ok,5.8998666998,5
OVRPBL,778,ok,6.5326375514,6
OVRPBL,779,ok,7.1496801109,6
OVRPBL,780,ok,6.8016495270,5
OVRPBL,781,ok,7.0366705030,5
OVRPBL,782,ok,7.1807464242,6
OVRPBL,783,ok,5.9470067114,6
OVRPBL,784,ok,5.6378513919,5
OVRPBL,785,ok,6.5268586888,4
OVRPBL,786,ok,6.4100759355,5
OVRPBL,787,ok,6.9052761048,6
OVRPBL,788,ok,7.3033247513,5
OVRPBL,789,ok,6.6213995352,6
OVRPBL,790,ok,5.9636890702,5
OVRPBL,791,ok,7.2208134319,5
OVRPBL,792,ok,7.0599302397,4
OVRPBL,793,ok,6.1765680820,6
OVRPBL,794,ok,7.1503470829,5
OVRPBL,795,ok,6.6979615581,5
OVRPBL,796,ok,6.2729080466,4
OVRPBL,797,ok,6.1996632922,8
OVRPBL,798,ok,6.2673618047,6
OVRPBL,799,ok,6.0216997816,6
OVRPBL,800,ok,6.9194451385,7
OVRPBL,801,ok,6.6155755989,7
OVRPBL,802,ok,7.2394864380,4
OVRPBL,803,ok,6.8901064247,6
OVRPBL,804,ok,6.5278065301,7
OVRPBL,805,ok,6.5737506938,8
OVRPBL,806,ok,6.5984047586,8
OVRPBL,807,ok,6.4200077625,5
OVRPBL,808,ok,6.6283177122,5
OVRPBL,809,ok,6.1180972135,5
OVRPBL,810,ok,7.2621543221,7
OVRPBL,811,ok,6.0347736205,6
OVRPBL,812,ok,6.9426758684,5
OVRPBL,813,ok,6.2164709017,5
OVRPBL,814,ok,6.7440871053,5
OVRPBL,815,ok,6.5231504166,7
OVRPBL,816,ok,6.2667590902,6
OVRPBL,817,ok,5.8801235776,5
OVRPBL,818,ok,6.9357467080,6
OVRPBL,819,ok,6.4708641757,5
OVRPBL,820,ok,6.4957150042,5
OVRPBL,821,ok,6.7243852800,5
OVRPBL,822,ok,6.2510411585,5
OVRPBL,823,ok,5.6903434944,4
OVRPBL,824,ok,5.9324454178,5
OVRPBL,825,ok,6.0293333818,7
OVRPBL,826,ok,6.8492872232,6
OVRPBL,827,ok,6.2775387148,6
OVRPBL,828,ok,6.8171575161,8
OVRPBL,829,ok,6.5251815708,6
OVRPBL,830,ok,6.6438766560,6
OVRPBL,831,ok,7.2107309668,6
OVRPBL,832,ok,6.9488437965,5
OVRPBL,833,ok,5.8906245252,4
OVRPBL,834,ok,5.7719432399,5
OVRPBL,835,ok,6.9526653894,6
OVRPBL,836,ok,6.6405702591,7
OVRPBL,837,ok,7.3519171412,8
OVRPBL,838,ok,6.7493987587,6
OVRPBL,839,ok,6.3417702843,5
OVRPBL,840,ok,6.8073716559,8
OVRPBL,841,ok,5.9063478025,6
OVRPBL,842,ok,5.5342076564,8
OVRPBL,843,ok,6.9250533387,5
OVRPBL,844,ok,7.2393125554,4
OVRPBL,845,ok,5.9448852535,5
OVRPBL,846,ok,6.0971890062,6
OVRPBL,847,ok,6.5212539198,5
OVRPBL,848,ok,7.1901658081,6
OVRPBL,849,ok,7.2799389503,6
OVRPBL,850,ok,6.3650315050,6
OVRPBL,851,ok,6.8120782296,6
OVRPBL,852,ok,7.2221517277,5
OVRPBL,853,ok,6.2503716085,5
OVRPBL,854,ok,6.5809464905,5
OVRPBL,855,ok,6.8064428872,5
OVRPBL,856,ok,6.7397702810,6
OVRPBL,857,ok,6.4419477615,4
OVRPBL,858,ok,6.3876778547,4
OVRPBL,859,ok,5.9675123382,6
OVRPBL,860,ok,7.4854227379,8
OVRPBL,861,ok,6.9861499103,5
OVRPBL,862,ok,6.0160038316,5
OVRPBL,863,ok,6.1803366953,5
OVRPBL,864,ok,6.3501186808,5
OVRPBL,865,ok,6.1271440438,6
OVRPBL,866,ok,7.4371873122,6
OVRPBL,867,ok,6.8200802574,7
OVRPBL,868,ok,6.8937564675,5
OVRPBL,869,ok,7.7341342837,6
OVRPBL,870,ok,6.6026964208,5
OVRPBL,871,ok,6.2965697072,6
OVRPBL,872,ok,6.4296005904,7
OVRPBL,873,ok,6.2704180019,6
OVRPBL,874,ok,7.3224367887,6
OVRPBL,875,ok,7.1457933848,8
OVRPBL,876,ok,5.7711053443,8
OVRPBL,877,ok,7.0548299715,6
OVRPBL,878,ok,6.8197092000,5
OVRPBL,879,ok,7.2176408941,6
OVRPBL,880,ok,5.8330959456,6
OVRPBL,881,ok,6.1858332480,6
OVRPBL,882,ok,6.5409457814,7
OVRPBL,883,ok,7.6025330100,5
OVRPBL,884,ok,6.1913756240,7
OVRPBL,885,ok,6.0022548365,4
OVRPBL,886,ok,6.1290850599,5
OVRPBL,887,ok,6.2293455715,7
OVRPBL,888,ok,5.7520590875,7
OVRPBL,889,ok,6.0790972014,7
OVRPBL,890,ok,6.8689697853,6
OVRPBL,891,ok,6.6546823054,7
OVRPBL,892,ok,6.9974436956,6
OVRPBL,893,ok,7.5814596602,7
OVRPBL,894,ok,6.2157529512,6
OVRPBL,895,ok,5.6308631467,7
OVRPBL,896,ok,6.5431829204,4
OVRPBL,897,ok,6.0885643343,7
OVRPBL,898,ok,6.4471519323,5
OVRPBL,899,ok,6.2632780326,6
OVRPBL,900,ok,5.9004521790,4
OVRPBL,901,ok,6.4208558462,5
OVRPBL,902,ok,6.5320131179,6
OVRPBL,903,ok,6.7633704266,6
OVRPBL,904,ok,6.3645215978,7
OVRPBL,905,ok,6.6558245570,6
OVRPBL,906,ok,6.3496784991,7
OVRPBL,907,ok,6.4954344159,7
OVRPBL,908,ok,5.3693932808,4
OVRPBL,909,ok,6.1264945037,6
OVRPBL,910,ok,5.7832412809,6
OVRPBL,911,ok,7.4877560763,6
OVRPBL,912,ok,6.8124495547,5
OVRPBL,913,ok,5.6735678893,4
OVRPBL,914,ok,6.0610873629,5
OVRPBL,915,ok,6.3303350539,6
OVRPBL,916,ok,6.6742688289,6
OVRPBL,917,ok,6.6295539033,5
OVRPBL,918,ok,5.9496739395,7
OVRPBL,919,ok,6.4098897417,7
OVRPBL,920,ok,7.0572150981,6
OVRPBL,921,ok,6.3399502048,5
OVRPBL,922,ok,6.1981704010,5
OVRPBL,923,ok,6.2977258304,5
OVRPBL,924,ok,6.6998291937,5
OVRPBL,925,ok,7.0666869109,7
OVRPBL,926,ok,6.1717472416,6
OVRPBL,927,ok,5.8635301264,5
OVRPBL,928,ok,6.0792964091,6
OVRPBL,929,ok,7.2723131891,7
OVRPBL,930,ok,6.7796621795,6
OVRPBL,931,ok,6.6950979633,6
OVRPBL,932,ok,5.9246948493,7
OVRPBL,933,ok,6.8881309150,5
OVRPBL,934,ok,6.3676665194,6
OVRPBL,935,ok,6.0986706792,5
OVRPBL,936,ok,6.4468693057,6
OVRPBL,937,ok,6.5950076682,6
OVRPBL,938,ok,7.1412030744,4
OVRPBL,939,ok,7.0306627066,5
OVRPBL,940,ok,6.1020129610,7
OVRPBL,941,ok,6.3062988290,4
OVRPBL,942,ok,5.9810947020,5
OVRPBL,943,ok,7.1613683434,6
OVRPBL,944,ok,6.2727091847,6
OVRPBL,945,ok,6.6596845275,6
OVRPBL,946,ok,5.9522656625,6
OVRPBL,947,ok,5.8612167057,5
OVRPBL,948,ok,6.0804811842,8
OVRPBL,949,ok,6.3537994700,6
OVRPBL,950,ok,6.3908139376,6
OVRPBL,951,ok,7.3000588777,6
OVRPBL,952,ok,6.7120733093,5
OVRPBL,953,ok,8.0956719621,8
OVRPBL,954,ok,6.6585663783,6
OVRPBL,955,ok,6.4266457207,5
OVRPBL,956,ok,5.8841506236,4
OVRPBL,957,ok,6.0492480704,6
OVRPBL,958,ok,6.8027439448,4
OVRPBL,959,ok,6.6219465221,5
OVRPBL,960,ok,6.6749055021,6
OVRPBL,961,ok,7.4861856708,6
OVRPBL,962,ok,5.8957726177,4
OVRPBL,963,ok,6.3587528838,7
OVRPBL,964,ok,5.8309112737,6
OVRPBL,965,ok,5.8187919390,6
OVRPBL,966,ok,6.1935806878,8
OVRPBL,967,ok,5.9559056632,4
OVRPBL,968,ok,6.0303140097,5
OVRPBL,969,ok,5.9234903815,4
OVRPBL,970,ok,6.6209683064,6
OVRPBL,971,ok,6.4256704810,4
OVRPBL,972,ok,6.4451350997,6
OVRPBL,973,ok,6.4361665445,5
OVRPBL,974,ok,6.4160200412,4
OVRPBL,975,ok,6.6701333746,5
OVRPBL,976,ok,6.0677232545,6
OVRPBL,977,ok,7.6954941399,5
OVRPBL,978,ok,7.1052422526,6
OVRPBL,979,ok,6.5554200052,5
OVRPBL,980,ok,6.1600712407,7
OVRPBL,981,ok,6.2310028639,7
OVRPBL,982,ok,6.4501245772,6
OVRPBL,983,ok,6.3799656458,7
OVRPBL,984,ok,6.4805304431,6
OVRPBL,985,ok,6.8780084573,5
OVRPBL,986,ok,6.1861342174,7
OVRPBL,987,ok,7.4421303291,8
OVRPBL,988,ok,6.0953698433,7
OVRPBL,989,ok,6.5150409722,6
OVRPBL,990,ok,6.1619151779,5
OVRPBL,991,ok,6.7194835114,5
OVRPBL,992,ok,7.1935766096,5
OVRPBL,993,ok,5.9514423597,6
OVRPBL,994,ok,6.5032482150,6
OVRPBL,995,ok,6.1832882962,5
OVRPBL,996,ok,6.9303687257,7
OVRPBL,997,ok,6.5869822288,7
OVRPBL,998,ok,7.2359112630,7
OVRPBL,999,ok,7.3069016631,6
OVRPBTW,0,no_feasible_candidate,,
OVRPBTW,1,ok,12.8043839867,15
OVRPBTW,2,no_feasible_candidate,,
OVRPBTW,3,no_feasible_candidate,,
OVRPBTW,4,no_feasible_candidate,,
OVRPBTW,5,no_feasible_candidate,,
OVRPBTW,6,no_feasible_candidate,,
OVRPBTW,7,no_feasible_candidate,,
OVRPBTW,8,ok,10.3648232960,17
OVRPBTW,9,no_feasible_candidate,,
OVRPBTW,10,no_feasible_candidate,,
OVRPBTW,11,no_feasible_candidate,,
OVRPBTW,12,no_feasible_candidate,,
OVRPBTW,13,ok,12.1605561653,21
OVRPBTW,14,no_feasible_candidate,,
OVRPBTW,15,no_feasible_candidate,,
OVRPBTW,16,ok,13.1164134798,18
OVRPBTW,17,no_feasible_candidate,,
OVRPBTW,18,no_feasible_candidate,,
OVRPBTW,19,ok,10.7234130248,14
OVRPBTW,20,no_feasible_candidate,,
OVRPBTW,21,no_feasible_candidate,,
OVRPBTW,22,no_feasible_candidate,,
OVRPBTW,23,no_feasible_candidate,,
OVRPBTW,24,no_feasible_candidate,,
OVRPBTW,25,no_feasible_candidate,,
OVRPBTW,26,ok,8.5749690962,19
OVRPBTW,27,ok,12.5999788902,15
OVRPBTW,28,ok,13.7612701934,14
OVRPBTW,29,no_feasible_candidate,,
OVRPBTW,30,no_feasible_candidate,,
OVRPBTW,31,no_feasible_candidate,,
OVRPBTW,32,no_feasible_candidate,,
OVRPBTW,33,no_feasible_candidate,,
OVRPBTW,34,ok,12.2856632957,19
OVRPBTW,35,no_feasible_candidate,,
OVRPBTW,36,no_feasible_candidate,,
OVRPBTW,37,no_feasible_candidate,,
OVRPBTW,38,no_feasible_candidate,,
OVRPBTW,39,no_feasible_candidate,,
OVRPBTW,40,no_feasible_candidate,,
OVRPBTW,41,no_feasible_candidate,,
OVRPBTW,42,no_feasible_candidate,,
OVRPBTW,43,no_feasible_candidate,,
OVRPBTW,44,ok,12.3713342454,15
OVRPBTW,45,no_feasible_candidate,,
OVRPBTW,46,no_feasible_candidate,,
OVRPBTW,47,no_feasible_candidate,,
OVRPBTW,48,no_feasible_candidate,,
OVRPBTW,49,no_feasible_candidate,,
OVRPBTW,50,no_feasible_candidate,,
OVRPBTW,51,no_feasible_candidate,,
OVRPBTW,52,no_feasible_candidate,,
OVRPBTW,53,ok,11.5365748957,16
OVRPBTW,54,ok,11.2151891824,16
OVRPBTW,55,no_feasible_candidate,,
OVRPBTW,56,no_feasible_candidate,,
OVRPBTW,57,no_feasible_candidate,,
OVRPBTW,58,no_feasible_candidate,,
OVRPBTW,59,no_feasible_candidate,,
OVRPBTW,60,no_feasible_candidate,,
OVRPBTW,61,ok,12.7921793215,18
OVRPBTW,62,no_feasible_candidate,,
OVRPBTW,63,no_feasible_candidate,,
OVRPBTW,64,no_feasible_candidate,,
OVRPBTW,65,no_feasible_candidate,,
OVRPBTW,66,no_feasible_candidate,,
OVRPBTW,67,no_feasible_candidate,,
OVRPBTW,68,ok,12.0716860352,15
OVRPBTW,69,no_feasible_candidate,,
OVRPBTW,70,no_feasible_candidate,,
OVRPBTW,71,no_feasible_candidate,,
OVRPBTW,72,ok,12.0808620608,16
OVRPBTW,73,no_feasible_candidate,,
OVRPBTW,74,no_feasible_candidate,,
OVRPBTW,75,no_feasible_candidate,,
OVRPBTW,76,no_feasible_candidate,,
OVRPBTW,77,no_feasible_candidate,,
OVRPBTW,78,no_feasible_candidate,,
OVRPBTW,79,no_feasible_candidate,,
OVRPBTW,80,no_feasible_candidate,,
OVRPBTW,81,no_feasible_candidate,,
OVRPBTW,82,no_feasible_candidate,,
OVRPBTW,83,no_feasible_candidate,,
OVRPBTW,84,no_feasible_candidate,,
OVRPBTW,85,no_feasible_candidate,,
OVRPBTW,86,no_feasible_candidate,,
OVRPBTW,87,no_feasible_candidate,,
OVRPBTW,88,ok,10.3321511569,19
OVRPBTW,89,no_feasible_candidate,,
OVRPBTW,90,no_feasible_candidate,,
OVRPBTW,91,ok,12.5136062097,16
OVRPBTW,92,no_feasible_candidate,,
OVRPBTW,93,no_feasible_candidate,,
OVRPBTW,94,ok,12.2482067939,19
OVRPBTW,95,no_feasible_candidate,,
OVRPBTW,96,no_feasible_candidate,,
OVRPBTW,97,no_feasible_candidate,,
OVRPBTW,98,no_feasible_candidate,,
OVRPBTW,99,no_feasible_candidate,,
OVRPBTW,100,no_feasible_candidate,,
OVRPBTW,101,ok,9.6509157696,15
OVRPBTW,102,no_feasible_candidate,,
OVRPBTW,103,no_feasible_candidate,,
OVRPBTW,104,no_feasible_candidate,,
OVRPBTW,105,no_feasible_candidate,,
OVRPBTW,106,no_feasible_candidate,,
OVRPBTW,107,ok,9.3244133486,14
OVRPBTW,108,no_feasible_candidate,,
OVRPBTW,109,no_feasible_candidate,,
OVRPBTW,110,no_feasible_candidate,,
OVRPBTW,111,no_feasible_candidate,,
OVRPBTW,112,no_feasible_candidate,,
OVRPBTW,113,no_feasible_candidate,,
OVRPBTW,114,no_feasible_candidate,,
OVRPBTW,115,no_feasible_candidate,,
OVRPBTW,116,no_feasible_candidate,,
OVRPBTW,117,no_feasible_candidate,,
OVRPBTW,118,no_feasible_candidate,,
OVRPBTW,119,no_feasible_candidate,,
OVRPBTW,120,no_feasible_candidate,,
OVRPBTW,121,no_feasible_candidate,,
OVRPBTW,122,no_feasible_candidate,,
OVRPBTW,123,no_feasible_candidate,,
OVRPBTW,124,no_feasible_candidate,,
OVRPBTW,125,no_feasible_candidate,,
OVRPBTW,126,no_feasible_candidate,,
OVRPBTW,127,no_feasible_candidate,,
OVRPBTW,128,no_feasible_candidate,,
OVRPBTW,129,no_feasible_candidate,,
OVRPBTW,130,no_feasible_candidate,,
OVRPBTW,131,no_feasible_candidate,,
OVRPBTW,132,ok,12.9374755185,17
OVRPBTW,133,ok,11.7627832133,17
OVRPBTW,134,ok,15.3454140136,18
OVRPBTW,135,ok,11.1943968180,20
OVRPBTW,136,no_feasible_candidate,,
OVRPBTW,137,ok,12.9958401175,18
OVRPBTW,138,ok,11.0886885328,15
OVRPBTW,139,no_feasible_candidate,,
OVRPBTW,140,no_feasible_candidate,,
OVRPBTW,141,no_feasible_candidate,,
OVRPBTW,142,no_feasible_candidate,,
OVRPBTW,143,no_feasible_candidate,,
OVRPBTW,144,no_feasible_candidate,,
OVRPBTW,145,no_feasible_candidate,,
OVRPBTW,146,no_feasible_candidate,,
OVRPBTW,147,no_feasible_candidate,,
OVRPBTW,148,no_feasible_candidate,,
OVRPBTW,149,no_feasible_candidate,,
OVRPBTW,150,no_feasible_candidate,,
OVRPBTW,151,no_feasible_candidate,,
OVRPBTW,152,ok,10.8265020981,14
OVRPBTW,153,ok,13.2790512008,17
OVRPBTW,154,no_feasible_candidate,,
OVRPBTW,155,no_feasible_candidate,,
OVRPBTW,156,ok,9.5787711745,15
OVRPBTW,157,no_feasible_candidate,,
OVRPBTW,158,no_feasible_candidate,,
OVRPBTW,159,no_feasible_candidate,,
OVRPBTW,160,no_feasible_candidate,,
OVRPBTW,161,no_feasible_candidate,,
OVRPBTW,162,no_feasible_candidate,,
OVRPBTW,163,no_feasible_candidate,,
OVRPBTW,164,ok,14.8014431588,17
OVRPBTW,165,ok,11.1641261262,18
OVRPBTW,166,no_feasible_candidate,,
OVRPBTW,167,no_feasible_candidate,,
OVRPBTW,168,no_feasible_candidate,,
OVRPBTW,169,no_feasible_candidate,,
OVRPBTW,170,no_feasible_candidate,,
OVRPBTW,171,ok,9.5429571543,17
OVRPBTW,172,ok,10.4061908413,18
OVRPBTW,173,no_feasible_candidate,,
OVRPBTW,174,no_feasible_candidate,,
OVRPBTW,175,no_feasible_candidate,,
OVRPBTW,176,no_feasible_candidate,,
OVRPBTW,177,ok,12.6778513285,18
OVRPBTW,178,no_feasible_candidate,,
OVRPBTW,179,ok,13.5762033592,16
OVRPBTW,180,no_feasible_candidate,,
OVRPBTW,181,ok,10.9537635803,18
OVRPBTW,182,ok,15.3268173342,19
OVRPBTW,183,ok,10.2277428501,17
OVRPBTW,184,no_feasible_candidate,,
OVRPBTW,185,no_feasible_candidate,,
OVRPBTW,186,no_feasible_candidate,,
OVRPBTW,187,no_feasible_candidate,,
OVRPBTW,188,ok,13.3749738155,14
OVRPBTW,189,no_feasible_candidate,,
OVRPBTW,190,no_feasible_candidate,,
OVRPBTW,191,no_feasible_candidate,,
OVRPBTW,192,no_feasible_candidate,,
OVRPBTW,193,no_feasible_candidate,,
OVRPBTW,194,no_feasible_candidate,,
OVRPBTW,195,no_feasible_candidate,,
OVRPBTW,196,no_feasible_candidate,,
OVRPBTW,197,no_feasible_candidate,,
OVRPBTW,198,no_feasible_candidate,,
OVRPBTW,199,ok,13.8222262329,16
OVRPBTW,200,no_feasible_candidate,,
OVRPBTW,201,no_feasible_candidate,,
OVRPBTW,202,ok,9.4822846006,15
OVRPBTW,203,ok,13.8248699281,17
OVRPBTW,204,ok,13.2122800705,16
OVRPBTW,205,no_feasible_candidate,,
OVRPBTW,206,no_feasible_candidate,,
OVRPBTW,207,no_feasible_candidate,,
OVRPBTW,208,no_feasible_candidate,,
OVRPBTW,209,no_feasible_candidate,,
OVRPBTW,210,no_feasible_candidate,,
OVRPBTW,211,no_feasible_candidate,,
OVRPBTW,212,no_feasible_candidate,,
OVRPBTW,213,no_feasible_candidate,,
OVRPBTW,214,no_feasible_candidate,,
OVRPBTW,215,no_feasible_candidate,,
OVRPBTW,216,no_feasible_candidate,,
OVRPBTW,217,no_feasible_candidate,,
OVRPBTW,218,no_feasible_candidate,,
OVRPBTW,219,no_feasible_candidate,,
OVRPBTW,220,no_feasible_candidate,,
OVRPBTW,221,no_feasible_candidate,,
OVRPBTW,222,no_feasible_candidate,,
OVRPBTW,223,no_feasible_candidate,,
OVRPBTW,224,ok,11.6806921012,20
OVRPBTW,225,no_feasible_candidate,,
OVRPBTW,226,no_feasible_candidate,,
OVRPBTW,227,no_feasible_candidate,,
OVRPBTW,228,no_feasible_candidate,,
OVRPBTW,229,no_feasible_candidate,,
OVRPBTW,230,ok,9.8568923876,15
OVRPBTW,231,no_feasible_candidate,,
OVRPBTW,232,no_feasible_candidate,,
OVRPBTW,233,no_feasible_candidate,,
OVRPBTW,234,ok,10.7873982931,17
OVRPBTW,235,no_feasible_candidate,,
OVRPBTW,236,ok,12.3818011214,17
OVRPBTW,237,no_feasible_candidate,,
OVRPBTW,238,no_feasible_candidate,,
OVRPBTW,239,no_feasible_candidate,,
OVRPBTW,240,no_feasible_candidate,,
OVRPBTW,241,no_feasible_candidate,,
OVRPBTW,242,no_feasible_candidate,,
OVRPBTW,243,ok,13.9430955284,18
OVRPBTW,244,no_feasible_candidate,,
OVRPBTW,245,no_feasible_candidate,,
OVRPBTW,246,ok,13.0187004124,17
OVRPBTW,247,no_feasible_candidate,,
OVRPBTW,248,no_feasible_candidate,,
OVRPBTW,249,no_feasible_candidate,,
OVRPBTW,250,no_feasible_candidate,,
OVRPBTW,251,no_feasible_candidate,,
OVRPBTW,252,no_feasible_candidate,,
OVRPBTW,253,no_feasible_candidate,,
OVRPBTW,254,no_feasible_candidate,,
OVRPBTW,255,no_feasible_candidate,,
OVRPBTW,256,no_feasible_candidate,,
OVRPBTW,257,no_feasible_candidate,,
OVRPBTW,258,no_feasible_candidate,,
OVRPBTW,259,no_feasible_candidate,,
OVRPBTW,260,no_feasible_candidate,,
OVRPBTW,261,no_feasible_candidate,,
OVRPBTW,262,ok,12.0028311963,15
OVRPBTW,263,no_feasible_candidate,,
OVRPBTW,264,no_feasible_candidate,,
OVRPBTW,265,no_feasible_candidate,,
OVRPBTW,266,no_feasible_candidate,,
OVRPBTW,267,ok,17.4894155442,21
OVRPBTW,268,no_feasible_candidate,,
OVRPBTW,269,no_feasible_candidate,,
OVRPBTW,270,no_feasible_candidate,,
OVRPBTW,271,no_feasible_candidate,,
OVRPBTW,272,ok,12.0028765161,18
OVRPBTW,273,no_feasible_candidate,,
OVRPBTW,274,no_feasible_candidate,,
OVRPBTW,275,no_feasible_candidate,,
OVRPBTW,276,no_feasible_candidate,,
OVRPBTW,277,no_feasible_candidate,,
OVRPBTW,278,no_feasible_candidate,,
OVRPBTW,279,no_feasible_candidate,,
OVRPBTW,280,no_feasible_candidate,,
OVRPBTW,281,no_feasible_candidate,,
OVRPBTW,282,no_feasible_candidate,,
OVRPBTW,283,no_feasible_candidate,,
OVRPBTW,284,ok,13.3621161749,17
OVRPBTW,285,no_feasible_candidate,,
OVRPBTW,286,no_feasible_candidate,,
OVRPBTW,287,no_feasible_candidate,,
OVRPBTW,288,ok,13.9667929324,14
OVRPBTW,289,no_feasible_candidate,,
OVRPBTW,290,no_feasible_candidate,,
OVRPBTW,291,no_feasible_candidate,,
OVRPBTW,292,no_feasible_candidate,,
OVRPBTW,293,no_feasible_candidate,,
OVRPBTW,294,no_feasible_candidate,,
OVRPBTW,295,no_feasible_candidate,,
OVRPBTW,296,ok,13.5406237724,19
OVRPBTW,297,no_feasible_candidate,,
OVRPBTW,298,no_feasible_candidate,,
OVRPBTW,299,no_feasible_candidate,,
OVRPBTW,300,no_feasible_candidate,,
OVRPBTW,301,no_feasible_candidate,,
OVRPBTW,302,no_feasible_candidate,,
OVRPBTW,303,ok,11.3598764079,14
OVRPBTW,304,no_feasible_candidate,,
OVRPBTW,305,no_feasible_candidate,,
OVRPBTW,306,no_feasible_candidate,,
OVRPBTW,307,no_feasible_candidate,,
OVRPBTW,308,no_feasible_candidate,,
OVRPBTW,309,ok,11.9636816780,18
OVRPBTW,310,no_feasible_candidate,,
OVRPBTW,311,no_feasible_candidate,,
OVRPBTW,312,no_feasible_candidate,,
OVRPBTW,313,no_feasible_candidate,,
OVRPBTW,314,no_feasible_candidate,,
OVRPBTW,315,ok,12.4946291488,15
OVRPBTW,316,no_feasible_candidate,,
OVRPBTW,317,no_feasible_candidate,,
OVRPBTW,318,no_feasible_candidate,,
OVRPBTW,319,no_feasible_candidate,,
OVRPBTW,320,no_feasible_candidate,,
OVRPBTW,321,no_feasible_candidate,,
OVRPBTW,322,no_feasible_candidate,,
OVRPBTW,323,no_feasible_candidate,,
OVRPBTW,324,no_feasible_candidate,,
OVRPBTW,325,ok,10.3581927736,16
OVRPBTW,326,no_feasible_candidate,,
OVRPBTW,327,no_feasible_candidate,,
OVRPBTW,328,no_feasible_candidate,,
OVRPBTW,329,no_feasible_candidate,,
OVRPBTW,330,no_feasible_candidate,,
OVRPBTW,331,no_feasible_candidate,,
OVRPBTW,332,no_feasible_candidate,,
OVRPBTW,333,no_feasible_candidate,,
OVRPBTW,334,no_feasible_candidate,,
OVRPBTW,335,no_feasible_candidate,,
OVRPBTW,336,no_feasible_candidate,,
OVRPBTW,337,no_feasible_candidate,,
OVRPBTW,338,no_feasible_candidate,,
OVRPBTW,339,no_feasible_candidate,,
OVRPBTW,340,no_feasible_candidate,,
OVRPBTW,341,no_feasible_candidate,,
OVRPBTW,342,no_feasible_candidate,,
OVRPBTW,343,no_feasible_candidate,,
OVRPBTW,344,no_feasible_candidate,,
OVRPBTW,345,no_feasible_candidate,,
OVRPBTW,346,ok,13.2371630193,19
OVRPBTW,347,no_feasible_candidate,,
OVRPBTW,348,no_feasible_candidate,,
OVRPBTW,349,no_feasible_candidate,,
OVRPBTW,350,no_feasible_candidate,,
OVRPBTW,351,no_feasible_candidate,,
OVRPBTW,352,no_feasible_candidate,,
OVRPBTW,353,no_feasible_candidate,,
OVRPBTW,354,no_feasible_candidate,,
OVRPBTW,355,no_feasible_candidate,,
OVRPBTW,356,no_feasible_candidate,,
OVRPBTW,357,ok,13.1368676326,17
OVRPBTW,358,no_feasible_candidate,,
OVRPBTW,359,no_feasible_candidate,,
OVRPBTW,360,no_feasible_candidate,,
OVRPBTW,361,ok,12.8281064665,15
OVRPBTW,362,no_feasible_candidate,,
OVRPBTW,363,no_feasible_candidate,,
OVRPBTW,364,no_feasible_candidate,,
OVRPBTW,365,ok,10.2282212968,17
OVRPBTW,366,no_feasible_candidate,,
OVRPBTW,367,no_feasible_candidate,,
OVRPBTW,368,no_feasible_candidate,,
OVRPBTW,369,no_feasible_candidate,,
OVRPBTW,370,ok,10.3675816590,16
OVRPBTW,371,no_feasible_candidate,,
OVRPBTW,372,no_feasible_candidate,,
OVRPBTW,373,no_feasible_candidate,,
OVRPBTW,374,no_feasible_candidate,,
OVRPBTW,375,no_feasible_candidate,,
OVRPBTW,376,no_feasible_candidate,,
OVRPBTW,377,ok,12.3098132518,17
OVRPBTW,378,no_feasible_candidate,,
OVRPBTW,379,no_feasible_candidate,,
OVRPBTW,380,ok,12.9292427034,18
OVRPBTW,381,ok,9.8859325495,16
OVRPBTW,382,no_feasible_candidate,,
OVRPBTW,383,no_feasible_candidate,,
OVRPBTW,384,no_feasible_candidate,,
OVRPBTW,385,no_feasible_candidate,,
OVRPBTW,386,no_feasible_candidate,,
OVRPBTW,387,no_feasible_candidate,,
OVRPBTW,388,no_feasible_candidate,,
OVRPBTW,389,no_feasible_candidate,,
OVRPBTW,390,no_feasible_candidate,,
OVRPBTW,391,no_feasible_candidate,,
OVRPBTW,392,no_feasible_candidate,,
OVRPBTW,393,ok,9.9039315826,13
OVRPBTW,394,no_feasible_candidate,,
OVRPBTW,395,ok,14.0736960655,17
OVRPBTW,396,no_feasible_candidate,,
OVRPBTW,397,ok,12.0235952288,18
OVRPBTW,398,no_feasible_candidate,,
OVRPBTW,399,no_feasible_candidate,,
OVRPBTW,400,no_feasible_candidate,,
OVRPBTW,401,no_feasible_candidate,,
OVRPBTW,402,no_feasible_candidate,,
OVRPBTW,403,ok,12.8649160822,19
OVRPBTW,404,no_feasible_candidate,,
OVRPBTW,405,no_feasible_candidate,,
OVRPBTW,406,no_feasible_candidate,,
OVRPBTW,407,no_feasible_candidate,,
OVRPBTW,408,no_feasible_candidate,,
OVRPBTW,409,no_feasible_candidate,,
OVRPBTW,410,ok,11.6723934442,18
OVRPBTW,411,no_feasible_candidate,,
OVRPBTW,412,ok,13.7152664749,19
OVRPBTW,413,no_feasible_candidate,,
OVRPBTW,414,no_feasible_candidate,,
OVRPBTW,415,no_feasible_candidate,,
OVRPBTW,416,no_feasible_candidate,,
OVRPBTW,417,no_feasible_candidate,,
OVRPBTW,418,ok,10.7454815632,15
OVRPBTW,419,no_feasible_candidate,,
OVRPBTW,420,ok,11.5200184541,17
OVRPBTW,421,no_feasible_candidate,,
OVRPBTW,422,ok,12.3514795434,16
OVRPBTW,423,no_feasible_candidate,,
OVRPBTW,424,no_feasible_candidate,,
OVRPBTW,425,ok,16.7360433780,18
OVRPBTW,426,no_feasible_candidate,,
OVRPBTW,427,no_feasible_candidate,,
OVRPBTW,428,no_feasible_candidate,,
OVRPBTW,429,ok,12.9222985159,16
OVRPBTW,430,no_feasible_candidate,,
OVRPBTW,431,no_feasible_candidate,,
OVRPBTW,432,no_feasible_candidate,,
OVRPBTW,433,no_feasible_candidate,,
OVRPBTW,434,no_feasible_candidate,,
OVRPBTW,435,no_feasible_candidate,,
OVRPBTW,436,no_feasible_candidate,,
OVRPBTW,437,ok,14.2250606486,19
OVRPBTW,438,ok,9.4729099127,20
OVRPBTW,439,no_feasible_candidate,,
OVRPBTW,440,ok,10.3004740584,16
OVRPBTW,441,no_feasible_candidate,,
OVRPBTW,442,no_feasible_candidate,,
OVRPBTW,443,no_feasible_candidate,,
OVRPBTW,444,ok,12.2734687389,18
OVRPBTW,445,no_feasible_candidate,,
OVRPBTW,446,ok,14.0489920494,19
OVRPBTW,447,ok,11.4864857512,17
OVRPBTW,448,no_feasible_candidate,,
OVRPBTW,449,no_feasible_candidate,,
OVRPBTW,450,no_feasible_candidate,,
OVRPBTW,451,no_feasible_candidate,,
OVRPBTW,452,no_feasible_candidate,,
OVRPBTW,453,no_feasible_candidate,,
OVRPBTW,454,ok,9.9600719903,16
OVRPBTW,455,no_feasible_candidate,,
OVRPBTW,456,no_feasible_candidate,,
OVRPBTW,457,no_feasible_candidate,,
OVRPBTW,458,no_feasible_candidate,,
OVRPBTW,459,no_feasible_candidate,,
OVRPBTW,460,no_feasible_candidate,,
OVRPBTW,461,no_feasible_candidate,,
OVRPBTW,462,no_feasible_candidate,,
OVRPBTW,463,ok,11.2081383388,21
OVRPBTW,464,no_feasible_candidate,,
OVRPBTW,465,no_feasible_candidate,,
OVRPBTW,466,no_feasible_candidate,,
OVRPBTW,467,no_feasible_candidate,,
OVRPBTW,468,no_feasible_candidate,,
OVRPBTW,469,no_feasible_candidate,,
OVRPBTW,470,no_feasible_candidate,,
OVRPBTW,471,no_feasible_candidate,,
OVRPBTW,472,no_feasible_candidate,,
OVRPBTW,473,no_feasible_candidate,,
OVRPBTW,474,ok,15.6980669697,17
OVRPBTW,475,no_feasible_candidate,,
OVRPBTW,476,ok,14.5134105959,18
OVRPBTW,477,ok,12.5454398220,17
OVRPBTW,478,no_feasible_candidate,,
OVRPBTW,479,no_feasible_candidate,,
OVRPBTW,480,no_feasible_candidate,,
OVRPBTW,481,no_feasible_candidate,,
OVRPBTW,482,no_feasible_candidate,,
OVRPBTW,483,no_feasible_candidate,,
OVRPBTW,484,no_feasible_candidate,,
OVRPBTW,485,ok,10.9699999166,16
OVRPBTW,486,no_feasible_candidate,,
OVRPBTW,487,no_feasible_candidate,,
OVRPBTW,488,no_feasible_candidate,,
OVRPBTW,489,no_feasible_candidate,,
OVRPBTW,490,ok,11.8954351637,20
OVRPBTW,491,no_feasible_candidate,,
OVRPBTW,492,no_feasible_candidate,,
OVRPBTW,493,ok,12.1331798925,17
OVRPBTW,494,no_feasible_candidate,,
OVRPBTW,495,no_feasible_candidate,,
OVRPBTW,496,no_feasible_candidate,,
OVRPBTW,497,no_feasible_candidate,,
OVRPBTW,498,no_feasible_candidate,,
OVRPBTW,499,no_feasible_candidate,,
OVRPBTW,500,no_feasible_candidate,,
OVRPBTW,501,no_feasible_candidate,,
OVRPBTW,502,no_feasible_candidate,,
OVRPBTW,503,no_feasible_candidate,,
OVRPBTW,504,no_feasible_candidate,,
OVRPBTW,505,no_feasible_candidate,,
OVRPBTW,506,no_feasible_candidate,,
OVRPBTW,507,ok,10.6516604825,19
OVRPBTW,508,no_feasible_candidate,,
OVRPBTW,509,no_feasible_candidate,,
OVRPBTW,510,no_feasible_candidate,,
OVRPBTW,511,ok,11.7008079979,13
OVRPBTW,512,no_feasible_candidate,,
OVRPBTW,513,ok,12.7621966042,18
OVRPBTW,514,ok,11.2307370339,15
OVRPBTW,515,no_feasible_candidate,,
OVRPBTW,516,no_feasible_candidate,,
OVRPBTW,517,no_feasible_candidate,,
OVRPBTW,518,ok,14.1168211729,19
OVRPBTW,519,ok,13.9438371232,18
OVRPBTW,520,no_feasible_candidate,,
OVRPBTW,521,no_feasible_candidate,,
OVRPBTW,522,no_feasible_candidate,,
OVRPBTW,523,no_feasible_candidate,,
OVRPBTW,524,no_feasible_candidate,,
OVRPBTW,525,no_feasible_candidate,,
OVRPBTW,526,no_feasible_candidate,,
OVRPBTW,527,ok,9.6049185869,15
OVRPBTW,528,no_feasible_candidate,,
OVRPBTW,529,no_feasible_candidate,,
OVRPBTW,530,ok,10.9989138905,17
OVRPBTW,531,ok,10.6259259034,20
OVRPBTW,532,no_feasible_candidate,,
OVRPBTW,533,no_feasible_candidate,,
OVRPBTW,534,no_feasible_candidate,,
OVRPBTW,535,ok,12.7921775524,20
OVRPBTW,536,no_feasible_candidate,,
OVRPBTW,537,no_feasible_candidate,,
OVRPBTW,538,ok,13.9079895159,18
OVRPBTW,539,no_feasible_candidate,,
OVRPBTW,540,no_feasible_candidate,,
OVRPBTW,541,no_feasible_candidate,,
OVRPBTW,542,no_feasible_candidate,,
OVRPBTW,543,no_feasible_candidate,,
OVRPBTW,544,no_feasible_candidate,,
OVRPBTW,545,ok,11.8356553474,16
OVRPBTW,546,no_feasible_candidate,,
OVRPBTW,547,ok,9.9669567430,21
OVRPBTW,548,no_feasible_candidate,,
OVRPBTW,549,no_feasible_candidate,,
OVRPBTW,550,no_feasible_candidate,,
OVRPBTW,551,no_feasible_candidate,,
OVRPBTW,552,no_feasible_candidate,,
OVRPBTW,553,no_feasible_candidate,,
OVRPBTW,554,no_feasible_candidate,,
OVRPBTW,555,no_feasible_candidate,,
OVRPBTW,556,no_feasible_candidate,,
OVRPBTW,557,ok,11.6861922249,19
OVRPBTW,558,ok,13.9754383864,19
OVRPBTW,559,no_feasible_candidate,,
OVRPBTW,560,no_feasible_candidate,,
OVRPBTW,561,no_feasible_candidate,,
OVRPBTW,562,ok,17.0817431121,20
OVRPBTW,563,no_feasible_candidate,,
OVRPBTW,564,no_feasible_candidate,,
OVRPBTW,565,no_feasible_candidate,,
OVRPBTW,566,no_feasible_candidate,,
OVRPBTW,567,no_feasible_candidate,,
OVRPBTW,568,ok,10.7401304208,17
OVRPBTW,569,no_feasible_candidate,,
OVRPBTW,570,no_feasible_candidate,,
OVRPBTW,571,no_feasible_candidate,,
OVRPBTW,572,no_feasible_candidate,,
OVRPBTW,573,no_feasible_candidate,,
OVRPBTW,574,no_feasible_candidate,,
OVRPBTW,575,no_feasible_candidate,,
OVRPBTW,576,no_feasible_candidate,,
OVRPBTW,577,no_feasible_candidate,,
OVRPBTW,578,no_feasible_candidate,,
OVRPBTW,579,no_feasible_candidate,,
OVRPBTW,580,no_feasible_candidate,,
OVRPBTW,581,no_feasible_candidate,,
OVRPBTW,582,no_feasible_candidate,,
OVRPBTW,583,no_feasible_candidate,,
OVRPBTW,584,no_feasible_candidate,,
OVRPBTW,585,ok,9.6965503763,18
OVRPBTW,586,ok,12.4146146503,16
OVRPBTW,587,no_feasible_candidate,,
OVRPBTW,588,no_feasible_candidate,,
OVRPBTW,589,no_feasible_candidate,,
OVRPBTW,590,no_feasible_candidate,,
OVRPBTW,591,no_feasible_candidate,,
OVRPBTW,592,no_feasible_candidate,,
OVRPBTW,593,no_feasible_candidate,,
OVRPBTW,594,no_feasible_candidate,,
OVRPBTW,595,no_feasible_candidate,,
OVRPBTW,596,ok,10.9769510159,15
OVRPBTW,597,no_feasible_candidate,,
OVRPBTW,598,no_feasible_candidate,,
OVRPBTW,599,no_feasible_candidate,,
OVRPBTW,600,no_feasible_candidate,,
OVRPBTW,601,no_feasible_candidate,,
OVRPBTW,602,no_feasible_candidate,,
OVRPBTW,603,ok,13.9430240544,16
OVRPBTW,604,no_feasible_candidate,,
OVRPBTW,605,no_feasible_candidate,,
OVRPBTW,606,no_feasible_candidate,,
OVRPBTW,607,no_feasible_candidate,,
OVRPBTW,608,no_feasible_candidate,,
OVRPBTW,609,no_feasible_candidate,,
OVRPBTW,610,ok,13.3070714214,20
OVRPBTW,611,no_feasible_candidate,,
OVRPBTW,612,no_feasible_candidate,,
OVRPBTW,613,no_feasible_candidate,,
OVRPBTW,614,no_feasible_candidate,,
OVRPBTW,615,no_feasible_candidate,,
OVRPBTW,616,no_feasible_candidate,,
OVRPBTW,617,ok,12.5322401448,18
OVRPBTW,618,no_feasible_candidate,,
OVRPBTW,619,no_feasible_candidate,,
OVRPBTW,620,no_feasible_candidate,,
OVRPBTW,621,no_feasible_candidate,,
OVRPBTW,622,no_feasible_candidate,,
OVRPBTW,623,no_feasible_candidate,,
OVRPBTW,624,no_feasible_candidate,,
OVRPBTW,625,no_feasible_candidate,,
OVRPBTW,626,no_feasible_candidate,,
OVRPBTW,627,no_feasible_candidate,,
OVRPBTW,628,no_feasible_candidate,,
OVRPBTW,629,no_feasible_candidate,,
OVRPBTW,630,no_feasible_candidate,,
OVRPBTW,631,no_feasible_candidate,,
OVRPBTW,632,ok,10.1954833770,13
OVRPBTW,633,no_feasible_candidate,,
OVRPBTW,634,ok,12.3043610000,17
OVRPBTW,635,no_feasible_candidate,,
OVRPBTW,636,no_feasible_candidate,,
OVRPBTW,637,ok,9.7774769138,17
OVRPBTW,638,no_feasible_candidate,,
OVRPBTW,639,no_feasible_candidate,,
OVRPBTW,640,no_feasible_candidate,,
OVRPBTW,641,no_feasible_candidate,,
OVRPBTW,642,no_feasible_candidate,,
OVRPBTW,643,no_feasible_candidate,,
OVRPBTW,644,no_feasible_candidate,,
OVRPBTW,645,no_feasible_candidate,,
OVRPBTW,646,no_feasible_candidate,,
OVRPBTW,647,ok,10.9012139287,16
OVRPBTW,648,no_feasible_candidate,,
OVRPBTW,649,no_feasible_candidate,,
OVRPBTW,650,no_feasible_candidate,,
OVRPBTW,651,no_feasible_candidate,,
OVRPBTW,652,ok,15.6082250341,16
OVRPBTW,653,no_feasible_candidate,,
OVRPBTW,654,no_feasible_candidate,,
OVRPBTW,655,no_feasible_candidate,,
OVRPBTW,656,no_feasible_candidate,,
OVRPBTW,657,no_feasible_candidate,,
OVRPBTW,658,no_feasible_candidate,,
OVRPBTW,659,no_feasible_candidate,,
OVRPBTW,660,no_feasible_candidate,,
OVRPBTW,661,no_feasible_candidate,,
OVRPBTW,662,no_feasible_candidate,,
OVRPBTW,663,no_feasible_candidate,,
OVRPBTW,664,no_feasible_candidate,,
OVRPBTW,665,no_feasible_candidate,,
OVRPBTW,666,no_feasible_candidate,,
OVRPBTW,667,no_feasible_candidate,,
OVRPBTW,668,no_feasible_candidate,,
OVRPBTW,669,ok,13.4769054059,18
OVRPBTW,670,no_feasible_candidate,,
OVRPBTW,671,no_feasible_candidate,,
OVRPBTW,672,no_feasible_candidate,,
OVRPBTW,673,no_feasible_candidate,,
OVRPBTW,674,ok,9.1616027168,15
OVRPBTW,675,no_feasible_candidate,,
OVRPBTW,676,no_feasible_candidate,,
OVRPBTW,677,ok,14.5443701159,19
OVRPBTW,678,ok,10.7302566543,15
OVRPBTW,679,no_feasible_candidate,,
OVRPBTW,680,no_feasible_candidate,,
OVRPBTW,681,ok,12.8851789241,19
OVRPBTW,682,no_feasible_candidate,,
OVRPBTW,683,no_feasible_candidate,,
OVRPBTW,684,no_feasible_candidate,,
OVRPBTW,685,ok,12.9938604924,18
OVRPBTW,686,no_feasible_candidate,,
OVRPBTW,687,no_feasible_candidate,,
OVRPBTW,688,ok,12.7918380263,17
OVRPBTW,689,no_feasible_candidate,,
OVRPBTW,690,no_feasible_candidate,,
OVRPBTW,691,no_feasible_candidate,,
OVRPBTW,692,no_feasible_candidate,,
OVRPBTW,693,no_feasible_candidate,,
OVRPBTW,694,no_feasible_candidate,,
OVRPBTW,695,no_feasible_candidate,,
OVRPBTW,696,no_feasible_candidate,,
OVRPBTW,697,no_feasible_candidate,,
OVRPBTW,698,no_feasible_candidate,,
OVRPBTW,699,no_feasible_candidate,,
OVRPBTW,700,no_feasible_candidate,,
OVRPBTW,701,no_feasible_candidate,,
OVRPBTW,702,no_feasible_candidate,,
OVRPBTW,703,no_feasible_candidate,,
OVRPBTW,704,no_feasible_candidate,,
OVRPBTW,705,no_feasible_candidate,,
OVRPBTW,706,no_feasible_candidate,,
OVRPBTW,707,no_feasible_candidate,,
OVRPBTW,708,no_feasible_candidate,,
OVRPBTW,709,no_feasible_candidate,,
OVRPBTW,710,no_feasible_candidate,,
OVRPBTW,711,no_feasible_candidate,,
OVRPBTW,712,ok,14.4787622374,17
OVRPBTW,713,no_feasible_candidate,,
OVRPBTW,714,no_feasible_candidate,,
OVRPBTW,715,no_feasible_candidate,,
OVRPBTW,716,no_feasible_candidate,,
OVRPBTW,717,no_feasible_candidate,,
OVRPBTW,718,no_feasible_candidate,,
OVRPBTW,719,ok,13.6189779947,16
OVRPBTW,720,no_feasible_candidate,,
OVRPBTW,721,no_feasible_candidate,,
OVRPBTW,722,no_feasible_candidate,,
OVRPBTW,723,no_feasible_candidate,,
OVRPBTW,724,no_feasible_candidate,,
OVRPBTW,725,no_feasible_candidate,,
OVRPBTW,726,ok,11.8970580768,16
OVRPBTW,727,no_feasible_candidate,,
OVRPBTW,728,ok,12.5527029654,16
OVRPBTW,729,no_feasible_candidate,,
OVRPBTW,730,no_feasible_candidate,,
OVRPBTW,731,no_feasible_candidate,,
OVRPBTW,732,ok,11.5373611316,17
OVRPBTW,733,no_feasible_candidate,,
OVRPBTW,734,no_feasible_candidate,,
OVRPBTW,735,ok,13.8952589851,19
OVRPBTW,736,no_feasible_candidate,,
OVRPBTW,737,ok,11.2645588342,17
OVRPBTW,738,no_feasible_candidate,,
OVRPBTW,739,ok,9.5645511757,17
OVRPBTW,740,no_feasible_candidate,,
OVRPBTW,741,no_feasible_candidate,,
OVRPBTW,742,ok,16.6417383974,16
OVRPBTW,743,no_feasible_candidate,,
OVRPBTW,744,ok,13.3162001933,18
OVRPBTW,745,no_feasible_candidate,,
OVRPBTW,746,no_feasible_candidate,,
OVRPBTW,747,ok,11.4337018746,17
OVRPBTW,748,ok,15.2409885171,17
OVRPBTW,749,no_feasible_candidate,,
OVRPBTW,750,no_feasible_candidate,,
OVRPBTW,751,no_feasible_candidate,,
OVRPBTW,752,no_feasible_candidate,,
OVRPBTW,753,ok,14.8756799633,16
OVRPBTW,754,no_feasible_candidate,,
OVRPBTW,755,no_feasible_candidate,,
OVRPBTW,756,no_feasible_candidate,,
OVRPBTW,757,no_feasible_candidate,,
OVRPBTW,758,no_feasible_candidate,,
OVRPBTW,759,no_feasible_candidate,,
OVRPBTW,760,no_feasible_candidate,,
OVRPBTW,761,no_feasible_candidate,,
OVRPBTW,762,ok,13.9568316520,16
OVRPBTW,763,no_feasible_candidate,,
OVRPBTW,764,no_feasible_candidate,,
OVRPBTW,765,no_feasible_candidate,,
OVRPBTW,766,no_feasible_candidate,,
OVRPBTW,767,no_feasible_candidate,,
OVRPBTW,768,ok,12.5013949948,16
OVRPBTW,769,no_feasible_candidate,,
OVRPBTW,770,ok,14.9124280028,19
OVRPBTW,771,no_feasible_candidate,,
OVRPBTW,772,no_feasible_candidate,,
OVRPBTW,773,no_feasible_candidate,,
OVRPBTW,774,no_feasible_candidate,,
OVRPBTW,775,no_feasible_candidate,,
OVRPBTW,776,no_feasible_candidate,,
OVRPBTW,777,no_feasible_candidate,,
OVRPBTW,778,no_feasible_candidate,,
OVRPBTW,779,no_feasible_candidate,,
OVRPBTW,780,no_feasible_candidate,,
OVRPBTW,781,no_feasible_candidate,,
OVRPBTW,782,no_feasible_candidate,,
OVRPBTW,783,no_feasible_candidate,,
OVRPBTW,784,no_feasible_candidate,,
OVRPBTW,785,no_feasible_candidate,,
OVRPBTW,786,ok,14.2456855493,19
OVRPBTW,787,no_feasible_candidate,,
OVRPBTW,788,no_feasible_candidate,,
OVRPBTW,789,no_feasible_candidate,,
OVRPBTW,790,no_feasible_candidate,,
OVRPBTW,791,no_feasible_candidate,,
OVRPBTW,792,no_feasible_candidate,,
OVRPBTW,793,no_feasible_candidate,,
OVRPBTW,794,no_feasible_candidate,,
OVRPBTW,795,no_feasible_candidate,,
OVRPBTW,796,no_feasible_candidate,,
OVRPBTW,797,ok,11.9231181067,19
OVRPBTW,798,ok,12.4031703693,17
OVRPBTW,799,ok,11.3390221736,14
OVRPBTW,800,no_feasible_candidate,,
OVRPBTW,801,ok,9.7745128752,15
OVRPBTW,802,no_feasible_candidate,,
OVRPBTW,803,ok,11.7235574453,19
OVRPBTW,804,ok,9.9821413705,17
OVRPBTW,805,no_feasible_candidate,,
OVRPBTW,806,no_feasible_candidate,,
OVRPBTW,807,no_feasible_candidate,,
OVRPBTW,808,no_feasible_candidate,,
OVRPBTW,809,ok,11.4059185177,16
OVRPBTW,810,no_feasible_candidate,,
OVRPBTW,811,no_feasible_candidate,,
OVRPBTW,812,no_feasible_candidate,,
OVRPBTW,813,no_feasible_candidate,,
OVRPBTW,814,no_feasible_candidate,,
OVRPBTW,815,no_feasible_candidate,,
OVRPBTW,816,ok,13.6512598519,16
OVRPBTW,817,no_feasible_candidate,,
OVRPBTW,818,no_feasible_candidate,,
OVRPBTW,819,ok,8.5782323709,17
OVRPBTW,820,no_feasible_candidate,,
OVRPBTW,821,no_feasible_candidate,,
OVRPBTW,822,no_feasible_candidate,,
OVRPBTW,823,no_feasible_candidate,,
OVRPBTW,824,no_feasible_candidate,,
OVRPBTW,825,ok,12.1255594802,17
OVRPBTW,826,no_feasible_candidate,,
OVRPBTW,827,no_feasible_candidate,,
OVRPBTW,828,no_feasible_candidate,,
OVRPBTW,829,no_feasible_candidate,,
OVRPBTW,830,no_feasible_candidate,,
OVRPBTW,831,no_feasible_candidate,,
OVRPBTW,832,no_feasible_candidate,,
OVRPBTW,833,no_feasible_candidate,,
OVRPBTW,834,no_feasible_candidate,,
OVRPBTW,835,no_feasible_candidate,,
OVRPBTW,836,no_feasible_candidate,,
OVRPBTW,837,no_feasible_candidate,,
OVRPBTW,838,no_feasible_candidate,,
OVRPBTW,839,no_feasible_candidate,,
OVRPBTW,840,no_feasible_candidate,,
OVRPBTW,841,no_feasible_candidate,,
OVRPBTW,842,no_feasible_candidate,,
OVRPBTW,843,no_feasible_candidate,,
OVRPBTW,844,no_feasible_candidate,,
OVRPBTW,845,no_feasible_candidate,,
OVRPBTW,846,ok,12.5094769658,19
OVRPBTW,847,no_feasible_candidate,,
OVRPBTW,848,no_feasible_candidate,,
OVRPBTW,849,no_feasible_candidate,,
OVRPBTW,850,no_feasible_candidate,,
OVRPBTW,851,no_feasible_candidate,,
OVRPBTW,852,no_feasible_candidate,,
OVRPBTW,853,no_feasible_candidate,,
OVRPBTW,854,no_feasible_candidate,,
OVRPBTW,855,no_feasible_candidate,,
OVRPBTW,856,no_feasible_candidate,,
OVRPBTW,857,ok,12.9743594632,18
OVRPBTW,858,no_feasible_candidate,,
OVRPBTW,859,no_feasible_candidate,,
OVRPBTW,860,no_feasible_candidate,,
OVRPBTW,861,no_feasible_candidate,,
OVRPBTW,862,no_feasible_candidate,,
OVRPBTW,863,no_feasible_candidate,,
OVRPBTW,864,ok,12.2689322626,16
OVRPBTW,865,no_feasible_candidate,,
OVRPBTW,866,no_feasible_candidate,,
OVRPBTW,867,no_feasible_candidate,,
OVRPBTW,868,no_feasible_candidate,,
OVRPBTW,869,no_feasible_candidate,,
OVRPBTW,870,no_feasible_candidate,,
OVRPBTW,871,no_feasible_candidate,,
OVRPBTW,872,no_feasible_candidate,,
OVRPBTW,873,no_feasible_candidate,,
OVRPBTW,874,ok,11.8684351627,19
OVRPBTW,875,no_feasible_candidate,,
OVRPBTW,876,no_feasible_candidate,,
OVRPBTW,877,no_feasible_candidate,,
OVRPBTW,878,ok,15.1828759016,18
OVRPBTW,879,no_feasible_candidate,,
OVRPBTW,880,no_feasible_candidate,,
OVRPBTW,881,no_feasible_candidate,,
OVRPBTW,882,no_feasible_candidate,,
OVRPBTW,883,no_feasible_candidate,,
OVRPBTW,884,no_feasible_candidate,,
OVRPBTW,885,no_feasible_candidate,,
OVRPBTW,886,no_feasible_candidate,,
OVRPBTW,887,ok,12.1522886796,17
OVRPBTW,888,no_feasible_candidate,,
OVRPBTW,889,no_feasible_candidate,,
OVRPBTW,890,no_feasible_candidate,,
OVRPBTW,891,no_feasible_candidate,,
OVRPBTW,892,no_feasible_candidate,,
OVRPBTW,893,no_feasible_candidate,,
OVRPBTW,894,no_feasible_candidate,,
OVRPBTW,895,no_feasible_candidate,,
OVRPBTW,896,no_feasible_candidate,,
OVRPBTW,897,no_feasible_candidate,,
OVRPBTW,898,no_feasible_candidate,,
OVRPBTW,899,ok,14.8674492569,16
OVRPBTW,900,no_feasible_candidate,,
OVRPBTW,901,no_feasible_candidate,,
OVRPBTW,902,no_feasible_candidate,,
OVRPBTW,903,no_feasible_candidate,,
OVRPBTW,904,no_feasible_candidate,,
OVRPBTW,905,no_feasible_candidate,,
OVRPBTW,906,no_feasible_candidate,,
OVRPBTW,907,no_feasible_candidate,,
OVRPBTW,908,ok,12.7239586377,18
OVRPBTW,909,no_feasible_candidate,,
OVRPBTW,910,no_feasible_candidate,,
OVRPBTW,911,no_feasible_candidate,,
OVRPBTW,912,ok,12.3331245066,20
OVRPBTW,913,no_feasible_candidate,,
OVRPBTW,914,no_feasible_candidate,,
OVRPBTW,915,no_feasible_candidate,,
OVRPBTW,916,no_feasible_candidate,,
OVRPBTW,917,no_feasible_candidate,,
OVRPBTW,918,no_feasible_candidate,,
OVRPBTW,919,no_feasible_candidate,,
OVRPBTW,920,no_feasible_candidate,,
OVRPBTW,921,ok,13.2275318115,16
OVRPBTW,922,no_feasible_candidate,,
OVRPBTW,923,no_feasible_candidate,,
OVRPBTW,924,no_feasible_candidate,,
OVRPBTW,925,no_feasible_candidate,,
OVRPBTW,926,no_feasible_candidate,,
OVRPBTW,927,ok,11.4770531145,15
OVRPBTW,928,no_feasible_candidate,,
OVRPBTW,929,no_feasible_candidate,,
OVRPBTW,930,no_feasible_candidate,,
OVRPBTW,931,no_feasible_candidate,,
OVRPBTW,932,no_feasible_candidate,,
OVRPBTW,933,no_feasible_candidate,,
OVRPBTW,934,ok,12.1087521958,17
OVRPBTW,935,no_feasible_candidate,,
OVRPBTW,936,no_feasible_candidate,,
OVRPBTW,937,no_feasible_candidate,,
OVRPBTW,938,ok,13.1824467222,17
OVRPBTW,939,no_feasible_candidate,,
OVRPBTW,940,ok,10.3847684971,17
OVRPBTW,941,no_feasible_candidate,,
OVRPBTW,942,no_feasible_candidate,,
OVRPBTW,943,no_feasible_candidate,,
OVRPBTW,944,no_feasible_candidate,,
OVRPBTW,945,no_feasible_candidate,,
OVRPBTW,946,no_feasible_candidate,,
OVRPBTW,947,no_feasible_candidate,,
OVRPBTW,948,no_feasible_candidate,,
OVRPBTW,949,no_feasible_candidate,,
OVRPBTW,950,no_feasible_candidate,,
OVRPBTW,951,no_feasible_candidate,,
OVRPBTW,952,no_feasible_candidate,,
OVRPBTW,953,no_feasible_candidate,,
OVRPBTW,954,no_feasible_candidate,,
OVRPBTW,955,no_feasible_candidate,,
OVRPBTW,956,no_feasible_candidate,,
OVRPBTW,957,ok,12.4015267719,15
OVRPBTW,958,no_feasible_candidate,,
OVRPBTW,959,no_feasible_candidate,,
OVRPBTW,960,no_feasible_candidate,,
OVRPBTW,961,no_feasible_candidate,,
OVRPBTW,962,no_feasible_candidate,,
OVRPBTW,963,no_feasible_candidate,,
OVRPBTW,964,no_feasible_candidate,,
OVRPBTW,965,no_feasible_candidate,,
OVRPBTW,966,no_feasible_candidate,,
OVRPBTW,967,ok,10.8272928437,19
OVRPBTW,968,no_feasible_candidate,,
OVRPBTW,969,no_feasible_candidate,,
OVRPBTW,970,no_feasible_candidate,,
OVRPBTW,971,no_feasible_candidate,,
OVRPBTW,972,no_feasible_candidate,,
OVRPBTW,973,no_feasible_candidate,,
OVRPBTW,974,no_feasible_candidate,,
OVRPBTW,975,no_feasible_candidate,,
OVRPBTW,976,no_feasible_candidate,,
OVRPBTW,977,no_feasible_candidate,,
OVRPBTW,978,no_feasible_candidate,,
OVRPBTW,979,no_feasible_candidate,,
OVRPBTW,980,ok,15.2646036701,17
OVRPBTW,981,no_feasible_candidate,,
OVRPBTW,982,no_feasible_candidate,,
OVRPBTW,983,ok,12.7487054817,22
OVRPBTW,984,ok,12.4974330682,18
OVRPBTW,985,no_feasible_candidate,,
OVRPBTW,986,no_feasible_candidate,,
OVRPBTW,987,no_feasible_candidate,,
OVRPBTW,988,no_feasible_candidate,,
OVRPBTW,989,no_feasible_candidate,,
OVRPBTW,990,no_feasible_candidate,,
OVRPBTW,991,no_feasible_candidate,,
OVRPBTW,992,no_feasible_candidate,,
OVRPBTW,993,no_feasible_candidate,,
OVRPBTW,994,no_feasible_candidate,,
OVRPBTW,995,no_feasible_candidate,,
OVRPBTW,996,no_feasible_candidate,,
OVRPBTW,997,no_feasible_candidate,,
OVRPBTW,998,no_feasible_candidate,,
OVRPBTW,999,no_feasible_candidate,,
OVRPLTW,0,ok,11.1739375984,15
OVRPLTW,1,ok,11.0832267372,17
OVRPLTW,2,ok,14.9971023611,16
OVRPLTW,3,ok,9.6518554559,16
OVRPLTW,4,ok,8.8328717122,15
OVRPLTW,5,ok,10.2033795920,17
OVRPLTW,6,ok,10.0953299805,16
OVRPLTW,7,ok,11.7361863829,15
OVRPLTW,8,ok,9.6480347512,17
OVRPLTW,9,ok,8.7818340273,15
OVRPLTW,10,ok,12.5092354318,16
OVRPLTW,11,ok,9.8623735683,18
OVRPLTW,12,ok,9.7874478164,16
OVRPLTW,13,ok,11.2043974745,17
OVRPLTW,14,ok,11.6994034545,16
OVRPLTW,15,ok,9.7758023818,15
OVRPLTW,16,ok,11.2911741788,16
OVRPLTW,17,ok,9.4654451612,14
OVRPLTW,18,ok,12.3314312842,18
OVRPLTW,19,ok,13.3862858727,16
OVRPLTW,20,ok,11.2433137429,16
OVRPLTW,21,ok,9.8363404272,12
OVRPLTW,22,ok,11.1254361278,15
OVRPLTW,23,ok,8.5896704786,15
OVRPLTW,24,ok,11.3245090375,18
OVRPLTW,25,ok,14.1457314099,16
OVRPLTW,26,ok,8.9207031686,16
OVRPLTW,27,ok,10.4808127149,17
OVRPLTW,28,ok,12.2752801427,15
OVRPLTW,29,ok,9.5563286620,17
OVRPLTW,30,ok,9.2688853150,15
OVRPLTW,31,ok,10.1680108917,18
OVRPLTW,32,ok,8.8907509021,16
OVRPLTW,33,ok,11.3527035973,16
OVRPLTW,34,ok,11.5820639211,17
OVRPLTW,35,ok,9.3056971419,15
OVRPLTW,36,ok,10.3433474448,15
OVRPLTW,37,ok,10.0294589926,17
OVRPLTW,38,ok,11.6667591282,13
OVRPLTW,39,ok,7.6467078307,14
OVRPLTW,40,ok,10.8329175773,18
OVRPLTW,41,ok,10.7749030651,16
OVRPLTW,42,ok,8.9411757139,13
OVRPLTW,43,ok,10.3086915918,16
OVRPLTW,44,ok,9.8280998047,16
OVRPLTW,45,ok,11.1588888555,17
OVRPLTW,46,ok,10.3842425112,17
OVRPLTW,47,ok,12.6199216653,16
OVRPLTW,48,ok,8.9018932269,15
OVRPLTW,49,ok,8.9260638445,16
OVRPLTW,50,ok,9.3839674385,17
OVRPLTW,51,ok,10.0869723478,15
OVRPLTW,52,ok,8.5125134163,16
OVRPLTW,53,ok,9.6519444798,15
OVRPLTW,54,ok,9.0026690933,18
OVRPLTW,55,ok,12.1280980732,18
OVRPLTW,56,ok,8.8981088476,13
OVRPLTW,57,ok,10.4376310792,14
OVRPLTW,58,ok,9.1807557532,14
OVRPLTW,59,ok,11.3312221697,17
OVRPLTW,60,ok,8.7147536549,18
OVRPLTW,61,ok,11.1628792289,14
OVRPLTW,62,ok,9.9402245579,16
OVRPLTW,63,ok,10.1133701987,16
OVRPLTW,64,ok,12.4857201237,16
OVRPLTW,65,ok,9.5074905482,14
OVRPLTW,66,ok,10.7577747369,14
OVRPLTW,67,ok,8.9863274225,14
OVRPLTW,68,ok,8.9507220196,14
OVRPLTW,69,ok,12.0654388887,16
OVRPLTW,70,ok,9.7463311343,14
OVRPLTW,71,ok,9.3039403197,16
OVRPLTW,72,ok,9.5476657329,19
OVRPLTW,73,ok,12.0945718719,15
OVRPLTW,74,ok,12.8526016650,15
OVRPLTW,75,ok,8.8772711149,15
OVRPLTW,76,ok,8.0763240270,16
OVRPLTW,77,ok,10.2361830700,17
OVRPLTW,78,ok,9.2164087927,17
OVRPLTW,79,ok,11.1894961668,14
OVRPLTW,80,ok,12.7362599992,15
OVRPLTW,81,ok,8.8736876437,14
OVRPLTW,82,ok,10.7327968667,17
OVRPLTW,83,ok,9.7763472659,14
OVRPLTW,84,ok,10.0788032841,17
OVRPLTW,85,ok,13.2276416567,14
OVRPLTW,86,ok,8.6804573300,16
OVRPLTW,87,ok,9.4497325340,16
OVRPLTW,88,ok,10.6193945408,15
OVRPLTW,89,ok,9.6003671580,13
OVRPLTW,90,ok,12.2569367721,15
OVRPLTW,91,ok,10.1480099666,16
OVRPLTW,92,ok,9.2900049496,16
OVRPLTW,93,ok,8.7845833826,18
OVRPLTW,94,ok,9.4441064562,19
OVRPLTW,95,ok,12.3029459849,16
OVRPLTW,96,ok,9.2299470785,15
OVRPLTW,97,ok,9.9487354587,16
OVRPLTW,98,ok,10.5267140516,17
OVRPLTW,99,ok,9.8762900092,16
OVRPLTW,100,ok,12.0691043001,14
OVRPLTW,101,ok,12.6308566491,14
OVRPLTW,102,ok,9.7224865520,16
OVRPLTW,103,ok,12.3994150652,14
OVRPLTW,104,ok,12.1920762766,15
OVRPLTW,105,ok,9.6459810649,15
OVRPLTW,106,ok,11.7725356236,14
OVRPLTW,107,ok,10.7304209468,16
OVRPLTW,108,ok,10.1289886829,14
OVRPLTW,109,ok,9.1799601167,15
OVRPLTW,110,ok,10.3672878071,13
OVRPLTW,111,ok,9.9103048922,16
OVRPLTW,112,ok,12.1075430424,17
OVRPLTW,113,ok,13.5619725372,16
OVRPLTW,114,ok,9.5450202040,16
OVRPLTW,115,ok,11.8651013136,16
OVRPLTW,116,ok,9.5268759752,15
OVRPLTW,117,ok,11.5453527720,15
OVRPLTW,118,ok,9.8356812902,18
OVRPLTW,119,ok,12.2416195865,15
OVRPLTW,120,ok,11.3224246518,16
OVRPLTW,121,ok,8.9989687553,13
OVRPLTW,122,ok,12.3696746799,14
OVRPLTW,123,ok,10.9235006775,15
OVRPLTW,124,ok,9.2507549377,13
OVRPLTW,125,ok,10.5961786636,17
OVRPLTW,126,ok,8.5351341201,16
OVRPLTW,127,ok,10.2689973540,14
OVRPLTW,128,ok,10.8492905495,13
OVRPLTW,129,ok,9.3514387698,15
OVRPLTW,130,ok,10.8094497423,14
OVRPLTW,131,ok,11.6808982087,15
OVRPLTW,132,ok,10.6359573242,14
OVRPLTW,133,ok,9.0405637106,16
OVRPLTW,134,ok,9.9320574789,16
OVRPLTW,135,ok,10.2935397535,14
OVRPLTW,136,ok,10.9435844656,15
OVRPLTW,137,ok,12.0793480609,16
OVRPLTW,138,ok,12.4158997097,14
OVRPLTW,139,ok,10.1350107554,16
OVRPLTW,140,ok,7.9733460505,14
OVRPLTW,141,ok,10.6444167242,14
OVRPLTW,142,ok,11.5470804351,12
OVRPLTW,143,ok,9.8721633770,14
OVRPLTW,144,ok,8.4115418308,14
OVRPLTW,145,ok,10.8839636592,15
OVRPLTW,146,ok,11.4766975335,13
OVRPLTW,147,ok,13.3050591825,17
OVRPLTW,148,ok,10.8663180877,15
OVRPLTW,149,ok,10.0365236874,14
OVRPLTW,150,ok,10.9833119200,19
OVRPLTW,151,ok,7.8043422560,14
OVRPLTW,152,ok,12.4712046951,16
OVRPLTW,153,ok,11.4983763114,17
OVRPLTW,154,ok,10.3402199885,14
OVRPLTW,155,ok,10.1019325885,17
OVRPLTW,156,ok,9.0006739713,18
OVRPLTW,157,ok,9.6119240874,16
OVRPLTW,158,ok,11.6608373479,16
OVRPLTW,159,ok,9.9601851518,17
OVRPLTW,160,ok,11.8089010350,17
OVRPLTW,161,ok,12.3404794309,15
OVRPLTW,162,ok,8.8864379228,14
OVRPLTW,163,ok,9.7220134037,18
OVRPLTW,164,ok,10.1173782581,15
OVRPLTW,165,ok,7.9257826601,14
OVRPLTW,166,ok,9.9327499615,18
OVRPLTW,167,ok,11.4983550391,15
OVRPLTW,168,ok,8.8264560305,15
OVRPLTW,169,ok,8.0887089175,17
OVRPLTW,170,ok,8.6455601024,15
OVRPLTW,171,ok,9.7374714812,16
OVRPLTW,172,ok,8.5180092391,16
OVRPLTW,173,ok,12.2680254616,19
OVRPLTW,174,ok,10.3489269287,15
OVRPLTW,175,ok,10.1655747465,16
OVRPLTW,176,ok,9.6072865324,13
OVRPLTW,177,ok,9.7081881973,15
OVRPLTW,178,ok,11.2216693888,17
OVRPLTW,179,ok,11.0075109170,17
OVRPLTW,180,ok,9.3578847542,18
OVRPLTW,181,ok,10.7412276663,16
OVRPLTW,182,ok,12.9166899725,17
OVRPLTW,183,ok,9.7984386405,16
OVRPLTW,184,ok,11.3057071350,15
OVRPLTW,185,ok,10.6024290979,15
OVRPLTW,186,ok,14.0662948325,15
OVRPLTW,187,ok,10.2654000429,15
OVRPLTW,188,ok,11.4087118533,15
OVRPLTW,189,ok,10.1705318524,18
OVRPLTW,190,ok,10.1802057112,13
OVRPLTW,191,ok,10.3141915836,16
OVRPLTW,192,ok,9.1240077756,13
OVRPLTW,193,ok,10.7231515532,17
OVRPLTW,194,ok,10.5589149398,14
OVRPLTW,195,ok,12.2929792496,15
OVRPLTW,196,ok,9.9886481749,16
OVRPLTW,197,ok,9.8115062019,14
OVRPLTW,198,ok,10.5369515141,15
OVRPLTW,199,ok,10.3520232044,15
OVRPLTW,200,ok,10.7204143729,14
OVRPLTW,201,ok,8.4070847813,15
OVRPLTW,202,ok,9.1256894919,17
OVRPLTW,203,ok,10.5807781327,18
OVRPLTW,204,ok,10.6716924553,15
OVRPLTW,205,ok,8.7198041986,15
OVRPLTW,206,ok,11.9477643482,15
OVRPLTW,207,ok,12.0847154265,17
OVRPLTW,208,ok,9.6183468569,17
OVRPLTW,209,ok,8.6640809623,16
OVRPLTW,210,ok,10.0099041961,15
OVRPLTW,211,ok,9.1585908228,16
OVRPLTW,212,ok,13.8285911056,14
OVRPLTW,213,ok,11.4266569914,18
OVRPLTW,214,ok,10.4300492395,17
OVRPLTW,215,ok,11.2918483333,15
OVRPLTW,216,ok,7.6483098847,13
OVRPLTW,217,ok,10.8383788231,13
OVRPLTW,218,ok,10.3675341071,15
OVRPLTW,219,ok,12.0114698276,16
OVRPLTW,220,ok,10.0018281104,15
OVRPLTW,221,ok,9.6359458620,16
OVRPLTW,222,ok,12.3168978105,18
OVRPLTW,223,ok,10.1126675273,15
OVRPLTW,224,ok,9.6280474388,17
OVRPLTW,225,ok,10.1460971875,17
OVRPLTW,226,ok,11.3978086507,17
OVRPLTW,227,ok,15.5818489394,17
OVRPLTW,228,ok,11.1009188100,14
OVRPLTW,229,ok,9.7048074713,15
OVRPLTW,230,ok,8.4937185688,14
OVRPLTW,231,ok,11.6701794975,16
OVRPLTW,232,ok,13.6079023500,18
OVRPLTW,233,ok,11.7214388512,14
OVRPLTW,234,ok,13.0912583743,19
OVRPLTW,235,ok,9.4832246119,15
OVRPLTW,236,ok,8.1353715640,14
OVRPLTW,237,ok,9.3428375598,15
OVRPLTW,238,ok,11.9284388451,16
OVRPLTW,239,ok,9.3567917272,13
OVRPLTW,240,ok,8.6900001362,14
OVRPLTW,241,ok,9.0292745987,16
OVRPLTW,242,ok,11.9199941229,19
OVRPLTW,243,ok,11.7801032290,16
OVRPLTW,244,ok,11.9474158294,16
OVRPLTW,245,ok,10.8808809850,14
OVRPLTW,246,ok,14.7428971655,18
OVRPLTW,247,ok,9.6060262614,17
OVRPLTW,248,ok,11.1168021972,16
OVRPLTW,249,ok,13.2257662905,13
OVRPLTW,250,ok,10.0647123458,16
OVRPLTW,251,ok,9.3410392871,17
OVRPLTW,252,ok,11.0097279461,16
OVRPLTW,253,ok,12.4005797752,18
OVRPLTW,254,ok,9.6701462596,16
OVRPLTW,255,ok,9.7003346474,16
OVRPLTW,256,ok,9.6790687485,16
OVRPLTW,257,ok,13.8779357830,14
OVRPLTW,258,ok,8.4809518479,16
OVRPLTW,259,ok,10.5786677701,14
OVRPLTW,260,ok,7.6555080712,15
OVRPLTW,261,ok,9.9503135330,16
OVRPLTW,262,ok,9.9684660355,17
OVRPLTW,263,ok,11.9034088356,16
OVRPLTW,264,ok,10.1646360799,17
OVRPLTW,265,ok,9.5764676947,16
OVRPLTW,266,ok,9.4199315156,13
OVRPLTW,267,ok,11.9836882532,13
OVRPLTW,268,ok,10.2945468602,15
OVRPLTW,269,ok,11.5857104288,16
OVRPLTW,270,ok,10.4987746281,16
OVRPLTW,271,ok,8.8024928034,15
OVRPLTW,272,ok,10.6776487273,15
OVRPLTW,273,ok,9.4738840943,15
OVRPLTW,274,ok,8.7904860030,15
OVRPLTW,275,ok,10.4944124965,15
OVRPLTW,276,ok,12.0211304868,16
OVRPLTW,277,ok,11.5220822459,15
OVRPLTW,278,ok,11.0671526069,18
OVRPLTW,279,ok,11.8432254464,16
OVRPLTW,280,ok,11.0725908723,15
OVRPLTW,281,ok,11.8195312483,13
OVRPLTW,282,ok,9.3062310968,15
OVRPLTW,283,ok,10.3351683054,13
OVRPLTW,284,ok,9.2040271841,16
OVRPLTW,285,ok,9.3601645604,14
OVRPLTW,286,ok,9.0438161101,15
OVRPLTW,287,ok,10.8176641142,16
OVRPLTW,288,ok,10.9440406500,17
OVRPLTW,289,ok,10.4302279423,16
OVRPLTW,290,ok,12.9009732207,14
OVRPLTW,291,ok,10.1391177748,17
OVRPLTW,292,ok,7.9458882027,12
OVRPLTW,293,ok,10.8859078501,17
OVRPLTW,294,ok,9.4505862721,14
OVRPLTW,295,ok,8.8009296420,15
OVRPLTW,296,ok,9.3420675296,17
OVRPLTW,297,ok,13.0355769820,14
OVRPLTW,298,ok,11.3911102106,16
OVRPLTW,299,ok,10.8801191299,17
OVRPLTW,300,ok,10.1459437470,16
OVRPLTW,301,ok,12.5256935969,18
OVRPLTW,302,ok,10.3861278412,17
OVRPLTW,303,ok,11.5853603536,15
OVRPLTW,304,ok,12.7922135200,14
OVRPLTW,305,ok,10.5777590362,17
OVRPLTW,306,ok,13.2257031966,16
OVRPLTW,307,ok,10.0567282986,16
OVRPLTW,308,ok,10.5508296486,15
OVRPLTW,309,ok,10.1535089852,13
OVRPLTW,310,ok,11.8705000821,17
OVRPLTW,311,ok,10.7191210190,16
OVRPLTW,312,ok,8.7072358155,16
OVRPLTW,313,ok,10.1518956310,16
OVRPLTW,314,ok,11.1603416880,15
OVRPLTW,315,ok,10.4319099180,14
OVRPLTW,316,ok,11.4861250881,16
OVRPLTW,317,ok,11.6606167204,17
OVRPLTW,318,ok,9.3419578216,16
OVRPLTW,319,ok,10.5157909313,17
OVRPLTW,320,ok,12.5219795877,15
OVRPLTW,321,ok,11.7814427077,16
OVRPLTW,322,ok,11.8765905266,16
OVRPLTW,323,ok,11.8691855191,15
OVRPLTW,324,ok,10.0196862141,19
OVRPLTW,325,ok,11.6196733849,15
OVRPLTW,326,ok,10.5995974294,15
OVRPLTW,327,ok,7.9204592904,14
OVRPLTW,328,ok,10.9210324876,16
OVRPLTW,329,ok,11.0532413317,16
OVRPLTW,330,ok,11.5687725856,14
OVRPLTW,331,ok,8.4143603560,16
OVRPLTW,332,ok,10.9280693535,15
OVRPLTW,333,ok,10.7141021696,16
OVRPLTW,334,ok,8.2328278095,16
OVRPLTW,335,ok,10.0996638016,16
OVRPLTW,336,ok,10.4666891054,15
OVRPLTW,337,ok,11.5796741299,17
OVRPLTW,338,ok,11.2416605218,17
OVRPLTW,339,ok,11.1258898185,17
OVRPLTW,340,ok,10.0587093986,15
OVRPLTW,341,ok,9.0961960056,13
OVRPLTW,342,ok,10.5590778654,17
OVRPLTW,343,ok,11.0113544605,16
OVRPLTW,344,ok,9.2735199379,16
OVRPLTW,345,ok,11.1756805914,13
OVRPLTW,346,ok,11.7058119204,16
OVRPLTW,347,ok,8.3740543924,14
OVRPLTW,348,ok,7.7396602639,15
OVRPLTW,349,ok,12.7963296137,15
OVRPLTW,350,ok,12.1576863368,16
OVRPLTW,351,ok,12.0047292383,14
OVRPLTW,352,ok,10.3725249559,16
OVRPLTW,353,ok,8.8840709989,15
OVRPLTW,354,ok,11.5586347859,15
OVRPLTW,355,ok,13.5501467294,15
OVRPLTW,356,ok,8.0687195167,15
OVRPLTW,357,ok,10.1911992114,15
OVRPLTW,358,ok,10.3767169298,15
OVRPLTW,359,ok,10.9467757182,17
OVRPLTW,360,ok,11.6487219419,15
OVRPLTW,361,ok,10.9171250279,16
OVRPLTW,362,ok,9.7618151467,14
OVRPLTW,363,ok,11.9039399521,16
OVRPLTW,364,ok,9.0667964877,15
OVRPLTW,365,ok,8.3145649995,15
OVRPLTW,366,ok,11.1451243414,16
OVRPLTW,367,ok,11.3633628495,15
OVRPLTW,368,ok,14.0185663069,16
OVRPLTW,369,ok,9.3240177428,16
OVRPLTW,370,ok,13.0864738645,17
OVRPLTW,371,ok,10.6912071884,16
OVRPLTW,372,ok,9.0568265278,13
OVRPLTW,373,ok,10.9128350600,13
OVRPLTW,374,ok,11.4848334235,16
OVRPLTW,375,ok,10.1119795557,17
OVRPLTW,376,ok,11.7509735279,15
OVRPLTW,377,ok,9.2822174864,17
OVRPLTW,378,ok,8.9685784066,14
OVRPLTW,379,ok,10.1933746112,15
OVRPLTW,380,ok,10.7417240597,17
OVRPLTW,381,ok,12.8140209722,18
OVRPLTW,382,ok,10.4915482315,15
OVRPLTW,383,ok,9.2515629446,15
OVRPLTW,384,ok,10.5926998131,14
OVRPLTW,385,ok,9.3420360900,17
OVRPLTW,386,ok,9.2666718346,15
OVRPLTW,387,ok,11.4623331246,17
OVRPLTW,388,ok,10.7884498245,15
OVRPLTW,389,ok,9.0525718113,16
OVRPLTW,390,ok,10.3154452902,16
OVRPLTW,391,ok,12.3024780339,17
OVRPLTW,392,ok,8.6782743633,20
OVRPLTW,393,ok,10.2845815659,16
OVRPLTW,394,ok,11.1202521622,14
OVRPLTW,395,ok,10.3927786372,15
OVRPLTW,396,ok,11.2744205349,14
OVRPLTW,397,ok,11.9902813740,17
OVRPLTW,398,ok,12.0370233187,15
OVRPLTW,399,ok,8.8038191599,15
OVRPLTW,400,ok,9.8204086682,14
OVRPLTW,401,ok,12.7998926577,18
OVRPLTW,402,ok,9.6009936120,15
OVRPLTW,403,ok,10.6593200998,15
OVRPLTW,404,ok,9.3581875027,18
OVRPLTW,405,ok,8.4573159688,15
OVRPLTW,406,ok,9.6608598124,17
OVRPLTW,407,ok,12.7452810927,16
OVRPLTW,408,ok,12.4969680606,15
OVRPLTW,409,ok,10.6540361504,14
OVRPLTW,410,ok,10.1153651732,17
OVRPLTW,411,ok,12.6193516953,16
OVRPLTW,412,ok,9.8023582121,17
OVRPLTW,413,ok,11.6237542402,16
OVRPLTW,414,ok,9.6973006140,13
OVRPLTW,415,ok,12.9027312879,14
OVRPLTW,416,ok,9.0634336015,16
OVRPLTW,417,ok,12.0675606056,16
OVRPLTW,418,ok,10.9774847080,18
OVRPLTW,419,ok,9.5616877373,15
OVRPLTW,420,ok,11.5437865541,16
OVRPLTW,421,ok,8.9292784720,14
OVRPLTW,422,ok,10.9079075996,18
OVRPLTW,423,ok,10.0704060249,14
OVRPLTW,424,ok,8.6042461192,16
OVRPLTW,425,ok,11.1750591321,14
OVRPLTW,426,ok,13.6611890752,16
OVRPLTW,427,ok,8.5347263086,14
OVRPLTW,428,ok,10.5888040497,14
OVRPLTW,429,ok,12.5587798957,16
OVRPLTW,430,ok,10.7435782517,16
OVRPLTW,431,ok,10.1032719397,16
OVRPLTW,432,ok,12.1428783179,15
OVRPLTW,433,ok,12.1694882851,15
OVRPLTW,434,ok,11.0102098815,15
OVRPLTW,435,ok,10.6782937161,14
OVRPLTW,436,ok,10.3579285160,16
OVRPLTW,437,ok,9.3863809581,17
OVRPLTW,438,ok,11.4917052893,16
OVRPLTW,439,ok,9.6036004743,14
OVRPLTW,440,ok,8.0382962135,15
OVRPLTW,441,ok,9.9408158615,13
OVRPLTW,442,ok,11.0598995666,17
OVRPLTW,443,ok,12.1292702836,16
OVRPLTW,444,ok,10.1518426926,15
OVRPLTW,445,ok,8.6868559118,16
OVRPLTW,446,ok,11.2394326759,17
OVRPLTW,447,ok,12.4059594934,15
OVRPLTW,448,ok,13.2310655889,16
OVRPLTW,449,ok,10.7117492353,16
OVRPLTW,450,ok,10.8028460764,14
OVRPLTW,451,ok,9.1099340391,13
OVRPLTW,452,ok,11.6077995782,14
OVRPLTW,453,ok,12.0944973451,17
OVRPLTW,454,ok,8.8624897731,15
OVRPLTW,455,ok,9.3878492557,17
OVRPLTW,456,ok,12.5053632121,17
OVRPLTW,457,ok,12.0316415016,18
OVRPLTW,458,ok,10.3181542776,16
OVRPLTW,459,ok,9.0368277402,16
OVRPLTW,460,ok,11.2581202682,18
OVRPLTW,461,ok,9.9411448583,15
OVRPLTW,462,ok,12.1059697434,16
OVRPLTW,463,ok,12.2720460043,18
OVRPLTW,464,ok,9.0501648744,16
OVRPLTW,465,ok,9.5867095945,14
OVRPLTW,466,ok,10.6098422733,14
OVRPLTW,467,ok,9.5350967495,15
OVRPLTW,468,ok,8.9531234901,17
OVRPLTW,469,ok,9.6745894283,14
OVRPLTW,470,ok,11.5828176051,15
OVRPLTW,471,ok,8.7323776996,14
OVRPLTW,472,ok,9.5563199440,16
OVRPLTW,473,ok,9.9541030221,15
OVRPLTW,474,ok,10.0599652259,16
OVRPLTW,475,ok,11.9791633277,17
OVRPLTW,476,ok,7.8200426437,14
OVRPLTW,477,ok,9.7201274189,16
OVRPLTW,478,ok,11.3185987283,15
OVRPLTW,479,ok,13.1170127355,17
OVRPLTW,480,ok,7.9438089604,17
OVRPLTW,481,ok,12.0531718769,17
OVRPLTW,482,ok,10.6417169475,15
OVRPLTW,483,ok,9.9383379090,15
OVRPLTW,484,ok,9.7761019675,14
OVRPLTW,485,ok,12.2088142788,16
OVRPLTW,486,ok,9.1455628034,14
OVRPLTW,487,ok,9.9453093994,14
OVRPLTW,488,ok,10.7364094438,13
OVRPLTW,489,ok,9.9503053695,15
OVRPLTW,490,ok,11.6744920701,16
OVRPLTW,491,ok,9.5719221803,13
OVRPLTW,492,ok,12.6631068413,15
OVRPLTW,493,ok,10.5627426030,14
OVRPLTW,494,ok,11.5352954372,14
OVRPLTW,495,ok,8.8837943058,15
OVRPLTW,496,ok,10.0639893955,16
OVRPLTW,497,ok,11.0236867008,14
OVRPLTW,498,ok,11.4810803617,13
OVRPLTW,499,ok,10.0121624930,16
OVRPLTW,500,ok,11.7018183064,16
OVRPLTW,501,ok,10.7340365221,18
OVRPLTW,502,ok,9.7708548688,15
OVRPLTW,503,ok,10.2940402014,15
OVRPLTW,504,ok,10.8247330121,15
OVRPLTW,505,ok,10.9963829006,16
OVRPLTW,506,ok,8.6942179689,16
OVRPLTW,507,ok,11.0185445836,15
OVRPLTW,508,ok,12.3844918867,16
OVRPLTW,509,ok,10.1145147551,15
OVRPLTW,510,ok,10.7903659654,16
OVRPLTW,511,ok,13.2323708893,14
OVRPLTW,512,ok,9.7982215414,17
OVRPLTW,513,ok,9.2458774953,14
OVRPLTW,514,ok,12.1132041496,15
OVRPLTW,515,ok,8.6992082644,14
OVRPLTW,516,ok,11.2802920280,15
OVRPLTW,517,ok,8.6954426291,17
OVRPLTW,518,ok,9.8853393487,17
OVRPLTW,519,ok,11.3066003039,16
OVRPLTW,520,ok,9.2488831480,13
OVRPLTW,521,ok,10.1940530628,17
OVRPLTW,522,ok,8.6913850276,13
OVRPLTW,523,ok,12.8796045414,15
OVRPLTW,524,ok,8.9717518217,18
OVRPLTW,525,ok,11.4876717295,16
OVRPLTW,526,ok,9.0862141263,19
OVRPLTW,527,ok,12.4538723506,17
OVRPLTW,528,ok,10.3110676029,15
OVRPLTW,529,ok,10.7871636832,18
OVRPLTW,530,ok,9.5219886236,17
OVRPLTW,531,ok,9.9418237365,15
OVRPLTW,532,ok,8.7917705762,17
OVRPLTW,533,ok,10.2188531938,20
OVRPLTW,534,ok,12.4237534419,18
OVRPLTW,535,ok,9.2428382214,15
OVRPLTW,536,ok,12.3259665649,16
OVRPLTW,537,ok,13.0135277872,14
OVRPLTW,538,ok,10.8910342099,20
OVRPLTW,539,ok,9.6235225237,14
OVRPLTW,540,ok,11.4011376277,16
OVRPLTW,541,ok,10.5467526000,16
OVRPLTW,542,ok,13.5838663965,14
OVRPLTW,543,ok,11.0482363215,20
OVRPLTW,544,ok,11.0207436461,16
OVRPLTW,545,ok,11.7916464974,16
OVRPLTW,546,ok,11.8985152994,15
OVRPLTW,547,ok,10.2017911415,16
OVRPLTW,548,ok,13.1840883512,16
OVRPLTW,549,ok,10.6744943102,16
OVRPLTW,550,ok,10.4392109961,14
OVRPLTW,551,ok,8.1979697231,14
OVRPLTW,552,ok,9.9821502416,16
OVRPLTW,553,ok,8.6964808941,16
OVRPLTW,554,ok,11.9548591082,15
OVRPLTW,555,ok,10.1745329848,15
OVRPLTW,556,ok,13.7658473108,15
OVRPLTW,557,ok,10.1488801068,16
OVRPLTW,558,ok,10.5530291184,15
OVRPLTW,559,ok,8.8822687764,14
OVRPLTW,560,ok,13.3532272338,15
OVRPLTW,561,ok,13.6407572950,18
OVRPLTW,562,ok,9.0036088226,16
OVRPLTW,563,ok,10.6460020436,15
OVRPLTW,564,ok,13.6839442383,17
OVRPLTW,565,ok,12.0739830875,16
OVRPLTW,566,ok,8.6456443418,13
OVRPLTW,567,ok,8.6451663792,15
OVRPLTW,568,ok,13.1520645894,14
OVRPLTW,569,ok,12.0992115543,15
OVRPLTW,570,ok,13.6411777334,15
OVRPLTW,571,ok,12.1016296849,13
OVRPLTW,572,ok,8.0890484787,12
OVRPLTW,573,ok,10.0592436665,15
OVRPLTW,574,ok,10.4280351416,16
OVRPLTW,575,ok,10.6033643181,15
OVRPLTW,576,ok,11.0795246757,18
OVRPLTW,577,ok,9.4308594965,18
OVRPLTW,578,ok,11.0899088625,14
OVRPLTW,579,ok,10.0846995499,15
OVRPLTW,580,ok,9.9204181569,12
OVRPLTW,581,ok,12.5400508824,15
OVRPLTW,582,ok,13.2610780785,17
OVRPLTW,583,ok,10.7651106484,17
OVRPLTW,584,ok,9.2881106317,15
OVRPLTW,585,ok,9.8104774925,15
OVRPLTW,586,ok,10.4476956535,16
OVRPLTW,587,ok,11.6166834065,14
OVRPLTW,588,ok,8.8509710205,15
OVRPLTW,589,ok,11.8928129344,17
OVRPLTW,590,ok,9.5776350621,16
OVRPLTW,591,ok,9.8654080790,15
OVRPLTW,592,ok,12.6067080334,15
OVRPLTW,593,ok,10.9112618578,14
OVRPLTW,594,ok,9.1327894913,16
OVRPLTW,595,ok,11.2611036797,15
OVRPLTW,596,ok,10.1024819414,16
OVRPLTW,597,ok,9.3084470870,17
OVRPLTW,598,ok,10.9955664292,15
OVRPLTW,599,ok,9.3203527116,18
OVRPLTW,600,ok,10.7631068819,16
OVRPLTW,601,ok,7.9274453482,15
OVRPLTW,602,ok,9.8169975888,16
OVRPLTW,603,ok,9.2953798824,17
OVRPLTW,604,ok,12.1896667986,17
OVRPLTW,605,ok,11.4772230950,15
OVRPLTW,606,ok,9.7818613612,16
OVRPLTW,607,ok,9.4599177539,15
OVRPLTW,608,ok,11.1259224609,17
OVRPLTW,609,ok,9.9002307814,14
OVRPLTW,610,ok,10.2194579547,19
OVRPLTW,611,ok,11.1868014608,17
OVRPLTW,612,ok,11.6369694759,17
OVRPLTW,613,ok,11.0209889375,15
OVRPLTW,614,ok,11.8477376344,15
OVRPLTW,615,ok,10.8902906750,14
OVRPLTW,616,ok,9.2285636585,16
OVRPLTW,617,ok,12.0919697515,15
OVRPLTW,618,ok,10.3182096225,17
OVRPLTW,619,ok,10.8722963468,16
OVRPLTW,620,ok,12.4410467548,16
OVRPLTW,621,ok,12.4088921465,15
OVRPLTW,622,ok,9.5330912224,13
OVRPLTW,623,ok,9.8986022013,14
OVRPLTW,624,ok,10.2786979031,18
OVRPLTW,625,ok,8.5244323433,14
OVRPLTW,626,ok,10.6489099951,14
OVRPLTW,627,ok,11.2163583004,17
OVRPLTW,628,ok,10.7840429491,16
OVRPLTW,629,ok,9.5752894431,18
OVRPLTW,630,ok,11.8621265864,14
OVRPLTW,631,ok,10.0151292799,19
OVRPLTW,632,ok,10.4634345256,14
OVRPLTW,633,ok,9.4503162417,15
OVRPLTW,634,ok,9.0518427061,16
OVRPLTW,635,ok,13.2010984020,17
OVRPLTW,636,ok,10.2065200401,16
OVRPLTW,637,ok,11.4528895175,16
OVRPLTW,638,ok,10.0723506862,15
OVRPLTW,639,ok,10.8597357884,17
OVRPLTW,640,ok,8.5770877761,15
OVRPLTW,641,ok,9.4164167345,16
OVRPLTW,642,ok,11.8639315764,15
OVRPLTW,643,ok,9.4384224386,16
OVRPLTW,644,ok,10.8399341911,16
OVRPLTW,645,ok,9.4006006752,16
OVRPLTW,646,ok,9.0340906597,17
OVRPLTW,647,ok,13.8385803953,16
OVRPLTW,648,ok,11.5258522199,17
OVRPLTW,649,ok,13.6356751337,17
OVRPLTW,650,ok,9.0733398883,15
OVRPLTW,651,ok,11.8534264815,15
OVRPLTW,652,ok,11.5191531025,17
OVRPLTW,653,ok,7.9163701480,16
OVRPLTW,654,ok,9.0412300747,20
OVRPLTW,655,ok,9.6973149035,14
OVRPLTW,656,ok,11.1907952667,16
OVRPLTW,657,ok,15.5323130058,16
OVRPLTW,658,ok,8.9772587292,15
OVRPLTW,659,ok,13.4647997755,15
OVRPLTW,660,ok,9.5666703005,16
OVRPLTW,661,ok,9.4695672557,16
OVRPLTW,662,ok,10.5023311827,14
OVRPLTW,663,ok,9.2878076081,15
OVRPLTW,664,ok,11.8876755348,14
OVRPLTW,665,ok,10.8988368213,13
OVRPLTW,666,ok,9.4526099755,16
OVRPLTW,667,ok,10.3340135585,16
OVRPLTW,668,ok,10.7921518997,16
OVRPLTW,669,ok,9.3541660505,17
OVRPLTW,670,ok,8.7739418340,18
OVRPLTW,671,ok,8.9114920289,16
OVRPLTW,672,ok,12.3322210570,17
OVRPLTW,673,ok,9.0730223858,16
OVRPLTW,674,ok,9.7179251724,17
OVRPLTW,675,ok,13.4440163362,15
OVRPLTW,676,ok,11.7215023249,17
OVRPLTW,677,ok,8.8866573937,17
OVRPLTW,678,ok,11.8279299565,15
OVRPLTW,679,ok,10.1106797975,12
OVRPLTW,680,ok,9.9739369825,16
OVRPLTW,681,ok,12.8261757394,15
OVRPLTW,682,ok,9.3059911929,18
OVRPLTW,683,ok,11.2291300640,15
OVRPLTW,684,ok,9.4315306946,16
OVRPLTW,685,ok,10.7438338750,15
OVRPLTW,686,ok,9.1796508499,15
OVRPLTW,687,ok,10.3269405114,17
OVRPLTW,688,ok,10.5858258735,16
OVRPLTW,689,ok,10.0468243790,16
OVRPLTW,690,ok,10.3598428791,13
OVRPLTW,691,ok,10.3596644751,15
OVRPLTW,692,ok,10.3448051682,14
OVRPLTW,693,ok,9.0523933787,16
OVRPLTW,694,ok,11.8515438507,18
OVRPLTW,695,ok,10.6559994379,14
OVRPLTW,696,ok,10.5641360424,16
OVRPLTW,697,ok,11.0202593455,14
OVRPLTW,698,ok,9.2414180587,17
OVRPLTW,699,ok,10.7883432201,17
OVRPLTW,700,ok,9.6858081859,15
OVRPLTW,701,ok,9.0877434775,16
OVRPLTW,702,ok,11.5937207083,13
OVRPLTW,703,ok,10.0746630187,14
OVRPLTW,704,ok,7.9668718458,14
OVRPLTW,705,ok,11.1363484245,15
OVRPLTW,706,ok,11.6535874054,14
OVRPLTW,707,ok,9.6902862031,13
OVRPLTW,708,ok,10.5638394430,14
OVRPLTW,709,ok,9.5865046762,16
OVRPLTW,710,ok,12.4557217616,15
OVRPLTW,711,ok,9.9450064885,15
OVRPLTW,712,ok,8.7332811686,18
OVRPLTW,713,ok,8.6180253058,16
OVRPLTW,714,ok,10.0305248630,16
OVRPLTW,715,ok,12.2697282880,18
OVRPLTW,716,ok,8.9838375739,15
OVRPLTW,717,ok,9.1969681142,16
OVRPLTW,718,ok,14.4552179222,15
OVRPLTW,719,ok,11.8287510988,17
OVRPLTW,720,ok,10.1067753442,14
OVRPLTW,721,ok,9.3173984651,15
OVRPLTW,722,ok,10.7478672288,15
OVRPLTW,723,ok,11.2342944237,14
OVRPLTW,724,ok,8.9822975993,16
OVRPLTW,725,ok,10.6526882366,17
OVRPLTW,726,ok,10.5369771516,15
OVRPLTW,727,ok,10.6921396237,15
OVRPLTW,728,ok,10.6687977670,19
OVRPLTW,729,ok,9.6738782718,15
OVRPLTW,730,ok,14.7427964937,15
OVRPLTW,731,ok,9.8456564759,14
OVRPLTW,732,ok,12.8157822554,16
OVRPLTW,733,ok,8.9203824954,15
OVRPLTW,734,ok,9.1599043200,15
OVRPLTW,735,ok,9.2447701008,16
OVRPLTW,736,ok,10.7882669603,15
OVRPLTW,737,ok,10.0278927530,16
OVRPLTW,738,ok,10.1028569195,15
OVRPLTW,739,ok,9.3948478824,15
OVRPLTW,740,ok,10.9264231811,16
OVRPLTW,741,ok,10.7263944836,16
OVRPLTW,742,ok,11.1112099583,17
OVRPLTW,743,ok,8.1566230210,16
OVRPLTW,744,ok,8.7204266446,14
OVRPLTW,745,ok,12.3625400030,16
OVRPLTW,746,ok,8.8339064183,14
OVRPLTW,747,ok,10.9598428877,15
OVRPLTW,748,ok,10.2343571277,16
OVRPLTW,749,ok,8.7893077188,16
OVRPLTW,750,ok,9.5992533303,16
OVRPLTW,751,ok,11.5140489102,15
OVRPLTW,752,ok,10.4588566802,13
OVRPLTW,753,ok,11.1035390239,15
OVRPLTW,754,ok,9.4308421753,16
OVRPLTW,755,ok,11.8934912534,16
OVRPLTW,756,ok,11.5365356236,16
OVRPLTW,757,ok,8.3729044118,16
OVRPLTW,758,ok,11.9601120393,15
OVRPLTW,759,ok,10.6189357170,16
OVRPLTW,760,ok,9.8530238005,16
OVRPLTW,761,ok,11.3827047853,17
OVRPLTW,762,ok,9.8888538740,14
OVRPLTW,763,ok,10.3412989122,16
OVRPLTW,764,ok,13.5846225869,14
OVRPLTW,765,ok,11.4531487436,15
OVRPLTW,766,ok,12.0232902954,14
OVRPLTW,767,ok,8.2132926479,15
OVRPLTW,768,ok,11.6893013384,16
OVRPLTW,769,ok,10.5465554227,16
OVRPLTW,770,ok,10.0094214909,15
OVRPLTW,771,ok,8.9093066586,14
OVRPLTW,772,ok,12.2228842592,15
OVRPLTW,773,ok,12.2825184481,15
OVRPLTW,774,ok,8.1280688841,16
OVRPLTW,775,ok,10.7386090678,17
OVRPLTW,776,ok,12.9835334485,17
OVRPLTW,777,ok,11.6405905387,15
OVRPLTW,778,ok,9.6660307956,15
OVRPLTW,779,ok,9.8920175236,19
OVRPLTW,780,ok,11.7726021176,14
OVRPLTW,781,ok,11.0668524890,14
OVRPLTW,782,ok,11.9595819868,16
OVRPLTW,783,ok,10.3728739119,16
OVRPLTW,784,ok,9.5670031347,17
OVRPLTW,785,ok,9.8411013610,13
OVRPLTW,786,ok,10.5134643199,19
OVRPLTW,787,ok,10.9149575899,14
OVRPLTW,788,ok,8.8522071244,14
OVRPLTW,789,ok,10.0173092747,16
OVRPLTW,790,ok,9.5903304748,15
OVRPLTW,791,ok,11.2929068791,16
OVRPLTW,792,ok,12.3452764364,14
OVRPLTW,793,ok,10.5896631292,17
OVRPLTW,794,ok,8.8617882402,14
OVRPLTW,795,ok,11.2132398037,16
OVRPLTW,796,ok,9.5228065098,15
OVRPLTW,797,ok,10.3574978869,17
OVRPLTW,798,ok,9.8824259587,18
OVRPLTW,799,ok,11.0374580557,16
OVRPLTW,800,ok,9.6982051231,16
OVRPLTW,801,ok,11.3345190808,14
OVRPLTW,802,ok,10.2319320364,17
OVRPLTW,803,ok,9.7982184753,15
OVRPLTW,804,ok,12.0324587038,14
OVRPLTW,805,ok,11.6117613470,16
OVRPLTW,806,ok,9.0274073579,16
OVRPLTW,807,ok,9.5034094556,15
OVRPLTW,808,ok,8.4421719187,15
OVRPLTW,809,ok,12.5878767761,17
OVRPLTW,810,ok,9.5339212576,15
OVRPLTW,811,ok,11.7123979538,15
OVRPLTW,812,ok,8.6516585897,15
OVRPLTW,813,ok,11.0931448760,17
OVRPLTW,814,ok,10.7223405834,17
OVRPLTW,815,ok,11.6274675589,16
OVRPLTW,816,ok,8.7947516417,16
OVRPLTW,817,ok,10.4797581661,15
OVRPLTW,818,ok,11.8788111393,14
OVRPLTW,819,ok,10.1335372760,17
OVRPLTW,820,ok,11.6050482276,17
OVRPLTW,821,ok,10.8243184466,16
OVRPLTW,822,ok,10.8142300919,16
OVRPLTW,823,ok,11.5226915843,15
OVRPLTW,824,ok,8.7048003960,16
OVRPLTW,825,ok,9.9781333714,17
OVRPLTW,826,ok,10.5785150268,14
OVRPLTW,827,ok,11.1567655192,15
OVRPLTW,828,ok,12.8007476450,18
OVRPLTW,829,ok,10.0753241044,16
OVRPLTW,830,ok,11.6033245771,15
OVRPLTW,831,ok,13.6364268010,13
OVRPLTW,832,ok,9.5479714996,16
OVRPLTW,833,ok,9.9702517079,15
OVRPLTW,834,ok,8.5433937531,11
OVRPLTW,835,ok,13.7559950887,17
OVRPLTW,836,ok,8.1985022834,15
OVRPLTW,837,ok,11.5307999895,13
OVRPLTW,838,ok,10.4544447295,15
OVRPLTW,839,ok,9.1814861857,16
OVRPLTW,840,ok,10.1807184413,16
OVRPLTW,841,ok,8.8760354683,16
OVRPLTW,842,ok,13.9125334002,19
OVRPLTW,843,ok,9.7946951979,16
OVRPLTW,844,ok,9.0899971568,16
OVRPLTW,845,ok,12.2914344234,15
OVRPLTW,846,ok,9.9018872802,16
OVRPLTW,847,ok,11.5052030123,18
OVRPLTW,848,ok,9.8744077976,16
OVRPLTW,849,ok,14.5902940970,15
OVRPLTW,850,ok,9.6064782361,18
OVRPLTW,851,ok,9.6502420244,15
OVRPLTW,852,ok,8.7710957136,15
OVRPLTW,853,ok,11.5035185847,17
OVRPLTW,854,ok,8.7517335198,15
OVRPLTW,855,ok,11.5566222833,14
OVRPLTW,856,ok,10.3968532724,15
OVRPLTW,857,ok,8.9451361200,14
OVRPLTW,858,ok,10.0071450898,15
OVRPLTW,859,ok,11.8367450138,16
OVRPLTW,860,ok,10.9424717647,16
OVRPLTW,861,ok,10.4490768681,17
OVRPLTW,862,ok,9.6242656930,15
OVRPLTW,863,ok,8.5679848486,16
OVRPLTW,864,ok,11.0947088168,16
OVRPLTW,865,ok,9.6406803894,17
OVRPLTW,866,ok,9.0215145280,16
OVRPLTW,867,ok,9.0545396571,16
OVRPLTW,868,ok,9.9218535715,16
OVRPLTW,869,ok,9.2726562859,16
OVRPLTW,870,ok,12.7965577887,17
OVRPLTW,871,ok,11.2349624156,17
OVRPLTW,872,ok,13.3550775672,13
OVRPLTW,873,ok,13.0779136447,17
OVRPLTW,874,ok,11.4918647075,17
OVRPLTW,875,ok,9.3874320741,15
OVRPLTW,876,ok,10.1752916646,15
OVRPLTW,877,ok,11.7310119783,15
OVRPLTW,878,ok,11.5580166071,17
OVRPLTW,879,ok,9.1223715457,16
OVRPLTW,880,ok,10.7296691126,14
OVRPLTW,881,ok,9.1842894957,14
OVRPLTW,882,ok,10.0172028738,15
OVRPLTW,883,ok,11.4149685011,15
OVRPLTW,884,ok,8.4977317694,15
OVRPLTW,885,ok,13.2980435738,16
OVRPLTW,886,ok,12.3185188815,16
OVRPLTW,887,ok,10.8942845931,17
OVRPLTW,888,ok,10.8979414124,16
OVRPLTW,889,ok,10.6218669229,14
OVRPLTW,890,ok,13.4064583128,16
OVRPLTW,891,ok,10.2319333069,13
OVRPLTW,892,ok,10.4847782693,14
OVRPLTW,893,ok,11.4635644827,14
OVRPLTW,894,ok,11.1742067401,14
OVRPLTW,895,ok,9.1484371321,15
OVRPLTW,896,ok,10.9045005609,15
OVRPLTW,897,ok,10.6448484292,14
OVRPLTW,898,ok,11.7597828239,17
OVRPLTW,899,ok,9.6310485070,17
OVRPLTW,900,ok,11.1179128254,16
OVRPLTW,901,ok,10.3635368810,16
OVRPLTW,902,ok,10.8217009550,18
OVRPLTW,903,ok,10.7162392439,18
OVRPLTW,904,ok,10.0936760237,16
OVRPLTW,905,ok,10.2009456223,15
OVRPLTW,906,ok,9.5474250740,15
OVRPLTW,907,ok,9.4422676841,18
OVRPLTW,908,ok,8.3482665350,15
OVRPLTW,909,ok,11.5995102391,15
OVRPLTW,910,ok,9.5284261336,15
OVRPLTW,911,ok,7.8301269091,13
OVRPLTW,912,ok,9.4665547160,14
OVRPLTW,913,ok,9.8629025699,16
OVRPLTW,914,ok,8.2641984910,14
OVRPLTW,915,ok,10.7208229369,18
OVRPLTW,916,ok,9.9572588765,17
OVRPLTW,917,ok,10.7775284723,17
OVRPLTW,918,ok,11.8942916361,16
OVRPLTW,919,ok,8.7654894665,15
OVRPLTW,920,ok,10.4811952244,19
OVRPLTW,921,ok,11.8298375782,17
OVRPLTW,922,ok,11.6300830367,16
OVRPLTW,923,ok,12.1698768299,17
OVRPLTW,924,ok,11.0701197513,16
OVRPLTW,925,ok,10.2550851300,17
OVRPLTW,926,ok,11.2507642250,17
OVRPLTW,927,ok,12.1397099021,17
OVRPLTW,928,ok,10.4169646697,15
OVRPLTW,929,ok,9.2570953945,17
OVRPLTW,930,ok,11.0229039078,16
OVRPLTW,931,ok,9.4061631021,15
OVRPLTW,932,ok,10.0803701200,13
OVRPLTW,933,ok,10.3347010829,17
OVRPLTW,934,ok,10.3084565006,17
OVRPLTW,935,ok,10.0093238180,16
OVRPLTW,936,ok,12.1809825754,15
OVRPLTW,937,ok,8.9179602537,14
OVRPLTW,938,ok,10.5908170033,16
OVRPLTW,939,ok,9.9664951011,16
OVRPLTW,940,ok,12.6749501050,19
OVRPLTW,941,ok,10.0651965152,17
OVRPLTW,942,ok,10.0501899325,15
OVRPLTW,943,ok,9.8681777238,14
OVRPLTW,944,ok,13.6235613198,16
OVRPLTW,945,ok,9.7506087353,17
OVRPLTW,946,ok,10.7416186142,18
OVRPLTW,947,ok,12.8972361826,17
OVRPLTW,948,ok,13.7738186947,17
OVRPLTW,949,ok,9.3117421269,17
OVRPLTW,950,ok,12.4594731298,18
OVRPLTW,951,ok,12.8284644101,15
OVRPLTW,952,ok,12.5922105911,15
OVRPLTW,953,ok,12.5459496545,15
OVRPLTW,954,ok,8.0406049360,16
OVRPLTW,955,ok,11.2989972564,14
OVRPLTW,956,ok,8.2929996931,14
OVRPLTW,957,ok,9.7537303000,13
OVRPLTW,958,ok,9.7215488343,16
OVRPLTW,959,ok,11.0090511182,15
OVRPLTW,960,ok,9.1779113823,17
OVRPLTW,961,ok,8.0016470857,15
OVRPLTW,962,ok,9.9222814233,15
OVRPLTW,963,ok,10.4140998064,17
OVRPLTW,964,ok,12.0006728834,17
OVRPLTW,965,ok,9.4845328833,17
OVRPLTW,966,ok,10.3901946465,17
OVRPLTW,967,ok,9.8246289254,16
OVRPLTW,968,ok,10.0132067243,15
OVRPLTW,969,ok,14.2596961615,15
OVRPLTW,970,ok,8.0709181712,14
OVRPLTW,971,ok,12.1577962323,14
OVRPLTW,972,ok,14.2243773710,15
OVRPLTW,973,ok,12.2138447807,15
OVRPLTW,974,ok,10.3967085342,15
OVRPLTW,975,ok,10.0628174827,18
OVRPLTW,976,ok,10.2344725032,15
OVRPLTW,977,ok,8.0032347161,17
OVRPLTW,978,ok,9.0694462460,15
OVRPLTW,979,ok,12.0952304516,16
OVRPLTW,980,ok,9.1529864088,16
OVRPLTW,981,ok,9.5120069498,15
OVRPLTW,982,ok,9.7123175441,15
OVRPLTW,983,ok,11.2625094380,15
OVRPLTW,984,ok,10.5332881729,16
OVRPLTW,985,ok,9.0324944117,14
OVRPLTW,986,ok,9.4671441659,15
OVRPLTW,987,ok,10.7495309682,18
OVRPLTW,988,ok,12.2104240313,14
OVRPLTW,989,ok,11.1293571304,15
OVRPLTW,990,ok,9.8745140815,17
OVRPLTW,991,ok,9.4611953766,15
OVRPLTW,992,ok,11.2518795674,18
OVRPLTW,993,ok,9.0385378798,13
OVRPLTW,994,ok,13.1665856431,15
OVRPLTW,995,ok,8.9519000082,19
OVRPLTW,996,ok,12.2144644249,16
OVRPLTW,997,ok,9.6522047254,14
OVRPLTW,998,ok,12.1619267474,16
OVRPLTW,999,ok,11.7117409097,16
VRPBLTW,0,no_feasible_candidate,,
VRPBLTW,1,ok,22.1178477683,17
VRPBLTW,2,no_feasible_candidate,,
VRPBLTW,3,no_feasible_candidate,,
VRPBLTW,4,no_feasible_candidate,,
VRPBLTW,5,ok,17.2959582986,16
VRPBLTW,6,no_feasible_candidate,,
VRPBLTW,7,no_feasible_candidate,,
VRPBLTW,8,no_feasible_candidate,,
VRPBLTW,9,no_feasible_candidate,,
VRPBLTW,10,ok,20.6026042621,16
VRPBLTW,11,no_feasible_candidate,,
VRPBLTW,12,no_feasible_candidate,,
VRPBLTW,13,ok,21.1633152441,18
VRPBLTW,14,no_feasible_candidate,,
VRPBLTW,15,no_feasible_candidate,,
VRPBLTW,16,ok,27.7068699030,17
VRPBLTW,17,ok,23.6608451405,18
VRPBLTW,18,no_feasible_candidate,,
VRPBLTW,19,no_feasible_candidate,,
VRPBLTW,20,no_feasible_candidate,,
VRPBLTW,21,ok,24.2667476404,16
VRPBLTW,22,no_feasible_candidate,,
VRPBLTW,23,no_feasible_candidate,,
VRPBLTW,24,no_feasible_candidate,,
VRPBLTW,25,no_feasible_candidate,,
VRPBLTW,26,no_feasible_candidate,,
VRPBLTW,27,no_feasible_candidate,,
VRPBLTW,28,no_feasible_candidate,,
VRPBLTW,29,no_feasible_candidate,,
VRPBLTW,30,no_feasible_candidate,,
VRPBLTW,31,no_feasible_candidate,,
VRPBLTW,32,no_feasible_candidate,,
VRPBLTW,33,no_feasible_candidate,,
VRPBLTW,34,no_feasible_candidate,,
VRPBLTW,35,no_feasible_candidate,,
VRPBLTW,36,ok,19.7853868552,17
VRPBLTW,37,no_feasible_candidate,,
VRPBLTW,38,no_feasible_candidate,,
VRPBLTW,39,no_feasible_candidate,,
VRPBLTW,40,ok,26.9310169440,17
VRPBLTW,41,no_feasible_candidate,,
VRPBLTW,42,no_feasible_candidate,,
VRPBLTW,43,no_feasible_candidate,,
VRPBLTW,44,no_feasible_candidate,,
VRPBLTW,45,ok,18.4684897894,20
VRPBLTW,46,no_feasible_candidate,,
VRPBLTW,47,no_feasible_candidate,,
VRPBLTW,48,no_feasible_candidate,,
VRPBLTW,49,no_feasible_candidate,,
VRPBLTW,50,no_feasible_candidate,,
VRPBLTW,51,no_feasible_candidate,,
VRPBLTW,52,no_feasible_candidate,,
VRPBLTW,53,ok,17.7615789473,17
VRPBLTW,54,no_feasible_candidate,,
VRPBLTW,55,no_feasible_candidate,,
VRPBLTW,56,no_feasible_candidate,,
VRPBLTW,57,ok,14.7830489831,14
VRPBLTW,58,no_feasible_candidate,,
VRPBLTW,59,no_feasible_candidate,,
VRPBLTW,60,no_feasible_candidate,,
VRPBLTW,61,no_feasible_candidate,,
VRPBLTW,62,ok,19.9066394642,20
VRPBLTW,63,no_feasible_candidate,,
VRPBLTW,64,no_feasible_candidate,,
VRPBLTW,65,no_feasible_candidate,,
VRPBLTW,66,no_feasible_candidate,,
VRPBLTW,67,no_feasible_candidate,,
VRPBLTW,68,no_feasible_candidate,,
VRPBLTW,69,no_feasible_candidate,,
VRPBLTW,70,no_feasible_candidate,,
VRPBLTW,71,no_feasible_candidate,,
VRPBLTW,72,no_feasible_candidate,,
VRPBLTW,73,no_feasible_candidate,,
VRPBLTW,74,no_feasible_candidate,,
VRPBLTW,75,no_feasible_candidate,,
VRPBLTW,76,no_feasible_candidate,,
VRPBLTW,77,no_feasible_candidate,,
VRPBLTW,78,ok,18.0587794015,13
VRPBLTW,79,no_feasible_candidate,,
VRPBLTW,80,no_feasible_candidate,,
VRPBLTW,81,ok,22.9660863987,18
VRPBLTW,82,no_feasible_candidate,,
VRPBLTW,83,no_feasible_candidate,,
VRPBLTW,84,no_feasible_candidate,,
VRPBLTW,85,no_feasible_candidate,,
VRPBLTW,86,ok,20.1159581323,18
VRPBLTW,87,no_feasible_candidate,,
VRPBLTW,88,no_feasible_candidate,,
VRPBLTW,89,ok,17.1851179015,14
VRPBLTW,90,no_feasible_candidate,,
VRPBLTW,91,ok,18.6907494868,18
VRPBLTW,92,no_feasible_candidate,,
VRPBLTW,93,ok,16.0636000408,15
VRPBLTW,94,no_feasible_candidate,,
VRPBLTW,95,no_feasible_candidate,,
VRPBLTW,96,no_feasible_candidate,,
VRPBLTW,97,no_feasible_candidate,,
VRPBLTW,98,ok,19.3187821838,16
VRPBLTW,99,no_feasible_candidate,,
VRPBLTW,100,no_feasible_candidate,,
VRPBLTW,101,no_feasible_candidate,,
VRPBLTW,102,ok,22.3372509840,17
VRPBLTW,103,no_feasible_candidate,,
VRPBLTW,104,no_feasible_candidate,,
VRPBLTW,105,no_feasible_candidate,,
VRPBLTW,106,no_feasible_candidate,,
VRPBLTW,107,ok,17.0427923931,16
VRPBLTW,108,no_feasible_candidate,,
VRPBLTW,109,no_feasible_candidate,,
VRPBLTW,110,ok,21.7789576606,17
VRPBLTW,111,no_feasible_candidate,,
VRPBLTW,112,no_feasible_candidate,,
VRPBLTW,113,no_feasible_candidate,,
VRPBLTW,114,no_feasible_candidate,,
VRPBLTW,115,no_feasible_candidate,,
VRPBLTW,116,no_feasible_candidate,,
VRPBLTW,117,no_feasible_candidate,,
VRPBLTW,118,ok,19.9425322143,16
VRPBLTW,119,no_feasible_candidate,,
VRPBLTW,120,no_feasible_candidate,,
VRPBLTW,121,ok,20.7399721435,18
VRPBLTW,122,no_feasible_candidate,,
VRPBLTW,123,no_feasible_candidate,,
VRPBLTW,124,no_feasible_candidate,,
VRPBLTW,125,no_feasible_candidate,,
VRPBLTW,126,no_feasible_candidate,,
VRPBLTW,127,no_feasible_candidate,,
VRPBLTW,128,no_feasible_candidate,,
VRPBLTW,129,no_feasible_candidate,,
VRPBLTW,130,no_feasible_candidate,,
VRPBLTW,131,no_feasible_candidate,,
VRPBLTW,132,no_feasible_candidate,,
VRPBLTW,133,no_feasible_candidate,,
VRPBLTW,134,no_feasible_candidate,,
VRPBLTW,135,no_feasible_candidate,,
VRPBLTW,136,no_feasible_candidate,,
VRPBLTW,137,no_feasible_candidate,,
VRPBLTW,138,no_feasible_candidate,,
VRPBLTW,139,no_feasible_candidate,,
VRPBLTW,140,no_feasible_candidate,,
VRPBLTW,141,no_feasible_candidate,,
VRPBLTW,142,no_feasible_candidate,,
VRPBLTW,143,ok,24.9220458472,17
VRPBLTW,144,no_feasible_candidate,,
VRPBLTW,145,no_feasible_candidate,,
VRPBLTW,146,no_feasible_candidate,,
VRPBLTW,147,no_feasible_candidate,,
VRPBLTW,148,no_feasible_candidate,,
VRPBLTW,149,no_feasible_candidate,,
VRPBLTW,150,no_feasible_candidate,,
VRPBLTW,151,no_feasible_candidate,,
VRPBLTW,152,ok,20.6231900884,17
VRPBLTW,153,no_feasible_candidate,,
VRPBLTW,154,no_feasible_candidate,,
VRPBLTW,155,no_feasible_candidate,,
VRPBLTW,156,no_feasible_candidate,,
VRPBLTW,157,no_feasible_candidate,,
VRPBLTW,158,no_feasible_candidate,,
VRPBLTW,159,no_feasible_candidate,,
VRPBLTW,160,no_feasible_candidate,,
VRPBLTW,161,no_feasible_candidate,,
VRPBLTW,162,no_feasible_candidate,,
VRPBLTW,163,no_feasible_candidate,,
VRPBLTW,164,no_feasible_candidate,,
VRPBLTW,165,no_feasible_candidate,,
VRPBLTW,166,no_feasible_candidate,,
VRPBLTW,167,no_feasible_candidate,,
VRPBLTW,168,no_feasible_candidate,,
VRPBLTW,169,ok,21.4728983226,17
VRPBLTW,170,ok,19.8834472485,17
VRPBLTW,171,no_feasible_candidate,,
VRPBLTW,172,no_feasible_candidate,,
VRPBLTW,173,no_feasible_candidate,,
VRPBLTW,174,no_feasible_candidate,,
VRPBLTW,175,no_feasible_candidate,,
VRPBLTW,176,no_feasible_candidate,,
VRPBLTW,177,no_feasible_candidate,,
VRPBLTW,178,no_feasible_candidate,,
VRPBLTW,179,no_feasible_candidate,,
VRPBLTW,180,ok,20.7441962732,16
VRPBLTW,181,no_feasible_candidate,,
VRPBLTW,182,no_feasible_candidate,,
VRPBLTW,183,no_feasible_candidate,,
VRPBLTW,184,no_feasible_candidate,,
VRPBLTW,185,no_feasible_candidate,,
VRPBLTW,186,no_feasible_candidate,,
VRPBLTW,187,no_feasible_candidate,,
VRPBLTW,188,no_feasible_candidate,,
VRPBLTW,189,no_feasible_candidate,,
VRPBLTW,190,no_feasible_candidate,,
VRPBLTW,191,no_feasible_candidate,,
VRPBLTW,192,no_feasible_candidate,,
VRPBLTW,193,no_feasible_candidate,,
VRPBLTW,194,ok,20.0093471207,17
VRPBLTW,195,ok,22.2952579407,15
VRPBLTW,196,ok,21.2044085790,17
VRPBLTW,197,ok,22.8231945372,15
VRPBLTW,198,no_feasible_candidate,,
VRPBLTW,199,no_feasible_candidate,,
VRPBLTW,200,no_feasible_candidate,,
VRPBLTW,201,no_feasible_candidate,,
VRPBLTW,202,no_feasible_candidate,,
VRPBLTW,203,no_feasible_candidate,,
VRPBLTW,204,ok,18.6285524181,15
VRPBLTW,205,no_feasible_candidate,,
VRPBLTW,206,no_feasible_candidate,,
VRPBLTW,207,no_feasible_candidate,,
VRPBLTW,208,no_feasible_candidate,,
VRPBLTW,209,no_feasible_candidate,,
VRPBLTW,210,no_feasible_candidate,,
VRPBLTW,211,no_feasible_candidate,,
VRPBLTW,212,no_feasible_candidate,,
VRPBLTW,213,no_feasible_candidate,,
VRPBLTW,214,ok,18.3543918748,16
VRPBLTW,215,no_feasible_candidate,,
VRPBLTW,216,no_feasible_candidate,,
VRPBLTW,217,ok,15.2989833880,15
VRPBLTW,218,no_feasible_candidate,,
VRPBLTW,219,no_feasible_candidate,,
VRPBLTW,220,ok,19.9177577282,16
VRPBLTW,221,no_feasible_candidate,,
VRPBLTW,222,no_feasible_candidate,,
VRPBLTW,223,no_feasible_candidate,,
VRPBLTW,224,ok,20.3570540411,17
VRPBLTW,225,no_feasible_candidate,,
VRPBLTW,226,no_feasible_candidate,,
VRPBLTW,227,no_feasible_candidate,,
VRPBLTW,228,no_feasible_candidate,,
VRPBLTW,229,no_feasible_candidate,,
VRPBLTW,230,no_feasible_candidate,,
VRPBLTW,231,no_feasible_candidate,,
VRPBLTW,232,no_feasible_candidate,,
VRPBLTW,233,no_feasible_candidate,,
VRPBLTW,234,no_feasible_candidate,,
VRPBLTW,235,ok,21.7513621788,16
VRPBLTW,236,ok,22.3640564893,17
VRPBLTW,237,no_feasible_candidate,,
VRPBLTW,238,no_feasible_candidate,,
VRPBLTW,239,no_feasible_candidate,,
VRPBLTW,240,no_feasible_candidate,,
VRPBLTW,241,ok,30.4457818891,20
VRPBLTW,242,no_feasible_candidate,,
VRPBLTW,243,no_feasible_candidate,,
VRPBLTW,244,no_feasible_candidate,,
VRPBLTW,245,no_feasible_candidate,,
VRPBLTW,246,ok,23.4297229147,17
VRPBLTW,247,no_feasible_candidate,,
VRPBLTW,248,no_feasible_candidate,,
VRPBLTW,249,no_feasible_candidate,,
VRPBLTW,250,no_feasible_candidate,,
VRPBLTW,251,ok,17.1203999533,15
VRPBLTW,252,ok,20.4567672285,16
VRPBLTW,253,no_feasible_candidate,,
VRPBLTW,254,no_feasible_candidate,,
VRPBLTW,255,ok,16.9430684117,14
VRPBLTW,256,no_feasible_candidate,,
VRPBLTW,257,no_feasible_candidate,,
VRPBLTW,258,no_feasible_candidate,,
VRPBLTW,259,no_feasible_candidate,,
VRPBLTW,260,no_feasible_candidate,,
VRPBLTW,261,no_feasible_candidate,,
VRPBLTW,262,no_feasible_candidate,,
VRPBLTW,263,no_feasible_candidate,,
VRPBLTW,264,ok,15.3823790610,17
VRPBLTW,265,no_feasible_candidate,,
VRPBLTW,266,no_feasible_candidate,,
VRPBLTW,267,no_feasible_candidate,,
VRPBLTW,268,no_feasible_candidate,,
VRPBLTW,269,no_feasible_candidate,,
VRPBLTW,270,no_feasible_candidate,,
VRPBLTW,271,no_feasible_candidate,,
VRPBLTW,272,no_feasible_candidate,,
VRPBLTW,273,no_feasible_candidate,,
VRPBLTW,274,no_feasible_candidate,,
VRPBLTW,275,no_feasible_candidate,,
VRPBLTW,276,no_feasible_candidate,,
VRPBLTW,277,no_feasible_candidate,,
VRPBLTW,278,no_feasible_candidate,,
VRPBLTW,279,no_feasible_candidate,,
VRPBLTW,280,no_feasible_candidate,,
VRPBLTW,281,no_feasible_candidate,,
VRPBLTW,282,no_feasible_candidate,,
VRPBLTW,283,no_feasible_candidate,,
VRPBLTW,284,no_feasible_candidate,,
VRPBLTW,285,no_feasible_candidate,,
VRPBLTW,286,no_feasible_candidate,,
VRPBLTW,287,no_feasible_candidate,,
VRPBLTW,288,no_feasible_candidate,,
VRPBLTW,289,no_feasible_candidate,,
VRPBLTW,290,no_feasible_candidate,,
VRPBLTW,291,no_feasible_candidate,,
VRPBLTW,292,ok,25.8946179829,19
VRPBLTW,293,no_feasible_candidate,,
VRPBLTW,294,no_feasible_candidate,,
VRPBLTW,295,ok,20.6222675101,16
VRPBLTW,296,ok,26.6900819898,20
VRPBLTW,297,no_feasible_candidate,,
VRPBLTW,298,no_feasible_candidate,,
VRPBLTW,299,no_feasible_candidate,,
VRPBLTW,300,ok,14.0230568354,16
VRPBLTW,301,no_feasible_candidate,,
VRPBLTW,302,no_feasible_candidate,,
VRPBLTW,303,no_feasible_candidate,,
VRPBLTW,304,no_feasible_candidate,,
VRPBLTW,305,no_feasible_candidate,,
VRPBLTW,306,no_feasible_candidate,,
VRPBLTW,307,no_feasible_candidate,,
VRPBLTW,308,no_feasible_candidate,,
VRPBLTW,309,no_feasible_candidate,,
VRPBLTW,310,no_feasible_candidate,,
VRPBLTW,311,no_feasible_candidate,,
VRPBLTW,312,no_feasible_candidate,,
VRPBLTW,313,no_feasible_candidate,,
VRPBLTW,314,no_feasible_candidate,,
VRPBLTW,315,ok,20.0947185564,17
VRPBLTW,316,no_feasible_candidate,,
VRPBLTW,317,no_feasible_candidate,,
VRPBLTW,318,no_feasible_candidate,,
VRPBLTW,319,no_feasible_candidate,,
VRPBLTW,320,no_feasible_candidate,,
VRPBLTW,321,no_feasible_candidate,,
VRPBLTW,322,no_feasible_candidate,,
VRPBLTW,323,no_feasible_candidate,,
VRPBLTW,324,ok,16.9362130661,16
VRPBLTW,325,no_feasible_candidate,,
VRPBLTW,326,no_feasible_candidate,,
VRPBLTW,327,no_feasible_candidate,,
VRPBLTW,328,ok,25.2307609577,17
VRPBLTW,329,no_feasible_candidate,,
VRPBLTW,330,no_feasible_candidate,,
VRPBLTW,331,no_feasible_candidate,,
VRPBLTW,332,no_feasible_candidate,,
VRPBLTW,333,no_feasible_candidate,,
VRPBLTW,334,no_feasible_candidate,,
VRPBLTW,335,ok,20.1937478428,17
VRPBLTW,336,no_feasible_candidate,,
VRPBLTW,337,no_feasible_candidate,,
VRPBLTW,338,no_feasible_candidate,,
VRPBLTW,339,no_feasible_candidate,,
VRPBLTW,340,no_feasible_candidate,,
VRPBLTW,341,no_feasible_candidate,,
VRPBLTW,342,no_feasible_candidate,,
VRPBLTW,343,no_feasible_candidate,,
VRPBLTW,344,no_feasible_candidate,,
VRPBLTW,345,no_feasible_candidate,,
VRPBLTW,346,no_feasible_candidate,,
VRPBLTW,347,ok,21.7536468226,16
VRPBLTW,348,no_feasible_candidate,,
VRPBLTW,349,no_feasible_candidate,,
VRPBLTW,350,no_feasible_candidate,,
VRPBLTW,351,no_feasible_candidate,,
VRPBLTW,352,no_feasible_candidate,,
VRPBLTW,353,no_feasible_candidate,,
VRPBLTW,354,ok,18.5700210079,17
VRPBLTW,355,no_feasible_candidate,,
VRPBLTW,356,ok,13.8614809350,13
VRPBLTW,357,no_feasible_candidate,,
VRPBLTW,358,no_feasible_candidate,,
VRPBLTW,359,no_feasible_candidate,,
VRPBLTW,360,no_feasible_candidate,,
VRPBLTW,361,no_feasible_candidate,,
VRPBLTW,362,ok,19.1150421425,15
VRPBLTW,363,ok,19.7186871217,16
VRPBLTW,364,no_feasible_candidate,,
VRPBLTW,365,ok,24.7771645211,16
VRPBLTW,366,no_feasible_candidate,,
VRPBLTW,367,no_feasible_candidate,,
VRPBLTW,368,no_feasible_candidate,,
VRPBLTW,369,no_feasible_candidate,,
VRPBLTW,370,ok,23.8640659013,16
VRPBLTW,371,no_feasible_candidate,,
VRPBLTW,372,no_feasible_candidate,,
VRPBLTW,373,ok,18.5071064234,17
VRPBLTW,374,no_feasible_candidate,,
VRPBLTW,375,no_feasible_candidate,,
VRPBLTW,376,no_feasible_candidate,,
VRPBLTW,377,no_feasible_candidate,,
VRPBLTW,378,no_feasible_candidate,,
VRPBLTW,379,no_feasible_candidate,,
VRPBLTW,380,no_feasible_candidate,,
VRPBLTW,381,ok,29.1277686492,17
VRPBLTW,382,ok,24.8442291101,18
VRPBLTW,383,no_feasible_candidate,,
VRPBLTW,384,ok,17.5119577634,18
VRPBLTW,385,no_feasible_candidate,,
VRPBLTW,386,no_feasible_candidate,,
VRPBLTW,387,no_feasible_candidate,,
VRPBLTW,388,no_feasible_candidate,,
VRPBLTW,389,ok,21.5478482993,15
VRPBLTW,390,no_feasible_candidate,,
VRPBLTW,391,no_feasible_candidate,,
VRPBLTW,392,no_feasible_candidate,,
VRPBLTW,393,no_feasible_candidate,,
VRPBLTW,394,no_feasible_candidate,,
VRPBLTW,395,ok,17.4700589206,17
VRPBLTW,396,no_feasible_candidate,,
VRPBLTW,397,no_feasible_candidate,,
VRPBLTW,398,ok,20.1336342493,16
VRPBLTW,399,no_feasible_candidate,,
VRPBLTW,400,no_feasible_candidate,,
VRPBLTW,401,no_feasible_candidate,,
VRPBLTW,402,no_feasible_candidate,,
VRPBLTW,403,no_feasible_candidate,,
VRPBLTW,404,no_feasible_candidate,,
VRPBLTW,405,no_feasible_candidate,,
VRPBLTW,406,no_feasible_candidate,,
VRPBLTW,407,ok,16.1691010364,14
VRPBLTW,408,no_feasible_candidate,,
VRPBLTW,409,ok,24.8538619872,16
VRPBLTW,410,no_feasible_candidate,,
VRPBLTW,411,no_feasible_candidate,,
VRPBLTW,412,no_feasible_candidate,,
VRPBLTW,413,no_feasible_candidate,,
VRPBLTW,414,ok,21.1444606908,17
VRPBLTW,415,ok,18.7539496375,15
VRPBLTW,416,no_feasible_candidate,,
VRPBLTW,417,no_feasible_candidate,,
VRPBLTW,418,no_feasible_candidate,,
VRPBLTW,419,no_feasible_candidate,,
VRPBLTW,420,no_feasible_candidate,,
VRPBLTW,421,no_feasible_candidate,,
VRPBLTW,422,no_feasible_candidate,,
VRPBLTW,423,no_feasible_candidate,,
VRPBLTW,424,no_feasible_candidate,,
VRPBLTW,425,no_feasible_candidate,,
VRPBLTW,426,ok,19.6296143315,17
VRPBLTW,427,no_feasible_candidate,,
VRPBLTW,428,no_feasible_candidate,,
VRPBLTW,429,no_feasible_candidate,,
VRPBLTW,430,no_feasible_candidate,,
VRPBLTW,431,no_feasible_candidate,,
VRPBLTW,432,no_feasible_candidate,,
VRPBLTW,433,no_feasible_candidate,,
VRPBLTW,434,no_feasible_candidate,,
VRPBLTW,435,no_feasible_candidate,,
VRPBLTW,436,no_feasible_candidate,,
VRPBLTW,437,no_feasible_candidate,,
VRPBLTW,438,no_feasible_candidate,,
VRPBLTW,439,no_feasible_candidate,,
VRPBLTW,440,no_feasible_candidate,,
VRPBLTW,441,no_feasible_candidate,,
VRPBLTW,442,no_feasible_candidate,,
VRPBLTW,443,no_feasible_candidate,,
VRPBLTW,444,no_feasible_candidate,,
VRPBLTW,445,no_feasible_candidate,,
VRPBLTW,446,ok,20.2006115215,15
VRPBLTW,447,no_feasible_candidate,,
VRPBLTW,448,no_feasible_candidate,,
VRPBLTW,449,no_feasible_candidate,,
VRPBLTW,450,no_feasible_candidate,,
VRPBLTW,451,no_feasible_candidate,,
VRPBLTW,452,no_feasible_candidate,,
VRPBLTW,453,no_feasible_candidate,,
VRPBLTW,454,no_feasible_candidate,,
VRPBLTW,455,no_feasible_candidate,,
VRPBLTW,456,no_feasible_candidate,,
VRPBLTW,457,no_feasible_candidate,,
VRPBLTW,458,ok,17.6022465273,16
VRPBLTW,459,no_feasible_candidate,,
VRPBLTW,460,no_feasible_candidate,,
VRPBLTW,461,no_feasible_candidate,,
VRPBLTW,462,no_feasible_candidate,,
VRPBLTW,463,no_feasible_candidate,,
VRPBLTW,464,no_feasible_candidate,,
VRPBLTW,465,no_feasible_candidate,,
VRPBLTW,466,ok,19.9866367496,14
VRPBLTW,467,no_feasible_candidate,,
VRPBLTW,468,no_feasible_candidate,,
VRPBLTW,469,no_feasible_candidate,,
VRPBLTW,470,ok,23.6444184191,18
VRPBLTW,471,no_feasible_candidate,,
VRPBLTW,472,no_feasible_candidate,,
VRPBLTW,473,no_feasible_candidate,,
VRPBLTW,474,no_feasible_candidate,,
VRPBLTW,475,no_feasible_candidate,,
VRPBLTW,476,no_feasible_candidate,,
VRPBLTW,477,no_feasible_candidate,,
VRPBLTW,478,ok,21.0878380999,16
VRPBLTW,479,no_feasible_candidate,,
VRPBLTW,480,no_feasible_candidate,,
VRPBLTW,481,no_feasible_candidate,,
VRPBLTW,482,no_feasible_candidate,,
VRPBLTW,483,no_feasible_candidate,,
VRPBLTW,484,ok,21.1569458628,16
VRPBLTW,485,no_feasible_candidate,,
VRPBLTW,486,no_feasible_candidate,,
VRPBLTW,487,no_feasible_candidate,,
VRPBLTW,488,no_feasible_candidate,,
VRPBLTW,489,no_feasible_candidate,,
VRPBLTW,490,no_feasible_candidate,,
VRPBLTW,491,no_feasible_candidate,,
VRPBLTW,492,no_feasible_candidate,,
VRPBLTW,493,no_feasible_candidate,,
VRPBLTW,494,no_feasible_candidate,,
VRPBLTW,495,ok,22.2674268432,17
VRPBLTW,496,no_feasible_candidate,,
VRPBLTW,497,no_feasible_candidate,,
VRPBLTW,498,ok,23.4557877199,16
VRPBLTW,499,no_feasible_candidate,,
VRPBLTW,500,ok,30.7612295816,19
VRPBLTW,501,no_feasible_candidate,,
VRPBLTW,502,no_feasible_candidate,,
VRPBLTW,503,no_feasible_candidate,,
VRPBLTW,504,no_feasible_candidate,,
VRPBLTW,505,no_feasible_candidate,,
VRPBLTW,506,no_feasible_candidate,,
VRPBLTW,507,no_feasible_candidate,,
VRPBLTW,508,no_feasible_candidate,,
VRPBLTW,509,ok,18.9994871479,14
VRPBLTW,510,no_feasible_candidate,,
VRPBLTW,511,ok,16.3504372580,16
VRPBLTW,512,no_feasible_candidate,,
VRPBLTW,513,no_feasible_candidate,,
VRPBLTW,514,no_feasible_candidate,,
VRPBLTW,515,no_feasible_candidate,,
VRPBLTW,516,no_feasible_candidate,,
VRPBLTW,517,no_feasible_candidate,,
VRPBLTW,518,no_feasible_candidate,,
VRPBLTW,519,no_feasible_candidate,,
VRPBLTW,520,no_feasible_candidate,,
VRPBLTW,521,no_feasible_candidate,,
VRPBLTW,522,no_feasible_candidate,,
VRPBLTW,523,no_feasible_candidate,,
VRPBLTW,524,ok,17.3870066468,16
VRPBLTW,525,no_feasible_candidate,,
VRPBLTW,526,no_feasible_candidate,,
VRPBLTW,527,no_feasible_candidate,,
VRPBLTW,528,no_feasible_candidate,,
VRPBLTW,529,no_feasible_candidate,,
VRPBLTW,530,no_feasible_candidate,,
VRPBLTW,531,no_feasible_candidate,,
VRPBLTW,532,no_feasible_candidate,,
VRPBLTW,533,no_feasible_candidate,,
VRPBLTW,534,ok,19.7147741352,18
VRPBLTW,535,no_feasible_candidate,,
VRPBLTW,536,no_feasible_candidate,,
VRPBLTW,537,no_feasible_candidate,,
VRPBLTW,538,ok,16.0526486052,13
VRPBLTW,539,ok,20.3863259889,20
VRPBLTW,540,no_feasible_candidate,,
VRPBLTW,541,no_feasible_candidate,,
VRPBLTW,542,no_feasible_candidate,,
VRPBLTW,543,no_feasible_candidate,,
VRPBLTW,544,no_feasible_candidate,,
VRPBLTW,545,no_feasible_candidate,,
VRPBLTW,546,ok,25.9267404926,20
VRPBLTW,547,ok,17.6980121596,15
VRPBLTW,548,no_feasible_candidate,,
VRPBLTW,549,no_feasible_candidate,,
VRPBLTW,550,no_feasible_candidate,,
VRPBLTW,551,no_feasible_candidate,,
VRPBLTW,552,no_feasible_candidate,,
VRPBLTW,553,no_feasible_candidate,,
VRPBLTW,554,no_feasible_candidate,,
VRPBLTW,555,no_feasible_candidate,,
VRPBLTW,556,no_feasible_candidate,,
VRPBLTW,557,ok,19.8015137436,16
VRPBLTW,558,no_feasible_candidate,,
VRPBLTW,559,no_feasible_candidate,,
VRPBLTW,560,no_feasible_candidate,,
VRPBLTW,561,no_feasible_candidate,,
VRPBLTW,562,ok,17.7046993965,14
VRPBLTW,563,no_feasible_candidate,,
VRPBLTW,564,no_feasible_candidate,,
VRPBLTW,565,no_feasible_candidate,,
VRPBLTW,566,no_feasible_candidate,,
VRPBLTW,567,no_feasible_candidate,,
VRPBLTW,568,no_feasible_candidate,,
VRPBLTW,569,ok,16.1089118596,17
VRPBLTW,570,no_feasible_candidate,,
VRPBLTW,571,no_feasible_candidate,,
VRPBLTW,572,no_feasible_candidate,,
VRPBLTW,573,ok,23.5396870242,17
VRPBLTW,574,no_feasible_candidate,,
VRPBLTW,575,no_feasible_candidate,,
VRPBLTW,576,ok,20.4055475800,16
VRPBLTW,577,no_feasible_candidate,,
VRPBLTW,578,ok,25.0142554188,17
VRPBLTW,579,no_feasible_candidate,,
VRPBLTW,580,no_feasible_candidate,,
VRPBLTW,581,no_feasible_candidate,,
VRPBLTW,582,no_feasible_candidate,,
VRPBLTW,583,no_feasible_candidate,,
VRPBLTW,584,no_feasible_candidate,,
VRPBLTW,585,no_feasible_candidate,,
VRPBLTW,586,no_feasible_candidate,,
VRPBLTW,587,no_feasible_candidate,,
VRPBLTW,588,ok,26.6834799004,18
VRPBLTW,589,no_feasible_candidate,,
VRPBLTW,590,ok,20.5699663909,17
VRPBLTW,591,no_feasible_candidate,,
VRPBLTW,592,no_feasible_candidate,,
VRPBLTW,593,no_feasible_candidate,,
VRPBLTW,594,ok,24.9476161227,19
VRPBLTW,595,no_feasible_candidate,,
VRPBLTW,596,no_feasible_candidate,,
VRPBLTW,597,no_feasible_candidate,,
VRPBLTW,598,no_feasible_candidate,,
VRPBLTW,599,no_feasible_candidate,,
VRPBLTW,600,no_feasible_candidate,,
VRPBLTW,601,no_feasible_candidate,,
VRPBLTW,602,no_feasible_candidate,,
VRPBLTW,603,no_feasible_candidate,,
VRPBLTW,604,no_feasible_candidate,,
VRPBLTW,605,no_feasible_candidate,,
VRPBLTW,606,no_feasible_candidate,,
VRPBLTW,607,no_feasible_candidate,,
VRPBLTW,608,no_feasible_candidate,,
VRPBLTW,609,no_feasible_candidate,,
VRPBLTW,610,no_feasible_candidate,,
VRPBLTW,611,no_feasible_candidate,,
VRPBLTW,612,ok,25.8246696831,16
VRPBLTW,613,no_feasible_candidate,,
VRPBLTW,614,no_feasible_candidate,,
VRPBLTW,615,ok,23.6495438428,17
VRPBLTW,616,no_feasible_candidate,,
VRPBLTW,617,ok,21.1200064350,17
VRPBLTW,618,no_feasible_candidate,,
VRPBLTW,619,no_feasible_candidate,,
VRPBLTW,620,no_feasible_candidate,,
VRPBLTW,621,ok,15.9373365432,17
VRPBLTW,622,no_feasible_candidate,,
VRPBLTW,623,no_feasible_candidate,,
VRPBLTW,624,no_feasible_candidate,,
VRPBLTW,625,no_feasible_candidate,,
VRPBLTW,626,no_feasible_candidate,,
VRPBLTW,627,no_feasible_candidate,,
VRPBLTW,628,no_feasible_candidate,,
VRPBLTW,629,no_feasible_candidate,,
VRPBLTW,630,no_feasible_candidate,,
VRPBLTW,631,no_feasible_candidate,,
VRPBLTW,632,ok,27.2297901483,18
VRPBLTW,633,no_feasible_candidate,,
VRPBLTW,634,ok,23.8365710983,18
VRPBLTW,635,ok,26.2981589158,18
VRPBLTW,636,no_feasible_candidate,,
VRPBLTW,637,no_feasible_candidate,,
VRPBLTW,638,ok,20.0431482938,17
VRPBLTW,639,no_feasible_candidate,,
VRPBLTW,640,no_feasible_candidate,,
VRPBLTW,641,no_feasible_candidate,,
VRPBLTW,642,ok,13.4289228161,13
VRPBLTW,643,no_feasible_candidate,,
VRPBLTW,644,no_feasible_candidate,,
VRPBLTW,645,no_feasible_candidate,,
VRPBLTW,646,ok,17.8054033427,15
VRPBLTW,647,ok,17.9002613681,15
VRPBLTW,648,ok,21.1729523441,17
VRPBLTW,649,no_feasible_candidate,,
VRPBLTW,650,no_feasible_candidate,,
VRPBLTW,651,no_feasible_candidate,,
VRPBLTW,652,no_feasible_candidate,,
VRPBLTW,653,no_feasible_candidate,,
VRPBLTW,654,no_feasible_candidate,,
VRPBLTW,655,no_feasible_candidate,,
VRPBLTW,656,no_feasible_candidate,,
VRPBLTW,657,no_feasible_candidate,,
VRPBLTW,658,no_feasible_candidate,,
VRPBLTW,659,no_feasible_candidate,,
VRPBLTW,660,no_feasible_candidate,,
VRPBLTW,661,no_feasible_candidate,,
VRPBLTW,662,no_feasible_candidate,,
VRPBLTW,663,no_feasible_candidate,,
VRPBLTW,664,no_feasible_candidate,,
VRPBLTW,665,no_feasible_candidate,,
VRPBLTW,666,no_feasible_candidate,,
VRPBLTW,667,no_feasible_candidate,,
VRPBLTW,668,no_feasible_candidate,,
VRPBLTW,669,no_feasible_candidate,,
VRPBLTW,670,no_feasible_candidate,,
VRPBLTW,671,no_feasible_candidate,,
VRPBLTW,672,no_feasible_candidate,,
VRPBLTW,673,no_feasible_candidate,,
VRPBLTW,674,no_feasible_candidate,,
VRPBLTW,675,no_feasible_candidate,,
VRPBLTW,676,no_feasible_candidate,,
VRPBLTW,677,no_feasible_candidate,,
VRPBLTW,678,no_feasible_candidate,,
VRPBLTW,679,no_feasible_candidate,,
VRPBLTW,680,no_feasible_candidate,,
VRPBLTW,681,no_feasible_candidate,,
VRPBLTW,682,no_feasible_candidate,,
VRPBLTW,683,no_feasible_candidate,,
VRPBLTW,684,no_feasible_candidate,,
VRPBLTW,685,no_feasible_candidate,,
VRPBLTW,686,ok,16.2396665526,15
VRPBLTW,687,no_feasible_candidate,,
VRPBLTW,688,no_feasible_candidate,,
VRPBLTW,689,no_feasible_candidate,,
VRPBLTW,690,no_feasible_candidate,,
VRPBLTW,691,no_feasible_candidate,,
VRPBLTW,692,no_feasible_candidate,,
VRPBLTW,693,ok,25.0700214149,17
VRPBLTW,694,no_feasible_candidate,,
VRPBLTW,695,no_feasible_candidate,,
VRPBLTW,696,ok,20.0218583587,15
VRPBLTW,697,no_feasible_candidate,,
VRPBLTW,698,no_feasible_candidate,,
VRPBLTW,699,no_feasible_candidate,,
VRPBLTW,700,no_feasible_candidate,,
VRPBLTW,701,no_feasible_candidate,,
VRPBLTW,702,no_feasible_candidate,,
VRPBLTW,703,no_feasible_candidate,,
VRPBLTW,704,no_feasible_candidate,,
VRPBLTW,705,ok,25.4665738026,17
VRPBLTW,706,no_feasible_candidate,,
VRPBLTW,707,no_feasible_candidate,,
VRPBLTW,708,ok,27.7263632907,21
VRPBLTW,709,ok,23.1040005518,20
VRPBLTW,710,no_feasible_candidate,,
VRPBLTW,711,no_feasible_candidate,,
VRPBLTW,712,no_feasible_candidate,,
VRPBLTW,713,ok,22.0343150779,17
VRPBLTW,714,no_feasible_candidate,,
VRPBLTW,715,no_feasible_candidate,,
VRPBLTW,716,ok,19.3563205238,15
VRPBLTW,717,no_feasible_candidate,,
VRPBLTW,718,no_feasible_candidate,,
VRPBLTW,719,ok,13.7338722894,13
VRPBLTW,720,no_feasible_candidate,,
VRPBLTW,721,no_feasible_candidate,,
VRPBLTW,722,no_feasible_candidate,,
VRPBLTW,723,no_feasible_candidate,,
VRPBLTW,724,no_feasible_candidate,,
VRPBLTW,725,no_feasible_candidate,,
VRPBLTW,726,no_feasible_candidate,,
VRPBLTW,727,no_feasible_candidate,,
VRPBLTW,728,no_feasible_candidate,,
VRPBLTW,729,ok,19.3653752143,14
VRPBLTW,730,no_feasible_candidate,,
VRPBLTW,731,no_feasible_candidate,,
VRPBLTW,732,ok,28.9036033936,18
VRPBLTW,733,no_feasible_candidate,,
VRPBLTW,734,no_feasible_candidate,,
VRPBLTW,735,no_feasible_candidate,,
VRPBLTW,736,ok,20.8489720255,19
VRPBLTW,737,no_feasible_candidate,,
VRPBLTW,738,no_feasible_candidate,,
VRPBLTW,739,no_feasible_candidate,,
VRPBLTW,740,no_feasible_candidate,,
VRPBLTW,741,ok,18.2923086121,16
VRPBLTW,742,no_feasible_candidate,,
VRPBLTW,743,no_feasible_candidate,,
VRPBLTW,744,no_feasible_candidate,,
VRPBLTW,745,no_feasible_candidate,,
VRPBLTW,746,no_feasible_candidate,,
VRPBLTW,747,ok,19.5659951875,15
VRPBLTW,748,no_feasible_candidate,,
VRPBLTW,749,no_feasible_candidate,,
VRPBLTW,750,no_feasible_candidate,,
VRPBLTW,751,no_feasible_candidate,,
VRPBLTW,752,no_feasible_candidate,,
VRPBLTW,753,no_feasible_candidate,,
VRPBLTW,754,no_feasible_candidate,,
VRPBLTW,755,no_feasible_candidate,,
VRPBLTW,756,no_feasible_candidate,,
VRPBLTW,757,ok,25.4390236270,19
VRPBLTW,758,no_feasible_candidate,,
VRPBLTW,759,no_feasible_candidate,,
VRPBLTW,760,no_feasible_candidate,,
VRPBLTW,761,no_feasible_candidate,,
VRPBLTW,762,no_feasible_candidate,,
VRPBLTW,763,no_feasible_candidate,,
VRPBLTW,764,no_feasible_candidate,,
VRPBLTW,765,no_feasible_candidate,,
VRPBLTW,766,ok,25.3434082994,21
VRPBLTW,767,no_feasible_candidate,,
VRPBLTW,768,no_feasible_candidate,,
VRPBLTW,769,no_feasible_candidate,,
VRPBLTW,770,no_feasible_candidate,,
VRPBLTW,771,no_feasible_candidate,,
VRPBLTW,772,no_feasible_candidate,,
VRPBLTW,773,ok,17.3275825645,19
VRPBLTW,774,no_feasible_candidate,,
VRPBLTW,775,no_feasible_candidate,,
VRPBLTW,776,ok,27.7564694377,19
VRPBLTW,777,no_feasible_candidate,,
VRPBLTW,778,no_feasible_candidate,,
VRPBLTW,779,ok,20.3554735655,17
VRPBLTW,780,no_feasible_candidate,,
VRPBLTW,781,no_feasible_candidate,,
VRPBLTW,782,ok,22.6738749083,16
VRPBLTW,783,ok,17.5372578768,17
VRPBLTW,784,no_feasible_candidate,,
VRPBLTW,785,no_feasible_candidate,,
VRPBLTW,786,ok,21.2193477328,18
VRPBLTW,787,no_feasible_candidate,,
VRPBLTW,788,no_feasible_candidate,,
VRPBLTW,789,no_feasible_candidate,,
VRPBLTW,790,ok,18.3590229628,18
VRPBLTW,791,ok,21.8971373434,15
VRPBLTW,792,no_feasible_candidate,,
VRPBLTW,793,no_feasible_candidate,,
VRPBLTW,794,no_feasible_candidate,,
VRPBLTW,795,no_feasible_candidate,,
VRPBLTW,796,no_feasible_candidate,,
VRPBLTW,797,no_feasible_candidate,,
VRPBLTW,798,no_feasible_candidate,,
VRPBLTW,799,no_feasible_candidate,,
VRPBLTW,800,no_feasible_candidate,,
VRPBLTW,801,no_feasible_candidate,,
VRPBLTW,802,ok,28.0271521732,16
VRPBLTW,803,no_feasible_candidate,,
VRPBLTW,804,no_feasible_candidate,,
VRPBLTW,805,no_feasible_candidate,,
VRPBLTW,806,no_feasible_candidate,,
VRPBLTW,807,no_feasible_candidate,,
VRPBLTW,808,no_feasible_candidate,,
VRPBLTW,809,ok,22.4616480025,20
VRPBLTW,810,no_feasible_candidate,,
VRPBLTW,811,no_feasible_candidate,,
VRPBLTW,812,no_feasible_candidate,,
VRPBLTW,813,no_feasible_candidate,,
VRPBLTW,814,no_feasible_candidate,,
VRPBLTW,815,ok,16.2947514394,16
VRPBLTW,816,no_feasible_candidate,,
VRPBLTW,817,no_feasible_candidate,,
VRPBLTW,818,no_feasible_candidate,,
VRPBLTW,819,no_feasible_candidate,,
VRPBLTW,820,no_feasible_candidate,,
VRPBLTW,821,ok,26.8586724525,19
VRPBLTW,822,no_feasible_candidate,,
VRPBLTW,823,no_feasible_candidate,,
VRPBLTW,824,no_feasible_candidate,,
VRPBLTW,825,no_feasible_candidate,,
VRPBLTW,826,no_feasible_candidate,,
VRPBLTW,827,no_feasible_candidate,,
VRPBLTW,828,ok,14.7710623822,14
VRPBLTW,829,no_feasible_candidate,,
VRPBLTW,830,no_feasible_candidate,,
VRPBLTW,831,no_feasible_candidate,,
VRPBLTW,832,ok,22.3630356247,16
VRPBLTW,833,no_feasible_candidate,,
VRPBLTW,834,no_feasible_candidate,,
VRPBLTW,835,no_feasible_candidate,,
VRPBLTW,836,no_feasible_candidate,,
VRPBLTW,837,no_feasible_candidate,,
VRPBLTW,838,no_feasible_candidate,,
VRPBLTW,839,no_feasible_candidate,,
VRPBLTW,840,ok,24.9398339813,21
VRPBLTW,841,no_feasible_candidate,,
VRPBLTW,842,no_feasible_candidate,,
VRPBLTW,843,no_feasible_candidate,,
VRPBLTW,844,no_feasible_candidate,,
VRPBLTW,845,no_feasible_candidate,,
VRPBLTW,846,no_feasible_candidate,,
VRPBLTW,847,no_feasible_candidate,,
VRPBLTW,848,no_feasible_candidate,,
VRPBLTW,849,no_feasible_candidate,,
VRPBLTW,850,no_feasible_candidate,,
VRPBLTW,851,no_feasible_candidate,,
VRPBLTW,852,no_feasible_candidate,,
VRPBLTW,853,no_feasible_candidate,,
VRPBLTW,854,ok,16.3872455311,18
VRPBLTW,855,no_feasible_candidate,,
VRPBLTW,856,no_feasible_candidate,,
VRPBLTW,857,no_feasible_candidate,,
VRPBLTW,858,no_feasible_candidate,,
VRPBLTW,859,no_feasible_candidate,,
VRPBLTW,860,no_feasible_candidate,,
VRPBLTW,861,ok,18.8989097233,16
VRPBLTW,862,no_feasible_candidate,,
VRPBLTW,863,no_feasible_candidate,,
VRPBLTW,864,no_feasible_candidate,,
VRPBLTW,865,no_feasible_candidate,,
VRPBLTW,866,no_feasible_candidate,,
VRPBLTW,867,no_feasible_candidate,,
VRPBLTW,868,no_feasible_candidate,,
VRPBLTW,869,no_feasible_candidate,,
VRPBLTW,870,ok,41.3001746085,24
VRPBLTW,871,no_feasible_candidate,,
VRPBLTW,872,no_feasible_candidate,,
VRPBLTW,873,no_feasible_candidate,,
VRPBLTW,874,no_feasible_candidate,,
VRPBLTW,875,no_feasible_candidate,,
VRPBLTW,876,no_feasible_candidate,,
VRPBLTW,877,no_feasible_candidate,,
VRPBLTW,878,no_feasible_candidate,,
VRPBLTW,879,no_feasible_candidate,,
VRPBLTW,880,ok,16.6526726209,16
VRPBLTW,881,no_feasible_candidate,,
VRPBLTW,882,no_feasible_candidate,,
VRPBLTW,883,ok,27.0648686181,18
VRPBLTW,884,no_feasible_candidate,,
VRPBLTW,885,ok,27.3875593965,18
VRPBLTW,886,no_feasible_candidate,,
VRPBLTW,887,no_feasible_candidate,,
VRPBLTW,888,no_feasible_candidate,,
VRPBLTW,889,ok,21.7106522301,17
VRPBLTW,890,ok,15.7615508249,16
VRPBLTW,891,no_feasible_candidate,,
VRPBLTW,892,no_feasible_candidate,,
VRPBLTW,893,no_feasible_candidate,,
VRPBLTW,894,no_feasible_candidate,,
VRPBLTW,895,no_feasible_candidate,,
VRPBLTW,896,no_feasible_candidate,,
VRPBLTW,897,no_feasible_candidate,,
VRPBLTW,898,no_feasible_candidate,,
VRPBLTW,899,ok,16.1644794185,15
VRPBLTW,900,no_feasible_candidate,,
VRPBLTW,901,no_feasible_candidate,,
VRPBLTW,902,no_feasible_candidate,,
VRPBLTW,903,no_feasible_candidate,,
VRPBLTW,904,no_feasible_candidate,,
VRPBLTW,905,no_feasible_candidate,,
VRPBLTW,906,no_feasible_candidate,,
VRPBLTW,907,no_feasible_candidate,,
VRPBLTW,908,no_feasible_candidate,,
VRPBLTW,909,no_feasible_candidate,,
VRPBLTW,910,no_feasible_candidate,,
VRPBLTW,911,no_feasible_candidate,,
VRPBLTW,912,no_feasible_candidate,,
VRPBLTW,913,no_feasible_candidate,,
VRPBLTW,914,no_feasible_candidate,,
VRPBLTW,915,no_feasible_candidate,,
VRPBLTW,916,no_feasible_candidate,,
VRPBLTW,917,no_feasible_candidate,,
VRPBLTW,918,ok,15.8177698634,16
VRPBLTW,919,no_feasible_candidate,,
VRPBLTW,920,no_feasible_candidate,,
VRPBLTW,921,no_feasible_candidate,,
VRPBLTW,922,no_feasible_candidate,,
VRPBLTW,923,no_feasible_candidate,,
VRPBLTW,924,no_feasible_candidate,,
VRPBLTW,925,no_feasible_candidate,,
VRPBLTW,926,no_feasible_candidate,,
VRPBLTW,927,ok,16.9461359784,14
VRPBLTW,928,no_feasible_candidate,,
VRPBLTW,929,ok,18.7934261532,16
VRPBLTW,930,no_feasible_candidate,,
VRPBLTW,931,no_feasible_candidate,,
VRPBLTW,932,ok,25.1897702112,19
VRPBLTW,933,no_feasible_candidate,,
VRPBLTW,934,ok,15.4691839035,16
VRPBLTW,935,no_feasible_candidate,,
VRPBLTW,936,no_feasible_candidate,,
VRPBLTW,937,no_feasible_candidate,,
VRPBLTW,938,ok,28.0507308098,17
VRPBLTW,939,no_feasible_candidate,,
VRPBLTW,940,no_feasible_candidate,,
VRPBLTW,941,no_feasible_candidate,,
VRPBLTW,942,no_feasible_candidate,,
VRPBLTW,943,no_feasible_candidate,,
VRPBLTW,944,ok,17.9243339889,16
VRPBLTW,945,no_feasible_candidate,,
VRPBLTW,946,no_feasible_candidate,,
VRPBLTW,947,no_feasible_candidate,,
VRPBLTW,948,no_feasible_candidate,,
VRPBLTW,949,ok,14.5858841115,16
VRPBLTW,950,no_feasible_candidate,,
VRPBLTW,951,no_feasible_candidate,,
VRPBLTW,952,no_feasible_candidate,,
VRPBLTW,953,no_feasible_candidate,,
VRPBLTW,954,ok,20.4630229933,19
VRPBLTW,955,no_feasible_candidate,,
VRPBLTW,956,no_feasible_candidate,,
VRPBLTW,957,no_feasible_candidate,,
VRPBLTW,958,ok,21.9986077411,17
VRPBLTW,959,no_feasible_candidate,,
VRPBLTW,960,no_feasible_candidate,,
VRPBLTW,961,no_feasible_candidate,,
VRPBLTW,962,ok,19.2381947288,18
VRPBLTW,963,no_feasible_candidate,,
VRPBLTW,964,no_feasible_candidate,,
VRPBLTW,965,no_feasible_candidate,,
VRPBLTW,966,ok,14.6678644432,14
VRPBLTW,967,no_feasible_candidate,,
VRPBLTW,968,no_feasible_candidate,,
VRPBLTW,969,no_feasible_candidate,,
VRPBLTW,970,no_feasible_candidate,,
VRPBLTW,971,no_feasible_candidate,,
VRPBLTW,972,no_feasible_candidate,,
VRPBLTW,973,no_feasible_candidate,,
VRPBLTW,974,no_feasible_candidate,,
VRPBLTW,975,no_feasible_candidate,,
VRPBLTW,976,no_feasible_candidate,,
VRPBLTW,977,ok,24.4294224381,18
VRPBLTW,978,no_feasible_candidate,,
VRPBLTW,979,no_feasible_candidate,,
VRPBLTW,980,no_feasible_candidate,,
VRPBLTW,981,no_feasible_candidate,,
VRPBLTW,982,no_feasible_candidate,,
VRPBLTW,983,ok,20.6025062094,18
VRPBLTW,984,ok,16.2671402200,15
VRPBLTW,985,no_feasible_candidate,,
VRPBLTW,986,no_feasible_candidate,,
VRPBLTW,987,no_feasible_candidate,,
VRPBLTW,988,no_feasible_candidate,,
VRPBLTW,989,ok,20.8513592867,16
VRPBLTW,990,no_feasible_candidate,,
VRPBLTW,991,no_feasible_candidate,,
VRPBLTW,992,no_feasible_candidate,,
VRPBLTW,993,no_feasible_candidate,,
VRPBLTW,994,no_feasible_candidate,,
VRPBLTW,995,no_feasible_candidate,,
VRPBLTW,996,ok,22.7596602402,18
VRPBLTW,997,no_feasible_candidate,,
VRPBLTW,998,no_feasible_candidate,,
VRPBLTW,999,no_feasible_candidate,,
OVRPBLTW,0,no_feasible_candidate,,
OVRPBLTW,1,no_feasible_candidate,,
OVRPBLTW,2,no_feasible_candidate,,
OVRPBLTW,3,ok,13.7865979696,17
OVRPBLTW,4,no_feasible_candidate,,
OVRPBLTW,5,no_feasible_candidate,,
OVRPBLTW,6,no_feasible_candidate,,
OVRPBLTW,7,no_feasible_candidate,,
OVRPBLTW,8,no_feasible_candidate,,
OVRPBLTW,9,ok,15.1495952446,16
OVRPBLTW,10,no_feasible_candidate,,
OVRPBLTW,11,no_feasible_candidate,,
OVRPBLTW,12,no_feasible_candidate,,
OVRPBLTW,13,no_feasible_candidate,,
OVRPBLTW,14,no_feasible_candidate,,
OVRPBLTW,15,no_feasible_candidate,,
OVRPBLTW,16,no_feasible_candidate,,
OVRPBLTW,17,no_feasible_candidate,,
OVRPBLTW,18,no_feasible_candidate,,
OVRPBLTW,19,ok,15.6338118737,18
OVRPBLTW,20,no_feasible_candidate,,
OVRPBLTW,21,no_feasible_candidate,,
OVRPBLTW,22,no_feasible_candidate,,
OVRPBLTW,23,no_feasible_candidate,,
OVRPBLTW,24,no_feasible_candidate,,
OVRPBLTW,25,ok,11.8669542015,18
OVRPBLTW,26,no_feasible_candidate,,
OVRPBLTW,27,no_feasible_candidate,,
OVRPBLTW,28,no_feasible_candidate,,
OVRPBLTW,29,no_feasible_candidate,,
OVRPBLTW,30,no_feasible_candidate,,
OVRPBLTW,31,no_feasible_candidate,,
OVRPBLTW,32,no_feasible_candidate,,
OVRPBLTW,33,no_feasible_candidate,,
OVRPBLTW,34,no_feasible_candidate,,
OVRPBLTW,35,ok,10.8051102807,20
OVRPBLTW,36,no_feasible_candidate,,
OVRPBLTW,37,no_feasible_candidate,,
OVRPBLTW,38,no_feasible_candidate,,
OVRPBLTW,39,no_feasible_candidate,,
OVRPBLTW,40,no_feasible_candidate,,
OVRPBLTW,41,ok,12.5012313702,20
OVRPBLTW,42,no_feasible_candidate,,
OVRPBLTW,43,no_feasible_candidate,,
OVRPBLTW,44,no_feasible_candidate,,
OVRPBLTW,45,no_feasible_candidate,,
OVRPBLTW,46,no_feasible_candidate,,
OVRPBLTW,47,no_feasible_candidate,,
OVRPBLTW,48,no_feasible_candidate,,
OVRPBLTW,49,no_feasible_candidate,,
OVRPBLTW,50,no_feasible_candidate,,
OVRPBLTW,51,ok,13.4909610139,17
OVRPBLTW,52,ok,11.9713226755,17
OVRPBLTW,53,no_feasible_candidate,,
OVRPBLTW,54,no_feasible_candidate,,
OVRPBLTW,55,no_feasible_candidate,,
OVRPBLTW,56,no_feasible_candidate,,
OVRPBLTW,57,ok,14.4155437098,17
OVRPBLTW,58,no_feasible_candidate,,
OVRPBLTW,59,no_feasible_candidate,,
OVRPBLTW,60,no_feasible_candidate,,
OVRPBLTW,61,no_feasible_candidate,,
OVRPBLTW,62,no_feasible_candidate,,
OVRPBLTW,63,no_feasible_candidate,,
OVRPBLTW,64,no_feasible_candidate,,
OVRPBLTW,65,no_feasible_candidate,,
OVRPBLTW,66,no_feasible_candidate,,
OVRPBLTW,67,no_feasible_candidate,,
OVRPBLTW,68,no_feasible_candidate,,
OVRPBLTW,69,no_feasible_candidate,,
OVRPBLTW,70,ok,10.7362587544,15
OVRPBLTW,71,ok,10.8975224528,16
OVRPBLTW,72,ok,11.7736422828,14
OVRPBLTW,73,no_feasible_candidate,,
OVRPBLTW,74,no_feasible_candidate,,
OVRPBLTW,75,no_feasible_candidate,,
OVRPBLTW,76,no_feasible_candidate,,
OVRPBLTW,77,no_feasible_candidate,,
OVRPBLTW,78,no_feasible_candidate,,
OVRPBLTW,79,no_feasible_candidate,,
OVRPBLTW,80,no_feasible_candidate,,
OVRPBLTW,81,ok,12.2762348978,16
OVRPBLTW,82,no_feasible_candidate,,
OVRPBLTW,83,no_feasible_candidate,,
OVRPBLTW,84,no_feasible_candidate,,
OVRPBLTW,85,no_feasible_candidate,,
OVRPBLTW,86,no_feasible_candidate,,
OVRPBLTW,87,no_feasible_candidate,,
OVRPBLTW,88,no_feasible_candidate,,
OVRPBLTW,89,ok,12.8090459987,17
OVRPBLTW,90,no_feasible_candidate,,
OVRPBLTW,91,ok,10.6786186666,18
OVRPBLTW,92,no_feasible_candidate,,
OVRPBLTW,93,no_feasible_candidate,,
OVRPBLTW,94,no_feasible_candidate,,
OVRPBLTW,95,no_feasible_candidate,,
OVRPBLTW,96,no_feasible_candidate,,
OVRPBLTW,97,no_feasible_candidate,,
OVRPBLTW,98,no_feasible_candidate,,
OVRPBLTW,99,ok,12.5077227184,15
OVRPBLTW,100,no_feasible_candidate,,
OVRPBLTW,101,ok,10.7365676728,15
OVRPBLTW,102,no_feasible_candidate,,
OVRPBLTW,103,no_feasible_candidate,,
OVRPBLTW,104,no_feasible_candidate,,
OVRPBLTW,105,ok,11.6588816163,17
OVRPBLTW,106,no_feasible_candidate,,
OVRPBLTW,107,no_feasible_candidate,,
OVRPBLTW,108,no_feasible_candidate,,
OVRPBLTW,109,ok,14.5093367148,19
OVRPBLTW,110,no_feasible_candidate,,
OVRPBLTW,111,no_feasible_candidate,,
OVRPBLTW,112,no_feasible_candidate,,
OVRPBLTW,113,no_feasible_candidate,,
OVRPBLTW,114,no_feasible_candidate,,
OVRPBLTW,115,no_feasible_candidate,,
OVRPBLTW,116,no_feasible_candidate,,
OVRPBLTW,117,no_feasible_candidate,,
OVRPBLTW,118,no_feasible_candidate,,
OVRPBLTW,119,no_feasible_candidate,,
OVRPBLTW,120,ok,13.5869264725,16
OVRPBLTW,121,no_feasible_candidate,,
OVRPBLTW,122,no_feasible_candidate,,
OVRPBLTW,123,ok,10.4642585896,14
OVRPBLTW,124,ok,12.0554385953,18
OVRPBLTW,125,ok,10.9871782775,17
OVRPBLTW,126,ok,8.5539511609,14
OVRPBLTW,127,ok,9.8875756776,17
OVRPBLTW,128,no_feasible_candidate,,
OVRPBLTW,129,ok,10.0913666711,15
OVRPBLTW,130,ok,11.7789721413,14
OVRPBLTW,131,no_feasible_candidate,,
OVRPBLTW,132,no_feasible_candidate,,
OVRPBLTW,133,no_feasible_candidate,,
OVRPBLTW,134,no_feasible_candidate,,
OVRPBLTW,135,ok,10.4101840907,17
OVRPBLTW,136,no_feasible_candidate,,
OVRPBLTW,137,no_feasible_candidate,,
OVRPBLTW,138,ok,11.6462076229,15
OVRPBLTW,139,no_feasible_candidate,,
OVRPBLTW,140,no_feasible_candidate,,
OVRPBLTW,141,no_feasible_candidate,,
OVRPBLTW,142,no_feasible_candidate,,
OVRPBLTW,143,ok,15.7868859583,16
OVRPBLTW,144,no_feasible_candidate,,
OVRPBLTW,145,no_feasible_candidate,,
OVRPBLTW,146,ok,10.8529958370,14
OVRPBLTW,147,no_feasible_candidate,,
OVRPBLTW,148,no_feasible_candidate,,
OVRPBLTW,149,no_feasible_candidate,,
OVRPBLTW,150,no_feasible_candidate,,
OVRPBLTW,151,no_feasible_candidate,,
OVRPBLTW,152,no_feasible_candidate,,
OVRPBLTW,153,no_feasible_candidate,,
OVRPBLTW,154,no_feasible_candidate,,
OVRPBLTW,155,ok,10.0585231619,15
OVRPBLTW,156,no_feasible_candidate,,
OVRPBLTW,157,ok,12.6694476375,17
OVRPBLTW,158,no_feasible_candidate,,
OVRPBLTW,159,ok,15.4034687793,19
OVRPBLTW,160,no_feasible_candidate,,
OVRPBLTW,161,ok,12.6838601330,17
OVRPBLTW,162,no_feasible_candidate,,
OVRPBLTW,163,no_feasible_candidate,,
OVRPBLTW,164,no_feasible_candidate,,
OVRPBLTW,165,no_feasible_candidate,,
OVRPBLTW,166,no_feasible_candidate,,
OVRPBLTW,167,no_feasible_candidate,,
OVRPBLTW,168,no_feasible_candidate,,
OVRPBLTW,169,no_feasible_candidate,,
OVRPBLTW,170,no_feasible_candidate,,
OVRPBLTW,171,no_feasible_candidate,,
OVRPBLTW,172,no_feasible_candidate,,
OVRPBLTW,173,no_feasible_candidate,,
OVRPBLTW,174,ok,12.0762593260,14
OVRPBLTW,175,no_feasible_candidate,,
OVRPBLTW,176,no_feasible_candidate,,
OVRPBLTW,177,no_feasible_candidate,,
OVRPBLTW,178,no_feasible_candidate,,
OVRPBLTW,179,no_feasible_candidate,,
OVRPBLTW,180,no_feasible_candidate,,
OVRPBLTW,181,no_feasible_candidate,,
OVRPBLTW,182,no_feasible_candidate,,
OVRPBLTW,183,ok,12.9552504599,17
OVRPBLTW,184,ok,13.3857525780,20
OVRPBLTW,185,no_feasible_candidate,,
OVRPBLTW,186,no_feasible_candidate,,
OVRPBLTW,187,no_feasible_candidate,,
OVRPBLTW,188,no_feasible_candidate,,
OVRPBLTW,189,no_feasible_candidate,,
OVRPBLTW,190,no_feasible_candidate,,
OVRPBLTW,191,ok,13.8923181837,18
OVRPBLTW,192,no_feasible_candidate,,
OVRPBLTW,193,no_feasible_candidate,,
OVRPBLTW,194,no_feasible_candidate,,
OVRPBLTW,195,no_feasible_candidate,,
OVRPBLTW,196,no_feasible_candidate,,
OVRPBLTW,197,ok,10.2161052899,21
OVRPBLTW,198,no_feasible_candidate,,
OVRPBLTW,199,no_feasible_candidate,,
OVRPBLTW,200,no_feasible_candidate,,
OVRPBLTW,201,ok,11.5919578315,18
OVRPBLTW,202,ok,8.6943826687,15
OVRPBLTW,203,no_feasible_candidate,,
OVRPBLTW,204,no_feasible_candidate,,
OVRPBLTW,205,no_feasible_candidate,,
OVRPBLTW,206,ok,14.5060516388,17
OVRPBLTW,207,no_feasible_candidate,,
OVRPBLTW,208,ok,12.6774630824,16
OVRPBLTW,209,no_feasible_candidate,,
OVRPBLTW,210,no_feasible_candidate,,
OVRPBLTW,211,no_feasible_candidate,,
OVRPBLTW,212,no_feasible_candidate,,
OVRPBLTW,213,no_feasible_candidate,,
OVRPBLTW,214,ok,11.3609455071,16
OVRPBLTW,215,no_feasible_candidate,,
OVRPBLTW,216,no_feasible_candidate,,
OVRPBLTW,217,ok,11.6159817258,17
OVRPBLTW,218,no_feasible_candidate,,
OVRPBLTW,219,ok,10.4284903397,16
OVRPBLTW,220,no_feasible_candidate,,
OVRPBLTW,221,no_feasible_candidate,,
OVRPBLTW,222,no_feasible_candidate,,
OVRPBLTW,223,no_feasible_candidate,,
OVRPBLTW,224,no_feasible_candidate,,
OVRPBLTW,225,no_feasible_candidate,,
OVRPBLTW,226,no_feasible_candidate,,
OVRPBLTW,227,no_feasible_candidate,,
OVRPBLTW,228,no_feasible_candidate,,
OVRPBLTW,229,no_feasible_candidate,,
OVRPBLTW,230,no_feasible_candidate,,
OVRPBLTW,231,ok,11.4784123068,17
OVRPBLTW,232,ok,14.4306011352,17
OVRPBLTW,233,no_feasible_candidate,,
OVRPBLTW,234,no_feasible_candidate,,
OVRPBLTW,235,no_feasible_candidate,,
OVRPBLTW,236,no_feasible_candidate,,
OVRPBLTW,237,no_feasible_candidate,,
OVRPBLTW,238,no_feasible_candidate,,
OVRPBLTW,239,ok,10.7293105806,16
OVRPBLTW,240,no_feasible_candidate,,
OVRPBLTW,241,ok,10.6644237681,19
OVRPBLTW,242,no_feasible_candidate,,
OVRPBLTW,243,no_feasible_candidate,,
OVRPBLTW,244,no_feasible_candidate,,
OVRPBLTW,245,no_feasible_candidate,,
OVRPBLTW,246,no_feasible_candidate,,
OVRPBLTW,247,no_feasible_candidate,,
OVRPBLTW,248,no_feasible_candidate,,
OVRPBLTW,249,ok,9.1441257476,16
OVRPBLTW,250,no_feasible_candidate,,
OVRPBLTW,251,no_feasible_candidate,,
OVRPBLTW,252,ok,17.1021769066,22
OVRPBLTW,253,no_feasible_candidate,,
OVRPBLTW,254,no_feasible_candidate,,
OVRPBLTW,255,no_feasible_candidate,,
OVRPBLTW,256,no_feasible_candidate,,
OVRPBLTW,257,no_feasible_candidate,,
OVRPBLTW,258,no_feasible_candidate,,
OVRPBLTW,259,no_feasible_candidate,,
OVRPBLTW,260,ok,9.9420434608,18
OVRPBLTW,261,no_feasible_candidate,,
OVRPBLTW,262,no_feasible_candidate,,
OVRPBLTW,263,ok,9.8253598269,16
OVRPBLTW,264,no_feasible_candidate,,
OVRPBLTW,265,ok,12.2770805116,21
OVRPBLTW,266,no_feasible_candidate,,
OVRPBLTW,267,no_feasible_candidate,,
OVRPBLTW,268,no_feasible_candidate,,
OVRPBLTW,269,no_feasible_candidate,,
OVRPBLTW,270,no_feasible_candidate,,
OVRPBLTW,271,no_feasible_candidate,,
OVRPBLTW,272,no_feasible_candidate,,
OVRPBLTW,273,no_feasible_candidate,,
OVRPBLTW,274,no_feasible_candidate,,
OVRPBLTW,275,no_feasible_candidate,,
OVRPBLTW,276,no_feasible_candidate,,
OVRPBLTW,277,no_feasible_candidate,,
OVRPBLTW,278,no_feasible_candidate,,
OVRPBLTW,279,no_feasible_candidate,,
OVRPBLTW,280,ok,13.3091320525,17
OVRPBLTW,281,no_feasible_candidate,,
OVRPBLTW,282,no_feasible_candidate,,
OVRPBLTW,283,no_feasible_candidate,,
OVRPBLTW,284,no_feasible_candidate,,
OVRPBLTW,285,no_feasible_candidate,,
OVRPBLTW,286,no_feasible_candidate,,
OVRPBLTW,287,ok,10.8089741370,16
OVRPBLTW,288,no_feasible_candidate,,
OVRPBLTW,289,no_feasible_candidate,,
OVRPBLTW,290,no_feasible_candidate,,
OVRPBLTW,291,ok,11.0299570441,20
OVRPBLTW,292,no_feasible_candidate,,
OVRPBLTW,293,no_feasible_candidate,,
OVRPBLTW,294,no_feasible_candidate,,
OVRPBLTW,295,no_feasible_candidate,,
OVRPBLTW,296,no_feasible_candidate,,
OVRPBLTW,297,ok,14.8945731915,18
OVRPBLTW,298,no_feasible_candidate,,
OVRPBLTW,299,no_feasible_candidate,,
OVRPBLTW,300,no_feasible_candidate,,
OVRPBLTW,301,no_feasible_candidate,,
OVRPBLTW,302,no_feasible_candidate,,
OVRPBLTW,303,no_feasible_candidate,,
OVRPBLTW,304,no_feasible_candidate,,
OVRPBLTW,305,no_feasible_candidate,,
OVRPBLTW,306,no_feasible_candidate,,
OVRPBLTW,307,no_feasible_candidate,,
OVRPBLTW,308,no_feasible_candidate,,
OVRPBLTW,309,no_feasible_candidate,,
OVRPBLTW,310,ok,13.0190310237,15
OVRPBLTW,311,ok,9.4552255135,17
OVRPBLTW,312,no_feasible_candidate,,
OVRPBLTW,313,no_feasible_candidate,,
OVRPBLTW,314,no_feasible_candidate,,
OVRPBLTW,315,ok,11.9019247035,17
OVRPBLTW,316,no_feasible_candidate,,
OVRPBLTW,317,no_feasible_candidate,,
OVRPBLTW,318,no_feasible_candidate,,
OVRPBLTW,319,no_feasible_candidate,,
OVRPBLTW,320,no_feasible_candidate,,
OVRPBLTW,321,no_feasible_candidate,,
OVRPBLTW,322,no_feasible_candidate,,
OVRPBLTW,323,no_feasible_candidate,,
OVRPBLTW,324,ok,10.1063703397,18
OVRPBLTW,325,no_feasible_candidate,,
OVRPBLTW,326,no_feasible_candidate,,
OVRPBLTW,327,no_feasible_candidate,,
OVRPBLTW,328,no_feasible_candidate,,
OVRPBLTW,329,ok,10.0992952439,18
OVRPBLTW,330,no_feasible_candidate,,
OVRPBLTW,331,no_feasible_candidate,,
OVRPBLTW,332,no_feasible_candidate,,
OVRPBLTW,333,no_feasible_candidate,,
OVRPBLTW,334,no_feasible_candidate,,
OVRPBLTW,335,no_feasible_candidate,,
OVRPBLTW,336,ok,11.0006653174,20
OVRPBLTW,337,ok,13.1946898870,16
OVRPBLTW,338,no_feasible_candidate,,
OVRPBLTW,339,ok,11.0895998024,15
OVRPBLTW,340,no_feasible_candidate,,
OVRPBLTW,341,ok,10.2337180585,16
OVRPBLTW,342,no_feasible_candidate,,
OVRPBLTW,343,no_feasible_candidate,,
OVRPBLTW,344,ok,11.6022745203,13
OVRPBLTW,345,no_feasible_candidate,,
OVRPBLTW,346,no_feasible_candidate,,
OVRPBLTW,347,no_feasible_candidate,,
OVRPBLTW,348,no_feasible_candidate,,
OVRPBLTW,349,no_feasible_candidate,,
OVRPBLTW,350,no_feasible_candidate,,
OVRPBLTW,351,no_feasible_candidate,,
OVRPBLTW,352,ok,11.1685123796,14
OVRPBLTW,353,no_feasible_candidate,,
OVRPBLTW,354,no_feasible_candidate,,
OVRPBLTW,355,no_feasible_candidate,,
OVRPBLTW,356,no_feasible_candidate,,
OVRPBLTW,357,ok,13.7514649353,17
OVRPBLTW,358,no_feasible_candidate,,
OVRPBLTW,359,no_feasible_candidate,,
OVRPBLTW,360,no_feasible_candidate,,
OVRPBLTW,361,no_feasible_candidate,,
OVRPBLTW,362,no_feasible_candidate,,
OVRPBLTW,363,no_feasible_candidate,,
OVRPBLTW,364,no_feasible_candidate,,
OVRPBLTW,365,no_feasible_candidate,,
OVRPBLTW,366,ok,14.3305351920,19
OVRPBLTW,367,ok,13.8631781714,19
OVRPBLTW,368,ok,9.8357124508,16
OVRPBLTW,369,no_feasible_candidate,,
OVRPBLTW,370,ok,12.6707844212,17
OVRPBLTW,371,no_feasible_candidate,,
OVRPBLTW,372,no_feasible_candidate,,
OVRPBLTW,373,ok,10.9840571973,16
OVRPBLTW,374,no_feasible_candidate,,
OVRPBLTW,375,no_feasible_candidate,,
OVRPBLTW,376,no_feasible_candidate,,
OVRPBLTW,377,no_feasible_candidate,,
OVRPBLTW,378,no_feasible_candidate,,
OVRPBLTW,379,no_feasible_candidate,,
OVRPBLTW,380,no_feasible_candidate,,
OVRPBLTW,381,ok,11.6470039274,18
OVRPBLTW,382,ok,14.7410368191,18
OVRPBLTW,383,no_feasible_candidate,,
OVRPBLTW,384,no_feasible_candidate,,
OVRPBLTW,385,no_feasible_candidate,,
OVRPBLTW,386,ok,11.7054848844,18
OVRPBLTW,387,no_feasible_candidate,,
OVRPBLTW,388,no_feasible_candidate,,
OVRPBLTW,389,ok,11.7761832689,17
OVRPBLTW,390,no_feasible_candidate,,
OVRPBLTW,391,no_feasible_candidate,,
OVRPBLTW,392,no_feasible_candidate,,
OVRPBLTW,393,no_feasible_candidate,,
OVRPBLTW,394,no_feasible_candidate,,
OVRPBLTW,395,no_feasible_candidate,,
OVRPBLTW,396,no_feasible_candidate,,
OVRPBLTW,397,ok,10.4811001104,16
OVRPBLTW,398,no_feasible_candidate,,
OVRPBLTW,399,no_feasible_candidate,,
OVRPBLTW,400,ok,13.3029089319,19
OVRPBLTW,401,no_feasible_candidate,,
OVRPBLTW,402,ok,10.8076022204,18
OVRPBLTW,403,ok,12.8485308205,15
OVRPBLTW,404,ok,9.9174039419,19
OVRPBLTW,405,ok,13.6295054811,18
OVRPBLTW,406,no_feasible_candidate,,
OVRPBLTW,407,ok,11.2044160720,16
OVRPBLTW,408,no_feasible_candidate,,
OVRPBLTW,409,no_feasible_candidate,,
OVRPBLTW,410,no_feasible_candidate,,
OVRPBLTW,411,no_feasible_candidate,,
OVRPBLTW,412,no_feasible_candidate,,
OVRPBLTW,413,no_feasible_candidate,,
OVRPBLTW,414,no_feasible_candidate,,
OVRPBLTW,415,no_feasible_candidate,,
OVRPBLTW,416,ok,15.7396192221,18
OVRPBLTW,417,no_feasible_candidate,,
OVRPBLTW,418,no_feasible_candidate,,
OVRPBLTW,419,ok,9.9517328319,17
OVRPBLTW,420,no_feasible_candidate,,
OVRPBLTW,421,no_feasible_candidate,,
OVRPBLTW,422,ok,12.0064581179,16
OVRPBLTW,423,no_feasible_candidate,,
OVRPBLTW,424,ok,10.3626033617,14
OVRPBLTW,425,no_feasible_candidate,,
OVRPBLTW,426,no_feasible_candidate,,
OVRPBLTW,427,no_feasible_candidate,,
OVRPBLTW,428,no_feasible_candidate,,
OVRPBLTW,429,no_feasible_candidate,,
OVRPBLTW,430,no_feasible_candidate,,
OVRPBLTW,431,no_feasible_candidate,,
OVRPBLTW,432,no_feasible_candidate,,
OVRPBLTW,433,ok,11.8622060963,17
OVRPBLTW,434,no_feasible_candidate,,
OVRPBLTW,435,no_feasible_candidate,,
OVRPBLTW,436,no_feasible_candidate,,
OVRPBLTW,437,ok,10.8740798583,18
OVRPBLTW,438,no_feasible_candidate,,
OVRPBLTW,439,no_feasible_candidate,,
OVRPBLTW,440,no_feasible_candidate,,
OVRPBLTW,441,no_feasible_candidate,,
OVRPBLTW,442,no_feasible_candidate,,
OVRPBLTW,443,no_feasible_candidate,,
OVRPBLTW,444,no_feasible_candidate,,
OVRPBLTW,445,ok,12.7077138310,15
OVRPBLTW,446,ok,9.6850954547,15
OVRPBLTW,447,no_feasible_candidate,,
OVRPBLTW,448,no_feasible_candidate,,
OVRPBLTW,449,no_feasible_candidate,,
OVRPBLTW,450,no_feasible_candidate,,
OVRPBLTW,451,no_feasible_candidate,,
OVRPBLTW,452,no_feasible_candidate,,
OVRPBLTW,453,no_feasible_candidate,,
OVRPBLTW,454,no_feasible_candidate,,
OVRPBLTW,455,no_feasible_candidate,,
OVRPBLTW,456,ok,10.5973209659,17
OVRPBLTW,457,no_feasible_candidate,,
OVRPBLTW,458,no_feasible_candidate,,
OVRPBLTW,459,no_feasible_candidate,,
OVRPBLTW,460,no_feasible_candidate,,
OVRPBLTW,461,no_feasible_candidate,,
OVRPBLTW,462,ok,11.5337427898,17
OVRPBLTW,463,no_feasible_candidate,,
OVRPBLTW,464,no_feasible_candidate,,
OVRPBLTW,465,no_feasible_candidate,,
OVRPBLTW,466,no_feasible_candidate,,
OVRPBLTW,467,no_feasible_candidate,,
OVRPBLTW,468,no_feasible_candidate,,
OVRPBLTW,469,no_feasible_candidate,,
OVRPBLTW,470,no_feasible_candidate,,
OVRPBLTW,471,ok,11.5784474487,14
OVRPBLTW,472,no_feasible_candidate,,
OVRPBLTW,473,no_feasible_candidate,,
OVRPBLTW,474,no_feasible_candidate,,
OVRPBLTW,475,no_feasible_candidate,,
OVRPBLTW,476,no_feasible_candidate,,
OVRPBLTW,477,no_feasible_candidate,,
OVRPBLTW,478,no_feasible_candidate,,
OVRPBLTW,479,no_feasible_candidate,,
OVRPBLTW,480,no_feasible_candidate,,
OVRPBLTW,481,no_feasible_candidate,,
OVRPBLTW,482,no_feasible_candidate,,
OVRPBLTW,483,no_feasible_candidate,,
OVRPBLTW,484,no_feasible_candidate,,
OVRPBLTW,485,ok,12.7407962702,18
OVRPBLTW,486,no_feasible_candidate,,
OVRPBLTW,487,ok,11.4214576394,18
OVRPBLTW,488,no_feasible_candidate,,
OVRPBLTW,489,no_feasible_candidate,,
OVRPBLTW,490,no_feasible_candidate,,
OVRPBLTW,491,no_feasible_candidate,,
OVRPBLTW,492,no_feasible_candidate,,
OVRPBLTW,493,no_feasible_candidate,,
OVRPBLTW,494,no_feasible_candidate,,
OVRPBLTW,495,no_feasible_candidate,,
OVRPBLTW,496,no_feasible_candidate,,
OVRPBLTW,497,no_feasible_candidate,,
OVRPBLTW,498,no_feasible_candidate,,
OVRPBLTW,499,ok,14.8861388775,20
OVRPBLTW,500,no_feasible_candidate,,
OVRPBLTW,501,no_feasible_candidate,,
OVRPBLTW,502,no_feasible_candidate,,
OVRPBLTW,503,no_feasible_candidate,,
OVRPBLTW,504,no_feasible_candidate,,
OVRPBLTW,505,no_feasible_candidate,,
OVRPBLTW,506,no_feasible_candidate,,
OVRPBLTW,507,no_feasible_candidate,,
OVRPBLTW,508,no_feasible_candidate,,
OVRPBLTW,509,no_feasible_candidate,,
OVRPBLTW,510,ok,10.4075611937,15
OVRPBLTW,511,no_feasible_candidate,,
OVRPBLTW,512,no_feasible_candidate,,
OVRPBLTW,513,ok,13.0749623838,20
OVRPBLTW,514,no_feasible_candidate,,
OVRPBLTW,515,no_feasible_candidate,,
OVRPBLTW,516,no_feasible_candidate,,
OVRPBLTW,517,no_feasible_candidate,,
OVRPBLTW,518,no_feasible_candidate,,
OVRPBLTW,519,no_feasible_candidate,,
OVRPBLTW,520,no_feasible_candidate,,
OVRPBLTW,521,no_feasible_candidate,,
OVRPBLTW,522,no_feasible_candidate,,
OVRPBLTW,523,no_feasible_candidate,,
OVRPBLTW,524,no_feasible_candidate,,
OVRPBLTW,525,no_feasible_candidate,,
OVRPBLTW,526,no_feasible_candidate,,
OVRPBLTW,527,ok,12.3132460391,15
OVRPBLTW,528,no_feasible_candidate,,
OVRPBLTW,529,no_feasible_candidate,,
OVRPBLTW,530,ok,14.4362906610,19
OVRPBLTW,531,no_feasible_candidate,,
OVRPBLTW,532,ok,10.6726889698,16
OVRPBLTW,533,no_feasible_candidate,,
OVRPBLTW,534,ok,11.3466673585,16
OVRPBLTW,535,no_feasible_candidate,,
OVRPBLTW,536,no_feasible_candidate,,
OVRPBLTW,537,no_feasible_candidate,,
OVRPBLTW,538,no_feasible_candidate,,
OVRPBLTW,539,no_feasible_candidate,,
OVRPBLTW,540,no_feasible_candidate,,
OVRPBLTW,541,no_feasible_candidate,,
OVRPBLTW,542,no_feasible_candidate,,
OVRPBLTW,543,no_feasible_candidate,,
OVRPBLTW,544,no_feasible_candidate,,
OVRPBLTW,545,no_feasible_candidate,,
OVRPBLTW,546,no_feasible_candidate,,
OVRPBLTW,547,ok,11.4858238683,18
OVRPBLTW,548,no_feasible_candidate,,
OVRPBLTW,549,no_feasible_candidate,,
OVRPBLTW,550,ok,11.3289217244,18
OVRPBLTW,551,ok,10.1079014364,14
OVRPBLTW,552,no_feasible_candidate,,
OVRPBLTW,553,no_feasible_candidate,,
OVRPBLTW,554,no_feasible_candidate,,
OVRPBLTW,555,no_feasible_candidate,,
OVRPBLTW,556,no_feasible_candidate,,
OVRPBLTW,557,no_feasible_candidate,,
OVRPBLTW,558,no_feasible_candidate,,
OVRPBLTW,559,no_feasible_candidate,,
OVRPBLTW,560,no_feasible_candidate,,
OVRPBLTW,561,ok,11.8329265005,20
OVRPBLTW,562,ok,12.3936125977,18
OVRPBLTW,563,no_feasible_candidate,,
OVRPBLTW,564,no_feasible_candidate,,
OVRPBLTW,565,no_feasible_candidate,,
OVRPBLTW,566,no_feasible_candidate,,
OVRPBLTW,567,no_feasible_candidate,,
OVRPBLTW,568,no_feasible_candidate,,
OVRPBLTW,569,no_feasible_candidate,,
OVRPBLTW,570,no_feasible_candidate,,
OVRPBLTW,571,ok,11.1051858367,16
OVRPBLTW,572,no_feasible_candidate,,
OVRPBLTW,573,no_feasible_candidate,,
OVRPBLTW,574,no_feasible_candidate,,
OVRPBLTW,575,no_feasible_candidate,,
OVRPBLTW,576,no_feasible_candidate,,
OVRPBLTW,577,no_feasible_candidate,,
OVRPBLTW,578,no_feasible_candidate,,
OVRPBLTW,579,ok,11.0986413839,21
OVRPBLTW,580,no_feasible_candidate,,
OVRPBLTW,581,no_feasible_candidate,,
OVRPBLTW,582,ok,13.2041133669,15
OVRPBLTW,583,ok,12.4735058513,17
OVRPBLTW,584,no_feasible_candidate,,
OVRPBLTW,585,no_feasible_candidate,,
OVRPBLTW,586,no_feasible_candidate,,
OVRPBLTW,587,no_feasible_candidate,,
OVRPBLTW,588,no_feasible_candidate,,
OVRPBLTW,589,no_feasible_candidate,,
OVRPBLTW,590,ok,11.1203660708,18
OVRPBLTW,591,ok,11.1555992297,16
OVRPBLTW,592,no_feasible_candidate,,
OVRPBLTW,593,no_feasible_candidate,,
OVRPBLTW,594,ok,14.3794007225,18
OVRPBLTW,595,no_feasible_candidate,,
OVRPBLTW,596,no_feasible_candidate,,
OVRPBLTW,597,no_feasible_candidate,,
OVRPBLTW,598,no_feasible_candidate,,
OVRPBLTW,599,ok,12.4108070238,16
OVRPBLTW,600,no_feasible_candidate,,
OVRPBLTW,601,ok,11.3915579747,18
OVRPBLTW,602,no_feasible_candidate,,
OVRPBLTW,603,ok,13.0836431945,16
OVRPBLTW,604,ok,13.1647015071,16
OVRPBLTW,605,ok,10.7228842108,17
OVRPBLTW,606,no_feasible_candidate,,
OVRPBLTW,607,no_feasible_candidate,,
OVRPBLTW,608,no_feasible_candidate,,
OVRPBLTW,609,ok,10.5443168917,17
OVRPBLTW,610,no_feasible_candidate,,
OVRPBLTW,611,ok,10.8578374921,18
OVRPBLTW,612,ok,10.9084307074,18
OVRPBLTW,613,ok,14.4285463029,21
OVRPBLTW,614,no_feasible_candidate,,
OVRPBLTW,615,no_feasible_candidate,,
OVRPBLTW,616,no_feasible_candidate,,
OVRPBLTW,617,ok,15.7183794163,18
OVRPBLTW,618,ok,11.3865699346,18
OVRPBLTW,619,no_feasible_candidate,,
OVRPBLTW,620,no_feasible_candidate,,
OVRPBLTW,621,no_feasible_candidate,,
OVRPBLTW,622,no_feasible_candidate,,
OVRPBLTW,623,no_feasible_candidate,,
OVRPBLTW,624,ok,16.5795052012,18
OVRPBLTW,625,no_feasible_candidate,,
OVRPBLTW,626,no_feasible_candidate,,
OVRPBLTW,627,ok,11.7045802287,16
OVRPBLTW,628,no_feasible_candidate,,
OVRPBLTW,629,no_feasible_candidate,,
OVRPBLTW,630,no_feasible_candidate,,
OVRPBLTW,631,no_feasible_candidate,,
OVRPBLTW,632,ok,11.0631100880,17
OVRPBLTW,633,no_feasible_candidate,,
OVRPBLTW,634,no_feasible_candidate,,
OVRPBLTW,635,no_feasible_candidate,,
OVRPBLTW,636,no_feasible_candidate,,
OVRPBLTW,637,ok,9.6643138297,16
OVRPBLTW,638,no_feasible_candidate,,
OVRPBLTW,639,no_feasible_candidate,,
OVRPBLTW,640,no_feasible_candidate,,
OVRPBLTW,641,no_feasible_candidate,,
OVRPBLTW,642,ok,15.5573660195,19
OVRPBLTW,643,no_feasible_candidate,,
OVRPBLTW,644,no_feasible_candidate,,
OVRPBLTW,645,no_feasible_candidate,,
OVRPBLTW,646,ok,13.3144242775,15
OVRPBLTW,647,no_feasible_candidate,,
OVRPBLTW,648,no_feasible_candidate,,
OVRPBLTW,649,no_feasible_candidate,,
OVRPBLTW,650,no_feasible_candidate,,
OVRPBLTW,651,no_feasible_candidate,,
OVRPBLTW,652,no_feasible_candidate,,
OVRPBLTW,653,no_feasible_candidate,,
OVRPBLTW,654,no_feasible_candidate,,
OVRPBLTW,655,no_feasible_candidate,,
OVRPBLTW,656,no_feasible_candidate,,
OVRPBLTW,657,no_feasible_candidate,,
OVRPBLTW,658,no_feasible_candidate,,
OVRPBLTW,659,no_feasible_candidate,,
OVRPBLTW,660,no_feasible_candidate,,
OVRPBLTW,661,no_feasible_candidate,,
OVRPBLTW,662,no_feasible_candidate,,
OVRPBLTW,663,no_feasible_candidate,,
OVRPBLTW,664,no_feasible_candidate,,
OVRPBLTW,665,no_feasible_candidate,,
OVRPBLTW,666,no_feasible_candidate,,
OVRPBLTW,667,ok,13.5959710277,19
OVRPBLTW,668,no_feasible_candidate,,
OVRPBLTW,669,no_feasible_candidate,,
OVRPBLTW,670,no_feasible_candidate,,
OVRPBLTW,671,no_feasible_candidate,,
OVRPBLTW,672,no_feasible_candidate,,
OVRPBLTW,673,no_feasible_candidate,,
OVRPBLTW,674,no_feasible_candidate,,
OVRPBLTW,675,no_feasible_candidate,,
OVRPBLTW,676,no_feasible_candidate,,
OVRPBLTW,677,no_feasible_candidate,,
OVRPBLTW,678,ok,13.6804103338,15
OVRPBLTW,679,no_feasible_candidate,,
OVRPBLTW,680,no_feasible_candidate,,
OVRPBLTW,681,no_feasible_candidate,,
OVRPBLTW,682,ok,11.8995255350,19
OVRPBLTW,683,ok,14.7222583668,17
OVRPBLTW,684,no_feasible_candidate,,
OVRPBLTW,685,no_feasible_candidate,,
OVRPBLTW,686,ok,10.1064901243,16
OVRPBLTW,687,no_feasible_candidate,,
OVRPBLTW,688,no_feasible_candidate,,
OVRPBLTW,689,ok,9.2122740819,13
OVRPBLTW,690,no_feasible_candidate,,
OVRPBLTW,691,no_feasible_candidate,,
OVRPBLTW,692,ok,9.5684234711,16
OVRPBLTW,693,no_feasible_candidate,,
OVRPBLTW,694,no_feasible_candidate,,
OVRPBLTW,695,no_feasible_candidate,,
OVRPBLTW,696,no_feasible_candidate,,
OVRPBLTW,697,no_feasible_candidate,,
OVRPBLTW,698,no_feasible_candidate,,
OVRPBLTW,699,no_feasible_candidate,,
OVRPBLTW,700,no_feasible_candidate,,
OVRPBLTW,701,no_feasible_candidate,,
OVRPBLTW,702,no_feasible_candidate,,
OVRPBLTW,703,no_feasible_candidate,,
OVRPBLTW,704,no_feasible_candidate,,
OVRPBLTW,705,no_feasible_candidate,,
OVRPBLTW,706,no_feasible_candidate,,
OVRPBLTW,707,ok,9.9228297563,15
OVRPBLTW,708,no_feasible_candidate,,
OVRPBLTW,709,no_feasible_candidate,,
OVRPBLTW,710,ok,18.0376956328,20
OVRPBLTW,711,no_feasible_candidate,,
OVRPBLTW,712,no_feasible_candidate,,
OVRPBLTW,713,no_feasible_candidate,,
OVRPBLTW,714,no_feasible_candidate,,
OVRPBLTW,715,no_feasible_candidate,,
OVRPBLTW,716,ok,10.8920418470,16
OVRPBLTW,717,no_feasible_candidate,,
OVRPBLTW,718,no_feasible_candidate,,
OVRPBLTW,719,ok,13.3102106863,19
OVRPBLTW,720,no_feasible_candidate,,
OVRPBLTW,721,no_feasible_candidate,,
OVRPBLTW,722,no_feasible_candidate,,
OVRPBLTW,723,ok,12.9962830795,17
OVRPBLTW,724,ok,10.1194734526,19
OVRPBLTW,725,no_feasible_candidate,,
OVRPBLTW,726,ok,12.6936235647,19
OVRPBLTW,727,no_feasible_candidate,,
OVRPBLTW,728,no_feasible_candidate,,
OVRPBLTW,729,no_feasible_candidate,,
OVRPBLTW,730,no_feasible_candidate,,
OVRPBLTW,731,no_feasible_candidate,,
OVRPBLTW,732,no_feasible_candidate,,
OVRPBLTW,733,no_feasible_candidate,,
OVRPBLTW,734,no_feasible_candidate,,
OVRPBLTW,735,ok,10.5688091504,15
OVRPBLTW,736,ok,11.5166050468,16
OVRPBLTW,737,no_feasible_candidate,,
OVRPBLTW,738,no_feasible_candidate,,
OVRPBLTW,739,ok,11.7771082554,18
OVRPBLTW,740,no_feasible_candidate,,
OVRPBLTW,741,no_feasible_candidate,,
OVRPBLTW,742,ok,15.2523420249,19
OVRPBLTW,743,no_feasible_candidate,,
OVRPBLTW,744,no_feasible_candidate,,
OVRPBLTW,745,no_feasible_candidate,,
OVRPBLTW,746,no_feasible_candidate,,
OVRPBLTW,747,no_feasible_candidate,,
OVRPBLTW,748,no_feasible_candidate,,
OVRPBLTW,749,no_feasible_candidate,,
OVRPBLTW,750,no_feasible_candidate,,
OVRPBLTW,751,no_feasible_candidate,,
OVRPBLTW,752,no_feasible_candidate,,
OVRPBLTW,753,no_feasible_candidate,,
OVRPBLTW,754,ok,12.5812535214,18
OVRPBLTW,755,no_feasible_candidate,,
OVRPBLTW,756,no_feasible_candidate,,
OVRPBLTW,757,no_feasible_candidate,,
OVRPBLTW,758,no_feasible_candidate,,
OVRPBLTW,759,no_feasible_candidate,,
OVRPBLTW,760,no_feasible_candidate,,
OVRPBLTW,761,no_feasible_candidate,,
OVRPBLTW,762,no_feasible_candidate,,
OVRPBLTW,763,no_feasible_candidate,,
OVRPBLTW,764,ok,14.4576991936,16
OVRPBLTW,765,no_feasible_candidate,,
OVRPBLTW,766,no_feasible_candidate,,
OVRPBLTW,767,no_feasible_candidate,,
OVRPBLTW,768,ok,13.6872024556,19
OVRPBLTW,769,no_feasible_candidate,,
OVRPBLTW,770,no_feasible_candidate,,
OVRPBLTW,771,ok,11.9657974286,17
OVRPBLTW,772,no_feasible_candidate,,
OVRPBLTW,773,no_feasible_candidate,,
OVRPBLTW,774,no_feasible_candidate,,
OVRPBLTW,775,no_feasible_candidate,,
OVRPBLTW,776,no_feasible_candidate,,
OVRPBLTW,777,no_feasible_candidate,,
OVRPBLTW,778,no_feasible_candidate,,
OVRPBLTW,779,no_feasible_candidate,,
OVRPBLTW,780,no_feasible_candidate,,
OVRPBLTW,781,no_feasible_candidate,,
OVRPBLTW,782,ok,13.3280224258,19
OVRPBLTW,783,no_feasible_candidate,,
OVRPBLTW,784,no_feasible_candidate,,
OVRPBLTW,785,no_feasible_candidate,,
OVRPBLTW,786,ok,14.2224095128,18
OVRPBLTW,787,no_feasible_candidate,,
OVRPBLTW,788,no_feasible_candidate,,
OVRPBLTW,789,no_feasible_candidate,,
OVRPBLTW,790,no_feasible_candidate,,
OVRPBLTW,791,no_feasible_candidate,,
OVRPBLTW,792,ok,10.9949525231,18
OVRPBLTW,793,no_feasible_candidate,,
OVRPBLTW,794,ok,14.6128610244,18
OVRPBLTW,795,ok,10.0946086207,15
OVRPBLTW,796,no_feasible_candidate,,
OVRPBLTW,797,no_feasible_candidate,,
OVRPBLTW,798,no_feasible_candidate,,
OVRPBLTW,799,ok,12.8482115193,16
OVRPBLTW,800,no_feasible_candidate,,
OVRPBLTW,801,ok,9.8625088105,17
OVRPBLTW,802,ok,9.8392182366,15
OVRPBLTW,803,ok,11.7271760318,17
OVRPBLTW,804,ok,10.9223022143,18
OVRPBLTW,805,ok,14.8251117685,18
OVRPBLTW,806,no_feasible_candidate,,
OVRPBLTW,807,no_feasible_candidate,,
OVRPBLTW,808,no_feasible_candidate,,
OVRPBLTW,809,no_feasible_candidate,,
OVRPBLTW,810,no_feasible_candidate,,
OVRPBLTW,811,no_feasible_candidate,,
OVRPBLTW,812,no_feasible_candidate,,
OVRPBLTW,813,no_feasible_candidate,,
OVRPBLTW,814,no_feasible_candidate,,
OVRPBLTW,815,ok,15.6010968883,21
OVRPBLTW,816,no_feasible_candidate,,
OVRPBLTW,817,no_feasible_candidate,,
OVRPBLTW,818,ok,11.9113419669,18
OVRPBLTW,819,no_feasible_candidate,,
OVRPBLTW,820,ok,9.5468927169,14
OVRPBLTW,821,no_feasible_candidate,,
OVRPBLTW,822,ok,10.5451836336,17
OVRPBLTW,823,no_feasible_candidate,,
OVRPBLTW,824,no_feasible_candidate,,
OVRPBLTW,825,no_feasible_candidate,,
OVRPBLTW,826,no_feasible_candidate,,
OVRPBLTW,827,ok,10.7144002169,18
OVRPBLTW,828,no_feasible_candidate,,
OVRPBLTW,829,no_feasible_candidate,,
OVRPBLTW,830,no_feasible_candidate,,
OVRPBLTW,831,no_feasible_candidate,,
OVRPBLTW,832,no_feasible_candidate,,
OVRPBLTW,833,no_feasible_candidate,,
OVRPBLTW,834,no_feasible_candidate,,
OVRPBLTW,835,ok,11.7620376139,19
OVRPBLTW,836,no_feasible_candidate,,
OVRPBLTW,837,no_feasible_candidate,,
OVRPBLTW,838,no_feasible_candidate,,
OVRPBLTW,839,ok,16.3897036623,17
OVRPBLTW,840,no_feasible_candidate,,
OVRPBLTW,841,no_feasible_candidate,,
OVRPBLTW,842,no_feasible_candidate,,
OVRPBLTW,843,no_feasible_candidate,,
OVRPBLTW,844,no_feasible_candidate,,
OVRPBLTW,845,no_feasible_candidate,,
OVRPBLTW,846,no_feasible_candidate,,
OVRPBLTW,847,ok,12.0195962379,18
OVRPBLTW,848,no_feasible_candidate,,
OVRPBLTW,849,no_feasible_candidate,,
OVRPBLTW,850,no_feasible_candidate,,
OVRPBLTW,851,no_feasible_candidate,,
OVRPBLTW,852,no_feasible_candidate,,
OVRPBLTW,853,ok,12.4007700298,15
OVRPBLTW,854,no_feasible_candidate,,
OVRPBLTW,855,no_feasible_candidate,,
OVRPBLTW,856,no_feasible_candidate,,
OVRPBLTW,857,no_feasible_candidate,,
OVRPBLTW,858,no_feasible_candidate,,
OVRPBLTW,859,no_feasible_candidate,,
OVRPBLTW,860,no_feasible_candidate,,
OVRPBLTW,861,no_feasible_candidate,,
OVRPBLTW,862,no_feasible_candidate,,
OVRPBLTW,863,no_feasible_candidate,,
OVRPBLTW,864,no_feasible_candidate,,
OVRPBLTW,865,no_feasible_candidate,,
OVRPBLTW,866,no_feasible_candidate,,
OVRPBLTW,867,no_feasible_candidate,,
OVRPBLTW,868,no_feasible_candidate,,
OVRPBLTW,869,no_feasible_candidate,,
OVRPBLTW,870,no_feasible_candidate,,
OVRPBLTW,871,no_feasible_candidate,,
OVRPBLTW,872,no_feasible_candidate,,
OVRPBLTW,873,no_feasible_candidate,,
OVRPBLTW,874,no_feasible_candidate,,
OVRPBLTW,875,no_feasible_candidate,,
OVRPBLTW,876,no_feasible_candidate,,
OVRPBLTW,877,no_feasible_candidate,,
OVRPBLTW,878,no_feasible_candidate,,
OVRPBLTW,879,no_feasible_candidate,,
OVRPBLTW,880,no_feasible_candidate,,
OVRPBLTW,881,no_feasible_candidate,,
OVRPBLTW,882,no_feasible_candidate,,
OVRPBLTW,883,no_feasible_candidate,,
OVRPBLTW,884,no_feasible_candidate,,
OVRPBLTW,885,ok,11.0694352524,17
OVRPBLTW,886,no_feasible_candidate,,
OVRPBLTW,887,no_feasible_candidate,,
OVRPBLTW,888,no_feasible_candidate,,
OVRPBLTW,889,no_feasible_candidate,,
OVRPBLTW,890,ok,11.0254234730,18
OVRPBLTW,891,no_feasible_candidate,,
OVRPBLTW,892,no_feasible_candidate,,
OVRPBLTW,893,ok,12.1693474659,18
OVRPBLTW,894,ok,13.1315389649,19
OVRPBLTW,895,no_feasible_candidate,,
OVRPBLTW,896,no_feasible_candidate,,
OVRPBLTW,897,no_feasible_candidate,,
OVRPBLTW,898,no_feasible_candidate,,
OVRPBLTW,899,no_feasible_candidate,,
OVRPBLTW,900,no_feasible_candidate,,
OVRPBLTW,901,no_feasible_candidate,,
OVRPBLTW,902,no_feasible_candidate,,
OVRPBLTW,903,no_feasible_candidate,,
OVRPBLTW,904,no_feasible_candidate,,
OVRPBLTW,905,no_feasible_candidate,,
OVRPBLTW,906,no_feasible_candidate,,
OVRPBLTW,907,no_feasible_candidate,,
OVRPBLTW,908,no_feasible_candidate,,
OVRPBLTW,909,ok,11.3250942109,15
OVRPBLTW,910,no_feasible_candidate,,
OVRPBLTW,911,no_feasible_candidate,,
OVRPBLTW,912,ok,11.0347262732,19
OVRPBLTW,913,no_feasible_candidate,,
OVRPBLTW,914,no_feasible_candidate,,
OVRPBLTW,915,no_feasible_candidate,,
OVRPBLTW,916,no_feasible_candidate,,
OVRPBLTW,917,no_feasible_candidate,,
OVRPBLTW,918,no_feasible_candidate,,
OVRPBLTW,919,no_feasible_candidate,,
OVRPBLTW,920,no_feasible_candidate,,
OVRPBLTW,921,ok,8.8623432184,15
OVRPBLTW,922,no_feasible_candidate,,
OVRPBLTW,923,ok,10.6583595519,16
OVRPBLTW,924,no_feasible_candidate,,
OVRPBLTW,925,ok,13.5080942441,21
OVRPBLTW,926,no_feasible_candidate,,
OVRPBLTW,927,no_feasible_candidate,,
OVRPBLTW,928,ok,9.2627182110,15
OVRPBLTW,929,no_feasible_candidate,,
OVRPBLTW,930,no_feasible_candidate,,
OVRPBLTW,931,ok,13.9399339931,17
OVRPBLTW,932,no_feasible_candidate,,
OVRPBLTW,933,no_feasible_candidate,,
OVRPBLTW,934,ok,15.1784612257,18
OVRPBLTW,935,no_feasible_candidate,,
OVRPBLTW,936,no_feasible_candidate,,
OVRPBLTW,937,no_feasible_candidate,,
OVRPBLTW,938,no_feasible_candidate,,
OVRPBLTW,939,no_feasible_candidate,,
OVRPBLTW,940,no_feasible_candidate,,
OVRPBLTW,941,no_feasible_candidate,,
OVRPBLTW,942,no_feasible_candidate,,
OVRPBLTW,943,ok,11.2737464247,17
OVRPBLTW,944,no_feasible_candidate,,
OVRPBLTW,945,no_feasible_candidate,,
OVRPBLTW,946,ok,10.4985275307,16
OVRPBLTW,947,no_feasible_candidate,,
OVRPBLTW,948,ok,15.9688539570,19
OVRPBLTW,949,no_feasible_candidate,,
OVRPBLTW,950,no_feasible_candidate,,
OVRPBLTW,951,no_feasible_candidate,,
OVRPBLTW,952,no_feasible_candidate,,
OVRPBLTW,953,no_feasible_candidate,,
OVRPBLTW,954,no_feasible_candidate,,
OVRPBLTW,955,no_feasible_candidate,,
OVRPBLTW,956,no_feasible_candidate,,
OVRPBLTW,957,no_feasible_candidate,,
OVRPBLTW,958,no_feasible_candidate,,
OVRPBLTW,959,no_feasible_candidate,,
OVRPBLTW,960,no_feasible_candidate,,
OVRPBLTW,961,no_feasible_candidate,,
OVRPBLTW,962,no_feasible_candidate,,
OVRPBLTW,963,no_feasible_candidate,,
OVRPBLTW,964,no_feasible_candidate,,
OVRPBLTW,965,ok,15.2585808744,19
OVRPBLTW,966,no_feasible_candidate,,
OVRPBLTW,967,no_feasible_candidate,,
OVRPBLTW,968,no_feasible_candidate,,
OVRPBLTW,969,no_feasible_candidate,,
OVRPBLTW,970,no_feasible_candidate,,
OVRPBLTW,971,no_feasible_candidate,,
OVRPBLTW,972,no_feasible_candidate,,
OVRPBLTW,973,ok,13.9807423588,17
OVRPBLTW,974,no_feasible_candidate,,
OVRPBLTW,975,no_feasible_candidate,,
OVRPBLTW,976,no_feasible_candidate,,
OVRPBLTW,977,no_feasible_candidate,,
OVRPBLTW,978,no_feasible_candidate,,
OVRPBLTW,979,no_feasible_candidate,,
OVRPBLTW,980,ok,12.2891091753,19
OVRPBLTW,981,ok,14.0713715402,17
OVRPBLTW,982,no_feasible_candidate,,
OVRPBLTW,983,no_feasible_candidate,,
OVRPBLTW,984,no_feasible_candidate,,
OVRPBLTW,985,no_feasible_candidate,,
OVRPBLTW,986,no_feasible_candidate,,
OVRPBLTW,987,no_feasible_candidate,,
OVRPBLTW,988,no_feasible_candidate,,
OVRPBLTW,989,no_feasible_candidate,,
OVRPBLTW,990,no_feasible_candidate,,
OVRPBLTW,991,no_feasible_candidate,,
OVRPBLTW,992,no_feasible_candidate,,
OVRPBLTW,993,no_feasible_candidate,,
OVRPBLTW,994,no_feasible_candidate,,
OVRPBLTW,995,no_feasible_candidate,,
OVRPBLTW,996,no_feasible_candidate,,
OVRPBLTW,997,ok,10.8521763724,14
OVRPBLTW,998,ok,14.9218727946,19
OVRPBLTW,999,no_feasible_candidate,,
