There are 1254656 (1.25 million) parameters in this neural network
Epoch    1/5000: score=13.807667 loss=-2.236380 valid=1.0000 routes=11.350 grad=6.4381 seconds=15.4
Epoch    2/5000: score=12.877946 loss=-1.574205 valid=1.0000 routes=10.503 grad=4.3708 seconds=14.4
Epoch    3/5000: score=12.017991 loss=-1.269901 valid=1.0000 routes=9.917 grad=4.1236 seconds=14.6
Epoch    4/5000: score=12.122581 loss=-1.156129 valid=1.0000 routes=9.982 grad=4.4919 seconds=14.5
Epoch    5/5000: score=12.267877 loss=-1.090968 valid=1.0000 routes=9.926 grad=4.7362 seconds=14.5
Epoch    6/5000: score=11.587658 loss=-1.002687 valid=1.0000 routes=9.072 grad=4.1513 seconds=14.5
Epoch    7/5000: score=12.011611 loss=-0.990587 valid=1.0000 routes=9.834 grad=4.8193 seconds=14.4
Epoch    8/5000: score=12.040347 loss=-0.996923 valid=1.0000 routes=9.435 grad=4.9793 seconds=14.6
Epoch    9/5000: score=11.908684 loss=-0.938732 valid=1.0000 routes=9.818 grad=5.1110 seconds=14.5
Epoch   10/5000: score=11.590203 loss=-0.897104 valid=1.0000 routes=9.399 grad=4.7914 seconds=14.4
Epoch   11/5000: score=12.057984 loss=-0.934080 valid=1.0000 routes=9.751 grad=4.7716 seconds=14.5
Epoch   12/5000: score=11.812032 loss=-0.894522 valid=1.0000 routes=9.560 grad=4.5454 seconds=14.5
Epoch   13/5000: score=11.708435 loss=-0.876508 valid=1.0000 routes=9.412 grad=4.6470 seconds=14.5
Epoch   14/5000: score=11.614126 loss=-0.821965 valid=1.0000 routes=9.357 grad=4.4637 seconds=14.4
Epoch   15/5000: score=11.815187 loss=-0.842581 valid=1.0000 routes=9.555 grad=4.7319 seconds=14.4
Epoch   16/5000: score=11.511547 loss=-0.798763 valid=1.0000 routes=9.698 grad=4.9008 seconds=14.5
Epoch   17/5000: score=11.184787 loss=-0.734775 valid=1.0000 routes=8.955 grad=4.2289 seconds=14.7
Epoch   18/5000: score=11.903183 loss=-0.734599 valid=1.0000 routes=9.301 grad=4.4804 seconds=14.4
Epoch   19/5000: score=11.233572 loss=-0.678710 valid=1.0000 routes=8.990 grad=4.0126 seconds=14.4
Epoch   20/5000: score=11.060812 loss=-0.656139 valid=1.0000 routes=9.479 grad=4.2782 seconds=14.5
Epoch   21/5000: score=11.208373 loss=-0.633620 valid=1.0000 routes=9.132 grad=3.9521 seconds=14.5
Epoch   22/5000: score=11.474702 loss=-0.624749 valid=1.0000 routes=9.499 grad=4.1992 seconds=14.3
Epoch   23/5000: score=11.534722 loss=-0.617217 valid=1.0000 routes=9.547 grad=4.1878 seconds=14.4
Epoch   24/5000: score=10.888619 loss=-0.579937 valid=1.0000 routes=9.181 grad=3.9280 seconds=14.4
Epoch   25/5000: score=11.733654 loss=-0.598777 valid=1.0000 routes=9.620 grad=4.1945 seconds=14.3
Epoch   26/5000: score=11.199016 loss=-0.567543 valid=1.0000 routes=8.745 grad=3.9528 seconds=14.3
Epoch   27/5000: score=11.345856 loss=-0.555015 valid=1.0000 routes=8.928 grad=3.9159 seconds=14.3
Epoch   28/5000: score=11.110728 loss=-0.539246 valid=1.0000 routes=9.400 grad=3.9850 seconds=14.2
Epoch   29/5000: score=11.048334 loss=-0.511930 valid=1.0000 routes=9.428 grad=3.7536 seconds=14.3
Epoch   30/5000: score=11.352277 loss=-0.534877 valid=1.0000 routes=8.983 grad=4.0637 seconds=14.4
Epoch   31/5000: score=11.587221 loss=-0.523997 valid=1.0000 routes=9.281 grad=3.9537 seconds=14.2
Epoch   32/5000: score=11.657227 loss=-0.539221 valid=1.0000 routes=9.004 grad=4.0041 seconds=14.4
Epoch   33/5000: score=11.589105 loss=-0.526011 valid=1.0000 routes=9.309 grad=4.0675 seconds=14.4
Epoch   34/5000: score=10.808484 loss=-0.478927 valid=1.0000 routes=8.942 grad=3.4188 seconds=14.3
Epoch   35/5000: score=10.863599 loss=-0.469236 valid=1.0000 routes=8.496 grad=3.2716 seconds=14.3
Epoch   36/5000: score=10.917861 loss=-0.474704 valid=1.0000 routes=9.031 grad=3.4975 seconds=14.4
Epoch   37/5000: score=11.136042 loss=-0.485662 valid=1.0000 routes=9.333 grad=3.7317 seconds=14.3
Epoch   38/5000: score=11.066514 loss=-0.471600 valid=1.0000 routes=9.105 grad=3.5489 seconds=14.3
>> Invalid instances, Re-generating ...
Epoch   39/5000: score=11.503803 loss=-0.498575 valid=1.0000 routes=9.346 grad=3.9170 seconds=14.5
Epoch   40/5000: score=11.526851 loss=-0.487552 valid=1.0000 routes=9.412 grad=3.8818 seconds=14.4
Epoch   41/5000: score=11.236156 loss=-0.488510 valid=1.0000 routes=9.443 grad=3.8469 seconds=14.4
Epoch   42/5000: score=11.469665 loss=-0.496145 valid=1.0000 routes=9.007 grad=3.9584 seconds=14.3
Epoch   43/5000: score=11.165956 loss=-0.476391 valid=1.0000 routes=9.238 grad=3.7041 seconds=14.4
Epoch   44/5000: score=11.211521 loss=-0.473360 valid=1.0000 routes=9.498 grad=3.6561 seconds=14.5
Epoch   45/5000: score=11.137819 loss=-0.457793 valid=1.0000 routes=9.204 grad=3.6186 seconds=14.4
Epoch   46/5000: score=11.055364 loss=-0.469676 valid=1.0000 routes=9.274 grad=3.5985 seconds=14.4
Epoch   47/5000: score=11.438624 loss=-0.467299 valid=1.0000 routes=8.965 grad=3.6601 seconds=14.4
Epoch   48/5000: score=11.555661 loss=-0.489188 valid=1.0000 routes=9.591 grad=4.0081 seconds=14.5
Epoch   49/5000: score=10.974384 loss=-0.452777 valid=1.0000 routes=9.162 grad=3.4865 seconds=14.4
Epoch   50/5000: score=10.844445 loss=-0.433030 valid=1.0000 routes=8.806 grad=3.2664 seconds=14.4
Epoch   51/5000: score=11.250384 loss=-0.459572 valid=1.0000 routes=9.245 grad=3.7314 seconds=14.5
Epoch   52/5000: score=10.950599 loss=-0.434110 valid=1.0000 routes=9.414 grad=3.3509 seconds=14.5
Epoch   53/5000: score=11.131215 loss=-0.445094 valid=1.0000 routes=9.006 grad=3.5973 seconds=14.4
Epoch   54/5000: score=11.582573 loss=-0.476994 valid=1.0000 routes=9.526 grad=3.9608 seconds=14.4
Epoch   55/5000: score=11.219146 loss=-0.455767 valid=1.0000 routes=9.264 grad=3.6026 seconds=14.3
Epoch   56/5000: score=11.057312 loss=-0.434524 valid=1.0000 routes=9.206 grad=3.4413 seconds=14.5
Epoch   57/5000: score=11.314624 loss=-0.440077 valid=1.0000 routes=8.878 grad=3.4652 seconds=14.5
Epoch   58/5000: score=10.987490 loss=-0.429086 valid=1.0000 routes=9.136 grad=3.3524 seconds=14.5
Epoch   59/5000: score=10.914674 loss=-0.413170 valid=1.0000 routes=8.591 grad=3.0958 seconds=14.6
Epoch   60/5000: score=10.889227 loss=-0.413873 valid=1.0000 routes=9.289 grad=3.2799 seconds=14.4
Epoch   61/5000: score=10.682734 loss=-0.398095 valid=1.0000 routes=8.584 grad=2.9232 seconds=14.4
Epoch   62/5000: score=10.999300 loss=-0.411004 valid=1.0000 routes=9.031 grad=3.1876 seconds=14.4
Epoch   63/5000: score=11.133131 loss=-0.436804 valid=1.0000 routes=9.157 grad=3.4590 seconds=14.4
Epoch   64/5000: score=11.123869 loss=-0.427581 valid=1.0000 routes=9.313 grad=3.5049 seconds=14.5
Epoch   65/5000: score=11.377005 loss=-0.431818 valid=1.0000 routes=9.161 grad=3.4621 seconds=14.3
Epoch   66/5000: score=10.979825 loss=-0.424626 valid=1.0000 routes=9.098 grad=3.4374 seconds=14.4
Epoch   67/5000: score=11.193555 loss=-0.417629 valid=1.0000 routes=8.797 grad=3.3713 seconds=14.2
Epoch   68/5000: score=10.833860 loss=-0.409356 valid=1.0000 routes=8.964 grad=3.1101 seconds=14.3
Epoch   69/5000: score=11.405903 loss=-0.436502 valid=1.0000 routes=9.592 grad=3.7209 seconds=14.5
Epoch   70/5000: score=11.031737 loss=-0.408954 valid=1.0000 routes=9.165 grad=3.3009 seconds=14.2
Epoch   71/5000: score=10.869144 loss=-0.400100 valid=1.0000 routes=9.168 grad=3.1683 seconds=14.3
Epoch   72/5000: score=10.925357 loss=-0.394581 valid=1.0000 routes=9.114 grad=3.0673 seconds=14.2
Epoch   73/5000: score=11.396437 loss=-0.433587 valid=1.0000 routes=9.546 grad=3.5716 seconds=14.3
Epoch   74/5000: score=11.082578 loss=-0.411529 valid=1.0000 routes=9.079 grad=3.3346 seconds=14.3
Epoch   75/5000: score=11.214047 loss=-0.423143 valid=1.0000 routes=9.764 grad=3.7190 seconds=14.3
Epoch   76/5000: score=11.486106 loss=-0.420593 valid=1.0000 routes=9.585 grad=3.5593 seconds=14.3
Epoch   77/5000: score=11.011643 loss=-0.401135 valid=1.0000 routes=9.278 grad=3.3070 seconds=14.3
Epoch   78/5000: score=10.451757 loss=-0.383187 valid=1.0000 routes=8.890 grad=2.9557 seconds=14.3
Epoch   79/5000: score=11.565598 loss=-0.424496 valid=1.0000 routes=8.976 grad=3.5989 seconds=14.3
Epoch   80/5000: score=11.940261 loss=-0.438803 valid=1.0000 routes=9.716 grad=3.8103 seconds=14.4
Epoch   81/5000: score=10.897027 loss=-0.386433 valid=1.0000 routes=8.783 grad=2.9909 seconds=14.3
Epoch   82/5000: score=11.133042 loss=-0.390118 valid=1.0000 routes=9.044 grad=3.1401 seconds=14.2
Epoch   83/5000: score=10.988768 loss=-0.396314 valid=1.0000 routes=9.193 grad=3.3278 seconds=14.3
Epoch   84/5000: score=11.164192 loss=-0.398551 valid=1.0000 routes=9.204 grad=3.2985 seconds=14.3
Epoch   85/5000: score=11.415068 loss=-0.404351 valid=1.0000 routes=9.330 grad=3.4871 seconds=14.4
Epoch   86/5000: score=10.991943 loss=-0.393011 valid=1.0000 routes=9.138 grad=3.3403 seconds=14.2
Epoch   87/5000: score=11.241153 loss=-0.397365 valid=1.0000 routes=9.248 grad=3.2756 seconds=14.5
Epoch   88/5000: score=11.024591 loss=-0.388844 valid=1.0000 routes=9.180 grad=3.2342 seconds=14.4
Epoch   89/5000: score=11.292657 loss=-0.403346 valid=1.0000 routes=8.992 grad=3.4478 seconds=14.4
Epoch   90/5000: score=11.046498 loss=-0.389924 valid=1.0000 routes=8.845 grad=3.1741 seconds=14.5
Epoch   91/5000: score=11.210916 loss=-0.400915 valid=1.0000 routes=9.387 grad=3.4423 seconds=14.5
Epoch   92/5000: score=10.849467 loss=-0.382881 valid=1.0000 routes=9.039 grad=3.1609 seconds=14.6
Epoch   93/5000: score=11.124284 loss=-0.396248 valid=1.0000 routes=9.256 grad=3.4150 seconds=14.5
Epoch   94/5000: score=11.098775 loss=-0.389854 valid=1.0000 routes=9.271 grad=3.3410 seconds=14.6
Epoch   95/5000: score=10.809045 loss=-0.382100 valid=1.0000 routes=9.248 grad=3.2599 seconds=14.6
Epoch   96/5000: score=11.100374 loss=-0.372294 valid=1.0000 routes=9.050 grad=3.1628 seconds=14.6
Epoch   97/5000: score=10.888013 loss=-0.369797 valid=1.0000 routes=8.643 grad=3.0900 seconds=14.5
Epoch   98/5000: score=11.170260 loss=-0.374432 valid=1.0000 routes=9.634 grad=3.2828 seconds=14.3
Epoch   99/5000: score=11.526848 loss=-0.394203 valid=1.0000 routes=9.509 grad=3.4714 seconds=14.2
Epoch  100/5000: score=11.423834 loss=-0.402020 valid=1.0000 routes=9.414 grad=3.5760 seconds=14.3
Epoch  101/5000: score=11.311840 loss=-0.395761 valid=1.0000 routes=9.370 grad=3.4345 seconds=14.3
Epoch  102/5000: score=10.942090 loss=-0.385039 valid=1.0000 routes=8.708 grad=3.2339 seconds=14.6
Epoch  103/5000: score=11.137673 loss=-0.377467 valid=1.0000 routes=9.007 grad=3.2385 seconds=14.4
Epoch  104/5000: score=10.895713 loss=-0.369333 valid=1.0000 routes=9.414 grad=3.1684 seconds=14.4
Epoch  105/5000: score=11.127585 loss=-0.378434 valid=1.0000 routes=9.260 grad=3.4303 seconds=14.4
Epoch  106/5000: score=11.041024 loss=-0.364804 valid=1.0000 routes=8.890 grad=3.1811 seconds=14.5
Epoch  107/5000: score=10.776837 loss=-0.367251 valid=1.0000 routes=8.929 grad=3.2577 seconds=14.5
Epoch  108/5000: score=11.587018 loss=-0.389944 valid=1.0000 routes=9.616 grad=3.5963 seconds=14.5
Epoch  109/5000: score=11.052638 loss=-0.381826 valid=1.0000 routes=9.324 grad=3.4749 seconds=14.5
Epoch  110/5000: score=11.348672 loss=-0.379496 valid=1.0000 routes=9.228 grad=3.3511 seconds=14.6
Epoch  111/5000: score=11.189364 loss=-0.375728 valid=1.0000 routes=8.893 grad=3.2153 seconds=14.5
Epoch  112/5000: score=11.160278 loss=-0.384875 valid=1.0000 routes=9.056 grad=3.4806 seconds=14.6
Epoch  113/5000: score=10.877800 loss=-0.364864 valid=1.0000 routes=9.317 grad=3.1233 seconds=14.4
Epoch  114/5000: score=10.610359 loss=-0.351800 valid=1.0000 routes=9.236 grad=2.9491 seconds=14.4
Epoch  115/5000: score=11.188470 loss=-0.380250 valid=1.0000 routes=9.132 grad=3.4262 seconds=14.6
Epoch  116/5000: score=10.910028 loss=-0.375013 valid=1.0000 routes=8.930 grad=3.3285 seconds=14.7
Epoch  117/5000: score=10.751919 loss=-0.354095 valid=1.0000 routes=8.834 grad=3.0511 seconds=14.6
Epoch  118/5000: score=11.302259 loss=-0.377158 valid=1.0000 routes=9.307 grad=3.4562 seconds=14.5
Epoch  119/5000: score=11.604375 loss=-0.387481 valid=1.0000 routes=9.645 grad=3.6489 seconds=14.4
Epoch  120/5000: score=10.981569 loss=-0.354243 valid=1.0000 routes=8.772 grad=3.1457 seconds=14.5
Epoch  121/5000: score=11.358925 loss=-0.365983 valid=1.0000 routes=9.069 grad=3.3055 seconds=14.5
Epoch  122/5000: score=11.214645 loss=-0.367754 valid=1.0000 routes=9.086 grad=3.3227 seconds=14.5
Epoch  123/5000: score=10.935189 loss=-0.365626 valid=1.0000 routes=9.188 grad=3.3052 seconds=14.6
Epoch  124/5000: score=11.237926 loss=-0.364694 valid=1.0000 routes=8.891 grad=3.1787 seconds=14.4
Epoch  125/5000: score=11.307691 loss=-0.372448 valid=1.0000 routes=9.309 grad=3.5454 seconds=14.5
Epoch  126/5000: score=11.370369 loss=-0.371126 valid=1.0000 routes=9.453 grad=3.3983 seconds=14.6
Epoch  127/5000: score=11.271275 loss=-0.363567 valid=1.0000 routes=9.342 grad=3.3541 seconds=14.6
Epoch  128/5000: score=10.805185 loss=-0.360191 valid=1.0000 routes=9.489 grad=3.2736 seconds=14.5
Epoch  129/5000: score=10.833753 loss=-0.349488 valid=1.0000 routes=8.849 grad=3.1247 seconds=14.5
Epoch  130/5000: score=11.210954 loss=-0.369801 valid=1.0000 routes=9.199 grad=3.3114 seconds=14.5
Epoch  131/5000: score=11.332826 loss=-0.362156 valid=1.0000 routes=9.203 grad=3.3877 seconds=14.3
Epoch  132/5000: score=10.973778 loss=-0.362297 valid=1.0000 routes=8.927 grad=3.2081 seconds=14.4
Epoch  133/5000: score=11.264584 loss=-0.353681 valid=1.0000 routes=8.927 grad=3.1744 seconds=14.3
Epoch  134/5000: score=11.609040 loss=-0.386485 valid=1.0000 routes=9.511 grad=3.6172 seconds=14.4
Epoch  135/5000: score=10.799884 loss=-0.344981 valid=1.0000 routes=8.840 grad=3.0284 seconds=14.3
Epoch  136/5000: score=10.729627 loss=-0.347754 valid=1.0000 routes=9.302 grad=3.1303 seconds=14.2
Epoch  137/5000: score=10.835791 loss=-0.357040 valid=1.0000 routes=8.967 grad=3.2420 seconds=14.4
Epoch  138/5000: score=11.262239 loss=-0.357858 valid=1.0000 routes=9.094 grad=3.2706 seconds=14.3
Epoch  139/5000: score=11.046348 loss=-0.353308 valid=1.0000 routes=8.937 grad=3.1597 seconds=14.3
Epoch  140/5000: score=11.327645 loss=-0.363365 valid=1.0000 routes=9.079 grad=3.4091 seconds=14.3
Epoch  141/5000: score=10.894941 loss=-0.352886 valid=1.0000 routes=8.580 grad=3.1150 seconds=14.4
Epoch  142/5000: score=11.068765 loss=-0.363288 valid=1.0000 routes=9.838 grad=3.5210 seconds=14.4
Epoch  143/5000: score=10.371763 loss=-0.344573 valid=1.0000 routes=9.115 grad=2.9781 seconds=14.4
Epoch  144/5000: score=10.847001 loss=-0.360476 valid=1.0000 routes=8.887 grad=3.2340 seconds=14.5
Epoch  145/5000: score=10.919544 loss=-0.347916 valid=1.0000 routes=8.901 grad=3.1102 seconds=14.4
Epoch  146/5000: score=11.029749 loss=-0.353358 valid=1.0000 routes=8.983 grad=3.2146 seconds=14.4
Epoch  147/5000: score=10.995237 loss=-0.361253 valid=1.0000 routes=9.006 grad=3.3056 seconds=14.6
Epoch  148/5000: score=11.372423 loss=-0.369749 valid=1.0000 routes=9.154 grad=3.4972 seconds=14.5
Epoch  149/5000: score=10.656088 loss=-0.346584 valid=1.0000 routes=9.046 grad=3.1610 seconds=14.5
Epoch  150/5000: score=10.822252 loss=-0.361462 valid=1.0000 routes=9.044 grad=3.3188 seconds=14.4
Epoch  151/5000: score=11.018424 loss=-0.361703 valid=1.0000 routes=9.363 grad=3.4422 seconds=14.4
Epoch  152/5000: score=10.657039 loss=-0.364535 valid=1.0000 routes=8.870 grad=3.2948 seconds=14.3
Epoch  153/5000: score=11.105447 loss=-0.358210 valid=1.0000 routes=9.320 grad=3.2990 seconds=14.4
Epoch  154/5000: score=10.783603 loss=-0.352371 valid=1.0000 routes=9.072 grad=3.2448 seconds=14.3
Epoch  155/5000: score=11.117478 loss=-0.355956 valid=1.0000 routes=9.374 grad=3.3871 seconds=14.5
Epoch  156/5000: score=11.328342 loss=-0.357961 valid=1.0000 routes=8.777 grad=3.2640 seconds=14.3
Epoch  157/5000: score=10.782059 loss=-0.346307 valid=1.0000 routes=9.251 grad=3.2291 seconds=14.3
Epoch  158/5000: score=10.793292 loss=-0.340952 valid=1.0000 routes=8.986 grad=3.1682 seconds=14.3
Epoch  159/5000: score=10.662223 loss=-0.346009 valid=1.0000 routes=8.648 grad=3.1567 seconds=14.3
Epoch  160/5000: score=11.240412 loss=-0.355273 valid=1.0000 routes=9.039 grad=3.4362 seconds=14.4
Epoch  161/5000: score=10.670768 loss=-0.345207 valid=1.0000 routes=8.857 grad=3.0891 seconds=14.3
Epoch  162/5000: score=10.629409 loss=-0.343534 valid=1.0000 routes=9.124 grad=3.0767 seconds=14.3
Epoch  163/5000: score=10.831387 loss=-0.348021 valid=1.0000 routes=8.888 grad=3.1846 seconds=14.3
>> Invalid instances, Re-generating ...
Epoch  164/5000: score=11.007569 loss=-0.352871 valid=1.0000 routes=8.939 grad=3.2314 seconds=14.3
Epoch  165/5000: score=10.903314 loss=-0.353262 valid=1.0000 routes=9.386 grad=3.4464 seconds=14.4
Epoch  166/5000: score=10.921206 loss=-0.345140 valid=1.0000 routes=8.653 grad=3.1909 seconds=14.3
Epoch  167/5000: score=10.828308 loss=-0.339277 valid=1.0000 routes=8.911 grad=3.2103 seconds=14.4
Epoch  168/5000: score=11.352711 loss=-0.357162 valid=1.0000 routes=9.484 grad=3.4512 seconds=14.2
Epoch  169/5000: score=10.796344 loss=-0.325287 valid=1.0000 routes=9.105 grad=3.0721 seconds=14.3
Epoch  170/5000: score=10.943170 loss=-0.353529 valid=1.0000 routes=9.314 grad=3.3465 seconds=14.2
Epoch  171/5000: score=11.160140 loss=-0.353888 valid=1.0000 routes=9.324 grad=3.4577 seconds=14.4
Epoch  172/5000: score=10.982976 loss=-0.342387 valid=1.0000 routes=9.201 grad=3.2000 seconds=14.4
Epoch  173/5000: score=10.737449 loss=-0.341363 valid=1.0000 routes=8.935 grad=3.1337 seconds=14.5
Epoch  174/5000: score=10.645790 loss=-0.346916 valid=1.0000 routes=9.317 grad=3.2084 seconds=14.4
Epoch  175/5000: score=10.915361 loss=-0.344859 valid=1.0000 routes=9.356 grad=3.3682 seconds=14.4
Epoch  176/5000: score=10.763768 loss=-0.332103 valid=1.0000 routes=8.769 grad=3.0256 seconds=14.3
Epoch  177/5000: score=11.147694 loss=-0.347287 valid=1.0000 routes=8.925 grad=3.3647 seconds=14.5
Epoch  178/5000: score=10.770780 loss=-0.333312 valid=1.0000 routes=8.680 grad=3.1141 seconds=14.5
Epoch  179/5000: score=10.885594 loss=-0.345756 valid=1.0000 routes=9.205 grad=3.3541 seconds=14.4
Epoch  180/5000: score=10.622768 loss=-0.345402 valid=1.0000 routes=8.985 grad=3.1370 seconds=14.5
Epoch  181/5000: score=10.851446 loss=-0.341114 valid=1.0000 routes=9.148 grad=3.2171 seconds=14.4
Epoch  182/5000: score=11.307560 loss=-0.363915 valid=1.0000 routes=9.271 grad=3.6243 seconds=14.4
Epoch  183/5000: score=11.134876 loss=-0.343020 valid=1.0000 routes=8.936 grad=3.3074 seconds=14.4
Epoch  184/5000: score=10.589465 loss=-0.330640 valid=1.0000 routes=9.302 grad=3.0906 seconds=14.4
Epoch  185/5000: score=10.514159 loss=-0.325418 valid=1.0000 routes=8.590 grad=2.9712 seconds=14.5
Epoch  186/5000: score=10.967957 loss=-0.335305 valid=1.0000 routes=8.689 grad=3.0490 seconds=14.5
Epoch  187/5000: score=10.702475 loss=-0.332046 valid=1.0000 routes=8.716 grad=3.0119 seconds=14.3
Epoch  188/5000: score=10.952372 loss=-0.340123 valid=1.0000 routes=9.325 grad=3.3208 seconds=14.4
Epoch  189/5000: score=10.973909 loss=-0.340642 valid=1.0000 routes=8.887 grad=3.2741 seconds=14.6
Epoch  190/5000: score=11.198877 loss=-0.358463 valid=1.0000 routes=9.268 grad=3.5274 seconds=14.5
Epoch  191/5000: score=10.778849 loss=-0.330168 valid=1.0000 routes=8.880 grad=3.1086 seconds=14.5
Epoch  192/5000: score=10.962811 loss=-0.350689 valid=1.0000 routes=9.380 grad=3.3858 seconds=14.4
Epoch  193/5000: score=10.778107 loss=-0.333482 valid=1.0000 routes=9.150 grad=3.1288 seconds=14.5
Epoch  194/5000: score=11.085281 loss=-0.348764 valid=1.0000 routes=9.325 grad=3.3954 seconds=14.5
Epoch  195/5000: score=11.107603 loss=-0.349508 valid=1.0000 routes=9.116 grad=3.3932 seconds=14.6
Epoch  196/5000: score=10.953452 loss=-0.341683 valid=1.0000 routes=8.793 grad=3.3100 seconds=14.4
Epoch  197/5000: score=11.353930 loss=-0.349204 valid=1.0000 routes=9.262 grad=3.3615 seconds=14.3
Epoch  198/5000: score=10.569702 loss=-0.327727 valid=1.0000 routes=8.588 grad=3.0245 seconds=14.4
Epoch  199/5000: score=11.143000 loss=-0.334852 valid=1.0000 routes=9.326 grad=3.3156 seconds=14.4
Epoch  200/5000: score=11.069459 loss=-0.347596 valid=1.0000 routes=9.136 grad=3.4692 seconds=14.5
Epoch  201/5000: score=10.488802 loss=-0.327660 valid=1.0000 routes=9.109 grad=2.9908 seconds=14.3
Epoch  202/5000: score=10.525384 loss=-0.333829 valid=1.0000 routes=8.596 grad=3.1128 seconds=14.4
Epoch  203/5000: score=10.688511 loss=-0.328105 valid=1.0000 routes=8.920 grad=3.2037 seconds=14.4
Epoch  204/5000: score=11.505063 loss=-0.340499 valid=1.0000 routes=9.393 grad=3.4212 seconds=14.4
Epoch  205/5000: score=11.157799 loss=-0.341057 valid=1.0000 routes=8.972 grad=3.4106 seconds=14.4
Epoch  206/5000: score=11.004150 loss=-0.342048 valid=1.0000 routes=9.120 grad=3.4072 seconds=14.5
Epoch  207/5000: score=11.084326 loss=-0.334534 valid=1.0000 routes=9.116 grad=3.2936 seconds=14.5
Epoch  208/5000: score=11.031841 loss=-0.344212 valid=1.0000 routes=8.939 grad=3.3938 seconds=14.6
Epoch  209/5000: score=10.808056 loss=-0.331594 valid=1.0000 routes=9.039 grad=3.2773 seconds=14.5
Epoch  210/5000: score=10.825876 loss=-0.333690 valid=1.0000 routes=9.051 grad=3.3269 seconds=14.4
Epoch  211/5000: score=10.886015 loss=-0.328298 valid=1.0000 routes=8.761 grad=3.1987 seconds=14.6
Epoch  212/5000: score=11.307934 loss=-0.341768 valid=1.0000 routes=9.082 grad=3.4422 seconds=14.3
Epoch  213/5000: score=10.785441 loss=-0.315945 valid=1.0000 routes=8.969 grad=3.0498 seconds=14.3
Epoch  214/5000: score=11.112829 loss=-0.340402 valid=1.0000 routes=9.359 grad=3.3849 seconds=14.3
Epoch  215/5000: score=10.801694 loss=-0.332299 valid=1.0000 routes=8.950 grad=3.2454 seconds=14.4
Epoch  216/5000: score=10.706040 loss=-0.322838 valid=1.0000 routes=8.709 grad=3.0466 seconds=14.3
Epoch  217/5000: score=11.143647 loss=-0.333242 valid=1.0000 routes=9.065 grad=3.2913 seconds=14.5
Epoch  218/5000: score=10.659968 loss=-0.319699 valid=1.0000 routes=8.938 grad=3.0534 seconds=14.2
Epoch  219/5000: score=11.135376 loss=-0.329046 valid=1.0000 routes=9.003 grad=3.2892 seconds=14.3
Epoch  220/5000: score=10.806550 loss=-0.322917 valid=1.0000 routes=8.846 grad=3.1415 seconds=13.6
Epoch  221/5000: score=10.940933 loss=-0.327288 valid=1.0000 routes=9.088 grad=3.2451 seconds=14.0
Epoch  222/5000: score=11.062856 loss=-0.343855 valid=1.0000 routes=9.377 grad=3.4658 seconds=14.3
Epoch  223/5000: score=10.828503 loss=-0.325664 valid=1.0000 routes=8.835 grad=3.2259 seconds=13.7
Epoch  224/5000: score=10.851396 loss=-0.330794 valid=1.0000 routes=9.233 grad=3.3231 seconds=13.5
Epoch  225/5000: score=10.821294 loss=-0.316437 valid=1.0000 routes=8.940 grad=3.1338 seconds=14.2
Epoch  226/5000: score=10.996531 loss=-0.338600 valid=1.0000 routes=9.556 grad=3.5313 seconds=14.3
Epoch  227/5000: score=10.857643 loss=-0.333657 valid=1.0000 routes=8.839 grad=3.2750 seconds=13.5
Epoch  228/5000: score=10.850251 loss=-0.330030 valid=1.0000 routes=8.675 grad=3.1913 seconds=13.8
Epoch  229/5000: score=10.624116 loss=-0.330805 valid=1.0000 routes=9.070 grad=3.2326 seconds=14.3
Epoch  230/5000: score=10.757406 loss=-0.329581 valid=1.0000 routes=8.744 grad=3.0905 seconds=14.2
Epoch  231/5000: score=11.057157 loss=-0.325721 valid=1.0000 routes=9.047 grad=3.3830 seconds=14.4
Epoch  232/5000: score=11.311907 loss=-0.348643 valid=1.0000 routes=9.541 grad=3.6139 seconds=14.3
Epoch  233/5000: score=10.622522 loss=-0.326571 valid=1.0000 routes=8.579 grad=3.1619 seconds=14.5
Epoch  234/5000: score=10.945380 loss=-0.325143 valid=1.0000 routes=9.126 grad=3.2319 seconds=14.4
Epoch  235/5000: score=10.889828 loss=-0.338038 valid=1.0000 routes=9.042 grad=3.3935 seconds=14.4
Epoch  236/5000: score=11.437443 loss=-0.348525 valid=1.0000 routes=9.228 grad=3.4779 seconds=14.4
Epoch  237/5000: score=10.730722 loss=-0.329536 valid=1.0000 routes=8.984 grad=3.2788 seconds=14.5
Epoch  238/5000: score=10.855927 loss=-0.321363 valid=1.0000 routes=8.682 grad=3.1004 seconds=14.4
Epoch  239/5000: score=10.377143 loss=-0.312740 valid=1.0000 routes=8.549 grad=3.0055 seconds=14.5
Epoch  240/5000: score=10.854717 loss=-0.322387 valid=1.0000 routes=8.955 grad=3.1708 seconds=14.4
Epoch  241/5000: score=11.153691 loss=-0.345082 valid=1.0000 routes=9.452 grad=3.6051 seconds=14.5
Epoch  242/5000: score=11.060910 loss=-0.331587 valid=1.0000 routes=9.042 grad=3.4070 seconds=14.5
Epoch  243/5000: score=10.756532 loss=-0.325328 valid=1.0000 routes=8.809 grad=3.0914 seconds=14.4
Epoch  244/5000: score=10.846884 loss=-0.318594 valid=1.0000 routes=8.799 grad=3.1362 seconds=14.8
Epoch  245/5000: score=10.705352 loss=-0.324236 valid=1.0000 routes=9.306 grad=3.2549 seconds=14.5
Epoch  246/5000: score=11.439514 loss=-0.337826 valid=1.0000 routes=9.278 grad=3.4562 seconds=14.6
Epoch  247/5000: score=10.665202 loss=-0.322466 valid=1.0000 routes=9.115 grad=3.3101 seconds=14.3
Epoch  248/5000: score=10.766934 loss=-0.314727 valid=1.0000 routes=8.818 grad=3.1082 seconds=14.5
Epoch  249/5000: score=10.798612 loss=-0.326235 valid=1.0000 routes=8.883 grad=3.2148 seconds=14.4
Epoch  250/5000: score=10.941811 loss=-0.328652 valid=1.0000 routes=8.790 grad=3.2667 seconds=14.4
Epoch  251/5000: score=10.631790 loss=-0.322722 valid=1.0000 routes=8.706 grad=3.1492 seconds=14.4
Epoch  252/5000: score=10.951709 loss=-0.323169 valid=1.0000 routes=9.176 grad=3.2941 seconds=14.6
Epoch  253/5000: score=10.938286 loss=-0.334161 valid=1.0000 routes=9.337 grad=3.4223 seconds=14.5
Epoch  254/5000: score=11.028969 loss=-0.338641 valid=1.0000 routes=9.541 grad=3.4609 seconds=14.6
Epoch  255/5000: score=11.486599 loss=-0.350187 valid=1.0000 routes=9.673 grad=3.8434 seconds=14.8
Epoch  256/5000: score=11.165215 loss=-0.332855 valid=1.0000 routes=9.230 grad=3.4331 seconds=14.5
Epoch  257/5000: score=10.612209 loss=-0.312452 valid=1.0000 routes=8.637 grad=2.9282 seconds=14.8
Epoch  258/5000: score=11.009515 loss=-0.332452 valid=1.0000 routes=9.170 grad=3.4236 seconds=14.6
Epoch  259/5000: score=11.055596 loss=-0.329000 valid=1.0000 routes=9.386 grad=3.5142 seconds=14.7
Epoch  260/5000: score=11.048064 loss=-0.333826 valid=1.0000 routes=9.391 grad=3.5142 seconds=14.7
Epoch  261/5000: score=10.853373 loss=-0.324853 valid=1.0000 routes=9.047 grad=3.2998 seconds=14.6
Epoch  262/5000: score=10.581300 loss=-0.317009 valid=1.0000 routes=8.575 grad=3.0948 seconds=14.6
Epoch  263/5000: score=10.822975 loss=-0.315063 valid=1.0000 routes=8.987 grad=3.1860 seconds=14.5
Epoch  264/5000: score=11.095943 loss=-0.328319 valid=1.0000 routes=8.816 grad=3.2915 seconds=15.0
Epoch  265/5000: score=11.300496 loss=-0.332127 valid=1.0000 routes=9.133 grad=3.4188 seconds=14.6
Epoch  266/5000: score=10.280957 loss=-0.303876 valid=1.0000 routes=8.960 grad=3.0102 seconds=14.5
Epoch  267/5000: score=10.989021 loss=-0.327901 valid=1.0000 routes=9.347 grad=3.4536 seconds=14.8
Epoch  268/5000: score=10.905228 loss=-0.312814 valid=1.0000 routes=9.254 grad=3.2398 seconds=14.5
Epoch  269/5000: score=10.799502 loss=-0.320113 valid=1.0000 routes=9.048 grad=3.2481 seconds=14.5
Epoch  270/5000: score=11.213405 loss=-0.323631 valid=1.0000 routes=9.306 grad=3.5131 seconds=14.7
Epoch  271/5000: score=11.191181 loss=-0.325834 valid=1.0000 routes=9.855 grad=3.5250 seconds=14.4
Epoch  272/5000: score=10.969742 loss=-0.326748 valid=1.0000 routes=9.040 grad=3.3241 seconds=14.6
Epoch  273/5000: score=10.478104 loss=-0.312714 valid=1.0000 routes=8.992 grad=3.0917 seconds=14.6
Epoch  274/5000: score=10.809726 loss=-0.320092 valid=1.0000 routes=9.263 grad=3.3339 seconds=14.4
Epoch  275/5000: score=10.683856 loss=-0.317807 valid=1.0000 routes=8.999 grad=3.0900 seconds=14.5
Epoch  276/5000: score=10.922076 loss=-0.319234 valid=1.0000 routes=8.763 grad=3.2939 seconds=14.8
Epoch  277/5000: score=11.063069 loss=-0.320944 valid=1.0000 routes=8.830 grad=3.2836 seconds=14.5
Epoch  278/5000: score=11.074875 loss=-0.316787 valid=1.0000 routes=8.990 grad=3.3371 seconds=14.8
Epoch  279/5000: score=10.624824 loss=-0.307475 valid=1.0000 routes=8.900 grad=3.0042 seconds=14.8
Epoch  280/5000: score=10.490443 loss=-0.311352 valid=1.0000 routes=8.665 grad=3.1452 seconds=14.7
Epoch  281/5000: score=10.824124 loss=-0.305740 valid=1.0000 routes=8.969 grad=3.1539 seconds=14.7
Epoch  282/5000: score=10.951048 loss=-0.320504 valid=1.0000 routes=8.763 grad=3.2062 seconds=14.6
Epoch  283/5000: score=11.010503 loss=-0.317193 valid=1.0000 routes=8.577 grad=3.2250 seconds=14.6
Epoch  284/5000: score=10.884695 loss=-0.304964 valid=1.0000 routes=8.795 grad=3.1411 seconds=14.6
Epoch  285/5000: score=10.543369 loss=-0.316023 valid=1.0000 routes=8.853 grad=3.1995 seconds=14.6
Epoch  286/5000: score=10.674406 loss=-0.302102 valid=1.0000 routes=9.024 grad=3.1024 seconds=14.5
Epoch  287/5000: score=11.201732 loss=-0.326560 valid=1.0000 routes=9.040 grad=3.4644 seconds=14.5
Epoch  288/5000: score=11.224394 loss=-0.323909 valid=1.0000 routes=9.142 grad=3.4470 seconds=14.6
Epoch  289/5000: score=10.848714 loss=-0.312296 valid=1.0000 routes=9.136 grad=3.2432 seconds=14.5
Epoch  290/5000: score=10.763511 loss=-0.316305 valid=1.0000 routes=9.119 grad=3.3731 seconds=14.6
Epoch  291/5000: score=11.063111 loss=-0.315952 valid=1.0000 routes=9.138 grad=3.2615 seconds=14.6
Epoch  292/5000: score=10.470683 loss=-0.300917 valid=1.0000 routes=8.706 grad=2.9937 seconds=14.6
Epoch  293/5000: score=11.158676 loss=-0.317173 valid=1.0000 routes=9.365 grad=3.5443 seconds=14.6
Epoch  294/5000: score=10.724298 loss=-0.316863 valid=1.0000 routes=9.295 grad=3.3464 seconds=14.7
Epoch  295/5000: score=10.392463 loss=-0.291560 valid=1.0000 routes=8.471 grad=2.9281 seconds=14.6
Epoch  296/5000: score=10.991742 loss=-0.315588 valid=1.0000 routes=9.201 grad=3.3838 seconds=14.5
Epoch  297/5000: score=10.554003 loss=-0.306043 valid=1.0000 routes=8.927 grad=3.0251 seconds=14.4
Epoch  298/5000: score=10.964109 loss=-0.322752 valid=1.0000 routes=9.352 grad=3.4077 seconds=14.4
Epoch  299/5000: score=11.803764 loss=-0.339427 valid=1.0000 routes=9.366 grad=3.6538 seconds=14.4
Epoch  300/5000: score=11.289221 loss=-0.322830 valid=1.0000 routes=9.237 grad=3.4921 seconds=14.5
Epoch  301/5000: score=10.540344 loss=-0.309107 valid=1.0000 routes=9.095 grad=3.1721 seconds=14.4
Epoch  302/5000: score=10.505942 loss=-0.301975 valid=1.0000 routes=8.790 grad=3.0437 seconds=14.4
Epoch  303/5000: score=10.895240 loss=-0.316870 valid=1.0000 routes=9.151 grad=3.4458 seconds=14.8
Epoch  304/5000: score=10.829626 loss=-0.312422 valid=1.0000 routes=9.103 grad=3.2568 seconds=14.6
Epoch  305/5000: score=11.183861 loss=-0.318913 valid=1.0000 routes=9.196 grad=3.4373 seconds=14.5
Epoch  306/5000: score=10.648086 loss=-0.302291 valid=1.0000 routes=8.576 grad=3.0648 seconds=14.6
Epoch  307/5000: score=11.048878 loss=-0.314039 valid=1.0000 routes=8.787 grad=3.3272 seconds=14.6
Epoch  308/5000: score=10.837708 loss=-0.302223 valid=1.0000 routes=9.191 grad=3.2218 seconds=14.6
Epoch  309/5000: score=10.406600 loss=-0.304042 valid=1.0000 routes=8.758 grad=2.9839 seconds=14.6
Epoch  310/5000: score=10.266989 loss=-0.299182 valid=1.0000 routes=8.849 grad=3.0487 seconds=14.6
Epoch  311/5000: score=11.308840 loss=-0.330771 valid=1.0000 routes=9.142 grad=3.5763 seconds=14.6
Epoch  312/5000: score=10.802187 loss=-0.323169 valid=1.0000 routes=9.404 grad=3.3796 seconds=14.5
Epoch  313/5000: score=10.590460 loss=-0.302563 valid=1.0000 routes=8.992 grad=3.1299 seconds=14.6
Epoch  314/5000: score=10.858793 loss=-0.323917 valid=1.0000 routes=9.231 grad=3.5195 seconds=14.7
Epoch  315/5000: score=10.766939 loss=-0.303729 valid=1.0000 routes=8.958 grad=3.2073 seconds=14.8
Epoch  316/5000: score=10.707173 loss=-0.315730 valid=1.0000 routes=9.164 grad=3.3319 seconds=14.6
Epoch  317/5000: score=10.544455 loss=-0.304509 valid=1.0000 routes=8.732 grad=3.1236 seconds=14.7
Epoch  318/5000: score=10.751370 loss=-0.306279 valid=1.0000 routes=8.805 grad=3.1063 seconds=14.6
Epoch  319/5000: score=10.800076 loss=-0.305025 valid=1.0000 routes=8.999 grad=3.2003 seconds=14.5
Epoch  320/5000: score=10.896269 loss=-0.311264 valid=1.0000 routes=9.429 grad=3.3449 seconds=14.6
Epoch  321/5000: score=11.023246 loss=-0.316374 valid=1.0000 routes=9.176 grad=3.4153 seconds=14.6
Epoch  322/5000: score=10.417124 loss=-0.298854 valid=1.0000 routes=8.750 grad=2.9789 seconds=14.4
Epoch  323/5000: score=10.760314 loss=-0.301897 valid=1.0000 routes=8.837 grad=3.1598 seconds=14.4
Epoch  324/5000: score=10.515081 loss=-0.303982 valid=1.0000 routes=8.708 grad=3.0521 seconds=14.5
Epoch  325/5000: score=10.762731 loss=-0.313750 valid=1.0000 routes=9.447 grad=3.4187 seconds=14.5
Epoch  326/5000: score=10.567963 loss=-0.308898 valid=1.0000 routes=9.080 grad=3.1784 seconds=14.5
Epoch  327/5000: score=11.232864 loss=-0.310205 valid=1.0000 routes=9.053 grad=3.3572 seconds=14.5
Epoch  328/5000: score=10.503802 loss=-0.292209 valid=1.0000 routes=8.975 grad=2.9409 seconds=14.4
Epoch  329/5000: score=10.436970 loss=-0.300923 valid=1.0000 routes=8.595 grad=3.1016 seconds=14.5
Epoch  330/5000: score=10.971356 loss=-0.311853 valid=1.0000 routes=8.669 grad=3.3667 seconds=14.5
Epoch  331/5000: score=10.839714 loss=-0.324694 valid=1.0000 routes=9.349 grad=3.4507 seconds=14.5
Epoch  332/5000: score=10.648131 loss=-0.304600 valid=1.0000 routes=8.950 grad=3.1990 seconds=14.5
Epoch  333/5000: score=11.023647 loss=-0.319951 valid=1.0000 routes=9.441 grad=3.4237 seconds=14.6
Epoch  334/5000: score=11.016483 loss=-0.306847 valid=1.0000 routes=9.069 grad=3.1891 seconds=14.5
Epoch  335/5000: score=10.640992 loss=-0.306737 valid=1.0000 routes=9.133 grad=3.2549 seconds=14.5
Epoch  336/5000: score=10.703471 loss=-0.285732 valid=1.0000 routes=8.808 grad=2.9320 seconds=14.4
Epoch  337/5000: score=10.936493 loss=-0.325414 valid=1.0000 routes=9.525 grad=3.5407 seconds=14.6
Epoch  338/5000: score=11.005220 loss=-0.300129 valid=1.0000 routes=9.316 grad=3.2332 seconds=14.5
Epoch  339/5000: score=10.645292 loss=-0.300783 valid=1.0000 routes=9.098 grad=3.1727 seconds=14.5
Epoch  340/5000: score=10.963312 loss=-0.314844 valid=1.0000 routes=9.388 grad=3.4215 seconds=14.5
Epoch  341/5000: score=10.488666 loss=-0.299828 valid=1.0000 routes=8.852 grad=3.0221 seconds=14.6
Epoch  342/5000: score=10.547485 loss=-0.298571 valid=1.0000 routes=8.949 grad=3.1040 seconds=14.4
Epoch  343/5000: score=11.250143 loss=-0.320088 valid=1.0000 routes=9.197 grad=3.5986 seconds=14.6
Epoch  344/5000: score=10.612385 loss=-0.297031 valid=1.0000 routes=9.643 grad=3.2758 seconds=14.6
Epoch  345/5000: score=10.920148 loss=-0.307007 valid=1.0000 routes=8.851 grad=3.3269 seconds=14.6
Epoch  346/5000: score=10.682626 loss=-0.302137 valid=1.0000 routes=8.742 grad=3.1459 seconds=14.7
Epoch  347/5000: score=10.860247 loss=-0.320948 valid=1.0000 routes=9.253 grad=3.4658 seconds=14.6
Epoch  348/5000: score=10.713604 loss=-0.303695 valid=1.0000 routes=8.573 grad=3.1106 seconds=14.4
Epoch  349/5000: score=11.199722 loss=-0.320085 valid=1.0000 routes=8.793 grad=3.5258 seconds=14.9
Epoch  350/5000: score=11.182234 loss=-0.317056 valid=1.0000 routes=9.377 grad=3.4673 seconds=14.5
Epoch  351/5000: score=10.778733 loss=-0.298665 valid=1.0000 routes=9.060 grad=3.2798 seconds=14.7
Epoch  352/5000: score=11.116192 loss=-0.319883 valid=1.0000 routes=9.030 grad=3.4355 seconds=14.6
Epoch  353/5000: score=10.654771 loss=-0.304151 valid=1.0000 routes=9.097 grad=3.2148 seconds=14.5
Epoch  354/5000: score=10.526104 loss=-0.307440 valid=1.0000 routes=9.046 grad=3.2647 seconds=14.6
Epoch  355/5000: score=10.967896 loss=-0.299173 valid=1.0000 routes=8.938 grad=3.2509 seconds=14.7
Epoch  356/5000: score=10.361562 loss=-0.287362 valid=1.0000 routes=8.757 grad=3.0137 seconds=14.6
Epoch  357/5000: score=10.835141 loss=-0.299766 valid=1.0000 routes=8.560 grad=3.1672 seconds=14.6
Epoch  358/5000: score=11.174653 loss=-0.326808 valid=1.0000 routes=9.579 grad=3.7403 seconds=14.6
Epoch  359/5000: score=10.799165 loss=-0.300273 valid=1.0000 routes=8.804 grad=3.2074 seconds=14.5
Epoch  360/5000: score=10.791194 loss=-0.306511 valid=1.0000 routes=8.738 grad=3.3343 seconds=14.8
Epoch  361/5000: score=10.602885 loss=-0.294010 valid=1.0000 routes=9.197 grad=3.1768 seconds=14.4
Epoch  362/5000: score=10.625287 loss=-0.302574 valid=1.0000 routes=8.930 grad=3.1791 seconds=14.5
Epoch  363/5000: score=10.572873 loss=-0.297760 valid=1.0000 routes=9.152 grad=3.1353 seconds=14.5
Epoch  364/5000: score=10.542330 loss=-0.297876 valid=1.0000 routes=9.073 grad=3.1848 seconds=14.5
Epoch  365/5000: score=11.130773 loss=-0.311926 valid=1.0000 routes=9.115 grad=3.4606 seconds=14.6
Epoch  366/5000: score=10.922158 loss=-0.297289 valid=1.0000 routes=8.776 grad=3.1425 seconds=14.6
Epoch  367/5000: score=10.873340 loss=-0.301009 valid=1.0000 routes=9.018 grad=3.2552 seconds=14.4
Epoch  368/5000: score=10.531443 loss=-0.296955 valid=1.0000 routes=8.843 grad=3.2148 seconds=14.6
Epoch  369/5000: score=10.362517 loss=-0.296142 valid=1.0000 routes=9.096 grad=3.0836 seconds=14.4
Epoch  370/5000: score=10.832332 loss=-0.303074 valid=1.0000 routes=9.120 grad=3.3574 seconds=14.5
Epoch  371/5000: score=11.111503 loss=-0.308627 valid=1.0000 routes=9.150 grad=3.4141 seconds=14.4
Epoch  372/5000: score=10.438363 loss=-0.280844 valid=1.0000 routes=8.670 grad=2.9041 seconds=14.3
Epoch  373/5000: score=10.889413 loss=-0.300412 valid=1.0000 routes=9.496 grad=3.2892 seconds=14.7
Epoch  374/5000: score=10.905570 loss=-0.305434 valid=1.0000 routes=9.230 grad=3.3033 seconds=14.4
Epoch  375/5000: score=11.121791 loss=-0.319099 valid=1.0000 routes=8.981 grad=3.6112 seconds=14.4
Epoch  376/5000: score=10.673741 loss=-0.296474 valid=1.0000 routes=9.002 grad=3.2150 seconds=14.5
Epoch  377/5000: score=10.922143 loss=-0.304942 valid=1.0000 routes=9.380 grad=3.4187 seconds=14.5
Epoch  378/5000: score=10.580335 loss=-0.305679 valid=1.0000 routes=8.726 grad=3.1669 seconds=14.4
Epoch  379/5000: score=10.856801 loss=-0.300262 valid=1.0000 routes=8.917 grad=3.1909 seconds=14.4
Epoch  380/5000: score=10.718121 loss=-0.297524 valid=1.0000 routes=9.103 grad=3.2055 seconds=14.3
Epoch  381/5000: score=10.715283 loss=-0.295529 valid=1.0000 routes=8.692 grad=3.2050 seconds=14.4
Epoch  382/5000: score=11.067651 loss=-0.293140 valid=1.0000 routes=9.165 grad=3.4053 seconds=14.4
Epoch  383/5000: score=11.171615 loss=-0.314408 valid=1.0000 routes=9.640 grad=3.7138 seconds=14.5
Epoch  384/5000: score=10.551931 loss=-0.284359 valid=1.0000 routes=8.858 grad=3.0201 seconds=14.5
Epoch  385/5000: score=10.763417 loss=-0.287562 valid=1.0000 routes=9.075 grad=3.1467 seconds=14.3
Epoch  386/5000: score=10.596521 loss=-0.293989 valid=1.0000 routes=9.000 grad=3.1535 seconds=14.3
Epoch  387/5000: score=10.426657 loss=-0.294120 valid=1.0000 routes=8.816 grad=3.0588 seconds=14.4
Epoch  388/5000: score=10.868284 loss=-0.287834 valid=1.0000 routes=8.822 grad=3.1868 seconds=14.6
Epoch  389/5000: score=10.521069 loss=-0.297824 valid=1.0000 routes=8.988 grad=3.2419 seconds=14.4
Epoch  390/5000: score=10.366510 loss=-0.289161 valid=1.0000 routes=9.021 grad=3.0464 seconds=14.4
Epoch  391/5000: score=10.477452 loss=-0.293131 valid=1.0000 routes=8.421 grad=3.1615 seconds=14.7
Epoch  392/5000: score=10.990599 loss=-0.307562 valid=1.0000 routes=9.310 grad=3.4900 seconds=14.6
Epoch  393/5000: score=11.035140 loss=-0.305774 valid=1.0000 routes=9.326 grad=3.5337 seconds=14.6
Epoch  394/5000: score=10.646366 loss=-0.296152 valid=1.0000 routes=8.865 grad=3.1769 seconds=14.7
Epoch  395/5000: score=10.679624 loss=-0.291881 valid=1.0000 routes=8.837 grad=3.1966 seconds=14.4
Epoch  396/5000: score=10.688636 loss=-0.291912 valid=1.0000 routes=8.893 grad=3.2281 seconds=14.6
Epoch  397/5000: score=10.981766 loss=-0.296466 valid=1.0000 routes=8.909 grad=3.2969 seconds=14.6
Epoch  398/5000: score=10.946578 loss=-0.299618 valid=1.0000 routes=8.963 grad=3.2527 seconds=14.5
Epoch  399/5000: score=10.484158 loss=-0.284063 valid=1.0000 routes=8.569 grad=3.0211 seconds=14.6
Epoch  400/5000: score=10.637021 loss=-0.295767 valid=1.0000 routes=8.784 grad=3.1887 seconds=14.7
Epoch  401/5000: score=10.661696 loss=-0.296595 valid=1.0000 routes=9.019 grad=3.2946 seconds=14.5
Epoch  402/5000: score=10.610755 loss=-0.290636 valid=1.0000 routes=9.298 grad=3.2391 seconds=14.6
Epoch  403/5000: score=10.628404 loss=-0.302074 valid=1.0000 routes=9.156 grad=3.3136 seconds=14.4
Epoch  404/5000: score=10.669831 loss=-0.294039 valid=1.0000 routes=9.043 grad=3.3015 seconds=14.6
Epoch  405/5000: score=11.040247 loss=-0.294579 valid=1.0000 routes=8.925 grad=3.2997 seconds=14.7
Epoch  406/5000: score=11.250081 loss=-0.297140 valid=1.0000 routes=8.776 grad=3.3860 seconds=14.5
Epoch  407/5000: score=11.072567 loss=-0.301030 valid=1.0000 routes=9.256 grad=3.4607 seconds=14.6
Epoch  408/5000: score=10.828486 loss=-0.286533 valid=1.0000 routes=8.998 grad=3.2346 seconds=14.6
Epoch  409/5000: score=10.776565 loss=-0.288695 valid=1.0000 routes=8.956 grad=3.2581 seconds=14.4
Epoch  410/5000: score=10.361438 loss=-0.283481 valid=1.0000 routes=8.456 grad=2.9852 seconds=14.5
Epoch  411/5000: score=10.629963 loss=-0.297973 valid=1.0000 routes=8.942 grad=3.2843 seconds=14.6
Epoch  412/5000: score=10.656800 loss=-0.290288 valid=1.0000 routes=9.295 grad=3.2083 seconds=14.3
Epoch  413/5000: score=10.753860 loss=-0.301348 valid=1.0000 routes=9.060 grad=3.3712 seconds=14.4
Epoch  414/5000: score=10.988967 loss=-0.300361 valid=1.0000 routes=9.336 grad=3.3764 seconds=14.5
Epoch  415/5000: score=10.738136 loss=-0.296558 valid=1.0000 routes=9.264 grad=3.3335 seconds=14.5
Epoch  416/5000: score=10.797873 loss=-0.291872 valid=1.0000 routes=9.106 grad=3.2738 seconds=14.5
Epoch  417/5000: score=10.923078 loss=-0.300161 valid=1.0000 routes=8.782 grad=3.2590 seconds=14.5
Epoch  418/5000: score=10.782907 loss=-0.297861 valid=1.0000 routes=9.295 grad=3.3647 seconds=14.4
Epoch  419/5000: score=10.334415 loss=-0.273106 valid=1.0000 routes=8.814 grad=2.9122 seconds=14.5
Epoch  420/5000: score=10.723299 loss=-0.283172 valid=1.0000 routes=9.000 grad=3.1223 seconds=14.4
Epoch  421/5000: score=11.028221 loss=-0.304226 valid=1.0000 routes=8.804 grad=3.3801 seconds=14.6
Epoch  422/5000: score=10.595391 loss=-0.297383 valid=1.0000 routes=8.842 grad=3.2700 seconds=14.5
Epoch  423/5000: score=10.493325 loss=-0.289587 valid=1.0000 routes=8.727 grad=3.2191 seconds=14.4
Epoch  424/5000: score=10.989798 loss=-0.306129 valid=1.0000 routes=9.055 grad=3.4688 seconds=14.5
Epoch  425/5000: score=10.811827 loss=-0.292635 valid=1.0000 routes=8.792 grad=3.2371 seconds=14.5
Epoch  426/5000: score=10.760744 loss=-0.281702 valid=1.0000 routes=8.821 grad=3.1772 seconds=14.4
Epoch  427/5000: score=10.354837 loss=-0.282226 valid=1.0000 routes=8.558 grad=3.0043 seconds=14.5
Epoch  428/5000: score=11.295825 loss=-0.310061 valid=1.0000 routes=9.339 grad=3.6895 seconds=14.5
Epoch  429/5000: score=10.633825 loss=-0.293945 valid=1.0000 routes=8.684 grad=3.1779 seconds=14.4
Epoch  430/5000: score=10.677062 loss=-0.285434 valid=1.0000 routes=9.143 grad=3.1848 seconds=14.5
Epoch  431/5000: score=10.841473 loss=-0.284857 valid=1.0000 routes=9.229 grad=3.2589 seconds=14.4
Epoch  432/5000: score=10.531046 loss=-0.287610 valid=1.0000 routes=8.967 grad=3.2173 seconds=14.4
Epoch  433/5000: score=10.685414 loss=-0.289932 valid=1.0000 routes=9.210 grad=3.3149 seconds=14.4
Epoch  434/5000: score=10.894463 loss=-0.293667 valid=1.0000 routes=9.004 grad=3.3550 seconds=14.3
Epoch  435/5000: score=10.645171 loss=-0.278174 valid=1.0000 routes=8.752 grad=3.1153 seconds=14.3
Epoch  436/5000: score=10.832430 loss=-0.286481 valid=1.0000 routes=9.115 grad=3.1926 seconds=14.4
Epoch  437/5000: score=10.625575 loss=-0.273400 valid=1.0000 routes=9.195 grad=3.0949 seconds=14.3
Epoch  438/5000: score=10.491691 loss=-0.265643 valid=1.0000 routes=8.322 grad=2.7987 seconds=14.2
Epoch  439/5000: score=10.502330 loss=-0.295078 valid=1.0000 routes=9.141 grad=3.3122 seconds=14.4
Epoch  440/5000: score=11.468521 loss=-0.314410 valid=1.0000 routes=9.458 grad=3.8003 seconds=14.4
Epoch  441/5000: score=10.748314 loss=-0.296873 valid=1.0000 routes=9.288 grad=3.3687 seconds=14.4
Epoch  442/5000: score=10.565645 loss=-0.290514 valid=1.0000 routes=8.876 grad=3.1733 seconds=14.4
Epoch  443/5000: score=11.000719 loss=-0.290492 valid=1.0000 routes=8.930 grad=3.3115 seconds=14.4
Epoch  444/5000: score=10.609833 loss=-0.288970 valid=1.0000 routes=9.112 grad=3.2315 seconds=14.3
Epoch  445/5000: score=10.601288 loss=-0.286160 valid=1.0000 routes=9.080 grad=3.2025 seconds=14.4
Epoch  446/5000: score=10.782695 loss=-0.284968 valid=1.0000 routes=9.179 grad=3.2753 seconds=14.3
Epoch  447/5000: score=10.678476 loss=-0.293360 valid=1.0000 routes=9.117 grad=3.3846 seconds=14.5
Epoch  448/5000: score=11.036499 loss=-0.298526 valid=1.0000 routes=8.880 grad=3.2851 seconds=14.3
Epoch  449/5000: score=11.150222 loss=-0.289990 valid=1.0000 routes=8.834 grad=3.3659 seconds=14.3
Epoch  450/5000: score=10.770857 loss=-0.286669 valid=1.0000 routes=9.049 grad=3.3017 seconds=13.6
Epoch  451/5000: score=10.794820 loss=-0.282507 valid=1.0000 routes=8.864 grad=3.2303 seconds=13.6
Epoch  452/5000: score=11.002886 loss=-0.297518 valid=1.0000 routes=9.070 grad=3.4004 seconds=14.3
Epoch  453/5000: score=10.861298 loss=-0.286473 valid=1.0000 routes=8.656 grad=3.2012 seconds=14.4
Epoch  454/5000: score=11.150069 loss=-0.293868 valid=1.0000 routes=9.383 grad=3.5269 seconds=14.4
Epoch  455/5000: score=10.761692 loss=-0.284331 valid=1.0000 routes=9.038 grad=3.2363 seconds=14.4
Epoch  456/5000: score=10.745938 loss=-0.292815 valid=1.0000 routes=8.999 grad=3.3210 seconds=14.4
Epoch  457/5000: score=10.669487 loss=-0.294228 valid=1.0000 routes=9.165 grad=3.3477 seconds=14.4
Epoch  458/5000: score=11.009656 loss=-0.279203 valid=1.0000 routes=9.101 grad=3.2103 seconds=14.2
>> Invalid instances, Re-generating ...
Epoch  459/5000: score=10.727045 loss=-0.291351 valid=1.0000 routes=9.244 grad=3.3367 seconds=14.4
Epoch  460/5000: score=10.804196 loss=-0.277472 valid=1.0000 routes=8.453 grad=3.1220 seconds=14.3
Epoch  461/5000: score=10.965039 loss=-0.294453 valid=1.0000 routes=8.985 grad=3.4079 seconds=14.3
Epoch  462/5000: score=10.342954 loss=-0.277202 valid=1.0000 routes=8.851 grad=3.2009 seconds=14.4
Epoch  463/5000: score=10.676857 loss=-0.280146 valid=1.0000 routes=8.645 grad=3.1693 seconds=14.3
Epoch  464/5000: score=10.776678 loss=-0.277367 valid=1.0000 routes=8.467 grad=3.1585 seconds=14.5
Epoch  465/5000: score=11.079173 loss=-0.287703 valid=1.0000 routes=8.937 grad=3.2972 seconds=14.5
Epoch  466/5000: score=10.777968 loss=-0.291211 valid=1.0000 routes=9.282 grad=3.4566 seconds=14.4
Epoch  467/5000: score=10.895635 loss=-0.293208 valid=1.0000 routes=9.012 grad=3.4692 seconds=14.5
Epoch  468/5000: score=11.089005 loss=-0.305855 valid=1.0000 routes=9.489 grad=3.6720 seconds=14.5
Epoch  469/5000: score=10.836886 loss=-0.289137 valid=1.0000 routes=9.314 grad=3.3905 seconds=14.4
Epoch  470/5000: score=11.753645 loss=-0.303781 valid=1.0000 routes=9.420 grad=3.7092 seconds=14.4
Epoch  471/5000: score=11.284838 loss=-0.287814 valid=1.0000 routes=9.021 grad=3.4317 seconds=14.5
Epoch  472/5000: score=10.745448 loss=-0.273403 valid=1.0000 routes=8.886 grad=3.1204 seconds=14.3
Epoch  473/5000: score=10.825271 loss=-0.274193 valid=1.0000 routes=8.842 grad=3.1000 seconds=14.4
Epoch  474/5000: score=10.671857 loss=-0.274034 valid=1.0000 routes=8.928 grad=3.0634 seconds=14.2
Epoch  475/5000: score=10.856456 loss=-0.287733 valid=1.0000 routes=8.692 grad=3.2642 seconds=14.4
Epoch  476/5000: score=10.951355 loss=-0.295765 valid=1.0000 routes=8.875 grad=3.4679 seconds=14.5
Epoch  477/5000: score=10.735755 loss=-0.295842 valid=1.0000 routes=8.678 grad=3.3965 seconds=14.6
Epoch  478/5000: score=10.322407 loss=-0.264310 valid=1.0000 routes=8.084 grad=2.7977 seconds=14.5
Epoch  479/5000: score=10.679499 loss=-0.285477 valid=1.0000 routes=9.107 grad=3.2999 seconds=14.5
Epoch  480/5000: score=11.011521 loss=-0.288626 valid=1.0000 routes=9.215 grad=3.3384 seconds=14.5
Epoch  481/5000: score=11.313691 loss=-0.301423 valid=1.0000 routes=9.595 grad=3.6205 seconds=14.4
Epoch  482/5000: score=10.285372 loss=-0.274469 valid=1.0000 routes=8.995 grad=3.0770 seconds=14.4
Epoch  483/5000: score=10.662824 loss=-0.274498 valid=1.0000 routes=8.489 grad=3.0184 seconds=14.2
Epoch  484/5000: score=10.431711 loss=-0.273888 valid=1.0000 routes=9.092 grad=3.1556 seconds=14.4
Epoch  485/5000: score=10.922446 loss=-0.295914 valid=1.0000 routes=9.531 grad=3.5593 seconds=14.2
Epoch  486/5000: score=10.912583 loss=-0.291035 valid=1.0000 routes=9.182 grad=3.3716 seconds=14.4
Epoch  487/5000: score=10.887754 loss=-0.290240 valid=1.0000 routes=9.118 grad=3.4239 seconds=14.4
Epoch  488/5000: score=10.638029 loss=-0.279952 valid=1.0000 routes=9.136 grad=3.2863 seconds=14.3
Epoch  489/5000: score=10.674390 loss=-0.272227 valid=1.0000 routes=8.934 grad=3.1035 seconds=14.3
Epoch  490/5000: score=10.990306 loss=-0.290075 valid=1.0000 routes=9.073 grad=3.4657 seconds=14.4
Epoch  491/5000: score=10.559059 loss=-0.277455 valid=1.0000 routes=8.677 grad=3.1486 seconds=14.4
Epoch  492/5000: score=10.758432 loss=-0.277103 valid=1.0000 routes=9.381 grad=3.3322 seconds=14.2
Epoch  493/5000: score=10.924317 loss=-0.279835 valid=1.0000 routes=9.030 grad=3.3385 seconds=14.4
Epoch  494/5000: score=10.897399 loss=-0.283108 valid=1.0000 routes=9.043 grad=3.3738 seconds=14.3
Epoch  495/5000: score=10.617882 loss=-0.281064 valid=1.0000 routes=8.856 grad=3.2256 seconds=14.3
Epoch  496/5000: score=11.019531 loss=-0.287860 valid=1.0000 routes=9.017 grad=3.5023 seconds=14.4
Epoch  497/5000: score=10.906826 loss=-0.283752 valid=1.0000 routes=9.118 grad=3.3892 seconds=14.4
Epoch  498/5000: score=11.050494 loss=-0.281374 valid=1.0000 routes=8.679 grad=3.3004 seconds=14.3
Epoch  499/5000: score=10.900560 loss=-0.282306 valid=1.0000 routes=9.539 grad=3.4536 seconds=14.3
Epoch  500/5000: score=10.616493 loss=-0.273225 valid=1.0000 routes=8.712 grad=3.1389 seconds=14.3
Epoch  501/5000: score=10.900827 loss=-0.283535 valid=1.0000 routes=9.348 grad=3.4493 seconds=14.3
Epoch  502/5000: score=10.521750 loss=-0.267209 valid=1.0000 routes=8.926 grad=3.0555 seconds=14.4
Epoch  503/5000: score=11.129638 loss=-0.296011 valid=1.0000 routes=9.412 grad=3.5792 seconds=14.5
Epoch  504/5000: score=10.905031 loss=-0.282210 valid=1.0000 routes=8.880 grad=3.3536 seconds=14.3
Epoch  505/5000: score=11.250409 loss=-0.290048 valid=1.0000 routes=8.975 grad=3.5215 seconds=14.4
Epoch  506/5000: score=10.527546 loss=-0.276287 valid=1.0000 routes=8.643 grad=3.2209 seconds=14.4
Epoch  507/5000: score=10.842031 loss=-0.284311 valid=1.0000 routes=9.388 grad=3.4369 seconds=14.4
Epoch  508/5000: score=10.723226 loss=-0.280949 valid=1.0000 routes=9.269 grad=3.3783 seconds=14.3
Epoch  509/5000: score=10.819701 loss=-0.274424 valid=1.0000 routes=9.195 grad=3.1873 seconds=14.4
Epoch  510/5000: score=10.779629 loss=-0.278496 valid=1.0000 routes=9.373 grad=3.4116 seconds=14.4
Epoch  511/5000: score=10.994252 loss=-0.283459 valid=1.0000 routes=8.991 grad=3.4280 seconds=14.3
Epoch  512/5000: score=10.969869 loss=-0.279660 valid=1.0000 routes=9.501 grad=3.4517 seconds=14.3
Epoch  513/5000: score=10.904357 loss=-0.281857 valid=1.0000 routes=8.880 grad=3.3627 seconds=14.4
Epoch  514/5000: score=10.727901 loss=-0.277030 valid=1.0000 routes=8.801 grad=3.2514 seconds=14.4
Epoch  515/5000: score=11.022390 loss=-0.266304 valid=1.0000 routes=9.011 grad=3.2501 seconds=14.2
Epoch  516/5000: score=10.795612 loss=-0.270839 valid=1.0000 routes=8.927 grad=3.1302 seconds=14.3
Epoch  517/5000: score=10.183087 loss=-0.272426 valid=1.0000 routes=8.700 grad=3.0664 seconds=14.3
Epoch  518/5000: score=10.860195 loss=-0.283681 valid=1.0000 routes=9.196 grad=3.3918 seconds=14.4
Epoch  519/5000: score=10.874100 loss=-0.280680 valid=1.0000 routes=8.988 grad=3.3003 seconds=14.4
Epoch  520/5000: score=11.106901 loss=-0.280784 valid=1.0000 routes=8.885 grad=3.3768 seconds=14.5
Epoch  521/5000: score=10.617102 loss=-0.278809 valid=1.0000 routes=8.632 grad=3.2204 seconds=14.5
Epoch  522/5000: score=10.934652 loss=-0.281798 valid=1.0000 routes=8.702 grad=3.2418 seconds=14.5
Epoch  523/5000: score=10.703030 loss=-0.282999 valid=1.0000 routes=9.445 grad=3.4826 seconds=14.4
Epoch  524/5000: score=10.937225 loss=-0.278718 valid=1.0000 routes=8.973 grad=3.3325 seconds=14.4
Epoch  525/5000: score=11.026876 loss=-0.284850 valid=1.0000 routes=9.166 grad=3.4967 seconds=14.4
Epoch  526/5000: score=10.328102 loss=-0.271774 valid=1.0000 routes=9.096 grad=3.1673 seconds=14.5
Epoch  527/5000: score=10.649092 loss=-0.277544 valid=1.0000 routes=8.877 grad=3.2207 seconds=14.3
Epoch  528/5000: score=10.734201 loss=-0.275564 valid=1.0000 routes=8.646 grad=3.2093 seconds=14.4
Epoch  529/5000: score=10.759112 loss=-0.277329 valid=1.0000 routes=9.045 grad=3.2109 seconds=14.3
Epoch  530/5000: score=11.112894 loss=-0.274974 valid=1.0000 routes=8.435 grad=3.2550 seconds=14.3
Epoch  531/5000: score=11.065578 loss=-0.280458 valid=1.0000 routes=9.376 grad=3.4815 seconds=14.4
Epoch  532/5000: score=11.174488 loss=-0.290826 valid=1.0000 routes=9.202 grad=3.5956 seconds=14.3
Epoch  533/5000: score=10.838130 loss=-0.277230 valid=1.0000 routes=9.008 grad=3.2969 seconds=14.3
Epoch  534/5000: score=10.336620 loss=-0.269122 valid=1.0000 routes=8.912 grad=3.1270 seconds=14.2
Epoch  535/5000: score=10.589306 loss=-0.270886 valid=1.0000 routes=8.755 grad=3.1914 seconds=14.3
Epoch  536/5000: score=10.959350 loss=-0.278307 valid=1.0000 routes=9.186 grad=3.3873 seconds=14.4
Epoch  537/5000: score=10.730664 loss=-0.278680 valid=1.0000 routes=8.592 grad=3.1677 seconds=14.5
Epoch  538/5000: score=10.702348 loss=-0.267068 valid=1.0000 routes=8.933 grad=3.1508 seconds=14.4
Epoch  539/5000: score=10.612369 loss=-0.282489 valid=1.0000 routes=9.053 grad=3.3238 seconds=14.3
Epoch  540/5000: score=10.855013 loss=-0.273674 valid=1.0000 routes=8.791 grad=3.1591 seconds=14.2
Epoch  541/5000: score=10.894739 loss=-0.283429 valid=1.0000 routes=8.968 grad=3.4899 seconds=14.4
Epoch  542/5000: score=10.937151 loss=-0.273550 valid=1.0000 routes=8.645 grad=3.2363 seconds=14.3
Epoch  543/5000: score=10.527033 loss=-0.275398 valid=1.0000 routes=9.177 grad=3.3136 seconds=14.3
Epoch  544/5000: score=10.914526 loss=-0.275102 valid=1.0000 routes=8.873 grad=3.3545 seconds=14.3
Epoch  545/5000: score=10.675301 loss=-0.268657 valid=1.0000 routes=8.572 grad=3.1470 seconds=14.3
Epoch  546/5000: score=10.926777 loss=-0.279497 valid=1.0000 routes=9.271 grad=3.3822 seconds=14.4
Epoch  547/5000: score=10.722681 loss=-0.270673 valid=1.0000 routes=8.643 grad=3.1007 seconds=14.5
Epoch  548/5000: score=11.090842 loss=-0.288785 valid=1.0000 routes=9.640 grad=3.6413 seconds=14.4
Epoch  549/5000: score=10.476392 loss=-0.263663 valid=1.0000 routes=8.481 grad=3.0286 seconds=14.5
Epoch  550/5000: score=11.049606 loss=-0.289236 valid=1.0000 routes=9.348 grad=3.6334 seconds=14.3
Epoch  551/5000: score=11.198761 loss=-0.281114 valid=1.0000 routes=9.183 grad=3.6667 seconds=14.4
Epoch  552/5000: score=10.928247 loss=-0.280570 valid=1.0000 routes=8.977 grad=3.3719 seconds=14.5
Epoch  553/5000: score=10.536194 loss=-0.281064 valid=1.0000 routes=9.085 grad=3.3220 seconds=14.4
Epoch  554/5000: score=10.719960 loss=-0.277300 valid=1.0000 routes=8.989 grad=3.3999 seconds=14.5
Epoch  555/5000: score=10.674700 loss=-0.274462 valid=1.0000 routes=8.807 grad=3.2263 seconds=14.5
Epoch  556/5000: score=10.539739 loss=-0.263301 valid=1.0000 routes=8.598 grad=3.0113 seconds=14.3
Epoch  557/5000: score=10.652496 loss=-0.284755 valid=1.0000 routes=9.416 grad=3.5314 seconds=14.4
Epoch  558/5000: score=10.566564 loss=-0.271673 valid=1.0000 routes=8.909 grad=3.1818 seconds=14.5
Epoch  559/5000: score=10.674745 loss=-0.269589 valid=1.0000 routes=8.525 grad=3.1475 seconds=14.3
Epoch  560/5000: score=11.380965 loss=-0.289680 valid=1.0000 routes=9.330 grad=3.6827 seconds=14.4
Epoch  561/5000: score=10.500700 loss=-0.272248 valid=1.0000 routes=8.930 grad=3.2412 seconds=14.4
Epoch  562/5000: score=10.353824 loss=-0.259183 valid=1.0000 routes=8.804 grad=3.0684 seconds=14.3
Epoch  563/5000: score=10.459806 loss=-0.271615 valid=1.0000 routes=9.081 grad=3.1985 seconds=14.3
Epoch  564/5000: score=10.226652 loss=-0.263987 valid=1.0000 routes=9.048 grad=3.0464 seconds=14.4
Epoch  565/5000: score=10.811834 loss=-0.277040 valid=1.0000 routes=9.254 grad=3.4849 seconds=14.4
Epoch  566/5000: score=10.811149 loss=-0.274382 valid=1.0000 routes=8.962 grad=3.3215 seconds=14.4
Epoch  567/5000: score=10.831596 loss=-0.273410 valid=1.0000 routes=9.172 grad=3.3310 seconds=14.4
Epoch  568/5000: score=10.968393 loss=-0.285493 valid=1.0000 routes=9.424 grad=3.6299 seconds=14.3
Epoch  569/5000: score=10.855586 loss=-0.266849 valid=1.0000 routes=8.778 grad=3.2698 seconds=14.4
Epoch  570/5000: score=11.000151 loss=-0.268972 valid=1.0000 routes=8.927 grad=3.1971 seconds=14.3
Epoch  571/5000: score=10.502671 loss=-0.271699 valid=1.0000 routes=8.761 grad=3.2926 seconds=14.5
Epoch  572/5000: score=10.511595 loss=-0.261384 valid=1.0000 routes=8.313 grad=2.9086 seconds=14.3
Epoch  573/5000: score=10.565655 loss=-0.265274 valid=1.0000 routes=8.996 grad=3.1507 seconds=14.3
Epoch  574/5000: score=10.264664 loss=-0.268804 valid=1.0000 routes=8.826 grad=3.1573 seconds=14.3
Epoch  575/5000: score=10.428312 loss=-0.265560 valid=1.0000 routes=8.855 grad=3.0763 seconds=14.2
Epoch  576/5000: score=10.894722 loss=-0.271401 valid=1.0000 routes=9.075 grad=3.3489 seconds=14.3
Epoch  577/5000: score=10.684563 loss=-0.277734 valid=1.0000 routes=9.112 grad=3.3570 seconds=14.4
Epoch  578/5000: score=11.021607 loss=-0.291856 valid=1.0000 routes=9.138 grad=3.5128 seconds=14.4
Epoch  579/5000: score=10.167532 loss=-0.256449 valid=1.0000 routes=8.571 grad=2.9708 seconds=14.4
Epoch  580/5000: score=10.274590 loss=-0.277386 valid=1.0000 routes=8.982 grad=3.3095 seconds=14.4
Epoch  581/5000: score=11.224156 loss=-0.286259 valid=1.0000 routes=8.990 grad=3.5920 seconds=14.3
Epoch  582/5000: score=10.913443 loss=-0.280919 valid=1.0000 routes=9.125 grad=3.4628 seconds=14.7
Epoch  583/5000: score=11.064827 loss=-0.284689 valid=1.0000 routes=8.984 grad=3.4606 seconds=14.8
Epoch  584/5000: score=10.540136 loss=-0.263880 valid=1.0000 routes=8.298 grad=3.0996 seconds=14.5
Epoch  585/5000: score=10.340155 loss=-0.262057 valid=1.0000 routes=8.870 grad=3.1848 seconds=14.7
Epoch  586/5000: score=11.234245 loss=-0.290357 valid=1.0000 routes=9.733 grad=3.7663 seconds=14.5
Epoch  587/5000: score=10.601921 loss=-0.263433 valid=1.0000 routes=8.769 grad=3.1923 seconds=14.4
Epoch  588/5000: score=10.634096 loss=-0.264148 valid=1.0000 routes=8.791 grad=3.0219 seconds=14.4
Epoch  589/5000: score=10.877660 loss=-0.273563 valid=1.0000 routes=8.872 grad=3.3698 seconds=14.5
Epoch  590/5000: score=10.389759 loss=-0.255905 valid=1.0000 routes=8.484 grad=2.9359 seconds=14.4
Epoch  591/5000: score=10.732528 loss=-0.275849 valid=1.0000 routes=8.960 grad=3.3437 seconds=14.4
Epoch  592/5000: score=10.739071 loss=-0.268973 valid=1.0000 routes=8.780 grad=3.2096 seconds=14.4
Epoch  593/5000: score=10.688405 loss=-0.263110 valid=1.0000 routes=9.097 grad=3.2104 seconds=14.4
Epoch  594/5000: score=10.971992 loss=-0.268467 valid=1.0000 routes=9.197 grad=3.3479 seconds=14.5
Epoch  595/5000: score=10.690777 loss=-0.267457 valid=1.0000 routes=9.140 grad=3.2982 seconds=14.5
Epoch  596/5000: score=11.205535 loss=-0.292753 valid=1.0000 routes=9.280 grad=3.7630 seconds=14.5
Epoch  597/5000: score=10.719131 loss=-0.274310 valid=1.0000 routes=8.895 grad=3.3740 seconds=14.4
Epoch  598/5000: score=10.785345 loss=-0.266667 valid=1.0000 routes=8.996 grad=3.3673 seconds=14.4
Epoch  599/5000: score=10.501170 loss=-0.268831 valid=1.0000 routes=8.695 grad=3.2316 seconds=14.4
Epoch  600/5000: score=11.126704 loss=-0.275507 valid=1.0000 routes=8.534 grad=3.4327 seconds=14.4
Epoch  601/5000: score=10.803779 loss=-0.269893 valid=1.0000 routes=8.861 grad=3.2932 seconds=14.3
Epoch  602/5000: score=10.876202 loss=-0.269613 valid=1.0000 routes=8.718 grad=3.2570 seconds=14.3
Epoch  603/5000: score=10.893685 loss=-0.264551 valid=1.0000 routes=8.983 grad=3.2474 seconds=14.3
Epoch  604/5000: score=11.035933 loss=-0.276362 valid=1.0000 routes=8.924 grad=3.4103 seconds=14.3
Epoch  605/5000: score=10.858018 loss=-0.267833 valid=1.0000 routes=8.852 grad=3.2793 seconds=14.3
Epoch  606/5000: score=10.797277 loss=-0.269507 valid=1.0000 routes=8.626 grad=3.2208 seconds=14.4
Epoch  607/5000: score=10.547600 loss=-0.266692 valid=1.0000 routes=9.366 grad=3.3065 seconds=14.4
Epoch  608/5000: score=11.035416 loss=-0.276201 valid=1.0000 routes=9.344 grad=3.4522 seconds=14.4
Epoch  609/5000: score=10.622013 loss=-0.270962 valid=1.0000 routes=8.915 grad=3.2946 seconds=14.4
Epoch  610/5000: score=10.582414 loss=-0.275711 valid=1.0000 routes=8.667 grad=3.3104 seconds=14.4
Epoch  611/5000: score=10.811486 loss=-0.267889 valid=1.0000 routes=8.849 grad=3.2906 seconds=14.4
Epoch  612/5000: score=10.989481 loss=-0.274713 valid=1.0000 routes=8.987 grad=3.3899 seconds=14.3
Epoch  613/5000: score=11.389054 loss=-0.277298 valid=1.0000 routes=9.002 grad=3.5539 seconds=14.3
Epoch  614/5000: score=10.660938 loss=-0.263233 valid=1.0000 routes=8.802 grad=3.2379 seconds=14.4
Epoch  615/5000: score=10.729790 loss=-0.256992 valid=1.0000 routes=8.803 grad=3.1095 seconds=14.3
Epoch  616/5000: score=10.461789 loss=-0.266701 valid=1.0000 routes=8.672 grad=3.2886 seconds=14.5
Epoch  617/5000: score=11.102870 loss=-0.273312 valid=1.0000 routes=8.718 grad=3.4335 seconds=14.5
Epoch  618/5000: score=10.872661 loss=-0.266740 valid=1.0000 routes=8.648 grad=3.2349 seconds=14.4
Epoch  619/5000: score=10.856287 loss=-0.262998 valid=1.0000 routes=8.472 grad=3.1898 seconds=14.5
Epoch  620/5000: score=10.340904 loss=-0.261641 valid=1.0000 routes=8.632 grad=3.0347 seconds=14.3
Epoch  621/5000: score=11.002416 loss=-0.287188 valid=1.0000 routes=9.402 grad=3.6951 seconds=14.4
Epoch  622/5000: score=10.515018 loss=-0.271689 valid=1.0000 routes=9.093 grad=3.3755 seconds=14.5
Epoch  623/5000: score=10.904145 loss=-0.276604 valid=1.0000 routes=8.659 grad=3.4582 seconds=14.5
Epoch  624/5000: score=10.973709 loss=-0.268340 valid=1.0000 routes=8.859 grad=3.2595 seconds=14.3
Epoch  625/5000: score=10.860953 loss=-0.272018 valid=1.0000 routes=9.038 grad=3.4157 seconds=14.5
Epoch  626/5000: score=10.518226 loss=-0.259016 valid=1.0000 routes=8.442 grad=3.0911 seconds=14.3
Epoch  627/5000: score=11.097191 loss=-0.265622 valid=1.0000 routes=8.978 grad=3.3715 seconds=14.4
Epoch  628/5000: score=10.714040 loss=-0.275466 valid=1.0000 routes=9.191 grad=3.4089 seconds=14.4
Epoch  629/5000: score=11.341113 loss=-0.283465 valid=1.0000 routes=8.985 grad=3.6119 seconds=14.4
Epoch  630/5000: score=10.595469 loss=-0.268812 valid=1.0000 routes=8.589 grad=3.2257 seconds=14.5
Epoch  631/5000: score=10.618247 loss=-0.275405 valid=1.0000 routes=9.170 grad=3.4551 seconds=14.5
Epoch  632/5000: score=10.734798 loss=-0.277123 valid=1.0000 routes=9.498 grad=3.4327 seconds=14.3
Epoch  633/5000: score=10.759687 loss=-0.270364 valid=1.0000 routes=8.761 grad=3.2998 seconds=14.3
Epoch  634/5000: score=10.496715 loss=-0.253185 valid=1.0000 routes=8.088 grad=2.9109 seconds=14.4
Epoch  635/5000: score=11.170909 loss=-0.275036 valid=1.0000 routes=9.307 grad=3.5767 seconds=14.4
Epoch  636/5000: score=10.540302 loss=-0.257638 valid=1.0000 routes=8.686 grad=3.1062 seconds=14.4
Epoch  637/5000: score=10.759007 loss=-0.271755 valid=1.0000 routes=8.781 grad=3.4370 seconds=14.5
Epoch  638/5000: score=10.921084 loss=-0.282003 valid=1.0000 routes=9.347 grad=3.5696 seconds=14.3
Epoch  639/5000: score=10.929570 loss=-0.275612 valid=1.0000 routes=8.820 grad=3.3694 seconds=14.2
Epoch  640/5000: score=10.944343 loss=-0.266474 valid=1.0000 routes=8.887 grad=3.4236 seconds=14.4
Epoch  641/5000: score=10.659773 loss=-0.266237 valid=1.0000 routes=9.133 grad=3.4396 seconds=14.4
Epoch  642/5000: score=10.806513 loss=-0.275314 valid=1.0000 routes=9.052 grad=3.5479 seconds=14.4
Epoch  643/5000: score=10.691425 loss=-0.274450 valid=1.0000 routes=8.852 grad=3.3592 seconds=14.3
Epoch  644/5000: score=10.608556 loss=-0.274515 valid=1.0000 routes=9.102 grad=3.4476 seconds=14.5
Epoch  645/5000: score=10.829075 loss=-0.262616 valid=1.0000 routes=9.046 grad=3.2894 seconds=14.4
Epoch  646/5000: score=10.944371 loss=-0.269080 valid=1.0000 routes=8.929 grad=3.4027 seconds=14.5
Epoch  647/5000: score=10.351344 loss=-0.259815 valid=1.0000 routes=9.050 grad=3.2641 seconds=14.5
Epoch  648/5000: score=10.718695 loss=-0.266197 valid=1.0000 routes=8.949 grad=3.2966 seconds=14.4
Epoch  649/5000: score=10.884116 loss=-0.279062 valid=1.0000 routes=9.366 grad=3.5732 seconds=14.5
Epoch  650/5000: score=10.728880 loss=-0.279167 valid=1.0000 routes=9.295 grad=3.5910 seconds=14.6
Epoch  651/5000: score=10.670634 loss=-0.260126 valid=1.0000 routes=8.546 grad=3.0872 seconds=14.5
Epoch  652/5000: score=10.674362 loss=-0.248120 valid=1.0000 routes=8.514 grad=3.0638 seconds=14.5
Epoch  653/5000: score=10.602098 loss=-0.266121 valid=1.0000 routes=8.700 grad=3.2392 seconds=14.5
Epoch  654/5000: score=11.670206 loss=-0.292852 valid=1.0000 routes=9.175 grad=3.8540 seconds=14.5
Epoch  655/5000: score=10.714945 loss=-0.262918 valid=1.0000 routes=8.856 grad=3.2553 seconds=14.4
Epoch  656/5000: score=10.515317 loss=-0.263663 valid=1.0000 routes=8.732 grad=3.1740 seconds=14.4
Epoch  657/5000: score=10.859408 loss=-0.270722 valid=1.0000 routes=9.279 grad=3.4807 seconds=14.5
Epoch  658/5000: score=10.577770 loss=-0.258893 valid=1.0000 routes=8.657 grad=3.1620 seconds=14.5
Epoch  659/5000: score=10.661291 loss=-0.267315 valid=1.0000 routes=9.163 grad=3.3623 seconds=14.4
Epoch  660/5000: score=10.373387 loss=-0.261712 valid=1.0000 routes=9.165 grad=3.2342 seconds=14.5
Epoch  661/5000: score=10.390027 loss=-0.263183 valid=1.0000 routes=8.324 grad=3.1457 seconds=14.5
Epoch  662/5000: score=10.688488 loss=-0.263018 valid=1.0000 routes=9.015 grad=3.2681 seconds=14.4
Epoch  663/5000: score=10.641272 loss=-0.263761 valid=1.0000 routes=9.087 grad=3.2534 seconds=14.4
Epoch  664/5000: score=10.504512 loss=-0.255935 valid=1.0000 routes=8.544 grad=3.0330 seconds=14.5
Epoch  665/5000: score=10.744126 loss=-0.270039 valid=1.0000 routes=8.857 grad=3.3498 seconds=14.4
Epoch  666/5000: score=10.770310 loss=-0.276073 valid=1.0000 routes=9.049 grad=3.4035 seconds=14.3
Epoch  667/5000: score=10.743907 loss=-0.261261 valid=1.0000 routes=9.046 grad=3.2674 seconds=14.3
Epoch  668/5000: score=11.093790 loss=-0.276709 valid=1.0000 routes=9.214 grad=3.5680 seconds=14.4
Epoch  669/5000: score=10.615193 loss=-0.266894 valid=1.0000 routes=9.420 grad=3.3379 seconds=14.3
Epoch  670/5000: score=11.021384 loss=-0.273017 valid=1.0000 routes=9.225 grad=3.4005 seconds=14.4
Epoch  671/5000: score=10.410229 loss=-0.262373 valid=1.0000 routes=8.927 grad=3.2988 seconds=14.4
Epoch  672/5000: score=10.643141 loss=-0.263175 valid=1.0000 routes=8.873 grad=3.2219 seconds=14.3
Epoch  673/5000: score=10.753346 loss=-0.267090 valid=1.0000 routes=9.108 grad=3.3747 seconds=14.4
Epoch  674/5000: score=10.460958 loss=-0.257037 valid=1.0000 routes=8.933 grad=3.1648 seconds=14.4
Epoch  675/5000: score=10.415289 loss=-0.259443 valid=1.0000 routes=8.479 grad=3.0892 seconds=14.4
Epoch  676/5000: score=10.763968 loss=-0.267058 valid=1.0000 routes=8.816 grad=3.2806 seconds=14.3
Epoch  677/5000: score=10.897951 loss=-0.276264 valid=1.0000 routes=9.332 grad=3.4940 seconds=14.3
Epoch  678/5000: score=11.081995 loss=-0.273858 valid=1.0000 routes=9.747 grad=3.5720 seconds=14.4
Epoch  679/5000: score=10.437990 loss=-0.253644 valid=1.0000 routes=8.598 grad=2.9693 seconds=14.3
Epoch  680/5000: score=11.184694 loss=-0.267330 valid=1.0000 routes=8.987 grad=3.4238 seconds=14.3
Epoch  681/5000: score=10.436984 loss=-0.257237 valid=1.0000 routes=8.582 grad=3.0878 seconds=14.3
Epoch  682/5000: score=10.666765 loss=-0.258439 valid=1.0000 routes=8.978 grad=3.2515 seconds=14.2
Epoch  683/5000: score=10.724415 loss=-0.260544 valid=1.0000 routes=8.614 grad=3.2538 seconds=14.5
Epoch  684/5000: score=11.274298 loss=-0.264801 valid=1.0000 routes=8.870 grad=3.3908 seconds=14.3
Epoch  685/5000: score=10.830677 loss=-0.275226 valid=1.0000 routes=9.323 grad=3.6382 seconds=14.4
Epoch  686/5000: score=10.445209 loss=-0.255995 valid=1.0000 routes=9.030 grad=3.1795 seconds=14.3
Epoch  687/5000: score=10.604103 loss=-0.262819 valid=1.0000 routes=9.047 grad=3.2987 seconds=14.4
Epoch  688/5000: score=11.039709 loss=-0.270919 valid=1.0000 routes=9.261 grad=3.5695 seconds=14.4
Epoch  689/5000: score=10.934057 loss=-0.267796 valid=1.0000 routes=8.828 grad=3.4588 seconds=14.3
Epoch  690/5000: score=10.945282 loss=-0.267716 valid=1.0000 routes=9.056 grad=3.4518 seconds=14.4
Epoch  691/5000: score=10.749619 loss=-0.253473 valid=1.0000 routes=8.614 grad=3.1272 seconds=14.4
Epoch  692/5000: score=10.748886 loss=-0.254408 valid=1.0000 routes=8.908 grad=3.2486 seconds=14.2
Epoch  693/5000: score=10.813351 loss=-0.259269 valid=1.0000 routes=8.843 grad=3.3011 seconds=14.2
Epoch  694/5000: score=10.407940 loss=-0.248012 valid=1.0000 routes=8.753 grad=3.0546 seconds=14.2
Epoch  695/5000: score=10.834927 loss=-0.261673 valid=1.0000 routes=8.914 grad=3.3098 seconds=14.3
Epoch  696/5000: score=10.940890 loss=-0.261709 valid=1.0000 routes=8.599 grad=3.3387 seconds=14.5
Epoch  697/5000: score=10.984798 loss=-0.251474 valid=1.0000 routes=8.742 grad=3.1809 seconds=14.3
Epoch  698/5000: score=10.732352 loss=-0.264008 valid=1.0000 routes=9.283 grad=3.3867 seconds=14.3
Epoch  699/5000: score=10.667528 loss=-0.251530 valid=1.0000 routes=8.556 grad=3.1646 seconds=14.4
Epoch  700/5000: score=10.654090 loss=-0.271140 valid=1.0000 routes=9.246 grad=3.4220 seconds=14.2
Epoch  701/5000: score=10.676113 loss=-0.259836 valid=1.0000 routes=8.923 grad=3.2959 seconds=14.9
Epoch  702/5000: score=10.466932 loss=-0.256828 valid=1.0000 routes=9.031 grad=3.2247 seconds=14.3
Epoch  703/5000: score=11.077129 loss=-0.262062 valid=1.0000 routes=9.304 grad=3.4776 seconds=14.3
Epoch  704/5000: score=10.931107 loss=-0.253903 valid=1.0000 routes=8.591 grad=3.2599 seconds=13.9
Epoch  705/5000: score=11.317991 loss=-0.272594 valid=1.0000 routes=9.467 grad=3.6824 seconds=14.4
Epoch  706/5000: score=10.555499 loss=-0.263558 valid=1.0000 routes=8.648 grad=3.2541 seconds=14.4
Epoch  707/5000: score=11.211662 loss=-0.269737 valid=1.0000 routes=9.190 grad=3.4422 seconds=14.4
Epoch  708/5000: score=10.801217 loss=-0.262577 valid=1.0000 routes=8.972 grad=3.3633 seconds=14.6
Epoch  709/5000: score=11.022005 loss=-0.265893 valid=1.0000 routes=9.174 grad=3.4948 seconds=14.5
Epoch  710/5000: score=10.584440 loss=-0.265222 valid=1.0000 routes=8.907 grad=3.3976 seconds=14.6
Epoch  711/5000: score=11.001266 loss=-0.272565 valid=1.0000 routes=8.824 grad=3.4308 seconds=14.4
Epoch  712/5000: score=10.915151 loss=-0.266987 valid=1.0000 routes=9.184 grad=3.4725 seconds=14.5
Epoch  713/5000: score=10.474257 loss=-0.262350 valid=1.0000 routes=8.706 grad=3.2207 seconds=14.5
Epoch  714/5000: score=10.690995 loss=-0.263488 valid=1.0000 routes=8.845 grad=3.2717 seconds=14.4
Epoch  715/5000: score=10.484811 loss=-0.251152 valid=1.0000 routes=8.758 grad=3.0572 seconds=14.5
Epoch  716/5000: score=10.661923 loss=-0.252442 valid=1.0000 routes=8.858 grad=3.1064 seconds=14.4
Epoch  717/5000: score=10.570457 loss=-0.253872 valid=1.0000 routes=8.553 grad=3.1462 seconds=14.7
Epoch  718/5000: score=10.306803 loss=-0.250096 valid=1.0000 routes=8.849 grad=3.0275 seconds=14.5
Epoch  719/5000: score=10.974353 loss=-0.274753 valid=1.0000 routes=8.905 grad=3.6245 seconds=14.7
Epoch  720/5000: score=10.946821 loss=-0.265782 valid=1.0000 routes=8.898 grad=3.4255 seconds=14.6
Epoch  721/5000: score=10.741329 loss=-0.264905 valid=1.0000 routes=9.057 grad=3.4366 seconds=14.5
Epoch  722/5000: score=11.105578 loss=-0.260953 valid=1.0000 routes=8.872 grad=3.3274 seconds=14.4
Epoch  723/5000: score=10.998607 loss=-0.272807 valid=1.0000 routes=9.170 grad=3.4935 seconds=14.6
Epoch  724/5000: score=10.887014 loss=-0.270780 valid=1.0000 routes=9.046 grad=3.5081 seconds=14.4
Epoch  725/5000: score=10.961379 loss=-0.272645 valid=1.0000 routes=9.047 grad=3.4934 seconds=14.3
Epoch  726/5000: score=11.301883 loss=-0.281674 valid=1.0000 routes=9.291 grad=3.7113 seconds=14.5
Epoch  727/5000: score=11.054942 loss=-0.272052 valid=1.0000 routes=9.089 grad=3.4957 seconds=14.4
Epoch  728/5000: score=10.414805 loss=-0.252631 valid=1.0000 routes=8.642 grad=3.1141 seconds=14.4
Epoch  729/5000: score=10.484299 loss=-0.269061 valid=1.0000 routes=9.197 grad=3.4494 seconds=14.5
Epoch  730/5000: score=10.487611 loss=-0.262272 valid=1.0000 routes=8.971 grad=3.3281 seconds=14.4
Epoch  731/5000: score=10.138898 loss=-0.255887 valid=1.0000 routes=8.399 grad=3.0297 seconds=14.4
Epoch  732/5000: score=10.536056 loss=-0.264583 valid=1.0000 routes=8.902 grad=3.2856 seconds=14.3
Epoch  733/5000: score=10.503826 loss=-0.252563 valid=1.0000 routes=9.047 grad=3.2050 seconds=14.4
Epoch  734/5000: score=10.391188 loss=-0.249687 valid=1.0000 routes=8.505 grad=3.0910 seconds=14.4
Epoch  735/5000: score=10.382612 loss=-0.259979 valid=1.0000 routes=8.947 grad=3.3009 seconds=14.4
Epoch  736/5000: score=10.994570 loss=-0.266144 valid=1.0000 routes=8.711 grad=3.3314 seconds=14.4
Epoch  737/5000: score=10.672852 loss=-0.260961 valid=1.0000 routes=8.610 grad=3.2557 seconds=14.4
Epoch  738/5000: score=10.617340 loss=-0.257878 valid=1.0000 routes=9.225 grad=3.3103 seconds=14.3
Epoch  739/5000: score=10.925816 loss=-0.256418 valid=1.0000 routes=8.590 grad=3.2708 seconds=14.3
Epoch  740/5000: score=10.466208 loss=-0.256056 valid=1.0000 routes=8.762 grad=3.0746 seconds=14.3
Epoch  741/5000: score=10.614755 loss=-0.255851 valid=1.0000 routes=8.941 grad=3.3097 seconds=14.4
Epoch  742/5000: score=10.744331 loss=-0.264576 valid=1.0000 routes=8.913 grad=3.4409 seconds=14.4
Epoch  743/5000: score=10.662324 loss=-0.247538 valid=1.0000 routes=8.531 grad=3.0667 seconds=14.3
Epoch  744/5000: score=11.054979 loss=-0.264479 valid=1.0000 routes=9.103 grad=3.5478 seconds=14.4
Epoch  745/5000: score=10.787276 loss=-0.258084 valid=1.0000 routes=8.777 grad=3.2710 seconds=14.3
Epoch  746/5000: score=10.968458 loss=-0.271795 valid=1.0000 routes=9.313 grad=3.5404 seconds=14.4
Epoch  747/5000: score=10.629302 loss=-0.260967 valid=1.0000 routes=8.917 grad=3.3096 seconds=14.4
Epoch  748/5000: score=10.679924 loss=-0.264630 valid=1.0000 routes=8.787 grad=3.3502 seconds=14.3
Epoch  749/5000: score=10.849431 loss=-0.258593 valid=1.0000 routes=8.918 grad=3.2253 seconds=14.3
Epoch  750/5000: score=10.763427 loss=-0.259421 valid=1.0000 routes=8.892 grad=3.3257 seconds=14.3
Epoch  751/5000: score=10.695636 loss=-0.258631 valid=1.0000 routes=9.138 grad=3.3129 seconds=14.3
Epoch  752/5000: score=10.489178 loss=-0.255520 valid=1.0000 routes=8.601 grad=3.2367 seconds=14.4
Epoch  753/5000: score=11.214180 loss=-0.271444 valid=1.0000 routes=9.292 grad=3.6256 seconds=14.3
Epoch  754/5000: score=10.602529 loss=-0.248254 valid=1.0000 routes=9.060 grad=3.0827 seconds=14.3
Epoch  755/5000: score=10.497981 loss=-0.262621 valid=1.0000 routes=9.085 grad=3.2973 seconds=14.3
Epoch  756/5000: score=10.687288 loss=-0.272574 valid=1.0000 routes=9.012 grad=3.4727 seconds=14.3
Epoch  757/5000: score=10.926451 loss=-0.264495 valid=1.0000 routes=9.189 grad=3.4749 seconds=14.4
Epoch  758/5000: score=11.112958 loss=-0.275460 valid=1.0000 routes=9.035 grad=3.6002 seconds=14.3
Epoch  759/5000: score=10.872405 loss=-0.271081 valid=1.0000 routes=9.179 grad=3.5018 seconds=14.2
Epoch  760/5000: score=10.820355 loss=-0.257579 valid=1.0000 routes=8.978 grad=3.3140 seconds=14.3
Epoch  761/5000: score=11.048887 loss=-0.271419 valid=1.0000 routes=9.243 grad=3.5374 seconds=14.4
Epoch  762/5000: score=10.985594 loss=-0.272464 valid=1.0000 routes=8.852 grad=3.5504 seconds=14.4
Epoch  763/5000: score=10.301986 loss=-0.248267 valid=1.0000 routes=8.530 grad=3.0437 seconds=14.4
Epoch  764/5000: score=10.282793 loss=-0.245175 valid=1.0000 routes=8.910 grad=3.1002 seconds=14.5
Epoch  765/5000: score=10.749019 loss=-0.248983 valid=1.0000 routes=8.554 grad=3.0811 seconds=14.3
Epoch  766/5000: score=10.677058 loss=-0.254291 valid=1.0000 routes=8.675 grad=3.1055 seconds=14.4
Epoch  767/5000: score=10.174086 loss=-0.250174 valid=1.0000 routes=8.560 grad=2.9824 seconds=14.5
Epoch  768/5000: score=10.524805 loss=-0.256682 valid=1.0000 routes=8.770 grad=3.2100 seconds=14.4
Epoch  769/5000: score=10.863972 loss=-0.266238 valid=1.0000 routes=8.990 grad=3.5270 seconds=14.4
Epoch  770/5000: score=10.463949 loss=-0.247785 valid=1.0000 routes=8.781 grad=3.0847 seconds=14.3
Epoch  771/5000: score=10.333880 loss=-0.245659 valid=1.0000 routes=9.001 grad=3.1451 seconds=14.5
Epoch  772/5000: score=10.605230 loss=-0.253986 valid=1.0000 routes=8.748 grad=3.2942 seconds=14.5
Epoch  773/5000: score=11.174621 loss=-0.266976 valid=1.0000 routes=8.798 grad=3.4711 seconds=14.4
Epoch  774/5000: score=10.798998 loss=-0.267803 valid=1.0000 routes=9.173 grad=3.4973 seconds=14.5
Epoch  775/5000: score=10.459727 loss=-0.249588 valid=1.0000 routes=8.339 grad=3.1198 seconds=14.4
Epoch  776/5000: score=10.784834 loss=-0.253493 valid=1.0000 routes=8.485 grad=3.1614 seconds=14.2
Epoch  777/5000: score=10.704761 loss=-0.263140 valid=1.0000 routes=8.800 grad=3.3893 seconds=14.4
Epoch  778/5000: score=11.077493 loss=-0.264703 valid=1.0000 routes=9.174 grad=3.5033 seconds=14.3
Epoch  779/5000: score=10.864127 loss=-0.258412 valid=1.0000 routes=8.939 grad=3.5065 seconds=14.3
Epoch  780/5000: score=10.650606 loss=-0.255910 valid=1.0000 routes=9.174 grad=3.3134 seconds=14.5
Epoch  781/5000: score=10.738414 loss=-0.257170 valid=1.0000 routes=9.016 grad=3.3628 seconds=14.6
Epoch  782/5000: score=11.042446 loss=-0.265268 valid=1.0000 routes=8.996 grad=3.5265 seconds=14.4
Epoch  783/5000: score=10.655655 loss=-0.256110 valid=1.0000 routes=8.791 grad=3.3186 seconds=14.6
Epoch  784/5000: score=10.673821 loss=-0.252055 valid=1.0000 routes=8.783 grad=3.1800 seconds=14.4
Epoch  785/5000: score=10.870654 loss=-0.256117 valid=1.0000 routes=9.016 grad=3.3898 seconds=14.6
Epoch  786/5000: score=10.421941 loss=-0.253924 valid=1.0000 routes=9.005 grad=3.3520 seconds=14.7
Epoch  787/5000: score=10.809893 loss=-0.254474 valid=1.0000 routes=8.936 grad=3.3117 seconds=14.5
Epoch  788/5000: score=11.268721 loss=-0.277637 valid=1.0000 routes=9.100 grad=3.6712 seconds=14.4
Epoch  789/5000: score=10.603813 loss=-0.249508 valid=1.0000 routes=8.892 grad=3.1879 seconds=14.4
Epoch  790/5000: score=10.385664 loss=-0.255746 valid=1.0000 routes=8.264 grad=3.1423 seconds=14.4
Epoch  791/5000: score=10.879681 loss=-0.259575 valid=1.0000 routes=8.817 grad=3.3993 seconds=14.5
Epoch  792/5000: score=10.815023 loss=-0.265465 valid=1.0000 routes=9.337 grad=3.5476 seconds=14.6
Epoch  793/5000: score=11.222044 loss=-0.273061 valid=1.0000 routes=9.262 grad=3.7829 seconds=14.3
Epoch  794/5000: score=11.038410 loss=-0.248207 valid=1.0000 routes=8.926 grad=3.2465 seconds=14.1
Epoch  795/5000: score=10.988231 loss=-0.264503 valid=1.0000 routes=8.566 grad=3.4030 seconds=14.5
Epoch  796/5000: score=10.526530 loss=-0.252411 valid=1.0000 routes=8.707 grad=3.2431 seconds=14.5
Epoch  797/5000: score=10.902972 loss=-0.267666 valid=1.0000 routes=9.172 grad=3.5798 seconds=14.5
Epoch  798/5000: score=10.971282 loss=-0.261289 valid=1.0000 routes=8.890 grad=3.3348 seconds=14.4
Epoch  799/5000: score=10.712844 loss=-0.250254 valid=1.0000 routes=8.706 grad=3.1784 seconds=14.4
Epoch  800/5000: score=10.669447 loss=-0.266350 valid=1.0000 routes=9.016 grad=3.4524 seconds=14.5
Epoch  801/5000: score=10.482873 loss=-0.262503 valid=1.0000 routes=9.051 grad=3.4015 seconds=14.4
Epoch  802/5000: score=11.363554 loss=-0.277378 valid=1.0000 routes=8.996 grad=3.7017 seconds=14.4
Epoch  803/5000: score=10.476454 loss=-0.247787 valid=1.0000 routes=8.634 grad=3.0802 seconds=14.3
Epoch  804/5000: score=10.556336 loss=-0.243064 valid=1.0000 routes=8.543 grad=3.0418 seconds=14.4
Epoch  805/5000: score=10.927389 loss=-0.266939 valid=1.0000 routes=8.678 grad=3.5108 seconds=14.4
Epoch  806/5000: score=11.309397 loss=-0.266877 valid=1.0000 routes=9.347 grad=3.5739 seconds=14.3
Epoch  807/5000: score=10.681547 loss=-0.248456 valid=1.0000 routes=8.616 grad=3.1779 seconds=14.2
Epoch  808/5000: score=11.051293 loss=-0.271670 valid=1.0000 routes=9.109 grad=3.7040 seconds=14.3
Epoch  809/5000: score=10.930199 loss=-0.269235 valid=1.0000 routes=8.908 grad=3.5797 seconds=14.5
Epoch  810/5000: score=10.973453 loss=-0.259476 valid=1.0000 routes=8.802 grad=3.2553 seconds=14.3
Epoch  811/5000: score=10.728188 loss=-0.253557 valid=1.0000 routes=9.135 grad=3.3419 seconds=14.2
Epoch  812/5000: score=10.487570 loss=-0.246933 valid=1.0000 routes=8.939 grad=3.0727 seconds=14.4
Epoch  813/5000: score=10.908075 loss=-0.261332 valid=1.0000 routes=9.237 grad=3.4113 seconds=14.3
Epoch  814/5000: score=10.352745 loss=-0.245689 valid=1.0000 routes=8.910 grad=3.0922 seconds=14.3
Epoch  815/5000: score=10.933103 loss=-0.256429 valid=1.0000 routes=8.775 grad=3.3854 seconds=14.4
Epoch  816/5000: score=11.039967 loss=-0.250423 valid=1.0000 routes=9.030 grad=3.3048 seconds=14.2
Epoch  817/5000: score=10.614623 loss=-0.255918 valid=1.0000 routes=8.899 grad=3.3818 seconds=14.4
Epoch  818/5000: score=10.773765 loss=-0.253094 valid=1.0000 routes=9.090 grad=3.3215 seconds=14.4
Epoch  819/5000: score=10.935163 loss=-0.254903 valid=1.0000 routes=8.798 grad=3.3767 seconds=14.4
Epoch  820/5000: score=10.637934 loss=-0.247489 valid=1.0000 routes=8.428 grad=3.1809 seconds=14.5
Epoch  821/5000: score=10.685799 loss=-0.258979 valid=1.0000 routes=9.065 grad=3.4773 seconds=14.4
Epoch  822/5000: score=11.084758 loss=-0.261205 valid=1.0000 routes=8.762 grad=3.4295 seconds=14.3
Epoch  823/5000: score=10.966389 loss=-0.254622 valid=1.0000 routes=8.884 grad=3.3868 seconds=14.4
Epoch  824/5000: score=10.602666 loss=-0.253702 valid=1.0000 routes=8.714 grad=3.3183 seconds=14.7
Epoch  825/5000: score=10.466424 loss=-0.245498 valid=1.0000 routes=8.242 grad=3.0683 seconds=14.6
Epoch  826/5000: score=10.740146 loss=-0.259085 valid=1.0000 routes=9.192 grad=3.4349 seconds=14.5
Epoch  827/5000: score=10.522566 loss=-0.246469 valid=1.0000 routes=8.805 grad=3.1143 seconds=14.5
Epoch  828/5000: score=10.786249 loss=-0.247097 valid=1.0000 routes=8.814 grad=3.2711 seconds=14.5
Epoch  829/5000: score=10.793034 loss=-0.256529 valid=1.0000 routes=8.654 grad=3.3675 seconds=14.6
Epoch  830/5000: score=10.481791 loss=-0.242985 valid=1.0000 routes=8.468 grad=3.0643 seconds=14.5
Epoch  831/5000: score=10.948108 loss=-0.263441 valid=1.0000 routes=8.992 grad=3.4887 seconds=14.4
Epoch  832/5000: score=11.077093 loss=-0.265119 valid=1.0000 routes=9.229 grad=3.6523 seconds=14.5
Epoch  833/5000: score=10.591632 loss=-0.249843 valid=1.0000 routes=8.957 grad=3.3405 seconds=14.4
Epoch  834/5000: score=10.362867 loss=-0.249767 valid=1.0000 routes=8.716 grad=3.1481 seconds=14.4
Epoch  835/5000: score=10.450260 loss=-0.244740 valid=1.0000 routes=9.007 grad=3.0802 seconds=14.4
Epoch  836/5000: score=10.239054 loss=-0.247494 valid=1.0000 routes=8.604 grad=3.0190 seconds=14.4
Epoch  837/5000: score=10.978474 loss=-0.251488 valid=1.0000 routes=9.079 grad=3.3171 seconds=14.4
Epoch  838/5000: score=10.590086 loss=-0.239967 valid=1.0000 routes=8.309 grad=3.0351 seconds=14.5
Epoch  839/5000: score=10.615872 loss=-0.245710 valid=1.0000 routes=8.723 grad=3.1097 seconds=14.3
Epoch  840/5000: score=10.956709 loss=-0.256358 valid=1.0000 routes=8.513 grad=3.3326 seconds=14.3
Epoch  841/5000: score=10.882732 loss=-0.262886 valid=1.0000 routes=8.902 grad=3.4805 seconds=14.5
Epoch  842/5000: score=10.734686 loss=-0.248314 valid=1.0000 routes=8.826 grad=3.3077 seconds=14.4
Epoch  843/5000: score=10.362668 loss=-0.251581 valid=1.0000 routes=8.936 grad=3.1744 seconds=14.7
Epoch  844/5000: score=10.689736 loss=-0.250721 valid=1.0000 routes=8.656 grad=3.1758 seconds=14.5
>> Invalid instances, Re-generating ...
Epoch  845/5000: score=10.574169 loss=-0.255831 valid=1.0000 routes=9.085 grad=3.3343 seconds=14.4
Epoch  846/5000: score=10.150347 loss=-0.234507 valid=1.0000 routes=8.237 grad=2.8719 seconds=14.4
Epoch  847/5000: score=10.989216 loss=-0.261681 valid=1.0000 routes=9.122 grad=3.4592 seconds=14.4
Epoch  848/5000: score=10.483565 loss=-0.245771 valid=1.0000 routes=8.653 grad=3.1688 seconds=14.4
Epoch  849/5000: score=10.783476 loss=-0.256230 valid=1.0000 routes=9.127 grad=3.3738 seconds=14.4
Epoch  850/5000: score=10.598500 loss=-0.245844 valid=1.0000 routes=8.822 grad=3.1788 seconds=14.4
Epoch  851/5000: score=10.543209 loss=-0.252827 valid=1.0000 routes=8.908 grad=3.2357 seconds=14.3
Epoch  852/5000: score=10.400472 loss=-0.239762 valid=1.0000 routes=8.508 grad=3.0205 seconds=14.4
Epoch  853/5000: score=10.859031 loss=-0.258260 valid=1.0000 routes=9.178 grad=3.4246 seconds=14.4
Epoch  854/5000: score=10.569253 loss=-0.244551 valid=1.0000 routes=8.536 grad=3.1213 seconds=14.4
Epoch  855/5000: score=11.033495 loss=-0.258025 valid=1.0000 routes=9.117 grad=3.5704 seconds=14.4
Epoch  856/5000: score=10.463738 loss=-0.245515 valid=1.0000 routes=8.837 grad=3.1181 seconds=14.3
Epoch  857/5000: score=10.637639 loss=-0.254521 valid=1.0000 routes=8.933 grad=3.3321 seconds=14.4
Epoch  858/5000: score=10.905298 loss=-0.257529 valid=1.0000 routes=8.775 grad=3.4181 seconds=14.5
Epoch  859/5000: score=10.705478 loss=-0.250649 valid=1.0000 routes=8.760 grad=3.3464 seconds=14.4
Epoch  860/5000: score=10.859113 loss=-0.255281 valid=1.0000 routes=8.913 grad=3.4452 seconds=14.4
Epoch  861/5000: score=11.105012 loss=-0.274811 valid=1.0000 routes=9.350 grad=3.6574 seconds=14.4
Epoch  862/5000: score=10.701560 loss=-0.257267 valid=1.0000 routes=8.995 grad=3.3862 seconds=14.4
Epoch  863/5000: score=10.831660 loss=-0.253707 valid=1.0000 routes=8.833 grad=3.3548 seconds=14.4
>> Invalid instances, Re-generating ...
Epoch  864/5000: score=10.648058 loss=-0.252815 valid=1.0000 routes=8.863 grad=3.3115 seconds=14.4
Epoch  865/5000: score=10.612837 loss=-0.248268 valid=1.0000 routes=8.758 grad=3.1901 seconds=14.3
Epoch  866/5000: score=10.553190 loss=-0.246503 valid=1.0000 routes=8.882 grad=3.1665 seconds=14.3
Epoch  867/5000: score=10.673620 loss=-0.264400 valid=1.0000 routes=9.039 grad=3.5093 seconds=14.5
Epoch  868/5000: score=10.678863 loss=-0.261087 valid=1.0000 routes=8.835 grad=3.3883 seconds=14.5
Epoch  869/5000: score=10.679391 loss=-0.260551 valid=1.0000 routes=9.370 grad=3.4312 seconds=14.3
Epoch  870/5000: score=10.823631 loss=-0.253429 valid=1.0000 routes=8.728 grad=3.3552 seconds=14.4
Epoch  871/5000: score=10.553335 loss=-0.250451 valid=1.0000 routes=8.509 grad=3.1843 seconds=14.4
Epoch  872/5000: score=10.888584 loss=-0.259204 valid=1.0000 routes=8.927 grad=3.3954 seconds=14.5
Epoch  873/5000: score=10.791954 loss=-0.258534 valid=1.0000 routes=8.900 grad=3.4362 seconds=14.5
Epoch  874/5000: score=10.843248 loss=-0.252166 valid=1.0000 routes=9.283 grad=3.3267 seconds=14.3
Epoch  875/5000: score=10.709932 loss=-0.251130 valid=1.0000 routes=8.960 grad=3.2702 seconds=14.3
Epoch  876/5000: score=10.303241 loss=-0.245759 valid=1.0000 routes=8.726 grad=3.1028 seconds=14.3
Epoch  877/5000: score=10.585593 loss=-0.254967 valid=1.0000 routes=8.931 grad=3.3386 seconds=14.4
Epoch  878/5000: score=10.799385 loss=-0.254855 valid=1.0000 routes=8.938 grad=3.3521 seconds=14.4
Epoch  879/5000: score=11.023421 loss=-0.259607 valid=1.0000 routes=9.045 grad=3.4533 seconds=14.2
Epoch  880/5000: score=10.766991 loss=-0.246252 valid=1.0000 routes=8.793 grad=3.2672 seconds=14.3
Epoch  881/5000: score=10.576505 loss=-0.252809 valid=1.0000 routes=8.971 grad=3.2983 seconds=14.3
Epoch  882/5000: score=11.064271 loss=-0.261824 valid=1.0000 routes=9.062 grad=3.6483 seconds=14.4
Epoch  883/5000: score=11.022319 loss=-0.252132 valid=1.0000 routes=9.083 grad=3.4191 seconds=14.5
Epoch  884/5000: score=10.477736 loss=-0.249449 valid=1.0000 routes=8.674 grad=3.1347 seconds=14.4
Epoch  885/5000: score=11.090720 loss=-0.260027 valid=1.0000 routes=9.020 grad=3.4765 seconds=14.5
Epoch  886/5000: score=10.326677 loss=-0.237234 valid=1.0000 routes=8.592 grad=2.9985 seconds=14.5
Epoch  887/5000: score=10.744180 loss=-0.250570 valid=1.0000 routes=8.885 grad=3.3558 seconds=14.5
Epoch  888/5000: score=10.929747 loss=-0.265406 valid=1.0000 routes=9.364 grad=3.6209 seconds=14.5
Epoch  889/5000: score=10.672986 loss=-0.253247 valid=1.0000 routes=8.594 grad=3.3569 seconds=14.6
Epoch  890/5000: score=10.832287 loss=-0.250863 valid=1.0000 routes=8.951 grad=3.3696 seconds=14.5
Epoch  891/5000: score=10.856442 loss=-0.249009 valid=1.0000 routes=8.720 grad=3.3329 seconds=14.4
Epoch  892/5000: score=10.709935 loss=-0.240431 valid=1.0000 routes=8.769 grad=3.2391 seconds=14.5
Epoch  893/5000: score=10.848590 loss=-0.244407 valid=1.0000 routes=8.579 grad=3.1825 seconds=14.6
Epoch  894/5000: score=10.572063 loss=-0.247897 valid=1.0000 routes=9.022 grad=3.2517 seconds=14.5
Epoch  895/5000: score=10.540909 loss=-0.247406 valid=1.0000 routes=8.743 grad=3.2230 seconds=14.4
Epoch  896/5000: score=10.740211 loss=-0.244872 valid=1.0000 routes=8.708 grad=3.1659 seconds=14.4
Epoch  897/5000: score=10.892833 loss=-0.248522 valid=1.0000 routes=8.982 grad=3.3512 seconds=14.4
Epoch  898/5000: score=10.736671 loss=-0.252893 valid=1.0000 routes=9.110 grad=3.3969 seconds=14.6
Epoch  899/5000: score=11.075426 loss=-0.253106 valid=1.0000 routes=8.839 grad=3.3889 seconds=14.4
Epoch  900/5000: score=10.889856 loss=-0.254476 valid=1.0000 routes=8.686 grad=3.3979 seconds=14.5
Epoch  901/5000: score=11.051577 loss=-0.261126 valid=1.0000 routes=8.948 grad=3.4534 seconds=14.6
Epoch  902/5000: score=10.566229 loss=-0.252180 valid=1.0000 routes=8.964 grad=3.3355 seconds=14.4
Epoch  903/5000: score=10.755287 loss=-0.254316 valid=1.0000 routes=8.816 grad=3.4392 seconds=14.6
Epoch  904/5000: score=11.066382 loss=-0.257685 valid=1.0000 routes=9.030 grad=3.5729 seconds=14.6
Epoch  905/5000: score=10.722336 loss=-0.244588 valid=1.0000 routes=8.572 grad=3.2011 seconds=14.7
>> Invalid instances, Re-generating ...
Epoch  906/5000: score=10.075433 loss=-0.231862 valid=1.0000 routes=8.410 grad=2.8857 seconds=14.4
Epoch  907/5000: score=10.902638 loss=-0.257172 valid=1.0000 routes=8.804 grad=3.4916 seconds=14.6
Epoch  908/5000: score=10.557107 loss=-0.251760 valid=1.0000 routes=8.837 grad=3.3256 seconds=14.4
Epoch  909/5000: score=10.706806 loss=-0.241014 valid=1.0000 routes=8.668 grad=3.1848 seconds=14.4
Epoch  910/5000: score=10.751196 loss=-0.251296 valid=1.0000 routes=8.889 grad=3.3766 seconds=14.5
Epoch  911/5000: score=10.933389 loss=-0.257120 valid=1.0000 routes=8.920 grad=3.5058 seconds=14.5
Epoch  912/5000: score=10.789051 loss=-0.257254 valid=1.0000 routes=8.950 grad=3.4641 seconds=14.6
Epoch  913/5000: score=10.279382 loss=-0.244186 valid=1.0000 routes=8.540 grad=3.0852 seconds=14.5
Epoch  914/5000: score=11.005903 loss=-0.257790 valid=1.0000 routes=9.164 grad=3.4763 seconds=14.4
Epoch  915/5000: score=10.654980 loss=-0.251072 valid=1.0000 routes=8.890 grad=3.2582 seconds=14.5
Epoch  916/5000: score=10.464944 loss=-0.253254 valid=1.0000 routes=9.017 grad=3.4077 seconds=14.5
Epoch  917/5000: score=10.351487 loss=-0.235956 valid=1.0000 routes=8.578 grad=3.0447 seconds=14.5
Epoch  918/5000: score=10.785461 loss=-0.257974 valid=1.0000 routes=9.114 grad=3.4539 seconds=14.4
Epoch  919/5000: score=10.636869 loss=-0.251650 valid=1.0000 routes=8.835 grad=3.2731 seconds=14.5
Epoch  920/5000: score=11.034722 loss=-0.250257 valid=1.0000 routes=8.925 grad=3.4144 seconds=14.4
Epoch  921/5000: score=10.279034 loss=-0.241681 valid=1.0000 routes=8.732 grad=3.1248 seconds=14.5
Epoch  922/5000: score=10.869484 loss=-0.260784 valid=1.0000 routes=9.166 grad=3.5599 seconds=14.5
Epoch  923/5000: score=10.640026 loss=-0.256958 valid=1.0000 routes=8.617 grad=3.4259 seconds=14.4
Epoch  924/5000: score=10.610793 loss=-0.243963 valid=1.0000 routes=8.753 grad=3.1691 seconds=13.7
Epoch  925/5000: score=10.494011 loss=-0.232589 valid=1.0000 routes=8.820 grad=3.0559 seconds=13.7
Epoch  926/5000: score=10.919919 loss=-0.252883 valid=1.0000 routes=8.829 grad=3.4378 seconds=13.8
Epoch  927/5000: score=10.717442 loss=-0.251347 valid=1.0000 routes=9.112 grad=3.4222 seconds=13.8
Epoch  928/5000: score=10.713056 loss=-0.255698 valid=1.0000 routes=8.911 grad=3.4645 seconds=13.9
Epoch  929/5000: score=10.989778 loss=-0.256393 valid=1.0000 routes=8.953 grad=3.4883 seconds=13.7
Epoch  930/5000: score=10.541245 loss=-0.254320 valid=1.0000 routes=8.662 grad=3.3457 seconds=13.8
Epoch  931/5000: score=10.443291 loss=-0.251013 valid=1.0000 routes=9.052 grad=3.3929 seconds=13.9
Epoch  932/5000: score=10.897109 loss=-0.260613 valid=1.0000 routes=8.804 grad=3.4831 seconds=14.1
Epoch  933/5000: score=10.884842 loss=-0.248788 valid=1.0000 routes=8.724 grad=3.3512 seconds=14.6
Epoch  934/5000: score=10.823857 loss=-0.255724 valid=1.0000 routes=9.248 grad=3.5561 seconds=14.5
Epoch  935/5000: score=10.741758 loss=-0.257075 valid=1.0000 routes=9.106 grad=3.4636 seconds=14.4
Epoch  936/5000: score=10.565629 loss=-0.239759 valid=1.0000 routes=8.681 grad=3.2257 seconds=14.4
Epoch  937/5000: score=11.030616 loss=-0.259815 valid=1.0000 routes=9.069 grad=3.4959 seconds=14.4
Epoch  938/5000: score=11.135572 loss=-0.258581 valid=1.0000 routes=9.253 grad=3.6212 seconds=14.4
Epoch  939/5000: score=10.576662 loss=-0.246054 valid=1.0000 routes=9.035 grad=3.3042 seconds=14.4
Epoch  940/5000: score=10.991124 loss=-0.261743 valid=1.0000 routes=9.073 grad=3.5537 seconds=14.5
Epoch  941/5000: score=11.092492 loss=-0.247379 valid=1.0000 routes=8.762 grad=3.3875 seconds=14.4
Epoch  942/5000: score=10.638458 loss=-0.255594 valid=1.0000 routes=8.805 grad=3.3834 seconds=14.5
Epoch  943/5000: score=10.975313 loss=-0.246139 valid=1.0000 routes=9.037 grad=3.3905 seconds=14.4
Epoch  944/5000: score=10.163788 loss=-0.237544 valid=1.0000 routes=8.612 grad=3.0578 seconds=14.5
Epoch  945/5000: score=10.682881 loss=-0.246877 valid=1.0000 routes=8.812 grad=3.3404 seconds=14.5
Epoch  946/5000: score=10.707636 loss=-0.247486 valid=1.0000 routes=9.201 grad=3.3263 seconds=14.3
Epoch  947/5000: score=10.805392 loss=-0.250566 valid=1.0000 routes=8.815 grad=3.3281 seconds=14.4
Epoch  948/5000: score=10.686929 loss=-0.256781 valid=1.0000 routes=9.188 grad=3.4152 seconds=14.4
Epoch  949/5000: score=10.609371 loss=-0.246706 valid=1.0000 routes=8.834 grad=3.2385 seconds=14.4
Epoch  950/5000: score=10.206740 loss=-0.239929 valid=1.0000 routes=8.623 grad=3.0807 seconds=14.3
Epoch  951/5000: score=11.051238 loss=-0.258667 valid=1.0000 routes=9.399 grad=3.4831 seconds=14.2
Epoch  952/5000: score=10.889355 loss=-0.256329 valid=1.0000 routes=9.079 grad=3.5866 seconds=14.5
Epoch  953/5000: score=10.679734 loss=-0.258852 valid=1.0000 routes=9.151 grad=3.5208 seconds=14.4
Epoch  954/5000: score=10.827879 loss=-0.253939 valid=1.0000 routes=9.037 grad=3.4002 seconds=14.4
Epoch  955/5000: score=10.713059 loss=-0.248270 valid=1.0000 routes=8.858 grad=3.3031 seconds=14.4
Epoch  956/5000: score=10.483381 loss=-0.239511 valid=1.0000 routes=8.976 grad=3.2497 seconds=14.5
Epoch  957/5000: score=10.837880 loss=-0.249980 valid=1.0000 routes=8.921 grad=3.4035 seconds=14.7
Epoch  958/5000: score=10.791506 loss=-0.246171 valid=1.0000 routes=8.384 grad=3.2143 seconds=14.2
Epoch  959/5000: score=10.385410 loss=-0.246178 valid=1.0000 routes=8.760 grad=3.2641 seconds=14.3
Epoch  960/5000: score=10.858853 loss=-0.251510 valid=1.0000 routes=9.063 grad=3.4518 seconds=14.3
Epoch  961/5000: score=11.172150 loss=-0.253243 valid=1.0000 routes=9.015 grad=3.5378 seconds=14.4
Epoch  962/5000: score=10.753723 loss=-0.250421 valid=1.0000 routes=9.398 grad=3.3932 seconds=14.3
Epoch  963/5000: score=11.046561 loss=-0.264874 valid=1.0000 routes=9.025 grad=3.6256 seconds=14.4
Epoch  964/5000: score=10.835765 loss=-0.255246 valid=1.0000 routes=8.604 grad=3.5298 seconds=14.9
Epoch  965/5000: score=10.989109 loss=-0.263795 valid=1.0000 routes=9.660 grad=3.6909 seconds=15.3
Epoch  966/5000: score=10.529993 loss=-0.239545 valid=1.0000 routes=8.890 grad=3.1769 seconds=15.4
Epoch  967/5000: score=10.397481 loss=-0.255525 valid=1.0000 routes=9.228 grad=3.3925 seconds=15.3
Epoch  968/5000: score=11.301451 loss=-0.261663 valid=1.0000 routes=9.270 grad=3.7346 seconds=15.3
Epoch  969/5000: score=10.440007 loss=-0.235563 valid=1.0000 routes=8.654 grad=3.0893 seconds=15.5
Epoch  970/5000: score=10.839718 loss=-0.259385 valid=1.0000 routes=9.043 grad=3.6432 seconds=15.4
Epoch  971/5000: score=10.481448 loss=-0.246183 valid=1.0000 routes=8.581 grad=3.2099 seconds=15.3
Epoch  972/5000: score=10.841183 loss=-0.247769 valid=1.0000 routes=8.924 grad=3.3498 seconds=15.3
Epoch  973/5000: score=10.571205 loss=-0.247605 valid=1.0000 routes=8.517 grad=3.2030 seconds=15.3
Epoch  974/5000: score=10.693541 loss=-0.248736 valid=1.0000 routes=9.122 grad=3.3883 seconds=15.4
Epoch  975/5000: score=10.835186 loss=-0.251273 valid=1.0000 routes=9.105 grad=3.4288 seconds=15.4
Epoch  976/5000: score=10.703782 loss=-0.244300 valid=1.0000 routes=8.554 grad=3.1804 seconds=15.3
Epoch  977/5000: score=10.823309 loss=-0.249987 valid=1.0000 routes=8.736 grad=3.2762 seconds=15.5
Epoch  978/5000: score=11.140648 loss=-0.243576 valid=1.0000 routes=8.644 grad=3.2568 seconds=15.5
Epoch  979/5000: score=10.648427 loss=-0.249316 valid=1.0000 routes=9.296 grad=3.4125 seconds=15.6
Epoch  980/5000: score=10.562319 loss=-0.250583 valid=1.0000 routes=9.041 grad=3.3052 seconds=15.7
Epoch  981/5000: score=10.755325 loss=-0.245074 valid=1.0000 routes=8.340 grad=3.1867 seconds=15.6
Epoch  982/5000: score=10.781171 loss=-0.243027 valid=1.0000 routes=8.421 grad=3.1820 seconds=15.5
Epoch  983/5000: score=10.371150 loss=-0.233496 valid=1.0000 routes=8.600 grad=3.0109 seconds=15.6
Epoch  984/5000: score=10.651315 loss=-0.239872 valid=1.0000 routes=8.874 grad=3.1957 seconds=15.7
Epoch  985/5000: score=10.552470 loss=-0.247838 valid=1.0000 routes=8.729 grad=3.2986 seconds=15.9
Epoch  986/5000: score=10.892004 loss=-0.240244 valid=1.0000 routes=8.926 grad=3.2105 seconds=15.4
Epoch  987/5000: score=10.715906 loss=-0.254276 valid=1.0000 routes=8.715 grad=3.4035 seconds=15.6
Epoch  988/5000: score=10.700907 loss=-0.257984 valid=1.0000 routes=8.855 grad=3.4077 seconds=15.4
Epoch  989/5000: score=11.089425 loss=-0.255059 valid=1.0000 routes=8.871 grad=3.5405 seconds=15.4
Epoch  990/5000: score=10.456366 loss=-0.249126 valid=1.0000 routes=8.746 grad=3.3363 seconds=15.7
Epoch  991/5000: score=10.817693 loss=-0.254541 valid=1.0000 routes=8.895 grad=3.4059 seconds=15.4
Epoch  992/5000: score=10.735315 loss=-0.253562 valid=1.0000 routes=9.152 grad=3.4735 seconds=15.4
Epoch  993/5000: score=11.051848 loss=-0.261006 valid=1.0000 routes=9.278 grad=3.6349 seconds=15.5
Epoch  994/5000: score=10.947266 loss=-0.246081 valid=1.0000 routes=9.001 grad=3.3602 seconds=15.3
Epoch  995/5000: score=10.774700 loss=-0.252363 valid=1.0000 routes=9.507 grad=3.4757 seconds=15.6
Epoch  996/5000: score=10.577115 loss=-0.251351 valid=1.0000 routes=9.155 grad=3.4503 seconds=15.4
Epoch  997/5000: score=10.631973 loss=-0.246582 valid=1.0000 routes=9.269 grad=3.3184 seconds=15.3
Epoch  998/5000: score=10.545010 loss=-0.237867 valid=1.0000 routes=8.348 grad=3.0237 seconds=15.2
Epoch  999/5000: score=10.087035 loss=-0.234143 valid=1.0000 routes=8.486 grad=3.0096 seconds=15.4
Epoch 1000/5000: score=10.410013 loss=-0.236760 valid=1.0000 routes=8.512 grad=3.0314 seconds=15.4
Epoch 1001/5000: score=10.742401 loss=-0.241612 valid=1.0000 routes=8.537 grad=3.2350 seconds=15.6
Epoch 1002/5000: score=10.768887 loss=-0.247697 valid=1.0000 routes=8.752 grad=3.3796 seconds=15.5
Epoch 1003/5000: score=10.192050 loss=-0.236504 valid=1.0000 routes=8.417 grad=3.0281 seconds=15.5
Epoch 1004/5000: score=10.526467 loss=-0.247137 valid=1.0000 routes=8.869 grad=3.3094 seconds=15.5
Epoch 1005/5000: score=10.463997 loss=-0.246863 valid=1.0000 routes=8.801 grad=3.3436 seconds=15.7
Epoch 1006/5000: score=10.957421 loss=-0.245434 valid=1.0000 routes=8.622 grad=3.4825 seconds=15.6
Epoch 1007/5000: score=10.524906 loss=-0.237849 valid=1.0000 routes=8.789 grad=3.1729 seconds=15.4
Epoch 1008/5000: score=10.768471 loss=-0.251747 valid=1.0000 routes=8.979 grad=3.4261 seconds=15.4
Epoch 1009/5000: score=11.084884 loss=-0.257249 valid=1.0000 routes=9.065 grad=3.5421 seconds=15.4
Epoch 1010/5000: score=10.898631 loss=-0.255420 valid=1.0000 routes=9.148 grad=3.6477 seconds=15.5
Epoch 1011/5000: score=10.598675 loss=-0.246215 valid=1.0000 routes=8.778 grad=3.2101 seconds=15.6
Epoch 1012/5000: score=10.278016 loss=-0.228921 valid=1.0000 routes=8.736 grad=3.0337 seconds=15.4
Epoch 1013/5000: score=10.906709 loss=-0.249442 valid=1.0000 routes=8.952 grad=3.4759 seconds=15.4
Epoch 1014/5000: score=10.443574 loss=-0.234844 valid=1.0000 routes=8.512 grad=3.1157 seconds=15.4
Epoch 1015/5000: score=10.796287 loss=-0.237638 valid=1.0000 routes=8.662 grad=3.1875 seconds=15.4
Epoch 1016/5000: score=10.677161 loss=-0.240944 valid=1.0000 routes=8.702 grad=3.2957 seconds=15.8
Epoch 1017/5000: score=11.166740 loss=-0.258786 valid=1.0000 routes=9.025 grad=3.5543 seconds=15.4
Epoch 1018/5000: score=10.746174 loss=-0.252213 valid=1.0000 routes=9.245 grad=3.4534 seconds=15.6
Epoch 1019/5000: score=10.643561 loss=-0.245065 valid=1.0000 routes=8.768 grad=3.2214 seconds=15.5
Epoch 1020/5000: score=10.470096 loss=-0.247168 valid=1.0000 routes=9.101 grad=3.3732 seconds=15.5
Epoch 1021/5000: score=10.750856 loss=-0.248693 valid=1.0000 routes=9.048 grad=3.4686 seconds=15.8
Epoch 1022/5000: score=10.414295 loss=-0.242713 valid=1.0000 routes=9.049 grad=3.2406 seconds=15.5
Epoch 1023/5000: score=10.524781 loss=-0.242626 valid=1.0000 routes=8.867 grad=3.2197 seconds=15.4
Epoch 1024/5000: score=10.718640 loss=-0.243527 valid=1.0000 routes=8.851 grad=3.3367 seconds=15.4
Epoch 1025/5000: score=10.484921 loss=-0.251721 valid=1.0000 routes=8.547 grad=3.2922 seconds=15.5
Epoch 1026/5000: score=10.548788 loss=-0.246029 valid=1.0000 routes=9.120 grad=3.2307 seconds=15.7
Epoch 1027/5000: score=10.682122 loss=-0.247979 valid=1.0000 routes=8.908 grad=3.3912 seconds=15.6
Epoch 1028/5000: score=10.709040 loss=-0.238103 valid=1.0000 routes=8.765 grad=3.1930 seconds=15.4
Epoch 1029/5000: score=10.219985 loss=-0.237530 valid=1.0000 routes=8.666 grad=3.0554 seconds=15.5
Epoch 1030/5000: score=10.169268 loss=-0.239054 valid=1.0000 routes=8.549 grad=3.0649 seconds=15.6
Epoch 1031/5000: score=10.909227 loss=-0.262344 valid=1.0000 routes=9.196 grad=3.5249 seconds=15.5
Epoch 1032/5000: score=11.065856 loss=-0.252102 valid=1.0000 routes=9.150 grad=3.4545 seconds=15.5
Epoch 1033/5000: score=10.704057 loss=-0.247860 valid=1.0000 routes=8.984 grad=3.3341 seconds=15.5
Epoch 1034/5000: score=10.452017 loss=-0.240306 valid=1.0000 routes=8.657 grad=3.1586 seconds=15.6
Epoch 1035/5000: score=10.481328 loss=-0.235093 valid=1.0000 routes=8.667 grad=3.1108 seconds=15.5
Epoch 1036/5000: score=10.853545 loss=-0.246506 valid=1.0000 routes=8.888 grad=3.3757 seconds=15.6
Epoch 1037/5000: score=10.254589 loss=-0.223719 valid=1.0000 routes=8.429 grad=2.8047 seconds=15.7
Epoch 1038/5000: score=10.834978 loss=-0.249635 valid=1.0000 routes=8.708 grad=3.3660 seconds=15.5
Epoch 1039/5000: score=10.459522 loss=-0.254295 valid=1.0000 routes=9.193 grad=3.4284 seconds=15.6
Epoch 1040/5000: score=10.447600 loss=-0.239022 valid=1.0000 routes=8.325 grad=3.1155 seconds=15.5
Epoch 1041/5000: score=11.065797 loss=-0.256052 valid=1.0000 routes=9.207 grad=3.5875 seconds=15.5
Epoch 1042/5000: score=10.736533 loss=-0.240934 valid=1.0000 routes=9.042 grad=3.2655 seconds=15.6
Epoch 1043/5000: score=10.360775 loss=-0.236907 valid=1.0000 routes=8.852 grad=3.1583 seconds=15.6
Epoch 1044/5000: score=10.885848 loss=-0.253535 valid=1.0000 routes=8.824 grad=3.4050 seconds=15.8
Epoch 1045/5000: score=10.740601 loss=-0.244700 valid=1.0000 routes=8.310 grad=3.2263 seconds=15.7
Epoch 1046/5000: score=11.150498 loss=-0.254311 valid=1.0000 routes=9.360 grad=3.6514 seconds=15.5
Epoch 1047/5000: score=11.041288 loss=-0.257704 valid=1.0000 routes=8.966 grad=3.5736 seconds=15.8
Epoch 1048/5000: score=10.576639 loss=-0.237128 valid=1.0000 routes=8.518 grad=3.0638 seconds=15.6
Epoch 1049/5000: score=10.628776 loss=-0.247151 valid=1.0000 routes=8.635 grad=3.2686 seconds=15.5
Epoch 1050/5000: score=10.877531 loss=-0.253908 valid=1.0000 routes=8.728 grad=3.3934 seconds=15.5
Epoch 1051/5000: score=11.103192 loss=-0.256786 valid=1.0000 routes=9.164 grad=3.5294 seconds=15.4
Epoch 1052/5000: score=10.746033 loss=-0.234486 valid=1.0000 routes=8.640 grad=3.2048 seconds=15.5
Epoch 1053/5000: score=10.629070 loss=-0.234556 valid=1.0000 routes=8.745 grad=3.1860 seconds=15.5
Epoch 1054/5000: score=10.900293 loss=-0.246519 valid=1.0000 routes=8.615 grad=3.4201 seconds=15.4
Epoch 1055/5000: score=10.503196 loss=-0.228070 valid=1.0000 routes=8.763 grad=3.0723 seconds=15.4
Epoch 1056/5000: score=10.770231 loss=-0.254461 valid=1.0000 routes=9.132 grad=3.5108 seconds=15.5
Epoch 1057/5000: score=10.456207 loss=-0.239155 valid=1.0000 routes=8.620 grad=3.1603 seconds=15.5
Epoch 1058/5000: score=10.297323 loss=-0.231829 valid=1.0000 routes=8.737 grad=2.9921 seconds=15.6
Epoch 1059/5000: score=10.880860 loss=-0.252345 valid=1.0000 routes=8.667 grad=3.4683 seconds=15.5
Epoch 1060/5000: score=10.636069 loss=-0.238666 valid=1.0000 routes=8.749 grad=3.2757 seconds=15.4
Epoch 1061/5000: score=11.195159 loss=-0.261642 valid=1.0000 routes=8.934 grad=3.7076 seconds=15.5
Epoch 1062/5000: score=10.475947 loss=-0.239335 valid=1.0000 routes=8.350 grad=3.1325 seconds=15.1
Epoch 1063/5000: score=10.810685 loss=-0.252671 valid=1.0000 routes=9.123 grad=3.4427 seconds=15.6
Epoch 1064/5000: score=10.610373 loss=-0.241552 valid=1.0000 routes=8.866 grad=3.3433 seconds=15.4
Epoch 1065/5000: score=10.648041 loss=-0.242597 valid=1.0000 routes=8.788 grad=3.2787 seconds=15.5
Epoch 1066/5000: score=10.392546 loss=-0.241102 valid=1.0000 routes=8.895 grad=3.3138 seconds=15.4
Epoch 1067/5000: score=10.768782 loss=-0.253557 valid=1.0000 routes=9.046 grad=3.5099 seconds=15.4
Epoch 1068/5000: score=10.938556 loss=-0.246633 valid=1.0000 routes=8.841 grad=3.3918 seconds=15.6
Epoch 1069/5000: score=10.582087 loss=-0.239093 valid=1.0000 routes=9.071 grad=3.2816 seconds=15.4
Epoch 1070/5000: score=10.727707 loss=-0.245148 valid=1.0000 routes=8.992 grad=3.3573 seconds=15.3
Epoch 1071/5000: score=11.019122 loss=-0.248245 valid=1.0000 routes=9.205 grad=3.4912 seconds=15.3
Epoch 1072/5000: score=10.379110 loss=-0.232462 valid=1.0000 routes=8.733 grad=3.0965 seconds=15.4
Epoch 1073/5000: score=10.612845 loss=-0.246169 valid=1.0000 routes=8.872 grad=3.3232 seconds=15.7
Epoch 1074/5000: score=10.768626 loss=-0.241612 valid=1.0000 routes=8.815 grad=3.3158 seconds=15.4
Epoch 1075/5000: score=10.623885 loss=-0.248918 valid=1.0000 routes=9.220 grad=3.4769 seconds=15.6
Epoch 1076/5000: score=11.000834 loss=-0.249036 valid=1.0000 routes=8.680 grad=3.3978 seconds=15.4
Epoch 1077/5000: score=11.163794 loss=-0.259910 valid=1.0000 routes=9.234 grad=3.6831 seconds=15.4
Epoch 1078/5000: score=10.288423 loss=-0.234900 valid=1.0000 routes=8.659 grad=3.1158 seconds=15.6
Epoch 1079/5000: score=10.446783 loss=-0.238886 valid=1.0000 routes=8.534 grad=3.1656 seconds=15.6
Epoch 1080/5000: score=10.656034 loss=-0.244744 valid=1.0000 routes=8.521 grad=3.2540 seconds=15.3
Epoch 1081/5000: score=10.354774 loss=-0.242671 valid=1.0000 routes=8.446 grad=3.1587 seconds=15.4
Epoch 1082/5000: score=11.011554 loss=-0.256344 valid=1.0000 routes=8.888 grad=3.5690 seconds=15.4
Epoch 1083/5000: score=10.699006 loss=-0.251644 valid=1.0000 routes=8.859 grad=3.5047 seconds=15.6
Epoch 1084/5000: score=10.602334 loss=-0.241831 valid=1.0000 routes=8.767 grad=3.2380 seconds=15.6
Epoch 1085/5000: score=10.477352 loss=-0.242871 valid=1.0000 routes=8.752 grad=3.1979 seconds=15.3
Epoch 1086/5000: score=11.009201 loss=-0.251350 valid=1.0000 routes=9.117 grad=3.4698 seconds=15.3
Epoch 1087/5000: score=11.125157 loss=-0.244830 valid=1.0000 routes=8.550 grad=3.3697 seconds=15.4
Epoch 1088/5000: score=10.973405 loss=-0.247509 valid=1.0000 routes=8.752 grad=3.4070 seconds=15.4
Epoch 1089/5000: score=10.551831 loss=-0.236052 valid=1.0000 routes=8.962 grad=3.1943 seconds=15.6
Epoch 1090/5000: score=11.160060 loss=-0.239902 valid=1.0000 routes=8.631 grad=3.3639 seconds=15.3
Epoch 1091/5000: score=10.559051 loss=-0.240754 valid=1.0000 routes=8.824 grad=3.2612 seconds=15.3
Epoch 1092/5000: score=10.579907 loss=-0.242564 valid=1.0000 routes=8.864 grad=3.2664 seconds=15.4
Epoch 1093/5000: score=10.623101 loss=-0.242707 valid=1.0000 routes=9.009 grad=3.3649 seconds=15.4
Epoch 1094/5000: score=10.617242 loss=-0.243890 valid=1.0000 routes=8.963 grad=3.3461 seconds=15.6
Epoch 1095/5000: score=11.008019 loss=-0.245133 valid=1.0000 routes=9.120 grad=3.5167 seconds=15.4
Epoch 1096/5000: score=10.430725 loss=-0.243313 valid=1.0000 routes=9.225 grad=3.2935 seconds=15.6
Epoch 1097/5000: score=10.443269 loss=-0.243661 valid=1.0000 routes=8.620 grad=3.1848 seconds=15.6
Epoch 1098/5000: score=10.730395 loss=-0.252000 valid=1.0000 routes=8.954 grad=3.4646 seconds=15.4
Epoch 1099/5000: score=10.609621 loss=-0.241121 valid=1.0000 routes=8.648 grad=3.2266 seconds=15.3
Epoch 1100/5000: score=10.868135 loss=-0.249438 valid=1.0000 routes=8.690 grad=3.3893 seconds=15.6
Epoch 1101/5000: score=10.859574 loss=-0.245552 valid=1.0000 routes=9.077 grad=3.4878 seconds=15.5
Epoch 1102/5000: score=10.197589 loss=-0.243987 valid=1.0000 routes=8.708 grad=3.2317 seconds=15.5
Epoch 1103/5000: score=10.601342 loss=-0.247666 valid=1.0000 routes=8.979 grad=3.3822 seconds=15.6
Epoch 1104/5000: score=10.792426 loss=-0.248686 valid=1.0000 routes=9.160 grad=3.4443 seconds=15.5
Epoch 1105/5000: score=10.763878 loss=-0.247351 valid=1.0000 routes=8.826 grad=3.3126 seconds=15.7
Epoch 1106/5000: score=10.937568 loss=-0.249739 valid=1.0000 routes=8.827 grad=3.4924 seconds=15.5
Epoch 1107/5000: score=10.737776 loss=-0.239466 valid=1.0000 routes=8.773 grad=3.2279 seconds=15.5
Epoch 1108/5000: score=10.913659 loss=-0.241534 valid=1.0000 routes=8.933 grad=3.4182 seconds=15.4
Epoch 1109/5000: score=10.662341 loss=-0.243291 valid=1.0000 routes=9.117 grad=3.3681 seconds=15.5
Epoch 1110/5000: score=10.511802 loss=-0.237132 valid=1.0000 routes=8.613 grad=3.1112 seconds=15.6
Epoch 1111/5000: score=10.811934 loss=-0.253315 valid=1.0000 routes=9.144 grad=3.5012 seconds=15.5
Epoch 1112/5000: score=10.445891 loss=-0.243722 valid=1.0000 routes=8.788 grad=3.3108 seconds=15.4
Epoch 1113/5000: score=10.744045 loss=-0.239713 valid=1.0000 routes=8.481 grad=3.2661 seconds=15.5
>> Invalid instances, Re-generating ...
Epoch 1114/5000: score=10.734904 loss=-0.247700 valid=1.0000 routes=8.806 grad=3.3949 seconds=15.4
Epoch 1115/5000: score=10.353932 loss=-0.238512 valid=1.0000 routes=8.887 grad=3.2491 seconds=15.5
Epoch 1116/5000: score=10.990761 loss=-0.255324 valid=1.0000 routes=9.302 grad=3.5902 seconds=15.4
Epoch 1117/5000: score=10.900669 loss=-0.251516 valid=1.0000 routes=8.964 grad=3.5308 seconds=15.5
Epoch 1118/5000: score=10.991470 loss=-0.244371 valid=1.0000 routes=9.095 grad=3.4495 seconds=15.5
Epoch 1119/5000: score=10.359294 loss=-0.235485 valid=1.0000 routes=8.604 grad=3.1809 seconds=15.6
Epoch 1120/5000: score=10.364545 loss=-0.242725 valid=1.0000 routes=8.801 grad=3.2159 seconds=15.6
Epoch 1121/5000: score=10.759630 loss=-0.248434 valid=1.0000 routes=9.079 grad=3.4463 seconds=15.5
Epoch 1122/5000: score=10.557996 loss=-0.235711 valid=1.0000 routes=8.915 grad=3.1978 seconds=15.3
Epoch 1123/5000: score=10.870292 loss=-0.258951 valid=1.0000 routes=9.080 grad=3.5836 seconds=15.6
Epoch 1124/5000: score=10.723054 loss=-0.248770 valid=1.0000 routes=9.103 grad=3.5084 seconds=15.5
Epoch 1125/5000: score=10.422559 loss=-0.231094 valid=1.0000 routes=8.954 grad=3.1401 seconds=15.4
Epoch 1126/5000: score=10.409227 loss=-0.237506 valid=1.0000 routes=8.367 grad=3.1112 seconds=15.7
Epoch 1127/5000: score=10.617336 loss=-0.232813 valid=1.0000 routes=8.706 grad=3.0982 seconds=15.4
Epoch 1128/5000: score=11.128634 loss=-0.255338 valid=1.0000 routes=8.967 grad=3.5731 seconds=15.5
Epoch 1129/5000: score=10.771855 loss=-0.243688 valid=1.0000 routes=8.816 grad=3.3968 seconds=15.4
Epoch 1130/5000: score=10.539694 loss=-0.236457 valid=1.0000 routes=8.624 grad=3.2112 seconds=15.4
Epoch 1131/5000: score=10.837462 loss=-0.239620 valid=1.0000 routes=9.014 grad=3.2993 seconds=15.7
Epoch 1132/5000: score=10.712639 loss=-0.244628 valid=1.0000 routes=8.813 grad=3.2630 seconds=15.3
Epoch 1133/5000: score=10.767547 loss=-0.240825 valid=1.0000 routes=8.979 grad=3.3309 seconds=15.4
Epoch 1134/5000: score=10.447910 loss=-0.232094 valid=1.0000 routes=8.462 grad=3.1424 seconds=15.4
Epoch 1135/5000: score=10.826185 loss=-0.240267 valid=1.0000 routes=8.780 grad=3.3897 seconds=15.4
Epoch 1136/5000: score=10.852947 loss=-0.249963 valid=1.0000 routes=9.228 grad=3.5887 seconds=15.8
Epoch 1137/5000: score=10.576528 loss=-0.248075 valid=1.0000 routes=9.355 grad=3.4576 seconds=15.4
Epoch 1138/5000: score=10.430838 loss=-0.239702 valid=1.0000 routes=8.828 grad=3.2461 seconds=15.5
Epoch 1139/5000: score=10.722081 loss=-0.241785 valid=1.0000 routes=8.814 grad=3.2747 seconds=15.4
Epoch 1140/5000: score=10.377945 loss=-0.232159 valid=1.0000 routes=8.662 grad=3.1180 seconds=15.4
Epoch 1141/5000: score=10.844323 loss=-0.241542 valid=1.0000 routes=8.650 grad=3.3231 seconds=15.6
Epoch 1142/5000: score=10.804999 loss=-0.246792 valid=1.0000 routes=8.826 grad=3.5325 seconds=15.6
Epoch 1143/5000: score=10.442860 loss=-0.235115 valid=1.0000 routes=8.668 grad=3.1994 seconds=15.5
Epoch 1144/5000: score=10.761968 loss=-0.247703 valid=1.0000 routes=8.973 grad=3.4786 seconds=15.5
Epoch 1145/5000: score=10.754200 loss=-0.255241 valid=1.0000 routes=9.142 grad=3.5919 seconds=15.4
Epoch 1146/5000: score=10.352679 loss=-0.237343 valid=1.0000 routes=8.751 grad=3.1038 seconds=15.5
Epoch 1147/5000: score=10.789880 loss=-0.244675 valid=1.0000 routes=8.906 grad=3.3226 seconds=15.4
Epoch 1148/5000: score=10.733619 loss=-0.251755 valid=1.0000 routes=9.089 grad=3.5184 seconds=15.6
Epoch 1149/5000: score=10.941513 loss=-0.244652 valid=1.0000 routes=9.313 grad=3.4952 seconds=15.3
Epoch 1150/5000: score=10.383627 loss=-0.239846 valid=1.0000 routes=8.843 grad=3.2804 seconds=15.4
Epoch 1151/5000: score=10.833668 loss=-0.245067 valid=1.0000 routes=8.928 grad=3.4734 seconds=15.3
Epoch 1152/5000: score=10.620527 loss=-0.235499 valid=1.0000 routes=8.805 grad=3.2397 seconds=15.7
Epoch 1153/5000: score=10.760146 loss=-0.238957 valid=1.0000 routes=9.122 grad=3.3606 seconds=15.2
Epoch 1154/5000: score=10.486150 loss=-0.234078 valid=1.0000 routes=8.696 grad=3.2150 seconds=14.7
Epoch 1155/5000: score=10.642606 loss=-0.239917 valid=1.0000 routes=8.666 grad=3.2899 seconds=14.7
Epoch 1156/5000: score=10.589627 loss=-0.239121 valid=1.0000 routes=8.647 grad=3.2698 seconds=14.8
Epoch 1157/5000: score=10.363448 loss=-0.236745 valid=1.0000 routes=8.810 grad=3.2328 seconds=14.8
Epoch 1158/5000: score=10.700316 loss=-0.239993 valid=1.0000 routes=9.131 grad=3.4403 seconds=14.9
Epoch 1159/5000: score=10.573802 loss=-0.254090 valid=1.0000 routes=9.136 grad=3.5137 seconds=15.4
Epoch 1160/5000: score=10.816819 loss=-0.245483 valid=1.0000 routes=9.385 grad=3.5272 seconds=15.4
Epoch 1161/5000: score=10.727419 loss=-0.244088 valid=1.0000 routes=8.932 grad=3.3925 seconds=15.4
Epoch 1162/5000: score=10.342172 loss=-0.239033 valid=1.0000 routes=8.682 grad=3.2043 seconds=15.4
Epoch 1163/5000: score=10.704115 loss=-0.251491 valid=1.0000 routes=9.294 grad=3.6417 seconds=15.4
Epoch 1164/5000: score=10.783298 loss=-0.247370 valid=1.0000 routes=8.838 grad=3.5301 seconds=15.4
Epoch 1165/5000: score=10.590005 loss=-0.240890 valid=1.0000 routes=8.716 grad=3.2195 seconds=15.3
Epoch 1166/5000: score=10.870058 loss=-0.248556 valid=1.0000 routes=8.966 grad=3.4756 seconds=15.2
Epoch 1167/5000: score=10.780503 loss=-0.248123 valid=1.0000 routes=9.009 grad=3.4990 seconds=15.5
Epoch 1168/5000: score=10.354758 loss=-0.242011 valid=1.0000 routes=8.714 grad=3.3616 seconds=15.7
Epoch 1169/5000: score=10.544756 loss=-0.253231 valid=1.0000 routes=9.111 grad=3.4998 seconds=15.4
Epoch 1170/5000: score=10.754327 loss=-0.248813 valid=1.0000 routes=8.564 grad=3.4219 seconds=15.4
Epoch 1171/5000: score=10.514332 loss=-0.244098 valid=1.0000 routes=8.607 grad=3.2965 seconds=15.2
Epoch 1172/5000: score=10.645520 loss=-0.237529 valid=1.0000 routes=8.873 grad=3.2371 seconds=15.4
Epoch 1173/5000: score=10.649897 loss=-0.237713 valid=1.0000 routes=8.864 grad=3.3394 seconds=15.6
Epoch 1174/5000: score=10.491252 loss=-0.245271 valid=1.0000 routes=9.035 grad=3.3989 seconds=15.3
Epoch 1175/5000: score=10.496724 loss=-0.234536 valid=1.0000 routes=8.940 grad=3.2126 seconds=15.4
Epoch 1176/5000: score=10.707787 loss=-0.234926 valid=1.0000 routes=8.795 grad=3.1618 seconds=15.1
Epoch 1177/5000: score=10.621766 loss=-0.237510 valid=1.0000 routes=8.844 grad=3.2243 seconds=15.2
Epoch 1178/5000: score=10.132390 loss=-0.232930 valid=1.0000 routes=8.521 grad=3.0495 seconds=15.6
Epoch 1179/5000: score=10.535193 loss=-0.238289 valid=1.0000 routes=8.921 grad=3.2797 seconds=15.2
Epoch 1180/5000: score=10.451446 loss=-0.239822 valid=1.0000 routes=8.674 grad=3.2966 seconds=15.5
Epoch 1181/5000: score=10.630932 loss=-0.238945 valid=1.0000 routes=8.447 grad=3.1437 seconds=15.4
Epoch 1182/5000: score=10.007671 loss=-0.233493 valid=1.0000 routes=8.401 grad=3.0598 seconds=15.4
Epoch 1183/5000: score=11.103960 loss=-0.259530 valid=1.0000 routes=8.922 grad=3.6777 seconds=15.8
Epoch 1184/5000: score=10.635195 loss=-0.252432 valid=1.0000 routes=9.037 grad=3.4855 seconds=15.5
Epoch 1185/5000: score=10.513934 loss=-0.234447 valid=1.0000 routes=8.355 grad=3.1737 seconds=15.5
Epoch 1186/5000: score=10.893961 loss=-0.245757 valid=1.0000 routes=8.794 grad=3.3962 seconds=15.4
Epoch 1187/5000: score=10.820016 loss=-0.252590 valid=1.0000 routes=9.341 grad=3.5676 seconds=15.5
Epoch 1188/5000: score=10.900217 loss=-0.238677 valid=1.0000 routes=9.057 grad=3.4629 seconds=15.5
Epoch 1189/5000: score=10.959652 loss=-0.244649 valid=1.0000 routes=9.061 grad=3.4772 seconds=15.6
Epoch 1190/5000: score=10.688399 loss=-0.240910 valid=1.0000 routes=8.935 grad=3.3650 seconds=15.4
Epoch 1191/5000: score=10.653109 loss=-0.246042 valid=1.0000 routes=9.007 grad=3.4639 seconds=15.3
Epoch 1192/5000: score=10.571931 loss=-0.241842 valid=1.0000 routes=8.912 grad=3.2119 seconds=15.4
Epoch 1193/5000: score=10.469502 loss=-0.233803 valid=1.0000 routes=8.835 grad=3.1954 seconds=15.4
>> Invalid instances, Re-generating ...
Epoch 1194/5000: score=10.828968 loss=-0.242938 valid=1.0000 routes=8.970 grad=3.5119 seconds=15.6
Epoch 1195/5000: score=10.218934 loss=-0.227318 valid=1.0000 routes=8.143 grad=2.9193 seconds=15.4
Epoch 1196/5000: score=10.818424 loss=-0.252387 valid=1.0000 routes=8.936 grad=3.5299 seconds=15.7
Epoch 1197/5000: score=11.137469 loss=-0.254939 valid=1.0000 routes=9.450 grad=3.6966 seconds=15.3
Epoch 1198/5000: score=10.830290 loss=-0.245061 valid=1.0000 routes=8.910 grad=3.4634 seconds=15.4
Epoch 1199/5000: score=11.040372 loss=-0.258292 valid=1.0000 routes=9.607 grad=3.8153 seconds=15.4
Epoch 1200/5000: score=10.938875 loss=-0.260064 valid=1.0000 routes=9.125 grad=3.7503 seconds=15.6
Epoch 1201/5000: score=10.574869 loss=-0.241481 valid=1.0000 routes=8.817 grad=3.2685 seconds=15.3
Epoch 1202/5000: score=10.423123 loss=-0.230672 valid=1.0000 routes=8.212 grad=3.0630 seconds=15.3
Epoch 1203/5000: score=10.861400 loss=-0.246476 valid=1.0000 routes=8.557 grad=3.4128 seconds=15.4
Epoch 1204/5000: score=10.825830 loss=-0.247528 valid=1.0000 routes=8.886 grad=3.4898 seconds=15.4
Epoch 1205/5000: score=10.711201 loss=-0.236979 valid=1.0000 routes=8.950 grad=3.2841 seconds=15.6
Epoch 1206/5000: score=10.961168 loss=-0.240526 valid=1.0000 routes=8.635 grad=3.3641 seconds=15.4
Epoch 1207/5000: score=10.539312 loss=-0.234775 valid=1.0000 routes=9.046 grad=3.2289 seconds=15.4
Epoch 1208/5000: score=10.742512 loss=-0.241872 valid=1.0000 routes=8.960 grad=3.4263 seconds=15.3
Epoch 1209/5000: score=10.702891 loss=-0.245520 valid=1.0000 routes=9.002 grad=3.3724 seconds=15.3
Epoch 1210/5000: score=11.271352 loss=-0.261020 valid=1.0000 routes=9.178 grad=3.8346 seconds=15.6
Epoch 1211/5000: score=10.719257 loss=-0.242587 valid=1.0000 routes=8.971 grad=3.4249 seconds=15.4
Epoch 1212/5000: score=10.792120 loss=-0.248658 valid=1.0000 routes=8.618 grad=3.4160 seconds=15.3
>> Invalid instances, Re-generating ...
Epoch 1213/5000: score=10.781849 loss=-0.241064 valid=1.0000 routes=8.831 grad=3.4170 seconds=15.4
Epoch 1214/5000: score=10.547678 loss=-0.238020 valid=1.0000 routes=8.999 grad=3.3230 seconds=15.3
Epoch 1215/5000: score=10.959951 loss=-0.241064 valid=1.0000 routes=8.672 grad=3.3686 seconds=15.5
Epoch 1216/5000: score=11.178088 loss=-0.252205 valid=1.0000 routes=8.647 grad=3.6613 seconds=15.4
Epoch 1217/5000: score=10.416422 loss=-0.234851 valid=1.0000 routes=8.944 grad=3.2148 seconds=15.4
Epoch 1218/5000: score=11.134558 loss=-0.244750 valid=1.0000 routes=8.857 grad=3.5120 seconds=15.3
Epoch 1219/5000: score=10.742306 loss=-0.247380 valid=1.0000 routes=8.810 grad=3.5496 seconds=15.3
Epoch 1220/5000: score=10.641752 loss=-0.231795 valid=1.0000 routes=8.558 grad=3.1172 seconds=15.3
Epoch 1221/5000: score=10.833598 loss=-0.237026 valid=1.0000 routes=9.415 grad=3.4228 seconds=15.5
Epoch 1222/5000: score=10.458518 loss=-0.234393 valid=1.0000 routes=8.995 grad=3.3062 seconds=15.4
Epoch 1223/5000: score=10.377142 loss=-0.236732 valid=1.0000 routes=8.474 grad=3.1649 seconds=15.4
Epoch 1224/5000: score=10.849617 loss=-0.255013 valid=1.0000 routes=9.043 grad=3.6228 seconds=15.5
Epoch 1225/5000: score=10.547179 loss=-0.243265 valid=1.0000 routes=8.740 grad=3.2908 seconds=15.4
Epoch 1226/5000: score=10.916412 loss=-0.245242 valid=1.0000 routes=9.021 grad=3.4828 seconds=15.6
Epoch 1227/5000: score=10.810278 loss=-0.245664 valid=1.0000 routes=9.157 grad=3.4858 seconds=15.3
Epoch 1228/5000: score=11.129697 loss=-0.249333 valid=1.0000 routes=9.177 grad=3.6916 seconds=15.4
Epoch 1229/5000: score=10.683198 loss=-0.240790 valid=1.0000 routes=8.846 grad=3.3431 seconds=15.4
Epoch 1230/5000: score=10.619276 loss=-0.241570 valid=1.0000 routes=9.032 grad=3.3507 seconds=15.3
Epoch 1231/5000: score=10.450572 loss=-0.240035 valid=1.0000 routes=8.862 grad=3.3550 seconds=15.8
Epoch 1232/5000: score=10.254336 loss=-0.226163 valid=1.0000 routes=8.469 grad=2.9872 seconds=15.4
Epoch 1233/5000: score=10.861155 loss=-0.247037 valid=1.0000 routes=9.155 grad=3.5125 seconds=15.4
Epoch 1234/5000: score=10.232508 loss=-0.225577 valid=1.0000 routes=8.813 grad=3.0552 seconds=15.4
Epoch 1235/5000: score=10.564102 loss=-0.236613 valid=1.0000 routes=8.739 grad=3.3503 seconds=15.5
Epoch 1236/5000: score=10.933665 loss=-0.250797 valid=1.0000 routes=9.112 grad=3.6993 seconds=15.6
Epoch 1237/5000: score=10.785949 loss=-0.241746 valid=1.0000 routes=8.930 grad=3.4912 seconds=15.6
Epoch 1238/5000: score=10.271601 loss=-0.229894 valid=1.0000 routes=8.602 grad=3.1163 seconds=15.4
Epoch 1239/5000: score=10.481189 loss=-0.235881 valid=1.0000 routes=8.650 grad=3.2587 seconds=15.4
Epoch 1240/5000: score=10.596238 loss=-0.235771 valid=1.0000 routes=9.070 grad=3.2876 seconds=15.3
Epoch 1241/5000: score=10.632182 loss=-0.246708 valid=1.0000 routes=8.870 grad=3.4323 seconds=15.4
Epoch 1242/5000: score=10.715332 loss=-0.245274 valid=1.0000 routes=8.494 grad=3.3834 seconds=15.7
Epoch 1243/5000: score=10.693073 loss=-0.235652 valid=1.0000 routes=8.726 grad=3.2669 seconds=15.3
Epoch 1244/5000: score=10.504876 loss=-0.232370 valid=1.0000 routes=8.905 grad=3.2988 seconds=15.4
Epoch 1245/5000: score=10.982000 loss=-0.243664 valid=1.0000 routes=9.089 grad=3.5514 seconds=15.4
Epoch 1246/5000: score=10.621312 loss=-0.237643 valid=1.0000 routes=8.788 grad=3.2787 seconds=15.3
Epoch 1247/5000: score=10.524635 loss=-0.239412 valid=1.0000 routes=8.805 grad=3.2894 seconds=15.6
Epoch 1248/5000: score=10.297992 loss=-0.232674 valid=1.0000 routes=9.013 grad=3.3111 seconds=15.5
Epoch 1249/5000: score=10.518612 loss=-0.235681 valid=1.0000 routes=9.159 grad=3.2344 seconds=15.4
Epoch 1250/5000: score=10.731953 loss=-0.237916 valid=1.0000 routes=8.670 grad=3.2470 seconds=15.3
Epoch 1251/5000: score=11.203196 loss=-0.246672 valid=1.0000 routes=8.967 grad=3.4743 seconds=15.3
Epoch 1252/5000: score=10.576046 loss=-0.234932 valid=1.0000 routes=8.610 grad=3.2986 seconds=15.7
Epoch 1253/5000: score=10.794033 loss=-0.247150 valid=1.0000 routes=8.791 grad=3.4014 seconds=15.4
Epoch 1254/5000: score=11.006808 loss=-0.245649 valid=1.0000 routes=8.791 grad=3.4732 seconds=15.4
Epoch 1255/5000: score=10.469236 loss=-0.237283 valid=1.0000 routes=8.918 grad=3.2596 seconds=15.4
Epoch 1256/5000: score=10.831901 loss=-0.247226 valid=1.0000 routes=8.894 grad=3.5686 seconds=15.4
Epoch 1257/5000: score=10.712176 loss=-0.245874 valid=1.0000 routes=9.078 grad=3.4329 seconds=15.6
Epoch 1258/5000: score=10.533517 loss=-0.232510 valid=1.0000 routes=8.633 grad=3.2426 seconds=15.5
Epoch 1259/5000: score=10.772649 loss=-0.244467 valid=1.0000 routes=8.811 grad=3.4407 seconds=15.3
Epoch 1260/5000: score=10.479472 loss=-0.245131 valid=1.0000 routes=9.212 grad=3.4108 seconds=15.4
Epoch 1261/5000: score=11.030417 loss=-0.244600 valid=1.0000 routes=9.060 grad=3.4719 seconds=15.3
Epoch 1262/5000: score=10.543030 loss=-0.243960 valid=1.0000 routes=9.151 grad=3.4490 seconds=15.3
Epoch 1263/5000: score=10.407793 loss=-0.241147 valid=1.0000 routes=8.704 grad=3.3125 seconds=15.6
Epoch 1264/5000: score=10.399613 loss=-0.233607 valid=1.0000 routes=8.816 grad=3.2378 seconds=15.3
Epoch 1265/5000: score=10.676666 loss=-0.242323 valid=1.0000 routes=8.845 grad=3.4247 seconds=15.4
Epoch 1266/5000: score=10.822137 loss=-0.238973 valid=1.0000 routes=8.996 grad=3.3828 seconds=15.4
Epoch 1267/5000: score=10.609915 loss=-0.242025 valid=1.0000 routes=8.836 grad=3.3512 seconds=15.5
Epoch 1268/5000: score=10.953134 loss=-0.237872 valid=1.0000 routes=8.845 grad=3.3689 seconds=15.7
Epoch 1269/5000: score=10.726620 loss=-0.251083 valid=1.0000 routes=9.344 grad=3.5455 seconds=15.5
Epoch 1270/5000: score=11.030615 loss=-0.257612 valid=1.0000 routes=9.246 grad=3.7829 seconds=15.5
Epoch 1271/5000: score=10.818574 loss=-0.243007 valid=1.0000 routes=9.050 grad=3.5275 seconds=15.4
Epoch 1272/5000: score=10.362322 loss=-0.225974 valid=1.0000 routes=8.708 grad=3.0665 seconds=15.4
Epoch 1273/5000: score=10.734839 loss=-0.233688 valid=1.0000 routes=8.644 grad=3.2405 seconds=15.5
Epoch 1274/5000: score=10.519439 loss=-0.230779 valid=1.0000 routes=8.544 grad=3.1367 seconds=15.4
Epoch 1275/5000: score=10.216003 loss=-0.236261 valid=1.0000 routes=8.763 grad=3.1217 seconds=15.0
Epoch 1276/5000: score=10.818312 loss=-0.240078 valid=1.0000 routes=8.611 grad=3.3076 seconds=15.2
Epoch 1277/5000: score=10.424820 loss=-0.233346 valid=1.0000 routes=8.685 grad=3.2025 seconds=15.3
Epoch 1278/5000: score=10.925270 loss=-0.241956 valid=1.0000 routes=8.586 grad=3.3921 seconds=15.4
Epoch 1279/5000: score=10.644491 loss=-0.231794 valid=1.0000 routes=8.739 grad=3.1403 seconds=15.4
Epoch 1280/5000: score=10.366159 loss=-0.231050 valid=1.0000 routes=8.717 grad=3.1222 seconds=15.3
Epoch 1281/5000: score=10.734232 loss=-0.251718 valid=1.0000 routes=9.024 grad=3.6258 seconds=15.5
Epoch 1282/5000: score=11.151255 loss=-0.246482 valid=1.0000 routes=9.231 grad=3.6397 seconds=15.3
Epoch 1283/5000: score=10.648880 loss=-0.242147 valid=1.0000 routes=8.877 grad=3.4199 seconds=15.5
Epoch 1284/5000: score=10.320608 loss=-0.234857 valid=1.0000 routes=8.854 grad=3.1982 seconds=15.7
Epoch 1285/5000: score=10.995816 loss=-0.244004 valid=1.0000 routes=9.392 grad=3.5251 seconds=15.3
Epoch 1286/5000: score=10.431891 loss=-0.237585 valid=1.0000 routes=8.675 grad=3.2889 seconds=15.5
Epoch 1287/5000: score=10.636475 loss=-0.241188 valid=1.0000 routes=8.771 grad=3.3644 seconds=15.4
Epoch 1288/5000: score=10.630299 loss=-0.231449 valid=1.0000 routes=8.626 grad=3.1991 seconds=15.3
Epoch 1289/5000: score=10.870966 loss=-0.252838 valid=1.0000 routes=9.089 grad=3.5850 seconds=15.5
Epoch 1290/5000: score=10.473783 loss=-0.238991 valid=1.0000 routes=8.523 grad=3.2153 seconds=15.3
Epoch 1291/5000: score=10.525474 loss=-0.231792 valid=1.0000 routes=8.604 grad=3.1951 seconds=15.2
Epoch 1292/5000: score=10.234921 loss=-0.239550 valid=1.0000 routes=9.102 grad=3.3252 seconds=15.3
Epoch 1293/5000: score=10.643292 loss=-0.234548 valid=1.0000 routes=8.855 grad=3.2721 seconds=15.2
Epoch 1294/5000: score=10.719517 loss=-0.233182 valid=1.0000 routes=8.614 grad=3.2129 seconds=15.3
Epoch 1295/5000: score=10.666171 loss=-0.233061 valid=1.0000 routes=8.605 grad=3.1937 seconds=15.5
Epoch 1296/5000: score=10.410220 loss=-0.229542 valid=1.0000 routes=8.416 grad=3.1040 seconds=15.2
Epoch 1297/5000: score=10.875455 loss=-0.246214 valid=1.0000 routes=9.036 grad=3.5634 seconds=15.3
Epoch 1298/5000: score=10.196149 loss=-0.234971 valid=1.0000 routes=9.206 grad=3.1907 seconds=15.3
Epoch 1299/5000: score=11.043451 loss=-0.249182 valid=1.0000 routes=9.281 grad=3.6903 seconds=15.4
Epoch 1300/5000: score=10.493468 loss=-0.237555 valid=1.0000 routes=8.536 grad=3.1874 seconds=15.4
Epoch 1301/5000: score=10.802312 loss=-0.238312 valid=1.0000 routes=8.974 grad=3.4551 seconds=15.3
Epoch 1302/5000: score=10.375784 loss=-0.233247 valid=1.0000 routes=8.657 grad=3.1174 seconds=15.3
Epoch 1303/5000: score=10.449801 loss=-0.234700 valid=1.0000 routes=8.527 grad=3.2136 seconds=15.3
Epoch 1304/5000: score=10.909346 loss=-0.230151 valid=1.0000 routes=8.639 grad=3.2845 seconds=15.3
Epoch 1305/5000: score=10.604975 loss=-0.239389 valid=1.0000 routes=8.930 grad=3.3728 seconds=15.5
Epoch 1306/5000: score=10.411085 loss=-0.233158 valid=1.0000 routes=8.389 grad=3.1837 seconds=15.4
Epoch 1307/5000: score=10.534953 loss=-0.240269 valid=1.0000 routes=9.313 grad=3.4290 seconds=15.4
Epoch 1308/5000: score=11.003596 loss=-0.240617 valid=1.0000 routes=8.630 grad=3.3677 seconds=15.3
Epoch 1309/5000: score=10.617183 loss=-0.234804 valid=1.0000 routes=8.684 grad=3.2192 seconds=15.2
Epoch 1310/5000: score=10.883339 loss=-0.252391 valid=1.0000 routes=9.239 grad=3.6312 seconds=15.4
Epoch 1311/5000: score=10.361733 loss=-0.230003 valid=1.0000 routes=8.500 grad=3.0721 seconds=15.5
Epoch 1312/5000: score=10.455464 loss=-0.226743 valid=1.0000 routes=8.732 grad=3.1067 seconds=15.5
Epoch 1313/5000: score=10.350253 loss=-0.231333 valid=1.0000 routes=8.704 grad=3.0962 seconds=15.2
Epoch 1314/5000: score=10.411085 loss=-0.238801 valid=1.0000 routes=8.884 grad=3.3559 seconds=15.4
Epoch 1315/5000: score=10.614388 loss=-0.234841 valid=1.0000 routes=8.491 grad=3.1822 seconds=15.5
Epoch 1316/5000: score=11.158035 loss=-0.239595 valid=1.0000 routes=8.750 grad=3.4791 seconds=15.5
Epoch 1317/5000: score=10.516665 loss=-0.240677 valid=1.0000 routes=9.127 grad=3.4391 seconds=15.2
Epoch 1318/5000: score=10.617528 loss=-0.237035 valid=1.0000 routes=9.236 grad=3.3409 seconds=15.3
Epoch 1319/5000: score=10.887250 loss=-0.244975 valid=1.0000 routes=9.099 grad=3.4670 seconds=15.3
Epoch 1320/5000: score=10.711911 loss=-0.238956 valid=1.0000 routes=8.912 grad=3.3740 seconds=15.3
Epoch 1321/5000: score=10.768034 loss=-0.236238 valid=1.0000 routes=8.373 grad=3.3648 seconds=15.5
Epoch 1322/5000: score=10.215923 loss=-0.227900 valid=1.0000 routes=8.242 grad=3.1419 seconds=15.3
Epoch 1323/5000: score=10.671544 loss=-0.248117 valid=1.0000 routes=8.933 grad=3.4617 seconds=15.3
Epoch 1324/5000: score=10.641184 loss=-0.242246 valid=1.0000 routes=8.744 grad=3.3882 seconds=15.4
Epoch 1325/5000: score=10.524352 loss=-0.237425 valid=1.0000 routes=8.800 grad=3.2902 seconds=15.4
Epoch 1326/5000: score=10.367575 loss=-0.221207 valid=1.0000 routes=8.092 grad=2.9191 seconds=15.6
Epoch 1327/5000: score=10.623438 loss=-0.236639 valid=1.0000 routes=8.681 grad=3.2258 seconds=15.4
Epoch 1328/5000: score=10.432246 loss=-0.230871 valid=1.0000 routes=8.540 grad=3.1357 seconds=15.3
Epoch 1329/5000: score=10.837347 loss=-0.240588 valid=1.0000 routes=9.005 grad=3.5387 seconds=15.3
Epoch 1330/5000: score=10.866972 loss=-0.250990 valid=1.0000 routes=9.034 grad=3.6256 seconds=15.3
Epoch 1331/5000: score=11.111664 loss=-0.247980 valid=1.0000 routes=9.139 grad=3.7008 seconds=15.3
Epoch 1332/5000: score=10.778785 loss=-0.244137 valid=1.0000 routes=8.647 grad=3.5126 seconds=15.4
Epoch 1333/5000: score=10.468878 loss=-0.235854 valid=1.0000 routes=8.598 grad=3.2545 seconds=15.3
Epoch 1334/5000: score=10.575468 loss=-0.236819 valid=1.0000 routes=8.891 grad=3.3764 seconds=15.3
Epoch 1335/5000: score=11.172149 loss=-0.248402 valid=1.0000 routes=9.277 grad=3.6809 seconds=15.3
Epoch 1336/5000: score=11.012850 loss=-0.240295 valid=1.0000 routes=8.916 grad=3.4698 seconds=15.2
Epoch 1337/5000: score=10.612718 loss=-0.230697 valid=1.0000 routes=8.584 grad=3.1904 seconds=15.5
Epoch 1338/5000: score=11.192562 loss=-0.238702 valid=1.0000 routes=8.778 grad=3.4673 seconds=15.3
Epoch 1339/5000: score=10.737183 loss=-0.236191 valid=1.0000 routes=8.497 grad=3.3791 seconds=15.2
Epoch 1340/5000: score=10.750607 loss=-0.245752 valid=1.0000 routes=8.838 grad=3.4923 seconds=15.2
Epoch 1341/5000: score=10.805215 loss=-0.246928 valid=1.0000 routes=9.298 grad=3.6260 seconds=15.3
Epoch 1342/5000: score=10.765906 loss=-0.239265 valid=1.0000 routes=9.054 grad=3.5360 seconds=15.5
Epoch 1343/5000: score=10.683301 loss=-0.233345 valid=1.0000 routes=8.502 grad=3.2600 seconds=15.3
Epoch 1344/5000: score=10.758467 loss=-0.241589 valid=1.0000 routes=9.142 grad=3.4227 seconds=15.3
Epoch 1345/5000: score=10.572187 loss=-0.235985 valid=1.0000 routes=8.921 grad=3.3868 seconds=15.2
Epoch 1346/5000: score=10.547975 loss=-0.229792 valid=1.0000 routes=8.270 grad=3.1369 seconds=15.2
Epoch 1347/5000: score=10.428897 loss=-0.237486 valid=1.0000 routes=9.058 grad=3.3774 seconds=15.6
Epoch 1348/5000: score=10.651615 loss=-0.238433 valid=1.0000 routes=8.916 grad=3.4053 seconds=15.3
Epoch 1349/5000: score=10.441211 loss=-0.238447 valid=1.0000 routes=9.029 grad=3.3060 seconds=15.3
Epoch 1350/5000: score=10.510679 loss=-0.235058 valid=1.0000 routes=9.003 grad=3.2722 seconds=15.3
Epoch 1351/5000: score=10.303047 loss=-0.241406 valid=1.0000 routes=9.216 grad=3.4005 seconds=15.3
Epoch 1352/5000: score=10.564044 loss=-0.244082 valid=1.0000 routes=8.745 grad=3.3147 seconds=15.3
Epoch 1353/5000: score=10.332463 loss=-0.244509 valid=1.0000 routes=9.306 grad=3.4549 seconds=15.5
Epoch 1354/5000: score=10.470462 loss=-0.227665 valid=1.0000 routes=8.666 grad=3.1618 seconds=15.4
Epoch 1355/5000: score=10.453465 loss=-0.240063 valid=1.0000 routes=8.738 grad=3.2677 seconds=15.2
Epoch 1356/5000: score=10.658781 loss=-0.247291 valid=1.0000 routes=9.200 grad=3.5414 seconds=15.3
Epoch 1357/5000: score=10.688246 loss=-0.231903 valid=1.0000 routes=8.740 grad=3.2599 seconds=15.4
Epoch 1358/5000: score=10.792887 loss=-0.245821 valid=1.0000 routes=8.896 grad=3.4802 seconds=15.6
Epoch 1359/5000: score=10.311060 loss=-0.234257 valid=1.0000 routes=8.773 grad=3.2741 seconds=15.3
Epoch 1360/5000: score=10.607799 loss=-0.235137 valid=1.0000 routes=8.756 grad=3.3116 seconds=15.2
Epoch 1361/5000: score=10.601342 loss=-0.236840 valid=1.0000 routes=8.852 grad=3.4049 seconds=15.3
Epoch 1362/5000: score=11.007699 loss=-0.254726 valid=1.0000 routes=9.062 grad=3.7799 seconds=15.3
Epoch 1363/5000: score=10.661003 loss=-0.229231 valid=1.0000 routes=8.911 grad=3.2915 seconds=15.5
Epoch 1364/5000: score=10.317364 loss=-0.220122 valid=1.0000 routes=8.705 grad=3.0759 seconds=15.3
Epoch 1365/5000: score=10.151925 loss=-0.222680 valid=1.0000 routes=8.708 grad=3.0627 seconds=15.3
Epoch 1366/5000: score=10.490080 loss=-0.233018 valid=1.0000 routes=8.346 grad=3.1346 seconds=15.3
Epoch 1367/5000: score=10.716402 loss=-0.245508 valid=1.0000 routes=9.412 grad=3.6114 seconds=15.3
Epoch 1368/5000: score=10.853810 loss=-0.240408 valid=1.0000 routes=8.837 grad=3.4723 seconds=15.4
Epoch 1369/5000: score=10.077410 loss=-0.230059 valid=1.0000 routes=8.585 grad=3.1003 seconds=15.5
Epoch 1370/5000: score=10.426228 loss=-0.242331 valid=1.0000 routes=8.902 grad=3.3451 seconds=15.3
Epoch 1371/5000: score=10.566913 loss=-0.230785 valid=1.0000 routes=8.616 grad=3.1717 seconds=15.3
Epoch 1372/5000: score=10.355594 loss=-0.234347 valid=1.0000 routes=8.643 grad=3.1890 seconds=15.2
Epoch 1373/5000: score=10.694871 loss=-0.245954 valid=1.0000 routes=9.416 grad=3.5029 seconds=15.3
Epoch 1374/5000: score=10.768188 loss=-0.248430 valid=1.0000 routes=9.094 grad=3.4784 seconds=15.5
Epoch 1375/5000: score=10.771447 loss=-0.243387 valid=1.0000 routes=9.207 grad=3.5149 seconds=15.3
Epoch 1376/5000: score=10.630063 loss=-0.235550 valid=1.0000 routes=8.762 grad=3.3175 seconds=15.3
Epoch 1377/5000: score=10.928566 loss=-0.246818 valid=1.0000 routes=8.641 grad=3.5216 seconds=15.3
Epoch 1378/5000: score=10.665171 loss=-0.235457 valid=1.0000 routes=8.865 grad=3.3188 seconds=15.2
Epoch 1379/5000: score=10.545161 loss=-0.232471 valid=1.0000 routes=8.736 grad=3.2170 seconds=15.6
Epoch 1380/5000: score=11.156100 loss=-0.248454 valid=1.0000 routes=8.959 grad=3.6177 seconds=15.4
Epoch 1381/5000: score=10.502924 loss=-0.231035 valid=1.0000 routes=8.862 grad=3.2655 seconds=15.3
Epoch 1382/5000: score=10.694019 loss=-0.236412 valid=1.0000 routes=8.818 grad=3.3875 seconds=15.4
Epoch 1383/5000: score=10.753769 loss=-0.240640 valid=1.0000 routes=8.935 grad=3.5032 seconds=15.5
Epoch 1384/5000: score=10.351244 loss=-0.231913 valid=1.0000 routes=8.511 grad=3.1998 seconds=15.6
Epoch 1385/5000: score=10.308680 loss=-0.235989 valid=1.0000 routes=8.765 grad=3.2695 seconds=15.4
Epoch 1386/5000: score=10.530626 loss=-0.231785 valid=1.0000 routes=8.740 grad=3.2497 seconds=15.3
Epoch 1387/5000: score=10.684675 loss=-0.244054 valid=1.0000 routes=8.821 grad=3.4582 seconds=15.4
Epoch 1388/5000: score=10.405038 loss=-0.231272 valid=1.0000 routes=8.603 grad=3.1992 seconds=15.4
Epoch 1389/5000: score=10.750102 loss=-0.249186 valid=1.0000 routes=8.899 grad=3.5872 seconds=15.4
Epoch 1390/5000: score=10.561335 loss=-0.229845 valid=1.0000 routes=8.435 grad=3.1361 seconds=15.5
Epoch 1391/5000: score=10.692648 loss=-0.241716 valid=1.0000 routes=8.883 grad=3.4509 seconds=15.4
Epoch 1392/5000: score=10.553536 loss=-0.242716 valid=1.0000 routes=9.089 grad=3.4116 seconds=15.4
Epoch 1393/5000: score=10.888378 loss=-0.242356 valid=1.0000 routes=8.998 grad=3.5274 seconds=15.3
Epoch 1394/5000: score=10.663101 loss=-0.238802 valid=1.0000 routes=8.357 grad=3.2944 seconds=15.4
Epoch 1395/5000: score=10.780482 loss=-0.249457 valid=1.0000 routes=9.194 grad=3.6583 seconds=15.5
Epoch 1396/5000: score=10.544819 loss=-0.230451 valid=1.0000 routes=8.398 grad=3.1913 seconds=15.3
Epoch 1397/5000: score=10.580916 loss=-0.244606 valid=1.0000 routes=9.227 grad=3.5095 seconds=15.3
Epoch 1398/5000: score=10.661416 loss=-0.242921 valid=1.0000 routes=9.093 grad=3.5141 seconds=15.5
Epoch 1399/5000: score=10.845916 loss=-0.246563 valid=1.0000 routes=9.000 grad=3.5422 seconds=15.4
Epoch 1400/5000: score=10.647424 loss=-0.242708 valid=1.0000 routes=8.978 grad=3.3752 seconds=15.5
Epoch 1401/5000: score=10.329308 loss=-0.235203 valid=1.0000 routes=8.866 grad=3.3177 seconds=15.6
Epoch 1402/5000: score=11.213969 loss=-0.260922 valid=1.0000 routes=9.201 grad=3.8425 seconds=15.4
Epoch 1403/5000: score=10.851039 loss=-0.233449 valid=1.0000 routes=8.632 grad=3.3516 seconds=15.4
Epoch 1404/5000: score=10.815659 loss=-0.243073 valid=1.0000 routes=8.862 grad=3.6225 seconds=15.6
Epoch 1405/5000: score=10.247714 loss=-0.234427 valid=1.0000 routes=8.711 grad=3.2285 seconds=15.5
Epoch 1406/5000: score=10.477703 loss=-0.235622 valid=1.0000 routes=8.769 grad=3.3028 seconds=15.5
Epoch 1407/5000: score=10.702047 loss=-0.236205 valid=1.0000 routes=8.851 grad=3.3565 seconds=15.4
Epoch 1408/5000: score=10.501790 loss=-0.221993 valid=1.0000 routes=8.847 grad=3.1242 seconds=15.4
Epoch 1409/5000: score=10.703372 loss=-0.248475 valid=1.0000 routes=9.278 grad=3.6232 seconds=15.3
Epoch 1410/5000: score=10.712814 loss=-0.235803 valid=1.0000 routes=8.583 grad=3.3566 seconds=15.4
Epoch 1411/5000: score=11.148225 loss=-0.239552 valid=1.0000 routes=9.050 grad=3.5313 seconds=15.5
Epoch 1412/5000: score=10.792363 loss=-0.238428 valid=1.0000 routes=8.878 grad=3.4486 seconds=15.3
Epoch 1413/5000: score=10.855902 loss=-0.243777 valid=1.0000 routes=8.783 grad=3.4903 seconds=15.3
Epoch 1414/5000: score=10.503393 loss=-0.237712 valid=1.0000 routes=8.775 grad=3.3638 seconds=15.4
Epoch 1415/5000: score=10.577032 loss=-0.238763 valid=1.0000 routes=8.939 grad=3.4055 seconds=15.5
Epoch 1416/5000: score=10.890510 loss=-0.250885 valid=1.0000 routes=8.935 grad=3.6284 seconds=15.6
Epoch 1417/5000: score=10.895472 loss=-0.253612 valid=1.0000 routes=8.990 grad=3.6751 seconds=15.4
Epoch 1418/5000: score=10.706108 loss=-0.235797 valid=1.0000 routes=8.492 grad=3.3237 seconds=15.3
Epoch 1419/5000: score=10.510976 loss=-0.239764 valid=1.0000 routes=8.757 grad=3.3793 seconds=15.4
Epoch 1420/5000: score=10.519659 loss=-0.231022 valid=1.0000 routes=8.592 grad=3.2305 seconds=15.4
Epoch 1421/5000: score=10.452443 loss=-0.238632 valid=1.0000 routes=9.016 grad=3.4162 seconds=15.6
Epoch 1422/5000: score=10.747346 loss=-0.243394 valid=1.0000 routes=8.614 grad=3.3815 seconds=15.2
Epoch 1423/5000: score=10.606974 loss=-0.228934 valid=1.0000 routes=8.584 grad=3.2291 seconds=15.3
Epoch 1424/5000: score=10.935360 loss=-0.247295 valid=1.0000 routes=8.770 grad=3.5320 seconds=15.3
Epoch 1425/5000: score=11.016388 loss=-0.241213 valid=1.0000 routes=8.663 grad=3.5737 seconds=15.4
Epoch 1426/5000: score=10.545438 loss=-0.242669 valid=1.0000 routes=9.110 grad=3.5279 seconds=15.6
Epoch 1427/5000: score=10.973177 loss=-0.239169 valid=1.0000 routes=8.810 grad=3.4916 seconds=15.4
Epoch 1428/5000: score=10.737925 loss=-0.235041 valid=1.0000 routes=8.488 grad=3.3404 seconds=15.3
Epoch 1429/5000: score=10.493511 loss=-0.238472 valid=1.0000 routes=8.739 grad=3.3533 seconds=15.3
Epoch 1430/5000: score=10.781113 loss=-0.240367 valid=1.0000 routes=8.882 grad=3.4272 seconds=15.2
Epoch 1431/5000: score=10.730066 loss=-0.247014 valid=1.0000 routes=9.144 grad=3.5838 seconds=15.3
Epoch 1432/5000: score=10.753780 loss=-0.249645 valid=1.0000 routes=8.954 grad=3.5866 seconds=15.6
Epoch 1433/5000: score=10.643827 loss=-0.236422 valid=1.0000 routes=8.867 grad=3.3347 seconds=15.2
Epoch 1434/5000: score=11.005343 loss=-0.236758 valid=1.0000 routes=8.818 grad=3.4040 seconds=15.3
Epoch 1435/5000: score=10.494475 loss=-0.241958 valid=1.0000 routes=8.876 grad=3.3593 seconds=15.3
Epoch 1436/5000: score=10.501988 loss=-0.231703 valid=1.0000 routes=8.968 grad=3.2721 seconds=15.2
Epoch 1437/5000: score=10.888554 loss=-0.242373 valid=1.0000 routes=8.662 grad=3.4691 seconds=15.5
Epoch 1438/5000: score=10.310182 loss=-0.223645 valid=1.0000 routes=8.368 grad=3.0365 seconds=15.2
Epoch 1439/5000: score=10.371529 loss=-0.238024 valid=1.0000 routes=8.822 grad=3.2879 seconds=15.3
Epoch 1440/5000: score=10.297903 loss=-0.228421 valid=1.0000 routes=9.107 grad=3.2464 seconds=15.3
Epoch 1441/5000: score=10.678998 loss=-0.247156 valid=1.0000 routes=8.614 grad=3.4895 seconds=15.3
Epoch 1442/5000: score=10.514514 loss=-0.238401 valid=1.0000 routes=9.261 grad=3.3420 seconds=15.5
Epoch 1443/5000: score=10.460103 loss=-0.226409 valid=1.0000 routes=8.656 grad=3.1877 seconds=15.4
Epoch 1444/5000: score=10.898895 loss=-0.236897 valid=1.0000 routes=8.724 grad=3.4363 seconds=15.3
Epoch 1445/5000: score=10.690359 loss=-0.249079 valid=1.0000 routes=8.654 grad=3.5561 seconds=15.4
Epoch 1446/5000: score=10.266738 loss=-0.226108 valid=1.0000 routes=8.721 grad=3.1783 seconds=15.3
Epoch 1447/5000: score=10.463365 loss=-0.232734 valid=1.0000 routes=8.833 grad=3.2943 seconds=15.2
Epoch 1448/5000: score=10.773668 loss=-0.249593 valid=1.0000 routes=8.723 grad=3.5651 seconds=15.7
Epoch 1449/5000: score=10.568851 loss=-0.235953 valid=1.0000 routes=8.983 grad=3.4167 seconds=15.4
Epoch 1450/5000: score=10.689641 loss=-0.227972 valid=1.0000 routes=8.463 grad=3.2015 seconds=15.2
Epoch 1451/5000: score=10.639742 loss=-0.231999 valid=1.0000 routes=8.859 grad=3.3784 seconds=15.2
Epoch 1452/5000: score=10.582397 loss=-0.228354 valid=1.0000 routes=8.909 grad=3.1905 seconds=15.3
Epoch 1453/5000: score=10.659157 loss=-0.250554 valid=1.0000 routes=9.054 grad=3.5959 seconds=15.5
Epoch 1454/5000: score=10.456295 loss=-0.237275 valid=1.0000 routes=8.693 grad=3.3859 seconds=15.3
Epoch 1455/5000: score=10.680125 loss=-0.237508 valid=1.0000 routes=8.835 grad=3.4290 seconds=15.5
Epoch 1456/5000: score=10.979127 loss=-0.239478 valid=1.0000 routes=8.754 grad=3.5084 seconds=15.4
Epoch 1457/5000: score=10.709783 loss=-0.247870 valid=1.0000 routes=9.037 grad=3.6104 seconds=15.3
Epoch 1458/5000: score=10.638673 loss=-0.247161 valid=1.0000 routes=8.862 grad=3.5568 seconds=15.5
Epoch 1459/5000: score=10.440942 loss=-0.229981 valid=1.0000 routes=8.875 grad=3.2997 seconds=15.3
Epoch 1460/5000: score=10.360063 loss=-0.228166 valid=1.0000 routes=8.965 grad=3.2780 seconds=15.4
Epoch 1461/5000: score=10.541356 loss=-0.230044 valid=1.0000 routes=8.964 grad=3.3521 seconds=15.3
Epoch 1462/5000: score=10.887492 loss=-0.244946 valid=1.0000 routes=9.255 grad=3.7627 seconds=15.4
Epoch 1463/5000: score=10.804904 loss=-0.235556 valid=1.0000 routes=8.426 grad=3.4606 seconds=15.4
Epoch 1464/5000: score=10.758732 loss=-0.238916 valid=1.0000 routes=8.784 grad=3.4897 seconds=15.3
Epoch 1465/5000: score=11.046397 loss=-0.242556 valid=1.0000 routes=8.685 grad=3.6055 seconds=15.3
Epoch 1466/5000: score=10.685816 loss=-0.234059 valid=1.0000 routes=8.818 grad=3.4058 seconds=15.3
Epoch 1467/5000: score=10.686833 loss=-0.232559 valid=1.0000 routes=8.721 grad=3.3356 seconds=15.2
Epoch 1468/5000: score=10.521286 loss=-0.232005 valid=1.0000 routes=8.691 grad=3.2361 seconds=15.3
Epoch 1469/5000: score=10.927704 loss=-0.236764 valid=1.0000 routes=8.989 grad=3.4979 seconds=15.1
Epoch 1470/5000: score=10.292844 loss=-0.224407 valid=1.0000 routes=8.391 grad=3.0757 seconds=14.9
Epoch 1471/5000: score=10.677874 loss=-0.234255 valid=1.0000 routes=8.782 grad=3.3791 seconds=15.2
Epoch 1472/5000: score=10.606746 loss=-0.236927 valid=1.0000 routes=8.835 grad=3.4848 seconds=15.2
Epoch 1473/5000: score=10.569549 loss=-0.234375 valid=1.0000 routes=8.976 grad=3.4353 seconds=15.5
Epoch 1474/5000: score=10.331400 loss=-0.228652 valid=1.0000 routes=8.787 grad=3.2798 seconds=15.4
Epoch 1475/5000: score=10.969932 loss=-0.246182 valid=1.0000 routes=8.982 grad=3.6288 seconds=15.3
Epoch 1476/5000: score=10.316225 loss=-0.230691 valid=1.0000 routes=8.649 grad=3.2128 seconds=15.4
Epoch 1477/5000: score=10.669247 loss=-0.229778 valid=1.0000 routes=8.840 grad=3.3676 seconds=15.2
Epoch 1478/5000: score=10.969936 loss=-0.239843 valid=1.0000 routes=8.681 grad=3.4969 seconds=15.4
Epoch 1479/5000: score=10.682540 loss=-0.242404 valid=1.0000 routes=8.877 grad=3.4937 seconds=15.5
Epoch 1480/5000: score=10.803795 loss=-0.238766 valid=1.0000 routes=8.950 grad=3.5535 seconds=15.4
Epoch 1481/5000: score=10.535052 loss=-0.231799 valid=1.0000 routes=8.796 grad=3.2935 seconds=15.2
Epoch 1482/5000: score=10.956282 loss=-0.235155 valid=1.0000 routes=8.987 grad=3.4262 seconds=15.2
Epoch 1483/5000: score=10.550516 loss=-0.225260 valid=1.0000 routes=8.621 grad=3.1604 seconds=15.1
Epoch 1484/5000: score=10.837168 loss=-0.240417 valid=1.0000 routes=8.971 grad=3.5204 seconds=15.2
Epoch 1485/5000: score=10.709117 loss=-0.237083 valid=1.0000 routes=8.937 grad=3.4062 seconds=15.3
Epoch 1486/5000: score=10.520541 loss=-0.232694 valid=1.0000 routes=8.927 grad=3.3108 seconds=15.4
Epoch 1487/5000: score=10.826718 loss=-0.241068 valid=1.0000 routes=8.856 grad=3.4157 seconds=15.3
Epoch 1488/5000: score=10.659928 loss=-0.241683 valid=1.0000 routes=9.024 grad=3.5078 seconds=15.3
Epoch 1489/5000: score=11.035046 loss=-0.244759 valid=1.0000 routes=8.524 grad=3.5285 seconds=15.4
Epoch 1490/5000: score=10.990730 loss=-0.238957 valid=1.0000 routes=8.745 grad=3.5383 seconds=15.8
Epoch 1491/5000: score=10.811894 loss=-0.244515 valid=1.0000 routes=9.106 grad=3.6018 seconds=15.7
Epoch 1492/5000: score=10.727312 loss=-0.235105 valid=1.0000 routes=8.961 grad=3.4118 seconds=15.7
Epoch 1493/5000: score=10.421106 loss=-0.229830 valid=1.0000 routes=8.760 grad=3.3497 seconds=16.0
Epoch 1494/5000: score=10.680387 loss=-0.240183 valid=1.0000 routes=8.803 grad=3.5267 seconds=15.5
Epoch 1495/5000: score=10.120642 loss=-0.223541 valid=1.0000 routes=8.626 grad=3.1046 seconds=15.5
Epoch 1496/5000: score=10.816077 loss=-0.230976 valid=1.0000 routes=8.948 grad=3.3716 seconds=15.5
Epoch 1497/5000: score=10.327260 loss=-0.229719 valid=1.0000 routes=8.723 grad=3.2535 seconds=15.6
Epoch 1498/5000: score=10.681943 loss=-0.245797 valid=1.0000 routes=8.888 grad=3.5478 seconds=15.6
Epoch 1499/5000: score=10.639289 loss=-0.241706 valid=1.0000 routes=8.947 grad=3.4529 seconds=15.5
Epoch 1500/5000: score=10.513744 loss=-0.235981 valid=1.0000 routes=8.654 grad=3.3749 seconds=15.7
Epoch 1501/5000: score=10.534088 loss=-0.234923 valid=1.0000 routes=8.288 grad=3.3713 seconds=15.7
Epoch 1502/5000: score=10.642984 loss=-0.238604 valid=1.0000 routes=8.860 grad=3.4765 seconds=15.4
Epoch 1503/5000: score=10.490191 loss=-0.239491 valid=1.0000 routes=8.962 grad=3.5430 seconds=15.5
Epoch 1504/5000: score=10.751762 loss=-0.235666 valid=1.0000 routes=8.836 grad=3.5458 seconds=15.5
Epoch 1505/5000: score=10.624033 loss=-0.239364 valid=1.0000 routes=8.952 grad=3.4482 seconds=15.5
Epoch 1506/5000: score=10.793625 loss=-0.243313 valid=1.0000 routes=8.777 grad=3.5285 seconds=15.5
Epoch 1507/5000: score=10.489129 loss=-0.229537 valid=1.0000 routes=8.908 grad=3.2470 seconds=15.3
Epoch 1508/5000: score=10.845902 loss=-0.241051 valid=1.0000 routes=8.972 grad=3.6515 seconds=15.3
Epoch 1509/5000: score=10.847382 loss=-0.239457 valid=1.0000 routes=8.979 grad=3.5476 seconds=15.4
Epoch 1510/5000: score=10.654108 loss=-0.242386 valid=1.0000 routes=8.473 grad=3.4495 seconds=15.5
Epoch 1511/5000: score=10.458148 loss=-0.232929 valid=1.0000 routes=8.848 grad=3.4069 seconds=15.7
Epoch 1512/5000: score=11.170093 loss=-0.251595 valid=1.0000 routes=9.170 grad=3.8182 seconds=15.3
Epoch 1513/5000: score=11.110985 loss=-0.255016 valid=1.0000 routes=8.925 grad=3.7519 seconds=15.5
Epoch 1514/5000: score=10.669655 loss=-0.241278 valid=1.0000 routes=8.905 grad=3.6008 seconds=15.4
Epoch 1515/5000: score=10.425924 loss=-0.220444 valid=1.0000 routes=8.462 grad=3.1128 seconds=15.3
>> Invalid instances, Re-generating ...
Epoch 1516/5000: score=10.677879 loss=-0.243542 valid=1.0000 routes=8.727 grad=3.5264 seconds=15.5
Epoch 1517/5000: score=10.873106 loss=-0.240697 valid=1.0000 routes=8.641 grad=3.4433 seconds=15.5
Epoch 1518/5000: score=10.985462 loss=-0.231787 valid=1.0000 routes=8.684 grad=3.4205 seconds=15.3
Epoch 1519/5000: score=10.244682 loss=-0.223876 valid=1.0000 routes=8.470 grad=3.2228 seconds=15.5
Epoch 1520/5000: score=10.494225 loss=-0.232235 valid=1.0000 routes=8.644 grad=3.2542 seconds=15.4
Epoch 1521/5000: score=10.752800 loss=-0.237631 valid=1.0000 routes=8.820 grad=3.4461 seconds=15.6
Epoch 1522/5000: score=10.914020 loss=-0.231232 valid=1.0000 routes=9.114 grad=3.4699 seconds=15.6
Epoch 1523/5000: score=10.960134 loss=-0.242325 valid=1.0000 routes=9.091 grad=3.6771 seconds=15.5
Epoch 1524/5000: score=10.847665 loss=-0.248615 valid=1.0000 routes=8.880 grad=3.6012 seconds=15.5
Epoch 1525/5000: score=10.850286 loss=-0.241332 valid=1.0000 routes=9.437 grad=3.6191 seconds=15.4
Epoch 1526/5000: score=10.617493 loss=-0.241742 valid=1.0000 routes=9.064 grad=3.5724 seconds=15.3
Epoch 1527/5000: score=10.975924 loss=-0.238851 valid=1.0000 routes=9.108 grad=3.5206 seconds=15.7
Epoch 1528/5000: score=10.736593 loss=-0.237675 valid=1.0000 routes=8.840 grad=3.5315 seconds=15.5
Epoch 1529/5000: score=10.391926 loss=-0.241385 valid=1.0000 routes=8.852 grad=3.3971 seconds=15.4
Epoch 1530/5000: score=10.983569 loss=-0.230346 valid=1.0000 routes=8.798 grad=3.3274 seconds=15.1
Epoch 1531/5000: score=10.481110 loss=-0.227299 valid=1.0000 routes=8.632 grad=3.3131 seconds=15.3
Epoch 1532/5000: score=10.731259 loss=-0.239267 valid=1.0000 routes=8.702 grad=3.4951 seconds=15.6
Epoch 1533/5000: score=10.571204 loss=-0.235387 valid=1.0000 routes=8.819 grad=3.3089 seconds=15.4
Epoch 1534/5000: score=10.466228 loss=-0.233855 valid=1.0000 routes=8.691 grad=3.2674 seconds=15.4
Epoch 1535/5000: score=10.510172 loss=-0.229507 valid=1.0000 routes=8.435 grad=3.1725 seconds=15.6
Epoch 1536/5000: score=10.719395 loss=-0.243432 valid=1.0000 routes=8.839 grad=3.6360 seconds=15.5
Epoch 1537/5000: score=10.280239 loss=-0.232457 valid=1.0000 routes=9.029 grad=3.3064 seconds=15.6
Epoch 1538/5000: score=10.395356 loss=-0.229604 valid=1.0000 routes=8.480 grad=3.2033 seconds=15.6
Epoch 1539/5000: score=10.189916 loss=-0.214940 valid=1.0000 routes=8.328 grad=2.9121 seconds=15.5
Epoch 1540/5000: score=10.912115 loss=-0.242264 valid=1.0000 routes=9.113 grad=3.7986 seconds=15.4
Epoch 1541/5000: score=10.631707 loss=-0.242520 valid=1.0000 routes=8.814 grad=3.5470 seconds=15.3
Epoch 1542/5000: score=11.118627 loss=-0.249560 valid=1.0000 routes=8.925 grad=3.7157 seconds=15.4
Epoch 1543/5000: score=10.778782 loss=-0.229048 valid=1.0000 routes=9.118 grad=3.4396 seconds=15.4
Epoch 1544/5000: score=10.590892 loss=-0.243142 valid=1.0000 routes=8.827 grad=3.5292 seconds=15.3
Epoch 1545/5000: score=10.577371 loss=-0.237945 valid=1.0000 routes=9.169 grad=3.5378 seconds=15.4
Epoch 1546/5000: score=10.928568 loss=-0.249146 valid=1.0000 routes=9.218 grad=3.7639 seconds=15.4
Epoch 1547/5000: score=10.431936 loss=-0.226707 valid=1.0000 routes=8.602 grad=3.2345 seconds=15.3
Epoch 1548/5000: score=10.927445 loss=-0.233645 valid=1.0000 routes=8.598 grad=3.4214 seconds=15.5
Epoch 1549/5000: score=11.196431 loss=-0.242554 valid=1.0000 routes=8.925 grad=3.7402 seconds=15.4
Epoch 1550/5000: score=10.950005 loss=-0.234565 valid=1.0000 routes=8.742 grad=3.5723 seconds=15.5
Epoch 1551/5000: score=10.852746 loss=-0.246123 valid=1.0000 routes=9.196 grad=3.7706 seconds=15.4
>> Invalid instances, Re-generating ...
Epoch 1552/5000: score=10.505630 loss=-0.241464 valid=1.0000 routes=8.796 grad=3.4540 seconds=15.6
Epoch 1553/5000: score=10.655875 loss=-0.242063 valid=1.0000 routes=8.980 grad=3.5418 seconds=15.8
Epoch 1554/5000: score=10.966056 loss=-0.244412 valid=1.0000 routes=8.730 grad=3.6448 seconds=15.6
Epoch 1555/5000: score=10.546632 loss=-0.222088 valid=1.0000 routes=8.634 grad=3.2041 seconds=15.6
Epoch 1556/5000: score=11.109375 loss=-0.246225 valid=1.0000 routes=8.799 grad=3.6125 seconds=15.5
Epoch 1557/5000: score=10.642867 loss=-0.238947 valid=1.0000 routes=8.722 grad=3.5767 seconds=15.6
Epoch 1558/5000: score=10.817517 loss=-0.242361 valid=1.0000 routes=8.669 grad=3.5302 seconds=15.6
Epoch 1559/5000: score=10.573982 loss=-0.238425 valid=1.0000 routes=8.791 grad=3.4713 seconds=15.6
Epoch 1560/5000: score=10.657899 loss=-0.237149 valid=1.0000 routes=8.629 grad=3.3539 seconds=15.4
Epoch 1561/5000: score=10.480188 loss=-0.235794 valid=1.0000 routes=8.729 grad=3.4041 seconds=15.2
Epoch 1562/5000: score=10.755746 loss=-0.243508 valid=1.0000 routes=9.107 grad=3.6454 seconds=15.3
Epoch 1563/5000: score=11.108304 loss=-0.255269 valid=1.0000 routes=9.003 grad=3.8152 seconds=15.4
Epoch 1564/5000: score=10.992116 loss=-0.242608 valid=1.0000 routes=9.051 grad=3.7115 seconds=15.6
Epoch 1565/5000: score=10.775077 loss=-0.237011 valid=1.0000 routes=9.266 grad=3.5988 seconds=15.3
Epoch 1566/5000: score=10.827163 loss=-0.240369 valid=1.0000 routes=8.967 grad=3.5653 seconds=15.3
Epoch 1567/5000: score=10.550786 loss=-0.226361 valid=1.0000 routes=8.273 grad=3.1507 seconds=15.5
Epoch 1568/5000: score=10.283526 loss=-0.233236 valid=1.0000 routes=8.647 grad=3.2971 seconds=15.4
Epoch 1569/5000: score=10.718763 loss=-0.242956 valid=1.0000 routes=8.836 grad=3.5558 seconds=15.7
Epoch 1570/5000: score=10.780272 loss=-0.242112 valid=1.0000 routes=8.735 grad=3.5500 seconds=15.7
Epoch 1571/5000: score=10.734845 loss=-0.241522 valid=1.0000 routes=8.809 grad=3.5851 seconds=15.6
Epoch 1572/5000: score=10.643496 loss=-0.229781 valid=1.0000 routes=8.886 grad=3.3128 seconds=15.6
Epoch 1573/5000: score=10.573464 loss=-0.224906 valid=1.0000 routes=8.445 grad=3.2443 seconds=15.6
Epoch 1574/5000: score=10.716940 loss=-0.238403 valid=1.0000 routes=8.886 grad=3.5703 seconds=15.6
Epoch 1575/5000: score=10.587859 loss=-0.235228 valid=1.0000 routes=8.448 grad=3.3857 seconds=15.7
Epoch 1576/5000: score=10.285889 loss=-0.230167 valid=1.0000 routes=8.955 grad=3.3027 seconds=15.5
Epoch 1577/5000: score=10.485786 loss=-0.235198 valid=1.0000 routes=8.776 grad=3.4269 seconds=15.4
Epoch 1578/5000: score=10.785104 loss=-0.234276 valid=1.0000 routes=8.958 grad=3.4977 seconds=15.4
Epoch 1579/5000: score=10.523318 loss=-0.237414 valid=1.0000 routes=9.146 grad=3.5370 seconds=15.5
Epoch 1580/5000: score=10.796032 loss=-0.219194 valid=1.0000 routes=8.611 grad=3.1613 seconds=15.6
Epoch 1581/5000: score=10.734066 loss=-0.238726 valid=1.0000 routes=8.664 grad=3.5256 seconds=15.4
Epoch 1582/5000: score=10.862521 loss=-0.240292 valid=1.0000 routes=8.730 grad=3.5257 seconds=15.5
Epoch 1583/5000: score=10.982865 loss=-0.251375 valid=1.0000 routes=9.178 grad=3.7861 seconds=15.5
Epoch 1584/5000: score=10.819126 loss=-0.240465 valid=1.0000 routes=8.772 grad=3.5128 seconds=15.5
Epoch 1585/5000: score=10.742447 loss=-0.236326 valid=1.0000 routes=8.937 grad=3.5069 seconds=15.7
Epoch 1586/5000: score=10.417297 loss=-0.233711 valid=1.0000 routes=8.807 grad=3.3494 seconds=15.6
Epoch 1587/5000: score=10.389518 loss=-0.227016 valid=1.0000 routes=8.501 grad=3.2243 seconds=15.4
Epoch 1588/5000: score=10.605641 loss=-0.234766 valid=1.0000 routes=8.739 grad=3.4321 seconds=15.4
Epoch 1589/5000: score=10.975870 loss=-0.249279 valid=1.0000 routes=9.213 grad=3.8389 seconds=15.6
Epoch 1590/5000: score=10.637494 loss=-0.230253 valid=1.0000 routes=8.463 grad=3.2924 seconds=15.6
Epoch 1591/5000: score=10.752167 loss=-0.235472 valid=1.0000 routes=8.777 grad=3.4976 seconds=15.6
Epoch 1592/5000: score=10.500379 loss=-0.238950 valid=1.0000 routes=8.523 grad=3.4078 seconds=15.5
Epoch 1593/5000: score=10.749884 loss=-0.238434 valid=1.0000 routes=8.714 grad=3.5410 seconds=15.6
Epoch 1594/5000: score=10.413195 loss=-0.225787 valid=1.0000 routes=8.933 grad=3.2692 seconds=15.4
Epoch 1595/5000: score=10.093422 loss=-0.227347 valid=1.0000 routes=8.444 grad=3.0822 seconds=15.4
Epoch 1596/5000: score=10.903533 loss=-0.243341 valid=1.0000 routes=9.246 grad=3.6501 seconds=15.4
Epoch 1597/5000: score=10.789835 loss=-0.248927 valid=1.0000 routes=8.727 grad=3.6373 seconds=15.4
Epoch 1598/5000: score=10.492162 loss=-0.231422 valid=1.0000 routes=8.860 grad=3.2752 seconds=15.3
Epoch 1599/5000: score=10.853283 loss=-0.235393 valid=1.0000 routes=8.699 grad=3.3937 seconds=15.4
Epoch 1600/5000: score=10.931257 loss=-0.238130 valid=1.0000 routes=8.747 grad=3.5336 seconds=15.4
Epoch 1601/5000: score=10.626070 loss=-0.240169 valid=1.0000 routes=9.035 grad=3.5862 seconds=15.6
Epoch 1602/5000: score=10.873122 loss=-0.245992 valid=1.0000 routes=8.443 grad=3.6303 seconds=15.5
Epoch 1603/5000: score=10.841405 loss=-0.234131 valid=1.0000 routes=9.003 grad=3.4889 seconds=15.2
Epoch 1604/5000: score=10.692338 loss=-0.236472 valid=1.0000 routes=8.651 grad=3.4239 seconds=15.1
Epoch 1605/5000: score=10.701323 loss=-0.239596 valid=1.0000 routes=9.036 grad=3.5758 seconds=15.4
Epoch 1606/5000: score=10.864217 loss=-0.235460 valid=1.0000 routes=8.788 grad=3.5132 seconds=15.4
Epoch 1607/5000: score=10.412898 loss=-0.227147 valid=1.0000 routes=8.897 grad=3.2897 seconds=15.2
Epoch 1608/5000: score=10.604361 loss=-0.234655 valid=1.0000 routes=8.927 grad=3.4948 seconds=15.2
Epoch 1609/5000: score=10.576919 loss=-0.234033 valid=1.0000 routes=9.465 grad=3.5101 seconds=15.2
Epoch 1610/5000: score=10.770464 loss=-0.238186 valid=1.0000 routes=9.056 grad=3.5855 seconds=15.3
Epoch 1611/5000: score=10.459890 loss=-0.230870 valid=1.0000 routes=8.699 grad=3.3054 seconds=15.3
Epoch 1612/5000: score=10.659216 loss=-0.227996 valid=1.0000 routes=8.610 grad=3.3914 seconds=15.5
Epoch 1613/5000: score=11.000703 loss=-0.247674 valid=1.0000 routes=9.119 grad=3.6727 seconds=15.3
Epoch 1614/5000: score=10.257842 loss=-0.230340 valid=1.0000 routes=8.633 grad=3.1249 seconds=15.3
Epoch 1615/5000: score=10.883001 loss=-0.242117 valid=1.0000 routes=8.960 grad=3.5894 seconds=15.4
Epoch 1616/5000: score=10.458442 loss=-0.223021 valid=1.0000 routes=8.539 grad=3.1924 seconds=15.4
Epoch 1617/5000: score=10.518553 loss=-0.230839 valid=1.0000 routes=8.928 grad=3.3489 seconds=15.6
Epoch 1618/5000: score=10.335997 loss=-0.237738 valid=1.0000 routes=8.915 grad=3.3847 seconds=15.2
Epoch 1619/5000: score=11.099350 loss=-0.241224 valid=1.0000 routes=8.949 grad=3.7013 seconds=15.1
Epoch 1620/5000: score=10.876966 loss=-0.236059 valid=1.0000 routes=8.579 grad=3.4728 seconds=15.5
Epoch 1621/5000: score=10.834437 loss=-0.238370 valid=1.0000 routes=9.016 grad=3.5782 seconds=15.4
Epoch 1622/5000: score=10.665742 loss=-0.236544 valid=1.0000 routes=9.041 grad=3.5521 seconds=15.6
Epoch 1623/5000: score=10.871903 loss=-0.235955 valid=1.0000 routes=9.046 grad=3.4987 seconds=15.5
Epoch 1624/5000: score=10.292913 loss=-0.234879 valid=1.0000 routes=8.236 grad=3.2936 seconds=15.6
Epoch 1625/5000: score=10.363942 loss=-0.234458 valid=1.0000 routes=8.848 grad=3.3532 seconds=15.2
Epoch 1626/5000: score=10.662456 loss=-0.228370 valid=1.0000 routes=8.528 grad=3.3076 seconds=15.3
Epoch 1627/5000: score=10.577294 loss=-0.235748 valid=1.0000 routes=8.566 grad=3.3637 seconds=15.4
Epoch 1628/5000: score=10.715067 loss=-0.239585 valid=1.0000 routes=8.891 grad=3.5531 seconds=15.5
Epoch 1629/5000: score=10.491506 loss=-0.235483 valid=1.0000 routes=8.927 grad=3.3714 seconds=15.3
Epoch 1630/5000: score=10.115587 loss=-0.225463 valid=1.0000 routes=8.732 grad=3.2555 seconds=15.5
>> Invalid instances, Re-generating ...
Epoch 1631/5000: score=10.679842 loss=-0.229733 valid=1.0000 routes=8.787 grad=3.3389 seconds=15.3
Epoch 1632/5000: score=10.564255 loss=-0.240983 valid=1.0000 routes=8.831 grad=3.4367 seconds=15.4
Epoch 1633/5000: score=10.815081 loss=-0.240841 valid=1.0000 routes=8.734 grad=3.4928 seconds=15.7
Epoch 1634/5000: score=10.525405 loss=-0.229938 valid=1.0000 routes=8.568 grad=3.3092 seconds=15.4
Epoch 1635/5000: score=10.466430 loss=-0.240480 valid=1.0000 routes=8.989 grad=3.4720 seconds=15.2
Epoch 1636/5000: score=10.763591 loss=-0.241136 valid=1.0000 routes=8.769 grad=3.5341 seconds=15.3
Epoch 1637/5000: score=10.472616 loss=-0.237207 valid=1.0000 routes=8.808 grad=3.3919 seconds=15.4
Epoch 1638/5000: score=10.785237 loss=-0.242642 valid=1.0000 routes=8.965 grad=3.5323 seconds=15.5
Epoch 1639/5000: score=10.179244 loss=-0.229385 valid=1.0000 routes=8.223 grad=3.2754 seconds=15.4
Epoch 1640/5000: score=10.971547 loss=-0.236961 valid=1.0000 routes=9.415 grad=3.6401 seconds=15.3
Epoch 1641/5000: score=10.893479 loss=-0.241550 valid=1.0000 routes=9.184 grad=3.6016 seconds=15.4
Epoch 1642/5000: score=10.812727 loss=-0.235611 valid=1.0000 routes=8.591 grad=3.4276 seconds=15.2
>> Invalid instances, Re-generating ...
Epoch 1643/5000: score=10.481498 loss=-0.242577 valid=1.0000 routes=8.846 grad=3.5341 seconds=15.4
Epoch 1644/5000: score=10.963584 loss=-0.248348 valid=1.0000 routes=9.139 grad=3.7779 seconds=15.4
Epoch 1645/5000: score=10.356833 loss=-0.234000 valid=1.0000 routes=8.825 grad=3.3972 seconds=15.4
Epoch 1646/5000: score=11.020948 loss=-0.248979 valid=1.0000 routes=9.133 grad=3.7104 seconds=15.2
Epoch 1647/5000: score=10.491431 loss=-0.234908 valid=1.0000 routes=8.663 grad=3.4799 seconds=15.5
>> Invalid instances, Re-generating ...
Epoch 1648/5000: score=10.745744 loss=-0.244060 valid=1.0000 routes=9.306 grad=3.6638 seconds=15.4
Epoch 1649/5000: score=10.534730 loss=-0.236251 valid=1.0000 routes=8.751 grad=3.4238 seconds=15.5
Epoch 1650/5000: score=10.729352 loss=-0.243650 valid=1.0000 routes=9.159 grad=3.6657 seconds=15.5
Epoch 1651/5000: score=10.978282 loss=-0.246950 valid=1.0000 routes=8.938 grad=3.7213 seconds=15.4
Epoch 1652/5000: score=11.135381 loss=-0.243239 valid=1.0000 routes=8.853 grad=3.6814 seconds=15.3
Epoch 1653/5000: score=10.833291 loss=-0.240069 valid=1.0000 routes=9.039 grad=3.6304 seconds=15.3
Epoch 1654/5000: score=10.609383 loss=-0.236840 valid=1.0000 routes=8.622 grad=3.4228 seconds=15.6
Epoch 1655/5000: score=10.634016 loss=-0.242705 valid=1.0000 routes=8.635 grad=3.5202 seconds=15.4
Epoch 1656/5000: score=10.703678 loss=-0.232962 valid=1.0000 routes=8.817 grad=3.3105 seconds=15.3
Epoch 1657/5000: score=10.757935 loss=-0.231665 valid=1.0000 routes=8.850 grad=3.4015 seconds=15.3
Epoch 1658/5000: score=10.959156 loss=-0.244765 valid=1.0000 routes=8.962 grad=3.7101 seconds=15.4
Epoch 1659/5000: score=10.243460 loss=-0.215526 valid=1.0000 routes=8.684 grad=2.9862 seconds=15.6
Epoch 1660/5000: score=10.780329 loss=-0.241255 valid=1.0000 routes=8.770 grad=3.5500 seconds=15.6
Epoch 1661/5000: score=10.713862 loss=-0.236808 valid=1.0000 routes=8.790 grad=3.4014 seconds=15.3
Epoch 1662/5000: score=10.447580 loss=-0.231469 valid=1.0000 routes=9.009 grad=3.3777 seconds=15.2
Epoch 1663/5000: score=10.569079 loss=-0.238518 valid=1.0000 routes=9.210 grad=3.5771 seconds=15.3
Epoch 1664/5000: score=10.613637 loss=-0.231935 valid=1.0000 routes=8.637 grad=3.4701 seconds=15.4
Epoch 1665/5000: score=10.334630 loss=-0.228254 valid=1.0000 routes=8.541 grad=3.2394 seconds=15.5
Epoch 1666/5000: score=10.333683 loss=-0.231074 valid=1.0000 routes=8.723 grad=3.2214 seconds=15.3
Epoch 1667/5000: score=10.660371 loss=-0.242171 valid=1.0000 routes=8.984 grad=3.6548 seconds=15.4
Epoch 1668/5000: score=10.877395 loss=-0.229338 valid=1.0000 routes=8.545 grad=3.3873 seconds=15.5
Epoch 1669/5000: score=10.676485 loss=-0.233372 valid=1.0000 routes=8.848 grad=3.4687 seconds=15.5
Epoch 1670/5000: score=10.416815 loss=-0.239775 valid=1.0000 routes=8.480 grad=3.4560 seconds=15.6
Epoch 1671/5000: score=10.894322 loss=-0.226052 valid=1.0000 routes=8.568 grad=3.3656 seconds=15.4
Epoch 1672/5000: score=10.399238 loss=-0.226049 valid=1.0000 routes=8.668 grad=3.1970 seconds=15.4
Epoch 1673/5000: score=10.247524 loss=-0.228336 valid=1.0000 routes=8.738 grad=3.2820 seconds=15.3
Epoch 1674/5000: score=10.706905 loss=-0.225917 valid=1.0000 routes=8.510 grad=3.3244 seconds=15.4
Epoch 1675/5000: score=11.009522 loss=-0.240017 valid=1.0000 routes=8.799 grad=3.5549 seconds=15.6
Epoch 1676/5000: score=10.975162 loss=-0.233762 valid=1.0000 routes=8.678 grad=3.5698 seconds=15.5
Epoch 1677/5000: score=10.573593 loss=-0.237838 valid=1.0000 routes=9.002 grad=3.4822 seconds=15.4
Epoch 1678/5000: score=10.836504 loss=-0.239054 valid=1.0000 routes=8.855 grad=3.4836 seconds=15.4
Epoch 1679/5000: score=10.538237 loss=-0.227374 valid=1.0000 routes=8.542 grad=3.2635 seconds=15.3
Epoch 1680/5000: score=10.640940 loss=-0.235328 valid=1.0000 routes=8.983 grad=3.5446 seconds=15.4
Epoch 1681/5000: score=10.616018 loss=-0.239158 valid=1.0000 routes=8.872 grad=3.5051 seconds=15.4
Epoch 1682/5000: score=10.926394 loss=-0.259920 valid=1.0000 routes=9.246 grad=3.9051 seconds=15.3
>> Invalid instances, Re-generating ...
Epoch 1683/5000: score=10.704493 loss=-0.241105 valid=1.0000 routes=9.149 grad=3.5422 seconds=15.2
Epoch 1684/5000: score=10.855436 loss=-0.234554 valid=1.0000 routes=8.787 grad=3.3616 seconds=15.3
Epoch 1685/5000: score=11.034759 loss=-0.243015 valid=1.0000 routes=8.768 grad=3.7501 seconds=15.5
Epoch 1686/5000: score=10.927650 loss=-0.254819 valid=1.0000 routes=9.160 grad=3.8971 seconds=15.7
Epoch 1687/5000: score=10.978712 loss=-0.239982 valid=1.0000 routes=9.084 grad=3.5803 seconds=15.2
Epoch 1688/5000: score=11.032402 loss=-0.248637 valid=1.0000 routes=8.837 grad=3.8101 seconds=15.3
Epoch 1689/5000: score=11.128641 loss=-0.244794 valid=1.0000 routes=9.065 grad=3.7667 seconds=15.2
Epoch 1690/5000: score=10.968873 loss=-0.241090 valid=1.0000 routes=9.016 grad=3.6657 seconds=15.3
Epoch 1691/5000: score=10.740917 loss=-0.228634 valid=1.0000 routes=8.695 grad=3.3789 seconds=15.4
Epoch 1692/5000: score=10.540341 loss=-0.228846 valid=1.0000 routes=8.701 grad=3.2729 seconds=15.4
>> Invalid instances, Re-generating ...
>> Invalid instances, Re-generating ...
Epoch 1693/5000: score=10.494157 loss=-0.237635 valid=1.0000 routes=8.788 grad=3.5112 seconds=15.5
Epoch 1694/5000: score=10.326475 loss=-0.217447 valid=1.0000 routes=8.475 grad=3.0573 seconds=15.0
Epoch 1695/5000: score=10.474067 loss=-0.231706 valid=1.0000 routes=8.831 grad=3.4147 seconds=15.2
Epoch 1696/5000: score=10.565270 loss=-0.240066 valid=1.0000 routes=9.030 grad=3.7004 seconds=15.6
Epoch 1697/5000: score=11.275756 loss=-0.255459 valid=1.0000 routes=9.003 grad=3.9022 seconds=15.5
Epoch 1698/5000: score=10.738641 loss=-0.233596 valid=1.0000 routes=8.950 grad=3.5542 seconds=15.3
Epoch 1699/5000: score=10.832631 loss=-0.240953 valid=1.0000 routes=8.925 grad=3.6658 seconds=15.4
Epoch 1700/5000: score=10.780426 loss=-0.234481 valid=1.0000 routes=8.940 grad=3.6155 seconds=15.4
Epoch 1701/5000: score=11.203115 loss=-0.244213 valid=1.0000 routes=9.113 grad=3.8243 seconds=15.5
Epoch 1702/5000: score=11.123286 loss=-0.244403 valid=1.0000 routes=9.004 grad=3.7126 seconds=15.5
Epoch 1703/5000: score=10.599486 loss=-0.234667 valid=1.0000 routes=8.863 grad=3.5524 seconds=15.3
Epoch 1704/5000: score=10.787060 loss=-0.247878 valid=1.0000 routes=8.738 grad=3.7510 seconds=15.5
Epoch 1705/5000: score=10.601561 loss=-0.231806 valid=1.0000 routes=8.619 grad=3.4153 seconds=15.3
Epoch 1706/5000: score=10.877655 loss=-0.235785 valid=1.0000 routes=8.847 grad=3.5145 seconds=15.3
Epoch 1707/5000: score=10.648948 loss=-0.232936 valid=1.0000 routes=9.158 grad=3.5875 seconds=15.5
Epoch 1708/5000: score=10.761371 loss=-0.236918 valid=1.0000 routes=8.515 grad=3.5349 seconds=15.4
>> Invalid instances, Re-generating ...
Epoch 1709/5000: score=10.503669 loss=-0.232646 valid=1.0000 routes=8.717 grad=3.4011 seconds=15.3
Epoch 1710/5000: score=10.809790 loss=-0.242770 valid=1.0000 routes=9.239 grad=3.7551 seconds=15.4
Epoch 1711/5000: score=10.314529 loss=-0.223662 valid=1.0000 routes=8.401 grad=3.2182 seconds=15.2
Epoch 1712/5000: score=10.913501 loss=-0.242772 valid=1.0000 routes=8.993 grad=3.7309 seconds=15.5
Epoch 1713/5000: score=10.888903 loss=-0.247053 valid=1.0000 routes=8.718 grad=3.6802 seconds=15.4
Epoch 1714/5000: score=10.772007 loss=-0.239764 valid=1.0000 routes=8.811 grad=3.5130 seconds=15.5
Epoch 1715/5000: score=10.942493 loss=-0.244344 valid=1.0000 routes=9.220 grad=3.6910 seconds=16.0
Epoch 1716/5000: score=10.986851 loss=-0.240057 valid=1.0000 routes=8.833 grad=3.6503 seconds=16.2
Epoch 1717/5000: score=10.200000 loss=-0.216498 valid=1.0000 routes=8.507 grad=3.1407 seconds=16.3
Epoch 1718/5000: score=10.577188 loss=-0.235073 valid=1.0000 routes=9.338 grad=3.5152 seconds=15.8
Epoch 1719/5000: score=10.170244 loss=-0.222565 valid=1.0000 routes=8.213 grad=3.1761 seconds=15.7
Epoch 1720/5000: score=10.971591 loss=-0.257576 valid=1.0000 routes=9.340 grad=3.9337 seconds=15.6
Epoch 1721/5000: score=10.511784 loss=-0.237788 valid=1.0000 routes=8.934 grad=3.5150 seconds=15.9
Epoch 1722/5000: score=10.613118 loss=-0.233588 valid=1.0000 routes=8.802 grad=3.4886 seconds=15.7
Epoch 1723/5000: score=10.663237 loss=-0.236042 valid=1.0000 routes=8.982 grad=3.5714 seconds=15.9
Epoch 1724/5000: score=10.785283 loss=-0.243489 valid=1.0000 routes=9.115 grad=3.6167 seconds=15.8
Epoch 1725/5000: score=10.336256 loss=-0.227788 valid=1.0000 routes=8.878 grad=3.2517 seconds=15.6
Epoch 1726/5000: score=10.890293 loss=-0.235940 valid=1.0000 routes=8.761 grad=3.5567 seconds=15.3
Epoch 1727/5000: score=10.792095 loss=-0.238968 valid=1.0000 routes=9.024 grad=3.6003 seconds=15.4
Epoch 1728/5000: score=10.594698 loss=-0.235485 valid=1.0000 routes=8.925 grad=3.4935 seconds=15.6
Epoch 1729/5000: score=10.549102 loss=-0.231481 valid=1.0000 routes=8.657 grad=3.3432 seconds=15.4
Epoch 1730/5000: score=10.524578 loss=-0.226728 valid=1.0000 routes=8.546 grad=3.3177 seconds=15.8
Epoch 1731/5000: score=10.491164 loss=-0.231922 valid=1.0000 routes=8.668 grad=3.4132 seconds=16.2
Epoch 1732/5000: score=10.539425 loss=-0.230687 valid=1.0000 routes=8.635 grad=3.3935 seconds=16.1
Epoch 1733/5000: score=10.786202 loss=-0.228242 valid=1.0000 routes=9.056 grad=3.3925 seconds=15.9
Epoch 1734/5000: score=10.583028 loss=-0.228839 valid=1.0000 routes=8.867 grad=3.3826 seconds=16.7
Epoch 1735/5000: score=10.363253 loss=-0.230868 valid=1.0000 routes=8.534 grad=3.3503 seconds=16.7
Epoch 1736/5000: score=10.453027 loss=-0.239434 valid=1.0000 routes=8.559 grad=3.4462 seconds=16.3
Epoch 1737/5000: score=11.356927 loss=-0.260252 valid=1.0000 routes=9.325 grad=4.1871 seconds=16.0
Epoch 1738/5000: score=10.787686 loss=-0.231924 valid=1.0000 routes=8.659 grad=3.4290 seconds=16.2
Epoch 1739/5000: score=10.618502 loss=-0.228177 valid=1.0000 routes=8.564 grad=3.4896 seconds=16.4
Epoch 1740/5000: score=10.537392 loss=-0.238547 valid=1.0000 routes=8.855 grad=3.5572 seconds=16.3
Epoch 1741/5000: score=10.386034 loss=-0.218032 valid=1.0000 routes=8.559 grad=3.1693 seconds=16.0
Epoch 1742/5000: score=10.856172 loss=-0.240534 valid=1.0000 routes=8.632 grad=3.6523 seconds=15.8
Epoch 1743/5000: score=10.720688 loss=-0.229104 valid=1.0000 routes=8.752 grad=3.3564 seconds=15.8
Epoch 1744/5000: score=10.441943 loss=-0.229985 valid=1.0000 routes=8.458 grad=3.2599 seconds=16.0
Epoch 1745/5000: score=10.360545 loss=-0.226563 valid=1.0000 routes=8.548 grad=3.3724 seconds=16.0
Epoch 1746/5000: score=10.927068 loss=-0.247912 valid=1.0000 routes=9.281 grad=3.7649 seconds=16.0
Epoch 1747/5000: score=10.702155 loss=-0.235269 valid=1.0000 routes=9.046 grad=3.5676 seconds=15.9
Epoch 1748/5000: score=10.459087 loss=-0.228588 valid=1.0000 routes=8.829 grad=3.4019 seconds=16.0
Epoch 1749/5000: score=10.648484 loss=-0.244705 valid=1.0000 routes=8.869 grad=3.7319 seconds=16.0
Epoch 1750/5000: score=10.642585 loss=-0.240080 valid=1.0000 routes=8.686 grad=3.5270 seconds=15.4
Epoch 1751/5000: score=10.439361 loss=-0.229544 valid=1.0000 routes=8.493 grad=3.4038 seconds=15.4
Epoch 1752/5000: score=10.585067 loss=-0.233693 valid=1.0000 routes=8.558 grad=3.5025 seconds=16.0
Epoch 1753/5000: score=10.614447 loss=-0.235540 valid=1.0000 routes=9.010 grad=3.4011 seconds=16.2
Epoch 1754/5000: score=10.436838 loss=-0.236881 valid=1.0000 routes=8.723 grad=3.4310 seconds=16.2
Epoch 1755/5000: score=10.510769 loss=-0.238211 valid=1.0000 routes=9.040 grad=3.5517 seconds=16.2
Epoch 1756/5000: score=10.849569 loss=-0.234578 valid=1.0000 routes=8.831 grad=3.4617 seconds=16.3
Epoch 1757/5000: score=10.908277 loss=-0.244433 valid=1.0000 routes=8.873 grad=3.6120 seconds=16.0
Epoch 1758/5000: score=10.760598 loss=-0.231915 valid=1.0000 routes=8.706 grad=3.4502 seconds=15.8
Epoch 1759/5000: score=10.779370 loss=-0.242195 valid=1.0000 routes=9.070 grad=3.6558 seconds=16.0
Epoch 1760/5000: score=10.895813 loss=-0.259650 valid=1.0000 routes=9.421 grad=4.0496 seconds=16.1
Epoch 1761/5000: score=10.550064 loss=-0.240607 valid=1.0000 routes=8.880 grad=3.6113 seconds=16.0
Epoch 1762/5000: score=10.983852 loss=-0.238837 valid=1.0000 routes=8.706 grad=3.5732 seconds=15.9
Epoch 1763/5000: score=10.515334 loss=-0.231905 valid=1.0000 routes=8.503 grad=3.4117 seconds=16.0
Epoch 1764/5000: score=10.989904 loss=-0.243412 valid=1.0000 routes=9.021 grad=3.7272 seconds=16.1
Epoch 1765/5000: score=11.056114 loss=-0.241258 valid=1.0000 routes=8.778 grad=3.6678 seconds=16.1
Epoch 1766/5000: score=10.176336 loss=-0.222026 valid=1.0000 routes=8.501 grad=3.2720 seconds=16.1
Epoch 1767/5000: score=10.900365 loss=-0.240546 valid=1.0000 routes=9.200 grad=3.7257 seconds=16.0
Epoch 1768/5000: score=10.818656 loss=-0.242517 valid=1.0000 routes=9.266 grad=3.7768 seconds=15.9
Epoch 1769/5000: score=10.342512 loss=-0.225560 valid=1.0000 routes=8.656 grad=3.2550 seconds=16.0
Epoch 1770/5000: score=10.057706 loss=-0.216580 valid=1.0000 routes=8.169 grad=2.9694 seconds=16.0
Epoch 1771/5000: score=10.698321 loss=-0.230916 valid=1.0000 routes=8.804 grad=3.5794 seconds=15.7
Epoch 1772/5000: score=10.599605 loss=-0.232590 valid=1.0000 routes=9.061 grad=3.3963 seconds=15.4
Epoch 1773/5000: score=10.735377 loss=-0.244005 valid=1.0000 routes=8.945 grad=3.5290 seconds=15.7
Epoch 1774/5000: score=10.831821 loss=-0.247190 valid=1.0000 routes=8.864 grad=3.6971 seconds=16.2
Epoch 1775/5000: score=10.713456 loss=-0.235906 valid=1.0000 routes=8.855 grad=3.5122 seconds=16.0
Epoch 1776/5000: score=10.576963 loss=-0.226946 valid=1.0000 routes=8.579 grad=3.3278 seconds=15.8
Epoch 1777/5000: score=10.617119 loss=-0.231414 valid=1.0000 routes=8.968 grad=3.4374 seconds=16.0
Epoch 1778/5000: score=10.749318 loss=-0.242258 valid=1.0000 routes=8.669 grad=3.6139 seconds=15.9
Epoch 1779/5000: score=10.810292 loss=-0.239118 valid=1.0000 routes=8.888 grad=3.6009 seconds=16.1
Epoch 1780/5000: score=10.736391 loss=-0.233913 valid=1.0000 routes=9.195 grad=3.5726 seconds=15.9
Epoch 1781/5000: score=10.742488 loss=-0.233203 valid=1.0000 routes=8.991 grad=3.6130 seconds=15.9
Epoch 1782/5000: score=10.568591 loss=-0.231848 valid=1.0000 routes=8.742 grad=3.5417 seconds=16.1
Epoch 1783/5000: score=10.539455 loss=-0.221890 valid=1.0000 routes=8.750 grad=3.3512 seconds=15.9
Epoch 1784/5000: score=10.590899 loss=-0.229248 valid=1.0000 routes=8.459 grad=3.3804 seconds=16.0
Epoch 1785/5000: score=10.983803 loss=-0.241893 valid=1.0000 routes=8.640 grad=3.6152 seconds=16.2
Epoch 1786/5000: score=10.633819 loss=-0.236553 valid=1.0000 routes=8.839 grad=3.5442 seconds=15.8
Epoch 1787/5000: score=10.923678 loss=-0.243365 valid=1.0000 routes=9.084 grad=3.7346 seconds=15.9
Epoch 1788/5000: score=10.668203 loss=-0.244280 valid=1.0000 routes=9.164 grad=3.6511 seconds=15.9
Epoch 1789/5000: score=10.938784 loss=-0.232522 valid=1.0000 routes=8.805 grad=3.4920 seconds=16.0
Epoch 1790/5000: score=10.808980 loss=-0.236695 valid=1.0000 routes=9.064 grad=3.5740 seconds=16.9
Epoch 1791/5000: score=11.061491 loss=-0.236895 valid=1.0000 routes=9.174 grad=3.6731 seconds=16.0
Epoch 1792/5000: score=10.561651 loss=-0.227773 valid=1.0000 routes=8.801 grad=3.3198 seconds=15.0
Epoch 1793/5000: score=11.044056 loss=-0.239073 valid=1.0000 routes=8.952 grad=3.7335 seconds=14.9
Epoch 1794/5000: score=10.817416 loss=-0.239746 valid=1.0000 routes=8.931 grad=3.6454 seconds=15.0
Epoch 1795/5000: score=10.545459 loss=-0.226277 valid=1.0000 routes=8.490 grad=3.2171 seconds=15.3
Epoch 1796/5000: score=10.951122 loss=-0.254246 valid=1.0000 routes=9.359 grad=3.9019 seconds=15.0
Epoch 1797/5000: score=10.702976 loss=-0.238306 valid=1.0000 routes=8.868 grad=3.5772 seconds=15.4
Epoch 1798/5000: score=10.274932 loss=-0.225586 valid=1.0000 routes=8.330 grad=3.2354 seconds=15.9
Epoch 1799/5000: score=10.840747 loss=-0.238721 valid=1.0000 routes=9.097 grad=3.6827 seconds=15.9
Epoch 1800/5000: score=10.692375 loss=-0.231058 valid=1.0000 routes=8.708 grad=3.3399 seconds=16.1
Epoch 1801/5000: score=10.030477 loss=-0.224943 valid=1.0000 routes=8.419 grad=3.2091 seconds=16.0
Epoch 1802/5000: score=10.380330 loss=-0.238504 valid=1.0000 routes=8.979 grad=3.5515 seconds=16.1
Epoch 1803/5000: score=10.453648 loss=-0.235137 valid=1.0000 routes=8.693 grad=3.4517 seconds=16.2
Epoch 1804/5000: score=10.626893 loss=-0.230798 valid=1.0000 routes=8.884 grad=3.3896 seconds=15.8
Epoch 1805/5000: score=10.745976 loss=-0.229890 valid=1.0000 routes=8.675 grad=3.5416 seconds=15.9
Epoch 1806/5000: score=10.566132 loss=-0.235638 valid=1.0000 routes=8.657 grad=3.4601 seconds=16.0
Epoch 1807/5000: score=10.647434 loss=-0.230551 valid=1.0000 routes=8.769 grad=3.4675 seconds=15.7
Epoch 1808/5000: score=10.664181 loss=-0.240782 valid=1.0000 routes=9.344 grad=3.7136 seconds=15.9
Epoch 1809/5000: score=10.818454 loss=-0.242022 valid=1.0000 routes=8.964 grad=3.6437 seconds=16.1
Epoch 1810/5000: score=10.700310 loss=-0.238343 valid=1.0000 routes=8.630 grad=3.5734 seconds=16.0
Epoch 1811/5000: score=10.483426 loss=-0.234758 valid=1.0000 routes=8.876 grad=3.6358 seconds=16.1
Epoch 1812/5000: score=10.989409 loss=-0.237130 valid=1.0000 routes=8.805 grad=3.6096 seconds=15.6
Epoch 1813/5000: score=10.990009 loss=-0.236981 valid=1.0000 routes=8.798 grad=3.5738 seconds=15.6
Epoch 1814/5000: score=10.451924 loss=-0.232107 valid=1.0000 routes=8.614 grad=3.4144 seconds=15.7
Epoch 1815/5000: score=10.306798 loss=-0.224304 valid=1.0000 routes=8.638 grad=3.2877 seconds=15.8
Epoch 1816/5000: score=10.891055 loss=-0.229821 valid=1.0000 routes=8.604 grad=3.6784 seconds=16.3
Epoch 1817/5000: score=10.665420 loss=-0.230774 valid=1.0000 routes=8.791 grad=3.5149 seconds=15.9
Epoch 1818/5000: score=10.491804 loss=-0.238806 valid=1.0000 routes=8.776 grad=3.5208 seconds=15.7
Epoch 1819/5000: score=11.008980 loss=-0.249290 valid=1.0000 routes=9.211 grad=3.8603 seconds=15.8
Epoch 1820/5000: score=10.464486 loss=-0.234856 valid=1.0000 routes=8.730 grad=3.4452 seconds=15.8
Epoch 1821/5000: score=10.821390 loss=-0.235335 valid=1.0000 routes=8.750 grad=3.5561 seconds=16.1
Epoch 1822/5000: score=10.376159 loss=-0.232032 valid=1.0000 routes=8.813 grad=3.4507 seconds=15.8
Epoch 1823/5000: score=10.734546 loss=-0.231879 valid=1.0000 routes=8.715 grad=3.4929 seconds=16.0
Epoch 1824/5000: score=10.824761 loss=-0.243218 valid=1.0000 routes=8.993 grad=3.6662 seconds=15.9
Epoch 1825/5000: score=10.878159 loss=-0.231252 valid=1.0000 routes=9.040 grad=3.5561 seconds=15.8
Epoch 1826/5000: score=10.672665 loss=-0.230005 valid=1.0000 routes=8.407 grad=3.4565 seconds=16.4
Epoch 1827/5000: score=10.365900 loss=-0.229997 valid=1.0000 routes=8.844 grad=3.3691 seconds=16.2
Epoch 1828/5000: score=10.710008 loss=-0.235820 valid=1.0000 routes=8.772 grad=3.4640 seconds=16.1
Epoch 1829/5000: score=10.446350 loss=-0.232654 valid=1.0000 routes=8.628 grad=3.4571 seconds=16.2
Epoch 1830/5000: score=10.841042 loss=-0.230219 valid=1.0000 routes=9.175 grad=3.5949 seconds=15.7
Epoch 1831/5000: score=10.978396 loss=-0.239414 valid=1.0000 routes=8.737 grad=3.6204 seconds=15.9
Epoch 1832/5000: score=10.788704 loss=-0.242414 valid=1.0000 routes=9.046 grad=3.6584 seconds=15.9
Epoch 1833/5000: score=10.877051 loss=-0.227697 valid=1.0000 routes=9.101 grad=3.5670 seconds=16.2
Epoch 1834/5000: score=10.829202 loss=-0.236607 valid=1.0000 routes=8.714 grad=3.5836 seconds=16.3
Epoch 1835/5000: score=10.623620 loss=-0.224791 valid=1.0000 routes=8.995 grad=3.4064 seconds=16.0
Epoch 1836/5000: score=11.078154 loss=-0.242693 valid=1.0000 routes=9.179 grad=3.7570 seconds=15.4
Epoch 1837/5000: score=10.656355 loss=-0.236714 valid=1.0000 routes=9.440 grad=3.5649 seconds=16.2
Epoch 1838/5000: score=10.934697 loss=-0.245741 valid=1.0000 routes=8.886 grad=3.7747 seconds=15.7
Epoch 1839/5000: score=10.957887 loss=-0.237949 valid=1.0000 routes=8.633 grad=3.6212 seconds=15.5
Epoch 1840/5000: score=10.388778 loss=-0.231722 valid=1.0000 routes=8.513 grad=3.4463 seconds=15.3
Epoch 1841/5000: score=10.831782 loss=-0.240969 valid=1.0000 routes=8.788 grad=3.5446 seconds=15.3
Epoch 1842/5000: score=10.583214 loss=-0.226437 valid=1.0000 routes=8.712 grad=3.4053 seconds=15.4
Epoch 1843/5000: score=10.712258 loss=-0.232063 valid=1.0000 routes=9.148 grad=3.6196 seconds=15.3
Epoch 1844/5000: score=10.678448 loss=-0.235093 valid=1.0000 routes=8.749 grad=3.4935 seconds=15.2
Epoch 1845/5000: score=10.559095 loss=-0.230051 valid=1.0000 routes=8.585 grad=3.4544 seconds=15.3
Epoch 1846/5000: score=10.211388 loss=-0.229787 valid=1.0000 routes=8.528 grad=3.3513 seconds=15.2
Epoch 1847/5000: score=10.849956 loss=-0.230339 valid=1.0000 routes=8.743 grad=3.5568 seconds=15.4
Epoch 1848/5000: score=10.721689 loss=-0.239730 valid=1.0000 routes=9.147 grad=3.6351 seconds=15.4
Epoch 1849/5000: score=10.163370 loss=-0.229784 valid=1.0000 routes=8.756 grad=3.3429 seconds=15.3
Epoch 1850/5000: score=10.839593 loss=-0.226450 valid=1.0000 routes=8.566 grad=3.4779 seconds=15.4
Epoch 1851/5000: score=10.865984 loss=-0.240548 valid=1.0000 routes=8.915 grad=3.6417 seconds=15.2
Epoch 1852/5000: score=10.708319 loss=-0.242658 valid=1.0000 routes=9.128 grad=3.7742 seconds=15.4
Epoch 1853/5000: score=10.766894 loss=-0.229482 valid=1.0000 routes=8.469 grad=3.4592 seconds=15.4
Epoch 1854/5000: score=10.675244 loss=-0.240007 valid=1.0000 routes=8.804 grad=3.6203 seconds=15.2
Epoch 1855/5000: score=10.422969 loss=-0.229816 valid=1.0000 routes=8.944 grad=3.3726 seconds=15.1
Epoch 1856/5000: score=10.597865 loss=-0.232370 valid=1.0000 routes=8.626 grad=3.5976 seconds=15.4
Epoch 1857/5000: score=10.583020 loss=-0.228424 valid=1.0000 routes=8.901 grad=3.4735 seconds=15.3
Epoch 1858/5000: score=10.537874 loss=-0.233535 valid=1.0000 routes=8.520 grad=3.4491 seconds=15.4
Epoch 1859/5000: score=10.429954 loss=-0.226860 valid=1.0000 routes=8.952 grad=3.4627 seconds=15.4
Epoch 1860/5000: score=10.282903 loss=-0.226636 valid=1.0000 routes=8.691 grad=3.2707 seconds=15.3
Epoch 1861/5000: score=10.332988 loss=-0.232985 valid=1.0000 routes=8.677 grad=3.3646 seconds=15.5
Epoch 1862/5000: score=10.443046 loss=-0.227616 valid=1.0000 routes=8.719 grad=3.3043 seconds=15.5
Epoch 1863/5000: score=10.549979 loss=-0.229836 valid=1.0000 routes=8.618 grad=3.4356 seconds=15.8
Epoch 1864/5000: score=10.560721 loss=-0.230449 valid=1.0000 routes=8.459 grad=3.3798 seconds=15.7
Epoch 1865/5000: score=10.275144 loss=-0.224416 valid=1.0000 routes=8.270 grad=3.2434 seconds=15.5
Epoch 1866/5000: score=10.684497 loss=-0.231821 valid=1.0000 routes=8.769 grad=3.5985 seconds=15.3
Epoch 1867/5000: score=10.788872 loss=-0.237769 valid=1.0000 routes=8.942 grad=3.6177 seconds=15.3
Epoch 1868/5000: score=10.288415 loss=-0.229377 valid=1.0000 routes=8.684 grad=3.4083 seconds=15.5
Epoch 1869/5000: score=10.272389 loss=-0.232758 valid=1.0000 routes=8.734 grad=3.3884 seconds=15.5
Epoch 1870/5000: score=10.643285 loss=-0.239822 valid=1.0000 routes=8.624 grad=3.5104 seconds=15.4
Epoch 1871/5000: score=10.475926 loss=-0.223462 valid=1.0000 routes=8.691 grad=3.3989 seconds=15.4
Epoch 1872/5000: score=10.932738 loss=-0.231764 valid=1.0000 routes=8.625 grad=3.5044 seconds=15.4
Epoch 1873/5000: score=10.372448 loss=-0.220698 valid=1.0000 routes=8.485 grad=3.2169 seconds=15.3
Epoch 1874/5000: score=10.607064 loss=-0.240083 valid=1.0000 routes=8.807 grad=3.6721 seconds=15.7
Epoch 1875/5000: score=10.818106 loss=-0.239852 valid=1.0000 routes=8.790 grad=3.6920 seconds=15.3
Epoch 1876/5000: score=10.751678 loss=-0.238601 valid=1.0000 routes=9.211 grad=3.6449 seconds=15.3
Epoch 1877/5000: score=10.538102 loss=-0.233311 valid=1.0000 routes=8.660 grad=3.4605 seconds=15.5
Epoch 1878/5000: score=10.279568 loss=-0.226460 valid=1.0000 routes=8.422 grad=3.2805 seconds=15.4
Epoch 1879/5000: score=10.776858 loss=-0.248559 valid=1.0000 routes=9.023 grad=3.8961 seconds=15.4
Epoch 1880/5000: score=10.542960 loss=-0.234368 valid=1.0000 routes=8.400 grad=3.5899 seconds=15.5
Epoch 1881/5000: score=10.663340 loss=-0.233244 valid=1.0000 routes=8.373 grad=3.4311 seconds=15.3
Epoch 1882/5000: score=10.656722 loss=-0.229452 valid=1.0000 routes=8.730 grad=3.5272 seconds=15.3
Epoch 1883/5000: score=10.407466 loss=-0.234882 valid=1.0000 routes=8.621 grad=3.5066 seconds=15.2
Epoch 1884/5000: score=10.708763 loss=-0.236178 valid=1.0000 routes=9.043 grad=3.6537 seconds=15.3
Epoch 1885/5000: score=10.238601 loss=-0.224942 valid=1.0000 routes=8.987 grad=3.3419 seconds=15.6
Epoch 1886/5000: score=10.677726 loss=-0.229309 valid=1.0000 routes=8.867 grad=3.4965 seconds=15.3
Epoch 1887/5000: score=10.593062 loss=-0.224406 valid=1.0000 routes=8.342 grad=3.3394 seconds=15.3
Epoch 1888/5000: score=10.705737 loss=-0.240957 valid=1.0000 routes=8.810 grad=3.6590 seconds=15.5
Epoch 1889/5000: score=11.163699 loss=-0.242567 valid=1.0000 routes=9.269 grad=3.8684 seconds=15.4
Epoch 1890/5000: score=10.430925 loss=-0.227140 valid=1.0000 routes=8.393 grad=3.3703 seconds=15.6
Epoch 1891/5000: score=10.790853 loss=-0.244934 valid=1.0000 routes=9.036 grad=3.7674 seconds=15.3
Epoch 1892/5000: score=10.970427 loss=-0.240316 valid=1.0000 routes=8.650 grad=3.7711 seconds=15.3
Epoch 1893/5000: score=10.706893 loss=-0.228958 valid=1.0000 routes=8.770 grad=3.4295 seconds=15.2
Epoch 1894/5000: score=11.276298 loss=-0.257847 valid=1.0000 routes=9.457 grad=4.0355 seconds=15.4
Epoch 1895/5000: score=10.657590 loss=-0.228585 valid=1.0000 routes=8.792 grad=3.4569 seconds=15.4
Epoch 1896/5000: score=10.802490 loss=-0.237639 valid=1.0000 routes=9.047 grad=3.6000 seconds=15.6
Epoch 1897/5000: score=10.679811 loss=-0.231649 valid=1.0000 routes=8.851 grad=3.4620 seconds=15.3
Epoch 1898/5000: score=10.386942 loss=-0.238296 valid=1.0000 routes=8.911 grad=3.4875 seconds=15.3
Epoch 1899/5000: score=10.564832 loss=-0.238468 valid=1.0000 routes=8.772 grad=3.5365 seconds=15.4
Epoch 1900/5000: score=10.921878 loss=-0.233188 valid=1.0000 routes=9.030 grad=3.7305 seconds=15.3
Epoch 1901/5000: score=10.448432 loss=-0.228467 valid=1.0000 routes=8.498 grad=3.3720 seconds=15.6
Epoch 1902/5000: score=10.895020 loss=-0.246845 valid=1.0000 routes=9.124 grad=3.8461 seconds=15.4
Epoch 1903/5000: score=10.635526 loss=-0.233060 valid=1.0000 routes=8.757 grad=3.5535 seconds=15.4
Epoch 1904/5000: score=10.720914 loss=-0.235071 valid=1.0000 routes=8.693 grad=3.6681 seconds=15.6
Epoch 1905/5000: score=10.527258 loss=-0.227743 valid=1.0000 routes=8.439 grad=3.4110 seconds=15.6
Epoch 1906/5000: score=10.219390 loss=-0.228916 valid=1.0000 routes=8.287 grad=3.3236 seconds=15.9
Epoch 1907/5000: score=10.925527 loss=-0.239333 valid=1.0000 routes=8.926 grad=3.7907 seconds=15.5
Epoch 1908/5000: score=10.448363 loss=-0.230244 valid=1.0000 routes=8.627 grad=3.4304 seconds=15.6
Epoch 1909/5000: score=10.630797 loss=-0.238917 valid=1.0000 routes=9.000 grad=3.6437 seconds=15.7
Epoch 1910/5000: score=10.307950 loss=-0.231159 valid=1.0000 routes=8.996 grad=3.5032 seconds=15.6
Epoch 1911/5000: score=10.071998 loss=-0.226748 valid=1.0000 routes=8.893 grad=3.4068 seconds=15.6
Epoch 1912/5000: score=10.717562 loss=-0.233785 valid=1.0000 routes=8.665 grad=3.5060 seconds=15.6
Epoch 1913/5000: score=10.455452 loss=-0.231328 valid=1.0000 routes=8.921 grad=3.4712 seconds=15.4
Epoch 1914/5000: score=10.876609 loss=-0.241782 valid=1.0000 routes=8.896 grad=3.6671 seconds=15.3
Epoch 1915/5000: score=11.068107 loss=-0.240611 valid=1.0000 routes=8.834 grad=3.6529 seconds=15.4
Epoch 1916/5000: score=10.316523 loss=-0.225883 valid=1.0000 routes=8.627 grad=3.3772 seconds=15.5
Epoch 1917/5000: score=10.337751 loss=-0.227330 valid=1.0000 routes=8.890 grad=3.3806 seconds=15.5
Epoch 1918/5000: score=10.931981 loss=-0.243038 valid=1.0000 routes=9.264 grad=3.8801 seconds=15.6
Epoch 1919/5000: score=10.577304 loss=-0.235218 valid=1.0000 routes=8.745 grad=3.5785 seconds=15.5
Epoch 1920/5000: score=10.844424 loss=-0.236376 valid=1.0000 routes=8.643 grad=3.6152 seconds=15.4
Epoch 1921/5000: score=11.202653 loss=-0.249227 valid=1.0000 routes=9.146 grad=3.9133 seconds=15.5
Epoch 1922/5000: score=10.385468 loss=-0.230962 valid=1.0000 routes=8.830 grad=3.4276 seconds=15.6
Epoch 1923/5000: score=10.657614 loss=-0.236133 valid=1.0000 routes=8.517 grad=3.5799 seconds=15.4
Epoch 1924/5000: score=10.628675 loss=-0.233925 valid=1.0000 routes=8.641 grad=3.5160 seconds=15.3
Epoch 1925/5000: score=10.555469 loss=-0.233877 valid=1.0000 routes=8.760 grad=3.4758 seconds=15.3
Epoch 1926/5000: score=10.792749 loss=-0.250232 valid=1.0000 routes=9.108 grad=3.8306 seconds=15.4
Epoch 1927/5000: score=10.290482 loss=-0.231001 valid=1.0000 routes=9.064 grad=3.4980 seconds=15.5
Epoch 1928/5000: score=10.783344 loss=-0.235496 valid=1.0000 routes=9.100 grad=3.5786 seconds=15.5
Epoch 1929/5000: score=10.736879 loss=-0.234606 valid=1.0000 routes=9.041 grad=3.5195 seconds=15.3
Epoch 1930/5000: score=10.451439 loss=-0.238842 valid=1.0000 routes=8.952 grad=3.7241 seconds=15.4
Epoch 1931/5000: score=10.579412 loss=-0.233075 valid=1.0000 routes=8.817 grad=3.5587 seconds=15.4
Epoch 1932/5000: score=10.597686 loss=-0.230832 valid=1.0000 routes=8.941 grad=3.5917 seconds=15.4
Epoch 1933/5000: score=10.348093 loss=-0.222015 valid=1.0000 routes=8.627 grad=3.3590 seconds=15.8
Epoch 1934/5000: score=10.683165 loss=-0.241655 valid=1.0000 routes=8.611 grad=3.6495 seconds=15.5
Epoch 1935/5000: score=10.738763 loss=-0.240130 valid=1.0000 routes=8.930 grad=3.6435 seconds=15.3
Epoch 1936/5000: score=10.742251 loss=-0.239001 valid=1.0000 routes=9.079 grad=3.7060 seconds=15.3
Epoch 1937/5000: score=10.383224 loss=-0.230100 valid=1.0000 routes=8.731 grad=3.4155 seconds=15.4
Epoch 1938/5000: score=10.540128 loss=-0.227347 valid=1.0000 routes=8.680 grad=3.3924 seconds=15.5
Epoch 1939/5000: score=10.352689 loss=-0.232927 valid=1.0000 routes=8.595 grad=3.4475 seconds=15.5
Epoch 1940/5000: score=10.750793 loss=-0.239664 valid=1.0000 routes=8.691 grad=3.5438 seconds=15.4
Epoch 1941/5000: score=10.790704 loss=-0.242216 valid=1.0000 routes=8.903 grad=3.7827 seconds=15.3
Epoch 1942/5000: score=11.333293 loss=-0.244878 valid=1.0000 routes=9.257 grad=3.9082 seconds=15.2
Epoch 1943/5000: score=10.979638 loss=-0.240261 valid=1.0000 routes=8.610 grad=3.6763 seconds=15.3
Epoch 1944/5000: score=10.476444 loss=-0.232038 valid=1.0000 routes=8.443 grad=3.3306 seconds=15.4
Epoch 1945/5000: score=10.490495 loss=-0.220927 valid=1.0000 routes=8.900 grad=3.2820 seconds=15.1
Epoch 1946/5000: score=10.247402 loss=-0.227894 valid=1.0000 routes=8.179 grad=3.3335 seconds=15.3
Epoch 1947/5000: score=10.771667 loss=-0.238583 valid=1.0000 routes=9.129 grad=3.6304 seconds=15.2
Epoch 1948/5000: score=10.655879 loss=-0.239947 valid=1.0000 routes=8.983 grad=3.6000 seconds=15.2
Epoch 1949/5000: score=10.784802 loss=-0.232924 valid=1.0000 routes=9.018 grad=3.5489 seconds=15.5
Epoch 1950/5000: score=10.809941 loss=-0.235474 valid=1.0000 routes=8.765 grad=3.6123 seconds=15.4
Epoch 1951/5000: score=10.532948 loss=-0.238587 valid=1.0000 routes=8.949 grad=3.6090 seconds=15.4
Epoch 1952/5000: score=10.626377 loss=-0.223542 valid=1.0000 routes=8.851 grad=3.5477 seconds=15.3
Epoch 1953/5000: score=10.287785 loss=-0.218467 valid=1.0000 routes=8.588 grad=3.3393 seconds=15.2
Epoch 1954/5000: score=10.501296 loss=-0.228147 valid=1.0000 routes=8.715 grad=3.5504 seconds=15.4
Epoch 1955/5000: score=10.375637 loss=-0.228316 valid=1.0000 routes=9.016 grad=3.4730 seconds=15.6
Epoch 1956/5000: score=11.069811 loss=-0.238917 valid=1.0000 routes=9.149 grad=3.8524 seconds=15.3
Epoch 1957/5000: score=10.191915 loss=-0.220997 valid=1.0000 routes=8.448 grad=3.2309 seconds=15.3
Epoch 1958/5000: score=10.541031 loss=-0.236540 valid=1.0000 routes=8.702 grad=3.5863 seconds=15.5
Epoch 1959/5000: score=10.742369 loss=-0.235622 valid=1.0000 routes=8.925 grad=3.6315 seconds=15.3
Epoch 1960/5000: score=10.619965 loss=-0.230754 valid=1.0000 routes=8.900 grad=3.4735 seconds=15.5
Epoch 1961/5000: score=10.188065 loss=-0.228267 valid=1.0000 routes=8.435 grad=3.3553 seconds=15.3
Epoch 1962/5000: score=10.201833 loss=-0.213592 valid=1.0000 routes=8.505 grad=3.1204 seconds=15.3
Epoch 1963/5000: score=10.417021 loss=-0.219295 valid=1.0000 routes=8.737 grad=3.4044 seconds=15.3
Epoch 1964/5000: score=10.524753 loss=-0.237514 valid=1.0000 routes=8.765 grad=3.5424 seconds=15.3
Epoch 1965/5000: score=10.693979 loss=-0.233386 valid=1.0000 routes=8.645 grad=3.3973 seconds=15.4
Epoch 1966/5000: score=10.745890 loss=-0.234574 valid=1.0000 routes=8.795 grad=3.5835 seconds=15.5
Epoch 1967/5000: score=10.719053 loss=-0.241098 valid=1.0000 routes=9.300 grad=3.7233 seconds=15.3
Epoch 1968/5000: score=10.614603 loss=-0.218558 valid=1.0000 routes=8.209 grad=3.2689 seconds=15.4
Epoch 1969/5000: score=10.777223 loss=-0.236616 valid=1.0000 routes=9.005 grad=3.7010 seconds=15.3
Epoch 1970/5000: score=10.383588 loss=-0.223000 valid=1.0000 routes=8.449 grad=3.3805 seconds=15.4
Epoch 1971/5000: score=10.695071 loss=-0.225021 valid=1.0000 routes=8.785 grad=3.4587 seconds=15.5
Epoch 1972/5000: score=10.631782 loss=-0.235486 valid=1.0000 routes=9.182 grad=3.6980 seconds=15.4
Epoch 1973/5000: score=10.835592 loss=-0.234796 valid=1.0000 routes=8.746 grad=3.6506 seconds=15.3
Epoch 1974/5000: score=10.682954 loss=-0.236566 valid=1.0000 routes=9.059 grad=3.6480 seconds=15.4
Epoch 1975/5000: score=10.310552 loss=-0.224521 valid=1.0000 routes=8.755 grad=3.4262 seconds=15.3
Epoch 1976/5000: score=10.926793 loss=-0.245336 valid=1.0000 routes=8.704 grad=3.8704 seconds=15.7
Epoch 1977/5000: score=10.996331 loss=-0.247664 valid=1.0000 routes=9.321 grad=3.9327 seconds=15.3
Epoch 1978/5000: score=10.691076 loss=-0.248284 valid=1.0000 routes=9.301 grad=3.8602 seconds=15.4
Epoch 1979/5000: score=10.283830 loss=-0.230442 valid=1.0000 routes=8.584 grad=3.4459 seconds=15.4
Epoch 1980/5000: score=10.785251 loss=-0.249135 valid=1.0000 routes=8.831 grad=3.9134 seconds=15.5
Epoch 1981/5000: score=10.584064 loss=-0.234810 valid=1.0000 routes=9.105 grad=3.6436 seconds=15.2
Epoch 1982/5000: score=10.386462 loss=-0.228152 valid=1.0000 routes=8.351 grad=3.3517 seconds=15.5
Epoch 1983/5000: score=10.627110 loss=-0.229642 valid=1.0000 routes=9.003 grad=3.4659 seconds=15.2
Epoch 1984/5000: score=10.843546 loss=-0.244829 valid=1.0000 routes=8.936 grad=3.7218 seconds=15.9
Epoch 1985/5000: score=10.373497 loss=-0.231072 valid=1.0000 routes=8.654 grad=3.4358 seconds=15.2
Epoch 1986/5000: score=10.668879 loss=-0.237941 valid=1.0000 routes=8.826 grad=3.6215 seconds=15.3
Epoch 1987/5000: score=10.554884 loss=-0.237535 valid=1.0000 routes=9.050 grad=3.5920 seconds=15.5
>> Invalid instances, Re-generating ...
Epoch 1988/5000: score=10.646621 loss=-0.232155 valid=1.0000 routes=8.604 grad=3.3841 seconds=15.3
Epoch 1989/5000: score=10.439824 loss=-0.226906 valid=1.0000 routes=8.849 grad=3.4475 seconds=15.2
Epoch 1990/5000: score=10.567406 loss=-0.219743 valid=1.0000 routes=8.560 grad=3.2451 seconds=15.3
Epoch 1991/5000: score=10.940906 loss=-0.239918 valid=1.0000 routes=8.687 grad=3.7667 seconds=15.3
Epoch 1992/5000: score=10.888732 loss=-0.236889 valid=1.0000 routes=8.981 grad=3.7498 seconds=15.6
Epoch 1993/5000: score=10.520229 loss=-0.235162 valid=1.0000 routes=8.714 grad=3.5901 seconds=15.6
Epoch 1994/5000: score=10.247789 loss=-0.230774 valid=1.0000 routes=9.147 grad=3.4899 seconds=15.5
Epoch 1995/5000: score=10.594819 loss=-0.233428 valid=1.0000 routes=8.486 grad=3.5930 seconds=15.4
Epoch 1996/5000: score=10.221884 loss=-0.228922 valid=1.0000 routes=8.556 grad=3.4268 seconds=15.5
Epoch 1997/5000: score=10.809142 loss=-0.236072 valid=1.0000 routes=9.114 grad=3.6038 seconds=15.3
Epoch 1998/5000: score=10.513692 loss=-0.228943 valid=1.0000 routes=8.525 grad=3.3967 seconds=15.6
Epoch 1999/5000: score=10.591721 loss=-0.230845 valid=1.0000 routes=8.818 grad=3.5193 seconds=15.4
Epoch 2000/5000: score=10.631262 loss=-0.234939 valid=1.0000 routes=8.771 grad=3.6411 seconds=15.5
Epoch 2001/5000: score=10.702166 loss=-0.233995 valid=1.0000 routes=9.118 grad=3.5394 seconds=15.3
Epoch 2002/5000: score=10.594511 loss=-0.221921 valid=1.0000 routes=8.732 grad=3.4234 seconds=15.3
>> Invalid instances, Re-generating ...
Epoch 2003/5000: score=10.570399 loss=-0.232216 valid=1.0000 routes=8.745 grad=3.6435 seconds=15.6
Epoch 2004/5000: score=10.307061 loss=-0.231535 valid=1.0000 routes=8.956 grad=3.4348 seconds=15.3
Epoch 2005/5000: score=10.716228 loss=-0.230667 valid=1.0000 routes=8.688 grad=3.5102 seconds=15.4
Epoch 2006/5000: score=10.935211 loss=-0.234791 valid=1.0000 routes=8.954 grad=3.6935 seconds=15.5
Epoch 2007/5000: score=10.205325 loss=-0.221663 valid=1.0000 routes=8.751 grad=3.2660 seconds=15.4
Epoch 2008/5000: score=10.741605 loss=-0.232502 valid=1.0000 routes=8.832 grad=3.5107 seconds=15.5
Epoch 2009/5000: score=10.994370 loss=-0.252453 valid=1.0000 routes=9.353 grad=3.9716 seconds=15.4
Epoch 2010/5000: score=11.015223 loss=-0.243804 valid=1.0000 routes=9.398 grad=3.9505 seconds=15.6
Epoch 2011/5000: score=10.398906 loss=-0.221090 valid=1.0000 routes=8.187 grad=3.2939 seconds=15.5
Epoch 2012/5000: score=10.679734 loss=-0.238075 valid=1.0000 routes=8.485 grad=3.6386 seconds=15.5
Epoch 2013/5000: score=10.453912 loss=-0.217030 valid=1.0000 routes=8.526 grad=3.2176 seconds=15.3
Epoch 2014/5000: score=10.787082 loss=-0.236995 valid=1.0000 routes=8.821 grad=3.7543 seconds=15.5
Epoch 2015/5000: score=10.447233 loss=-0.228625 valid=1.0000 routes=8.450 grad=3.5689 seconds=15.4
Epoch 2016/5000: score=10.350465 loss=-0.221553 valid=1.0000 routes=8.468 grad=3.2556 seconds=15.3
Epoch 2017/5000: score=10.492973 loss=-0.227859 valid=1.0000 routes=8.960 grad=3.5368 seconds=15.3
Epoch 2018/5000: score=10.812322 loss=-0.240850 valid=1.0000 routes=8.957 grad=3.6941 seconds=15.5
Epoch 2019/5000: score=10.796954 loss=-0.237969 valid=1.0000 routes=8.820 grad=3.7179 seconds=15.6
Epoch 2020/5000: score=10.512912 loss=-0.235453 valid=1.0000 routes=8.591 grad=3.5247 seconds=15.4
Epoch 2021/5000: score=11.012148 loss=-0.241723 valid=1.0000 routes=8.855 grad=3.6926 seconds=15.4
Epoch 2022/5000: score=10.498396 loss=-0.226823 valid=1.0000 routes=8.673 grad=3.4963 seconds=15.4
Epoch 2023/5000: score=10.270873 loss=-0.225236 valid=1.0000 routes=8.310 grad=3.3359 seconds=15.4
Epoch 2024/5000: score=10.768119 loss=-0.241499 valid=1.0000 routes=8.963 grad=3.7014 seconds=15.4
Epoch 2025/5000: score=10.443589 loss=-0.228007 valid=1.0000 routes=8.697 grad=3.4607 seconds=15.6
Epoch 2026/5000: score=10.502144 loss=-0.225275 valid=1.0000 routes=8.549 grad=3.3635 seconds=15.5
Epoch 2027/5000: score=10.473389 loss=-0.223692 valid=1.0000 routes=8.250 grad=3.3781 seconds=15.3
Epoch 2028/5000: score=10.350775 loss=-0.223625 valid=1.0000 routes=8.423 grad=3.3733 seconds=15.4
Epoch 2029/5000: score=10.817672 loss=-0.227095 valid=1.0000 routes=8.731 grad=3.4836 seconds=15.2
Epoch 2030/5000: score=10.352917 loss=-0.233052 valid=1.0000 routes=8.766 grad=3.4176 seconds=15.5
>> Invalid instances, Re-generating ...
Epoch 2031/5000: score=10.878054 loss=-0.233121 valid=1.0000 routes=8.805 grad=3.6414 seconds=15.4
Epoch 2032/5000: score=10.459888 loss=-0.228241 valid=1.0000 routes=8.600 grad=3.4507 seconds=15.3
Epoch 2033/5000: score=10.527443 loss=-0.229749 valid=1.0000 routes=8.726 grad=3.4496 seconds=15.2
Epoch 2034/5000: score=10.478594 loss=-0.226184 valid=1.0000 routes=8.472 grad=3.4277 seconds=15.4
Epoch 2035/5000: score=10.450106 loss=-0.229599 valid=1.0000 routes=9.002 grad=3.5799 seconds=15.6
Epoch 2036/5000: score=10.525647 loss=-0.234381 valid=1.0000 routes=8.798 grad=3.4771 seconds=15.5
Epoch 2037/5000: score=10.494766 loss=-0.242113 valid=1.0000 routes=8.605 grad=3.5633 seconds=15.6
Epoch 2038/5000: score=10.920840 loss=-0.241381 valid=1.0000 routes=8.876 grad=3.7529 seconds=15.4
Epoch 2039/5000: score=10.801373 loss=-0.248482 valid=1.0000 routes=9.298 grad=3.8123 seconds=15.3
Epoch 2040/5000: score=10.440001 loss=-0.230821 valid=1.0000 routes=8.556 grad=3.3660 seconds=15.4
Epoch 2041/5000: score=10.504664 loss=-0.227397 valid=1.0000 routes=9.058 grad=3.3984 seconds=15.3
Epoch 2042/5000: score=10.957543 loss=-0.243149 valid=1.0000 routes=8.944 grad=3.9121 seconds=15.3
Epoch 2043/5000: score=10.504351 loss=-0.226516 valid=1.0000 routes=8.564 grad=3.3423 seconds=15.1
Epoch 2044/5000: score=10.899287 loss=-0.241105 valid=1.0000 routes=8.916 grad=3.7687 seconds=15.1
Epoch 2045/5000: score=10.552558 loss=-0.234138 valid=1.0000 routes=8.584 grad=3.5867 seconds=15.3
Epoch 2046/5000: score=10.375355 loss=-0.223595 valid=1.0000 routes=8.486 grad=3.4237 seconds=15.4
Epoch 2047/5000: score=10.419882 loss=-0.224002 valid=1.0000 routes=8.886 grad=3.4013 seconds=15.1
Epoch 2048/5000: score=10.329610 loss=-0.218461 valid=1.0000 routes=8.462 grad=3.2614 seconds=15.2
Epoch 2049/5000: score=10.256603 loss=-0.222475 valid=1.0000 routes=8.792 grad=3.3658 seconds=15.1
Epoch 2050/5000: score=10.513166 loss=-0.227032 valid=1.0000 routes=8.523 grad=3.4593 seconds=15.1
Epoch 2051/5000: score=10.819593 loss=-0.241817 valid=1.0000 routes=9.207 grad=3.7512 seconds=15.4
Epoch 2052/5000: score=10.782910 loss=-0.251058 valid=1.0000 routes=8.763 grad=3.8213 seconds=15.2
Epoch 2053/5000: score=10.792765 loss=-0.231234 valid=1.0000 routes=8.614 grad=3.5107 seconds=15.0
Epoch 2054/5000: score=10.474576 loss=-0.219516 valid=1.0000 routes=8.616 grad=3.3724 seconds=15.2
Epoch 2055/5000: score=10.841887 loss=-0.242747 valid=1.0000 routes=9.209 grad=3.7028 seconds=15.2
Epoch 2056/5000: score=10.786510 loss=-0.228314 valid=1.0000 routes=8.518 grad=3.5306 seconds=15.4
Epoch 2057/5000: score=10.879553 loss=-0.241694 valid=1.0000 routes=8.868 grad=3.7669 seconds=15.3
Epoch 2058/5000: score=10.706472 loss=-0.232176 valid=1.0000 routes=9.071 grad=3.6197 seconds=15.1
Epoch 2059/5000: score=10.584164 loss=-0.242350 valid=1.0000 routes=8.646 grad=3.6151 seconds=15.2
Epoch 2060/5000: score=10.799341 loss=-0.242435 valid=1.0000 routes=8.840 grad=3.6654 seconds=15.1
Epoch 2061/5000: score=10.857169 loss=-0.238071 valid=1.0000 routes=8.820 grad=3.6683 seconds=15.4
Epoch 2062/5000: score=10.647196 loss=-0.228094 valid=1.0000 routes=8.680 grad=3.4912 seconds=15.5
Epoch 2063/5000: score=10.770688 loss=-0.231240 valid=1.0000 routes=8.682 grad=3.5645 seconds=15.1
Epoch 2064/5000: score=10.597746 loss=-0.233916 valid=1.0000 routes=9.018 grad=3.5173 seconds=15.1
Epoch 2065/5000: score=10.420856 loss=-0.226718 valid=1.0000 routes=8.898 grad=3.4562 seconds=15.1
Epoch 2066/5000: score=10.594210 loss=-0.230832 valid=1.0000 routes=8.559 grad=3.5857 seconds=15.2
Epoch 2067/5000: score=10.782026 loss=-0.240396 valid=1.0000 routes=8.971 grad=3.7863 seconds=15.5
Epoch 2068/5000: score=10.299384 loss=-0.225807 valid=1.0000 routes=8.648 grad=3.4909 seconds=15.1
Epoch 2069/5000: score=10.921990 loss=-0.233234 valid=1.0000 routes=9.085 grad=3.6749 seconds=15.2
Epoch 2070/5000: score=10.849156 loss=-0.239505 valid=1.0000 routes=8.765 grad=3.6754 seconds=15.1
Epoch 2071/5000: score=10.408116 loss=-0.227533 valid=1.0000 routes=8.695 grad=3.3874 seconds=15.0
Epoch 2072/5000: score=10.904204 loss=-0.237316 valid=1.0000 routes=9.443 grad=3.8032 seconds=15.4
Epoch 2073/5000: score=10.540240 loss=-0.224222 valid=1.0000 routes=8.746 grad=3.4692 seconds=15.3
Epoch 2074/5000: score=10.764896 loss=-0.232952 valid=1.0000 routes=9.168 grad=3.6633 seconds=15.2
Epoch 2075/5000: score=10.115589 loss=-0.220489 valid=1.0000 routes=8.509 grad=3.2621 seconds=15.3
Epoch 2076/5000: score=10.714940 loss=-0.228766 valid=1.0000 routes=8.725 grad=3.5436 seconds=15.3
Epoch 2077/5000: score=10.761360 loss=-0.238658 valid=1.0000 routes=8.656 grad=3.6504 seconds=15.5
Epoch 2078/5000: score=10.980746 loss=-0.230814 valid=1.0000 routes=8.816 grad=3.7138 seconds=15.4
Epoch 2079/5000: score=10.842554 loss=-0.247257 valid=1.0000 routes=9.100 grad=3.8814 seconds=15.3
Epoch 2080/5000: score=11.003773 loss=-0.246187 valid=1.0000 routes=9.004 grad=3.8109 seconds=15.2
Epoch 2081/5000: score=10.337299 loss=-0.225602 valid=1.0000 routes=8.908 grad=3.4086 seconds=15.3
Epoch 2082/5000: score=10.694033 loss=-0.238536 valid=1.0000 routes=8.807 grad=3.7757 seconds=15.6
Epoch 2083/5000: score=10.794988 loss=-0.237261 valid=1.0000 routes=8.899 grad=3.5811 seconds=15.5
Epoch 2084/5000: score=10.440105 loss=-0.218385 valid=1.0000 routes=8.834 grad=3.3380 seconds=15.2
Epoch 2085/5000: score=10.629347 loss=-0.239270 valid=1.0000 routes=8.739 grad=3.6791 seconds=15.3
Epoch 2086/5000: score=10.799539 loss=-0.237204 valid=1.0000 routes=8.862 grad=3.6625 seconds=15.2
Epoch 2087/5000: score=10.795530 loss=-0.236609 valid=1.0000 routes=9.068 grad=3.7253 seconds=15.2
Epoch 2088/5000: score=10.456272 loss=-0.223055 valid=1.0000 routes=8.593 grad=3.4114 seconds=15.4
Epoch 2089/5000: score=10.611009 loss=-0.237877 valid=1.0000 routes=8.644 grad=3.5768 seconds=15.3
Epoch 2090/5000: score=10.549482 loss=-0.221827 valid=1.0000 routes=8.484 grad=3.4320 seconds=15.2
Epoch 2091/5000: score=10.819639 loss=-0.232093 valid=1.0000 routes=9.000 grad=3.7648 seconds=15.1
Epoch 2092/5000: score=10.884908 loss=-0.241019 valid=1.0000 routes=9.172 grad=3.8286 seconds=15.2
Epoch 2093/5000: score=10.722425 loss=-0.237396 valid=1.0000 routes=8.641 grad=3.7100 seconds=15.3
Epoch 2094/5000: score=10.689847 loss=-0.239635 valid=1.0000 routes=8.624 grad=3.6575 seconds=15.4
Epoch 2095/5000: score=10.321494 loss=-0.227398 valid=1.0000 routes=8.444 grad=3.4463 seconds=15.3
Epoch 2096/5000: score=10.892249 loss=-0.228367 valid=1.0000 routes=8.658 grad=3.7008 seconds=15.2
Epoch 2097/5000: score=10.161893 loss=-0.225476 valid=1.0000 routes=8.451 grad=3.3911 seconds=15.2
Epoch 2098/5000: score=10.685626 loss=-0.230241 valid=1.0000 routes=8.807 grad=3.5381 seconds=15.2
Epoch 2099/5000: score=10.652113 loss=-0.233236 valid=1.0000 routes=9.082 grad=3.6129 seconds=15.3
Epoch 2100/5000: score=10.442074 loss=-0.227179 valid=1.0000 routes=8.733 grad=3.5453 seconds=15.2
Epoch 2101/5000: score=10.811184 loss=-0.234151 valid=1.0000 routes=8.886 grad=3.7086 seconds=15.3
Epoch 2102/5000: score=10.897210 loss=-0.245884 valid=1.0000 routes=9.617 grad=3.9246 seconds=15.1
Epoch 2103/5000: score=10.631615 loss=-0.219517 valid=1.0000 routes=8.501 grad=3.4410 seconds=15.0
Epoch 2104/5000: score=10.963968 loss=-0.236837 valid=1.0000 routes=8.987 grad=3.7264 seconds=15.3
Epoch 2105/5000: score=10.328886 loss=-0.221587 valid=1.0000 routes=8.444 grad=3.4444 seconds=15.2
Epoch 2106/5000: score=10.594900 loss=-0.229783 valid=1.0000 routes=8.858 grad=3.5703 seconds=15.4
Epoch 2107/5000: score=10.469525 loss=-0.231755 valid=1.0000 routes=8.785 grad=3.5591 seconds=15.4
Epoch 2108/5000: score=10.536840 loss=-0.234008 valid=1.0000 routes=8.634 grad=3.5253 seconds=15.3
Epoch 2109/5000: score=10.636693 loss=-0.241817 valid=1.0000 routes=8.836 grad=3.7075 seconds=15.3
Epoch 2110/5000: score=10.878493 loss=-0.240318 valid=1.0000 routes=8.807 grad=3.7661 seconds=15.3
Epoch 2111/5000: score=10.535360 loss=-0.221576 valid=1.0000 routes=8.551 grad=3.3511 seconds=15.1
Epoch 2112/5000: score=10.921393 loss=-0.242270 valid=1.0000 routes=8.742 grad=3.8073 seconds=15.2
Epoch 2113/5000: score=10.602871 loss=-0.232791 valid=1.0000 routes=9.066 grad=3.7573 seconds=15.2
Epoch 2114/5000: score=10.471941 loss=-0.224403 valid=1.0000 routes=8.877 grad=3.3746 seconds=15.1
Epoch 2115/5000: score=10.766150 loss=-0.235213 valid=1.0000 routes=8.914 grad=3.6796 seconds=15.5
Epoch 2116/5000: score=10.806666 loss=-0.248185 valid=1.0000 routes=9.126 grad=3.9128 seconds=15.3
Epoch 2117/5000: score=10.758121 loss=-0.235216 valid=1.0000 routes=8.916 grad=3.6902 seconds=15.2
Epoch 2118/5000: score=11.116350 loss=-0.246734 valid=1.0000 routes=9.340 grad=3.9924 seconds=15.2
Epoch 2119/5000: score=10.535438 loss=-0.226490 valid=1.0000 routes=8.787 grad=3.5956 seconds=15.1
Epoch 2120/5000: score=10.852231 loss=-0.229234 valid=1.0000 routes=8.836 grad=3.5813 seconds=15.2
Epoch 2121/5000: score=10.425975 loss=-0.231870 valid=1.0000 routes=8.881 grad=3.4947 seconds=15.3
Epoch 2122/5000: score=10.782680 loss=-0.239054 valid=1.0000 routes=8.903 grad=3.7088 seconds=15.3
Epoch 2123/5000: score=10.869844 loss=-0.234345 valid=1.0000 routes=8.853 grad=3.6859 seconds=15.3
Epoch 2124/5000: score=10.772274 loss=-0.242825 valid=1.0000 routes=9.060 grad=3.8264 seconds=15.4
Epoch 2125/5000: score=11.060659 loss=-0.236963 valid=1.0000 routes=9.298 grad=3.9067 seconds=15.6
Epoch 2126/5000: score=10.098931 loss=-0.218112 valid=1.0000 routes=8.386 grad=3.1814 seconds=15.5
Epoch 2127/5000: score=10.657370 loss=-0.235740 valid=1.0000 routes=8.593 grad=3.4672 seconds=15.3
Epoch 2128/5000: score=10.601569 loss=-0.232375 valid=1.0000 routes=8.774 grad=3.4745 seconds=15.4
Epoch 2129/5000: score=11.073690 loss=-0.235844 valid=1.0000 routes=8.963 grad=3.8410 seconds=15.3
Epoch 2130/5000: score=10.389084 loss=-0.231525 valid=1.0000 routes=9.177 grad=3.5452 seconds=15.3
Epoch 2131/5000: score=10.254579 loss=-0.228601 valid=1.0000 routes=8.543 grad=3.4478 seconds=15.6
Epoch 2132/5000: score=10.527015 loss=-0.226347 valid=1.0000 routes=8.718 grad=3.5187 seconds=15.4
Epoch 2133/5000: score=10.718696 loss=-0.239846 valid=1.0000 routes=9.041 grad=3.7235 seconds=15.3
Epoch 2134/5000: score=10.389053 loss=-0.220923 valid=1.0000 routes=8.539 grad=3.2732 seconds=15.3
Epoch 2135/5000: score=10.176615 loss=-0.220810 valid=1.0000 routes=8.448 grad=3.2696 seconds=15.4
Epoch 2136/5000: score=10.844913 loss=-0.241579 valid=1.0000 routes=9.109 grad=3.7320 seconds=15.5
Epoch 2137/5000: score=10.616630 loss=-0.234882 valid=1.0000 routes=8.943 grad=3.6060 seconds=15.3
Epoch 2138/5000: score=10.765870 loss=-0.227517 valid=1.0000 routes=8.604 grad=3.5828 seconds=15.5
Epoch 2139/5000: score=10.474299 loss=-0.234584 valid=1.0000 routes=9.046 grad=3.6167 seconds=15.3
Epoch 2140/5000: score=10.544433 loss=-0.231998 valid=1.0000 routes=8.724 grad=3.6368 seconds=15.3
Epoch 2141/5000: score=10.409048 loss=-0.231195 valid=1.0000 routes=8.768 grad=3.5869 seconds=15.4
Epoch 2142/5000: score=10.386016 loss=-0.221001 valid=1.0000 routes=8.392 grad=3.3619 seconds=15.4
Epoch 2143/5000: score=10.286552 loss=-0.220567 valid=1.0000 routes=8.892 grad=3.2831 seconds=15.3
Epoch 2144/5000: score=10.813654 loss=-0.233683 valid=1.0000 routes=8.918 grad=3.6145 seconds=15.2
Epoch 2145/5000: score=10.374167 loss=-0.227912 valid=1.0000 routes=9.054 grad=3.4393 seconds=15.3
Epoch 2146/5000: score=10.478343 loss=-0.231423 valid=1.0000 routes=8.624 grad=3.5945 seconds=15.3
Epoch 2147/5000: score=11.078948 loss=-0.241756 valid=1.0000 routes=9.261 grad=3.9229 seconds=15.5
Epoch 2148/5000: score=10.364562 loss=-0.233045 valid=1.0000 routes=8.676 grad=3.5455 seconds=15.3
Epoch 2149/5000: score=10.921390 loss=-0.237515 valid=1.0000 routes=8.820 grad=3.8004 seconds=15.4
Epoch 2150/5000: score=10.757873 loss=-0.231291 valid=1.0000 routes=8.793 grad=3.5184 seconds=15.3
Epoch 2151/5000: score=10.275527 loss=-0.228807 valid=1.0000 routes=8.732 grad=3.4021 seconds=15.4
Epoch 2152/5000: score=10.540915 loss=-0.235050 valid=1.0000 routes=9.043 grad=3.7502 seconds=15.6
Epoch 2153/5000: score=10.373337 loss=-0.220697 valid=1.0000 routes=8.646 grad=3.2790 seconds=15.3
Epoch 2154/5000: score=10.548427 loss=-0.228499 valid=1.0000 routes=8.714 grad=3.5681 seconds=15.2
Epoch 2155/5000: score=10.277142 loss=-0.225659 valid=1.0000 routes=8.779 grad=3.5090 seconds=15.4
Epoch 2156/5000: score=10.470543 loss=-0.229260 valid=1.0000 routes=8.874 grad=3.4505 seconds=15.4
Epoch 2157/5000: score=10.722695 loss=-0.227029 valid=1.0000 routes=8.538 grad=3.5946 seconds=15.4
Epoch 2158/5000: score=10.520403 loss=-0.227784 valid=1.0000 routes=8.675 grad=3.5810 seconds=15.4
Epoch 2159/5000: score=10.655764 loss=-0.237411 valid=1.0000 routes=8.914 grad=3.7435 seconds=15.3
Epoch 2160/5000: score=10.262136 loss=-0.235856 valid=1.0000 routes=8.714 grad=3.4875 seconds=15.3
Epoch 2161/5000: score=11.023287 loss=-0.239665 valid=1.0000 routes=8.756 grad=3.7468 seconds=15.3
Epoch 2162/5000: score=10.485776 loss=-0.229944 valid=1.0000 routes=8.976 grad=3.5362 seconds=15.3
Epoch 2163/5000: score=10.657068 loss=-0.236387 valid=1.0000 routes=8.843 grad=3.6338 seconds=15.4
Epoch 2164/5000: score=10.217583 loss=-0.231290 valid=1.0000 routes=8.881 grad=3.3943 seconds=15.2
Epoch 2165/5000: score=10.040352 loss=-0.227774 valid=1.0000 routes=8.472 grad=3.2650 seconds=15.3
Epoch 2166/5000: score=10.371679 loss=-0.228532 valid=1.0000 routes=8.331 grad=3.3992 seconds=15.3
Epoch 2167/5000: score=10.711775 loss=-0.235496 valid=1.0000 routes=8.460 grad=3.6300 seconds=15.3
Epoch 2168/5000: score=10.538760 loss=-0.217771 valid=1.0000 routes=8.227 grad=3.4033 seconds=15.5
Epoch 2169/5000: score=10.566070 loss=-0.234566 valid=1.0000 routes=8.858 grad=3.6470 seconds=15.3
Epoch 2170/5000: score=10.642540 loss=-0.225934 valid=1.0000 routes=8.352 grad=3.4709 seconds=15.2
Epoch 2171/5000: score=10.835221 loss=-0.241625 valid=1.0000 routes=8.974 grad=3.7953 seconds=15.3
Epoch 2172/5000: score=10.826371 loss=-0.236635 valid=1.0000 routes=9.245 grad=3.8355 seconds=15.3
Epoch 2173/5000: score=10.708323 loss=-0.230861 valid=1.0000 routes=8.998 grad=3.7493 seconds=15.4
Epoch 2174/5000: score=10.849063 loss=-0.236294 valid=1.0000 routes=9.099 grad=3.7833 seconds=15.3
Epoch 2175/5000: score=10.819852 loss=-0.242012 valid=1.0000 routes=9.402 grad=3.9172 seconds=15.3
Epoch 2176/5000: score=10.839135 loss=-0.239091 valid=1.0000 routes=8.791 grad=3.7598 seconds=15.2
Epoch 2177/5000: score=11.196065 loss=-0.245388 valid=1.0000 routes=9.082 grad=3.9194 seconds=15.2
Epoch 2178/5000: score=10.432760 loss=-0.235178 valid=1.0000 routes=8.884 grad=3.5923 seconds=15.4
Epoch 2179/5000: score=10.640952 loss=-0.237070 valid=1.0000 routes=8.774 grad=3.6863 seconds=15.4
Epoch 2180/5000: score=10.828964 loss=-0.233854 valid=1.0000 routes=8.941 grad=3.7653 seconds=15.2
Epoch 2181/5000: score=10.682654 loss=-0.227966 valid=1.0000 routes=9.009 grad=3.5323 seconds=15.2
Epoch 2182/5000: score=10.388440 loss=-0.227192 valid=1.0000 routes=8.429 grad=3.3810 seconds=15.3
Epoch 2183/5000: score=10.695557 loss=-0.240874 valid=1.0000 routes=8.721 grad=3.7207 seconds=15.4
Epoch 2184/5000: score=10.659152 loss=-0.230655 valid=1.0000 routes=8.748 grad=3.5985 seconds=15.5
Epoch 2185/5000: score=10.610039 loss=-0.225540 valid=1.0000 routes=8.832 grad=3.8017 seconds=15.3
Epoch 2186/5000: score=10.468807 loss=-0.232846 valid=1.0000 routes=8.619 grad=3.5183 seconds=15.3
Epoch 2187/5000: score=10.478556 loss=-0.237974 valid=1.0000 routes=8.754 grad=3.7051 seconds=15.4
Epoch 2188/5000: score=10.503779 loss=-0.232501 valid=1.0000 routes=8.762 grad=3.6199 seconds=15.4
Epoch 2189/5000: score=10.976753 loss=-0.245617 valid=1.0000 routes=9.011 grad=4.0291 seconds=15.5
Epoch 2190/5000: score=11.044793 loss=-0.240997 valid=1.0000 routes=9.243 grad=3.9258 seconds=15.3
Epoch 2191/5000: score=10.657309 loss=-0.229167 valid=1.0000 routes=8.888 grad=3.6615 seconds=15.2
Epoch 2192/5000: score=11.192783 loss=-0.235775 valid=1.0000 routes=9.068 grad=3.8792 seconds=15.3
Epoch 2193/5000: score=10.418782 loss=-0.223820 valid=1.0000 routes=8.991 grad=3.3859 seconds=15.1
Epoch 2194/5000: score=10.543894 loss=-0.228668 valid=1.0000 routes=8.905 grad=3.6457 seconds=15.5
Epoch 2195/5000: score=10.654910 loss=-0.225054 valid=1.0000 routes=8.976 grad=3.5762 seconds=15.5
Epoch 2196/5000: score=10.604053 loss=-0.227444 valid=1.0000 routes=8.301 grad=3.5417 seconds=15.4
Epoch 2197/5000: score=10.568099 loss=-0.233159 valid=1.0000 routes=9.064 grad=3.6564 seconds=15.2
Epoch 2198/5000: score=10.591625 loss=-0.227124 valid=1.0000 routes=8.799 grad=3.5318 seconds=15.2
Epoch 2199/5000: score=10.677898 loss=-0.233346 valid=1.0000 routes=8.792 grad=3.7074 seconds=15.4
Epoch 2200/5000: score=10.833638 loss=-0.241180 valid=1.0000 routes=9.076 grad=3.8509 seconds=15.4
Epoch 2201/5000: score=11.035977 loss=-0.243363 valid=1.0000 routes=8.972 grad=3.8983 seconds=15.3
Epoch 2202/5000: score=10.246832 loss=-0.219354 valid=1.0000 routes=8.698 grad=3.3694 seconds=15.2
Epoch 2203/5000: score=10.744830 loss=-0.233247 valid=1.0000 routes=9.018 grad=3.7105 seconds=15.2
Epoch 2204/5000: score=10.358950 loss=-0.228935 valid=1.0000 routes=8.678 grad=3.5343 seconds=15.2
Epoch 2205/5000: score=10.221135 loss=-0.217015 valid=1.0000 routes=8.412 grad=3.2268 seconds=15.6
Epoch 2206/5000: score=10.975266 loss=-0.231179 valid=1.0000 routes=8.935 grad=3.7524 seconds=15.3
Epoch 2207/5000: score=10.620736 loss=-0.232731 valid=1.0000 routes=8.769 grad=3.7876 seconds=15.2
Epoch 2208/5000: score=10.726769 loss=-0.232607 valid=1.0000 routes=8.684 grad=3.5597 seconds=15.2
Epoch 2209/5000: score=10.394384 loss=-0.220256 valid=1.0000 routes=8.787 grad=3.4605 seconds=15.2
Epoch 2210/5000: score=10.389360 loss=-0.234159 valid=1.0000 routes=8.960 grad=3.5884 seconds=15.5
Epoch 2211/5000: score=10.979332 loss=-0.245782 valid=1.0000 routes=9.130 grad=3.8347 seconds=15.4
Epoch 2212/5000: score=10.310868 loss=-0.226634 valid=1.0000 routes=8.568 grad=3.3397 seconds=15.4
Epoch 2213/5000: score=10.774434 loss=-0.238272 valid=1.0000 routes=9.052 grad=3.8424 seconds=15.5
Epoch 2214/5000: score=10.310549 loss=-0.226054 valid=1.0000 routes=8.913 grad=3.5297 seconds=15.5
Epoch 2215/5000: score=10.939870 loss=-0.242937 valid=1.0000 routes=9.008 grad=3.8202 seconds=15.5
Epoch 2216/5000: score=10.804674 loss=-0.228316 valid=1.0000 routes=8.548 grad=3.6909 seconds=15.6
Epoch 2217/5000: score=10.706377 loss=-0.241879 valid=1.0000 routes=9.017 grad=3.8109 seconds=15.4
Epoch 2218/5000: score=10.291325 loss=-0.223475 valid=1.0000 routes=8.866 grad=3.4358 seconds=15.4
Epoch 2219/5000: score=10.718087 loss=-0.227961 valid=1.0000 routes=8.979 grad=3.6937 seconds=15.4
Epoch 2220/5000: score=10.515417 loss=-0.244291 valid=1.0000 routes=9.062 grad=3.7521 seconds=15.6
Epoch 2221/5000: score=10.661344 loss=-0.237701 valid=1.0000 routes=8.634 grad=3.6121 seconds=15.7
Epoch 2222/5000: score=10.248204 loss=-0.230879 valid=1.0000 routes=8.762 grad=3.4586 seconds=15.5
Epoch 2223/5000: score=10.504575 loss=-0.232187 valid=1.0000 routes=8.686 grad=3.5201 seconds=15.4
Epoch 2224/5000: score=10.487305 loss=-0.224432 valid=1.0000 routes=8.834 grad=3.6095 seconds=15.5
Epoch 2225/5000: score=10.688675 loss=-0.235129 valid=1.0000 routes=8.771 grad=3.6188 seconds=15.3
Epoch 2226/5000: score=10.885574 loss=-0.229636 valid=1.0000 routes=8.913 grad=3.6741 seconds=15.5
Epoch 2227/5000: score=10.780759 loss=-0.237032 valid=1.0000 routes=9.249 grad=3.8555 seconds=15.4
Epoch 2228/5000: score=10.555792 loss=-0.223826 valid=1.0000 routes=8.888 grad=3.5051 seconds=15.4
Epoch 2229/5000: score=10.438843 loss=-0.232032 valid=1.0000 routes=8.912 grad=3.4993 seconds=15.3
Epoch 2230/5000: score=10.567056 loss=-0.230275 valid=1.0000 routes=9.044 grad=3.5603 seconds=15.2
Epoch 2231/5000: score=10.333502 loss=-0.229333 valid=1.0000 routes=8.597 grad=3.5068 seconds=15.4
Epoch 2232/5000: score=10.578992 loss=-0.231568 valid=1.0000 routes=8.737 grad=3.5430 seconds=15.3
Epoch 2233/5000: score=10.450283 loss=-0.225813 valid=1.0000 routes=8.958 grad=3.4023 seconds=15.3
Epoch 2234/5000: score=10.429108 loss=-0.234500 valid=1.0000 routes=8.912 grad=3.5732 seconds=15.2
Epoch 2235/5000: score=10.325768 loss=-0.222892 valid=1.0000 routes=8.578 grad=3.3881 seconds=15.3
Epoch 2236/5000: score=10.425574 loss=-0.229241 valid=1.0000 routes=8.740 grad=3.5792 seconds=15.2
Epoch 2237/5000: score=10.671267 loss=-0.234606 valid=1.0000 routes=8.564 grad=3.7042 seconds=15.5
Epoch 2238/5000: score=10.525138 loss=-0.227637 valid=1.0000 routes=8.755 grad=3.5443 seconds=15.3
Epoch 2239/5000: score=10.734239 loss=-0.232238 valid=1.0000 routes=8.774 grad=3.7110 seconds=15.2
Epoch 2240/5000: score=10.406191 loss=-0.225712 valid=1.0000 routes=8.867 grad=3.4086 seconds=15.3
Epoch 2241/5000: score=10.502092 loss=-0.227368 valid=1.0000 routes=8.774 grad=3.4573 seconds=15.4
Epoch 2242/5000: score=10.474070 loss=-0.229705 valid=1.0000 routes=9.088 grad=3.5880 seconds=15.6
Epoch 2243/5000: score=10.828395 loss=-0.240047 valid=1.0000 routes=9.146 grad=3.8473 seconds=15.3
Epoch 2244/5000: score=10.936987 loss=-0.230823 valid=1.0000 routes=8.719 grad=3.6992 seconds=15.2
Epoch 2245/5000: score=10.808726 loss=-0.236769 valid=1.0000 routes=8.882 grad=3.8183 seconds=15.3
Epoch 2246/5000: score=10.505861 loss=-0.240200 valid=1.0000 routes=9.023 grad=3.7238 seconds=15.3
Epoch 2247/5000: score=10.425015 loss=-0.227314 valid=1.0000 routes=8.958 grad=3.5581 seconds=15.3
Epoch 2248/5000: score=10.377226 loss=-0.233354 valid=1.0000 routes=8.613 grad=3.6946 seconds=15.4
Epoch 2249/5000: score=10.722910 loss=-0.227197 valid=1.0000 routes=9.083 grad=3.7405 seconds=15.2
Epoch 2250/5000: score=10.530761 loss=-0.221592 valid=1.0000 routes=8.650 grad=3.5356 seconds=15.2
Epoch 2251/5000: score=10.720119 loss=-0.231798 valid=1.0000 routes=8.584 grad=3.5621 seconds=15.2
Epoch 2252/5000: score=10.948215 loss=-0.227537 valid=1.0000 routes=8.662 grad=3.6588 seconds=15.3
Epoch 2253/5000: score=10.899246 loss=-0.238002 valid=1.0000 routes=8.769 grad=3.7874 seconds=15.6
Epoch 2254/5000: score=10.520979 loss=-0.230083 valid=1.0000 routes=9.006 grad=3.7030 seconds=15.3
Epoch 2255/5000: score=10.755997 loss=-0.235393 valid=1.0000 routes=8.704 grad=3.6908 seconds=15.4
Epoch 2256/5000: score=10.767893 loss=-0.239632 valid=1.0000 routes=8.934 grad=3.7030 seconds=15.2
Epoch 2257/5000: score=10.600113 loss=-0.231972 valid=1.0000 routes=8.712 grad=3.6034 seconds=15.2
Epoch 2258/5000: score=10.659056 loss=-0.241872 valid=1.0000 routes=9.219 grad=3.7855 seconds=15.7
Epoch 2259/5000: score=10.056608 loss=-0.222798 valid=1.0000 routes=8.161 grad=3.4026 seconds=15.7
Epoch 2260/5000: score=10.384885 loss=-0.231484 valid=1.0000 routes=8.270 grad=3.5645 seconds=15.5
Epoch 2261/5000: score=10.654958 loss=-0.232700 valid=1.0000 routes=9.023 grad=3.7412 seconds=15.4
Epoch 2262/5000: score=10.677667 loss=-0.229040 valid=1.0000 routes=8.836 grad=3.5138 seconds=15.4
Epoch 2263/5000: score=10.684698 loss=-0.236212 valid=1.0000 routes=8.990 grad=3.6960 seconds=15.5
Epoch 2264/5000: score=10.542632 loss=-0.230100 valid=1.0000 routes=8.748 grad=3.5254 seconds=15.5
Epoch 2265/5000: score=10.355473 loss=-0.225335 valid=1.0000 routes=8.664 grad=3.4698 seconds=15.5
Epoch 2266/5000: score=11.045222 loss=-0.234060 valid=1.0000 routes=8.899 grad=3.6656 seconds=15.5
Epoch 2267/5000: score=10.317980 loss=-0.230096 valid=1.0000 routes=8.540 grad=3.4901 seconds=15.5
Epoch 2268/5000: score=10.508432 loss=-0.234976 valid=1.0000 routes=8.911 grad=3.6686 seconds=15.4
Epoch 2269/5000: score=10.899620 loss=-0.239866 valid=1.0000 routes=8.604 grad=3.8109 seconds=15.5
Epoch 2270/5000: score=10.434744 loss=-0.229638 valid=1.0000 routes=8.660 grad=3.5358 seconds=15.4
Epoch 2271/5000: score=10.793250 loss=-0.229279 valid=1.0000 routes=8.536 grad=3.6707 seconds=15.4
Epoch 2272/5000: score=10.619281 loss=-0.240190 valid=1.0000 routes=8.572 grad=3.6292 seconds=15.4
Epoch 2273/5000: score=10.387160 loss=-0.227834 valid=1.0000 routes=8.777 grad=3.3927 seconds=15.4
Epoch 2274/5000: score=10.583953 loss=-0.235428 valid=1.0000 routes=8.814 grad=3.5867 seconds=15.5
Epoch 2275/5000: score=10.499016 loss=-0.223600 valid=1.0000 routes=8.539 grad=3.5565 seconds=15.4
Epoch 2276/5000: score=10.771146 loss=-0.242638 valid=1.0000 routes=8.937 grad=3.8095 seconds=15.4
Epoch 2277/5000: score=10.750381 loss=-0.239480 valid=1.0000 routes=8.895 grad=3.7171 seconds=15.4
Epoch 2278/5000: score=10.560507 loss=-0.231720 valid=1.0000 routes=8.924 grad=3.5893 seconds=15.1
Epoch 2279/5000: score=10.578817 loss=-0.235810 valid=1.0000 routes=8.879 grad=3.6296 seconds=15.5
Epoch 2280/5000: score=10.527577 loss=-0.231220 valid=1.0000 routes=8.496 grad=3.6634 seconds=15.4
Epoch 2281/5000: score=10.537479 loss=-0.228417 valid=1.0000 routes=8.696 grad=3.5735 seconds=15.3
Epoch 2282/5000: score=11.260505 loss=-0.250469 valid=1.0000 routes=9.179 grad=4.2163 seconds=15.3
Epoch 2283/5000: score=10.799290 loss=-0.232691 valid=1.0000 routes=8.592 grad=3.6829 seconds=15.3
Epoch 2284/5000: score=10.328871 loss=-0.223110 valid=1.0000 routes=8.466 grad=3.3413 seconds=15.4
Epoch 2285/5000: score=10.431207 loss=-0.232259 valid=1.0000 routes=8.681 grad=3.5191 seconds=15.4
Epoch 2286/5000: score=10.181049 loss=-0.218628 valid=1.0000 routes=8.685 grad=3.2398 seconds=15.2
Epoch 2287/5000: score=10.626251 loss=-0.235067 valid=1.0000 routes=9.132 grad=3.8230 seconds=15.4
Epoch 2288/5000: score=10.905272 loss=-0.242423 valid=1.0000 routes=8.933 grad=3.8611 seconds=15.2
Epoch 2289/5000: score=10.375529 loss=-0.227875 valid=1.0000 routes=8.384 grad=3.4377 seconds=15.4
Epoch 2290/5000: score=10.282800 loss=-0.222908 valid=1.0000 routes=7.960 grad=3.3373 seconds=15.8
Epoch 2291/5000: score=10.838553 loss=-0.223973 valid=1.0000 routes=8.335 grad=3.5633 seconds=15.4
Epoch 2292/5000: score=10.691827 loss=-0.238777 valid=1.0000 routes=8.761 grad=3.6830 seconds=15.3
Epoch 2293/5000: score=10.716082 loss=-0.228449 valid=1.0000 routes=8.587 grad=3.6989 seconds=15.3
Epoch 2294/5000: score=11.099099 loss=-0.235965 valid=1.0000 routes=8.854 grad=3.8880 seconds=15.2
Epoch 2295/5000: score=10.593181 loss=-0.227126 valid=1.0000 routes=8.364 grad=3.5802 seconds=15.4
Epoch 2296/5000: score=10.509404 loss=-0.221384 valid=1.0000 routes=8.834 grad=3.4348 seconds=15.1
Epoch 2297/5000: score=10.579587 loss=-0.230338 valid=1.0000 routes=8.517 grad=3.5223 seconds=15.3
Epoch 2298/5000: score=10.651316 loss=-0.236790 valid=1.0000 routes=8.925 grad=3.7442 seconds=15.3
Epoch 2299/5000: score=10.502333 loss=-0.228880 valid=1.0000 routes=8.279 grad=3.5971 seconds=15.3
Epoch 2300/5000: score=10.386711 loss=-0.216867 valid=1.0000 routes=8.534 grad=3.3738 seconds=15.4
Epoch 2301/5000: score=10.695469 loss=-0.244473 valid=1.0000 routes=9.244 grad=3.8630 seconds=15.4
Epoch 2302/5000: score=10.637327 loss=-0.229031 valid=1.0000 routes=8.831 grad=3.5420 seconds=15.4
Epoch 2303/5000: score=10.727194 loss=-0.221632 valid=1.0000 routes=9.250 grad=3.5437 seconds=15.3
Epoch 2304/5000: score=10.391597 loss=-0.233122 valid=1.0000 routes=8.748 grad=3.6520 seconds=15.4
Epoch 2305/5000: score=10.583774 loss=-0.228532 valid=1.0000 routes=8.675 grad=3.6595 seconds=15.6
Epoch 2306/5000: score=10.728170 loss=-0.228967 valid=1.0000 routes=9.121 grad=3.6664 seconds=15.5
Epoch 2307/5000: score=10.280826 loss=-0.226900 valid=1.0000 routes=8.629 grad=3.4187 seconds=15.3
Epoch 2308/5000: score=10.595429 loss=-0.237188 valid=1.0000 routes=8.969 grad=3.8288 seconds=15.4
Epoch 2309/5000: score=10.588751 loss=-0.226179 valid=1.0000 routes=8.632 grad=3.3719 seconds=15.3
Epoch 2310/5000: score=10.702221 loss=-0.233792 valid=1.0000 routes=8.874 grad=3.7077 seconds=15.4
Epoch 2311/5000: score=10.199217 loss=-0.219555 valid=1.0000 routes=8.391 grad=3.3341 seconds=15.6
Epoch 2312/5000: score=10.298704 loss=-0.223677 valid=1.0000 routes=8.536 grad=3.4386 seconds=15.3
Epoch 2313/5000: score=10.330389 loss=-0.220747 valid=1.0000 routes=8.311 grad=3.3455 seconds=15.3
Epoch 2314/5000: score=10.624092 loss=-0.234411 valid=1.0000 routes=8.463 grad=3.7405 seconds=15.5
Epoch 2315/5000: score=10.949628 loss=-0.232193 valid=1.0000 routes=8.803 grad=3.8211 seconds=15.3
Epoch 2316/5000: score=10.890979 loss=-0.232501 valid=1.0000 routes=8.983 grad=3.7714 seconds=15.6
Epoch 2317/5000: score=10.591587 loss=-0.229311 valid=1.0000 routes=8.664 grad=3.5892 seconds=15.5
Epoch 2318/5000: score=10.371179 loss=-0.225368 valid=1.0000 routes=8.576 grad=3.4912 seconds=15.4
Epoch 2319/5000: score=10.709604 loss=-0.239707 valid=1.0000 routes=8.913 grad=3.7487 seconds=15.5
Epoch 2320/5000: score=11.002989 loss=-0.243466 valid=1.0000 routes=9.245 grad=3.9278 seconds=15.3
Epoch 2321/5000: score=10.523386 loss=-0.236863 valid=1.0000 routes=8.590 grad=3.5621 seconds=15.5
Epoch 2322/5000: score=10.869545 loss=-0.236312 valid=1.0000 routes=8.847 grad=3.7064 seconds=15.5
Epoch 2323/5000: score=10.776984 loss=-0.238407 valid=1.0000 routes=8.855 grad=3.7591 seconds=15.3
Epoch 2324/5000: score=10.295898 loss=-0.223812 valid=1.0000 routes=8.435 grad=3.3713 seconds=15.3
Epoch 2325/5000: score=10.210809 loss=-0.221554 valid=1.0000 routes=8.729 grad=3.4389 seconds=15.4
Epoch 2326/5000: score=10.703105 loss=-0.234126 valid=1.0000 routes=8.900 grad=3.8185 seconds=15.3
Epoch 2327/5000: score=10.499431 loss=-0.234989 valid=1.0000 routes=8.772 grad=3.6268 seconds=15.5
Epoch 2328/5000: score=10.412430 loss=-0.222539 valid=1.0000 routes=8.903 grad=3.3622 seconds=15.2
Epoch 2329/5000: score=10.281299 loss=-0.212180 valid=1.0000 routes=8.292 grad=3.2408 seconds=15.3
Epoch 2330/5000: score=10.597141 loss=-0.235377 valid=1.0000 routes=8.663 grad=3.6519 seconds=15.3
Epoch 2331/5000: score=10.617637 loss=-0.233009 valid=1.0000 routes=8.932 grad=3.6824 seconds=15.3
Epoch 2332/5000: score=10.460908 loss=-0.234086 valid=1.0000 routes=8.788 grad=3.5739 seconds=15.5
Epoch 2333/5000: score=10.558835 loss=-0.236723 valid=1.0000 routes=8.566 grad=3.6996 seconds=15.3
Epoch 2334/5000: score=10.848757 loss=-0.240631 valid=1.0000 routes=8.939 grad=3.9326 seconds=15.2
Epoch 2335/5000: score=10.650732 loss=-0.222871 valid=1.0000 routes=8.656 grad=3.5125 seconds=15.2
Epoch 2336/5000: score=10.541189 loss=-0.238761 valid=1.0000 routes=8.710 grad=3.7448 seconds=15.4
Epoch 2337/5000: score=10.456688 loss=-0.231431 valid=1.0000 routes=8.787 grad=3.4503 seconds=15.3
Epoch 2338/5000: score=10.568336 loss=-0.235681 valid=1.0000 routes=8.255 grad=3.5738 seconds=15.5
Epoch 2339/5000: score=10.184195 loss=-0.220950 valid=1.0000 routes=8.651 grad=3.3661 seconds=15.2
Epoch 2340/5000: score=10.240926 loss=-0.221161 valid=1.0000 routes=8.839 grad=3.4245 seconds=15.3
Epoch 2341/5000: score=10.997705 loss=-0.242129 valid=1.0000 routes=9.144 grad=3.9107 seconds=15.3
Epoch 2342/5000: score=10.492860 loss=-0.219903 valid=1.0000 routes=9.477 grad=3.5892 seconds=15.2
Epoch 2343/5000: score=10.717394 loss=-0.224878 valid=1.0000 routes=8.822 grad=3.6288 seconds=15.4
Epoch 2344/5000: score=10.845822 loss=-0.241380 valid=1.0000 routes=9.156 grad=3.8509 seconds=15.2
Epoch 2345/5000: score=10.700234 loss=-0.234091 valid=1.0000 routes=8.867 grad=3.7795 seconds=15.3
Epoch 2346/5000: score=11.028088 loss=-0.242802 valid=1.0000 routes=9.019 grad=3.9629 seconds=15.2
Epoch 2347/5000: score=10.374751 loss=-0.224534 valid=1.0000 routes=8.759 grad=3.4760 seconds=15.3
Epoch 2348/5000: score=10.403294 loss=-0.226043 valid=1.0000 routes=8.618 grad=3.4888 seconds=15.6
Epoch 2349/5000: score=10.835737 loss=-0.235501 valid=1.0000 routes=8.858 grad=3.7569 seconds=15.4
Epoch 2350/5000: score=10.574103 loss=-0.224002 valid=1.0000 routes=8.758 grad=3.6326 seconds=15.4
Epoch 2351/5000: score=10.992385 loss=-0.237135 valid=1.0000 routes=8.840 grad=3.7753 seconds=15.3
Epoch 2352/5000: score=10.837950 loss=-0.234605 valid=1.0000 routes=8.837 grad=3.6314 seconds=15.2
Epoch 2353/5000: score=10.494657 loss=-0.228767 valid=1.0000 routes=8.358 grad=3.4781 seconds=15.6
Epoch 2354/5000: score=10.230131 loss=-0.216280 valid=1.0000 routes=9.127 grad=3.4241 seconds=15.4
Epoch 2355/5000: score=10.464075 loss=-0.222070 valid=1.0000 routes=8.326 grad=3.4633 seconds=15.2
Epoch 2356/5000: score=10.803640 loss=-0.230552 valid=1.0000 routes=8.848 grad=3.7101 seconds=15.2
Epoch 2357/5000: score=10.701159 loss=-0.234678 valid=1.0000 routes=9.077 grad=3.8317 seconds=15.2
Epoch 2358/5000: score=10.635710 loss=-0.239417 valid=1.0000 routes=8.447 grad=3.7546 seconds=15.4
Epoch 2359/5000: score=10.731730 loss=-0.230026 valid=1.0000 routes=8.759 grad=3.6785 seconds=15.6
Epoch 2360/5000: score=10.688533 loss=-0.230014 valid=1.0000 routes=8.910 grad=3.6113 seconds=15.4
Epoch 2361/5000: score=10.686077 loss=-0.223229 valid=1.0000 routes=8.689 grad=3.5867 seconds=15.3
Epoch 2362/5000: score=10.101302 loss=-0.225101 valid=1.0000 routes=8.567 grad=3.4507 seconds=15.2
Epoch 2363/5000: score=10.684442 loss=-0.227774 valid=1.0000 routes=9.349 grad=3.7988 seconds=15.2
Epoch 2364/5000: score=10.581112 loss=-0.226321 valid=1.0000 routes=8.704 grad=3.4962 seconds=15.4
Epoch 2365/5000: score=10.596459 loss=-0.221775 valid=1.0000 routes=8.731 grad=3.5254 seconds=15.2
Epoch 2366/5000: score=10.490182 loss=-0.230334 valid=1.0000 routes=8.722 grad=3.5754 seconds=15.2
Epoch 2367/5000: score=10.577880 loss=-0.235191 valid=1.0000 routes=8.869 grad=3.7066 seconds=15.3
Epoch 2368/5000: score=10.731956 loss=-0.232046 valid=1.0000 routes=9.039 grad=3.7912 seconds=15.3
Epoch 2369/5000: score=10.836518 loss=-0.224091 valid=1.0000 routes=8.755 grad=3.6237 seconds=15.3
Epoch 2370/5000: score=10.906918 loss=-0.238181 valid=1.0000 routes=8.954 grad=3.8445 seconds=15.3
Epoch 2371/5000: score=10.737340 loss=-0.236494 valid=1.0000 routes=8.434 grad=3.7583 seconds=15.3
Epoch 2372/5000: score=10.488533 loss=-0.216884 valid=1.0000 routes=8.751 grad=3.4929 seconds=15.2
Epoch 2373/5000: score=10.390030 loss=-0.228544 valid=1.0000 routes=8.614 grad=3.5791 seconds=15.2
Epoch 2374/5000: score=10.536827 loss=-0.221407 valid=1.0000 routes=8.840 grad=3.5613 seconds=15.1
Epoch 2375/5000: score=10.534588 loss=-0.226215 valid=1.0000 routes=8.247 grad=3.4905 seconds=15.4
Epoch 2376/5000: score=10.558873 loss=-0.230435 valid=1.0000 routes=8.567 grad=3.6671 seconds=15.3
Epoch 2377/5000: score=10.991029 loss=-0.233923 valid=1.0000 routes=8.708 grad=3.7642 seconds=15.1
Epoch 2378/5000: score=10.721719 loss=-0.242602 valid=1.0000 routes=9.271 grad=3.8277 seconds=15.2
Epoch 2379/5000: score=10.565527 loss=-0.233527 valid=1.0000 routes=8.686 grad=3.8106 seconds=15.1
Epoch 2380/5000: score=10.307568 loss=-0.219943 valid=1.0000 routes=8.716 grad=3.3029 seconds=15.3
Epoch 2381/5000: score=10.373682 loss=-0.220427 valid=1.0000 routes=8.711 grad=3.3581 seconds=15.1
Epoch 2382/5000: score=10.711157 loss=-0.235084 valid=1.0000 routes=8.977 grad=3.8405 seconds=15.1
Epoch 2383/5000: score=11.289240 loss=-0.237250 valid=1.0000 routes=9.080 grad=3.9171 seconds=15.1
Epoch 2384/5000: score=10.690298 loss=-0.234118 valid=1.0000 routes=9.234 grad=3.7934 seconds=15.3
Epoch 2385/5000: score=10.527128 loss=-0.229130 valid=1.0000 routes=8.594 grad=3.6583 seconds=15.4
Epoch 2386/5000: score=10.377571 loss=-0.233787 valid=1.0000 routes=8.633 grad=3.6157 seconds=15.3
Epoch 2387/5000: score=10.709999 loss=-0.227392 valid=1.0000 routes=8.781 grad=3.5901 seconds=15.3
Epoch 2388/5000: score=10.259233 loss=-0.221416 valid=1.0000 routes=8.639 grad=3.4013 seconds=15.3
Epoch 2389/5000: score=10.315825 loss=-0.215471 valid=1.0000 routes=8.602 grad=3.2527 seconds=15.2
Epoch 2390/5000: score=10.557351 loss=-0.221871 valid=1.0000 routes=8.826 grad=3.5425 seconds=15.2
Epoch 2391/5000: score=10.393119 loss=-0.230958 valid=1.0000 routes=8.443 grad=3.5153 seconds=15.4
Epoch 2392/5000: score=10.876689 loss=-0.234561 valid=1.0000 routes=8.919 grad=3.8385 seconds=15.2
Epoch 2393/5000: score=10.357943 loss=-0.219579 valid=1.0000 routes=8.554 grad=3.5149 seconds=15.2
Epoch 2394/5000: score=10.649482 loss=-0.233128 valid=1.0000 routes=8.918 grad=3.6636 seconds=15.2
Epoch 2395/5000: score=10.292663 loss=-0.222582 valid=1.0000 routes=8.513 grad=3.3741 seconds=15.2
Epoch 2396/5000: score=10.447835 loss=-0.226662 valid=1.0000 routes=8.419 grad=3.6038 seconds=15.3
Epoch 2397/5000: score=10.201873 loss=-0.223749 valid=1.0000 routes=8.580 grad=3.5101 seconds=15.1
Epoch 2398/5000: score=10.449775 loss=-0.232361 valid=1.0000 routes=8.394 grad=3.6650 seconds=15.2
Epoch 2399/5000: score=10.861726 loss=-0.230804 valid=1.0000 routes=8.911 grad=3.6845 seconds=15.2
Epoch 2400/5000: score=10.973555 loss=-0.242044 valid=1.0000 routes=8.806 grad=3.9012 seconds=15.3
Epoch 2401/5000: score=10.742247 loss=-0.245855 valid=1.0000 routes=9.299 grad=3.9631 seconds=15.4
Epoch 2402/5000: score=10.463590 loss=-0.234107 valid=1.0000 routes=8.726 grad=3.5899 seconds=15.4
Epoch 2403/5000: score=10.498938 loss=-0.239950 valid=1.0000 routes=9.022 grad=3.8577 seconds=15.3
Epoch 2404/5000: score=10.619489 loss=-0.226514 valid=1.0000 routes=8.743 grad=3.6437 seconds=15.4
Epoch 2405/5000: score=10.350361 loss=-0.225892 valid=1.0000 routes=8.483 grad=3.5000 seconds=15.2
Epoch 2406/5000: score=10.571743 loss=-0.227905 valid=1.0000 routes=8.838 grad=3.5392 seconds=15.3
Epoch 2407/5000: score=10.805422 loss=-0.220426 valid=1.0000 routes=8.367 grad=3.4662 seconds=15.3
Epoch 2408/5000: score=10.578687 loss=-0.228580 valid=1.0000 routes=8.714 grad=3.5400 seconds=15.1
Epoch 2409/5000: score=11.098036 loss=-0.246099 valid=1.0000 routes=8.986 grad=4.0441 seconds=15.2
Epoch 2410/5000: score=9.839944 loss=-0.217402 valid=1.0000 routes=8.545 grad=3.2410 seconds=15.0
Epoch 2411/5000: score=10.889930 loss=-0.237627 valid=1.0000 routes=8.666 grad=3.7537 seconds=15.2
Epoch 2412/5000: score=10.793392 loss=-0.238044 valid=1.0000 routes=9.172 grad=3.8282 seconds=15.3
Epoch 2413/5000: score=10.605084 loss=-0.232863 valid=1.0000 routes=8.535 grad=3.6602 seconds=15.2
Epoch 2414/5000: score=10.875023 loss=-0.235965 valid=1.0000 routes=8.808 grad=3.8835 seconds=15.3
Epoch 2415/5000: score=10.566793 loss=-0.229716 valid=1.0000 routes=8.745 grad=3.6500 seconds=15.3
Epoch 2416/5000: score=10.695476 loss=-0.234651 valid=1.0000 routes=8.696 grad=3.6895 seconds=15.1
Epoch 2417/5000: score=10.912410 loss=-0.230074 valid=1.0000 routes=8.719 grad=3.8729 seconds=15.2
Epoch 2418/5000: score=10.774581 loss=-0.234147 valid=1.0000 routes=8.728 grad=3.8425 seconds=15.4
Epoch 2419/5000: score=10.570895 loss=-0.226294 valid=1.0000 routes=8.638 grad=3.5594 seconds=15.5
Epoch 2420/5000: score=10.658425 loss=-0.227522 valid=1.0000 routes=8.850 grad=3.6887 seconds=15.2
Epoch 2421/5000: score=10.375369 loss=-0.221847 valid=1.0000 routes=8.534 grad=3.5028 seconds=15.2
Epoch 2422/5000: score=10.893307 loss=-0.229523 valid=1.0000 routes=8.963 grad=3.6946 seconds=15.3
Epoch 2423/5000: score=10.635860 loss=-0.228227 valid=1.0000 routes=8.820 grad=3.7189 seconds=15.7
Epoch 2424/5000: score=10.169875 loss=-0.215840 valid=1.0000 routes=8.432 grad=3.3330 seconds=15.3
Epoch 2425/5000: score=10.424693 loss=-0.219774 valid=1.0000 routes=8.524 grad=3.3883 seconds=15.2
Epoch 2426/5000: score=10.793901 loss=-0.245903 valid=1.0000 routes=9.338 grad=3.9772 seconds=15.3
Epoch 2427/5000: score=10.414042 loss=-0.224219 valid=1.0000 routes=8.827 grad=3.4984 seconds=15.3
Epoch 2428/5000: score=10.876701 loss=-0.226241 valid=1.0000 routes=8.735 grad=3.7724 seconds=15.5
Epoch 2429/5000: score=10.208806 loss=-0.224427 valid=1.0000 routes=8.582 grad=3.4281 seconds=15.4
Epoch 2430/5000: score=10.380637 loss=-0.225505 valid=1.0000 routes=8.878 grad=3.5866 seconds=15.3
Epoch 2431/5000: score=10.666182 loss=-0.230887 valid=1.0000 routes=8.786 grad=3.6440 seconds=15.4
Epoch 2432/5000: score=11.460842 loss=-0.250039 valid=1.0000 routes=9.131 grad=4.1784 seconds=15.4
Epoch 2433/5000: score=10.479285 loss=-0.224775 valid=1.0000 routes=8.968 grad=3.5641 seconds=15.4
Epoch 2434/5000: score=10.662510 loss=-0.225711 valid=1.0000 routes=8.525 grad=3.5220 seconds=15.4
Epoch 2435/5000: score=10.572482 loss=-0.230793 valid=1.0000 routes=8.681 grad=3.6414 seconds=15.5
Epoch 2436/5000: score=10.237955 loss=-0.226308 valid=1.0000 routes=8.485 grad=3.4486 seconds=15.3
Epoch 2437/5000: score=10.286133 loss=-0.227621 valid=1.0000 routes=8.855 grad=3.5190 seconds=15.4
Epoch 2438/5000: score=10.315927 loss=-0.217402 valid=1.0000 routes=8.698 grad=3.4912 seconds=15.5
Epoch 2439/5000: score=10.406755 loss=-0.231726 valid=1.0000 routes=8.435 grad=3.6272 seconds=15.7
Epoch 2440/5000: score=10.782721 loss=-0.239507 valid=1.0000 routes=8.865 grad=3.7634 seconds=15.4
Epoch 2441/5000: score=10.508069 loss=-0.224934 valid=1.0000 routes=8.830 grad=3.6879 seconds=15.4
Epoch 2442/5000: score=10.562960 loss=-0.224550 valid=1.0000 routes=8.700 grad=3.6030 seconds=15.4
Epoch 2443/5000: score=10.538367 loss=-0.243094 valid=1.0000 routes=9.136 grad=3.8614 seconds=15.3
Epoch 2444/5000: score=10.192750 loss=-0.220509 valid=1.0000 routes=8.702 grad=3.4614 seconds=15.6
Epoch 2445/5000: score=10.523910 loss=-0.224633 valid=1.0000 routes=8.658 grad=3.5813 seconds=15.4
Epoch 2446/5000: score=10.403848 loss=-0.219278 valid=1.0000 routes=8.792 grad=3.4104 seconds=15.2
Epoch 2447/5000: score=11.044224 loss=-0.240603 valid=1.0000 routes=8.815 grad=3.9405 seconds=15.4
Epoch 2448/5000: score=10.555406 loss=-0.232084 valid=1.0000 routes=8.707 grad=3.7210 seconds=15.5
Epoch 2449/5000: score=10.707211 loss=-0.230339 valid=1.0000 routes=8.534 grad=3.7298 seconds=15.7
Epoch 2450/5000: score=10.277787 loss=-0.227574 valid=1.0000 routes=8.432 grad=3.5560 seconds=15.6
Epoch 2451/5000: score=11.214461 loss=-0.247073 valid=1.0000 routes=9.313 grad=4.1778 seconds=15.5
Epoch 2452/5000: score=10.554829 loss=-0.239053 valid=1.0000 routes=8.524 grad=3.7752 seconds=15.7
Epoch 2453/5000: score=10.366012 loss=-0.230391 valid=1.0000 routes=8.901 grad=3.4682 seconds=15.4
Epoch 2454/5000: score=10.294773 loss=-0.227389 valid=1.0000 routes=9.031 grad=3.5214 seconds=15.7
Epoch 2455/5000: score=10.992666 loss=-0.232364 valid=1.0000 routes=8.974 grad=3.7878 seconds=15.5
Epoch 2456/5000: score=10.489098 loss=-0.230058 valid=1.0000 routes=8.695 grad=3.7875 seconds=15.5
Epoch 2457/5000: score=10.378626 loss=-0.223289 valid=1.0000 routes=8.461 grad=3.5165 seconds=15.5
Epoch 2458/5000: score=10.553685 loss=-0.222570 valid=1.0000 routes=8.638 grad=3.4723 seconds=15.4
Epoch 2459/5000: score=10.711039 loss=-0.231618 valid=1.0000 routes=8.589 grad=3.5608 seconds=15.4
Epoch 2460/5000: score=10.263888 loss=-0.221074 valid=1.0000 routes=8.465 grad=3.3809 seconds=15.6
Epoch 2461/5000: score=11.268756 loss=-0.248444 valid=1.0000 routes=9.207 grad=4.0382 seconds=15.2
Epoch 2462/5000: score=10.853701 loss=-0.229403 valid=1.0000 routes=8.741 grad=3.7208 seconds=15.3
Epoch 2463/5000: score=10.897420 loss=-0.233979 valid=1.0000 routes=8.965 grad=3.7673 seconds=15.3
Epoch 2464/5000: score=10.732177 loss=-0.230671 valid=1.0000 routes=8.690 grad=3.6653 seconds=15.2
Epoch 2465/5000: score=10.300063 loss=-0.226064 valid=1.0000 routes=8.767 grad=3.6338 seconds=15.6
Epoch 2466/5000: score=10.481603 loss=-0.227257 valid=1.0000 routes=8.837 grad=3.5497 seconds=15.4
Epoch 2467/5000: score=10.796255 loss=-0.239112 valid=1.0000 routes=8.992 grad=3.8119 seconds=15.4
Epoch 2468/5000: score=10.876602 loss=-0.241327 valid=1.0000 routes=8.661 grad=3.9891 seconds=15.5
Epoch 2469/5000: score=10.723830 loss=-0.228983 valid=1.0000 routes=8.309 grad=3.6150 seconds=15.4
Epoch 2470/5000: score=10.601665 loss=-0.229569 valid=1.0000 routes=8.663 grad=3.7611 seconds=15.6
Epoch 2471/5000: score=10.462811 loss=-0.224823 valid=1.0000 routes=8.555 grad=3.6362 seconds=15.3
Epoch 2472/5000: score=10.613591 loss=-0.230746 valid=1.0000 routes=9.191 grad=3.7418 seconds=15.5
Epoch 2473/5000: score=10.512400 loss=-0.225116 valid=1.0000 routes=8.823 grad=3.5447 seconds=15.5
Epoch 2474/5000: score=10.893883 loss=-0.232449 valid=1.0000 routes=8.754 grad=3.8214 seconds=15.3
>> Invalid instances, Re-generating ...
Epoch 2475/5000: score=11.119742 loss=-0.239076 valid=1.0000 routes=8.970 grad=4.0280 seconds=15.3
Epoch 2476/5000: score=10.212132 loss=-0.218784 valid=1.0000 routes=8.815 grad=3.4088 seconds=15.2
Epoch 2477/5000: score=10.818589 loss=-0.234162 valid=1.0000 routes=8.814 grad=3.7893 seconds=15.2
Epoch 2478/5000: score=10.597039 loss=-0.235210 valid=1.0000 routes=8.758 grad=3.7713 seconds=15.5
Epoch 2479/5000: score=10.321192 loss=-0.225122 valid=1.0000 routes=9.004 grad=3.4598 seconds=15.2
Epoch 2480/5000: score=10.774336 loss=-0.237071 valid=1.0000 routes=8.641 grad=3.7786 seconds=15.2
Epoch 2481/5000: score=10.610540 loss=-0.234453 valid=1.0000 routes=8.989 grad=3.7716 seconds=15.3
Epoch 2482/5000: score=10.546714 loss=-0.226833 valid=1.0000 routes=8.590 grad=3.6003 seconds=15.2
Epoch 2483/5000: score=10.597799 loss=-0.227874 valid=1.0000 routes=8.942 grad=3.6543 seconds=15.2
Epoch 2484/5000: score=10.203434 loss=-0.218799 valid=1.0000 routes=8.665 grad=3.3920 seconds=15.2
Epoch 2485/5000: score=10.728361 loss=-0.233329 valid=1.0000 routes=8.691 grad=3.6605 seconds=15.2
Epoch 2486/5000: score=9.919899 loss=-0.213199 valid=1.0000 routes=8.545 grad=3.2429 seconds=15.4
Epoch 2487/5000: score=10.785993 loss=-0.238151 valid=1.0000 routes=8.658 grad=3.7732 seconds=15.3
Epoch 2488/5000: score=10.621853 loss=-0.223228 valid=1.0000 routes=8.695 grad=3.5106 seconds=15.2
Epoch 2489/5000: score=10.413476 loss=-0.233922 valid=1.0000 routes=8.798 grad=3.6720 seconds=15.2
Epoch 2490/5000: score=10.361095 loss=-0.226982 valid=1.0000 routes=8.635 grad=3.5926 seconds=15.3
Epoch 2491/5000: score=10.300366 loss=-0.231115 valid=1.0000 routes=8.776 grad=3.6270 seconds=15.3
Epoch 2492/5000: score=10.298629 loss=-0.232568 valid=1.0000 routes=8.666 grad=3.6286 seconds=15.5
Epoch 2493/5000: score=11.100377 loss=-0.249233 valid=1.0000 routes=9.158 grad=4.0131 seconds=15.1
Epoch 2494/5000: score=10.328631 loss=-0.227827 valid=1.0000 routes=8.825 grad=3.5144 seconds=15.3
Epoch 2495/5000: score=10.761993 loss=-0.236706 valid=1.0000 routes=8.592 grad=3.8760 seconds=15.3
Epoch 2496/5000: score=11.067535 loss=-0.242437 valid=1.0000 routes=8.726 grad=3.8723 seconds=15.3
Epoch 2497/5000: score=10.391379 loss=-0.223271 valid=1.0000 routes=8.403 grad=3.4869 seconds=15.4
Epoch 2498/5000: score=10.539561 loss=-0.227459 valid=1.0000 routes=8.494 grad=3.5884 seconds=15.3
Epoch 2499/5000: score=10.748573 loss=-0.239745 valid=1.0000 routes=8.891 grad=3.9213 seconds=15.4
Epoch 2500/5000: score=10.854000 loss=-0.240911 valid=1.0000 routes=9.201 grad=3.9223 seconds=15.3
Epoch 2501/5000: score=10.652326 loss=-0.234774 valid=1.0000 routes=8.786 grad=3.7073 seconds=15.2
Epoch 2502/5000: score=10.557497 loss=-0.231732 valid=1.0000 routes=8.823 grad=3.6240 seconds=15.4
Epoch 2503/5000: score=10.425230 loss=-0.227845 valid=1.0000 routes=8.693 grad=3.5550 seconds=15.3
Epoch 2504/5000: score=10.644219 loss=-0.235796 valid=1.0000 routes=8.719 grad=3.7334 seconds=15.2
Epoch 2505/5000: score=10.592518 loss=-0.227798 valid=1.0000 routes=8.723 grad=3.5545 seconds=15.2
Epoch 2506/5000: score=10.490114 loss=-0.228593 valid=1.0000 routes=8.630 grad=3.5179 seconds=15.3
Epoch 2507/5000: score=10.643243 loss=-0.227582 valid=1.0000 routes=8.769 grad=3.6579 seconds=15.3
Epoch 2508/5000: score=10.678812 loss=-0.220909 valid=1.0000 routes=8.585 grad=3.4959 seconds=15.5
Epoch 2509/5000: score=10.280865 loss=-0.221556 valid=1.0000 routes=8.823 grad=3.5752 seconds=15.3
Epoch 2510/5000: score=10.808030 loss=-0.230353 valid=1.0000 routes=9.082 grad=3.6890 seconds=15.1
Epoch 2511/5000: score=10.554038 loss=-0.229045 valid=1.0000 routes=8.520 grad=3.6109 seconds=15.3
Epoch 2512/5000: score=10.559938 loss=-0.234488 valid=1.0000 routes=9.117 grad=3.6370 seconds=15.2
Epoch 2513/5000: score=10.431740 loss=-0.220785 valid=1.0000 routes=8.459 grad=3.4596 seconds=15.4
Epoch 2514/5000: score=10.635427 loss=-0.227190 valid=1.0000 routes=8.910 grad=3.6251 seconds=15.3
Epoch 2515/5000: score=10.691686 loss=-0.226576 valid=1.0000 routes=8.865 grad=3.7635 seconds=15.2
Epoch 2516/5000: score=10.403085 loss=-0.224042 valid=1.0000 routes=8.745 grad=3.5520 seconds=15.5
Epoch 2517/5000: score=10.661565 loss=-0.233691 valid=1.0000 routes=8.792 grad=3.8032 seconds=15.4
Epoch 2518/5000: score=10.315682 loss=-0.220907 valid=1.0000 routes=8.482 grad=3.3393 seconds=15.4
Epoch 2519/5000: score=10.191812 loss=-0.219136 valid=1.0000 routes=8.275 grad=3.2796 seconds=15.3
Epoch 2520/5000: score=10.623439 loss=-0.223175 valid=1.0000 routes=8.453 grad=3.5152 seconds=15.3
Epoch 2521/5000: score=10.567027 loss=-0.234092 valid=1.0000 routes=8.640 grad=3.6781 seconds=15.3
Epoch 2522/5000: score=10.767659 loss=-0.238860 valid=1.0000 routes=8.934 grad=3.8519 seconds=15.3
Epoch 2523/5000: score=10.368601 loss=-0.230544 valid=1.0000 routes=8.719 grad=3.6515 seconds=15.4
Epoch 2524/5000: score=10.897484 loss=-0.236549 valid=1.0000 routes=8.657 grad=3.9641 seconds=15.5
Epoch 2525/5000: score=10.161401 loss=-0.221963 valid=1.0000 routes=8.478 grad=3.4311 seconds=15.3
Epoch 2526/5000: score=10.586874 loss=-0.219939 valid=1.0000 routes=8.471 grad=3.5256 seconds=15.3
Epoch 2527/5000: score=10.357755 loss=-0.223804 valid=1.0000 routes=8.903 grad=3.5238 seconds=15.3
Epoch 2528/5000: score=10.366091 loss=-0.225921 valid=1.0000 routes=8.742 grad=3.4753 seconds=15.3
Epoch 2529/5000: score=10.978878 loss=-0.236739 valid=1.0000 routes=9.160 grad=3.8831 seconds=15.5
Epoch 2530/5000: score=11.081929 loss=-0.240096 valid=1.0000 routes=9.012 grad=3.9492 seconds=15.3
Epoch 2531/5000: score=10.089406 loss=-0.222939 valid=1.0000 routes=8.511 grad=3.4769 seconds=15.3
>> Invalid instances, Re-generating ...
Epoch 2532/5000: score=10.476657 loss=-0.226702 valid=1.0000 routes=8.657 grad=3.6092 seconds=15.2
Epoch 2533/5000: score=10.505702 loss=-0.229799 valid=1.0000 routes=8.677 grad=3.6334 seconds=15.3
Epoch 2534/5000: score=10.448611 loss=-0.229230 valid=1.0000 routes=8.543 grad=3.6485 seconds=15.4
Epoch 2535/5000: score=10.614423 loss=-0.239471 valid=1.0000 routes=8.782 grad=3.7941 seconds=15.4
Epoch 2536/5000: score=10.505070 loss=-0.219924 valid=1.0000 routes=8.309 grad=3.5156 seconds=15.4
Epoch 2537/5000: score=10.791217 loss=-0.229089 valid=1.0000 routes=8.601 grad=3.6776 seconds=15.4
Epoch 2538/5000: score=10.723388 loss=-0.235102 valid=1.0000 routes=8.686 grad=3.8208 seconds=15.3
Epoch 2539/5000: score=10.704477 loss=-0.227829 valid=1.0000 routes=8.590 grad=3.5196 seconds=15.4
Epoch 2540/5000: score=10.963391 loss=-0.228773 valid=1.0000 routes=8.858 grad=3.7398 seconds=15.4
Epoch 2541/5000: score=10.534516 loss=-0.232083 valid=1.0000 routes=8.573 grad=3.7143 seconds=15.4
Epoch 2542/5000: score=10.895034 loss=-0.236660 valid=1.0000 routes=8.872 grad=3.7557 seconds=15.2
Epoch 2543/5000: score=10.527289 loss=-0.234355 valid=1.0000 routes=8.873 grad=3.7687 seconds=15.3
Epoch 2544/5000: score=10.689219 loss=-0.238593 valid=1.0000 routes=8.679 grad=3.6871 seconds=15.5
Epoch 2545/5000: score=10.437688 loss=-0.227564 valid=1.0000 routes=8.509 grad=3.6221 seconds=15.6
Epoch 2546/5000: score=10.455209 loss=-0.233265 valid=1.0000 routes=8.861 grad=3.6892 seconds=15.4
Epoch 2547/5000: score=10.415681 loss=-0.227607 valid=1.0000 routes=8.505 grad=3.5345 seconds=15.5
Epoch 2548/5000: score=11.007500 loss=-0.234034 valid=1.0000 routes=9.061 grad=3.7677 seconds=15.3
Epoch 2549/5000: score=10.775114 loss=-0.234089 valid=1.0000 routes=8.418 grad=3.6889 seconds=15.5
Epoch 2550/5000: score=10.811380 loss=-0.233692 valid=1.0000 routes=9.082 grad=3.8295 seconds=15.5
Epoch 2551/5000: score=10.270116 loss=-0.231337 valid=1.0000 routes=9.004 grad=3.5961 seconds=15.5
Epoch 2552/5000: score=10.003718 loss=-0.224658 valid=1.0000 routes=8.745 grad=3.4270 seconds=15.4
Epoch 2553/5000: score=10.474420 loss=-0.220620 valid=1.0000 routes=8.387 grad=3.4102 seconds=15.3
Epoch 2554/5000: score=10.616168 loss=-0.216054 valid=1.0000 routes=8.495 grad=3.3798 seconds=15.3
Epoch 2555/5000: score=10.267895 loss=-0.229346 valid=1.0000 routes=9.078 grad=3.5197 seconds=15.5
Epoch 2556/5000: score=10.687289 loss=-0.220984 valid=1.0000 routes=8.938 grad=3.6591 seconds=15.3
Epoch 2557/5000: score=10.699164 loss=-0.222948 valid=1.0000 routes=8.553 grad=3.6419 seconds=15.2
Epoch 2558/5000: score=10.511299 loss=-0.227825 valid=1.0000 routes=8.836 grad=3.5973 seconds=15.3
Epoch 2559/5000: score=10.440642 loss=-0.219253 valid=1.0000 routes=8.999 grad=3.5343 seconds=15.3
Epoch 2560/5000: score=11.011019 loss=-0.238617 valid=1.0000 routes=9.086 grad=4.0030 seconds=15.2
Epoch 2561/5000: score=10.659193 loss=-0.224082 valid=1.0000 routes=8.516 grad=3.5558 seconds=15.5
Epoch 2562/5000: score=10.310530 loss=-0.219417 valid=1.0000 routes=8.843 grad=3.3802 seconds=15.2
Epoch 2563/5000: score=10.735057 loss=-0.236133 valid=1.0000 routes=8.987 grad=3.8046 seconds=15.4
Epoch 2564/5000: score=10.912544 loss=-0.233214 valid=1.0000 routes=8.646 grad=3.7957 seconds=15.3
Epoch 2565/5000: score=10.858095 loss=-0.238121 valid=1.0000 routes=8.915 grad=3.8515 seconds=15.4
Epoch 2566/5000: score=10.283719 loss=-0.216516 valid=1.0000 routes=8.573 grad=3.4026 seconds=15.6
Epoch 2567/5000: score=10.395317 loss=-0.228014 valid=1.0000 routes=8.610 grad=3.5263 seconds=15.5
Epoch 2568/5000: score=10.557748 loss=-0.232670 valid=1.0000 routes=8.936 grad=3.8087 seconds=15.4
Epoch 2569/5000: score=10.395028 loss=-0.229815 valid=1.0000 routes=8.795 grad=3.5735 seconds=15.3
Epoch 2570/5000: score=10.613495 loss=-0.228586 valid=1.0000 routes=8.470 grad=3.5618 seconds=15.4
Epoch 2571/5000: score=10.840733 loss=-0.225130 valid=1.0000 routes=8.321 grad=3.6738 seconds=15.6
Epoch 2572/5000: score=10.335360 loss=-0.226420 valid=1.0000 routes=8.449 grad=3.4156 seconds=15.5
Epoch 2573/5000: score=10.482243 loss=-0.224811 valid=1.0000 routes=8.362 grad=3.7013 seconds=15.5
Epoch 2574/5000: score=10.584053 loss=-0.236200 valid=1.0000 routes=9.246 grad=3.8984 seconds=15.4
Epoch 2575/5000: score=10.926279 loss=-0.244510 valid=1.0000 routes=8.950 grad=3.8985 seconds=15.4
Epoch 2576/5000: score=10.562909 loss=-0.220495 valid=1.0000 routes=8.519 grad=3.5332 seconds=15.4
Epoch 2577/5000: score=10.559572 loss=-0.221277 valid=1.0000 routes=8.749 grad=3.5540 seconds=15.5
Epoch 2578/5000: score=10.646070 loss=-0.227048 valid=1.0000 routes=9.087 grad=3.7785 seconds=15.2
Epoch 2579/5000: score=10.550526 loss=-0.229717 valid=1.0000 routes=8.989 grad=3.8623 seconds=15.2
Epoch 2580/5000: score=10.059753 loss=-0.227130 valid=1.0000 routes=8.760 grad=3.4820 seconds=15.3
Epoch 2581/5000: score=10.481717 loss=-0.224342 valid=1.0000 routes=8.699 grad=3.6054 seconds=15.3
Epoch 2582/5000: score=10.378718 loss=-0.223145 valid=1.0000 routes=8.524 grad=3.5401 seconds=15.6
Epoch 2583/5000: score=10.647385 loss=-0.230240 valid=1.0000 routes=8.541 grad=3.6476 seconds=15.3
Epoch 2584/5000: score=10.844216 loss=-0.232505 valid=1.0000 routes=9.111 grad=3.9777 seconds=15.4
Epoch 2585/5000: score=10.899857 loss=-0.232961 valid=1.0000 routes=9.384 grad=3.9755 seconds=15.2
Epoch 2586/5000: score=10.392333 loss=-0.234616 valid=1.0000 routes=8.558 grad=3.6710 seconds=15.3
Epoch 2587/5000: score=10.217878 loss=-0.215602 valid=1.0000 routes=8.378 grad=3.3546 seconds=15.4
Epoch 2588/5000: score=10.852804 loss=-0.231357 valid=1.0000 routes=8.523 grad=3.7241 seconds=15.4
Epoch 2589/5000: score=10.666805 loss=-0.233940 valid=1.0000 routes=8.670 grad=3.7480 seconds=15.4
Epoch 2590/5000: score=10.865864 loss=-0.235857 valid=1.0000 routes=8.788 grad=3.7827 seconds=15.4
Epoch 2591/5000: score=9.777222 loss=-0.218091 valid=1.0000 routes=8.411 grad=3.2657 seconds=15.4
Epoch 2592/5000: score=10.512078 loss=-0.222972 valid=1.0000 routes=8.485 grad=3.5810 seconds=15.5
Epoch 2593/5000: score=10.097060 loss=-0.227011 valid=1.0000 routes=8.585 grad=3.5216 seconds=15.5
Epoch 2594/5000: score=10.539163 loss=-0.221501 valid=1.0000 routes=8.781 grad=3.5050 seconds=15.2
Epoch 2595/5000: score=10.686278 loss=-0.232346 valid=1.0000 routes=8.599 grad=3.8173 seconds=15.5
Epoch 2596/5000: score=10.855658 loss=-0.234541 valid=1.0000 routes=9.031 grad=3.9516 seconds=15.2
Epoch 2597/5000: score=10.775554 loss=-0.228604 valid=1.0000 routes=8.827 grad=3.7191 seconds=15.3
Epoch 2598/5000: score=10.307627 loss=-0.220911 valid=1.0000 routes=8.967 grad=3.4674 seconds=14.8
Epoch 2599/5000: score=10.661893 loss=-0.232536 valid=1.0000 routes=8.445 grad=3.8151 seconds=15.2
Epoch 2600/5000: score=10.597106 loss=-0.222308 valid=1.0000 routes=8.757 grad=3.6281 seconds=15.3
Epoch 2601/5000: score=11.042446 loss=-0.236657 valid=1.0000 routes=8.632 grad=3.9359 seconds=15.3
Epoch 2602/5000: score=10.544169 loss=-0.221073 valid=1.0000 routes=8.380 grad=3.5667 seconds=15.2
Epoch 2603/5000: score=10.822461 loss=-0.233154 valid=1.0000 routes=8.543 grad=3.9225 seconds=15.5
Epoch 2604/5000: score=10.460658 loss=-0.226700 valid=1.0000 routes=8.503 grad=3.6947 seconds=15.5
Epoch 2605/5000: score=10.477954 loss=-0.222470 valid=1.0000 routes=8.845 grad=3.5396 seconds=15.3
Epoch 2606/5000: score=10.808962 loss=-0.229759 valid=1.0000 routes=8.838 grad=3.9278 seconds=15.3
Epoch 2607/5000: score=10.375691 loss=-0.217997 valid=1.0000 routes=8.633 grad=3.5798 seconds=15.1
Epoch 2608/5000: score=10.606166 loss=-0.224775 valid=1.0000 routes=8.710 grad=3.5467 seconds=15.4
Epoch 2609/5000: score=10.771367 loss=-0.234044 valid=1.0000 routes=9.025 grad=3.8367 seconds=15.3
Epoch 2610/5000: score=10.213024 loss=-0.221332 valid=1.0000 routes=9.069 grad=3.5357 seconds=15.3
Epoch 2611/5000: score=10.767656 loss=-0.226861 valid=1.0000 routes=8.383 grad=3.6587 seconds=15.2
Epoch 2612/5000: score=10.415891 loss=-0.229044 valid=1.0000 routes=8.651 grad=3.5968 seconds=15.2
Epoch 2613/5000: score=11.114597 loss=-0.246646 valid=1.0000 routes=9.136 grad=4.0462 seconds=15.4
Epoch 2614/5000: score=10.586370 loss=-0.229468 valid=1.0000 routes=8.978 grad=3.6897 seconds=15.3
Epoch 2615/5000: score=10.446561 loss=-0.222582 valid=1.0000 routes=9.031 grad=3.5848 seconds=15.3
Epoch 2616/5000: score=10.181642 loss=-0.219603 valid=1.0000 routes=8.291 grad=3.4379 seconds=15.2
Epoch 2617/5000: score=10.567433 loss=-0.223420 valid=1.0000 routes=8.927 grad=3.6965 seconds=15.1
Epoch 2618/5000: score=10.333356 loss=-0.221884 valid=1.0000 routes=8.864 grad=3.5135 seconds=15.2
Epoch 2619/5000: score=10.550673 loss=-0.216978 valid=1.0000 routes=8.251 grad=3.4399 seconds=15.4
Epoch 2620/5000: score=10.657770 loss=-0.223533 valid=1.0000 routes=8.693 grad=3.6698 seconds=15.2
Epoch 2621/5000: score=10.972178 loss=-0.229012 valid=1.0000 routes=9.152 grad=3.8397 seconds=15.1
Epoch 2622/5000: score=10.693632 loss=-0.230462 valid=1.0000 routes=8.704 grad=3.7592 seconds=15.2
Epoch 2623/5000: score=10.549766 loss=-0.231720 valid=1.0000 routes=8.927 grad=3.6385 seconds=15.1
Epoch 2624/5000: score=10.411050 loss=-0.228952 valid=1.0000 routes=8.354 grad=3.5112 seconds=15.5
Epoch 2625/5000: score=10.350072 loss=-0.215806 valid=1.0000 routes=9.239 grad=3.4289 seconds=15.2
Epoch 2626/5000: score=10.813966 loss=-0.235864 valid=1.0000 routes=8.791 grad=3.7941 seconds=15.2
Epoch 2627/5000: score=10.314672 loss=-0.218954 valid=1.0000 routes=8.491 grad=3.4411 seconds=15.2
Epoch 2628/5000: score=10.975432 loss=-0.231647 valid=1.0000 routes=8.835 grad=3.8051 seconds=15.0
Epoch 2629/5000: score=10.554602 loss=-0.223936 valid=1.0000 routes=8.673 grad=3.6069 seconds=15.4
Epoch 2630/5000: score=10.632167 loss=-0.237378 valid=1.0000 routes=9.286 grad=3.8730 seconds=15.3
Epoch 2631/5000: score=10.504979 loss=-0.226629 valid=1.0000 routes=8.502 grad=3.6520 seconds=15.1
Epoch 2632/5000: score=10.476014 loss=-0.229798 valid=1.0000 routes=8.800 grad=3.5933 seconds=15.1
Epoch 2633/5000: score=10.594359 loss=-0.228435 valid=1.0000 routes=9.128 grad=3.6715 seconds=15.1
Epoch 2634/5000: score=10.687622 loss=-0.228413 valid=1.0000 routes=8.600 grad=3.6874 seconds=15.1
Epoch 2635/5000: score=10.635411 loss=-0.229129 valid=1.0000 routes=8.975 grad=3.7728 seconds=15.3
Epoch 2636/5000: score=10.642098 loss=-0.230665 valid=1.0000 routes=8.809 grad=3.7657 seconds=15.2
Epoch 2637/5000: score=10.317380 loss=-0.230692 valid=1.0000 routes=8.396 grad=3.7193 seconds=15.3
Epoch 2638/5000: score=10.361672 loss=-0.219931 valid=1.0000 routes=8.226 grad=3.4860 seconds=15.2
Epoch 2639/5000: score=10.599610 loss=-0.224751 valid=1.0000 routes=8.630 grad=3.6920 seconds=15.2
Epoch 2640/5000: score=10.312010 loss=-0.223639 valid=1.0000 routes=8.699 grad=3.6235 seconds=15.3
Epoch 2641/5000: score=10.498383 loss=-0.223428 valid=1.0000 routes=8.404 grad=3.6243 seconds=15.3
Epoch 2642/5000: score=10.667998 loss=-0.228631 valid=1.0000 routes=8.496 grad=3.7124 seconds=15.3
Epoch 2643/5000: score=10.392041 loss=-0.220249 valid=1.0000 routes=8.504 grad=3.6549 seconds=15.2
Epoch 2644/5000: score=10.105290 loss=-0.216689 valid=1.0000 routes=8.665 grad=3.3745 seconds=15.2
Epoch 2645/5000: score=10.703760 loss=-0.236565 valid=1.0000 routes=8.688 grad=3.7621 seconds=15.3
Epoch 2646/5000: score=10.301079 loss=-0.222339 valid=1.0000 routes=8.801 grad=3.5364 seconds=15.4
Epoch 2647/5000: score=10.335991 loss=-0.216416 valid=1.0000 routes=8.578 grad=3.4068 seconds=15.1
Epoch 2648/5000: score=10.192551 loss=-0.214407 valid=1.0000 routes=8.450 grad=3.3759 seconds=15.3
Epoch 2649/5000: score=10.639612 loss=-0.235579 valid=1.0000 routes=8.869 grad=3.8794 seconds=15.4
Epoch 2650/5000: score=10.743475 loss=-0.227282 valid=1.0000 routes=8.554 grad=3.6180 seconds=15.1
Epoch 2651/5000: score=10.347193 loss=-0.235708 valid=1.0000 routes=8.560 grad=3.6054 seconds=15.8
Epoch 2652/5000: score=10.719651 loss=-0.227989 valid=1.0000 routes=8.513 grad=3.7779 seconds=15.4
Epoch 2653/5000: score=10.656862 loss=-0.214334 valid=1.0000 routes=8.647 grad=3.6080 seconds=15.1
Epoch 2654/5000: score=10.757924 loss=-0.232072 valid=1.0000 routes=8.973 grad=3.7304 seconds=15.3
Epoch 2655/5000: score=10.737810 loss=-0.221706 valid=1.0000 routes=8.782 grad=3.6520 seconds=15.2
Epoch 2656/5000: score=10.459823 loss=-0.224207 valid=1.0000 routes=8.443 grad=3.6188 seconds=15.4
Epoch 2657/5000: score=10.756768 loss=-0.235379 valid=1.0000 routes=8.383 grad=3.8213 seconds=15.4
Epoch 2658/5000: score=10.801719 loss=-0.234875 valid=1.0000 routes=8.993 grad=3.9727 seconds=15.3
Epoch 2659/5000: score=10.911062 loss=-0.235603 valid=1.0000 routes=8.952 grad=3.8183 seconds=15.5
Epoch 2660/5000: score=10.683886 loss=-0.229993 valid=1.0000 routes=9.015 grad=3.8011 seconds=15.3
Epoch 2661/5000: score=10.501821 loss=-0.228898 valid=1.0000 routes=8.697 grad=3.5945 seconds=15.4
Epoch 2662/5000: score=10.767188 loss=-0.231391 valid=1.0000 routes=8.683 grad=3.7613 seconds=15.5
Epoch 2663/5000: score=10.494747 loss=-0.222320 valid=1.0000 routes=8.730 grad=3.5953 seconds=15.4
Epoch 2664/5000: score=10.357603 loss=-0.236375 valid=1.0000 routes=8.780 grad=3.6623 seconds=15.3
Epoch 2665/5000: score=10.615271 loss=-0.222729 valid=1.0000 routes=8.497 grad=3.5899 seconds=15.3
Epoch 2666/5000: score=10.821193 loss=-0.233286 valid=1.0000 routes=8.793 grad=3.8999 seconds=15.3
Epoch 2667/5000: score=10.655343 loss=-0.233511 valid=1.0000 routes=8.883 grad=3.8510 seconds=15.6
Epoch 2668/5000: score=11.097088 loss=-0.235641 valid=1.0000 routes=8.969 grad=3.9524 seconds=15.3
Epoch 2669/5000: score=10.642817 loss=-0.223709 valid=1.0000 routes=8.675 grad=3.7249 seconds=15.3
Epoch 2670/5000: score=10.238466 loss=-0.216224 valid=1.0000 routes=8.240 grad=3.4290 seconds=15.3
Epoch 2671/5000: score=10.390167 loss=-0.219071 valid=1.0000 routes=8.448 grad=3.5139 seconds=15.3
Epoch 2672/5000: score=10.687744 loss=-0.232584 valid=1.0000 routes=9.345 grad=3.8121 seconds=15.5
Epoch 2673/5000: score=10.427381 loss=-0.223947 valid=1.0000 routes=8.549 grad=3.5408 seconds=15.4
Epoch 2674/5000: score=10.121757 loss=-0.219351 valid=1.0000 routes=8.684 grad=3.4348 seconds=15.4
Epoch 2675/5000: score=10.324974 loss=-0.223923 valid=1.0000 routes=8.265 grad=3.5689 seconds=15.4
Epoch 2676/5000: score=10.583992 loss=-0.226157 valid=1.0000 routes=8.807 grad=3.6346 seconds=15.4
Epoch 2677/5000: score=9.695916 loss=-0.214363 valid=1.0000 routes=8.085 grad=3.1441 seconds=15.5
Epoch 2678/5000: score=10.797627 loss=-0.229325 valid=1.0000 routes=8.894 grad=3.8182 seconds=15.5
Epoch 2679/5000: score=10.855368 loss=-0.238217 valid=1.0000 routes=8.720 grad=3.9643 seconds=15.4
Epoch 2680/5000: score=10.207886 loss=-0.221580 valid=1.0000 routes=8.972 grad=3.5589 seconds=15.3
Epoch 2681/5000: score=10.298201 loss=-0.228342 valid=1.0000 routes=8.614 grad=3.5683 seconds=15.2
Epoch 2682/5000: score=10.292295 loss=-0.219861 valid=1.0000 routes=8.640 grad=3.4935 seconds=15.3
Epoch 2683/5000: score=9.937074 loss=-0.214763 valid=1.0000 routes=8.524 grad=3.2056 seconds=15.6
Epoch 2684/5000: score=10.604513 loss=-0.229331 valid=1.0000 routes=8.770 grad=3.7308 seconds=15.3
Epoch 2685/5000: score=10.592580 loss=-0.226454 valid=1.0000 routes=8.943 grad=3.6907 seconds=15.3
Epoch 2686/5000: score=11.187442 loss=-0.252989 valid=1.0000 routes=9.056 grad=4.1159 seconds=15.3
Epoch 2687/5000: score=10.606548 loss=-0.232023 valid=1.0000 routes=9.085 grad=3.7822 seconds=15.4
Epoch 2688/5000: score=10.348550 loss=-0.222517 valid=1.0000 routes=8.806 grad=3.5857 seconds=15.5
Epoch 2689/5000: score=10.119762 loss=-0.227750 valid=1.0000 routes=8.369 grad=3.5107 seconds=15.3
Epoch 2690/5000: score=10.877964 loss=-0.228716 valid=1.0000 routes=8.677 grad=3.9534 seconds=15.1
Epoch 2691/5000: score=10.130008 loss=-0.216001 valid=1.0000 routes=8.725 grad=3.4493 seconds=15.2
Epoch 2692/5000: score=10.602866 loss=-0.234934 valid=1.0000 routes=8.472 grad=3.9242 seconds=15.3
Epoch 2693/5000: score=10.759388 loss=-0.225860 valid=1.0000 routes=9.062 grad=3.9514 seconds=15.2
Epoch 2694/5000: score=11.169083 loss=-0.239744 valid=1.0000 routes=9.201 grad=4.0937 seconds=15.3
Epoch 2695/5000: score=10.878119 loss=-0.247518 valid=1.0000 routes=8.945 grad=4.0595 seconds=15.2
Epoch 2696/5000: score=10.079120 loss=-0.215953 valid=1.0000 routes=8.536 grad=3.4592 seconds=15.3
Epoch 2697/5000: score=10.529354 loss=-0.227404 valid=1.0000 routes=8.155 grad=3.6050 seconds=15.3
Epoch 2698/5000: score=11.029872 loss=-0.242797 valid=1.0000 routes=9.249 grad=3.9997 seconds=15.4
Epoch 2699/5000: score=10.418384 loss=-0.229080 valid=1.0000 routes=8.444 grad=3.6210 seconds=15.5
Epoch 2700/5000: score=10.330981 loss=-0.228541 valid=1.0000 routes=8.374 grad=3.5618 seconds=15.4
Epoch 2701/5000: score=10.554163 loss=-0.232594 valid=1.0000 routes=8.836 grad=3.7330 seconds=15.3
Epoch 2702/5000: score=10.632951 loss=-0.225641 valid=1.0000 routes=8.891 grad=3.6809 seconds=15.1
Epoch 2703/5000: score=10.657891 loss=-0.236274 valid=1.0000 routes=9.049 grad=3.9675 seconds=15.2
Epoch 2704/5000: score=10.161551 loss=-0.219202 valid=1.0000 routes=8.925 grad=3.4807 seconds=15.4
Epoch 2705/5000: score=10.450189 loss=-0.228702 valid=1.0000 routes=8.519 grad=3.6641 seconds=15.2
Epoch 2706/5000: score=10.273603 loss=-0.227349 valid=1.0000 routes=8.772 grad=3.5105 seconds=15.3
Epoch 2707/5000: score=10.618151 loss=-0.234008 valid=1.0000 routes=9.267 grad=3.7603 seconds=15.3
Epoch 2708/5000: score=10.617475 loss=-0.229216 valid=1.0000 routes=8.951 grad=3.7358 seconds=15.1
Epoch 2709/5000: score=10.525896 loss=-0.228651 valid=1.0000 routes=8.687 grad=3.7923 seconds=15.4
Epoch 2710/5000: score=10.552001 loss=-0.227068 valid=1.0000 routes=8.835 grad=3.7015 seconds=15.4
Epoch 2711/5000: score=10.696485 loss=-0.235905 valid=1.0000 routes=8.777 grad=3.8371 seconds=15.2
Epoch 2712/5000: score=10.875819 loss=-0.226593 valid=1.0000 routes=8.645 grad=3.9340 seconds=15.3
Epoch 2713/5000: score=10.337544 loss=-0.215590 valid=1.0000 routes=8.730 grad=3.3408 seconds=15.1
Epoch 2714/5000: score=10.239108 loss=-0.221601 valid=1.0000 routes=8.495 grad=3.5525 seconds=15.2
Epoch 2715/5000: score=10.417434 loss=-0.229133 valid=1.0000 routes=8.397 grad=3.5521 seconds=15.5
Epoch 2716/5000: score=10.918665 loss=-0.235935 valid=1.0000 routes=8.782 grad=3.8228 seconds=15.3
Epoch 2717/5000: score=10.298298 loss=-0.221210 valid=1.0000 routes=8.813 grad=3.5527 seconds=15.3
Epoch 2718/5000: score=10.371649 loss=-0.218791 valid=1.0000 routes=8.550 grad=3.5159 seconds=15.4
Epoch 2719/5000: score=10.808727 loss=-0.232722 valid=1.0000 routes=9.184 grad=3.9814 seconds=15.3
Epoch 2720/5000: score=10.662219 loss=-0.229883 valid=1.0000 routes=8.699 grad=3.8144 seconds=15.5
Epoch 2721/5000: score=10.473234 loss=-0.230567 valid=1.0000 routes=8.536 grad=3.6785 seconds=15.4
Epoch 2722/5000: score=10.668354 loss=-0.233746 valid=1.0000 routes=8.902 grad=3.8135 seconds=15.3
Epoch 2723/5000: score=10.370737 loss=-0.224513 valid=1.0000 routes=8.997 grad=3.6967 seconds=15.3
Epoch 2724/5000: score=10.184267 loss=-0.215405 valid=1.0000 routes=8.362 grad=3.3125 seconds=15.3
Epoch 2725/5000: score=10.699637 loss=-0.233753 valid=1.0000 routes=9.202 grad=3.7384 seconds=15.5
Epoch 2726/5000: score=10.590765 loss=-0.223030 valid=1.0000 routes=8.655 grad=3.6256 seconds=15.4
Epoch 2727/5000: score=10.936119 loss=-0.232650 valid=1.0000 routes=8.810 grad=3.8131 seconds=15.2
Epoch 2728/5000: score=10.669796 loss=-0.212968 valid=1.0000 routes=8.501 grad=3.5674 seconds=15.2
Epoch 2729/5000: score=10.741171 loss=-0.222442 valid=1.0000 routes=8.739 grad=3.7764 seconds=15.2
Epoch 2730/5000: score=10.902408 loss=-0.236491 valid=1.0000 routes=8.767 grad=3.9708 seconds=15.5
Epoch 2731/5000: score=10.842905 loss=-0.238375 valid=1.0000 routes=8.819 grad=3.8850 seconds=15.5
Epoch 2732/5000: score=11.186468 loss=-0.230537 valid=1.0000 routes=8.896 grad=4.0370 seconds=15.2
Epoch 2733/5000: score=10.702471 loss=-0.229696 valid=1.0000 routes=8.773 grad=3.7972 seconds=15.3
Epoch 2734/5000: score=10.846376 loss=-0.236552 valid=1.0000 routes=8.936 grad=4.0199 seconds=15.3
Epoch 2735/5000: score=10.735203 loss=-0.229593 valid=1.0000 routes=8.688 grad=3.7941 seconds=15.2
Epoch 2736/5000: score=10.255764 loss=-0.221735 valid=1.0000 routes=8.718 grad=3.5087 seconds=15.4
Epoch 2737/5000: score=10.298555 loss=-0.215959 valid=1.0000 routes=8.512 grad=3.3909 seconds=15.2
Epoch 2738/5000: score=10.755783 loss=-0.227887 valid=1.0000 routes=8.961 grad=3.7105 seconds=15.1
Epoch 2739/5000: score=10.393990 loss=-0.221315 valid=1.0000 routes=8.802 grad=3.5482 seconds=15.1
Epoch 2740/5000: score=10.398355 loss=-0.239368 valid=1.0000 routes=9.029 grad=3.6996 seconds=15.3
Epoch 2741/5000: score=10.967923 loss=-0.223838 valid=1.0000 routes=8.718 grad=3.7054 seconds=15.4
Epoch 2742/5000: score=10.569177 loss=-0.222498 valid=1.0000 routes=8.210 grad=3.5982 seconds=15.4
Epoch 2743/5000: score=10.582299 loss=-0.224610 valid=1.0000 routes=8.690 grad=3.7234 seconds=15.2
Epoch 2744/5000: score=10.943942 loss=-0.235910 valid=1.0000 routes=8.970 grad=4.0907 seconds=15.4
Epoch 2745/5000: score=10.809499 loss=-0.231764 valid=1.0000 routes=8.976 grad=3.7862 seconds=15.2
Epoch 2746/5000: score=10.339370 loss=-0.215330 valid=1.0000 routes=8.404 grad=3.6016 seconds=15.2
Epoch 2747/5000: score=10.524555 loss=-0.222831 valid=1.0000 routes=8.766 grad=3.5748 seconds=15.3
Epoch 2748/5000: score=10.640976 loss=-0.222726 valid=1.0000 routes=8.659 grad=3.6064 seconds=15.1
Epoch 2749/5000: score=10.243843 loss=-0.213878 valid=1.0000 routes=8.431 grad=3.3827 seconds=15.3
Epoch 2750/5000: score=10.345635 loss=-0.223283 valid=1.0000 routes=8.561 grad=3.4299 seconds=15.1
Epoch 2751/5000: score=10.424629 loss=-0.220708 valid=1.0000 routes=8.831 grad=3.5541 seconds=15.1
Epoch 2752/5000: score=10.483725 loss=-0.211429 valid=1.0000 routes=8.570 grad=3.4194 seconds=15.3
Epoch 2753/5000: score=10.660759 loss=-0.226438 valid=1.0000 routes=9.243 grad=3.7687 seconds=15.3
Epoch 2754/5000: score=10.963694 loss=-0.236526 valid=1.0000 routes=8.641 grad=3.9135 seconds=15.3
Epoch 2755/5000: score=10.337016 loss=-0.218813 valid=1.0000 routes=8.548 grad=3.4687 seconds=15.4
Epoch 2756/5000: score=10.377064 loss=-0.217948 valid=1.0000 routes=8.501 grad=3.4384 seconds=15.2
Epoch 2757/5000: score=10.570321 loss=-0.239450 valid=1.0000 routes=9.170 grad=3.8692 seconds=15.4
Epoch 2758/5000: score=10.870878 loss=-0.231372 valid=1.0000 routes=8.706 grad=3.8273 seconds=15.2
Epoch 2759/5000: score=11.007704 loss=-0.241768 valid=1.0000 routes=8.719 grad=3.9884 seconds=15.2
Epoch 2760/5000: score=10.419964 loss=-0.231406 valid=1.0000 routes=8.874 grad=3.5731 seconds=15.2
Epoch 2761/5000: score=10.980289 loss=-0.228324 valid=1.0000 routes=8.366 grad=3.8010 seconds=15.4
Epoch 2762/5000: score=10.606905 loss=-0.226649 valid=1.0000 routes=8.712 grad=3.6791 seconds=15.4
Epoch 2763/5000: score=10.533360 loss=-0.235332 valid=1.0000 routes=8.636 grad=3.7516 seconds=15.6
Epoch 2764/5000: score=10.623091 loss=-0.229542 valid=1.0000 routes=9.237 grad=3.8021 seconds=15.2
Epoch 2765/5000: score=10.493948 loss=-0.223632 valid=1.0000 routes=8.357 grad=3.6275 seconds=15.1
Epoch 2766/5000: score=10.707762 loss=-0.232023 valid=1.0000 routes=8.813 grad=3.7955 seconds=15.1
Epoch 2767/5000: score=10.594486 loss=-0.232977 valid=1.0000 routes=8.861 grad=3.6983 seconds=15.0
Epoch 2768/5000: score=10.648530 loss=-0.227086 valid=1.0000 routes=8.895 grad=3.8638 seconds=15.4
Epoch 2769/5000: score=10.923237 loss=-0.233679 valid=1.0000 routes=8.901 grad=3.9849 seconds=15.2
Epoch 2770/5000: score=10.297921 loss=-0.223310 valid=1.0000 routes=8.625 grad=3.5174 seconds=15.2
Epoch 2771/5000: score=10.371266 loss=-0.224869 valid=1.0000 routes=8.997 grad=3.5347 seconds=15.2
Epoch 2772/5000: score=10.331571 loss=-0.226012 valid=1.0000 routes=8.691 grad=3.4979 seconds=15.1
Epoch 2773/5000: score=10.281648 loss=-0.212898 valid=1.0000 routes=8.817 grad=3.4710 seconds=15.2
Epoch 2774/5000: score=10.792662 loss=-0.230268 valid=1.0000 routes=8.634 grad=3.7816 seconds=15.5
Epoch 2775/5000: score=10.711228 loss=-0.232424 valid=1.0000 routes=8.931 grad=3.8773 seconds=15.2
Epoch 2776/5000: score=10.436540 loss=-0.235079 valid=1.0000 routes=8.641 grad=3.6559 seconds=15.2
Epoch 2777/5000: score=10.285249 loss=-0.218548 valid=1.0000 routes=8.378 grad=3.4089 seconds=15.3
Epoch 2778/5000: score=10.323265 loss=-0.218815 valid=1.0000 routes=8.535 grad=3.4355 seconds=15.2
Epoch 2779/5000: score=10.551256 loss=-0.226260 valid=1.0000 routes=8.827 grad=3.6543 seconds=15.3
Epoch 2780/5000: score=10.466751 loss=-0.227185 valid=1.0000 routes=8.839 grad=3.7567 seconds=15.3
Epoch 2781/5000: score=10.891922 loss=-0.240291 valid=1.0000 routes=8.931 grad=3.9575 seconds=15.3
Epoch 2782/5000: score=10.587382 loss=-0.222082 valid=1.0000 routes=8.737 grad=3.6455 seconds=15.0
Epoch 2783/5000: score=10.783478 loss=-0.226468 valid=1.0000 routes=9.058 grad=3.7794 seconds=15.1
Epoch 2784/5000: score=10.766506 loss=-0.227949 valid=1.0000 routes=8.759 grad=3.7895 seconds=15.4
Epoch 2785/5000: score=10.437759 loss=-0.220081 valid=1.0000 routes=8.677 grad=3.4644 seconds=15.2
Epoch 2786/5000: score=10.529186 loss=-0.233294 valid=1.0000 routes=8.463 grad=3.7996 seconds=15.2
Epoch 2787/5000: score=10.291429 loss=-0.219922 valid=1.0000 routes=8.796 grad=3.5338 seconds=15.0
Epoch 2788/5000: score=11.061019 loss=-0.241885 valid=1.0000 routes=9.263 grad=3.9956 seconds=15.1
Epoch 2789/5000: score=10.843936 loss=-0.221075 valid=1.0000 routes=8.914 grad=3.6438 seconds=15.2
Epoch 2790/5000: score=10.472292 loss=-0.230897 valid=1.0000 routes=8.694 grad=3.7254 seconds=15.3
Epoch 2791/5000: score=10.386992 loss=-0.221512 valid=1.0000 routes=8.726 grad=3.6398 seconds=15.2
Epoch 2792/5000: score=10.718433 loss=-0.228668 valid=1.0000 routes=8.785 grad=3.7003 seconds=15.1
Epoch 2793/5000: score=10.592770 loss=-0.227832 valid=1.0000 routes=8.676 grad=3.7526 seconds=15.1
Epoch 2794/5000: score=10.273895 loss=-0.215742 valid=1.0000 routes=8.548 grad=3.5554 seconds=15.2
Epoch 2795/5000: score=10.617462 loss=-0.231412 valid=1.0000 routes=8.990 grad=3.7243 seconds=15.2
Epoch 2796/5000: score=10.644150 loss=-0.228359 valid=1.0000 routes=8.833 grad=3.6577 seconds=15.1
Epoch 2797/5000: score=10.700031 loss=-0.227248 valid=1.0000 routes=8.590 grad=3.9258 seconds=15.2
Epoch 2798/5000: score=10.594566 loss=-0.227913 valid=1.0000 routes=8.786 grad=3.7187 seconds=15.1
Epoch 2799/5000: score=10.164066 loss=-0.217547 valid=1.0000 routes=8.247 grad=3.2802 seconds=15.2
Epoch 2800/5000: score=10.700058 loss=-0.227474 valid=1.0000 routes=8.550 grad=3.7948 seconds=15.3
Epoch 2801/5000: score=10.723911 loss=-0.232096 valid=1.0000 routes=8.862 grad=3.7707 seconds=15.1
Epoch 2802/5000: score=10.488616 loss=-0.230915 valid=1.0000 routes=8.660 grad=3.8733 seconds=15.1
Epoch 2803/5000: score=10.682002 loss=-0.232817 valid=1.0000 routes=8.728 grad=3.8308 seconds=15.1
Epoch 2804/5000: score=10.567399 loss=-0.238388 valid=1.0000 routes=8.866 grad=3.7814 seconds=15.2
Epoch 2805/5000: score=10.690833 loss=-0.229212 valid=1.0000 routes=8.971 grad=3.6992 seconds=15.2
Epoch 2806/5000: score=11.107496 loss=-0.234138 valid=1.0000 routes=9.135 grad=3.9594 seconds=15.5
Epoch 2807/5000: score=10.611842 loss=-0.229647 valid=1.0000 routes=8.627 grad=3.7439 seconds=15.2
Epoch 2808/5000: score=10.505664 loss=-0.222106 valid=1.0000 routes=8.804 grad=3.6958 seconds=15.1
Epoch 2809/5000: score=10.738020 loss=-0.232391 valid=1.0000 routes=8.655 grad=3.7277 seconds=15.1
Epoch 2810/5000: score=10.579859 loss=-0.215940 valid=1.0000 routes=8.476 grad=3.6084 seconds=15.2
Epoch 2811/5000: score=10.474903 loss=-0.231522 valid=1.0000 routes=8.915 grad=3.7538 seconds=15.4
Epoch 2812/5000: score=10.987420 loss=-0.231217 valid=1.0000 routes=8.722 grad=3.9694 seconds=15.2
Epoch 2813/5000: score=10.769388 loss=-0.221913 valid=1.0000 routes=8.669 grad=3.6179 seconds=15.1
Epoch 2814/5000: score=10.669872 loss=-0.235141 valid=1.0000 routes=9.197 grad=4.0267 seconds=15.3
Epoch 2815/5000: score=10.862112 loss=-0.238485 valid=1.0000 routes=9.130 grad=4.0886 seconds=15.3
Epoch 2816/5000: score=10.946406 loss=-0.241070 valid=1.0000 routes=9.424 grad=4.1004 seconds=15.5
Epoch 2817/5000: score=10.699523 loss=-0.227290 valid=1.0000 routes=8.924 grad=3.7394 seconds=15.2
Epoch 2818/5000: score=10.457737 loss=-0.231523 valid=1.0000 routes=8.714 grad=3.7460 seconds=15.2
Epoch 2819/5000: score=10.569453 loss=-0.223570 valid=1.0000 routes=9.035 grad=3.6896 seconds=15.2
Epoch 2820/5000: score=10.556404 loss=-0.231958 valid=1.0000 routes=8.913 grad=3.8191 seconds=15.3
Epoch 2821/5000: score=10.457724 loss=-0.232696 valid=1.0000 routes=8.697 grad=3.6511 seconds=15.4
Epoch 2822/5000: score=10.619705 loss=-0.232816 valid=1.0000 routes=8.965 grad=3.7834 seconds=15.3
Epoch 2823/5000: score=10.585767 loss=-0.226885 valid=1.0000 routes=8.592 grad=3.8291 seconds=15.3
Epoch 2824/5000: score=10.320509 loss=-0.221107 valid=1.0000 routes=8.517 grad=3.6717 seconds=15.3
Epoch 2825/5000: score=11.049401 loss=-0.243318 valid=1.0000 routes=9.013 grad=4.1980 seconds=15.2
Epoch 2826/5000: score=10.764078 loss=-0.233126 valid=1.0000 routes=8.571 grad=3.7960 seconds=15.2
Epoch 2827/5000: score=10.729414 loss=-0.231258 valid=1.0000 routes=8.896 grad=3.8399 seconds=15.5
Epoch 2828/5000: score=10.589184 loss=-0.232543 valid=1.0000 routes=8.832 grad=3.8177 seconds=15.2
Epoch 2829/5000: score=10.398306 loss=-0.213066 valid=1.0000 routes=8.528 grad=3.5394 seconds=15.1
Epoch 2830/5000: score=10.400236 loss=-0.212086 valid=1.0000 routes=8.683 grad=3.4328 seconds=15.3
Epoch 2831/5000: score=10.855668 loss=-0.242350 valid=1.0000 routes=8.954 grad=3.9152 seconds=15.3
Epoch 2832/5000: score=10.717188 loss=-0.225947 valid=1.0000 routes=8.870 grad=3.8051 seconds=15.5
Epoch 2833/5000: score=10.984938 loss=-0.235858 valid=1.0000 routes=8.724 grad=4.0681 seconds=15.4
Epoch 2834/5000: score=10.535413 loss=-0.224912 valid=1.0000 routes=8.898 grad=3.5423 seconds=15.3
Epoch 2835/5000: score=10.108287 loss=-0.214896 valid=1.0000 routes=8.485 grad=3.4000 seconds=15.4
Epoch 2836/5000: score=10.297465 loss=-0.220121 valid=1.0000 routes=8.576 grad=3.5584 seconds=15.3
Epoch 2837/5000: score=10.441002 loss=-0.221460 valid=1.0000 routes=8.930 grad=3.5370 seconds=15.3
Epoch 2838/5000: score=10.744172 loss=-0.224773 valid=1.0000 routes=8.725 grad=3.8782 seconds=15.4
Epoch 2839/5000: score=10.552875 loss=-0.228960 valid=1.0000 routes=8.869 grad=3.7061 seconds=15.3
Epoch 2840/5000: score=10.465352 loss=-0.223472 valid=1.0000 routes=8.646 grad=3.4880 seconds=15.3
Epoch 2841/5000: score=10.663984 loss=-0.233914 valid=1.0000 routes=8.994 grad=3.9474 seconds=15.4
Epoch 2842/5000: score=10.525748 loss=-0.228944 valid=1.0000 routes=8.654 grad=3.6937 seconds=15.4
Epoch 2843/5000: score=10.480279 loss=-0.232028 valid=1.0000 routes=8.784 grad=3.7443 seconds=15.5
Epoch 2844/5000: score=10.197679 loss=-0.217575 valid=1.0000 routes=8.637 grad=3.6260 seconds=15.3
Epoch 2845/5000: score=10.532662 loss=-0.218329 valid=1.0000 routes=8.550 grad=3.7052 seconds=15.4
Epoch 2846/5000: score=10.745714 loss=-0.230279 valid=1.0000 routes=8.545 grad=3.7817 seconds=15.3
Epoch 2847/5000: score=10.935870 loss=-0.227865 valid=1.0000 routes=8.896 grad=3.8491 seconds=15.3
Epoch 2848/5000: score=10.319759 loss=-0.220275 valid=1.0000 routes=8.460 grad=3.5381 seconds=15.6
Epoch 2849/5000: score=10.318846 loss=-0.225049 valid=1.0000 routes=8.468 grad=3.6235 seconds=15.2
Epoch 2850/5000: score=10.562702 loss=-0.231917 valid=1.0000 routes=8.374 grad=3.8272 seconds=15.3
Epoch 2851/5000: score=10.761263 loss=-0.244636 valid=1.0000 routes=9.106 grad=4.0738 seconds=15.3
Epoch 2852/5000: score=10.814300 loss=-0.223469 valid=1.0000 routes=8.537 grad=3.7922 seconds=15.1
Epoch 2853/5000: score=10.797018 loss=-0.239912 valid=1.0000 routes=8.771 grad=4.0076 seconds=15.4
Epoch 2854/5000: score=10.678991 loss=-0.222453 valid=1.0000 routes=9.127 grad=3.7355 seconds=15.3
Epoch 2855/5000: score=10.450385 loss=-0.219121 valid=1.0000 routes=8.231 grad=3.5524 seconds=15.4
Epoch 2856/5000: score=10.561986 loss=-0.223568 valid=1.0000 routes=8.575 grad=3.5546 seconds=15.2
Epoch 2857/5000: score=10.504919 loss=-0.220523 valid=1.0000 routes=8.464 grad=3.6458 seconds=15.2
Epoch 2858/5000: score=10.408738 loss=-0.216561 valid=1.0000 routes=8.784 grad=3.6099 seconds=15.3
Epoch 2859/5000: score=10.210095 loss=-0.223942 valid=1.0000 routes=8.743 grad=3.5932 seconds=15.3
Epoch 2860/5000: score=10.153404 loss=-0.213831 valid=1.0000 routes=8.350 grad=3.3187 seconds=15.2
Epoch 2861/5000: score=10.514344 loss=-0.228103 valid=1.0000 routes=8.528 grad=3.6159 seconds=15.1
Epoch 2862/5000: score=10.423707 loss=-0.221357 valid=1.0000 routes=8.481 grad=3.5191 seconds=15.2
Epoch 2863/5000: score=11.087730 loss=-0.233626 valid=1.0000 routes=8.641 grad=3.9603 seconds=15.2
Epoch 2864/5000: score=10.417755 loss=-0.227419 valid=1.0000 routes=8.846 grad=3.7267 seconds=15.4
Epoch 2865/5000: score=10.533606 loss=-0.225307 valid=1.0000 routes=9.101 grad=3.7999 seconds=15.4
Epoch 2866/5000: score=10.644604 loss=-0.223104 valid=1.0000 routes=8.817 grad=3.5997 seconds=15.2
Epoch 2867/5000: score=10.447768 loss=-0.226346 valid=1.0000 routes=8.791 grad=3.6710 seconds=15.2
Epoch 2868/5000: score=10.458647 loss=-0.222741 valid=1.0000 routes=8.497 grad=3.6609 seconds=15.3
Epoch 2869/5000: score=10.456042 loss=-0.233078 valid=1.0000 routes=8.553 grad=3.8082 seconds=15.4
Epoch 2870/5000: score=10.825118 loss=-0.240914 valid=1.0000 routes=8.986 grad=3.9881 seconds=15.2
Epoch 2871/5000: score=10.367400 loss=-0.224312 valid=1.0000 routes=8.729 grad=3.5823 seconds=15.2
Epoch 2872/5000: score=10.574666 loss=-0.222369 valid=1.0000 routes=8.866 grad=3.6855 seconds=15.2
Epoch 2873/5000: score=10.701428 loss=-0.229105 valid=1.0000 routes=9.109 grad=3.7250 seconds=15.2
Epoch 2874/5000: score=10.826794 loss=-0.238827 valid=1.0000 routes=8.316 grad=3.9875 seconds=15.6
Epoch 2875/5000: score=10.505190 loss=-0.229911 valid=1.0000 routes=8.619 grad=3.6925 seconds=15.5
Epoch 2876/5000: score=10.228771 loss=-0.220745 valid=1.0000 routes=8.620 grad=3.5461 seconds=15.2
Epoch 2877/5000: score=10.324192 loss=-0.220324 valid=1.0000 routes=8.927 grad=3.6465 seconds=15.3
Epoch 2878/5000: score=10.383774 loss=-0.222133 valid=1.0000 routes=8.921 grad=3.5831 seconds=15.1
Epoch 2879/5000: score=10.694834 loss=-0.231323 valid=1.0000 routes=9.003 grad=3.8056 seconds=15.3
Epoch 2880/5000: score=10.836720 loss=-0.227824 valid=1.0000 routes=9.136 grad=3.8180 seconds=15.3
Epoch 2881/5000: score=10.512483 loss=-0.228331 valid=1.0000 routes=8.952 grad=3.6379 seconds=15.2
Epoch 2882/5000: score=10.872693 loss=-0.232429 valid=1.0000 routes=8.475 grad=3.7490 seconds=15.1
Epoch 2883/5000: score=10.014581 loss=-0.217298 valid=1.0000 routes=8.329 grad=3.3631 seconds=15.4
Epoch 2884/5000: score=10.624533 loss=-0.226124 valid=1.0000 routes=9.140 grad=3.8052 seconds=15.2
Epoch 2885/5000: score=10.500035 loss=-0.227977 valid=1.0000 routes=8.576 grad=3.5815 seconds=15.5
Epoch 2886/5000: score=10.296158 loss=-0.221676 valid=1.0000 routes=8.766 grad=3.6684 seconds=15.3
Epoch 2887/5000: score=10.844394 loss=-0.233668 valid=1.0000 routes=9.012 grad=4.0002 seconds=15.3
Epoch 2888/5000: score=10.231315 loss=-0.219183 valid=1.0000 routes=8.431 grad=3.6199 seconds=15.2
Epoch 2889/5000: score=10.487584 loss=-0.218661 valid=1.0000 routes=8.651 grad=3.7566 seconds=15.1
Epoch 2890/5000: score=10.996174 loss=-0.248407 valid=1.0000 routes=9.221 grad=4.1861 seconds=15.4
Epoch 2891/5000: score=10.668218 loss=-0.226606 valid=1.0000 routes=8.938 grad=3.7286 seconds=15.2
Epoch 2892/5000: score=10.485152 loss=-0.230565 valid=1.0000 routes=9.021 grad=3.6539 seconds=15.3
Epoch 2893/5000: score=10.817421 loss=-0.241715 valid=1.0000 routes=9.256 grad=3.9810 seconds=15.4
Epoch 2894/5000: score=10.719403 loss=-0.235211 valid=1.0000 routes=8.891 grad=3.7665 seconds=15.4
Epoch 2895/5000: score=10.593775 loss=-0.223531 valid=1.0000 routes=9.064 grad=3.7554 seconds=15.3
Epoch 2896/5000: score=10.232112 loss=-0.214694 valid=1.0000 routes=8.435 grad=3.2327 seconds=15.6
Epoch 2897/5000: score=10.359535 loss=-0.227363 valid=1.0000 routes=8.673 grad=3.5570 seconds=15.3
Epoch 2898/5000: score=10.556817 loss=-0.214419 valid=1.0000 routes=8.550 grad=3.4961 seconds=15.1
Epoch 2899/5000: score=10.848944 loss=-0.230085 valid=1.0000 routes=8.588 grad=3.7736 seconds=15.3
Epoch 2900/5000: score=10.791209 loss=-0.229366 valid=1.0000 routes=9.034 grad=3.7822 seconds=15.4
Epoch 2901/5000: score=10.531100 loss=-0.228224 valid=1.0000 routes=8.819 grad=3.8131 seconds=15.5
Epoch 2902/5000: score=10.436247 loss=-0.230554 valid=1.0000 routes=8.683 grad=3.7397 seconds=15.3
Epoch 2903/5000: score=10.389325 loss=-0.219811 valid=1.0000 routes=8.421 grad=3.6168 seconds=15.3
Epoch 2904/5000: score=10.665493 loss=-0.236100 valid=1.0000 routes=8.933 grad=3.9446 seconds=15.2
Epoch 2905/5000: score=10.843811 loss=-0.237416 valid=1.0000 routes=8.908 grad=3.8545 seconds=15.4
Epoch 2906/5000: score=10.236703 loss=-0.218693 valid=1.0000 routes=9.091 grad=3.5220 seconds=15.5
Epoch 2907/5000: score=10.852695 loss=-0.239129 valid=1.0000 routes=8.648 grad=3.8317 seconds=15.4
Epoch 2908/5000: score=10.903850 loss=-0.242235 valid=1.0000 routes=9.107 grad=4.0037 seconds=15.5
Epoch 2909/5000: score=10.474542 loss=-0.224062 valid=1.0000 routes=8.613 grad=3.6275 seconds=15.4
Epoch 2910/5000: score=10.666693 loss=-0.236006 valid=1.0000 routes=8.898 grad=3.8748 seconds=15.4
Epoch 2911/5000: score=10.541320 loss=-0.224561 valid=1.0000 routes=8.861 grad=3.7050 seconds=15.2
Epoch 2912/5000: score=10.613172 loss=-0.222280 valid=1.0000 routes=8.934 grad=3.6797 seconds=15.3
Epoch 2913/5000: score=11.045356 loss=-0.234179 valid=1.0000 routes=8.753 grad=3.8415 seconds=15.3
Epoch 2914/5000: score=10.733800 loss=-0.233972 valid=1.0000 routes=8.983 grad=3.9028 seconds=15.3
Epoch 2915/5000: score=10.873878 loss=-0.233542 valid=1.0000 routes=8.728 grad=3.7258 seconds=15.3
Epoch 2916/5000: score=10.784369 loss=-0.220645 valid=1.0000 routes=8.708 grad=3.7938 seconds=15.3
Epoch 2917/5000: score=10.406347 loss=-0.223267 valid=1.0000 routes=8.759 grad=3.6105 seconds=15.4
Epoch 2918/5000: score=10.727425 loss=-0.230449 valid=1.0000 routes=8.886 grad=3.9201 seconds=15.2
Epoch 2919/5000: score=10.358665 loss=-0.218281 valid=1.0000 routes=8.662 grad=3.5107 seconds=15.1
Epoch 2920/5000: score=10.213426 loss=-0.209313 valid=1.0000 routes=8.220 grad=3.3268 seconds=15.1
Epoch 2921/5000: score=10.349812 loss=-0.221948 valid=1.0000 routes=8.384 grad=3.4385 seconds=15.1
Epoch 2922/5000: score=10.493770 loss=-0.229433 valid=1.0000 routes=8.370 grad=3.6423 seconds=15.3
Epoch 2923/5000: score=10.260931 loss=-0.216782 valid=1.0000 routes=8.418 grad=3.5074 seconds=15.3
Epoch 2924/5000: score=10.420981 loss=-0.224876 valid=1.0000 routes=8.476 grad=3.6262 seconds=15.3
Epoch 2925/5000: score=10.457162 loss=-0.226183 valid=1.0000 routes=8.562 grad=3.6051 seconds=15.2
Epoch 2926/5000: score=10.541117 loss=-0.223866 valid=1.0000 routes=8.479 grad=3.5380 seconds=15.4
Epoch 2927/5000: score=10.600914 loss=-0.228536 valid=1.0000 routes=8.864 grad=3.7299 seconds=15.2
Epoch 2928/5000: score=10.375999 loss=-0.217688 valid=1.0000 routes=8.828 grad=3.6521 seconds=15.2
Epoch 2929/5000: score=10.829433 loss=-0.225389 valid=1.0000 routes=9.147 grad=3.8002 seconds=15.1
Epoch 2930/5000: score=10.698409 loss=-0.231407 valid=1.0000 routes=8.686 grad=3.7768 seconds=15.0
Epoch 2931/5000: score=10.691280 loss=-0.224303 valid=1.0000 routes=8.598 grad=3.5940 seconds=15.3
Epoch 2932/5000: score=10.754772 loss=-0.237091 valid=1.0000 routes=9.201 grad=4.0960 seconds=15.4
Epoch 2933/5000: score=10.531575 loss=-0.232919 valid=1.0000 routes=9.151 grad=3.8468 seconds=15.6
Epoch 2934/5000: score=10.756321 loss=-0.230407 valid=1.0000 routes=9.070 grad=3.8049 seconds=15.3
Epoch 2935/5000: score=10.140558 loss=-0.218210 valid=1.0000 routes=8.492 grad=3.5431 seconds=15.3
Epoch 2936/5000: score=10.566092 loss=-0.227671 valid=1.0000 routes=8.513 grad=3.6174 seconds=15.4
Epoch 2937/5000: score=11.092851 loss=-0.237994 valid=1.0000 routes=8.651 grad=3.9741 seconds=15.3
Epoch 2938/5000: score=11.006052 loss=-0.232581 valid=1.0000 routes=9.063 grad=3.9707 seconds=15.5
Epoch 2939/5000: score=10.296899 loss=-0.226850 valid=1.0000 routes=8.807 grad=3.5611 seconds=15.4
Epoch 2940/5000: score=10.358879 loss=-0.214199 valid=1.0000 routes=8.716 grad=3.4734 seconds=15.4
Epoch 2941/5000: score=10.724514 loss=-0.235683 valid=1.0000 routes=9.106 grad=3.9958 seconds=15.3
Epoch 2942/5000: score=10.870821 loss=-0.226812 valid=1.0000 routes=8.677 grad=3.8011 seconds=15.3
Epoch 2943/5000: score=10.541423 loss=-0.223245 valid=1.0000 routes=8.590 grad=3.7700 seconds=15.5
Epoch 2944/5000: score=10.718712 loss=-0.227314 valid=1.0000 routes=8.865 grad=3.8457 seconds=15.2
Epoch 2945/5000: score=10.825795 loss=-0.228318 valid=1.0000 routes=8.867 grad=3.7974 seconds=15.2
Epoch 2946/5000: score=10.360868 loss=-0.222147 valid=1.0000 routes=8.787 grad=3.5746 seconds=15.2
Epoch 2947/5000: score=10.910221 loss=-0.234335 valid=1.0000 routes=9.105 grad=3.8755 seconds=15.3
Epoch 2948/5000: score=10.571921 loss=-0.215515 valid=1.0000 routes=8.709 grad=3.6063 seconds=15.2
Epoch 2949/5000: score=10.555259 loss=-0.225300 valid=1.0000 routes=8.804 grad=3.5811 seconds=15.3
Epoch 2950/5000: score=10.573963 loss=-0.221358 valid=1.0000 routes=8.699 grad=3.5756 seconds=15.1
Epoch 2951/5000: score=10.421364 loss=-0.224888 valid=1.0000 routes=8.847 grad=3.7096 seconds=15.2
Epoch 2952/5000: score=10.627098 loss=-0.218419 valid=1.0000 routes=8.675 grad=3.5915 seconds=15.2
Epoch 2953/5000: score=10.279020 loss=-0.222639 valid=1.0000 routes=8.679 grad=3.5572 seconds=15.2
Epoch 2954/5000: score=10.686713 loss=-0.227385 valid=1.0000 routes=8.783 grad=3.6531 seconds=15.4
Epoch 2955/5000: score=10.744376 loss=-0.218333 valid=1.0000 routes=8.774 grad=3.7226 seconds=15.1
Epoch 2956/5000: score=10.820961 loss=-0.225614 valid=1.0000 routes=9.205 grad=3.9454 seconds=15.3
Epoch 2957/5000: score=10.568363 loss=-0.226542 valid=1.0000 routes=8.662 grad=3.7197 seconds=15.1
Epoch 2958/5000: score=10.456208 loss=-0.221073 valid=1.0000 routes=8.649 grad=3.5496 seconds=15.1
Epoch 2959/5000: score=9.921541 loss=-0.211784 valid=1.0000 routes=8.287 grad=3.4377 seconds=15.3
Epoch 2960/5000: score=10.330698 loss=-0.224663 valid=1.0000 routes=8.538 grad=3.6447 seconds=15.4
Epoch 2961/5000: score=10.617584 loss=-0.234160 valid=1.0000 routes=8.805 grad=3.8729 seconds=15.3
Epoch 2962/5000: score=10.105390 loss=-0.227560 valid=1.0000 routes=8.538 grad=3.5166 seconds=15.3
Epoch 2963/5000: score=10.387391 loss=-0.215783 valid=1.0000 routes=8.759 grad=3.5184 seconds=15.4
>> Invalid instances, Re-generating ...
Epoch 2964/5000: score=10.124341 loss=-0.214174 valid=1.0000 routes=8.667 grad=3.4223 seconds=15.3
Epoch 2965/5000: score=10.013382 loss=-0.212571 valid=1.0000 routes=8.169 grad=3.2410 seconds=15.4
Epoch 2966/5000: score=11.013104 loss=-0.235639 valid=1.0000 routes=8.774 grad=3.9397 seconds=15.3
Epoch 2967/5000: score=10.515077 loss=-0.224175 valid=1.0000 routes=8.278 grad=3.6180 seconds=15.3
Epoch 2968/5000: score=10.453717 loss=-0.229475 valid=1.0000 routes=8.562 grad=3.6232 seconds=15.4
Epoch 2969/5000: score=10.825904 loss=-0.237972 valid=1.0000 routes=9.064 grad=3.9385 seconds=15.5
Epoch 2970/5000: score=10.866509 loss=-0.231023 valid=1.0000 routes=8.601 grad=3.7699 seconds=15.6
Epoch 2971/5000: score=10.341831 loss=-0.229605 valid=1.0000 routes=8.691 grad=3.7524 seconds=15.4
Epoch 2972/5000: score=10.677598 loss=-0.217002 valid=1.0000 routes=8.296 grad=3.5472 seconds=15.2
Epoch 2973/5000: score=9.944911 loss=-0.208537 valid=1.0000 routes=8.275 grad=3.3305 seconds=15.4
Epoch 2974/5000: score=10.411317 loss=-0.230898 valid=1.0000 routes=8.959 grad=3.7006 seconds=15.3
Epoch 2975/5000: score=10.586273 loss=-0.221405 valid=1.0000 routes=8.895 grad=3.6156 seconds=15.5
Epoch 2976/5000: score=10.945689 loss=-0.232587 valid=1.0000 routes=9.204 grad=4.0619 seconds=15.3
Epoch 2977/5000: score=10.644294 loss=-0.234777 valid=1.0000 routes=8.683 grad=3.7975 seconds=15.2
Epoch 2978/5000: score=10.756490 loss=-0.226218 valid=1.0000 routes=8.453 grad=3.7743 seconds=15.2
Epoch 2979/5000: score=10.695714 loss=-0.225690 valid=1.0000 routes=8.705 grad=3.8458 seconds=15.3
Epoch 2980/5000: score=10.491126 loss=-0.225664 valid=1.0000 routes=8.790 grad=3.6391 seconds=15.2
Epoch 2981/5000: score=11.171331 loss=-0.240942 valid=1.0000 routes=9.108 grad=4.1685 seconds=15.5
Epoch 2982/5000: score=10.824370 loss=-0.238791 valid=1.0000 routes=9.362 grad=4.0517 seconds=15.2
Epoch 2983/5000: score=10.864385 loss=-0.236261 valid=1.0000 routes=8.513 grad=4.1377 seconds=15.5
Epoch 2984/5000: score=10.807894 loss=-0.226169 valid=1.0000 routes=9.001 grad=3.8085 seconds=15.2
Epoch 2985/5000: score=10.856095 loss=-0.237005 valid=1.0000 routes=9.028 grad=3.9455 seconds=15.4
Epoch 2986/5000: score=10.735068 loss=-0.223812 valid=1.0000 routes=8.881 grad=3.7269 seconds=15.5
Epoch 2987/5000: score=10.596806 loss=-0.222163 valid=1.0000 routes=8.601 grad=3.7055 seconds=15.3
Epoch 2988/5000: score=10.479780 loss=-0.218325 valid=1.0000 routes=8.518 grad=3.5773 seconds=15.4
Epoch 2989/5000: score=10.985489 loss=-0.235644 valid=1.0000 routes=8.799 grad=3.9520 seconds=15.5
Epoch 2990/5000: score=10.772234 loss=-0.222515 valid=1.0000 routes=8.780 grad=3.6122 seconds=15.3
Epoch 2991/5000: score=10.178725 loss=-0.226060 valid=1.0000 routes=8.861 grad=3.5578 seconds=15.6
Epoch 2992/5000: score=10.988630 loss=-0.232329 valid=1.0000 routes=8.602 grad=3.9341 seconds=15.4
Epoch 2993/5000: score=10.254399 loss=-0.206386 valid=1.0000 routes=8.261 grad=3.3545 seconds=15.3
Epoch 2994/5000: score=10.551200 loss=-0.219072 valid=1.0000 routes=8.387 grad=3.6138 seconds=15.4
Epoch 2995/5000: score=10.627860 loss=-0.233829 valid=1.0000 routes=9.133 grad=4.0146 seconds=15.4
Epoch 2996/5000: score=10.368508 loss=-0.223373 valid=1.0000 routes=9.056 grad=3.6294 seconds=15.4
Epoch 2997/5000: score=10.639090 loss=-0.234836 valid=1.0000 routes=8.852 grad=3.7768 seconds=15.4
Epoch 2998/5000: score=10.293768 loss=-0.224436 valid=1.0000 routes=8.961 grad=3.6746 seconds=15.4
Epoch 2999/5000: score=10.467432 loss=-0.221422 valid=1.0000 routes=8.459 grad=3.5145 seconds=15.4
Epoch 3000/5000: score=10.296813 loss=-0.214775 valid=1.0000 routes=8.511 grad=3.5021 seconds=15.3
Epoch 3001/5000: score=10.878416 loss=-0.241752 valid=1.0000 routes=9.244 grad=4.1065 seconds=15.5
Epoch 3002/5000: score=10.375649 loss=-0.219148 valid=1.0000 routes=8.216 grad=3.4380 seconds=15.4
Epoch 3003/5000: score=10.655901 loss=-0.231273 valid=1.0000 routes=9.175 grad=3.8850 seconds=15.3
Epoch 3004/5000: score=10.150734 loss=-0.222971 valid=1.0000 routes=8.910 grad=3.5407 seconds=15.3
Epoch 3005/5000: score=10.593885 loss=-0.223405 valid=1.0000 routes=8.633 grad=3.7479 seconds=15.3
Epoch 3006/5000: score=10.318448 loss=-0.216969 valid=1.0000 routes=8.534 grad=3.5698 seconds=15.4
Epoch 3007/5000: score=11.018786 loss=-0.237442 valid=1.0000 routes=9.063 grad=3.9760 seconds=15.5
Epoch 3008/5000: score=10.340235 loss=-0.215562 valid=1.0000 routes=8.835 grad=3.6609 seconds=15.3
Epoch 3009/5000: score=10.199262 loss=-0.213311 valid=1.0000 routes=8.579 grad=3.4057 seconds=15.3
Epoch 3010/5000: score=10.784931 loss=-0.243024 valid=1.0000 routes=8.774 grad=3.8651 seconds=15.3
Epoch 3011/5000: score=10.454808 loss=-0.228431 valid=1.0000 routes=8.807 grad=3.6412 seconds=15.4
>> Invalid instances, Re-generating ...
Epoch 3012/5000: score=11.017246 loss=-0.240650 valid=1.0000 routes=8.729 grad=4.1140 seconds=15.6
Epoch 3013/5000: score=10.734651 loss=-0.225268 valid=1.0000 routes=8.751 grad=3.7201 seconds=15.4
Epoch 3014/5000: score=10.855319 loss=-0.230013 valid=1.0000 routes=8.972 grad=3.8506 seconds=15.3
Epoch 3015/5000: score=10.397053 loss=-0.222614 valid=1.0000 routes=8.693 grad=3.5607 seconds=15.3
Epoch 3016/5000: score=10.774733 loss=-0.227070 valid=1.0000 routes=8.654 grad=3.6518 seconds=15.3
Epoch 3017/5000: score=10.356063 loss=-0.221883 valid=1.0000 routes=8.559 grad=3.6404 seconds=15.4
Epoch 3018/5000: score=10.769268 loss=-0.223210 valid=1.0000 routes=8.624 grad=3.8014 seconds=15.4
Epoch 3019/5000: score=10.326295 loss=-0.219100 valid=1.0000 routes=8.734 grad=3.4798 seconds=15.2
Epoch 3020/5000: score=10.512171 loss=-0.227980 valid=1.0000 routes=8.815 grad=3.7153 seconds=15.4
Epoch 3021/5000: score=10.765615 loss=-0.229126 valid=1.0000 routes=8.691 grad=3.7767 seconds=15.3
Epoch 3022/5000: score=10.387693 loss=-0.233918 valid=1.0000 routes=8.925 grad=3.7563 seconds=15.4
Epoch 3023/5000: score=10.461454 loss=-0.225153 valid=1.0000 routes=8.737 grad=3.8329 seconds=15.4
Epoch 3024/5000: score=10.910366 loss=-0.236490 valid=1.0000 routes=9.279 grad=4.0508 seconds=15.3
Epoch 3025/5000: score=10.350341 loss=-0.227110 valid=1.0000 routes=8.809 grad=3.7415 seconds=15.3
Epoch 3026/5000: score=10.419314 loss=-0.222151 valid=1.0000 routes=8.741 grad=3.7085 seconds=15.4
Epoch 3027/5000: score=10.505582 loss=-0.222722 valid=1.0000 routes=8.327 grad=3.5997 seconds=15.3
Epoch 3028/5000: score=10.479231 loss=-0.217636 valid=1.0000 routes=8.935 grad=3.6513 seconds=15.4
Epoch 3029/5000: score=10.459169 loss=-0.225697 valid=1.0000 routes=8.865 grad=3.5910 seconds=15.3
Epoch 3030/5000: score=10.556228 loss=-0.230522 valid=1.0000 routes=9.225 grad=3.7503 seconds=15.2
Epoch 3031/5000: score=10.726883 loss=-0.222372 valid=1.0000 routes=8.787 grad=3.7694 seconds=15.2
Epoch 3032/5000: score=10.598757 loss=-0.228052 valid=1.0000 routes=8.717 grad=3.8577 seconds=15.3
Epoch 3033/5000: score=10.245037 loss=-0.224214 valid=1.0000 routes=8.884 grad=3.6541 seconds=15.4
Epoch 3034/5000: score=10.820567 loss=-0.233562 valid=1.0000 routes=9.181 grad=3.9132 seconds=15.2
Epoch 3035/5000: score=10.423000 loss=-0.221705 valid=1.0000 routes=8.926 grad=3.6643 seconds=15.2
Epoch 3036/5000: score=10.514281 loss=-0.228007 valid=1.0000 routes=8.679 grad=3.7725 seconds=15.1
Epoch 3037/5000: score=10.264567 loss=-0.226168 valid=1.0000 routes=9.085 grad=3.6691 seconds=15.2
Epoch 3038/5000: score=10.782658 loss=-0.230964 valid=1.0000 routes=8.600 grad=3.7891 seconds=15.4
Epoch 3039/5000: score=10.586880 loss=-0.215303 valid=1.0000 routes=8.865 grad=3.7126 seconds=15.3
Epoch 3040/5000: score=10.656406 loss=-0.222253 valid=1.0000 routes=8.707 grad=3.8648 seconds=15.3
Epoch 3041/5000: score=10.616918 loss=-0.227829 valid=1.0000 routes=8.727 grad=3.7312 seconds=15.2
>> Invalid instances, Re-generating ...
Epoch 3042/5000: score=11.139458 loss=-0.231598 valid=1.0000 routes=9.155 grad=3.9956 seconds=15.2
Epoch 3043/5000: score=10.021899 loss=-0.216949 valid=1.0000 routes=8.307 grad=3.4851 seconds=15.2
Epoch 3044/5000: score=10.555739 loss=-0.231846 valid=1.0000 routes=8.832 grad=3.9273 seconds=15.4
Epoch 3045/5000: score=10.602711 loss=-0.225984 valid=1.0000 routes=8.686 grad=3.7425 seconds=15.3
Epoch 3046/5000: score=10.905052 loss=-0.233448 valid=1.0000 routes=8.704 grad=3.9540 seconds=15.4
Epoch 3047/5000: score=10.180335 loss=-0.219318 valid=1.0000 routes=8.855 grad=3.5244 seconds=15.1
Epoch 3048/5000: score=10.609154 loss=-0.231148 valid=1.0000 routes=8.836 grad=3.7135 seconds=15.3
Epoch 3049/5000: score=10.297874 loss=-0.212583 valid=1.0000 routes=8.613 grad=3.4932 seconds=15.4
Epoch 3050/5000: score=10.363645 loss=-0.215609 valid=1.0000 routes=8.337 grad=3.4247 seconds=15.0
Epoch 3051/5000: score=10.701960 loss=-0.225572 valid=1.0000 routes=8.633 grad=3.7076 seconds=15.2
Epoch 3052/5000: score=10.447309 loss=-0.229995 valid=1.0000 routes=8.906 grad=3.8605 seconds=15.3
Epoch 3053/5000: score=10.684013 loss=-0.221847 valid=1.0000 routes=8.709 grad=3.8917 seconds=15.3
Epoch 3054/5000: score=10.651011 loss=-0.230039 valid=1.0000 routes=8.749 grad=3.7442 seconds=15.3
Epoch 3055/5000: score=10.416463 loss=-0.222857 valid=1.0000 routes=8.924 grad=3.5033 seconds=15.3
Epoch 3056/5000: score=10.719435 loss=-0.230904 valid=1.0000 routes=8.936 grad=3.9119 seconds=15.3
Epoch 3057/5000: score=10.677765 loss=-0.231019 valid=1.0000 routes=8.590 grad=3.9721 seconds=15.2
Epoch 3058/5000: score=10.874927 loss=-0.232904 valid=1.0000 routes=9.032 grad=3.9666 seconds=15.2
Epoch 3059/5000: score=10.844028 loss=-0.228712 valid=1.0000 routes=8.684 grad=3.8742 seconds=15.4
Epoch 3060/5000: score=10.270417 loss=-0.216215 valid=1.0000 routes=8.524 grad=3.4517 seconds=15.5
Epoch 3061/5000: score=10.920510 loss=-0.229894 valid=1.0000 routes=9.053 grad=3.9262 seconds=15.4
Epoch 3062/5000: score=10.817889 loss=-0.239990 valid=1.0000 routes=8.945 grad=3.9905 seconds=15.3
Epoch 3063/5000: score=10.739959 loss=-0.234811 valid=1.0000 routes=9.075 grad=4.0201 seconds=15.3
Epoch 3064/5000: score=10.682376 loss=-0.236216 valid=1.0000 routes=8.727 grad=3.8184 seconds=15.4
Epoch 3065/5000: score=10.349364 loss=-0.217511 valid=1.0000 routes=8.780 grad=3.4465 seconds=15.4
Epoch 3066/5000: score=11.038984 loss=-0.236201 valid=1.0000 routes=8.981 grad=4.1283 seconds=15.2
Epoch 3067/5000: score=10.344412 loss=-0.224557 valid=1.0000 routes=8.551 grad=3.5986 seconds=15.4
Epoch 3068/5000: score=10.550390 loss=-0.228010 valid=1.0000 routes=8.667 grad=3.8379 seconds=15.3
Epoch 3069/5000: score=11.017786 loss=-0.236678 valid=1.0000 routes=8.783 grad=3.9941 seconds=15.3
Epoch 3070/5000: score=10.684259 loss=-0.222442 valid=1.0000 routes=8.536 grad=3.6869 seconds=15.3
Epoch 3071/5000: score=10.571141 loss=-0.222588 valid=1.0000 routes=8.305 grad=3.7222 seconds=15.4
Epoch 3072/5000: score=10.052620 loss=-0.206244 valid=1.0000 routes=8.456 grad=3.3139 seconds=15.1
Epoch 3073/5000: score=10.680407 loss=-0.233447 valid=1.0000 routes=9.093 grad=3.9190 seconds=15.2
Epoch 3074/5000: score=10.284521 loss=-0.225983 valid=1.0000 routes=9.010 grad=3.7700 seconds=15.2
Epoch 3075/5000: score=10.890400 loss=-0.229044 valid=1.0000 routes=9.008 grad=3.8200 seconds=15.2
Epoch 3076/5000: score=10.403933 loss=-0.216667 valid=1.0000 routes=8.621 grad=3.5514 seconds=15.4
Epoch 3077/5000: score=10.334657 loss=-0.226140 valid=1.0000 routes=8.916 grad=3.7021 seconds=15.3
Epoch 3078/5000: score=10.548545 loss=-0.219650 valid=1.0000 routes=8.635 grad=3.6197 seconds=15.2
Epoch 3079/5000: score=10.856946 loss=-0.242683 valid=1.0000 routes=9.188 grad=4.0577 seconds=15.2
Epoch 3080/5000: score=10.705044 loss=-0.233586 valid=1.0000 routes=8.959 grad=3.9968 seconds=15.3
Epoch 3081/5000: score=10.445683 loss=-0.228199 valid=1.0000 routes=9.085 grad=3.8132 seconds=15.4
Epoch 3082/5000: score=10.581270 loss=-0.227817 valid=1.0000 routes=8.762 grad=3.7415 seconds=15.4
Epoch 3083/5000: score=10.994106 loss=-0.229341 valid=1.0000 routes=8.948 grad=3.8603 seconds=15.3
Epoch 3084/5000: score=10.537487 loss=-0.225075 valid=1.0000 routes=8.755 grad=3.6538 seconds=15.3
Epoch 3085/5000: score=10.850041 loss=-0.224158 valid=1.0000 routes=8.575 grad=3.7028 seconds=15.3
Epoch 3086/5000: score=10.248924 loss=-0.226753 valid=1.0000 routes=8.807 grad=3.6380 seconds=15.5
Epoch 3087/5000: score=10.531313 loss=-0.234010 valid=1.0000 routes=8.502 grad=3.9135 seconds=15.7
Epoch 3088/5000: score=10.366518 loss=-0.223075 valid=1.0000 routes=8.566 grad=3.5597 seconds=15.4
Epoch 3089/5000: score=10.582443 loss=-0.232107 valid=1.0000 routes=8.935 grad=3.7844 seconds=15.4
Epoch 3090/5000: score=10.627404 loss=-0.222461 valid=1.0000 routes=8.593 grad=3.7272 seconds=15.3
Epoch 3091/5000: score=11.045298 loss=-0.233376 valid=1.0000 routes=8.971 grad=4.1197 seconds=15.3
Epoch 3092/5000: score=10.748402 loss=-0.236416 valid=1.0000 routes=8.875 grad=3.9540 seconds=15.6
Epoch 3093/5000: score=10.445906 loss=-0.224671 valid=1.0000 routes=8.899 grad=3.7783 seconds=15.4
Epoch 3094/5000: score=10.617058 loss=-0.229906 valid=1.0000 routes=8.635 grad=3.7489 seconds=15.4
Epoch 3095/5000: score=10.364502 loss=-0.227703 valid=1.0000 routes=9.138 grad=3.7774 seconds=15.5
Epoch 3096/5000: score=10.791315 loss=-0.228016 valid=1.0000 routes=8.729 grad=3.7919 seconds=15.4
Epoch 3097/5000: score=10.984283 loss=-0.240876 valid=1.0000 routes=8.965 grad=4.0252 seconds=15.5
Epoch 3098/5000: score=10.722695 loss=-0.232392 valid=1.0000 routes=8.788 grad=3.8869 seconds=15.4
Epoch 3099/5000: score=10.561654 loss=-0.228644 valid=1.0000 routes=8.720 grad=3.7165 seconds=15.4
Epoch 3100/5000: score=10.462301 loss=-0.221553 valid=1.0000 routes=8.784 grad=3.6705 seconds=15.5
Epoch 3101/5000: score=10.634147 loss=-0.223365 valid=1.0000 routes=8.730 grad=3.8622 seconds=15.4
Epoch 3102/5000: score=10.604023 loss=-0.227848 valid=1.0000 routes=8.908 grad=3.9303 seconds=15.6
Epoch 3103/5000: score=10.824562 loss=-0.234714 valid=1.0000 routes=9.056 grad=4.0186 seconds=15.4
Epoch 3104/5000: score=10.292179 loss=-0.226950 valid=1.0000 routes=8.678 grad=3.7036 seconds=15.4
Epoch 3105/5000: score=10.592840 loss=-0.221399 valid=1.0000 routes=8.513 grad=3.6147 seconds=15.4
Epoch 3106/5000: score=10.361883 loss=-0.220803 valid=1.0000 routes=8.611 grad=3.5206 seconds=15.3
Epoch 3107/5000: score=10.397887 loss=-0.219002 valid=1.0000 routes=8.820 grad=3.5768 seconds=15.6
Epoch 3108/5000: score=10.322131 loss=-0.217902 valid=1.0000 routes=8.788 grad=3.6712 seconds=15.3
Epoch 3109/5000: score=10.774285 loss=-0.223154 valid=1.0000 routes=8.763 grad=3.8228 seconds=15.3
Epoch 3110/5000: score=10.790658 loss=-0.223188 valid=1.0000 routes=8.970 grad=3.6827 seconds=15.2
Epoch 3111/5000: score=10.372433 loss=-0.218862 valid=1.0000 routes=9.129 grad=3.7172 seconds=15.2
Epoch 3112/5000: score=10.722020 loss=-0.219767 valid=1.0000 routes=8.568 grad=3.8218 seconds=15.3
Epoch 3113/5000: score=10.657653 loss=-0.223483 valid=1.0000 routes=8.617 grad=3.9401 seconds=15.4
Epoch 3114/5000: score=10.817582 loss=-0.241203 valid=1.0000 routes=8.767 grad=3.9376 seconds=15.5
Epoch 3115/5000: score=10.639155 loss=-0.221553 valid=1.0000 routes=8.653 grad=3.6060 seconds=15.3
Epoch 3116/5000: score=10.722664 loss=-0.225227 valid=1.0000 routes=8.915 grad=3.8118 seconds=15.4
Epoch 3117/5000: score=10.614215 loss=-0.227556 valid=1.0000 routes=8.758 grad=3.7497 seconds=15.3
Epoch 3118/5000: score=10.811814 loss=-0.232189 valid=1.0000 routes=9.033 grad=3.9900 seconds=15.7
Epoch 3119/5000: score=10.440164 loss=-0.228611 valid=1.0000 routes=9.125 grad=3.7498 seconds=15.3
Epoch 3120/5000: score=10.362107 loss=-0.219651 valid=1.0000 routes=8.576 grad=3.6063 seconds=15.5
Epoch 3121/5000: score=10.717419 loss=-0.225680 valid=1.0000 routes=9.170 grad=3.7765 seconds=15.3
Epoch 3122/5000: score=10.656775 loss=-0.220046 valid=1.0000 routes=8.551 grad=3.5817 seconds=15.3
Epoch 3123/5000: score=10.652798 loss=-0.223566 valid=1.0000 routes=8.830 grad=3.7197 seconds=15.6
Epoch 3124/5000: score=10.602288 loss=-0.232692 valid=1.0000 routes=8.500 grad=3.7975 seconds=15.4
Epoch 3125/5000: score=10.269131 loss=-0.218916 valid=1.0000 routes=8.601 grad=3.4909 seconds=15.3
Epoch 3126/5000: score=10.763587 loss=-0.234951 valid=1.0000 routes=9.106 grad=3.8489 seconds=15.2
Epoch 3127/5000: score=10.547143 loss=-0.224488 valid=1.0000 routes=8.399 grad=3.5743 seconds=15.1
Epoch 3128/5000: score=10.758340 loss=-0.232135 valid=1.0000 routes=8.806 grad=3.9645 seconds=15.4
Epoch 3129/5000: score=10.029910 loss=-0.215655 valid=1.0000 routes=8.269 grad=3.3787 seconds=15.5
Epoch 3130/5000: score=10.584063 loss=-0.228123 valid=1.0000 routes=8.746 grad=3.7096 seconds=15.2
Epoch 3131/5000: score=10.933234 loss=-0.234195 valid=1.0000 routes=8.763 grad=3.9393 seconds=15.3
Epoch 3132/5000: score=10.155622 loss=-0.221338 valid=1.0000 routes=8.895 grad=3.5320 seconds=15.4
Epoch 3133/5000: score=10.893913 loss=-0.224363 valid=1.0000 routes=8.757 grad=3.8711 seconds=15.2
Epoch 3134/5000: score=10.763034 loss=-0.227337 valid=1.0000 routes=9.009 grad=3.7849 seconds=15.3
Epoch 3135/5000: score=11.084394 loss=-0.231967 valid=1.0000 routes=8.833 grad=3.9471 seconds=15.1
Epoch 3136/5000: score=10.605124 loss=-0.223168 valid=1.0000 routes=8.495 grad=3.7554 seconds=15.2
Epoch 3137/5000: score=10.679262 loss=-0.225761 valid=1.0000 routes=8.567 grad=3.7155 seconds=15.1
Epoch 3138/5000: score=10.698259 loss=-0.230922 valid=1.0000 routes=8.984 grad=3.7675 seconds=15.2
Epoch 3139/5000: score=10.486533 loss=-0.222042 valid=1.0000 routes=8.406 grad=3.6121 seconds=15.4
Epoch 3140/5000: score=10.866670 loss=-0.231489 valid=1.0000 routes=8.762 grad=3.8254 seconds=15.0
Epoch 3141/5000: score=10.514544 loss=-0.228264 valid=1.0000 routes=8.993 grad=3.7547 seconds=15.1
Epoch 3142/5000: score=10.405533 loss=-0.221235 valid=1.0000 routes=9.138 grad=3.6219 seconds=15.1
Epoch 3143/5000: score=10.263512 loss=-0.224378 valid=1.0000 routes=8.413 grad=3.5579 seconds=15.1
Epoch 3144/5000: score=10.443897 loss=-0.219031 valid=1.0000 routes=8.877 grad=3.5409 seconds=15.1
Epoch 3145/5000: score=10.443694 loss=-0.231443 valid=1.0000 routes=8.688 grad=3.7518 seconds=15.3
Epoch 3146/5000: score=10.462039 loss=-0.225054 valid=1.0000 routes=8.888 grad=3.7869 seconds=15.3
Epoch 3147/5000: score=10.136353 loss=-0.213963 valid=1.0000 routes=8.546 grad=3.5446 seconds=15.2
Epoch 3148/5000: score=10.233939 loss=-0.218248 valid=1.0000 routes=8.529 grad=3.6094 seconds=15.1
Epoch 3149/5000: score=10.443500 loss=-0.216551 valid=1.0000 routes=8.852 grad=3.5470 seconds=15.1
Epoch 3150/5000: score=10.704385 loss=-0.224727 valid=1.0000 routes=8.933 grad=3.7438 seconds=15.2
Epoch 3151/5000: score=10.600095 loss=-0.230240 valid=1.0000 routes=8.918 grad=3.8577 seconds=15.2
Epoch 3152/5000: score=10.692485 loss=-0.222218 valid=1.0000 routes=8.585 grad=3.7179 seconds=15.4
Epoch 3153/5000: score=10.298853 loss=-0.228136 valid=1.0000 routes=8.755 grad=3.7156 seconds=15.4
Epoch 3154/5000: score=10.659093 loss=-0.223835 valid=1.0000 routes=8.326 grad=3.6320 seconds=15.3
Epoch 3155/5000: score=10.313055 loss=-0.231592 valid=1.0000 routes=9.199 grad=3.8233 seconds=15.7
Epoch 3156/5000: score=10.598770 loss=-0.218052 valid=1.0000 routes=8.588 grad=3.5073 seconds=15.4
Epoch 3157/5000: score=10.596479 loss=-0.239945 valid=1.0000 routes=8.720 grad=3.8676 seconds=15.5
Epoch 3158/5000: score=10.401850 loss=-0.221210 valid=1.0000 routes=8.473 grad=3.6529 seconds=15.3
Epoch 3159/5000: score=10.783833 loss=-0.228606 valid=1.0000 routes=8.851 grad=3.8474 seconds=15.4
Epoch 3160/5000: score=10.501070 loss=-0.228525 valid=1.0000 routes=8.723 grad=3.7831 seconds=15.4
Epoch 3161/5000: score=10.617169 loss=-0.231653 valid=1.0000 routes=8.717 grad=3.8503 seconds=15.5
Epoch 3162/5000: score=10.112668 loss=-0.214504 valid=1.0000 routes=8.566 grad=3.3556 seconds=15.3
Epoch 3163/5000: score=10.532882 loss=-0.221176 valid=1.0000 routes=8.776 grad=3.6288 seconds=15.3
Epoch 3164/5000: score=10.593425 loss=-0.227355 valid=1.0000 routes=8.323 grad=3.7261 seconds=15.3
Epoch 3165/5000: score=10.142848 loss=-0.220682 valid=1.0000 routes=8.721 grad=3.5243 seconds=15.2
Epoch 3166/5000: score=10.418819 loss=-0.221421 valid=1.0000 routes=8.635 grad=3.6553 seconds=15.7
Epoch 3167/5000: score=10.464004 loss=-0.229124 valid=1.0000 routes=8.678 grad=3.7382 seconds=15.3
Epoch 3168/5000: score=10.539808 loss=-0.225137 valid=1.0000 routes=8.726 grad=3.6706 seconds=15.3
Epoch 3169/5000: score=10.772923 loss=-0.234878 valid=1.0000 routes=8.363 grad=3.9356 seconds=15.5
Epoch 3170/5000: score=10.660916 loss=-0.230818 valid=1.0000 routes=8.734 grad=3.7854 seconds=15.3
Epoch 3171/5000: score=10.802780 loss=-0.225978 valid=1.0000 routes=9.274 grad=3.9583 seconds=15.7
Epoch 3172/5000: score=10.457287 loss=-0.217280 valid=1.0000 routes=8.763 grad=3.6354 seconds=15.2
Epoch 3173/5000: score=10.118992 loss=-0.208463 valid=1.0000 routes=8.867 grad=3.5102 seconds=15.2
Epoch 3174/5000: score=11.388465 loss=-0.240321 valid=1.0000 routes=9.044 grad=4.1594 seconds=15.2
Epoch 3175/5000: score=10.635369 loss=-0.228322 valid=1.0000 routes=8.505 grad=3.7679 seconds=15.2
>> Invalid instances, Re-generating ...
Epoch 3176/5000: score=10.683628 loss=-0.229103 valid=1.0000 routes=8.972 grad=3.8435 seconds=15.5
Epoch 3177/5000: score=10.407773 loss=-0.230270 valid=1.0000 routes=8.935 grad=3.7078 seconds=15.4
Epoch 3178/5000: score=10.888233 loss=-0.239264 valid=1.0000 routes=8.825 grad=4.1509 seconds=15.4
Epoch 3179/5000: score=10.542182 loss=-0.227482 valid=1.0000 routes=8.594 grad=3.8239 seconds=15.3
Epoch 3180/5000: score=10.609509 loss=-0.226625 valid=1.0000 routes=8.766 grad=3.7912 seconds=15.3
Epoch 3181/5000: score=10.488945 loss=-0.221735 valid=1.0000 routes=8.677 grad=3.6904 seconds=15.3
Epoch 3182/5000: score=10.396933 loss=-0.223717 valid=1.0000 routes=8.681 grad=3.7257 seconds=15.5
Epoch 3183/5000: score=10.419908 loss=-0.217259 valid=1.0000 routes=8.804 grad=3.5334 seconds=15.3
Epoch 3184/5000: score=10.825074 loss=-0.227921 valid=1.0000 routes=8.702 grad=3.8735 seconds=15.2
Epoch 3185/5000: score=10.596679 loss=-0.231781 valid=1.0000 routes=9.165 grad=3.7834 seconds=15.1
Epoch 3186/5000: score=10.598757 loss=-0.223032 valid=1.0000 routes=8.922 grad=3.7384 seconds=15.2
Epoch 3187/5000: score=10.360074 loss=-0.220244 valid=1.0000 routes=8.444 grad=3.6444 seconds=15.5
Epoch 3188/5000: score=10.480419 loss=-0.229999 valid=1.0000 routes=8.590 grad=3.8395 seconds=15.5
Epoch 3189/5000: score=10.718721 loss=-0.220135 valid=1.0000 routes=8.926 grad=3.7304 seconds=15.3
Epoch 3190/5000: score=10.029968 loss=-0.212229 valid=1.0000 routes=8.218 grad=3.3668 seconds=15.3
Epoch 3191/5000: score=10.679696 loss=-0.228112 valid=1.0000 routes=8.931 grad=3.9061 seconds=15.3
Epoch 3192/5000: score=10.821745 loss=-0.229501 valid=1.0000 routes=8.734 grad=3.7533 seconds=15.5
Epoch 3193/5000: score=10.678799 loss=-0.229919 valid=1.0000 routes=8.548 grad=3.9223 seconds=15.4
Epoch 3194/5000: score=10.312468 loss=-0.216648 valid=1.0000 routes=8.674 grad=3.4870 seconds=15.4
Epoch 3195/5000: score=10.901401 loss=-0.237508 valid=1.0000 routes=8.978 grad=4.0749 seconds=15.3
Epoch 3196/5000: score=10.514121 loss=-0.226231 valid=1.0000 routes=8.691 grad=3.7542 seconds=15.3
Epoch 3197/5000: score=10.578091 loss=-0.230088 valid=1.0000 routes=8.467 grad=3.8715 seconds=15.4
Epoch 3198/5000: score=10.829176 loss=-0.235988 valid=1.0000 routes=8.976 grad=3.9203 seconds=15.4
Epoch 3199/5000: score=11.051081 loss=-0.239801 valid=1.0000 routes=8.754 grad=4.1670 seconds=15.2
Epoch 3200/5000: score=10.537075 loss=-0.225043 valid=1.0000 routes=8.774 grad=3.6892 seconds=15.2
Epoch 3201/5000: score=10.398766 loss=-0.225790 valid=1.0000 routes=8.731 grad=3.7873 seconds=15.2
Epoch 3202/5000: score=9.940606 loss=-0.211942 valid=1.0000 routes=8.478 grad=3.4161 seconds=15.2
Epoch 3203/5000: score=10.236369 loss=-0.213608 valid=1.0000 routes=8.409 grad=3.6020 seconds=15.5
Epoch 3204/5000: score=10.257883 loss=-0.214601 valid=1.0000 routes=8.311 grad=3.4710 seconds=15.2
Epoch 3205/5000: score=10.689380 loss=-0.228434 valid=1.0000 routes=8.927 grad=3.9660 seconds=15.3
Epoch 3206/5000: score=10.546569 loss=-0.221579 valid=1.0000 routes=8.750 grad=3.5723 seconds=15.1
Epoch 3207/5000: score=10.586650 loss=-0.227776 valid=1.0000 routes=8.815 grad=3.9468 seconds=15.4
Epoch 3208/5000: score=10.174668 loss=-0.223049 valid=1.0000 routes=8.836 grad=3.5550 seconds=15.5
>> Invalid instances, Re-generating ...
Epoch 3209/5000: score=10.490292 loss=-0.223723 valid=1.0000 routes=8.723 grad=3.7262 seconds=15.4
Epoch 3210/5000: score=10.669960 loss=-0.221132 valid=1.0000 routes=9.340 grad=3.8393 seconds=15.2
Epoch 3211/5000: score=10.504895 loss=-0.224439 valid=1.0000 routes=8.813 grad=3.7615 seconds=15.3
Epoch 3212/5000: score=10.234650 loss=-0.216357 valid=1.0000 routes=8.604 grad=3.5550 seconds=15.1
Epoch 3213/5000: score=10.583202 loss=-0.233895 valid=1.0000 routes=9.057 grad=3.9829 seconds=15.4
Epoch 3214/5000: score=10.494122 loss=-0.223046 valid=1.0000 routes=8.514 grad=3.7010 seconds=15.5
Epoch 3215/5000: score=10.392441 loss=-0.222640 valid=1.0000 routes=8.850 grad=3.5967 seconds=15.2
Epoch 3216/5000: score=10.492144 loss=-0.224462 valid=1.0000 routes=8.447 grad=3.6173 seconds=15.2
Epoch 3217/5000: score=10.595130 loss=-0.226399 valid=1.0000 routes=8.768 grad=3.7987 seconds=15.3
Epoch 3218/5000: score=10.327930 loss=-0.229817 valid=1.0000 routes=8.845 grad=3.7064 seconds=15.4
Epoch 3219/5000: score=10.832833 loss=-0.228446 valid=1.0000 routes=8.775 grad=3.9383 seconds=15.5
Epoch 3220/5000: score=10.274019 loss=-0.216930 valid=1.0000 routes=8.965 grad=3.6091 seconds=15.2
Epoch 3221/5000: score=10.607347 loss=-0.229452 valid=1.0000 routes=9.012 grad=3.8646 seconds=15.3
Epoch 3222/5000: score=10.767433 loss=-0.221951 valid=1.0000 routes=8.537 grad=3.7672 seconds=15.2
Epoch 3223/5000: score=10.518585 loss=-0.224999 valid=1.0000 routes=8.662 grad=3.6976 seconds=15.3
Epoch 3224/5000: score=10.550945 loss=-0.227338 valid=1.0000 routes=8.819 grad=3.8505 seconds=15.5
Epoch 3225/5000: score=10.552027 loss=-0.220760 valid=1.0000 routes=8.500 grad=3.6237 seconds=15.4
Epoch 3226/5000: score=10.402660 loss=-0.223964 valid=1.0000 routes=8.852 grad=3.8167 seconds=15.2
Epoch 3227/5000: score=10.570586 loss=-0.221824 valid=1.0000 routes=8.470 grad=3.7129 seconds=15.4
Epoch 3228/5000: score=10.304949 loss=-0.229914 valid=1.0000 routes=8.961 grad=3.8065 seconds=15.4
Epoch 3229/5000: score=10.680572 loss=-0.222505 valid=1.0000 routes=8.476 grad=3.7661 seconds=15.4
Epoch 3230/5000: score=10.951164 loss=-0.231238 valid=1.0000 routes=9.063 grad=4.0021 seconds=15.2
Epoch 3231/5000: score=10.896120 loss=-0.236336 valid=1.0000 routes=8.584 grad=4.0347 seconds=15.3
Epoch 3232/5000: score=10.942493 loss=-0.230861 valid=1.0000 routes=8.680 grad=3.8872 seconds=15.2
Epoch 3233/5000: score=10.718665 loss=-0.221764 valid=1.0000 routes=8.964 grad=3.7886 seconds=15.2
Epoch 3234/5000: score=10.818506 loss=-0.233252 valid=1.0000 routes=9.073 grad=3.9836 seconds=15.4
Epoch 3235/5000: score=10.541578 loss=-0.226024 valid=1.0000 routes=8.764 grad=3.9324 seconds=15.5
Epoch 3236/5000: score=10.411601 loss=-0.217941 valid=1.0000 routes=8.571 grad=3.6546 seconds=15.2
Epoch 3237/5000: score=10.635171 loss=-0.221925 valid=1.0000 routes=8.533 grad=3.8270 seconds=15.2
Epoch 3238/5000: score=10.632338 loss=-0.225148 valid=1.0000 routes=9.002 grad=3.8584 seconds=15.2
Epoch 3239/5000: score=10.173059 loss=-0.213458 valid=1.0000 routes=8.515 grad=3.5089 seconds=15.1
Epoch 3240/5000: score=11.180421 loss=-0.231178 valid=1.0000 routes=8.633 grad=4.1500 seconds=15.4
Epoch 3241/5000: score=10.643343 loss=-0.225410 valid=1.0000 routes=8.700 grad=3.7272 seconds=15.3
Epoch 3242/5000: score=10.705433 loss=-0.227854 valid=1.0000 routes=8.820 grad=3.9989 seconds=15.4
Epoch 3243/5000: score=10.202852 loss=-0.214214 valid=1.0000 routes=9.060 grad=3.5835 seconds=15.2
Epoch 3244/5000: score=10.601515 loss=-0.225425 valid=1.0000 routes=8.684 grad=3.7743 seconds=15.2
Epoch 3245/5000: score=10.544550 loss=-0.226064 valid=1.0000 routes=8.708 grad=3.8706 seconds=15.3
Epoch 3246/5000: score=11.049371 loss=-0.235582 valid=1.0000 routes=8.885 grad=4.1112 seconds=15.4
Epoch 3247/5000: score=10.342825 loss=-0.224920 valid=1.0000 routes=8.901 grad=3.7537 seconds=15.3
Epoch 3248/5000: score=10.456759 loss=-0.217775 valid=1.0000 routes=8.792 grad=3.6107 seconds=15.2
Epoch 3249/5000: score=10.664873 loss=-0.231149 valid=1.0000 routes=8.850 grad=3.7453 seconds=15.4
Epoch 3250/5000: score=10.205449 loss=-0.224038 valid=1.0000 routes=8.700 grad=3.6929 seconds=15.4
Epoch 3251/5000: score=10.561382 loss=-0.222777 valid=1.0000 routes=8.756 grad=3.6978 seconds=15.7
Epoch 3252/5000: score=10.594748 loss=-0.219770 valid=1.0000 routes=9.118 grad=3.8497 seconds=15.4
Epoch 3253/5000: score=10.553335 loss=-0.222865 valid=1.0000 routes=8.704 grad=3.7042 seconds=15.4
Epoch 3254/5000: score=10.526091 loss=-0.221937 valid=1.0000 routes=8.757 grad=3.6613 seconds=15.4
Epoch 3255/5000: score=10.243679 loss=-0.217102 valid=1.0000 routes=8.805 grad=3.6299 seconds=15.6
Epoch 3256/5000: score=10.484179 loss=-0.218709 valid=1.0000 routes=8.482 grad=3.6500 seconds=15.6
Epoch 3257/5000: score=10.630610 loss=-0.226158 valid=1.0000 routes=8.777 grad=3.8511 seconds=15.6
Epoch 3258/5000: score=11.008968 loss=-0.237424 valid=1.0000 routes=9.092 grad=4.0050 seconds=15.4
Epoch 3259/5000: score=10.857199 loss=-0.238947 valid=1.0000 routes=9.007 grad=4.0672 seconds=15.4
Epoch 3260/5000: score=10.870653 loss=-0.228141 valid=1.0000 routes=8.356 grad=3.7522 seconds=15.3
Epoch 3261/5000: score=10.491612 loss=-0.216508 valid=1.0000 routes=8.353 grad=3.6750 seconds=15.5
Epoch 3262/5000: score=10.772566 loss=-0.231981 valid=1.0000 routes=8.987 grad=3.8648 seconds=15.4
Epoch 3263/5000: score=10.720407 loss=-0.227536 valid=1.0000 routes=8.973 grad=3.8512 seconds=15.4
Epoch 3264/5000: score=10.567600 loss=-0.211466 valid=1.0000 routes=8.643 grad=3.5523 seconds=15.4
Epoch 3265/5000: score=10.468559 loss=-0.221382 valid=1.0000 routes=8.618 grad=3.6459 seconds=15.5
Epoch 3266/5000: score=10.571285 loss=-0.216488 valid=1.0000 routes=8.548 grad=3.7047 seconds=15.3
Epoch 3267/5000: score=10.439646 loss=-0.216923 valid=1.0000 routes=8.635 grad=3.6308 seconds=15.5
Epoch 3268/5000: score=10.881314 loss=-0.227773 valid=1.0000 routes=8.813 grad=3.9547 seconds=15.4
Epoch 3269/5000: score=10.723517 loss=-0.226747 valid=1.0000 routes=8.711 grad=3.9139 seconds=15.3
Epoch 3270/5000: score=10.392872 loss=-0.219130 valid=1.0000 routes=8.623 grad=3.4944 seconds=15.4
Epoch 3271/5000: score=10.243703 loss=-0.218107 valid=1.0000 routes=8.939 grad=3.5831 seconds=15.1
Epoch 3272/5000: score=10.843940 loss=-0.234902 valid=1.0000 routes=8.847 grad=3.9641 seconds=15.6
Epoch 3273/5000: score=10.888813 loss=-0.236247 valid=1.0000 routes=9.270 grad=4.0054 seconds=15.3
Epoch 3274/5000: score=10.207501 loss=-0.213177 valid=1.0000 routes=8.716 grad=3.6170 seconds=15.3
Epoch 3275/5000: score=10.396619 loss=-0.214201 valid=1.0000 routes=8.898 grad=3.5607 seconds=15.3
Epoch 3276/5000: score=10.170472 loss=-0.207568 valid=1.0000 routes=8.839 grad=3.4373 seconds=15.3
Epoch 3277/5000: score=10.357983 loss=-0.224940 valid=1.0000 routes=8.223 grad=3.6191 seconds=15.5
Epoch 3278/5000: score=10.318787 loss=-0.220792 valid=1.0000 routes=8.273 grad=3.7108 seconds=15.3
Epoch 3279/5000: score=10.614197 loss=-0.224824 valid=1.0000 routes=8.817 grad=3.7192 seconds=15.3
Epoch 3280/5000: score=10.803971 loss=-0.228172 valid=1.0000 routes=9.012 grad=3.9761 seconds=15.4
Epoch 3281/5000: score=10.717095 loss=-0.220847 valid=1.0000 routes=8.698 grad=3.7784 seconds=15.4
Epoch 3282/5000: score=10.667456 loss=-0.221594 valid=1.0000 routes=8.563 grad=3.7417 seconds=15.4
Epoch 3283/5000: score=10.233661 loss=-0.221673 valid=1.0000 routes=8.735 grad=3.6227 seconds=15.5
Epoch 3284/5000: score=10.357520 loss=-0.222807 valid=1.0000 routes=8.860 grad=3.7855 seconds=15.4
Epoch 3285/5000: score=10.904832 loss=-0.227305 valid=1.0000 routes=9.220 grad=3.9133 seconds=15.3
Epoch 3286/5000: score=10.773576 loss=-0.229986 valid=1.0000 routes=9.050 grad=3.9942 seconds=15.3
Epoch 3287/5000: score=10.633855 loss=-0.223904 valid=1.0000 routes=8.678 grad=3.6740 seconds=15.2
Epoch 3288/5000: score=10.104335 loss=-0.211967 valid=1.0000 routes=8.776 grad=3.4248 seconds=15.4
Epoch 3289/5000: score=10.766178 loss=-0.230920 valid=1.0000 routes=8.543 grad=3.7892 seconds=15.2
Epoch 3290/5000: score=10.735850 loss=-0.228990 valid=1.0000 routes=9.016 grad=3.9228 seconds=15.3
Epoch 3291/5000: score=10.941462 loss=-0.237258 valid=1.0000 routes=8.944 grad=3.9653 seconds=15.3
Epoch 3292/5000: score=10.929855 loss=-0.230893 valid=1.0000 routes=9.028 grad=4.0572 seconds=15.2
Epoch 3293/5000: score=10.488449 loss=-0.216713 valid=1.0000 routes=8.324 grad=3.5716 seconds=15.5
Epoch 3294/5000: score=10.676569 loss=-0.220211 valid=1.0000 routes=8.630 grad=3.7400 seconds=15.3
Epoch 3295/5000: score=10.876798 loss=-0.236154 valid=1.0000 routes=8.952 grad=3.9172 seconds=15.3
Epoch 3296/5000: score=10.020742 loss=-0.210824 valid=1.0000 routes=8.558 grad=3.3562 seconds=15.3
Epoch 3297/5000: score=11.191863 loss=-0.231078 valid=1.0000 routes=8.676 grad=3.9994 seconds=15.3
Epoch 3298/5000: score=10.851328 loss=-0.232471 valid=1.0000 routes=8.591 grad=4.1210 seconds=15.3
Epoch 3299/5000: score=10.806431 loss=-0.229107 valid=1.0000 routes=8.833 grad=3.7748 seconds=15.3
Epoch 3300/5000: score=10.850187 loss=-0.228866 valid=1.0000 routes=8.808 grad=3.9193 seconds=15.3
Epoch 3301/5000: score=10.737567 loss=-0.220518 valid=1.0000 routes=8.704 grad=3.8601 seconds=15.2
Epoch 3302/5000: score=10.397706 loss=-0.220175 valid=1.0000 routes=8.595 grad=3.5777 seconds=15.1
Epoch 3303/5000: score=10.605563 loss=-0.233970 valid=1.0000 routes=9.161 grad=3.9397 seconds=15.3
Epoch 3304/5000: score=10.785408 loss=-0.234665 valid=1.0000 routes=8.994 grad=3.9695 seconds=15.4
Epoch 3305/5000: score=10.682796 loss=-0.228702 valid=1.0000 routes=8.910 grad=3.8134 seconds=15.3
Epoch 3306/5000: score=10.780609 loss=-0.231800 valid=1.0000 routes=8.929 grad=3.9667 seconds=15.5
Epoch 3307/5000: score=10.747974 loss=-0.227378 valid=1.0000 routes=8.832 grad=3.9807 seconds=15.3
Epoch 3308/5000: score=10.468097 loss=-0.217255 valid=1.0000 routes=8.579 grad=3.5432 seconds=15.2
Epoch 3309/5000: score=10.451475 loss=-0.217527 valid=1.0000 routes=8.767 grad=3.6529 seconds=15.4
Epoch 3310/5000: score=10.677051 loss=-0.230440 valid=1.0000 routes=8.775 grad=3.7755 seconds=15.4
Epoch 3311/5000: score=10.280157 loss=-0.214615 valid=1.0000 routes=8.997 grad=3.5783 seconds=15.3
Epoch 3312/5000: score=10.289764 loss=-0.226622 valid=1.0000 routes=8.527 grad=3.6138 seconds=15.4
Epoch 3313/5000: score=10.823531 loss=-0.229616 valid=1.0000 routes=8.453 grad=3.9221 seconds=15.4
Epoch 3314/5000: score=10.935859 loss=-0.230771 valid=1.0000 routes=9.174 grad=3.9831 seconds=15.4
Epoch 3315/5000: score=10.591630 loss=-0.223227 valid=1.0000 routes=8.724 grad=3.7684 seconds=15.3
Epoch 3316/5000: score=10.643186 loss=-0.226264 valid=1.0000 routes=8.854 grad=3.8889 seconds=15.2
Epoch 3317/5000: score=10.906096 loss=-0.227267 valid=1.0000 routes=9.015 grad=3.9297 seconds=15.2
Epoch 3318/5000: score=10.471054 loss=-0.219371 valid=1.0000 routes=8.365 grad=3.5896 seconds=15.2
Epoch 3319/5000: score=10.652542 loss=-0.224533 valid=1.0000 routes=8.683 grad=3.7989 seconds=15.4
Epoch 3320/5000: score=10.195178 loss=-0.210646 valid=1.0000 routes=8.281 grad=3.5564 seconds=15.5
Epoch 3321/5000: score=10.294726 loss=-0.221882 valid=1.0000 routes=8.567 grad=3.6864 seconds=15.4
Epoch 3322/5000: score=10.875031 loss=-0.231069 valid=1.0000 routes=8.947 grad=3.9076 seconds=15.3
Epoch 3323/5000: score=10.473322 loss=-0.215923 valid=1.0000 routes=8.690 grad=3.6745 seconds=15.4
Epoch 3324/5000: score=10.418582 loss=-0.228683 valid=1.0000 routes=8.763 grad=3.7526 seconds=14.8
Epoch 3325/5000: score=10.412425 loss=-0.223876 valid=1.0000 routes=8.447 grad=3.6757 seconds=15.2
Epoch 3326/5000: score=10.261207 loss=-0.219969 valid=1.0000 routes=8.300 grad=3.4889 seconds=15.4
Epoch 3327/5000: score=10.500302 loss=-0.221120 valid=1.0000 routes=8.865 grad=3.7463 seconds=15.3
Epoch 3328/5000: score=10.361080 loss=-0.220041 valid=1.0000 routes=8.368 grad=3.6138 seconds=15.3
Epoch 3329/5000: score=10.302816 loss=-0.217913 valid=1.0000 routes=8.601 grad=3.6411 seconds=15.2
Epoch 3330/5000: score=10.437159 loss=-0.220171 valid=1.0000 routes=8.933 grad=3.7557 seconds=15.3
Epoch 3331/5000: score=10.453324 loss=-0.224372 valid=1.0000 routes=8.773 grad=3.6979 seconds=15.6
Epoch 3332/5000: score=10.816413 loss=-0.216317 valid=1.0000 routes=8.569 grad=3.7435 seconds=15.4
Epoch 3333/5000: score=10.399763 loss=-0.212661 valid=1.0000 routes=8.510 grad=3.5097 seconds=15.3
Epoch 3334/5000: score=10.579098 loss=-0.231853 valid=1.0000 routes=8.952 grad=3.9286 seconds=15.5
Epoch 3335/5000: score=10.585263 loss=-0.217539 valid=1.0000 routes=8.847 grad=3.7068 seconds=15.3
Epoch 3336/5000: score=10.512267 loss=-0.217653 valid=1.0000 routes=8.412 grad=3.7321 seconds=15.6
Epoch 3337/5000: score=10.449401 loss=-0.226472 valid=1.0000 routes=8.573 grad=3.7236 seconds=15.4
Epoch 3338/5000: score=10.530942 loss=-0.222542 valid=1.0000 routes=8.960 grad=3.7113 seconds=15.4
Epoch 3339/5000: score=10.430231 loss=-0.220073 valid=1.0000 routes=8.558 grad=3.5735 seconds=15.5
Epoch 3340/5000: score=10.239841 loss=-0.213317 valid=1.0000 routes=8.621 grad=3.5420 seconds=15.3
Epoch 3341/5000: score=10.921690 loss=-0.236537 valid=1.0000 routes=8.836 grad=4.0151 seconds=15.6
Epoch 3342/5000: score=10.744183 loss=-0.224576 valid=1.0000 routes=9.137 grad=3.8240 seconds=15.4
Epoch 3343/5000: score=10.347533 loss=-0.220669 valid=1.0000 routes=8.668 grad=3.6033 seconds=15.4
Epoch 3344/5000: score=10.497615 loss=-0.216271 valid=1.0000 routes=8.426 grad=3.4853 seconds=15.4
Epoch 3345/5000: score=10.340789 loss=-0.218598 valid=1.0000 routes=8.711 grad=3.5873 seconds=15.3
Epoch 3346/5000: score=10.353240 loss=-0.210390 valid=1.0000 routes=8.538 grad=3.5177 seconds=15.3
Epoch 3347/5000: score=10.829470 loss=-0.229684 valid=1.0000 routes=8.817 grad=3.8272 seconds=15.5
Epoch 3348/5000: score=10.627126 loss=-0.230325 valid=1.0000 routes=9.055 grad=3.9337 seconds=15.3
Epoch 3349/5000: score=10.885045 loss=-0.223034 valid=1.0000 routes=8.883 grad=3.8876 seconds=15.1
Epoch 3350/5000: score=10.862999 loss=-0.230177 valid=1.0000 routes=8.840 grad=4.0244 seconds=15.2
Epoch 3351/5000: score=10.439199 loss=-0.216561 valid=1.0000 routes=8.229 grad=3.6433 seconds=15.3
Epoch 3352/5000: score=10.522793 loss=-0.228100 valid=1.0000 routes=9.162 grad=3.8092 seconds=15.1
Epoch 3353/5000: score=10.677609 loss=-0.229844 valid=1.0000 routes=8.741 grad=3.9309 seconds=15.1
Epoch 3354/5000: score=10.717116 loss=-0.223288 valid=1.0000 routes=8.771 grad=3.8010 seconds=15.3
Epoch 3355/5000: score=10.689472 loss=-0.228372 valid=1.0000 routes=8.762 grad=3.8407 seconds=15.3
Epoch 3356/5000: score=10.417360 loss=-0.212342 valid=1.0000 routes=8.785 grad=3.5840 seconds=15.2
Epoch 3357/5000: score=10.657776 loss=-0.231683 valid=1.0000 routes=8.750 grad=3.9112 seconds=15.7
Epoch 3358/5000: score=10.252093 loss=-0.223698 valid=1.0000 routes=8.745 grad=3.6749 seconds=15.4
Epoch 3359/5000: score=10.653334 loss=-0.225092 valid=1.0000 routes=8.942 grad=3.8462 seconds=15.2
Epoch 3360/5000: score=10.649871 loss=-0.222320 valid=1.0000 routes=8.751 grad=3.7876 seconds=15.2
Epoch 3361/5000: score=10.250725 loss=-0.220505 valid=1.0000 routes=8.718 grad=3.6261 seconds=15.1
Epoch 3362/5000: score=10.554175 loss=-0.225219 valid=1.0000 routes=8.961 grad=3.7693 seconds=15.1
Epoch 3363/5000: score=10.218484 loss=-0.221101 valid=1.0000 routes=8.494 grad=3.6563 seconds=14.7
Epoch 3364/5000: score=10.808539 loss=-0.232980 valid=1.0000 routes=8.729 grad=4.0926 seconds=14.6
Epoch 3365/5000: score=10.314644 loss=-0.226378 valid=1.0000 routes=8.381 grad=3.6672 seconds=14.6
Epoch 3366/5000: score=10.729445 loss=-0.224938 valid=1.0000 routes=8.892 grad=3.9302 seconds=14.5
Epoch 3367/5000: score=10.515930 loss=-0.224680 valid=1.0000 routes=8.683 grad=3.7505 seconds=14.6
Epoch 3368/5000: score=10.692736 loss=-0.227808 valid=1.0000 routes=8.670 grad=3.8468 seconds=14.7
Epoch 3369/5000: score=10.299624 loss=-0.221662 valid=1.0000 routes=8.581 grad=3.8101 seconds=14.7
Epoch 3370/5000: score=10.523954 loss=-0.226306 valid=1.0000 routes=8.564 grad=3.8179 seconds=14.5
Epoch 3371/5000: score=10.381745 loss=-0.215798 valid=1.0000 routes=8.771 grad=3.5474 seconds=14.4
Epoch 3372/5000: score=10.731993 loss=-0.237228 valid=1.0000 routes=8.923 grad=3.9735 seconds=15.2
Epoch 3373/5000: score=10.640162 loss=-0.228446 valid=1.0000 routes=8.770 grad=3.8797 seconds=15.5
Epoch 3374/5000: score=10.603016 loss=-0.227973 valid=1.0000 routes=8.737 grad=3.8582 seconds=15.4
Epoch 3375/5000: score=10.420108 loss=-0.229969 valid=1.0000 routes=8.798 grad=3.8546 seconds=15.2
Epoch 3376/5000: score=10.260232 loss=-0.222960 valid=1.0000 routes=8.884 grad=3.6719 seconds=15.5
Epoch 3377/5000: score=10.722433 loss=-0.226412 valid=1.0000 routes=8.257 grad=3.7135 seconds=15.3
Epoch 3378/5000: score=10.456757 loss=-0.224427 valid=1.0000 routes=9.114 grad=3.8468 seconds=15.3
Epoch 3379/5000: score=10.263725 loss=-0.216234 valid=1.0000 routes=8.957 grad=3.6089 seconds=15.3
Epoch 3380/5000: score=10.784895 loss=-0.231245 valid=1.0000 routes=8.629 grad=3.9176 seconds=15.4
Epoch 3381/5000: score=10.686696 loss=-0.219660 valid=1.0000 routes=8.690 grad=3.6502 seconds=15.2
Epoch 3382/5000: score=10.642420 loss=-0.223601 valid=1.0000 routes=8.734 grad=3.8067 seconds=15.1
Epoch 3383/5000: score=10.800427 loss=-0.221400 valid=1.0000 routes=8.550 grad=3.8513 seconds=14.6
Epoch 3384/5000: score=10.535876 loss=-0.217954 valid=1.0000 routes=8.558 grad=3.7138 seconds=14.7
Epoch 3385/5000: score=10.873833 loss=-0.226080 valid=1.0000 routes=8.769 grad=4.0415 seconds=15.3
Epoch 3386/5000: score=10.560054 loss=-0.225628 valid=1.0000 routes=8.857 grad=3.8523 seconds=15.3
Epoch 3387/5000: score=10.504976 loss=-0.226767 valid=1.0000 routes=8.629 grad=3.8317 seconds=15.4
Epoch 3388/5000: score=10.417370 loss=-0.215748 valid=1.0000 routes=8.906 grad=3.5828 seconds=15.2
Epoch 3389/5000: score=10.434395 loss=-0.226198 valid=1.0000 routes=8.752 grad=3.7945 seconds=15.5
Epoch 3390/5000: score=10.818582 loss=-0.225419 valid=1.0000 routes=8.628 grad=3.8889 seconds=15.5
Epoch 3391/5000: score=10.506053 loss=-0.222496 valid=1.0000 routes=8.577 grad=3.7614 seconds=15.3
Epoch 3392/5000: score=10.546680 loss=-0.223040 valid=1.0000 routes=8.470 grad=3.7011 seconds=15.3
Epoch 3393/5000: score=9.989477 loss=-0.213787 valid=1.0000 routes=8.683 grad=3.4563 seconds=15.3
Epoch 3394/5000: score=10.571627 loss=-0.217773 valid=1.0000 routes=8.686 grad=3.6806 seconds=14.7
Epoch 3395/5000: score=10.288165 loss=-0.233272 valid=1.0000 routes=8.556 grad=3.6429 seconds=15.2
Epoch 3396/5000: score=10.817253 loss=-0.229063 valid=1.0000 routes=8.912 grad=4.0035 seconds=15.4
Epoch 3397/5000: score=10.359952 loss=-0.215718 valid=1.0000 routes=8.646 grad=3.5885 seconds=15.0
Epoch 3398/5000: score=10.205516 loss=-0.218556 valid=1.0000 routes=8.543 grad=3.5480 seconds=14.5
Epoch 3399/5000: score=10.399608 loss=-0.224365 valid=1.0000 routes=9.206 grad=3.7478 seconds=15.0
Epoch 3400/5000: score=10.463363 loss=-0.215193 valid=1.0000 routes=8.401 grad=3.5633 seconds=15.5
Epoch 3401/5000: score=10.308564 loss=-0.217200 valid=1.0000 routes=8.734 grad=3.6040 seconds=15.4
Epoch 3402/5000: score=10.773196 loss=-0.229174 valid=1.0000 routes=8.856 grad=4.0553 seconds=15.3
Epoch 3403/5000: score=10.696904 loss=-0.226512 valid=1.0000 routes=8.838 grad=3.7770 seconds=15.3
Epoch 3404/5000: score=10.831376 loss=-0.233038 valid=1.0000 routes=8.975 grad=3.9855 seconds=15.3
Epoch 3405/5000: score=10.691557 loss=-0.229287 valid=1.0000 routes=8.556 grad=3.9969 seconds=15.5
Epoch 3406/5000: score=10.306541 loss=-0.223121 valid=1.0000 routes=8.805 grad=3.6641 seconds=15.4
Epoch 3407/5000: score=10.319946 loss=-0.216730 valid=1.0000 routes=8.685 grad=3.6049 seconds=15.3
Epoch 3408/5000: score=10.329530 loss=-0.220673 valid=1.0000 routes=9.207 grad=3.5942 seconds=15.3
Epoch 3409/5000: score=10.098126 loss=-0.205463 valid=1.0000 routes=8.730 grad=3.3948 seconds=15.2
Epoch 3410/5000: score=10.387415 loss=-0.218798 valid=1.0000 routes=8.795 grad=3.7039 seconds=15.3
Epoch 3411/5000: score=10.452077 loss=-0.222465 valid=1.0000 routes=8.638 grad=3.7014 seconds=15.6
Epoch 3412/5000: score=10.550955 loss=-0.222515 valid=1.0000 routes=8.500 grad=3.5953 seconds=15.4
Epoch 3413/5000: score=10.819147 loss=-0.227296 valid=1.0000 routes=9.112 grad=3.9655 seconds=15.4
Epoch 3414/5000: score=10.958563 loss=-0.230175 valid=1.0000 routes=8.882 grad=4.0488 seconds=15.3
Epoch 3415/5000: score=10.524840 loss=-0.229077 valid=1.0000 routes=8.682 grad=3.8733 seconds=15.2
>> Invalid instances, Re-generating ...
Epoch 3416/5000: score=10.412377 loss=-0.221624 valid=1.0000 routes=8.772 grad=3.7502 seconds=15.4
Epoch 3417/5000: score=10.496452 loss=-0.223595 valid=1.0000 routes=8.606 grad=3.7751 seconds=15.4
Epoch 3418/5000: score=10.758527 loss=-0.226432 valid=1.0000 routes=8.856 grad=3.8453 seconds=15.2
Epoch 3419/5000: score=10.778536 loss=-0.232311 valid=1.0000 routes=9.127 grad=4.0200 seconds=15.4
Epoch 3420/5000: score=10.879590 loss=-0.232620 valid=1.0000 routes=9.005 grad=4.0764 seconds=15.3
Epoch 3421/5000: score=10.648698 loss=-0.225068 valid=1.0000 routes=8.783 grad=3.9246 seconds=15.4
Epoch 3422/5000: score=10.342522 loss=-0.223005 valid=1.0000 routes=8.860 grad=3.6267 seconds=15.3
Epoch 3423/5000: score=10.630475 loss=-0.226583 valid=1.0000 routes=8.826 grad=3.7806 seconds=15.3
Epoch 3424/5000: score=10.615746 loss=-0.212986 valid=1.0000 routes=8.554 grad=3.5844 seconds=15.2
Epoch 3425/5000: score=10.560082 loss=-0.229224 valid=1.0000 routes=9.198 grad=3.8918 seconds=15.4
Epoch 3426/5000: score=10.659363 loss=-0.224327 valid=1.0000 routes=8.644 grad=3.8133 seconds=15.4
Epoch 3427/5000: score=10.804002 loss=-0.233486 valid=1.0000 routes=8.794 grad=4.0715 seconds=15.7
Epoch 3428/5000: score=10.540336 loss=-0.225031 valid=1.0000 routes=8.672 grad=3.8108 seconds=15.3
Epoch 3429/5000: score=10.782225 loss=-0.225468 valid=1.0000 routes=8.700 grad=3.8522 seconds=15.4
Epoch 3430/5000: score=10.197404 loss=-0.224979 valid=1.0000 routes=8.407 grad=3.6679 seconds=15.4
Epoch 3431/5000: score=10.489355 loss=-0.231554 valid=1.0000 routes=8.816 grad=3.7572 seconds=15.5
Epoch 3432/5000: score=10.505573 loss=-0.219704 valid=1.0000 routes=8.494 grad=3.6612 seconds=15.5
Epoch 3433/5000: score=10.730862 loss=-0.230079 valid=1.0000 routes=8.815 grad=3.9310 seconds=15.5
Epoch 3434/5000: score=10.511146 loss=-0.218833 valid=1.0000 routes=8.991 grad=3.6202 seconds=15.4
Epoch 3435/5000: score=10.773230 loss=-0.225595 valid=1.0000 routes=8.606 grad=3.8714 seconds=15.4
Epoch 3436/5000: score=10.849358 loss=-0.234881 valid=1.0000 routes=9.161 grad=4.0699 seconds=15.2
Epoch 3437/5000: score=10.629213 loss=-0.237387 valid=1.0000 routes=9.433 grad=4.0238 seconds=15.3
Epoch 3438/5000: score=10.737438 loss=-0.227808 valid=1.0000 routes=8.707 grad=3.9014 seconds=15.5
Epoch 3439/5000: score=10.346035 loss=-0.213208 valid=1.0000 routes=8.336 grad=3.5493 seconds=15.2
Epoch 3440/5000: score=10.279748 loss=-0.217110 valid=1.0000 routes=8.286 grad=3.5190 seconds=15.2
Epoch 3441/5000: score=10.926798 loss=-0.239569 valid=1.0000 routes=9.527 grad=4.1121 seconds=15.4
Epoch 3442/5000: score=10.444113 loss=-0.220631 valid=1.0000 routes=8.306 grad=3.6489 seconds=15.3
Epoch 3443/5000: score=10.408507 loss=-0.225616 valid=1.0000 routes=8.753 grad=3.6122 seconds=15.5
Epoch 3444/5000: score=10.865042 loss=-0.236003 valid=1.0000 routes=8.592 grad=4.1111 seconds=15.3
Epoch 3445/5000: score=10.172133 loss=-0.215270 valid=1.0000 routes=8.406 grad=3.5764 seconds=15.4
Epoch 3446/5000: score=10.512195 loss=-0.223934 valid=1.0000 routes=8.620 grad=3.7322 seconds=15.2
Epoch 3447/5000: score=10.534104 loss=-0.218478 valid=1.0000 routes=8.722 grad=3.7311 seconds=15.2
Epoch 3448/5000: score=10.785573 loss=-0.226474 valid=1.0000 routes=8.742 grad=4.0473 seconds=15.5
Epoch 3449/5000: score=11.172093 loss=-0.232223 valid=1.0000 routes=9.001 grad=4.0315 seconds=15.3
Epoch 3450/5000: score=10.318590 loss=-0.222792 valid=1.0000 routes=9.011 grad=3.7312 seconds=15.3
Epoch 3451/5000: score=10.121372 loss=-0.215110 valid=1.0000 routes=8.980 grad=3.6764 seconds=15.3
Epoch 3452/5000: score=10.395159 loss=-0.223131 valid=1.0000 routes=8.565 grad=3.6828 seconds=15.4
Epoch 3453/5000: score=10.371090 loss=-0.216192 valid=1.0000 routes=8.458 grad=3.5775 seconds=15.5
Epoch 3454/5000: score=10.479988 loss=-0.220103 valid=1.0000 routes=9.113 grad=3.7104 seconds=15.4
Epoch 3455/5000: score=10.843096 loss=-0.236032 valid=1.0000 routes=8.693 grad=3.9704 seconds=15.5
Epoch 3456/5000: score=10.577653 loss=-0.225789 valid=1.0000 routes=8.679 grad=3.8578 seconds=15.5
Epoch 3457/5000: score=9.938384 loss=-0.209828 valid=1.0000 routes=8.635 grad=3.3262 seconds=15.3
Epoch 3458/5000: score=10.336022 loss=-0.212191 valid=1.0000 routes=8.387 grad=3.5920 seconds=15.5
Epoch 3459/5000: score=10.830589 loss=-0.233127 valid=1.0000 routes=8.938 grad=3.8884 seconds=15.5
Epoch 3460/5000: score=10.092575 loss=-0.221417 valid=1.0000 routes=8.609 grad=3.5483 seconds=15.2
Epoch 3461/5000: score=10.570155 loss=-0.227584 valid=1.0000 routes=8.815 grad=3.7460 seconds=15.3
Epoch 3462/5000: score=10.364482 loss=-0.217177 valid=1.0000 routes=8.728 grad=3.5767 seconds=15.4
Epoch 3463/5000: score=10.613733 loss=-0.233133 valid=1.0000 routes=9.251 grad=3.9297 seconds=15.4
Epoch 3464/5000: score=10.866084 loss=-0.228128 valid=1.0000 routes=8.745 grad=3.8428 seconds=15.5
Epoch 3465/5000: score=10.710686 loss=-0.222029 valid=1.0000 routes=8.867 grad=3.8780 seconds=15.3
Epoch 3466/5000: score=10.597480 loss=-0.228338 valid=1.0000 routes=8.874 grad=3.7893 seconds=15.4
Epoch 3467/5000: score=10.901393 loss=-0.229822 valid=1.0000 routes=8.713 grad=3.9222 seconds=15.3
Epoch 3468/5000: score=10.494158 loss=-0.223942 valid=1.0000 routes=8.397 grad=3.7611 seconds=15.3
Epoch 3469/5000: score=9.933858 loss=-0.208922 valid=1.0000 routes=8.188 grad=3.3344 seconds=15.4
Epoch 3470/5000: score=10.495704 loss=-0.223995 valid=1.0000 routes=8.654 grad=3.8055 seconds=15.3
Epoch 3471/5000: score=10.896777 loss=-0.240641 valid=1.0000 routes=9.000 grad=4.0905 seconds=15.4
Epoch 3472/5000: score=10.696270 loss=-0.231603 valid=1.0000 routes=8.764 grad=3.9372 seconds=15.5
Epoch 3473/5000: score=10.364578 loss=-0.217380 valid=1.0000 routes=8.847 grad=3.7133 seconds=15.4
Epoch 3474/5000: score=10.439067 loss=-0.222785 valid=1.0000 routes=8.781 grad=3.7082 seconds=15.4
Epoch 3475/5000: score=10.573913 loss=-0.220636 valid=1.0000 routes=8.362 grad=3.5913 seconds=15.4
Epoch 3476/5000: score=10.581546 loss=-0.235342 valid=1.0000 routes=9.056 grad=3.9702 seconds=15.2
Epoch 3477/5000: score=10.920896 loss=-0.242301 valid=1.0000 routes=9.057 grad=4.1406 seconds=15.3
Epoch 3478/5000: score=10.637878 loss=-0.226633 valid=1.0000 routes=8.944 grad=3.8844 seconds=15.3
Epoch 3479/5000: score=10.588243 loss=-0.220723 valid=1.0000 routes=8.966 grad=3.7812 seconds=15.4
Epoch 3480/5000: score=10.420255 loss=-0.222099 valid=1.0000 routes=8.907 grad=3.6838 seconds=15.5
Epoch 3481/5000: score=10.611867 loss=-0.228403 valid=1.0000 routes=8.822 grad=3.8153 seconds=15.3
Epoch 3482/5000: score=10.645431 loss=-0.236373 valid=1.0000 routes=8.647 grad=3.8975 seconds=15.5
Epoch 3483/5000: score=10.723835 loss=-0.225987 valid=1.0000 routes=8.896 grad=3.9746 seconds=15.5
Epoch 3484/5000: score=10.455140 loss=-0.222997 valid=1.0000 routes=8.786 grad=3.7424 seconds=15.5
Epoch 3485/5000: score=10.139073 loss=-0.225073 valid=1.0000 routes=8.783 grad=3.6515 seconds=15.6
Epoch 3486/5000: score=10.903927 loss=-0.231815 valid=1.0000 routes=9.075 grad=3.9325 seconds=15.5
Epoch 3487/5000: score=10.133912 loss=-0.215960 valid=1.0000 routes=8.601 grad=3.5767 seconds=15.3
Epoch 3488/5000: score=10.605733 loss=-0.214473 valid=1.0000 routes=8.638 grad=3.6708 seconds=15.1
Epoch 3489/5000: score=10.480369 loss=-0.220435 valid=1.0000 routes=8.793 grad=3.6867 seconds=15.3
Epoch 3490/5000: score=10.529794 loss=-0.227059 valid=1.0000 routes=8.523 grad=3.7086 seconds=15.5
Epoch 3491/5000: score=10.788702 loss=-0.232639 valid=1.0000 routes=8.764 grad=3.9726 seconds=15.3
Epoch 3492/5000: score=10.381459 loss=-0.220370 valid=1.0000 routes=9.063 grad=3.6286 seconds=15.5
Epoch 3493/5000: score=10.795000 loss=-0.234332 valid=1.0000 routes=8.545 grad=4.0357 seconds=15.6
Epoch 3494/5000: score=10.407433 loss=-0.223649 valid=1.0000 routes=8.836 grad=3.9383 seconds=15.6
Epoch 3495/5000: score=10.634951 loss=-0.222625 valid=1.0000 routes=9.123 grad=3.9146 seconds=15.5
Epoch 3496/5000: score=10.767191 loss=-0.224761 valid=1.0000 routes=8.801 grad=4.0334 seconds=15.6
Epoch 3497/5000: score=10.505659 loss=-0.231722 valid=1.0000 routes=8.357 grad=3.9069 seconds=15.3
Epoch 3498/5000: score=10.499838 loss=-0.229176 valid=1.0000 routes=8.551 grad=3.9411 seconds=15.2
Epoch 3499/5000: score=10.443155 loss=-0.222266 valid=1.0000 routes=8.761 grad=3.6796 seconds=15.3
Epoch 3500/5000: score=10.364858 loss=-0.225970 valid=1.0000 routes=8.498 grad=3.6580 seconds=15.3
Epoch 3501/5000: score=10.604788 loss=-0.237543 valid=1.0000 routes=8.588 grad=3.8058 seconds=15.6
Epoch 3502/5000: score=11.000483 loss=-0.229965 valid=1.0000 routes=9.017 grad=3.9399 seconds=15.1
Epoch 3503/5000: score=10.841240 loss=-0.237288 valid=1.0000 routes=8.717 grad=3.9267 seconds=15.4
Epoch 3504/5000: score=10.903986 loss=-0.230769 valid=1.0000 routes=8.696 grad=3.8156 seconds=15.3
Epoch 3505/5000: score=10.839163 loss=-0.231831 valid=1.0000 routes=9.016 grad=3.9677 seconds=15.4
Epoch 3506/5000: score=10.938148 loss=-0.232034 valid=1.0000 routes=9.405 grad=4.0684 seconds=15.3
Epoch 3507/5000: score=10.415253 loss=-0.228728 valid=1.0000 routes=8.438 grad=3.6421 seconds=15.6
Epoch 3508/5000: score=10.494647 loss=-0.225667 valid=1.0000 routes=8.891 grad=3.7443 seconds=15.3
>> Invalid instances, Re-generating ...
Epoch 3509/5000: score=10.800293 loss=-0.226619 valid=1.0000 routes=8.848 grad=3.9668 seconds=15.3
Epoch 3510/5000: score=10.489105 loss=-0.215894 valid=1.0000 routes=8.552 grad=3.6558 seconds=15.2
Epoch 3511/5000: score=10.206943 loss=-0.216264 valid=1.0000 routes=8.659 grad=3.6448 seconds=15.4
Epoch 3512/5000: score=10.520870 loss=-0.228768 valid=1.0000 routes=8.727 grad=3.8402 seconds=15.4
Epoch 3513/5000: score=10.722313 loss=-0.217354 valid=1.0000 routes=8.642 grad=3.8260 seconds=15.2
Epoch 3514/5000: score=10.856081 loss=-0.231119 valid=1.0000 routes=8.773 grad=3.9801 seconds=15.4
Epoch 3515/5000: score=10.362535 loss=-0.222935 valid=1.0000 routes=8.556 grad=3.7523 seconds=15.3
Epoch 3516/5000: score=10.769113 loss=-0.226210 valid=1.0000 routes=8.922 grad=3.8073 seconds=15.2
Epoch 3517/5000: score=10.534789 loss=-0.219273 valid=1.0000 routes=8.484 grad=3.6277 seconds=15.3
Epoch 3518/5000: score=10.742224 loss=-0.232182 valid=1.0000 routes=8.862 grad=4.0921 seconds=15.5
Epoch 3519/5000: score=10.522091 loss=-0.225722 valid=1.0000 routes=8.341 grad=3.7041 seconds=15.5
Epoch 3520/5000: score=10.466229 loss=-0.221527 valid=1.0000 routes=8.493 grad=3.7234 seconds=15.3
Epoch 3521/5000: score=10.547719 loss=-0.218626 valid=1.0000 routes=8.640 grad=3.6900 seconds=15.5
Epoch 3522/5000: score=11.032260 loss=-0.228314 valid=1.0000 routes=8.675 grad=3.8951 seconds=15.4
Epoch 3523/5000: score=10.430748 loss=-0.224065 valid=1.0000 routes=8.801 grad=3.7941 seconds=15.6
Epoch 3524/5000: score=10.389727 loss=-0.221446 valid=1.0000 routes=8.907 grad=3.6962 seconds=15.4
Epoch 3525/5000: score=10.394100 loss=-0.220608 valid=1.0000 routes=8.817 grad=3.6612 seconds=15.6
Epoch 3526/5000: score=10.335959 loss=-0.225282 valid=1.0000 routes=8.671 grad=3.7494 seconds=15.3
Epoch 3527/5000: score=10.463612 loss=-0.223437 valid=1.0000 routes=8.924 grad=3.6766 seconds=15.4
Epoch 3528/5000: score=10.586077 loss=-0.226744 valid=1.0000 routes=8.601 grad=3.8798 seconds=15.6
Epoch 3529/5000: score=10.807644 loss=-0.226815 valid=1.0000 routes=8.818 grad=3.8188 seconds=15.6
Epoch 3530/5000: score=10.397959 loss=-0.222888 valid=1.0000 routes=8.985 grad=3.6801 seconds=15.3
Epoch 3531/5000: score=10.547155 loss=-0.219578 valid=1.0000 routes=9.041 grad=3.8350 seconds=15.4
Epoch 3532/5000: score=10.502790 loss=-0.218662 valid=1.0000 routes=8.796 grad=3.6725 seconds=15.3
Epoch 3533/5000: score=10.580498 loss=-0.221133 valid=1.0000 routes=8.588 grad=3.7016 seconds=15.4
Epoch 3534/5000: score=10.773126 loss=-0.235432 valid=1.0000 routes=9.120 grad=3.8997 seconds=15.3
Epoch 3535/5000: score=10.518106 loss=-0.218608 valid=1.0000 routes=8.841 grad=3.7431 seconds=15.4
Epoch 3536/5000: score=10.422936 loss=-0.225842 valid=1.0000 routes=8.960 grad=3.7405 seconds=15.2
Epoch 3537/5000: score=10.352925 loss=-0.214241 valid=1.0000 routes=8.924 grad=3.6203 seconds=15.1
Epoch 3538/5000: score=10.518629 loss=-0.223590 valid=1.0000 routes=8.356 grad=3.6915 seconds=15.5
Epoch 3539/5000: score=10.795075 loss=-0.230541 valid=1.0000 routes=9.094 grad=3.9625 seconds=15.3
Epoch 3540/5000: score=10.294361 loss=-0.230351 valid=1.0000 routes=8.218 grad=3.7056 seconds=15.4
Epoch 3541/5000: score=10.568142 loss=-0.229331 valid=1.0000 routes=8.958 grad=3.7407 seconds=15.2
Epoch 3542/5000: score=10.291415 loss=-0.232428 valid=1.0000 routes=8.835 grad=3.7406 seconds=15.4
Epoch 3543/5000: score=10.655045 loss=-0.221166 valid=1.0000 routes=8.779 grad=3.7756 seconds=15.3
Epoch 3544/5000: score=11.004921 loss=-0.231802 valid=1.0000 routes=8.764 grad=4.1089 seconds=15.4
Epoch 3545/5000: score=10.253028 loss=-0.209665 valid=1.0000 routes=8.690 grad=3.4754 seconds=15.2
Epoch 3546/5000: score=10.825507 loss=-0.225757 valid=1.0000 routes=9.066 grad=3.7832 seconds=15.2
Epoch 3547/5000: score=10.499494 loss=-0.226614 valid=1.0000 routes=8.599 grad=3.6898 seconds=15.3
Epoch 3548/5000: score=10.486400 loss=-0.212696 valid=1.0000 routes=8.700 grad=3.5894 seconds=15.2
Epoch 3549/5000: score=10.093143 loss=-0.210676 valid=1.0000 routes=8.714 grad=3.5960 seconds=15.7
Epoch 3550/5000: score=10.409583 loss=-0.215715 valid=1.0000 routes=8.794 grad=3.6473 seconds=15.3
Epoch 3551/5000: score=10.363994 loss=-0.219163 valid=1.0000 routes=8.794 grad=3.6188 seconds=15.2
Epoch 3552/5000: score=10.715597 loss=-0.227794 valid=1.0000 routes=8.785 grad=3.8603 seconds=15.3
Epoch 3553/5000: score=10.717678 loss=-0.229389 valid=1.0000 routes=8.598 grad=3.8760 seconds=15.2
Epoch 3554/5000: score=10.435429 loss=-0.218881 valid=1.0000 routes=9.013 grad=3.7639 seconds=15.3
Epoch 3555/5000: score=10.565153 loss=-0.227955 valid=1.0000 routes=8.616 grad=3.8762 seconds=15.2
>> Invalid instances, Re-generating ...
Epoch 3556/5000: score=10.497567 loss=-0.229314 valid=1.0000 routes=8.771 grad=3.9138 seconds=15.4
Epoch 3557/5000: score=10.596783 loss=-0.217920 valid=1.0000 routes=8.439 grad=3.7812 seconds=15.3
Epoch 3558/5000: score=10.274526 loss=-0.226879 valid=1.0000 routes=8.618 grad=3.7842 seconds=15.4
Epoch 3559/5000: score=10.638852 loss=-0.222780 valid=1.0000 routes=8.768 grad=3.8434 seconds=15.3
Epoch 3560/5000: score=10.517243 loss=-0.224940 valid=1.0000 routes=8.464 grad=3.7382 seconds=15.3
Epoch 3561/5000: score=10.972830 loss=-0.228002 valid=1.0000 routes=9.053 grad=3.9598 seconds=15.3
Epoch 3562/5000: score=10.679418 loss=-0.225535 valid=1.0000 routes=8.639 grad=3.8729 seconds=15.2
Epoch 3563/5000: score=10.077316 loss=-0.217794 valid=1.0000 routes=8.493 grad=3.5323 seconds=15.3
Epoch 3564/5000: score=10.573532 loss=-0.226559 valid=1.0000 routes=9.139 grad=3.9490 seconds=15.3
Epoch 3565/5000: score=10.668904 loss=-0.226111 valid=1.0000 routes=8.656 grad=3.9671 seconds=15.4
Epoch 3566/5000: score=10.533231 loss=-0.223483 valid=1.0000 routes=8.980 grad=3.8526 seconds=15.1
Epoch 3567/5000: score=10.428842 loss=-0.215299 valid=1.0000 routes=8.547 grad=3.6157 seconds=15.3
Epoch 3568/5000: score=10.408963 loss=-0.217180 valid=1.0000 routes=8.695 grad=3.6502 seconds=15.2
Epoch 3569/5000: score=10.789590 loss=-0.230349 valid=1.0000 routes=8.862 grad=3.8313 seconds=15.3
Epoch 3570/5000: score=10.545035 loss=-0.220824 valid=1.0000 routes=8.886 grad=3.7025 seconds=15.5
Epoch 3571/5000: score=10.897599 loss=-0.233921 valid=1.0000 routes=8.694 grad=3.9904 seconds=15.3
Epoch 3572/5000: score=10.325847 loss=-0.224097 valid=1.0000 routes=9.001 grad=3.7502 seconds=15.3
Epoch 3573/5000: score=10.604375 loss=-0.223002 valid=1.0000 routes=8.632 grad=3.8037 seconds=15.2
Epoch 3574/5000: score=10.715770 loss=-0.226195 valid=1.0000 routes=8.653 grad=3.9211 seconds=15.2
Epoch 3575/5000: score=10.510002 loss=-0.222845 valid=1.0000 routes=8.634 grad=3.7771 seconds=15.4
Epoch 3576/5000: score=10.619828 loss=-0.226160 valid=1.0000 routes=8.961 grad=3.8809 seconds=15.4
Epoch 3577/5000: score=10.409445 loss=-0.214598 valid=1.0000 routes=8.633 grad=3.6346 seconds=15.2
Epoch 3578/5000: score=10.719387 loss=-0.234800 valid=1.0000 routes=9.262 grad=4.0205 seconds=15.3
Epoch 3579/5000: score=10.707505 loss=-0.230190 valid=1.0000 routes=8.658 grad=3.7990 seconds=15.2
Epoch 3580/5000: score=11.007970 loss=-0.235089 valid=1.0000 routes=8.826 grad=4.1814 seconds=15.4
Epoch 3581/5000: score=10.747211 loss=-0.234176 valid=1.0000 routes=8.772 grad=4.0478 seconds=15.5
Epoch 3582/5000: score=10.854808 loss=-0.220411 valid=1.0000 routes=8.867 grad=3.9338 seconds=15.2
Epoch 3583/5000: score=10.414983 loss=-0.224145 valid=1.0000 routes=8.440 grad=3.7506 seconds=15.3
Epoch 3584/5000: score=10.430128 loss=-0.223179 valid=1.0000 routes=8.662 grad=3.7027 seconds=15.2
Epoch 3585/5000: score=10.347579 loss=-0.219912 valid=1.0000 routes=8.734 grad=3.6875 seconds=15.3
Epoch 3586/5000: score=10.804917 loss=-0.226932 valid=1.0000 routes=8.783 grad=3.9465 seconds=15.4
Epoch 3587/5000: score=10.687793 loss=-0.222468 valid=1.0000 routes=8.923 grad=3.8525 seconds=15.2
Epoch 3588/5000: score=10.556688 loss=-0.218116 valid=1.0000 routes=8.474 grad=3.7735 seconds=15.3
Epoch 3589/5000: score=10.118846 loss=-0.209207 valid=1.0000 routes=8.577 grad=3.4825 seconds=15.3
Epoch 3590/5000: score=10.474895 loss=-0.218245 valid=1.0000 routes=8.478 grad=3.6445 seconds=15.1
Epoch 3591/5000: score=10.739818 loss=-0.227123 valid=1.0000 routes=8.985 grad=3.8916 seconds=15.4
Epoch 3592/5000: score=10.284089 loss=-0.219701 valid=1.0000 routes=9.065 grad=3.5684 seconds=15.7
Epoch 3593/5000: score=10.425722 loss=-0.225709 valid=1.0000 routes=8.392 grad=3.7652 seconds=15.3
Epoch 3594/5000: score=10.817507 loss=-0.223981 valid=1.0000 routes=8.546 grad=3.8157 seconds=15.2
Epoch 3595/5000: score=10.502283 loss=-0.210814 valid=1.0000 routes=8.452 grad=3.5512 seconds=15.2
Epoch 3596/5000: score=10.783825 loss=-0.228629 valid=1.0000 routes=9.082 grad=3.8675 seconds=15.2
Epoch 3597/5000: score=10.773040 loss=-0.235019 valid=1.0000 routes=8.905 grad=3.9740 seconds=15.5
Epoch 3598/5000: score=10.691309 loss=-0.227582 valid=1.0000 routes=9.197 grad=3.9478 seconds=15.4
Epoch 3599/5000: score=10.640226 loss=-0.232007 valid=1.0000 routes=9.167 grad=3.9652 seconds=15.1
Epoch 3600/5000: score=10.297284 loss=-0.219935 valid=1.0000 routes=8.398 grad=3.7659 seconds=15.2
Epoch 3601/5000: score=10.944638 loss=-0.235460 valid=1.0000 routes=8.856 grad=4.0892 seconds=15.2
Epoch 3602/5000: score=10.211348 loss=-0.218542 valid=1.0000 routes=8.805 grad=3.5953 seconds=15.4
Epoch 3603/5000: score=10.457756 loss=-0.225733 valid=1.0000 routes=8.775 grad=3.7966 seconds=15.4
Epoch 3604/5000: score=10.624813 loss=-0.220914 valid=1.0000 routes=8.635 grad=3.7305 seconds=15.2
Epoch 3605/5000: score=10.654401 loss=-0.233555 valid=1.0000 routes=8.474 grad=4.0214 seconds=15.4
Epoch 3606/5000: score=10.117636 loss=-0.215660 valid=1.0000 routes=8.395 grad=3.5202 seconds=15.2
Epoch 3607/5000: score=10.255101 loss=-0.222353 valid=1.0000 routes=8.495 grad=3.6375 seconds=15.4
Epoch 3608/5000: score=10.875524 loss=-0.229010 valid=1.0000 routes=9.086 grad=4.1493 seconds=15.5
Epoch 3609/5000: score=10.549875 loss=-0.219664 valid=1.0000 routes=8.584 grad=3.6812 seconds=15.4
Epoch 3610/5000: score=10.464965 loss=-0.220383 valid=1.0000 routes=8.620 grad=3.7081 seconds=15.6
Epoch 3611/5000: score=10.855899 loss=-0.233756 valid=1.0000 routes=8.613 grad=4.0751 seconds=15.3
Epoch 3612/5000: score=10.577914 loss=-0.225543 valid=1.0000 routes=9.036 grad=3.8279 seconds=15.4
Epoch 3613/5000: score=10.640943 loss=-0.232561 valid=1.0000 routes=9.217 grad=4.0071 seconds=15.5
Epoch 3614/5000: score=10.423562 loss=-0.222826 valid=1.0000 routes=8.891 grad=3.8054 seconds=15.3
Epoch 3615/5000: score=10.416115 loss=-0.215703 valid=1.0000 routes=8.660 grad=3.6191 seconds=15.4
Epoch 3616/5000: score=10.707984 loss=-0.222788 valid=1.0000 routes=9.313 grad=3.7915 seconds=15.3
Epoch 3617/5000: score=10.781616 loss=-0.229148 valid=1.0000 routes=8.801 grad=4.1307 seconds=15.3
Epoch 3618/5000: score=10.926546 loss=-0.226256 valid=1.0000 routes=8.730 grad=4.0388 seconds=15.5
Epoch 3619/5000: score=10.750697 loss=-0.228290 valid=1.0000 routes=8.893 grad=3.9717 seconds=15.5
Epoch 3620/5000: score=10.413127 loss=-0.226127 valid=1.0000 routes=8.914 grad=3.7595 seconds=15.4
Epoch 3621/5000: score=10.627462 loss=-0.228743 valid=1.0000 routes=8.949 grad=3.9033 seconds=15.4
Epoch 3622/5000: score=10.680078 loss=-0.227973 valid=1.0000 routes=8.847 grad=3.7845 seconds=15.3
Epoch 3623/5000: score=11.015099 loss=-0.234252 valid=1.0000 routes=9.032 grad=3.9561 seconds=15.6
Epoch 3624/5000: score=10.746941 loss=-0.226165 valid=1.0000 routes=8.584 grad=3.8185 seconds=15.4
Epoch 3625/5000: score=10.654008 loss=-0.222660 valid=1.0000 routes=9.022 grad=3.7943 seconds=15.5
Epoch 3626/5000: score=10.654892 loss=-0.219906 valid=1.0000 routes=8.665 grad=3.9074 seconds=15.4
Epoch 3627/5000: score=10.124360 loss=-0.216090 valid=1.0000 routes=8.298 grad=3.4816 seconds=15.4
Epoch 3628/5000: score=10.296775 loss=-0.210760 valid=1.0000 routes=8.363 grad=3.4080 seconds=15.5
Epoch 3629/5000: score=10.456081 loss=-0.219541 valid=1.0000 routes=8.354 grad=3.6368 seconds=15.4
Epoch 3630/5000: score=10.551375 loss=-0.232400 valid=1.0000 routes=9.037 grad=3.9644 seconds=15.4
Epoch 3631/5000: score=10.952444 loss=-0.234923 valid=1.0000 routes=8.827 grad=4.0480 seconds=15.3
Epoch 3632/5000: score=10.622699 loss=-0.218758 valid=1.0000 routes=8.966 grad=3.8903 seconds=15.3
Epoch 3633/5000: score=10.221218 loss=-0.224998 valid=1.0000 routes=8.941 grad=3.8540 seconds=15.4
Epoch 3634/5000: score=10.559226 loss=-0.224833 valid=1.0000 routes=8.665 grad=3.8011 seconds=15.6
Epoch 3635/5000: score=10.095282 loss=-0.204127 valid=1.0000 routes=8.459 grad=3.4021 seconds=15.3
Epoch 3636/5000: score=10.381898 loss=-0.217937 valid=1.0000 routes=8.268 grad=3.5578 seconds=15.5
Epoch 3637/5000: score=10.572072 loss=-0.220501 valid=1.0000 routes=8.793 grad=3.7652 seconds=15.4
Epoch 3638/5000: score=10.360863 loss=-0.218394 valid=1.0000 routes=8.893 grad=3.6771 seconds=15.3
Epoch 3639/5000: score=10.684349 loss=-0.233032 valid=1.0000 routes=8.473 grad=3.9491 seconds=15.6
Epoch 3640/5000: score=10.869310 loss=-0.229594 valid=1.0000 routes=8.763 grad=3.9615 seconds=15.4
Epoch 3641/5000: score=10.537257 loss=-0.220076 valid=1.0000 routes=8.680 grad=3.7012 seconds=15.3
Epoch 3642/5000: score=10.564477 loss=-0.222304 valid=1.0000 routes=8.996 grad=3.7350 seconds=15.4
Epoch 3643/5000: score=10.460999 loss=-0.216062 valid=1.0000 routes=8.498 grad=3.6086 seconds=15.4
Epoch 3644/5000: score=10.483954 loss=-0.221067 valid=1.0000 routes=8.735 grad=3.7814 seconds=15.6
Epoch 3645/5000: score=10.611174 loss=-0.226094 valid=1.0000 routes=8.724 grad=3.8355 seconds=15.4
Epoch 3646/5000: score=10.738311 loss=-0.237129 valid=1.0000 routes=9.017 grad=3.9358 seconds=15.3
Epoch 3647/5000: score=10.720658 loss=-0.224876 valid=1.0000 routes=8.579 grad=3.8189 seconds=15.4
Epoch 3648/5000: score=10.472854 loss=-0.227084 valid=1.0000 routes=9.210 grad=3.7775 seconds=15.5
Epoch 3649/5000: score=10.370019 loss=-0.217393 valid=1.0000 routes=8.654 grad=3.7647 seconds=15.3
Epoch 3650/5000: score=10.886654 loss=-0.231589 valid=1.0000 routes=8.660 grad=3.9298 seconds=15.6
Epoch 3651/5000: score=10.749378 loss=-0.227378 valid=1.0000 routes=8.506 grad=4.1074 seconds=15.3
Epoch 3652/5000: score=10.357721 loss=-0.221049 valid=1.0000 routes=8.816 grad=3.7010 seconds=15.3
Epoch 3653/5000: score=10.145310 loss=-0.218087 valid=1.0000 routes=7.900 grad=3.4693 seconds=15.5
Epoch 3654/5000: score=10.591384 loss=-0.230106 valid=1.0000 routes=8.907 grad=3.9548 seconds=15.4
Epoch 3655/5000: score=10.511719 loss=-0.222686 valid=1.0000 routes=9.239 grad=3.9069 seconds=15.7
Epoch 3656/5000: score=10.746828 loss=-0.226741 valid=1.0000 routes=9.104 grad=3.9709 seconds=15.2
Epoch 3657/5000: score=10.327362 loss=-0.211578 valid=1.0000 routes=8.531 grad=3.4952 seconds=15.4
Epoch 3658/5000: score=10.354038 loss=-0.221416 valid=1.0000 routes=8.447 grad=3.6350 seconds=15.4
Epoch 3659/5000: score=10.196856 loss=-0.218619 valid=1.0000 routes=8.558 grad=3.6038 seconds=15.3
>> Invalid instances, Re-generating ...
Epoch 3660/5000: score=10.616344 loss=-0.232476 valid=1.0000 routes=8.849 grad=3.9181 seconds=15.5
Epoch 3661/5000: score=10.550165 loss=-0.225882 valid=1.0000 routes=8.825 grad=3.9251 seconds=15.4
Epoch 3662/5000: score=10.555263 loss=-0.218867 valid=1.0000 routes=8.865 grad=3.7590 seconds=15.3
Epoch 3663/5000: score=10.341128 loss=-0.218464 valid=1.0000 routes=8.537 grad=3.5493 seconds=15.3
Epoch 3664/5000: score=10.644097 loss=-0.229457 valid=1.0000 routes=8.681 grad=3.9254 seconds=15.3
Epoch 3665/5000: score=10.824929 loss=-0.218071 valid=1.0000 routes=8.395 grad=3.8674 seconds=15.3
Epoch 3666/5000: score=10.338269 loss=-0.231012 valid=1.0000 routes=8.702 grad=3.7168 seconds=15.5
Epoch 3667/5000: score=10.449598 loss=-0.222642 valid=1.0000 routes=8.703 grad=3.6512 seconds=15.3
Epoch 3668/5000: score=10.452112 loss=-0.221696 valid=1.0000 routes=8.777 grad=3.7376 seconds=15.4
Epoch 3669/5000: score=10.280094 loss=-0.215296 valid=1.0000 routes=8.412 grad=3.5721 seconds=15.4
Epoch 3670/5000: score=10.773003 loss=-0.224635 valid=1.0000 routes=9.031 grad=4.0176 seconds=15.5
Epoch 3671/5000: score=10.569521 loss=-0.223379 valid=1.0000 routes=8.890 grad=3.8825 seconds=15.7
Epoch 3672/5000: score=10.517960 loss=-0.220953 valid=1.0000 routes=8.626 grad=3.7027 seconds=15.4
Epoch 3673/5000: score=10.614188 loss=-0.231971 valid=1.0000 routes=8.820 grad=4.0104 seconds=15.4
Epoch 3674/5000: score=10.812438 loss=-0.229104 valid=1.0000 routes=8.909 grad=3.9078 seconds=15.3
Epoch 3675/5000: score=10.519472 loss=-0.229569 valid=1.0000 routes=8.627 grad=3.8243 seconds=15.4
Epoch 3676/5000: score=10.525190 loss=-0.220336 valid=1.0000 routes=8.509 grad=3.6236 seconds=15.3
Epoch 3677/5000: score=10.404170 loss=-0.219618 valid=1.0000 routes=8.544 grad=3.6422 seconds=15.6
Epoch 3678/5000: score=10.706125 loss=-0.232180 valid=1.0000 routes=8.882 grad=4.0578 seconds=15.5
Epoch 3679/5000: score=10.824473 loss=-0.232000 valid=1.0000 routes=9.066 grad=3.9454 seconds=15.6
Epoch 3680/5000: score=10.336806 loss=-0.222201 valid=1.0000 routes=8.655 grad=3.6458 seconds=15.3
Epoch 3681/5000: score=10.536725 loss=-0.228966 valid=1.0000 routes=8.482 grad=3.7971 seconds=15.5
Epoch 3682/5000: score=10.593474 loss=-0.226506 valid=1.0000 routes=8.935 grad=3.8682 seconds=15.7
Epoch 3683/5000: score=10.365492 loss=-0.217110 valid=1.0000 routes=8.727 grad=3.8200 seconds=15.7
Epoch 3684/5000: score=10.399683 loss=-0.213384 valid=1.0000 routes=8.727 grad=3.6402 seconds=15.5
Epoch 3685/5000: score=10.555034 loss=-0.227256 valid=1.0000 routes=8.570 grad=3.9103 seconds=15.6
Epoch 3686/5000: score=10.673985 loss=-0.226419 valid=1.0000 routes=8.646 grad=3.8992 seconds=15.6
Epoch 3687/5000: score=10.782808 loss=-0.232597 valid=1.0000 routes=8.832 grad=4.0526 seconds=15.9
Epoch 3688/5000: score=10.924961 loss=-0.221159 valid=1.0000 routes=8.830 grad=3.7995 seconds=15.2
Epoch 3689/5000: score=10.306533 loss=-0.227965 valid=1.0000 routes=9.073 grad=3.7648 seconds=15.4
Epoch 3690/5000: score=10.700786 loss=-0.235076 valid=1.0000 routes=8.718 grad=3.9155 seconds=15.3
Epoch 3691/5000: score=10.170253 loss=-0.211668 valid=1.0000 routes=8.496 grad=3.3834 seconds=15.3
Epoch 3692/5000: score=10.475041 loss=-0.227898 valid=1.0000 routes=8.753 grad=3.9181 seconds=15.4
Epoch 3693/5000: score=10.642034 loss=-0.223936 valid=1.0000 routes=8.829 grad=3.9119 seconds=15.3
Epoch 3694/5000: score=10.361263 loss=-0.207999 valid=1.0000 routes=8.736 grad=3.5549 seconds=15.1
Epoch 3695/5000: score=10.798168 loss=-0.234012 valid=1.0000 routes=9.152 grad=4.0052 seconds=15.3
Epoch 3696/5000: score=10.622515 loss=-0.229173 valid=1.0000 routes=9.002 grad=3.9653 seconds=15.3
Epoch 3697/5000: score=10.873864 loss=-0.242807 valid=1.0000 routes=8.941 grad=4.1740 seconds=15.5
Epoch 3698/5000: score=10.397717 loss=-0.227220 valid=1.0000 routes=8.750 grad=3.7924 seconds=15.7
Epoch 3699/5000: score=10.701108 loss=-0.230903 valid=1.0000 routes=8.560 grad=4.1133 seconds=15.5
Epoch 3700/5000: score=10.585566 loss=-0.218374 valid=1.0000 routes=8.766 grad=3.9092 seconds=15.3
Epoch 3701/5000: score=10.808581 loss=-0.224415 valid=1.0000 routes=8.524 grad=3.7921 seconds=15.5
Epoch 3702/5000: score=10.694953 loss=-0.234292 valid=1.0000 routes=8.777 grad=3.9887 seconds=15.4
Epoch 3703/5000: score=10.731715 loss=-0.226247 valid=1.0000 routes=8.496 grad=3.8482 seconds=15.7
Epoch 3704/5000: score=10.822062 loss=-0.226893 valid=1.0000 routes=9.008 grad=4.0441 seconds=15.4
Epoch 3705/5000: score=10.596228 loss=-0.227185 valid=1.0000 routes=8.850 grad=3.8433 seconds=15.5
Epoch 3706/5000: score=10.923496 loss=-0.230466 valid=1.0000 routes=9.067 grad=3.9898 seconds=15.4
Epoch 3707/5000: score=10.491994 loss=-0.226255 valid=1.0000 routes=9.278 grad=3.8197 seconds=15.4
Epoch 3708/5000: score=10.939458 loss=-0.229539 valid=1.0000 routes=8.773 grad=4.1344 seconds=15.6
Epoch 3709/5000: score=10.120850 loss=-0.217991 valid=1.0000 routes=8.238 grad=3.7067 seconds=15.7
Epoch 3710/5000: score=10.534502 loss=-0.231990 valid=1.0000 routes=9.243 grad=3.9275 seconds=15.5
Epoch 3711/5000: score=10.533246 loss=-0.217415 valid=1.0000 routes=8.364 grad=3.6834 seconds=15.6
Epoch 3712/5000: score=10.610651 loss=-0.227235 valid=1.0000 routes=8.763 grad=3.8437 seconds=15.7
Epoch 3713/5000: score=10.425609 loss=-0.220384 valid=1.0000 routes=8.514 grad=3.5322 seconds=15.7
Epoch 3714/5000: score=10.522650 loss=-0.223991 valid=1.0000 routes=8.480 grad=3.8492 seconds=15.8
Epoch 3715/5000: score=10.596774 loss=-0.224539 valid=1.0000 routes=8.613 grad=3.7417 seconds=15.5
Epoch 3716/5000: score=9.825499 loss=-0.208402 valid=1.0000 routes=8.499 grad=3.3616 seconds=15.6
Epoch 3717/5000: score=10.500997 loss=-0.225447 valid=1.0000 routes=8.702 grad=3.8104 seconds=15.7
Epoch 3718/5000: score=10.569787 loss=-0.218336 valid=1.0000 routes=8.556 grad=3.7337 seconds=15.5
Epoch 3719/5000: score=10.157556 loss=-0.213463 valid=1.0000 routes=8.588 grad=3.5218 seconds=15.7
Epoch 3720/5000: score=10.588677 loss=-0.227525 valid=1.0000 routes=8.735 grad=3.7046 seconds=15.4
Epoch 3721/5000: score=10.585550 loss=-0.223263 valid=1.0000 routes=8.877 grad=3.7479 seconds=15.4
Epoch 3722/5000: score=10.030507 loss=-0.220504 valid=1.0000 routes=8.362 grad=3.5452 seconds=15.2
Epoch 3723/5000: score=10.473162 loss=-0.221533 valid=1.0000 routes=8.822 grad=3.8648 seconds=15.1
Epoch 3724/5000: score=11.038082 loss=-0.229431 valid=1.0000 routes=9.018 grad=3.9544 seconds=15.4
Epoch 3725/5000: score=10.762757 loss=-0.237690 valid=1.0000 routes=8.618 grad=4.0509 seconds=15.3
Epoch 3726/5000: score=10.797616 loss=-0.235086 valid=1.0000 routes=9.301 grad=4.1068 seconds=15.3
Epoch 3727/5000: score=10.851213 loss=-0.229368 valid=1.0000 routes=9.243 grad=3.9573 seconds=15.2
Epoch 3728/5000: score=10.429949 loss=-0.223310 valid=1.0000 routes=8.563 grad=3.7173 seconds=15.3
Epoch 3729/5000: score=10.549403 loss=-0.223548 valid=1.0000 routes=8.780 grad=3.7222 seconds=15.5
Epoch 3730/5000: score=10.895000 loss=-0.228939 valid=1.0000 routes=8.397 grad=3.9823 seconds=15.4
Epoch 3731/5000: score=10.073225 loss=-0.216696 valid=1.0000 routes=8.866 grad=3.5172 seconds=15.2
Epoch 3732/5000: score=10.283133 loss=-0.224862 valid=1.0000 routes=8.795 grad=3.7560 seconds=15.3
Epoch 3733/5000: score=10.767622 loss=-0.228449 valid=1.0000 routes=8.969 grad=3.8308 seconds=15.3
Epoch 3734/5000: score=10.483710 loss=-0.222334 valid=1.0000 routes=8.471 grad=3.7072 seconds=15.3
Epoch 3735/5000: score=10.739984 loss=-0.229788 valid=1.0000 routes=9.203 grad=3.9975 seconds=15.4
Epoch 3736/5000: score=10.344962 loss=-0.225825 valid=1.0000 routes=8.463 grad=3.7843 seconds=15.4
Epoch 3737/5000: score=10.441568 loss=-0.225620 valid=1.0000 routes=8.762 grad=3.8653 seconds=15.3
Epoch 3738/5000: score=10.490244 loss=-0.215823 valid=1.0000 routes=8.788 grad=3.7750 seconds=15.1
Epoch 3739/5000: score=10.579287 loss=-0.225390 valid=1.0000 routes=8.901 grad=3.8958 seconds=15.2
Epoch 3740/5000: score=10.336235 loss=-0.212625 valid=1.0000 routes=8.687 grad=3.5996 seconds=15.3
Epoch 3741/5000: score=10.560017 loss=-0.223971 valid=1.0000 routes=8.852 grad=3.8416 seconds=15.3
Epoch 3742/5000: score=10.606780 loss=-0.227795 valid=1.0000 routes=8.805 grad=3.7962 seconds=15.2
Epoch 3743/5000: score=10.484714 loss=-0.223845 valid=1.0000 routes=8.661 grad=3.7296 seconds=15.2
Epoch 3744/5000: score=10.945639 loss=-0.227789 valid=1.0000 routes=8.991 grad=4.0776 seconds=15.2
Epoch 3745/5000: score=10.864801 loss=-0.227686 valid=1.0000 routes=9.266 grad=3.9630 seconds=15.6
Epoch 3746/5000: score=10.737731 loss=-0.223292 valid=1.0000 routes=8.783 grad=3.8210 seconds=15.4
Epoch 3747/5000: score=10.466988 loss=-0.227876 valid=1.0000 routes=8.677 grad=3.9431 seconds=15.3
Epoch 3748/5000: score=10.772841 loss=-0.230224 valid=1.0000 routes=8.672 grad=4.0004 seconds=15.4
Epoch 3749/5000: score=10.585599 loss=-0.217840 valid=1.0000 routes=8.815 grad=3.8362 seconds=15.3
Epoch 3750/5000: score=10.170136 loss=-0.200725 valid=1.0000 routes=8.515 grad=3.2230 seconds=15.1
Epoch 3751/5000: score=10.691846 loss=-0.223451 valid=1.0000 routes=8.580 grad=3.7810 seconds=15.3
Epoch 3752/5000: score=11.010551 loss=-0.224441 valid=1.0000 routes=8.893 grad=4.0227 seconds=15.3
Epoch 3753/5000: score=10.564613 loss=-0.222054 valid=1.0000 routes=8.787 grad=3.7642 seconds=15.3
Epoch 3754/5000: score=10.562481 loss=-0.218263 valid=1.0000 routes=8.641 grad=3.7902 seconds=15.2
Epoch 3755/5000: score=10.930733 loss=-0.229158 valid=1.0000 routes=9.065 grad=4.0313 seconds=15.2
Epoch 3756/5000: score=9.801317 loss=-0.208625 valid=1.0000 routes=8.321 grad=3.4807 seconds=15.5
Epoch 3757/5000: score=10.856729 loss=-0.228129 valid=1.0000 routes=8.925 grad=3.8668 seconds=15.4
Epoch 3758/5000: score=10.663757 loss=-0.224171 valid=1.0000 routes=8.542 grad=4.0217 seconds=15.5
Epoch 3759/5000: score=10.441615 loss=-0.223183 valid=1.0000 routes=8.494 grad=3.7293 seconds=15.3
Epoch 3760/5000: score=10.625495 loss=-0.220344 valid=1.0000 routes=8.800 grad=3.8075 seconds=15.4
Epoch 3761/5000: score=10.668097 loss=-0.216924 valid=1.0000 routes=8.207 grad=3.6421 seconds=15.3
Epoch 3762/5000: score=10.658207 loss=-0.225383 valid=1.0000 routes=8.691 grad=3.8590 seconds=15.6
Epoch 3763/5000: score=10.163668 loss=-0.220743 valid=1.0000 routes=8.355 grad=3.6912 seconds=15.4
Epoch 3764/5000: score=10.453629 loss=-0.221222 valid=1.0000 routes=9.084 grad=3.7453 seconds=15.3
Epoch 3765/5000: score=10.535667 loss=-0.220562 valid=1.0000 routes=8.487 grad=3.6797 seconds=15.5
Epoch 3766/5000: score=10.430696 loss=-0.213516 valid=1.0000 routes=8.070 grad=3.6890 seconds=15.5
Epoch 3767/5000: score=10.400009 loss=-0.219758 valid=1.0000 routes=8.563 grad=3.6598 seconds=15.4
Epoch 3768/5000: score=10.684093 loss=-0.232614 valid=1.0000 routes=8.986 grad=4.0323 seconds=15.4
Epoch 3769/5000: score=10.292100 loss=-0.220294 valid=1.0000 routes=8.478 grad=3.6024 seconds=15.4
Epoch 3770/5000: score=10.394332 loss=-0.231120 valid=1.0000 routes=8.507 grad=3.8221 seconds=15.6
Epoch 3771/5000: score=10.398483 loss=-0.222741 valid=1.0000 routes=8.574 grad=3.6310 seconds=15.4
Epoch 3772/5000: score=10.844005 loss=-0.228872 valid=1.0000 routes=9.109 grad=3.8708 seconds=15.4
Epoch 3773/5000: score=10.958815 loss=-0.234751 valid=1.0000 routes=8.910 grad=4.0554 seconds=15.5
>> Invalid instances, Re-generating ...
Epoch 3774/5000: score=10.533123 loss=-0.224897 valid=1.0000 routes=8.668 grad=3.9159 seconds=15.5
Epoch 3775/5000: score=10.296937 loss=-0.222588 valid=1.0000 routes=8.551 grad=3.6620 seconds=15.5
Epoch 3776/5000: score=10.329331 loss=-0.226934 valid=1.0000 routes=8.887 grad=3.7046 seconds=15.5
Epoch 3777/5000: score=10.730046 loss=-0.224828 valid=1.0000 routes=8.700 grad=3.9020 seconds=15.5
Epoch 3778/5000: score=10.629884 loss=-0.228331 valid=1.0000 routes=9.067 grad=3.9172 seconds=15.7
Epoch 3779/5000: score=10.779667 loss=-0.226267 valid=1.0000 routes=8.781 grad=3.8011 seconds=15.3
Epoch 3780/5000: score=10.537509 loss=-0.224742 valid=1.0000 routes=8.502 grad=3.7556 seconds=15.5
Epoch 3781/5000: score=10.053558 loss=-0.214081 valid=1.0000 routes=8.185 grad=3.5323 seconds=15.5
Epoch 3782/5000: score=10.077058 loss=-0.211259 valid=1.0000 routes=8.329 grad=3.5129 seconds=15.4
Epoch 3783/5000: score=10.667031 loss=-0.224555 valid=1.0000 routes=8.682 grad=3.7879 seconds=15.6
Epoch 3784/5000: score=10.563090 loss=-0.226530 valid=1.0000 routes=8.922 grad=3.8815 seconds=15.6
Epoch 3785/5000: score=10.342369 loss=-0.215824 valid=1.0000 routes=8.672 grad=3.5383 seconds=15.5
Epoch 3786/5000: score=10.287980 loss=-0.220714 valid=1.0000 routes=8.673 grad=3.6759 seconds=15.4
Epoch 3787/5000: score=10.562705 loss=-0.228487 valid=1.0000 routes=8.783 grad=3.9856 seconds=15.5
Epoch 3788/5000: score=10.864915 loss=-0.222132 valid=1.0000 routes=8.789 grad=3.8811 seconds=15.6
Epoch 3789/5000: score=10.537151 loss=-0.226497 valid=1.0000 routes=8.724 grad=3.8519 seconds=15.5
Epoch 3790/5000: score=10.561695 loss=-0.230942 valid=1.0000 routes=9.196 grad=4.0192 seconds=15.4
Epoch 3791/5000: score=11.050884 loss=-0.242528 valid=1.0000 routes=9.204 grad=4.2398 seconds=15.5
Epoch 3792/5000: score=10.147304 loss=-0.215705 valid=1.0000 routes=8.366 grad=3.6789 seconds=15.5
Epoch 3793/5000: score=10.512079 loss=-0.224559 valid=1.0000 routes=8.704 grad=3.8250 seconds=15.5
Epoch 3794/5000: score=10.949283 loss=-0.232998 valid=1.0000 routes=9.305 grad=3.9550 seconds=15.6
Epoch 3795/5000: score=10.719899 loss=-0.226108 valid=1.0000 routes=8.810 grad=3.8440 seconds=15.4
Epoch 3796/5000: score=10.441058 loss=-0.218078 valid=1.0000 routes=8.686 grad=3.8484 seconds=15.6
Epoch 3797/5000: score=10.487225 loss=-0.214416 valid=1.0000 routes=8.748 grad=3.6915 seconds=15.2
Epoch 3798/5000: score=10.603564 loss=-0.214220 valid=1.0000 routes=8.739 grad=3.7261 seconds=15.4
Epoch 3799/5000: score=10.529169 loss=-0.223276 valid=1.0000 routes=8.964 grad=3.7239 seconds=15.5
Epoch 3800/5000: score=10.282213 loss=-0.217457 valid=1.0000 routes=8.802 grad=3.5887 seconds=15.3
Epoch 3801/5000: score=10.561022 loss=-0.224733 valid=1.0000 routes=8.782 grad=3.8422 seconds=15.3
Epoch 3802/5000: score=10.975521 loss=-0.236091 valid=1.0000 routes=9.022 grad=4.0871 seconds=15.4
Epoch 3803/5000: score=10.700440 loss=-0.226066 valid=1.0000 routes=8.735 grad=3.9876 seconds=15.5
Epoch 3804/5000: score=10.194132 loss=-0.210962 valid=1.0000 routes=8.229 grad=3.5589 seconds=15.5
Epoch 3805/5000: score=10.535969 loss=-0.225035 valid=1.0000 routes=8.489 grad=3.8911 seconds=15.6
Epoch 3806/5000: score=10.532612 loss=-0.219729 valid=1.0000 routes=8.563 grad=3.6269 seconds=15.3
Epoch 3807/5000: score=10.371299 loss=-0.223034 valid=1.0000 routes=8.759 grad=3.8010 seconds=15.3
Epoch 3808/5000: score=10.332899 loss=-0.220517 valid=1.0000 routes=8.339 grad=3.5639 seconds=15.4
Epoch 3809/5000: score=10.999320 loss=-0.234664 valid=1.0000 routes=8.570 grad=3.9699 seconds=15.4
Epoch 3810/5000: score=10.508673 loss=-0.217865 valid=1.0000 routes=8.609 grad=3.6830 seconds=15.4
Epoch 3811/5000: score=10.359328 loss=-0.227788 valid=1.0000 routes=8.994 grad=3.8751 seconds=15.4
Epoch 3812/5000: score=10.840895 loss=-0.231769 valid=1.0000 routes=8.833 grad=3.9740 seconds=15.4
Epoch 3813/5000: score=10.863364 loss=-0.232610 valid=1.0000 routes=8.661 grad=4.0092 seconds=15.4
Epoch 3814/5000: score=10.480703 loss=-0.215874 valid=1.0000 routes=8.481 grad=3.7621 seconds=15.9
Epoch 3815/5000: score=10.287047 loss=-0.234539 valid=1.0000 routes=8.785 grad=3.8947 seconds=15.7
Epoch 3816/5000: score=10.834940 loss=-0.231719 valid=1.0000 routes=8.933 grad=3.9587 seconds=15.6
Epoch 3817/5000: score=10.235671 loss=-0.229373 valid=1.0000 routes=8.256 grad=3.6922 seconds=15.7
Epoch 3818/5000: score=10.456741 loss=-0.217575 valid=1.0000 routes=8.585 grad=3.7750 seconds=15.5
Epoch 3819/5000: score=10.013934 loss=-0.215094 valid=1.0000 routes=8.324 grad=3.4954 seconds=15.7
Epoch 3820/5000: score=10.584609 loss=-0.229575 valid=1.0000 routes=8.785 grad=3.8793 seconds=15.7
Epoch 3821/5000: score=10.574248 loss=-0.224280 valid=1.0000 routes=8.804 grad=3.7625 seconds=15.6
Epoch 3822/5000: score=10.724051 loss=-0.226191 valid=1.0000 routes=9.014 grad=4.0746 seconds=15.5
Epoch 3823/5000: score=10.362897 loss=-0.214629 valid=1.0000 routes=8.634 grad=3.6031 seconds=15.3
Epoch 3824/5000: score=10.331298 loss=-0.220620 valid=1.0000 routes=8.758 grad=3.8102 seconds=15.6
Epoch 3825/5000: score=10.844126 loss=-0.225024 valid=1.0000 routes=8.584 grad=3.7643 seconds=15.5
Epoch 3826/5000: score=10.184208 loss=-0.222302 valid=1.0000 routes=8.882 grad=3.6438 seconds=15.6
>> Invalid instances, Re-generating ...
Epoch 3827/5000: score=9.943996 loss=-0.216978 valid=1.0000 routes=8.517 grad=3.4483 seconds=15.3
Epoch 3828/5000: score=10.591012 loss=-0.223851 valid=1.0000 routes=8.923 grad=3.9156 seconds=15.3
Epoch 3829/5000: score=10.573981 loss=-0.227786 valid=1.0000 routes=8.544 grad=3.9556 seconds=15.6
Epoch 3830/5000: score=10.692575 loss=-0.226244 valid=1.0000 routes=8.984 grad=4.0180 seconds=15.4
Epoch 3831/5000: score=10.150472 loss=-0.214504 valid=1.0000 routes=8.889 grad=3.6718 seconds=15.6
Epoch 3832/5000: score=10.252463 loss=-0.219545 valid=1.0000 routes=8.470 grad=3.5700 seconds=15.6
Epoch 3833/5000: score=10.069531 loss=-0.217548 valid=1.0000 routes=8.668 grad=3.6995 seconds=15.4
Epoch 3834/5000: score=10.620604 loss=-0.225629 valid=1.0000 routes=8.351 grad=3.7294 seconds=15.5
Epoch 3835/5000: score=10.363286 loss=-0.222595 valid=1.0000 routes=8.541 grad=3.7119 seconds=15.4
Epoch 3836/5000: score=10.987271 loss=-0.235382 valid=1.0000 routes=8.810 grad=4.1101 seconds=15.6
Epoch 3837/5000: score=10.845974 loss=-0.227030 valid=1.0000 routes=8.910 grad=4.0028 seconds=15.4
Epoch 3838/5000: score=10.836535 loss=-0.225399 valid=1.0000 routes=8.734 grad=3.9459 seconds=15.6
Epoch 3839/5000: score=10.349613 loss=-0.221595 valid=1.0000 routes=8.466 grad=3.7655 seconds=15.4
Epoch 3840/5000: score=10.410416 loss=-0.220907 valid=1.0000 routes=8.437 grad=3.7302 seconds=15.5
Epoch 3841/5000: score=10.385525 loss=-0.222253 valid=1.0000 routes=8.319 grad=3.7847 seconds=15.0
Epoch 3842/5000: score=10.882984 loss=-0.229950 valid=1.0000 routes=9.028 grad=4.0476 seconds=14.8
Epoch 3843/5000: score=10.531507 loss=-0.218819 valid=1.0000 routes=8.182 grad=3.6414 seconds=14.7
Epoch 3844/5000: score=10.515391 loss=-0.224445 valid=1.0000 routes=8.556 grad=3.8345 seconds=14.8
Epoch 3845/5000: score=10.909789 loss=-0.232459 valid=1.0000 routes=8.768 grad=4.0649 seconds=14.7
Epoch 3846/5000: score=10.454806 loss=-0.222073 valid=1.0000 routes=8.502 grad=3.8351 seconds=14.6
Epoch 3847/5000: score=10.719397 loss=-0.227662 valid=1.0000 routes=8.384 grad=3.8761 seconds=14.9
Epoch 3848/5000: score=10.406237 loss=-0.228840 valid=1.0000 routes=8.595 grad=3.7499 seconds=15.2
Epoch 3849/5000: score=10.124516 loss=-0.216171 valid=1.0000 routes=8.608 grad=3.5095 seconds=15.5
Epoch 3850/5000: score=10.393774 loss=-0.226707 valid=1.0000 routes=8.771 grad=3.8343 seconds=15.5
Epoch 3851/5000: score=10.980151 loss=-0.242027 valid=1.0000 routes=8.945 grad=4.1195 seconds=15.4
Epoch 3852/5000: score=10.274299 loss=-0.218801 valid=1.0000 routes=8.874 grad=3.6867 seconds=15.4
Epoch 3853/5000: score=10.492261 loss=-0.225777 valid=1.0000 routes=8.405 grad=3.9260 seconds=15.6
Epoch 3854/5000: score=10.715491 loss=-0.229761 valid=1.0000 routes=9.044 grad=4.0407 seconds=15.3
Epoch 3855/5000: score=10.475582 loss=-0.220369 valid=1.0000 routes=8.414 grad=3.6298 seconds=15.3
Epoch 3856/5000: score=10.466385 loss=-0.219490 valid=1.0000 routes=8.559 grad=3.7363 seconds=15.4
Epoch 3857/5000: score=10.652961 loss=-0.218984 valid=1.0000 routes=8.809 grad=3.8286 seconds=15.2
Epoch 3858/5000: score=10.600624 loss=-0.225668 valid=1.0000 routes=8.985 grad=3.9802 seconds=15.4
Epoch 3859/5000: score=10.606894 loss=-0.221363 valid=1.0000 routes=8.889 grad=3.7287 seconds=15.3
Epoch 3860/5000: score=10.099254 loss=-0.217229 valid=1.0000 routes=8.556 grad=3.6535 seconds=15.3
Epoch 3861/5000: score=10.062103 loss=-0.212395 valid=1.0000 routes=8.765 grad=3.5019 seconds=15.4
Epoch 3862/5000: score=10.603598 loss=-0.220405 valid=1.0000 routes=8.316 grad=3.7485 seconds=15.4
Epoch 3863/5000: score=10.610082 loss=-0.227122 valid=1.0000 routes=8.579 grad=3.8174 seconds=15.5
Epoch 3864/5000: score=10.385561 loss=-0.220981 valid=1.0000 routes=8.635 grad=3.6316 seconds=15.2
Epoch 3865/5000: score=10.773086 loss=-0.233389 valid=1.0000 routes=8.928 grad=4.0086 seconds=14.6
Epoch 3866/5000: score=11.136903 loss=-0.232614 valid=1.0000 routes=8.944 grad=3.9663 seconds=14.7
Epoch 3867/5000: score=10.714048 loss=-0.227546 valid=1.0000 routes=8.748 grad=3.9967 seconds=15.2
Epoch 3868/5000: score=10.894962 loss=-0.238281 valid=1.0000 routes=8.991 grad=4.1961 seconds=15.5
Epoch 3869/5000: score=10.498492 loss=-0.220140 valid=1.0000 routes=8.688 grad=3.7525 seconds=15.4
Epoch 3870/5000: score=10.300916 loss=-0.219745 valid=1.0000 routes=8.787 grad=3.7099 seconds=15.3
Epoch 3871/5000: score=10.529751 loss=-0.220296 valid=1.0000 routes=8.513 grad=3.8365 seconds=15.4
Epoch 3872/5000: score=10.611282 loss=-0.217605 valid=1.0000 routes=8.618 grad=3.8185 seconds=15.1
Epoch 3873/5000: score=10.979403 loss=-0.230672 valid=1.0000 routes=8.703 grad=3.9649 seconds=15.3
Epoch 3874/5000: score=10.777329 loss=-0.240795 valid=1.0000 routes=8.886 grad=4.1165 seconds=15.4
Epoch 3875/5000: score=10.509641 loss=-0.222952 valid=1.0000 routes=8.563 grad=3.7897 seconds=15.5
Epoch 3876/5000: score=10.378025 loss=-0.217221 valid=1.0000 routes=8.515 grad=3.5642 seconds=15.3
Epoch 3877/5000: score=10.648185 loss=-0.220043 valid=1.0000 routes=8.639 grad=3.9447 seconds=15.3
Epoch 3878/5000: score=10.796813 loss=-0.228558 valid=1.0000 routes=8.485 grad=3.8266 seconds=15.2
Epoch 3879/5000: score=10.656226 loss=-0.228486 valid=1.0000 routes=8.784 grad=4.0272 seconds=15.3
Epoch 3880/5000: score=10.393148 loss=-0.225205 valid=1.0000 routes=8.652 grad=3.8556 seconds=15.5
Epoch 3881/5000: score=10.837813 loss=-0.223769 valid=1.0000 routes=8.852 grad=3.9775 seconds=15.2
Epoch 3882/5000: score=10.699032 loss=-0.219541 valid=1.0000 routes=8.724 grad=3.8743 seconds=15.3
Epoch 3883/5000: score=10.753906 loss=-0.235522 valid=1.0000 routes=8.956 grad=4.0157 seconds=15.3
Epoch 3884/5000: score=10.419017 loss=-0.225448 valid=1.0000 routes=8.603 grad=3.8092 seconds=15.3
Epoch 3885/5000: score=10.283572 loss=-0.220287 valid=1.0000 routes=8.418 grad=3.6706 seconds=15.5
Epoch 3886/5000: score=10.470923 loss=-0.208911 valid=1.0000 routes=8.429 grad=3.5142 seconds=15.2
Epoch 3887/5000: score=10.262828 loss=-0.213653 valid=1.0000 routes=8.245 grad=3.4561 seconds=15.4
Epoch 3888/5000: score=10.743480 loss=-0.215787 valid=1.0000 routes=8.538 grad=3.9276 seconds=15.1
Epoch 3889/5000: score=10.394853 loss=-0.227532 valid=1.0000 routes=9.015 grad=3.8791 seconds=15.1
Epoch 3890/5000: score=10.464969 loss=-0.230551 valid=1.0000 routes=8.861 grad=3.8801 seconds=15.4
Epoch 3891/5000: score=10.616623 loss=-0.219532 valid=1.0000 routes=8.590 grad=3.8494 seconds=15.5
Epoch 3892/5000: score=10.308066 loss=-0.206393 valid=1.0000 routes=8.701 grad=3.4397 seconds=15.2
Epoch 3893/5000: score=10.494100 loss=-0.222127 valid=1.0000 routes=8.639 grad=3.6246 seconds=15.3
Epoch 3894/5000: score=10.602443 loss=-0.226445 valid=1.0000 routes=8.553 grad=3.9013 seconds=15.4
Epoch 3895/5000: score=10.457840 loss=-0.216561 valid=1.0000 routes=9.119 grad=3.8234 seconds=15.4
Epoch 3896/5000: score=10.760441 loss=-0.221875 valid=1.0000 routes=8.724 grad=3.7935 seconds=15.6
Epoch 3897/5000: score=10.695686 loss=-0.216518 valid=1.0000 routes=8.555 grad=3.9150 seconds=15.6
Epoch 3898/5000: score=10.338620 loss=-0.225777 valid=1.0000 routes=8.791 grad=3.9287 seconds=15.6
Epoch 3899/5000: score=10.554927 loss=-0.224420 valid=1.0000 routes=8.763 grad=3.7277 seconds=15.5
Epoch 3900/5000: score=10.295275 loss=-0.221654 valid=1.0000 routes=8.637 grad=3.8693 seconds=15.8
Epoch 3901/5000: score=10.453898 loss=-0.221804 valid=1.0000 routes=8.312 grad=3.7025 seconds=16.0
Epoch 3902/5000: score=10.711974 loss=-0.230433 valid=1.0000 routes=8.991 grad=3.8166 seconds=15.5
Epoch 3903/5000: score=10.633031 loss=-0.221930 valid=1.0000 routes=8.924 grad=3.8819 seconds=15.4
Epoch 3904/5000: score=10.490053 loss=-0.222965 valid=1.0000 routes=8.930 grad=3.7301 seconds=15.4
Epoch 3905/5000: score=10.512972 loss=-0.220951 valid=1.0000 routes=8.485 grad=3.7099 seconds=15.7
Epoch 3906/5000: score=10.867006 loss=-0.229839 valid=1.0000 routes=8.817 grad=3.9311 seconds=15.7
Epoch 3907/5000: score=10.779424 loss=-0.230564 valid=1.0000 routes=8.572 grad=4.0278 seconds=15.7
Epoch 3908/5000: score=10.513687 loss=-0.212907 valid=1.0000 routes=8.720 grad=3.8241 seconds=15.5
Epoch 3909/5000: score=10.226129 loss=-0.222251 valid=1.0000 routes=8.640 grad=3.7041 seconds=15.6
Epoch 3910/5000: score=10.740273 loss=-0.222096 valid=1.0000 routes=8.625 grad=3.8713 seconds=15.5
Epoch 3911/5000: score=10.263900 loss=-0.227365 valid=1.0000 routes=8.777 grad=3.7482 seconds=15.6
Epoch 3912/5000: score=10.281221 loss=-0.217759 valid=1.0000 routes=8.368 grad=3.5359 seconds=15.6
Epoch 3913/5000: score=10.378521 loss=-0.229057 valid=1.0000 routes=8.596 grad=3.8467 seconds=15.6
Epoch 3914/5000: score=10.395541 loss=-0.218280 valid=1.0000 routes=8.557 grad=3.7930 seconds=15.6
Epoch 3915/5000: score=10.553402 loss=-0.216818 valid=1.0000 routes=9.047 grad=3.7936 seconds=15.4
Epoch 3916/5000: score=10.292639 loss=-0.226007 valid=1.0000 routes=8.854 grad=3.7633 seconds=15.4
Epoch 3917/5000: score=10.546832 loss=-0.223039 valid=1.0000 routes=8.546 grad=3.7350 seconds=15.6
Epoch 3918/5000: score=11.107721 loss=-0.244858 valid=1.0000 routes=8.715 grad=4.1663 seconds=15.4
Epoch 3919/5000: score=10.200715 loss=-0.215504 valid=1.0000 routes=8.405 grad=3.5095 seconds=15.3
Epoch 3920/5000: score=10.994774 loss=-0.239264 valid=1.0000 routes=9.104 grad=4.1624 seconds=15.5
Epoch 3921/5000: score=10.740090 loss=-0.227790 valid=1.0000 routes=8.797 grad=4.1522 seconds=15.5
Epoch 3922/5000: score=10.720613 loss=-0.221775 valid=1.0000 routes=8.877 grad=3.9852 seconds=15.6
Epoch 3923/5000: score=10.455889 loss=-0.218827 valid=1.0000 routes=8.669 grad=3.7198 seconds=15.5
Epoch 3924/5000: score=11.011463 loss=-0.228493 valid=1.0000 routes=8.502 grad=3.9736 seconds=15.4
Epoch 3925/5000: score=10.311237 loss=-0.220875 valid=1.0000 routes=8.757 grad=3.6804 seconds=15.5
Epoch 3926/5000: score=10.565009 loss=-0.216000 valid=1.0000 routes=8.347 grad=3.6554 seconds=15.4
Epoch 3927/5000: score=10.747253 loss=-0.232696 valid=1.0000 routes=8.444 grad=4.0081 seconds=15.5
Epoch 3928/5000: score=10.500257 loss=-0.219275 valid=1.0000 routes=8.438 grad=3.7475 seconds=15.7
Epoch 3929/5000: score=10.844874 loss=-0.223959 valid=1.0000 routes=8.954 grad=3.9253 seconds=15.3
Epoch 3930/5000: score=10.628563 loss=-0.218793 valid=1.0000 routes=8.550 grad=3.8757 seconds=15.4
Epoch 3931/5000: score=10.378376 loss=-0.216240 valid=1.0000 routes=8.763 grad=3.5973 seconds=15.3
Epoch 3932/5000: score=10.285622 loss=-0.213584 valid=1.0000 routes=8.703 grad=3.5160 seconds=15.4
Epoch 3933/5000: score=10.257590 loss=-0.219847 valid=1.0000 routes=8.959 grad=3.7822 seconds=15.6
Epoch 3934/5000: score=10.185965 loss=-0.226063 valid=1.0000 routes=8.507 grad=3.6711 seconds=15.5
Epoch 3935/5000: score=10.319931 loss=-0.215925 valid=1.0000 routes=8.699 grad=3.7712 seconds=15.5
Epoch 3936/5000: score=10.139853 loss=-0.214093 valid=1.0000 routes=8.357 grad=3.5265 seconds=15.6
Epoch 3937/5000: score=10.351590 loss=-0.213683 valid=1.0000 routes=8.330 grad=3.6717 seconds=15.5
Epoch 3938/5000: score=10.032221 loss=-0.215528 valid=1.0000 routes=8.797 grad=3.6170 seconds=15.5
Epoch 3939/5000: score=10.259210 loss=-0.224327 valid=1.0000 routes=8.678 grad=3.7647 seconds=15.7
Epoch 3940/5000: score=10.533827 loss=-0.222535 valid=1.0000 routes=8.543 grad=3.6300 seconds=15.4
Epoch 3941/5000: score=10.558870 loss=-0.219470 valid=1.0000 routes=8.714 grad=3.7708 seconds=15.3
Epoch 3942/5000: score=10.614606 loss=-0.232698 valid=1.0000 routes=8.722 grad=3.9406 seconds=15.6
Epoch 3943/5000: score=10.787006 loss=-0.223245 valid=1.0000 routes=8.853 grad=3.8539 seconds=15.5
Epoch 3944/5000: score=10.729370 loss=-0.230995 valid=1.0000 routes=9.227 grad=3.9545 seconds=15.5
Epoch 3945/5000: score=10.577157 loss=-0.229109 valid=1.0000 routes=8.722 grad=3.8990 seconds=15.4
Epoch 3946/5000: score=10.409430 loss=-0.232248 valid=1.0000 routes=8.916 grad=3.9507 seconds=15.4
Epoch 3947/5000: score=10.383264 loss=-0.223979 valid=1.0000 routes=8.271 grad=3.8274 seconds=15.4
Epoch 3948/5000: score=10.704922 loss=-0.231501 valid=1.0000 routes=8.590 grad=4.0228 seconds=15.4
Epoch 3949/5000: score=10.755838 loss=-0.228406 valid=1.0000 routes=8.876 grad=4.0299 seconds=15.7
Epoch 3950/5000: score=10.633421 loss=-0.216947 valid=1.0000 routes=8.473 grad=3.7876 seconds=15.3
Epoch 3951/5000: score=10.569868 loss=-0.223693 valid=1.0000 routes=8.996 grad=3.7919 seconds=15.3
Epoch 3952/5000: score=10.365179 loss=-0.223158 valid=1.0000 routes=8.836 grad=3.6757 seconds=15.3
Epoch 3953/5000: score=10.625758 loss=-0.227440 valid=1.0000 routes=8.678 grad=3.8827 seconds=15.5
Epoch 3954/5000: score=10.272141 loss=-0.216387 valid=1.0000 routes=8.416 grad=3.4971 seconds=15.4
Epoch 3955/5000: score=10.474683 loss=-0.218261 valid=1.0000 routes=8.640 grad=3.7649 seconds=15.3
Epoch 3956/5000: score=10.553445 loss=-0.217324 valid=1.0000 routes=8.619 grad=3.7245 seconds=15.3
Epoch 3957/5000: score=10.194328 loss=-0.213797 valid=1.0000 routes=8.592 grad=3.5802 seconds=15.5
Epoch 3958/5000: score=10.582296 loss=-0.224146 valid=1.0000 routes=8.969 grad=3.8847 seconds=15.5
Epoch 3959/5000: score=10.225811 loss=-0.223341 valid=1.0000 routes=8.691 grad=3.8292 seconds=15.6
Epoch 3960/5000: score=10.841926 loss=-0.229023 valid=1.0000 routes=8.472 grad=3.9726 seconds=15.6
Epoch 3961/5000: score=10.283655 loss=-0.213931 valid=1.0000 routes=8.609 grad=3.6780 seconds=15.4
Epoch 3962/5000: score=10.743612 loss=-0.223053 valid=1.0000 routes=8.781 grad=3.9572 seconds=15.5
Epoch 3963/5000: score=10.159904 loss=-0.209425 valid=1.0000 routes=8.381 grad=3.4834 seconds=15.3
Epoch 3964/5000: score=11.035852 loss=-0.229341 valid=1.0000 routes=8.887 grad=4.0964 seconds=15.4
Epoch 3965/5000: score=10.594723 loss=-0.221275 valid=1.0000 routes=8.405 grad=3.6048 seconds=15.6
Epoch 3966/5000: score=10.591179 loss=-0.232677 valid=1.0000 routes=8.607 grad=3.9363 seconds=15.5
Epoch 3967/5000: score=10.455405 loss=-0.218183 valid=1.0000 routes=8.700 grad=3.6570 seconds=15.5
Epoch 3968/5000: score=10.499033 loss=-0.231245 valid=1.0000 routes=8.951 grad=3.9411 seconds=15.3
Epoch 3969/5000: score=10.658208 loss=-0.223801 valid=1.0000 routes=8.573 grad=3.7432 seconds=15.5
Epoch 3970/5000: score=10.583749 loss=-0.224227 valid=1.0000 routes=8.442 grad=3.7460 seconds=15.8
Epoch 3971/5000: score=11.104658 loss=-0.230669 valid=1.0000 routes=9.134 grad=4.1152 seconds=15.6
Epoch 3972/5000: score=10.520382 loss=-0.219160 valid=1.0000 routes=8.534 grad=3.7372 seconds=15.4
Epoch 3973/5000: score=10.659203 loss=-0.221085 valid=1.0000 routes=8.188 grad=3.7640 seconds=15.5
Epoch 3974/5000: score=10.524992 loss=-0.224633 valid=1.0000 routes=8.768 grad=3.8947 seconds=15.4
Epoch 3975/5000: score=10.852725 loss=-0.227705 valid=1.0000 routes=8.867 grad=3.9123 seconds=15.4
Epoch 3976/5000: score=10.512439 loss=-0.214862 valid=1.0000 routes=8.822 grad=3.7880 seconds=15.5
Epoch 3977/5000: score=10.626753 loss=-0.222027 valid=1.0000 routes=8.503 grad=3.7897 seconds=15.5
Epoch 3978/5000: score=10.385922 loss=-0.222543 valid=1.0000 routes=8.568 grad=3.7276 seconds=15.5
Epoch 3979/5000: score=10.720626 loss=-0.228742 valid=1.0000 routes=8.767 grad=3.9641 seconds=15.6
>> Invalid instances, Re-generating ...
Epoch 3980/5000: score=10.820338 loss=-0.225890 valid=1.0000 routes=8.974 grad=4.0047 seconds=15.4
Epoch 3981/5000: score=10.531144 loss=-0.225165 valid=1.0000 routes=8.737 grad=3.8794 seconds=15.7
Epoch 3982/5000: score=10.307676 loss=-0.216487 valid=1.0000 routes=8.718 grad=3.6930 seconds=15.5
Epoch 3983/5000: score=10.421008 loss=-0.228183 valid=1.0000 routes=8.653 grad=3.7470 seconds=15.4
Epoch 3984/5000: score=10.606432 loss=-0.233700 valid=1.0000 routes=9.069 grad=3.8700 seconds=15.7
Epoch 3985/5000: score=10.655107 loss=-0.233082 valid=1.0000 routes=8.655 grad=3.8541 seconds=15.7
Epoch 3986/5000: score=10.657427 loss=-0.233272 valid=1.0000 routes=8.935 grad=4.0869 seconds=15.6
Epoch 3987/5000: score=10.694654 loss=-0.225826 valid=1.0000 routes=8.638 grad=4.0143 seconds=15.6
Epoch 3988/5000: score=10.312405 loss=-0.220797 valid=1.0000 routes=8.391 grad=3.7937 seconds=15.5
Epoch 3989/5000: score=10.923744 loss=-0.233088 valid=1.0000 routes=9.209 grad=4.1189 seconds=15.4
Epoch 3990/5000: score=10.575052 loss=-0.222679 valid=1.0000 routes=8.955 grad=3.8206 seconds=15.4
Epoch 3991/5000: score=10.559572 loss=-0.222876 valid=1.0000 routes=8.454 grad=3.8549 seconds=15.6
Epoch 3992/5000: score=10.778594 loss=-0.229111 valid=1.0000 routes=8.667 grad=3.8454 seconds=15.6
Epoch 3993/5000: score=10.384769 loss=-0.221418 valid=1.0000 routes=8.339 grad=3.7914 seconds=15.5
Epoch 3994/5000: score=10.652041 loss=-0.231925 valid=1.0000 routes=8.694 grad=3.9179 seconds=15.3
Epoch 3995/5000: score=10.452922 loss=-0.214854 valid=1.0000 routes=8.264 grad=3.5149 seconds=15.4
Epoch 3996/5000: score=10.762394 loss=-0.225483 valid=1.0000 routes=8.826 grad=3.8273 seconds=15.3
Epoch 3997/5000: score=10.658934 loss=-0.219663 valid=1.0000 routes=8.838 grad=3.8445 seconds=15.5
Epoch 3998/5000: score=10.242487 loss=-0.222598 valid=1.0000 routes=8.600 grad=3.6900 seconds=15.5
Epoch 3999/5000: score=10.771208 loss=-0.232411 valid=1.0000 routes=8.601 grad=3.9650 seconds=15.5
Epoch 4000/5000: score=10.567879 loss=-0.223975 valid=1.0000 routes=8.740 grad=3.8074 seconds=15.3
>> Invalid instances, Re-generating ...
Epoch 4001/5000: score=10.571769 loss=-0.226530 valid=1.0000 routes=8.832 grad=3.8603 seconds=15.5
Epoch 4002/5000: score=10.515412 loss=-0.223766 valid=1.0000 routes=8.560 grad=3.7850 seconds=15.7
Epoch 4003/5000: score=10.708236 loss=-0.222208 valid=1.0000 routes=8.430 grad=3.8122 seconds=15.4
Epoch 4004/5000: score=10.279034 loss=-0.212819 valid=1.0000 routes=8.911 grad=3.5497 seconds=15.3
Epoch 4005/5000: score=10.633496 loss=-0.227908 valid=1.0000 routes=8.627 grad=3.8480 seconds=15.4
Epoch 4006/5000: score=10.128634 loss=-0.212263 valid=1.0000 routes=8.418 grad=3.5890 seconds=15.4
Epoch 4007/5000: score=10.144185 loss=-0.215219 valid=1.0000 routes=8.407 grad=3.5909 seconds=15.5
Epoch 4008/5000: score=10.384790 loss=-0.220947 valid=1.0000 routes=8.658 grad=3.7044 seconds=15.5
Epoch 4009/5000: score=10.128316 loss=-0.218633 valid=1.0000 routes=8.544 grad=3.6639 seconds=15.4
Epoch 4010/5000: score=10.796953 loss=-0.226545 valid=1.0000 routes=8.985 grad=3.8668 seconds=15.3
Epoch 4011/5000: score=10.798303 loss=-0.230087 valid=1.0000 routes=8.625 grad=3.8999 seconds=15.4
Epoch 4012/5000: score=10.838517 loss=-0.233299 valid=1.0000 routes=8.675 grad=4.0345 seconds=15.4
Epoch 4013/5000: score=10.559202 loss=-0.223157 valid=1.0000 routes=8.777 grad=3.8695 seconds=15.6
Epoch 4014/5000: score=10.378034 loss=-0.214358 valid=1.0000 routes=8.469 grad=3.5715 seconds=15.4
Epoch 4015/5000: score=10.468877 loss=-0.214067 valid=1.0000 routes=8.525 grad=3.6661 seconds=15.3
Epoch 4016/5000: score=10.241871 loss=-0.213845 valid=1.0000 routes=8.451 grad=3.7620 seconds=15.4
Epoch 4017/5000: score=10.087222 loss=-0.221736 valid=1.0000 routes=8.904 grad=3.7125 seconds=15.4
Epoch 4018/5000: score=10.550130 loss=-0.228448 valid=1.0000 routes=8.936 grad=3.8742 seconds=15.5
Epoch 4019/5000: score=10.633065 loss=-0.222898 valid=1.0000 routes=8.905 grad=3.9192 seconds=15.6
Epoch 4020/5000: score=10.555695 loss=-0.224439 valid=1.0000 routes=8.841 grad=3.8801 seconds=15.4
Epoch 4021/5000: score=10.420034 loss=-0.220243 valid=1.0000 routes=8.383 grad=3.8086 seconds=15.5
Epoch 4022/5000: score=10.590087 loss=-0.216295 valid=1.0000 routes=8.184 grad=3.5789 seconds=15.4
Epoch 4023/5000: score=10.422731 loss=-0.229813 valid=1.0000 routes=8.445 grad=3.8323 seconds=15.5
Epoch 4024/5000: score=10.230898 loss=-0.223824 valid=1.0000 routes=8.332 grad=3.7861 seconds=15.6
Epoch 4025/5000: score=10.629978 loss=-0.227004 valid=1.0000 routes=9.027 grad=3.8075 seconds=15.3
Epoch 4026/5000: score=10.792939 loss=-0.232029 valid=1.0000 routes=8.508 grad=4.0209 seconds=15.6
Epoch 4027/5000: score=10.729910 loss=-0.231174 valid=1.0000 routes=9.034 grad=4.0592 seconds=15.4
Epoch 4028/5000: score=10.981121 loss=-0.232144 valid=1.0000 routes=8.920 grad=4.1702 seconds=15.4
Epoch 4029/5000: score=10.241324 loss=-0.217371 valid=1.0000 routes=8.580 grad=3.6507 seconds=15.6
Epoch 4030/5000: score=10.268759 loss=-0.212610 valid=1.0000 routes=8.737 grad=3.6453 seconds=15.4
Epoch 4031/5000: score=10.377794 loss=-0.222616 valid=1.0000 routes=8.668 grad=3.7722 seconds=15.4
Epoch 4032/5000: score=10.414932 loss=-0.225022 valid=1.0000 routes=8.673 grad=3.8834 seconds=15.4
Epoch 4033/5000: score=10.065355 loss=-0.216139 valid=1.0000 routes=7.900 grad=3.5873 seconds=15.5
Epoch 4034/5000: score=10.716389 loss=-0.231183 valid=1.0000 routes=8.748 grad=4.0020 seconds=15.8
Epoch 4035/5000: score=10.771572 loss=-0.219878 valid=1.0000 routes=8.879 grad=3.8960 seconds=15.4
Epoch 4036/5000: score=10.275981 loss=-0.214928 valid=1.0000 routes=8.783 grad=3.6952 seconds=15.5
Epoch 4037/5000: score=10.501072 loss=-0.217652 valid=1.0000 routes=8.488 grad=3.8859 seconds=15.6
Epoch 4038/5000: score=10.692292 loss=-0.232449 valid=1.0000 routes=8.743 grad=3.9476 seconds=15.4
Epoch 4039/5000: score=10.498454 loss=-0.229169 valid=1.0000 routes=8.649 grad=3.8599 seconds=15.4
Epoch 4040/5000: score=10.404299 loss=-0.215578 valid=1.0000 routes=8.571 grad=3.7364 seconds=15.5
Epoch 4041/5000: score=10.471988 loss=-0.221573 valid=1.0000 routes=8.441 grad=3.9509 seconds=15.3
Epoch 4042/5000: score=10.339256 loss=-0.223333 valid=1.0000 routes=8.870 grad=3.6763 seconds=15.4
Epoch 4043/5000: score=10.552590 loss=-0.227541 valid=1.0000 routes=8.267 grad=3.7360 seconds=15.4
Epoch 4044/5000: score=10.829828 loss=-0.226630 valid=1.0000 routes=8.490 grad=3.9623 seconds=15.5
Epoch 4045/5000: score=10.391961 loss=-0.217323 valid=1.0000 routes=8.712 grad=3.7589 seconds=15.4
Epoch 4046/5000: score=10.311680 loss=-0.225977 valid=1.0000 routes=8.806 grad=3.7346 seconds=15.3
Epoch 4047/5000: score=10.947815 loss=-0.248654 valid=1.0000 routes=9.127 grad=4.2374 seconds=15.5
Epoch 4048/5000: score=10.433458 loss=-0.227777 valid=1.0000 routes=9.078 grad=3.9128 seconds=15.4
Epoch 4049/5000: score=10.497965 loss=-0.211969 valid=1.0000 routes=8.536 grad=3.5777 seconds=15.5
Epoch 4050/5000: score=10.497745 loss=-0.220965 valid=1.0000 routes=8.652 grad=3.7488 seconds=15.8
Epoch 4051/5000: score=10.610005 loss=-0.231644 valid=1.0000 routes=8.443 grad=3.8571 seconds=15.7
Epoch 4052/5000: score=10.058105 loss=-0.213693 valid=1.0000 routes=8.513 grad=3.5571 seconds=15.5
Epoch 4053/5000: score=10.354047 loss=-0.218232 valid=1.0000 routes=8.963 grad=3.8403 seconds=15.6
Epoch 4054/5000: score=10.543108 loss=-0.221732 valid=1.0000 routes=8.569 grad=3.7409 seconds=15.6
Epoch 4055/5000: score=10.484426 loss=-0.225364 valid=1.0000 routes=8.470 grad=3.8297 seconds=15.6
Epoch 4056/5000: score=10.137742 loss=-0.220462 valid=1.0000 routes=8.462 grad=3.6494 seconds=15.8
Epoch 4057/5000: score=10.838831 loss=-0.229162 valid=1.0000 routes=8.563 grad=4.1577 seconds=15.7
Epoch 4058/5000: score=10.567984 loss=-0.216303 valid=1.0000 routes=8.615 grad=3.7694 seconds=15.3
Epoch 4059/5000: score=10.879136 loss=-0.231866 valid=1.0000 routes=8.559 grad=4.1258 seconds=15.5
Epoch 4060/5000: score=10.676826 loss=-0.222986 valid=1.0000 routes=8.701 grad=3.7875 seconds=15.3
Epoch 4061/5000: score=10.681986 loss=-0.226294 valid=1.0000 routes=8.652 grad=3.9061 seconds=15.9
Epoch 4062/5000: score=10.737209 loss=-0.227148 valid=1.0000 routes=8.913 grad=4.0316 seconds=15.3
Epoch 4063/5000: score=10.496261 loss=-0.225999 valid=1.0000 routes=9.250 grad=3.9704 seconds=15.2
Epoch 4064/5000: score=10.744015 loss=-0.230280 valid=1.0000 routes=8.949 grad=4.0506 seconds=15.3
Epoch 4065/5000: score=10.910171 loss=-0.226231 valid=1.0000 routes=8.454 grad=3.9495 seconds=15.3
Epoch 4066/5000: score=10.505292 loss=-0.224736 valid=1.0000 routes=9.028 grad=3.9261 seconds=15.7
Epoch 4067/5000: score=9.958783 loss=-0.215430 valid=1.0000 routes=8.025 grad=3.3664 seconds=15.5
Epoch 4068/5000: score=10.528034 loss=-0.225721 valid=1.0000 routes=8.628 grad=3.8529 seconds=15.5
Epoch 4069/5000: score=10.153438 loss=-0.207671 valid=1.0000 routes=8.333 grad=3.4974 seconds=15.3
Epoch 4070/5000: score=10.518107 loss=-0.223184 valid=1.0000 routes=8.730 grad=3.9033 seconds=15.5
Epoch 4071/5000: score=10.753620 loss=-0.223177 valid=1.0000 routes=8.589 grad=3.8090 seconds=15.8
Epoch 4072/5000: score=10.821940 loss=-0.228800 valid=1.0000 routes=8.764 grad=3.9099 seconds=15.9
Epoch 4073/5000: score=10.648244 loss=-0.234660 valid=1.0000 routes=9.074 grad=4.0422 seconds=16.0
Epoch 4074/5000: score=10.320146 loss=-0.210866 valid=1.0000 routes=8.879 grad=3.6902 seconds=15.6
Epoch 4075/5000: score=10.416328 loss=-0.217242 valid=1.0000 routes=8.627 grad=3.6763 seconds=15.6
Epoch 4076/5000: score=10.788310 loss=-0.220231 valid=1.0000 routes=8.998 grad=3.8899 seconds=15.6
Epoch 4077/5000: score=10.429683 loss=-0.227916 valid=1.0000 routes=8.634 grad=3.8705 seconds=15.9
Epoch 4078/5000: score=10.885918 loss=-0.228710 valid=1.0000 routes=8.785 grad=4.1096 seconds=15.5
Epoch 4079/5000: score=10.789018 loss=-0.236276 valid=1.0000 routes=8.874 grad=4.1141 seconds=15.8
Epoch 4080/5000: score=10.120235 loss=-0.216053 valid=1.0000 routes=7.773 grad=3.4911 seconds=15.7
Epoch 4081/5000: score=10.407616 loss=-0.223053 valid=1.0000 routes=8.611 grad=3.9594 seconds=15.4
Epoch 4082/5000: score=10.766812 loss=-0.229061 valid=1.0000 routes=8.654 grad=3.9293 seconds=15.8
Epoch 4083/5000: score=10.750264 loss=-0.233626 valid=1.0000 routes=8.713 grad=4.1109 seconds=15.9
Epoch 4084/5000: score=10.686806 loss=-0.234360 valid=1.0000 routes=8.746 grad=3.9764 seconds=15.6
Epoch 4085/5000: score=10.927092 loss=-0.235058 valid=1.0000 routes=8.931 grad=4.1031 seconds=15.7
Epoch 4086/5000: score=10.116567 loss=-0.206895 valid=1.0000 routes=8.275 grad=3.5059 seconds=15.6
Epoch 4087/5000: score=10.155103 loss=-0.205154 valid=1.0000 routes=8.310 grad=3.5338 seconds=15.8
Epoch 4088/5000: score=10.926491 loss=-0.239060 valid=1.0000 routes=8.867 grad=3.9956 seconds=15.6
Epoch 4089/5000: score=10.694040 loss=-0.220551 valid=1.0000 routes=8.800 grad=3.7556 seconds=15.7
Epoch 4090/5000: score=10.625369 loss=-0.221009 valid=1.0000 routes=8.654 grad=3.9623 seconds=15.6
Epoch 4091/5000: score=10.776920 loss=-0.231334 valid=1.0000 routes=8.895 grad=4.2384 seconds=15.5
Epoch 4092/5000: score=10.491930 loss=-0.221320 valid=1.0000 routes=8.672 grad=3.8254 seconds=15.7
Epoch 4093/5000: score=10.639818 loss=-0.225162 valid=1.0000 routes=8.730 grad=3.8067 seconds=15.6
Epoch 4094/5000: score=10.802321 loss=-0.228619 valid=1.0000 routes=8.542 grad=3.9562 seconds=15.6
Epoch 4095/5000: score=10.529489 loss=-0.222986 valid=1.0000 routes=8.425 grad=3.7284 seconds=15.8
Epoch 4096/5000: score=10.419660 loss=-0.217711 valid=1.0000 routes=8.649 grad=3.7876 seconds=15.9
Epoch 4097/5000: score=10.611499 loss=-0.222597 valid=1.0000 routes=8.982 grad=3.7799 seconds=15.6
Epoch 4098/5000: score=10.428612 loss=-0.227054 valid=1.0000 routes=8.969 grad=3.8197 seconds=15.9
Epoch 4099/5000: score=10.621941 loss=-0.229479 valid=1.0000 routes=8.737 grad=3.8948 seconds=15.5
Epoch 4100/5000: score=10.396370 loss=-0.227794 valid=1.0000 routes=8.684 grad=3.8010 seconds=15.7
Epoch 4101/5000: score=10.571708 loss=-0.228047 valid=1.0000 routes=8.780 grad=3.8218 seconds=15.6
Epoch 4102/5000: score=10.351842 loss=-0.217595 valid=1.0000 routes=8.508 grad=3.6861 seconds=15.5
Epoch 4103/5000: score=10.598629 loss=-0.222950 valid=1.0000 routes=8.728 grad=3.9436 seconds=15.7
Epoch 4104/5000: score=10.565477 loss=-0.215809 valid=1.0000 routes=8.405 grad=3.7745 seconds=15.4
Epoch 4105/5000: score=10.677165 loss=-0.214370 valid=1.0000 routes=8.515 grad=3.6179 seconds=15.3
Epoch 4106/5000: score=10.295329 loss=-0.214161 valid=1.0000 routes=8.464 grad=3.4870 seconds=15.5
Epoch 4107/5000: score=10.667652 loss=-0.222856 valid=1.0000 routes=8.476 grad=3.7078 seconds=15.4
Epoch 4108/5000: score=10.688730 loss=-0.228386 valid=1.0000 routes=8.797 grad=3.7893 seconds=15.8
Epoch 4109/5000: score=10.547758 loss=-0.225000 valid=1.0000 routes=8.732 grad=3.8451 seconds=15.6
Epoch 4110/5000: score=10.751417 loss=-0.222710 valid=1.0000 routes=8.479 grad=3.8831 seconds=15.5
Epoch 4111/5000: score=10.536423 loss=-0.219935 valid=1.0000 routes=8.882 grad=3.7876 seconds=15.6
Epoch 4112/5000: score=10.629959 loss=-0.224404 valid=1.0000 routes=8.978 grad=3.8953 seconds=15.8
Epoch 4113/5000: score=10.499150 loss=-0.221345 valid=1.0000 routes=8.527 grad=3.7535 seconds=15.7
Epoch 4114/5000: score=10.785686 loss=-0.229334 valid=1.0000 routes=8.740 grad=4.0286 seconds=16.1
Epoch 4115/5000: score=10.467161 loss=-0.213057 valid=1.0000 routes=8.444 grad=3.7844 seconds=15.8
Epoch 4116/5000: score=10.186775 loss=-0.207081 valid=1.0000 routes=8.387 grad=3.4572 seconds=15.5
Epoch 4117/5000: score=10.420351 loss=-0.218009 valid=1.0000 routes=8.562 grad=3.7587 seconds=15.6
Epoch 4118/5000: score=10.496561 loss=-0.217861 valid=1.0000 routes=8.816 grad=3.7440 seconds=15.6
Epoch 4119/5000: score=10.729162 loss=-0.227570 valid=1.0000 routes=8.606 grad=3.9632 seconds=16.0
Epoch 4120/5000: score=10.569265 loss=-0.226965 valid=1.0000 routes=8.745 grad=3.9786 seconds=15.6
Epoch 4121/5000: score=10.508536 loss=-0.222078 valid=1.0000 routes=8.750 grad=3.7923 seconds=15.5
Epoch 4122/5000: score=10.337274 loss=-0.219132 valid=1.0000 routes=8.402 grad=3.8969 seconds=15.5
Epoch 4123/5000: score=10.448611 loss=-0.218801 valid=1.0000 routes=8.522 grad=3.7107 seconds=15.6
Epoch 4124/5000: score=10.442094 loss=-0.233805 valid=1.0000 routes=8.237 grad=3.9521 seconds=15.8
Epoch 4125/5000: score=10.428273 loss=-0.220633 valid=1.0000 routes=8.941 grad=3.7828 seconds=15.8
Epoch 4126/5000: score=10.669338 loss=-0.230185 valid=1.0000 routes=8.167 grad=3.9955 seconds=15.5
Epoch 4127/5000: score=10.118290 loss=-0.218862 valid=1.0000 routes=8.650 grad=3.4961 seconds=15.5
Epoch 4128/5000: score=10.462764 loss=-0.223654 valid=1.0000 routes=8.367 grad=3.8551 seconds=15.6
Epoch 4129/5000: score=10.630698 loss=-0.225758 valid=1.0000 routes=8.725 grad=3.8903 seconds=15.7
Epoch 4130/5000: score=10.570710 loss=-0.216221 valid=1.0000 routes=8.805 grad=3.8217 seconds=15.7
Epoch 4131/5000: score=10.696446 loss=-0.233048 valid=1.0000 routes=9.114 grad=3.9883 seconds=15.5
Epoch 4132/5000: score=10.700976 loss=-0.223826 valid=1.0000 routes=9.027 grad=3.9774 seconds=15.4
Epoch 4133/5000: score=10.499271 loss=-0.228371 valid=1.0000 routes=9.013 grad=3.9596 seconds=15.4
Epoch 4134/5000: score=10.554707 loss=-0.221986 valid=1.0000 routes=8.378 grad=3.7654 seconds=15.3
Epoch 4135/5000: score=10.743547 loss=-0.222187 valid=1.0000 routes=8.468 grad=3.8389 seconds=15.4
Epoch 4136/5000: score=10.550118 loss=-0.225820 valid=1.0000 routes=8.435 grad=3.9279 seconds=15.3
Epoch 4137/5000: score=10.845248 loss=-0.216133 valid=1.0000 routes=8.463 grad=3.8181 seconds=15.3
Epoch 4138/5000: score=10.501443 loss=-0.220330 valid=1.0000 routes=8.728 grad=3.8897 seconds=15.2
Epoch 4139/5000: score=10.161458 loss=-0.213725 valid=1.0000 routes=8.843 grad=3.6208 seconds=15.1
Epoch 4140/5000: score=10.572080 loss=-0.224903 valid=1.0000 routes=8.570 grad=3.8712 seconds=15.3
Epoch 4141/5000: score=10.478255 loss=-0.225149 valid=1.0000 routes=8.895 grad=3.9452 seconds=15.4
>> Invalid instances, Re-generating ...
Epoch 4142/5000: score=10.413779 loss=-0.218821 valid=1.0000 routes=8.205 grad=3.7001 seconds=15.3
Epoch 4143/5000: score=10.549893 loss=-0.224669 valid=1.0000 routes=8.712 grad=3.8666 seconds=15.3
Epoch 4144/5000: score=10.093459 loss=-0.211703 valid=1.0000 routes=8.670 grad=3.5257 seconds=15.2
Epoch 4145/5000: score=10.521174 loss=-0.215184 valid=1.0000 routes=8.784 grad=3.7463 seconds=15.3
Epoch 4146/5000: score=10.406521 loss=-0.221583 valid=1.0000 routes=8.786 grad=3.8478 seconds=15.5
Epoch 4147/5000: score=10.771977 loss=-0.227449 valid=1.0000 routes=9.173 grad=3.9265 seconds=15.4
Epoch 4148/5000: score=10.530848 loss=-0.209713 valid=1.0000 routes=8.860 grad=3.6177 seconds=15.2
Epoch 4149/5000: score=9.988441 loss=-0.205912 valid=1.0000 routes=8.573 grad=3.3857 seconds=15.4
Epoch 4150/5000: score=10.429714 loss=-0.219391 valid=1.0000 routes=8.680 grad=3.7357 seconds=15.4
Epoch 4151/5000: score=10.282355 loss=-0.220741 valid=1.0000 routes=8.885 grad=3.7051 seconds=15.3
Epoch 4152/5000: score=10.476323 loss=-0.226213 valid=1.0000 routes=8.672 grad=3.8072 seconds=15.3
Epoch 4153/5000: score=10.678561 loss=-0.219795 valid=1.0000 routes=8.876 grad=3.7850 seconds=15.1
Epoch 4154/5000: score=10.730955 loss=-0.209416 valid=1.0000 routes=8.663 grad=3.7167 seconds=15.1
Epoch 4155/5000: score=10.338794 loss=-0.215250 valid=1.0000 routes=8.434 grad=3.5814 seconds=15.1
Epoch 4156/5000: score=10.596490 loss=-0.225560 valid=1.0000 routes=8.395 grad=3.9484 seconds=15.4
Epoch 4157/5000: score=10.515637 loss=-0.226560 valid=1.0000 routes=8.816 grad=3.8396 seconds=15.5
Epoch 4158/5000: score=10.635983 loss=-0.217427 valid=1.0000 routes=8.833 grad=3.8659 seconds=15.1
Epoch 4159/5000: score=10.716357 loss=-0.226177 valid=1.0000 routes=8.836 grad=4.0394 seconds=15.3
Epoch 4160/5000: score=10.595504 loss=-0.220471 valid=1.0000 routes=8.871 grad=3.8250 seconds=15.3
Epoch 4161/5000: score=10.665980 loss=-0.227855 valid=1.0000 routes=8.869 grad=3.9246 seconds=15.3
Epoch 4162/5000: score=10.439021 loss=-0.214147 valid=1.0000 routes=8.566 grad=3.6319 seconds=15.3
Epoch 4163/5000: score=11.099288 loss=-0.232311 valid=1.0000 routes=8.824 grad=4.0609 seconds=15.4
Epoch 4164/5000: score=10.992716 loss=-0.235364 valid=1.0000 routes=9.094 grad=4.1793 seconds=15.3
Epoch 4165/5000: score=10.732523 loss=-0.225059 valid=1.0000 routes=8.570 grad=3.9061 seconds=15.3
Epoch 4166/5000: score=10.597827 loss=-0.225148 valid=1.0000 routes=8.541 grad=3.8108 seconds=15.4
Epoch 4167/5000: score=10.518277 loss=-0.212914 valid=1.0000 routes=8.660 grad=3.6484 seconds=15.4
Epoch 4168/5000: score=10.614598 loss=-0.212382 valid=1.0000 routes=8.568 grad=3.7442 seconds=15.5
Epoch 4169/5000: score=10.695086 loss=-0.225443 valid=1.0000 routes=9.051 grad=4.1017 seconds=15.4
Epoch 4170/5000: score=10.533766 loss=-0.220212 valid=1.0000 routes=8.655 grad=3.8693 seconds=15.2
Epoch 4171/5000: score=10.630652 loss=-0.225636 valid=1.0000 routes=8.828 grad=3.7962 seconds=15.3
Epoch 4172/5000: score=10.761873 loss=-0.231016 valid=1.0000 routes=8.684 grad=3.9685 seconds=15.3
Epoch 4173/5000: score=10.310706 loss=-0.214133 valid=1.0000 routes=8.267 grad=3.7256 seconds=15.5
Epoch 4174/5000: score=10.093328 loss=-0.222019 valid=1.0000 routes=8.502 grad=3.6767 seconds=15.4
Epoch 4175/5000: score=11.133530 loss=-0.234051 valid=1.0000 routes=8.942 grad=4.1706 seconds=15.3
Epoch 4176/5000: score=9.850883 loss=-0.209139 valid=1.0000 routes=7.954 grad=3.4286 seconds=15.3
Epoch 4177/5000: score=10.384349 loss=-0.223677 valid=1.0000 routes=8.375 grad=3.9005 seconds=15.3
Epoch 4178/5000: score=10.142303 loss=-0.219850 valid=1.0000 routes=8.630 grad=3.7520 seconds=15.2
Epoch 4179/5000: score=10.615789 loss=-0.227251 valid=1.0000 routes=8.896 grad=3.9133 seconds=15.5
Epoch 4180/5000: score=10.978815 loss=-0.229499 valid=1.0000 routes=8.875 grad=3.9842 seconds=15.1
Epoch 4181/5000: score=10.789644 loss=-0.234917 valid=1.0000 routes=8.731 grad=4.0615 seconds=15.1
Epoch 4182/5000: score=10.586377 loss=-0.221693 valid=1.0000 routes=8.667 grad=3.7869 seconds=15.1
Epoch 4183/5000: score=10.556292 loss=-0.215869 valid=1.0000 routes=8.788 grad=3.7528 seconds=15.1
Epoch 4184/5000: score=10.459812 loss=-0.229785 valid=1.0000 routes=8.955 grad=3.9898 seconds=15.5
Epoch 4185/5000: score=10.562533 loss=-0.213757 valid=1.0000 routes=8.948 grad=3.7778 seconds=15.1
Epoch 4186/5000: score=11.131693 loss=-0.236929 valid=1.0000 routes=8.967 grad=4.1430 seconds=15.2
Epoch 4187/5000: score=10.281026 loss=-0.215158 valid=1.0000 routes=8.418 grad=3.7461 seconds=15.2
Epoch 4188/5000: score=10.586901 loss=-0.218571 valid=1.0000 routes=8.745 grad=3.8758 seconds=15.2
Epoch 4189/5000: score=10.025473 loss=-0.206905 valid=1.0000 routes=8.317 grad=3.3000 seconds=15.2
Epoch 4190/5000: score=10.433132 loss=-0.226102 valid=1.0000 routes=8.703 grad=3.7577 seconds=15.4
Epoch 4191/5000: score=10.559300 loss=-0.227296 valid=1.0000 routes=8.734 grad=3.9465 seconds=15.2
Epoch 4192/5000: score=10.470412 loss=-0.220384 valid=1.0000 routes=8.325 grad=3.7486 seconds=15.3
Epoch 4193/5000: score=10.510435 loss=-0.223850 valid=1.0000 routes=8.962 grad=3.7801 seconds=15.3
Epoch 4194/5000: score=10.466552 loss=-0.221315 valid=1.0000 routes=8.954 grad=3.7803 seconds=15.2
Epoch 4195/5000: score=10.417260 loss=-0.224427 valid=1.0000 routes=8.702 grad=3.7482 seconds=15.6
Epoch 4196/5000: score=10.645389 loss=-0.232825 valid=1.0000 routes=8.972 grad=4.0723 seconds=15.3
Epoch 4197/5000: score=10.318106 loss=-0.212886 valid=1.0000 routes=8.748 grad=3.7702 seconds=15.2
Epoch 4198/5000: score=10.582002 loss=-0.222017 valid=1.0000 routes=8.706 grad=3.8745 seconds=15.2
Epoch 4199/5000: score=10.393918 loss=-0.225268 valid=1.0000 routes=8.682 grad=3.7580 seconds=15.2
Epoch 4200/5000: score=10.298631 loss=-0.215556 valid=1.0000 routes=8.641 grad=3.6519 seconds=15.5
Epoch 4201/5000: score=10.668032 loss=-0.220507 valid=1.0000 routes=8.694 grad=4.0247 seconds=15.4
Epoch 4202/5000: score=10.376278 loss=-0.215838 valid=1.0000 routes=8.612 grad=3.6303 seconds=15.4
Epoch 4203/5000: score=10.620064 loss=-0.226647 valid=1.0000 routes=8.746 grad=3.8806 seconds=15.2
Epoch 4204/5000: score=10.537317 loss=-0.230923 valid=1.0000 routes=8.687 grad=3.8291 seconds=15.3
Epoch 4205/5000: score=10.575712 loss=-0.222268 valid=1.0000 routes=8.531 grad=3.8802 seconds=15.4
Epoch 4206/5000: score=10.372742 loss=-0.218083 valid=1.0000 routes=8.451 grad=3.7345 seconds=15.5
Epoch 4207/5000: score=10.820318 loss=-0.225940 valid=1.0000 routes=8.916 grad=3.9722 seconds=15.2
Epoch 4208/5000: score=10.409269 loss=-0.224836 valid=1.0000 routes=8.714 grad=3.6778 seconds=15.3
Epoch 4209/5000: score=10.717370 loss=-0.222191 valid=1.0000 routes=8.797 grad=3.9139 seconds=15.2
Epoch 4210/5000: score=10.848630 loss=-0.228683 valid=1.0000 routes=8.814 grad=4.0392 seconds=15.2
Epoch 4211/5000: score=10.471528 loss=-0.218706 valid=1.0000 routes=8.346 grad=3.6383 seconds=15.5
Epoch 4212/5000: score=10.453078 loss=-0.223868 valid=1.0000 routes=8.798 grad=3.9420 seconds=15.2
Epoch 4213/5000: score=10.490485 loss=-0.223155 valid=1.0000 routes=8.565 grad=3.7733 seconds=15.4
Epoch 4214/5000: score=11.038185 loss=-0.239472 valid=1.0000 routes=8.803 grad=4.0695 seconds=15.4
Epoch 4215/5000: score=10.564363 loss=-0.224491 valid=1.0000 routes=8.456 grad=3.7870 seconds=15.4
Epoch 4216/5000: score=10.536033 loss=-0.228190 valid=1.0000 routes=8.628 grad=3.8486 seconds=15.6
Epoch 4217/5000: score=10.883165 loss=-0.243529 valid=1.0000 routes=8.855 grad=4.0881 seconds=15.6
Epoch 4218/5000: score=10.444912 loss=-0.221723 valid=1.0000 routes=8.660 grad=3.7945 seconds=15.5
Epoch 4219/5000: score=11.016517 loss=-0.226100 valid=1.0000 routes=9.179 grad=4.2188 seconds=15.3
Epoch 4220/5000: score=10.503204 loss=-0.222308 valid=1.0000 routes=8.337 grad=3.7572 seconds=15.5
Epoch 4221/5000: score=10.645955 loss=-0.214511 valid=1.0000 routes=8.577 grad=3.8674 seconds=15.3
Epoch 4222/5000: score=10.726067 loss=-0.222174 valid=1.0000 routes=8.719 grad=4.0127 seconds=15.5
Epoch 4223/5000: score=10.519176 loss=-0.215967 valid=1.0000 routes=8.658 grad=3.7263 seconds=15.3
Epoch 4224/5000: score=10.714759 loss=-0.222257 valid=1.0000 routes=8.899 grad=3.8953 seconds=15.2
Epoch 4225/5000: score=10.178210 loss=-0.216743 valid=1.0000 routes=8.392 grad=3.5291 seconds=15.2
Epoch 4226/5000: score=10.872909 loss=-0.228514 valid=1.0000 routes=8.783 grad=3.9679 seconds=15.2
Epoch 4227/5000: score=10.469346 loss=-0.215522 valid=1.0000 routes=8.661 grad=3.7110 seconds=15.3
Epoch 4228/5000: score=10.251866 loss=-0.228951 valid=1.0000 routes=8.278 grad=3.6958 seconds=15.4
Epoch 4229/5000: score=10.610223 loss=-0.222103 valid=1.0000 routes=8.522 grad=3.7903 seconds=15.4
Epoch 4230/5000: score=10.505299 loss=-0.220806 valid=1.0000 routes=8.359 grad=3.6974 seconds=15.3
Epoch 4231/5000: score=10.493495 loss=-0.226201 valid=1.0000 routes=8.783 grad=3.8052 seconds=15.5
Epoch 4232/5000: score=10.670822 loss=-0.224519 valid=1.0000 routes=8.736 grad=3.8685 seconds=15.3
Epoch 4233/5000: score=10.800240 loss=-0.226061 valid=1.0000 routes=8.796 grad=4.2098 seconds=15.6
Epoch 4234/5000: score=10.709904 loss=-0.219450 valid=1.0000 routes=8.361 grad=3.8534 seconds=15.4
Epoch 4235/5000: score=10.474102 loss=-0.214826 valid=1.0000 routes=8.662 grad=3.7520 seconds=15.2
Epoch 4236/5000: score=10.440825 loss=-0.220263 valid=1.0000 routes=8.966 grad=3.6421 seconds=15.1
Epoch 4237/5000: score=10.361009 loss=-0.225967 valid=1.0000 routes=8.686 grad=3.8093 seconds=15.3
Epoch 4238/5000: score=10.469322 loss=-0.218681 valid=1.0000 routes=8.463 grad=3.8955 seconds=15.3
Epoch 4239/5000: score=10.556934 loss=-0.230624 valid=1.0000 routes=8.899 grad=3.9711 seconds=15.7
Epoch 4240/5000: score=10.400248 loss=-0.221127 valid=1.0000 routes=8.895 grad=3.8360 seconds=15.4
Epoch 4241/5000: score=10.492789 loss=-0.225214 valid=1.0000 routes=8.754 grad=3.8450 seconds=15.4
Epoch 4242/5000: score=10.841407 loss=-0.237045 valid=1.0000 routes=9.099 grad=4.2052 seconds=15.4
Epoch 4243/5000: score=10.361869 loss=-0.217105 valid=1.0000 routes=9.010 grad=3.8734 seconds=15.4
Epoch 4244/5000: score=10.946722 loss=-0.231474 valid=1.0000 routes=8.790 grad=4.0696 seconds=15.6
Epoch 4245/5000: score=10.620785 loss=-0.231613 valid=1.0000 routes=8.659 grad=3.8150 seconds=15.5
Epoch 4246/5000: score=10.224162 loss=-0.219603 valid=1.0000 routes=8.518 grad=3.6535 seconds=15.4
Epoch 4247/5000: score=10.827957 loss=-0.225422 valid=1.0000 routes=8.498 grad=3.9852 seconds=15.3
Epoch 4248/5000: score=10.342805 loss=-0.219070 valid=1.0000 routes=8.469 grad=3.7071 seconds=15.3
>> Invalid instances, Re-generating ...
Epoch 4249/5000: score=10.533173 loss=-0.225766 valid=1.0000 routes=8.736 grad=3.8293 seconds=15.6
Epoch 4250/5000: score=10.474155 loss=-0.215661 valid=1.0000 routes=8.621 grad=3.9081 seconds=15.4
Epoch 4251/5000: score=10.561505 loss=-0.231778 valid=1.0000 routes=8.776 grad=3.9848 seconds=15.4
Epoch 4252/5000: score=10.341460 loss=-0.214612 valid=1.0000 routes=8.604 grad=3.6276 seconds=15.4
Epoch 4253/5000: score=10.664987 loss=-0.230383 valid=1.0000 routes=8.553 grad=3.9370 seconds=15.4
Epoch 4254/5000: score=10.951105 loss=-0.238337 valid=1.0000 routes=8.936 grad=4.1525 seconds=15.5
Epoch 4255/5000: score=10.617030 loss=-0.230013 valid=1.0000 routes=8.751 grad=4.0155 seconds=15.6
Epoch 4256/5000: score=11.042517 loss=-0.232567 valid=1.0000 routes=8.624 grad=4.0421 seconds=15.4
Epoch 4257/5000: score=10.263924 loss=-0.224237 valid=1.0000 routes=8.468 grad=3.7350 seconds=15.5
Epoch 4258/5000: score=10.005703 loss=-0.216429 valid=1.0000 routes=8.660 grad=3.6620 seconds=15.4
Epoch 4259/5000: score=10.708241 loss=-0.231065 valid=1.0000 routes=8.954 grad=3.9813 seconds=15.5
Epoch 4260/5000: score=9.996845 loss=-0.211991 valid=1.0000 routes=8.557 grad=3.6499 seconds=15.6
Epoch 4261/5000: score=10.610867 loss=-0.225583 valid=1.0000 routes=8.761 grad=3.8340 seconds=15.3
Epoch 4262/5000: score=10.474064 loss=-0.221156 valid=1.0000 routes=8.919 grad=3.6767 seconds=15.2
Epoch 4263/5000: score=10.771779 loss=-0.226630 valid=1.0000 routes=8.367 grad=3.7574 seconds=15.4
Epoch 4264/5000: score=10.458487 loss=-0.227138 valid=1.0000 routes=8.437 grad=3.9666 seconds=15.6
Epoch 4265/5000: score=10.685230 loss=-0.232522 valid=1.0000 routes=9.167 grad=3.9358 seconds=15.7
Epoch 4266/5000: score=10.201875 loss=-0.211808 valid=1.0000 routes=8.474 grad=3.5489 seconds=15.3
Epoch 4267/5000: score=10.875426 loss=-0.237928 valid=1.0000 routes=9.033 grad=4.1761 seconds=15.3
Epoch 4268/5000: score=10.264733 loss=-0.224291 valid=1.0000 routes=8.572 grad=3.7814 seconds=15.3
Epoch 4269/5000: score=10.247335 loss=-0.222367 valid=1.0000 routes=8.902 grad=3.7173 seconds=15.2
Epoch 4270/5000: score=10.916250 loss=-0.244279 valid=1.0000 routes=9.324 grad=4.2326 seconds=15.4
Epoch 4271/5000: score=10.668567 loss=-0.236369 valid=1.0000 routes=8.871 grad=4.0592 seconds=15.4
Epoch 4272/5000: score=10.357756 loss=-0.223222 valid=1.0000 routes=8.947 grad=3.7798 seconds=15.3
Epoch 4273/5000: score=10.680232 loss=-0.225459 valid=1.0000 routes=9.221 grad=3.9841 seconds=15.4
Epoch 4274/5000: score=10.590439 loss=-0.224005 valid=1.0000 routes=8.729 grad=3.9240 seconds=15.5
Epoch 4275/5000: score=10.563392 loss=-0.219935 valid=1.0000 routes=8.745 grad=3.7172 seconds=15.3
Epoch 4276/5000: score=10.328073 loss=-0.219317 valid=1.0000 routes=8.504 grad=3.7171 seconds=15.5
Epoch 4277/5000: score=10.966720 loss=-0.236144 valid=1.0000 routes=9.034 grad=4.2249 seconds=15.4
Epoch 4278/5000: score=10.487828 loss=-0.216128 valid=1.0000 routes=8.621 grad=3.8597 seconds=15.4
Epoch 4279/5000: score=10.282227 loss=-0.214500 valid=1.0000 routes=8.699 grad=3.7831 seconds=15.3
Epoch 4280/5000: score=10.169368 loss=-0.221846 valid=1.0000 routes=8.602 grad=3.7425 seconds=15.5
Epoch 4281/5000: score=10.169006 loss=-0.221221 valid=1.0000 routes=8.874 grad=3.7256 seconds=15.5
Epoch 4282/5000: score=10.585138 loss=-0.225021 valid=1.0000 routes=8.452 grad=3.9191 seconds=15.3
Epoch 4283/5000: score=10.767464 loss=-0.220612 valid=1.0000 routes=8.744 grad=4.1270 seconds=15.1
Epoch 4284/5000: score=10.695126 loss=-0.225733 valid=1.0000 routes=8.552 grad=3.9321 seconds=15.1
Epoch 4285/5000: score=10.440370 loss=-0.219942 valid=1.0000 routes=8.831 grad=3.7614 seconds=15.0
Epoch 4286/5000: score=10.609858 loss=-0.217998 valid=1.0000 routes=8.503 grad=3.8324 seconds=15.1
Epoch 4287/5000: score=10.627318 loss=-0.217349 valid=1.0000 routes=8.504 grad=3.8806 seconds=15.1
Epoch 4288/5000: score=10.525820 loss=-0.217856 valid=1.0000 routes=8.846 grad=3.8209 seconds=15.1
Epoch 4289/5000: score=10.623595 loss=-0.227666 valid=1.0000 routes=8.412 grad=3.7970 seconds=15.0
Epoch 4290/5000: score=10.662090 loss=-0.229471 valid=1.0000 routes=8.675 grad=4.0528 seconds=15.1
Epoch 4291/5000: score=11.021955 loss=-0.233527 valid=1.0000 routes=8.912 grad=4.1727 seconds=15.1
Epoch 4292/5000: score=10.816327 loss=-0.239629 valid=1.0000 routes=9.256 grad=4.1544 seconds=15.1
Epoch 4293/5000: score=10.557620 loss=-0.216569 valid=1.0000 routes=8.335 grad=3.7836 seconds=15.0
Epoch 4294/5000: score=10.651113 loss=-0.230031 valid=1.0000 routes=8.846 grad=3.9813 seconds=15.1
Epoch 4295/5000: score=10.133996 loss=-0.220891 valid=1.0000 routes=8.586 grad=3.5908 seconds=15.0
Epoch 4296/5000: score=10.504605 loss=-0.222980 valid=1.0000 routes=8.408 grad=3.6826 seconds=15.0
Epoch 4297/5000: score=10.288614 loss=-0.207697 valid=1.0000 routes=8.408 grad=3.6194 seconds=15.0
Epoch 4298/5000: score=10.619931 loss=-0.228005 valid=1.0000 routes=8.564 grad=3.7955 seconds=15.2
Epoch 4299/5000: score=10.564063 loss=-0.216450 valid=1.0000 routes=8.684 grad=3.8058 seconds=15.0
Epoch 4300/5000: score=10.557276 loss=-0.221028 valid=1.0000 routes=8.881 grad=3.7926 seconds=15.2
Epoch 4301/5000: score=10.654261 loss=-0.235943 valid=1.0000 routes=8.803 grad=4.2040 seconds=15.2
Epoch 4302/5000: score=10.668004 loss=-0.233939 valid=1.0000 routes=8.841 grad=3.9532 seconds=15.2
Epoch 4303/5000: score=10.760651 loss=-0.226545 valid=1.0000 routes=8.857 grad=3.9212 seconds=15.1
Epoch 4304/5000: score=10.623103 loss=-0.224073 valid=1.0000 routes=8.700 grad=3.7686 seconds=15.1
Epoch 4305/5000: score=10.285834 loss=-0.216980 valid=1.0000 routes=8.135 grad=3.5145 seconds=15.1
Epoch 4306/5000: score=10.860830 loss=-0.237294 valid=1.0000 routes=8.865 grad=4.0733 seconds=15.1
Epoch 4307/5000: score=10.538665 loss=-0.216226 valid=1.0000 routes=8.644 grad=3.8125 seconds=14.9
Epoch 4308/5000: score=10.514850 loss=-0.224300 valid=1.0000 routes=8.685 grad=3.8962 seconds=15.1
Epoch 4309/5000: score=10.774844 loss=-0.225706 valid=1.0000 routes=8.873 grad=3.8679 seconds=15.1
Epoch 4310/5000: score=10.544485 loss=-0.223914 valid=1.0000 routes=8.613 grad=3.8389 seconds=15.0
Epoch 4311/5000: score=10.321331 loss=-0.221936 valid=1.0000 routes=8.308 grad=3.6131 seconds=15.1
Epoch 4312/5000: score=10.672049 loss=-0.226598 valid=1.0000 routes=8.944 grad=4.0380 seconds=15.0
Epoch 4313/5000: score=10.565053 loss=-0.218379 valid=1.0000 routes=8.757 grad=3.7968 seconds=15.1
Epoch 4314/5000: score=10.406191 loss=-0.224528 valid=1.0000 routes=8.908 grad=3.9675 seconds=15.2
Epoch 4315/5000: score=10.384786 loss=-0.208834 valid=1.0000 routes=8.571 grad=3.6312 seconds=15.1
Epoch 4316/5000: score=10.688357 loss=-0.221385 valid=1.0000 routes=8.398 grad=3.9268 seconds=15.2
Epoch 4317/5000: score=10.810726 loss=-0.226949 valid=1.0000 routes=9.155 grad=3.9914 seconds=15.2
Epoch 4318/5000: score=10.868923 loss=-0.231010 valid=1.0000 routes=8.925 grad=4.0800 seconds=15.2
Epoch 4319/5000: score=10.584752 loss=-0.229323 valid=1.0000 routes=8.733 grad=3.9377 seconds=15.2
Epoch 4320/5000: score=10.827993 loss=-0.226591 valid=1.0000 routes=8.928 grad=4.0156 seconds=15.1
Epoch 4321/5000: score=10.405659 loss=-0.224444 valid=1.0000 routes=9.206 grad=3.8617 seconds=15.2
Epoch 4322/5000: score=10.552988 loss=-0.225213 valid=1.0000 routes=8.268 grad=3.8492 seconds=15.1
Epoch 4323/5000: score=10.730297 loss=-0.227761 valid=1.0000 routes=8.836 grad=4.0776 seconds=15.2
Epoch 4324/5000: score=10.616026 loss=-0.219726 valid=1.0000 routes=8.768 grad=3.9072 seconds=15.1
Epoch 4325/5000: score=10.378345 loss=-0.217095 valid=1.0000 routes=8.380 grad=3.6054 seconds=15.2
Epoch 4326/5000: score=10.535762 loss=-0.220701 valid=1.0000 routes=8.560 grad=3.7574 seconds=15.1
Epoch 4327/5000: score=10.548886 loss=-0.219863 valid=1.0000 routes=8.628 grad=3.7667 seconds=15.1
Epoch 4328/5000: score=11.111645 loss=-0.229802 valid=1.0000 routes=8.980 grad=4.1939 seconds=15.1
Epoch 4329/5000: score=10.519494 loss=-0.220976 valid=1.0000 routes=8.645 grad=3.7778 seconds=15.2
Epoch 4330/5000: score=10.739189 loss=-0.224223 valid=1.0000 routes=8.778 grad=3.8567 seconds=15.1
Epoch 4331/5000: score=10.280820 loss=-0.213492 valid=1.0000 routes=8.776 grad=3.7209 seconds=15.1
Epoch 4332/5000: score=10.717973 loss=-0.237082 valid=1.0000 routes=8.920 grad=4.2129 seconds=15.3
Epoch 4333/5000: score=10.241627 loss=-0.216751 valid=1.0000 routes=8.771 grad=3.6468 seconds=15.1
Epoch 4334/5000: score=10.538683 loss=-0.222564 valid=1.0000 routes=8.703 grad=3.9039 seconds=15.1
Epoch 4335/5000: score=10.363383 loss=-0.225932 valid=1.0000 routes=8.862 grad=3.7820 seconds=15.2
Epoch 4336/5000: score=10.604268 loss=-0.220571 valid=1.0000 routes=8.940 grad=3.9320 seconds=15.2
Epoch 4337/5000: score=10.577346 loss=-0.216335 valid=1.0000 routes=8.722 grad=3.7451 seconds=15.0
Epoch 4338/5000: score=10.393483 loss=-0.222085 valid=1.0000 routes=8.114 grad=3.7775 seconds=15.1
Epoch 4339/5000: score=10.635465 loss=-0.224515 valid=1.0000 routes=8.988 grad=3.9245 seconds=15.0
Epoch 4340/5000: score=10.536915 loss=-0.228002 valid=1.0000 routes=8.554 grad=3.8477 seconds=15.0
Epoch 4341/5000: score=10.418579 loss=-0.225552 valid=1.0000 routes=8.571 grad=3.9782 seconds=15.1
Epoch 4342/5000: score=10.572661 loss=-0.224088 valid=1.0000 routes=8.694 grad=3.8321 seconds=15.0
Epoch 4343/5000: score=10.343882 loss=-0.207791 valid=1.0000 routes=8.244 grad=3.7328 seconds=15.0
Epoch 4344/5000: score=10.665313 loss=-0.231679 valid=1.0000 routes=8.776 grad=3.9712 seconds=15.0
Epoch 4345/5000: score=10.394894 loss=-0.218481 valid=1.0000 routes=8.580 grad=3.8263 seconds=15.0
Epoch 4346/5000: score=10.539627 loss=-0.214875 valid=1.0000 routes=8.389 grad=3.7636 seconds=15.0
Epoch 4347/5000: score=10.436322 loss=-0.228683 valid=1.0000 routes=8.833 grad=3.7894 seconds=15.1
Epoch 4348/5000: score=10.687410 loss=-0.223149 valid=1.0000 routes=8.866 grad=3.8607 seconds=15.0
Epoch 4349/5000: score=10.604160 loss=-0.229100 valid=1.0000 routes=8.849 grad=3.9675 seconds=15.1
Epoch 4350/5000: score=10.317203 loss=-0.229059 valid=1.0000 routes=8.544 grad=3.8060 seconds=15.2
Epoch 4351/5000: score=10.473427 loss=-0.229571 valid=1.0000 routes=9.188 grad=3.9549 seconds=15.2
Epoch 4352/5000: score=10.666862 loss=-0.225165 valid=1.0000 routes=8.710 grad=3.9984 seconds=15.2
Epoch 4353/5000: score=10.492244 loss=-0.228981 valid=1.0000 routes=8.895 grad=3.9356 seconds=15.2
Epoch 4354/5000: score=10.769626 loss=-0.231750 valid=1.0000 routes=8.652 grad=4.0048 seconds=15.2
Epoch 4355/5000: score=10.638660 loss=-0.222507 valid=1.0000 routes=8.147 grad=3.8369 seconds=15.2
Epoch 4356/5000: score=10.540734 loss=-0.210702 valid=1.0000 routes=8.341 grad=3.7068 seconds=15.0
Epoch 4357/5000: score=10.319107 loss=-0.218526 valid=1.0000 routes=8.319 grad=3.6888 seconds=15.2
Epoch 4358/5000: score=10.938928 loss=-0.237979 valid=1.0000 routes=9.222 grad=4.1502 seconds=15.2
Epoch 4359/5000: score=10.546575 loss=-0.220170 valid=1.0000 routes=8.593 grad=3.7232 seconds=15.1
Epoch 4360/5000: score=10.607013 loss=-0.234050 valid=1.0000 routes=8.631 grad=4.0242 seconds=15.1
Epoch 4361/5000: score=10.515298 loss=-0.218071 valid=1.0000 routes=8.599 grad=3.6802 seconds=14.9
Epoch 4362/5000: score=10.176065 loss=-0.218082 valid=1.0000 routes=8.611 grad=3.6839 seconds=15.0
Epoch 4363/5000: score=10.106576 loss=-0.215010 valid=1.0000 routes=8.713 grad=3.6767 seconds=15.0
Epoch 4364/5000: score=10.981834 loss=-0.231475 valid=1.0000 routes=8.540 grad=4.1606 seconds=15.2
Epoch 4365/5000: score=10.251510 loss=-0.216292 valid=1.0000 routes=8.295 grad=3.6767 seconds=15.0
Epoch 4366/5000: score=10.406886 loss=-0.222228 valid=1.0000 routes=8.681 grad=3.6799 seconds=15.0
Epoch 4367/5000: score=10.635291 loss=-0.225248 valid=1.0000 routes=8.404 grad=3.8283 seconds=15.0
Epoch 4368/5000: score=10.702913 loss=-0.227935 valid=1.0000 routes=8.628 grad=3.9070 seconds=15.1
Epoch 4369/5000: score=10.768782 loss=-0.231887 valid=1.0000 routes=8.848 grad=4.0455 seconds=15.2
Epoch 4370/5000: score=11.074272 loss=-0.227837 valid=1.0000 routes=8.659 grad=3.9574 seconds=14.9
Epoch 4371/5000: score=10.411361 loss=-0.220468 valid=1.0000 routes=8.325 grad=3.7482 seconds=15.1
Epoch 4372/5000: score=10.744174 loss=-0.225077 valid=1.0000 routes=8.939 grad=3.8336 seconds=15.0
Epoch 4373/5000: score=10.539089 loss=-0.225149 valid=1.0000 routes=8.938 grad=3.9013 seconds=15.0
Epoch 4374/5000: score=10.349089 loss=-0.224889 valid=1.0000 routes=8.637 grad=3.8283 seconds=15.1
Epoch 4375/5000: score=10.590094 loss=-0.218818 valid=1.0000 routes=9.028 grad=3.9222 seconds=15.2
Epoch 4376/5000: score=10.634933 loss=-0.220405 valid=1.0000 routes=8.755 grad=3.8094 seconds=15.1
Epoch 4377/5000: score=10.711208 loss=-0.228411 valid=1.0000 routes=8.383 grad=3.8583 seconds=15.1
Epoch 4378/5000: score=10.617342 loss=-0.231178 valid=1.0000 routes=8.525 grad=3.8286 seconds=15.1
Epoch 4379/5000: score=11.016329 loss=-0.237506 valid=1.0000 routes=8.791 grad=4.1845 seconds=15.1
Epoch 4380/5000: score=10.556948 loss=-0.216619 valid=1.0000 routes=8.673 grad=3.7569 seconds=15.1
Epoch 4381/5000: score=10.644946 loss=-0.227920 valid=1.0000 routes=8.724 grad=3.9516 seconds=15.1
Epoch 4382/5000: score=10.610807 loss=-0.219514 valid=1.0000 routes=8.792 grad=3.8666 seconds=15.1
Epoch 4383/5000: score=10.271552 loss=-0.219822 valid=1.0000 routes=8.777 grad=3.6954 seconds=15.0
Epoch 4384/5000: score=10.333340 loss=-0.228583 valid=1.0000 routes=8.968 grad=3.6594 seconds=15.1
Epoch 4385/5000: score=10.220301 loss=-0.219975 valid=1.0000 routes=9.220 grad=3.8110 seconds=15.1
Epoch 4386/5000: score=10.336021 loss=-0.222879 valid=1.0000 routes=8.669 grad=3.6322 seconds=15.2
Epoch 4387/5000: score=10.235212 loss=-0.223013 valid=1.0000 routes=8.796 grad=3.7854 seconds=15.2
Epoch 4388/5000: score=10.317106 loss=-0.209333 valid=1.0000 routes=8.828 grad=3.6227 seconds=15.0
Epoch 4389/5000: score=10.634686 loss=-0.218701 valid=1.0000 routes=8.668 grad=3.8097 seconds=15.1
Epoch 4390/5000: score=10.497666 loss=-0.217511 valid=1.0000 routes=8.587 grad=3.7162 seconds=15.1
Epoch 4391/5000: score=10.194627 loss=-0.214626 valid=1.0000 routes=8.992 grad=3.6966 seconds=15.1
Epoch 4392/5000: score=11.009355 loss=-0.228163 valid=1.0000 routes=9.011 grad=4.0546 seconds=15.1
Epoch 4393/5000: score=10.788052 loss=-0.223846 valid=1.0000 routes=8.847 grad=3.9273 seconds=15.0
Epoch 4394/5000: score=10.353691 loss=-0.215812 valid=1.0000 routes=8.335 grad=3.6891 seconds=15.1
Epoch 4395/5000: score=10.817972 loss=-0.226619 valid=1.0000 routes=8.716 grad=3.9962 seconds=15.1
Epoch 4396/5000: score=10.335895 loss=-0.222886 valid=1.0000 routes=8.667 grad=3.7515 seconds=15.1
Epoch 4397/5000: score=10.875941 loss=-0.229321 valid=1.0000 routes=9.130 grad=4.0789 seconds=15.0
Epoch 4398/5000: score=10.446113 loss=-0.221268 valid=1.0000 routes=8.988 grad=3.7637 seconds=15.0
Epoch 4399/5000: score=10.403415 loss=-0.215697 valid=1.0000 routes=8.762 grad=3.7545 seconds=15.1
Epoch 4400/5000: score=10.489069 loss=-0.218504 valid=1.0000 routes=8.297 grad=3.6568 seconds=15.1
Epoch 4401/5000: score=10.517557 loss=-0.231887 valid=1.0000 routes=8.638 grad=4.0343 seconds=15.2
Epoch 4402/5000: score=10.373066 loss=-0.210675 valid=1.0000 routes=8.691 grad=3.6051 seconds=15.0
Epoch 4403/5000: score=10.269481 loss=-0.214204 valid=1.0000 routes=8.703 grad=3.5922 seconds=15.1
Epoch 4404/5000: score=10.758380 loss=-0.227188 valid=1.0000 routes=8.372 grad=3.9248 seconds=15.1
Epoch 4405/5000: score=10.454578 loss=-0.228581 valid=1.0000 routes=9.018 grad=3.8308 seconds=15.0
Epoch 4406/5000: score=10.480633 loss=-0.212335 valid=1.0000 routes=8.370 grad=3.6430 seconds=15.0
Epoch 4407/5000: score=11.019661 loss=-0.238333 valid=1.0000 routes=8.949 grad=4.1834 seconds=15.2
Epoch 4408/5000: score=10.432658 loss=-0.225022 valid=1.0000 routes=8.734 grad=3.8106 seconds=15.1
Epoch 4409/5000: score=10.827972 loss=-0.227881 valid=1.0000 routes=8.987 grad=3.9256 seconds=15.1
Epoch 4410/5000: score=10.210817 loss=-0.210809 valid=1.0000 routes=8.990 grad=3.6449 seconds=15.0
Epoch 4411/5000: score=10.680697 loss=-0.228992 valid=1.0000 routes=8.807 grad=3.9498 seconds=15.0
Epoch 4412/5000: score=10.635165 loss=-0.217005 valid=1.0000 routes=8.617 grad=3.7771 seconds=15.0
Epoch 4413/5000: score=10.051734 loss=-0.219647 valid=1.0000 routes=8.410 grad=3.5081 seconds=15.2
Epoch 4414/5000: score=10.530256 loss=-0.219685 valid=1.0000 routes=8.398 grad=3.7449 seconds=15.0
Epoch 4415/5000: score=10.770255 loss=-0.233389 valid=1.0000 routes=8.875 grad=4.1923 seconds=15.1
Epoch 4416/5000: score=10.793146 loss=-0.238954 valid=1.0000 routes=8.959 grad=4.0563 seconds=15.1
Epoch 4417/5000: score=10.557183 loss=-0.223765 valid=1.0000 routes=8.841 grad=3.9686 seconds=15.2
Epoch 4418/5000: score=10.900578 loss=-0.237809 valid=1.0000 routes=9.150 grad=4.1496 seconds=15.3
Epoch 4419/5000: score=10.589886 loss=-0.229454 valid=1.0000 routes=8.870 grad=4.1496 seconds=15.2
Epoch 4420/5000: score=10.493326 loss=-0.224074 valid=1.0000 routes=8.611 grad=3.7238 seconds=15.2
Epoch 4421/5000: score=10.813902 loss=-0.223377 valid=1.0000 routes=9.100 grad=3.9360 seconds=15.1
Epoch 4422/5000: score=10.218792 loss=-0.206102 valid=1.0000 routes=8.273 grad=3.5041 seconds=14.9
Epoch 4423/5000: score=10.668326 loss=-0.226670 valid=1.0000 routes=9.003 grad=4.1111 seconds=15.1
Epoch 4424/5000: score=10.517272 loss=-0.222514 valid=1.0000 routes=8.509 grad=3.7966 seconds=15.1
Epoch 4425/5000: score=10.839280 loss=-0.228572 valid=1.0000 routes=8.755 grad=4.0091 seconds=15.1
Epoch 4426/5000: score=10.909035 loss=-0.237060 valid=1.0000 routes=8.683 grad=4.1370 seconds=15.1
Epoch 4427/5000: score=10.783757 loss=-0.228274 valid=1.0000 routes=9.140 grad=4.0393 seconds=15.0
Epoch 4428/5000: score=10.500268 loss=-0.231892 valid=1.0000 routes=8.554 grad=3.9780 seconds=15.2
Epoch 4429/5000: score=10.309661 loss=-0.217422 valid=1.0000 routes=8.667 grad=3.8480 seconds=15.1
Epoch 4430/5000: score=10.570692 loss=-0.226268 valid=1.0000 routes=8.404 grad=3.8016 seconds=15.1
Epoch 4431/5000: score=10.343212 loss=-0.225995 valid=1.0000 routes=8.780 grad=3.9159 seconds=15.1
Epoch 4432/5000: score=10.707843 loss=-0.234389 valid=1.0000 routes=9.259 grad=3.9934 seconds=15.1
Epoch 4433/5000: score=10.788281 loss=-0.224233 valid=1.0000 routes=8.687 grad=3.8826 seconds=15.1
Epoch 4434/5000: score=10.308827 loss=-0.226475 valid=1.0000 routes=8.626 grad=3.8526 seconds=15.1
Epoch 4435/5000: score=10.823275 loss=-0.226147 valid=1.0000 routes=8.927 grad=4.0354 seconds=15.2
Epoch 4436/5000: score=10.788882 loss=-0.223352 valid=1.0000 routes=8.855 grad=3.9822 seconds=15.0
Epoch 4437/5000: score=10.657407 loss=-0.235856 valid=1.0000 routes=8.809 grad=4.0327 seconds=15.2
Epoch 4438/5000: score=10.953589 loss=-0.231244 valid=1.0000 routes=9.129 grad=4.2007 seconds=15.1
Epoch 4439/5000: score=10.596656 loss=-0.219016 valid=1.0000 routes=8.698 grad=3.8047 seconds=15.1
Epoch 4440/5000: score=10.482289 loss=-0.219339 valid=1.0000 routes=8.710 grad=3.7586 seconds=15.1
Epoch 4441/5000: score=10.263991 loss=-0.214422 valid=1.0000 routes=8.767 grad=3.6530 seconds=15.1
Epoch 4442/5000: score=10.106265 loss=-0.216885 valid=1.0000 routes=8.552 grad=3.5979 seconds=15.1
Epoch 4443/5000: score=10.178324 loss=-0.214367 valid=1.0000 routes=8.597 grad=3.7700 seconds=15.1
Epoch 4444/5000: score=10.580203 loss=-0.219906 valid=1.0000 routes=8.379 grad=3.8008 seconds=15.1
Epoch 4445/5000: score=10.167960 loss=-0.214749 valid=1.0000 routes=8.741 grad=3.6837 seconds=15.2
Epoch 4446/5000: score=10.585766 loss=-0.225743 valid=1.0000 routes=9.118 grad=3.8075 seconds=15.1
Epoch 4447/5000: score=10.583734 loss=-0.219835 valid=1.0000 routes=8.535 grad=3.7549 seconds=15.0
Epoch 4448/5000: score=10.387861 loss=-0.225043 valid=1.0000 routes=8.775 grad=3.9099 seconds=15.1
Epoch 4449/5000: score=10.799134 loss=-0.231420 valid=1.0000 routes=8.552 grad=4.0412 seconds=15.1
Epoch 4450/5000: score=10.790524 loss=-0.229234 valid=1.0000 routes=8.706 grad=4.1380 seconds=15.2
Epoch 4451/5000: score=10.129445 loss=-0.215496 valid=1.0000 routes=8.317 grad=3.6131 seconds=15.1
Epoch 4452/5000: score=10.366308 loss=-0.224820 valid=1.0000 routes=8.533 grad=3.8213 seconds=15.1
Epoch 4453/5000: score=10.557960 loss=-0.221174 valid=1.0000 routes=8.633 grad=3.8008 seconds=15.1
Epoch 4454/5000: score=10.460242 loss=-0.223693 valid=1.0000 routes=8.882 grad=3.8277 seconds=15.1
Epoch 4455/5000: score=10.441523 loss=-0.222931 valid=1.0000 routes=8.724 grad=3.7368 seconds=15.0
Epoch 4456/5000: score=10.273048 loss=-0.213356 valid=1.0000 routes=8.395 grad=3.5194 seconds=15.0
Epoch 4457/5000: score=10.586114 loss=-0.223183 valid=1.0000 routes=8.347 grad=3.9529 seconds=15.1
Epoch 4458/5000: score=10.656395 loss=-0.231913 valid=1.0000 routes=9.696 grad=4.1791 seconds=15.0
Epoch 4459/5000: score=10.531380 loss=-0.223405 valid=1.0000 routes=8.634 grad=3.8366 seconds=15.1
Epoch 4460/5000: score=10.376092 loss=-0.221383 valid=1.0000 routes=8.778 grad=3.8031 seconds=15.2
Epoch 4461/5000: score=10.647893 loss=-0.224376 valid=1.0000 routes=8.856 grad=3.8842 seconds=15.1
Epoch 4462/5000: score=10.770183 loss=-0.231932 valid=1.0000 routes=8.465 grad=4.0983 seconds=15.2
Epoch 4463/5000: score=10.591834 loss=-0.228506 valid=1.0000 routes=8.554 grad=3.7999 seconds=15.0
Epoch 4464/5000: score=10.195468 loss=-0.214265 valid=1.0000 routes=8.399 grad=3.5586 seconds=15.1
Epoch 4465/5000: score=10.012113 loss=-0.209078 valid=1.0000 routes=8.722 grad=3.4852 seconds=15.0
Epoch 4466/5000: score=10.608954 loss=-0.229752 valid=1.0000 routes=8.486 grad=3.8079 seconds=15.1
Epoch 4467/5000: score=10.818170 loss=-0.225335 valid=1.0000 routes=8.814 grad=3.9657 seconds=15.1
Epoch 4468/5000: score=10.999157 loss=-0.233490 valid=1.0000 routes=8.895 grad=4.0779 seconds=15.2
Epoch 4469/5000: score=10.960193 loss=-0.226204 valid=1.0000 routes=8.657 grad=4.0345 seconds=15.0
Epoch 4470/5000: score=10.635891 loss=-0.219381 valid=1.0000 routes=8.579 grad=3.7601 seconds=15.1
Epoch 4471/5000: score=10.527224 loss=-0.226070 valid=1.0000 routes=9.116 grad=3.9556 seconds=15.1
Epoch 4472/5000: score=10.584844 loss=-0.233325 valid=1.0000 routes=8.250 grad=3.8834 seconds=15.2
Epoch 4473/5000: score=10.509943 loss=-0.223678 valid=1.0000 routes=8.933 grad=3.9594 seconds=15.1
Epoch 4474/5000: score=10.452359 loss=-0.223445 valid=1.0000 routes=8.524 grad=3.9444 seconds=15.1
Epoch 4475/5000: score=10.648856 loss=-0.218141 valid=1.0000 routes=8.517 grad=3.7968 seconds=15.0
Epoch 4476/5000: score=10.803788 loss=-0.215572 valid=1.0000 routes=8.686 grad=3.8419 seconds=15.0
Epoch 4477/5000: score=10.737296 loss=-0.229750 valid=1.0000 routes=8.797 grad=4.1137 seconds=15.1
Epoch 4478/5000: score=10.374992 loss=-0.214352 valid=1.0000 routes=8.830 grad=3.7556 seconds=15.1
Epoch 4479/5000: score=10.279081 loss=-0.213434 valid=1.0000 routes=8.289 grad=3.7290 seconds=15.1
Epoch 4480/5000: score=10.619439 loss=-0.233632 valid=1.0000 routes=8.509 grad=4.0745 seconds=15.2
Epoch 4481/5000: score=10.874805 loss=-0.223603 valid=1.0000 routes=8.543 grad=3.9980 seconds=15.1
Epoch 4482/5000: score=10.577027 loss=-0.228914 valid=1.0000 routes=8.423 grad=3.9543 seconds=15.1
Epoch 4483/5000: score=10.854519 loss=-0.232220 valid=1.0000 routes=8.943 grad=4.1246 seconds=15.1
Epoch 4484/5000: score=10.827800 loss=-0.220605 valid=1.0000 routes=8.857 grad=3.8732 seconds=15.0
Epoch 4485/5000: score=10.355307 loss=-0.217281 valid=1.0000 routes=8.802 grad=3.7436 seconds=15.0
Epoch 4486/5000: score=10.702734 loss=-0.223743 valid=1.0000 routes=9.137 grad=3.9415 seconds=15.1
Epoch 4487/5000: score=10.640793 loss=-0.221871 valid=1.0000 routes=8.782 grad=3.8131 seconds=15.1
Epoch 4488/5000: score=10.989697 loss=-0.232011 valid=1.0000 routes=8.823 grad=3.9998 seconds=15.1
Epoch 4489/5000: score=10.459735 loss=-0.231052 valid=1.0000 routes=8.788 grad=3.9444 seconds=15.1
Epoch 4490/5000: score=10.199289 loss=-0.216876 valid=1.0000 routes=8.669 grad=3.7214 seconds=15.2
Epoch 4491/5000: score=10.339038 loss=-0.220009 valid=1.0000 routes=8.473 grad=3.7216 seconds=15.0
Epoch 4492/5000: score=10.643580 loss=-0.218416 valid=1.0000 routes=8.894 grad=3.8093 seconds=15.0
Epoch 4493/5000: score=10.556639 loss=-0.221832 valid=1.0000 routes=8.538 grad=3.8392 seconds=15.1
Epoch 4494/5000: score=10.275514 loss=-0.223865 valid=1.0000 routes=8.962 grad=3.7574 seconds=15.1
Epoch 4495/5000: score=10.758201 loss=-0.226512 valid=1.0000 routes=8.601 grad=4.0233 seconds=15.1
Epoch 4496/5000: score=10.756274 loss=-0.219647 valid=1.0000 routes=8.791 grad=3.9957 seconds=15.1
Epoch 4497/5000: score=10.492555 loss=-0.220928 valid=1.0000 routes=8.847 grad=3.7892 seconds=15.5
Epoch 4498/5000: score=10.437418 loss=-0.212667 valid=1.0000 routes=8.895 grad=3.7533 seconds=15.4
Epoch 4499/5000: score=11.079880 loss=-0.235574 valid=1.0000 routes=8.868 grad=4.0784 seconds=14.9
Epoch 4500/5000: score=10.424961 loss=-0.218367 valid=1.0000 routes=8.874 grad=3.7037 seconds=15.0
Epoch 4501/5000: score=10.569312 loss=-0.228006 valid=1.0000 routes=8.768 grad=3.9246 seconds=14.9
Epoch 4502/5000: score=10.717079 loss=-0.220537 valid=1.0000 routes=8.784 grad=3.8180 seconds=15.0
Epoch 4503/5000: score=10.590157 loss=-0.224054 valid=1.0000 routes=8.565 grad=3.7788 seconds=15.0
Epoch 4504/5000: score=10.534817 loss=-0.217406 valid=1.0000 routes=8.283 grad=3.6296 seconds=15.1
Epoch 4505/5000: score=10.460301 loss=-0.213176 valid=1.0000 routes=8.952 grad=3.7119 seconds=14.9
Epoch 4506/5000: score=10.438398 loss=-0.212829 valid=1.0000 routes=8.317 grad=3.6009 seconds=15.1
Epoch 4507/5000: score=10.703530 loss=-0.214817 valid=1.0000 routes=8.946 grad=3.8006 seconds=15.0
Epoch 4508/5000: score=10.182076 loss=-0.206783 valid=1.0000 routes=8.399 grad=3.5532 seconds=15.1
Epoch 4509/5000: score=10.617808 loss=-0.219091 valid=1.0000 routes=8.616 grad=3.8145 seconds=15.1
Epoch 4510/5000: score=10.236387 loss=-0.213885 valid=1.0000 routes=8.276 grad=3.6131 seconds=15.1
Epoch 4511/5000: score=10.404360 loss=-0.203670 valid=1.0000 routes=8.546 grad=3.6134 seconds=15.1
Epoch 4512/5000: score=10.010196 loss=-0.207686 valid=1.0000 routes=8.286 grad=3.3954 seconds=15.1
Epoch 4513/5000: score=10.543930 loss=-0.217803 valid=1.0000 routes=8.817 grad=3.8138 seconds=15.1
Epoch 4514/5000: score=11.035919 loss=-0.231689 valid=1.0000 routes=8.933 grad=4.1166 seconds=15.2
Epoch 4515/5000: score=10.322668 loss=-0.210042 valid=1.0000 routes=8.335 grad=3.5383 seconds=15.0
Epoch 4516/5000: score=10.681451 loss=-0.223472 valid=1.0000 routes=8.815 grad=3.9392 seconds=15.1
Epoch 4517/5000: score=10.988547 loss=-0.224144 valid=1.0000 routes=8.881 grad=4.0722 seconds=15.1
Epoch 4518/5000: score=10.303830 loss=-0.203369 valid=1.0000 routes=8.586 grad=3.4956 seconds=15.1
Epoch 4519/5000: score=10.131104 loss=-0.209198 valid=1.0000 routes=8.607 grad=3.5973 seconds=15.0
Epoch 4520/5000: score=10.153878 loss=-0.201206 valid=1.0000 routes=8.521 grad=3.4878 seconds=15.3
Epoch 4521/5000: score=10.151158 loss=-0.212186 valid=1.0000 routes=8.558 grad=3.6620 seconds=17.5
Epoch 4522/5000: score=10.531653 loss=-0.221244 valid=1.0000 routes=8.841 grad=3.8142 seconds=18.1
Epoch 4523/5000: score=10.252786 loss=-0.208008 valid=1.0000 routes=8.337 grad=3.5390 seconds=18.1
Epoch 4524/5000: score=10.518127 loss=-0.214117 valid=1.0000 routes=8.120 grad=3.7366 seconds=17.0
Epoch 4525/5000: score=10.572005 loss=-0.210404 valid=1.0000 routes=8.508 grad=3.7638 seconds=18.2
Epoch 4526/5000: score=10.762028 loss=-0.222521 valid=1.0000 routes=8.838 grad=4.1121 seconds=18.8
Epoch 4527/5000: score=10.235292 loss=-0.216453 valid=1.0000 routes=8.552 grad=3.6860 seconds=19.0
Epoch 4528/5000: score=10.606762 loss=-0.213765 valid=1.0000 routes=8.619 grad=3.8544 seconds=18.4
Epoch 4529/5000: score=10.148343 loss=-0.191775 valid=1.0000 routes=8.523 grad=3.3997 seconds=18.6
Epoch 4530/5000: score=10.699271 loss=-0.216705 valid=1.0000 routes=8.925 grad=3.9422 seconds=17.6
Epoch 4531/5000: score=10.316249 loss=-0.206811 valid=1.0000 routes=8.436 grad=3.5595 seconds=17.4
Epoch 4532/5000: score=10.194638 loss=-0.198941 valid=1.0000 routes=8.510 grad=3.5645 seconds=18.0
Epoch 4533/5000: score=10.872258 loss=-0.215199 valid=1.0000 routes=8.330 grad=3.9102 seconds=17.5
Epoch 4534/5000: score=10.428568 loss=-0.213723 valid=1.0000 routes=8.722 grad=3.7630 seconds=16.6
Epoch 4535/5000: score=10.689183 loss=-0.217903 valid=1.0000 routes=8.769 grad=4.0199 seconds=16.6
Epoch 4536/5000: score=10.357130 loss=-0.207534 valid=1.0000 routes=8.655 grad=3.7293 seconds=16.6
Epoch 4537/5000: score=10.660759 loss=-0.218288 valid=1.0000 routes=8.339 grad=3.9314 seconds=16.9
Epoch 4538/5000: score=10.914258 loss=-0.224003 valid=1.0000 routes=8.641 grad=4.0065 seconds=17.1
Epoch 4539/5000: score=10.237021 loss=-0.204804 valid=1.0000 routes=8.799 grad=3.7491 seconds=17.6
Epoch 4540/5000: score=10.302696 loss=-0.198722 valid=1.0000 routes=8.497 grad=3.5023 seconds=17.7
Epoch 4541/5000: score=9.958060 loss=-0.205140 valid=1.0000 routes=8.330 grad=3.5419 seconds=17.7
>> Invalid instances, Re-generating ...
Epoch 4542/5000: score=11.076280 loss=-0.228300 valid=1.0000 routes=9.055 grad=4.2020 seconds=17.9
Epoch 4543/5000: score=10.550971 loss=-0.214822 valid=1.0000 routes=8.565 grad=3.8014 seconds=18.1
Epoch 4544/5000: score=10.584756 loss=-0.216630 valid=1.0000 routes=8.804 grad=3.9149 seconds=18.6
Epoch 4545/5000: score=10.931049 loss=-0.221410 valid=1.0000 routes=8.624 grad=4.0924 seconds=17.6
Epoch 4546/5000: score=11.161359 loss=-0.229697 valid=1.0000 routes=8.928 grad=4.1671 seconds=16.9
Epoch 4547/5000: score=10.161292 loss=-0.210702 valid=1.0000 routes=8.623 grad=3.6437 seconds=16.5
Epoch 4548/5000: score=10.788107 loss=-0.214671 valid=1.0000 routes=8.774 grad=3.9457 seconds=17.0
Epoch 4549/5000: score=10.681563 loss=-0.209771 valid=1.0000 routes=8.616 grad=3.8170 seconds=18.0
Epoch 4550/5000: score=10.509669 loss=-0.213344 valid=1.0000 routes=8.570 grad=3.7374 seconds=18.3
Epoch 4551/5000: score=10.413076 loss=-0.210138 valid=1.0000 routes=8.783 grad=3.7631 seconds=18.0
Epoch 4552/5000: score=10.575094 loss=-0.221224 valid=1.0000 routes=8.889 grad=4.0215 seconds=17.8
Epoch 4553/5000: score=10.436067 loss=-0.218279 valid=1.0000 routes=8.693 grad=3.8930 seconds=17.5
Epoch 4554/5000: score=10.653237 loss=-0.211660 valid=1.0000 routes=8.837 grad=4.0089 seconds=17.6
Epoch 4555/5000: score=10.380723 loss=-0.210831 valid=1.0000 routes=8.548 grad=3.7546 seconds=17.6
Epoch 4556/5000: score=10.522557 loss=-0.219451 valid=1.0000 routes=8.819 grad=3.9612 seconds=17.5
Epoch 4557/5000: score=10.596375 loss=-0.217253 valid=1.0000 routes=8.784 grad=3.8516 seconds=17.4
Epoch 4558/5000: score=10.183142 loss=-0.208054 valid=1.0000 routes=8.461 grad=3.7050 seconds=17.3
Epoch 4559/5000: score=10.318246 loss=-0.209793 valid=1.0000 routes=8.319 grad=3.7789 seconds=18.1
Epoch 4560/5000: score=10.479316 loss=-0.209121 valid=1.0000 routes=8.559 grad=3.7715 seconds=18.6
Epoch 4561/5000: score=10.609741 loss=-0.213163 valid=1.0000 routes=8.894 grad=3.7435 seconds=18.7
Epoch 4562/5000: score=10.668295 loss=-0.216912 valid=1.0000 routes=8.543 grad=3.8561 seconds=19.2
Epoch 4563/5000: score=10.433762 loss=-0.202298 valid=1.0000 routes=8.498 grad=3.6265 seconds=19.3
Epoch 4564/5000: score=10.245769 loss=-0.198163 valid=1.0000 routes=8.941 grad=3.5238 seconds=19.1
Epoch 4565/5000: score=10.713762 loss=-0.212264 valid=1.0000 routes=8.733 grad=3.9176 seconds=19.3
Epoch 4566/5000: score=10.323549 loss=-0.218142 valid=1.0000 routes=8.291 grad=3.7934 seconds=19.6
Epoch 4567/5000: score=10.754196 loss=-0.214435 valid=1.0000 routes=8.821 grad=3.9157 seconds=18.3
Epoch 4568/5000: score=10.866436 loss=-0.228088 valid=1.0000 routes=8.899 grad=4.1977 seconds=18.5
Epoch 4569/5000: score=10.544066 loss=-0.217221 valid=1.0000 routes=8.694 grad=3.9134 seconds=18.7
Epoch 4570/5000: score=10.348218 loss=-0.209341 valid=1.0000 routes=8.718 grad=3.7172 seconds=17.9
Epoch 4571/5000: score=10.342635 loss=-0.208316 valid=1.0000 routes=8.684 grad=3.7607 seconds=18.1
Epoch 4572/5000: score=10.846348 loss=-0.221199 valid=1.0000 routes=8.791 grad=4.1465 seconds=18.2
Epoch 4573/5000: score=10.180010 loss=-0.213312 valid=1.0000 routes=8.677 grad=3.6538 seconds=18.4
Epoch 4574/5000: score=10.464623 loss=-0.217135 valid=1.0000 routes=8.738 grad=4.0333 seconds=19.0
Epoch 4575/5000: score=10.188453 loss=-0.207381 valid=1.0000 routes=8.520 grad=3.7635 seconds=19.2
Epoch 4576/5000: score=10.321028 loss=-0.212904 valid=1.0000 routes=8.748 grad=3.9123 seconds=19.0
Epoch 4577/5000: score=10.403188 loss=-0.213874 valid=1.0000 routes=8.557 grad=3.8168 seconds=18.5
Epoch 4578/5000: score=10.357769 loss=-0.212872 valid=1.0000 routes=9.125 grad=3.7816 seconds=18.0
Epoch 4579/5000: score=10.486542 loss=-0.209345 valid=1.0000 routes=8.825 grad=3.6534 seconds=18.4
Epoch 4580/5000: score=10.757793 loss=-0.224784 valid=1.0000 routes=8.694 grad=4.0783 seconds=19.1
Epoch 4581/5000: score=10.727802 loss=-0.221429 valid=1.0000 routes=9.066 grad=4.1646 seconds=19.1
Epoch 4582/5000: score=10.766666 loss=-0.221617 valid=1.0000 routes=8.826 grad=4.0512 seconds=18.3
Epoch 4583/5000: score=10.890705 loss=-0.218564 valid=1.0000 routes=8.799 grad=4.0758 seconds=18.8
Epoch 4584/5000: score=10.337777 loss=-0.205459 valid=1.0000 routes=8.724 grad=3.7567 seconds=18.1
Epoch 4585/5000: score=10.288919 loss=-0.216482 valid=1.0000 routes=8.668 grad=3.8124 seconds=18.8
Epoch 4586/5000: score=10.790052 loss=-0.224644 valid=1.0000 routes=9.175 grad=4.1069 seconds=18.8
>> Invalid instances, Re-generating ...
Epoch 4587/5000: score=10.788755 loss=-0.212558 valid=1.0000 routes=9.024 grad=4.0964 seconds=19.0
Epoch 4588/5000: score=10.659585 loss=-0.220640 valid=1.0000 routes=8.366 grad=3.9974 seconds=18.4
Epoch 4589/5000: score=10.828199 loss=-0.218616 valid=1.0000 routes=8.850 grad=4.0244 seconds=18.5
Epoch 4590/5000: score=10.659962 loss=-0.216542 valid=1.0000 routes=8.602 grad=3.8182 seconds=17.1
Epoch 4591/5000: score=10.558184 loss=-0.216836 valid=1.0000 routes=9.002 grad=3.9357 seconds=16.6
Epoch 4592/5000: score=10.467570 loss=-0.210629 valid=1.0000 routes=8.325 grad=3.7618 seconds=16.8
Epoch 4593/5000: score=10.538893 loss=-0.218164 valid=1.0000 routes=9.345 grad=3.9664 seconds=16.3
>> Invalid instances, Re-generating ...
Epoch 4594/5000: score=10.553641 loss=-0.207707 valid=1.0000 routes=8.602 grad=3.8459 seconds=17.9
Epoch 4595/5000: score=9.961096 loss=-0.214225 valid=1.0000 routes=8.402 grad=3.8147 seconds=18.1
Epoch 4596/5000: score=10.364489 loss=-0.213658 valid=1.0000 routes=8.679 grad=3.8062 seconds=17.1
Epoch 4597/5000: score=10.340551 loss=-0.209251 valid=1.0000 routes=8.286 grad=3.8983 seconds=17.3
Epoch 4598/5000: score=10.545243 loss=-0.211565 valid=1.0000 routes=8.503 grad=3.8614 seconds=17.5
Epoch 4599/5000: score=10.554355 loss=-0.219151 valid=1.0000 routes=9.176 grad=4.0280 seconds=17.3
Epoch 4600/5000: score=10.307588 loss=-0.206724 valid=1.0000 routes=8.609 grad=3.6323 seconds=17.2
Epoch 4601/5000: score=10.523145 loss=-0.217132 valid=1.0000 routes=8.805 grad=4.0424 seconds=17.4
Epoch 4602/5000: score=10.370904 loss=-0.211583 valid=1.0000 routes=8.312 grad=3.8870 seconds=17.1
Epoch 4603/5000: score=10.452658 loss=-0.208245 valid=1.0000 routes=8.779 grad=3.7880 seconds=16.0
Epoch 4604/5000: score=10.693618 loss=-0.214471 valid=1.0000 routes=8.833 grad=4.1599 seconds=17.4
Epoch 4605/5000: score=10.613480 loss=-0.222036 valid=1.0000 routes=8.618 grad=4.0651 seconds=17.5
Epoch 4606/5000: score=10.756756 loss=-0.221010 valid=1.0000 routes=8.677 grad=3.9526 seconds=17.0
Epoch 4607/5000: score=10.289371 loss=-0.212396 valid=1.0000 routes=8.745 grad=3.8938 seconds=17.2
Epoch 4608/5000: score=10.657532 loss=-0.223735 valid=1.0000 routes=8.680 grad=3.9908 seconds=17.1
Epoch 4609/5000: score=10.586240 loss=-0.209242 valid=1.0000 routes=8.581 grad=3.7925 seconds=17.2
Epoch 4610/5000: score=10.193348 loss=-0.206042 valid=1.0000 routes=8.677 grad=3.8260 seconds=17.0
Epoch 4611/5000: score=10.456450 loss=-0.211025 valid=1.0000 routes=8.684 grad=3.8690 seconds=16.3
Epoch 4612/5000: score=9.827740 loss=-0.202985 valid=1.0000 routes=8.540 grad=3.5306 seconds=16.6
Epoch 4613/5000: score=10.934289 loss=-0.226626 valid=1.0000 routes=8.877 grad=4.2321 seconds=16.7
Epoch 4614/5000: score=10.405451 loss=-0.210696 valid=1.0000 routes=8.650 grad=3.7639 seconds=16.3
Epoch 4615/5000: score=10.258146 loss=-0.213542 valid=1.0000 routes=8.613 grad=3.8162 seconds=17.1
Epoch 4616/5000: score=10.744507 loss=-0.225430 valid=1.0000 routes=8.843 grad=4.2477 seconds=17.1
Epoch 4617/5000: score=10.361956 loss=-0.208508 valid=1.0000 routes=8.419 grad=3.8617 seconds=16.3
Epoch 4618/5000: score=10.202267 loss=-0.213686 valid=1.0000 routes=8.761 grad=3.7560 seconds=16.3
Epoch 4619/5000: score=10.244463 loss=-0.214998 valid=1.0000 routes=8.511 grad=3.8442 seconds=15.9
Epoch 4620/5000: score=10.469757 loss=-0.208046 valid=1.0000 routes=8.607 grad=3.9343 seconds=16.0
Epoch 4621/5000: score=10.662070 loss=-0.222766 valid=1.0000 routes=8.644 grad=4.0074 seconds=16.7
Epoch 4622/5000: score=10.770292 loss=-0.219810 valid=1.0000 routes=8.777 grad=4.1900 seconds=16.8
Epoch 4623/5000: score=10.534009 loss=-0.217650 valid=1.0000 routes=8.799 grad=4.0499 seconds=16.8
Epoch 4624/5000: score=10.123564 loss=-0.202327 valid=1.0000 routes=8.525 grad=3.7745 seconds=16.8
Epoch 4625/5000: score=10.687467 loss=-0.213881 valid=1.0000 routes=8.770 grad=4.0323 seconds=16.9
Epoch 4626/5000: score=10.110042 loss=-0.205446 valid=1.0000 routes=8.375 grad=3.6815 seconds=16.8
Epoch 4627/5000: score=10.200318 loss=-0.203044 valid=1.0000 routes=8.614 grad=3.7749 seconds=17.0
Epoch 4628/5000: score=10.617606 loss=-0.208386 valid=1.0000 routes=8.842 grad=3.9090 seconds=17.2
Epoch 4629/5000: score=10.334382 loss=-0.208643 valid=1.0000 routes=8.620 grad=3.8362 seconds=17.1
Epoch 4630/5000: score=10.127835 loss=-0.205926 valid=1.0000 routes=8.531 grad=3.8371 seconds=16.9
Epoch 4631/5000: score=10.432855 loss=-0.209431 valid=1.0000 routes=8.334 grad=3.8214 seconds=16.8
Epoch 4632/5000: score=10.398962 loss=-0.211031 valid=1.0000 routes=8.623 grad=3.8635 seconds=16.9
Epoch 4633/5000: score=10.251520 loss=-0.208816 valid=1.0000 routes=8.340 grad=3.8870 seconds=17.1
Epoch 4634/5000: score=10.540792 loss=-0.216332 valid=1.0000 routes=8.817 grad=4.0195 seconds=16.9
Epoch 4635/5000: score=10.381274 loss=-0.205429 valid=1.0000 routes=8.008 grad=3.7668 seconds=16.8
Epoch 4636/5000: score=10.578496 loss=-0.213848 valid=1.0000 routes=8.530 grad=4.0698 seconds=16.5
Epoch 4637/5000: score=10.385538 loss=-0.206380 valid=1.0000 routes=8.648 grad=3.7664 seconds=16.3
Epoch 4638/5000: score=10.728951 loss=-0.221714 valid=1.0000 routes=9.063 grad=4.2472 seconds=16.8
Epoch 4639/5000: score=9.897826 loss=-0.204507 valid=1.0000 routes=8.869 grad=3.6970 seconds=17.2
Epoch 4640/5000: score=10.564703 loss=-0.210350 valid=1.0000 routes=8.463 grad=3.8834 seconds=17.1
Epoch 4641/5000: score=10.345699 loss=-0.208595 valid=1.0000 routes=8.310 grad=3.8667 seconds=16.3
Epoch 4642/5000: score=10.143649 loss=-0.209696 valid=1.0000 routes=8.336 grad=3.7343 seconds=16.4
Epoch 4643/5000: score=10.770169 loss=-0.215321 valid=1.0000 routes=8.536 grad=4.0299 seconds=16.9
Epoch 4644/5000: score=10.581109 loss=-0.209725 valid=1.0000 routes=8.826 grad=4.0598 seconds=16.5
Epoch 4645/5000: score=10.464912 loss=-0.207422 valid=1.0000 routes=8.157 grad=3.8310 seconds=16.4
Epoch 4646/5000: score=10.353347 loss=-0.217308 valid=1.0000 routes=8.849 grad=3.9866 seconds=16.0
Epoch 4647/5000: score=10.370721 loss=-0.213219 valid=1.0000 routes=8.637 grad=3.9424 seconds=15.8
Epoch 4648/5000: score=10.179596 loss=-0.211804 valid=1.0000 routes=8.489 grad=3.8376 seconds=16.1
Epoch 4649/5000: score=10.581382 loss=-0.220220 valid=1.0000 routes=8.620 grad=3.9816 seconds=15.8
Epoch 4650/5000: score=10.483814 loss=-0.220140 valid=1.0000 routes=8.688 grad=3.9949 seconds=16.2
Epoch 4651/5000: score=10.511450 loss=-0.208073 valid=1.0000 routes=8.418 grad=3.9725 seconds=15.9
Epoch 4652/5000: score=10.825582 loss=-0.217650 valid=1.0000 routes=8.608 grad=4.0295 seconds=16.1
Epoch 4653/5000: score=10.400244 loss=-0.215222 valid=1.0000 routes=8.313 grad=3.9102 seconds=15.9
Epoch 4654/5000: score=10.480793 loss=-0.213323 valid=1.0000 routes=8.716 grad=3.9847 seconds=16.0
Epoch 4655/5000: score=10.391390 loss=-0.205952 valid=1.0000 routes=8.152 grad=3.9134 seconds=16.4
Epoch 4656/5000: score=10.613965 loss=-0.211999 valid=1.0000 routes=8.757 grad=4.0681 seconds=16.5
Epoch 4657/5000: score=10.650070 loss=-0.214417 valid=1.0000 routes=8.855 grad=4.1053 seconds=16.6
Epoch 4658/5000: score=10.628875 loss=-0.223215 valid=1.0000 routes=9.231 grad=4.1643 seconds=16.7
Epoch 4659/5000: score=10.660041 loss=-0.224034 valid=1.0000 routes=9.056 grad=4.2205 seconds=16.7
Epoch 4660/5000: score=10.348245 loss=-0.211230 valid=1.0000 routes=8.740 grad=3.9382 seconds=16.4
Epoch 4661/5000: score=10.653602 loss=-0.221427 valid=1.0000 routes=8.720 grad=4.0647 seconds=16.3
Epoch 4662/5000: score=10.339172 loss=-0.206341 valid=1.0000 routes=8.204 grad=3.7832 seconds=16.1
Epoch 4663/5000: score=10.396949 loss=-0.207980 valid=1.0000 routes=8.077 grad=3.7847 seconds=16.4
Epoch 4664/5000: score=10.458681 loss=-0.216586 valid=1.0000 routes=8.711 grad=4.1472 seconds=16.4
Epoch 4665/5000: score=10.383183 loss=-0.206555 valid=1.0000 routes=8.463 grad=3.8982 seconds=15.5
Epoch 4666/5000: score=10.494654 loss=-0.213306 valid=1.0000 routes=8.752 grad=3.9872 seconds=15.1
Epoch 4667/5000: score=10.845638 loss=-0.225640 valid=1.0000 routes=8.998 grad=4.2635 seconds=15.1
Epoch 4668/5000: score=10.449274 loss=-0.211965 valid=1.0000 routes=8.520 grad=3.9413 seconds=15.0
Epoch 4669/5000: score=10.268493 loss=-0.206352 valid=1.0000 routes=8.578 grad=3.6079 seconds=15.1
Epoch 4670/5000: score=10.407883 loss=-0.209672 valid=1.0000 routes=8.648 grad=4.0410 seconds=15.2
Epoch 4671/5000: score=10.342173 loss=-0.212549 valid=1.0000 routes=8.535 grad=3.9937 seconds=15.1
Epoch 4672/5000: score=10.205225 loss=-0.207383 valid=1.0000 routes=8.570 grad=3.7890 seconds=15.1
Epoch 4673/5000: score=10.793485 loss=-0.220154 valid=1.0000 routes=8.853 grad=4.1734 seconds=15.1
Epoch 4674/5000: score=10.267239 loss=-0.213089 valid=1.0000 routes=8.550 grad=3.8936 seconds=15.1
Epoch 4675/5000: score=10.697446 loss=-0.212016 valid=1.0000 routes=9.048 grad=3.9691 seconds=15.2
Epoch 4676/5000: score=10.976569 loss=-0.231965 valid=1.0000 routes=8.621 grad=4.3104 seconds=15.2
Epoch 4677/5000: score=10.024103 loss=-0.205166 valid=1.0000 routes=8.499 grad=3.7321 seconds=15.0
Epoch 4678/5000: score=10.274396 loss=-0.211274 valid=1.0000 routes=8.350 grad=3.8781 seconds=15.1
Epoch 4679/5000: score=10.310993 loss=-0.212321 valid=1.0000 routes=8.380 grad=3.9101 seconds=15.1
Epoch 4680/5000: score=10.495850 loss=-0.215943 valid=1.0000 routes=8.761 grad=3.9718 seconds=15.2
Epoch 4681/5000: score=10.613108 loss=-0.209260 valid=1.0000 routes=8.825 grad=3.8768 seconds=15.0
Epoch 4682/5000: score=10.101364 loss=-0.206551 valid=1.0000 routes=8.580 grad=3.9428 seconds=16.0
Epoch 4683/5000: score=10.465492 loss=-0.215160 valid=1.0000 routes=8.426 grad=3.9224 seconds=15.8
Epoch 4684/5000: score=9.924900 loss=-0.203485 valid=1.0000 routes=8.374 grad=3.6702 seconds=15.1
Epoch 4685/5000: score=10.228706 loss=-0.194281 valid=1.0000 routes=8.158 grad=3.6055 seconds=16.0
Epoch 4686/5000: score=10.366889 loss=-0.213857 valid=1.0000 routes=8.519 grad=3.8870 seconds=16.5
Epoch 4687/5000: score=10.532245 loss=-0.216910 valid=1.0000 routes=8.442 grad=3.8428 seconds=16.6
Epoch 4688/5000: score=10.667213 loss=-0.210685 valid=1.0000 routes=8.454 grad=3.9746 seconds=16.2
Epoch 4689/5000: score=10.904693 loss=-0.224791 valid=1.0000 routes=8.681 grad=4.3846 seconds=16.2
Epoch 4690/5000: score=10.088615 loss=-0.208055 valid=1.0000 routes=8.429 grad=3.8230 seconds=17.0
Epoch 4691/5000: score=10.180669 loss=-0.210796 valid=1.0000 routes=8.359 grad=3.8835 seconds=16.9
Epoch 4692/5000: score=10.581169 loss=-0.212708 valid=1.0000 routes=8.809 grad=4.1016 seconds=16.8
Epoch 4693/5000: score=10.324399 loss=-0.209738 valid=1.0000 routes=8.483 grad=3.9245 seconds=16.8
Epoch 4694/5000: score=10.395379 loss=-0.211767 valid=1.0000 routes=8.806 grad=3.8821 seconds=16.9
Epoch 4695/5000: score=10.593955 loss=-0.211276 valid=1.0000 routes=9.002 grad=4.0606 seconds=15.8
Epoch 4696/5000: score=10.345074 loss=-0.220719 valid=1.0000 routes=8.607 grad=3.9701 seconds=15.0
Epoch 4697/5000: score=10.203206 loss=-0.206621 valid=1.0000 routes=8.551 grad=3.8976 seconds=15.1
Epoch 4698/5000: score=10.632385 loss=-0.214441 valid=1.0000 routes=8.601 grad=4.0379 seconds=15.1
Epoch 4699/5000: score=10.330195 loss=-0.216696 valid=1.0000 routes=8.740 grad=4.0645 seconds=15.3
Epoch 4700/5000: score=10.297559 loss=-0.204473 valid=1.0000 routes=8.644 grad=3.8156 seconds=15.3
Epoch 4701/5000: score=10.636474 loss=-0.213160 valid=1.0000 routes=8.604 grad=3.9828 seconds=15.3
Epoch 4702/5000: score=10.424980 loss=-0.215096 valid=1.0000 routes=8.553 grad=3.9506 seconds=15.2
Epoch 4703/5000: score=10.886779 loss=-0.220701 valid=1.0000 routes=8.610 grad=4.2211 seconds=15.1
Epoch 4704/5000: score=10.261603 loss=-0.209165 valid=1.0000 routes=8.378 grad=3.8556 seconds=15.1
Epoch 4705/5000: score=10.266408 loss=-0.210999 valid=1.0000 routes=8.571 grad=3.9149 seconds=15.1
Epoch 4706/5000: score=10.399669 loss=-0.212266 valid=1.0000 routes=8.669 grad=3.8469 seconds=15.1
Epoch 4707/5000: score=10.550703 loss=-0.211254 valid=1.0000 routes=8.645 grad=3.9811 seconds=14.9
Epoch 4708/5000: score=10.620115 loss=-0.213761 valid=1.0000 routes=8.918 grad=4.0412 seconds=14.9
Epoch 4709/5000: score=10.803653 loss=-0.217925 valid=1.0000 routes=9.135 grad=4.2753 seconds=14.9
Epoch 4710/5000: score=10.372635 loss=-0.206622 valid=1.0000 routes=8.414 grad=3.8670 seconds=14.9
Epoch 4711/5000: score=10.657392 loss=-0.211680 valid=1.0000 routes=8.798 grad=4.0815 seconds=15.1
Epoch 4712/5000: score=10.639167 loss=-0.218379 valid=1.0000 routes=8.548 grad=4.1239 seconds=15.1
Epoch 4713/5000: score=10.581978 loss=-0.216259 valid=1.0000 routes=8.828 grad=4.0695 seconds=14.9
Epoch 4714/5000: score=10.315935 loss=-0.215523 valid=1.0000 routes=8.609 grad=3.9382 seconds=15.0
Epoch 4715/5000: score=10.589175 loss=-0.210754 valid=1.0000 routes=8.804 grad=3.9497 seconds=15.5
Epoch 4716/5000: score=10.496322 loss=-0.219184 valid=1.0000 routes=8.369 grad=4.0724 seconds=16.0
Epoch 4717/5000: score=10.628026 loss=-0.218826 valid=1.0000 routes=8.441 grad=4.0572 seconds=15.7
Epoch 4718/5000: score=10.526378 loss=-0.215123 valid=1.0000 routes=8.654 grad=4.1678 seconds=15.5
Epoch 4719/5000: score=10.263368 loss=-0.212404 valid=1.0000 routes=8.784 grad=3.9762 seconds=15.6
Epoch 4720/5000: score=10.560755 loss=-0.217787 valid=1.0000 routes=8.681 grad=4.0585 seconds=14.9
Epoch 4721/5000: score=10.869642 loss=-0.219627 valid=1.0000 routes=8.785 grad=4.2908 seconds=15.6
Epoch 4722/5000: score=10.608595 loss=-0.221842 valid=1.0000 routes=8.865 grad=4.0638 seconds=15.7
Epoch 4723/5000: score=10.431535 loss=-0.212459 valid=1.0000 routes=8.356 grad=3.8587 seconds=15.4
Epoch 4724/5000: score=10.478368 loss=-0.211524 valid=1.0000 routes=8.739 grad=3.9804 seconds=15.4
Epoch 4725/5000: score=10.784382 loss=-0.212019 valid=1.0000 routes=8.350 grad=3.9646 seconds=15.5
Epoch 4726/5000: score=10.660067 loss=-0.214303 valid=1.0000 routes=8.958 grad=4.0822 seconds=15.2
Epoch 4727/5000: score=10.779228 loss=-0.221083 valid=1.0000 routes=8.606 grad=4.2470 seconds=15.6
Epoch 4728/5000: score=10.753026 loss=-0.221803 valid=1.0000 routes=8.602 grad=4.1759 seconds=15.5
Epoch 4729/5000: score=10.347704 loss=-0.210595 valid=1.0000 routes=8.692 grad=4.0812 seconds=15.6
Epoch 4730/5000: score=10.523167 loss=-0.214865 valid=1.0000 routes=8.972 grad=4.1923 seconds=15.4
Epoch 4731/5000: score=10.610647 loss=-0.216456 valid=1.0000 routes=8.295 grad=4.0511 seconds=15.6
Epoch 4732/5000: score=9.933785 loss=-0.214274 valid=1.0000 routes=9.058 grad=3.8808 seconds=15.5
Epoch 4733/5000: score=10.315154 loss=-0.216317 valid=1.0000 routes=8.768 grad=3.9869 seconds=15.5
Epoch 4734/5000: score=10.440900 loss=-0.214024 valid=1.0000 routes=8.896 grad=3.9968 seconds=15.3
Epoch 4735/5000: score=10.416966 loss=-0.214292 valid=1.0000 routes=8.430 grad=3.9927 seconds=15.5
Epoch 4736/5000: score=10.676173 loss=-0.220477 valid=1.0000 routes=8.739 grad=4.0389 seconds=15.6
Epoch 4737/5000: score=10.434317 loss=-0.202621 valid=1.0000 routes=8.673 grad=3.8160 seconds=15.6
Epoch 4738/5000: score=10.688793 loss=-0.212116 valid=1.0000 routes=8.825 grad=3.9509 seconds=15.4
Epoch 4739/5000: score=10.536936 loss=-0.215736 valid=1.0000 routes=8.840 grad=4.1713 seconds=15.3
Epoch 4740/5000: score=10.500926 loss=-0.215856 valid=1.0000 routes=8.625 grad=4.1157 seconds=15.5
Epoch 4741/5000: score=10.573104 loss=-0.216441 valid=1.0000 routes=8.702 grad=4.1576 seconds=15.5
Epoch 4742/5000: score=10.531628 loss=-0.211403 valid=1.0000 routes=8.859 grad=3.9508 seconds=15.3
Epoch 4743/5000: score=10.493582 loss=-0.223428 valid=1.0000 routes=8.422 grad=4.1354 seconds=15.8
Epoch 4744/5000: score=10.152172 loss=-0.209528 valid=1.0000 routes=8.561 grad=3.9009 seconds=15.3
Epoch 4745/5000: score=9.776595 loss=-0.202995 valid=1.0000 routes=8.259 grad=3.6841 seconds=15.5
Epoch 4746/5000: score=10.335949 loss=-0.213082 valid=1.0000 routes=8.431 grad=3.9372 seconds=15.5
Epoch 4747/5000: score=10.880828 loss=-0.226358 valid=1.0000 routes=8.550 grad=4.2481 seconds=15.5
Epoch 4748/5000: score=10.397263 loss=-0.209946 valid=1.0000 routes=8.685 grad=3.9090 seconds=15.5
Epoch 4749/5000: score=10.707595 loss=-0.226872 valid=1.0000 routes=8.391 grad=4.2630 seconds=15.6
Epoch 4750/5000: score=10.152093 loss=-0.206073 valid=1.0000 routes=8.136 grad=3.8120 seconds=15.7
Epoch 4751/5000: score=10.095273 loss=-0.201077 valid=1.0000 routes=8.713 grad=3.8361 seconds=15.5
Epoch 4752/5000: score=10.442622 loss=-0.200199 valid=1.0000 routes=8.248 grad=3.8285 seconds=15.4
Epoch 4753/5000: score=10.571509 loss=-0.208904 valid=1.0000 routes=8.564 grad=3.9659 seconds=15.7
Epoch 4754/5000: score=10.662243 loss=-0.219585 valid=1.0000 routes=8.668 grad=4.2543 seconds=15.5
Epoch 4755/5000: score=10.491964 loss=-0.205763 valid=1.0000 routes=8.456 grad=3.8649 seconds=15.5
Epoch 4756/5000: score=10.361540 loss=-0.208299 valid=1.0000 routes=8.433 grad=3.9919 seconds=15.5
Epoch 4757/5000: score=10.674014 loss=-0.213592 valid=1.0000 routes=8.611 grad=3.9876 seconds=15.3
Epoch 4758/5000: score=10.705835 loss=-0.212939 valid=1.0000 routes=8.723 grad=4.0450 seconds=15.7
Epoch 4759/5000: score=10.398048 loss=-0.215474 valid=1.0000 routes=8.585 grad=3.9985 seconds=15.3
Epoch 4760/5000: score=10.437614 loss=-0.210391 valid=1.0000 routes=8.694 grad=3.9650 seconds=15.1
Epoch 4761/5000: score=10.507766 loss=-0.222887 valid=1.0000 routes=8.365 grad=4.0356 seconds=15.3
Epoch 4762/5000: score=10.376469 loss=-0.221706 valid=1.0000 routes=8.172 grad=4.1084 seconds=15.3
Epoch 4763/5000: score=10.313443 loss=-0.206873 valid=1.0000 routes=8.642 grad=3.8377 seconds=15.3
Epoch 4764/5000: score=10.328382 loss=-0.211877 valid=1.0000 routes=8.552 grad=3.7642 seconds=16.1
Epoch 4765/5000: score=10.554960 loss=-0.214628 valid=1.0000 routes=9.079 grad=4.0255 seconds=15.5
Epoch 4766/5000: score=10.445157 loss=-0.212541 valid=1.0000 routes=8.617 grad=3.8979 seconds=15.3
Epoch 4767/5000: score=10.334266 loss=-0.212247 valid=1.0000 routes=8.516 grad=3.9114 seconds=15.4
Epoch 4768/5000: score=10.525940 loss=-0.212407 valid=1.0000 routes=8.642 grad=4.0146 seconds=15.4
Epoch 4769/5000: score=10.173575 loss=-0.209015 valid=1.0000 routes=8.235 grad=3.7404 seconds=15.6
Epoch 4770/5000: score=10.226190 loss=-0.202250 valid=1.0000 routes=8.549 grad=3.7402 seconds=15.4
Epoch 4771/5000: score=10.402951 loss=-0.215080 valid=1.0000 routes=8.547 grad=3.9180 seconds=15.5
Epoch 4772/5000: score=10.699582 loss=-0.226073 valid=1.0000 routes=8.695 grad=4.2094 seconds=15.5
Epoch 4773/5000: score=10.550534 loss=-0.221122 valid=1.0000 routes=8.370 grad=4.1167 seconds=15.8
Epoch 4774/5000: score=10.215398 loss=-0.210065 valid=1.0000 routes=8.735 grad=3.8898 seconds=15.7
Epoch 4775/5000: score=10.654949 loss=-0.213171 valid=1.0000 routes=8.696 grad=4.0320 seconds=15.7
Epoch 4776/5000: score=10.586186 loss=-0.215337 valid=1.0000 routes=8.956 grad=4.0985 seconds=16.1
Epoch 4777/5000: score=10.494710 loss=-0.211221 valid=1.0000 routes=8.851 grad=4.0761 seconds=16.3
Epoch 4778/5000: score=10.245944 loss=-0.204577 valid=1.0000 routes=8.236 grad=3.6826 seconds=16.1
Epoch 4779/5000: score=10.866870 loss=-0.213369 valid=1.0000 routes=8.540 grad=4.1135 seconds=16.2
Epoch 4780/5000: score=10.185147 loss=-0.208114 valid=1.0000 routes=8.849 grad=3.8226 seconds=16.9
Epoch 4781/5000: score=10.656915 loss=-0.219365 valid=1.0000 routes=8.905 grad=4.2601 seconds=16.6
Epoch 4782/5000: score=10.893982 loss=-0.216424 valid=1.0000 routes=8.960 grad=4.2958 seconds=16.2
Epoch 4783/5000: score=10.735885 loss=-0.212620 valid=1.0000 routes=8.685 grad=4.1422 seconds=16.0
Epoch 4784/5000: score=10.443137 loss=-0.205523 valid=1.0000 routes=8.298 grad=3.9196 seconds=16.1
Epoch 4785/5000: score=10.537245 loss=-0.209883 valid=1.0000 routes=8.559 grad=3.8748 seconds=16.3
Epoch 4786/5000: score=10.472955 loss=-0.211024 valid=1.0000 routes=9.041 grad=4.0070 seconds=15.9
Epoch 4787/5000: score=10.319265 loss=-0.210237 valid=1.0000 routes=8.631 grad=3.9132 seconds=15.9
Epoch 4788/5000: score=10.719043 loss=-0.219319 valid=1.0000 routes=8.829 grad=4.2151 seconds=16.3
Epoch 4789/5000: score=10.513642 loss=-0.216226 valid=1.0000 routes=8.661 grad=4.0459 seconds=16.4
Epoch 4790/5000: score=10.628367 loss=-0.219120 valid=1.0000 routes=8.562 grad=4.1107 seconds=16.4
Epoch 4791/5000: score=10.143424 loss=-0.201754 valid=1.0000 routes=8.517 grad=3.7002 seconds=15.9
Epoch 4792/5000: score=10.283216 loss=-0.213347 valid=1.0000 routes=8.844 grad=3.9673 seconds=15.9
Epoch 4793/5000: score=10.434398 loss=-0.208226 valid=1.0000 routes=8.674 grad=3.8604 seconds=16.0
Epoch 4794/5000: score=10.671063 loss=-0.215412 valid=1.0000 routes=8.751 grad=4.1214 seconds=16.1
Epoch 4795/5000: score=10.191709 loss=-0.210065 valid=1.0000 routes=8.587 grad=3.8980 seconds=16.3
Epoch 4796/5000: score=10.446847 loss=-0.210736 valid=1.0000 routes=8.562 grad=4.0121 seconds=16.1
Epoch 4797/5000: score=10.569950 loss=-0.214460 valid=1.0000 routes=8.690 grad=4.1356 seconds=16.5
Epoch 4798/5000: score=10.727502 loss=-0.215506 valid=1.0000 routes=8.689 grad=4.1173 seconds=16.0
Epoch 4799/5000: score=10.770271 loss=-0.217959 valid=1.0000 routes=8.619 grad=4.2065 seconds=15.8
Epoch 4800/5000: score=10.388219 loss=-0.206862 valid=1.0000 routes=8.829 grad=4.0582 seconds=16.1
Epoch 4801/5000: score=10.591358 loss=-0.221383 valid=1.0000 routes=9.009 grad=4.2305 seconds=16.3
Epoch 4802/5000: score=10.645066 loss=-0.212055 valid=1.0000 routes=8.765 grad=4.1255 seconds=16.4
Epoch 4803/5000: score=10.768187 loss=-0.217244 valid=1.0000 routes=8.844 grad=4.2364 seconds=16.2
Epoch 4804/5000: score=10.654228 loss=-0.214393 valid=1.0000 routes=8.745 grad=4.0725 seconds=16.1
Epoch 4805/5000: score=10.660998 loss=-0.222722 valid=1.0000 routes=8.564 grad=4.2146 seconds=16.3
Epoch 4806/5000: score=10.226940 loss=-0.209654 valid=1.0000 routes=8.725 grad=3.7960 seconds=16.4
Epoch 4807/5000: score=9.816184 loss=-0.196190 valid=1.0000 routes=8.107 grad=3.4739 seconds=16.2
Epoch 4808/5000: score=10.394311 loss=-0.205393 valid=1.0000 routes=8.486 grad=3.8572 seconds=15.8
Epoch 4809/5000: score=10.947828 loss=-0.221286 valid=1.0000 routes=8.818 grad=4.2495 seconds=15.7
Epoch 4810/5000: score=10.515820 loss=-0.208398 valid=1.0000 routes=8.597 grad=4.0010 seconds=16.0
Epoch 4811/5000: score=10.205902 loss=-0.204988 valid=1.0000 routes=8.554 grad=3.8711 seconds=16.1
Epoch 4812/5000: score=10.198522 loss=-0.218582 valid=1.0000 routes=8.328 grad=3.9870 seconds=15.9
Epoch 4813/5000: score=10.531162 loss=-0.209229 valid=1.0000 routes=8.415 grad=3.9637 seconds=15.9
Epoch 4814/5000: score=10.913754 loss=-0.224158 valid=1.0000 routes=8.709 grad=4.2519 seconds=16.1
Epoch 4815/5000: score=10.516510 loss=-0.212393 valid=1.0000 routes=8.858 grad=4.0571 seconds=16.3
Epoch 4816/5000: score=10.746084 loss=-0.220080 valid=1.0000 routes=8.366 grad=4.1991 seconds=16.7
Epoch 4817/5000: score=10.557369 loss=-0.214094 valid=1.0000 routes=8.791 grad=4.0739 seconds=16.5
Epoch 4818/5000: score=9.955180 loss=-0.204749 valid=1.0000 routes=8.032 grad=3.7269 seconds=16.7
Epoch 4819/5000: score=10.284270 loss=-0.213987 valid=1.0000 routes=8.258 grad=4.0136 seconds=16.4
Epoch 4820/5000: score=10.570268 loss=-0.208368 valid=1.0000 routes=8.678 grad=3.9788 seconds=16.3
Epoch 4821/5000: score=10.739748 loss=-0.214393 valid=1.0000 routes=8.209 grad=3.8866 seconds=15.9
Epoch 4822/5000: score=10.431204 loss=-0.219609 valid=1.0000 routes=8.679 grad=4.0678 seconds=15.8
Epoch 4823/5000: score=10.371365 loss=-0.202990 valid=1.0000 routes=8.328 grad=3.9044 seconds=16.1
Epoch 4824/5000: score=10.495639 loss=-0.216662 valid=1.0000 routes=8.439 grad=4.1696 seconds=15.5
Epoch 4825/5000: score=10.382603 loss=-0.219199 valid=1.0000 routes=8.916 grad=4.2167 seconds=15.4
Epoch 4826/5000: score=10.523504 loss=-0.216064 valid=1.0000 routes=8.579 grad=4.0500 seconds=15.4
Epoch 4827/5000: score=10.686188 loss=-0.217345 valid=1.0000 routes=8.793 grad=4.1355 seconds=15.5
Epoch 4828/5000: score=10.336207 loss=-0.214689 valid=1.0000 routes=8.796 grad=4.0106 seconds=16.1
Epoch 4829/5000: score=10.952920 loss=-0.224215 valid=1.0000 routes=8.858 grad=4.4269 seconds=16.2
Epoch 4830/5000: score=10.626950 loss=-0.219585 valid=1.0000 routes=8.823 grad=4.1871 seconds=15.9
Epoch 4831/5000: score=10.760035 loss=-0.219824 valid=1.0000 routes=8.741 grad=4.1063 seconds=16.1
Epoch 4832/5000: score=10.734212 loss=-0.219892 valid=1.0000 routes=8.571 grad=4.2511 seconds=16.0
Epoch 4833/5000: score=10.683506 loss=-0.215723 valid=1.0000 routes=8.905 grad=4.2725 seconds=15.7
Epoch 4834/5000: score=10.511380 loss=-0.213979 valid=1.0000 routes=8.957 grad=4.0498 seconds=15.5
Epoch 4835/5000: score=10.449561 loss=-0.219399 valid=1.0000 routes=8.781 grad=4.0832 seconds=15.6
Epoch 4836/5000: score=10.715949 loss=-0.217739 valid=1.0000 routes=8.501 grad=4.3073 seconds=15.6
Epoch 4837/5000: score=10.225776 loss=-0.204623 valid=1.0000 routes=8.240 grad=3.7881 seconds=15.8
Epoch 4838/5000: score=10.242106 loss=-0.213524 valid=1.0000 routes=8.642 grad=3.9403 seconds=15.5
Epoch 4839/5000: score=10.833445 loss=-0.219416 valid=1.0000 routes=8.803 grad=4.2146 seconds=15.3
Epoch 4840/5000: score=10.352734 loss=-0.204021 valid=1.0000 routes=8.446 grad=3.8482 seconds=15.2
Epoch 4841/5000: score=10.192466 loss=-0.207236 valid=1.0000 routes=8.279 grad=3.8079 seconds=15.2
Epoch 4842/5000: score=10.250332 loss=-0.204654 valid=1.0000 routes=8.688 grad=3.9084 seconds=15.2
Epoch 4843/5000: score=10.530268 loss=-0.220755 valid=1.0000 routes=8.448 grad=4.1678 seconds=15.4
Epoch 4844/5000: score=10.401410 loss=-0.207970 valid=1.0000 routes=8.700 grad=3.9845 seconds=15.2
Epoch 4845/5000: score=10.896115 loss=-0.221781 valid=1.0000 routes=9.113 grad=4.3210 seconds=15.3
Epoch 4846/5000: score=10.436759 loss=-0.212402 valid=1.0000 routes=8.820 grad=3.9341 seconds=15.2
Epoch 4847/5000: score=10.378432 loss=-0.212221 valid=1.0000 routes=8.598 grad=3.9998 seconds=15.3
Epoch 4848/5000: score=10.470099 loss=-0.210312 valid=1.0000 routes=8.711 grad=3.9132 seconds=15.3
Epoch 4849/5000: score=10.479974 loss=-0.213084 valid=1.0000 routes=8.515 grad=3.9500 seconds=15.1
Epoch 4850/5000: score=10.467849 loss=-0.206711 valid=1.0000 routes=8.633 grad=4.0983 seconds=15.1
Epoch 4851/5000: score=10.253971 loss=-0.204444 valid=1.0000 routes=8.416 grad=3.7107 seconds=15.2
Epoch 4852/5000: score=10.639830 loss=-0.219631 valid=1.0000 routes=8.632 grad=4.1331 seconds=15.4
Epoch 4853/5000: score=10.547703 loss=-0.213378 valid=1.0000 routes=8.561 grad=4.0203 seconds=15.4
Epoch 4854/5000: score=10.501220 loss=-0.211715 valid=1.0000 routes=8.608 grad=4.0216 seconds=15.5
Epoch 4855/5000: score=10.650566 loss=-0.221671 valid=1.0000 routes=8.345 grad=4.0818 seconds=15.6
Epoch 4856/5000: score=10.552323 loss=-0.217835 valid=1.0000 routes=8.557 grad=4.2180 seconds=15.5
Epoch 4857/5000: score=10.470349 loss=-0.210562 valid=1.0000 routes=8.279 grad=4.0410 seconds=15.9
Epoch 4858/5000: score=10.320522 loss=-0.202149 valid=1.0000 routes=8.599 grad=3.7212 seconds=16.0
Epoch 4859/5000: score=10.248667 loss=-0.211034 valid=1.0000 routes=8.629 grad=4.0079 seconds=16.5
Epoch 4860/5000: score=10.515872 loss=-0.211009 valid=1.0000 routes=8.463 grad=4.0748 seconds=16.4
Epoch 4861/5000: score=10.558694 loss=-0.217793 valid=1.0000 routes=8.185 grad=4.1229 seconds=16.5
Epoch 4862/5000: score=10.281362 loss=-0.207190 valid=1.0000 routes=8.449 grad=3.8300 seconds=16.5
Epoch 4863/5000: score=10.760940 loss=-0.218167 valid=1.0000 routes=8.892 grad=4.3645 seconds=16.6
Epoch 4864/5000: score=10.383254 loss=-0.214290 valid=1.0000 routes=8.656 grad=4.1012 seconds=16.6
Epoch 4865/5000: score=10.040352 loss=-0.206686 valid=1.0000 routes=8.659 grad=3.9087 seconds=16.0
Epoch 4866/5000: score=10.084266 loss=-0.207007 valid=1.0000 routes=8.319 grad=3.8878 seconds=15.7
Epoch 4867/5000: score=10.805064 loss=-0.222245 valid=1.0000 routes=8.769 grad=4.2764 seconds=15.6
Epoch 4868/5000: score=10.266319 loss=-0.213257 valid=1.0000 routes=8.934 grad=3.9709 seconds=15.5
Epoch 4869/5000: score=10.468503 loss=-0.222405 valid=1.0000 routes=8.892 grad=4.2054 seconds=15.6
Epoch 4870/5000: score=10.403905 loss=-0.209507 valid=1.0000 routes=8.326 grad=4.0630 seconds=15.6
Epoch 4871/5000: score=11.211128 loss=-0.227037 valid=1.0000 routes=9.004 grad=4.5284 seconds=15.5
Epoch 4872/5000: score=10.316321 loss=-0.211898 valid=1.0000 routes=8.763 grad=4.0286 seconds=15.5
Epoch 4873/5000: score=10.443767 loss=-0.211324 valid=1.0000 routes=8.364 grad=4.0257 seconds=15.7
Epoch 4874/5000: score=10.009617 loss=-0.208770 valid=1.0000 routes=8.878 grad=3.8822 seconds=15.7
Epoch 4875/5000: score=10.679622 loss=-0.215818 valid=1.0000 routes=8.927 grad=4.1305 seconds=15.5
Epoch 4876/5000: score=10.850721 loss=-0.219037 valid=1.0000 routes=8.580 grad=4.2830 seconds=15.2
Epoch 4877/5000: score=10.548630 loss=-0.222310 valid=1.0000 routes=8.611 grad=4.2132 seconds=15.2
Epoch 4878/5000: score=10.680719 loss=-0.211243 valid=1.0000 routes=8.940 grad=4.1474 seconds=15.2
Epoch 4879/5000: score=10.195646 loss=-0.197149 valid=1.0000 routes=8.612 grad=3.7935 seconds=15.2
Epoch 4880/5000: score=10.226806 loss=-0.205421 valid=1.0000 routes=8.452 grad=3.8241 seconds=15.3
Epoch 4881/5000: score=10.337097 loss=-0.211947 valid=1.0000 routes=8.447 grad=3.9360 seconds=15.4
Epoch 4882/5000: score=10.483825 loss=-0.209313 valid=1.0000 routes=8.668 grad=3.9365 seconds=15.3
Epoch 4883/5000: score=10.370853 loss=-0.214146 valid=1.0000 routes=8.492 grad=3.9805 seconds=15.2
Epoch 4884/5000: score=10.360153 loss=-0.214840 valid=1.0000 routes=8.785 grad=4.0102 seconds=15.3
Epoch 4885/5000: score=10.635304 loss=-0.216688 valid=1.0000 routes=8.857 grad=4.1905 seconds=15.2
Epoch 4886/5000: score=10.127966 loss=-0.207393 valid=1.0000 routes=8.366 grad=3.9163 seconds=15.4
Epoch 4887/5000: score=10.604989 loss=-0.220195 valid=1.0000 routes=8.483 grad=4.0878 seconds=15.3
Epoch 4888/5000: score=10.561209 loss=-0.210244 valid=1.0000 routes=8.669 grad=4.0407 seconds=15.1
Epoch 4889/5000: score=10.568667 loss=-0.210797 valid=1.0000 routes=8.796 grad=4.0143 seconds=15.2
Epoch 4890/5000: score=10.433480 loss=-0.207906 valid=1.0000 routes=8.447 grad=3.9775 seconds=15.2
Epoch 4891/5000: score=10.552390 loss=-0.210566 valid=1.0000 routes=8.364 grad=4.0016 seconds=15.1
Epoch 4892/5000: score=10.620350 loss=-0.205385 valid=1.0000 routes=8.276 grad=3.9811 seconds=15.7
Epoch 4893/5000: score=10.621275 loss=-0.215187 valid=1.0000 routes=8.938 grad=4.1136 seconds=15.3
Epoch 4894/5000: score=10.162963 loss=-0.196759 valid=1.0000 routes=8.470 grad=3.9033 seconds=15.2
Epoch 4895/5000: score=10.889090 loss=-0.231126 valid=1.0000 routes=9.054 grad=4.4438 seconds=15.3
Epoch 4896/5000: score=10.189242 loss=-0.201975 valid=1.0000 routes=8.272 grad=3.6774 seconds=15.4
Epoch 4897/5000: score=10.259877 loss=-0.208691 valid=1.0000 routes=8.128 grad=3.9285 seconds=15.8
Epoch 4898/5000: score=11.162161 loss=-0.222528 valid=1.0000 routes=8.856 grad=4.4330 seconds=15.9
Epoch 4899/5000: score=10.324985 loss=-0.210872 valid=1.0000 routes=8.478 grad=4.0912 seconds=15.9
Epoch 4900/5000: score=10.361990 loss=-0.215782 valid=1.0000 routes=8.588 grad=4.0403 seconds=16.1
Epoch 4901/5000: score=10.741731 loss=-0.225623 valid=1.0000 routes=8.761 grad=4.3298 seconds=16.3
Epoch 4902/5000: score=10.125565 loss=-0.205896 valid=1.0000 routes=8.125 grad=3.8152 seconds=16.0
Epoch 4903/5000: score=10.836339 loss=-0.216264 valid=1.0000 routes=8.661 grad=4.2272 seconds=16.1
Epoch 4904/5000: score=10.661909 loss=-0.219510 valid=1.0000 routes=8.683 grad=4.2059 seconds=15.9
Epoch 4905/5000: score=10.765650 loss=-0.216208 valid=1.0000 routes=8.501 grad=4.2047 seconds=16.0
Epoch 4906/5000: score=10.310600 loss=-0.201519 valid=1.0000 routes=8.557 grad=3.8807 seconds=16.0
Epoch 4907/5000: score=10.719477 loss=-0.219703 valid=1.0000 routes=8.687 grad=4.1598 seconds=16.0
Epoch 4908/5000: score=10.117198 loss=-0.210479 valid=1.0000 routes=8.492 grad=3.9984 seconds=16.1
Epoch 4909/5000: score=10.936381 loss=-0.226699 valid=1.0000 routes=9.021 grad=4.3920 seconds=16.1
Epoch 4910/5000: score=10.907411 loss=-0.222110 valid=1.0000 routes=8.573 grad=4.3924 seconds=16.4
Epoch 4911/5000: score=10.667730 loss=-0.206885 valid=1.0000 routes=8.504 grad=4.0341 seconds=16.1
Epoch 4912/5000: score=10.072775 loss=-0.206678 valid=1.0000 routes=8.495 grad=3.8840 seconds=16.3
Epoch 4913/5000: score=10.136570 loss=-0.203981 valid=1.0000 routes=8.620 grad=3.8056 seconds=16.2
Epoch 4914/5000: score=10.716538 loss=-0.218223 valid=1.0000 routes=8.923 grad=4.4174 seconds=16.0
Epoch 4915/5000: score=10.569686 loss=-0.215500 valid=1.0000 routes=8.676 grad=4.0153 seconds=15.3
Epoch 4916/5000: score=10.589290 loss=-0.213259 valid=1.0000 routes=8.655 grad=4.1437 seconds=15.3
Epoch 4917/5000: score=10.190351 loss=-0.199621 valid=1.0000 routes=8.462 grad=3.7691 seconds=15.4
Epoch 4918/5000: score=10.271507 loss=-0.204948 valid=1.0000 routes=8.519 grad=3.8350 seconds=15.5
Epoch 4919/5000: score=10.517462 loss=-0.207956 valid=1.0000 routes=8.573 grad=4.1165 seconds=15.6
Epoch 4920/5000: score=10.743744 loss=-0.209056 valid=1.0000 routes=8.604 grad=4.1312 seconds=15.2
Epoch 4921/5000: score=10.656027 loss=-0.220271 valid=1.0000 routes=8.671 grad=4.2039 seconds=15.3
Epoch 4922/5000: score=10.721759 loss=-0.218785 valid=1.0000 routes=9.226 grad=4.2600 seconds=15.3
Epoch 4923/5000: score=10.222033 loss=-0.208760 valid=1.0000 routes=8.795 grad=3.8415 seconds=15.4
Epoch 4924/5000: score=10.630275 loss=-0.225393 valid=1.0000 routes=8.418 grad=4.2539 seconds=15.6
Epoch 4925/5000: score=10.508428 loss=-0.210612 valid=1.0000 routes=8.801 grad=4.0381 seconds=15.4
Epoch 4926/5000: score=10.648110 loss=-0.222114 valid=1.0000 routes=8.680 grad=4.2349 seconds=15.5
Epoch 4927/5000: score=10.147305 loss=-0.204676 valid=1.0000 routes=8.531 grad=3.9217 seconds=15.4
Epoch 4928/5000: score=10.603080 loss=-0.215267 valid=1.0000 routes=8.755 grad=4.2727 seconds=15.4
Epoch 4929/5000: score=10.475442 loss=-0.207212 valid=1.0000 routes=8.340 grad=4.0668 seconds=15.4
Epoch 4930/5000: score=10.689665 loss=-0.213346 valid=1.0000 routes=8.288 grad=4.1494 seconds=15.5
Epoch 4931/5000: score=10.830841 loss=-0.224793 valid=1.0000 routes=8.737 grad=4.3703 seconds=15.5
Epoch 4932/5000: score=10.428859 loss=-0.208667 valid=1.0000 routes=8.473 grad=3.8935 seconds=15.4
Epoch 4933/5000: score=10.416605 loss=-0.205347 valid=1.0000 routes=8.313 grad=3.8699 seconds=15.3
Epoch 4934/5000: score=10.513139 loss=-0.219935 valid=1.0000 routes=8.758 grad=4.0751 seconds=15.4
Epoch 4935/5000: score=10.583404 loss=-0.212362 valid=1.0000 routes=8.546 grad=4.1212 seconds=15.5
Epoch 4936/5000: score=10.593178 loss=-0.216763 valid=1.0000 routes=8.765 grad=4.2932 seconds=15.5
Epoch 4937/5000: score=10.260971 loss=-0.211621 valid=1.0000 routes=8.764 grad=3.9315 seconds=15.4
Epoch 4938/5000: score=10.226515 loss=-0.206554 valid=1.0000 routes=8.732 grad=3.9190 seconds=15.4
Epoch 4939/5000: score=10.328525 loss=-0.217219 valid=1.0000 routes=8.471 grad=3.9686 seconds=15.5
Epoch 4940/5000: score=10.228209 loss=-0.204910 valid=1.0000 routes=8.290 grad=3.9079 seconds=15.9
Epoch 4941/5000: score=10.657909 loss=-0.213574 valid=1.0000 routes=8.404 grad=4.0299 seconds=16.9
Epoch 4942/5000: score=10.962519 loss=-0.221002 valid=1.0000 routes=8.399 grad=4.3979 seconds=16.1
Epoch 4943/5000: score=10.491604 loss=-0.218696 valid=1.0000 routes=8.719 grad=4.1010 seconds=17.2
Epoch 4944/5000: score=10.313716 loss=-0.211277 valid=1.0000 routes=8.599 grad=4.0316 seconds=16.0
Epoch 4945/5000: score=10.532401 loss=-0.217342 valid=1.0000 routes=8.756 grad=4.3417 seconds=15.6
Epoch 4946/5000: score=10.596569 loss=-0.211273 valid=1.0000 routes=8.859 grad=4.1479 seconds=15.4
Epoch 4947/5000: score=10.430342 loss=-0.213355 valid=1.0000 routes=8.968 grad=4.0673 seconds=15.5
Epoch 4948/5000: score=10.877490 loss=-0.221294 valid=1.0000 routes=8.842 grad=4.1732 seconds=15.4
Epoch 4949/5000: score=10.261099 loss=-0.213120 valid=1.0000 routes=8.661 grad=3.8851 seconds=15.3
Epoch 4950/5000: score=10.401903 loss=-0.215677 valid=1.0000 routes=9.172 grad=4.1795 seconds=15.4
Epoch 4951/5000: score=10.520016 loss=-0.217472 valid=1.0000 routes=8.767 grad=4.0986 seconds=15.3
Epoch 4952/5000: score=10.453934 loss=-0.207095 valid=1.0000 routes=8.810 grad=3.9874 seconds=15.2
Epoch 4953/5000: score=10.968079 loss=-0.222136 valid=1.0000 routes=9.054 grad=4.3055 seconds=15.4
Epoch 4954/5000: score=10.526085 loss=-0.222286 valid=1.0000 routes=8.715 grad=4.1296 seconds=15.4
Epoch 4955/5000: score=10.381779 loss=-0.205425 valid=1.0000 routes=8.579 grad=3.9942 seconds=15.3
Epoch 4956/5000: score=10.435055 loss=-0.215277 valid=1.0000 routes=8.623 grad=4.0751 seconds=15.4
Epoch 4957/5000: score=10.168379 loss=-0.207427 valid=1.0000 routes=8.719 grad=3.8747 seconds=15.4
Epoch 4958/5000: score=10.241528 loss=-0.213445 valid=1.0000 routes=8.513 grad=4.0954 seconds=15.5
Epoch 4959/5000: score=10.788514 loss=-0.225282 valid=1.0000 routes=8.849 grad=4.3228 seconds=15.2
Epoch 4960/5000: score=10.842599 loss=-0.214701 valid=1.0000 routes=8.911 grad=4.3522 seconds=15.2
Epoch 4961/5000: score=10.647673 loss=-0.222017 valid=1.0000 routes=8.753 grad=4.3876 seconds=15.3
Epoch 4962/5000: score=10.567041 loss=-0.211983 valid=1.0000 routes=8.184 grad=4.0805 seconds=15.2
Epoch 4963/5000: score=10.484143 loss=-0.212698 valid=1.0000 routes=8.797 grad=4.3349 seconds=15.5
Epoch 4964/5000: score=10.489110 loss=-0.220590 valid=1.0000 routes=8.604 grad=4.2845 seconds=15.6
Epoch 4965/5000: score=10.203272 loss=-0.203878 valid=1.0000 routes=8.399 grad=3.9188 seconds=15.3
Epoch 4966/5000: score=10.263276 loss=-0.210035 valid=1.0000 routes=8.333 grad=4.0485 seconds=15.3
Epoch 4967/5000: score=10.394589 loss=-0.218446 valid=1.0000 routes=8.361 grad=4.0798 seconds=15.4
Epoch 4968/5000: score=9.915705 loss=-0.205021 valid=1.0000 routes=8.745 grad=3.7480 seconds=15.3
Epoch 4969/5000: score=10.334475 loss=-0.211302 valid=1.0000 routes=8.494 grad=3.8329 seconds=15.4
Epoch 4970/5000: score=10.588115 loss=-0.220704 valid=1.0000 routes=8.603 grad=4.1469 seconds=15.5
Epoch 4971/5000: score=10.408751 loss=-0.210027 valid=1.0000 routes=8.964 grad=4.0163 seconds=15.5
Epoch 4972/5000: score=10.267991 loss=-0.220424 valid=1.0000 routes=8.827 grad=3.9757 seconds=15.5
Epoch 4973/5000: score=10.208635 loss=-0.213978 valid=1.0000 routes=8.844 grad=4.0818 seconds=15.4
Epoch 4974/5000: score=10.232419 loss=-0.211744 valid=1.0000 routes=8.189 grad=3.9509 seconds=15.5
Epoch 4975/5000: score=10.076008 loss=-0.204897 valid=1.0000 routes=8.264 grad=3.7883 seconds=15.5
Epoch 4976/5000: score=10.874945 loss=-0.225264 valid=1.0000 routes=8.845 grad=4.3206 seconds=15.3
Epoch 4977/5000: score=10.733296 loss=-0.215623 valid=1.0000 routes=8.928 grad=4.1137 seconds=15.2
Epoch 4978/5000: score=10.297841 loss=-0.210711 valid=1.0000 routes=8.677 grad=3.8678 seconds=15.2
Epoch 4979/5000: score=10.365474 loss=-0.212153 valid=1.0000 routes=8.666 grad=3.9428 seconds=15.3
Epoch 4980/5000: score=10.071380 loss=-0.203836 valid=1.0000 routes=8.539 grad=3.9181 seconds=15.4
Epoch 4981/5000: score=10.850738 loss=-0.212170 valid=1.0000 routes=8.923 grad=4.2998 seconds=15.4
Epoch 4982/5000: score=10.851793 loss=-0.219703 valid=1.0000 routes=9.112 grad=4.3016 seconds=15.2
Epoch 4983/5000: score=10.545020 loss=-0.219837 valid=1.0000 routes=8.613 grad=4.1331 seconds=15.3
Epoch 4984/5000: score=10.542344 loss=-0.213717 valid=1.0000 routes=8.431 grad=3.9171 seconds=15.2
Epoch 4985/5000: score=10.187374 loss=-0.206371 valid=1.0000 routes=8.529 grad=3.9106 seconds=15.3
Epoch 4986/5000: score=10.390521 loss=-0.214929 valid=1.0000 routes=8.267 grad=4.0590 seconds=15.5
Epoch 4987/5000: score=10.674606 loss=-0.214702 valid=1.0000 routes=8.510 grad=4.0571 seconds=15.3
Epoch 4988/5000: score=10.012806 loss=-0.202139 valid=1.0000 routes=8.171 grad=3.6686 seconds=15.3
Epoch 4989/5000: score=10.466801 loss=-0.216622 valid=1.0000 routes=8.669 grad=4.1073 seconds=15.6
Epoch 4990/5000: score=10.083605 loss=-0.206671 valid=1.0000 routes=8.200 grad=3.9198 seconds=15.5
>> Invalid instances, Re-generating ...
Epoch 4991/5000: score=10.142175 loss=-0.206524 valid=1.0000 routes=8.714 grad=3.8188 seconds=15.2
Epoch 4992/5000: score=10.534094 loss=-0.215987 valid=1.0000 routes=8.773 grad=4.1462 seconds=15.3
Epoch 4993/5000: score=10.361281 loss=-0.216990 valid=1.0000 routes=8.621 grad=4.0989 seconds=15.4
Epoch 4994/5000: score=10.398394 loss=-0.210098 valid=1.0000 routes=8.635 grad=3.9664 seconds=15.3
Epoch 4995/5000: score=10.442466 loss=-0.214406 valid=1.0000 routes=8.844 grad=4.0669 seconds=15.3
Epoch 4996/5000: score=10.583600 loss=-0.217409 valid=1.0000 routes=8.501 grad=4.1041 seconds=15.2
Epoch 4997/5000: score=10.494384 loss=-0.206862 valid=1.0000 routes=8.697 grad=4.0372 seconds=15.1
Epoch 4998/5000: score=10.504613 loss=-0.209182 valid=1.0000 routes=8.573 grad=4.1080 seconds=15.1
Epoch 4999/5000: score=10.448607 loss=-0.207663 valid=1.0000 routes=8.709 grad=4.0379 seconds=15.1
Epoch 5000/5000: score=10.574211 loss=-0.217181 valid=1.0000 routes=8.590 grad=4.1542 seconds=15.4
